[ T-Track ]
    title = Neutron flux map, xz section
     mesh =  xyz            # mesh type is xyz scoring mesh
   x-type =    2            # x-mesh is linear given by xmin, xmax and nx
     xmin =  -700.0000      # minimum value of x-mesh points
     xmax =   700.0000      # maximum value of x-mesh points
#    xdel =   40.00000      # mesh width of x-mesh points
       nx =     35          # number of x-mesh points
#    data = ( x(i), i = 1, nx + 1 )
#          -7.00000E+02 -6.60000E+02 -6.20000E+02 -5.80000E+02 -5.40000E+02
#          -5.00000E+02 -4.60000E+02 -4.20000E+02 -3.80000E+02 -3.40000E+02
#          -3.00000E+02 -2.60000E+02 -2.20000E+02 -1.80000E+02 -1.40000E+02
#          -1.00000E+02 -6.00000E+01 -2.00000E+01  2.00000E+01  6.00000E+01
#           1.00000E+02  1.40000E+02  1.80000E+02  2.20000E+02  2.60000E+02
#           3.00000E+02  3.40000E+02  3.80000E+02  4.20000E+02  4.60000E+02
#           5.00000E+02  5.40000E+02  5.80000E+02  6.20000E+02  6.60000E+02
#           7.00000E+02
   y-type =    2            # y-mesh is linear given by ymin, ymax and ny
     ymin =  -1000.000      # minimum value of y-mesh points
     ymax =   1000.000      # maximum value of y-mesh points
#    ydel =   2000.000      # mesh width of y-mesh points
       ny =      1          # number of y-mesh points
#    data = ( y(i), i = 1, ny + 1 )
#          -1.00000E+03  1.00000E+03
   z-type =    2            # z-mesh is linear given by zmin, zmax and nz
     zmin =  -705.0000      # minimum value of z-mesh points
     zmax =   200.0000      # maximum value of z-mesh points
#    zdel =   39.34783      # mesh width of z-mesh points
       nz =     23          # number of z-mesh points
#    data = ( z(i), i = 1, nz + 1 )
#          -7.05000E+02 -6.65652E+02 -6.26304E+02 -5.86957E+02 -5.47609E+02
#          -5.08261E+02 -4.68913E+02 -4.29565E+02 -3.90217E+02 -3.50870E+02
#          -3.11522E+02 -2.72174E+02 -2.32826E+02 -1.93478E+02 -1.54130E+02
#          -1.14783E+02 -7.54348E+01 -3.60870E+01  3.26087E+00  4.26087E+01
#           8.19565E+01  1.21304E+02  1.60652E+02  2.00000E+02
   e-type =    1            # e-mesh is given by the below data
       ne =      4          # number of e-mesh points
#    data = ( e(i), i = 1, ne + 1 )
            1.00000E-10  5.00000E-07  1.00000E-01  2.00000E+01  1.00000E+05
     unit =    1            # unit is [1/cm^2/source]
 material =  all            # (D=all) number of specific material
  2D-type =    4            # 1:Cont, 2:Clust, 3:Color, 4:xyz, 5:mat, 6:Clust+Cont, 7:Col+Cont
     axis =      xz            # axis of output
     file = map_xz.out      # file name of output for the above axis
     part =  neutron    muon-    
# kf/name :  2112       13       
#    used :        main (  %)        temp (  %)       total (  %)
#  memory :          71 (  0)           0 (  0)          71 (  0)

#------------------------------------------------------------------------------
#newpage:
#   no. =  1   ie  =  1   iy  =  1   part. = neutron 
#   e = (   1.0000E-10  -   5.0000E-07  )
#   y = (  -1.0000E+03  -   1.0000E+03  )
#  nx =  35   nz =  23

# x          z          flux       r.err
 -6.800E+02 -6.853E+02  1.086E-05  1.0000
 -6.400E+02 -6.853E+02  0.000E+00  0.0000
 -6.000E+02 -6.853E+02  4.716E-04  1.0000
 -5.600E+02 -6.853E+02  3.829E-05  1.0000
 -5.200E+02 -6.853E+02  0.000E+00  0.0000
 -4.800E+02 -6.853E+02  0.000E+00  0.0000
 -4.400E+02 -6.853E+02  0.000E+00  0.0000
 -4.000E+02 -6.853E+02  0.000E+00  0.0000
 -3.600E+02 -6.853E+02  1.261E-04  1.0000
 -3.200E+02 -6.853E+02  0.000E+00  0.0000
 -2.800E+02 -6.853E+02  0.000E+00  0.0000
 -2.400E+02 -6.853E+02  1.136E-06  0.9134
 -2.000E+02 -6.853E+02  1.035E-03  0.7126
 -1.600E+02 -6.853E+02  1.040E-03  0.9816
 -1.200E+02 -6.853E+02  2.929E-04  1.0000
 -8.000E+01 -6.853E+02  0.000E+00  0.0000
 -4.000E+01 -6.853E+02  0.000E+00  0.0000
  0.000E+00 -6.853E+02  0.000E+00  0.0000
  4.000E+01 -6.853E+02  0.000E+00  0.0000
  8.000E+01 -6.853E+02  2.024E-04  1.0000
  1.200E+02 -6.853E+02  2.586E-04  0.7529
  1.600E+02 -6.853E+02  1.999E-04  1.0000
  2.000E+02 -6.853E+02  1.303E-04  1.0000
  2.400E+02 -6.853E+02  0.000E+00  0.0000
  2.800E+02 -6.853E+02  0.000E+00  0.0000
  3.200E+02 -6.853E+02  0.000E+00  0.0000
  3.600E+02 -6.853E+02  0.000E+00  0.0000
  4.000E+02 -6.853E+02  5.110E-04  0.7277
  4.400E+02 -6.853E+02  2.311E-05  1.0000
  4.800E+02 -6.853E+02  0.000E+00  0.0000
  5.200E+02 -6.853E+02  9.583E-05  1.0000
  5.600E+02 -6.853E+02  1.546E-05  1.0000
  6.000E+02 -6.853E+02  9.696E-05  1.0000
  6.400E+02 -6.853E+02  0.000E+00  0.0000
  6.800E+02 -6.853E+02  1.343E-04  1.0000
 -6.800E+02 -6.460E+02  8.363E-05  1.0000
 -6.400E+02 -6.460E+02  0.000E+00  0.0000
 -6.000E+02 -6.460E+02  8.747E-06  1.0000
 -5.600E+02 -6.460E+02  0.000E+00  0.0000
 -5.200E+02 -6.460E+02  0.000E+00  0.0000
 -4.800E+02 -6.460E+02  4.828E-06  1.0000
 -4.400E+02 -6.460E+02  2.183E-04  1.0000
 -4.000E+02 -6.460E+02  0.000E+00  0.0000
 -3.600E+02 -6.460E+02  3.232E-04  1.0000
 -3.200E+02 -6.460E+02  6.996E-05  1.0000
 -2.800E+02 -6.460E+02  0.000E+00  0.0000
 -2.400E+02 -6.460E+02  1.490E-04  0.8226
 -2.000E+02 -6.460E+02  1.074E-03  0.7155
 -1.600E+02 -6.460E+02  6.211E-04  0.7059
 -1.200E+02 -6.460E+02  1.938E-04  0.7169
 -8.000E+01 -6.460E+02  0.000E+00  0.0000
 -4.000E+01 -6.460E+02  0.000E+00  0.0000
  0.000E+00 -6.460E+02  0.000E+00  0.0000
  4.000E+01 -6.460E+02  0.000E+00  0.0000
  8.000E+01 -6.460E+02  0.000E+00  0.0000
  1.200E+02 -6.460E+02  0.000E+00  0.0000
  1.600E+02 -6.460E+02  4.332E-04  0.9429
  2.000E+02 -6.460E+02  6.904E-06  1.0000
  2.400E+02 -6.460E+02  0.000E+00  0.0000
  2.800E+02 -6.460E+02  0.000E+00  0.0000
  3.200E+02 -6.460E+02  0.000E+00  0.0000
  3.600E+02 -6.460E+02  0.000E+00  0.0000
  4.000E+02 -6.460E+02  2.137E-04  1.0000
  4.400E+02 -6.460E+02  0.000E+00  0.0000
  4.800E+02 -6.460E+02  0.000E+00  0.0000
  5.200E+02 -6.460E+02  1.077E-04  1.0000
  5.600E+02 -6.460E+02  3.186E-04  1.0000
  6.000E+02 -6.460E+02  1.523E-04  1.0000
  6.400E+02 -6.460E+02  0.000E+00  0.0000
  6.800E+02 -6.460E+02  8.777E-05  1.0000
 -6.800E+02 -6.066E+02  0.000E+00  0.0000
 -6.400E+02 -6.066E+02  0.000E+00  0.0000
 -6.000E+02 -6.066E+02  0.000E+00  0.0000
 -5.600E+02 -6.066E+02  0.000E+00  0.0000
 -5.200E+02 -6.066E+02  0.000E+00  0.0000
 -4.800E+02 -6.066E+02  2.614E-05  1.0000
 -4.400E+02 -6.066E+02  3.187E-04  0.7130
 -4.000E+02 -6.066E+02  4.531E-04  0.7074
 -3.600E+02 -6.066E+02  0.000E+00  0.0000
 -3.200E+02 -6.066E+02  4.301E-04  1.0000
 -2.800E+02 -6.066E+02  1.240E-05  1.0000
 -2.400E+02 -6.066E+02  2.603E-05  0.7750
 -2.000E+02 -6.066E+02  4.567E-04  0.7861
 -1.600E+02 -6.066E+02  3.234E-04  0.7893
 -1.200E+02 -6.066E+02  3.941E-04  0.7554
 -8.000E+01 -6.066E+02  0.000E+00  0.0000
 -4.000E+01 -6.066E+02  0.000E+00  0.0000
  0.000E+00 -6.066E+02  0.000E+00  0.0000
  4.000E+01 -6.066E+02  0.000E+00  0.0000
  8.000E+01 -6.066E+02  0.000E+00  0.0000
  1.200E+02 -6.066E+02  0.000E+00  0.0000
  1.600E+02 -6.066E+02  2.593E-04  1.0000
  2.000E+02 -6.066E+02  9.838E-06  1.0000
  2.400E+02 -6.066E+02  0.000E+00  0.0000
  2.800E+02 -6.066E+02  9.656E-07  1.0000
  3.200E+02 -6.066E+02  0.000E+00  0.0000
  3.600E+02 -6.066E+02  0.000E+00  0.0000
  4.000E+02 -6.066E+02  0.000E+00  0.0000
  4.400E+02 -6.066E+02  0.000E+00  0.0000
  4.800E+02 -6.066E+02  0.000E+00  0.0000
  5.200E+02 -6.066E+02  0.000E+00  0.0000
  5.600E+02 -6.066E+02  1.087E-04  1.0000
  6.000E+02 -6.066E+02  2.652E-05  1.0000
  6.400E+02 -6.066E+02  0.000E+00  0.0000
  6.800E+02 -6.066E+02  4.012E-05  0.7710
 -6.800E+02 -5.673E+02  0.000E+00  0.0000
 -6.400E+02 -5.673E+02  0.000E+00  0.0000
 -6.000E+02 -5.673E+02  1.975E-04  1.0000
 -5.600E+02 -5.673E+02  1.456E-05  1.0000
 -5.200E+02 -5.673E+02  0.000E+00  0.0000
 -4.800E+02 -5.673E+02  4.406E-04  1.0000
 -4.400E+02 -5.673E+02  0.000E+00  0.0000
 -4.000E+02 -5.673E+02  0.000E+00  0.0000
 -3.600E+02 -5.673E+02  0.000E+00  0.0000
 -3.200E+02 -5.673E+02  3.402E-04  0.8322
 -2.800E+02 -5.673E+02  2.477E-04  1.0000
 -2.400E+02 -5.673E+02  0.000E+00  0.0000
 -2.000E+02 -5.673E+02  3.879E-04  0.9214
 -1.600E+02 -5.673E+02  8.218E-04  0.7062
 -1.200E+02 -5.673E+02  3.372E-05  0.6279
 -8.000E+01 -5.673E+02  1.736E-05  1.0000
 -4.000E+01 -5.673E+02  1.775E-04  1.0000
  0.000E+00 -5.673E+02  0.000E+00  0.0000
  4.000E+01 -5.673E+02  0.000E+00  0.0000
  8.000E+01 -5.673E+02  2.337E-04  1.0000
  1.200E+02 -5.673E+02  4.587E-04  0.9644
  1.600E+02 -5.673E+02  1.309E-04  1.0000
  2.000E+02 -5.673E+02  2.488E-04  0.9130
  2.400E+02 -5.673E+02  6.778E-04  0.6946
  2.800E+02 -5.673E+02  7.595E-04  0.7079
  3.200E+02 -5.673E+02  1.599E-04  1.0000
  3.600E+02 -5.673E+02  2.546E-04  1.0000
  4.000E+02 -5.673E+02  2.066E-07  1.0000
  4.400E+02 -5.673E+02  0.000E+00  0.0000
  4.800E+02 -5.673E+02  0.000E+00  0.0000
  5.200E+02 -5.673E+02  0.000E+00  0.0000
  5.600E+02 -5.673E+02  0.000E+00  0.0000
  6.000E+02 -5.673E+02  0.000E+00  0.0000
  6.400E+02 -5.673E+02  1.405E-04  1.0000
  6.800E+02 -5.673E+02  3.529E-04  0.9396
 -6.800E+02 -5.279E+02  4.257E-05  1.0000
 -6.400E+02 -5.279E+02  0.000E+00  0.0000
 -6.000E+02 -5.279E+02  3.908E-04  0.7350
 -5.600E+02 -5.279E+02  9.579E-04  0.6166
 -5.200E+02 -5.279E+02  4.840E-04  0.7409
 -4.800E+02 -5.279E+02  2.553E-05  1.0000
 -4.400E+02 -5.279E+02  0.000E+00  0.0000
 -4.000E+02 -5.279E+02  0.000E+00  0.0000
 -3.600E+02 -5.279E+02  0.000E+00  0.0000
 -3.200E+02 -5.279E+02  1.271E-04  1.0000
 -2.800E+02 -5.279E+02  0.000E+00  0.0000
 -2.400E+02 -5.279E+02  0.000E+00  0.0000
 -2.000E+02 -5.279E+02  1.983E-06  1.0000
 -1.600E+02 -5.279E+02  1.055E-03  0.8585
 -1.200E+02 -5.279E+02  5.370E-05  1.0000
 -8.000E+01 -5.279E+02  0.000E+00  0.0000
 -4.000E+01 -5.279E+02  3.514E-04  1.0000
  0.000E+00 -5.279E+02  7.039E-06  1.0000
  4.000E+01 -5.279E+02  2.362E-04  1.0000
  8.000E+01 -5.279E+02  0.000E+00  0.0000
  1.200E+02 -5.279E+02  1.482E-05  1.0000
  1.600E+02 -5.279E+02  0.000E+00  0.0000
  2.000E+02 -5.279E+02  1.719E-04  0.7088
  2.400E+02 -5.279E+02  1.752E-04  0.6150
  2.800E+02 -5.279E+02  0.000E+00  0.0000
  3.200E+02 -5.279E+02  0.000E+00  0.0000
  3.600E+02 -5.279E+02  0.000E+00  0.0000
  4.000E+02 -5.279E+02  0.000E+00  0.0000
  4.400E+02 -5.279E+02  9.781E-05  1.0000
  4.800E+02 -5.279E+02  7.675E-04  1.0000
  5.200E+02 -5.279E+02  4.683E-05  1.0000
  5.600E+02 -5.279E+02  0.000E+00  0.0000
  6.000E+02 -5.279E+02  0.000E+00  0.0000
  6.400E+02 -5.279E+02  7.501E-05  1.0000
  6.800E+02 -5.279E+02  5.157E-04  1.0000
 -6.800E+02 -4.886E+02  2.464E-04  1.0000
 -6.400E+02 -4.886E+02  0.000E+00  0.0000
 -6.000E+02 -4.886E+02  2.335E-04  0.7734
 -5.600E+02 -4.886E+02  7.002E-04  0.6853
 -5.200E+02 -4.886E+02  5.001E-04  0.7362
 -4.800E+02 -4.886E+02  4.999E-05  1.0000
 -4.400E+02 -4.886E+02  0.000E+00  0.0000
 -4.000E+02 -4.886E+02  1.182E-04  0.7177
 -3.600E+02 -4.886E+02  4.233E-04  1.0000
 -3.200E+02 -4.886E+02  3.091E-04  0.9393
 -2.800E+02 -4.886E+02  4.711E-04  0.7530
 -2.400E+02 -4.886E+02  7.773E-05  1.0000
 -2.000E+02 -4.886E+02  0.000E+00  0.0000
 -1.600E+02 -4.886E+02  0.000E+00  0.0000
 -1.200E+02 -4.886E+02  1.074E-04  1.0000
 -8.000E+01 -4.886E+02  3.001E-04  0.8934
 -4.000E+01 -4.886E+02  0.000E+00  0.0000
  0.000E+00 -4.886E+02  0.000E+00  0.0000
  4.000E+01 -4.886E+02  7.844E-05  1.0000
  8.000E+01 -4.886E+02  5.355E-04  1.0000
  1.200E+02 -4.886E+02  1.399E-04  1.0000
  1.600E+02 -4.886E+02  0.000E+00  0.0000
  2.000E+02 -4.886E+02  3.228E-04  1.0000
  2.400E+02 -4.886E+02  8.240E-05  1.0000
  2.800E+02 -4.886E+02  0.000E+00  0.0000
  3.200E+02 -4.886E+02  0.000E+00  0.0000
  3.600E+02 -4.886E+02  0.000E+00  0.0000
  4.000E+02 -4.886E+02  0.000E+00  0.0000
  4.400E+02 -4.886E+02  4.991E-06  1.0000
  4.800E+02 -4.886E+02  0.000E+00  0.0000
  5.200E+02 -4.886E+02  4.344E-04  1.0000
  5.600E+02 -4.886E+02  0.000E+00  0.0000
  6.000E+02 -4.886E+02  3.392E-05  1.0000
  6.400E+02 -4.886E+02  3.475E-04  1.0000
  6.800E+02 -4.886E+02  5.474E-05  1.0000
 -6.800E+02 -4.492E+02  2.951E-04  0.9857
 -6.400E+02 -4.492E+02  2.502E-04  1.0000
 -6.000E+02 -4.492E+02  0.000E+00  0.0000
 -5.600E+02 -4.492E+02  1.671E-05  1.0000
 -5.200E+02 -4.492E+02  0.000E+00  0.0000
 -4.800E+02 -4.492E+02  4.017E-04  1.0000
 -4.400E+02 -4.492E+02  1.825E-04  1.0000
 -4.000E+02 -4.492E+02  7.798E-04  1.0000
 -3.600E+02 -4.492E+02  0.000E+00  0.0000
 -3.200E+02 -4.492E+02  1.122E-04  1.0000
 -2.800E+02 -4.492E+02  0.000E+00  0.0000
 -2.400E+02 -4.492E+02  1.171E-05  1.0000
 -2.000E+02 -4.492E+02  0.000E+00  0.0000
 -1.600E+02 -4.492E+02  0.000E+00  0.0000
 -1.200E+02 -4.492E+02  9.068E-05  1.0000
 -8.000E+01 -4.492E+02  2.049E-04  0.8893
 -4.000E+01 -4.492E+02  4.070E-06  1.0000
  0.000E+00 -4.492E+02  0.000E+00  0.0000
  4.000E+01 -4.492E+02  2.652E-04  1.0000
  8.000E+01 -4.492E+02  6.083E-04  0.6659
  1.200E+02 -4.492E+02  4.795E-04  1.0000
  1.600E+02 -4.492E+02  0.000E+00  0.0000
  2.000E+02 -4.492E+02  1.564E-04  0.7950
  2.400E+02 -4.492E+02  3.866E-04  0.7748
  2.800E+02 -4.492E+02  0.000E+00  0.0000
  3.200E+02 -4.492E+02  0.000E+00  0.0000
  3.600E+02 -4.492E+02  0.000E+00  0.0000
  4.000E+02 -4.492E+02  4.600E-04  1.0000
  4.400E+02 -4.492E+02  4.793E-04  0.7154
  4.800E+02 -4.492E+02  5.767E-04  0.9317
  5.200E+02 -4.492E+02  0.000E+00  0.0000
  5.600E+02 -4.492E+02  0.000E+00  0.0000
  6.000E+02 -4.492E+02  3.111E-04  0.9564
  6.400E+02 -4.492E+02  7.803E-05  1.0000
  6.800E+02 -4.492E+02  5.581E-04  0.7158
 -6.800E+02 -4.099E+02  1.377E-04  0.9984
 -6.400E+02 -4.099E+02  2.532E-04  0.9182
 -6.000E+02 -4.099E+02  4.535E-04  1.0000
 -5.600E+02 -4.099E+02  2.028E-04  1.0000
 -5.200E+02 -4.099E+02  0.000E+00  0.0000
 -4.800E+02 -4.099E+02  1.861E-04  0.8477
 -4.400E+02 -4.099E+02  4.844E-06  1.0000
 -4.000E+02 -4.099E+02  0.000E+00  0.0000
 -3.600E+02 -4.099E+02  5.230E-06  1.0000
 -3.200E+02 -4.099E+02  4.547E-04  1.0000
 -2.800E+02 -4.099E+02  2.002E-04  1.0000
 -2.400E+02 -4.099E+02  0.000E+00  0.0000
 -2.000E+02 -4.099E+02  1.991E-04  1.0000
 -1.600E+02 -4.099E+02  1.314E-04  0.9604
 -1.200E+02 -4.099E+02  2.877E-04  0.7102
 -8.000E+01 -4.099E+02  4.407E-04  0.5557
 -4.000E+01 -4.099E+02  3.551E-04  0.8035
  0.000E+00 -4.099E+02  1.509E-04  0.9288
  4.000E+01 -4.099E+02  1.166E-04  0.9987
  8.000E+01 -4.099E+02  6.530E-04  0.7447
  1.200E+02 -4.099E+02  2.501E-04  0.8773
  1.600E+02 -4.099E+02  0.000E+00  0.0000
  2.000E+02 -4.099E+02  2.117E-04  0.8750
  2.400E+02 -4.099E+02  7.933E-04  0.5872
  2.800E+02 -4.099E+02  1.868E-04  0.6131
  3.200E+02 -4.099E+02  7.001E-04  0.8261
  3.600E+02 -4.099E+02  4.327E-04  0.9695
  4.000E+02 -4.099E+02  8.052E-05  1.0000
  4.400E+02 -4.099E+02  4.155E-04  0.9712
  4.800E+02 -4.099E+02  3.985E-06  1.0000
  5.200E+02 -4.099E+02  0.000E+00  0.0000
  5.600E+02 -4.099E+02  0.000E+00  0.0000
  6.000E+02 -4.099E+02  0.000E+00  0.0000
  6.400E+02 -4.099E+02  7.370E-04  0.6521
  6.800E+02 -4.099E+02  3.451E-04  0.8423
 -6.800E+02 -3.705E+02  8.750E-05  0.9589
 -6.400E+02 -3.705E+02  5.605E-04  0.9609
 -6.000E+02 -3.705E+02  0.000E+00  0.0000
 -5.600E+02 -3.705E+02  7.407E-05  1.0000
 -5.200E+02 -3.705E+02  5.316E-05  0.7323
 -4.800E+02 -3.705E+02  6.695E-04  0.8530
 -4.400E+02 -3.705E+02  3.778E-04  0.8367
 -4.000E+02 -3.705E+02  0.000E+00  0.0000
 -3.600E+02 -3.705E+02  0.000E+00  0.0000
 -3.200E+02 -3.705E+02  3.859E-06  1.0000
 -2.800E+02 -3.705E+02  1.229E-04  0.9935
 -2.400E+02 -3.705E+02  2.380E-04  1.0000
 -2.000E+02 -3.705E+02  9.120E-05  1.0000
 -1.600E+02 -3.705E+02  4.436E-05  0.9104
 -1.200E+02 -3.705E+02  0.000E+00  0.0000
 -8.000E+01 -3.705E+02  1.804E-04  0.7067
 -4.000E+01 -3.705E+02  5.508E-04  0.5466
  0.000E+00 -3.705E+02  3.616E-04  0.6709
  4.000E+01 -3.705E+02  2.488E-04  0.6639
  8.000E+01 -3.705E+02  1.070E-04  0.6089
  1.200E+02 -3.705E+02  4.361E-04  0.9022
  1.600E+02 -3.705E+02  0.000E+00  0.0000
  2.000E+02 -3.705E+02  0.000E+00  0.0000
  2.400E+02 -3.705E+02  0.000E+00  0.0000
  2.800E+02 -3.705E+02  3.252E-04  0.9823
  3.200E+02 -3.705E+02  6.859E-05  1.0000
  3.600E+02 -3.705E+02  3.639E-05  0.8600
  4.000E+02 -3.705E+02  3.913E-04  1.0000
  4.400E+02 -3.705E+02  3.478E-04  0.8129
  4.800E+02 -3.705E+02  4.653E-04  1.0000
  5.200E+02 -3.705E+02  0.000E+00  0.0000
  5.600E+02 -3.705E+02  2.843E-05  1.0000
  6.000E+02 -3.705E+02  0.000E+00  0.0000
  6.400E+02 -3.705E+02  7.281E-04  0.5059
  6.800E+02 -3.705E+02  3.405E-04  0.8212
 -6.800E+02 -3.312E+02  2.910E-04  0.8265
 -6.400E+02 -3.312E+02  5.441E-05  0.9439
 -6.000E+02 -3.312E+02  1.260E-04  0.8052
 -5.600E+02 -3.312E+02  3.225E-04  0.7073
 -5.200E+02 -3.312E+02  2.315E-04  0.7331
 -4.800E+02 -3.312E+02  8.159E-04  0.9653
 -4.400E+02 -3.312E+02  6.809E-05  1.0000
 -4.000E+02 -3.312E+02  0.000E+00  0.0000
 -3.600E+02 -3.312E+02  4.956E-04  0.7176
 -3.200E+02 -3.312E+02  0.000E+00  0.0000
 -2.800E+02 -3.312E+02  3.782E-04  0.9377
 -2.400E+02 -3.312E+02  1.323E-04  0.7294
 -2.000E+02 -3.312E+02  0.000E+00  0.0000
 -1.600E+02 -3.312E+02  6.846E-05  1.0000
 -1.200E+02 -3.312E+02  3.099E-04  0.7678
 -8.000E+01 -3.312E+02  2.528E-04  0.6582
 -4.000E+01 -3.312E+02  6.251E-04  0.5397
  0.000E+00 -3.312E+02  1.952E-04  0.7919
  4.000E+01 -3.312E+02  2.210E-04  0.5338
  8.000E+01 -3.312E+02  1.728E-05  0.7145
  1.200E+02 -3.312E+02  5.433E-04  0.8290
  1.600E+02 -3.312E+02  5.444E-05  1.0000
  2.000E+02 -3.312E+02  2.476E-04  1.0000
  2.400E+02 -3.312E+02  0.000E+00  0.0000
  2.800E+02 -3.312E+02  0.000E+00  0.0000
  3.200E+02 -3.312E+02  0.000E+00  0.0000
  3.600E+02 -3.312E+02  0.000E+00  0.0000
  4.000E+02 -3.312E+02  2.704E-04  0.9193
  4.400E+02 -3.312E+02  0.000E+00  0.0000
  4.800E+02 -3.312E+02  4.650E-05  0.9389
  5.200E+02 -3.312E+02  7.658E-04  0.9051
  5.600E+02 -3.312E+02  1.098E-03  0.5493
  6.000E+02 -3.312E+02  5.950E-04  0.7155
  6.400E+02 -3.312E+02  1.124E-04  0.8602
  6.800E+02 -3.312E+02  3.867E-05  0.8172
 -6.800E+02 -2.918E+02  6.654E-04  0.5803
 -6.400E+02 -2.918E+02  2.829E-04  1.0000
 -6.000E+02 -2.918E+02  9.225E-05  0.7716
 -5.600E+02 -2.918E+02  8.457E-05  0.7864
 -5.200E+02 -2.918E+02  4.629E-04  0.7564
 -4.800E+02 -2.918E+02  9.183E-06  1.0000
 -4.400E+02 -2.918E+02  0.000E+00  0.0000
 -4.000E+02 -2.918E+02  3.037E-04  0.7228
 -3.600E+02 -2.918E+02  7.049E-04  0.8185
 -3.200E+02 -2.918E+02  2.777E-07  1.0000
 -2.800E+02 -2.918E+02  1.849E-04  0.9807
 -2.400E+02 -2.918E+02  3.154E-04  0.8818
 -2.000E+02 -2.918E+02  0.000E+00  0.0000
 -1.600E+02 -2.918E+02  4.878E-04  0.7234
 -1.200E+02 -2.918E+02  3.032E-04  0.6010
 -8.000E+01 -2.918E+02  3.631E-04  0.5634
 -4.000E+01 -2.918E+02  3.908E-04  0.4931
  0.000E+00 -2.918E+02  3.349E-04  0.5765
  4.000E+01 -2.918E+02  6.048E-04  0.5897
  8.000E+01 -2.918E+02  1.999E-04  0.6095
  1.200E+02 -2.918E+02  4.779E-04  0.8006
  1.600E+02 -2.918E+02  1.696E-04  0.9177
  2.000E+02 -2.918E+02  6.635E-04  0.5954
  2.400E+02 -2.918E+02  0.000E+00  0.0000
  2.800E+02 -2.918E+02  0.000E+00  0.0000
  3.200E+02 -2.918E+02  0.000E+00  0.0000
  3.600E+02 -2.918E+02  0.000E+00  0.0000
  4.000E+02 -2.918E+02  2.702E-05  1.0000
  4.400E+02 -2.918E+02  7.565E-04  1.0000
  4.800E+02 -2.918E+02  2.595E-04  0.7856
  5.200E+02 -2.918E+02  5.002E-04  1.0000
  5.600E+02 -2.918E+02  1.257E-05  1.0000
  6.000E+02 -2.918E+02  0.000E+00  0.0000
  6.400E+02 -2.918E+02  5.180E-05  0.7072
  6.800E+02 -2.918E+02  2.163E-04  1.0000
 -6.800E+02 -2.525E+02  4.331E-04  0.7716
 -6.400E+02 -2.525E+02  0.000E+00  0.0000
 -6.000E+02 -2.525E+02  8.666E-04  0.5958
 -5.600E+02 -2.525E+02  7.714E-04  0.7072
 -5.200E+02 -2.525E+02  7.415E-04  0.6305
 -4.800E+02 -2.525E+02  5.880E-05  1.0000
 -4.400E+02 -2.525E+02  0.000E+00  0.0000
 -4.000E+02 -2.525E+02  0.000E+00  0.0000
 -3.600E+02 -2.525E+02  4.265E-04  0.6128
 -3.200E+02 -2.525E+02  3.627E-04  0.7046
 -2.800E+02 -2.525E+02  3.284E-05  1.0000
 -2.400E+02 -2.525E+02  2.228E-04  1.0000
 -2.000E+02 -2.525E+02  6.943E-05  1.0000
 -1.600E+02 -2.525E+02  5.403E-04  0.5738
 -1.200E+02 -2.525E+02  1.831E-04  0.8908
 -8.000E+01 -2.525E+02  1.448E-04  0.7661
 -4.000E+01 -2.525E+02  3.539E-04  0.5741
  0.000E+00 -2.525E+02  3.186E-04  0.5413
  4.000E+01 -2.525E+02  2.140E-04  0.5350
  8.000E+01 -2.525E+02  2.045E-04  0.6826
  1.200E+02 -2.525E+02  2.925E-04  0.7143
  1.600E+02 -2.525E+02  4.066E-04  0.8255
  2.000E+02 -2.525E+02  4.369E-04  0.7652
  2.400E+02 -2.525E+02  2.085E-04  0.9243
  2.800E+02 -2.525E+02  7.307E-04  0.7283
  3.200E+02 -2.525E+02  3.676E-06  1.0000
  3.600E+02 -2.525E+02  3.984E-04  1.0000
  4.000E+02 -2.525E+02  1.028E-04  0.7339
  4.400E+02 -2.525E+02  5.271E-04  0.7728
  4.800E+02 -2.525E+02  1.729E-04  0.9340
  5.200E+02 -2.525E+02  9.555E-05  1.0000
  5.600E+02 -2.525E+02  3.631E-05  1.0000
  6.000E+02 -2.525E+02  2.363E-05  1.0000
  6.400E+02 -2.525E+02  2.230E-04  0.9543
  6.800E+02 -2.525E+02  3.133E-05  1.0000
 -6.800E+02 -2.132E+02  3.741E-04  1.0000
 -6.400E+02 -2.132E+02  1.712E-04  1.0000
 -6.000E+02 -2.132E+02  9.263E-04  0.6677
 -5.600E+02 -2.132E+02  5.668E-04  0.7146
 -5.200E+02 -2.132E+02  1.513E-04  0.7918
 -4.800E+02 -2.132E+02  2.770E-04  0.7129
 -4.400E+02 -2.132E+02  9.139E-05  1.0000
 -4.000E+02 -2.132E+02  7.120E-05  1.0000
 -3.600E+02 -2.132E+02  4.482E-05  1.0000
 -3.200E+02 -2.132E+02  6.298E-04  1.0000
 -2.800E+02 -2.132E+02  0.000E+00  0.0000
 -2.400E+02 -2.132E+02  0.000E+00  0.0000
 -2.000E+02 -2.132E+02  8.417E-05  1.0000
 -1.600E+02 -2.132E+02  6.311E-04  0.5461
 -1.200E+02 -2.132E+02  2.287E-04  0.5486
 -8.000E+01 -2.132E+02  1.934E-04  0.5251
 -4.000E+01 -2.132E+02  1.741E-04  0.5862
  0.000E+00 -2.132E+02  1.038E-03  0.6505
  4.000E+01 -2.132E+02  2.820E-04  0.6568
  8.000E+01 -2.132E+02  1.656E-04  0.5694
  1.200E+02 -2.132E+02  3.932E-04  0.5521
  1.600E+02 -2.132E+02  5.975E-04  0.7838
  2.000E+02 -2.132E+02  1.135E-04  1.0000
  2.400E+02 -2.132E+02  3.495E-04  0.7217
  2.800E+02 -2.132E+02  6.114E-04  0.5745
  3.200E+02 -2.132E+02  2.111E-04  1.0000
  3.600E+02 -2.132E+02  1.460E-05  1.0000
  4.000E+02 -2.132E+02  3.562E-04  0.7366
  4.400E+02 -2.132E+02  3.902E-04  1.0000
  4.800E+02 -2.132E+02  4.235E-06  1.0000
  5.200E+02 -2.132E+02  1.894E-04  1.0000
  5.600E+02 -2.132E+02  1.966E-04  1.0000
  6.000E+02 -2.132E+02  3.811E-04  1.0000
  6.400E+02 -2.132E+02  6.911E-04  0.9239
  6.800E+02 -2.132E+02  4.518E-04  0.7074
 -6.800E+02 -1.738E+02  3.430E-04  0.9424
 -6.400E+02 -1.738E+02  3.265E-04  0.6710
 -6.000E+02 -1.738E+02  4.277E-04  0.9046
 -5.600E+02 -1.738E+02  1.512E-05  1.0000
 -5.200E+02 -1.738E+02  0.000E+00  0.0000
 -4.800E+02 -1.738E+02  3.056E-04  0.9428
 -4.400E+02 -1.738E+02  1.032E-04  1.0000
 -4.000E+02 -1.738E+02  1.422E-04  1.0000
 -3.600E+02 -1.738E+02  0.000E+00  0.0000
 -3.200E+02 -1.738E+02  0.000E+00  0.0000
 -2.800E+02 -1.738E+02  0.000E+00  0.0000
 -2.400E+02 -1.738E+02  8.423E-04  1.0000
 -2.000E+02 -1.738E+02  5.736E-04  0.8443
 -1.600E+02 -1.738E+02  4.085E-04  0.6933
 -1.200E+02 -1.738E+02  3.613E-04  0.5612
 -8.000E+01 -1.738E+02  6.881E-04  0.6574
 -4.000E+01 -1.738E+02  3.701E-04  0.5308
  0.000E+00 -1.738E+02  8.126E-04  0.6759
  4.000E+01 -1.738E+02  2.393E-04  0.7404
  8.000E+01 -1.738E+02  3.895E-04  0.8211
  1.200E+02 -1.738E+02  6.683E-04  0.5602
  1.600E+02 -1.738E+02  4.206E-04  0.5603
  2.000E+02 -1.738E+02  0.000E+00  0.0000
  2.400E+02 -1.738E+02  8.582E-05  0.9007
  2.800E+02 -1.738E+02  9.027E-04  0.6925
  3.200E+02 -1.738E+02  0.000E+00  0.0000
  3.600E+02 -1.738E+02  1.916E-04  0.8427
  4.000E+02 -1.738E+02  2.535E-04  1.0000
  4.400E+02 -1.738E+02  1.152E-04  1.0000
  4.800E+02 -1.738E+02  0.000E+00  0.0000
  5.200E+02 -1.738E+02  0.000E+00  0.0000
  5.600E+02 -1.738E+02  5.164E-04  0.7223
  6.000E+02 -1.738E+02  3.937E-04  0.7100
  6.400E+02 -1.738E+02  5.489E-05  0.7476
  6.800E+02 -1.738E+02  6.653E-05  0.7073
 -6.800E+02 -1.345E+02  1.040E-04  0.8558
 -6.400E+02 -1.345E+02  1.048E-03  0.5418
 -6.000E+02 -1.345E+02  1.122E-05  1.0000
 -5.600E+02 -1.345E+02  0.000E+00  0.0000
 -5.200E+02 -1.345E+02  0.000E+00  0.0000
 -4.800E+02 -1.345E+02  1.720E-04  1.0000
 -4.400E+02 -1.345E+02  5.140E-05  1.0000
 -4.000E+02 -1.345E+02  1.310E-04  0.9657
 -3.600E+02 -1.345E+02  0.000E+00  0.0000
 -3.200E+02 -1.345E+02  3.443E-04  1.0000
 -2.800E+02 -1.345E+02  5.187E-05  0.8238
 -2.400E+02 -1.345E+02  7.786E-04  1.0000
 -2.000E+02 -1.345E+02  4.505E-04  0.8061
 -1.600E+02 -1.345E+02  7.990E-04  0.6617
 -1.200E+02 -1.345E+02  4.023E-04  0.5871
 -8.000E+01 -1.345E+02  7.528E-04  0.6348
 -4.000E+01 -1.345E+02  2.215E-04  0.8153
  0.000E+00 -1.345E+02  7.749E-04  0.6237
  4.000E+01 -1.345E+02  3.370E-04  0.5870
  8.000E+01 -1.345E+02  4.600E-04  0.5032
  1.200E+02 -1.345E+02  4.848E-04  0.4991
  1.600E+02 -1.345E+02  7.385E-04  0.5225
  2.000E+02 -1.345E+02  1.880E-04  1.0000
  2.400E+02 -1.345E+02  0.000E+00  0.0000
  2.800E+02 -1.345E+02  1.341E-04  0.8112
  3.200E+02 -1.345E+02  2.345E-04  0.7074
  3.600E+02 -1.345E+02  5.096E-04  0.7032
  4.000E+02 -1.345E+02  1.524E-04  0.8353
  4.400E+02 -1.345E+02  8.222E-04  0.5625
  4.800E+02 -1.345E+02  3.505E-05  1.0000
  5.200E+02 -1.345E+02  4.886E-04  1.0000
  5.600E+02 -1.345E+02  5.318E-04  0.8113
  6.000E+02 -1.345E+02  0.000E+00  0.0000
  6.400E+02 -1.345E+02  0.000E+00  0.0000
  6.800E+02 -1.345E+02  0.000E+00  0.0000
 -6.800E+02 -9.511E+01  1.188E-03  0.7095
 -6.400E+02 -9.511E+01  6.400E-04  0.7642
 -6.000E+02 -9.511E+01  6.613E-05  1.0000
 -5.600E+02 -9.511E+01  0.000E+00  0.0000
 -5.200E+02 -9.511E+01  5.219E-05  1.0000
 -4.800E+02 -9.511E+01  4.090E-04  0.7196
 -4.400E+02 -9.511E+01  5.458E-04  0.6135
 -4.000E+02 -9.511E+01  8.659E-04  0.6172
 -3.600E+02 -9.511E+01  2.617E-04  1.0000
 -3.200E+02 -9.511E+01  1.022E-03  0.5862
 -2.800E+02 -9.511E+01  5.683E-04  0.7302
 -2.400E+02 -9.511E+01  6.974E-04  0.9574
 -2.000E+02 -9.511E+01  1.053E-04  1.0000
 -1.600E+02 -9.511E+01  1.657E-04  0.7511
 -1.200E+02 -9.511E+01  2.494E-04  0.6435
 -8.000E+01 -9.511E+01  8.497E-05  0.6878
 -4.000E+01 -9.511E+01  3.709E-04  0.7419
  0.000E+00 -9.511E+01  6.432E-04  0.6153
  4.000E+01 -9.511E+01  8.363E-05  0.7648
  8.000E+01 -9.511E+01  1.279E-04  0.6433
  1.200E+02 -9.511E+01  5.356E-04  0.7101
  1.600E+02 -9.511E+01  1.205E-04  0.9776
  2.000E+02 -9.511E+01  0.000E+00  0.0000
  2.400E+02 -9.511E+01  0.000E+00  0.0000
  2.800E+02 -9.511E+01  0.000E+00  0.0000
  3.200E+02 -9.511E+01  2.143E-04  0.9714
  3.600E+02 -9.511E+01  2.983E-04  0.7060
  4.000E+02 -9.511E+01  1.032E-03  0.6059
  4.400E+02 -9.511E+01  4.674E-05  0.8283
  4.800E+02 -9.511E+01  3.366E-04  0.6804
  5.200E+02 -9.511E+01  6.126E-04  0.8378
  5.600E+02 -9.511E+01  4.062E-05  1.0000
  6.000E+02 -9.511E+01  1.471E-04  0.9429
  6.400E+02 -9.511E+01  6.514E-05  0.7083
  6.800E+02 -9.511E+01  0.000E+00  0.0000
 -6.800E+02 -5.576E+01  0.000E+00  0.0000
 -6.400E+02 -5.576E+01  9.500E-06  1.0000
 -6.000E+02 -5.576E+01  2.590E-04  0.9686
 -5.600E+02 -5.576E+01  0.000E+00  0.0000
 -5.200E+02 -5.576E+01  4.274E-04  1.0000
 -4.800E+02 -5.576E+01  1.046E-04  1.0000
 -4.400E+02 -5.576E+01  6.495E-04  0.5367
 -4.000E+02 -5.576E+01  2.816E-04  0.9442
 -3.600E+02 -5.576E+01  3.757E-05  1.0000
 -3.200E+02 -5.576E+01  8.295E-04  0.8521
 -2.800E+02 -5.576E+01  1.099E-03  0.6851
 -2.400E+02 -5.576E+01  3.866E-04  1.0000
 -2.000E+02 -5.576E+01  0.000E+00  0.0000
 -1.600E+02 -5.576E+01  0.000E+00  0.0000
 -1.200E+02 -5.576E+01  2.724E-05  0.7490
 -8.000E+01 -5.576E+01  0.000E+00  0.0000
 -4.000E+01 -5.576E+01  0.000E+00  0.0000
  0.000E+00 -5.576E+01  5.532E-05  1.0000
  4.000E+01 -5.576E+01  1.080E-04  0.8742
  8.000E+01 -5.576E+01  2.503E-04  0.7498
  1.200E+02 -5.576E+01  1.309E-03  0.6243
  1.600E+02 -5.576E+01  4.244E-05  1.0000
  2.000E+02 -5.576E+01  1.689E-04  1.0000
  2.400E+02 -5.576E+01  0.000E+00  0.0000
  2.800E+02 -5.576E+01  7.798E-06  1.0000
  3.200E+02 -5.576E+01  1.158E-03  0.5034
  3.600E+02 -5.576E+01  3.086E-04  0.8760
  4.000E+02 -5.576E+01  0.000E+00  0.0000
  4.400E+02 -5.576E+01  0.000E+00  0.0000
  4.800E+02 -5.576E+01  7.389E-05  1.0000
  5.200E+02 -5.576E+01  5.646E-04  0.6235
  5.600E+02 -5.576E+01  3.343E-04  0.6932
  6.000E+02 -5.576E+01  1.078E-03  0.5865
  6.400E+02 -5.576E+01  4.764E-04  0.7519
  6.800E+02 -5.576E+01  0.000E+00  0.0000
 -6.800E+02 -1.641E+01  1.402E-04  0.8460
 -6.400E+02 -1.641E+01  5.561E-04  0.6153
 -6.000E+02 -1.641E+01  4.109E-06  1.0000
 -5.600E+02 -1.641E+01  0.000E+00  0.0000
 -5.200E+02 -1.641E+01  2.347E-04  1.0000
 -4.800E+02 -1.641E+01  0.000E+00  0.0000
 -4.400E+02 -1.641E+01  2.593E-04  0.8855
 -4.000E+02 -1.641E+01  2.245E-04  1.0000
 -3.600E+02 -1.641E+01  0.000E+00  0.0000
 -3.200E+02 -1.641E+01  5.235E-04  1.0000
 -2.800E+02 -1.641E+01  0.000E+00  0.0000
 -2.400E+02 -1.641E+01  0.000E+00  0.0000
 -2.000E+02 -1.641E+01  0.000E+00  0.0000
 -1.600E+02 -1.641E+01  2.051E-05  1.0000
 -1.200E+02 -1.641E+01  5.161E-04  0.8056
 -8.000E+01 -1.641E+01  0.000E+00  0.0000
 -4.000E+01 -1.641E+01  2.952E-04  1.0000
  0.000E+00 -1.641E+01  0.000E+00  0.0000
  4.000E+01 -1.641E+01  1.178E-04  1.0000
  8.000E+01 -1.641E+01  2.815E-04  1.0000
  1.200E+02 -1.641E+01  9.747E-05  0.8247
  1.600E+02 -1.641E+01  5.303E-04  0.8722
  2.000E+02 -1.641E+01  7.897E-05  1.0000
  2.400E+02 -1.641E+01  2.959E-04  1.0000
  2.800E+02 -1.641E+01  0.000E+00  0.0000
  3.200E+02 -1.641E+01  7.830E-06  1.0000
  3.600E+02 -1.641E+01  0.000E+00  0.0000
  4.000E+02 -1.641E+01  2.237E-04  1.0000
  4.400E+02 -1.641E+01  6.529E-05  1.0000
  4.800E+02 -1.641E+01  0.000E+00  0.0000
  5.200E+02 -1.641E+01  1.555E-04  1.0000
  5.600E+02 -1.641E+01  0.000E+00  0.0000
  6.000E+02 -1.641E+01  1.919E-04  0.8327
  6.400E+02 -1.641E+01  5.068E-06  1.0000
  6.800E+02 -1.641E+01  5.271E-04  1.0000
 -6.800E+02  2.293E+01  8.219E-05  1.0000
 -6.400E+02  2.293E+01  1.853E-05  1.0000
 -6.000E+02  2.293E+01  0.000E+00  0.0000
 -5.600E+02  2.293E+01  0.000E+00  0.0000
 -5.200E+02  2.293E+01  0.000E+00  0.0000
 -4.800E+02  2.293E+01  0.000E+00  0.0000
 -4.400E+02  2.293E+01  0.000E+00  0.0000
 -4.000E+02  2.293E+01  0.000E+00  0.0000
 -3.600E+02  2.293E+01  0.000E+00  0.0000
 -3.200E+02  2.293E+01  0.000E+00  0.0000
 -2.800E+02  2.293E+01  1.363E-04  1.0000
 -2.400E+02  2.293E+01  0.000E+00  0.0000
 -2.000E+02  2.293E+01  0.000E+00  0.0000
 -1.600E+02  2.293E+01  0.000E+00  0.0000
 -1.200E+02  2.293E+01  0.000E+00  0.0000
 -8.000E+01  2.293E+01  3.808E-05  1.0000
 -4.000E+01  2.293E+01  2.390E-05  1.0000
  0.000E+00  2.293E+01  0.000E+00  0.0000
  4.000E+01  2.293E+01  0.000E+00  0.0000
  8.000E+01  2.293E+01  1.458E-04  1.0000
  1.200E+02  2.293E+01  0.000E+00  0.0000
  1.600E+02  2.293E+01  0.000E+00  0.0000
  2.000E+02  2.293E+01  1.245E-04  1.0000
  2.400E+02  2.293E+01  4.407E-05  1.0000
  2.800E+02  2.293E+01  0.000E+00  0.0000
  3.200E+02  2.293E+01  0.000E+00  0.0000
  3.600E+02  2.293E+01  0.000E+00  0.0000
  4.000E+02  2.293E+01  0.000E+00  0.0000
  4.400E+02  2.293E+01  0.000E+00  0.0000
  4.800E+02  2.293E+01  0.000E+00  0.0000
  5.200E+02  2.293E+01  0.000E+00  0.0000
  5.600E+02  2.293E+01  0.000E+00  0.0000
  6.000E+02  2.293E+01  0.000E+00  0.0000
  6.400E+02  2.293E+01  0.000E+00  0.0000
  6.800E+02  2.293E+01  0.000E+00  0.0000
 -6.800E+02  6.228E+01  6.098E-05  1.0000
 -6.400E+02  6.228E+01  0.000E+00  0.0000
 -6.000E+02  6.228E+01  0.000E+00  0.0000
 -5.600E+02  6.228E+01  0.000E+00  0.0000
 -5.200E+02  6.228E+01  0.000E+00  0.0000
 -4.800E+02  6.228E+01  0.000E+00  0.0000
 -4.400E+02  6.228E+01  0.000E+00  0.0000
 -4.000E+02  6.228E+01  0.000E+00  0.0000
 -3.600E+02  6.228E+01  0.000E+00  0.0000
 -3.200E+02  6.228E+01  0.000E+00  0.0000
 -2.800E+02  6.228E+01  2.393E-05  1.0000
 -2.400E+02  6.228E+01  1.532E-04  1.0000
 -2.000E+02  6.228E+01  0.000E+00  0.0000
 -1.600E+02  6.228E+01  0.000E+00  0.0000
 -1.200E+02  6.228E+01  0.000E+00  0.0000
 -8.000E+01  6.228E+01  6.198E-05  1.0000
 -4.000E+01  6.228E+01  0.000E+00  0.0000
  0.000E+00  6.228E+01  0.000E+00  0.0000
  4.000E+01  6.228E+01  0.000E+00  0.0000
  8.000E+01  6.228E+01  1.458E-04  1.0000
  1.200E+02  6.228E+01  0.000E+00  0.0000
  1.600E+02  6.228E+01  1.457E-04  1.0000
  2.000E+02  6.228E+01  2.291E-05  1.0000
  2.400E+02  6.228E+01  0.000E+00  0.0000
  2.800E+02  6.228E+01  0.000E+00  0.0000
  3.200E+02  6.228E+01  0.000E+00  0.0000
  3.600E+02  6.228E+01  0.000E+00  0.0000
  4.000E+02  6.228E+01  0.000E+00  0.0000
  4.400E+02  6.228E+01  0.000E+00  0.0000
  4.800E+02  6.228E+01  0.000E+00  0.0000
  5.200E+02  6.228E+01  0.000E+00  0.0000
  5.600E+02  6.228E+01  0.000E+00  0.0000
  6.000E+02  6.228E+01  2.307E-04  1.0000
  6.400E+02  6.228E+01  1.604E-04  1.0000
  6.800E+02  6.228E+01  1.604E-04  1.0000
 -6.800E+02  1.016E+02  0.000E+00  0.0000
 -6.400E+02  1.016E+02  0.000E+00  0.0000
 -6.000E+02  1.016E+02  0.000E+00  0.0000
 -5.600E+02  1.016E+02  0.000E+00  0.0000
 -5.200E+02  1.016E+02  0.000E+00  0.0000
 -4.800E+02  1.016E+02  0.000E+00  0.0000
 -4.400E+02  1.016E+02  0.000E+00  0.0000
 -4.000E+02  1.016E+02  0.000E+00  0.0000
 -3.600E+02  1.016E+02  0.000E+00  0.0000
 -3.200E+02  1.016E+02  0.000E+00  0.0000
 -2.800E+02  1.016E+02  0.000E+00  0.0000
 -2.400E+02  1.016E+02  1.099E-05  1.0000
 -2.000E+02  1.016E+02  1.642E-04  1.0000
 -1.600E+02  1.016E+02  1.943E-06  1.0000
 -1.200E+02  1.016E+02  1.755E-05  1.0000
 -8.000E+01  1.016E+02  4.443E-05  1.0000
 -4.000E+01  1.016E+02  0.000E+00  0.0000
  0.000E+00  1.016E+02  0.000E+00  0.0000
  4.000E+01  1.016E+02  0.000E+00  0.0000
  8.000E+01  1.016E+02  1.652E-04  0.8904
  1.200E+02  1.016E+02  1.474E-04  1.0000
  1.600E+02  1.016E+02  1.763E-06  1.0000
  2.000E+02  1.016E+02  0.000E+00  0.0000
  2.400E+02  1.016E+02  0.000E+00  0.0000
  2.800E+02  1.016E+02  0.000E+00  0.0000
  3.200E+02  1.016E+02  0.000E+00  0.0000
  3.600E+02  1.016E+02  0.000E+00  0.0000
  4.000E+02  1.016E+02  0.000E+00  0.0000
  4.400E+02  1.016E+02  0.000E+00  0.0000
  4.800E+02  1.016E+02  0.000E+00  0.0000
  5.200E+02  1.016E+02  0.000E+00  0.0000
  5.600E+02  1.016E+02  1.362E-04  1.0000
  6.000E+02  1.016E+02  1.330E-04  1.0000
  6.400E+02  1.016E+02  0.000E+00  0.0000
  6.800E+02  1.016E+02  0.000E+00  0.0000
 -6.800E+02  1.410E+02  0.000E+00  0.0000
 -6.400E+02  1.410E+02  0.000E+00  0.0000
 -6.000E+02  1.410E+02  0.000E+00  0.0000
 -5.600E+02  1.410E+02  0.000E+00  0.0000
 -5.200E+02  1.410E+02  0.000E+00  0.0000
 -4.800E+02  1.410E+02  0.000E+00  0.0000
 -4.400E+02  1.410E+02  0.000E+00  0.0000
 -4.000E+02  1.410E+02  0.000E+00  0.0000
 -3.600E+02  1.410E+02  0.000E+00  0.0000
 -3.200E+02  1.410E+02  0.000E+00  0.0000
 -2.800E+02  1.410E+02  0.000E+00  0.0000
 -2.400E+02  1.410E+02  0.000E+00  0.0000
 -2.000E+02  1.410E+02  0.000E+00  0.0000
 -1.600E+02  1.410E+02  1.622E-04  1.0000
 -1.200E+02  1.410E+02  7.686E-05  0.8293
 -8.000E+01  1.410E+02  0.000E+00  0.0000
 -4.000E+01  1.410E+02  0.000E+00  0.0000
  0.000E+00  1.410E+02  0.000E+00  0.0000
  4.000E+01  1.410E+02  4.054E-05  1.0000
  8.000E+01  1.410E+02  2.739E-04  0.7085
  1.200E+02  1.410E+02  0.000E+00  0.0000
  1.600E+02  1.410E+02  0.000E+00  0.0000
  2.000E+02  1.410E+02  0.000E+00  0.0000
  2.400E+02  1.410E+02  0.000E+00  0.0000
  2.800E+02  1.410E+02  0.000E+00  0.0000
  3.200E+02  1.410E+02  0.000E+00  0.0000
  3.600E+02  1.410E+02  0.000E+00  0.0000
  4.000E+02  1.410E+02  0.000E+00  0.0000
  4.400E+02  1.410E+02  0.000E+00  0.0000
  4.800E+02  1.410E+02  0.000E+00  0.0000
  5.200E+02  1.410E+02  0.000E+00  0.0000
  5.600E+02  1.410E+02  2.692E-04  1.0000
  6.000E+02  1.410E+02  0.000E+00  0.0000
  6.400E+02  1.410E+02  0.000E+00  0.0000
  6.800E+02  1.410E+02  0.000E+00  0.0000
 -6.800E+02  1.803E+02  0.000E+00  0.0000
 -6.400E+02  1.803E+02  0.000E+00  0.0000
 -6.000E+02  1.803E+02  0.000E+00  0.0000
 -5.600E+02  1.803E+02  0.000E+00  0.0000
 -5.200E+02  1.803E+02  0.000E+00  0.0000
 -4.800E+02  1.803E+02  0.000E+00  0.0000
 -4.400E+02  1.803E+02  0.000E+00  0.0000
 -4.000E+02  1.803E+02  0.000E+00  0.0000
 -3.600E+02  1.803E+02  0.000E+00  0.0000
 -3.200E+02  1.803E+02  0.000E+00  0.0000
 -2.800E+02  1.803E+02  0.000E+00  0.0000
 -2.400E+02  1.803E+02  0.000E+00  0.0000
 -2.000E+02  1.803E+02  0.000E+00  0.0000
 -1.600E+02  1.803E+02  0.000E+00  0.0000
 -1.200E+02  1.803E+02  2.113E-04  0.7650
 -8.000E+01  1.803E+02  2.782E-05  1.0000
 -4.000E+01  1.803E+02  0.000E+00  0.0000
  0.000E+00  1.803E+02  2.186E-05  1.0000
  4.000E+01  1.803E+02  1.069E-04  1.0000
  8.000E+01  1.803E+02  1.458E-04  1.0000
  1.200E+02  1.803E+02  0.000E+00  0.0000
  1.600E+02  1.803E+02  0.000E+00  0.0000
  2.000E+02  1.803E+02  0.000E+00  0.0000
  2.400E+02  1.803E+02  0.000E+00  0.0000
  2.800E+02  1.803E+02  0.000E+00  0.0000
  3.200E+02  1.803E+02  0.000E+00  0.0000
  3.600E+02  1.803E+02  0.000E+00  0.0000
  4.000E+02  1.803E+02  0.000E+00  0.0000
  4.400E+02  1.803E+02  0.000E+00  0.0000
  4.800E+02  1.803E+02  0.000E+00  0.0000
  5.200E+02  1.803E+02  6.618E-05  1.0000
  5.600E+02  1.803E+02  2.030E-04  1.0000
  6.000E+02  1.803E+02  0.000E+00  0.0000
  6.400E+02  1.803E+02  0.000E+00  0.0000
  6.800E+02  1.803E+02  0.000E+00  0.0000

#------------------------------------------------------------------------------
 newpage:
#   no. =  2   ie  =  2   iy  =  1   part. = neutron 
#   e = (   5.0000E-07  -   1.0000E-01  )
#   y = (  -1.0000E+03  -   1.0000E+03  )
#  nx =  35   nz =  23

# x          z          flux       r.err
 -6.800E+02 -6.853E+02  0.000E+00  0.0000
 -6.400E+02 -6.853E+02  0.000E+00  0.0000
 -6.000E+02 -6.853E+02  7.315E-05  1.0000
 -5.600E+02 -6.853E+02  0.000E+00  0.0000
 -5.200E+02 -6.853E+02  0.000E+00  0.0000
 -4.800E+02 -6.853E+02  0.000E+00  0.0000
 -4.400E+02 -6.853E+02  0.000E+00  0.0000
 -4.000E+02 -6.853E+02  0.000E+00  0.0000
 -3.600E+02 -6.853E+02  4.504E-05  1.0000
 -3.200E+02 -6.853E+02  0.000E+00  0.0000
 -2.800E+02 -6.853E+02  0.000E+00  0.0000
 -2.400E+02 -6.853E+02  0.000E+00  0.0000
 -2.000E+02 -6.853E+02  3.401E-04  1.0000
 -1.600E+02 -6.853E+02  3.417E-04  1.0000
 -1.200E+02 -6.853E+02  2.967E-04  1.0000
 -8.000E+01 -6.853E+02  0.000E+00  0.0000
 -4.000E+01 -6.853E+02  0.000E+00  0.0000
  0.000E+00 -6.853E+02  0.000E+00  0.0000
  4.000E+01 -6.853E+02  0.000E+00  0.0000
  8.000E+01 -6.853E+02  0.000E+00  0.0000
  1.200E+02 -6.853E+02  4.129E-04  0.7133
  1.600E+02 -6.853E+02  0.000E+00  0.0000
  2.000E+02 -6.853E+02  0.000E+00  0.0000
  2.400E+02 -6.853E+02  0.000E+00  0.0000
  2.800E+02 -6.853E+02  0.000E+00  0.0000
  3.200E+02 -6.853E+02  0.000E+00  0.0000
  3.600E+02 -6.853E+02  2.205E-05  1.0000
  4.000E+02 -6.853E+02  2.427E-04  0.8894
  4.400E+02 -6.853E+02  0.000E+00  0.0000
  4.800E+02 -6.853E+02  5.512E-05  1.0000
  5.200E+02 -6.853E+02  5.171E-05  1.0000
  5.600E+02 -6.853E+02  0.000E+00  0.0000
  6.000E+02 -6.853E+02  0.000E+00  0.0000
  6.400E+02 -6.853E+02  0.000E+00  0.0000
  6.800E+02 -6.853E+02  1.952E-05  1.0000
 -6.800E+02 -6.460E+02  6.828E-05  1.0000
 -6.400E+02 -6.460E+02  0.000E+00  0.0000
 -6.000E+02 -6.460E+02  0.000E+00  0.0000
 -5.600E+02 -6.460E+02  0.000E+00  0.0000
 -5.200E+02 -6.460E+02  0.000E+00  0.0000
 -4.800E+02 -6.460E+02  6.495E-08  1.0000
 -4.400E+02 -6.460E+02  5.633E-05  1.0000
 -4.000E+02 -6.460E+02  0.000E+00  0.0000
 -3.600E+02 -6.460E+02  1.288E-04  1.0000
 -3.200E+02 -6.460E+02  0.000E+00  0.0000
 -2.800E+02 -6.460E+02  0.000E+00  0.0000
 -2.400E+02 -6.460E+02  0.000E+00  0.0000
 -2.000E+02 -6.460E+02  1.234E-04  1.0000
 -1.600E+02 -6.460E+02  1.350E-04  0.9011
 -1.200E+02 -6.460E+02  1.101E-04  1.0000
 -8.000E+01 -6.460E+02  0.000E+00  0.0000
 -4.000E+01 -6.460E+02  0.000E+00  0.0000
  0.000E+00 -6.460E+02  0.000E+00  0.0000
  4.000E+01 -6.460E+02  0.000E+00  0.0000
  8.000E+01 -6.460E+02  0.000E+00  0.0000
  1.200E+02 -6.460E+02  0.000E+00  0.0000
  1.600E+02 -6.460E+02  1.898E-04  1.0000
  2.000E+02 -6.460E+02  0.000E+00  0.0000
  2.400E+02 -6.460E+02  0.000E+00  0.0000
  2.800E+02 -6.460E+02  0.000E+00  0.0000
  3.200E+02 -6.460E+02  0.000E+00  0.0000
  3.600E+02 -6.460E+02  2.181E-05  1.0000
  4.000E+02 -6.460E+02  8.799E-05  1.0000
  4.400E+02 -6.460E+02  0.000E+00  0.0000
  4.800E+02 -6.460E+02  0.000E+00  0.0000
  5.200E+02 -6.460E+02  0.000E+00  0.0000
  5.600E+02 -6.460E+02  7.229E-05  1.0000
  6.000E+02 -6.460E+02  0.000E+00  0.0000
  6.400E+02 -6.460E+02  0.000E+00  0.0000
  6.800E+02 -6.460E+02  0.000E+00  0.0000
 -6.800E+02 -6.066E+02  0.000E+00  0.0000
 -6.400E+02 -6.066E+02  0.000E+00  0.0000
 -6.000E+02 -6.066E+02  0.000E+00  0.0000
 -5.600E+02 -6.066E+02  0.000E+00  0.0000
 -5.200E+02 -6.066E+02  0.000E+00  0.0000
 -4.800E+02 -6.066E+02  0.000E+00  0.0000
 -4.400E+02 -6.066E+02  1.673E-04  1.0000
 -4.000E+02 -6.066E+02  8.352E-05  1.0000
 -3.600E+02 -6.066E+02  0.000E+00  0.0000
 -3.200E+02 -6.066E+02  2.543E-05  1.0000
 -2.800E+02 -6.066E+02  8.456E-05  1.0000
 -2.400E+02 -6.066E+02  2.017E-06  1.0000
 -2.000E+02 -6.066E+02  3.287E-04  0.7312
 -1.600E+02 -6.066E+02  9.032E-05  0.8868
 -1.200E+02 -6.066E+02  1.891E-04  0.7303
 -8.000E+01 -6.066E+02  0.000E+00  0.0000
 -4.000E+01 -6.066E+02  0.000E+00  0.0000
  0.000E+00 -6.066E+02  0.000E+00  0.0000
  4.000E+01 -6.066E+02  0.000E+00  0.0000
  8.000E+01 -6.066E+02  0.000E+00  0.0000
  1.200E+02 -6.066E+02  3.356E-05  1.0000
  1.600E+02 -6.066E+02  1.072E-04  1.0000
  2.000E+02 -6.066E+02  0.000E+00  0.0000
  2.400E+02 -6.066E+02  0.000E+00  0.0000
  2.800E+02 -6.066E+02  0.000E+00  0.0000
  3.200E+02 -6.066E+02  0.000E+00  0.0000
  3.600E+02 -6.066E+02  0.000E+00  0.0000
  4.000E+02 -6.066E+02  0.000E+00  0.0000
  4.400E+02 -6.066E+02  0.000E+00  0.0000
  4.800E+02 -6.066E+02  0.000E+00  0.0000
  5.200E+02 -6.066E+02  0.000E+00  0.0000
  5.600E+02 -6.066E+02  0.000E+00  0.0000
  6.000E+02 -6.066E+02  1.980E-04  1.0000
  6.400E+02 -6.066E+02  0.000E+00  0.0000
  6.800E+02 -6.066E+02  3.350E-05  1.0000
 -6.800E+02 -5.673E+02  0.000E+00  0.0000
 -6.400E+02 -5.673E+02  0.000E+00  0.0000
 -6.000E+02 -5.673E+02  9.881E-05  1.0000
 -5.600E+02 -5.673E+02  0.000E+00  0.0000
 -5.200E+02 -5.673E+02  0.000E+00  0.0000
 -4.800E+02 -5.673E+02  1.956E-04  1.0000
 -4.400E+02 -5.673E+02  0.000E+00  0.0000
 -4.000E+02 -5.673E+02  0.000E+00  0.0000
 -3.600E+02 -5.673E+02  0.000E+00  0.0000
 -3.200E+02 -5.673E+02  7.190E-05  1.0000
 -2.800E+02 -5.673E+02  7.331E-05  1.0000
 -2.400E+02 -5.673E+02  0.000E+00  0.0000
 -2.000E+02 -5.673E+02  1.107E-04  1.0000
 -1.600E+02 -5.673E+02  3.179E-04  0.7087
 -1.200E+02 -5.673E+02  9.687E-07  1.0000
 -8.000E+01 -5.673E+02  8.709E-06  1.0000
 -4.000E+01 -5.673E+02  0.000E+00  0.0000
  0.000E+00 -5.673E+02  0.000E+00  0.0000
  4.000E+01 -5.673E+02  0.000E+00  0.0000
  8.000E+01 -5.673E+02  1.227E-04  1.0000
  1.200E+02 -5.673E+02  2.104E-04  0.9665
  1.600E+02 -5.673E+02  6.786E-05  1.0000
  2.000E+02 -5.673E+02  8.480E-05  1.0000
  2.400E+02 -5.673E+02  2.180E-04  1.0000
  2.800E+02 -5.673E+02  5.955E-04  0.6849
  3.200E+02 -5.673E+02  0.000E+00  0.0000
  3.600E+02 -5.673E+02  1.257E-04  1.0000
  4.000E+02 -5.673E+02  0.000E+00  0.0000
  4.400E+02 -5.673E+02  0.000E+00  0.0000
  4.800E+02 -5.673E+02  0.000E+00  0.0000
  5.200E+02 -5.673E+02  0.000E+00  0.0000
  5.600E+02 -5.673E+02  0.000E+00  0.0000
  6.000E+02 -5.673E+02  0.000E+00  0.0000
  6.400E+02 -5.673E+02  3.516E-04  1.0000
  6.800E+02 -5.673E+02  5.846E-05  1.0000
 -6.800E+02 -5.279E+02  0.000E+00  0.0000
 -6.400E+02 -5.279E+02  0.000E+00  0.0000
 -6.000E+02 -5.279E+02  2.165E-04  0.6735
 -5.600E+02 -5.279E+02  3.235E-04  0.7098
 -5.200E+02 -5.279E+02  2.541E-04  1.0000
 -4.800E+02 -5.279E+02  0.000E+00  0.0000
 -4.400E+02 -5.279E+02  0.000E+00  0.0000
 -4.000E+02 -5.279E+02  0.000E+00  0.0000
 -3.600E+02 -5.279E+02  0.000E+00  0.0000
 -3.200E+02 -5.279E+02  0.000E+00  0.0000
 -2.800E+02 -5.279E+02  0.000E+00  0.0000
 -2.400E+02 -5.279E+02  0.000E+00  0.0000
 -2.000E+02 -5.279E+02  0.000E+00  0.0000
 -1.600E+02 -5.279E+02  2.189E-04  1.0000
 -1.200E+02 -5.279E+02  0.000E+00  0.0000
 -8.000E+01 -5.279E+02  1.798E-04  1.0000
 -4.000E+01 -5.279E+02  0.000E+00  0.0000
  0.000E+00 -5.279E+02  0.000E+00  0.0000
  4.000E+01 -5.279E+02  9.794E-05  1.0000
  8.000E+01 -5.279E+02  0.000E+00  0.0000
  1.200E+02 -5.279E+02  0.000E+00  0.0000
  1.600E+02 -5.279E+02  0.000E+00  0.0000
  2.000E+02 -5.279E+02  6.270E-05  0.7326
  2.400E+02 -5.279E+02  1.734E-04  1.0000
  2.800E+02 -5.279E+02  1.124E-07  1.0000
  3.200E+02 -5.279E+02  0.000E+00  0.0000
  3.600E+02 -5.279E+02  0.000E+00  0.0000
  4.000E+02 -5.279E+02  0.000E+00  0.0000
  4.400E+02 -5.279E+02  0.000E+00  0.0000
  4.800E+02 -5.279E+02  2.674E-04  1.0000
  5.200E+02 -5.279E+02  0.000E+00  0.0000
  5.600E+02 -5.279E+02  0.000E+00  0.0000
  6.000E+02 -5.279E+02  0.000E+00  0.0000
  6.400E+02 -5.279E+02  0.000E+00  0.0000
  6.800E+02 -5.279E+02  1.273E-04  1.0000
 -6.800E+02 -4.886E+02  1.272E-04  1.0000
 -6.400E+02 -4.886E+02  7.519E-05  1.0000
 -6.000E+02 -4.886E+02  1.787E-05  1.0000
 -5.600E+02 -4.886E+02  3.723E-04  0.7094
 -5.200E+02 -4.886E+02  1.987E-04  0.8440
 -4.800E+02 -4.886E+02  0.000E+00  0.0000
 -4.400E+02 -4.886E+02  0.000E+00  0.0000
 -4.000E+02 -4.886E+02  1.455E-05  1.0000
 -3.600E+02 -4.886E+02  1.264E-04  1.0000
 -3.200E+02 -4.886E+02  3.317E-05  1.0000
 -2.800E+02 -4.886E+02  9.212E-05  0.9188
 -2.400E+02 -4.886E+02  7.345E-05  1.0000
 -2.000E+02 -4.886E+02  0.000E+00  0.0000
 -1.600E+02 -4.886E+02  0.000E+00  0.0000
 -1.200E+02 -4.886E+02  8.445E-05  1.0000
 -8.000E+01 -4.886E+02  9.168E-05  1.0000
 -4.000E+01 -4.886E+02  0.000E+00  0.0000
  0.000E+00 -4.886E+02  0.000E+00  0.0000
  4.000E+01 -4.886E+02  0.000E+00  0.0000
  8.000E+01 -4.886E+02  1.551E-04  1.0000
  1.200E+02 -4.886E+02  1.026E-04  1.0000
  1.600E+02 -4.886E+02  4.750E-05  1.0000
  2.000E+02 -4.886E+02  2.110E-04  1.0000
  2.400E+02 -4.886E+02  0.000E+00  0.0000
  2.800E+02 -4.886E+02  0.000E+00  0.0000
  3.200E+02 -4.886E+02  0.000E+00  0.0000
  3.600E+02 -4.886E+02  0.000E+00  0.0000
  4.000E+02 -4.886E+02  0.000E+00  0.0000
  4.400E+02 -4.886E+02  0.000E+00  0.0000
  4.800E+02 -4.886E+02  0.000E+00  0.0000
  5.200E+02 -4.886E+02  6.645E-05  1.0000
  5.600E+02 -4.886E+02  0.000E+00  0.0000
  6.000E+02 -4.886E+02  9.018E-07  1.0000
  6.400E+02 -4.886E+02  2.642E-04  1.0000
  6.800E+02 -4.886E+02  1.457E-04  1.0000
 -6.800E+02 -4.492E+02  7.219E-05  1.0000
 -6.400E+02 -4.492E+02  1.265E-04  1.0000
 -6.000E+02 -4.492E+02  7.967E-05  1.0000
 -5.600E+02 -4.492E+02  0.000E+00  0.0000
 -5.200E+02 -4.492E+02  0.000E+00  0.0000
 -4.800E+02 -4.492E+02  1.063E-04  1.0000
 -4.400E+02 -4.492E+02  3.807E-05  1.0000
 -4.000E+02 -4.492E+02  3.060E-04  1.0000
 -3.600E+02 -4.492E+02  9.740E-05  1.0000
 -3.200E+02 -4.492E+02  5.051E-05  1.0000
 -2.800E+02 -4.492E+02  1.875E-04  0.7076
 -2.400E+02 -4.492E+02  5.314E-06  1.0000
 -2.000E+02 -4.492E+02  0.000E+00  0.0000
 -1.600E+02 -4.492E+02  0.000E+00  0.0000
 -1.200E+02 -4.492E+02  8.350E-05  1.0000
 -8.000E+01 -4.492E+02  1.083E-05  1.0000
 -4.000E+01 -4.492E+02  0.000E+00  0.0000
  0.000E+00 -4.492E+02  0.000E+00  0.0000
  4.000E+01 -4.492E+02  1.584E-04  1.0000
  8.000E+01 -4.492E+02  1.444E-05  1.0000
  1.200E+02 -4.492E+02  0.000E+00  0.0000
  1.600E+02 -4.492E+02  0.000E+00  0.0000
  2.000E+02 -4.492E+02  0.000E+00  0.0000
  2.400E+02 -4.492E+02  1.553E-05  1.0000
  2.800E+02 -4.492E+02  0.000E+00  0.0000
  3.200E+02 -4.492E+02  0.000E+00  0.0000
  3.600E+02 -4.492E+02  0.000E+00  0.0000
  4.000E+02 -4.492E+02  1.576E-04  1.0000
  4.400E+02 -4.492E+02  3.037E-04  1.0000
  4.800E+02 -4.492E+02  2.285E-04  1.0000
  5.200E+02 -4.492E+02  0.000E+00  0.0000
  5.600E+02 -4.492E+02  0.000E+00  0.0000
  6.000E+02 -4.492E+02  1.045E-04  1.0000
  6.400E+02 -4.492E+02  0.000E+00  0.0000
  6.800E+02 -4.492E+02  8.164E-05  0.7914
 -6.800E+02 -4.099E+02  9.331E-05  1.0000
 -6.400E+02 -4.099E+02  7.062E-05  0.7127
 -6.000E+02 -4.099E+02  6.428E-05  1.0000
 -5.600E+02 -4.099E+02  4.691E-05  1.0000
 -5.200E+02 -4.099E+02  0.000E+00  0.0000
 -4.800E+02 -4.099E+02  3.724E-05  1.0000
 -4.400E+02 -4.099E+02  1.214E-04  1.0000
 -4.000E+02 -4.099E+02  0.000E+00  0.0000
 -3.600E+02 -4.099E+02  0.000E+00  0.0000
 -3.200E+02 -4.099E+02  1.484E-04  1.0000
 -2.800E+02 -4.099E+02  2.293E-05  1.0000
 -2.400E+02 -4.099E+02  0.000E+00  0.0000
 -2.000E+02 -4.099E+02  8.567E-05  1.0000
 -1.600E+02 -4.099E+02  0.000E+00  0.0000
 -1.200E+02 -4.099E+02  1.882E-04  0.8965
 -8.000E+01 -4.099E+02  2.069E-04  0.7116
 -4.000E+01 -4.099E+02  1.329E-04  0.8040
  0.000E+00 -4.099E+02  0.000E+00  0.0000
  4.000E+01 -4.099E+02  4.464E-05  1.0000
  8.000E+01 -4.099E+02  5.083E-04  0.6226
  1.200E+02 -4.099E+02  1.638E-05  1.0000
  1.600E+02 -4.099E+02  0.000E+00  0.0000
  2.000E+02 -4.099E+02  1.021E-05  1.0000
  2.400E+02 -4.099E+02  4.010E-04  0.5839
  2.800E+02 -4.099E+02  5.963E-05  1.0000
  3.200E+02 -4.099E+02  3.795E-04  0.8650
  3.600E+02 -4.099E+02  1.829E-04  1.0000
  4.000E+02 -4.099E+02  0.000E+00  0.0000
  4.400E+02 -4.099E+02  3.492E-04  1.0000
  4.800E+02 -4.099E+02  0.000E+00  0.0000
  5.200E+02 -4.099E+02  0.000E+00  0.0000
  5.600E+02 -4.099E+02  0.000E+00  0.0000
  6.000E+02 -4.099E+02  0.000E+00  0.0000
  6.400E+02 -4.099E+02  3.818E-04  0.7485
  6.800E+02 -4.099E+02  0.000E+00  0.0000
 -6.800E+02 -3.705E+02  1.775E-04  1.0000
 -6.400E+02 -3.705E+02  2.130E-06  1.0000
 -6.000E+02 -3.705E+02  0.000E+00  0.0000
 -5.600E+02 -3.705E+02  0.000E+00  0.0000
 -5.200E+02 -3.705E+02  0.000E+00  0.0000
 -4.800E+02 -3.705E+02  2.398E-04  0.7861
 -4.400E+02 -3.705E+02  0.000E+00  0.0000
 -4.000E+02 -3.705E+02  0.000E+00  0.0000
 -3.600E+02 -3.705E+02  0.000E+00  0.0000
 -3.200E+02 -3.705E+02  0.000E+00  0.0000
 -2.800E+02 -3.705E+02  1.423E-04  0.7095
 -2.400E+02 -3.705E+02  4.848E-05  1.0000
 -2.000E+02 -3.705E+02  1.251E-05  1.0000
 -1.600E+02 -3.705E+02  7.671E-05  1.0000
 -1.200E+02 -3.705E+02  3.008E-04  0.7103
 -8.000E+01 -3.705E+02  2.072E-05  1.0000
 -4.000E+01 -3.705E+02  7.846E-05  1.0000
  0.000E+00 -3.705E+02  0.000E+00  0.0000
  4.000E+01 -3.705E+02  1.584E-04  1.0000
  8.000E+01 -3.705E+02  4.772E-04  0.8656
  1.200E+02 -3.705E+02  1.050E-04  1.0000
  1.600E+02 -3.705E+02  0.000E+00  0.0000
  2.000E+02 -3.705E+02  0.000E+00  0.0000
  2.400E+02 -3.705E+02  0.000E+00  0.0000
  2.800E+02 -3.705E+02  0.000E+00  0.0000
  3.200E+02 -3.705E+02  0.000E+00  0.0000
  3.600E+02 -3.705E+02  0.000E+00  0.0000
  4.000E+02 -3.705E+02  4.163E-05  1.0000
  4.400E+02 -3.705E+02  3.566E-05  0.7335
  4.800E+02 -3.705E+02  0.000E+00  0.0000
  5.200E+02 -3.705E+02  0.000E+00  0.0000
  5.600E+02 -3.705E+02  0.000E+00  0.0000
  6.000E+02 -3.705E+02  0.000E+00  0.0000
  6.400E+02 -3.705E+02  4.284E-04  0.8512
  6.800E+02 -3.705E+02  1.552E-04  0.8981
 -6.800E+02 -3.312E+02  5.552E-05  1.0000
 -6.400E+02 -3.312E+02  0.000E+00  0.0000
 -6.000E+02 -3.312E+02  1.136E-05  1.0000
 -5.600E+02 -3.312E+02  8.490E-05  1.0000
 -5.200E+02 -3.312E+02  0.000E+00  0.0000
 -4.800E+02 -3.312E+02  2.014E-04  1.0000
 -4.400E+02 -3.312E+02  0.000E+00  0.0000
 -4.000E+02 -3.312E+02  3.459E-06  1.0000
 -3.600E+02 -3.312E+02  4.817E-04  0.7684
 -3.200E+02 -3.312E+02  0.000E+00  0.0000
 -2.800E+02 -3.312E+02  1.648E-04  0.7262
 -2.400E+02 -3.312E+02  0.000E+00  0.0000
 -2.000E+02 -3.312E+02  0.000E+00  0.0000
 -1.600E+02 -3.312E+02  0.000E+00  0.0000
 -1.200E+02 -3.312E+02  1.648E-04  1.0000
 -8.000E+01 -3.312E+02  0.000E+00  0.0000
 -4.000E+01 -3.312E+02  7.846E-05  1.0000
  0.000E+00 -3.312E+02  1.852E-04  0.8101
  4.000E+01 -3.312E+02  9.302E-05  0.8623
  8.000E+01 -3.312E+02  4.071E-04  1.0000
  1.200E+02 -3.312E+02  4.534E-05  1.0000
  1.600E+02 -3.312E+02  1.243E-04  1.0000
  2.000E+02 -3.312E+02  1.165E-04  1.0000
  2.400E+02 -3.312E+02  0.000E+00  0.0000
  2.800E+02 -3.312E+02  0.000E+00  0.0000
  3.200E+02 -3.312E+02  0.000E+00  0.0000
  3.600E+02 -3.312E+02  0.000E+00  0.0000
  4.000E+02 -3.312E+02  4.845E-05  1.0000
  4.400E+02 -3.312E+02  2.485E-05  1.0000
  4.800E+02 -3.312E+02  1.256E-04  1.0000
  5.200E+02 -3.312E+02  2.449E-04  0.8834
  5.600E+02 -3.312E+02  3.741E-04  0.5009
  6.000E+02 -3.312E+02  3.163E-04  0.6075
  6.400E+02 -3.312E+02  1.990E-05  1.0000
  6.800E+02 -3.312E+02  2.452E-04  1.0000
 -6.800E+02 -2.918E+02  1.530E-04  0.7086
 -6.400E+02 -2.918E+02  6.017E-05  1.0000
 -6.000E+02 -2.918E+02  1.543E-04  0.7071
 -5.600E+02 -2.918E+02  1.664E-05  1.0000
 -5.200E+02 -2.918E+02  1.260E-04  0.7472
 -4.800E+02 -2.918E+02  0.000E+00  0.0000
 -4.400E+02 -2.918E+02  0.000E+00  0.0000
 -4.000E+02 -2.918E+02  9.883E-05  0.6770
 -3.600E+02 -2.918E+02  4.674E-04  0.7099
 -3.200E+02 -2.918E+02  0.000E+00  0.0000
 -2.800E+02 -2.918E+02  2.660E-06  1.0000
 -2.400E+02 -2.918E+02  7.837E-05  1.0000
 -2.000E+02 -2.918E+02  0.000E+00  0.0000
 -1.600E+02 -2.918E+02  2.513E-04  0.7868
 -1.200E+02 -2.918E+02  6.667E-04  0.5998
 -8.000E+01 -2.918E+02  1.924E-04  1.0000
 -4.000E+01 -2.918E+02  2.827E-04  0.7449
  0.000E+00 -2.918E+02  2.980E-04  0.6158
  4.000E+01 -2.918E+02  0.000E+00  0.0000
  8.000E+01 -2.918E+02  4.071E-04  1.0000
  1.200E+02 -2.918E+02  1.346E-04  1.0000
  1.600E+02 -2.918E+02  2.845E-05  1.0000
  2.000E+02 -2.918E+02  1.890E-04  0.6419
  2.400E+02 -2.918E+02  2.437E-04  1.0000
  2.800E+02 -2.918E+02  0.000E+00  0.0000
  3.200E+02 -2.918E+02  0.000E+00  0.0000
  3.600E+02 -2.918E+02  0.000E+00  0.0000
  4.000E+02 -2.918E+02  0.000E+00  0.0000
  4.400E+02 -2.918E+02  1.317E-04  1.0000
  4.800E+02 -2.918E+02  2.222E-04  1.0000
  5.200E+02 -2.918E+02  1.437E-04  0.8323
  5.600E+02 -2.918E+02  4.088E-05  0.7520
  6.000E+02 -2.918E+02  6.744E-05  1.0000
  6.400E+02 -2.918E+02  1.896E-05  1.0000
  6.800E+02 -2.918E+02  0.000E+00  0.0000
 -6.800E+02 -2.525E+02  8.215E-05  1.0000
 -6.400E+02 -2.525E+02  0.000E+00  0.0000
 -6.000E+02 -2.525E+02  1.003E-04  0.9674
 -5.600E+02 -2.525E+02  7.500E-04  0.5020
 -5.200E+02 -2.525E+02  1.920E-04  0.6520
 -4.800E+02 -2.525E+02  1.373E-05  1.0000
 -4.400E+02 -2.525E+02  0.000E+00  0.0000
 -4.000E+02 -2.525E+02  1.833E-04  1.0000
 -3.600E+02 -2.525E+02  1.874E-04  0.7076
 -3.200E+02 -2.525E+02  1.472E-04  0.9621
 -2.800E+02 -2.525E+02  1.635E-04  1.0000
 -2.400E+02 -2.525E+02  0.000E+00  0.0000
 -2.000E+02 -2.525E+02  0.000E+00  0.0000
 -1.600E+02 -2.525E+02  1.791E-04  1.0000
 -1.200E+02 -2.525E+02  1.703E-04  0.9683
 -8.000E+01 -2.525E+02  3.420E-04  0.9245
 -4.000E+01 -2.525E+02  3.673E-04  0.7351
  0.000E+00 -2.525E+02  7.846E-05  1.0000
  4.000E+01 -2.525E+02  6.518E-05  1.0000
  8.000E+01 -2.525E+02  3.419E-04  1.0000
  1.200E+02 -2.525E+02  1.630E-04  1.0000
  1.600E+02 -2.525E+02  3.423E-05  1.0000
  2.000E+02 -2.525E+02  0.000E+00  0.0000
  2.400E+02 -2.525E+02  0.000E+00  0.0000
  2.800E+02 -2.525E+02  2.146E-04  1.0000
  3.200E+02 -2.525E+02  0.000E+00  0.0000
  3.600E+02 -2.525E+02  1.312E-04  1.0000
  4.000E+02 -2.525E+02  1.623E-05  1.0000
  4.400E+02 -2.525E+02  2.121E-04  0.7129
  4.800E+02 -2.525E+02  2.974E-05  1.0000
  5.200E+02 -2.525E+02  0.000E+00  0.0000
  5.600E+02 -2.525E+02  8.853E-06  1.0000
  6.000E+02 -2.525E+02  6.571E-05  1.0000
  6.400E+02 -2.525E+02  1.035E-04  1.0000
  6.800E+02 -2.525E+02  0.000E+00  0.0000
 -6.800E+02 -2.132E+02  6.472E-06  1.0000
 -6.400E+02 -2.132E+02  0.000E+00  0.0000
 -6.000E+02 -2.132E+02  3.565E-04  0.6861
 -5.600E+02 -2.132E+02  1.657E-04  0.7123
 -5.200E+02 -2.132E+02  5.268E-05  0.7132
 -4.800E+02 -2.132E+02  0.000E+00  0.0000
 -4.400E+02 -2.132E+02  0.000E+00  0.0000
 -4.000E+02 -2.132E+02  2.644E-04  1.0000
 -3.600E+02 -2.132E+02  0.000E+00  0.0000
 -3.200E+02 -2.132E+02  1.221E-04  1.0000
 -2.800E+02 -2.132E+02  0.000E+00  0.0000
 -2.400E+02 -2.132E+02  0.000E+00  0.0000
 -2.000E+02 -2.132E+02  6.481E-05  1.0000
 -1.600E+02 -2.132E+02  4.942E-05  1.0000
 -1.200E+02 -2.132E+02  1.648E-04  1.0000
 -8.000E+01 -2.132E+02  1.584E-04  1.0000
 -4.000E+01 -2.132E+02  7.916E-05  1.0000
  0.000E+00 -2.132E+02  2.754E-04  0.8667
  4.000E+01 -2.132E+02  2.788E-04  0.8733
  8.000E+01 -2.132E+02  2.741E-04  0.7233
  1.200E+02 -2.132E+02  5.549E-05  1.0000
  1.600E+02 -2.132E+02  2.148E-04  1.0000
  2.000E+02 -2.132E+02  0.000E+00  0.0000
  2.400E+02 -2.132E+02  2.909E-04  0.6347
  2.800E+02 -2.132E+02  2.029E-04  0.6124
  3.200E+02 -2.132E+02  2.782E-04  1.0000
  3.600E+02 -2.132E+02  0.000E+00  0.0000
  4.000E+02 -2.132E+02  2.915E-04  0.7585
  4.400E+02 -2.132E+02  2.270E-04  0.9498
  4.800E+02 -2.132E+02  0.000E+00  0.0000
  5.200E+02 -2.132E+02  5.201E-05  1.0000
  5.600E+02 -2.132E+02  1.622E-04  1.0000
  6.000E+02 -2.132E+02  0.000E+00  0.0000
  6.400E+02 -2.132E+02  2.761E-04  0.7089
  6.800E+02 -2.132E+02  1.686E-04  0.7142
 -6.800E+02 -1.738E+02  1.481E-04  1.0000
 -6.400E+02 -1.738E+02  2.414E-05  1.0000
 -6.000E+02 -1.738E+02  1.037E-04  1.0000
 -5.600E+02 -1.738E+02  0.000E+00  0.0000
 -5.200E+02 -1.738E+02  0.000E+00  0.0000
 -4.800E+02 -1.738E+02  2.940E-04  1.0000
 -4.400E+02 -1.738E+02  0.000E+00  0.0000
 -4.000E+02 -1.738E+02  0.000E+00  0.0000
 -3.600E+02 -1.738E+02  0.000E+00  0.0000
 -3.200E+02 -1.738E+02  0.000E+00  0.0000
 -2.800E+02 -1.738E+02  0.000E+00  0.0000
 -2.400E+02 -1.738E+02  4.094E-04  1.0000
 -2.000E+02 -1.738E+02  0.000E+00  0.0000
 -1.600E+02 -1.738E+02  5.218E-04  0.7328
 -1.200E+02 -1.738E+02  4.797E-04  0.5845
 -8.000E+01 -1.738E+02  2.200E-04  0.8679
 -4.000E+01 -1.738E+02  1.883E-04  1.0000
  0.000E+00 -1.738E+02  1.883E-04  1.0000
  4.000E+01 -1.738E+02  5.072E-04  0.6216
  8.000E+01 -1.738E+02  5.179E-04  0.5784
  1.200E+02 -1.738E+02  1.883E-04  1.0000
  1.600E+02 -1.738E+02  3.008E-04  0.7611
  2.000E+02 -1.738E+02  0.000E+00  0.0000
  2.400E+02 -1.738E+02  7.690E-05  1.0000
  2.800E+02 -1.738E+02  2.798E-04  0.7167
  3.200E+02 -1.738E+02  0.000E+00  0.0000
  3.600E+02 -1.738E+02  1.059E-04  1.0000
  4.000E+02 -1.738E+02  1.092E-04  1.0000
  4.400E+02 -1.738E+02  1.556E-04  1.0000
  4.800E+02 -1.738E+02  0.000E+00  0.0000
  5.200E+02 -1.738E+02  0.000E+00  0.0000
  5.600E+02 -1.738E+02  1.541E-04  1.0000
  6.000E+02 -1.738E+02  1.485E-04  0.9011
  6.400E+02 -1.738E+02  0.000E+00  0.0000
  6.800E+02 -1.738E+02  9.545E-05  0.7926
 -6.800E+02 -1.345E+02  0.000E+00  0.0000
 -6.400E+02 -1.345E+02  4.749E-05  0.7171
 -6.000E+02 -1.345E+02  1.327E-04  1.0000
 -5.600E+02 -1.345E+02  0.000E+00  0.0000
 -5.200E+02 -1.345E+02  0.000E+00  0.0000
 -4.800E+02 -1.345E+02  0.000E+00  0.0000
 -4.400E+02 -1.345E+02  2.185E-05  1.0000
 -4.000E+02 -1.345E+02  8.512E-05  0.7157
 -3.600E+02 -1.345E+02  0.000E+00  0.0000
 -3.200E+02 -1.345E+02  0.000E+00  0.0000
 -2.800E+02 -1.345E+02  6.945E-05  1.0000
 -2.400E+02 -1.345E+02  4.764E-04  1.0000
 -2.000E+02 -1.345E+02  2.552E-04  0.8385
 -1.600E+02 -1.345E+02  3.766E-04  0.5029
 -1.200E+02 -1.345E+02  6.358E-04  0.6563
 -8.000E+01 -1.345E+02  1.797E-04  1.0000
 -4.000E+01 -1.345E+02  6.232E-05  1.0000
  0.000E+00 -1.345E+02  0.000E+00  0.0000
  4.000E+01 -1.345E+02  3.964E-04  0.6673
  8.000E+01 -1.345E+02  2.521E-04  0.7375
  1.200E+02 -1.345E+02  0.000E+00  0.0000
  1.600E+02 -1.345E+02  2.008E-05  0.9327
  2.000E+02 -1.345E+02  7.059E-05  1.0000
  2.400E+02 -1.345E+02  0.000E+00  0.0000
  2.800E+02 -1.345E+02  0.000E+00  0.0000
  3.200E+02 -1.345E+02  7.231E-05  1.0000
  3.600E+02 -1.345E+02  1.125E-04  0.8132
  4.000E+02 -1.345E+02  1.383E-04  1.0000
  4.400E+02 -1.345E+02  2.777E-04  0.8464
  4.800E+02 -1.345E+02  2.002E-04  1.0000
  5.200E+02 -1.345E+02  0.000E+00  0.0000
  5.600E+02 -1.345E+02  2.631E-04  0.8278
  6.000E+02 -1.345E+02  2.772E-05  1.0000
  6.400E+02 -1.345E+02  0.000E+00  0.0000
  6.800E+02 -1.345E+02  8.364E-05  1.0000
 -6.800E+02 -9.511E+01  2.100E-04  1.0000
 -6.400E+02 -9.511E+01  3.938E-04  1.0000
 -6.000E+02 -9.511E+01  0.000E+00  0.0000
 -5.600E+02 -9.511E+01  0.000E+00  0.0000
 -5.200E+02 -9.511E+01  0.000E+00  0.0000
 -4.800E+02 -9.511E+01  0.000E+00  0.0000
 -4.400E+02 -9.511E+01  2.304E-04  0.8402
 -4.000E+02 -9.511E+01  3.653E-04  0.5961
 -3.600E+02 -9.511E+01  1.321E-04  1.0000
 -3.200E+02 -9.511E+01  2.420E-04  0.6869
 -2.800E+02 -9.511E+01  1.049E-04  0.7073
 -2.400E+02 -9.511E+01  1.124E-05  1.0000
 -2.000E+02 -9.511E+01  5.674E-05  1.0000
 -1.600E+02 -9.511E+01  4.427E-05  1.0000
 -1.200E+02 -9.511E+01  1.520E-04  1.0000
 -8.000E+01 -9.511E+01  5.230E-05  1.0000
 -4.000E+01 -9.511E+01  1.174E-04  1.0000
  0.000E+00 -9.511E+01  2.885E-04  1.0000
  4.000E+01 -9.511E+01  1.401E-04  0.7375
  8.000E+01 -9.511E+01  1.272E-04  0.7010
  1.200E+02 -9.511E+01  2.755E-04  0.7380
  1.600E+02 -9.511E+01  3.107E-04  0.8388
  2.000E+02 -9.511E+01  1.234E-04  1.0000
  2.400E+02 -9.511E+01  0.000E+00  0.0000
  2.800E+02 -9.511E+01  0.000E+00  0.0000
  3.200E+02 -9.511E+01  1.286E-04  1.0000
  3.600E+02 -9.511E+01  1.230E-04  0.7146
  4.000E+02 -9.511E+01  2.209E-04  0.5875
  4.400E+02 -9.511E+01  0.000E+00  0.0000
  4.800E+02 -9.511E+01  3.154E-04  0.7173
  5.200E+02 -9.511E+01  1.891E-04  1.0000
  5.600E+02 -9.511E+01  1.336E-04  0.7347
  6.000E+02 -9.511E+01  6.820E-05  1.0000
  6.400E+02 -9.511E+01  3.014E-05  1.0000
  6.800E+02 -9.511E+01  0.000E+00  0.0000
 -6.800E+02 -5.576E+01  1.162E-05  1.0000
 -6.400E+02 -5.576E+01  8.975E-06  1.0000
 -6.000E+02 -5.576E+01  5.942E-05  1.0000
 -5.600E+02 -5.576E+01  2.582E-04  0.7911
 -5.200E+02 -5.576E+01  2.374E-05  1.0000
 -4.800E+02 -5.576E+01  2.259E-04  1.0000
 -4.400E+02 -5.576E+01  5.018E-04  0.5739
 -4.000E+02 -5.576E+01  5.749E-05  1.0000
 -3.600E+02 -5.576E+01  0.000E+00  0.0000
 -3.200E+02 -5.576E+01  3.414E-04  0.6716
 -2.800E+02 -5.576E+01  3.186E-04  0.8385
 -2.400E+02 -5.576E+01  3.663E-04  0.8491
 -2.000E+02 -5.576E+01  3.126E-05  1.0000
 -1.600E+02 -5.576E+01  0.000E+00  0.0000
 -1.200E+02 -5.576E+01  0.000E+00  0.0000
 -8.000E+01 -5.576E+01  0.000E+00  0.0000
 -4.000E+01 -5.576E+01  0.000E+00  0.0000
  0.000E+00 -5.576E+01  0.000E+00  0.0000
  4.000E+01 -5.576E+01  4.835E-05  1.0000
  8.000E+01 -5.576E+01  1.698E-07  1.0000
  1.200E+02 -5.576E+01  5.658E-04  0.8359
  1.600E+02 -5.576E+01  0.000E+00  0.0000
  2.000E+02 -5.576E+01  4.096E-05  1.0000
  2.400E+02 -5.576E+01  0.000E+00  0.0000
  2.800E+02 -5.576E+01  1.094E-04  1.0000
  3.200E+02 -5.576E+01  7.610E-04  0.5772
  3.600E+02 -5.576E+01  6.102E-05  0.7566
  4.000E+02 -5.576E+01  0.000E+00  0.0000
  4.400E+02 -5.576E+01  0.000E+00  0.0000
  4.800E+02 -5.576E+01  0.000E+00  0.0000
  5.200E+02 -5.576E+01  0.000E+00  0.0000
  5.600E+02 -5.576E+01  4.050E-04  0.7111
  6.000E+02 -5.576E+01  4.768E-04  0.7465
  6.400E+02 -5.576E+01  2.058E-04  1.0000
  6.800E+02 -5.576E+01  0.000E+00  0.0000
 -6.800E+02 -1.641E+01  2.323E-04  0.7111
 -6.400E+02 -1.641E+01  4.186E-04  0.6753
 -6.000E+02 -1.641E+01  0.000E+00  0.0000
 -5.600E+02 -1.641E+01  1.829E-05  1.0000
 -5.200E+02 -1.641E+01  3.753E-05  1.0000
 -4.800E+02 -1.641E+01  0.000E+00  0.0000
 -4.400E+02 -1.641E+01  1.040E-04  1.0000
 -4.000E+02 -1.641E+01  0.000E+00  0.0000
 -3.600E+02 -1.641E+01  0.000E+00  0.0000
 -3.200E+02 -1.641E+01  3.415E-04  1.0000
 -2.800E+02 -1.641E+01  1.706E-04  0.8690
 -2.400E+02 -1.641E+01  0.000E+00  0.0000
 -2.000E+02 -1.641E+01  0.000E+00  0.0000
 -1.600E+02 -1.641E+01  0.000E+00  0.0000
 -1.200E+02 -1.641E+01  2.169E-04  0.7640
 -8.000E+01 -1.641E+01  0.000E+00  0.0000
 -4.000E+01 -1.641E+01  1.258E-04  1.0000
  0.000E+00 -1.641E+01  0.000E+00  0.0000
  4.000E+01 -1.641E+01  0.000E+00  0.0000
  8.000E+01 -1.641E+01  2.873E-04  1.0000
  1.200E+02 -1.641E+01  1.158E-04  1.0000
  1.600E+02 -1.641E+01  8.688E-05  1.0000
  2.000E+02 -1.641E+01  0.000E+00  0.0000
  2.400E+02 -1.641E+01  1.119E-04  1.0000
  2.800E+02 -1.641E+01  0.000E+00  0.0000
  3.200E+02 -1.641E+01  0.000E+00  0.0000
  3.600E+02 -1.641E+01  0.000E+00  0.0000
  4.000E+02 -1.641E+01  1.289E-04  1.0000
  4.400E+02 -1.641E+01  1.544E-04  1.0000
  4.800E+02 -1.641E+01  0.000E+00  0.0000
  5.200E+02 -1.641E+01  0.000E+00  0.0000
  5.600E+02 -1.641E+01  0.000E+00  0.0000
  6.000E+02 -1.641E+01  4.549E-05  1.0000
  6.400E+02 -1.641E+01  0.000E+00  0.0000
  6.800E+02 -1.641E+01  1.994E-04  1.0000
 -6.800E+02  2.293E+01  0.000E+00  0.0000
 -6.400E+02  2.293E+01  0.000E+00  0.0000
 -6.000E+02  2.293E+01  0.000E+00  0.0000
 -5.600E+02  2.293E+01  0.000E+00  0.0000
 -5.200E+02  2.293E+01  0.000E+00  0.0000
 -4.800E+02  2.293E+01  0.000E+00  0.0000
 -4.400E+02  2.293E+01  0.000E+00  0.0000
 -4.000E+02  2.293E+01  0.000E+00  0.0000
 -3.600E+02  2.293E+01  0.000E+00  0.0000
 -3.200E+02  2.293E+01  0.000E+00  0.0000
 -2.800E+02  2.293E+01  1.620E-04  1.0000
 -2.400E+02  2.293E+01  0.000E+00  0.0000
 -2.000E+02  2.293E+01  0.000E+00  0.0000
 -1.600E+02  2.293E+01  0.000E+00  0.0000
 -1.200E+02  2.293E+01  0.000E+00  0.0000
 -8.000E+01  2.293E+01  0.000E+00  0.0000
 -4.000E+01  2.293E+01  0.000E+00  0.0000
  0.000E+00  2.293E+01  0.000E+00  0.0000
  4.000E+01  2.293E+01  0.000E+00  0.0000
  8.000E+01  2.293E+01  0.000E+00  0.0000
  1.200E+02  2.293E+01  0.000E+00  0.0000
  1.600E+02  2.293E+01  0.000E+00  0.0000
  2.000E+02  2.293E+01  0.000E+00  0.0000
  2.400E+02  2.293E+01  0.000E+00  0.0000
  2.800E+02  2.293E+01  0.000E+00  0.0000
  3.200E+02  2.293E+01  0.000E+00  0.0000
  3.600E+02  2.293E+01  0.000E+00  0.0000
  4.000E+02  2.293E+01  0.000E+00  0.0000
  4.400E+02  2.293E+01  0.000E+00  0.0000
  4.800E+02  2.293E+01  0.000E+00  0.0000
  5.200E+02  2.293E+01  0.000E+00  0.0000
  5.600E+02  2.293E+01  0.000E+00  0.0000
  6.000E+02  2.293E+01  0.000E+00  0.0000
  6.400E+02  2.293E+01  0.000E+00  0.0000
  6.800E+02  2.293E+01  0.000E+00  0.0000
 -6.800E+02  6.228E+01  0.000E+00  0.0000
 -6.400E+02  6.228E+01  0.000E+00  0.0000
 -6.000E+02  6.228E+01  0.000E+00  0.0000
 -5.600E+02  6.228E+01  0.000E+00  0.0000
 -5.200E+02  6.228E+01  0.000E+00  0.0000
 -4.800E+02  6.228E+01  0.000E+00  0.0000
 -4.400E+02  6.228E+01  0.000E+00  0.0000
 -4.000E+02  6.228E+01  0.000E+00  0.0000
 -3.600E+02  6.228E+01  0.000E+00  0.0000
 -3.200E+02  6.228E+01  0.000E+00  0.0000
 -2.800E+02  6.228E+01  1.620E-04  1.0000
 -2.400E+02  6.228E+01  0.000E+00  0.0000
 -2.000E+02  6.228E+01  0.000E+00  0.0000
 -1.600E+02  6.228E+01  0.000E+00  0.0000
 -1.200E+02  6.228E+01  0.000E+00  0.0000
 -8.000E+01  6.228E+01  0.000E+00  0.0000
 -4.000E+01  6.228E+01  0.000E+00  0.0000
  0.000E+00  6.228E+01  0.000E+00  0.0000
  4.000E+01  6.228E+01  0.000E+00  0.0000
  8.000E+01  6.228E+01  0.000E+00  0.0000
  1.200E+02  6.228E+01  0.000E+00  0.0000
  1.600E+02  6.228E+01  0.000E+00  0.0000
  2.000E+02  6.228E+01  0.000E+00  0.0000
  2.400E+02  6.228E+01  0.000E+00  0.0000
  2.800E+02  6.228E+01  0.000E+00  0.0000
  3.200E+02  6.228E+01  0.000E+00  0.0000
  3.600E+02  6.228E+01  0.000E+00  0.0000
  4.000E+02  6.228E+01  0.000E+00  0.0000
  4.400E+02  6.228E+01  0.000E+00  0.0000
  4.800E+02  6.228E+01  0.000E+00  0.0000
  5.200E+02  6.228E+01  0.000E+00  0.0000
  5.600E+02  6.228E+01  0.000E+00  0.0000
  6.000E+02  6.228E+01  0.000E+00  0.0000
  6.400E+02  6.228E+01  0.000E+00  0.0000
  6.800E+02  6.228E+01  0.000E+00  0.0000
 -6.800E+02  1.016E+02  0.000E+00  0.0000
 -6.400E+02  1.016E+02  0.000E+00  0.0000
 -6.000E+02  1.016E+02  0.000E+00  0.0000
 -5.600E+02  1.016E+02  0.000E+00  0.0000
 -5.200E+02  1.016E+02  0.000E+00  0.0000
 -4.800E+02  1.016E+02  0.000E+00  0.0000
 -4.400E+02  1.016E+02  0.000E+00  0.0000
 -4.000E+02  1.016E+02  0.000E+00  0.0000
 -3.600E+02  1.016E+02  0.000E+00  0.0000
 -3.200E+02  1.016E+02  5.863E-05  1.0000
 -2.800E+02  1.016E+02  1.033E-04  1.0000
 -2.400E+02  1.016E+02  0.000E+00  0.0000
 -2.000E+02  1.016E+02  0.000E+00  0.0000
 -1.600E+02  1.016E+02  0.000E+00  0.0000
 -1.200E+02  1.016E+02  0.000E+00  0.0000
 -8.000E+01  1.016E+02  0.000E+00  0.0000
 -4.000E+01  1.016E+02  0.000E+00  0.0000
  0.000E+00  1.016E+02  0.000E+00  0.0000
  4.000E+01  1.016E+02  0.000E+00  0.0000
  8.000E+01  1.016E+02  0.000E+00  0.0000
  1.200E+02  1.016E+02  0.000E+00  0.0000
  1.600E+02  1.016E+02  0.000E+00  0.0000
  2.000E+02  1.016E+02  0.000E+00  0.0000
  2.400E+02  1.016E+02  0.000E+00  0.0000
  2.800E+02  1.016E+02  0.000E+00  0.0000
  3.200E+02  1.016E+02  0.000E+00  0.0000
  3.600E+02  1.016E+02  0.000E+00  0.0000
  4.000E+02  1.016E+02  0.000E+00  0.0000
  4.400E+02  1.016E+02  0.000E+00  0.0000
  4.800E+02  1.016E+02  0.000E+00  0.0000
  5.200E+02  1.016E+02  0.000E+00  0.0000
  5.600E+02  1.016E+02  0.000E+00  0.0000
  6.000E+02  1.016E+02  0.000E+00  0.0000
  6.400E+02  1.016E+02  0.000E+00  0.0000
  6.800E+02  1.016E+02  0.000E+00  0.0000
 -6.800E+02  1.410E+02  0.000E+00  0.0000
 -6.400E+02  1.410E+02  0.000E+00  0.0000
 -6.000E+02  1.410E+02  0.000E+00  0.0000
 -5.600E+02  1.410E+02  0.000E+00  0.0000
 -5.200E+02  1.410E+02  0.000E+00  0.0000
 -4.800E+02  1.410E+02  0.000E+00  0.0000
 -4.400E+02  1.410E+02  0.000E+00  0.0000
 -4.000E+02  1.410E+02  0.000E+00  0.0000
 -3.600E+02  1.410E+02  0.000E+00  0.0000
 -3.200E+02  1.410E+02  1.620E-04  1.0000
 -2.800E+02  1.410E+02  0.000E+00  0.0000
 -2.400E+02  1.410E+02  0.000E+00  0.0000
 -2.000E+02  1.410E+02  0.000E+00  0.0000
 -1.600E+02  1.410E+02  0.000E+00  0.0000
 -1.200E+02  1.410E+02  0.000E+00  0.0000
 -8.000E+01  1.410E+02  0.000E+00  0.0000
 -4.000E+01  1.410E+02  0.000E+00  0.0000
  0.000E+00  1.410E+02  0.000E+00  0.0000
  4.000E+01  1.410E+02  0.000E+00  0.0000
  8.000E+01  1.410E+02  0.000E+00  0.0000
  1.200E+02  1.410E+02  0.000E+00  0.0000
  1.600E+02  1.410E+02  0.000E+00  0.0000
  2.000E+02  1.410E+02  0.000E+00  0.0000
  2.400E+02  1.410E+02  0.000E+00  0.0000
  2.800E+02  1.410E+02  0.000E+00  0.0000
  3.200E+02  1.410E+02  0.000E+00  0.0000
  3.600E+02  1.410E+02  0.000E+00  0.0000
  4.000E+02  1.410E+02  0.000E+00  0.0000
  4.400E+02  1.410E+02  0.000E+00  0.0000
  4.800E+02  1.410E+02  0.000E+00  0.0000
  5.200E+02  1.410E+02  0.000E+00  0.0000
  5.600E+02  1.410E+02  0.000E+00  0.0000
  6.000E+02  1.410E+02  0.000E+00  0.0000
  6.400E+02  1.410E+02  0.000E+00  0.0000
  6.800E+02  1.410E+02  0.000E+00  0.0000
 -6.800E+02  1.803E+02  0.000E+00  0.0000
 -6.400E+02  1.803E+02  0.000E+00  0.0000
 -6.000E+02  1.803E+02  0.000E+00  0.0000
 -5.600E+02  1.803E+02  0.000E+00  0.0000
 -5.200E+02  1.803E+02  0.000E+00  0.0000
 -4.800E+02  1.803E+02  0.000E+00  0.0000
 -4.400E+02  1.803E+02  0.000E+00  0.0000
 -4.000E+02  1.803E+02  0.000E+00  0.0000
 -3.600E+02  1.803E+02  0.000E+00  0.0000
 -3.200E+02  1.803E+02  1.620E-04  1.0000
 -2.800E+02  1.803E+02  0.000E+00  0.0000
 -2.400E+02  1.803E+02  0.000E+00  0.0000
 -2.000E+02  1.803E+02  0.000E+00  0.0000
 -1.600E+02  1.803E+02  0.000E+00  0.0000
 -1.200E+02  1.803E+02  0.000E+00  0.0000
 -8.000E+01  1.803E+02  0.000E+00  0.0000
 -4.000E+01  1.803E+02  0.000E+00  0.0000
  0.000E+00  1.803E+02  0.000E+00  0.0000
  4.000E+01  1.803E+02  0.000E+00  0.0000
  8.000E+01  1.803E+02  0.000E+00  0.0000
  1.200E+02  1.803E+02  0.000E+00  0.0000
  1.600E+02  1.803E+02  0.000E+00  0.0000
  2.000E+02  1.803E+02  0.000E+00  0.0000
  2.400E+02  1.803E+02  0.000E+00  0.0000
  2.800E+02  1.803E+02  0.000E+00  0.0000
  3.200E+02  1.803E+02  0.000E+00  0.0000
  3.600E+02  1.803E+02  0.000E+00  0.0000
  4.000E+02  1.803E+02  0.000E+00  0.0000
  4.400E+02  1.803E+02  0.000E+00  0.0000
  4.800E+02  1.803E+02  0.000E+00  0.0000
  5.200E+02  1.803E+02  0.000E+00  0.0000
  5.600E+02  1.803E+02  0.000E+00  0.0000
  6.000E+02  1.803E+02  0.000E+00  0.0000
  6.400E+02  1.803E+02  0.000E+00  0.0000
  6.800E+02  1.803E+02  0.000E+00  0.0000

#------------------------------------------------------------------------------
 newpage:
#   no. =  3   ie  =  3   iy  =  1   part. = neutron 
#   e = (   1.0000E-01  -   2.0000E+01  )
#   y = (  -1.0000E+03  -   1.0000E+03  )
#  nx =  35   nz =  23

# x          z          flux       r.err
 -6.800E+02 -6.853E+02  0.000E+00  0.0000
 -6.400E+02 -6.853E+02  0.000E+00  0.0000
 -6.000E+02 -6.853E+02  0.000E+00  0.0000
 -5.600E+02 -6.853E+02  0.000E+00  0.0000
 -5.200E+02 -6.853E+02  0.000E+00  0.0000
 -4.800E+02 -6.853E+02  0.000E+00  0.0000
 -4.400E+02 -6.853E+02  0.000E+00  0.0000
 -4.000E+02 -6.853E+02  0.000E+00  0.0000
 -3.600E+02 -6.853E+02  9.271E-05  1.0000
 -3.200E+02 -6.853E+02  0.000E+00  0.0000
 -2.800E+02 -6.853E+02  0.000E+00  0.0000
 -2.400E+02 -6.853E+02  0.000E+00  0.0000
 -2.000E+02 -6.853E+02  4.480E-04  1.0000
 -1.600E+02 -6.853E+02  4.325E-04  0.7071
 -1.200E+02 -6.853E+02  3.776E-05  1.0000
 -8.000E+01 -6.853E+02  0.000E+00  0.0000
 -4.000E+01 -6.853E+02  0.000E+00  0.0000
  0.000E+00 -6.853E+02  0.000E+00  0.0000
  4.000E+01 -6.853E+02  0.000E+00  0.0000
  8.000E+01 -6.853E+02  1.210E-04  1.0000
  1.200E+02 -6.853E+02  2.393E-04  0.7774
  1.600E+02 -6.853E+02  2.727E-04  1.0000
  2.000E+02 -6.853E+02  0.000E+00  0.0000
  2.400E+02 -6.853E+02  0.000E+00  0.0000
  2.800E+02 -6.853E+02  0.000E+00  0.0000
  3.200E+02 -6.853E+02  0.000E+00  0.0000
  3.600E+02 -6.853E+02  1.681E-05  1.0000
  4.000E+02 -6.853E+02  2.661E-04  1.0000
  4.400E+02 -6.853E+02  0.000E+00  0.0000
  4.800E+02 -6.853E+02  7.583E-05  1.0000
  5.200E+02 -6.853E+02  0.000E+00  0.0000
  5.600E+02 -6.853E+02  0.000E+00  0.0000
  6.000E+02 -6.853E+02  0.000E+00  0.0000
  6.400E+02 -6.853E+02  0.000E+00  0.0000
  6.800E+02 -6.853E+02  5.391E-05  1.0000
 -6.800E+02 -6.460E+02  0.000E+00  0.0000
 -6.400E+02 -6.460E+02  0.000E+00  0.0000
 -6.000E+02 -6.460E+02  0.000E+00  0.0000
 -5.600E+02 -6.460E+02  0.000E+00  0.0000
 -5.200E+02 -6.460E+02  0.000E+00  0.0000
 -4.800E+02 -6.460E+02  1.558E-04  1.0000
 -4.400E+02 -6.460E+02  3.343E-05  1.0000
 -4.000E+02 -6.460E+02  0.000E+00  0.0000
 -3.600E+02 -6.460E+02  0.000E+00  0.0000
 -3.200E+02 -6.460E+02  0.000E+00  0.0000
 -2.800E+02 -6.460E+02  0.000E+00  0.0000
 -2.400E+02 -6.460E+02  9.559E-05  1.0000
 -2.000E+02 -6.460E+02  3.094E-04  0.7704
 -1.600E+02 -6.460E+02  2.055E-04  1.0000
 -1.200E+02 -6.460E+02  1.719E-04  0.7724
 -8.000E+01 -6.460E+02  0.000E+00  0.0000
 -4.000E+01 -6.460E+02  0.000E+00  0.0000
  0.000E+00 -6.460E+02  0.000E+00  0.0000
  4.000E+01 -6.460E+02  0.000E+00  0.0000
  8.000E+01 -6.460E+02  0.000E+00  0.0000
  1.200E+02 -6.460E+02  0.000E+00  0.0000
  1.600E+02 -6.460E+02  5.336E-05  1.0000
  2.000E+02 -6.460E+02  0.000E+00  0.0000
  2.400E+02 -6.460E+02  0.000E+00  0.0000
  2.800E+02 -6.460E+02  0.000E+00  0.0000
  3.200E+02 -6.460E+02  0.000E+00  0.0000
  3.600E+02 -6.460E+02  2.507E-05  1.0000
  4.000E+02 -6.460E+02  1.612E-05  1.0000
  4.400E+02 -6.460E+02  0.000E+00  0.0000
  4.800E+02 -6.460E+02  0.000E+00  0.0000
  5.200E+02 -6.460E+02  0.000E+00  0.0000
  5.600E+02 -6.460E+02  1.127E-04  1.0000
  6.000E+02 -6.460E+02  0.000E+00  0.0000
  6.400E+02 -6.460E+02  0.000E+00  0.0000
  6.800E+02 -6.460E+02  1.133E-04  1.0000
 -6.800E+02 -6.066E+02  0.000E+00  0.0000
 -6.400E+02 -6.066E+02  0.000E+00  0.0000
 -6.000E+02 -6.066E+02  0.000E+00  0.0000
 -5.600E+02 -6.066E+02  0.000E+00  0.0000
 -5.200E+02 -6.066E+02  0.000E+00  0.0000
 -4.800E+02 -6.066E+02  0.000E+00  0.0000
 -4.400E+02 -6.066E+02  1.853E-04  1.0000
 -4.000E+02 -6.066E+02  3.524E-05  1.0000
 -3.600E+02 -6.066E+02  7.751E-06  1.0000
 -3.200E+02 -6.066E+02  5.463E-05  1.0000
 -2.800E+02 -6.066E+02  8.030E-06  1.0000
 -2.400E+02 -6.066E+02  4.532E-04  1.0000
 -2.000E+02 -6.066E+02  9.777E-05  0.7134
 -1.600E+02 -6.066E+02  0.000E+00  0.0000
 -1.200E+02 -6.066E+02  1.846E-04  0.8251
 -8.000E+01 -6.066E+02  0.000E+00  0.0000
 -4.000E+01 -6.066E+02  0.000E+00  0.0000
  0.000E+00 -6.066E+02  0.000E+00  0.0000
  4.000E+01 -6.066E+02  0.000E+00  0.0000
  8.000E+01 -6.066E+02  0.000E+00  0.0000
  1.200E+02 -6.066E+02  1.884E-04  1.0000
  1.600E+02 -6.066E+02  1.894E-04  1.0000
  2.000E+02 -6.066E+02  0.000E+00  0.0000
  2.400E+02 -6.066E+02  0.000E+00  0.0000
  2.800E+02 -6.066E+02  0.000E+00  0.0000
  3.200E+02 -6.066E+02  4.206E-05  1.0000
  3.600E+02 -6.066E+02  4.127E-06  1.0000
  4.000E+02 -6.066E+02  0.000E+00  0.0000
  4.400E+02 -6.066E+02  0.000E+00  0.0000
  4.800E+02 -6.066E+02  0.000E+00  0.0000
  5.200E+02 -6.066E+02  0.000E+00  0.0000
  5.600E+02 -6.066E+02  0.000E+00  0.0000
  6.000E+02 -6.066E+02  1.153E-05  1.0000
  6.400E+02 -6.066E+02  3.003E-05  1.0000
  6.800E+02 -6.066E+02  2.054E-04  0.8033
 -6.800E+02 -5.673E+02  0.000E+00  0.0000
 -6.400E+02 -5.673E+02  0.000E+00  0.0000
 -6.000E+02 -5.673E+02  1.307E-04  1.0000
 -5.600E+02 -5.673E+02  0.000E+00  0.0000
 -5.200E+02 -5.673E+02  0.000E+00  0.0000
 -4.800E+02 -5.673E+02  1.984E-04  1.0000
 -4.400E+02 -5.673E+02  1.620E-04  1.0000
 -4.000E+02 -5.673E+02  0.000E+00  0.0000
 -3.600E+02 -5.673E+02  6.450E-05  1.0000
 -3.200E+02 -5.673E+02  1.437E-04  1.0000
 -2.800E+02 -5.673E+02  8.122E-05  1.0000
 -2.400E+02 -5.673E+02  1.096E-04  1.0000
 -2.000E+02 -5.673E+02  3.795E-04  0.7723
 -1.600E+02 -5.673E+02  1.774E-04  0.7697
 -1.200E+02 -5.673E+02  5.168E-05  1.0000
 -8.000E+01 -5.673E+02  2.366E-05  1.0000
 -4.000E+01 -5.673E+02  0.000E+00  0.0000
  0.000E+00 -5.673E+02  4.316E-05  1.0000
  4.000E+01 -5.673E+02  0.000E+00  0.0000
  8.000E+01 -5.673E+02  1.001E-04  1.0000
  1.200E+02 -5.673E+02  8.555E-05  1.0000
  1.600E+02 -5.673E+02  2.876E-05  1.0000
  2.000E+02 -5.673E+02  0.000E+00  0.0000
  2.400E+02 -5.673E+02  3.091E-04  1.0000
  2.800E+02 -5.673E+02  3.116E-04  0.8008
  3.200E+02 -5.673E+02  6.118E-05  1.0000
  3.600E+02 -5.673E+02  1.957E-04  1.0000
  4.000E+02 -5.673E+02  0.000E+00  0.0000
  4.400E+02 -5.673E+02  0.000E+00  0.0000
  4.800E+02 -5.673E+02  0.000E+00  0.0000
  5.200E+02 -5.673E+02  0.000E+00  0.0000
  5.600E+02 -5.673E+02  0.000E+00  0.0000
  6.000E+02 -5.673E+02  0.000E+00  0.0000
  6.400E+02 -5.673E+02  6.918E-05  1.0000
  6.800E+02 -5.673E+02  8.122E-05  1.0000
 -6.800E+02 -5.279E+02  0.000E+00  0.0000
 -6.400E+02 -5.279E+02  0.000E+00  0.0000
 -6.000E+02 -5.279E+02  2.438E-04  0.6703
 -5.600E+02 -5.279E+02  4.318E-04  0.7207
 -5.200E+02 -5.279E+02  1.555E-04  1.0000
 -4.800E+02 -5.279E+02  0.000E+00  0.0000
 -4.400E+02 -5.279E+02  0.000E+00  0.0000
 -4.000E+02 -5.279E+02  0.000E+00  0.0000
 -3.600E+02 -5.279E+02  0.000E+00  0.0000
 -3.200E+02 -5.279E+02  1.348E-04  1.0000
 -2.800E+02 -5.279E+02  0.000E+00  0.0000
 -2.400E+02 -5.279E+02  0.000E+00  0.0000
 -2.000E+02 -5.279E+02  0.000E+00  0.0000
 -1.600E+02 -5.279E+02  9.274E-05  1.0000
 -1.200E+02 -5.279E+02  0.000E+00  0.0000
 -8.000E+01 -5.279E+02  1.910E-04  1.0000
 -4.000E+01 -5.279E+02  0.000E+00  0.0000
  0.000E+00 -5.279E+02  1.530E-04  1.0000
  4.000E+01 -5.279E+02  2.205E-04  1.0000
  8.000E+01 -5.279E+02  0.000E+00  0.0000
  1.200E+02 -5.279E+02  0.000E+00  0.0000
  1.600E+02 -5.279E+02  0.000E+00  0.0000
  2.000E+02 -5.279E+02  0.000E+00  0.0000
  2.400E+02 -5.279E+02  3.040E-04  0.8696
  2.800E+02 -5.279E+02  3.481E-07  1.0000
  3.200E+02 -5.279E+02  0.000E+00  0.0000
  3.600E+02 -5.279E+02  0.000E+00  0.0000
  4.000E+02 -5.279E+02  0.000E+00  0.0000
  4.400E+02 -5.279E+02  0.000E+00  0.0000
  4.800E+02 -5.279E+02  1.066E-04  1.0000
  5.200E+02 -5.279E+02  0.000E+00  0.0000
  5.600E+02 -5.279E+02  0.000E+00  0.0000
  6.000E+02 -5.279E+02  1.275E-05  1.0000
  6.400E+02 -5.279E+02  0.000E+00  0.0000
  6.800E+02 -5.279E+02  2.262E-04  1.0000
 -6.800E+02 -4.886E+02  0.000E+00  0.0000
 -6.400E+02 -4.886E+02  7.148E-05  1.0000
 -6.000E+02 -4.886E+02  1.004E-04  1.0000
 -5.600E+02 -4.886E+02  1.765E-04  0.7272
 -5.200E+02 -4.886E+02  5.754E-05  1.0000
 -4.800E+02 -4.886E+02  0.000E+00  0.0000
 -4.400E+02 -4.886E+02  0.000E+00  0.0000
 -4.000E+02 -4.886E+02  0.000E+00  0.0000
 -3.600E+02 -4.886E+02  2.539E-04  0.7148
 -3.200E+02 -4.886E+02  3.749E-04  0.7803
 -2.800E+02 -4.886E+02  5.049E-05  0.7935
 -2.400E+02 -4.886E+02  0.000E+00  0.0000
 -2.000E+02 -4.886E+02  0.000E+00  0.0000
 -1.600E+02 -4.886E+02  0.000E+00  0.0000
 -1.200E+02 -4.886E+02  3.948E-04  0.7416
 -8.000E+01 -4.886E+02  5.197E-05  1.0000
 -4.000E+01 -4.886E+02  0.000E+00  0.0000
  0.000E+00 -4.886E+02  0.000E+00  0.0000
  4.000E+01 -4.886E+02  0.000E+00  0.0000
  8.000E+01 -4.886E+02  3.351E-04  1.0000
  1.200E+02 -4.886E+02  3.226E-05  0.9159
  1.600E+02 -4.886E+02  3.921E-05  1.0000
  2.000E+02 -4.886E+02  1.506E-04  1.0000
  2.400E+02 -4.886E+02  1.524E-05  1.0000
  2.800E+02 -4.886E+02  0.000E+00  0.0000
  3.200E+02 -4.886E+02  0.000E+00  0.0000
  3.600E+02 -4.886E+02  0.000E+00  0.0000
  4.000E+02 -4.886E+02  0.000E+00  0.0000
  4.400E+02 -4.886E+02  0.000E+00  0.0000
  4.800E+02 -4.886E+02  0.000E+00  0.0000
  5.200E+02 -4.886E+02  1.112E-04  1.0000
  5.600E+02 -4.886E+02  0.000E+00  0.0000
  6.000E+02 -4.886E+02  2.278E-04  0.8471
  6.400E+02 -4.886E+02  7.730E-05  1.0000
  6.800E+02 -4.886E+02  1.853E-04  1.0000
 -6.800E+02 -4.492E+02  0.000E+00  0.0000
 -6.400E+02 -4.492E+02  2.220E-05  1.0000
 -6.000E+02 -4.492E+02  5.214E-05  1.0000
 -5.600E+02 -4.492E+02  0.000E+00  0.0000
 -5.200E+02 -4.492E+02  0.000E+00  0.0000
 -4.800E+02 -4.492E+02  0.000E+00  0.0000
 -4.400E+02 -4.492E+02  9.990E-05  0.9281
 -4.000E+02 -4.492E+02  5.008E-04  1.0000
 -3.600E+02 -4.492E+02  1.687E-04  1.0000
 -3.200E+02 -4.492E+02  3.636E-05  1.0000
 -2.800E+02 -4.492E+02  1.507E-04  1.0000
 -2.400E+02 -4.492E+02  0.000E+00  0.0000
 -2.000E+02 -4.492E+02  0.000E+00  0.0000
 -1.600E+02 -4.492E+02  0.000E+00  0.0000
 -1.200E+02 -4.492E+02  4.085E-04  0.7913
 -8.000E+01 -4.492E+02  1.904E-04  0.8419
 -4.000E+01 -4.492E+02  0.000E+00  0.0000
  0.000E+00 -4.492E+02  0.000E+00  0.0000
  4.000E+01 -4.492E+02  1.234E-04  1.0000
  8.000E+01 -4.492E+02  1.851E-04  1.0000
  1.200E+02 -4.492E+02  0.000E+00  0.0000
  1.600E+02 -4.492E+02  0.000E+00  0.0000
  2.000E+02 -4.492E+02  6.506E-05  1.0000
  2.400E+02 -4.492E+02  0.000E+00  0.0000
  2.800E+02 -4.492E+02  0.000E+00  0.0000
  3.200E+02 -4.492E+02  2.183E-04  1.0000
  3.600E+02 -4.492E+02  0.000E+00  0.0000
  4.000E+02 -4.492E+02  5.150E-05  1.0000
  4.400E+02 -4.492E+02  8.973E-05  1.0000
  4.800E+02 -4.492E+02  3.812E-04  1.0000
  5.200E+02 -4.492E+02  2.675E-04  1.0000
  5.600E+02 -4.492E+02  0.000E+00  0.0000
  6.000E+02 -4.492E+02  1.609E-04  1.0000
  6.400E+02 -4.492E+02  0.000E+00  0.0000
  6.800E+02 -4.492E+02  7.332E-05  1.0000
 -6.800E+02 -4.099E+02  0.000E+00  0.0000
 -6.400E+02 -4.099E+02  2.906E-04  0.7215
 -6.000E+02 -4.099E+02  2.223E-05  1.0000
 -5.600E+02 -4.099E+02  1.997E-04  1.0000
 -5.200E+02 -4.099E+02  0.000E+00  0.0000
 -4.800E+02 -4.099E+02  0.000E+00  0.0000
 -4.400E+02 -4.099E+02  2.628E-05  1.0000
 -4.000E+02 -4.099E+02  0.000E+00  0.0000
 -3.600E+02 -4.099E+02  0.000E+00  0.0000
 -3.200E+02 -4.099E+02  0.000E+00  0.0000
 -2.800E+02 -4.099E+02  1.685E-04  1.0000
 -2.400E+02 -4.099E+02  0.000E+00  0.0000
 -2.000E+02 -4.099E+02  1.009E-04  1.0000
 -1.600E+02 -4.099E+02  0.000E+00  0.0000
 -1.200E+02 -4.099E+02  1.838E-05  1.0000
 -8.000E+01 -4.099E+02  8.712E-05  1.0000
 -4.000E+01 -4.099E+02  7.104E-05  1.0000
  0.000E+00 -4.099E+02  1.678E-04  1.0000
  4.000E+01 -4.099E+02  0.000E+00  0.0000
  8.000E+01 -4.099E+02  8.103E-05  1.0000
  1.200E+02 -4.099E+02  2.312E-04  1.0000
  1.600E+02 -4.099E+02  0.000E+00  0.0000
  2.000E+02 -4.099E+02  6.925E-05  0.8285
  2.400E+02 -4.099E+02  6.209E-04  0.6341
  2.800E+02 -4.099E+02  2.137E-05  1.0000
  3.200E+02 -4.099E+02  3.025E-04  0.6693
  3.600E+02 -4.099E+02  4.054E-05  1.0000
  4.000E+02 -4.099E+02  0.000E+00  0.0000
  4.400E+02 -4.099E+02  5.170E-04  1.0000
  4.800E+02 -4.099E+02  9.245E-05  1.0000
  5.200E+02 -4.099E+02  0.000E+00  0.0000
  5.600E+02 -4.099E+02  0.000E+00  0.0000
  6.000E+02 -4.099E+02  0.000E+00  0.0000
  6.400E+02 -4.099E+02  1.430E-04  0.7364
  6.800E+02 -4.099E+02  0.000E+00  0.0000
 -6.800E+02 -3.705E+02  8.169E-05  1.0000
 -6.400E+02 -3.705E+02  8.231E-05  1.0000
 -6.000E+02 -3.705E+02  0.000E+00  0.0000
 -5.600E+02 -3.705E+02  0.000E+00  0.0000
 -5.200E+02 -3.705E+02  0.000E+00  0.0000
 -4.800E+02 -3.705E+02  7.156E-05  0.7253
 -4.400E+02 -3.705E+02  4.349E-05  1.0000
 -4.000E+02 -3.705E+02  0.000E+00  0.0000
 -3.600E+02 -3.705E+02  0.000E+00  0.0000
 -3.200E+02 -3.705E+02  0.000E+00  0.0000
 -2.800E+02 -3.705E+02  1.882E-04  1.0000
 -2.400E+02 -3.705E+02  8.921E-05  1.0000
 -2.000E+02 -3.705E+02  0.000E+00  0.0000
 -1.600E+02 -3.705E+02  0.000E+00  0.0000
 -1.200E+02 -3.705E+02  0.000E+00  0.0000
 -8.000E+01 -3.705E+02  0.000E+00  0.0000
 -4.000E+01 -3.705E+02  2.070E-04  0.8268
  0.000E+00 -3.705E+02  1.428E-04  1.0000
  4.000E+01 -3.705E+02  2.059E-04  0.7302
  8.000E+01 -3.705E+02  6.207E-04  0.7119
  1.200E+02 -3.705E+02  3.325E-04  0.9016
  1.600E+02 -3.705E+02  9.839E-05  1.0000
  2.000E+02 -3.705E+02  0.000E+00  0.0000
  2.400E+02 -3.705E+02  0.000E+00  0.0000
  2.800E+02 -3.705E+02  0.000E+00  0.0000
  3.200E+02 -3.705E+02  0.000E+00  0.0000
  3.600E+02 -3.705E+02  0.000E+00  0.0000
  4.000E+02 -3.705E+02  0.000E+00  0.0000
  4.400E+02 -3.705E+02  0.000E+00  0.0000
  4.800E+02 -3.705E+02  0.000E+00  0.0000
  5.200E+02 -3.705E+02  0.000E+00  0.0000
  5.600E+02 -3.705E+02  0.000E+00  0.0000
  6.000E+02 -3.705E+02  0.000E+00  0.0000
  6.400E+02 -3.705E+02  5.685E-04  0.9327
  6.800E+02 -3.705E+02  2.999E-04  0.7151
 -6.800E+02 -3.312E+02  3.050E-04  0.7511
 -6.400E+02 -3.312E+02  0.000E+00  0.0000
 -6.000E+02 -3.312E+02  3.355E-05  1.0000
 -5.600E+02 -3.312E+02  9.571E-05  1.0000
 -5.200E+02 -3.312E+02  2.018E-04  1.0000
 -4.800E+02 -3.312E+02  2.169E-04  1.0000
 -4.400E+02 -3.312E+02  0.000E+00  0.0000
 -4.000E+02 -3.312E+02  0.000E+00  0.0000
 -3.600E+02 -3.312E+02  3.011E-04  0.6919
 -3.200E+02 -3.312E+02  2.107E-04  0.8447
 -2.800E+02 -3.312E+02  5.357E-04  0.5774
 -2.400E+02 -3.312E+02  0.000E+00  0.0000
 -2.000E+02 -3.312E+02  0.000E+00  0.0000
 -1.600E+02 -3.312E+02  0.000E+00  0.0000
 -1.200E+02 -3.312E+02  0.000E+00  0.0000
 -8.000E+01 -3.312E+02  0.000E+00  0.0000
 -4.000E+01 -3.312E+02  2.897E-04  0.7147
  0.000E+00 -3.312E+02  1.563E-04  1.0000
  4.000E+01 -3.312E+02  5.340E-04  0.7359
  8.000E+01 -3.312E+02  3.475E-04  0.6667
  1.200E+02 -3.312E+02  0.000E+00  0.0000
  1.600E+02 -3.312E+02  0.000E+00  0.0000
  2.000E+02 -3.312E+02  2.052E-05  1.0000
  2.400E+02 -3.312E+02  1.164E-04  1.0000
  2.800E+02 -3.312E+02  0.000E+00  0.0000
  3.200E+02 -3.312E+02  0.000E+00  0.0000
  3.600E+02 -3.312E+02  0.000E+00  0.0000
  4.000E+02 -3.312E+02  0.000E+00  0.0000
  4.400E+02 -3.312E+02  1.497E-04  1.0000
  4.800E+02 -3.312E+02  1.649E-04  1.0000
  5.200E+02 -3.312E+02  4.273E-04  1.0000
  5.600E+02 -3.312E+02  5.059E-04  0.5216
  6.000E+02 -3.312E+02  4.630E-04  0.6336
  6.400E+02 -3.312E+02  0.000E+00  0.0000
  6.800E+02 -3.312E+02  1.031E-04  1.0000
 -6.800E+02 -2.918E+02  5.105E-04  0.6545
 -6.400E+02 -2.918E+02  0.000E+00  0.0000
 -6.000E+02 -2.918E+02  2.520E-04  0.8538
 -5.600E+02 -2.918E+02  1.117E-04  0.9895
 -5.200E+02 -2.918E+02  2.307E-04  0.7859
 -4.800E+02 -2.918E+02  0.000E+00  0.0000
 -4.400E+02 -2.918E+02  0.000E+00  0.0000
 -4.000E+02 -2.918E+02  0.000E+00  0.0000
 -3.600E+02 -2.918E+02  2.902E-04  0.6200
 -3.200E+02 -2.918E+02  0.000E+00  0.0000
 -2.800E+02 -2.918E+02  0.000E+00  0.0000
 -2.400E+02 -2.918E+02  1.866E-04  1.0000
 -2.000E+02 -2.918E+02  0.000E+00  0.0000
 -1.600E+02 -2.918E+02  6.638E-04  0.6632
 -1.200E+02 -2.918E+02  2.043E-04  0.8696
 -8.000E+01 -2.918E+02  2.390E-05  1.0000
 -4.000E+01 -2.918E+02  4.151E-04  0.6217
  0.000E+00 -2.918E+02  3.580E-04  0.7951
  4.000E+01 -2.918E+02  2.001E-04  0.9175
  8.000E+01 -2.918E+02  3.304E-04  0.7146
  1.200E+02 -2.918E+02  0.000E+00  0.0000
  1.600E+02 -2.918E+02  0.000E+00  0.0000
  2.000E+02 -2.918E+02  4.658E-05  1.0000
  2.400E+02 -2.918E+02  2.812E-04  1.0000
  2.800E+02 -2.918E+02  0.000E+00  0.0000
  3.200E+02 -2.918E+02  0.000E+00  0.0000
  3.600E+02 -2.918E+02  0.000E+00  0.0000
  4.000E+02 -2.918E+02  0.000E+00  0.0000
  4.400E+02 -2.918E+02  6.075E-06  1.0000
  4.800E+02 -2.918E+02  1.116E-04  1.0000
  5.200E+02 -2.918E+02  3.344E-04  1.0000
  5.600E+02 -2.918E+02  0.000E+00  0.0000
  6.000E+02 -2.918E+02  2.297E-05  1.0000
  6.400E+02 -2.918E+02  4.155E-05  1.0000
  6.800E+02 -2.918E+02  0.000E+00  0.0000
 -6.800E+02 -2.525E+02  0.000E+00  0.0000
 -6.400E+02 -2.525E+02  0.000E+00  0.0000
 -6.000E+02 -2.525E+02  2.354E-04  0.8829
 -5.600E+02 -2.525E+02  7.434E-04  0.5245
 -5.200E+02 -2.525E+02  6.198E-05  0.8862
 -4.800E+02 -2.525E+02  8.902E-05  1.0000
 -4.400E+02 -2.525E+02  0.000E+00  0.0000
 -4.000E+02 -2.525E+02  2.221E-04  1.0000
 -3.600E+02 -2.525E+02  3.089E-04  0.6489
 -3.200E+02 -2.525E+02  4.100E-04  0.6754
 -2.800E+02 -2.525E+02  0.000E+00  0.0000
 -2.400E+02 -2.525E+02  0.000E+00  0.0000
 -2.000E+02 -2.525E+02  8.856E-05  1.0000
 -1.600E+02 -2.525E+02  8.029E-05  1.0000
 -1.200E+02 -2.525E+02  2.651E-04  0.6902
 -8.000E+01 -2.525E+02  5.248E-04  0.5448
 -4.000E+01 -2.525E+02  4.446E-04  0.6569
  0.000E+00 -2.525E+02  5.205E-04  0.5675
  4.000E+01 -2.525E+02  1.440E-04  0.8435
  8.000E+01 -2.525E+02  2.305E-04  0.7245
  1.200E+02 -2.525E+02  1.814E-04  0.7107
  1.600E+02 -2.525E+02  2.180E-04  1.0000
  2.000E+02 -2.525E+02  0.000E+00  0.0000
  2.400E+02 -2.525E+02  0.000E+00  0.0000
  2.800E+02 -2.525E+02  4.110E-04  0.9146
  3.200E+02 -2.525E+02  0.000E+00  0.0000
  3.600E+02 -2.525E+02  6.168E-05  1.0000
  4.000E+02 -2.525E+02  0.000E+00  0.0000
  4.400E+02 -2.525E+02  8.954E-05  0.7076
  4.800E+02 -2.525E+02  6.362E-05  1.0000
  5.200E+02 -2.525E+02  0.000E+00  0.0000
  5.600E+02 -2.525E+02  0.000E+00  0.0000
  6.000E+02 -2.525E+02  4.289E-06  1.0000
  6.400E+02 -2.525E+02  2.837E-05  1.0000
  6.800E+02 -2.525E+02  1.837E-05  1.0000
 -6.800E+02 -2.132E+02  2.364E-04  1.0000
 -6.400E+02 -2.132E+02  0.000E+00  0.0000
 -6.000E+02 -2.132E+02  4.141E-04  0.6830
 -5.600E+02 -2.132E+02  5.372E-04  0.6438
 -5.200E+02 -2.132E+02  3.466E-04  0.6874
 -4.800E+02 -2.132E+02  1.335E-05  1.0000
 -4.400E+02 -2.132E+02  0.000E+00  0.0000
 -4.000E+02 -2.132E+02  1.517E-05  1.0000
 -3.600E+02 -2.132E+02  0.000E+00  0.0000
 -3.200E+02 -2.132E+02  1.745E-05  1.0000
 -2.800E+02 -2.132E+02  0.000E+00  0.0000
 -2.400E+02 -2.132E+02  0.000E+00  0.0000
 -2.000E+02 -2.132E+02  1.953E-05  1.0000
 -1.600E+02 -2.132E+02  2.597E-04  0.7427
 -1.200E+02 -2.132E+02  1.120E-04  1.0000
 -8.000E+01 -2.132E+02  4.655E-04  0.6062
 -4.000E+01 -2.132E+02  2.121E-04  0.6976
  0.000E+00 -2.132E+02  2.370E-04  0.7622
  4.000E+01 -2.132E+02  6.750E-05  1.0000
  8.000E+01 -2.132E+02  3.273E-04  0.7138
  1.200E+02 -2.132E+02  3.528E-04  0.7090
  1.600E+02 -2.132E+02  1.574E-04  1.0000
  2.000E+02 -2.132E+02  0.000E+00  0.0000
  2.400E+02 -2.132E+02  5.482E-04  0.6027
  2.800E+02 -2.132E+02  4.892E-04  0.5364
  3.200E+02 -2.132E+02  1.152E-05  1.0000
  3.600E+02 -2.132E+02  0.000E+00  0.0000
  4.000E+02 -2.132E+02  3.004E-04  0.6027
  4.400E+02 -2.132E+02  2.460E-04  1.0000
  4.800E+02 -2.132E+02  4.055E-05  1.0000
  5.200E+02 -2.132E+02  1.486E-04  1.0000
  5.600E+02 -2.132E+02  4.978E-05  1.0000
  6.000E+02 -2.132E+02  0.000E+00  0.0000
  6.400E+02 -2.132E+02  1.848E-05  1.0000
  6.800E+02 -2.132E+02  4.852E-04  0.7323
 -6.800E+02 -1.738E+02  2.055E-04  1.0000
 -6.400E+02 -1.738E+02  9.036E-05  1.0000
 -6.000E+02 -1.738E+02  6.189E-05  0.7266
 -5.600E+02 -1.738E+02  0.000E+00  0.0000
 -5.200E+02 -1.738E+02  1.440E-04  1.0000
 -4.800E+02 -1.738E+02  1.252E-04  1.0000
 -4.400E+02 -1.738E+02  0.000E+00  0.0000
 -4.000E+02 -1.738E+02  8.320E-06  1.0000
 -3.600E+02 -1.738E+02  0.000E+00  0.0000
 -3.200E+02 -1.738E+02  0.000E+00  0.0000
 -2.800E+02 -1.738E+02  0.000E+00  0.0000
 -2.400E+02 -1.738E+02  5.665E-04  1.0000
 -2.000E+02 -1.738E+02  0.000E+00  0.0000
 -1.600E+02 -1.738E+02  4.731E-04  0.6747
 -1.200E+02 -1.738E+02  2.947E-04  0.7832
 -8.000E+01 -1.738E+02  1.797E-04  1.0000
 -4.000E+01 -1.738E+02  1.991E-04  0.7172
  0.000E+00 -1.738E+02  2.966E-04  0.7122
  4.000E+01 -1.738E+02  0.000E+00  0.0000
  8.000E+01 -1.738E+02  1.410E-04  1.0000
  1.200E+02 -1.738E+02  9.544E-06  1.0000
  1.600E+02 -1.738E+02  2.479E-04  0.7688
  2.000E+02 -1.738E+02  0.000E+00  0.0000
  2.400E+02 -1.738E+02  1.699E-04  0.7071
  2.800E+02 -1.738E+02  7.383E-05  1.0000
  3.200E+02 -1.738E+02  1.193E-04  1.0000
  3.600E+02 -1.738E+02  3.289E-04  0.8241
  4.000E+02 -1.738E+02  5.372E-04  0.8939
  4.400E+02 -1.738E+02  3.584E-04  0.7177
  4.800E+02 -1.738E+02  2.771E-05  1.0000
  5.200E+02 -1.738E+02  0.000E+00  0.0000
  5.600E+02 -1.738E+02  1.067E-04  1.0000
  6.000E+02 -1.738E+02  2.209E-04  1.0000
  6.400E+02 -1.738E+02  0.000E+00  0.0000
  6.800E+02 -1.738E+02  3.473E-04  0.7419
 -6.800E+02 -1.345E+02  0.000E+00  0.0000
 -6.400E+02 -1.345E+02  1.316E-04  1.0000
 -6.000E+02 -1.345E+02  1.809E-05  1.0000
 -5.600E+02 -1.345E+02  0.000E+00  0.0000
 -5.200E+02 -1.345E+02  0.000E+00  0.0000
 -4.800E+02 -1.345E+02  0.000E+00  0.0000
 -4.400E+02 -1.345E+02  1.753E-05  1.0000
 -4.000E+02 -1.345E+02  8.049E-05  1.0000
 -3.600E+02 -1.345E+02  4.191E-05  1.0000
 -3.200E+02 -1.345E+02  0.000E+00  0.0000
 -2.800E+02 -1.345E+02  1.407E-06  1.0000
 -2.400E+02 -1.345E+02  1.580E-04  1.0000
 -2.000E+02 -1.345E+02  1.510E-04  1.0000
 -1.600E+02 -1.345E+02  3.481E-04  0.5793
 -1.200E+02 -1.345E+02  2.793E-04  0.7074
 -8.000E+01 -1.345E+02  2.270E-04  0.7693
 -4.000E+01 -1.345E+02  0.000E+00  0.0000
  0.000E+00 -1.345E+02  5.318E-05  0.9223
  4.000E+01 -1.345E+02  3.261E-04  0.7071
  8.000E+01 -1.345E+02  2.170E-04  0.7380
  1.200E+02 -1.345E+02  1.431E-04  1.0000
  1.600E+02 -1.345E+02  8.601E-05  1.0000
  2.000E+02 -1.345E+02  0.000E+00  0.0000
  2.400E+02 -1.345E+02  1.848E-05  1.0000
  2.800E+02 -1.345E+02  1.803E-04  0.7307
  3.200E+02 -1.345E+02  1.359E-04  0.8159
  3.600E+02 -1.345E+02  1.455E-04  1.0000
  4.000E+02 -1.345E+02  1.154E-04  1.0000
  4.400E+02 -1.345E+02  7.338E-05  1.0000
  4.800E+02 -1.345E+02  2.245E-05  1.0000
  5.200E+02 -1.345E+02  2.291E-06  1.0000
  5.600E+02 -1.345E+02  1.050E-04  0.8102
  6.000E+02 -1.345E+02  0.000E+00  0.0000
  6.400E+02 -1.345E+02  0.000E+00  0.0000
  6.800E+02 -1.345E+02  6.638E-05  1.0000
 -6.800E+02 -9.511E+01  9.755E-05  1.0000
 -6.400E+02 -9.511E+01  2.922E-04  1.0000
 -6.000E+02 -9.511E+01  0.000E+00  0.0000
 -5.600E+02 -9.511E+01  0.000E+00  0.0000
 -5.200E+02 -9.511E+01  0.000E+00  0.0000
 -4.800E+02 -9.511E+01  0.000E+00  0.0000
 -4.400E+02 -9.511E+01  2.330E-04  0.7297
 -4.000E+02 -9.511E+01  7.485E-04  0.5686
 -3.600E+02 -9.511E+01  3.568E-04  0.7273
 -3.200E+02 -9.511E+01  6.465E-04  0.6407
 -2.800E+02 -9.511E+01  3.559E-04  0.7339
 -2.400E+02 -9.511E+01  9.286E-05  1.0000
 -2.000E+02 -9.511E+01  0.000E+00  0.0000
 -1.600E+02 -9.511E+01  2.394E-04  1.0000
 -1.200E+02 -9.511E+01  1.484E-04  1.0000
 -8.000E+01 -9.511E+01  8.525E-05  1.0000
 -4.000E+01 -9.511E+01  0.000E+00  0.0000
  0.000E+00 -9.511E+01  0.000E+00  0.0000
  4.000E+01 -9.511E+01  3.317E-04  0.5828
  8.000E+01 -9.511E+01  4.056E-04  0.6139
  1.200E+02 -9.511E+01  1.155E-04  1.0000
  1.600E+02 -9.511E+01  2.726E-04  0.7200
  2.000E+02 -9.511E+01  1.589E-04  1.0000
  2.400E+02 -9.511E+01  0.000E+00  0.0000
  2.800E+02 -9.511E+01  0.000E+00  0.0000
  3.200E+02 -9.511E+01  2.881E-04  0.7888
  3.600E+02 -9.511E+01  2.057E-04  0.7268
  4.000E+02 -9.511E+01  4.282E-04  0.7894
  4.400E+02 -9.511E+01  0.000E+00  0.0000
  4.800E+02 -9.511E+01  4.389E-04  0.7230
  5.200E+02 -9.511E+01  2.796E-04  1.0000
  5.600E+02 -9.511E+01  1.531E-04  1.0000
  6.000E+02 -9.511E+01  9.519E-05  1.0000
  6.400E+02 -9.511E+01  1.806E-04  1.0000
  6.800E+02 -9.511E+01  0.000E+00  0.0000
 -6.800E+02 -5.576E+01  0.000E+00  0.0000
 -6.400E+02 -5.576E+01  2.138E-05  0.9662
 -6.000E+02 -5.576E+01  1.191E-04  1.0000
 -5.600E+02 -5.576E+01  1.353E-04  1.0000
 -5.200E+02 -5.576E+01  0.000E+00  0.0000
 -4.800E+02 -5.576E+01  7.723E-05  1.0000
 -4.400E+02 -5.576E+01  3.931E-04  0.7336
 -4.000E+02 -5.576E+01  2.104E-04  0.9160
 -3.600E+02 -5.576E+01  8.164E-05  1.0000
 -3.200E+02 -5.576E+01  1.422E-04  0.7066
 -2.800E+02 -5.576E+01  3.412E-04  0.8565
 -2.400E+02 -5.576E+01  3.857E-04  1.0000
 -2.000E+02 -5.576E+01  1.289E-04  1.0000
 -1.600E+02 -5.576E+01  0.000E+00  0.0000
 -1.200E+02 -5.576E+01  3.833E-05  1.0000
 -8.000E+01 -5.576E+01  2.123E-05  1.0000
 -4.000E+01 -5.576E+01  0.000E+00  0.0000
  0.000E+00 -5.576E+01  0.000E+00  0.0000
  4.000E+01 -5.576E+01  1.339E-04  1.0000
  8.000E+01 -5.576E+01  2.366E-04  1.0000
  1.200E+02 -5.576E+01  3.907E-04  0.6069
  1.600E+02 -5.576E+01  0.000E+00  0.0000
  2.000E+02 -5.576E+01  8.875E-05  1.0000
  2.400E+02 -5.576E+01  0.000E+00  0.0000
  2.800E+02 -5.576E+01  9.818E-05  1.0000
  3.200E+02 -5.576E+01  2.625E-04  0.6802
  3.600E+02 -5.576E+01  1.386E-05  1.0000
  4.000E+02 -5.576E+01  0.000E+00  0.0000
  4.400E+02 -5.576E+01  0.000E+00  0.0000
  4.800E+02 -5.576E+01  0.000E+00  0.0000
  5.200E+02 -5.576E+01  0.000E+00  0.0000
  5.600E+02 -5.576E+01  4.124E-04  0.7076
  6.000E+02 -5.576E+01  3.954E-04  0.7987
  6.400E+02 -5.576E+01  1.406E-04  1.0000
  6.800E+02 -5.576E+01  0.000E+00  0.0000
 -6.800E+02 -1.641E+01  2.400E-06  1.0000
 -6.400E+02 -1.641E+01  5.178E-04  0.6345
 -6.000E+02 -1.641E+01  0.000E+00  0.0000
 -5.600E+02 -1.641E+01  5.739E-05  1.0000
 -5.200E+02 -1.641E+01  0.000E+00  0.0000
 -4.800E+02 -1.641E+01  0.000E+00  0.0000
 -4.400E+02 -1.641E+01  7.117E-05  1.0000
 -4.000E+02 -1.641E+01  0.000E+00  0.0000
 -3.600E+02 -1.641E+01  0.000E+00  0.0000
 -3.200E+02 -1.641E+01  1.543E-04  1.0000
 -2.800E+02 -1.641E+01  1.428E-04  0.9379
 -2.400E+02 -1.641E+01  0.000E+00  0.0000
 -2.000E+02 -1.641E+01  5.307E-05  1.0000
 -1.600E+02 -1.641E+01  3.752E-05  1.0000
 -1.200E+02 -1.641E+01  2.468E-04  0.7520
 -8.000E+01 -1.641E+01  0.000E+00  0.0000
 -4.000E+01 -1.641E+01  0.000E+00  0.0000
  0.000E+00 -1.641E+01  1.695E-04  0.7143
  4.000E+01 -1.641E+01  2.336E-04  0.6028
  8.000E+01 -1.641E+01  2.864E-04  1.0000
  1.200E+02 -1.641E+01  0.000E+00  0.0000
  1.600E+02 -1.641E+01  2.556E-04  1.0000
  2.000E+02 -1.641E+01  0.000E+00  0.0000
  2.400E+02 -1.641E+01  1.101E-04  0.7481
  2.800E+02 -1.641E+01  0.000E+00  0.0000
  3.200E+02 -1.641E+01  8.980E-05  1.0000
  3.600E+02 -1.641E+01  0.000E+00  0.0000
  4.000E+02 -1.641E+01  5.029E-04  1.0000
  4.400E+02 -1.641E+01  4.770E-05  1.0000
  4.800E+02 -1.641E+01  0.000E+00  0.0000
  5.200E+02 -1.641E+01  0.000E+00  0.0000
  5.600E+02 -1.641E+01  0.000E+00  0.0000
  6.000E+02 -1.641E+01  0.000E+00  0.0000
  6.400E+02 -1.641E+01  0.000E+00  0.0000
  6.800E+02 -1.641E+01  1.346E-04  1.0000
 -6.800E+02  2.293E+01  0.000E+00  0.0000
 -6.400E+02  2.293E+01  0.000E+00  0.0000
 -6.000E+02  2.293E+01  0.000E+00  0.0000
 -5.600E+02  2.293E+01  0.000E+00  0.0000
 -5.200E+02  2.293E+01  0.000E+00  0.0000
 -4.800E+02  2.293E+01  0.000E+00  0.0000
 -4.400E+02  2.293E+01  0.000E+00  0.0000
 -4.000E+02  2.293E+01  0.000E+00  0.0000
 -3.600E+02  2.293E+01  0.000E+00  0.0000
 -3.200E+02  2.293E+01  0.000E+00  0.0000
 -2.800E+02  2.293E+01  1.615E-04  1.0000
 -2.400E+02  2.293E+01  0.000E+00  0.0000
 -2.000E+02  2.293E+01  1.897E-04  1.0000
 -1.600E+02  2.293E+01  6.212E-05  1.0000
 -1.200E+02  2.293E+01  0.000E+00  0.0000
 -8.000E+01  2.293E+01  0.000E+00  0.0000
 -4.000E+01  2.293E+01  0.000E+00  0.0000
  0.000E+00  2.293E+01  0.000E+00  0.0000
  4.000E+01  2.293E+01  4.769E-04  0.7998
  8.000E+01  2.293E+01  7.806E-05  1.0000
  1.200E+02  2.293E+01  0.000E+00  0.0000
  1.600E+02  2.293E+01  0.000E+00  0.0000
  2.000E+02  2.293E+01  4.136E-05  1.0000
  2.400E+02  2.293E+01  1.983E-04  1.0000
  2.800E+02  2.293E+01  5.927E-05  1.0000
  3.200E+02  2.293E+01  1.386E-04  1.0000
  3.600E+02  2.293E+01  0.000E+00  0.0000
  4.000E+02  2.293E+01  0.000E+00  0.0000
  4.400E+02  2.293E+01  1.892E-04  1.0000
  4.800E+02  2.293E+01  0.000E+00  0.0000
  5.200E+02  2.293E+01  0.000E+00  0.0000
  5.600E+02  2.293E+01  0.000E+00  0.0000
  6.000E+02  2.293E+01  0.000E+00  0.0000
  6.400E+02  2.293E+01  0.000E+00  0.0000
  6.800E+02  2.293E+01  0.000E+00  0.0000
 -6.800E+02  6.228E+01  0.000E+00  0.0000
 -6.400E+02  6.228E+01  0.000E+00  0.0000
 -6.000E+02  6.228E+01  0.000E+00  0.0000
 -5.600E+02  6.228E+01  0.000E+00  0.0000
 -5.200E+02  6.228E+01  0.000E+00  0.0000
 -4.800E+02  6.228E+01  0.000E+00  0.0000
 -4.400E+02  6.228E+01  0.000E+00  0.0000
 -4.000E+02  6.228E+01  0.000E+00  0.0000
 -3.600E+02  6.228E+01  0.000E+00  0.0000
 -3.200E+02  6.228E+01  0.000E+00  0.0000
 -2.800E+02  6.228E+01  1.615E-04  1.0000
 -2.400E+02  6.228E+01  1.025E-04  1.0000
 -2.000E+02  6.228E+01  1.494E-04  1.0000
 -1.600E+02  6.228E+01  0.000E+00  0.0000
 -1.200E+02  6.228E+01  0.000E+00  0.0000
 -8.000E+01  6.228E+01  0.000E+00  0.0000
 -4.000E+01  6.228E+01  0.000E+00  0.0000
  0.000E+00  6.228E+01  0.000E+00  0.0000
  4.000E+01  6.228E+01  3.645E-04  1.0000
  8.000E+01  6.228E+01  9.353E-05  1.0000
  1.200E+02  6.228E+01  9.690E-05  1.0000
  1.600E+02  6.228E+01  0.000E+00  0.0000
  2.000E+02  6.228E+01  2.397E-04  1.0000
  2.400E+02  6.228E+01  0.000E+00  0.0000
  2.800E+02  6.228E+01  1.979E-04  1.0000
  3.200E+02  6.228E+01  0.000E+00  0.0000
  3.600E+02  6.228E+01  0.000E+00  0.0000
  4.000E+02  6.228E+01  0.000E+00  0.0000
  4.400E+02  6.228E+01  1.892E-04  1.0000
  4.800E+02  6.228E+01  0.000E+00  0.0000
  5.200E+02  6.228E+01  0.000E+00  0.0000
  5.600E+02  6.228E+01  0.000E+00  0.0000
  6.000E+02  6.228E+01  0.000E+00  0.0000
  6.400E+02  6.228E+01  0.000E+00  0.0000
  6.800E+02  6.228E+01  0.000E+00  0.0000
 -6.800E+02  1.016E+02  0.000E+00  0.0000
 -6.400E+02  1.016E+02  0.000E+00  0.0000
 -6.000E+02  1.016E+02  0.000E+00  0.0000
 -5.600E+02  1.016E+02  0.000E+00  0.0000
 -5.200E+02  1.016E+02  0.000E+00  0.0000
 -4.800E+02  1.016E+02  0.000E+00  0.0000
 -4.400E+02  1.016E+02  0.000E+00  0.0000
 -4.000E+02  1.016E+02  0.000E+00  0.0000
 -3.600E+02  1.016E+02  0.000E+00  0.0000
 -3.200E+02  1.016E+02  0.000E+00  0.0000
 -2.800E+02  1.016E+02  1.767E-04  0.9180
 -2.400E+02  1.016E+02  2.367E-04  1.0000
 -2.000E+02  1.016E+02  0.000E+00  0.0000
 -1.600E+02  1.016E+02  0.000E+00  0.0000
 -1.200E+02  1.016E+02  0.000E+00  0.0000
 -8.000E+01  1.016E+02  0.000E+00  0.0000
 -4.000E+01  1.016E+02  0.000E+00  0.0000
  0.000E+00  1.016E+02  0.000E+00  0.0000
  4.000E+01  1.016E+02  3.077E-04  1.0000
  8.000E+01  1.016E+02  5.685E-05  1.0000
  1.200E+02  1.016E+02  7.469E-05  1.0000
  1.600E+02  1.016E+02  3.101E-04  0.7294
  2.000E+02  1.016E+02  4.530E-05  1.0000
  2.400E+02  1.016E+02  0.000E+00  0.0000
  2.800E+02  1.016E+02  1.979E-04  1.0000
  3.200E+02  1.016E+02  0.000E+00  0.0000
  3.600E+02  1.016E+02  0.000E+00  0.0000
  4.000E+02  1.016E+02  0.000E+00  0.0000
  4.400E+02  1.016E+02  3.078E-04  0.7254
  4.800E+02  1.016E+02  1.957E-04  1.0000
  5.200E+02  1.016E+02  1.957E-04  1.0000
  5.600E+02  1.016E+02  1.957E-04  1.0000
  6.000E+02  1.016E+02  1.957E-04  1.0000
  6.400E+02  1.016E+02  1.957E-04  1.0000
  6.800E+02  1.016E+02  1.957E-04  1.0000
 -6.800E+02  1.410E+02  0.000E+00  0.0000
 -6.400E+02  1.410E+02  0.000E+00  0.0000
 -6.000E+02  1.410E+02  0.000E+00  0.0000
 -5.600E+02  1.410E+02  0.000E+00  0.0000
 -5.200E+02  1.410E+02  0.000E+00  0.0000
 -4.800E+02  1.410E+02  0.000E+00  0.0000
 -4.400E+02  1.410E+02  0.000E+00  0.0000
 -4.000E+02  1.410E+02  0.000E+00  0.0000
 -3.600E+02  1.410E+02  0.000E+00  0.0000
 -3.200E+02  1.410E+02  0.000E+00  0.0000
 -2.800E+02  1.410E+02  4.134E-04  0.7237
 -2.400E+02  1.410E+02  0.000E+00  0.0000
 -2.000E+02  1.410E+02  0.000E+00  0.0000
 -1.600E+02  1.410E+02  0.000E+00  0.0000
 -1.200E+02  1.410E+02  0.000E+00  0.0000
 -8.000E+01  1.410E+02  0.000E+00  0.0000
 -4.000E+01  1.410E+02  0.000E+00  0.0000
  0.000E+00  1.410E+02  0.000E+00  0.0000
  4.000E+01  1.410E+02  0.000E+00  0.0000
  8.000E+01  1.410E+02  3.645E-04  1.0000
  1.200E+02  1.410E+02  2.190E-04  0.7071
  1.600E+02  1.410E+02  3.835E-04  0.6324
  2.000E+02  1.410E+02  3.303E-04  0.7191
  2.400E+02  1.410E+02  3.274E-04  0.7205
  2.800E+02  1.410E+02  2.619E-04  0.7888
  3.200E+02  1.410E+02  1.957E-04  1.0000
  3.600E+02  1.410E+02  1.957E-04  1.0000
  4.000E+02  1.410E+02  1.957E-04  1.0000
  4.400E+02  1.410E+02  2.664E-04  0.7671
  4.800E+02  1.410E+02  0.000E+00  0.0000
  5.200E+02  1.410E+02  0.000E+00  0.0000
  5.600E+02  1.410E+02  0.000E+00  0.0000
  6.000E+02  1.410E+02  0.000E+00  0.0000
  6.400E+02  1.410E+02  0.000E+00  0.0000
  6.800E+02  1.410E+02  0.000E+00  0.0000
 -6.800E+02  1.803E+02  0.000E+00  0.0000
 -6.400E+02  1.803E+02  0.000E+00  0.0000
 -6.000E+02  1.803E+02  0.000E+00  0.0000
 -5.600E+02  1.803E+02  0.000E+00  0.0000
 -5.200E+02  1.803E+02  0.000E+00  0.0000
 -4.800E+02  1.803E+02  0.000E+00  0.0000
 -4.400E+02  1.803E+02  0.000E+00  0.0000
 -4.000E+02  1.803E+02  0.000E+00  0.0000
 -3.600E+02  1.803E+02  0.000E+00  0.0000
 -3.200E+02  1.803E+02  1.798E-04  1.0000
 -2.800E+02  1.803E+02  2.336E-04  0.7571
 -2.400E+02  1.803E+02  0.000E+00  0.0000
 -2.000E+02  1.803E+02  1.039E-04  1.0000
 -1.600E+02  1.803E+02  1.957E-04  1.0000
 -1.200E+02  1.803E+02  1.957E-04  1.0000
 -8.000E+01  1.803E+02  1.957E-04  1.0000
 -4.000E+01  1.803E+02  1.957E-04  1.0000
  0.000E+00  1.803E+02  1.957E-04  1.0000
  4.000E+01  1.803E+02  1.957E-04  1.0000
  8.000E+01  1.803E+02  5.814E-04  0.7126
  1.200E+02  1.803E+02  3.031E-04  0.7732
  1.600E+02  1.803E+02  0.000E+00  0.0000
  2.000E+02  1.803E+02  3.701E-05  1.0000
  2.400E+02  1.803E+02  3.513E-04  0.7127
  2.800E+02  1.803E+02  0.000E+00  0.0000
  3.200E+02  1.803E+02  0.000E+00  0.0000
  3.600E+02  1.803E+02  0.000E+00  0.0000
  4.000E+02  1.803E+02  0.000E+00  0.0000
  4.400E+02  1.803E+02  1.892E-04  1.0000
  4.800E+02  1.803E+02  0.000E+00  0.0000
  5.200E+02  1.803E+02  0.000E+00  0.0000
  5.600E+02  1.803E+02  0.000E+00  0.0000
  6.000E+02  1.803E+02  0.000E+00  0.0000
  6.400E+02  1.803E+02  0.000E+00  0.0000
  6.800E+02  1.803E+02  0.000E+00  0.0000

#------------------------------------------------------------------------------
 newpage:
#   no. =  4   ie  =  4   iy  =  1   part. = neutron 
#   e = (   2.0000E+01  -   1.0000E+05  )
#   y = (  -1.0000E+03  -   1.0000E+03  )
#  nx =  35   nz =  23

# x          z          flux       r.err
 -6.800E+02 -6.853E+02  0.000E+00  0.0000
 -6.400E+02 -6.853E+02  0.000E+00  0.0000
 -6.000E+02 -6.853E+02  0.000E+00  0.0000
 -5.600E+02 -6.853E+02  0.000E+00  0.0000
 -5.200E+02 -6.853E+02  0.000E+00  0.0000
 -4.800E+02 -6.853E+02  0.000E+00  0.0000
 -4.400E+02 -6.853E+02  0.000E+00  0.0000
 -4.000E+02 -6.853E+02  0.000E+00  0.0000
 -3.600E+02 -6.853E+02  0.000E+00  0.0000
 -3.200E+02 -6.853E+02  0.000E+00  0.0000
 -2.800E+02 -6.853E+02  0.000E+00  0.0000
 -2.400E+02 -6.853E+02  0.000E+00  0.0000
 -2.000E+02 -6.853E+02  0.000E+00  0.0000
 -1.600E+02 -6.853E+02  0.000E+00  0.0000
 -1.200E+02 -6.853E+02  0.000E+00  0.0000
 -8.000E+01 -6.853E+02  0.000E+00  0.0000
 -4.000E+01 -6.853E+02  0.000E+00  0.0000
  0.000E+00 -6.853E+02  0.000E+00  0.0000
  4.000E+01 -6.853E+02  0.000E+00  0.0000
  8.000E+01 -6.853E+02  0.000E+00  0.0000
  1.200E+02 -6.853E+02  0.000E+00  0.0000
  1.600E+02 -6.853E+02  0.000E+00  0.0000
  2.000E+02 -6.853E+02  0.000E+00  0.0000
  2.400E+02 -6.853E+02  0.000E+00  0.0000
  2.800E+02 -6.853E+02  0.000E+00  0.0000
  3.200E+02 -6.853E+02  0.000E+00  0.0000
  3.600E+02 -6.853E+02  0.000E+00  0.0000
  4.000E+02 -6.853E+02  0.000E+00  0.0000
  4.400E+02 -6.853E+02  0.000E+00  0.0000
  4.800E+02 -6.853E+02  0.000E+00  0.0000
  5.200E+02 -6.853E+02  0.000E+00  0.0000
  5.600E+02 -6.853E+02  0.000E+00  0.0000
  6.000E+02 -6.853E+02  0.000E+00  0.0000
  6.400E+02 -6.853E+02  0.000E+00  0.0000
  6.800E+02 -6.853E+02  0.000E+00  0.0000
 -6.800E+02 -6.460E+02  0.000E+00  0.0000
 -6.400E+02 -6.460E+02  0.000E+00  0.0000
 -6.000E+02 -6.460E+02  0.000E+00  0.0000
 -5.600E+02 -6.460E+02  0.000E+00  0.0000
 -5.200E+02 -6.460E+02  0.000E+00  0.0000
 -4.800E+02 -6.460E+02  0.000E+00  0.0000
 -4.400E+02 -6.460E+02  0.000E+00  0.0000
 -4.000E+02 -6.460E+02  0.000E+00  0.0000
 -3.600E+02 -6.460E+02  0.000E+00  0.0000
 -3.200E+02 -6.460E+02  0.000E+00  0.0000
 -2.800E+02 -6.460E+02  0.000E+00  0.0000
 -2.400E+02 -6.460E+02  0.000E+00  0.0000
 -2.000E+02 -6.460E+02  0.000E+00  0.0000
 -1.600E+02 -6.460E+02  0.000E+00  0.0000
 -1.200E+02 -6.460E+02  0.000E+00  0.0000
 -8.000E+01 -6.460E+02  0.000E+00  0.0000
 -4.000E+01 -6.460E+02  0.000E+00  0.0000
  0.000E+00 -6.460E+02  0.000E+00  0.0000
  4.000E+01 -6.460E+02  0.000E+00  0.0000
  8.000E+01 -6.460E+02  0.000E+00  0.0000
  1.200E+02 -6.460E+02  0.000E+00  0.0000
  1.600E+02 -6.460E+02  0.000E+00  0.0000
  2.000E+02 -6.460E+02  0.000E+00  0.0000
  2.400E+02 -6.460E+02  0.000E+00  0.0000
  2.800E+02 -6.460E+02  0.000E+00  0.0000
  3.200E+02 -6.460E+02  0.000E+00  0.0000
  3.600E+02 -6.460E+02  0.000E+00  0.0000
  4.000E+02 -6.460E+02  0.000E+00  0.0000
  4.400E+02 -6.460E+02  0.000E+00  0.0000
  4.800E+02 -6.460E+02  0.000E+00  0.0000
  5.200E+02 -6.460E+02  0.000E+00  0.0000
  5.600E+02 -6.460E+02  0.000E+00  0.0000
  6.000E+02 -6.460E+02  0.000E+00  0.0000
  6.400E+02 -6.460E+02  0.000E+00  0.0000
  6.800E+02 -6.460E+02  0.000E+00  0.0000
 -6.800E+02 -6.066E+02  0.000E+00  0.0000
 -6.400E+02 -6.066E+02  0.000E+00  0.0000
 -6.000E+02 -6.066E+02  0.000E+00  0.0000
 -5.600E+02 -6.066E+02  0.000E+00  0.0000
 -5.200E+02 -6.066E+02  0.000E+00  0.0000
 -4.800E+02 -6.066E+02  0.000E+00  0.0000
 -4.400E+02 -6.066E+02  0.000E+00  0.0000
 -4.000E+02 -6.066E+02  0.000E+00  0.0000
 -3.600E+02 -6.066E+02  0.000E+00  0.0000
 -3.200E+02 -6.066E+02  0.000E+00  0.0000
 -2.800E+02 -6.066E+02  0.000E+00  0.0000
 -2.400E+02 -6.066E+02  0.000E+00  0.0000
 -2.000E+02 -6.066E+02  0.000E+00  0.0000
 -1.600E+02 -6.066E+02  0.000E+00  0.0000
 -1.200E+02 -6.066E+02  0.000E+00  0.0000
 -8.000E+01 -6.066E+02  0.000E+00  0.0000
 -4.000E+01 -6.066E+02  0.000E+00  0.0000
  0.000E+00 -6.066E+02  0.000E+00  0.0000
  4.000E+01 -6.066E+02  0.000E+00  0.0000
  8.000E+01 -6.066E+02  0.000E+00  0.0000
  1.200E+02 -6.066E+02  0.000E+00  0.0000
  1.600E+02 -6.066E+02  0.000E+00  0.0000
  2.000E+02 -6.066E+02  0.000E+00  0.0000
  2.400E+02 -6.066E+02  0.000E+00  0.0000
  2.800E+02 -6.066E+02  0.000E+00  0.0000
  3.200E+02 -6.066E+02  0.000E+00  0.0000
  3.600E+02 -6.066E+02  0.000E+00  0.0000
  4.000E+02 -6.066E+02  0.000E+00  0.0000
  4.400E+02 -6.066E+02  0.000E+00  0.0000
  4.800E+02 -6.066E+02  0.000E+00  0.0000
  5.200E+02 -6.066E+02  0.000E+00  0.0000
  5.600E+02 -6.066E+02  0.000E+00  0.0000
  6.000E+02 -6.066E+02  0.000E+00  0.0000
  6.400E+02 -6.066E+02  0.000E+00  0.0000
  6.800E+02 -6.066E+02  0.000E+00  0.0000
 -6.800E+02 -5.673E+02  0.000E+00  0.0000
 -6.400E+02 -5.673E+02  0.000E+00  0.0000
 -6.000E+02 -5.673E+02  0.000E+00  0.0000
 -5.600E+02 -5.673E+02  0.000E+00  0.0000
 -5.200E+02 -5.673E+02  0.000E+00  0.0000
 -4.800E+02 -5.673E+02  0.000E+00  0.0000
 -4.400E+02 -5.673E+02  0.000E+00  0.0000
 -4.000E+02 -5.673E+02  0.000E+00  0.0000
 -3.600E+02 -5.673E+02  0.000E+00  0.0000
 -3.200E+02 -5.673E+02  0.000E+00  0.0000
 -2.800E+02 -5.673E+02  0.000E+00  0.0000
 -2.400E+02 -5.673E+02  0.000E+00  0.0000
 -2.000E+02 -5.673E+02  0.000E+00  0.0000
 -1.600E+02 -5.673E+02  0.000E+00  0.0000
 -1.200E+02 -5.673E+02  0.000E+00  0.0000
 -8.000E+01 -5.673E+02  0.000E+00  0.0000
 -4.000E+01 -5.673E+02  0.000E+00  0.0000
  0.000E+00 -5.673E+02  0.000E+00  0.0000
  4.000E+01 -5.673E+02  0.000E+00  0.0000
  8.000E+01 -5.673E+02  0.000E+00  0.0000
  1.200E+02 -5.673E+02  0.000E+00  0.0000
  1.600E+02 -5.673E+02  0.000E+00  0.0000
  2.000E+02 -5.673E+02  0.000E+00  0.0000
  2.400E+02 -5.673E+02  0.000E+00  0.0000
  2.800E+02 -5.673E+02  0.000E+00  0.0000
  3.200E+02 -5.673E+02  0.000E+00  0.0000
  3.600E+02 -5.673E+02  0.000E+00  0.0000
  4.000E+02 -5.673E+02  0.000E+00  0.0000
  4.400E+02 -5.673E+02  0.000E+00  0.0000
  4.800E+02 -5.673E+02  0.000E+00  0.0000
  5.200E+02 -5.673E+02  0.000E+00  0.0000
  5.600E+02 -5.673E+02  0.000E+00  0.0000
  6.000E+02 -5.673E+02  0.000E+00  0.0000
  6.400E+02 -5.673E+02  0.000E+00  0.0000
  6.800E+02 -5.673E+02  0.000E+00  0.0000
 -6.800E+02 -5.279E+02  0.000E+00  0.0000
 -6.400E+02 -5.279E+02  0.000E+00  0.0000
 -6.000E+02 -5.279E+02  0.000E+00  0.0000
 -5.600E+02 -5.279E+02  8.872E-05  1.0000
 -5.200E+02 -5.279E+02  0.000E+00  0.0000
 -4.800E+02 -5.279E+02  0.000E+00  0.0000
 -4.400E+02 -5.279E+02  0.000E+00  0.0000
 -4.000E+02 -5.279E+02  0.000E+00  0.0000
 -3.600E+02 -5.279E+02  0.000E+00  0.0000
 -3.200E+02 -5.279E+02  0.000E+00  0.0000
 -2.800E+02 -5.279E+02  0.000E+00  0.0000
 -2.400E+02 -5.279E+02  0.000E+00  0.0000
 -2.000E+02 -5.279E+02  0.000E+00  0.0000
 -1.600E+02 -5.279E+02  0.000E+00  0.0000
 -1.200E+02 -5.279E+02  0.000E+00  0.0000
 -8.000E+01 -5.279E+02  0.000E+00  0.0000
 -4.000E+01 -5.279E+02  0.000E+00  0.0000
  0.000E+00 -5.279E+02  0.000E+00  0.0000
  4.000E+01 -5.279E+02  0.000E+00  0.0000
  8.000E+01 -5.279E+02  0.000E+00  0.0000
  1.200E+02 -5.279E+02  0.000E+00  0.0000
  1.600E+02 -5.279E+02  0.000E+00  0.0000
  2.000E+02 -5.279E+02  0.000E+00  0.0000
  2.400E+02 -5.279E+02  0.000E+00  0.0000
  2.800E+02 -5.279E+02  0.000E+00  0.0000
  3.200E+02 -5.279E+02  0.000E+00  0.0000
  3.600E+02 -5.279E+02  0.000E+00  0.0000
  4.000E+02 -5.279E+02  0.000E+00  0.0000
  4.400E+02 -5.279E+02  0.000E+00  0.0000
  4.800E+02 -5.279E+02  0.000E+00  0.0000
  5.200E+02 -5.279E+02  0.000E+00  0.0000
  5.600E+02 -5.279E+02  0.000E+00  0.0000
  6.000E+02 -5.279E+02  0.000E+00  0.0000
  6.400E+02 -5.279E+02  0.000E+00  0.0000
  6.800E+02 -5.279E+02  2.445E-05  1.0000
 -6.800E+02 -4.886E+02  0.000E+00  0.0000
 -6.400E+02 -4.886E+02  0.000E+00  0.0000
 -6.000E+02 -4.886E+02  0.000E+00  0.0000
 -5.600E+02 -4.886E+02  1.990E-05  1.0000
 -5.200E+02 -4.886E+02  0.000E+00  0.0000
 -4.800E+02 -4.886E+02  0.000E+00  0.0000
 -4.400E+02 -4.886E+02  0.000E+00  0.0000
 -4.000E+02 -4.886E+02  0.000E+00  0.0000
 -3.600E+02 -4.886E+02  0.000E+00  0.0000
 -3.200E+02 -4.886E+02  0.000E+00  0.0000
 -2.800E+02 -4.886E+02  0.000E+00  0.0000
 -2.400E+02 -4.886E+02  0.000E+00  0.0000
 -2.000E+02 -4.886E+02  0.000E+00  0.0000
 -1.600E+02 -4.886E+02  0.000E+00  0.0000
 -1.200E+02 -4.886E+02  0.000E+00  0.0000
 -8.000E+01 -4.886E+02  0.000E+00  0.0000
 -4.000E+01 -4.886E+02  0.000E+00  0.0000
  0.000E+00 -4.886E+02  0.000E+00  0.0000
  4.000E+01 -4.886E+02  0.000E+00  0.0000
  8.000E+01 -4.886E+02  0.000E+00  0.0000
  1.200E+02 -4.886E+02  0.000E+00  0.0000
  1.600E+02 -4.886E+02  0.000E+00  0.0000
  2.000E+02 -4.886E+02  0.000E+00  0.0000
  2.400E+02 -4.886E+02  0.000E+00  0.0000
  2.800E+02 -4.886E+02  0.000E+00  0.0000
  3.200E+02 -4.886E+02  0.000E+00  0.0000
  3.600E+02 -4.886E+02  0.000E+00  0.0000
  4.000E+02 -4.886E+02  0.000E+00  0.0000
  4.400E+02 -4.886E+02  0.000E+00  0.0000
  4.800E+02 -4.886E+02  0.000E+00  0.0000
  5.200E+02 -4.886E+02  0.000E+00  0.0000
  5.600E+02 -4.886E+02  0.000E+00  0.0000
  6.000E+02 -4.886E+02  0.000E+00  0.0000
  6.400E+02 -4.886E+02  0.000E+00  0.0000
  6.800E+02 -4.886E+02  0.000E+00  0.0000
 -6.800E+02 -4.492E+02  0.000E+00  0.0000
 -6.400E+02 -4.492E+02  0.000E+00  0.0000
 -6.000E+02 -4.492E+02  0.000E+00  0.0000
 -5.600E+02 -4.492E+02  0.000E+00  0.0000
 -5.200E+02 -4.492E+02  0.000E+00  0.0000
 -4.800E+02 -4.492E+02  0.000E+00  0.0000
 -4.400E+02 -4.492E+02  0.000E+00  0.0000
 -4.000E+02 -4.492E+02  0.000E+00  0.0000
 -3.600E+02 -4.492E+02  0.000E+00  0.0000
 -3.200E+02 -4.492E+02  0.000E+00  0.0000
 -2.800E+02 -4.492E+02  0.000E+00  0.0000
 -2.400E+02 -4.492E+02  0.000E+00  0.0000
 -2.000E+02 -4.492E+02  0.000E+00  0.0000
 -1.600E+02 -4.492E+02  0.000E+00  0.0000
 -1.200E+02 -4.492E+02  0.000E+00  0.0000
 -8.000E+01 -4.492E+02  0.000E+00  0.0000
 -4.000E+01 -4.492E+02  0.000E+00  0.0000
  0.000E+00 -4.492E+02  0.000E+00  0.0000
  4.000E+01 -4.492E+02  0.000E+00  0.0000
  8.000E+01 -4.492E+02  0.000E+00  0.0000
  1.200E+02 -4.492E+02  0.000E+00  0.0000
  1.600E+02 -4.492E+02  0.000E+00  0.0000
  2.000E+02 -4.492E+02  0.000E+00  0.0000
  2.400E+02 -4.492E+02  0.000E+00  0.0000
  2.800E+02 -4.492E+02  0.000E+00  0.0000
  3.200E+02 -4.492E+02  4.132E-06  1.0000
  3.600E+02 -4.492E+02  0.000E+00  0.0000
  4.000E+02 -4.492E+02  0.000E+00  0.0000
  4.400E+02 -4.492E+02  0.000E+00  0.0000
  4.800E+02 -4.492E+02  0.000E+00  0.0000
  5.200E+02 -4.492E+02  0.000E+00  0.0000
  5.600E+02 -4.492E+02  0.000E+00  0.0000
  6.000E+02 -4.492E+02  0.000E+00  0.0000
  6.400E+02 -4.492E+02  0.000E+00  0.0000
  6.800E+02 -4.492E+02  0.000E+00  0.0000
 -6.800E+02 -4.099E+02  0.000E+00  0.0000
 -6.400E+02 -4.099E+02  0.000E+00  0.0000
 -6.000E+02 -4.099E+02  0.000E+00  0.0000
 -5.600E+02 -4.099E+02  0.000E+00  0.0000
 -5.200E+02 -4.099E+02  0.000E+00  0.0000
 -4.800E+02 -4.099E+02  0.000E+00  0.0000
 -4.400E+02 -4.099E+02  0.000E+00  0.0000
 -4.000E+02 -4.099E+02  0.000E+00  0.0000
 -3.600E+02 -4.099E+02  0.000E+00  0.0000
 -3.200E+02 -4.099E+02  0.000E+00  0.0000
 -2.800E+02 -4.099E+02  0.000E+00  0.0000
 -2.400E+02 -4.099E+02  0.000E+00  0.0000
 -2.000E+02 -4.099E+02  0.000E+00  0.0000
 -1.600E+02 -4.099E+02  0.000E+00  0.0000
 -1.200E+02 -4.099E+02  0.000E+00  0.0000
 -8.000E+01 -4.099E+02  0.000E+00  0.0000
 -4.000E+01 -4.099E+02  0.000E+00  0.0000
  0.000E+00 -4.099E+02  0.000E+00  0.0000
  4.000E+01 -4.099E+02  0.000E+00  0.0000
  8.000E+01 -4.099E+02  0.000E+00  0.0000
  1.200E+02 -4.099E+02  0.000E+00  0.0000
  1.600E+02 -4.099E+02  0.000E+00  0.0000
  2.000E+02 -4.099E+02  0.000E+00  0.0000
  2.400E+02 -4.099E+02  0.000E+00  0.0000
  2.800E+02 -4.099E+02  0.000E+00  0.0000
  3.200E+02 -4.099E+02  6.172E-05  1.0000
  3.600E+02 -4.099E+02  0.000E+00  0.0000
  4.000E+02 -4.099E+02  0.000E+00  0.0000
  4.400E+02 -4.099E+02  0.000E+00  0.0000
  4.800E+02 -4.099E+02  0.000E+00  0.0000
  5.200E+02 -4.099E+02  0.000E+00  0.0000
  5.600E+02 -4.099E+02  0.000E+00  0.0000
  6.000E+02 -4.099E+02  0.000E+00  0.0000
  6.400E+02 -4.099E+02  0.000E+00  0.0000
  6.800E+02 -4.099E+02  0.000E+00  0.0000
 -6.800E+02 -3.705E+02  3.208E-05  1.0000
 -6.400E+02 -3.705E+02  0.000E+00  0.0000
 -6.000E+02 -3.705E+02  0.000E+00  0.0000
 -5.600E+02 -3.705E+02  0.000E+00  0.0000
 -5.200E+02 -3.705E+02  0.000E+00  0.0000
 -4.800E+02 -3.705E+02  0.000E+00  0.0000
 -4.400E+02 -3.705E+02  0.000E+00  0.0000
 -4.000E+02 -3.705E+02  0.000E+00  0.0000
 -3.600E+02 -3.705E+02  0.000E+00  0.0000
 -3.200E+02 -3.705E+02  0.000E+00  0.0000
 -2.800E+02 -3.705E+02  0.000E+00  0.0000
 -2.400E+02 -3.705E+02  0.000E+00  0.0000
 -2.000E+02 -3.705E+02  0.000E+00  0.0000
 -1.600E+02 -3.705E+02  0.000E+00  0.0000
 -1.200E+02 -3.705E+02  0.000E+00  0.0000
 -8.000E+01 -3.705E+02  0.000E+00  0.0000
 -4.000E+01 -3.705E+02  0.000E+00  0.0000
  0.000E+00 -3.705E+02  0.000E+00  0.0000
  4.000E+01 -3.705E+02  0.000E+00  0.0000
  8.000E+01 -3.705E+02  0.000E+00  0.0000
  1.200E+02 -3.705E+02  0.000E+00  0.0000
  1.600E+02 -3.705E+02  0.000E+00  0.0000
  2.000E+02 -3.705E+02  0.000E+00  0.0000
  2.400E+02 -3.705E+02  0.000E+00  0.0000
  2.800E+02 -3.705E+02  0.000E+00  0.0000
  3.200E+02 -3.705E+02  0.000E+00  0.0000
  3.600E+02 -3.705E+02  0.000E+00  0.0000
  4.000E+02 -3.705E+02  0.000E+00  0.0000
  4.400E+02 -3.705E+02  0.000E+00  0.0000
  4.800E+02 -3.705E+02  0.000E+00  0.0000
  5.200E+02 -3.705E+02  0.000E+00  0.0000
  5.600E+02 -3.705E+02  0.000E+00  0.0000
  6.000E+02 -3.705E+02  0.000E+00  0.0000
  6.400E+02 -3.705E+02  0.000E+00  0.0000
  6.800E+02 -3.705E+02  0.000E+00  0.0000
 -6.800E+02 -3.312E+02  2.295E-05  1.0000
 -6.400E+02 -3.312E+02  0.000E+00  0.0000
 -6.000E+02 -3.312E+02  0.000E+00  0.0000
 -5.600E+02 -3.312E+02  0.000E+00  0.0000
 -5.200E+02 -3.312E+02  0.000E+00  0.0000
 -4.800E+02 -3.312E+02  0.000E+00  0.0000
 -4.400E+02 -3.312E+02  0.000E+00  0.0000
 -4.000E+02 -3.312E+02  0.000E+00  0.0000
 -3.600E+02 -3.312E+02  0.000E+00  0.0000
 -3.200E+02 -3.312E+02  0.000E+00  0.0000
 -2.800E+02 -3.312E+02  0.000E+00  0.0000
 -2.400E+02 -3.312E+02  0.000E+00  0.0000
 -2.000E+02 -3.312E+02  0.000E+00  0.0000
 -1.600E+02 -3.312E+02  0.000E+00  0.0000
 -1.200E+02 -3.312E+02  0.000E+00  0.0000
 -8.000E+01 -3.312E+02  0.000E+00  0.0000
 -4.000E+01 -3.312E+02  0.000E+00  0.0000
  0.000E+00 -3.312E+02  0.000E+00  0.0000
  4.000E+01 -3.312E+02  0.000E+00  0.0000
  8.000E+01 -3.312E+02  0.000E+00  0.0000
  1.200E+02 -3.312E+02  0.000E+00  0.0000
  1.600E+02 -3.312E+02  0.000E+00  0.0000
  2.000E+02 -3.312E+02  0.000E+00  0.0000
  2.400E+02 -3.312E+02  0.000E+00  0.0000
  2.800E+02 -3.312E+02  0.000E+00  0.0000
  3.200E+02 -3.312E+02  0.000E+00  0.0000
  3.600E+02 -3.312E+02  0.000E+00  0.0000
  4.000E+02 -3.312E+02  0.000E+00  0.0000
  4.400E+02 -3.312E+02  0.000E+00  0.0000
  4.800E+02 -3.312E+02  0.000E+00  0.0000
  5.200E+02 -3.312E+02  9.698E-05  1.0000
  5.600E+02 -3.312E+02  0.000E+00  0.0000
  6.000E+02 -3.312E+02  0.000E+00  0.0000
  6.400E+02 -3.312E+02  0.000E+00  0.0000
  6.800E+02 -3.312E+02  0.000E+00  0.0000
 -6.800E+02 -2.918E+02  0.000E+00  0.0000
 -6.400E+02 -2.918E+02  0.000E+00  0.0000
 -6.000E+02 -2.918E+02  0.000E+00  0.0000
 -5.600E+02 -2.918E+02  0.000E+00  0.0000
 -5.200E+02 -2.918E+02  0.000E+00  0.0000
 -4.800E+02 -2.918E+02  0.000E+00  0.0000
 -4.400E+02 -2.918E+02  0.000E+00  0.0000
 -4.000E+02 -2.918E+02  0.000E+00  0.0000
 -3.600E+02 -2.918E+02  0.000E+00  0.0000
 -3.200E+02 -2.918E+02  1.270E-05  1.0000
 -2.800E+02 -2.918E+02  0.000E+00  0.0000
 -2.400E+02 -2.918E+02  0.000E+00  0.0000
 -2.000E+02 -2.918E+02  0.000E+00  0.0000
 -1.600E+02 -2.918E+02  0.000E+00  0.0000
 -1.200E+02 -2.918E+02  0.000E+00  0.0000
 -8.000E+01 -2.918E+02  0.000E+00  0.0000
 -4.000E+01 -2.918E+02  0.000E+00  0.0000
  0.000E+00 -2.918E+02  0.000E+00  0.0000
  4.000E+01 -2.918E+02  0.000E+00  0.0000
  8.000E+01 -2.918E+02  0.000E+00  0.0000
  1.200E+02 -2.918E+02  0.000E+00  0.0000
  1.600E+02 -2.918E+02  0.000E+00  0.0000
  2.000E+02 -2.918E+02  0.000E+00  0.0000
  2.400E+02 -2.918E+02  0.000E+00  0.0000
  2.800E+02 -2.918E+02  0.000E+00  0.0000
  3.200E+02 -2.918E+02  0.000E+00  0.0000
  3.600E+02 -2.918E+02  0.000E+00  0.0000
  4.000E+02 -2.918E+02  0.000E+00  0.0000
  4.400E+02 -2.918E+02  0.000E+00  0.0000
  4.800E+02 -2.918E+02  0.000E+00  0.0000
  5.200E+02 -2.918E+02  2.275E-04  1.0000
  5.600E+02 -2.918E+02  0.000E+00  0.0000
  6.000E+02 -2.918E+02  0.000E+00  0.0000
  6.400E+02 -2.918E+02  0.000E+00  0.0000
  6.800E+02 -2.918E+02  0.000E+00  0.0000
 -6.800E+02 -2.525E+02  0.000E+00  0.0000
 -6.400E+02 -2.525E+02  0.000E+00  0.0000
 -6.000E+02 -2.525E+02  0.000E+00  0.0000
 -5.600E+02 -2.525E+02  0.000E+00  0.0000
 -5.200E+02 -2.525E+02  0.000E+00  0.0000
 -4.800E+02 -2.525E+02  0.000E+00  0.0000
 -4.400E+02 -2.525E+02  0.000E+00  0.0000
 -4.000E+02 -2.525E+02  0.000E+00  0.0000
 -3.600E+02 -2.525E+02  0.000E+00  0.0000
 -3.200E+02 -2.525E+02  0.000E+00  0.0000
 -2.800E+02 -2.525E+02  0.000E+00  0.0000
 -2.400E+02 -2.525E+02  0.000E+00  0.0000
 -2.000E+02 -2.525E+02  0.000E+00  0.0000
 -1.600E+02 -2.525E+02  0.000E+00  0.0000
 -1.200E+02 -2.525E+02  0.000E+00  0.0000
 -8.000E+01 -2.525E+02  0.000E+00  0.0000
 -4.000E+01 -2.525E+02  0.000E+00  0.0000
  0.000E+00 -2.525E+02  0.000E+00  0.0000
  4.000E+01 -2.525E+02  0.000E+00  0.0000
  8.000E+01 -2.525E+02  0.000E+00  0.0000
  1.200E+02 -2.525E+02  0.000E+00  0.0000
  1.600E+02 -2.525E+02  0.000E+00  0.0000
  2.000E+02 -2.525E+02  0.000E+00  0.0000
  2.400E+02 -2.525E+02  0.000E+00  0.0000
  2.800E+02 -2.525E+02  0.000E+00  0.0000
  3.200E+02 -2.525E+02  0.000E+00  0.0000
  3.600E+02 -2.525E+02  0.000E+00  0.0000
  4.000E+02 -2.525E+02  0.000E+00  0.0000
  4.400E+02 -2.525E+02  0.000E+00  0.0000
  4.800E+02 -2.525E+02  0.000E+00  0.0000
  5.200E+02 -2.525E+02  0.000E+00  0.0000
  5.600E+02 -2.525E+02  0.000E+00  0.0000
  6.000E+02 -2.525E+02  0.000E+00  0.0000
  6.400E+02 -2.525E+02  0.000E+00  0.0000
  6.800E+02 -2.525E+02  0.000E+00  0.0000
 -6.800E+02 -2.132E+02  0.000E+00  0.0000
 -6.400E+02 -2.132E+02  0.000E+00  0.0000
 -6.000E+02 -2.132E+02  0.000E+00  0.0000
 -5.600E+02 -2.132E+02  0.000E+00  0.0000
 -5.200E+02 -2.132E+02  0.000E+00  0.0000
 -4.800E+02 -2.132E+02  0.000E+00  0.0000
 -4.400E+02 -2.132E+02  0.000E+00  0.0000
 -4.000E+02 -2.132E+02  0.000E+00  0.0000
 -3.600E+02 -2.132E+02  0.000E+00  0.0000
 -3.200E+02 -2.132E+02  0.000E+00  0.0000
 -2.800E+02 -2.132E+02  0.000E+00  0.0000
 -2.400E+02 -2.132E+02  0.000E+00  0.0000
 -2.000E+02 -2.132E+02  0.000E+00  0.0000
 -1.600E+02 -2.132E+02  0.000E+00  0.0000
 -1.200E+02 -2.132E+02  0.000E+00  0.0000
 -8.000E+01 -2.132E+02  0.000E+00  0.0000
 -4.000E+01 -2.132E+02  0.000E+00  0.0000
  0.000E+00 -2.132E+02  0.000E+00  0.0000
  4.000E+01 -2.132E+02  0.000E+00  0.0000
  8.000E+01 -2.132E+02  0.000E+00  0.0000
  1.200E+02 -2.132E+02  0.000E+00  0.0000
  1.600E+02 -2.132E+02  0.000E+00  0.0000
  2.000E+02 -2.132E+02  0.000E+00  0.0000
  2.400E+02 -2.132E+02  0.000E+00  0.0000
  2.800E+02 -2.132E+02  0.000E+00  0.0000
  3.200E+02 -2.132E+02  0.000E+00  0.0000
  3.600E+02 -2.132E+02  0.000E+00  0.0000
  4.000E+02 -2.132E+02  1.378E-04  1.0000
  4.400E+02 -2.132E+02  0.000E+00  0.0000
  4.800E+02 -2.132E+02  0.000E+00  0.0000
  5.200E+02 -2.132E+02  0.000E+00  0.0000
  5.600E+02 -2.132E+02  0.000E+00  0.0000
  6.000E+02 -2.132E+02  0.000E+00  0.0000
  6.400E+02 -2.132E+02  0.000E+00  0.0000
  6.800E+02 -2.132E+02  0.000E+00  0.0000
 -6.800E+02 -1.738E+02  0.000E+00  0.0000
 -6.400E+02 -1.738E+02  0.000E+00  0.0000
 -6.000E+02 -1.738E+02  0.000E+00  0.0000
 -5.600E+02 -1.738E+02  0.000E+00  0.0000
 -5.200E+02 -1.738E+02  0.000E+00  0.0000
 -4.800E+02 -1.738E+02  0.000E+00  0.0000
 -4.400E+02 -1.738E+02  0.000E+00  0.0000
 -4.000E+02 -1.738E+02  0.000E+00  0.0000
 -3.600E+02 -1.738E+02  0.000E+00  0.0000
 -3.200E+02 -1.738E+02  0.000E+00  0.0000
 -2.800E+02 -1.738E+02  0.000E+00  0.0000
 -2.400E+02 -1.738E+02  1.586E-05  1.0000
 -2.000E+02 -1.738E+02  0.000E+00  0.0000
 -1.600E+02 -1.738E+02  0.000E+00  0.0000
 -1.200E+02 -1.738E+02  0.000E+00  0.0000
 -8.000E+01 -1.738E+02  0.000E+00  0.0000
 -4.000E+01 -1.738E+02  0.000E+00  0.0000
  0.000E+00 -1.738E+02  0.000E+00  0.0000
  4.000E+01 -1.738E+02  0.000E+00  0.0000
  8.000E+01 -1.738E+02  0.000E+00  0.0000
  1.200E+02 -1.738E+02  0.000E+00  0.0000
  1.600E+02 -1.738E+02  0.000E+00  0.0000
  2.000E+02 -1.738E+02  0.000E+00  0.0000
  2.400E+02 -1.738E+02  0.000E+00  0.0000
  2.800E+02 -1.738E+02  0.000E+00  0.0000
  3.200E+02 -1.738E+02  0.000E+00  0.0000
  3.600E+02 -1.738E+02  0.000E+00  0.0000
  4.000E+02 -1.738E+02  0.000E+00  0.0000
  4.400E+02 -1.738E+02  0.000E+00  0.0000
  4.800E+02 -1.738E+02  0.000E+00  0.0000
  5.200E+02 -1.738E+02  0.000E+00  0.0000
  5.600E+02 -1.738E+02  0.000E+00  0.0000
  6.000E+02 -1.738E+02  0.000E+00  0.0000
  6.400E+02 -1.738E+02  0.000E+00  0.0000
  6.800E+02 -1.738E+02  0.000E+00  0.0000
 -6.800E+02 -1.345E+02  0.000E+00  0.0000
 -6.400E+02 -1.345E+02  0.000E+00  0.0000
 -6.000E+02 -1.345E+02  0.000E+00  0.0000
 -5.600E+02 -1.345E+02  0.000E+00  0.0000
 -5.200E+02 -1.345E+02  0.000E+00  0.0000
 -4.800E+02 -1.345E+02  0.000E+00  0.0000
 -4.400E+02 -1.345E+02  0.000E+00  0.0000
 -4.000E+02 -1.345E+02  0.000E+00  0.0000
 -3.600E+02 -1.345E+02  0.000E+00  0.0000
 -3.200E+02 -1.345E+02  0.000E+00  0.0000
 -2.800E+02 -1.345E+02  0.000E+00  0.0000
 -2.400E+02 -1.345E+02  0.000E+00  0.0000
 -2.000E+02 -1.345E+02  0.000E+00  0.0000
 -1.600E+02 -1.345E+02  0.000E+00  0.0000
 -1.200E+02 -1.345E+02  0.000E+00  0.0000
 -8.000E+01 -1.345E+02  0.000E+00  0.0000
 -4.000E+01 -1.345E+02  0.000E+00  0.0000
  0.000E+00 -1.345E+02  0.000E+00  0.0000
  4.000E+01 -1.345E+02  0.000E+00  0.0000
  8.000E+01 -1.345E+02  0.000E+00  0.0000
  1.200E+02 -1.345E+02  0.000E+00  0.0000
  1.600E+02 -1.345E+02  0.000E+00  0.0000
  2.000E+02 -1.345E+02  0.000E+00  0.0000
  2.400E+02 -1.345E+02  0.000E+00  0.0000
  2.800E+02 -1.345E+02  0.000E+00  0.0000
  3.200E+02 -1.345E+02  0.000E+00  0.0000
  3.600E+02 -1.345E+02  1.271E-05  1.0000
  4.000E+02 -1.345E+02  0.000E+00  0.0000
  4.400E+02 -1.345E+02  0.000E+00  0.0000
  4.800E+02 -1.345E+02  0.000E+00  0.0000
  5.200E+02 -1.345E+02  0.000E+00  0.0000
  5.600E+02 -1.345E+02  0.000E+00  0.0000
  6.000E+02 -1.345E+02  0.000E+00  0.0000
  6.400E+02 -1.345E+02  0.000E+00  0.0000
  6.800E+02 -1.345E+02  0.000E+00  0.0000
 -6.800E+02 -9.511E+01  0.000E+00  0.0000
 -6.400E+02 -9.511E+01  0.000E+00  0.0000
 -6.000E+02 -9.511E+01  0.000E+00  0.0000
 -5.600E+02 -9.511E+01  0.000E+00  0.0000
 -5.200E+02 -9.511E+01  0.000E+00  0.0000
 -4.800E+02 -9.511E+01  0.000E+00  0.0000
 -4.400E+02 -9.511E+01  0.000E+00  0.0000
 -4.000E+02 -9.511E+01  0.000E+00  0.0000
 -3.600E+02 -9.511E+01  0.000E+00  0.0000
 -3.200E+02 -9.511E+01  0.000E+00  0.0000
 -2.800E+02 -9.511E+01  0.000E+00  0.0000
 -2.400E+02 -9.511E+01  0.000E+00  0.0000
 -2.000E+02 -9.511E+01  0.000E+00  0.0000
 -1.600E+02 -9.511E+01  0.000E+00  0.0000
 -1.200E+02 -9.511E+01  0.000E+00  0.0000
 -8.000E+01 -9.511E+01  0.000E+00  0.0000
 -4.000E+01 -9.511E+01  0.000E+00  0.0000
  0.000E+00 -9.511E+01  0.000E+00  0.0000
  4.000E+01 -9.511E+01  0.000E+00  0.0000
  8.000E+01 -9.511E+01  0.000E+00  0.0000
  1.200E+02 -9.511E+01  0.000E+00  0.0000
  1.600E+02 -9.511E+01  2.373E-05  1.0000
  2.000E+02 -9.511E+01  0.000E+00  0.0000
  2.400E+02 -9.511E+01  0.000E+00  0.0000
  2.800E+02 -9.511E+01  0.000E+00  0.0000
  3.200E+02 -9.511E+01  1.483E-04  1.0000
  3.600E+02 -9.511E+01  8.969E-06  1.0000
  4.000E+02 -9.511E+01  0.000E+00  0.0000
  4.400E+02 -9.511E+01  0.000E+00  0.0000
  4.800E+02 -9.511E+01  0.000E+00  0.0000
  5.200E+02 -9.511E+01  0.000E+00  0.0000
  5.600E+02 -9.511E+01  0.000E+00  0.0000
  6.000E+02 -9.511E+01  0.000E+00  0.0000
  6.400E+02 -9.511E+01  0.000E+00  0.0000
  6.800E+02 -9.511E+01  0.000E+00  0.0000
 -6.800E+02 -5.576E+01  0.000E+00  0.0000
 -6.400E+02 -5.576E+01  0.000E+00  0.0000
 -6.000E+02 -5.576E+01  0.000E+00  0.0000
 -5.600E+02 -5.576E+01  0.000E+00  0.0000
 -5.200E+02 -5.576E+01  0.000E+00  0.0000
 -4.800E+02 -5.576E+01  0.000E+00  0.0000
 -4.400E+02 -5.576E+01  0.000E+00  0.0000
 -4.000E+02 -5.576E+01  0.000E+00  0.0000
 -3.600E+02 -5.576E+01  0.000E+00  0.0000
 -3.200E+02 -5.576E+01  0.000E+00  0.0000
 -2.800E+02 -5.576E+01  0.000E+00  0.0000
 -2.400E+02 -5.576E+01  0.000E+00  0.0000
 -2.000E+02 -5.576E+01  0.000E+00  0.0000
 -1.600E+02 -5.576E+01  0.000E+00  0.0000
 -1.200E+02 -5.576E+01  0.000E+00  0.0000
 -8.000E+01 -5.576E+01  0.000E+00  0.0000
 -4.000E+01 -5.576E+01  0.000E+00  0.0000
  0.000E+00 -5.576E+01  0.000E+00  0.0000
  4.000E+01 -5.576E+01  0.000E+00  0.0000
  8.000E+01 -5.576E+01  0.000E+00  0.0000
  1.200E+02 -5.576E+01  0.000E+00  0.0000
  1.600E+02 -5.576E+01  0.000E+00  0.0000
  2.000E+02 -5.576E+01  0.000E+00  0.0000
  2.400E+02 -5.576E+01  0.000E+00  0.0000
  2.800E+02 -5.576E+01  0.000E+00  0.0000
  3.200E+02 -5.576E+01  0.000E+00  0.0000
  3.600E+02 -5.576E+01  0.000E+00  0.0000
  4.000E+02 -5.576E+01  0.000E+00  0.0000
  4.400E+02 -5.576E+01  0.000E+00  0.0000
  4.800E+02 -5.576E+01  0.000E+00  0.0000
  5.200E+02 -5.576E+01  0.000E+00  0.0000
  5.600E+02 -5.576E+01  0.000E+00  0.0000
  6.000E+02 -5.576E+01  8.116E-05  1.0000
  6.400E+02 -5.576E+01  7.238E-05  1.0000
  6.800E+02 -5.576E+01  0.000E+00  0.0000
 -6.800E+02 -1.641E+01  0.000E+00  0.0000
 -6.400E+02 -1.641E+01  0.000E+00  0.0000
 -6.000E+02 -1.641E+01  0.000E+00  0.0000
 -5.600E+02 -1.641E+01  0.000E+00  0.0000
 -5.200E+02 -1.641E+01  0.000E+00  0.0000
 -4.800E+02 -1.641E+01  0.000E+00  0.0000
 -4.400E+02 -1.641E+01  0.000E+00  0.0000
 -4.000E+02 -1.641E+01  0.000E+00  0.0000
 -3.600E+02 -1.641E+01  0.000E+00  0.0000
 -3.200E+02 -1.641E+01  0.000E+00  0.0000
 -2.800E+02 -1.641E+01  0.000E+00  0.0000
 -2.400E+02 -1.641E+01  0.000E+00  0.0000
 -2.000E+02 -1.641E+01  0.000E+00  0.0000
 -1.600E+02 -1.641E+01  0.000E+00  0.0000
 -1.200E+02 -1.641E+01  0.000E+00  0.0000
 -8.000E+01 -1.641E+01  0.000E+00  0.0000
 -4.000E+01 -1.641E+01  0.000E+00  0.0000
  0.000E+00 -1.641E+01  0.000E+00  0.0000
  4.000E+01 -1.641E+01  0.000E+00  0.0000
  8.000E+01 -1.641E+01  0.000E+00  0.0000
  1.200E+02 -1.641E+01  0.000E+00  0.0000
  1.600E+02 -1.641E+01  0.000E+00  0.0000
  2.000E+02 -1.641E+01  0.000E+00  0.0000
  2.400E+02 -1.641E+01  0.000E+00  0.0000
  2.800E+02 -1.641E+01  0.000E+00  0.0000
  3.200E+02 -1.641E+01  0.000E+00  0.0000
  3.600E+02 -1.641E+01  0.000E+00  0.0000
  4.000E+02 -1.641E+01  0.000E+00  0.0000
  4.400E+02 -1.641E+01  0.000E+00  0.0000
  4.800E+02 -1.641E+01  0.000E+00  0.0000
  5.200E+02 -1.641E+01  0.000E+00  0.0000
  5.600E+02 -1.641E+01  0.000E+00  0.0000
  6.000E+02 -1.641E+01  0.000E+00  0.0000
  6.400E+02 -1.641E+01  0.000E+00  0.0000
  6.800E+02 -1.641E+01  0.000E+00  0.0000
 -6.800E+02  2.293E+01  0.000E+00  0.0000
 -6.400E+02  2.293E+01  0.000E+00  0.0000
 -6.000E+02  2.293E+01  0.000E+00  0.0000
 -5.600E+02  2.293E+01  0.000E+00  0.0000
 -5.200E+02  2.293E+01  0.000E+00  0.0000
 -4.800E+02  2.293E+01  0.000E+00  0.0000
 -4.400E+02  2.293E+01  0.000E+00  0.0000
 -4.000E+02  2.293E+01  0.000E+00  0.0000
 -3.600E+02  2.293E+01  0.000E+00  0.0000
 -3.200E+02  2.293E+01  0.000E+00  0.0000
 -2.800E+02  2.293E+01  0.000E+00  0.0000
 -2.400E+02  2.293E+01  0.000E+00  0.0000
 -2.000E+02  2.293E+01  0.000E+00  0.0000
 -1.600E+02  2.293E+01  0.000E+00  0.0000
 -1.200E+02  2.293E+01  0.000E+00  0.0000
 -8.000E+01  2.293E+01  0.000E+00  0.0000
 -4.000E+01  2.293E+01  0.000E+00  0.0000
  0.000E+00  2.293E+01  0.000E+00  0.0000
  4.000E+01  2.293E+01  0.000E+00  0.0000
  8.000E+01  2.293E+01  0.000E+00  0.0000
  1.200E+02  2.293E+01  0.000E+00  0.0000
  1.600E+02  2.293E+01  0.000E+00  0.0000
  2.000E+02  2.293E+01  0.000E+00  0.0000
  2.400E+02  2.293E+01  0.000E+00  0.0000
  2.800E+02  2.293E+01  0.000E+00  0.0000
  3.200E+02  2.293E+01  0.000E+00  0.0000
  3.600E+02  2.293E+01  0.000E+00  0.0000
  4.000E+02  2.293E+01  0.000E+00  0.0000
  4.400E+02  2.293E+01  0.000E+00  0.0000
  4.800E+02  2.293E+01  0.000E+00  0.0000
  5.200E+02  2.293E+01  0.000E+00  0.0000
  5.600E+02  2.293E+01  0.000E+00  0.0000
  6.000E+02  2.293E+01  0.000E+00  0.0000
  6.400E+02  2.293E+01  0.000E+00  0.0000
  6.800E+02  2.293E+01  0.000E+00  0.0000
 -6.800E+02  6.228E+01  0.000E+00  0.0000
 -6.400E+02  6.228E+01  0.000E+00  0.0000
 -6.000E+02  6.228E+01  0.000E+00  0.0000
 -5.600E+02  6.228E+01  0.000E+00  0.0000
 -5.200E+02  6.228E+01  0.000E+00  0.0000
 -4.800E+02  6.228E+01  0.000E+00  0.0000
 -4.400E+02  6.228E+01  0.000E+00  0.0000
 -4.000E+02  6.228E+01  0.000E+00  0.0000
 -3.600E+02  6.228E+01  0.000E+00  0.0000
 -3.200E+02  6.228E+01  0.000E+00  0.0000
 -2.800E+02  6.228E+01  0.000E+00  0.0000
 -2.400E+02  6.228E+01  0.000E+00  0.0000
 -2.000E+02  6.228E+01  0.000E+00  0.0000
 -1.600E+02  6.228E+01  0.000E+00  0.0000
 -1.200E+02  6.228E+01  0.000E+00  0.0000
 -8.000E+01  6.228E+01  0.000E+00  0.0000
 -4.000E+01  6.228E+01  0.000E+00  0.0000
  0.000E+00  6.228E+01  0.000E+00  0.0000
  4.000E+01  6.228E+01  0.000E+00  0.0000
  8.000E+01  6.228E+01  0.000E+00  0.0000
  1.200E+02  6.228E+01  0.000E+00  0.0000
  1.600E+02  6.228E+01  0.000E+00  0.0000
  2.000E+02  6.228E+01  0.000E+00  0.0000
  2.400E+02  6.228E+01  0.000E+00  0.0000
  2.800E+02  6.228E+01  0.000E+00  0.0000
  3.200E+02  6.228E+01  0.000E+00  0.0000
  3.600E+02  6.228E+01  0.000E+00  0.0000
  4.000E+02  6.228E+01  0.000E+00  0.0000
  4.400E+02  6.228E+01  0.000E+00  0.0000
  4.800E+02  6.228E+01  0.000E+00  0.0000
  5.200E+02  6.228E+01  0.000E+00  0.0000
  5.600E+02  6.228E+01  0.000E+00  0.0000
  6.000E+02  6.228E+01  0.000E+00  0.0000
  6.400E+02  6.228E+01  0.000E+00  0.0000
  6.800E+02  6.228E+01  0.000E+00  0.0000
 -6.800E+02  1.016E+02  0.000E+00  0.0000
 -6.400E+02  1.016E+02  0.000E+00  0.0000
 -6.000E+02  1.016E+02  0.000E+00  0.0000
 -5.600E+02  1.016E+02  0.000E+00  0.0000
 -5.200E+02  1.016E+02  0.000E+00  0.0000
 -4.800E+02  1.016E+02  0.000E+00  0.0000
 -4.400E+02  1.016E+02  0.000E+00  0.0000
 -4.000E+02  1.016E+02  0.000E+00  0.0000
 -3.600E+02  1.016E+02  0.000E+00  0.0000
 -3.200E+02  1.016E+02  0.000E+00  0.0000
 -2.800E+02  1.016E+02  0.000E+00  0.0000
 -2.400E+02  1.016E+02  0.000E+00  0.0000
 -2.000E+02  1.016E+02  0.000E+00  0.0000
 -1.600E+02  1.016E+02  0.000E+00  0.0000
 -1.200E+02  1.016E+02  0.000E+00  0.0000
 -8.000E+01  1.016E+02  0.000E+00  0.0000
 -4.000E+01  1.016E+02  0.000E+00  0.0000
  0.000E+00  1.016E+02  0.000E+00  0.0000
  4.000E+01  1.016E+02  0.000E+00  0.0000
  8.000E+01  1.016E+02  0.000E+00  0.0000
  1.200E+02  1.016E+02  0.000E+00  0.0000
  1.600E+02  1.016E+02  0.000E+00  0.0000
  2.000E+02  1.016E+02  0.000E+00  0.0000
  2.400E+02  1.016E+02  0.000E+00  0.0000
  2.800E+02  1.016E+02  0.000E+00  0.0000
  3.200E+02  1.016E+02  0.000E+00  0.0000
  3.600E+02  1.016E+02  0.000E+00  0.0000
  4.000E+02  1.016E+02  0.000E+00  0.0000
  4.400E+02  1.016E+02  0.000E+00  0.0000
  4.800E+02  1.016E+02  0.000E+00  0.0000
  5.200E+02  1.016E+02  0.000E+00  0.0000
  5.600E+02  1.016E+02  0.000E+00  0.0000
  6.000E+02  1.016E+02  0.000E+00  0.0000
  6.400E+02  1.016E+02  0.000E+00  0.0000
  6.800E+02  1.016E+02  0.000E+00  0.0000
 -6.800E+02  1.410E+02  0.000E+00  0.0000
 -6.400E+02  1.410E+02  0.000E+00  0.0000
 -6.000E+02  1.410E+02  0.000E+00  0.0000
 -5.600E+02  1.410E+02  0.000E+00  0.0000
 -5.200E+02  1.410E+02  0.000E+00  0.0000
 -4.800E+02  1.410E+02  0.000E+00  0.0000
 -4.400E+02  1.410E+02  0.000E+00  0.0000
 -4.000E+02  1.410E+02  0.000E+00  0.0000
 -3.600E+02  1.410E+02  0.000E+00  0.0000
 -3.200E+02  1.410E+02  0.000E+00  0.0000
 -2.800E+02  1.410E+02  0.000E+00  0.0000
 -2.400E+02  1.410E+02  0.000E+00  0.0000
 -2.000E+02  1.410E+02  0.000E+00  0.0000
 -1.600E+02  1.410E+02  0.000E+00  0.0000
 -1.200E+02  1.410E+02  0.000E+00  0.0000
 -8.000E+01  1.410E+02  0.000E+00  0.0000
 -4.000E+01  1.410E+02  0.000E+00  0.0000
  0.000E+00  1.410E+02  0.000E+00  0.0000
  4.000E+01  1.410E+02  0.000E+00  0.0000
  8.000E+01  1.410E+02  0.000E+00  0.0000
  1.200E+02  1.410E+02  0.000E+00  0.0000
  1.600E+02  1.410E+02  0.000E+00  0.0000
  2.000E+02  1.410E+02  0.000E+00  0.0000
  2.400E+02  1.410E+02  0.000E+00  0.0000
  2.800E+02  1.410E+02  0.000E+00  0.0000
  3.200E+02  1.410E+02  0.000E+00  0.0000
  3.600E+02  1.410E+02  0.000E+00  0.0000
  4.000E+02  1.410E+02  0.000E+00  0.0000
  4.400E+02  1.410E+02  0.000E+00  0.0000
  4.800E+02  1.410E+02  0.000E+00  0.0000
  5.200E+02  1.410E+02  0.000E+00  0.0000
  5.600E+02  1.410E+02  0.000E+00  0.0000
  6.000E+02  1.410E+02  0.000E+00  0.0000
  6.400E+02  1.410E+02  0.000E+00  0.0000
  6.800E+02  1.410E+02  0.000E+00  0.0000
 -6.800E+02  1.803E+02  0.000E+00  0.0000
 -6.400E+02  1.803E+02  0.000E+00  0.0000
 -6.000E+02  1.803E+02  0.000E+00  0.0000
 -5.600E+02  1.803E+02  0.000E+00  0.0000
 -5.200E+02  1.803E+02  0.000E+00  0.0000
 -4.800E+02  1.803E+02  0.000E+00  0.0000
 -4.400E+02  1.803E+02  0.000E+00  0.0000
 -4.000E+02  1.803E+02  0.000E+00  0.0000
 -3.600E+02  1.803E+02  0.000E+00  0.0000
 -3.200E+02  1.803E+02  0.000E+00  0.0000
 -2.800E+02  1.803E+02  0.000E+00  0.0000
 -2.400E+02  1.803E+02  0.000E+00  0.0000
 -2.000E+02  1.803E+02  0.000E+00  0.0000
 -1.600E+02  1.803E+02  0.000E+00  0.0000
 -1.200E+02  1.803E+02  0.000E+00  0.0000
 -8.000E+01  1.803E+02  0.000E+00  0.0000
 -4.000E+01  1.803E+02  0.000E+00  0.0000
  0.000E+00  1.803E+02  0.000E+00  0.0000
  4.000E+01  1.803E+02  0.000E+00  0.0000
  8.000E+01  1.803E+02  0.000E+00  0.0000
  1.200E+02  1.803E+02  0.000E+00  0.0000
  1.600E+02  1.803E+02  0.000E+00  0.0000
  2.000E+02  1.803E+02  0.000E+00  0.0000
  2.400E+02  1.803E+02  0.000E+00  0.0000
  2.800E+02  1.803E+02  0.000E+00  0.0000
  3.200E+02  1.803E+02  0.000E+00  0.0000
  3.600E+02  1.803E+02  0.000E+00  0.0000
  4.000E+02  1.803E+02  0.000E+00  0.0000
  4.400E+02  1.803E+02  0.000E+00  0.0000
  4.800E+02  1.803E+02  0.000E+00  0.0000
  5.200E+02  1.803E+02  0.000E+00  0.0000
  5.600E+02  1.803E+02  0.000E+00  0.0000
  6.000E+02  1.803E+02  0.000E+00  0.0000
  6.400E+02  1.803E+02  0.000E+00  0.0000
  6.800E+02  1.803E+02  0.000E+00  0.0000

#------------------------------------------------------------------------------
 newpage:
#   no. =  5   ie  =  1   iy  =  1   part. = muon-   
#   e = (   1.0000E-10  -   5.0000E-07  )
#   y = (  -1.0000E+03  -   1.0000E+03  )
#  nx =  35   nz =  23

# x          z          flux       r.err
 -6.800E+02 -6.853E+02  0.000E+00  0.0000
 -6.400E+02 -6.853E+02  0.000E+00  0.0000
 -6.000E+02 -6.853E+02  0.000E+00  0.0000
 -5.600E+02 -6.853E+02  0.000E+00  0.0000
 -5.200E+02 -6.853E+02  0.000E+00  0.0000
 -4.800E+02 -6.853E+02  0.000E+00  0.0000
 -4.400E+02 -6.853E+02  0.000E+00  0.0000
 -4.000E+02 -6.853E+02  0.000E+00  0.0000
 -3.600E+02 -6.853E+02  0.000E+00  0.0000
 -3.200E+02 -6.853E+02  0.000E+00  0.0000
 -2.800E+02 -6.853E+02  0.000E+00  0.0000
 -2.400E+02 -6.853E+02  0.000E+00  0.0000
 -2.000E+02 -6.853E+02  0.000E+00  0.0000
 -1.600E+02 -6.853E+02  0.000E+00  0.0000
 -1.200E+02 -6.853E+02  0.000E+00  0.0000
 -8.000E+01 -6.853E+02  0.000E+00  0.0000
 -4.000E+01 -6.853E+02  0.000E+00  0.0000
  0.000E+00 -6.853E+02  0.000E+00  0.0000
  4.000E+01 -6.853E+02  0.000E+00  0.0000
  8.000E+01 -6.853E+02  0.000E+00  0.0000
  1.200E+02 -6.853E+02  0.000E+00  0.0000
  1.600E+02 -6.853E+02  0.000E+00  0.0000
  2.000E+02 -6.853E+02  0.000E+00  0.0000
  2.400E+02 -6.853E+02  0.000E+00  0.0000
  2.800E+02 -6.853E+02  0.000E+00  0.0000
  3.200E+02 -6.853E+02  0.000E+00  0.0000
  3.600E+02 -6.853E+02  0.000E+00  0.0000
  4.000E+02 -6.853E+02  0.000E+00  0.0000
  4.400E+02 -6.853E+02  0.000E+00  0.0000
  4.800E+02 -6.853E+02  0.000E+00  0.0000
  5.200E+02 -6.853E+02  0.000E+00  0.0000
  5.600E+02 -6.853E+02  0.000E+00  0.0000
  6.000E+02 -6.853E+02  0.000E+00  0.0000
  6.400E+02 -6.853E+02  0.000E+00  0.0000
  6.800E+02 -6.853E+02  0.000E+00  0.0000
 -6.800E+02 -6.460E+02  0.000E+00  0.0000
 -6.400E+02 -6.460E+02  0.000E+00  0.0000
 -6.000E+02 -6.460E+02  0.000E+00  0.0000
 -5.600E+02 -6.460E+02  0.000E+00  0.0000
 -5.200E+02 -6.460E+02  0.000E+00  0.0000
 -4.800E+02 -6.460E+02  0.000E+00  0.0000
 -4.400E+02 -6.460E+02  0.000E+00  0.0000
 -4.000E+02 -6.460E+02  0.000E+00  0.0000
 -3.600E+02 -6.460E+02  0.000E+00  0.0000
 -3.200E+02 -6.460E+02  0.000E+00  0.0000
 -2.800E+02 -6.460E+02  0.000E+00  0.0000
 -2.400E+02 -6.460E+02  0.000E+00  0.0000
 -2.000E+02 -6.460E+02  0.000E+00  0.0000
 -1.600E+02 -6.460E+02  0.000E+00  0.0000
 -1.200E+02 -6.460E+02  0.000E+00  0.0000
 -8.000E+01 -6.460E+02  0.000E+00  0.0000
 -4.000E+01 -6.460E+02  0.000E+00  0.0000
  0.000E+00 -6.460E+02  0.000E+00  0.0000
  4.000E+01 -6.460E+02  0.000E+00  0.0000
  8.000E+01 -6.460E+02  0.000E+00  0.0000
  1.200E+02 -6.460E+02  0.000E+00  0.0000
  1.600E+02 -6.460E+02  0.000E+00  0.0000
  2.000E+02 -6.460E+02  0.000E+00  0.0000
  2.400E+02 -6.460E+02  0.000E+00  0.0000
  2.800E+02 -6.460E+02  0.000E+00  0.0000
  3.200E+02 -6.460E+02  0.000E+00  0.0000
  3.600E+02 -6.460E+02  0.000E+00  0.0000
  4.000E+02 -6.460E+02  0.000E+00  0.0000
  4.400E+02 -6.460E+02  0.000E+00  0.0000
  4.800E+02 -6.460E+02  0.000E+00  0.0000
  5.200E+02 -6.460E+02  0.000E+00  0.0000
  5.600E+02 -6.460E+02  0.000E+00  0.0000
  6.000E+02 -6.460E+02  0.000E+00  0.0000
  6.400E+02 -6.460E+02  0.000E+00  0.0000
  6.800E+02 -6.460E+02  0.000E+00  0.0000
 -6.800E+02 -6.066E+02  0.000E+00  0.0000
 -6.400E+02 -6.066E+02  0.000E+00  0.0000
 -6.000E+02 -6.066E+02  0.000E+00  0.0000
 -5.600E+02 -6.066E+02  0.000E+00  0.0000
 -5.200E+02 -6.066E+02  0.000E+00  0.0000
 -4.800E+02 -6.066E+02  0.000E+00  0.0000
 -4.400E+02 -6.066E+02  0.000E+00  0.0000
 -4.000E+02 -6.066E+02  0.000E+00  0.0000
 -3.600E+02 -6.066E+02  0.000E+00  0.0000
 -3.200E+02 -6.066E+02  0.000E+00  0.0000
 -2.800E+02 -6.066E+02  0.000E+00  0.0000
 -2.400E+02 -6.066E+02  0.000E+00  0.0000
 -2.000E+02 -6.066E+02  0.000E+00  0.0000
 -1.600E+02 -6.066E+02  0.000E+00  0.0000
 -1.200E+02 -6.066E+02  0.000E+00  0.0000
 -8.000E+01 -6.066E+02  0.000E+00  0.0000
 -4.000E+01 -6.066E+02  0.000E+00  0.0000
  0.000E+00 -6.066E+02  0.000E+00  0.0000
  4.000E+01 -6.066E+02  0.000E+00  0.0000
  8.000E+01 -6.066E+02  0.000E+00  0.0000
  1.200E+02 -6.066E+02  0.000E+00  0.0000
  1.600E+02 -6.066E+02  0.000E+00  0.0000
  2.000E+02 -6.066E+02  0.000E+00  0.0000
  2.400E+02 -6.066E+02  0.000E+00  0.0000
  2.800E+02 -6.066E+02  0.000E+00  0.0000
  3.200E+02 -6.066E+02  0.000E+00  0.0000
  3.600E+02 -6.066E+02  0.000E+00  0.0000
  4.000E+02 -6.066E+02  0.000E+00  0.0000
  4.400E+02 -6.066E+02  0.000E+00  0.0000
  4.800E+02 -6.066E+02  0.000E+00  0.0000
  5.200E+02 -6.066E+02  0.000E+00  0.0000
  5.600E+02 -6.066E+02  0.000E+00  0.0000
  6.000E+02 -6.066E+02  0.000E+00  0.0000
  6.400E+02 -6.066E+02  0.000E+00  0.0000
  6.800E+02 -6.066E+02  0.000E+00  0.0000
 -6.800E+02 -5.673E+02  0.000E+00  0.0000
 -6.400E+02 -5.673E+02  0.000E+00  0.0000
 -6.000E+02 -5.673E+02  0.000E+00  0.0000
 -5.600E+02 -5.673E+02  0.000E+00  0.0000
 -5.200E+02 -5.673E+02  0.000E+00  0.0000
 -4.800E+02 -5.673E+02  0.000E+00  0.0000
 -4.400E+02 -5.673E+02  0.000E+00  0.0000
 -4.000E+02 -5.673E+02  0.000E+00  0.0000
 -3.600E+02 -5.673E+02  0.000E+00  0.0000
 -3.200E+02 -5.673E+02  0.000E+00  0.0000
 -2.800E+02 -5.673E+02  0.000E+00  0.0000
 -2.400E+02 -5.673E+02  0.000E+00  0.0000
 -2.000E+02 -5.673E+02  0.000E+00  0.0000
 -1.600E+02 -5.673E+02  0.000E+00  0.0000
 -1.200E+02 -5.673E+02  0.000E+00  0.0000
 -8.000E+01 -5.673E+02  0.000E+00  0.0000
 -4.000E+01 -5.673E+02  0.000E+00  0.0000
  0.000E+00 -5.673E+02  0.000E+00  0.0000
  4.000E+01 -5.673E+02  0.000E+00  0.0000
  8.000E+01 -5.673E+02  0.000E+00  0.0000
  1.200E+02 -5.673E+02  0.000E+00  0.0000
  1.600E+02 -5.673E+02  0.000E+00  0.0000
  2.000E+02 -5.673E+02  0.000E+00  0.0000
  2.400E+02 -5.673E+02  0.000E+00  0.0000
  2.800E+02 -5.673E+02  0.000E+00  0.0000
  3.200E+02 -5.673E+02  0.000E+00  0.0000
  3.600E+02 -5.673E+02  0.000E+00  0.0000
  4.000E+02 -5.673E+02  0.000E+00  0.0000
  4.400E+02 -5.673E+02  0.000E+00  0.0000
  4.800E+02 -5.673E+02  0.000E+00  0.0000
  5.200E+02 -5.673E+02  0.000E+00  0.0000
  5.600E+02 -5.673E+02  0.000E+00  0.0000
  6.000E+02 -5.673E+02  0.000E+00  0.0000
  6.400E+02 -5.673E+02  0.000E+00  0.0000
  6.800E+02 -5.673E+02  0.000E+00  0.0000
 -6.800E+02 -5.279E+02  0.000E+00  0.0000
 -6.400E+02 -5.279E+02  0.000E+00  0.0000
 -6.000E+02 -5.279E+02  0.000E+00  0.0000
 -5.600E+02 -5.279E+02  0.000E+00  0.0000
 -5.200E+02 -5.279E+02  0.000E+00  0.0000
 -4.800E+02 -5.279E+02  0.000E+00  0.0000
 -4.400E+02 -5.279E+02  0.000E+00  0.0000
 -4.000E+02 -5.279E+02  0.000E+00  0.0000
 -3.600E+02 -5.279E+02  0.000E+00  0.0000
 -3.200E+02 -5.279E+02  0.000E+00  0.0000
 -2.800E+02 -5.279E+02  0.000E+00  0.0000
 -2.400E+02 -5.279E+02  0.000E+00  0.0000
 -2.000E+02 -5.279E+02  0.000E+00  0.0000
 -1.600E+02 -5.279E+02  0.000E+00  0.0000
 -1.200E+02 -5.279E+02  0.000E+00  0.0000
 -8.000E+01 -5.279E+02  0.000E+00  0.0000
 -4.000E+01 -5.279E+02  0.000E+00  0.0000
  0.000E+00 -5.279E+02  0.000E+00  0.0000
  4.000E+01 -5.279E+02  0.000E+00  0.0000
  8.000E+01 -5.279E+02  0.000E+00  0.0000
  1.200E+02 -5.279E+02  0.000E+00  0.0000
  1.600E+02 -5.279E+02  0.000E+00  0.0000
  2.000E+02 -5.279E+02  0.000E+00  0.0000
  2.400E+02 -5.279E+02  0.000E+00  0.0000
  2.800E+02 -5.279E+02  0.000E+00  0.0000
  3.200E+02 -5.279E+02  0.000E+00  0.0000
  3.600E+02 -5.279E+02  0.000E+00  0.0000
  4.000E+02 -5.279E+02  0.000E+00  0.0000
  4.400E+02 -5.279E+02  0.000E+00  0.0000
  4.800E+02 -5.279E+02  0.000E+00  0.0000
  5.200E+02 -5.279E+02  0.000E+00  0.0000
  5.600E+02 -5.279E+02  0.000E+00  0.0000
  6.000E+02 -5.279E+02  0.000E+00  0.0000
  6.400E+02 -5.279E+02  0.000E+00  0.0000
  6.800E+02 -5.279E+02  0.000E+00  0.0000
 -6.800E+02 -4.886E+02  0.000E+00  0.0000
 -6.400E+02 -4.886E+02  0.000E+00  0.0000
 -6.000E+02 -4.886E+02  0.000E+00  0.0000
 -5.600E+02 -4.886E+02  0.000E+00  0.0000
 -5.200E+02 -4.886E+02  0.000E+00  0.0000
 -4.800E+02 -4.886E+02  0.000E+00  0.0000
 -4.400E+02 -4.886E+02  0.000E+00  0.0000
 -4.000E+02 -4.886E+02  0.000E+00  0.0000
 -3.600E+02 -4.886E+02  0.000E+00  0.0000
 -3.200E+02 -4.886E+02  0.000E+00  0.0000
 -2.800E+02 -4.886E+02  0.000E+00  0.0000
 -2.400E+02 -4.886E+02  0.000E+00  0.0000
 -2.000E+02 -4.886E+02  0.000E+00  0.0000
 -1.600E+02 -4.886E+02  0.000E+00  0.0000
 -1.200E+02 -4.886E+02  0.000E+00  0.0000
 -8.000E+01 -4.886E+02  0.000E+00  0.0000
 -4.000E+01 -4.886E+02  0.000E+00  0.0000
  0.000E+00 -4.886E+02  0.000E+00  0.0000
  4.000E+01 -4.886E+02  0.000E+00  0.0000
  8.000E+01 -4.886E+02  0.000E+00  0.0000
  1.200E+02 -4.886E+02  0.000E+00  0.0000
  1.600E+02 -4.886E+02  0.000E+00  0.0000
  2.000E+02 -4.886E+02  0.000E+00  0.0000
  2.400E+02 -4.886E+02  0.000E+00  0.0000
  2.800E+02 -4.886E+02  0.000E+00  0.0000
  3.200E+02 -4.886E+02  0.000E+00  0.0000
  3.600E+02 -4.886E+02  0.000E+00  0.0000
  4.000E+02 -4.886E+02  0.000E+00  0.0000
  4.400E+02 -4.886E+02  0.000E+00  0.0000
  4.800E+02 -4.886E+02  0.000E+00  0.0000
  5.200E+02 -4.886E+02  0.000E+00  0.0000
  5.600E+02 -4.886E+02  0.000E+00  0.0000
  6.000E+02 -4.886E+02  0.000E+00  0.0000
  6.400E+02 -4.886E+02  0.000E+00  0.0000
  6.800E+02 -4.886E+02  0.000E+00  0.0000
 -6.800E+02 -4.492E+02  0.000E+00  0.0000
 -6.400E+02 -4.492E+02  0.000E+00  0.0000
 -6.000E+02 -4.492E+02  0.000E+00  0.0000
 -5.600E+02 -4.492E+02  0.000E+00  0.0000
 -5.200E+02 -4.492E+02  0.000E+00  0.0000
 -4.800E+02 -4.492E+02  0.000E+00  0.0000
 -4.400E+02 -4.492E+02  0.000E+00  0.0000
 -4.000E+02 -4.492E+02  0.000E+00  0.0000
 -3.600E+02 -4.492E+02  0.000E+00  0.0000
 -3.200E+02 -4.492E+02  0.000E+00  0.0000
 -2.800E+02 -4.492E+02  0.000E+00  0.0000
 -2.400E+02 -4.492E+02  0.000E+00  0.0000
 -2.000E+02 -4.492E+02  0.000E+00  0.0000
 -1.600E+02 -4.492E+02  0.000E+00  0.0000
 -1.200E+02 -4.492E+02  0.000E+00  0.0000
 -8.000E+01 -4.492E+02  0.000E+00  0.0000
 -4.000E+01 -4.492E+02  0.000E+00  0.0000
  0.000E+00 -4.492E+02  0.000E+00  0.0000
  4.000E+01 -4.492E+02  0.000E+00  0.0000
  8.000E+01 -4.492E+02  0.000E+00  0.0000
  1.200E+02 -4.492E+02  0.000E+00  0.0000
  1.600E+02 -4.492E+02  0.000E+00  0.0000
  2.000E+02 -4.492E+02  0.000E+00  0.0000
  2.400E+02 -4.492E+02  0.000E+00  0.0000
  2.800E+02 -4.492E+02  0.000E+00  0.0000
  3.200E+02 -4.492E+02  0.000E+00  0.0000
  3.600E+02 -4.492E+02  0.000E+00  0.0000
  4.000E+02 -4.492E+02  0.000E+00  0.0000
  4.400E+02 -4.492E+02  0.000E+00  0.0000
  4.800E+02 -4.492E+02  0.000E+00  0.0000
  5.200E+02 -4.492E+02  0.000E+00  0.0000
  5.600E+02 -4.492E+02  0.000E+00  0.0000
  6.000E+02 -4.492E+02  0.000E+00  0.0000
  6.400E+02 -4.492E+02  0.000E+00  0.0000
  6.800E+02 -4.492E+02  0.000E+00  0.0000
 -6.800E+02 -4.099E+02  0.000E+00  0.0000
 -6.400E+02 -4.099E+02  0.000E+00  0.0000
 -6.000E+02 -4.099E+02  0.000E+00  0.0000
 -5.600E+02 -4.099E+02  0.000E+00  0.0000
 -5.200E+02 -4.099E+02  0.000E+00  0.0000
 -4.800E+02 -4.099E+02  0.000E+00  0.0000
 -4.400E+02 -4.099E+02  0.000E+00  0.0000
 -4.000E+02 -4.099E+02  0.000E+00  0.0000
 -3.600E+02 -4.099E+02  0.000E+00  0.0000
 -3.200E+02 -4.099E+02  0.000E+00  0.0000
 -2.800E+02 -4.099E+02  0.000E+00  0.0000
 -2.400E+02 -4.099E+02  0.000E+00  0.0000
 -2.000E+02 -4.099E+02  0.000E+00  0.0000
 -1.600E+02 -4.099E+02  0.000E+00  0.0000
 -1.200E+02 -4.099E+02  0.000E+00  0.0000
 -8.000E+01 -4.099E+02  0.000E+00  0.0000
 -4.000E+01 -4.099E+02  0.000E+00  0.0000
  0.000E+00 -4.099E+02  0.000E+00  0.0000
  4.000E+01 -4.099E+02  0.000E+00  0.0000
  8.000E+01 -4.099E+02  0.000E+00  0.0000
  1.200E+02 -4.099E+02  0.000E+00  0.0000
  1.600E+02 -4.099E+02  0.000E+00  0.0000
  2.000E+02 -4.099E+02  0.000E+00  0.0000
  2.400E+02 -4.099E+02  0.000E+00  0.0000
  2.800E+02 -4.099E+02  0.000E+00  0.0000
  3.200E+02 -4.099E+02  0.000E+00  0.0000
  3.600E+02 -4.099E+02  0.000E+00  0.0000
  4.000E+02 -4.099E+02  0.000E+00  0.0000
  4.400E+02 -4.099E+02  0.000E+00  0.0000
  4.800E+02 -4.099E+02  0.000E+00  0.0000
  5.200E+02 -4.099E+02  0.000E+00  0.0000
  5.600E+02 -4.099E+02  0.000E+00  0.0000
  6.000E+02 -4.099E+02  0.000E+00  0.0000
  6.400E+02 -4.099E+02  0.000E+00  0.0000
  6.800E+02 -4.099E+02  0.000E+00  0.0000
 -6.800E+02 -3.705E+02  0.000E+00  0.0000
 -6.400E+02 -3.705E+02  0.000E+00  0.0000
 -6.000E+02 -3.705E+02  0.000E+00  0.0000
 -5.600E+02 -3.705E+02  0.000E+00  0.0000
 -5.200E+02 -3.705E+02  0.000E+00  0.0000
 -4.800E+02 -3.705E+02  0.000E+00  0.0000
 -4.400E+02 -3.705E+02  0.000E+00  0.0000
 -4.000E+02 -3.705E+02  0.000E+00  0.0000
 -3.600E+02 -3.705E+02  0.000E+00  0.0000
 -3.200E+02 -3.705E+02  0.000E+00  0.0000
 -2.800E+02 -3.705E+02  0.000E+00  0.0000
 -2.400E+02 -3.705E+02  0.000E+00  0.0000
 -2.000E+02 -3.705E+02  0.000E+00  0.0000
 -1.600E+02 -3.705E+02  0.000E+00  0.0000
 -1.200E+02 -3.705E+02  0.000E+00  0.0000
 -8.000E+01 -3.705E+02  0.000E+00  0.0000
 -4.000E+01 -3.705E+02  0.000E+00  0.0000
  0.000E+00 -3.705E+02  0.000E+00  0.0000
  4.000E+01 -3.705E+02  0.000E+00  0.0000
  8.000E+01 -3.705E+02  0.000E+00  0.0000
  1.200E+02 -3.705E+02  0.000E+00  0.0000
  1.600E+02 -3.705E+02  0.000E+00  0.0000
  2.000E+02 -3.705E+02  0.000E+00  0.0000
  2.400E+02 -3.705E+02  0.000E+00  0.0000
  2.800E+02 -3.705E+02  0.000E+00  0.0000
  3.200E+02 -3.705E+02  0.000E+00  0.0000
  3.600E+02 -3.705E+02  0.000E+00  0.0000
  4.000E+02 -3.705E+02  0.000E+00  0.0000
  4.400E+02 -3.705E+02  0.000E+00  0.0000
  4.800E+02 -3.705E+02  0.000E+00  0.0000
  5.200E+02 -3.705E+02  0.000E+00  0.0000
  5.600E+02 -3.705E+02  0.000E+00  0.0000
  6.000E+02 -3.705E+02  0.000E+00  0.0000
  6.400E+02 -3.705E+02  0.000E+00  0.0000
  6.800E+02 -3.705E+02  0.000E+00  0.0000
 -6.800E+02 -3.312E+02  0.000E+00  0.0000
 -6.400E+02 -3.312E+02  0.000E+00  0.0000
 -6.000E+02 -3.312E+02  0.000E+00  0.0000
 -5.600E+02 -3.312E+02  0.000E+00  0.0000
 -5.200E+02 -3.312E+02  0.000E+00  0.0000
 -4.800E+02 -3.312E+02  0.000E+00  0.0000
 -4.400E+02 -3.312E+02  0.000E+00  0.0000
 -4.000E+02 -3.312E+02  0.000E+00  0.0000
 -3.600E+02 -3.312E+02  0.000E+00  0.0000
 -3.200E+02 -3.312E+02  0.000E+00  0.0000
 -2.800E+02 -3.312E+02  0.000E+00  0.0000
 -2.400E+02 -3.312E+02  0.000E+00  0.0000
 -2.000E+02 -3.312E+02  0.000E+00  0.0000
 -1.600E+02 -3.312E+02  0.000E+00  0.0000
 -1.200E+02 -3.312E+02  0.000E+00  0.0000
 -8.000E+01 -3.312E+02  0.000E+00  0.0000
 -4.000E+01 -3.312E+02  0.000E+00  0.0000
  0.000E+00 -3.312E+02  0.000E+00  0.0000
  4.000E+01 -3.312E+02  0.000E+00  0.0000
  8.000E+01 -3.312E+02  0.000E+00  0.0000
  1.200E+02 -3.312E+02  0.000E+00  0.0000
  1.600E+02 -3.312E+02  0.000E+00  0.0000
  2.000E+02 -3.312E+02  0.000E+00  0.0000
  2.400E+02 -3.312E+02  0.000E+00  0.0000
  2.800E+02 -3.312E+02  0.000E+00  0.0000
  3.200E+02 -3.312E+02  0.000E+00  0.0000
  3.600E+02 -3.312E+02  0.000E+00  0.0000
  4.000E+02 -3.312E+02  0.000E+00  0.0000
  4.400E+02 -3.312E+02  0.000E+00  0.0000
  4.800E+02 -3.312E+02  0.000E+00  0.0000
  5.200E+02 -3.312E+02  0.000E+00  0.0000
  5.600E+02 -3.312E+02  0.000E+00  0.0000
  6.000E+02 -3.312E+02  0.000E+00  0.0000
  6.400E+02 -3.312E+02  0.000E+00  0.0000
  6.800E+02 -3.312E+02  0.000E+00  0.0000
 -6.800E+02 -2.918E+02  0.000E+00  0.0000
 -6.400E+02 -2.918E+02  0.000E+00  0.0000
 -6.000E+02 -2.918E+02  0.000E+00  0.0000
 -5.600E+02 -2.918E+02  0.000E+00  0.0000
 -5.200E+02 -2.918E+02  0.000E+00  0.0000
 -4.800E+02 -2.918E+02  0.000E+00  0.0000
 -4.400E+02 -2.918E+02  0.000E+00  0.0000
 -4.000E+02 -2.918E+02  0.000E+00  0.0000
 -3.600E+02 -2.918E+02  0.000E+00  0.0000
 -3.200E+02 -2.918E+02  0.000E+00  0.0000
 -2.800E+02 -2.918E+02  0.000E+00  0.0000
 -2.400E+02 -2.918E+02  0.000E+00  0.0000
 -2.000E+02 -2.918E+02  0.000E+00  0.0000
 -1.600E+02 -2.918E+02  0.000E+00  0.0000
 -1.200E+02 -2.918E+02  0.000E+00  0.0000
 -8.000E+01 -2.918E+02  0.000E+00  0.0000
 -4.000E+01 -2.918E+02  0.000E+00  0.0000
  0.000E+00 -2.918E+02  0.000E+00  0.0000
  4.000E+01 -2.918E+02  0.000E+00  0.0000
  8.000E+01 -2.918E+02  0.000E+00  0.0000
  1.200E+02 -2.918E+02  0.000E+00  0.0000
  1.600E+02 -2.918E+02  0.000E+00  0.0000
  2.000E+02 -2.918E+02  0.000E+00  0.0000
  2.400E+02 -2.918E+02  0.000E+00  0.0000
  2.800E+02 -2.918E+02  0.000E+00  0.0000
  3.200E+02 -2.918E+02  0.000E+00  0.0000
  3.600E+02 -2.918E+02  0.000E+00  0.0000
  4.000E+02 -2.918E+02  0.000E+00  0.0000
  4.400E+02 -2.918E+02  0.000E+00  0.0000
  4.800E+02 -2.918E+02  0.000E+00  0.0000
  5.200E+02 -2.918E+02  0.000E+00  0.0000
  5.600E+02 -2.918E+02  0.000E+00  0.0000
  6.000E+02 -2.918E+02  0.000E+00  0.0000
  6.400E+02 -2.918E+02  0.000E+00  0.0000
  6.800E+02 -2.918E+02  0.000E+00  0.0000
 -6.800E+02 -2.525E+02  0.000E+00  0.0000
 -6.400E+02 -2.525E+02  0.000E+00  0.0000
 -6.000E+02 -2.525E+02  0.000E+00  0.0000
 -5.600E+02 -2.525E+02  0.000E+00  0.0000
 -5.200E+02 -2.525E+02  0.000E+00  0.0000
 -4.800E+02 -2.525E+02  0.000E+00  0.0000
 -4.400E+02 -2.525E+02  0.000E+00  0.0000
 -4.000E+02 -2.525E+02  0.000E+00  0.0000
 -3.600E+02 -2.525E+02  0.000E+00  0.0000
 -3.200E+02 -2.525E+02  0.000E+00  0.0000
 -2.800E+02 -2.525E+02  0.000E+00  0.0000
 -2.400E+02 -2.525E+02  0.000E+00  0.0000
 -2.000E+02 -2.525E+02  0.000E+00  0.0000
 -1.600E+02 -2.525E+02  0.000E+00  0.0000
 -1.200E+02 -2.525E+02  0.000E+00  0.0000
 -8.000E+01 -2.525E+02  0.000E+00  0.0000
 -4.000E+01 -2.525E+02  0.000E+00  0.0000
  0.000E+00 -2.525E+02  0.000E+00  0.0000
  4.000E+01 -2.525E+02  0.000E+00  0.0000
  8.000E+01 -2.525E+02  0.000E+00  0.0000
  1.200E+02 -2.525E+02  0.000E+00  0.0000
  1.600E+02 -2.525E+02  0.000E+00  0.0000
  2.000E+02 -2.525E+02  0.000E+00  0.0000
  2.400E+02 -2.525E+02  0.000E+00  0.0000
  2.800E+02 -2.525E+02  0.000E+00  0.0000
  3.200E+02 -2.525E+02  0.000E+00  0.0000
  3.600E+02 -2.525E+02  0.000E+00  0.0000
  4.000E+02 -2.525E+02  0.000E+00  0.0000
  4.400E+02 -2.525E+02  0.000E+00  0.0000
  4.800E+02 -2.525E+02  0.000E+00  0.0000
  5.200E+02 -2.525E+02  0.000E+00  0.0000
  5.600E+02 -2.525E+02  0.000E+00  0.0000
  6.000E+02 -2.525E+02  0.000E+00  0.0000
  6.400E+02 -2.525E+02  0.000E+00  0.0000
  6.800E+02 -2.525E+02  0.000E+00  0.0000
 -6.800E+02 -2.132E+02  0.000E+00  0.0000
 -6.400E+02 -2.132E+02  0.000E+00  0.0000
 -6.000E+02 -2.132E+02  0.000E+00  0.0000
 -5.600E+02 -2.132E+02  0.000E+00  0.0000
 -5.200E+02 -2.132E+02  0.000E+00  0.0000
 -4.800E+02 -2.132E+02  0.000E+00  0.0000
 -4.400E+02 -2.132E+02  0.000E+00  0.0000
 -4.000E+02 -2.132E+02  0.000E+00  0.0000
 -3.600E+02 -2.132E+02  0.000E+00  0.0000
 -3.200E+02 -2.132E+02  0.000E+00  0.0000
 -2.800E+02 -2.132E+02  0.000E+00  0.0000
 -2.400E+02 -2.132E+02  0.000E+00  0.0000
 -2.000E+02 -2.132E+02  0.000E+00  0.0000
 -1.600E+02 -2.132E+02  0.000E+00  0.0000
 -1.200E+02 -2.132E+02  0.000E+00  0.0000
 -8.000E+01 -2.132E+02  0.000E+00  0.0000
 -4.000E+01 -2.132E+02  0.000E+00  0.0000
  0.000E+00 -2.132E+02  0.000E+00  0.0000
  4.000E+01 -2.132E+02  0.000E+00  0.0000
  8.000E+01 -2.132E+02  0.000E+00  0.0000
  1.200E+02 -2.132E+02  0.000E+00  0.0000
  1.600E+02 -2.132E+02  0.000E+00  0.0000
  2.000E+02 -2.132E+02  0.000E+00  0.0000
  2.400E+02 -2.132E+02  0.000E+00  0.0000
  2.800E+02 -2.132E+02  0.000E+00  0.0000
  3.200E+02 -2.132E+02  0.000E+00  0.0000
  3.600E+02 -2.132E+02  0.000E+00  0.0000
  4.000E+02 -2.132E+02  0.000E+00  0.0000
  4.400E+02 -2.132E+02  0.000E+00  0.0000
  4.800E+02 -2.132E+02  0.000E+00  0.0000
  5.200E+02 -2.132E+02  0.000E+00  0.0000
  5.600E+02 -2.132E+02  0.000E+00  0.0000
  6.000E+02 -2.132E+02  0.000E+00  0.0000
  6.400E+02 -2.132E+02  0.000E+00  0.0000
  6.800E+02 -2.132E+02  0.000E+00  0.0000
 -6.800E+02 -1.738E+02  0.000E+00  0.0000
 -6.400E+02 -1.738E+02  0.000E+00  0.0000
 -6.000E+02 -1.738E+02  0.000E+00  0.0000
 -5.600E+02 -1.738E+02  0.000E+00  0.0000
 -5.200E+02 -1.738E+02  0.000E+00  0.0000
 -4.800E+02 -1.738E+02  0.000E+00  0.0000
 -4.400E+02 -1.738E+02  0.000E+00  0.0000
 -4.000E+02 -1.738E+02  0.000E+00  0.0000
 -3.600E+02 -1.738E+02  0.000E+00  0.0000
 -3.200E+02 -1.738E+02  0.000E+00  0.0000
 -2.800E+02 -1.738E+02  0.000E+00  0.0000
 -2.400E+02 -1.738E+02  0.000E+00  0.0000
 -2.000E+02 -1.738E+02  0.000E+00  0.0000
 -1.600E+02 -1.738E+02  0.000E+00  0.0000
 -1.200E+02 -1.738E+02  0.000E+00  0.0000
 -8.000E+01 -1.738E+02  0.000E+00  0.0000
 -4.000E+01 -1.738E+02  0.000E+00  0.0000
  0.000E+00 -1.738E+02  0.000E+00  0.0000
  4.000E+01 -1.738E+02  0.000E+00  0.0000
  8.000E+01 -1.738E+02  0.000E+00  0.0000
  1.200E+02 -1.738E+02  0.000E+00  0.0000
  1.600E+02 -1.738E+02  0.000E+00  0.0000
  2.000E+02 -1.738E+02  0.000E+00  0.0000
  2.400E+02 -1.738E+02  0.000E+00  0.0000
  2.800E+02 -1.738E+02  0.000E+00  0.0000
  3.200E+02 -1.738E+02  0.000E+00  0.0000
  3.600E+02 -1.738E+02  0.000E+00  0.0000
  4.000E+02 -1.738E+02  0.000E+00  0.0000
  4.400E+02 -1.738E+02  0.000E+00  0.0000
  4.800E+02 -1.738E+02  0.000E+00  0.0000
  5.200E+02 -1.738E+02  0.000E+00  0.0000
  5.600E+02 -1.738E+02  0.000E+00  0.0000
  6.000E+02 -1.738E+02  0.000E+00  0.0000
  6.400E+02 -1.738E+02  0.000E+00  0.0000
  6.800E+02 -1.738E+02  0.000E+00  0.0000
 -6.800E+02 -1.345E+02  0.000E+00  0.0000
 -6.400E+02 -1.345E+02  0.000E+00  0.0000
 -6.000E+02 -1.345E+02  0.000E+00  0.0000
 -5.600E+02 -1.345E+02  0.000E+00  0.0000
 -5.200E+02 -1.345E+02  0.000E+00  0.0000
 -4.800E+02 -1.345E+02  0.000E+00  0.0000
 -4.400E+02 -1.345E+02  0.000E+00  0.0000
 -4.000E+02 -1.345E+02  0.000E+00  0.0000
 -3.600E+02 -1.345E+02  0.000E+00  0.0000
 -3.200E+02 -1.345E+02  0.000E+00  0.0000
 -2.800E+02 -1.345E+02  0.000E+00  0.0000
 -2.400E+02 -1.345E+02  0.000E+00  0.0000
 -2.000E+02 -1.345E+02  0.000E+00  0.0000
 -1.600E+02 -1.345E+02  0.000E+00  0.0000
 -1.200E+02 -1.345E+02  0.000E+00  0.0000
 -8.000E+01 -1.345E+02  0.000E+00  0.0000
 -4.000E+01 -1.345E+02  0.000E+00  0.0000
  0.000E+00 -1.345E+02  0.000E+00  0.0000
  4.000E+01 -1.345E+02  0.000E+00  0.0000
  8.000E+01 -1.345E+02  0.000E+00  0.0000
  1.200E+02 -1.345E+02  0.000E+00  0.0000
  1.600E+02 -1.345E+02  0.000E+00  0.0000
  2.000E+02 -1.345E+02  0.000E+00  0.0000
  2.400E+02 -1.345E+02  0.000E+00  0.0000
  2.800E+02 -1.345E+02  0.000E+00  0.0000
  3.200E+02 -1.345E+02  0.000E+00  0.0000
  3.600E+02 -1.345E+02  0.000E+00  0.0000
  4.000E+02 -1.345E+02  0.000E+00  0.0000
  4.400E+02 -1.345E+02  0.000E+00  0.0000
  4.800E+02 -1.345E+02  0.000E+00  0.0000
  5.200E+02 -1.345E+02  0.000E+00  0.0000
  5.600E+02 -1.345E+02  0.000E+00  0.0000
  6.000E+02 -1.345E+02  0.000E+00  0.0000
  6.400E+02 -1.345E+02  0.000E+00  0.0000
  6.800E+02 -1.345E+02  0.000E+00  0.0000
 -6.800E+02 -9.511E+01  0.000E+00  0.0000
 -6.400E+02 -9.511E+01  0.000E+00  0.0000
 -6.000E+02 -9.511E+01  0.000E+00  0.0000
 -5.600E+02 -9.511E+01  0.000E+00  0.0000
 -5.200E+02 -9.511E+01  0.000E+00  0.0000
 -4.800E+02 -9.511E+01  0.000E+00  0.0000
 -4.400E+02 -9.511E+01  0.000E+00  0.0000
 -4.000E+02 -9.511E+01  0.000E+00  0.0000
 -3.600E+02 -9.511E+01  0.000E+00  0.0000
 -3.200E+02 -9.511E+01  0.000E+00  0.0000
 -2.800E+02 -9.511E+01  0.000E+00  0.0000
 -2.400E+02 -9.511E+01  0.000E+00  0.0000
 -2.000E+02 -9.511E+01  0.000E+00  0.0000
 -1.600E+02 -9.511E+01  0.000E+00  0.0000
 -1.200E+02 -9.511E+01  0.000E+00  0.0000
 -8.000E+01 -9.511E+01  0.000E+00  0.0000
 -4.000E+01 -9.511E+01  0.000E+00  0.0000
  0.000E+00 -9.511E+01  0.000E+00  0.0000
  4.000E+01 -9.511E+01  0.000E+00  0.0000
  8.000E+01 -9.511E+01  0.000E+00  0.0000
  1.200E+02 -9.511E+01  0.000E+00  0.0000
  1.600E+02 -9.511E+01  0.000E+00  0.0000
  2.000E+02 -9.511E+01  0.000E+00  0.0000
  2.400E+02 -9.511E+01  0.000E+00  0.0000
  2.800E+02 -9.511E+01  0.000E+00  0.0000
  3.200E+02 -9.511E+01  0.000E+00  0.0000
  3.600E+02 -9.511E+01  0.000E+00  0.0000
  4.000E+02 -9.511E+01  0.000E+00  0.0000
  4.400E+02 -9.511E+01  0.000E+00  0.0000
  4.800E+02 -9.511E+01  0.000E+00  0.0000
  5.200E+02 -9.511E+01  0.000E+00  0.0000
  5.600E+02 -9.511E+01  0.000E+00  0.0000
  6.000E+02 -9.511E+01  0.000E+00  0.0000
  6.400E+02 -9.511E+01  0.000E+00  0.0000
  6.800E+02 -9.511E+01  0.000E+00  0.0000
 -6.800E+02 -5.576E+01  0.000E+00  0.0000
 -6.400E+02 -5.576E+01  0.000E+00  0.0000
 -6.000E+02 -5.576E+01  0.000E+00  0.0000
 -5.600E+02 -5.576E+01  0.000E+00  0.0000
 -5.200E+02 -5.576E+01  0.000E+00  0.0000
 -4.800E+02 -5.576E+01  0.000E+00  0.0000
 -4.400E+02 -5.576E+01  0.000E+00  0.0000
 -4.000E+02 -5.576E+01  0.000E+00  0.0000
 -3.600E+02 -5.576E+01  0.000E+00  0.0000
 -3.200E+02 -5.576E+01  0.000E+00  0.0000
 -2.800E+02 -5.576E+01  0.000E+00  0.0000
 -2.400E+02 -5.576E+01  0.000E+00  0.0000
 -2.000E+02 -5.576E+01  0.000E+00  0.0000
 -1.600E+02 -5.576E+01  0.000E+00  0.0000
 -1.200E+02 -5.576E+01  0.000E+00  0.0000
 -8.000E+01 -5.576E+01  0.000E+00  0.0000
 -4.000E+01 -5.576E+01  0.000E+00  0.0000
  0.000E+00 -5.576E+01  0.000E+00  0.0000
  4.000E+01 -5.576E+01  0.000E+00  0.0000
  8.000E+01 -5.576E+01  0.000E+00  0.0000
  1.200E+02 -5.576E+01  0.000E+00  0.0000
  1.600E+02 -5.576E+01  0.000E+00  0.0000
  2.000E+02 -5.576E+01  0.000E+00  0.0000
  2.400E+02 -5.576E+01  0.000E+00  0.0000
  2.800E+02 -5.576E+01  0.000E+00  0.0000
  3.200E+02 -5.576E+01  0.000E+00  0.0000
  3.600E+02 -5.576E+01  0.000E+00  0.0000
  4.000E+02 -5.576E+01  0.000E+00  0.0000
  4.400E+02 -5.576E+01  0.000E+00  0.0000
  4.800E+02 -5.576E+01  0.000E+00  0.0000
  5.200E+02 -5.576E+01  0.000E+00  0.0000
  5.600E+02 -5.576E+01  0.000E+00  0.0000
  6.000E+02 -5.576E+01  0.000E+00  0.0000
  6.400E+02 -5.576E+01  0.000E+00  0.0000
  6.800E+02 -5.576E+01  0.000E+00  0.0000
 -6.800E+02 -1.641E+01  0.000E+00  0.0000
 -6.400E+02 -1.641E+01  0.000E+00  0.0000
 -6.000E+02 -1.641E+01  0.000E+00  0.0000
 -5.600E+02 -1.641E+01  0.000E+00  0.0000
 -5.200E+02 -1.641E+01  0.000E+00  0.0000
 -4.800E+02 -1.641E+01  0.000E+00  0.0000
 -4.400E+02 -1.641E+01  0.000E+00  0.0000
 -4.000E+02 -1.641E+01  0.000E+00  0.0000
 -3.600E+02 -1.641E+01  0.000E+00  0.0000
 -3.200E+02 -1.641E+01  0.000E+00  0.0000
 -2.800E+02 -1.641E+01  0.000E+00  0.0000
 -2.400E+02 -1.641E+01  0.000E+00  0.0000
 -2.000E+02 -1.641E+01  0.000E+00  0.0000
 -1.600E+02 -1.641E+01  0.000E+00  0.0000
 -1.200E+02 -1.641E+01  0.000E+00  0.0000
 -8.000E+01 -1.641E+01  0.000E+00  0.0000
 -4.000E+01 -1.641E+01  0.000E+00  0.0000
  0.000E+00 -1.641E+01  0.000E+00  0.0000
  4.000E+01 -1.641E+01  0.000E+00  0.0000
  8.000E+01 -1.641E+01  0.000E+00  0.0000
  1.200E+02 -1.641E+01  0.000E+00  0.0000
  1.600E+02 -1.641E+01  0.000E+00  0.0000
  2.000E+02 -1.641E+01  0.000E+00  0.0000
  2.400E+02 -1.641E+01  0.000E+00  0.0000
  2.800E+02 -1.641E+01  0.000E+00  0.0000
  3.200E+02 -1.641E+01  0.000E+00  0.0000
  3.600E+02 -1.641E+01  0.000E+00  0.0000
  4.000E+02 -1.641E+01  0.000E+00  0.0000
  4.400E+02 -1.641E+01  0.000E+00  0.0000
  4.800E+02 -1.641E+01  0.000E+00  0.0000
  5.200E+02 -1.641E+01  0.000E+00  0.0000
  5.600E+02 -1.641E+01  0.000E+00  0.0000
  6.000E+02 -1.641E+01  0.000E+00  0.0000
  6.400E+02 -1.641E+01  0.000E+00  0.0000
  6.800E+02 -1.641E+01  0.000E+00  0.0000
 -6.800E+02  2.293E+01  0.000E+00  0.0000
 -6.400E+02  2.293E+01  0.000E+00  0.0000
 -6.000E+02  2.293E+01  0.000E+00  0.0000
 -5.600E+02  2.293E+01  0.000E+00  0.0000
 -5.200E+02  2.293E+01  0.000E+00  0.0000
 -4.800E+02  2.293E+01  0.000E+00  0.0000
 -4.400E+02  2.293E+01  0.000E+00  0.0000
 -4.000E+02  2.293E+01  0.000E+00  0.0000
 -3.600E+02  2.293E+01  0.000E+00  0.0000
 -3.200E+02  2.293E+01  0.000E+00  0.0000
 -2.800E+02  2.293E+01  0.000E+00  0.0000
 -2.400E+02  2.293E+01  0.000E+00  0.0000
 -2.000E+02  2.293E+01  0.000E+00  0.0000
 -1.600E+02  2.293E+01  0.000E+00  0.0000
 -1.200E+02  2.293E+01  0.000E+00  0.0000
 -8.000E+01  2.293E+01  0.000E+00  0.0000
 -4.000E+01  2.293E+01  0.000E+00  0.0000
  0.000E+00  2.293E+01  0.000E+00  0.0000
  4.000E+01  2.293E+01  0.000E+00  0.0000
  8.000E+01  2.293E+01  0.000E+00  0.0000
  1.200E+02  2.293E+01  0.000E+00  0.0000
  1.600E+02  2.293E+01  0.000E+00  0.0000
  2.000E+02  2.293E+01  0.000E+00  0.0000
  2.400E+02  2.293E+01  0.000E+00  0.0000
  2.800E+02  2.293E+01  0.000E+00  0.0000
  3.200E+02  2.293E+01  0.000E+00  0.0000
  3.600E+02  2.293E+01  0.000E+00  0.0000
  4.000E+02  2.293E+01  0.000E+00  0.0000
  4.400E+02  2.293E+01  0.000E+00  0.0000
  4.800E+02  2.293E+01  0.000E+00  0.0000
  5.200E+02  2.293E+01  0.000E+00  0.0000
  5.600E+02  2.293E+01  0.000E+00  0.0000
  6.000E+02  2.293E+01  0.000E+00  0.0000
  6.400E+02  2.293E+01  0.000E+00  0.0000
  6.800E+02  2.293E+01  0.000E+00  0.0000
 -6.800E+02  6.228E+01  0.000E+00  0.0000
 -6.400E+02  6.228E+01  0.000E+00  0.0000
 -6.000E+02  6.228E+01  0.000E+00  0.0000
 -5.600E+02  6.228E+01  0.000E+00  0.0000
 -5.200E+02  6.228E+01  0.000E+00  0.0000
 -4.800E+02  6.228E+01  0.000E+00  0.0000
 -4.400E+02  6.228E+01  0.000E+00  0.0000
 -4.000E+02  6.228E+01  0.000E+00  0.0000
 -3.600E+02  6.228E+01  0.000E+00  0.0000
 -3.200E+02  6.228E+01  0.000E+00  0.0000
 -2.800E+02  6.228E+01  0.000E+00  0.0000
 -2.400E+02  6.228E+01  0.000E+00  0.0000
 -2.000E+02  6.228E+01  0.000E+00  0.0000
 -1.600E+02  6.228E+01  0.000E+00  0.0000
 -1.200E+02  6.228E+01  0.000E+00  0.0000
 -8.000E+01  6.228E+01  0.000E+00  0.0000
 -4.000E+01  6.228E+01  0.000E+00  0.0000
  0.000E+00  6.228E+01  0.000E+00  0.0000
  4.000E+01  6.228E+01  0.000E+00  0.0000
  8.000E+01  6.228E+01  0.000E+00  0.0000
  1.200E+02  6.228E+01  0.000E+00  0.0000
  1.600E+02  6.228E+01  0.000E+00  0.0000
  2.000E+02  6.228E+01  0.000E+00  0.0000
  2.400E+02  6.228E+01  0.000E+00  0.0000
  2.800E+02  6.228E+01  0.000E+00  0.0000
  3.200E+02  6.228E+01  0.000E+00  0.0000
  3.600E+02  6.228E+01  0.000E+00  0.0000
  4.000E+02  6.228E+01  0.000E+00  0.0000
  4.400E+02  6.228E+01  0.000E+00  0.0000
  4.800E+02  6.228E+01  0.000E+00  0.0000
  5.200E+02  6.228E+01  0.000E+00  0.0000
  5.600E+02  6.228E+01  0.000E+00  0.0000
  6.000E+02  6.228E+01  0.000E+00  0.0000
  6.400E+02  6.228E+01  0.000E+00  0.0000
  6.800E+02  6.228E+01  0.000E+00  0.0000
 -6.800E+02  1.016E+02  0.000E+00  0.0000
 -6.400E+02  1.016E+02  0.000E+00  0.0000
 -6.000E+02  1.016E+02  0.000E+00  0.0000
 -5.600E+02  1.016E+02  0.000E+00  0.0000
 -5.200E+02  1.016E+02  0.000E+00  0.0000
 -4.800E+02  1.016E+02  0.000E+00  0.0000
 -4.400E+02  1.016E+02  0.000E+00  0.0000
 -4.000E+02  1.016E+02  0.000E+00  0.0000
 -3.600E+02  1.016E+02  0.000E+00  0.0000
 -3.200E+02  1.016E+02  0.000E+00  0.0000
 -2.800E+02  1.016E+02  0.000E+00  0.0000
 -2.400E+02  1.016E+02  0.000E+00  0.0000
 -2.000E+02  1.016E+02  0.000E+00  0.0000
 -1.600E+02  1.016E+02  0.000E+00  0.0000
 -1.200E+02  1.016E+02  0.000E+00  0.0000
 -8.000E+01  1.016E+02  0.000E+00  0.0000
 -4.000E+01  1.016E+02  0.000E+00  0.0000
  0.000E+00  1.016E+02  0.000E+00  0.0000
  4.000E+01  1.016E+02  0.000E+00  0.0000
  8.000E+01  1.016E+02  0.000E+00  0.0000
  1.200E+02  1.016E+02  0.000E+00  0.0000
  1.600E+02  1.016E+02  0.000E+00  0.0000
  2.000E+02  1.016E+02  0.000E+00  0.0000
  2.400E+02  1.016E+02  0.000E+00  0.0000
  2.800E+02  1.016E+02  0.000E+00  0.0000
  3.200E+02  1.016E+02  0.000E+00  0.0000
  3.600E+02  1.016E+02  0.000E+00  0.0000
  4.000E+02  1.016E+02  0.000E+00  0.0000
  4.400E+02  1.016E+02  0.000E+00  0.0000
  4.800E+02  1.016E+02  0.000E+00  0.0000
  5.200E+02  1.016E+02  0.000E+00  0.0000
  5.600E+02  1.016E+02  0.000E+00  0.0000
  6.000E+02  1.016E+02  0.000E+00  0.0000
  6.400E+02  1.016E+02  0.000E+00  0.0000
  6.800E+02  1.016E+02  0.000E+00  0.0000
 -6.800E+02  1.410E+02  0.000E+00  0.0000
 -6.400E+02  1.410E+02  0.000E+00  0.0000
 -6.000E+02  1.410E+02  0.000E+00  0.0000
 -5.600E+02  1.410E+02  0.000E+00  0.0000
 -5.200E+02  1.410E+02  0.000E+00  0.0000
 -4.800E+02  1.410E+02  0.000E+00  0.0000
 -4.400E+02  1.410E+02  0.000E+00  0.0000
 -4.000E+02  1.410E+02  0.000E+00  0.0000
 -3.600E+02  1.410E+02  0.000E+00  0.0000
 -3.200E+02  1.410E+02  0.000E+00  0.0000
 -2.800E+02  1.410E+02  0.000E+00  0.0000
 -2.400E+02  1.410E+02  0.000E+00  0.0000
 -2.000E+02  1.410E+02  0.000E+00  0.0000
 -1.600E+02  1.410E+02  0.000E+00  0.0000
 -1.200E+02  1.410E+02  0.000E+00  0.0000
 -8.000E+01  1.410E+02  0.000E+00  0.0000
 -4.000E+01  1.410E+02  0.000E+00  0.0000
  0.000E+00  1.410E+02  0.000E+00  0.0000
  4.000E+01  1.410E+02  0.000E+00  0.0000
  8.000E+01  1.410E+02  0.000E+00  0.0000
  1.200E+02  1.410E+02  0.000E+00  0.0000
  1.600E+02  1.410E+02  0.000E+00  0.0000
  2.000E+02  1.410E+02  0.000E+00  0.0000
  2.400E+02  1.410E+02  0.000E+00  0.0000
  2.800E+02  1.410E+02  0.000E+00  0.0000
  3.200E+02  1.410E+02  0.000E+00  0.0000
  3.600E+02  1.410E+02  0.000E+00  0.0000
  4.000E+02  1.410E+02  0.000E+00  0.0000
  4.400E+02  1.410E+02  0.000E+00  0.0000
  4.800E+02  1.410E+02  0.000E+00  0.0000
  5.200E+02  1.410E+02  0.000E+00  0.0000
  5.600E+02  1.410E+02  0.000E+00  0.0000
  6.000E+02  1.410E+02  0.000E+00  0.0000
  6.400E+02  1.410E+02  0.000E+00  0.0000
  6.800E+02  1.410E+02  0.000E+00  0.0000
 -6.800E+02  1.803E+02  0.000E+00  0.0000
 -6.400E+02  1.803E+02  0.000E+00  0.0000
 -6.000E+02  1.803E+02  0.000E+00  0.0000
 -5.600E+02  1.803E+02  0.000E+00  0.0000
 -5.200E+02  1.803E+02  0.000E+00  0.0000
 -4.800E+02  1.803E+02  0.000E+00  0.0000
 -4.400E+02  1.803E+02  0.000E+00  0.0000
 -4.000E+02  1.803E+02  0.000E+00  0.0000
 -3.600E+02  1.803E+02  0.000E+00  0.0000
 -3.200E+02  1.803E+02  0.000E+00  0.0000
 -2.800E+02  1.803E+02  0.000E+00  0.0000
 -2.400E+02  1.803E+02  0.000E+00  0.0000
 -2.000E+02  1.803E+02  0.000E+00  0.0000
 -1.600E+02  1.803E+02  0.000E+00  0.0000
 -1.200E+02  1.803E+02  0.000E+00  0.0000
 -8.000E+01  1.803E+02  0.000E+00  0.0000
 -4.000E+01  1.803E+02  0.000E+00  0.0000
  0.000E+00  1.803E+02  0.000E+00  0.0000
  4.000E+01  1.803E+02  0.000E+00  0.0000
  8.000E+01  1.803E+02  0.000E+00  0.0000
  1.200E+02  1.803E+02  0.000E+00  0.0000
  1.600E+02  1.803E+02  0.000E+00  0.0000
  2.000E+02  1.803E+02  0.000E+00  0.0000
  2.400E+02  1.803E+02  0.000E+00  0.0000
  2.800E+02  1.803E+02  0.000E+00  0.0000
  3.200E+02  1.803E+02  0.000E+00  0.0000
  3.600E+02  1.803E+02  0.000E+00  0.0000
  4.000E+02  1.803E+02  0.000E+00  0.0000
  4.400E+02  1.803E+02  0.000E+00  0.0000
  4.800E+02  1.803E+02  0.000E+00  0.0000
  5.200E+02  1.803E+02  0.000E+00  0.0000
  5.600E+02  1.803E+02  0.000E+00  0.0000
  6.000E+02  1.803E+02  0.000E+00  0.0000
  6.400E+02  1.803E+02  0.000E+00  0.0000
  6.800E+02  1.803E+02  0.000E+00  0.0000

#------------------------------------------------------------------------------
 newpage:
#   no. =  6   ie  =  2   iy  =  1   part. = muon-   
#   e = (   5.0000E-07  -   1.0000E-01  )
#   y = (  -1.0000E+03  -   1.0000E+03  )
#  nx =  35   nz =  23

# x          z          flux       r.err
 -6.800E+02 -6.853E+02  5.442E-10  1.0000
 -6.400E+02 -6.853E+02  0.000E+00  0.0000
 -6.000E+02 -6.853E+02  0.000E+00  0.0000
 -5.600E+02 -6.853E+02  0.000E+00  0.0000
 -5.200E+02 -6.853E+02  0.000E+00  0.0000
 -4.800E+02 -6.853E+02  0.000E+00  0.0000
 -4.400E+02 -6.853E+02  5.449E-10  1.0000
 -4.000E+02 -6.853E+02  0.000E+00  0.0000
 -3.600E+02 -6.853E+02  5.449E-10  1.0000
 -3.200E+02 -6.853E+02  0.000E+00  0.0000
 -2.800E+02 -6.853E+02  0.000E+00  0.0000
 -2.400E+02 -6.853E+02  1.082E-09  0.7071
 -2.000E+02 -6.853E+02  5.448E-10  1.0000
 -1.600E+02 -6.853E+02  1.632E-09  0.5772
 -1.200E+02 -6.853E+02  5.427E-10  1.0000
 -8.000E+01 -6.853E+02  5.428E-10  1.0000
 -4.000E+01 -6.853E+02  0.000E+00  0.0000
  0.000E+00 -6.853E+02  0.000E+00  0.0000
  4.000E+01 -6.853E+02  1.089E-09  0.7070
  8.000E+01 -6.853E+02  1.629E-09  0.5772
  1.200E+02 -6.853E+02  1.088E-09  0.7070
  1.600E+02 -6.853E+02  5.432E-10  1.0000
  2.000E+02 -6.853E+02  1.090E-09  0.7070
  2.400E+02 -6.853E+02  5.449E-10  1.0000
  2.800E+02 -6.853E+02  0.000E+00  0.0000
  3.200E+02 -6.853E+02  5.448E-10  1.0000
  3.600E+02 -6.853E+02  0.000E+00  0.0000
  4.000E+02 -6.853E+02  5.442E-10  1.0000
  4.400E+02 -6.853E+02  0.000E+00  0.0000
  4.800E+02 -6.853E+02  5.446E-10  1.0000
  5.200E+02 -6.853E+02  5.449E-10  1.0000
  5.600E+02 -6.853E+02  5.449E-10  1.0000
  6.000E+02 -6.853E+02  0.000E+00  0.0000
  6.400E+02 -6.853E+02  0.000E+00  0.0000
  6.800E+02 -6.853E+02  0.000E+00  0.0000
 -6.800E+02 -6.460E+02  0.000E+00  0.0000
 -6.400E+02 -6.460E+02  0.000E+00  0.0000
 -6.000E+02 -6.460E+02  0.000E+00  0.0000
 -5.600E+02 -6.460E+02  0.000E+00  0.0000
 -5.200E+02 -6.460E+02  0.000E+00  0.0000
 -4.800E+02 -6.460E+02  0.000E+00  0.0000
 -4.400E+02 -6.460E+02  5.449E-10  1.0000
 -4.000E+02 -6.460E+02  5.449E-10  1.0000
 -3.600E+02 -6.460E+02  0.000E+00  0.0000
 -3.200E+02 -6.460E+02  5.449E-10  1.0000
 -2.800E+02 -6.460E+02  5.442E-10  1.0000
 -2.400E+02 -6.460E+02  5.442E-10  1.0000
 -2.000E+02 -6.460E+02  5.449E-10  1.0000
 -1.600E+02 -6.460E+02  5.446E-10  1.0000
 -1.200E+02 -6.460E+02  1.088E-09  0.7070
 -8.000E+01 -6.460E+02  5.449E-10  1.0000
 -4.000E+01 -6.460E+02  1.090E-09  0.7070
  0.000E+00 -6.460E+02  0.000E+00  0.0000
  4.000E+01 -6.460E+02  0.000E+00  0.0000
  8.000E+01 -6.460E+02  1.089E-09  0.7070
  1.200E+02 -6.460E+02  0.000E+00  0.0000
  1.600E+02 -6.460E+02  5.449E-10  1.0000
  2.000E+02 -6.460E+02  0.000E+00  0.0000
  2.400E+02 -6.460E+02  5.449E-10  1.0000
  2.800E+02 -6.460E+02  0.000E+00  0.0000
  3.200E+02 -6.460E+02  0.000E+00  0.0000
  3.600E+02 -6.460E+02  5.449E-10  1.0000
  4.000E+02 -6.460E+02  5.449E-10  1.0000
  4.400E+02 -6.460E+02  5.443E-10  1.0000
  4.800E+02 -6.460E+02  0.000E+00  0.0000
  5.200E+02 -6.460E+02  5.449E-10  1.0000
  5.600E+02 -6.460E+02  5.445E-10  1.0000
  6.000E+02 -6.460E+02  1.090E-09  0.7070
  6.400E+02 -6.460E+02  5.449E-10  1.0000
  6.800E+02 -6.460E+02  1.088E-09  0.7070
 -6.800E+02 -6.066E+02  1.089E-09  0.7070
 -6.400E+02 -6.066E+02  5.449E-10  1.0000
 -6.000E+02 -6.066E+02  0.000E+00  0.0000
 -5.600E+02 -6.066E+02  0.000E+00  0.0000
 -5.200E+02 -6.066E+02  0.000E+00  0.0000
 -4.800E+02 -6.066E+02  0.000E+00  0.0000
 -4.400E+02 -6.066E+02  5.449E-10  1.0000
 -4.000E+02 -6.066E+02  1.629E-09  0.5772
 -3.600E+02 -6.066E+02  0.000E+00  0.0000
 -3.200E+02 -6.066E+02  0.000E+00  0.0000
 -2.800E+02 -6.066E+02  5.446E-10  1.0000
 -2.400E+02 -6.066E+02  1.089E-09  0.7070
 -2.000E+02 -6.066E+02  0.000E+00  0.0000
 -1.600E+02 -6.066E+02  5.449E-10  1.0000
 -1.200E+02 -6.066E+02  1.090E-09  0.7070
 -8.000E+01 -6.066E+02  1.090E-09  0.7070
 -4.000E+01 -6.066E+02  0.000E+00  0.0000
  0.000E+00 -6.066E+02  5.449E-10  1.0000
  4.000E+01 -6.066E+02  5.449E-10  1.0000
  8.000E+01 -6.066E+02  5.449E-10  1.0000
  1.200E+02 -6.066E+02  5.449E-10  1.0000
  1.600E+02 -6.066E+02  5.449E-10  1.0000
  2.000E+02 -6.066E+02  1.089E-09  0.7070
  2.400E+02 -6.066E+02  0.000E+00  0.0000
  2.800E+02 -6.066E+02  2.180E-09  0.4998
  3.200E+02 -6.066E+02  5.448E-10  1.0000
  3.600E+02 -6.066E+02  0.000E+00  0.0000
  4.000E+02 -6.066E+02  0.000E+00  0.0000
  4.400E+02 -6.066E+02  0.000E+00  0.0000
  4.800E+02 -6.066E+02  5.415E-10  1.0000
  5.200E+02 -6.066E+02  5.449E-10  1.0000
  5.600E+02 -6.066E+02  0.000E+00  0.0000
  6.000E+02 -6.066E+02  1.089E-09  0.7070
  6.400E+02 -6.066E+02  5.449E-10  1.0000
  6.800E+02 -6.066E+02  1.090E-09  0.7070
 -6.800E+02 -5.673E+02  0.000E+00  0.0000
 -6.400E+02 -5.673E+02  0.000E+00  0.0000
 -6.000E+02 -5.673E+02  5.449E-10  1.0000
 -5.600E+02 -5.673E+02  0.000E+00  0.0000
 -5.200E+02 -5.673E+02  5.449E-10  1.0000
 -4.800E+02 -5.673E+02  0.000E+00  0.0000
 -4.400E+02 -5.673E+02  1.634E-09  0.5772
 -4.000E+02 -5.673E+02  5.449E-10  1.0000
 -3.600E+02 -5.673E+02  1.090E-09  0.7070
 -3.200E+02 -5.673E+02  0.000E+00  0.0000
 -2.800E+02 -5.673E+02  0.000E+00  0.0000
 -2.400E+02 -5.673E+02  1.090E-09  0.7070
 -2.000E+02 -5.673E+02  1.090E-09  0.7070
 -1.600E+02 -5.673E+02  1.090E-09  0.7070
 -1.200E+02 -5.673E+02  5.445E-10  1.0000
 -8.000E+01 -5.673E+02  1.082E-09  0.7071
 -4.000E+01 -5.673E+02  0.000E+00  0.0000
  0.000E+00 -5.673E+02  5.447E-10  1.0000
  4.000E+01 -5.673E+02  1.635E-09  0.5772
  8.000E+01 -5.673E+02  1.634E-09  0.5772
  1.200E+02 -5.673E+02  5.445E-10  1.0000
  1.600E+02 -5.673E+02  0.000E+00  0.0000
  2.000E+02 -5.673E+02  5.449E-10  1.0000
  2.400E+02 -5.673E+02  5.449E-10  1.0000
  2.800E+02 -5.673E+02  1.634E-09  0.5772
  3.200E+02 -5.673E+02  1.089E-09  0.7070
  3.600E+02 -5.673E+02  5.445E-10  1.0000
  4.000E+02 -5.673E+02  0.000E+00  0.0000
  4.400E+02 -5.673E+02  5.449E-10  1.0000
  4.800E+02 -5.673E+02  5.449E-10  1.0000
  5.200E+02 -5.673E+02  0.000E+00  0.0000
  5.600E+02 -5.673E+02  0.000E+00  0.0000
  6.000E+02 -5.673E+02  0.000E+00  0.0000
  6.400E+02 -5.673E+02  0.000E+00  0.0000
  6.800E+02 -5.673E+02  5.447E-10  1.0000
 -6.800E+02 -5.279E+02  0.000E+00  0.0000
 -6.400E+02 -5.279E+02  0.000E+00  0.0000
 -6.000E+02 -5.279E+02  0.000E+00  0.0000
 -5.600E+02 -5.279E+02  1.090E-09  0.7070
 -5.200E+02 -5.279E+02  5.449E-10  1.0000
 -4.800E+02 -5.279E+02  5.449E-10  1.0000
 -4.400E+02 -5.279E+02  5.426E-10  1.0000
 -4.000E+02 -5.279E+02  0.000E+00  0.0000
 -3.600E+02 -5.279E+02  0.000E+00  0.0000
 -3.200E+02 -5.279E+02  1.089E-09  0.7070
 -2.800E+02 -5.279E+02  5.447E-10  1.0000
 -2.400E+02 -5.279E+02  0.000E+00  0.0000
 -2.000E+02 -5.279E+02  5.442E-10  1.0000
 -1.600E+02 -5.279E+02  1.633E-09  0.5772
 -1.200E+02 -5.279E+02  1.087E-09  0.7070
 -8.000E+01 -5.279E+02  5.449E-10  1.0000
 -4.000E+01 -5.279E+02  0.000E+00  0.0000
  0.000E+00 -5.279E+02  1.090E-09  0.7070
  4.000E+01 -5.279E+02  5.449E-10  1.0000
  8.000E+01 -5.279E+02  0.000E+00  0.0000
  1.200E+02 -5.279E+02  1.635E-09  0.5772
  1.600E+02 -5.279E+02  0.000E+00  0.0000
  2.000E+02 -5.279E+02  0.000E+00  0.0000
  2.400E+02 -5.279E+02  0.000E+00  0.0000
  2.800E+02 -5.279E+02  5.449E-10  1.0000
  3.200E+02 -5.279E+02  0.000E+00  0.0000
  3.600E+02 -5.279E+02  0.000E+00  0.0000
  4.000E+02 -5.279E+02  0.000E+00  0.0000
  4.400E+02 -5.279E+02  5.449E-10  1.0000
  4.800E+02 -5.279E+02  5.449E-10  1.0000
  5.200E+02 -5.279E+02  0.000E+00  0.0000
  5.600E+02 -5.279E+02  0.000E+00  0.0000
  6.000E+02 -5.279E+02  1.634E-09  0.5772
  6.400E+02 -5.279E+02  0.000E+00  0.0000
  6.800E+02 -5.279E+02  5.441E-10  1.0000
 -6.800E+02 -4.886E+02  5.442E-10  1.0000
 -6.400E+02 -4.886E+02  5.449E-10  1.0000
 -6.000E+02 -4.886E+02  0.000E+00  0.0000
 -5.600E+02 -4.886E+02  5.449E-10  1.0000
 -5.200E+02 -4.886E+02  1.089E-09  0.7070
 -4.800E+02 -4.886E+02  0.000E+00  0.0000
 -4.400E+02 -4.886E+02  5.449E-10  1.0000
 -4.000E+02 -4.886E+02  5.449E-10  1.0000
 -3.600E+02 -4.886E+02  5.415E-10  1.0000
 -3.200E+02 -4.886E+02  1.089E-09  0.7070
 -2.800E+02 -4.886E+02  5.415E-10  1.0000
 -2.400E+02 -4.886E+02  5.449E-10  1.0000
 -2.000E+02 -4.886E+02  1.087E-09  0.7070
 -1.600E+02 -4.886E+02  0.000E+00  0.0000
 -1.200E+02 -4.886E+02  2.176E-09  0.4999
 -8.000E+01 -4.886E+02  0.000E+00  0.0000
 -4.000E+01 -4.886E+02  5.448E-10  1.0000
  0.000E+00 -4.886E+02  1.087E-09  0.7070
  4.000E+01 -4.886E+02  5.449E-10  1.0000
  8.000E+01 -4.886E+02  1.087E-09  0.7070
  1.200E+02 -4.886E+02  1.087E-09  0.7070
  1.600E+02 -4.886E+02  1.089E-09  0.7070
  2.000E+02 -4.886E+02  2.177E-09  0.4999
  2.400E+02 -4.886E+02  0.000E+00  0.0000
  2.800E+02 -4.886E+02  0.000E+00  0.0000
  3.200E+02 -4.886E+02  5.447E-10  1.0000
  3.600E+02 -4.886E+02  5.443E-10  1.0000
  4.000E+02 -4.886E+02  5.449E-10  1.0000
  4.400E+02 -4.886E+02  0.000E+00  0.0000
  4.800E+02 -4.886E+02  5.375E-10  1.0000
  5.200E+02 -4.886E+02  0.000E+00  0.0000
  5.600E+02 -4.886E+02  5.444E-10  1.0000
  6.000E+02 -4.886E+02  1.634E-09  0.5772
  6.400E+02 -4.886E+02  0.000E+00  0.0000
  6.800E+02 -4.886E+02  1.635E-09  0.5772
 -6.800E+02 -4.492E+02  0.000E+00  0.0000
 -6.400E+02 -4.492E+02  5.449E-10  1.0000
 -6.000E+02 -4.492E+02  5.449E-10  1.0000
 -5.600E+02 -4.492E+02  0.000E+00  0.0000
 -5.200E+02 -4.492E+02  0.000E+00  0.0000
 -4.800E+02 -4.492E+02  1.634E-09  0.5772
 -4.400E+02 -4.492E+02  0.000E+00  0.0000
 -4.000E+02 -4.492E+02  5.446E-10  1.0000
 -3.600E+02 -4.492E+02  1.090E-09  0.7070
 -3.200E+02 -4.492E+02  5.449E-10  1.0000
 -2.800E+02 -4.492E+02  5.449E-10  1.0000
 -2.400E+02 -4.492E+02  5.447E-10  1.0000
 -2.000E+02 -4.492E+02  1.090E-09  0.7070
 -1.600E+02 -4.492E+02  0.000E+00  0.0000
 -1.200E+02 -4.492E+02  1.089E-09  0.7070
 -8.000E+01 -4.492E+02  1.089E-09  0.7070
 -4.000E+01 -4.492E+02  1.089E-09  0.7070
  0.000E+00 -4.492E+02  0.000E+00  0.0000
  4.000E+01 -4.492E+02  0.000E+00  0.0000
  8.000E+01 -4.492E+02  5.449E-10  1.0000
  1.200E+02 -4.492E+02  5.442E-10  1.0000
  1.600E+02 -4.492E+02  0.000E+00  0.0000
  2.000E+02 -4.492E+02  1.090E-09  0.7070
  2.400E+02 -4.492E+02  0.000E+00  0.0000
  2.800E+02 -4.492E+02  5.449E-10  1.0000
  3.200E+02 -4.492E+02  1.090E-09  0.7070
  3.600E+02 -4.492E+02  1.634E-09  0.5772
  4.000E+02 -4.492E+02  1.090E-09  0.7070
  4.400E+02 -4.492E+02  1.090E-09  0.7070
  4.800E+02 -4.492E+02  5.449E-10  1.0000
  5.200E+02 -4.492E+02  1.090E-09  0.7070
  5.600E+02 -4.492E+02  1.089E-09  0.7070
  6.000E+02 -4.492E+02  5.424E-10  1.0000
  6.400E+02 -4.492E+02  1.635E-09  0.5772
  6.800E+02 -4.492E+02  5.449E-10  1.0000
 -6.800E+02 -4.099E+02  5.449E-10  1.0000
 -6.400E+02 -4.099E+02  1.083E-09  0.7070
 -6.000E+02 -4.099E+02  0.000E+00  0.0000
 -5.600E+02 -4.099E+02  5.446E-10  1.0000
 -5.200E+02 -4.099E+02  0.000E+00  0.0000
 -4.800E+02 -4.099E+02  0.000E+00  0.0000
 -4.400E+02 -4.099E+02  1.090E-09  0.7070
 -4.000E+02 -4.099E+02  0.000E+00  0.0000
 -3.600E+02 -4.099E+02  5.449E-10  1.0000
 -3.200E+02 -4.099E+02  0.000E+00  0.0000
 -2.800E+02 -4.099E+02  0.000E+00  0.0000
 -2.400E+02 -4.099E+02  0.000E+00  0.0000
 -2.000E+02 -4.099E+02  1.089E-09  0.7070
 -1.600E+02 -4.099E+02  1.634E-09  0.5772
 -1.200E+02 -4.099E+02  5.449E-10  1.0000
 -8.000E+01 -4.099E+02  1.090E-09  0.7070
 -4.000E+01 -4.099E+02  5.449E-10  1.0000
  0.000E+00 -4.099E+02  1.090E-09  0.7070
  4.000E+01 -4.099E+02  1.090E-09  0.7070
  8.000E+01 -4.099E+02  1.632E-09  0.5772
  1.200E+02 -4.099E+02  5.449E-10  1.0000
  1.600E+02 -4.099E+02  0.000E+00  0.0000
  2.000E+02 -4.099E+02  0.000E+00  0.0000
  2.400E+02 -4.099E+02  1.090E-09  0.7070
  2.800E+02 -4.099E+02  5.449E-10  1.0000
  3.200E+02 -4.099E+02  1.635E-09  0.5772
  3.600E+02 -4.099E+02  5.445E-10  1.0000
  4.000E+02 -4.099E+02  5.444E-10  1.0000
  4.400E+02 -4.099E+02  5.449E-10  1.0000
  4.800E+02 -4.099E+02  5.427E-10  1.0000
  5.200E+02 -4.099E+02  1.089E-09  0.7070
  5.600E+02 -4.099E+02  0.000E+00  0.0000
  6.000E+02 -4.099E+02  5.443E-10  1.0000
  6.400E+02 -4.099E+02  2.180E-09  0.4998
  6.800E+02 -4.099E+02  5.449E-10  1.0000
 -6.800E+02 -3.705E+02  5.449E-10  1.0000
 -6.400E+02 -3.705E+02  5.448E-10  1.0000
 -6.000E+02 -3.705E+02  0.000E+00  0.0000
 -5.600E+02 -3.705E+02  5.449E-10  1.0000
 -5.200E+02 -3.705E+02  5.449E-10  1.0000
 -4.800E+02 -3.705E+02  0.000E+00  0.0000
 -4.400E+02 -3.705E+02  5.449E-10  1.0000
 -4.000E+02 -3.705E+02  1.090E-09  0.7070
 -3.600E+02 -3.705E+02  5.449E-10  1.0000
 -3.200E+02 -3.705E+02  5.449E-10  1.0000
 -2.800E+02 -3.705E+02  5.449E-10  1.0000
 -2.400E+02 -3.705E+02  0.000E+00  0.0000
 -2.000E+02 -3.705E+02  0.000E+00  0.0000
 -1.600E+02 -3.705E+02  0.000E+00  0.0000
 -1.200E+02 -3.705E+02  0.000E+00  0.0000
 -8.000E+01 -3.705E+02  0.000E+00  0.0000
 -4.000E+01 -3.705E+02  0.000E+00  0.0000
  0.000E+00 -3.705E+02  0.000E+00  0.0000
  4.000E+01 -3.705E+02  0.000E+00  0.0000
  8.000E+01 -3.705E+02  0.000E+00  0.0000
  1.200E+02 -3.705E+02  0.000E+00  0.0000
  1.600E+02 -3.705E+02  5.449E-10  1.0000
  2.000E+02 -3.705E+02  1.089E-09  0.7070
  2.400E+02 -3.705E+02  0.000E+00  0.0000
  2.800E+02 -3.705E+02  0.000E+00  0.0000
  3.200E+02 -3.705E+02  0.000E+00  0.0000
  3.600E+02 -3.705E+02  0.000E+00  0.0000
  4.000E+02 -3.705E+02  0.000E+00  0.0000
  4.400E+02 -3.705E+02  1.090E-09  0.7070
  4.800E+02 -3.705E+02  5.449E-10  1.0000
  5.200E+02 -3.705E+02  2.179E-09  0.4998
  5.600E+02 -3.705E+02  0.000E+00  0.0000
  6.000E+02 -3.705E+02  5.449E-10  1.0000
  6.400E+02 -3.705E+02  1.090E-09  0.7070
  6.800E+02 -3.705E+02  1.633E-09  0.5772
 -6.800E+02 -3.312E+02  1.090E-09  0.7070
 -6.400E+02 -3.312E+02  0.000E+00  0.0000
 -6.000E+02 -3.312E+02  1.090E-09  0.7070
 -5.600E+02 -3.312E+02  5.449E-10  1.0000
 -5.200E+02 -3.312E+02  1.090E-09  0.7070
 -4.800E+02 -3.312E+02  1.634E-09  0.5772
 -4.400E+02 -3.312E+02  5.449E-10  1.0000
 -4.000E+02 -3.312E+02  1.634E-09  0.5772
 -3.600E+02 -3.312E+02  1.090E-09  0.7070
 -3.200E+02 -3.312E+02  1.634E-09  0.5772
 -2.800E+02 -3.312E+02  1.634E-09  0.5772
 -2.400E+02 -3.312E+02  1.089E-09  0.7070
 -2.000E+02 -3.312E+02  5.449E-10  1.0000
 -1.600E+02 -3.312E+02  5.446E-10  1.0000
 -1.200E+02 -3.312E+02  0.000E+00  0.0000
 -8.000E+01 -3.312E+02  0.000E+00  0.0000
 -4.000E+01 -3.312E+02  0.000E+00  0.0000
  0.000E+00 -3.312E+02  0.000E+00  0.0000
  4.000E+01 -3.312E+02  0.000E+00  0.0000
  8.000E+01 -3.312E+02  0.000E+00  0.0000
  1.200E+02 -3.312E+02  0.000E+00  0.0000
  1.600E+02 -3.312E+02  1.089E-09  0.7070
  2.000E+02 -3.312E+02  0.000E+00  0.0000
  2.400E+02 -3.312E+02  5.449E-10  1.0000
  2.800E+02 -3.312E+02  1.089E-09  0.7070
  3.200E+02 -3.312E+02  1.090E-09  0.7070
  3.600E+02 -3.312E+02  5.444E-10  1.0000
  4.000E+02 -3.312E+02  0.000E+00  0.0000
  4.400E+02 -3.312E+02  5.448E-10  1.0000
  4.800E+02 -3.312E+02  1.088E-09  0.7070
  5.200E+02 -3.312E+02  1.090E-09  0.7070
  5.600E+02 -3.312E+02  2.179E-09  0.4998
  6.000E+02 -3.312E+02  1.634E-09  0.5772
  6.400E+02 -3.312E+02  0.000E+00  0.0000
  6.800E+02 -3.312E+02  1.634E-09  0.5772
 -6.800E+02 -2.918E+02  1.087E-09  0.7070
 -6.400E+02 -2.918E+02  0.000E+00  0.0000
 -6.000E+02 -2.918E+02  1.090E-09  0.7070
 -5.600E+02 -2.918E+02  1.090E-09  0.7070
 -5.200E+02 -2.918E+02  1.090E-09  0.7070
 -4.800E+02 -2.918E+02  5.444E-10  1.0000
 -4.400E+02 -2.918E+02  1.087E-09  0.7070
 -4.000E+02 -2.918E+02  0.000E+00  0.0000
 -3.600E+02 -2.918E+02  5.449E-10  1.0000
 -3.200E+02 -2.918E+02  5.449E-10  1.0000
 -2.800E+02 -2.918E+02  1.089E-09  0.7070
 -2.400E+02 -2.918E+02  1.089E-09  0.7070
 -2.000E+02 -2.918E+02  5.449E-10  1.0000
 -1.600E+02 -2.918E+02  2.725E-09  0.4470
 -1.200E+02 -2.918E+02  0.000E+00  0.0000
 -8.000E+01 -2.918E+02  0.000E+00  0.0000
 -4.000E+01 -2.918E+02  0.000E+00  0.0000
  0.000E+00 -2.918E+02  0.000E+00  0.0000
  4.000E+01 -2.918E+02  0.000E+00  0.0000
  8.000E+01 -2.918E+02  0.000E+00  0.0000
  1.200E+02 -2.918E+02  0.000E+00  0.0000
  1.600E+02 -2.918E+02  0.000E+00  0.0000
  2.000E+02 -2.918E+02  1.090E-09  0.7070
  2.400E+02 -2.918E+02  1.635E-09  0.5772
  2.800E+02 -2.918E+02  0.000E+00  0.0000
  3.200E+02 -2.918E+02  1.629E-09  0.5772
  3.600E+02 -2.918E+02  1.089E-09  0.7070
  4.000E+02 -2.918E+02  5.439E-10  1.0000
  4.400E+02 -2.918E+02  5.449E-10  1.0000
  4.800E+02 -2.918E+02  0.000E+00  0.0000
  5.200E+02 -2.918E+02  5.449E-10  1.0000
  5.600E+02 -2.918E+02  0.000E+00  0.0000
  6.000E+02 -2.918E+02  5.449E-10  1.0000
  6.400E+02 -2.918E+02  1.634E-09  0.5772
  6.800E+02 -2.918E+02  1.634E-09  0.5772
 -6.800E+02 -2.525E+02  0.000E+00  0.0000
 -6.400E+02 -2.525E+02  1.634E-09  0.5772
 -6.000E+02 -2.525E+02  5.423E-10  1.0000
 -5.600E+02 -2.525E+02  2.723E-09  0.4470
 -5.200E+02 -2.525E+02  1.633E-09  0.5772
 -4.800E+02 -2.525E+02  5.426E-10  1.0000
 -4.400E+02 -2.525E+02  0.000E+00  0.0000
 -4.000E+02 -2.525E+02  0.000E+00  0.0000
 -3.600E+02 -2.525E+02  1.635E-09  0.5772
 -3.200E+02 -2.525E+02  2.176E-09  0.4999
 -2.800E+02 -2.525E+02  2.179E-09  0.4999
 -2.400E+02 -2.525E+02  1.090E-09  0.7070
 -2.000E+02 -2.525E+02  5.369E-10  1.0000
 -1.600E+02 -2.525E+02  5.446E-10  1.0000
 -1.200E+02 -2.525E+02  0.000E+00  0.0000
 -8.000E+01 -2.525E+02  0.000E+00  0.0000
 -4.000E+01 -2.525E+02  0.000E+00  0.0000
  0.000E+00 -2.525E+02  0.000E+00  0.0000
  4.000E+01 -2.525E+02  0.000E+00  0.0000
  8.000E+01 -2.525E+02  0.000E+00  0.0000
  1.200E+02 -2.525E+02  0.000E+00  0.0000
  1.600E+02 -2.525E+02  0.000E+00  0.0000
  2.000E+02 -2.525E+02  0.000E+00  0.0000
  2.400E+02 -2.525E+02  1.089E-09  0.7070
  2.800E+02 -2.525E+02  5.449E-10  1.0000
  3.200E+02 -2.525E+02  5.417E-10  1.0000
  3.600E+02 -2.525E+02  1.635E-09  0.5772
  4.000E+02 -2.525E+02  5.449E-10  1.0000
  4.400E+02 -2.525E+02  1.088E-09  0.7070
  4.800E+02 -2.525E+02  1.634E-09  0.5772
  5.200E+02 -2.525E+02  1.090E-09  0.7070
  5.600E+02 -2.525E+02  1.089E-09  0.7070
  6.000E+02 -2.525E+02  1.090E-09  0.7070
  6.400E+02 -2.525E+02  1.089E-09  0.7070
  6.800E+02 -2.525E+02  1.090E-09  0.7070
 -6.800E+02 -2.132E+02  1.632E-09  0.5772
 -6.400E+02 -2.132E+02  0.000E+00  0.0000
 -6.000E+02 -2.132E+02  5.442E-10  1.0000
 -5.600E+02 -2.132E+02  2.180E-09  0.4998
 -5.200E+02 -2.132E+02  1.634E-09  0.5772
 -4.800E+02 -2.132E+02  1.635E-09  0.5772
 -4.400E+02 -2.132E+02  1.090E-09  0.7070
 -4.000E+02 -2.132E+02  0.000E+00  0.0000
 -3.600E+02 -2.132E+02  0.000E+00  0.0000
 -3.200E+02 -2.132E+02  0.000E+00  0.0000
 -2.800E+02 -2.132E+02  1.634E-09  0.5772
 -2.400E+02 -2.132E+02  0.000E+00  0.0000
 -2.000E+02 -2.132E+02  0.000E+00  0.0000
 -1.600E+02 -2.132E+02  5.449E-10  1.0000
 -1.200E+02 -2.132E+02  0.000E+00  0.0000
 -8.000E+01 -2.132E+02  0.000E+00  0.0000
 -4.000E+01 -2.132E+02  0.000E+00  0.0000
  0.000E+00 -2.132E+02  0.000E+00  0.0000
  4.000E+01 -2.132E+02  0.000E+00  0.0000
  8.000E+01 -2.132E+02  0.000E+00  0.0000
  1.200E+02 -2.132E+02  0.000E+00  0.0000
  1.600E+02 -2.132E+02  1.090E-09  0.7070
  2.000E+02 -2.132E+02  1.090E-09  0.7070
  2.400E+02 -2.132E+02  2.175E-09  0.4999
  2.800E+02 -2.132E+02  2.179E-09  0.4998
  3.200E+02 -2.132E+02  0.000E+00  0.0000
  3.600E+02 -2.132E+02  1.090E-09  0.7070
  4.000E+02 -2.132E+02  1.633E-09  0.5772
  4.400E+02 -2.132E+02  1.088E-09  0.7070
  4.800E+02 -2.132E+02  5.449E-10  1.0000
  5.200E+02 -2.132E+02  5.448E-10  1.0000
  5.600E+02 -2.132E+02  1.090E-09  0.7070
  6.000E+02 -2.132E+02  0.000E+00  0.0000
  6.400E+02 -2.132E+02  5.449E-10  1.0000
  6.800E+02 -2.132E+02  1.090E-09  0.7070
 -6.800E+02 -1.738E+02  5.416E-10  1.0000
 -6.400E+02 -1.738E+02  5.449E-10  1.0000
 -6.000E+02 -1.738E+02  1.089E-09  0.7070
 -5.600E+02 -1.738E+02  1.089E-09  0.7070
 -5.200E+02 -1.738E+02  5.448E-10  1.0000
 -4.800E+02 -1.738E+02  1.090E-09  0.7070
 -4.400E+02 -1.738E+02  1.090E-09  0.7070
 -4.000E+02 -1.738E+02  2.174E-09  0.4999
 -3.600E+02 -1.738E+02  1.090E-09  0.7070
 -3.200E+02 -1.738E+02  5.447E-10  1.0000
 -2.800E+02 -1.738E+02  1.635E-09  0.5772
 -2.400E+02 -1.738E+02  0.000E+00  0.0000
 -2.000E+02 -1.738E+02  1.090E-09  0.7070
 -1.600E+02 -1.738E+02  2.180E-09  0.4998
 -1.200E+02 -1.738E+02  0.000E+00  0.0000
 -8.000E+01 -1.738E+02  0.000E+00  0.0000
 -4.000E+01 -1.738E+02  0.000E+00  0.0000
  0.000E+00 -1.738E+02  0.000E+00  0.0000
  4.000E+01 -1.738E+02  0.000E+00  0.0000
  8.000E+01 -1.738E+02  0.000E+00  0.0000
  1.200E+02 -1.738E+02  0.000E+00  0.0000
  1.600E+02 -1.738E+02  1.089E-09  0.7070
  2.000E+02 -1.738E+02  0.000E+00  0.0000
  2.400E+02 -1.738E+02  1.090E-09  0.7070
  2.800E+02 -1.738E+02  5.449E-10  1.0000
  3.200E+02 -1.738E+02  0.000E+00  0.0000
  3.600E+02 -1.738E+02  5.449E-10  1.0000
  4.000E+02 -1.738E+02  1.633E-09  0.5772
  4.400E+02 -1.738E+02  1.090E-09  0.7070
  4.800E+02 -1.738E+02  1.089E-09  0.7070
  5.200E+02 -1.738E+02  1.087E-09  0.7070
  5.600E+02 -1.738E+02  5.449E-10  1.0000
  6.000E+02 -1.738E+02  1.087E-09  0.7070
  6.400E+02 -1.738E+02  0.000E+00  0.0000
  6.800E+02 -1.738E+02  1.089E-09  0.7070
 -6.800E+02 -1.345E+02  0.000E+00  0.0000
 -6.400E+02 -1.345E+02  0.000E+00  0.0000
 -6.000E+02 -1.345E+02  5.449E-10  1.0000
 -5.600E+02 -1.345E+02  5.447E-10  1.0000
 -5.200E+02 -1.345E+02  5.449E-10  1.0000
 -4.800E+02 -1.345E+02  1.090E-09  0.7070
 -4.400E+02 -1.345E+02  1.089E-09  0.7070
 -4.000E+02 -1.345E+02  2.724E-09  0.4470
 -3.600E+02 -1.345E+02  5.448E-10  1.0000
 -3.200E+02 -1.345E+02  5.449E-10  1.0000
 -2.800E+02 -1.345E+02  1.090E-09  0.7070
 -2.400E+02 -1.345E+02  0.000E+00  0.0000
 -2.000E+02 -1.345E+02  1.634E-09  0.5772
 -1.600E+02 -1.345E+02  1.090E-09  0.7070
 -1.200E+02 -1.345E+02  0.000E+00  0.0000
 -8.000E+01 -1.345E+02  0.000E+00  0.0000
 -4.000E+01 -1.345E+02  0.000E+00  0.0000
  0.000E+00 -1.345E+02  0.000E+00  0.0000
  4.000E+01 -1.345E+02  0.000E+00  0.0000
  8.000E+01 -1.345E+02  0.000E+00  0.0000
  1.200E+02 -1.345E+02  0.000E+00  0.0000
  1.600E+02 -1.345E+02  0.000E+00  0.0000
  2.000E+02 -1.345E+02  1.090E-09  0.7070
  2.400E+02 -1.345E+02  5.447E-10  1.0000
  2.800E+02 -1.345E+02  0.000E+00  0.0000
  3.200E+02 -1.345E+02  1.087E-09  0.7070
  3.600E+02 -1.345E+02  1.090E-09  0.7070
  4.000E+02 -1.345E+02  1.635E-09  0.5772
  4.400E+02 -1.345E+02  1.089E-09  0.7070
  4.800E+02 -1.345E+02  1.089E-09  0.7070
  5.200E+02 -1.345E+02  1.087E-09  0.7070
  5.600E+02 -1.345E+02  1.089E-09  0.7070
  6.000E+02 -1.345E+02  0.000E+00  0.0000
  6.400E+02 -1.345E+02  5.446E-10  1.0000
  6.800E+02 -1.345E+02  5.445E-10  1.0000
 -6.800E+02 -9.511E+01  5.449E-10  1.0000
 -6.400E+02 -9.511E+01  1.087E-09  0.7070
 -6.000E+02 -9.511E+01  1.090E-09  0.7070
 -5.600E+02 -9.511E+01  0.000E+00  0.0000
 -5.200E+02 -9.511E+01  1.090E-09  0.7070
 -4.800E+02 -9.511E+01  1.090E-09  0.7070
 -4.400E+02 -9.511E+01  1.090E-09  0.7070
 -4.000E+02 -9.511E+01  1.632E-09  0.5772
 -3.600E+02 -9.511E+01  1.090E-09  0.7070
 -3.200E+02 -9.511E+01  1.634E-09  0.5772
 -2.800E+02 -9.511E+01  1.089E-09  0.7070
 -2.400E+02 -9.511E+01  1.090E-09  0.7070
 -2.000E+02 -9.511E+01  5.449E-10  1.0000
 -1.600E+02 -9.511E+01  5.442E-10  1.0000
 -1.200E+02 -9.511E+01  5.449E-10  1.0000
 -8.000E+01 -9.511E+01  0.000E+00  0.0000
 -4.000E+01 -9.511E+01  0.000E+00  0.0000
  0.000E+00 -9.511E+01  0.000E+00  0.0000
  4.000E+01 -9.511E+01  5.444E-10  1.0000
  8.000E+01 -9.511E+01  5.447E-10  1.0000
  1.200E+02 -9.511E+01  0.000E+00  0.0000
  1.600E+02 -9.511E+01  2.725E-09  0.4470
  2.000E+02 -9.511E+01  1.089E-09  0.7070
  2.400E+02 -9.511E+01  1.087E-09  0.7070
  2.800E+02 -9.511E+01  5.449E-10  1.0000
  3.200E+02 -9.511E+01  1.088E-09  0.7070
  3.600E+02 -9.511E+01  2.723E-09  0.4470
  4.000E+02 -9.511E+01  1.635E-09  0.5772
  4.400E+02 -9.511E+01  0.000E+00  0.0000
  4.800E+02 -9.511E+01  1.634E-09  0.5772
  5.200E+02 -9.511E+01  1.090E-09  0.7070
  5.600E+02 -9.511E+01  5.446E-10  1.0000
  6.000E+02 -9.511E+01  0.000E+00  0.0000
  6.400E+02 -9.511E+01  1.634E-09  0.5772
  6.800E+02 -9.511E+01  1.090E-09  0.7070
 -6.800E+02 -5.576E+01  5.449E-10  1.0000
 -6.400E+02 -5.576E+01  1.090E-09  0.7070
 -6.000E+02 -5.576E+01  1.090E-09  0.7070
 -5.600E+02 -5.576E+01  1.634E-09  0.5772
 -5.200E+02 -5.576E+01  5.449E-10  1.0000
 -4.800E+02 -5.576E+01  1.089E-09  0.7070
 -4.400E+02 -5.576E+01  1.635E-09  0.5772
 -4.000E+02 -5.576E+01  1.090E-09  0.7070
 -3.600E+02 -5.576E+01  1.633E-09  0.5772
 -3.200E+02 -5.576E+01  5.449E-10  1.0000
 -2.800E+02 -5.576E+01  1.090E-09  0.7070
 -2.400E+02 -5.576E+01  1.090E-09  0.7070
 -2.000E+02 -5.576E+01  1.090E-09  0.7070
 -1.600E+02 -5.576E+01  0.000E+00  0.0000
 -1.200E+02 -5.576E+01  1.090E-09  0.7070
 -8.000E+01 -5.576E+01  1.633E-09  0.5772
 -4.000E+01 -5.576E+01  5.439E-10  1.0000
  0.000E+00 -5.576E+01  5.444E-10  1.0000
  4.000E+01 -5.576E+01  1.090E-09  0.7070
  8.000E+01 -5.576E+01  5.449E-10  1.0000
  1.200E+02 -5.576E+01  2.724E-09  0.4470
  1.600E+02 -5.576E+01  5.449E-10  1.0000
  2.000E+02 -5.576E+01  1.090E-09  0.7070
  2.400E+02 -5.576E+01  0.000E+00  0.0000
  2.800E+02 -5.576E+01  1.090E-09  0.7070
  3.200E+02 -5.576E+01  1.089E-09  0.7070
  3.600E+02 -5.576E+01  1.090E-09  0.7070
  4.000E+02 -5.576E+01  1.634E-09  0.5772
  4.400E+02 -5.576E+01  1.635E-09  0.5772
  4.800E+02 -5.576E+01  1.090E-09  0.7070
  5.200E+02 -5.576E+01  0.000E+00  0.0000
  5.600E+02 -5.576E+01  1.635E-09  0.5772
  6.000E+02 -5.576E+01  2.179E-09  0.4999
  6.400E+02 -5.576E+01  5.449E-10  1.0000
  6.800E+02 -5.576E+01  2.179E-09  0.4999
 -6.800E+02 -1.641E+01  0.000E+00  0.0000
 -6.400E+02 -1.641E+01  1.089E-09  0.7070
 -6.000E+02 -1.641E+01  5.447E-10  1.0000
 -5.600E+02 -1.641E+01  5.442E-10  1.0000
 -5.200E+02 -1.641E+01  0.000E+00  0.0000
 -4.800E+02 -1.641E+01  5.447E-10  1.0000
 -4.400E+02 -1.641E+01  1.089E-09  0.7070
 -4.000E+02 -1.641E+01  0.000E+00  0.0000
 -3.600E+02 -1.641E+01  0.000E+00  0.0000
 -3.200E+02 -1.641E+01  2.724E-09  0.4470
 -2.800E+02 -1.641E+01  2.724E-09  0.4470
 -2.400E+02 -1.641E+01  1.090E-09  0.7070
 -2.000E+02 -1.641E+01  2.721E-09  0.4470
 -1.600E+02 -1.641E+01  1.090E-09  0.7070
 -1.200E+02 -1.641E+01  5.449E-10  1.0000
 -8.000E+01 -1.641E+01  1.089E-09  0.7070
 -4.000E+01 -1.641E+01  5.444E-10  1.0000
  0.000E+00 -1.641E+01  1.634E-09  0.5772
  4.000E+01 -1.641E+01  1.635E-09  0.5772
  8.000E+01 -1.641E+01  1.635E-09  0.5772
  1.200E+02 -1.641E+01  0.000E+00  0.0000
  1.600E+02 -1.641E+01  1.090E-09  0.7070
  2.000E+02 -1.641E+01  0.000E+00  0.0000
  2.400E+02 -1.641E+01  1.087E-09  0.7070
  2.800E+02 -1.641E+01  2.176E-09  0.4999
  3.200E+02 -1.641E+01  5.446E-10  1.0000
  3.600E+02 -1.641E+01  1.089E-09  0.7070
  4.000E+02 -1.641E+01  1.090E-09  0.7070
  4.400E+02 -1.641E+01  5.444E-10  1.0000
  4.800E+02 -1.641E+01  0.000E+00  0.0000
  5.200E+02 -1.641E+01  1.633E-09  0.5772
  5.600E+02 -1.641E+01  0.000E+00  0.0000
  6.000E+02 -1.641E+01  0.000E+00  0.0000
  6.400E+02 -1.641E+01  1.090E-09  0.7070
  6.800E+02 -1.641E+01  5.449E-10  1.0000
 -6.800E+02  2.293E+01  0.000E+00  0.0000
 -6.400E+02  2.293E+01  0.000E+00  0.0000
 -6.000E+02  2.293E+01  0.000E+00  0.0000
 -5.600E+02  2.293E+01  0.000E+00  0.0000
 -5.200E+02  2.293E+01  0.000E+00  0.0000
 -4.800E+02  2.293E+01  0.000E+00  0.0000
 -4.400E+02  2.293E+01  0.000E+00  0.0000
 -4.000E+02  2.293E+01  0.000E+00  0.0000
 -3.600E+02  2.293E+01  0.000E+00  0.0000
 -3.200E+02  2.293E+01  0.000E+00  0.0000
 -2.800E+02  2.293E+01  0.000E+00  0.0000
 -2.400E+02  2.293E+01  0.000E+00  0.0000
 -2.000E+02  2.293E+01  0.000E+00  0.0000
 -1.600E+02  2.293E+01  0.000E+00  0.0000
 -1.200E+02  2.293E+01  0.000E+00  0.0000
 -8.000E+01  2.293E+01  0.000E+00  0.0000
 -4.000E+01  2.293E+01  0.000E+00  0.0000
  0.000E+00  2.293E+01  0.000E+00  0.0000
  4.000E+01  2.293E+01  0.000E+00  0.0000
  8.000E+01  2.293E+01  0.000E+00  0.0000
  1.200E+02  2.293E+01  0.000E+00  0.0000
  1.600E+02  2.293E+01  0.000E+00  0.0000
  2.000E+02  2.293E+01  0.000E+00  0.0000
  2.400E+02  2.293E+01  0.000E+00  0.0000
  2.800E+02  2.293E+01  0.000E+00  0.0000
  3.200E+02  2.293E+01  0.000E+00  0.0000
  3.600E+02  2.293E+01  0.000E+00  0.0000
  4.000E+02  2.293E+01  0.000E+00  0.0000
  4.400E+02  2.293E+01  0.000E+00  0.0000
  4.800E+02  2.293E+01  0.000E+00  0.0000
  5.200E+02  2.293E+01  0.000E+00  0.0000
  5.600E+02  2.293E+01  0.000E+00  0.0000
  6.000E+02  2.293E+01  0.000E+00  0.0000
  6.400E+02  2.293E+01  0.000E+00  0.0000
  6.800E+02  2.293E+01  0.000E+00  0.0000
 -6.800E+02  6.228E+01  0.000E+00  0.0000
 -6.400E+02  6.228E+01  0.000E+00  0.0000
 -6.000E+02  6.228E+01  0.000E+00  0.0000
 -5.600E+02  6.228E+01  0.000E+00  0.0000
 -5.200E+02  6.228E+01  0.000E+00  0.0000
 -4.800E+02  6.228E+01  0.000E+00  0.0000
 -4.400E+02  6.228E+01  0.000E+00  0.0000
 -4.000E+02  6.228E+01  0.000E+00  0.0000
 -3.600E+02  6.228E+01  0.000E+00  0.0000
 -3.200E+02  6.228E+01  0.000E+00  0.0000
 -2.800E+02  6.228E+01  0.000E+00  0.0000
 -2.400E+02  6.228E+01  0.000E+00  0.0000
 -2.000E+02  6.228E+01  0.000E+00  0.0000
 -1.600E+02  6.228E+01  0.000E+00  0.0000
 -1.200E+02  6.228E+01  0.000E+00  0.0000
 -8.000E+01  6.228E+01  0.000E+00  0.0000
 -4.000E+01  6.228E+01  0.000E+00  0.0000
  0.000E+00  6.228E+01  0.000E+00  0.0000
  4.000E+01  6.228E+01  0.000E+00  0.0000
  8.000E+01  6.228E+01  0.000E+00  0.0000
  1.200E+02  6.228E+01  0.000E+00  0.0000
  1.600E+02  6.228E+01  0.000E+00  0.0000
  2.000E+02  6.228E+01  0.000E+00  0.0000
  2.400E+02  6.228E+01  0.000E+00  0.0000
  2.800E+02  6.228E+01  0.000E+00  0.0000
  3.200E+02  6.228E+01  0.000E+00  0.0000
  3.600E+02  6.228E+01  0.000E+00  0.0000
  4.000E+02  6.228E+01  0.000E+00  0.0000
  4.400E+02  6.228E+01  0.000E+00  0.0000
  4.800E+02  6.228E+01  0.000E+00  0.0000
  5.200E+02  6.228E+01  0.000E+00  0.0000
  5.600E+02  6.228E+01  0.000E+00  0.0000
  6.000E+02  6.228E+01  0.000E+00  0.0000
  6.400E+02  6.228E+01  0.000E+00  0.0000
  6.800E+02  6.228E+01  0.000E+00  0.0000
 -6.800E+02  1.016E+02  0.000E+00  0.0000
 -6.400E+02  1.016E+02  0.000E+00  0.0000
 -6.000E+02  1.016E+02  0.000E+00  0.0000
 -5.600E+02  1.016E+02  0.000E+00  0.0000
 -5.200E+02  1.016E+02  0.000E+00  0.0000
 -4.800E+02  1.016E+02  0.000E+00  0.0000
 -4.400E+02  1.016E+02  0.000E+00  0.0000
 -4.000E+02  1.016E+02  0.000E+00  0.0000
 -3.600E+02  1.016E+02  0.000E+00  0.0000
 -3.200E+02  1.016E+02  0.000E+00  0.0000
 -2.800E+02  1.016E+02  0.000E+00  0.0000
 -2.400E+02  1.016E+02  0.000E+00  0.0000
 -2.000E+02  1.016E+02  0.000E+00  0.0000
 -1.600E+02  1.016E+02  0.000E+00  0.0000
 -1.200E+02  1.016E+02  0.000E+00  0.0000
 -8.000E+01  1.016E+02  0.000E+00  0.0000
 -4.000E+01  1.016E+02  0.000E+00  0.0000
  0.000E+00  1.016E+02  0.000E+00  0.0000
  4.000E+01  1.016E+02  0.000E+00  0.0000
  8.000E+01  1.016E+02  0.000E+00  0.0000
  1.200E+02  1.016E+02  0.000E+00  0.0000
  1.600E+02  1.016E+02  0.000E+00  0.0000
  2.000E+02  1.016E+02  0.000E+00  0.0000
  2.400E+02  1.016E+02  0.000E+00  0.0000
  2.800E+02  1.016E+02  0.000E+00  0.0000
  3.200E+02  1.016E+02  0.000E+00  0.0000
  3.600E+02  1.016E+02  0.000E+00  0.0000
  4.000E+02  1.016E+02  0.000E+00  0.0000
  4.400E+02  1.016E+02  0.000E+00  0.0000
  4.800E+02  1.016E+02  0.000E+00  0.0000
  5.200E+02  1.016E+02  0.000E+00  0.0000
  5.600E+02  1.016E+02  0.000E+00  0.0000
  6.000E+02  1.016E+02  0.000E+00  0.0000
  6.400E+02  1.016E+02  0.000E+00  0.0000
  6.800E+02  1.016E+02  0.000E+00  0.0000
 -6.800E+02  1.410E+02  0.000E+00  0.0000
 -6.400E+02  1.410E+02  0.000E+00  0.0000
 -6.000E+02  1.410E+02  0.000E+00  0.0000
 -5.600E+02  1.410E+02  0.000E+00  0.0000
 -5.200E+02  1.410E+02  0.000E+00  0.0000
 -4.800E+02  1.410E+02  0.000E+00  0.0000
 -4.400E+02  1.410E+02  0.000E+00  0.0000
 -4.000E+02  1.410E+02  0.000E+00  0.0000
 -3.600E+02  1.410E+02  0.000E+00  0.0000
 -3.200E+02  1.410E+02  0.000E+00  0.0000
 -2.800E+02  1.410E+02  0.000E+00  0.0000
 -2.400E+02  1.410E+02  0.000E+00  0.0000
 -2.000E+02  1.410E+02  0.000E+00  0.0000
 -1.600E+02  1.410E+02  0.000E+00  0.0000
 -1.200E+02  1.410E+02  0.000E+00  0.0000
 -8.000E+01  1.410E+02  0.000E+00  0.0000
 -4.000E+01  1.410E+02  0.000E+00  0.0000
  0.000E+00  1.410E+02  0.000E+00  0.0000
  4.000E+01  1.410E+02  0.000E+00  0.0000
  8.000E+01  1.410E+02  0.000E+00  0.0000
  1.200E+02  1.410E+02  0.000E+00  0.0000
  1.600E+02  1.410E+02  0.000E+00  0.0000
  2.000E+02  1.410E+02  0.000E+00  0.0000
  2.400E+02  1.410E+02  0.000E+00  0.0000
  2.800E+02  1.410E+02  0.000E+00  0.0000
  3.200E+02  1.410E+02  0.000E+00  0.0000
  3.600E+02  1.410E+02  0.000E+00  0.0000
  4.000E+02  1.410E+02  0.000E+00  0.0000
  4.400E+02  1.410E+02  0.000E+00  0.0000
  4.800E+02  1.410E+02  0.000E+00  0.0000
  5.200E+02  1.410E+02  0.000E+00  0.0000
  5.600E+02  1.410E+02  0.000E+00  0.0000
  6.000E+02  1.410E+02  0.000E+00  0.0000
  6.400E+02  1.410E+02  0.000E+00  0.0000
  6.800E+02  1.410E+02  0.000E+00  0.0000
 -6.800E+02  1.803E+02  0.000E+00  0.0000
 -6.400E+02  1.803E+02  0.000E+00  0.0000
 -6.000E+02  1.803E+02  0.000E+00  0.0000
 -5.600E+02  1.803E+02  0.000E+00  0.0000
 -5.200E+02  1.803E+02  0.000E+00  0.0000
 -4.800E+02  1.803E+02  0.000E+00  0.0000
 -4.400E+02  1.803E+02  0.000E+00  0.0000
 -4.000E+02  1.803E+02  0.000E+00  0.0000
 -3.600E+02  1.803E+02  0.000E+00  0.0000
 -3.200E+02  1.803E+02  0.000E+00  0.0000
 -2.800E+02  1.803E+02  0.000E+00  0.0000
 -2.400E+02  1.803E+02  0.000E+00  0.0000
 -2.000E+02  1.803E+02  0.000E+00  0.0000
 -1.600E+02  1.803E+02  0.000E+00  0.0000
 -1.200E+02  1.803E+02  0.000E+00  0.0000
 -8.000E+01  1.803E+02  0.000E+00  0.0000
 -4.000E+01  1.803E+02  0.000E+00  0.0000
  0.000E+00  1.803E+02  0.000E+00  0.0000
  4.000E+01  1.803E+02  0.000E+00  0.0000
  8.000E+01  1.803E+02  0.000E+00  0.0000
  1.200E+02  1.803E+02  0.000E+00  0.0000
  1.600E+02  1.803E+02  0.000E+00  0.0000
  2.000E+02  1.803E+02  0.000E+00  0.0000
  2.400E+02  1.803E+02  0.000E+00  0.0000
  2.800E+02  1.803E+02  0.000E+00  0.0000
  3.200E+02  1.803E+02  0.000E+00  0.0000
  3.600E+02  1.803E+02  0.000E+00  0.0000
  4.000E+02  1.803E+02  0.000E+00  0.0000
  4.400E+02  1.803E+02  0.000E+00  0.0000
  4.800E+02  1.803E+02  0.000E+00  0.0000
  5.200E+02  1.803E+02  0.000E+00  0.0000
  5.600E+02  1.803E+02  0.000E+00  0.0000
  6.000E+02  1.803E+02  0.000E+00  0.0000
  6.400E+02  1.803E+02  0.000E+00  0.0000
  6.800E+02  1.803E+02  0.000E+00  0.0000

#------------------------------------------------------------------------------
 newpage:
#   no. =  7   ie  =  3   iy  =  1   part. = muon-   
#   e = (   1.0000E-01  -   2.0000E+01  )
#   y = (  -1.0000E+03  -   1.0000E+03  )
#  nx =  35   nz =  23

# x          z          flux       r.err
 -6.800E+02 -6.853E+02  4.947E-06  1.0000
 -6.400E+02 -6.853E+02  0.000E+00  0.0000
 -6.000E+02 -6.853E+02  0.000E+00  0.0000
 -5.600E+02 -6.853E+02  0.000E+00  0.0000
 -5.200E+02 -6.853E+02  0.000E+00  0.0000
 -4.800E+02 -6.853E+02  0.000E+00  0.0000
 -4.400E+02 -6.853E+02  4.947E-06  1.0000
 -4.000E+02 -6.853E+02  0.000E+00  0.0000
 -3.600E+02 -6.853E+02  8.437E-08  1.0000
 -3.200E+02 -6.853E+02  0.000E+00  0.0000
 -2.800E+02 -6.853E+02  0.000E+00  0.0000
 -2.400E+02 -6.853E+02  9.895E-06  0.7070
 -2.000E+02 -6.853E+02  4.947E-06  1.0000
 -1.600E+02 -6.853E+02  1.484E-05  0.5772
 -1.200E+02 -6.853E+02  4.947E-06  1.0000
 -8.000E+01 -6.853E+02  4.947E-06  1.0000
 -4.000E+01 -6.853E+02  3.621E-06  1.0000
  0.000E+00 -6.853E+02  0.000E+00  0.0000
  4.000E+01 -6.853E+02  9.895E-06  0.7070
  8.000E+01 -6.853E+02  1.484E-05  0.5772
  1.200E+02 -6.853E+02  9.895E-06  0.7070
  1.600E+02 -6.853E+02  4.947E-06  1.0000
  2.000E+02 -6.853E+02  9.895E-06  0.7070
  2.400E+02 -6.853E+02  4.947E-06  1.0000
  2.800E+02 -6.853E+02  0.000E+00  0.0000
  3.200E+02 -6.853E+02  4.947E-06  1.0000
  3.600E+02 -6.853E+02  0.000E+00  0.0000
  4.000E+02 -6.853E+02  4.947E-06  1.0000
  4.400E+02 -6.853E+02  0.000E+00  0.0000
  4.800E+02 -6.853E+02  4.947E-06  1.0000
  5.200E+02 -6.853E+02  4.947E-06  1.0000
  5.600E+02 -6.853E+02  4.947E-06  1.0000
  6.000E+02 -6.853E+02  0.000E+00  0.0000
  6.400E+02 -6.853E+02  0.000E+00  0.0000
  6.800E+02 -6.853E+02  0.000E+00  0.0000
 -6.800E+02 -6.460E+02  0.000E+00  0.0000
 -6.400E+02 -6.460E+02  0.000E+00  0.0000
 -6.000E+02 -6.460E+02  0.000E+00  0.0000
 -5.600E+02 -6.460E+02  0.000E+00  0.0000
 -5.200E+02 -6.460E+02  0.000E+00  0.0000
 -4.800E+02 -6.460E+02  0.000E+00  0.0000
 -4.400E+02 -6.460E+02  4.947E-06  1.0000
 -4.000E+02 -6.460E+02  4.947E-06  1.0000
 -3.600E+02 -6.460E+02  4.863E-06  1.0000
 -3.200E+02 -6.460E+02  4.947E-06  1.0000
 -2.800E+02 -6.460E+02  4.655E-06  1.0000
 -2.400E+02 -6.460E+02  4.947E-06  1.0000
 -2.000E+02 -6.460E+02  4.947E-06  1.0000
 -1.600E+02 -6.460E+02  4.947E-06  1.0000
 -1.200E+02 -6.460E+02  9.895E-06  0.7070
 -8.000E+01 -6.460E+02  4.947E-06  1.0000
 -4.000E+01 -6.460E+02  9.895E-06  0.7070
  0.000E+00 -6.460E+02  0.000E+00  0.0000
  4.000E+01 -6.460E+02  0.000E+00  0.0000
  8.000E+01 -6.460E+02  9.895E-06  0.7070
  1.200E+02 -6.460E+02  0.000E+00  0.0000
  1.600E+02 -6.460E+02  4.947E-06  1.0000
  2.000E+02 -6.460E+02  0.000E+00  0.0000
  2.400E+02 -6.460E+02  4.947E-06  1.0000
  2.800E+02 -6.460E+02  0.000E+00  0.0000
  3.200E+02 -6.460E+02  0.000E+00  0.0000
  3.600E+02 -6.460E+02  4.947E-06  1.0000
  4.000E+02 -6.460E+02  4.947E-06  1.0000
  4.400E+02 -6.460E+02  4.947E-06  1.0000
  4.800E+02 -6.460E+02  0.000E+00  0.0000
  5.200E+02 -6.460E+02  4.947E-06  1.0000
  5.600E+02 -6.460E+02  4.947E-06  1.0000
  6.000E+02 -6.460E+02  9.895E-06  0.7070
  6.400E+02 -6.460E+02  4.947E-06  1.0000
  6.800E+02 -6.460E+02  9.895E-06  0.7070
 -6.800E+02 -6.066E+02  9.895E-06  0.7070
 -6.400E+02 -6.066E+02  4.947E-06  1.0000
 -6.000E+02 -6.066E+02  0.000E+00  0.0000
 -5.600E+02 -6.066E+02  0.000E+00  0.0000
 -5.200E+02 -6.066E+02  0.000E+00  0.0000
 -4.800E+02 -6.066E+02  0.000E+00  0.0000
 -4.400E+02 -6.066E+02  4.947E-06  1.0000
 -4.000E+02 -6.066E+02  1.484E-05  0.5772
 -3.600E+02 -6.066E+02  0.000E+00  0.0000
 -3.200E+02 -6.066E+02  0.000E+00  0.0000
 -2.800E+02 -6.066E+02  5.240E-06  0.9458
 -2.400E+02 -6.066E+02  9.895E-06  0.7070
 -2.000E+02 -6.066E+02  0.000E+00  0.0000
 -1.600E+02 -6.066E+02  4.947E-06  1.0000
 -1.200E+02 -6.066E+02  9.895E-06  0.7070
 -8.000E+01 -6.066E+02  9.895E-06  0.7070
 -4.000E+01 -6.066E+02  0.000E+00  0.0000
  0.000E+00 -6.066E+02  4.947E-06  1.0000
  4.000E+01 -6.066E+02  4.947E-06  1.0000
  8.000E+01 -6.066E+02  4.947E-06  1.0000
  1.200E+02 -6.066E+02  4.947E-06  1.0000
  1.600E+02 -6.066E+02  4.947E-06  1.0000
  2.000E+02 -6.066E+02  8.146E-06  0.7231
  2.400E+02 -6.066E+02  0.000E+00  0.0000
  2.800E+02 -6.066E+02  1.979E-05  0.4998
  3.200E+02 -6.066E+02  4.947E-06  1.0000
  3.600E+02 -6.066E+02  0.000E+00  0.0000
  4.000E+02 -6.066E+02  0.000E+00  0.0000
  4.400E+02 -6.066E+02  0.000E+00  0.0000
  4.800E+02 -6.066E+02  4.751E-06  1.0000
  5.200E+02 -6.066E+02  4.947E-06  1.0000
  5.600E+02 -6.066E+02  0.000E+00  0.0000
  6.000E+02 -6.066E+02  9.895E-06  0.7070
  6.400E+02 -6.066E+02  4.947E-06  1.0000
  6.800E+02 -6.066E+02  9.895E-06  0.7070
 -6.800E+02 -5.673E+02  0.000E+00  0.0000
 -6.400E+02 -5.673E+02  0.000E+00  0.0000
 -6.000E+02 -5.673E+02  4.947E-06  1.0000
 -5.600E+02 -5.673E+02  0.000E+00  0.0000
 -5.200E+02 -5.673E+02  4.947E-06  1.0000
 -4.800E+02 -5.673E+02  0.000E+00  0.0000
 -4.400E+02 -5.673E+02  1.026E-05  0.6829
 -4.000E+02 -5.673E+02  4.947E-06  1.0000
 -3.600E+02 -5.673E+02  9.895E-06  0.7070
 -3.200E+02 -5.673E+02  0.000E+00  0.0000
 -2.800E+02 -5.673E+02  0.000E+00  0.0000
 -2.400E+02 -5.673E+02  9.895E-06  0.7070
 -2.000E+02 -5.673E+02  9.895E-06  0.7070
 -1.600E+02 -5.673E+02  9.895E-06  0.7070
 -1.200E+02 -5.673E+02  4.947E-06  1.0000
 -8.000E+01 -5.673E+02  9.895E-06  0.7070
 -4.000E+01 -5.673E+02  0.000E+00  0.0000
  0.000E+00 -5.673E+02  4.947E-06  1.0000
  4.000E+01 -5.673E+02  1.484E-05  0.5772
  8.000E+01 -5.673E+02  1.484E-05  0.5772
  1.200E+02 -5.673E+02  4.947E-06  1.0000
  1.600E+02 -5.673E+02  0.000E+00  0.0000
  2.000E+02 -5.673E+02  6.696E-06  0.7836
  2.400E+02 -5.673E+02  4.947E-06  1.0000
  2.800E+02 -5.673E+02  1.484E-05  0.5772
  3.200E+02 -5.673E+02  9.895E-06  0.7070
  3.600E+02 -5.673E+02  4.947E-06  1.0000
  4.000E+02 -5.673E+02  0.000E+00  0.0000
  4.400E+02 -5.673E+02  4.947E-06  1.0000
  4.800E+02 -5.673E+02  5.144E-06  0.9625
  5.200E+02 -5.673E+02  0.000E+00  0.0000
  5.600E+02 -5.673E+02  0.000E+00  0.0000
  6.000E+02 -5.673E+02  0.000E+00  0.0000
  6.400E+02 -5.673E+02  0.000E+00  0.0000
  6.800E+02 -5.673E+02  4.947E-06  1.0000
 -6.800E+02 -5.279E+02  0.000E+00  0.0000
 -6.400E+02 -5.279E+02  0.000E+00  0.0000
 -6.000E+02 -5.279E+02  0.000E+00  0.0000
 -5.600E+02 -5.279E+02  9.895E-06  0.7070
 -5.200E+02 -5.279E+02  4.947E-06  1.0000
 -4.800E+02 -5.279E+02  4.947E-06  1.0000
 -4.400E+02 -5.279E+02  9.530E-06  0.7076
 -4.000E+02 -5.279E+02  0.000E+00  0.0000
 -3.600E+02 -5.279E+02  0.000E+00  0.0000
 -3.200E+02 -5.279E+02  9.895E-06  0.7070
 -2.800E+02 -5.279E+02  4.947E-06  1.0000
 -2.400E+02 -5.279E+02  0.000E+00  0.0000
 -2.000E+02 -5.279E+02  4.947E-06  1.0000
 -1.600E+02 -5.279E+02  1.484E-05  0.5772
 -1.200E+02 -5.279E+02  9.895E-06  0.7070
 -8.000E+01 -5.279E+02  4.947E-06  1.0000
 -4.000E+01 -5.279E+02  0.000E+00  0.0000
  0.000E+00 -5.279E+02  9.895E-06  0.7070
  4.000E+01 -5.279E+02  4.947E-06  1.0000
  8.000E+01 -5.279E+02  0.000E+00  0.0000
  1.200E+02 -5.279E+02  1.206E-05  0.6071
  1.600E+02 -5.279E+02  0.000E+00  0.0000
  2.000E+02 -5.279E+02  0.000E+00  0.0000
  2.400E+02 -5.279E+02  0.000E+00  0.0000
  2.800E+02 -5.279E+02  4.874E-06  1.0000
  3.200E+02 -5.279E+02  7.372E-08  1.0000
  3.600E+02 -5.279E+02  0.000E+00  0.0000
  4.000E+02 -5.279E+02  0.000E+00  0.0000
  4.400E+02 -5.279E+02  4.947E-06  1.0000
  4.800E+02 -5.279E+02  4.947E-06  1.0000
  5.200E+02 -5.279E+02  0.000E+00  0.0000
  5.600E+02 -5.279E+02  0.000E+00  0.0000
  6.000E+02 -5.279E+02  1.484E-05  0.5772
  6.400E+02 -5.279E+02  0.000E+00  0.0000
  6.800E+02 -5.279E+02  4.947E-06  1.0000
 -6.800E+02 -4.886E+02  4.947E-06  1.0000
 -6.400E+02 -4.886E+02  4.947E-06  1.0000
 -6.000E+02 -4.886E+02  0.000E+00  0.0000
 -5.600E+02 -4.886E+02  4.947E-06  1.0000
 -5.200E+02 -4.886E+02  9.895E-06  0.7070
 -4.800E+02 -4.886E+02  0.000E+00  0.0000
 -4.400E+02 -4.886E+02  4.947E-06  1.0000
 -4.000E+02 -4.886E+02  4.947E-06  1.0000
 -3.600E+02 -4.886E+02  4.947E-06  1.0000
 -3.200E+02 -4.886E+02  9.895E-06  0.7070
 -2.800E+02 -4.886E+02  4.947E-06  1.0000
 -2.400E+02 -4.886E+02  4.947E-06  1.0000
 -2.000E+02 -4.886E+02  9.895E-06  0.7070
 -1.600E+02 -4.886E+02  0.000E+00  0.0000
 -1.200E+02 -4.886E+02  1.979E-05  0.4998
 -8.000E+01 -4.886E+02  0.000E+00  0.0000
 -4.000E+01 -4.886E+02  4.947E-06  1.0000
  0.000E+00 -4.886E+02  9.895E-06  0.7070
  4.000E+01 -4.886E+02  4.947E-06  1.0000
  8.000E+01 -4.886E+02  9.895E-06  0.7070
  1.200E+02 -4.886E+02  1.507E-05  0.5241
  1.600E+02 -4.886E+02  7.493E-06  0.7425
  2.000E+02 -4.886E+02  1.979E-05  0.4998
  2.400E+02 -4.886E+02  0.000E+00  0.0000
  2.800E+02 -4.886E+02  0.000E+00  0.0000
  3.200E+02 -4.886E+02  4.947E-06  1.0000
  3.600E+02 -4.886E+02  4.947E-06  1.0000
  4.000E+02 -4.886E+02  4.947E-06  1.0000
  4.400E+02 -4.886E+02  0.000E+00  0.0000
  4.800E+02 -4.886E+02  4.947E-06  1.0000
  5.200E+02 -4.886E+02  0.000E+00  0.0000
  5.600E+02 -4.886E+02  4.947E-06  1.0000
  6.000E+02 -4.886E+02  1.484E-05  0.5772
  6.400E+02 -4.886E+02  0.000E+00  0.0000
  6.800E+02 -4.886E+02  1.484E-05  0.5772
 -6.800E+02 -4.492E+02  0.000E+00  0.0000
 -6.400E+02 -4.492E+02  4.947E-06  1.0000
 -6.000E+02 -4.492E+02  4.947E-06  1.0000
 -5.600E+02 -4.492E+02  0.000E+00  0.0000
 -5.200E+02 -4.492E+02  0.000E+00  0.0000
 -4.800E+02 -4.492E+02  1.205E-05  0.6075
 -4.400E+02 -4.492E+02  0.000E+00  0.0000
 -4.000E+02 -4.492E+02  4.947E-06  1.0000
 -3.600E+02 -4.492E+02  9.895E-06  0.7070
 -3.200E+02 -4.492E+02  3.728E-06  1.0000
 -2.800E+02 -4.492E+02  4.947E-06  1.0000
 -2.400E+02 -4.492E+02  3.888E-06  1.0000
 -2.000E+02 -4.492E+02  9.895E-06  0.7070
 -1.600E+02 -4.492E+02  0.000E+00  0.0000
 -1.200E+02 -4.492E+02  9.895E-06  0.7070
 -8.000E+01 -4.492E+02  9.895E-06  0.7070
 -4.000E+01 -4.492E+02  9.895E-06  0.7070
  0.000E+00 -4.492E+02  0.000E+00  0.0000
  4.000E+01 -4.492E+02  0.000E+00  0.0000
  8.000E+01 -4.492E+02  4.947E-06  1.0000
  1.200E+02 -4.492E+02  4.947E-06  1.0000
  1.600E+02 -4.492E+02  0.000E+00  0.0000
  2.000E+02 -4.492E+02  9.895E-06  0.7070
  2.400E+02 -4.492E+02  0.000E+00  0.0000
  2.800E+02 -4.492E+02  4.947E-06  1.0000
  3.200E+02 -4.492E+02  9.895E-06  0.7070
  3.600E+02 -4.492E+02  1.484E-05  0.5772
  4.000E+02 -4.492E+02  9.895E-06  0.7070
  4.400E+02 -4.492E+02  9.895E-06  0.7070
  4.800E+02 -4.492E+02  4.947E-06  1.0000
  5.200E+02 -4.492E+02  9.895E-06  0.7070
  5.600E+02 -4.492E+02  9.895E-06  0.7070
  6.000E+02 -4.492E+02  4.947E-06  1.0000
  6.400E+02 -4.492E+02  1.114E-05  0.6378
  6.800E+02 -4.492E+02  4.947E-06  1.0000
 -6.800E+02 -4.099E+02  4.947E-06  1.0000
 -6.400E+02 -4.099E+02  9.895E-06  0.7070
 -6.000E+02 -4.099E+02  0.000E+00  0.0000
 -5.600E+02 -4.099E+02  4.947E-06  1.0000
 -5.200E+02 -4.099E+02  0.000E+00  0.0000
 -4.800E+02 -4.099E+02  2.794E-06  1.0000
 -4.400E+02 -4.099E+02  9.895E-06  0.7070
 -4.000E+02 -4.099E+02  0.000E+00  0.0000
 -3.600E+02 -4.099E+02  4.947E-06  1.0000
 -3.200E+02 -4.099E+02  1.219E-06  1.0000
 -2.800E+02 -4.099E+02  0.000E+00  0.0000
 -2.400E+02 -4.099E+02  1.059E-06  1.0000
 -2.000E+02 -4.099E+02  9.895E-06  0.7070
 -1.600E+02 -4.099E+02  1.484E-05  0.5772
 -1.200E+02 -4.099E+02  4.947E-06  1.0000
 -8.000E+01 -4.099E+02  9.895E-06  0.7070
 -4.000E+01 -4.099E+02  4.947E-06  1.0000
  0.000E+00 -4.099E+02  7.642E-06  0.7371
  4.000E+01 -4.099E+02  7.570E-05  0.9077
  8.000E+01 -4.099E+02  1.805E-05  0.5068
  1.200E+02 -4.099E+02  4.947E-06  1.0000
  1.600E+02 -4.099E+02  0.000E+00  0.0000
  2.000E+02 -4.099E+02  0.000E+00  0.0000
  2.400E+02 -4.099E+02  9.895E-06  0.7070
  2.800E+02 -4.099E+02  4.947E-06  1.0000
  3.200E+02 -4.099E+02  1.484E-05  0.5772
  3.600E+02 -4.099E+02  4.947E-06  1.0000
  4.000E+02 -4.099E+02  4.947E-06  1.0000
  4.400E+02 -4.099E+02  4.947E-06  1.0000
  4.800E+02 -4.099E+02  4.947E-06  1.0000
  5.200E+02 -4.099E+02  9.895E-06  0.7070
  5.600E+02 -4.099E+02  0.000E+00  0.0000
  6.000E+02 -4.099E+02  4.947E-06  1.0000
  6.400E+02 -4.099E+02  2.349E-05  0.4495
  6.800E+02 -4.099E+02  4.947E-06  1.0000
 -6.800E+02 -3.705E+02  4.947E-06  1.0000
 -6.400E+02 -3.705E+02  4.947E-06  1.0000
 -6.000E+02 -3.705E+02  0.000E+00  0.0000
 -5.600E+02 -3.705E+02  4.947E-06  1.0000
 -5.200E+02 -3.705E+02  4.947E-06  1.0000
 -4.800E+02 -3.705E+02  0.000E+00  0.0000
 -4.400E+02 -3.705E+02  4.947E-06  1.0000
 -4.000E+02 -3.705E+02  8.061E-06  0.7251
 -3.600E+02 -3.705E+02  4.947E-06  1.0000
 -3.200E+02 -3.705E+02  4.947E-06  1.0000
 -2.800E+02 -3.705E+02  4.947E-06  1.0000
 -2.400E+02 -3.705E+02  0.000E+00  0.0000
 -2.000E+02 -3.705E+02  0.000E+00  0.0000
 -1.600E+02 -3.705E+02  0.000E+00  0.0000
 -1.200E+02 -3.705E+02  0.000E+00  0.0000
 -8.000E+01 -3.705E+02  0.000E+00  0.0000
 -4.000E+01 -3.705E+02  0.000E+00  0.0000
  0.000E+00 -3.705E+02  0.000E+00  0.0000
  4.000E+01 -3.705E+02  0.000E+00  0.0000
  8.000E+01 -3.705E+02  1.886E-04  1.0000
  1.200E+02 -3.705E+02  0.000E+00  0.0000
  1.600E+02 -3.705E+02  4.947E-06  1.0000
  2.000E+02 -3.705E+02  9.895E-06  0.7070
  2.400E+02 -3.705E+02  0.000E+00  0.0000
  2.800E+02 -3.705E+02  0.000E+00  0.0000
  3.200E+02 -3.705E+02  0.000E+00  0.0000
  3.600E+02 -3.705E+02  0.000E+00  0.0000
  4.000E+02 -3.705E+02  0.000E+00  0.0000
  4.400E+02 -3.705E+02  9.895E-06  0.7070
  4.800E+02 -3.705E+02  4.947E-06  1.0000
  5.200E+02 -3.705E+02  1.979E-05  0.4998
  5.600E+02 -3.705E+02  0.000E+00  0.0000
  6.000E+02 -3.705E+02  4.947E-06  1.0000
  6.400E+02 -3.705E+02  9.895E-06  0.7070
  6.800E+02 -3.705E+02  1.484E-05  0.5772
 -6.800E+02 -3.312E+02  9.895E-06  0.7070
 -6.400E+02 -3.312E+02  0.000E+00  0.0000
 -6.000E+02 -3.312E+02  9.895E-06  0.7070
 -5.600E+02 -3.312E+02  4.947E-06  1.0000
 -5.200E+02 -3.312E+02  9.895E-06  0.7070
 -4.800E+02 -3.312E+02  1.734E-05  0.5145
 -4.400E+02 -3.312E+02  2.445E-06  1.0000
 -4.000E+02 -3.312E+02  1.668E-05  0.5254
 -3.600E+02 -3.312E+02  9.895E-06  0.7070
 -3.200E+02 -3.312E+02  1.484E-05  0.5772
 -2.800E+02 -3.312E+02  1.484E-05  0.5772
 -2.400E+02 -3.312E+02  9.895E-06  0.7070
 -2.000E+02 -3.312E+02  4.947E-06  1.0000
 -1.600E+02 -3.312E+02  4.947E-06  1.0000
 -1.200E+02 -3.312E+02  0.000E+00  0.0000
 -8.000E+01 -3.312E+02  0.000E+00  0.0000
 -4.000E+01 -3.312E+02  0.000E+00  0.0000
  0.000E+00 -3.312E+02  0.000E+00  0.0000
  4.000E+01 -3.312E+02  0.000E+00  0.0000
  8.000E+01 -3.312E+02  1.886E-04  1.0000
  1.200E+02 -3.312E+02  0.000E+00  0.0000
  1.600E+02 -3.312E+02  9.895E-06  0.7070
  2.000E+02 -3.312E+02  0.000E+00  0.0000
  2.400E+02 -3.312E+02  4.947E-06  1.0000
  2.800E+02 -3.312E+02  9.895E-06  0.7070
  3.200E+02 -3.312E+02  9.895E-06  0.7070
  3.600E+02 -3.312E+02  4.947E-06  1.0000
  4.000E+02 -3.312E+02  0.000E+00  0.0000
  4.400E+02 -3.312E+02  4.947E-06  1.0000
  4.800E+02 -3.312E+02  9.895E-06  0.7070
  5.200E+02 -3.312E+02  9.895E-06  0.7070
  5.600E+02 -3.312E+02  1.979E-05  0.4998
  6.000E+02 -3.312E+02  1.484E-05  0.5772
  6.400E+02 -3.312E+02  0.000E+00  0.0000
  6.800E+02 -3.312E+02  1.484E-05  0.5772
 -6.800E+02 -2.918E+02  9.895E-06  0.7070
 -6.400E+02 -2.918E+02  0.000E+00  0.0000
 -6.000E+02 -2.918E+02  9.895E-06  0.7070
 -5.600E+02 -2.918E+02  9.895E-06  0.7070
 -5.200E+02 -2.918E+02  9.895E-06  0.7070
 -4.800E+02 -2.918E+02  4.947E-06  1.0000
 -4.400E+02 -2.918E+02  9.895E-06  0.7070
 -4.000E+02 -2.918E+02  0.000E+00  0.0000
 -3.600E+02 -2.918E+02  4.947E-06  1.0000
 -3.200E+02 -2.918E+02  4.947E-06  1.0000
 -2.800E+02 -2.918E+02  9.895E-06  0.7070
 -2.400E+02 -2.918E+02  9.895E-06  0.7070
 -2.000E+02 -2.918E+02  4.947E-06  1.0000
 -1.600E+02 -2.918E+02  2.474E-05  0.4470
 -1.200E+02 -2.918E+02  0.000E+00  0.0000
 -8.000E+01 -2.918E+02  0.000E+00  0.0000
 -4.000E+01 -2.918E+02  0.000E+00  0.0000
  0.000E+00 -2.918E+02  0.000E+00  0.0000
  4.000E+01 -2.918E+02  0.000E+00  0.0000
  8.000E+01 -2.918E+02  1.886E-04  1.0000
  1.200E+02 -2.918E+02  0.000E+00  0.0000
  1.600E+02 -2.918E+02  0.000E+00  0.0000
  2.000E+02 -2.918E+02  9.895E-06  0.7070
  2.400E+02 -2.918E+02  1.484E-05  0.5772
  2.800E+02 -2.918E+02  0.000E+00  0.0000
  3.200E+02 -2.918E+02  1.484E-05  0.5772
  3.600E+02 -2.918E+02  9.895E-06  0.7070
  4.000E+02 -2.918E+02  4.947E-06  1.0000
  4.400E+02 -2.918E+02  4.947E-06  1.0000
  4.800E+02 -2.918E+02  0.000E+00  0.0000
  5.200E+02 -2.918E+02  4.947E-06  1.0000
  5.600E+02 -2.918E+02  0.000E+00  0.0000
  6.000E+02 -2.918E+02  4.947E-06  1.0000
  6.400E+02 -2.918E+02  1.484E-05  0.5772
  6.800E+02 -2.918E+02  1.484E-05  0.5772
 -6.800E+02 -2.525E+02  0.000E+00  0.0000
 -6.400E+02 -2.525E+02  1.484E-05  0.5772
 -6.000E+02 -2.525E+02  4.947E-06  1.0000
 -5.600E+02 -2.525E+02  2.474E-05  0.4470
 -5.200E+02 -2.525E+02  1.484E-05  0.5772
 -4.800E+02 -2.525E+02  4.947E-06  1.0000
 -4.400E+02 -2.525E+02  0.000E+00  0.0000
 -4.000E+02 -2.525E+02  0.000E+00  0.0000
 -3.600E+02 -2.525E+02  1.484E-05  0.5772
 -3.200E+02 -2.525E+02  1.979E-05  0.4998
 -2.800E+02 -2.525E+02  1.979E-05  0.4998
 -2.400E+02 -2.525E+02  9.895E-06  0.7070
 -2.000E+02 -2.525E+02  4.947E-06  1.0000
 -1.600E+02 -2.525E+02  4.947E-06  1.0000
 -1.200E+02 -2.525E+02  0.000E+00  0.0000
 -8.000E+01 -2.525E+02  0.000E+00  0.0000
 -4.000E+01 -2.525E+02  0.000E+00  0.0000
  0.000E+00 -2.525E+02  0.000E+00  0.0000
  4.000E+01 -2.525E+02  0.000E+00  0.0000
  8.000E+01 -2.525E+02  1.886E-04  1.0000
  1.200E+02 -2.525E+02  0.000E+00  0.0000
  1.600E+02 -2.525E+02  0.000E+00  0.0000
  2.000E+02 -2.525E+02  0.000E+00  0.0000
  2.400E+02 -2.525E+02  9.895E-06  0.7070
  2.800E+02 -2.525E+02  4.947E-06  1.0000
  3.200E+02 -2.525E+02  4.947E-06  1.0000
  3.600E+02 -2.525E+02  1.484E-05  0.5772
  4.000E+02 -2.525E+02  4.947E-06  1.0000
  4.400E+02 -2.525E+02  9.895E-06  0.7070
  4.800E+02 -2.525E+02  1.013E-05  0.6912
  5.200E+02 -2.525E+02  9.895E-06  0.7070
  5.600E+02 -2.525E+02  9.895E-06  0.7070
  6.000E+02 -2.525E+02  9.895E-06  0.7070
  6.400E+02 -2.525E+02  7.242E-06  0.7530
  6.800E+02 -2.525E+02  9.895E-06  0.7070
 -6.800E+02 -2.132E+02  1.484E-05  0.5772
 -6.400E+02 -2.132E+02  0.000E+00  0.0000
 -6.000E+02 -2.132E+02  4.947E-06  1.0000
 -5.600E+02 -2.132E+02  1.979E-05  0.4998
 -5.200E+02 -2.132E+02  1.484E-05  0.5772
 -4.800E+02 -2.132E+02  1.484E-05  0.5772
 -4.400E+02 -2.132E+02  9.895E-06  0.7070
 -4.000E+02 -2.132E+02  0.000E+00  0.0000
 -3.600E+02 -2.132E+02  0.000E+00  0.0000
 -3.200E+02 -2.132E+02  0.000E+00  0.0000
 -2.800E+02 -2.132E+02  1.484E-05  0.5772
 -2.400E+02 -2.132E+02  0.000E+00  0.0000
 -2.000E+02 -2.132E+02  0.000E+00  0.0000
 -1.600E+02 -2.132E+02  4.947E-06  1.0000
 -1.200E+02 -2.132E+02  0.000E+00  0.0000
 -8.000E+01 -2.132E+02  0.000E+00  0.0000
 -4.000E+01 -2.132E+02  0.000E+00  0.0000
  0.000E+00 -2.132E+02  0.000E+00  0.0000
  4.000E+01 -2.132E+02  0.000E+00  0.0000
  8.000E+01 -2.132E+02  1.054E-04  1.0000
  1.200E+02 -2.132E+02  8.312E-05  1.0000
  1.600E+02 -2.132E+02  9.895E-06  0.7070
  2.000E+02 -2.132E+02  9.895E-06  0.7070
  2.400E+02 -2.132E+02  1.979E-05  0.4998
  2.800E+02 -2.132E+02  1.979E-05  0.4998
  3.200E+02 -2.132E+02  0.000E+00  0.0000
  3.600E+02 -2.132E+02  9.895E-06  0.7070
  4.000E+02 -2.132E+02  1.484E-05  0.5772
  4.400E+02 -2.132E+02  9.895E-06  0.7070
  4.800E+02 -2.132E+02  9.662E-06  0.7072
  5.200E+02 -2.132E+02  4.947E-06  1.0000
  5.600E+02 -2.132E+02  9.895E-06  0.7070
  6.000E+02 -2.132E+02  0.000E+00  0.0000
  6.400E+02 -2.132E+02  7.600E-06  0.7386
  6.800E+02 -2.132E+02  9.895E-06  0.7070
 -6.800E+02 -1.738E+02  4.947E-06  1.0000
 -6.400E+02 -1.738E+02  4.947E-06  1.0000
 -6.000E+02 -1.738E+02  9.895E-06  0.7070
 -5.600E+02 -1.738E+02  9.895E-06  0.7070
 -5.200E+02 -1.738E+02  4.947E-06  1.0000
 -4.800E+02 -1.738E+02  9.886E-06  0.7070
 -4.400E+02 -1.738E+02  9.895E-06  0.7070
 -4.000E+02 -1.738E+02  1.979E-05  0.4998
 -3.600E+02 -1.738E+02  9.895E-06  0.7070
 -3.200E+02 -1.738E+02  4.947E-06  1.0000
 -2.800E+02 -1.738E+02  1.484E-05  0.5772
 -2.400E+02 -1.738E+02  0.000E+00  0.0000
 -2.000E+02 -1.738E+02  9.895E-06  0.7070
 -1.600E+02 -1.738E+02  1.979E-05  0.4998
 -1.200E+02 -1.738E+02  0.000E+00  0.0000
 -8.000E+01 -1.738E+02  0.000E+00  0.0000
 -4.000E+01 -1.738E+02  0.000E+00  0.0000
  0.000E+00 -1.738E+02  0.000E+00  0.0000
  4.000E+01 -1.738E+02  0.000E+00  0.0000
  8.000E+01 -1.738E+02  0.000E+00  0.0000
  1.200E+02 -1.738E+02  1.886E-04  1.0000
  1.600E+02 -1.738E+02  9.895E-06  0.7070
  2.000E+02 -1.738E+02  0.000E+00  0.0000
  2.400E+02 -1.738E+02  9.895E-06  0.7070
  2.800E+02 -1.738E+02  4.947E-06  1.0000
  3.200E+02 -1.738E+02  0.000E+00  0.0000
  3.600E+02 -1.738E+02  4.947E-06  1.0000
  4.000E+02 -1.738E+02  1.218E-05  0.6043
  4.400E+02 -1.738E+02  1.256E-05  0.5960
  4.800E+02 -1.738E+02  9.895E-06  0.7070
  5.200E+02 -1.738E+02  9.895E-06  0.7070
  5.600E+02 -1.738E+02  4.947E-06  1.0000
  6.000E+02 -1.738E+02  9.895E-06  0.7070
  6.400E+02 -1.738E+02  0.000E+00  0.0000
  6.800E+02 -1.738E+02  9.575E-06  0.7074
 -6.800E+02 -1.345E+02  0.000E+00  0.0000
 -6.400E+02 -1.345E+02  0.000E+00  0.0000
 -6.000E+02 -1.345E+02  4.947E-06  1.0000
 -5.600E+02 -1.345E+02  4.947E-06  1.0000
 -5.200E+02 -1.345E+02  4.947E-06  1.0000
 -4.800E+02 -1.345E+02  9.903E-06  0.7064
 -4.400E+02 -1.345E+02  6.724E-06  0.7817
 -4.000E+02 -1.345E+02  2.474E-05  0.4470
 -3.600E+02 -1.345E+02  4.947E-06  1.0000
 -3.200E+02 -1.345E+02  4.947E-06  1.0000
 -2.800E+02 -1.345E+02  9.895E-06  0.7070
 -2.400E+02 -1.345E+02  0.000E+00  0.0000
 -2.000E+02 -1.345E+02  1.484E-05  0.5772
 -1.600E+02 -1.345E+02  9.895E-06  0.7070
 -1.200E+02 -1.345E+02  0.000E+00  0.0000
 -8.000E+01 -1.345E+02  0.000E+00  0.0000
 -4.000E+01 -1.345E+02  0.000E+00  0.0000
  0.000E+00 -1.345E+02  0.000E+00  0.0000
  4.000E+01 -1.345E+02  0.000E+00  0.0000
  8.000E+01 -1.345E+02  0.000E+00  0.0000
  1.200E+02 -1.345E+02  1.886E-04  1.0000
  1.600E+02 -1.345E+02  0.000E+00  0.0000
  2.000E+02 -1.345E+02  9.895E-06  0.7070
  2.400E+02 -1.345E+02  4.947E-06  1.0000
  2.800E+02 -1.345E+02  0.000E+00  0.0000
  3.200E+02 -1.345E+02  9.895E-06  0.7070
  3.600E+02 -1.345E+02  9.895E-06  0.7070
  4.000E+02 -1.345E+02  1.484E-05  0.5772
  4.400E+02 -1.345E+02  9.895E-06  0.7070
  4.800E+02 -1.345E+02  9.895E-06  0.7070
  5.200E+02 -1.345E+02  9.895E-06  0.7070
  5.600E+02 -1.345E+02  9.895E-06  0.7070
  6.000E+02 -1.345E+02  0.000E+00  0.0000
  6.400E+02 -1.345E+02  4.947E-06  1.0000
  6.800E+02 -1.345E+02  5.267E-06  0.9413
 -6.800E+02 -9.511E+01  4.947E-06  1.0000
 -6.400E+02 -9.511E+01  9.895E-06  0.7070
 -6.000E+02 -9.511E+01  9.895E-06  0.7070
 -5.600E+02 -9.511E+01  0.000E+00  0.0000
 -5.200E+02 -9.511E+01  9.895E-06  0.7070
 -4.800E+02 -9.511E+01  9.895E-06  0.7070
 -4.400E+02 -9.511E+01  1.307E-05  0.5878
 -4.000E+02 -9.511E+01  1.484E-05  0.5772
 -3.600E+02 -9.511E+01  9.895E-06  0.7070
 -3.200E+02 -9.511E+01  1.484E-05  0.5772
 -2.800E+02 -9.511E+01  9.895E-06  0.7070
 -2.400E+02 -9.511E+01  9.895E-06  0.7070
 -2.000E+02 -9.511E+01  4.947E-06  1.0000
 -1.600E+02 -9.511E+01  4.947E-06  1.0000
 -1.200E+02 -9.511E+01  4.947E-06  1.0000
 -8.000E+01 -9.511E+01  0.000E+00  0.0000
 -4.000E+01 -9.511E+01  0.000E+00  0.0000
  0.000E+00 -9.511E+01  0.000E+00  0.0000
  4.000E+01 -9.511E+01  4.947E-06  1.0000
  8.000E+01 -9.511E+01  4.947E-06  1.0000
  1.200E+02 -9.511E+01  5.018E-05  1.0000
  1.600E+02 -9.511E+01  2.474E-05  0.4470
  2.000E+02 -9.511E+01  9.895E-06  0.7070
  2.400E+02 -9.511E+01  9.895E-06  0.7070
  2.800E+02 -9.511E+01  3.937E-07  1.0000
  3.200E+02 -9.511E+01  9.895E-06  0.7070
  3.600E+02 -9.511E+01  2.474E-05  0.4470
  4.000E+02 -9.511E+01  1.484E-05  0.5772
  4.400E+02 -9.511E+01  0.000E+00  0.0000
  4.800E+02 -9.511E+01  1.484E-05  0.5772
  5.200E+02 -9.511E+01  9.895E-06  0.7070
  5.600E+02 -9.511E+01  4.947E-06  1.0000
  6.000E+02 -9.511E+01  0.000E+00  0.0000
  6.400E+02 -9.511E+01  1.484E-05  0.5772
  6.800E+02 -9.511E+01  9.895E-06  0.7070
 -6.800E+02 -5.576E+01  4.947E-06  1.0000
 -6.400E+02 -5.576E+01  5.602E-06  0.8908
 -6.000E+02 -5.576E+01  1.436E-05  0.5779
 -5.600E+02 -5.576E+01  8.616E-06  0.6855
 -5.200E+02 -5.576E+01  1.079E-06  1.0000
 -4.800E+02 -5.576E+01  9.895E-06  0.7070
 -4.400E+02 -5.576E+01  1.484E-05  0.5772
 -4.000E+02 -5.576E+01  9.895E-06  0.7070
 -3.600E+02 -5.576E+01  1.484E-05  0.5772
 -3.200E+02 -5.576E+01  6.163E-06  0.8266
 -2.800E+02 -5.576E+01  8.679E-06  0.7139
 -2.400E+02 -5.576E+01  9.895E-06  0.7070
 -2.000E+02 -5.576E+01  9.895E-06  0.7070
 -1.600E+02 -5.576E+01  0.000E+00  0.0000
 -1.200E+02 -5.576E+01  9.895E-06  0.7070
 -8.000E+01 -5.576E+01  1.484E-05  0.5772
 -4.000E+01 -5.576E+01  4.947E-06  1.0000
  0.000E+00 -5.576E+01  4.947E-06  1.0000
  4.000E+01 -5.576E+01  9.895E-06  0.7070
  8.000E+01 -5.576E+01  4.947E-06  1.0000
  1.200E+02 -5.576E+01  2.474E-05  0.4470
  1.600E+02 -5.576E+01  4.947E-06  1.0000
  2.000E+02 -5.576E+01  9.895E-06  0.7070
  2.400E+02 -5.576E+01  0.000E+00  0.0000
  2.800E+02 -5.576E+01  1.445E-05  0.5777
  3.200E+02 -5.576E+01  9.895E-06  0.7070
  3.600E+02 -5.576E+01  5.333E-06  0.9305
  4.000E+02 -5.576E+01  1.484E-05  0.5772
  4.400E+02 -5.576E+01  1.484E-05  0.5772
  4.800E+02 -5.576E+01  8.733E-06  0.7133
  5.200E+02 -5.576E+01  1.162E-06  1.0000
  5.600E+02 -5.576E+01  1.484E-05  0.5772
  6.000E+02 -5.576E+01  1.979E-05  0.4998
  6.400E+02 -5.576E+01  4.947E-06  1.0000
  6.800E+02 -5.576E+01  1.979E-05  0.4998
 -6.800E+02 -1.641E+01  0.000E+00  0.0000
 -6.400E+02 -1.641E+01  1.419E-05  0.5785
 -6.000E+02 -1.641E+01  4.947E-06  1.0000
 -5.600E+02 -1.641E+01  6.702E-06  0.7832
 -5.200E+02 -1.641E+01  3.868E-06  1.0000
 -4.800E+02 -1.641E+01  4.947E-06  1.0000
 -4.400E+02 -1.641E+01  9.895E-06  0.7070
 -4.000E+02 -1.641E+01  0.000E+00  0.0000
 -3.600E+02 -1.641E+01  0.000E+00  0.0000
 -3.200E+02 -1.641E+01  2.474E-05  0.4470
 -2.800E+02 -1.641E+01  3.677E-05  0.5344
 -2.400E+02 -1.641E+01  9.895E-06  0.7070
 -2.000E+02 -1.641E+01  2.474E-05  0.4470
 -1.600E+02 -1.641E+01  9.895E-06  0.7070
 -1.200E+02 -1.641E+01  4.947E-06  1.0000
 -8.000E+01 -1.641E+01  9.895E-06  0.7070
 -4.000E+01 -1.641E+01  4.947E-06  1.0000
  0.000E+00 -1.641E+01  1.484E-05  0.5772
  4.000E+01 -1.641E+01  1.484E-05  0.5772
  8.000E+01 -1.641E+01  1.484E-05  0.5772
  1.200E+02 -1.641E+01  0.000E+00  0.0000
  1.600E+02 -1.641E+01  9.895E-06  0.7070
  2.000E+02 -1.641E+01  0.000E+00  0.0000
  2.400E+02 -1.641E+01  1.383E-05  0.5803
  2.800E+02 -1.641E+01  1.585E-05  0.5441
  3.200E+02 -1.641E+01  4.947E-06  1.0000
  3.600E+02 -1.641E+01  1.446E-05  0.5776
  4.000E+02 -1.641E+01  9.895E-06  0.7070
  4.400E+02 -1.641E+01  4.947E-06  1.0000
  4.800E+02 -1.641E+01  0.000E+00  0.0000
  5.200E+02 -1.641E+01  1.484E-05  0.5772
  5.600E+02 -1.641E+01  0.000E+00  0.0000
  6.000E+02 -1.641E+01  0.000E+00  0.0000
  6.400E+02 -1.641E+01  9.895E-06  0.7070
  6.800E+02 -1.641E+01  4.947E-06  1.0000
 -6.800E+02  2.293E+01  0.000E+00  0.0000
 -6.400E+02  2.293E+01  0.000E+00  0.0000
 -6.000E+02  2.293E+01  0.000E+00  0.0000
 -5.600E+02  2.293E+01  0.000E+00  0.0000
 -5.200E+02  2.293E+01  0.000E+00  0.0000
 -4.800E+02  2.293E+01  0.000E+00  0.0000
 -4.400E+02  2.293E+01  0.000E+00  0.0000
 -4.000E+02  2.293E+01  0.000E+00  0.0000
 -3.600E+02  2.293E+01  0.000E+00  0.0000
 -3.200E+02  2.293E+01  0.000E+00  0.0000
 -2.800E+02  2.293E+01  1.608E-04  1.0000
 -2.400E+02  2.293E+01  0.000E+00  0.0000
 -2.000E+02  2.293E+01  0.000E+00  0.0000
 -1.600E+02  2.293E+01  0.000E+00  0.0000
 -1.200E+02  2.293E+01  0.000E+00  0.0000
 -8.000E+01  2.293E+01  0.000E+00  0.0000
 -4.000E+01  2.293E+01  0.000E+00  0.0000
  0.000E+00  2.293E+01  0.000E+00  0.0000
  4.000E+01  2.293E+01  0.000E+00  0.0000
  8.000E+01  2.293E+01  0.000E+00  0.0000
  1.200E+02  2.293E+01  0.000E+00  0.0000
  1.600E+02  2.293E+01  0.000E+00  0.0000
  2.000E+02  2.293E+01  0.000E+00  0.0000
  2.400E+02  2.293E+01  0.000E+00  0.0000
  2.800E+02  2.293E+01  0.000E+00  0.0000
  3.200E+02  2.293E+01  0.000E+00  0.0000
  3.600E+02  2.293E+01  0.000E+00  0.0000
  4.000E+02  2.293E+01  0.000E+00  0.0000
  4.400E+02  2.293E+01  0.000E+00  0.0000
  4.800E+02  2.293E+01  0.000E+00  0.0000
  5.200E+02  2.293E+01  0.000E+00  0.0000
  5.600E+02  2.293E+01  0.000E+00  0.0000
  6.000E+02  2.293E+01  0.000E+00  0.0000
  6.400E+02  2.293E+01  0.000E+00  0.0000
  6.800E+02  2.293E+01  0.000E+00  0.0000
 -6.800E+02  6.228E+01  0.000E+00  0.0000
 -6.400E+02  6.228E+01  0.000E+00  0.0000
 -6.000E+02  6.228E+01  0.000E+00  0.0000
 -5.600E+02  6.228E+01  0.000E+00  0.0000
 -5.200E+02  6.228E+01  0.000E+00  0.0000
 -4.800E+02  6.228E+01  0.000E+00  0.0000
 -4.400E+02  6.228E+01  0.000E+00  0.0000
 -4.000E+02  6.228E+01  0.000E+00  0.0000
 -3.600E+02  6.228E+01  0.000E+00  0.0000
 -3.200E+02  6.228E+01  0.000E+00  0.0000
 -2.800E+02  6.228E+01  1.608E-04  1.0000
 -2.400E+02  6.228E+01  0.000E+00  0.0000
 -2.000E+02  6.228E+01  0.000E+00  0.0000
 -1.600E+02  6.228E+01  0.000E+00  0.0000
 -1.200E+02  6.228E+01  0.000E+00  0.0000
 -8.000E+01  6.228E+01  0.000E+00  0.0000
 -4.000E+01  6.228E+01  0.000E+00  0.0000
  0.000E+00  6.228E+01  0.000E+00  0.0000
  4.000E+01  6.228E+01  0.000E+00  0.0000
  8.000E+01  6.228E+01  0.000E+00  0.0000
  1.200E+02  6.228E+01  0.000E+00  0.0000
  1.600E+02  6.228E+01  0.000E+00  0.0000
  2.000E+02  6.228E+01  0.000E+00  0.0000
  2.400E+02  6.228E+01  0.000E+00  0.0000
  2.800E+02  6.228E+01  0.000E+00  0.0000
  3.200E+02  6.228E+01  0.000E+00  0.0000
  3.600E+02  6.228E+01  0.000E+00  0.0000
  4.000E+02  6.228E+01  0.000E+00  0.0000
  4.400E+02  6.228E+01  0.000E+00  0.0000
  4.800E+02  6.228E+01  0.000E+00  0.0000
  5.200E+02  6.228E+01  0.000E+00  0.0000
  5.600E+02  6.228E+01  0.000E+00  0.0000
  6.000E+02  6.228E+01  0.000E+00  0.0000
  6.400E+02  6.228E+01  0.000E+00  0.0000
  6.800E+02  6.228E+01  0.000E+00  0.0000
 -6.800E+02  1.016E+02  0.000E+00  0.0000
 -6.400E+02  1.016E+02  0.000E+00  0.0000
 -6.000E+02  1.016E+02  0.000E+00  0.0000
 -5.600E+02  1.016E+02  0.000E+00  0.0000
 -5.200E+02  1.016E+02  0.000E+00  0.0000
 -4.800E+02  1.016E+02  0.000E+00  0.0000
 -4.400E+02  1.016E+02  0.000E+00  0.0000
 -4.000E+02  1.016E+02  0.000E+00  0.0000
 -3.600E+02  1.016E+02  0.000E+00  0.0000
 -3.200E+02  1.016E+02  0.000E+00  0.0000
 -2.800E+02  1.016E+02  1.608E-04  1.0000
 -2.400E+02  1.016E+02  0.000E+00  0.0000
 -2.000E+02  1.016E+02  0.000E+00  0.0000
 -1.600E+02  1.016E+02  0.000E+00  0.0000
 -1.200E+02  1.016E+02  0.000E+00  0.0000
 -8.000E+01  1.016E+02  0.000E+00  0.0000
 -4.000E+01  1.016E+02  0.000E+00  0.0000
  0.000E+00  1.016E+02  0.000E+00  0.0000
  4.000E+01  1.016E+02  0.000E+00  0.0000
  8.000E+01  1.016E+02  0.000E+00  0.0000
  1.200E+02  1.016E+02  0.000E+00  0.0000
  1.600E+02  1.016E+02  0.000E+00  0.0000
  2.000E+02  1.016E+02  0.000E+00  0.0000
  2.400E+02  1.016E+02  0.000E+00  0.0000
  2.800E+02  1.016E+02  0.000E+00  0.0000
  3.200E+02  1.016E+02  0.000E+00  0.0000
  3.600E+02  1.016E+02  0.000E+00  0.0000
  4.000E+02  1.016E+02  0.000E+00  0.0000
  4.400E+02  1.016E+02  0.000E+00  0.0000
  4.800E+02  1.016E+02  0.000E+00  0.0000
  5.200E+02  1.016E+02  0.000E+00  0.0000
  5.600E+02  1.016E+02  0.000E+00  0.0000
  6.000E+02  1.016E+02  0.000E+00  0.0000
  6.400E+02  1.016E+02  0.000E+00  0.0000
  6.800E+02  1.016E+02  0.000E+00  0.0000
 -6.800E+02  1.410E+02  0.000E+00  0.0000
 -6.400E+02  1.410E+02  0.000E+00  0.0000
 -6.000E+02  1.410E+02  0.000E+00  0.0000
 -5.600E+02  1.410E+02  0.000E+00  0.0000
 -5.200E+02  1.410E+02  0.000E+00  0.0000
 -4.800E+02  1.410E+02  0.000E+00  0.0000
 -4.400E+02  1.410E+02  0.000E+00  0.0000
 -4.000E+02  1.410E+02  0.000E+00  0.0000
 -3.600E+02  1.410E+02  0.000E+00  0.0000
 -3.200E+02  1.410E+02  1.461E-04  1.0000
 -2.800E+02  1.410E+02  1.472E-05  1.0000
 -2.400E+02  1.410E+02  0.000E+00  0.0000
 -2.000E+02  1.410E+02  0.000E+00  0.0000
 -1.600E+02  1.410E+02  0.000E+00  0.0000
 -1.200E+02  1.410E+02  0.000E+00  0.0000
 -8.000E+01  1.410E+02  0.000E+00  0.0000
 -4.000E+01  1.410E+02  0.000E+00  0.0000
  0.000E+00  1.410E+02  0.000E+00  0.0000
  4.000E+01  1.410E+02  0.000E+00  0.0000
  8.000E+01  1.410E+02  0.000E+00  0.0000
  1.200E+02  1.410E+02  0.000E+00  0.0000
  1.600E+02  1.410E+02  0.000E+00  0.0000
  2.000E+02  1.410E+02  0.000E+00  0.0000
  2.400E+02  1.410E+02  0.000E+00  0.0000
  2.800E+02  1.410E+02  0.000E+00  0.0000
  3.200E+02  1.410E+02  0.000E+00  0.0000
  3.600E+02  1.410E+02  0.000E+00  0.0000
  4.000E+02  1.410E+02  0.000E+00  0.0000
  4.400E+02  1.410E+02  0.000E+00  0.0000
  4.800E+02  1.410E+02  0.000E+00  0.0000
  5.200E+02  1.410E+02  0.000E+00  0.0000
  5.600E+02  1.410E+02  0.000E+00  0.0000
  6.000E+02  1.410E+02  0.000E+00  0.0000
  6.400E+02  1.410E+02  0.000E+00  0.0000
  6.800E+02  1.410E+02  0.000E+00  0.0000
 -6.800E+02  1.803E+02  0.000E+00  0.0000
 -6.400E+02  1.803E+02  0.000E+00  0.0000
 -6.000E+02  1.803E+02  0.000E+00  0.0000
 -5.600E+02  1.803E+02  0.000E+00  0.0000
 -5.200E+02  1.803E+02  0.000E+00  0.0000
 -4.800E+02  1.803E+02  0.000E+00  0.0000
 -4.400E+02  1.803E+02  0.000E+00  0.0000
 -4.000E+02  1.803E+02  0.000E+00  0.0000
 -3.600E+02  1.803E+02  0.000E+00  0.0000
 -3.200E+02  1.803E+02  1.608E-04  1.0000
 -2.800E+02  1.803E+02  0.000E+00  0.0000
 -2.400E+02  1.803E+02  0.000E+00  0.0000
 -2.000E+02  1.803E+02  0.000E+00  0.0000
 -1.600E+02  1.803E+02  0.000E+00  0.0000
 -1.200E+02  1.803E+02  0.000E+00  0.0000
 -8.000E+01  1.803E+02  0.000E+00  0.0000
 -4.000E+01  1.803E+02  0.000E+00  0.0000
  0.000E+00  1.803E+02  0.000E+00  0.0000
  4.000E+01  1.803E+02  0.000E+00  0.0000
  8.000E+01  1.803E+02  0.000E+00  0.0000
  1.200E+02  1.803E+02  0.000E+00  0.0000
  1.600E+02  1.803E+02  0.000E+00  0.0000
  2.000E+02  1.803E+02  0.000E+00  0.0000
  2.400E+02  1.803E+02  0.000E+00  0.0000
  2.800E+02  1.803E+02  0.000E+00  0.0000
  3.200E+02  1.803E+02  0.000E+00  0.0000
  3.600E+02  1.803E+02  0.000E+00  0.0000
  4.000E+02  1.803E+02  0.000E+00  0.0000
  4.400E+02  1.803E+02  0.000E+00  0.0000
  4.800E+02  1.803E+02  0.000E+00  0.0000
  5.200E+02  1.803E+02  0.000E+00  0.0000
  5.600E+02  1.803E+02  0.000E+00  0.0000
  6.000E+02  1.803E+02  0.000E+00  0.0000
  6.400E+02  1.803E+02  0.000E+00  0.0000
  6.800E+02  1.803E+02  1.917E-04  1.0000

#------------------------------------------------------------------------------
 newpage:
#   no. =  8   ie  =  4   iy  =  1   part. = muon-   
#   e = (   2.0000E+01  -   1.0000E+05  )
#   y = (  -1.0000E+03  -   1.0000E+03  )
#  nx =  35   nz =  23

# x          z          flux       r.err
 -6.800E+02 -6.853E+02  2.951E-03  0.2358
 -6.400E+02 -6.853E+02  3.009E-03  0.2322
 -6.000E+02 -6.853E+02  2.427E-03  0.2433
 -5.600E+02 -6.853E+02  2.573E-03  0.2502
 -5.200E+02 -6.853E+02  1.878E-03  0.2957
 -4.800E+02 -6.853E+02  2.399E-03  0.2675
 -4.400E+02 -6.853E+02  1.694E-03  0.3076
 -4.000E+02 -6.853E+02  2.531E-03  0.2730
 -3.600E+02 -6.853E+02  2.050E-03  0.2740
 -3.200E+02 -6.853E+02  2.640E-03  0.2610
 -2.800E+02 -6.853E+02  3.541E-03  0.2306
 -2.400E+02 -6.853E+02  2.795E-03  0.2478
 -2.000E+02 -6.853E+02  2.308E-03  0.2869
 -1.600E+02 -6.853E+02  1.996E-03  0.2744
 -1.200E+02 -6.853E+02  3.292E-03  0.2465
 -8.000E+01 -6.853E+02  2.541E-03  0.2594
 -4.000E+01 -6.853E+02  2.223E-03  0.2806
  0.000E+00 -6.853E+02  3.539E-03  0.2215
  4.000E+01 -6.853E+02  3.638E-03  0.2167
  8.000E+01 -6.853E+02  1.989E-03  0.2979
  1.200E+02 -6.853E+02  2.264E-03  0.2610
  1.600E+02 -6.853E+02  2.421E-03  0.2452
  2.000E+02 -6.853E+02  4.074E-03  0.2021
  2.400E+02 -6.853E+02  2.980E-03  0.2349
  2.800E+02 -6.853E+02  1.839E-03  0.2731
  3.200E+02 -6.853E+02  2.170E-03  0.2770
  3.600E+02 -6.853E+02  2.329E-03  0.2763
  4.000E+02 -6.853E+02  2.729E-03  0.2657
  4.400E+02 -6.853E+02  2.988E-03  0.2441
  4.800E+02 -6.853E+02  2.193E-03  0.2740
  5.200E+02 -6.853E+02  2.388E-03  0.2778
  5.600E+02 -6.853E+02  2.624E-03  0.2521
  6.000E+02 -6.853E+02  1.541E-03  0.3330
  6.400E+02 -6.853E+02  2.511E-03  0.2907
  6.800E+02 -6.853E+02  1.502E-03  0.3150
 -6.800E+02 -6.460E+02  3.027E-03  0.2390
 -6.400E+02 -6.460E+02  1.986E-03  0.2927
 -6.000E+02 -6.460E+02  2.506E-03  0.2553
 -5.600E+02 -6.460E+02  3.084E-03  0.2415
 -5.200E+02 -6.460E+02  2.179E-03  0.2754
 -4.800E+02 -6.460E+02  2.317E-03  0.2590
 -4.400E+02 -6.460E+02  1.944E-03  0.2838
 -4.000E+02 -6.460E+02  2.095E-03  0.2690
 -3.600E+02 -6.460E+02  2.799E-03  0.2479
 -3.200E+02 -6.460E+02  2.949E-03  0.2206
 -2.800E+02 -6.460E+02  2.957E-03  0.2452
 -2.400E+02 -6.460E+02  4.209E-03  0.2008
 -2.000E+02 -6.460E+02  2.678E-03  0.2521
 -1.600E+02 -6.460E+02  3.343E-03  0.2389
 -1.200E+02 -6.460E+02  2.748E-03  0.2490
 -8.000E+01 -6.460E+02  2.659E-03  0.2389
 -4.000E+01 -6.460E+02  2.166E-03  0.2621
  0.000E+00 -6.460E+02  4.251E-03  0.2061
  4.000E+01 -6.460E+02  3.875E-03  0.2017
  8.000E+01 -6.460E+02  2.788E-03  0.2492
  1.200E+02 -6.460E+02  2.550E-03  0.2504
  1.600E+02 -6.460E+02  2.798E-03  0.2520
  2.000E+02 -6.460E+02  3.289E-03  0.2216
  2.400E+02 -6.460E+02  2.734E-03  0.2480
  2.800E+02 -6.460E+02  2.622E-03  0.2482
  3.200E+02 -6.460E+02  1.899E-03  0.2879
  3.600E+02 -6.460E+02  3.444E-03  0.2358
  4.000E+02 -6.460E+02  3.328E-03  0.2501
  4.400E+02 -6.460E+02  2.509E-03  0.2674
  4.800E+02 -6.460E+02  2.319E-03  0.2627
  5.200E+02 -6.460E+02  3.972E-03  0.2133
  5.600E+02 -6.460E+02  1.482E-03  0.3406
  6.000E+02 -6.460E+02  2.042E-03  0.2933
  6.400E+02 -6.460E+02  2.047E-03  0.2992
  6.800E+02 -6.460E+02  2.674E-03  0.2561
 -6.800E+02 -6.066E+02  3.631E-03  0.2159
 -6.400E+02 -6.066E+02  2.863E-03  0.2497
 -6.000E+02 -6.066E+02  2.359E-03  0.2670
 -5.600E+02 -6.066E+02  2.775E-03  0.2383
 -5.200E+02 -6.066E+02  1.835E-03  0.2927
 -4.800E+02 -6.066E+02  2.613E-03  0.2589
 -4.400E+02 -6.066E+02  2.559E-03  0.2543
 -4.000E+02 -6.066E+02  2.413E-03  0.2544
 -3.600E+02 -6.066E+02  1.898E-03  0.2854
 -3.200E+02 -6.066E+02  3.186E-03  0.2275
 -2.800E+02 -6.066E+02  4.023E-03  0.1975
 -2.400E+02 -6.066E+02  4.979E-03  0.1952
 -2.000E+02 -6.066E+02  3.460E-03  0.2317
 -1.600E+02 -6.066E+02  3.723E-03  0.2110
 -1.200E+02 -6.066E+02  2.774E-03  0.2502
 -8.000E+01 -6.066E+02  2.680E-03  0.2528
 -4.000E+01 -6.066E+02  2.968E-03  0.2345
  0.000E+00 -6.066E+02  3.732E-03  0.2098
  4.000E+01 -6.066E+02  4.325E-03  0.1928
  8.000E+01 -6.066E+02  4.097E-03  0.2053
  1.200E+02 -6.066E+02  3.100E-03  0.2384
  1.600E+02 -6.066E+02  2.589E-03  0.2410
  2.000E+02 -6.066E+02  2.728E-03  0.2428
  2.400E+02 -6.066E+02  2.753E-03  0.2447
  2.800E+02 -6.066E+02  3.448E-03  0.2126
  3.200E+02 -6.066E+02  2.306E-03  0.2698
  3.600E+02 -6.066E+02  4.302E-03  0.2023
  4.000E+02 -6.066E+02  3.104E-03  0.2513
  4.400E+02 -6.066E+02  2.121E-03  0.2794
  4.800E+02 -6.066E+02  2.263E-03  0.2751
  5.200E+02 -6.066E+02  4.241E-03  0.2062
  5.600E+02 -6.066E+02  2.062E-03  0.2939
  6.000E+02 -6.066E+02  2.516E-03  0.2655
  6.400E+02 -6.066E+02  2.394E-03  0.2634
  6.800E+02 -6.066E+02  2.258E-03  0.2757
 -6.800E+02 -5.673E+02  3.672E-03  0.2184
 -6.400E+02 -5.673E+02  2.872E-03  0.2468
 -6.000E+02 -5.673E+02  2.782E-03  0.2470
 -5.600E+02 -5.673E+02  2.452E-03  0.2504
 -5.200E+02 -5.673E+02  3.210E-03  0.2229
 -4.800E+02 -5.673E+02  2.026E-03  0.2716
 -4.400E+02 -5.673E+02  2.662E-03  0.2484
 -4.000E+02 -5.673E+02  3.084E-03  0.2536
 -3.600E+02 -5.673E+02  2.326E-03  0.2458
 -3.200E+02 -5.673E+02  2.723E-03  0.2500
 -2.800E+02 -5.673E+02  4.470E-03  0.1951
 -2.400E+02 -5.673E+02  4.982E-03  0.1948
 -2.000E+02 -5.673E+02  4.531E-03  0.1947
 -1.600E+02 -5.673E+02  3.765E-03  0.2071
 -1.200E+02 -5.673E+02  3.678E-03  0.2219
 -8.000E+01 -5.673E+02  2.654E-03  0.2549
 -4.000E+01 -5.673E+02  3.980E-03  0.2125
  0.000E+00 -5.673E+02  3.377E-03  0.2133
  4.000E+01 -5.673E+02  4.818E-03  0.1860
  8.000E+01 -5.673E+02  4.526E-03  0.2041
  1.200E+02 -5.673E+02  3.457E-03  0.2192
  1.600E+02 -5.673E+02  2.857E-03  0.2393
  2.000E+02 -5.673E+02  2.231E-03  0.2684
  2.400E+02 -5.673E+02  3.294E-03  0.2252
  2.800E+02 -5.673E+02  4.594E-03  0.1894
  3.200E+02 -5.673E+02  3.574E-03  0.2156
  3.600E+02 -5.673E+02  3.764E-03  0.2129
  4.000E+02 -5.673E+02  2.437E-03  0.2958
  4.400E+02 -5.673E+02  2.741E-03  0.2581
  4.800E+02 -5.673E+02  2.807E-03  0.2330
  5.200E+02 -5.673E+02  3.419E-03  0.2274
  5.600E+02 -5.673E+02  2.715E-03  0.2425
  6.000E+02 -5.673E+02  3.057E-03  0.2493
  6.400E+02 -5.673E+02  2.575E-03  0.2699
  6.800E+02 -5.673E+02  2.734E-03  0.2491
 -6.800E+02 -5.279E+02  3.145E-03  0.2335
 -6.400E+02 -5.279E+02  3.929E-03  0.2152
 -6.000E+02 -5.279E+02  2.156E-03  0.2600
 -5.600E+02 -5.279E+02  3.327E-03  0.2278
 -5.200E+02 -5.279E+02  3.388E-03  0.2209
 -4.800E+02 -5.279E+02  3.104E-03  0.2215
 -4.400E+02 -5.279E+02  2.662E-03  0.2407
 -4.000E+02 -5.279E+02  1.578E-03  0.3155
 -3.600E+02 -5.279E+02  3.635E-03  0.2185
 -3.200E+02 -5.279E+02  3.394E-03  0.2212
 -2.800E+02 -5.279E+02  4.803E-03  0.2008
 -2.400E+02 -5.279E+02  5.697E-03  0.1736
 -2.000E+02 -5.279E+02  4.732E-03  0.1913
 -1.600E+02 -5.279E+02  3.358E-03  0.2133
 -1.200E+02 -5.279E+02  4.198E-03  0.1959
 -8.000E+01 -5.279E+02  5.361E-03  0.1763
 -4.000E+01 -5.279E+02  4.476E-03  0.1939
  0.000E+00 -5.279E+02  3.559E-03  0.2140
  4.000E+01 -5.279E+02  4.314E-03  0.1988
  8.000E+01 -5.279E+02  3.962E-03  0.2057
  1.200E+02 -5.279E+02  4.689E-03  0.1880
  1.600E+02 -5.279E+02  3.225E-03  0.2297
  2.000E+02 -5.279E+02  2.077E-03  0.2639
  2.400E+02 -5.279E+02  2.819E-03  0.2410
  2.800E+02 -5.279E+02  5.007E-03  0.1850
  3.200E+02 -5.279E+02  4.117E-03  0.1970
  3.600E+02 -5.279E+02  3.432E-03  0.2116
  4.000E+02 -5.279E+02  2.783E-03  0.2573
  4.400E+02 -5.279E+02  2.848E-03  0.2499
  4.800E+02 -5.279E+02  3.107E-03  0.2357
  5.200E+02 -5.279E+02  3.189E-03  0.2343
  5.600E+02 -5.279E+02  3.039E-03  0.2357
  6.000E+02 -5.279E+02  4.073E-03  0.2175
  6.400E+02 -5.279E+02  2.128E-03  0.2665
  6.800E+02 -5.279E+02  2.543E-03  0.2551
 -6.800E+02 -4.886E+02  2.697E-03  0.2483
 -6.400E+02 -4.886E+02  3.079E-03  0.2430
 -6.000E+02 -4.886E+02  3.206E-03  0.2351
 -5.600E+02 -4.886E+02  4.505E-03  0.1858
 -5.200E+02 -4.886E+02  3.309E-03  0.2178
 -4.800E+02 -4.886E+02  4.540E-03  0.2023
 -4.400E+02 -4.886E+02  2.297E-03  0.2660
 -4.000E+02 -4.886E+02  1.410E-03  0.3314
 -3.600E+02 -4.886E+02  4.197E-03  0.2047
 -3.200E+02 -4.886E+02  4.722E-03  0.1984
 -2.800E+02 -4.886E+02  4.774E-03  0.1979
 -2.400E+02 -4.886E+02  5.813E-03  0.1697
 -2.000E+02 -4.886E+02  4.011E-03  0.2031
 -1.600E+02 -4.886E+02  3.055E-03  0.2368
 -1.200E+02 -4.886E+02  5.725E-03  0.1756
 -8.000E+01 -4.886E+02  5.438E-03  0.1775
 -4.000E+01 -4.886E+02  6.434E-03  0.1774
  0.000E+00 -4.886E+02  3.130E-03  0.2405
  4.000E+01 -4.886E+02  3.787E-03  0.2013
  8.000E+01 -4.886E+02  4.953E-03  0.1836
  1.200E+02 -4.886E+02  5.033E-03  0.1802
  1.600E+02 -4.886E+02  3.078E-03  0.2245
  2.000E+02 -4.886E+02  3.701E-03  0.2199
  2.400E+02 -4.886E+02  2.780E-03  0.2426
  2.800E+02 -4.886E+02  3.713E-03  0.2120
  3.200E+02 -4.886E+02  3.953E-03  0.2054
  3.600E+02 -4.886E+02  4.743E-03  0.1866
  4.000E+02 -4.886E+02  2.526E-03  0.2617
  4.400E+02 -4.886E+02  3.121E-03  0.2490
  4.800E+02 -4.886E+02  2.910E-03  0.2406
  5.200E+02 -4.886E+02  3.745E-03  0.2244
  5.600E+02 -4.886E+02  3.619E-03  0.2123
  6.000E+02 -4.886E+02  4.404E-03  0.2112
  6.400E+02 -4.886E+02  2.825E-03  0.2430
  6.800E+02 -4.886E+02  2.871E-03  0.2379
 -6.800E+02 -4.492E+02  3.806E-03  0.2165
 -6.400E+02 -4.492E+02  2.270E-03  0.2738
 -6.000E+02 -4.492E+02  2.863E-03  0.2365
 -5.600E+02 -4.492E+02  4.121E-03  0.2029
 -5.200E+02 -4.492E+02  3.230E-03  0.2304
 -4.800E+02 -4.492E+02  4.047E-03  0.2014
 -4.400E+02 -4.492E+02  3.236E-03  0.2377
 -4.000E+02 -4.492E+02  2.953E-03  0.2447
 -3.600E+02 -4.492E+02  4.101E-03  0.2028
 -3.200E+02 -4.492E+02  5.117E-03  0.2006
 -2.800E+02 -4.492E+02  4.951E-03  0.1943
 -2.400E+02 -4.492E+02  5.367E-03  0.1775
 -2.000E+02 -4.492E+02  4.831E-03  0.1820
 -1.600E+02 -4.492E+02  4.471E-03  0.1942
 -1.200E+02 -4.492E+02  4.445E-03  0.1822
 -8.000E+01 -4.492E+02  6.888E-03  0.1588
 -4.000E+01 -4.492E+02  6.627E-03  0.1769
  0.000E+00 -4.492E+02  3.285E-03  0.2240
  4.000E+01 -4.492E+02  3.669E-03  0.2065
  8.000E+01 -4.492E+02  5.357E-03  0.1733
  1.200E+02 -4.492E+02  5.401E-03  0.1701
  1.600E+02 -4.492E+02  4.559E-03  0.1911
  2.000E+02 -4.492E+02  3.562E-03  0.2055
  2.400E+02 -4.492E+02  2.141E-03  0.2668
  2.800E+02 -4.492E+02  4.035E-03  0.2062
  3.200E+02 -4.492E+02  3.909E-03  0.2091
  3.600E+02 -4.492E+02  5.463E-03  0.1755
  4.000E+02 -4.492E+02  2.647E-03  0.2435
  4.400E+02 -4.492E+02  3.481E-03  0.2232
  4.800E+02 -4.492E+02  2.613E-03  0.2394
  5.200E+02 -4.492E+02  3.827E-03  0.2092
  5.600E+02 -4.492E+02  5.546E-03  0.1825
  6.000E+02 -4.492E+02  3.874E-03  0.2025
  6.400E+02 -4.492E+02  4.358E-03  0.2016
  6.800E+02 -4.492E+02  2.601E-03  0.2555
 -6.800E+02 -4.099E+02  3.950E-03  0.2006
 -6.400E+02 -4.099E+02  2.234E-03  0.2932
 -6.000E+02 -4.099E+02  3.674E-03  0.2213
 -5.600E+02 -4.099E+02  2.319E-03  0.2518
 -5.200E+02 -4.099E+02  3.515E-03  0.2142
 -4.800E+02 -4.099E+02  4.740E-03  0.2012
 -4.400E+02 -4.099E+02  3.892E-03  0.2162
 -4.000E+02 -4.099E+02  3.104E-03  0.2263
 -3.600E+02 -4.099E+02  4.944E-03  0.1850
 -3.200E+02 -4.099E+02  4.481E-03  0.2057
 -2.800E+02 -4.099E+02  5.711E-03  0.1896
 -2.400E+02 -4.099E+02  5.520E-03  0.1765
 -2.000E+02 -4.099E+02  4.923E-03  0.1830
 -1.600E+02 -4.099E+02  5.254E-03  0.1821
 -1.200E+02 -4.099E+02  5.263E-03  0.1832
 -8.000E+01 -4.099E+02  6.955E-03  0.1615
 -4.000E+01 -4.099E+02  6.351E-03  0.1745
  0.000E+00 -4.099E+02  3.936E-03  0.2017
  4.000E+01 -4.099E+02  4.847E-03  0.1858
  8.000E+01 -4.099E+02  5.194E-03  0.1816
  1.200E+02 -4.099E+02  5.136E-03  0.1809
  1.600E+02 -4.099E+02  5.873E-03  0.1713
  2.000E+02 -4.099E+02  3.278E-03  0.2252
  2.400E+02 -4.099E+02  2.759E-03  0.2545
  2.800E+02 -4.099E+02  4.430E-03  0.2102
  3.200E+02 -4.099E+02  4.514E-03  0.1909
  3.600E+02 -4.099E+02  4.930E-03  0.1859
  4.000E+02 -4.099E+02  3.769E-03  0.2026
  4.400E+02 -4.099E+02  3.778E-03  0.2208
  4.800E+02 -4.099E+02  3.447E-03  0.2167
  5.200E+02 -4.099E+02  4.272E-03  0.2106
  5.600E+02 -4.099E+02  5.534E-03  0.1825
  6.000E+02 -4.099E+02  3.932E-03  0.2003
  6.400E+02 -4.099E+02  5.911E-03  0.1737
  6.800E+02 -4.099E+02  2.521E-03  0.2592
 -6.800E+02 -3.705E+02  4.140E-03  0.2053
 -6.400E+02 -3.705E+02  2.762E-03  0.2523
 -6.000E+02 -3.705E+02  3.538E-03  0.2280
 -5.600E+02 -3.705E+02  2.440E-03  0.2585
 -5.200E+02 -3.705E+02  3.052E-03  0.2167
 -4.800E+02 -3.705E+02  5.187E-03  0.1886
 -4.400E+02 -3.705E+02  3.458E-03  0.2196
 -4.000E+02 -3.705E+02  4.686E-03  0.2044
 -3.600E+02 -3.705E+02  4.517E-03  0.1957
 -3.200E+02 -3.705E+02  4.814E-03  0.1978
 -2.800E+02 -3.705E+02  5.893E-03  0.1863
 -2.400E+02 -3.705E+02  4.835E-03  0.1850
 -2.000E+02 -3.705E+02  5.972E-03  0.1718
 -1.600E+02 -3.705E+02  5.695E-03  0.1739
 -1.200E+02 -3.705E+02  4.756E-03  0.1984
 -8.000E+01 -3.705E+02  7.229E-03  0.1551
 -4.000E+01 -3.705E+02  4.708E-03  0.1996
  0.000E+00 -3.705E+02  5.678E-03  0.1806
  4.000E+01 -3.705E+02  5.554E-03  0.1715
  8.000E+01 -3.705E+02  4.864E-03  0.1839
  1.200E+02 -3.705E+02  6.140E-03  0.1613
  1.600E+02 -3.705E+02  5.611E-03  0.1707
  2.000E+02 -3.705E+02  2.841E-03  0.2359
  2.400E+02 -3.705E+02  3.551E-03  0.2114
  2.800E+02 -3.705E+02  4.878E-03  0.1940
  3.200E+02 -3.705E+02  5.152E-03  0.1769
  3.600E+02 -3.705E+02  5.051E-03  0.1804
  4.000E+02 -3.705E+02  4.237E-03  0.2154
  4.400E+02 -3.705E+02  3.265E-03  0.2220
  4.800E+02 -3.705E+02  3.960E-03  0.2062
  5.200E+02 -3.705E+02  5.622E-03  0.1732
  5.600E+02 -3.705E+02  4.902E-03  0.1889
  6.000E+02 -3.705E+02  4.697E-03  0.1912
  6.400E+02 -3.705E+02  4.629E-03  0.1888
  6.800E+02 -3.705E+02  3.796E-03  0.2180
 -6.800E+02 -3.312E+02  3.909E-03  0.2055
 -6.400E+02 -3.312E+02  4.278E-03  0.2081
 -6.000E+02 -3.312E+02  3.429E-03  0.2189
 -5.600E+02 -3.312E+02  2.698E-03  0.2500
 -5.200E+02 -3.312E+02  4.026E-03  0.2152
 -4.800E+02 -3.312E+02  3.501E-03  0.2095
 -4.400E+02 -3.312E+02  3.968E-03  0.2039
 -4.000E+02 -3.312E+02  5.058E-03  0.1812
 -3.600E+02 -3.312E+02  5.647E-03  0.1865
 -3.200E+02 -3.312E+02  4.531E-03  0.1745
 -2.800E+02 -3.312E+02  7.611E-03  0.1606
 -2.400E+02 -3.312E+02  5.001E-03  0.1892
 -2.000E+02 -3.312E+02  5.059E-03  0.1787
 -1.600E+02 -3.312E+02  4.840E-03  0.1952
 -1.200E+02 -3.312E+02  4.999E-03  0.1759
 -8.000E+01 -3.312E+02  6.250E-03  0.1605
 -4.000E+01 -3.312E+02  7.462E-03  0.1594
  0.000E+00 -3.312E+02  5.305E-03  0.1856
  4.000E+01 -3.312E+02  5.825E-03  0.1720
  8.000E+01 -3.312E+02  4.669E-03  0.1869
  1.200E+02 -3.312E+02  6.195E-03  0.1630
  1.600E+02 -3.312E+02  5.913E-03  0.1659
  2.000E+02 -3.312E+02  5.382E-03  0.1900
  2.400E+02 -3.312E+02  3.703E-03  0.2021
  2.800E+02 -3.312E+02  4.921E-03  0.1838
  3.200E+02 -3.312E+02  5.339E-03  0.1897
  3.600E+02 -3.312E+02  4.941E-03  0.1852
  4.000E+02 -3.312E+02  3.753E-03  0.2082
  4.400E+02 -3.312E+02  3.712E-03  0.2108
  4.800E+02 -3.312E+02  4.440E-03  0.2018
  5.200E+02 -3.312E+02  5.431E-03  0.1716
  5.600E+02 -3.312E+02  5.473E-03  0.1800
  6.000E+02 -3.312E+02  5.700E-03  0.1760
  6.400E+02 -3.312E+02  3.664E-03  0.2198
  6.800E+02 -3.312E+02  4.535E-03  0.2153
 -6.800E+02 -2.918E+02  5.035E-03  0.1828
 -6.400E+02 -2.918E+02  4.758E-03  0.1955
 -6.000E+02 -2.918E+02  4.507E-03  0.1959
 -5.600E+02 -2.918E+02  3.386E-03  0.2276
 -5.200E+02 -2.918E+02  3.839E-03  0.2064
 -4.800E+02 -2.918E+02  3.658E-03  0.2149
 -4.400E+02 -2.918E+02  5.191E-03  0.1776
 -4.000E+02 -2.918E+02  6.985E-03  0.1737
 -3.600E+02 -2.918E+02  4.486E-03  0.1860
 -3.200E+02 -2.918E+02  6.084E-03  0.1685
 -2.800E+02 -2.918E+02  6.545E-03  0.1671
 -2.400E+02 -2.918E+02  6.072E-03  0.1787
 -2.000E+02 -2.918E+02  5.775E-03  0.1803
 -1.600E+02 -2.918E+02  5.563E-03  0.1788
 -1.200E+02 -2.918E+02  5.623E-03  0.1716
 -8.000E+01 -2.918E+02  5.430E-03  0.1723
 -4.000E+01 -2.918E+02  6.223E-03  0.1694
  0.000E+00 -2.918E+02  6.001E-03  0.1823
  4.000E+01 -2.918E+02  6.042E-03  0.1683
  8.000E+01 -2.918E+02  5.869E-03  0.1770
  1.200E+02 -2.918E+02  5.725E-03  0.1749
  1.600E+02 -2.918E+02  7.946E-03  0.1468
  2.000E+02 -2.918E+02  5.047E-03  0.1779
  2.400E+02 -2.918E+02  4.656E-03  0.1882
  2.800E+02 -2.918E+02  6.025E-03  0.1840
  3.200E+02 -2.918E+02  4.395E-03  0.1929
  3.600E+02 -2.918E+02  3.684E-03  0.2138
  4.000E+02 -2.918E+02  4.161E-03  0.1994
  4.400E+02 -2.918E+02  4.806E-03  0.1829
  4.800E+02 -2.918E+02  4.753E-03  0.1953
  5.200E+02 -2.918E+02  5.848E-03  0.1720
  5.600E+02 -2.918E+02  6.074E-03  0.1693
  6.000E+02 -2.918E+02  5.515E-03  0.1709
  6.400E+02 -2.918E+02  4.199E-03  0.2151
  6.800E+02 -2.918E+02  5.200E-03  0.1862
 -6.800E+02 -2.525E+02  5.125E-03  0.1764
 -6.400E+02 -2.525E+02  5.564E-03  0.1802
 -6.000E+02 -2.525E+02  4.871E-03  0.1841
 -5.600E+02 -2.525E+02  3.780E-03  0.1953
 -5.200E+02 -2.525E+02  5.355E-03  0.1759
 -4.800E+02 -2.525E+02  5.793E-03  0.1678
 -4.400E+02 -2.525E+02  4.488E-03  0.1841
 -4.000E+02 -2.525E+02  5.496E-03  0.1944
 -3.600E+02 -2.525E+02  5.263E-03  0.1667
 -3.200E+02 -2.525E+02  6.177E-03  0.1618
 -2.800E+02 -2.525E+02  6.670E-03  0.1692
 -2.400E+02 -2.525E+02  8.006E-03  0.1567
 -2.000E+02 -2.525E+02  5.179E-03  0.1855
 -1.600E+02 -2.525E+02  5.598E-03  0.1757
 -1.200E+02 -2.525E+02  5.893E-03  0.1702
 -8.000E+01 -2.525E+02  6.511E-03  0.1664
 -4.000E+01 -2.525E+02  6.529E-03  0.1680
  0.000E+00 -2.525E+02  6.088E-03  0.1741
  4.000E+01 -2.525E+02  5.607E-03  0.1698
  8.000E+01 -2.525E+02  6.088E-03  0.1661
  1.200E+02 -2.525E+02  7.224E-03  0.1668
  1.600E+02 -2.525E+02  7.280E-03  0.1564
  2.000E+02 -2.525E+02  5.900E-03  0.1772
  2.400E+02 -2.525E+02  4.647E-03  0.1870
  2.800E+02 -2.525E+02  4.902E-03  0.1823
  3.200E+02 -2.525E+02  5.346E-03  0.1776
  3.600E+02 -2.525E+02  4.567E-03  0.1952
  4.000E+02 -2.525E+02  4.068E-03  0.2108
  4.400E+02 -2.525E+02  4.626E-03  0.1842
  4.800E+02 -2.525E+02  5.600E-03  0.1723
  5.200E+02 -2.525E+02  6.260E-03  0.1708
  5.600E+02 -2.525E+02  6.464E-03  0.1619
  6.000E+02 -2.525E+02  6.285E-03  0.1695
  6.400E+02 -2.525E+02  6.454E-03  0.1712
  6.800E+02 -2.525E+02  4.374E-03  0.1968
 -6.800E+02 -2.132E+02  5.983E-03  0.1648
 -6.400E+02 -2.132E+02  6.811E-03  0.1597
 -6.000E+02 -2.132E+02  4.721E-03  0.1872
 -5.600E+02 -2.132E+02  5.025E-03  0.1873
 -5.200E+02 -2.132E+02  6.636E-03  0.1574
 -4.800E+02 -2.132E+02  5.744E-03  0.1753
 -4.400E+02 -2.132E+02  5.264E-03  0.1868
 -4.000E+02 -2.132E+02  4.998E-03  0.1920
 -3.600E+02 -2.132E+02  7.126E-03  0.1611
 -3.200E+02 -2.132E+02  4.925E-03  0.1866
 -2.800E+02 -2.132E+02  6.942E-03  0.1683
 -2.400E+02 -2.132E+02  7.244E-03  0.1538
 -2.000E+02 -2.132E+02  6.529E-03  0.1772
 -1.600E+02 -2.132E+02  5.743E-03  0.1767
 -1.200E+02 -2.132E+02  6.269E-03  0.1674
 -8.000E+01 -2.132E+02  6.268E-03  0.1625
 -4.000E+01 -2.132E+02  7.793E-03  0.1595
  0.000E+00 -2.132E+02  6.561E-03  0.1701
  4.000E+01 -2.132E+02  5.877E-03  0.1658
  8.000E+01 -2.132E+02  7.418E-03  0.1529
  1.200E+02 -2.132E+02  6.195E-03  0.1691
  1.600E+02 -2.132E+02  6.836E-03  0.1674
  2.000E+02 -2.132E+02  5.340E-03  0.1843
  2.400E+02 -2.132E+02  6.118E-03  0.1678
  2.800E+02 -2.132E+02  5.090E-03  0.1698
  3.200E+02 -2.132E+02  3.738E-03  0.2163
  3.600E+02 -2.132E+02  5.352E-03  0.1799
  4.000E+02 -2.132E+02  4.840E-03  0.1904
  4.400E+02 -2.132E+02  6.902E-03  0.1628
  4.800E+02 -2.132E+02  7.157E-03  0.1569
  5.200E+02 -2.132E+02  7.216E-03  0.1624
  5.600E+02 -2.132E+02  5.951E-03  0.1758
  6.000E+02 -2.132E+02  5.145E-03  0.1827
  6.400E+02 -2.132E+02  7.011E-03  0.1595
  6.800E+02 -2.132E+02  4.999E-03  0.1829
 -6.800E+02 -1.738E+02  6.288E-03  0.1653
 -6.400E+02 -1.738E+02  6.987E-03  0.1518
 -6.000E+02 -1.738E+02  6.758E-03  0.1565
 -5.600E+02 -1.738E+02  5.072E-03  0.1856
 -5.200E+02 -1.738E+02  6.475E-03  0.1584
 -4.800E+02 -1.738E+02  5.764E-03  0.1670
 -4.400E+02 -1.738E+02  7.074E-03  0.1588
 -4.000E+02 -1.738E+02  4.996E-03  0.1809
 -3.600E+02 -1.738E+02  6.791E-03  0.1642
 -3.200E+02 -1.738E+02  5.651E-03  0.1750
 -2.800E+02 -1.738E+02  6.695E-03  0.1595
 -2.400E+02 -1.738E+02  6.451E-03  0.1624
 -2.000E+02 -1.738E+02  5.559E-03  0.1785
 -1.600E+02 -1.738E+02  6.977E-03  0.1587
 -1.200E+02 -1.738E+02  7.367E-03  0.1610
 -8.000E+01 -1.738E+02  6.354E-03  0.1625
 -4.000E+01 -1.738E+02  7.534E-03  0.1507
  0.000E+00 -1.738E+02  6.600E-03  0.1599
  4.000E+01 -1.738E+02  7.047E-03  0.1683
  8.000E+01 -1.738E+02  7.966E-03  0.1535
  1.200E+02 -1.738E+02  5.204E-03  0.1752
  1.600E+02 -1.738E+02  6.632E-03  0.1625
  2.000E+02 -1.738E+02  5.364E-03  0.1789
  2.400E+02 -1.738E+02  6.005E-03  0.1670
  2.800E+02 -1.738E+02  5.804E-03  0.1779
  3.200E+02 -1.738E+02  4.665E-03  0.2028
  3.600E+02 -1.738E+02  5.254E-03  0.1870
  4.000E+02 -1.738E+02  6.118E-03  0.1639
  4.400E+02 -1.738E+02  8.557E-03  0.1385
  4.800E+02 -1.738E+02  6.266E-03  0.1658
  5.200E+02 -1.738E+02  6.940E-03  0.1609
  5.600E+02 -1.738E+02  7.209E-03  0.1573
  6.000E+02 -1.738E+02  5.559E-03  0.1663
  6.400E+02 -1.738E+02  6.420E-03  0.1660
  6.800E+02 -1.738E+02  5.035E-03  0.1784
 -6.800E+02 -1.345E+02  6.611E-03  0.1618
 -6.400E+02 -1.345E+02  7.170E-03  0.1577
 -6.000E+02 -1.345E+02  6.128E-03  0.1671
 -5.600E+02 -1.345E+02  5.081E-03  0.1733
 -5.200E+02 -1.345E+02  6.536E-03  0.1634
 -4.800E+02 -1.345E+02  6.762E-03  0.1599
 -4.400E+02 -1.345E+02  8.094E-03  0.1489
 -4.000E+02 -1.345E+02  4.852E-03  0.1899
 -3.600E+02 -1.345E+02  6.505E-03  0.1646
 -3.200E+02 -1.345E+02  6.181E-03  0.1791
 -2.800E+02 -1.345E+02  8.854E-03  0.1487
 -2.400E+02 -1.345E+02  5.237E-03  0.1796
 -2.000E+02 -1.345E+02  5.641E-03  0.1738
 -1.600E+02 -1.345E+02  6.785E-03  0.1552
 -1.200E+02 -1.345E+02  7.205E-03  0.1583
 -8.000E+01 -1.345E+02  7.266E-03  0.1640
 -4.000E+01 -1.345E+02  6.794E-03  0.1535
  0.000E+00 -1.345E+02  7.969E-03  0.1483
  4.000E+01 -1.345E+02  6.833E-03  0.1682
  8.000E+01 -1.345E+02  7.044E-03  0.1623
  1.200E+02 -1.345E+02  7.107E-03  0.1600
  1.600E+02 -1.345E+02  5.496E-03  0.1700
  2.000E+02 -1.345E+02  6.178E-03  0.1639
  2.400E+02 -1.345E+02  4.573E-03  0.1832
  2.800E+02 -1.345E+02  6.430E-03  0.1651
  3.200E+02 -1.345E+02  6.087E-03  0.1742
  3.600E+02 -1.345E+02  6.051E-03  0.1719
  4.000E+02 -1.345E+02  7.084E-03  0.1562
  4.400E+02 -1.345E+02  7.414E-03  0.1462
  4.800E+02 -1.345E+02  7.990E-03  0.1525
  5.200E+02 -1.345E+02  7.210E-03  0.1555
  5.600E+02 -1.345E+02  6.208E-03  0.1649
  6.000E+02 -1.345E+02  5.740E-03  0.1814
  6.400E+02 -1.345E+02  5.389E-03  0.1787
  6.800E+02 -1.345E+02  6.217E-03  0.1616
 -6.800E+02 -9.511E+01  5.817E-03  0.1706
 -6.400E+02 -9.511E+01  5.853E-03  0.1674
 -6.000E+02 -9.511E+01  6.289E-03  0.1687
 -5.600E+02 -9.511E+01  5.915E-03  0.1667
 -5.200E+02 -9.511E+01  6.862E-03  0.1536
 -4.800E+02 -9.511E+01  7.029E-03  0.1606
 -4.400E+02 -9.511E+01  7.391E-03  0.1460
 -4.000E+02 -9.511E+01  7.550E-03  0.1515
 -3.600E+02 -9.511E+01  6.063E-03  0.1623
 -3.200E+02 -9.511E+01  5.152E-03  0.1964
 -2.800E+02 -9.511E+01  8.103E-03  0.1519
 -2.400E+02 -9.511E+01  6.650E-03  0.1614
 -2.000E+02 -9.511E+01  5.438E-03  0.1771
 -1.600E+02 -9.511E+01  7.496E-03  0.1630
 -1.200E+02 -9.511E+01  7.883E-03  0.1516
 -8.000E+01 -9.511E+01  5.296E-03  0.1738
 -4.000E+01 -9.511E+01  8.829E-03  0.1521
  0.000E+00 -9.511E+01  8.783E-03  0.1378
  4.000E+01 -9.511E+01  7.086E-03  0.1617
  8.000E+01 -9.511E+01  6.253E-03  0.1638
  1.200E+02 -9.511E+01  5.880E-03  0.1700
  1.600E+02 -9.511E+01  7.751E-03  0.1660
  2.000E+02 -9.511E+01  6.997E-03  0.1616
  2.400E+02 -9.511E+01  5.198E-03  0.1717
  2.800E+02 -9.511E+01  7.286E-03  0.1547
  3.200E+02 -9.511E+01  6.173E-03  0.1683
  3.600E+02 -9.511E+01  7.008E-03  0.1521
  4.000E+02 -9.511E+01  7.866E-03  0.1434
  4.400E+02 -9.511E+01  8.476E-03  0.1475
  4.800E+02 -9.511E+01  7.665E-03  0.1497
  5.200E+02 -9.511E+01  6.591E-03  0.1619
  5.600E+02 -9.511E+01  6.412E-03  0.1611
  6.000E+02 -9.511E+01  3.824E-03  0.2190
  6.400E+02 -9.511E+01  6.443E-03  0.1680
  6.800E+02 -9.511E+01  6.737E-03  0.1602
 -6.800E+02 -5.576E+01  6.335E-03  0.1657
 -6.400E+02 -5.576E+01  5.896E-03  0.1669
 -6.000E+02 -5.576E+01  7.063E-03  0.1512
 -5.600E+02 -5.576E+01  7.659E-03  0.1504
 -5.200E+02 -5.576E+01  6.746E-03  0.1557
 -4.800E+02 -5.576E+01  7.174E-03  0.1582
 -4.400E+02 -5.576E+01  8.367E-03  0.1462
 -4.000E+02 -5.576E+01  9.733E-03  0.1336
 -3.600E+02 -5.576E+01  5.771E-03  0.1673
 -3.200E+02 -5.576E+01  5.727E-03  0.1731
 -2.800E+02 -5.576E+01  8.449E-03  0.1516
 -2.400E+02 -5.576E+01  8.362E-03  0.1456
 -2.000E+02 -5.576E+01  6.111E-03  0.1731
 -1.600E+02 -5.576E+01  5.905E-03  0.1689
 -1.200E+02 -5.576E+01  7.851E-03  0.1535
 -8.000E+01 -5.576E+01  7.320E-03  0.1678
 -4.000E+01 -5.576E+01  8.228E-03  0.1436
  0.000E+00 -5.576E+01  8.399E-03  0.1459
  4.000E+01 -5.576E+01  8.543E-03  0.1527
  8.000E+01 -5.576E+01  6.267E-03  0.1788
  1.200E+02 -5.576E+01  7.436E-03  0.1593
  1.600E+02 -5.576E+01  6.328E-03  0.1720
  2.000E+02 -5.576E+01  7.600E-03  0.1466
  2.400E+02 -5.576E+01  8.073E-03  0.1505
  2.800E+02 -5.576E+01  7.839E-03  0.1478
  3.200E+02 -5.576E+01  7.156E-03  0.1560
  3.600E+02 -5.576E+01  6.153E-03  0.1710
  4.000E+02 -5.576E+01  9.008E-03  0.1423
  4.400E+02 -5.576E+01  6.768E-03  0.1516
  4.800E+02 -5.576E+01  7.528E-03  0.1533
  5.200E+02 -5.576E+01  7.807E-03  0.1554
  5.600E+02 -5.576E+01  6.067E-03  0.1695
  6.000E+02 -5.576E+01  6.028E-03  0.1764
  6.400E+02 -5.576E+01  5.844E-03  0.1656
  6.800E+02 -5.576E+01  7.144E-03  0.1559
 -6.800E+02 -1.641E+01  5.985E-03  0.1655
 -6.400E+02 -1.641E+01  7.446E-03  0.1521
 -6.000E+02 -1.641E+01  8.697E-03  0.1376
 -5.600E+02 -1.641E+01  8.087E-03  0.1398
 -5.200E+02 -1.641E+01  6.443E-03  0.1612
 -4.800E+02 -1.641E+01  6.629E-03  0.1647
 -4.400E+02 -1.641E+01  8.701E-03  0.1407
 -4.000E+02 -1.641E+01  8.970E-03  0.1339
 -3.600E+02 -1.641E+01  6.604E-03  0.1613
 -3.200E+02 -1.641E+01  8.075E-03  0.1485
 -2.800E+02 -1.641E+01  7.780E-03  0.1570
 -2.400E+02 -1.641E+01  8.430E-03  0.1381
 -2.000E+02 -1.641E+01  7.879E-03  0.1440
 -1.600E+02 -1.641E+01  6.964E-03  0.1584
 -1.200E+02 -1.641E+01  8.998E-03  0.1476
 -8.000E+01 -1.641E+01  6.111E-03  0.1694
 -4.000E+01 -1.641E+01  6.197E-03  0.1676
  0.000E+00 -1.641E+01  1.040E-02  0.1300
  4.000E+01 -1.641E+01  9.279E-03  0.1453
  8.000E+01 -1.641E+01  6.377E-03  0.1719
  1.200E+02 -1.641E+01  7.295E-03  0.1520
  1.600E+02 -1.641E+01  9.224E-03  0.1448
  2.000E+02 -1.641E+01  7.840E-03  0.1457
  2.400E+02 -1.641E+01  9.056E-03  0.1380
  2.800E+02 -1.641E+01  7.042E-03  0.1527
  3.200E+02 -1.641E+01  7.553E-03  0.1576
  3.600E+02 -1.641E+01  7.517E-03  0.1534
  4.000E+02 -1.641E+01  8.683E-03  0.1491
  4.400E+02 -1.641E+01  7.583E-03  0.1515
  4.800E+02 -1.641E+01  6.688E-03  0.1594
  5.200E+02 -1.641E+01  8.124E-03  0.1431
  5.600E+02 -1.641E+01  9.298E-03  0.1441
  6.000E+02 -1.641E+01  5.513E-03  0.1791
  6.400E+02 -1.641E+01  8.207E-03  0.1464
  6.800E+02 -1.641E+01  6.724E-03  0.1653
 -6.800E+02  2.293E+01  6.901E-03  0.1564
 -6.400E+02  2.293E+01  7.353E-03  0.1494
 -6.000E+02  2.293E+01  7.454E-03  0.1496
 -5.600E+02  2.293E+01  7.260E-03  0.1506
 -5.200E+02  2.293E+01  7.856E-03  0.1497
 -4.800E+02  2.293E+01  7.264E-03  0.1512
 -4.400E+02  2.293E+01  7.978E-03  0.1441
 -4.000E+02  2.293E+01  9.508E-03  0.1344
 -3.600E+02  2.293E+01  5.939E-03  0.1718
 -3.200E+02  2.293E+01  7.729E-03  0.1564
 -2.800E+02  2.293E+01  8.702E-03  0.1423
 -2.400E+02  2.293E+01  8.782E-03  0.1383
 -2.000E+02  2.293E+01  8.805E-03  0.1451
 -1.600E+02  2.293E+01  7.795E-03  0.1558
 -1.200E+02  2.293E+01  7.341E-03  0.1647
 -8.000E+01  2.293E+01  8.449E-03  0.1458
 -4.000E+01  2.293E+01  7.807E-03  0.1510
  0.000E+00  2.293E+01  8.765E-03  0.1424
  4.000E+01  2.293E+01  8.307E-03  0.1427
  8.000E+01  2.293E+01  7.012E-03  0.1594
  1.200E+02  2.293E+01  7.455E-03  0.1519
  1.600E+02  2.293E+01  9.276E-03  0.1406
  2.000E+02  2.293E+01  7.598E-03  0.1415
  2.400E+02  2.293E+01  9.508E-03  0.1319
  2.800E+02  2.293E+01  8.356E-03  0.1426
  3.200E+02  2.293E+01  8.533E-03  0.1497
  3.600E+02  2.293E+01  8.836E-03  0.1443
  4.000E+02  2.293E+01  7.495E-03  0.1485
  4.400E+02  2.293E+01  7.609E-03  0.1587
  4.800E+02  2.293E+01  6.861E-03  0.1588
  5.200E+02  2.293E+01  8.568E-03  0.1492
  5.600E+02  2.293E+01  6.547E-03  0.1597
  6.000E+02  2.293E+01  7.200E-03  0.1556
  6.400E+02  2.293E+01  7.939E-03  0.1527
  6.800E+02  2.293E+01  7.667E-03  0.1542
 -6.800E+02  6.228E+01  7.767E-03  0.1476
 -6.400E+02  6.228E+01  7.746E-03  0.1498
 -6.000E+02  6.228E+01  7.248E-03  0.1512
 -5.600E+02  6.228E+01  7.398E-03  0.1586
 -5.200E+02  6.228E+01  8.270E-03  0.1410
 -4.800E+02  6.228E+01  7.262E-03  0.1583
 -4.400E+02  6.228E+01  7.068E-03  0.1504
 -4.000E+02  6.228E+01  8.032E-03  0.1474
 -3.600E+02  6.228E+01  7.611E-03  0.1525
 -3.200E+02  6.228E+01  7.599E-03  0.1498
 -2.800E+02  6.228E+01  9.644E-03  0.1334
 -2.400E+02  6.228E+01  1.004E-02  0.1307
 -2.000E+02  6.228E+01  9.271E-03  0.1410
 -1.600E+02  6.228E+01  8.792E-03  0.1483
 -1.200E+02  6.228E+01  6.729E-03  0.1613
 -8.000E+01  6.228E+01  8.878E-03  0.1431
 -4.000E+01  6.228E+01  7.839E-03  0.1431
  0.000E+00  6.228E+01  8.747E-03  0.1466
  4.000E+01  6.228E+01  6.807E-03  0.1563
  8.000E+01  6.228E+01  7.172E-03  0.1582
  1.200E+02  6.228E+01  7.612E-03  0.1499
  1.600E+02  6.228E+01  9.130E-03  0.1487
  2.000E+02  6.228E+01  1.024E-02  0.1314
  2.400E+02  6.228E+01  8.726E-03  0.1391
  2.800E+02  6.228E+01  9.624E-03  0.1320
  3.200E+02  6.228E+01  1.042E-02  0.1320
  3.600E+02  6.228E+01  8.309E-03  0.1450
  4.000E+02  6.228E+01  6.847E-03  0.1580
  4.400E+02  6.228E+01  7.286E-03  0.1611
  4.800E+02  6.228E+01  7.922E-03  0.1451
  5.200E+02  6.228E+01  7.916E-03  0.1482
  5.600E+02  6.228E+01  8.230E-03  0.1513
  6.000E+02  6.228E+01  7.412E-03  0.1588
  6.400E+02  6.228E+01  7.142E-03  0.1534
  6.800E+02  6.228E+01  8.191E-03  0.1468
 -6.800E+02  1.016E+02  7.318E-03  0.1484
 -6.400E+02  1.016E+02  6.646E-03  0.1563
 -6.000E+02  1.016E+02  6.724E-03  0.1573
 -5.600E+02  1.016E+02  7.424E-03  0.1532
 -5.200E+02  1.016E+02  7.309E-03  0.1484
 -4.800E+02  1.016E+02  7.042E-03  0.1566
 -4.400E+02  1.016E+02  9.399E-03  0.1425
 -4.000E+02  1.016E+02  6.369E-03  0.1616
 -3.600E+02  1.016E+02  9.894E-03  0.1398
 -3.200E+02  1.016E+02  8.775E-03  0.1473
 -2.800E+02  1.016E+02  9.617E-03  0.1399
 -2.400E+02  1.016E+02  9.768E-03  0.1340
 -2.000E+02  1.016E+02  7.260E-03  0.1563
 -1.600E+02  1.016E+02  8.553E-03  0.1516
 -1.200E+02  1.016E+02  8.271E-03  0.1501
 -8.000E+01  1.016E+02  8.656E-03  0.1428
 -4.000E+01  1.016E+02  6.802E-03  0.1558
  0.000E+00  1.016E+02  8.047E-03  0.1486
  4.000E+01  1.016E+02  7.207E-03  0.1530
  8.000E+01  1.016E+02  6.799E-03  0.1600
  1.200E+02  1.016E+02  8.339E-03  0.1492
  1.600E+02  1.016E+02  9.653E-03  0.1365
  2.000E+02  1.016E+02  9.876E-03  0.1330
  2.400E+02  1.016E+02  8.582E-03  0.1407
  2.800E+02  1.016E+02  9.021E-03  0.1419
  3.200E+02  1.016E+02  9.298E-03  0.1435
  3.600E+02  1.016E+02  9.638E-03  0.1348
  4.000E+02  1.016E+02  5.762E-03  0.1696
  4.400E+02  1.016E+02  6.525E-03  0.1662
  4.800E+02  1.016E+02  8.293E-03  0.1513
  5.200E+02  1.016E+02  9.313E-03  0.1387
  5.600E+02  1.016E+02  6.042E-03  0.1618
  6.000E+02  1.016E+02  8.262E-03  0.1518
  6.400E+02  1.016E+02  7.453E-03  0.1511
  6.800E+02  1.016E+02  6.832E-03  0.1742
 -6.800E+02  1.410E+02  6.052E-03  0.1667
 -6.400E+02  1.410E+02  7.057E-03  0.1580
 -6.000E+02  1.410E+02  6.498E-03  0.1611
 -5.600E+02  1.410E+02  7.575E-03  0.1471
 -5.200E+02  1.410E+02  5.571E-03  0.1709
 -4.800E+02  1.410E+02  7.408E-03  0.1538
 -4.400E+02  1.410E+02  8.560E-03  0.1390
 -4.000E+02  1.410E+02  8.900E-03  0.1389
 -3.600E+02  1.410E+02  9.181E-03  0.1429
 -3.200E+02  1.410E+02  9.657E-03  0.1388
 -2.800E+02  1.410E+02  9.762E-03  0.1371
 -2.400E+02  1.410E+02  7.825E-03  0.1465
 -2.000E+02  1.410E+02  6.713E-03  0.1538
 -1.600E+02  1.410E+02  7.695E-03  0.1615
 -1.200E+02  1.410E+02  9.646E-03  0.1403
 -8.000E+01  1.410E+02  7.191E-03  0.1587
 -4.000E+01  1.410E+02  8.003E-03  0.1511
  0.000E+00  1.410E+02  7.841E-03  0.1498
  4.000E+01  1.410E+02  7.598E-03  0.1522
  8.000E+01  1.410E+02  6.639E-03  0.1611
  1.200E+02  1.410E+02  9.170E-03  0.1437
  1.600E+02  1.410E+02  8.838E-03  0.1489
  2.000E+02  1.410E+02  9.326E-03  0.1339
  2.400E+02  1.410E+02  9.647E-03  0.1367
  2.800E+02  1.410E+02  7.810E-03  0.1486
  3.200E+02  1.410E+02  9.176E-03  0.1424
  3.600E+02  1.410E+02  7.784E-03  0.1456
  4.000E+02  1.410E+02  7.844E-03  0.1521
  4.400E+02  1.410E+02  6.434E-03  0.1589
  4.800E+02  1.410E+02  7.657E-03  0.1492
  5.200E+02  1.410E+02  7.600E-03  0.1568
  5.600E+02  1.410E+02  7.642E-03  0.1673
  6.000E+02  1.410E+02  7.988E-03  0.1499
  6.400E+02  1.410E+02  9.317E-03  0.1494
  6.800E+02  1.410E+02  7.604E-03  0.1467
 -6.800E+02  1.803E+02  5.131E-03  0.1864
 -6.400E+02  1.803E+02  6.346E-03  0.1646
 -6.000E+02  1.803E+02  6.860E-03  0.1538
 -5.600E+02  1.803E+02  7.079E-03  0.1534
 -5.200E+02  1.803E+02  6.880E-03  0.1623
 -4.800E+02  1.803E+02  6.582E-03  0.1524
 -4.400E+02  1.803E+02  9.576E-03  0.1361
 -4.000E+02  1.803E+02  9.887E-03  0.1360
 -3.600E+02  1.803E+02  8.131E-03  0.1514
 -3.200E+02  1.803E+02  9.780E-03  0.1384
 -2.800E+02  1.803E+02  7.846E-03  0.1473
 -2.400E+02  1.803E+02  8.236E-03  0.1533
 -2.000E+02  1.803E+02  8.027E-03  0.1452
 -1.600E+02  1.803E+02  8.391E-03  0.1438
 -1.200E+02  1.803E+02  7.610E-03  0.1605
 -8.000E+01  1.803E+02  7.529E-03  0.1571
 -4.000E+01  1.803E+02  9.777E-03  0.1372
  0.000E+00  1.803E+02  6.367E-03  0.1556
  4.000E+01  1.803E+02  6.790E-03  0.1585
  8.000E+01  1.803E+02  7.167E-03  0.1535
  1.200E+02  1.803E+02  9.037E-03  0.1379
  1.600E+02  1.803E+02  7.384E-03  0.1510
  2.000E+02  1.803E+02  9.703E-03  0.1325
  2.400E+02  1.803E+02  1.010E-02  0.1332
  2.800E+02  1.803E+02  6.454E-03  0.1726
  3.200E+02  1.803E+02  9.769E-03  0.1357
  3.600E+02  1.803E+02  9.655E-03  0.1345
  4.000E+02  1.803E+02  7.735E-03  0.1505
  4.400E+02  1.803E+02  6.409E-03  0.1693
  4.800E+02  1.803E+02  7.482E-03  0.1523
  5.200E+02  1.803E+02  6.399E-03  0.1558
  5.600E+02  1.803E+02  9.224E-03  0.1427
  6.000E+02  1.803E+02  8.246E-03  0.1576
  6.400E+02  1.803E+02  9.101E-03  0.1360
  6.800E+02  1.803E+02  7.892E-03  0.1466

# Information for Restart Calculation
# This calculation was newly started
# istdev =  2 # 1:Batch variance, 2:History variance
# resc2  = 7.82832684142561325E-02 # Total source weight or Total source weight / maxcas
# resc3  = 5.00000000000000000E+03 # Total history number or Total batch number
# maxcas =        5000 # History / Batch, only used for istdev=1
# bitrseed = 1101000100011110010110101010110110111100110001110111111010000000 # bit data of rseed
