[ T-Track ]
    title = Neutron flux map, xz section
     mesh =  xyz            # mesh type is xyz scoring mesh
   x-type =    2            # x-mesh is linear given by xmin, xmax and nx
     xmin =  -700.0000      # minimum value of x-mesh points
     xmax =   700.0000      # maximum value of x-mesh points
#    xdel =   40.00000      # mesh width of x-mesh points
       nx =     35          # number of x-mesh points
#    data = ( x(i), i = 1, nx + 1 )
#          -7.00000E+02 -6.60000E+02 -6.20000E+02 -5.80000E+02 -5.40000E+02
#          -5.00000E+02 -4.60000E+02 -4.20000E+02 -3.80000E+02 -3.40000E+02
#          -3.00000E+02 -2.60000E+02 -2.20000E+02 -1.80000E+02 -1.40000E+02
#          -1.00000E+02 -6.00000E+01 -2.00000E+01  2.00000E+01  6.00000E+01
#           1.00000E+02  1.40000E+02  1.80000E+02  2.20000E+02  2.60000E+02
#           3.00000E+02  3.40000E+02  3.80000E+02  4.20000E+02  4.60000E+02
#           5.00000E+02  5.40000E+02  5.80000E+02  6.20000E+02  6.60000E+02
#           7.00000E+02
   y-type =    2            # y-mesh is linear given by ymin, ymax and ny
     ymin =  -1000.000      # minimum value of y-mesh points
     ymax =   1000.000      # maximum value of y-mesh points
#    ydel =   2000.000      # mesh width of y-mesh points
       ny =      1          # number of y-mesh points
#    data = ( y(i), i = 1, ny + 1 )
#          -1.00000E+03  1.00000E+03
   z-type =    2            # z-mesh is linear given by zmin, zmax and nz
     zmin =  -705.0000      # minimum value of z-mesh points
     zmax =   200.0000      # maximum value of z-mesh points
#    zdel =   39.34783      # mesh width of z-mesh points
       nz =     23          # number of z-mesh points
#    data = ( z(i), i = 1, nz + 1 )
#          -7.05000E+02 -6.65652E+02 -6.26304E+02 -5.86957E+02 -5.47609E+02
#          -5.08261E+02 -4.68913E+02 -4.29565E+02 -3.90217E+02 -3.50870E+02
#          -3.11522E+02 -2.72174E+02 -2.32826E+02 -1.93478E+02 -1.54130E+02
#          -1.14783E+02 -7.54348E+01 -3.60870E+01  3.26087E+00  4.26087E+01
#           8.19565E+01  1.21304E+02  1.60652E+02  2.00000E+02
   e-type =    1            # e-mesh is given by the below data
       ne =      4          # number of e-mesh points
#    data = ( e(i), i = 1, ne + 1 )
            1.00000E-10  5.00000E-07  1.00000E-01  2.00000E+01  1.00000E+05
     unit =    1            # unit is [1/cm^2/source]
 material =  all            # (D=all) number of specific material
  2D-type =    4            # 1:Cont, 2:Clust, 3:Color, 4:xyz, 5:mat, 6:Clust+Cont, 7:Col+Cont
     axis =      xz            # axis of output
     file = map_xz.out      # file name of output for the above axis
     part =  neutron    muon-    
# kf/name :  2112       13       
#    used :        main (  %)        temp (  %)       total (  %)
#  memory :          71 (  0)           0 (  0)          71 (  0)

#------------------------------------------------------------------------------
#newpage:
#   no. =  1   ie  =  1   iy  =  1   part. = neutron 
#   e = (   1.0000E-10  -   5.0000E-07  )
#   y = (  -1.0000E+03  -   1.0000E+03  )
#  nx =  35   nz =  23

# x          z          flux       r.err
 -6.800E+02 -6.853E+02  0.000E+00  0.0000
 -6.400E+02 -6.853E+02  0.000E+00  0.0000
 -6.000E+02 -6.853E+02  2.277E-05  1.0000
 -5.600E+02 -6.853E+02  0.000E+00  0.0000
 -5.200E+02 -6.853E+02  0.000E+00  0.0000
 -4.800E+02 -6.853E+02  1.197E-04  1.0000
 -4.400E+02 -6.853E+02  0.000E+00  0.0000
 -4.000E+02 -6.853E+02  2.922E-04  1.0000
 -3.600E+02 -6.853E+02  0.000E+00  0.0000
 -3.200E+02 -6.853E+02  0.000E+00  0.0000
 -2.800E+02 -6.853E+02  0.000E+00  0.0000
 -2.400E+02 -6.853E+02  0.000E+00  0.0000
 -2.000E+02 -6.853E+02  2.503E-04  1.0000
 -1.600E+02 -6.853E+02  4.949E-05  1.0000
 -1.200E+02 -6.853E+02  3.876E-04  1.0000
 -8.000E+01 -6.853E+02  1.956E-04  1.0000
 -4.000E+01 -6.853E+02  2.220E-04  0.7846
  0.000E+00 -6.853E+02  3.631E-04  0.5859
  4.000E+01 -6.853E+02  8.434E-04  0.9370
  8.000E+01 -6.853E+02  6.026E-04  0.9474
  1.200E+02 -6.853E+02  1.264E-05  1.0000
  1.600E+02 -6.853E+02  9.544E-05  1.0000
  2.000E+02 -6.853E+02  6.248E-04  0.7083
  2.400E+02 -6.853E+02  1.958E-04  0.9687
  2.800E+02 -6.853E+02  0.000E+00  0.0000
  3.200E+02 -6.853E+02  0.000E+00  0.0000
  3.600E+02 -6.853E+02  4.326E-06  1.0000
  4.000E+02 -6.853E+02  4.412E-05  1.0000
  4.400E+02 -6.853E+02  1.057E-04  1.0000
  4.800E+02 -6.853E+02  0.000E+00  0.0000
  5.200E+02 -6.853E+02  7.198E-05  1.0000
  5.600E+02 -6.853E+02  0.000E+00  0.0000
  6.000E+02 -6.853E+02  0.000E+00  0.0000
  6.400E+02 -6.853E+02  0.000E+00  0.0000
  6.800E+02 -6.853E+02  0.000E+00  0.0000
 -6.800E+02 -6.460E+02  0.000E+00  0.0000
 -6.400E+02 -6.460E+02  0.000E+00  0.0000
 -6.000E+02 -6.460E+02  0.000E+00  0.0000
 -5.600E+02 -6.460E+02  0.000E+00  0.0000
 -5.200E+02 -6.460E+02  9.128E-06  1.0000
 -4.800E+02 -6.460E+02  4.680E-06  0.8796
 -4.400E+02 -6.460E+02  0.000E+00  0.0000
 -4.000E+02 -6.460E+02  7.902E-05  1.0000
 -3.600E+02 -6.460E+02  4.613E-04  1.0000
 -3.200E+02 -6.460E+02  0.000E+00  0.0000
 -2.800E+02 -6.460E+02  0.000E+00  0.0000
 -2.400E+02 -6.460E+02  0.000E+00  0.0000
 -2.000E+02 -6.460E+02  5.658E-06  1.0000
 -1.600E+02 -6.460E+02  4.830E-04  0.7566
 -1.200E+02 -6.460E+02  3.210E-04  0.7192
 -8.000E+01 -6.460E+02  2.553E-04  1.0000
 -4.000E+01 -6.460E+02  2.780E-05  1.0000
  0.000E+00 -6.460E+02  2.125E-04  0.9985
  4.000E+01 -6.460E+02  3.776E-04  0.8628
  8.000E+01 -6.460E+02  0.000E+00  0.0000
  1.200E+02 -6.460E+02  0.000E+00  0.0000
  1.600E+02 -6.460E+02  1.674E-05  1.0000
  2.000E+02 -6.460E+02  5.575E-04  0.7825
  2.400E+02 -6.460E+02  4.628E-04  0.7097
  2.800E+02 -6.460E+02  6.303E-04  0.6483
  3.200E+02 -6.460E+02  3.660E-04  0.6464
  3.600E+02 -6.460E+02  3.567E-04  0.7072
  4.000E+02 -6.460E+02  6.879E-04  0.7806
  4.400E+02 -6.460E+02  6.567E-04  0.6420
  4.800E+02 -6.460E+02  9.696E-05  1.0000
  5.200E+02 -6.460E+02  4.719E-04  0.7122
  5.600E+02 -6.460E+02  0.000E+00  0.0000
  6.000E+02 -6.460E+02  0.000E+00  0.0000
  6.400E+02 -6.460E+02  3.526E-04  1.0000
  6.800E+02 -6.460E+02  0.000E+00  0.0000
 -6.800E+02 -6.066E+02  0.000E+00  0.0000
 -6.400E+02 -6.066E+02  0.000E+00  0.0000
 -6.000E+02 -6.066E+02  5.507E-04  1.0000
 -5.600E+02 -6.066E+02  0.000E+00  0.0000
 -5.200E+02 -6.066E+02  2.226E-04  0.8852
 -4.800E+02 -6.066E+02  9.840E-04  0.9051
 -4.400E+02 -6.066E+02  5.312E-04  1.0000
 -4.000E+02 -6.066E+02  0.000E+00  0.0000
 -3.600E+02 -6.066E+02  0.000E+00  0.0000
 -3.200E+02 -6.066E+02  2.765E-04  1.0000
 -2.800E+02 -6.066E+02  6.277E-04  0.7775
 -2.400E+02 -6.066E+02  2.122E-04  1.0000
 -2.000E+02 -6.066E+02  0.000E+00  0.0000
 -1.600E+02 -6.066E+02  0.000E+00  0.0000
 -1.200E+02 -6.066E+02  3.344E-04  1.0000
 -8.000E+01 -6.066E+02  0.000E+00  0.0000
 -4.000E+01 -6.066E+02  0.000E+00  0.0000
  0.000E+00 -6.066E+02  2.696E-04  0.9969
  4.000E+01 -6.066E+02  2.099E-05  1.0000
  8.000E+01 -6.066E+02  0.000E+00  0.0000
  1.200E+02 -6.066E+02  0.000E+00  0.0000
  1.600E+02 -6.066E+02  0.000E+00  0.0000
  2.000E+02 -6.066E+02  0.000E+00  0.0000
  2.400E+02 -6.066E+02  0.000E+00  0.0000
  2.800E+02 -6.066E+02  2.805E-07  1.0000
  3.200E+02 -6.066E+02  3.917E-06  1.0000
  3.600E+02 -6.066E+02  4.094E-05  1.0000
  4.000E+02 -6.066E+02  0.000E+00  0.0000
  4.400E+02 -6.066E+02  0.000E+00  0.0000
  4.800E+02 -6.066E+02  0.000E+00  0.0000
  5.200E+02 -6.066E+02  0.000E+00  0.0000
  5.600E+02 -6.066E+02  4.865E-06  1.0000
  6.000E+02 -6.066E+02  3.654E-04  1.0000
  6.400E+02 -6.066E+02  0.000E+00  0.0000
  6.800E+02 -6.066E+02  0.000E+00  0.0000
 -6.800E+02 -5.673E+02  1.465E-05  1.0000
 -6.400E+02 -5.673E+02  0.000E+00  0.0000
 -6.000E+02 -5.673E+02  4.536E-05  1.0000
 -5.600E+02 -5.673E+02  3.805E-05  1.0000
 -5.200E+02 -5.673E+02  5.414E-04  0.9628
 -4.800E+02 -5.673E+02  3.779E-04  0.9776
 -4.400E+02 -5.673E+02  1.219E-04  1.0000
 -4.000E+02 -5.673E+02  0.000E+00  0.0000
 -3.600E+02 -5.673E+02  0.000E+00  0.0000
 -3.200E+02 -5.673E+02  0.000E+00  0.0000
 -2.800E+02 -5.673E+02  7.610E-06  1.0000
 -2.400E+02 -5.673E+02  2.599E-04  0.9600
 -2.000E+02 -5.673E+02  2.156E-04  0.8793
 -1.600E+02 -5.673E+02  2.144E-04  1.0000
 -1.200E+02 -5.673E+02  0.000E+00  0.0000
 -8.000E+01 -5.673E+02  0.000E+00  0.0000
 -4.000E+01 -5.673E+02  9.420E-05  0.8650
  0.000E+00 -5.673E+02  2.573E-04  0.8293
  4.000E+01 -5.673E+02  0.000E+00  0.0000
  8.000E+01 -5.673E+02  1.836E-06  1.0000
  1.200E+02 -5.673E+02  8.966E-05  1.0000
  1.600E+02 -5.673E+02  3.554E-04  1.0000
  2.000E+02 -5.673E+02  0.000E+00  0.0000
  2.400E+02 -5.673E+02  4.028E-04  0.6798
  2.800E+02 -5.673E+02  2.369E-04  1.0000
  3.200E+02 -5.673E+02  1.212E-04  0.7152
  3.600E+02 -5.673E+02  0.000E+00  0.0000
  4.000E+02 -5.673E+02  0.000E+00  0.0000
  4.400E+02 -5.673E+02  0.000E+00  0.0000
  4.800E+02 -5.673E+02  0.000E+00  0.0000
  5.200E+02 -5.673E+02  1.434E-04  0.7719
  5.600E+02 -5.673E+02  5.037E-04  0.8349
  6.000E+02 -5.673E+02  1.520E-04  0.7308
  6.400E+02 -5.673E+02  0.000E+00  0.0000
  6.800E+02 -5.673E+02  0.000E+00  0.0000
 -6.800E+02 -5.279E+02  1.505E-03  0.6363
 -6.400E+02 -5.279E+02  1.404E-04  1.0000
 -6.000E+02 -5.279E+02  0.000E+00  0.0000
 -5.600E+02 -5.279E+02  2.012E-04  1.0000
 -5.200E+02 -5.279E+02  1.107E-04  1.0000
 -4.800E+02 -5.279E+02  0.000E+00  0.0000
 -4.400E+02 -5.279E+02  0.000E+00  0.0000
 -4.000E+02 -5.279E+02  0.000E+00  0.0000
 -3.600E+02 -5.279E+02  0.000E+00  0.0000
 -3.200E+02 -5.279E+02  0.000E+00  0.0000
 -2.800E+02 -5.279E+02  0.000E+00  0.0000
 -2.400E+02 -5.279E+02  3.140E-04  1.0000
 -2.000E+02 -5.279E+02  0.000E+00  0.0000
 -1.600E+02 -5.279E+02  2.888E-04  1.0000
 -1.200E+02 -5.279E+02  0.000E+00  0.0000
 -8.000E+01 -5.279E+02  0.000E+00  0.0000
 -4.000E+01 -5.279E+02  3.896E-04  0.7245
  0.000E+00 -5.279E+02  7.733E-05  1.0000
  4.000E+01 -5.279E+02  1.112E-04  0.7072
  8.000E+01 -5.279E+02  6.842E-04  0.7170
  1.200E+02 -5.279E+02  8.785E-04  0.5879
  1.600E+02 -5.279E+02  5.543E-04  0.8250
  2.000E+02 -5.279E+02  9.246E-05  0.8330
  2.400E+02 -5.279E+02  7.881E-04  0.7479
  2.800E+02 -5.279E+02  7.525E-05  1.0000
  3.200E+02 -5.279E+02  2.973E-04  0.9420
  3.600E+02 -5.279E+02  1.768E-04  1.0000
  4.000E+02 -5.279E+02  0.000E+00  0.0000
  4.400E+02 -5.279E+02  2.001E-04  0.7635
  4.800E+02 -5.279E+02  4.059E-04  1.0000
  5.200E+02 -5.279E+02  7.406E-04  0.7470
  5.600E+02 -5.279E+02  1.631E-04  1.0000
  6.000E+02 -5.279E+02  0.000E+00  0.0000
  6.400E+02 -5.279E+02  0.000E+00  0.0000
  6.800E+02 -5.279E+02  0.000E+00  0.0000
 -6.800E+02 -4.886E+02  1.095E-04  0.8339
 -6.400E+02 -4.886E+02  9.935E-05  0.7804
 -6.000E+02 -4.886E+02  0.000E+00  0.0000
 -5.600E+02 -4.886E+02  0.000E+00  0.0000
 -5.200E+02 -4.886E+02  0.000E+00  0.0000
 -4.800E+02 -4.886E+02  0.000E+00  0.0000
 -4.400E+02 -4.886E+02  0.000E+00  0.0000
 -4.000E+02 -4.886E+02  0.000E+00  0.0000
 -3.600E+02 -4.886E+02  0.000E+00  0.0000
 -3.200E+02 -4.886E+02  0.000E+00  0.0000
 -2.800E+02 -4.886E+02  4.300E-04  0.9625
 -2.400E+02 -4.886E+02  0.000E+00  0.0000
 -2.000E+02 -4.886E+02  1.055E-03  0.5803
 -1.600E+02 -4.886E+02  4.683E-04  0.6201
 -1.200E+02 -4.886E+02  1.890E-04  1.0000
 -8.000E+01 -4.886E+02  1.357E-04  1.0000
 -4.000E+01 -4.886E+02  3.885E-04  0.9957
  0.000E+00 -4.886E+02  2.313E-04  0.9145
  4.000E+01 -4.886E+02  7.109E-04  0.7393
  8.000E+01 -4.886E+02  6.072E-04  0.6910
  1.200E+02 -4.886E+02  3.719E-04  0.7248
  1.600E+02 -4.886E+02  5.975E-04  0.6835
  2.000E+02 -4.886E+02  3.986E-04  0.9807
  2.400E+02 -4.886E+02  1.173E-04  1.0000
  2.800E+02 -4.886E+02  0.000E+00  0.0000
  3.200E+02 -4.886E+02  0.000E+00  0.0000
  3.600E+02 -4.886E+02  2.586E-04  1.0000
  4.000E+02 -4.886E+02  3.310E-04  0.9938
  4.400E+02 -4.886E+02  1.192E-03  0.6057
  4.800E+02 -4.886E+02  4.355E-05  0.7179
  5.200E+02 -4.886E+02  3.244E-04  1.0000
  5.600E+02 -4.886E+02  1.411E-04  0.8833
  6.000E+02 -4.886E+02  1.619E-06  1.0000
  6.400E+02 -4.886E+02  2.800E-05  1.0000
  6.800E+02 -4.886E+02  2.735E-04  1.0000
 -6.800E+02 -4.492E+02  4.119E-04  0.7884
 -6.400E+02 -4.492E+02  0.000E+00  0.0000
 -6.000E+02 -4.492E+02  0.000E+00  0.0000
 -5.600E+02 -4.492E+02  0.000E+00  0.0000
 -5.200E+02 -4.492E+02  0.000E+00  0.0000
 -4.800E+02 -4.492E+02  5.101E-06  1.0000
 -4.400E+02 -4.492E+02  0.000E+00  0.0000
 -4.000E+02 -4.492E+02  1.082E-04  1.0000
 -3.600E+02 -4.492E+02  3.343E-04  1.0000
 -3.200E+02 -4.492E+02  0.000E+00  0.0000
 -2.800E+02 -4.492E+02  3.751E-04  0.9462
 -2.400E+02 -4.492E+02  3.186E-04  1.0000
 -2.000E+02 -4.492E+02  3.838E-04  0.6745
 -1.600E+02 -4.492E+02  3.432E-04  0.7193
 -1.200E+02 -4.492E+02  4.255E-04  0.7441
 -8.000E+01 -4.492E+02  6.847E-04  0.7143
 -4.000E+01 -4.492E+02  6.470E-04  0.6215
  0.000E+00 -4.492E+02  2.193E-04  1.0000
  4.000E+01 -4.492E+02  0.000E+00  0.0000
  8.000E+01 -4.492E+02  1.648E-04  1.0000
  1.200E+02 -4.492E+02  1.623E-05  1.0000
  1.600E+02 -4.492E+02  0.000E+00  0.0000
  2.000E+02 -4.492E+02  0.000E+00  0.0000
  2.400E+02 -4.492E+02  1.642E-04  1.0000
  2.800E+02 -4.492E+02  2.828E-04  1.0000
  3.200E+02 -4.492E+02  3.443E-04  0.8967
  3.600E+02 -4.492E+02  1.561E-04  0.7580
  4.000E+02 -4.492E+02  1.348E-04  0.7816
  4.400E+02 -4.492E+02  3.690E-05  1.0000
  4.800E+02 -4.492E+02  0.000E+00  0.0000
  5.200E+02 -4.492E+02  1.507E-04  1.0000
  5.600E+02 -4.492E+02  1.592E-04  0.7819
  6.000E+02 -4.492E+02  3.387E-04  1.0000
  6.400E+02 -4.492E+02  2.613E-04  0.7145
  6.800E+02 -4.492E+02  3.595E-04  1.0000
 -6.800E+02 -4.099E+02  5.040E-04  1.0000
 -6.400E+02 -4.099E+02  0.000E+00  0.0000
 -6.000E+02 -4.099E+02  0.000E+00  0.0000
 -5.600E+02 -4.099E+02  0.000E+00  0.0000
 -5.200E+02 -4.099E+02  2.684E-04  0.7529
 -4.800E+02 -4.099E+02  3.874E-04  0.6156
 -4.400E+02 -4.099E+02  0.000E+00  0.0000
 -4.000E+02 -4.099E+02  2.045E-06  1.0000
 -3.600E+02 -4.099E+02  3.478E-04  0.9066
 -3.200E+02 -4.099E+02  0.000E+00  0.0000
 -2.800E+02 -4.099E+02  0.000E+00  0.0000
 -2.400E+02 -4.099E+02  9.611E-05  1.0000
 -2.000E+02 -4.099E+02  0.000E+00  0.0000
 -1.600E+02 -4.099E+02  3.586E-05  1.0000
 -1.200E+02 -4.099E+02  9.145E-04  0.6375
 -8.000E+01 -4.099E+02  3.445E-04  0.7554
 -4.000E+01 -4.099E+02  7.781E-04  0.6126
  0.000E+00 -4.099E+02  2.515E-05  1.0000
  4.000E+01 -4.099E+02  2.065E-05  1.0000
  8.000E+01 -4.099E+02  1.846E-04  0.8285
  1.200E+02 -4.099E+02  2.045E-04  0.7395
  1.600E+02 -4.099E+02  4.235E-04  0.6591
  2.000E+02 -4.099E+02  0.000E+00  0.0000
  2.400E+02 -4.099E+02  1.700E-04  1.0000
  2.800E+02 -4.099E+02  0.000E+00  0.0000
  3.200E+02 -4.099E+02  0.000E+00  0.0000
  3.600E+02 -4.099E+02  0.000E+00  0.0000
  4.000E+02 -4.099E+02  3.313E-04  1.0000
  4.400E+02 -4.099E+02  0.000E+00  0.0000
  4.800E+02 -4.099E+02  4.657E-04  0.7235
  5.200E+02 -4.099E+02  6.794E-05  1.0000
  5.600E+02 -4.099E+02  0.000E+00  0.0000
  6.000E+02 -4.099E+02  2.080E-05  1.0000
  6.400E+02 -4.099E+02  0.000E+00  0.0000
  6.800E+02 -4.099E+02  1.319E-04  1.0000
 -6.800E+02 -3.705E+02  1.464E-05  0.7740
 -6.400E+02 -3.705E+02  2.057E-05  1.0000
 -6.000E+02 -3.705E+02  0.000E+00  0.0000
 -5.600E+02 -3.705E+02  3.733E-04  1.0000
 -5.200E+02 -3.705E+02  2.560E-04  0.7127
 -4.800E+02 -3.705E+02  8.905E-04  0.5818
 -4.400E+02 -3.705E+02  2.683E-04  1.0000
 -4.000E+02 -3.705E+02  0.000E+00  0.0000
 -3.600E+02 -3.705E+02  3.634E-04  0.8293
 -3.200E+02 -3.705E+02  1.776E-04  1.0000
 -2.800E+02 -3.705E+02  0.000E+00  0.0000
 -2.400E+02 -3.705E+02  3.543E-04  0.7098
 -2.000E+02 -3.705E+02  2.101E-04  0.9959
 -1.600E+02 -3.705E+02  4.044E-04  0.8898
 -1.200E+02 -3.705E+02  3.206E-04  0.6408
 -8.000E+01 -3.705E+02  2.721E-04  0.6795
 -4.000E+01 -3.705E+02  6.413E-04  0.5204
  0.000E+00 -3.705E+02  4.719E-04  0.5475
  4.000E+01 -3.705E+02  5.538E-04  0.5168
  8.000E+01 -3.705E+02  3.879E-04  0.6225
  1.200E+02 -3.705E+02  6.763E-04  0.6065
  1.600E+02 -3.705E+02  1.102E-04  0.5740
  2.000E+02 -3.705E+02  4.275E-04  0.8522
  2.400E+02 -3.705E+02  5.244E-04  0.8095
  2.800E+02 -3.705E+02  5.474E-04  0.9786
  3.200E+02 -3.705E+02  0.000E+00  0.0000
  3.600E+02 -3.705E+02  0.000E+00  0.0000
  4.000E+02 -3.705E+02  0.000E+00  0.0000
  4.400E+02 -3.705E+02  0.000E+00  0.0000
  4.800E+02 -3.705E+02  3.105E-04  0.8397
  5.200E+02 -3.705E+02  0.000E+00  0.0000
  5.600E+02 -3.705E+02  0.000E+00  0.0000
  6.000E+02 -3.705E+02  0.000E+00  0.0000
  6.400E+02 -3.705E+02  0.000E+00  0.0000
  6.800E+02 -3.705E+02  0.000E+00  0.0000
 -6.800E+02 -3.312E+02  2.775E-04  0.9506
 -6.400E+02 -3.312E+02  1.713E-04  0.7310
 -6.000E+02 -3.312E+02  8.408E-06  1.0000
 -5.600E+02 -3.312E+02  5.521E-04  0.7574
 -5.200E+02 -3.312E+02  2.729E-06  1.0000
 -4.800E+02 -3.312E+02  0.000E+00  0.0000
 -4.400E+02 -3.312E+02  1.638E-04  1.0000
 -4.000E+02 -3.312E+02  0.000E+00  0.0000
 -3.600E+02 -3.312E+02  2.687E-04  1.0000
 -3.200E+02 -3.312E+02  4.314E-04  0.9163
 -2.800E+02 -3.312E+02  4.942E-05  1.0000
 -2.400E+02 -3.312E+02  2.883E-04  0.8567
 -2.000E+02 -3.312E+02  1.832E-04  0.7624
 -1.600E+02 -3.312E+02  1.263E-04  0.6245
 -1.200E+02 -3.312E+02  2.785E-04  0.6511
 -8.000E+01 -3.312E+02  1.921E-04  0.7535
 -4.000E+01 -3.312E+02  2.721E-04  0.6294
  0.000E+00 -3.312E+02  7.063E-05  0.7065
  4.000E+01 -3.312E+02  1.700E-04  0.8390
  8.000E+01 -3.312E+02  4.235E-04  0.5290
  1.200E+02 -3.312E+02  1.886E-04  0.6938
  1.600E+02 -3.312E+02  7.965E-04  0.7034
  2.000E+02 -3.312E+02  4.671E-04  0.8546
  2.400E+02 -3.312E+02  4.771E-04  0.7553
  2.800E+02 -3.312E+02  7.640E-04  0.7122
  3.200E+02 -3.312E+02  2.392E-05  0.9705
  3.600E+02 -3.312E+02  0.000E+00  0.0000
  4.000E+02 -3.312E+02  0.000E+00  0.0000
  4.400E+02 -3.312E+02  0.000E+00  0.0000
  4.800E+02 -3.312E+02  4.401E-05  1.0000
  5.200E+02 -3.312E+02  0.000E+00  0.0000
  5.600E+02 -3.312E+02  3.168E-04  1.0000
  6.000E+02 -3.312E+02  0.000E+00  0.0000
  6.400E+02 -3.312E+02  0.000E+00  0.0000
  6.800E+02 -3.312E+02  2.840E-07  1.0000
 -6.800E+02 -2.918E+02  6.174E-04  0.6166
 -6.400E+02 -2.918E+02  5.243E-04  0.6744
 -6.000E+02 -2.918E+02  0.000E+00  0.0000
 -5.600E+02 -2.918E+02  0.000E+00  0.0000
 -5.200E+02 -2.918E+02  3.133E-04  1.0000
 -4.800E+02 -2.918E+02  2.108E-04  0.8362
 -4.400E+02 -2.918E+02  4.171E-04  0.9788
 -4.000E+02 -2.918E+02  2.358E-04  1.0000
 -3.600E+02 -2.918E+02  2.632E-04  0.9515
 -3.200E+02 -2.918E+02  2.378E-04  1.0000
 -2.800E+02 -2.918E+02  2.320E-04  0.8775
 -2.400E+02 -2.918E+02  9.315E-05  1.0000
 -2.000E+02 -2.918E+02  1.758E-04  1.0000
 -1.600E+02 -2.918E+02  5.029E-05  1.0000
 -1.200E+02 -2.918E+02  3.178E-04  0.7080
 -8.000E+01 -2.918E+02  3.014E-04  0.8769
 -4.000E+01 -2.918E+02  5.944E-05  0.8149
  0.000E+00 -2.918E+02  2.805E-04  0.7342
  4.000E+01 -2.918E+02  2.136E-04  0.5866
  8.000E+01 -2.918E+02  1.437E-04  0.8113
  1.200E+02 -2.918E+02  1.453E-04  0.8446
  1.600E+02 -2.918E+02  6.943E-05  0.9813
  2.000E+02 -2.918E+02  0.000E+00  0.0000
  2.400E+02 -2.918E+02  4.852E-04  0.7507
  2.800E+02 -2.918E+02  2.881E-04  1.0000
  3.200E+02 -2.918E+02  1.416E-04  0.9313
  3.600E+02 -2.918E+02  0.000E+00  0.0000
  4.000E+02 -2.918E+02  2.037E-05  1.0000
  4.400E+02 -2.918E+02  5.405E-04  1.0000
  4.800E+02 -2.918E+02  0.000E+00  0.0000
  5.200E+02 -2.918E+02  1.907E-05  1.0000
  5.600E+02 -2.918E+02  1.878E-04  1.0000
  6.000E+02 -2.918E+02  7.768E-05  1.0000
  6.400E+02 -2.918E+02  1.317E-04  1.0000
  6.800E+02 -2.918E+02  0.000E+00  0.0000
 -6.800E+02 -2.525E+02  5.436E-04  0.7085
 -6.400E+02 -2.525E+02  3.138E-04  0.7745
 -6.000E+02 -2.525E+02  0.000E+00  0.0000
 -5.600E+02 -2.525E+02  1.012E-03  0.6566
 -5.200E+02 -2.525E+02  3.651E-04  0.7217
 -4.800E+02 -2.525E+02  5.599E-04  0.6310
 -4.400E+02 -2.525E+02  1.765E-04  0.6579
 -4.000E+02 -2.525E+02  8.590E-04  0.5913
 -3.600E+02 -2.525E+02  1.446E-05  1.0000
 -3.200E+02 -2.525E+02  3.118E-04  1.0000
 -2.800E+02 -2.525E+02  2.674E-06  1.0000
 -2.400E+02 -2.525E+02  6.770E-04  0.9473
 -2.000E+02 -2.525E+02  5.195E-04  0.9305
 -1.600E+02 -2.525E+02  7.248E-05  1.0000
 -1.200E+02 -2.525E+02  2.442E-04  0.7070
 -8.000E+01 -2.525E+02  3.986E-04  0.6881
 -4.000E+01 -2.525E+02  2.464E-04  0.7839
  0.000E+00 -2.525E+02  3.097E-04  0.5628
  4.000E+01 -2.525E+02  4.435E-04  0.6032
  8.000E+01 -2.525E+02  1.765E-04  1.0000
  1.200E+02 -2.525E+02  8.161E-05  0.7570
  1.600E+02 -2.525E+02  3.871E-04  1.0000
  2.000E+02 -2.525E+02  2.333E-04  1.0000
  2.400E+02 -2.525E+02  3.148E-04  0.7064
  2.800E+02 -2.525E+02  4.944E-04  0.7080
  3.200E+02 -2.525E+02  4.133E-04  1.0000
  3.600E+02 -2.525E+02  3.716E-04  0.8806
  4.000E+02 -2.525E+02  1.622E-04  1.0000
  4.400E+02 -2.525E+02  0.000E+00  0.0000
  4.800E+02 -2.525E+02  0.000E+00  0.0000
  5.200E+02 -2.525E+02  5.577E-05  1.0000
  5.600E+02 -2.525E+02  8.549E-04  0.8359
  6.000E+02 -2.525E+02  5.868E-04  0.6074
  6.400E+02 -2.525E+02  2.432E-04  0.9235
  6.800E+02 -2.525E+02  0.000E+00  0.0000
 -6.800E+02 -2.132E+02  4.364E-04  0.6804
 -6.400E+02 -2.132E+02  3.149E-05  0.9764
 -6.000E+02 -2.132E+02  1.261E-04  1.0000
 -5.600E+02 -2.132E+02  1.061E-03  0.5395
 -5.200E+02 -2.132E+02  1.504E-03  0.6142
 -4.800E+02 -2.132E+02  4.008E-04  0.7207
 -4.400E+02 -2.132E+02  8.008E-06  0.7272
 -4.000E+02 -2.132E+02  5.838E-05  0.9200
 -3.600E+02 -2.132E+02  9.826E-05  1.0000
 -3.200E+02 -2.132E+02  3.120E-04  1.0000
 -2.800E+02 -2.132E+02  3.067E-04  1.0000
 -2.400E+02 -2.132E+02  2.505E-04  0.7361
 -2.000E+02 -2.132E+02  9.069E-04  1.0000
 -1.600E+02 -2.132E+02  7.429E-05  0.6813
 -1.200E+02 -2.132E+02  3.362E-04  0.5962
 -8.000E+01 -2.132E+02  9.065E-04  0.5235
 -4.000E+01 -2.132E+02  2.061E-04  0.8682
  0.000E+00 -2.132E+02  3.736E-04  0.6394
  4.000E+01 -2.132E+02  4.301E-05  0.9365
  8.000E+01 -2.132E+02  7.795E-06  1.0000
  1.200E+02 -2.132E+02  4.390E-05  0.7147
  1.600E+02 -2.132E+02  3.111E-04  1.0000
  2.000E+02 -2.132E+02  8.048E-05  0.7138
  2.400E+02 -2.132E+02  0.000E+00  0.0000
  2.800E+02 -2.132E+02  8.235E-05  0.7099
  3.200E+02 -2.132E+02  2.023E-04  0.7157
  3.600E+02 -2.132E+02  8.913E-04  0.9548
  4.000E+02 -2.132E+02  7.605E-04  0.9940
  4.400E+02 -2.132E+02  0.000E+00  0.0000
  4.800E+02 -2.132E+02  0.000E+00  0.0000
  5.200E+02 -2.132E+02  0.000E+00  0.0000
  5.600E+02 -2.132E+02  2.597E-04  0.7642
  6.000E+02 -2.132E+02  3.762E-04  0.7220
  6.400E+02 -2.132E+02  2.927E-04  1.0000
  6.800E+02 -2.132E+02  0.000E+00  0.0000
 -6.800E+02 -1.738E+02  1.136E-04  1.0000
 -6.400E+02 -1.738E+02  2.799E-04  1.0000
 -6.000E+02 -1.738E+02  0.000E+00  0.0000
 -5.600E+02 -1.738E+02  5.550E-04  0.5989
 -5.200E+02 -1.738E+02  6.505E-04  0.6482
 -4.800E+02 -1.738E+02  1.041E-04  0.9926
 -4.400E+02 -1.738E+02  0.000E+00  0.0000
 -4.000E+02 -1.738E+02  0.000E+00  0.0000
 -3.600E+02 -1.738E+02  0.000E+00  0.0000
 -3.200E+02 -1.738E+02  2.844E-06  1.0000
 -2.800E+02 -1.738E+02  0.000E+00  0.0000
 -2.400E+02 -1.738E+02  0.000E+00  0.0000
 -2.000E+02 -1.738E+02  0.000E+00  0.0000
 -1.600E+02 -1.738E+02  8.122E-04  0.5785
 -1.200E+02 -1.738E+02  1.028E-03  0.5384
 -8.000E+01 -1.738E+02  3.323E-04  0.6786
 -4.000E+01 -1.738E+02  1.724E-04  0.8182
  0.000E+00 -1.738E+02  3.195E-04  0.5315
  4.000E+01 -1.738E+02  3.711E-04  0.6834
  8.000E+01 -1.738E+02  2.475E-04  0.7099
  1.200E+02 -1.738E+02  1.975E-04  0.7646
  1.600E+02 -1.738E+02  0.000E+00  0.0000
  2.000E+02 -1.738E+02  2.501E-04  1.0000
  2.400E+02 -1.738E+02  1.836E-04  1.0000
  2.800E+02 -1.738E+02  1.445E-03  0.5491
  3.200E+02 -1.738E+02  5.171E-04  0.6620
  3.600E+02 -1.738E+02  7.061E-04  0.7608
  4.000E+02 -1.738E+02  2.470E-04  0.8574
  4.400E+02 -1.738E+02  6.448E-04  0.8027
  4.800E+02 -1.738E+02  2.808E-04  0.9185
  5.200E+02 -1.738E+02  6.819E-05  0.7341
  5.600E+02 -1.738E+02  1.072E-03  0.7333
  6.000E+02 -1.738E+02  8.547E-05  1.0000
  6.400E+02 -1.738E+02  0.000E+00  0.0000
  6.800E+02 -1.738E+02  0.000E+00  0.0000
 -6.800E+02 -1.345E+02  1.191E-04  1.0000
 -6.400E+02 -1.345E+02  1.571E-05  1.0000
 -6.000E+02 -1.345E+02  0.000E+00  0.0000
 -5.600E+02 -1.345E+02  0.000E+00  0.0000
 -5.200E+02 -1.345E+02  3.624E-04  0.7356
 -4.800E+02 -1.345E+02  6.637E-04  0.9112
 -4.400E+02 -1.345E+02  3.456E-04  1.0000
 -4.000E+02 -1.345E+02  1.544E-04  0.7749
 -3.600E+02 -1.345E+02  1.854E-04  0.9649
 -3.200E+02 -1.345E+02  3.129E-04  0.7357
 -2.800E+02 -1.345E+02  1.600E-04  0.9923
 -2.400E+02 -1.345E+02  1.561E-04  0.7046
 -2.000E+02 -1.345E+02  8.068E-04  0.5852
 -1.600E+02 -1.345E+02  1.743E-04  0.6407
 -1.200E+02 -1.345E+02  5.488E-04  0.5854
 -8.000E+01 -1.345E+02  9.003E-04  0.4867
 -4.000E+01 -1.345E+02  5.057E-04  0.5367
  0.000E+00 -1.345E+02  2.452E-04  0.6835
  4.000E+01 -1.345E+02  2.344E-04  0.7410
  8.000E+01 -1.345E+02  2.960E-04  1.0000
  1.200E+02 -1.345E+02  3.450E-04  0.9238
  1.600E+02 -1.345E+02  6.535E-04  0.7154
  2.000E+02 -1.345E+02  4.244E-04  1.0000
  2.400E+02 -1.345E+02  2.232E-04  1.0000
  2.800E+02 -1.345E+02  3.932E-05  1.0000
  3.200E+02 -1.345E+02  7.729E-04  0.6847
  3.600E+02 -1.345E+02  7.016E-04  0.7001
  4.000E+02 -1.345E+02  1.329E-04  0.7111
  4.400E+02 -1.345E+02  1.006E-03  0.8689
  4.800E+02 -1.345E+02  1.266E-04  0.7934
  5.200E+02 -1.345E+02  3.353E-04  1.0000
  5.600E+02 -1.345E+02  5.443E-05  1.0000
  6.000E+02 -1.345E+02  2.772E-04  0.8328
  6.400E+02 -1.345E+02  7.040E-05  1.0000
  6.800E+02 -1.345E+02  0.000E+00  0.0000
 -6.800E+02 -9.511E+01  2.491E-04  0.7439
 -6.400E+02 -9.511E+01  3.994E-04  1.0000
 -6.000E+02 -9.511E+01  1.148E-03  0.5895
 -5.600E+02 -9.511E+01  1.049E-03  0.5904
 -5.200E+02 -9.511E+01  1.621E-03  0.6683
 -4.800E+02 -9.511E+01  2.190E-05  1.0000
 -4.400E+02 -9.511E+01  6.215E-04  0.7273
 -4.000E+02 -9.511E+01  2.431E-04  1.0000
 -3.600E+02 -9.511E+01  1.092E-04  1.0000
 -3.200E+02 -9.511E+01  4.980E-04  0.7180
 -2.800E+02 -9.511E+01  1.124E-03  0.6282
 -2.400E+02 -9.511E+01  2.999E-04  0.7439
 -2.000E+02 -9.511E+01  9.673E-04  0.4915
 -1.600E+02 -9.511E+01  4.135E-04  0.7038
 -1.200E+02 -9.511E+01  1.301E-04  0.7246
 -8.000E+01 -9.511E+01  1.500E-04  0.8129
 -4.000E+01 -9.511E+01  2.112E-04  1.0000
  0.000E+00 -9.511E+01  0.000E+00  0.0000
  4.000E+01 -9.511E+01  3.551E-05  1.0000
  8.000E+01 -9.511E+01  0.000E+00  0.0000
  1.200E+02 -9.511E+01  5.270E-04  0.8585
  1.600E+02 -9.511E+01  6.011E-04  0.8474
  2.000E+02 -9.511E+01  0.000E+00  0.0000
  2.400E+02 -9.511E+01  1.005E-04  0.7584
  2.800E+02 -9.511E+01  9.023E-04  0.6571
  3.200E+02 -9.511E+01  2.298E-04  0.8255
  3.600E+02 -9.511E+01  6.149E-04  0.5458
  4.000E+02 -9.511E+01  9.680E-04  0.5191
  4.400E+02 -9.511E+01  0.000E+00  0.0000
  4.800E+02 -9.511E+01  0.000E+00  0.0000
  5.200E+02 -9.511E+01  4.458E-04  0.8291
  5.600E+02 -9.511E+01  2.838E-04  0.9442
  6.000E+02 -9.511E+01  5.379E-04  0.8560
  6.400E+02 -9.511E+01  6.644E-04  0.7243
  6.800E+02 -9.511E+01  1.222E-05  1.0000
 -6.800E+02 -5.576E+01  3.100E-04  0.7076
 -6.400E+02 -5.576E+01  1.894E-04  1.0000
 -6.000E+02 -5.576E+01  1.201E-03  0.5637
 -5.600E+02 -5.576E+01  7.899E-04  0.4942
 -5.200E+02 -5.576E+01  1.256E-04  0.9445
 -4.800E+02 -5.576E+01  0.000E+00  0.0000
 -4.400E+02 -5.576E+01  2.014E-04  0.8175
 -4.000E+02 -5.576E+01  1.649E-04  1.0000
 -3.600E+02 -5.576E+01  3.271E-04  1.0000
 -3.200E+02 -5.576E+01  4.491E-04  1.0000
 -2.800E+02 -5.576E+01  7.584E-04  0.7173
 -2.400E+02 -5.576E+01  2.217E-04  0.8025
 -2.000E+02 -5.576E+01  3.527E-04  0.7900
 -1.600E+02 -5.576E+01  4.541E-04  0.5751
 -1.200E+02 -5.576E+01  4.966E-04  0.8828
 -8.000E+01 -5.576E+01  0.000E+00  0.0000
 -4.000E+01 -5.576E+01  0.000E+00  0.0000
  0.000E+00 -5.576E+01  0.000E+00  0.0000
  4.000E+01 -5.576E+01  4.500E-04  0.7114
  8.000E+01 -5.576E+01  1.217E-04  1.0000
  1.200E+02 -5.576E+01  3.600E-04  0.5872
  1.600E+02 -5.576E+01  1.736E-04  0.7495
  2.000E+02 -5.576E+01  2.772E-04  1.0000
  2.400E+02 -5.576E+01  1.865E-04  0.9957
  2.800E+02 -5.576E+01  5.202E-04  0.6451
  3.200E+02 -5.576E+01  6.433E-04  0.5715
  3.600E+02 -5.576E+01  7.572E-04  0.9427
  4.000E+02 -5.576E+01  4.248E-05  1.0000
  4.400E+02 -5.576E+01  1.103E-04  1.0000
  4.800E+02 -5.576E+01  4.570E-05  0.8715
  5.200E+02 -5.576E+01  7.699E-04  0.5329
  5.600E+02 -5.576E+01  6.948E-04  0.6334
  6.000E+02 -5.576E+01  8.946E-05  1.0000
  6.400E+02 -5.576E+01  3.850E-06  0.9830
  6.800E+02 -5.576E+01  3.931E-04  1.0000
 -6.800E+02 -1.641E+01  5.451E-04  0.7384
 -6.400E+02 -1.641E+01  3.043E-04  1.0000
 -6.000E+02 -1.641E+01  4.792E-04  1.0000
 -5.600E+02 -1.641E+01  3.415E-04  0.9851
 -5.200E+02 -1.641E+01  1.335E-05  1.0000
 -4.800E+02 -1.641E+01  0.000E+00  0.0000
 -4.400E+02 -1.641E+01  0.000E+00  0.0000
 -4.000E+02 -1.641E+01  4.969E-04  0.7073
 -3.600E+02 -1.641E+01  5.756E-06  1.0000
 -3.200E+02 -1.641E+01  7.022E-04  0.7051
 -2.800E+02 -1.641E+01  5.478E-04  0.7595
 -2.400E+02 -1.641E+01  1.172E-04  1.0000
 -2.000E+02 -1.641E+01  0.000E+00  0.0000
 -1.600E+02 -1.641E+01  0.000E+00  0.0000
 -1.200E+02 -1.641E+01  0.000E+00  0.0000
 -8.000E+01 -1.641E+01  0.000E+00  0.0000
 -4.000E+01 -1.641E+01  0.000E+00  0.0000
  0.000E+00 -1.641E+01  0.000E+00  0.0000
  4.000E+01 -1.641E+01  1.848E-04  0.9887
  8.000E+01 -1.641E+01  4.502E-05  0.6216
  1.200E+02 -1.641E+01  1.127E-03  0.7946
  1.600E+02 -1.641E+01  2.924E-04  0.9421
  2.000E+02 -1.641E+01  0.000E+00  0.0000
  2.400E+02 -1.641E+01  1.608E-04  1.0000
  2.800E+02 -1.641E+01  1.217E-04  1.0000
  3.200E+02 -1.641E+01  3.011E-05  1.0000
  3.600E+02 -1.641E+01  7.058E-05  1.0000
  4.000E+02 -1.641E+01  3.061E-04  1.0000
  4.400E+02 -1.641E+01  4.154E-05  1.0000
  4.800E+02 -1.641E+01  2.890E-04  1.0000
  5.200E+02 -1.641E+01  2.722E-04  0.7851
  5.600E+02 -1.641E+01  2.346E-04  0.8075
  6.000E+02 -1.641E+01  3.013E-05  1.0000
  6.400E+02 -1.641E+01  0.000E+00  0.0000
  6.800E+02 -1.641E+01  0.000E+00  0.0000
 -6.800E+02  2.293E+01  0.000E+00  0.0000
 -6.400E+02  2.293E+01  0.000E+00  0.0000
 -6.000E+02  2.293E+01  0.000E+00  0.0000
 -5.600E+02  2.293E+01  0.000E+00  0.0000
 -5.200E+02  2.293E+01  0.000E+00  0.0000
 -4.800E+02  2.293E+01  0.000E+00  0.0000
 -4.400E+02  2.293E+01  0.000E+00  0.0000
 -4.000E+02  2.293E+01  1.057E-04  1.0000
 -3.600E+02  2.293E+01  0.000E+00  0.0000
 -3.200E+02  2.293E+01  4.583E-05  1.0000
 -2.800E+02  2.293E+01  0.000E+00  0.0000
 -2.400E+02  2.293E+01  0.000E+00  0.0000
 -2.000E+02  2.293E+01  0.000E+00  0.0000
 -1.600E+02  2.293E+01  0.000E+00  0.0000
 -1.200E+02  2.293E+01  0.000E+00  0.0000
 -8.000E+01  2.293E+01  0.000E+00  0.0000
 -4.000E+01  2.293E+01  0.000E+00  0.0000
  0.000E+00  2.293E+01  0.000E+00  0.0000
  4.000E+01  2.293E+01  0.000E+00  0.0000
  8.000E+01  2.293E+01  0.000E+00  0.0000
  1.200E+02  2.293E+01  0.000E+00  0.0000
  1.600E+02  2.293E+01  0.000E+00  0.0000
  2.000E+02  2.293E+01  0.000E+00  0.0000
  2.400E+02  2.293E+01  0.000E+00  0.0000
  2.800E+02  2.293E+01  0.000E+00  0.0000
  3.200E+02  2.293E+01  0.000E+00  0.0000
  3.600E+02  2.293E+01  0.000E+00  0.0000
  4.000E+02  2.293E+01  0.000E+00  0.0000
  4.400E+02  2.293E+01  0.000E+00  0.0000
  4.800E+02  2.293E+01  0.000E+00  0.0000
  5.200E+02  2.293E+01  0.000E+00  0.0000
  5.600E+02  2.293E+01  1.032E-04  1.0000
  6.000E+02  2.293E+01  0.000E+00  0.0000
  6.400E+02  2.293E+01  0.000E+00  0.0000
  6.800E+02  2.293E+01  0.000E+00  0.0000
 -6.800E+02  6.228E+01  0.000E+00  0.0000
 -6.400E+02  6.228E+01  0.000E+00  0.0000
 -6.000E+02  6.228E+01  0.000E+00  0.0000
 -5.600E+02  6.228E+01  0.000E+00  0.0000
 -5.200E+02  6.228E+01  0.000E+00  0.0000
 -4.800E+02  6.228E+01  0.000E+00  0.0000
 -4.400E+02  6.228E+01  0.000E+00  0.0000
 -4.000E+02  6.228E+01  1.057E-04  1.0000
 -3.600E+02  6.228E+01  0.000E+00  0.0000
 -3.200E+02  6.228E+01  4.583E-05  1.0000
 -2.800E+02  6.228E+01  0.000E+00  0.0000
 -2.400E+02  6.228E+01  0.000E+00  0.0000
 -2.000E+02  6.228E+01  0.000E+00  0.0000
 -1.600E+02  6.228E+01  0.000E+00  0.0000
 -1.200E+02  6.228E+01  0.000E+00  0.0000
 -8.000E+01  6.228E+01  0.000E+00  0.0000
 -4.000E+01  6.228E+01  0.000E+00  0.0000
  0.000E+00  6.228E+01  0.000E+00  0.0000
  4.000E+01  6.228E+01  0.000E+00  0.0000
  8.000E+01  6.228E+01  0.000E+00  0.0000
  1.200E+02  6.228E+01  0.000E+00  0.0000
  1.600E+02  6.228E+01  0.000E+00  0.0000
  2.000E+02  6.228E+01  0.000E+00  0.0000
  2.400E+02  6.228E+01  0.000E+00  0.0000
  2.800E+02  6.228E+01  0.000E+00  0.0000
  3.200E+02  6.228E+01  0.000E+00  0.0000
  3.600E+02  6.228E+01  0.000E+00  0.0000
  4.000E+02  6.228E+01  0.000E+00  0.0000
  4.400E+02  6.228E+01  0.000E+00  0.0000
  4.800E+02  6.228E+01  0.000E+00  0.0000
  5.200E+02  6.228E+01  0.000E+00  0.0000
  5.600E+02  6.228E+01  1.032E-04  1.0000
  6.000E+02  6.228E+01  0.000E+00  0.0000
  6.400E+02  6.228E+01  0.000E+00  0.0000
  6.800E+02  6.228E+01  0.000E+00  0.0000
 -6.800E+02  1.016E+02  0.000E+00  0.0000
 -6.400E+02  1.016E+02  0.000E+00  0.0000
 -6.000E+02  1.016E+02  0.000E+00  0.0000
 -5.600E+02  1.016E+02  0.000E+00  0.0000
 -5.200E+02  1.016E+02  0.000E+00  0.0000
 -4.800E+02  1.016E+02  0.000E+00  0.0000
 -4.400E+02  1.016E+02  0.000E+00  0.0000
 -4.000E+02  1.016E+02  1.057E-04  1.0000
 -3.600E+02  1.016E+02  3.199E-05  1.0000
 -3.200E+02  1.016E+02  1.384E-05  1.0000
 -2.800E+02  1.016E+02  0.000E+00  0.0000
 -2.400E+02  1.016E+02  0.000E+00  0.0000
 -2.000E+02  1.016E+02  0.000E+00  0.0000
 -1.600E+02  1.016E+02  0.000E+00  0.0000
 -1.200E+02  1.016E+02  0.000E+00  0.0000
 -8.000E+01  1.016E+02  0.000E+00  0.0000
 -4.000E+01  1.016E+02  0.000E+00  0.0000
  0.000E+00  1.016E+02  0.000E+00  0.0000
  4.000E+01  1.016E+02  0.000E+00  0.0000
  8.000E+01  1.016E+02  0.000E+00  0.0000
  1.200E+02  1.016E+02  0.000E+00  0.0000
  1.600E+02  1.016E+02  0.000E+00  0.0000
  2.000E+02  1.016E+02  0.000E+00  0.0000
  2.400E+02  1.016E+02  0.000E+00  0.0000
  2.800E+02  1.016E+02  0.000E+00  0.0000
  3.200E+02  1.016E+02  0.000E+00  0.0000
  3.600E+02  1.016E+02  0.000E+00  0.0000
  4.000E+02  1.016E+02  0.000E+00  0.0000
  4.400E+02  1.016E+02  0.000E+00  0.0000
  4.800E+02  1.016E+02  0.000E+00  0.0000
  5.200E+02  1.016E+02  9.061E-05  1.0000
  5.600E+02  1.016E+02  1.263E-05  1.0000
  6.000E+02  1.016E+02  0.000E+00  0.0000
  6.400E+02  1.016E+02  0.000E+00  0.0000
  6.800E+02  1.016E+02  0.000E+00  0.0000
 -6.800E+02  1.410E+02  0.000E+00  0.0000
 -6.400E+02  1.410E+02  0.000E+00  0.0000
 -6.000E+02  1.410E+02  0.000E+00  0.0000
 -5.600E+02  1.410E+02  0.000E+00  0.0000
 -5.200E+02  1.410E+02  0.000E+00  0.0000
 -4.800E+02  1.410E+02  0.000E+00  0.0000
 -4.400E+02  1.410E+02  0.000E+00  0.0000
 -4.000E+02  1.410E+02  1.057E-04  1.0000
 -3.600E+02  1.410E+02  4.583E-05  1.0000
 -3.200E+02  1.410E+02  0.000E+00  0.0000
 -2.800E+02  1.410E+02  0.000E+00  0.0000
 -2.400E+02  1.410E+02  0.000E+00  0.0000
 -2.000E+02  1.410E+02  0.000E+00  0.0000
 -1.600E+02  1.410E+02  0.000E+00  0.0000
 -1.200E+02  1.410E+02  0.000E+00  0.0000
 -8.000E+01  1.410E+02  0.000E+00  0.0000
 -4.000E+01  1.410E+02  0.000E+00  0.0000
  0.000E+00  1.410E+02  0.000E+00  0.0000
  4.000E+01  1.410E+02  0.000E+00  0.0000
  8.000E+01  1.410E+02  0.000E+00  0.0000
  1.200E+02  1.410E+02  0.000E+00  0.0000
  1.600E+02  1.410E+02  0.000E+00  0.0000
  2.000E+02  1.410E+02  0.000E+00  0.0000
  2.400E+02  1.410E+02  0.000E+00  0.0000
  2.800E+02  1.410E+02  0.000E+00  0.0000
  3.200E+02  1.410E+02  0.000E+00  0.0000
  3.600E+02  1.410E+02  0.000E+00  0.0000
  4.000E+02  1.410E+02  0.000E+00  0.0000
  4.400E+02  1.410E+02  0.000E+00  0.0000
  4.800E+02  1.410E+02  0.000E+00  0.0000
  5.200E+02  1.410E+02  1.032E-04  1.0000
  5.600E+02  1.410E+02  0.000E+00  0.0000
  6.000E+02  1.410E+02  0.000E+00  0.0000
  6.400E+02  1.410E+02  0.000E+00  0.0000
  6.800E+02  1.410E+02  0.000E+00  0.0000
 -6.800E+02  1.803E+02  0.000E+00  0.0000
 -6.400E+02  1.803E+02  0.000E+00  0.0000
 -6.000E+02  1.803E+02  0.000E+00  0.0000
 -5.600E+02  1.803E+02  0.000E+00  0.0000
 -5.200E+02  1.803E+02  0.000E+00  0.0000
 -4.800E+02  1.803E+02  0.000E+00  0.0000
 -4.400E+02  1.803E+02  0.000E+00  0.0000
 -4.000E+02  1.803E+02  1.057E-04  1.0000
 -3.600E+02  1.803E+02  4.583E-05  1.0000
 -3.200E+02  1.803E+02  0.000E+00  0.0000
 -2.800E+02  1.803E+02  0.000E+00  0.0000
 -2.400E+02  1.803E+02  0.000E+00  0.0000
 -2.000E+02  1.803E+02  0.000E+00  0.0000
 -1.600E+02  1.803E+02  0.000E+00  0.0000
 -1.200E+02  1.803E+02  0.000E+00  0.0000
 -8.000E+01  1.803E+02  0.000E+00  0.0000
 -4.000E+01  1.803E+02  0.000E+00  0.0000
  0.000E+00  1.803E+02  0.000E+00  0.0000
  4.000E+01  1.803E+02  0.000E+00  0.0000
  8.000E+01  1.803E+02  0.000E+00  0.0000
  1.200E+02  1.803E+02  0.000E+00  0.0000
  1.600E+02  1.803E+02  0.000E+00  0.0000
  2.000E+02  1.803E+02  0.000E+00  0.0000
  2.400E+02  1.803E+02  0.000E+00  0.0000
  2.800E+02  1.803E+02  0.000E+00  0.0000
  3.200E+02  1.803E+02  0.000E+00  0.0000
  3.600E+02  1.803E+02  0.000E+00  0.0000
  4.000E+02  1.803E+02  0.000E+00  0.0000
  4.400E+02  1.803E+02  0.000E+00  0.0000
  4.800E+02  1.803E+02  0.000E+00  0.0000
  5.200E+02  1.803E+02  1.032E-04  1.0000
  5.600E+02  1.803E+02  0.000E+00  0.0000
  6.000E+02  1.803E+02  0.000E+00  0.0000
  6.400E+02  1.803E+02  0.000E+00  0.0000
  6.800E+02  1.803E+02  0.000E+00  0.0000

#------------------------------------------------------------------------------
 newpage:
#   no. =  2   ie  =  2   iy  =  1   part. = neutron 
#   e = (   5.0000E-07  -   1.0000E-01  )
#   y = (  -1.0000E+03  -   1.0000E+03  )
#  nx =  35   nz =  23

# x          z          flux       r.err
 -6.800E+02 -6.853E+02  0.000E+00  0.0000
 -6.400E+02 -6.853E+02  8.590E-06  1.0000
 -6.000E+02 -6.853E+02  1.997E-04  1.0000
 -5.600E+02 -6.853E+02  0.000E+00  0.0000
 -5.200E+02 -6.853E+02  0.000E+00  0.0000
 -4.800E+02 -6.853E+02  8.155E-05  1.0000
 -4.400E+02 -6.853E+02  0.000E+00  0.0000
 -4.000E+02 -6.853E+02  2.256E-04  1.0000
 -3.600E+02 -6.853E+02  1.200E-05  1.0000
 -3.200E+02 -6.853E+02  0.000E+00  0.0000
 -2.800E+02 -6.853E+02  0.000E+00  0.0000
 -2.400E+02 -6.853E+02  0.000E+00  0.0000
 -2.000E+02 -6.853E+02  8.222E-05  1.0000
 -1.600E+02 -6.853E+02  1.188E-04  1.0000
 -1.200E+02 -6.853E+02  0.000E+00  0.0000
 -8.000E+01 -6.853E+02  0.000E+00  0.0000
 -4.000E+01 -6.853E+02  0.000E+00  0.0000
  0.000E+00 -6.853E+02  2.075E-04  0.7164
  4.000E+01 -6.853E+02  3.356E-04  0.6102
  8.000E+01 -6.853E+02  1.658E-04  1.0000
  1.200E+02 -6.853E+02  0.000E+00  0.0000
  1.600E+02 -6.853E+02  5.056E-05  1.0000
  2.000E+02 -6.853E+02  5.587E-04  0.7106
  2.400E+02 -6.853E+02  1.210E-04  1.0000
  2.800E+02 -6.853E+02  0.000E+00  0.0000
  3.200E+02 -6.853E+02  0.000E+00  0.0000
  3.600E+02 -6.853E+02  0.000E+00  0.0000
  4.000E+02 -6.853E+02  0.000E+00  0.0000
  4.400E+02 -6.853E+02  0.000E+00  0.0000
  4.800E+02 -6.853E+02  0.000E+00  0.0000
  5.200E+02 -6.853E+02  0.000E+00  0.0000
  5.600E+02 -6.853E+02  0.000E+00  0.0000
  6.000E+02 -6.853E+02  0.000E+00  0.0000
  6.400E+02 -6.853E+02  1.021E-04  1.0000
  6.800E+02 -6.853E+02  0.000E+00  0.0000
 -6.800E+02 -6.460E+02  0.000E+00  0.0000
 -6.400E+02 -6.460E+02  0.000E+00  0.0000
 -6.000E+02 -6.460E+02  0.000E+00  0.0000
 -5.600E+02 -6.460E+02  0.000E+00  0.0000
 -5.200E+02 -6.460E+02  0.000E+00  0.0000
 -4.800E+02 -6.460E+02  0.000E+00  0.0000
 -4.400E+02 -6.460E+02  0.000E+00  0.0000
 -4.000E+02 -6.460E+02  0.000E+00  0.0000
 -3.600E+02 -6.460E+02  2.038E-04  1.0000
 -3.200E+02 -6.460E+02  0.000E+00  0.0000
 -2.800E+02 -6.460E+02  0.000E+00  0.0000
 -2.400E+02 -6.460E+02  0.000E+00  0.0000
 -2.000E+02 -6.460E+02  0.000E+00  0.0000
 -1.600E+02 -6.460E+02  1.286E-04  1.0000
 -1.200E+02 -6.460E+02  1.253E-04  1.0000
 -8.000E+01 -6.460E+02  9.414E-05  1.0000
 -4.000E+01 -6.460E+02  0.000E+00  0.0000
  0.000E+00 -6.460E+02  7.381E-05  1.0000
  4.000E+01 -6.460E+02  9.569E-05  0.9307
  8.000E+01 -6.460E+02  2.056E-05  1.0000
  1.200E+02 -6.460E+02  0.000E+00  0.0000
  1.600E+02 -6.460E+02  1.122E-05  1.0000
  2.000E+02 -6.460E+02  3.251E-04  0.7136
  2.400E+02 -6.460E+02  1.487E-04  0.7138
  2.800E+02 -6.460E+02  1.133E-04  1.0000
  3.200E+02 -6.460E+02  2.055E-04  0.7458
  3.600E+02 -6.460E+02  2.254E-04  0.5906
  4.000E+02 -6.460E+02  2.991E-04  1.0000
  4.400E+02 -6.460E+02  4.060E-04  0.7356
  4.800E+02 -6.460E+02  8.620E-06  1.0000
  5.200E+02 -6.460E+02  2.303E-04  0.7088
  5.600E+02 -6.460E+02  0.000E+00  0.0000
  6.000E+02 -6.460E+02  0.000E+00  0.0000
  6.400E+02 -6.460E+02  5.288E-05  1.0000
  6.800E+02 -6.460E+02  0.000E+00  0.0000
 -6.800E+02 -6.066E+02  0.000E+00  0.0000
 -6.400E+02 -6.066E+02  0.000E+00  0.0000
 -6.000E+02 -6.066E+02  4.378E-05  1.0000
 -5.600E+02 -6.066E+02  0.000E+00  0.0000
 -5.200E+02 -6.066E+02  1.594E-04  0.8899
 -4.800E+02 -6.066E+02  1.460E-04  1.0000
 -4.400E+02 -6.066E+02  2.166E-04  1.0000
 -4.000E+02 -6.066E+02  0.000E+00  0.0000
 -3.600E+02 -6.066E+02  0.000E+00  0.0000
 -3.200E+02 -6.066E+02  5.977E-05  1.0000
 -2.800E+02 -6.066E+02  1.525E-04  1.0000
 -2.400E+02 -6.066E+02  1.992E-04  1.0000
 -2.000E+02 -6.066E+02  0.000E+00  0.0000
 -1.600E+02 -6.066E+02  0.000E+00  0.0000
 -1.200E+02 -6.066E+02  2.033E-04  1.0000
 -8.000E+01 -6.066E+02  0.000E+00  0.0000
 -4.000E+01 -6.066E+02  0.000E+00  0.0000
  0.000E+00 -6.066E+02  2.902E-05  1.0000
  4.000E+01 -6.066E+02  3.158E-05  1.0000
  8.000E+01 -6.066E+02  0.000E+00  0.0000
  1.200E+02 -6.066E+02  0.000E+00  0.0000
  1.600E+02 -6.066E+02  0.000E+00  0.0000
  2.000E+02 -6.066E+02  0.000E+00  0.0000
  2.400E+02 -6.066E+02  0.000E+00  0.0000
  2.800E+02 -6.066E+02  0.000E+00  0.0000
  3.200E+02 -6.066E+02  0.000E+00  0.0000
  3.600E+02 -6.066E+02  7.507E-06  1.0000
  4.000E+02 -6.066E+02  0.000E+00  0.0000
  4.400E+02 -6.066E+02  0.000E+00  0.0000
  4.800E+02 -6.066E+02  0.000E+00  0.0000
  5.200E+02 -6.066E+02  0.000E+00  0.0000
  5.600E+02 -6.066E+02  1.293E-04  1.0000
  6.000E+02 -6.066E+02  1.464E-04  1.0000
  6.400E+02 -6.066E+02  0.000E+00  0.0000
  6.800E+02 -6.066E+02  0.000E+00  0.0000
 -6.800E+02 -5.673E+02  0.000E+00  0.0000
 -6.400E+02 -5.673E+02  0.000E+00  0.0000
 -6.000E+02 -5.673E+02  0.000E+00  0.0000
 -5.600E+02 -5.673E+02  0.000E+00  0.0000
 -5.200E+02 -5.673E+02  0.000E+00  0.0000
 -4.800E+02 -5.673E+02  1.834E-05  1.0000
 -4.400E+02 -5.673E+02  1.241E-04  1.0000
 -4.000E+02 -5.673E+02  0.000E+00  0.0000
 -3.600E+02 -5.673E+02  0.000E+00  0.0000
 -3.200E+02 -5.673E+02  0.000E+00  0.0000
 -2.800E+02 -5.673E+02  0.000E+00  0.0000
 -2.400E+02 -5.673E+02  1.547E-04  0.7108
 -2.000E+02 -5.673E+02  9.864E-05  1.0000
 -1.600E+02 -5.673E+02  0.000E+00  0.0000
 -1.200E+02 -5.673E+02  0.000E+00  0.0000
 -8.000E+01 -5.673E+02  0.000E+00  0.0000
 -4.000E+01 -5.673E+02  4.385E-05  1.0000
  0.000E+00 -5.673E+02  1.360E-04  1.0000
  4.000E+01 -5.673E+02  0.000E+00  0.0000
  8.000E+01 -5.673E+02  0.000E+00  0.0000
  1.200E+02 -5.673E+02  9.376E-06  1.0000
  1.600E+02 -5.673E+02  1.159E-04  1.0000
  2.000E+02 -5.673E+02  0.000E+00  0.0000
  2.400E+02 -5.673E+02  2.948E-04  0.6511
  2.800E+02 -5.673E+02  0.000E+00  0.0000
  3.200E+02 -5.673E+02  1.527E-05  1.0000
  3.600E+02 -5.673E+02  0.000E+00  0.0000
  4.000E+02 -5.673E+02  0.000E+00  0.0000
  4.400E+02 -5.673E+02  0.000E+00  0.0000
  4.800E+02 -5.673E+02  0.000E+00  0.0000
  5.200E+02 -5.673E+02  0.000E+00  0.0000
  5.600E+02 -5.673E+02  7.370E-05  1.0000
  6.000E+02 -5.673E+02  0.000E+00  0.0000
  6.400E+02 -5.673E+02  0.000E+00  0.0000
  6.800E+02 -5.673E+02  0.000E+00  0.0000
 -6.800E+02 -5.279E+02  5.718E-04  0.6255
 -6.400E+02 -5.279E+02  0.000E+00  0.0000
 -6.000E+02 -5.279E+02  0.000E+00  0.0000
 -5.600E+02 -5.279E+02  1.180E-04  1.0000
 -5.200E+02 -5.279E+02  0.000E+00  0.0000
 -4.800E+02 -5.279E+02  0.000E+00  0.0000
 -4.400E+02 -5.279E+02  0.000E+00  0.0000
 -4.000E+02 -5.279E+02  0.000E+00  0.0000
 -3.600E+02 -5.279E+02  0.000E+00  0.0000
 -3.200E+02 -5.279E+02  0.000E+00  0.0000
 -2.800E+02 -5.279E+02  0.000E+00  0.0000
 -2.400E+02 -5.279E+02  1.320E-04  1.0000
 -2.000E+02 -5.279E+02  0.000E+00  0.0000
 -1.600E+02 -5.279E+02  1.785E-04  1.0000
 -1.200E+02 -5.279E+02  0.000E+00  0.0000
 -8.000E+01 -5.279E+02  0.000E+00  0.0000
 -4.000E+01 -5.279E+02  3.861E-05  1.0000
  0.000E+00 -5.279E+02  0.000E+00  0.0000
  4.000E+01 -5.279E+02  1.432E-04  0.6342
  8.000E+01 -5.279E+02  1.403E-04  0.7128
  1.200E+02 -5.279E+02  2.552E-04  0.7153
  1.600E+02 -5.279E+02  8.689E-05  0.8465
  2.000E+02 -5.279E+02  4.449E-05  1.0000
  2.400E+02 -5.279E+02  2.377E-04  0.9590
  2.800E+02 -5.279E+02  1.490E-04  1.0000
  3.200E+02 -5.279E+02  1.298E-04  1.0000
  3.600E+02 -5.279E+02  0.000E+00  0.0000
  4.000E+02 -5.279E+02  0.000E+00  0.0000
  4.400E+02 -5.279E+02  1.464E-04  1.0000
  4.800E+02 -5.279E+02  1.113E-04  0.9159
  5.200E+02 -5.279E+02  5.014E-04  0.7578
  5.600E+02 -5.279E+02  0.000E+00  0.0000
  6.000E+02 -5.279E+02  0.000E+00  0.0000
  6.400E+02 -5.279E+02  0.000E+00  0.0000
  6.800E+02 -5.279E+02  0.000E+00  0.0000
 -6.800E+02 -4.886E+02  1.003E-04  1.0000
 -6.400E+02 -4.886E+02  1.346E-04  1.0000
 -6.000E+02 -4.886E+02  0.000E+00  0.0000
 -5.600E+02 -4.886E+02  0.000E+00  0.0000
 -5.200E+02 -4.886E+02  0.000E+00  0.0000
 -4.800E+02 -4.886E+02  0.000E+00  0.0000
 -4.400E+02 -4.886E+02  0.000E+00  0.0000
 -4.000E+02 -4.886E+02  0.000E+00  0.0000
 -3.600E+02 -4.886E+02  0.000E+00  0.0000
 -3.200E+02 -4.886E+02  0.000E+00  0.0000
 -2.800E+02 -4.886E+02  1.771E-04  1.0000
 -2.400E+02 -4.886E+02  0.000E+00  0.0000
 -2.000E+02 -4.886E+02  5.172E-04  0.5421
 -1.600E+02 -4.886E+02  3.551E-04  0.7084
 -1.200E+02 -4.886E+02  8.719E-05  1.0000
 -8.000E+01 -4.886E+02  0.000E+00  0.0000
 -4.000E+01 -4.886E+02  2.383E-05  1.0000
  0.000E+00 -4.886E+02  3.910E-04  1.0000
  4.000E+01 -4.886E+02  1.550E-04  0.7119
  8.000E+01 -4.886E+02  1.479E-04  0.7139
  1.200E+02 -4.886E+02  3.835E-04  0.5268
  1.600E+02 -4.886E+02  1.780E-04  0.7963
  2.000E+02 -4.886E+02  2.337E-04  0.9510
  2.400E+02 -4.886E+02  7.657E-06  1.0000
  2.800E+02 -4.886E+02  0.000E+00  0.0000
  3.200E+02 -4.886E+02  1.084E-04  1.0000
  3.600E+02 -4.886E+02  6.368E-05  1.0000
  4.000E+02 -4.886E+02  1.699E-04  1.0000
  4.400E+02 -4.886E+02  8.089E-05  1.0000
  4.800E+02 -4.886E+02  8.544E-05  1.0000
  5.200E+02 -4.886E+02  1.303E-04  1.0000
  5.600E+02 -4.886E+02  8.698E-05  0.9990
  6.000E+02 -4.886E+02  0.000E+00  0.0000
  6.400E+02 -4.886E+02  0.000E+00  0.0000
  6.800E+02 -4.886E+02  0.000E+00  0.0000
 -6.800E+02 -4.492E+02  1.048E-04  1.0000
 -6.400E+02 -4.492E+02  0.000E+00  0.0000
 -6.000E+02 -4.492E+02  0.000E+00  0.0000
 -5.600E+02 -4.492E+02  0.000E+00  0.0000
 -5.200E+02 -4.492E+02  0.000E+00  0.0000
 -4.800E+02 -4.492E+02  0.000E+00  0.0000
 -4.400E+02 -4.492E+02  0.000E+00  0.0000
 -4.000E+02 -4.492E+02  2.184E-05  1.0000
 -3.600E+02 -4.492E+02  1.241E-04  1.0000
 -3.200E+02 -4.492E+02  0.000E+00  0.0000
 -2.800E+02 -4.492E+02  1.668E-04  0.9030
 -2.400E+02 -4.492E+02  1.325E-04  1.0000
 -2.000E+02 -4.492E+02  6.477E-05  1.0000
 -1.600E+02 -4.492E+02  0.000E+00  0.0000
 -1.200E+02 -4.492E+02  3.050E-04  0.8235
 -8.000E+01 -4.492E+02  1.930E-04  0.7312
 -4.000E+01 -4.492E+02  1.734E-04  0.7233
  0.000E+00 -4.492E+02  0.000E+00  0.0000
  4.000E+01 -4.492E+02  0.000E+00  0.0000
  8.000E+01 -4.492E+02  0.000E+00  0.0000
  1.200E+02 -4.492E+02  0.000E+00  0.0000
  1.600E+02 -4.492E+02  0.000E+00  0.0000
  2.000E+02 -4.492E+02  1.633E-05  1.0000
  2.400E+02 -4.492E+02  3.112E-05  1.0000
  2.800E+02 -4.492E+02  3.134E-05  1.0000
  3.200E+02 -4.492E+02  2.465E-04  0.7165
  3.600E+02 -4.492E+02  0.000E+00  0.0000
  4.000E+02 -4.492E+02  2.265E-05  1.0000
  4.400E+02 -4.492E+02  0.000E+00  0.0000
  4.800E+02 -4.492E+02  0.000E+00  0.0000
  5.200E+02 -4.492E+02  6.813E-05  1.0000
  5.600E+02 -4.492E+02  1.792E-04  0.7235
  6.000E+02 -4.492E+02  3.172E-04  1.0000
  6.400E+02 -4.492E+02  2.038E-04  0.9871
  6.800E+02 -4.492E+02  0.000E+00  0.0000
 -6.800E+02 -4.099E+02  4.279E-04  1.0000
 -6.400E+02 -4.099E+02  0.000E+00  0.0000
 -6.000E+02 -4.099E+02  0.000E+00  0.0000
 -5.600E+02 -4.099E+02  0.000E+00  0.0000
 -5.200E+02 -4.099E+02  4.298E-04  0.6613
 -4.800E+02 -4.099E+02  0.000E+00  0.0000
 -4.400E+02 -4.099E+02  0.000E+00  0.0000
 -4.000E+02 -4.099E+02  3.780E-05  1.0000
 -3.600E+02 -4.099E+02  2.084E-05  1.0000
 -3.200E+02 -4.099E+02  0.000E+00  0.0000
 -2.800E+02 -4.099E+02  0.000E+00  0.0000
 -2.400E+02 -4.099E+02  0.000E+00  0.0000
 -2.000E+02 -4.099E+02  0.000E+00  0.0000
 -1.600E+02 -4.099E+02  0.000E+00  0.0000
 -1.200E+02 -4.099E+02  3.247E-04  0.8292
 -8.000E+01 -4.099E+02  7.993E-05  0.7590
 -4.000E+01 -4.099E+02  9.234E-04  0.5393
  0.000E+00 -4.099E+02  0.000E+00  0.0000
  4.000E+01 -4.099E+02  2.436E-04  1.0000
  8.000E+01 -4.099E+02  1.170E-04  1.0000
  1.200E+02 -4.099E+02  3.547E-05  1.0000
  1.600E+02 -4.099E+02  1.443E-04  0.7120
  2.000E+02 -4.099E+02  0.000E+00  0.0000
  2.400E+02 -4.099E+02  5.176E-05  1.0000
  2.800E+02 -4.099E+02  0.000E+00  0.0000
  3.200E+02 -4.099E+02  0.000E+00  0.0000
  3.600E+02 -4.099E+02  0.000E+00  0.0000
  4.000E+02 -4.099E+02  2.162E-04  1.0000
  4.400E+02 -4.099E+02  1.089E-07  1.0000
  4.800E+02 -4.099E+02  1.068E-04  1.0000
  5.200E+02 -4.099E+02  0.000E+00  0.0000
  5.600E+02 -4.099E+02  0.000E+00  0.0000
  6.000E+02 -4.099E+02  0.000E+00  0.0000
  6.400E+02 -4.099E+02  0.000E+00  0.0000
  6.800E+02 -4.099E+02  0.000E+00  0.0000
 -6.800E+02 -3.705E+02  0.000E+00  0.0000
 -6.400E+02 -3.705E+02  1.907E-05  1.0000
 -6.000E+02 -3.705E+02  0.000E+00  0.0000
 -5.600E+02 -3.705E+02  0.000E+00  0.0000
 -5.200E+02 -3.705E+02  2.648E-04  0.6856
 -4.800E+02 -3.705E+02  1.616E-05  0.7110
 -4.400E+02 -3.705E+02  1.654E-04  1.0000
 -4.000E+02 -3.705E+02  0.000E+00  0.0000
 -3.600E+02 -3.705E+02  1.004E-04  1.0000
 -3.200E+02 -3.705E+02  5.865E-06  1.0000
 -2.800E+02 -3.705E+02  0.000E+00  0.0000
 -2.400E+02 -3.705E+02  0.000E+00  0.0000
 -2.000E+02 -3.705E+02  7.794E-06  1.0000
 -1.600E+02 -3.705E+02  3.050E-04  0.7853
 -1.200E+02 -3.705E+02  3.639E-04  0.7078
 -8.000E+01 -3.705E+02  2.075E-04  0.7156
 -4.000E+01 -3.705E+02  4.131E-04  1.0000
  0.000E+00 -3.705E+02  8.877E-06  1.0000
  4.000E+01 -3.705E+02  1.903E-04  1.0000
  8.000E+01 -3.705E+02  3.109E-04  0.7323
  1.200E+02 -3.705E+02  1.673E-04  1.0000
  1.600E+02 -3.705E+02  0.000E+00  0.0000
  2.000E+02 -3.705E+02  1.589E-04  1.0000
  2.400E+02 -3.705E+02  1.823E-04  1.0000
  2.800E+02 -3.705E+02  1.365E-04  1.0000
  3.200E+02 -3.705E+02  0.000E+00  0.0000
  3.600E+02 -3.705E+02  0.000E+00  0.0000
  4.000E+02 -3.705E+02  0.000E+00  0.0000
  4.400E+02 -3.705E+02  2.199E-05  1.0000
  4.800E+02 -3.705E+02  1.504E-04  0.7200
  5.200E+02 -3.705E+02  0.000E+00  0.0000
  5.600E+02 -3.705E+02  0.000E+00  0.0000
  6.000E+02 -3.705E+02  0.000E+00  0.0000
  6.400E+02 -3.705E+02  0.000E+00  0.0000
  6.800E+02 -3.705E+02  0.000E+00  0.0000
 -6.800E+02 -3.312E+02  2.038E-05  0.7512
 -6.400E+02 -3.312E+02  2.909E-04  0.7313
 -6.000E+02 -3.312E+02  0.000E+00  0.0000
 -5.600E+02 -3.312E+02  3.393E-04  0.7278
 -5.200E+02 -3.312E+02  0.000E+00  0.0000
 -4.800E+02 -3.312E+02  1.263E-04  1.0000
 -4.400E+02 -3.312E+02  9.694E-06  1.0000
 -4.000E+02 -3.312E+02  0.000E+00  0.0000
 -3.600E+02 -3.312E+02  0.000E+00  0.0000
 -3.200E+02 -3.312E+02  9.325E-05  1.0000
 -2.800E+02 -3.312E+02  1.849E-04  1.0000
 -2.400E+02 -3.312E+02  1.981E-04  0.6691
 -2.000E+02 -3.312E+02  1.281E-04  1.0000
 -1.600E+02 -3.312E+02  0.000E+00  0.0000
 -1.200E+02 -3.312E+02  0.000E+00  0.0000
 -8.000E+01 -3.312E+02  3.314E-04  0.7082
 -4.000E+01 -3.312E+02  4.964E-05  1.0000
  0.000E+00 -3.312E+02  0.000E+00  0.0000
  4.000E+01 -3.312E+02  3.546E-04  0.7093
  8.000E+01 -3.312E+02  3.138E-04  0.7701
  1.200E+02 -3.312E+02  0.000E+00  0.0000
  1.600E+02 -3.312E+02  2.939E-04  1.0000
  2.000E+02 -3.312E+02  1.785E-04  1.0000
  2.400E+02 -3.312E+02  1.475E-04  1.0000
  2.800E+02 -3.312E+02  5.947E-04  0.7842
  3.200E+02 -3.312E+02  0.000E+00  0.0000
  3.600E+02 -3.312E+02  0.000E+00  0.0000
  4.000E+02 -3.312E+02  0.000E+00  0.0000
  4.400E+02 -3.312E+02  0.000E+00  0.0000
  4.800E+02 -3.312E+02  0.000E+00  0.0000
  5.200E+02 -3.312E+02  0.000E+00  0.0000
  5.600E+02 -3.312E+02  1.972E-04  1.0000
  6.000E+02 -3.312E+02  0.000E+00  0.0000
  6.400E+02 -3.312E+02  0.000E+00  0.0000
  6.800E+02 -3.312E+02  0.000E+00  0.0000
 -6.800E+02 -2.918E+02  2.811E-04  0.5981
 -6.400E+02 -2.918E+02  4.097E-05  0.7885
 -6.000E+02 -2.918E+02  0.000E+00  0.0000
 -5.600E+02 -2.918E+02  0.000E+00  0.0000
 -5.200E+02 -2.918E+02  1.426E-04  1.0000
 -4.800E+02 -2.918E+02  1.508E-04  1.0000
 -4.400E+02 -2.918E+02  1.367E-04  1.0000
 -4.000E+02 -2.918E+02  3.686E-05  1.0000
 -3.600E+02 -2.918E+02  1.383E-04  1.0000
 -3.200E+02 -2.918E+02  2.180E-04  1.0000
 -2.800E+02 -2.918E+02  8.036E-06  1.0000
 -2.400E+02 -2.918E+02  0.000E+00  0.0000
 -2.000E+02 -2.918E+02  1.791E-05  1.0000
 -1.600E+02 -2.918E+02  4.874E-05  1.0000
 -1.200E+02 -2.918E+02  0.000E+00  0.0000
 -8.000E+01 -2.918E+02  2.218E-04  0.9308
 -4.000E+01 -2.918E+02  2.262E-04  0.7637
  0.000E+00 -2.918E+02  2.027E-04  1.0000
  4.000E+01 -2.918E+02  1.741E-04  0.9383
  8.000E+01 -2.918E+02  2.143E-04  1.0000
  1.200E+02 -2.918E+02  1.027E-05  1.0000
  1.600E+02 -2.918E+02  1.673E-04  1.0000
  2.000E+02 -2.918E+02  1.387E-04  1.0000
  2.400E+02 -2.918E+02  1.340E-04  0.7452
  2.800E+02 -2.918E+02  2.201E-05  1.0000
  3.200E+02 -2.918E+02  4.479E-05  1.0000
  3.600E+02 -2.918E+02  0.000E+00  0.0000
  4.000E+02 -2.918E+02  2.742E-05  1.0000
  4.400E+02 -2.918E+02  1.385E-04  1.0000
  4.800E+02 -2.918E+02  0.000E+00  0.0000
  5.200E+02 -2.918E+02  0.000E+00  0.0000
  5.600E+02 -2.918E+02  0.000E+00  0.0000
  6.000E+02 -2.918E+02  6.682E-05  1.0000
  6.400E+02 -2.918E+02  0.000E+00  0.0000
  6.800E+02 -2.918E+02  0.000E+00  0.0000
 -6.800E+02 -2.525E+02  7.725E-05  1.0000
 -6.400E+02 -2.525E+02  9.324E-05  1.0000
 -6.000E+02 -2.525E+02  0.000E+00  0.0000
 -5.600E+02 -2.525E+02  2.158E-04  0.9397
 -5.200E+02 -2.525E+02  3.317E-04  0.7080
 -4.800E+02 -2.525E+02  6.513E-05  1.0000
 -4.400E+02 -2.525E+02  5.869E-05  0.7853
 -4.000E+02 -2.525E+02  3.117E-04  0.5889
 -3.600E+02 -2.525E+02  0.000E+00  0.0000
 -3.200E+02 -2.525E+02  2.204E-04  0.7192
 -2.800E+02 -2.525E+02  1.484E-05  1.0000
 -2.400E+02 -2.525E+02  2.946E-04  0.8122
 -2.000E+02 -2.525E+02  2.282E-04  1.0000
 -1.600E+02 -2.525E+02  0.000E+00  0.0000
 -1.200E+02 -2.525E+02  1.740E-04  1.0000
 -8.000E+01 -2.525E+02  1.768E-04  1.0000
 -4.000E+01 -2.525E+02  3.110E-04  0.7127
  0.000E+00 -2.525E+02  0.000E+00  0.0000
  4.000E+01 -2.525E+02  1.630E-04  1.0000
  8.000E+01 -2.525E+02  0.000E+00  0.0000
  1.200E+02 -2.525E+02  2.246E-04  1.0000
  1.600E+02 -2.525E+02  3.011E-05  0.7430
  2.000E+02 -2.525E+02  1.702E-04  1.0000
  2.400E+02 -2.525E+02  2.650E-04  0.7070
  2.800E+02 -2.525E+02  7.395E-05  0.7445
  3.200E+02 -2.525E+02  3.603E-05  1.0000
  3.600E+02 -2.525E+02  2.328E-04  1.0000
  4.000E+02 -2.525E+02  0.000E+00  0.0000
  4.400E+02 -2.525E+02  0.000E+00  0.0000
  4.800E+02 -2.525E+02  0.000E+00  0.0000
  5.200E+02 -2.525E+02  2.816E-05  1.0000
  5.600E+02 -2.525E+02  4.841E-04  0.9027
  6.000E+02 -2.525E+02  1.628E-04  0.8102
  6.400E+02 -2.525E+02  0.000E+00  0.0000
  6.800E+02 -2.525E+02  0.000E+00  0.0000
 -6.800E+02 -2.132E+02  1.235E-04  1.0000
 -6.400E+02 -2.132E+02  1.380E-04  1.0000
 -6.000E+02 -2.132E+02  0.000E+00  0.0000
 -5.600E+02 -2.132E+02  2.891E-04  0.6129
 -5.200E+02 -2.132E+02  3.632E-04  0.8852
 -4.800E+02 -2.132E+02  8.792E-05  1.0000
 -4.400E+02 -2.132E+02  0.000E+00  0.0000
 -4.000E+02 -2.132E+02  0.000E+00  0.0000
 -3.600E+02 -2.132E+02  0.000E+00  0.0000
 -3.200E+02 -2.132E+02  0.000E+00  0.0000
 -2.800E+02 -2.132E+02  5.826E-05  1.0000
 -2.400E+02 -2.132E+02  5.413E-04  0.7070
 -2.000E+02 -2.132E+02  5.393E-04  1.0000
 -1.600E+02 -2.132E+02  0.000E+00  0.0000
 -1.200E+02 -2.132E+02  2.994E-04  1.0000
 -8.000E+01 -2.132E+02  5.771E-05  1.0000
 -4.000E+01 -2.132E+02  5.149E-05  1.0000
  0.000E+00 -2.132E+02  1.237E-04  1.0000
  4.000E+01 -2.132E+02  1.630E-04  1.0000
  8.000E+01 -2.132E+02  0.000E+00  0.0000
  1.200E+02 -2.132E+02  2.246E-04  1.0000
  1.600E+02 -2.132E+02  0.000E+00  0.0000
  2.000E+02 -2.132E+02  0.000E+00  0.0000
  2.400E+02 -2.132E+02  0.000E+00  0.0000
  2.800E+02 -2.132E+02  1.342E-04  1.0000
  3.200E+02 -2.132E+02  1.728E-04  1.0000
  3.600E+02 -2.132E+02  1.003E-04  1.0000
  4.000E+02 -2.132E+02  2.098E-04  1.0000
  4.400E+02 -2.132E+02  0.000E+00  0.0000
  4.800E+02 -2.132E+02  0.000E+00  0.0000
  5.200E+02 -2.132E+02  0.000E+00  0.0000
  5.600E+02 -2.132E+02  4.455E-06  1.0000
  6.000E+02 -2.132E+02  1.459E-04  1.0000
  6.400E+02 -2.132E+02  1.508E-04  1.0000
  6.800E+02 -2.132E+02  0.000E+00  0.0000
 -6.800E+02 -1.738E+02  0.000E+00  0.0000
 -6.400E+02 -1.738E+02  0.000E+00  0.0000
 -6.000E+02 -1.738E+02  0.000E+00  0.0000
 -5.600E+02 -1.738E+02  0.000E+00  0.0000
 -5.200E+02 -1.738E+02  3.209E-04  0.6780
 -4.800E+02 -1.738E+02  0.000E+00  0.0000
 -4.400E+02 -1.738E+02  0.000E+00  0.0000
 -4.000E+02 -1.738E+02  0.000E+00  0.0000
 -3.600E+02 -1.738E+02  2.439E-05  1.0000
 -3.200E+02 -1.738E+02  0.000E+00  0.0000
 -2.800E+02 -1.738E+02  0.000E+00  0.0000
 -2.400E+02 -1.738E+02  0.000E+00  0.0000
 -2.000E+02 -1.738E+02  0.000E+00  0.0000
 -1.600E+02 -1.738E+02  6.565E-05  1.0000
 -1.200E+02 -1.738E+02  0.000E+00  0.0000
 -8.000E+01 -1.738E+02  0.000E+00  0.0000
 -4.000E+01 -1.738E+02  0.000E+00  0.0000
  0.000E+00 -1.738E+02  1.752E-04  1.0000
  4.000E+01 -1.738E+02  1.630E-04  1.0000
  8.000E+01 -1.738E+02  0.000E+00  0.0000
  1.200E+02 -1.738E+02  3.287E-05  1.0000
  1.600E+02 -1.738E+02  0.000E+00  0.0000
  2.000E+02 -1.738E+02  2.226E-04  1.0000
  2.400E+02 -1.738E+02  2.190E-04  1.0000
  2.800E+02 -1.738E+02  5.158E-04  0.6879
  3.200E+02 -1.738E+02  7.600E-05  1.0000
  3.600E+02 -1.738E+02  2.206E-04  1.0000
  4.000E+02 -1.738E+02  0.000E+00  0.0000
  4.400E+02 -1.738E+02  1.541E-04  1.0000
  4.800E+02 -1.738E+02  1.531E-04  0.8085
  5.200E+02 -1.738E+02  0.000E+00  0.0000
  5.600E+02 -1.738E+02  3.599E-04  0.7682
  6.000E+02 -1.738E+02  1.068E-04  1.0000
  6.400E+02 -1.738E+02  0.000E+00  0.0000
  6.800E+02 -1.738E+02  0.000E+00  0.0000
 -6.800E+02 -1.345E+02  2.121E-05  1.0000
 -6.400E+02 -1.345E+02  2.932E-05  1.0000
 -6.000E+02 -1.345E+02  0.000E+00  0.0000
 -5.600E+02 -1.345E+02  0.000E+00  0.0000
 -5.200E+02 -1.345E+02  3.643E-05  1.0000
 -4.800E+02 -1.345E+02  1.229E-04  1.0000
 -4.400E+02 -1.345E+02  1.409E-04  1.0000
 -4.000E+02 -1.345E+02  5.903E-05  1.0000
 -3.600E+02 -1.345E+02  1.494E-04  1.0000
 -3.200E+02 -1.345E+02  0.000E+00  0.0000
 -2.800E+02 -1.345E+02  1.515E-04  0.7657
 -2.400E+02 -1.345E+02  7.438E-05  1.0000
 -2.000E+02 -1.345E+02  4.160E-04  0.7082
 -1.600E+02 -1.345E+02  2.112E-04  0.9593
 -1.200E+02 -1.345E+02  1.770E-05  1.0000
 -8.000E+01 -1.345E+02  0.000E+00  0.0000
 -4.000E+01 -1.345E+02  0.000E+00  0.0000
  0.000E+00 -1.345E+02  8.701E-05  1.0000
  4.000E+01 -1.345E+02  2.512E-04  1.0000
  8.000E+01 -1.345E+02  0.000E+00  0.0000
  1.200E+02 -1.345E+02  0.000E+00  0.0000
  1.600E+02 -1.345E+02  2.411E-04  1.0000
  2.000E+02 -1.345E+02  0.000E+00  0.0000
  2.400E+02 -1.345E+02  8.229E-05  1.0000
  2.800E+02 -1.345E+02  0.000E+00  0.0000
  3.200E+02 -1.345E+02  1.014E-04  1.0000
  3.600E+02 -1.345E+02  5.572E-04  0.5630
  4.000E+02 -1.345E+02  0.000E+00  0.0000
  4.400E+02 -1.345E+02  3.990E-04  1.0000
  4.800E+02 -1.345E+02  8.879E-05  1.0000
  5.200E+02 -1.345E+02  1.014E-04  1.0000
  5.600E+02 -1.345E+02  8.068E-06  1.0000
  6.000E+02 -1.345E+02  2.908E-04  0.8053
  6.400E+02 -1.345E+02  8.696E-05  0.7320
  6.800E+02 -1.345E+02  0.000E+00  0.0000
 -6.800E+02 -9.511E+01  1.719E-04  1.0000
 -6.400E+02 -9.511E+01  0.000E+00  0.0000
 -6.000E+02 -9.511E+01  2.421E-04  0.6794
 -5.600E+02 -9.511E+01  3.548E-04  0.7979
 -5.200E+02 -9.511E+01  4.012E-04  0.8558
 -4.800E+02 -9.511E+01  0.000E+00  0.0000
 -4.400E+02 -9.511E+01  1.381E-05  1.0000
 -4.000E+02 -9.511E+01  8.956E-06  1.0000
 -3.600E+02 -9.511E+01  7.866E-05  1.0000
 -3.200E+02 -9.511E+01  2.122E-04  0.7294
 -2.800E+02 -9.511E+01  6.565E-04  0.5927
 -2.400E+02 -9.511E+01  3.673E-05  1.0000
 -2.000E+02 -9.511E+01  4.703E-04  0.5526
 -1.600E+02 -9.511E+01  3.549E-04  0.6407
 -1.200E+02 -9.511E+01  2.069E-04  0.9307
 -8.000E+01 -9.511E+01  3.460E-05  1.0000
 -4.000E+01 -9.511E+01  1.471E-04  1.0000
  0.000E+00 -9.511E+01  0.000E+00  0.0000
  4.000E+01 -9.511E+01  1.219E-04  1.0000
  8.000E+01 -9.511E+01  0.000E+00  0.0000
  1.200E+02 -9.511E+01  5.987E-05  1.0000
  1.600E+02 -9.511E+01  1.659E-04  0.8004
  2.000E+02 -9.511E+01  0.000E+00  0.0000
  2.400E+02 -9.511E+01  0.000E+00  0.0000
  2.800E+02 -9.511E+01  2.334E-04  0.7113
  3.200E+02 -9.511E+01  1.542E-04  1.0000
  3.600E+02 -9.511E+01  9.227E-05  1.0000
  4.000E+02 -9.511E+01  2.703E-04  0.7788
  4.400E+02 -9.511E+01  0.000E+00  0.0000
  4.800E+02 -9.511E+01  0.000E+00  0.0000
  5.200E+02 -9.511E+01  1.542E-04  0.5923
  5.600E+02 -9.511E+01  1.531E-04  0.8996
  6.000E+02 -9.511E+01  1.437E-04  0.7981
  6.400E+02 -9.511E+01  1.296E-04  0.7788
  6.800E+02 -9.511E+01  5.113E-06  1.0000
 -6.800E+02 -5.576E+01  1.327E-04  1.0000
 -6.400E+02 -5.576E+01  0.000E+00  0.0000
 -6.000E+02 -5.576E+01  1.898E-04  0.6089
 -5.600E+02 -5.576E+01  7.410E-04  0.5801
 -5.200E+02 -5.576E+01  4.520E-05  1.0000
 -4.800E+02 -5.576E+01  0.000E+00  0.0000
 -4.400E+02 -5.576E+01  9.250E-05  1.0000
 -4.000E+02 -5.576E+01  0.000E+00  0.0000
 -3.600E+02 -5.576E+01  1.111E-04  1.0000
 -3.200E+02 -5.576E+01  1.985E-04  1.0000
 -2.800E+02 -5.576E+01  1.543E-04  1.0000
 -2.400E+02 -5.576E+01  1.289E-04  0.7196
 -2.000E+02 -5.576E+01  1.332E-04  0.7408
 -1.600E+02 -5.576E+01  1.880E-04  0.7232
 -1.200E+02 -5.576E+01  1.894E-04  0.7572
 -8.000E+01 -5.576E+01  0.000E+00  0.0000
 -4.000E+01 -5.576E+01  0.000E+00  0.0000
  0.000E+00 -5.576E+01  0.000E+00  0.0000
  4.000E+01 -5.576E+01  4.029E-04  0.7273
  8.000E+01 -5.576E+01  0.000E+00  0.0000
  1.200E+02 -5.576E+01  1.953E-04  1.0000
  1.600E+02 -5.576E+01  1.347E-04  0.7122
  2.000E+02 -5.576E+01  2.145E-04  1.0000
  2.400E+02 -5.576E+01  0.000E+00  0.0000
  2.800E+02 -5.576E+01  2.516E-04  0.7136
  3.200E+02 -5.576E+01  3.735E-04  0.7790
  3.600E+02 -5.576E+01  2.569E-04  1.0000
  4.000E+02 -5.576E+01  0.000E+00  0.0000
  4.400E+02 -5.576E+01  0.000E+00  0.0000
  4.800E+02 -5.576E+01  0.000E+00  0.0000
  5.200E+02 -5.576E+01  3.882E-04  0.7936
  5.600E+02 -5.576E+01  1.831E-04  0.7072
  6.000E+02 -5.576E+01  0.000E+00  0.0000
  6.400E+02 -5.576E+01  1.532E-04  1.0000
  6.800E+02 -5.576E+01  4.812E-05  1.0000
 -6.800E+02 -1.641E+01  4.368E-04  0.8412
 -6.400E+02 -1.641E+01  9.538E-05  1.0000
 -6.000E+02 -1.641E+01  1.384E-04  1.0000
 -5.600E+02 -1.641E+01  4.614E-04  1.0000
 -5.200E+02 -1.641E+01  0.000E+00  0.0000
 -4.800E+02 -1.641E+01  0.000E+00  0.0000
 -4.400E+02 -1.641E+01  0.000E+00  0.0000
 -4.000E+02 -1.641E+01  2.903E-04  0.7071
 -3.600E+02 -1.641E+01  2.061E-04  0.7088
 -3.200E+02 -1.641E+01  1.918E-04  0.6848
 -2.800E+02 -1.641E+01  2.109E-04  0.7077
 -2.400E+02 -1.641E+01  0.000E+00  0.0000
 -2.000E+02 -1.641E+01  0.000E+00  0.0000
 -1.600E+02 -1.641E+01  0.000E+00  0.0000
 -1.200E+02 -1.641E+01  0.000E+00  0.0000
 -8.000E+01 -1.641E+01  0.000E+00  0.0000
 -4.000E+01 -1.641E+01  0.000E+00  0.0000
  0.000E+00 -1.641E+01  0.000E+00  0.0000
  4.000E+01 -1.641E+01  7.449E-05  1.0000
  8.000E+01 -1.641E+01  0.000E+00  0.0000
  1.200E+02 -1.641E+01  2.272E-04  0.7739
  1.600E+02 -1.641E+01  2.673E-04  0.7212
  2.000E+02 -1.641E+01  0.000E+00  0.0000
  2.400E+02 -1.641E+01  0.000E+00  0.0000
  2.800E+02 -1.641E+01  0.000E+00  0.0000
  3.200E+02 -1.641E+01  2.973E-05  1.0000
  3.600E+02 -1.641E+01  0.000E+00  0.0000
  4.000E+02 -1.641E+01  1.335E-04  1.0000
  4.400E+02 -1.641E+01  4.995E-05  1.0000
  4.800E+02 -1.641E+01  1.377E-04  1.0000
  5.200E+02 -1.641E+01  1.160E-04  1.0000
  5.600E+02 -1.641E+01  3.524E-04  0.7107
  6.000E+02 -1.641E+01  0.000E+00  0.0000
  6.400E+02 -1.641E+01  0.000E+00  0.0000
  6.800E+02 -1.641E+01  0.000E+00  0.0000
 -6.800E+02  2.293E+01  0.000E+00  0.0000
 -6.400E+02  2.293E+01  0.000E+00  0.0000
 -6.000E+02  2.293E+01  1.840E-04  1.0000
 -5.600E+02  2.293E+01  8.687E-06  1.0000
 -5.200E+02  2.293E+01  0.000E+00  0.0000
 -4.800E+02  2.293E+01  0.000E+00  0.0000
 -4.400E+02  2.293E+01  0.000E+00  0.0000
 -4.000E+02  2.293E+01  0.000E+00  0.0000
 -3.600E+02  2.293E+01  0.000E+00  0.0000
 -3.200E+02  2.293E+01  0.000E+00  0.0000
 -2.800E+02  2.293E+01  0.000E+00  0.0000
 -2.400E+02  2.293E+01  0.000E+00  0.0000
 -2.000E+02  2.293E+01  0.000E+00  0.0000
 -1.600E+02  2.293E+01  0.000E+00  0.0000
 -1.200E+02  2.293E+01  0.000E+00  0.0000
 -8.000E+01  2.293E+01  0.000E+00  0.0000
 -4.000E+01  2.293E+01  0.000E+00  0.0000
  0.000E+00  2.293E+01  0.000E+00  0.0000
  4.000E+01  2.293E+01  0.000E+00  0.0000
  8.000E+01  2.293E+01  0.000E+00  0.0000
  1.200E+02  2.293E+01  0.000E+00  0.0000
  1.600E+02  2.293E+01  0.000E+00  0.0000
  2.000E+02  2.293E+01  0.000E+00  0.0000
  2.400E+02  2.293E+01  0.000E+00  0.0000
  2.800E+02  2.293E+01  0.000E+00  0.0000
  3.200E+02  2.293E+01  0.000E+00  0.0000
  3.600E+02  2.293E+01  0.000E+00  0.0000
  4.000E+02  2.293E+01  0.000E+00  0.0000
  4.400E+02  2.293E+01  1.658E-05  1.0000
  4.800E+02  2.293E+01  3.355E-04  0.7084
  5.200E+02  2.293E+01  1.958E-04  0.9137
  5.600E+02  2.293E+01  1.007E-04  1.0000
  6.000E+02  2.293E+01  0.000E+00  0.0000
  6.400E+02  2.293E+01  0.000E+00  0.0000
  6.800E+02  2.293E+01  0.000E+00  0.0000
 -6.800E+02  6.228E+01  0.000E+00  0.0000
 -6.400E+02  6.228E+01  1.074E-04  1.0000
 -6.000E+02  6.228E+01  8.527E-05  1.0000
 -5.600E+02  6.228E+01  0.000E+00  0.0000
 -5.200E+02  6.228E+01  0.000E+00  0.0000
 -4.800E+02  6.228E+01  0.000E+00  0.0000
 -4.400E+02  6.228E+01  0.000E+00  0.0000
 -4.000E+02  6.228E+01  0.000E+00  0.0000
 -3.600E+02  6.228E+01  0.000E+00  0.0000
 -3.200E+02  6.228E+01  0.000E+00  0.0000
 -2.800E+02  6.228E+01  0.000E+00  0.0000
 -2.400E+02  6.228E+01  0.000E+00  0.0000
 -2.000E+02  6.228E+01  0.000E+00  0.0000
 -1.600E+02  6.228E+01  0.000E+00  0.0000
 -1.200E+02  6.228E+01  0.000E+00  0.0000
 -8.000E+01  6.228E+01  0.000E+00  0.0000
 -4.000E+01  6.228E+01  0.000E+00  0.0000
  0.000E+00  6.228E+01  0.000E+00  0.0000
  4.000E+01  6.228E+01  0.000E+00  0.0000
  8.000E+01  6.228E+01  0.000E+00  0.0000
  1.200E+02  6.228E+01  0.000E+00  0.0000
  1.600E+02  6.228E+01  0.000E+00  0.0000
  2.000E+02  6.228E+01  0.000E+00  0.0000
  2.400E+02  6.228E+01  0.000E+00  0.0000
  2.800E+02  6.228E+01  0.000E+00  0.0000
  3.200E+02  6.228E+01  0.000E+00  0.0000
  3.600E+02  6.228E+01  1.339E-04  1.0000
  4.000E+02  6.228E+01  1.780E-04  1.0000
  4.400E+02  6.228E+01  1.614E-04  1.0000
  4.800E+02  6.228E+01  1.752E-04  1.0000
  5.200E+02  6.228E+01  0.000E+00  0.0000
  5.600E+02  6.228E+01  0.000E+00  0.0000
  6.000E+02  6.228E+01  0.000E+00  0.0000
  6.400E+02  6.228E+01  0.000E+00  0.0000
  6.800E+02  6.228E+01  0.000E+00  0.0000
 -6.800E+02  1.016E+02  3.083E-05  1.0000
 -6.400E+02  1.016E+02  1.618E-04  1.0000
 -6.000E+02  1.016E+02  0.000E+00  0.0000
 -5.600E+02  1.016E+02  0.000E+00  0.0000
 -5.200E+02  1.016E+02  0.000E+00  0.0000
 -4.800E+02  1.016E+02  0.000E+00  0.0000
 -4.400E+02  1.016E+02  0.000E+00  0.0000
 -4.000E+02  1.016E+02  0.000E+00  0.0000
 -3.600E+02  1.016E+02  0.000E+00  0.0000
 -3.200E+02  1.016E+02  0.000E+00  0.0000
 -2.800E+02  1.016E+02  0.000E+00  0.0000
 -2.400E+02  1.016E+02  0.000E+00  0.0000
 -2.000E+02  1.016E+02  0.000E+00  0.0000
 -1.600E+02  1.016E+02  0.000E+00  0.0000
 -1.200E+02  1.016E+02  0.000E+00  0.0000
 -8.000E+01  1.016E+02  0.000E+00  0.0000
 -4.000E+01  1.016E+02  0.000E+00  0.0000
  0.000E+00  1.016E+02  0.000E+00  0.0000
  4.000E+01  1.016E+02  0.000E+00  0.0000
  8.000E+01  1.016E+02  0.000E+00  0.0000
  1.200E+02  1.016E+02  0.000E+00  0.0000
  1.600E+02  1.016E+02  0.000E+00  0.0000
  2.000E+02  1.016E+02  0.000E+00  0.0000
  2.400E+02  1.016E+02  7.322E-05  1.0000
  2.800E+02  1.016E+02  1.780E-04  1.0000
  3.200E+02  1.016E+02  1.780E-04  1.0000
  3.600E+02  1.016E+02  4.411E-05  1.0000
  4.000E+02  1.016E+02  0.000E+00  0.0000
  4.400E+02  1.016E+02  5.687E-06  1.0000
  4.800E+02  1.016E+02  1.696E-04  1.0000
  5.200E+02  1.016E+02  0.000E+00  0.0000
  5.600E+02  1.016E+02  0.000E+00  0.0000
  6.000E+02  1.016E+02  0.000E+00  0.0000
  6.400E+02  1.016E+02  0.000E+00  0.0000
  6.800E+02  1.016E+02  0.000E+00  0.0000
 -6.800E+02  1.410E+02  1.927E-04  1.0000
 -6.400E+02  1.410E+02  0.000E+00  0.0000
 -6.000E+02  1.410E+02  0.000E+00  0.0000
 -5.600E+02  1.410E+02  0.000E+00  0.0000
 -5.200E+02  1.410E+02  0.000E+00  0.0000
 -4.800E+02  1.410E+02  0.000E+00  0.0000
 -4.400E+02  1.410E+02  0.000E+00  0.0000
 -4.000E+02  1.410E+02  0.000E+00  0.0000
 -3.600E+02  1.410E+02  0.000E+00  0.0000
 -3.200E+02  1.410E+02  0.000E+00  0.0000
 -2.800E+02  1.410E+02  0.000E+00  0.0000
 -2.400E+02  1.410E+02  0.000E+00  0.0000
 -2.000E+02  1.410E+02  0.000E+00  0.0000
 -1.600E+02  1.410E+02  0.000E+00  0.0000
 -1.200E+02  1.410E+02  0.000E+00  0.0000
 -8.000E+01  1.410E+02  0.000E+00  0.0000
 -4.000E+01  1.410E+02  0.000E+00  0.0000
  0.000E+00  1.410E+02  0.000E+00  0.0000
  4.000E+01  1.410E+02  0.000E+00  0.0000
  8.000E+01  1.410E+02  0.000E+00  0.0000
  1.200E+02  1.410E+02  1.253E-05  1.0000
  1.600E+02  1.410E+02  1.780E-04  1.0000
  2.000E+02  1.410E+02  1.780E-04  1.0000
  2.400E+02  1.410E+02  1.048E-04  1.0000
  2.800E+02  1.410E+02  0.000E+00  0.0000
  3.200E+02  1.410E+02  0.000E+00  0.0000
  3.600E+02  1.410E+02  0.000E+00  0.0000
  4.000E+02  1.410E+02  0.000E+00  0.0000
  4.400E+02  1.410E+02  1.752E-04  1.0000
  4.800E+02  1.410E+02  0.000E+00  0.0000
  5.200E+02  1.410E+02  0.000E+00  0.0000
  5.600E+02  1.410E+02  0.000E+00  0.0000
  6.000E+02  1.410E+02  0.000E+00  0.0000
  6.400E+02  1.410E+02  0.000E+00  0.0000
  6.800E+02  1.410E+02  0.000E+00  0.0000
 -6.800E+02  1.803E+02  4.575E-05  1.0000
 -6.400E+02  1.803E+02  0.000E+00  0.0000
 -6.000E+02  1.803E+02  0.000E+00  0.0000
 -5.600E+02  1.803E+02  0.000E+00  0.0000
 -5.200E+02  1.803E+02  0.000E+00  0.0000
 -4.800E+02  1.803E+02  0.000E+00  0.0000
 -4.400E+02  1.803E+02  0.000E+00  0.0000
 -4.000E+02  1.803E+02  0.000E+00  0.0000
 -3.600E+02  1.803E+02  0.000E+00  0.0000
 -3.200E+02  1.803E+02  0.000E+00  0.0000
 -2.800E+02  1.803E+02  0.000E+00  0.0000
 -2.400E+02  1.803E+02  0.000E+00  0.0000
 -2.000E+02  1.803E+02  0.000E+00  0.0000
 -1.600E+02  1.803E+02  0.000E+00  0.0000
 -1.200E+02  1.803E+02  0.000E+00  0.0000
 -8.000E+01  1.803E+02  0.000E+00  0.0000
 -4.000E+01  1.803E+02  0.000E+00  0.0000
  0.000E+00  1.803E+02  0.000E+00  0.0000
  4.000E+01  1.803E+02  1.299E-04  1.0000
  8.000E+01  1.803E+02  1.780E-04  1.0000
  1.200E+02  1.803E+02  1.655E-04  1.0000
  1.600E+02  1.803E+02  0.000E+00  0.0000
  2.000E+02  1.803E+02  0.000E+00  0.0000
  2.400E+02  1.803E+02  0.000E+00  0.0000
  2.800E+02  1.803E+02  0.000E+00  0.0000
  3.200E+02  1.803E+02  0.000E+00  0.0000
  3.600E+02  1.803E+02  0.000E+00  0.0000
  4.000E+02  1.803E+02  0.000E+00  0.0000
  4.400E+02  1.803E+02  1.752E-04  1.0000
  4.800E+02  1.803E+02  0.000E+00  0.0000
  5.200E+02  1.803E+02  0.000E+00  0.0000
  5.600E+02  1.803E+02  0.000E+00  0.0000
  6.000E+02  1.803E+02  0.000E+00  0.0000
  6.400E+02  1.803E+02  0.000E+00  0.0000
  6.800E+02  1.803E+02  9.574E-05  1.0000

#------------------------------------------------------------------------------
 newpage:
#   no. =  3   ie  =  3   iy  =  1   part. = neutron 
#   e = (   1.0000E-01  -   2.0000E+01  )
#   y = (  -1.0000E+03  -   1.0000E+03  )
#  nx =  35   nz =  23

# x          z          flux       r.err
 -6.800E+02 -6.853E+02  0.000E+00  0.0000
 -6.400E+02 -6.853E+02  1.906E-07  1.0000
 -6.000E+02 -6.853E+02  0.000E+00  0.0000
 -5.600E+02 -6.853E+02  0.000E+00  0.0000
 -5.200E+02 -6.853E+02  0.000E+00  0.0000
 -4.800E+02 -6.853E+02  4.426E-05  1.0000
 -4.400E+02 -6.853E+02  3.030E-05  1.0000
 -4.000E+02 -6.853E+02  1.075E-05  1.0000
 -3.600E+02 -6.853E+02  0.000E+00  0.0000
 -3.200E+02 -6.853E+02  0.000E+00  0.0000
 -2.800E+02 -6.853E+02  0.000E+00  0.0000
 -2.400E+02 -6.853E+02  0.000E+00  0.0000
 -2.000E+02 -6.853E+02  1.791E-04  1.0000
 -1.600E+02 -6.853E+02  1.239E-04  1.0000
 -1.200E+02 -6.853E+02  0.000E+00  0.0000
 -8.000E+01 -6.853E+02  0.000E+00  0.0000
 -4.000E+01 -6.853E+02  0.000E+00  0.0000
  0.000E+00 -6.853E+02  4.451E-04  0.8425
  4.000E+01 -6.853E+02  2.795E-04  0.9179
  8.000E+01 -6.853E+02  8.489E-05  1.0000
  1.200E+02 -6.853E+02  0.000E+00  0.0000
  1.600E+02 -6.853E+02  0.000E+00  0.0000
  2.000E+02 -6.853E+02  7.728E-05  0.7995
  2.400E+02 -6.853E+02  3.656E-04  1.0000
  2.800E+02 -6.853E+02  0.000E+00  0.0000
  3.200E+02 -6.853E+02  0.000E+00  0.0000
  3.600E+02 -6.853E+02  1.020E-05  1.0000
  4.000E+02 -6.853E+02  0.000E+00  0.0000
  4.400E+02 -6.853E+02  0.000E+00  0.0000
  4.800E+02 -6.853E+02  0.000E+00  0.0000
  5.200E+02 -6.853E+02  0.000E+00  0.0000
  5.600E+02 -6.853E+02  0.000E+00  0.0000
  6.000E+02 -6.853E+02  0.000E+00  0.0000
  6.400E+02 -6.853E+02  1.242E-04  1.0000
  6.800E+02 -6.853E+02  0.000E+00  0.0000
 -6.800E+02 -6.460E+02  0.000E+00  0.0000
 -6.400E+02 -6.460E+02  0.000E+00  0.0000
 -6.000E+02 -6.460E+02  0.000E+00  0.0000
 -5.600E+02 -6.460E+02  0.000E+00  0.0000
 -5.200E+02 -6.460E+02  0.000E+00  0.0000
 -4.800E+02 -6.460E+02  1.683E-06  1.0000
 -4.400E+02 -6.460E+02  8.789E-05  1.0000
 -4.000E+02 -6.460E+02  0.000E+00  0.0000
 -3.600E+02 -6.460E+02  1.625E-04  1.0000
 -3.200E+02 -6.460E+02  0.000E+00  0.0000
 -2.800E+02 -6.460E+02  0.000E+00  0.0000
 -2.400E+02 -6.460E+02  0.000E+00  0.0000
 -2.000E+02 -6.460E+02  9.917E-05  1.0000
 -1.600E+02 -6.460E+02  1.545E-04  0.7257
 -1.200E+02 -6.460E+02  1.523E-04  0.8346
 -8.000E+01 -6.460E+02  5.264E-05  1.0000
 -4.000E+01 -6.460E+02  0.000E+00  0.0000
  0.000E+00 -6.460E+02  0.000E+00  0.0000
  4.000E+01 -6.460E+02  4.242E-04  0.7577
  8.000E+01 -6.460E+02  1.183E-04  1.0000
  1.200E+02 -6.460E+02  0.000E+00  0.0000
  1.600E+02 -6.460E+02  0.000E+00  0.0000
  2.000E+02 -6.460E+02  2.494E-04  0.6582
  2.400E+02 -6.460E+02  2.954E-04  0.7627
  2.800E+02 -6.460E+02  1.173E-05  1.0000
  3.200E+02 -6.460E+02  3.620E-04  0.8946
  3.600E+02 -6.460E+02  4.390E-04  0.6010
  4.000E+02 -6.460E+02  3.895E-04  0.6686
  4.400E+02 -6.460E+02  2.726E-04  0.7246
  4.800E+02 -6.460E+02  2.999E-05  1.0000
  5.200E+02 -6.460E+02  3.178E-04  0.7664
  5.600E+02 -6.460E+02  0.000E+00  0.0000
  6.000E+02 -6.460E+02  0.000E+00  0.0000
  6.400E+02 -6.460E+02  0.000E+00  0.0000
  6.800E+02 -6.460E+02  0.000E+00  0.0000
 -6.800E+02 -6.066E+02  0.000E+00  0.0000
 -6.400E+02 -6.066E+02  0.000E+00  0.0000
 -6.000E+02 -6.066E+02  8.765E-05  1.0000
 -5.600E+02 -6.066E+02  0.000E+00  0.0000
 -5.200E+02 -6.066E+02  2.816E-05  1.0000
 -4.800E+02 -6.066E+02  8.904E-05  1.0000
 -4.400E+02 -6.066E+02  2.541E-04  1.0000
 -4.000E+02 -6.066E+02  0.000E+00  0.0000
 -3.600E+02 -6.066E+02  0.000E+00  0.0000
 -3.200E+02 -6.066E+02  1.604E-04  1.0000
 -2.800E+02 -6.066E+02  1.979E-04  0.9452
 -2.400E+02 -6.066E+02  0.000E+00  0.0000
 -2.000E+02 -6.066E+02  0.000E+00  0.0000
 -1.600E+02 -6.066E+02  0.000E+00  0.0000
 -1.200E+02 -6.066E+02  2.838E-04  1.0000
 -8.000E+01 -6.066E+02  0.000E+00  0.0000
 -4.000E+01 -6.066E+02  0.000E+00  0.0000
  0.000E+00 -6.066E+02  0.000E+00  0.0000
  4.000E+01 -6.066E+02  3.549E-04  1.0000
  8.000E+01 -6.066E+02  0.000E+00  0.0000
  1.200E+02 -6.066E+02  0.000E+00  0.0000
  1.600E+02 -6.066E+02  0.000E+00  0.0000
  2.000E+02 -6.066E+02  0.000E+00  0.0000
  2.400E+02 -6.066E+02  0.000E+00  0.0000
  2.800E+02 -6.066E+02  0.000E+00  0.0000
  3.200E+02 -6.066E+02  0.000E+00  0.0000
  3.600E+02 -6.066E+02  0.000E+00  0.0000
  4.000E+02 -6.066E+02  0.000E+00  0.0000
  4.400E+02 -6.066E+02  0.000E+00  0.0000
  4.800E+02 -6.066E+02  0.000E+00  0.0000
  5.200E+02 -6.066E+02  0.000E+00  0.0000
  5.600E+02 -6.066E+02  1.439E-04  1.0000
  6.000E+02 -6.066E+02  4.400E-04  0.7401
  6.400E+02 -6.066E+02  0.000E+00  0.0000
  6.800E+02 -6.066E+02  0.000E+00  0.0000
 -6.800E+02 -5.673E+02  0.000E+00  0.0000
 -6.400E+02 -5.673E+02  0.000E+00  0.0000
 -6.000E+02 -5.673E+02  0.000E+00  0.0000
 -5.600E+02 -5.673E+02  0.000E+00  0.0000
 -5.200E+02 -5.673E+02  0.000E+00  0.0000
 -4.800E+02 -5.673E+02  2.642E-05  1.0000
 -4.400E+02 -5.673E+02  5.874E-05  1.0000
 -4.000E+02 -5.673E+02  0.000E+00  0.0000
 -3.600E+02 -5.673E+02  0.000E+00  0.0000
 -3.200E+02 -5.673E+02  0.000E+00  0.0000
 -2.800E+02 -5.673E+02  9.015E-05  1.0000
 -2.400E+02 -5.673E+02  2.568E-04  0.7169
 -2.000E+02 -5.673E+02  3.717E-04  1.0000
 -1.600E+02 -5.673E+02  0.000E+00  0.0000
 -1.200E+02 -5.673E+02  0.000E+00  0.0000
 -8.000E+01 -5.673E+02  0.000E+00  0.0000
 -4.000E+01 -5.673E+02  7.099E-06  1.0000
  0.000E+00 -5.673E+02  2.839E-04  1.0000
  4.000E+01 -5.673E+02  1.220E-04  1.0000
  8.000E+01 -5.673E+02  0.000E+00  0.0000
  1.200E+02 -5.673E+02  5.225E-05  1.0000
  1.600E+02 -5.673E+02  3.688E-04  1.0000
  2.000E+02 -5.673E+02  5.681E-05  1.0000
  2.400E+02 -5.673E+02  7.407E-05  0.9440
  2.800E+02 -5.673E+02  0.000E+00  0.0000
  3.200E+02 -5.673E+02  2.114E-04  1.0000
  3.600E+02 -5.673E+02  0.000E+00  0.0000
  4.000E+02 -5.673E+02  0.000E+00  0.0000
  4.400E+02 -5.673E+02  0.000E+00  0.0000
  4.800E+02 -5.673E+02  0.000E+00  0.0000
  5.200E+02 -5.673E+02  0.000E+00  0.0000
  5.600E+02 -5.673E+02  0.000E+00  0.0000
  6.000E+02 -5.673E+02  0.000E+00  0.0000
  6.400E+02 -5.673E+02  0.000E+00  0.0000
  6.800E+02 -5.673E+02  0.000E+00  0.0000
 -6.800E+02 -5.279E+02  3.689E-04  0.9734
 -6.400E+02 -5.279E+02  0.000E+00  0.0000
 -6.000E+02 -5.279E+02  0.000E+00  0.0000
 -5.600E+02 -5.279E+02  6.070E-05  1.0000
 -5.200E+02 -5.279E+02  0.000E+00  0.0000
 -4.800E+02 -5.279E+02  0.000E+00  0.0000
 -4.400E+02 -5.279E+02  0.000E+00  0.0000
 -4.000E+02 -5.279E+02  0.000E+00  0.0000
 -3.600E+02 -5.279E+02  0.000E+00  0.0000
 -3.200E+02 -5.279E+02  0.000E+00  0.0000
 -2.800E+02 -5.279E+02  0.000E+00  0.0000
 -2.400E+02 -5.279E+02  1.120E-04  0.7417
 -2.000E+02 -5.279E+02  0.000E+00  0.0000
 -1.600E+02 -5.279E+02  8.750E-05  0.7142
 -1.200E+02 -5.279E+02  0.000E+00  0.0000
 -8.000E+01 -5.279E+02  0.000E+00  0.0000
 -4.000E+01 -5.279E+02  1.881E-04  1.0000
  0.000E+00 -5.279E+02  8.669E-06  1.0000
  4.000E+01 -5.279E+02  2.630E-04  0.7552
  8.000E+01 -5.279E+02  7.266E-05  1.0000
  1.200E+02 -5.279E+02  3.269E-04  0.8439
  1.600E+02 -5.279E+02  2.024E-04  0.6827
  2.000E+02 -5.279E+02  0.000E+00  0.0000
  2.400E+02 -5.279E+02  4.300E-04  1.0000
  2.800E+02 -5.279E+02  2.996E-04  1.0000
  3.200E+02 -5.279E+02  8.939E-05  1.0000
  3.600E+02 -5.279E+02  0.000E+00  0.0000
  4.000E+02 -5.279E+02  0.000E+00  0.0000
  4.400E+02 -5.279E+02  0.000E+00  0.0000
  4.800E+02 -5.279E+02  2.480E-04  1.0000
  5.200E+02 -5.279E+02  3.064E-04  0.7908
  5.600E+02 -5.279E+02  0.000E+00  0.0000
  6.000E+02 -5.279E+02  0.000E+00  0.0000
  6.400E+02 -5.279E+02  0.000E+00  0.0000
  6.800E+02 -5.279E+02  0.000E+00  0.0000
 -6.800E+02 -4.886E+02  1.520E-04  1.0000
 -6.400E+02 -4.886E+02  2.957E-04  1.0000
 -6.000E+02 -4.886E+02  0.000E+00  0.0000
 -5.600E+02 -4.886E+02  0.000E+00  0.0000
 -5.200E+02 -4.886E+02  0.000E+00  0.0000
 -4.800E+02 -4.886E+02  0.000E+00  0.0000
 -4.400E+02 -4.886E+02  0.000E+00  0.0000
 -4.000E+02 -4.886E+02  0.000E+00  0.0000
 -3.600E+02 -4.886E+02  0.000E+00  0.0000
 -3.200E+02 -4.886E+02  0.000E+00  0.0000
 -2.800E+02 -4.886E+02  1.207E-04  1.0000
 -2.400E+02 -4.886E+02  1.779E-04  1.0000
 -2.000E+02 -4.886E+02  3.454E-04  0.5993
 -1.600E+02 -4.886E+02  3.160E-04  0.6511
 -1.200E+02 -4.886E+02  0.000E+00  0.0000
 -8.000E+01 -4.886E+02  0.000E+00  0.0000
 -4.000E+01 -4.886E+02  0.000E+00  0.0000
  0.000E+00 -4.886E+02  2.675E-04  1.0000
  4.000E+01 -4.886E+02  3.056E-04  0.7081
  8.000E+01 -4.886E+02  2.099E-04  0.9918
  1.200E+02 -4.886E+02  6.802E-04  0.5938
  1.600E+02 -4.886E+02  3.977E-04  0.9978
  2.000E+02 -4.886E+02  1.711E-04  1.0000
  2.400E+02 -4.886E+02  9.338E-07  1.0000
  2.800E+02 -4.886E+02  9.571E-05  1.0000
  3.200E+02 -4.886E+02  3.990E-05  1.0000
  3.600E+02 -4.886E+02  0.000E+00  0.0000
  4.000E+02 -4.886E+02  1.269E-04  1.0000
  4.400E+02 -4.886E+02  0.000E+00  0.0000
  4.800E+02 -4.886E+02  1.557E-04  1.0000
  5.200E+02 -4.886E+02  2.734E-04  1.0000
  5.600E+02 -4.886E+02  0.000E+00  0.0000
  6.000E+02 -4.886E+02  0.000E+00  0.0000
  6.400E+02 -4.886E+02  0.000E+00  0.0000
  6.800E+02 -4.886E+02  0.000E+00  0.0000
 -6.800E+02 -4.492E+02  7.071E-05  1.0000
 -6.400E+02 -4.492E+02  8.518E-05  1.0000
 -6.000E+02 -4.492E+02  0.000E+00  0.0000
 -5.600E+02 -4.492E+02  0.000E+00  0.0000
 -5.200E+02 -4.492E+02  0.000E+00  0.0000
 -4.800E+02 -4.492E+02  0.000E+00  0.0000
 -4.400E+02 -4.492E+02  0.000E+00  0.0000
 -4.000E+02 -4.492E+02  7.160E-06  1.0000
 -3.600E+02 -4.492E+02  1.308E-04  1.0000
 -3.200E+02 -4.492E+02  0.000E+00  0.0000
 -2.800E+02 -4.492E+02  1.523E-04  1.0000
 -2.400E+02 -4.492E+02  9.821E-05  1.0000
 -2.000E+02 -4.492E+02  0.000E+00  0.0000
 -1.600E+02 -4.492E+02  8.415E-05  1.0000
 -1.200E+02 -4.492E+02  4.077E-04  0.7878
 -8.000E+01 -4.492E+02  1.373E-04  0.9648
 -4.000E+01 -4.492E+02  2.095E-04  0.8020
  0.000E+00 -4.492E+02  0.000E+00  0.0000
  4.000E+01 -4.492E+02  0.000E+00  0.0000
  8.000E+01 -4.492E+02  0.000E+00  0.0000
  1.200E+02 -4.492E+02  0.000E+00  0.0000
  1.600E+02 -4.492E+02  0.000E+00  0.0000
  2.000E+02 -4.492E+02  1.346E-04  1.0000
  2.400E+02 -4.492E+02  1.115E-04  1.0000
  2.800E+02 -4.492E+02  0.000E+00  0.0000
  3.200E+02 -4.492E+02  4.252E-04  0.7194
  3.600E+02 -4.492E+02  0.000E+00  0.0000
  4.000E+02 -4.492E+02  7.917E-05  1.0000
  4.400E+02 -4.492E+02  0.000E+00  0.0000
  4.800E+02 -4.492E+02  0.000E+00  0.0000
  5.200E+02 -4.492E+02  8.373E-05  0.9358
  5.600E+02 -4.492E+02  4.015E-04  0.9658
  6.000E+02 -4.492E+02  8.830E-05  1.0000
  6.400E+02 -4.492E+02  2.248E-04  0.7198
  6.800E+02 -4.492E+02  0.000E+00  0.0000
 -6.800E+02 -4.099E+02  3.009E-04  1.0000
 -6.400E+02 -4.099E+02  0.000E+00  0.0000
 -6.000E+02 -4.099E+02  0.000E+00  0.0000
 -5.600E+02 -4.099E+02  0.000E+00  0.0000
 -5.200E+02 -4.099E+02  3.150E-04  0.6495
 -4.800E+02 -4.099E+02  0.000E+00  0.0000
 -4.400E+02 -4.099E+02  0.000E+00  0.0000
 -4.000E+02 -4.099E+02  3.979E-05  1.0000
 -3.600E+02 -4.099E+02  0.000E+00  0.0000
 -3.200E+02 -4.099E+02  0.000E+00  0.0000
 -2.800E+02 -4.099E+02  0.000E+00  0.0000
 -2.400E+02 -4.099E+02  1.307E-04  1.0000
 -2.000E+02 -4.099E+02  0.000E+00  0.0000
 -1.600E+02 -4.099E+02  0.000E+00  0.0000
 -1.200E+02 -4.099E+02  7.924E-05  1.0000
 -8.000E+01 -4.099E+02  1.025E-04  1.0000
 -4.000E+01 -4.099E+02  5.594E-04  0.5159
  0.000E+00 -4.099E+02  0.000E+00  0.0000
  4.000E+01 -4.099E+02  9.787E-05  1.0000
  8.000E+01 -4.099E+02  5.233E-04  1.0000
  1.200E+02 -4.099E+02  0.000E+00  0.0000
  1.600E+02 -4.099E+02  1.378E-04  0.7295
  2.000E+02 -4.099E+02  1.463E-05  1.0000
  2.400E+02 -4.099E+02  0.000E+00  0.0000
  2.800E+02 -4.099E+02  0.000E+00  0.0000
  3.200E+02 -4.099E+02  0.000E+00  0.0000
  3.600E+02 -4.099E+02  0.000E+00  0.0000
  4.000E+02 -4.099E+02  3.013E-05  1.0000
  4.400E+02 -4.099E+02  0.000E+00  0.0000
  4.800E+02 -4.099E+02  1.396E-04  0.7841
  5.200E+02 -4.099E+02  0.000E+00  0.0000
  5.600E+02 -4.099E+02  0.000E+00  0.0000
  6.000E+02 -4.099E+02  0.000E+00  0.0000
  6.400E+02 -4.099E+02  0.000E+00  0.0000
  6.800E+02 -4.099E+02  1.628E-05  1.0000
 -6.800E+02 -3.705E+02  0.000E+00  0.0000
 -6.400E+02 -3.705E+02  0.000E+00  0.0000
 -6.000E+02 -3.705E+02  0.000E+00  0.0000
 -5.600E+02 -3.705E+02  5.489E-05  1.0000
 -5.200E+02 -3.705E+02  5.535E-04  0.5428
 -4.800E+02 -3.705E+02  2.287E-04  1.0000
 -4.400E+02 -3.705E+02  1.000E-05  1.0000
 -4.000E+02 -3.705E+02  0.000E+00  0.0000
 -3.600E+02 -3.705E+02  1.667E-04  1.0000
 -3.200E+02 -3.705E+02  0.000E+00  0.0000
 -2.800E+02 -3.705E+02  0.000E+00  0.0000
 -2.400E+02 -3.705E+02  0.000E+00  0.0000
 -2.000E+02 -3.705E+02  0.000E+00  0.0000
 -1.600E+02 -3.705E+02  0.000E+00  0.0000
 -1.200E+02 -3.705E+02  0.000E+00  0.0000
 -8.000E+01 -3.705E+02  0.000E+00  0.0000
 -4.000E+01 -3.705E+02  2.479E-04  0.9570
  0.000E+00 -3.705E+02  2.954E-04  1.0000
  4.000E+01 -3.705E+02  0.000E+00  0.0000
  8.000E+01 -3.705E+02  0.000E+00  0.0000
  1.200E+02 -3.705E+02  0.000E+00  0.0000
  1.600E+02 -3.705E+02  7.541E-07  1.0000
  2.000E+02 -3.705E+02  2.570E-04  1.0000
  2.400E+02 -3.705E+02  2.629E-05  1.0000
  2.800E+02 -3.705E+02  8.150E-05  1.0000
  3.200E+02 -3.705E+02  5.776E-05  1.0000
  3.600E+02 -3.705E+02  0.000E+00  0.0000
  4.000E+02 -3.705E+02  0.000E+00  0.0000
  4.400E+02 -3.705E+02  3.423E-05  1.0000
  4.800E+02 -3.705E+02  1.980E-04  0.7756
  5.200E+02 -3.705E+02  1.417E-04  1.0000
  5.600E+02 -3.705E+02  0.000E+00  0.0000
  6.000E+02 -3.705E+02  0.000E+00  0.0000
  6.400E+02 -3.705E+02  0.000E+00  0.0000
  6.800E+02 -3.705E+02  0.000E+00  0.0000
 -6.800E+02 -3.312E+02  5.086E-06  1.0000
 -6.400E+02 -3.312E+02  4.363E-04  0.7423
 -6.000E+02 -3.312E+02  0.000E+00  0.0000
 -5.600E+02 -3.312E+02  8.288E-05  0.8444
 -5.200E+02 -3.312E+02  4.846E-05  1.0000
 -4.800E+02 -3.312E+02  1.211E-04  1.0000
 -4.400E+02 -3.312E+02  1.561E-04  1.0000
 -4.000E+02 -3.312E+02  0.000E+00  0.0000
 -3.600E+02 -3.312E+02  6.291E-05  1.0000
 -3.200E+02 -3.312E+02  0.000E+00  0.0000
 -2.800E+02 -3.312E+02  4.873E-05  1.0000
 -2.400E+02 -3.312E+02  1.320E-04  0.7272
 -2.000E+02 -3.312E+02  2.643E-04  0.7200
 -1.600E+02 -3.312E+02  0.000E+00  0.0000
 -1.200E+02 -3.312E+02  0.000E+00  0.0000
 -8.000E+01 -3.312E+02  6.789E-05  1.0000
 -4.000E+01 -3.312E+02  1.691E-04  1.0000
  0.000E+00 -3.312E+02  2.092E-04  1.0000
  4.000E+01 -3.312E+02  9.710E-05  1.0000
  8.000E+01 -3.312E+02  0.000E+00  0.0000
  1.200E+02 -3.312E+02  0.000E+00  0.0000
  1.600E+02 -3.312E+02  3.089E-04  1.0000
  2.000E+02 -3.312E+02  1.497E-04  0.7910
  2.400E+02 -3.312E+02  3.061E-04  0.8705
  2.800E+02 -3.312E+02  4.746E-04  0.7113
  3.200E+02 -3.312E+02  0.000E+00  0.0000
  3.600E+02 -3.312E+02  0.000E+00  0.0000
  4.000E+02 -3.312E+02  0.000E+00  0.0000
  4.400E+02 -3.312E+02  0.000E+00  0.0000
  4.800E+02 -3.312E+02  0.000E+00  0.0000
  5.200E+02 -3.312E+02  0.000E+00  0.0000
  5.600E+02 -3.312E+02  1.911E-04  1.0000
  6.000E+02 -3.312E+02  0.000E+00  0.0000
  6.400E+02 -3.312E+02  0.000E+00  0.0000
  6.800E+02 -3.312E+02  0.000E+00  0.0000
 -6.800E+02 -2.918E+02  2.308E-04  0.5079
 -6.400E+02 -2.918E+02  1.784E-06  1.0000
 -6.000E+02 -2.918E+02  0.000E+00  0.0000
 -5.600E+02 -2.918E+02  1.222E-04  1.0000
 -5.200E+02 -2.918E+02  2.028E-04  1.0000
 -4.800E+02 -2.918E+02  2.035E-04  0.7081
 -4.400E+02 -2.918E+02  5.733E-05  1.0000
 -4.000E+02 -2.918E+02  5.949E-05  1.0000
 -3.600E+02 -2.918E+02  1.478E-04  0.7286
 -3.200E+02 -2.918E+02  6.180E-04  0.8088
 -2.800E+02 -2.918E+02  2.678E-04  0.7129
 -2.400E+02 -2.918E+02  0.000E+00  0.0000
 -2.000E+02 -2.918E+02  8.298E-05  1.0000
 -1.600E+02 -2.918E+02  0.000E+00  0.0000
 -1.200E+02 -2.918E+02  0.000E+00  0.0000
 -8.000E+01 -2.918E+02  2.370E-04  1.0000
 -4.000E+01 -2.918E+02  0.000E+00  0.0000
  0.000E+00 -2.918E+02  0.000E+00  0.0000
  4.000E+01 -2.918E+02  3.063E-04  1.0000
  8.000E+01 -2.918E+02  1.023E-05  1.0000
  1.200E+02 -2.918E+02  1.726E-04  1.0000
  1.600E+02 -2.918E+02  3.449E-04  0.7092
  2.000E+02 -2.918E+02  1.506E-04  1.0000
  2.400E+02 -2.918E+02  1.610E-04  1.0000
  2.800E+02 -2.918E+02  5.730E-05  1.0000
  3.200E+02 -2.918E+02  2.518E-04  1.0000
  3.600E+02 -2.918E+02  8.211E-05  1.0000
  4.000E+02 -2.918E+02  4.546E-05  1.0000
  4.400E+02 -2.918E+02  1.083E-04  1.0000
  4.800E+02 -2.918E+02  0.000E+00  0.0000
  5.200E+02 -2.918E+02  1.016E-04  1.0000
  5.600E+02 -2.918E+02  0.000E+00  0.0000
  6.000E+02 -2.918E+02  5.205E-05  1.0000
  6.400E+02 -2.918E+02  0.000E+00  0.0000
  6.800E+02 -2.918E+02  0.000E+00  0.0000
 -6.800E+02 -2.525E+02  2.236E-04  0.8912
 -6.400E+02 -2.525E+02  1.605E-04  1.0000
 -6.000E+02 -2.525E+02  0.000E+00  0.0000
 -5.600E+02 -2.525E+02  5.920E-05  1.0000
 -5.200E+02 -2.525E+02  4.353E-04  0.5482
 -4.800E+02 -2.525E+02  1.244E-04  0.7850
 -4.400E+02 -2.525E+02  1.737E-04  0.7789
 -4.000E+02 -2.525E+02  5.014E-04  0.5776
 -3.600E+02 -2.525E+02  2.216E-04  0.7826
 -3.200E+02 -2.525E+02  3.866E-04  0.6490
 -2.800E+02 -2.525E+02  1.275E-04  0.8456
 -2.400E+02 -2.525E+02  1.488E-04  1.0000
 -2.000E+02 -2.525E+02  2.935E-04  1.0000
 -1.600E+02 -2.525E+02  0.000E+00  0.0000
 -1.200E+02 -2.525E+02  0.000E+00  0.0000
 -8.000E+01 -2.525E+02  2.370E-04  1.0000
 -4.000E+01 -2.525E+02  0.000E+00  0.0000
  0.000E+00 -2.525E+02  1.675E-04  1.0000
  4.000E+01 -2.525E+02  2.727E-04  0.7302
  8.000E+01 -2.525E+02  6.137E-04  0.5956
  1.200E+02 -2.525E+02  3.102E-04  1.0000
  1.600E+02 -2.525E+02  1.501E-04  0.7695
  2.000E+02 -2.525E+02  2.319E-04  1.0000
  2.400E+02 -2.525E+02  2.057E-04  0.8281
  2.800E+02 -2.525E+02  2.967E-04  0.9285
  3.200E+02 -2.525E+02  9.172E-05  1.0000
  3.600E+02 -2.525E+02  3.375E-04  0.7128
  4.000E+02 -2.525E+02  0.000E+00  0.0000
  4.400E+02 -2.525E+02  0.000E+00  0.0000
  4.800E+02 -2.525E+02  0.000E+00  0.0000
  5.200E+02 -2.525E+02  3.786E-05  1.0000
  5.600E+02 -2.525E+02  2.038E-04  1.0000
  6.000E+02 -2.525E+02  6.623E-05  1.0000
  6.400E+02 -2.525E+02  1.201E-04  1.0000
  6.800E+02 -2.525E+02  0.000E+00  0.0000
 -6.800E+02 -2.132E+02  3.287E-05  1.0000
 -6.400E+02 -2.132E+02  2.082E-04  1.0000
 -6.000E+02 -2.132E+02  0.000E+00  0.0000
 -5.600E+02 -2.132E+02  4.332E-04  0.5422
 -5.200E+02 -2.132E+02  8.342E-04  0.4874
 -4.800E+02 -2.132E+02  8.452E-05  1.0000
 -4.400E+02 -2.132E+02  0.000E+00  0.0000
 -4.000E+02 -2.132E+02  1.372E-04  0.7999
 -3.600E+02 -2.132E+02  0.000E+00  0.0000
 -3.200E+02 -2.132E+02  9.144E-05  1.0000
 -2.800E+02 -2.132E+02  1.426E-04  1.0000
 -2.400E+02 -2.132E+02  6.249E-04  0.7745
 -2.000E+02 -2.132E+02  4.334E-04  1.0000
 -1.600E+02 -2.132E+02  6.967E-05  1.0000
 -1.200E+02 -2.132E+02  3.959E-04  0.7133
 -8.000E+01 -2.132E+02  1.986E-04  0.9386
 -4.000E+01 -2.132E+02  3.102E-04  1.0000
  0.000E+00 -2.132E+02  1.427E-04  1.0000
  4.000E+01 -2.132E+02  1.387E-04  1.0000
  8.000E+01 -2.132E+02  3.417E-04  0.8850
  1.200E+02 -2.132E+02  6.845E-06  1.0000
  1.600E+02 -2.132E+02  0.000E+00  0.0000
  2.000E+02 -2.132E+02  0.000E+00  0.0000
  2.400E+02 -2.132E+02  0.000E+00  0.0000
  2.800E+02 -2.132E+02  1.986E-04  1.0000
  3.200E+02 -2.132E+02  8.073E-05  1.0000
  3.600E+02 -2.132E+02  1.669E-04  1.0000
  4.000E+02 -2.132E+02  1.582E-04  1.0000
  4.400E+02 -2.132E+02  0.000E+00  0.0000
  4.800E+02 -2.132E+02  0.000E+00  0.0000
  5.200E+02 -2.132E+02  0.000E+00  0.0000
  5.600E+02 -2.132E+02  0.000E+00  0.0000
  6.000E+02 -2.132E+02  0.000E+00  0.0000
  6.400E+02 -2.132E+02  4.775E-05  1.0000
  6.800E+02 -2.132E+02  0.000E+00  0.0000
 -6.800E+02 -1.738E+02  0.000E+00  0.0000
 -6.400E+02 -1.738E+02  2.830E-07  1.0000
 -6.000E+02 -1.738E+02  0.000E+00  0.0000
 -5.600E+02 -1.738E+02  9.770E-05  1.0000
 -5.200E+02 -1.738E+02  2.218E-04  0.6065
 -4.800E+02 -1.738E+02  0.000E+00  0.0000
 -4.400E+02 -1.738E+02  0.000E+00  0.0000
 -4.000E+02 -1.738E+02  1.389E-04  1.0000
 -3.600E+02 -1.738E+02  1.035E-04  1.0000
 -3.200E+02 -1.738E+02  0.000E+00  0.0000
 -2.800E+02 -1.738E+02  0.000E+00  0.0000
 -2.400E+02 -1.738E+02  0.000E+00  0.0000
 -2.000E+02 -1.738E+02  0.000E+00  0.0000
 -1.600E+02 -1.738E+02  7.357E-05  1.0000
 -1.200E+02 -1.738E+02  3.757E-04  0.7309
 -8.000E+01 -1.738E+02  1.242E-04  1.0000
 -4.000E+01 -1.738E+02  0.000E+00  0.0000
  0.000E+00 -1.738E+02  0.000E+00  0.0000
  4.000E+01 -1.738E+02  0.000E+00  0.0000
  8.000E+01 -1.738E+02  0.000E+00  0.0000
  1.200E+02 -1.738E+02  3.063E-04  1.0000
  1.600E+02 -1.738E+02  3.777E-05  1.0000
  2.000E+02 -1.738E+02  1.172E-04  1.0000
  2.400E+02 -1.738E+02  1.485E-05  1.0000
  2.800E+02 -1.738E+02  6.384E-04  0.7741
  3.200E+02 -1.738E+02  1.093E-05  0.9948
  3.600E+02 -1.738E+02  4.600E-04  0.7610
  4.000E+02 -1.738E+02  0.000E+00  0.0000
  4.400E+02 -1.738E+02  1.463E-04  0.7360
  4.800E+02 -1.738E+02  3.489E-04  0.5666
  5.200E+02 -1.738E+02  5.245E-05  0.9356
  5.600E+02 -1.738E+02  6.756E-04  0.6373
  6.000E+02 -1.738E+02  2.159E-06  1.0000
  6.400E+02 -1.738E+02  0.000E+00  0.0000
  6.800E+02 -1.738E+02  0.000E+00  0.0000
 -6.800E+02 -1.345E+02  0.000E+00  0.0000
 -6.400E+02 -1.345E+02  1.574E-04  1.0000
 -6.000E+02 -1.345E+02  0.000E+00  0.0000
 -5.600E+02 -1.345E+02  0.000E+00  0.0000
 -5.200E+02 -1.345E+02  6.392E-05  0.7510
 -4.800E+02 -1.345E+02  2.058E-04  0.7439
 -4.400E+02 -1.345E+02  0.000E+00  0.0000
 -4.000E+02 -1.345E+02  2.642E-05  1.0000
 -3.600E+02 -1.345E+02  4.798E-05  0.9945
 -3.200E+02 -1.345E+02  0.000E+00  0.0000
 -2.800E+02 -1.345E+02  1.209E-04  1.0000
 -2.400E+02 -1.345E+02  0.000E+00  0.0000
 -2.000E+02 -1.345E+02  3.332E-04  0.7779
 -1.600E+02 -1.345E+02  8.510E-05  0.8977
 -1.200E+02 -1.345E+02  1.052E-04  0.7071
 -8.000E+01 -1.345E+02  0.000E+00  0.0000
 -4.000E+01 -1.345E+02  0.000E+00  0.0000
  0.000E+00 -1.345E+02  0.000E+00  0.0000
  4.000E+01 -1.345E+02  0.000E+00  0.0000
  8.000E+01 -1.345E+02  0.000E+00  0.0000
  1.200E+02 -1.345E+02  1.914E-04  1.0000
  1.600E+02 -1.345E+02  3.080E-04  0.6037
  2.000E+02 -1.345E+02  0.000E+00  0.0000
  2.400E+02 -1.345E+02  7.204E-05  1.0000
  2.800E+02 -1.345E+02  8.889E-05  0.8526
  3.200E+02 -1.345E+02  4.529E-05  0.6219
  3.600E+02 -1.345E+02  7.817E-04  0.5935
  4.000E+02 -1.345E+02  0.000E+00  0.0000
  4.400E+02 -1.345E+02  5.106E-04  0.9654
  4.800E+02 -1.345E+02  1.867E-04  0.7500
  5.200E+02 -1.345E+02  1.560E-04  1.0000
  5.600E+02 -1.345E+02  9.171E-05  0.8748
  6.000E+02 -1.345E+02  4.304E-04  0.5863
  6.400E+02 -1.345E+02  1.354E-04  0.7087
  6.800E+02 -1.345E+02  0.000E+00  0.0000
 -6.800E+02 -9.511E+01  3.438E-05  1.0000
 -6.400E+02 -9.511E+01  3.043E-04  0.7081
 -6.000E+02 -9.511E+01  5.227E-04  0.5393
 -5.600E+02 -9.511E+01  2.016E-04  0.9828
 -5.200E+02 -9.511E+01  4.957E-04  0.7154
 -4.800E+02 -9.511E+01  0.000E+00  0.0000
 -4.400E+02 -9.511E+01  2.153E-04  0.8102
 -4.000E+02 -9.511E+01  2.857E-05  1.0000
 -3.600E+02 -9.511E+01  1.339E-04  0.7088
 -3.200E+02 -9.511E+01  6.628E-05  0.9821
 -2.800E+02 -9.511E+01  4.801E-04  0.5891
 -2.400E+02 -9.511E+01  5.114E-04  0.8275
 -2.000E+02 -9.511E+01  4.245E-04  0.6177
 -1.600E+02 -9.511E+01  4.016E-04  0.7335
 -1.200E+02 -9.511E+01  1.326E-04  1.0000
 -8.000E+01 -9.511E+01  3.708E-05  1.0000
 -4.000E+01 -9.511E+01  2.989E-04  0.7723
  0.000E+00 -9.511E+01  3.979E-05  1.0000
  4.000E+01 -9.511E+01  0.000E+00  0.0000
  8.000E+01 -9.511E+01  0.000E+00  0.0000
  1.200E+02 -9.511E+01  0.000E+00  0.0000
  1.600E+02 -9.511E+01  1.355E-04  0.8295
  2.000E+02 -9.511E+01  0.000E+00  0.0000
  2.400E+02 -9.511E+01  0.000E+00  0.0000
  2.800E+02 -9.511E+01  1.872E-04  1.0000
  3.200E+02 -9.511E+01  3.492E-04  0.9748
  3.600E+02 -9.511E+01  1.447E-06  1.0000
  4.000E+02 -9.511E+01  3.186E-04  0.8089
  4.400E+02 -9.511E+01  0.000E+00  0.0000
  4.800E+02 -9.511E+01  0.000E+00  0.0000
  5.200E+02 -9.511E+01  5.817E-05  1.0000
  5.600E+02 -9.511E+01  2.889E-04  0.8250
  6.000E+02 -9.511E+01  4.496E-04  0.5905
  6.400E+02 -9.511E+01  3.383E-04  1.0000
  6.800E+02 -9.511E+01  1.660E-05  1.0000
 -6.800E+02 -5.576E+01  1.489E-04  0.7087
 -6.400E+02 -5.576E+01  0.000E+00  0.0000
 -6.000E+02 -5.576E+01  1.786E-04  0.8862
 -5.600E+02 -5.576E+01  2.365E-04  0.7258
 -5.200E+02 -5.576E+01  1.518E-05  1.0000
 -4.800E+02 -5.576E+01  0.000E+00  0.0000
 -4.400E+02 -5.576E+01  1.937E-04  1.0000
 -4.000E+02 -5.576E+01  0.000E+00  0.0000
 -3.600E+02 -5.576E+01  5.506E-05  0.9915
 -3.200E+02 -5.576E+01  1.564E-04  0.7165
 -2.800E+02 -5.576E+01  6.687E-05  0.7453
 -2.400E+02 -5.576E+01  1.279E-04  0.7566
 -2.000E+02 -5.576E+01  5.000E-04  0.7376
 -1.600E+02 -5.576E+01  2.187E-04  0.6268
 -1.200E+02 -5.576E+01  3.748E-04  1.0000
 -8.000E+01 -5.576E+01  3.719E-05  1.0000
 -4.000E+01 -5.576E+01  1.398E-04  1.0000
  0.000E+00 -5.576E+01  3.103E-05  1.0000
  4.000E+01 -5.576E+01  9.852E-05  1.0000
  8.000E+01 -5.576E+01  0.000E+00  0.0000
  1.200E+02 -5.576E+01  3.492E-04  0.7179
  1.600E+02 -5.576E+01  1.811E-07  1.0000
  2.000E+02 -5.576E+01  2.526E-05  1.0000
  2.400E+02 -5.576E+01  2.890E-05  1.0000
  2.800E+02 -5.576E+01  1.851E-04  1.0000
  3.200E+02 -5.576E+01  1.368E-04  0.7372
  3.600E+02 -5.576E+01  3.124E-04  1.0000
  4.000E+02 -5.576E+01  0.000E+00  0.0000
  4.400E+02 -5.576E+01  1.951E-05  1.0000
  4.800E+02 -5.576E+01  1.364E-05  1.0000
  5.200E+02 -5.576E+01  1.787E-04  0.7070
  5.600E+02 -5.576E+01  6.308E-04  0.5921
  6.000E+02 -5.576E+01  1.697E-04  1.0000
  6.400E+02 -5.576E+01  2.039E-04  1.0000
  6.800E+02 -5.576E+01  5.177E-05  1.0000
 -6.800E+02 -1.641E+01  6.008E-04  0.6509
 -6.400E+02 -1.641E+01  1.736E-05  1.0000
 -6.000E+02 -1.641E+01  2.453E-04  0.8061
 -5.600E+02 -1.641E+01  1.605E-04  1.0000
 -5.200E+02 -1.641E+01  0.000E+00  0.0000
 -4.800E+02 -1.641E+01  0.000E+00  0.0000
 -4.400E+02 -1.641E+01  0.000E+00  0.0000
 -4.000E+02 -1.641E+01  4.545E-04  1.0000
 -3.600E+02 -1.641E+01  2.592E-04  0.7634
 -3.200E+02 -1.641E+01  2.635E-04  0.8793
 -2.800E+02 -1.641E+01  1.410E-04  0.8374
 -2.400E+02 -1.641E+01  0.000E+00  0.0000
 -2.000E+02 -1.641E+01  0.000E+00  0.0000
 -1.600E+02 -1.641E+01  0.000E+00  0.0000
 -1.200E+02 -1.641E+01  1.758E-04  1.0000
 -8.000E+01 -1.641E+01  0.000E+00  0.0000
 -4.000E+01 -1.641E+01  0.000E+00  0.0000
  0.000E+00 -1.641E+01  0.000E+00  0.0000
  4.000E+01 -1.641E+01  6.658E-05  1.0000
  8.000E+01 -1.641E+01  0.000E+00  0.0000
  1.200E+02 -1.641E+01  4.715E-04  0.8790
  1.600E+02 -1.641E+01  5.032E-05  0.7085
  2.000E+02 -1.641E+01  1.876E-04  0.7395
  2.400E+02 -1.641E+01  1.671E-04  1.0000
  2.800E+02 -1.641E+01  0.000E+00  0.0000
  3.200E+02 -1.641E+01  1.293E-04  1.0000
  3.600E+02 -1.641E+01  0.000E+00  0.0000
  4.000E+02 -1.641E+01  1.529E-04  1.0000
  4.400E+02 -1.641E+01  4.189E-04  1.0000
  4.800E+02 -1.641E+01  8.784E-05  1.0000
  5.200E+02 -1.641E+01  1.983E-04  0.7850
  5.600E+02 -1.641E+01  2.879E-04  0.8403
  6.000E+02 -1.641E+01  0.000E+00  0.0000
  6.400E+02 -1.641E+01  3.314E-04  0.6791
  6.800E+02 -1.641E+01  5.123E-05  0.8513
 -6.800E+02  2.293E+01  0.000E+00  0.0000
 -6.400E+02  2.293E+01  0.000E+00  0.0000
 -6.000E+02  2.293E+01  0.000E+00  0.0000
 -5.600E+02  2.293E+01  0.000E+00  0.0000
 -5.200E+02  2.293E+01  0.000E+00  0.0000
 -4.800E+02  2.293E+01  0.000E+00  0.0000
 -4.400E+02  2.293E+01  0.000E+00  0.0000
 -4.000E+02  2.293E+01  0.000E+00  0.0000
 -3.600E+02  2.293E+01  0.000E+00  0.0000
 -3.200E+02  2.293E+01  0.000E+00  0.0000
 -2.800E+02  2.293E+01  0.000E+00  0.0000
 -2.400E+02  2.293E+01  0.000E+00  0.0000
 -2.000E+02  2.293E+01  0.000E+00  0.0000
 -1.600E+02  2.293E+01  0.000E+00  0.0000
 -1.200E+02  2.293E+01  0.000E+00  0.0000
 -8.000E+01  2.293E+01  0.000E+00  0.0000
 -4.000E+01  2.293E+01  0.000E+00  0.0000
  0.000E+00  2.293E+01  0.000E+00  0.0000
  4.000E+01  2.293E+01  0.000E+00  0.0000
  8.000E+01  2.293E+01  0.000E+00  0.0000
  1.200E+02  2.293E+01  0.000E+00  0.0000
  1.600E+02  2.293E+01  0.000E+00  0.0000
  2.000E+02  2.293E+01  9.445E-05  1.0000
  2.400E+02  2.293E+01  2.096E-04  1.0000
  2.800E+02  2.293E+01  0.000E+00  0.0000
  3.200E+02  2.293E+01  3.006E-05  1.0000
  3.600E+02  2.293E+01  4.057E-05  1.0000
  4.000E+02  2.293E+01  0.000E+00  0.0000
  4.400E+02  2.293E+01  0.000E+00  0.0000
  4.800E+02  2.293E+01  0.000E+00  0.0000
  5.200E+02  2.293E+01  0.000E+00  0.0000
  5.600E+02  2.293E+01  1.201E-04  1.0000
  6.000E+02  2.293E+01  0.000E+00  0.0000
  6.400E+02  2.293E+01  2.502E-04  1.0000
  6.800E+02  2.293E+01  2.098E-04  1.0000
 -6.800E+02  6.228E+01  0.000E+00  0.0000
 -6.400E+02  6.228E+01  0.000E+00  0.0000
 -6.000E+02  6.228E+01  0.000E+00  0.0000
 -5.600E+02  6.228E+01  0.000E+00  0.0000
 -5.200E+02  6.228E+01  0.000E+00  0.0000
 -4.800E+02  6.228E+01  0.000E+00  0.0000
 -4.400E+02  6.228E+01  0.000E+00  0.0000
 -4.000E+02  6.228E+01  0.000E+00  0.0000
 -3.600E+02  6.228E+01  0.000E+00  0.0000
 -3.200E+02  6.228E+01  0.000E+00  0.0000
 -2.800E+02  6.228E+01  0.000E+00  0.0000
 -2.400E+02  6.228E+01  0.000E+00  0.0000
 -2.000E+02  6.228E+01  0.000E+00  0.0000
 -1.600E+02  6.228E+01  0.000E+00  0.0000
 -1.200E+02  6.228E+01  0.000E+00  0.0000
 -8.000E+01  6.228E+01  0.000E+00  0.0000
 -4.000E+01  6.228E+01  0.000E+00  0.0000
  0.000E+00  6.228E+01  0.000E+00  0.0000
  4.000E+01  6.228E+01  0.000E+00  0.0000
  8.000E+01  6.228E+01  0.000E+00  0.0000
  1.200E+02  6.228E+01  0.000E+00  0.0000
  1.600E+02  6.228E+01  0.000E+00  0.0000
  2.000E+02  6.228E+01  0.000E+00  0.0000
  2.400E+02  6.228E+01  4.376E-06  1.0000
  2.800E+02  6.228E+01  2.140E-04  1.0000
  3.200E+02  6.228E+01  8.570E-05  1.0000
  3.600E+02  6.228E+01  7.064E-05  1.0000
  4.000E+02  6.228E+01  0.000E+00  0.0000
  4.400E+02  6.228E+01  0.000E+00  0.0000
  4.800E+02  6.228E+01  0.000E+00  0.0000
  5.200E+02  6.228E+01  0.000E+00  0.0000
  5.600E+02  6.228E+01  1.201E-04  1.0000
  6.000E+02  6.228E+01  0.000E+00  0.0000
  6.400E+02  6.228E+01  1.149E-04  1.0000
  6.800E+02  6.228E+01  3.450E-04  0.7234
 -6.800E+02  1.016E+02  0.000E+00  0.0000
 -6.400E+02  1.016E+02  0.000E+00  0.0000
 -6.000E+02  1.016E+02  0.000E+00  0.0000
 -5.600E+02  1.016E+02  0.000E+00  0.0000
 -5.200E+02  1.016E+02  0.000E+00  0.0000
 -4.800E+02  1.016E+02  0.000E+00  0.0000
 -4.400E+02  1.016E+02  0.000E+00  0.0000
 -4.000E+02  1.016E+02  0.000E+00  0.0000
 -3.600E+02  1.016E+02  0.000E+00  0.0000
 -3.200E+02  1.016E+02  0.000E+00  0.0000
 -2.800E+02  1.016E+02  0.000E+00  0.0000
 -2.400E+02  1.016E+02  0.000E+00  0.0000
 -2.000E+02  1.016E+02  0.000E+00  0.0000
 -1.600E+02  1.016E+02  0.000E+00  0.0000
 -1.200E+02  1.016E+02  0.000E+00  0.0000
 -8.000E+01  1.016E+02  0.000E+00  0.0000
 -4.000E+01  1.016E+02  0.000E+00  0.0000
  0.000E+00  1.016E+02  0.000E+00  0.0000
  4.000E+01  1.016E+02  0.000E+00  0.0000
  8.000E+01  1.016E+02  0.000E+00  0.0000
  1.200E+02  1.016E+02  0.000E+00  0.0000
  1.600E+02  1.016E+02  0.000E+00  0.0000
  2.000E+02  1.016E+02  0.000E+00  0.0000
  2.400E+02  1.016E+02  0.000E+00  0.0000
  2.800E+02  1.016E+02  0.000E+00  0.0000
  3.200E+02  1.016E+02  1.283E-04  1.0000
  3.600E+02  1.016E+02  1.272E-04  0.7113
  4.000E+02  1.016E+02  0.000E+00  0.0000
  4.400E+02  1.016E+02  0.000E+00  0.0000
  4.800E+02  1.016E+02  0.000E+00  0.0000
  5.200E+02  1.016E+02  0.000E+00  0.0000
  5.600E+02  1.016E+02  6.518E-05  1.0000
  6.000E+02  1.016E+02  5.491E-05  1.0000
  6.400E+02  1.016E+02  0.000E+00  0.0000
  6.800E+02  1.016E+02  3.484E-04  0.7714
 -6.800E+02  1.410E+02  0.000E+00  0.0000
 -6.400E+02  1.410E+02  0.000E+00  0.0000
 -6.000E+02  1.410E+02  0.000E+00  0.0000
 -5.600E+02  1.410E+02  0.000E+00  0.0000
 -5.200E+02  1.410E+02  0.000E+00  0.0000
 -4.800E+02  1.410E+02  0.000E+00  0.0000
 -4.400E+02  1.410E+02  0.000E+00  0.0000
 -4.000E+02  1.410E+02  0.000E+00  0.0000
 -3.600E+02  1.410E+02  0.000E+00  0.0000
 -3.200E+02  1.410E+02  0.000E+00  0.0000
 -2.800E+02  1.410E+02  0.000E+00  0.0000
 -2.400E+02  1.410E+02  0.000E+00  0.0000
 -2.000E+02  1.410E+02  0.000E+00  0.0000
 -1.600E+02  1.410E+02  0.000E+00  0.0000
 -1.200E+02  1.410E+02  0.000E+00  0.0000
 -8.000E+01  1.410E+02  0.000E+00  0.0000
 -4.000E+01  1.410E+02  0.000E+00  0.0000
  0.000E+00  1.410E+02  0.000E+00  0.0000
  4.000E+01  1.410E+02  0.000E+00  0.0000
  8.000E+01  1.410E+02  0.000E+00  0.0000
  1.200E+02  1.410E+02  0.000E+00  0.0000
  1.600E+02  1.410E+02  0.000E+00  0.0000
  2.000E+02  1.410E+02  0.000E+00  0.0000
  2.400E+02  1.410E+02  0.000E+00  0.0000
  2.800E+02  1.410E+02  0.000E+00  0.0000
  3.200E+02  1.410E+02  0.000E+00  0.0000
  3.600E+02  1.410E+02  2.751E-06  1.0000
  4.000E+02  1.410E+02  6.789E-05  1.0000
  4.400E+02  1.410E+02  0.000E+00  0.0000
  4.800E+02  1.410E+02  0.000E+00  0.0000
  5.200E+02  1.410E+02  0.000E+00  0.0000
  5.600E+02  1.410E+02  0.000E+00  0.0000
  6.000E+02  1.410E+02  1.201E-04  1.0000
  6.400E+02  1.410E+02  0.000E+00  0.0000
  6.800E+02  1.410E+02  9.505E-05  1.0000
 -6.800E+02  1.803E+02  0.000E+00  0.0000
 -6.400E+02  1.803E+02  0.000E+00  0.0000
 -6.000E+02  1.803E+02  0.000E+00  0.0000
 -5.600E+02  1.803E+02  0.000E+00  0.0000
 -5.200E+02  1.803E+02  0.000E+00  0.0000
 -4.800E+02  1.803E+02  0.000E+00  0.0000
 -4.400E+02  1.803E+02  0.000E+00  0.0000
 -4.000E+02  1.803E+02  0.000E+00  0.0000
 -3.600E+02  1.803E+02  0.000E+00  0.0000
 -3.200E+02  1.803E+02  0.000E+00  0.0000
 -2.800E+02  1.803E+02  0.000E+00  0.0000
 -2.400E+02  1.803E+02  0.000E+00  0.0000
 -2.000E+02  1.803E+02  0.000E+00  0.0000
 -1.600E+02  1.803E+02  0.000E+00  0.0000
 -1.200E+02  1.803E+02  0.000E+00  0.0000
 -8.000E+01  1.803E+02  0.000E+00  0.0000
 -4.000E+01  1.803E+02  0.000E+00  0.0000
  0.000E+00  1.803E+02  0.000E+00  0.0000
  4.000E+01  1.803E+02  0.000E+00  0.0000
  8.000E+01  1.803E+02  0.000E+00  0.0000
  1.200E+02  1.803E+02  0.000E+00  0.0000
  1.600E+02  1.803E+02  0.000E+00  0.0000
  2.000E+02  1.803E+02  0.000E+00  0.0000
  2.400E+02  1.803E+02  0.000E+00  0.0000
  2.800E+02  1.803E+02  0.000E+00  0.0000
  3.200E+02  1.803E+02  0.000E+00  0.0000
  3.600E+02  1.803E+02  0.000E+00  0.0000
  4.000E+02  1.803E+02  7.064E-05  1.0000
  4.400E+02  1.803E+02  0.000E+00  0.0000
  4.800E+02  1.803E+02  0.000E+00  0.0000
  5.200E+02  1.803E+02  0.000E+00  0.0000
  5.600E+02  1.803E+02  0.000E+00  0.0000
  6.000E+02  1.803E+02  1.201E-04  1.0000
  6.400E+02  1.803E+02  0.000E+00  0.0000
  6.800E+02  1.803E+02  0.000E+00  0.0000

#------------------------------------------------------------------------------
 newpage:
#   no. =  4   ie  =  4   iy  =  1   part. = neutron 
#   e = (   2.0000E+01  -   1.0000E+05  )
#   y = (  -1.0000E+03  -   1.0000E+03  )
#  nx =  35   nz =  23

# x          z          flux       r.err
 -6.800E+02 -6.853E+02  0.000E+00  0.0000
 -6.400E+02 -6.853E+02  0.000E+00  0.0000
 -6.000E+02 -6.853E+02  0.000E+00  0.0000
 -5.600E+02 -6.853E+02  0.000E+00  0.0000
 -5.200E+02 -6.853E+02  0.000E+00  0.0000
 -4.800E+02 -6.853E+02  0.000E+00  0.0000
 -4.400E+02 -6.853E+02  0.000E+00  0.0000
 -4.000E+02 -6.853E+02  0.000E+00  0.0000
 -3.600E+02 -6.853E+02  0.000E+00  0.0000
 -3.200E+02 -6.853E+02  0.000E+00  0.0000
 -2.800E+02 -6.853E+02  0.000E+00  0.0000
 -2.400E+02 -6.853E+02  0.000E+00  0.0000
 -2.000E+02 -6.853E+02  0.000E+00  0.0000
 -1.600E+02 -6.853E+02  0.000E+00  0.0000
 -1.200E+02 -6.853E+02  0.000E+00  0.0000
 -8.000E+01 -6.853E+02  0.000E+00  0.0000
 -4.000E+01 -6.853E+02  0.000E+00  0.0000
  0.000E+00 -6.853E+02  0.000E+00  0.0000
  4.000E+01 -6.853E+02  0.000E+00  0.0000
  8.000E+01 -6.853E+02  0.000E+00  0.0000
  1.200E+02 -6.853E+02  0.000E+00  0.0000
  1.600E+02 -6.853E+02  0.000E+00  0.0000
  2.000E+02 -6.853E+02  0.000E+00  0.0000
  2.400E+02 -6.853E+02  0.000E+00  0.0000
  2.800E+02 -6.853E+02  0.000E+00  0.0000
  3.200E+02 -6.853E+02  0.000E+00  0.0000
  3.600E+02 -6.853E+02  0.000E+00  0.0000
  4.000E+02 -6.853E+02  0.000E+00  0.0000
  4.400E+02 -6.853E+02  0.000E+00  0.0000
  4.800E+02 -6.853E+02  0.000E+00  0.0000
  5.200E+02 -6.853E+02  0.000E+00  0.0000
  5.600E+02 -6.853E+02  0.000E+00  0.0000
  6.000E+02 -6.853E+02  0.000E+00  0.0000
  6.400E+02 -6.853E+02  0.000E+00  0.0000
  6.800E+02 -6.853E+02  0.000E+00  0.0000
 -6.800E+02 -6.460E+02  0.000E+00  0.0000
 -6.400E+02 -6.460E+02  0.000E+00  0.0000
 -6.000E+02 -6.460E+02  0.000E+00  0.0000
 -5.600E+02 -6.460E+02  0.000E+00  0.0000
 -5.200E+02 -6.460E+02  0.000E+00  0.0000
 -4.800E+02 -6.460E+02  0.000E+00  0.0000
 -4.400E+02 -6.460E+02  0.000E+00  0.0000
 -4.000E+02 -6.460E+02  0.000E+00  0.0000
 -3.600E+02 -6.460E+02  0.000E+00  0.0000
 -3.200E+02 -6.460E+02  0.000E+00  0.0000
 -2.800E+02 -6.460E+02  0.000E+00  0.0000
 -2.400E+02 -6.460E+02  0.000E+00  0.0000
 -2.000E+02 -6.460E+02  0.000E+00  0.0000
 -1.600E+02 -6.460E+02  0.000E+00  0.0000
 -1.200E+02 -6.460E+02  0.000E+00  0.0000
 -8.000E+01 -6.460E+02  0.000E+00  0.0000
 -4.000E+01 -6.460E+02  0.000E+00  0.0000
  0.000E+00 -6.460E+02  0.000E+00  0.0000
  4.000E+01 -6.460E+02  0.000E+00  0.0000
  8.000E+01 -6.460E+02  0.000E+00  0.0000
  1.200E+02 -6.460E+02  0.000E+00  0.0000
  1.600E+02 -6.460E+02  0.000E+00  0.0000
  2.000E+02 -6.460E+02  0.000E+00  0.0000
  2.400E+02 -6.460E+02  0.000E+00  0.0000
  2.800E+02 -6.460E+02  0.000E+00  0.0000
  3.200E+02 -6.460E+02  0.000E+00  0.0000
  3.600E+02 -6.460E+02  0.000E+00  0.0000
  4.000E+02 -6.460E+02  0.000E+00  0.0000
  4.400E+02 -6.460E+02  0.000E+00  0.0000
  4.800E+02 -6.460E+02  0.000E+00  0.0000
  5.200E+02 -6.460E+02  0.000E+00  0.0000
  5.600E+02 -6.460E+02  0.000E+00  0.0000
  6.000E+02 -6.460E+02  0.000E+00  0.0000
  6.400E+02 -6.460E+02  0.000E+00  0.0000
  6.800E+02 -6.460E+02  0.000E+00  0.0000
 -6.800E+02 -6.066E+02  0.000E+00  0.0000
 -6.400E+02 -6.066E+02  0.000E+00  0.0000
 -6.000E+02 -6.066E+02  0.000E+00  0.0000
 -5.600E+02 -6.066E+02  0.000E+00  0.0000
 -5.200E+02 -6.066E+02  0.000E+00  0.0000
 -4.800E+02 -6.066E+02  0.000E+00  0.0000
 -4.400E+02 -6.066E+02  0.000E+00  0.0000
 -4.000E+02 -6.066E+02  0.000E+00  0.0000
 -3.600E+02 -6.066E+02  0.000E+00  0.0000
 -3.200E+02 -6.066E+02  0.000E+00  0.0000
 -2.800E+02 -6.066E+02  0.000E+00  0.0000
 -2.400E+02 -6.066E+02  0.000E+00  0.0000
 -2.000E+02 -6.066E+02  0.000E+00  0.0000
 -1.600E+02 -6.066E+02  0.000E+00  0.0000
 -1.200E+02 -6.066E+02  0.000E+00  0.0000
 -8.000E+01 -6.066E+02  0.000E+00  0.0000
 -4.000E+01 -6.066E+02  0.000E+00  0.0000
  0.000E+00 -6.066E+02  0.000E+00  0.0000
  4.000E+01 -6.066E+02  0.000E+00  0.0000
  8.000E+01 -6.066E+02  0.000E+00  0.0000
  1.200E+02 -6.066E+02  0.000E+00  0.0000
  1.600E+02 -6.066E+02  0.000E+00  0.0000
  2.000E+02 -6.066E+02  0.000E+00  0.0000
  2.400E+02 -6.066E+02  0.000E+00  0.0000
  2.800E+02 -6.066E+02  0.000E+00  0.0000
  3.200E+02 -6.066E+02  0.000E+00  0.0000
  3.600E+02 -6.066E+02  0.000E+00  0.0000
  4.000E+02 -6.066E+02  0.000E+00  0.0000
  4.400E+02 -6.066E+02  0.000E+00  0.0000
  4.800E+02 -6.066E+02  0.000E+00  0.0000
  5.200E+02 -6.066E+02  0.000E+00  0.0000
  5.600E+02 -6.066E+02  0.000E+00  0.0000
  6.000E+02 -6.066E+02  1.735E-05  1.0000
  6.400E+02 -6.066E+02  0.000E+00  0.0000
  6.800E+02 -6.066E+02  0.000E+00  0.0000
 -6.800E+02 -5.673E+02  0.000E+00  0.0000
 -6.400E+02 -5.673E+02  0.000E+00  0.0000
 -6.000E+02 -5.673E+02  0.000E+00  0.0000
 -5.600E+02 -5.673E+02  0.000E+00  0.0000
 -5.200E+02 -5.673E+02  0.000E+00  0.0000
 -4.800E+02 -5.673E+02  0.000E+00  0.0000
 -4.400E+02 -5.673E+02  0.000E+00  0.0000
 -4.000E+02 -5.673E+02  0.000E+00  0.0000
 -3.600E+02 -5.673E+02  0.000E+00  0.0000
 -3.200E+02 -5.673E+02  0.000E+00  0.0000
 -2.800E+02 -5.673E+02  0.000E+00  0.0000
 -2.400E+02 -5.673E+02  0.000E+00  0.0000
 -2.000E+02 -5.673E+02  0.000E+00  0.0000
 -1.600E+02 -5.673E+02  0.000E+00  0.0000
 -1.200E+02 -5.673E+02  0.000E+00  0.0000
 -8.000E+01 -5.673E+02  0.000E+00  0.0000
 -4.000E+01 -5.673E+02  0.000E+00  0.0000
  0.000E+00 -5.673E+02  0.000E+00  0.0000
  4.000E+01 -5.673E+02  0.000E+00  0.0000
  8.000E+01 -5.673E+02  0.000E+00  0.0000
  1.200E+02 -5.673E+02  0.000E+00  0.0000
  1.600E+02 -5.673E+02  0.000E+00  0.0000
  2.000E+02 -5.673E+02  0.000E+00  0.0000
  2.400E+02 -5.673E+02  0.000E+00  0.0000
  2.800E+02 -5.673E+02  0.000E+00  0.0000
  3.200E+02 -5.673E+02  0.000E+00  0.0000
  3.600E+02 -5.673E+02  0.000E+00  0.0000
  4.000E+02 -5.673E+02  0.000E+00  0.0000
  4.400E+02 -5.673E+02  0.000E+00  0.0000
  4.800E+02 -5.673E+02  0.000E+00  0.0000
  5.200E+02 -5.673E+02  0.000E+00  0.0000
  5.600E+02 -5.673E+02  0.000E+00  0.0000
  6.000E+02 -5.673E+02  0.000E+00  0.0000
  6.400E+02 -5.673E+02  0.000E+00  0.0000
  6.800E+02 -5.673E+02  0.000E+00  0.0000
 -6.800E+02 -5.279E+02  0.000E+00  0.0000
 -6.400E+02 -5.279E+02  0.000E+00  0.0000
 -6.000E+02 -5.279E+02  0.000E+00  0.0000
 -5.600E+02 -5.279E+02  0.000E+00  0.0000
 -5.200E+02 -5.279E+02  0.000E+00  0.0000
 -4.800E+02 -5.279E+02  0.000E+00  0.0000
 -4.400E+02 -5.279E+02  0.000E+00  0.0000
 -4.000E+02 -5.279E+02  0.000E+00  0.0000
 -3.600E+02 -5.279E+02  1.922E-04  1.0000
 -3.200E+02 -5.279E+02  0.000E+00  0.0000
 -2.800E+02 -5.279E+02  0.000E+00  0.0000
 -2.400E+02 -5.279E+02  0.000E+00  0.0000
 -2.000E+02 -5.279E+02  0.000E+00  0.0000
 -1.600E+02 -5.279E+02  0.000E+00  0.0000
 -1.200E+02 -5.279E+02  0.000E+00  0.0000
 -8.000E+01 -5.279E+02  0.000E+00  0.0000
 -4.000E+01 -5.279E+02  0.000E+00  0.0000
  0.000E+00 -5.279E+02  0.000E+00  0.0000
  4.000E+01 -5.279E+02  0.000E+00  0.0000
  8.000E+01 -5.279E+02  0.000E+00  0.0000
  1.200E+02 -5.279E+02  0.000E+00  0.0000
  1.600E+02 -5.279E+02  0.000E+00  0.0000
  2.000E+02 -5.279E+02  0.000E+00  0.0000
  2.400E+02 -5.279E+02  0.000E+00  0.0000
  2.800E+02 -5.279E+02  0.000E+00  0.0000
  3.200E+02 -5.279E+02  0.000E+00  0.0000
  3.600E+02 -5.279E+02  0.000E+00  0.0000
  4.000E+02 -5.279E+02  0.000E+00  0.0000
  4.400E+02 -5.279E+02  0.000E+00  0.0000
  4.800E+02 -5.279E+02  0.000E+00  0.0000
  5.200E+02 -5.279E+02  2.846E-05  0.7343
  5.600E+02 -5.279E+02  0.000E+00  0.0000
  6.000E+02 -5.279E+02  0.000E+00  0.0000
  6.400E+02 -5.279E+02  0.000E+00  0.0000
  6.800E+02 -5.279E+02  0.000E+00  0.0000
 -6.800E+02 -4.886E+02  0.000E+00  0.0000
 -6.400E+02 -4.886E+02  0.000E+00  0.0000
 -6.000E+02 -4.886E+02  0.000E+00  0.0000
 -5.600E+02 -4.886E+02  0.000E+00  0.0000
 -5.200E+02 -4.886E+02  0.000E+00  0.0000
 -4.800E+02 -4.886E+02  0.000E+00  0.0000
 -4.400E+02 -4.886E+02  0.000E+00  0.0000
 -4.000E+02 -4.886E+02  1.613E-04  1.0000
 -3.600E+02 -4.886E+02  3.823E-05  1.0000
 -3.200E+02 -4.886E+02  0.000E+00  0.0000
 -2.800E+02 -4.886E+02  0.000E+00  0.0000
 -2.400E+02 -4.886E+02  0.000E+00  0.0000
 -2.000E+02 -4.886E+02  0.000E+00  0.0000
 -1.600E+02 -4.886E+02  0.000E+00  0.0000
 -1.200E+02 -4.886E+02  0.000E+00  0.0000
 -8.000E+01 -4.886E+02  0.000E+00  0.0000
 -4.000E+01 -4.886E+02  0.000E+00  0.0000
  0.000E+00 -4.886E+02  0.000E+00  0.0000
  4.000E+01 -4.886E+02  0.000E+00  0.0000
  8.000E+01 -4.886E+02  0.000E+00  0.0000
  1.200E+02 -4.886E+02  0.000E+00  0.0000
  1.600E+02 -4.886E+02  0.000E+00  0.0000
  2.000E+02 -4.886E+02  0.000E+00  0.0000
  2.400E+02 -4.886E+02  0.000E+00  0.0000
  2.800E+02 -4.886E+02  0.000E+00  0.0000
  3.200E+02 -4.886E+02  0.000E+00  0.0000
  3.600E+02 -4.886E+02  0.000E+00  0.0000
  4.000E+02 -4.886E+02  0.000E+00  0.0000
  4.400E+02 -4.886E+02  0.000E+00  0.0000
  4.800E+02 -4.886E+02  0.000E+00  0.0000
  5.200E+02 -4.886E+02  1.225E-04  1.0000
  5.600E+02 -4.886E+02  0.000E+00  0.0000
  6.000E+02 -4.886E+02  0.000E+00  0.0000
  6.400E+02 -4.886E+02  0.000E+00  0.0000
  6.800E+02 -4.886E+02  0.000E+00  0.0000
 -6.800E+02 -4.492E+02  0.000E+00  0.0000
 -6.400E+02 -4.492E+02  0.000E+00  0.0000
 -6.000E+02 -4.492E+02  0.000E+00  0.0000
 -5.600E+02 -4.492E+02  0.000E+00  0.0000
 -5.200E+02 -4.492E+02  0.000E+00  0.0000
 -4.800E+02 -4.492E+02  0.000E+00  0.0000
 -4.400E+02 -4.492E+02  0.000E+00  0.0000
 -4.000E+02 -4.492E+02  8.458E-05  1.0000
 -3.600E+02 -4.492E+02  0.000E+00  0.0000
 -3.200E+02 -4.492E+02  0.000E+00  0.0000
 -2.800E+02 -4.492E+02  2.449E-05  1.0000
 -2.400E+02 -4.492E+02  0.000E+00  0.0000
 -2.000E+02 -4.492E+02  0.000E+00  0.0000
 -1.600E+02 -4.492E+02  0.000E+00  0.0000
 -1.200E+02 -4.492E+02  0.000E+00  0.0000
 -8.000E+01 -4.492E+02  0.000E+00  0.0000
 -4.000E+01 -4.492E+02  0.000E+00  0.0000
  0.000E+00 -4.492E+02  0.000E+00  0.0000
  4.000E+01 -4.492E+02  0.000E+00  0.0000
  8.000E+01 -4.492E+02  0.000E+00  0.0000
  1.200E+02 -4.492E+02  0.000E+00  0.0000
  1.600E+02 -4.492E+02  0.000E+00  0.0000
  2.000E+02 -4.492E+02  0.000E+00  0.0000
  2.400E+02 -4.492E+02  0.000E+00  0.0000
  2.800E+02 -4.492E+02  0.000E+00  0.0000
  3.200E+02 -4.492E+02  0.000E+00  0.0000
  3.600E+02 -4.492E+02  0.000E+00  0.0000
  4.000E+02 -4.492E+02  0.000E+00  0.0000
  4.400E+02 -4.492E+02  0.000E+00  0.0000
  4.800E+02 -4.492E+02  0.000E+00  0.0000
  5.200E+02 -4.492E+02  0.000E+00  0.0000
  5.600E+02 -4.492E+02  0.000E+00  0.0000
  6.000E+02 -4.492E+02  0.000E+00  0.0000
  6.400E+02 -4.492E+02  0.000E+00  0.0000
  6.800E+02 -4.492E+02  0.000E+00  0.0000
 -6.800E+02 -4.099E+02  0.000E+00  0.0000
 -6.400E+02 -4.099E+02  0.000E+00  0.0000
 -6.000E+02 -4.099E+02  0.000E+00  0.0000
 -5.600E+02 -4.099E+02  0.000E+00  0.0000
 -5.200E+02 -4.099E+02  0.000E+00  0.0000
 -4.800E+02 -4.099E+02  0.000E+00  0.0000
 -4.400E+02 -4.099E+02  0.000E+00  0.0000
 -4.000E+02 -4.099E+02  0.000E+00  0.0000
 -3.600E+02 -4.099E+02  0.000E+00  0.0000
 -3.200E+02 -4.099E+02  0.000E+00  0.0000
 -2.800E+02 -4.099E+02  0.000E+00  0.0000
 -2.400E+02 -4.099E+02  0.000E+00  0.0000
 -2.000E+02 -4.099E+02  0.000E+00  0.0000
 -1.600E+02 -4.099E+02  0.000E+00  0.0000
 -1.200E+02 -4.099E+02  0.000E+00  0.0000
 -8.000E+01 -4.099E+02  0.000E+00  0.0000
 -4.000E+01 -4.099E+02  0.000E+00  0.0000
  0.000E+00 -4.099E+02  0.000E+00  0.0000
  4.000E+01 -4.099E+02  0.000E+00  0.0000
  8.000E+01 -4.099E+02  0.000E+00  0.0000
  1.200E+02 -4.099E+02  0.000E+00  0.0000
  1.600E+02 -4.099E+02  0.000E+00  0.0000
  2.000E+02 -4.099E+02  0.000E+00  0.0000
  2.400E+02 -4.099E+02  0.000E+00  0.0000
  2.800E+02 -4.099E+02  0.000E+00  0.0000
  3.200E+02 -4.099E+02  0.000E+00  0.0000
  3.600E+02 -4.099E+02  0.000E+00  0.0000
  4.000E+02 -4.099E+02  0.000E+00  0.0000
  4.400E+02 -4.099E+02  0.000E+00  0.0000
  4.800E+02 -4.099E+02  0.000E+00  0.0000
  5.200E+02 -4.099E+02  0.000E+00  0.0000
  5.600E+02 -4.099E+02  0.000E+00  0.0000
  6.000E+02 -4.099E+02  0.000E+00  0.0000
  6.400E+02 -4.099E+02  0.000E+00  0.0000
  6.800E+02 -4.099E+02  0.000E+00  0.0000
 -6.800E+02 -3.705E+02  0.000E+00  0.0000
 -6.400E+02 -3.705E+02  0.000E+00  0.0000
 -6.000E+02 -3.705E+02  0.000E+00  0.0000
 -5.600E+02 -3.705E+02  0.000E+00  0.0000
 -5.200E+02 -3.705E+02  0.000E+00  0.0000
 -4.800E+02 -3.705E+02  0.000E+00  0.0000
 -4.400E+02 -3.705E+02  0.000E+00  0.0000
 -4.000E+02 -3.705E+02  0.000E+00  0.0000
 -3.600E+02 -3.705E+02  0.000E+00  0.0000
 -3.200E+02 -3.705E+02  0.000E+00  0.0000
 -2.800E+02 -3.705E+02  0.000E+00  0.0000
 -2.400E+02 -3.705E+02  0.000E+00  0.0000
 -2.000E+02 -3.705E+02  0.000E+00  0.0000
 -1.600E+02 -3.705E+02  0.000E+00  0.0000
 -1.200E+02 -3.705E+02  0.000E+00  0.0000
 -8.000E+01 -3.705E+02  0.000E+00  0.0000
 -4.000E+01 -3.705E+02  0.000E+00  0.0000
  0.000E+00 -3.705E+02  0.000E+00  0.0000
  4.000E+01 -3.705E+02  0.000E+00  0.0000
  8.000E+01 -3.705E+02  0.000E+00  0.0000
  1.200E+02 -3.705E+02  0.000E+00  0.0000
  1.600E+02 -3.705E+02  0.000E+00  0.0000
  2.000E+02 -3.705E+02  0.000E+00  0.0000
  2.400E+02 -3.705E+02  0.000E+00  0.0000
  2.800E+02 -3.705E+02  0.000E+00  0.0000
  3.200E+02 -3.705E+02  0.000E+00  0.0000
  3.600E+02 -3.705E+02  0.000E+00  0.0000
  4.000E+02 -3.705E+02  0.000E+00  0.0000
  4.400E+02 -3.705E+02  0.000E+00  0.0000
  4.800E+02 -3.705E+02  0.000E+00  0.0000
  5.200E+02 -3.705E+02  0.000E+00  0.0000
  5.600E+02 -3.705E+02  0.000E+00  0.0000
  6.000E+02 -3.705E+02  0.000E+00  0.0000
  6.400E+02 -3.705E+02  0.000E+00  0.0000
  6.800E+02 -3.705E+02  0.000E+00  0.0000
 -6.800E+02 -3.312E+02  0.000E+00  0.0000
 -6.400E+02 -3.312E+02  0.000E+00  0.0000
 -6.000E+02 -3.312E+02  0.000E+00  0.0000
 -5.600E+02 -3.312E+02  0.000E+00  0.0000
 -5.200E+02 -3.312E+02  0.000E+00  0.0000
 -4.800E+02 -3.312E+02  0.000E+00  0.0000
 -4.400E+02 -3.312E+02  0.000E+00  0.0000
 -4.000E+02 -3.312E+02  0.000E+00  0.0000
 -3.600E+02 -3.312E+02  0.000E+00  0.0000
 -3.200E+02 -3.312E+02  0.000E+00  0.0000
 -2.800E+02 -3.312E+02  0.000E+00  0.0000
 -2.400E+02 -3.312E+02  0.000E+00  0.0000
 -2.000E+02 -3.312E+02  0.000E+00  0.0000
 -1.600E+02 -3.312E+02  0.000E+00  0.0000
 -1.200E+02 -3.312E+02  0.000E+00  0.0000
 -8.000E+01 -3.312E+02  0.000E+00  0.0000
 -4.000E+01 -3.312E+02  0.000E+00  0.0000
  0.000E+00 -3.312E+02  0.000E+00  0.0000
  4.000E+01 -3.312E+02  0.000E+00  0.0000
  8.000E+01 -3.312E+02  0.000E+00  0.0000
  1.200E+02 -3.312E+02  0.000E+00  0.0000
  1.600E+02 -3.312E+02  0.000E+00  0.0000
  2.000E+02 -3.312E+02  0.000E+00  0.0000
  2.400E+02 -3.312E+02  0.000E+00  0.0000
  2.800E+02 -3.312E+02  0.000E+00  0.0000
  3.200E+02 -3.312E+02  0.000E+00  0.0000
  3.600E+02 -3.312E+02  0.000E+00  0.0000
  4.000E+02 -3.312E+02  0.000E+00  0.0000
  4.400E+02 -3.312E+02  0.000E+00  0.0000
  4.800E+02 -3.312E+02  0.000E+00  0.0000
  5.200E+02 -3.312E+02  0.000E+00  0.0000
  5.600E+02 -3.312E+02  0.000E+00  0.0000
  6.000E+02 -3.312E+02  0.000E+00  0.0000
  6.400E+02 -3.312E+02  0.000E+00  0.0000
  6.800E+02 -3.312E+02  0.000E+00  0.0000
 -6.800E+02 -2.918E+02  0.000E+00  0.0000
 -6.400E+02 -2.918E+02  0.000E+00  0.0000
 -6.000E+02 -2.918E+02  0.000E+00  0.0000
 -5.600E+02 -2.918E+02  0.000E+00  0.0000
 -5.200E+02 -2.918E+02  0.000E+00  0.0000
 -4.800E+02 -2.918E+02  0.000E+00  0.0000
 -4.400E+02 -2.918E+02  0.000E+00  0.0000
 -4.000E+02 -2.918E+02  0.000E+00  0.0000
 -3.600E+02 -2.918E+02  0.000E+00  0.0000
 -3.200E+02 -2.918E+02  0.000E+00  0.0000
 -2.800E+02 -2.918E+02  0.000E+00  0.0000
 -2.400E+02 -2.918E+02  0.000E+00  0.0000
 -2.000E+02 -2.918E+02  0.000E+00  0.0000
 -1.600E+02 -2.918E+02  0.000E+00  0.0000
 -1.200E+02 -2.918E+02  0.000E+00  0.0000
 -8.000E+01 -2.918E+02  0.000E+00  0.0000
 -4.000E+01 -2.918E+02  0.000E+00  0.0000
  0.000E+00 -2.918E+02  0.000E+00  0.0000
  4.000E+01 -2.918E+02  0.000E+00  0.0000
  8.000E+01 -2.918E+02  0.000E+00  0.0000
  1.200E+02 -2.918E+02  0.000E+00  0.0000
  1.600E+02 -2.918E+02  0.000E+00  0.0000
  2.000E+02 -2.918E+02  0.000E+00  0.0000
  2.400E+02 -2.918E+02  0.000E+00  0.0000
  2.800E+02 -2.918E+02  0.000E+00  0.0000
  3.200E+02 -2.918E+02  0.000E+00  0.0000
  3.600E+02 -2.918E+02  0.000E+00  0.0000
  4.000E+02 -2.918E+02  0.000E+00  0.0000
  4.400E+02 -2.918E+02  0.000E+00  0.0000
  4.800E+02 -2.918E+02  0.000E+00  0.0000
  5.200E+02 -2.918E+02  0.000E+00  0.0000
  5.600E+02 -2.918E+02  0.000E+00  0.0000
  6.000E+02 -2.918E+02  0.000E+00  0.0000
  6.400E+02 -2.918E+02  0.000E+00  0.0000
  6.800E+02 -2.918E+02  0.000E+00  0.0000
 -6.800E+02 -2.525E+02  0.000E+00  0.0000
 -6.400E+02 -2.525E+02  0.000E+00  0.0000
 -6.000E+02 -2.525E+02  0.000E+00  0.0000
 -5.600E+02 -2.525E+02  0.000E+00  0.0000
 -5.200E+02 -2.525E+02  0.000E+00  0.0000
 -4.800E+02 -2.525E+02  0.000E+00  0.0000
 -4.400E+02 -2.525E+02  0.000E+00  0.0000
 -4.000E+02 -2.525E+02  0.000E+00  0.0000
 -3.600E+02 -2.525E+02  0.000E+00  0.0000
 -3.200E+02 -2.525E+02  0.000E+00  0.0000
 -2.800E+02 -2.525E+02  0.000E+00  0.0000
 -2.400E+02 -2.525E+02  1.106E-04  1.0000
 -2.000E+02 -2.525E+02  2.306E-05  1.0000
 -1.600E+02 -2.525E+02  0.000E+00  0.0000
 -1.200E+02 -2.525E+02  0.000E+00  0.0000
 -8.000E+01 -2.525E+02  0.000E+00  0.0000
 -4.000E+01 -2.525E+02  0.000E+00  0.0000
  0.000E+00 -2.525E+02  0.000E+00  0.0000
  4.000E+01 -2.525E+02  0.000E+00  0.0000
  8.000E+01 -2.525E+02  0.000E+00  0.0000
  1.200E+02 -2.525E+02  0.000E+00  0.0000
  1.600E+02 -2.525E+02  0.000E+00  0.0000
  2.000E+02 -2.525E+02  0.000E+00  0.0000
  2.400E+02 -2.525E+02  0.000E+00  0.0000
  2.800E+02 -2.525E+02  0.000E+00  0.0000
  3.200E+02 -2.525E+02  0.000E+00  0.0000
  3.600E+02 -2.525E+02  0.000E+00  0.0000
  4.000E+02 -2.525E+02  0.000E+00  0.0000
  4.400E+02 -2.525E+02  0.000E+00  0.0000
  4.800E+02 -2.525E+02  0.000E+00  0.0000
  5.200E+02 -2.525E+02  0.000E+00  0.0000
  5.600E+02 -2.525E+02  0.000E+00  0.0000
  6.000E+02 -2.525E+02  0.000E+00  0.0000
  6.400E+02 -2.525E+02  0.000E+00  0.0000
  6.800E+02 -2.525E+02  0.000E+00  0.0000
 -6.800E+02 -2.132E+02  0.000E+00  0.0000
 -6.400E+02 -2.132E+02  0.000E+00  0.0000
 -6.000E+02 -2.132E+02  0.000E+00  0.0000
 -5.600E+02 -2.132E+02  0.000E+00  0.0000
 -5.200E+02 -2.132E+02  0.000E+00  0.0000
 -4.800E+02 -2.132E+02  0.000E+00  0.0000
 -4.400E+02 -2.132E+02  0.000E+00  0.0000
 -4.000E+02 -2.132E+02  6.049E-06  1.0000
 -3.600E+02 -2.132E+02  0.000E+00  0.0000
 -3.200E+02 -2.132E+02  0.000E+00  0.0000
 -2.800E+02 -2.132E+02  0.000E+00  0.0000
 -2.400E+02 -2.132E+02  0.000E+00  0.0000
 -2.000E+02 -2.132E+02  3.355E-05  1.0000
 -1.600E+02 -2.132E+02  4.473E-05  1.0000
 -1.200E+02 -2.132E+02  0.000E+00  0.0000
 -8.000E+01 -2.132E+02  0.000E+00  0.0000
 -4.000E+01 -2.132E+02  0.000E+00  0.0000
  0.000E+00 -2.132E+02  0.000E+00  0.0000
  4.000E+01 -2.132E+02  0.000E+00  0.0000
  8.000E+01 -2.132E+02  0.000E+00  0.0000
  1.200E+02 -2.132E+02  0.000E+00  0.0000
  1.600E+02 -2.132E+02  0.000E+00  0.0000
  2.000E+02 -2.132E+02  0.000E+00  0.0000
  2.400E+02 -2.132E+02  0.000E+00  0.0000
  2.800E+02 -2.132E+02  0.000E+00  0.0000
  3.200E+02 -2.132E+02  0.000E+00  0.0000
  3.600E+02 -2.132E+02  0.000E+00  0.0000
  4.000E+02 -2.132E+02  0.000E+00  0.0000
  4.400E+02 -2.132E+02  0.000E+00  0.0000
  4.800E+02 -2.132E+02  0.000E+00  0.0000
  5.200E+02 -2.132E+02  0.000E+00  0.0000
  5.600E+02 -2.132E+02  0.000E+00  0.0000
  6.000E+02 -2.132E+02  0.000E+00  0.0000
  6.400E+02 -2.132E+02  0.000E+00  0.0000
  6.800E+02 -2.132E+02  0.000E+00  0.0000
 -6.800E+02 -1.738E+02  0.000E+00  0.0000
 -6.400E+02 -1.738E+02  0.000E+00  0.0000
 -6.000E+02 -1.738E+02  0.000E+00  0.0000
 -5.600E+02 -1.738E+02  4.183E-05  1.0000
 -5.200E+02 -1.738E+02  1.342E-05  1.0000
 -4.800E+02 -1.738E+02  0.000E+00  0.0000
 -4.400E+02 -1.738E+02  0.000E+00  0.0000
 -4.000E+02 -1.738E+02  0.000E+00  0.0000
 -3.600E+02 -1.738E+02  0.000E+00  0.0000
 -3.200E+02 -1.738E+02  0.000E+00  0.0000
 -2.800E+02 -1.738E+02  0.000E+00  0.0000
 -2.400E+02 -1.738E+02  0.000E+00  0.0000
 -2.000E+02 -1.738E+02  0.000E+00  0.0000
 -1.600E+02 -1.738E+02  0.000E+00  0.0000
 -1.200E+02 -1.738E+02  0.000E+00  0.0000
 -8.000E+01 -1.738E+02  0.000E+00  0.0000
 -4.000E+01 -1.738E+02  0.000E+00  0.0000
  0.000E+00 -1.738E+02  0.000E+00  0.0000
  4.000E+01 -1.738E+02  0.000E+00  0.0000
  8.000E+01 -1.738E+02  0.000E+00  0.0000
  1.200E+02 -1.738E+02  0.000E+00  0.0000
  1.600E+02 -1.738E+02  0.000E+00  0.0000
  2.000E+02 -1.738E+02  0.000E+00  0.0000
  2.400E+02 -1.738E+02  0.000E+00  0.0000
  2.800E+02 -1.738E+02  0.000E+00  0.0000
  3.200E+02 -1.738E+02  0.000E+00  0.0000
  3.600E+02 -1.738E+02  0.000E+00  0.0000
  4.000E+02 -1.738E+02  0.000E+00  0.0000
  4.400E+02 -1.738E+02  0.000E+00  0.0000
  4.800E+02 -1.738E+02  0.000E+00  0.0000
  5.200E+02 -1.738E+02  0.000E+00  0.0000
  5.600E+02 -1.738E+02  0.000E+00  0.0000
  6.000E+02 -1.738E+02  0.000E+00  0.0000
  6.400E+02 -1.738E+02  0.000E+00  0.0000
  6.800E+02 -1.738E+02  0.000E+00  0.0000
 -6.800E+02 -1.345E+02  0.000E+00  0.0000
 -6.400E+02 -1.345E+02  0.000E+00  0.0000
 -6.000E+02 -1.345E+02  0.000E+00  0.0000
 -5.600E+02 -1.345E+02  0.000E+00  0.0000
 -5.200E+02 -1.345E+02  2.070E-04  1.0000
 -4.800E+02 -1.345E+02  0.000E+00  0.0000
 -4.400E+02 -1.345E+02  0.000E+00  0.0000
 -4.000E+02 -1.345E+02  0.000E+00  0.0000
 -3.600E+02 -1.345E+02  0.000E+00  0.0000
 -3.200E+02 -1.345E+02  0.000E+00  0.0000
 -2.800E+02 -1.345E+02  0.000E+00  0.0000
 -2.400E+02 -1.345E+02  0.000E+00  0.0000
 -2.000E+02 -1.345E+02  0.000E+00  0.0000
 -1.600E+02 -1.345E+02  0.000E+00  0.0000
 -1.200E+02 -1.345E+02  0.000E+00  0.0000
 -8.000E+01 -1.345E+02  0.000E+00  0.0000
 -4.000E+01 -1.345E+02  0.000E+00  0.0000
  0.000E+00 -1.345E+02  0.000E+00  0.0000
  4.000E+01 -1.345E+02  0.000E+00  0.0000
  8.000E+01 -1.345E+02  0.000E+00  0.0000
  1.200E+02 -1.345E+02  0.000E+00  0.0000
  1.600E+02 -1.345E+02  0.000E+00  0.0000
  2.000E+02 -1.345E+02  0.000E+00  0.0000
  2.400E+02 -1.345E+02  0.000E+00  0.0000
  2.800E+02 -1.345E+02  0.000E+00  0.0000
  3.200E+02 -1.345E+02  0.000E+00  0.0000
  3.600E+02 -1.345E+02  0.000E+00  0.0000
  4.000E+02 -1.345E+02  0.000E+00  0.0000
  4.400E+02 -1.345E+02  0.000E+00  0.0000
  4.800E+02 -1.345E+02  0.000E+00  0.0000
  5.200E+02 -1.345E+02  0.000E+00  0.0000
  5.600E+02 -1.345E+02  0.000E+00  0.0000
  6.000E+02 -1.345E+02  0.000E+00  0.0000
  6.400E+02 -1.345E+02  0.000E+00  0.0000
  6.800E+02 -1.345E+02  0.000E+00  0.0000
 -6.800E+02 -9.511E+01  0.000E+00  0.0000
 -6.400E+02 -9.511E+01  0.000E+00  0.0000
 -6.000E+02 -9.511E+01  0.000E+00  0.0000
 -5.600E+02 -9.511E+01  0.000E+00  0.0000
 -5.200E+02 -9.511E+01  7.678E-05  1.0000
 -4.800E+02 -9.511E+01  0.000E+00  0.0000
 -4.400E+02 -9.511E+01  0.000E+00  0.0000
 -4.000E+02 -9.511E+01  0.000E+00  0.0000
 -3.600E+02 -9.511E+01  0.000E+00  0.0000
 -3.200E+02 -9.511E+01  0.000E+00  0.0000
 -2.800E+02 -9.511E+01  0.000E+00  0.0000
 -2.400E+02 -9.511E+01  0.000E+00  0.0000
 -2.000E+02 -9.511E+01  0.000E+00  0.0000
 -1.600E+02 -9.511E+01  0.000E+00  0.0000
 -1.200E+02 -9.511E+01  0.000E+00  0.0000
 -8.000E+01 -9.511E+01  0.000E+00  0.0000
 -4.000E+01 -9.511E+01  0.000E+00  0.0000
  0.000E+00 -9.511E+01  0.000E+00  0.0000
  4.000E+01 -9.511E+01  0.000E+00  0.0000
  8.000E+01 -9.511E+01  0.000E+00  0.0000
  1.200E+02 -9.511E+01  0.000E+00  0.0000
  1.600E+02 -9.511E+01  0.000E+00  0.0000
  2.000E+02 -9.511E+01  0.000E+00  0.0000
  2.400E+02 -9.511E+01  0.000E+00  0.0000
  2.800E+02 -9.511E+01  0.000E+00  0.0000
  3.200E+02 -9.511E+01  0.000E+00  0.0000
  3.600E+02 -9.511E+01  0.000E+00  0.0000
  4.000E+02 -9.511E+01  0.000E+00  0.0000
  4.400E+02 -9.511E+01  0.000E+00  0.0000
  4.800E+02 -9.511E+01  0.000E+00  0.0000
  5.200E+02 -9.511E+01  0.000E+00  0.0000
  5.600E+02 -9.511E+01  0.000E+00  0.0000
  6.000E+02 -9.511E+01  2.417E-05  1.0000
  6.400E+02 -9.511E+01  0.000E+00  0.0000
  6.800E+02 -9.511E+01  0.000E+00  0.0000
 -6.800E+02 -5.576E+01  0.000E+00  0.0000
 -6.400E+02 -5.576E+01  0.000E+00  0.0000
 -6.000E+02 -5.576E+01  0.000E+00  0.0000
 -5.600E+02 -5.576E+01  0.000E+00  0.0000
 -5.200E+02 -5.576E+01  0.000E+00  0.0000
 -4.800E+02 -5.576E+01  0.000E+00  0.0000
 -4.400E+02 -5.576E+01  0.000E+00  0.0000
 -4.000E+02 -5.576E+01  0.000E+00  0.0000
 -3.600E+02 -5.576E+01  0.000E+00  0.0000
 -3.200E+02 -5.576E+01  0.000E+00  0.0000
 -2.800E+02 -5.576E+01  0.000E+00  0.0000
 -2.400E+02 -5.576E+01  0.000E+00  0.0000
 -2.000E+02 -5.576E+01  0.000E+00  0.0000
 -1.600E+02 -5.576E+01  0.000E+00  0.0000
 -1.200E+02 -5.576E+01  0.000E+00  0.0000
 -8.000E+01 -5.576E+01  0.000E+00  0.0000
 -4.000E+01 -5.576E+01  1.481E-05  1.0000
  0.000E+00 -5.576E+01  0.000E+00  0.0000
  4.000E+01 -5.576E+01  0.000E+00  0.0000
  8.000E+01 -5.576E+01  0.000E+00  0.0000
  1.200E+02 -5.576E+01  0.000E+00  0.0000
  1.600E+02 -5.576E+01  0.000E+00  0.0000
  2.000E+02 -5.576E+01  0.000E+00  0.0000
  2.400E+02 -5.576E+01  0.000E+00  0.0000
  2.800E+02 -5.576E+01  0.000E+00  0.0000
  3.200E+02 -5.576E+01  0.000E+00  0.0000
  3.600E+02 -5.576E+01  0.000E+00  0.0000
  4.000E+02 -5.576E+01  0.000E+00  0.0000
  4.400E+02 -5.576E+01  0.000E+00  0.0000
  4.800E+02 -5.576E+01  0.000E+00  0.0000
  5.200E+02 -5.576E+01  0.000E+00  0.0000
  5.600E+02 -5.576E+01  1.134E-04  1.0000
  6.000E+02 -5.576E+01  0.000E+00  0.0000
  6.400E+02 -5.576E+01  0.000E+00  0.0000
  6.800E+02 -5.576E+01  0.000E+00  0.0000
 -6.800E+02 -1.641E+01  0.000E+00  0.0000
 -6.400E+02 -1.641E+01  0.000E+00  0.0000
 -6.000E+02 -1.641E+01  0.000E+00  0.0000
 -5.600E+02 -1.641E+01  0.000E+00  0.0000
 -5.200E+02 -1.641E+01  0.000E+00  0.0000
 -4.800E+02 -1.641E+01  0.000E+00  0.0000
 -4.400E+02 -1.641E+01  0.000E+00  0.0000
 -4.000E+02 -1.641E+01  0.000E+00  0.0000
 -3.600E+02 -1.641E+01  0.000E+00  0.0000
 -3.200E+02 -1.641E+01  0.000E+00  0.0000
 -2.800E+02 -1.641E+01  0.000E+00  0.0000
 -2.400E+02 -1.641E+01  0.000E+00  0.0000
 -2.000E+02 -1.641E+01  0.000E+00  0.0000
 -1.600E+02 -1.641E+01  0.000E+00  0.0000
 -1.200E+02 -1.641E+01  0.000E+00  0.0000
 -8.000E+01 -1.641E+01  0.000E+00  0.0000
 -4.000E+01 -1.641E+01  0.000E+00  0.0000
  0.000E+00 -1.641E+01  0.000E+00  0.0000
  4.000E+01 -1.641E+01  0.000E+00  0.0000
  8.000E+01 -1.641E+01  0.000E+00  0.0000
  1.200E+02 -1.641E+01  0.000E+00  0.0000
  1.600E+02 -1.641E+01  0.000E+00  0.0000
  2.000E+02 -1.641E+01  0.000E+00  0.0000
  2.400E+02 -1.641E+01  0.000E+00  0.0000
  2.800E+02 -1.641E+01  0.000E+00  0.0000
  3.200E+02 -1.641E+01  0.000E+00  0.0000
  3.600E+02 -1.641E+01  0.000E+00  0.0000
  4.000E+02 -1.641E+01  0.000E+00  0.0000
  4.400E+02 -1.641E+01  0.000E+00  0.0000
  4.800E+02 -1.641E+01  0.000E+00  0.0000
  5.200E+02 -1.641E+01  7.566E-05  1.0000
  5.600E+02 -1.641E+01  3.949E-04  1.0000
  6.000E+02 -1.641E+01  0.000E+00  0.0000
  6.400E+02 -1.641E+01  0.000E+00  0.0000
  6.800E+02 -1.641E+01  0.000E+00  0.0000
 -6.800E+02  2.293E+01  0.000E+00  0.0000
 -6.400E+02  2.293E+01  0.000E+00  0.0000
 -6.000E+02  2.293E+01  0.000E+00  0.0000
 -5.600E+02  2.293E+01  0.000E+00  0.0000
 -5.200E+02  2.293E+01  0.000E+00  0.0000
 -4.800E+02  2.293E+01  0.000E+00  0.0000
 -4.400E+02  2.293E+01  0.000E+00  0.0000
 -4.000E+02  2.293E+01  0.000E+00  0.0000
 -3.600E+02  2.293E+01  0.000E+00  0.0000
 -3.200E+02  2.293E+01  0.000E+00  0.0000
 -2.800E+02  2.293E+01  0.000E+00  0.0000
 -2.400E+02  2.293E+01  0.000E+00  0.0000
 -2.000E+02  2.293E+01  0.000E+00  0.0000
 -1.600E+02  2.293E+01  0.000E+00  0.0000
 -1.200E+02  2.293E+01  0.000E+00  0.0000
 -8.000E+01  2.293E+01  0.000E+00  0.0000
 -4.000E+01  2.293E+01  0.000E+00  0.0000
  0.000E+00  2.293E+01  0.000E+00  0.0000
  4.000E+01  2.293E+01  0.000E+00  0.0000
  8.000E+01  2.293E+01  0.000E+00  0.0000
  1.200E+02  2.293E+01  0.000E+00  0.0000
  1.600E+02  2.293E+01  0.000E+00  0.0000
  2.000E+02  2.293E+01  0.000E+00  0.0000
  2.400E+02  2.293E+01  0.000E+00  0.0000
  2.800E+02  2.293E+01  0.000E+00  0.0000
  3.200E+02  2.293E+01  0.000E+00  0.0000
  3.600E+02  2.293E+01  0.000E+00  0.0000
  4.000E+02  2.293E+01  0.000E+00  0.0000
  4.400E+02  2.293E+01  0.000E+00  0.0000
  4.800E+02  2.293E+01  0.000E+00  0.0000
  5.200E+02  2.293E+01  0.000E+00  0.0000
  5.600E+02  2.293E+01  0.000E+00  0.0000
  6.000E+02  2.293E+01  0.000E+00  0.0000
  6.400E+02  2.293E+01  0.000E+00  0.0000
  6.800E+02  2.293E+01  0.000E+00  0.0000
 -6.800E+02  6.228E+01  0.000E+00  0.0000
 -6.400E+02  6.228E+01  0.000E+00  0.0000
 -6.000E+02  6.228E+01  0.000E+00  0.0000
 -5.600E+02  6.228E+01  0.000E+00  0.0000
 -5.200E+02  6.228E+01  0.000E+00  0.0000
 -4.800E+02  6.228E+01  0.000E+00  0.0000
 -4.400E+02  6.228E+01  0.000E+00  0.0000
 -4.000E+02  6.228E+01  0.000E+00  0.0000
 -3.600E+02  6.228E+01  0.000E+00  0.0000
 -3.200E+02  6.228E+01  0.000E+00  0.0000
 -2.800E+02  6.228E+01  0.000E+00  0.0000
 -2.400E+02  6.228E+01  0.000E+00  0.0000
 -2.000E+02  6.228E+01  0.000E+00  0.0000
 -1.600E+02  6.228E+01  0.000E+00  0.0000
 -1.200E+02  6.228E+01  0.000E+00  0.0000
 -8.000E+01  6.228E+01  0.000E+00  0.0000
 -4.000E+01  6.228E+01  0.000E+00  0.0000
  0.000E+00  6.228E+01  0.000E+00  0.0000
  4.000E+01  6.228E+01  0.000E+00  0.0000
  8.000E+01  6.228E+01  0.000E+00  0.0000
  1.200E+02  6.228E+01  0.000E+00  0.0000
  1.600E+02  6.228E+01  0.000E+00  0.0000
  2.000E+02  6.228E+01  0.000E+00  0.0000
  2.400E+02  6.228E+01  0.000E+00  0.0000
  2.800E+02  6.228E+01  0.000E+00  0.0000
  3.200E+02  6.228E+01  0.000E+00  0.0000
  3.600E+02  6.228E+01  0.000E+00  0.0000
  4.000E+02  6.228E+01  0.000E+00  0.0000
  4.400E+02  6.228E+01  0.000E+00  0.0000
  4.800E+02  6.228E+01  0.000E+00  0.0000
  5.200E+02  6.228E+01  0.000E+00  0.0000
  5.600E+02  6.228E+01  0.000E+00  0.0000
  6.000E+02  6.228E+01  0.000E+00  0.0000
  6.400E+02  6.228E+01  0.000E+00  0.0000
  6.800E+02  6.228E+01  0.000E+00  0.0000
 -6.800E+02  1.016E+02  0.000E+00  0.0000
 -6.400E+02  1.016E+02  0.000E+00  0.0000
 -6.000E+02  1.016E+02  0.000E+00  0.0000
 -5.600E+02  1.016E+02  0.000E+00  0.0000
 -5.200E+02  1.016E+02  0.000E+00  0.0000
 -4.800E+02  1.016E+02  0.000E+00  0.0000
 -4.400E+02  1.016E+02  0.000E+00  0.0000
 -4.000E+02  1.016E+02  0.000E+00  0.0000
 -3.600E+02  1.016E+02  0.000E+00  0.0000
 -3.200E+02  1.016E+02  0.000E+00  0.0000
 -2.800E+02  1.016E+02  0.000E+00  0.0000
 -2.400E+02  1.016E+02  0.000E+00  0.0000
 -2.000E+02  1.016E+02  0.000E+00  0.0000
 -1.600E+02  1.016E+02  0.000E+00  0.0000
 -1.200E+02  1.016E+02  0.000E+00  0.0000
 -8.000E+01  1.016E+02  0.000E+00  0.0000
 -4.000E+01  1.016E+02  0.000E+00  0.0000
  0.000E+00  1.016E+02  0.000E+00  0.0000
  4.000E+01  1.016E+02  0.000E+00  0.0000
  8.000E+01  1.016E+02  0.000E+00  0.0000
  1.200E+02  1.016E+02  0.000E+00  0.0000
  1.600E+02  1.016E+02  0.000E+00  0.0000
  2.000E+02  1.016E+02  0.000E+00  0.0000
  2.400E+02  1.016E+02  0.000E+00  0.0000
  2.800E+02  1.016E+02  0.000E+00  0.0000
  3.200E+02  1.016E+02  0.000E+00  0.0000
  3.600E+02  1.016E+02  0.000E+00  0.0000
  4.000E+02  1.016E+02  0.000E+00  0.0000
  4.400E+02  1.016E+02  0.000E+00  0.0000
  4.800E+02  1.016E+02  0.000E+00  0.0000
  5.200E+02  1.016E+02  0.000E+00  0.0000
  5.600E+02  1.016E+02  0.000E+00  0.0000
  6.000E+02  1.016E+02  0.000E+00  0.0000
  6.400E+02  1.016E+02  0.000E+00  0.0000
  6.800E+02  1.016E+02  0.000E+00  0.0000
 -6.800E+02  1.410E+02  0.000E+00  0.0000
 -6.400E+02  1.410E+02  0.000E+00  0.0000
 -6.000E+02  1.410E+02  0.000E+00  0.0000
 -5.600E+02  1.410E+02  0.000E+00  0.0000
 -5.200E+02  1.410E+02  0.000E+00  0.0000
 -4.800E+02  1.410E+02  0.000E+00  0.0000
 -4.400E+02  1.410E+02  0.000E+00  0.0000
 -4.000E+02  1.410E+02  0.000E+00  0.0000
 -3.600E+02  1.410E+02  0.000E+00  0.0000
 -3.200E+02  1.410E+02  0.000E+00  0.0000
 -2.800E+02  1.410E+02  0.000E+00  0.0000
 -2.400E+02  1.410E+02  0.000E+00  0.0000
 -2.000E+02  1.410E+02  0.000E+00  0.0000
 -1.600E+02  1.410E+02  0.000E+00  0.0000
 -1.200E+02  1.410E+02  0.000E+00  0.0000
 -8.000E+01  1.410E+02  0.000E+00  0.0000
 -4.000E+01  1.410E+02  0.000E+00  0.0000
  0.000E+00  1.410E+02  0.000E+00  0.0000
  4.000E+01  1.410E+02  0.000E+00  0.0000
  8.000E+01  1.410E+02  0.000E+00  0.0000
  1.200E+02  1.410E+02  0.000E+00  0.0000
  1.600E+02  1.410E+02  0.000E+00  0.0000
  2.000E+02  1.410E+02  0.000E+00  0.0000
  2.400E+02  1.410E+02  0.000E+00  0.0000
  2.800E+02  1.410E+02  0.000E+00  0.0000
  3.200E+02  1.410E+02  0.000E+00  0.0000
  3.600E+02  1.410E+02  0.000E+00  0.0000
  4.000E+02  1.410E+02  0.000E+00  0.0000
  4.400E+02  1.410E+02  0.000E+00  0.0000
  4.800E+02  1.410E+02  0.000E+00  0.0000
  5.200E+02  1.410E+02  0.000E+00  0.0000
  5.600E+02  1.410E+02  0.000E+00  0.0000
  6.000E+02  1.410E+02  0.000E+00  0.0000
  6.400E+02  1.410E+02  0.000E+00  0.0000
  6.800E+02  1.410E+02  0.000E+00  0.0000
 -6.800E+02  1.803E+02  0.000E+00  0.0000
 -6.400E+02  1.803E+02  0.000E+00  0.0000
 -6.000E+02  1.803E+02  0.000E+00  0.0000
 -5.600E+02  1.803E+02  0.000E+00  0.0000
 -5.200E+02  1.803E+02  0.000E+00  0.0000
 -4.800E+02  1.803E+02  0.000E+00  0.0000
 -4.400E+02  1.803E+02  0.000E+00  0.0000
 -4.000E+02  1.803E+02  0.000E+00  0.0000
 -3.600E+02  1.803E+02  0.000E+00  0.0000
 -3.200E+02  1.803E+02  0.000E+00  0.0000
 -2.800E+02  1.803E+02  0.000E+00  0.0000
 -2.400E+02  1.803E+02  0.000E+00  0.0000
 -2.000E+02  1.803E+02  0.000E+00  0.0000
 -1.600E+02  1.803E+02  0.000E+00  0.0000
 -1.200E+02  1.803E+02  0.000E+00  0.0000
 -8.000E+01  1.803E+02  0.000E+00  0.0000
 -4.000E+01  1.803E+02  0.000E+00  0.0000
  0.000E+00  1.803E+02  0.000E+00  0.0000
  4.000E+01  1.803E+02  0.000E+00  0.0000
  8.000E+01  1.803E+02  0.000E+00  0.0000
  1.200E+02  1.803E+02  0.000E+00  0.0000
  1.600E+02  1.803E+02  0.000E+00  0.0000
  2.000E+02  1.803E+02  0.000E+00  0.0000
  2.400E+02  1.803E+02  0.000E+00  0.0000
  2.800E+02  1.803E+02  0.000E+00  0.0000
  3.200E+02  1.803E+02  0.000E+00  0.0000
  3.600E+02  1.803E+02  0.000E+00  0.0000
  4.000E+02  1.803E+02  0.000E+00  0.0000
  4.400E+02  1.803E+02  0.000E+00  0.0000
  4.800E+02  1.803E+02  0.000E+00  0.0000
  5.200E+02  1.803E+02  0.000E+00  0.0000
  5.600E+02  1.803E+02  0.000E+00  0.0000
  6.000E+02  1.803E+02  0.000E+00  0.0000
  6.400E+02  1.803E+02  0.000E+00  0.0000
  6.800E+02  1.803E+02  0.000E+00  0.0000

#------------------------------------------------------------------------------
 newpage:
#   no. =  5   ie  =  1   iy  =  1   part. = muon-   
#   e = (   1.0000E-10  -   5.0000E-07  )
#   y = (  -1.0000E+03  -   1.0000E+03  )
#  nx =  35   nz =  23

# x          z          flux       r.err
 -6.800E+02 -6.853E+02  0.000E+00  0.0000
 -6.400E+02 -6.853E+02  0.000E+00  0.0000
 -6.000E+02 -6.853E+02  0.000E+00  0.0000
 -5.600E+02 -6.853E+02  0.000E+00  0.0000
 -5.200E+02 -6.853E+02  0.000E+00  0.0000
 -4.800E+02 -6.853E+02  0.000E+00  0.0000
 -4.400E+02 -6.853E+02  0.000E+00  0.0000
 -4.000E+02 -6.853E+02  0.000E+00  0.0000
 -3.600E+02 -6.853E+02  0.000E+00  0.0000
 -3.200E+02 -6.853E+02  0.000E+00  0.0000
 -2.800E+02 -6.853E+02  0.000E+00  0.0000
 -2.400E+02 -6.853E+02  0.000E+00  0.0000
 -2.000E+02 -6.853E+02  0.000E+00  0.0000
 -1.600E+02 -6.853E+02  0.000E+00  0.0000
 -1.200E+02 -6.853E+02  0.000E+00  0.0000
 -8.000E+01 -6.853E+02  0.000E+00  0.0000
 -4.000E+01 -6.853E+02  0.000E+00  0.0000
  0.000E+00 -6.853E+02  0.000E+00  0.0000
  4.000E+01 -6.853E+02  0.000E+00  0.0000
  8.000E+01 -6.853E+02  0.000E+00  0.0000
  1.200E+02 -6.853E+02  0.000E+00  0.0000
  1.600E+02 -6.853E+02  0.000E+00  0.0000
  2.000E+02 -6.853E+02  0.000E+00  0.0000
  2.400E+02 -6.853E+02  0.000E+00  0.0000
  2.800E+02 -6.853E+02  0.000E+00  0.0000
  3.200E+02 -6.853E+02  0.000E+00  0.0000
  3.600E+02 -6.853E+02  0.000E+00  0.0000
  4.000E+02 -6.853E+02  0.000E+00  0.0000
  4.400E+02 -6.853E+02  0.000E+00  0.0000
  4.800E+02 -6.853E+02  0.000E+00  0.0000
  5.200E+02 -6.853E+02  0.000E+00  0.0000
  5.600E+02 -6.853E+02  0.000E+00  0.0000
  6.000E+02 -6.853E+02  0.000E+00  0.0000
  6.400E+02 -6.853E+02  0.000E+00  0.0000
  6.800E+02 -6.853E+02  0.000E+00  0.0000
 -6.800E+02 -6.460E+02  0.000E+00  0.0000
 -6.400E+02 -6.460E+02  0.000E+00  0.0000
 -6.000E+02 -6.460E+02  0.000E+00  0.0000
 -5.600E+02 -6.460E+02  0.000E+00  0.0000
 -5.200E+02 -6.460E+02  0.000E+00  0.0000
 -4.800E+02 -6.460E+02  0.000E+00  0.0000
 -4.400E+02 -6.460E+02  0.000E+00  0.0000
 -4.000E+02 -6.460E+02  0.000E+00  0.0000
 -3.600E+02 -6.460E+02  0.000E+00  0.0000
 -3.200E+02 -6.460E+02  0.000E+00  0.0000
 -2.800E+02 -6.460E+02  0.000E+00  0.0000
 -2.400E+02 -6.460E+02  0.000E+00  0.0000
 -2.000E+02 -6.460E+02  0.000E+00  0.0000
 -1.600E+02 -6.460E+02  0.000E+00  0.0000
 -1.200E+02 -6.460E+02  0.000E+00  0.0000
 -8.000E+01 -6.460E+02  0.000E+00  0.0000
 -4.000E+01 -6.460E+02  0.000E+00  0.0000
  0.000E+00 -6.460E+02  0.000E+00  0.0000
  4.000E+01 -6.460E+02  0.000E+00  0.0000
  8.000E+01 -6.460E+02  0.000E+00  0.0000
  1.200E+02 -6.460E+02  0.000E+00  0.0000
  1.600E+02 -6.460E+02  0.000E+00  0.0000
  2.000E+02 -6.460E+02  0.000E+00  0.0000
  2.400E+02 -6.460E+02  0.000E+00  0.0000
  2.800E+02 -6.460E+02  0.000E+00  0.0000
  3.200E+02 -6.460E+02  0.000E+00  0.0000
  3.600E+02 -6.460E+02  0.000E+00  0.0000
  4.000E+02 -6.460E+02  0.000E+00  0.0000
  4.400E+02 -6.460E+02  0.000E+00  0.0000
  4.800E+02 -6.460E+02  0.000E+00  0.0000
  5.200E+02 -6.460E+02  0.000E+00  0.0000
  5.600E+02 -6.460E+02  0.000E+00  0.0000
  6.000E+02 -6.460E+02  0.000E+00  0.0000
  6.400E+02 -6.460E+02  0.000E+00  0.0000
  6.800E+02 -6.460E+02  0.000E+00  0.0000
 -6.800E+02 -6.066E+02  0.000E+00  0.0000
 -6.400E+02 -6.066E+02  0.000E+00  0.0000
 -6.000E+02 -6.066E+02  0.000E+00  0.0000
 -5.600E+02 -6.066E+02  0.000E+00  0.0000
 -5.200E+02 -6.066E+02  0.000E+00  0.0000
 -4.800E+02 -6.066E+02  0.000E+00  0.0000
 -4.400E+02 -6.066E+02  0.000E+00  0.0000
 -4.000E+02 -6.066E+02  0.000E+00  0.0000
 -3.600E+02 -6.066E+02  0.000E+00  0.0000
 -3.200E+02 -6.066E+02  0.000E+00  0.0000
 -2.800E+02 -6.066E+02  0.000E+00  0.0000
 -2.400E+02 -6.066E+02  0.000E+00  0.0000
 -2.000E+02 -6.066E+02  0.000E+00  0.0000
 -1.600E+02 -6.066E+02  0.000E+00  0.0000
 -1.200E+02 -6.066E+02  0.000E+00  0.0000
 -8.000E+01 -6.066E+02  0.000E+00  0.0000
 -4.000E+01 -6.066E+02  0.000E+00  0.0000
  0.000E+00 -6.066E+02  0.000E+00  0.0000
  4.000E+01 -6.066E+02  0.000E+00  0.0000
  8.000E+01 -6.066E+02  0.000E+00  0.0000
  1.200E+02 -6.066E+02  0.000E+00  0.0000
  1.600E+02 -6.066E+02  0.000E+00  0.0000
  2.000E+02 -6.066E+02  0.000E+00  0.0000
  2.400E+02 -6.066E+02  0.000E+00  0.0000
  2.800E+02 -6.066E+02  0.000E+00  0.0000
  3.200E+02 -6.066E+02  0.000E+00  0.0000
  3.600E+02 -6.066E+02  0.000E+00  0.0000
  4.000E+02 -6.066E+02  0.000E+00  0.0000
  4.400E+02 -6.066E+02  0.000E+00  0.0000
  4.800E+02 -6.066E+02  0.000E+00  0.0000
  5.200E+02 -6.066E+02  0.000E+00  0.0000
  5.600E+02 -6.066E+02  0.000E+00  0.0000
  6.000E+02 -6.066E+02  0.000E+00  0.0000
  6.400E+02 -6.066E+02  0.000E+00  0.0000
  6.800E+02 -6.066E+02  0.000E+00  0.0000
 -6.800E+02 -5.673E+02  0.000E+00  0.0000
 -6.400E+02 -5.673E+02  0.000E+00  0.0000
 -6.000E+02 -5.673E+02  0.000E+00  0.0000
 -5.600E+02 -5.673E+02  0.000E+00  0.0000
 -5.200E+02 -5.673E+02  0.000E+00  0.0000
 -4.800E+02 -5.673E+02  0.000E+00  0.0000
 -4.400E+02 -5.673E+02  0.000E+00  0.0000
 -4.000E+02 -5.673E+02  0.000E+00  0.0000
 -3.600E+02 -5.673E+02  0.000E+00  0.0000
 -3.200E+02 -5.673E+02  0.000E+00  0.0000
 -2.800E+02 -5.673E+02  0.000E+00  0.0000
 -2.400E+02 -5.673E+02  0.000E+00  0.0000
 -2.000E+02 -5.673E+02  0.000E+00  0.0000
 -1.600E+02 -5.673E+02  0.000E+00  0.0000
 -1.200E+02 -5.673E+02  0.000E+00  0.0000
 -8.000E+01 -5.673E+02  0.000E+00  0.0000
 -4.000E+01 -5.673E+02  0.000E+00  0.0000
  0.000E+00 -5.673E+02  0.000E+00  0.0000
  4.000E+01 -5.673E+02  0.000E+00  0.0000
  8.000E+01 -5.673E+02  0.000E+00  0.0000
  1.200E+02 -5.673E+02  0.000E+00  0.0000
  1.600E+02 -5.673E+02  0.000E+00  0.0000
  2.000E+02 -5.673E+02  0.000E+00  0.0000
  2.400E+02 -5.673E+02  0.000E+00  0.0000
  2.800E+02 -5.673E+02  0.000E+00  0.0000
  3.200E+02 -5.673E+02  0.000E+00  0.0000
  3.600E+02 -5.673E+02  0.000E+00  0.0000
  4.000E+02 -5.673E+02  0.000E+00  0.0000
  4.400E+02 -5.673E+02  0.000E+00  0.0000
  4.800E+02 -5.673E+02  0.000E+00  0.0000
  5.200E+02 -5.673E+02  0.000E+00  0.0000
  5.600E+02 -5.673E+02  0.000E+00  0.0000
  6.000E+02 -5.673E+02  0.000E+00  0.0000
  6.400E+02 -5.673E+02  0.000E+00  0.0000
  6.800E+02 -5.673E+02  0.000E+00  0.0000
 -6.800E+02 -5.279E+02  0.000E+00  0.0000
 -6.400E+02 -5.279E+02  0.000E+00  0.0000
 -6.000E+02 -5.279E+02  0.000E+00  0.0000
 -5.600E+02 -5.279E+02  0.000E+00  0.0000
 -5.200E+02 -5.279E+02  0.000E+00  0.0000
 -4.800E+02 -5.279E+02  0.000E+00  0.0000
 -4.400E+02 -5.279E+02  0.000E+00  0.0000
 -4.000E+02 -5.279E+02  0.000E+00  0.0000
 -3.600E+02 -5.279E+02  0.000E+00  0.0000
 -3.200E+02 -5.279E+02  0.000E+00  0.0000
 -2.800E+02 -5.279E+02  0.000E+00  0.0000
 -2.400E+02 -5.279E+02  0.000E+00  0.0000
 -2.000E+02 -5.279E+02  0.000E+00  0.0000
 -1.600E+02 -5.279E+02  0.000E+00  0.0000
 -1.200E+02 -5.279E+02  0.000E+00  0.0000
 -8.000E+01 -5.279E+02  0.000E+00  0.0000
 -4.000E+01 -5.279E+02  0.000E+00  0.0000
  0.000E+00 -5.279E+02  0.000E+00  0.0000
  4.000E+01 -5.279E+02  0.000E+00  0.0000
  8.000E+01 -5.279E+02  0.000E+00  0.0000
  1.200E+02 -5.279E+02  0.000E+00  0.0000
  1.600E+02 -5.279E+02  0.000E+00  0.0000
  2.000E+02 -5.279E+02  0.000E+00  0.0000
  2.400E+02 -5.279E+02  0.000E+00  0.0000
  2.800E+02 -5.279E+02  0.000E+00  0.0000
  3.200E+02 -5.279E+02  0.000E+00  0.0000
  3.600E+02 -5.279E+02  0.000E+00  0.0000
  4.000E+02 -5.279E+02  0.000E+00  0.0000
  4.400E+02 -5.279E+02  0.000E+00  0.0000
  4.800E+02 -5.279E+02  0.000E+00  0.0000
  5.200E+02 -5.279E+02  0.000E+00  0.0000
  5.600E+02 -5.279E+02  0.000E+00  0.0000
  6.000E+02 -5.279E+02  0.000E+00  0.0000
  6.400E+02 -5.279E+02  0.000E+00  0.0000
  6.800E+02 -5.279E+02  0.000E+00  0.0000
 -6.800E+02 -4.886E+02  0.000E+00  0.0000
 -6.400E+02 -4.886E+02  0.000E+00  0.0000
 -6.000E+02 -4.886E+02  0.000E+00  0.0000
 -5.600E+02 -4.886E+02  0.000E+00  0.0000
 -5.200E+02 -4.886E+02  0.000E+00  0.0000
 -4.800E+02 -4.886E+02  0.000E+00  0.0000
 -4.400E+02 -4.886E+02  0.000E+00  0.0000
 -4.000E+02 -4.886E+02  0.000E+00  0.0000
 -3.600E+02 -4.886E+02  0.000E+00  0.0000
 -3.200E+02 -4.886E+02  0.000E+00  0.0000
 -2.800E+02 -4.886E+02  0.000E+00  0.0000
 -2.400E+02 -4.886E+02  0.000E+00  0.0000
 -2.000E+02 -4.886E+02  0.000E+00  0.0000
 -1.600E+02 -4.886E+02  0.000E+00  0.0000
 -1.200E+02 -4.886E+02  0.000E+00  0.0000
 -8.000E+01 -4.886E+02  0.000E+00  0.0000
 -4.000E+01 -4.886E+02  0.000E+00  0.0000
  0.000E+00 -4.886E+02  0.000E+00  0.0000
  4.000E+01 -4.886E+02  0.000E+00  0.0000
  8.000E+01 -4.886E+02  0.000E+00  0.0000
  1.200E+02 -4.886E+02  0.000E+00  0.0000
  1.600E+02 -4.886E+02  0.000E+00  0.0000
  2.000E+02 -4.886E+02  0.000E+00  0.0000
  2.400E+02 -4.886E+02  0.000E+00  0.0000
  2.800E+02 -4.886E+02  0.000E+00  0.0000
  3.200E+02 -4.886E+02  0.000E+00  0.0000
  3.600E+02 -4.886E+02  0.000E+00  0.0000
  4.000E+02 -4.886E+02  0.000E+00  0.0000
  4.400E+02 -4.886E+02  0.000E+00  0.0000
  4.800E+02 -4.886E+02  0.000E+00  0.0000
  5.200E+02 -4.886E+02  0.000E+00  0.0000
  5.600E+02 -4.886E+02  0.000E+00  0.0000
  6.000E+02 -4.886E+02  0.000E+00  0.0000
  6.400E+02 -4.886E+02  0.000E+00  0.0000
  6.800E+02 -4.886E+02  0.000E+00  0.0000
 -6.800E+02 -4.492E+02  0.000E+00  0.0000
 -6.400E+02 -4.492E+02  0.000E+00  0.0000
 -6.000E+02 -4.492E+02  0.000E+00  0.0000
 -5.600E+02 -4.492E+02  0.000E+00  0.0000
 -5.200E+02 -4.492E+02  0.000E+00  0.0000
 -4.800E+02 -4.492E+02  0.000E+00  0.0000
 -4.400E+02 -4.492E+02  0.000E+00  0.0000
 -4.000E+02 -4.492E+02  0.000E+00  0.0000
 -3.600E+02 -4.492E+02  0.000E+00  0.0000
 -3.200E+02 -4.492E+02  0.000E+00  0.0000
 -2.800E+02 -4.492E+02  0.000E+00  0.0000
 -2.400E+02 -4.492E+02  0.000E+00  0.0000
 -2.000E+02 -4.492E+02  0.000E+00  0.0000
 -1.600E+02 -4.492E+02  0.000E+00  0.0000
 -1.200E+02 -4.492E+02  0.000E+00  0.0000
 -8.000E+01 -4.492E+02  0.000E+00  0.0000
 -4.000E+01 -4.492E+02  0.000E+00  0.0000
  0.000E+00 -4.492E+02  0.000E+00  0.0000
  4.000E+01 -4.492E+02  0.000E+00  0.0000
  8.000E+01 -4.492E+02  0.000E+00  0.0000
  1.200E+02 -4.492E+02  0.000E+00  0.0000
  1.600E+02 -4.492E+02  0.000E+00  0.0000
  2.000E+02 -4.492E+02  0.000E+00  0.0000
  2.400E+02 -4.492E+02  0.000E+00  0.0000
  2.800E+02 -4.492E+02  0.000E+00  0.0000
  3.200E+02 -4.492E+02  0.000E+00  0.0000
  3.600E+02 -4.492E+02  0.000E+00  0.0000
  4.000E+02 -4.492E+02  0.000E+00  0.0000
  4.400E+02 -4.492E+02  0.000E+00  0.0000
  4.800E+02 -4.492E+02  0.000E+00  0.0000
  5.200E+02 -4.492E+02  0.000E+00  0.0000
  5.600E+02 -4.492E+02  0.000E+00  0.0000
  6.000E+02 -4.492E+02  0.000E+00  0.0000
  6.400E+02 -4.492E+02  0.000E+00  0.0000
  6.800E+02 -4.492E+02  0.000E+00  0.0000
 -6.800E+02 -4.099E+02  0.000E+00  0.0000
 -6.400E+02 -4.099E+02  0.000E+00  0.0000
 -6.000E+02 -4.099E+02  0.000E+00  0.0000
 -5.600E+02 -4.099E+02  0.000E+00  0.0000
 -5.200E+02 -4.099E+02  0.000E+00  0.0000
 -4.800E+02 -4.099E+02  0.000E+00  0.0000
 -4.400E+02 -4.099E+02  0.000E+00  0.0000
 -4.000E+02 -4.099E+02  0.000E+00  0.0000
 -3.600E+02 -4.099E+02  0.000E+00  0.0000
 -3.200E+02 -4.099E+02  0.000E+00  0.0000
 -2.800E+02 -4.099E+02  0.000E+00  0.0000
 -2.400E+02 -4.099E+02  0.000E+00  0.0000
 -2.000E+02 -4.099E+02  0.000E+00  0.0000
 -1.600E+02 -4.099E+02  0.000E+00  0.0000
 -1.200E+02 -4.099E+02  0.000E+00  0.0000
 -8.000E+01 -4.099E+02  0.000E+00  0.0000
 -4.000E+01 -4.099E+02  0.000E+00  0.0000
  0.000E+00 -4.099E+02  0.000E+00  0.0000
  4.000E+01 -4.099E+02  0.000E+00  0.0000
  8.000E+01 -4.099E+02  0.000E+00  0.0000
  1.200E+02 -4.099E+02  0.000E+00  0.0000
  1.600E+02 -4.099E+02  0.000E+00  0.0000
  2.000E+02 -4.099E+02  0.000E+00  0.0000
  2.400E+02 -4.099E+02  0.000E+00  0.0000
  2.800E+02 -4.099E+02  0.000E+00  0.0000
  3.200E+02 -4.099E+02  0.000E+00  0.0000
  3.600E+02 -4.099E+02  0.000E+00  0.0000
  4.000E+02 -4.099E+02  0.000E+00  0.0000
  4.400E+02 -4.099E+02  0.000E+00  0.0000
  4.800E+02 -4.099E+02  0.000E+00  0.0000
  5.200E+02 -4.099E+02  0.000E+00  0.0000
  5.600E+02 -4.099E+02  0.000E+00  0.0000
  6.000E+02 -4.099E+02  0.000E+00  0.0000
  6.400E+02 -4.099E+02  0.000E+00  0.0000
  6.800E+02 -4.099E+02  0.000E+00  0.0000
 -6.800E+02 -3.705E+02  0.000E+00  0.0000
 -6.400E+02 -3.705E+02  0.000E+00  0.0000
 -6.000E+02 -3.705E+02  0.000E+00  0.0000
 -5.600E+02 -3.705E+02  0.000E+00  0.0000
 -5.200E+02 -3.705E+02  0.000E+00  0.0000
 -4.800E+02 -3.705E+02  0.000E+00  0.0000
 -4.400E+02 -3.705E+02  0.000E+00  0.0000
 -4.000E+02 -3.705E+02  0.000E+00  0.0000
 -3.600E+02 -3.705E+02  0.000E+00  0.0000
 -3.200E+02 -3.705E+02  0.000E+00  0.0000
 -2.800E+02 -3.705E+02  0.000E+00  0.0000
 -2.400E+02 -3.705E+02  0.000E+00  0.0000
 -2.000E+02 -3.705E+02  0.000E+00  0.0000
 -1.600E+02 -3.705E+02  0.000E+00  0.0000
 -1.200E+02 -3.705E+02  0.000E+00  0.0000
 -8.000E+01 -3.705E+02  0.000E+00  0.0000
 -4.000E+01 -3.705E+02  0.000E+00  0.0000
  0.000E+00 -3.705E+02  0.000E+00  0.0000
  4.000E+01 -3.705E+02  0.000E+00  0.0000
  8.000E+01 -3.705E+02  0.000E+00  0.0000
  1.200E+02 -3.705E+02  0.000E+00  0.0000
  1.600E+02 -3.705E+02  0.000E+00  0.0000
  2.000E+02 -3.705E+02  0.000E+00  0.0000
  2.400E+02 -3.705E+02  0.000E+00  0.0000
  2.800E+02 -3.705E+02  0.000E+00  0.0000
  3.200E+02 -3.705E+02  0.000E+00  0.0000
  3.600E+02 -3.705E+02  0.000E+00  0.0000
  4.000E+02 -3.705E+02  0.000E+00  0.0000
  4.400E+02 -3.705E+02  0.000E+00  0.0000
  4.800E+02 -3.705E+02  0.000E+00  0.0000
  5.200E+02 -3.705E+02  0.000E+00  0.0000
  5.600E+02 -3.705E+02  0.000E+00  0.0000
  6.000E+02 -3.705E+02  0.000E+00  0.0000
  6.400E+02 -3.705E+02  0.000E+00  0.0000
  6.800E+02 -3.705E+02  0.000E+00  0.0000
 -6.800E+02 -3.312E+02  0.000E+00  0.0000
 -6.400E+02 -3.312E+02  0.000E+00  0.0000
 -6.000E+02 -3.312E+02  0.000E+00  0.0000
 -5.600E+02 -3.312E+02  0.000E+00  0.0000
 -5.200E+02 -3.312E+02  0.000E+00  0.0000
 -4.800E+02 -3.312E+02  0.000E+00  0.0000
 -4.400E+02 -3.312E+02  0.000E+00  0.0000
 -4.000E+02 -3.312E+02  0.000E+00  0.0000
 -3.600E+02 -3.312E+02  0.000E+00  0.0000
 -3.200E+02 -3.312E+02  0.000E+00  0.0000
 -2.800E+02 -3.312E+02  0.000E+00  0.0000
 -2.400E+02 -3.312E+02  0.000E+00  0.0000
 -2.000E+02 -3.312E+02  0.000E+00  0.0000
 -1.600E+02 -3.312E+02  0.000E+00  0.0000
 -1.200E+02 -3.312E+02  0.000E+00  0.0000
 -8.000E+01 -3.312E+02  0.000E+00  0.0000
 -4.000E+01 -3.312E+02  0.000E+00  0.0000
  0.000E+00 -3.312E+02  0.000E+00  0.0000
  4.000E+01 -3.312E+02  0.000E+00  0.0000
  8.000E+01 -3.312E+02  0.000E+00  0.0000
  1.200E+02 -3.312E+02  0.000E+00  0.0000
  1.600E+02 -3.312E+02  0.000E+00  0.0000
  2.000E+02 -3.312E+02  0.000E+00  0.0000
  2.400E+02 -3.312E+02  0.000E+00  0.0000
  2.800E+02 -3.312E+02  0.000E+00  0.0000
  3.200E+02 -3.312E+02  0.000E+00  0.0000
  3.600E+02 -3.312E+02  0.000E+00  0.0000
  4.000E+02 -3.312E+02  0.000E+00  0.0000
  4.400E+02 -3.312E+02  0.000E+00  0.0000
  4.800E+02 -3.312E+02  0.000E+00  0.0000
  5.200E+02 -3.312E+02  0.000E+00  0.0000
  5.600E+02 -3.312E+02  0.000E+00  0.0000
  6.000E+02 -3.312E+02  0.000E+00  0.0000
  6.400E+02 -3.312E+02  0.000E+00  0.0000
  6.800E+02 -3.312E+02  0.000E+00  0.0000
 -6.800E+02 -2.918E+02  0.000E+00  0.0000
 -6.400E+02 -2.918E+02  0.000E+00  0.0000
 -6.000E+02 -2.918E+02  0.000E+00  0.0000
 -5.600E+02 -2.918E+02  0.000E+00  0.0000
 -5.200E+02 -2.918E+02  0.000E+00  0.0000
 -4.800E+02 -2.918E+02  0.000E+00  0.0000
 -4.400E+02 -2.918E+02  0.000E+00  0.0000
 -4.000E+02 -2.918E+02  0.000E+00  0.0000
 -3.600E+02 -2.918E+02  0.000E+00  0.0000
 -3.200E+02 -2.918E+02  0.000E+00  0.0000
 -2.800E+02 -2.918E+02  0.000E+00  0.0000
 -2.400E+02 -2.918E+02  0.000E+00  0.0000
 -2.000E+02 -2.918E+02  0.000E+00  0.0000
 -1.600E+02 -2.918E+02  0.000E+00  0.0000
 -1.200E+02 -2.918E+02  0.000E+00  0.0000
 -8.000E+01 -2.918E+02  0.000E+00  0.0000
 -4.000E+01 -2.918E+02  0.000E+00  0.0000
  0.000E+00 -2.918E+02  0.000E+00  0.0000
  4.000E+01 -2.918E+02  0.000E+00  0.0000
  8.000E+01 -2.918E+02  0.000E+00  0.0000
  1.200E+02 -2.918E+02  0.000E+00  0.0000
  1.600E+02 -2.918E+02  0.000E+00  0.0000
  2.000E+02 -2.918E+02  0.000E+00  0.0000
  2.400E+02 -2.918E+02  0.000E+00  0.0000
  2.800E+02 -2.918E+02  0.000E+00  0.0000
  3.200E+02 -2.918E+02  0.000E+00  0.0000
  3.600E+02 -2.918E+02  0.000E+00  0.0000
  4.000E+02 -2.918E+02  0.000E+00  0.0000
  4.400E+02 -2.918E+02  0.000E+00  0.0000
  4.800E+02 -2.918E+02  0.000E+00  0.0000
  5.200E+02 -2.918E+02  0.000E+00  0.0000
  5.600E+02 -2.918E+02  0.000E+00  0.0000
  6.000E+02 -2.918E+02  0.000E+00  0.0000
  6.400E+02 -2.918E+02  0.000E+00  0.0000
  6.800E+02 -2.918E+02  0.000E+00  0.0000
 -6.800E+02 -2.525E+02  0.000E+00  0.0000
 -6.400E+02 -2.525E+02  0.000E+00  0.0000
 -6.000E+02 -2.525E+02  0.000E+00  0.0000
 -5.600E+02 -2.525E+02  0.000E+00  0.0000
 -5.200E+02 -2.525E+02  0.000E+00  0.0000
 -4.800E+02 -2.525E+02  0.000E+00  0.0000
 -4.400E+02 -2.525E+02  0.000E+00  0.0000
 -4.000E+02 -2.525E+02  0.000E+00  0.0000
 -3.600E+02 -2.525E+02  0.000E+00  0.0000
 -3.200E+02 -2.525E+02  0.000E+00  0.0000
 -2.800E+02 -2.525E+02  0.000E+00  0.0000
 -2.400E+02 -2.525E+02  0.000E+00  0.0000
 -2.000E+02 -2.525E+02  0.000E+00  0.0000
 -1.600E+02 -2.525E+02  0.000E+00  0.0000
 -1.200E+02 -2.525E+02  0.000E+00  0.0000
 -8.000E+01 -2.525E+02  0.000E+00  0.0000
 -4.000E+01 -2.525E+02  0.000E+00  0.0000
  0.000E+00 -2.525E+02  0.000E+00  0.0000
  4.000E+01 -2.525E+02  0.000E+00  0.0000
  8.000E+01 -2.525E+02  0.000E+00  0.0000
  1.200E+02 -2.525E+02  0.000E+00  0.0000
  1.600E+02 -2.525E+02  0.000E+00  0.0000
  2.000E+02 -2.525E+02  0.000E+00  0.0000
  2.400E+02 -2.525E+02  0.000E+00  0.0000
  2.800E+02 -2.525E+02  0.000E+00  0.0000
  3.200E+02 -2.525E+02  0.000E+00  0.0000
  3.600E+02 -2.525E+02  0.000E+00  0.0000
  4.000E+02 -2.525E+02  0.000E+00  0.0000
  4.400E+02 -2.525E+02  0.000E+00  0.0000
  4.800E+02 -2.525E+02  0.000E+00  0.0000
  5.200E+02 -2.525E+02  0.000E+00  0.0000
  5.600E+02 -2.525E+02  0.000E+00  0.0000
  6.000E+02 -2.525E+02  0.000E+00  0.0000
  6.400E+02 -2.525E+02  0.000E+00  0.0000
  6.800E+02 -2.525E+02  0.000E+00  0.0000
 -6.800E+02 -2.132E+02  0.000E+00  0.0000
 -6.400E+02 -2.132E+02  0.000E+00  0.0000
 -6.000E+02 -2.132E+02  0.000E+00  0.0000
 -5.600E+02 -2.132E+02  0.000E+00  0.0000
 -5.200E+02 -2.132E+02  0.000E+00  0.0000
 -4.800E+02 -2.132E+02  0.000E+00  0.0000
 -4.400E+02 -2.132E+02  0.000E+00  0.0000
 -4.000E+02 -2.132E+02  0.000E+00  0.0000
 -3.600E+02 -2.132E+02  0.000E+00  0.0000
 -3.200E+02 -2.132E+02  0.000E+00  0.0000
 -2.800E+02 -2.132E+02  0.000E+00  0.0000
 -2.400E+02 -2.132E+02  0.000E+00  0.0000
 -2.000E+02 -2.132E+02  0.000E+00  0.0000
 -1.600E+02 -2.132E+02  0.000E+00  0.0000
 -1.200E+02 -2.132E+02  0.000E+00  0.0000
 -8.000E+01 -2.132E+02  0.000E+00  0.0000
 -4.000E+01 -2.132E+02  0.000E+00  0.0000
  0.000E+00 -2.132E+02  0.000E+00  0.0000
  4.000E+01 -2.132E+02  0.000E+00  0.0000
  8.000E+01 -2.132E+02  0.000E+00  0.0000
  1.200E+02 -2.132E+02  0.000E+00  0.0000
  1.600E+02 -2.132E+02  0.000E+00  0.0000
  2.000E+02 -2.132E+02  0.000E+00  0.0000
  2.400E+02 -2.132E+02  0.000E+00  0.0000
  2.800E+02 -2.132E+02  0.000E+00  0.0000
  3.200E+02 -2.132E+02  0.000E+00  0.0000
  3.600E+02 -2.132E+02  0.000E+00  0.0000
  4.000E+02 -2.132E+02  0.000E+00  0.0000
  4.400E+02 -2.132E+02  0.000E+00  0.0000
  4.800E+02 -2.132E+02  0.000E+00  0.0000
  5.200E+02 -2.132E+02  0.000E+00  0.0000
  5.600E+02 -2.132E+02  0.000E+00  0.0000
  6.000E+02 -2.132E+02  0.000E+00  0.0000
  6.400E+02 -2.132E+02  0.000E+00  0.0000
  6.800E+02 -2.132E+02  0.000E+00  0.0000
 -6.800E+02 -1.738E+02  0.000E+00  0.0000
 -6.400E+02 -1.738E+02  0.000E+00  0.0000
 -6.000E+02 -1.738E+02  0.000E+00  0.0000
 -5.600E+02 -1.738E+02  0.000E+00  0.0000
 -5.200E+02 -1.738E+02  0.000E+00  0.0000
 -4.800E+02 -1.738E+02  0.000E+00  0.0000
 -4.400E+02 -1.738E+02  0.000E+00  0.0000
 -4.000E+02 -1.738E+02  0.000E+00  0.0000
 -3.600E+02 -1.738E+02  0.000E+00  0.0000
 -3.200E+02 -1.738E+02  0.000E+00  0.0000
 -2.800E+02 -1.738E+02  0.000E+00  0.0000
 -2.400E+02 -1.738E+02  0.000E+00  0.0000
 -2.000E+02 -1.738E+02  0.000E+00  0.0000
 -1.600E+02 -1.738E+02  0.000E+00  0.0000
 -1.200E+02 -1.738E+02  0.000E+00  0.0000
 -8.000E+01 -1.738E+02  0.000E+00  0.0000
 -4.000E+01 -1.738E+02  0.000E+00  0.0000
  0.000E+00 -1.738E+02  0.000E+00  0.0000
  4.000E+01 -1.738E+02  0.000E+00  0.0000
  8.000E+01 -1.738E+02  0.000E+00  0.0000
  1.200E+02 -1.738E+02  0.000E+00  0.0000
  1.600E+02 -1.738E+02  0.000E+00  0.0000
  2.000E+02 -1.738E+02  0.000E+00  0.0000
  2.400E+02 -1.738E+02  0.000E+00  0.0000
  2.800E+02 -1.738E+02  0.000E+00  0.0000
  3.200E+02 -1.738E+02  0.000E+00  0.0000
  3.600E+02 -1.738E+02  0.000E+00  0.0000
  4.000E+02 -1.738E+02  0.000E+00  0.0000
  4.400E+02 -1.738E+02  0.000E+00  0.0000
  4.800E+02 -1.738E+02  0.000E+00  0.0000
  5.200E+02 -1.738E+02  0.000E+00  0.0000
  5.600E+02 -1.738E+02  0.000E+00  0.0000
  6.000E+02 -1.738E+02  0.000E+00  0.0000
  6.400E+02 -1.738E+02  0.000E+00  0.0000
  6.800E+02 -1.738E+02  0.000E+00  0.0000
 -6.800E+02 -1.345E+02  0.000E+00  0.0000
 -6.400E+02 -1.345E+02  0.000E+00  0.0000
 -6.000E+02 -1.345E+02  0.000E+00  0.0000
 -5.600E+02 -1.345E+02  0.000E+00  0.0000
 -5.200E+02 -1.345E+02  0.000E+00  0.0000
 -4.800E+02 -1.345E+02  0.000E+00  0.0000
 -4.400E+02 -1.345E+02  0.000E+00  0.0000
 -4.000E+02 -1.345E+02  0.000E+00  0.0000
 -3.600E+02 -1.345E+02  0.000E+00  0.0000
 -3.200E+02 -1.345E+02  0.000E+00  0.0000
 -2.800E+02 -1.345E+02  0.000E+00  0.0000
 -2.400E+02 -1.345E+02  0.000E+00  0.0000
 -2.000E+02 -1.345E+02  0.000E+00  0.0000
 -1.600E+02 -1.345E+02  0.000E+00  0.0000
 -1.200E+02 -1.345E+02  0.000E+00  0.0000
 -8.000E+01 -1.345E+02  0.000E+00  0.0000
 -4.000E+01 -1.345E+02  0.000E+00  0.0000
  0.000E+00 -1.345E+02  0.000E+00  0.0000
  4.000E+01 -1.345E+02  0.000E+00  0.0000
  8.000E+01 -1.345E+02  0.000E+00  0.0000
  1.200E+02 -1.345E+02  0.000E+00  0.0000
  1.600E+02 -1.345E+02  0.000E+00  0.0000
  2.000E+02 -1.345E+02  0.000E+00  0.0000
  2.400E+02 -1.345E+02  0.000E+00  0.0000
  2.800E+02 -1.345E+02  0.000E+00  0.0000
  3.200E+02 -1.345E+02  0.000E+00  0.0000
  3.600E+02 -1.345E+02  0.000E+00  0.0000
  4.000E+02 -1.345E+02  0.000E+00  0.0000
  4.400E+02 -1.345E+02  0.000E+00  0.0000
  4.800E+02 -1.345E+02  0.000E+00  0.0000
  5.200E+02 -1.345E+02  0.000E+00  0.0000
  5.600E+02 -1.345E+02  0.000E+00  0.0000
  6.000E+02 -1.345E+02  0.000E+00  0.0000
  6.400E+02 -1.345E+02  0.000E+00  0.0000
  6.800E+02 -1.345E+02  0.000E+00  0.0000
 -6.800E+02 -9.511E+01  0.000E+00  0.0000
 -6.400E+02 -9.511E+01  0.000E+00  0.0000
 -6.000E+02 -9.511E+01  0.000E+00  0.0000
 -5.600E+02 -9.511E+01  0.000E+00  0.0000
 -5.200E+02 -9.511E+01  0.000E+00  0.0000
 -4.800E+02 -9.511E+01  0.000E+00  0.0000
 -4.400E+02 -9.511E+01  0.000E+00  0.0000
 -4.000E+02 -9.511E+01  0.000E+00  0.0000
 -3.600E+02 -9.511E+01  0.000E+00  0.0000
 -3.200E+02 -9.511E+01  0.000E+00  0.0000
 -2.800E+02 -9.511E+01  0.000E+00  0.0000
 -2.400E+02 -9.511E+01  0.000E+00  0.0000
 -2.000E+02 -9.511E+01  0.000E+00  0.0000
 -1.600E+02 -9.511E+01  0.000E+00  0.0000
 -1.200E+02 -9.511E+01  0.000E+00  0.0000
 -8.000E+01 -9.511E+01  0.000E+00  0.0000
 -4.000E+01 -9.511E+01  0.000E+00  0.0000
  0.000E+00 -9.511E+01  0.000E+00  0.0000
  4.000E+01 -9.511E+01  0.000E+00  0.0000
  8.000E+01 -9.511E+01  0.000E+00  0.0000
  1.200E+02 -9.511E+01  0.000E+00  0.0000
  1.600E+02 -9.511E+01  0.000E+00  0.0000
  2.000E+02 -9.511E+01  0.000E+00  0.0000
  2.400E+02 -9.511E+01  0.000E+00  0.0000
  2.800E+02 -9.511E+01  0.000E+00  0.0000
  3.200E+02 -9.511E+01  0.000E+00  0.0000
  3.600E+02 -9.511E+01  0.000E+00  0.0000
  4.000E+02 -9.511E+01  0.000E+00  0.0000
  4.400E+02 -9.511E+01  0.000E+00  0.0000
  4.800E+02 -9.511E+01  0.000E+00  0.0000
  5.200E+02 -9.511E+01  0.000E+00  0.0000
  5.600E+02 -9.511E+01  0.000E+00  0.0000
  6.000E+02 -9.511E+01  0.000E+00  0.0000
  6.400E+02 -9.511E+01  0.000E+00  0.0000
  6.800E+02 -9.511E+01  0.000E+00  0.0000
 -6.800E+02 -5.576E+01  0.000E+00  0.0000
 -6.400E+02 -5.576E+01  0.000E+00  0.0000
 -6.000E+02 -5.576E+01  0.000E+00  0.0000
 -5.600E+02 -5.576E+01  0.000E+00  0.0000
 -5.200E+02 -5.576E+01  0.000E+00  0.0000
 -4.800E+02 -5.576E+01  0.000E+00  0.0000
 -4.400E+02 -5.576E+01  0.000E+00  0.0000
 -4.000E+02 -5.576E+01  0.000E+00  0.0000
 -3.600E+02 -5.576E+01  0.000E+00  0.0000
 -3.200E+02 -5.576E+01  0.000E+00  0.0000
 -2.800E+02 -5.576E+01  0.000E+00  0.0000
 -2.400E+02 -5.576E+01  0.000E+00  0.0000
 -2.000E+02 -5.576E+01  0.000E+00  0.0000
 -1.600E+02 -5.576E+01  0.000E+00  0.0000
 -1.200E+02 -5.576E+01  0.000E+00  0.0000
 -8.000E+01 -5.576E+01  0.000E+00  0.0000
 -4.000E+01 -5.576E+01  0.000E+00  0.0000
  0.000E+00 -5.576E+01  0.000E+00  0.0000
  4.000E+01 -5.576E+01  0.000E+00  0.0000
  8.000E+01 -5.576E+01  0.000E+00  0.0000
  1.200E+02 -5.576E+01  0.000E+00  0.0000
  1.600E+02 -5.576E+01  0.000E+00  0.0000
  2.000E+02 -5.576E+01  0.000E+00  0.0000
  2.400E+02 -5.576E+01  0.000E+00  0.0000
  2.800E+02 -5.576E+01  0.000E+00  0.0000
  3.200E+02 -5.576E+01  0.000E+00  0.0000
  3.600E+02 -5.576E+01  0.000E+00  0.0000
  4.000E+02 -5.576E+01  0.000E+00  0.0000
  4.400E+02 -5.576E+01  0.000E+00  0.0000
  4.800E+02 -5.576E+01  0.000E+00  0.0000
  5.200E+02 -5.576E+01  0.000E+00  0.0000
  5.600E+02 -5.576E+01  0.000E+00  0.0000
  6.000E+02 -5.576E+01  0.000E+00  0.0000
  6.400E+02 -5.576E+01  0.000E+00  0.0000
  6.800E+02 -5.576E+01  0.000E+00  0.0000
 -6.800E+02 -1.641E+01  0.000E+00  0.0000
 -6.400E+02 -1.641E+01  0.000E+00  0.0000
 -6.000E+02 -1.641E+01  0.000E+00  0.0000
 -5.600E+02 -1.641E+01  0.000E+00  0.0000
 -5.200E+02 -1.641E+01  0.000E+00  0.0000
 -4.800E+02 -1.641E+01  0.000E+00  0.0000
 -4.400E+02 -1.641E+01  0.000E+00  0.0000
 -4.000E+02 -1.641E+01  0.000E+00  0.0000
 -3.600E+02 -1.641E+01  0.000E+00  0.0000
 -3.200E+02 -1.641E+01  0.000E+00  0.0000
 -2.800E+02 -1.641E+01  0.000E+00  0.0000
 -2.400E+02 -1.641E+01  0.000E+00  0.0000
 -2.000E+02 -1.641E+01  0.000E+00  0.0000
 -1.600E+02 -1.641E+01  0.000E+00  0.0000
 -1.200E+02 -1.641E+01  0.000E+00  0.0000
 -8.000E+01 -1.641E+01  0.000E+00  0.0000
 -4.000E+01 -1.641E+01  0.000E+00  0.0000
  0.000E+00 -1.641E+01  0.000E+00  0.0000
  4.000E+01 -1.641E+01  0.000E+00  0.0000
  8.000E+01 -1.641E+01  0.000E+00  0.0000
  1.200E+02 -1.641E+01  0.000E+00  0.0000
  1.600E+02 -1.641E+01  0.000E+00  0.0000
  2.000E+02 -1.641E+01  0.000E+00  0.0000
  2.400E+02 -1.641E+01  0.000E+00  0.0000
  2.800E+02 -1.641E+01  0.000E+00  0.0000
  3.200E+02 -1.641E+01  0.000E+00  0.0000
  3.600E+02 -1.641E+01  0.000E+00  0.0000
  4.000E+02 -1.641E+01  0.000E+00  0.0000
  4.400E+02 -1.641E+01  0.000E+00  0.0000
  4.800E+02 -1.641E+01  0.000E+00  0.0000
  5.200E+02 -1.641E+01  0.000E+00  0.0000
  5.600E+02 -1.641E+01  0.000E+00  0.0000
  6.000E+02 -1.641E+01  0.000E+00  0.0000
  6.400E+02 -1.641E+01  0.000E+00  0.0000
  6.800E+02 -1.641E+01  0.000E+00  0.0000
 -6.800E+02  2.293E+01  0.000E+00  0.0000
 -6.400E+02  2.293E+01  0.000E+00  0.0000
 -6.000E+02  2.293E+01  0.000E+00  0.0000
 -5.600E+02  2.293E+01  0.000E+00  0.0000
 -5.200E+02  2.293E+01  0.000E+00  0.0000
 -4.800E+02  2.293E+01  0.000E+00  0.0000
 -4.400E+02  2.293E+01  0.000E+00  0.0000
 -4.000E+02  2.293E+01  0.000E+00  0.0000
 -3.600E+02  2.293E+01  0.000E+00  0.0000
 -3.200E+02  2.293E+01  0.000E+00  0.0000
 -2.800E+02  2.293E+01  0.000E+00  0.0000
 -2.400E+02  2.293E+01  0.000E+00  0.0000
 -2.000E+02  2.293E+01  0.000E+00  0.0000
 -1.600E+02  2.293E+01  0.000E+00  0.0000
 -1.200E+02  2.293E+01  0.000E+00  0.0000
 -8.000E+01  2.293E+01  0.000E+00  0.0000
 -4.000E+01  2.293E+01  0.000E+00  0.0000
  0.000E+00  2.293E+01  0.000E+00  0.0000
  4.000E+01  2.293E+01  0.000E+00  0.0000
  8.000E+01  2.293E+01  0.000E+00  0.0000
  1.200E+02  2.293E+01  0.000E+00  0.0000
  1.600E+02  2.293E+01  0.000E+00  0.0000
  2.000E+02  2.293E+01  0.000E+00  0.0000
  2.400E+02  2.293E+01  0.000E+00  0.0000
  2.800E+02  2.293E+01  0.000E+00  0.0000
  3.200E+02  2.293E+01  0.000E+00  0.0000
  3.600E+02  2.293E+01  0.000E+00  0.0000
  4.000E+02  2.293E+01  0.000E+00  0.0000
  4.400E+02  2.293E+01  0.000E+00  0.0000
  4.800E+02  2.293E+01  0.000E+00  0.0000
  5.200E+02  2.293E+01  0.000E+00  0.0000
  5.600E+02  2.293E+01  0.000E+00  0.0000
  6.000E+02  2.293E+01  0.000E+00  0.0000
  6.400E+02  2.293E+01  0.000E+00  0.0000
  6.800E+02  2.293E+01  0.000E+00  0.0000
 -6.800E+02  6.228E+01  0.000E+00  0.0000
 -6.400E+02  6.228E+01  0.000E+00  0.0000
 -6.000E+02  6.228E+01  0.000E+00  0.0000
 -5.600E+02  6.228E+01  0.000E+00  0.0000
 -5.200E+02  6.228E+01  0.000E+00  0.0000
 -4.800E+02  6.228E+01  0.000E+00  0.0000
 -4.400E+02  6.228E+01  0.000E+00  0.0000
 -4.000E+02  6.228E+01  0.000E+00  0.0000
 -3.600E+02  6.228E+01  0.000E+00  0.0000
 -3.200E+02  6.228E+01  0.000E+00  0.0000
 -2.800E+02  6.228E+01  0.000E+00  0.0000
 -2.400E+02  6.228E+01  0.000E+00  0.0000
 -2.000E+02  6.228E+01  0.000E+00  0.0000
 -1.600E+02  6.228E+01  0.000E+00  0.0000
 -1.200E+02  6.228E+01  0.000E+00  0.0000
 -8.000E+01  6.228E+01  0.000E+00  0.0000
 -4.000E+01  6.228E+01  0.000E+00  0.0000
  0.000E+00  6.228E+01  0.000E+00  0.0000
  4.000E+01  6.228E+01  0.000E+00  0.0000
  8.000E+01  6.228E+01  0.000E+00  0.0000
  1.200E+02  6.228E+01  0.000E+00  0.0000
  1.600E+02  6.228E+01  0.000E+00  0.0000
  2.000E+02  6.228E+01  0.000E+00  0.0000
  2.400E+02  6.228E+01  0.000E+00  0.0000
  2.800E+02  6.228E+01  0.000E+00  0.0000
  3.200E+02  6.228E+01  0.000E+00  0.0000
  3.600E+02  6.228E+01  0.000E+00  0.0000
  4.000E+02  6.228E+01  0.000E+00  0.0000
  4.400E+02  6.228E+01  0.000E+00  0.0000
  4.800E+02  6.228E+01  0.000E+00  0.0000
  5.200E+02  6.228E+01  0.000E+00  0.0000
  5.600E+02  6.228E+01  0.000E+00  0.0000
  6.000E+02  6.228E+01  0.000E+00  0.0000
  6.400E+02  6.228E+01  0.000E+00  0.0000
  6.800E+02  6.228E+01  0.000E+00  0.0000
 -6.800E+02  1.016E+02  0.000E+00  0.0000
 -6.400E+02  1.016E+02  0.000E+00  0.0000
 -6.000E+02  1.016E+02  0.000E+00  0.0000
 -5.600E+02  1.016E+02  0.000E+00  0.0000
 -5.200E+02  1.016E+02  0.000E+00  0.0000
 -4.800E+02  1.016E+02  0.000E+00  0.0000
 -4.400E+02  1.016E+02  0.000E+00  0.0000
 -4.000E+02  1.016E+02  0.000E+00  0.0000
 -3.600E+02  1.016E+02  0.000E+00  0.0000
 -3.200E+02  1.016E+02  0.000E+00  0.0000
 -2.800E+02  1.016E+02  0.000E+00  0.0000
 -2.400E+02  1.016E+02  0.000E+00  0.0000
 -2.000E+02  1.016E+02  0.000E+00  0.0000
 -1.600E+02  1.016E+02  0.000E+00  0.0000
 -1.200E+02  1.016E+02  0.000E+00  0.0000
 -8.000E+01  1.016E+02  0.000E+00  0.0000
 -4.000E+01  1.016E+02  0.000E+00  0.0000
  0.000E+00  1.016E+02  0.000E+00  0.0000
  4.000E+01  1.016E+02  0.000E+00  0.0000
  8.000E+01  1.016E+02  0.000E+00  0.0000
  1.200E+02  1.016E+02  0.000E+00  0.0000
  1.600E+02  1.016E+02  0.000E+00  0.0000
  2.000E+02  1.016E+02  0.000E+00  0.0000
  2.400E+02  1.016E+02  0.000E+00  0.0000
  2.800E+02  1.016E+02  0.000E+00  0.0000
  3.200E+02  1.016E+02  0.000E+00  0.0000
  3.600E+02  1.016E+02  0.000E+00  0.0000
  4.000E+02  1.016E+02  0.000E+00  0.0000
  4.400E+02  1.016E+02  0.000E+00  0.0000
  4.800E+02  1.016E+02  0.000E+00  0.0000
  5.200E+02  1.016E+02  0.000E+00  0.0000
  5.600E+02  1.016E+02  0.000E+00  0.0000
  6.000E+02  1.016E+02  0.000E+00  0.0000
  6.400E+02  1.016E+02  0.000E+00  0.0000
  6.800E+02  1.016E+02  0.000E+00  0.0000
 -6.800E+02  1.410E+02  0.000E+00  0.0000
 -6.400E+02  1.410E+02  0.000E+00  0.0000
 -6.000E+02  1.410E+02  0.000E+00  0.0000
 -5.600E+02  1.410E+02  0.000E+00  0.0000
 -5.200E+02  1.410E+02  0.000E+00  0.0000
 -4.800E+02  1.410E+02  0.000E+00  0.0000
 -4.400E+02  1.410E+02  0.000E+00  0.0000
 -4.000E+02  1.410E+02  0.000E+00  0.0000
 -3.600E+02  1.410E+02  0.000E+00  0.0000
 -3.200E+02  1.410E+02  0.000E+00  0.0000
 -2.800E+02  1.410E+02  0.000E+00  0.0000
 -2.400E+02  1.410E+02  0.000E+00  0.0000
 -2.000E+02  1.410E+02  0.000E+00  0.0000
 -1.600E+02  1.410E+02  0.000E+00  0.0000
 -1.200E+02  1.410E+02  0.000E+00  0.0000
 -8.000E+01  1.410E+02  0.000E+00  0.0000
 -4.000E+01  1.410E+02  0.000E+00  0.0000
  0.000E+00  1.410E+02  0.000E+00  0.0000
  4.000E+01  1.410E+02  0.000E+00  0.0000
  8.000E+01  1.410E+02  0.000E+00  0.0000
  1.200E+02  1.410E+02  0.000E+00  0.0000
  1.600E+02  1.410E+02  0.000E+00  0.0000
  2.000E+02  1.410E+02  0.000E+00  0.0000
  2.400E+02  1.410E+02  0.000E+00  0.0000
  2.800E+02  1.410E+02  0.000E+00  0.0000
  3.200E+02  1.410E+02  0.000E+00  0.0000
  3.600E+02  1.410E+02  0.000E+00  0.0000
  4.000E+02  1.410E+02  0.000E+00  0.0000
  4.400E+02  1.410E+02  0.000E+00  0.0000
  4.800E+02  1.410E+02  0.000E+00  0.0000
  5.200E+02  1.410E+02  0.000E+00  0.0000
  5.600E+02  1.410E+02  0.000E+00  0.0000
  6.000E+02  1.410E+02  0.000E+00  0.0000
  6.400E+02  1.410E+02  0.000E+00  0.0000
  6.800E+02  1.410E+02  0.000E+00  0.0000
 -6.800E+02  1.803E+02  0.000E+00  0.0000
 -6.400E+02  1.803E+02  0.000E+00  0.0000
 -6.000E+02  1.803E+02  0.000E+00  0.0000
 -5.600E+02  1.803E+02  0.000E+00  0.0000
 -5.200E+02  1.803E+02  0.000E+00  0.0000
 -4.800E+02  1.803E+02  0.000E+00  0.0000
 -4.400E+02  1.803E+02  0.000E+00  0.0000
 -4.000E+02  1.803E+02  0.000E+00  0.0000
 -3.600E+02  1.803E+02  0.000E+00  0.0000
 -3.200E+02  1.803E+02  0.000E+00  0.0000
 -2.800E+02  1.803E+02  0.000E+00  0.0000
 -2.400E+02  1.803E+02  0.000E+00  0.0000
 -2.000E+02  1.803E+02  0.000E+00  0.0000
 -1.600E+02  1.803E+02  0.000E+00  0.0000
 -1.200E+02  1.803E+02  0.000E+00  0.0000
 -8.000E+01  1.803E+02  0.000E+00  0.0000
 -4.000E+01  1.803E+02  0.000E+00  0.0000
  0.000E+00  1.803E+02  0.000E+00  0.0000
  4.000E+01  1.803E+02  0.000E+00  0.0000
  8.000E+01  1.803E+02  0.000E+00  0.0000
  1.200E+02  1.803E+02  0.000E+00  0.0000
  1.600E+02  1.803E+02  0.000E+00  0.0000
  2.000E+02  1.803E+02  0.000E+00  0.0000
  2.400E+02  1.803E+02  0.000E+00  0.0000
  2.800E+02  1.803E+02  0.000E+00  0.0000
  3.200E+02  1.803E+02  0.000E+00  0.0000
  3.600E+02  1.803E+02  0.000E+00  0.0000
  4.000E+02  1.803E+02  0.000E+00  0.0000
  4.400E+02  1.803E+02  0.000E+00  0.0000
  4.800E+02  1.803E+02  0.000E+00  0.0000
  5.200E+02  1.803E+02  0.000E+00  0.0000
  5.600E+02  1.803E+02  0.000E+00  0.0000
  6.000E+02  1.803E+02  0.000E+00  0.0000
  6.400E+02  1.803E+02  0.000E+00  0.0000
  6.800E+02  1.803E+02  0.000E+00  0.0000

#------------------------------------------------------------------------------
 newpage:
#   no. =  6   ie  =  2   iy  =  1   part. = muon-   
#   e = (   5.0000E-07  -   1.0000E-01  )
#   y = (  -1.0000E+03  -   1.0000E+03  )
#  nx =  35   nz =  23

# x          z          flux       r.err
 -6.800E+02 -6.853E+02  0.000E+00  0.0000
 -6.400E+02 -6.853E+02  0.000E+00  0.0000
 -6.000E+02 -6.853E+02  0.000E+00  0.0000
 -5.600E+02 -6.853E+02  0.000E+00  0.0000
 -5.200E+02 -6.853E+02  0.000E+00  0.0000
 -4.800E+02 -6.853E+02  0.000E+00  0.0000
 -4.400E+02 -6.853E+02  5.448E-10  1.0000
 -4.000E+02 -6.853E+02  5.447E-10  1.0000
 -3.600E+02 -6.853E+02  0.000E+00  0.0000
 -3.200E+02 -6.853E+02  5.442E-10  1.0000
 -2.800E+02 -6.853E+02  0.000E+00  0.0000
 -2.400E+02 -6.853E+02  5.420E-10  1.0000
 -2.000E+02 -6.853E+02  5.447E-10  1.0000
 -1.600E+02 -6.853E+02  0.000E+00  0.0000
 -1.200E+02 -6.853E+02  0.000E+00  0.0000
 -8.000E+01 -6.853E+02  0.000E+00  0.0000
 -4.000E+01 -6.853E+02  5.449E-10  1.0000
  0.000E+00 -6.853E+02  5.425E-10  1.0000
  4.000E+01 -6.853E+02  5.442E-10  1.0000
  8.000E+01 -6.853E+02  0.000E+00  0.0000
  1.200E+02 -6.853E+02  0.000E+00  0.0000
  1.600E+02 -6.853E+02  5.448E-10  1.0000
  2.000E+02 -6.853E+02  1.634E-09  0.5772
  2.400E+02 -6.853E+02  5.441E-10  1.0000
  2.800E+02 -6.853E+02  5.442E-10  1.0000
  3.200E+02 -6.853E+02  5.444E-10  1.0000
  3.600E+02 -6.853E+02  1.089E-09  0.7070
  4.000E+02 -6.853E+02  0.000E+00  0.0000
  4.400E+02 -6.853E+02  0.000E+00  0.0000
  4.800E+02 -6.853E+02  0.000E+00  0.0000
  5.200E+02 -6.853E+02  0.000E+00  0.0000
  5.600E+02 -6.853E+02  0.000E+00  0.0000
  6.000E+02 -6.853E+02  0.000E+00  0.0000
  6.400E+02 -6.853E+02  5.446E-10  1.0000
  6.800E+02 -6.853E+02  0.000E+00  0.0000
 -6.800E+02 -6.460E+02  5.449E-10  1.0000
 -6.400E+02 -6.460E+02  5.449E-10  1.0000
 -6.000E+02 -6.460E+02  1.087E-09  0.7070
 -5.600E+02 -6.460E+02  5.449E-10  1.0000
 -5.200E+02 -6.460E+02  5.445E-10  1.0000
 -4.800E+02 -6.460E+02  5.449E-10  1.0000
 -4.400E+02 -6.460E+02  5.449E-10  1.0000
 -4.000E+02 -6.460E+02  1.090E-09  0.7070
 -3.600E+02 -6.460E+02  1.088E-09  0.7070
 -3.200E+02 -6.460E+02  0.000E+00  0.0000
 -2.800E+02 -6.460E+02  5.449E-10  1.0000
 -2.400E+02 -6.460E+02  0.000E+00  0.0000
 -2.000E+02 -6.460E+02  5.448E-10  1.0000
 -1.600E+02 -6.460E+02  1.090E-09  0.7070
 -1.200E+02 -6.460E+02  1.089E-09  0.7070
 -8.000E+01 -6.460E+02  0.000E+00  0.0000
 -4.000E+01 -6.460E+02  0.000E+00  0.0000
  0.000E+00 -6.460E+02  0.000E+00  0.0000
  4.000E+01 -6.460E+02  1.090E-09  0.7070
  8.000E+01 -6.460E+02  5.448E-10  1.0000
  1.200E+02 -6.460E+02  0.000E+00  0.0000
  1.600E+02 -6.460E+02  0.000E+00  0.0000
  2.000E+02 -6.460E+02  1.634E-09  0.5772
  2.400E+02 -6.460E+02  0.000E+00  0.0000
  2.800E+02 -6.460E+02  5.449E-10  1.0000
  3.200E+02 -6.460E+02  5.444E-10  1.0000
  3.600E+02 -6.460E+02  1.634E-09  0.5772
  4.000E+02 -6.460E+02  1.634E-09  0.5772
  4.400E+02 -6.460E+02  5.449E-10  1.0000
  4.800E+02 -6.460E+02  0.000E+00  0.0000
  5.200E+02 -6.460E+02  1.088E-09  0.7070
  5.600E+02 -6.460E+02  0.000E+00  0.0000
  6.000E+02 -6.460E+02  0.000E+00  0.0000
  6.400E+02 -6.460E+02  0.000E+00  0.0000
  6.800E+02 -6.460E+02  0.000E+00  0.0000
 -6.800E+02 -6.066E+02  0.000E+00  0.0000
 -6.400E+02 -6.066E+02  0.000E+00  0.0000
 -6.000E+02 -6.066E+02  5.448E-10  1.0000
 -5.600E+02 -6.066E+02  0.000E+00  0.0000
 -5.200E+02 -6.066E+02  1.089E-09  0.7070
 -4.800E+02 -6.066E+02  5.449E-10  1.0000
 -4.400E+02 -6.066E+02  0.000E+00  0.0000
 -4.000E+02 -6.066E+02  1.087E-09  0.7070
 -3.600E+02 -6.066E+02  5.449E-10  1.0000
 -3.200E+02 -6.066E+02  5.449E-10  1.0000
 -2.800E+02 -6.066E+02  5.448E-10  1.0000
 -2.400E+02 -6.066E+02  0.000E+00  0.0000
 -2.000E+02 -6.066E+02  0.000E+00  0.0000
 -1.600E+02 -6.066E+02  5.449E-10  1.0000
 -1.200E+02 -6.066E+02  5.449E-10  1.0000
 -8.000E+01 -6.066E+02  5.449E-10  1.0000
 -4.000E+01 -6.066E+02  5.449E-10  1.0000
  0.000E+00 -6.066E+02  1.635E-09  0.5772
  4.000E+01 -6.066E+02  5.447E-10  1.0000
  8.000E+01 -6.066E+02  0.000E+00  0.0000
  1.200E+02 -6.066E+02  5.448E-10  1.0000
  1.600E+02 -6.066E+02  0.000E+00  0.0000
  2.000E+02 -6.066E+02  1.634E-09  0.5772
  2.400E+02 -6.066E+02  0.000E+00  0.0000
  2.800E+02 -6.066E+02  0.000E+00  0.0000
  3.200E+02 -6.066E+02  5.377E-10  1.0000
  3.600E+02 -6.066E+02  0.000E+00  0.0000
  4.000E+02 -6.066E+02  0.000E+00  0.0000
  4.400E+02 -6.066E+02  0.000E+00  0.0000
  4.800E+02 -6.066E+02  0.000E+00  0.0000
  5.200E+02 -6.066E+02  0.000E+00  0.0000
  5.600E+02 -6.066E+02  5.449E-10  1.0000
  6.000E+02 -6.066E+02  1.090E-09  0.7070
  6.400E+02 -6.066E+02  0.000E+00  0.0000
  6.800E+02 -6.066E+02  5.449E-10  1.0000
 -6.800E+02 -5.673E+02  0.000E+00  0.0000
 -6.400E+02 -5.673E+02  0.000E+00  0.0000
 -6.000E+02 -5.673E+02  0.000E+00  0.0000
 -5.600E+02 -5.673E+02  0.000E+00  0.0000
 -5.200E+02 -5.673E+02  0.000E+00  0.0000
 -4.800E+02 -5.673E+02  1.634E-09  0.5772
 -4.400E+02 -5.673E+02  1.634E-09  0.5772
 -4.000E+02 -5.673E+02  5.449E-10  1.0000
 -3.600E+02 -5.673E+02  5.449E-10  1.0000
 -3.200E+02 -5.673E+02  5.448E-10  1.0000
 -2.800E+02 -5.673E+02  1.635E-09  0.5772
 -2.400E+02 -5.673E+02  5.442E-10  1.0000
 -2.000E+02 -5.673E+02  1.089E-09  0.7070
 -1.600E+02 -5.673E+02  0.000E+00  0.0000
 -1.200E+02 -5.673E+02  0.000E+00  0.0000
 -8.000E+01 -5.673E+02  1.089E-09  0.7070
 -4.000E+01 -5.673E+02  0.000E+00  0.0000
  0.000E+00 -5.673E+02  0.000E+00  0.0000
  4.000E+01 -5.673E+02  1.635E-09  0.5772
  8.000E+01 -5.673E+02  1.089E-09  0.7070
  1.200E+02 -5.673E+02  1.084E-09  0.7070
  1.600E+02 -5.673E+02  1.090E-09  0.7070
  2.000E+02 -5.673E+02  5.449E-10  1.0000
  2.400E+02 -5.673E+02  1.626E-09  0.5772
  2.800E+02 -5.673E+02  5.449E-10  1.0000
  3.200E+02 -5.673E+02  1.090E-09  0.7070
  3.600E+02 -5.673E+02  1.090E-09  0.7070
  4.000E+02 -5.673E+02  1.089E-09  0.7070
  4.400E+02 -5.673E+02  0.000E+00  0.0000
  4.800E+02 -5.673E+02  0.000E+00  0.0000
  5.200E+02 -5.673E+02  1.090E-09  0.7070
  5.600E+02 -5.673E+02  0.000E+00  0.0000
  6.000E+02 -5.673E+02  0.000E+00  0.0000
  6.400E+02 -5.673E+02  0.000E+00  0.0000
  6.800E+02 -5.673E+02  0.000E+00  0.0000
 -6.800E+02 -5.279E+02  1.633E-09  0.5772
 -6.400E+02 -5.279E+02  0.000E+00  0.0000
 -6.000E+02 -5.279E+02  0.000E+00  0.0000
 -5.600E+02 -5.279E+02  1.634E-09  0.5772
 -5.200E+02 -5.279E+02  5.442E-10  1.0000
 -4.800E+02 -5.279E+02  1.089E-09  0.7070
 -4.400E+02 -5.279E+02  5.449E-10  1.0000
 -4.000E+02 -5.279E+02  5.449E-10  1.0000
 -3.600E+02 -5.279E+02  0.000E+00  0.0000
 -3.200E+02 -5.279E+02  5.449E-10  1.0000
 -2.800E+02 -5.279E+02  0.000E+00  0.0000
 -2.400E+02 -5.279E+02  5.448E-10  1.0000
 -2.000E+02 -5.279E+02  0.000E+00  0.0000
 -1.600E+02 -5.279E+02  5.449E-10  1.0000
 -1.200E+02 -5.279E+02  5.449E-10  1.0000
 -8.000E+01 -5.279E+02  0.000E+00  0.0000
 -4.000E+01 -5.279E+02  5.444E-10  1.0000
  0.000E+00 -5.279E+02  1.089E-09  0.7070
  4.000E+01 -5.279E+02  5.449E-10  1.0000
  8.000E+01 -5.279E+02  5.448E-10  1.0000
  1.200E+02 -5.279E+02  1.634E-09  0.5772
  1.600E+02 -5.279E+02  5.449E-10  1.0000
  2.000E+02 -5.279E+02  0.000E+00  0.0000
  2.400E+02 -5.279E+02  5.447E-10  1.0000
  2.800E+02 -5.279E+02  1.090E-09  0.7070
  3.200E+02 -5.279E+02  5.442E-10  1.0000
  3.600E+02 -5.279E+02  5.449E-10  1.0000
  4.000E+02 -5.279E+02  5.449E-10  1.0000
  4.400E+02 -5.279E+02  0.000E+00  0.0000
  4.800E+02 -5.279E+02  5.444E-10  1.0000
  5.200E+02 -5.279E+02  0.000E+00  0.0000
  5.600E+02 -5.279E+02  0.000E+00  0.0000
  6.000E+02 -5.279E+02  5.449E-10  1.0000
  6.400E+02 -5.279E+02  0.000E+00  0.0000
  6.800E+02 -5.279E+02  0.000E+00  0.0000
 -6.800E+02 -4.886E+02  1.090E-09  0.7070
 -6.400E+02 -4.886E+02  1.090E-09  0.7070
 -6.000E+02 -4.886E+02  5.417E-10  1.0000
 -5.600E+02 -4.886E+02  1.634E-09  0.5772
 -5.200E+02 -4.886E+02  0.000E+00  0.0000
 -4.800E+02 -4.886E+02  0.000E+00  0.0000
 -4.400E+02 -4.886E+02  5.446E-10  1.0000
 -4.000E+02 -4.886E+02  0.000E+00  0.0000
 -3.600E+02 -4.886E+02  0.000E+00  0.0000
 -3.200E+02 -4.886E+02  0.000E+00  0.0000
 -2.800E+02 -4.886E+02  1.089E-09  0.7070
 -2.400E+02 -4.886E+02  5.443E-10  1.0000
 -2.000E+02 -4.886E+02  1.087E-09  0.7070
 -1.600E+02 -4.886E+02  1.634E-09  0.5772
 -1.200E+02 -4.886E+02  5.449E-10  1.0000
 -8.000E+01 -4.886E+02  0.000E+00  0.0000
 -4.000E+01 -4.886E+02  0.000E+00  0.0000
  0.000E+00 -4.886E+02  5.449E-10  1.0000
  4.000E+01 -4.886E+02  1.090E-09  0.7070
  8.000E+01 -4.886E+02  1.088E-09  0.7070
  1.200E+02 -4.886E+02  2.723E-09  0.4470
  1.600E+02 -4.886E+02  5.449E-10  1.0000
  2.000E+02 -4.886E+02  5.449E-10  1.0000
  2.400E+02 -4.886E+02  5.424E-10  1.0000
  2.800E+02 -4.886E+02  0.000E+00  0.0000
  3.200E+02 -4.886E+02  5.417E-10  1.0000
  3.600E+02 -4.886E+02  0.000E+00  0.0000
  4.000E+02 -4.886E+02  5.449E-10  1.0000
  4.400E+02 -4.886E+02  0.000E+00  0.0000
  4.800E+02 -4.886E+02  5.445E-10  1.0000
  5.200E+02 -4.886E+02  0.000E+00  0.0000
  5.600E+02 -4.886E+02  5.449E-10  1.0000
  6.000E+02 -4.886E+02  5.449E-10  1.0000
  6.400E+02 -4.886E+02  0.000E+00  0.0000
  6.800E+02 -4.886E+02  0.000E+00  0.0000
 -6.800E+02 -4.492E+02  5.449E-10  1.0000
 -6.400E+02 -4.492E+02  5.449E-10  1.0000
 -6.000E+02 -4.492E+02  0.000E+00  0.0000
 -5.600E+02 -4.492E+02  0.000E+00  0.0000
 -5.200E+02 -4.492E+02  0.000E+00  0.0000
 -4.800E+02 -4.492E+02  0.000E+00  0.0000
 -4.400E+02 -4.492E+02  1.089E-09  0.7070
 -4.000E+02 -4.492E+02  1.633E-09  0.5772
 -3.600E+02 -4.492E+02  1.635E-09  0.5772
 -3.200E+02 -4.492E+02  5.449E-10  1.0000
 -2.800E+02 -4.492E+02  1.090E-09  0.7070
 -2.400E+02 -4.492E+02  1.089E-09  0.7070
 -2.000E+02 -4.492E+02  1.087E-09  0.7070
 -1.600E+02 -4.492E+02  0.000E+00  0.0000
 -1.200E+02 -4.492E+02  2.179E-09  0.4998
 -8.000E+01 -4.492E+02  1.090E-09  0.7070
 -4.000E+01 -4.492E+02  0.000E+00  0.0000
  0.000E+00 -4.492E+02  5.449E-10  1.0000
  4.000E+01 -4.492E+02  5.449E-10  1.0000
  8.000E+01 -4.492E+02  1.089E-09  0.7070
  1.200E+02 -4.492E+02  0.000E+00  0.0000
  1.600E+02 -4.492E+02  0.000E+00  0.0000
  2.000E+02 -4.492E+02  5.440E-10  1.0000
  2.400E+02 -4.492E+02  5.449E-10  1.0000
  2.800E+02 -4.492E+02  5.424E-10  1.0000
  3.200E+02 -4.492E+02  1.629E-09  0.5772
  3.600E+02 -4.492E+02  0.000E+00  0.0000
  4.000E+02 -4.492E+02  5.443E-10  1.0000
  4.400E+02 -4.492E+02  5.449E-10  1.0000
  4.800E+02 -4.492E+02  5.449E-10  1.0000
  5.200E+02 -4.492E+02  5.448E-10  1.0000
  5.600E+02 -4.492E+02  1.631E-09  0.5772
  6.000E+02 -4.492E+02  0.000E+00  0.0000
  6.400E+02 -4.492E+02  1.090E-09  0.7070
  6.800E+02 -4.492E+02  1.090E-09  0.7070
 -6.800E+02 -4.099E+02  1.090E-09  0.7070
 -6.400E+02 -4.099E+02  5.444E-10  1.0000
 -6.000E+02 -4.099E+02  0.000E+00  0.0000
 -5.600E+02 -4.099E+02  3.266E-09  0.4080
 -5.200E+02 -4.099E+02  5.423E-10  1.0000
 -4.800E+02 -4.099E+02  0.000E+00  0.0000
 -4.400E+02 -4.099E+02  5.449E-10  1.0000
 -4.000E+02 -4.099E+02  5.449E-10  1.0000
 -3.600E+02 -4.099E+02  0.000E+00  0.0000
 -3.200E+02 -4.099E+02  0.000E+00  0.0000
 -2.800E+02 -4.099E+02  1.089E-09  0.7070
 -2.400E+02 -4.099E+02  1.090E-09  0.7070
 -2.000E+02 -4.099E+02  5.449E-10  1.0000
 -1.600E+02 -4.099E+02  1.089E-09  0.7070
 -1.200E+02 -4.099E+02  1.088E-09  0.7070
 -8.000E+01 -4.099E+02  1.634E-09  0.5772
 -4.000E+01 -4.099E+02  1.090E-09  0.7070
  0.000E+00 -4.099E+02  1.089E-09  0.7070
  4.000E+01 -4.099E+02  0.000E+00  0.0000
  8.000E+01 -4.099E+02  5.449E-10  1.0000
  1.200E+02 -4.099E+02  0.000E+00  0.0000
  1.600E+02 -4.099E+02  1.634E-09  0.5772
  2.000E+02 -4.099E+02  5.449E-10  1.0000
  2.400E+02 -4.099E+02  0.000E+00  0.0000
  2.800E+02 -4.099E+02  5.449E-10  1.0000
  3.200E+02 -4.099E+02  0.000E+00  0.0000
  3.600E+02 -4.099E+02  0.000E+00  0.0000
  4.000E+02 -4.099E+02  1.632E-09  0.5772
  4.400E+02 -4.099E+02  5.449E-10  1.0000
  4.800E+02 -4.099E+02  5.449E-10  1.0000
  5.200E+02 -4.099E+02  5.449E-10  1.0000
  5.600E+02 -4.099E+02  0.000E+00  0.0000
  6.000E+02 -4.099E+02  0.000E+00  0.0000
  6.400E+02 -4.099E+02  5.449E-10  1.0000
  6.800E+02 -4.099E+02  5.449E-10  1.0000
 -6.800E+02 -3.705E+02  5.447E-10  1.0000
 -6.400E+02 -3.705E+02  0.000E+00  0.0000
 -6.000E+02 -3.705E+02  5.442E-10  1.0000
 -5.600E+02 -3.705E+02  0.000E+00  0.0000
 -5.200E+02 -3.705E+02  2.171E-09  0.4999
 -4.800E+02 -3.705E+02  5.449E-10  1.0000
 -4.400E+02 -3.705E+02  2.179E-09  0.4998
 -4.000E+02 -3.705E+02  0.000E+00  0.0000
 -3.600E+02 -3.705E+02  5.447E-10  1.0000
 -3.200E+02 -3.705E+02  5.448E-10  1.0000
 -2.800E+02 -3.705E+02  5.449E-10  1.0000
 -2.400E+02 -3.705E+02  1.635E-09  0.5772
 -2.000E+02 -3.705E+02  0.000E+00  0.0000
 -1.600E+02 -3.705E+02  1.635E-09  0.5772
 -1.200E+02 -3.705E+02  0.000E+00  0.0000
 -8.000E+01 -3.705E+02  0.000E+00  0.0000
 -4.000E+01 -3.705E+02  0.000E+00  0.0000
  0.000E+00 -3.705E+02  0.000E+00  0.0000
  4.000E+01 -3.705E+02  0.000E+00  0.0000
  8.000E+01 -3.705E+02  0.000E+00  0.0000
  1.200E+02 -3.705E+02  0.000E+00  0.0000
  1.600E+02 -3.705E+02  1.632E-09  0.5772
  2.000E+02 -3.705E+02  0.000E+00  0.0000
  2.400E+02 -3.705E+02  1.089E-09  0.7070
  2.800E+02 -3.705E+02  5.449E-10  1.0000
  3.200E+02 -3.705E+02  0.000E+00  0.0000
  3.600E+02 -3.705E+02  2.179E-09  0.4999
  4.000E+02 -3.705E+02  5.449E-10  1.0000
  4.400E+02 -3.705E+02  1.089E-09  0.7070
  4.800E+02 -3.705E+02  1.090E-09  0.7070
  5.200E+02 -3.705E+02  1.090E-09  0.7070
  5.600E+02 -3.705E+02  5.447E-10  1.0000
  6.000E+02 -3.705E+02  5.449E-10  1.0000
  6.400E+02 -3.705E+02  0.000E+00  0.0000
  6.800E+02 -3.705E+02  1.090E-09  0.7070
 -6.800E+02 -3.312E+02  0.000E+00  0.0000
 -6.400E+02 -3.312E+02  2.180E-09  0.4998
 -6.000E+02 -3.312E+02  5.444E-10  1.0000
 -5.600E+02 -3.312E+02  2.180E-09  0.4998
 -5.200E+02 -3.312E+02  5.449E-10  1.0000
 -4.800E+02 -3.312E+02  5.443E-10  1.0000
 -4.400E+02 -3.312E+02  1.089E-09  0.7070
 -4.000E+02 -3.312E+02  5.446E-10  1.0000
 -3.600E+02 -3.312E+02  0.000E+00  0.0000
 -3.200E+02 -3.312E+02  5.449E-10  1.0000
 -2.800E+02 -3.312E+02  1.634E-09  0.5772
 -2.400E+02 -3.312E+02  1.087E-09  0.7070
 -2.000E+02 -3.312E+02  1.087E-09  0.7070
 -1.600E+02 -3.312E+02  0.000E+00  0.0000
 -1.200E+02 -3.312E+02  0.000E+00  0.0000
 -8.000E+01 -3.312E+02  0.000E+00  0.0000
 -4.000E+01 -3.312E+02  0.000E+00  0.0000
  0.000E+00 -3.312E+02  0.000E+00  0.0000
  4.000E+01 -3.312E+02  0.000E+00  0.0000
  8.000E+01 -3.312E+02  0.000E+00  0.0000
  1.200E+02 -3.312E+02  0.000E+00  0.0000
  1.600E+02 -3.312E+02  1.633E-09  0.5772
  2.000E+02 -3.312E+02  1.089E-09  0.7070
  2.400E+02 -3.312E+02  5.449E-10  1.0000
  2.800E+02 -3.312E+02  1.090E-09  0.7070
  3.200E+02 -3.312E+02  0.000E+00  0.0000
  3.600E+02 -3.312E+02  0.000E+00  0.0000
  4.000E+02 -3.312E+02  0.000E+00  0.0000
  4.400E+02 -3.312E+02  5.449E-10  1.0000
  4.800E+02 -3.312E+02  2.174E-09  0.4999
  5.200E+02 -3.312E+02  5.444E-10  1.0000
  5.600E+02 -3.312E+02  1.632E-09  0.5772
  6.000E+02 -3.312E+02  0.000E+00  0.0000
  6.400E+02 -3.312E+02  0.000E+00  0.0000
  6.800E+02 -3.312E+02  0.000E+00  0.0000
 -6.800E+02 -2.918E+02  2.178E-09  0.4999
 -6.400E+02 -2.918E+02  5.445E-10  1.0000
 -6.000E+02 -2.918E+02  5.449E-10  1.0000
 -5.600E+02 -2.918E+02  5.425E-10  1.0000
 -5.200E+02 -2.918E+02  1.090E-09  0.7070
 -4.800E+02 -2.918E+02  0.000E+00  0.0000
 -4.400E+02 -2.918E+02  0.000E+00  0.0000
 -4.000E+02 -2.918E+02  5.442E-10  1.0000
 -3.600E+02 -2.918E+02  2.177E-09  0.4999
 -3.200E+02 -2.918E+02  2.178E-09  0.4999
 -2.800E+02 -2.918E+02  0.000E+00  0.0000
 -2.400E+02 -2.918E+02  1.089E-09  0.7070
 -2.000E+02 -2.918E+02  1.090E-09  0.7070
 -1.600E+02 -2.918E+02  1.634E-09  0.5772
 -1.200E+02 -2.918E+02  0.000E+00  0.0000
 -8.000E+01 -2.918E+02  0.000E+00  0.0000
 -4.000E+01 -2.918E+02  0.000E+00  0.0000
  0.000E+00 -2.918E+02  0.000E+00  0.0000
  4.000E+01 -2.918E+02  0.000E+00  0.0000
  8.000E+01 -2.918E+02  0.000E+00  0.0000
  1.200E+02 -2.918E+02  0.000E+00  0.0000
  1.600E+02 -2.918E+02  1.634E-09  0.5772
  2.000E+02 -2.918E+02  5.449E-10  1.0000
  2.400E+02 -2.918E+02  5.445E-10  1.0000
  2.800E+02 -2.918E+02  5.449E-10  1.0000
  3.200E+02 -2.918E+02  5.449E-10  1.0000
  3.600E+02 -2.918E+02  0.000E+00  0.0000
  4.000E+02 -2.918E+02  1.090E-09  0.7070
  4.400E+02 -2.918E+02  1.627E-09  0.5772
  4.800E+02 -2.918E+02  5.447E-10  1.0000
  5.200E+02 -2.918E+02  1.079E-09  0.7070
  5.600E+02 -2.918E+02  5.426E-10  1.0000
  6.000E+02 -2.918E+02  2.179E-09  0.4998
  6.400E+02 -2.918E+02  5.449E-10  1.0000
  6.800E+02 -2.918E+02  0.000E+00  0.0000
 -6.800E+02 -2.525E+02  1.631E-09  0.5772
 -6.400E+02 -2.525E+02  5.449E-10  1.0000
 -6.000E+02 -2.525E+02  5.449E-10  1.0000
 -5.600E+02 -2.525E+02  0.000E+00  0.0000
 -5.200E+02 -2.525E+02  3.269E-09  0.4080
 -4.800E+02 -2.525E+02  5.449E-10  1.0000
 -4.400E+02 -2.525E+02  1.090E-09  0.7070
 -4.000E+02 -2.525E+02  2.175E-09  0.4999
 -3.600E+02 -2.525E+02  1.089E-09  0.7070
 -3.200E+02 -2.525E+02  1.635E-09  0.5772
 -2.800E+02 -2.525E+02  5.449E-10  1.0000
 -2.400E+02 -2.525E+02  0.000E+00  0.0000
 -2.000E+02 -2.525E+02  0.000E+00  0.0000
 -1.600E+02 -2.525E+02  5.449E-10  1.0000
 -1.200E+02 -2.525E+02  0.000E+00  0.0000
 -8.000E+01 -2.525E+02  0.000E+00  0.0000
 -4.000E+01 -2.525E+02  0.000E+00  0.0000
  0.000E+00 -2.525E+02  0.000E+00  0.0000
  4.000E+01 -2.525E+02  0.000E+00  0.0000
  8.000E+01 -2.525E+02  0.000E+00  0.0000
  1.200E+02 -2.525E+02  0.000E+00  0.0000
  1.600E+02 -2.525E+02  0.000E+00  0.0000
  2.000E+02 -2.525E+02  1.090E-09  0.7070
  2.400E+02 -2.525E+02  2.176E-09  0.4999
  2.800E+02 -2.525E+02  0.000E+00  0.0000
  3.200E+02 -2.525E+02  5.449E-10  1.0000
  3.600E+02 -2.525E+02  1.632E-09  0.5772
  4.000E+02 -2.525E+02  1.090E-09  0.7070
  4.400E+02 -2.525E+02  0.000E+00  0.0000
  4.800E+02 -2.525E+02  0.000E+00  0.0000
  5.200E+02 -2.525E+02  0.000E+00  0.0000
  5.600E+02 -2.525E+02  1.090E-09  0.7070
  6.000E+02 -2.525E+02  1.632E-09  0.5772
  6.400E+02 -2.525E+02  5.449E-10  1.0000
  6.800E+02 -2.525E+02  5.449E-10  1.0000
 -6.800E+02 -2.132E+02  2.177E-09  0.4999
 -6.400E+02 -2.132E+02  1.635E-09  0.5772
 -6.000E+02 -2.132E+02  5.449E-10  1.0000
 -5.600E+02 -2.132E+02  1.634E-09  0.5772
 -5.200E+02 -2.132E+02  2.176E-09  0.4999
 -4.800E+02 -2.132E+02  5.449E-10  1.0000
 -4.400E+02 -2.132E+02  1.090E-09  0.7070
 -4.000E+02 -2.132E+02  1.634E-09  0.5772
 -3.600E+02 -2.132E+02  1.090E-09  0.7070
 -3.200E+02 -2.132E+02  2.178E-09  0.4999
 -2.800E+02 -2.132E+02  5.445E-10  1.0000
 -2.400E+02 -2.132E+02  1.089E-09  0.7070
 -2.000E+02 -2.132E+02  0.000E+00  0.0000
 -1.600E+02 -2.132E+02  1.634E-09  0.5772
 -1.200E+02 -2.132E+02  0.000E+00  0.0000
 -8.000E+01 -2.132E+02  0.000E+00  0.0000
 -4.000E+01 -2.132E+02  0.000E+00  0.0000
  0.000E+00 -2.132E+02  0.000E+00  0.0000
  4.000E+01 -2.132E+02  0.000E+00  0.0000
  8.000E+01 -2.132E+02  0.000E+00  0.0000
  1.200E+02 -2.132E+02  0.000E+00  0.0000
  1.600E+02 -2.132E+02  1.634E-09  0.5772
  2.000E+02 -2.132E+02  0.000E+00  0.0000
  2.400E+02 -2.132E+02  1.635E-09  0.5772
  2.800E+02 -2.132E+02  1.090E-09  0.7070
  3.200E+02 -2.132E+02  5.449E-10  1.0000
  3.600E+02 -2.132E+02  2.178E-09  0.4999
  4.000E+02 -2.132E+02  1.090E-09  0.7070
  4.400E+02 -2.132E+02  5.449E-10  1.0000
  4.800E+02 -2.132E+02  2.179E-09  0.4998
  5.200E+02 -2.132E+02  0.000E+00  0.0000
  5.600E+02 -2.132E+02  5.428E-10  1.0000
  6.000E+02 -2.132E+02  5.446E-10  1.0000
  6.400E+02 -2.132E+02  1.089E-09  0.7070
  6.800E+02 -2.132E+02  1.635E-09  0.5772
 -6.800E+02 -1.738E+02  0.000E+00  0.0000
 -6.400E+02 -1.738E+02  1.632E-09  0.5772
 -6.000E+02 -1.738E+02  5.449E-10  1.0000
 -5.600E+02 -1.738E+02  1.089E-09  0.7070
 -5.200E+02 -1.738E+02  2.178E-09  0.4999
 -4.800E+02 -1.738E+02  5.449E-10  1.0000
 -4.400E+02 -1.738E+02  1.090E-09  0.7070
 -4.000E+02 -1.738E+02  1.090E-09  0.7070
 -3.600E+02 -1.738E+02  1.634E-09  0.5772
 -3.200E+02 -1.738E+02  2.179E-09  0.4998
 -2.800E+02 -1.738E+02  1.633E-09  0.5772
 -2.400E+02 -1.738E+02  5.446E-10  1.0000
 -2.000E+02 -1.738E+02  1.089E-09  0.7070
 -1.600E+02 -1.738E+02  1.631E-09  0.5772
 -1.200E+02 -1.738E+02  0.000E+00  0.0000
 -8.000E+01 -1.738E+02  0.000E+00  0.0000
 -4.000E+01 -1.738E+02  0.000E+00  0.0000
  0.000E+00 -1.738E+02  0.000E+00  0.0000
  4.000E+01 -1.738E+02  0.000E+00  0.0000
  8.000E+01 -1.738E+02  0.000E+00  0.0000
  1.200E+02 -1.738E+02  0.000E+00  0.0000
  1.600E+02 -1.738E+02  1.090E-09  0.7070
  2.000E+02 -1.738E+02  1.090E-09  0.7070
  2.400E+02 -1.738E+02  1.635E-09  0.5772
  2.800E+02 -1.738E+02  5.449E-10  1.0000
  3.200E+02 -1.738E+02  2.180E-09  0.4998
  3.600E+02 -1.738E+02  2.180E-09  0.4998
  4.000E+02 -1.738E+02  2.178E-09  0.4999
  4.400E+02 -1.738E+02  0.000E+00  0.0000
  4.800E+02 -1.738E+02  1.090E-09  0.7070
  5.200E+02 -1.738E+02  1.089E-09  0.7070
  5.600E+02 -1.738E+02  1.632E-09  0.5772
  6.000E+02 -1.738E+02  1.087E-09  0.7070
  6.400E+02 -1.738E+02  0.000E+00  0.0000
  6.800E+02 -1.738E+02  5.449E-10  1.0000
 -6.800E+02 -1.345E+02  1.090E-09  0.7070
 -6.400E+02 -1.345E+02  1.090E-09  0.7070
 -6.000E+02 -1.345E+02  1.634E-09  0.5772
 -5.600E+02 -1.345E+02  1.082E-09  0.7071
 -5.200E+02 -1.345E+02  0.000E+00  0.0000
 -4.800E+02 -1.345E+02  1.632E-09  0.5772
 -4.400E+02 -1.345E+02  1.089E-09  0.7070
 -4.000E+02 -1.345E+02  1.090E-09  0.7070
 -3.600E+02 -1.345E+02  1.090E-09  0.7070
 -3.200E+02 -1.345E+02  5.448E-10  1.0000
 -2.800E+02 -1.345E+02  1.090E-09  0.7070
 -2.400E+02 -1.345E+02  5.449E-10  1.0000
 -2.000E+02 -1.345E+02  1.635E-09  0.5772
 -1.600E+02 -1.345E+02  5.449E-10  1.0000
 -1.200E+02 -1.345E+02  0.000E+00  0.0000
 -8.000E+01 -1.345E+02  0.000E+00  0.0000
 -4.000E+01 -1.345E+02  0.000E+00  0.0000
  0.000E+00 -1.345E+02  0.000E+00  0.0000
  4.000E+01 -1.345E+02  0.000E+00  0.0000
  8.000E+01 -1.345E+02  0.000E+00  0.0000
  1.200E+02 -1.345E+02  0.000E+00  0.0000
  1.600E+02 -1.345E+02  1.089E-09  0.7070
  2.000E+02 -1.345E+02  5.448E-10  1.0000
  2.400E+02 -1.345E+02  1.090E-09  0.7070
  2.800E+02 -1.345E+02  3.263E-09  0.4080
  3.200E+02 -1.345E+02  2.179E-09  0.4998
  3.600E+02 -1.345E+02  1.635E-09  0.5772
  4.000E+02 -1.345E+02  5.425E-10  1.0000
  4.400E+02 -1.345E+02  1.089E-09  0.7070
  4.800E+02 -1.345E+02  5.449E-10  1.0000
  5.200E+02 -1.345E+02  1.634E-09  0.5772
  5.600E+02 -1.345E+02  1.635E-09  0.5772
  6.000E+02 -1.345E+02  1.631E-09  0.5772
  6.400E+02 -1.345E+02  1.632E-09  0.5772
  6.800E+02 -1.345E+02  5.444E-10  1.0000
 -6.800E+02 -9.511E+01  1.087E-09  0.7070
 -6.400E+02 -9.511E+01  2.177E-09  0.4999
 -6.000E+02 -9.511E+01  1.087E-09  0.7070
 -5.600E+02 -9.511E+01  5.449E-10  1.0000
 -5.200E+02 -9.511E+01  5.443E-10  1.0000
 -4.800E+02 -9.511E+01  5.448E-10  1.0000
 -4.400E+02 -9.511E+01  5.449E-10  1.0000
 -4.000E+02 -9.511E+01  5.444E-10  1.0000
 -3.600E+02 -9.511E+01  3.269E-09  0.4080
 -3.200E+02 -9.511E+01  1.089E-09  0.7070
 -2.800E+02 -9.511E+01  3.814E-09  0.3777
 -2.400E+02 -9.511E+01  1.627E-09  0.5772
 -2.000E+02 -9.511E+01  2.724E-09  0.4470
 -1.600E+02 -9.511E+01  1.090E-09  0.7070
 -1.200E+02 -9.511E+01  0.000E+00  0.0000
 -8.000E+01 -9.511E+01  5.449E-10  1.0000
 -4.000E+01 -9.511E+01  5.444E-10  1.0000
  0.000E+00 -9.511E+01  5.445E-10  1.0000
  4.000E+01 -9.511E+01  0.000E+00  0.0000
  8.000E+01 -9.511E+01  5.449E-10  1.0000
  1.200E+02 -9.511E+01  1.635E-09  0.5772
  1.600E+02 -9.511E+01  1.634E-09  0.5772
  2.000E+02 -9.511E+01  5.449E-10  1.0000
  2.400E+02 -9.511E+01  0.000E+00  0.0000
  2.800E+02 -9.511E+01  1.634E-09  0.5772
  3.200E+02 -9.511E+01  1.090E-09  0.7070
  3.600E+02 -9.511E+01  1.090E-09  0.7070
  4.000E+02 -9.511E+01  1.634E-09  0.5772
  4.400E+02 -9.511E+01  5.448E-10  1.0000
  4.800E+02 -9.511E+01  0.000E+00  0.0000
  5.200E+02 -9.511E+01  1.089E-09  0.7070
  5.600E+02 -9.511E+01  5.449E-10  1.0000
  6.000E+02 -9.511E+01  1.090E-09  0.7070
  6.400E+02 -9.511E+01  1.090E-09  0.7070
  6.800E+02 -9.511E+01  5.448E-10  1.0000
 -6.800E+02 -5.576E+01  1.090E-09  0.7070
 -6.400E+02 -5.576E+01  0.000E+00  0.0000
 -6.000E+02 -5.576E+01  1.089E-09  0.7070
 -5.600E+02 -5.576E+01  1.634E-09  0.5772
 -5.200E+02 -5.576E+01  5.445E-10  1.0000
 -4.800E+02 -5.576E+01  5.447E-10  1.0000
 -4.400E+02 -5.576E+01  5.449E-10  1.0000
 -4.000E+02 -5.576E+01  5.449E-10  1.0000
 -3.600E+02 -5.576E+01  1.090E-09  0.7070
 -3.200E+02 -5.576E+01  1.635E-09  0.5772
 -2.800E+02 -5.576E+01  1.635E-09  0.5772
 -2.400E+02 -5.576E+01  2.179E-09  0.4999
 -2.000E+02 -5.576E+01  2.179E-09  0.4998
 -1.600E+02 -5.576E+01  2.179E-09  0.4999
 -1.200E+02 -5.576E+01  5.449E-10  1.0000
 -8.000E+01 -5.576E+01  1.631E-09  0.5772
 -4.000E+01 -5.576E+01  1.090E-09  0.7070
  0.000E+00 -5.576E+01  2.179E-09  0.4998
  4.000E+01 -5.576E+01  1.089E-09  0.7070
  8.000E+01 -5.576E+01  1.090E-09  0.7070
  1.200E+02 -5.576E+01  1.090E-09  0.7070
  1.600E+02 -5.576E+01  1.087E-09  0.7070
  2.000E+02 -5.576E+01  1.631E-09  0.5772
  2.400E+02 -5.576E+01  5.449E-10  1.0000
  2.800E+02 -5.576E+01  1.635E-09  0.5772
  3.200E+02 -5.576E+01  2.179E-09  0.4999
  3.600E+02 -5.576E+01  5.442E-10  1.0000
  4.000E+02 -5.576E+01  1.087E-09  0.7070
  4.400E+02 -5.576E+01  5.449E-10  1.0000
  4.800E+02 -5.576E+01  1.090E-09  0.7070
  5.200E+02 -5.576E+01  0.000E+00  0.0000
  5.600E+02 -5.576E+01  1.090E-09  0.7070
  6.000E+02 -5.576E+01  0.000E+00  0.0000
  6.400E+02 -5.576E+01  1.635E-09  0.5772
  6.800E+02 -5.576E+01  5.447E-10  1.0000
 -6.800E+02 -1.641E+01  1.634E-09  0.5772
 -6.400E+02 -1.641E+01  0.000E+00  0.0000
 -6.000E+02 -1.641E+01  1.086E-09  0.7070
 -5.600E+02 -1.641E+01  1.090E-09  0.7070
 -5.200E+02 -1.641E+01  0.000E+00  0.0000
 -4.800E+02 -1.641E+01  0.000E+00  0.0000
 -4.400E+02 -1.641E+01  5.449E-10  1.0000
 -4.000E+02 -1.641E+01  1.090E-09  0.7070
 -3.600E+02 -1.641E+01  1.089E-09  0.7070
 -3.200E+02 -1.641E+01  1.090E-09  0.7070
 -2.800E+02 -1.641E+01  1.090E-09  0.7070
 -2.400E+02 -1.641E+01  1.089E-09  0.7070
 -2.000E+02 -1.641E+01  5.443E-10  1.0000
 -1.600E+02 -1.641E+01  1.090E-09  0.7070
 -1.200E+02 -1.641E+01  1.089E-09  0.7070
 -8.000E+01 -1.641E+01  0.000E+00  0.0000
 -4.000E+01 -1.641E+01  5.449E-10  1.0000
  0.000E+00 -1.641E+01  5.449E-10  1.0000
  4.000E+01 -1.641E+01  5.448E-10  1.0000
  8.000E+01 -1.641E+01  1.631E-09  0.5772
  1.200E+02 -1.641E+01  1.090E-09  0.7070
  1.600E+02 -1.641E+01  5.449E-10  1.0000
  2.000E+02 -1.641E+01  1.635E-09  0.5772
  2.400E+02 -1.641E+01  5.449E-10  1.0000
  2.800E+02 -1.641E+01  0.000E+00  0.0000
  3.200E+02 -1.641E+01  5.444E-10  1.0000
  3.600E+02 -1.641E+01  0.000E+00  0.0000
  4.000E+02 -1.641E+01  5.449E-10  1.0000
  4.400E+02 -1.641E+01  5.449E-10  1.0000
  4.800E+02 -1.641E+01  1.089E-09  0.7070
  5.200E+02 -1.641E+01  1.090E-09  0.7070
  5.600E+02 -1.641E+01  1.090E-09  0.7070
  6.000E+02 -1.641E+01  0.000E+00  0.0000
  6.400E+02 -1.641E+01  1.635E-09  0.5772
  6.800E+02 -1.641E+01  0.000E+00  0.0000
 -6.800E+02  2.293E+01  0.000E+00  0.0000
 -6.400E+02  2.293E+01  0.000E+00  0.0000
 -6.000E+02  2.293E+01  0.000E+00  0.0000
 -5.600E+02  2.293E+01  0.000E+00  0.0000
 -5.200E+02  2.293E+01  0.000E+00  0.0000
 -4.800E+02  2.293E+01  0.000E+00  0.0000
 -4.400E+02  2.293E+01  0.000E+00  0.0000
 -4.000E+02  2.293E+01  0.000E+00  0.0000
 -3.600E+02  2.293E+01  0.000E+00  0.0000
 -3.200E+02  2.293E+01  0.000E+00  0.0000
 -2.800E+02  2.293E+01  0.000E+00  0.0000
 -2.400E+02  2.293E+01  0.000E+00  0.0000
 -2.000E+02  2.293E+01  0.000E+00  0.0000
 -1.600E+02  2.293E+01  0.000E+00  0.0000
 -1.200E+02  2.293E+01  0.000E+00  0.0000
 -8.000E+01  2.293E+01  0.000E+00  0.0000
 -4.000E+01  2.293E+01  0.000E+00  0.0000
  0.000E+00  2.293E+01  0.000E+00  0.0000
  4.000E+01  2.293E+01  0.000E+00  0.0000
  8.000E+01  2.293E+01  0.000E+00  0.0000
  1.200E+02  2.293E+01  0.000E+00  0.0000
  1.600E+02  2.293E+01  0.000E+00  0.0000
  2.000E+02  2.293E+01  0.000E+00  0.0000
  2.400E+02  2.293E+01  0.000E+00  0.0000
  2.800E+02  2.293E+01  0.000E+00  0.0000
  3.200E+02  2.293E+01  0.000E+00  0.0000
  3.600E+02  2.293E+01  0.000E+00  0.0000
  4.000E+02  2.293E+01  0.000E+00  0.0000
  4.400E+02  2.293E+01  0.000E+00  0.0000
  4.800E+02  2.293E+01  0.000E+00  0.0000
  5.200E+02  2.293E+01  0.000E+00  0.0000
  5.600E+02  2.293E+01  0.000E+00  0.0000
  6.000E+02  2.293E+01  0.000E+00  0.0000
  6.400E+02  2.293E+01  0.000E+00  0.0000
  6.800E+02  2.293E+01  0.000E+00  0.0000
 -6.800E+02  6.228E+01  0.000E+00  0.0000
 -6.400E+02  6.228E+01  0.000E+00  0.0000
 -6.000E+02  6.228E+01  0.000E+00  0.0000
 -5.600E+02  6.228E+01  0.000E+00  0.0000
 -5.200E+02  6.228E+01  0.000E+00  0.0000
 -4.800E+02  6.228E+01  0.000E+00  0.0000
 -4.400E+02  6.228E+01  0.000E+00  0.0000
 -4.000E+02  6.228E+01  0.000E+00  0.0000
 -3.600E+02  6.228E+01  0.000E+00  0.0000
 -3.200E+02  6.228E+01  0.000E+00  0.0000
 -2.800E+02  6.228E+01  0.000E+00  0.0000
 -2.400E+02  6.228E+01  0.000E+00  0.0000
 -2.000E+02  6.228E+01  0.000E+00  0.0000
 -1.600E+02  6.228E+01  0.000E+00  0.0000
 -1.200E+02  6.228E+01  0.000E+00  0.0000
 -8.000E+01  6.228E+01  0.000E+00  0.0000
 -4.000E+01  6.228E+01  0.000E+00  0.0000
  0.000E+00  6.228E+01  0.000E+00  0.0000
  4.000E+01  6.228E+01  0.000E+00  0.0000
  8.000E+01  6.228E+01  0.000E+00  0.0000
  1.200E+02  6.228E+01  0.000E+00  0.0000
  1.600E+02  6.228E+01  0.000E+00  0.0000
  2.000E+02  6.228E+01  0.000E+00  0.0000
  2.400E+02  6.228E+01  0.000E+00  0.0000
  2.800E+02  6.228E+01  0.000E+00  0.0000
  3.200E+02  6.228E+01  0.000E+00  0.0000
  3.600E+02  6.228E+01  0.000E+00  0.0000
  4.000E+02  6.228E+01  0.000E+00  0.0000
  4.400E+02  6.228E+01  0.000E+00  0.0000
  4.800E+02  6.228E+01  0.000E+00  0.0000
  5.200E+02  6.228E+01  0.000E+00  0.0000
  5.600E+02  6.228E+01  0.000E+00  0.0000
  6.000E+02  6.228E+01  0.000E+00  0.0000
  6.400E+02  6.228E+01  0.000E+00  0.0000
  6.800E+02  6.228E+01  0.000E+00  0.0000
 -6.800E+02  1.016E+02  0.000E+00  0.0000
 -6.400E+02  1.016E+02  0.000E+00  0.0000
 -6.000E+02  1.016E+02  0.000E+00  0.0000
 -5.600E+02  1.016E+02  0.000E+00  0.0000
 -5.200E+02  1.016E+02  0.000E+00  0.0000
 -4.800E+02  1.016E+02  0.000E+00  0.0000
 -4.400E+02  1.016E+02  0.000E+00  0.0000
 -4.000E+02  1.016E+02  0.000E+00  0.0000
 -3.600E+02  1.016E+02  0.000E+00  0.0000
 -3.200E+02  1.016E+02  0.000E+00  0.0000
 -2.800E+02  1.016E+02  0.000E+00  0.0000
 -2.400E+02  1.016E+02  0.000E+00  0.0000
 -2.000E+02  1.016E+02  0.000E+00  0.0000
 -1.600E+02  1.016E+02  0.000E+00  0.0000
 -1.200E+02  1.016E+02  0.000E+00  0.0000
 -8.000E+01  1.016E+02  0.000E+00  0.0000
 -4.000E+01  1.016E+02  0.000E+00  0.0000
  0.000E+00  1.016E+02  0.000E+00  0.0000
  4.000E+01  1.016E+02  0.000E+00  0.0000
  8.000E+01  1.016E+02  0.000E+00  0.0000
  1.200E+02  1.016E+02  0.000E+00  0.0000
  1.600E+02  1.016E+02  0.000E+00  0.0000
  2.000E+02  1.016E+02  0.000E+00  0.0000
  2.400E+02  1.016E+02  0.000E+00  0.0000
  2.800E+02  1.016E+02  0.000E+00  0.0000
  3.200E+02  1.016E+02  0.000E+00  0.0000
  3.600E+02  1.016E+02  0.000E+00  0.0000
  4.000E+02  1.016E+02  0.000E+00  0.0000
  4.400E+02  1.016E+02  0.000E+00  0.0000
  4.800E+02  1.016E+02  0.000E+00  0.0000
  5.200E+02  1.016E+02  0.000E+00  0.0000
  5.600E+02  1.016E+02  0.000E+00  0.0000
  6.000E+02  1.016E+02  0.000E+00  0.0000
  6.400E+02  1.016E+02  0.000E+00  0.0000
  6.800E+02  1.016E+02  0.000E+00  0.0000
 -6.800E+02  1.410E+02  0.000E+00  0.0000
 -6.400E+02  1.410E+02  0.000E+00  0.0000
 -6.000E+02  1.410E+02  0.000E+00  0.0000
 -5.600E+02  1.410E+02  0.000E+00  0.0000
 -5.200E+02  1.410E+02  0.000E+00  0.0000
 -4.800E+02  1.410E+02  0.000E+00  0.0000
 -4.400E+02  1.410E+02  0.000E+00  0.0000
 -4.000E+02  1.410E+02  0.000E+00  0.0000
 -3.600E+02  1.410E+02  0.000E+00  0.0000
 -3.200E+02  1.410E+02  0.000E+00  0.0000
 -2.800E+02  1.410E+02  0.000E+00  0.0000
 -2.400E+02  1.410E+02  0.000E+00  0.0000
 -2.000E+02  1.410E+02  0.000E+00  0.0000
 -1.600E+02  1.410E+02  0.000E+00  0.0000
 -1.200E+02  1.410E+02  0.000E+00  0.0000
 -8.000E+01  1.410E+02  0.000E+00  0.0000
 -4.000E+01  1.410E+02  0.000E+00  0.0000
  0.000E+00  1.410E+02  0.000E+00  0.0000
  4.000E+01  1.410E+02  0.000E+00  0.0000
  8.000E+01  1.410E+02  0.000E+00  0.0000
  1.200E+02  1.410E+02  0.000E+00  0.0000
  1.600E+02  1.410E+02  0.000E+00  0.0000
  2.000E+02  1.410E+02  0.000E+00  0.0000
  2.400E+02  1.410E+02  0.000E+00  0.0000
  2.800E+02  1.410E+02  0.000E+00  0.0000
  3.200E+02  1.410E+02  0.000E+00  0.0000
  3.600E+02  1.410E+02  0.000E+00  0.0000
  4.000E+02  1.410E+02  0.000E+00  0.0000
  4.400E+02  1.410E+02  0.000E+00  0.0000
  4.800E+02  1.410E+02  0.000E+00  0.0000
  5.200E+02  1.410E+02  0.000E+00  0.0000
  5.600E+02  1.410E+02  0.000E+00  0.0000
  6.000E+02  1.410E+02  0.000E+00  0.0000
  6.400E+02  1.410E+02  0.000E+00  0.0000
  6.800E+02  1.410E+02  0.000E+00  0.0000
 -6.800E+02  1.803E+02  0.000E+00  0.0000
 -6.400E+02  1.803E+02  0.000E+00  0.0000
 -6.000E+02  1.803E+02  0.000E+00  0.0000
 -5.600E+02  1.803E+02  0.000E+00  0.0000
 -5.200E+02  1.803E+02  0.000E+00  0.0000
 -4.800E+02  1.803E+02  0.000E+00  0.0000
 -4.400E+02  1.803E+02  0.000E+00  0.0000
 -4.000E+02  1.803E+02  0.000E+00  0.0000
 -3.600E+02  1.803E+02  0.000E+00  0.0000
 -3.200E+02  1.803E+02  0.000E+00  0.0000
 -2.800E+02  1.803E+02  0.000E+00  0.0000
 -2.400E+02  1.803E+02  0.000E+00  0.0000
 -2.000E+02  1.803E+02  0.000E+00  0.0000
 -1.600E+02  1.803E+02  0.000E+00  0.0000
 -1.200E+02  1.803E+02  0.000E+00  0.0000
 -8.000E+01  1.803E+02  0.000E+00  0.0000
 -4.000E+01  1.803E+02  0.000E+00  0.0000
  0.000E+00  1.803E+02  0.000E+00  0.0000
  4.000E+01  1.803E+02  0.000E+00  0.0000
  8.000E+01  1.803E+02  0.000E+00  0.0000
  1.200E+02  1.803E+02  0.000E+00  0.0000
  1.600E+02  1.803E+02  0.000E+00  0.0000
  2.000E+02  1.803E+02  0.000E+00  0.0000
  2.400E+02  1.803E+02  0.000E+00  0.0000
  2.800E+02  1.803E+02  0.000E+00  0.0000
  3.200E+02  1.803E+02  0.000E+00  0.0000
  3.600E+02  1.803E+02  0.000E+00  0.0000
  4.000E+02  1.803E+02  0.000E+00  0.0000
  4.400E+02  1.803E+02  0.000E+00  0.0000
  4.800E+02  1.803E+02  0.000E+00  0.0000
  5.200E+02  1.803E+02  0.000E+00  0.0000
  5.600E+02  1.803E+02  0.000E+00  0.0000
  6.000E+02  1.803E+02  0.000E+00  0.0000
  6.400E+02  1.803E+02  0.000E+00  0.0000
  6.800E+02  1.803E+02  0.000E+00  0.0000

#------------------------------------------------------------------------------
 newpage:
#   no. =  7   ie  =  3   iy  =  1   part. = muon-   
#   e = (   1.0000E-01  -   2.0000E+01  )
#   y = (  -1.0000E+03  -   1.0000E+03  )
#  nx =  35   nz =  23

# x          z          flux       r.err
 -6.800E+02 -6.853E+02  0.000E+00  0.0000
 -6.400E+02 -6.853E+02  0.000E+00  0.0000
 -6.000E+02 -6.853E+02  0.000E+00  0.0000
 -5.600E+02 -6.853E+02  0.000E+00  0.0000
 -5.200E+02 -6.853E+02  0.000E+00  0.0000
 -4.800E+02 -6.853E+02  0.000E+00  0.0000
 -4.400E+02 -6.853E+02  4.947E-06  1.0000
 -4.000E+02 -6.853E+02  4.947E-06  1.0000
 -3.600E+02 -6.853E+02  0.000E+00  0.0000
 -3.200E+02 -6.853E+02  4.947E-06  1.0000
 -2.800E+02 -6.853E+02  0.000E+00  0.0000
 -2.400E+02 -6.853E+02  4.947E-06  1.0000
 -2.000E+02 -6.853E+02  4.947E-06  1.0000
 -1.600E+02 -6.853E+02  0.000E+00  0.0000
 -1.200E+02 -6.853E+02  0.000E+00  0.0000
 -8.000E+01 -6.853E+02  0.000E+00  0.0000
 -4.000E+01 -6.853E+02  4.947E-06  1.0000
  0.000E+00 -6.853E+02  4.947E-06  1.0000
  4.000E+01 -6.853E+02  4.947E-06  1.0000
  8.000E+01 -6.853E+02  0.000E+00  0.0000
  1.200E+02 -6.853E+02  0.000E+00  0.0000
  1.600E+02 -6.853E+02  4.947E-06  1.0000
  2.000E+02 -6.853E+02  1.484E-05  0.5772
  2.400E+02 -6.853E+02  4.947E-06  1.0000
  2.800E+02 -6.853E+02  4.947E-06  1.0000
  3.200E+02 -6.853E+02  4.947E-06  1.0000
  3.600E+02 -6.853E+02  9.399E-06  0.7080
  4.000E+02 -6.853E+02  4.954E-07  1.0000
  4.400E+02 -6.853E+02  0.000E+00  0.0000
  4.800E+02 -6.853E+02  0.000E+00  0.0000
  5.200E+02 -6.853E+02  0.000E+00  0.0000
  5.600E+02 -6.853E+02  0.000E+00  0.0000
  6.000E+02 -6.853E+02  0.000E+00  0.0000
  6.400E+02 -6.853E+02  4.947E-06  1.0000
  6.800E+02 -6.853E+02  0.000E+00  0.0000
 -6.800E+02 -6.460E+02  4.947E-06  1.0000
 -6.400E+02 -6.460E+02  4.947E-06  1.0000
 -6.000E+02 -6.460E+02  9.895E-06  0.7070
 -5.600E+02 -6.460E+02  4.947E-06  1.0000
 -5.200E+02 -6.460E+02  1.994E-06  1.0000
 -4.800E+02 -6.460E+02  4.947E-06  1.0000
 -4.400E+02 -6.460E+02  4.947E-06  1.0000
 -4.000E+02 -6.460E+02  9.895E-06  0.7070
 -3.600E+02 -6.460E+02  9.895E-06  0.7070
 -3.200E+02 -6.460E+02  0.000E+00  0.0000
 -2.800E+02 -6.460E+02  4.947E-06  1.0000
 -2.400E+02 -6.460E+02  0.000E+00  0.0000
 -2.000E+02 -6.460E+02  4.947E-06  1.0000
 -1.600E+02 -6.460E+02  9.895E-06  0.7070
 -1.200E+02 -6.460E+02  9.895E-06  0.7070
 -8.000E+01 -6.460E+02  0.000E+00  0.0000
 -4.000E+01 -6.460E+02  0.000E+00  0.0000
  0.000E+00 -6.460E+02  0.000E+00  0.0000
  4.000E+01 -6.460E+02  9.895E-06  0.7070
  8.000E+01 -6.460E+02  4.947E-06  1.0000
  1.200E+02 -6.460E+02  0.000E+00  0.0000
  1.600E+02 -6.460E+02  0.000E+00  0.0000
  2.000E+02 -6.460E+02  1.080E-05  0.6530
  2.400E+02 -6.460E+02  4.040E-06  1.0000
  2.800E+02 -6.460E+02  4.947E-06  1.0000
  3.200E+02 -6.460E+02  4.947E-06  1.0000
  3.600E+02 -6.460E+02  1.484E-05  0.5772
  4.000E+02 -6.460E+02  1.484E-05  0.5772
  4.400E+02 -6.460E+02  4.947E-06  1.0000
  4.800E+02 -6.460E+02  0.000E+00  0.0000
  5.200E+02 -6.460E+02  9.895E-06  0.7070
  5.600E+02 -6.460E+02  0.000E+00  0.0000
  6.000E+02 -6.460E+02  0.000E+00  0.0000
  6.400E+02 -6.460E+02  0.000E+00  0.0000
  6.800E+02 -6.460E+02  0.000E+00  0.0000
 -6.800E+02 -6.066E+02  0.000E+00  0.0000
 -6.400E+02 -6.066E+02  0.000E+00  0.0000
 -6.000E+02 -6.066E+02  4.947E-06  1.0000
 -5.600E+02 -6.066E+02  0.000E+00  0.0000
 -5.200E+02 -6.066E+02  1.285E-05  0.5910
 -4.800E+02 -6.066E+02  4.947E-06  1.0000
 -4.400E+02 -6.066E+02  0.000E+00  0.0000
 -4.000E+02 -6.066E+02  9.895E-06  0.7070
 -3.600E+02 -6.066E+02  4.947E-06  1.0000
 -3.200E+02 -6.066E+02  4.947E-06  1.0000
 -2.800E+02 -6.066E+02  4.947E-06  1.0000
 -2.400E+02 -6.066E+02  0.000E+00  0.0000
 -2.000E+02 -6.066E+02  0.000E+00  0.0000
 -1.600E+02 -6.066E+02  4.947E-06  1.0000
 -1.200E+02 -6.066E+02  4.947E-06  1.0000
 -8.000E+01 -6.066E+02  4.947E-06  1.0000
 -4.000E+01 -6.066E+02  4.947E-06  1.0000
  0.000E+00 -6.066E+02  1.484E-05  0.5772
  4.000E+01 -6.066E+02  4.947E-06  1.0000
  8.000E+01 -6.066E+02  0.000E+00  0.0000
  1.200E+02 -6.066E+02  4.947E-06  1.0000
  1.600E+02 -6.066E+02  0.000E+00  0.0000
  2.000E+02 -6.066E+02  1.484E-05  0.5772
  2.400E+02 -6.066E+02  0.000E+00  0.0000
  2.800E+02 -6.066E+02  0.000E+00  0.0000
  3.200E+02 -6.066E+02  4.947E-06  1.0000
  3.600E+02 -6.066E+02  0.000E+00  0.0000
  4.000E+02 -6.066E+02  0.000E+00  0.0000
  4.400E+02 -6.066E+02  0.000E+00  0.0000
  4.800E+02 -6.066E+02  0.000E+00  0.0000
  5.200E+02 -6.066E+02  0.000E+00  0.0000
  5.600E+02 -6.066E+02  4.947E-06  1.0000
  6.000E+02 -6.066E+02  9.895E-06  0.7070
  6.400E+02 -6.066E+02  0.000E+00  0.0000
  6.800E+02 -6.066E+02  4.947E-06  1.0000
 -6.800E+02 -5.673E+02  0.000E+00  0.0000
 -6.400E+02 -5.673E+02  0.000E+00  0.0000
 -6.000E+02 -5.673E+02  0.000E+00  0.0000
 -5.600E+02 -5.673E+02  0.000E+00  0.0000
 -5.200E+02 -5.673E+02  0.000E+00  0.0000
 -4.800E+02 -5.673E+02  1.484E-05  0.5772
 -4.400E+02 -5.673E+02  1.484E-05  0.5772
 -4.000E+02 -5.673E+02  4.947E-06  1.0000
 -3.600E+02 -5.673E+02  4.947E-06  1.0000
 -3.200E+02 -5.673E+02  4.947E-06  1.0000
 -2.800E+02 -5.673E+02  1.484E-05  0.5772
 -2.400E+02 -5.673E+02  4.947E-06  1.0000
 -2.000E+02 -5.673E+02  9.895E-06  0.7070
 -1.600E+02 -5.673E+02  0.000E+00  0.0000
 -1.200E+02 -5.673E+02  0.000E+00  0.0000
 -8.000E+01 -5.673E+02  9.895E-06  0.7070
 -4.000E+01 -5.673E+02  0.000E+00  0.0000
  0.000E+00 -5.673E+02  2.250E-06  1.0000
  4.000E+01 -5.673E+02  1.259E-05  0.5954
  8.000E+01 -5.673E+02  9.895E-06  0.7070
  1.200E+02 -5.673E+02  9.502E-06  0.7076
  1.600E+02 -5.673E+02  9.895E-06  0.7070
  2.000E+02 -5.673E+02  4.947E-06  1.0000
  2.400E+02 -5.673E+02  1.484E-05  0.5772
  2.800E+02 -5.673E+02  4.947E-06  1.0000
  3.200E+02 -5.673E+02  9.895E-06  0.7070
  3.600E+02 -5.673E+02  9.895E-06  0.7070
  4.000E+02 -5.673E+02  9.895E-06  0.7070
  4.400E+02 -5.673E+02  0.000E+00  0.0000
  4.800E+02 -5.673E+02  0.000E+00  0.0000
  5.200E+02 -5.673E+02  9.895E-06  0.7070
  5.600E+02 -5.673E+02  0.000E+00  0.0000
  6.000E+02 -5.673E+02  0.000E+00  0.0000
  6.400E+02 -5.673E+02  0.000E+00  0.0000
  6.800E+02 -5.673E+02  0.000E+00  0.0000
 -6.800E+02 -5.279E+02  1.585E-05  0.5441
 -6.400E+02 -5.279E+02  0.000E+00  0.0000
 -6.000E+02 -5.279E+02  0.000E+00  0.0000
 -5.600E+02 -5.279E+02  1.484E-05  0.5772
 -5.200E+02 -5.279E+02  4.947E-06  1.0000
 -4.800E+02 -5.279E+02  9.895E-06  0.7070
 -4.400E+02 -5.279E+02  4.947E-06  1.0000
 -4.000E+02 -5.279E+02  4.947E-06  1.0000
 -3.600E+02 -5.279E+02  0.000E+00  0.0000
 -3.200E+02 -5.279E+02  4.947E-06  1.0000
 -2.800E+02 -5.279E+02  0.000E+00  0.0000
 -2.400E+02 -5.279E+02  4.947E-06  1.0000
 -2.000E+02 -5.279E+02  0.000E+00  0.0000
 -1.600E+02 -5.279E+02  4.947E-06  1.0000
 -1.200E+02 -5.279E+02  4.947E-06  1.0000
 -8.000E+01 -5.279E+02  0.000E+00  0.0000
 -4.000E+01 -5.279E+02  4.947E-06  1.0000
  0.000E+00 -5.279E+02  9.895E-06  0.7070
  4.000E+01 -5.279E+02  4.947E-06  1.0000
  8.000E+01 -5.279E+02  4.947E-06  1.0000
  1.200E+02 -5.279E+02  1.523E-05  0.5630
  1.600E+02 -5.279E+02  4.947E-06  1.0000
  2.000E+02 -5.279E+02  0.000E+00  0.0000
  2.400E+02 -5.279E+02  4.947E-06  1.0000
  2.800E+02 -5.279E+02  9.895E-06  0.7070
  3.200E+02 -5.279E+02  4.947E-06  1.0000
  3.600E+02 -5.279E+02  4.947E-06  1.0000
  4.000E+02 -5.279E+02  4.947E-06  1.0000
  4.400E+02 -5.279E+02  0.000E+00  0.0000
  4.800E+02 -5.279E+02  4.947E-06  1.0000
  5.200E+02 -5.279E+02  0.000E+00  0.0000
  5.600E+02 -5.279E+02  0.000E+00  0.0000
  6.000E+02 -5.279E+02  4.947E-06  1.0000
  6.400E+02 -5.279E+02  0.000E+00  0.0000
  6.800E+02 -5.279E+02  0.000E+00  0.0000
 -6.800E+02 -4.886E+02  9.895E-06  0.7070
 -6.400E+02 -4.886E+02  9.895E-06  0.7070
 -6.000E+02 -4.886E+02  4.947E-06  1.0000
 -5.600E+02 -4.886E+02  1.484E-05  0.5772
 -5.200E+02 -4.886E+02  0.000E+00  0.0000
 -4.800E+02 -4.886E+02  0.000E+00  0.0000
 -4.400E+02 -4.886E+02  4.947E-06  1.0000
 -4.000E+02 -4.886E+02  0.000E+00  0.0000
 -3.600E+02 -4.886E+02  0.000E+00  0.0000
 -3.200E+02 -4.886E+02  0.000E+00  0.0000
 -2.800E+02 -4.886E+02  7.089E-06  0.7604
 -2.400E+02 -4.886E+02  4.947E-06  1.0000
 -2.000E+02 -4.886E+02  9.895E-06  0.7070
 -1.600E+02 -4.886E+02  1.484E-05  0.5772
 -1.200E+02 -4.886E+02  4.947E-06  1.0000
 -8.000E+01 -4.886E+02  0.000E+00  0.0000
 -4.000E+01 -4.886E+02  0.000E+00  0.0000
  0.000E+00 -4.886E+02  4.947E-06  1.0000
  4.000E+01 -4.886E+02  9.895E-06  0.7070
  8.000E+01 -4.886E+02  9.895E-06  0.7070
  1.200E+02 -4.886E+02  2.474E-05  0.4470
  1.600E+02 -4.886E+02  4.947E-06  1.0000
  2.000E+02 -4.886E+02  4.947E-06  1.0000
  2.400E+02 -4.886E+02  4.947E-06  1.0000
  2.800E+02 -4.886E+02  0.000E+00  0.0000
  3.200E+02 -4.886E+02  4.947E-06  1.0000
  3.600E+02 -4.886E+02  0.000E+00  0.0000
  4.000E+02 -4.886E+02  4.947E-06  1.0000
  4.400E+02 -4.886E+02  0.000E+00  0.0000
  4.800E+02 -4.886E+02  4.947E-06  1.0000
  5.200E+02 -4.886E+02  0.000E+00  0.0000
  5.600E+02 -4.886E+02  4.947E-06  1.0000
  6.000E+02 -4.886E+02  4.947E-06  1.0000
  6.400E+02 -4.886E+02  0.000E+00  0.0000
  6.800E+02 -4.886E+02  0.000E+00  0.0000
 -6.800E+02 -4.492E+02  4.947E-06  1.0000
 -6.400E+02 -4.492E+02  4.947E-06  1.0000
 -6.000E+02 -4.492E+02  0.000E+00  0.0000
 -5.600E+02 -4.492E+02  0.000E+00  0.0000
 -5.200E+02 -4.492E+02  0.000E+00  0.0000
 -4.800E+02 -4.492E+02  0.000E+00  0.0000
 -4.400E+02 -4.492E+02  9.895E-06  0.7070
 -4.000E+02 -4.492E+02  1.484E-05  0.5772
 -3.600E+02 -4.492E+02  1.484E-05  0.5772
 -3.200E+02 -4.492E+02  4.947E-06  1.0000
 -2.800E+02 -4.492E+02  1.270E-05  0.5934
 -2.400E+02 -4.492E+02  1.024E-05  0.6841
 -2.000E+02 -4.492E+02  9.550E-06  0.7075
 -1.600E+02 -4.492E+02  0.000E+00  0.0000
 -1.200E+02 -4.492E+02  1.979E-05  0.4998
 -8.000E+01 -4.492E+02  9.895E-06  0.7070
 -4.000E+01 -4.492E+02  0.000E+00  0.0000
  0.000E+00 -4.492E+02  4.947E-06  1.0000
  4.000E+01 -4.492E+02  4.947E-06  1.0000
  8.000E+01 -4.492E+02  9.895E-06  0.7070
  1.200E+02 -4.492E+02  0.000E+00  0.0000
  1.600E+02 -4.492E+02  0.000E+00  0.0000
  2.000E+02 -4.492E+02  4.947E-06  1.0000
  2.400E+02 -4.492E+02  4.947E-06  1.0000
  2.800E+02 -4.492E+02  4.947E-06  1.0000
  3.200E+02 -4.492E+02  1.484E-05  0.5772
  3.600E+02 -4.492E+02  0.000E+00  0.0000
  4.000E+02 -4.492E+02  4.947E-06  1.0000
  4.400E+02 -4.492E+02  4.947E-06  1.0000
  4.800E+02 -4.492E+02  4.947E-06  1.0000
  5.200E+02 -4.492E+02  4.947E-06  1.0000
  5.600E+02 -4.492E+02  1.484E-05  0.5772
  6.000E+02 -4.492E+02  0.000E+00  0.0000
  6.400E+02 -4.492E+02  9.895E-06  0.7070
  6.800E+02 -4.492E+02  9.895E-06  0.7070
 -6.800E+02 -4.099E+02  9.895E-06  0.7070
 -6.400E+02 -4.099E+02  1.867E-06  1.0000
 -6.000E+02 -4.099E+02  0.000E+00  0.0000
 -5.600E+02 -4.099E+02  2.968E-05  0.4080
 -5.200E+02 -4.099E+02  4.947E-06  1.0000
 -4.800E+02 -4.099E+02  0.000E+00  0.0000
 -4.400E+02 -4.099E+02  4.947E-06  1.0000
 -4.000E+02 -4.099E+02  4.947E-06  1.0000
 -3.600E+02 -4.099E+02  0.000E+00  0.0000
 -3.200E+02 -4.099E+02  0.000E+00  0.0000
 -2.800E+02 -4.099E+02  9.895E-06  0.7070
 -2.400E+02 -4.099E+02  9.895E-06  0.7070
 -2.000E+02 -4.099E+02  4.947E-06  1.0000
 -1.600E+02 -4.099E+02  9.895E-06  0.7070
 -1.200E+02 -4.099E+02  9.895E-06  0.7070
 -8.000E+01 -4.099E+02  1.484E-05  0.5772
 -4.000E+01 -4.099E+02  9.895E-06  0.7070
  0.000E+00 -4.099E+02  9.895E-06  0.7070
  4.000E+01 -4.099E+02  0.000E+00  0.0000
  8.000E+01 -4.099E+02  4.947E-06  1.0000
  1.200E+02 -4.099E+02  0.000E+00  0.0000
  1.600E+02 -4.099E+02  1.484E-05  0.5772
  2.000E+02 -4.099E+02  4.947E-06  1.0000
  2.400E+02 -4.099E+02  0.000E+00  0.0000
  2.800E+02 -4.099E+02  4.947E-06  1.0000
  3.200E+02 -4.099E+02  0.000E+00  0.0000
  3.600E+02 -4.099E+02  0.000E+00  0.0000
  4.000E+02 -4.099E+02  1.484E-05  0.5772
  4.400E+02 -4.099E+02  4.947E-06  1.0000
  4.800E+02 -4.099E+02  4.947E-06  1.0000
  5.200E+02 -4.099E+02  4.947E-06  1.0000
  5.600E+02 -4.099E+02  0.000E+00  0.0000
  6.000E+02 -4.099E+02  0.000E+00  0.0000
  6.400E+02 -4.099E+02  4.947E-06  1.0000
  6.800E+02 -4.099E+02  4.947E-06  1.0000
 -6.800E+02 -3.705E+02  4.947E-06  1.0000
 -6.400E+02 -3.705E+02  3.080E-06  1.0000
 -6.000E+02 -3.705E+02  4.947E-06  1.0000
 -5.600E+02 -3.705E+02  0.000E+00  0.0000
 -5.200E+02 -3.705E+02  1.979E-05  0.4998
 -4.800E+02 -3.705E+02  4.947E-06  1.0000
 -4.400E+02 -3.705E+02  1.979E-05  0.4998
 -4.000E+02 -3.705E+02  0.000E+00  0.0000
 -3.600E+02 -3.705E+02  4.947E-06  1.0000
 -3.200E+02 -3.705E+02  4.947E-06  1.0000
 -2.800E+02 -3.705E+02  4.947E-06  1.0000
 -2.400E+02 -3.705E+02  1.484E-05  0.5772
 -2.000E+02 -3.705E+02  0.000E+00  0.0000
 -1.600E+02 -3.705E+02  1.484E-05  0.5772
 -1.200E+02 -3.705E+02  0.000E+00  0.0000
 -8.000E+01 -3.705E+02  0.000E+00  0.0000
 -4.000E+01 -3.705E+02  0.000E+00  0.0000
  0.000E+00 -3.705E+02  0.000E+00  0.0000
  4.000E+01 -3.705E+02  0.000E+00  0.0000
  8.000E+01 -3.705E+02  0.000E+00  0.0000
  1.200E+02 -3.705E+02  0.000E+00  0.0000
  1.600E+02 -3.705E+02  1.086E-05  0.6501
  2.000E+02 -3.705E+02  0.000E+00  0.0000
  2.400E+02 -3.705E+02  9.895E-06  0.7070
  2.800E+02 -3.705E+02  4.947E-06  1.0000
  3.200E+02 -3.705E+02  0.000E+00  0.0000
  3.600E+02 -3.705E+02  1.979E-05  0.4998
  4.000E+02 -3.705E+02  4.947E-06  1.0000
  4.400E+02 -3.705E+02  9.895E-06  0.7070
  4.800E+02 -3.705E+02  9.895E-06  0.7070
  5.200E+02 -3.705E+02  9.895E-06  0.7070
  5.600E+02 -3.705E+02  4.947E-06  1.0000
  6.000E+02 -3.705E+02  4.947E-06  1.0000
  6.400E+02 -3.705E+02  0.000E+00  0.0000
  6.800E+02 -3.705E+02  9.197E-06  0.7091
 -6.800E+02 -3.312E+02  0.000E+00  0.0000
 -6.400E+02 -3.312E+02  1.979E-05  0.4998
 -6.000E+02 -3.312E+02  4.947E-06  1.0000
 -5.600E+02 -3.312E+02  1.979E-05  0.4998
 -5.200E+02 -3.312E+02  4.947E-06  1.0000
 -4.800E+02 -3.312E+02  4.947E-06  1.0000
 -4.400E+02 -3.312E+02  9.895E-06  0.7070
 -4.000E+02 -3.312E+02  4.947E-06  1.0000
 -3.600E+02 -3.312E+02  0.000E+00  0.0000
 -3.200E+02 -3.312E+02  4.947E-06  1.0000
 -2.800E+02 -3.312E+02  1.484E-05  0.5772
 -2.400E+02 -3.312E+02  9.895E-06  0.7070
 -2.000E+02 -3.312E+02  9.895E-06  0.7070
 -1.600E+02 -3.312E+02  0.000E+00  0.0000
 -1.200E+02 -3.312E+02  0.000E+00  0.0000
 -8.000E+01 -3.312E+02  0.000E+00  0.0000
 -4.000E+01 -3.312E+02  0.000E+00  0.0000
  0.000E+00 -3.312E+02  0.000E+00  0.0000
  4.000E+01 -3.312E+02  0.000E+00  0.0000
  8.000E+01 -3.312E+02  0.000E+00  0.0000
  1.200E+02 -3.312E+02  0.000E+00  0.0000
  1.600E+02 -3.312E+02  1.882E-05  0.5018
  2.000E+02 -3.312E+02  9.895E-06  0.7070
  2.400E+02 -3.312E+02  4.947E-06  1.0000
  2.800E+02 -3.312E+02  9.895E-06  0.7070
  3.200E+02 -3.312E+02  0.000E+00  0.0000
  3.600E+02 -3.312E+02  0.000E+00  0.0000
  4.000E+02 -3.312E+02  0.000E+00  0.0000
  4.400E+02 -3.312E+02  4.947E-06  1.0000
  4.800E+02 -3.312E+02  1.979E-05  0.4998
  5.200E+02 -3.312E+02  4.947E-06  1.0000
  5.600E+02 -3.312E+02  1.484E-05  0.5772
  6.000E+02 -3.312E+02  0.000E+00  0.0000
  6.400E+02 -3.312E+02  0.000E+00  0.0000
  6.800E+02 -3.312E+02  6.974E-07  1.0000
 -6.800E+02 -2.918E+02  1.979E-05  0.4998
 -6.400E+02 -2.918E+02  4.947E-06  1.0000
 -6.000E+02 -2.918E+02  4.947E-06  1.0000
 -5.600E+02 -2.918E+02  4.947E-06  1.0000
 -5.200E+02 -2.918E+02  9.149E-06  0.7094
 -4.800E+02 -2.918E+02  0.000E+00  0.0000
 -4.400E+02 -2.918E+02  0.000E+00  0.0000
 -4.000E+02 -2.918E+02  4.947E-06  1.0000
 -3.600E+02 -2.918E+02  1.979E-05  0.4998
 -3.200E+02 -2.918E+02  1.979E-05  0.4998
 -2.800E+02 -2.918E+02  0.000E+00  0.0000
 -2.400E+02 -2.918E+02  9.895E-06  0.7070
 -2.000E+02 -2.918E+02  9.895E-06  0.7070
 -1.600E+02 -2.918E+02  1.484E-05  0.5772
 -1.200E+02 -2.918E+02  0.000E+00  0.0000
 -8.000E+01 -2.918E+02  0.000E+00  0.0000
 -4.000E+01 -2.918E+02  0.000E+00  0.0000
  0.000E+00 -2.918E+02  0.000E+00  0.0000
  4.000E+01 -2.918E+02  0.000E+00  0.0000
  8.000E+01 -2.918E+02  0.000E+00  0.0000
  1.200E+02 -2.918E+02  0.000E+00  0.0000
  1.600E+02 -2.918E+02  1.484E-05  0.5772
  2.000E+02 -2.918E+02  4.947E-06  1.0000
  2.400E+02 -2.918E+02  4.947E-06  1.0000
  2.800E+02 -2.918E+02  4.947E-06  1.0000
  3.200E+02 -2.918E+02  4.947E-06  1.0000
  3.600E+02 -2.918E+02  0.000E+00  0.0000
  4.000E+02 -2.918E+02  9.895E-06  0.7070
  4.400E+02 -2.918E+02  1.484E-05  0.5772
  4.800E+02 -2.918E+02  4.947E-06  1.0000
  5.200E+02 -2.918E+02  9.895E-06  0.7070
  5.600E+02 -2.918E+02  4.947E-06  1.0000
  6.000E+02 -2.918E+02  1.979E-05  0.4998
  6.400E+02 -2.918E+02  4.947E-06  1.0000
  6.800E+02 -2.918E+02  0.000E+00  0.0000
 -6.800E+02 -2.525E+02  1.484E-05  0.5772
 -6.400E+02 -2.525E+02  4.947E-06  1.0000
 -6.000E+02 -2.525E+02  4.947E-06  1.0000
 -5.600E+02 -2.525E+02  0.000E+00  0.0000
 -5.200E+02 -2.525E+02  3.043E-05  0.3988
 -4.800E+02 -2.525E+02  4.947E-06  1.0000
 -4.400E+02 -2.525E+02  9.895E-06  0.7070
 -4.000E+02 -2.525E+02  1.979E-05  0.4998
 -3.600E+02 -2.525E+02  9.895E-06  0.7070
 -3.200E+02 -2.525E+02  1.484E-05  0.5772
 -2.800E+02 -2.525E+02  4.947E-06  1.0000
 -2.400E+02 -2.525E+02  0.000E+00  0.0000
 -2.000E+02 -2.525E+02  0.000E+00  0.0000
 -1.600E+02 -2.525E+02  4.947E-06  1.0000
 -1.200E+02 -2.525E+02  0.000E+00  0.0000
 -8.000E+01 -2.525E+02  0.000E+00  0.0000
 -4.000E+01 -2.525E+02  0.000E+00  0.0000
  0.000E+00 -2.525E+02  0.000E+00  0.0000
  4.000E+01 -2.525E+02  0.000E+00  0.0000
  8.000E+01 -2.525E+02  0.000E+00  0.0000
  1.200E+02 -2.525E+02  0.000E+00  0.0000
  1.600E+02 -2.525E+02  0.000E+00  0.0000
  2.000E+02 -2.525E+02  9.895E-06  0.7070
  2.400E+02 -2.525E+02  1.979E-05  0.4998
  2.800E+02 -2.525E+02  0.000E+00  0.0000
  3.200E+02 -2.525E+02  4.947E-06  1.0000
  3.600E+02 -2.525E+02  1.484E-05  0.5772
  4.000E+02 -2.525E+02  9.895E-06  0.7070
  4.400E+02 -2.525E+02  0.000E+00  0.0000
  4.800E+02 -2.525E+02  0.000E+00  0.0000
  5.200E+02 -2.525E+02  0.000E+00  0.0000
  5.600E+02 -2.525E+02  9.895E-06  0.7070
  6.000E+02 -2.525E+02  1.484E-05  0.5772
  6.400E+02 -2.525E+02  4.947E-06  1.0000
  6.800E+02 -2.525E+02  4.947E-06  1.0000
 -6.800E+02 -2.132E+02  1.979E-05  0.4998
 -6.400E+02 -2.132E+02  1.484E-05  0.5772
 -6.000E+02 -2.132E+02  4.947E-06  1.0000
 -5.600E+02 -2.132E+02  1.484E-05  0.5772
 -5.200E+02 -2.132E+02  1.979E-05  0.4998
 -4.800E+02 -2.132E+02  4.947E-06  1.0000
 -4.400E+02 -2.132E+02  9.895E-06  0.7070
 -4.000E+02 -2.132E+02  1.484E-05  0.5772
 -3.600E+02 -2.132E+02  9.895E-06  0.7070
 -3.200E+02 -2.132E+02  1.979E-05  0.4998
 -2.800E+02 -2.132E+02  4.947E-06  1.0000
 -2.400E+02 -2.132E+02  9.895E-06  0.7070
 -2.000E+02 -2.132E+02  0.000E+00  0.0000
 -1.600E+02 -2.132E+02  1.484E-05  0.5772
 -1.200E+02 -2.132E+02  0.000E+00  0.0000
 -8.000E+01 -2.132E+02  0.000E+00  0.0000
 -4.000E+01 -2.132E+02  0.000E+00  0.0000
  0.000E+00 -2.132E+02  0.000E+00  0.0000
  4.000E+01 -2.132E+02  0.000E+00  0.0000
  8.000E+01 -2.132E+02  0.000E+00  0.0000
  1.200E+02 -2.132E+02  0.000E+00  0.0000
  1.600E+02 -2.132E+02  1.484E-05  0.5772
  2.000E+02 -2.132E+02  0.000E+00  0.0000
  2.400E+02 -2.132E+02  1.484E-05  0.5772
  2.800E+02 -2.132E+02  9.895E-06  0.7070
  3.200E+02 -2.132E+02  4.947E-06  1.0000
  3.600E+02 -2.132E+02  1.900E-05  0.5011
  4.000E+02 -2.132E+02  9.895E-06  0.7070
  4.400E+02 -2.132E+02  4.947E-06  1.0000
  4.800E+02 -2.132E+02  1.670E-05  0.5250
  5.200E+02 -2.132E+02  0.000E+00  0.0000
  5.600E+02 -2.132E+02  4.947E-06  1.0000
  6.000E+02 -2.132E+02  4.947E-06  1.0000
  6.400E+02 -2.132E+02  9.895E-06  0.7070
  6.800E+02 -2.132E+02  1.484E-05  0.5772
 -6.800E+02 -1.738E+02  0.000E+00  0.0000
 -6.400E+02 -1.738E+02  1.484E-05  0.5772
 -6.000E+02 -1.738E+02  4.947E-06  1.0000
 -5.600E+02 -1.738E+02  9.895E-06  0.7070
 -5.200E+02 -1.738E+02  1.979E-05  0.4998
 -4.800E+02 -1.738E+02  4.947E-06  1.0000
 -4.400E+02 -1.738E+02  9.895E-06  0.7070
 -4.000E+02 -1.738E+02  9.895E-06  0.7070
 -3.600E+02 -1.738E+02  1.484E-05  0.5772
 -3.200E+02 -1.738E+02  1.979E-05  0.4998
 -2.800E+02 -1.738E+02  1.484E-05  0.5772
 -2.400E+02 -1.738E+02  4.947E-06  1.0000
 -2.000E+02 -1.738E+02  5.330E-06  0.9309
 -1.600E+02 -1.738E+02  1.484E-05  0.5772
 -1.200E+02 -1.738E+02  0.000E+00  0.0000
 -8.000E+01 -1.738E+02  0.000E+00  0.0000
 -4.000E+01 -1.738E+02  0.000E+00  0.0000
  0.000E+00 -1.738E+02  0.000E+00  0.0000
  4.000E+01 -1.738E+02  0.000E+00  0.0000
  8.000E+01 -1.738E+02  0.000E+00  0.0000
  1.200E+02 -1.738E+02  0.000E+00  0.0000
  1.600E+02 -1.738E+02  9.895E-06  0.7070
  2.000E+02 -1.738E+02  9.895E-06  0.7070
  2.400E+02 -1.738E+02  1.484E-05  0.5772
  2.800E+02 -1.738E+02  9.778E-06  0.7071
  3.200E+02 -1.738E+02  1.496E-05  0.5728
  3.600E+02 -1.738E+02  2.050E-05  0.4822
  4.000E+02 -1.738E+02  1.979E-05  0.4998
  4.400E+02 -1.738E+02  0.000E+00  0.0000
  4.800E+02 -1.738E+02  1.015E-05  0.6112
  5.200E+02 -1.738E+02  1.050E-05  0.6687
  5.600E+02 -1.738E+02  1.424E-05  0.5783
  6.000E+02 -1.738E+02  9.895E-06  0.7070
  6.400E+02 -1.738E+02  0.000E+00  0.0000
  6.800E+02 -1.738E+02  4.947E-06  1.0000
 -6.800E+02 -1.345E+02  9.895E-06  0.7070
 -6.400E+02 -1.345E+02  9.895E-06  0.7070
 -6.000E+02 -1.345E+02  8.346E-06  0.6825
 -5.600E+02 -1.345E+02  5.296E-06  0.9365
 -5.200E+02 -1.345E+02  4.599E-06  1.0000
 -4.800E+02 -1.345E+02  1.484E-05  0.5772
 -4.400E+02 -1.345E+02  9.895E-06  0.7070
 -4.000E+02 -1.345E+02  9.895E-06  0.7070
 -3.600E+02 -1.345E+02  9.895E-06  0.7070
 -3.200E+02 -1.345E+02  4.947E-06  1.0000
 -2.800E+02 -1.345E+02  9.895E-06  0.7070
 -2.400E+02 -1.345E+02  4.947E-06  1.0000
 -2.000E+02 -1.345E+02  1.941E-05  0.5001
 -1.600E+02 -1.345E+02  4.947E-06  1.0000
 -1.200E+02 -1.345E+02  0.000E+00  0.0000
 -8.000E+01 -1.345E+02  0.000E+00  0.0000
 -4.000E+01 -1.345E+02  0.000E+00  0.0000
  0.000E+00 -1.345E+02  0.000E+00  0.0000
  4.000E+01 -1.345E+02  0.000E+00  0.0000
  8.000E+01 -1.345E+02  0.000E+00  0.0000
  1.200E+02 -1.345E+02  0.000E+00  0.0000
  1.600E+02 -1.345E+02  9.895E-06  0.7070
  2.000E+02 -1.345E+02  4.947E-06  1.0000
  2.400E+02 -1.345E+02  9.895E-06  0.7070
  2.800E+02 -1.345E+02  2.968E-05  0.4080
  3.200E+02 -1.345E+02  1.979E-05  0.4998
  3.600E+02 -1.345E+02  1.492E-05  0.5743
  4.000E+02 -1.345E+02  4.947E-06  1.0000
  4.400E+02 -1.345E+02  9.895E-06  0.7070
  4.800E+02 -1.345E+02  7.785E-06  0.7325
  5.200E+02 -1.345E+02  1.484E-05  0.5772
  5.600E+02 -1.345E+02  1.484E-05  0.5772
  6.000E+02 -1.345E+02  1.484E-05  0.5772
  6.400E+02 -1.345E+02  1.484E-05  0.5772
  6.800E+02 -1.345E+02  4.947E-06  1.0000
 -6.800E+02 -9.511E+01  9.895E-06  0.7070
 -6.400E+02 -9.511E+01  1.979E-05  0.4998
 -6.000E+02 -9.511E+01  1.639E-05  0.5185
 -5.600E+02 -9.511E+01  4.947E-06  1.0000
 -5.200E+02 -9.511E+01  4.947E-06  1.0000
 -4.800E+02 -9.511E+01  4.947E-06  1.0000
 -4.400E+02 -9.511E+01  4.947E-06  1.0000
 -4.000E+02 -9.511E+01  4.947E-06  1.0000
 -3.600E+02 -9.511E+01  2.968E-05  0.4080
 -3.200E+02 -9.511E+01  9.895E-06  0.7070
 -2.800E+02 -9.511E+01  3.463E-05  0.3777
 -2.400E+02 -9.511E+01  1.484E-05  0.5772
 -2.000E+02 -9.511E+01  2.474E-05  0.4470
 -1.600E+02 -9.511E+01  9.895E-06  0.7070
 -1.200E+02 -9.511E+01  0.000E+00  0.0000
 -8.000E+01 -9.511E+01  4.947E-06  1.0000
 -4.000E+01 -9.511E+01  4.947E-06  1.0000
  0.000E+00 -9.511E+01  4.947E-06  1.0000
  4.000E+01 -9.511E+01  0.000E+00  0.0000
  8.000E+01 -9.511E+01  4.947E-06  1.0000
  1.200E+02 -9.511E+01  1.484E-05  0.5772
  1.600E+02 -9.511E+01  1.484E-05  0.5772
  2.000E+02 -9.511E+01  4.947E-06  1.0000
  2.400E+02 -9.511E+01  0.000E+00  0.0000
  2.800E+02 -9.511E+01  1.484E-05  0.5772
  3.200E+02 -9.511E+01  9.895E-06  0.7070
  3.600E+02 -9.511E+01  9.895E-06  0.7070
  4.000E+02 -9.511E+01  1.484E-05  0.5772
  4.400E+02 -9.511E+01  4.947E-06  1.0000
  4.800E+02 -9.511E+01  0.000E+00  0.0000
  5.200E+02 -9.511E+01  9.895E-06  0.7070
  5.600E+02 -9.511E+01  4.947E-06  1.0000
  6.000E+02 -9.511E+01  9.895E-06  0.7070
  6.400E+02 -9.511E+01  9.895E-06  0.7070
  6.800E+02 -9.511E+01  4.947E-06  1.0000
 -6.800E+02 -5.576E+01  7.779E-06  0.7327
 -6.400E+02 -5.576E+01  2.115E-06  1.0000
 -6.000E+02 -5.576E+01  9.895E-06  0.7070
 -5.600E+02 -5.576E+01  1.438E-05  0.5778
 -5.200E+02 -5.576E+01  4.947E-06  1.0000
 -4.800E+02 -5.576E+01  4.947E-06  1.0000
 -4.400E+02 -5.576E+01  4.947E-06  1.0000
 -4.000E+02 -5.576E+01  4.947E-06  1.0000
 -3.600E+02 -5.576E+01  9.895E-06  0.7070
 -3.200E+02 -5.576E+01  1.484E-05  0.5772
 -2.800E+02 -5.576E+01  1.484E-05  0.5772
 -2.400E+02 -5.576E+01  1.979E-05  0.4998
 -2.000E+02 -5.576E+01  1.979E-05  0.4998
 -1.600E+02 -5.576E+01  1.979E-05  0.4998
 -1.200E+02 -5.576E+01  4.947E-06  1.0000
 -8.000E+01 -5.576E+01  1.484E-05  0.5772
 -4.000E+01 -5.576E+01  9.895E-06  0.7070
  0.000E+00 -5.576E+01  1.979E-05  0.4998
  4.000E+01 -5.576E+01  9.895E-06  0.7070
  8.000E+01 -5.576E+01  9.895E-06  0.7070
  1.200E+02 -5.576E+01  9.895E-06  0.7070
  1.600E+02 -5.576E+01  9.895E-06  0.7070
  2.000E+02 -5.576E+01  1.484E-05  0.5772
  2.400E+02 -5.576E+01  4.947E-06  1.0000
  2.800E+02 -5.576E+01  1.484E-05  0.5772
  3.200E+02 -5.576E+01  1.979E-05  0.4998
  3.600E+02 -5.576E+01  4.947E-06  1.0000
  4.000E+02 -5.576E+01  9.895E-06  0.7070
  4.400E+02 -5.576E+01  4.947E-06  1.0000
  4.800E+02 -5.576E+01  9.895E-06  0.7070
  5.200E+02 -5.576E+01  0.000E+00  0.0000
  5.600E+02 -5.576E+01  9.895E-06  0.7070
  6.000E+02 -5.576E+01  0.000E+00  0.0000
  6.400E+02 -5.576E+01  1.484E-05  0.5772
  6.800E+02 -5.576E+01  4.947E-06  1.0000
 -6.800E+02 -1.641E+01  1.484E-05  0.5772
 -6.400E+02 -1.641E+01  0.000E+00  0.0000
 -6.000E+02 -1.641E+01  9.895E-06  0.7070
 -5.600E+02 -1.641E+01  1.035E-05  0.6772
 -5.200E+02 -1.641E+01  0.000E+00  0.0000
 -4.800E+02 -1.641E+01  0.000E+00  0.0000
 -4.400E+02 -1.641E+01  4.947E-06  1.0000
 -4.000E+02 -1.641E+01  9.895E-06  0.7070
 -3.600E+02 -1.641E+01  9.895E-06  0.7070
 -3.200E+02 -1.641E+01  9.895E-06  0.7070
 -2.800E+02 -1.641E+01  9.895E-06  0.7070
 -2.400E+02 -1.641E+01  9.895E-06  0.7070
 -2.000E+02 -1.641E+01  4.947E-06  1.0000
 -1.600E+02 -1.641E+01  9.895E-06  0.7070
 -1.200E+02 -1.641E+01  9.895E-06  0.7070
 -8.000E+01 -1.641E+01  0.000E+00  0.0000
 -4.000E+01 -1.641E+01  4.947E-06  1.0000
  0.000E+00 -1.641E+01  4.947E-06  1.0000
  4.000E+01 -1.641E+01  4.947E-06  1.0000
  8.000E+01 -1.641E+01  1.484E-05  0.5772
  1.200E+02 -1.641E+01  9.895E-06  0.7070
  1.600E+02 -1.641E+01  4.947E-06  1.0000
  2.000E+02 -1.641E+01  2.674E-05  0.6821
  2.400E+02 -1.641E+01  4.947E-06  1.0000
  2.800E+02 -1.641E+01  0.000E+00  0.0000
  3.200E+02 -1.641E+01  4.947E-06  1.0000
  3.600E+02 -1.641E+01  0.000E+00  0.0000
  4.000E+02 -1.641E+01  4.947E-06  1.0000
  4.400E+02 -1.641E+01  4.947E-06  1.0000
  4.800E+02 -1.641E+01  9.895E-06  0.7070
  5.200E+02 -1.641E+01  9.895E-06  0.7070
  5.600E+02 -1.641E+01  9.895E-06  0.7070
  6.000E+02 -1.641E+01  0.000E+00  0.0000
  6.400E+02 -1.641E+01  1.484E-05  0.5772
  6.800E+02 -1.641E+01  0.000E+00  0.0000
 -6.800E+02  2.293E+01  0.000E+00  0.0000
 -6.400E+02  2.293E+01  0.000E+00  0.0000
 -6.000E+02  2.293E+01  0.000E+00  0.0000
 -5.600E+02  2.293E+01  0.000E+00  0.0000
 -5.200E+02  2.293E+01  0.000E+00  0.0000
 -4.800E+02  2.293E+01  0.000E+00  0.0000
 -4.400E+02  2.293E+01  0.000E+00  0.0000
 -4.000E+02  2.293E+01  0.000E+00  0.0000
 -3.600E+02  2.293E+01  0.000E+00  0.0000
 -3.200E+02  2.293E+01  0.000E+00  0.0000
 -2.800E+02  2.293E+01  0.000E+00  0.0000
 -2.400E+02  2.293E+01  0.000E+00  0.0000
 -2.000E+02  2.293E+01  0.000E+00  0.0000
 -1.600E+02  2.293E+01  0.000E+00  0.0000
 -1.200E+02  2.293E+01  0.000E+00  0.0000
 -8.000E+01  2.293E+01  0.000E+00  0.0000
 -4.000E+01  2.293E+01  0.000E+00  0.0000
  0.000E+00  2.293E+01  0.000E+00  0.0000
  4.000E+01  2.293E+01  0.000E+00  0.0000
  8.000E+01  2.293E+01  0.000E+00  0.0000
  1.200E+02  2.293E+01  0.000E+00  0.0000
  1.600E+02  2.293E+01  0.000E+00  0.0000
  2.000E+02  2.293E+01  1.699E-04  1.0000
  2.400E+02  2.293E+01  0.000E+00  0.0000
  2.800E+02  2.293E+01  0.000E+00  0.0000
  3.200E+02  2.293E+01  0.000E+00  0.0000
  3.600E+02  2.293E+01  0.000E+00  0.0000
  4.000E+02  2.293E+01  0.000E+00  0.0000
  4.400E+02  2.293E+01  0.000E+00  0.0000
  4.800E+02  2.293E+01  0.000E+00  0.0000
  5.200E+02  2.293E+01  0.000E+00  0.0000
  5.600E+02  2.293E+01  0.000E+00  0.0000
  6.000E+02  2.293E+01  0.000E+00  0.0000
  6.400E+02  2.293E+01  0.000E+00  0.0000
  6.800E+02  2.293E+01  0.000E+00  0.0000
 -6.800E+02  6.228E+01  0.000E+00  0.0000
 -6.400E+02  6.228E+01  0.000E+00  0.0000
 -6.000E+02  6.228E+01  0.000E+00  0.0000
 -5.600E+02  6.228E+01  0.000E+00  0.0000
 -5.200E+02  6.228E+01  0.000E+00  0.0000
 -4.800E+02  6.228E+01  0.000E+00  0.0000
 -4.400E+02  6.228E+01  0.000E+00  0.0000
 -4.000E+02  6.228E+01  0.000E+00  0.0000
 -3.600E+02  6.228E+01  0.000E+00  0.0000
 -3.200E+02  6.228E+01  0.000E+00  0.0000
 -2.800E+02  6.228E+01  0.000E+00  0.0000
 -2.400E+02  6.228E+01  0.000E+00  0.0000
 -2.000E+02  6.228E+01  0.000E+00  0.0000
 -1.600E+02  6.228E+01  0.000E+00  0.0000
 -1.200E+02  6.228E+01  0.000E+00  0.0000
 -8.000E+01  6.228E+01  0.000E+00  0.0000
 -4.000E+01  6.228E+01  0.000E+00  0.0000
  0.000E+00  6.228E+01  0.000E+00  0.0000
  4.000E+01  6.228E+01  0.000E+00  0.0000
  8.000E+01  6.228E+01  0.000E+00  0.0000
  1.200E+02  6.228E+01  0.000E+00  0.0000
  1.600E+02  6.228E+01  0.000E+00  0.0000
  2.000E+02  6.228E+01  1.699E-04  1.0000
  2.400E+02  6.228E+01  0.000E+00  0.0000
  2.800E+02  6.228E+01  0.000E+00  0.0000
  3.200E+02  6.228E+01  0.000E+00  0.0000
  3.600E+02  6.228E+01  0.000E+00  0.0000
  4.000E+02  6.228E+01  0.000E+00  0.0000
  4.400E+02  6.228E+01  0.000E+00  0.0000
  4.800E+02  6.228E+01  0.000E+00  0.0000
  5.200E+02  6.228E+01  0.000E+00  0.0000
  5.600E+02  6.228E+01  0.000E+00  0.0000
  6.000E+02  6.228E+01  0.000E+00  0.0000
  6.400E+02  6.228E+01  0.000E+00  0.0000
  6.800E+02  6.228E+01  0.000E+00  0.0000
 -6.800E+02  1.016E+02  0.000E+00  0.0000
 -6.400E+02  1.016E+02  0.000E+00  0.0000
 -6.000E+02  1.016E+02  0.000E+00  0.0000
 -5.600E+02  1.016E+02  0.000E+00  0.0000
 -5.200E+02  1.016E+02  0.000E+00  0.0000
 -4.800E+02  1.016E+02  0.000E+00  0.0000
 -4.400E+02  1.016E+02  0.000E+00  0.0000
 -4.000E+02  1.016E+02  0.000E+00  0.0000
 -3.600E+02  1.016E+02  0.000E+00  0.0000
 -3.200E+02  1.016E+02  0.000E+00  0.0000
 -2.800E+02  1.016E+02  0.000E+00  0.0000
 -2.400E+02  1.016E+02  0.000E+00  0.0000
 -2.000E+02  1.016E+02  0.000E+00  0.0000
 -1.600E+02  1.016E+02  0.000E+00  0.0000
 -1.200E+02  1.016E+02  0.000E+00  0.0000
 -8.000E+01  1.016E+02  0.000E+00  0.0000
 -4.000E+01  1.016E+02  0.000E+00  0.0000
  0.000E+00  1.016E+02  0.000E+00  0.0000
  4.000E+01  1.016E+02  0.000E+00  0.0000
  8.000E+01  1.016E+02  0.000E+00  0.0000
  1.200E+02  1.016E+02  0.000E+00  0.0000
  1.600E+02  1.016E+02  0.000E+00  0.0000
  2.000E+02  1.016E+02  1.699E-04  1.0000
  2.400E+02  1.016E+02  0.000E+00  0.0000
  2.800E+02  1.016E+02  0.000E+00  0.0000
  3.200E+02  1.016E+02  0.000E+00  0.0000
  3.600E+02  1.016E+02  0.000E+00  0.0000
  4.000E+02  1.016E+02  0.000E+00  0.0000
  4.400E+02  1.016E+02  0.000E+00  0.0000
  4.800E+02  1.016E+02  0.000E+00  0.0000
  5.200E+02  1.016E+02  0.000E+00  0.0000
  5.600E+02  1.016E+02  0.000E+00  0.0000
  6.000E+02  1.016E+02  0.000E+00  0.0000
  6.400E+02  1.016E+02  0.000E+00  0.0000
  6.800E+02  1.016E+02  0.000E+00  0.0000
 -6.800E+02  1.410E+02  0.000E+00  0.0000
 -6.400E+02  1.410E+02  0.000E+00  0.0000
 -6.000E+02  1.410E+02  0.000E+00  0.0000
 -5.600E+02  1.410E+02  0.000E+00  0.0000
 -5.200E+02  1.410E+02  0.000E+00  0.0000
 -4.800E+02  1.410E+02  0.000E+00  0.0000
 -4.400E+02  1.410E+02  0.000E+00  0.0000
 -4.000E+02  1.410E+02  0.000E+00  0.0000
 -3.600E+02  1.410E+02  0.000E+00  0.0000
 -3.200E+02  1.410E+02  0.000E+00  0.0000
 -2.800E+02  1.410E+02  0.000E+00  0.0000
 -2.400E+02  1.410E+02  0.000E+00  0.0000
 -2.000E+02  1.410E+02  0.000E+00  0.0000
 -1.600E+02  1.410E+02  0.000E+00  0.0000
 -1.200E+02  1.410E+02  0.000E+00  0.0000
 -8.000E+01  1.410E+02  0.000E+00  0.0000
 -4.000E+01  1.410E+02  0.000E+00  0.0000
  0.000E+00  1.410E+02  0.000E+00  0.0000
  4.000E+01  1.410E+02  0.000E+00  0.0000
  8.000E+01  1.410E+02  0.000E+00  0.0000
  1.200E+02  1.410E+02  0.000E+00  0.0000
  1.600E+02  1.410E+02  0.000E+00  0.0000
  2.000E+02  1.410E+02  1.699E-04  1.0000
  2.400E+02  1.410E+02  0.000E+00  0.0000
  2.800E+02  1.410E+02  0.000E+00  0.0000
  3.200E+02  1.410E+02  0.000E+00  0.0000
  3.600E+02  1.410E+02  0.000E+00  0.0000
  4.000E+02  1.410E+02  0.000E+00  0.0000
  4.400E+02  1.410E+02  0.000E+00  0.0000
  4.800E+02  1.410E+02  0.000E+00  0.0000
  5.200E+02  1.410E+02  0.000E+00  0.0000
  5.600E+02  1.410E+02  0.000E+00  0.0000
  6.000E+02  1.410E+02  0.000E+00  0.0000
  6.400E+02  1.410E+02  0.000E+00  0.0000
  6.800E+02  1.410E+02  0.000E+00  0.0000
 -6.800E+02  1.803E+02  0.000E+00  0.0000
 -6.400E+02  1.803E+02  0.000E+00  0.0000
 -6.000E+02  1.803E+02  0.000E+00  0.0000
 -5.600E+02  1.803E+02  0.000E+00  0.0000
 -5.200E+02  1.803E+02  0.000E+00  0.0000
 -4.800E+02  1.803E+02  0.000E+00  0.0000
 -4.400E+02  1.803E+02  0.000E+00  0.0000
 -4.000E+02  1.803E+02  0.000E+00  0.0000
 -3.600E+02  1.803E+02  0.000E+00  0.0000
 -3.200E+02  1.803E+02  0.000E+00  0.0000
 -2.800E+02  1.803E+02  0.000E+00  0.0000
 -2.400E+02  1.803E+02  0.000E+00  0.0000
 -2.000E+02  1.803E+02  0.000E+00  0.0000
 -1.600E+02  1.803E+02  0.000E+00  0.0000
 -1.200E+02  1.803E+02  0.000E+00  0.0000
 -8.000E+01  1.803E+02  0.000E+00  0.0000
 -4.000E+01  1.803E+02  0.000E+00  0.0000
  0.000E+00  1.803E+02  0.000E+00  0.0000
  4.000E+01  1.803E+02  0.000E+00  0.0000
  8.000E+01  1.803E+02  0.000E+00  0.0000
  1.200E+02  1.803E+02  0.000E+00  0.0000
  1.600E+02  1.803E+02  0.000E+00  0.0000
  2.000E+02  1.803E+02  1.699E-04  1.0000
  2.400E+02  1.803E+02  0.000E+00  0.0000
  2.800E+02  1.803E+02  0.000E+00  0.0000
  3.200E+02  1.803E+02  0.000E+00  0.0000
  3.600E+02  1.803E+02  0.000E+00  0.0000
  4.000E+02  1.803E+02  0.000E+00  0.0000
  4.400E+02  1.803E+02  0.000E+00  0.0000
  4.800E+02  1.803E+02  0.000E+00  0.0000
  5.200E+02  1.803E+02  0.000E+00  0.0000
  5.600E+02  1.803E+02  0.000E+00  0.0000
  6.000E+02  1.803E+02  0.000E+00  0.0000
  6.400E+02  1.803E+02  0.000E+00  0.0000
  6.800E+02  1.803E+02  0.000E+00  0.0000

#------------------------------------------------------------------------------
 newpage:
#   no. =  8   ie  =  4   iy  =  1   part. = muon-   
#   e = (   2.0000E+01  -   1.0000E+05  )
#   y = (  -1.0000E+03  -   1.0000E+03  )
#  nx =  35   nz =  23

# x          z          flux       r.err
 -6.800E+02 -6.853E+02  1.913E-03  0.3144
 -6.400E+02 -6.853E+02  1.277E-03  0.3462
 -6.000E+02 -6.853E+02  1.773E-03  0.3108
 -5.600E+02 -6.853E+02  2.011E-03  0.2939
 -5.200E+02 -6.853E+02  1.276E-03  0.3563
 -4.800E+02 -6.853E+02  1.362E-03  0.3410
 -4.400E+02 -6.853E+02  1.953E-03  0.2901
 -4.000E+02 -6.853E+02  3.327E-03  0.2487
 -3.600E+02 -6.853E+02  2.163E-03  0.2744
 -3.200E+02 -6.853E+02  2.505E-03  0.2841
 -2.800E+02 -6.853E+02  4.930E-03  0.1874
 -2.400E+02 -6.853E+02  3.161E-03  0.2181
 -2.000E+02 -6.853E+02  3.194E-03  0.2157
 -1.600E+02 -6.853E+02  3.225E-03  0.2355
 -1.200E+02 -6.853E+02  3.666E-03  0.2226
 -8.000E+01 -6.853E+02  3.961E-03  0.1941
 -4.000E+01 -6.853E+02  4.387E-03  0.1954
  0.000E+00 -6.853E+02  2.621E-03  0.2335
  4.000E+01 -6.853E+02  2.949E-03  0.2420
  8.000E+01 -6.853E+02  2.477E-03  0.2630
  1.200E+02 -6.853E+02  3.139E-03  0.2244
  1.600E+02 -6.853E+02  4.446E-03  0.1851
  2.000E+02 -6.853E+02  2.668E-03  0.2397
  2.400E+02 -6.853E+02  2.342E-03  0.2644
  2.800E+02 -6.853E+02  1.757E-03  0.3121
  3.200E+02 -6.853E+02  2.074E-03  0.2706
  3.600E+02 -6.853E+02  1.818E-03  0.2964
  4.000E+02 -6.853E+02  2.003E-03  0.2863
  4.400E+02 -6.853E+02  2.514E-03  0.2646
  4.800E+02 -6.853E+02  2.353E-03  0.2674
  5.200E+02 -6.853E+02  2.724E-03  0.2589
  5.600E+02 -6.853E+02  1.942E-03  0.2915
  6.000E+02 -6.853E+02  2.970E-03  0.2415
  6.400E+02 -6.853E+02  2.965E-03  0.2560
  6.800E+02 -6.853E+02  2.581E-03  0.2599
 -6.800E+02 -6.460E+02  1.916E-03  0.2913
 -6.400E+02 -6.460E+02  1.865E-03  0.3076
 -6.000E+02 -6.460E+02  2.246E-03  0.2875
 -5.600E+02 -6.460E+02  1.684E-03  0.3137
 -5.200E+02 -6.460E+02  1.401E-03  0.3452
 -4.800E+02 -6.460E+02  1.911E-03  0.2865
 -4.400E+02 -6.460E+02  2.284E-03  0.2718
 -4.000E+02 -6.460E+02  3.130E-03  0.2614
 -3.600E+02 -6.460E+02  3.088E-03  0.2311
 -3.200E+02 -6.460E+02  2.780E-03  0.2651
 -2.800E+02 -6.460E+02  3.081E-03  0.2350
 -2.400E+02 -6.460E+02  4.148E-03  0.1963
 -2.000E+02 -6.460E+02  4.236E-03  0.2005
 -1.600E+02 -6.460E+02  3.530E-03  0.2248
 -1.200E+02 -6.460E+02  2.840E-03  0.2321
 -8.000E+01 -6.460E+02  4.570E-03  0.1946
 -4.000E+01 -6.460E+02  3.962E-03  0.2101
  0.000E+00 -6.460E+02  3.791E-03  0.2108
  4.000E+01 -6.460E+02  3.450E-03  0.2217
  8.000E+01 -6.460E+02  2.211E-03  0.2597
  1.200E+02 -6.460E+02  3.721E-03  0.2106
  1.600E+02 -6.460E+02  4.711E-03  0.1996
  2.000E+02 -6.460E+02  2.998E-03  0.2359
  2.400E+02 -6.460E+02  2.881E-03  0.2284
  2.800E+02 -6.460E+02  2.321E-03  0.2710
  3.200E+02 -6.460E+02  2.101E-03  0.2764
  3.600E+02 -6.460E+02  2.761E-03  0.2441
  4.000E+02 -6.460E+02  2.135E-03  0.2599
  4.400E+02 -6.460E+02  2.122E-03  0.2577
  4.800E+02 -6.460E+02  2.766E-03  0.2433
  5.200E+02 -6.460E+02  2.799E-03  0.2309
  5.600E+02 -6.460E+02  3.223E-03  0.2304
  6.000E+02 -6.460E+02  1.988E-03  0.2907
  6.400E+02 -6.460E+02  2.248E-03  0.2804
  6.800E+02 -6.460E+02  2.997E-03  0.2393
 -6.800E+02 -6.066E+02  2.481E-03  0.2626
 -6.400E+02 -6.066E+02  1.947E-03  0.3037
 -6.000E+02 -6.066E+02  2.494E-03  0.2734
 -5.600E+02 -6.066E+02  1.467E-03  0.3289
 -5.200E+02 -6.066E+02  2.195E-03  0.2882
 -4.800E+02 -6.066E+02  2.494E-03  0.2549
 -4.400E+02 -6.066E+02  2.100E-03  0.2777
 -4.000E+02 -6.066E+02  3.659E-03  0.2458
 -3.600E+02 -6.066E+02  3.666E-03  0.2269
 -3.200E+02 -6.066E+02  1.802E-03  0.3017
 -2.800E+02 -6.066E+02  2.739E-03  0.2575
 -2.400E+02 -6.066E+02  4.614E-03  0.1944
 -2.000E+02 -6.066E+02  4.711E-03  0.1866
 -1.600E+02 -6.066E+02  3.400E-03  0.2157
 -1.200E+02 -6.066E+02  3.700E-03  0.2101
 -8.000E+01 -6.066E+02  5.498E-03  0.1769
 -4.000E+01 -6.066E+02  3.480E-03  0.2123
  0.000E+00 -6.066E+02  4.006E-03  0.2078
  4.000E+01 -6.066E+02  3.017E-03  0.2280
  8.000E+01 -6.066E+02  3.998E-03  0.1994
  1.200E+02 -6.066E+02  4.020E-03  0.1971
  1.600E+02 -6.066E+02  3.518E-03  0.2066
  2.000E+02 -6.066E+02  4.022E-03  0.2107
  2.400E+02 -6.066E+02  3.431E-03  0.2165
  2.800E+02 -6.066E+02  2.557E-03  0.2880
  3.200E+02 -6.066E+02  2.040E-03  0.2813
  3.600E+02 -6.066E+02  2.761E-03  0.2648
  4.000E+02 -6.066E+02  1.900E-03  0.2950
  4.400E+02 -6.066E+02  2.854E-03  0.2467
  4.800E+02 -6.066E+02  3.395E-03  0.2257
  5.200E+02 -6.066E+02  2.880E-03  0.2389
  5.600E+02 -6.066E+02  3.556E-03  0.2166
  6.000E+02 -6.066E+02  1.656E-03  0.3026
  6.400E+02 -6.066E+02  2.708E-03  0.2535
  6.800E+02 -6.066E+02  3.687E-03  0.2174
 -6.800E+02 -5.673E+02  3.710E-03  0.2129
 -6.400E+02 -5.673E+02  2.104E-03  0.2887
 -6.000E+02 -5.673E+02  2.212E-03  0.3026
 -5.600E+02 -5.673E+02  1.954E-03  0.2997
 -5.200E+02 -5.673E+02  2.213E-03  0.2838
 -4.800E+02 -5.673E+02  3.040E-03  0.2400
 -4.400E+02 -5.673E+02  2.790E-03  0.2351
 -4.000E+02 -5.673E+02  3.359E-03  0.2301
 -3.600E+02 -5.673E+02  4.126E-03  0.2084
 -3.200E+02 -5.673E+02  2.101E-03  0.2987
 -2.800E+02 -5.673E+02  2.905E-03  0.2348
 -2.400E+02 -5.673E+02  4.399E-03  0.1942
 -2.000E+02 -5.673E+02  4.363E-03  0.1929
 -1.600E+02 -5.673E+02  3.800E-03  0.2103
 -1.200E+02 -5.673E+02  4.816E-03  0.1919
 -8.000E+01 -5.673E+02  5.645E-03  0.1777
 -4.000E+01 -5.673E+02  2.983E-03  0.2343
  0.000E+00 -5.673E+02  4.201E-03  0.2055
  4.000E+01 -5.673E+02  3.324E-03  0.2115
  8.000E+01 -5.673E+02  5.490E-03  0.1774
  1.200E+02 -5.673E+02  4.050E-03  0.2043
  1.600E+02 -5.673E+02  3.691E-03  0.2076
  2.000E+02 -5.673E+02  3.857E-03  0.2121
  2.400E+02 -5.673E+02  4.157E-03  0.2041
  2.800E+02 -5.673E+02  1.998E-03  0.3052
  3.200E+02 -5.673E+02  2.693E-03  0.2535
  3.600E+02 -5.673E+02  3.076E-03  0.2401
  4.000E+02 -5.673E+02  2.158E-03  0.2614
  4.400E+02 -5.673E+02  2.667E-03  0.2486
  4.800E+02 -5.673E+02  4.370E-03  0.2007
  5.200E+02 -5.673E+02  2.543E-03  0.2381
  5.600E+02 -5.673E+02  3.039E-03  0.2269
  6.000E+02 -5.673E+02  3.122E-03  0.2306
  6.400E+02 -5.673E+02  3.122E-03  0.2313
  6.800E+02 -5.673E+02  3.103E-03  0.2397
 -6.800E+02 -5.279E+02  4.280E-03  0.2000
 -6.400E+02 -5.279E+02  3.175E-03  0.2344
 -6.000E+02 -5.279E+02  2.292E-03  0.2758
 -5.600E+02 -5.279E+02  2.733E-03  0.2520
 -5.200E+02 -5.279E+02  2.702E-03  0.2529
 -4.800E+02 -5.279E+02  2.759E-03  0.2425
 -4.400E+02 -5.279E+02  3.177E-03  0.2308
 -4.000E+02 -5.279E+02  3.585E-03  0.2292
 -3.600E+02 -5.279E+02  4.849E-03  0.2001
 -3.200E+02 -5.279E+02  1.599E-03  0.3208
 -2.800E+02 -5.279E+02  3.603E-03  0.2246
 -2.400E+02 -5.279E+02  3.923E-03  0.2083
 -2.000E+02 -5.279E+02  4.536E-03  0.1980
 -1.600E+02 -5.279E+02  4.394E-03  0.1919
 -1.200E+02 -5.279E+02  4.620E-03  0.1887
 -8.000E+01 -5.279E+02  5.235E-03  0.1758
 -4.000E+01 -5.279E+02  3.880E-03  0.2022
  0.000E+00 -5.279E+02  4.426E-03  0.1987
  4.000E+01 -5.279E+02  4.856E-03  0.1886
  8.000E+01 -5.279E+02  5.965E-03  0.1678
  1.200E+02 -5.279E+02  4.009E-03  0.1999
  1.600E+02 -5.279E+02  4.726E-03  0.2037
  2.000E+02 -5.279E+02  3.781E-03  0.2256
  2.400E+02 -5.279E+02  3.660E-03  0.2241
  2.800E+02 -5.279E+02  3.463E-03  0.2286
  3.200E+02 -5.279E+02  2.873E-03  0.2350
  3.600E+02 -5.279E+02  3.761E-03  0.2090
  4.000E+02 -5.279E+02  2.494E-03  0.2438
  4.400E+02 -5.279E+02  2.550E-03  0.2572
  4.800E+02 -5.279E+02  3.740E-03  0.2098
  5.200E+02 -5.279E+02  3.398E-03  0.2233
  5.600E+02 -5.279E+02  2.906E-03  0.2418
  6.000E+02 -5.279E+02  2.768E-03  0.2376
  6.400E+02 -5.279E+02  3.928E-03  0.2085
  6.800E+02 -5.279E+02  2.900E-03  0.2386
 -6.800E+02 -4.886E+02  4.456E-03  0.1990
 -6.400E+02 -4.886E+02  3.343E-03  0.2250
 -6.000E+02 -4.886E+02  3.900E-03  0.2123
 -5.600E+02 -4.886E+02  3.742E-03  0.2075
 -5.200E+02 -4.886E+02  2.471E-03  0.2477
 -4.800E+02 -4.886E+02  4.135E-03  0.2071
 -4.400E+02 -4.886E+02  2.960E-03  0.2327
 -4.000E+02 -4.886E+02  3.558E-03  0.2307
 -3.600E+02 -4.886E+02  3.626E-03  0.2286
 -3.200E+02 -4.886E+02  3.763E-03  0.2162
 -2.800E+02 -4.886E+02  2.998E-03  0.2206
 -2.400E+02 -4.886E+02  3.968E-03  0.2109
 -2.000E+02 -4.886E+02  4.596E-03  0.1935
 -1.600E+02 -4.886E+02  5.015E-03  0.1889
 -1.200E+02 -4.886E+02  4.752E-03  0.1902
 -8.000E+01 -4.886E+02  5.660E-03  0.1706
 -4.000E+01 -4.886E+02  4.080E-03  0.1936
  0.000E+00 -4.886E+02  4.976E-03  0.1847
  4.000E+01 -4.886E+02  5.715E-03  0.1719
  8.000E+01 -4.886E+02  5.353E-03  0.1764
  1.200E+02 -4.886E+02  5.466E-03  0.1929
  1.600E+02 -4.886E+02  5.206E-03  0.1824
  2.000E+02 -4.886E+02  3.669E-03  0.2146
  2.400E+02 -4.886E+02  3.699E-03  0.2130
  2.800E+02 -4.886E+02  2.718E-03  0.2362
  3.200E+02 -4.886E+02  4.254E-03  0.1954
  3.600E+02 -4.886E+02  3.923E-03  0.2039
  4.000E+02 -4.886E+02  3.841E-03  0.2187
  4.400E+02 -4.886E+02  1.685E-03  0.2919
  4.800E+02 -4.886E+02  3.662E-03  0.2160
  5.200E+02 -4.886E+02  3.579E-03  0.2153
  5.600E+02 -4.886E+02  3.010E-03  0.2340
  6.000E+02 -4.886E+02  4.011E-03  0.2124
  6.400E+02 -4.886E+02  2.963E-03  0.2444
  6.800E+02 -4.886E+02  4.068E-03  0.2140
 -6.800E+02 -4.492E+02  3.623E-03  0.2132
 -6.400E+02 -4.492E+02  4.407E-03  0.2067
 -6.000E+02 -4.492E+02  4.483E-03  0.1987
 -5.600E+02 -4.492E+02  3.039E-03  0.2339
 -5.200E+02 -4.492E+02  3.125E-03  0.2235
 -4.800E+02 -4.492E+02  3.910E-03  0.2091
 -4.400E+02 -4.492E+02  3.940E-03  0.2084
 -4.000E+02 -4.492E+02  4.442E-03  0.2005
 -3.600E+02 -4.492E+02  2.806E-03  0.2653
 -3.200E+02 -4.492E+02  3.660E-03  0.2127
 -2.800E+02 -4.492E+02  4.494E-03  0.2010
 -2.400E+02 -4.492E+02  4.251E-03  0.2072
 -2.000E+02 -4.492E+02  4.068E-03  0.1978
 -1.600E+02 -4.492E+02  5.451E-03  0.1750
 -1.200E+02 -4.492E+02  4.911E-03  0.1858
 -8.000E+01 -4.492E+02  6.586E-03  0.1563
 -4.000E+01 -4.492E+02  5.171E-03  0.1788
  0.000E+00 -4.492E+02  3.799E-03  0.2058
  4.000E+01 -4.492E+02  6.125E-03  0.1675
  8.000E+01 -4.492E+02  6.356E-03  0.1841
  1.200E+02 -4.492E+02  7.542E-03  0.1552
  1.600E+02 -4.492E+02  5.458E-03  0.1868
  2.000E+02 -4.492E+02  2.972E-03  0.2290
  2.400E+02 -4.492E+02  4.019E-03  0.2074
  2.800E+02 -4.492E+02  3.167E-03  0.2423
  3.200E+02 -4.492E+02  3.721E-03  0.2042
  3.600E+02 -4.492E+02  4.183E-03  0.2076
  4.000E+02 -4.492E+02  4.320E-03  0.2000
  4.400E+02 -4.492E+02  2.787E-03  0.2416
  4.800E+02 -4.492E+02  3.356E-03  0.2209
  5.200E+02 -4.492E+02  4.469E-03  0.1913
  5.600E+02 -4.492E+02  2.556E-03  0.2517
  6.000E+02 -4.492E+02  4.647E-03  0.1978
  6.400E+02 -4.492E+02  3.213E-03  0.2228
  6.800E+02 -4.492E+02  3.015E-03  0.2251
 -6.800E+02 -4.099E+02  3.872E-03  0.2081
 -6.400E+02 -4.099E+02  3.910E-03  0.2096
 -6.000E+02 -4.099E+02  4.974E-03  0.1888
 -5.600E+02 -4.099E+02  3.159E-03  0.2292
 -5.200E+02 -4.099E+02  3.964E-03  0.2093
 -4.800E+02 -4.099E+02  3.257E-03  0.2208
 -4.400E+02 -4.099E+02  4.412E-03  0.2089
 -4.000E+02 -4.099E+02  5.063E-03  0.1799
 -3.600E+02 -4.099E+02  4.215E-03  0.2098
 -3.200E+02 -4.099E+02  3.366E-03  0.2415
 -2.800E+02 -4.099E+02  4.411E-03  0.1892
 -2.400E+02 -4.099E+02  4.367E-03  0.1985
 -2.000E+02 -4.099E+02  5.149E-03  0.1852
 -1.600E+02 -4.099E+02  4.985E-03  0.1842
 -1.200E+02 -4.099E+02  7.242E-03  0.1555
 -8.000E+01 -4.099E+02  7.481E-03  0.1481
 -4.000E+01 -4.099E+02  4.796E-03  0.1840
  0.000E+00 -4.099E+02  4.388E-03  0.1889
  4.000E+01 -4.099E+02  5.592E-03  0.1710
  8.000E+01 -4.099E+02  6.597E-03  0.1595
  1.200E+02 -4.099E+02  8.793E-03  0.1578
  1.600E+02 -4.099E+02  5.786E-03  0.1798
  2.000E+02 -4.099E+02  2.512E-03  0.2615
  2.400E+02 -4.099E+02  4.047E-03  0.2135
  2.800E+02 -4.099E+02  3.992E-03  0.2049
  3.200E+02 -4.099E+02  4.692E-03  0.1962
  3.600E+02 -4.099E+02  4.611E-03  0.1949
  4.000E+02 -4.099E+02  4.366E-03  0.1910
  4.400E+02 -4.099E+02  3.522E-03  0.2143
  4.800E+02 -4.099E+02  3.637E-03  0.2119
  5.200E+02 -4.099E+02  4.258E-03  0.1934
  5.600E+02 -4.099E+02  3.135E-03  0.2334
  6.000E+02 -4.099E+02  4.107E-03  0.2004
  6.400E+02 -4.099E+02  3.995E-03  0.2010
  6.800E+02 -4.099E+02  3.025E-03  0.2281
 -6.800E+02 -3.705E+02  3.698E-03  0.2080
 -6.400E+02 -3.705E+02  2.989E-03  0.2439
 -6.000E+02 -3.705E+02  4.389E-03  0.1994
 -5.600E+02 -3.705E+02  4.716E-03  0.2017
 -5.200E+02 -3.705E+02  4.290E-03  0.1926
 -4.800E+02 -3.705E+02  3.531E-03  0.2179
 -4.400E+02 -3.705E+02  4.058E-03  0.2116
 -4.000E+02 -3.705E+02  5.178E-03  0.1813
 -3.600E+02 -3.705E+02  4.775E-03  0.1906
 -3.200E+02 -3.705E+02  4.490E-03  0.2036
 -2.800E+02 -3.705E+02  4.119E-03  0.1994
 -2.400E+02 -3.705E+02  5.419E-03  0.1729
 -2.000E+02 -3.705E+02  5.627E-03  0.1744
 -1.600E+02 -3.705E+02  5.286E-03  0.1794
 -1.200E+02 -3.705E+02  6.288E-03  0.1613
 -8.000E+01 -3.705E+02  7.979E-03  0.1505
 -4.000E+01 -3.705E+02  5.686E-03  0.1727
  0.000E+00 -3.705E+02  4.539E-03  0.1956
  4.000E+01 -3.705E+02  6.272E-03  0.1735
  8.000E+01 -3.705E+02  7.164E-03  0.1572
  1.200E+02 -3.705E+02  6.387E-03  0.1834
  1.600E+02 -3.705E+02  6.608E-03  0.1762
  2.000E+02 -3.705E+02  3.789E-03  0.2190
  2.400E+02 -3.705E+02  4.684E-03  0.1900
  2.800E+02 -3.705E+02  5.391E-03  0.1799
  3.200E+02 -3.705E+02  4.864E-03  0.1814
  3.600E+02 -3.705E+02  5.347E-03  0.1803
  4.000E+02 -3.705E+02  2.033E-03  0.2750
  4.400E+02 -3.705E+02  3.900E-03  0.2109
  4.800E+02 -3.705E+02  4.120E-03  0.1997
  5.200E+02 -3.705E+02  3.668E-03  0.2123
  5.600E+02 -3.705E+02  4.316E-03  0.2006
  6.000E+02 -3.705E+02  4.726E-03  0.1871
  6.400E+02 -3.705E+02  3.563E-03  0.2132
  6.800E+02 -3.705E+02  2.687E-03  0.2410
 -6.800E+02 -3.312E+02  4.250E-03  0.1993
 -6.400E+02 -3.312E+02  2.862E-03  0.2324
 -6.000E+02 -3.312E+02  4.831E-03  0.1907
 -5.600E+02 -3.312E+02  4.769E-03  0.1866
 -5.200E+02 -3.312E+02  4.968E-03  0.1890
 -4.800E+02 -3.312E+02  4.547E-03  0.1934
 -4.400E+02 -3.312E+02  3.918E-03  0.2126
 -4.000E+02 -3.312E+02  5.183E-03  0.1831
 -3.600E+02 -3.312E+02  4.098E-03  0.2070
 -3.200E+02 -3.312E+02  5.255E-03  0.1877
 -2.800E+02 -3.312E+02  5.367E-03  0.1770
 -2.400E+02 -3.312E+02  5.107E-03  0.1754
 -2.000E+02 -3.312E+02  5.656E-03  0.1754
 -1.600E+02 -3.312E+02  5.830E-03  0.1720
 -1.200E+02 -3.312E+02  7.015E-03  0.1537
 -8.000E+01 -3.312E+02  7.018E-03  0.1542
 -4.000E+01 -3.312E+02  7.056E-03  0.1629
  0.000E+00 -3.312E+02  5.688E-03  0.1706
  4.000E+01 -3.312E+02  6.631E-03  0.1629
  8.000E+01 -3.312E+02  5.447E-03  0.1723
  1.200E+02 -3.312E+02  6.734E-03  0.1746
  1.600E+02 -3.312E+02  6.569E-03  0.1691
  2.000E+02 -3.312E+02  6.075E-03  0.1685
  2.400E+02 -3.312E+02  6.315E-03  0.1786
  2.800E+02 -3.312E+02  3.819E-03  0.2117
  3.200E+02 -3.312E+02  5.790E-03  0.1687
  3.600E+02 -3.312E+02  5.334E-03  0.1888
  4.000E+02 -3.312E+02  2.892E-03  0.2330
  4.400E+02 -3.312E+02  3.285E-03  0.2189
  4.800E+02 -3.312E+02  5.524E-03  0.1694
  5.200E+02 -3.312E+02  4.999E-03  0.1874
  5.600E+02 -3.312E+02  3.970E-03  0.2054
  6.000E+02 -3.312E+02  4.549E-03  0.1970
  6.400E+02 -3.312E+02  3.327E-03  0.2189
  6.800E+02 -3.312E+02  3.356E-03  0.2175
 -6.800E+02 -2.918E+02  4.652E-03  0.1906
 -6.400E+02 -2.918E+02  3.092E-03  0.2312
 -6.000E+02 -2.918E+02  4.513E-03  0.1905
 -5.600E+02 -2.918E+02  5.791E-03  0.1717
 -5.200E+02 -2.918E+02  4.892E-03  0.1906
 -4.800E+02 -2.918E+02  4.977E-03  0.1920
 -4.400E+02 -2.918E+02  3.933E-03  0.2214
 -4.000E+02 -2.918E+02  5.657E-03  0.1672
 -3.600E+02 -2.918E+02  5.016E-03  0.1801
 -3.200E+02 -2.918E+02  5.230E-03  0.1794
 -2.800E+02 -2.918E+02  6.103E-03  0.1748
 -2.400E+02 -2.918E+02  5.400E-03  0.1750
 -2.000E+02 -2.918E+02  5.094E-03  0.1821
 -1.600E+02 -2.918E+02  6.210E-03  0.1701
 -1.200E+02 -2.918E+02  8.613E-03  0.1456
 -8.000E+01 -2.918E+02  6.076E-03  0.1634
 -4.000E+01 -2.918E+02  7.262E-03  0.1504
  0.000E+00 -2.918E+02  7.896E-03  0.1541
  4.000E+01 -2.918E+02  6.280E-03  0.1665
  8.000E+01 -2.918E+02  6.166E-03  0.1745
  1.200E+02 -2.918E+02  7.277E-03  0.1645
  1.600E+02 -2.918E+02  5.657E-03  0.1741
  2.000E+02 -2.918E+02  6.891E-03  0.1607
  2.400E+02 -2.918E+02  4.372E-03  0.2011
  2.800E+02 -2.918E+02  5.041E-03  0.2157
  3.200E+02 -2.918E+02  6.540E-03  0.1603
  3.600E+02 -2.918E+02  4.536E-03  0.1979
  4.000E+02 -2.918E+02  4.262E-03  0.1995
  4.400E+02 -2.918E+02  4.292E-03  0.1955
  4.800E+02 -2.918E+02  4.829E-03  0.1772
  5.200E+02 -2.918E+02  5.587E-03  0.1782
  5.600E+02 -2.918E+02  4.399E-03  0.1916
  6.000E+02 -2.918E+02  4.989E-03  0.1829
  6.400E+02 -2.918E+02  3.281E-03  0.2227
  6.800E+02 -2.918E+02  3.416E-03  0.2268
 -6.800E+02 -2.525E+02  6.671E-03  0.1645
 -6.400E+02 -2.525E+02  2.743E-03  0.2362
 -6.000E+02 -2.525E+02  5.236E-03  0.1868
 -5.600E+02 -2.525E+02  5.269E-03  0.1732
 -5.200E+02 -2.525E+02  5.309E-03  0.1708
 -4.800E+02 -2.525E+02  4.934E-03  0.1817
 -4.400E+02 -2.525E+02  4.462E-03  0.1983
 -4.000E+02 -2.525E+02  5.785E-03  0.1747
 -3.600E+02 -2.525E+02  7.095E-03  0.1590
 -3.200E+02 -2.525E+02  5.945E-03  0.1710
 -2.800E+02 -2.525E+02  5.448E-03  0.1863
 -2.400E+02 -2.525E+02  6.936E-03  0.1588
 -2.000E+02 -2.525E+02  4.148E-03  0.2054
 -1.600E+02 -2.525E+02  6.329E-03  0.1638
 -1.200E+02 -2.525E+02  8.985E-03  0.1428
 -8.000E+01 -2.525E+02  8.046E-03  0.1489
 -4.000E+01 -2.525E+02  6.889E-03  0.1639
  0.000E+00 -2.525E+02  7.557E-03  0.1563
  4.000E+01 -2.525E+02  5.370E-03  0.1791
  8.000E+01 -2.525E+02  7.027E-03  0.1627
  1.200E+02 -2.525E+02  7.504E-03  0.1607
  1.600E+02 -2.525E+02  5.352E-03  0.1808
  2.000E+02 -2.525E+02  6.840E-03  0.1643
  2.400E+02 -2.525E+02  4.371E-03  0.1899
  2.800E+02 -2.525E+02  6.164E-03  0.1702
  3.200E+02 -2.525E+02  7.120E-03  0.1786
  3.600E+02 -2.525E+02  4.700E-03  0.1871
  4.000E+02 -2.525E+02  6.080E-03  0.1707
  4.400E+02 -2.525E+02  3.424E-03  0.2120
  4.800E+02 -2.525E+02  4.026E-03  0.1979
  5.200E+02 -2.525E+02  5.394E-03  0.1795
  5.600E+02 -2.525E+02  5.999E-03  0.1708
  6.000E+02 -2.525E+02  5.968E-03  0.1673
  6.400E+02 -2.525E+02  3.914E-03  0.2102
  6.800E+02 -2.525E+02  3.193E-03  0.2209
 -6.800E+02 -2.132E+02  5.752E-03  0.1684
 -6.400E+02 -2.132E+02  5.874E-03  0.1774
 -6.000E+02 -2.132E+02  5.487E-03  0.1778
 -5.600E+02 -2.132E+02  4.905E-03  0.1855
 -5.200E+02 -2.132E+02  5.117E-03  0.1789
 -4.800E+02 -2.132E+02  7.375E-03  0.1695
 -4.400E+02 -2.132E+02  5.000E-03  0.1879
 -4.000E+02 -2.132E+02  5.786E-03  0.1719
 -3.600E+02 -2.132E+02  7.210E-03  0.1492
 -3.200E+02 -2.132E+02  7.781E-03  0.1537
 -2.800E+02 -2.132E+02  6.361E-03  0.1674
 -2.400E+02 -2.132E+02  7.384E-03  0.1522
 -2.000E+02 -2.132E+02  5.104E-03  0.1776
 -1.600E+02 -2.132E+02  6.763E-03  0.1578
 -1.200E+02 -2.132E+02  7.195E-03  0.1534
 -8.000E+01 -2.132E+02  8.327E-03  0.1488
 -4.000E+01 -2.132E+02  6.793E-03  0.1648
  0.000E+00 -2.132E+02  5.842E-03  0.1715
  4.000E+01 -2.132E+02  6.910E-03  0.1715
  8.000E+01 -2.132E+02  7.032E-03  0.1576
  1.200E+02 -2.132E+02  7.247E-03  0.1641
  1.600E+02 -2.132E+02  5.278E-03  0.1767
  2.000E+02 -2.132E+02  8.108E-03  0.1500
  2.400E+02 -2.132E+02  6.503E-03  0.1636
  2.800E+02 -2.132E+02  5.568E-03  0.1685
  3.200E+02 -2.132E+02  7.018E-03  0.1647
  3.600E+02 -2.132E+02  6.118E-03  0.1795
  4.000E+02 -2.132E+02  4.115E-03  0.1944
  4.400E+02 -2.132E+02  4.863E-03  0.1973
  4.800E+02 -2.132E+02  4.117E-03  0.1942
  5.200E+02 -2.132E+02  4.994E-03  0.1903
  5.600E+02 -2.132E+02  6.048E-03  0.1637
  6.000E+02 -2.132E+02  6.849E-03  0.1632
  6.400E+02 -2.132E+02  4.548E-03  0.1956
  6.800E+02 -2.132E+02  4.564E-03  0.1875
 -6.800E+02 -1.738E+02  6.973E-03  0.1539
 -6.400E+02 -1.738E+02  7.202E-03  0.1864
 -6.000E+02 -1.738E+02  7.337E-03  0.1546
 -5.600E+02 -1.738E+02  4.816E-03  0.1923
 -5.200E+02 -1.738E+02  6.353E-03  0.1631
 -4.800E+02 -1.738E+02  6.674E-03  0.1585
 -4.400E+02 -1.738E+02  7.243E-03  0.1819
 -4.000E+02 -1.738E+02  6.670E-03  0.1671
 -3.600E+02 -1.738E+02  7.841E-03  0.1427
 -3.200E+02 -1.738E+02  9.759E-03  0.1359
 -2.800E+02 -1.738E+02  7.737E-03  0.1538
 -2.400E+02 -1.738E+02  5.145E-03  0.1720
 -2.000E+02 -1.738E+02  6.182E-03  0.1647
 -1.600E+02 -1.738E+02  5.745E-03  0.1656
 -1.200E+02 -1.738E+02  7.374E-03  0.1562
 -8.000E+01 -1.738E+02  7.619E-03  0.1502
 -4.000E+01 -1.738E+02  7.199E-03  0.1576
  0.000E+00 -1.738E+02  5.845E-03  0.1771
  4.000E+01 -1.738E+02  6.072E-03  0.1699
  8.000E+01 -1.738E+02  6.283E-03  0.1813
  1.200E+02 -1.738E+02  9.215E-03  0.1458
  1.600E+02 -1.738E+02  6.140E-03  0.1687
  2.000E+02 -1.738E+02  6.839E-03  0.1592
  2.400E+02 -1.738E+02  9.120E-03  0.1383
  2.800E+02 -1.738E+02  6.307E-03  0.1611
  3.200E+02 -1.738E+02  7.461E-03  0.1580
  3.600E+02 -1.738E+02  6.363E-03  0.1652
  4.000E+02 -1.738E+02  6.226E-03  0.1767
  4.400E+02 -1.738E+02  4.837E-03  0.1887
  4.800E+02 -1.738E+02  5.190E-03  0.1793
  5.200E+02 -1.738E+02  5.369E-03  0.1773
  5.600E+02 -1.738E+02  5.298E-03  0.1708
  6.000E+02 -1.738E+02  6.965E-03  0.1549
  6.400E+02 -1.738E+02  5.283E-03  0.1770
  6.800E+02 -1.738E+02  6.102E-03  0.1687
 -6.800E+02 -1.345E+02  7.976E-03  0.1616
 -6.400E+02 -1.345E+02  6.526E-03  0.1625
 -6.000E+02 -1.345E+02  6.289E-03  0.1601
 -5.600E+02 -1.345E+02  6.050E-03  0.1707
 -5.200E+02 -1.345E+02  8.087E-03  0.1460
 -4.800E+02 -1.345E+02  8.951E-03  0.1808
 -4.400E+02 -1.345E+02  7.827E-03  0.1522
 -4.000E+02 -1.345E+02  8.716E-03  0.1553
 -3.600E+02 -1.345E+02  9.810E-03  0.1302
 -3.200E+02 -1.345E+02  8.060E-03  0.1442
 -2.800E+02 -1.345E+02  7.791E-03  0.1553
 -2.400E+02 -1.345E+02  5.404E-03  0.1837
 -2.000E+02 -1.345E+02  7.885E-03  0.1790
 -1.600E+02 -1.345E+02  5.952E-03  0.1645
 -1.200E+02 -1.345E+02  6.047E-03  0.1743
 -8.000E+01 -1.345E+02  6.967E-03  0.1702
 -4.000E+01 -1.345E+02  7.299E-03  0.1567
  0.000E+00 -1.345E+02  5.683E-03  0.1734
  4.000E+01 -1.345E+02  7.214E-03  0.1574
  8.000E+01 -1.345E+02  4.584E-03  0.1989
  1.200E+02 -1.345E+02  9.879E-03  0.1397
  1.600E+02 -1.345E+02  6.432E-03  0.1666
  2.000E+02 -1.345E+02  8.500E-03  0.1472
  2.400E+02 -1.345E+02  9.836E-03  0.1376
  2.800E+02 -1.345E+02  7.020E-03  0.1587
  3.200E+02 -1.345E+02  8.037E-03  0.1469
  3.600E+02 -1.345E+02  8.600E-03  0.1424
  4.000E+02 -1.345E+02  6.030E-03  0.1656
  4.400E+02 -1.345E+02  5.841E-03  0.1718
  4.800E+02 -1.345E+02  5.191E-03  0.1828
  5.200E+02 -1.345E+02  6.068E-03  0.1665
  5.600E+02 -1.345E+02  6.839E-03  0.1629
  6.000E+02 -1.345E+02  6.709E-03  0.1650
  6.400E+02 -1.345E+02  7.253E-03  0.1599
  6.800E+02 -1.345E+02  5.767E-03  0.1697
 -6.800E+02 -9.511E+01  7.141E-03  0.1829
 -6.400E+02 -9.511E+01  8.450E-03  0.1435
 -6.000E+02 -9.511E+01  5.829E-03  0.1672
 -5.600E+02 -9.511E+01  6.841E-03  0.1598
 -5.200E+02 -9.511E+01  9.738E-03  0.1655
 -4.800E+02 -9.511E+01  9.736E-03  0.1307
 -4.400E+02 -9.511E+01  9.263E-03  0.1425
 -4.000E+02 -9.511E+01  7.622E-03  0.1534
 -3.600E+02 -9.511E+01  1.034E-02  0.1427
 -3.200E+02 -9.511E+01  8.209E-03  0.1403
 -2.800E+02 -9.511E+01  7.733E-03  0.1515
 -2.400E+02 -9.511E+01  9.072E-03  0.1678
 -2.000E+02 -9.511E+01  6.485E-03  0.1574
 -1.600E+02 -9.511E+01  6.200E-03  0.1784
 -1.200E+02 -9.511E+01  6.415E-03  0.1761
 -8.000E+01 -9.511E+01  7.098E-03  0.1626
 -4.000E+01 -9.511E+01  6.452E-03  0.1641
  0.000E+00 -9.511E+01  6.551E-03  0.1687
  4.000E+01 -9.511E+01  7.797E-03  0.1538
  8.000E+01 -9.511E+01  4.736E-03  0.1962
  1.200E+02 -9.511E+01  9.175E-03  0.1435
  1.600E+02 -9.511E+01  8.033E-03  0.1504
  2.000E+02 -9.511E+01  9.870E-03  0.1386
  2.400E+02 -9.511E+01  7.158E-03  0.1512
  2.800E+02 -9.511E+01  9.082E-03  0.1388
  3.200E+02 -9.511E+01  8.035E-03  0.1445
  3.600E+02 -9.511E+01  8.995E-03  0.1429
  4.000E+02 -9.511E+01  6.361E-03  0.1649
  4.400E+02 -9.511E+01  4.927E-03  0.1904
  4.800E+02 -9.511E+01  5.485E-03  0.1724
  5.200E+02 -9.511E+01  6.710E-03  0.1774
  5.600E+02 -9.511E+01  8.175E-03  0.1472
  6.000E+02 -9.511E+01  7.043E-03  0.1636
  6.400E+02 -9.511E+01  6.440E-03  0.1579
  6.800E+02 -9.511E+01  6.462E-03  0.1583
 -6.800E+02 -5.576E+01  7.007E-03  0.1510
 -6.400E+02 -5.576E+01  9.992E-03  0.1336
 -6.000E+02 -5.576E+01  7.886E-03  0.1460
 -5.600E+02 -5.576E+01  7.885E-03  0.1808
 -5.200E+02 -5.576E+01  8.158E-03  0.1448
 -4.800E+02 -5.576E+01  1.015E-02  0.1355
 -4.400E+02 -5.576E+01  8.369E-03  0.1491
 -4.000E+02 -5.576E+01  8.461E-03  0.1489
 -3.600E+02 -5.576E+01  9.401E-03  0.1469
 -3.200E+02 -5.576E+01  1.195E-02  0.1291
 -2.800E+02 -5.576E+01  9.160E-03  0.1572
 -2.400E+02 -5.576E+01  9.061E-03  0.1423
 -2.000E+02 -5.576E+01  8.115E-03  0.1525
 -1.600E+02 -5.576E+01  6.722E-03  0.1602
 -1.200E+02 -5.576E+01  6.565E-03  0.1623
 -8.000E+01 -5.576E+01  8.772E-03  0.1441
 -4.000E+01 -5.576E+01  5.983E-03  0.1664
  0.000E+00 -5.576E+01  7.823E-03  0.1478
  4.000E+01 -5.576E+01  6.059E-03  0.1614
  8.000E+01 -5.576E+01  8.229E-03  0.1455
  1.200E+02 -5.576E+01  8.032E-03  0.1520
  1.600E+02 -5.576E+01  7.439E-03  0.1540
  2.000E+02 -5.576E+01  9.731E-03  0.1343
  2.400E+02 -5.576E+01  7.938E-03  0.1458
  2.800E+02 -5.576E+01  9.516E-03  0.1324
  3.200E+02 -5.576E+01  8.672E-03  0.1461
  3.600E+02 -5.576E+01  7.555E-03  0.1531
  4.000E+02 -5.576E+01  7.852E-03  0.1489
  4.400E+02 -5.576E+01  6.288E-03  0.1677
  4.800E+02 -5.576E+01  4.412E-03  0.1913
  5.200E+02 -5.576E+01  6.425E-03  0.1645
  5.600E+02 -5.576E+01  9.211E-03  0.1582
  6.000E+02 -5.576E+01  7.329E-03  0.1520
  6.400E+02 -5.576E+01  6.892E-03  0.1530
  6.800E+02 -5.576E+01  7.247E-03  0.1507
 -6.800E+02 -1.641E+01  9.942E-03  0.1257
 -6.400E+02 -1.641E+01  8.625E-03  0.1381
 -6.000E+02 -1.641E+01  8.486E-03  0.1656
 -5.600E+02 -1.641E+01  7.382E-03  0.1488
 -5.200E+02 -1.641E+01  8.560E-03  0.1422
 -4.800E+02 -1.641E+01  9.438E-03  0.1419
 -4.400E+02 -1.641E+01  7.424E-03  0.1488
 -4.000E+02 -1.641E+01  1.040E-02  0.1312
 -3.600E+02 -1.641E+01  1.031E-02  0.1372
 -3.200E+02 -1.641E+01  1.289E-02  0.1283
 -2.800E+02 -1.641E+01  1.142E-02  0.1396
 -2.400E+02 -1.641E+01  7.920E-03  0.1488
 -2.000E+02 -1.641E+01  8.191E-03  0.1471
 -1.600E+02 -1.641E+01  7.564E-03  0.1505
 -1.200E+02 -1.641E+01  7.930E-03  0.1523
 -8.000E+01 -1.641E+01  7.152E-03  0.1592
 -4.000E+01 -1.641E+01  7.928E-03  0.1515
  0.000E+00 -1.641E+01  9.363E-03  0.1324
  4.000E+01 -1.641E+01  5.176E-03  0.1785
  8.000E+01 -1.641E+01  9.776E-03  0.1372
  1.200E+02 -1.641E+01  8.315E-03  0.1512
  1.600E+02 -1.641E+01  7.066E-03  0.1624
  2.000E+02 -1.641E+01  8.657E-03  0.1425
  2.400E+02 -1.641E+01  8.126E-03  0.1424
  2.800E+02 -1.641E+01  1.019E-02  0.1295
  3.200E+02 -1.641E+01  8.249E-03  0.1422
  3.600E+02 -1.641E+01  8.669E-03  0.1471
  4.000E+02 -1.641E+01  7.280E-03  0.1524
  4.400E+02 -1.641E+01  5.528E-03  0.1746
  4.800E+02 -1.641E+01  4.761E-03  0.1828
  5.200E+02 -1.641E+01  7.897E-03  0.1523
  5.600E+02 -1.641E+01  8.256E-03  0.1512
  6.000E+02 -1.641E+01  7.642E-03  0.1505
  6.400E+02 -1.641E+01  6.778E-03  0.1564
  6.800E+02 -1.641E+01  7.016E-03  0.1510
 -6.800E+02  2.293E+01  9.664E-03  0.1342
 -6.400E+02  2.293E+01  1.013E-02  0.1442
 -6.000E+02  2.293E+01  8.112E-03  0.1495
 -5.600E+02  2.293E+01  6.438E-03  0.1606
 -5.200E+02  2.293E+01  8.842E-03  0.1376
 -4.800E+02  2.293E+01  8.782E-03  0.1470
 -4.400E+02  2.293E+01  8.170E-03  0.1425
 -4.000E+02  2.293E+01  1.087E-02  0.1316
 -3.600E+02  2.293E+01  1.052E-02  0.1429
 -3.200E+02  2.293E+01  1.057E-02  0.1281
 -2.800E+02  2.293E+01  9.002E-03  0.1369
 -2.400E+02  2.293E+01  8.605E-03  0.1488
 -2.000E+02  2.293E+01  9.833E-03  0.1436
 -1.600E+02  2.293E+01  8.343E-03  0.1547
 -1.200E+02  2.293E+01  6.855E-03  0.1612
 -8.000E+01  2.293E+01  7.978E-03  0.1497
 -4.000E+01  2.293E+01  8.740E-03  0.1428
  0.000E+00  2.293E+01  8.431E-03  0.1392
  4.000E+01  2.293E+01  7.151E-03  0.1585
  8.000E+01  2.293E+01  8.726E-03  0.1433
  1.200E+02  2.293E+01  9.101E-03  0.1417
  1.600E+02  2.293E+01  8.936E-03  0.1389
  2.000E+02  2.293E+01  7.797E-03  0.1482
  2.400E+02  2.293E+01  8.061E-03  0.1432
  2.800E+02  2.293E+01  8.982E-03  0.1340
  3.200E+02  2.293E+01  9.013E-03  0.1379
  3.600E+02  2.293E+01  8.647E-03  0.1452
  4.000E+02  2.293E+01  7.146E-03  0.1534
  4.400E+02  2.293E+01  5.284E-03  0.1739
  4.800E+02  2.293E+01  5.727E-03  0.1741
  5.200E+02  2.293E+01  7.052E-03  0.1564
  5.600E+02  2.293E+01  9.173E-03  0.1423
  6.000E+02  2.293E+01  7.392E-03  0.1573
  6.400E+02  2.293E+01  5.478E-03  0.1867
  6.800E+02  2.293E+01  6.943E-03  0.1585
 -6.800E+02  6.228E+01  9.336E-03  0.1434
 -6.400E+02  6.228E+01  8.322E-03  0.1540
 -6.000E+02  6.228E+01  6.311E-03  0.1599
 -5.600E+02  6.228E+01  6.992E-03  0.1549
 -5.200E+02  6.228E+01  7.880E-03  0.1432
 -4.800E+02  6.228E+01  9.057E-03  0.1408
 -4.400E+02  6.228E+01  9.339E-03  0.1400
 -4.000E+02  6.228E+01  1.033E-02  0.1366
 -3.600E+02  6.228E+01  1.044E-02  0.1259
 -3.200E+02  6.228E+01  1.027E-02  0.1326
 -2.800E+02  6.228E+01  9.631E-03  0.1400
 -2.400E+02  6.228E+01  8.106E-03  0.1467
 -2.000E+02  6.228E+01  8.630E-03  0.1415
 -1.600E+02  6.228E+01  8.033E-03  0.1512
 -1.200E+02  6.228E+01  5.826E-03  0.1637
 -8.000E+01  6.228E+01  7.821E-03  0.1583
 -4.000E+01  6.228E+01  9.804E-03  0.1438
  0.000E+00  6.228E+01  9.520E-03  0.1447
  4.000E+01  6.228E+01  6.059E-03  0.1634
  8.000E+01  6.228E+01  8.106E-03  0.1454
  1.200E+02  6.228E+01  1.009E-02  0.1395
  1.600E+02  6.228E+01  1.082E-02  0.1264
  2.000E+02  6.228E+01  8.859E-03  0.1374
  2.400E+02  6.228E+01  7.636E-03  0.1505
  2.800E+02  6.228E+01  8.120E-03  0.1449
  3.200E+02  6.228E+01  9.524E-03  0.1368
  3.600E+02  6.228E+01  8.852E-03  0.1410
  4.000E+02  6.228E+01  7.456E-03  0.1599
  4.400E+02  6.228E+01  5.519E-03  0.1751
  4.800E+02  6.228E+01  5.338E-03  0.1797
  5.200E+02  6.228E+01  7.673E-03  0.1494
  5.600E+02  6.228E+01  8.026E-03  0.1492
  6.000E+02  6.228E+01  5.827E-03  0.1749
  6.400E+02  6.228E+01  6.477E-03  0.1741
  6.800E+02  6.228E+01  6.474E-03  0.1647
 -6.800E+02  1.016E+02  8.956E-03  0.1499
 -6.400E+02  1.016E+02  7.736E-03  0.1482
 -6.000E+02  1.016E+02  4.604E-03  0.1889
 -5.600E+02  1.016E+02  7.524E-03  0.1487
 -5.200E+02  1.016E+02  9.059E-03  0.1423
 -4.800E+02  1.016E+02  8.990E-03  0.1406
 -4.400E+02  1.016E+02  9.362E-03  0.1447
 -4.000E+02  1.016E+02  8.563E-03  0.1387
 -3.600E+02  1.016E+02  9.893E-03  0.1340
 -3.200E+02  1.016E+02  1.169E-02  0.1286
 -2.800E+02  1.016E+02  8.756E-03  0.1470
 -2.400E+02  1.016E+02  8.663E-03  0.1369
 -2.000E+02  1.016E+02  9.701E-03  0.1405
 -1.600E+02  1.016E+02  6.857E-03  0.1556
 -1.200E+02  1.016E+02  7.245E-03  0.1543
 -8.000E+01  1.016E+02  5.877E-03  0.1663
 -4.000E+01  1.016E+02  8.191E-03  0.1563
  0.000E+00  1.016E+02  9.487E-03  0.1377
  4.000E+01  1.016E+02  7.861E-03  0.1565
  8.000E+01  1.016E+02  1.024E-02  0.1367
  1.200E+02  1.016E+02  9.609E-03  0.1415
  1.600E+02  1.016E+02  1.016E-02  0.1335
  2.000E+02  1.016E+02  9.980E-03  0.1338
  2.400E+02  1.016E+02  8.167E-03  0.1392
  2.800E+02  1.016E+02  7.960E-03  0.1460
  3.200E+02  1.016E+02  8.844E-03  0.1411
  3.600E+02  1.016E+02  9.030E-03  0.1383
  4.000E+02  1.016E+02  7.293E-03  0.1558
  4.400E+02  1.016E+02  5.536E-03  0.1738
  4.800E+02  1.016E+02  6.203E-03  0.1680
  5.200E+02  1.016E+02  6.750E-03  0.1581
  5.600E+02  1.016E+02  7.805E-03  0.1543
  6.000E+02  1.016E+02  5.230E-03  0.1737
  6.400E+02  1.016E+02  6.742E-03  0.1729
  6.800E+02  1.016E+02  6.347E-03  0.1610
 -6.800E+02  1.410E+02  8.187E-03  0.1472
 -6.400E+02  1.410E+02  7.303E-03  0.1503
 -6.000E+02  1.410E+02  4.596E-03  0.1792
 -5.600E+02  1.410E+02  7.626E-03  0.1497
 -5.200E+02  1.410E+02  8.078E-03  0.1433
 -4.800E+02  1.410E+02  9.076E-03  0.1389
 -4.400E+02  1.410E+02  9.638E-03  0.1382
 -4.000E+02  1.410E+02  9.484E-03  0.1336
 -3.600E+02  1.410E+02  1.022E-02  0.1326
 -3.200E+02  1.410E+02  9.569E-03  0.1370
 -2.800E+02  1.410E+02  8.639E-03  0.1381
 -2.400E+02  1.410E+02  1.042E-02  0.1277
 -2.000E+02  1.410E+02  7.305E-03  0.1473
 -1.600E+02  1.410E+02  7.067E-03  0.1545
 -1.200E+02  1.410E+02  7.612E-03  0.1522
 -8.000E+01  1.410E+02  6.705E-03  0.1829
 -4.000E+01  1.410E+02  8.018E-03  0.1477
  0.000E+00  1.410E+02  8.984E-03  0.1376
  4.000E+01  1.410E+02  9.853E-03  0.1331
  8.000E+01  1.410E+02  9.727E-03  0.1327
  1.200E+02  1.410E+02  8.960E-03  0.1415
  1.600E+02  1.410E+02  8.551E-03  0.1459
  2.000E+02  1.410E+02  1.014E-02  0.1365
  2.400E+02  1.410E+02  7.559E-03  0.1483
  2.800E+02  1.410E+02  9.106E-03  0.1393
  3.200E+02  1.410E+02  8.932E-03  0.1439
  3.600E+02  1.410E+02  9.346E-03  0.1374
  4.000E+02  1.410E+02  4.777E-03  0.1858
  4.400E+02  1.410E+02  6.243E-03  0.1718
  4.800E+02  1.410E+02  7.288E-03  0.1554
  5.200E+02  1.410E+02  6.803E-03  0.1591
  5.600E+02  1.410E+02  6.427E-03  0.1627
  6.000E+02  1.410E+02  6.116E-03  0.1651
  6.400E+02  1.410E+02  5.615E-03  0.1861
  6.800E+02  1.410E+02  9.081E-03  0.1426
 -6.800E+02  1.803E+02  8.379E-03  0.1463
 -6.400E+02  1.803E+02  6.703E-03  0.1479
 -6.000E+02  1.803E+02  7.696E-03  0.1507
 -5.600E+02  1.803E+02  6.045E-03  0.1635
 -5.200E+02  1.803E+02  8.450E-03  0.1400
 -4.800E+02  1.803E+02  7.897E-03  0.1444
 -4.400E+02  1.803E+02  1.020E-02  0.1324
 -4.000E+02  1.803E+02  9.631E-03  0.1388
 -3.600E+02  1.803E+02  8.717E-03  0.1378
 -3.200E+02  1.803E+02  1.002E-02  0.1357
 -2.800E+02  1.803E+02  1.017E-02  0.1339
 -2.400E+02  1.803E+02  9.658E-03  0.1339
 -2.000E+02  1.803E+02  7.552E-03  0.1481
 -1.600E+02  1.803E+02  7.096E-03  0.1535
 -1.200E+02  1.803E+02  7.150E-03  0.1661
 -8.000E+01  1.803E+02  7.228E-03  0.1594
 -4.000E+01  1.803E+02  8.039E-03  0.1449
  0.000E+00  1.803E+02  8.746E-03  0.1416
  4.000E+01  1.803E+02  8.322E-03  0.1393
  8.000E+01  1.803E+02  8.713E-03  0.1428
  1.200E+02  1.803E+02  8.766E-03  0.1468
  1.600E+02  1.803E+02  7.831E-03  0.1500
  2.000E+02  1.803E+02  1.117E-02  0.1261
  2.400E+02  1.803E+02  6.701E-03  0.1502
  2.800E+02  1.803E+02  8.870E-03  0.1353
  3.200E+02  1.803E+02  9.625E-03  0.1360
  3.600E+02  1.803E+02  7.046E-03  0.1662
  4.000E+02  1.803E+02  7.074E-03  0.1615
  4.400E+02  1.803E+02  6.381E-03  0.1598
  4.800E+02  1.803E+02  8.150E-03  0.1423
  5.200E+02  1.803E+02  6.455E-03  0.1672
  5.600E+02  1.803E+02  5.388E-03  0.1774
  6.000E+02  1.803E+02  6.683E-03  0.1556
  6.400E+02  1.803E+02  6.744E-03  0.1652
  6.800E+02  1.803E+02  6.533E-03  0.1558

# Information for Restart Calculation
# This calculation was newly started
# istdev =  2 # 1:Batch variance, 2:History variance
# resc2  = 7.82832684142561325E-02 # Total source weight or Total source weight / maxcas
# resc3  = 5.00000000000000000E+03 # Total history number or Total batch number
# maxcas =        5000 # History / Batch, only used for istdev=1
# bitrseed = 0001100010011110100111101011100011100011001000001100010101100000 # bit data of rseed
