channel,counts_D1_20260818_1552_kanri2f,counts_D1_20260818_1730_linac,counts_d1_20260819_1520_kanri2f,counts_D1_20260819_0832_kanri2f,counts_D1_20260819_1344_kanri1f,counts_D1_20260819_1530_ground,counts_D1_20260819_1854_hoshasenBT,counts_d2_20260819_1859_hoshasenBT,counts_D1_20260820_0807_PF,counts_D1_20260820_1939_KEKB,counts_d2_20260820_1939_KEKB,counts_D2_20260821_080728_linac,counts_d2_20260821_080725_linac,counts_D2_20260821_170217_linacIRON,counts_d2_20260821_170219_linacIRON,counts_D2_20260822_115234_PF,counts_d2_20260822_155046_ground,counts_D2_20260822_155048_ground,counts_D1_20260822_1633__kanri_30cm,counts_D1_20260822_1644__kanri2_80cm,counts_D1_20260822_1650__kanri_gain500,counts_D1_20260822_1653__kanri_gain750_corse_gain_200_100,counts_D1_20260822_1653__kanri_corse_gain100_Gain_750,counts_d1_20260822_1702__kanri_80cm,counts_d1_20260822_1705__kanri_30cm,counts_D2_20260822_1720__kanri,counts_d2_20260822_1729__kanri,counts_d2_20260823_0834_Linac3,counts_D2_20260823_0835_Linac3,counts_d1_20260823_1509_Linac3,counts_D1_20260823_1510_Linac3,counts_D1_20260823_1510_PS,counts_d1_20260823_1509_PS,counts_d1_20260823_1509_linac_testhole_error,counts_d1_20260823_1509_linac_testhole,counts_d1_20260825_1439_linac_testhole,counts_D1_20260823_1510_linac_testhole,counts_D1_20260823_1510_linac_testhole_error,counts_D2_20260824_1440_linac_testhole,cps_D1_20260818_1552_kanri2f,cps_D1_20260818_1730_linac,cps_d1_20260819_1520_kanri2f,cps_D1_20260819_0832_kanri2f,cps_D1_20260819_1344_kanri1f,cps_D1_20260819_1530_ground,cps_D1_20260819_1854_hoshasenBT,cps_d2_20260819_1859_hoshasenBT,cps_D1_20260820_0807_PF,cps_D1_20260820_1939_KEKB,cps_d2_20260820_1939_KEKB,cps_D2_20260821_080728_linac,cps_d2_20260821_080725_linac,cps_D2_20260821_170217_linacIRON,cps_d2_20260821_170219_linacIRON,cps_D2_20260822_115234_PF,cps_d2_20260822_155046_ground,cps_D2_20260822_155048_ground,cps_D1_20260822_1633__kanri_30cm,cps_D1_20260822_1644__kanri2_80cm,cps_D1_20260822_1650__kanri_gain500,cps_D1_20260822_1653__kanri_gain750_corse_gain_200_100,cps_D1_20260822_1653__kanri_corse_gain100_Gain_750,cps_d1_20260822_1702__kanri_80cm,cps_d1_20260822_1705__kanri_30cm,cps_D2_20260822_1720__kanri,cps_d2_20260822_1729__kanri,cps_d2_20260823_0834_Linac3,cps_D2_20260823_0835_Linac3,cps_d1_20260823_1509_Linac3,cps_D1_20260823_1510_Linac3,cps_D1_20260823_1510_PS,cps_d1_20260823_1509_PS,cps_d1_20260823_1509_linac_testhole_error,cps_d1_20260823_1509_linac_testhole,cps_d1_20260825_1439_linac_testhole,cps_D1_20260823_1510_linac_testhole,cps_D1_20260823_1510_linac_testhole_error,cps_D2_20260824_1440_linac_testhole
0,43020,147072,0,1719691,555620,100203,314400,0,1048485,1013126,0,1325472,0,1212259,0,1506262,0,243201,247179,145152,191117,203578,105555,0,0,55059,0,0,3696608,0,1979246,3878850,0,0,0,0,576482,574851,576482,32.21588688045075,34.943229606708094,0.0,32.91465388654485,31.781808463952853,21.10401884730436,32.80514339572676,0.0,22.94134879862741,25.972608996341446,0.0,31.130812181411798,0.0,39.27810982794031,0.0,23.96676461152296,0.0,19.76929361726756,8799.537201851193,2878.001387925052,3104.110834998132,3401.413510217039,3211.67772165764,0.0,0.0,364.9651003241395,0.0,0.0,72.10547451915939,0.0,85.22894282137243,49.37292245275987,0.0,0.0,0.0,0.0,28.48395176896299,28.486391818847377,28.48395176896299
1,3,15,0,151,46,8,29,0,240,108,0,153,0,126,0,147,0,22,2432,416,657,921,407,0,0,41,0,0,643,0,398,536,0,0,0,0,94,94,94,0.002246575096265743,0.003563890095331684,0.0,0.0028901196417660336,0.0026312285183071726,0.0016849011584327302,0.0030259197152546946,0.0,0.005251313763831222,0.0027686998177964797,0.0,0.0035934476652513254,0.0,0.004082495438945373,0.0,0.0023389784764495654,0.0,0.0017883333521650255,86.57885368458527,8.248240309309011,10.670954538810115,15.388214064927904,12.38361832897219,0.0,0.0,0.2717733542797675,0.0,0.0,0.012542260395427236,0.0,0.017138404848566692,0.006822611453054202,0.0,0.0,0.0,0.0,0.004644536110897688,0.004658112851802734,0.004644536110897688
2,2,11,0,79,22,7,8,0,365,49,0,108,0,88,0,130,0,20,2099,438,702,708,378,0,0,16,0,0,449,0,278,377,0,0,0,0,72,72,72,0.0014977167308438287,0.002613519403243235,0.0,0.0015120493490034216,0.001258413639190387,0.001474288513628639,0.0008347364731737089,0.0,0.00798637301582665,0.0012561693617780324,0.0,0.002536551293118583,0.0,0.002851266655771372,0.0,0.0020684843669281873,0.0,0.001625757592877296,74.72410110359559,8.6844453256667,11.40184183598889,11.829376284439691,11.501247489807096,0.0,0.0,0.10605789435308,0.0,0.0,0.00875812584377423,0.0,0.011971046602767689,0.004798739772017601,0.0,0.0,0.0,0.0,0.0035575170211131226,0.0035679162269127325,0.0035575170211131226
3,2,6,0,72,15,6,12,0,123,36,0,87,0,66,0,92,0,11,1856,426,668,586,324,0,0,25,0,0,323,0,190,285,0,0,0,0,44,44,44,0.0014977167308438287,0.0014255560381326736,0.0,0.001378070292762612,0.0008580092994479911,0.0012636758688245476,0.0012521047097605632,0.0,0.002691298303963501,0.0009228999392654932,0.0,0.002043332986123303,0.0,0.002138449991828529,0.0,0.001463850475056871,0.0,0.0008941666760825127,66.07333570665718,8.446515316744325,10.849615878120483,9.790980935991044,9.858212134120368,0.0,0.0,0.1657154599266875,0.0,0.0,0.006300388970020214,0.0,0.00818165055584842,0.0036276945226127754,0.0,0.0,0.0,0.0,0.0021740381795691305,0.002180393249780003,0.0021740381795691305
4,3,3,0,36,13,4,7,0,49,33,0,59,0,62,0,93,0,11,1657,487,567,494,272,0,0,17,0,0,242,0,140,223,0,0,0,0,39,39,39,0.002246575096265743,0.0007127780190663368,0.0,0.000689035146381306,0.0007436080595215923,0.0008424505792163651,0.0007303944140269952,0.0,0.0010721432267822078,0.0008459916109933688,0.0,0.001385708576796263,0.0,0.0020088469620207394,0.0,0.001479761893264011,0.0,0.0008941666760825127,58.98896404414382,9.655992862099732,9.209179944452565,8.253830345357638,8.27602993975537,0.0,0.0,0.11268651275014749,0.0,0.0,0.004720415265464061,0.0,0.006028584620098836,0.00283851185453561,0.0,0.0,0.0,0.0,0.0019269883864362746,0.00193262128957773,0.0019269883864362746
5,4593,14682,0,180156,59628,12730,20753,0,73,67614,0,89159,0,64270,0,118981,0,20815,1652,515,607,509,274,0,0,665,0,0,184628,0,96098,204541,0,0,0,0,41784,41649,41784,3.4395064723828526,3.4883356253106523,0.0,3.4481615508741825,3.410758567165654,2.681098968356082,2.1654107534717473,0.0,0.00159727460316533,1.7333599025971405,0.0,2.094040525399627,0.0,2.08239668143666,0.0,1.8931564497037128,0.0,1.6920072147870455,58.810964756140976,10.211162882918607,9.85885754194481,8.504452724265258,8.3368831010771,0.0,0.0,4.408031234049887,0.0,0.0,3.6013257422813996,0.0,4.138106605873271,2.6035518082447004,0.0,0.0,0.0,0.0,2.0645457112526486,2.0638908740928943,2.0645457112526486
6,6424,19594,0,251265,81168,17774,35030,0,52,109870,0,142338,0,99043,0,184750,0,34269,1521,518,507,522,268,0,0,930,0,0,290299,0,159264,332015,0,0,0,0,67660,67473,67660,4.810666139470378,4.655390835195268,0.0,4.809178223763857,4.6428599211729695,3.7434291487479183,3.6551023319093776,0.0,0.0011377846488300981,2.816639342419437,0.0,3.343033684814008,0.0,3.2090682203132275,0.0,2.939634513769097,0.0,2.7856543475156026,54.14738341046636,10.270645385149201,8.234663548214199,8.721658785985197,8.15432361711191,0.0,0.0,6.164615109272774,0.0,0.0,5.662528227888229,0.0,6.858117863824436,4.226136831316774,0.0,0.0,0.0,0.0,3.343077800673804,3.3435834941455944,3.343077800673804
7,4882,15401,0,195488,62215,13441,34750,0,37,108814,0,139851,0,100763,0,172840,0,34608,1482,511,471,532,289,0,0,824,0,0,291490,0,163036,336762,0,0,0,0,65640,65464,65640,3.655926539989786,3.659164757213551,0.0,3.74161396377191,3.558736571010451,2.830844558811791,3.6258865553482975,0.0,0.0008095775385906467,2.7895676108676493,0.0,3.284622545314138,0.0,3.264797523130577,0.0,2.7501295229220606,0.0,2.8132109387148727,52.75898896404414,10.131852879944482,7.649953710471179,8.88874037192361,8.79328181099008,0.0,0.0,5.46198155918362,0.0,0.0,5.685759693099666,0.0,7.020545158017384,4.286560220435521,0.0,0.0,0.0,0.0,3.24326968424813,3.244028720536321,3.24326968424813
8,3296,10912,0,132975,42414,8446,27291,0,129497,85970,0,109519,0,85971,0,130602,0,25142,1458,478,463,570,302,0,0,640,0,0,246128,0,137961,278929,0,0,0,0,49689,49555,49689,2.4682371724306296,2.592611248017289,0.0,2.545123571945949,2.4261070951191397,1.778834398015355,2.847599136172961,0.0,2.8334557436452155,2.203936327184846,0.0,2.5722274173245747,0.0,2.7855255189013706,0.0,2.0780630406888854,0.0,2.0437398700060485,51.90459238163047,9.477545355407951,7.5200181909727295,9.523650398489583,9.18882735958133,0.0,0.0,4.2423157741232,0.0,0.0,4.800935406851812,0.0,5.940782591238968,3.550418264904768,0.0,0.0,0.0,0.0,2.455131434195694,2.4556678975647284,2.455131434195694
9,2400,8267,0,95796,30896,5667,19926,0,55026,63851,0,81403,0,69228,0,93738,0,17105,1394,435,478,528,295,0,0,557,0,0,201735,0,113592,222103,0,0,0,0,35769,35671,35769,1.7972600770125944,1.9641786278738023,0.0,1.8335225245206555,1.7672703543830088,1.1935418581047852,2.0791198705574154,0.0,1.2039949632024034,1.6368912228344723,0.0,1.911878564016037,0.0,2.2430396368834153,0.0,1.49150451990088,0.0,1.3904291813083072,49.62620149519402,8.624962823436105,7.7636472900323215,8.821907737548244,8.975841294955273,0.0,0.0,3.6921404471665973,0.0,0.0,3.935012287514018,0.0,4.891421315473336,2.8270941633539133,0.0,0.0,0.0,0.0,1.7673448101138234,1.7676547184750566,1.7673448101138234
10,1908,7067,15001,76821,24850,4180,15136,1533,86168,48739,7180,63138,7411,57326,6155,71056,1268,11690,1378,413,545,569,277,117,336,533,107,26729,170568,16395,94592,181222,21705,2,3752,3768,27026,26943,27026,1.4288217612250125,1.6790674202472675,0.19525891669478315,1.4703435827821754,1.4214354060855052,0.8803608552811015,1.579321407244657,0.16068384023686874,1.8853966850075363,1.2494783372183575,0.1839238325812565,1.4828960698603804,0.17688580170535956,1.8574058216903373,0.2045745868972686,1.130601732126533,0.10475158302525381,0.9502553130367795,49.056603773584904,8.188757807078417,8.85185726583183,9.506942239895741,8.428162843059697,1.859711029516952,4.979991107158737,3.5330536056369772,0.5506919676172537,0.5202338847292194,3.3270735165275784,0.7040635265848504,4.073256259888494,2.30673002377871,0.2822762507159322,0.07298470970331716,0.19775900882678785,0.1986023308260492,1.3353535418417117,1.3351439847459687,1.3353535418417117
11,1696,6189,19841,65141,21423,3451,12622,1947,72636,40505,10074,53098,10081,50504,8496,59304,1682,9188,1339,386,529,516,247,108,345,533,126,36629,150979,21947,82980,157504,29257,6,4954,4970,22403,22349,22403,1.2700637877555667,1.470461053333853,0.2582582605253778,1.246789957511796,1.2254088814716209,0.726824237218919,1.317005470549819,0.20407791059437927,1.5893101106235192,1.0383906122208,0.25805692053253176,1.2470907459445417,0.2406133810540723,1.636367854353152,0.2823827279088861,0.9436107453562247,0.1389528096596821,0.7468730381678297,47.66820932716269,7.653415287003073,8.591986226834933,8.621409834422149,7.515365423233737,1.716656334938725,5.113383726100489,3.5330536056369772,0.6484783917735885,0.7129203099160678,2.9449734560516467,0.9424874789849169,3.57322822697001,2.004829466981062,0.38049095909679925,0.21895412910995146,0.26111357402129715,0.2619568960205585,1.1069313031110735,1.1074911077121201,1.1069313031110735
12,1435,5350,17558,57061,18771,2998,11239,1791,33595,35734,9071,46834,9104,45335,7731,51109,1460,7883,1314,364,526,488,261,70,179,676,132,33505,136494,19876,74443,140935,26866,1,4379,4395,19686,19634,19686,1.074611754380447,1.2711208006683006,0.22854183449950022,1.0921398468795473,1.073712837329216,0.6314167091226657,1.1727004027499142,0.18772652176401297,0.7350745245662912,0.9160807341586982,0.2323639394630331,1.099970770943664,0.2172943379740377,1.468888339084036,0.2569563170272597,0.8132166731487133,0.12061302146440896,0.6407923552325862,46.77821288714845,7.217210270645385,8.543260407023014,8.15358139379459,7.941337552485852,1.1126476244973218,2.6530309767303986,4.48094603641763,0.6793583151913783,0.6521170379682178,2.6624312448109566,0.8535508785849641,3.205613749100126,1.7939267633137947,0.3493957038347954,0.03649235485165858,0.2308066896728422,0.23165001167210356,0.9726844455226796,0.972950933322286,0.9726844455226796
13,1255,4888,15551,50590,16688,2588,9632,1683,60627,31790,8222,42373,8440,41709,7255,46413,1269,6791,1273,365,484,456,210,60,124,433,118,30795,125531,18281,67466,128864,24105,1,4006,4022,17727,17676,17727,0.9398172486045024,1.1613529857320848,0.2024179330391689,0.9682857793175076,0.9545639459458717,0.5450655247529882,1.0050227137011454,0.17640632949683632,1.3265474981658145,0.8149719185902785,0.21061584282494303,0.995197110586238,0.201445981162223,1.3514031925632746,0.24113543914535882,0.7384966532479843,0.10483419468379107,0.5520259906614858,45.3186187255251,7.237037771388916,7.8610989296561575,7.618920318791666,6.38958193878172,0.9536979638548472,1.8378538609752484,2.8701917659302274,0.6073051605498685,0.599371561982727,2.448588630946153,0.7850555248244984,2.905174928425629,1.640277989340255,0.3134885521081569,0.03649235485165858,0.21114674556506186,0.2119900675643232,0.8758903365732267,0.8759234337070758,0.8758903365732267
14,1138,4396,14096,45286,15200,2217,8796,1537,35220,28710,7536,39084,7683,38108,6668,41889,1183,6078,1354,351,446,493,227,42,111,410,106,28745,116958,16920,62846,119648,21833,2,3572,3588,16117,16072,16117,0.8522008198501385,1.0444573906052055,0.18347908070993024,0.8667679344173285,0.8694494234406309,0.46692823353067037,0.9177927522544929,0.16110310661713453,0.7706302948422318,0.7360127015642308,0.19304317581230487,0.9179497290763582,0.18337789967646437,1.234728064978812,0.22162523890024158,0.6665133972788834,0.09772959204958616,0.4940677324754102,48.20220719117123,6.959452760979478,7.243905212038525,8.237122186763797,6.906833810016431,0.6675885746983931,1.64517563361494,2.7177335427976748,0.5455453137142887,0.5594718476763594,2.281364994289858,0.7266090192019317,2.7062316359623675,1.5229698043563977,0.2839409067901842,0.07298470970331716,0.18827163633509758,0.18911495833435893,0.7963403031844472,0.7964381888741866,0.7963403031844472
15,968,4023,12537,41462,13736,2030,7856,1379,26543,26279,6838,35515,6927,35715,6219,38344,998,5312,1306,344,366,502,189,42,90,372,112,26921,109335,15735,57560,111816,20406,3,3333,3349,14757,14705,14757,0.7248948977284131,0.9558353235679576,0.16318652347193496,0.793577089979492,0.785707715814507,0.4275436689523053,0.8197112166565821,0.14454208459663534,0.5807734218057171,0.673691319554386,0.1751631152076089,0.834126103473208,0.16533368619795247,1.1571930523963017,0.2067017637553393,0.6101074197345724,0.08244643522019188,0.43180121666820975,46.49341402634389,6.820660255774759,5.944550017054037,8.387495614108369,5.750623744903548,0.6675885746983931,1.333926189417519,2.46584604370911,0.5764252371320786,0.5239708335813279,2.1326719134277403,0.6757206215805197,2.4786095052349215,1.4232782131244563,0.26538259258739055,0.10947706455497573,0.1756745139711311,0.17651783597039244,0.7291427594523104,0.7286973349548851,0.7291427594523104
16,946,3746,11613,37508,12714,1921,7397,1311,51108,24306,6503,33146,6446,33304,5801,35331,958,4754,1277,354,322,509,190,38,64,392,99,25121,102399,14470,53618,104694,18717,2,3154,3170,13491,13453,13491,0.7084200136891309,0.8900221531408326,0.1511593760133669,0.7178980630686119,0.7272486822121172,0.4045868906686593,0.7718182115082405,0.1374145561321167,1.1182672660078588,0.6231112756607522,0.1665817107626617,0.778486381126931,0.1538531747122855,1.0790748261796566,0.192808639901065,0.5621663166764599,0.07914196887870122,0.3864425798269332,45.46101815592738,7.018935263210072,5.229904659812568,8.504452724265258,5.781050325564413,0.6040087104414033,0.9485697346969023,2.59841841165046,0.5095187363935337,0.48893693809281,1.997379350282043,0.6213967203222193,2.308861786860424,1.3326240363172699,0.24341693548261242,0.07298470970331716,0.16623984910439468,0.16708317110365603,0.6665897518310714,0.6666552361202359,0.6665897518310714
17,849,3551,10539,34985,11430,1705,6888,1193,18597,22470,5984,30934,6077,31927,5389,32395,903,4417,1214,335,310,481,161,27,67,377,126,23888,97733,13624,50084,98196,17488,3,2828,2844,12506,12474,12506,0.6357807522432053,0.8436915819015207,0.13717976955178454,0.6696081832263887,0.6538030861793692,0.3590945593909756,0.7187081034025633,0.12504619791427554,0.4069111752748718,0.576043378758212,0.1532869379061614,0.7265340527900949,0.1450458800382499,1.0344589831683249,0.17911493887723484,0.5154503928202971,0.07459832765915157,0.35904856438695076,43.218227127091495,6.642212749082978,5.0350013805648945,8.0366242836377,4.898679486399319,0.42916408373468123,0.9930339410108197,2.4989891356944476,0.6484783917735885,0.46493871968317524,1.9063650625603268,0.5850662693621227,2.1566830865216438,1.2499126012016986,0.22743363614467735,0.10947706455497573,0.14905716336944455,0.14990048536870593,0.6179209425838987,0.6181414863126309,0.6179209425838987
18,789,3237,9852,31807,10601,1578,6206,1132,29487,20495,5819,28565,5690,29977,4937,30202,854,4060,1161,330,258,465,172,23,59,403,121,22252,92328,12448,46874,92031,16226,2,2655,2671,11584,11560,11584,0.5908492503178904,0.7690874825725774,0.12823750731797906,0.6087816916930612,0.6063837722298769,0.332346753500856,0.6475468190645046,0.11865238561522205,0.6451895373087135,0.52541206264573,0.1490602760153665,0.6708943304438177,0.13580896123377356,0.9712775061370275,0.16409175231711048,0.48055665269203934,0.07055035639082552,0.3300287913540911,41.3314346742613,6.543075245365322,4.190420503824977,7.769293746136238,5.233371873668837,0.36558421947769143,0.8744627241737069,2.6713332140182025,0.6227451222587636,0.4330968013391668,1.8009359530155613,0.5345643658998608,2.0184562534465202,1.1714398407388642,0.2110211676625992,0.07298470970331716,0.13993874425243116,0.1407820662516925,0.5723649607302002,0.5728487719876554,0.5723649607302002
19,781,2946,9176,30115,10034,1555,5872,1041,31411,19319,5389,27349,5430,28747,4746,28609,760,3719,1184,317,279,507,159,25,51,400,112,21037,88047,11938,44695,88638,15297,1,2413,2429,11076,11044,11076,0.584858383394515,0.6999480147231427,0.11943842541106128,0.5763970398131397,0.5739510207107428,0.32750266267036193,0.6126965713095023,0.10911407546417505,0.6872875693154271,0.4952639979630573,0.13804533896662832,0.6423346418101863,0.12960327934962926,0.9314245744711322,0.15774345888130573,0.45520976348806547,0.06278486048832248,0.30230962439553316,42.15023139907441,6.285317735699415,4.531501242508405,8.471036407077577,4.837826325077588,0.39737415160618633,0.755891507336594,2.651447358827,0.5764252371320786,0.40944892188441717,1.717431416852538,0.5126630302146962,1.9246256399665533,1.1282511827907058,0.19893940599869223,0.03649235485165858,0.12718349901360315,0.1280268210128645,0.547264701747902,0.5472787056947808,0.547264701747902
20,712,2827,8512,28290,9280,1412,5535,996,15831,18262,5116,25894,4989,27335,4527,26940,680,3509,1168,277,283,496,176,35,62,342,118,20093,84428,11400,42138,84270,14248,3,2250,2266,10394,10364,10394,0.533187156180403,0.6716744866335114,0.11079554022438466,0.541466785864643,0.5308217532584905,0.2973850544633769,0.5775332973770598,0.10439732868618477,0.34638978414671695,0.46816663030184547,0.13105213474731311,0.6081616591112277,0.11907748815383064,0.8856747049489825,0.15046452557009501,0.42865360650034895,0.05617592780534116,0.28523916967032154,41.58063367746529,5.492217705958164,4.5964690022576296,8.287246662545321,5.355078196312299,0.5563238122486609,0.9189269304876242,2.2669874917970847,0.6073051605498685,0.3910755900282167,1.6468397522008253,0.4895592682566206,1.8145178480123196,1.0726519909493986,0.185297029265174,0.10947706455497573,0.1185921561461281,0.11943547814538945,0.5135671099645805,0.5135817191072717,0.5135671099645805
21,652,2579,8173,26038,8681,1276,5308,971,31834,17245,4864,24432,4660,26124,4284,25820,640,3207,1137,265,284,520,188,29,45,345,108,19241,80191,10370,39854,80765,13702,4,2131,2147,9908,9876,9908,0.4882556542550881,0.6127515037240275,0.10638298287757235,0.4983638094854569,0.49655858190053404,0.2687417347700205,0.5538476499507557,0.10177691380952351,0.6965430098241796,0.4420947070175953,0.1245968693140991,0.5738242703099372,0.11122491376966341,0.8464373876746741,0.14238790093710782,0.41083281810835226,0.0528714614638505,0.2606902300178744,40.47703809184763,5.254287697035789,4.612710942194935,8.688242468797513,5.720197164242682,0.46095401586317614,0.6669630947087595,2.2868733469882874,0.5558386215202187,0.3744928794969849,1.5641934733587954,0.44532715893168034,1.7161657960672787,1.0280377126976168,0.17819623069844287,0.14596941940663433,0.11231994877662177,0.11316327077588312,0.4895538700720669,0.4893991757915298,0.4895538700720669
22,600,2460,7519,24331,8067,1170,4993,819,18827,16185,4580,23383,4512,24764,4107,24103,630,3156,1172,254,251,534,161,22,43,335,115,18413,76639,9797,37468,75748,12832,5,2036,2052,9380,9353,9380,0.4493150192531486,0.5844779756343962,0.09787026162443001,0.4656920596278766,0.4614374012431296,0.2464167944207868,0.520979901319541,0.08584479135942302,0.4119436842985434,0.4149204310281113,0.1173218876353976,0.5491868415462205,0.1076924486971505,0.8023723575400257,0.13650492743900602,0.38351291304669305,0.05204534487847784,0.2565445481560373,41.72303310786757,5.036185188856944,4.076726924263834,8.922156689111294,4.898679486399319,0.349689253413444,0.6373202904994812,2.2205871630176124,0.5918651988409735,0.35837728757226667,1.4949087005367776,0.420720364132466,1.6134214896133086,0.964177560346921,0.16688177144376143,0.1824617742582929,0.10731272440600748,0.10815604640526882,0.46346541191723734,0.463482228754372,0.46346541191723734
23,570,2313,7158,22772,7456,1129,4523,831,15174,15582,4449,22100,4307,22903,3877,22719,523,2913,1115,205,268,606,170,15,51,297,119,17578,72213,9328,35566,72040,12213,0,1911,1927,8730,8706,8730,0.42684926829049114,0.5495518527001457,0.09317134362384227,0.4358530098165306,0.4264878224456148,0.23778167598381905,0.47193913352058564,0.08710259050022043,0.332014312718229,0.3994618570454143,0.11396617425543316,0.5190535516474137,0.10279950721157517,0.7420745479219515,0.12886038560531443,0.3614915102480114,0.043205897414990334,0.23679159340257813,39.6938412246351,4.064637652423912,4.352839903198038,10.125144107867872,5.172518712347107,0.2384244909637118,0.755891507336594,1.9686996639290475,0.6124518144528335,0.34212545272064865,1.4085758163841167,0.40057972406120673,1.5315188614173942,0.9169793452948223,0.15883159870968347,0.0,0.10072427128677813,0.10156759328603948,0.4313489388099661,0.43142053710419787,0.4313489388099661
24,530,2226,6719,21527,7112,1026,4319,794,29051,14592,4128,20716,3968,21903,3666,21442,566,2676,1110,218,266,521,160,32,54,262,85,16493,68192,8717,34059,68086,11342,3,1799,1815,8300,8279,8300,0.39689493367361456,0.528881290147222,0.08745714694168709,0.41202387767084375,0.40681080917827417,0.21608857356899766,0.45065335345465607,0.08322437648276175,0.6356496506377535,0.37408210871561326,0.10574339566788675,0.48654811655782,0.09470825275494087,0.7096737904700041,0.12184734940136258,0.3411726291974938,0.04675819873209279,0.21752636592698218,39.515841936632256,4.322395162089818,4.320356023323425,8.704950627391355,4.868252905738453,0.5086389140559185,0.8003557136505114,1.7366980200316848,0.43746558175202394,0.32100779905118093,1.3301428007542366,0.37434106503447034,1.4666254541139019,0.8666498570758365,0.14750413432942192,0.10947706455497573,0.09482101729194864,0.09566433929121,0.4101026566005405,0.4102608117029238,0.4101026566005405
25,480,1992,6368,20212,6757,940,4174,711,11324,13734,3883,19556,3871,20696,3514,20176,465,2485,1092,210,274,563,190,23,50,209,68,15788,64889,8391,32415,64775,10743,2,1738,1754,7749,7726,7749,0.35945201540251887,0.4732846046600476,0.08288839287463363,0.38685495496274885,0.3865045890913384,0.1979758861158458,0.4355237548783826,0.07452459909224636,0.2477744877567698,0.35208632682978563,0.09946744316337312,0.4593036767428426,0.0923930560520101,0.6705660762255036,0.11679530436344465,0.32102877374725464,0.03841442121982888,0.202000380915004,38.875044499822,4.163775156141568,4.450291542821875,9.406693288332693,5.781050325564413,0.36558421947769143,0.7410701052319549,1.3853812449871075,0.34997246540161914,0.30728618998484475,1.2657149841351134,0.3603413877141494,1.3958326461464554,0.8245049568499737,0.13971406410694584,0.07298470970331716,0.09160585216976473,0.09244917416902608,0.38287776939729984,0.38285723290455237,0.38287776939729984
26,460,1922,5928,19264,6451,894,3924,727,18449,13171,3768,18359,3651,19688,3366,19093,487,2354,1056,180,272,623,164,24,43,185,63,14755,61676,8079,30309,60742,10174,3,1621,1637,7305,7288,7305,0.3444748480940806,0.4566531175484998,0.07716117979912503,0.36871036277470776,0.36900119938259934,0.1882877044548576,0.40943824009170415,0.07620166461330957,0.4036728651205092,0.3376531972240503,0.09652158790615244,0.43119023324411165,0.08714209445773415,0.6379061127139406,0.11187620787915614,0.30379670782892215,0.040231877707648744,0.1913516686816577,37.5934496262015,3.5689501338356298,4.417807662947262,10.409182803963175,4.989959228381914,0.3814791855419389,0.6373202904994812,1.2262944034574874,0.32423919588679423,0.28718062662948973,1.2030426938543861,0.34694292353028405,1.305145508932683,0.7731698971668253,0.13231414765187258,0.10947706455497573,0.08543906005016606,0.08628238204942743,0.36093974776710225,0.36115240919083325,0.36093974776710225
27,439,1869,5717,17900,6152,821,3752,656,19077,12339,3465,17410,3488,18785,3168,17994,425,2267,1011,154,241,601,179,19,47,152,49,14264,58422,7624,29175,57940,9644,0,1567,1583,6995,6967,6995,0.32874882242022035,0.44406070587832785,0.07441472080155158,0.3426035866729272,0.3518982140136027,0.17291298138415895,0.3914914059184694,0.06875968636359157,0.41741380280253426,0.31632395418324777,0.08875989970669272,0.40890146308513453,0.0832516092765206,0.608648228734832,0.1052952544744999,0.2863100592192754,0.03510995487833823,0.1842796231526415,35.99145603417586,3.0534351145038165,3.9143075248907726,10.041603314898666,5.446357938294894,0.3020043552207016,0.6966058989180377,1.00754999635426,0.2521860412452844,0.2776241584712329,1.1395706637972784,0.3274034965954803,1.2563139735098825,0.7375039320708218,0.12542143109442294,0.0,0.08259284830265899,0.08343617030192034,0.34562266059286517,0.34524544934584733,0.34562266059286517
28,413,1759,5342,17170,5683,794,3565,639,9941,11747,3418,16475,3279,18044,3014,17046,445,2057,1041,183,267,611,184,21,54,122,29,13656,55946,7199,27892,54823,9431,0,1536,1552,6613,6593,6613,0.30927850491925063,0.4179255118458955,0.06953357329401584,0.32863148509352846,0.32507112325086224,0.16722643997444847,0.37197944085803397,0.06697780424746191,0.2175137921926924,0.3011473774042152,0.08755594147113296,0.3869415051308209,0.07826319576195843,0.584639267462939,0.10017673515976727,0.2712260347589068,0.03676218804908355,0.1672091684274299,37.05945176219295,3.628432636066224,4.336597963260732,10.20868490083708,5.598490841599221,0.33379428734919653,0.8003557136505114,0.808691444442235,0.14925296318598463,0.26579048710622244,1.0912741836431916,0.3091523835245098,1.201066301598548,0.6978284098708778,0.122651339345863,0.0,0.08095891192909012,0.08180223392835147,0.326748056397515,0.3267121067227173,0.326748056397515
29,391,1638,5156,16355,5304,710,3480,594,20618,11232,3190,15922,3061,17148,2885,16053,381,1951,969,181,277,618,187,18,34,75,29,12920,53062,7206,26583,52429,8771,1,1512,1528,6319,6297,6319,0.2928036208799685,0.3891767984102199,0.06711252413027811,0.31303249497406277,0.3033920882848096,0.1495349778109048,0.36311036583056333,0.062261057469471644,0.4511316132611339,0.2879447810508339,0.08171546322203457,0.37395342304661183,0.0730599701821759,0.5556081887859942,0.0958891443052185,0.2554259964792168,0.0314750419026985,0.1585926531851802,34.49626201495194,3.588777634579161,4.499017362633793,10.325642010993969,5.689770583581817,0.2861093891564542,0.5039276715577293,0.4971463797800625,0.14925296318598463,0.25146551650647286,1.0350193174217108,0.3094529900927376,1.144699035400624,0.6673557758809305,0.1140679564630012,0.03649235485165858,0.07969392893019808,0.08053725092945943,0.3122215285613031,0.3120440066787427,0.3122215285613031
30,367,1595,4931,15165,5170,684,3274,559,11658,10586,3091,15152,2927,16417,2704,15473,389,1769,965,163,290,649,180,23,36,99,28,12559,50642,6771,25356,49868,8368,3,1359,1375,5945,5923,5945,0.27483102010984256,0.3789603134702691,0.06418383562575666,0.29025605541312516,0.29572720520974094,0.14405904904599845,0.3416159016463403,0.05859247664214587,0.2550825660781016,0.2713838543629031,0.07917946608755763,0.35586875179011823,0.06986165721111691,0.5319232350886206,0.08987322225348729,0.2461973739190757,0.03213593517099663,0.14379825908999683,34.35386258454966,3.231882621195598,4.710162581818772,10.843594927403052,5.47678451895576,0.36558421947769143,0.5335704757670076,0.6562332213096824,0.14410630928301965,0.24443927413349792,0.9878151647670701,0.290772439067156,1.0918627973373292,0.6347574401882592,0.10882689085422348,0.10947706455497573,0.07162966231226137,0.07247298431152273,0.2937422040349655,0.2935106640556127,0.2937422040349655
31,362,1416,4717,14264,4734,614,3095,552,10043,10282,2961,14372,2834,15576,2646,14611,364,1803,918,171,255,721,164,22,34,73,33,11873,48679,6375,24293,47755,8114,2,1345,1361,5691,5685,5691,0.271086728282733,0.336431224999311,0.06139832744812294,0.27301103688841527,0.270787734905786,0.12931616390971204,0.3229386730590786,0.05785876047668072,0.21974560054232067,0.2635904770979945,0.07584936884026469,0.3375492146731507,0.06764193253717299,0.5046741980715329,0.08794546822586072,0.2324817314245211,0.030070643707564973,0.14656204699788822,32.68066927732289,3.3905026271438485,4.141694684013058,12.04658234615963,4.989959228381914,0.349689253413444,0.5039276715577293,0.4838891429859275,0.1698395787978446,0.23108746729731833,0.9495251847418389,0.27376669606455756,1.046088615543293,0.607861585710081,0.10552358895687969,0.07298470970331716,0.07089175556290768,0.07173507756216904,0.2811920745438164,0.2817167187499845,0.2811920745438164
32,358,1380,4511,13164,4587,622,2942,498,18917,9743,2813,13437,2672,14887,2559,13665,357,1560,886,176,285,729,181,19,43,78,27,11508,46258,6348,23623,45356,7584,1,1203,1219,5296,5277,5296,0.2680912948210453,0.32787788877051494,0.058716950417316637,0.2519571851934309,0.26237924377119565,0.13100106506814477,0.3069743380096314,0.05219866434309239,0.4139129269599801,0.24977261411843613,0.07205818120488504,0.31558925671883703,0.06377531536320614,0.4823500761871411,0.08505383718442085,0.21742952980056676,0.02949236209780411,0.12680909224442907,31.541473834104664,3.489640130861505,4.628952882132242,12.18024761491036,5.507211099616625,0.3020043552207016,0.6373202904994812,0.5170322349712649,0.13895965538005467,0.22398337182325775,0.902301526238994,0.2726072135871077,1.0172375320042486,0.5773253079565791,0.09863087239943007,0.03649235485165858,0.06340727281946315,0.06425059481872451,0.26167514088632077,0.26149852679747904,0.26167514088632077
33,289,1214,4240,12049,4113,496,2736,479,7687,9203,2663,12462,2602,14013,2400,12945,309,1535,877,170,282,778,205,23,39,73,27,10688,44255,6070,22669,42829,7402,2,1177,1193,5085,5074,5085,0.21642006760693322,0.2884375050488443,0.05518950781853747,0.2306162355207877,0.23526614990863914,0.10446387182282928,0.2854798738254084,0.05020714903682982,0.16819520376071084,0.2359291150294537,0.0682157613041624,0.2926898353226276,0.06210455485593652,0.45403181417413907,0.07976913217765144,0.20597330869142602,0.02552700248801532,0.12477689525333245,31.221075115699538,3.370675126400317,4.580227062320323,12.998947386008588,6.237449035477393,0.36558421947769143,0.5780346820809249,0.4838891429859275,0.13895965538005467,0.2080234861007107,0.8632313122855868,0.2606688384489199,0.9761570339501465,0.5451597498560792,0.09626393954385302,0.07298470970331716,0.06203687457066345,0.06288019656992481,0.2512496396161143,0.25143898521326674,0.2512496396161143
34,284,1136,3891,11068,3704,477,2723,447,12854,8871,2554,12019,2411,13378,2253,12243,277,1407,811,142,250,899,199,17,39,71,26,10050,41483,5609,21385,40703,7082,0,1175,1191,4801,4775,4801,0.21267577577982366,0.2699052765531195,0.05064678653819087,0.2118400277818971,0.21187109634369058,0.10046223157155154,0.2841234270565011,0.04685301799470341,0.28125161300119383,0.22741792670067196,0.06542360284297062,0.28228527770363193,0.05754576547181513,0.43345733319215246,0.07488327283177029,0.19480349311001383,0.022883429414822794,0.11437204665891776,28.871484514061944,2.8155051055814413,4.060484984326528,15.020634575863394,6.054889551512201,0.2702144230922067,0.5780346820809249,0.47063190619179246,0.1338130014770897,0.19560591647755823,0.8091611010629985,0.24087174874134956,0.9208663007200972,0.518098421592659,0.09210229935822307,0.0,0.061931459320755784,0.06277478132001714,0.23721721136616808,0.2366222219931708,0.23721721136616808
35,246,1092,3715,10133,3400,392,2498,425,12544,8320,2316,11419,2279,12696,2112,11209,257,1313,823,163,294,911,206,12,37,58,25,9260,38892,5226,20282,38111,6308,3,1091,1107,4370,4360,4370,0.18421915789379092,0.2594511989401466,0.04835590130798743,0.1939442538411604,0.19448210787487796,0.08256015676320379,0.2606464637484906,0.04454705290324149,0.2744686660562452,0.2132924304080251,0.05932696326715739,0.26819332607519536,0.05439518851524955,0.41136001660992433,0.07019683631633326,0.17835108668383115,0.021231196244077467,0.10673098597239447,29.29868280526878,3.231882621195598,4.775130341567997,15.22113247898949,6.267875616138259,0.19073959277096944,0.5483918778716467,0.38445986702991497,0.12866634757412468,0.18022992901315316,0.758621448365406,0.22442427507974555,0.8733696661774614,0.48510549456594904,0.0820363321592306,0.10947706455497573,0.05750401882463367,0.058347340823895026,0.21592151919811592,0.21605714929638212,0.21592151919811592
36,232,980,3533,9351,3187,390,2317,393,6643,7629,2161,10580,2110,11858,1943,10665,248,1195,807,155,280,953,179,22,37,64,15,8762,36200,5030,18968,35506,5943,1,1004,1020,4183,4177,4183,0.17373514077788413,0.23284081956167002,0.04598691771766342,0.17897687927254424,0.1822983758227165,0.0821389314735956,0.24176055104293542,0.041192921861115075,0.14535198888804501,0.19557787879601243,0.05535646270307734,0.24848808038143153,0.05036149529055575,0.3842081818651924,0.06457975992549031,0.16969527517914706,0.02048769131724207,0.09713901617441842,28.729085083659665,3.073262615247348,4.5477431824457115,15.922875139930829,5.446357938294894,0.349689253413444,0.5483918778716467,0.42423157741232,0.07719980854447482,0.17053721792799656,0.7061117049991694,0.21600729116936856,0.8167870933859623,0.4519470937539972,0.07728946132249642,0.03649235485165858,0.05291845545365005,0.053761777452911406,0.20668185693494712,0.20698869555297894,0.20668185693494712
37,234,895,3239,8659,2843,362,2157,335,13705,7213,2081,9693,1917,10898,1787,9838,211,1088,805,149,287,977,208,17,51,37,12,7886,33665,4732,17849,32841,5519,2,947,963,3861,3851,3861,0.17523285750872794,0.2126454423547905,0.04216009807175539,0.16573209256988136,0.1626213625553759,0.07624177741908104,0.22506582157946123,0.035113559347260945,0.2998718963887787,0.18491325727561117,0.053307172089358604,0.2276554785573928,0.04575496989194094,0.3531034547113229,0.059394766333942965,0.15653653232184236,0.017431059951363213,0.08844121305252489,28.657885368458526,2.9542976107861603,4.661436762006854,16.32387094618302,6.328728777459989,0.2702144230922067,0.755891507336594,0.24525888069149748,0.06175984683557985,0.15348738879025117,0.6566643798010232,0.20321004012195865,0.7686014777438865,0.41802496777939,0.07177528807653673,0.07298470970331716,0.049914120831281474,0.05075744283054283,0.1907718502571912,0.19083396374779074,0.1907718502571912
38,207,811,2929,7844,2702,353,1947,347,7301,6637,1841,9003,1818,10205,1677,8973,195,1011,772,154,267,910,221,14,38,43,21,7271,30840,4274,16497,30690,5234,0,823,839,3554,3540,3554,0.15501368164233625,0.19268765782093306,0.03812501613219251,0.1501331024504157,0.1545560751405648,0.07434626361584422,0.20315398915865138,0.03637135848805835,0.15974934079054895,0.17014685824736328,0.0471593002482024,0.21144973418469074,0.04339203717451676,0.3306497297971233,0.05573868110913394,0.14277315557266634,0.01610927341476695,0.0821820463199473,27.48309006763973,3.0534351145038165,4.336597963260732,15.204424320395649,6.724274326051239,0.22252952489946434,0.5632132799762858,0.2850305910739025,0.10807973196226474,0.1415174744983409,0.6015603586236018,0.18354178180077163,0.7103825748412178,0.39064542069819674,0.06806882728621004,0.0,0.04337837533700597,0.044221697336267324,0.17560299295883386,0.17542254782320935,0.17560299295883386
39,186,721,2819,7287,2339,319,1892,291,6721,6339,1769,8091,1675,9534,1543,8244,175,929,753,153,293,905,214,19,35,51,8,6753,28504,3972,15353,28302,4871,1,757,773,3288,3277,3288,0.13928765596847606,0.17130431724894296,0.03669321286331536,0.1394721975466827,0.1337922500939234,0.06718543369250513,0.19741517590558214,0.030501629164337116,0.14705866586129018,0.16250729763899893,0.04531493869585553,0.19002996770946717,0.039978912138237385,0.3089088215468666,0.0512849045625484,0.13117373169966134,0.014457040244021621,0.0755164401891504,26.806692773228907,3.033607613760285,4.75888840163069,15.120883527426443,6.5112882614251815,0.3020043552207016,0.5187490736623684,0.3380595382504425,0.0411732312237199,0.1314354979077563,0.5559946972181306,0.1705727555715173,0.6611204262312673,0.36024915922451495,0.06334796670063605,0.03649235485165858,0.03989967209005288,0.040742994089314234,0.16245994396416594,0.16238974271656978,0.16245994396416594
40,162,671,2420,6671,2261,273,1719,294,11365,5729,1574,7687,1542,8588,1453,7795,159,905,701,165,298,965,218,16,33,45,13,5949,26182,3682,14183,26074,4509,1,744,760,2908,2900,2908,0.12131505519835012,0.15942468359783735,0.03149967191529733,0.12768204059749147,0.12933060173679387,0.05749725203151692,0.17936399967320069,0.03081607894953647,0.24867158719142432,0.14686927089033364,0.040319792824916115,0.18054138694631988,0.0368044671744251,0.2782577049973244,0.04829356210588648,0.12402950492465553,0.013135253707425359,0.07356553107769763,24.955500177999287,3.271537622682661,4.8400981013172215,16.123373043056926,6.632994584068642,0.2543194570279593,0.48910626945309027,0.2982878278680375,0.06690650073854484,0.11578702458955165,0.5107021176875208,0.15811905488779623,0.610738683334727,0.3318894981845807,0.05864011124064217,0.03649235485165858,0.03921447296565302,0.04005779496491438,0.1436841596860689,0.1437077369173184,0.1436841596860689
41,157,601,2399,5983,2085,257,1629,268,4480,5472,1523,7078,1452,8003,1301,7139,156,792,733,151,278,869,232,22,34,34,15,5673,23838,3429,13400,23952,4114,1,720,736,2745,2739,2745,0.11757076337124055,0.14279319648628946,0.03122632765487533,0.11451381335553762,0.11926329262327076,0.05412744971465146,0.16997321434999646,0.028090847477808753,0.09802452359151614,0.14028079076835495,0.03901337005867042,0.16623805604345676,0.034656346522221305,0.2593032618879351,0.04324151706796855,0.11359161458077176,0.01288741873181356,0.06438000067794092,26.094695621217515,2.993952612273223,4.515259302571099,14.519389818048154,7.058966713320757,0.349689253413444,0.5039276715577293,0.22537302550029498,0.07719980854447482,0.11041516061464557,0.4649804094964144,0.14725427463613613,0.5770216707808886,0.3048790849320042,0.05350308663650518,0.03649235485165858,0.037949489966760994,0.03879281196602235,0.1356303364299378,0.1357294797988052,0.1356303364299378
42,128,550,2166,5518,1839,237,1493,244,7548,4992,1405,6549,1275,7492,1222,6635,138,719,707,180,259,964,240,16,34,32,10,5258,22151,3280,12305,22400,3814,1,692,708,2500,2493,2500,0.09585387077400503,0.13067597016216176,0.028193508003526453,0.10561377604811241,0.1051919401123237,0.04991519681856963,0.1557826943060434,0.02557524919621394,0.16515381787249192,0.12797545824481504,0.03599066640343529,0.15381365202438518,0.03043170923955383,0.24274647482998998,0.040615783133787525,0.10557225980437325,0.011400408878142764,0.05844598546393878,25.169099323602705,3.5689501338356298,4.206662443762283,16.106664884463083,7.30237935860768,0.2543194570279593,0.5039276715577293,0.21211578870616,0.05146653902964988,0.10233790137701505,0.43207404357559676,0.1408556491124312,0.5298695267879727,0.28512406072465324,0.04960154896247709,0.03649235485165858,0.03647367646805362,0.037316998467314975,0.12352489656642787,0.12353909935685337,0.12352489656642787
43,109,482,2061,5017,1682,219,1452,229,7056,4753,1235,5871,1228,6728,1116,6080,143,662,682,155,261,891,240,18,41,34,14,4814,20725,2922,11475,20523,3515,1,662,678,2290,2285,2290,0.08162556183098865,0.11451966839665811,0.026826786701416444,0.0960247035943059,0.0962114427781014,0.04612416921209599,0.15150466988102815,0.024003000270217182,0.1543886246566379,0.12184842809246914,0.031635923849282974,0.13788974668425186,0.029309912898958512,0.21799229613670218,0.03709264646260792,0.0967414226994106,0.011813467170829097,0.05381257632423849,24.279102883588465,3.073262615247348,4.239146323636895,14.886969307112663,7.30237935860768,0.2861093891564542,0.607677486290203,0.22537302550029498,0.07205315464150983,0.09369620715651397,0.4042587040361267,0.12548177033735486,0.4941286322545296,0.2612321918862526,0.0457130164140291,0.03649235485165858,0.03489244771943858,0.03573576971869993,0.11314880525484793,0.1132317858124388,0.11314880525484793
44,125,526,1867,4572,1491,166,1254,201,3823,4353,1145,5426,1144,6233,1037,5633,138,647,628,150,341,905,241,18,39,42,11,4351,18949,2770,10636,19042,3263,1,624,640,2182,2173,2182,0.09360729567773929,0.12497374600963106,0.02430160639085129,0.08750746359042587,0.0852861243651303,0.03496169903747915,0.13084494216997886,0.021068135608356565,0.08364905216302818,0.11159398432285254,0.0293304719088494,0.1274382158931614,0.027305000290234967,0.20195392119798822,0.034466912528426895,0.08962901876081907,0.011400408878142764,0.05259325812958052,22.356710573157706,2.9741251115296916,5.538501518621384,15.120883527426443,7.332805939268545,0.2861093891564542,0.5780346820809249,0.278401972676835,0.05661319293261487,0.08468471070585631,0.3696163176251177,0.11895431342726659,0.45800018585265156,0.24238090912137708,0.042435724767845504,0.03649235485165858,0.03288955797119286,0.03373287997045422,0.10781252972317824,0.10768169390390789,0.10781252972317824
45,82,408,1704,4186,1483,173,1246,205,7901,4122,1019,5130,1010,5864,987,5018,123,549,640,158,309,850,263,17,30,27,12,3976,17633,2601,9909,17558,3073,0,598,614,2006,2000,2006,0.06140638596459697,0.09693781059302181,0.02217993427424242,0.08011947563200408,0.08482851940542471,0.036435987551107794,0.13001020569680516,0.021487401988622368,0.172877625200127,0.10567204304589897,0.02610283919224239,0.12048618642313268,0.024106687319175975,0.1899980416982196,0.03280505560805915,0.07984349656342803,0.010161234000083768,0.04462704592448177,22.78390886436454,3.132745117477942,5.018759440627588,14.201934804765168,8.002190713807583,0.2702144230922067,0.444642063139173,0.1789726967208225,0.06175984683557985,0.07738598247908175,0.34394662138813137,0.11169681199433949,0.4266946071468526,0.2234914400983688,0.039964750907627716,0.0,0.03151915972239316,0.03236248172165451,0.09911637700490172,0.09910878408090923,0.09911637700490172
46,89,385,1585,3976,1308,164,1082,170,3925,3790,961,4640,1002,5359,910,4693,121,534,631,160,304,864,222,16,35,28,8,3910,15974,2328,9098,16461,2806,2,528,544,1729,1728,1729,0.06664839452255038,0.09147317911351323,0.020630983465184407,0.0761001039447798,0.07481841091186482,0.03454047374787097,0.11289810799674412,0.017818821161296596,0.08588086051265643,0.0971608547171172,0.02461710349729631,0.10897775925990948,0.023915743261202303,0.17363565918498616,0.030245795950692836,0.07467228564610756,0.009996010683009236,0.0434077277298238,22.463510145959415,3.172400118965004,4.937549740941058,14.435849025078946,6.754700906712103,0.2543194570279593,0.5187490736623684,0.18560131511789,0.0411732312237199,0.07610140631116943,0.31158641921703684,0.09997315583345726,0.39177187766899435,0.20952799837448735,0.036492382377742716,0.07298470970331716,0.027829625975624727,0.028672947974886082,0.0854298184653415,0.08562998944590558,0.0854298184653415
47,79,338,1438,3545,1231,137,1033,149,3860,3508,938,4343,910,4860,827,4436,82,487,638,174,276,851,229,14,26,26,13,3423,14858,2154,8482,14885,2664,0,497,513,1686,1674,1686,0.05915981086833123,0.08030632348147394,0.0187175736422304,0.06785082205338139,0.07041396317469847,0.028853932338160505,0.10778534709855515,0.015617672664901135,0.08445862970161881,0.0899314718595375,0.024027932445852173,0.10200224320383339,0.021719886594505085,0.1574676812164644,0.027487113462882393,0.0705830511668726,0.006774156000055846,0.039587197386562155,22.712709149163402,3.449985129374442,4.482775422696487,14.218642963359008,6.9676869713381615,0.22252952489946434,0.3853564547206166,0.17234407832375498,0.06690650073854484,0.0666227912539982,0.28981789262092983,0.09250093542322463,0.36524610534055946,0.18946748410207426,0.03464565454536942,0.0,0.02619568960205585,0.027039011601317206,0.08330519024439895,0.08295405227572103,0.08330519024439895
48,95,321,1384,3271,1052,143,999,130,6256,3335,891,3950,831,4562,744,4000,103,462,630,169,307,852,296,10,32,30,11,3169,13410,2092,7818,13776,2478,0,475,491,1575,1572,1575,0.07114154471508186,0.07626724804009805,0.01801468840114525,0.06260649899481256,0.06017505220128577,0.030117608206985055,0.10423771708756689,0.013626157358638575,0.13688424544386718,0.08549642492917833,0.022823974210292416,0.09277201488720743,0.019834314022015083,0.14781225549578408,0.024728430975071946,0.06364567282855961,0.008509000829338441,0.03755500039546553,22.427910288358845,3.350847625656786,4.9862755607529765,14.23535112195285,9.006267875616139,0.15894966064247454,0.47428486734845116,0.19885855191202498,0.05661319293261487,0.06167911933506289,0.26157342442096304,0.089838420104636,0.336653389713805,0.17535129734566174,0.03222670118747201,0.0,0.025036121853071486,0.02587944385233284,0.07782068483684955,0.07789950428759465,0.07782068483684955
49,66,279,1289,2983,984,142,879,134,2562,3077,781,3591,761,4294,686,3810,106,402,622,175,338,806,290,21,25,22,8,2897,12494,1898,7185,12982,2238,1,462,478,1469,1464,1469,0.04942465211784634,0.06628835577316933,0.01677813103256953,0.05709421782376211,0.05628541004378822,0.029906995562180964,0.09171666998996125,0.014045423738904377,0.05605777442889829,0.07888230869777563,0.020006199616429153,0.08434033049619288,0.018163553514745464,0.1391288524986622,0.02280067694744537,0.060622503369203024,0.00875683580495024,0.03267772761683364,22.143111427554288,3.4698126301179735,5.489775698809465,13.466775826636146,8.823708391650946,0.33379428734919653,0.37053505261597747,0.14582960473548498,0.0411732312237199,0.05638510846124241,0.24370606746573545,0.08150732378518122,0.30939557496721526,0.16524466769318966,0.029105471048249537,0.03649235485165858,0.024350922728671637,0.025194244727932993,0.07258322922243302,0.07254762994722556,0.07258322922243302
50,69,289,1186,2757,901,110,787,136,4424,2787,733,3378,738,3927,694,3414,86,347,552,170,331,789,282,11,20,31,9,2743,11473,1796,6612,11801,2093,0,426,442,1309,1303,1309,0.05167122721411209,0.06866428250339045,0.015437442517166378,0.05276860829370169,0.05153775858684266,0.023167390928450042,0.08211720054846361,0.014255056929037278,0.09679921704662219,0.0714478369648036,0.018776625248197912,0.0793376876680979,0.01761458934807116,0.12723777451379747,0.02306657405470421,0.054321581759175626,0.0071046026342049115,0.028206894236421084,19.65112139551442,3.370675126400317,5.376082119248323,13.182737130540843,8.580295746364024,0.174844626706722,0.296428042092782,0.2054871703090925,0.04631988512668489,0.053387764069446994,0.22379059644904617,0.0771270566481483,0.284721439343525,0.15021201074159074,0.02721972783913596,0.0,0.022453448230333586,0.02329677022959494,0.06467763584218163,0.06456937282871236,0.06467763584218163
51,57,241,1011,2577,818,103,805,111,3917,2521,640,3104,638,3573,582,3241,73,383,606,163,354,785,326,16,30,23,13,2498,10844,1651,6163,10724,1929,1,395,411,1239,1233,1239,0.04268492682904911,0.05725983419832906,0.013159573680316365,0.04932343256179516,0.04679010712989711,0.021693102414821402,0.08399535761310445,0.011634642052376014,0.08570581672052874,0.06462863185800856,0.01639432490974988,0.07290236309111187,0.01522778862340027,0.1157679063758081,0.019344014553080473,0.05156890640934042,0.006030651073220448,0.031133257903600216,21.573513705945178,3.231882621195598,5.749646737806363,13.115904496165477,9.919065295442099,0.2543194570279593,0.444642063139173,0.1524582231325525,0.06690650073854484,0.048619261627954276,0.21152141792848048,0.07090020630628778,0.26538690724049374,0.13650314407192773,0.025086887244000607,0.03649235485165858,0.02081951185676471,0.021662833856026065,0.06121893873832165,0.061100565385880545,0.06121893873832165
52,47,206,1003,2201,759,103,698,112,2163,2469,639,2857,655,3277,561,2902,58,310,648,158,332,801,360,18,15,23,3,2228,9910,1525,5651,10105,1824,2,365,381,1121,1117,1121,0.035196343174829975,0.04894409064255513,0.013055442533488934,0.042126843255145964,0.04341527055206835,0.021693102414821402,0.07283075728440609,0.011739458647442464,0.047327465296528884,0.0632955541679584,0.016368708777078397,0.06710117633740548,0.01563354474659432,0.10617728217003167,0.018646034646526023,0.046174935637119996,0.0047914761951614515,0.025199242689598084,23.068707725169098,3.132745117477942,5.392324059185629,13.38323503366694,10.95356903791152,0.2861093891564542,0.2223210315695865,0.1524582231325525,0.015439961708894962,0.04336417730467659,0.19330295570557374,0.06548928807818828,0.24333951205841803,0.128624046143867,0.023721349058090778,0.07298470970331716,0.019238283108149668,0.020081605107411023,0.05538856362038626,0.055352255909187804,0.05538856362038626
53,49,204,949,2048,723,89,592,98,4377,2152,583,2724,555,3107,521,2661,66,320,597,167,326,805,376,13,21,27,10,2113,9005,1411,5357,9141,1668,0,385,401,1084,1077,1084,0.0366940599056738,0.048468905296510906,0.012352557292403787,0.03919844388302541,0.04135604823339317,0.018744525387564125,0.06177049901485445,0.010272026316512157,0.0957708347678719,0.05516890748053726,0.014934205347475284,0.06397746039310204,0.013246744021923431,0.10066915340320061,0.017316549110231835,0.04234028384919928,0.005452369463459583,0.026012121486036734,21.25311498754005,3.311192624169723,5.294872419561792,13.450067668042305,11.440394328485365,0.2066345588352169,0.31124944419742107,0.1789726967208225,0.05146653902964988,0.041125900648465726,0.1756501630805945,0.06059369539562208,0.23067948435621047,0.11635352853053817,0.021692549467596172,0.0,0.020292435607226364,0.02113575760648772,0.05356039515120312,0.05337008022756962,0.05356039515120312
54,38,171,854,1920,627,78,619,96,2106,2081,506,2508,545,2817,479,2550,60,292,564,175,356,792,341,16,25,32,5,1927,8216,1262,4845,8582,1460,1,341,357,1000,1000,1000,0.028456617886032744,0.040628347086781195,0.011115999923828066,0.03674854114033632,0.03586478871692603,0.01642778629471912,0.06458773461181572,0.010062393126379255,0.04608027827761897,0.053348743711430315,0.012961763131771002,0.058904357806864864,0.013008063949456344,0.09127293374213585,0.015920589297122933,0.04057411642820675,0.004956699512235985,0.023736060856008517,20.078319686721255,3.4698126301179735,5.782130617680975,13.232861606322368,10.375464005355079,0.2543194570279593,0.37053505261597747,0.21211578870616,0.02573326951482494,0.037505731447985545,0.1602600488473253,0.05419506987191712,0.20863208917413473,0.10923815576513277,0.018987483346936698,0.03649235485165858,0.017973300109257635,0.01881662210851899,0.049409958626571146,0.049554392040454615,0.049409958626571146
55,51,173,770,1729,587,67,579,73,2214,1881,490,2270,528,2632,426,2320,59,273,540,145,331,744,356,12,24,20,4,1805,7556,1136,4434,7678,1416,1,330,346,895,890,895,0.03819177663651763,0.041103532432825426,0.010022622882140059,0.03309282689147995,0.03357676391839805,0.014111047201874116,0.060414052245947175,0.007651611439850892,0.04844336947134302,0.04822152182662202,0.012551905009027253,0.053314550327585024,0.012602307826262291,0.08527879361352558,0.01415902096153313,0.03691449024056457,0.0048740878536987185,0.022191591142775087,19.223923104307584,2.8749876078120353,5.376082119248323,12.430869993817982,10.831862715268059,0.19073959277096944,0.35571365051133835,0.13257236794135,0.02058661561185995,0.03513121186487489,0.14738618903242331,0.048784151643817636,0.19093388718227314,0.09773136331445927,0.018415257821412578,0.03649235485165858,0.017393516234765455,0.01823683823402681,0.04422191297078117,0.04410340891600461,0.04422191297078117
56,31,152,768,1574,492,64,489,75,3399,1792,441,2089,562,2326,403,2099,56,228,572,165,362,724,342,20,27,18,7,1616,6887,1113,4202,7175,1358,1,292,308,839,837,839,0.023214609328079342,0.03611408629936107,0.009996590095433203,0.03012614778900488,0.02814270502189411,0.013479209267461842,0.05102326692274295,0.007861244629983792,0.07437173118025968,0.04593990808788233,0.011296714508124528,0.049063478253006665,0.013413820072650394,0.07536416183322968,0.013394566778163971,0.033398066816786656,0.004626252878086919,0.01853363655880117,20.36311854752581,3.271537622682661,5.879582257304812,12.096706821941154,10.405890586015945,0.3178993212849491,0.4001778568252557,0.119315131147215,0.03602657732075491,0.03145265283858051,0.13433677658368176,0.04779644434821217,0.18094366124039507,0.09132880070086548,0.017660960537767147,0.03649235485165858,0.015390626486519735,0.01623394848578109,0.04145495528769319,0.041477026137860515,0.04145495528769319
57,30,118,658,1390,461,61,489,72,1417,1632,429,1841,448,2166,349,2030,55,243,565,167,393,683,353,20,27,20,7,1548,6426,1015,3768,6619,1253,1,275,291,812,812,812,0.02246575096265743,0.02803593541660925,0.00856478682655605,0.026604412596389317,0.026369485803034925,0.012847371333049569,0.05102326692274295,0.007546794844784441,0.031004631680620173,0.04183813058003569,0.010989320916066718,0.04323880491325288,0.010692867246525581,0.0701800406409181,0.011599761304166813,0.032300178960494,0.004543641219549653,0.019752954753459145,20.113919544321824,3.311192624169723,6.383082395361302,11.411672319593658,10.740582973285463,0.3178993212849491,0.4001778568252557,0.13257236794135,0.03602657732075491,0.03012915012012539,0.12534458056145478,0.043587952393023675,0.16225504891808867,0.08425161419359284,0.016295422351857314,0.03649235485165858,0.014494596862304546,0.015337918861565901,0.04012088640477577,0.04023816633684915,0.04012088640477577
58,22,150,590,1309,413,67,475,60,2488,1510,407,1803,461,1950,343,1888,41,193,547,165,400,753,352,14,25,15,6,1384,5837,862,3651,6208,1089,0,250,266,706,704,706,0.016474884039282114,0.03563890095331684,0.007679672078522903,0.025054083517031377,0.023623856044801356,0.014111047201874116,0.04956247809468896,0.006288995703987035,0.054438619351716996,0.038710525230302634,0.010425765997294067,0.0423463146434519,0.011003151340732797,0.06318147703129745,0.011400338473722686,0.030040757575080134,0.003387078000027923,0.015688560771265906,19.47312210751157,3.271537622682661,6.4967759749224445,12.581243421162554,10.710156392624597,0.22252952489946434,0.37053505261597747,0.09942927595601249,0.030879923417789924,0.026937172975615983,0.11385563596906498,0.037017551687474295,0.15721687462843464,0.07902009682940389,0.01416258175672196,0.0,0.013176906238458677,0.014020228237720034,0.03488343079035923,0.03488629199648005,0.03488343079035923
59,28,116,559,1203,403,54,388,53,2047,1408,349,1631,358,1853,333,1762,41,175,538,186,376,724,308,14,24,17,6,1279,5169,885,3357,5538,1104,2,271,287,666,663,666,0.0209680342318136,0.027560750070565024,0.007276163884566615,0.023025257808241977,0.02305184984516936,0.01137308281942093,0.04048471894892488,0.0055552795385218805,0.04478933031067713,0.0360956420690504,0.008940030302347983,0.03830662184330008,0.008544746594321782,0.06003860355845855,0.011067967089649137,0.028035918880980507,0.003387078000027923,0.014225378937676338,19.152723389106445,3.6879151382968174,6.106969416427098,12.096706821941154,9.371386843546523,0.22252952489946434,0.35571365051133835,0.11268651275014749,0.030879923417789924,0.024893529072119103,0.10082572936852781,0.03800525898307976,0.14455684692622708,0.07049183251308613,0.014357658640423364,0.07298470970331716,0.014283766362489207,0.015127088361750562,0.032907032445296386,0.032854561922821414,0.032907032445296386
60,28,115,563,1082,385,44,388,57,1164,1310,332,1513,396,1715,281,1568,38,170,487,163,431,710,359,12,34,17,5,1190,5005,784,2996,5251,953,0,249,265,661,659,661,0.0209680342318136,0.027323157397542912,0.007328229457980329,0.0207093341217937,0.02202223868583177,0.009266956371380017,0.04048471894892488,0.005974545918787683,0.025468871754581426,0.033583303345494336,0.008504556046932751,0.035535204689707556,0.00945173086969672,0.055567299030089806,0.00933963589246669,0.024949103748795366,0.0031392430244161235,0.013818939539457014,17.337130651477395,3.231882621195598,7.000276112978934,11.862792601627374,10.923142457250654,0.19073959277096944,0.5039276715577293,0.11268651275014749,0.02573326951482494,0.023161297572964607,0.09762677026300672,0.03366793564150795,0.1290117108701151,0.06683868048505152,0.012393884677829228,0.0,0.013124198613504843,0.013967520612766198,0.03265998265216353,0.03265634435465959,0.03265998265216353
61,25,86,497,987,338,32,375,59,2373,1195,296,1406,352,1588,250,1371,41,133,462,171,412,702,339,20,33,18,7,1094,4535,738,2658,4686,905,1,248,264,527,526,527,0.018721459135547857,0.020432969879901657,0.006469147496654039,0.01889104692995414,0.0193338095475614,0.006739604633730921,0.039128272180017604,0.006184179108920584,0.051922364839881205,0.030635150761729565,0.007582375270759321,0.03302213998263637,0.008401538550841529,0.051452402833692484,0.008309284601838692,0.021814554361988807,0.003387078000027923,0.010811287992634018,16.447134211463155,3.3905026271438485,6.6916792541701176,11.729127332876644,10.314610844033348,0.3178993212849491,0.48910626945309027,0.119315131147215,0.03602657732075491,0.02129282314691032,0.08845902160694015,0.03169252105029702,0.1144569851444479,0.05964693520338058,0.011769638649984733,0.03649235485165858,0.013071490988551008,0.013914812987812364,0.026039048196202993,0.02606561021327913,0.026039048196202993
62,22,83,447,842,285,34,351,42,1135,1075,264,1279,298,1480,269,1281,40,146,478,197,441,724,315,10,35,20,6,938,4200,671,2470,4251,794,1,205,221,550,549,550,0.016474884039282114,0.019720191860835318,0.005818327828982606,0.01611576647925166,0.01630217668951183,0.007160829923339104,0.03662406276049648,0.004402296992790924,0.024834338008118486,0.027558817630844588,0.006762659025271827,0.03003934355461729,0.007112666159519248,0.04795312102888217,0.008940790231578432,0.020382526723346214,0.0033044663414906563,0.011868030428004259,17.01673193307227,3.9060176464756617,7.162695512351995,12.096706821941154,9.584372908172579,0.15894966064247454,0.5187490736623684,0.13257236794135,0.030879923417789924,0.018256552204572105,0.08192456245846717,0.028815286754402845,0.10636145722602947,0.0541099277741295,0.01032606971059434,0.03649235485165858,0.010805063115536116,0.01164838511479747,0.02717547724461413,0.027205361230209585,0.02717547724461413
63,18,84,438,826,281,32,317,35,1274,957,245,1165,301,1315,231,1207,38,147,504,204,421,711,339,9,31,13,4,900,3725,595,2363,4049,720,0,204,220,467,466,467,0.013479450577594457,0.01995778453385743,0.005701180288801748,0.01580952863641552,0.01607337420965903,0.006739604633730921,0.033076432749508215,0.0036685808273257702,0.0278757238963374,0.024533756718807694,0.006275952504513627,0.02736187274521434,0.007184270181259375,0.04260699604931084,0.007677778972098951,0.01920508177601786,0.0031392430244161235,0.011949318307648124,17.942328230687078,4.04481015168038,6.8378567136058725,11.879500760221216,10.314610844033348,0.1430546945782271,0.4594634652438121,0.08617203916187749,0.02058661561185995,0.017516947744258948,0.07265928456137863,0.025551558299358706,0.10175389612352535,0.051538719726523255,0.009363690417667412,0.0,0.010752355490582281,0.011595677489843637,0.023074450678608725,0.02309234669085185,0.023074450678608725
64,15,72,412,714,273,37,261,36,1826,943,274,1054,250,1224,205,1149,40,121,485,163,440,665,329,16,28,23,6,776,3568,569,2095,3721,650,0,188,204,416,415,416,0.011232875481328715,0.017106672457592082,0.005362754061612603,0.01366586373656257,0.015615769249953438,0.007792667857751377,0.02723327743729225,0.0037733974223922205,0.03995374555314921,0.024174851186871113,0.007018820351986668,0.024754861693953578,0.0059670018116772215,0.03965852712118363,0.006813613373507727,0.018282219520003747,0.0033044663414906563,0.009835833436907639,17.265930936276256,3.231882621195598,7.146453572414689,11.110925464904513,10.010345037424694,0.2543194570279593,0.41499925892989475,0.1524582231325525,0.030879923417789924,0.015103501610605492,0.0695968663932883,0.024435019617369925,0.09021346270790759,0.04736368883734083,0.008453331627060858,0.0,0.009909033491320926,0.010752355490582281,0.020554542788653596,0.020565072696788665,0.020554542788653596
65,9,61,378,640,238,18,276,42,777,793,204,1004,250,1053,190,1135,31,111,468,191,457,657,336,9,26,12,12,786,3243,540,1969,3453,605,1,198,214,394,393,394,0.0067397252887972285,0.014493153054348848,0.0049201966875960295,0.012249513713445442,0.013613747551241458,0.003791027606473643,0.028798408324492954,0.004402296992790924,0.017001128310403582,0.02032943477326489,0.005225691064982775,0.023580532391583864,0.0059670018116772215,0.03411799759690062,0.006315056297397406,0.018059459665103788,0.0025609614146552585,0.009022954640468992,16.660733357066572,3.787052642014474,7.4225665513488925,10.977260196153782,10.223331102050752,0.1430546945782271,0.3853564547206166,0.07954342076481,0.06175984683557985,0.01529813436331948,0.0632574657268593,0.02318964954899782,0.08478773654981862,0.04395238311081373,0.007868100975956645,0.03649235485165858,0.010436109740859272,0.011279431740120627,0.019467523698869033,0.019474876071898663,0.019467523698869033
66,18,86,297,593,194,19,228,30,1387,782,178,861,220,1004,160,958,32,110,487,182,449,673,336,14,38,21,7,692,2877,481,1757,3041,577,1,172,188,379,378,379,0.013479450577594457,0.020432969879901657,0.0038658688259683087,0.011349940050114292,0.011096920272860685,0.004001640251277735,0.0237899894854507,0.0031444978519935174,0.03034821746014127,0.020047437569600434,0.004559671615524186,0.02022195058680648,0.005250961594275955,0.0325303604817552,0.005317942145176763,0.015243138642440026,0.002643573073192525,0.008941666760825128,17.337130651477395,3.6086051353226924,7.292631031850444,11.244590733655244,10.223331102050752,0.22252952489946434,0.5632132799762858,0.1392009863384175,0.03602657732075491,0.013468586487807991,0.056118325284050016,0.0206559656167925,0.07565873698224039,0.03870813699391386,0.007503957459714023,0.03649235485165858,0.00906571149205957,0.009909033491320926,0.018726374319470464,0.018731560191291845,0.018726374319470464
67,9,51,293,578,160,23,202,18,1079,739,173,820,235,937,174,922,21,91,442,177,482,714,321,15,31,12,7,620,2667,471,1709,2843,575,0,177,193,316,315,316,0.0067397252887972285,0.012117226324127726,0.003813803252554594,0.011062842072455415,0.009152099194111904,0.004844090830494099,0.021077095947636147,0.0018866987111961103,0.023609031463224534,0.018945084864366652,0.004431590952166766,0.019259000558863315,0.005608981702976588,0.030359509732474723,0.005783262082879729,0.01467032758698299,0.0017348448292825946,0.007397197047591696,15.735137059451763,3.509467631605036,7.828615049781545,11.92962523600274,9.766932392137772,0.2384244909637118,0.4594634652438121,0.07954342076481,0.03602657732075491,0.012067230668267275,0.05202209716112666,0.02022652766218143,0.07359179368392078,0.0361878439571513,0.007477947208553836,0.0,0.009329249616828744,0.010172571616090099,0.015613546925996482,0.015609633492743203,0.015613546925996482
68,8,49,267,513,169,13,185,25,635,655,165,736,189,873,160,731,19,96,449,194,534,672,309,14,32,10,5,563,2513,395,1538,2563,495,0,161,177,316,313,316,0.005990866923375315,0.0116420409780835,0.0034753770253654493,0.009818750835933612,0.0096669047737807,0.0027379643824531866,0.019303280942142016,0.0026204148766612646,0.013894101000136775,0.016791651672747168,0.0042266618907948915,0.017286127330882195,0.004511053369627979,0.02828586125555009,0.005317942145176763,0.011631246709419268,0.0015696215122080618,0.00780363644581102,15.98433606265575,3.8465351442450677,8.673195926521464,11.227882575061402,9.401813424207388,0.22252952489946434,0.47428486734845116,0.066286183970675,0.02573326951482494,0.010957823977797541,0.04901819653764952,0.016962799207137294,0.06622830818365721,0.03262379319809314,0.006437537162146346,0.0,0.008485927617567389,0.009329249616828744,0.015613546925996482,0.015510524708662295,0.015613546925996482
69,10,48,271,463,164,20,189,20,1342,604,128,737,193,765,128,809,23,87,449,196,553,687,306,23,38,14,12,500,2328,372,1331,2426,443,1,147,163,302,301,302,0.007488583654219143,0.011404448305061389,0.003527442598779164,0.008861757577070686,0.009380901673964702,0.004212252896081826,0.019720649178728872,0.0020963319013290113,0.029363596129422916,0.015484210092121052,0.0032788649819499764,0.01730961391692959,0.004606525398614815,0.024786579450739768,0.00425435371614141,0.01287233732957618,0.0019000681463571274,0.007072045529016237,15.98433606265575,3.8861901457321304,8.98179278533028,11.478504953969024,9.310533682224792,0.36558421947769143,0.5632132799762858,0.092800657558945,0.06175984683557985,0.009731637635699415,0.04540961461983609,0.01597509191153183,0.05731461520965393,0.030879954076696817,0.005761270631981477,0.03649235485165858,0.007748020868213703,0.008591342867475057,0.014921807505224486,0.01491587200417684,0.014921807505224486
70,5,41,241,425,137,22,159,26,578,527,136,666,190,680,129,672,22,76,414,194,529,647,344,19,30,23,2,507,2026,360,1287,2185,409,0,156,172,277,276,277,0.0037442918271095717,0.009741299593906603,0.0031369507981763045,0.008134442700334863,0.007836484934958319,0.004633478185690008,0.016590387404327462,0.002725231471727715,0.01264691398122686,0.013510229666469859,0.00348379404332185,0.015642066307564595,0.0045349213768746885,0.02203251506732424,0.004287590854548765,0.010692473035198014,0.001817456487819861,0.006177878852933724,14.738341046635814,3.8465351442450677,8.591986226834933,10.810178610215369,10.466743747337674,0.3020043552207016,0.444642063139173,0.1524582231325525,0.010293307805929975,0.009867880562599208,0.039518848462108215,0.015459766365998545,0.0554199171861943,0.02781232467336461,0.005319096362258293,0.0,0.008222389492798216,0.00906571149205957,0.013686558539560207,0.013677012203165475,0.013686558539560207
71,8,41,203,388,146,20,144,23,694,457,126,595,139,645,121,652,16,73,438,189,536,633,286,16,35,8,6,455,1871,343,1134,2024,412,1,141,157,257,256,257,0.005990866923375315,0.009741299593906603,0.0026423278507460156,0.0074262676887762984,0.008351290514627113,0.004212252896081826,0.015025256517126759,0.002410781686528363,0.015185048967078616,0.011715702006786954,0.0032276327166070084,0.013974518698199599,0.0033176530072925353,0.02089848855650608,0.004021693747289927,0.010374244671055216,0.0013217865365962626,0.005934015214002129,15.592737629049484,3.7473976405274114,8.705679806396075,10.576264389901588,8.702002069007484,0.2543194570279593,0.5187490736623684,0.05302894717654,0.030879923417789924,0.008855790248486468,0.03649544199042669,0.014729721843159726,0.048831535422800575,0.025762995486906165,0.005358111738998575,0.03649235485165858,0.0074317751184906945,0.00827509711775205,0.012698359367028785,0.012685924362356382,0.012698359367028785
72,5,28,190,347,98,12,159,24,954,459,113,571,157,611,101,626,17,68,433,196,558,644,330,5,20,16,9,394,1674,271,1086,1896,368,0,152,168,219,218,219,0.0037442918271095717,0.006652594844619143,0.0024731147371514434,0.0066415332165087,0.005605660756393542,0.002527351737649095,0.016590387404327462,0.002515598281594814,0.020873972211229108,0.011766974225635038,0.0028946229918777136,0.013410840633062136,0.003747277137733295,0.01979686280313987,0.0033569509791428315,0.009960547797669578,0.001404398195133529,0.005527575815782806,15.414738341046636,3.8861901457321304,9.06300248501681,10.760054134433844,10.040771618085559,0.07947483032123727,0.296428042092782,0.10605789435308,0.04631988512668489,0.007668530456931139,0.03265278989416049,0.011637768569960016,0.04676459212448097,0.024133715139908148,0.004785886213474455,0.0,0.008011558992982877,0.008854880992244232,0.010820780939219081,0.010802857464819106,0.010820780939219081
73,5,29,180,286,116,13,146,17,406,433,114,517,153,525,101,563,23,74,396,202,511,610,298,20,25,13,6,354,1615,266,989,1706,329,0,139,155,226,225,226,0.0037442918271095717,0.006890187517641256,0.0023429508036171567,0.005474001440695931,0.0066352719157311306,0.0027379643824531866,0.015233940635420187,0.0017818821161296597,0.00888347245048115,0.011100435380609959,0.002920239124549198,0.012142564986502846,0.0036518051087464595,0.01701039766227239,0.0033569509791428315,0.008958128450619765,0.0019000681463571274,0.006015303093645994,14.09754360982556,4.005155150193318,8.299631307963423,10.191976742243238,9.06712103693787,0.3178993212849491,0.37053505261597747,0.08617203916187749,0.030879923417789924,0.006889999446075186,0.03150194485010107,0.01142304959265448,0.04258764420912678,0.021715252124832964,0.004278686315850803,0.0,0.007326359868583025,0.00816968186784438,0.011166650649605078,0.011149738209102289,0.011166650649605078
74,2,31,187,299,85,8,123,17,726,382,105,440,158,478,93,471,27,65,440,211,523,640,295,16,39,20,5,361,1378,213,910,1576,332,0,135,151,193,191,193,0.0014977167308438287,0.00736537286368548,0.0024340655570911575,0.005722819688000292,0.004862052696871949,0.0016849011584327302,0.012834073275045772,0.0017818821161296597,0.015885224135589446,0.009792993799983845,0.0026896939305058403,0.010334097860853486,0.003771145144980004,0.015487562062030861,0.0030910538718839932,0.007494277975562894,0.002230514780506193,0.005283712176851211,15.663937344250623,4.1836026568851,8.494534587211096,10.69322150005848,8.975841294955273,0.2543194570279593,0.5780346820809249,0.13257236794135,0.02573326951482494,0.0070262423729749775,0.026879058825658993,0.009147028433215807,0.03918580003064243,0.0200605142724131,0.0043177016925910845,0.0,0.007115529368767686,0.00795885136802904,0.009536122014928232,0.009464888879726832,0.009536122014928232
75,5,25,172,265,99,13,103,14,546,377,86,412,126,441,80,497,16,55,436,184,539,690,298,21,28,14,5,298,1297,233,874,1441,293,0,137,153,198,197,198,0.0037442918271095717,0.005939816825552807,0.0022388196567897276,0.005072064271973503,0.005662861376356741,0.0027379643824531866,0.010747232092111501,0.001467432330930308,0.01194673881271603,0.009664813252863638,0.0022029874097476403,0.009676473451526446,0.00300736891308532,0.014288734036308808,0.0026589710725883815,0.007907974848948531,0.0013217865365962626,0.004470833380412564,15.521537913848345,3.648260136809755,8.754405626207994,11.528629429750547,9.06712103693787,0.33379428734919653,0.41499925892989475,0.092800657558945,0.02573326951482494,0.005800056030876852,0.02529908512110284,0.010005904342437947,0.037635592556902735,0.01834213265643863,0.003810501794967433,0.0,0.007220944618675356,0.008064266617936711,0.009783171808061087,0.00976221523196956,0.009783171808061087
76,7,15,168,246,93,4,104,18,330,343,90,416,123,420,94,460,10,54,411,194,503,643,280,12,31,20,7,308,1167,215,753,1373,247,0,114,130,188,187,188,0.0052420085579534,0.003563890095331684,0.002186754083376013,0.004708406833605592,0.005319657656577544,0.0008424505792163651,0.010851574151258215,0.0018866987111961103,0.00722055642526793,0.008793185532446226,0.0023054519404335774,0.009770419795716023,0.002935764891345193,0.013608318129817913,0.003124291010291348,0.007319252375284355,0.0008261165853726641,0.004389545500768699,14.631541473834105,3.8465351442450677,8.169695788464974,10.743345975840002,8.519442585042293,0.19073959277096944,0.4594634652438121,0.13257236794135,0.03602657732075491,0.0059946887835908395,0.022763324854531235,0.00923291602413802,0.032425172992388736,0.017476577472095932,0.003212266018283126,0.0,0.006008669244737157,0.006851991243998512,0.009289072221795376,0.009266671311565014,0.009289072221795376
77,1,13,149,194,68,13,80,11,673,305,79,354,131,359,71,390,16,34,447,177,511,647,280,12,25,14,9,262,1049,174,696,1225,240,0,138,154,160,160,160,0.0007488583654219143,0.0030887047492874596,0.0019394426096608687,0.0037131338443881492,0.0038896421574975597,0.0027379643824531866,0.008347364731737089,0.0011529825457309564,0.014725559012743384,0.007819013374332651,0.002023674481047251,0.008314251460777577,0.003126708949318864,0.01163187192524912,0.0023598368269221884,0.006205453100784562,0.0013217865365962626,0.002763787907891403,15.91313634745461,3.509467631605036,8.299631307963423,10.810178610215369,8.519442585042293,0.19073959277096944,0.37053505261597747,0.092800657558945,0.04631988512668489,0.005099378121106494,0.020461634766412395,0.007472220410232631,0.02997067782563421,0.015592722070879472,0.0031212301392224704,0.0,0.00727365224362919,0.008116974242890545,0.007905593380251383,0.007928702726472739,0.007905593380251383
78,3,18,135,213,77,5,88,15,307,259,77,347,95,343,77,343,24,40,419,201,517,709,269,16,37,12,5,244,975,161,589,1089,228,0,98,114,129,127,129,0.002246575096265743,0.0042766681143980205,0.0017572131027128676,0.0040767912827560605,0.004404447737166355,0.0010530632240204564,0.009182101204910796,0.0015722489259967587,0.006717305522900771,0.006639752340826742,0.0019724422157042826,0.008149845358445817,0.0022674606884373442,0.011113459806017962,0.002559259657366317,0.005457616445048987,0.001982679804894394,0.003251515185754592,14.916340334638662,3.9853276494497867,8.39708294758726,11.846084443033533,8.184750197772775,0.2543194570279593,0.5483918778716467,0.07954342076481,0.02573326951482494,0.0047490391662213145,0.019018201999287023,0.006913951069238238,0.025363116723130102,0.013861611702194078,0.0029651686322613472,0.0,0.005165347245475802,0.006008669244737157,0.006373884662827678,0.006293407789137736,0.006373884662827678
79,7,23,125,190,59,9,82,10,395,271,62,297,127,283,65,330,20,34,433,184,506,698,292,19,37,22,5,217,932,155,539,1068,188,2,115,131,126,126,126,0.0052420085579534,0.005464631479508582,0.001627049169178581,0.0036365743836791154,0.003374836577828765,0.0018955138032368216,0.008556048850030515,0.0010481659506645057,0.008642787236305552,0.00694738565391524,0.00158820022563202,0.006975516056076102,0.0030312369203320286,0.009169414358901116,0.0021604139964780597,0.005250768008356168,0.0016522331707453282,0.002763787907891403,15.414738341046636,3.648260136809755,8.218421608276893,11.66229469850128,8.884561552972677,0.3020043552207016,0.5483918778716467,0.14582960473548498,0.02573326951482494,0.004223530733893546,0.018179450526497953,0.006656288296471596,0.023210050787380518,0.013594307895264716,0.0024449636090576017,0.07298470970331716,0.006061376869690991,0.006904698868952347,0.006225654786947964,0.006243853397097282,0.006225654786947964
80,2,13,100,168,67,6,74,12,504,227,60,280,93,293,43,323,8,41,382,203,516,742,286,15,34,18,13,199,845,129,543,942,184,0,125,141,132,132,132,0.0014977167308438287,0.0030887047492874596,0.0013016393353428649,0.0032154973497794284,0.00383244153753436,0.0012636758688245476,0.007721312376856806,0.001257799140797407,0.011027758904045566,0.005819396839257415,0.0015369679602890516,0.0065762440932704,0.0022197246739439264,0.009493421933420591,0.0014291969515162549,0.005139388080906188,0.0006608932682981313,0.0033328030653984562,13.599145603417586,4.024982650936849,8.380841007649954,12.397453676630299,8.702002069007484,0.2384244909637118,0.5039276715577293,0.119315131147215,0.06690650073854484,0.003873191779008367,0.01648244173271542,0.005539749614482812,0.023382296062240484,0.011990485053688542,0.0023929431067372274,0.0,0.006588453119229338,0.0074317751184906945,0.006522114538707391,0.00654117974934001,0.006522114538707391
81,2,7,86,152,58,8,62,9,217,241,44,268,106,279,49,253,22,56,444,209,500,774,296,16,30,22,7,186,712,134,467,809,184,1,119,135,109,108,109,0.0014977167308438287,0.0016631487111547858,0.0011194098283948638,0.0029092595069432924,0.0033176359578655653,0.0016849011584327302,0.006469207667096243,0.0009433493555980551,0.004748062861464063,0.006178302371193996,0.0011271098375453044,0.006294405060701669,0.002530008768151142,0.009039811329093327,0.0016286197819603836,0.004025588806406395,0.001817456487819861,0.004552121260056428,15.806336774652902,4.143947655398037,8.120969968653055,12.932114751633224,9.006267875616139,0.2543194570279593,0.444642063139173,0.14582960473548498,0.03602657732075491,0.0036201692004801823,0.013888163921530626,0.005754468591788348,0.020109635839901118,0.010297560943135914,0.0023929431067372274,0.03649235485165858,0.00627220736950633,0.007115529368767686,0.005385685490296255,0.005351874340369099,0.005385685490296255
82,4,12,85,159,41,6,70,7,389,179,45,241,77,225,41,264,20,29,408,224,517,751,301,12,30,15,8,178,708,109,431,747,177,1,78,94,94,93,94,0.0029954334616876573,0.002851112076265347,0.0011063934350414352,0.0030432385631841015,0.0023452254184911756,0.0012636758688245476,0.0073039441402699525,0.000733716165465154,0.008511504392209771,0.004588863586903425,0.0011527259702167887,0.005660267237422023,0.0018378365579965843,0.007290170426688167,0.0013627226747015453,0.004200614406684934,0.0016522331707453282,0.002357348509672079,14.524741901032396,4.441360166551006,8.39708294758726,12.547827103974871,9.158400778920464,0.19073959277096944,0.444642063139173,0.09942927595601249,0.0411732312237199,0.0034644629983089916,0.013810140528713037,0.0046808737052606705,0.018559428366161417,0.009508378275058748,0.002301907227676572,0.03649235485165858,0.004111194746399108,0.004954516745660463,0.004644536110897688,0.004608558459762279,0.004644536110897688
83,4,15,77,145,40,10,58,7,288,194,34,244,94,209,45,246,17,30,456,215,475,807,267,24,38,14,5,158,662,100,420,705,144,0,95,111,90,90,90,0.0029954334616876573,0.003563890095331684,0.001002262288214006,0.002775280450702483,0.002288024798527976,0.002106126448040913,0.006051839430509389,0.000733716165465154,0.006301576516597466,0.004973405228264047,0.0008709485108304625,0.005730726995564206,0.002243592681190635,0.006771758307457009,0.0014956712283309644,0.003914208878956416,0.001404398195133529,0.0024386363893159437,16.233535065859737,4.262912659859224,7.7149214702204025,13.483483985229988,8.123897036451044,0.3814791855419389,0.5632132799762858,0.092800657558945,0.02573326951482494,0.003075197492881015,0.012912871511310778,0.004294379546110707,0.018085753860296507,0.008973770661200023,0.0018727380835334823,0.0,0.005007224370614297,0.0058505463698756525,0.004446896276391403,0.004459895283640916,0.004446896276391403
84,1,11,78,136,44,5,61,4,181,163,37,195,72,210,38,196,16,34,393,203,489,816,277,23,46,14,4,153,541,114,361,648,143,1,82,98,88,87,88,0.0007488583654219143,0.002613519403243235,0.0010152786815674345,0.002603021664107156,0.002516827278380774,0.0010530632240204564,0.00636486560794953,0.0004192663802658023,0.0039603657968893795,0.004178685836118761,0.0009477969088449151,0.004579884279241886,0.0017184965217630398,0.006804159064908956,0.0012630112594794812,0.0031186379685994208,0.0013217865365962626,0.002763787907891403,13.990744037023852,4.024982650936849,7.942308629342689,13.63385741257456,8.428162843059697,0.36558421947769143,0.6817844968133986,0.092800657558945,0.02058661561185995,0.0029778811165240213,0.010552663878578748,0.0048955926825662065,0.015545136056111998,0.008248231756677469,0.0018597329579533887,0.03649235485165858,0.004322025246214447,0.005165347245475802,0.004348076359138261,0.004311232107519551,0.004348076359138261
85,2,9,81,149,34,8,42,7,415,148,32,211,77,169,40,195,18,25,434,205,535,851,281,19,41,19,6,125,532,72,329,587,129,1,92,108,71,71,71,0.0014977167308438287,0.0021383340571990103,0.0010543278616277206,0.0028518399114115167,0.0019448210787487799,0.0016849011584327302,0.004382366484161971,0.000733716165465154,0.009080396716624821,0.0037941441947581386,0.0008197162454874941,0.0049556696560001945,0.0018378365579965843,0.005475728009379112,0.0013294855362941907,0.003102726550392281,0.0014870098536707954,0.0020321969910966197,15.450338198647206,4.064637652423912,8.68943786645877,14.218642963359008,8.549869165703159,0.3020043552207016,0.607677486290203,0.1259437495442825,0.030879923417789924,0.0024329094089248536,0.010377111244739175,0.003091953273199709,0.014167173857232264,0.007471777841311225,0.001677661199832078,0.03649235485165858,0.004849101495752794,0.005692423495014149,0.0035081070624865514,0.003518361834872278,0.0035081070624865514
86,5,7,66,119,36,9,40,10,150,159,41,177,71,160,45,190,10,22,446,222,476,881,282,30,41,17,5,153,464,80,299,562,115,0,95,111,78,78,78,0.0037442918271095717,0.0016631487111547858,0.0008590819613262909,0.0022776439560937617,0.0020592223186751786,0.0018955138032368216,0.004173682365868544,0.0010481659506645057,0.0032820711023945136,0.0040761413984225945,0.0010502614395308519,0.004157125730388789,0.001694628514516331,0.005184121192311586,0.0014956712283309644,0.0030231694593565814,0.0008261165853726641,0.0017883333521650255,15.877536489854041,4.401705165063944,7.731163410157709,14.71988772117425,8.580295746364024,0.4768489819274236,0.607677486290203,0.11268651275014749,0.02573326951482494,0.0029778811165240213,0.009050713566840183,0.0034355036368885657,0.012875334295782513,0.007153559023538174,0.0014955894417107672,0.0,0.005007224370614297,0.0058505463698756525,0.0038539767728725492,0.00386524257915546,0.0038539767728725492
87,2,9,43,129,49,10,37,3,207,151,33,137,83,143,37,160,19,20,430,211,531,881,282,23,46,16,9,94,469,74,286,501,110,0,85,101,71,71,71,0.0014977167308438287,0.0021383340571990103,0.0005597049141974319,0.0024690426078663465,0.002802830378196771,0.002106126448040913,0.003860656188428403,0.00031444978519935173,0.004529258121304429,0.003871052523030263,0.0008453323781589784,0.0032176622884930173,0.0019810446014768375,0.00463330831562848,0.0012297741210721264,0.0025458269131423844,0.0015696215122080618,0.001625757592877296,15.307938768244927,4.1836026568851,8.624470106709545,14.71988772117425,8.580295746364024,0.36558421947769143,0.6817844968133986,0.10605789435308,0.04631988512668489,0.00182954787551149,0.009148242807862167,0.0031778408641219232,0.012315537152487623,0.006377105108171932,0.001430563813810299,0.0,0.00448014812107595,0.0053234701203373055,0.0035081070624865514,0.003518361834872278,0.0035081070624865514
88,0,7,60,127,34,12,36,2,237,126,34,162,72,138,37,157,15,23,412,195,476,1001,273,14,51,25,6,101,421,74,283,429,94,0,91,107,80,80,80,0.0,0.0016631487111547858,0.000780983601205719,0.0024307628775118296,0.0019448210787487799,0.002527351737649095,0.0037563141292816897,0.00020963319013290115,0.005185672341783331,0.0032301497874292263,0.0008709485108304625,0.003804826939677874,0.0017184965217630398,0.004471304528368743,0.0012297741210721264,0.0024980926585209647,0.0012391748780589962,0.0018696212318088901,14.667141331434674,3.866362644988599,7.731163410157709,16.724866752435215,8.306456520416235,0.22252952489946434,0.755891507336594,0.1657154599266875,0.030879923417789924,0.0019657908024112818,0.008211962094051114,0.0031778408641219232,0.012186353196342647,0.005460634912985546,0.0012224818045288009,0.0,0.0047963938707989585,0.005639715870060314,0.003952796690125692,0.0039643513632363694,0.003952796690125692
89,2,3,52,124,35,9,29,2,114,126,22,133,57,129,22,158,8,25,438,241,461,1046,250,32,38,23,4,96,347,56,239,444,95,1,78,94,58,58,58,0.0014977167308438287,0.0007127780190663368,0.0006768524543782897,0.0023733432819800543,0.002002021698711979,0.0018955138032368216,0.0030259197152546946,0.00020963319013290115,0.0024943740378198303,0.0032301497874292263,0.0005635549187726522,0.00312371594430344,0.0013604764130624065,0.004179697711301216,0.0007312170449618048,0.0025140040767281046,0.0006608932682981313,0.0020321969910966197,15.592737629049484,4.778427679191037,7.487534311098117,17.476733889158076,7.606645165216333,0.5086389140559185,0.5632132799762858,0.1524582231325525,0.02058661561185995,0.0018684744260542877,0.0067685293269257405,0.002404852545821996,0.010291655172883014,0.005651566203649376,0.0012354869301088947,0.03649235485165858,0.004111194746399108,0.004954516745660463,0.0028657776003411265,0.002874154738346368,0.0028657776003411265
90,1,7,46,111,32,11,35,2,224,85,25,123,60,125,26,148,9,29,408,225,475,1012,260,32,48,20,7,88,361,65,216,411,82,0,87,103,53,53,53,0.0007488583654219143,0.0016631487111547858,0.0005987540942577178,0.0021245250346756937,0.001830419838822381,0.002316739092845004,0.0036519720701349762,0.00020963319013290115,0.004901226179575807,0.0021790693010435257,0.0006404033167871048,0.0028888500838294973,0.0014320804348025332,0.0040500946814934265,0.000864165598591224,0.0023548898946567057,0.0007435049268353977,0.002357348509672079,14.524741901032396,4.461187667294538,7.7149214702204025,16.90865649696747,7.910910971824986,0.5086389140559185,0.7114273010226767,0.13257236794135,0.03602657732075491,0.001712768223883097,0.0070416112017872975,0.00279134670497196,0.009301244842438204,0.00523151736418895,0.0010664202975676775,0.0,0.00458556337098362,0.005428885370244975,0.0026187278072082707,0.0026263827781440948,0.0026187278072082707
91,6,3,47,112,30,5,21,5,156,101,27,118,78,103,26,145,11,18,428,256,471,1135,260,27,52,25,9,64,311,53,181,356,64,0,85,101,57,57,57,0.004493150192531486,0.0007127780190663368,0.0006117704876111465,0.002143664899852952,0.0017160185988959822,0.0010530632240204564,0.0021911832420809857,0.0005240829753322528,0.003413353946490294,0.002589247051828189,0.0006916355821300732,0.002771417153592526,0.0018617045652432932,0.0033372780175505833,0.000864165598591224,0.0023071556400352856,0.0009087282439099305,0.0014631818335895663,15.236739053043788,5.075840190344007,7.649953710471179,18.96376000400996,7.910910971824986,0.42916408373468123,0.7707129094412332,0.1657154599266875,0.04631988512668489,0.0012456496173695252,0.00606631879156745,0.002276021159438675,0.007794098687413495,0.004531435965088239,0.0008323280371259922,0.0,0.00448014812107595,0.0053234701203373055,0.0028163676417145554,0.0028246003463059132,0.0028163676417145554
92,3,3,50,103,33,5,29,7,101,74,20,106,60,112,9,130,9,16,442,251,448,1234,246,22,71,25,7,66,274,55,167,327,75,0,95,111,53,53,53,0.002246575096265743,0.0007127780190663368,0.0006508196676714324,0.0019714061132576257,0.0018876204587855803,0.0010530632240204564,0.0030259197152546946,0.000733716165465154,0.0022099278756123057,0.0018970720973790693,0.0005123226534296838,0.0024895781210237944,0.0014320804348025332,0.00362888483461811,0.0002991342456661929,0.0020684843669281873,0.0007435049268353977,0.0013006060743018368,15.735137059451763,4.976702686626351,7.2763890919131375,20.617867704800254,7.484938842572872,0.349689253413444,1.052319549429376,0.1657154599266875,0.03602657732075491,0.0012845761679123229,0.005344602408004763,0.002361908750360889,0.007191240225403611,0.0041623021364715004,0.000975384418507022,0.0,0.005007224370614297,0.0058505463698756525,0.0026187278072082707,0.0026263827781440948,0.0026187278072082707
93,6,6,55,100,24,5,30,2,197,80,24,77,49,87,16,102,16,19,449,240,502,1291,254,37,92,28,13,60,269,63,165,311,70,1,81,97,36,36,36,0.004493150192531486,0.0014255560381326736,0.0007159016344385757,0.0019139865177258502,0.0013728148791167856,0.0010530632240204564,0.003130261774401408,0.00020963319013290115,0.004310453381144794,0.002050888753923318,0.0006147871841156206,0.0018084671256493599,0.0011695323550887354,0.0028188658983194247,0.0005317942145176762,0.00162296465712827,0.0013217865365962626,0.001544469713233431,15.98433606265575,4.758600178447506,8.153453848527668,21.570232744649214,7.728351487859794,0.5881137443771558,1.3635689936267972,0.18560131511789,0.06690650073854484,0.00116779651628393,0.005247073166982779,0.0027054591140497457,0.007105117587973628,0.003958642093096747,0.000910358790606554,0.03649235485165858,0.0042693176212606114,0.005112639620521967,0.0017787585105565613,0.0017839581134563662,0.0017787585105565613
94,2,5,50,90,20,4,17,0,80,66,26,92,53,71,12,92,8,19,450,241,446,1373,255,56,103,33,25,41,226,38,133,258,62,1,70,86,38,38,38,0.0014977167308438287,0.0011879633651105614,0.0006508196676714324,0.001722587865953265,0.001144012399263988,0.0008424505792163651,0.0017738150054941312,0.0,0.0017504379212770738,0.0016919832219867376,0.000666019449458589,0.0021607659163602744,0.001265004384075571,0.002300453779088266,0.0003988456608882572,0.001463850475056871,0.0006608932682981313,0.001544469713233431,16.01993592025632,4.778427679191037,7.243905212038525,22.940301749344204,7.75877806852066,0.8901180995978574,1.5266044167778272,0.21874440710322748,0.12866634757412468,0.0007979942861273521,0.00440832169419371,0.0016318642275220687,0.0057271553890938945,0.0032840181994178807,0.0008063177859658049,0.03649235485165858,0.0036895337467684297,0.004532855746029785,0.0018775784278097037,0.0018830668975372755,0.0018775784278097037
95,3,7,51,86,36,6,23,4,119,67,20,84,57,77,20,97,7,16,447,280,472,1496,247,83,132,33,21,56,250,45,123,255,62,2,66,82,36,36,36,0.002246575096265743,0.0016631487111547858,0.0006638360610248611,0.001646028405244231,0.0020592223186751786,0.0012636758688245476,0.002399867360374413,0.0004192663802658023,0.0026037764078996476,0.001717619331410779,0.0005123226534296838,0.00197287322798112,0.0013604764130624065,0.0024948583237999504,0.0006647427681470954,0.0015434075660925705,0.0005782816097608649,0.0013006060743018368,15.91313634745461,5.551700208188757,7.6661956504084845,24.995405256386693,7.515365423233737,1.3192821833325385,1.956425077812361,0.21874440710322748,0.10807973196226474,0.0010899434151983346,0.004876462051099237,0.0019324707957498182,0.005296542201943978,0.0032458319412851148,0.0008063177859658049,0.07298470970331716,0.003478703246953091,0.004322025246214447,0.0017787585105565613,0.0017839581134563662,0.0017787585105565613
96,2,4,43,79,28,4,19,5,131,57,11,73,55,85,20,90,0,13,442,266,414,1615,248,80,165,51,17,0,177,30,128,222,52,0,71,87,47,47,47,0.0014977167308438287,0.0009503706920884491,0.0005597049141974319,0.0015120493490034216,0.0016016173589695833,0.0008424505792163651,0.0019824991237875583,0.0005240829753322528,0.0028663420960912084,0.0014612582371703643,0.0002817774593863261,0.0017145207814597827,0.0013127403985689888,0.00275406438341553,0.0006647427681470954,0.0014320276386425913,0.0,0.0010567424353702423,15.735137059451763,5.274115197779319,6.72416313404473,26.983676129053816,7.5457920038946025,1.2715972851397963,2.4455313472654514,0.3380595382504425,0.08749311635040478,0.0,0.0034525351321782593,0.0012883138638332121,0.005511848795518936,0.002825783101824688,0.0006762665301648686,0.0,0.0037422413717222644,0.00458556337098362,0.002322268055448844,0.002329056425901367,0.002322268055448844
97,4,6,0,103,20,7,26,0,65,54,13,89,0,74,0,85,0,14,445,256,485,1763,266,79,174,65,25,0,167,26,107,205,57,1,0,0,35,35,35,0.0029954334616876573,0.0014255560381326736,0.0,0.0019714061132576257,0.001144012399263988,0.001474288513628639,0.002712893537814554,0.0,0.0014222308110376225,0.0013843499088982399,0.0003330097247292945,0.0020903061582180915,0.0,0.0023976560514441083,0.0,0.0013524705476068916,0.0,0.001138030315014107,15.841936632253471,5.075840190344007,7.877340869593464,29.45648360094234,8.093470455790179,1.2557023190755487,2.578923966207203,0.4308601958093875,0.12866634757412468,0.0,0.00325747665013429,0.0011165386819887838,0.004607561102504111,0.0026093943057390137,0.0007412921580653368,0.03649235485165858,0.0,0.0,0.0017293485519299901,0.0017344037214159116,0.0017293485519299901
98,4,3,0,90,17,6,24,0,131,44,0,70,0,61,0,99,0,12,445,311,475,1842,265,80,158,62,34,0,125,0,104,203,0,1,0,0,34,34,34,0.0029954334616876573,0.0007127780190663368,0.0,0.001722587865953265,0.0009724105393743899,0.0012636758688245476,0.0025042094195211265,0.0,0.0028663420960912084,0.001127988814657825,0.0,0.0016440610233176,0.0,0.0019764462045687922,0.0,0.0015752304025068503,0.0,0.0009754545557263775,15.841936632253471,6.166352731238227,7.7149214702204025,30.77642812985581,8.063043875129313,1.2715972851397963,2.341781532532978,0.410974340618185,0.17498623270080957,0.0,0.0024382310255496183,0.0,0.004478377146359135,0.00258393680031717,0.0,0.03649235485165858,0.0,0.0,0.001679938593303419,0.001684849329375457,0.001679938593303419
99,2,4,0,81,18,7,22,0,86,50,0,61,0,55,0,92,0,17,433,234,432,1872,267,74,183,68,22,0,147,0,85,199,0,0,0,0,37,37,37,0.0014977167308438287,0.0009503706920884491,0.0,0.0015503290793579387,0.0010296111593375893,0.001474288513628639,0.002295525301227699,0.0,0.0018817207653728544,0.001281805471202074,0.0,0.0014326817488910515,0.0,0.0017820416598571076,0.0,0.001463850475056871,0.0,0.0013818939539457014,15.414738341046636,4.639635173986319,7.01651805291624,31.27767288767105,8.123897036451044,1.1762274887543116,2.712316585148955,0.45074605100058995,0.11322638586522973,0.0,0.002867359686046351,0.0,0.0036602120907742934,0.0025330217894734817,0.0,0.0,0.0,0.0,0.0018281684691831325,0.0018335125054968209,0.0018281684691831325
100,0,0,0,75,26,4,12,0,58,33,0,52,0,55,0,82,0,15,464,279,463,2150,253,91,209,84,35,0,130,0,59,162,0,1,0,0,32,32,32,0.0,0.0,0.0,0.0014354898882943876,0.0014872161190431846,0.0008424505792163651,0.0012521047097605632,0.0,0.0012690674929258785,0.0008459916109933688,0.0,0.001221302474464503,0.0,0.0017820416598571076,0.0,0.001304736292985472,0.0,0.0012193181946579719,16.518333926664294,5.531872707445226,7.5200181909727295,35.92254097675895,7.697924907198929,1.4464419118465184,3.0976730398695715,0.55680394535367,0.18013288660377458,0.0,0.002535760266571603,0.0,0.0025406178041845096,0.0020620579391693672,0.0,0.03649235485165858,0.0,0.0,0.0015811186760502766,0.0015857405452945478,0.0015811186760502766
101,2,5,0,77,17,5,13,0,116,46,0,42,0,41,0,72,0,17,457,291,428,2256,251,83,177,65,25,0,132,0,82,153,0,2,0,0,27,27,27,0.0014977167308438287,0.0011879633651105614,0.0,0.0014737696186489047,0.0009724105393743899,0.0010530632240204564,0.001356446768907277,0.0,0.002538134985851757,0.001179261033505908,0.0,0.00098643661399056,0.0,0.0013284310555298439,0.0,0.0011456221109140729,0.0,0.0013818939539457014,16.269134923460307,5.769802716367602,6.951550293167015,37.69360578770614,7.637071745877199,1.3192821833325385,2.6233881725211203,0.4308601958093875,0.12866634757412468,0.0,0.002574771962980397,0.0,0.0035310281346293184,0.0019474991647710689,0.0,0.07298470970331716,0.0,0.0,0.001334068882917421,0.0013379685850922747,0.001334068882917421
102,4,1,0,69,12,12,8,0,44,33,0,47,0,42,0,62,0,19,480,291,467,2416,239,90,195,68,29,0,106,0,79,144,0,1,0,0,26,26,26,0.0029954334616876573,0.00023759267302211228,0.0,0.0013206506972308367,0.0006864074395583928,0.002527351737649095,0.0008347364731737089,0.0,0.0009627408567023907,0.0008459916109933688,0.0,0.0011038695442275315,0.0,0.0013608318129817913,0.0,0.000986507928842674,0.0,0.001544469713233431,17.087931648273408,5.769802716367602,7.584985950721954,40.366911162720754,7.271952777946814,1.4305469457822708,2.8901734104046244,0.45074605100058995,0.14925296318598463,0.0,0.002067619909666076,0.0,0.003401844178484343,0.0018329403903727707,0.0,0.03649235485165858,0.0,0.0,0.0012846589242908497,0.00128841419305182,0.0012846589242908497
103,3,1,0,64,16,4,8,0,68,39,0,47,0,51,0,69,0,18,435,302,415,2531,241,86,187,77,24,0,98,0,56,120,0,1,0,0,24,24,24,0.002246575096265743,0.00023759267302211228,0.0,0.001224951371344544,0.0009152099194111905,0.0008424505792163651,0.0008347364731737089,0.0,0.0014878722330855128,0.0009998082675376175,0.0,0.0011038695442275315,0.0,0.0016524386300493178,0.0,0.0010978878562926532,0.0,0.0014631818335895663,15.485938056247775,5.987905224546446,6.7404050739820365,42.28834940101252,7.332805939268545,1.366967081525281,2.7716021935675115,0.5104036165741975,0.1235196936711597,0.0,0.0019115731240309007,0.0,0.0024114338480395346,0.0015274503253106422,0.0,0.03649235485165858,0.0,0.0,0.0011858390070377076,0.0011893054089709108,0.0011858390070377076
104,1,2,0,85,24,4,11,0,73,35,0,44,0,38,0,65,0,6,472,316,451,2794,231,106,196,75,26,0,85,0,60,109,0,0,0,0,33,33,33,0.0007488583654219143,0.00047518534604422456,0.0,0.0016268885400669726,0.0013728148791167856,0.0008424505792163651,0.0011477626506138496,0.0,0.00159727460316533,0.0008972638298414517,0.0,0.0010334097860853486,0.0,0.0012312287831740016,0.0,0.0010342421834640936,0.0,0.00048772727786318876,16.80313278746885,6.265490234955884,7.3251149117250565,46.682595111192796,7.0285401326598915,1.68486640281023,2.9049948125092633,0.4971463797800625,0.1338130014770897,0.0,0.0016579970973737404,0.0,0.002583679122899501,0.0013874340454905001,0.0,0.0,0.0,0.0,0.0016305286346768478,0.0016352949373350024,0.0016305286346768478
105,1,0,0,62,12,8,9,0,38,21,0,36,0,35,0,60,0,11,485,309,422,2972,242,88,179,87,30,0,98,0,52,109,0,0,0,0,24,24,24,0.0007488583654219143,0.0,0.0,0.0011866716409900272,0.0006864074395583928,0.0016849011584327302,0.0009390785323204224,0.0,0.0008314580126066101,0.000538358297904871,0.0,0.0008455170977061942,0.0,0.0011340265108181593,0.0,0.0009546850924283941,0.0,0.0008941666760825127,17.265930936276256,6.1266977297511644,6.854098653543179,49.65664734089656,7.363232519929411,1.398757013653776,2.6530309767303986,0.5766898005448725,0.15439961708894964,0.0,0.0019115731240309007,0.0,0.0022391885731795676,0.0013874340454905001,0.0,0.0,0.0,0.0,0.0011858390070377076,0.0011893054089709108,0.0011858390070377076
106,2,1,0,49,19,6,14,0,82,24,0,34,0,30,0,37,0,11,475,283,399,3320,244,109,194,68,26,0,66,0,42,101,0,0,0,0,32,32,32,0.0014977167308438287,0.00023759267302211228,0.0,0.0009378533936856665,0.0010868117793007886,0.0012636758688245476,0.0014607888280539904,0.0,0.0017941988693090008,0.0006152666261769954,0.0,0.0007985439256114057,0.0,0.0009720227235584223,0.0,0.0005887224736641764,0.0,0.0008941666760825127,16.90993236027056,5.611182710419351,6.480534034985138,55.47108653155336,7.424085681251141,1.7325513010029725,2.875352008299985,0.45074605100058995,0.1338130014770897,0.0,0.0012873859814901984,0.0,0.0018085753860296507,0.0012856040238031238,0.0,0.0,0.0,0.0,0.0015811186760502766,0.0015857405452945478,0.0015811186760502766
107,1,1,0,55,16,1,10,0,52,26,0,41,0,23,0,58,0,17,458,324,385,3412,241,89,173,85,33,0,86,0,50,81,0,0,0,0,30,30,30,0.0007488583654219143,0.00023759267302211228,0.0,0.0010526925847492176,0.0009152099194111905,0.00021061264480409127,0.001043420591467136,0.0,0.0011377846488300981,0.0006665388450250784,0.0,0.0009629500279431656,0.0,0.0007452174213947904,0.0,0.0009228622560141143,0.0,0.0013818939539457014,16.304734781060876,6.424110240904134,6.253146875862853,57.00823712218676,7.332805939268545,1.4146519797180235,2.5641025641025643,0.5634325637507375,0.1698395787978446,0.0,0.0016775029455781373,0.0,0.002153065935749584,0.0010310289695846836,0.0,0.0,0.0,0.0,0.0014822987587971344,0.0014866317612136385,0.0014822987587971344
108,1,2,0,62,12,4,11,0,38,25,0,35,0,25,0,58,0,16,437,309,423,3647,242,94,168,62,23,0,67,0,43,88,0,0,0,0,22,22,22,0.0007488583654219143,0.00047518534604422456,0.0,0.0011866716409900272,0.0006864074395583928,0.0008424505792163651,0.0011477626506138496,0.0,0.0008314580126066101,0.000640902735601037,0.0,0.0008220305116588,0.0,0.0008100189362986852,0.0,0.0009228622560141143,0.0,0.0013006060743018368,15.557137771448915,6.1266977297511644,6.870340593480485,60.934654391739485,7.363232519929411,1.4941268100392606,2.4899955535793685,0.410974340618185,0.11837303976819472,0.0,0.0013068918296945955,0.0,0.0018516367047446425,0.0011201302385611376,0.0,0.0,0.0,0.0,0.0010870190897845652,0.0010901966248900016,0.0010870190897845652
109,0,2,0,66,15,2,14,0,72,26,0,14,0,28,0,46,0,8,441,355,408,3931,240,80,166,78,27,0,64,0,25,69,0,0,0,0,15,15,15,0.0,0.00047518534604422456,0.0,0.0012632311016990611,0.0008580092994479911,0.00042122528960818255,0.0014607888280539904,0.0,0.0015753941291493665,0.0006665388450250784,0.0,0.00032881220466352,0.0,0.0009072212086545275,0.0,0.0007319252375284355,0.0,0.0006503030371509184,15.699537201851193,7.038762763953604,6.626711494420893,65.67977143239044,7.30237935860768,1.2715972851397963,2.4603527493700903,0.5170322349712649,0.13895965538005467,0.0,0.0012483742850814045,0.0,0.001076532967874792,0.0008782839370536193,0.0,0.0,0.0,0.0,0.0007411493793985672,0.0007433158806068193,0.0007411493793985672
110,1,2,0,67,19,3,11,0,31,14,0,25,0,33,0,49,0,11,460,302,412,4169,248,69,187,78,30,0,42,0,39,67,0,0,0,0,19,19,19,0.0007488583654219143,0.00047518534604422456,0.0,0.0012823709668763196,0.0010868117793007886,0.0006318379344122738,0.0011477626506138496,0.0,0.0006782946944948661,0.0003589055319365807,0.0,0.0005871646511848572,0.0,0.0010692249959142646,0.0,0.0007796594921498552,0.0,0.0008941666760825127,16.375934496262015,5.987905224546446,6.6916792541701176,69.65631317772468,7.5457920038946025,1.0967526584330742,2.7716021935675115,0.5170322349712649,0.15439961708894964,0.0,0.0008192456245846718,0.0,0.0016793914298846757,0.0008528264316317752,0.0,0.0,0.0,0.0,0.0009387892139048518,0.0009415334487686377,0.0009387892139048518
111,1,0,0,53,17,3,4,0,50,14,0,30,0,27,0,62,0,13,485,307,441,4285,251,80,184,78,31,0,46,0,25,72,0,0,0,0,17,17,17,0.0007488583654219143,0.0,0.0,0.0010144128543947005,0.0009724105393743899,0.0006318379344122738,0.00041736823658685443,0.0,0.0010940237007981712,0.0003589055319365807,0.0,0.0007045975814218286,0.0,0.0008748204512025801,0.0,0.000986507928842674,0.0,0.0010567424353702423,17.265930936276256,6.087042728264102,7.162695512351995,71.59445957461028,7.637071745877199,1.2715972851397963,2.7271379872535944,0.5170322349712649,0.15954627099191462,0.0,0.0008972690174022596,0.0,0.001076532967874792,0.0009164701951863854,0.0,0.0,0.0,0.0,0.0008399692966517095,0.0008424246646877285,0.0008399692966517095
112,2,0,0,48,15,5,6,0,58,20,0,23,0,26,0,43,0,15,468,330,422,4488,256,74,171,78,23,0,46,0,31,51,0,0,0,0,22,22,22,0.0014977167308438287,0.0,0.0,0.0009187135285084081,0.0008580092994479911,0.0010530632240204564,0.0006260523548802816,0.0,0.0012690674929258785,0.0005127221884808295,0.0,0.0005401914790900686,0.0,0.0008424196937506326,0.0,0.0006841909829070158,0.0,0.0012193181946579719,16.660733357066572,6.543075245365322,6.854098653543179,74.98621576916008,7.789204649181525,1.1762274887543116,2.534459759893286,0.5170322349712649,0.11837303976819472,0.0,0.0008972690174022596,0.0,0.0013349008801647423,0.000649166388257023,0.0,0.0,0.0,0.0,0.0010870190897845652,0.0010901966248900016,0.0010870190897845652
113,3,2,0,43,16,4,3,0,28,17,0,31,0,32,0,55,0,8,433,290,403,4444,242,68,168,58,32,0,56,0,21,50,0,0,0,0,19,19,19,0.002246575096265743,0.00047518534604422456,0.0,0.0008230142026221155,0.0009152099194111905,0.0008424505792163651,0.0003130261774401408,0.0,0.0006126532724469759,0.0004358138602087051,0.0,0.0007280841674692229,0.0,0.0010368242384623172,0.0,0.0008751280013926946,0.0,0.0006503030371509184,15.414738341046636,5.749975215624071,6.5455017947343626,74.25105679103106,7.363232519929411,1.080857692368827,2.4899955535793685,0.38445986702991497,0.1646929248948796,0.0,0.0010923274994462289,0.0,0.0009042876930148254,0.0006364376355461009,0.0,0.0,0.0,0.0,0.0009387892139048518,0.0009415334487686377,0.0009387892139048518
114,1,2,0,56,15,1,4,0,55,18,0,30,0,17,0,39,0,12,481,314,409,4781,246,71,185,87,25,0,40,0,17,51,0,1,0,0,17,17,17,0.0007488583654219143,0.00047518534604422456,0.0,0.001071832449926476,0.0008580092994479911,0.00021061264480409127,0.00041736823658685443,0.0,0.0012034260708779882,0.0004614499696327466,0.0,0.0007045975814218286,0.0,0.000550812876683106,0.0,0.0006205453100784562,0.0,0.0009754545557263775,17.123531505873977,6.225835233468821,6.6429534343581995,79.8817062371556,7.484938842572872,1.1285425905615691,2.7419593893582332,0.5766898005448725,0.12866634757412468,0.0,0.0007802339281758778,0.0,0.0007320424181548586,0.000649166388257023,0.0,0.03649235485165858,0.0,0.0,0.0008399692966517095,0.0008424246646877285,0.0008399692966517095
115,1,0,0,58,14,7,5,0,20,11,0,28,0,25,0,41,0,10,495,297,444,5086,249,63,176,87,24,0,27,0,16,43,0,0,0,0,12,12,12,0.0007488583654219143,0.0,0.0,0.0011101121802809932,0.0008008086794847916,0.001474288513628639,0.000521710295733568,0.0,0.00043760948031926845,0.00028199720366445626,0.0,0.00065762440932704,0.0,0.0008100189362986852,0.0,0.000652368146492736,0.0,0.000812878796438648,17.62192951228195,5.888767720828789,7.211421332163914,84.97769460827722,7.576218584555468,1.0013828620475895,2.6085667704164814,0.5766898005448725,0.1235196936711597,0.0,0.0005266579015187176,0.0,0.000688981099439867,0.0005473363665696468,0.0,0.0,0.0,0.0,0.0005929195035188538,0.0005946527044854554,0.0005929195035188538
116,1,3,0,56,10,3,3,0,15,8,0,21,0,29,0,40,0,9,454,307,376,5372,247,75,173,66,18,0,31,0,20,43,0,0,0,0,17,17,17,0.0007488583654219143,0.0007127780190663368,0.0,0.001071832449926476,0.000572006199631994,0.0006318379344122738,0.0003130261774401408,0.0,0.00032820711023945137,0.0002050888753923318,0.0,0.00049321830699528,0.0,0.0009396219661064748,0.0,0.0006364567282855961,0.0,0.0007315909167947832,16.162335350658598,6.087042728264102,6.106969416427098,89.75622796611586,7.515365423233737,1.192122454818559,2.5641025641025643,0.43748881420645497,0.09263977025336978,0.0,0.0006046812943363054,0.0,0.0008612263742998337,0.0005473363665696468,0.0,0.0,0.0,0.0,0.0008399692966517095,0.0008424246646877285,0.0008399692966517095
117,2,0,0,60,14,6,6,0,40,19,0,17,0,31,0,45,0,3,482,275,393,5861,260,71,168,71,30,0,29,0,22,38,0,1,0,0,26,26,26,0.0014977167308438287,0.0,0.0,0.00114839191063551,0.0008008086794847916,0.0012636758688245476,0.0006260523548802816,0.0,0.0008752189606385369,0.00048708607905678804,0.0,0.0003992719628057029,0.0,0.0010044234810103697,0.0,0.0007160138193212956,0.0,0.00024386363893159438,17.159131363474547,5.452562704471101,6.383082395361302,97.92651751850428,7.910910971824986,1.1285425905615691,2.4899955535793685,0.47063190619179246,0.15439961708894964,0.0,0.0005656695979275114,0.0,0.0009473490117298171,0.0004836926030150367,0.0,0.03649235485165858,0.0,0.0,0.0012846589242908497,0.00128841419305182,0.0012846589242908497
118,2,0,0,54,11,5,7,0,21,12,0,17,0,22,0,35,0,8,465,318,365,6422,261,94,191,74,28,0,27,0,19,39,0,0,0,0,21,21,21,0.0014977167308438287,0.0,0.0,0.0010335527195719592,0.0006292068195951935,0.0010530632240204564,0.0007303944140269952,0.0,0.0004594899543352319,0.0003076333130884977,0.0,0.0003992719628057029,0.0,0.000712816663942843,0.0,0.0005568996372498965,0.0,0.0006503030371509184,16.553933784264864,6.305145236442946,5.92830807711673,107.2997944896493,7.941337552485852,1.4941268100392606,2.830887801986068,0.49051776138299497,0.14410630928301965,0.0,0.0005266579015187176,0.0,0.000818165055584842,0.0004964213557259587,0.0,0.0,0.0,0.0,0.001037609131157994,0.001040642232849547,0.001037609131157994
119,1,0,0,45,13,4,4,0,35,12,0,23,0,23,0,35,0,9,476,311,384,6819,276,82,201,78,15,0,24,0,24,29,0,0,0,0,23,23,23,0.0007488583654219143,0.0,0.0,0.0008612939329766325,0.0007436080595215923,0.0008424505792163651,0.00041736823658685443,0.0,0.0007658165905587199,0.0003076333130884977,0.0,0.0005401914790900686,0.0,0.0007452174213947904,0.0,0.0005568996372498965,0.0,0.0007315909167947832,16.94553221787113,6.166352731238227,6.236904935925547,113.93293345140432,8.397736262398832,1.3033872172682912,2.979101823032459,0.5170322349712649,0.07719980854447482,0.0,0.0004681403569055267,0.0,0.0010334716491598003,0.00036913382861673854,0.0,0.0,0.0,0.0,0.0011364290484111364,0.0011397510169304562,0.0011364290484111364
120,1,0,0,55,7,6,7,0,30,4,0,18,0,19,0,39,0,11,469,301,356,7325,229,70,151,83,29,0,13,0,12,31,0,0,0,0,13,13,13,0.0007488583654219143,0.0,0.0,0.0010526925847492176,0.0004004043397423958,0.0012636758688245476,0.0007303944140269952,0.0,0.0006564142204789027,0.0001025444376961659,0.0,0.0004227585488530971,0.0,0.0006156143915870008,0.0,0.0006205453100784562,0.0,0.0008941666760825127,16.696333214667142,5.968077723802915,5.782130617680975,122.38726169988806,6.9676869713381615,1.1126476244973218,2.238031717800504,0.5501753269566024,0.14925296318598463,0.0,0.0002535760266571603,0.0,0.0005167358245799002,0.00039459133403858256,0.0,0.0,0.0,0.0,0.0006423294621454249,0.00064420709652591,0.0006423294621454249
121,3,1,0,61,18,4,4,0,15,8,0,27,0,10,0,35,0,8,494,305,399,7874,254,73,170,76,23,0,19,0,11,41,0,0,0,0,12,12,12,0.002246575096265743,0.00023759267302211228,0.0,0.0011675317758127685,0.0010296111593375893,0.0008424505792163651,0.00041736823658685443,0.0,0.00032820711023945137,0.0002050888753923318,0.0,0.0006341378232796457,0.0,0.0003240075745194741,0.0,0.0005568996372498965,0.0,0.0006503030371509184,17.586329654681382,6.047387726777039,6.480534034985138,131.56004076790697,7.728351487859794,1.160332522690064,2.5196383577886468,0.50377499817713,0.11837303976819472,0.0,0.000370611115883542,0.0,0.00047367450586490855,0.0005218788611478027,0.0,0.0,0.0,0.0,0.0005929195035188538,0.0005946527044854554,0.0005929195035188538
122,1,0,0,54,7,6,4,0,32,8,0,28,0,15,0,37,0,9,511,295,425,8703,277,53,164,68,20,0,24,0,12,30,0,0,0,0,11,11,11,0.0007488583654219143,0.0,0.0,0.0010335527195719592,0.0004004043397423958,0.0012636758688245476,0.00041736823658685443,0.0,0.0007001751685108296,0.0002050888753923318,0.0,0.00065762440932704,0.0,0.00048601136177921114,0.0,0.0005887224736641764,0.0,0.0007315909167947832,18.191527233891065,5.8491127193417265,6.902824473355097,145.41110424220147,8.428162843059697,0.842433201405115,2.430709945160812,0.45074605100058995,0.10293307805929976,0.0,0.0004681403569055267,0.0,0.0005167358245799002,0.00038186258132766055,0.0,0.0,0.0,0.0,0.0005435095448922826,0.0005450983124450008,0.0005435095448922826
123,1,1,0,59,15,5,3,0,18,5,0,21,0,19,0,30,0,10,499,299,392,8941,269,75,147,81,26,0,21,0,10,23,0,1,0,0,14,14,14,0.0007488583654219143,0.00023759267302211228,0.0,0.0011292520454582516,0.0008580092994479911,0.0010530632240204564,0.0003130261774401408,0.0,0.0003938485322873416,0.00012818054712020738,0.0,0.00049321830699528,0.0,0.0006156143915870008,0.0,0.00047734254621419704,0.0,0.000812878796438648,17.76432894268423,5.928422722315852,6.366840455423995,149.3876459875357,8.184750197772775,1.192122454818559,2.1787461093819473,0.5369180901624675,0.1338130014770897,0.0,0.0004096228122923359,0.0,0.00043061318714991687,0.0002927613123512064,0.0,0.03649235485165858,0.0,0.0,0.000691739420771996,0.0006937614885663647,0.000691739420771996
124,1,0,0,55,8,5,0,0,14,5,0,19,0,20,0,41,0,13,526,300,401,8855,280,67,154,69,25,0,15,0,8,24,0,2,0,0,11,11,11,0.0007488583654219143,0.0,0.0,0.0010526925847492176,0.00045760495970559523,0.0010530632240204564,0.0,0.0,0.00030632663622348795,0.00012818054712020738,0.0,0.0004462451349004914,0.0,0.0006480151490389482,0.0,0.000652368146492736,0.0,0.0010567424353702423,18.72552509789961,5.948250223059383,6.51301791485975,147.95074434846535,8.519442585042293,1.0649627263045793,2.2824959241144214,0.4573746693976575,0.12866634757412468,0.0,0.0002925877230659542,0.0,0.0003444905497199335,0.00030549006506212843,0.0,0.07298470970331716,0.0,0.0,0.0005435095448922826,0.0005450983124450008,0.0005435095448922826
125,2,0,0,51,19,6,3,0,42,7,0,17,0,10,0,30,0,9,492,288,409,8624,307,62,154,62,28,0,11,0,13,23,0,0,0,0,12,12,12,0.0014977167308438287,0.0,0.0,0.0009761331240401836,0.0010868117793007886,0.0012636758688245476,0.0003130261774401408,0.0,0.0009189799086704638,0.00017945276596829034,0.0,0.0003992719628057029,0.0,0.0003240075745194741,0.0,0.00047734254621419704,0.0,0.0007315909167947832,17.515129939480243,5.710320214137008,6.6429534343581995,144.091159713288,9.340960262885657,0.9854878959833421,2.2824959241144214,0.410974340618185,0.14410630928301965,0.0,0.0002145643302483664,0.0,0.0005597971432948919,0.0002927613123512064,0.0,0.0,0.0,0.0,0.0005929195035188538,0.0005946527044854554,0.0005929195035188538
126,0,0,0,52,13,5,7,0,16,5,0,8,0,18,0,34,0,9,495,304,374,8139,264,60,142,80,13,0,20,0,6,24,0,0,0,0,13,13,13,0.0,0.0,0.0,0.000995272989217442,0.0007436080595215923,0.0010530632240204564,0.0007303944140269952,0.0,0.0003500875842554148,0.00012818054712020738,0.0,0.0001878926883791543,0.0,0.0005832136341350533,0.0,0.0005409882190427566,0.0,0.0007315909167947832,17.62192951228195,6.027560226033509,6.074485536552485,135.98770279527494,8.032617294468448,0.9536979638548472,2.104639098858752,0.5302894717654,0.06690650073854484,0.0,0.0003901169640879389,0.0,0.0002583679122899501,0.00030549006506212843,0.0,0.0,0.0,0.0,0.0006423294621454249,0.00064420709652591,0.0006423294621454249
127,1,0,0,51,8,2,2,0,26,5,0,12,0,11,0,25,0,4,516,306,348,6787,294,54,167,62,22,0,14,0,7,23,0,0,0,0,9,9,9,0.0007488583654219143,0.0,0.0,0.0009761331240401836,0.00045760495970559523,0.00042122528960818255,0.00020868411829342721,0.0,0.0005688923244150491,0.00012818054712020738,0.0,0.00028183903256873144,0.0,0.0003564083319714215,0.0,0.00039778545517849754,0.0,0.0003251515185754592,18.369526521893913,6.06721522752057,5.652195098182527,113.3982723764014,8.945414714294408,0.8583281674693625,2.4751741514747296,0.410974340618185,0.11322638586522973,0.0,0.0002730818748615572,0.0,0.0003014292310049418,0.0002927613123512064,0.0,0.0,0.0,0.0,0.0004446896276391403,0.00044598952836409156,0.0004446896276391403
128,0,0,0,48,13,3,0,0,25,6,0,12,0,17,0,26,0,14,508,303,334,5758,294,68,141,57,18,0,20,0,9,17,0,0,0,0,20,20,20,0.0,0.0,0.0,0.0009187135285084081,0.0007436080595215923,0.0006318379344122738,0.0,0.0,0.0005470118503990856,0.00015381665654424885,0.0,0.00028183903256873144,0.0,0.000550812876683106,0.0,0.00041369687338563743,0.0,0.001138030315014107,18.084727661089357,6.007732725289977,5.4248079390602415,96.20557718333862,8.945414714294408,1.080857692368827,2.089817696754113,0.3778312486328475,0.09263977025336978,0.0,0.0003901169640879389,0.0,0.0003875518684349252,0.00021638879608567433,0.0,0.0,0.0,0.0,0.000988199172531423,0.0009910878408090924,0.000988199172531423
129,2,2,0,53,15,4,3,0,15,3,0,12,0,13,0,35,0,8,467,286,367,4432,285,66,136,56,18,0,8,0,4,14,0,1,0,0,11,11,11,0.0014977167308438287,0.00047518534604422456,0.0,0.0010144128543947005,0.0008580092994479911,0.0008424505792163651,0.0003130261774401408,0.0,0.00032820711023945137,7.690832827212443e-05,0.0,0.00028183903256873144,0.0,0.0004212098468753163,0.0,0.0005568996372498965,0.0,0.0006503030371509184,16.625133499466003,5.670665212649945,5.960791956991343,74.05055888790497,8.671575488346619,1.049067760240332,2.0157106862309173,0.37120263023578,0.09263977025336978,0.0,0.00015604678563517556,0.0,0.00017224527485996675,0.00017820253795290827,0.0,0.03649235485165858,0.0,0.0,0.0005435095448922826,0.0005450983124450008,0.0005435095448922826
130,1,0,0,47,14,5,1,0,42,6,0,11,0,14,0,25,0,8,496,271,401,3175,343,76,130,70,28,0,11,0,5,24,0,0,0,0,9,9,9,0.0007488583654219143,0.0,0.0,0.0008995736633311495,0.0008008086794847916,0.0010530632240204564,0.00010434205914671361,0.0,0.0009189799086704638,0.00015381665654424885,0.0,0.00025835244652133715,0.0,0.00045361060432726376,0.0,0.00039778545517849754,0.0,0.0006503030371509184,17.65752936988252,5.373252701496976,6.51301791485975,53.04840353544636,10.436317166676808,1.2080174208828065,1.9267822736030829,0.464003287794725,0.14410630928301965,0.0,0.0002145643302483664,0.0,0.00021530659357495843,0.00030549006506212843,0.0,0.0,0.0,0.0,0.0004446896276391403,0.00044598952836409156,0.0004446896276391403
131,3,2,0,38,11,1,2,0,16,6,0,9,0,10,0,40,0,7,503,317,365,2396,314,72,136,62,31,0,4,0,2,17,0,0,0,0,15,15,15,0.002246575096265743,0.00047518534604422456,0.0,0.0007273148767358231,0.0006292068195951935,0.00021061264480409127,0.00020868411829342721,0.0,0.0003500875842554148,0.00015381665654424885,0.0,0.00021137927442654855,0.0,0.0003240075745194741,0.0,0.0006364567282855961,0.0,0.0005690151575070535,17.90672837308651,6.285317735699415,5.92830807711673,40.03274799084393,9.553946327511714,1.1444375566258167,2.0157106862309173,0.410974340618185,0.15954627099191462,0.0,7.802339281758778e-05,0.0,8.612263742998338e-05,0.00021638879608567433,0.0,0.0,0.0,0.0,0.0007411493793985672,0.0007433158806068193,0.0007411493793985672
132,1,0,0,44,12,6,3,0,15,4,0,9,0,15,0,32,0,12,508,266,378,1731,335,70,157,72,30,0,7,0,6,12,0,0,0,0,12,12,12,0.0007488583654219143,0.0,0.0,0.0008421540677993741,0.0006864074395583928,0.0012636758688245476,0.0003130261774401408,0.0,0.00032820711023945137,0.0001025444376961659,0.0,0.00021137927442654855,0.0,0.00048601136177921114,0.0,0.0005091653826284769,0.0,0.0009754545557263775,18.084727661089357,5.274115197779319,6.13945329630171,28.921822525939415,10.192904521389886,1.1126476244973218,2.3269601304283385,0.47726052458886,0.15439961708894964,0.0,0.0001365409374307786,0.0,0.0002583679122899501,0.00015274503253106422,0.0,0.0,0.0,0.0,0.0005929195035188538,0.0005946527044854554,0.0005929195035188538
133,1,0,0,41,11,2,1,0,25,4,0,12,0,14,0,33,0,8,520,283,390,1418,326,72,161,70,29,0,18,0,7,22,0,1,0,0,10,10,10,0.0007488583654219143,0.0,0.0,0.0007847344722675985,0.0006292068195951935,0.00042122528960818255,0.00010434205914671361,0.0,0.0005470118503990856,0.0001025444376961659,0.0,0.00028183903256873144,0.0,0.00045361060432726376,0.0,0.0005250768008356168,0.0,0.0006503030371509184,18.511925952296192,5.611182710419351,6.334356575549383,23.692168886067066,9.919065295442099,1.1444375566258167,2.386245738846895,0.464003287794725,0.14925296318598463,0.0,0.000351105267679145,0.0,0.0003014292310049418,0.0002800325596402844,0.0,0.03649235485165858,0.0,0.0,0.0004940995862657114,0.0004955439204045462,0.0004940995862657114
134,0,0,0,50,8,5,2,0,14,5,0,9,0,11,0,27,0,7,501,295,350,1202,333,78,142,59,26,0,9,0,7,8,0,1,0,0,9,9,9,0.0,0.0,0.0,0.0009569932588629251,0.00045760495970559523,0.0010530632240204564,0.00020868411829342721,0.0,0.00030632663622348795,0.00012818054712020738,0.0,0.00021137927442654855,0.0,0.0003564083319714215,0.0,0.0004296082915927774,0.0,0.0005690151575070535,17.83552865788537,5.8491127193417265,5.684678978057139,20.08320662979733,10.132051360068155,1.2398073530113014,2.104639098858752,0.3910884854269825,0.1338130014770897,0.0,0.0001755526338395725,0.0,0.0003014292310049418,0.00010183002168737614,0.0,0.03649235485165858,0.0,0.0,0.0004446896276391403,0.00044598952836409156,0.0004446896276391403
135,3,1,0,47,11,3,0,0,25,3,0,11,0,15,0,32,0,9,562,289,349,1069,364,69,134,68,14,0,4,0,5,9,0,1,0,0,11,11,11,0.002246575096265743,0.00023759267302211228,0.0,0.0008995736633311495,0.0006292068195951935,0.0006318379344122738,0.0,0.0,0.0005470118503990856,7.690832827212443e-05,0.0,0.00025835244652133715,0.0,0.00048601136177921114,0.0,0.0005091653826284769,0.0,0.0007315909167947832,20.007119971520115,5.730147714880539,5.668437038119833,17.861021536816427,11.075275360554981,1.0967526584330742,1.9860678820216393,0.45074605100058995,0.07205315464150983,0.0,7.802339281758778e-05,0.0,0.00021530659357495843,0.00011455877439829817,0.0,0.03649235485165858,0.0,0.0,0.0005435095448922826,0.0005450983124450008,0.0005435095448922826
136,2,0,0,48,10,3,2,0,20,2,0,16,0,10,0,20,0,9,551,277,353,936,378,66,145,63,28,0,10,0,7,14,0,0,0,0,12,12,12,0.0014977167308438287,0.0,0.0,0.0009187135285084081,0.000572006199631994,0.0006318379344122738,0.00020868411829342721,0.0,0.00043760948031926845,5.127221884808295e-05,0.0,0.0003757853767583086,0.0,0.0003240075745194741,0.0,0.00031822836414279804,0.0,0.0007315909167947832,19.61552153791385,5.492217705958164,5.733404797869057,15.638836443835524,11.501247489807096,1.049067760240332,2.1491033051726696,0.41760295901525246,0.14410630928301965,0.0,0.00019505848204396945,0.0,0.0003014292310049418,0.00017820253795290827,0.0,0.0,0.0,0.0,0.0005929195035188538,0.0005946527044854554,0.0005929195035188538
137,4,0,0,35,10,3,1,0,10,6,0,13,0,7,0,33,0,9,553,274,365,860,401,76,153,65,19,0,7,0,2,14,0,0,0,0,12,12,12,0.0029954334616876573,0.0,0.0,0.0006698952812040476,0.000572006199631994,0.0006318379344122738,0.00010434205914671361,0.0,0.00021880474015963423,0.00015381665654424885,0.0,0.0003053256186161257,0.0,0.00022680530216363188,0.0,0.0005250768008356168,0.0,0.0007315909167947832,19.68672125311499,5.43273520372757,5.92830807711673,14.36901639070358,12.201058845006997,1.2080174208828065,2.267674522009782,0.4308601958093875,0.09778642415633476,0.0,0.0001365409374307786,0.0,8.612263742998338e-05,0.00017820253795290827,0.0,0.0,0.0,0.0,0.0005929195035188538,0.0005946527044854554,0.0005929195035188538
138,0,0,0,68,13,3,2,0,19,5,0,9,0,11,0,29,0,3,522,272,353,756,425,59,155,69,14,0,12,0,2,10,0,0,0,0,10,10,10,0.0,0.0,0.0,0.001301510832053578,0.0007436080595215923,0.0006318379344122738,0.00020868411829342721,0.0,0.00041572900630330504,0.00012818054712020738,0.0,0.00021137927442654855,0.0,0.0003564083319714215,0.0,0.00046143112800705715,0.0,0.00024386363893159438,18.58312566749733,5.393080202240507,5.733404797869057,12.631367896944077,12.931296780867767,0.9378029977905997,2.2973173262190603,0.4573746693976575,0.07205315464150983,0.0,0.00023407017845276335,0.0,8.612263742998338e-05,0.0001272875271092202,0.0,0.0,0.0,0.0,0.0004940995862657114,0.0004955439204045462,0.0004940995862657114
139,1,1,0,40,16,7,0,0,13,4,0,12,0,14,0,34,0,13,515,268,355,706,373,63,150,72,18,0,6,0,5,7,0,3,0,0,12,12,12,0.0007488583654219143,0.00023759267302211228,0.0,0.0007655946070903401,0.0009152099194111905,0.001474288513628639,0.0,0.0,0.00028444616220752453,0.0001025444376961659,0.0,0.00028183903256873144,0.0,0.00045361060432726376,0.0,0.0005409882190427566,0.0,0.0010567424353702423,18.333926664293344,5.313770199266382,5.7658886777436695,11.79595996725201,11.349114586502768,1.0013828620475895,2.223210315695865,0.47726052458886,0.09263977025336978,0.0,0.00011703508922638167,0.0,0.00021530659357495843,8.910126897645413e-05,0.0,0.10947706455497573,0.0,0.0,0.0005929195035188538,0.0005946527044854554,0.0005929195035188538
140,2,0,0,45,11,5,3,0,12,1,0,16,0,14,0,39,0,5,563,321,348,643,436,72,147,69,29,0,3,0,5,10,0,1,0,0,18,18,18,0.0014977167308438287,0.0,0.0,0.0008612939329766325,0.0006292068195951935,0.0010530632240204564,0.0003130261774401408,0.0,0.00026256568819156106,2.5636109424041476e-05,0.0,0.0003757853767583086,0.0,0.00045361060432726376,0.0,0.0006205453100784562,0.0,0.000406439398219324,20.042719829120685,6.36462773867354,5.652195098182527,10.743345975840002,13.265989168137285,1.1444375566258167,2.1787461093819473,0.4573746693976575,0.14925296318598463,0.0,5.851754461319084e-05,0.0,0.00021530659357495843,0.0001272875271092202,0.0,0.03649235485165858,0.0,0.0,0.0008893792552782806,0.0008919790567281831,0.0008893792552782806
141,0,0,0,51,14,3,1,0,20,6,0,7,0,17,0,23,0,10,544,284,408,580,414,69,121,66,22,0,8,0,6,9,0,1,0,0,10,10,10,0.0,0.0,0.0,0.0009761331240401836,0.0008008086794847916,0.0006318379344122738,0.00010434205914671361,0.0,0.00043760948031926845,0.00015381665654424885,0.0,0.00016440610233176,0.0,0.000550812876683106,0.0,0.00036596261876421776,0.0,0.000812878796438648,19.366322534709862,5.631010211162883,6.626711494420893,9.690731984427996,12.596604393598248,1.0967526584330742,1.793389654661331,0.43748881420645497,0.11322638586522973,0.0,0.00015604678563517556,0.0,0.0002583679122899501,0.00011455877439829817,0.0,0.03649235485165858,0.0,0.0,0.0004940995862657114,0.0004955439204045462,0.0004940995862657114
142,0,0,0,46,20,4,1,0,9,3,0,5,0,20,0,40,0,9,532,280,381,609,432,66,135,52,30,0,4,0,3,11,0,0,0,0,17,17,17,0.0,0.0,0.0,0.0008804337981538911,0.001144012399263988,0.0008424505792163651,0.00010434205914671361,0.0,0.0001969242661436708,7.690832827212443e-05,0.0,0.00011743293023697142,0.0,0.0006480151490389482,0.0,0.0006364567282855961,0.0,0.0007315909167947832,18.939124243503027,5.551700208188757,6.188179116113628,10.175268583649396,13.144282845493823,1.049067760240332,2.0008892841262784,0.34468815664750996,0.15439961708894964,0.0,7.802339281758778e-05,0.0,0.00012918395614497504,0.0001400162798201422,0.0,0.0,0.0,0.0,0.0008399692966517095,0.0008424246646877285,0.0008399692966517095
143,3,2,0,39,9,3,1,0,16,3,0,6,0,5,0,23,0,7,534,263,337,526,466,79,157,57,24,0,5,0,4,6,0,0,0,0,12,12,12,0.002246575096265743,0.00047518534604422456,0.0,0.0007464547419130816,0.0005148055796687946,0.0006318379344122738,0.00010434205914671361,0.0,0.0003500875842554148,7.690832827212443e-05,0.0,0.00014091951628436572,0.0,0.00016200378725973706,0.0,0.00036596261876421776,0.0,0.0005690151575070535,19.010323958704166,5.214632695548726,5.4735337588721595,8.788491420360563,14.178786587963245,1.2557023190755487,2.3269601304283385,0.3778312486328475,0.1235196936711597,0.0,9.752924102198473e-05,0.0,0.00017224527485996675,7.637251626553211e-05,0.0,0.0,0.0,0.0,0.0005929195035188538,0.0005946527044854554,0.0005929195035188538
144,1,1,0,51,12,2,4,0,16,1,0,15,0,13,0,25,0,13,529,260,328,537,494,55,159,75,21,0,6,0,2,4,0,0,0,0,13,13,13,0.0007488583654219143,0.00023759267302211228,0.0,0.0009761331240401836,0.0006864074395583928,0.00042122528960818255,0.00041736823658685443,0.0,0.0003500875842554148,2.5636109424041476e-05,0.0,0.0003522987907109143,0.0,0.0004212098468753163,0.0,0.00039778545517849754,0.0,0.0010567424353702423,18.83232467070132,5.155150193318132,5.3273562994364045,8.972281164892816,15.030730846467474,0.8742231335336099,2.3566029346376167,0.4971463797800625,0.10807973196226474,0.0,0.00011703508922638167,0.0,8.612263742998338e-05,5.091501084368807e-05,0.0,0.0,0.0,0.0,0.0006423294621454249,0.00064420709652591,0.0006423294621454249
145,2,0,0,46,10,3,0,0,9,4,0,13,0,11,0,22,0,3,556,290,354,496,547,67,154,65,14,0,4,0,2,12,0,1,0,0,13,13,13,0.0014977167308438287,0.0,0.0,0.0008804337981538911,0.000572006199631994,0.0006318379344122738,0.0,0.0,0.0001969242661436708,0.0001025444376961659,0.0,0.0003053256186161257,0.0,0.0003564083319714215,0.0,0.0003500512005570778,0.0,0.00024386363893159438,19.793520825916698,5.749975215624071,5.749646737806363,8.287246662545321,16.643339621493336,1.0649627263045793,2.2824959241144214,0.4308601958093875,0.07205315464150983,0.0,7.802339281758778e-05,0.0,8.612263742998338e-05,0.00015274503253106422,0.0,0.03649235485165858,0.0,0.0,0.0006423294621454249,0.00064420709652591,0.0006423294621454249
146,0,0,0,52,10,4,1,0,21,2,0,10,0,10,0,34,0,10,557,251,360,470,495,70,131,64,25,0,5,0,4,13,0,1,0,0,9,9,9,0.0,0.0,0.0,0.000995272989217442,0.000572006199631994,0.0008424505792163651,0.00010434205914671361,0.0,0.0004594899543352319,5.127221884808295e-05,0.0,0.00023486586047394284,0.0,0.0003240075745194741,0.0,0.0005409882190427566,0.0,0.000812878796438648,19.829120683517267,4.976702686626351,5.8470983774302,7.852834539105445,15.06115742712834,1.1126476244973218,1.941603675707722,0.42423157741232,0.12866634757412468,0.0,9.752924102198473e-05,0.0,0.00017224527485996675,0.00016547378524198625,0.0,0.03649235485165858,0.0,0.0,0.0004446896276391403,0.00044598952836409156,0.0004446896276391403
147,3,2,0,48,12,1,3,0,11,3,0,16,0,14,0,43,0,8,573,273,343,489,608,68,139,59,18,0,5,0,4,7,0,0,0,0,13,13,13,0.002246575096265743,0.00047518534604422456,0.0,0.0009187135285084081,0.0006864074395583928,0.00021061264480409127,0.0003130261774401408,0.0,0.00024068521417559767,7.690832827212443e-05,0.0,0.0003757853767583086,0.0,0.00045361060432726376,0.0,0.0006841909829070158,0.0,0.0006503030371509184,20.39871840512638,5.412907702984039,5.5709853984959965,8.170289552388432,18.49936104180612,1.080857692368827,2.060174892544835,0.3910884854269825,0.09263977025336978,0.0,9.752924102198473e-05,0.0,0.00017224527485996675,8.910126897645413e-05,0.0,0.0,0.0,0.0,0.0006423294621454249,0.00064420709652591,0.0006423294621454249
148,2,1,0,48,10,2,2,0,11,1,0,10,0,10,0,35,0,9,576,268,350,506,624,64,134,58,22,0,3,0,4,9,0,1,0,0,10,10,10,0.0014977167308438287,0.00023759267302211228,0.0,0.0009187135285084081,0.000572006199631994,0.00042122528960818255,0.00020868411829342721,0.0,0.00024068521417559767,2.5636109424041476e-05,0.0,0.00023486586047394284,0.0,0.0003240075745194741,0.0,0.0005568996372498965,0.0,0.0007315909167947832,20.50551797792809,5.313770199266382,5.684678978057139,8.454328248483735,18.98618633237997,1.017277828111837,1.9860678820216393,0.38445986702991497,0.11322638586522973,0.0,5.851754461319084e-05,0.0,0.00017224527485996675,0.00011455877439829817,0.0,0.03649235485165858,0.0,0.0,0.0004940995862657114,0.0004955439204045462,0.0004940995862657114
149,3,0,0,57,8,2,1,0,18,6,0,8,0,11,0,25,0,5,536,298,352,476,614,63,119,52,20,0,5,0,0,7,0,0,0,0,16,16,16,0.002246575096265743,0.0,0.0,0.0010909723151037345,0.00045760495970559523,0.00042122528960818255,0.00010434205914671361,0.0,0.0003938485322873416,0.00015381665654424885,0.0,0.0001878926883791543,0.0,0.0003564083319714215,0.0,0.00039778545517849754,0.0,0.000406439398219324,19.081523673905306,5.9085952215723205,5.7171628579317515,7.953083490668494,18.681920525771314,1.0013828620475895,1.7637468504520528,0.34468815664750996,0.10293307805929976,0.0,9.752924102198473e-05,0.0,0.0,8.910126897645413e-05,0.0,0.0,0.0,0.0,0.0007905593380251383,0.0007928702726472739,0.0007905593380251383
150,0,1,0,34,11,3,0,0,10,3,0,7,0,16,0,31,0,5,562,249,390,473,613,66,128,78,26,0,3,0,3,6,0,0,0,0,11,11,11,0.0,0.00023759267302211228,0.0,0.000650755416026789,0.0006292068195951935,0.0006318379344122738,0.0,0.0,0.00021880474015963423,7.690832827212443e-05,0.0,0.00016440610233176,0.0,0.0005184121192311586,0.0,0.000493253964421337,0.0,0.000406439398219324,20.007119971520115,4.937047685139288,6.334356575549383,7.902959014886969,18.65149394511045,1.049067760240332,1.8971394693938046,0.5170322349712649,0.1338130014770897,0.0,5.851754461319084e-05,0.0,0.00012918395614497504,7.637251626553211e-05,0.0,0.0,0.0,0.0,0.0005435095448922826,0.0005450983124450008,0.0005435095448922826
151,1,0,0,41,10,5,2,0,19,3,0,15,0,11,0,34,0,8,543,270,374,491,688,62,141,71,21,0,3,0,1,6,0,1,0,0,12,12,12,0.0007488583654219143,0.0,0.0,0.0007847344722675985,0.000572006199631994,0.0010530632240204564,0.00020868411829342721,0.0,0.00041572900630330504,7.690832827212443e-05,0.0,0.0003522987907109143,0.0,0.0003564083319714215,0.0,0.0005409882190427566,0.0,0.0006503030371509184,19.330722677109293,5.353425200753445,6.074485536552485,8.203705869576114,20.933487494675347,0.9854878959833421,2.089817696754113,0.47063190619179246,0.10807973196226474,0.0,5.851754461319084e-05,0.0,4.306131871499169e-05,7.637251626553211e-05,0.0,0.03649235485165858,0.0,0.0,0.0005929195035188538,0.0005946527044854554,0.0005929195035188538
152,0,1,0,44,13,5,2,0,15,3,0,9,0,11,0,19,0,7,575,236,386,443,736,56,154,60,27,0,3,0,3,8,0,1,0,0,12,12,12,0.0,0.00023759267302211228,0.0,0.0008421540677993741,0.0007436080595215923,0.0010530632240204564,0.00020868411829342721,0.0,0.00032820711023945137,7.690832827212443e-05,0.0,0.00021137927442654855,0.0,0.0003564083319714215,0.0,0.00030231694593565816,0.0,0.0005690151575070535,20.46991812032752,4.6792901754733816,6.269388815800159,7.4017142570717285,22.393963366396886,0.8901180995978574,2.2824959241144214,0.39771710382404996,0.13895965538005467,0.0,5.851754461319084e-05,0.0,0.00012918395614497504,0.00010183002168737614,0.0,0.03649235485165858,0.0,0.0,0.0005929195035188538,0.0005946527044854554,0.0005929195035188538
153,0,0,0,39,14,0,0,0,8,2,0,12,0,9,0,36,0,9,554,292,371,474,758,58,128,77,19,0,7,0,2,15,0,0,0,0,9,9,9,0.0,0.0,0.0,0.0007464547419130816,0.0008008086794847916,0.0,0.0,0.0,0.0001750437921277074,5.127221884808295e-05,0.0,0.00028183903256873144,0.0,0.0002916068170675267,0.0,0.0005728110554570364,0.0,0.0007315909167947832,19.72232111071556,5.7896302171111325,6.025759716740567,7.919667173480811,23.063348140935922,0.9219080317263523,1.8971394693938046,0.5104036165741975,0.09778642415633476,0.0,0.0001365409374307786,0.0,8.612263742998338e-05,0.00019093129066383028,0.0,0.0,0.0,0.0,0.0004446896276391403,0.00044598952836409156,0.0004446896276391403
154,2,0,0,44,12,2,2,0,22,0,0,16,0,9,0,37,0,5,564,278,396,446,755,69,130,67,28,0,7,0,2,8,0,0,0,0,11,11,11,0.0014977167308438287,0.0,0.0,0.0008421540677993741,0.0006864074395583928,0.00042122528960818255,0.00020868411829342721,0.0,0.00048137042835119534,0.0,0.0,0.0003757853767583086,0.0,0.0002916068170675267,0.0,0.0005887224736641764,0.0,0.000406439398219324,20.078319686721255,5.512045206701695,6.43180821517322,7.451838732853252,22.972068398953326,1.0967526584330742,1.9267822736030829,0.4441174326035225,0.14410630928301965,0.0,0.0001365409374307786,0.0,8.612263742998338e-05,0.00010183002168737614,0.0,0.0,0.0,0.0,0.0005435095448922826,0.0005450983124450008,0.0005435095448922826
155,1,1,0,43,5,2,1,0,10,3,0,10,0,10,0,20,0,5,556,252,417,461,784,70,135,69,20,0,4,0,4,7,0,0,0,0,10,9,10,0.0007488583654219143,0.00023759267302211228,0.0,0.0008230142026221155,0.000286003099815997,0.00042122528960818255,0.00010434205914671361,0.0,0.00021880474015963423,7.690832827212443e-05,0.0,0.00023486586047394284,0.0,0.0003240075745194741,0.0,0.00031822836414279804,0.0,0.000406439398219324,19.793520825916698,4.996530187369882,6.772888953856648,7.702461111760873,23.85443923811842,1.1126476244973218,2.0008892841262784,0.4573746693976575,0.10293307805929976,0.0,7.802339281758778e-05,0.0,0.00017224527485996675,8.910126897645413e-05,0.0,0.0,0.0,0.0,0.0004940995862657114,0.00044598952836409156,0.0004940995862657114
156,2,0,0,45,5,5,2,0,10,2,0,11,0,11,0,26,0,7,491,252,455,449,906,69,134,55,25,0,1,0,5,5,0,0,0,0,11,11,11,0.0014977167308438287,0.0,0.0,0.0008612939329766325,0.000286003099815997,0.0010530632240204564,0.00020868411829342721,0.0,0.00021880474015963423,5.127221884808295e-05,0.0,0.00025835244652133715,0.0,0.0003564083319714215,0.0,0.00041369687338563743,0.0,0.0005690151575070535,17.479530081879673,4.996530187369882,7.39008267147428,7.501963208634776,27.56648207874399,1.0967526584330742,1.9860678820216393,0.36457401183871246,0.12866634757412468,0.0,1.9505848204396945e-05,0.0,0.00021530659357495843,6.36437635546101e-05,0.0,0.0,0.0,0.0,0.0005435095448922826,0.0005450983124450008,0.0005435095448922826
157,2,0,0,46,9,3,3,0,21,3,0,11,0,15,0,28,0,7,552,233,378,465,957,47,139,74,14,0,5,0,1,6,0,0,0,0,18,18,18,0.0014977167308438287,0.0,0.0,0.0008804337981538911,0.0005148055796687946,0.0006318379344122738,0.0003130261774401408,0.0,0.0004594899543352319,7.690832827212443e-05,0.0,0.00025835244652133715,0.0,0.00048601136177921114,0.0,0.00044551970979991726,0.0,0.0005690151575070535,19.65112139551442,4.6198076732427875,6.13945329630171,7.769293746136238,29.118237692448123,0.7470634050196303,2.060174892544835,0.49051776138299497,0.07205315464150983,0.0,9.752924102198473e-05,0.0,4.306131871499169e-05,7.637251626553211e-05,0.0,0.0,0.0,0.0,0.0008893792552782806,0.0008919790567281831,0.0008893792552782806
158,1,0,0,35,11,3,0,0,9,0,0,8,0,13,0,29,0,7,550,238,359,475,982,53,140,71,20,0,7,0,2,13,0,0,0,0,19,19,19,0.0007488583654219143,0.0,0.0,0.0006698952812040476,0.0006292068195951935,0.0006318379344122738,0.0,0.0,0.0001969242661436708,0.0,0.0,0.0001878926883791543,0.0,0.0004212098468753163,0.0,0.00046143112800705715,0.0,0.0005690151575070535,19.57992168031328,4.718945176960444,5.830856437492894,7.936375332074652,29.878902208969755,0.842433201405115,2.0749962946494738,0.47063190619179246,0.10293307805929976,0.0,0.0001365409374307786,0.0,8.612263742998338e-05,0.00016547378524198625,0.0,0.0,0.0,0.0,0.0009387892139048518,0.0009415334487686377,0.0009387892139048518
159,1,0,0,46,7,3,1,0,15,4,0,5,0,8,0,28,0,7,534,238,370,440,973,53,139,60,27,0,3,0,6,5,0,1,0,0,10,10,10,0.0007488583654219143,0.0,0.0,0.0008804337981538911,0.0004004043397423958,0.0006318379344122738,0.00010434205914671361,0.0,0.00032820711023945137,0.0001025444376961659,0.0,0.00011743293023697142,0.0,0.0002592060596155793,0.0,0.00044551970979991726,0.0,0.0005690151575070535,19.010323958704166,4.718945176960444,6.0095177768032615,7.351589781290204,29.60506298302197,0.842433201405115,2.060174892544835,0.39771710382404996,0.13895965538005467,0.0,5.851754461319084e-05,0.0,0.0002583679122899501,6.36437635546101e-05,0.0,0.03649235485165858,0.0,0.0,0.0004940995862657114,0.0004955439204045462,0.0004940995862657114
160,2,1,0,47,12,5,1,0,19,2,0,15,0,8,0,20,0,4,539,248,400,476,1024,56,156,57,23,0,8,0,1,5,0,0,0,0,16,16,16,0.0014977167308438287,0.00023759267302211228,0.0,0.0008995736633311495,0.0006864074395583928,0.0010530632240204564,0.00010434205914671361,0.0,0.00041572900630330504,5.127221884808295e-05,0.0,0.0003522987907109143,0.0,0.0002592060596155793,0.0,0.00031822836414279804,0.0,0.0003251515185754592,19.188323246707014,4.917220184395757,6.4967759749224445,7.953083490668494,31.1568185967261,0.8901180995978574,2.3121387283236996,0.3778312486328475,0.11837303976819472,0.0,0.00015604678563517556,0.0,4.306131871499169e-05,6.36437635546101e-05,0.0,0.0,0.0,0.0,0.0007905593380251383,0.0007928702726472739,0.0007905593380251383
161,0,0,0,38,10,2,2,0,10,2,0,10,0,12,0,28,0,11,571,255,416,442,1168,53,116,49,22,0,6,0,5,6,0,2,0,0,9,9,9,0.0,0.0,0.0,0.0007273148767358231,0.000572006199631994,0.00042122528960818255,0.00020868411829342721,0.0,0.00021880474015963423,5.127221884808295e-05,0.0,0.00023486586047394284,0.0,0.00038880908942336893,0.0,0.00044551970979991726,0.0,0.0008941666760825127,20.327518689925242,5.056012689600475,6.756647013919342,7.385006098477887,35.53824621189071,0.842433201405115,1.7192826441381355,0.3248023014563075,0.11322638586522973,0.0,0.00011703508922638167,0.0,0.00021530659357495843,7.637251626553211e-05,0.0,0.07298470970331716,0.0,0.0,0.0004446896276391403,0.00044598952836409156,0.0004446896276391403
162,1,0,0,42,13,5,1,0,15,4,0,11,0,7,0,22,0,8,528,253,411,452,1257,42,127,58,16,0,4,0,1,10,0,1,0,0,10,10,10,0.0007488583654219143,0.0,0.0,0.0008038743374448571,0.0007436080595215923,0.0010530632240204564,0.00010434205914671361,0.0,0.00032820711023945137,0.0001025444376961659,0.0,0.00025835244652133715,0.0,0.00022680530216363188,0.0,0.0003500512005570778,0.0,0.0006503030371509184,18.79672481310075,5.016357688113413,6.675437314232812,7.552087684416301,38.24621189070772,0.6675885746983931,1.8823180672891655,0.38445986702991497,0.0823464624474398,0.0,7.802339281758778e-05,0.0,4.306131871499169e-05,0.0001272875271092202,0.0,0.03649235485165858,0.0,0.0,0.0004940995862657114,0.0004955439204045462,0.0004940995862657114
163,0,0,0,39,13,1,0,0,8,1,0,7,0,6,0,24,0,6,548,249,405,479,1243,73,126,61,21,0,5,0,6,6,0,0,0,0,9,9,9,0.0,0.0,0.0,0.0007464547419130816,0.0007436080595215923,0.00021061264480409127,0.0,0.0,0.0001750437921277074,2.5636109424041476e-05,0.0,0.00016440610233176,0.0,0.00019440454471168447,0.0,0.00038187403697135765,0.0,0.00048772727786318876,19.50872196511214,4.937047685139288,6.577985674608975,8.003207966450018,37.82023976145561,1.160332522690064,1.8674966651845264,0.4043457222211175,0.10807973196226474,0.0,9.752924102198473e-05,0.0,0.0002583679122899501,7.637251626553211e-05,0.0,0.0,0.0,0.0,0.0004446896276391403,0.00044598952836409156,0.0004446896276391403
164,1,0,0,49,21,1,1,0,9,1,0,11,0,10,0,16,0,6,508,250,418,437,1262,63,109,59,15,0,2,0,3,6,0,1,0,0,10,10,10,0.0007488583654219143,0.0,0.0,0.0009378533936856665,0.0012012130192271876,0.00021061264480409127,0.00010434205914671361,0.0,0.0001969242661436708,2.5636109424041476e-05,0.0,0.00025835244652133715,0.0,0.0003240075745194741,0.0,0.00025458269131423844,0.0,0.00048772727786318876,18.084727661089357,4.9568751858828195,6.7891308937939545,7.30146530550868,38.39834479401205,1.0013828620475895,1.615532829405662,0.3910884854269825,0.07719980854447482,0.0,3.901169640879389e-05,0.0,0.00012918395614497504,7.637251626553211e-05,0.0,0.03649235485165858,0.0,0.0,0.0004940995862657114,0.0004955439204045462,0.0004940995862657114
165,1,0,0,37,6,5,1,0,18,1,0,6,0,4,0,20,0,11,540,249,438,400,1286,45,118,66,22,0,1,0,1,9,0,3,0,0,14,14,14,0.0007488583654219143,0.0,0.0,0.0007081750115585646,0.0003432037197791964,0.0010530632240204564,0.00010434205914671361,0.0,0.0003938485322873416,2.5636109424041476e-05,0.0,0.00014091951628436572,0.0,0.00012960302980778964,0.0,0.00031822836414279804,0.0,0.0008941666760825127,19.223923104307584,4.937047685139288,7.113969692540077,6.683263437536549,39.12858272987282,0.7152734728911354,1.7489254483474137,0.43748881420645497,0.11322638586522973,0.0,1.9505848204396945e-05,0.0,4.306131871499169e-05,0.00011455877439829817,0.0,0.10947706455497573,0.0,0.0,0.000691739420771996,0.0006937614885663647,0.000691739420771996
166,1,0,0,29,11,3,1,0,7,1,0,11,0,11,0,32,0,6,538,246,458,414,1413,63,126,52,20,0,1,0,4,5,0,0,0,0,12,12,12,0.0007488583654219143,0.0,0.0,0.0005550560901404966,0.0006292068195951935,0.0006318379344122738,0.00010434205914671361,0.0,0.00015316331811174397,2.5636109424041476e-05,0.0,0.00025835244652133715,0.0,0.0003564083319714215,0.0,0.0005091653826284769,0.0,0.00048772727786318876,19.152723389106445,4.877565182908694,7.438808491286199,6.917177657850329,42.992758473802716,1.0013828620475895,1.8674966651845264,0.34468815664750996,0.10293307805929976,0.0,1.9505848204396945e-05,0.0,0.00017224527485996675,6.36437635546101e-05,0.0,0.0,0.0,0.0,0.0005929195035188538,0.0005946527044854554,0.0005929195035188538
167,1,0,0,35,8,2,1,0,11,3,0,7,0,9,0,42,0,2,547,257,426,390,1462,56,130,71,16,0,2,0,5,6,0,0,0,0,14,14,14,0.0007488583654219143,0.0,0.0,0.0006698952812040476,0.00045760495970559523,0.00042122528960818255,0.00010434205914671361,0.0,0.00024068521417559767,7.690832827212443e-05,0.0,0.00016440610233176,0.0,0.0002916068170675267,0.0,0.0006682795646998759,0.0,0.0001625757592877296,19.47312210751157,5.095667691087538,6.919066413292404,6.516181851598136,44.48366092618512,0.8901180995978574,1.9267822736030829,0.47063190619179246,0.0823464624474398,0.0,3.901169640879389e-05,0.0,0.00021530659357495843,7.637251626553211e-05,0.0,0.0,0.0,0.0,0.000691739420771996,0.0006937614885663647,0.000691739420771996
168,1,0,0,43,8,3,2,0,17,3,0,11,0,11,0,45,0,5,539,260,451,395,1507,59,114,51,15,0,1,0,4,5,0,2,0,0,11,11,11,0.0007488583654219143,0.0,0.0,0.0008230142026221155,0.00045760495970559523,0.0006318379344122738,0.00020868411829342721,0.0,0.0003719680582713782,7.690832827212443e-05,0.0,0.00025835244652133715,0.0,0.0003564083319714215,0.0,0.0007160138193212956,0.0,0.000406439398219324,19.188323246707014,5.155150193318132,7.3251149117250565,6.5997226445673425,45.852857055924055,0.9378029977905997,1.6896398399288572,0.3380595382504425,0.07719980854447482,0.0,1.9505848204396945e-05,0.0,0.00017224527485996675,6.36437635546101e-05,0.0,0.07298470970331716,0.0,0.0,0.0005435095448922826,0.0005450983124450008,0.0005435095448922826
169,3,0,0,43,11,1,2,0,10,3,0,12,0,8,0,34,0,6,534,241,489,393,1565,50,124,62,21,0,2,0,1,7,0,0,0,0,12,12,12,0.002246575096265743,0.0,0.0,0.0008230142026221155,0.0006292068195951935,0.00021061264480409127,0.00020868411829342721,0.0,0.00021880474015963423,7.690832827212443e-05,0.0,0.00028183903256873144,0.0,0.0002592060596155793,0.0,0.0005409882190427566,0.0,0.00048772727786318876,19.010323958704166,4.778427679191037,7.942308629342689,6.566306327379659,47.617598734254244,0.7947483032123727,1.8378538609752484,0.410974340618185,0.10807973196226474,0.0,3.901169640879389e-05,0.0,4.306131871499169e-05,8.910126897645413e-05,0.0,0.0,0.0,0.0,0.0005929195035188538,0.0005946527044854554,0.0005929195035188538
170,1,0,0,36,12,4,2,0,17,1,0,4,0,8,0,28,0,5,540,248,501,366,1590,57,110,58,16,0,3,0,4,7,0,0,0,0,12,12,12,0.0007488583654219143,0.0,0.0,0.000689035146381306,0.0006864074395583928,0.0008424505792163651,0.00020868411829342721,0.0,0.0003719680582713782,2.5636109424041476e-05,0.0,9.394634418957715e-05,0.0,0.0002592060596155793,0.0,0.00044551970979991726,0.0,0.000406439398219324,19.223923104307584,4.917220184395757,8.137211908590361,6.115186045345943,48.37826325077588,0.9060130656621048,1.630354231510301,0.38445986702991497,0.0823464624474398,0.0,5.851754461319084e-05,0.0,0.00017224527485996675,8.910126897645413e-05,0.0,0.0,0.0,0.0,0.0005929195035188538,0.0005946527044854554,0.0005929195035188538
171,0,0,0,48,9,4,0,0,8,2,0,8,0,10,0,24,0,7,497,257,503,393,1707,64,108,63,25,0,2,0,2,5,0,1,0,0,10,10,10,0.0,0.0,0.0,0.0009187135285084081,0.0005148055796687946,0.0008424505792163651,0.0,0.0,0.0001750437921277074,5.127221884808295e-05,0.0,0.0001878926883791543,0.0,0.0003240075745194741,0.0,0.00038187403697135765,0.0,0.0005690151575070535,17.69312922748309,5.095667691087538,8.169695788464974,6.566306327379659,51.938173188097124,1.017277828111837,1.6007114273010228,0.41760295901525246,0.12866634757412468,0.0,3.901169640879389e-05,0.0,8.612263742998338e-05,6.36437635546101e-05,0.0,0.03649235485165858,0.0,0.0,0.0004940995862657114,0.0004955439204045462,0.0004940995862657114
172,1,1,0,34,10,6,3,0,10,2,0,5,0,11,0,26,0,7,462,247,480,359,1726,48,120,60,22,0,9,0,2,6,0,0,0,0,15,15,15,0.0007488583654219143,0.00023759267302211228,0.0,0.000650755416026789,0.000572006199631994,0.0012636758688245476,0.0003130261774401408,0.0,0.00021880474015963423,5.127221884808295e-05,0.0,0.00011743293023697142,0.0,0.0003564083319714215,0.0,0.00041369687338563743,0.0,0.0005690151575070535,16.447134211463155,4.8973926836522255,7.796131169906934,5.9982289351890525,52.51627822065356,0.7629583710838778,1.778568252556692,0.39771710382404996,0.11322638586522973,0.0,0.0001755526338395725,0.0,8.612263742998338e-05,7.637251626553211e-05,0.0,0.0,0.0,0.0,0.0007411493793985672,0.0007433158806068193,0.0007411493793985672
173,1,0,0,35,16,2,2,0,20,0,0,9,0,6,0,27,0,2,482,254,489,349,1737,62,134,49,19,0,7,0,3,3,0,1,0,0,12,12,12,0.0007488583654219143,0.0,0.0,0.0006698952812040476,0.0009152099194111905,0.00042122528960818255,0.00020868411829342721,0.0,0.00043760948031926845,0.0,0.0,0.00021137927442654855,0.0,0.00019440454471168447,0.0,0.0004296082915927774,0.0,0.0001625757592877296,17.159131363474547,5.036185188856944,7.942308629342689,5.83114734925064,52.85097060792308,0.9854878959833421,1.9860678820216393,0.3248023014563075,0.09778642415633476,0.0,0.0001365409374307786,0.0,0.00012918395614497504,3.8186258132766054e-05,0.0,0.03649235485165858,0.0,0.0,0.0005929195035188538,0.0005946527044854554,0.0005929195035188538
174,0,0,0,47,7,1,2,0,8,0,0,10,0,14,0,23,0,13,475,250,488,329,1698,71,128,60,18,0,6,0,3,6,0,1,0,0,10,10,10,0.0,0.0,0.0,0.0008995736633311495,0.0004004043397423958,0.00021061264480409127,0.00020868411829342721,0.0,0.0001750437921277074,0.0,0.0,0.00023486586047394284,0.0,0.00045361060432726376,0.0,0.00036596261876421776,0.0,0.0010567424353702423,16.90993236027056,4.9568751858828195,7.926066689405382,5.496984177373812,51.664333962149335,1.1285425905615691,1.8971394693938046,0.39771710382404996,0.09263977025336978,0.0,0.00011703508922638167,0.0,0.00012918395614497504,7.637251626553211e-05,0.0,0.03649235485165858,0.0,0.0,0.0004940995862657114,0.0004955439204045462,0.0004940995862657114
175,1,0,0,42,9,0,0,0,13,1,0,7,0,8,0,39,0,10,529,231,588,357,1808,53,126,54,17,0,4,0,1,5,0,0,0,0,18,18,18,0.0007488583654219143,0.0,0.0,0.0008038743374448571,0.0005148055796687946,0.0,0.0,0.0,0.00028444616220752453,2.5636109424041476e-05,0.0,0.00016440610233176,0.0,0.0002592060596155793,0.0,0.0006205453100784562,0.0,0.000812878796438648,18.83232467070132,4.580152671755725,9.550260683135994,5.96481261800137,55.01125783484452,0.842433201405115,1.8674966651845264,0.357945393441645,0.08749311635040478,0.0,7.802339281758778e-05,0.0,4.306131871499169e-05,6.36437635546101e-05,0.0,0.0,0.0,0.0,0.0008893792552782806,0.0008919790567281831,0.0008893792552782806
176,0,1,0,32,9,4,0,0,13,0,0,3,0,10,0,29,0,9,513,234,584,345,1907,55,113,63,22,0,5,0,3,6,0,1,0,0,15,15,15,0.0,0.00023759267302211228,0.0,0.000612475685672272,0.0005148055796687946,0.0008424505792163651,0.0,0.0,0.00028444616220752453,0.0,0.0,7.045975814218286e-05,0.0,0.0003240075745194741,0.0,0.00046143112800705715,0.0,0.0007315909167947832,18.262726949092205,4.639635173986319,9.485292923386769,5.764314714875273,58.02348932027019,0.8742231335336099,1.6748184378242181,0.41760295901525246,0.11322638586522973,0.0,9.752924102198473e-05,0.0,0.00012918395614497504,7.637251626553211e-05,0.0,0.03649235485165858,0.0,0.0,0.0007411493793985672,0.0007433158806068193,0.0007411493793985672
177,0,0,0,31,3,2,1,0,8,2,0,9,0,6,0,26,0,12,486,240,510,314,2000,62,112,50,20,0,9,0,2,6,0,0,0,0,14,14,14,0.0,0.0,0.0,0.0005933358204950136,0.0001716018598895982,0.00042122528960818255,0.00010434205914671361,0.0,0.0001750437921277074,5.127221884808295e-05,0.0,0.00021137927442654855,0.0,0.00019440454471168447,0.0,0.00041369687338563743,0.0,0.0009754545557263775,17.301530793876825,4.758600178447506,8.283389368026116,5.246361798466191,60.85316132173067,0.9854878959833421,1.659997035719579,0.331430919853375,0.10293307805929976,0.0,0.0001755526338395725,0.0,8.612263742998338e-05,7.637251626553211e-05,0.0,0.0,0.0,0.0,0.000691739420771996,0.0006937614885663647,0.000691739420771996
178,1,0,0,35,11,2,1,0,15,5,0,15,0,9,0,26,0,4,488,252,547,327,2017,55,108,51,13,0,2,0,1,7,0,1,0,0,16,16,16,0.0007488583654219143,0.0,0.0,0.0006698952812040476,0.0006292068195951935,0.00042122528960818255,0.00010434205914671361,0.0,0.00032820711023945137,0.00012818054712020738,0.0,0.0003522987907109143,0.0,0.0002916068170675267,0.0,0.00041369687338563743,0.0,0.0003251515185754592,17.372730509077964,4.996530187369882,8.884341145706443,5.463567860186129,61.37041319296537,0.8742231335336099,1.6007114273010228,0.3380595382504425,0.06690650073854484,0.0,3.901169640879389e-05,0.0,4.306131871499169e-05,8.910126897645413e-05,0.0,0.03649235485165858,0.0,0.0,0.0007905593380251383,0.0007928702726472739,0.0007905593380251383
179,2,0,0,40,7,3,0,0,9,0,0,9,0,11,0,28,0,4,531,252,580,290,2108,57,111,44,14,0,3,0,0,9,0,0,0,0,13,13,13,0.0014977167308438287,0.0,0.0,0.0007655946070903401,0.0004004043397423958,0.0006318379344122738,0.0,0.0,0.0001969242661436708,0.0,0.0,0.00021137927442654855,0.0,0.0003564083319714215,0.0,0.00044551970979991726,0.0,0.0003251515185754592,18.903524385902458,4.996530187369882,9.420325163637544,4.845365992213998,64.13923203310412,0.9060130656621048,1.64517563361494,0.29165920947096996,0.07205315464150983,0.0,5.851754461319084e-05,0.0,0.0,0.00011455877439829817,0.0,0.0,0.0,0.0,0.0006423294621454249,0.00064420709652591,0.0006423294621454249
180,3,0,0,32,11,4,0,0,12,0,0,9,0,4,0,28,0,5,518,233,604,298,2259,61,102,57,29,0,1,0,3,5,0,0,0,0,15,15,15,0.002246575096265743,0.0,0.0,0.000612475685672272,0.0006292068195951935,0.0008424505792163651,0.0,0.0,0.00026256568819156106,0.0,0.0,0.00021137927442654855,0.0,0.00012960302980778964,0.0,0.00044551970979991726,0.0,0.000406439398219324,18.440726237095053,4.6198076732427875,9.81013172213289,4.979031260964729,68.73364571289478,0.9695929299190946,1.511783014673188,0.3778312486328475,0.14925296318598463,0.0,1.9505848204396945e-05,0.0,0.00012918395614497504,6.36437635546101e-05,0.0,0.0,0.0,0.0,0.0007411493793985672,0.0007433158806068193,0.0007411493793985672
181,1,0,0,47,8,1,2,0,17,3,0,7,0,5,0,28,0,7,495,210,611,279,2392,56,134,60,18,0,2,0,0,8,0,0,0,0,11,11,11,0.0007488583654219143,0.0,0.0,0.0008995736633311495,0.00045760495970559523,0.00021061264480409127,0.00020868411829342721,0.0,0.0003719680582713782,7.690832827212443e-05,0.0,0.00016440610233176,0.0,0.00016200378725973706,0.0,0.00044551970979991726,0.0,0.0005690151575070535,17.62192951228195,4.163775156141568,9.923825301694034,4.661576247681743,72.78038094078987,0.8901180995978574,1.9860678820216393,0.39771710382404996,0.09263977025336978,0.0,3.901169640879389e-05,0.0,0.0,0.00010183002168737614,0.0,0.0,0.0,0.0,0.0005435095448922826,0.0005450983124450008,0.0005435095448922826
182,0,0,0,37,10,4,2,0,7,3,0,13,0,9,0,24,0,3,431,222,632,262,2495,44,116,55,17,0,4,0,5,5,0,1,0,0,19,19,19,0.0,0.0,0.0,0.0007081750115585646,0.000572006199631994,0.0008424505792163651,0.00020868411829342721,0.0,0.00015316331811174397,7.690832827212443e-05,0.0,0.0003053256186161257,0.0,0.0002916068170675267,0.0,0.00038187403697135765,0.0,0.00024386363893159438,15.343538625845497,4.401705165063944,10.264906040377463,4.37753755158644,75.914318748859,0.699378506826888,1.7192826441381355,0.36457401183871246,0.08749311635040478,0.0,7.802339281758778e-05,0.0,0.00021530659357495843,6.36437635546101e-05,0.0,0.03649235485165858,0.0,0.0,0.0009387892139048518,0.0009415334487686377,0.0009387892139048518
183,1,0,0,31,8,1,1,0,13,2,0,13,0,10,0,20,0,7,486,207,668,258,2620,53,110,54,18,0,1,0,3,6,0,0,0,0,16,16,16,0.0007488583654219143,0.0,0.0,0.0005933358204950136,0.00045760495970559523,0.00021061264480409127,0.00010434205914671361,0.0,0.00028444616220752453,5.127221884808295e-05,0.0,0.0003053256186161257,0.0,0.0003240075745194741,0.0,0.00031822836414279804,0.0,0.0005690151575070535,17.301530793876825,4.104292653910974,10.849615878120483,4.3107049172110745,79.71764133146716,0.842433201405115,1.630354231510301,0.357945393441645,0.09263977025336978,0.0,1.9505848204396945e-05,0.0,0.00012918395614497504,7.637251626553211e-05,0.0,0.0,0.0,0.0,0.0007905593380251383,0.0007928702726472739,0.0007905593380251383
184,2,0,0,43,8,4,2,0,14,1,0,4,0,8,0,25,0,5,513,230,655,281,2723,48,122,47,22,0,4,0,1,5,0,0,0,0,11,11,11,0.0014977167308438287,0.0,0.0,0.0008230142026221155,0.00045760495970559523,0.0008424505792163651,0.00020868411829342721,0.0,0.00030632663622348795,2.5636109424041476e-05,0.0,9.394634418957715e-05,0.0,0.0002592060596155793,0.0,0.00039778545517849754,0.0,0.000406439398219324,18.262726949092205,4.5603251710121935,10.638470658935503,4.694992564869426,82.8515791395363,0.7629583710838778,1.8082110567659702,0.31154506466217247,0.11322638586522973,0.0,7.802339281758778e-05,0.0,4.306131871499169e-05,6.36437635546101e-05,0.0,0.0,0.0,0.0,0.0005435095448922826,0.0005450983124450008,0.0005435095448922826
185,0,0,0,31,8,4,2,0,9,4,0,8,0,3,0,28,0,1,489,233,688,242,2960,45,110,57,23,0,5,0,3,6,0,1,0,0,15,15,15,0.0,0.0,0.0,0.0005933358204950136,0.00045760495970559523,0.0008424505792163651,0.00020868411829342721,0.0,0.0001969242661436708,0.0001025444376961659,0.0,0.0001878926883791543,0.0,9.720227235584223e-05,0.0,0.00044551970979991726,0.0,8.12878796438648e-05,17.408330366678534,4.6198076732427875,11.174454676866604,4.043374379709612,90.06267875616139,0.7152734728911354,1.630354231510301,0.3778312486328475,0.11837303976819472,0.0,9.752924102198473e-05,0.0,0.00012918395614497504,7.637251626553211e-05,0.0,0.03649235485165858,0.0,0.0,0.0007411493793985672,0.0007433158806068193,0.0007411493793985672
186,0,0,0,37,10,1,2,0,23,2,0,7,0,8,0,28,0,8,498,220,748,218,3027,46,129,59,17,0,3,0,1,7,0,0,0,0,17,17,17,0.0,0.0,0.0,0.0007081750115585646,0.000572006199631994,0.00021061264480409127,0.00020868411829342721,0.0,0.0005032509023671588,5.127221884808295e-05,0.0,0.00016440610233176,0.0,0.0002592060596155793,0.0,0.00044551970979991726,0.0,0.0006503030371509184,17.72872908508366,4.362050163576881,12.14897107310497,3.642378573457419,92.10125966043937,0.7311684389553829,1.9119608714984437,0.3910884854269825,0.08749311635040478,0.0,5.851754461319084e-05,0.0,4.306131871499169e-05,8.910126897645413e-05,0.0,0.0,0.0,0.0,0.0008399692966517095,0.0008424246646877285,0.0008399692966517095
187,2,0,0,25,7,2,0,0,8,2,0,9,0,10,0,22,0,5,462,241,737,204,3114,41,117,52,25,0,3,0,0,4,0,0,0,0,15,15,15,0.0014977167308438287,0.0,0.0,0.00047849662943146254,0.0004004043397423958,0.00042122528960818255,0.0,0.0,0.0001750437921277074,5.127221884808295e-05,0.0,0.00021137927442654855,0.0,0.0003240075745194741,0.0,0.0003500512005570778,0.0,0.000406439398219324,16.447134211463155,4.778427679191037,11.970309733794604,3.40846435314364,94.74837217793464,0.6516936086341456,1.7341040462427746,0.34468815664750996,0.12866634757412468,0.0,5.851754461319084e-05,0.0,0.0,5.091501084368807e-05,0.0,0.0,0.0,0.0,0.0007411493793985672,0.0007433158806068193,0.0007411493793985672
188,0,0,0,28,4,0,4,0,11,0,0,9,0,11,0,41,0,5,491,223,794,197,3111,45,116,50,18,0,4,0,2,8,0,0,0,0,14,14,14,0.0,0.0,0.0,0.000535916224963238,0.00022880247985279762,0.0,0.00041736823658685443,0.0,0.00024068521417559767,0.0,0.0,0.00021137927442654855,0.0,0.0003564083319714215,0.0,0.000652368146492736,0.0,0.000406439398219324,17.479530081879673,4.421532665807475,12.896100310221053,3.2915072429867505,94.65709243595205,0.7152734728911354,1.7192826441381355,0.331430919853375,0.09263977025336978,0.0,7.802339281758778e-05,0.0,8.612263742998338e-05,0.00010183002168737614,0.0,0.0,0.0,0.0,0.000691739420771996,0.0006937614885663647,0.000691739420771996
189,0,0,0,39,7,3,0,0,24,3,0,10,0,2,0,27,0,3,486,238,791,172,3318,66,130,45,19,0,1,0,0,5,0,0,0,0,6,6,6,0.0,0.0,0.0,0.0007464547419130816,0.0004004043397423958,0.0006318379344122738,0.0,0.0,0.0005251313763831221,7.690832827212443e-05,0.0,0.00023486586047394284,0.0,6.480151490389482e-05,0.0,0.0004296082915927774,0.0,0.00024386363893159438,17.301530793876825,4.718945176960444,12.847374490409134,2.8738032781407163,100.95539463275118,1.049067760240332,1.9267822736030829,0.2982878278680375,0.09778642415633476,0.0,1.9505848204396945e-05,0.0,0.0,6.36437635546101e-05,0.0,0.0,0.0,0.0,0.0002964597517594269,0.0002973263522427277,0.0002964597517594269
190,0,0,0,48,8,3,2,0,8,1,0,12,0,7,0,29,0,7,497,227,878,168,3265,64,124,53,19,0,3,0,3,6,0,0,0,0,13,13,13,0.0,0.0,0.0,0.0009187135285084081,0.00045760495970559523,0.0006318379344122738,0.00020868411829342721,0.0,0.0001750437921277074,2.5636109424041476e-05,0.0,0.00028183903256873144,0.0,0.00022680530216363188,0.0,0.00046143112800705715,0.0,0.0005690151575070535,17.69312922748309,4.500842668781599,14.260423264954765,2.8069706437653505,99.3427858577253,1.017277828111837,1.8378538609752484,0.3513167750445775,0.09778642415633476,0.0,5.851754461319084e-05,0.0,0.00012918395614497504,7.637251626553211e-05,0.0,0.0,0.0,0.0,0.0006423294621454249,0.00064420709652591,0.0006423294621454249
191,0,1,0,46,13,6,0,0,11,0,0,4,0,10,0,32,0,5,493,217,803,154,3251,58,106,56,17,0,5,0,2,6,0,0,0,0,7,7,7,0.0,0.00023759267302211228,0.0,0.0008804337981538911,0.0007436080595215923,0.0012636758688245476,0.0,0.0,0.00024068521417559767,0.0,0.0,9.394634418957715e-05,0.0,0.0003240075745194741,0.0,0.0005091653826284769,0.0,0.000406439398219324,17.550729797080812,4.302567661346287,13.042277769656808,2.5730564234515714,98.9168137284732,0.9219080317263523,1.5710686230917446,0.37120263023578,0.08749311635040478,0.0,9.752924102198473e-05,0.0,8.612263742998338e-05,7.637251626553211e-05,0.0,0.0,0.0,0.0,0.000345869710385998,0.0003468807442831823,0.000345869710385998
192,1,2,0,36,13,3,1,0,12,3,0,6,0,7,0,28,0,1,490,194,859,152,3058,41,116,51,17,0,4,0,0,11,0,3,0,0,12,12,12,0.0007488583654219143,0.00047518534604422456,0.0,0.000689035146381306,0.0007436080595215923,0.0006318379344122738,0.00010434205914671361,0.0,0.00026256568819156106,7.690832827212443e-05,0.0,0.00014091951628436572,0.0,0.00022680530216363188,0.0,0.00044551970979991726,0.0,8.12878796438648e-05,17.443930224279104,3.8465351442450677,13.95182640614595,2.5396401062638887,93.04448366092619,0.6516936086341456,1.7192826441381355,0.3380595382504425,0.08749311635040478,0.0,7.802339281758778e-05,0.0,0.0,0.0001400162798201422,0.0,0.10947706455497573,0.0,0.0,0.0005929195035188538,0.0005946527044854554,0.0005929195035188538
193,0,0,0,36,9,1,2,0,8,1,0,9,0,11,0,19,0,8,446,217,938,138,3031,56,95,61,24,0,2,0,2,15,0,0,0,0,14,14,14,0.0,0.0,0.0,0.000689035146381306,0.0005148055796687946,0.00021061264480409127,0.00020868411829342721,0.0,0.0001750437921277074,2.5636109424041476e-05,0.0,0.00021137927442654855,0.0,0.0003564083319714215,0.0,0.00030231694593565816,0.0,0.0006503030371509184,15.877536489854041,4.302567661346287,15.234939661193133,2.3057258859501095,92.22296598308282,0.8901180995978574,1.4080331999407145,0.4043457222211175,0.1235196936711597,0.0,3.901169640879389e-05,0.0,8.612263742998338e-05,0.00019093129066383028,0.0,0.0,0.0,0.0,0.000691739420771996,0.0006937614885663647,0.000691739420771996
194,0,0,0,36,8,3,3,0,22,3,0,9,0,14,0,35,0,3,486,204,885,166,2781,60,122,52,17,0,2,0,1,6,0,1,0,0,22,22,22,0.0,0.0,0.0,0.000689035146381306,0.00045760495970559523,0.0006318379344122738,0.0003130261774401408,0.0,0.00048137042835119534,7.690832827212443e-05,0.0,0.00021137927442654855,0.0,0.00045361060432726376,0.0,0.0005568996372498965,0.0,0.00024386363893159438,17.301530793876825,4.04481015168038,14.374116844515909,2.773554326577668,84.6163208178665,0.9536979638548472,1.8082110567659702,0.34468815664750996,0.08749311635040478,0.0,3.901169640879389e-05,0.0,4.306131871499169e-05,7.637251626553211e-05,0.0,0.03649235485165858,0.0,0.0,0.0010870190897845652,0.0010901966248900016,0.0010870190897845652
195,0,0,0,31,13,2,2,0,9,1,0,15,0,13,0,21,0,2,508,221,989,135,2479,44,100,39,18,0,1,0,1,3,0,0,0,0,12,12,12,0.0,0.0,0.0,0.0005933358204950136,0.0007436080595215923,0.00042122528960818255,0.00020868411829342721,0.0,0.0001969242661436708,2.5636109424041476e-05,0.0,0.0003522987907109143,0.0,0.0004212098468753163,0.0,0.00033413978234993793,0.0,0.0001625757592877296,18.084727661089357,4.381877664320412,16.063278597995744,2.2556014101685853,75.42749345828516,0.699378506826888,1.4821402104639099,0.25851611748563247,0.09263977025336978,0.0,1.9505848204396945e-05,0.0,4.306131871499169e-05,3.8186258132766054e-05,0.0,0.0,0.0,0.0,0.0005929195035188538,0.0005946527044854554,0.0005929195035188538
196,0,0,0,41,10,2,2,0,14,0,0,9,0,10,0,29,0,8,463,205,1007,137,2214,60,114,39,17,0,5,0,2,5,0,0,0,0,15,15,15,0.0,0.0,0.0,0.0007847344722675985,0.000572006199631994,0.00042122528960818255,0.00020868411829342721,0.0,0.00030632663622348795,0.0,0.0,0.00021137927442654855,0.0,0.0003240075745194741,0.0,0.00046143112800705715,0.0,0.0006503030371509184,16.482734069063724,4.064637652423912,16.355633516867254,2.289017727356268,67.36444958315585,0.9536979638548472,1.6896398399288572,0.25851611748563247,0.08749311635040478,0.0,9.752924102198473e-05,0.0,8.612263742998338e-05,6.36437635546101e-05,0.0,0.0,0.0,0.0,0.0007411493793985672,0.0007433158806068193,0.0007411493793985672
197,0,0,0,43,8,1,2,0,19,2,0,11,0,7,0,36,0,4,483,225,1036,131,1962,55,104,54,17,0,4,0,3,6,0,3,0,0,9,9,9,0.0,0.0,0.0,0.0008230142026221155,0.00045760495970559523,0.00021061264480409127,0.00020868411829342721,0.0,0.00041572900630330504,5.127221884808295e-05,0.0,0.00025835244652133715,0.0,0.00022680530216363188,0.0,0.0005728110554570364,0.0,0.0003251515185754592,17.194731221075116,4.461187667294538,16.82664977504913,2.18876877579322,59.69695125661778,0.8742231335336099,1.5414258188824663,0.357945393441645,0.08749311635040478,0.0,7.802339281758778e-05,0.0,0.00012918395614497504,7.637251626553211e-05,0.0,0.10947706455497573,0.0,0.0,0.0004446896276391403,0.00044598952836409156,0.0004446896276391403
198,0,0,0,30,11,2,1,0,11,1,0,11,0,8,0,28,0,6,495,243,1099,126,1538,58,95,62,9,0,10,0,2,1,0,0,0,0,19,19,19,0.0,0.0,0.0,0.000574195955317755,0.0006292068195951935,0.00042122528960818255,0.00010434205914671361,0.0,0.00024068521417559767,2.5636109424041476e-05,0.0,0.00025835244652133715,0.0,0.0002592060596155793,0.0,0.00044551970979991726,0.0,0.00048772727786318876,17.62192951228195,4.8180826806781,17.849891991099415,2.105227982824013,46.796081056410884,0.9219080317263523,1.4080331999407145,0.410974340618185,0.04631988512668489,0.0,0.00019505848204396945,0.0,8.612263742998338e-05,1.2728752710922018e-05,0.0,0.0,0.0,0.0,0.0009387892139048518,0.0009415334487686377,0.0009387892139048518
199,0,0,0,27,11,3,3,0,25,5,0,10,0,9,0,15,0,2,461,215,1131,117,1277,47,113,62,14,0,1,0,1,8,0,0,0,0,15,15,15,0.0,0.0,0.0,0.0005167763597859796,0.0006292068195951935,0.0006318379344122738,0.0003130261774401408,0.0,0.0005470118503990856,0.00012818054712020738,0.0,0.00023486586047394284,0.0,0.0002916068170675267,0.0,0.00023867127310709852,0.0,0.0001625757592877296,16.411534353862585,4.262912659859224,18.369634069093213,1.9548545554794405,38.85474350392503,0.7470634050196303,1.6748184378242181,0.410974340618185,0.07205315464150983,0.0,1.9505848204396945e-05,0.0,4.306131871499169e-05,0.00010183002168737614,0.0,0.0,0.0,0.0,0.0007411493793985672,0.0007433158806068193,0.0007411493793985672
200,2,0,0,33,5,4,1,0,9,2,0,9,0,8,0,39,0,6,501,235,1153,141,1004,47,117,50,13,0,5,0,2,8,0,0,0,0,13,13,13,0.0014977167308438287,0.0,0.0,0.0006316155508495306,0.000286003099815997,0.0008424505792163651,0.00010434205914671361,0.0,0.0001969242661436708,5.127221884808295e-05,0.0,0.00021137927442654855,0.0,0.0002592060596155793,0.0,0.0006205453100784562,0.0,0.00048772727786318876,17.83552865788537,4.65946267472985,18.726956747713945,2.3558503617316338,30.548286983508795,0.7470634050196303,1.7341040462427746,0.331430919853375,0.06690650073854484,0.0,9.752924102198473e-05,0.0,8.612263742998338e-05,0.00010183002168737614,0.0,0.0,0.0,0.0,0.0006423294621454249,0.00064420709652591,0.0006423294621454249
201,1,0,0,22,3,1,3,0,6,0,0,8,0,11,0,30,0,7,467,225,1256,151,810,64,82,42,15,0,2,0,3,7,0,1,0,0,25,25,25,0.0007488583654219143,0.0,0.0,0.00042107703389968705,0.0001716018598895982,0.00021061264480409127,0.0003130261774401408,0.0,0.00013128284409578053,0.0,0.0,0.0001878926883791543,0.0,0.0003564083319714215,0.0,0.00047734254621419704,0.0,0.0005690151575070535,16.625133499466003,4.461187667294538,20.399876561256477,2.522931947670047,24.64553033530092,1.017277828111837,1.215354972580406,0.278401972676835,0.07719980854447482,0.0,3.901169640879389e-05,0.0,0.00012918395614497504,8.910126897645413e-05,0.0,0.03649235485165858,0.0,0.0,0.0012352489656642786,0.0012388598010113655,0.0012352489656642786
202,2,0,0,30,4,3,0,0,23,2,0,14,0,9,0,24,0,5,484,197,1304,141,680,61,105,51,16,0,3,0,1,9,0,0,0,0,12,12,12,0.0014977167308438287,0.0,0.0,0.000574195955317755,0.00022880247985279762,0.0006318379344122738,0.0,0.0,0.0005032509023671588,5.127221884808295e-05,0.0,0.00032881220466352,0.0,0.0002916068170675267,0.0,0.00038187403697135765,0.0,0.000406439398219324,17.230331078675686,3.9060176464756617,21.17948967824717,2.3558503617316338,20.690074849388427,0.9695929299190946,1.5562472209871054,0.3380595382504425,0.0823464624474398,0.0,5.851754461319084e-05,0.0,4.306131871499169e-05,0.00011455877439829817,0.0,0.0,0.0,0.0,0.0005929195035188538,0.0005946527044854554,0.0005929195035188538
203,0,0,0,36,8,4,1,0,7,1,0,9,0,11,0,23,0,5,484,220,1287,149,511,55,125,41,9,0,3,0,2,8,0,0,0,0,14,14,14,0.0,0.0,0.0,0.000689035146381306,0.00045760495970559523,0.0008424505792163651,0.00010434205914671361,0.0,0.00015316331811174397,2.5636109424041476e-05,0.0,0.00021137927442654855,0.0,0.0003564083319714215,0.0,0.00036596261876421776,0.0,0.000406439398219324,17.230331078675686,4.362050163576881,20.903376699312965,2.4895156304823645,15.547982717702185,0.8742231335336099,1.8526752630798873,0.2717733542797675,0.04631988512668489,0.0,5.851754461319084e-05,0.0,8.612263742998338e-05,0.00010183002168737614,0.0,0.0,0.0,0.0,0.000691739420771996,0.0006937614885663647,0.000691739420771996
204,1,0,0,32,1,1,1,0,11,4,0,7,0,8,0,30,0,3,445,223,1363,128,527,55,106,49,9,0,5,0,0,7,0,1,0,0,13,13,13,0.0007488583654219143,0.0,0.0,0.000612475685672272,5.7200619963199404e-05,0.00021061264480409127,0.00010434205914671361,0.0,0.00024068521417559767,0.0001025444376961659,0.0,0.00016440610233176,0.0,0.0002592060596155793,0.0,0.00047734254621419704,0.0,0.00024386363893159438,15.841936632253471,4.421532665807475,22.13776413454823,2.1386443000116957,16.03480800827603,0.8742231335336099,1.5710686230917446,0.3248023014563075,0.04631988512668489,0.0,9.752924102198473e-05,0.0,0.0,8.910126897645413e-05,0.0,0.03649235485165858,0.0,0.0,0.0006423294621454249,0.00064420709652591,0.0006423294621454249
205,2,0,0,44,6,2,0,0,10,0,0,7,0,5,0,27,0,9,426,228,1464,137,463,45,110,50,17,0,0,0,0,7,0,2,0,0,12,12,12,0.0014977167308438287,0.0,0.0,0.0008421540677993741,0.0003432037197791964,0.00042122528960818255,0.0,0.0,0.00021880474015963423,0.0,0.0,0.00016440610233176,0.0,0.00016200378725973706,0.0,0.0004296082915927774,0.0,0.0007315909167947832,15.165539337842649,4.520670169525131,23.778200068216147,2.289017727356268,14.087506845980649,0.7152734728911354,1.630354231510301,0.331430919853375,0.08749311635040478,0.0,0.0,0.0,0.0,8.910126897645413e-05,0.0,0.07298470970331716,0.0,0.0,0.0005929195035188538,0.0005946527044854554,0.0005929195035188538
206,3,0,0,39,9,1,2,0,6,0,0,6,0,7,0,30,0,6,434,221,1426,155,380,45,121,57,11,0,4,0,1,8,0,2,0,0,8,8,8,0.002246575096265743,0.0,0.0,0.0007464547419130816,0.0005148055796687946,0.00021061264480409127,0.00020868411829342721,0.0,0.00013128284409578053,0.0,0.0,0.00014091951628436572,0.0,0.00022680530216363188,0.0,0.00047734254621419704,0.0,0.00048772727786318876,15.450338198647206,4.381877664320412,23.161006350598516,2.589764582045413,11.562100651128826,0.7152734728911354,1.793389654661331,0.3778312486328475,0.05661319293261487,0.0,7.802339281758778e-05,0.0,4.306131871499169e-05,0.00010183002168737614,0.0,0.07298470970331716,0.0,0.0,0.00039527966901256915,0.00039643513632363694,0.00039527966901256915
207,3,1,0,26,11,0,0,0,15,0,0,14,0,12,0,33,0,11,499,214,1461,131,381,46,107,38,17,0,3,0,3,2,0,0,0,0,21,21,21,0.002246575096265743,0.00023759267302211228,0.0,0.000497636494608721,0.0006292068195951935,0.0,0.0,0.0,0.00032820711023945137,0.0,0.0,0.00032881220466352,0.0,0.00038880908942336893,0.0,0.0005250768008356168,0.0,0.0008941666760825127,17.76432894268423,4.243085159115693,23.729474248404227,2.18876877579322,11.592527231789692,0.7311684389553829,1.5858900251963837,0.251887499088565,0.08749311635040478,0.0,5.851754461319084e-05,0.0,0.00012918395614497504,2.5457505421844036e-05,0.0,0.0,0.0,0.0,0.001037609131157994,0.001040642232849547,0.001037609131157994
208,1,0,0,23,7,1,1,0,11,2,0,8,0,4,0,35,0,4,428,205,1602,130,365,54,107,47,21,0,6,0,2,7,0,1,0,0,10,10,10,0.0007488583654219143,0.0,0.0,0.00044021689907694554,0.0004004043397423958,0.00021061264480409127,0.00010434205914671361,0.0,0.00024068521417559767,5.127221884808295e-05,0.0,0.0001878926883791543,0.0,0.00012960302980778964,0.0,0.0005568996372498965,0.0,0.0003251515185754592,15.236739053043788,4.064637652423912,26.01958777956439,2.1720606171993784,11.105701941215846,0.8583281674693625,1.5858900251963837,0.31154506466217247,0.10807973196226474,0.0,0.00011703508922638167,0.0,8.612263742998338e-05,8.910126897645413e-05,0.0,0.03649235485165858,0.0,0.0,0.0004940995862657114,0.0004955439204045462,0.0004940995862657114
209,1,1,0,28,9,3,1,0,9,1,0,9,0,10,0,22,0,7,472,209,1594,146,350,60,104,51,13,0,1,0,2,9,0,0,0,0,11,11,11,0.0007488583654219143,0.00023759267302211228,0.0,0.000535916224963238,0.0005148055796687946,0.0006318379344122738,0.00010434205914671361,0.0,0.0001969242661436708,2.5636109424041476e-05,0.0,0.00021137927442654855,0.0,0.0003240075745194741,0.0,0.0003500512005570778,0.0,0.0005690151575070535,16.80313278746885,4.143947655398037,25.88965226006594,2.4393911547008407,10.649303231302866,0.9536979638548472,1.5414258188824663,0.3380595382504425,0.06690650073854484,0.0,1.9505848204396945e-05,0.0,8.612263742998338e-05,0.00011455877439829817,0.0,0.0,0.0,0.0,0.0005435095448922826,0.0005450983124450008,0.0005435095448922826
210,0,0,0,26,8,2,1,0,16,1,0,9,0,1,0,27,0,5,460,253,1745,158,297,52,99,55,22,0,7,0,3,3,0,2,0,0,16,16,16,0.0,0.0,0.0,0.000497636494608721,0.00045760495970559523,0.00042122528960818255,0.00010434205914671361,0.0,0.0003500875842554148,2.5636109424041476e-05,0.0,0.00021137927442654855,0.0,3.240075745194741e-05,0.0,0.0004296082915927774,0.0,0.000406439398219324,16.375934496262015,5.016357688113413,28.342185190599164,2.6398890578269367,9.036694456277004,0.8265382353408676,1.4673188083592708,0.36457401183871246,0.11322638586522973,0.0,0.0001365409374307786,0.0,0.00012918395614497504,3.8186258132766054e-05,0.0,0.07298470970331716,0.0,0.0,0.0007905593380251383,0.0007928702726472739,0.0007905593380251383
211,2,1,0,20,3,3,3,0,8,1,0,8,0,6,0,23,0,5,449,232,1689,173,318,44,105,45,25,0,6,0,4,5,0,2,0,0,15,15,15,0.0014977167308438287,0.00023759267302211228,0.0,0.00038279730354517005,0.0001716018598895982,0.0006318379344122738,0.0003130261774401408,0.0,0.0001750437921277074,2.5636109424041476e-05,0.0,0.0001878926883791543,0.0,0.00019440454471168447,0.0,0.00036596261876421776,0.0,0.000406439398219324,15.98433606265575,4.599980172499256,27.432636554110022,2.8905114367345575,9.675652650155175,0.699378506826888,1.5562472209871054,0.2982878278680375,0.12866634757412468,0.0,0.00011703508922638167,0.0,0.00017224527485996675,6.36437635546101e-05,0.0,0.07298470970331716,0.0,0.0,0.0007411493793985672,0.0007433158806068193,0.0007411493793985672
212,2,1,0,27,7,0,0,0,13,2,0,14,0,9,0,24,0,10,479,226,1786,165,270,52,118,35,15,0,3,0,3,10,0,0,0,0,15,15,15,0.0014977167308438287,0.00023759267302211228,0.0,0.0005167763597859796,0.0004004043397423958,0.0,0.0,0.0,0.00028444616220752453,5.127221884808295e-05,0.0,0.00032881220466352,0.0,0.0002916068170675267,0.0,0.00038187403697135765,0.0,0.000812878796438648,17.052331790672838,4.481015168038069,29.008104728028716,2.7568461679838268,8.215176778433639,0.8265382353408676,1.7489254483474137,0.2320016438973625,0.07719980854447482,0.0,5.851754461319084e-05,0.0,0.00012918395614497504,0.0001272875271092202,0.0,0.0,0.0,0.0,0.0007411493793985672,0.0007433158806068193,0.0007411493793985672
213,0,1,0,29,14,2,3,0,9,0,0,11,0,6,0,34,0,5,454,211,1860,151,288,50,107,37,16,0,4,0,1,5,0,0,0,0,13,13,13,0.0,0.00023759267302211228,0.0,0.0005550560901404966,0.0008008086794847916,0.00042122528960818255,0.0003130261774401408,0.0,0.0001969242661436708,0.0,0.0,0.00025835244652133715,0.0,0.00019440454471168447,0.0,0.0005409882190427566,0.0,0.000406439398219324,16.162335350658598,4.1836026568851,30.210008283389367,2.522931947670047,8.762855230329215,0.7947483032123727,1.5858900251963837,0.24525888069149748,0.0823464624474398,0.0,7.802339281758778e-05,0.0,4.306131871499169e-05,6.36437635546101e-05,0.0,0.0,0.0,0.0,0.0006423294621454249,0.00064420709652591,0.0006423294621454249
214,0,0,0,28,10,2,3,0,4,1,0,7,0,4,0,20,0,5,453,225,1911,182,243,54,99,48,23,0,3,0,2,11,0,1,0,0,14,14,14,0.0,0.0,0.0,0.000535916224963238,0.000572006199631994,0.00042122528960818255,0.0003130261774401408,0.0,8.75218960638537e-05,2.5636109424041476e-05,0.0,0.00016440610233176,0.0,0.00012960302980778964,0.0,0.00031822836414279804,0.0,0.000406439398219324,16.12673549305803,4.461187667294538,31.03834722019198,3.0408848640791297,7.393659100590276,0.8583281674693625,1.4673188083592708,0.31817368305924,0.11837303976819472,0.0,5.851754461319084e-05,0.0,8.612263742998338e-05,0.0001400162798201422,0.0,0.03649235485165858,0.0,0.0,0.000691739420771996,0.0006937614885663647,0.000691739420771996
215,3,0,0,28,8,1,1,0,10,2,0,9,0,5,0,28,0,7,489,220,1967,137,232,46,98,40,24,0,3,0,1,8,0,0,0,0,15,15,15,0.002246575096265743,0.0,0.0,0.000535916224963238,0.00045760495970559523,0.00021061264480409127,0.00010434205914671361,0.0,0.00021880474015963423,5.127221884808295e-05,0.0,0.00021137927442654855,0.0,0.00016200378725973706,0.0,0.00044551970979991726,0.0,0.0005690151575070535,17.408330366678534,4.362050163576881,31.94789585668112,2.289017727356268,7.058966713320757,0.7311684389553829,1.4524974062546316,0.2651447358827,0.1235196936711597,0.0,5.851754461319084e-05,0.0,4.306131871499169e-05,0.00010183002168737614,0.0,0.0,0.0,0.0,0.0007411493793985672,0.0007433158806068193,0.0007411493793985672
216,1,0,0,27,7,2,0,0,4,4,0,5,0,4,0,24,0,7,437,240,1977,159,190,46,117,54,14,0,0,0,2,8,0,2,0,0,12,12,12,0.0007488583654219143,0.0,0.0,0.0005167763597859796,0.0004004043397423958,0.00042122528960818255,0.0,0.0,8.75218960638537e-05,0.0001025444376961659,0.0,0.00011743293023697142,0.0,0.00012960302980778964,0.0,0.00038187403697135765,0.0,0.0005690151575070535,15.557137771448915,4.758600178447506,32.11031525605418,2.6565972164207783,5.781050325564413,0.7311684389553829,1.7341040462427746,0.357945393441645,0.07205315464150983,0.0,0.0,0.0,8.612263742998338e-05,0.00010183002168737614,0.0,0.07298470970331716,0.0,0.0,0.0005929195035188538,0.0005946527044854554,0.0005929195035188538
217,0,0,0,23,5,5,0,0,4,3,0,9,0,7,0,18,0,11,452,217,2167,149,216,48,115,41,14,0,1,0,2,4,0,0,0,0,7,7,7,0.0,0.0,0.0,0.00044021689907694554,0.000286003099815997,0.0010530632240204564,0.0,0.0,8.75218960638537e-05,7.690832827212443e-05,0.0,0.00021137927442654855,0.0,0.00022680530216363188,0.0,0.0002864055277285182,0.0,0.0008941666760825127,16.09113563545746,4.302567661346287,35.19628384414234,2.4895156304823645,6.5721414227469115,0.7629583710838778,1.7044612420334964,0.2717733542797675,0.07205315464150983,0.0,1.9505848204396945e-05,0.0,8.612263742998338e-05,5.091501084368807e-05,0.0,0.0,0.0,0.0,0.000345869710385998,0.0003468807442831823,0.000345869710385998
218,0,0,0,38,7,3,2,0,18,1,0,9,0,11,0,26,0,8,459,209,2135,137,204,49,100,47,14,0,4,0,1,9,0,0,0,0,12,12,12,0.0,0.0,0.0,0.0007273148767358231,0.0004004043397423958,0.0006318379344122738,0.00020868411829342721,0.0,0.0003938485322873416,2.5636109424041476e-05,0.0,0.00021137927442654855,0.0,0.0003564083319714215,0.0,0.00041369687338563743,0.0,0.0006503030371509184,16.340334638661446,4.143947655398037,34.676541766148546,2.289017727356268,6.207022454816528,0.7788533371481252,1.4821402104639099,0.31154506466217247,0.07205315464150983,0.0,7.802339281758778e-05,0.0,4.306131871499169e-05,0.00011455877439829817,0.0,0.0,0.0,0.0,0.0005929195035188538,0.0005946527044854554,0.0005929195035188538
219,0,0,0,29,11,5,0,0,5,1,0,10,0,10,0,34,0,6,494,264,2304,145,188,46,115,44,17,0,2,0,1,3,0,1,0,0,14,14,14,0.0,0.0,0.0,0.0005550560901404966,0.0006292068195951935,0.0010530632240204564,0.0,0.0,0.00010940237007981711,2.5636109424041476e-05,0.0,0.00023486586047394284,0.0,0.0003240075745194741,0.0,0.0005409882190427566,0.0,0.00048772727786318876,17.586329654681382,5.2344601962922575,37.42142961555328,2.422682996106999,5.720197164242682,0.7311684389553829,1.7044612420334964,0.29165920947096996,0.08749311635040478,0.0,3.901169640879389e-05,0.0,4.306131871499169e-05,3.8186258132766054e-05,0.0,0.03649235485165858,0.0,0.0,0.000691739420771996,0.0006937614885663647,0.000691739420771996
220,2,2,0,26,5,2,1,0,9,3,0,11,0,8,0,16,0,6,417,225,2289,175,199,37,100,51,12,0,2,0,2,9,0,0,0,0,15,15,15,0.0014977167308438287,0.00047518534604422456,0.0,0.000497636494608721,0.000286003099815997,0.00042122528960818255,0.00010434205914671361,0.0,0.0001969242661436708,7.690832827212443e-05,0.0,0.00025835244652133715,0.0,0.0002592060596155793,0.0,0.00025458269131423844,0.0,0.00048772727786318876,14.845140619437522,4.461187667294538,37.17780051649369,2.92392775392224,6.054889551512201,0.5881137443771558,1.4821402104639099,0.3380595382504425,0.06175984683557985,0.0,3.901169640879389e-05,0.0,8.612263742998338e-05,0.00011455877439829817,0.0,0.0,0.0,0.0,0.0007411493793985672,0.0007433158806068193,0.0007411493793985672
221,0,0,0,27,4,2,3,0,8,3,0,5,0,9,0,25,0,3,421,219,2265,154,202,47,126,47,16,0,4,0,1,8,0,2,0,0,9,9,9,0.0,0.0,0.0,0.0005167763597859796,0.00022880247985279762,0.00042122528960818255,0.0003130261774401408,0.0,0.0001750437921277074,7.690832827212443e-05,0.0,0.00011743293023697142,0.0,0.0002916068170675267,0.0,0.00039778545517849754,0.0,0.00024386363893159438,14.9875400498398,4.34222266283335,36.78799395799834,2.5730564234515714,6.146169293494797,0.7470634050196303,1.8674966651845264,0.31154506466217247,0.0823464624474398,0.0,7.802339281758778e-05,0.0,4.306131871499169e-05,0.00010183002168737614,0.0,0.07298470970331716,0.0,0.0,0.0004446896276391403,0.00044598952836409156,0.0004446896276391403
222,1,1,0,26,7,3,0,0,5,2,0,10,0,8,0,26,0,2,477,227,2403,172,193,42,102,59,18,0,3,0,0,10,0,0,0,0,11,11,11,0.0007488583654219143,0.00023759267302211228,0.0,0.000497636494608721,0.0004004043397423958,0.0006318379344122738,0.0,0.0,0.00010940237007981711,5.127221884808295e-05,0.0,0.00023486586047394284,0.0,0.0002592060596155793,0.0,0.00041369687338563743,0.0,0.0001625757592877296,16.9811320754717,4.500842668781599,39.029381669346584,2.8738032781407163,5.872330067547009,0.6675885746983931,1.511783014673188,0.3910884854269825,0.09263977025336978,0.0,5.851754461319084e-05,0.0,0.0,0.0001272875271092202,0.0,0.0,0.0,0.0,0.0005435095448922826,0.0005450983124450008,0.0005435095448922826
223,1,0,0,32,8,2,3,0,17,3,0,6,0,7,0,20,0,7,457,228,2447,161,190,59,94,52,12,0,2,0,2,3,0,0,0,0,12,11,12,0.0007488583654219143,0.0,0.0,0.000612475685672272,0.00045760495970559523,0.00042122528960818255,0.0003130261774401408,0.0,0.0003719680582713782,7.690832827212443e-05,0.0,0.00014091951628436572,0.0,0.00022680530216363188,0.0,0.00031822836414279804,0.0,0.0005690151575070535,16.269134923460307,4.520670169525131,39.74402702658806,2.690013533608461,5.781050325564413,0.9378029977905997,1.3932117978360754,0.34468815664750996,0.06175984683557985,0.0,3.901169640879389e-05,0.0,8.612263742998338e-05,3.8186258132766054e-05,0.0,0.0,0.0,0.0,0.0005929195035188538,0.0005450983124450008,0.0005929195035188538
224,1,0,0,29,7,3,0,0,9,1,0,7,0,4,0,27,0,5,476,189,2382,166,173,45,119,45,20,0,3,0,1,8,0,0,0,0,16,16,16,0.0007488583654219143,0.0,0.0,0.0005550560901404966,0.0004004043397423958,0.0006318379344122738,0.0,0.0,0.0001969242661436708,2.5636109424041476e-05,0.0,0.00016440610233176,0.0,0.00012960302980778964,0.0,0.0004296082915927774,0.0,0.000406439398219324,16.94553221787113,3.7473976405274114,38.688300930663154,2.773554326577668,5.263798454329702,0.7152734728911354,1.7637468504520528,0.2982878278680375,0.10293307805929976,0.0,5.851754461319084e-05,0.0,4.306131871499169e-05,0.00010183002168737614,0.0,0.0,0.0,0.0,0.0007905593380251383,0.0007928702726472739,0.0007905593380251383
225,0,0,0,36,6,2,1,0,8,0,0,14,0,6,0,32,0,6,433,205,2586,148,170,38,92,48,22,0,4,0,1,3,0,0,0,0,9,9,9,0.0,0.0,0.0,0.000689035146381306,0.0003432037197791964,0.00042122528960818255,0.00010434205914671361,0.0,0.0001750437921277074,0.0,0.0,0.00032881220466352,0.0,0.00019440454471168447,0.0,0.0005091653826284769,0.0,0.00048772727786318876,15.414738341046636,4.064637652423912,42.001656677873605,2.4728074718885233,5.172518712347107,0.6040087104414033,1.3635689936267972,0.31817368305924,0.11322638586522973,0.0,7.802339281758778e-05,0.0,4.306131871499169e-05,3.8186258132766054e-05,0.0,0.0,0.0,0.0,0.0004446896276391403,0.00044598952836409156,0.0004446896276391403
226,1,0,0,21,6,2,0,0,12,1,0,15,0,6,0,29,0,6,457,210,2710,161,175,62,127,56,16,0,0,0,2,8,0,0,0,0,11,11,11,0.0007488583654219143,0.0,0.0,0.00040193716872242855,0.0003432037197791964,0.00042122528960818255,0.0,0.0,0.00026256568819156106,2.5636109424041476e-05,0.0,0.0003522987907109143,0.0,0.00019440454471168447,0.0,0.00046143112800705715,0.0,0.00048772727786318876,16.269134923460307,4.163775156141568,44.01565723009956,2.690013533608461,5.324651615651433,0.9854878959833421,1.8823180672891655,0.37120263023578,0.0823464624474398,0.0,0.0,0.0,8.612263742998338e-05,0.00010183002168737614,0.0,0.0,0.0,0.0,0.0005435095448922826,0.0005450983124450008,0.0005435095448922826
227,1,0,0,36,8,1,1,0,4,3,0,8,0,4,0,26,0,6,490,213,2710,176,170,42,92,35,12,0,2,0,1,12,0,2,0,0,11,11,11,0.0007488583654219143,0.0,0.0,0.000689035146381306,0.00045760495970559523,0.00021061264480409127,0.00010434205914671361,0.0,8.75218960638537e-05,7.690832827212443e-05,0.0,0.0001878926883791543,0.0,0.00012960302980778964,0.0,0.00041369687338563743,0.0,0.00048772727786318876,17.443930224279104,4.223257658372162,44.01565723009956,2.9406359125160817,5.172518712347107,0.6675885746983931,1.3635689936267972,0.2320016438973625,0.06175984683557985,0.0,3.901169640879389e-05,0.0,4.306131871499169e-05,0.00015274503253106422,0.0,0.07298470970331716,0.0,0.0,0.0005435095448922826,0.0005450983124450008,0.0005435095448922826
228,2,0,0,18,8,2,1,0,8,2,0,9,0,8,0,28,0,3,500,214,2731,147,146,42,110,40,24,0,5,0,3,8,0,0,0,0,10,10,10,0.0014977167308438287,0.0,0.0,0.000344517573190653,0.00045760495970559523,0.00042122528960818255,0.00010434205914671361,0.0,0.0001750437921277074,5.127221884808295e-05,0.0,0.00021137927442654855,0.0,0.0002592060596155793,0.0,0.00044551970979991726,0.0,0.00024386363893159438,17.7999288002848,4.243085159115693,44.35673796878299,2.456099313294682,4.442280776486339,0.6675885746983931,1.630354231510301,0.2651447358827,0.1235196936711597,0.0,9.752924102198473e-05,0.0,0.00012918395614497504,0.00010183002168737614,0.0,0.0,0.0,0.0,0.0004940995862657114,0.0004955439204045462,0.0004940995862657114
229,0,0,0,25,7,3,0,0,6,3,0,5,0,3,0,24,0,3,463,211,2721,156,179,39,142,46,18,0,1,0,3,6,0,0,0,0,11,11,11,0.0,0.0,0.0,0.00047849662943146254,0.0004004043397423958,0.0006318379344122738,0.0,0.0,0.00013128284409578053,7.690832827212443e-05,0.0,0.00011743293023697142,0.0,9.720227235584223e-05,0.0,0.00038187403697135765,0.0,0.00024386363893159438,16.482734069063724,4.1836026568851,44.19431856940993,2.606472740639254,5.446357938294894,0.6199036765056507,2.104639098858752,0.304916446265105,0.09263977025336978,0.0,1.9505848204396945e-05,0.0,0.00012918395614497504,7.637251626553211e-05,0.0,0.0,0.0,0.0,0.0005435095448922826,0.0005450983124450008,0.0005435095448922826
230,1,0,0,31,6,2,0,0,4,3,0,13,0,10,0,23,0,9,444,246,2888,177,168,42,106,39,23,0,0,0,1,6,0,1,0,0,6,6,6,0.0007488583654219143,0.0,0.0,0.0005933358204950136,0.0003432037197791964,0.00042122528960818255,0.0,0.0,8.75218960638537e-05,7.690832827212443e-05,0.0,0.0003053256186161257,0.0,0.0003240075745194741,0.0,0.00036596261876421776,0.0,0.0007315909167947832,15.806336774652902,4.877565182908694,46.90672253894005,2.957344071109923,5.111665551025376,0.6675885746983931,1.5710686230917446,0.25851611748563247,0.11837303976819472,0.0,0.0,0.0,4.306131871499169e-05,7.637251626553211e-05,0.0,0.03649235485165858,0.0,0.0,0.0002964597517594269,0.0002973263522427277,0.0002964597517594269
231,0,0,0,34,7,1,0,0,11,1,0,11,0,7,0,31,0,12,451,215,2919,161,199,59,87,45,18,0,3,0,1,6,0,0,0,0,14,14,14,0.0,0.0,0.0,0.000650755416026789,0.0004004043397423958,0.00021061264480409127,0.0,0.0,0.00024068521417559767,2.5636109424041476e-05,0.0,0.00025835244652133715,0.0,0.00022680530216363188,0.0,0.000493253964421337,0.0,0.0009754545557263775,16.05553577785689,4.262912659859224,47.41022267699654,2.690013533608461,6.054889551512201,0.9378029977905997,1.2894619831036016,0.2982878278680375,0.09263977025336978,0.0,5.851754461319084e-05,0.0,4.306131871499169e-05,7.637251626553211e-05,0.0,0.0,0.0,0.0,0.000691739420771996,0.0006937614885663647,0.000691739420771996
232,0,1,0,24,7,4,0,0,9,1,0,11,0,7,0,33,0,7,475,234,2924,172,156,46,95,44,15,0,2,0,2,1,0,0,0,0,10,10,10,0.0,0.00023759267302211228,0.0,0.00045935676425420404,0.0004004043397423958,0.0008424505792163651,0.0,0.0,0.0001969242661436708,2.5636109424041476e-05,0.0,0.00025835244652133715,0.0,0.00022680530216363188,0.0,0.0005250768008356168,0.0,0.0005690151575070535,16.90993236027056,4.639635173986319,47.49143237668307,2.8738032781407163,4.746546583094992,0.7311684389553829,1.4080331999407145,0.29165920947096996,0.07719980854447482,0.0,3.901169640879389e-05,0.0,8.612263742998338e-05,1.2728752710922018e-05,0.0,0.0,0.0,0.0,0.0004940995862657114,0.0004955439204045462,0.0004940995862657114
233,0,1,0,26,8,2,2,0,8,2,0,9,0,13,0,24,0,7,464,228,3124,168,176,40,117,51,23,0,5,0,2,4,0,1,0,0,10,10,10,0.0,0.00023759267302211228,0.0,0.000497636494608721,0.00045760495970559523,0.00042122528960818255,0.00020868411829342721,0.0,0.0001750437921277074,5.127221884808295e-05,0.0,0.00021137927442654855,0.0,0.0004212098468753163,0.0,0.00038187403697135765,0.0,0.0005690151575070535,16.518333926664294,4.520670169525131,50.73982036414429,2.8069706437653505,5.355078196312299,0.6357986425698982,1.7341040462427746,0.3380595382504425,0.11837303976819472,0.0,9.752924102198473e-05,0.0,8.612263742998338e-05,5.091501084368807e-05,0.0,0.03649235485165858,0.0,0.0,0.0004940995862657114,0.0004955439204045462,0.0004940995862657114
234,0,1,0,25,8,0,1,0,14,0,0,6,0,3,0,18,0,9,437,235,3175,145,187,49,100,42,21,0,5,0,1,5,0,1,0,0,8,8,8,0.0,0.00023759267302211228,0.0,0.00047849662943146254,0.00045760495970559523,0.0,0.00010434205914671361,0.0,0.00030632663622348795,0.0,0.0,0.00014091951628436572,0.0,9.720227235584223e-05,0.0,0.0002864055277285182,0.0,0.0007315909167947832,15.557137771448915,4.65946267472985,51.5681593009469,2.422682996106999,5.689770583581817,0.7788533371481252,1.4821402104639099,0.278401972676835,0.10807973196226474,0.0,9.752924102198473e-05,0.0,4.306131871499169e-05,6.36437635546101e-05,0.0,0.03649235485165858,0.0,0.0,0.00039527966901256915,0.00039643513632363694,0.00039527966901256915
235,1,0,0,20,5,3,0,0,5,1,0,10,0,1,0,24,0,7,444,242,3279,165,185,57,109,54,13,0,2,0,1,7,0,0,0,0,9,9,9,0.0007488583654219143,0.0,0.0,0.00038279730354517005,0.000286003099815997,0.0006318379344122738,0.0,0.0,0.00010940237007981711,2.5636109424041476e-05,0.0,0.00023486586047394284,0.0,3.240075745194741e-05,0.0,0.00038187403697135765,0.0,0.0005690151575070535,15.806336774652902,4.798255179934569,53.25732105442674,2.7568461679838268,5.628917422260087,0.9060130656621048,1.615532829405662,0.357945393441645,0.06690650073854484,0.0,3.901169640879389e-05,0.0,4.306131871499169e-05,8.910126897645413e-05,0.0,0.0,0.0,0.0,0.0004446896276391403,0.00044598952836409156,0.0004446896276391403
236,0,0,0,34,6,4,1,0,9,1,0,12,0,8,0,19,0,3,462,234,3444,143,197,42,96,37,16,0,5,0,3,5,0,0,0,0,15,15,15,0.0,0.0,0.0,0.000650755416026789,0.0003432037197791964,0.0008424505792163651,0.00010434205914671361,0.0,0.0001969242661436708,2.5636109424041476e-05,0.0,0.00028183903256873144,0.0,0.0002592060596155793,0.0,0.00030231694593565816,0.0,0.00024386363893159438,16.447134211463155,4.639635173986319,55.93724114408225,2.3892666789193164,5.9940363901904705,0.6675885746983931,1.4228546020453534,0.24525888069149748,0.0823464624474398,0.0,9.752924102198473e-05,0.0,0.00012918395614497504,6.36437635546101e-05,0.0,0.0,0.0,0.0,0.0007411493793985672,0.0007433158806068193,0.0007411493793985672
237,0,0,0,26,7,1,1,0,11,1,0,10,0,7,0,27,0,0,473,230,3581,169,184,38,104,43,24,0,5,0,2,6,0,1,0,0,9,9,9,0.0,0.0,0.0,0.000497636494608721,0.0004004043397423958,0.00021061264480409127,0.00010434205914671361,0.0,0.00024068521417559767,2.5636109424041476e-05,0.0,0.00023486586047394284,0.0,0.00022680530216363188,0.0,0.0004296082915927774,0.0,0.0,16.83873264506942,4.5603251710121935,58.16238691549319,2.823678802359192,5.598490841599221,0.6040087104414033,1.5414258188824663,0.2850305910739025,0.1235196936711597,0.0,9.752924102198473e-05,0.0,8.612263742998338e-05,7.637251626553211e-05,0.0,0.03649235485165858,0.0,0.0,0.0004446896276391403,0.00044598952836409156,0.0004446896276391403
238,1,0,0,27,4,2,1,0,6,0,0,15,0,2,0,23,0,4,460,226,3718,160,174,46,105,43,18,0,3,0,1,7,0,0,0,0,16,16,16,0.0007488583654219143,0.0,0.0,0.0005167763597859796,0.00022880247985279762,0.00042122528960818255,0.00010434205914671361,0.0,0.00013128284409578053,0.0,0.0,0.0003522987907109143,0.0,6.480151490389482e-05,0.0,0.00036596261876421776,0.0,0.0003251515185754592,16.375934496262015,4.481015168038069,60.38753268690412,2.67330537501462,5.294225034990568,0.7311684389553829,1.5562472209871054,0.2850305910739025,0.09263977025336978,0.0,5.851754461319084e-05,0.0,4.306131871499169e-05,8.910126897645413e-05,0.0,0.0,0.0,0.0,0.0007905593380251383,0.0007928702726472739,0.0007905593380251383
239,1,0,0,17,11,2,5,0,18,0,0,6,0,5,0,29,0,4,504,251,3925,159,170,44,94,37,15,0,6,0,2,8,0,0,0,0,11,11,11,0.0007488583654219143,0.0,0.0,0.0003253777080133945,0.0006292068195951935,0.00042122528960818255,0.000521710295733568,0.0,0.0003938485322873416,0.0,0.0,0.00014091951628436572,0.0,0.00016200378725973706,0.0,0.00046143112800705715,0.0,0.0003251515185754592,17.942328230687078,4.976702686626351,63.74961425392649,2.6565972164207783,5.172518712347107,0.699378506826888,1.3932117978360754,0.24525888069149748,0.07719980854447482,0.0,0.00011703508922638167,0.0,8.612263742998338e-05,0.00010183002168737614,0.0,0.0,0.0,0.0,0.0005435095448922826,0.0005450983124450008,0.0005435095448922826
240,0,1,0,28,5,7,1,0,6,1,0,10,0,13,0,20,0,6,522,240,4017,142,168,39,114,41,14,0,0,0,2,6,0,1,0,0,12,12,12,0.0,0.00023759267302211228,0.0,0.000535916224963238,0.000286003099815997,0.001474288513628639,0.00010434205914671361,0.0,0.00013128284409578053,2.5636109424041476e-05,0.0,0.00023486586047394284,0.0,0.0004212098468753163,0.0,0.00031822836414279804,0.0,0.00048772727786318876,18.58312566749733,4.758600178447506,65.24387272815865,2.372558520325475,5.111665551025376,0.6199036765056507,1.6896398399288572,0.2717733542797675,0.07205315464150983,0.0,0.0,0.0,8.612263742998338e-05,7.637251626553211e-05,0.0,0.03649235485165858,0.0,0.0,0.0005929195035188538,0.0005946527044854554,0.0005929195035188538
241,0,0,0,30,4,2,1,0,6,1,0,8,0,10,0,27,0,9,466,236,4173,138,155,40,74,37,14,0,1,0,2,5,0,0,0,0,10,10,10,0.0,0.0,0.0,0.000574195955317755,0.00022880247985279762,0.00042122528960818255,0.00010434205914671361,0.0,0.00013128284409578053,2.5636109424041476e-05,0.0,0.0001878926883791543,0.0,0.0003240075745194741,0.0,0.0004296082915927774,0.0,0.0007315909167947832,16.589533641865433,4.6792901754733816,67.7776153583784,2.3057258859501095,4.716120002434127,0.6357986425698982,1.0967837557432933,0.24525888069149748,0.07205315464150983,0.0,1.9505848204396945e-05,0.0,8.612263742998338e-05,6.36437635546101e-05,0.0,0.0,0.0,0.0,0.0004940995862657114,0.0004955439204045462,0.0004940995862657114
242,0,1,0,23,5,4,0,0,5,1,0,12,0,8,0,14,0,4,482,244,4227,160,170,52,109,47,16,0,5,0,2,8,0,1,0,0,13,13,13,0.0,0.00023759267302211228,0.0,0.00044021689907694554,0.000286003099815997,0.0008424505792163651,0.0,0.0,0.00010940237007981711,2.5636109424041476e-05,0.0,0.00028183903256873144,0.0,0.0002592060596155793,0.0,0.00022275985489995863,0.0,0.0003251515185754592,17.159131363474547,4.837910181421631,68.65468011499293,2.67330537501462,5.172518712347107,0.8265382353408676,1.615532829405662,0.31154506466217247,0.0823464624474398,0.0,9.752924102198473e-05,0.0,8.612263742998338e-05,0.00010183002168737614,0.0,0.03649235485165858,0.0,0.0,0.0006423294621454249,0.00064420709652591,0.0006423294621454249
243,1,0,0,36,7,4,2,0,6,2,0,6,0,8,0,24,0,7,457,245,4502,138,180,49,95,36,12,0,6,0,0,2,0,1,0,0,16,16,16,0.0007488583654219143,0.0,0.0,0.000689035146381306,0.0004004043397423958,0.0008424505792163651,0.00020868411829342721,0.0,0.00013128284409578053,5.127221884808295e-05,0.0,0.00014091951628436572,0.0,0.0002592060596155793,0.0,0.00038187403697135765,0.0,0.0005690151575070535,16.269134923460307,4.857737682165163,73.12121359775212,2.3057258859501095,5.47678451895576,0.7788533371481252,1.4080331999407145,0.23863026229443,0.06175984683557985,0.0,0.00011703508922638167,0.0,0.0,2.5457505421844036e-05,0.0,0.03649235485165858,0.0,0.0,0.0007905593380251383,0.0007928702726472739,0.0007905593380251383
244,1,0,0,31,7,5,1,0,13,2,0,14,0,4,0,36,0,9,470,248,4534,150,159,53,93,42,19,0,0,0,1,10,0,1,0,0,15,15,15,0.0007488583654219143,0.0,0.0,0.0005933358204950136,0.0004004043397423958,0.0010530632240204564,0.00010434205914671361,0.0,0.00028444616220752453,5.127221884808295e-05,0.0,0.00032881220466352,0.0,0.00012960302980778964,0.0,0.0005728110554570364,0.0,0.0007315909167947832,16.73193307226771,4.917220184395757,73.64095567574591,2.506223789076206,4.837826325077588,0.842433201405115,1.3783903957314363,0.278401972676835,0.09778642415633476,0.0,0.0,0.0,4.306131871499169e-05,0.0001272875271092202,0.0,0.03649235485165858,0.0,0.0,0.0007411493793985672,0.0007433158806068193,0.0007411493793985672
245,1,0,0,21,7,1,0,0,10,0,0,13,0,3,0,28,0,2,461,223,4578,127,167,39,87,34,17,0,3,0,1,4,0,0,0,0,17,17,17,0.0007488583654219143,0.0,0.0,0.00040193716872242855,0.0004004043397423958,0.00021061264480409127,0.0,0.0,0.00021880474015963423,0.0,0.0,0.0003053256186161257,0.0,9.720227235584223e-05,0.0,0.00044551970979991726,0.0,0.0001625757592877296,16.411534353862585,4.421532665807475,74.35560103298738,2.1219361414178546,5.08123897036451,0.6199036765056507,1.2894619831036016,0.22537302550029498,0.08749311635040478,0.0,5.851754461319084e-05,0.0,4.306131871499169e-05,5.091501084368807e-05,0.0,0.0,0.0,0.0,0.0008399692966517095,0.0008424246646877285,0.0008399692966517095
246,1,2,0,30,5,2,0,0,5,2,0,5,0,8,0,17,0,6,485,232,4735,97,158,53,91,41,20,0,4,0,2,7,0,1,0,0,16,16,16,0.0007488583654219143,0.00047518534604422456,0.0,0.000574195955317755,0.000286003099815997,0.00042122528960818255,0.0,0.0,0.00010940237007981711,5.127221884808295e-05,0.0,0.00011743293023697142,0.0,0.0002592060596155793,0.0,0.0002704941095213783,0.0,0.00048772727786318876,17.265930936276256,4.599980172499256,76.90558560314443,1.6206913836026131,4.807399744416722,0.842433201405115,1.348747591522158,0.2717733542797675,0.10293307805929976,0.0,7.802339281758778e-05,0.0,8.612263742998338e-05,8.910126897645413e-05,0.0,0.03649235485165858,0.0,0.0,0.0007905593380251383,0.0007928702726472739,0.0007905593380251383
247,1,1,0,35,6,2,0,0,13,1,0,9,0,2,0,20,0,11,481,258,4871,101,170,47,95,41,17,0,4,0,1,9,0,2,0,0,14,14,14,0.0007488583654219143,0.00023759267302211228,0.0,0.0006698952812040476,0.0003432037197791964,0.00042122528960818255,0.0,0.0,0.00028444616220752453,2.5636109424041476e-05,0.0,0.00021137927442654855,0.0,6.480151490389482e-05,0.0,0.00031822836414279804,0.0,0.0008941666760825127,17.123531505873977,5.115495191831069,79.11448943461806,1.6875240179779787,5.172518712347107,0.7470634050196303,1.4080331999407145,0.2717733542797675,0.08749311635040478,0.0,7.802339281758778e-05,0.0,4.306131871499169e-05,0.00011455877439829817,0.0,0.07298470970331716,0.0,0.0,0.000691739420771996,0.0006937614885663647,0.000691739420771996
248,1,0,0,25,8,1,2,0,6,3,0,10,0,9,0,23,0,7,529,240,4688,94,172,52,116,46,15,0,2,0,1,7,0,1,0,0,13,13,13,0.0007488583654219143,0.0,0.0,0.00047849662943146254,0.00045760495970559523,0.00021061264480409127,0.00020868411829342721,0.0,0.00013128284409578053,7.690832827212443e-05,0.0,0.00023486586047394284,0.0,0.0002916068170675267,0.0,0.00036596261876421776,0.0,0.0005690151575070535,18.83232467070132,4.758600178447506,76.14221442609104,1.570566907821089,5.233371873668837,0.8265382353408676,1.7192826441381355,0.304916446265105,0.07719980854447482,0.0,3.901169640879389e-05,0.0,4.306131871499169e-05,8.910126897645413e-05,0.0,0.03649235485165858,0.0,0.0,0.0006423294621454249,0.00064420709652591,0.0006423294621454249
249,2,0,0,15,9,3,1,0,6,1,0,6,0,6,0,23,0,7,474,232,4814,83,149,42,109,42,21,0,5,0,0,5,0,1,0,0,11,11,11,0.0014977167308438287,0.0,0.0,0.0002870979776588775,0.0005148055796687946,0.0006318379344122738,0.00010434205914671361,0.0,0.00013128284409578053,2.5636109424041476e-05,0.0,0.00014091951628436572,0.0,0.00019440454471168447,0.0,0.00036596261876421776,0.0,0.0005690151575070535,16.87433250266999,4.599980172499256,78.18869885819161,1.386777163288834,4.533560518468935,0.6675885746983931,1.615532829405662,0.278401972676835,0.10807973196226474,0.0,9.752924102198473e-05,0.0,0.0,6.36437635546101e-05,0.0,0.03649235485165858,0.0,0.0,0.0005435095448922826,0.0005450983124450008,0.0005435095448922826
250,1,0,0,26,6,3,0,0,9,1,0,6,0,4,0,24,0,5,504,263,4790,84,172,50,111,37,15,0,2,0,0,7,0,0,0,0,11,11,11,0.0007488583654219143,0.0,0.0,0.000497636494608721,0.0003432037197791964,0.0006318379344122738,0.0,0.0,0.0001969242661436708,2.5636109424041476e-05,0.0,0.00014091951628436572,0.0,0.00012960302980778964,0.0,0.00038187403697135765,0.0,0.000406439398219324,17.942328230687078,5.214632695548726,77.79889229969628,1.4034853218826753,5.233371873668837,0.7947483032123727,1.64517563361494,0.24525888069149748,0.07719980854447482,0.0,3.901169640879389e-05,0.0,0.0,8.910126897645413e-05,0.0,0.0,0.0,0.0,0.0005435095448922826,0.0005450983124450008,0.0005435095448922826
251,0,1,0,30,2,3,3,0,4,2,0,7,0,9,0,31,0,4,480,273,4614,77,146,44,114,40,21,0,4,0,4,6,0,0,0,0,16,15,16,0.0,0.00023759267302211228,0.0,0.000574195955317755,0.00011440123992639881,0.0006318379344122738,0.0003130261774401408,0.0,8.75218960638537e-05,5.127221884808295e-05,0.0,0.00016440610233176,0.0,0.0002916068170675267,0.0,0.000493253964421337,0.0,0.0003251515185754592,17.087931648273408,5.412907702984039,74.9403108707304,1.2865282117257857,4.442280776486339,0.699378506826888,1.6896398399288572,0.2651447358827,0.10807973196226474,0.0,7.802339281758778e-05,0.0,0.00017224527485996675,7.637251626553211e-05,0.0,0.0,0.0,0.0,0.0007905593380251383,0.0007433158806068193,0.0007905593380251383
252,1,0,0,31,9,0,1,0,9,3,0,3,0,6,0,28,0,6,482,222,4495,60,144,47,119,54,22,0,3,0,4,6,0,0,0,0,8,8,8,0.0007488583654219143,0.0,0.0,0.0005933358204950136,0.0005148055796687946,0.0,0.00010434205914671361,0.0,0.0001969242661436708,7.690832827212443e-05,0.0,7.045975814218286e-05,0.0,0.00019440454471168447,0.0,0.00044551970979991726,0.0,0.00048772727786318876,17.159131363474547,4.401705165063944,73.00752001819097,1.0024895156304823,4.381427615164608,0.7470634050196303,1.7637468504520528,0.357945393441645,0.11322638586522973,0.0,5.851754461319084e-05,0.0,0.00017224527485996675,7.637251626553211e-05,0.0,0.0,0.0,0.0,0.00039527966901256915,0.00039643513632363694,0.00039527966901256915
253,1,0,0,31,7,1,0,0,11,2,0,10,0,5,0,22,0,3,503,279,4369,60,144,51,94,43,23,0,2,0,3,2,0,0,0,0,11,11,11,0.0007488583654219143,0.0,0.0,0.0005933358204950136,0.0004004043397423958,0.00021061264480409127,0.0,0.0,0.00024068521417559767,5.127221884808295e-05,0.0,0.00023486586047394284,0.0,0.00016200378725973706,0.0,0.0003500512005570778,0.0,0.00024386363893159438,17.90672837308651,5.531872707445226,70.9610355860904,1.0024895156304823,4.381427615164608,0.8106432692766201,1.3932117978360754,0.2850305910739025,0.11837303976819472,0.0,3.901169640879389e-05,0.0,0.00012918395614497504,2.5457505421844036e-05,0.0,0.0,0.0,0.0,0.0005435095448922826,0.0005450983124450008,0.0005435095448922826
254,1,0,0,35,5,0,0,0,5,1,0,5,0,7,0,25,0,3,520,275,3952,41,155,45,102,55,13,0,2,0,1,5,0,1,0,0,10,10,10,0.0007488583654219143,0.0,0.0,0.0006698952812040476,0.000286003099815997,0.0,0.0,0.0,0.00010940237007981711,2.5636109424041476e-05,0.0,0.00011743293023697142,0.0,0.00022680530216363188,0.0,0.00039778545517849754,0.0,0.00024386363893159438,18.511925952296192,5.452562704471101,64.18814663223375,0.6850345023474963,4.716120002434127,0.7152734728911354,1.511783014673188,0.36457401183871246,0.06690650073854484,0.0,3.901169640879389e-05,0.0,4.306131871499169e-05,6.36437635546101e-05,0.0,0.03649235485165858,0.0,0.0,0.0004940995862657114,0.0004955439204045462,0.0004940995862657114
255,1,0,0,34,12,5,0,0,6,1,0,15,0,7,0,33,0,6,513,246,3673,47,176,54,95,40,16,0,9,0,0,4,0,1,0,0,11,11,11,0.0007488583654219143,0.0,0.0,0.000650755416026789,0.0006864074395583928,0.0010530632240204564,0.0,0.0,0.00013128284409578053,2.5636109424041476e-05,0.0,0.0003522987907109143,0.0,0.00022680530216363188,0.0,0.0005250768008356168,0.0,0.00048772727786318876,18.262726949092205,4.877565182908694,59.65664538972535,0.7852834539105445,5.355078196312299,0.8583281674693625,1.4080331999407145,0.2651447358827,0.0823464624474398,0.0,0.0001755526338395725,0.0,0.0,5.091501084368807e-05,0.0,0.03649235485165858,0.0,0.0,0.0005435095448922826,0.0005450983124450008,0.0005435095448922826
256,0,1,0,37,14,0,3,0,6,1,0,9,0,4,0,17,0,6,517,269,3450,31,156,35,94,32,21,0,3,0,0,8,0,1,0,0,8,8,8,0.0,0.00023759267302211228,0.0,0.0007081750115585646,0.0008008086794847916,0.0,0.0003130261774401408,0.0,0.00013128284409578053,2.5636109424041476e-05,0.0,0.00021137927442654855,0.0,0.00012960302980778964,0.0,0.0002704941095213783,0.0,0.00048772727786318876,18.405126379494483,5.333597700009913,56.034692783706085,0.5179529164090826,4.746546583094992,0.5563238122486609,1.3932117978360754,0.21211578870616,0.10807973196226474,0.0,5.851754461319084e-05,0.0,0.0,0.00010183002168737614,0.0,0.03649235485165858,0.0,0.0,0.00039527966901256915,0.00039643513632363694,0.00039527966901256915
257,1,0,0,37,11,5,0,0,6,0,0,7,0,6,0,15,0,4,532,258,3021,50,136,41,107,34,15,0,1,0,1,7,0,0,0,0,15,15,15,0.0007488583654219143,0.0,0.0,0.0007081750115585646,0.0006292068195951935,0.0010530632240204564,0.0,0.0,0.00013128284409578053,0.0,0.0,0.00016440610233176,0.0,0.00019440454471168447,0.0,0.00023867127310709852,0.0,0.0003251515185754592,18.939124243503027,5.115495191831069,49.06690055060176,0.8354079296920687,4.138014969877685,0.6516936086341456,1.5858900251963837,0.22537302550029498,0.07719980854447482,0.0,1.9505848204396945e-05,0.0,4.306131871499169e-05,8.910126897645413e-05,0.0,0.0,0.0,0.0,0.0007411493793985672,0.0007433158806068193,0.0007411493793985672
258,2,0,0,24,8,2,2,0,15,3,0,9,0,9,0,20,0,5,528,287,2584,32,137,34,89,45,12,0,2,0,0,8,0,0,0,0,11,11,11,0.0014977167308438287,0.0,0.0,0.00045935676425420404,0.00045760495970559523,0.00042122528960818255,0.00020868411829342721,0.0,0.00032820711023945137,7.690832827212443e-05,0.0,0.00021137927442654855,0.0,0.0002916068170675267,0.0,0.00031822836414279804,0.0,0.000406439398219324,18.79672481310075,5.690492713393477,41.96917279799899,0.5346610750029239,4.16844155053855,0.5404288461844134,1.3191047873128798,0.2982878278680375,0.06175984683557985,0.0,3.901169640879389e-05,0.0,0.0,0.00010183002168737614,0.0,0.0,0.0,0.0,0.0005435095448922826,0.0005450983124450008,0.0005435095448922826
259,1,0,0,36,10,4,1,0,6,3,0,9,0,7,0,38,0,10,545,234,2349,48,139,47,98,38,11,0,6,0,3,1,0,0,0,0,17,17,17,0.0007488583654219143,0.0,0.0,0.000689035146381306,0.000572006199631994,0.0008424505792163651,0.00010434205914671361,0.0,0.00013128284409578053,7.690832827212443e-05,0.0,0.00021137927442654855,0.0,0.00022680530216363188,0.0,0.0006046338918713163,0.0,0.000812878796438648,19.401922392310432,4.639635173986319,38.152316912732054,0.8019916125043859,4.229294711860281,0.7470634050196303,1.4524974062546316,0.251887499088565,0.05661319293261487,0.0,0.00011703508922638167,0.0,0.00012918395614497504,1.2728752710922018e-05,0.0,0.0,0.0,0.0,0.0008399692966517095,0.0008424246646877285,0.0008399692966517095
260,0,1,0,39,11,4,2,0,11,0,0,8,0,5,0,21,0,4,512,271,1917,28,148,50,98,48,20,0,0,0,2,7,0,0,0,0,8,8,8,0.0,0.00023759267302211228,0.0,0.0007464547419130816,0.0006292068195951935,0.0008424505792163651,0.00020868411829342721,0.0,0.00024068521417559767,0.0,0.0,0.0001878926883791543,0.0,0.00016200378725973706,0.0,0.00033413978234993793,0.0,0.0003251515185754592,18.227127091491635,5.373252701496976,31.135798859815814,0.46782844062755846,4.5031339378080695,0.7947483032123727,1.4524974062546316,0.31817368305924,0.10293307805929976,0.0,0.0,0.0,8.612263742998338e-05,8.910126897645413e-05,0.0,0.0,0.0,0.0,0.00039527966901256915,0.00039643513632363694,0.00039527966901256915
261,1,1,0,33,8,2,1,0,6,2,0,7,0,5,0,22,0,1,507,256,1667,39,167,43,109,28,20,0,1,0,0,4,0,0,0,0,14,14,14,0.0007488583654219143,0.00023759267302211228,0.0,0.0006316155508495306,0.00045760495970559523,0.00042122528960818255,0.00010434205914671361,0.0,0.00013128284409578053,5.127221884808295e-05,0.0,0.00016440610233176,0.0,0.00016200378725973706,0.0,0.0003500512005570778,0.0,8.12878796438648e-05,18.049127803488787,5.075840190344007,27.075313875489286,0.6516181851598135,5.08123897036451,0.6834835407626405,1.615532829405662,0.18560131511789,0.10293307805929976,0.0,1.9505848204396945e-05,0.0,0.0,5.091501084368807e-05,0.0,0.0,0.0,0.0,0.000691739420771996,0.0006937614885663647,0.000691739420771996
262,0,0,0,45,12,9,0,0,3,1,0,8,0,9,0,23,0,2,587,277,1311,38,133,52,108,47,20,0,3,0,0,4,0,0,0,0,14,14,14,0.0,0.0,0.0,0.0008612939329766325,0.0006864074395583928,0.0018955138032368216,0.0,0.0,6.564142204789027e-05,2.5636109424041476e-05,0.0,0.0001878926883791543,0.0,0.0002916068170675267,0.0,0.00036596261876421776,0.0,0.0001625757592877296,20.897116411534356,5.492217705958164,21.293183257808312,0.6349100265659722,4.046735227895089,0.8265382353408676,1.6007114273010228,0.31154506466217247,0.10293307805929976,0.0,5.851754461319084e-05,0.0,0.0,5.091501084368807e-05,0.0,0.0,0.0,0.0,0.000691739420771996,0.0006937614885663647,0.000691739420771996
263,0,1,0,39,9,4,2,0,8,1,0,11,0,5,0,24,0,9,543,303,1142,16,116,42,112,25,17,0,3,0,3,6,0,0,0,0,16,16,16,0.0,0.00023759267302211228,0.0,0.0007464547419130816,0.0005148055796687946,0.0008424505792163651,0.00020868411829342721,0.0,0.0001750437921277074,2.5636109424041476e-05,0.0,0.00025835244652133715,0.0,0.00016200378725973706,0.0,0.00038187403697135765,0.0,0.0007315909167947832,19.330722677109293,6.007732725289977,18.54829540840358,0.26733053750146196,3.5294833566603785,0.6675885746983931,1.659997035719579,0.1657154599266875,0.08749311635040478,0.0,5.851754461319084e-05,0.0,0.00012918395614497504,7.637251626553211e-05,0.0,0.0,0.0,0.0,0.0007905593380251383,0.0007928702726472739,0.0007905593380251383
264,0,0,0,51,14,0,2,0,7,1,0,5,0,7,0,11,0,4,543,286,977,27,123,45,126,42,25,0,2,0,3,5,0,0,0,0,8,8,8,0.0,0.0,0.0,0.0009761331240401836,0.0008008086794847916,0.0,0.00020868411829342721,0.0,0.00015316331811174397,2.5636109424041476e-05,0.0,0.00011743293023697142,0.0,0.00022680530216363188,0.0,0.0001750256002785389,0.0,0.0003251515185754592,19.330722677109293,5.670665212649945,15.86837531874807,0.45112028203371707,3.742469421286436,0.7152734728911354,1.8674966651845264,0.278401972676835,0.12866634757412468,0.0,3.901169640879389e-05,0.0,0.00012918395614497504,6.36437635546101e-05,0.0,0.0,0.0,0.0,0.00039527966901256915,0.00039643513632363694,0.00039527966901256915
265,1,0,0,39,13,2,2,0,8,1,0,11,0,7,0,21,0,1,537,306,888,21,120,50,97,52,20,0,5,0,0,6,0,1,0,0,20,20,20,0.0007488583654219143,0.0,0.0,0.0007464547419130816,0.0007436080595215923,0.00042122528960818255,0.00020868411829342721,0.0,0.0001750437921277074,2.5636109424041476e-05,0.0,0.00025835244652133715,0.0,0.00022680530216363188,0.0,0.00033413978234993793,0.0,8.12878796438648e-05,19.117123531505875,6.06721522752057,14.422842664327828,0.3508713304706688,3.65118967930384,0.7947483032123727,1.4376760041499925,0.34468815664750996,0.10293307805929976,0.0,9.752924102198473e-05,0.0,0.0,7.637251626553211e-05,0.0,0.03649235485165858,0.0,0.0,0.000988199172531423,0.0009910878408090924,0.000988199172531423
266,4,0,0,45,12,4,3,0,13,3,0,7,0,4,0,22,0,2,547,283,812,18,116,42,94,52,16,0,2,0,0,6,0,0,0,0,3,3,3,0.0029954334616876573,0.0,0.0,0.0008612939329766325,0.0006864074395583928,0.0008424505792163651,0.0003130261774401408,0.0,0.00028444616220752453,7.690832827212443e-05,0.0,0.00016440610233176,0.0,0.00012960302980778964,0.0,0.0003500512005570778,0.0,0.0001625757592877296,19.47312210751157,5.611182710419351,13.188455229092563,0.3007468546891447,3.5294833566603785,0.6675885746983931,1.3932117978360754,0.34468815664750996,0.0823464624474398,0.0,3.901169640879389e-05,0.0,0.0,7.637251626553211e-05,0.0,0.0,0.0,0.0,0.00014822987587971345,0.00014866317612136385,0.00014822987587971345
267,2,0,0,49,8,6,0,0,7,1,0,6,0,5,0,21,0,4,570,288,688,25,117,48,118,47,18,0,5,0,0,7,0,1,0,0,13,13,13,0.0014977167308438287,0.0,0.0,0.0009378533936856665,0.00045760495970559523,0.0012636758688245476,0.0,0.0,0.00015316331811174397,2.5636109424041476e-05,0.0,0.00014091951628436572,0.0,0.00016200378725973706,0.0,0.00033413978234993793,0.0,0.0003251515185754592,20.291918832324672,5.710320214137008,11.174454676866604,0.41770396484603434,3.559909937321244,0.7629583710838778,1.7489254483474137,0.31154506466217247,0.09263977025336978,0.0,9.752924102198473e-05,0.0,0.0,8.910126897645413e-05,0.0,0.03649235485165858,0.0,0.0,0.0006423294621454249,0.00064420709652591,0.0006423294621454249
268,1,1,0,50,16,4,0,0,14,2,0,4,0,5,0,21,0,4,606,325,657,21,110,47,82,37,15,0,0,0,1,4,0,0,0,0,14,14,14,0.0007488583654219143,0.00023759267302211228,0.0,0.0009569932588629251,0.0009152099194111905,0.0008424505792163651,0.0,0.0,0.00030632663622348795,5.127221884808295e-05,0.0,9.394634418957715e-05,0.0,0.00016200378725973706,0.0,0.00033413978234993793,0.0,0.0003251515185754592,21.573513705945178,6.443937741647665,10.670954538810115,0.3508713304706688,3.3469238726951867,0.7470634050196303,1.215354972580406,0.24525888069149748,0.07719980854447482,0.0,0.0,0.0,4.306131871499169e-05,5.091501084368807e-05,0.0,0.0,0.0,0.0,0.000691739420771996,0.0006937614885663647,0.000691739420771996
269,3,0,0,49,12,2,0,0,1,4,0,9,0,9,0,22,0,5,574,309,596,19,127,52,117,26,16,0,0,0,0,1,0,0,0,0,12,12,12,0.002246575096265743,0.0,0.0,0.0009378533936856665,0.0006864074395583928,0.00042122528960818255,0.0,0.0,2.1880474015963424e-05,0.0001025444376961659,0.0,0.00021137927442654855,0.0,0.0002916068170675267,0.0,0.0003500512005570778,0.0,0.000406439398219324,20.43431826272695,6.1266977297511644,9.680196202634443,0.3174550132829861,3.864175743929897,0.8265382353408676,1.7341040462427746,0.17234407832375498,0.0823464624474398,0.0,0.0,0.0,0.0,1.2728752710922018e-05,0.0,0.0,0.0,0.0,0.0005929195035188538,0.0005946527044854554,0.0005929195035188538
270,1,0,0,55,22,5,0,0,1,0,0,9,0,6,0,21,0,4,542,350,597,24,128,42,119,35,24,0,1,0,1,4,0,0,0,0,13,13,13,0.0007488583654219143,0.0,0.0,0.0010526925847492176,0.001258413639190387,0.0010530632240204564,0.0,0.0,2.1880474015963424e-05,0.0,0.0,0.00021137927442654855,0.0,0.00019440454471168447,0.0,0.00033413978234993793,0.0,0.0003251515185754592,19.295122819508723,6.939625260235947,9.696438142571749,0.40099580625219294,3.8946023245907626,0.6675885746983931,1.7637468504520528,0.2320016438973625,0.1235196936711597,0.0,1.9505848204396945e-05,0.0,4.306131871499169e-05,5.091501084368807e-05,0.0,0.0,0.0,0.0,0.0006423294621454249,0.00064420709652591,0.0006423294621454249
271,1,2,0,44,8,4,0,0,11,1,0,7,0,3,0,16,0,4,642,309,583,32,110,45,111,35,21,0,4,0,0,5,0,1,0,0,12,12,12,0.0007488583654219143,0.00047518534604422456,0.0,0.0008421540677993741,0.00045760495970559523,0.0008424505792163651,0.0,0.0,0.00024068521417559767,2.5636109424041476e-05,0.0,0.00016440610233176,0.0,9.720227235584223e-05,0.0,0.00025458269131423844,0.0,0.0003251515185754592,22.85510857956568,6.1266977297511644,9.469050983449463,0.5346610750029239,3.3469238726951867,0.7152734728911354,1.64517563361494,0.2320016438973625,0.10807973196226474,0.0,7.802339281758778e-05,0.0,0.0,6.36437635546101e-05,0.0,0.03649235485165858,0.0,0.0,0.0005929195035188538,0.0005946527044854554,0.0005929195035188538
272,1,0,0,47,12,2,0,0,6,1,0,16,0,5,0,18,0,2,603,341,555,29,115,50,104,42,20,0,1,0,0,2,0,1,0,0,7,7,7,0.0007488583654219143,0.0,0.0,0.0008995736633311495,0.0006864074395583928,0.00042122528960818255,0.0,0.0,0.00013128284409578053,2.5636109424041476e-05,0.0,0.0003757853767583086,0.0,0.00016200378725973706,0.0,0.0002864055277285182,0.0,0.0001625757592877296,21.46671413314347,6.761177753544166,9.014276665204891,0.4845365992213998,3.499056775999513,0.7947483032123727,1.5414258188824663,0.278401972676835,0.10293307805929976,0.0,1.9505848204396945e-05,0.0,0.0,2.5457505421844036e-05,0.0,0.03649235485165858,0.0,0.0,0.000345869710385998,0.0003468807442831823,0.000345869710385998
273,1,0,0,40,12,6,1,0,7,1,0,8,0,6,0,25,0,4,636,299,487,23,104,42,97,42,17,0,1,0,1,5,0,0,0,0,12,12,12,0.0007488583654219143,0.0,0.0,0.0007655946070903401,0.0006864074395583928,0.0012636758688245476,0.00010434205914671361,0.0,0.00015316331811174397,2.5636109424041476e-05,0.0,0.0001878926883791543,0.0,0.00019440454471168447,0.0,0.00039778545517849754,0.0,0.0003251515185754592,22.641509433962263,5.928422722315852,7.9098247494680765,0.3842876476583516,3.1643643887299944,0.6675885746983931,1.4376760041499925,0.278401972676835,0.08749311635040478,0.0,1.9505848204396945e-05,0.0,4.306131871499169e-05,6.36437635546101e-05,0.0,0.0,0.0,0.0,0.0005929195035188538,0.0005946527044854554,0.0005929195035188538
274,0,2,0,33,15,2,0,0,8,0,0,8,0,9,0,17,0,1,643,349,440,25,123,45,115,40,21,0,2,0,3,2,0,0,0,0,3,3,3,0.0,0.00047518534604422456,0.0,0.0006316155508495306,0.0008580092994479911,0.00042122528960818255,0.0,0.0,0.0001750437921277074,0.0,0.0,0.0001878926883791543,0.0,0.0002916068170675267,0.0,0.0002704941095213783,0.0,8.12878796438648e-05,22.89070843716625,6.919797759492416,7.146453572414689,0.41770396484603434,3.742469421286436,0.7152734728911354,1.7044612420334964,0.2651447358827,0.10807973196226474,0.0,3.901169640879389e-05,0.0,0.00012918395614497504,2.5457505421844036e-05,0.0,0.0,0.0,0.0,0.00014822987587971345,0.00014866317612136385,0.00014822987587971345
275,1,1,0,45,14,3,0,0,5,2,0,7,0,7,0,30,0,6,604,350,480,27,113,35,94,38,20,0,2,0,1,4,0,0,0,0,10,10,10,0.0007488583654219143,0.00023759267302211228,0.0,0.0008612939329766325,0.0008008086794847916,0.0006318379344122738,0.0,0.0,0.00010940237007981711,5.127221884808295e-05,0.0,0.00016440610233176,0.0,0.00022680530216363188,0.0,0.00047734254621419704,0.0,0.00048772727786318876,21.50231399074404,6.939625260235947,7.796131169906934,0.45112028203371707,3.4382036146777826,0.5563238122486609,1.3932117978360754,0.251887499088565,0.10293307805929976,0.0,3.901169640879389e-05,0.0,4.306131871499169e-05,5.091501084368807e-05,0.0,0.0,0.0,0.0,0.0004940995862657114,0.0004955439204045462,0.0004940995862657114
276,1,0,0,36,9,6,1,0,12,2,0,4,0,6,0,33,0,2,563,353,428,19,94,40,125,30,19,0,1,0,1,2,0,0,0,0,10,10,10,0.0007488583654219143,0.0,0.0,0.000689035146381306,0.0005148055796687946,0.0012636758688245476,0.00010434205914671361,0.0,0.00026256568819156106,5.127221884808295e-05,0.0,9.394634418957715e-05,0.0,0.00019440454471168447,0.0,0.0005250768008356168,0.0,0.0001625757592877296,20.042719829120685,6.999107762466541,6.951550293167015,0.3174550132829861,2.860098582121341,0.6357986425698982,1.8526752630798873,0.19885855191202498,0.09778642415633476,0.0,1.9505848204396945e-05,0.0,4.306131871499169e-05,2.5457505421844036e-05,0.0,0.0,0.0,0.0,0.0004940995862657114,0.0004955439204045462,0.0004940995862657114
277,2,2,0,53,7,6,0,0,10,2,0,5,0,4,0,21,0,6,610,363,352,24,112,45,122,32,29,0,3,0,3,3,0,0,0,0,11,11,11,0.0014977167308438287,0.00047518534604422456,0.0,0.0010144128543947005,0.0004004043397423958,0.0012636758688245476,0.0,0.0,0.00021880474015963423,5.127221884808295e-05,0.0,0.00011743293023697142,0.0,0.00012960302980778964,0.0,0.00033413978234993793,0.0,0.00048772727786318876,21.715913136347456,7.1973827699018535,5.7171628579317515,0.40099580625219294,3.407777034016917,0.7152734728911354,1.8082110567659702,0.21211578870616,0.14925296318598463,0.0,5.851754461319084e-05,0.0,0.00012918395614497504,3.8186258132766054e-05,0.0,0.0,0.0,0.0,0.0005435095448922826,0.0005450983124450008,0.0005435095448922826
278,2,0,0,32,6,5,0,0,6,0,0,9,0,5,0,24,0,11,637,367,377,17,100,49,124,37,14,0,2,0,0,7,0,1,0,0,8,8,8,0.0014977167308438287,0.0,0.0,0.000612475685672272,0.0003432037197791964,0.0010530632240204564,0.0,0.0,0.00013128284409578053,0.0,0.0,0.00021137927442654855,0.0,0.00016200378725973706,0.0,0.00038187403697135765,0.0,0.0008941666760825127,22.677109291562832,7.276692772875979,6.123211356364404,0.28403869609530336,3.0426580660865334,0.7788533371481252,1.8378538609752484,0.24525888069149748,0.07205315464150983,0.0,3.901169640879389e-05,0.0,0.0,8.910126897645413e-05,0.0,0.03649235485165858,0.0,0.0,0.00039527966901256915,0.00039643513632363694,0.00039527966901256915
279,0,0,0,43,12,5,3,0,9,3,0,8,0,5,0,30,0,6,619,412,372,22,111,55,131,46,22,0,1,0,0,3,0,0,0,0,5,5,5,0.0,0.0,0.0,0.0008230142026221155,0.0006864074395583928,0.0010530632240204564,0.0003130261774401408,0.0,0.0001969242661436708,7.690832827212443e-05,0.0,0.0001878926883791543,0.0,0.00016200378725973706,0.0,0.00047734254621419704,0.0,0.00048772727786318876,22.03631185475258,8.168930306334886,6.042001656677873,0.3675794890645102,3.3773504533560517,0.8742231335336099,1.941603675707722,0.304916446265105,0.11322638586522973,0.0,1.9505848204396945e-05,0.0,0.0,3.8186258132766054e-05,0.0,0.0,0.0,0.0,0.0002470497931328557,0.0002477719602022731,0.0002470497931328557
280,0,0,0,58,12,2,5,0,2,2,0,12,0,8,0,15,0,7,616,400,359,27,92,47,126,40,19,0,3,0,1,5,0,1,0,0,10,10,10,0.0,0.0,0.0,0.0011101121802809932,0.0006864074395583928,0.00042122528960818255,0.000521710295733568,0.0,4.376094803192685e-05,5.127221884808295e-05,0.0,0.00028183903256873144,0.0,0.0002592060596155793,0.0,0.00023867127310709852,0.0,0.0005690151575070535,21.92951228195087,7.931000297412511,5.830856437492894,0.45112028203371707,2.7992454207996107,0.7470634050196303,1.8674966651845264,0.2651447358827,0.09778642415633476,0.0,5.851754461319084e-05,0.0,4.306131871499169e-05,6.36437635546101e-05,0.0,0.03649235485165858,0.0,0.0,0.0004940995862657114,0.0004955439204045462,0.0004940995862657114
281,1,3,0,44,10,5,1,0,4,2,0,10,0,3,0,26,0,4,653,407,340,19,77,53,111,46,21,0,2,0,0,4,0,1,0,0,14,14,14,0.0007488583654219143,0.0007127780190663368,0.0,0.0008421540677993741,0.000572006199631994,0.0010530632240204564,0.00010434205914671361,0.0,8.75218960638537e-05,5.127221884808295e-05,0.0,0.00023486586047394284,0.0,9.720227235584223e-05,0.0,0.00041369687338563743,0.0,0.0003251515185754592,23.246707013171946,8.06979280261723,5.522259578684078,0.3174550132829861,2.3428467108866307,0.842433201405115,1.64517563361494,0.304916446265105,0.10807973196226474,0.0,3.901169640879389e-05,0.0,0.0,5.091501084368807e-05,0.0,0.03649235485165858,0.0,0.0,0.000691739420771996,0.0006937614885663647,0.000691739420771996
282,1,0,0,44,12,1,0,0,17,1,0,11,0,6,0,27,0,5,677,395,346,30,84,56,134,49,21,0,4,0,3,7,0,1,0,0,7,7,7,0.0007488583654219143,0.0,0.0,0.0008421540677993741,0.0006864074395583928,0.00021061264480409127,0.0,0.0,0.0003719680582713782,2.5636109424041476e-05,0.0,0.00025835244652133715,0.0,0.00019440454471168447,0.0,0.0004296082915927774,0.0,0.000406439398219324,24.101103595585617,7.831862793694855,5.6197112183079145,0.5012447578152411,2.555832775512688,0.8901180995978574,1.9860678820216393,0.3248023014563075,0.10807973196226474,0.0,7.802339281758778e-05,0.0,0.00012918395614497504,8.910126897645413e-05,0.0,0.03649235485165858,0.0,0.0,0.000345869710385998,0.0003468807442831823,0.000345869710385998
283,1,0,0,45,12,3,2,0,8,2,0,6,0,7,0,22,0,1,684,401,332,22,93,52,105,43,25,0,2,0,1,3,0,0,0,0,14,14,14,0.0007488583654219143,0.0,0.0,0.0008612939329766325,0.0006864074395583928,0.0006318379344122738,0.00020868411829342721,0.0,0.0001750437921277074,5.127221884808295e-05,0.0,0.00014091951628436572,0.0,0.00022680530216363188,0.0,0.0003500512005570778,0.0,8.12878796438648e-05,24.350302598789604,7.950827798156042,5.392324059185629,0.3675794890645102,2.8296720014604757,0.8265382353408676,1.5562472209871054,0.2850305910739025,0.12866634757412468,0.0,3.901169640879389e-05,0.0,4.306131871499169e-05,3.8186258132766054e-05,0.0,0.0,0.0,0.0,0.000691739420771996,0.0006937614885663647,0.000691739420771996
284,1,2,0,43,12,4,2,0,15,4,0,12,0,9,0,16,0,4,682,405,305,19,86,54,137,33,20,0,3,0,2,7,0,1,0,0,7,7,7,0.0007488583654219143,0.00047518534604422456,0.0,0.0008230142026221155,0.0006864074395583928,0.0008424505792163651,0.00020868411829342721,0.0,0.00032820711023945137,0.0001025444376961659,0.0,0.00028183903256873144,0.0,0.0002916068170675267,0.0,0.00025458269131423844,0.0,0.0003251515185754592,24.279102883588465,8.030137801130167,4.953791680878364,0.3174550132829861,2.6166859368344184,0.8583281674693625,2.0305320883355567,0.21874440710322748,0.10293307805929976,0.0,5.851754461319084e-05,0.0,8.612263742998338e-05,8.910126897645413e-05,0.0,0.03649235485165858,0.0,0.0,0.000345869710385998,0.0003468807442831823,0.000345869710385998
285,0,0,0,47,12,4,2,0,6,1,0,8,0,4,0,18,0,8,661,443,287,19,68,56,139,27,22,0,8,0,2,4,0,1,0,0,22,22,22,0.0,0.0,0.0,0.0008995736633311495,0.0006864074395583928,0.0008424505792163651,0.00020868411829342721,0.0,0.00013128284409578053,2.5636109424041476e-05,0.0,0.0001878926883791543,0.0,0.00012960302980778964,0.0,0.0002864055277285182,0.0,0.0006503030371509184,23.531505873976503,8.783582829384356,4.661436762006854,0.3174550132829861,2.0690074849388425,0.8901180995978574,2.060174892544835,0.1789726967208225,0.11322638586522973,0.0,0.00015604678563517556,0.0,8.612263742998338e-05,5.091501084368807e-05,0.0,0.03649235485165858,0.0,0.0,0.0010870190897845652,0.0010901966248900016,0.0010870190897845652
286,1,1,0,53,13,5,1,0,4,1,0,4,0,6,0,28,0,3,704,411,290,12,79,55,117,36,16,0,1,0,0,1,0,0,0,0,13,13,13,0.0007488583654219143,0.00023759267302211228,0.0,0.0010144128543947005,0.0007436080595215923,0.0010530632240204564,0.00010434205914671361,0.0,8.75218960638537e-05,2.5636109424041476e-05,0.0,9.394634418957715e-05,0.0,0.00019440454471168447,0.0,0.00044551970979991726,0.0,0.00024386363893159438,25.062299750800996,8.149102805591355,4.710162581818772,0.20049790312609647,2.403699872208361,0.8742231335336099,1.7341040462427746,0.23863026229443,0.0823464624474398,0.0,1.9505848204396945e-05,0.0,0.0,1.2728752710922018e-05,0.0,0.0,0.0,0.0,0.0006423294621454249,0.00064420709652591,0.0006423294621454249
287,0,2,0,52,13,4,0,0,16,1,0,8,0,13,0,28,0,9,667,476,293,20,62,69,133,48,33,0,2,0,0,6,0,0,0,0,5,5,5,0.0,0.00047518534604422456,0.0,0.000995272989217442,0.0007436080595215923,0.0008424505792163651,0.0,0.0,0.0003500875842554148,2.5636109424041476e-05,0.0,0.0001878926883791543,0.0,0.0004212098468753163,0.0,0.00044551970979991726,0.0,0.0007315909167947832,23.74510501957992,9.437890353920888,4.75888840163069,0.3341631718768275,1.8864480009736506,1.0967526584330742,1.9712464799170002,0.31817368305924,0.1698395787978446,0.0,3.901169640879389e-05,0.0,0.0,7.637251626553211e-05,0.0,0.0,0.0,0.0,0.0002470497931328557,0.0002477719602022731,0.0002470497931328557
288,1,0,0,40,7,1,2,0,6,1,0,5,0,12,0,26,0,5,738,413,280,19,75,67,129,44,28,0,5,0,3,9,0,0,0,0,6,6,6,0.0007488583654219143,0.0,0.0,0.0007655946070903401,0.0004004043397423958,0.00021061264480409127,0.00020868411829342721,0.0,0.00013128284409578053,2.5636109424041476e-05,0.0,0.00011743293023697142,0.0,0.00038880908942336893,0.0,0.00041369687338563743,0.0,0.000406439398219324,26.272694909220363,8.188757807078417,4.5477431824457115,0.3174550132829861,2.2819935495648997,1.0649627263045793,1.9119608714984437,0.29165920947096996,0.14410630928301965,0.0,9.752924102198473e-05,0.0,0.00012918395614497504,0.00011455877439829817,0.0,0.0,0.0,0.0,0.0002964597517594269,0.0002973263522427277,0.0002964597517594269
289,1,0,0,60,13,1,1,0,9,2,0,8,0,12,0,24,0,3,721,443,286,21,78,62,153,40,24,0,3,0,0,7,0,0,0,0,7,7,7,0.0007488583654219143,0.0,0.0,0.00114839191063551,0.0007436080595215923,0.00021061264480409127,0.00010434205914671361,0.0,0.0001969242661436708,5.127221884808295e-05,0.0,0.0001878926883791543,0.0,0.00038880908942336893,0.0,0.00038187403697135765,0.0,0.00024386363893159438,25.66749733001068,8.783582829384356,4.645194822069548,0.3508713304706688,2.373273291547496,0.9854878959833421,2.267674522009782,0.2651447358827,0.1235196936711597,0.0,5.851754461319084e-05,0.0,0.0,8.910126897645413e-05,0.0,0.0,0.0,0.0,0.000345869710385998,0.0003468807442831823,0.000345869710385998
290,1,0,0,53,8,4,0,0,8,1,0,7,0,9,0,19,0,6,745,491,276,21,67,63,152,47,24,0,1,0,1,9,0,0,0,0,8,8,8,0.0007488583654219143,0.0,0.0,0.0010144128543947005,0.00045760495970559523,0.0008424505792163651,0.0,0.0,0.0001750437921277074,2.5636109424041476e-05,0.0,0.00016440610233176,0.0,0.0002916068170675267,0.0,0.00030231694593565816,0.0,0.00048772727786318876,26.52189391242435,9.735302865073857,4.482775422696487,0.3508713304706688,2.0385809042779774,1.0013828620475895,2.252853119905143,0.31154506466217247,0.1235196936711597,0.0,1.9505848204396945e-05,0.0,4.306131871499169e-05,0.00011455877439829817,0.0,0.0,0.0,0.0,0.00039527966901256915,0.00039643513632363694,0.00039527966901256915
291,2,0,0,41,13,4,0,0,5,1,0,10,0,7,0,26,0,5,712,437,289,7,62,80,164,55,36,0,3,0,0,7,0,0,0,0,11,11,11,0.0014977167308438287,0.0,0.0,0.0007847344722675985,0.0007436080595215923,0.0008424505792163651,0.0,0.0,0.00010940237007981711,2.5636109424041476e-05,0.0,0.00023486586047394284,0.0,0.00022680530216363188,0.0,0.00041369687338563743,0.0,0.000406439398219324,25.347098611605553,8.664617824923168,4.6939206418814665,0.11695711015688962,1.8864480009736506,1.2715972851397963,2.430709945160812,0.36457401183871246,0.18527954050673956,0.0,5.851754461319084e-05,0.0,0.0,8.910126897645413e-05,0.0,0.0,0.0,0.0,0.0005435095448922826,0.0005450983124450008,0.0005435095448922826
292,0,1,0,43,15,3,0,0,12,2,0,14,0,7,0,21,0,5,745,495,263,16,66,66,174,65,28,0,0,0,1,5,0,0,0,0,10,10,10,0.0,0.00023759267302211228,0.0,0.0008230142026221155,0.0008580092994479911,0.0006318379344122738,0.0,0.0,0.00026256568819156106,5.127221884808295e-05,0.0,0.00032881220466352,0.0,0.00022680530216363188,0.0,0.00033413978234993793,0.0,0.000406439398219324,26.52189391242435,9.814612868047982,4.271630203511507,0.26733053750146196,2.008154323617112,1.049067760240332,2.578923966207203,0.4308601958093875,0.14410630928301965,0.0,0.0,0.0,4.306131871499169e-05,6.36437635546101e-05,0.0,0.0,0.0,0.0,0.0004940995862657114,0.0004955439204045462,0.0004940995862657114
293,1,0,0,51,18,7,1,0,11,2,0,13,0,11,0,36,0,6,797,500,288,17,58,93,169,54,31,0,1,0,2,7,0,0,0,0,19,19,19,0.0007488583654219143,0.0,0.0,0.0009761331240401836,0.0010296111593375893,0.001474288513628639,0.00010434205914671361,0.0,0.00024068521417559767,5.127221884808295e-05,0.0,0.0003053256186161257,0.0,0.0003564083319714215,0.0,0.0005728110554570364,0.0,0.00048772727786318876,28.37308650765397,9.913750371765639,4.67767870194416,0.28403869609530336,1.7647416783301892,1.4782318439750133,2.504816955684008,0.357945393441645,0.15954627099191462,0.0,1.9505848204396945e-05,0.0,8.612263742998338e-05,8.910126897645413e-05,0.0,0.0,0.0,0.0,0.0009387892139048518,0.0009415334487686377,0.0009387892139048518
294,0,3,0,57,11,3,1,0,7,4,0,6,0,9,0,31,0,7,785,533,283,6,64,93,164,55,31,0,2,0,3,11,0,0,0,0,11,11,11,0.0,0.0007127780190663368,0.0,0.0010909723151037345,0.0006292068195951935,0.0006318379344122738,0.00010434205914671361,0.0,0.00015316331811174397,0.0001025444376961659,0.0,0.00014091951628436572,0.0,0.0002916068170675267,0.0,0.000493253964421337,0.0,0.0005690151575070535,27.945888216447134,10.56805789630217,4.5964690022576296,0.10024895156304824,1.9473011622953813,1.4782318439750133,2.430709945160812,0.36457401183871246,0.15954627099191462,0.0,3.901169640879389e-05,0.0,0.00012918395614497504,0.0001400162798201422,0.0,0.0,0.0,0.0,0.0005435095448922826,0.0005450983124450008,0.0005435095448922826
295,1,0,0,50,10,2,0,0,24,1,0,4,0,17,0,21,0,4,798,535,274,15,50,71,169,56,21,0,8,0,2,8,0,1,0,0,11,11,11,0.0007488583654219143,0.0,0.0,0.0009569932588629251,0.000572006199631994,0.00042122528960818255,0.0,0.0,0.0005251313763831221,2.5636109424041476e-05,0.0,9.394634418957715e-05,0.0,0.000550812876683106,0.0,0.00033413978234993793,0.0,0.0003251515185754592,28.40868636525454,10.607712897789233,4.450291542821875,0.25062237890762057,1.5213290330432667,1.1285425905615691,2.504816955684008,0.37120263023578,0.10807973196226474,0.0,0.00015604678563517556,0.0,8.612263742998338e-05,0.00010183002168737614,0.0,0.03649235485165858,0.0,0.0,0.0005435095448922826,0.0005450983124450008,0.0005435095448922826
296,3,1,0,37,13,1,0,0,7,3,0,7,0,17,0,23,0,8,838,556,272,16,49,63,159,61,32,0,3,0,2,11,0,0,0,0,9,9,9,0.002246575096265743,0.00023759267302211228,0.0,0.0007081750115585646,0.0007436080595215923,0.00021061264480409127,0.0,0.0,0.00015316331811174397,7.690832827212443e-05,0.0,0.00016440610233176,0.0,0.000550812876683106,0.0,0.00036596261876421776,0.0,0.0006503030371509184,29.832680669277323,11.02409041340339,4.417807662947262,0.26733053750146196,1.4909024523824013,1.0013828620475895,2.3566029346376167,0.4043457222211175,0.1646929248948796,0.0,5.851754461319084e-05,0.0,8.612263742998338e-05,0.0001400162798201422,0.0,0.0,0.0,0.0,0.0004446896276391403,0.00044598952836409156,0.0004446896276391403
297,2,0,0,43,11,7,1,0,11,1,0,5,0,4,0,30,0,4,850,525,294,8,48,84,184,60,31,0,1,0,2,4,0,0,0,0,17,17,17,0.0014977167308438287,0.0,0.0,0.0008230142026221155,0.0006292068195951935,0.001474288513628639,0.00010434205914671361,0.0,0.00024068521417559767,2.5636109424041476e-05,0.0,0.00011743293023697142,0.0,0.00012960302980778964,0.0,0.00047734254621419704,0.0,0.0003251515185754592,30.25987896048416,10.40943789035392,4.775130341567997,0.13366526875073098,1.460475871721536,1.3351771493967861,2.7271379872535944,0.39771710382404996,0.15954627099191462,0.0,1.9505848204396945e-05,0.0,8.612263742998338e-05,5.091501084368807e-05,0.0,0.0,0.0,0.0,0.0008399692966517095,0.0008424246646877285,0.0008399692966517095
298,0,1,0,55,10,3,1,0,13,1,0,7,0,6,0,22,0,8,848,509,294,11,54,68,164,65,25,0,3,0,0,4,0,1,0,0,10,10,10,0.0,0.00023759267302211228,0.0,0.0010526925847492176,0.000572006199631994,0.0006318379344122738,0.00010434205914671361,0.0,0.00028444616220752453,2.5636109424041476e-05,0.0,0.00016440610233176,0.0,0.00019440454471168447,0.0,0.0003500512005570778,0.0,0.0006503030371509184,30.18867924528302,10.09219787845742,4.775130341567997,0.1837897445322551,1.6430353556867279,1.080857692368827,2.430709945160812,0.4308601958093875,0.12866634757412468,0.0,5.851754461319084e-05,0.0,0.0,5.091501084368807e-05,0.0,0.03649235485165858,0.0,0.0,0.0004940995862657114,0.0004955439204045462,0.0004940995862657114
299,3,0,0,57,4,2,1,0,7,2,0,9,0,11,0,22,0,7,868,589,268,14,41,68,188,54,28,0,2,0,1,4,0,1,0,0,8,8,8,0.002246575096265743,0.0,0.0,0.0010909723151037345,0.00022880247985279762,0.00042122528960818255,0.00010434205914671361,0.0,0.00015316331811174397,5.127221884808295e-05,0.0,0.00021137927442654855,0.0,0.0003564083319714215,0.0,0.0003500512005570778,0.0,0.0005690151575070535,30.90067639729441,11.678397937939922,4.352839903198038,0.23391422031377923,1.2474898070954785,1.080857692368827,2.786423595672151,0.357945393441645,0.14410630928301965,0.0,3.901169640879389e-05,0.0,4.306131871499169e-05,5.091501084368807e-05,0.0,0.03649235485165858,0.0,0.0,0.00039527966901256915,0.00039643513632363694,0.00039527966901256915
300,1,1,23,46,13,5,0,0,17,3,0,7,12,8,4,26,4,6,851,546,247,13,47,71,204,66,22,3,3,1,2,9,4,1,8,29,10,10,10,0.0007488583654219143,0.00023759267302211228,0.0002993770471288589,0.0008804337981538911,0.0007436080595215923,0.0010530632240204564,0.0,0.0,0.0003719680582713782,7.690832827212443e-05,0.0,0.00016440610233176,0.0002864160869605066,0.0002592060596155793,0.00013294855362941906,0.00041369687338563743,0.00033044663414906564,0.00048772727786318876,30.295478818084728,10.825815405968077,4.01175916451461,0.21720606171993784,1.4300492910606706,1.1285425905615691,3.023566029346376,0.43748881420645497,0.11322638586522973,5.838982581419649e-05,5.851754461319084e-05,4.294379546110707e-05,8.612263742998338e-05,0.00011455877439829817,5.202050232037451e-05,0.03649235485165858,0.0004216609996306777,0.0015285211236612066,0.0004940995862657114,0.0004955439204045462,0.0004940995862657114
301,0,0,30,41,14,2,3,0,13,4,1,6,12,6,3,27,4,9,862,597,267,11,43,83,177,63,31,3,5,1,0,4,1,1,9,30,9,9,9,0.0,0.0,0.0003904918006028595,0.0007847344722675985,0.0008008086794847916,0.00042122528960818255,0.0003130261774401408,0.0,0.00028444616220752453,0.0001025444376961659,2.561613267148419e-05,0.00014091951628436572,0.0002864160869605066,0.00019440454471168447,9.97114152220643e-05,0.0004296082915927774,0.00033044663414906564,0.0007315909167947832,30.687077251690994,11.837017943888172,4.336597963260732,0.1837897445322551,1.3083429684172092,1.3192821833325385,2.6233881725211203,0.41760295901525246,0.15954627099191462,5.838982581419649e-05,9.752924102198473e-05,4.294379546110707e-05,0.0,5.091501084368807e-05,1.3005125580093628e-05,0.03649235485165858,0.0004743686245845124,0.0015812287486150413,0.0004446896276391403,0.00044598952836409156,0.0004446896276391403
302,1,1,17,51,13,5,3,0,10,3,1,14,1,11,5,30,4,4,891,609,255,8,62,92,169,57,25,1,4,0,2,11,5,0,9,30,2,2,2,0.0007488583654219143,0.00023759267302211228,0.00022127868700828703,0.0009761331240401836,0.0007436080595215923,0.0010530632240204564,0.0003130261774401408,0.0,0.00021880474015963423,7.690832827212443e-05,2.561613267148419e-05,0.00032881220466352,2.3868007246708885e-05,0.0003564083319714215,0.00016618569203677384,0.00047734254621419704,0.00033044663414906564,0.0003251515185754592,31.719473122107512,12.074947952810549,4.141694684013058,0.13366526875073098,1.8864480009736506,1.4623368779107657,2.504816955684008,0.3778312486328475,0.12866634757412468,1.946327527139883e-05,7.802339281758778e-05,0.0,8.612263742998338e-05,0.0001400162798201422,6.502562790046813e-05,0.0,0.0004743686245845124,0.0015812287486150413,9.881991725314229e-05,9.910878408090924e-05,9.881991725314229e-05
303,3,0,25,42,8,3,3,0,17,3,0,10,9,2,4,22,0,12,919,588,253,8,44,94,182,74,32,0,2,0,0,7,8,0,20,40,9,9,9,0.002246575096265743,0.0,0.0003254098338357162,0.0008038743374448571,0.00045760495970559523,0.0006318379344122738,0.0003130261774401408,0.0,0.0003719680582713782,7.690832827212443e-05,0.0,0.00023486586047394284,0.00021481206522037998,6.480151490389482e-05,0.00013294855362941906,0.0003500512005570778,0.0,0.0009754545557263775,32.71626913492346,11.65857043719639,4.1092108041384465,0.13366526875073098,1.3387695490780747,1.4941268100392606,2.697495183044316,0.49051776138299497,0.1646929248948796,0.0,3.901169640879389e-05,0.0,0.0,8.910126897645413e-05,0.00010404100464074902,0.0,0.0010541524990766943,0.0021083049981533886,0.0004446896276391403,0.00044598952836409156,0.0004446896276391403
304,2,2,22,46,15,6,0,0,5,1,3,10,9,8,4,22,7,11,942,619,301,8,51,90,186,64,26,3,3,0,0,9,0,0,12,33,15,15,15,0.0014977167308438287,0.00047518534604422456,0.00028636065377543027,0.0008804337981538911,0.0008580092994479911,0.0012636758688245476,0.0,0.0,0.00010940237007981711,2.5636109424041476e-05,7.684839801445258e-05,0.00023486586047394284,0.00021481206522037998,0.0002592060596155793,0.00013294855362941906,0.0003500512005570778,0.0005782816097608649,0.0008941666760825127,33.53506585973656,12.27322296024586,4.8888239211291395,0.13366526875073098,1.551755613704132,1.4305469457822708,2.7567807914628726,0.42423157741232,0.1338130014770897,5.838982581419649e-05,5.851754461319084e-05,0.0,0.0,0.00011455877439829817,0.0,0.0,0.0006324914994460166,0.0017393516234765454,0.0007411493793985672,0.0007433158806068193,0.0007411493793985672
305,1,0,25,46,12,3,2,1,8,3,1,2,3,10,4,28,7,8,992,610,277,10,59,81,188,62,32,1,4,0,2,5,0,0,8,29,11,11,11,0.0007488583654219143,0.0,0.0003254098338357162,0.0008804337981538911,0.0006864074395583928,0.0006318379344122738,0.00020868411829342721,0.00010481659506645058,0.0001750437921277074,7.690832827212443e-05,2.561613267148419e-05,4.697317209478857e-05,7.160402174012665e-05,0.0003240075745194741,0.00013294855362941906,0.00044551970979991726,0.0005782816097608649,0.0006503030371509184,35.31505873976504,12.094775453554078,4.499017362633793,0.16708158593841374,1.7951682589910547,1.2874922512040436,2.786423595672151,0.410974340618185,0.1646929248948796,1.946327527139883e-05,7.802339281758778e-05,0.0,8.612263742998338e-05,6.36437635546101e-05,0.0,0.0,0.0004216609996306777,0.0015285211236612066,0.0005435095448922826,0.0005450983124450008,0.0005435095448922826
306,0,0,30,53,17,8,3,1,16,1,0,7,16,11,5,28,3,5,920,702,261,14,48,84,178,81,23,1,7,0,0,4,0,1,20,40,12,12,12,0.0,0.0,0.0003904918006028595,0.0010144128543947005,0.0009724105393743899,0.0016849011584327302,0.0003130261774401408,0.00010481659506645058,0.0003500875842554148,2.5636109424041476e-05,0.0,0.00016440610233176,0.00038188811594734215,0.0003564083319714215,0.00016618569203677384,0.00044551970979991726,0.00024783497561179925,0.000406439398219324,32.75186899252403,13.918905521958957,4.239146323636895,0.23391422031377923,1.460475871721536,1.3351771493967861,2.6382095746257597,0.5369180901624675,0.11837303976819472,1.946327527139883e-05,0.0001365409374307786,0.0,0.0,5.091501084368807e-05,0.0,0.03649235485165858,0.0010541524990766943,0.0021083049981533886,0.0005929195035188538,0.0005946527044854554,0.0005929195035188538
307,1,1,25,46,11,2,1,1,7,1,0,11,12,9,4,37,3,4,975,724,245,9,41,76,194,60,28,0,3,0,2,6,0,1,18,39,11,11,11,0.0007488583654219143,0.00023759267302211228,0.0003254098338357162,0.0008804337981538911,0.0006292068195951935,0.00042122528960818255,0.00010434205914671361,0.00010481659506645058,0.00015316331811174397,2.5636109424041476e-05,0.0,0.00025835244652133715,0.0002864160869605066,0.0002916068170675267,0.00013294855362941906,0.0005887224736641764,0.00024783497561179925,0.0003251515185754592,34.709861160555356,14.355110538316644,3.9792752846399972,0.15037342734457235,1.2474898070954785,1.2080174208828065,2.875352008299985,0.39771710382404996,0.14410630928301965,0.0,5.851754461319084e-05,0.0,8.612263742998338e-05,7.637251626553211e-05,0.0,0.03649235485165858,0.0009487372491690248,0.002055597373199554,0.0005435095448922826,0.0005450983124450008,0.0005435095448922826
308,2,1,31,55,12,4,1,0,12,2,0,9,7,9,4,23,9,5,991,740,243,7,42,88,186,65,31,1,4,0,1,8,5,0,12,33,8,8,8,0.0014977167308438287,0.00023759267302211228,0.0004035081939562881,0.0010526925847492176,0.0006864074395583928,0.0008424505792163651,0.00010434205914671361,0.0,0.00026256568819156106,5.127221884808295e-05,0.0,0.00021137927442654855,0.0001670760507269622,0.0002916068170675267,0.00013294855362941906,0.00036596261876421776,0.0007435049268353977,0.000406439398219324,35.27945888216447,14.672350550213144,3.946791404765385,0.11695711015688962,1.277916387756344,1.398757013653776,2.7567807914628726,0.4308601958093875,0.15954627099191462,1.946327527139883e-05,7.802339281758778e-05,0.0,4.306131871499169e-05,0.00010183002168737614,6.502562790046813e-05,0.0,0.0006324914994460166,0.0017393516234765454,0.00039527966901256915,0.00039643513632363694,0.00039527966901256915
309,1,1,20,49,8,6,0,0,12,2,3,5,12,8,3,25,1,9,933,655,260,7,57,87,194,59,28,3,7,0,2,7,3,0,1,22,10,10,10,0.0007488583654219143,0.00023759267302211228,0.00026032786706857295,0.0009378533936856665,0.00045760495970559523,0.0012636758688245476,0.0,0.0,0.00026256568819156106,5.127221884808295e-05,7.684839801445258e-05,0.00011743293023697142,0.0002864160869605066,0.0002592060596155793,9.97114152220643e-05,0.00039778545517849754,8.261165853726641e-05,0.0007315909167947832,33.21466714133143,12.987012987012987,4.222904383699589,0.11695711015688962,1.734315097669324,1.3828620475895286,2.875352008299985,0.3910884854269825,0.14410630928301965,5.838982581419649e-05,0.0001365409374307786,0.0,8.612263742998338e-05,8.910126897645413e-05,3.9015376740280884e-05,0.0,5.270762495383471e-05,0.0011595677489843637,0.0004940995862657114,0.0004955439204045462,0.0004940995862657114
310,2,0,22,57,9,4,1,0,9,2,0,8,9,9,5,24,1,7,1073,669,252,7,57,81,173,78,29,1,7,3,2,4,3,0,12,33,16,16,16,0.0014977167308438287,0.0,0.00028636065377543027,0.0010909723151037345,0.0005148055796687946,0.0008424505792163651,0.00010434205914671361,0.0,0.0001969242661436708,5.127221884808295e-05,0.0,0.0001878926883791543,0.00021481206522037998,0.0002916068170675267,0.00016618569203677384,0.00038187403697135765,8.261165853726641e-05,0.0005690151575070535,38.19864720541118,13.264597997422424,4.09296886420114,0.11695711015688962,1.734315097669324,1.2874922512040436,2.5641025641025643,0.5170322349712649,0.14925296318598463,1.946327527139883e-05,0.0001365409374307786,0.0001288313863833212,8.612263742998338e-05,5.091501084368807e-05,3.9015376740280884e-05,0.0,0.0006324914994460166,0.0017393516234765454,0.0007905593380251383,0.0007928702726472739,0.0007905593380251383
311,2,2,16,55,19,5,0,1,23,1,1,8,14,15,3,24,8,7,972,752,264,6,38,94,199,66,38,0,4,0,1,7,7,1,25,46,7,7,7,0.0014977167308438287,0.00047518534604422456,0.00020826229365485837,0.0010526925847492176,0.0010868117793007886,0.0010530632240204564,0.0,0.00010481659506645058,0.0005032509023671588,2.5636109424041476e-05,2.561613267148419e-05,0.0001878926883791543,0.0003341521014539244,0.00048601136177921114,9.97114152220643e-05,0.00038187403697135765,0.0006608932682981313,0.0005690151575070535,34.60306158775365,14.91028055913552,4.287872143448813,0.10024895156304824,1.1562100651128826,1.4941268100392606,2.949459018823181,0.43748881420645497,0.19557284831266952,0.0,7.802339281758778e-05,0.0,4.306131871499169e-05,8.910126897645413e-05,9.103587906065539e-05,0.03649235485165858,0.0013176906238458678,0.002424550747876397,0.000345869710385998,0.0003468807442831823,0.000345869710385998
312,1,1,25,54,13,5,1,0,8,5,0,11,21,8,5,29,7,6,989,728,257,12,58,86,199,94,28,1,0,0,2,6,0,0,13,34,11,11,11,0.0007488583654219143,0.00023759267302211228,0.0003254098338357162,0.0010335527195719592,0.0007436080595215923,0.0010530632240204564,0.00010434205914671361,0.0,0.0001750437921277074,0.00012818054712020738,0.0,0.00025835244652133715,0.0005012281521808866,0.0002592060596155793,0.00016618569203677384,0.00046143112800705715,0.0005782816097608649,0.00048772727786318876,35.20825916696333,14.43442054129077,4.17417856388767,0.20049790312609647,1.7647416783301892,1.366967081525281,2.949459018823181,0.6230901293243449,0.14410630928301965,1.946327527139883e-05,0.0,0.0,8.612263742998338e-05,7.637251626553211e-05,0.0,0.0,0.0006851991243998513,0.0017920592484303801,0.0005435095448922826,0.0005450983124450008,0.0005435095448922826
313,2,1,35,54,20,9,0,1,13,2,1,12,4,9,4,29,10,8,1085,789,261,4,44,81,190,72,39,1,2,1,1,7,0,1,13,34,8,8,8,0.0014977167308438287,0.00023759267302211228,0.0004555737673700027,0.0010335527195719592,0.001144012399263988,0.0018955138032368216,0.0,0.00010481659506645058,0.00028444616220752453,5.127221884808295e-05,2.561613267148419e-05,0.00028183903256873144,9.547202898683554e-05,0.0002916068170675267,0.00013294855362941906,0.00046143112800705715,0.0008261165853726641,0.0006503030371509184,38.62584549661801,15.643898086646178,4.239146323636895,0.06683263437536549,1.3387695490780747,1.2874922512040436,2.816066399881429,0.47726052458886,0.2007195022156345,1.946327527139883e-05,3.901169640879389e-05,4.294379546110707e-05,4.306131871499169e-05,8.910126897645413e-05,0.0,0.03649235485165858,0.0006851991243998513,0.0017920592484303801,0.00039527966901256915,0.00039643513632363694,0.00039527966901256915
314,2,0,23,56,17,5,2,0,10,0,3,10,12,8,4,20,7,6,1097,801,255,4,46,83,214,71,32,1,6,1,1,7,0,1,18,39,5,5,5,0.0014977167308438287,0.0,0.0002993770471288589,0.001071832449926476,0.0009724105393743899,0.0010530632240204564,0.00020868411829342721,0.0,0.00021880474015963423,0.0,7.684839801445258e-05,0.00023486586047394284,0.0002864160869605066,0.0002592060596155793,0.00013294855362941906,0.00031822836414279804,0.0005782816097608649,0.00048772727786318876,39.05304378782485,15.881828095568553,4.141694684013058,0.06683263437536549,1.3996227103998053,1.3192821833325385,3.1717800503927673,0.47063190619179246,0.1646929248948796,1.946327527139883e-05,0.00011703508922638167,4.294379546110707e-05,4.306131871499169e-05,8.910126897645413e-05,0.0,0.03649235485165858,0.0009487372491690248,0.002055597373199554,0.0002470497931328557,0.0002477719602022731,0.0002470497931328557
315,1,3,33,87,20,6,0,0,6,1,0,14,7,12,0,20,3,10,1082,736,248,2,38,83,192,74,35,1,2,1,1,3,5,0,8,29,4,4,4,0.0007488583654219143,0.0007127780190663368,0.0004295409806631454,0.0016651682704214897,0.001144012399263988,0.0012636758688245476,0.0,0.0,0.00013128284409578053,2.5636109424041476e-05,0.0,0.00032881220466352,0.0001670760507269622,0.00038880908942336893,0.0,0.00031822836414279804,0.00024783497561179925,0.000812878796438648,38.51904592381631,14.59304054723902,4.028001104451915,0.033416317187682745,1.1562100651128826,1.3192821833325385,2.845709204090707,0.49051776138299497,0.18013288660377458,1.946327527139883e-05,3.901169640879389e-05,4.294379546110707e-05,4.306131871499169e-05,3.8186258132766054e-05,6.502562790046813e-05,0.0,0.0004216609996306777,0.0015285211236612066,0.00019763983450628457,0.00019821756816181847,0.00019763983450628457
316,0,2,33,110,23,8,1,1,17,0,1,10,4,14,1,29,1,10,1161,846,244,7,47,80,191,82,29,1,5,4,0,12,1,0,25,46,13,13,13,0.0,0.00047518534604422456,0.0004295409806631454,0.0021053851694984352,0.0013156142591535863,0.0016849011584327302,0.00010434205914671361,0.00010481659506645058,0.0003719680582713782,0.0,2.561613267148419e-05,0.00023486586047394284,9.547202898683554e-05,0.00045361060432726376,3.3237138407354764e-05,0.00046143112800705715,8.261165853726641e-05,0.000812878796438648,41.3314346742613,16.77406562902746,3.963033344702691,0.11695711015688962,1.4300492910606706,1.2715972851397963,2.830887801986068,0.543546708559535,0.14925296318598463,1.946327527139883e-05,9.752924102198473e-05,0.00017177518184442828,0.0,0.00015274503253106422,1.3005125580093628e-05,0.0,0.0013176906238458678,0.002424550747876397,0.0006423294621454249,0.00064420709652591,0.0006423294621454249
317,4,0,38,80,28,7,1,0,12,0,1,9,12,10,4,22,4,6,1144,830,267,4,60,65,212,84,21,1,3,1,2,11,0,0,7,27,7,7,7,0.0029954334616876573,0.0,0.0004946229474302886,0.0015311892141806802,0.0016016173589695833,0.001474288513628639,0.00010434205914671361,0.0,0.00026256568819156106,0.0,2.561613267148419e-05,0.00021137927442654855,0.0002864160869605066,0.0003240075745194741,0.00013294855362941906,0.0003500512005570778,0.00033044663414906564,0.00048772727786318876,40.72623709505162,16.45682561713096,4.336597963260732,0.06683263437536549,1.82559483965192,1.0331727941760844,3.142137246183489,0.55680394535367,0.10807973196226474,1.946327527139883e-05,5.851754461319084e-05,4.294379546110707e-05,8.612263742998338e-05,0.0001400162798201422,0.0,0.0,0.000368953374676843,0.0014231058737535372,0.000345869710385998,0.0003468807442831823,0.000345869710385998
318,3,0,36,108,36,7,2,0,9,1,1,11,18,7,3,19,3,9,1158,839,263,8,51,82,186,76,35,0,6,0,3,7,0,0,13,34,6,6,6,0.002246575096265743,0.0,0.0004685901607234314,0.0020671054391439183,0.0020592223186751786,0.001474288513628639,0.00020868411829342721,0.0,0.0001969242661436708,2.5636109424041476e-05,2.561613267148419e-05,0.00025835244652133715,0.00042962413044075995,0.00022680530216363188,9.97114152220643e-05,0.00030231694593565816,0.00024783497561179925,0.0007315909167947832,41.2246351014596,16.635273123822742,4.271630203511507,0.13366526875073098,1.551755613704132,1.3033872172682912,2.7567807914628726,0.50377499817713,0.18013288660377458,0.0,0.00011703508922638167,0.0,0.00012918395614497504,8.910126897645413e-05,0.0,0.0,0.0006851991243998513,0.0017920592484303801,0.0002964597517594269,0.0002973263522427277,0.0002964597517594269
319,2,0,27,130,40,8,2,0,10,4,0,7,14,6,3,27,9,2,1207,865,226,4,51,101,195,80,40,1,2,0,2,9,0,1,16,36,9,9,9,0.0014977167308438287,0.0,0.00035144262054257353,0.0024881824730436054,0.002288024798527976,0.0016849011584327302,0.00020868411829342721,0.0,0.00021880474015963423,0.0001025444376961659,0.0,0.00016440610233176,0.0003341521014539244,0.00019440454471168447,9.97114152220643e-05,0.0004296082915927774,0.0007435049268353977,0.0001625757592877296,42.969028123887504,17.150788143154553,3.670678425831181,0.06683263437536549,1.551755613704132,1.605391572488993,2.8901734104046244,0.5302894717654,0.2058661561185995,1.946327527139883e-05,3.901169640879389e-05,0.0,8.612263742998338e-05,0.00011455877439829817,0.0,0.03649235485165858,0.0008433219992613554,0.0018974744983380496,0.0004446896276391403,0.00044598952836409156,0.0004446896276391403
320,3,3,43,145,43,13,2,0,6,0,1,8,0,9,0,34,7,7,1191,860,268,4,61,83,213,92,32,0,4,1,1,9,7,0,7,27,6,6,6,0.002246575096265743,0.0007127780190663368,0.0005597049141974319,0.002775280450702483,0.0024596266584175743,0.0027379643824531866,0.00020868411829342721,0.0,0.00013128284409578053,0.0,2.561613267148419e-05,0.0001878926883791543,0.0,0.0002916068170675267,0.0,0.0005409882190427566,0.0005782816097608649,0.0005690151575070535,42.39943040227839,17.051650639436897,4.352839903198038,0.06683263437536549,1.8560214203127852,1.3192821833325385,3.156958648288128,0.60983289253021,0.1646929248948796,0.0,7.802339281758778e-05,4.294379546110707e-05,4.306131871499169e-05,0.00011455877439829817,9.103587906065539e-05,0.0,0.000368953374676843,0.0014231058737535372,0.0002964597517594269,0.0002973263522427277,0.0002964597517594269
321,4,4,25,157,57,9,2,0,11,1,1,10,10,14,5,28,8,7,1275,952,246,2,43,88,188,83,31,3,5,0,0,7,0,0,14,35,6,6,6,0.0029954334616876573,0.0009503706920884491,0.0003254098338357162,0.0030049588328295847,0.003260435337902366,0.0018955138032368216,0.00020868411829342721,0.0,0.00024068521417559767,2.5636109424041476e-05,2.561613267148419e-05,0.00023486586047394284,0.00023868007246708887,0.00045361060432726376,0.00016618569203677384,0.00044551970979991726,0.0006608932682981313,0.0005690151575070535,45.38981844072624,18.875780707841777,3.9955172245773034,0.033416317187682745,1.3083429684172092,1.398757013653776,2.786423595672151,0.5501753269566024,0.15954627099191462,5.838982581419649e-05,9.752924102198473e-05,0.0,0.0,8.910126897645413e-05,0.0,0.0,0.000737906749353686,0.0018447668733842148,0.0002964597517594269,0.0002973263522427277,0.0002964597517594269
322,6,6,36,182,56,24,2,0,16,1,1,12,0,5,8,15,5,10,1256,927,258,4,48,76,185,82,39,1,1,1,1,5,5,1,7,27,18,18,18,0.004493150192531486,0.0014255560381326736,0.0004685901607234314,0.0034834554622610475,0.0032032347179391666,0.00505470347529819,0.00020868411829342721,0.0,0.0003500875842554148,2.5636109424041476e-05,2.561613267148419e-05,0.00028183903256873144,0.0,0.00016200378725973706,0.0002658971072588381,0.00023867127310709852,0.00041305829268633204,0.000812878796438648,44.71342114631541,18.380093189253493,4.190420503824977,0.06683263437536549,1.460475871721536,1.2080174208828065,2.7419593893582332,0.543546708559535,0.2007195022156345,1.946327527139883e-05,1.9505848204396945e-05,4.294379546110707e-05,4.306131871499169e-05,6.36437635546101e-05,6.502562790046813e-05,0.03649235485165858,0.000368953374676843,0.0014231058737535372,0.0008893792552782806,0.0008919790567281831,0.0008893792552782806
323,4,3,47,252,69,20,2,0,9,4,0,1,12,13,8,31,8,7,1269,977,240,2,52,101,198,79,30,0,2,0,0,9,7,2,21,42,6,6,6,0.0029954334616876573,0.0007127780190663368,0.0006117704876111465,0.004823246024669142,0.003946842777460759,0.004212252896081826,0.00020868411829342721,0.0,0.0001969242661436708,0.0001025444376961659,0.0,2.3486586047394287e-05,0.0002864160869605066,0.0004212098468753163,0.0002658971072588381,0.000493253964421337,0.0006608932682981313,0.0005690151575070535,45.17621929512282,19.371468226430057,3.898065584953467,0.033416317187682745,1.5821821943649972,1.605391572488993,2.9346376167185415,0.5236608533683325,0.15439961708894964,0.0,3.901169640879389e-05,0.0,0.0,0.00011455877439829817,9.103587906065539e-05,0.07298470970331716,0.001106860124030529,0.002213720248061058,0.0002964597517594269,0.0002973263522427277,0.0002964597517594269
324,9,2,34,288,75,22,2,0,22,2,0,10,9,18,4,19,8,5,1375,972,214,5,57,104,202,87,34,4,3,3,3,4,0,0,10,31,14,14,14,0.0067397252887972285,0.00047518534604422456,0.00044255737401657406,0.005512281171050448,0.004290046497239955,0.004633478185690008,0.00020868411829342721,0.0,0.00048137042835119534,5.127221884808295e-05,0.0,0.00023486586047394284,0.00021481206522037998,0.0005832136341350533,0.00013294855362941906,0.00030231694593565816,0.0006608932682981313,0.000406439398219324,48.9498042007832,19.2723307227124,3.4757751465835076,0.08354079296920687,1.734315097669324,1.6530764706817351,2.993923225137098,0.5766898005448725,0.17498623270080957,7.785310108559533e-05,5.851754461319084e-05,0.0001288313863833212,0.00012918395614497504,5.091501084368807e-05,0.0,0.0,0.0005270762495383471,0.001633936373568876,0.000691739420771996,0.0006937614885663647,0.000691739420771996
325,6,4,30,328,76,24,1,0,11,0,0,9,12,17,10,28,7,4,1361,1040,237,1,50,109,207,91,35,3,1,1,1,4,4,0,9,30,9,9,9,0.004493150192531486,0.0009503706920884491,0.0003904918006028595,0.006277875778140788,0.0043472471172031546,0.00505470347529819,0.00010434205914671361,0.0,0.00024068521417559767,0.0,0.0,0.00021137927442654855,0.0002864160869605066,0.000550812876683106,0.0003323713840735477,0.00044551970979991726,0.0005782816097608649,0.0003251515185754592,48.451406194375224,20.62060077327253,3.8493397651415484,0.016708158593841373,1.5213290330432667,1.7325513010029725,3.0680302356602933,0.6032042741331425,0.18013288660377458,5.838982581419649e-05,1.9505848204396945e-05,4.294379546110707e-05,4.306131871499169e-05,5.091501084368807e-05,5.202050232037451e-05,0.0,0.0004743686245845124,0.0015812287486150413,0.0004446896276391403,0.00044598952836409156,0.0004446896276391403
326,9,7,30,339,97,31,2,0,9,2,0,9,10,12,5,35,3,7,1334,1131,217,6,61,94,227,95,37,0,2,1,4,6,5,0,18,39,7,7,7,0.0067397252887972285,0.0016631487111547858,0.0003904918006028595,0.006488414295090632,0.005548460136430343,0.00652899198892683,0.00020868411829342721,0.0,0.0001969242661436708,5.127221884808295e-05,0.0,0.00021137927442654855,0.00023868007246708887,0.00038880908942336893,0.00016618569203677384,0.0005568996372498965,0.00024783497561179925,0.0005690151575070535,47.49021003915984,22.424903340933874,3.524500966395426,0.10024895156304824,1.8560214203127852,1.4941268100392606,3.3644582777530756,0.6297187477214125,0.19042619440970454,0.0,3.901169640879389e-05,4.294379546110707e-05,0.00017224527485996675,7.637251626553211e-05,6.502562790046813e-05,0.0,0.0009487372491690248,0.002055597373199554,0.000345869710385998,0.0003468807442831823,0.000345869710385998
327,11,10,40,403,119,31,2,0,21,0,1,12,14,16,3,29,9,6,1395,1075,252,8,60,100,221,92,34,1,3,3,3,10,7,1,12,33,3,3,3,0.008237442019641057,0.0023759267302211227,0.0005206557341371459,0.007713365666435176,0.006806873775620729,0.00652899198892683,0.00020868411829342721,0.0,0.0004594899543352319,0.0,2.561613267148419e-05,0.00028183903256873144,0.0003341521014539244,0.0005184121192311586,9.97114152220643e-05,0.00046143112800705715,0.0007435049268353977,0.00048772727786318876,49.66180135279459,21.314563299296122,4.09296886420114,0.13366526875073098,1.82559483965192,1.5894966064247453,3.275529865125241,0.60983289253021,0.17498623270080957,1.946327527139883e-05,5.851754461319084e-05,0.0001288313863833212,0.00012918395614497504,0.0001272875271092202,9.103587906065539e-05,0.03649235485165858,0.0006324914994460166,0.0017393516234765454,0.00014822987587971345,0.00014866317612136385,0.00014822987587971345
328,10,8,22,489,125,43,3,0,9,0,1,10,4,11,4,32,7,6,1355,1139,274,4,44,104,197,103,36,0,3,3,0,1,5,1,8,29,9,9,9,0.007488583654219143,0.0019007413841768983,0.00028636065377543027,0.009359394071679407,0.007150077495399925,0.009056343726575926,0.0003130261774401408,0.0,0.0001969242661436708,0.0,2.561613267148419e-05,0.00023486586047394284,9.547202898683554e-05,0.0003564083319714215,0.00013294855362941906,0.0005091653826284769,0.0005782816097608649,0.00048772727786318876,48.237807048771806,22.583523346882124,4.450291542821875,0.06683263437536549,1.3387695490780747,1.6530764706817351,2.9198162146139026,0.6827476948979525,0.18527954050673956,0.0,5.851754461319084e-05,0.0001288313863833212,0.0,1.2728752710922018e-05,6.502562790046813e-05,0.03649235485165858,0.0004216609996306777,0.0015285211236612066,0.0004446896276391403,0.00044598952836409156,0.0004446896276391403
329,9,8,27,584,127,58,1,0,16,2,0,5,7,7,5,26,1,7,1340,1100,223,9,55,109,214,88,34,3,5,1,0,10,0,0,12,33,8,8,8,0.0067397252887972285,0.0019007413841768983,0.00035144262054257353,0.011177681263518965,0.0072644787353263246,0.012215533398637294,0.00010434205914671361,0.0,0.0003500875842554148,5.127221884808295e-05,0.0,0.00011743293023697142,0.0001670760507269622,0.00022680530216363188,0.00016618569203677384,0.00041369687338563743,8.261165853726641e-05,0.0005690151575070535,47.70380918476326,21.810250817884405,3.6219526060192626,0.15037342734457235,1.6734619363475933,1.7325513010029725,3.1717800503927673,0.5833184189419399,0.17498623270080957,5.838982581419649e-05,9.752924102198473e-05,4.294379546110707e-05,0.0,0.0001272875271092202,0.0,0.0,0.0006324914994460166,0.0017393516234765454,0.00039527966901256915,0.00039643513632363694,0.00039527966901256915
330,14,3,34,634,174,59,1,0,11,2,0,7,12,13,7,23,8,6,1408,1160,220,8,52,96,209,119,46,1,2,1,1,8,3,1,8,29,12,12,12,0.0104840171159068,0.0007127780190663368,0.00044255737401657406,0.01213467452238189,0.009952907873596697,0.012426146043441385,0.00010434205914671361,0.0,0.00024068521417559767,5.127221884808295e-05,0.0,0.00016440610233176,0.0002864160869605066,0.0004212098468753163,0.00023265996885148336,0.00036596261876421776,0.0006608932682981313,0.00048772727786318876,50.12459950160199,22.999900862496283,3.5732267862073446,0.13366526875073098,1.5821821943649972,1.5259167421677555,3.0976730398695715,0.7888055892510325,0.23674607953638943,1.946327527139883e-05,3.901169640879389e-05,4.294379546110707e-05,4.306131871499169e-05,0.00010183002168737614,3.9015376740280884e-05,0.03649235485165858,0.0004216609996306777,0.0015285211236612066,0.0005929195035188538,0.0005946527044854554,0.0005929195035188538
331,16,9,31,728,169,67,0,4,7,2,1,8,8,11,7,17,4,13,1429,1136,227,5,58,88,212,113,45,3,3,1,2,7,0,0,4,25,11,11,11,0.01198173384675063,0.0021383340571990103,0.0004035081939562881,0.01393382184904419,0.0096669047737807,0.014111047201874116,0.0,0.0004192663802658023,0.00015316331811174397,5.127221884808295e-05,2.561613267148419e-05,0.0001878926883791543,0.00019094405797367108,0.0003564083319714215,0.00023265996885148336,0.0002704941095213783,0.00033044663414906564,0.0010567424353702423,50.87219651121396,22.52404084465153,3.6869203657684873,0.08354079296920687,1.7647416783301892,1.398757013653776,3.142137246183489,0.7490338788686275,0.23159942563342445,5.838982581419649e-05,5.851754461319084e-05,4.294379546110707e-05,8.612263742998338e-05,8.910126897645413e-05,0.0,0.0,0.00021083049981533884,0.0013176906238458678,0.0005435095448922826,0.0005450983124450008,0.0005435095448922826
332,17,8,33,793,202,55,0,0,19,2,0,7,14,7,8,26,8,8,1389,1217,252,2,55,109,236,93,33,1,3,1,2,2,1,1,7,27,16,16,16,0.012730592212172542,0.0019007413841768983,0.0004295409806631454,0.015177913085565991,0.01155452523256628,0.011583695464225021,0.0,0.0,0.00041572900630330504,5.127221884808295e-05,0.0,0.00016440610233176,0.0003341521014539244,0.00022680530216363188,0.0002658971072588381,0.00041369687338563743,0.0006608932682981313,0.0006503030371509184,49.44820220719117,24.130068404877566,4.09296886420114,0.033416317187682745,1.6734619363475933,1.7325513010029725,3.4978508966948274,0.6164615109272775,0.1698395787978446,1.946327527139883e-05,5.851754461319084e-05,4.294379546110707e-05,8.612263742998338e-05,2.5457505421844036e-05,1.3005125580093628e-05,0.03649235485165858,0.000368953374676843,0.0014231058737535372,0.0007905593380251383,0.0007928702726472739,0.0007905593380251383
333,20,10,40,826,184,74,1,0,10,1,0,8,13,9,1,30,5,9,1519,1212,223,2,48,114,253,102,48,3,3,3,1,8,3,0,9,30,9,9,9,0.014977167308438287,0.0023759267302211227,0.0005206557341371459,0.01580952863641552,0.01052491407322869,0.015585335715502755,0.00010434205914671361,0.0,0.00021880474015963423,2.5636109424041476e-05,0.0,0.0001878926883791543,0.0003102840942072155,0.0002916068170675267,3.3237138407354764e-05,0.00047734254621419704,0.00041305829268633204,0.0007315909167947832,54.07618369526522,24.03093090115991,3.6219526060192626,0.033416317187682745,1.460475871721536,1.8120261313242096,3.749814732473692,0.676119076500885,0.2470393873423194,5.838982581419649e-05,5.851754461319084e-05,0.0001288313863833212,4.306131871499169e-05,0.00010183002168737614,3.9015376740280884e-05,0.0,0.0004743686245845124,0.0015812287486150413,0.0004446896276391403,0.00044598952836409156,0.0004446896276391403
334,24,7,31,892,229,78,0,1,9,3,0,6,5,14,3,24,3,7,1529,1205,192,4,56,113,216,116,40,4,3,1,4,3,7,0,21,42,11,11,11,0.017972600770125944,0.0016631487111547858,0.0004035081939562881,0.017072759738114583,0.013098941971572664,0.01642778629471912,0.0,0.00010481659506645058,0.0001969242661436708,7.690832827212443e-05,0.0,0.00014091951628436572,0.00011934003623354444,0.00045361060432726376,9.97114152220643e-05,0.00038187403697135765,0.00024783497561179925,0.0005690151575070535,54.43218227127092,23.89213839595519,3.1184524679627734,0.06683263437536549,1.7038885170084586,1.7961311652599623,3.2014228546020456,0.7689197340598299,0.2058661561185995,7.785310108559533e-05,5.851754461319084e-05,4.294379546110707e-05,0.00017224527485996675,3.8186258132766054e-05,9.103587906065539e-05,0.0,0.001106860124030529,0.002213720248061058,0.0005435095448922826,0.0005450983124450008,0.0005435095448922826
335,21,15,34,964,254,78,3,0,15,2,1,6,13,13,4,19,1,3,1600,1246,212,2,47,112,231,107,48,0,2,1,3,7,1,1,23,44,16,16,16,0.0157260256738602,0.003563890095331684,0.00044255737401657406,0.018450830030877195,0.014528957470652649,0.01642778629471912,0.0003130261774401408,0.0,0.00032820711023945137,5.127221884808295e-05,2.561613267148419e-05,0.00014091951628436572,0.0003102840942072155,0.0004212098468753163,0.00013294855362941906,0.00030231694593565816,8.261165853726641e-05,0.00024386363893159438,56.959772160911356,24.70506592643997,3.4432912667088957,0.033416317187682745,1.4300492910606706,1.7802361991957147,3.423743886171632,0.7092621684862225,0.2470393873423194,0.0,3.901169640879389e-05,4.294379546110707e-05,0.00012918395614497504,8.910126897645413e-05,1.3005125580093628e-05,0.03649235485165858,0.0012122753739381984,0.0023191354979687274,0.0007905593380251383,0.0007928702726472739,0.0007905593380251383
336,33,10,25,1072,297,98,6,0,7,2,1,15,4,10,4,25,10,5,1517,1280,217,2,54,109,253,129,36,4,4,1,2,6,9,0,17,38,6,6,6,0.02471232605892317,0.0023759267302211227,0.0003254098338357162,0.020517935470021113,0.016988584129070224,0.020640039190800947,0.0006260523548802816,0.0,0.00015316331811174397,5.127221884808295e-05,2.561613267148419e-05,0.0003522987907109143,9.547202898683554e-05,0.0003240075745194741,0.00013294855362941906,0.00039778545517849754,0.0008261165853726641,0.000406439398219324,54.00498398006408,25.379200951720033,3.524500966395426,0.033416317187682745,1.6430353556867279,1.7325513010029725,3.749814732473692,0.8550917732217075,0.18527954050673956,7.785310108559533e-05,7.802339281758778e-05,4.294379546110707e-05,8.612263742998338e-05,7.637251626553211e-05,0.00011704613022084264,0.0,0.0008960296242151901,0.002002889748245719,0.0002964597517594269,0.0002973263522427277,0.0002964597517594269
337,30,14,35,1120,328,98,1,0,12,3,0,5,1,10,3,24,1,2,1574,1358,231,1,67,112,246,114,40,1,4,0,2,4,4,0,22,43,9,9,9,0.02246575096265743,0.0033262974223095716,0.0004555737673700027,0.021436648998529522,0.018761803347929405,0.020640039190800947,0.00010434205914671361,0.0,0.00026256568819156106,7.690832827212443e-05,0.0,0.00011743293023697142,2.3868007246708885e-05,0.0003240075745194741,9.97114152220643e-05,0.00038187403697135765,8.261165853726641e-05,0.0001625757592877296,56.03417586329655,26.925746009715475,3.751888125517712,0.016708158593841373,2.0385809042779774,1.7802361991957147,3.6460649177412185,0.755662497265695,0.2058661561185995,1.946327527139883e-05,7.802339281758778e-05,0.0,8.612263742998338e-05,5.091501084368807e-05,5.202050232037451e-05,0.0,0.0011595677489843637,0.0022664278730148927,0.0004446896276391403,0.00044598952836409156,0.0004446896276391403
338,22,16,49,1161,311,100,2,1,16,3,0,6,5,9,5,26,0,5,1576,1362,239,7,62,111,237,112,43,1,1,3,1,4,5,0,12,33,7,7,7,0.016474884039282114,0.0038014827683537965,0.0006378032743180038,0.02222138347079712,0.017789392808555016,0.02106126448040913,0.00020868411829342721,0.00010481659506645058,0.0003500875842554148,7.690832827212443e-05,0.0,0.00014091951628436572,0.00011934003623354444,0.0002916068170675267,0.00016618569203677384,0.00041369687338563743,0.0,0.000406439398219324,56.105375578497686,27.0050560126896,3.8818236450161607,0.11695711015688962,1.8864480009736506,1.7643412331314674,3.5126722987994663,0.74240526047156,0.22130611782749446,1.946327527139883e-05,1.9505848204396945e-05,0.0001288313863833212,4.306131871499169e-05,5.091501084368807e-05,6.502562790046813e-05,0.0,0.0006324914994460166,0.0017393516234765454,0.000345869710385998,0.0003468807442831823,0.000345869710385998
339,29,13,43,1257,278,86,4,0,7,4,3,8,5,10,4,31,4,9,1596,1281,218,5,71,129,253,127,42,3,7,3,1,6,8,0,9,30,10,10,10,0.021716892597235516,0.0030887047492874596,0.0005597049141974319,0.024058810527813935,0.015901772349769434,0.01811268745315185,0.00041736823658685443,0.0,0.00015316331811174397,0.0001025444376961659,7.684839801445258e-05,0.0001878926883791543,0.00011934003623354444,0.0003240075745194741,0.00013294855362941906,0.000493253964421337,0.00033044663414906564,0.0007315909167947832,56.81737273050908,25.399028452463565,3.5407429063327323,0.08354079296920687,2.1602872269214384,2.0504506222879217,3.749814732473692,0.8418345364275724,0.21615946392452948,5.838982581419649e-05,0.0001365409374307786,0.0001288313863833212,4.306131871499169e-05,7.637251626553211e-05,0.00010404100464074902,0.0,0.0004743686245845124,0.0015812287486150413,0.0004940995862657114,0.0004955439204045462,0.0004940995862657114
340,31,16,38,1355,332,116,1,0,8,3,0,13,0,12,5,26,9,4,1635,1375,197,5,56,123,270,110,48,0,1,1,2,2,5,1,9,30,18,18,18,0.023214609328079342,0.0038014827683537965,0.0004946229474302886,0.02593451731518527,0.0189906058277822,0.024431066797274588,0.00010434205914671361,0.0,0.0001750437921277074,7.690832827212443e-05,0.0,0.0003053256186161257,0.0,0.00038880908942336893,0.00016618569203677384,0.00041369687338563743,0.0007435049268353977,0.0003251515185754592,58.205767176931296,27.262813522355504,3.199662167649304,0.08354079296920687,1.7038885170084586,1.9550808259024368,4.001778568252557,0.7291480236774249,0.2470393873423194,0.0,1.9505848204396945e-05,4.294379546110707e-05,8.612263742998338e-05,2.5457505421844036e-05,6.502562790046813e-05,0.03649235485165858,0.0004743686245845124,0.0015812287486150413,0.0008893792552782806,0.0008919790567281831,0.0008893792552782806
341,35,14,42,1359,317,95,5,0,11,2,3,7,7,16,5,20,1,6,1720,1429,188,3,58,131,276,126,52,1,0,3,0,9,1,0,18,39,6,6,6,0.026210042789767,0.0033262974223095716,0.0005466885208440033,0.026011076775894305,0.01813259652833421,0.02000820125638867,0.000521710295733568,0.0,0.00024068521417559767,5.127221884808295e-05,7.684839801445258e-05,0.00016440610233176,0.0001670760507269622,0.0005184121192311586,0.00016618569203677384,0.00031822836414279804,8.261165853726641e-05,0.00048772727786318876,61.23175507297971,28.333498562506193,3.053484708213549,0.05012447578152412,1.7647416783301892,2.0822405544164164,4.090706980880391,0.8352059180305049,0.2676260029541794,1.946327527139883e-05,0.0,0.0001288313863833212,0.0,0.00011455877439829817,1.3005125580093628e-05,0.0,0.0009487372491690248,0.002055597373199554,0.0002964597517594269,0.0002973263522427277,0.0002964597517594269
342,35,21,38,1320,321,107,2,0,11,1,4,9,5,6,9,28,1,6,1614,1390,225,3,58,123,278,106,46,3,3,0,0,6,5,1,1,22,12,12,12,0.026210042789767,0.004989446133464357,0.0004946229474302886,0.02526462203398122,0.01836139900818701,0.022535552994037766,0.00020868411829342721,0.0,0.00024068521417559767,2.5636109424041476e-05,0.00010246453068593676,0.00021137927442654855,0.00011934003623354444,0.00019440454471168447,0.0002991342456661929,0.00044551970979991726,8.261165853726641e-05,0.00048772727786318876,57.45817016731933,27.560226033508474,3.654436485893875,0.05012447578152412,1.7647416783301892,1.9550808259024368,4.12034978508967,0.702633550089155,0.23674607953638943,5.838982581419649e-05,5.851754461319084e-05,0.0,0.0,7.637251626553211e-05,6.502562790046813e-05,0.03649235485165858,5.270762495383471e-05,0.0011595677489843637,0.0005929195035188538,0.0005946527044854554,0.0005929195035188538
343,28,16,44,1360,293,97,3,1,24,2,0,11,7,21,5,23,8,7,1676,1471,215,2,58,123,304,142,63,1,2,1,1,6,4,0,8,29,5,5,5,0.0209680342318136,0.0038014827683537965,0.0005727213075508605,0.026030216641071562,0.016759781649217424,0.020429426545996856,0.0003130261774401408,0.00010481659506645058,0.0005251313763831221,5.127221884808295e-05,0.0,0.00025835244652133715,0.0001670760507269622,0.0006804159064908957,0.00016618569203677384,0.00036596261876421776,0.0006608932682981313,0.0005690151575070535,59.665361338554646,29.16625359373451,3.4920170865208138,0.033416317187682745,1.7647416783301892,1.9550808259024368,4.505706239810286,0.9412638123835849,0.32423919588679423,1.946327527139883e-05,3.901169640879389e-05,4.294379546110707e-05,4.306131871499169e-05,7.637251626553211e-05,5.202050232037451e-05,0.0,0.0004216609996306777,0.0015285211236612066,0.0002470497931328557,0.0002477719602022731,0.0002470497931328557
344,31,9,56,1334,296,81,1,0,12,1,1,8,4,10,7,28,7,7,1782,1478,198,5,63,135,323,128,47,3,5,0,3,5,1,0,7,27,8,8,8,0.023214609328079342,0.0021383340571990103,0.0007289180277920043,0.02553258014646284,0.016931383509107025,0.017059624229131393,0.00010434205914671361,0.0,0.00026256568819156106,2.5636109424041476e-05,2.561613267148419e-05,0.0001878926883791543,9.547202898683554e-05,0.0003240075745194741,0.00023265996885148336,0.00044551970979991726,0.0005782816097608649,0.0005690151575070535,63.438946244215025,29.305046098939226,3.21590410758661,0.08354079296920687,1.9168745816345159,2.1458204186734062,4.787312879798429,0.84846315482464,0.2418927334393544,5.838982581419649e-05,9.752924102198473e-05,0.0,0.00012918395614497504,6.36437635546101e-05,1.3005125580093628e-05,0.0,0.000368953374676843,0.0014231058737535372,0.00039527966901256915,0.00039643513632363694,0.00039527966901256915
345,37,9,47,1265,300,91,2,0,23,4,1,7,7,9,4,25,8,9,1776,1424,208,4,56,134,336,145,65,1,4,0,1,5,4,2,1,22,7,7,7,0.02770775952061083,0.0021383340571990103,0.0006117704876111465,0.024211929449232006,0.01716018598895982,0.019165750677172307,0.00020868411829342721,0.0,0.0005032509023671588,0.0001025444376961659,2.561613267148419e-05,0.00016440610233176,0.0001670760507269622,0.0002916068170675267,0.00013294855362941906,0.00039778545517849754,0.0006608932682981313,0.0007315909167947832,63.22534709861161,28.23436105878854,3.378323506959671,0.06683263437536549,1.7038885170084586,2.1299254526091587,4.979991107158737,0.9611496675747875,0.3345325036927242,1.946327527139883e-05,7.802339281758778e-05,0.0,4.306131871499169e-05,6.36437635546101e-05,5.202050232037451e-05,0.07298470970331716,5.270762495383471e-05,0.0011595677489843637,0.000345869710385998,0.0003468807442831823,0.000345869710385998
346,32,10,39,1159,284,63,0,0,12,3,0,10,7,11,3,26,4,5,1888,1554,212,2,61,153,320,135,61,1,2,0,2,5,0,0,9,30,11,11,11,0.02396346769350126,0.0023759267302211227,0.0005076393407837173,0.022183103740442602,0.016244976069548632,0.01326859662265775,0.0,0.0,0.00026256568819156106,7.690832827212443e-05,0.0,0.00023486586047394284,0.0001670760507269622,0.0003564083319714215,9.97114152220643e-05,0.00041369687338563743,0.00033044663414906564,0.000406439398219324,67.2125311498754,30.811936155447604,3.4432912667088957,0.033416317187682745,1.8560214203127852,2.4319298078298606,4.742848673484512,0.8948634836041125,0.31394588808086427,1.946327527139883e-05,3.901169640879389e-05,0.0,8.612263742998338e-05,6.36437635546101e-05,0.0,0.0,0.0004743686245845124,0.0015812287486150413,0.0005435095448922826,0.0005450983124450008,0.0005435095448922826
347,27,11,42,1078,244,82,3,1,8,2,0,6,7,11,9,18,12,8,1829,1614,198,3,57,158,333,131,68,5,0,1,0,5,12,0,8,29,9,9,9,0.020219175866391687,0.002613519403243235,0.0005466885208440033,0.020632774661084666,0.013956951271020654,0.017270236873935484,0.0003130261774401408,0.00010481659506645058,0.0001750437921277074,5.127221884808295e-05,0.0,0.00014091951628436572,0.0001670760507269622,0.0003564083319714215,0.0002991342456661929,0.0002864055277285182,0.000991339902447197,0.0006503030371509184,65.1121395514418,32.00158620005948,3.21590410758661,0.05012447578152412,1.734315097669324,2.5114046381510975,4.93552690084482,0.8683490100158424,0.34997246540161914,9.731637635699415e-05,0.0,4.294379546110707e-05,0.0,6.36437635546101e-05,0.00015606150696112353,0.0,0.0004216609996306777,0.0015285211236612066,0.0004446896276391403,0.00044598952836409156,0.0004446896276391403
348,32,10,52,1133,268,65,4,3,28,1,0,8,21,7,4,21,10,8,1841,1579,186,5,46,144,367,165,68,5,4,3,2,5,5,0,0,13,7,7,7,0.02396346769350126,0.0023759267302211227,0.0006768524543782897,0.02168546724583388,0.01532976615013744,0.013689821912265933,0.00041736823658685443,0.00031444978519935173,0.0006126532724469759,2.5636109424041476e-05,0.0,0.0001878926883791543,0.0005012281521808866,0.00022680530216363188,0.00013294855362941906,0.00033413978234993793,0.0008261165853726641,0.0006503030371509184,65.53933784264864,31.307623674035888,3.0210008283389365,0.08354079296920687,1.3996227103998053,2.2888751132516334,5.43945457240255,1.0937220355161374,0.34997246540161914,9.731637635699415e-05,7.802339281758778e-05,0.0001288313863833212,8.612263742998338e-05,6.36437635546101e-05,6.502562790046813e-05,0.0,0.0,0.0006851991243998513,0.000345869710385998,0.0003468807442831823,0.000345869710385998
349,32,8,55,1072,228,64,2,0,14,4,0,4,16,18,5,29,7,10,1850,1598,187,4,59,162,405,150,75,1,3,1,5,8,5,1,12,33,7,7,7,0.02396346769350126,0.0019007413841768983,0.0007159016344385757,0.020517935470021113,0.013041741351609465,0.013479209267461842,0.00020868411829342721,0.0,0.00030632663622348795,0.0001025444376961659,0.0,9.394634418957715e-05,0.00038188811594734215,0.0005832136341350533,0.00016618569203677384,0.00046143112800705715,0.0005782816097608649,0.000812878796438648,65.85973656105375,31.68434618816298,3.0372427682762426,0.06683263437536549,1.7951682589910547,2.5749845024080873,6.002667852378835,0.994292759560125,0.38599904272237406,1.946327527139883e-05,5.851754461319084e-05,4.294379546110707e-05,0.00021530659357495843,0.00010183002168737614,6.502562790046813e-05,0.03649235485165858,0.0006324914994460166,0.0017393516234765454,0.000345869710385998,0.0003468807442831823,0.000345869710385998
350,24,2,49,1001,200,60,2,1,15,0,3,10,3,13,4,24,12,7,1971,1552,194,1,58,154,418,164,102,1,5,1,3,3,5,1,18,39,12,12,12,0.017972600770125944,0.00047518534604422456,0.0006378032743180038,0.01915900504243576,0.011440123992639882,0.012636758688245478,0.00020868411829342721,0.00010481659506645058,0.00032820711023945137,0.0,7.684839801445258e-05,0.00023486586047394284,7.160402174012665e-05,0.0004212098468753163,0.00013294855362941906,0.00038187403697135765,0.000991339902447197,0.0005690151575070535,70.16731933072268,30.77228115396054,3.1509363478373857,0.016708158593841373,1.7647416783301892,2.4478247738941077,6.195346079739143,1.08709341711907,0.5249586981024288,1.946327527139883e-05,9.752924102198473e-05,4.294379546110707e-05,0.00012918395614497504,3.8186258132766054e-05,6.502562790046813e-05,0.03649235485165858,0.0009487372491690248,0.002055597373199554,0.0005929195035188538,0.0005946527044854554,0.0005929195035188538
351,16,9,64,776,180,43,0,4,13,3,1,7,0,9,10,28,0,9,1946,1611,174,7,66,195,431,165,100,3,3,3,1,10,13,0,0,20,12,12,12,0.01198173384675063,0.0021383340571990103,0.0008330491746194335,0.014852535377552597,0.010296111593375894,0.009056343726575926,0.0,0.0004192663802658023,0.00028444616220752453,7.690832827212443e-05,2.561613267148419e-05,0.00016440610233176,0.0,0.0002916068170675267,0.0003323713840735477,0.00044551970979991726,0.0,0.0007315909167947832,69.27732289070843,31.942103697828887,2.8260975490912634,0.11695711015688962,2.008154323617112,3.0995183825282533,6.388024307099451,1.0937220355161374,0.5146653902964987,5.838982581419649e-05,5.851754461319084e-05,0.0001288313863833212,4.306131871499169e-05,0.0001272875271092202,0.00016906663254121716,0.0,0.0,0.0010541524990766943,0.0005929195035188538,0.0005946527044854554,0.0005929195035188538
352,14,0,59,616,146,26,1,1,9,3,1,7,9,15,1,30,7,6,2052,1592,186,3,65,201,459,170,99,4,4,0,1,8,5,0,8,29,10,10,10,0.0104840171159068,0.0,0.0007679672078522903,0.011790156949191237,0.008351290514627113,0.005475928764906373,0.00010434205914671361,0.00010481659506645058,0.0001969242661436708,7.690832827212443e-05,2.561613267148419e-05,0.00016440610233176,0.00021481206522037998,0.00048601136177921114,3.3237138407354764e-05,0.00047734254621419704,0.0005782816097608649,0.00048772727786318876,73.05090779636882,31.565381183701792,3.0210008283389365,0.05012447578152412,1.9777277429562465,3.194888178913738,6.8030235660293465,1.126865127501475,0.5095187363935337,7.785310108559533e-05,7.802339281758778e-05,0.0,4.306131871499169e-05,0.00010183002168737614,6.502562790046813e-05,0.0,0.0004216609996306777,0.0015285211236612066,0.0004940995862657114,0.0004955439204045462,0.0004940995862657114
353,9,3,64,579,117,18,3,1,21,0,0,10,17,15,4,27,8,6,2024,1719,194,5,69,206,466,169,99,4,3,1,3,8,7,0,23,44,13,13,13,0.0067397252887972285,0.0007127780190663368,0.0008330491746194335,0.011081981937632672,0.0066924725356943306,0.003791027606473643,0.0003130261774401408,0.00010481659506645058,0.0004594899543352319,0.0,0.0,0.00023486586047394284,0.00040575612319405105,0.00048601136177921114,0.00013294855362941906,0.0004296082915927774,0.0006608932682981313,0.00048772727786318876,72.05411178355287,34.08347377813026,3.1509363478373857,0.08354079296920687,2.099434065599708,3.2743630092349756,6.906773380761821,1.1202365091044075,0.5095187363935337,7.785310108559533e-05,5.851754461319084e-05,4.294379546110707e-05,0.00012918395614497504,0.00010183002168737614,9.103587906065539e-05,0.0,0.0012122753739381984,0.0023191354979687274,0.0006423294621454249,0.00064420709652591,0.0006423294621454249
354,8,2,57,456,77,22,2,0,21,1,0,6,1,14,8,35,10,13,2013,1693,185,1,58,239,579,206,98,1,6,3,0,8,4,0,0,20,10,10,10,0.005990866923375315,0.00047518534604422456,0.000741934421145433,0.008727778520829876,0.004404447737166355,0.004633478185690008,0.00020868411829342721,0.0,0.0004594899543352319,2.5636109424041476e-05,0.0,0.00014091951628436572,2.3868007246708885e-05,0.00045361060432726376,0.0002658971072588381,0.0005568996372498965,0.0008261165853726641,0.0010567424353702423,71.66251334994661,33.567958758798454,3.0047588884016307,0.016708158593841373,1.7647416783301892,3.7988968893551416,8.581591818586038,1.365495389795905,0.5043720824905688,1.946327527139883e-05,0.00011703508922638167,0.0001288313863833212,0.0,0.00010183002168737614,5.202050232037451e-05,0.0,0.0,0.0010541524990766943,0.0004940995862657114,0.0004955439204045462,0.0004940995862657114
355,12,3,79,364,62,22,1,1,12,1,3,3,0,17,7,18,5,11,2149,1697,159,5,54,246,589,191,134,4,2,3,2,9,0,1,16,36,16,16,16,0.008986300385062972,0.0007127780190663368,0.0010282950749208632,0.006966910924522095,0.003546438437718363,0.004633478185690008,0.00010434205914671361,0.00010481659506645058,0.00026256568819156106,2.5636109424041476e-05,7.684839801445258e-05,7.045975814218286e-05,0.0,0.000550812876683106,0.00023265996885148336,0.0002864055277285182,0.00041305829268633204,0.0008941666760825127,76.50409398362406,33.64726876177258,2.5824684500316715,0.08354079296920687,1.6430353556867279,3.9101616518048736,8.72980583963243,1.2660661138398925,0.6896516229973083,7.785310108559533e-05,3.901169640879389e-05,0.0001288313863833212,8.612263742998338e-05,0.00011455877439829817,0.0,0.03649235485165858,0.0008433219992613554,0.0018974744983380496,0.0007905593380251383,0.0007928702726472739,0.0007905593380251383
356,7,4,61,273,66,25,0,0,20,2,0,12,13,13,5,36,10,13,2082,1745,167,3,56,295,613,215,118,0,6,4,3,9,7,1,18,39,12,12,12,0.0052420085579534,0.0009503706920884491,0.0007939999945591476,0.0052251831933915706,0.0037752409175711606,0.005265316120102282,0.0,0.0,0.00043760948031926845,5.127221884808295e-05,0.0,0.00028183903256873144,0.0003102840942072155,0.0004212098468753163,0.00016618569203677384,0.0005728110554570364,0.0008261165853726641,0.0010567424353702423,74.1189035243859,34.59898879746208,2.7124039695301208,0.05012447578152412,1.7038885170084586,4.689014988952999,9.085519490143767,1.4251529553695124,0.6073051605498685,0.0,0.00011703508922638167,0.00017177518184442828,0.00012918395614497504,0.00011455877439829817,9.103587906065539e-05,0.03649235485165858,0.0009487372491690248,0.002055597373199554,0.0005929195035188538,0.0005946527044854554,0.0005929195035188538
357,8,3,70,239,56,11,1,3,14,5,1,10,4,11,5,46,9,7,2118,1766,196,2,54,312,705,235,141,5,6,0,4,9,1,1,4,25,16,16,16,0.005990866923375315,0.0007127780190663368,0.0009111475347400054,0.004574427777364782,0.0032032347179391666,0.002316739092845004,0.00010434205914671361,0.00031444978519935173,0.00030632663622348795,0.00012818054712020738,2.561613267148419e-05,0.00023486586047394284,9.547202898683554e-05,0.0003564083319714215,0.00016618569203677384,0.0007319252375284355,0.0007435049268353977,0.0005690151575070535,75.4004983980064,35.015366313076235,3.1834202277119976,0.033416317187682745,1.6430353556867279,4.959229412045206,10.449088483770565,1.5577253233108623,0.7256782003180633,9.731637635699415e-05,0.00011703508922638167,0.0,0.00017224527485996675,0.00011455877439829817,1.3005125580093628e-05,0.03649235485165858,0.00021083049981533884,0.0013176906238458678,0.0007905593380251383,0.0007928702726472739,0.0007905593380251383
358,3,2,99,192,38,15,2,0,16,4,1,11,10,25,5,36,4,10,2190,1804,161,0,54,318,771,215,138,3,11,1,5,10,16,0,12,33,10,10,10,0.002246575096265743,0.00047518534604422456,0.0012886229419894362,0.0036748541140336323,0.0021736235586015773,0.0031591896720613694,0.00020868411829342721,0.0,0.0003500875842554148,0.0001025444376961659,2.561613267148419e-05,0.00025835244652133715,0.00023868007246708887,0.0008100189362986852,0.00016618569203677384,0.0005728110554570364,0.00033044663414906564,0.000812878796438648,77.96368814524742,35.76881134133043,2.614952329906284,0.0,1.6430353556867279,5.05459920843069,11.427301022676746,1.4251529553695124,0.7102382386091683,5.838982581419649e-05,0.0002145643302483664,4.294379546110707e-05,0.00021530659357495843,0.0001272875271092202,0.00020808200928149805,0.0,0.0006324914994460166,0.0017393516234765454,0.0004940995862657114,0.0004955439204045462,0.0004940995862657114
359,5,3,104,196,57,5,3,5,29,1,4,13,0,28,4,37,12,11,2146,1849,166,0,55,390,876,276,174,3,7,7,4,8,10,1,16,36,16,16,16,0.0037442918271095717,0.0007127780190663368,0.0013537049087565794,0.003751413574742666,0.003260435337902366,0.0010530632240204564,0.0003130261774401408,0.0005240829753322528,0.0006345337464629393,2.5636109424041476e-05,0.00010246453068593676,0.0003053256186161257,0.0,0.0009072212086545275,0.00013294855362941906,0.0005887224736641764,0.000991339902447197,0.0008941666760825127,76.39729441082235,36.66104887478933,2.6961620295928146,0.0,1.6734619363475933,6.199036765056507,12.98354824366385,1.82949867759063,0.8955177791159078,5.838982581419649e-05,0.0001365409374307786,0.0003006065682277495,0.00017224527485996675,0.00010183002168737614,0.00013005125580093627,0.03649235485165858,0.0008433219992613554,0.0018974744983380496,0.0007905593380251383,0.0007928702726472739,0.0007905593380251383
360,4,1,103,151,26,13,5,1,16,9,1,10,16,29,7,34,12,18,2193,1837,168,1,52,390,920,288,192,1,9,5,0,7,8,0,22,43,25,25,25,0.0029954334616876573,0.00023759267302211228,0.0013406885154031507,0.0028901196417660336,0.0014872161190431846,0.0027379643824531866,0.000521710295733568,0.00010481659506645058,0.0003500875842554148,0.0002307249848163733,2.561613267148419e-05,0.00023486586047394284,0.00038188811594734215,0.0009396219661064748,0.00023265996885148336,0.0005409882190427566,0.000991339902447197,0.0014631818335895663,78.07048771804912,36.423118865866954,2.7286459094674265,0.016708158593841373,1.5821821943649972,6.199036765056507,13.63568993626797,1.90904209835544,0.9881575493692776,1.946327527139883e-05,0.0001755526338395725,0.00021471897730553535,0.0,8.910126897645413e-05,0.00010404100464074902,0.0,0.0011595677489843637,0.0022664278730148927,0.0012352489656642786,0.0012388598010113655,0.0012352489656642786
361,4,1,135,167,37,9,5,1,33,1,1,14,5,38,8,45,21,14,2221,1925,181,2,54,464,1058,295,189,4,10,9,4,7,17,0,26,47,20,20,20,0.0029954334616876573,0.00023759267302211228,0.0017572131027128676,0.00319635748460217,0.002116422938638378,0.0018955138032368216,0.000521710295733568,0.00010481659506645058,0.000722055642526793,2.5636109424041476e-05,2.561613267148419e-05,0.00032881220466352,0.00011934003623354444,0.0012312287831740016,0.0002658971072588381,0.0007160138193212956,0.0017348448292825946,0.001138030315014107,79.06728373086507,38.167938931297705,2.939791128652406,0.033416317187682745,1.6430353556867279,7.375264253810818,15.681043426708166,1.9554424271349125,0.9727175876603826,7.785310108559533e-05,0.00019505848204396945,0.00038649415914996364,0.00017224527485996675,8.910126897645413e-05,0.00022108713486159167,0.0,0.0013703982487997025,0.0024772583728302315,0.000988199172531423,0.0009910878408090924,0.000988199172531423
362,5,2,100,160,40,13,4,0,28,3,3,18,1,30,9,64,10,13,2309,1940,150,1,57,489,1112,377,208,7,13,1,7,10,3,0,9,30,11,11,11,0.0037442918271095717,0.00047518534604422456,0.0013016393353428649,0.0030623784283613604,0.002288024798527976,0.0027379643824531866,0.00041736823658685443,0.0,0.0006126532724469759,7.690832827212443e-05,7.684839801445258e-05,0.0004227585488530971,2.3868007246708885e-05,0.0009720227235584223,0.0002991342456661929,0.0010183307652569537,0.0008261165853726641,0.0010567424353702423,82.2000711997152,38.465351442450675,2.4362909905959165,0.016708158593841373,1.734315097669324,7.772638405417005,16.48139914035868,2.4989891356944476,1.0705040118167175,0.00013624292689979182,0.0002535760266571603,4.294379546110707e-05,0.0003014292310049418,0.0001272875271092202,3.9015376740280884e-05,0.0,0.0004743686245845124,0.0015812287486150413,0.0005435095448922826,0.0005450983124450008,0.0005435095448922826
363,1,1,134,143,36,10,5,0,18,2,4,11,10,55,7,59,17,15,2314,2030,166,2,64,566,1254,424,241,5,9,8,12,15,8,0,18,39,13,13,13,0.0007488583654219143,0.00023759267302211228,0.001744196709359439,0.0027370007203479656,0.0020592223186751786,0.002106126448040913,0.000521710295733568,0.0,0.0003938485322873416,5.127221884808295e-05,0.00010246453068593676,0.00025835244652133715,0.00023868007246708887,0.0017820416598571076,0.00023265996885148336,0.0009387736742212542,0.001404398195133529,0.0012193181946579719,82.37807048771805,40.24982650936849,2.6961620295928146,0.033416317187682745,1.9473011622953813,8.996550792364058,18.58603823921743,2.81053420035662,1.2403435906145621,9.731637635699415e-05,0.0001755526338395725,0.00034355036368885657,0.0005167358245799002,0.00019093129066383028,0.00010404100464074902,0.0,0.0009487372491690248,0.002055597373199554,0.0006423294621454249,0.00064420709652591,0.0006423294621454249
364,5,1,152,136,42,7,3,3,61,10,1,15,3,52,7,57,21,21,2334,2150,145,1,64,618,1332,461,238,5,16,5,8,14,12,0,8,29,15,15,15,0.0037442918271095717,0.00023759267302211228,0.0019784917897211545,0.002603021664107156,0.002402426038454375,0.001474288513628639,0.0003130261774401408,0.00031444978519935173,0.0013347089149737688,0.00025636109424041477,2.561613267148419e-05,0.0003522987907109143,7.160402174012665e-05,0.0016848393875012653,0.00023265996885148336,0.0009069508378069744,0.0017348448292825946,0.0017070454725211606,83.09006763972944,42.629126598592244,2.355081290909386,0.016708158593841373,1.9473011622953813,9.823089027704926,19.74210760337928,3.0557930810481175,1.224903628905667,9.731637635699415e-05,0.0003120935712703511,0.00021471897730553535,0.0003444905497199335,0.00017820253795290827,0.00015606150696112353,0.0,0.0004216609996306777,0.0015285211236612066,0.0007411493793985672,0.0007433158806068193,0.0007411493793985672
365,4,2,189,152,36,7,5,1,41,6,4,16,4,56,12,82,8,18,2424,2096,155,1,68,624,1438,487,258,7,15,7,9,15,9,0,10,31,18,18,18,0.0029954334616876573,0.00047518534604422456,0.0024600983437980148,0.0029092595069432924,0.0020592223186751786,0.001474288513628639,0.000521710295733568,0.00010481659506645058,0.0008970994346545004,0.00015381665654424885,0.00010246453068593676,0.0003757853767583086,9.547202898683554e-05,0.001814442417309055,0.0003988456608882572,0.001304736292985472,0.0006608932682981313,0.0014631818335895663,86.29405482378071,41.55844155844156,2.5175006902824473,0.016708158593841373,2.0690074849388425,9.918458824090411,21.313176226471025,3.2281371593718724,1.3278367069649668,0.00013624292689979182,0.0002925877230659542,0.0003006065682277495,0.0003875518684349252,0.00019093129066383028,0.00011704613022084264,0.0,0.0005270762495383471,0.001633936373568876,0.0008893792552782806,0.0008919790567281831,0.0008893792552782806
366,1,0,225,121,25,8,10,0,52,8,1,22,0,82,14,98,13,26,2391,2122,130,1,56,742,1541,503,273,5,29,5,10,21,14,0,17,38,32,32,32,0.0007488583654219143,0.0,0.002928688504521446,0.0023159236864482785,0.0014300154990799852,0.0016849011584327302,0.001043420591467136,0.0,0.0011377846488300981,0.0002050888753923318,2.561613267148419e-05,0.0005167048930426743,0.0,0.0026568621110596878,0.0004653199377029667,0.0015593189842997104,0.0010739515609844634,0.0021134848707404846,85.11925952296191,42.07395657777337,2.1114521918497946,0.016708158593841373,1.7038885170084586,11.794064819671611,22.83978064324885,3.3341950537249523,1.4050365155094415,9.731637635699415e-05,0.0005656695979275114,0.00021471897730553535,0.00043061318714991687,0.0002673038069293624,0.00018207175812131078,0.0,0.0008960296242151901,0.002002889748245719,0.0015811186760502766,0.0015857405452945478,0.0015811186760502766
367,3,1,212,121,27,4,6,0,105,12,4,24,12,67,16,85,18,37,2473,2200,141,0,52,759,1630,585,290,9,18,3,14,18,17,2,26,47,37,36,37,0.002246575096265743,0.00023759267302211228,0.0027594753909268737,0.0023159236864482785,0.001544416739006384,0.0008424505792163651,0.0006260523548802816,0.0,0.0022974497716761596,0.0003076333130884977,0.00010246453068593676,0.0005636780651374629,0.0002864160869605066,0.0021708507492804764,0.0005317942145176762,0.0013524705476068916,0.0014870098536707954,0.003007651546822997,88.03844784620861,43.62050163576881,2.2901135311601615,0.0,1.5821821943649972,12.064279242763817,24.15888543056173,3.8777417622844874,1.4925296318598464,0.00017516947744258948,0.000351105267679145,0.0001288313863833212,0.0006028584620098836,0.00022911754879659634,0.00022108713486159167,0.07298470970331716,0.0013703982487997025,0.0024772583728302315,0.0018281684691831325,0.0017839581134563662,0.0018281684691831325
368,1,1,239,114,34,6,6,0,55,12,5,30,7,72,10,109,25,43,2405,2262,144,1,54,787,1654,633,364,18,31,1,9,18,16,1,16,36,42,42,42,0.0007488583654219143,0.00023759267302211228,0.003110918011469447,0.002181944630207469,0.0019448210787487799,0.0012636758688245476,0.0006260523548802816,0.0,0.0012034260708779882,0.0003076333130884977,0.00012808066335742095,0.0007045975814218286,0.0001670760507269622,0.0023328545365402134,0.0003323713840735477,0.0017343445845782494,0.00206529146343166,0.003495378824686186,85.61765752936988,44.84980668186775,2.33883935097208,0.016708158593841373,1.6430353556867279,12.509338292562745,24.51459908107307,4.1959154453437275,1.8733820206792555,0.00035033895488517896,0.0006046812943363054,4.294379546110707e-05,0.0003875518684349252,0.00022911754879659634,0.00020808200928149805,0.03649235485165858,0.0008433219992613554,0.0018974744983380496,0.002075218262315988,0.002081284465699094,0.002075218262315988
369,4,2,276,91,36,7,9,1,114,15,5,23,7,89,5,115,17,52,2471,2369,138,3,66,819,1799,696,376,10,24,5,17,23,5,0,17,38,40,40,40,0.0029954334616876573,0.00047518534604422456,0.003592524565546307,0.0017417277311305237,0.0020592223186751786,0.001474288513628639,0.0009390785323204224,0.00010481659506645058,0.0024943740378198303,0.0003845416413606222,0.00012808066335742095,0.0005401914790900686,0.0001670760507269622,0.0028836674132233196,0.00016618569203677384,0.0018298130938210887,0.001404398195133529,0.004226969741480969,87.96724813100748,46.971349261425594,2.2413877113482434,0.05012447578152412,2.008154323617112,13.017977206618665,26.66370238624574,4.61351840435898,1.9351418675148353,0.0001946327527139883,0.0004681403569055267,0.00021471897730553535,0.0007320424181548586,0.0002927613123512064,6.502562790046813e-05,0.0,0.0008960296242151901,0.002002889748245719,0.001976398345062846,0.0019821756816181847,0.001976398345062846
370,1,1,272,108,26,5,8,0,103,20,1,34,0,114,16,128,29,46,2529,2331,117,0,49,850,1888,760,340,1,36,5,23,22,9,0,14,35,47,47,47,0.0007488583654219143,0.00023759267302211228,0.0035404589921325925,0.0020671054391439183,0.0014872161190431846,0.0010530632240204564,0.0008347364731737089,0.0,0.0022536888236442325,0.0005127221884808295,2.561613267148419e-05,0.0007985439256114057,0.0,0.003693686349522005,0.0005317942145176762,0.0020366615305139075,0.0023957380975807257,0.0037392424636177803,90.03203987184051,46.21790423317141,1.900306972664815,0.0,1.4909024523824013,13.510721154610335,27.98280717355862,5.0377499817713,1.7498623270080957,1.946327527139883e-05,0.00070221053535829,0.00021471897730553535,0.0009904103304448088,0.0002800325596402844,0.00011704613022084264,0.0,0.000737906749353686,0.0018447668733842148,0.002322268055448844,0.002329056425901367,0.002322268055448844
371,4,0,283,93,18,1,12,1,66,22,3,37,3,117,26,150,17,63,2420,2401,120,2,42,895,2008,855,375,17,40,14,15,31,25,0,18,39,46,46,46,0.0029954334616876573,0.0,0.0036836393190203074,0.0017800074614850406,0.0010296111593375893,0.00021061264480409127,0.0012521047097605632,0.00010481659506645058,0.001444111285053586,0.0005639944073289125,7.684839801445258e-05,0.0008690036837535885,7.160402174012665e-05,0.003790888621877847,0.000864165598591224,0.0023867127310709855,0.001404398195133529,0.005121136417563482,86.15165539337843,47.6058292852186,1.9490327924767334,0.033416317187682745,1.277916387756344,14.225994627501471,29.76137542611531,5.667468729492712,1.9299952136118703,0.00033087567961378013,0.0007802339281758778,0.000601213136455499,0.0006459197807248753,0.00039459133403858256,0.00032512813950234066,0.0,0.0009487372491690248,0.002055597373199554,0.002272858096822273,0.0022795020338609124,0.002272858096822273
372,0,2,307,89,20,5,10,3,218,21,5,27,18,128,22,171,30,71,2500,2542,122,0,52,960,2003,948,385,9,30,9,36,37,29,1,26,47,35,34,35,0.0,0.00047518534604422456,0.003996032759502595,0.0017034480007760066,0.001144012399263988,0.0010530632240204564,0.001043420591467136,0.00031444978519935173,0.004769943335480026,0.000538358297904871,0.00012808066335742095,0.0006341378232796457,0.00042962413044075995,0.004147296953849269,0.0007312170449618048,0.002720852513420923,0.0024783497561179924,0.0057714394547144,88.99964400142399,50.4015068900565,1.9815166723513455,0.0,1.5821821943649972,15.259167421677555,29.687268415592115,6.2839302404199895,1.9814617526415201,0.00017516947744258948,0.0005851754461319084,0.00038649415914996364,0.0015502074737397007,0.0004709638503041147,0.0003771486418227152,0.03649235485165858,0.0013703982487997025,0.0024772583728302315,0.0017293485519299901,0.001684849329375457,0.0017293485519299901
373,4,1,332,87,29,6,8,8,110,26,9,44,7,126,20,169,20,80,2547,2537,125,2,47,1000,2183,967,388,4,44,16,24,24,22,0,38,59,46,45,46,0.0029954334616876573,0.00023759267302211228,0.004321442593338312,0.0016651682704214897,0.0016588179789327826,0.0012636758688245476,0.0008347364731737089,0.0008385327605316046,0.0024068521417559764,0.0006665388450250784,0.00023054519404335774,0.0010334097860853486,0.0001670760507269622,0.004082495438945373,0.0006647427681470954,0.0026890296770066434,0.0016522331707453282,0.006503030371509184,90.67283730865077,50.30236938633885,2.030242492163264,0.033416317187682745,1.4300492910606706,15.894966064247454,32.35512079442715,6.4098739899642725,1.9969017143504153,7.785310108559533e-05,0.0008582573209934656,0.0006871007273777131,0.0010334716491598003,0.00030549006506212843,0.00028611276276205983,0.0,0.002002889748245719,0.003109749872276248,0.002272858096822273,0.002229947641820458,0.002272858096822273
374,0,0,270,85,15,5,14,1,146,38,4,43,18,156,27,186,21,69,2614,2659,110,1,60,958,2120,1079,420,14,48,10,25,36,34,1,16,36,51,50,51,0.0,0.0,0.003514426205425735,0.0016268885400669726,0.0008580092994479911,0.0010530632240204564,0.0014607888280539904,0.00010481659506645058,0.00319454920633066,0.0009741721581135761,0.00010246453068593676,0.0010099232000379543,0.00042962413044075995,0.005054518162503796,0.0008974027369985786,0.002959523786528022,0.0017348448292825946,0.005608863695426671,93.05802776788893,52.72132447704966,1.7866133931036723,0.016708158593841373,1.82559483965192,15.227377489549061,31.42137246183489,7.152279250435832,2.161594639245295,0.00027248585379958365,0.0009362807138110534,0.0004294379546110707,0.001076532967874792,0.0004582350975931927,0.00044217426972318333,0.03649235485165858,0.0008433219992613554,0.0018974744983380496,0.0025199078899551283,0.002477719602022731,0.0025199078899551283
375,1,0,363,66,18,5,13,5,248,28,3,47,17,177,35,173,17,88,2628,2661,106,1,55,1076,2311,1150,430,7,51,7,43,38,35,0,27,48,77,77,77,0.0007488583654219143,0.0,0.0047249507872946,0.0012632311016990611,0.0010296111593375893,0.0010530632240204564,0.001356446768907277,0.0005240829753322528,0.005426357555958929,0.0007178110638731614,7.684839801445258e-05,0.0011038695442275315,0.00040575612319405105,0.005734934068994692,0.0011632998442574168,0.002752675349835203,0.001404398195133529,0.007153333408660102,93.5564257742969,52.760979478536726,1.7216456333544479,0.016708158593841373,1.6734619363475933,17.10298348513026,34.25226026382096,7.622911156627625,2.2130611782749448,0.00013624292689979182,0.0009947982584242443,0.0003006065682277495,0.0018516367047446425,0.0004836926030150367,0.000455179395303277,0.0,0.0014231058737535372,0.002529965997784066,0.003804566814245978,0.0038156881871150056,0.003804566814245978
376,0,3,350,82,18,5,10,4,131,40,9,59,16,170,27,206,22,91,2555,2592,109,2,64,980,2368,1128,447,10,53,18,24,51,14,1,49,70,60,60,60,0.0,0.0007127780190663368,0.004555737673700027,0.001569468944535197,0.0010296111593375893,0.0010530632240204564,0.001043420591467136,0.0004192663802658023,0.0028663420960912084,0.001025444376961659,0.00023054519404335774,0.001385708576796263,0.00038188811594734215,0.00550812876683106,0.0008974027369985786,0.0032777521506708197,0.001817456487819861,0.007397197047591696,90.95763616945533,51.39288192723307,1.7703714531663661,0.033416317187682745,1.9473011622953813,15.577066742962504,35.09708018378539,7.477081551892139,2.3005542946253494,0.0001946327527139883,0.001033809954833038,0.0007729883182999273,0.0010334716491598003,0.000649166388257023,0.00018207175812131078,0.03649235485165858,0.002582673622737901,0.0036895337467684297,0.002964597517594269,0.002973263522427277,0.002964597517594269
377,1,0,399,62,10,2,15,4,275,31,9,48,5,184,34,209,33,95,2571,2681,94,1,45,1094,2417,1216,494,13,70,18,45,56,21,0,20,40,67,67,67,0.0007488583654219143,0.0,0.005193540948018031,0.0011866716409900272,0.000572006199631994,0.00042122528960818255,0.001565130887200704,0.0004192663802658023,0.006017130354389942,0.0007947193921452858,0.00023054519404335774,0.0011273561302749258,0.00011934003623354444,0.0059617393711583234,0.001130062705850062,0.0033254864052922393,0.0027261847317297913,0.007722348566167155,91.52723389106444,53.15752949340735,1.5267423541067744,0.016708158593841373,1.36919612973894,17.389092874286714,35.823328886912705,8.06039997083408,2.542447028064704,0.0002530225785281848,0.0013654093743077863,0.0007729883182999273,0.001937759342174626,0.0007128101518116331,0.0002731076371819662,0.0,0.0010541524990766943,0.0021083049981533886,0.0033104672279802667,0.0033201442667104594,0.0033104672279802667
378,3,0,362,65,20,2,13,4,235,37,7,66,20,209,26,207,33,99,2715,2742,83,2,46,1111,2491,1255,485,22,50,1,41,48,29,0,22,43,98,98,98,0.002246575096265743,0.0,0.004711934393941171,0.0012440912365218027,0.001144012399263988,0.00042122528960818255,0.001356446768907277,0.0004192663802658023,0.005141911393751405,0.0009485360486895346,0.00017931292870038934,0.001550114679128023,0.00047736014493417775,0.006771758307457009,0.000864165598591224,0.0032936635688779596,0.0027261847317297913,0.008047500084742615,96.65361338554646,54.367007038762765,1.3480810147964073,0.033416317187682745,1.3996227103998053,17.65930729737892,36.920112642655994,8.318916088319712,2.496127142938019,0.0004281920559707743,0.0009752924102198473,4.294379546110707e-05,0.0017655140673146592,0.0006109801301242569,0.0003771486418227152,0.0,0.0011595677489843637,0.0022664278730148927,0.004842175945403972,0.0048563304199645526,0.004842175945403972
379,1,0,359,50,11,4,16,5,152,42,7,54,34,200,51,254,26,107,2548,2837,84,0,47,1152,2515,1364,482,16,66,12,48,56,27,0,17,38,88,88,88,0.0007488583654219143,0.0,0.004672885213880885,0.0009569932588629251,0.0006292068195951935,0.0008424505792163651,0.0016694729463474177,0.0005240829753322528,0.0033258320504264403,0.001076716595809742,0.00017931292870038934,0.0012682756465592915,0.0008115122463881021,0.006480151490389482,0.0016950940587750932,0.004041500224613535,0.0021479031219689268,0.008697803121893532,90.70843716625133,56.250619609398235,1.3643229547337132,0.0,1.4300492910606706,18.311000906013067,37.275826293167334,9.04143549360007,2.4806871812291242,0.0003114124043423813,0.0012873859814901984,0.0005153255455332848,0.0020669432983196007,0.0007128101518116331,0.00035113839066252796,0.0,0.0008960296242151901,0.002002889748245719,0.004348076359138261,0.004360786499560006,0.004348076359138261
380,3,0,380,48,10,1,25,5,502,41,5,62,5,220,42,283,27,98,2728,2877,108,1,51,1198,2692,1380,458,18,72,13,37,55,30,1,13,34,87,87,87,0.002246575096265743,0.0,0.004946229474302887,0.0009187135285084081,0.000572006199631994,0.00021061264480409127,0.00260855147866784,0.0005240829753322528,0.010983997956013639,0.0010510804863857006,0.00012808066335742095,0.0014561683349384458,0.00011934003623354444,0.00712816663942843,0.0013959598131089,0.004502931352620592,0.002230514780506193,0.007966212205098749,97.11641153435386,57.04371963913948,1.75412951322906,0.016708158593841373,1.551755613704132,19.04216934496845,39.89921446568845,9.14749338795315,2.3571674875579642,0.00035033895488517896,0.00140442107071658,0.0005582693409943919,0.0015932687924546923,0.000700081399100711,0.0003901537674028088,0.03649235485165858,0.0006851991243998513,0.0017920592484303801,0.004298666400511689,0.004311232107519551,0.004298666400511689
381,2,0,414,48,8,2,27,4,209,44,7,65,12,234,42,302,40,95,2662,2876,89,1,42,1315,2769,1491,504,13,72,8,39,68,25,0,43,64,88,88,88,0.0014977167308438287,0.0,0.00538878684831946,0.0009187135285084081,0.00045760495970559523,0.00042122528960818255,0.0028172355969612673,0.0004192663802658023,0.0045730190693363554,0.001127988814657825,0.00017931292870038934,0.0015266280930806286,0.0002864160869605066,0.007581777243755694,0.0013959598131089,0.004805248298556251,0.0033044663414906563,0.007722348566167155,94.76682093271627,57.02389213839595,1.4455326544202438,0.016708158593841373,1.277916387756344,20.9018803744854,41.040462427745666,9.883270030027642,2.593913567094354,0.0002530225785281848,0.00140442107071658,0.00034355036368885657,0.0016793914298846757,0.0008655551843426973,0.00032512813950234066,0.0,0.0022664278730148927,0.0033732879970454215,0.004348076359138261,0.004360786499560006,0.004348076359138261
382,0,0,443,50,9,3,28,9,296,49,7,68,20,269,40,296,34,112,2701,2903,81,1,34,1326,2850,1537,536,30,105,9,47,79,25,0,52,73,90,90,90,0.0,0.0,0.005766262255568891,0.0009569932588629251,0.0005148055796687946,0.0006318379344122738,0.0029215776561079807,0.0009433493555980551,0.006476620308725174,0.0012561693617780324,0.00017931292870038934,0.0015970878512228115,0.00047736014493417775,0.008715803754573852,0.0013294855362941907,0.004709779789313411,0.002808796390267058,0.009104242520112856,96.15521537913848,57.5592346584713,1.315597134921795,0.016708158593841373,1.0345037424694212,21.076725001192123,42.24099599822143,10.188186476292747,2.7586064919892332,0.000583898258141965,0.0020481140614616792,0.00038649415914996364,0.002023881979604609,0.0010055714641628395,0.00032512813950234066,0.0,0.002740796497599405,0.003847656621629934,0.004446896276391403,0.004459895283640916,0.004446896276391403
383,1,0,466,47,10,0,25,8,469,48,10,84,21,237,48,321,31,130,2742,2906,90,3,25,1463,2807,1586,492,12,83,16,69,74,42,2,34,55,115,115,115,0.0007488583654219143,0.0,0.00606563930269775,0.0008995736633311495,0.000572006199631994,0.0,0.00260855147866784,0.0008385327605316046,0.010261942313486845,0.0012305332523539908,0.0002561613267148419,0.00197287322798112,0.0005012281521808866,0.007678979516111536,0.0015953826435530288,0.005107565244491908,0.0025609614146552585,0.010567424353702422,97.61480954076184,57.61871716070189,1.46177459435755,0.05012447578152412,0.7606645165216334,23.254335351994026,41.60367570772195,10.512988777749054,2.532153720258774,0.00023355930325678597,0.0016189854009649464,0.0006871007273777131,0.0029712309913344265,0.0009419277006082294,0.0005462152743639324,0.07298470970331716,0.0017920592484303801,0.002898919372460909,0.0056821452420556815,0.005698755084652281,0.0056821452420556815
384,1,2,463,42,10,6,26,4,239,45,5,71,21,242,60,307,30,129,2593,2797,85,2,35,1395,2847,1646,460,14,73,21,58,71,36,0,26,47,116,116,116,0.0007488583654219143,0.00047518534604422456,0.0060265901226374645,0.0008038743374448571,0.000572006199631994,0.0012636758688245476,0.002712893537814554,0.0004192663802658023,0.005229433289815258,0.0011536249240818664,0.00012808066335742095,0.0016675476093649941,0.0005012281521808866,0.007840983303371274,0.0019942283044412858,0.00488480538959195,0.0024783497561179924,0.010486136474058558,92.31043075827696,55.45751957965698,1.3805648946710194,0.033416317187682745,1.0649303231302867,22.1734776596252,42.19653179190752,10.910705881573104,2.367460795363894,0.00027248585379958365,0.0014239269189209771,0.0009018197046832485,0.0024975564854695176,0.0009037414424754633,0.0004681845208833706,0.0,0.0013703982487997025,0.0024772583728302315,0.005731555200682253,0.005748309476692736,0.005731555200682253
385,0,1,529,34,12,0,29,4,495,62,8,77,20,229,51,289,36,120,2776,2829,74,1,26,1301,2831,1598,454,21,64,16,55,107,33,0,35,56,109,109,109,0.0,0.00023759267302211228,0.006885672083963755,0.000650755416026789,0.0006864074395583928,0.0,0.0030259197152546946,0.0004192663802658023,0.010830834637901895,0.0015894387842905716,0.00020492906137187353,0.0018084671256493599,0.00047736014493417775,0.007419773456495957,0.0016950940587750932,0.004598399861863432,0.0029740197073415907,0.009754545557263775,98.8252046991812,56.091999603449985,1.2019035553606523,0.016708158593841373,0.7910910971824986,20.679350849585937,41.95938935823329,10.592532198513865,2.3365808719461043,0.00040872878069937545,0.0012483742850814045,0.0006871007273777131,0.0023683725293245426,0.001361976540068656,0.0004291691441430897,0.0,0.0018447668733842148,0.002951626997414744,0.005385685490296255,0.005401428732409553,0.005385685490296255
386,0,1,458,34,5,0,37,7,403,55,1,91,23,267,55,355,42,132,2748,2781,83,1,32,1326,2649,1649,440,26,89,16,52,74,39,1,43,64,108,108,108,0.0,0.00023759267302211228,0.005961508155870321,0.000650755416026789,0.000286003099815997,0.0,0.003860656188428403,0.000733716165465154,0.00881783102843326,0.0014099860183222812,2.561613267148419e-05,0.00213727933031288,0.0005489641666743043,0.008651002239669959,0.001828042612404512,0.005648553463534665,0.003469689658565189,0.010730000112990152,97.82840868636525,55.14027956776048,1.3480810147964073,0.016708158593841373,0.9736505811476907,21.076725001192123,39.26189417518897,10.930591736764306,2.2645277173045946,0.0005060451570563696,0.0017360204901913283,0.0006871007273777131,0.0022391885731795676,0.0009419277006082294,0.0005071998976236515,0.03649235485165858,0.0022664278730148927,0.0033732879970454215,0.005336275531669684,0.005351874340369099,0.005336275531669684
387,0,0,501,46,11,3,36,3,264,49,10,81,10,242,57,326,36,133,2777,2894,96,0,23,1398,2597,1628,416,31,84,10,60,81,39,0,42,62,127,125,127,0.0,0.0,0.006521213070067753,0.0008804337981538911,0.0006292068195951935,0.0006318379344122738,0.0037563141292816897,0.00031444978519935173,0.005776445140214344,0.0012561693617780324,0.0002561613267148419,0.001902413469838937,0.00023868007246708887,0.007840983303371274,0.0018945168892192216,0.005187122335527608,0.0029740197073415907,0.010811287992634018,98.86080455678177,57.380787151779515,1.5592262339813867,0.0,0.6998113551999027,22.22116255781794,38.49118126574774,10.79139075042589,2.141008023633435,0.0006033615334133638,0.0016384912491693435,0.0004294379546110707,0.002583679122899501,0.0010310289695846836,0.0005071998976236515,0.0,0.002213720248061058,0.003267872747137752,0.006275064745574536,0.006194299005056827,0.006275064745574536
388,2,0,519,24,7,4,27,8,645,61,5,103,29,255,64,335,34,129,2797,2705,88,1,21,1312,2383,1605,411,21,84,21,63,88,40,0,40,61,106,106,106,0.0014977167308438287,0.0,0.006755508150429469,0.00045935676425420404,0.0004004043397423958,0.0008424505792163651,0.0028172355969612673,0.0008385327605316046,0.014112905740296408,0.00156380267486653,0.00012808066335742095,0.0024191183628816115,0.0006921722101545577,0.008262193150246589,0.002127176858070705,0.0053303250993918675,0.002808796390267058,0.010486136474058558,99.57280170879316,53.633389511252105,1.4292907144829379,0.016708158593841373,0.638958193878172,20.85419547629266,35.31940121535497,10.638932527293337,2.11527475411861,0.00040872878069937545,0.0016384912491693435,0.0009018197046832485,0.002712863079044476,0.0011201302385611376,0.0005202050232037451,0.0,0.0021083049981533886,0.0032151651221839174,0.005237455614416541,0.0052527655562881895,0.005237455614416541
389,0,1,523,24,5,3,31,3,249,56,13,97,12,228,73,308,40,128,2825,2690,82,0,24,1163,2215,1478,347,16,70,16,54,80,31,0,57,78,116,116,116,0.0,0.00023759267302211228,0.006807573723843183,0.00045935676425420404,0.000286003099815997,0.0006318379344122738,0.0032346038335481215,0.00031444978519935173,0.005448238029974893,0.0014356221277463227,0.0003330097247292945,0.002278198846597246,0.0002864160869605066,0.00738737269904401,0.002426311103736898,0.00490071680779909,0.0033044663414906563,0.010404848594414694,100.56959772160911,53.335977000099135,1.3318390748591011,0.0,0.730237935860768,18.48584553271979,32.8294056617756,9.797097990865765,1.7858889043288506,0.0003114124043423813,0.0013654093743077863,0.0006871007273777131,0.002325311210609551,0.0010183002168737615,0.00040315889298290244,0.0,0.0030043346223685785,0.004111194746399108,0.005731555200682253,0.005748309476692736,0.005731555200682253
390,1,0,566,26,7,1,32,3,378,50,14,69,26,258,70,306,25,117,2932,2579,67,0,26,1022,1958,1488,310,21,95,10,47,98,39,0,29,49,108,108,108,0.0007488583654219143,0.0,0.007367278638040615,0.000497636494608721,0.0004004043397423958,0.00021061264480409127,0.0033389458926948354,0.00031444978519935173,0.008270819178034175,0.001281805471202074,0.0003586258574007787,0.0016205744372702058,0.000620568188414431,0.008359395422602433,0.0023265996885148336,0.00486889397138481,0.00206529146343166,0.009510681918332181,104.37878248487006,51.13512441756716,1.0882099757995094,0.0,0.7910910971824986,16.244655317660897,29.020305320883356,9.86338417483644,1.595462709919146,0.00040872878069937545,0.00185305557941771,0.0004294379546110707,0.002023881979604609,0.0012474177656703579,0.0005071998976236515,0.0,0.0015285211236612066,0.002582673622737901,0.005336275531669684,0.005351874340369099,0.005336275531669684
391,2,0,559,26,4,0,37,12,462,58,14,66,36,233,81,295,22,123,2793,2413,67,0,26,850,1717,1311,287,29,88,12,48,72,34,0,39,60,97,97,97,0.0014977167308438287,0.0,0.007276163884566615,0.000497636494608721,0.00022880247985279762,0.0,0.003860656188428403,0.001257799140797407,0.010108778995375102,0.0014868943465944056,0.0003586258574007787,0.001550114679128023,0.0008592482608815199,0.007549376486303746,0.0026922082109957363,0.004693868371106271,0.001817456487819861,0.009998409196195369,99.43040227839089,47.84375929414097,1.0882099757995094,0.0,0.7910910971824986,13.510721154610335,25.448347413665335,8.690118718555492,1.4770896701509515,0.0005644349828705661,0.0017165146419869312,0.0005153255455332848,0.0020669432983196007,0.0009164701951863854,0.00044217426972318333,0.0,0.002055597373199554,0.0031624574972300827,0.004792765986777401,0.0048067760279240975,0.004792765986777401
392,1,0,436,39,3,0,25,4,230,53,12,73,27,189,57,306,29,134,2826,2460,57,0,15,679,1521,1310,220,26,69,16,55,84,26,0,40,61,77,77,77,0.0007488583654219143,0.0,0.005675147502094891,0.0007464547419130816,0.0001716018598895982,0.0,0.00260855147866784,0.0004192663802658023,0.005032509023671587,0.0013587137994741983,0.0003073935920578103,0.0017145207814597827,0.0006444361956611399,0.006123743158418061,0.0018945168892192216,0.00486889397138481,0.0023957380975807257,0.010892575872277882,100.60519757920969,48.77565182908694,0.9257905764264484,0.0,0.45639870991298,10.792681957624021,22.54335260115607,8.683490100158425,1.1322638586522973,0.0005060451570563696,0.0013459035261033892,0.0006871007273777131,0.0023683725293245426,0.0010692152277174496,0.0003381332650824343,0.0,0.0021083049981533886,0.0032151651221839174,0.003804566814245978,0.0038156881871150056,0.003804566814245978
393,2,1,419,21,8,4,22,4,468,41,12,85,21,188,65,280,27,111,2835,2312,84,2,17,557,1203,1239,174,12,62,22,49,88,53,0,53,74,98,98,98,0.0014977167308438287,0.00023759267302211228,0.005453868815086604,0.00040193716872242855,0.00045760495970559523,0.0008424505792163651,0.002295525301227699,0.0004192663802658023,0.010240061839470882,0.0010510804863857006,0.0003073935920578103,0.0019963598140285144,0.0005012281521808866,0.006091342400966113,0.0021604139964780597,0.004455197097999172,0.002230514780506193,0.009022954640468992,100.92559629761482,45.841181719044314,1.3643229547337132,0.033416317187682745,0.5172518712347106,8.853496097785833,17.830146731880838,8.212858193966632,0.8955177791159078,0.00023355930325678597,0.0012093625886726107,0.0009447635001443556,0.0021100046170345927,0.0011201302385611376,0.0006892716557449622,0.0,0.0027935041225532397,0.0039003642465837685,0.004842175945403972,0.0048563304199645526,0.004842175945403972
394,2,0,397,33,11,0,29,7,319,49,8,83,22,176,49,281,20,105,2921,2163,61,0,19,388,975,1179,115,9,66,17,51,81,23,0,36,57,88,87,88,0.0014977167308438287,0.0,0.005167508161311174,0.0006316155508495306,0.0006292068195951935,0.0,0.0030259197152546946,0.000733716165465154,0.006979871211092332,0.0012561693617780324,0.00020492906137187353,0.0019493866419337256,0.0005250961594275955,0.005702533311542744,0.0016286197819603836,0.004471108516206313,0.0016522331707453282,0.008535227362605802,103.9871840512638,42.88688410825815,0.9907583361756728,0.0,0.5781050325564413,6.167246832928012,14.450867052023122,7.815141090142582,0.5918651988409735,0.00017516947744258948,0.0012873859814901984,0.0007300445228388202,0.002196127254464576,0.0010310289695846836,0.0002991178883421534,0.0,0.0018974744983380496,0.0030043346223685785,0.004348076359138261,0.004311232107519551,0.004348076359138261
395,0,1,315,19,8,2,28,3,224,57,16,60,26,153,72,237,25,78,2916,2002,66,1,23,279,708,1009,87,25,68,12,46,88,44,0,55,75,112,112,112,0.0,0.00023759267302211228,0.0041001639063300245,0.00036365743836791156,0.00045760495970559523,0.00042122528960818255,0.0029215776561079807,0.00031444978519935173,0.004901226179575807,0.0014612582371703643,0.00040985812274374706,0.0014091951628436572,0.000620568188414431,0.004957315890147954,0.002393073965329543,0.0037710061150921566,0.00206529146343166,0.006340454612221454,103.80918476326094,39.69465648854962,1.0719680358622032,0.016708158593841373,0.6998113551999027,4.43469553192504,10.493552690084481,6.688275962641107,0.4477588895579539,0.00048658188178497076,0.0013263976778989924,0.0005153255455332848,0.0019808206608896177,0.0011201302385611376,0.0005722255255241197,0.0,0.002898919372460909,0.003953071871537603,0.005533915366175968,0.005550091908530917,0.005533915366175968
396,1,1,257,23,6,1,40,1,484,47,7,50,34,155,55,229,7,91,2765,1856,84,0,14,180,498,988,79,13,82,20,46,76,33,1,47,68,98,98,98,0.0007488583654219143,0.00023759267302211228,0.0033452130918311626,0.00044021689907694554,0.0003432037197791964,0.00021061264480409127,0.004173682365868544,0.00010481659506645058,0.010590149423726297,0.0012048971429299495,0.00017931292870038934,0.0011743293023697143,0.0008115122463881021,0.005022117405051848,0.001828042612404512,0.0036437147694350375,0.0005782816097608649,0.007397197047591696,98.43360626557494,36.79984137999405,1.3643229547337132,0.0,0.42597212925211464,2.8610938915645416,7.381058248110271,6.549074976302689,0.40658565833423405,0.0002530225785281848,0.0015994795527605496,0.0008588759092221414,0.0019808206608896177,0.0009673852060300734,0.0004291691441430897,0.03649235485165858,0.0024772583728302315,0.0035841184968607603,0.004842175945403972,0.0048563304199645526,0.004842175945403972
397,0,0,204,22,4,3,30,3,171,53,16,61,21,122,78,197,16,79,2907,1804,73,0,13,114,381,811,50,5,69,13,48,77,10,1,49,70,78,78,78,0.0,0.0,0.0026553442440994442,0.00042107703389968705,0.00022880247985279762,0.0006318379344122738,0.003130261774401408,0.00031444978519935173,0.0037415610567297455,0.0013587137994741983,0.00040985812274374706,0.0014326817488910515,0.0005012281521808866,0.0039528924091375844,0.002592496795773672,0.0031345493868065607,0.0013217865365962626,0.006421742491865319,103.48878604485581,35.76881134133043,1.1856616154233461,0.0,0.3955455485912493,1.8120261313242096,5.646954201867497,5.375809520021742,0.25733269514824936,9.731637635699415e-05,0.0013459035261033892,0.0005582693409943919,0.0020669432983196007,0.0009801139587409954,0.00013005125580093627,0.03649235485165858,0.002582673622737901,0.0036895337467684297,0.0038539767728725492,0.00386524257915546,0.0038539767728725492
398,1,0,138,22,5,0,32,3,265,41,7,49,21,120,77,154,14,53,2993,1730,74,2,11,67,248,732,26,5,54,13,31,65,21,0,46,66,64,64,64,0.0007488583654219143,0.0,0.0017962622827731535,0.00042107703389968705,0.000286003099815997,0.0,0.0033389458926948354,0.00031444978519935173,0.005798325614230307,0.0010510804863857006,0.00017931292870038934,0.00115084271632232,0.0005012281521808866,0.003888090894233689,0.002559259657366317,0.002450358403899545,0.0011565632195217298,0.004308257621124834,106.55037379850481,34.30157628630911,1.2019035553606523,0.033416317187682745,0.33469238726951867,1.0649627263045793,3.6757077219504968,4.8521486666534095,0.1338130014770897,9.731637635699415e-05,0.0010533158030374351,0.0005582693409943919,0.0013349008801647423,0.0008273689262099312,0.0002731076371819662,0.0,0.002424550747876397,0.003478703246953091,0.003162237352100553,0.0031714810905890956,0.003162237352100553
399,1,1,82,27,6,1,21,4,262,34,10,49,27,83,70,178,3,55,2825,1554,89,0,15,40,172,577,11,3,47,12,28,65,12,0,46,66,67,67,67,0.0007488583654219143,0.00023759267302211228,0.0010673442549811493,0.0005167763597859796,0.0003432037197791964,0.00021061264480409127,0.0021911832420809857,0.0004192663802658023,0.005732684192182417,0.0008716277204174102,0.0002561613267148419,0.00115084271632232,0.0006444361956611399,0.002689262868511635,0.0023265996885148336,0.0028322324408709024,0.00024783497561179925,0.004470833380412564,100.56959772160911,30.811936155447604,1.4455326544202438,0.0,0.45639870991298,0.6357986425698982,2.549281161997925,3.8247128151079473,0.05661319293261487,5.838982581419649e-05,0.0009167748656066564,0.0005153255455332848,0.0012057169240197673,0.0008273689262099312,0.00015606150696112353,0.0,0.002424550747876397,0.003478703246953091,0.0033104672279802667,0.0033201442667104594,0.0033104672279802667
400,1,1,47,19,4,1,24,1,125,26,9,47,23,80,66,127,0,65,2929,1338,70,0,17,33,117,501,8,8,46,7,21,52,16,0,27,48,43,43,43,0.0007488583654219143,0.00023759267302211228,0.0006117704876111465,0.00036365743836791156,0.00022880247985279762,0.00021061264480409127,0.0025042094195211265,0.00010481659506645058,0.002735059251995428,0.0006665388450250784,0.00023054519404335774,0.0011038695442275315,0.0005489641666743043,0.002592060596155793,0.0021936511348854145,0.0020207501123067676,0.0,0.005283712176851211,104.27198291206835,26.529195994844848,1.1369357956114279,0.0,0.5172518712347106,0.524533880120166,1.7341040462427746,3.3209378169308175,0.0411732312237199,0.00015570620217119065,0.0008972690174022596,0.0003006065682277495,0.0009042876930148254,0.000661895140967945,0.00020808200928149805,0.0,0.0014231058737535372,0.002529965997784066,0.0021246282209425593,0.0021308388577395486,0.0021246282209425593
401,1,1,29,22,9,2,21,1,238,27,8,40,26,60,65,136,9,52,2854,1243,87,0,17,16,81,416,2,7,32,7,14,44,10,1,23,44,39,38,39,0.0007488583654219143,0.00023759267302211228,0.0003774754072494308,0.00042107703389968705,0.0005148055796687946,0.00042122528960818255,0.0021911832420809857,0.00010481659506645058,0.005207552815799295,0.0006921749544491199,0.00020492906137187353,0.0009394634418957714,0.000620568188414431,0.0019440454471168446,0.0021604139964780597,0.0021639528761710266,0.0007435049268353977,0.004226969741480969,101.60199359202564,24.645583424209377,1.4130487745456317,0.0,0.5172518712347106,0.2543194570279593,1.200533570475767,2.7575052531800797,0.010293307805929975,0.00013624292689979182,0.0006241871425407022,0.0003006065682277495,0.0006028584620098836,0.0005600651192805688,0.00013005125580093627,0.03649235485165858,0.0012122753739381984,0.0023191354979687274,0.0019269883864362746,0.0018830668975372755,0.0019269883864362746
402,0,0,25,17,4,4,14,0,112,19,1,24,13,52,55,93,0,35,2935,1141,70,0,13,9,53,393,2,3,14,4,23,41,4,0,34,55,40,40,40,0.0,0.0,0.0003254098338357162,0.0003253777080133945,0.00022880247985279762,0.0008424505792163651,0.0014607888280539904,0.0,0.0024506130897879036,0.00048708607905678804,2.561613267148419e-05,0.0005636780651374629,0.0003102840942072155,0.0016848393875012653,0.001828042612404512,0.001479761893264011,0.0,0.0028450757875352678,104.48558205767176,22.623178348369187,1.1369357956114279,0.0,0.3955455485912493,0.1430546945782271,0.7855343115458723,2.6050470300475275,0.010293307805929975,5.838982581419649e-05,0.0002730818748615572,0.00017177518184442828,0.0009904103304448088,0.0005218788611478027,5.202050232037451e-05,0.0,0.0017920592484303801,0.002898919372460909,0.001976398345062846,0.0019821756816181847,0.001976398345062846
403,0,0,12,20,7,4,16,1,84,14,5,29,14,48,31,95,0,45,2973,952,64,0,14,13,54,281,1,0,18,1,16,41,5,0,36,57,41,41,41,0.0,0.0,0.0001561967202411438,0.00038279730354517005,0.0004004043397423958,0.0008424505792163651,0.0016694729463474177,0.00010481659506645058,0.0018379598173409277,0.0003589055319365807,0.00012808066335742095,0.0006811109953744343,0.0003341521014539244,0.0015552363576934757,0.0010303512906279977,0.0015115847296782907,0.0,0.0036579545839739154,105.83837664649342,18.875780707841777,1.0394841559875911,0.0,0.42597212925211464,0.2066345588352169,0.8003557136505114,1.8626417695759674,0.005146653902964988,0.0,0.000351105267679145,4.294379546110707e-05,0.000688981099439867,0.0005218788611478027,6.502562790046813e-05,0.0,0.0018974744983380496,0.0030043346223685785,0.002025808303689417,0.0020317300736586393,0.002025808303689417
404,0,0,3,24,9,1,12,0,143,16,4,20,16,42,42,82,3,20,2957,850,70,1,12,11,62,244,0,0,18,0,9,31,3,0,31,52,24,24,24,0.0,0.0,3.904918006028595e-05,0.00045935676425420404,0.0005148055796687946,0.00021061264480409127,0.0012521047097605632,0.0,0.0031289077842827696,0.0004101777507846636,0.00010246453068593676,0.0004697317209478857,0.00038188811594734215,0.0013608318129817913,0.0013959598131089,0.001304736292985472,0.00024783497561179925,0.001625757592877296,105.2687789248843,16.853375632001587,1.1369357956114279,0.016708158593841373,0.365118967930384,0.174844626706722,0.9189269304876242,1.61738288888447,0.0,0.0,0.000351105267679145,0.0,0.0003875518684349252,0.00039459133403858256,3.9015376740280884e-05,0.0,0.001633936373568876,0.002740796497599405,0.0011858390070377076,0.0011893054089709108,0.0011858390070377076
405,1,0,5,20,4,1,14,0,45,14,4,8,16,44,47,79,7,29,2824,753,73,0,10,11,33,228,0,0,18,3,10,31,0,0,18,39,27,27,27,0.0007488583654219143,0.0,6.508196676714324e-05,0.00038279730354517005,0.00022880247985279762,0.00021061264480409127,0.0014607888280539904,0.0,0.0009846213307183542,0.0003589055319365807,0.00010246453068593676,0.0001878926883791543,0.00038188811594734215,0.001425633327885686,0.001562145505145674,0.0012570020383640523,0.0005782816097608649,0.002357348509672079,100.53399786400854,14.930108059879052,1.1856616154233461,0.0,0.3042658066086533,0.174844626706722,0.48910626945309027,1.51132499453139,0.0,0.0,0.000351105267679145,0.0001288313863833212,0.00043061318714991687,0.00039459133403858256,0.0,0.0,0.0009487372491690248,0.002055597373199554,0.001334068882917421,0.0013379685850922747,0.001334068882917421
406,1,0,4,23,6,1,14,0,71,12,4,20,12,32,16,67,4,19,2915,693,80,1,7,12,41,224,0,0,14,0,5,33,3,1,26,47,24,24,24,0.0007488583654219143,0.0,5.206557341371459e-05,0.00044021689907694554,0.0003432037197791964,0.00021061264480409127,0.0014607888280539904,0.0,0.0015535136551334031,0.0003076333130884977,0.00010246453068593676,0.0004697317209478857,0.0002864160869605066,0.0010368242384623172,0.0005317942145176762,0.0010660650198783734,0.00033044663414906564,0.001544469713233431,103.77358490566037,13.740458015267174,1.2993551949844888,0.016708158593841373,0.21298606462605732,0.19073959277096944,0.607677486290203,1.48481052094312,0.0,0.0,0.0002730818748615572,0.0,0.00021530659357495843,0.00042004883946042664,3.9015376740280884e-05,0.03649235485165858,0.0013703982487997025,0.0024772583728302315,0.0011858390070377076,0.0011893054089709108,0.0011858390070377076
407,0,0,0,26,4,2,11,0,77,4,1,19,18,40,22,63,3,19,2883,620,85,0,15,2,41,194,0,1,13,0,5,19,0,0,3,23,22,22,22,0.0,0.0,0.0,0.000497636494608721,0.00022880247985279762,0.00042122528960818255,0.0011477626506138496,0.0,0.0016847964992291837,0.0001025444376961659,2.561613267148419e-05,0.0004462451349004914,0.00042962413044075995,0.0012960302980778964,0.0007312170449618048,0.0010024193470498139,0.00024783497561179925,0.001544469713233431,102.63438946244214,12.293050460989392,1.3805648946710194,0.0,0.45639870991298,0.03178993212849491,0.607677486290203,1.285951969031095,0.0,1.946327527139883e-05,0.0002535760266571603,0.0,0.00021530659357495843,0.00024184630150751835,0.0,0.0,0.00015812287486150414,0.0012122753739381984,0.0010870190897845652,0.0010901966248900016,0.0010870190897845652
408,1,0,1,18,4,2,12,0,37,7,0,14,7,34,13,48,7,15,2949,551,72,0,13,10,30,190,0,0,10,0,5,27,0,1,7,27,18,17,18,0.0007488583654219143,0.0,1.3016393353428648e-05,0.000344517573190653,0.00022880247985279762,0.00042122528960818255,0.0012521047097605632,0.0,0.0008095775385906467,0.00017945276596829034,0.0,0.00032881220466352,0.0001670760507269622,0.001101625753366212,0.000432082799295612,0.0007637480739427153,0.0005782816097608649,0.0012193181946579719,104.98398006407974,10.924952909685734,1.16941967548604,0.0,0.3955455485912493,0.15894966064247454,0.444642063139173,1.259437495442825,0.0,0.0,0.00019505848204396945,0.0,0.00021530659357495843,0.0003436763231948945,0.0,0.03649235485165858,0.000368953374676843,0.0014231058737535372,0.0008893792552782806,0.0008424246646877285,0.0008893792552782806
409,1,0,0,30,2,2,1,0,67,3,0,12,0,35,4,51,0,16,2952,515,82,0,9,8,29,177,0,0,11,0,7,17,1,0,0,14,14,14,14,0.0007488583654219143,0.0,0.0,0.000574195955317755,0.00011440123992639881,0.00042122528960818255,0.00010434205914671361,0.0,0.0014659917590695494,7.690832827212443e-05,0.0,0.00028183903256873144,0.0,0.0011340265108181593,0.00013294855362941906,0.000811482328564135,0.0,0.0013006060743018368,105.09077963688145,10.211162882918607,1.3318390748591011,0.0,0.273839225947788,0.12715972851397964,0.42982066103453387,1.1732654562809475,0.0,0.0,0.0002145643302483664,0.0,0.0003014292310049418,0.00021638879608567433,1.3005125580093628e-05,0.0,0.0,0.000737906749353686,0.000691739420771996,0.0006937614885663647,0.000691739420771996
410,1,1,2,20,5,2,6,0,48,3,0,18,0,26,6,49,0,18,2967,502,73,1,10,7,42,150,1,0,8,0,6,13,0,1,0,18,21,21,21,0.0007488583654219143,0.00023759267302211228,2.6032786706857296e-05,0.00038279730354517005,0.000286003099815997,0.00042122528960818255,0.0006260523548802816,0.0,0.0010502627527662442,7.690832827212443e-05,0.0,0.0004227585488530971,0.0,0.0008424196937506326,0.0001994228304441286,0.0007796594921498552,0.0,0.0014631818335895663,105.62477750088999,9.953405373252702,1.1856616154233461,0.016708158593841373,0.3042658066086533,0.11126476244973217,0.6224988883948421,0.994292759560125,0.005146653902964988,0.0,0.00015604678563517556,0.0,0.0002583679122899501,0.00016547378524198625,0.0,0.03649235485165858,0.0,0.0009487372491690248,0.001037609131157994,0.001040642232849547,0.001037609131157994
411,2,0,0,22,4,0,5,0,39,6,0,13,0,30,2,49,0,20,2971,438,69,1,10,5,33,173,1,0,8,0,4,14,0,0,0,18,18,18,18,0.0014977167308438287,0.0,0.0,0.00042107703389968705,0.00022880247985279762,0.0,0.000521710295733568,0.0,0.0008533384866225735,0.00015381665654424885,0.0,0.0003053256186161257,0.0,0.0009720227235584223,6.647427681470953e-05,0.0007796594921498552,0.0,0.001625757592877296,105.76717693129227,8.6844453256667,1.1206938556741217,0.016708158593841373,0.3042658066086533,0.07947483032123727,0.48910626945309027,1.1467509826926774,0.005146653902964988,0.0,0.00015604678563517556,0.0,0.00017224527485996675,0.00017820253795290827,0.0,0.0,0.0,0.0009487372491690248,0.0008893792552782806,0.0008919790567281831,0.0008893792552782806
412,3,0,1,22,4,2,4,0,64,9,1,15,0,21,2,54,0,20,2992,458,73,0,5,10,41,142,0,0,12,0,6,19,0,0,0,19,15,15,15,0.002246575096265743,0.0,1.3016393353428648e-05,0.00042107703389968705,0.00022880247985279762,0.00042122528960818255,0.00041736823658685443,0.0,0.0014003503370216591,0.0002307249848163733,2.561613267148419e-05,0.0003522987907109143,0.0,0.0006804159064908957,6.647427681470953e-05,0.0008592165831855547,0.0,0.001625757592877296,106.51477394090423,9.080995340537324,1.1856616154233461,0.0,0.15213290330432666,0.15894966064247454,0.607677486290203,0.9412638123835849,0.0,0.0,0.00023407017845276335,0.0,0.0002583679122899501,0.00024184630150751835,0.0,0.0,0.0,0.0010014448741228596,0.0007411493793985672,0.0007433158806068193,0.0007411493793985672
413,0,0,0,23,6,2,3,0,31,7,0,13,0,30,1,41,0,7,2948,410,80,0,10,12,30,153,0,0,5,0,5,14,0,1,0,21,18,18,18,0.0,0.0,0.0,0.00044021689907694554,0.0003432037197791964,0.00042122528960818255,0.0003130261774401408,0.0,0.0006782946944948661,0.00017945276596829034,0.0,0.0003053256186161257,0.0,0.0009720227235584223,3.3237138407354764e-05,0.000652368146492736,0.0,0.0005690151575070535,104.94838020647917,8.129275304847823,1.2993551949844888,0.0,0.3042658066086533,0.19073959277096944,0.444642063139173,1.0141786147513274,0.0,0.0,9.752924102198473e-05,0.0,0.00021530659357495843,0.00017820253795290827,0.0,0.03649235485165858,0.0,0.001106860124030529,0.0008893792552782806,0.0008919790567281831,0.0008893792552782806
414,1,0,1,29,3,3,4,0,52,6,0,15,0,25,0,63,0,17,3001,359,76,1,9,5,28,161,1,0,10,0,3,12,0,0,0,22,16,16,16,0.0007488583654219143,0.0,1.3016393353428648e-05,0.0005550560901404966,0.0001716018598895982,0.0006318379344122738,0.00041736823658685443,0.0,0.0011377846488300981,0.00015381665654424885,0.0,0.0003522987907109143,0.0,0.0008100189362986852,0.0,0.0010024193470498139,0.0,0.0013818939539457014,106.83517265930936,7.118072766927728,1.2343874352352644,0.016708158593841373,0.273839225947788,0.07947483032123727,0.41499925892989475,1.0672075619278674,0.005146653902964988,0.0,0.00019505848204396945,0.0,0.00012918395614497504,0.00015274503253106422,0.0,0.0,0.0,0.0011595677489843637,0.0007905593380251383,0.0007928702726472739,0.0007905593380251383
415,0,0,0,17,7,2,3,0,43,9,0,17,0,29,0,47,0,12,2866,418,83,1,11,11,30,156,1,0,7,0,8,16,0,1,0,22,19,19,19,0.0,0.0,0.0,0.0003253777080133945,0.0004004043397423958,0.00042122528960818255,0.0003130261774401408,0.0,0.0009408603826864272,0.0002307249848163733,0.0,0.0003992719628057029,0.0,0.0009396219661064748,0.0,0.0007478366557355754,0.0,0.0009754545557263775,102.02919188323247,8.287895310796074,1.3480810147964073,0.016708158593841373,0.33469238726951867,0.174844626706722,0.444642063139173,1.0340644699425299,0.005146653902964988,0.0,0.0001365409374307786,0.0,0.0003444905497199335,0.0002036600433747523,0.0,0.03649235485165858,0.0,0.0011595677489843637,0.0009387892139048518,0.0009415334487686377,0.0009387892139048518
416,0,0,0,14,5,4,3,0,22,6,0,10,0,20,0,47,0,12,2952,370,63,1,7,7,28,142,0,0,9,0,4,11,0,0,0,19,12,12,12,0.0,0.0,0.0,0.000267958112481619,0.000286003099815997,0.0008424505792163651,0.0003130261774401408,0.0,0.00048137042835119534,0.00015381665654424885,0.0,0.00023486586047394284,0.0,0.0006480151490389482,0.0,0.0007478366557355754,0.0,0.0009754545557263775,105.09077963688145,7.336175275106572,1.023242216050285,0.016708158593841373,0.21298606462605732,0.11126476244973217,0.41499925892989475,0.9412638123835849,0.0,0.0,0.0001755526338395725,0.0,0.00017224527485996675,0.0001400162798201422,0.0,0.0,0.0,0.0010014448741228596,0.0005929195035188538,0.0005946527044854554,0.0005929195035188538
417,3,0,0,23,3,1,5,0,45,7,0,8,0,17,0,49,0,15,2838,348,89,0,3,9,30,106,0,0,9,0,3,8,0,0,0,23,18,18,18,0.002246575096265743,0.0,0.0,0.00044021689907694554,0.0001716018598895982,0.00021061264480409127,0.000521710295733568,0.0,0.0009846213307183542,0.00017945276596829034,0.0,0.0001878926883791543,0.0,0.000550812876683106,0.0,0.0007796594921498552,0.0,0.0012193181946579719,101.03239587041652,6.899970258748884,1.4455326544202438,0.0,0.091279741982596,0.1430546945782271,0.444642063139173,0.702633550089155,0.0,0.0,0.0001755526338395725,0.0,0.00012918395614497504,0.00010183002168737614,0.0,0.0,0.0,0.0012122753739381984,0.0008893792552782806,0.0008919790567281831,0.0008893792552782806
418,0,0,0,16,5,2,3,0,32,5,0,13,0,26,0,40,0,14,2787,320,87,1,7,8,36,103,0,0,5,0,5,14,0,0,0,13,11,11,11,0.0,0.0,0.0,0.000306237842836136,0.000286003099815997,0.00042122528960818255,0.0003130261774401408,0.0,0.0007001751685108296,0.00012818054712020738,0.0,0.0003053256186161257,0.0,0.0008424196937506326,0.0,0.0006364567282855961,0.0,0.001138030315014107,99.21680313278748,6.344800237930008,1.4130487745456317,0.016708158593841373,0.21298606462605732,0.12715972851397964,0.5335704757670076,0.6827476948979525,0.0,0.0,9.752924102198473e-05,0.0,0.00021530659357495843,0.00017820253795290827,0.0,0.0,0.0,0.0006851991243998513,0.0005435095448922826,0.0005450983124450008,0.0005435095448922826
419,0,0,0,16,5,0,4,0,28,6,0,6,0,19,0,40,0,10,2794,331,91,0,9,7,33,127,1,0,7,0,4,13,0,0,0,19,8,8,8,0.0,0.0,0.0,0.000306237842836136,0.000286003099815997,0.0,0.00041736823658685443,0.0,0.0006126532724469759,0.00015381665654424885,0.0,0.00014091951628436572,0.0,0.0006156143915870008,0.0,0.0006364567282855961,0.0,0.000812878796438648,99.46600213599146,6.562902746108852,1.4780165342948561,0.0,0.273839225947788,0.11126476244973217,0.48910626945309027,0.8418345364275724,0.005146653902964988,0.0,0.0001365409374307786,0.0,0.00017224527485996675,0.00016547378524198625,0.0,0.0,0.0,0.0010014448741228596,0.00039527966901256915,0.00039643513632363694,0.00039527966901256915
420,3,1,0,21,6,3,4,0,54,9,0,11,0,20,0,37,0,16,2867,296,60,0,10,9,25,126,0,0,5,0,2,12,0,0,0,19,4,4,4,0.002246575096265743,0.00023759267302211228,0.0,0.00040193716872242855,0.0003432037197791964,0.0006318379344122738,0.00041736823658685443,0.0,0.0011815455968620249,0.0002307249848163733,0.0,0.00025835244652133715,0.0,0.0006480151490389482,0.0,0.0005887224736641764,0.0,0.0013006060743018368,102.06479174083304,5.868940220085258,0.9745163962383667,0.0,0.3042658066086533,0.1430546945782271,0.37053505261597747,0.8352059180305049,0.0,0.0,9.752924102198473e-05,0.0,8.612263742998338e-05,0.00015274503253106422,0.0,0.0,0.0,0.0010014448741228596,0.00019763983450628457,0.00019821756816181847,0.00019763983450628457
421,0,0,0,16,7,1,2,0,18,2,0,13,0,17,0,40,0,5,2739,325,88,0,2,3,29,116,0,0,7,0,4,11,0,0,0,16,11,11,11,0.0,0.0,0.0,0.000306237842836136,0.0004004043397423958,0.00021061264480409127,0.00020868411829342721,0.0,0.0003938485322873416,5.127221884808295e-05,0.0,0.0003053256186161257,0.0,0.000550812876683106,0.0,0.0006364567282855961,0.0,0.000406439398219324,97.50800996796013,6.443937741647665,1.4292907144829379,0.0,0.060853161321730666,0.04768489819274236,0.42982066103453387,0.7689197340598299,0.0,0.0,0.0001365409374307786,0.0,0.00017224527485996675,0.0001400162798201422,0.0,0.0,0.0,0.0008433219992613554,0.0005435095448922826,0.0005450983124450008,0.0005435095448922826
422,0,0,0,21,2,1,1,0,29,3,0,11,0,25,0,35,0,9,2669,313,88,0,12,10,30,99,3,0,2,0,3,15,0,0,0,19,16,16,16,0.0,0.0,0.0,0.00040193716872242855,0.00011440123992639881,0.00021061264480409127,0.00010434205914671361,0.0,0.0006345337464629393,7.690832827212443e-05,0.0,0.00025835244652133715,0.0,0.0008100189362986852,0.0,0.0005568996372498965,0.0,0.0007315909167947832,95.01601993592026,6.20600773272529,1.4292907144829379,0.0,0.365118967930384,0.15894966064247454,0.444642063139173,0.6562332213096824,0.015439961708894962,0.0,3.901169640879389e-05,0.0,0.00012918395614497504,0.00019093129066383028,0.0,0.0,0.0,0.0010014448741228596,0.0007905593380251383,0.0007928702726472739,0.0007905593380251383
423,1,0,0,27,5,0,3,0,32,5,0,7,0,20,0,26,0,12,2679,302,88,1,6,4,26,90,1,0,5,0,4,8,0,1,0,13,12,12,12,0.0007488583654219143,0.0,0.0,0.0005167763597859796,0.000286003099815997,0.0,0.0003130261774401408,0.0,0.0007001751685108296,0.00012818054712020738,0.0,0.00016440610233176,0.0,0.0006480151490389482,0.0,0.00041369687338563743,0.0,0.0009754545557263775,95.37201851192596,5.987905224546446,1.4292907144829379,0.016708158593841373,0.182559483965192,0.06357986425698982,0.3853564547206166,0.596575655736075,0.005146653902964988,0.0,9.752924102198473e-05,0.0,0.00017224527485996675,0.00010183002168737614,0.0,0.03649235485165858,0.0,0.0006851991243998513,0.0005929195035188538,0.0005946527044854554,0.0005929195035188538
424,0,0,1,21,1,1,3,0,19,8,0,11,0,22,0,34,0,7,2556,288,92,0,9,2,29,106,0,0,0,0,4,5,0,0,0,16,6,6,6,0.0,0.0,1.3016393353428648e-05,0.00040193716872242855,5.7200619963199404e-05,0.00021061264480409127,0.0003130261774401408,0.0,0.00041572900630330504,0.0002050888753923318,0.0,0.00025835244652133715,0.0,0.000712816663942843,0.0,0.0005409882190427566,0.0,0.0005690151575070535,90.99323602705589,5.710320214137008,1.4942584742321623,0.0,0.273839225947788,0.03178993212849491,0.42982066103453387,0.702633550089155,0.0,0.0,0.0,0.0,0.00017224527485996675,6.36437635546101e-05,0.0,0.0,0.0,0.0008433219992613554,0.0002964597517594269,0.0002973263522427277,0.0002964597517594269
425,0,0,1,28,10,1,4,0,49,6,0,6,0,7,0,30,0,11,2520,242,89,1,8,7,23,77,1,0,4,0,0,10,0,0,0,22,9,9,9,0.0,0.0,1.3016393353428648e-05,0.000535916224963238,0.000572006199631994,0.00021061264480409127,0.00041736823658685443,0.0,0.0010721432267822078,0.00015381665654424885,0.0,0.00014091951628436572,0.0,0.00022680530216363188,0.0,0.00047734254621419704,0.0,0.0008941666760825127,89.71164115343538,4.798255179934569,1.4455326544202438,0.016708158593841373,0.24341264528692266,0.11126476244973217,0.3408922484066993,0.5104036165741975,0.005146653902964988,0.0,7.802339281758778e-05,0.0,0.0,0.0001272875271092202,0.0,0.0,0.0,0.0011595677489843637,0.0004446896276391403,0.00044598952836409156,0.0004446896276391403
426,1,0,0,20,4,2,0,0,13,8,0,4,0,14,0,25,0,13,2564,275,84,0,6,11,33,85,0,0,3,0,3,4,0,0,0,18,11,11,11,0.0007488583654219143,0.0,0.0,0.00038279730354517005,0.00022880247985279762,0.00042122528960818255,0.0,0.0,0.00028444616220752453,0.0002050888753923318,0.0,9.394634418957715e-05,0.0,0.00045361060432726376,0.0,0.00039778545517849754,0.0,0.0010567424353702423,91.27803488786044,5.452562704471101,1.3643229547337132,0.0,0.182559483965192,0.174844626706722,0.48910626945309027,0.5634325637507375,0.0,0.0,5.851754461319084e-05,0.0,0.00012918395614497504,5.091501084368807e-05,0.0,0.0,0.0,0.0009487372491690248,0.0005435095448922826,0.0005450983124450008,0.0005435095448922826
427,2,0,0,19,5,0,2,0,12,5,0,2,0,13,0,28,0,6,2467,240,86,0,16,7,21,90,1,0,4,0,3,6,0,0,0,23,13,13,13,0.0014977167308438287,0.0,0.0,0.00036365743836791156,0.000286003099815997,0.0,0.00020868411829342721,0.0,0.00026256568819156106,0.00012818054712020738,0.0,4.697317209478857e-05,0.0,0.0004212098468753163,0.0,0.00044551970979991726,0.0,0.00048772727786318876,87.8248487006052,4.758600178447506,1.3968068346083256,0.0,0.4868252905738453,0.11126476244973217,0.31124944419742107,0.596575655736075,0.005146653902964988,0.0,7.802339281758778e-05,0.0,0.00012918395614497504,7.637251626553211e-05,0.0,0.0,0.0,0.0012122753739381984,0.0006423294621454249,0.00064420709652591,0.0006423294621454249
428,0,1,0,25,4,3,1,0,33,3,0,10,0,9,0,18,0,9,2432,232,93,0,8,7,22,87,1,0,5,0,5,8,0,1,0,15,9,9,9,0.0,0.00023759267302211228,0.0,0.00047849662943146254,0.00022880247985279762,0.0006318379344122738,0.00010434205914671361,0.0,0.000722055642526793,7.690832827212443e-05,0.0,0.00023486586047394284,0.0,0.0002916068170675267,0.0,0.0002864055277285182,0.0,0.0007315909167947832,86.57885368458527,4.599980172499256,1.5105004141694682,0.0,0.24341264528692266,0.11126476244973217,0.3260708463020602,0.5766898005448725,0.005146653902964988,0.0,9.752924102198473e-05,0.0,0.00021530659357495843,0.00010183002168737614,0.0,0.03649235485165858,0.0,0.0007906143743075207,0.0004446896276391403,0.00044598952836409156,0.0004446896276391403
429,1,0,0,22,4,1,0,0,12,5,0,3,0,11,1,39,0,10,2219,242,96,0,7,3,29,67,1,0,5,0,2,11,0,0,0,16,8,8,8,0.0007488583654219143,0.0,0.0,0.00042107703389968705,0.00022880247985279762,0.00021061264480409127,0.0,0.0,0.00026256568819156106,0.00012818054712020738,0.0,7.045975814218286e-05,0.0,0.0003564083319714215,3.3237138407354764e-05,0.0006205453100784562,0.0,0.000812878796438648,78.99608401566394,4.798255179934569,1.5592262339813867,0.0,0.21298606462605732,0.04768489819274236,0.42982066103453387,0.4441174326035225,0.005146653902964988,0.0,9.752924102198473e-05,0.0,8.612263742998338e-05,0.0001400162798201422,0.0,0.0,0.0,0.0008433219992613554,0.00039527966901256915,0.00039643513632363694,0.00039527966901256915
430,2,0,0,23,7,1,1,0,20,7,0,2,0,12,0,25,0,9,2165,224,81,0,9,6,23,80,1,0,0,0,0,5,0,0,0,16,9,9,9,0.0014977167308438287,0.0,0.0,0.00044021689907694554,0.0004004043397423958,0.00021061264480409127,0.00010434205914671361,0.0,0.00043760948031926845,0.00017945276596829034,0.0,4.697317209478857e-05,0.0,0.00038880908942336893,0.0,0.00039778545517849754,0.0,0.0007315909167947832,77.07369170523317,4.441360166551006,1.315597134921795,0.0,0.273839225947788,0.09536979638548472,0.3408922484066993,0.5302894717654,0.005146653902964988,0.0,0.0,0.0,0.0,6.36437635546101e-05,0.0,0.0,0.0,0.0008433219992613554,0.0004446896276391403,0.00044598952836409156,0.0004446896276391403
431,2,0,0,31,4,2,0,0,13,3,0,5,0,12,0,22,0,6,2114,216,77,0,4,2,19,67,0,0,7,0,2,10,0,0,0,19,8,8,8,0.0014977167308438287,0.0,0.0,0.0005933358204950136,0.00022880247985279762,0.00042122528960818255,0.0,0.0,0.00028444616220752453,7.690832827212443e-05,0.0,0.00011743293023697142,0.0,0.00038880908942336893,0.0,0.0003500512005570778,0.0,0.00048772727786318876,75.25809896760413,4.2827401606027555,1.2506293751725706,0.0,0.12170632264346133,0.03178993212849491,0.2816066399881429,0.4441174326035225,0.0,0.0,0.0001365409374307786,0.0,8.612263742998338e-05,0.0001272875271092202,0.0,0.0,0.0,0.0010014448741228596,0.00039527966901256915,0.00039643513632363694,0.00039527966901256915
432,0,0,0,26,4,1,0,0,7,1,0,10,0,13,0,24,0,8,2122,228,82,0,8,3,31,67,0,0,3,0,2,8,0,0,0,16,9,9,9,0.0,0.0,0.0,0.000497636494608721,0.00022880247985279762,0.00021061264480409127,0.0,0.0,0.00015316331811174397,2.5636109424041476e-05,0.0,0.00023486586047394284,0.0,0.0004212098468753163,0.0,0.00038187403697135765,0.0,0.0006503030371509184,75.54289782840868,4.520670169525131,1.3318390748591011,0.0,0.24341264528692266,0.04768489819274236,0.4594634652438121,0.4441174326035225,0.0,0.0,5.851754461319084e-05,0.0,8.612263742998338e-05,0.00010183002168737614,0.0,0.0,0.0,0.0008433219992613554,0.0004446896276391403,0.00044598952836409156,0.0004446896276391403
433,2,0,0,23,6,1,2,0,19,1,0,1,0,12,0,21,0,7,1935,229,90,1,7,6,31,54,0,0,2,0,2,1,0,0,0,17,4,4,4,0.0014977167308438287,0.0,0.0,0.00044021689907694554,0.0003432037197791964,0.00021061264480409127,0.00020868411829342721,0.0,0.00041572900630330504,2.5636109424041476e-05,0.0,2.3486586047394287e-05,0.0,0.00038880908942336893,0.0,0.00033413978234993793,0.0,0.0005690151575070535,68.88572445710217,4.540497670268662,1.46177459435755,0.016708158593841373,0.21298606462605732,0.09536979638548472,0.4594634652438121,0.357945393441645,0.0,0.0,3.901169640879389e-05,0.0,8.612263742998338e-05,1.2728752710922018e-05,0.0,0.0,0.0,0.0008960296242151901,0.00019763983450628457,0.00019821756816181847,0.00019763983450628457
434,1,0,0,11,6,0,1,0,11,1,0,2,0,15,0,21,0,4,1882,181,93,0,6,12,19,50,1,0,1,0,2,5,0,1,0,19,6,6,6,0.0007488583654219143,0.0,0.0,0.00021053851694984352,0.0003432037197791964,0.0,0.00010434205914671361,0.0,0.00024068521417559767,2.5636109424041476e-05,0.0,4.697317209478857e-05,0.0,0.00048601136177921114,0.0,0.00033413978234993793,0.0,0.0003251515185754592,66.99893200427198,3.588777634579161,1.5105004141694682,0.0,0.182559483965192,0.19073959277096944,0.2816066399881429,0.331430919853375,0.005146653902964988,0.0,1.9505848204396945e-05,0.0,8.612263742998338e-05,6.36437635546101e-05,0.0,0.03649235485165858,0.0,0.0010014448741228596,0.0002964597517594269,0.0002973263522427277,0.0002964597517594269
435,0,0,1,20,5,2,2,0,11,2,0,11,0,7,0,25,0,14,1861,214,92,0,9,6,18,69,0,0,1,0,2,8,0,0,0,14,6,6,6,0.0,0.0,1.3016393353428648e-05,0.00038279730354517005,0.000286003099815997,0.00042122528960818255,0.00020868411829342721,0.0,0.00024068521417559767,5.127221884808295e-05,0.0,0.00025835244652133715,0.0,0.00022680530216363188,0.0,0.00039778545517849754,0.0,0.001138030315014107,66.25133499466003,4.243085159115693,1.4942584742321623,0.0,0.273839225947788,0.09536979638548472,0.2667852378835038,0.4573746693976575,0.0,0.0,1.9505848204396945e-05,0.0,8.612263742998338e-05,0.00010183002168737614,0.0,0.0,0.0,0.000737906749353686,0.0002964597517594269,0.0002973263522427277,0.0002964597517594269
436,2,0,0,12,7,0,0,0,15,1,0,5,0,12,0,18,0,10,1706,181,90,0,5,6,25,55,0,0,5,0,0,3,0,0,0,21,14,14,14,0.0014977167308438287,0.0,0.0,0.00022967838212710202,0.0004004043397423958,0.0,0.0,0.0,0.00032820711023945137,2.5636109424041476e-05,0.0,0.00011743293023697142,0.0,0.00038880908942336893,0.0,0.0002864055277285182,0.0,0.000812878796438648,60.733357066571735,3.588777634579161,1.46177459435755,0.0,0.15213290330432666,0.09536979638548472,0.37053505261597747,0.36457401183871246,0.0,0.0,9.752924102198473e-05,0.0,0.0,3.8186258132766054e-05,0.0,0.0,0.0,0.001106860124030529,0.000691739420771996,0.0006937614885663647,0.000691739420771996
437,0,1,0,20,2,4,0,0,6,2,0,8,0,6,0,17,0,3,1548,201,79,0,6,5,25,47,1,0,3,0,2,9,0,0,0,11,5,5,5,0.0,0.00023759267302211228,0.0,0.00038279730354517005,0.00011440123992639881,0.0008424505792163651,0.0,0.0,0.00013128284409578053,5.127221884808295e-05,0.0,0.0001878926883791543,0.0,0.00019440454471168447,0.0,0.0002704941095213783,0.0,0.00024386363893159438,55.10857956568174,3.9853276494497867,1.2831132550471829,0.0,0.182559483965192,0.07947483032123727,0.37053505261597747,0.31154506466217247,0.005146653902964988,0.0,5.851754461319084e-05,0.0,8.612263742998338e-05,0.00011455877439829817,0.0,0.0,0.0,0.0005797838744921818,0.0002470497931328557,0.0002477719602022731,0.0002470497931328557
438,1,1,0,22,8,2,0,0,10,0,0,10,0,4,0,19,0,5,1557,192,94,0,7,1,25,49,0,0,0,0,2,9,0,1,0,12,5,5,5,0.0007488583654219143,0.00023759267302211228,0.0,0.00042107703389968705,0.00045760495970559523,0.00042122528960818255,0.0,0.0,0.00021880474015963423,0.0,0.0,0.00023486586047394284,0.0,0.00012960302980778964,0.0,0.00030231694593565816,0.0,0.000406439398219324,55.42897828408687,3.806880142758005,1.5267423541067744,0.0,0.21298606462605732,0.015894966064247455,0.37053505261597747,0.3248023014563075,0.0,0.0,0.0,0.0,8.612263742998338e-05,0.00011455877439829817,0.0,0.03649235485165858,0.0,0.0006324914994460166,0.0002470497931328557,0.0002477719602022731,0.0002470497931328557
439,0,2,1,19,3,1,2,0,17,1,0,5,0,6,0,22,0,5,1409,167,84,0,5,5,24,47,0,0,3,0,2,6,0,2,0,18,5,5,5,0.0,0.00047518534604422456,1.3016393353428648e-05,0.00036365743836791156,0.0001716018598895982,0.00021061264480409127,0.00020868411829342721,0.0,0.0003719680582713782,2.5636109424041476e-05,0.0,0.00011743293023697142,0.0,0.00019440454471168447,0.0,0.0003500512005570778,0.0,0.000406439398219324,50.160199359202565,3.311192624169723,1.3643229547337132,0.0,0.15213290330432666,0.07947483032123727,0.35571365051133835,0.31154506466217247,0.0,0.0,5.851754461319084e-05,0.0,8.612263742998338e-05,7.637251626553211e-05,0.0,0.07298470970331716,0.0,0.0009487372491690248,0.0002470497931328557,0.0002477719602022731,0.0002470497931328557
440,0,1,0,30,3,0,1,0,9,1,0,12,0,4,0,15,0,3,1373,174,92,0,8,4,10,59,0,0,4,0,1,5,0,0,0,9,9,9,9,0.0,0.00023759267302211228,0.0,0.000574195955317755,0.0001716018598895982,0.0,0.00010434205914671361,0.0,0.0001969242661436708,2.5636109424041476e-05,0.0,0.00028183903256873144,0.0,0.00012960302980778964,0.0,0.00023867127310709852,0.0,0.00024386363893159438,48.87860448558206,3.449985129374442,1.4942584742321623,0.0,0.24341264528692266,0.06357986425698982,0.148214021046391,0.3910884854269825,0.0,0.0,7.802339281758778e-05,0.0,4.306131871499169e-05,6.36437635546101e-05,0.0,0.0,0.0,0.0004743686245845124,0.0004446896276391403,0.00044598952836409156,0.0004446896276391403
441,1,0,0,18,1,3,0,0,16,2,0,3,0,6,0,16,0,3,1231,165,79,0,6,8,23,38,0,0,4,0,1,6,0,0,0,16,11,11,11,0.0007488583654219143,0.0,0.0,0.000344517573190653,5.7200619963199404e-05,0.0006318379344122738,0.0,0.0,0.0003500875842554148,5.127221884808295e-05,0.0,7.045975814218286e-05,0.0,0.00019440454471168447,0.0,0.00025458269131423844,0.0,0.00024386363893159438,43.823424706301175,3.271537622682661,1.2831132550471829,0.0,0.182559483965192,0.12715972851397964,0.3408922484066993,0.251887499088565,0.0,0.0,7.802339281758778e-05,0.0,4.306131871499169e-05,7.637251626553211e-05,0.0,0.0,0.0,0.0008433219992613554,0.0005435095448922826,0.0005450983124450008,0.0005435095448922826
442,0,0,0,24,8,1,0,0,4,2,0,6,0,8,0,12,0,4,1175,177,64,0,3,7,23,37,0,0,2,0,1,3,0,2,0,16,7,7,7,0.0,0.0,0.0,0.00045935676425420404,0.00045760495970559523,0.00021061264480409127,0.0,0.0,8.75218960638537e-05,5.127221884808295e-05,0.0,0.00014091951628436572,0.0,0.0002592060596155793,0.0,0.00019093701848567883,0.0,0.0003251515185754592,41.82983268066928,3.509467631605036,1.0394841559875911,0.0,0.091279741982596,0.11126476244973217,0.3408922484066993,0.24525888069149748,0.0,0.0,3.901169640879389e-05,0.0,4.306131871499169e-05,3.8186258132766054e-05,0.0,0.07298470970331716,0.0,0.0008433219992613554,0.000345869710385998,0.0003468807442831823,0.000345869710385998
443,0,1,0,17,5,2,1,0,4,2,0,4,0,3,0,8,0,7,1063,176,100,0,7,4,20,39,1,0,2,0,1,3,0,0,0,13,5,5,5,0.0,0.00023759267302211228,0.0,0.0003253777080133945,0.000286003099815997,0.00042122528960818255,0.00010434205914671361,0.0,8.75218960638537e-05,5.127221884808295e-05,0.0,9.394634418957715e-05,0.0,9.720227235584223e-05,0.0,0.00012729134565711922,0.0,0.0005690151575070535,37.84264862940548,3.489640130861505,1.6241939937306111,0.0,0.21298606462605732,0.06357986425698982,0.296428042092782,0.25851611748563247,0.005146653902964988,0.0,3.901169640879389e-05,0.0,4.306131871499169e-05,3.8186258132766054e-05,0.0,0.0,0.0,0.0006851991243998513,0.0002470497931328557,0.0002477719602022731,0.0002470497931328557
444,0,1,0,19,7,2,0,0,9,2,0,7,0,12,0,19,0,7,1053,168,92,0,12,4,23,40,0,0,3,0,0,5,0,0,0,17,6,6,6,0.0,0.00023759267302211228,0.0,0.00036365743836791156,0.0004004043397423958,0.00042122528960818255,0.0,0.0,0.0001969242661436708,5.127221884808295e-05,0.0,0.00016440610233176,0.0,0.00038880908942336893,0.0,0.00030231694593565816,0.0,0.0005690151575070535,37.486650053399785,3.3310201249132545,1.4942584742321623,0.0,0.365118967930384,0.06357986425698982,0.3408922484066993,0.2651447358827,0.0,0.0,5.851754461319084e-05,0.0,0.0,6.36437635546101e-05,0.0,0.0,0.0,0.0008960296242151901,0.0002964597517594269,0.0002973263522427277,0.0002964597517594269
445,1,0,0,22,7,1,1,0,4,4,0,5,0,3,0,18,0,3,931,175,73,0,7,4,28,31,0,0,2,0,2,3,0,1,0,15,9,9,9,0.0007488583654219143,0.0,0.0,0.00042107703389968705,0.0004004043397423958,0.00021061264480409127,0.00010434205914671361,0.0,8.75218960638537e-05,0.0001025444376961659,0.0,0.00011743293023697142,0.0,9.720227235584223e-05,0.0,0.0002864055277285182,0.0,0.00024386363893159438,33.14346742613029,3.4698126301179735,1.1856616154233461,0.0,0.21298606462605732,0.06357986425698982,0.41499925892989475,0.2054871703090925,0.0,0.0,3.901169640879389e-05,0.0,8.612263742998338e-05,3.8186258132766054e-05,0.0,0.03649235485165858,0.0,0.0007906143743075207,0.0004446896276391403,0.00044598952836409156,0.0004446896276391403
446,1,0,0,22,9,0,1,0,7,2,0,5,0,4,1,15,0,4,900,177,74,1,4,2,32,50,0,0,1,0,0,7,0,0,0,14,10,10,10,0.0007488583654219143,0.0,0.0,0.00042107703389968705,0.0005148055796687946,0.0,0.00010434205914671361,0.0,0.00015316331811174397,5.127221884808295e-05,0.0,0.00011743293023697142,0.0,0.00012960302980778964,3.3237138407354764e-05,0.00023867127310709852,0.0,0.0003251515185754592,32.03987184051264,3.509467631605036,1.2019035553606523,0.016708158593841373,0.12170632264346133,0.03178993212849491,0.47428486734845116,0.331430919853375,0.0,0.0,1.9505848204396945e-05,0.0,0.0,8.910126897645413e-05,0.0,0.0,0.0,0.000737906749353686,0.0004940995862657114,0.0004955439204045462,0.0004940995862657114
447,0,0,1,21,6,2,3,0,12,1,0,7,0,6,0,15,0,1,829,151,90,0,6,3,18,41,0,0,2,0,3,5,0,0,0,20,9,9,9,0.0,0.0,1.3016393353428648e-05,0.00040193716872242855,0.0003432037197791964,0.00042122528960818255,0.0003130261774401408,0.0,0.00026256568819156106,2.5636109424041476e-05,0.0,0.00016440610233176,0.0,0.00019440454471168447,0.0,0.00023867127310709852,0.0,8.12878796438648e-05,29.512281950872197,2.993952612273223,1.46177459435755,0.0,0.182559483965192,0.04768489819274236,0.2667852378835038,0.2717733542797675,0.0,0.0,3.901169640879389e-05,0.0,0.00012918395614497504,6.36437635546101e-05,0.0,0.0,0.0,0.0010541524990766943,0.0004446896276391403,0.00044598952836409156,0.0004446896276391403
448,0,0,0,33,9,1,2,0,6,1,0,5,0,6,0,19,0,5,776,174,97,0,3,4,25,33,0,0,4,0,2,7,0,0,0,17,5,4,5,0.0,0.0,0.0,0.0006316155508495306,0.0005148055796687946,0.00021061264480409127,0.00020868411829342721,0.0,0.00013128284409578053,2.5636109424041476e-05,0.0,0.00011743293023697142,0.0,0.00019440454471168447,0.0,0.00030231694593565816,0.0,0.000406439398219324,27.625489498042008,3.449985129374442,1.5754681739186929,0.0,0.091279741982596,0.06357986425698982,0.37053505261597747,0.21874440710322748,0.0,0.0,7.802339281758778e-05,0.0,8.612263742998338e-05,8.910126897645413e-05,0.0,0.0,0.0,0.0008960296242151901,0.0002470497931328557,0.00019821756816181847,0.0002470497931328557
449,0,0,0,27,4,1,0,0,14,1,0,8,0,5,0,18,0,5,711,176,97,0,7,4,21,28,0,0,3,0,1,6,0,0,0,14,7,7,7,0.0,0.0,0.0,0.0005167763597859796,0.00022880247985279762,0.00021061264480409127,0.0,0.0,0.00030632663622348795,2.5636109424041476e-05,0.0,0.0001878926883791543,0.0,0.00016200378725973706,0.0,0.0002864055277285182,0.0,0.000406439398219324,25.311498754004983,3.489640130861505,1.5754681739186929,0.0,0.21298606462605732,0.06357986425698982,0.31124944419742107,0.18560131511789,0.0,0.0,5.851754461319084e-05,0.0,4.306131871499169e-05,7.637251626553211e-05,0.0,0.0,0.0,0.000737906749353686,0.000345869710385998,0.0003468807442831823,0.000345869710385998
450,1,0,0,29,10,0,1,0,7,3,0,5,0,4,0,13,0,4,671,177,83,0,6,6,16,37,0,0,2,0,0,5,0,0,0,10,11,11,11,0.0007488583654219143,0.0,0.0,0.0005550560901404966,0.000572006199631994,0.0,0.00010434205914671361,0.0,0.00015316331811174397,7.690832827212443e-05,0.0,0.00011743293023697142,0.0,0.00012960302980778964,0.0,0.00020684843669281872,0.0,0.0003251515185754592,23.8875044499822,3.509467631605036,1.3480810147964073,0.0,0.182559483965192,0.09536979638548472,0.23714243367422558,0.24525888069149748,0.0,0.0,3.901169640879389e-05,0.0,0.0,6.36437635546101e-05,0.0,0.0,0.0,0.0005270762495383471,0.0005435095448922826,0.0005450983124450008,0.0005435095448922826
451,1,0,0,20,8,1,0,0,7,1,0,5,0,5,0,17,0,2,655,160,102,0,8,7,32,35,1,0,2,0,0,6,0,1,0,16,9,9,9,0.0007488583654219143,0.0,0.0,0.00038279730354517005,0.00045760495970559523,0.00021061264480409127,0.0,0.0,0.00015316331811174397,2.5636109424041476e-05,0.0,0.00011743293023697142,0.0,0.00016200378725973706,0.0,0.0002704941095213783,0.0,0.0001625757592877296,23.317906728373085,3.172400118965004,1.6566778736052232,0.0,0.24341264528692266,0.11126476244973217,0.47428486734845116,0.2320016438973625,0.005146653902964988,0.0,3.901169640879389e-05,0.0,0.0,7.637251626553211e-05,0.0,0.03649235485165858,0.0,0.0008433219992613554,0.0004446896276391403,0.00044598952836409156,0.0004446896276391403
452,0,0,0,26,6,2,0,0,9,0,0,4,0,7,0,15,0,4,644,178,93,0,7,0,21,41,1,0,3,0,1,3,0,1,0,10,2,2,2,0.0,0.0,0.0,0.000497636494608721,0.0003432037197791964,0.00042122528960818255,0.0,0.0,0.0001969242661436708,0.0,0.0,9.394634418957715e-05,0.0,0.00022680530216363188,0.0,0.00023867127310709852,0.0,0.0003251515185754592,22.92630829476682,3.5292951323485675,1.5105004141694682,0.0,0.21298606462605732,0.0,0.31124944419742107,0.2717733542797675,0.005146653902964988,0.0,5.851754461319084e-05,0.0,4.306131871499169e-05,3.8186258132766054e-05,0.0,0.03649235485165858,0.0,0.0005270762495383471,9.881991725314229e-05,9.910878408090924e-05,9.881991725314229e-05
453,1,1,0,21,5,1,1,0,3,1,0,6,0,4,0,21,0,6,532,170,111,0,10,2,17,36,0,0,1,0,1,1,0,1,0,11,8,8,8,0.0007488583654219143,0.00023759267302211228,0.0,0.00040193716872242855,0.000286003099815997,0.00021061264480409127,0.00010434205914671361,0.0,6.564142204789027e-05,2.5636109424041476e-05,0.0,0.00014091951628436572,0.0,0.00012960302980778964,0.0,0.00033413978234993793,0.0,0.00048772727786318876,18.939124243503027,3.370675126400317,1.8028553330409784,0.0,0.3042658066086533,0.03178993212849491,0.25196383577886466,0.23863026229443,0.0,0.0,1.9505848204396945e-05,0.0,4.306131871499169e-05,1.2728752710922018e-05,0.0,0.03649235485165858,0.0,0.0005797838744921818,0.00039527966901256915,0.00039643513632363694,0.00039527966901256915
454,1,0,0,21,5,0,1,0,5,1,0,8,0,6,0,24,0,6,506,163,85,0,4,6,26,38,1,0,1,0,2,5,0,1,0,14,6,6,6,0.0007488583654219143,0.0,0.0,0.00040193716872242855,0.000286003099815997,0.0,0.00010434205914671361,0.0,0.00010940237007981711,2.5636109424041476e-05,0.0,0.0001878926883791543,0.0,0.00019440454471168447,0.0,0.00038187403697135765,0.0,0.00048772727786318876,18.013527945888217,3.231882621195598,1.3805648946710194,0.0,0.12170632264346133,0.09536979638548472,0.3853564547206166,0.251887499088565,0.005146653902964988,0.0,1.9505848204396945e-05,0.0,8.612263742998338e-05,6.36437635546101e-05,0.0,0.03649235485165858,0.0,0.000737906749353686,0.0002964597517594269,0.0002973263522427277,0.0002964597517594269
455,0,0,0,17,5,2,3,0,5,1,0,8,0,7,0,9,0,2,558,150,88,0,6,2,21,41,0,0,3,0,0,3,0,0,0,15,8,8,8,0.0,0.0,0.0,0.0003253777080133945,0.000286003099815997,0.00042122528960818255,0.0003130261774401408,0.0,0.00010940237007981711,2.5636109424041476e-05,0.0,0.0001878926883791543,0.0,0.00022680530216363188,0.0,0.0001432027638642591,0.0,0.0001625757592877296,19.864720541117837,2.9741251115296916,1.4292907144829379,0.0,0.182559483965192,0.03178993212849491,0.31124944419742107,0.2717733542797675,0.0,0.0,5.851754461319084e-05,0.0,0.0,3.8186258132766054e-05,0.0,0.0,0.0,0.0007906143743075207,0.00039527966901256915,0.00039643513632363694,0.00039527966901256915
456,1,0,0,18,0,1,0,0,3,1,0,5,0,7,0,18,0,7,496,160,90,0,5,4,23,30,0,0,2,0,1,7,0,0,0,19,7,7,7,0.0007488583654219143,0.0,0.0,0.000344517573190653,0.0,0.00021061264480409127,0.0,0.0,6.564142204789027e-05,2.5636109424041476e-05,0.0,0.00011743293023697142,0.0,0.00022680530216363188,0.0,0.0002864055277285182,0.0,0.0005690151575070535,17.65752936988252,3.172400118965004,1.46177459435755,0.0,0.15213290330432666,0.06357986425698982,0.3408922484066993,0.19885855191202498,0.0,0.0,3.901169640879389e-05,0.0,4.306131871499169e-05,8.910126897645413e-05,0.0,0.0,0.0,0.0010014448741228596,0.000345869710385998,0.0003468807442831823,0.000345869710385998
457,0,0,0,18,4,3,1,0,13,1,0,11,0,11,0,16,0,3,494,169,73,0,3,5,18,35,0,0,2,0,1,8,0,0,0,16,4,4,4,0.0,0.0,0.0,0.000344517573190653,0.00022880247985279762,0.0006318379344122738,0.00010434205914671361,0.0,0.00028444616220752453,2.5636109424041476e-05,0.0,0.00025835244652133715,0.0,0.0003564083319714215,0.0,0.00025458269131423844,0.0,0.00024386363893159438,17.586329654681382,3.350847625656786,1.1856616154233461,0.0,0.091279741982596,0.07947483032123727,0.2667852378835038,0.2320016438973625,0.0,0.0,3.901169640879389e-05,0.0,4.306131871499169e-05,0.00010183002168737614,0.0,0.0,0.0,0.0008433219992613554,0.00019763983450628457,0.00019821756816181847,0.00019763983450628457
458,0,1,0,24,1,4,0,0,4,0,0,5,0,2,0,21,0,0,516,140,89,0,5,8,16,44,1,0,0,0,0,6,0,0,0,14,6,6,6,0.0,0.00023759267302211228,0.0,0.00045935676425420404,5.7200619963199404e-05,0.0008424505792163651,0.0,0.0,8.75218960638537e-05,0.0,0.0,0.00011743293023697142,0.0,6.480151490389482e-05,0.0,0.00033413978234993793,0.0,0.0,18.369526521893913,2.7758501040943786,1.4455326544202438,0.0,0.15213290330432666,0.12715972851397964,0.23714243367422558,0.29165920947096996,0.005146653902964988,0.0,0.0,0.0,0.0,7.637251626553211e-05,0.0,0.0,0.0,0.000737906749353686,0.0002964597517594269,0.0002973263522427277,0.0002964597517594269
459,1,0,0,23,10,0,0,0,4,0,0,6,0,9,0,16,0,6,513,131,83,0,8,3,17,32,0,0,2,0,3,3,0,0,0,16,9,9,9,0.0007488583654219143,0.0,0.0,0.00044021689907694554,0.000572006199631994,0.0,0.0,0.0,8.75218960638537e-05,0.0,0.0,0.00014091951628436572,0.0,0.0002916068170675267,0.0,0.00025458269131423844,0.0,0.00048772727786318876,18.262726949092205,2.5974025974025974,1.3480810147964073,0.0,0.24341264528692266,0.04768489819274236,0.25196383577886466,0.21211578870616,0.0,0.0,3.901169640879389e-05,0.0,0.00012918395614497504,3.8186258132766054e-05,0.0,0.0,0.0,0.0008433219992613554,0.0004446896276391403,0.00044598952836409156,0.0004446896276391403
460,2,0,0,25,7,3,0,0,9,0,0,5,0,6,0,15,0,2,449,160,76,0,4,1,17,24,1,0,1,0,4,4,0,0,0,21,6,6,6,0.0014977167308438287,0.0,0.0,0.00047849662943146254,0.0004004043397423958,0.0006318379344122738,0.0,0.0,0.0001969242661436708,0.0,0.0,0.00011743293023697142,0.0,0.00019440454471168447,0.0,0.00023867127310709852,0.0,0.0001625757592877296,15.98433606265575,3.172400118965004,1.2343874352352644,0.0,0.12170632264346133,0.015894966064247455,0.25196383577886466,0.15908684152962,0.005146653902964988,0.0,1.9505848204396945e-05,0.0,0.00017224527485996675,5.091501084368807e-05,0.0,0.0,0.0,0.001106860124030529,0.0002964597517594269,0.0002973263522427277,0.0002964597517594269
461,0,0,0,22,7,0,0,0,5,0,0,8,0,2,0,7,0,2,486,160,91,0,5,3,14,32,0,0,2,0,0,5,0,1,0,16,5,5,5,0.0,0.0,0.0,0.00042107703389968705,0.0004004043397423958,0.0,0.0,0.0,0.00010940237007981711,0.0,0.0,0.0001878926883791543,0.0,6.480151490389482e-05,0.0,0.00011137992744997932,0.0,0.0001625757592877296,17.301530793876825,3.172400118965004,1.4780165342948561,0.0,0.15213290330432666,0.04768489819274236,0.20749962946494738,0.21211578870616,0.0,0.0,3.901169640879389e-05,0.0,0.0,6.36437635546101e-05,0.0,0.03649235485165858,0.0,0.0008433219992613554,0.0002470497931328557,0.0002477719602022731,0.0002470497931328557
462,1,0,0,21,8,2,0,0,10,2,0,5,0,5,0,18,0,3,437,153,75,0,3,5,19,46,0,0,2,0,1,5,0,0,0,16,6,6,6,0.0007488583654219143,0.0,0.0,0.00040193716872242855,0.00045760495970559523,0.00042122528960818255,0.0,0.0,0.00021880474015963423,5.127221884808295e-05,0.0,0.00011743293023697142,0.0,0.00016200378725973706,0.0,0.0002864055277285182,0.0,0.00024386363893159438,15.557137771448915,3.033607613760285,1.2181454952979582,0.0,0.091279741982596,0.07947483032123727,0.2816066399881429,0.304916446265105,0.0,0.0,3.901169640879389e-05,0.0,4.306131871499169e-05,6.36437635546101e-05,0.0,0.0,0.0,0.0008433219992613554,0.0002964597517594269,0.0002973263522427277,0.0002964597517594269
463,0,0,0,25,11,2,1,0,7,3,0,1,0,5,0,14,0,3,427,166,79,0,4,2,25,34,0,0,0,0,1,2,0,0,0,14,10,10,10,0.0,0.0,0.0,0.00047849662943146254,0.0006292068195951935,0.00042122528960818255,0.00010434205914671361,0.0,0.00015316331811174397,7.690832827212443e-05,0.0,2.3486586047394287e-05,0.0,0.00016200378725973706,0.0,0.00022275985489995863,0.0,0.00024386363893159438,15.201139195443218,3.291365123426192,1.2831132550471829,0.0,0.12170632264346133,0.03178993212849491,0.37053505261597747,0.22537302550029498,0.0,0.0,0.0,0.0,4.306131871499169e-05,2.5457505421844036e-05,0.0,0.0,0.0,0.000737906749353686,0.0004940995862657114,0.0004955439204045462,0.0004940995862657114
464,0,0,0,18,3,2,0,0,4,0,0,5,0,7,0,11,0,7,439,160,96,1,3,5,20,37,1,0,0,0,2,3,0,0,0,20,4,4,4,0.0,0.0,0.0,0.000344517573190653,0.0001716018598895982,0.00042122528960818255,0.0,0.0,8.75218960638537e-05,0.0,0.0,0.00011743293023697142,0.0,0.00022680530216363188,0.0,0.0001750256002785389,0.0,0.0005690151575070535,15.628337486650054,3.172400118965004,1.5592262339813867,0.016708158593841373,0.091279741982596,0.07947483032123727,0.296428042092782,0.24525888069149748,0.005146653902964988,0.0,0.0,0.0,8.612263742998338e-05,3.8186258132766054e-05,0.0,0.0,0.0,0.0010541524990766943,0.00019763983450628457,0.00019821756816181847,0.00019763983450628457
465,0,0,1,19,10,1,1,0,13,2,0,3,0,3,0,16,0,2,417,147,90,0,4,3,15,44,1,0,1,0,1,11,0,1,0,18,6,6,6,0.0,0.0,1.3016393353428648e-05,0.00036365743836791156,0.000572006199631994,0.00021061264480409127,0.00010434205914671361,0.0,0.00028444616220752453,5.127221884808295e-05,0.0,7.045975814218286e-05,0.0,9.720227235584223e-05,0.0,0.00025458269131423844,0.0,0.0001625757592877296,14.845140619437522,2.9146426092990976,1.46177459435755,0.0,0.12170632264346133,0.04768489819274236,0.2223210315695865,0.29165920947096996,0.005146653902964988,0.0,1.9505848204396945e-05,0.0,4.306131871499169e-05,0.0001400162798201422,0.0,0.03649235485165858,0.0,0.0009487372491690248,0.0002964597517594269,0.0002973263522427277,0.0002964597517594269
466,0,0,0,22,6,0,2,0,5,0,0,6,0,6,0,19,0,1,452,154,86,0,7,5,21,40,0,0,1,0,2,5,0,0,0,19,7,7,7,0.0,0.0,0.0,0.00042107703389968705,0.0003432037197791964,0.0,0.00020868411829342721,0.0,0.00010940237007981711,0.0,0.0,0.00014091951628436572,0.0,0.00019440454471168447,0.0,0.00030231694593565816,0.0,8.12878796438648e-05,16.09113563545746,3.0534351145038165,1.3968068346083256,0.0,0.21298606462605732,0.07947483032123727,0.31124944419742107,0.2651447358827,0.0,0.0,1.9505848204396945e-05,0.0,8.612263742998338e-05,6.36437635546101e-05,0.0,0.0,0.0,0.0010014448741228596,0.000345869710385998,0.0003468807442831823,0.000345869710385998
467,1,1,0,21,3,4,2,0,6,2,0,4,0,5,0,19,0,6,399,147,89,0,1,6,16,32,0,0,0,0,3,4,0,1,0,9,4,4,4,0.0007488583654219143,0.00023759267302211228,0.0,0.00040193716872242855,0.0001716018598895982,0.0008424505792163651,0.00020868411829342721,0.0,0.00013128284409578053,5.127221884808295e-05,0.0,9.394634418957715e-05,0.0,0.00016200378725973706,0.0,0.00030231694593565816,0.0,0.00048772727786318876,14.20434318262727,2.9146426092990976,1.4455326544202438,0.0,0.030426580660865333,0.09536979638548472,0.23714243367422558,0.21211578870616,0.0,0.0,0.0,0.0,0.00012918395614497504,5.091501084368807e-05,0.0,0.03649235485165858,0.0,0.0004743686245845124,0.00019763983450628457,0.00019821756816181847,0.00019763983450628457
468,1,1,0,14,6,1,0,0,6,0,0,8,0,5,0,20,0,2,405,162,79,0,2,2,20,32,0,0,1,0,0,2,0,1,0,17,8,8,8,0.0007488583654219143,0.00023759267302211228,0.0,0.000267958112481619,0.0003432037197791964,0.00021061264480409127,0.0,0.0,0.00013128284409578053,0.0,0.0,0.0001878926883791543,0.0,0.00016200378725973706,0.0,0.00031822836414279804,0.0,0.0001625757592877296,14.417942328230687,3.212055120452067,1.2831132550471829,0.0,0.060853161321730666,0.03178993212849491,0.296428042092782,0.21211578870616,0.0,0.0,1.9505848204396945e-05,0.0,0.0,2.5457505421844036e-05,0.0,0.03649235485165858,0.0,0.0008960296242151901,0.00039527966901256915,0.00039643513632363694,0.00039527966901256915
469,1,0,0,21,6,1,1,0,3,0,0,2,0,7,0,20,0,6,402,172,93,0,4,1,18,35,0,0,2,0,0,1,0,0,0,17,9,9,9,0.0007488583654219143,0.0,0.0,0.00040193716872242855,0.0003432037197791964,0.00021061264480409127,0.00010434205914671361,0.0,6.564142204789027e-05,0.0,0.0,4.697317209478857e-05,0.0,0.00022680530216363188,0.0,0.00031822836414279804,0.0,0.00048772727786318876,14.311142755428978,3.4103301278873794,1.5105004141694682,0.0,0.12170632264346133,0.015894966064247455,0.2667852378835038,0.2320016438973625,0.0,0.0,3.901169640879389e-05,0.0,0.0,1.2728752710922018e-05,0.0,0.0,0.0,0.0008960296242151901,0.0004446896276391403,0.00044598952836409156,0.0004446896276391403
470,0,0,0,19,3,3,1,0,8,0,0,11,0,6,0,20,0,3,419,169,104,0,4,2,12,25,0,0,2,0,1,6,0,0,0,10,4,4,4,0.0,0.0,0.0,0.00036365743836791156,0.0001716018598895982,0.0006318379344122738,0.00010434205914671361,0.0,0.0001750437921277074,0.0,0.0,0.00025835244652133715,0.0,0.00019440454471168447,0.0,0.00031822836414279804,0.0,0.00024386363893159438,14.916340334638662,3.350847625656786,1.6891617534798355,0.0,0.12170632264346133,0.03178993212849491,0.17785682525566918,0.1657154599266875,0.0,0.0,3.901169640879389e-05,0.0,4.306131871499169e-05,7.637251626553211e-05,0.0,0.0,0.0,0.0005270762495383471,0.00019763983450628457,0.00019821756816181847,0.00019763983450628457
471,1,0,0,26,3,5,0,0,5,2,0,5,0,7,0,15,0,3,383,147,78,0,5,5,20,44,0,0,1,0,0,5,0,0,0,19,5,5,5,0.0007488583654219143,0.0,0.0,0.000497636494608721,0.0001716018598895982,0.0010530632240204564,0.0,0.0,0.00010940237007981711,5.127221884808295e-05,0.0,0.00011743293023697142,0.0,0.00022680530216363188,0.0,0.00023867127310709852,0.0,0.00024386363893159438,13.634745461018156,2.9146426092990976,1.2668713151098767,0.0,0.15213290330432666,0.07947483032123727,0.296428042092782,0.29165920947096996,0.0,0.0,1.9505848204396945e-05,0.0,0.0,6.36437635546101e-05,0.0,0.0,0.0,0.0010014448741228596,0.0002470497931328557,0.0002477719602022731,0.0002470497931328557
472,0,0,0,17,2,3,1,0,3,0,0,1,0,2,0,11,0,2,367,166,104,0,3,3,15,36,0,0,2,0,1,1,0,1,0,12,7,7,7,0.0,0.0,0.0,0.0003253777080133945,0.00011440123992639881,0.0006318379344122738,0.00010434205914671361,0.0,6.564142204789027e-05,0.0,0.0,2.3486586047394287e-05,0.0,6.480151490389482e-05,0.0,0.0001750256002785389,0.0,0.0001625757592877296,13.065147739409042,3.291365123426192,1.6891617534798355,0.0,0.091279741982596,0.04768489819274236,0.2223210315695865,0.23863026229443,0.0,0.0,3.901169640879389e-05,0.0,4.306131871499169e-05,1.2728752710922018e-05,0.0,0.03649235485165858,0.0,0.0006324914994460166,0.000345869710385998,0.0003468807442831823,0.000345869710385998
473,2,0,1,18,3,2,0,0,10,1,0,5,0,13,0,8,0,2,372,156,89,0,4,2,21,29,0,0,2,0,2,6,0,0,0,16,7,7,7,0.0014977167308438287,0.0,1.3016393353428648e-05,0.000344517573190653,0.0001716018598895982,0.00042122528960818255,0.0,0.0,0.00021880474015963423,2.5636109424041476e-05,0.0,0.00011743293023697142,0.0,0.0004212098468753163,0.0,0.00012729134565711922,0.0,0.0001625757592877296,13.24314702741189,3.0930901159908792,1.4455326544202438,0.0,0.12170632264346133,0.03178993212849491,0.31124944419742107,0.19222993351495749,0.0,0.0,3.901169640879389e-05,0.0,8.612263742998338e-05,7.637251626553211e-05,0.0,0.0,0.0,0.0008433219992613554,0.000345869710385998,0.0003468807442831823,0.000345869710385998
474,1,0,0,19,5,2,0,0,3,1,0,3,0,7,0,12,0,3,373,188,87,0,1,5,15,31,0,0,1,0,1,1,0,1,0,8,5,5,5,0.0007488583654219143,0.0,0.0,0.00036365743836791156,0.000286003099815997,0.00042122528960818255,0.0,0.0,6.564142204789027e-05,2.5636109424041476e-05,0.0,7.045975814218286e-05,0.0,0.00022680530216363188,0.0,0.00019093701848567883,0.0,0.00024386363893159438,13.27874688501246,3.72757013978388,1.4130487745456317,0.0,0.030426580660865333,0.07947483032123727,0.2223210315695865,0.2054871703090925,0.0,0.0,1.9505848204396945e-05,0.0,4.306131871499169e-05,1.2728752710922018e-05,0.0,0.03649235485165858,0.0,0.0004216609996306777,0.0002470497931328557,0.0002477719602022731,0.0002470497931328557
475,0,0,1,30,6,0,0,0,4,1,0,3,0,2,0,15,0,4,366,143,94,1,1,4,12,45,0,0,2,0,0,6,0,2,0,14,4,4,4,0.0,0.0,1.3016393353428648e-05,0.000574195955317755,0.0003432037197791964,0.0,0.0,0.0,8.75218960638537e-05,2.5636109424041476e-05,0.0,7.045975814218286e-05,0.0,6.480151490389482e-05,0.0,0.00023867127310709852,0.0,0.0003251515185754592,13.029547881808472,2.8353326063249726,1.5267423541067744,0.016708158593841373,0.030426580660865333,0.06357986425698982,0.17785682525566918,0.2982878278680375,0.0,0.0,3.901169640879389e-05,0.0,0.0,7.637251626553211e-05,0.0,0.07298470970331716,0.0,0.000737906749353686,0.00019763983450628457,0.00019821756816181847,0.00019763983450628457
476,2,1,0,17,5,3,1,0,13,0,0,5,0,11,0,11,0,6,387,124,101,0,2,2,19,31,0,0,1,0,2,3,0,1,0,15,5,5,5,0.0014977167308438287,0.00023759267302211228,0.0,0.0003253777080133945,0.000286003099815997,0.0006318379344122738,0.00010434205914671361,0.0,0.00028444616220752453,0.0,0.0,0.00011743293023697142,0.0,0.0003564083319714215,0.0,0.0001750256002785389,0.0,0.00048772727786318876,13.777144891420434,2.4586100921978784,1.6404359336679173,0.0,0.060853161321730666,0.03178993212849491,0.2816066399881429,0.2054871703090925,0.0,0.0,1.9505848204396945e-05,0.0,8.612263742998338e-05,3.8186258132766054e-05,0.0,0.03649235485165858,0.0,0.0007906143743075207,0.0002470497931328557,0.0002477719602022731,0.0002470497931328557
477,0,1,0,29,3,0,1,0,5,2,0,8,0,8,0,13,0,5,396,139,82,0,1,6,11,34,0,0,5,0,0,0,0,1,0,20,8,8,8,0.0,0.00023759267302211228,0.0,0.0005550560901404966,0.0001716018598895982,0.0,0.00010434205914671361,0.0,0.00010940237007981711,5.127221884808295e-05,0.0,0.0001878926883791543,0.0,0.0002592060596155793,0.0,0.00020684843669281872,0.0,0.000406439398219324,14.09754360982556,2.7560226033508477,1.3318390748591011,0.0,0.030426580660865333,0.09536979638548472,0.1630354231510301,0.22537302550029498,0.0,0.0,9.752924102198473e-05,0.0,0.0,0.0,0.0,0.03649235485165858,0.0,0.0010541524990766943,0.00039527966901256915,0.00039643513632363694,0.00039527966901256915
478,1,0,0,25,4,3,1,0,7,1,0,5,0,5,0,10,0,2,347,137,85,0,2,8,11,32,0,0,3,0,1,5,0,0,0,15,3,3,3,0.0007488583654219143,0.0,0.0,0.00047849662943146254,0.00022880247985279762,0.0006318379344122738,0.00010434205914671361,0.0,0.00015316331811174397,2.5636109424041476e-05,0.0,0.00011743293023697142,0.0,0.00016200378725973706,0.0,0.00015911418207139902,0.0,0.0001625757592877296,12.35315058739765,2.716367601863785,1.3805648946710194,0.0,0.060853161321730666,0.12715972851397964,0.1630354231510301,0.21211578870616,0.0,0.0,5.851754461319084e-05,0.0,4.306131871499169e-05,6.36437635546101e-05,0.0,0.0,0.0,0.0007906143743075207,0.00014822987587971345,0.00014866317612136385,0.00014822987587971345
479,0,0,0,20,2,2,0,0,7,0,0,6,0,6,0,19,0,4,341,154,80,0,0,3,22,24,0,0,3,0,0,2,0,0,0,13,4,4,4,0.0,0.0,0.0,0.00038279730354517005,0.00011440123992639881,0.00042122528960818255,0.0,0.0,0.00015316331811174397,0.0,0.0,0.00014091951628436572,0.0,0.00019440454471168447,0.0,0.00030231694593565816,0.0,0.0003251515185754592,12.139551441794232,3.0534351145038165,1.2993551949844888,0.0,0.0,0.04768489819274236,0.3260708463020602,0.15908684152962,0.0,0.0,5.851754461319084e-05,0.0,0.0,2.5457505421844036e-05,0.0,0.0,0.0,0.0006851991243998513,0.00019763983450628457,0.00019821756816181847,0.00019763983450628457
480,0,0,0,21,7,2,1,0,5,0,0,6,0,6,0,18,0,2,328,135,83,0,3,2,12,33,1,0,0,0,0,7,0,2,0,10,5,5,5,0.0,0.0,0.0,0.00040193716872242855,0.0004004043397423958,0.00042122528960818255,0.00010434205914671361,0.0,0.00010940237007981711,0.0,0.0,0.00014091951628436572,0.0,0.00019440454471168447,0.0,0.0002864055277285182,0.0,0.0001625757592877296,11.676753292986827,2.6767126003767223,1.3480810147964073,0.0,0.091279741982596,0.03178993212849491,0.17785682525566918,0.21874440710322748,0.005146653902964988,0.0,0.0,0.0,0.0,8.910126897645413e-05,0.0,0.07298470970331716,0.0,0.0005270762495383471,0.0002470497931328557,0.0002477719602022731,0.0002470497931328557
481,0,0,1,29,4,4,0,0,10,0,0,4,0,2,0,7,0,4,336,164,80,0,3,9,15,29,0,0,2,0,0,5,0,0,0,14,5,5,5,0.0,0.0,1.3016393353428648e-05,0.0005550560901404966,0.00022880247985279762,0.0008424505792163651,0.0,0.0,0.00021880474015963423,0.0,0.0,9.394634418957715e-05,0.0,6.480151490389482e-05,0.0,0.00011137992744997932,0.0,0.0003251515185754592,11.961552153791384,3.2517101219391296,1.2993551949844888,0.0,0.091279741982596,0.1430546945782271,0.2223210315695865,0.19222993351495749,0.0,0.0,3.901169640879389e-05,0.0,0.0,6.36437635546101e-05,0.0,0.0,0.0,0.000737906749353686,0.0002470497931328557,0.0002477719602022731,0.0002470497931328557
482,1,1,0,24,2,1,0,0,4,1,0,5,0,4,0,12,0,2,370,168,96,0,1,3,11,25,0,0,1,0,0,3,0,1,0,16,6,6,6,0.0007488583654219143,0.00023759267302211228,0.0,0.00045935676425420404,0.00011440123992639881,0.00021061264480409127,0.0,0.0,8.75218960638537e-05,2.5636109424041476e-05,0.0,0.00011743293023697142,0.0,0.00012960302980778964,0.0,0.00019093701848567883,0.0,0.0001625757592877296,13.17194731221075,3.3310201249132545,1.5592262339813867,0.0,0.030426580660865333,0.04768489819274236,0.1630354231510301,0.1657154599266875,0.0,0.0,1.9505848204396945e-05,0.0,0.0,3.8186258132766054e-05,0.0,0.03649235485165858,0.0,0.0008433219992613554,0.0002964597517594269,0.0002973263522427277,0.0002964597517594269
483,0,0,0,21,5,0,1,0,5,2,0,6,0,3,0,17,0,5,349,153,77,1,0,3,12,25,0,0,0,0,1,3,0,0,0,18,7,7,7,0.0,0.0,0.0,0.00040193716872242855,0.000286003099815997,0.0,0.00010434205914671361,0.0,0.00010940237007981711,5.127221884808295e-05,0.0,0.00014091951628436572,0.0,9.720227235584223e-05,0.0,0.0002704941095213783,0.0,0.000406439398219324,12.42435030259879,3.033607613760285,1.2506293751725706,0.016708158593841373,0.0,0.04768489819274236,0.17785682525566918,0.1657154599266875,0.0,0.0,0.0,0.0,4.306131871499169e-05,3.8186258132766054e-05,0.0,0.0,0.0,0.0009487372491690248,0.000345869710385998,0.0003468807442831823,0.000345869710385998
484,0,0,0,14,3,3,0,0,8,2,0,7,0,5,0,21,0,7,376,165,85,0,1,0,16,21,0,0,5,0,1,7,0,0,0,13,7,7,7,0.0,0.0,0.0,0.000267958112481619,0.0001716018598895982,0.0006318379344122738,0.0,0.0,0.0001750437921277074,5.127221884808295e-05,0.0,0.00016440610233176,0.0,0.00016200378725973706,0.0,0.00033413978234993793,0.0,0.0005690151575070535,13.385546457814169,3.271537622682661,1.3805648946710194,0.0,0.030426580660865333,0.0,0.23714243367422558,0.1392009863384175,0.0,0.0,9.752924102198473e-05,0.0,4.306131871499169e-05,8.910126897645413e-05,0.0,0.0,0.0,0.0006851991243998513,0.000345869710385998,0.0003468807442831823,0.000345869710385998
485,1,0,2,22,7,0,0,0,4,0,0,4,0,7,0,18,0,3,324,143,86,0,0,5,15,37,0,0,1,0,0,8,0,0,0,14,8,8,8,0.0007488583654219143,0.0,2.6032786706857296e-05,0.00042107703389968705,0.0004004043397423958,0.0,0.0,0.0,8.75218960638537e-05,0.0,0.0,9.394634418957715e-05,0.0,0.00022680530216363188,0.0,0.0002864055277285182,0.0,0.00024386363893159438,11.534353862584549,2.8353326063249726,1.3968068346083256,0.0,0.0,0.07947483032123727,0.2223210315695865,0.24525888069149748,0.0,0.0,1.9505848204396945e-05,0.0,0.0,0.00010183002168737614,0.0,0.0,0.0,0.000737906749353686,0.00039527966901256915,0.00039643513632363694,0.00039527966901256915
486,0,0,0,11,6,2,1,0,10,2,0,6,0,4,0,16,0,3,331,156,88,0,0,3,17,42,0,1,1,0,2,4,0,0,0,19,5,5,5,0.0,0.0,0.0,0.00021053851694984352,0.0003432037197791964,0.00042122528960818255,0.00010434205914671361,0.0,0.00021880474015963423,5.127221884808295e-05,0.0,0.00014091951628436572,0.0,0.00012960302980778964,0.0,0.00025458269131423844,0.0,0.00024386363893159438,11.783552865788536,3.0930901159908792,1.4292907144829379,0.0,0.0,0.04768489819274236,0.25196383577886466,0.278401972676835,0.0,1.946327527139883e-05,1.9505848204396945e-05,0.0,8.612263742998338e-05,5.091501084368807e-05,0.0,0.0,0.0,0.0010014448741228596,0.0002470497931328557,0.0002477719602022731,0.0002470497931328557
487,0,0,0,17,4,2,2,0,5,1,0,4,0,8,0,18,0,5,357,144,84,0,1,4,12,24,1,0,1,0,6,5,0,0,0,20,5,5,5,0.0,0.0,0.0,0.0003253777080133945,0.00022880247985279762,0.00042122528960818255,0.00020868411829342721,0.0,0.00010940237007981711,2.5636109424041476e-05,0.0,9.394634418957715e-05,0.0,0.0002592060596155793,0.0,0.0002864055277285182,0.0,0.000406439398219324,12.709149163403346,2.855160107068504,1.3643229547337132,0.0,0.030426580660865333,0.06357986425698982,0.17785682525566918,0.15908684152962,0.005146653902964988,0.0,1.9505848204396945e-05,0.0,0.0002583679122899501,6.36437635546101e-05,0.0,0.0,0.0,0.0010541524990766943,0.0002470497931328557,0.0002477719602022731,0.0002470497931328557
488,0,0,1,27,7,2,1,0,4,0,0,1,0,2,0,13,0,3,356,140,70,0,3,2,16,32,0,0,1,0,3,1,0,1,0,14,1,1,1,0.0,0.0,1.3016393353428648e-05,0.0005167763597859796,0.0004004043397423958,0.00042122528960818255,0.00010434205914671361,0.0,8.75218960638537e-05,0.0,0.0,2.3486586047394287e-05,0.0,6.480151490389482e-05,0.0,0.00020684843669281872,0.0,0.00024386363893159438,12.673549305802776,2.7758501040943786,1.1369357956114279,0.0,0.091279741982596,0.03178993212849491,0.23714243367422558,0.21211578870616,0.0,0.0,1.9505848204396945e-05,0.0,0.00012918395614497504,1.2728752710922018e-05,0.0,0.03649235485165858,0.0,0.000737906749353686,4.940995862657114e-05,4.955439204045462e-05,4.940995862657114e-05
489,1,0,0,17,10,1,0,0,12,1,0,5,0,5,0,17,0,9,340,156,79,0,1,1,16,27,0,0,3,0,0,8,0,0,0,12,5,5,5,0.0007488583654219143,0.0,0.0,0.0003253777080133945,0.000572006199631994,0.00021061264480409127,0.0,0.0,0.00026256568819156106,2.5636109424041476e-05,0.0,0.00011743293023697142,0.0,0.00016200378725973706,0.0,0.0002704941095213783,0.0,0.0007315909167947832,12.103951584193663,3.0930901159908792,1.2831132550471829,0.0,0.030426580660865333,0.015894966064247455,0.23714243367422558,0.1789726967208225,0.0,0.0,5.851754461319084e-05,0.0,0.0,0.00010183002168737614,0.0,0.0,0.0,0.0006324914994460166,0.0002470497931328557,0.0002477719602022731,0.0002470497931328557
490,0,0,0,16,5,2,0,0,5,1,0,3,0,5,0,12,0,3,336,144,94,0,3,3,14,40,0,0,2,0,0,3,0,0,0,13,7,7,7,0.0,0.0,0.0,0.000306237842836136,0.000286003099815997,0.00042122528960818255,0.0,0.0,0.00010940237007981711,2.5636109424041476e-05,0.0,7.045975814218286e-05,0.0,0.00016200378725973706,0.0,0.00019093701848567883,0.0,0.00024386363893159438,11.961552153791384,2.855160107068504,1.5267423541067744,0.0,0.091279741982596,0.04768489819274236,0.20749962946494738,0.2651447358827,0.0,0.0,3.901169640879389e-05,0.0,0.0,3.8186258132766054e-05,0.0,0.0,0.0,0.0006851991243998513,0.000345869710385998,0.0003468807442831823,0.000345869710385998
491,1,1,1,18,6,2,2,0,9,0,0,10,0,5,0,18,0,4,353,134,71,0,0,1,15,31,0,0,2,0,0,4,0,0,0,17,5,5,5,0.0007488583654219143,0.00023759267302211228,1.3016393353428648e-05,0.000344517573190653,0.0003432037197791964,0.00042122528960818255,0.00020868411829342721,0.0,0.0001969242661436708,0.0,0.0,0.00023486586047394284,0.0,0.00016200378725973706,0.0,0.0002864055277285182,0.0,0.0003251515185754592,12.566749733001068,2.656885099633191,1.1531777355487338,0.0,0.0,0.015894966064247455,0.2223210315695865,0.2054871703090925,0.0,0.0,3.901169640879389e-05,0.0,0.0,5.091501084368807e-05,0.0,0.0,0.0,0.0008960296242151901,0.0002470497931328557,0.0002477719602022731,0.0002470497931328557
492,1,0,0,18,8,0,1,0,8,3,0,7,0,8,0,12,0,5,327,170,86,0,3,3,15,41,0,0,3,0,0,3,0,0,0,16,6,6,6,0.0007488583654219143,0.0,0.0,0.000344517573190653,0.00045760495970559523,0.0,0.00010434205914671361,0.0,0.0001750437921277074,7.690832827212443e-05,0.0,0.00016440610233176,0.0,0.0002592060596155793,0.0,0.00019093701848567883,0.0,0.000406439398219324,11.641153435386258,3.370675126400317,1.3968068346083256,0.0,0.091279741982596,0.04768489819274236,0.2223210315695865,0.2717733542797675,0.0,0.0,5.851754461319084e-05,0.0,0.0,3.8186258132766054e-05,0.0,0.0,0.0,0.0008433219992613554,0.0002964597517594269,0.0002973263522427277,0.0002964597517594269
493,1,0,1,29,5,4,0,0,4,2,0,6,0,4,0,16,0,3,349,136,78,0,1,6,21,34,1,0,1,0,0,5,0,1,0,14,1,1,1,0.0007488583654219143,0.0,1.3016393353428648e-05,0.0005550560901404966,0.000286003099815997,0.0008424505792163651,0.0,0.0,8.75218960638537e-05,5.127221884808295e-05,0.0,0.00014091951628436572,0.0,0.00012960302980778964,0.0,0.00025458269131423844,0.0,0.00024386363893159438,12.42435030259879,2.6965401011202537,1.2668713151098767,0.0,0.030426580660865333,0.09536979638548472,0.31124944419742107,0.22537302550029498,0.005146653902964988,0.0,1.9505848204396945e-05,0.0,0.0,6.36437635546101e-05,0.0,0.03649235485165858,0.0,0.000737906749353686,4.940995862657114e-05,4.955439204045462e-05,4.940995862657114e-05
494,0,0,0,22,3,2,1,0,10,0,0,4,0,1,0,14,0,2,342,140,83,0,4,4,17,28,0,0,1,0,0,4,0,1,0,16,10,10,10,0.0,0.0,0.0,0.00042107703389968705,0.0001716018598895982,0.00042122528960818255,0.00010434205914671361,0.0,0.00021880474015963423,0.0,0.0,9.394634418957715e-05,0.0,3.240075745194741e-05,0.0,0.00022275985489995863,0.0,0.0001625757592877296,12.175151299394802,2.7758501040943786,1.3480810147964073,0.0,0.12170632264346133,0.06357986425698982,0.25196383577886466,0.18560131511789,0.0,0.0,1.9505848204396945e-05,0.0,0.0,5.091501084368807e-05,0.0,0.03649235485165858,0.0,0.0008433219992613554,0.0004940995862657114,0.0004955439204045462,0.0004940995862657114
495,0,0,0,16,5,2,0,0,10,2,1,5,0,5,0,14,0,3,349,128,76,0,2,2,16,42,0,0,4,0,1,3,0,0,0,16,4,4,4,0.0,0.0,0.0,0.000306237842836136,0.000286003099815997,0.00042122528960818255,0.0,0.0,0.00021880474015963423,5.127221884808295e-05,2.561613267148419e-05,0.00011743293023697142,0.0,0.00016200378725973706,0.0,0.00022275985489995863,0.0,0.00024386363893159438,12.42435030259879,2.5379200951720033,1.2343874352352644,0.0,0.060853161321730666,0.03178993212849491,0.23714243367422558,0.278401972676835,0.0,0.0,7.802339281758778e-05,0.0,4.306131871499169e-05,3.8186258132766054e-05,0.0,0.0,0.0,0.0008433219992613554,0.00019763983450628457,0.00019821756816181847,0.00019763983450628457
496,0,0,0,17,5,1,0,0,8,0,0,10,0,7,0,17,0,2,330,131,70,0,0,4,12,39,0,0,2,0,0,5,0,0,0,17,8,8,8,0.0,0.0,0.0,0.0003253777080133945,0.000286003099815997,0.00021061264480409127,0.0,0.0,0.0001750437921277074,0.0,0.0,0.00023486586047394284,0.0,0.00022680530216363188,0.0,0.0002704941095213783,0.0,0.0001625757592877296,11.747953008187967,2.5974025974025974,1.1369357956114279,0.0,0.0,0.06357986425698982,0.17785682525566918,0.25851611748563247,0.0,0.0,3.901169640879389e-05,0.0,0.0,6.36437635546101e-05,0.0,0.0,0.0,0.0008960296242151901,0.00039527966901256915,0.00039643513632363694,0.00039527966901256915
497,2,0,0,17,2,1,2,0,11,2,0,4,0,3,0,14,0,3,322,141,61,0,4,3,18,45,1,0,7,0,1,7,0,0,0,14,4,4,4,0.0014977167308438287,0.0,0.0,0.0003253777080133945,0.00011440123992639881,0.00021061264480409127,0.00020868411829342721,0.0,0.00024068521417559767,5.127221884808295e-05,0.0,9.394634418957715e-05,0.0,9.720227235584223e-05,0.0,0.00022275985489995863,0.0,0.00024386363893159438,11.46315414738341,2.79567760483791,0.9907583361756728,0.0,0.12170632264346133,0.04768489819274236,0.2667852378835038,0.2982878278680375,0.005146653902964988,0.0,0.0001365409374307786,0.0,4.306131871499169e-05,8.910126897645413e-05,0.0,0.0,0.0,0.000737906749353686,0.00019763983450628457,0.00019821756816181847,0.00019763983450628457
498,1,0,1,16,2,0,1,0,4,0,0,8,0,3,0,9,0,0,321,148,69,0,2,3,16,45,0,0,4,0,0,7,0,1,0,17,2,2,2,0.0007488583654219143,0.0,1.3016393353428648e-05,0.000306237842836136,0.00011440123992639881,0.0,0.00010434205914671361,0.0,8.75218960638537e-05,0.0,0.0,0.0001878926883791543,0.0,9.720227235584223e-05,0.0,0.0001432027638642591,0.0,0.0,11.42755428978284,2.934470110042629,1.1206938556741217,0.0,0.060853161321730666,0.04768489819274236,0.23714243367422558,0.2982878278680375,0.0,0.0,7.802339281758778e-05,0.0,0.0,8.910126897645413e-05,0.0,0.03649235485165858,0.0,0.0008960296242151901,9.881991725314229e-05,9.910878408090924e-05,9.881991725314229e-05
499,1,0,0,21,1,1,1,0,7,2,0,1,0,4,0,16,0,3,351,160,70,0,3,3,15,33,0,0,3,0,1,1,0,0,0,16,4,4,4,0.0007488583654219143,0.0,0.0,0.00040193716872242855,5.7200619963199404e-05,0.00021061264480409127,0.00010434205914671361,0.0,0.00015316331811174397,5.127221884808295e-05,0.0,2.3486586047394287e-05,0.0,0.00012960302980778964,0.0,0.00025458269131423844,0.0,0.00024386363893159438,12.495550017799928,3.172400118965004,1.1369357956114279,0.0,0.091279741982596,0.04768489819274236,0.2223210315695865,0.21874440710322748,0.0,0.0,5.851754461319084e-05,0.0,4.306131871499169e-05,1.2728752710922018e-05,0.0,0.0,0.0,0.0008433219992613554,0.00019763983450628457,0.00019821756816181847,0.00019763983450628457
500,0,0,0,18,6,1,0,0,8,0,0,8,0,7,0,13,0,3,324,137,57,0,2,2,17,35,0,0,2,0,2,8,0,0,0,12,7,7,7,0.0,0.0,0.0,0.000344517573190653,0.0003432037197791964,0.00021061264480409127,0.0,0.0,0.0001750437921277074,0.0,0.0,0.0001878926883791543,0.0,0.00022680530216363188,0.0,0.00020684843669281872,0.0,0.00024386363893159438,11.534353862584549,2.716367601863785,0.9257905764264484,0.0,0.060853161321730666,0.03178993212849491,0.25196383577886466,0.2320016438973625,0.0,0.0,3.901169640879389e-05,0.0,8.612263742998338e-05,0.00010183002168737614,0.0,0.0,0.0,0.0006324914994460166,0.000345869710385998,0.0003468807442831823,0.000345869710385998
501,0,0,0,9,3,2,1,0,4,1,0,5,0,3,0,8,0,6,331,157,58,0,4,3,18,32,0,0,1,0,2,5,0,0,0,17,4,4,4,0.0,0.0,0.0,0.0001722587865953265,0.0001716018598895982,0.00042122528960818255,0.00010434205914671361,0.0,8.75218960638537e-05,2.5636109424041476e-05,0.0,0.00011743293023697142,0.0,9.720227235584223e-05,0.0,0.00012729134565711922,0.0,0.00048772727786318876,11.783552865788536,3.1129176167344106,0.9420325163637544,0.0,0.12170632264346133,0.04768489819274236,0.2667852378835038,0.21211578870616,0.0,0.0,1.9505848204396945e-05,0.0,8.612263742998338e-05,6.36437635546101e-05,0.0,0.0,0.0,0.0008960296242151901,0.00019763983450628457,0.00019821756816181847,0.00019763983450628457
502,0,0,0,15,2,3,0,0,7,0,0,9,0,10,0,24,0,4,323,128,45,0,1,1,12,39,0,0,3,0,0,4,0,1,0,10,7,7,7,0.0,0.0,0.0,0.0002870979776588775,0.00011440123992639881,0.0006318379344122738,0.0,0.0,0.00015316331811174397,0.0,0.0,0.00021137927442654855,0.0,0.0003240075745194741,0.0,0.00038187403697135765,0.0,0.0003251515185754592,11.49875400498398,2.5379200951720033,0.730887297178775,0.0,0.030426580660865333,0.015894966064247455,0.17785682525566918,0.25851611748563247,0.0,0.0,5.851754461319084e-05,0.0,0.0,5.091501084368807e-05,0.0,0.03649235485165858,0.0,0.0005270762495383471,0.000345869710385998,0.0003468807442831823,0.000345869710385998
503,0,0,0,17,5,2,0,0,4,0,0,7,0,5,0,15,0,1,303,170,46,0,3,6,10,34,0,0,0,0,0,3,0,0,0,10,5,5,5,0.0,0.0,0.0,0.0003253777080133945,0.000286003099815997,0.00042122528960818255,0.0,0.0,8.75218960638537e-05,0.0,0.0,0.00016440610233176,0.0,0.00016200378725973706,0.0,0.00023867127310709852,0.0,8.12878796438648e-05,10.786756852972589,3.370675126400317,0.7471292371160811,0.0,0.091279741982596,0.09536979638548472,0.148214021046391,0.22537302550029498,0.0,0.0,0.0,0.0,0.0,3.8186258132766054e-05,0.0,0.0,0.0,0.0005270762495383471,0.0002470497931328557,0.0002477719602022731,0.0002470497931328557
504,1,0,0,18,1,1,2,0,3,2,0,5,0,5,0,18,0,2,335,155,46,1,1,5,17,38,0,0,0,0,0,1,0,0,0,12,8,8,8,0.0007488583654219143,0.0,0.0,0.000344517573190653,5.7200619963199404e-05,0.00021061264480409127,0.00020868411829342721,0.0,6.564142204789027e-05,5.127221884808295e-05,0.0,0.00011743293023697142,0.0,0.00016200378725973706,0.0,0.0002864055277285182,0.0,0.0001625757592877296,11.925952296190815,3.073262615247348,0.7471292371160811,0.016708158593841373,0.030426580660865333,0.07947483032123727,0.25196383577886466,0.251887499088565,0.0,0.0,0.0,0.0,0.0,1.2728752710922018e-05,0.0,0.0,0.0,0.0006324914994460166,0.00039527966901256915,0.00039643513632363694,0.00039527966901256915
505,2,0,0,14,0,1,1,0,10,4,0,9,0,6,0,16,0,6,304,144,46,0,3,3,14,31,0,0,2,0,1,3,0,1,0,12,9,9,9,0.0014977167308438287,0.0,0.0,0.000267958112481619,0.0,0.00021061264480409127,0.00010434205914671361,0.0,0.00021880474015963423,0.0001025444376961659,0.0,0.00021137927442654855,0.0,0.00019440454471168447,0.0,0.00025458269131423844,0.0,0.00048772727786318876,10.822356710573159,2.855160107068504,0.7471292371160811,0.0,0.091279741982596,0.04768489819274236,0.20749962946494738,0.2054871703090925,0.0,0.0,3.901169640879389e-05,0.0,4.306131871499169e-05,3.8186258132766054e-05,0.0,0.03649235485165858,0.0,0.0006324914994460166,0.0004446896276391403,0.00044598952836409156,0.0004446896276391403
506,0,0,0,9,5,0,1,0,3,0,0,1,0,9,0,15,0,2,272,130,37,0,1,2,16,35,0,0,3,0,0,3,0,0,0,12,4,4,4,0.0,0.0,0.0,0.0001722587865953265,0.000286003099815997,0.0,0.00010434205914671361,0.0,6.564142204789027e-05,0.0,0.0,2.3486586047394287e-05,0.0,0.0002916068170675267,0.0,0.00023867127310709852,0.0,0.0001625757592877296,9.683161267354931,2.577575096659066,0.6009517776803261,0.0,0.030426580660865333,0.03178993212849491,0.23714243367422558,0.2320016438973625,0.0,0.0,5.851754461319084e-05,0.0,0.0,3.8186258132766054e-05,0.0,0.0,0.0,0.0006324914994460166,0.00019763983450628457,0.00019821756816181847,0.00019763983450628457
507,0,0,0,14,0,0,0,0,5,1,0,8,0,4,0,13,0,2,316,142,39,0,4,6,11,24,1,0,2,0,0,4,0,1,0,23,4,4,4,0.0,0.0,0.0,0.000267958112481619,0.0,0.0,0.0,0.0,0.00010940237007981711,2.5636109424041476e-05,0.0,0.0001878926883791543,0.0,0.00012960302980778964,0.0,0.00020684843669281872,0.0,0.0001625757592877296,11.249555001779992,2.8155051055814413,0.6334356575549384,0.0,0.12170632264346133,0.09536979638548472,0.1630354231510301,0.15908684152962,0.005146653902964988,0.0,3.901169640879389e-05,0.0,0.0,5.091501084368807e-05,0.0,0.03649235485165858,0.0,0.0012122753739381984,0.00019763983450628457,0.00019821756816181847,0.00019763983450628457
508,2,0,0,12,1,1,0,0,7,1,0,3,0,5,0,15,0,7,326,131,33,0,2,3,14,37,0,0,0,0,1,5,0,0,0,15,2,2,2,0.0014977167308438287,0.0,0.0,0.00022967838212710202,5.7200619963199404e-05,0.00021061264480409127,0.0,0.0,0.00015316331811174397,2.5636109424041476e-05,0.0,7.045975814218286e-05,0.0,0.00016200378725973706,0.0,0.00023867127310709852,0.0,0.0005690151575070535,11.605553577785688,2.5974025974025974,0.5359840179311016,0.0,0.060853161321730666,0.04768489819274236,0.20749962946494738,0.24525888069149748,0.0,0.0,0.0,0.0,4.306131871499169e-05,6.36437635546101e-05,0.0,0.0,0.0,0.0007906143743075207,9.881991725314229e-05,9.910878408090924e-05,9.881991725314229e-05
509,0,0,0,17,1,1,0,0,3,1,0,13,0,5,0,4,0,3,312,140,31,0,0,4,13,35,0,0,2,0,0,5,0,1,0,9,5,5,5,0.0,0.0,0.0,0.0003253777080133945,5.7200619963199404e-05,0.00021061264480409127,0.0,0.0,6.564142204789027e-05,2.5636109424041476e-05,0.0,0.0003053256186161257,0.0,0.00016200378725973706,0.0,6.364567282855961e-05,0.0,0.00024386363893159438,11.107155571377714,2.7758501040943786,0.5035001380564894,0.0,0.0,0.06357986425698982,0.1926782273603083,0.2320016438973625,0.0,0.0,3.901169640879389e-05,0.0,0.0,6.36437635546101e-05,0.0,0.03649235485165858,0.0,0.0004743686245845124,0.0002470497931328557,0.0002477719602022731,0.0002470497931328557
510,0,0,0,8,1,1,1,0,6,1,1,10,0,6,0,9,0,3,338,141,38,0,1,1,7,31,1,0,0,0,2,6,0,0,0,11,5,5,5,0.0,0.0,0.0,0.000153118921418068,5.7200619963199404e-05,0.00021061264480409127,0.00010434205914671361,0.0,0.00013128284409578053,2.5636109424041476e-05,2.561613267148419e-05,0.00023486586047394284,0.0,0.00019440454471168447,0.0,0.0001432027638642591,0.0,0.00024386363893159438,12.032751868992523,2.79567760483791,0.6171937176176322,0.0,0.030426580660865333,0.015894966064247455,0.10374981473247369,0.2054871703090925,0.005146653902964988,0.0,0.0,0.0,8.612263742998338e-05,7.637251626553211e-05,0.0,0.0,0.0,0.0005797838744921818,0.0002470497931328557,0.0002477719602022731,0.0002470497931328557
511,0,0,0,5,1,0,1,0,7,1,0,4,0,6,0,13,0,9,315,141,31,0,7,8,8,25,0,0,3,0,2,1,0,0,0,17,3,3,3,0.0,0.0,0.0,9.569932588629251e-05,5.7200619963199404e-05,0.0,0.00010434205914671361,0.0,0.00015316331811174397,2.5636109424041476e-05,0.0,9.394634418957715e-05,0.0,0.00019440454471168447,0.0,0.00020684843669281872,0.0,0.0007315909167947832,11.213955144179423,2.79567760483791,0.5035001380564894,0.0,0.21298606462605732,0.12715972851397964,0.11857121683711279,0.1657154599266875,0.0,0.0,5.851754461319084e-05,0.0,8.612263742998338e-05,1.2728752710922018e-05,0.0,0.0,0.0,0.0008960296242151901,0.00014822987587971345,0.00014866317612136385,0.00014822987587971345
