channel,counts_20260818_1552_kanri2f_D1,counts_20260818_1730_linac_D1,counts_20260819_1520_kanri2f_d1,counts_20260819_0832_kanri2f_D1,counts_20260819_1344_kanri1f_D1,counts_20260819_1530_ground_D1,counts_20260819_1854_hoshasenBT_D1,counts_20260819_1859_hoshasenBT_d2,counts_20260820_0807_PF_d2,counts_20260820_0807_PF_D1,counts_20260820_1939_KEKB_D1,counts_20260820_1939_KEKB_d2,cps_20260818_1552_kanri2f_D1,cps_20260818_1730_linac_D1,cps_20260819_1520_kanri2f_d1,cps_20260819_0832_kanri2f_D1,cps_20260819_1344_kanri1f_D1,cps_20260819_1530_ground_D1,cps_20260819_1854_hoshasenBT_D1,cps_20260819_1859_hoshasenBT_d2,cps_20260820_0807_PF_d2,cps_20260820_0807_PF_D1,cps_20260820_1939_KEKB_D1,cps_20260820_1939_KEKB_d2
0,43020,147072,0,1719691,555620,100203,314400,0,0,1048485,1013126,0,32.21588688045075,34.943229606708094,0.0,32.91465388654485,31.781808463952853,21.10401884730436,32.80514339572676,0.0,0.0,22.94134879862741,25.972608996341446,0.0
1,3,15,0,151,46,8,29,0,0,606,108,0,0.002246575096265743,0.003563890095331684,0.0,0.0028901196417660336,0.0026312285183071726,0.0016849011584327302,0.0030259197152546946,0.0,0.0,0.013259567253673835,0.0027686998177964797,0.0
2,2,11,0,79,22,7,8,0,0,156,49,0,0.0014977167308438287,0.002613519403243235,0.0,0.0015120493490034216,0.001258413639190387,0.001474288513628639,0.0008347364731737089,0.0,0.0,0.003413353946490294,0.0012561693617780324,0.0
3,2,6,0,72,15,6,12,0,0,91,36,0,0.0014977167308438287,0.0014255560381326736,0.0,0.001378070292762612,0.0008580092994479911,0.0012636758688245476,0.0012521047097605632,0.0,0.0,0.0019911231354526717,0.0009228999392654932,0.0
4,3,3,0,36,13,4,7,0,0,90,33,0,0.002246575096265743,0.0007127780190663368,0.0,0.000689035146381306,0.0007436080595215923,0.0008424505792163651,0.0007303944140269952,0.0,0.0,0.0019692426614367083,0.0008459916109933688,0.0
5,4593,14682,0,180156,59628,12730,20753,0,0,131674,67614,0,3.4395064723828526,3.4883356253106523,0.0,3.4481615508741825,3.410758567165654,2.681098968356082,2.1654107534717473,0.0,0.0,2.881089535577968,1.7333599025971405,0.0
6,6424,19594,0,251265,81168,17774,35030,0,0,139019,109870,0,4.810666139470378,4.655390835195268,0.0,4.809178223763857,4.6428599211729695,3.7434291487479183,3.6551023319093776,0.0,0.0,3.0418016172252194,2.816639342419437,0.0
7,4882,15401,0,195488,62215,13441,34750,0,0,93500,108814,0,3.655926539989786,3.659164757213551,0.0,3.74161396377191,3.558736571010451,2.830844558811791,3.6258865553482975,0.0,0.0,2.04582432049258,2.7895676108676493,0.0
8,3296,10912,0,132975,42414,8446,27291,0,0,73359,85970,0,2.4682371724306296,2.592611248017289,0.0,2.545123571945949,2.4261070951191397,1.778834398015355,2.847599136172961,0.0,0.0,1.605129693337061,2.203936327184846,0.0
9,2400,8267,0,95796,30896,5667,19926,0,0,61764,63851,0,1.7972600770125944,1.9641786278738023,0.0,1.8335225245206555,1.7672703543830088,1.1935418581047852,2.0791198705574154,0.0,0.0,1.3514255971219649,1.6368912228344723,0.0
10,1908,7067,15001,76821,24850,4180,15136,1533,10421,52856,48739,7180,1.4288217612250125,1.6790674202472675,0.19525891669478315,1.4703435827821754,1.4214354060855052,0.8803608552811015,1.579321407244657,0.16068384023686874,0.22779970947175718,1.1565143345877626,1.2494783372183575,0.1839238325812565
11,1696,6189,19841,65141,21423,3451,12622,1947,12940,46337,40505,10074,1.2700637877555667,1.470461053333853,0.2582582605253778,1.246789957511796,1.2254088814716209,0.726824237218919,1.317005470549819,0.20407791059437927,0.2828642395705343,1.0138755244776971,1.0383906122208,0.25805692053253176
12,1435,5350,17558,57061,18771,2998,11239,1791,10650,41313,35734,9071,1.074611754380447,1.2711208006683006,0.22854183449950022,1.0921398468795473,1.073712837329216,0.6314167091226657,1.1727004027499142,0.18772652176401297,0.23280557584437328,0.9039480230214969,0.9160807341586982,0.2323639394630331
13,1255,4888,15551,50590,16688,2588,9632,1683,8939,37764,31790,8222,0.9398172486045024,1.1613529857320848,0.2024179330391689,0.9682857793175076,0.9545639459458717,0.5450655247529882,1.0050227137011454,0.17640632949683632,0.19540366595989225,0.8262942207388427,0.8149719185902785,0.21061584282494303
14,1138,4396,14096,45286,15200,2217,8796,1537,7662,34002,28710,7536,0.8522008198501385,1.0444573906052055,0.18347908070993024,0.8667679344173285,0.8694494234406309,0.46692823353067037,0.9177927522544929,0.16110310661713453,0.1674888565370505,0.7439798774907883,0.7360127015642308,0.19304317581230487
15,968,4023,12537,41462,13736,2030,7856,1379,6828,30567,26279,6838,0.7248948977284131,0.9558353235679576,0.16318652347193496,0.793577089979492,0.785707715814507,0.4275436689523053,0.8197112166565821,0.14454208459663534,0.14925788468219536,0.668820449245954,0.673691319554386,0.1751631152076089
16,946,3746,11613,37508,12714,1921,7397,1311,6176,28258,24306,6503,0.7084200136891309,0.8900221531408326,0.1511593760133669,0.7178980630686119,0.7272486822121172,0.4045868906686593,0.7718182115082405,0.1374145561321167,0.13500537431125345,0.6182984347430944,0.6231112756607522,0.1665817107626617
17,849,3551,10539,34985,11430,1705,6888,1193,5708,25649,22470,5984,0.6357807522432053,0.8436915819015207,0.13717976955178454,0.6696081832263887,0.6538030861793692,0.3590945593909756,0.7187081034025633,0.12504619791427554,0.12477504478119085,0.5612122780354458,0.576043378758212,0.1532869379061614
18,789,3237,9852,31807,10601,1578,6206,1132,5267,23989,20495,5819,0.5908492503178904,0.7690874825725774,0.12823750731797906,0.6087816916930612,0.6063837722298769,0.332346753500856,0.6475468190645046,0.11865238561522205,0.11513492657017033,0.5248906911689466,0.52541206264573,0.1490602760153665
19,781,2946,9176,30115,10034,1555,5872,1041,4981,21702,19319,5389,0.584858383394515,0.6999480147231427,0.11943842541106128,0.5763970398131397,0.5739510207107428,0.32750266267036193,0.6126965713095023,0.10911407546417505,0.10888305852402096,0.47485004709443823,0.4952639979630573,0.13804533896662832
20,712,2827,8512,28290,9280,1412,5535,996,4718,20257,18262,5116,0.533187156180403,0.6716744866335114,0.11079554022438466,0.541466785864643,0.5308217532584905,0.2973850544633769,0.5775332973770598,0.10439732868618477,0.1031339630829815,0.4432327621413711,0.46816663030184547,0.13105213474731311
21,652,2579,8173,26038,8681,1276,5308,971,4402,19203,17245,4864,0.4882556542550881,0.6127515037240275,0.10638298287757235,0.4983638094854569,0.49655858190053404,0.2687417347700205,0.5538476499507557,0.10177691380952351,0.09622630468234095,0.42017074252854564,0.4420947070175953,0.1245968693140991
22,600,2460,7519,24331,8067,1170,4993,819,4237,17249,16185,4580,0.4493150192531486,0.5844779756343962,0.09787026162443001,0.4656920596278766,0.4614374012431296,0.2464167944207868,0.520979901319541,0.08584479135942302,0.0926194577326394,0.3774162963013531,0.4149204310281113,0.1173218876353976
23,570,2313,7158,22772,7456,1129,4523,831,3913,15645,15582,4449,0.42684926829049114,0.5495518527001457,0.09317134362384227,0.4358530098165306,0.4264878224456148,0.23778167598381905,0.47193913352058564,0.08710259050022043,0.08553692190413452,0.34232001597974776,0.3994618570454143,0.11396617425543316
24,530,2226,6719,21527,7112,1026,4319,794,3751,14023,14592,4128,0.39689493367361456,0.528881290147222,0.08745714694168709,0.41202387767084375,0.40681080917827417,0.21608857356899766,0.45065335345465607,0.08322437648276175,0.08199565398988208,0.30682988712585507,0.37408210871561326,0.10574339566788675
25,480,1992,6368,20212,6757,940,4174,711,3607,12389,13734,3883,0.35945201540251887,0.4732846046600476,0.08288839287463363,0.38685495496274885,0.3865045890913384,0.1979758861158458,0.4355237548783826,0.07452459909224636,0.07884786028832436,0.2710771925837709,0.35208632682978563,0.09946744316337312
26,460,1922,5928,19264,6451,894,3924,727,3294,11005,13171,3768,0.3444748480940806,0.4566531175484998,0.07716117979912503,0.36871036277470776,0.36900119938259934,0.1882877044548576,0.40943824009170415,0.07620166461330957,0.07200578092313291,0.2407946165456775,0.3376531972240503,0.09652158790615244
27,439,1869,5717,17900,6152,821,3752,656,3209,9929,12339,3465,0.32874882242022035,0.44406070587832785,0.07441472080155158,0.3426035866729272,0.3518982140136027,0.17291298138415895,0.3914914059184694,0.06875968636359157,0.07014770825207453,0.21725122650450085,0.31632395418324777,0.08875989970669272
28,413,1759,5342,17170,5683,794,3565,639,3010,8853,11747,3418,0.30927850491925063,0.4179255118458955,0.06953357329401584,0.32863148509352846,0.32507112325086224,0.16722643997444847,0.37197944085803397,0.06697780424746191,0.06579763223394963,0.19370783646332418,0.3011473774042152,0.08755594147113296
29,391,1638,5156,16355,5304,710,3480,594,2932,7786,11232,3190,0.2928036208799685,0.3891767984102199,0.06711252413027811,0.31303249497406277,0.3033920882848096,0.1495349778109048,0.36311036583056333,0.062261057469471644,0.06409257731227253,0.1703613706882912,0.2879447810508339,0.08171546322203457
30,367,1595,4931,15165,5170,684,3274,559,2808,6945,10586,3091,0.27483102010984256,0.3789603134702691,0.06418383562575666,0.29025605541312516,0.29572720520974094,0.14405904904599845,0.3416159016463403,0.05859247664214587,0.0613819771803756,0.151959892040866,0.2713838543629031,0.07917946608755763
31,362,1416,4717,14264,4734,614,3095,552,2647,6299,10282,2961,0.271086728282733,0.336431224999311,0.06139832744812294,0.27301103688841527,0.270787734905786,0.12931616390971204,0.3229386730590786,0.05785876047668072,0.0578625689446062,0.1378251058265536,0.2635904770979945,0.07584936884026469
32,358,1380,4511,13164,4587,622,2942,498,2616,5643,9743,2813,0.2680912948210453,0.32787788877051494,0.058716950417316637,0.2519571851934309,0.26237924377119565,0.13100106506814477,0.3069743380096314,0.05219866434309239,0.057184918911631966,0.1234715148720816,0.24977261411843613,0.07205818120488504
33,289,1214,4240,12049,4113,496,2736,479,2481,4815,9203,2663,0.21642006760693322,0.2884375050488443,0.05518950781853747,0.2306162355207877,0.23526614990863914,0.10446387182282928,0.2854798738254084,0.05020714903682982,0.054233862316421605,0.10535448238686389,0.2359291150294537,0.0682157613041624
34,284,1136,3891,11068,3704,477,2723,447,2408,4321,8871,2554,0.21267577577982366,0.2699052765531195,0.05064678653819087,0.2118400277818971,0.21187109634369058,0.10046223157155154,0.2841234270565011,0.04685301799470341,0.0526381057871597,0.09454552822297796,0.22741792670067196,0.06542360284297062
35,246,1092,3715,10133,3400,392,2498,425,2416,3844,8320,2316,0.18421915789379092,0.2594511989401466,0.04835590130798743,0.1939442538411604,0.19448210787487796,0.08256015676320379,0.2606464637484906,0.04454705290324149,0.05281298321502402,0.0841085421173634,0.2132924304080251,0.05932696326715739
36,232,980,3533,9351,3187,390,2317,393,2289,3461,7629,2161,0.17373514077788413,0.23284081956167002,0.04598691771766342,0.17897687927254424,0.1822983758227165,0.0821389314735956,0.24176055104293542,0.041192921861115075,0.05003680404767797,0.07572832056924941,0.19557787879601243,0.05535646270307734
37,234,895,3239,8659,2843,362,2157,335,2150,3022,7213,2081,0.17523285750872794,0.2126454423547905,0.04216009807175539,0.16573209256988136,0.1626213625553759,0.07624177741908104,0.22506582157946123,0.035113559347260945,0.04699830873853545,0.06612279247624146,0.18491325727561117,0.053307172089358604
38,207,811,2929,7844,2702,353,1947,347,2015,2564,6637,1841,0.15501368164233625,0.19268765782093306,0.03812501613219251,0.1501331024504157,0.1545560751405648,0.07434626361584422,0.20315398915865138,0.03637135848805835,0.04404725214332508,0.05610153537693022,0.17014685824736328,0.0471593002482024
39,186,721,2819,7287,2339,319,1892,291,2082,2410,6339,1769,0.13928765596847606,0.17130431724894296,0.03669321286331536,0.1394721975466827,0.1337922500939234,0.06718543369250513,0.19741517590558214,0.030501629164337116,0.04551185060168875,0.052731942378471855,0.16250729763899893,0.04531493869585553
40,162,671,2420,6671,2261,273,1719,294,1906,2105,5729,1574,0.12131505519835012,0.15942468359783735,0.03149967191529733,0.12768204059749147,0.12933060173679387,0.05749725203151692,0.17936399967320069,0.03081607894953647,0.04166454718867375,0.046058397803603005,0.14686927089033364,0.040319792824916115
41,157,601,2399,5983,2085,257,1629,268,1864,1887,5472,1523,0.11757076337124055,0.14279319648628946,0.03122632765487533,0.11451381335553762,0.11926329262327076,0.05412744971465146,0.16997321434999646,0.028090847477808753,0.04074644069238608,0.04128845446812298,0.14028079076835495,0.03901337005867042
42,128,550,2166,5518,1839,237,1493,244,1764,1632,4992,1405,0.09585387077400503,0.13067597016216176,0.028193508003526453,0.10561377604811241,0.1051919401123237,0.04991519681856963,0.1557826943060434,0.02557524919621394,0.03856047284408211,0.035708933594052306,0.12797545824481504,0.03599066640343529
43,109,482,2061,5017,1682,219,1452,229,1803,1425,4753,1235,0.08162556183098865,0.11451966839665811,0.026826786701416444,0.0960247035943059,0.0962114427781014,0.04612416921209599,0.15150466988102815,0.024003000270217182,0.039413000304920655,0.03117967547274788,0.12184842809246914,0.031635923849282974
44,125,526,1867,4572,1491,166,1254,201,1699,1273,4353,1145,0.09360729567773929,0.12497374600963106,0.02430160639085129,0.08750746359042587,0.0852861243651303,0.03496169903747915,0.13084494216997886,0.021068135608356565,0.037139593742684524,0.027853843422321438,0.11159398432285254,0.0293304719088494
45,82,408,1704,4186,1483,173,1246,205,1631,1121,4122,1019,0.06140638596459697,0.09693781059302181,0.02217993427424242,0.08011947563200408,0.08482851940542471,0.036435987551107794,0.13001020569680516,0.021487401988622368,0.03565313560583782,0.024528011371895,0.10567204304589897,0.02610283919224239
46,89,385,1585,3976,1308,164,1082,170,1594,966,3790,961,0.06664839452255038,0.09147317911351323,0.020630983465184407,0.0761001039447798,0.07481841091186482,0.03454047374787097,0.11289810799674412,0.017818821161296596,0.03484432750196535,0.021136537899420667,0.0971608547171172,0.02461710349729631
47,79,338,1438,3545,1231,137,1033,149,1531,848,3508,938,0.05915981086833123,0.08030632348147394,0.0187175736422304,0.06785082205338139,0.07041396317469847,0.028853932338160505,0.10778534709855515,0.015617672664901135,0.03346716775753385,0.018554641965536984,0.0899314718595375,0.024027932445852173
48,95,321,1384,3271,1052,143,999,130,1501,703,3335,891,0.07114154471508186,0.07626724804009805,0.01801468840114525,0.06260649899481256,0.06017505220128577,0.030117608206985055,0.10423771708756689,0.013626157358638575,0.03281137740304266,0.015381973233222287,0.08549642492917833,0.022823974210292416
49,66,279,1289,2983,984,142,879,134,1433,703,3077,781,0.04942465211784634,0.06628835577316933,0.01677813103256953,0.05709421782376211,0.05628541004378822,0.029906995562180964,0.09171666998996125,0.014045423738904377,0.031324919266195954,0.015381973233222287,0.07888230869777563,0.020006199616429153
50,69,289,1186,2757,901,110,787,136,1410,604,2787,733,0.05167122721411209,0.06866428250339045,0.015437442517166378,0.05276860829370169,0.05153775858684266,0.023167390928450042,0.08211720054846361,0.014255056929037278,0.030822146661086038,0.013215806305641908,0.0714478369648036,0.018776625248197912
51,57,241,1011,2577,818,103,805,111,1348,507,2521,640,0.04268492682904911,0.05725983419832906,0.013159573680316365,0.04932343256179516,0.04679010712989711,0.021693102414821402,0.08399535761310445,0.011634642052376014,0.029466846595137573,0.011093400326093456,0.06462863185800856,0.01639432490974988
52,47,206,1003,2201,759,103,698,112,1301,459,2469,639,0.035196343174829975,0.04894409064255513,0.013055442533488934,0.042126843255145964,0.04341527055206835,0.021693102414821402,0.07283075728440609,0.011739458647442464,0.028439441706434705,0.010043137573327211,0.0632955541679584,0.016368708777078397
53,49,204,949,2048,723,89,592,98,1225,426,2152,583,0.0366940599056738,0.048468905296510906,0.012352557292403787,0.03919844388302541,0.04135604823339317,0.018744525387564125,0.06177049901485445,0.010272026316512157,0.026778106141723684,0.009321081930800418,0.05516890748053726,0.014934205347475284
54,38,171,854,1920,627,78,619,96,1175,358,2081,506,0.028456617886032744,0.040628347086781195,0.011115999923828066,0.03674854114033632,0.03586478871692603,0.01642778629471912,0.06458773461181572,0.010062393126379255,0.025685122217571698,0.007833209697714906,0.053348743711430315,0.012961763131771002
55,51,173,770,1729,587,67,579,73,1184,290,1881,490,0.03819177663651763,0.041103532432825426,0.010022622882140059,0.03309282689147995,0.03357676391839805,0.014111047201874116,0.060414052245947175,0.007651611439850892,0.025881859323919055,0.006345337464629393,0.04822152182662202,0.012551905009027253
56,31,152,768,1574,492,64,489,75,1109,286,1792,441,0.023214609328079342,0.03611408629936107,0.009996590095433203,0.03012614778900488,0.02814270502189411,0.013479209267461842,0.05102326692274295,0.007861244629983792,0.024242383437691077,0.006257815568565539,0.04593990808788233,0.011296714508124528
57,30,118,658,1390,461,61,489,72,1061,256,1632,429,0.02246575096265743,0.02803593541660925,0.00856478682655605,0.026604412596389317,0.026369485803034925,0.012847371333049569,0.05102326692274295,0.007546794844784441,0.023193118870505167,0.0056014013480866365,0.04183813058003569,0.010989320916066718
58,22,150,590,1309,413,67,475,60,960,199,1510,407,0.016474884039282114,0.03563890095331684,0.007679672078522903,0.025054083517031377,0.023623856044801356,0.014111047201874116,0.04956247809468896,0.006288995703987035,0.020985291343718154,0.004354214329176721,0.038710525230302634,0.010425765997294067
59,28,116,559,1203,403,54,388,53,951,200,1408,349,0.0209680342318136,0.027560750070565024,0.007276163884566615,0.023025257808241977,0.02305184984516936,0.01137308281942093,0.04048471894892488,0.0055552795385218805,0.020788554237370797,0.004376094803192685,0.0360956420690504,0.008940030302347983
60,28,115,563,1082,385,44,388,57,890,164,1310,332,0.0209680342318136,0.027323157397542912,0.007328229457980329,0.0207093341217937,0.02202223868583177,0.009266956371380017,0.04048471894892488,0.005974545918787683,0.01945511384990537,0.0035883977386180015,0.033583303345494336,0.008504556046932751
61,25,86,497,987,338,32,375,59,859,164,1195,296,0.018721459135547857,0.020432969879901657,0.006469147496654039,0.01889104692995414,0.0193338095475614,0.006739604633730921,0.039128272180017604,0.006184179108920584,0.01877746381693114,0.0035883977386180015,0.030635150761729565,0.007582375270759321
62,22,83,447,842,285,34,351,42,827,145,1075,264,0.016474884039282114,0.019720191860835318,0.005818327828982606,0.01611576647925166,0.01630217668951183,0.007160829923339104,0.03662406276049648,0.004402296992790924,0.01807795410547387,0.0031726687323146963,0.027558817630844588,0.006762659025271827
63,18,84,438,826,281,32,317,35,808,117,957,245,0.013479450577594457,0.01995778453385743,0.005701180288801748,0.01580952863641552,0.01607337420965903,0.006739604633730921,0.033076432749508215,0.0036685808273257702,0.017662620214296113,0.0025600154598677204,0.024533756718807694,0.006275952504513627
64,15,72,412,714,273,37,261,36,687,112,943,274,0.011232875481328715,0.017106672457592082,0.005362754061612603,0.01366586373656257,0.015615769249953438,0.007792667857751377,0.02723327743729225,0.0037733974223922205,0.015017599117848304,0.0024506130897879036,0.024174851186871113,0.007018820351986668
65,9,61,378,640,238,18,276,42,704,93,793,204,0.0067397252887972285,0.014493153054348848,0.0049201966875960295,0.012249513713445442,0.013613747551241458,0.003791027606473643,0.028798408324492954,0.004402296992790924,0.01538921365205998,0.0020348840834845984,0.02032943477326489,0.005225691064982775
66,18,86,297,593,194,19,228,30,665,101,782,178,0.013479450577594457,0.020432969879901657,0.0038658688259683087,0.011349940050114292,0.011096920272860685,0.004001640251277735,0.0237899894854507,0.0031444978519935174,0.01453668619122143,0.0022099278756123057,0.020047437569600434,0.004559671615524186
67,9,51,293,578,160,23,202,18,616,91,739,173,0.0067397252887972285,0.012117226324127726,0.003813803252554594,0.011062842072455415,0.009152099194111904,0.004844090830494099,0.021077095947636147,0.0018866987111961103,0.013465561945552483,0.0019911231354526717,0.018945084864366652,0.004431590952166766
68,8,49,267,513,169,13,185,25,565,74,655,165,0.005990866923375315,0.0116420409780835,0.0034753770253654493,0.009818750835933612,0.0096669047737807,0.0027379643824531866,0.019303280942142016,0.0026204148766612646,0.012350718342917455,0.0016191550771812934,0.016791651672747168,0.0042266618907948915
69,10,48,271,463,164,20,189,20,594,81,604,128,0.007488583654219143,0.011404448305061389,0.003527442598779164,0.008861757577070686,0.009380901673964702,0.004212252896081826,0.019720649178728872,0.0020963319013290113,0.012984649018925607,0.0017723183952930374,0.015484210092121052,0.0032788649819499764
70,5,41,241,425,137,22,159,26,524,76,527,136,0.0037442918271095717,0.009741299593906603,0.0031369507981763045,0.008134442700334863,0.007836484934958319,0.004633478185690008,0.016590387404327462,0.002725231471727715,0.011454471525112826,0.0016629160252132201,0.013510229666469859,0.00348379404332185
71,8,41,203,388,146,20,144,23,539,66,457,126,0.005990866923375315,0.009741299593906603,0.0026423278507460156,0.0074262676887762984,0.008351290514627113,0.004212252896081826,0.015025256517126759,0.002410781686528363,0.011782366702358422,0.001444111285053586,0.011715702006786954,0.0032276327166070084
72,5,28,190,347,98,12,159,24,464,36,459,113,0.0037442918271095717,0.006652594844619143,0.0024731147371514434,0.0066415332165087,0.005605660756393542,0.002527351737649095,0.016590387404327462,0.002515598281594814,0.010142890816130441,0.0007876970645746832,0.011766974225635038,0.0028946229918777136
73,5,29,180,286,116,13,146,17,427,42,433,114,0.0037442918271095717,0.006890187517641256,0.0023429508036171567,0.005474001440695931,0.0066352719157311306,0.0027379643824531866,0.015233940635420187,0.0017818821161296597,0.00933408271225797,0.0009189799086704638,0.011100435380609959,0.002920239124549198
74,2,31,187,299,85,8,123,17,427,55,382,105,0.0014977167308438287,0.00736537286368548,0.0024340655570911575,0.005722819688000292,0.004862052696871949,0.0016849011584327302,0.012834073275045772,0.0017818821161296597,0.00933408271225797,0.0012034260708779882,0.009792993799983845,0.0026896939305058403
75,5,25,172,265,99,13,103,14,429,41,377,86,0.0037442918271095717,0.005939816825552807,0.0022388196567897276,0.005072064271973503,0.005662861376356741,0.0027379643824531866,0.010747232092111501,0.001467432330930308,0.00937780206922405,0.0008970994346545004,0.009664813252863638,0.0022029874097476403
76,7,15,168,246,93,4,104,18,417,38,343,90,0.0052420085579534,0.003563890095331684,0.002186754083376013,0.004708406833605592,0.005319657656577544,0.0008424505792163651,0.010851574151258215,0.0018866987111961103,0.009115485927427574,0.0008314580126066101,0.008793185532446226,0.0023054519404335774
77,1,13,149,194,68,13,80,11,365,33,305,79,0.0007488583654219143,0.0030887047492874596,0.0019394426096608687,0.0037131338443881492,0.0038896421574975597,0.0027379643824531866,0.008347364731737089,0.0011529825457309564,0.007978782646309506,0.000722055642526793,0.007819013374332651,0.002023674481047251
78,3,18,135,213,77,5,88,15,359,45,259,77,0.002246575096265743,0.0042766681143980205,0.0017572131027128676,0.0040767912827560605,0.004404447737166355,0.0010530632240204564,0.009182101204910796,0.0015722489259967587,0.007847624575411268,0.0009846213307183542,0.006639752340826742,0.0019724422157042826
79,7,23,125,190,59,9,82,10,335,40,271,62,0.0052420085579534,0.005464631479508582,0.001627049169178581,0.0036365743836791154,0.003374836577828765,0.0018955138032368216,0.008556048850030515,0.0010481659506645057,0.007322992291818314,0.0008752189606385369,0.00694738565391524,0.00158820022563202
80,2,13,100,168,67,6,74,12,294,35,227,60,0.0014977167308438287,0.0030887047492874596,0.0013016393353428649,0.0032154973497794284,0.00383244153753436,0.0012636758688245476,0.007721312376856806,0.001257799140797407,0.006426745474013684,0.0007658165905587199,0.005819396839257415,0.0015369679602890516
81,2,7,86,152,58,8,62,9,288,49,241,44,0.0014977167308438287,0.0016631487111547858,0.0011194098283948638,0.0029092595069432924,0.0033176359578655653,0.0016849011584327302,0.006469207667096243,0.0009433493555980551,0.0062955874031154465,0.0010721432267822078,0.006178302371193996,0.0011271098375453044
82,4,12,85,159,41,6,70,7,300,32,179,45,0.0029954334616876573,0.002851112076265347,0.0011063934350414352,0.0030432385631841015,0.0023452254184911756,0.0012636758688245476,0.0073039441402699525,0.000733716165465154,0.006557903544911923,0.0007001751685108296,0.004588863586903425,0.0011527259702167887
83,4,15,77,145,40,10,58,7,251,28,194,34,0.0029954334616876573,0.003563890095331684,0.001002262288214006,0.002775280450702483,0.002288024798527976,0.002106126448040913,0.006051839430509389,0.000733716165465154,0.005486779299242976,0.0006126532724469759,0.004973405228264047,0.0008709485108304625
84,1,11,78,136,44,5,61,4,291,38,163,37,0.0007488583654219143,0.002613519403243235,0.0010152786815674345,0.002603021664107156,0.002516827278380774,0.0010530632240204564,0.00636486560794953,0.0004192663802658023,0.0063611664385645654,0.0008314580126066101,0.004178685836118761,0.0009477969088449151
85,2,9,81,149,34,8,42,7,275,29,148,32,0.0014977167308438287,0.0021383340571990103,0.0010543278616277206,0.0028518399114115167,0.0019448210787487799,0.0016849011584327302,0.004382366484161971,0.000733716165465154,0.006011411582835929,0.0006345337464629393,0.0037941441947581386,0.0008197162454874941
86,5,7,66,119,36,9,40,10,272,22,159,41,0.0037442918271095717,0.0016631487111547858,0.0008590819613262909,0.0022776439560937617,0.0020592223186751786,0.0018955138032368216,0.004173682365868544,0.0010481659506645057,0.00594583254738681,0.00048137042835119534,0.0040761413984225945,0.0010502614395308519
87,2,9,43,129,49,10,37,3,224,26,151,33,0.0014977167308438287,0.0021383340571990103,0.0005597049141974319,0.0024690426078663465,0.002802830378196771,0.002106126448040913,0.003860656188428403,0.00031444978519935173,0.004896567980200902,0.0005688923244150491,0.003871052523030263,0.0008453323781589784
88,0,7,60,127,34,12,36,2,220,23,126,34,0.0,0.0016631487111547858,0.000780983601205719,0.0024307628775118296,0.0019448210787487799,0.002527351737649095,0.0037563141292816897,0.00020963319013290115,0.004809129266268744,0.0005032509023671588,0.0032301497874292263,0.0008709485108304625
89,2,3,52,124,35,9,29,2,183,24,126,22,0.0014977167308438287,0.0007127780190663368,0.0006768524543782897,0.0023733432819800543,0.002002021698711979,0.0018955138032368216,0.0030259197152546946,0.00020963319013290115,0.004000321162396273,0.0005251313763831221,0.0032301497874292263,0.0005635549187726522
90,1,7,46,111,32,11,35,2,173,23,85,25,0.0007488583654219143,0.0016631487111547858,0.0005987540942577178,0.0021245250346756937,0.001830419838822381,0.002316739092845004,0.0036519720701349762,0.00020963319013290115,0.0037817243775658755,0.0005032509023671588,0.0021790693010435257,0.0006404033167871048
91,6,3,47,112,30,5,21,5,187,24,101,27,0.004493150192531486,0.0007127780190663368,0.0006117704876111465,0.002143664899852952,0.0017160185988959822,0.0010530632240204564,0.0021911832420809857,0.0005240829753322528,0.004087759876328432,0.0005251313763831221,0.002589247051828189,0.0006916355821300732
92,3,3,50,103,33,5,29,7,188,23,74,20,0.002246575096265743,0.0007127780190663368,0.0006508196676714324,0.0019714061132576257,0.0018876204587855803,0.0010530632240204564,0.0030259197152546946,0.000733716165465154,0.004109619554811472,0.0005032509023671588,0.0018970720973790693,0.0005123226534296838
93,6,6,55,100,24,5,30,2,181,21,80,24,0.004493150192531486,0.0014255560381326736,0.0007159016344385757,0.0019139865177258502,0.0013728148791167856,0.0010530632240204564,0.003130261774401408,0.00020963319013290115,0.003956601805430194,0.0004594899543352319,0.002050888753923318,0.0006147871841156206
94,2,5,50,90,20,4,17,0,156,27,66,26,0.0014977167308438287,0.0011879633651105614,0.0006508196676714324,0.001722587865953265,0.001144012399263988,0.0008424505792163651,0.0017738150054941312,0.0,0.0034101098433542,0.0005907727984310124,0.0016919832219867376,0.000666019449458589
95,3,7,51,86,36,6,23,4,162,22,67,20,0.002246575096265743,0.0016631487111547858,0.0006638360610248611,0.001646028405244231,0.0020592223186751786,0.0012636758688245476,0.002399867360374413,0.0004192663802658023,0.0035412679142524384,0.00048137042835119534,0.001717619331410779,0.0005123226534296838
96,2,4,43,79,28,4,19,5,138,25,57,11,0.0014977167308438287,0.0009503706920884491,0.0005597049141974319,0.0015120493490034216,0.0016016173589695833,0.0008424505792163651,0.0019824991237875583,0.0005240829753322528,0.0030166356306594844,0.0005470118503990856,0.0014612582371703643,0.0002817774593863261
97,4,6,41,103,20,7,26,1,144,21,54,13,0.0029954334616876573,0.0014255560381326736,0.0005336721274905746,0.0019714061132576257,0.001144012399263988,0.001474288513628639,0.002712893537814554,0.00010481659506645058,0.0031477937015577232,0.0004594899543352319,0.0013843499088982399,0.0003330097247292945
98,4,3,60,90,17,6,24,1,132,25,44,14,0.0029954334616876573,0.0007127780190663368,0.000780983601205719,0.001722587865953265,0.0009724105393743899,0.0012636758688245476,0.0025042094195211265,0.00010481659506645058,0.002885477559761246,0.0005470118503990856,0.001127988814657825,0.0003586258574007787
99,2,4,33,81,18,7,22,0,137,22,50,10,0.0014977167308438287,0.0009503706920884491,0.0004295409806631454,0.0015503290793579387,0.0010296111593375893,0.001474288513628639,0.002295525301227699,0.0,0.0029947759521764448,0.00048137042835119534,0.001281805471202074,0.0002561613267148419
100,0,0,35,75,26,4,12,3,118,29,33,13,0.0,0.0,0.0004555737673700027,0.0014354898882943876,0.0014872161190431846,0.0008424505792163651,0.0012521047097605632,0.00031444978519935173,0.0025794420609986895,0.0006345337464629393,0.0008459916109933688,0.0003330097247292945
101,2,5,43,77,17,5,13,1,125,17,46,5,0.0014977167308438287,0.0011879633651105614,0.0005597049141974319,0.0014737696186489047,0.0009724105393743899,0.0010530632240204564,0.001356446768907277,0.00010481659506645058,0.002732459810379968,0.0003719680582713782,0.001179261033505908,0.00012808066335742095
102,4,1,41,69,12,12,8,2,89,18,33,6,0.0029954334616876573,0.00023759267302211228,0.0005336721274905746,0.0013206506972308367,0.0006864074395583928,0.002527351737649095,0.0008347364731737089,0.00020963319013290115,0.001945511384990537,0.0003938485322873416,0.0008459916109933688,0.00015369679602890516
103,3,1,32,64,16,4,8,2,95,22,39,9,0.002246575096265743,0.00023759267302211228,0.00041652458730971674,0.001224951371344544,0.0009152099194111905,0.0008424505792163651,0.0008347364731737089,0.00020963319013290115,0.0020766694558887757,0.00048137042835119534,0.0009998082675376175,0.00023054519404335774
104,1,2,31,85,24,4,11,1,93,16,35,8,0.0007488583654219143,0.00047518534604422456,0.0004035081939562881,0.0016268885400669726,0.0013728148791167856,0.0008424505792163651,0.0011477626506138496,0.00010481659506645058,0.002032950098922696,0.0003500875842554148,0.0008972638298414517,0.00020492906137187353
105,1,0,25,62,12,8,9,0,98,27,21,7,0.0007488583654219143,0.0,0.0003254098338357162,0.0011866716409900272,0.0006864074395583928,0.0016849011584327302,0.0009390785323204224,0.0,0.0021422484913378947,0.0005907727984310124,0.000538358297904871,0.00017931292870038934
106,2,1,32,49,19,6,14,3,85,18,24,9,0.0014977167308438287,0.00023759267302211228,0.00041652458730971674,0.0009378533936856665,0.0010868117793007886,0.0012636758688245476,0.0014607888280539904,0.00031444978519935173,0.0018580726710583782,0.0003938485322873416,0.0006152666261769954,0.00023054519404335774
107,1,1,36,55,16,1,10,1,73,19,26,7,0.0007488583654219143,0.00023759267302211228,0.0004685901607234314,0.0010526925847492176,0.0009152099194111905,0.00021061264480409127,0.001043420591467136,0.00010481659506645058,0.0015957565292619013,0.00041572900630330504,0.0006665388450250784,0.00017931292870038934
108,1,2,33,62,12,4,11,1,85,24,25,3,0.0007488583654219143,0.00047518534604422456,0.0004295409806631454,0.0011866716409900272,0.0006864074395583928,0.0008424505792163651,0.0011477626506138496,0.00010481659506645058,0.0018580726710583782,0.0005251313763831221,0.000640902735601037,7.684839801445258e-05
109,0,2,27,66,15,2,14,1,88,18,26,2,0.0,0.00047518534604422456,0.00035144262054257353,0.0012632311016990611,0.0008580092994479911,0.00042122528960818255,0.0014607888280539904,0.00010481659506645058,0.0019236517065074974,0.0003938485322873416,0.0006665388450250784,5.123226534296838e-05
110,1,2,34,67,19,3,11,2,82,21,14,2,0.0007488583654219143,0.00047518534604422456,0.00044255737401657406,0.0012823709668763196,0.0010868117793007886,0.0006318379344122738,0.0011477626506138496,0.00020963319013290115,0.001792493635609259,0.0004594899543352319,0.0003589055319365807,5.123226534296838e-05
111,1,0,32,53,17,3,4,1,55,16,14,5,0.0007488583654219143,0.0,0.00041652458730971674,0.0010144128543947005,0.0009724105393743899,0.0006318379344122738,0.00041736823658685443,0.00010481659506645058,0.001202282316567186,0.0003500875842554148,0.0003589055319365807,0.00012808066335742095
112,2,0,31,48,15,5,6,2,63,22,20,3,0.0014977167308438287,0.0,0.0004035081939562881,0.0009187135285084081,0.0008580092994479911,0.0010530632240204564,0.0006260523548802816,0.00020963319013290115,0.0013771597444315038,0.00048137042835119534,0.0005127221884808295,7.684839801445258e-05
113,3,2,27,43,16,4,3,1,50,21,17,2,0.002246575096265743,0.00047518534604422456,0.00035144262054257353,0.0008230142026221155,0.0009152099194111905,0.0008424505792163651,0.0003130261774401408,0.00010481659506645058,0.0010929839241519872,0.0004594899543352319,0.0004358138602087051,5.123226534296838e-05
114,1,2,16,56,15,1,4,0,42,17,18,1,0.0007488583654219143,0.00047518534604422456,0.00020826229365485837,0.001071832449926476,0.0008580092994479911,0.00021061264480409127,0.00041736823658685443,0.0,0.0009181064962876692,0.0003719680582713782,0.0004614499696327466,2.561613267148419e-05
115,1,0,23,58,14,7,5,1,71,24,11,4,0.0007488583654219143,0.0,0.0002993770471288589,0.0011101121802809932,0.0008008086794847916,0.001474288513628639,0.000521710295733568,0.00010481659506645058,0.0015520371722958217,0.0005251313763831221,0.00028199720366445626,0.00010246453068593676
116,1,3,19,56,10,3,3,1,58,24,8,6,0.0007488583654219143,0.0007127780190663368,0.0002473114737151443,0.001071832449926476,0.000572006199631994,0.0006318379344122738,0.0003130261774401408,0.00010481659506645058,0.0012678613520163051,0.0005251313763831221,0.0002050888753923318,0.00015369679602890516
117,2,0,27,60,14,6,6,1,40,20,19,5,0.0014977167308438287,0.0,0.00035144262054257353,0.00114839191063551,0.0008008086794847916,0.0012636758688245476,0.0006260523548802816,0.00010481659506645058,0.0008743871393215898,0.00043760948031926845,0.00048708607905678804,0.00012808066335742095
118,2,0,11,54,11,5,7,0,37,30,12,2,0.0014977167308438287,0.0,0.00014318032688771513,0.0010335527195719592,0.0006292068195951935,0.0010530632240204564,0.0007303944140269952,0.0,0.0008088081038724705,0.0006564142204789027,0.0003076333130884977,5.123226534296838e-05
119,1,0,18,45,13,4,4,0,39,14,12,1,0.0007488583654219143,0.0,0.0002342950803617157,0.0008612939329766325,0.0007436080595215923,0.0008424505792163651,0.00041736823658685443,0.0,0.00085252746083855,0.00030632663622348795,0.0003076333130884977,2.561613267148419e-05
120,1,0,21,55,7,6,7,0,41,21,4,2,0.0007488583654219143,0.0,0.00027334426042200163,0.0010526925847492176,0.0004004043397423958,0.0012636758688245476,0.0007303944140269952,0.0,0.0008962468178046295,0.0004594899543352319,0.0001025444376961659,5.123226534296838e-05
121,3,1,24,61,18,4,4,0,50,22,8,0,0.002246575096265743,0.00023759267302211228,0.0003123934404822876,0.0011675317758127685,0.0010296111593375893,0.0008424505792163651,0.00041736823658685443,0.0,0.0010929839241519872,0.00048137042835119534,0.0002050888753923318,0.0
122,1,0,19,54,7,6,4,1,34,24,8,2,0.0007488583654219143,0.0,0.0002473114737151443,0.0010335527195719592,0.0004004043397423958,0.0012636758688245476,0.00041736823658685443,0.00010481659506645058,0.0007432290684233513,0.0005251313763831221,0.0002050888753923318,5.123226534296838e-05
123,1,1,22,59,15,5,3,1,40,25,5,1,0.0007488583654219143,0.00023759267302211228,0.00028636065377543027,0.0011292520454582516,0.0008580092994479911,0.0010530632240204564,0.0003130261774401408,0.00010481659506645058,0.0008743871393215898,0.0005470118503990856,0.00012818054712020738,2.561613267148419e-05
124,1,0,19,55,8,5,0,1,31,31,5,1,0.0007488583654219143,0.0,0.0002473114737151443,0.0010526925847492176,0.00045760495970559523,0.0010530632240204564,0.0,0.00010481659506645058,0.0006776500329742321,0.0006782946944948661,0.00012818054712020738,2.561613267148419e-05
125,2,0,21,51,19,6,3,0,39,16,7,2,0.0014977167308438287,0.0,0.00027334426042200163,0.0009761331240401836,0.0010868117793007886,0.0012636758688245476,0.0003130261774401408,0.0,0.00085252746083855,0.0003500875842554148,0.00017945276596829034,5.123226534296838e-05
126,0,0,18,52,13,5,7,0,30,24,5,0,0.0,0.0,0.0002342950803617157,0.000995272989217442,0.0007436080595215923,0.0010530632240204564,0.0007303944140269952,0.0,0.0006557903544911923,0.0005251313763831221,0.00012818054712020738,0.0
127,1,0,12,51,8,2,2,0,19,19,5,1,0.0007488583654219143,0.0,0.0001561967202411438,0.0009761331240401836,0.00045760495970559523,0.00042122528960818255,0.00020868411829342721,0.0,0.0004153338911777551,0.00041572900630330504,0.00012818054712020738,2.561613267148419e-05
128,0,0,32,48,13,3,0,1,22,13,6,1,0.0,0.0,0.00041652458730971674,0.0009187135285084081,0.0007436080595215923,0.0006318379344122738,0.0,0.00010481659506645058,0.00048091292662687436,0.00028444616220752453,0.00015381665654424885,2.561613267148419e-05
129,2,2,19,53,15,4,3,0,18,19,3,1,0.0014977167308438287,0.00047518534604422456,0.0002473114737151443,0.0010144128543947005,0.0008580092994479911,0.0008424505792163651,0.0003130261774401408,0.0,0.0003934742126947154,0.00041572900630330504,7.690832827212443e-05,2.561613267148419e-05
130,1,0,20,47,14,5,1,0,19,21,6,0,0.0007488583654219143,0.0,0.00026032786706857295,0.0008995736633311495,0.0008008086794847916,0.0010530632240204564,0.00010434205914671361,0.0,0.0004153338911777551,0.0004594899543352319,0.00015381665654424885,0.0
131,3,2,23,38,11,1,2,0,25,17,6,0,0.002246575096265743,0.00047518534604422456,0.0002993770471288589,0.0007273148767358231,0.0006292068195951935,0.00021061264480409127,0.00020868411829342721,0.0,0.0005464919620759936,0.0003719680582713782,0.00015381665654424885,0.0
132,1,0,22,44,12,6,3,0,28,21,4,2,0.0007488583654219143,0.0,0.00028636065377543027,0.0008421540677993741,0.0006864074395583928,0.0012636758688245476,0.0003130261774401408,0.0,0.0006120709975251128,0.0004594899543352319,0.0001025444376961659,5.123226534296838e-05
133,1,0,23,41,11,2,1,0,19,12,4,2,0.0007488583654219143,0.0,0.0002993770471288589,0.0007847344722675985,0.0006292068195951935,0.00042122528960818255,0.00010434205914671361,0.0,0.0004153338911777551,0.00026256568819156106,0.0001025444376961659,5.123226534296838e-05
134,0,0,20,50,8,5,2,0,24,13,5,2,0.0,0.0,0.00026032786706857295,0.0009569932588629251,0.00045760495970559523,0.0010530632240204564,0.00020868411829342721,0.0,0.0005246322835929538,0.00028444616220752453,0.00012818054712020738,5.123226534296838e-05
135,3,1,25,47,11,3,0,0,19,9,3,0,0.002246575096265743,0.00023759267302211228,0.0003254098338357162,0.0008995736633311495,0.0006292068195951935,0.0006318379344122738,0.0,0.0,0.0004153338911777551,0.0001969242661436708,7.690832827212443e-05,0.0
136,2,0,17,48,10,3,2,0,23,19,2,1,0.0014977167308438287,0.0,0.00022127868700828703,0.0009187135285084081,0.000572006199631994,0.0006318379344122738,0.00020868411829342721,0.0,0.0005027726051099141,0.00041572900630330504,5.127221884808295e-05,2.561613267148419e-05
137,4,0,21,35,10,3,1,0,26,14,6,1,0.0029954334616876573,0.0,0.00027334426042200163,0.0006698952812040476,0.000572006199631994,0.0006318379344122738,0.00010434205914671361,0.0,0.0005683516405590334,0.00030632663622348795,0.00015381665654424885,2.561613267148419e-05
138,0,0,16,68,13,3,2,1,23,12,5,2,0.0,0.0,0.00020826229365485837,0.001301510832053578,0.0007436080595215923,0.0006318379344122738,0.00020868411829342721,0.00010481659506645058,0.0005027726051099141,0.00026256568819156106,0.00012818054712020738,5.123226534296838e-05
139,1,1,23,40,16,7,0,1,11,20,4,2,0.0007488583654219143,0.00023759267302211228,0.0002993770471288589,0.0007655946070903401,0.0009152099194111905,0.001474288513628639,0.0,0.00010481659506645058,0.00024045646331343718,0.00043760948031926845,0.0001025444376961659,5.123226534296838e-05
140,2,0,17,45,11,5,3,2,15,18,1,0,0.0014977167308438287,0.0,0.00022127868700828703,0.0008612939329766325,0.0006292068195951935,0.0010530632240204564,0.0003130261774401408,0.00020963319013290115,0.00032789517724559616,0.0003938485322873416,2.5636109424041476e-05,0.0
141,0,0,10,51,14,3,1,0,6,13,6,1,0.0,0.0,0.00013016393353428647,0.0009761331240401836,0.0008008086794847916,0.0006318379344122738,0.00010434205914671361,0.0,0.00013115807089823846,0.00028444616220752453,0.00015381665654424885,2.561613267148419e-05
142,0,0,21,46,20,4,1,0,15,12,3,0,0.0,0.0,0.00027334426042200163,0.0008804337981538911,0.001144012399263988,0.0008424505792163651,0.00010434205914671361,0.0,0.00032789517724559616,0.00026256568819156106,7.690832827212443e-05,0.0
143,3,2,17,39,9,3,1,0,17,9,3,0,0.002246575096265743,0.00047518534604422456,0.00022127868700828703,0.0007464547419130816,0.0005148055796687946,0.0006318379344122738,0.00010434205914671361,0.0,0.00037161453421167564,0.0001969242661436708,7.690832827212443e-05,0.0
144,1,1,23,51,12,2,4,0,8,13,1,1,0.0007488583654219143,0.00023759267302211228,0.0002993770471288589,0.0009761331240401836,0.0006864074395583928,0.00042122528960818255,0.00041736823658685443,0.0,0.00017487742786431794,0.00028444616220752453,2.5636109424041476e-05,2.561613267148419e-05
145,2,0,15,46,10,3,0,0,15,18,4,1,0.0014977167308438287,0.0,0.00019524590030142974,0.0008804337981538911,0.000572006199631994,0.0006318379344122738,0.0,0.0,0.00032789517724559616,0.0003938485322873416,0.0001025444376961659,2.561613267148419e-05
146,0,0,13,52,10,4,1,0,13,16,2,0,0.0,0.0,0.00016921311359457242,0.000995272989217442,0.000572006199631994,0.0008424505792163651,0.00010434205914671361,0.0,0.0002841758202795167,0.0003500875842554148,5.127221884808295e-05,0.0
147,3,2,26,48,12,1,3,0,7,14,3,0,0.002246575096265743,0.00047518534604422456,0.00033842622718914485,0.0009187135285084081,0.0006864074395583928,0.00021061264480409127,0.0003130261774401408,0.0,0.0001530177493812782,0.00030632663622348795,7.690832827212443e-05,0.0
148,2,1,20,48,10,2,2,0,14,16,1,1,0.0014977167308438287,0.00023759267302211228,0.00026032786706857295,0.0009187135285084081,0.000572006199631994,0.00042122528960818255,0.00020868411829342721,0.0,0.0003060354987625564,0.0003500875842554148,2.5636109424041476e-05,2.561613267148419e-05
149,3,0,22,57,8,2,1,0,11,21,6,0,0.002246575096265743,0.0,0.00028636065377543027,0.0010909723151037345,0.00045760495970559523,0.00042122528960818255,0.00010434205914671361,0.0,0.00024045646331343718,0.0004594899543352319,0.00015381665654424885,0.0
150,0,1,21,34,11,3,0,0,10,13,3,0,0.0,0.00023759267302211228,0.00027334426042200163,0.000650755416026789,0.0006292068195951935,0.0006318379344122738,0.0,0.0,0.00021859678483039744,0.00028444616220752453,7.690832827212443e-05,0.0
151,1,0,16,41,10,5,2,0,8,6,3,0,0.0007488583654219143,0.0,0.00020826229365485837,0.0007847344722675985,0.000572006199631994,0.0010530632240204564,0.00020868411829342721,0.0,0.00017487742786431794,0.00013128284409578053,7.690832827212443e-05,0.0
152,0,1,12,44,13,5,2,0,12,19,3,0,0.0,0.00023759267302211228,0.0001561967202411438,0.0008421540677993741,0.0007436080595215923,0.0010530632240204564,0.00020868411829342721,0.0,0.0002623161417964769,0.00041572900630330504,7.690832827212443e-05,0.0
153,0,0,11,39,14,0,0,0,10,15,2,1,0.0,0.0,0.00014318032688771513,0.0007464547419130816,0.0008008086794847916,0.0,0.0,0.0,0.00021859678483039744,0.00032820711023945137,5.127221884808295e-05,2.561613267148419e-05
154,2,0,20,44,12,2,2,1,4,15,0,1,0.0014977167308438287,0.0,0.00026032786706857295,0.0008421540677993741,0.0006864074395583928,0.00042122528960818255,0.00020868411829342721,0.00010481659506645058,8.743871393215897e-05,0.00032820711023945137,0.0,2.561613267148419e-05
155,1,1,21,43,5,2,1,0,9,13,3,0,0.0007488583654219143,0.00023759267302211228,0.00027334426042200163,0.0008230142026221155,0.000286003099815997,0.00042122528960818255,0.00010434205914671361,0.0,0.0001967371063473577,0.00028444616220752453,7.690832827212443e-05,0.0
156,2,0,16,45,5,5,2,0,6,11,2,0,0.0014977167308438287,0.0,0.00020826229365485837,0.0008612939329766325,0.000286003099815997,0.0010530632240204564,0.00020868411829342721,0.0,0.00013115807089823846,0.00024068521417559767,5.127221884808295e-05,0.0
157,2,0,15,46,9,3,3,0,7,13,3,1,0.0014977167308438287,0.0,0.00019524590030142974,0.0008804337981538911,0.0005148055796687946,0.0006318379344122738,0.0003130261774401408,0.0,0.0001530177493812782,0.00028444616220752453,7.690832827212443e-05,2.561613267148419e-05
158,1,0,6,35,11,3,0,0,7,17,0,1,0.0007488583654219143,0.0,7.80983601205719e-05,0.0006698952812040476,0.0006292068195951935,0.0006318379344122738,0.0,0.0,0.0001530177493812782,0.0003719680582713782,0.0,2.561613267148419e-05
159,1,0,17,46,7,3,1,1,7,7,4,0,0.0007488583654219143,0.0,0.00022127868700828703,0.0008804337981538911,0.0004004043397423958,0.0006318379344122738,0.00010434205914671361,0.00010481659506645058,0.0001530177493812782,0.00015316331811174397,0.0001025444376961659,0.0
160,2,1,15,47,12,5,1,0,7,13,2,0,0.0014977167308438287,0.00023759267302211228,0.00019524590030142974,0.0008995736633311495,0.0006864074395583928,0.0010530632240204564,0.00010434205914671361,0.0,0.0001530177493812782,0.00028444616220752453,5.127221884808295e-05,0.0
161,0,0,17,38,10,2,2,0,9,18,2,1,0.0,0.0,0.00022127868700828703,0.0007273148767358231,0.000572006199631994,0.00042122528960818255,0.00020868411829342721,0.0,0.0001967371063473577,0.0003938485322873416,5.127221884808295e-05,2.561613267148419e-05
162,1,0,23,42,13,5,1,0,10,16,4,0,0.0007488583654219143,0.0,0.0002993770471288589,0.0008038743374448571,0.0007436080595215923,0.0010530632240204564,0.00010434205914671361,0.0,0.00021859678483039744,0.0003500875842554148,0.0001025444376961659,0.0
163,0,0,20,39,13,1,0,0,3,10,1,0,0.0,0.0,0.00026032786706857295,0.0007464547419130816,0.0007436080595215923,0.00021061264480409127,0.0,0.0,6.557903544911923e-05,0.00021880474015963423,2.5636109424041476e-05,0.0
164,1,0,12,49,21,1,1,0,4,9,1,0,0.0007488583654219143,0.0,0.0001561967202411438,0.0009378533936856665,0.0012012130192271876,0.00021061264480409127,0.00010434205914671361,0.0,8.743871393215897e-05,0.0001969242661436708,2.5636109424041476e-05,0.0
165,1,0,15,37,6,5,1,0,6,16,1,1,0.0007488583654219143,0.0,0.00019524590030142974,0.0007081750115585646,0.0003432037197791964,0.0010530632240204564,0.00010434205914671361,0.0,0.00013115807089823846,0.0003500875842554148,2.5636109424041476e-05,2.561613267148419e-05
166,1,0,25,29,11,3,1,0,5,16,1,0,0.0007488583654219143,0.0,0.0003254098338357162,0.0005550560901404966,0.0006292068195951935,0.0006318379344122738,0.00010434205914671361,0.0,0.00010929839241519872,0.0003500875842554148,2.5636109424041476e-05,0.0
167,1,0,8,35,8,2,1,1,9,19,3,0,0.0007488583654219143,0.0,0.00010413114682742919,0.0006698952812040476,0.00045760495970559523,0.00042122528960818255,0.00010434205914671361,0.00010481659506645058,0.0001967371063473577,0.00041572900630330504,7.690832827212443e-05,0.0
168,1,0,15,43,8,3,2,0,6,3,3,0,0.0007488583654219143,0.0,0.00019524590030142974,0.0008230142026221155,0.00045760495970559523,0.0006318379344122738,0.00020868411829342721,0.0,0.00013115807089823846,6.564142204789027e-05,7.690832827212443e-05,0.0
169,3,0,12,43,11,1,2,0,3,12,3,2,0.002246575096265743,0.0,0.0001561967202411438,0.0008230142026221155,0.0006292068195951935,0.00021061264480409127,0.00020868411829342721,0.0,6.557903544911923e-05,0.00026256568819156106,7.690832827212443e-05,5.123226534296838e-05
170,1,0,17,36,12,4,2,0,5,14,1,0,0.0007488583654219143,0.0,0.00022127868700828703,0.000689035146381306,0.0006864074395583928,0.0008424505792163651,0.00020868411829342721,0.0,0.00010929839241519872,0.00030632663622348795,2.5636109424041476e-05,0.0
171,0,0,18,48,9,4,0,0,3,10,2,2,0.0,0.0,0.0002342950803617157,0.0009187135285084081,0.0005148055796687946,0.0008424505792163651,0.0,0.0,6.557903544911923e-05,0.00021880474015963423,5.127221884808295e-05,5.123226534296838e-05
172,1,1,13,34,10,6,3,0,2,16,2,0,0.0007488583654219143,0.00023759267302211228,0.00016921311359457242,0.000650755416026789,0.000572006199631994,0.0012636758688245476,0.0003130261774401408,0.0,4.3719356966079484e-05,0.0003500875842554148,5.127221884808295e-05,0.0
173,1,0,17,35,16,2,2,0,4,16,0,1,0.0007488583654219143,0.0,0.00022127868700828703,0.0006698952812040476,0.0009152099194111905,0.00042122528960818255,0.00020868411829342721,0.0,8.743871393215897e-05,0.0003500875842554148,0.0,2.561613267148419e-05
174,0,0,22,47,7,1,2,0,5,10,0,0,0.0,0.0,0.00028636065377543027,0.0008995736633311495,0.0004004043397423958,0.00021061264480409127,0.00020868411829342721,0.0,0.00010929839241519872,0.00021880474015963423,0.0,0.0
175,1,0,14,42,9,0,0,0,3,7,1,0,0.0007488583654219143,0.0,0.00018222950694800108,0.0008038743374448571,0.0005148055796687946,0.0,0.0,0.0,6.557903544911923e-05,0.00015316331811174397,2.5636109424041476e-05,0.0
176,0,1,20,32,9,4,0,1,2,21,0,1,0.0,0.00023759267302211228,0.00026032786706857295,0.000612475685672272,0.0005148055796687946,0.0008424505792163651,0.0,0.00010481659506645058,4.3719356966079484e-05,0.0004594899543352319,0.0,2.561613267148419e-05
177,0,0,14,31,3,2,1,0,4,20,2,2,0.0,0.0,0.00018222950694800108,0.0005933358204950136,0.0001716018598895982,0.00042122528960818255,0.00010434205914671361,0.0,8.743871393215897e-05,0.00043760948031926845,5.127221884808295e-05,5.123226534296838e-05
178,1,0,17,35,11,2,1,0,1,10,5,0,0.0007488583654219143,0.0,0.00022127868700828703,0.0006698952812040476,0.0006292068195951935,0.00042122528960818255,0.00010434205914671361,0.0,2.1859678483039742e-05,0.00021880474015963423,0.00012818054712020738,0.0
179,2,0,11,40,7,3,0,0,3,17,0,0,0.0014977167308438287,0.0,0.00014318032688771513,0.0007655946070903401,0.0004004043397423958,0.0006318379344122738,0.0,0.0,6.557903544911923e-05,0.0003719680582713782,0.0,0.0
180,3,0,17,32,11,4,0,0,3,16,0,1,0.002246575096265743,0.0,0.00022127868700828703,0.000612475685672272,0.0006292068195951935,0.0008424505792163651,0.0,0.0,6.557903544911923e-05,0.0003500875842554148,0.0,2.561613267148419e-05
181,1,0,10,47,8,1,2,0,5,11,3,0,0.0007488583654219143,0.0,0.00013016393353428647,0.0008995736633311495,0.00045760495970559523,0.00021061264480409127,0.00020868411829342721,0.0,0.00010929839241519872,0.00024068521417559767,7.690832827212443e-05,0.0
182,0,0,15,37,10,4,2,0,3,16,3,0,0.0,0.0,0.00019524590030142974,0.0007081750115585646,0.000572006199631994,0.0008424505792163651,0.00020868411829342721,0.0,6.557903544911923e-05,0.0003500875842554148,7.690832827212443e-05,0.0
183,1,0,12,31,8,1,1,1,4,19,2,1,0.0007488583654219143,0.0,0.0001561967202411438,0.0005933358204950136,0.00045760495970559523,0.00021061264480409127,0.00010434205914671361,0.00010481659506645058,8.743871393215897e-05,0.00041572900630330504,5.127221884808295e-05,2.561613267148419e-05
184,2,0,18,43,8,4,2,0,0,25,1,0,0.0014977167308438287,0.0,0.0002342950803617157,0.0008230142026221155,0.00045760495970559523,0.0008424505792163651,0.00020868411829342721,0.0,0.0,0.0005470118503990856,2.5636109424041476e-05,0.0
185,0,0,15,31,8,4,2,1,3,18,4,0,0.0,0.0,0.00019524590030142974,0.0005933358204950136,0.00045760495970559523,0.0008424505792163651,0.00020868411829342721,0.00010481659506645058,6.557903544911923e-05,0.0003938485322873416,0.0001025444376961659,0.0
186,0,0,16,37,10,1,2,0,2,17,2,1,0.0,0.0,0.00020826229365485837,0.0007081750115585646,0.000572006199631994,0.00021061264480409127,0.00020868411829342721,0.0,4.3719356966079484e-05,0.0003719680582713782,5.127221884808295e-05,2.561613267148419e-05
187,2,0,12,25,7,2,0,0,1,21,2,0,0.0014977167308438287,0.0,0.0001561967202411438,0.00047849662943146254,0.0004004043397423958,0.00042122528960818255,0.0,0.0,2.1859678483039742e-05,0.0004594899543352319,5.127221884808295e-05,0.0
188,0,0,15,28,4,0,4,2,4,24,0,1,0.0,0.0,0.00019524590030142974,0.000535916224963238,0.00022880247985279762,0.0,0.00041736823658685443,0.00020963319013290115,8.743871393215897e-05,0.0005251313763831221,0.0,2.561613267148419e-05
189,0,0,15,39,7,3,0,0,3,18,3,0,0.0,0.0,0.00019524590030142974,0.0007464547419130816,0.0004004043397423958,0.0006318379344122738,0.0,0.0,6.557903544911923e-05,0.0003938485322873416,7.690832827212443e-05,0.0
190,0,0,14,48,8,3,2,0,1,14,1,1,0.0,0.0,0.00018222950694800108,0.0009187135285084081,0.00045760495970559523,0.0006318379344122738,0.00020868411829342721,0.0,2.1859678483039742e-05,0.00030632663622348795,2.5636109424041476e-05,2.561613267148419e-05
191,0,1,11,46,13,6,0,0,2,22,0,0,0.0,0.00023759267302211228,0.00014318032688771513,0.0008804337981538911,0.0007436080595215923,0.0012636758688245476,0.0,0.0,4.3719356966079484e-05,0.00048137042835119534,0.0,0.0
192,1,2,14,36,13,3,1,0,3,15,3,1,0.0007488583654219143,0.00047518534604422456,0.00018222950694800108,0.000689035146381306,0.0007436080595215923,0.0006318379344122738,0.00010434205914671361,0.0,6.557903544911923e-05,0.00032820711023945137,7.690832827212443e-05,2.561613267148419e-05
193,0,0,13,36,9,1,2,0,3,22,1,0,0.0,0.0,0.00016921311359457242,0.000689035146381306,0.0005148055796687946,0.00021061264480409127,0.00020868411829342721,0.0,6.557903544911923e-05,0.00048137042835119534,2.5636109424041476e-05,0.0
194,0,0,21,36,8,3,3,0,0,25,3,0,0.0,0.0,0.00027334426042200163,0.000689035146381306,0.00045760495970559523,0.0006318379344122738,0.0003130261774401408,0.0,0.0,0.0005470118503990856,7.690832827212443e-05,0.0
195,0,0,14,31,13,2,2,1,1,21,1,0,0.0,0.0,0.00018222950694800108,0.0005933358204950136,0.0007436080595215923,0.00042122528960818255,0.00020868411829342721,0.00010481659506645058,2.1859678483039742e-05,0.0004594899543352319,2.5636109424041476e-05,0.0
196,0,0,19,41,10,2,2,0,1,14,0,0,0.0,0.0,0.0002473114737151443,0.0007847344722675985,0.000572006199631994,0.00042122528960818255,0.00020868411829342721,0.0,2.1859678483039742e-05,0.00030632663622348795,0.0,0.0
197,0,0,10,43,8,1,2,0,4,21,2,2,0.0,0.0,0.00013016393353428647,0.0008230142026221155,0.00045760495970559523,0.00021061264480409127,0.00020868411829342721,0.0,8.743871393215897e-05,0.0004594899543352319,5.127221884808295e-05,5.123226534296838e-05
198,0,0,12,30,11,2,1,0,1,22,1,0,0.0,0.0,0.0001561967202411438,0.000574195955317755,0.0006292068195951935,0.00042122528960818255,0.00010434205914671361,0.0,2.1859678483039742e-05,0.00048137042835119534,2.5636109424041476e-05,0.0
199,0,0,16,27,11,3,3,0,1,11,5,0,0.0,0.0,0.00020826229365485837,0.0005167763597859796,0.0006292068195951935,0.0006318379344122738,0.0003130261774401408,0.0,2.1859678483039742e-05,0.00024068521417559767,0.00012818054712020738,0.0
200,2,0,9,33,5,4,1,0,1,18,2,0,0.0014977167308438287,0.0,0.00011714754018085784,0.0006316155508495306,0.000286003099815997,0.0008424505792163651,0.00010434205914671361,0.0,2.1859678483039742e-05,0.0003938485322873416,5.127221884808295e-05,0.0
201,1,0,13,22,3,1,3,1,1,22,0,0,0.0007488583654219143,0.0,0.00016921311359457242,0.00042107703389968705,0.0001716018598895982,0.00021061264480409127,0.0003130261774401408,0.00010481659506645058,2.1859678483039742e-05,0.00048137042835119534,0.0,0.0
202,2,0,13,30,4,3,0,0,4,26,2,1,0.0014977167308438287,0.0,0.00016921311359457242,0.000574195955317755,0.00022880247985279762,0.0006318379344122738,0.0,0.0,8.743871393215897e-05,0.0005688923244150491,5.127221884808295e-05,2.561613267148419e-05
203,0,0,13,36,8,4,1,0,1,21,1,0,0.0,0.0,0.00016921311359457242,0.000689035146381306,0.00045760495970559523,0.0008424505792163651,0.00010434205914671361,0.0,2.1859678483039742e-05,0.0004594899543352319,2.5636109424041476e-05,0.0
204,1,0,13,32,1,1,1,0,3,23,4,0,0.0007488583654219143,0.0,0.00016921311359457242,0.000612475685672272,5.7200619963199404e-05,0.00021061264480409127,0.00010434205914671361,0.0,6.557903544911923e-05,0.0005032509023671588,0.0001025444376961659,0.0
205,2,0,11,44,6,2,0,0,2,24,0,0,0.0014977167308438287,0.0,0.00014318032688771513,0.0008421540677993741,0.0003432037197791964,0.00042122528960818255,0.0,0.0,4.3719356966079484e-05,0.0005251313763831221,0.0,0.0
206,3,0,9,39,9,1,2,0,3,16,0,0,0.002246575096265743,0.0,0.00011714754018085784,0.0007464547419130816,0.0005148055796687946,0.00021061264480409127,0.00020868411829342721,0.0,6.557903544911923e-05,0.0003500875842554148,0.0,0.0
207,3,1,8,26,11,0,0,0,1,22,0,2,0.002246575096265743,0.00023759267302211228,0.00010413114682742919,0.000497636494608721,0.0006292068195951935,0.0,0.0,0.0,2.1859678483039742e-05,0.00048137042835119534,0.0,5.123226534296838e-05
208,1,0,17,23,7,1,1,0,3,20,2,0,0.0007488583654219143,0.0,0.00022127868700828703,0.00044021689907694554,0.0004004043397423958,0.00021061264480409127,0.00010434205914671361,0.0,6.557903544911923e-05,0.00043760948031926845,5.127221884808295e-05,0.0
209,1,1,8,28,9,3,1,0,3,17,1,0,0.0007488583654219143,0.00023759267302211228,0.00010413114682742919,0.000535916224963238,0.0005148055796687946,0.0006318379344122738,0.00010434205914671361,0.0,6.557903544911923e-05,0.0003719680582713782,2.5636109424041476e-05,0.0
210,0,0,21,26,8,2,1,0,2,18,1,1,0.0,0.0,0.00027334426042200163,0.000497636494608721,0.00045760495970559523,0.00042122528960818255,0.00010434205914671361,0.0,4.3719356966079484e-05,0.0003938485322873416,2.5636109424041476e-05,2.561613267148419e-05
211,2,1,17,20,3,3,3,0,1,23,1,0,0.0014977167308438287,0.00023759267302211228,0.00022127868700828703,0.00038279730354517005,0.0001716018598895982,0.0006318379344122738,0.0003130261774401408,0.0,2.1859678483039742e-05,0.0005032509023671588,2.5636109424041476e-05,0.0
212,2,1,15,27,7,0,0,0,1,9,2,1,0.0014977167308438287,0.00023759267302211228,0.00019524590030142974,0.0005167763597859796,0.0004004043397423958,0.0,0.0,0.0,2.1859678483039742e-05,0.0001969242661436708,5.127221884808295e-05,2.561613267148419e-05
213,0,1,9,29,14,2,3,0,3,23,0,0,0.0,0.00023759267302211228,0.00011714754018085784,0.0005550560901404966,0.0008008086794847916,0.00042122528960818255,0.0003130261774401408,0.0,6.557903544911923e-05,0.0005032509023671588,0.0,0.0
214,0,0,19,28,10,2,3,0,2,28,1,0,0.0,0.0,0.0002473114737151443,0.000535916224963238,0.000572006199631994,0.00042122528960818255,0.0003130261774401408,0.0,4.3719356966079484e-05,0.0006126532724469759,2.5636109424041476e-05,0.0
215,3,0,10,28,8,1,1,0,2,33,2,1,0.002246575096265743,0.0,0.00013016393353428647,0.000535916224963238,0.00045760495970559523,0.00021061264480409127,0.00010434205914671361,0.0,4.3719356966079484e-05,0.000722055642526793,5.127221884808295e-05,2.561613267148419e-05
216,1,0,10,27,7,2,0,0,2,18,4,0,0.0007488583654219143,0.0,0.00013016393353428647,0.0005167763597859796,0.0004004043397423958,0.00042122528960818255,0.0,0.0,4.3719356966079484e-05,0.0003938485322873416,0.0001025444376961659,0.0
217,0,0,16,23,5,5,0,0,4,31,3,0,0.0,0.0,0.00020826229365485837,0.00044021689907694554,0.000286003099815997,0.0010530632240204564,0.0,0.0,8.743871393215897e-05,0.0006782946944948661,7.690832827212443e-05,0.0
218,0,0,13,38,7,3,2,0,0,30,1,0,0.0,0.0,0.00016921311359457242,0.0007273148767358231,0.0004004043397423958,0.0006318379344122738,0.00020868411829342721,0.0,0.0,0.0006564142204789027,2.5636109424041476e-05,0.0
219,0,0,12,29,11,5,0,0,0,15,1,1,0.0,0.0,0.0001561967202411438,0.0005550560901404966,0.0006292068195951935,0.0010530632240204564,0.0,0.0,0.0,0.00032820711023945137,2.5636109424041476e-05,2.561613267148419e-05
220,2,2,21,26,5,2,1,0,3,29,3,0,0.0014977167308438287,0.00047518534604422456,0.00027334426042200163,0.000497636494608721,0.000286003099815997,0.00042122528960818255,0.00010434205914671361,0.0,6.557903544911923e-05,0.0006345337464629393,7.690832827212443e-05,0.0
221,0,0,15,27,4,2,3,0,1,32,3,0,0.0,0.0,0.00019524590030142974,0.0005167763597859796,0.00022880247985279762,0.00042122528960818255,0.0003130261774401408,0.0,2.1859678483039742e-05,0.0007001751685108296,7.690832827212443e-05,0.0
222,1,1,14,26,7,3,0,0,3,22,2,0,0.0007488583654219143,0.00023759267302211228,0.00018222950694800108,0.000497636494608721,0.0004004043397423958,0.0006318379344122738,0.0,0.0,6.557903544911923e-05,0.00048137042835119534,5.127221884808295e-05,0.0
223,1,0,13,32,8,2,3,0,1,31,3,0,0.0007488583654219143,0.0,0.00016921311359457242,0.000612475685672272,0.00045760495970559523,0.00042122528960818255,0.0003130261774401408,0.0,2.1859678483039742e-05,0.0006782946944948661,7.690832827212443e-05,0.0
224,1,0,13,29,7,3,0,0,0,34,1,0,0.0007488583654219143,0.0,0.00016921311359457242,0.0005550560901404966,0.0004004043397423958,0.0006318379344122738,0.0,0.0,0.0,0.0007439361165427564,2.5636109424041476e-05,0.0
225,0,0,10,36,6,2,1,0,2,45,0,0,0.0,0.0,0.00013016393353428647,0.000689035146381306,0.0003432037197791964,0.00042122528960818255,0.00010434205914671361,0.0,4.3719356966079484e-05,0.0009846213307183542,0.0,0.0
226,1,0,15,21,6,2,0,0,1,43,1,0,0.0007488583654219143,0.0,0.00019524590030142974,0.00040193716872242855,0.0003432037197791964,0.00042122528960818255,0.0,0.0,2.1859678483039742e-05,0.0009408603826864272,2.5636109424041476e-05,0.0
227,1,0,9,36,8,1,1,0,1,65,3,0,0.0007488583654219143,0.0,0.00011714754018085784,0.000689035146381306,0.00045760495970559523,0.00021061264480409127,0.00010434205914671361,0.0,2.1859678483039742e-05,0.0014222308110376225,7.690832827212443e-05,0.0
228,2,0,11,18,8,2,1,0,2,94,2,0,0.0014977167308438287,0.0,0.00014318032688771513,0.000344517573190653,0.00045760495970559523,0.00042122528960818255,0.00010434205914671361,0.0,4.3719356966079484e-05,0.0020567645575005618,5.127221884808295e-05,0.0
229,0,0,21,25,7,3,0,0,1,125,3,0,0.0,0.0,0.00027334426042200163,0.00047849662943146254,0.0004004043397423958,0.0006318379344122738,0.0,0.0,2.1859678483039742e-05,0.002735059251995428,7.690832827212443e-05,0.0
230,1,0,11,31,6,2,0,0,0,150,3,0,0.0007488583654219143,0.0,0.00014318032688771513,0.0005933358204950136,0.0003432037197791964,0.00042122528960818255,0.0,0.0,0.0,0.0032820711023945136,7.690832827212443e-05,0.0
231,0,0,14,34,7,1,0,0,2,163,1,0,0.0,0.0,0.00018222950694800108,0.000650755416026789,0.0004004043397423958,0.00021061264480409127,0.0,0.0,4.3719356966079484e-05,0.003566517264602038,2.5636109424041476e-05,0.0
232,0,1,13,24,7,4,0,0,0,226,1,0,0.0,0.00023759267302211228,0.00016921311359457242,0.00045935676425420404,0.0004004043397423958,0.0008424505792163651,0.0,0.0,0.0,0.004944987127607734,2.5636109424041476e-05,0.0
233,0,1,8,26,8,2,2,0,0,257,2,0,0.0,0.00023759267302211228,0.00010413114682742919,0.000497636494608721,0.00045760495970559523,0.00042122528960818255,0.00020868411829342721,0.0,0.0,0.0056232818221026,5.127221884808295e-05,0.0
234,0,1,8,25,8,0,1,0,3,301,0,0,0.0,0.00023759267302211228,0.00010413114682742919,0.00047849662943146254,0.00045760495970559523,0.0,0.00010434205914671361,0.0,6.557903544911923e-05,0.006586022678804991,0.0,0.0
235,1,0,10,20,5,3,0,0,1,354,1,0,0.0007488583654219143,0.0,0.00013016393353428647,0.00038279730354517005,0.000286003099815997,0.0006318379344122738,0.0,0.0,2.1859678483039742e-05,0.007745687801651052,2.5636109424041476e-05,0.0
236,0,0,16,34,6,4,1,0,0,380,1,0,0.0,0.0,0.00020826229365485837,0.000650755416026789,0.0003432037197791964,0.0008424505792163651,0.00010434205914671361,0.0,0.0,0.0083145801260661,2.5636109424041476e-05,0.0
237,0,0,14,26,7,1,1,1,4,511,1,0,0.0,0.0,0.00018222950694800108,0.000497636494608721,0.0004004043397423958,0.00021061264480409127,0.00010434205914671361,0.00010481659506645058,8.743871393215897e-05,0.01118092222215731,2.5636109424041476e-05,0.0
238,1,0,12,27,4,2,1,0,1,506,0,2,0.0007488583654219143,0.0,0.0001561967202411438,0.0005167763597859796,0.00022880247985279762,0.00042122528960818255,0.00010434205914671361,0.0,2.1859678483039742e-05,0.011071519852077492,0.0,5.123226534296838e-05
239,1,0,16,17,11,2,5,0,1,580,0,0,0.0007488583654219143,0.0,0.00020826229365485837,0.0003253777080133945,0.0006292068195951935,0.00042122528960818255,0.000521710295733568,0.0,2.1859678483039742e-05,0.012690674929258785,0.0,0.0
240,0,1,14,28,5,7,1,0,1,625,1,0,0.0,0.00023759267302211228,0.00018222950694800108,0.000535916224963238,0.000286003099815997,0.001474288513628639,0.00010434205914671361,0.0,2.1859678483039742e-05,0.01367529625997714,2.5636109424041476e-05,0.0
241,0,0,14,30,4,2,1,1,2,668,1,0,0.0,0.0,0.00018222950694800108,0.000574195955317755,0.00022880247985279762,0.00042122528960818255,0.00010434205914671361,0.00010481659506645058,4.3719356966079484e-05,0.014616156642663566,2.5636109424041476e-05,0.0
242,0,1,18,23,5,4,0,0,1,645,1,0,0.0,0.00023759267302211228,0.0002342950803617157,0.00044021689907694554,0.000286003099815997,0.0008424505792163651,0.0,0.0,2.1859678483039742e-05,0.014112905740296408,2.5636109424041476e-05,0.0
243,1,0,15,36,7,4,2,0,4,628,2,0,0.0007488583654219143,0.0,0.00019524590030142974,0.000689035146381306,0.0004004043397423958,0.0008424505792163651,0.00020868411829342721,0.0,8.743871393215897e-05,0.01374093768202503,5.127221884808295e-05,0.0
244,1,0,21,31,7,5,1,1,1,583,2,1,0.0007488583654219143,0.0,0.00027334426042200163,0.0005933358204950136,0.0004004043397423958,0.0010530632240204564,0.00010434205914671361,0.00010481659506645058,2.1859678483039742e-05,0.012756316351306677,5.127221884808295e-05,2.561613267148419e-05
245,1,0,7,21,7,1,0,0,1,579,0,0,0.0007488583654219143,0.0,9.111475347400054e-05,0.00040193716872242855,0.0004004043397423958,0.00021061264480409127,0.0,0.0,2.1859678483039742e-05,0.012668794455242823,0.0,0.0
246,1,2,14,30,5,2,0,0,2,544,2,0,0.0007488583654219143,0.00047518534604422456,0.00018222950694800108,0.000574195955317755,0.000286003099815997,0.00042122528960818255,0.0,0.0,4.3719356966079484e-05,0.011902977864684102,5.127221884808295e-05,0.0
247,1,1,12,35,6,2,0,0,1,493,1,1,0.0007488583654219143,0.00023759267302211228,0.0001561967202411438,0.0006698952812040476,0.0003432037197791964,0.00042122528960818255,0.0,0.0,2.1859678483039742e-05,0.010787073689869968,2.5636109424041476e-05,2.561613267148419e-05
248,1,0,14,25,8,1,2,0,4,429,3,2,0.0007488583654219143,0.0,0.00018222950694800108,0.00047849662943146254,0.00045760495970559523,0.00021061264480409127,0.00020868411829342721,0.0,8.743871393215897e-05,0.00938672335284831,7.690832827212443e-05,5.123226534296838e-05
249,2,0,12,15,9,3,1,0,1,338,1,0,0.0014977167308438287,0.0,0.0001561967202411438,0.0002870979776588775,0.0005148055796687946,0.0006318379344122738,0.00010434205914671361,0.0,2.1859678483039742e-05,0.0073956002173956375,2.5636109424041476e-05,0.0
250,1,0,10,26,6,3,0,0,1,289,1,0,0.0007488583654219143,0.0,0.00013016393353428647,0.000497636494608721,0.0003432037197791964,0.0006318379344122738,0.0,0.0,2.1859678483039742e-05,0.00632345699061343,2.5636109424041476e-05,0.0
251,0,1,16,30,2,3,3,0,1,197,2,1,0.0,0.00023759267302211228,0.00020826229365485837,0.000574195955317755,0.00011440123992639881,0.0006318379344122738,0.0003130261774401408,0.0,2.1859678483039742e-05,0.004310453381144794,5.127221884808295e-05,2.561613267148419e-05
252,1,0,10,31,9,0,1,0,1,148,3,0,0.0007488583654219143,0.0,0.00013016393353428647,0.0005933358204950136,0.0005148055796687946,0.0,0.00010434205914671361,0.0,2.1859678483039742e-05,0.003238310154362587,7.690832827212443e-05,0.0
253,1,0,5,31,7,1,0,0,2,112,2,0,0.0007488583654219143,0.0,6.508196676714324e-05,0.0005933358204950136,0.0004004043397423958,0.00021061264480409127,0.0,0.0,4.3719356966079484e-05,0.0024506130897879036,5.127221884808295e-05,0.0
254,1,0,10,35,5,0,0,0,2,102,1,1,0.0007488583654219143,0.0,0.00013016393353428647,0.0006698952812040476,0.000286003099815997,0.0,0.0,0.0,4.3719356966079484e-05,0.002231808349628269,2.5636109424041476e-05,2.561613267148419e-05
255,1,0,11,34,12,5,0,0,1,80,1,0,0.0007488583654219143,0.0,0.00014318032688771513,0.000650755416026789,0.0006864074395583928,0.0010530632240204564,0.0,0.0,2.1859678483039742e-05,0.0017504379212770738,2.5636109424041476e-05,0.0
256,0,1,20,37,14,0,3,0,4,88,1,1,0.0,0.00023759267302211228,0.00026032786706857295,0.0007081750115585646,0.0008008086794847916,0.0,0.0003130261774401408,0.0,8.743871393215897e-05,0.0019254817134047814,2.5636109424041476e-05,2.561613267148419e-05
257,1,0,14,37,11,5,0,0,1,68,0,0,0.0007488583654219143,0.0,0.00018222950694800108,0.0007081750115585646,0.0006292068195951935,0.0010530632240204564,0.0,0.0,2.1859678483039742e-05,0.0014878722330855128,0.0,0.0
258,2,0,9,24,8,2,2,0,5,81,3,0,0.0014977167308438287,0.0,0.00011714754018085784,0.00045935676425420404,0.00045760495970559523,0.00042122528960818255,0.00020868411829342721,0.0,0.00010929839241519872,0.0017723183952930374,7.690832827212443e-05,0.0
259,1,0,9,36,10,4,1,0,2,58,3,0,0.0007488583654219143,0.0,0.00011714754018085784,0.000689035146381306,0.000572006199631994,0.0008424505792163651,0.00010434205914671361,0.0,4.3719356966079484e-05,0.0012690674929258785,7.690832827212443e-05,0.0
260,0,1,12,39,11,4,2,0,3,53,0,0,0.0,0.00023759267302211228,0.0001561967202411438,0.0007464547419130816,0.0006292068195951935,0.0008424505792163651,0.00020868411829342721,0.0,6.557903544911923e-05,0.0011596651228460615,0.0,0.0
261,1,1,13,33,8,2,1,0,1,61,2,0,0.0007488583654219143,0.00023759267302211228,0.00016921311359457242,0.0006316155508495306,0.00045760495970559523,0.00042122528960818255,0.00010434205914671361,0.0,2.1859678483039742e-05,0.0013347089149737688,5.127221884808295e-05,0.0
262,0,0,15,45,12,9,0,0,0,58,1,0,0.0,0.0,0.00019524590030142974,0.0008612939329766325,0.0006864074395583928,0.0018955138032368216,0.0,0.0,0.0,0.0012690674929258785,2.5636109424041476e-05,0.0
263,0,1,12,39,9,4,2,0,0,44,1,1,0.0,0.00023759267302211228,0.0001561967202411438,0.0007464547419130816,0.0005148055796687946,0.0008424505792163651,0.00020868411829342721,0.0,0.0,0.0009627408567023907,2.5636109424041476e-05,2.561613267148419e-05
264,0,0,16,51,14,0,2,0,4,45,1,0,0.0,0.0,0.00020826229365485837,0.0009761331240401836,0.0008008086794847916,0.0,0.00020868411829342721,0.0,8.743871393215897e-05,0.0009846213307183542,2.5636109424041476e-05,0.0
265,1,0,14,39,13,2,2,0,2,56,1,1,0.0007488583654219143,0.0,0.00018222950694800108,0.0007464547419130816,0.0007436080595215923,0.00042122528960818255,0.00020868411829342721,0.0,4.3719356966079484e-05,0.0012253065448939518,2.5636109424041476e-05,2.561613267148419e-05
266,4,0,23,45,12,4,3,0,0,26,3,1,0.0029954334616876573,0.0,0.0002993770471288589,0.0008612939329766325,0.0006864074395583928,0.0008424505792163651,0.0003130261774401408,0.0,0.0,0.0005688923244150491,7.690832827212443e-05,2.561613267148419e-05
267,2,0,14,49,8,6,0,0,0,37,1,0,0.0014977167308438287,0.0,0.00018222950694800108,0.0009378533936856665,0.00045760495970559523,0.0012636758688245476,0.0,0.0,0.0,0.0008095775385906467,2.5636109424041476e-05,0.0
268,1,1,13,50,16,4,0,0,3,30,2,1,0.0007488583654219143,0.00023759267302211228,0.00016921311359457242,0.0009569932588629251,0.0009152099194111905,0.0008424505792163651,0.0,0.0,6.557903544911923e-05,0.0006564142204789027,5.127221884808295e-05,2.561613267148419e-05
269,3,0,10,49,12,2,0,0,1,19,4,2,0.002246575096265743,0.0,0.00013016393353428647,0.0009378533936856665,0.0006864074395583928,0.00042122528960818255,0.0,0.0,2.1859678483039742e-05,0.00041572900630330504,0.0001025444376961659,5.123226534296838e-05
270,1,0,15,55,22,5,0,0,0,22,0,1,0.0007488583654219143,0.0,0.00019524590030142974,0.0010526925847492176,0.001258413639190387,0.0010530632240204564,0.0,0.0,0.0,0.00048137042835119534,0.0,2.561613267148419e-05
271,1,2,18,44,8,4,0,0,1,23,1,0,0.0007488583654219143,0.00047518534604422456,0.0002342950803617157,0.0008421540677993741,0.00045760495970559523,0.0008424505792163651,0.0,0.0,2.1859678483039742e-05,0.0005032509023671588,2.5636109424041476e-05,0.0
272,1,0,15,47,12,2,0,0,3,17,1,2,0.0007488583654219143,0.0,0.00019524590030142974,0.0008995736633311495,0.0006864074395583928,0.00042122528960818255,0.0,0.0,6.557903544911923e-05,0.0003719680582713782,2.5636109424041476e-05,5.123226534296838e-05
273,1,0,10,40,12,6,1,0,2,15,1,0,0.0007488583654219143,0.0,0.00013016393353428647,0.0007655946070903401,0.0006864074395583928,0.0012636758688245476,0.00010434205914671361,0.0,4.3719356966079484e-05,0.00032820711023945137,2.5636109424041476e-05,0.0
274,0,2,10,33,15,2,0,0,1,25,0,0,0.0,0.00047518534604422456,0.00013016393353428647,0.0006316155508495306,0.0008580092994479911,0.00042122528960818255,0.0,0.0,2.1859678483039742e-05,0.0005470118503990856,0.0,0.0
275,1,1,10,45,14,3,0,0,2,18,2,0,0.0007488583654219143,0.00023759267302211228,0.00013016393353428647,0.0008612939329766325,0.0008008086794847916,0.0006318379344122738,0.0,0.0,4.3719356966079484e-05,0.0003938485322873416,5.127221884808295e-05,0.0
276,1,0,19,36,9,6,1,0,1,9,2,0,0.0007488583654219143,0.0,0.0002473114737151443,0.000689035146381306,0.0005148055796687946,0.0012636758688245476,0.00010434205914671361,0.0,2.1859678483039742e-05,0.0001969242661436708,5.127221884808295e-05,0.0
277,2,2,21,53,7,6,0,0,2,11,2,0,0.0014977167308438287,0.00047518534604422456,0.00027334426042200163,0.0010144128543947005,0.0004004043397423958,0.0012636758688245476,0.0,0.0,4.3719356966079484e-05,0.00024068521417559767,5.127221884808295e-05,0.0
278,2,0,16,32,6,5,0,0,1,11,0,0,0.0014977167308438287,0.0,0.00020826229365485837,0.000612475685672272,0.0003432037197791964,0.0010530632240204564,0.0,0.0,2.1859678483039742e-05,0.00024068521417559767,0.0,0.0
279,0,0,16,43,12,5,3,0,0,18,3,0,0.0,0.0,0.00020826229365485837,0.0008230142026221155,0.0006864074395583928,0.0010530632240204564,0.0003130261774401408,0.0,0.0,0.0003938485322873416,7.690832827212443e-05,0.0
280,0,0,16,58,12,2,5,0,1,16,2,0,0.0,0.0,0.00020826229365485837,0.0011101121802809932,0.0006864074395583928,0.00042122528960818255,0.000521710295733568,0.0,2.1859678483039742e-05,0.0003500875842554148,5.127221884808295e-05,0.0
281,1,3,18,44,10,5,1,0,2,15,2,0,0.0007488583654219143,0.0007127780190663368,0.0002342950803617157,0.0008421540677993741,0.000572006199631994,0.0010530632240204564,0.00010434205914671361,0.0,4.3719356966079484e-05,0.00032820711023945137,5.127221884808295e-05,0.0
282,1,0,21,44,12,1,0,1,1,11,1,0,0.0007488583654219143,0.0,0.00027334426042200163,0.0008421540677993741,0.0006864074395583928,0.00021061264480409127,0.0,0.00010481659506645058,2.1859678483039742e-05,0.00024068521417559767,2.5636109424041476e-05,0.0
283,1,0,16,45,12,3,2,0,1,7,2,0,0.0007488583654219143,0.0,0.00020826229365485837,0.0008612939329766325,0.0006864074395583928,0.0006318379344122738,0.00020868411829342721,0.0,2.1859678483039742e-05,0.00015316331811174397,5.127221884808295e-05,0.0
284,1,2,18,43,12,4,2,0,2,8,4,1,0.0007488583654219143,0.00047518534604422456,0.0002342950803617157,0.0008230142026221155,0.0006864074395583928,0.0008424505792163651,0.00020868411829342721,0.0,4.3719356966079484e-05,0.0001750437921277074,0.0001025444376961659,2.561613267148419e-05
285,0,0,9,47,12,4,2,0,2,14,1,2,0.0,0.0,0.00011714754018085784,0.0008995736633311495,0.0006864074395583928,0.0008424505792163651,0.00020868411829342721,0.0,4.3719356966079484e-05,0.00030632663622348795,2.5636109424041476e-05,5.123226534296838e-05
286,1,1,29,53,13,5,1,0,1,9,1,0,0.0007488583654219143,0.00023759267302211228,0.0003774754072494308,0.0010144128543947005,0.0007436080595215923,0.0010530632240204564,0.00010434205914671361,0.0,2.1859678483039742e-05,0.0001969242661436708,2.5636109424041476e-05,0.0
287,0,2,22,52,13,4,0,0,1,11,1,2,0.0,0.00047518534604422456,0.00028636065377543027,0.000995272989217442,0.0007436080595215923,0.0008424505792163651,0.0,0.0,2.1859678483039742e-05,0.00024068521417559767,2.5636109424041476e-05,5.123226534296838e-05
288,1,0,21,40,7,1,2,0,2,14,1,0,0.0007488583654219143,0.0,0.00027334426042200163,0.0007655946070903401,0.0004004043397423958,0.00021061264480409127,0.00020868411829342721,0.0,4.3719356966079484e-05,0.00030632663622348795,2.5636109424041476e-05,0.0
289,1,0,14,60,13,1,1,1,1,11,2,0,0.0007488583654219143,0.0,0.00018222950694800108,0.00114839191063551,0.0007436080595215923,0.00021061264480409127,0.00010434205914671361,0.00010481659506645058,2.1859678483039742e-05,0.00024068521417559767,5.127221884808295e-05,0.0
290,1,0,22,53,8,4,0,0,1,14,1,0,0.0007488583654219143,0.0,0.00028636065377543027,0.0010144128543947005,0.00045760495970559523,0.0008424505792163651,0.0,0.0,2.1859678483039742e-05,0.00030632663622348795,2.5636109424041476e-05,0.0
291,2,0,22,41,13,4,0,0,2,12,1,1,0.0014977167308438287,0.0,0.00028636065377543027,0.0007847344722675985,0.0007436080595215923,0.0008424505792163651,0.0,0.0,4.3719356966079484e-05,0.00026256568819156106,2.5636109424041476e-05,2.561613267148419e-05
292,0,1,16,43,15,3,0,0,0,8,2,0,0.0,0.00023759267302211228,0.00020826229365485837,0.0008230142026221155,0.0008580092994479911,0.0006318379344122738,0.0,0.0,0.0,0.0001750437921277074,5.127221884808295e-05,0.0
293,1,0,22,51,18,7,1,0,0,11,2,0,0.0007488583654219143,0.0,0.00028636065377543027,0.0009761331240401836,0.0010296111593375893,0.001474288513628639,0.00010434205914671361,0.0,0.0,0.00024068521417559767,5.127221884808295e-05,0.0
294,0,3,22,57,11,3,1,0,1,8,4,1,0.0,0.0007127780190663368,0.00028636065377543027,0.0010909723151037345,0.0006292068195951935,0.0006318379344122738,0.00010434205914671361,0.0,2.1859678483039742e-05,0.0001750437921277074,0.0001025444376961659,2.561613267148419e-05
295,1,0,24,50,10,2,0,1,0,11,1,1,0.0007488583654219143,0.0,0.0003123934404822876,0.0009569932588629251,0.000572006199631994,0.00042122528960818255,0.0,0.00010481659506645058,0.0,0.00024068521417559767,2.5636109424041476e-05,2.561613267148419e-05
296,3,1,21,37,13,1,0,0,2,8,3,0,0.002246575096265743,0.00023759267302211228,0.00027334426042200163,0.0007081750115585646,0.0007436080595215923,0.00021061264480409127,0.0,0.0,4.3719356966079484e-05,0.0001750437921277074,7.690832827212443e-05,0.0
297,2,0,15,43,11,7,1,0,1,17,1,0,0.0014977167308438287,0.0,0.00019524590030142974,0.0008230142026221155,0.0006292068195951935,0.001474288513628639,0.00010434205914671361,0.0,2.1859678483039742e-05,0.0003719680582713782,2.5636109424041476e-05,0.0
298,0,1,21,55,10,3,1,0,0,9,1,0,0.0,0.00023759267302211228,0.00027334426042200163,0.0010526925847492176,0.000572006199631994,0.0006318379344122738,0.00010434205914671361,0.0,0.0,0.0001969242661436708,2.5636109424041476e-05,0.0
299,3,0,19,57,4,2,1,0,2,13,2,1,0.002246575096265743,0.0,0.0002473114737151443,0.0010909723151037345,0.00022880247985279762,0.00042122528960818255,0.00010434205914671361,0.0,4.3719356966079484e-05,0.00028444616220752453,5.127221884808295e-05,2.561613267148419e-05
300,1,1,18,46,13,5,0,0,1,11,3,0,0.0007488583654219143,0.00023759267302211228,0.0002342950803617157,0.0008804337981538911,0.0007436080595215923,0.0010530632240204564,0.0,0.0,2.1859678483039742e-05,0.00024068521417559767,7.690832827212443e-05,0.0
301,0,0,23,41,14,2,3,0,0,10,4,1,0.0,0.0,0.0002993770471288589,0.0007847344722675985,0.0008008086794847916,0.00042122528960818255,0.0003130261774401408,0.0,0.0,0.00021880474015963423,0.0001025444376961659,2.561613267148419e-05
302,1,1,13,51,13,5,3,0,1,10,3,1,0.0007488583654219143,0.00023759267302211228,0.00016921311359457242,0.0009761331240401836,0.0007436080595215923,0.0010530632240204564,0.0003130261774401408,0.0,2.1859678483039742e-05,0.00021880474015963423,7.690832827212443e-05,2.561613267148419e-05
303,3,0,19,42,8,3,3,0,0,13,3,0,0.002246575096265743,0.0,0.0002473114737151443,0.0008038743374448571,0.00045760495970559523,0.0006318379344122738,0.0003130261774401408,0.0,0.0,0.00028444616220752453,7.690832827212443e-05,0.0
304,2,2,17,46,15,6,0,0,3,10,1,2,0.0014977167308438287,0.00047518534604422456,0.00022127868700828703,0.0008804337981538911,0.0008580092994479911,0.0012636758688245476,0.0,0.0,6.557903544911923e-05,0.00021880474015963423,2.5636109424041476e-05,5.123226534296838e-05
305,1,0,19,46,12,3,2,1,0,13,3,1,0.0007488583654219143,0.0,0.0002473114737151443,0.0008804337981538911,0.0006864074395583928,0.0006318379344122738,0.00020868411829342721,0.00010481659506645058,0.0,0.00028444616220752453,7.690832827212443e-05,2.561613267148419e-05
306,0,0,23,53,17,8,3,1,0,15,1,0,0.0,0.0,0.0002993770471288589,0.0010144128543947005,0.0009724105393743899,0.0016849011584327302,0.0003130261774401408,0.00010481659506645058,0.0,0.00032820711023945137,2.5636109424041476e-05,0.0
307,1,1,19,46,11,2,1,1,1,11,1,0,0.0007488583654219143,0.00023759267302211228,0.0002473114737151443,0.0008804337981538911,0.0006292068195951935,0.00042122528960818255,0.00010434205914671361,0.00010481659506645058,2.1859678483039742e-05,0.00024068521417559767,2.5636109424041476e-05,0.0
308,2,1,24,55,12,4,1,0,1,13,2,0,0.0014977167308438287,0.00023759267302211228,0.0003123934404822876,0.0010526925847492176,0.0006864074395583928,0.0008424505792163651,0.00010434205914671361,0.0,2.1859678483039742e-05,0.00028444616220752453,5.127221884808295e-05,0.0
309,1,1,15,49,8,6,0,0,4,19,2,2,0.0007488583654219143,0.00023759267302211228,0.00019524590030142974,0.0009378533936856665,0.00045760495970559523,0.0012636758688245476,0.0,0.0,8.743871393215897e-05,0.00041572900630330504,5.127221884808295e-05,5.123226534296838e-05
310,2,0,17,57,9,4,1,0,2,12,2,0,0.0014977167308438287,0.0,0.00022127868700828703,0.0010909723151037345,0.0005148055796687946,0.0008424505792163651,0.00010434205914671361,0.0,4.3719356966079484e-05,0.00026256568819156106,5.127221884808295e-05,0.0
311,2,2,12,55,19,5,0,1,1,12,1,1,0.0014977167308438287,0.00047518534604422456,0.0001561967202411438,0.0010526925847492176,0.0010868117793007886,0.0010530632240204564,0.0,0.00010481659506645058,2.1859678483039742e-05,0.00026256568819156106,2.5636109424041476e-05,2.561613267148419e-05
312,1,1,19,54,13,5,1,0,1,11,5,0,0.0007488583654219143,0.00023759267302211228,0.0002473114737151443,0.0010335527195719592,0.0007436080595215923,0.0010530632240204564,0.00010434205914671361,0.0,2.1859678483039742e-05,0.00024068521417559767,0.00012818054712020738,0.0
313,2,1,27,54,20,9,0,1,3,9,2,1,0.0014977167308438287,0.00023759267302211228,0.00035144262054257353,0.0010335527195719592,0.001144012399263988,0.0018955138032368216,0.0,0.00010481659506645058,6.557903544911923e-05,0.0001969242661436708,5.127221884808295e-05,2.561613267148419e-05
314,2,0,18,56,17,5,2,0,0,8,0,2,0.0014977167308438287,0.0,0.0002342950803617157,0.001071832449926476,0.0009724105393743899,0.0010530632240204564,0.00020868411829342721,0.0,0.0,0.0001750437921277074,0.0,5.123226534296838e-05
315,1,3,25,87,20,6,0,0,0,11,1,0,0.0007488583654219143,0.0007127780190663368,0.0003254098338357162,0.0016651682704214897,0.001144012399263988,0.0012636758688245476,0.0,0.0,0.0,0.00024068521417559767,2.5636109424041476e-05,0.0
316,0,2,25,110,23,8,1,1,0,8,0,1,0.0,0.00047518534604422456,0.0003254098338357162,0.0021053851694984352,0.0013156142591535863,0.0016849011584327302,0.00010434205914671361,0.00010481659506645058,0.0,0.0001750437921277074,0.0,2.561613267148419e-05
317,4,0,29,80,28,7,1,0,0,10,0,1,0.0029954334616876573,0.0,0.0003774754072494308,0.0015311892141806802,0.0016016173589695833,0.001474288513628639,0.00010434205914671361,0.0,0.0,0.00021880474015963423,0.0,2.561613267148419e-05
318,3,0,28,108,36,7,2,0,2,8,1,1,0.002246575096265743,0.0,0.00036445901389600216,0.0020671054391439183,0.0020592223186751786,0.001474288513628639,0.00020868411829342721,0.0,4.3719356966079484e-05,0.0001750437921277074,2.5636109424041476e-05,2.561613267148419e-05
319,2,0,21,130,40,8,2,0,0,14,4,0,0.0014977167308438287,0.0,0.00027334426042200163,0.0024881824730436054,0.002288024798527976,0.0016849011584327302,0.00020868411829342721,0.0,0.0,0.00030632663622348795,0.0001025444376961659,0.0
320,3,3,33,145,43,13,2,0,1,15,0,1,0.002246575096265743,0.0007127780190663368,0.0004295409806631454,0.002775280450702483,0.0024596266584175743,0.0027379643824531866,0.00020868411829342721,0.0,2.1859678483039742e-05,0.00032820711023945137,0.0,2.561613267148419e-05
321,4,4,19,157,57,9,2,0,4,15,1,1,0.0029954334616876573,0.0009503706920884491,0.0002473114737151443,0.0030049588328295847,0.003260435337902366,0.0018955138032368216,0.00020868411829342721,0.0,8.743871393215897e-05,0.00032820711023945137,2.5636109424041476e-05,2.561613267148419e-05
322,6,6,28,182,56,24,2,0,2,11,1,1,0.004493150192531486,0.0014255560381326736,0.00036445901389600216,0.0034834554622610475,0.0032032347179391666,0.00505470347529819,0.00020868411829342721,0.0,4.3719356966079484e-05,0.00024068521417559767,2.5636109424041476e-05,2.561613267148419e-05
323,4,3,36,252,69,20,2,0,0,14,4,0,0.0029954334616876573,0.0007127780190663368,0.0004685901607234314,0.004823246024669142,0.003946842777460759,0.004212252896081826,0.00020868411829342721,0.0,0.0,0.00030632663622348795,0.0001025444376961659,0.0
324,9,2,26,288,75,22,2,0,2,16,2,0,0.0067397252887972285,0.00047518534604422456,0.00033842622718914485,0.005512281171050448,0.004290046497239955,0.004633478185690008,0.00020868411829342721,0.0,4.3719356966079484e-05,0.0003500875842554148,5.127221884808295e-05,0.0
325,6,4,23,328,76,24,1,0,2,14,0,0,0.004493150192531486,0.0009503706920884491,0.0002993770471288589,0.006277875778140788,0.0043472471172031546,0.00505470347529819,0.00010434205914671361,0.0,4.3719356966079484e-05,0.00030632663622348795,0.0,0.0
326,9,7,23,339,97,31,2,0,0,9,2,0,0.0067397252887972285,0.0016631487111547858,0.0002993770471288589,0.006488414295090632,0.005548460136430343,0.00652899198892683,0.00020868411829342721,0.0,0.0,0.0001969242661436708,5.127221884808295e-05,0.0
327,11,10,31,403,119,31,2,0,0,9,0,1,0.008237442019641057,0.0023759267302211227,0.0004035081939562881,0.007713365666435176,0.006806873775620729,0.00652899198892683,0.00020868411829342721,0.0,0.0,0.0001969242661436708,0.0,2.561613267148419e-05
328,10,8,17,489,125,43,3,0,6,5,0,1,0.007488583654219143,0.0019007413841768983,0.00022127868700828703,0.009359394071679407,0.007150077495399925,0.009056343726575926,0.0003130261774401408,0.0,0.00013115807089823846,0.00010940237007981711,0.0,2.561613267148419e-05
329,9,8,21,584,127,58,1,0,0,14,2,0,0.0067397252887972285,0.0019007413841768983,0.00027334426042200163,0.011177681263518965,0.0072644787353263246,0.012215533398637294,0.00010434205914671361,0.0,0.0,0.00030632663622348795,5.127221884808295e-05,0.0
330,14,3,26,634,174,59,1,0,0,6,2,0,0.0104840171159068,0.0007127780190663368,0.00033842622718914485,0.01213467452238189,0.009952907873596697,0.012426146043441385,0.00010434205914671361,0.0,0.0,0.00013128284409578053,5.127221884808295e-05,0.0
331,16,9,24,728,169,67,0,3,1,11,2,1,0.01198173384675063,0.0021383340571990103,0.0003123934404822876,0.01393382184904419,0.0096669047737807,0.014111047201874116,0.0,0.00031444978519935173,2.1859678483039742e-05,0.00024068521417559767,5.127221884808295e-05,2.561613267148419e-05
332,17,8,25,793,202,55,0,0,2,7,2,0,0.012730592212172542,0.0019007413841768983,0.0003254098338357162,0.015177913085565991,0.01155452523256628,0.011583695464225021,0.0,0.0,4.3719356966079484e-05,0.00015316331811174397,5.127221884808295e-05,0.0
333,20,10,31,826,184,74,1,0,1,9,1,0,0.014977167308438287,0.0023759267302211227,0.0004035081939562881,0.01580952863641552,0.01052491407322869,0.015585335715502755,0.00010434205914671361,0.0,2.1859678483039742e-05,0.0001969242661436708,2.5636109424041476e-05,0.0
334,24,7,24,892,229,78,0,1,0,8,3,0,0.017972600770125944,0.0016631487111547858,0.0003123934404822876,0.017072759738114583,0.013098941971572664,0.01642778629471912,0.0,0.00010481659506645058,0.0,0.0001750437921277074,7.690832827212443e-05,0.0
335,21,15,26,964,254,78,3,0,0,13,2,1,0.0157260256738602,0.003563890095331684,0.00033842622718914485,0.018450830030877195,0.014528957470652649,0.01642778629471912,0.0003130261774401408,0.0,0.0,0.00028444616220752453,5.127221884808295e-05,2.561613267148419e-05
336,33,10,19,1072,297,98,6,0,2,6,2,1,0.02471232605892317,0.0023759267302211227,0.0002473114737151443,0.020517935470021113,0.016988584129070224,0.020640039190800947,0.0006260523548802816,0.0,4.3719356966079484e-05,0.00013128284409578053,5.127221884808295e-05,2.561613267148419e-05
337,30,14,27,1120,328,98,1,0,1,9,3,0,0.02246575096265743,0.0033262974223095716,0.00035144262054257353,0.021436648998529522,0.018761803347929405,0.020640039190800947,0.00010434205914671361,0.0,2.1859678483039742e-05,0.0001969242661436708,7.690832827212443e-05,0.0
338,22,16,38,1161,311,100,2,1,1,11,3,0,0.016474884039282114,0.0038014827683537965,0.0004946229474302886,0.02222138347079712,0.017789392808555016,0.02106126448040913,0.00020868411829342721,0.00010481659506645058,2.1859678483039742e-05,0.00024068521417559767,7.690832827212443e-05,0.0
339,29,13,33,1257,278,86,4,0,1,11,4,2,0.021716892597235516,0.0030887047492874596,0.0004295409806631454,0.024058810527813935,0.015901772349769434,0.01811268745315185,0.00041736823658685443,0.0,2.1859678483039742e-05,0.00024068521417559767,0.0001025444376961659,5.123226534296838e-05
340,31,16,29,1355,332,116,1,0,2,4,3,0,0.023214609328079342,0.0038014827683537965,0.0003774754072494308,0.02593451731518527,0.0189906058277822,0.024431066797274588,0.00010434205914671361,0.0,4.3719356966079484e-05,8.75218960638537e-05,7.690832827212443e-05,0.0
341,35,14,32,1359,317,95,5,0,1,10,2,2,0.026210042789767,0.0033262974223095716,0.00041652458730971674,0.026011076775894305,0.01813259652833421,0.02000820125638867,0.000521710295733568,0.0,2.1859678483039742e-05,0.00021880474015963423,5.127221884808295e-05,5.123226534296838e-05
342,35,21,29,1320,321,107,2,0,1,12,1,3,0.026210042789767,0.004989446133464357,0.0003774754072494308,0.02526462203398122,0.01836139900818701,0.022535552994037766,0.00020868411829342721,0.0,2.1859678483039742e-05,0.00026256568819156106,2.5636109424041476e-05,7.684839801445258e-05
343,28,16,34,1360,293,97,3,1,0,13,2,0,0.0209680342318136,0.0038014827683537965,0.00044255737401657406,0.026030216641071562,0.016759781649217424,0.020429426545996856,0.0003130261774401408,0.00010481659506645058,0.0,0.00028444616220752453,5.127221884808295e-05,0.0
344,31,9,43,1334,296,81,1,0,1,13,1,1,0.023214609328079342,0.0021383340571990103,0.0005597049141974319,0.02553258014646284,0.016931383509107025,0.017059624229131393,0.00010434205914671361,0.0,2.1859678483039742e-05,0.00028444616220752453,2.5636109424041476e-05,2.561613267148419e-05
345,37,9,36,1265,300,91,2,0,0,14,4,1,0.02770775952061083,0.0021383340571990103,0.0004685901607234314,0.024211929449232006,0.01716018598895982,0.019165750677172307,0.00020868411829342721,0.0,0.0,0.00030632663622348795,0.0001025444376961659,2.561613267148419e-05
346,32,10,30,1159,284,63,0,0,1,9,3,0,0.02396346769350126,0.0023759267302211227,0.0003904918006028595,0.022183103740442602,0.016244976069548632,0.01326859662265775,0.0,0.0,2.1859678483039742e-05,0.0001969242661436708,7.690832827212443e-05,0.0
347,27,11,32,1078,244,82,3,1,0,8,2,0,0.020219175866391687,0.002613519403243235,0.00041652458730971674,0.020632774661084666,0.013956951271020654,0.017270236873935484,0.0003130261774401408,0.00010481659506645058,0.0,0.0001750437921277074,5.127221884808295e-05,0.0
348,32,10,40,1133,268,65,4,2,1,5,1,0,0.02396346769350126,0.0023759267302211227,0.0005206557341371459,0.02168546724583388,0.01532976615013744,0.013689821912265933,0.00041736823658685443,0.00020963319013290115,2.1859678483039742e-05,0.00010940237007981711,2.5636109424041476e-05,0.0
349,32,8,42,1072,228,64,2,0,1,11,4,0,0.02396346769350126,0.0019007413841768983,0.0005466885208440033,0.020517935470021113,0.013041741351609465,0.013479209267461842,0.00020868411829342721,0.0,2.1859678483039742e-05,0.00024068521417559767,0.0001025444376961659,0.0
350,24,2,38,1001,200,60,2,1,1,15,0,2,0.017972600770125944,0.00047518534604422456,0.0004946229474302886,0.01915900504243576,0.011440123992639882,0.012636758688245478,0.00020868411829342721,0.00010481659506645058,2.1859678483039742e-05,0.00032820711023945137,0.0,5.123226534296838e-05
351,16,9,49,776,180,43,0,3,0,13,3,1,0.01198173384675063,0.0021383340571990103,0.0006378032743180038,0.014852535377552597,0.010296111593375894,0.009056343726575926,0.0,0.00031444978519935173,0.0,0.00028444616220752453,7.690832827212443e-05,2.561613267148419e-05
352,14,0,45,616,146,26,1,1,2,14,3,1,0.0104840171159068,0.0,0.0005857377009042892,0.011790156949191237,0.008351290514627113,0.005475928764906373,0.00010434205914671361,0.00010481659506645058,4.3719356966079484e-05,0.00030632663622348795,7.690832827212443e-05,2.561613267148419e-05
353,9,3,49,579,117,18,3,1,0,5,0,0,0.0067397252887972285,0.0007127780190663368,0.0006378032743180038,0.011081981937632672,0.0066924725356943306,0.003791027606473643,0.0003130261774401408,0.00010481659506645058,0.0,0.00010940237007981711,0.0,0.0
354,8,2,44,456,77,22,2,0,2,11,1,0,0.005990866923375315,0.00047518534604422456,0.0005727213075508605,0.008727778520829876,0.004404447737166355,0.004633478185690008,0.00020868411829342721,0.0,4.3719356966079484e-05,0.00024068521417559767,2.5636109424041476e-05,0.0
355,12,3,61,364,62,22,1,1,0,8,1,2,0.008986300385062972,0.0007127780190663368,0.0007939999945591476,0.006966910924522095,0.003546438437718363,0.004633478185690008,0.00010434205914671361,0.00010481659506645058,0.0,0.0001750437921277074,2.5636109424041476e-05,5.123226534296838e-05
356,7,4,47,273,66,25,0,0,1,10,2,0,0.0052420085579534,0.0009503706920884491,0.0006117704876111465,0.0052251831933915706,0.0037752409175711606,0.005265316120102282,0.0,0.0,2.1859678483039742e-05,0.00021880474015963423,5.127221884808295e-05,0.0
357,8,3,54,239,56,11,1,2,2,5,5,1,0.005990866923375315,0.0007127780190663368,0.0007028852410851471,0.004574427777364782,0.0032032347179391666,0.002316739092845004,0.00010434205914671361,0.00020963319013290115,4.3719356966079484e-05,0.00010940237007981711,0.00012818054712020738,2.561613267148419e-05
358,3,2,76,192,38,15,2,0,0,10,4,1,0.002246575096265743,0.00047518534604422456,0.0009892458948605773,0.0036748541140336323,0.0021736235586015773,0.0031591896720613694,0.00020868411829342721,0.0,0.0,0.00021880474015963423,0.0001025444376961659,2.561613267148419e-05
359,5,3,80,196,57,5,3,4,1,8,1,3,0.0037442918271095717,0.0007127780190663368,0.0010413114682742918,0.003751413574742666,0.003260435337902366,0.0010530632240204564,0.0003130261774401408,0.0004192663802658023,2.1859678483039742e-05,0.0001750437921277074,2.5636109424041476e-05,7.684839801445258e-05
360,4,1,79,151,26,13,5,1,1,5,9,1,0.0029954334616876573,0.00023759267302211228,0.0010282950749208632,0.0028901196417660336,0.0014872161190431846,0.0027379643824531866,0.000521710295733568,0.00010481659506645058,2.1859678483039742e-05,0.00010940237007981711,0.0002307249848163733,2.561613267148419e-05
361,4,1,104,167,37,9,5,1,2,6,1,1,0.0029954334616876573,0.00023759267302211228,0.0013537049087565794,0.00319635748460217,0.002116422938638378,0.0018955138032368216,0.000521710295733568,0.00010481659506645058,4.3719356966079484e-05,0.00013128284409578053,2.5636109424041476e-05,2.561613267148419e-05
362,5,2,77,160,40,13,4,0,1,0,3,2,0.0037442918271095717,0.00047518534604422456,0.001002262288214006,0.0030623784283613604,0.002288024798527976,0.0027379643824531866,0.00041736823658685443,0.0,2.1859678483039742e-05,0.0,7.690832827212443e-05,5.123226534296838e-05
363,1,1,103,143,36,10,5,0,0,6,2,3,0.0007488583654219143,0.00023759267302211228,0.0013406885154031507,0.0027370007203479656,0.0020592223186751786,0.002106126448040913,0.000521710295733568,0.0,0.0,0.00013128284409578053,5.127221884808295e-05,7.684839801445258e-05
364,5,1,117,136,42,7,3,2,0,6,10,1,0.0037442918271095717,0.00023759267302211228,0.0015229180223511518,0.002603021664107156,0.002402426038454375,0.001474288513628639,0.0003130261774401408,0.00020963319013290115,0.0,0.00013128284409578053,0.00025636109424041477,2.561613267148419e-05
365,4,2,145,152,36,7,5,1,0,3,6,3,0.0029954334616876573,0.00047518534604422456,0.0018873770362471541,0.0029092595069432924,0.0020592223186751786,0.001474288513628639,0.000521710295733568,0.00010481659506645058,0.0,6.564142204789027e-05,0.00015381665654424885,7.684839801445258e-05
366,1,0,173,121,25,8,10,0,0,0,8,1,0.0007488583654219143,0.0,0.0022518360501431562,0.0023159236864482785,0.0014300154990799852,0.0016849011584327302,0.001043420591467136,0.0,0.0,0.0,0.0002050888753923318,2.561613267148419e-05
367,3,1,163,121,27,4,6,0,1,3,12,3,0.002246575096265743,0.00023759267302211228,0.00212167211660887,0.0023159236864482785,0.001544416739006384,0.0008424505792163651,0.0006260523548802816,0.0,2.1859678483039742e-05,6.564142204789027e-05,0.0003076333130884977,7.684839801445258e-05
368,1,1,184,114,34,6,6,0,1,3,12,4,0.0007488583654219143,0.00023759267302211228,0.002395016377030871,0.002181944630207469,0.0019448210787487799,0.0012636758688245476,0.0006260523548802816,0.0,2.1859678483039742e-05,6.564142204789027e-05,0.0003076333130884977,0.00010246453068593676
369,4,2,212,91,36,7,9,1,0,3,15,4,0.0029954334616876573,0.00047518534604422456,0.0027594753909268737,0.0017417277311305237,0.0020592223186751786,0.001474288513628639,0.0009390785323204224,0.00010481659506645058,0.0,6.564142204789027e-05,0.0003845416413606222,0.00010246453068593676
370,1,1,209,108,26,5,8,0,3,0,20,1,0.0007488583654219143,0.00023759267302211228,0.0027204262108665874,0.0020671054391439183,0.0014872161190431846,0.0010530632240204564,0.0008347364731737089,0.0,6.557903544911923e-05,0.0,0.0005127221884808295,2.561613267148419e-05
371,4,0,218,93,18,1,12,1,4,2,22,2,0.0029954334616876573,0.0,0.0028375737510474455,0.0017800074614850406,0.0010296111593375893,0.00021061264480409127,0.0012521047097605632,0.00010481659506645058,8.743871393215897e-05,4.376094803192685e-05,0.0005639944073289125,5.123226534296838e-05
372,0,2,236,89,20,5,10,2,0,1,21,4,0.0,0.00047518534604422456,0.0030718688314091613,0.0017034480007760066,0.001144012399263988,0.0010530632240204564,0.001043420591467136,0.00020963319013290115,0.0,2.1880474015963424e-05,0.000538358297904871,0.00010246453068593676
373,4,1,255,87,29,6,8,6,1,1,26,7,0.0029954334616876573,0.00023759267302211228,0.0033191803051243053,0.0016651682704214897,0.0016588179789327826,0.0012636758688245476,0.0008347364731737089,0.0006288995703987035,2.1859678483039742e-05,2.1880474015963424e-05,0.0006665388450250784,0.00017931292870038934
374,0,0,208,85,15,5,14,1,1,1,38,3,0.0,0.0,0.0027074098175131588,0.0016268885400669726,0.0008580092994479911,0.0010530632240204564,0.0014607888280539904,0.00010481659506645058,2.1859678483039742e-05,2.1880474015963424e-05,0.0009741721581135761,7.684839801445258e-05
375,1,0,279,66,18,5,13,4,2,1,28,2,0.0007488583654219143,0.0,0.003631573745606593,0.0012632311016990611,0.0010296111593375893,0.0010530632240204564,0.001356446768907277,0.0004192663802658023,4.3719356966079484e-05,2.1880474015963424e-05,0.0007178110638731614,5.123226534296838e-05
376,0,3,269,82,18,5,10,3,1,1,40,7,0.0,0.0007127780190663368,0.0035014098120723066,0.001569468944535197,0.0010296111593375893,0.0010530632240204564,0.001043420591467136,0.00031444978519935173,2.1859678483039742e-05,2.1880474015963424e-05,0.001025444376961659,0.00017931292870038934
377,1,0,307,62,10,2,15,3,0,0,31,7,0.0007488583654219143,0.0,0.003996032759502595,0.0011866716409900272,0.000572006199631994,0.00042122528960818255,0.001565130887200704,0.00031444978519935173,0.0,0.0,0.0007947193921452858,0.00017931292870038934
378,3,0,278,65,20,2,13,3,0,1,37,5,0.002246575096265743,0.0,0.0036185573522531642,0.0012440912365218027,0.001144012399263988,0.00042122528960818255,0.001356446768907277,0.00031444978519935173,0.0,2.1880474015963424e-05,0.0009485360486895346,0.00012808066335742095
379,1,0,276,50,11,4,16,4,1,1,42,5,0.0007488583654219143,0.0,0.003592524565546307,0.0009569932588629251,0.0006292068195951935,0.0008424505792163651,0.0016694729463474177,0.0004192663802658023,2.1859678483039742e-05,2.1880474015963424e-05,0.001076716595809742,0.00012808066335742095
380,3,0,292,48,10,1,25,4,0,0,41,4,0.002246575096265743,0.0,0.0038007868592011655,0.0009187135285084081,0.000572006199631994,0.00021061264480409127,0.00260855147866784,0.0004192663802658023,0.0,0.0,0.0010510804863857006,0.00010246453068593676
381,2,0,318,48,8,2,27,3,2,0,44,5,0.0014977167308438287,0.0,0.00413921308639031,0.0009187135285084081,0.00045760495970559523,0.00042122528960818255,0.0028172355969612673,0.00031444978519935173,4.3719356966079484e-05,0.0,0.001127988814657825,0.00012808066335742095
382,0,0,341,50,9,3,28,7,2,0,49,5,0.0,0.0,0.004438590133519169,0.0009569932588629251,0.0005148055796687946,0.0006318379344122738,0.0029215776561079807,0.000733716165465154,4.3719356966079484e-05,0.0,0.0012561693617780324,0.00012808066335742095
383,1,0,358,47,10,0,25,6,1,0,48,8,0.0007488583654219143,0.0,0.004659868820527456,0.0008995736633311495,0.000572006199631994,0.0,0.00260855147866784,0.0006288995703987035,2.1859678483039742e-05,0.0,0.0012305332523539908,0.00020492906137187353
384,1,2,356,42,10,6,26,3,0,0,45,4,0.0007488583654219143,0.00047518534604422456,0.004633836033820599,0.0008038743374448571,0.000572006199631994,0.0012636758688245476,0.002712893537814554,0.00031444978519935173,0.0,0.0,0.0011536249240818664,0.00010246453068593676
385,0,1,407,34,12,0,29,3,1,0,62,6,0.0,0.00023759267302211228,0.00529767209484546,0.000650755416026789,0.0006864074395583928,0.0,0.0030259197152546946,0.00031444978519935173,2.1859678483039742e-05,0.0,0.0015894387842905716,0.00015369679602890516
386,0,1,352,34,5,0,37,5,1,0,55,1,0.0,0.00023759267302211228,0.004581770460406884,0.000650755416026789,0.000286003099815997,0.0,0.003860656188428403,0.0005240829753322528,2.1859678483039742e-05,0.0,0.0014099860183222812,2.561613267148419e-05
387,0,0,385,46,11,3,36,2,3,0,49,8,0.0,0.0,0.0050113114410700295,0.0008804337981538911,0.0006292068195951935,0.0006318379344122738,0.0037563141292816897,0.00020963319013290115,6.557903544911923e-05,0.0,0.0012561693617780324,0.00020492906137187353
388,2,0,399,24,7,4,27,6,2,1,61,4,0.0014977167308438287,0.0,0.005193540948018031,0.00045935676425420404,0.0004004043397423958,0.0008424505792163651,0.0028172355969612673,0.0006288995703987035,4.3719356966079484e-05,2.1880474015963424e-05,0.00156380267486653,0.00010246453068593676
389,0,1,402,24,5,3,31,2,4,1,56,10,0.0,0.00023759267302211228,0.005232590128078317,0.00045935676425420404,0.000286003099815997,0.0006318379344122738,0.0032346038335481215,0.00020963319013290115,8.743871393215897e-05,2.1880474015963424e-05,0.0014356221277463227,0.0002561613267148419
390,1,0,435,26,7,1,32,2,2,1,50,11,0.0007488583654219143,0.0,0.005662131108741462,0.000497636494608721,0.0004004043397423958,0.00021061264480409127,0.0033389458926948354,0.00020963319013290115,4.3719356966079484e-05,2.1880474015963424e-05,0.001281805471202074,0.0002817774593863261
391,2,0,430,26,4,0,37,9,0,0,58,11,0.0014977167308438287,0.0,0.005597049141974319,0.000497636494608721,0.00022880247985279762,0.0,0.003860656188428403,0.0009433493555980551,0.0,0.0,0.0014868943465944056,0.0002817774593863261
392,1,0,335,39,3,0,25,3,0,0,53,9,0.0007488583654219143,0.0,0.004360491773398597,0.0007464547419130816,0.0001716018598895982,0.0,0.00260855147866784,0.00031444978519935173,0.0,0.0,0.0013587137994741983,0.00023054519404335774
393,2,1,322,21,8,4,22,3,1,0,41,9,0.0014977167308438287,0.00023759267302211228,0.004191278659804025,0.00040193716872242855,0.00045760495970559523,0.0008424505792163651,0.002295525301227699,0.00031444978519935173,2.1859678483039742e-05,0.0,0.0010510804863857006,0.00023054519404335774
394,2,0,305,33,11,0,29,5,2,0,49,6,0.0014977167308438287,0.0,0.003969999972795738,0.0006316155508495306,0.0006292068195951935,0.0,0.0030259197152546946,0.0005240829753322528,4.3719356966079484e-05,0.0,0.0012561693617780324,0.00015369679602890516
395,0,1,242,19,8,2,28,2,2,0,57,12,0.0,0.00023759267302211228,0.003149967191529733,0.00036365743836791156,0.00045760495970559523,0.00042122528960818255,0.0029215776561079807,0.00020963319013290115,4.3719356966079484e-05,0.0,0.0014612582371703643,0.0003073935920578103
396,1,1,198,23,6,1,40,1,2,0,47,5,0.0007488583654219143,0.00023759267302211228,0.0025772458839788724,0.00044021689907694554,0.0003432037197791964,0.00021061264480409127,0.004173682365868544,0.00010481659506645058,4.3719356966079484e-05,0.0,0.0012048971429299495,0.00012808066335742095
397,0,0,157,22,4,3,30,2,1,0,53,12,0.0,0.0,0.0020435737564882977,0.00042107703389968705,0.00022880247985279762,0.0006318379344122738,0.003130261774401408,0.00020963319013290115,2.1859678483039742e-05,0.0,0.0013587137994741983,0.0003073935920578103
398,1,0,106,22,5,0,32,2,2,0,41,5,0.0007488583654219143,0.0,0.0013797376954634369,0.00042107703389968705,0.000286003099815997,0.0,0.0033389458926948354,0.00020963319013290115,4.3719356966079484e-05,0.0,0.0010510804863857006,0.00012808066335742095
399,1,1,63,27,6,1,21,3,0,0,34,8,0.0007488583654219143,0.00023759267302211228,0.0008200327812660049,0.0005167763597859796,0.0003432037197791964,0.00021061264480409127,0.0021911832420809857,0.00031444978519935173,0.0,0.0,0.0008716277204174102,0.00020492906137187353
400,1,1,36,19,4,1,24,1,2,0,26,7,0.0007488583654219143,0.00023759267302211228,0.0004685901607234314,0.00036365743836791156,0.00022880247985279762,0.00021061264480409127,0.0025042094195211265,0.00010481659506645058,4.3719356966079484e-05,0.0,0.0006665388450250784,0.00017931292870038934
401,1,1,22,22,9,2,21,1,1,0,27,6,0.0007488583654219143,0.00023759267302211228,0.00028636065377543027,0.00042107703389968705,0.0005148055796687946,0.00042122528960818255,0.0021911832420809857,0.00010481659506645058,2.1859678483039742e-05,0.0,0.0006921749544491199,0.00015369679602890516
402,0,0,19,17,4,4,14,0,1,1,19,1,0.0,0.0,0.0002473114737151443,0.0003253777080133945,0.00022880247985279762,0.0008424505792163651,0.0014607888280539904,0.0,2.1859678483039742e-05,2.1880474015963424e-05,0.00048708607905678804,2.561613267148419e-05
403,0,0,9,20,7,4,16,1,0,0,14,4,0.0,0.0,0.00011714754018085784,0.00038279730354517005,0.0004004043397423958,0.0008424505792163651,0.0016694729463474177,0.00010481659506645058,0.0,0.0,0.0003589055319365807,0.00010246453068593676
404,0,0,2,24,9,1,12,0,0,2,16,3,0.0,0.0,2.6032786706857296e-05,0.00045935676425420404,0.0005148055796687946,0.00021061264480409127,0.0012521047097605632,0.0,0.0,4.376094803192685e-05,0.0004101777507846636,7.684839801445258e-05
405,1,0,4,20,4,1,14,0,3,0,14,3,0.0007488583654219143,0.0,5.206557341371459e-05,0.00038279730354517005,0.00022880247985279762,0.00021061264480409127,0.0014607888280539904,0.0,6.557903544911923e-05,0.0,0.0003589055319365807,7.684839801445258e-05
406,1,0,3,23,6,1,14,0,2,1,12,3,0.0007488583654219143,0.0,3.904918006028595e-05,0.00044021689907694554,0.0003432037197791964,0.00021061264480409127,0.0014607888280539904,0.0,4.3719356966079484e-05,2.1880474015963424e-05,0.0003076333130884977,7.684839801445258e-05
407,0,0,0,26,4,2,11,0,0,0,4,1,0.0,0.0,0.0,0.000497636494608721,0.00022880247985279762,0.00042122528960818255,0.0011477626506138496,0.0,0.0,0.0,0.0001025444376961659,2.561613267148419e-05
408,1,0,1,18,4,2,12,0,1,0,7,0,0.0007488583654219143,0.0,1.3016393353428648e-05,0.000344517573190653,0.00022880247985279762,0.00042122528960818255,0.0012521047097605632,0.0,2.1859678483039742e-05,0.0,0.00017945276596829034,0.0
409,1,0,0,30,2,2,1,0,0,1,3,0,0.0007488583654219143,0.0,0.0,0.000574195955317755,0.00011440123992639881,0.00042122528960818255,0.00010434205914671361,0.0,0.0,2.1880474015963424e-05,7.690832827212443e-05,0.0
410,1,1,2,20,5,2,6,0,3,0,3,0,0.0007488583654219143,0.00023759267302211228,2.6032786706857296e-05,0.00038279730354517005,0.000286003099815997,0.00042122528960818255,0.0006260523548802816,0.0,6.557903544911923e-05,0.0,7.690832827212443e-05,0.0
411,2,0,0,22,4,0,5,0,2,0,6,0,0.0014977167308438287,0.0,0.0,0.00042107703389968705,0.00022880247985279762,0.0,0.000521710295733568,0.0,4.3719356966079484e-05,0.0,0.00015381665654424885,0.0
412,3,0,1,22,4,2,4,0,2,0,9,1,0.002246575096265743,0.0,1.3016393353428648e-05,0.00042107703389968705,0.00022880247985279762,0.00042122528960818255,0.00041736823658685443,0.0,4.3719356966079484e-05,0.0,0.0002307249848163733,2.561613267148419e-05
413,0,0,0,23,6,2,3,0,1,0,7,0,0.0,0.0,0.0,0.00044021689907694554,0.0003432037197791964,0.00042122528960818255,0.0003130261774401408,0.0,2.1859678483039742e-05,0.0,0.00017945276596829034,0.0
414,1,0,1,29,3,3,4,0,1,0,6,0,0.0007488583654219143,0.0,1.3016393353428648e-05,0.0005550560901404966,0.0001716018598895982,0.0006318379344122738,0.00041736823658685443,0.0,2.1859678483039742e-05,0.0,0.00015381665654424885,0.0
415,0,0,0,17,7,2,3,0,2,0,9,0,0.0,0.0,0.0,0.0003253777080133945,0.0004004043397423958,0.00042122528960818255,0.0003130261774401408,0.0,4.3719356966079484e-05,0.0,0.0002307249848163733,0.0
416,0,0,0,14,5,4,3,0,1,0,6,0,0.0,0.0,0.0,0.000267958112481619,0.000286003099815997,0.0008424505792163651,0.0003130261774401408,0.0,2.1859678483039742e-05,0.0,0.00015381665654424885,0.0
417,3,0,0,23,3,1,5,0,0,1,7,0,0.002246575096265743,0.0,0.0,0.00044021689907694554,0.0001716018598895982,0.00021061264480409127,0.000521710295733568,0.0,0.0,2.1880474015963424e-05,0.00017945276596829034,0.0
418,0,0,0,16,5,2,3,0,1,0,5,0,0.0,0.0,0.0,0.000306237842836136,0.000286003099815997,0.00042122528960818255,0.0003130261774401408,0.0,2.1859678483039742e-05,0.0,0.00012818054712020738,0.0
419,0,0,0,16,5,0,4,0,4,0,6,0,0.0,0.0,0.0,0.000306237842836136,0.000286003099815997,0.0,0.00041736823658685443,0.0,8.743871393215897e-05,0.0,0.00015381665654424885,0.0
420,3,1,0,21,6,3,4,0,2,0,9,0,0.002246575096265743,0.00023759267302211228,0.0,0.00040193716872242855,0.0003432037197791964,0.0006318379344122738,0.00041736823658685443,0.0,4.3719356966079484e-05,0.0,0.0002307249848163733,0.0
421,0,0,0,16,7,1,2,0,3,0,2,0,0.0,0.0,0.0,0.000306237842836136,0.0004004043397423958,0.00021061264480409127,0.00020868411829342721,0.0,6.557903544911923e-05,0.0,5.127221884808295e-05,0.0
422,0,0,0,21,2,1,1,0,1,0,3,0,0.0,0.0,0.0,0.00040193716872242855,0.00011440123992639881,0.00021061264480409127,0.00010434205914671361,0.0,2.1859678483039742e-05,0.0,7.690832827212443e-05,0.0
423,1,0,0,27,5,0,3,0,1,1,5,0,0.0007488583654219143,0.0,0.0,0.0005167763597859796,0.000286003099815997,0.0,0.0003130261774401408,0.0,2.1859678483039742e-05,2.1880474015963424e-05,0.00012818054712020738,0.0
424,0,0,1,21,1,1,3,0,2,0,8,0,0.0,0.0,1.3016393353428648e-05,0.00040193716872242855,5.7200619963199404e-05,0.00021061264480409127,0.0003130261774401408,0.0,4.3719356966079484e-05,0.0,0.0002050888753923318,0.0
425,0,0,1,28,10,1,4,0,0,0,6,0,0.0,0.0,1.3016393353428648e-05,0.000535916224963238,0.000572006199631994,0.00021061264480409127,0.00041736823658685443,0.0,0.0,0.0,0.00015381665654424885,0.0
426,1,0,0,20,4,2,0,0,0,0,8,0,0.0007488583654219143,0.0,0.0,0.00038279730354517005,0.00022880247985279762,0.00042122528960818255,0.0,0.0,0.0,0.0,0.0002050888753923318,0.0
427,2,0,0,19,5,0,2,0,1,0,5,0,0.0014977167308438287,0.0,0.0,0.00036365743836791156,0.000286003099815997,0.0,0.00020868411829342721,0.0,2.1859678483039742e-05,0.0,0.00012818054712020738,0.0
428,0,1,0,25,4,3,1,0,1,1,3,0,0.0,0.00023759267302211228,0.0,0.00047849662943146254,0.00022880247985279762,0.0006318379344122738,0.00010434205914671361,0.0,2.1859678483039742e-05,2.1880474015963424e-05,7.690832827212443e-05,0.0
429,1,0,0,22,4,1,0,0,1,2,5,0,0.0007488583654219143,0.0,0.0,0.00042107703389968705,0.00022880247985279762,0.00021061264480409127,0.0,0.0,2.1859678483039742e-05,4.376094803192685e-05,0.00012818054712020738,0.0
430,2,0,0,23,7,1,1,0,3,0,7,0,0.0014977167308438287,0.0,0.0,0.00044021689907694554,0.0004004043397423958,0.00021061264480409127,0.00010434205914671361,0.0,6.557903544911923e-05,0.0,0.00017945276596829034,0.0
431,2,0,0,31,4,2,0,0,0,0,3,0,0.0014977167308438287,0.0,0.0,0.0005933358204950136,0.00022880247985279762,0.00042122528960818255,0.0,0.0,0.0,0.0,7.690832827212443e-05,0.0
432,0,0,0,26,4,1,0,0,1,0,1,0,0.0,0.0,0.0,0.000497636494608721,0.00022880247985279762,0.00021061264480409127,0.0,0.0,2.1859678483039742e-05,0.0,2.5636109424041476e-05,0.0
433,2,0,0,23,6,1,2,0,0,0,1,0,0.0014977167308438287,0.0,0.0,0.00044021689907694554,0.0003432037197791964,0.00021061264480409127,0.00020868411829342721,0.0,0.0,0.0,2.5636109424041476e-05,0.0
434,1,0,0,11,6,0,1,0,1,0,1,0,0.0007488583654219143,0.0,0.0,0.00021053851694984352,0.0003432037197791964,0.0,0.00010434205914671361,0.0,2.1859678483039742e-05,0.0,2.5636109424041476e-05,0.0
435,0,0,1,20,5,2,2,0,1,0,2,0,0.0,0.0,1.3016393353428648e-05,0.00038279730354517005,0.000286003099815997,0.00042122528960818255,0.00020868411829342721,0.0,2.1859678483039742e-05,0.0,5.127221884808295e-05,0.0
436,2,0,0,12,7,0,0,0,1,1,1,0,0.0014977167308438287,0.0,0.0,0.00022967838212710202,0.0004004043397423958,0.0,0.0,0.0,2.1859678483039742e-05,2.1880474015963424e-05,2.5636109424041476e-05,0.0
437,0,1,0,20,2,4,0,0,0,0,2,0,0.0,0.00023759267302211228,0.0,0.00038279730354517005,0.00011440123992639881,0.0008424505792163651,0.0,0.0,0.0,0.0,5.127221884808295e-05,0.0
438,1,1,0,22,8,2,0,0,1,0,0,0,0.0007488583654219143,0.00023759267302211228,0.0,0.00042107703389968705,0.00045760495970559523,0.00042122528960818255,0.0,0.0,2.1859678483039742e-05,0.0,0.0,0.0
439,0,2,1,19,3,1,2,0,1,0,1,0,0.0,0.00047518534604422456,1.3016393353428648e-05,0.00036365743836791156,0.0001716018598895982,0.00021061264480409127,0.00020868411829342721,0.0,2.1859678483039742e-05,0.0,2.5636109424041476e-05,0.0
440,0,1,0,30,3,0,1,0,0,1,1,0,0.0,0.00023759267302211228,0.0,0.000574195955317755,0.0001716018598895982,0.0,0.00010434205914671361,0.0,0.0,2.1880474015963424e-05,2.5636109424041476e-05,0.0
441,1,0,0,18,1,3,0,0,1,1,2,0,0.0007488583654219143,0.0,0.0,0.000344517573190653,5.7200619963199404e-05,0.0006318379344122738,0.0,0.0,2.1859678483039742e-05,2.1880474015963424e-05,5.127221884808295e-05,0.0
442,0,0,0,24,8,1,0,0,1,0,2,0,0.0,0.0,0.0,0.00045935676425420404,0.00045760495970559523,0.00021061264480409127,0.0,0.0,2.1859678483039742e-05,0.0,5.127221884808295e-05,0.0
443,0,1,0,17,5,2,1,0,1,0,2,0,0.0,0.00023759267302211228,0.0,0.0003253777080133945,0.000286003099815997,0.00042122528960818255,0.00010434205914671361,0.0,2.1859678483039742e-05,0.0,5.127221884808295e-05,0.0
444,0,1,0,19,7,2,0,0,1,0,2,0,0.0,0.00023759267302211228,0.0,0.00036365743836791156,0.0004004043397423958,0.00042122528960818255,0.0,0.0,2.1859678483039742e-05,0.0,5.127221884808295e-05,0.0
445,1,0,0,22,7,1,1,0,0,0,4,0,0.0007488583654219143,0.0,0.0,0.00042107703389968705,0.0004004043397423958,0.00021061264480409127,0.00010434205914671361,0.0,0.0,0.0,0.0001025444376961659,0.0
446,1,0,0,22,9,0,1,0,2,2,2,0,0.0007488583654219143,0.0,0.0,0.00042107703389968705,0.0005148055796687946,0.0,0.00010434205914671361,0.0,4.3719356966079484e-05,4.376094803192685e-05,5.127221884808295e-05,0.0
447,0,0,1,21,6,2,3,0,1,0,1,0,0.0,0.0,1.3016393353428648e-05,0.00040193716872242855,0.0003432037197791964,0.00042122528960818255,0.0003130261774401408,0.0,2.1859678483039742e-05,0.0,2.5636109424041476e-05,0.0
448,0,0,0,33,9,1,2,0,2,1,1,0,0.0,0.0,0.0,0.0006316155508495306,0.0005148055796687946,0.00021061264480409127,0.00020868411829342721,0.0,4.3719356966079484e-05,2.1880474015963424e-05,2.5636109424041476e-05,0.0
449,0,0,0,27,4,1,0,0,1,0,1,0,0.0,0.0,0.0,0.0005167763597859796,0.00022880247985279762,0.00021061264480409127,0.0,0.0,2.1859678483039742e-05,0.0,2.5636109424041476e-05,0.0
450,1,0,0,29,10,0,1,0,0,0,3,0,0.0007488583654219143,0.0,0.0,0.0005550560901404966,0.000572006199631994,0.0,0.00010434205914671361,0.0,0.0,0.0,7.690832827212443e-05,0.0
451,1,0,0,20,8,1,0,0,1,0,1,0,0.0007488583654219143,0.0,0.0,0.00038279730354517005,0.00045760495970559523,0.00021061264480409127,0.0,0.0,2.1859678483039742e-05,0.0,2.5636109424041476e-05,0.0
452,0,0,0,26,6,2,0,0,2,0,0,0,0.0,0.0,0.0,0.000497636494608721,0.0003432037197791964,0.00042122528960818255,0.0,0.0,4.3719356966079484e-05,0.0,0.0,0.0
453,1,1,0,21,5,1,1,0,1,0,1,0,0.0007488583654219143,0.00023759267302211228,0.0,0.00040193716872242855,0.000286003099815997,0.00021061264480409127,0.00010434205914671361,0.0,2.1859678483039742e-05,0.0,2.5636109424041476e-05,0.0
454,1,0,0,21,5,0,1,0,2,0,1,0,0.0007488583654219143,0.0,0.0,0.00040193716872242855,0.000286003099815997,0.0,0.00010434205914671361,0.0,4.3719356966079484e-05,0.0,2.5636109424041476e-05,0.0
455,0,0,0,17,5,2,3,0,0,0,1,0,0.0,0.0,0.0,0.0003253777080133945,0.000286003099815997,0.00042122528960818255,0.0003130261774401408,0.0,0.0,0.0,2.5636109424041476e-05,0.0
456,1,0,0,18,0,1,0,0,2,0,1,0,0.0007488583654219143,0.0,0.0,0.000344517573190653,0.0,0.00021061264480409127,0.0,0.0,4.3719356966079484e-05,0.0,2.5636109424041476e-05,0.0
457,0,0,0,18,4,3,1,0,1,0,1,0,0.0,0.0,0.0,0.000344517573190653,0.00022880247985279762,0.0006318379344122738,0.00010434205914671361,0.0,2.1859678483039742e-05,0.0,2.5636109424041476e-05,0.0
458,0,1,0,24,1,4,0,0,1,0,0,0,0.0,0.00023759267302211228,0.0,0.00045935676425420404,5.7200619963199404e-05,0.0008424505792163651,0.0,0.0,2.1859678483039742e-05,0.0,0.0,0.0
459,1,0,0,23,10,0,0,0,0,0,0,0,0.0007488583654219143,0.0,0.0,0.00044021689907694554,0.000572006199631994,0.0,0.0,0.0,0.0,0.0,0.0,0.0
460,2,0,0,25,7,3,0,0,0,0,0,0,0.0014977167308438287,0.0,0.0,0.00047849662943146254,0.0004004043397423958,0.0006318379344122738,0.0,0.0,0.0,0.0,0.0,0.0
461,0,0,0,22,7,0,0,0,0,0,0,0,0.0,0.0,0.0,0.00042107703389968705,0.0004004043397423958,0.0,0.0,0.0,0.0,0.0,0.0,0.0
462,1,0,0,21,8,2,0,0,0,0,2,0,0.0007488583654219143,0.0,0.0,0.00040193716872242855,0.00045760495970559523,0.00042122528960818255,0.0,0.0,0.0,0.0,5.127221884808295e-05,0.0
463,0,0,0,25,11,2,1,0,1,1,3,0,0.0,0.0,0.0,0.00047849662943146254,0.0006292068195951935,0.00042122528960818255,0.00010434205914671361,0.0,2.1859678483039742e-05,2.1880474015963424e-05,7.690832827212443e-05,0.0
464,0,0,0,18,3,2,0,0,1,0,0,0,0.0,0.0,0.0,0.000344517573190653,0.0001716018598895982,0.00042122528960818255,0.0,0.0,2.1859678483039742e-05,0.0,0.0,0.0
465,0,0,1,19,10,1,1,0,2,0,2,0,0.0,0.0,1.3016393353428648e-05,0.00036365743836791156,0.000572006199631994,0.00021061264480409127,0.00010434205914671361,0.0,4.3719356966079484e-05,0.0,5.127221884808295e-05,0.0
466,0,0,0,22,6,0,2,0,1,0,0,0,0.0,0.0,0.0,0.00042107703389968705,0.0003432037197791964,0.0,0.00020868411829342721,0.0,2.1859678483039742e-05,0.0,0.0,0.0
467,1,1,0,21,3,4,2,0,2,0,2,0,0.0007488583654219143,0.00023759267302211228,0.0,0.00040193716872242855,0.0001716018598895982,0.0008424505792163651,0.00020868411829342721,0.0,4.3719356966079484e-05,0.0,5.127221884808295e-05,0.0
468,1,1,0,14,6,1,0,0,0,2,0,0,0.0007488583654219143,0.00023759267302211228,0.0,0.000267958112481619,0.0003432037197791964,0.00021061264480409127,0.0,0.0,0.0,4.376094803192685e-05,0.0,0.0
469,1,0,0,21,6,1,1,0,0,0,0,0,0.0007488583654219143,0.0,0.0,0.00040193716872242855,0.0003432037197791964,0.00021061264480409127,0.00010434205914671361,0.0,0.0,0.0,0.0,0.0
470,0,0,0,19,3,3,1,0,2,0,0,0,0.0,0.0,0.0,0.00036365743836791156,0.0001716018598895982,0.0006318379344122738,0.00010434205914671361,0.0,4.3719356966079484e-05,0.0,0.0,0.0
471,1,0,0,26,3,5,0,0,4,2,2,0,0.0007488583654219143,0.0,0.0,0.000497636494608721,0.0001716018598895982,0.0010530632240204564,0.0,0.0,8.743871393215897e-05,4.376094803192685e-05,5.127221884808295e-05,0.0
472,0,0,0,17,2,3,1,0,1,0,0,0,0.0,0.0,0.0,0.0003253777080133945,0.00011440123992639881,0.0006318379344122738,0.00010434205914671361,0.0,2.1859678483039742e-05,0.0,0.0,0.0
473,2,0,1,18,3,2,0,0,2,0,1,0,0.0014977167308438287,0.0,1.3016393353428648e-05,0.000344517573190653,0.0001716018598895982,0.00042122528960818255,0.0,0.0,4.3719356966079484e-05,0.0,2.5636109424041476e-05,0.0
474,1,0,0,19,5,2,0,0,3,0,1,0,0.0007488583654219143,0.0,0.0,0.00036365743836791156,0.000286003099815997,0.00042122528960818255,0.0,0.0,6.557903544911923e-05,0.0,2.5636109424041476e-05,0.0
475,0,0,1,30,6,0,0,0,0,0,1,0,0.0,0.0,1.3016393353428648e-05,0.000574195955317755,0.0003432037197791964,0.0,0.0,0.0,0.0,0.0,2.5636109424041476e-05,0.0
476,2,1,0,17,5,3,1,0,0,0,0,0,0.0014977167308438287,0.00023759267302211228,0.0,0.0003253777080133945,0.000286003099815997,0.0006318379344122738,0.00010434205914671361,0.0,0.0,0.0,0.0,0.0
477,0,1,0,29,3,0,1,0,2,2,2,0,0.0,0.00023759267302211228,0.0,0.0005550560901404966,0.0001716018598895982,0.0,0.00010434205914671361,0.0,4.3719356966079484e-05,4.376094803192685e-05,5.127221884808295e-05,0.0
478,1,0,0,25,4,3,1,0,2,1,1,0,0.0007488583654219143,0.0,0.0,0.00047849662943146254,0.00022880247985279762,0.0006318379344122738,0.00010434205914671361,0.0,4.3719356966079484e-05,2.1880474015963424e-05,2.5636109424041476e-05,0.0
479,0,0,0,20,2,2,0,0,3,1,0,0,0.0,0.0,0.0,0.00038279730354517005,0.00011440123992639881,0.00042122528960818255,0.0,0.0,6.557903544911923e-05,2.1880474015963424e-05,0.0,0.0
480,0,0,0,21,7,2,1,0,3,0,0,0,0.0,0.0,0.0,0.00040193716872242855,0.0004004043397423958,0.00042122528960818255,0.00010434205914671361,0.0,6.557903544911923e-05,0.0,0.0,0.0
481,0,0,1,29,4,4,0,0,1,0,0,0,0.0,0.0,1.3016393353428648e-05,0.0005550560901404966,0.00022880247985279762,0.0008424505792163651,0.0,0.0,2.1859678483039742e-05,0.0,0.0,0.0
482,1,1,0,24,2,1,0,0,0,1,1,0,0.0007488583654219143,0.00023759267302211228,0.0,0.00045935676425420404,0.00011440123992639881,0.00021061264480409127,0.0,0.0,0.0,2.1880474015963424e-05,2.5636109424041476e-05,0.0
483,0,0,0,21,5,0,1,0,4,0,2,0,0.0,0.0,0.0,0.00040193716872242855,0.000286003099815997,0.0,0.00010434205914671361,0.0,8.743871393215897e-05,0.0,5.127221884808295e-05,0.0
484,0,0,0,14,3,3,0,0,1,0,2,0,0.0,0.0,0.0,0.000267958112481619,0.0001716018598895982,0.0006318379344122738,0.0,0.0,2.1859678483039742e-05,0.0,5.127221884808295e-05,0.0
485,1,0,2,22,7,0,0,0,2,0,0,0,0.0007488583654219143,0.0,2.6032786706857296e-05,0.00042107703389968705,0.0004004043397423958,0.0,0.0,0.0,4.3719356966079484e-05,0.0,0.0,0.0
486,0,0,0,11,6,2,1,0,2,0,2,0,0.0,0.0,0.0,0.00021053851694984352,0.0003432037197791964,0.00042122528960818255,0.00010434205914671361,0.0,4.3719356966079484e-05,0.0,5.127221884808295e-05,0.0
487,0,0,0,17,4,2,2,0,2,0,1,0,0.0,0.0,0.0,0.0003253777080133945,0.00022880247985279762,0.00042122528960818255,0.00020868411829342721,0.0,4.3719356966079484e-05,0.0,2.5636109424041476e-05,0.0
488,0,0,1,27,7,2,1,0,2,0,0,0,0.0,0.0,1.3016393353428648e-05,0.0005167763597859796,0.0004004043397423958,0.00042122528960818255,0.00010434205914671361,0.0,4.3719356966079484e-05,0.0,0.0,0.0
489,1,0,0,17,10,1,0,0,3,0,1,0,0.0007488583654219143,0.0,0.0,0.0003253777080133945,0.000572006199631994,0.00021061264480409127,0.0,0.0,6.557903544911923e-05,0.0,2.5636109424041476e-05,0.0
490,0,0,0,16,5,2,0,0,0,0,1,0,0.0,0.0,0.0,0.000306237842836136,0.000286003099815997,0.00042122528960818255,0.0,0.0,0.0,0.0,2.5636109424041476e-05,0.0
491,1,1,1,18,6,2,2,0,2,0,0,0,0.0007488583654219143,0.00023759267302211228,1.3016393353428648e-05,0.000344517573190653,0.0003432037197791964,0.00042122528960818255,0.00020868411829342721,0.0,4.3719356966079484e-05,0.0,0.0,0.0
492,1,0,0,18,8,0,1,0,3,1,3,0,0.0007488583654219143,0.0,0.0,0.000344517573190653,0.00045760495970559523,0.0,0.00010434205914671361,0.0,6.557903544911923e-05,2.1880474015963424e-05,7.690832827212443e-05,0.0
493,1,0,1,29,5,4,0,0,1,0,2,0,0.0007488583654219143,0.0,1.3016393353428648e-05,0.0005550560901404966,0.000286003099815997,0.0008424505792163651,0.0,0.0,2.1859678483039742e-05,0.0,5.127221884808295e-05,0.0
494,0,0,0,22,3,2,1,0,3,1,0,0,0.0,0.0,0.0,0.00042107703389968705,0.0001716018598895982,0.00042122528960818255,0.00010434205914671361,0.0,6.557903544911923e-05,2.1880474015963424e-05,0.0,0.0
495,0,0,0,16,5,2,0,0,1,0,2,1,0.0,0.0,0.0,0.000306237842836136,0.000286003099815997,0.00042122528960818255,0.0,0.0,2.1859678483039742e-05,0.0,5.127221884808295e-05,2.561613267148419e-05
496,0,0,0,17,5,1,0,0,1,0,0,0,0.0,0.0,0.0,0.0003253777080133945,0.000286003099815997,0.00021061264480409127,0.0,0.0,2.1859678483039742e-05,0.0,0.0,0.0
497,2,0,0,17,2,1,2,0,3,1,2,0,0.0014977167308438287,0.0,0.0,0.0003253777080133945,0.00011440123992639881,0.00021061264480409127,0.00020868411829342721,0.0,6.557903544911923e-05,2.1880474015963424e-05,5.127221884808295e-05,0.0
498,1,0,1,16,2,0,1,0,3,0,0,0,0.0007488583654219143,0.0,1.3016393353428648e-05,0.000306237842836136,0.00011440123992639881,0.0,0.00010434205914671361,0.0,6.557903544911923e-05,0.0,0.0,0.0
499,1,0,0,21,1,1,1,0,0,0,2,0,0.0007488583654219143,0.0,0.0,0.00040193716872242855,5.7200619963199404e-05,0.00021061264480409127,0.00010434205914671361,0.0,0.0,0.0,5.127221884808295e-05,0.0
500,0,0,0,18,6,1,0,0,3,0,0,0,0.0,0.0,0.0,0.000344517573190653,0.0003432037197791964,0.00021061264480409127,0.0,0.0,6.557903544911923e-05,0.0,0.0,0.0
501,0,0,0,9,3,2,1,0,3,1,1,0,0.0,0.0,0.0,0.0001722587865953265,0.0001716018598895982,0.00042122528960818255,0.00010434205914671361,0.0,6.557903544911923e-05,2.1880474015963424e-05,2.5636109424041476e-05,0.0
502,0,0,0,15,2,3,0,0,2,0,0,0,0.0,0.0,0.0,0.0002870979776588775,0.00011440123992639881,0.0006318379344122738,0.0,0.0,4.3719356966079484e-05,0.0,0.0,0.0
503,0,0,0,17,5,2,0,0,2,0,0,0,0.0,0.0,0.0,0.0003253777080133945,0.000286003099815997,0.00042122528960818255,0.0,0.0,4.3719356966079484e-05,0.0,0.0,0.0
504,1,0,0,18,1,1,2,0,4,0,2,0,0.0007488583654219143,0.0,0.0,0.000344517573190653,5.7200619963199404e-05,0.00021061264480409127,0.00020868411829342721,0.0,8.743871393215897e-05,0.0,5.127221884808295e-05,0.0
505,2,0,0,14,0,1,1,0,6,0,4,0,0.0014977167308438287,0.0,0.0,0.000267958112481619,0.0,0.00021061264480409127,0.00010434205914671361,0.0,0.00013115807089823846,0.0,0.0001025444376961659,0.0
506,0,0,0,9,5,0,1,0,1,0,0,0,0.0,0.0,0.0,0.0001722587865953265,0.000286003099815997,0.0,0.00010434205914671361,0.0,2.1859678483039742e-05,0.0,0.0,0.0
507,0,0,0,14,0,0,0,0,2,0,1,0,0.0,0.0,0.0,0.000267958112481619,0.0,0.0,0.0,0.0,4.3719356966079484e-05,0.0,2.5636109424041476e-05,0.0
508,2,0,0,12,1,1,0,0,3,0,1,0,0.0014977167308438287,0.0,0.0,0.00022967838212710202,5.7200619963199404e-05,0.00021061264480409127,0.0,0.0,6.557903544911923e-05,0.0,2.5636109424041476e-05,0.0
509,0,0,0,17,1,1,0,0,2,0,1,0,0.0,0.0,0.0,0.0003253777080133945,5.7200619963199404e-05,0.00021061264480409127,0.0,0.0,4.3719356966079484e-05,0.0,2.5636109424041476e-05,0.0
510,0,0,0,8,1,1,1,0,2,0,1,1,0.0,0.0,0.0,0.000153118921418068,5.7200619963199404e-05,0.00021061264480409127,0.00010434205914671361,0.0,4.3719356966079484e-05,0.0,2.5636109424041476e-05,2.561613267148419e-05
511,0,0,0,5,1,0,1,0,0,0,1,0,0.0,0.0,0.0,9.569932588629251e-05,5.7200619963199404e-05,0.0,0.00010434205914671361,0.0,0.0,0.0,2.5636109424041476e-05,0.0
