[ T-Track ]
    title = Flux spectra vs depth in concrete
     mesh =  xyz            # mesh type is xyz scoring mesh
   x-type =    2            # x-mesh is linear given by xmin, xmax and nx
     xmin =  -600.0000      # minimum value of x-mesh points
     xmax =   600.0000      # maximum value of x-mesh points
#    xdel =   1200.000      # mesh width of x-mesh points
       nx =      1          # number of x-mesh points
#    data = ( x(i), i = 1, nx + 1 )
#          -6.00000E+02  6.00000E+02
   y-type =    2            # y-mesh is linear given by ymin, ymax and ny
     ymin =  -600.0000      # minimum value of y-mesh points
     ymax =   600.0000      # maximum value of y-mesh points
#    ydel =   1200.000      # mesh width of y-mesh points
       ny =      1          # number of y-mesh points
#    data = ( y(i), i = 1, ny + 1 )
#          -6.00000E+02  6.00000E+02
   z-type =    2            # z-mesh is linear given by zmin, zmax and nz
     zmin =  -700.0000      # minimum value of z-mesh points
     zmax =   0.000000      # maximum value of z-mesh points
#    zdel =   20.00000      # mesh width of z-mesh points
       nz =     35          # number of z-mesh points
#    data = ( z(i), i = 1, nz + 1 )
#          -7.00000E+02 -6.80000E+02 -6.60000E+02 -6.40000E+02 -6.20000E+02
#          -6.00000E+02 -5.80000E+02 -5.60000E+02 -5.40000E+02 -5.20000E+02
#          -5.00000E+02 -4.80000E+02 -4.60000E+02 -4.40000E+02 -4.20000E+02
#          -4.00000E+02 -3.80000E+02 -3.60000E+02 -3.40000E+02 -3.20000E+02
#          -3.00000E+02 -2.80000E+02 -2.60000E+02 -2.40000E+02 -2.20000E+02
#          -2.00000E+02 -1.80000E+02 -1.60000E+02 -1.40000E+02 -1.20000E+02
#          -1.00000E+02 -8.00000E+01 -6.00000E+01 -4.00000E+01 -2.00000E+01
#           0.00000E+00
   e-type =    3            # e-mesh is log given by emin, emax and ne
     emin =  1.0000000E-10  # minimum value of e-mesh points
     emax =   100000.0      # maximum value of e-mesh points
#    edel =  0.5756463      # mesh width of e-mesh points
       ne =     60          # number of e-mesh points
#    data = ( e(i), i = 1, ne + 1 )
#           1.00000E-10  1.77828E-10  3.16228E-10  5.62341E-10  1.00000E-09
#           1.77828E-09  3.16228E-09  5.62341E-09  1.00000E-08  1.77828E-08
#           3.16228E-08  5.62341E-08  1.00000E-07  1.77828E-07  3.16228E-07
#           5.62341E-07  1.00000E-06  1.77828E-06  3.16228E-06  5.62341E-06
#           1.00000E-05  1.77828E-05  3.16228E-05  5.62341E-05  1.00000E-04
#           1.77828E-04  3.16228E-04  5.62341E-04  1.00000E-03  1.77828E-03
#           3.16228E-03  5.62341E-03  1.00000E-02  1.77828E-02  3.16228E-02
#           5.62341E-02  1.00000E-01  1.77828E-01  3.16228E-01  5.62341E-01
#           1.00000E+00  1.77828E+00  3.16228E+00  5.62341E+00  1.00000E+01
#           1.77828E+01  3.16228E+01  5.62341E+01  1.00000E+02  1.77828E+02
#           3.16228E+02  5.62341E+02  1.00000E+03  1.77828E+03  3.16228E+03
#           5.62341E+03  1.00000E+04  1.77828E+04  3.16228E+04  5.62341E+04
#           1.00000E+05
     unit =    1            # unit is [1/cm^2/source]
 material =  all            # (D=all) number of specific material
     axis =     eng            # axis of output
     file = depth_spec.out  # file name of output for the above axis
     part =  neutron    muon-      muon+      proton   
# kf/name :  2112       13         -13        2212     
#    used :        main (  %)        temp (  %)       total (  %)
#  memory :         105 (  0)           0 (  0)         105 (  0)

#------------------------------------------------------------------------------
#newpage:
#   no. =  1   ix  =  1   iy  =  1   iz  =  1
#   x = (  -6.0000E+02  -   6.0000E+02  )
#   y = (  -6.0000E+02  -   6.0000E+02  )
#   z = (  -7.0000E+02  -  -6.8000E+02  )

x: Energy [MeV/n]
y: Flux [1/cm^2/source]              
p: xlog ylog afac(0.8) form(0.9)
h: n            x            y(neutron ),hh0l n y(muon-   ),hh0dr n y(muon+   ),hh0ub n y(proton  ),hh0mg n 
#  e-lower      e-upper        neutron   r.err      muon-     r.err      muon+     r.err      proton    r.err 
   1.0000E-10   1.7783E-10   0.0000E+00  0.0000   0.0000E+00  0.0000   0.0000E+00  0.0000   0.0000E+00  0.0000
   1.7783E-10   3.1623E-10   0.0000E+00  0.0000   0.0000E+00  0.0000   0.0000E+00  0.0000   0.0000E+00  0.0000
   3.1623E-10   5.6234E-10   0.0000E+00  0.0000   0.0000E+00  0.0000   0.0000E+00  0.0000   0.0000E+00  0.0000
   5.6234E-10   1.0000E-09   0.0000E+00  0.0000   0.0000E+00  0.0000   0.0000E+00  0.0000   0.0000E+00  0.0000
   1.0000E-09   1.7783E-09   0.0000E+00  0.0000   0.0000E+00  0.0000   0.0000E+00  0.0000   0.0000E+00  0.0000
   1.7783E-09   3.1623E-09   0.0000E+00  0.0000   0.0000E+00  0.0000   0.0000E+00  0.0000   0.0000E+00  0.0000
   3.1623E-09   5.6234E-09   0.0000E+00  0.0000   0.0000E+00  0.0000   0.0000E+00  0.0000   0.0000E+00  0.0000
   5.6234E-09   1.0000E-08   0.0000E+00  0.0000   0.0000E+00  0.0000   0.0000E+00  0.0000   0.0000E+00  0.0000
   1.0000E-08   1.7783E-08   0.0000E+00  0.0000   0.0000E+00  0.0000   0.0000E+00  0.0000   0.0000E+00  0.0000
   1.7783E-08   3.1623E-08   0.0000E+00  0.0000   0.0000E+00  0.0000   0.0000E+00  0.0000   0.0000E+00  0.0000
   3.1623E-08   5.6234E-08   0.0000E+00  0.0000   0.0000E+00  0.0000   0.0000E+00  0.0000   0.0000E+00  0.0000
   5.6234E-08   1.0000E-07   0.0000E+00  0.0000   0.0000E+00  0.0000   0.0000E+00  0.0000   0.0000E+00  0.0000
   1.0000E-07   1.7783E-07   0.0000E+00  0.0000   0.0000E+00  0.0000   0.0000E+00  0.0000   0.0000E+00  0.0000
   1.7783E-07   3.1623E-07   0.0000E+00  0.0000   0.0000E+00  0.0000   0.0000E+00  0.0000   0.0000E+00  0.0000
   3.1623E-07   5.6234E-07   0.0000E+00  0.0000   0.0000E+00  0.0000   0.0000E+00  0.0000   0.0000E+00  0.0000
   5.6234E-07   1.0000E-06   0.0000E+00  0.0000   0.0000E+00  0.0000   0.0000E+00  0.0000   0.0000E+00  0.0000
   1.0000E-06   1.7783E-06   0.0000E+00  0.0000   0.0000E+00  0.0000   0.0000E+00  0.0000   0.0000E+00  0.0000
   1.7783E-06   3.1623E-06   0.0000E+00  0.0000   0.0000E+00  0.0000   0.0000E+00  0.0000   0.0000E+00  0.0000
   3.1623E-06   5.6234E-06   0.0000E+00  0.0000   0.0000E+00  0.0000   0.0000E+00  0.0000   0.0000E+00  0.0000
   5.6234E-06   1.0000E-05   0.0000E+00  0.0000   0.0000E+00  0.0000   0.0000E+00  0.0000   0.0000E+00  0.0000
   1.0000E-05   1.7783E-05   0.0000E+00  0.0000   0.0000E+00  0.0000   0.0000E+00  0.0000   0.0000E+00  0.0000
   1.7783E-05   3.1623E-05   0.0000E+00  0.0000   0.0000E+00  0.0000   0.0000E+00  0.0000   0.0000E+00  0.0000
   3.1623E-05   5.6234E-05   0.0000E+00  0.0000   0.0000E+00  0.0000   0.0000E+00  0.0000   0.0000E+00  0.0000
   5.6234E-05   1.0000E-04   0.0000E+00  0.0000   0.0000E+00  0.0000   0.0000E+00  0.0000   0.0000E+00  0.0000
   1.0000E-04   1.7783E-04   0.0000E+00  0.0000   0.0000E+00  0.0000   0.0000E+00  0.0000   0.0000E+00  0.0000
   1.7783E-04   3.1623E-04   0.0000E+00  0.0000   0.0000E+00  0.0000   0.0000E+00  0.0000   0.0000E+00  0.0000
   3.1623E-04   5.6234E-04   0.0000E+00  0.0000   0.0000E+00  0.0000   0.0000E+00  0.0000   0.0000E+00  0.0000
   5.6234E-04   1.0000E-03   0.0000E+00  0.0000   0.0000E+00  0.0000   0.0000E+00  0.0000   0.0000E+00  0.0000
   1.0000E-03   1.7783E-03   0.0000E+00  0.0000   0.0000E+00  0.0000   0.0000E+00  0.0000   0.0000E+00  0.0000
   1.7783E-03   3.1623E-03   0.0000E+00  0.0000   0.0000E+00  0.0000   0.0000E+00  0.0000   0.0000E+00  0.0000
   3.1623E-03   5.6234E-03   0.0000E+00  0.0000   0.0000E+00  0.0000   0.0000E+00  0.0000   0.0000E+00  0.0000
   5.6234E-03   1.0000E-02   0.0000E+00  0.0000   0.0000E+00  0.0000   0.0000E+00  0.0000   0.0000E+00  0.0000
   1.0000E-02   1.7783E-02   0.0000E+00  0.0000   0.0000E+00  0.0000   0.0000E+00  0.0000   0.0000E+00  0.0000
   1.7783E-02   3.1623E-02   0.0000E+00  0.0000   0.0000E+00  0.0000   0.0000E+00  0.0000   0.0000E+00  0.0000
   3.1623E-02   5.6234E-02   0.0000E+00  0.0000   0.0000E+00  0.0000   0.0000E+00  0.0000   0.0000E+00  0.0000
   5.6234E-02   1.0000E-01   0.0000E+00  0.0000   0.0000E+00  0.0000   0.0000E+00  0.0000   0.0000E+00  0.0000
   1.0000E-01   1.7783E-01   0.0000E+00  0.0000   0.0000E+00  0.0000   0.0000E+00  0.0000   0.0000E+00  0.0000
   1.7783E-01   3.1623E-01   0.0000E+00  0.0000   0.0000E+00  0.0000   0.0000E+00  0.0000   0.0000E+00  0.0000
   3.1623E-01   5.6234E-01   0.0000E+00  0.0000   0.0000E+00  0.0000   0.0000E+00  0.0000   0.0000E+00  0.0000
   5.6234E-01   1.0000E+00   0.0000E+00  0.0000   0.0000E+00  0.0000   0.0000E+00  0.0000   0.0000E+00  0.0000
   1.0000E+00   1.7783E+00   0.0000E+00  0.0000   0.0000E+00  0.0000   0.0000E+00  0.0000   0.0000E+00  0.0000
   1.7783E+00   3.1623E+00   0.0000E+00  0.0000   0.0000E+00  0.0000   0.0000E+00  0.0000   0.0000E+00  0.0000
   3.1623E+00   5.6234E+00   0.0000E+00  0.0000   0.0000E+00  0.0000   0.0000E+00  0.0000   0.0000E+00  0.0000
   5.6234E+00   1.0000E+01   0.0000E+00  0.0000   0.0000E+00  0.0000   0.0000E+00  0.0000   0.0000E+00  0.0000
   1.0000E+01   1.7783E+01   0.0000E+00  0.0000   0.0000E+00  0.0000   0.0000E+00  0.0000   0.0000E+00  0.0000
   1.7783E+01   3.1623E+01   0.0000E+00  0.0000   0.0000E+00  0.0000   0.0000E+00  0.0000   0.0000E+00  0.0000
   3.1623E+01   5.6234E+01   0.0000E+00  0.0000   1.0767E-05  1.0000   0.0000E+00  0.0000   0.0000E+00  0.0000
   5.6234E+01   1.0000E+02   0.0000E+00  0.0000   4.9302E-05  0.7068   0.0000E+00  0.0000   0.0000E+00  0.0000
   1.0000E+02   1.7783E+02   0.0000E+00  0.0000   7.6656E-05  0.7432   0.0000E+00  0.0000   0.0000E+00  0.0000
   1.7783E+02   3.1623E+02   0.0000E+00  0.0000   8.8839E-05  0.9248   0.0000E+00  0.0000   0.0000E+00  0.0000
   3.1623E+02   5.6234E+02   0.0000E+00  0.0000   1.2565E-04  0.7080   0.0000E+00  0.0000   0.0000E+00  0.0000
   5.6234E+02   1.0000E+03   0.0000E+00  0.0000   1.1916E-04  0.6739   0.0000E+00  0.0000   0.0000E+00  0.0000
   1.0000E+03   1.7783E+03   0.0000E+00  0.0000   3.5171E-04  0.4012   0.0000E+00  0.0000   0.0000E+00  0.0000
   1.7783E+03   3.1623E+03   0.0000E+00  0.0000   3.1258E-04  0.4506   0.0000E+00  0.0000   0.0000E+00  0.0000
   3.1623E+03   5.6234E+03   0.0000E+00  0.0000   5.0432E-04  0.3731   0.0000E+00  0.0000   0.0000E+00  0.0000
   5.6234E+03   1.0000E+04   0.0000E+00  0.0000   4.5391E-04  0.3790   0.0000E+00  0.0000   0.0000E+00  0.0000
   1.0000E+04   1.7783E+04   0.0000E+00  0.0000   2.9345E-04  0.4472   0.0000E+00  0.0000   0.0000E+00  0.0000
   1.7783E+04   3.1623E+04   0.0000E+00  0.0000   1.1348E-04  0.7067   0.0000E+00  0.0000   0.0000E+00  0.0000
   3.1623E+04   5.6234E+04   0.0000E+00  0.0000   6.0975E-05  1.0000   0.0000E+00  0.0000   0.0000E+00  0.0000
   5.6234E+04   1.0000E+05   0.0000E+00  0.0000   0.0000E+00  0.0000   0.0000E+00  0.0000   0.0000E+00  0.0000

#   sum over                 0.0000E+00  0.0000   2.5608E-03  0.1584   0.0000E+00  0.0000   0.0000E+00  0.0000

'no. =  1, (ix,iy,iz) = (  1,  1,  1)'
msuc: {\huge Flux spectra vs depth in concrete}
msdr: {\it plotted by \ANGEL \version}
msdl: {\it calculated by \PHITS  3.36}
wt: s(0.7)
\vspace{-3}
   vol  &=&   2.8800E+07 [cm^3]
  xmin  &=&  -6.0000E+02 [cm]
  xmax  &=&   6.0000E+02 [cm]
  ymin  &=&  -6.0000E+02 [cm]
  ymax  &=&   6.0000E+02 [cm]
  zmin  &=&  -7.0000E+02 [cm]
  zmax  &=&  -6.8000E+02 [cm]
e:

#------------------------------------------------------------------------------
 newpage:
#   no. =  2   ix  =  1   iy  =  1   iz  =  2
#   x = (  -6.0000E+02  -   6.0000E+02  )
#   y = (  -6.0000E+02  -   6.0000E+02  )
#   z = (  -6.8000E+02  -  -6.6000E+02  )

x: Energy [MeV/n]
y: Flux [1/cm^2/source]              
p: xlog ylog afac(0.8) form(0.9)
h: n            x            y(neutron ),hh0l n y(muon-   ),hh0dr n y(muon+   ),hh0ub n y(proton  ),hh0mg n 
#  e-lower      e-upper        neutron   r.err      muon-     r.err      muon+     r.err      proton    r.err 
   1.0000E-10   1.7783E-10   0.0000E+00  0.0000   0.0000E+00  0.0000   0.0000E+00  0.0000   0.0000E+00  0.0000
   1.7783E-10   3.1623E-10   0.0000E+00  0.0000   0.0000E+00  0.0000   0.0000E+00  0.0000   0.0000E+00  0.0000
   3.1623E-10   5.6234E-10   0.0000E+00  0.0000   0.0000E+00  0.0000   0.0000E+00  0.0000   0.0000E+00  0.0000
   5.6234E-10   1.0000E-09   0.0000E+00  0.0000   0.0000E+00  0.0000   0.0000E+00  0.0000   0.0000E+00  0.0000
   1.0000E-09   1.7783E-09   0.0000E+00  0.0000   0.0000E+00  0.0000   0.0000E+00  0.0000   0.0000E+00  0.0000
   1.7783E-09   3.1623E-09   0.0000E+00  0.0000   0.0000E+00  0.0000   0.0000E+00  0.0000   0.0000E+00  0.0000
   3.1623E-09   5.6234E-09   0.0000E+00  0.0000   0.0000E+00  0.0000   0.0000E+00  0.0000   0.0000E+00  0.0000
   5.6234E-09   1.0000E-08   0.0000E+00  0.0000   0.0000E+00  0.0000   0.0000E+00  0.0000   0.0000E+00  0.0000
   1.0000E-08   1.7783E-08   2.3941E-06  1.0000   0.0000E+00  0.0000   0.0000E+00  0.0000   0.0000E+00  0.0000
   1.7783E-08   3.1623E-08   6.2200E-07  1.0000   0.0000E+00  0.0000   0.0000E+00  0.0000   0.0000E+00  0.0000
   3.1623E-08   5.6234E-08   0.0000E+00  0.0000   0.0000E+00  0.0000   0.0000E+00  0.0000   0.0000E+00  0.0000
   5.6234E-08   1.0000E-07   0.0000E+00  0.0000   0.0000E+00  0.0000   0.0000E+00  0.0000   0.0000E+00  0.0000
   1.0000E-07   1.7783E-07   0.0000E+00  0.0000   0.0000E+00  0.0000   0.0000E+00  0.0000   0.0000E+00  0.0000
   1.7783E-07   3.1623E-07   0.0000E+00  0.0000   0.0000E+00  0.0000   0.0000E+00  0.0000   0.0000E+00  0.0000
   3.1623E-07   5.6234E-07   0.0000E+00  0.0000   0.0000E+00  0.0000   0.0000E+00  0.0000   0.0000E+00  0.0000
   5.6234E-07   1.0000E-06   0.0000E+00  0.0000   0.0000E+00  0.0000   0.0000E+00  0.0000   0.0000E+00  0.0000
   1.0000E-06   1.7783E-06   0.0000E+00  0.0000   0.0000E+00  0.0000   0.0000E+00  0.0000   0.0000E+00  0.0000
   1.7783E-06   3.1623E-06   0.0000E+00  0.0000   0.0000E+00  0.0000   0.0000E+00  0.0000   0.0000E+00  0.0000
   3.1623E-06   5.6234E-06   0.0000E+00  0.0000   0.0000E+00  0.0000   0.0000E+00  0.0000   0.0000E+00  0.0000
   5.6234E-06   1.0000E-05   0.0000E+00  0.0000   0.0000E+00  0.0000   0.0000E+00  0.0000   0.0000E+00  0.0000
   1.0000E-05   1.7783E-05   0.0000E+00  0.0000   0.0000E+00  0.0000   0.0000E+00  0.0000   0.0000E+00  0.0000
   1.7783E-05   3.1623E-05   0.0000E+00  0.0000   0.0000E+00  0.0000   0.0000E+00  0.0000   0.0000E+00  0.0000
   3.1623E-05   5.6234E-05   0.0000E+00  0.0000   0.0000E+00  0.0000   0.0000E+00  0.0000   0.0000E+00  0.0000
   5.6234E-05   1.0000E-04   0.0000E+00  0.0000   0.0000E+00  0.0000   0.0000E+00  0.0000   0.0000E+00  0.0000
   1.0000E-04   1.7783E-04   0.0000E+00  0.0000   0.0000E+00  0.0000   0.0000E+00  0.0000   0.0000E+00  0.0000
   1.7783E-04   3.1623E-04   0.0000E+00  0.0000   0.0000E+00  0.0000   0.0000E+00  0.0000   0.0000E+00  0.0000
   3.1623E-04   5.6234E-04   0.0000E+00  0.0000   0.0000E+00  0.0000   0.0000E+00  0.0000   0.0000E+00  0.0000
   5.6234E-04   1.0000E-03   0.0000E+00  0.0000   0.0000E+00  0.0000   0.0000E+00  0.0000   0.0000E+00  0.0000
   1.0000E-03   1.7783E-03   0.0000E+00  0.0000   0.0000E+00  0.0000   0.0000E+00  0.0000   0.0000E+00  0.0000
   1.7783E-03   3.1623E-03   0.0000E+00  0.0000   0.0000E+00  0.0000   0.0000E+00  0.0000   0.0000E+00  0.0000
   3.1623E-03   5.6234E-03   0.0000E+00  0.0000   0.0000E+00  0.0000   0.0000E+00  0.0000   0.0000E+00  0.0000
   5.6234E-03   1.0000E-02   0.0000E+00  0.0000   0.0000E+00  0.0000   0.0000E+00  0.0000   0.0000E+00  0.0000
   1.0000E-02   1.7783E-02   0.0000E+00  0.0000   0.0000E+00  0.0000   0.0000E+00  0.0000   0.0000E+00  0.0000
   1.7783E-02   3.1623E-02   0.0000E+00  0.0000   0.0000E+00  0.0000   0.0000E+00  0.0000   0.0000E+00  0.0000
   3.1623E-02   5.6234E-02   0.0000E+00  0.0000   0.0000E+00  0.0000   0.0000E+00  0.0000   0.0000E+00  0.0000
   5.6234E-02   1.0000E-01   0.0000E+00  0.0000   0.0000E+00  0.0000   0.0000E+00  0.0000   0.0000E+00  0.0000
   1.0000E-01   1.7783E-01   0.0000E+00  0.0000   0.0000E+00  0.0000   0.0000E+00  0.0000   0.0000E+00  0.0000
   1.7783E-01   3.1623E-01   0.0000E+00  0.0000   0.0000E+00  0.0000   0.0000E+00  0.0000   0.0000E+00  0.0000
   3.1623E-01   5.6234E-01   0.0000E+00  0.0000   0.0000E+00  0.0000   0.0000E+00  0.0000   0.0000E+00  0.0000
   5.6234E-01   1.0000E+00   0.0000E+00  0.0000   0.0000E+00  0.0000   0.0000E+00  0.0000   0.0000E+00  0.0000
   1.0000E+00   1.7783E+00   0.0000E+00  0.0000   0.0000E+00  0.0000   0.0000E+00  0.0000   0.0000E+00  0.0000
   1.7783E+00   3.1623E+00   0.0000E+00  0.0000   0.0000E+00  0.0000   0.0000E+00  0.0000   0.0000E+00  0.0000
   3.1623E+00   5.6234E+00   0.0000E+00  0.0000   0.0000E+00  0.0000   0.0000E+00  0.0000   0.0000E+00  0.0000
   5.6234E+00   1.0000E+01   0.0000E+00  0.0000   0.0000E+00  0.0000   0.0000E+00  0.0000   0.0000E+00  0.0000
   1.0000E+01   1.7783E+01   0.0000E+00  0.0000   0.0000E+00  0.0000   0.0000E+00  0.0000   0.0000E+00  0.0000
   1.7783E+01   3.1623E+01   0.0000E+00  0.0000   0.0000E+00  0.0000   0.0000E+00  0.0000   0.0000E+00  0.0000
   3.1623E+01   5.6234E+01   0.0000E+00  0.0000   0.0000E+00  0.0000   0.0000E+00  0.0000   0.0000E+00  0.0000
   5.6234E+01   1.0000E+02   0.0000E+00  0.0000   0.0000E+00  0.0000   0.0000E+00  0.0000   0.0000E+00  0.0000
   1.0000E+02   1.7783E+02   0.0000E+00  0.0000   2.5185E-05  1.0000   0.0000E+00  0.0000   0.0000E+00  0.0000
   1.7783E+02   3.1623E+02   0.0000E+00  0.0000   1.3112E-04  0.6909   0.0000E+00  0.0000   0.0000E+00  0.0000
   3.1623E+02   5.6234E+02   0.0000E+00  0.0000   1.4574E-04  0.7205   0.0000E+00  0.0000   0.0000E+00  0.0000
   5.6234E+02   1.0000E+03   0.0000E+00  0.0000   1.2286E-04  0.7619   0.0000E+00  0.0000   0.0000E+00  0.0000
   1.0000E+03   1.7783E+03   0.0000E+00  0.0000   3.8634E-04  0.3843   0.0000E+00  0.0000   0.0000E+00  0.0000
   1.7783E+03   3.1623E+03   0.0000E+00  0.0000   2.6105E-04  0.4727   0.0000E+00  0.0000   0.0000E+00  0.0000
   3.1623E+03   5.6234E+03   0.0000E+00  0.0000   5.2121E-04  0.3670   0.0000E+00  0.0000   0.0000E+00  0.0000
   5.6234E+03   1.0000E+04   0.0000E+00  0.0000   4.8446E-04  0.3605   0.0000E+00  0.0000   0.0000E+00  0.0000
   1.0000E+04   1.7783E+04   0.0000E+00  0.0000   2.9345E-04  0.4472   0.0000E+00  0.0000   0.0000E+00  0.0000
   1.7783E+04   3.1623E+04   0.0000E+00  0.0000   1.1348E-04  0.7067   0.0000E+00  0.0000   0.0000E+00  0.0000
   3.1623E+04   5.6234E+04   0.0000E+00  0.0000   6.0975E-05  1.0000   0.0000E+00  0.0000   0.0000E+00  0.0000
   5.6234E+04   1.0000E+05   0.0000E+00  0.0000   0.0000E+00  0.0000   0.0000E+00  0.0000   0.0000E+00  0.0000

#   sum over                 3.0161E-06  1.0000   2.5459E-03  0.1587   0.0000E+00  0.0000   0.0000E+00  0.0000

'no. =  2, (ix,iy,iz) = (  1,  1,  2)'
msuc: {\huge Flux spectra vs depth in concrete}
msdr: {\it plotted by \ANGEL \version}
msdl: {\it calculated by \PHITS  3.36}
wt: s(0.7)
\vspace{-3}
   vol  &=&   2.8800E+07 [cm^3]
  xmin  &=&  -6.0000E+02 [cm]
  xmax  &=&   6.0000E+02 [cm]
  ymin  &=&  -6.0000E+02 [cm]
  ymax  &=&   6.0000E+02 [cm]
  zmin  &=&  -6.8000E+02 [cm]
  zmax  &=&  -6.6000E+02 [cm]
e:

#------------------------------------------------------------------------------
 newpage:
#   no. =  3   ix  =  1   iy  =  1   iz  =  3
#   x = (  -6.0000E+02  -   6.0000E+02  )
#   y = (  -6.0000E+02  -   6.0000E+02  )
#   z = (  -6.6000E+02  -  -6.4000E+02  )

x: Energy [MeV/n]
y: Flux [1/cm^2/source]              
p: xlog ylog afac(0.8) form(0.9)
h: n            x            y(neutron ),hh0l n y(muon-   ),hh0dr n y(muon+   ),hh0ub n y(proton  ),hh0mg n 
#  e-lower      e-upper        neutron   r.err      muon-     r.err      muon+     r.err      proton    r.err 
   1.0000E-10   1.7783E-10   0.0000E+00  0.0000   0.0000E+00  0.0000   0.0000E+00  0.0000   0.0000E+00  0.0000
   1.7783E-10   3.1623E-10   0.0000E+00  0.0000   0.0000E+00  0.0000   0.0000E+00  0.0000   0.0000E+00  0.0000
   3.1623E-10   5.6234E-10   0.0000E+00  0.0000   0.0000E+00  0.0000   0.0000E+00  0.0000   0.0000E+00  0.0000
   5.6234E-10   1.0000E-09   0.0000E+00  0.0000   0.0000E+00  0.0000   0.0000E+00  0.0000   0.0000E+00  0.0000
   1.0000E-09   1.7783E-09   7.0480E-07  1.0000   0.0000E+00  0.0000   0.0000E+00  0.0000   0.0000E+00  0.0000
   1.7783E-09   3.1623E-09   0.0000E+00  0.0000   0.0000E+00  0.0000   0.0000E+00  0.0000   0.0000E+00  0.0000
   3.1623E-09   5.6234E-09   5.4956E-07  1.0000   0.0000E+00  0.0000   0.0000E+00  0.0000   0.0000E+00  0.0000
   5.6234E-09   1.0000E-08   1.3231E-06  1.0000   0.0000E+00  0.0000   0.0000E+00  0.0000   0.0000E+00  0.0000
   1.0000E-08   1.7783E-08   3.4403E-07  1.0000   0.0000E+00  0.0000   0.0000E+00  0.0000   0.0000E+00  0.0000
   1.7783E-08   3.1623E-08   3.8496E-06  1.0000   0.0000E+00  0.0000   0.0000E+00  0.0000   0.0000E+00  0.0000
   3.1623E-08   5.6234E-08   3.4559E-05  1.0000   0.0000E+00  0.0000   0.0000E+00  0.0000   0.0000E+00  0.0000
   5.6234E-08   1.0000E-07   9.6168E-06  1.0000   0.0000E+00  0.0000   0.0000E+00  0.0000   0.0000E+00  0.0000
   1.0000E-07   1.7783E-07   2.5533E-06  1.0000   0.0000E+00  0.0000   0.0000E+00  0.0000   0.0000E+00  0.0000
   1.7783E-07   3.1623E-07   1.6375E-06  1.0000   0.0000E+00  0.0000   0.0000E+00  0.0000   0.0000E+00  0.0000
   3.1623E-07   5.6234E-07   0.0000E+00  0.0000   0.0000E+00  0.0000   0.0000E+00  0.0000   0.0000E+00  0.0000
   5.6234E-07   1.0000E-06   0.0000E+00  0.0000   0.0000E+00  0.0000   0.0000E+00  0.0000   0.0000E+00  0.0000
   1.0000E-06   1.7783E-06   0.0000E+00  0.0000   0.0000E+00  0.0000   0.0000E+00  0.0000   0.0000E+00  0.0000
   1.7783E-06   3.1623E-06   0.0000E+00  0.0000   0.0000E+00  0.0000   0.0000E+00  0.0000   0.0000E+00  0.0000
   3.1623E-06   5.6234E-06   0.0000E+00  0.0000   0.0000E+00  0.0000   0.0000E+00  0.0000   0.0000E+00  0.0000
   5.6234E-06   1.0000E-05   0.0000E+00  0.0000   0.0000E+00  0.0000   0.0000E+00  0.0000   0.0000E+00  0.0000
   1.0000E-05   1.7783E-05   0.0000E+00  0.0000   0.0000E+00  0.0000   0.0000E+00  0.0000   0.0000E+00  0.0000
   1.7783E-05   3.1623E-05   0.0000E+00  0.0000   0.0000E+00  0.0000   0.0000E+00  0.0000   0.0000E+00  0.0000
   3.1623E-05   5.6234E-05   0.0000E+00  0.0000   0.0000E+00  0.0000   0.0000E+00  0.0000   0.0000E+00  0.0000
   5.6234E-05   1.0000E-04   0.0000E+00  0.0000   0.0000E+00  0.0000   0.0000E+00  0.0000   0.0000E+00  0.0000
   1.0000E-04   1.7783E-04   0.0000E+00  0.0000   0.0000E+00  0.0000   0.0000E+00  0.0000   0.0000E+00  0.0000
   1.7783E-04   3.1623E-04   0.0000E+00  0.0000   0.0000E+00  0.0000   0.0000E+00  0.0000   0.0000E+00  0.0000
   3.1623E-04   5.6234E-04   0.0000E+00  0.0000   0.0000E+00  0.0000   0.0000E+00  0.0000   0.0000E+00  0.0000
   5.6234E-04   1.0000E-03   0.0000E+00  0.0000   0.0000E+00  0.0000   0.0000E+00  0.0000   0.0000E+00  0.0000
   1.0000E-03   1.7783E-03   0.0000E+00  0.0000   8.3040E-12  1.0000   0.0000E+00  0.0000   0.0000E+00  0.0000
   1.7783E-03   3.1623E-03   0.0000E+00  0.0000   4.0570E-12  1.0000   0.0000E+00  0.0000   0.0000E+00  0.0000
   3.1623E-03   5.6234E-03   0.0000E+00  0.0000   5.9939E-12  1.0000   0.0000E+00  0.0000   0.0000E+00  0.0000
   5.6234E-03   1.0000E-02   0.0000E+00  0.0000   9.6133E-12  1.0000   0.0000E+00  0.0000   0.0000E+00  0.0000
   1.0000E-02   1.7783E-02   0.0000E+00  0.0000   1.7238E-11  1.0000   0.0000E+00  0.0000   0.0000E+00  0.0000
   1.7783E-02   3.1623E-02   0.0000E+00  0.0000   3.5587E-11  1.0000   0.0000E+00  0.0000   0.0000E+00  0.0000
   3.1623E-02   5.6234E-02   0.0000E+00  0.0000   8.3139E-11  1.0000   0.0000E+00  0.0000   0.0000E+00  0.0000
   5.6234E-02   1.0000E-01   0.0000E+00  0.0000   2.0831E-10  1.0000   0.0000E+00  0.0000   0.0000E+00  0.0000
   1.0000E-01   1.7783E-01   0.0000E+00  0.0000   5.3471E-10  1.0000   0.0000E+00  0.0000   0.0000E+00  0.0000
   1.7783E-01   3.1623E-01   0.0000E+00  0.0000   1.3987E-09  1.0000   0.0000E+00  0.0000   0.0000E+00  0.0000
   3.1623E-01   5.6234E-01   0.0000E+00  0.0000   3.7491E-09  1.0000   0.0000E+00  0.0000   0.0000E+00  0.0000
   5.6234E-01   1.0000E+00   0.0000E+00  0.0000   1.0283E-08  1.0000   0.0000E+00  0.0000   0.0000E+00  0.0000
   1.0000E+00   1.7783E+00   0.0000E+00  0.0000   2.8794E-08  1.0000   0.0000E+00  0.0000   0.0000E+00  0.0000
   1.7783E+00   3.1623E+00   0.0000E+00  0.0000   8.1902E-08  1.0000   0.0000E+00  0.0000   0.0000E+00  0.0000
   3.1623E+00   5.6234E+00   0.0000E+00  0.0000   2.3146E-07  1.0000   0.0000E+00  0.0000   0.0000E+00  0.0000
   5.6234E+00   1.0000E+01   0.0000E+00  0.0000   6.4479E-07  1.0000   0.0000E+00  0.0000   0.0000E+00  0.0000
   1.0000E+01   1.7783E+01   0.0000E+00  0.0000   1.7556E-06  1.0000   0.0000E+00  0.0000   0.0000E+00  0.0000
   1.7783E+01   3.1623E+01   0.0000E+00  0.0000   4.5834E-06  1.0000   0.0000E+00  0.0000   0.0000E+00  0.0000
   3.1623E+01   5.6234E+01   0.0000E+00  0.0000   1.1205E-05  1.0000   0.0000E+00  0.0000   0.0000E+00  0.0000
   5.6234E+01   1.0000E+02   0.0000E+00  0.0000   1.3979E-05  1.0000   0.0000E+00  0.0000   0.0000E+00  0.0000
   1.0000E+02   1.7783E+02   0.0000E+00  0.0000   0.0000E+00  0.0000   0.0000E+00  0.0000   0.0000E+00  0.0000
   1.7783E+02   3.1623E+02   0.0000E+00  0.0000   6.3748E-05  0.9171   0.0000E+00  0.0000   0.0000E+00  0.0000
   3.1623E+02   5.6234E+02   0.0000E+00  0.0000   1.5792E-04  0.6920   0.0000E+00  0.0000   0.0000E+00  0.0000
   5.6234E+02   1.0000E+03   0.0000E+00  0.0000   1.6745E-04  0.6383   0.0000E+00  0.0000   0.0000E+00  0.0000
   1.0000E+03   1.7783E+03   0.0000E+00  0.0000   3.2525E-04  0.4331   0.0000E+00  0.0000   0.0000E+00  0.0000
   1.7783E+03   3.1623E+03   0.0000E+00  0.0000   2.4981E-04  0.4974   0.0000E+00  0.0000   0.0000E+00  0.0000
   3.1623E+03   5.6234E+03   0.0000E+00  0.0000   4.9164E-04  0.3846   0.0000E+00  0.0000   0.0000E+00  0.0000
   5.6234E+03   1.0000E+04   0.0000E+00  0.0000   5.1403E-04  0.3542   0.0000E+00  0.0000   0.0000E+00  0.0000
   1.0000E+04   1.7783E+04   0.0000E+00  0.0000   2.9345E-04  0.4472   0.0000E+00  0.0000   0.0000E+00  0.0000
   1.7783E+04   3.1623E+04   0.0000E+00  0.0000   1.1348E-04  0.7067   0.0000E+00  0.0000   0.0000E+00  0.0000
   3.1623E+04   5.6234E+04   0.0000E+00  0.0000   6.0975E-05  1.0000   0.0000E+00  0.0000   0.0000E+00  0.0000
   5.6234E+04   1.0000E+05   0.0000E+00  0.0000   0.0000E+00  0.0000   0.0000E+00  0.0000   0.0000E+00  0.0000

#   sum over                 5.5138E-05  1.0000   2.4703E-03  0.1607   0.0000E+00  0.0000   0.0000E+00  0.0000

'no. =  3, (ix,iy,iz) = (  1,  1,  3)'
msuc: {\huge Flux spectra vs depth in concrete}
msdr: {\it plotted by \ANGEL \version}
msdl: {\it calculated by \PHITS  3.36}
wt: s(0.7)
\vspace{-3}
   vol  &=&   2.8800E+07 [cm^3]
  xmin  &=&  -6.0000E+02 [cm]
  xmax  &=&   6.0000E+02 [cm]
  ymin  &=&  -6.0000E+02 [cm]
  ymax  &=&   6.0000E+02 [cm]
  zmin  &=&  -6.6000E+02 [cm]
  zmax  &=&  -6.4000E+02 [cm]
e:

#------------------------------------------------------------------------------
 newpage:
#   no. =  4   ix  =  1   iy  =  1   iz  =  4
#   x = (  -6.0000E+02  -   6.0000E+02  )
#   y = (  -6.0000E+02  -   6.0000E+02  )
#   z = (  -6.4000E+02  -  -6.2000E+02  )

x: Energy [MeV/n]
y: Flux [1/cm^2/source]              
p: xlog ylog afac(0.8) form(0.9)
h: n            x            y(neutron ),hh0l n y(muon-   ),hh0dr n y(muon+   ),hh0ub n y(proton  ),hh0mg n 
#  e-lower      e-upper        neutron   r.err      muon-     r.err      muon+     r.err      proton    r.err 
   1.0000E-10   1.7783E-10   0.0000E+00  0.0000   0.0000E+00  0.0000   0.0000E+00  0.0000   0.0000E+00  0.0000
   1.7783E-10   3.1623E-10   0.0000E+00  0.0000   0.0000E+00  0.0000   0.0000E+00  0.0000   0.0000E+00  0.0000
   3.1623E-10   5.6234E-10   0.0000E+00  0.0000   0.0000E+00  0.0000   0.0000E+00  0.0000   0.0000E+00  0.0000
   5.6234E-10   1.0000E-09   0.0000E+00  0.0000   0.0000E+00  0.0000   0.0000E+00  0.0000   0.0000E+00  0.0000
   1.0000E-09   1.7783E-09   0.0000E+00  0.0000   0.0000E+00  0.0000   0.0000E+00  0.0000   0.0000E+00  0.0000
   1.7783E-09   3.1623E-09   0.0000E+00  0.0000   0.0000E+00  0.0000   0.0000E+00  0.0000   0.0000E+00  0.0000
   3.1623E-09   5.6234E-09   2.2038E-06  1.0000   0.0000E+00  0.0000   0.0000E+00  0.0000   0.0000E+00  0.0000
   5.6234E-09   1.0000E-08   5.3410E-06  1.0000   0.0000E+00  0.0000   0.0000E+00  0.0000   0.0000E+00  0.0000
   1.0000E-08   1.7783E-08   7.6850E-06  0.7388   0.0000E+00  0.0000   0.0000E+00  0.0000   0.0000E+00  0.0000
   1.7783E-08   3.1623E-08   3.4226E-05  0.8737   0.0000E+00  0.0000   0.0000E+00  0.0000   0.0000E+00  0.0000
   3.1623E-08   5.6234E-08   6.0361E-05  0.7689   0.0000E+00  0.0000   0.0000E+00  0.0000   0.0000E+00  0.0000
   5.6234E-08   1.0000E-07   5.2605E-05  0.7069   0.0000E+00  0.0000   0.0000E+00  0.0000   0.0000E+00  0.0000
   1.0000E-07   1.7783E-07   2.2626E-05  0.7886   0.0000E+00  0.0000   0.0000E+00  0.0000   0.0000E+00  0.0000
   1.7783E-07   3.1623E-07   9.4634E-06  1.0000   0.0000E+00  0.0000   0.0000E+00  0.0000   0.0000E+00  0.0000
   3.1623E-07   5.6234E-07   2.1693E-06  1.0000   0.0000E+00  0.0000   0.0000E+00  0.0000   0.0000E+00  0.0000
   5.6234E-07   1.0000E-06   0.0000E+00  0.0000   0.0000E+00  0.0000   0.0000E+00  0.0000   0.0000E+00  0.0000
   1.0000E-06   1.7783E-06   0.0000E+00  0.0000   0.0000E+00  0.0000   0.0000E+00  0.0000   0.0000E+00  0.0000
   1.7783E-06   3.1623E-06   0.0000E+00  0.0000   0.0000E+00  0.0000   0.0000E+00  0.0000   0.0000E+00  0.0000
   3.1623E-06   5.6234E-06   0.0000E+00  0.0000   0.0000E+00  0.0000   0.0000E+00  0.0000   0.0000E+00  0.0000
   5.6234E-06   1.0000E-05   0.0000E+00  0.0000   0.0000E+00  0.0000   0.0000E+00  0.0000   0.0000E+00  0.0000
   1.0000E-05   1.7783E-05   2.4862E-06  1.0000   0.0000E+00  0.0000   0.0000E+00  0.0000   0.0000E+00  0.0000
   1.7783E-05   3.1623E-05   0.0000E+00  0.0000   0.0000E+00  0.0000   0.0000E+00  0.0000   0.0000E+00  0.0000
   3.1623E-05   5.6234E-05   8.2307E-06  1.0000   0.0000E+00  0.0000   0.0000E+00  0.0000   0.0000E+00  0.0000
   5.6234E-05   1.0000E-04   0.0000E+00  0.0000   0.0000E+00  0.0000   0.0000E+00  0.0000   0.0000E+00  0.0000
   1.0000E-04   1.7783E-04   5.6473E-06  1.0000   4.1016E-21  1.0000   0.0000E+00  0.0000   0.0000E+00  0.0000
   1.7783E-04   3.1623E-04   8.3671E-07  1.0000   5.1754E-21  1.0000   0.0000E+00  0.0000   0.0000E+00  0.0000
   3.1623E-04   5.6234E-04   2.8040E-06  1.0000   5.1694E-21  1.0000   0.0000E+00  0.0000   0.0000E+00  0.0000
   5.6234E-04   1.0000E-03   1.0249E-05  1.0000   0.0000E+00  0.0000   0.0000E+00  0.0000   0.0000E+00  0.0000
   1.0000E-03   1.7783E-03   1.0592E-05  1.0000   3.8911E-11  0.4470   0.0000E+00  0.0000   0.0000E+00  0.0000
   1.7783E-03   3.1623E-03   0.0000E+00  0.0000   2.0285E-11  0.4461   0.0000E+00  0.0000   0.0000E+00  0.0000
   3.1623E-03   5.6234E-03   1.7545E-05  1.0000   2.9970E-11  0.4461   0.0000E+00  0.0000   0.0000E+00  0.0000
   5.6234E-03   1.0000E-02   5.3303E-06  1.0000   4.8067E-11  0.4461   0.0000E+00  0.0000   0.0000E+00  0.0000
   1.0000E-02   1.7783E-02   0.0000E+00  0.0000   8.6188E-11  0.4461   0.0000E+00  0.0000   0.0000E+00  0.0000
   1.7783E-02   3.1623E-02   0.0000E+00  0.0000   1.7794E-10  0.4461   0.0000E+00  0.0000   0.0000E+00  0.0000
   3.1623E-02   5.6234E-02   4.5513E-07  1.0000   4.1569E-10  0.4461   0.0000E+00  0.0000   0.0000E+00  0.0000
   5.6234E-02   1.0000E-01   0.0000E+00  0.0000   1.0416E-09  0.4461   0.0000E+00  0.0000   0.0000E+00  0.0000
   1.0000E-01   1.7783E-01   0.0000E+00  0.0000   2.6736E-09  0.4461   0.0000E+00  0.0000   0.0000E+00  0.0000
   1.7783E-01   3.1623E-01   0.0000E+00  0.0000   6.9935E-09  0.4461   0.0000E+00  0.0000   0.0000E+00  0.0000
   3.1623E-01   5.6234E-01   0.0000E+00  0.0000   1.8746E-08  0.4461   0.0000E+00  0.0000   0.0000E+00  0.0000
   5.6234E-01   1.0000E+00   0.0000E+00  0.0000   5.1414E-08  0.4461   0.0000E+00  0.0000   0.0000E+00  0.0000
   1.0000E+00   1.7783E+00   1.0482E-05  1.0000   1.4397E-07  0.4461   0.0000E+00  0.0000   0.0000E+00  0.0000
   1.7783E+00   3.1623E+00   0.0000E+00  0.0000   4.0951E-07  0.4461   0.0000E+00  0.0000   0.0000E+00  0.0000
   3.1623E+00   5.6234E+00   0.0000E+00  0.0000   1.1573E-06  0.4461   0.0000E+00  0.0000   0.0000E+00  0.0000
   5.6234E+00   1.0000E+01   0.0000E+00  0.0000   3.2239E-06  0.4461   0.0000E+00  0.0000   0.0000E+00  0.0000
   1.0000E+01   1.7783E+01   0.0000E+00  0.0000   8.7779E-06  0.4461   0.0000E+00  0.0000   0.0000E+00  0.0000
   1.7783E+01   3.1623E+01   0.0000E+00  0.0000   2.2917E-05  0.4461   0.0000E+00  0.0000   0.0000E+00  0.0000
   3.1623E+01   5.6234E+01   0.0000E+00  0.0000   5.6024E-05  0.4461   0.0000E+00  0.0000   0.0000E+00  0.0000
   5.6234E+01   1.0000E+02   0.0000E+00  0.0000   1.0755E-04  0.4303   0.0000E+00  0.0000   0.0000E+00  0.0000
   1.0000E+02   1.7783E+02   0.0000E+00  0.0000   6.5845E-05  0.8052   0.0000E+00  0.0000   0.0000E+00  0.0000
   1.7783E+02   3.1623E+02   0.0000E+00  0.0000   8.3686E-06  1.0000   0.0000E+00  0.0000   0.0000E+00  0.0000
   3.1623E+02   5.6234E+02   0.0000E+00  0.0000   1.4361E-04  0.7139   0.0000E+00  0.0000   0.0000E+00  0.0000
   5.6234E+02   1.0000E+03   0.0000E+00  0.0000   2.4550E-04  0.5891   0.0000E+00  0.0000   0.0000E+00  0.0000
   1.0000E+03   1.7783E+03   0.0000E+00  0.0000   2.5285E-04  0.5015   0.0000E+00  0.0000   0.0000E+00  0.0000
   1.7783E+03   3.1623E+03   0.0000E+00  0.0000   3.1041E-04  0.4471   0.0000E+00  0.0000   0.0000E+00  0.0000
   3.1623E+03   5.6234E+03   0.0000E+00  0.0000   4.9164E-04  0.3846   0.0000E+00  0.0000   0.0000E+00  0.0000
   5.6234E+03   1.0000E+04   0.0000E+00  0.0000   5.1403E-04  0.3542   0.0000E+00  0.0000   0.0000E+00  0.0000
   1.0000E+04   1.7783E+04   0.0000E+00  0.0000   2.9345E-04  0.4472   0.0000E+00  0.0000   0.0000E+00  0.0000
   1.7783E+04   3.1623E+04   0.0000E+00  0.0000   1.1348E-04  0.7067   0.0000E+00  0.0000   0.0000E+00  0.0000
   3.1623E+04   5.6234E+04   0.0000E+00  0.0000   6.0975E-05  1.0000   0.0000E+00  0.0000   0.0000E+00  0.0000
   5.6234E+04   1.0000E+05   0.0000E+00  0.0000   0.0000E+00  0.0000   0.0000E+00  0.0000   0.0000E+00  0.0000

#   sum over                 2.7134E-04  0.7154   2.7004E-03  0.1521   0.0000E+00  0.0000   0.0000E+00  0.0000

'no. =  4, (ix,iy,iz) = (  1,  1,  4)'
msuc: {\huge Flux spectra vs depth in concrete}
msdr: {\it plotted by \ANGEL \version}
msdl: {\it calculated by \PHITS  3.36}
wt: s(0.7)
\vspace{-3}
   vol  &=&   2.8800E+07 [cm^3]
  xmin  &=&  -6.0000E+02 [cm]
  xmax  &=&   6.0000E+02 [cm]
  ymin  &=&  -6.0000E+02 [cm]
  ymax  &=&   6.0000E+02 [cm]
  zmin  &=&  -6.4000E+02 [cm]
  zmax  &=&  -6.2000E+02 [cm]
e:

#------------------------------------------------------------------------------
 newpage:
#   no. =  5   ix  =  1   iy  =  1   iz  =  5
#   x = (  -6.0000E+02  -   6.0000E+02  )
#   y = (  -6.0000E+02  -   6.0000E+02  )
#   z = (  -6.2000E+02  -  -6.0000E+02  )

x: Energy [MeV/n]
y: Flux [1/cm^2/source]              
p: xlog ylog afac(0.8) form(0.9)
h: n            x            y(neutron ),hh0l n y(muon-   ),hh0dr n y(muon+   ),hh0ub n y(proton  ),hh0mg n 
#  e-lower      e-upper        neutron   r.err      muon-     r.err      muon+     r.err      proton    r.err 
   1.0000E-10   1.7783E-10   0.0000E+00  0.0000   0.0000E+00  0.0000   0.0000E+00  0.0000   0.0000E+00  0.0000
   1.7783E-10   3.1623E-10   0.0000E+00  0.0000   0.0000E+00  0.0000   0.0000E+00  0.0000   0.0000E+00  0.0000
   3.1623E-10   5.6234E-10   0.0000E+00  0.0000   0.0000E+00  0.0000   0.0000E+00  0.0000   0.0000E+00  0.0000
   5.6234E-10   1.0000E-09   1.5480E-06  1.0000   0.0000E+00  0.0000   0.0000E+00  0.0000   0.0000E+00  0.0000
   1.0000E-09   1.7783E-09   1.7035E-06  1.0000   0.0000E+00  0.0000   0.0000E+00  0.0000   0.0000E+00  0.0000
   1.7783E-09   3.1623E-09   0.0000E+00  0.0000   0.0000E+00  0.0000   0.0000E+00  0.0000   0.0000E+00  0.0000
   3.1623E-09   5.6234E-09   2.5902E-06  1.0000   0.0000E+00  0.0000   0.0000E+00  0.0000   0.0000E+00  0.0000
   5.6234E-09   1.0000E-08   1.4173E-05  1.0000   0.0000E+00  0.0000   0.0000E+00  0.0000   0.0000E+00  0.0000
   1.0000E-08   1.7783E-08   3.5751E-05  1.0000   0.0000E+00  0.0000   0.0000E+00  0.0000   0.0000E+00  0.0000
   1.7783E-08   3.1623E-08   6.3324E-05  1.0000   0.0000E+00  0.0000   0.0000E+00  0.0000   0.0000E+00  0.0000
   3.1623E-08   5.6234E-08   1.1762E-04  1.0000   0.0000E+00  0.0000   0.0000E+00  0.0000   0.0000E+00  0.0000
   5.6234E-08   1.0000E-07   7.7899E-05  1.0000   0.0000E+00  0.0000   0.0000E+00  0.0000   0.0000E+00  0.0000
   1.0000E-07   1.7783E-07   4.6504E-05  1.0000   0.0000E+00  0.0000   0.0000E+00  0.0000   0.0000E+00  0.0000
   1.7783E-07   3.1623E-07   7.8129E-06  1.0000   0.0000E+00  0.0000   0.0000E+00  0.0000   0.0000E+00  0.0000
   3.1623E-07   5.6234E-07   0.0000E+00  0.0000   0.0000E+00  0.0000   0.0000E+00  0.0000   0.0000E+00  0.0000
   5.6234E-07   1.0000E-06   2.5290E-06  1.0000   0.0000E+00  0.0000   0.0000E+00  0.0000   0.0000E+00  0.0000
   1.0000E-06   1.7783E-06   0.0000E+00  0.0000   0.0000E+00  0.0000   0.0000E+00  0.0000   0.0000E+00  0.0000
   1.7783E-06   3.1623E-06   4.7000E-07  1.0000   0.0000E+00  0.0000   0.0000E+00  0.0000   0.0000E+00  0.0000
   3.1623E-06   5.6234E-06   0.0000E+00  0.0000   0.0000E+00  0.0000   0.0000E+00  0.0000   0.0000E+00  0.0000
   5.6234E-06   1.0000E-05   0.0000E+00  0.0000   0.0000E+00  0.0000   0.0000E+00  0.0000   0.0000E+00  0.0000
   1.0000E-05   1.7783E-05   7.0784E-06  1.0000   0.0000E+00  0.0000   0.0000E+00  0.0000   0.0000E+00  0.0000
   1.7783E-05   3.1623E-05   0.0000E+00  0.0000   0.0000E+00  0.0000   0.0000E+00  0.0000   0.0000E+00  0.0000
   3.1623E-05   5.6234E-05   6.8773E-07  1.0000   0.0000E+00  0.0000   0.0000E+00  0.0000   0.0000E+00  0.0000
   5.6234E-05   1.0000E-04   1.7115E-05  1.0000   0.0000E+00  0.0000   0.0000E+00  0.0000   0.0000E+00  0.0000
   1.0000E-04   1.7783E-04   1.0951E-05  1.0000   2.7712E-16  1.0000   0.0000E+00  0.0000   0.0000E+00  0.0000
   1.7783E-04   3.1623E-04   0.0000E+00  0.0000   0.0000E+00  0.0000   0.0000E+00  0.0000   0.0000E+00  0.0000
   3.1623E-04   5.6234E-04   0.0000E+00  0.0000   0.0000E+00  0.0000   0.0000E+00  0.0000   0.0000E+00  0.0000
   5.6234E-04   1.0000E-03   5.7797E-06  1.0000   0.0000E+00  0.0000   0.0000E+00  0.0000   2.7719E-16  1.0000
   1.0000E-03   1.7783E-03   0.0000E+00  0.0000   1.6604E-11  0.7067   0.0000E+00  0.0000   5.9980E-12  1.0000
   1.7783E-03   3.1623E-03   0.0000E+00  0.0000   8.1140E-12  0.7067   0.0000E+00  0.0000   9.6861E-12  1.0000
   3.1623E-03   5.6234E-03   0.0000E+00  0.0000   1.1988E-11  0.7067   0.0000E+00  0.0000   1.4622E-11  1.0000
   5.6234E-03   1.0000E-02   0.0000E+00  0.0000   1.9227E-11  0.7067   0.0000E+00  0.0000   2.0177E-11  1.0000
   1.0000E-02   1.7783E-02   0.0000E+00  0.0000   3.4475E-11  0.7067   0.0000E+00  0.0000   2.7062E-11  1.0000
   1.7783E-02   3.1623E-02   1.4171E-05  1.0000   7.1175E-11  0.7067   0.0000E+00  0.0000   3.8771E-11  1.0000
   3.1623E-02   5.6234E-02   0.0000E+00  0.0000   1.6628E-10  0.7067   0.0000E+00  0.0000   5.8180E-11  1.0000
   5.6234E-02   1.0000E-01   0.0000E+00  0.0000   4.1663E-10  0.7067   0.0000E+00  0.0000   9.5174E-11  1.0000
   1.0000E-01   1.7783E-01   0.0000E+00  0.0000   1.0694E-09  0.7067   0.0000E+00  0.0000   1.7562E-10  1.0000
   1.7783E-01   3.1623E-01   4.0203E-06  1.0000   2.7974E-09  0.7067   0.0000E+00  0.0000   3.7312E-10  1.0000
   3.1623E-01   5.6234E-01   7.7685E-06  1.0000   7.4983E-09  0.7067   0.0000E+00  0.0000   8.8901E-10  1.0000
   5.6234E-01   1.0000E+00   1.4151E-05  1.0000   2.0566E-08  0.7067   0.0000E+00  0.0000   2.2441E-09  1.0000
   1.0000E+00   1.7783E+00   0.0000E+00  0.0000   5.7587E-08  0.7067   0.0000E+00  0.0000   5.7803E-09  1.0000
   1.7783E+00   3.1623E+00   0.0000E+00  0.0000   1.6380E-07  0.7067   0.0000E+00  0.0000   1.5193E-08  1.0000
   3.1623E+00   5.6234E+00   3.6401E-05  1.0000   4.6293E-07  0.7067   0.0000E+00  0.0000   8.9861E-10  1.0000
   5.6234E+00   1.0000E+01   0.0000E+00  0.0000   1.2896E-06  0.7067   0.0000E+00  0.0000   0.0000E+00  0.0000
   1.0000E+01   1.7783E+01   0.0000E+00  0.0000   3.5112E-06  0.7067   0.0000E+00  0.0000   0.0000E+00  0.0000
   1.7783E+01   3.1623E+01   0.0000E+00  0.0000   9.1667E-06  0.7067   0.0000E+00  0.0000   0.0000E+00  0.0000
   3.1623E+01   5.6234E+01   0.0000E+00  0.0000   2.2409E-05  0.7067   0.0000E+00  0.0000   0.0000E+00  0.0000
   5.6234E+01   1.0000E+02   0.0000E+00  0.0000   5.7543E-05  0.5431   0.0000E+00  0.0000   0.0000E+00  0.0000
   1.0000E+02   1.7783E+02   0.0000E+00  0.0000   2.4999E-04  0.4266   0.0000E+00  0.0000   0.0000E+00  0.0000
   1.7783E+02   3.1623E+02   0.0000E+00  0.0000   1.7971E-04  0.5074   0.0000E+00  0.0000   0.0000E+00  0.0000
   3.1623E+02   5.6234E+02   0.0000E+00  0.0000   6.8350E-05  0.9058   0.0000E+00  0.0000   0.0000E+00  0.0000
   5.6234E+02   1.0000E+03   0.0000E+00  0.0000   2.3469E-04  0.5889   0.0000E+00  0.0000   0.0000E+00  0.0000
   1.0000E+03   1.7783E+03   0.0000E+00  0.0000   3.0301E-04  0.4744   0.0000E+00  0.0000   0.0000E+00  0.0000
   1.7783E+03   3.1623E+03   0.0000E+00  0.0000   3.4633E-04  0.4137   0.0000E+00  0.0000   0.0000E+00  0.0000
   3.1623E+03   5.6234E+03   0.0000E+00  0.0000   4.9164E-04  0.3846   0.0000E+00  0.0000   0.0000E+00  0.0000
   5.6234E+03   1.0000E+04   0.0000E+00  0.0000   5.1403E-04  0.3542   0.0000E+00  0.0000   0.0000E+00  0.0000
   1.0000E+04   1.7783E+04   0.0000E+00  0.0000   2.9345E-04  0.4472   0.0000E+00  0.0000   0.0000E+00  0.0000
   1.7783E+04   3.1623E+04   0.0000E+00  0.0000   1.1348E-04  0.7067   0.0000E+00  0.0000   0.0000E+00  0.0000
   3.1623E+04   5.6234E+04   0.0000E+00  0.0000   6.0975E-05  1.0000   0.0000E+00  0.0000   0.0000E+00  0.0000
   5.6234E+04   1.0000E+05   0.0000E+00  0.0000   0.0000E+00  0.0000   0.0000E+00  0.0000   0.0000E+00  0.0000

#   sum over                 4.9005E-04  1.0000   2.9503E-03  0.1481   0.0000E+00  0.0000   2.5824E-08  1.0000

'no. =  5, (ix,iy,iz) = (  1,  1,  5)'
msuc: {\huge Flux spectra vs depth in concrete}
msdr: {\it plotted by \ANGEL \version}
msdl: {\it calculated by \PHITS  3.36}
wt: s(0.7)
\vspace{-3}
   vol  &=&   2.8800E+07 [cm^3]
  xmin  &=&  -6.0000E+02 [cm]
  xmax  &=&   6.0000E+02 [cm]
  ymin  &=&  -6.0000E+02 [cm]
  ymax  &=&   6.0000E+02 [cm]
  zmin  &=&  -6.2000E+02 [cm]
  zmax  &=&  -6.0000E+02 [cm]
e:

#------------------------------------------------------------------------------
 newpage:
#   no. =  6   ix  =  1   iy  =  1   iz  =  6
#   x = (  -6.0000E+02  -   6.0000E+02  )
#   y = (  -6.0000E+02  -   6.0000E+02  )
#   z = (  -6.0000E+02  -  -5.8000E+02  )

x: Energy [MeV/n]
y: Flux [1/cm^2/source]              
p: xlog ylog afac(0.8) form(0.9)
h: n            x            y(neutron ),hh0l n y(muon-   ),hh0dr n y(muon+   ),hh0ub n y(proton  ),hh0mg n 
#  e-lower      e-upper        neutron   r.err      muon-     r.err      muon+     r.err      proton    r.err 
   1.0000E-10   1.7783E-10   0.0000E+00  0.0000   0.0000E+00  0.0000   0.0000E+00  0.0000   0.0000E+00  0.0000
   1.7783E-10   3.1623E-10   0.0000E+00  0.0000   0.0000E+00  0.0000   0.0000E+00  0.0000   0.0000E+00  0.0000
   3.1623E-10   5.6234E-10   0.0000E+00  0.0000   0.0000E+00  0.0000   0.0000E+00  0.0000   0.0000E+00  0.0000
   5.6234E-10   1.0000E-09   0.0000E+00  0.0000   0.0000E+00  0.0000   0.0000E+00  0.0000   0.0000E+00  0.0000
   1.0000E-09   1.7783E-09   0.0000E+00  0.0000   0.0000E+00  0.0000   0.0000E+00  0.0000   0.0000E+00  0.0000
   1.7783E-09   3.1623E-09   0.0000E+00  0.0000   0.0000E+00  0.0000   0.0000E+00  0.0000   0.0000E+00  0.0000
   3.1623E-09   5.6234E-09   0.0000E+00  0.0000   0.0000E+00  0.0000   0.0000E+00  0.0000   0.0000E+00  0.0000
   5.6234E-09   1.0000E-08   0.0000E+00  0.0000   0.0000E+00  0.0000   0.0000E+00  0.0000   0.0000E+00  0.0000
   1.0000E-08   1.7783E-08   0.0000E+00  0.0000   0.0000E+00  0.0000   0.0000E+00  0.0000   0.0000E+00  0.0000
   1.7783E-08   3.1623E-08   0.0000E+00  0.0000   0.0000E+00  0.0000   0.0000E+00  0.0000   0.0000E+00  0.0000
   3.1623E-08   5.6234E-08   0.0000E+00  0.0000   0.0000E+00  0.0000   0.0000E+00  0.0000   0.0000E+00  0.0000
   5.6234E-08   1.0000E-07   0.0000E+00  0.0000   0.0000E+00  0.0000   0.0000E+00  0.0000   0.0000E+00  0.0000
   1.0000E-07   1.7783E-07   0.0000E+00  0.0000   0.0000E+00  0.0000   0.0000E+00  0.0000   0.0000E+00  0.0000
   1.7783E-07   3.1623E-07   0.0000E+00  0.0000   0.0000E+00  0.0000   0.0000E+00  0.0000   0.0000E+00  0.0000
   3.1623E-07   5.6234E-07   0.0000E+00  0.0000   0.0000E+00  0.0000   0.0000E+00  0.0000   0.0000E+00  0.0000
   5.6234E-07   1.0000E-06   0.0000E+00  0.0000   0.0000E+00  0.0000   0.0000E+00  0.0000   0.0000E+00  0.0000
   1.0000E-06   1.7783E-06   0.0000E+00  0.0000   0.0000E+00  0.0000   0.0000E+00  0.0000   0.0000E+00  0.0000
   1.7783E-06   3.1623E-06   0.0000E+00  0.0000   0.0000E+00  0.0000   0.0000E+00  0.0000   0.0000E+00  0.0000
   3.1623E-06   5.6234E-06   0.0000E+00  0.0000   0.0000E+00  0.0000   0.0000E+00  0.0000   0.0000E+00  0.0000
   5.6234E-06   1.0000E-05   0.0000E+00  0.0000   0.0000E+00  0.0000   0.0000E+00  0.0000   0.0000E+00  0.0000
   1.0000E-05   1.7783E-05   0.0000E+00  0.0000   0.0000E+00  0.0000   0.0000E+00  0.0000   0.0000E+00  0.0000
   1.7783E-05   3.1623E-05   0.0000E+00  0.0000   0.0000E+00  0.0000   0.0000E+00  0.0000   0.0000E+00  0.0000
   3.1623E-05   5.6234E-05   0.0000E+00  0.0000   0.0000E+00  0.0000   0.0000E+00  0.0000   0.0000E+00  0.0000
   5.6234E-05   1.0000E-04   0.0000E+00  0.0000   0.0000E+00  0.0000   0.0000E+00  0.0000   0.0000E+00  0.0000
   1.0000E-04   1.7783E-04   0.0000E+00  0.0000   4.1018E-21  1.0000   0.0000E+00  0.0000   0.0000E+00  0.0000
   1.7783E-04   3.1623E-04   0.0000E+00  0.0000   0.0000E+00  0.0000   0.0000E+00  0.0000   0.0000E+00  0.0000
   3.1623E-04   5.6234E-04   0.0000E+00  0.0000   0.0000E+00  0.0000   0.0000E+00  0.0000   0.0000E+00  0.0000
   5.6234E-04   1.0000E-03   0.0000E+00  0.0000   0.0000E+00  0.0000   0.0000E+00  0.0000   0.0000E+00  0.0000
   1.0000E-03   1.7783E-03   0.0000E+00  0.0000   1.6314E-11  0.7067   0.0000E+00  0.0000   0.0000E+00  0.0000
   1.7783E-03   3.1623E-03   0.0000E+00  0.0000   8.1140E-12  0.7067   0.0000E+00  0.0000   0.0000E+00  0.0000
   3.1623E-03   5.6234E-03   0.0000E+00  0.0000   1.1988E-11  0.7067   0.0000E+00  0.0000   0.0000E+00  0.0000
   5.6234E-03   1.0000E-02   0.0000E+00  0.0000   1.9227E-11  0.7067   0.0000E+00  0.0000   0.0000E+00  0.0000
   1.0000E-02   1.7783E-02   0.0000E+00  0.0000   3.4475E-11  0.7067   0.0000E+00  0.0000   0.0000E+00  0.0000
   1.7783E-02   3.1623E-02   0.0000E+00  0.0000   7.1175E-11  0.7067   0.0000E+00  0.0000   0.0000E+00  0.0000
   3.1623E-02   5.6234E-02   0.0000E+00  0.0000   1.6628E-10  0.7067   0.0000E+00  0.0000   0.0000E+00  0.0000
   5.6234E-02   1.0000E-01   0.0000E+00  0.0000   4.1663E-10  0.7067   0.0000E+00  0.0000   0.0000E+00  0.0000
   1.0000E-01   1.7783E-01   0.0000E+00  0.0000   1.0694E-09  0.7067   0.0000E+00  0.0000   0.0000E+00  0.0000
   1.7783E-01   3.1623E-01   0.0000E+00  0.0000   2.7974E-09  0.7067   0.0000E+00  0.0000   0.0000E+00  0.0000
   3.1623E-01   5.6234E-01   0.0000E+00  0.0000   7.4983E-09  0.7067   0.0000E+00  0.0000   0.0000E+00  0.0000
   5.6234E-01   1.0000E+00   0.0000E+00  0.0000   2.0566E-08  0.7067   0.0000E+00  0.0000   0.0000E+00  0.0000
   1.0000E+00   1.7783E+00   0.0000E+00  0.0000   5.7587E-08  0.7067   0.0000E+00  0.0000   0.0000E+00  0.0000
   1.7783E+00   3.1623E+00   0.0000E+00  0.0000   1.6380E-07  0.7067   0.0000E+00  0.0000   0.0000E+00  0.0000
   3.1623E+00   5.6234E+00   0.0000E+00  0.0000   4.6293E-07  0.7067   0.0000E+00  0.0000   0.0000E+00  0.0000
   5.6234E+00   1.0000E+01   0.0000E+00  0.0000   1.2896E-06  0.7067   0.0000E+00  0.0000   0.0000E+00  0.0000
   1.0000E+01   1.7783E+01   0.0000E+00  0.0000   3.5112E-06  0.7067   0.0000E+00  0.0000   0.0000E+00  0.0000
   1.7783E+01   3.1623E+01   0.0000E+00  0.0000   9.1667E-06  0.7067   0.0000E+00  0.0000   0.0000E+00  0.0000
   3.1623E+01   5.6234E+01   0.0000E+00  0.0000   1.8001E-05  0.7276   0.0000E+00  0.0000   0.0000E+00  0.0000
   5.6234E+01   1.0000E+02   0.0000E+00  0.0000   3.7636E-05  0.7144   0.0000E+00  0.0000   0.0000E+00  0.0000
   1.0000E+02   1.7783E+02   0.0000E+00  0.0000   1.0805E-04  0.7170   0.0000E+00  0.0000   0.0000E+00  0.0000
   1.7783E+02   3.1623E+02   0.0000E+00  0.0000   3.3760E-04  0.4342   0.0000E+00  0.0000   0.0000E+00  0.0000
   3.1623E+02   5.6234E+02   0.0000E+00  0.0000   1.4062E-04  0.5752   0.0000E+00  0.0000   0.0000E+00  0.0000
   5.6234E+02   1.0000E+03   0.0000E+00  0.0000   2.2140E-04  0.5347   0.0000E+00  0.0000   0.0000E+00  0.0000
   1.0000E+03   1.7783E+03   0.0000E+00  0.0000   2.7896E-04  0.4897   0.0000E+00  0.0000   0.0000E+00  0.0000
   1.7783E+03   3.1623E+03   0.0000E+00  0.0000   4.1305E-04  0.3790   0.0000E+00  0.0000   0.0000E+00  0.0000
   3.1623E+03   5.6234E+03   0.0000E+00  0.0000   4.9164E-04  0.3846   0.0000E+00  0.0000   0.0000E+00  0.0000
   5.6234E+03   1.0000E+04   0.0000E+00  0.0000   5.1403E-04  0.3542   0.0000E+00  0.0000   0.0000E+00  0.0000
   1.0000E+04   1.7783E+04   0.0000E+00  0.0000   2.9345E-04  0.4472   0.0000E+00  0.0000   0.0000E+00  0.0000
   1.7783E+04   3.1623E+04   0.0000E+00  0.0000   1.1348E-04  0.7067   0.0000E+00  0.0000   0.0000E+00  0.0000
   3.1623E+04   5.6234E+04   0.0000E+00  0.0000   6.0975E-05  1.0000   0.0000E+00  0.0000   0.0000E+00  0.0000
   5.6234E+04   1.0000E+05   0.0000E+00  0.0000   0.0000E+00  0.0000   0.0000E+00  0.0000   0.0000E+00  0.0000

#   sum over                 0.0000E+00  0.0000   3.0436E-03  0.1453   0.0000E+00  0.0000   0.0000E+00  0.0000

'no. =  6, (ix,iy,iz) = (  1,  1,  6)'
msuc: {\huge Flux spectra vs depth in concrete}
msdr: {\it plotted by \ANGEL \version}
msdl: {\it calculated by \PHITS  3.36}
wt: s(0.7)
\vspace{-3}
   vol  &=&   2.8800E+07 [cm^3]
  xmin  &=&  -6.0000E+02 [cm]
  xmax  &=&   6.0000E+02 [cm]
  ymin  &=&  -6.0000E+02 [cm]
  ymax  &=&   6.0000E+02 [cm]
  zmin  &=&  -6.0000E+02 [cm]
  zmax  &=&  -5.8000E+02 [cm]
e:

#------------------------------------------------------------------------------
 newpage:
#   no. =  7   ix  =  1   iy  =  1   iz  =  7
#   x = (  -6.0000E+02  -   6.0000E+02  )
#   y = (  -6.0000E+02  -   6.0000E+02  )
#   z = (  -5.8000E+02  -  -5.6000E+02  )

x: Energy [MeV/n]
y: Flux [1/cm^2/source]              
p: xlog ylog afac(0.8) form(0.9)
h: n            x            y(neutron ),hh0l n y(muon-   ),hh0dr n y(muon+   ),hh0ub n y(proton  ),hh0mg n 
#  e-lower      e-upper        neutron   r.err      muon-     r.err      muon+     r.err      proton    r.err 
   1.0000E-10   1.7783E-10   0.0000E+00  0.0000   0.0000E+00  0.0000   0.0000E+00  0.0000   0.0000E+00  0.0000
   1.7783E-10   3.1623E-10   0.0000E+00  0.0000   0.0000E+00  0.0000   0.0000E+00  0.0000   0.0000E+00  0.0000
   3.1623E-10   5.6234E-10   0.0000E+00  0.0000   0.0000E+00  0.0000   0.0000E+00  0.0000   0.0000E+00  0.0000
   5.6234E-10   1.0000E-09   0.0000E+00  0.0000   0.0000E+00  0.0000   0.0000E+00  0.0000   0.0000E+00  0.0000
   1.0000E-09   1.7783E-09   0.0000E+00  0.0000   0.0000E+00  0.0000   0.0000E+00  0.0000   0.0000E+00  0.0000
   1.7783E-09   3.1623E-09   0.0000E+00  0.0000   0.0000E+00  0.0000   0.0000E+00  0.0000   0.0000E+00  0.0000
   3.1623E-09   5.6234E-09   0.0000E+00  0.0000   0.0000E+00  0.0000   0.0000E+00  0.0000   0.0000E+00  0.0000
   5.6234E-09   1.0000E-08   0.0000E+00  0.0000   0.0000E+00  0.0000   0.0000E+00  0.0000   0.0000E+00  0.0000
   1.0000E-08   1.7783E-08   0.0000E+00  0.0000   0.0000E+00  0.0000   0.0000E+00  0.0000   0.0000E+00  0.0000
   1.7783E-08   3.1623E-08   0.0000E+00  0.0000   0.0000E+00  0.0000   0.0000E+00  0.0000   0.0000E+00  0.0000
   3.1623E-08   5.6234E-08   0.0000E+00  0.0000   0.0000E+00  0.0000   0.0000E+00  0.0000   0.0000E+00  0.0000
   5.6234E-08   1.0000E-07   0.0000E+00  0.0000   0.0000E+00  0.0000   0.0000E+00  0.0000   0.0000E+00  0.0000
   1.0000E-07   1.7783E-07   0.0000E+00  0.0000   0.0000E+00  0.0000   0.0000E+00  0.0000   0.0000E+00  0.0000
   1.7783E-07   3.1623E-07   0.0000E+00  0.0000   0.0000E+00  0.0000   0.0000E+00  0.0000   0.0000E+00  0.0000
   3.1623E-07   5.6234E-07   0.0000E+00  0.0000   0.0000E+00  0.0000   0.0000E+00  0.0000   0.0000E+00  0.0000
   5.6234E-07   1.0000E-06   0.0000E+00  0.0000   0.0000E+00  0.0000   0.0000E+00  0.0000   0.0000E+00  0.0000
   1.0000E-06   1.7783E-06   0.0000E+00  0.0000   0.0000E+00  0.0000   0.0000E+00  0.0000   0.0000E+00  0.0000
   1.7783E-06   3.1623E-06   0.0000E+00  0.0000   0.0000E+00  0.0000   0.0000E+00  0.0000   0.0000E+00  0.0000
   3.1623E-06   5.6234E-06   0.0000E+00  0.0000   0.0000E+00  0.0000   0.0000E+00  0.0000   0.0000E+00  0.0000
   5.6234E-06   1.0000E-05   0.0000E+00  0.0000   0.0000E+00  0.0000   0.0000E+00  0.0000   0.0000E+00  0.0000
   1.0000E-05   1.7783E-05   0.0000E+00  0.0000   0.0000E+00  0.0000   0.0000E+00  0.0000   0.0000E+00  0.0000
   1.7783E-05   3.1623E-05   0.0000E+00  0.0000   0.0000E+00  0.0000   0.0000E+00  0.0000   0.0000E+00  0.0000
   3.1623E-05   5.6234E-05   0.0000E+00  0.0000   0.0000E+00  0.0000   0.0000E+00  0.0000   0.0000E+00  0.0000
   5.6234E-05   1.0000E-04   0.0000E+00  0.0000   0.0000E+00  0.0000   0.0000E+00  0.0000   0.0000E+00  0.0000
   1.0000E-04   1.7783E-04   0.0000E+00  0.0000   9.8567E-21  1.0000   0.0000E+00  0.0000   0.0000E+00  0.0000
   1.7783E-04   3.1623E-04   0.0000E+00  0.0000   0.0000E+00  0.0000   0.0000E+00  0.0000   0.0000E+00  0.0000
   3.1623E-04   5.6234E-04   0.0000E+00  0.0000   0.0000E+00  0.0000   0.0000E+00  0.0000   0.0000E+00  0.0000
   5.6234E-04   1.0000E-03   0.0000E+00  0.0000   0.0000E+00  0.0000   0.0000E+00  0.0000   0.0000E+00  0.0000
   1.0000E-03   1.7783E-03   0.0000E+00  0.0000   1.6588E-11  0.7067   0.0000E+00  0.0000   0.0000E+00  0.0000
   1.7783E-03   3.1623E-03   0.0000E+00  0.0000   8.1140E-12  0.7067   0.0000E+00  0.0000   0.0000E+00  0.0000
   3.1623E-03   5.6234E-03   0.0000E+00  0.0000   1.1988E-11  0.7067   0.0000E+00  0.0000   0.0000E+00  0.0000
   5.6234E-03   1.0000E-02   0.0000E+00  0.0000   1.9227E-11  0.7067   0.0000E+00  0.0000   0.0000E+00  0.0000
   1.0000E-02   1.7783E-02   0.0000E+00  0.0000   3.4475E-11  0.7067   0.0000E+00  0.0000   0.0000E+00  0.0000
   1.7783E-02   3.1623E-02   0.0000E+00  0.0000   7.1175E-11  0.7067   0.0000E+00  0.0000   0.0000E+00  0.0000
   3.1623E-02   5.6234E-02   0.0000E+00  0.0000   1.6628E-10  0.7067   0.0000E+00  0.0000   0.0000E+00  0.0000
   5.6234E-02   1.0000E-01   0.0000E+00  0.0000   4.1663E-10  0.7067   0.0000E+00  0.0000   0.0000E+00  0.0000
   1.0000E-01   1.7783E-01   0.0000E+00  0.0000   1.0694E-09  0.7067   0.0000E+00  0.0000   0.0000E+00  0.0000
   1.7783E-01   3.1623E-01   0.0000E+00  0.0000   2.7974E-09  0.7067   0.0000E+00  0.0000   0.0000E+00  0.0000
   3.1623E-01   5.6234E-01   0.0000E+00  0.0000   7.4983E-09  0.7067   0.0000E+00  0.0000   0.0000E+00  0.0000
   5.6234E-01   1.0000E+00   0.0000E+00  0.0000   2.0566E-08  0.7067   0.0000E+00  0.0000   0.0000E+00  0.0000
   1.0000E+00   1.7783E+00   0.0000E+00  0.0000   5.7587E-08  0.7067   0.0000E+00  0.0000   0.0000E+00  0.0000
   1.7783E+00   3.1623E+00   0.0000E+00  0.0000   1.6380E-07  0.7067   0.0000E+00  0.0000   0.0000E+00  0.0000
   3.1623E+00   5.6234E+00   0.0000E+00  0.0000   4.6293E-07  0.7067   0.0000E+00  0.0000   0.0000E+00  0.0000
   5.6234E+00   1.0000E+01   0.0000E+00  0.0000   1.2896E-06  0.7067   0.0000E+00  0.0000   0.0000E+00  0.0000
   1.0000E+01   1.7783E+01   0.0000E+00  0.0000   3.5112E-06  0.7067   0.0000E+00  0.0000   0.0000E+00  0.0000
   1.7783E+01   3.1623E+01   0.0000E+00  0.0000   9.1667E-06  0.7067   0.0000E+00  0.0000   0.0000E+00  0.0000
   3.1623E+01   5.6234E+01   0.0000E+00  0.0000   2.6818E-05  0.6127   0.0000E+00  0.0000   0.0000E+00  0.0000
   5.6234E+01   1.0000E+02   0.0000E+00  0.0000   6.7756E-05  0.5540   0.0000E+00  0.0000   0.0000E+00  0.0000
   1.0000E+02   1.7783E+02   0.0000E+00  0.0000   1.6994E-04  0.5410   0.0000E+00  0.0000   0.0000E+00  0.0000
   1.7783E+02   3.1623E+02   0.0000E+00  0.0000   1.6722E-04  0.5739   0.0000E+00  0.0000   0.0000E+00  0.0000
   3.1623E+02   5.6234E+02   0.0000E+00  0.0000   3.1553E-04  0.4830   0.0000E+00  0.0000   0.0000E+00  0.0000
   5.6234E+02   1.0000E+03   0.0000E+00  0.0000   2.0254E-04  0.5834   0.0000E+00  0.0000   0.0000E+00  0.0000
   1.0000E+03   1.7783E+03   0.0000E+00  0.0000   3.2212E-04  0.5068   0.0000E+00  0.0000   0.0000E+00  0.0000
   1.7783E+03   3.1623E+03   0.0000E+00  0.0000   4.2771E-04  0.3774   0.0000E+00  0.0000   0.0000E+00  0.0000
   3.1623E+03   5.6234E+03   0.0000E+00  0.0000   4.9164E-04  0.3846   0.0000E+00  0.0000   0.0000E+00  0.0000
   5.6234E+03   1.0000E+04   0.0000E+00  0.0000   5.1403E-04  0.3542   0.0000E+00  0.0000   0.0000E+00  0.0000
   1.0000E+04   1.7783E+04   0.0000E+00  0.0000   2.9345E-04  0.4472   0.0000E+00  0.0000   0.0000E+00  0.0000
   1.7783E+04   3.1623E+04   0.0000E+00  0.0000   1.1348E-04  0.7067   0.0000E+00  0.0000   0.0000E+00  0.0000
   3.1623E+04   5.6234E+04   0.0000E+00  0.0000   6.0975E-05  1.0000   0.0000E+00  0.0000   0.0000E+00  0.0000
   5.6234E+04   1.0000E+05   0.0000E+00  0.0000   0.0000E+00  0.0000   0.0000E+00  0.0000   0.0000E+00  0.0000

#   sum over                 0.0000E+00  0.0000   3.1879E-03  0.1414   0.0000E+00  0.0000   0.0000E+00  0.0000

'no. =  7, (ix,iy,iz) = (  1,  1,  7)'
msuc: {\huge Flux spectra vs depth in concrete}
msdr: {\it plotted by \ANGEL \version}
msdl: {\it calculated by \PHITS  3.36}
wt: s(0.7)
\vspace{-3}
   vol  &=&   2.8800E+07 [cm^3]
  xmin  &=&  -6.0000E+02 [cm]
  xmax  &=&   6.0000E+02 [cm]
  ymin  &=&  -6.0000E+02 [cm]
  ymax  &=&   6.0000E+02 [cm]
  zmin  &=&  -5.8000E+02 [cm]
  zmax  &=&  -5.6000E+02 [cm]
e:

#------------------------------------------------------------------------------
 newpage:
#   no. =  8   ix  =  1   iy  =  1   iz  =  8
#   x = (  -6.0000E+02  -   6.0000E+02  )
#   y = (  -6.0000E+02  -   6.0000E+02  )
#   z = (  -5.6000E+02  -  -5.4000E+02  )

x: Energy [MeV/n]
y: Flux [1/cm^2/source]              
p: xlog ylog afac(0.8) form(0.9)
h: n            x            y(neutron ),hh0l n y(muon-   ),hh0dr n y(muon+   ),hh0ub n y(proton  ),hh0mg n 
#  e-lower      e-upper        neutron   r.err      muon-     r.err      muon+     r.err      proton    r.err 
   1.0000E-10   1.7783E-10   0.0000E+00  0.0000   0.0000E+00  0.0000   0.0000E+00  0.0000   0.0000E+00  0.0000
   1.7783E-10   3.1623E-10   0.0000E+00  0.0000   0.0000E+00  0.0000   0.0000E+00  0.0000   0.0000E+00  0.0000
   3.1623E-10   5.6234E-10   0.0000E+00  0.0000   0.0000E+00  0.0000   0.0000E+00  0.0000   0.0000E+00  0.0000
   5.6234E-10   1.0000E-09   0.0000E+00  0.0000   0.0000E+00  0.0000   0.0000E+00  0.0000   0.0000E+00  0.0000
   1.0000E-09   1.7783E-09   0.0000E+00  0.0000   0.0000E+00  0.0000   0.0000E+00  0.0000   0.0000E+00  0.0000
   1.7783E-09   3.1623E-09   0.0000E+00  0.0000   0.0000E+00  0.0000   0.0000E+00  0.0000   0.0000E+00  0.0000
   3.1623E-09   5.6234E-09   0.0000E+00  0.0000   0.0000E+00  0.0000   0.0000E+00  0.0000   0.0000E+00  0.0000
   5.6234E-09   1.0000E-08   0.0000E+00  0.0000   0.0000E+00  0.0000   0.0000E+00  0.0000   0.0000E+00  0.0000
   1.0000E-08   1.7783E-08   0.0000E+00  0.0000   0.0000E+00  0.0000   0.0000E+00  0.0000   0.0000E+00  0.0000
   1.7783E-08   3.1623E-08   0.0000E+00  0.0000   0.0000E+00  0.0000   0.0000E+00  0.0000   0.0000E+00  0.0000
   3.1623E-08   5.6234E-08   0.0000E+00  0.0000   0.0000E+00  0.0000   0.0000E+00  0.0000   0.0000E+00  0.0000
   5.6234E-08   1.0000E-07   0.0000E+00  0.0000   0.0000E+00  0.0000   0.0000E+00  0.0000   0.0000E+00  0.0000
   1.0000E-07   1.7783E-07   0.0000E+00  0.0000   0.0000E+00  0.0000   0.0000E+00  0.0000   0.0000E+00  0.0000
   1.7783E-07   3.1623E-07   0.0000E+00  0.0000   0.0000E+00  0.0000   0.0000E+00  0.0000   0.0000E+00  0.0000
   3.1623E-07   5.6234E-07   0.0000E+00  0.0000   0.0000E+00  0.0000   0.0000E+00  0.0000   0.0000E+00  0.0000
   5.6234E-07   1.0000E-06   0.0000E+00  0.0000   0.0000E+00  0.0000   0.0000E+00  0.0000   0.0000E+00  0.0000
   1.0000E-06   1.7783E-06   0.0000E+00  0.0000   0.0000E+00  0.0000   0.0000E+00  0.0000   0.0000E+00  0.0000
   1.7783E-06   3.1623E-06   0.0000E+00  0.0000   0.0000E+00  0.0000   0.0000E+00  0.0000   0.0000E+00  0.0000
   3.1623E-06   5.6234E-06   0.0000E+00  0.0000   0.0000E+00  0.0000   0.0000E+00  0.0000   0.0000E+00  0.0000
   5.6234E-06   1.0000E-05   0.0000E+00  0.0000   0.0000E+00  0.0000   0.0000E+00  0.0000   0.0000E+00  0.0000
   1.0000E-05   1.7783E-05   0.0000E+00  0.0000   0.0000E+00  0.0000   0.0000E+00  0.0000   0.0000E+00  0.0000
   1.7783E-05   3.1623E-05   0.0000E+00  0.0000   0.0000E+00  0.0000   0.0000E+00  0.0000   0.0000E+00  0.0000
   3.1623E-05   5.6234E-05   0.0000E+00  0.0000   0.0000E+00  0.0000   0.0000E+00  0.0000   0.0000E+00  0.0000
   5.6234E-05   1.0000E-04   0.0000E+00  0.0000   0.0000E+00  0.0000   0.0000E+00  0.0000   0.0000E+00  0.0000
   1.0000E-04   1.7783E-04   0.0000E+00  0.0000   0.0000E+00  0.0000   0.0000E+00  0.0000   0.0000E+00  0.0000
   1.7783E-04   3.1623E-04   0.0000E+00  0.0000   0.0000E+00  0.0000   0.0000E+00  0.0000   0.0000E+00  0.0000
   3.1623E-04   5.6234E-04   0.0000E+00  0.0000   0.0000E+00  0.0000   0.0000E+00  0.0000   0.0000E+00  0.0000
   5.6234E-04   1.0000E-03   0.0000E+00  0.0000   0.0000E+00  0.0000   0.0000E+00  0.0000   0.0000E+00  0.0000
   1.0000E-03   1.7783E-03   0.0000E+00  0.0000   1.6608E-11  0.7067   0.0000E+00  0.0000   0.0000E+00  0.0000
   1.7783E-03   3.1623E-03   0.0000E+00  0.0000   8.1140E-12  0.7067   0.0000E+00  0.0000   0.0000E+00  0.0000
   3.1623E-03   5.6234E-03   0.0000E+00  0.0000   1.1988E-11  0.7067   0.0000E+00  0.0000   0.0000E+00  0.0000
   5.6234E-03   1.0000E-02   0.0000E+00  0.0000   1.9227E-11  0.7067   0.0000E+00  0.0000   0.0000E+00  0.0000
   1.0000E-02   1.7783E-02   0.0000E+00  0.0000   3.4475E-11  0.7067   0.0000E+00  0.0000   0.0000E+00  0.0000
   1.7783E-02   3.1623E-02   0.0000E+00  0.0000   7.1175E-11  0.7067   0.0000E+00  0.0000   0.0000E+00  0.0000
   3.1623E-02   5.6234E-02   0.0000E+00  0.0000   1.6628E-10  0.7067   0.0000E+00  0.0000   0.0000E+00  0.0000
   5.6234E-02   1.0000E-01   0.0000E+00  0.0000   4.1663E-10  0.7067   0.0000E+00  0.0000   0.0000E+00  0.0000
   1.0000E-01   1.7783E-01   0.0000E+00  0.0000   1.0694E-09  0.7067   0.0000E+00  0.0000   0.0000E+00  0.0000
   1.7783E-01   3.1623E-01   0.0000E+00  0.0000   2.7974E-09  0.7067   0.0000E+00  0.0000   0.0000E+00  0.0000
   3.1623E-01   5.6234E-01   0.0000E+00  0.0000   7.4983E-09  0.7067   0.0000E+00  0.0000   0.0000E+00  0.0000
   5.6234E-01   1.0000E+00   0.0000E+00  0.0000   2.0566E-08  0.7067   0.0000E+00  0.0000   0.0000E+00  0.0000
   1.0000E+00   1.7783E+00   0.0000E+00  0.0000   5.7587E-08  0.7067   0.0000E+00  0.0000   0.0000E+00  0.0000
   1.7783E+00   3.1623E+00   0.0000E+00  0.0000   1.6380E-07  0.7067   0.0000E+00  0.0000   0.0000E+00  0.0000
   3.1623E+00   5.6234E+00   0.0000E+00  0.0000   4.6293E-07  0.7067   0.0000E+00  0.0000   0.0000E+00  0.0000
   5.6234E+00   1.0000E+01   0.0000E+00  0.0000   1.2896E-06  0.7067   0.0000E+00  0.0000   0.0000E+00  0.0000
   1.0000E+01   1.7783E+01   0.0000E+00  0.0000   3.5112E-06  0.7067   0.0000E+00  0.0000   0.0000E+00  0.0000
   1.7783E+01   3.1623E+01   0.0000E+00  0.0000   9.1667E-06  0.7067   0.0000E+00  0.0000   0.0000E+00  0.0000
   3.1623E+01   5.6234E+01   0.0000E+00  0.0000   2.2409E-05  0.7067   0.0000E+00  0.0000   0.0000E+00  0.0000
   5.6234E+01   1.0000E+02   0.0000E+00  0.0000   6.6711E-05  0.5860   0.0000E+00  0.0000   0.0000E+00  0.0000
   1.0000E+02   1.7783E+02   0.0000E+00  0.0000   2.0905E-04  0.4702   0.0000E+00  0.0000   0.0000E+00  0.0000
   1.7783E+02   3.1623E+02   0.0000E+00  0.0000   2.4735E-04  0.4816   0.0000E+00  0.0000   0.0000E+00  0.0000
   3.1623E+02   5.6234E+02   0.0000E+00  0.0000   2.6375E-04  0.4741   0.0000E+00  0.0000   0.0000E+00  0.0000
   5.6234E+02   1.0000E+03   0.0000E+00  0.0000   2.6332E-04  0.4648   0.0000E+00  0.0000   0.0000E+00  0.0000
   1.0000E+03   1.7783E+03   0.0000E+00  0.0000   3.5284E-04  0.4646   0.0000E+00  0.0000   0.0000E+00  0.0000
   1.7783E+03   3.1623E+03   0.0000E+00  0.0000   4.3847E-04  0.3688   0.0000E+00  0.0000   0.0000E+00  0.0000
   3.1623E+03   5.6234E+03   0.0000E+00  0.0000   4.6382E-04  0.3868   0.0000E+00  0.0000   0.0000E+00  0.0000
   5.6234E+03   1.0000E+04   0.0000E+00  0.0000   5.1403E-04  0.3542   0.0000E+00  0.0000   0.0000E+00  0.0000
   1.0000E+04   1.7783E+04   0.0000E+00  0.0000   3.2717E-04  0.4139   0.0000E+00  0.0000   0.0000E+00  0.0000
   1.7783E+04   3.1623E+04   0.0000E+00  0.0000   1.1348E-04  0.7067   0.0000E+00  0.0000   0.0000E+00  0.0000
   3.1623E+04   5.6234E+04   0.0000E+00  0.0000   6.0975E-05  1.0000   0.0000E+00  0.0000   0.0000E+00  0.0000
   5.6234E+04   1.0000E+05   0.0000E+00  0.0000   0.0000E+00  0.0000   0.0000E+00  0.0000   0.0000E+00  0.0000

#   sum over                 0.0000E+00  0.0000   3.3580E-03  0.1367   0.0000E+00  0.0000   0.0000E+00  0.0000

'no. =  8, (ix,iy,iz) = (  1,  1,  8)'
msuc: {\huge Flux spectra vs depth in concrete}
msdr: {\it plotted by \ANGEL \version}
msdl: {\it calculated by \PHITS  3.36}
wt: s(0.7)
\vspace{-3}
   vol  &=&   2.8800E+07 [cm^3]
  xmin  &=&  -6.0000E+02 [cm]
  xmax  &=&   6.0000E+02 [cm]
  ymin  &=&  -6.0000E+02 [cm]
  ymax  &=&   6.0000E+02 [cm]
  zmin  &=&  -5.6000E+02 [cm]
  zmax  &=&  -5.4000E+02 [cm]
e:

#------------------------------------------------------------------------------
 newpage:
#   no. =  9   ix  =  1   iy  =  1   iz  =  9
#   x = (  -6.0000E+02  -   6.0000E+02  )
#   y = (  -6.0000E+02  -   6.0000E+02  )
#   z = (  -5.4000E+02  -  -5.2000E+02  )

x: Energy [MeV/n]
y: Flux [1/cm^2/source]              
p: xlog ylog afac(0.8) form(0.9)
h: n            x            y(neutron ),hh0l n y(muon-   ),hh0dr n y(muon+   ),hh0ub n y(proton  ),hh0mg n 
#  e-lower      e-upper        neutron   r.err      muon-     r.err      muon+     r.err      proton    r.err 
   1.0000E-10   1.7783E-10   0.0000E+00  0.0000   0.0000E+00  0.0000   0.0000E+00  0.0000   0.0000E+00  0.0000
   1.7783E-10   3.1623E-10   0.0000E+00  0.0000   0.0000E+00  0.0000   0.0000E+00  0.0000   0.0000E+00  0.0000
   3.1623E-10   5.6234E-10   0.0000E+00  0.0000   0.0000E+00  0.0000   0.0000E+00  0.0000   0.0000E+00  0.0000
   5.6234E-10   1.0000E-09   0.0000E+00  0.0000   0.0000E+00  0.0000   0.0000E+00  0.0000   0.0000E+00  0.0000
   1.0000E-09   1.7783E-09   0.0000E+00  0.0000   0.0000E+00  0.0000   0.0000E+00  0.0000   0.0000E+00  0.0000
   1.7783E-09   3.1623E-09   0.0000E+00  0.0000   0.0000E+00  0.0000   0.0000E+00  0.0000   0.0000E+00  0.0000
   3.1623E-09   5.6234E-09   0.0000E+00  0.0000   0.0000E+00  0.0000   0.0000E+00  0.0000   0.0000E+00  0.0000
   5.6234E-09   1.0000E-08   0.0000E+00  0.0000   0.0000E+00  0.0000   0.0000E+00  0.0000   0.0000E+00  0.0000
   1.0000E-08   1.7783E-08   0.0000E+00  0.0000   0.0000E+00  0.0000   0.0000E+00  0.0000   0.0000E+00  0.0000
   1.7783E-08   3.1623E-08   0.0000E+00  0.0000   0.0000E+00  0.0000   0.0000E+00  0.0000   0.0000E+00  0.0000
   3.1623E-08   5.6234E-08   0.0000E+00  0.0000   0.0000E+00  0.0000   0.0000E+00  0.0000   0.0000E+00  0.0000
   5.6234E-08   1.0000E-07   0.0000E+00  0.0000   0.0000E+00  0.0000   0.0000E+00  0.0000   0.0000E+00  0.0000
   1.0000E-07   1.7783E-07   0.0000E+00  0.0000   0.0000E+00  0.0000   0.0000E+00  0.0000   0.0000E+00  0.0000
   1.7783E-07   3.1623E-07   0.0000E+00  0.0000   0.0000E+00  0.0000   0.0000E+00  0.0000   0.0000E+00  0.0000
   3.1623E-07   5.6234E-07   0.0000E+00  0.0000   0.0000E+00  0.0000   0.0000E+00  0.0000   0.0000E+00  0.0000
   5.6234E-07   1.0000E-06   0.0000E+00  0.0000   0.0000E+00  0.0000   0.0000E+00  0.0000   0.0000E+00  0.0000
   1.0000E-06   1.7783E-06   0.0000E+00  0.0000   0.0000E+00  0.0000   0.0000E+00  0.0000   0.0000E+00  0.0000
   1.7783E-06   3.1623E-06   0.0000E+00  0.0000   0.0000E+00  0.0000   0.0000E+00  0.0000   0.0000E+00  0.0000
   3.1623E-06   5.6234E-06   0.0000E+00  0.0000   0.0000E+00  0.0000   0.0000E+00  0.0000   0.0000E+00  0.0000
   5.6234E-06   1.0000E-05   0.0000E+00  0.0000   0.0000E+00  0.0000   0.0000E+00  0.0000   0.0000E+00  0.0000
   1.0000E-05   1.7783E-05   0.0000E+00  0.0000   0.0000E+00  0.0000   0.0000E+00  0.0000   0.0000E+00  0.0000
   1.7783E-05   3.1623E-05   0.0000E+00  0.0000   0.0000E+00  0.0000   0.0000E+00  0.0000   0.0000E+00  0.0000
   3.1623E-05   5.6234E-05   0.0000E+00  0.0000   0.0000E+00  0.0000   0.0000E+00  0.0000   0.0000E+00  0.0000
   5.6234E-05   1.0000E-04   0.0000E+00  0.0000   0.0000E+00  0.0000   0.0000E+00  0.0000   0.0000E+00  0.0000
   1.0000E-04   1.7783E-04   0.0000E+00  0.0000   0.0000E+00  0.0000   0.0000E+00  0.0000   0.0000E+00  0.0000
   1.7783E-04   3.1623E-04   0.0000E+00  0.0000   0.0000E+00  0.0000   0.0000E+00  0.0000   0.0000E+00  0.0000
   3.1623E-04   5.6234E-04   0.0000E+00  0.0000   0.0000E+00  0.0000   0.0000E+00  0.0000   0.0000E+00  0.0000
   5.6234E-04   1.0000E-03   0.0000E+00  0.0000   0.0000E+00  0.0000   0.0000E+00  0.0000   0.0000E+00  0.0000
   1.0000E-03   1.7783E-03   0.0000E+00  0.0000   8.0133E-12  1.0000   0.0000E+00  0.0000   0.0000E+00  0.0000
   1.7783E-03   3.1623E-03   0.0000E+00  0.0000   4.0570E-12  1.0000   0.0000E+00  0.0000   0.0000E+00  0.0000
   3.1623E-03   5.6234E-03   0.0000E+00  0.0000   5.9939E-12  1.0000   0.0000E+00  0.0000   0.0000E+00  0.0000
   5.6234E-03   1.0000E-02   0.0000E+00  0.0000   9.6133E-12  1.0000   0.0000E+00  0.0000   0.0000E+00  0.0000
   1.0000E-02   1.7783E-02   0.0000E+00  0.0000   1.7238E-11  1.0000   0.0000E+00  0.0000   0.0000E+00  0.0000
   1.7783E-02   3.1623E-02   0.0000E+00  0.0000   3.5587E-11  1.0000   0.0000E+00  0.0000   0.0000E+00  0.0000
   3.1623E-02   5.6234E-02   0.0000E+00  0.0000   8.3139E-11  1.0000   0.0000E+00  0.0000   0.0000E+00  0.0000
   5.6234E-02   1.0000E-01   0.0000E+00  0.0000   2.0831E-10  1.0000   0.0000E+00  0.0000   0.0000E+00  0.0000
   1.0000E-01   1.7783E-01   0.0000E+00  0.0000   5.3471E-10  1.0000   0.0000E+00  0.0000   0.0000E+00  0.0000
   1.7783E-01   3.1623E-01   0.0000E+00  0.0000   1.3987E-09  1.0000   0.0000E+00  0.0000   0.0000E+00  0.0000
   3.1623E-01   5.6234E-01   0.0000E+00  0.0000   3.7491E-09  1.0000   0.0000E+00  0.0000   0.0000E+00  0.0000
   5.6234E-01   1.0000E+00   0.0000E+00  0.0000   1.0283E-08  1.0000   0.0000E+00  0.0000   0.0000E+00  0.0000
   1.0000E+00   1.7783E+00   0.0000E+00  0.0000   2.8794E-08  1.0000   0.0000E+00  0.0000   0.0000E+00  0.0000
   1.7783E+00   3.1623E+00   0.0000E+00  0.0000   8.1902E-08  1.0000   0.0000E+00  0.0000   0.0000E+00  0.0000
   3.1623E+00   5.6234E+00   0.0000E+00  0.0000   2.3146E-07  1.0000   0.0000E+00  0.0000   0.0000E+00  0.0000
   5.6234E+00   1.0000E+01   0.0000E+00  0.0000   6.4479E-07  1.0000   0.0000E+00  0.0000   0.0000E+00  0.0000
   1.0000E+01   1.7783E+01   0.0000E+00  0.0000   1.7556E-06  1.0000   0.0000E+00  0.0000   0.0000E+00  0.0000
   1.7783E+01   3.1623E+01   0.0000E+00  0.0000   4.5834E-06  1.0000   0.0000E+00  0.0000   0.0000E+00  0.0000
   3.1623E+01   5.6234E+01   0.0000E+00  0.0000   1.1205E-05  1.0000   0.0000E+00  0.0000   0.0000E+00  0.0000
   5.6234E+01   1.0000E+02   0.0000E+00  0.0000   2.5084E-05  1.0000   0.0000E+00  0.0000   0.0000E+00  0.0000
   1.0000E+02   1.7783E+02   0.0000E+00  0.0000   1.6029E-04  0.5478   0.0000E+00  0.0000   0.0000E+00  0.0000
   1.7783E+02   3.1623E+02   0.0000E+00  0.0000   3.7533E-04  0.3952   0.0000E+00  0.0000   0.0000E+00  0.0000
   3.1623E+02   5.6234E+02   0.0000E+00  0.0000   2.0565E-04  0.4963   0.0000E+00  0.0000   0.0000E+00  0.0000
   5.6234E+02   1.0000E+03   0.0000E+00  0.0000   3.0575E-04  0.4814   0.0000E+00  0.0000   0.0000E+00  0.0000
   1.0000E+03   1.7783E+03   0.0000E+00  0.0000   2.5716E-04  0.5320   0.0000E+00  0.0000   0.0000E+00  0.0000
   1.7783E+03   3.1623E+03   0.0000E+00  0.0000   3.8498E-04  0.4064   0.0000E+00  0.0000   0.0000E+00  0.0000
   3.1623E+03   5.6234E+03   0.0000E+00  0.0000   3.8497E-04  0.3960   0.0000E+00  0.0000   0.0000E+00  0.0000
   5.6234E+03   1.0000E+04   0.0000E+00  0.0000   6.0376E-04  0.3357   0.0000E+00  0.0000   0.0000E+00  0.0000
   1.0000E+04   1.7783E+04   0.0000E+00  0.0000   3.6537E-04  0.4091   0.0000E+00  0.0000   0.0000E+00  0.0000
   1.7783E+04   3.1623E+04   0.0000E+00  0.0000   1.1348E-04  0.7067   0.0000E+00  0.0000   0.0000E+00  0.0000
   3.1623E+04   5.6234E+04   0.0000E+00  0.0000   6.0975E-05  1.0000   0.0000E+00  0.0000   0.0000E+00  0.0000
   5.6234E+04   1.0000E+05   0.0000E+00  0.0000   0.0000E+00  0.0000   0.0000E+00  0.0000   0.0000E+00  0.0000

#   sum over                 0.0000E+00  0.0000   3.2613E-03  0.1389   0.0000E+00  0.0000   0.0000E+00  0.0000

'no. =  9, (ix,iy,iz) = (  1,  1,  9)'
msuc: {\huge Flux spectra vs depth in concrete}
msdr: {\it plotted by \ANGEL \version}
msdl: {\it calculated by \PHITS  3.36}
wt: s(0.7)
\vspace{-3}
   vol  &=&   2.8800E+07 [cm^3]
  xmin  &=&  -6.0000E+02 [cm]
  xmax  &=&   6.0000E+02 [cm]
  ymin  &=&  -6.0000E+02 [cm]
  ymax  &=&   6.0000E+02 [cm]
  zmin  &=&  -5.4000E+02 [cm]
  zmax  &=&  -5.2000E+02 [cm]
e:

#------------------------------------------------------------------------------
 newpage:
#   no. = 10   ix  =  1   iy  =  1   iz  = 10
#   x = (  -6.0000E+02  -   6.0000E+02  )
#   y = (  -6.0000E+02  -   6.0000E+02  )
#   z = (  -5.2000E+02  -  -5.0000E+02  )

x: Energy [MeV/n]
y: Flux [1/cm^2/source]              
p: xlog ylog afac(0.8) form(0.9)
h: n            x            y(neutron ),hh0l n y(muon-   ),hh0dr n y(muon+   ),hh0ub n y(proton  ),hh0mg n 
#  e-lower      e-upper        neutron   r.err      muon-     r.err      muon+     r.err      proton    r.err 
   1.0000E-10   1.7783E-10   1.4867E-07  1.0000   0.0000E+00  0.0000   0.0000E+00  0.0000   0.0000E+00  0.0000
   1.7783E-10   3.1623E-10   0.0000E+00  0.0000   0.0000E+00  0.0000   0.0000E+00  0.0000   0.0000E+00  0.0000
   3.1623E-10   5.6234E-10   2.5457E-08  1.0000   0.0000E+00  0.0000   0.0000E+00  0.0000   0.0000E+00  0.0000
   5.6234E-10   1.0000E-09   0.0000E+00  0.0000   0.0000E+00  0.0000   0.0000E+00  0.0000   0.0000E+00  0.0000
   1.0000E-09   1.7783E-09   7.2229E-07  1.0000   0.0000E+00  0.0000   0.0000E+00  0.0000   0.0000E+00  0.0000
   1.7783E-09   3.1623E-09   1.4462E-06  1.0000   0.0000E+00  0.0000   0.0000E+00  0.0000   0.0000E+00  0.0000
   3.1623E-09   5.6234E-09   0.0000E+00  0.0000   0.0000E+00  0.0000   0.0000E+00  0.0000   0.0000E+00  0.0000
   5.6234E-09   1.0000E-08   9.6109E-06  1.0000   0.0000E+00  0.0000   0.0000E+00  0.0000   0.0000E+00  0.0000
   1.0000E-08   1.7783E-08   1.1647E-05  1.0000   0.0000E+00  0.0000   0.0000E+00  0.0000   0.0000E+00  0.0000
   1.7783E-08   3.1623E-08   6.4069E-05  1.0000   0.0000E+00  0.0000   0.0000E+00  0.0000   0.0000E+00  0.0000
   3.1623E-08   5.6234E-08   8.2560E-05  1.0000   0.0000E+00  0.0000   0.0000E+00  0.0000   0.0000E+00  0.0000
   5.6234E-08   1.0000E-07   4.4616E-05  1.0000   0.0000E+00  0.0000   0.0000E+00  0.0000   0.0000E+00  0.0000
   1.0000E-07   1.7783E-07   1.8476E-05  1.0000   0.0000E+00  0.0000   0.0000E+00  0.0000   0.0000E+00  0.0000
   1.7783E-07   3.1623E-07   9.1618E-06  1.0000   0.0000E+00  0.0000   0.0000E+00  0.0000   0.0000E+00  0.0000
   3.1623E-07   5.6234E-07   0.0000E+00  0.0000   0.0000E+00  0.0000   0.0000E+00  0.0000   0.0000E+00  0.0000
   5.6234E-07   1.0000E-06   0.0000E+00  0.0000   0.0000E+00  0.0000   0.0000E+00  0.0000   0.0000E+00  0.0000
   1.0000E-06   1.7783E-06   0.0000E+00  0.0000   0.0000E+00  0.0000   0.0000E+00  0.0000   0.0000E+00  0.0000
   1.7783E-06   3.1623E-06   0.0000E+00  0.0000   0.0000E+00  0.0000   0.0000E+00  0.0000   0.0000E+00  0.0000
   3.1623E-06   5.6234E-06   0.0000E+00  0.0000   0.0000E+00  0.0000   0.0000E+00  0.0000   0.0000E+00  0.0000
   5.6234E-06   1.0000E-05   0.0000E+00  0.0000   0.0000E+00  0.0000   0.0000E+00  0.0000   0.0000E+00  0.0000
   1.0000E-05   1.7783E-05   0.0000E+00  0.0000   0.0000E+00  0.0000   0.0000E+00  0.0000   0.0000E+00  0.0000
   1.7783E-05   3.1623E-05   0.0000E+00  0.0000   0.0000E+00  0.0000   0.0000E+00  0.0000   0.0000E+00  0.0000
   3.1623E-05   5.6234E-05   0.0000E+00  0.0000   0.0000E+00  0.0000   0.0000E+00  0.0000   0.0000E+00  0.0000
   5.6234E-05   1.0000E-04   0.0000E+00  0.0000   0.0000E+00  0.0000   0.0000E+00  0.0000   0.0000E+00  0.0000
   1.0000E-04   1.7783E-04   0.0000E+00  0.0000   0.0000E+00  0.0000   0.0000E+00  0.0000   0.0000E+00  0.0000
   1.7783E-04   3.1623E-04   0.0000E+00  0.0000   0.0000E+00  0.0000   0.0000E+00  0.0000   0.0000E+00  0.0000
   3.1623E-04   5.6234E-04   0.0000E+00  0.0000   0.0000E+00  0.0000   0.0000E+00  0.0000   0.0000E+00  0.0000
   5.6234E-04   1.0000E-03   0.0000E+00  0.0000   0.0000E+00  0.0000   0.0000E+00  0.0000   0.0000E+00  0.0000
   1.0000E-03   1.7783E-03   0.0000E+00  0.0000   2.4845E-11  0.5766   0.0000E+00  0.0000   0.0000E+00  0.0000
   1.7783E-03   3.1623E-03   0.0000E+00  0.0000   1.2171E-11  0.5766   0.0000E+00  0.0000   0.0000E+00  0.0000
   3.1623E-03   5.6234E-03   0.0000E+00  0.0000   1.7982E-11  0.5766   0.0000E+00  0.0000   0.0000E+00  0.0000
   5.6234E-03   1.0000E-02   4.6627E-05  1.0000   2.8840E-11  0.5766   0.0000E+00  0.0000   0.0000E+00  0.0000
   1.0000E-02   1.7783E-02   1.2354E-06  1.0000   5.1713E-11  0.5766   0.0000E+00  0.0000   0.0000E+00  0.0000
   1.7783E-02   3.1623E-02   0.0000E+00  0.0000   1.0676E-10  0.5766   0.0000E+00  0.0000   0.0000E+00  0.0000
   3.1623E-02   5.6234E-02   6.0113E-06  1.0000   2.4942E-10  0.5766   0.0000E+00  0.0000   0.0000E+00  0.0000
   5.6234E-02   1.0000E-01   3.1660E-06  1.0000   6.2494E-10  0.5766   0.0000E+00  0.0000   0.0000E+00  0.0000
   1.0000E-01   1.7783E-01   1.9112E-05  1.0000   1.6041E-09  0.5766   0.0000E+00  0.0000   0.0000E+00  0.0000
   1.7783E-01   3.1623E-01   0.0000E+00  0.0000   4.1961E-09  0.5766   0.0000E+00  0.0000   0.0000E+00  0.0000
   3.1623E-01   5.6234E-01   0.0000E+00  0.0000   1.1247E-08  0.5766   0.0000E+00  0.0000   0.0000E+00  0.0000
   5.6234E-01   1.0000E+00   0.0000E+00  0.0000   3.0849E-08  0.5766   0.0000E+00  0.0000   0.0000E+00  0.0000
   1.0000E+00   1.7783E+00   0.0000E+00  0.0000   8.6381E-08  0.5766   0.0000E+00  0.0000   0.0000E+00  0.0000
   1.7783E+00   3.1623E+00   0.0000E+00  0.0000   2.4571E-07  0.5766   0.0000E+00  0.0000   0.0000E+00  0.0000
   3.1623E+00   5.6234E+00   0.0000E+00  0.0000   6.9439E-07  0.5766   0.0000E+00  0.0000   0.0000E+00  0.0000
   5.6234E+00   1.0000E+01   0.0000E+00  0.0000   1.9344E-06  0.5766   0.0000E+00  0.0000   0.0000E+00  0.0000
   1.0000E+01   1.7783E+01   0.0000E+00  0.0000   5.2667E-06  0.5766   0.0000E+00  0.0000   0.0000E+00  0.0000
   1.7783E+01   3.1623E+01   0.0000E+00  0.0000   1.3750E-05  0.5766   0.0000E+00  0.0000   0.0000E+00  0.0000
   3.1623E+01   5.6234E+01   0.0000E+00  0.0000   3.3614E-05  0.5766   0.0000E+00  0.0000   0.0000E+00  0.0000
   5.6234E+01   1.0000E+02   0.0000E+00  0.0000   7.5251E-05  0.5766   0.0000E+00  0.0000   0.0000E+00  0.0000
   1.0000E+02   1.7783E+02   0.0000E+00  0.0000   1.3982E-04  0.5969   0.0000E+00  0.0000   0.0000E+00  0.0000
   1.7783E+02   3.1623E+02   0.0000E+00  0.0000   2.4549E-04  0.4611   0.0000E+00  0.0000   0.0000E+00  0.0000
   3.1623E+02   5.6234E+02   0.0000E+00  0.0000   3.4427E-04  0.4056   0.0000E+00  0.0000   0.0000E+00  0.0000
   5.6234E+02   1.0000E+03   0.0000E+00  0.0000   4.4084E-04  0.3896   0.0000E+00  0.0000   0.0000E+00  0.0000
   1.0000E+03   1.7783E+03   0.0000E+00  0.0000   1.7944E-04  0.6056   0.0000E+00  0.0000   0.0000E+00  0.0000
   1.7783E+03   3.1623E+03   0.0000E+00  0.0000   4.5564E-04  0.3639   0.0000E+00  0.0000   0.0000E+00  0.0000
   3.1623E+03   5.6234E+03   0.0000E+00  0.0000   3.7538E-04  0.3943   0.0000E+00  0.0000   0.0000E+00  0.0000
   5.6234E+03   1.0000E+04   0.0000E+00  0.0000   6.3172E-04  0.3306   0.0000E+00  0.0000   0.0000E+00  0.0000
   1.0000E+04   1.7783E+04   0.0000E+00  0.0000   3.6537E-04  0.4091   0.0000E+00  0.0000   0.0000E+00  0.0000
   1.7783E+04   3.1623E+04   0.0000E+00  0.0000   1.1348E-04  0.7067   0.0000E+00  0.0000   0.0000E+00  0.0000
   3.1623E+04   5.6234E+04   0.0000E+00  0.0000   6.0975E-05  1.0000   0.0000E+00  0.0000   0.0000E+00  0.0000
   5.6234E+04   1.0000E+05   0.0000E+00  0.0000   0.0000E+00  0.0000   0.0000E+00  0.0000   0.0000E+00  0.0000

#   sum over                 3.1864E-04  1.0000   3.4833E-03  0.1337   0.0000E+00  0.0000   0.0000E+00  0.0000

'no. = 10, (ix,iy,iz) = (  1,  1, 10)'
msuc: {\huge Flux spectra vs depth in concrete}
msdr: {\it plotted by \ANGEL \version}
msdl: {\it calculated by \PHITS  3.36}
wt: s(0.7)
\vspace{-3}
   vol  &=&   2.8800E+07 [cm^3]
  xmin  &=&  -6.0000E+02 [cm]
  xmax  &=&   6.0000E+02 [cm]
  ymin  &=&  -6.0000E+02 [cm]
  ymax  &=&   6.0000E+02 [cm]
  zmin  &=&  -5.2000E+02 [cm]
  zmax  &=&  -5.0000E+02 [cm]
e:

#------------------------------------------------------------------------------
 newpage:
#   no. = 11   ix  =  1   iy  =  1   iz  = 11
#   x = (  -6.0000E+02  -   6.0000E+02  )
#   y = (  -6.0000E+02  -   6.0000E+02  )
#   z = (  -5.0000E+02  -  -4.8000E+02  )

x: Energy [MeV/n]
y: Flux [1/cm^2/source]              
p: xlog ylog afac(0.8) form(0.9)
h: n            x            y(neutron ),hh0l n y(muon-   ),hh0dr n y(muon+   ),hh0ub n y(proton  ),hh0mg n 
#  e-lower      e-upper        neutron   r.err      muon-     r.err      muon+     r.err      proton    r.err 
   1.0000E-10   1.7783E-10   0.0000E+00  0.0000   0.0000E+00  0.0000   0.0000E+00  0.0000   0.0000E+00  0.0000
   1.7783E-10   3.1623E-10   0.0000E+00  0.0000   0.0000E+00  0.0000   0.0000E+00  0.0000   0.0000E+00  0.0000
   3.1623E-10   5.6234E-10   0.0000E+00  0.0000   0.0000E+00  0.0000   0.0000E+00  0.0000   0.0000E+00  0.0000
   5.6234E-10   1.0000E-09   0.0000E+00  0.0000   0.0000E+00  0.0000   0.0000E+00  0.0000   0.0000E+00  0.0000
   1.0000E-09   1.7783E-09   0.0000E+00  0.0000   0.0000E+00  0.0000   0.0000E+00  0.0000   0.0000E+00  0.0000
   1.7783E-09   3.1623E-09   0.0000E+00  0.0000   0.0000E+00  0.0000   0.0000E+00  0.0000   0.0000E+00  0.0000
   3.1623E-09   5.6234E-09   0.0000E+00  0.0000   0.0000E+00  0.0000   0.0000E+00  0.0000   0.0000E+00  0.0000
   5.6234E-09   1.0000E-08   0.0000E+00  0.0000   0.0000E+00  0.0000   0.0000E+00  0.0000   0.0000E+00  0.0000
   1.0000E-08   1.7783E-08   2.6804E-06  1.0000   0.0000E+00  0.0000   0.0000E+00  0.0000   0.0000E+00  0.0000
   1.7783E-08   3.1623E-08   1.6224E-06  1.0000   0.0000E+00  0.0000   0.0000E+00  0.0000   0.0000E+00  0.0000
   3.1623E-08   5.6234E-08   2.0796E-05  1.0000   0.0000E+00  0.0000   0.0000E+00  0.0000   0.0000E+00  0.0000
   5.6234E-08   1.0000E-07   4.8028E-06  1.0000   0.0000E+00  0.0000   0.0000E+00  0.0000   0.0000E+00  0.0000
   1.0000E-07   1.7783E-07   1.0874E-05  1.0000   0.0000E+00  0.0000   0.0000E+00  0.0000   0.0000E+00  0.0000
   1.7783E-07   3.1623E-07   1.0088E-05  1.0000   0.0000E+00  0.0000   0.0000E+00  0.0000   0.0000E+00  0.0000
   3.1623E-07   5.6234E-07   0.0000E+00  0.0000   0.0000E+00  0.0000   0.0000E+00  0.0000   0.0000E+00  0.0000
   5.6234E-07   1.0000E-06   0.0000E+00  0.0000   0.0000E+00  0.0000   0.0000E+00  0.0000   0.0000E+00  0.0000
   1.0000E-06   1.7783E-06   0.0000E+00  0.0000   0.0000E+00  0.0000   0.0000E+00  0.0000   0.0000E+00  0.0000
   1.7783E-06   3.1623E-06   0.0000E+00  0.0000   0.0000E+00  0.0000   0.0000E+00  0.0000   0.0000E+00  0.0000
   3.1623E-06   5.6234E-06   0.0000E+00  0.0000   0.0000E+00  0.0000   0.0000E+00  0.0000   0.0000E+00  0.0000
   5.6234E-06   1.0000E-05   1.4795E-08  1.0000   0.0000E+00  0.0000   0.0000E+00  0.0000   0.0000E+00  0.0000
   1.0000E-05   1.7783E-05   1.9236E-05  1.0000   0.0000E+00  0.0000   0.0000E+00  0.0000   0.0000E+00  0.0000
   1.7783E-05   3.1623E-05   0.0000E+00  0.0000   0.0000E+00  0.0000   0.0000E+00  0.0000   0.0000E+00  0.0000
   3.1623E-05   5.6234E-05   1.7256E-05  1.0000   0.0000E+00  0.0000   0.0000E+00  0.0000   0.0000E+00  0.0000
   5.6234E-05   1.0000E-04   0.0000E+00  0.0000   0.0000E+00  0.0000   0.0000E+00  0.0000   0.0000E+00  0.0000
   1.0000E-04   1.7783E-04   0.0000E+00  0.0000   4.9172E-21  1.0000   0.0000E+00  0.0000   0.0000E+00  0.0000
   1.7783E-04   3.1623E-04   3.0508E-06  1.0000   0.0000E+00  0.0000   0.0000E+00  0.0000   0.0000E+00  0.0000
   3.1623E-04   5.6234E-04   0.0000E+00  0.0000   0.0000E+00  0.0000   0.0000E+00  0.0000   0.0000E+00  0.0000
   5.6234E-04   1.0000E-03   0.0000E+00  0.0000   0.0000E+00  0.0000   0.0000E+00  0.0000   0.0000E+00  0.0000
   1.0000E-03   1.7783E-03   0.0000E+00  0.0000   1.6592E-11  0.7067   0.0000E+00  0.0000   5.9980E-12  1.0000
   1.7783E-03   3.1623E-03   0.0000E+00  0.0000   8.1140E-12  0.7067   0.0000E+00  0.0000   9.6861E-12  1.0000
   3.1623E-03   5.6234E-03   1.0321E-05  1.0000   1.1988E-11  0.7067   0.0000E+00  0.0000   1.4622E-11  1.0000
   5.6234E-03   1.0000E-02   1.3995E-05  1.0000   1.9227E-11  0.7067   0.0000E+00  0.0000   2.0177E-11  1.0000
   1.0000E-02   1.7783E-02   0.0000E+00  0.0000   3.4475E-11  0.7067   0.0000E+00  0.0000   2.7062E-11  1.0000
   1.7783E-02   3.1623E-02   0.0000E+00  0.0000   7.1175E-11  0.7067   0.0000E+00  0.0000   3.8771E-11  1.0000
   3.1623E-02   5.6234E-02   0.0000E+00  0.0000   1.6628E-10  0.7067   0.0000E+00  0.0000   5.8180E-11  1.0000
   5.6234E-02   1.0000E-01   0.0000E+00  0.0000   4.1663E-10  0.7067   0.0000E+00  0.0000   9.5174E-11  1.0000
   1.0000E-01   1.7783E-01   4.1283E-06  1.0000   1.0694E-09  0.7067   0.0000E+00  0.0000   1.7562E-10  1.0000
   1.7783E-01   3.1623E-01   0.0000E+00  0.0000   2.7974E-09  0.7067   0.0000E+00  0.0000   3.7312E-10  1.0000
   3.1623E-01   5.6234E-01   0.0000E+00  0.0000   7.4983E-09  0.7067   0.0000E+00  0.0000   8.8901E-10  1.0000
   5.6234E-01   1.0000E+00   0.0000E+00  0.0000   2.0566E-08  0.7067   0.0000E+00  0.0000   2.2441E-09  1.0000
   1.0000E+00   1.7783E+00   1.4645E-06  1.0000   5.7587E-08  0.7067   0.0000E+00  0.0000   5.7803E-09  1.0000
   1.7783E+00   3.1623E+00   1.8113E-05  1.0000   1.6380E-07  0.7067   0.0000E+00  0.0000   1.6309E-09  1.0000
   3.1623E+00   5.6234E+00   4.8588E-05  1.0000   4.6293E-07  0.7067   0.0000E+00  0.0000   0.0000E+00  0.0000
   5.6234E+00   1.0000E+01   0.0000E+00  0.0000   1.2896E-06  0.7067   0.0000E+00  0.0000   0.0000E+00  0.0000
   1.0000E+01   1.7783E+01   0.0000E+00  0.0000   3.5112E-06  0.7067   0.0000E+00  0.0000   0.0000E+00  0.0000
   1.7783E+01   3.1623E+01   0.0000E+00  0.0000   9.1667E-06  0.7067   0.0000E+00  0.0000   0.0000E+00  0.0000
   3.1623E+01   5.6234E+01   0.0000E+00  0.0000   2.2409E-05  0.7067   0.0000E+00  0.0000   0.0000E+00  0.0000
   5.6234E+01   1.0000E+02   0.0000E+00  0.0000   4.8242E-05  0.7072   0.0000E+00  0.0000   0.0000E+00  0.0000
   1.0000E+02   1.7783E+02   0.0000E+00  0.0000   2.0757E-04  0.4877   0.0000E+00  0.0000   0.0000E+00  0.0000
   1.7783E+02   3.1623E+02   0.0000E+00  0.0000   2.2230E-04  0.4955   0.0000E+00  0.0000   0.0000E+00  0.0000
   3.1623E+02   5.6234E+02   0.0000E+00  0.0000   4.2977E-04  0.3837   0.0000E+00  0.0000   0.0000E+00  0.0000
   5.6234E+02   1.0000E+03   0.0000E+00  0.0000   3.6028E-04  0.3961   0.0000E+00  0.0000   0.0000E+00  0.0000
   1.0000E+03   1.7783E+03   0.0000E+00  0.0000   3.1815E-04  0.4505   0.0000E+00  0.0000   0.0000E+00  0.0000
   1.7783E+03   3.1623E+03   0.0000E+00  0.0000   5.7030E-04  0.3385   0.0000E+00  0.0000   0.0000E+00  0.0000
   3.1623E+03   5.6234E+03   0.0000E+00  0.0000   3.8547E-04  0.4077   0.0000E+00  0.0000   0.0000E+00  0.0000
   5.6234E+03   1.0000E+04   0.0000E+00  0.0000   6.7251E-04  0.3207   0.0000E+00  0.0000   0.0000E+00  0.0000
   1.0000E+04   1.7783E+04   0.0000E+00  0.0000   3.6537E-04  0.4091   0.0000E+00  0.0000   0.0000E+00  0.0000
   1.7783E+04   3.1623E+04   0.0000E+00  0.0000   1.1348E-04  0.7067   0.0000E+00  0.0000   0.0000E+00  0.0000
   3.1623E+04   5.6234E+04   0.0000E+00  0.0000   6.0975E-05  1.0000   0.0000E+00  0.0000   0.0000E+00  0.0000
   5.6234E+04   1.0000E+05   0.0000E+00  0.0000   0.0000E+00  0.0000   0.0000E+00  0.0000   0.0000E+00  0.0000

#   sum over                 1.8703E-04  1.0000   3.7915E-03  0.1283   0.0000E+00  0.0000   1.1363E-08  1.0000

'no. = 11, (ix,iy,iz) = (  1,  1, 11)'
msuc: {\huge Flux spectra vs depth in concrete}
msdr: {\it plotted by \ANGEL \version}
msdl: {\it calculated by \PHITS  3.36}
wt: s(0.7)
\vspace{-3}
   vol  &=&   2.8800E+07 [cm^3]
  xmin  &=&  -6.0000E+02 [cm]
  xmax  &=&   6.0000E+02 [cm]
  ymin  &=&  -6.0000E+02 [cm]
  ymax  &=&   6.0000E+02 [cm]
  zmin  &=&  -5.0000E+02 [cm]
  zmax  &=&  -4.8000E+02 [cm]
e:

#------------------------------------------------------------------------------
 newpage:
#   no. = 12   ix  =  1   iy  =  1   iz  = 12
#   x = (  -6.0000E+02  -   6.0000E+02  )
#   y = (  -6.0000E+02  -   6.0000E+02  )
#   z = (  -4.8000E+02  -  -4.6000E+02  )

x: Energy [MeV/n]
y: Flux [1/cm^2/source]              
p: xlog ylog afac(0.8) form(0.9)
h: n            x            y(neutron ),hh0l n y(muon-   ),hh0dr n y(muon+   ),hh0ub n y(proton  ),hh0mg n 
#  e-lower      e-upper        neutron   r.err      muon-     r.err      muon+     r.err      proton    r.err 
   1.0000E-10   1.7783E-10   0.0000E+00  0.0000   0.0000E+00  0.0000   0.0000E+00  0.0000   0.0000E+00  0.0000
   1.7783E-10   3.1623E-10   0.0000E+00  0.0000   0.0000E+00  0.0000   0.0000E+00  0.0000   0.0000E+00  0.0000
   3.1623E-10   5.6234E-10   0.0000E+00  0.0000   0.0000E+00  0.0000   0.0000E+00  0.0000   0.0000E+00  0.0000
   5.6234E-10   1.0000E-09   0.0000E+00  0.0000   0.0000E+00  0.0000   0.0000E+00  0.0000   0.0000E+00  0.0000
   1.0000E-09   1.7783E-09   0.0000E+00  0.0000   0.0000E+00  0.0000   0.0000E+00  0.0000   0.0000E+00  0.0000
   1.7783E-09   3.1623E-09   0.0000E+00  0.0000   0.0000E+00  0.0000   0.0000E+00  0.0000   0.0000E+00  0.0000
   3.1623E-09   5.6234E-09   2.1920E-07  1.0000   0.0000E+00  0.0000   0.0000E+00  0.0000   0.0000E+00  0.0000
   5.6234E-09   1.0000E-08   3.2591E-06  1.0000   0.0000E+00  0.0000   0.0000E+00  0.0000   0.0000E+00  0.0000
   1.0000E-08   1.7783E-08   3.9365E-06  1.0000   0.0000E+00  0.0000   0.0000E+00  0.0000   0.0000E+00  0.0000
   1.7783E-08   3.1623E-08   3.3858E-05  1.0000   0.0000E+00  0.0000   0.0000E+00  0.0000   0.0000E+00  0.0000
   3.1623E-08   5.6234E-08   3.3900E-05  1.0000   0.0000E+00  0.0000   0.0000E+00  0.0000   0.0000E+00  0.0000
   5.6234E-08   1.0000E-07   7.6461E-05  1.0000   0.0000E+00  0.0000   0.0000E+00  0.0000   0.0000E+00  0.0000
   1.0000E-07   1.7783E-07   1.9197E-05  1.0000   0.0000E+00  0.0000   0.0000E+00  0.0000   0.0000E+00  0.0000
   1.7783E-07   3.1623E-07   0.0000E+00  0.0000   0.0000E+00  0.0000   0.0000E+00  0.0000   0.0000E+00  0.0000
   3.1623E-07   5.6234E-07   0.0000E+00  0.0000   0.0000E+00  0.0000   0.0000E+00  0.0000   0.0000E+00  0.0000
   5.6234E-07   1.0000E-06   0.0000E+00  0.0000   0.0000E+00  0.0000   0.0000E+00  0.0000   0.0000E+00  0.0000
   1.0000E-06   1.7783E-06   0.0000E+00  0.0000   0.0000E+00  0.0000   0.0000E+00  0.0000   0.0000E+00  0.0000
   1.7783E-06   3.1623E-06   0.0000E+00  0.0000   0.0000E+00  0.0000   0.0000E+00  0.0000   0.0000E+00  0.0000
   3.1623E-06   5.6234E-06   0.0000E+00  0.0000   0.0000E+00  0.0000   0.0000E+00  0.0000   0.0000E+00  0.0000
   5.6234E-06   1.0000E-05   0.0000E+00  0.0000   0.0000E+00  0.0000   0.0000E+00  0.0000   0.0000E+00  0.0000
   1.0000E-05   1.7783E-05   0.0000E+00  0.0000   0.0000E+00  0.0000   0.0000E+00  0.0000   0.0000E+00  0.0000
   1.7783E-05   3.1623E-05   0.0000E+00  0.0000   0.0000E+00  0.0000   0.0000E+00  0.0000   0.0000E+00  0.0000
   3.1623E-05   5.6234E-05   0.0000E+00  0.0000   0.0000E+00  0.0000   0.0000E+00  0.0000   0.0000E+00  0.0000
   5.6234E-05   1.0000E-04   0.0000E+00  0.0000   0.0000E+00  0.0000   0.0000E+00  0.0000   0.0000E+00  0.0000
   1.0000E-04   1.7783E-04   0.0000E+00  0.0000   0.0000E+00  0.0000   0.0000E+00  0.0000   0.0000E+00  0.0000
   1.7783E-04   3.1623E-04   0.0000E+00  0.0000   0.0000E+00  0.0000   0.0000E+00  0.0000   0.0000E+00  0.0000
   3.1623E-04   5.6234E-04   0.0000E+00  0.0000   0.0000E+00  0.0000   0.0000E+00  0.0000   0.0000E+00  0.0000
   5.6234E-04   1.0000E-03   0.0000E+00  0.0000   0.0000E+00  0.0000   0.0000E+00  0.0000   0.0000E+00  0.0000
   1.0000E-03   1.7783E-03   0.0000E+00  0.0000   0.0000E+00  0.0000   0.0000E+00  0.0000   0.0000E+00  0.0000
   1.7783E-03   3.1623E-03   0.0000E+00  0.0000   0.0000E+00  0.0000   0.0000E+00  0.0000   0.0000E+00  0.0000
   3.1623E-03   5.6234E-03   0.0000E+00  0.0000   0.0000E+00  0.0000   0.0000E+00  0.0000   0.0000E+00  0.0000
   5.6234E-03   1.0000E-02   0.0000E+00  0.0000   0.0000E+00  0.0000   0.0000E+00  0.0000   0.0000E+00  0.0000
   1.0000E-02   1.7783E-02   0.0000E+00  0.0000   0.0000E+00  0.0000   0.0000E+00  0.0000   0.0000E+00  0.0000
   1.7783E-02   3.1623E-02   0.0000E+00  0.0000   0.0000E+00  0.0000   0.0000E+00  0.0000   0.0000E+00  0.0000
   3.1623E-02   5.6234E-02   0.0000E+00  0.0000   0.0000E+00  0.0000   0.0000E+00  0.0000   0.0000E+00  0.0000
   5.6234E-02   1.0000E-01   0.0000E+00  0.0000   0.0000E+00  0.0000   0.0000E+00  0.0000   0.0000E+00  0.0000
   1.0000E-01   1.7783E-01   0.0000E+00  0.0000   0.0000E+00  0.0000   0.0000E+00  0.0000   0.0000E+00  0.0000
   1.7783E-01   3.1623E-01   0.0000E+00  0.0000   0.0000E+00  0.0000   0.0000E+00  0.0000   0.0000E+00  0.0000
   3.1623E-01   5.6234E-01   0.0000E+00  0.0000   0.0000E+00  0.0000   0.0000E+00  0.0000   0.0000E+00  0.0000
   5.6234E-01   1.0000E+00   0.0000E+00  0.0000   0.0000E+00  0.0000   0.0000E+00  0.0000   0.0000E+00  0.0000
   1.0000E+00   1.7783E+00   0.0000E+00  0.0000   0.0000E+00  0.0000   0.0000E+00  0.0000   0.0000E+00  0.0000
   1.7783E+00   3.1623E+00   0.0000E+00  0.0000   0.0000E+00  0.0000   0.0000E+00  0.0000   0.0000E+00  0.0000
   3.1623E+00   5.6234E+00   0.0000E+00  0.0000   0.0000E+00  0.0000   0.0000E+00  0.0000   0.0000E+00  0.0000
   5.6234E+00   1.0000E+01   0.0000E+00  0.0000   0.0000E+00  0.0000   0.0000E+00  0.0000   0.0000E+00  0.0000
   1.0000E+01   1.7783E+01   0.0000E+00  0.0000   0.0000E+00  0.0000   0.0000E+00  0.0000   0.0000E+00  0.0000
   1.7783E+01   3.1623E+01   0.0000E+00  0.0000   0.0000E+00  0.0000   0.0000E+00  0.0000   0.0000E+00  0.0000
   3.1623E+01   5.6234E+01   0.0000E+00  0.0000   0.0000E+00  0.0000   0.0000E+00  0.0000   0.0000E+00  0.0000
   5.6234E+01   1.0000E+02   0.0000E+00  0.0000   1.9257E-06  1.0000   0.0000E+00  0.0000   0.0000E+00  0.0000
   1.0000E+02   1.7783E+02   0.0000E+00  0.0000   1.5728E-04  0.5950   0.0000E+00  0.0000   0.0000E+00  0.0000
   1.7783E+02   3.1623E+02   0.0000E+00  0.0000   3.4248E-04  0.4384   0.0000E+00  0.0000   0.0000E+00  0.0000
   3.1623E+02   5.6234E+02   0.0000E+00  0.0000   4.0519E-04  0.4049   0.0000E+00  0.0000   0.0000E+00  0.0000
   5.6234E+02   1.0000E+03   0.0000E+00  0.0000   4.4415E-04  0.3753   0.0000E+00  0.0000   0.0000E+00  0.0000
   1.0000E+03   1.7783E+03   0.0000E+00  0.0000   4.8311E-04  0.3923   0.0000E+00  0.0000   0.0000E+00  0.0000
   1.7783E+03   3.1623E+03   0.0000E+00  0.0000   6.6642E-04  0.3184   0.0000E+00  0.0000   0.0000E+00  0.0000
   3.1623E+03   5.6234E+03   0.0000E+00  0.0000   3.8547E-04  0.4077   0.0000E+00  0.0000   0.0000E+00  0.0000
   5.6234E+03   1.0000E+04   0.0000E+00  0.0000   6.7613E-04  0.3171   0.0000E+00  0.0000   0.0000E+00  0.0000
   1.0000E+04   1.7783E+04   0.0000E+00  0.0000   3.6537E-04  0.4091   0.0000E+00  0.0000   0.0000E+00  0.0000
   1.7783E+04   3.1623E+04   0.0000E+00  0.0000   1.1348E-04  0.7067   0.0000E+00  0.0000   0.0000E+00  0.0000
   3.1623E+04   5.6234E+04   0.0000E+00  0.0000   6.0975E-05  1.0000   0.0000E+00  0.0000   0.0000E+00  0.0000
   5.6234E+04   1.0000E+05   0.0000E+00  0.0000   0.0000E+00  0.0000   0.0000E+00  0.0000   0.0000E+00  0.0000

#   sum over                 1.7083E-04  1.0000   4.1020E-03  0.1254   0.0000E+00  0.0000   0.0000E+00  0.0000

'no. = 12, (ix,iy,iz) = (  1,  1, 12)'
msuc: {\huge Flux spectra vs depth in concrete}
msdr: {\it plotted by \ANGEL \version}
msdl: {\it calculated by \PHITS  3.36}
wt: s(0.7)
\vspace{-3}
   vol  &=&   2.8800E+07 [cm^3]
  xmin  &=&  -6.0000E+02 [cm]
  xmax  &=&   6.0000E+02 [cm]
  ymin  &=&  -6.0000E+02 [cm]
  ymax  &=&   6.0000E+02 [cm]
  zmin  &=&  -4.8000E+02 [cm]
  zmax  &=&  -4.6000E+02 [cm]
e:

#------------------------------------------------------------------------------
 newpage:
#   no. = 13   ix  =  1   iy  =  1   iz  = 13
#   x = (  -6.0000E+02  -   6.0000E+02  )
#   y = (  -6.0000E+02  -   6.0000E+02  )
#   z = (  -4.6000E+02  -  -4.4000E+02  )

x: Energy [MeV/n]
y: Flux [1/cm^2/source]              
p: xlog ylog afac(0.8) form(0.9)
h: n            x            y(neutron ),hh0l n y(muon-   ),hh0dr n y(muon+   ),hh0ub n y(proton  ),hh0mg n 
#  e-lower      e-upper        neutron   r.err      muon-     r.err      muon+     r.err      proton    r.err 
   1.0000E-10   1.7783E-10   0.0000E+00  0.0000   0.0000E+00  0.0000   0.0000E+00  0.0000   0.0000E+00  0.0000
   1.7783E-10   3.1623E-10   0.0000E+00  0.0000   0.0000E+00  0.0000   0.0000E+00  0.0000   0.0000E+00  0.0000
   3.1623E-10   5.6234E-10   0.0000E+00  0.0000   0.0000E+00  0.0000   0.0000E+00  0.0000   0.0000E+00  0.0000
   5.6234E-10   1.0000E-09   0.0000E+00  0.0000   0.0000E+00  0.0000   0.0000E+00  0.0000   0.0000E+00  0.0000
   1.0000E-09   1.7783E-09   6.3141E-07  1.0000   0.0000E+00  0.0000   0.0000E+00  0.0000   0.0000E+00  0.0000
   1.7783E-09   3.1623E-09   2.6252E-06  1.0000   0.0000E+00  0.0000   0.0000E+00  0.0000   0.0000E+00  0.0000
   3.1623E-09   5.6234E-09   8.0228E-06  1.0000   0.0000E+00  0.0000   0.0000E+00  0.0000   0.0000E+00  0.0000
   5.6234E-09   1.0000E-08   2.4079E-05  0.7130   0.0000E+00  0.0000   0.0000E+00  0.0000   0.0000E+00  0.0000
   1.0000E-08   1.7783E-08   5.9439E-05  0.7130   0.0000E+00  0.0000   0.0000E+00  0.0000   0.0000E+00  0.0000
   1.7783E-08   3.1623E-08   1.1080E-04  0.7196   0.0000E+00  0.0000   0.0000E+00  0.0000   0.0000E+00  0.0000
   3.1623E-08   5.6234E-08   1.5503E-04  0.7432   0.0000E+00  0.0000   0.0000E+00  0.0000   0.0000E+00  0.0000
   5.6234E-08   1.0000E-07   1.3225E-04  0.7431   0.0000E+00  0.0000   0.0000E+00  0.0000   0.0000E+00  0.0000
   1.0000E-07   1.7783E-07   7.3879E-05  0.8358   0.0000E+00  0.0000   0.0000E+00  0.0000   0.0000E+00  0.0000
   1.7783E-07   3.1623E-07   9.8173E-06  1.0000   0.0000E+00  0.0000   0.0000E+00  0.0000   0.0000E+00  0.0000
   3.1623E-07   5.6234E-07   7.5815E-06  1.0000   0.0000E+00  0.0000   0.0000E+00  0.0000   0.0000E+00  0.0000
   5.6234E-07   1.0000E-06   0.0000E+00  0.0000   0.0000E+00  0.0000   0.0000E+00  0.0000   0.0000E+00  0.0000
   1.0000E-06   1.7783E-06   0.0000E+00  0.0000   0.0000E+00  0.0000   0.0000E+00  0.0000   0.0000E+00  0.0000
   1.7783E-06   3.1623E-06   0.0000E+00  0.0000   0.0000E+00  0.0000   0.0000E+00  0.0000   0.0000E+00  0.0000
   3.1623E-06   5.6234E-06   2.1205E-07  1.0000   0.0000E+00  0.0000   0.0000E+00  0.0000   0.0000E+00  0.0000
   5.6234E-06   1.0000E-05   6.2922E-06  1.0000   0.0000E+00  0.0000   0.0000E+00  0.0000   0.0000E+00  0.0000
   1.0000E-05   1.7783E-05   0.0000E+00  0.0000   0.0000E+00  0.0000   0.0000E+00  0.0000   0.0000E+00  0.0000
   1.7783E-05   3.1623E-05   0.0000E+00  0.0000   0.0000E+00  0.0000   0.0000E+00  0.0000   0.0000E+00  0.0000
   3.1623E-05   5.6234E-05   0.0000E+00  0.0000   0.0000E+00  0.0000   0.0000E+00  0.0000   0.0000E+00  0.0000
   5.6234E-05   1.0000E-04   8.4111E-07  1.0000   0.0000E+00  0.0000   0.0000E+00  0.0000   0.0000E+00  0.0000
   1.0000E-04   1.7783E-04   0.0000E+00  0.0000   0.0000E+00  0.0000   0.0000E+00  0.0000   0.0000E+00  0.0000
   1.7783E-04   3.1623E-04   0.0000E+00  0.0000   0.0000E+00  0.0000   0.0000E+00  0.0000   0.0000E+00  0.0000
   3.1623E-04   5.6234E-04   0.0000E+00  0.0000   0.0000E+00  0.0000   0.0000E+00  0.0000   0.0000E+00  0.0000
   5.6234E-04   1.0000E-03   1.2555E-06  1.0000   0.0000E+00  0.0000   0.0000E+00  0.0000   1.3793E-20  1.0000
   1.0000E-03   1.7783E-03   0.0000E+00  0.0000   8.3040E-12  1.0000   0.0000E+00  0.0000   5.9980E-12  1.0000
   1.7783E-03   3.1623E-03   0.0000E+00  0.0000   4.0570E-12  1.0000   0.0000E+00  0.0000   9.6861E-12  1.0000
   3.1623E-03   5.6234E-03   0.0000E+00  0.0000   5.9939E-12  1.0000   0.0000E+00  0.0000   1.4622E-11  1.0000
   5.6234E-03   1.0000E-02   8.7341E-07  1.0000   9.6133E-12  1.0000   0.0000E+00  0.0000   2.0177E-11  1.0000
   1.0000E-02   1.7783E-02   0.0000E+00  0.0000   1.7238E-11  1.0000   0.0000E+00  0.0000   2.7062E-11  1.0000
   1.7783E-02   3.1623E-02   0.0000E+00  0.0000   3.5587E-11  1.0000   0.0000E+00  0.0000   3.8771E-11  1.0000
   3.1623E-02   5.6234E-02   0.0000E+00  0.0000   8.3139E-11  1.0000   0.0000E+00  0.0000   5.8180E-11  1.0000
   5.6234E-02   1.0000E-01   1.6024E-05  1.0000   2.0831E-10  1.0000   0.0000E+00  0.0000   9.5174E-11  1.0000
   1.0000E-01   1.7783E-01   5.5493E-07  1.0000   5.3471E-10  1.0000   0.0000E+00  0.0000   1.7562E-10  1.0000
   1.7783E-01   3.1623E-01   4.5846E-07  1.0000   1.3987E-09  1.0000   0.0000E+00  0.0000   3.7312E-10  1.0000
   3.1623E-01   5.6234E-01   5.1872E-05  1.0000   3.7491E-09  1.0000   0.0000E+00  0.0000   8.8901E-10  1.0000
   5.6234E-01   1.0000E+00   1.0566E-04  1.0000   1.0283E-08  1.0000   0.0000E+00  0.0000   2.2441E-09  1.0000
   1.0000E+00   1.7783E+00   8.2595E-05  1.0000   2.8794E-08  1.0000   0.0000E+00  0.0000   5.7803E-09  1.0000
   1.7783E+00   3.1623E+00   1.8630E-05  1.0000   8.1902E-08  1.0000   0.0000E+00  0.0000   1.5193E-08  1.0000
   3.1623E+00   5.6234E+00   0.0000E+00  0.0000   2.3146E-07  1.0000   0.0000E+00  0.0000   4.1372E-09  1.0000
   5.6234E+00   1.0000E+01   0.0000E+00  0.0000   6.4479E-07  1.0000   0.0000E+00  0.0000   0.0000E+00  0.0000
   1.0000E+01   1.7783E+01   0.0000E+00  0.0000   1.7556E-06  1.0000   0.0000E+00  0.0000   0.0000E+00  0.0000
   1.7783E+01   3.1623E+01   0.0000E+00  0.0000   4.5834E-06  1.0000   0.0000E+00  0.0000   0.0000E+00  0.0000
   3.1623E+01   5.6234E+01   0.0000E+00  0.0000   1.1205E-05  1.0000   0.0000E+00  0.0000   0.0000E+00  0.0000
   5.6234E+01   1.0000E+02   0.0000E+00  0.0000   6.1706E-07  1.0000   0.0000E+00  0.0000   0.0000E+00  0.0000
   1.0000E+02   1.7783E+02   0.0000E+00  0.0000   6.9445E-05  1.0000   0.0000E+00  0.0000   0.0000E+00  0.0000
   1.7783E+02   3.1623E+02   0.0000E+00  0.0000   1.9102E-04  0.5326   0.0000E+00  0.0000   0.0000E+00  0.0000
   3.1623E+02   5.6234E+02   0.0000E+00  0.0000   3.8447E-04  0.3783   0.0000E+00  0.0000   0.0000E+00  0.0000
   5.6234E+02   1.0000E+03   0.0000E+00  0.0000   6.3127E-04  0.3262   0.0000E+00  0.0000   0.0000E+00  0.0000
   1.0000E+03   1.7783E+03   0.0000E+00  0.0000   5.2211E-04  0.3823   0.0000E+00  0.0000   0.0000E+00  0.0000
   1.7783E+03   3.1623E+03   0.0000E+00  0.0000   6.5367E-04  0.3199   0.0000E+00  0.0000   0.0000E+00  0.0000
   3.1623E+03   5.6234E+03   0.0000E+00  0.0000   4.0066E-04  0.3863   0.0000E+00  0.0000   0.0000E+00  0.0000
   5.6234E+03   1.0000E+04   0.0000E+00  0.0000   7.1308E-04  0.3095   0.0000E+00  0.0000   0.0000E+00  0.0000
   1.0000E+04   1.7783E+04   0.0000E+00  0.0000   3.6537E-04  0.4091   0.0000E+00  0.0000   0.0000E+00  0.0000
   1.7783E+04   3.1623E+04   0.0000E+00  0.0000   1.1348E-04  0.7067   0.0000E+00  0.0000   0.0000E+00  0.0000
   3.1623E+04   5.6234E+04   0.0000E+00  0.0000   6.0975E-05  1.0000   0.0000E+00  0.0000   0.0000E+00  0.0000
   5.6234E+04   1.0000E+05   0.0000E+00  0.0000   0.0000E+00  0.0000   0.0000E+00  0.0000   0.0000E+00  0.0000

#   sum over                 8.6942E-04  0.8037   4.1247E-03  0.1256   0.0000E+00  0.0000   2.9062E-08  1.0000

'no. = 13, (ix,iy,iz) = (  1,  1, 13)'
msuc: {\huge Flux spectra vs depth in concrete}
msdr: {\it plotted by \ANGEL \version}
msdl: {\it calculated by \PHITS  3.36}
wt: s(0.7)
\vspace{-3}
   vol  &=&   2.8800E+07 [cm^3]
  xmin  &=&  -6.0000E+02 [cm]
  xmax  &=&   6.0000E+02 [cm]
  ymin  &=&  -6.0000E+02 [cm]
  ymax  &=&   6.0000E+02 [cm]
  zmin  &=&  -4.6000E+02 [cm]
  zmax  &=&  -4.4000E+02 [cm]
e:

#------------------------------------------------------------------------------
 newpage:
#   no. = 14   ix  =  1   iy  =  1   iz  = 14
#   x = (  -6.0000E+02  -   6.0000E+02  )
#   y = (  -6.0000E+02  -   6.0000E+02  )
#   z = (  -4.4000E+02  -  -4.2000E+02  )

x: Energy [MeV/n]
y: Flux [1/cm^2/source]              
p: xlog ylog afac(0.8) form(0.9)
h: n            x            y(neutron ),hh0l n y(muon-   ),hh0dr n y(muon+   ),hh0ub n y(proton  ),hh0mg n 
#  e-lower      e-upper        neutron   r.err      muon-     r.err      muon+     r.err      proton    r.err 
   1.0000E-10   1.7783E-10   0.0000E+00  0.0000   0.0000E+00  0.0000   0.0000E+00  0.0000   0.0000E+00  0.0000
   1.7783E-10   3.1623E-10   0.0000E+00  0.0000   0.0000E+00  0.0000   0.0000E+00  0.0000   0.0000E+00  0.0000
   3.1623E-10   5.6234E-10   0.0000E+00  0.0000   0.0000E+00  0.0000   0.0000E+00  0.0000   0.0000E+00  0.0000
   5.6234E-10   1.0000E-09   0.0000E+00  0.0000   0.0000E+00  0.0000   0.0000E+00  0.0000   0.0000E+00  0.0000
   1.0000E-09   1.7783E-09   0.0000E+00  0.0000   0.0000E+00  0.0000   0.0000E+00  0.0000   0.0000E+00  0.0000
   1.7783E-09   3.1623E-09   0.0000E+00  0.0000   0.0000E+00  0.0000   0.0000E+00  0.0000   0.0000E+00  0.0000
   3.1623E-09   5.6234E-09   0.0000E+00  0.0000   0.0000E+00  0.0000   0.0000E+00  0.0000   0.0000E+00  0.0000
   5.6234E-09   1.0000E-08   9.9677E-07  1.0000   0.0000E+00  0.0000   0.0000E+00  0.0000   0.0000E+00  0.0000
   1.0000E-08   1.7783E-08   8.5709E-06  1.0000   0.0000E+00  0.0000   0.0000E+00  0.0000   0.0000E+00  0.0000
   1.7783E-08   3.1623E-08   1.1146E-05  1.0000   0.0000E+00  0.0000   0.0000E+00  0.0000   0.0000E+00  0.0000
   3.1623E-08   5.6234E-08   3.6693E-05  1.0000   0.0000E+00  0.0000   0.0000E+00  0.0000   0.0000E+00  0.0000
   5.6234E-08   1.0000E-07   2.9620E-05  0.9108   0.0000E+00  0.0000   0.0000E+00  0.0000   0.0000E+00  0.0000
   1.0000E-07   1.7783E-07   1.4790E-05  0.8033   0.0000E+00  0.0000   0.0000E+00  0.0000   0.0000E+00  0.0000
   1.7783E-07   3.1623E-07   0.0000E+00  0.0000   0.0000E+00  0.0000   0.0000E+00  0.0000   0.0000E+00  0.0000
   3.1623E-07   5.6234E-07   0.0000E+00  0.0000   0.0000E+00  0.0000   0.0000E+00  0.0000   0.0000E+00  0.0000
   5.6234E-07   1.0000E-06   0.0000E+00  0.0000   0.0000E+00  0.0000   0.0000E+00  0.0000   0.0000E+00  0.0000
   1.0000E-06   1.7783E-06   1.8686E-05  1.0000   0.0000E+00  0.0000   0.0000E+00  0.0000   0.0000E+00  0.0000
   1.7783E-06   3.1623E-06   5.3706E-06  1.0000   0.0000E+00  0.0000   0.0000E+00  0.0000   0.0000E+00  0.0000
   3.1623E-06   5.6234E-06   0.0000E+00  0.0000   0.0000E+00  0.0000   0.0000E+00  0.0000   0.0000E+00  0.0000
   5.6234E-06   1.0000E-05   0.0000E+00  0.0000   0.0000E+00  0.0000   0.0000E+00  0.0000   0.0000E+00  0.0000
   1.0000E-05   1.7783E-05   1.1635E-05  1.0000   0.0000E+00  0.0000   0.0000E+00  0.0000   0.0000E+00  0.0000
   1.7783E-05   3.1623E-05   4.3806E-06  1.0000   0.0000E+00  0.0000   0.0000E+00  0.0000   0.0000E+00  0.0000
   3.1623E-05   5.6234E-05   0.0000E+00  0.0000   0.0000E+00  0.0000   0.0000E+00  0.0000   0.0000E+00  0.0000
   5.6234E-05   1.0000E-04   1.0100E-05  1.0000   0.0000E+00  0.0000   0.0000E+00  0.0000   0.0000E+00  0.0000
   1.0000E-04   1.7783E-04   4.2022E-06  1.0000   0.0000E+00  0.0000   0.0000E+00  0.0000   0.0000E+00  0.0000
   1.7783E-04   3.1623E-04   0.0000E+00  0.0000   0.0000E+00  0.0000   0.0000E+00  0.0000   0.0000E+00  0.0000
   3.1623E-04   5.6234E-04   0.0000E+00  0.0000   0.0000E+00  0.0000   0.0000E+00  0.0000   0.0000E+00  0.0000
   5.6234E-04   1.0000E-03   0.0000E+00  0.0000   0.0000E+00  0.0000   0.0000E+00  0.0000   0.0000E+00  0.0000
   1.0000E-03   1.7783E-03   0.0000E+00  0.0000   7.9727E-12  1.0000   0.0000E+00  0.0000   0.0000E+00  0.0000
   1.7783E-03   3.1623E-03   0.0000E+00  0.0000   4.0570E-12  1.0000   0.0000E+00  0.0000   0.0000E+00  0.0000
   3.1623E-03   5.6234E-03   3.1903E-06  1.0000   5.9939E-12  1.0000   0.0000E+00  0.0000   0.0000E+00  0.0000
   5.6234E-03   1.0000E-02   1.5117E-05  1.0000   9.6133E-12  1.0000   0.0000E+00  0.0000   0.0000E+00  0.0000
   1.0000E-02   1.7783E-02   0.0000E+00  0.0000   1.7238E-11  1.0000   0.0000E+00  0.0000   0.0000E+00  0.0000
   1.7783E-02   3.1623E-02   5.7116E-06  1.0000   3.5587E-11  1.0000   0.0000E+00  0.0000   0.0000E+00  0.0000
   3.1623E-02   5.6234E-02   0.0000E+00  0.0000   8.3139E-11  1.0000   0.0000E+00  0.0000   0.0000E+00  0.0000
   5.6234E-02   1.0000E-01   0.0000E+00  0.0000   2.0831E-10  1.0000   0.0000E+00  0.0000   0.0000E+00  0.0000
   1.0000E-01   1.7783E-01   0.0000E+00  0.0000   5.3471E-10  1.0000   0.0000E+00  0.0000   0.0000E+00  0.0000
   1.7783E-01   3.1623E-01   2.9273E-05  1.0000   1.3987E-09  1.0000   0.0000E+00  0.0000   0.0000E+00  0.0000
   3.1623E-01   5.6234E-01   2.6077E-05  1.0000   3.7491E-09  1.0000   0.0000E+00  0.0000   0.0000E+00  0.0000
   5.6234E-01   1.0000E+00   0.0000E+00  0.0000   1.0283E-08  1.0000   0.0000E+00  0.0000   0.0000E+00  0.0000
   1.0000E+00   1.7783E+00   8.1586E-06  1.0000   2.8794E-08  1.0000   0.0000E+00  0.0000   0.0000E+00  0.0000
   1.7783E+00   3.1623E+00   6.8004E-06  1.0000   8.1902E-08  1.0000   0.0000E+00  0.0000   0.0000E+00  0.0000
   3.1623E+00   5.6234E+00   0.0000E+00  0.0000   2.3146E-07  1.0000   0.0000E+00  0.0000   0.0000E+00  0.0000
   5.6234E+00   1.0000E+01   0.0000E+00  0.0000   6.4479E-07  1.0000   0.0000E+00  0.0000   0.0000E+00  0.0000
   1.0000E+01   1.7783E+01   0.0000E+00  0.0000   1.7556E-06  1.0000   0.0000E+00  0.0000   0.0000E+00  0.0000
   1.7783E+01   3.1623E+01   0.0000E+00  0.0000   4.5834E-06  1.0000   0.0000E+00  0.0000   0.0000E+00  0.0000
   3.1623E+01   5.6234E+01   0.0000E+00  0.0000   1.1205E-05  1.0000   0.0000E+00  0.0000   0.0000E+00  0.0000
   5.6234E+01   1.0000E+02   0.0000E+00  0.0000   4.9551E-05  0.7067   0.0000E+00  0.0000   0.0000E+00  0.0000
   1.0000E+02   1.7783E+02   0.0000E+00  0.0000   1.1098E-04  0.7099   0.0000E+00  0.0000   0.0000E+00  0.0000
   1.7783E+02   3.1623E+02   0.0000E+00  0.0000   1.1130E-04  0.7609   0.0000E+00  0.0000   0.0000E+00  0.0000
   3.1623E+02   5.6234E+02   0.0000E+00  0.0000   2.3989E-04  0.4767   0.0000E+00  0.0000   0.0000E+00  0.0000
   5.6234E+02   1.0000E+03   0.0000E+00  0.0000   6.8844E-04  0.3147   0.0000E+00  0.0000   0.0000E+00  0.0000
   1.0000E+03   1.7783E+03   0.0000E+00  0.0000   6.3533E-04  0.3437   0.0000E+00  0.0000   0.0000E+00  0.0000
   1.7783E+03   3.1623E+03   0.0000E+00  0.0000   7.8002E-04  0.3032   0.0000E+00  0.0000   0.0000E+00  0.0000
   3.1623E+03   5.6234E+03   0.0000E+00  0.0000   3.8382E-04  0.4078   0.0000E+00  0.0000   0.0000E+00  0.0000
   5.6234E+03   1.0000E+04   0.0000E+00  0.0000   7.2870E-04  0.3071   0.0000E+00  0.0000   0.0000E+00  0.0000
   1.0000E+04   1.7783E+04   0.0000E+00  0.0000   3.6429E-04  0.3938   0.0000E+00  0.0000   0.0000E+00  0.0000
   1.7783E+04   3.1623E+04   0.0000E+00  0.0000   1.1348E-04  0.7067   0.0000E+00  0.0000   0.0000E+00  0.0000
   3.1623E+04   5.6234E+04   0.0000E+00  0.0000   6.0975E-05  1.0000   0.0000E+00  0.0000   0.0000E+00  0.0000
   5.6234E+04   1.0000E+05   0.0000E+00  0.0000   0.0000E+00  0.0000   0.0000E+00  0.0000   0.0000E+00  0.0000

#   sum over                 2.5052E-04  0.7304   4.2853E-03  0.1233   0.0000E+00  0.0000   0.0000E+00  0.0000

'no. = 14, (ix,iy,iz) = (  1,  1, 14)'
msuc: {\huge Flux spectra vs depth in concrete}
msdr: {\it plotted by \ANGEL \version}
msdl: {\it calculated by \PHITS  3.36}
wt: s(0.7)
\vspace{-3}
   vol  &=&   2.8800E+07 [cm^3]
  xmin  &=&  -6.0000E+02 [cm]
  xmax  &=&   6.0000E+02 [cm]
  ymin  &=&  -6.0000E+02 [cm]
  ymax  &=&   6.0000E+02 [cm]
  zmin  &=&  -4.4000E+02 [cm]
  zmax  &=&  -4.2000E+02 [cm]
e:

#------------------------------------------------------------------------------
 newpage:
#   no. = 15   ix  =  1   iy  =  1   iz  = 15
#   x = (  -6.0000E+02  -   6.0000E+02  )
#   y = (  -6.0000E+02  -   6.0000E+02  )
#   z = (  -4.2000E+02  -  -4.0000E+02  )

x: Energy [MeV/n]
y: Flux [1/cm^2/source]              
p: xlog ylog afac(0.8) form(0.9)
h: n            x            y(neutron ),hh0l n y(muon-   ),hh0dr n y(muon+   ),hh0ub n y(proton  ),hh0mg n 
#  e-lower      e-upper        neutron   r.err      muon-     r.err      muon+     r.err      proton    r.err 
   1.0000E-10   1.7783E-10   0.0000E+00  0.0000   0.0000E+00  0.0000   0.0000E+00  0.0000   0.0000E+00  0.0000
   1.7783E-10   3.1623E-10   0.0000E+00  0.0000   0.0000E+00  0.0000   0.0000E+00  0.0000   0.0000E+00  0.0000
   3.1623E-10   5.6234E-10   0.0000E+00  0.0000   0.0000E+00  0.0000   0.0000E+00  0.0000   0.0000E+00  0.0000
   5.6234E-10   1.0000E-09   0.0000E+00  0.0000   0.0000E+00  0.0000   0.0000E+00  0.0000   0.0000E+00  0.0000
   1.0000E-09   1.7783E-09   0.0000E+00  0.0000   0.0000E+00  0.0000   0.0000E+00  0.0000   0.0000E+00  0.0000
   1.7783E-09   3.1623E-09   0.0000E+00  0.0000   0.0000E+00  0.0000   0.0000E+00  0.0000   0.0000E+00  0.0000
   3.1623E-09   5.6234E-09   0.0000E+00  0.0000   0.0000E+00  0.0000   0.0000E+00  0.0000   0.0000E+00  0.0000
   5.6234E-09   1.0000E-08   0.0000E+00  0.0000   0.0000E+00  0.0000   0.0000E+00  0.0000   0.0000E+00  0.0000
   1.0000E-08   1.7783E-08   0.0000E+00  0.0000   0.0000E+00  0.0000   0.0000E+00  0.0000   0.0000E+00  0.0000
   1.7783E-08   3.1623E-08   0.0000E+00  0.0000   0.0000E+00  0.0000   0.0000E+00  0.0000   0.0000E+00  0.0000
   3.1623E-08   5.6234E-08   0.0000E+00  0.0000   0.0000E+00  0.0000   0.0000E+00  0.0000   0.0000E+00  0.0000
   5.6234E-08   1.0000E-07   0.0000E+00  0.0000   0.0000E+00  0.0000   0.0000E+00  0.0000   0.0000E+00  0.0000
   1.0000E-07   1.7783E-07   0.0000E+00  0.0000   0.0000E+00  0.0000   0.0000E+00  0.0000   0.0000E+00  0.0000
   1.7783E-07   3.1623E-07   0.0000E+00  0.0000   0.0000E+00  0.0000   0.0000E+00  0.0000   0.0000E+00  0.0000
   3.1623E-07   5.6234E-07   0.0000E+00  0.0000   0.0000E+00  0.0000   0.0000E+00  0.0000   0.0000E+00  0.0000
   5.6234E-07   1.0000E-06   0.0000E+00  0.0000   0.0000E+00  0.0000   0.0000E+00  0.0000   0.0000E+00  0.0000
   1.0000E-06   1.7783E-06   0.0000E+00  0.0000   0.0000E+00  0.0000   0.0000E+00  0.0000   0.0000E+00  0.0000
   1.7783E-06   3.1623E-06   0.0000E+00  0.0000   0.0000E+00  0.0000   0.0000E+00  0.0000   0.0000E+00  0.0000
   3.1623E-06   5.6234E-06   0.0000E+00  0.0000   0.0000E+00  0.0000   0.0000E+00  0.0000   0.0000E+00  0.0000
   5.6234E-06   1.0000E-05   0.0000E+00  0.0000   0.0000E+00  0.0000   0.0000E+00  0.0000   0.0000E+00  0.0000
   1.0000E-05   1.7783E-05   0.0000E+00  0.0000   0.0000E+00  0.0000   0.0000E+00  0.0000   0.0000E+00  0.0000
   1.7783E-05   3.1623E-05   0.0000E+00  0.0000   0.0000E+00  0.0000   0.0000E+00  0.0000   0.0000E+00  0.0000
   3.1623E-05   5.6234E-05   0.0000E+00  0.0000   0.0000E+00  0.0000   0.0000E+00  0.0000   0.0000E+00  0.0000
   5.6234E-05   1.0000E-04   0.0000E+00  0.0000   0.0000E+00  0.0000   0.0000E+00  0.0000   0.0000E+00  0.0000
   1.0000E-04   1.7783E-04   0.0000E+00  0.0000   0.0000E+00  0.0000   0.0000E+00  0.0000   0.0000E+00  0.0000
   1.7783E-04   3.1623E-04   0.0000E+00  0.0000   0.0000E+00  0.0000   0.0000E+00  0.0000   0.0000E+00  0.0000
   3.1623E-04   5.6234E-04   0.0000E+00  0.0000   0.0000E+00  0.0000   0.0000E+00  0.0000   0.0000E+00  0.0000
   5.6234E-04   1.0000E-03   0.0000E+00  0.0000   0.0000E+00  0.0000   0.0000E+00  0.0000   0.0000E+00  0.0000
   1.0000E-03   1.7783E-03   0.0000E+00  0.0000   0.0000E+00  0.0000   0.0000E+00  0.0000   0.0000E+00  0.0000
   1.7783E-03   3.1623E-03   0.0000E+00  0.0000   0.0000E+00  0.0000   0.0000E+00  0.0000   0.0000E+00  0.0000
   3.1623E-03   5.6234E-03   0.0000E+00  0.0000   0.0000E+00  0.0000   0.0000E+00  0.0000   0.0000E+00  0.0000
   5.6234E-03   1.0000E-02   0.0000E+00  0.0000   0.0000E+00  0.0000   0.0000E+00  0.0000   0.0000E+00  0.0000
   1.0000E-02   1.7783E-02   0.0000E+00  0.0000   0.0000E+00  0.0000   0.0000E+00  0.0000   0.0000E+00  0.0000
   1.7783E-02   3.1623E-02   0.0000E+00  0.0000   0.0000E+00  0.0000   0.0000E+00  0.0000   0.0000E+00  0.0000
   3.1623E-02   5.6234E-02   0.0000E+00  0.0000   0.0000E+00  0.0000   0.0000E+00  0.0000   0.0000E+00  0.0000
   5.6234E-02   1.0000E-01   0.0000E+00  0.0000   0.0000E+00  0.0000   0.0000E+00  0.0000   0.0000E+00  0.0000
   1.0000E-01   1.7783E-01   0.0000E+00  0.0000   0.0000E+00  0.0000   0.0000E+00  0.0000   0.0000E+00  0.0000
   1.7783E-01   3.1623E-01   0.0000E+00  0.0000   0.0000E+00  0.0000   0.0000E+00  0.0000   0.0000E+00  0.0000
   3.1623E-01   5.6234E-01   0.0000E+00  0.0000   0.0000E+00  0.0000   0.0000E+00  0.0000   0.0000E+00  0.0000
   5.6234E-01   1.0000E+00   0.0000E+00  0.0000   0.0000E+00  0.0000   0.0000E+00  0.0000   0.0000E+00  0.0000
   1.0000E+00   1.7783E+00   0.0000E+00  0.0000   0.0000E+00  0.0000   0.0000E+00  0.0000   0.0000E+00  0.0000
   1.7783E+00   3.1623E+00   0.0000E+00  0.0000   0.0000E+00  0.0000   0.0000E+00  0.0000   0.0000E+00  0.0000
   3.1623E+00   5.6234E+00   0.0000E+00  0.0000   0.0000E+00  0.0000   0.0000E+00  0.0000   0.0000E+00  0.0000
   5.6234E+00   1.0000E+01   0.0000E+00  0.0000   0.0000E+00  0.0000   0.0000E+00  0.0000   0.0000E+00  0.0000
   1.0000E+01   1.7783E+01   0.0000E+00  0.0000   0.0000E+00  0.0000   0.0000E+00  0.0000   0.0000E+00  0.0000
   1.7783E+01   3.1623E+01   0.0000E+00  0.0000   0.0000E+00  0.0000   0.0000E+00  0.0000   0.0000E+00  0.0000
   3.1623E+01   5.6234E+01   0.0000E+00  0.0000   0.0000E+00  0.0000   0.0000E+00  0.0000   0.0000E+00  0.0000
   5.6234E+01   1.0000E+02   0.0000E+00  0.0000   0.0000E+00  0.0000   0.0000E+00  0.0000   0.0000E+00  0.0000
   1.0000E+02   1.7783E+02   0.0000E+00  0.0000   9.6560E-05  0.6262   0.0000E+00  0.0000   0.0000E+00  0.0000
   1.7783E+02   3.1623E+02   0.0000E+00  0.0000   1.8246E-04  0.5472   0.0000E+00  0.0000   0.0000E+00  0.0000
   3.1623E+02   5.6234E+02   0.0000E+00  0.0000   2.0510E-04  0.5015   0.0000E+00  0.0000   0.0000E+00  0.0000
   5.6234E+02   1.0000E+03   0.0000E+00  0.0000   5.4262E-04  0.3283   0.0000E+00  0.0000   0.0000E+00  0.0000
   1.0000E+03   1.7783E+03   0.0000E+00  0.0000   7.8105E-04  0.3155   0.0000E+00  0.0000   0.0000E+00  0.0000
   1.7783E+03   3.1623E+03   0.0000E+00  0.0000   8.2245E-04  0.2951   0.0000E+00  0.0000   0.0000E+00  0.0000
   3.1623E+03   5.6234E+03   0.0000E+00  0.0000   3.8382E-04  0.4078   0.0000E+00  0.0000   0.0000E+00  0.0000
   5.6234E+03   1.0000E+04   0.0000E+00  0.0000   6.8469E-04  0.3207   0.0000E+00  0.0000   0.0000E+00  0.0000
   1.0000E+04   1.7783E+04   0.0000E+00  0.0000   3.5162E-04  0.4078   0.0000E+00  0.0000   0.0000E+00  0.0000
   1.7783E+04   3.1623E+04   0.0000E+00  0.0000   1.1348E-04  0.7067   0.0000E+00  0.0000   0.0000E+00  0.0000
   3.1623E+04   5.6234E+04   0.0000E+00  0.0000   6.0975E-05  1.0000   0.0000E+00  0.0000   0.0000E+00  0.0000
   5.6234E+04   1.0000E+05   0.0000E+00  0.0000   0.0000E+00  0.0000   0.0000E+00  0.0000   0.0000E+00  0.0000

#   sum over                 0.0000E+00  0.0000   4.2248E-03  0.1249   0.0000E+00  0.0000   0.0000E+00  0.0000

'no. = 15, (ix,iy,iz) = (  1,  1, 15)'
msuc: {\huge Flux spectra vs depth in concrete}
msdr: {\it plotted by \ANGEL \version}
msdl: {\it calculated by \PHITS  3.36}
wt: s(0.7)
\vspace{-3}
   vol  &=&   2.8800E+07 [cm^3]
  xmin  &=&  -6.0000E+02 [cm]
  xmax  &=&   6.0000E+02 [cm]
  ymin  &=&  -6.0000E+02 [cm]
  ymax  &=&   6.0000E+02 [cm]
  zmin  &=&  -4.2000E+02 [cm]
  zmax  &=&  -4.0000E+02 [cm]
e:

#------------------------------------------------------------------------------
 newpage:
#   no. = 16   ix  =  1   iy  =  1   iz  = 16
#   x = (  -6.0000E+02  -   6.0000E+02  )
#   y = (  -6.0000E+02  -   6.0000E+02  )
#   z = (  -4.0000E+02  -  -3.8000E+02  )

x: Energy [MeV/n]
y: Flux [1/cm^2/source]              
p: xlog ylog afac(0.8) form(0.9)
h: n            x            y(neutron ),hh0l n y(muon-   ),hh0dr n y(muon+   ),hh0ub n y(proton  ),hh0mg n 
#  e-lower      e-upper        neutron   r.err      muon-     r.err      muon+     r.err      proton    r.err 
   1.0000E-10   1.7783E-10   0.0000E+00  0.0000   0.0000E+00  0.0000   0.0000E+00  0.0000   0.0000E+00  0.0000
   1.7783E-10   3.1623E-10   0.0000E+00  0.0000   0.0000E+00  0.0000   0.0000E+00  0.0000   0.0000E+00  0.0000
   3.1623E-10   5.6234E-10   0.0000E+00  0.0000   0.0000E+00  0.0000   0.0000E+00  0.0000   0.0000E+00  0.0000
   5.6234E-10   1.0000E-09   0.0000E+00  0.0000   0.0000E+00  0.0000   0.0000E+00  0.0000   0.0000E+00  0.0000
   1.0000E-09   1.7783E-09   0.0000E+00  0.0000   0.0000E+00  0.0000   0.0000E+00  0.0000   0.0000E+00  0.0000
   1.7783E-09   3.1623E-09   0.0000E+00  0.0000   0.0000E+00  0.0000   0.0000E+00  0.0000   0.0000E+00  0.0000
   3.1623E-09   5.6234E-09   0.0000E+00  0.0000   0.0000E+00  0.0000   0.0000E+00  0.0000   0.0000E+00  0.0000
   5.6234E-09   1.0000E-08   0.0000E+00  0.0000   0.0000E+00  0.0000   0.0000E+00  0.0000   0.0000E+00  0.0000
   1.0000E-08   1.7783E-08   0.0000E+00  0.0000   0.0000E+00  0.0000   0.0000E+00  0.0000   0.0000E+00  0.0000
   1.7783E-08   3.1623E-08   0.0000E+00  0.0000   0.0000E+00  0.0000   0.0000E+00  0.0000   0.0000E+00  0.0000
   3.1623E-08   5.6234E-08   0.0000E+00  0.0000   0.0000E+00  0.0000   0.0000E+00  0.0000   0.0000E+00  0.0000
   5.6234E-08   1.0000E-07   0.0000E+00  0.0000   0.0000E+00  0.0000   0.0000E+00  0.0000   0.0000E+00  0.0000
   1.0000E-07   1.7783E-07   0.0000E+00  0.0000   0.0000E+00  0.0000   0.0000E+00  0.0000   0.0000E+00  0.0000
   1.7783E-07   3.1623E-07   0.0000E+00  0.0000   0.0000E+00  0.0000   0.0000E+00  0.0000   0.0000E+00  0.0000
   3.1623E-07   5.6234E-07   0.0000E+00  0.0000   0.0000E+00  0.0000   0.0000E+00  0.0000   0.0000E+00  0.0000
   5.6234E-07   1.0000E-06   0.0000E+00  0.0000   0.0000E+00  0.0000   0.0000E+00  0.0000   0.0000E+00  0.0000
   1.0000E-06   1.7783E-06   0.0000E+00  0.0000   0.0000E+00  0.0000   0.0000E+00  0.0000   0.0000E+00  0.0000
   1.7783E-06   3.1623E-06   0.0000E+00  0.0000   0.0000E+00  0.0000   0.0000E+00  0.0000   0.0000E+00  0.0000
   3.1623E-06   5.6234E-06   0.0000E+00  0.0000   0.0000E+00  0.0000   0.0000E+00  0.0000   0.0000E+00  0.0000
   5.6234E-06   1.0000E-05   0.0000E+00  0.0000   0.0000E+00  0.0000   0.0000E+00  0.0000   0.0000E+00  0.0000
   1.0000E-05   1.7783E-05   0.0000E+00  0.0000   0.0000E+00  0.0000   0.0000E+00  0.0000   0.0000E+00  0.0000
   1.7783E-05   3.1623E-05   0.0000E+00  0.0000   0.0000E+00  0.0000   0.0000E+00  0.0000   0.0000E+00  0.0000
   3.1623E-05   5.6234E-05   0.0000E+00  0.0000   0.0000E+00  0.0000   0.0000E+00  0.0000   0.0000E+00  0.0000
   5.6234E-05   1.0000E-04   0.0000E+00  0.0000   0.0000E+00  0.0000   0.0000E+00  0.0000   0.0000E+00  0.0000
   1.0000E-04   1.7783E-04   0.0000E+00  0.0000   0.0000E+00  0.0000   0.0000E+00  0.0000   0.0000E+00  0.0000
   1.7783E-04   3.1623E-04   0.0000E+00  0.0000   0.0000E+00  0.0000   0.0000E+00  0.0000   0.0000E+00  0.0000
   3.1623E-04   5.6234E-04   0.0000E+00  0.0000   0.0000E+00  0.0000   0.0000E+00  0.0000   0.0000E+00  0.0000
   5.6234E-04   1.0000E-03   0.0000E+00  0.0000   0.0000E+00  0.0000   0.0000E+00  0.0000   0.0000E+00  0.0000
   1.0000E-03   1.7783E-03   0.0000E+00  0.0000   1.4078E-11  0.7148   0.0000E+00  0.0000   0.0000E+00  0.0000
   1.7783E-03   3.1623E-03   0.0000E+00  0.0000   8.1140E-12  0.7067   0.0000E+00  0.0000   0.0000E+00  0.0000
   3.1623E-03   5.6234E-03   0.0000E+00  0.0000   1.1988E-11  0.7067   0.0000E+00  0.0000   0.0000E+00  0.0000
   5.6234E-03   1.0000E-02   0.0000E+00  0.0000   1.9227E-11  0.7067   0.0000E+00  0.0000   0.0000E+00  0.0000
   1.0000E-02   1.7783E-02   0.0000E+00  0.0000   3.4475E-11  0.7067   0.0000E+00  0.0000   0.0000E+00  0.0000
   1.7783E-02   3.1623E-02   0.0000E+00  0.0000   7.1175E-11  0.7067   0.0000E+00  0.0000   0.0000E+00  0.0000
   3.1623E-02   5.6234E-02   0.0000E+00  0.0000   1.6628E-10  0.7067   0.0000E+00  0.0000   0.0000E+00  0.0000
   5.6234E-02   1.0000E-01   0.0000E+00  0.0000   4.1663E-10  0.7067   0.0000E+00  0.0000   0.0000E+00  0.0000
   1.0000E-01   1.7783E-01   0.0000E+00  0.0000   1.0694E-09  0.7067   0.0000E+00  0.0000   0.0000E+00  0.0000
   1.7783E-01   3.1623E-01   0.0000E+00  0.0000   2.7974E-09  0.7067   0.0000E+00  0.0000   0.0000E+00  0.0000
   3.1623E-01   5.6234E-01   0.0000E+00  0.0000   7.4983E-09  0.7067   0.0000E+00  0.0000   0.0000E+00  0.0000
   5.6234E-01   1.0000E+00   0.0000E+00  0.0000   2.0566E-08  0.7067   0.0000E+00  0.0000   0.0000E+00  0.0000
   1.0000E+00   1.7783E+00   0.0000E+00  0.0000   5.7587E-08  0.7067   0.0000E+00  0.0000   0.0000E+00  0.0000
   1.7783E+00   3.1623E+00   0.0000E+00  0.0000   1.6380E-07  0.7067   0.0000E+00  0.0000   0.0000E+00  0.0000
   3.1623E+00   5.6234E+00   0.0000E+00  0.0000   4.6293E-07  0.7067   0.0000E+00  0.0000   0.0000E+00  0.0000
   5.6234E+00   1.0000E+01   0.0000E+00  0.0000   1.2896E-06  0.7067   0.0000E+00  0.0000   0.0000E+00  0.0000
   1.0000E+01   1.7783E+01   0.0000E+00  0.0000   3.5112E-06  0.7067   0.0000E+00  0.0000   0.0000E+00  0.0000
   1.7783E+01   3.1623E+01   0.0000E+00  0.0000   9.1667E-06  0.7067   0.0000E+00  0.0000   0.0000E+00  0.0000
   3.1623E+01   5.6234E+01   0.0000E+00  0.0000   2.1531E-05  0.7073   0.0000E+00  0.0000   0.0000E+00  0.0000
   5.6234E+01   1.0000E+02   0.0000E+00  0.0000   2.5084E-05  1.0000   0.0000E+00  0.0000   0.0000E+00  0.0000
   1.0000E+02   1.7783E+02   0.0000E+00  0.0000   3.4733E-05  1.0000   0.0000E+00  0.0000   0.0000E+00  0.0000
   1.7783E+02   3.1623E+02   0.0000E+00  0.0000   2.3244E-04  0.5046   0.0000E+00  0.0000   0.0000E+00  0.0000
   3.1623E+02   5.6234E+02   0.0000E+00  0.0000   1.0354E-04  0.6176   0.0000E+00  0.0000   0.0000E+00  0.0000
   5.6234E+02   1.0000E+03   0.0000E+00  0.0000   6.0437E-04  0.3148   0.0000E+00  0.0000   0.0000E+00  0.0000
   1.0000E+03   1.7783E+03   0.0000E+00  0.0000   7.9021E-04  0.3253   0.0000E+00  0.0000   0.0000E+00  0.0000
   1.7783E+03   3.1623E+03   0.0000E+00  0.0000   7.8238E-04  0.2981   0.0000E+00  0.0000   0.0000E+00  0.0000
   3.1623E+03   5.6234E+03   0.0000E+00  0.0000   5.0051E-04  0.3437   0.0000E+00  0.0000   0.0000E+00  0.0000
   5.6234E+03   1.0000E+04   0.0000E+00  0.0000   6.5059E-04  0.3254   0.0000E+00  0.0000   0.0000E+00  0.0000
   1.0000E+04   1.7783E+04   0.0000E+00  0.0000   3.5789E-04  0.4008   0.0000E+00  0.0000   0.0000E+00  0.0000
   1.7783E+04   3.1623E+04   0.0000E+00  0.0000   1.2990E-04  0.6296   0.0000E+00  0.0000   0.0000E+00  0.0000
   3.1623E+04   5.6234E+04   0.0000E+00  0.0000   6.0975E-05  1.0000   0.0000E+00  0.0000   0.0000E+00  0.0000
   5.6234E+04   1.0000E+05   0.0000E+00  0.0000   0.0000E+00  0.0000   0.0000E+00  0.0000   0.0000E+00  0.0000

#   sum over                 0.0000E+00  0.0000   4.3088E-03  0.1231   0.0000E+00  0.0000   0.0000E+00  0.0000

'no. = 16, (ix,iy,iz) = (  1,  1, 16)'
msuc: {\huge Flux spectra vs depth in concrete}
msdr: {\it plotted by \ANGEL \version}
msdl: {\it calculated by \PHITS  3.36}
wt: s(0.7)
\vspace{-3}
   vol  &=&   2.8800E+07 [cm^3]
  xmin  &=&  -6.0000E+02 [cm]
  xmax  &=&   6.0000E+02 [cm]
  ymin  &=&  -6.0000E+02 [cm]
  ymax  &=&   6.0000E+02 [cm]
  zmin  &=&  -4.0000E+02 [cm]
  zmax  &=&  -3.8000E+02 [cm]
e:

#------------------------------------------------------------------------------
 newpage:
#   no. = 17   ix  =  1   iy  =  1   iz  = 17
#   x = (  -6.0000E+02  -   6.0000E+02  )
#   y = (  -6.0000E+02  -   6.0000E+02  )
#   z = (  -3.8000E+02  -  -3.6000E+02  )

x: Energy [MeV/n]
y: Flux [1/cm^2/source]              
p: xlog ylog afac(0.8) form(0.9)
h: n            x            y(neutron ),hh0l n y(muon-   ),hh0dr n y(muon+   ),hh0ub n y(proton  ),hh0mg n 
#  e-lower      e-upper        neutron   r.err      muon-     r.err      muon+     r.err      proton    r.err 
   1.0000E-10   1.7783E-10   0.0000E+00  0.0000   0.0000E+00  0.0000   0.0000E+00  0.0000   0.0000E+00  0.0000
   1.7783E-10   3.1623E-10   0.0000E+00  0.0000   0.0000E+00  0.0000   0.0000E+00  0.0000   0.0000E+00  0.0000
   3.1623E-10   5.6234E-10   0.0000E+00  0.0000   0.0000E+00  0.0000   0.0000E+00  0.0000   0.0000E+00  0.0000
   5.6234E-10   1.0000E-09   1.8947E-06  0.8589   0.0000E+00  0.0000   0.0000E+00  0.0000   0.0000E+00  0.0000
   1.0000E-09   1.7783E-09   3.9420E-07  1.0000   0.0000E+00  0.0000   0.0000E+00  0.0000   0.0000E+00  0.0000
   1.7783E-09   3.1623E-09   6.7832E-07  1.0000   0.0000E+00  0.0000   0.0000E+00  0.0000   0.0000E+00  0.0000
   3.1623E-09   5.6234E-09   3.8066E-06  0.9098   0.0000E+00  0.0000   0.0000E+00  0.0000   0.0000E+00  0.0000
   5.6234E-09   1.0000E-08   5.4561E-06  0.8520   0.0000E+00  0.0000   0.0000E+00  0.0000   0.0000E+00  0.0000
   1.0000E-08   1.7783E-08   3.0253E-05  0.7331   0.0000E+00  0.0000   0.0000E+00  0.0000   0.0000E+00  0.0000
   1.7783E-08   3.1623E-08   3.8564E-05  0.7999   0.0000E+00  0.0000   0.0000E+00  0.0000   0.0000E+00  0.0000
   3.1623E-08   5.6234E-08   8.1801E-05  0.7372   0.0000E+00  0.0000   0.0000E+00  0.0000   0.0000E+00  0.0000
   5.6234E-08   1.0000E-07   1.2237E-04  0.8551   0.0000E+00  0.0000   0.0000E+00  0.0000   0.0000E+00  0.0000
   1.0000E-07   1.7783E-07   3.3421E-05  0.7351   0.0000E+00  0.0000   0.0000E+00  0.0000   0.0000E+00  0.0000
   1.7783E-07   3.1623E-07   2.3284E-08  1.0000   0.0000E+00  0.0000   0.0000E+00  0.0000   0.0000E+00  0.0000
   3.1623E-07   5.6234E-07   0.0000E+00  0.0000   0.0000E+00  0.0000   0.0000E+00  0.0000   0.0000E+00  0.0000
   5.6234E-07   1.0000E-06   0.0000E+00  0.0000   0.0000E+00  0.0000   0.0000E+00  0.0000   0.0000E+00  0.0000
   1.0000E-06   1.7783E-06   4.0036E-06  1.0000   0.0000E+00  0.0000   0.0000E+00  0.0000   0.0000E+00  0.0000
   1.7783E-06   3.1623E-06   0.0000E+00  0.0000   0.0000E+00  0.0000   0.0000E+00  0.0000   0.0000E+00  0.0000
   3.1623E-06   5.6234E-06   5.0613E-06  1.0000   0.0000E+00  0.0000   0.0000E+00  0.0000   0.0000E+00  0.0000
   5.6234E-06   1.0000E-05   3.6068E-07  1.0000   0.0000E+00  0.0000   0.0000E+00  0.0000   0.0000E+00  0.0000
   1.0000E-05   1.7783E-05   0.0000E+00  0.0000   0.0000E+00  0.0000   0.0000E+00  0.0000   0.0000E+00  0.0000
   1.7783E-05   3.1623E-05   1.0925E-05  1.0000   0.0000E+00  0.0000   0.0000E+00  0.0000   0.0000E+00  0.0000
   3.1623E-05   5.6234E-05   0.0000E+00  0.0000   0.0000E+00  0.0000   0.0000E+00  0.0000   0.0000E+00  0.0000
   5.6234E-05   1.0000E-04   0.0000E+00  0.0000   0.0000E+00  0.0000   0.0000E+00  0.0000   0.0000E+00  0.0000
   1.0000E-04   1.7783E-04   0.0000E+00  0.0000   0.0000E+00  0.0000   0.0000E+00  0.0000   0.0000E+00  0.0000
   1.7783E-04   3.1623E-04   0.0000E+00  0.0000   0.0000E+00  0.0000   0.0000E+00  0.0000   0.0000E+00  0.0000
   3.1623E-04   5.6234E-04   6.5994E-07  1.0000   0.0000E+00  0.0000   0.0000E+00  0.0000   0.0000E+00  0.0000
   5.6234E-04   1.0000E-03   0.0000E+00  0.0000   0.0000E+00  0.0000   0.0000E+00  0.0000   0.0000E+00  0.0000
   1.0000E-03   1.7783E-03   0.0000E+00  0.0000   0.0000E+00  0.0000   0.0000E+00  0.0000   0.0000E+00  0.0000
   1.7783E-03   3.1623E-03   8.8054E-06  1.0000   0.0000E+00  0.0000   0.0000E+00  0.0000   0.0000E+00  0.0000
   3.1623E-03   5.6234E-03   4.1699E-07  1.0000   0.0000E+00  0.0000   0.0000E+00  0.0000   0.0000E+00  0.0000
   5.6234E-03   1.0000E-02   0.0000E+00  0.0000   0.0000E+00  0.0000   0.0000E+00  0.0000   0.0000E+00  0.0000
   1.0000E-02   1.7783E-02   0.0000E+00  0.0000   0.0000E+00  0.0000   0.0000E+00  0.0000   0.0000E+00  0.0000
   1.7783E-02   3.1623E-02   3.7783E-06  1.0000   0.0000E+00  0.0000   0.0000E+00  0.0000   0.0000E+00  0.0000
   3.1623E-02   5.6234E-02   1.4872E-05  1.0000   0.0000E+00  0.0000   0.0000E+00  0.0000   0.0000E+00  0.0000
   5.6234E-02   1.0000E-01   0.0000E+00  0.0000   0.0000E+00  0.0000   0.0000E+00  0.0000   0.0000E+00  0.0000
   1.0000E-01   1.7783E-01   2.0031E-05  1.0000   0.0000E+00  0.0000   0.0000E+00  0.0000   0.0000E+00  0.0000
   1.7783E-01   3.1623E-01   1.3924E-05  1.0000   0.0000E+00  0.0000   0.0000E+00  0.0000   0.0000E+00  0.0000
   3.1623E-01   5.6234E-01   3.3864E-05  1.0000   0.0000E+00  0.0000   0.0000E+00  0.0000   0.0000E+00  0.0000
   5.6234E-01   1.0000E+00   0.0000E+00  0.0000   0.0000E+00  0.0000   0.0000E+00  0.0000   0.0000E+00  0.0000
   1.0000E+00   1.7783E+00   0.0000E+00  0.0000   0.0000E+00  0.0000   0.0000E+00  0.0000   0.0000E+00  0.0000
   1.7783E+00   3.1623E+00   9.6518E-05  1.0000   0.0000E+00  0.0000   0.0000E+00  0.0000   0.0000E+00  0.0000
   3.1623E+00   5.6234E+00   0.0000E+00  0.0000   0.0000E+00  0.0000   0.0000E+00  0.0000   0.0000E+00  0.0000
   5.6234E+00   1.0000E+01   0.0000E+00  0.0000   0.0000E+00  0.0000   0.0000E+00  0.0000   0.0000E+00  0.0000
   1.0000E+01   1.7783E+01   0.0000E+00  0.0000   0.0000E+00  0.0000   0.0000E+00  0.0000   0.0000E+00  0.0000
   1.7783E+01   3.1623E+01   0.0000E+00  0.0000   0.0000E+00  0.0000   0.0000E+00  0.0000   0.0000E+00  0.0000
   3.1623E+01   5.6234E+01   0.0000E+00  0.0000   8.7812E-07  1.0000   0.0000E+00  0.0000   0.0000E+00  0.0000
   5.6234E+01   1.0000E+02   0.0000E+00  0.0000   2.5084E-05  1.0000   0.0000E+00  0.0000   0.0000E+00  0.0000
   1.0000E+02   1.7783E+02   0.0000E+00  0.0000   6.6213E-05  0.7942   0.0000E+00  0.0000   0.0000E+00  0.0000
   1.7783E+02   3.1623E+02   0.0000E+00  0.0000   1.3081E-04  0.9963   0.0000E+00  0.0000   0.0000E+00  0.0000
   3.1623E+02   5.6234E+02   0.0000E+00  0.0000   3.0650E-04  0.4639   0.0000E+00  0.0000   0.0000E+00  0.0000
   5.6234E+02   1.0000E+03   0.0000E+00  0.0000   4.3866E-04  0.3538   0.0000E+00  0.0000   0.0000E+00  0.0000
   1.0000E+03   1.7783E+03   0.0000E+00  0.0000   5.5168E-04  0.3395   0.0000E+00  0.0000   0.0000E+00  0.0000
   1.7783E+03   3.1623E+03   0.0000E+00  0.0000   8.9264E-04  0.2944   0.0000E+00  0.0000   0.0000E+00  0.0000
   3.1623E+03   5.6234E+03   0.0000E+00  0.0000   5.9697E-04  0.3194   0.0000E+00  0.0000   0.0000E+00  0.0000
   5.6234E+03   1.0000E+04   0.0000E+00  0.0000   5.6465E-04  0.3593   0.0000E+00  0.0000   0.0000E+00  0.0000
   1.0000E+04   1.7783E+04   0.0000E+00  0.0000   3.5052E-04  0.4079   0.0000E+00  0.0000   0.0000E+00  0.0000
   1.7783E+04   3.1623E+04   0.0000E+00  0.0000   2.4378E-04  0.5026   0.0000E+00  0.0000   0.0000E+00  0.0000
   3.1623E+04   5.6234E+04   0.0000E+00  0.0000   6.0975E-05  1.0000   0.0000E+00  0.0000   0.0000E+00  0.0000
   5.6234E+04   1.0000E+05   0.0000E+00  0.0000   0.0000E+00  0.0000   0.0000E+00  0.0000   0.0000E+00  0.0000

#   sum over                 5.3188E-04  0.8463   4.2293E-03  0.1253   0.0000E+00  0.0000   0.0000E+00  0.0000

'no. = 17, (ix,iy,iz) = (  1,  1, 17)'
msuc: {\huge Flux spectra vs depth in concrete}
msdr: {\it plotted by \ANGEL \version}
msdl: {\it calculated by \PHITS  3.36}
wt: s(0.7)
\vspace{-3}
   vol  &=&   2.8800E+07 [cm^3]
  xmin  &=&  -6.0000E+02 [cm]
  xmax  &=&   6.0000E+02 [cm]
  ymin  &=&  -6.0000E+02 [cm]
  ymax  &=&   6.0000E+02 [cm]
  zmin  &=&  -3.8000E+02 [cm]
  zmax  &=&  -3.6000E+02 [cm]
e:

#------------------------------------------------------------------------------
 newpage:
#   no. = 18   ix  =  1   iy  =  1   iz  = 18
#   x = (  -6.0000E+02  -   6.0000E+02  )
#   y = (  -6.0000E+02  -   6.0000E+02  )
#   z = (  -3.6000E+02  -  -3.4000E+02  )

x: Energy [MeV/n]
y: Flux [1/cm^2/source]              
p: xlog ylog afac(0.8) form(0.9)
h: n            x            y(neutron ),hh0l n y(muon-   ),hh0dr n y(muon+   ),hh0ub n y(proton  ),hh0mg n 
#  e-lower      e-upper        neutron   r.err      muon-     r.err      muon+     r.err      proton    r.err 
   1.0000E-10   1.7783E-10   0.0000E+00  0.0000   0.0000E+00  0.0000   0.0000E+00  0.0000   0.0000E+00  0.0000
   1.7783E-10   3.1623E-10   0.0000E+00  0.0000   0.0000E+00  0.0000   0.0000E+00  0.0000   0.0000E+00  0.0000
   3.1623E-10   5.6234E-10   0.0000E+00  0.0000   0.0000E+00  0.0000   0.0000E+00  0.0000   0.0000E+00  0.0000
   5.6234E-10   1.0000E-09   1.0330E-06  1.0000   0.0000E+00  0.0000   0.0000E+00  0.0000   0.0000E+00  0.0000
   1.0000E-09   1.7783E-09   5.0731E-07  1.0000   0.0000E+00  0.0000   0.0000E+00  0.0000   0.0000E+00  0.0000
   1.7783E-09   3.1623E-09   3.6447E-06  0.7067   0.0000E+00  0.0000   0.0000E+00  0.0000   0.0000E+00  0.0000
   3.1623E-09   5.6234E-09   3.5810E-06  0.7363   0.0000E+00  0.0000   0.0000E+00  0.0000   0.0000E+00  0.0000
   5.6234E-09   1.0000E-08   4.0548E-05  0.8005   0.0000E+00  0.0000   0.0000E+00  0.0000   0.0000E+00  0.0000
   1.0000E-08   1.7783E-08   7.2068E-05  0.8130   0.0000E+00  0.0000   0.0000E+00  0.0000   0.0000E+00  0.0000
   1.7783E-08   3.1623E-08   1.1974E-04  0.7765   0.0000E+00  0.0000   0.0000E+00  0.0000   0.0000E+00  0.0000
   3.1623E-08   5.6234E-08   1.8760E-04  0.7596   0.0000E+00  0.0000   0.0000E+00  0.0000   0.0000E+00  0.0000
   5.6234E-08   1.0000E-07   1.3165E-04  0.7120   0.0000E+00  0.0000   0.0000E+00  0.0000   0.0000E+00  0.0000
   1.0000E-07   1.7783E-07   8.2590E-05  0.8142   0.0000E+00  0.0000   0.0000E+00  0.0000   0.0000E+00  0.0000
   1.7783E-07   3.1623E-07   7.6432E-06  0.9142   0.0000E+00  0.0000   0.0000E+00  0.0000   0.0000E+00  0.0000
   3.1623E-07   5.6234E-07   0.0000E+00  0.0000   0.0000E+00  0.0000   0.0000E+00  0.0000   0.0000E+00  0.0000
   5.6234E-07   1.0000E-06   0.0000E+00  0.0000   0.0000E+00  0.0000   0.0000E+00  0.0000   0.0000E+00  0.0000
   1.0000E-06   1.7783E-06   0.0000E+00  0.0000   0.0000E+00  0.0000   0.0000E+00  0.0000   0.0000E+00  0.0000
   1.7783E-06   3.1623E-06   3.3049E-05  1.0000   0.0000E+00  0.0000   0.0000E+00  0.0000   0.0000E+00  0.0000
   3.1623E-06   5.6234E-06   0.0000E+00  0.0000   0.0000E+00  0.0000   0.0000E+00  0.0000   0.0000E+00  0.0000
   5.6234E-06   1.0000E-05   1.6741E-05  1.0000   0.0000E+00  0.0000   0.0000E+00  0.0000   0.0000E+00  0.0000
   1.0000E-05   1.7783E-05   0.0000E+00  0.0000   0.0000E+00  0.0000   0.0000E+00  0.0000   0.0000E+00  0.0000
   1.7783E-05   3.1623E-05   0.0000E+00  0.0000   0.0000E+00  0.0000   0.0000E+00  0.0000   0.0000E+00  0.0000
   3.1623E-05   5.6234E-05   0.0000E+00  0.0000   0.0000E+00  0.0000   0.0000E+00  0.0000   0.0000E+00  0.0000
   5.6234E-05   1.0000E-04   1.3348E-05  1.0000   0.0000E+00  0.0000   0.0000E+00  0.0000   0.0000E+00  0.0000
   1.0000E-04   1.7783E-04   7.5912E-06  1.0000   0.0000E+00  0.0000   0.0000E+00  0.0000   0.0000E+00  0.0000
   1.7783E-04   3.1623E-04   1.2130E-05  1.0000   0.0000E+00  0.0000   0.0000E+00  0.0000   0.0000E+00  0.0000
   3.1623E-04   5.6234E-04   0.0000E+00  0.0000   0.0000E+00  0.0000   0.0000E+00  0.0000   0.0000E+00  0.0000
   5.6234E-04   1.0000E-03   0.0000E+00  0.0000   0.0000E+00  0.0000   0.0000E+00  0.0000   0.0000E+00  0.0000
   1.0000E-03   1.7783E-03   0.0000E+00  0.0000   8.3040E-12  1.0000   0.0000E+00  0.0000   0.0000E+00  0.0000
   1.7783E-03   3.1623E-03   9.8078E-06  1.0000   4.0570E-12  1.0000   0.0000E+00  0.0000   0.0000E+00  0.0000
   3.1623E-03   5.6234E-03   0.0000E+00  0.0000   5.9939E-12  1.0000   0.0000E+00  0.0000   0.0000E+00  0.0000
   5.6234E-03   1.0000E-02   0.0000E+00  0.0000   9.6133E-12  1.0000   0.0000E+00  0.0000   0.0000E+00  0.0000
   1.0000E-02   1.7783E-02   0.0000E+00  0.0000   1.7238E-11  1.0000   0.0000E+00  0.0000   0.0000E+00  0.0000
   1.7783E-02   3.1623E-02   0.0000E+00  0.0000   3.5587E-11  1.0000   0.0000E+00  0.0000   0.0000E+00  0.0000
   3.1623E-02   5.6234E-02   8.3744E-06  1.0000   8.3139E-11  1.0000   0.0000E+00  0.0000   0.0000E+00  0.0000
   5.6234E-02   1.0000E-01   9.3865E-06  1.0000   2.0831E-10  1.0000   0.0000E+00  0.0000   0.0000E+00  0.0000
   1.0000E-01   1.7783E-01   2.5058E-05  1.0000   5.3471E-10  1.0000   0.0000E+00  0.0000   0.0000E+00  0.0000
   1.7783E-01   3.1623E-01   4.5475E-07  1.0000   1.3987E-09  1.0000   0.0000E+00  0.0000   0.0000E+00  0.0000
   3.1623E-01   5.6234E-01   3.4860E-06  1.0000   3.7491E-09  1.0000   0.0000E+00  0.0000   0.0000E+00  0.0000
   5.6234E-01   1.0000E+00   6.2124E-06  1.0000   1.0283E-08  1.0000   0.0000E+00  0.0000   0.0000E+00  0.0000
   1.0000E+00   1.7783E+00   0.0000E+00  0.0000   2.8794E-08  1.0000   0.0000E+00  0.0000   0.0000E+00  0.0000
   1.7783E+00   3.1623E+00   2.7376E-05  1.0000   8.1902E-08  1.0000   0.0000E+00  0.0000   0.0000E+00  0.0000
   3.1623E+00   5.6234E+00   6.6960E-05  1.0000   2.3146E-07  1.0000   0.0000E+00  0.0000   0.0000E+00  0.0000
   5.6234E+00   1.0000E+01   0.0000E+00  0.0000   6.4479E-07  1.0000   0.0000E+00  0.0000   0.0000E+00  0.0000
   1.0000E+01   1.7783E+01   0.0000E+00  0.0000   1.7556E-06  1.0000   0.0000E+00  0.0000   0.0000E+00  0.0000
   1.7783E+01   3.1623E+01   0.0000E+00  0.0000   4.5834E-06  1.0000   0.0000E+00  0.0000   0.0000E+00  0.0000
   3.1623E+01   5.6234E+01   0.0000E+00  0.0000   1.1205E-05  1.0000   0.0000E+00  0.0000   0.0000E+00  0.0000
   5.6234E+01   1.0000E+02   0.0000E+00  0.0000   2.5084E-05  1.0000   0.0000E+00  0.0000   0.0000E+00  0.0000
   1.0000E+02   1.7783E+02   0.0000E+00  0.0000   1.5030E-05  0.9472   0.0000E+00  0.0000   0.0000E+00  0.0000
   1.7783E+02   3.1623E+02   0.0000E+00  0.0000   2.2168E-04  0.7424   0.0000E+00  0.0000   0.0000E+00  0.0000
   3.1623E+02   5.6234E+02   0.0000E+00  0.0000   2.6472E-04  0.4999   0.0000E+00  0.0000   0.0000E+00  0.0000
   5.6234E+02   1.0000E+03   0.0000E+00  0.0000   3.8521E-04  0.3868   0.0000E+00  0.0000   0.0000E+00  0.0000
   1.0000E+03   1.7783E+03   0.0000E+00  0.0000   6.3933E-04  0.3197   0.0000E+00  0.0000   0.0000E+00  0.0000
   1.7783E+03   3.1623E+03   0.0000E+00  0.0000   7.8961E-04  0.3142   0.0000E+00  0.0000   0.0000E+00  0.0000
   3.1623E+03   5.6234E+03   0.0000E+00  0.0000   6.5544E-04  0.3062   0.0000E+00  0.0000   0.0000E+00  0.0000
   5.6234E+03   1.0000E+04   0.0000E+00  0.0000   5.8051E-04  0.3505   0.0000E+00  0.0000   0.0000E+00  0.0000
   1.0000E+04   1.7783E+04   0.0000E+00  0.0000   3.5052E-04  0.4079   0.0000E+00  0.0000   0.0000E+00  0.0000
   1.7783E+04   3.1623E+04   0.0000E+00  0.0000   2.4378E-04  0.5026   0.0000E+00  0.0000   0.0000E+00  0.0000
   3.1623E+04   5.6234E+04   0.0000E+00  0.0000   6.0975E-05  1.0000   0.0000E+00  0.0000   0.0000E+00  0.0000
   5.6234E+04   1.0000E+05   0.0000E+00  0.0000   0.0000E+00  0.0000   0.0000E+00  0.0000   0.0000E+00  0.0000

#   sum over                 8.9059E-04  0.8110   4.2504E-03  0.1245   0.0000E+00  0.0000   0.0000E+00  0.0000

'no. = 18, (ix,iy,iz) = (  1,  1, 18)'
msuc: {\huge Flux spectra vs depth in concrete}
msdr: {\it plotted by \ANGEL \version}
msdl: {\it calculated by \PHITS  3.36}
wt: s(0.7)
\vspace{-3}
   vol  &=&   2.8800E+07 [cm^3]
  xmin  &=&  -6.0000E+02 [cm]
  xmax  &=&   6.0000E+02 [cm]
  ymin  &=&  -6.0000E+02 [cm]
  ymax  &=&   6.0000E+02 [cm]
  zmin  &=&  -3.6000E+02 [cm]
  zmax  &=&  -3.4000E+02 [cm]
e:

#------------------------------------------------------------------------------
 newpage:
#   no. = 19   ix  =  1   iy  =  1   iz  = 19
#   x = (  -6.0000E+02  -   6.0000E+02  )
#   y = (  -6.0000E+02  -   6.0000E+02  )
#   z = (  -3.4000E+02  -  -3.2000E+02  )

x: Energy [MeV/n]
y: Flux [1/cm^2/source]              
p: xlog ylog afac(0.8) form(0.9)
h: n            x            y(neutron ),hh0l n y(muon-   ),hh0dr n y(muon+   ),hh0ub n y(proton  ),hh0mg n 
#  e-lower      e-upper        neutron   r.err      muon-     r.err      muon+     r.err      proton    r.err 
   1.0000E-10   1.7783E-10   0.0000E+00  0.0000   0.0000E+00  0.0000   0.0000E+00  0.0000   0.0000E+00  0.0000
   1.7783E-10   3.1623E-10   0.0000E+00  0.0000   0.0000E+00  0.0000   0.0000E+00  0.0000   0.0000E+00  0.0000
   3.1623E-10   5.6234E-10   0.0000E+00  0.0000   0.0000E+00  0.0000   0.0000E+00  0.0000   0.0000E+00  0.0000
   5.6234E-10   1.0000E-09   0.0000E+00  0.0000   0.0000E+00  0.0000   0.0000E+00  0.0000   0.0000E+00  0.0000
   1.0000E-09   1.7783E-09   0.0000E+00  0.0000   0.0000E+00  0.0000   0.0000E+00  0.0000   0.0000E+00  0.0000
   1.7783E-09   3.1623E-09   0.0000E+00  0.0000   0.0000E+00  0.0000   0.0000E+00  0.0000   0.0000E+00  0.0000
   3.1623E-09   5.6234E-09   0.0000E+00  0.0000   0.0000E+00  0.0000   0.0000E+00  0.0000   0.0000E+00  0.0000
   5.6234E-09   1.0000E-08   0.0000E+00  0.0000   0.0000E+00  0.0000   0.0000E+00  0.0000   0.0000E+00  0.0000
   1.0000E-08   1.7783E-08   1.1337E-05  0.9614   0.0000E+00  0.0000   0.0000E+00  0.0000   0.0000E+00  0.0000
   1.7783E-08   3.1623E-08   2.6887E-05  0.7107   0.0000E+00  0.0000   0.0000E+00  0.0000   0.0000E+00  0.0000
   3.1623E-08   5.6234E-08   2.9647E-05  0.6809   0.0000E+00  0.0000   0.0000E+00  0.0000   0.0000E+00  0.0000
   5.6234E-08   1.0000E-07   3.3803E-05  0.7024   0.0000E+00  0.0000   0.0000E+00  0.0000   0.0000E+00  0.0000
   1.0000E-07   1.7783E-07   6.5077E-06  0.7070   0.0000E+00  0.0000   0.0000E+00  0.0000   0.0000E+00  0.0000
   1.7783E-07   3.1623E-07   1.9256E-05  1.0000   0.0000E+00  0.0000   0.0000E+00  0.0000   0.0000E+00  0.0000
   3.1623E-07   5.6234E-07   1.6764E-05  1.0000   0.0000E+00  0.0000   0.0000E+00  0.0000   0.0000E+00  0.0000
   5.6234E-07   1.0000E-06   0.0000E+00  0.0000   0.0000E+00  0.0000   0.0000E+00  0.0000   0.0000E+00  0.0000
   1.0000E-06   1.7783E-06   5.2429E-06  1.0000   0.0000E+00  0.0000   0.0000E+00  0.0000   0.0000E+00  0.0000
   1.7783E-06   3.1623E-06   2.9873E-05  0.7558   0.0000E+00  0.0000   0.0000E+00  0.0000   0.0000E+00  0.0000
   3.1623E-06   5.6234E-06   2.2118E-05  1.0000   0.0000E+00  0.0000   0.0000E+00  0.0000   0.0000E+00  0.0000
   5.6234E-06   1.0000E-05   0.0000E+00  0.0000   0.0000E+00  0.0000   0.0000E+00  0.0000   0.0000E+00  0.0000
   1.0000E-05   1.7783E-05   0.0000E+00  0.0000   0.0000E+00  0.0000   0.0000E+00  0.0000   0.0000E+00  0.0000
   1.7783E-05   3.1623E-05   7.6002E-06  1.0000   0.0000E+00  0.0000   0.0000E+00  0.0000   0.0000E+00  0.0000
   3.1623E-05   5.6234E-05   9.1044E-06  1.0000   0.0000E+00  0.0000   0.0000E+00  0.0000   0.0000E+00  0.0000
   5.6234E-05   1.0000E-04   1.4191E-05  1.0000   0.0000E+00  0.0000   0.0000E+00  0.0000   0.0000E+00  0.0000
   1.0000E-04   1.7783E-04   1.6653E-05  1.0000   5.2286E-21  1.0000   0.0000E+00  0.0000   0.0000E+00  0.0000
   1.7783E-04   3.1623E-04   2.0436E-05  1.0000   5.2111E-21  1.0000   0.0000E+00  0.0000   0.0000E+00  0.0000
   3.1623E-04   5.6234E-04   0.0000E+00  0.0000   0.0000E+00  0.0000   0.0000E+00  0.0000   0.0000E+00  0.0000
   5.6234E-04   1.0000E-03   1.1167E-06  1.0000   0.0000E+00  0.0000   0.0000E+00  0.0000   0.0000E+00  0.0000
   1.0000E-03   1.7783E-03   0.0000E+00  0.0000   1.5659E-11  0.7067   0.0000E+00  0.0000   0.0000E+00  0.0000
   1.7783E-03   3.1623E-03   0.0000E+00  0.0000   8.1140E-12  0.7067   0.0000E+00  0.0000   0.0000E+00  0.0000
   3.1623E-03   5.6234E-03   9.0296E-06  1.0000   1.1988E-11  0.7067   0.0000E+00  0.0000   0.0000E+00  0.0000
   5.6234E-03   1.0000E-02   1.0523E-06  1.0000   1.9227E-11  0.7067   0.0000E+00  0.0000   0.0000E+00  0.0000
   1.0000E-02   1.7783E-02   0.0000E+00  0.0000   3.4475E-11  0.7067   0.0000E+00  0.0000   0.0000E+00  0.0000
   1.7783E-02   3.1623E-02   0.0000E+00  0.0000   7.1175E-11  0.7067   0.0000E+00  0.0000   0.0000E+00  0.0000
   3.1623E-02   5.6234E-02   5.0845E-07  1.0000   1.6628E-10  0.7067   0.0000E+00  0.0000   0.0000E+00  0.0000
   5.6234E-02   1.0000E-01   0.0000E+00  0.0000   4.1663E-10  0.7067   0.0000E+00  0.0000   0.0000E+00  0.0000
   1.0000E-01   1.7783E-01   0.0000E+00  0.0000   1.0694E-09  0.7067   0.0000E+00  0.0000   0.0000E+00  0.0000
   1.7783E-01   3.1623E-01   0.0000E+00  0.0000   2.7974E-09  0.7067   0.0000E+00  0.0000   0.0000E+00  0.0000
   3.1623E-01   5.6234E-01   0.0000E+00  0.0000   7.4983E-09  0.7067   0.0000E+00  0.0000   0.0000E+00  0.0000
   5.6234E-01   1.0000E+00   0.0000E+00  0.0000   2.0566E-08  0.7067   0.0000E+00  0.0000   0.0000E+00  0.0000
   1.0000E+00   1.7783E+00   5.0651E-06  1.0000   5.7587E-08  0.7067   0.0000E+00  0.0000   0.0000E+00  0.0000
   1.7783E+00   3.1623E+00   1.7989E-05  1.0000   1.6380E-07  0.7067   0.0000E+00  0.0000   0.0000E+00  0.0000
   3.1623E+00   5.6234E+00   0.0000E+00  0.0000   4.6293E-07  0.7067   0.0000E+00  0.0000   0.0000E+00  0.0000
   5.6234E+00   1.0000E+01   0.0000E+00  0.0000   1.2896E-06  0.7067   0.0000E+00  0.0000   0.0000E+00  0.0000
   1.0000E+01   1.7783E+01   0.0000E+00  0.0000   3.5112E-06  0.7067   0.0000E+00  0.0000   0.0000E+00  0.0000
   1.7783E+01   3.1623E+01   0.0000E+00  0.0000   9.1667E-06  0.7067   0.0000E+00  0.0000   0.0000E+00  0.0000
   3.1623E+01   5.6234E+01   0.0000E+00  0.0000   2.2409E-05  0.7067   0.0000E+00  0.0000   0.0000E+00  0.0000
   5.6234E+01   1.0000E+02   0.0000E+00  0.0000   1.5975E-05  0.7465   0.0000E+00  0.0000   0.0000E+00  0.0000
   1.0000E+02   1.7783E+02   0.0000E+00  0.0000   3.6667E-05  1.0000   0.0000E+00  0.0000   0.0000E+00  0.0000
   1.7783E+02   3.1623E+02   0.0000E+00  0.0000   1.9610E-04  0.7687   0.0000E+00  0.0000   0.0000E+00  0.0000
   3.1623E+02   5.6234E+02   0.0000E+00  0.0000   1.2841E-04  0.5484   0.0000E+00  0.0000   0.0000E+00  0.0000
   5.6234E+02   1.0000E+03   0.0000E+00  0.0000   5.7113E-04  0.3206   0.0000E+00  0.0000   0.0000E+00  0.0000
   1.0000E+03   1.7783E+03   0.0000E+00  0.0000   5.9002E-04  0.3299   0.0000E+00  0.0000   0.0000E+00  0.0000
   1.7783E+03   3.1623E+03   0.0000E+00  0.0000   6.7624E-04  0.3411   0.0000E+00  0.0000   0.0000E+00  0.0000
   3.1623E+03   5.6234E+03   0.0000E+00  0.0000   8.0453E-04  0.2783   0.0000E+00  0.0000   0.0000E+00  0.0000
   5.6234E+03   1.0000E+04   0.0000E+00  0.0000   6.3914E-04  0.3362   0.0000E+00  0.0000   0.0000E+00  0.0000
   1.0000E+04   1.7783E+04   0.0000E+00  0.0000   3.5052E-04  0.4079   0.0000E+00  0.0000   0.0000E+00  0.0000
   1.7783E+04   3.1623E+04   0.0000E+00  0.0000   2.4378E-04  0.5026   0.0000E+00  0.0000   0.0000E+00  0.0000
   3.1623E+04   5.6234E+04   0.0000E+00  0.0000   6.0975E-05  1.0000   0.0000E+00  0.0000   0.0000E+00  0.0000
   5.6234E+04   1.0000E+05   0.0000E+00  0.0000   0.0000E+00  0.0000   0.0000E+00  0.0000   0.0000E+00  0.0000

#   sum over                 3.0418E-04  0.8159   4.3506E-03  0.1229   0.0000E+00  0.0000   0.0000E+00  0.0000

'no. = 19, (ix,iy,iz) = (  1,  1, 19)'
msuc: {\huge Flux spectra vs depth in concrete}
msdr: {\it plotted by \ANGEL \version}
msdl: {\it calculated by \PHITS  3.36}
wt: s(0.7)
\vspace{-3}
   vol  &=&   2.8800E+07 [cm^3]
  xmin  &=&  -6.0000E+02 [cm]
  xmax  &=&   6.0000E+02 [cm]
  ymin  &=&  -6.0000E+02 [cm]
  ymax  &=&   6.0000E+02 [cm]
  zmin  &=&  -3.4000E+02 [cm]
  zmax  &=&  -3.2000E+02 [cm]
e:

#------------------------------------------------------------------------------
 newpage:
#   no. = 20   ix  =  1   iy  =  1   iz  = 20
#   x = (  -6.0000E+02  -   6.0000E+02  )
#   y = (  -6.0000E+02  -   6.0000E+02  )
#   z = (  -3.2000E+02  -  -3.0000E+02  )

x: Energy [MeV/n]
y: Flux [1/cm^2/source]              
p: xlog ylog afac(0.8) form(0.9)
h: n            x            y(neutron ),hh0l n y(muon-   ),hh0dr n y(muon+   ),hh0ub n y(proton  ),hh0mg n 
#  e-lower      e-upper        neutron   r.err      muon-     r.err      muon+     r.err      proton    r.err 
   1.0000E-10   1.7783E-10   0.0000E+00  0.0000   0.0000E+00  0.0000   0.0000E+00  0.0000   0.0000E+00  0.0000
   1.7783E-10   3.1623E-10   0.0000E+00  0.0000   0.0000E+00  0.0000   0.0000E+00  0.0000   0.0000E+00  0.0000
   3.1623E-10   5.6234E-10   0.0000E+00  0.0000   0.0000E+00  0.0000   0.0000E+00  0.0000   0.0000E+00  0.0000
   5.6234E-10   1.0000E-09   0.0000E+00  0.0000   0.0000E+00  0.0000   0.0000E+00  0.0000   0.0000E+00  0.0000
   1.0000E-09   1.7783E-09   0.0000E+00  0.0000   0.0000E+00  0.0000   0.0000E+00  0.0000   0.0000E+00  0.0000
   1.7783E-09   3.1623E-09   0.0000E+00  0.0000   0.0000E+00  0.0000   0.0000E+00  0.0000   0.0000E+00  0.0000
   3.1623E-09   5.6234E-09   0.0000E+00  0.0000   0.0000E+00  0.0000   0.0000E+00  0.0000   0.0000E+00  0.0000
   5.6234E-09   1.0000E-08   3.3297E-06  1.0000   0.0000E+00  0.0000   0.0000E+00  0.0000   0.0000E+00  0.0000
   1.0000E-08   1.7783E-08   1.2527E-05  1.0000   0.0000E+00  0.0000   0.0000E+00  0.0000   0.0000E+00  0.0000
   1.7783E-08   3.1623E-08   2.7350E-05  1.0000   0.0000E+00  0.0000   0.0000E+00  0.0000   0.0000E+00  0.0000
   3.1623E-08   5.6234E-08   5.1269E-05  1.0000   0.0000E+00  0.0000   0.0000E+00  0.0000   0.0000E+00  0.0000
   5.6234E-08   1.0000E-07   7.2360E-05  1.0000   0.0000E+00  0.0000   0.0000E+00  0.0000   0.0000E+00  0.0000
   1.0000E-07   1.7783E-07   3.6894E-05  1.0000   0.0000E+00  0.0000   0.0000E+00  0.0000   0.0000E+00  0.0000
   1.7783E-07   3.1623E-07   9.9706E-06  1.0000   0.0000E+00  0.0000   0.0000E+00  0.0000   0.0000E+00  0.0000
   3.1623E-07   5.6234E-07   7.5875E-06  1.0000   0.0000E+00  0.0000   0.0000E+00  0.0000   0.0000E+00  0.0000
   5.6234E-07   1.0000E-06   4.3729E-06  1.0000   0.0000E+00  0.0000   0.0000E+00  0.0000   0.0000E+00  0.0000
   1.0000E-06   1.7783E-06   4.8680E-06  1.0000   0.0000E+00  0.0000   0.0000E+00  0.0000   0.0000E+00  0.0000
   1.7783E-06   3.1623E-06   0.0000E+00  0.0000   0.0000E+00  0.0000   0.0000E+00  0.0000   0.0000E+00  0.0000
   3.1623E-06   5.6234E-06   0.0000E+00  0.0000   0.0000E+00  0.0000   0.0000E+00  0.0000   0.0000E+00  0.0000
   5.6234E-06   1.0000E-05   0.0000E+00  0.0000   0.0000E+00  0.0000   0.0000E+00  0.0000   0.0000E+00  0.0000
   1.0000E-05   1.7783E-05   0.0000E+00  0.0000   0.0000E+00  0.0000   0.0000E+00  0.0000   0.0000E+00  0.0000
   1.7783E-05   3.1623E-05   0.0000E+00  0.0000   0.0000E+00  0.0000   0.0000E+00  0.0000   0.0000E+00  0.0000
   3.1623E-05   5.6234E-05   6.5625E-06  1.0000   0.0000E+00  0.0000   0.0000E+00  0.0000   0.0000E+00  0.0000
   5.6234E-05   1.0000E-04   1.1105E-05  1.0000   0.0000E+00  0.0000   0.0000E+00  0.0000   0.0000E+00  0.0000
   1.0000E-04   1.7783E-04   0.0000E+00  0.0000   0.0000E+00  0.0000   0.0000E+00  0.0000   0.0000E+00  0.0000
   1.7783E-04   3.1623E-04   0.0000E+00  0.0000   0.0000E+00  0.0000   0.0000E+00  0.0000   0.0000E+00  0.0000
   3.1623E-04   5.6234E-04   3.1305E-08  1.0000   0.0000E+00  0.0000   0.0000E+00  0.0000   0.0000E+00  0.0000
   5.6234E-04   1.0000E-03   0.0000E+00  0.0000   0.0000E+00  0.0000   0.0000E+00  0.0000   0.0000E+00  0.0000
   1.0000E-03   1.7783E-03   2.2141E-06  1.0000   8.3040E-12  1.0000   0.0000E+00  0.0000   0.0000E+00  0.0000
   1.7783E-03   3.1623E-03   1.6254E-05  1.0000   4.0570E-12  1.0000   0.0000E+00  0.0000   0.0000E+00  0.0000
   3.1623E-03   5.6234E-03   2.9642E-06  1.0000   5.9939E-12  1.0000   0.0000E+00  0.0000   0.0000E+00  0.0000
   5.6234E-03   1.0000E-02   4.9534E-07  1.0000   9.6133E-12  1.0000   0.0000E+00  0.0000   0.0000E+00  0.0000
   1.0000E-02   1.7783E-02   1.5464E-05  1.0000   1.7238E-11  1.0000   0.0000E+00  0.0000   0.0000E+00  0.0000
   1.7783E-02   3.1623E-02   0.0000E+00  0.0000   3.5587E-11  1.0000   0.0000E+00  0.0000   0.0000E+00  0.0000
   3.1623E-02   5.6234E-02   0.0000E+00  0.0000   8.3139E-11  1.0000   0.0000E+00  0.0000   0.0000E+00  0.0000
   5.6234E-02   1.0000E-01   2.2203E-05  1.0000   2.0831E-10  1.0000   0.0000E+00  0.0000   0.0000E+00  0.0000
   1.0000E-01   1.7783E-01   4.1832E-05  1.0000   5.3471E-10  1.0000   0.0000E+00  0.0000   0.0000E+00  0.0000
   1.7783E-01   3.1623E-01   2.6510E-06  1.0000   1.3987E-09  1.0000   0.0000E+00  0.0000   0.0000E+00  0.0000
   3.1623E-01   5.6234E-01   0.0000E+00  0.0000   3.7491E-09  1.0000   0.0000E+00  0.0000   0.0000E+00  0.0000
   5.6234E-01   1.0000E+00   3.8823E-05  1.0000   1.0283E-08  1.0000   0.0000E+00  0.0000   0.0000E+00  0.0000
   1.0000E+00   1.7783E+00   3.0825E-05  1.0000   2.8794E-08  1.0000   0.0000E+00  0.0000   0.0000E+00  0.0000
   1.7783E+00   3.1623E+00   0.0000E+00  0.0000   8.1902E-08  1.0000   0.0000E+00  0.0000   0.0000E+00  0.0000
   3.1623E+00   5.6234E+00   3.0061E-05  1.0000   2.3146E-07  1.0000   0.0000E+00  0.0000   0.0000E+00  0.0000
   5.6234E+00   1.0000E+01   0.0000E+00  0.0000   6.4479E-07  1.0000   0.0000E+00  0.0000   0.0000E+00  0.0000
   1.0000E+01   1.7783E+01   0.0000E+00  0.0000   1.7556E-06  1.0000   0.0000E+00  0.0000   0.0000E+00  0.0000
   1.7783E+01   3.1623E+01   0.0000E+00  0.0000   4.5834E-06  1.0000   0.0000E+00  0.0000   0.0000E+00  0.0000
   3.1623E+01   5.6234E+01   0.0000E+00  0.0000   1.1205E-05  1.0000   0.0000E+00  0.0000   0.0000E+00  0.0000
   5.6234E+01   1.0000E+02   0.0000E+00  0.0000   5.9276E-05  0.5906   0.0000E+00  0.0000   0.0000E+00  0.0000
   1.0000E+02   1.7783E+02   0.0000E+00  0.0000   1.4603E-04  0.5771   0.0000E+00  0.0000   0.0000E+00  0.0000
   1.7783E+02   3.1623E+02   0.0000E+00  0.0000   2.6680E-04  0.6347   0.0000E+00  0.0000   0.0000E+00  0.0000
   3.1623E+02   5.6234E+02   0.0000E+00  0.0000   7.8670E-05  0.9669   0.0000E+00  0.0000   0.0000E+00  0.0000
   5.6234E+02   1.0000E+03   0.0000E+00  0.0000   4.9673E-04  0.3496   0.0000E+00  0.0000   0.0000E+00  0.0000
   1.0000E+03   1.7783E+03   0.0000E+00  0.0000   7.8048E-04  0.2771   0.0000E+00  0.0000   0.0000E+00  0.0000
   1.7783E+03   3.1623E+03   0.0000E+00  0.0000   6.4906E-04  0.3575   0.0000E+00  0.0000   0.0000E+00  0.0000
   3.1623E+03   5.6234E+03   0.0000E+00  0.0000   7.7956E-04  0.2882   0.0000E+00  0.0000   0.0000E+00  0.0000
   5.6234E+03   1.0000E+04   0.0000E+00  0.0000   7.0528E-04  0.3197   0.0000E+00  0.0000   0.0000E+00  0.0000
   1.0000E+04   1.7783E+04   0.0000E+00  0.0000   3.5052E-04  0.4079   0.0000E+00  0.0000   0.0000E+00  0.0000
   1.7783E+04   3.1623E+04   0.0000E+00  0.0000   2.4378E-04  0.5026   0.0000E+00  0.0000   0.0000E+00  0.0000
   3.1623E+04   5.6234E+04   0.0000E+00  0.0000   6.0975E-05  1.0000   0.0000E+00  0.0000   0.0000E+00  0.0000
   5.6234E+04   1.0000E+05   0.0000E+00  0.0000   0.0000E+00  0.0000   0.0000E+00  0.0000   0.0000E+00  0.0000

#   sum over                 4.5201E-04  1.0000   4.6357E-03  0.1210   0.0000E+00  0.0000   0.0000E+00  0.0000

'no. = 20, (ix,iy,iz) = (  1,  1, 20)'
msuc: {\huge Flux spectra vs depth in concrete}
msdr: {\it plotted by \ANGEL \version}
msdl: {\it calculated by \PHITS  3.36}
wt: s(0.7)
\vspace{-3}
   vol  &=&   2.8800E+07 [cm^3]
  xmin  &=&  -6.0000E+02 [cm]
  xmax  &=&   6.0000E+02 [cm]
  ymin  &=&  -6.0000E+02 [cm]
  ymax  &=&   6.0000E+02 [cm]
  zmin  &=&  -3.2000E+02 [cm]
  zmax  &=&  -3.0000E+02 [cm]
e:

#------------------------------------------------------------------------------
 newpage:
#   no. = 21   ix  =  1   iy  =  1   iz  = 21
#   x = (  -6.0000E+02  -   6.0000E+02  )
#   y = (  -6.0000E+02  -   6.0000E+02  )
#   z = (  -3.0000E+02  -  -2.8000E+02  )

x: Energy [MeV/n]
y: Flux [1/cm^2/source]              
p: xlog ylog afac(0.8) form(0.9)
h: n            x            y(neutron ),hh0l n y(muon-   ),hh0dr n y(muon+   ),hh0ub n y(proton  ),hh0mg n 
#  e-lower      e-upper        neutron   r.err      muon-     r.err      muon+     r.err      proton    r.err 
   1.0000E-10   1.7783E-10   0.0000E+00  0.0000   0.0000E+00  0.0000   0.0000E+00  0.0000   0.0000E+00  0.0000
   1.7783E-10   3.1623E-10   2.7637E-08  1.0000   0.0000E+00  0.0000   0.0000E+00  0.0000   0.0000E+00  0.0000
   3.1623E-10   5.6234E-10   0.0000E+00  0.0000   0.0000E+00  0.0000   0.0000E+00  0.0000   0.0000E+00  0.0000
   5.6234E-10   1.0000E-09   0.0000E+00  0.0000   0.0000E+00  0.0000   0.0000E+00  0.0000   0.0000E+00  0.0000
   1.0000E-09   1.7783E-09   1.9829E-06  0.9564   0.0000E+00  0.0000   0.0000E+00  0.0000   0.0000E+00  0.0000
   1.7783E-09   3.1623E-09   1.0067E-06  1.0000   0.0000E+00  0.0000   0.0000E+00  0.0000   0.0000E+00  0.0000
   3.1623E-09   5.6234E-09   6.1755E-06  1.0000   0.0000E+00  0.0000   0.0000E+00  0.0000   0.0000E+00  0.0000
   5.6234E-09   1.0000E-08   6.5938E-06  0.7067   0.0000E+00  0.0000   0.0000E+00  0.0000   0.0000E+00  0.0000
   1.0000E-08   1.7783E-08   3.6586E-05  0.7118   0.0000E+00  0.0000   0.0000E+00  0.0000   0.0000E+00  0.0000
   1.7783E-08   3.1623E-08   6.1562E-05  0.7292   0.0000E+00  0.0000   0.0000E+00  0.0000   0.0000E+00  0.0000
   3.1623E-08   5.6234E-08   7.2294E-05  0.7233   0.0000E+00  0.0000   0.0000E+00  0.0000   0.0000E+00  0.0000
   5.6234E-08   1.0000E-07   3.6339E-05  0.9320   0.0000E+00  0.0000   0.0000E+00  0.0000   0.0000E+00  0.0000
   1.0000E-07   1.7783E-07   5.8912E-06  0.7845   0.0000E+00  0.0000   0.0000E+00  0.0000   0.0000E+00  0.0000
   1.7783E-07   3.1623E-07   0.0000E+00  0.0000   0.0000E+00  0.0000   0.0000E+00  0.0000   0.0000E+00  0.0000
   3.1623E-07   5.6234E-07   2.9207E-06  1.0000   0.0000E+00  0.0000   0.0000E+00  0.0000   0.0000E+00  0.0000
   5.6234E-07   1.0000E-06   0.0000E+00  0.0000   0.0000E+00  0.0000   0.0000E+00  0.0000   0.0000E+00  0.0000
   1.0000E-06   1.7783E-06   2.6674E-06  1.0000   0.0000E+00  0.0000   0.0000E+00  0.0000   0.0000E+00  0.0000
   1.7783E-06   3.1623E-06   2.7068E-06  1.0000   0.0000E+00  0.0000   0.0000E+00  0.0000   0.0000E+00  0.0000
   3.1623E-06   5.6234E-06   0.0000E+00  0.0000   0.0000E+00  0.0000   0.0000E+00  0.0000   0.0000E+00  0.0000
   5.6234E-06   1.0000E-05   0.0000E+00  0.0000   0.0000E+00  0.0000   0.0000E+00  0.0000   0.0000E+00  0.0000
   1.0000E-05   1.7783E-05   0.0000E+00  0.0000   0.0000E+00  0.0000   0.0000E+00  0.0000   0.0000E+00  0.0000
   1.7783E-05   3.1623E-05   0.0000E+00  0.0000   0.0000E+00  0.0000   0.0000E+00  0.0000   0.0000E+00  0.0000
   3.1623E-05   5.6234E-05   3.3878E-06  1.0000   0.0000E+00  0.0000   0.0000E+00  0.0000   0.0000E+00  0.0000
   5.6234E-05   1.0000E-04   1.1404E-05  1.0000   0.0000E+00  0.0000   0.0000E+00  0.0000   0.0000E+00  0.0000
   1.0000E-04   1.7783E-04   1.6380E-07  1.0000   0.0000E+00  0.0000   0.0000E+00  0.0000   0.0000E+00  0.0000
   1.7783E-04   3.1623E-04   2.6887E-05  1.0000   5.2480E-21  1.0000   0.0000E+00  0.0000   0.0000E+00  0.0000
   3.1623E-04   5.6234E-04   1.5280E-05  0.9804   0.0000E+00  0.0000   0.0000E+00  0.0000   0.0000E+00  0.0000
   5.6234E-04   1.0000E-03   1.1440E-05  0.9014   0.0000E+00  0.0000   0.0000E+00  0.0000   0.0000E+00  0.0000
   1.0000E-03   1.7783E-03   0.0000E+00  0.0000   3.2307E-11  0.4993   0.0000E+00  0.0000   5.9980E-12  1.0000
   1.7783E-03   3.1623E-03   0.0000E+00  0.0000   1.6228E-11  0.4991   0.0000E+00  0.0000   9.6861E-12  1.0000
   3.1623E-03   5.6234E-03   0.0000E+00  0.0000   2.3976E-11  0.4991   0.0000E+00  0.0000   1.4622E-11  1.0000
   5.6234E-03   1.0000E-02   0.0000E+00  0.0000   3.8453E-11  0.4991   0.0000E+00  0.0000   2.0177E-11  1.0000
   1.0000E-02   1.7783E-02   0.0000E+00  0.0000   6.8950E-11  0.4991   0.0000E+00  0.0000   2.7062E-11  1.0000
   1.7783E-02   3.1623E-02   3.0030E-05  0.7094   1.4235E-10  0.4991   0.0000E+00  0.0000   3.8771E-11  1.0000
   3.1623E-02   5.6234E-02   1.6662E-05  0.9143   3.3255E-10  0.4991   0.0000E+00  0.0000   5.8180E-11  1.0000
   5.6234E-02   1.0000E-01   4.9695E-05  0.9576   8.3326E-10  0.4991   0.0000E+00  0.0000   9.5174E-11  1.0000
   1.0000E-01   1.7783E-01   9.7292E-05  0.7013   2.1389E-09  0.4991   0.0000E+00  0.0000   1.7562E-10  1.0000
   1.7783E-01   3.1623E-01   1.0120E-04  0.7175   5.5948E-09  0.4991   0.0000E+00  0.0000   3.7312E-10  1.0000
   3.1623E-01   5.6234E-01   4.3575E-05  1.0000   1.4997E-08  0.4991   0.0000E+00  0.0000   8.8901E-10  1.0000
   5.6234E-01   1.0000E+00   2.3610E-05  1.0000   4.1132E-08  0.4991   0.0000E+00  0.0000   2.2441E-09  1.0000
   1.0000E+00   1.7783E+00   5.0373E-05  1.0000   1.1517E-07  0.4991   0.0000E+00  0.0000   5.7803E-09  1.0000
   1.7783E+00   3.1623E+00   0.0000E+00  0.0000   3.2761E-07  0.4991   0.0000E+00  0.0000   1.5193E-08  1.0000
   3.1623E+00   5.6234E+00   2.7698E-05  0.7367   9.2585E-07  0.4991   0.0000E+00  0.0000   4.0933E-08  1.0000
   5.6234E+00   1.0000E+01   0.0000E+00  0.0000   2.5791E-06  0.4991   0.0000E+00  0.0000   8.3041E-10  1.0000
   1.0000E+01   1.7783E+01   1.8237E-05  1.0000   7.0223E-06  0.4991   0.0000E+00  0.0000   0.0000E+00  0.0000
   1.7783E+01   3.1623E+01   0.0000E+00  0.0000   1.2224E-05  0.5840   0.0000E+00  0.0000   0.0000E+00  0.0000
   3.1623E+01   5.6234E+01   0.0000E+00  0.0000   2.2409E-05  0.7067   0.0000E+00  0.0000   0.0000E+00  0.0000
   5.6234E+01   1.0000E+02   0.0000E+00  0.0000   3.3759E-05  0.7859   0.0000E+00  0.0000   0.0000E+00  0.0000
   1.0000E+02   1.7783E+02   0.0000E+00  0.0000   9.2261E-06  0.6120   0.0000E+00  0.0000   0.0000E+00  0.0000
   1.7783E+02   3.1623E+02   0.0000E+00  0.0000   2.2790E-04  0.5092   0.0000E+00  0.0000   0.0000E+00  0.0000
   3.1623E+02   5.6234E+02   0.0000E+00  0.0000   3.0150E-04  0.5423   0.0000E+00  0.0000   0.0000E+00  0.0000
   5.6234E+02   1.0000E+03   0.0000E+00  0.0000   4.9721E-04  0.3564   0.0000E+00  0.0000   0.0000E+00  0.0000
   1.0000E+03   1.7783E+03   0.0000E+00  0.0000   8.9210E-04  0.2681   0.0000E+00  0.0000   0.0000E+00  0.0000
   1.7783E+03   3.1623E+03   0.0000E+00  0.0000   7.3686E-04  0.3304   0.0000E+00  0.0000   0.0000E+00  0.0000
   3.1623E+03   5.6234E+03   0.0000E+00  0.0000   7.5388E-04  0.2901   0.0000E+00  0.0000   0.0000E+00  0.0000
   5.6234E+03   1.0000E+04   0.0000E+00  0.0000   6.8692E-04  0.3071   0.0000E+00  0.0000   0.0000E+00  0.0000
   1.0000E+04   1.7783E+04   0.0000E+00  0.0000   3.5052E-04  0.4079   0.0000E+00  0.0000   0.0000E+00  0.0000
   1.7783E+04   3.1623E+04   0.0000E+00  0.0000   2.4378E-04  0.5026   0.0000E+00  0.0000   0.0000E+00  0.0000
   3.1623E+04   5.6234E+04   0.0000E+00  0.0000   8.7553E-05  0.7594   0.0000E+00  0.0000   0.0000E+00  0.0000
   5.6234E+04   1.0000E+05   0.0000E+00  0.0000   0.0000E+00  0.0000   0.0000E+00  0.0000   0.0000E+00  0.0000

#   sum over                 7.6370E-04  0.6091   4.8669E-03  0.1171   0.0000E+00  0.0000   6.6688E-08  1.0000

'no. = 21, (ix,iy,iz) = (  1,  1, 21)'
msuc: {\huge Flux spectra vs depth in concrete}
msdr: {\it plotted by \ANGEL \version}
msdl: {\it calculated by \PHITS  3.36}
wt: s(0.7)
\vspace{-3}
   vol  &=&   2.8800E+07 [cm^3]
  xmin  &=&  -6.0000E+02 [cm]
  xmax  &=&   6.0000E+02 [cm]
  ymin  &=&  -6.0000E+02 [cm]
  ymax  &=&   6.0000E+02 [cm]
  zmin  &=&  -3.0000E+02 [cm]
  zmax  &=&  -2.8000E+02 [cm]
e:

#------------------------------------------------------------------------------
 newpage:
#   no. = 22   ix  =  1   iy  =  1   iz  = 22
#   x = (  -6.0000E+02  -   6.0000E+02  )
#   y = (  -6.0000E+02  -   6.0000E+02  )
#   z = (  -2.8000E+02  -  -2.6000E+02  )

x: Energy [MeV/n]
y: Flux [1/cm^2/source]              
p: xlog ylog afac(0.8) form(0.9)
h: n            x            y(neutron ),hh0l n y(muon-   ),hh0dr n y(muon+   ),hh0ub n y(proton  ),hh0mg n 
#  e-lower      e-upper        neutron   r.err      muon-     r.err      muon+     r.err      proton    r.err 
   1.0000E-10   1.7783E-10   0.0000E+00  0.0000   0.0000E+00  0.0000   0.0000E+00  0.0000   0.0000E+00  0.0000
   1.7783E-10   3.1623E-10   0.0000E+00  0.0000   0.0000E+00  0.0000   0.0000E+00  0.0000   0.0000E+00  0.0000
   3.1623E-10   5.6234E-10   0.0000E+00  0.0000   0.0000E+00  0.0000   0.0000E+00  0.0000   0.0000E+00  0.0000
   5.6234E-10   1.0000E-09   0.0000E+00  0.0000   0.0000E+00  0.0000   0.0000E+00  0.0000   0.0000E+00  0.0000
   1.0000E-09   1.7783E-09   0.0000E+00  0.0000   0.0000E+00  0.0000   0.0000E+00  0.0000   0.0000E+00  0.0000
   1.7783E-09   3.1623E-09   7.7766E-07  0.7157   0.0000E+00  0.0000   0.0000E+00  0.0000   0.0000E+00  0.0000
   3.1623E-09   5.6234E-09   2.4982E-06  0.6875   0.0000E+00  0.0000   0.0000E+00  0.0000   0.0000E+00  0.0000
   5.6234E-09   1.0000E-08   1.3908E-05  0.6676   0.0000E+00  0.0000   0.0000E+00  0.0000   0.0000E+00  0.0000
   1.0000E-08   1.7783E-08   3.8012E-05  0.5886   0.0000E+00  0.0000   0.0000E+00  0.0000   0.0000E+00  0.0000
   1.7783E-08   3.1623E-08   1.2111E-04  0.6120   0.0000E+00  0.0000   0.0000E+00  0.0000   0.0000E+00  0.0000
   3.1623E-08   5.6234E-08   1.3063E-04  0.6284   0.0000E+00  0.0000   0.0000E+00  0.0000   0.0000E+00  0.0000
   5.6234E-08   1.0000E-07   7.6615E-05  0.7039   0.0000E+00  0.0000   0.0000E+00  0.0000   0.0000E+00  0.0000
   1.0000E-07   1.7783E-07   1.0025E-05  0.6304   0.0000E+00  0.0000   0.0000E+00  0.0000   0.0000E+00  0.0000
   1.7783E-07   3.1623E-07   1.0382E-06  1.0000   0.0000E+00  0.0000   0.0000E+00  0.0000   0.0000E+00  0.0000
   3.1623E-07   5.6234E-07   2.4122E-05  1.0000   0.0000E+00  0.0000   0.0000E+00  0.0000   0.0000E+00  0.0000
   5.6234E-07   1.0000E-06   0.0000E+00  0.0000   0.0000E+00  0.0000   0.0000E+00  0.0000   0.0000E+00  0.0000
   1.0000E-06   1.7783E-06   0.0000E+00  0.0000   0.0000E+00  0.0000   0.0000E+00  0.0000   0.0000E+00  0.0000
   1.7783E-06   3.1623E-06   8.9460E-06  0.8703   0.0000E+00  0.0000   0.0000E+00  0.0000   0.0000E+00  0.0000
   3.1623E-06   5.6234E-06   3.8187E-06  1.0000   0.0000E+00  0.0000   0.0000E+00  0.0000   0.0000E+00  0.0000
   5.6234E-06   1.0000E-05   2.4522E-05  1.0000   0.0000E+00  0.0000   0.0000E+00  0.0000   0.0000E+00  0.0000
   1.0000E-05   1.7783E-05   4.0634E-06  1.0000   0.0000E+00  0.0000   0.0000E+00  0.0000   0.0000E+00  0.0000
   1.7783E-05   3.1623E-05   0.0000E+00  0.0000   0.0000E+00  0.0000   0.0000E+00  0.0000   0.0000E+00  0.0000
   3.1623E-05   5.6234E-05   4.0582E-06  1.0000   0.0000E+00  0.0000   0.0000E+00  0.0000   0.0000E+00  0.0000
   5.6234E-05   1.0000E-04   2.5392E-06  1.0000   0.0000E+00  0.0000   0.0000E+00  0.0000   0.0000E+00  0.0000
   1.0000E-04   1.7783E-04   0.0000E+00  0.0000   9.0163E-21  0.7111   0.0000E+00  0.0000   0.0000E+00  0.0000
   1.7783E-04   3.1623E-04   7.8807E-07  0.9983   0.0000E+00  0.0000   0.0000E+00  0.0000   0.0000E+00  0.0000
   3.1623E-04   5.6234E-04   3.4655E-05  1.0000   0.0000E+00  0.0000   0.0000E+00  0.0000   0.0000E+00  0.0000
   5.6234E-04   1.0000E-03   3.2595E-05  0.7389   0.0000E+00  0.0000   0.0000E+00  0.0000   0.0000E+00  0.0000
   1.0000E-03   1.7783E-03   2.2290E-05  1.0000   2.4493E-11  0.5766   0.0000E+00  0.0000   0.0000E+00  0.0000
   1.7783E-03   3.1623E-03   1.3008E-05  0.7425   1.2171E-11  0.5766   0.0000E+00  0.0000   0.0000E+00  0.0000
   3.1623E-03   5.6234E-03   8.6557E-07  1.0000   1.7982E-11  0.5766   0.0000E+00  0.0000   0.0000E+00  0.0000
   5.6234E-03   1.0000E-02   0.0000E+00  0.0000   2.8840E-11  0.5766   0.0000E+00  0.0000   0.0000E+00  0.0000
   1.0000E-02   1.7783E-02   1.3662E-05  0.9504   5.1713E-11  0.5766   0.0000E+00  0.0000   0.0000E+00  0.0000
   1.7783E-02   3.1623E-02   6.2945E-05  0.9289   1.0676E-10  0.5766   0.0000E+00  0.0000   0.0000E+00  0.0000
   3.1623E-02   5.6234E-02   1.2082E-06  1.0000   2.4942E-10  0.5766   0.0000E+00  0.0000   0.0000E+00  0.0000
   5.6234E-02   1.0000E-01   8.2467E-06  1.0000   6.2494E-10  0.5766   0.0000E+00  0.0000   0.0000E+00  0.0000
   1.0000E-01   1.7783E-01   3.7463E-05  0.9077   1.6041E-09  0.5766   0.0000E+00  0.0000   0.0000E+00  0.0000
   1.7783E-01   3.1623E-01   0.0000E+00  0.0000   4.1961E-09  0.5766   0.0000E+00  0.0000   0.0000E+00  0.0000
   3.1623E-01   5.6234E-01   0.0000E+00  0.0000   1.1247E-08  0.5766   0.0000E+00  0.0000   0.0000E+00  0.0000
   5.6234E-01   1.0000E+00   0.0000E+00  0.0000   3.0849E-08  0.5766   0.0000E+00  0.0000   0.0000E+00  0.0000
   1.0000E+00   1.7783E+00   0.0000E+00  0.0000   8.6381E-08  0.5766   0.0000E+00  0.0000   0.0000E+00  0.0000
   1.7783E+00   3.1623E+00   0.0000E+00  0.0000   2.4571E-07  0.5766   0.0000E+00  0.0000   0.0000E+00  0.0000
   3.1623E+00   5.6234E+00   2.0119E-05  1.0000   6.9439E-07  0.5766   0.0000E+00  0.0000   0.0000E+00  0.0000
   5.6234E+00   1.0000E+01   0.0000E+00  0.0000   1.9344E-06  0.5766   0.0000E+00  0.0000   0.0000E+00  0.0000
   1.0000E+01   1.7783E+01   3.2194E-05  1.0000   5.2667E-06  0.5766   0.0000E+00  0.0000   0.0000E+00  0.0000
   1.7783E+01   3.1623E+01   0.0000E+00  0.0000   1.9860E-05  0.4661   0.0000E+00  0.0000   0.0000E+00  0.0000
   3.1623E+01   5.6234E+01   0.0000E+00  0.0000   5.6024E-05  0.4461   0.0000E+00  0.0000   0.0000E+00  0.0000
   5.6234E+01   1.0000E+02   0.0000E+00  0.0000   1.3379E-04  0.4111   0.0000E+00  0.0000   0.0000E+00  0.0000
   1.0000E+02   1.7783E+02   0.0000E+00  0.0000   1.5798E-04  0.5034   0.0000E+00  0.0000   0.0000E+00  0.0000
   1.7783E+02   3.1623E+02   0.0000E+00  0.0000   7.9449E-05  0.6199   0.0000E+00  0.0000   0.0000E+00  0.0000
   3.1623E+02   5.6234E+02   0.0000E+00  0.0000   2.5880E-04  0.4852   0.0000E+00  0.0000   0.0000E+00  0.0000
   5.6234E+02   1.0000E+03   0.0000E+00  0.0000   6.1252E-04  0.3395   0.0000E+00  0.0000   0.0000E+00  0.0000
   1.0000E+03   1.7783E+03   0.0000E+00  0.0000   8.8043E-04  0.2598   0.0000E+00  0.0000   0.0000E+00  0.0000
   1.7783E+03   3.1623E+03   0.0000E+00  0.0000   8.7634E-04  0.3073   0.0000E+00  0.0000   0.0000E+00  0.0000
   3.1623E+03   5.6234E+03   0.0000E+00  0.0000   7.1376E-04  0.3014   0.0000E+00  0.0000   0.0000E+00  0.0000
   5.6234E+03   1.0000E+04   0.0000E+00  0.0000   6.6913E-04  0.3163   0.0000E+00  0.0000   0.0000E+00  0.0000
   1.0000E+04   1.7783E+04   0.0000E+00  0.0000   3.5052E-04  0.4079   0.0000E+00  0.0000   0.0000E+00  0.0000
   1.7783E+04   3.1623E+04   0.0000E+00  0.0000   2.4378E-04  0.5026   0.0000E+00  0.0000   0.0000E+00  0.0000
   3.1623E+04   5.6234E+04   0.0000E+00  0.0000   1.4703E-04  0.7169   0.0000E+00  0.0000   0.0000E+00  0.0000
   5.6234E+04   1.0000E+05   0.0000E+00  0.0000   0.0000E+00  0.0000   0.0000E+00  0.0000   0.0000E+00  0.0000

#   sum over                 7.4673E-04  0.6185   5.2077E-03  0.1136   0.0000E+00  0.0000   0.0000E+00  0.0000

'no. = 22, (ix,iy,iz) = (  1,  1, 22)'
msuc: {\huge Flux spectra vs depth in concrete}
msdr: {\it plotted by \ANGEL \version}
msdl: {\it calculated by \PHITS  3.36}
wt: s(0.7)
\vspace{-3}
   vol  &=&   2.8800E+07 [cm^3]
  xmin  &=&  -6.0000E+02 [cm]
  xmax  &=&   6.0000E+02 [cm]
  ymin  &=&  -6.0000E+02 [cm]
  ymax  &=&   6.0000E+02 [cm]
  zmin  &=&  -2.8000E+02 [cm]
  zmax  &=&  -2.6000E+02 [cm]
e:

#------------------------------------------------------------------------------
 newpage:
#   no. = 23   ix  =  1   iy  =  1   iz  = 23
#   x = (  -6.0000E+02  -   6.0000E+02  )
#   y = (  -6.0000E+02  -   6.0000E+02  )
#   z = (  -2.6000E+02  -  -2.4000E+02  )

x: Energy [MeV/n]
y: Flux [1/cm^2/source]              
p: xlog ylog afac(0.8) form(0.9)
h: n            x            y(neutron ),hh0l n y(muon-   ),hh0dr n y(muon+   ),hh0ub n y(proton  ),hh0mg n 
#  e-lower      e-upper        neutron   r.err      muon-     r.err      muon+     r.err      proton    r.err 
   1.0000E-10   1.7783E-10   0.0000E+00  0.0000   0.0000E+00  0.0000   0.0000E+00  0.0000   0.0000E+00  0.0000
   1.7783E-10   3.1623E-10   0.0000E+00  0.0000   0.0000E+00  0.0000   0.0000E+00  0.0000   0.0000E+00  0.0000
   3.1623E-10   5.6234E-10   0.0000E+00  0.0000   0.0000E+00  0.0000   0.0000E+00  0.0000   0.0000E+00  0.0000
   5.6234E-10   1.0000E-09   0.0000E+00  0.0000   0.0000E+00  0.0000   0.0000E+00  0.0000   0.0000E+00  0.0000
   1.0000E-09   1.7783E-09   0.0000E+00  0.0000   0.0000E+00  0.0000   0.0000E+00  0.0000   0.0000E+00  0.0000
   1.7783E-09   3.1623E-09   7.2302E-07  1.0000   0.0000E+00  0.0000   0.0000E+00  0.0000   0.0000E+00  0.0000
   3.1623E-09   5.6234E-09   7.5526E-07  1.0000   0.0000E+00  0.0000   0.0000E+00  0.0000   0.0000E+00  0.0000
   5.6234E-09   1.0000E-08   3.7743E-06  0.8825   0.0000E+00  0.0000   0.0000E+00  0.0000   0.0000E+00  0.0000
   1.0000E-08   1.7783E-08   1.8686E-05  0.7089   0.0000E+00  0.0000   0.0000E+00  0.0000   0.0000E+00  0.0000
   1.7783E-08   3.1623E-08   3.3902E-05  0.7387   0.0000E+00  0.0000   0.0000E+00  0.0000   0.0000E+00  0.0000
   3.1623E-08   5.6234E-08   6.0088E-05  0.7303   0.0000E+00  0.0000   0.0000E+00  0.0000   0.0000E+00  0.0000
   5.6234E-08   1.0000E-07   8.7034E-05  0.7315   0.0000E+00  0.0000   0.0000E+00  0.0000   0.0000E+00  0.0000
   1.0000E-07   1.7783E-07   2.1269E-05  0.7688   0.0000E+00  0.0000   0.0000E+00  0.0000   0.0000E+00  0.0000
   1.7783E-07   3.1623E-07   1.3271E-06  1.0000   0.0000E+00  0.0000   0.0000E+00  0.0000   0.0000E+00  0.0000
   3.1623E-07   5.6234E-07   0.0000E+00  0.0000   0.0000E+00  0.0000   0.0000E+00  0.0000   0.0000E+00  0.0000
   5.6234E-07   1.0000E-06   0.0000E+00  0.0000   0.0000E+00  0.0000   0.0000E+00  0.0000   0.0000E+00  0.0000
   1.0000E-06   1.7783E-06   0.0000E+00  0.0000   0.0000E+00  0.0000   0.0000E+00  0.0000   0.0000E+00  0.0000
   1.7783E-06   3.1623E-06   0.0000E+00  0.0000   0.0000E+00  0.0000   0.0000E+00  0.0000   0.0000E+00  0.0000
   3.1623E-06   5.6234E-06   0.0000E+00  0.0000   0.0000E+00  0.0000   0.0000E+00  0.0000   0.0000E+00  0.0000
   5.6234E-06   1.0000E-05   0.0000E+00  0.0000   0.0000E+00  0.0000   0.0000E+00  0.0000   0.0000E+00  0.0000
   1.0000E-05   1.7783E-05   0.0000E+00  0.0000   0.0000E+00  0.0000   0.0000E+00  0.0000   0.0000E+00  0.0000
   1.7783E-05   3.1623E-05   0.0000E+00  0.0000   0.0000E+00  0.0000   0.0000E+00  0.0000   0.0000E+00  0.0000
   3.1623E-05   5.6234E-05   0.0000E+00  0.0000   0.0000E+00  0.0000   0.0000E+00  0.0000   0.0000E+00  0.0000
   5.6234E-05   1.0000E-04   0.0000E+00  0.0000   0.0000E+00  0.0000   0.0000E+00  0.0000   0.0000E+00  0.0000
   1.0000E-04   1.7783E-04   0.0000E+00  0.0000   0.0000E+00  0.0000   0.0000E+00  0.0000   0.0000E+00  0.0000
   1.7783E-04   3.1623E-04   0.0000E+00  0.0000   0.0000E+00  0.0000   0.0000E+00  0.0000   0.0000E+00  0.0000
   3.1623E-04   5.6234E-04   0.0000E+00  0.0000   0.0000E+00  0.0000   0.0000E+00  0.0000   0.0000E+00  0.0000
   5.6234E-04   1.0000E-03   0.0000E+00  0.0000   0.0000E+00  0.0000   0.0000E+00  0.0000   0.0000E+00  0.0000
   1.0000E-03   1.7783E-03   0.0000E+00  0.0000   8.3040E-12  1.0000   0.0000E+00  0.0000   0.0000E+00  0.0000
   1.7783E-03   3.1623E-03   0.0000E+00  0.0000   4.0570E-12  1.0000   0.0000E+00  0.0000   0.0000E+00  0.0000
   3.1623E-03   5.6234E-03   0.0000E+00  0.0000   5.9939E-12  1.0000   0.0000E+00  0.0000   0.0000E+00  0.0000
   5.6234E-03   1.0000E-02   0.0000E+00  0.0000   9.6133E-12  1.0000   0.0000E+00  0.0000   0.0000E+00  0.0000
   1.0000E-02   1.7783E-02   0.0000E+00  0.0000   1.7238E-11  1.0000   0.0000E+00  0.0000   0.0000E+00  0.0000
   1.7783E-02   3.1623E-02   0.0000E+00  0.0000   3.5587E-11  1.0000   0.0000E+00  0.0000   0.0000E+00  0.0000
   3.1623E-02   5.6234E-02   0.0000E+00  0.0000   8.3139E-11  1.0000   0.0000E+00  0.0000   0.0000E+00  0.0000
   5.6234E-02   1.0000E-01   0.0000E+00  0.0000   2.0831E-10  1.0000   0.0000E+00  0.0000   0.0000E+00  0.0000
   1.0000E-01   1.7783E-01   0.0000E+00  0.0000   5.3471E-10  1.0000   0.0000E+00  0.0000   0.0000E+00  0.0000
   1.7783E-01   3.1623E-01   0.0000E+00  0.0000   1.3987E-09  1.0000   0.0000E+00  0.0000   0.0000E+00  0.0000
   3.1623E-01   5.6234E-01   0.0000E+00  0.0000   3.7491E-09  1.0000   0.0000E+00  0.0000   0.0000E+00  0.0000
   5.6234E-01   1.0000E+00   0.0000E+00  0.0000   1.0283E-08  1.0000   0.0000E+00  0.0000   0.0000E+00  0.0000
   1.0000E+00   1.7783E+00   0.0000E+00  0.0000   2.8794E-08  1.0000   0.0000E+00  0.0000   0.0000E+00  0.0000
   1.7783E+00   3.1623E+00   0.0000E+00  0.0000   8.1902E-08  1.0000   0.0000E+00  0.0000   0.0000E+00  0.0000
   3.1623E+00   5.6234E+00   0.0000E+00  0.0000   2.3146E-07  1.0000   0.0000E+00  0.0000   0.0000E+00  0.0000
   5.6234E+00   1.0000E+01   0.0000E+00  0.0000   6.4479E-07  1.0000   0.0000E+00  0.0000   0.0000E+00  0.0000
   1.0000E+01   1.7783E+01   0.0000E+00  0.0000   1.7556E-06  1.0000   0.0000E+00  0.0000   0.0000E+00  0.0000
   1.7783E+01   3.1623E+01   0.0000E+00  0.0000   4.5834E-06  1.0000   0.0000E+00  0.0000   0.0000E+00  0.0000
   3.1623E+01   5.6234E+01   0.0000E+00  0.0000   1.1205E-05  1.0000   0.0000E+00  0.0000   0.0000E+00  0.0000
   5.6234E+01   1.0000E+02   0.0000E+00  0.0000   3.3121E-05  0.7762   0.0000E+00  0.0000   0.0000E+00  0.0000
   1.0000E+02   1.7783E+02   0.0000E+00  0.0000   2.1198E-04  0.4378   0.0000E+00  0.0000   0.0000E+00  0.0000
   1.7783E+02   3.1623E+02   0.0000E+00  0.0000   2.7435E-04  0.4198   0.0000E+00  0.0000   0.0000E+00  0.0000
   3.1623E+02   5.6234E+02   0.0000E+00  0.0000   1.5821E-04  0.6066   0.0000E+00  0.0000   0.0000E+00  0.0000
   5.6234E+02   1.0000E+03   0.0000E+00  0.0000   5.8662E-04  0.4258   0.0000E+00  0.0000   0.0000E+00  0.0000
   1.0000E+03   1.7783E+03   0.0000E+00  0.0000   9.9169E-04  0.2517   0.0000E+00  0.0000   0.0000E+00  0.0000
   1.7783E+03   3.1623E+03   0.0000E+00  0.0000   9.2290E-04  0.2949   0.0000E+00  0.0000   0.0000E+00  0.0000
   3.1623E+03   5.6234E+03   0.0000E+00  0.0000   6.2649E-04  0.3164   0.0000E+00  0.0000   0.0000E+00  0.0000
   5.6234E+03   1.0000E+04   0.0000E+00  0.0000   7.0947E-04  0.3040   0.0000E+00  0.0000   0.0000E+00  0.0000
   1.0000E+04   1.7783E+04   0.0000E+00  0.0000   3.5052E-04  0.4079   0.0000E+00  0.0000   0.0000E+00  0.0000
   1.7783E+04   3.1623E+04   0.0000E+00  0.0000   2.4378E-04  0.5026   0.0000E+00  0.0000   0.0000E+00  0.0000
   3.1623E+04   5.6234E+04   0.0000E+00  0.0000   1.4703E-04  0.7169   0.0000E+00  0.0000   0.0000E+00  0.0000
   5.6234E+04   1.0000E+05   0.0000E+00  0.0000   0.0000E+00  0.0000   0.0000E+00  0.0000   0.0000E+00  0.0000

#   sum over                 2.2756E-04  0.7071   5.2747E-03  0.1126   0.0000E+00  0.0000   0.0000E+00  0.0000

'no. = 23, (ix,iy,iz) = (  1,  1, 23)'
msuc: {\huge Flux spectra vs depth in concrete}
msdr: {\it plotted by \ANGEL \version}
msdl: {\it calculated by \PHITS  3.36}
wt: s(0.7)
\vspace{-3}
   vol  &=&   2.8800E+07 [cm^3]
  xmin  &=&  -6.0000E+02 [cm]
  xmax  &=&   6.0000E+02 [cm]
  ymin  &=&  -6.0000E+02 [cm]
  ymax  &=&   6.0000E+02 [cm]
  zmin  &=&  -2.6000E+02 [cm]
  zmax  &=&  -2.4000E+02 [cm]
e:

#------------------------------------------------------------------------------
 newpage:
#   no. = 24   ix  =  1   iy  =  1   iz  = 24
#   x = (  -6.0000E+02  -   6.0000E+02  )
#   y = (  -6.0000E+02  -   6.0000E+02  )
#   z = (  -2.4000E+02  -  -2.2000E+02  )

x: Energy [MeV/n]
y: Flux [1/cm^2/source]              
p: xlog ylog afac(0.8) form(0.9)
h: n            x            y(neutron ),hh0l n y(muon-   ),hh0dr n y(muon+   ),hh0ub n y(proton  ),hh0mg n 
#  e-lower      e-upper        neutron   r.err      muon-     r.err      muon+     r.err      proton    r.err 
   1.0000E-10   1.7783E-10   0.0000E+00  0.0000   0.0000E+00  0.0000   0.0000E+00  0.0000   0.0000E+00  0.0000
   1.7783E-10   3.1623E-10   0.0000E+00  0.0000   0.0000E+00  0.0000   0.0000E+00  0.0000   0.0000E+00  0.0000
   3.1623E-10   5.6234E-10   9.7110E-07  1.0000   0.0000E+00  0.0000   0.0000E+00  0.0000   0.0000E+00  0.0000
   5.6234E-10   1.0000E-09   0.0000E+00  0.0000   0.0000E+00  0.0000   0.0000E+00  0.0000   0.0000E+00  0.0000
   1.0000E-09   1.7783E-09   6.3573E-08  1.0000   0.0000E+00  0.0000   0.0000E+00  0.0000   0.0000E+00  0.0000
   1.7783E-09   3.1623E-09   1.3081E-06  0.8149   0.0000E+00  0.0000   0.0000E+00  0.0000   0.0000E+00  0.0000
   3.1623E-09   5.6234E-09   0.0000E+00  0.0000   0.0000E+00  0.0000   0.0000E+00  0.0000   0.0000E+00  0.0000
   5.6234E-09   1.0000E-08   5.6560E-06  0.7462   0.0000E+00  0.0000   0.0000E+00  0.0000   0.0000E+00  0.0000
   1.0000E-08   1.7783E-08   2.3300E-05  0.9673   0.0000E+00  0.0000   0.0000E+00  0.0000   0.0000E+00  0.0000
   1.7783E-08   3.1623E-08   6.0209E-05  0.7714   0.0000E+00  0.0000   0.0000E+00  0.0000   0.0000E+00  0.0000
   3.1623E-08   5.6234E-08   3.0480E-05  0.9306   0.0000E+00  0.0000   0.0000E+00  0.0000   0.0000E+00  0.0000
   5.6234E-08   1.0000E-07   2.6352E-05  0.8699   0.0000E+00  0.0000   0.0000E+00  0.0000   0.0000E+00  0.0000
   1.0000E-07   1.7783E-07   5.7783E-06  1.0000   0.0000E+00  0.0000   0.0000E+00  0.0000   0.0000E+00  0.0000
   1.7783E-07   3.1623E-07   0.0000E+00  0.0000   0.0000E+00  0.0000   0.0000E+00  0.0000   0.0000E+00  0.0000
   3.1623E-07   5.6234E-07   3.7755E-06  1.0000   0.0000E+00  0.0000   0.0000E+00  0.0000   0.0000E+00  0.0000
   5.6234E-07   1.0000E-06   0.0000E+00  0.0000   0.0000E+00  0.0000   0.0000E+00  0.0000   0.0000E+00  0.0000
   1.0000E-06   1.7783E-06   0.0000E+00  0.0000   0.0000E+00  0.0000   0.0000E+00  0.0000   0.0000E+00  0.0000
   1.7783E-06   3.1623E-06   1.1889E-06  1.0000   0.0000E+00  0.0000   0.0000E+00  0.0000   0.0000E+00  0.0000
   3.1623E-06   5.6234E-06   0.0000E+00  0.0000   0.0000E+00  0.0000   0.0000E+00  0.0000   0.0000E+00  0.0000
   5.6234E-06   1.0000E-05   1.2999E-07  1.0000   0.0000E+00  0.0000   0.0000E+00  0.0000   0.0000E+00  0.0000
   1.0000E-05   1.7783E-05   0.0000E+00  0.0000   0.0000E+00  0.0000   0.0000E+00  0.0000   0.0000E+00  0.0000
   1.7783E-05   3.1623E-05   5.1136E-06  1.0000   0.0000E+00  0.0000   0.0000E+00  0.0000   0.0000E+00  0.0000
   3.1623E-05   5.6234E-05   0.0000E+00  0.0000   0.0000E+00  0.0000   0.0000E+00  0.0000   0.0000E+00  0.0000
   5.6234E-05   1.0000E-04   9.9513E-06  1.0000   0.0000E+00  0.0000   0.0000E+00  0.0000   0.0000E+00  0.0000
   1.0000E-04   1.7783E-04   2.8442E-06  1.0000   3.9894E-21  1.0000   0.0000E+00  0.0000   0.0000E+00  0.0000
   1.7783E-04   3.1623E-04   6.3653E-07  1.0000   0.0000E+00  0.0000   0.0000E+00  0.0000   0.0000E+00  0.0000
   3.1623E-04   5.6234E-04   4.2669E-06  1.0000   0.0000E+00  0.0000   0.0000E+00  0.0000   0.0000E+00  0.0000
   5.6234E-04   1.0000E-03   0.0000E+00  0.0000   0.0000E+00  0.0000   0.0000E+00  0.0000   0.0000E+00  0.0000
   1.0000E-03   1.7783E-03   0.0000E+00  0.0000   1.5990E-11  0.7069   0.0000E+00  0.0000   0.0000E+00  0.0000
   1.7783E-03   3.1623E-03   0.0000E+00  0.0000   8.1140E-12  0.7067   0.0000E+00  0.0000   0.0000E+00  0.0000
   3.1623E-03   5.6234E-03   0.0000E+00  0.0000   1.1988E-11  0.7067   0.0000E+00  0.0000   0.0000E+00  0.0000
   5.6234E-03   1.0000E-02   1.1962E-06  1.0000   1.9227E-11  0.7067   0.0000E+00  0.0000   0.0000E+00  0.0000
   1.0000E-02   1.7783E-02   0.0000E+00  0.0000   3.4475E-11  0.7067   0.0000E+00  0.0000   0.0000E+00  0.0000
   1.7783E-02   3.1623E-02   0.0000E+00  0.0000   7.1175E-11  0.7067   0.0000E+00  0.0000   0.0000E+00  0.0000
   3.1623E-02   5.6234E-02   0.0000E+00  0.0000   1.6628E-10  0.7067   0.0000E+00  0.0000   0.0000E+00  0.0000
   5.6234E-02   1.0000E-01   0.0000E+00  0.0000   4.1663E-10  0.7067   0.0000E+00  0.0000   0.0000E+00  0.0000
   1.0000E-01   1.7783E-01   0.0000E+00  0.0000   1.0694E-09  0.7067   0.0000E+00  0.0000   0.0000E+00  0.0000
   1.7783E-01   3.1623E-01   0.0000E+00  0.0000   2.7974E-09  0.7067   0.0000E+00  0.0000   0.0000E+00  0.0000
   3.1623E-01   5.6234E-01   0.0000E+00  0.0000   7.4983E-09  0.7067   0.0000E+00  0.0000   0.0000E+00  0.0000
   5.6234E-01   1.0000E+00   0.0000E+00  0.0000   2.0566E-08  0.7067   0.0000E+00  0.0000   0.0000E+00  0.0000
   1.0000E+00   1.7783E+00   0.0000E+00  0.0000   5.7587E-08  0.7067   0.0000E+00  0.0000   0.0000E+00  0.0000
   1.7783E+00   3.1623E+00   4.2223E-06  1.0000   1.6380E-07  0.7067   0.0000E+00  0.0000   0.0000E+00  0.0000
   3.1623E+00   5.6234E+00   3.6080E-05  1.0000   4.6293E-07  0.7067   0.0000E+00  0.0000   0.0000E+00  0.0000
   5.6234E+00   1.0000E+01   0.0000E+00  0.0000   1.2896E-06  0.7067   0.0000E+00  0.0000   0.0000E+00  0.0000
   1.0000E+01   1.7783E+01   0.0000E+00  0.0000   3.5112E-06  0.7067   0.0000E+00  0.0000   0.0000E+00  0.0000
   1.7783E+01   3.1623E+01   0.0000E+00  0.0000   8.2260E-06  0.7113   0.0000E+00  0.0000   0.0000E+00  0.0000
   3.1623E+01   5.6234E+01   0.0000E+00  0.0000   1.1205E-05  1.0000   0.0000E+00  0.0000   0.0000E+00  0.0000
   5.6234E+01   1.0000E+02   0.0000E+00  0.0000   2.1402E-05  1.0000   0.0000E+00  0.0000   0.0000E+00  0.0000
   1.0000E+02   1.7783E+02   0.0000E+00  0.0000   3.4468E-05  1.0000   0.0000E+00  0.0000   0.0000E+00  0.0000
   1.7783E+02   3.1623E+02   0.0000E+00  0.0000   3.7102E-04  0.3763   0.0000E+00  0.0000   0.0000E+00  0.0000
   3.1623E+02   5.6234E+02   0.0000E+00  0.0000   2.5065E-04  0.4155   0.0000E+00  0.0000   0.0000E+00  0.0000
   5.6234E+02   1.0000E+03   0.0000E+00  0.0000   2.6636E-04  0.4882   0.0000E+00  0.0000   0.0000E+00  0.0000
   1.0000E+03   1.7783E+03   0.0000E+00  0.0000   1.2969E-03  0.2390   0.0000E+00  0.0000   0.0000E+00  0.0000
   1.7783E+03   3.1623E+03   0.0000E+00  0.0000   8.2684E-04  0.3025   0.0000E+00  0.0000   0.0000E+00  0.0000
   3.1623E+03   5.6234E+03   0.0000E+00  0.0000   6.7810E-04  0.3214   0.0000E+00  0.0000   0.0000E+00  0.0000
   5.6234E+03   1.0000E+04   0.0000E+00  0.0000   7.2918E-04  0.3188   0.0000E+00  0.0000   0.0000E+00  0.0000
   1.0000E+04   1.7783E+04   0.0000E+00  0.0000   3.5052E-04  0.4079   0.0000E+00  0.0000   0.0000E+00  0.0000
   1.7783E+04   3.1623E+04   0.0000E+00  0.0000   2.4378E-04  0.5026   0.0000E+00  0.0000   0.0000E+00  0.0000
   3.1623E+04   5.6234E+04   0.0000E+00  0.0000   1.4703E-04  0.7169   0.0000E+00  0.0000   0.0000E+00  0.0000
   5.6234E+04   1.0000E+05   0.0000E+00  0.0000   0.0000E+00  0.0000   0.0000E+00  0.0000   0.0000E+00  0.0000

#   sum over                 2.2352E-04  0.7287   5.2412E-03  0.1141   0.0000E+00  0.0000   0.0000E+00  0.0000

'no. = 24, (ix,iy,iz) = (  1,  1, 24)'
msuc: {\huge Flux spectra vs depth in concrete}
msdr: {\it plotted by \ANGEL \version}
msdl: {\it calculated by \PHITS  3.36}
wt: s(0.7)
\vspace{-3}
   vol  &=&   2.8800E+07 [cm^3]
  xmin  &=&  -6.0000E+02 [cm]
  xmax  &=&   6.0000E+02 [cm]
  ymin  &=&  -6.0000E+02 [cm]
  ymax  &=&   6.0000E+02 [cm]
  zmin  &=&  -2.4000E+02 [cm]
  zmax  &=&  -2.2000E+02 [cm]
e:

#------------------------------------------------------------------------------
 newpage:
#   no. = 25   ix  =  1   iy  =  1   iz  = 25
#   x = (  -6.0000E+02  -   6.0000E+02  )
#   y = (  -6.0000E+02  -   6.0000E+02  )
#   z = (  -2.2000E+02  -  -2.0000E+02  )

x: Energy [MeV/n]
y: Flux [1/cm^2/source]              
p: xlog ylog afac(0.8) form(0.9)
h: n            x            y(neutron ),hh0l n y(muon-   ),hh0dr n y(muon+   ),hh0ub n y(proton  ),hh0mg n 
#  e-lower      e-upper        neutron   r.err      muon-     r.err      muon+     r.err      proton    r.err 
   1.0000E-10   1.7783E-10   0.0000E+00  0.0000   0.0000E+00  0.0000   0.0000E+00  0.0000   0.0000E+00  0.0000
   1.7783E-10   3.1623E-10   0.0000E+00  0.0000   0.0000E+00  0.0000   0.0000E+00  0.0000   0.0000E+00  0.0000
   3.1623E-10   5.6234E-10   0.0000E+00  0.0000   0.0000E+00  0.0000   0.0000E+00  0.0000   0.0000E+00  0.0000
   5.6234E-10   1.0000E-09   0.0000E+00  0.0000   0.0000E+00  0.0000   0.0000E+00  0.0000   0.0000E+00  0.0000
   1.0000E-09   1.7783E-09   2.1892E-06  0.9395   0.0000E+00  0.0000   0.0000E+00  0.0000   0.0000E+00  0.0000
   1.7783E-09   3.1623E-09   5.3697E-07  1.0000   0.0000E+00  0.0000   0.0000E+00  0.0000   0.0000E+00  0.0000
   3.1623E-09   5.6234E-09   7.5361E-07  1.0000   0.0000E+00  0.0000   0.0000E+00  0.0000   0.0000E+00  0.0000
   5.6234E-09   1.0000E-08   1.4606E-05  0.6607   0.0000E+00  0.0000   0.0000E+00  0.0000   0.0000E+00  0.0000
   1.0000E-08   1.7783E-08   3.3862E-05  0.6940   0.0000E+00  0.0000   0.0000E+00  0.0000   0.0000E+00  0.0000
   1.7783E-08   3.1623E-08   1.5476E-04  0.6292   0.0000E+00  0.0000   0.0000E+00  0.0000   0.0000E+00  0.0000
   3.1623E-08   5.6234E-08   1.0755E-04  0.6720   0.0000E+00  0.0000   0.0000E+00  0.0000   0.0000E+00  0.0000
   5.6234E-08   1.0000E-07   1.0577E-04  0.6243   0.0000E+00  0.0000   0.0000E+00  0.0000   0.0000E+00  0.0000
   1.0000E-07   1.7783E-07   4.7195E-05  0.7757   0.0000E+00  0.0000   0.0000E+00  0.0000   0.0000E+00  0.0000
   1.7783E-07   3.1623E-07   2.3200E-05  0.8795   0.0000E+00  0.0000   0.0000E+00  0.0000   0.0000E+00  0.0000
   3.1623E-07   5.6234E-07   0.0000E+00  0.0000   0.0000E+00  0.0000   0.0000E+00  0.0000   0.0000E+00  0.0000
   5.6234E-07   1.0000E-06   1.8721E-05  0.7686   0.0000E+00  0.0000   0.0000E+00  0.0000   0.0000E+00  0.0000
   1.0000E-06   1.7783E-06   0.0000E+00  0.0000   0.0000E+00  0.0000   0.0000E+00  0.0000   0.0000E+00  0.0000
   1.7783E-06   3.1623E-06   3.2945E-06  1.0000   0.0000E+00  0.0000   0.0000E+00  0.0000   0.0000E+00  0.0000
   3.1623E-06   5.6234E-06   1.9114E-05  0.7067   0.0000E+00  0.0000   0.0000E+00  0.0000   0.0000E+00  0.0000
   5.6234E-06   1.0000E-05   1.9614E-05  1.0000   0.0000E+00  0.0000   0.0000E+00  0.0000   0.0000E+00  0.0000
   1.0000E-05   1.7783E-05   0.0000E+00  0.0000   0.0000E+00  0.0000   0.0000E+00  0.0000   0.0000E+00  0.0000
   1.7783E-05   3.1623E-05   0.0000E+00  0.0000   0.0000E+00  0.0000   0.0000E+00  0.0000   0.0000E+00  0.0000
   3.1623E-05   5.6234E-05   0.0000E+00  0.0000   0.0000E+00  0.0000   0.0000E+00  0.0000   0.0000E+00  0.0000
   5.6234E-05   1.0000E-04   0.0000E+00  0.0000   0.0000E+00  0.0000   0.0000E+00  0.0000   0.0000E+00  0.0000
   1.0000E-04   1.7783E-04   0.0000E+00  0.0000   0.0000E+00  0.0000   0.0000E+00  0.0000   0.0000E+00  0.0000
   1.7783E-04   3.1623E-04   2.4162E-05  1.0000   0.0000E+00  0.0000   0.0000E+00  0.0000   0.0000E+00  0.0000
   3.1623E-04   5.6234E-04   0.0000E+00  0.0000   0.0000E+00  0.0000   0.0000E+00  0.0000   0.0000E+00  0.0000
   5.6234E-04   1.0000E-03   0.0000E+00  0.0000   0.0000E+00  0.0000   0.0000E+00  0.0000   0.0000E+00  0.0000
   1.0000E-03   1.7783E-03   0.0000E+00  0.0000   2.4912E-11  0.5766   0.0000E+00  0.0000   0.0000E+00  0.0000
   1.7783E-03   3.1623E-03   0.0000E+00  0.0000   1.2171E-11  0.5766   0.0000E+00  0.0000   0.0000E+00  0.0000
   3.1623E-03   5.6234E-03   0.0000E+00  0.0000   1.7982E-11  0.5766   0.0000E+00  0.0000   0.0000E+00  0.0000
   5.6234E-03   1.0000E-02   1.1123E-05  1.0000   2.8840E-11  0.5766   0.0000E+00  0.0000   0.0000E+00  0.0000
   1.0000E-02   1.7783E-02   0.0000E+00  0.0000   5.1713E-11  0.5766   0.0000E+00  0.0000   0.0000E+00  0.0000
   1.7783E-02   3.1623E-02   1.9327E-05  1.0000   1.0676E-10  0.5766   0.0000E+00  0.0000   0.0000E+00  0.0000
   3.1623E-02   5.6234E-02   3.1734E-05  1.0000   2.4942E-10  0.5766   0.0000E+00  0.0000   0.0000E+00  0.0000
   5.6234E-02   1.0000E-01   1.6936E-05  0.8026   6.2494E-10  0.5766   0.0000E+00  0.0000   0.0000E+00  0.0000
   1.0000E-01   1.7783E-01   1.0233E-04  0.8719   1.6041E-09  0.5766   0.0000E+00  0.0000   0.0000E+00  0.0000
   1.7783E-01   3.1623E-01   6.3272E-05  0.7170   4.1961E-09  0.5766   0.0000E+00  0.0000   0.0000E+00  0.0000
   3.1623E-01   5.6234E-01   3.0836E-05  0.7096   1.1247E-08  0.5766   0.0000E+00  0.0000   0.0000E+00  0.0000
   5.6234E-01   1.0000E+00   3.8220E-05  0.8761   3.0849E-08  0.5766   0.0000E+00  0.0000   0.0000E+00  0.0000
   1.0000E+00   1.7783E+00   1.2129E-04  0.8433   8.6381E-08  0.5766   0.0000E+00  0.0000   0.0000E+00  0.0000
   1.7783E+00   3.1623E+00   1.4979E-04  0.6107   2.4571E-07  0.5766   0.0000E+00  0.0000   0.0000E+00  0.0000
   3.1623E+00   5.6234E+00   3.2608E-05  1.0000   6.9439E-07  0.5766   0.0000E+00  0.0000   0.0000E+00  0.0000
   5.6234E+00   1.0000E+01   0.0000E+00  0.0000   1.9344E-06  0.5766   0.0000E+00  0.0000   0.0000E+00  0.0000
   1.0000E+01   1.7783E+01   0.0000E+00  0.0000   4.9606E-06  0.5788   0.0000E+00  0.0000   0.0000E+00  0.0000
   1.7783E+01   3.1623E+01   0.0000E+00  0.0000   1.0108E-05  0.6475   0.0000E+00  0.0000   0.0000E+00  0.0000
   3.1623E+01   5.6234E+01   0.0000E+00  0.0000   3.3614E-05  0.5766   0.0000E+00  0.0000   0.0000E+00  0.0000
   5.6234E+01   1.0000E+02   0.0000E+00  0.0000   6.4121E-05  0.5781   0.0000E+00  0.0000   0.0000E+00  0.0000
   1.0000E+02   1.7783E+02   0.0000E+00  0.0000   7.6189E-05  0.7283   0.0000E+00  0.0000   0.0000E+00  0.0000
   1.7783E+02   3.1623E+02   0.0000E+00  0.0000   9.9639E-05  0.6694   0.0000E+00  0.0000   0.0000E+00  0.0000
   3.1623E+02   5.6234E+02   0.0000E+00  0.0000   4.6916E-04  0.3694   0.0000E+00  0.0000   0.0000E+00  0.0000
   5.6234E+02   1.0000E+03   0.0000E+00  0.0000   1.8292E-04  0.5668   0.0000E+00  0.0000   0.0000E+00  0.0000
   1.0000E+03   1.7783E+03   0.0000E+00  0.0000   1.3330E-03  0.2469   0.0000E+00  0.0000   0.0000E+00  0.0000
   1.7783E+03   3.1623E+03   0.0000E+00  0.0000   9.3344E-04  0.2684   0.0000E+00  0.0000   0.0000E+00  0.0000
   3.1623E+03   5.6234E+03   0.0000E+00  0.0000   7.2639E-04  0.3065   0.0000E+00  0.0000   0.0000E+00  0.0000
   5.6234E+03   1.0000E+04   0.0000E+00  0.0000   6.8220E-04  0.3267   0.0000E+00  0.0000   0.0000E+00  0.0000
   1.0000E+04   1.7783E+04   0.0000E+00  0.0000   3.9148E-04  0.3796   0.0000E+00  0.0000   0.0000E+00  0.0000
   1.7783E+04   3.1623E+04   0.0000E+00  0.0000   2.5353E-04  0.4847   0.0000E+00  0.0000   0.0000E+00  0.0000
   3.1623E+04   5.6234E+04   0.0000E+00  0.0000   1.4703E-04  0.7169   0.0000E+00  0.0000   0.0000E+00  0.0000
   5.6234E+04   1.0000E+05   0.0000E+00  0.0000   0.0000E+00  0.0000   0.0000E+00  0.0000   0.0000E+00  0.0000

#   sum over                 1.1928E-03  0.5945   5.4108E-03  0.1107   0.0000E+00  0.0000   0.0000E+00  0.0000

'no. = 25, (ix,iy,iz) = (  1,  1, 25)'
msuc: {\huge Flux spectra vs depth in concrete}
msdr: {\it plotted by \ANGEL \version}
msdl: {\it calculated by \PHITS  3.36}
wt: s(0.7)
\vspace{-3}
   vol  &=&   2.8800E+07 [cm^3]
  xmin  &=&  -6.0000E+02 [cm]
  xmax  &=&   6.0000E+02 [cm]
  ymin  &=&  -6.0000E+02 [cm]
  ymax  &=&   6.0000E+02 [cm]
  zmin  &=&  -2.2000E+02 [cm]
  zmax  &=&  -2.0000E+02 [cm]
e:

#------------------------------------------------------------------------------
 newpage:
#   no. = 26   ix  =  1   iy  =  1   iz  = 26
#   x = (  -6.0000E+02  -   6.0000E+02  )
#   y = (  -6.0000E+02  -   6.0000E+02  )
#   z = (  -2.0000E+02  -  -1.8000E+02  )

x: Energy [MeV/n]
y: Flux [1/cm^2/source]              
p: xlog ylog afac(0.8) form(0.9)
h: n            x            y(neutron ),hh0l n y(muon-   ),hh0dr n y(muon+   ),hh0ub n y(proton  ),hh0mg n 
#  e-lower      e-upper        neutron   r.err      muon-     r.err      muon+     r.err      proton    r.err 
   1.0000E-10   1.7783E-10   0.0000E+00  0.0000   0.0000E+00  0.0000   0.0000E+00  0.0000   0.0000E+00  0.0000
   1.7783E-10   3.1623E-10   0.0000E+00  0.0000   0.0000E+00  0.0000   0.0000E+00  0.0000   0.0000E+00  0.0000
   3.1623E-10   5.6234E-10   0.0000E+00  0.0000   0.0000E+00  0.0000   0.0000E+00  0.0000   0.0000E+00  0.0000
   5.6234E-10   1.0000E-09   0.0000E+00  0.0000   0.0000E+00  0.0000   0.0000E+00  0.0000   0.0000E+00  0.0000
   1.0000E-09   1.7783E-09   4.0753E-07  1.0000   0.0000E+00  0.0000   0.0000E+00  0.0000   0.0000E+00  0.0000
   1.7783E-09   3.1623E-09   1.7071E-07  1.0000   0.0000E+00  0.0000   0.0000E+00  0.0000   0.0000E+00  0.0000
   3.1623E-09   5.6234E-09   0.0000E+00  0.0000   0.0000E+00  0.0000   0.0000E+00  0.0000   0.0000E+00  0.0000
   5.6234E-09   1.0000E-08   6.8816E-06  0.7096   0.0000E+00  0.0000   0.0000E+00  0.0000   0.0000E+00  0.0000
   1.0000E-08   1.7783E-08   1.5414E-05  0.7256   0.0000E+00  0.0000   0.0000E+00  0.0000   0.0000E+00  0.0000
   1.7783E-08   3.1623E-08   2.9872E-05  0.8459   0.0000E+00  0.0000   0.0000E+00  0.0000   0.0000E+00  0.0000
   3.1623E-08   5.6234E-08   2.2004E-05  0.7411   0.0000E+00  0.0000   0.0000E+00  0.0000   0.0000E+00  0.0000
   5.6234E-08   1.0000E-07   1.2557E-05  0.9210   0.0000E+00  0.0000   0.0000E+00  0.0000   0.0000E+00  0.0000
   1.0000E-07   1.7783E-07   1.3734E-05  0.9045   0.0000E+00  0.0000   0.0000E+00  0.0000   0.0000E+00  0.0000
   1.7783E-07   3.1623E-07   0.0000E+00  0.0000   0.0000E+00  0.0000   0.0000E+00  0.0000   0.0000E+00  0.0000
   3.1623E-07   5.6234E-07   1.4412E-05  1.0000   0.0000E+00  0.0000   0.0000E+00  0.0000   0.0000E+00  0.0000
   5.6234E-07   1.0000E-06   2.5225E-05  1.0000   0.0000E+00  0.0000   0.0000E+00  0.0000   0.0000E+00  0.0000
   1.0000E-06   1.7783E-06   0.0000E+00  0.0000   0.0000E+00  0.0000   0.0000E+00  0.0000   0.0000E+00  0.0000
   1.7783E-06   3.1623E-06   0.0000E+00  0.0000   0.0000E+00  0.0000   0.0000E+00  0.0000   0.0000E+00  0.0000
   3.1623E-06   5.6234E-06   1.6725E-05  1.0000   0.0000E+00  0.0000   0.0000E+00  0.0000   0.0000E+00  0.0000
   5.6234E-06   1.0000E-05   2.0427E-05  0.7686   0.0000E+00  0.0000   0.0000E+00  0.0000   0.0000E+00  0.0000
   1.0000E-05   1.7783E-05   0.0000E+00  0.0000   0.0000E+00  0.0000   0.0000E+00  0.0000   0.0000E+00  0.0000
   1.7783E-05   3.1623E-05   0.0000E+00  0.0000   0.0000E+00  0.0000   0.0000E+00  0.0000   0.0000E+00  0.0000
   3.1623E-05   5.6234E-05   1.1005E-07  1.0000   0.0000E+00  0.0000   0.0000E+00  0.0000   0.0000E+00  0.0000
   5.6234E-05   1.0000E-04   0.0000E+00  0.0000   0.0000E+00  0.0000   0.0000E+00  0.0000   0.0000E+00  0.0000
   1.0000E-04   1.7783E-04   0.0000E+00  0.0000   0.0000E+00  0.0000   0.0000E+00  0.0000   0.0000E+00  0.0000
   1.7783E-04   3.1623E-04   4.9188E-06  1.0000   5.1927E-21  1.0000   0.0000E+00  0.0000   0.0000E+00  0.0000
   3.1623E-04   5.6234E-04   1.9028E-05  0.7096   0.0000E+00  0.0000   0.0000E+00  0.0000   0.0000E+00  0.0000
   5.6234E-04   1.0000E-03   3.5915E-06  1.0000   0.0000E+00  0.0000   0.0000E+00  0.0000   0.0000E+00  0.0000
   1.0000E-03   1.7783E-03   3.4788E-07  1.0000   1.6399E-11  0.7067   0.0000E+00  0.0000   0.0000E+00  0.0000
   1.7783E-03   3.1623E-03   0.0000E+00  0.0000   8.1140E-12  0.7067   0.0000E+00  0.0000   0.0000E+00  0.0000
   3.1623E-03   5.6234E-03   0.0000E+00  0.0000   1.1988E-11  0.7067   0.0000E+00  0.0000   0.0000E+00  0.0000
   5.6234E-03   1.0000E-02   0.0000E+00  0.0000   1.9227E-11  0.7067   0.0000E+00  0.0000   0.0000E+00  0.0000
   1.0000E-02   1.7783E-02   0.0000E+00  0.0000   3.4475E-11  0.7067   0.0000E+00  0.0000   0.0000E+00  0.0000
   1.7783E-02   3.1623E-02   3.2197E-05  1.0000   7.1175E-11  0.7067   0.0000E+00  0.0000   0.0000E+00  0.0000
   3.1623E-02   5.6234E-02   2.8550E-05  1.0000   1.6628E-10  0.7067   0.0000E+00  0.0000   0.0000E+00  0.0000
   5.6234E-02   1.0000E-01   2.1166E-05  1.0000   4.1663E-10  0.7067   0.0000E+00  0.0000   0.0000E+00  0.0000
   1.0000E-01   1.7783E-01   0.0000E+00  0.0000   1.0694E-09  0.7067   0.0000E+00  0.0000   0.0000E+00  0.0000
   1.7783E-01   3.1623E-01   0.0000E+00  0.0000   2.7974E-09  0.7067   0.0000E+00  0.0000   0.0000E+00  0.0000
   3.1623E-01   5.6234E-01   0.0000E+00  0.0000   7.4983E-09  0.7067   0.0000E+00  0.0000   0.0000E+00  0.0000
   5.6234E-01   1.0000E+00   0.0000E+00  0.0000   2.0566E-08  0.7067   0.0000E+00  0.0000   0.0000E+00  0.0000
   1.0000E+00   1.7783E+00   7.9879E-06  1.0000   5.7587E-08  0.7067   0.0000E+00  0.0000   0.0000E+00  0.0000
   1.7783E+00   3.1623E+00   5.1686E-05  0.7450   1.6380E-07  0.7067   0.0000E+00  0.0000   0.0000E+00  0.0000
   3.1623E+00   5.6234E+00   0.0000E+00  0.0000   4.6293E-07  0.7067   0.0000E+00  0.0000   0.0000E+00  0.0000
   5.6234E+00   1.0000E+01   0.0000E+00  0.0000   1.2896E-06  0.7067   0.0000E+00  0.0000   0.0000E+00  0.0000
   1.0000E+01   1.7783E+01   0.0000E+00  0.0000   3.8173E-06  0.6548   0.0000E+00  0.0000   0.0000E+00  0.0000
   1.7783E+01   3.1623E+01   0.0000E+00  0.0000   1.3750E-05  0.5766   0.0000E+00  0.0000   0.0000E+00  0.0000
   3.1623E+01   5.6234E+01   0.0000E+00  0.0000   3.3614E-05  0.5766   0.0000E+00  0.0000   0.0000E+00  0.0000
   5.6234E+01   1.0000E+02   0.0000E+00  0.0000   6.3884E-05  0.5315   0.0000E+00  0.0000   0.0000E+00  0.0000
   1.0000E+02   1.7783E+02   0.0000E+00  0.0000   1.4363E-04  0.5210   0.0000E+00  0.0000   0.0000E+00  0.0000
   1.7783E+02   3.1623E+02   0.0000E+00  0.0000   1.2538E-04  0.5927   0.0000E+00  0.0000   0.0000E+00  0.0000
   3.1623E+02   5.6234E+02   0.0000E+00  0.0000   4.6527E-04  0.3580   0.0000E+00  0.0000   0.0000E+00  0.0000
   5.6234E+02   1.0000E+03   0.0000E+00  0.0000   2.2499E-04  0.5090   0.0000E+00  0.0000   0.0000E+00  0.0000
   1.0000E+03   1.7783E+03   0.0000E+00  0.0000   1.1302E-03  0.2745   0.0000E+00  0.0000   0.0000E+00  0.0000
   1.7783E+03   3.1623E+03   0.0000E+00  0.0000   9.9204E-04  0.2650   0.0000E+00  0.0000   0.0000E+00  0.0000
   3.1623E+03   5.6234E+03   0.0000E+00  0.0000   8.3204E-04  0.2926   0.0000E+00  0.0000   0.0000E+00  0.0000
   5.6234E+03   1.0000E+04   0.0000E+00  0.0000   6.4651E-04  0.3405   0.0000E+00  0.0000   0.0000E+00  0.0000
   1.0000E+04   1.7783E+04   0.0000E+00  0.0000   4.2718E-04  0.3793   0.0000E+00  0.0000   0.0000E+00  0.0000
   1.7783E+04   3.1623E+04   0.0000E+00  0.0000   3.2153E-04  0.4508   0.0000E+00  0.0000   0.0000E+00  0.0000
   3.1623E+04   5.6234E+04   0.0000E+00  0.0000   1.4702E-04  0.7169   0.0000E+00  0.0000   0.0000E+00  0.0000
   5.6234E+04   1.0000E+05   0.0000E+00  0.0000   0.0000E+00  0.0000   0.0000E+00  0.0000   0.0000E+00  0.0000

#   sum over                 3.4741E-04  0.5448   5.5729E-03  0.1091   0.0000E+00  0.0000   0.0000E+00  0.0000

'no. = 26, (ix,iy,iz) = (  1,  1, 26)'
msuc: {\huge Flux spectra vs depth in concrete}
msdr: {\it plotted by \ANGEL \version}
msdl: {\it calculated by \PHITS  3.36}
wt: s(0.7)
\vspace{-3}
   vol  &=&   2.8800E+07 [cm^3]
  xmin  &=&  -6.0000E+02 [cm]
  xmax  &=&   6.0000E+02 [cm]
  ymin  &=&  -6.0000E+02 [cm]
  ymax  &=&   6.0000E+02 [cm]
  zmin  &=&  -2.0000E+02 [cm]
  zmax  &=&  -1.8000E+02 [cm]
e:

#------------------------------------------------------------------------------
 newpage:
#   no. = 27   ix  =  1   iy  =  1   iz  = 27
#   x = (  -6.0000E+02  -   6.0000E+02  )
#   y = (  -6.0000E+02  -   6.0000E+02  )
#   z = (  -1.8000E+02  -  -1.6000E+02  )

x: Energy [MeV/n]
y: Flux [1/cm^2/source]              
p: xlog ylog afac(0.8) form(0.9)
h: n            x            y(neutron ),hh0l n y(muon-   ),hh0dr n y(muon+   ),hh0ub n y(proton  ),hh0mg n 
#  e-lower      e-upper        neutron   r.err      muon-     r.err      muon+     r.err      proton    r.err 
   1.0000E-10   1.7783E-10   0.0000E+00  0.0000   0.0000E+00  0.0000   0.0000E+00  0.0000   0.0000E+00  0.0000
   1.7783E-10   3.1623E-10   0.0000E+00  0.0000   0.0000E+00  0.0000   0.0000E+00  0.0000   0.0000E+00  0.0000
   3.1623E-10   5.6234E-10   0.0000E+00  0.0000   0.0000E+00  0.0000   0.0000E+00  0.0000   0.0000E+00  0.0000
   5.6234E-10   1.0000E-09   0.0000E+00  0.0000   0.0000E+00  0.0000   0.0000E+00  0.0000   0.0000E+00  0.0000
   1.0000E-09   1.7783E-09   8.9941E-07  0.7450   0.0000E+00  0.0000   0.0000E+00  0.0000   0.0000E+00  0.0000
   1.7783E-09   3.1623E-09   4.9044E-06  0.7421   0.0000E+00  0.0000   0.0000E+00  0.0000   0.0000E+00  0.0000
   3.1623E-09   5.6234E-09   6.1379E-06  0.7089   0.0000E+00  0.0000   0.0000E+00  0.0000   0.0000E+00  0.0000
   5.6234E-09   1.0000E-08   2.8335E-05  0.6960   0.0000E+00  0.0000   0.0000E+00  0.0000   0.0000E+00  0.0000
   1.0000E-08   1.7783E-08   3.3320E-05  0.5883   0.0000E+00  0.0000   0.0000E+00  0.0000   0.0000E+00  0.0000
   1.7783E-08   3.1623E-08   1.1885E-04  0.5960   0.0000E+00  0.0000   0.0000E+00  0.0000   0.0000E+00  0.0000
   3.1623E-08   5.6234E-08   1.5506E-04  0.5957   0.0000E+00  0.0000   0.0000E+00  0.0000   0.0000E+00  0.0000
   5.6234E-08   1.0000E-07   1.1684E-04  0.6165   0.0000E+00  0.0000   0.0000E+00  0.0000   0.0000E+00  0.0000
   1.0000E-07   1.7783E-07   1.6125E-05  0.6427   0.0000E+00  0.0000   0.0000E+00  0.0000   0.0000E+00  0.0000
   1.7783E-07   3.1623E-07   4.4655E-05  1.0000   0.0000E+00  0.0000   0.0000E+00  0.0000   0.0000E+00  0.0000
   3.1623E-07   5.6234E-07   0.0000E+00  0.0000   0.0000E+00  0.0000   0.0000E+00  0.0000   0.0000E+00  0.0000
   5.6234E-07   1.0000E-06   3.3254E-06  1.0000   0.0000E+00  0.0000   0.0000E+00  0.0000   0.0000E+00  0.0000
   1.0000E-06   1.7783E-06   0.0000E+00  0.0000   0.0000E+00  0.0000   0.0000E+00  0.0000   0.0000E+00  0.0000
   1.7783E-06   3.1623E-06   0.0000E+00  0.0000   0.0000E+00  0.0000   0.0000E+00  0.0000   0.0000E+00  0.0000
   3.1623E-06   5.6234E-06   1.4356E-05  1.0000   0.0000E+00  0.0000   0.0000E+00  0.0000   0.0000E+00  0.0000
   5.6234E-06   1.0000E-05   1.5487E-05  1.0000   0.0000E+00  0.0000   0.0000E+00  0.0000   0.0000E+00  0.0000
   1.0000E-05   1.7783E-05   3.0202E-06  1.0000   0.0000E+00  0.0000   0.0000E+00  0.0000   0.0000E+00  0.0000
   1.7783E-05   3.1623E-05   1.1773E-05  1.0000   0.0000E+00  0.0000   0.0000E+00  0.0000   0.0000E+00  0.0000
   3.1623E-05   5.6234E-05   2.3655E-05  1.0000   0.0000E+00  0.0000   0.0000E+00  0.0000   0.0000E+00  0.0000
   5.6234E-05   1.0000E-04   0.0000E+00  0.0000   0.0000E+00  0.0000   0.0000E+00  0.0000   0.0000E+00  0.0000
   1.0000E-04   1.7783E-04   0.0000E+00  0.0000   4.9473E-21  1.0000   0.0000E+00  0.0000   0.0000E+00  0.0000
   1.7783E-04   3.1623E-04   0.0000E+00  0.0000   1.0056E-20  1.0000   0.0000E+00  0.0000   0.0000E+00  0.0000
   3.1623E-04   5.6234E-04   0.0000E+00  0.0000   0.0000E+00  0.0000   0.0000E+00  0.0000   0.0000E+00  0.0000
   5.6234E-04   1.0000E-03   1.1240E-05  0.7152   0.0000E+00  0.0000   0.0000E+00  0.0000   2.7721E-16  1.0000
   1.0000E-03   1.7783E-03   1.7609E-05  1.0000   3.9706E-11  0.4476   0.0000E+00  0.0000   1.1996E-11  0.7067
   1.7783E-03   3.1623E-03   0.0000E+00  0.0000   2.0285E-11  0.4461   0.0000E+00  0.0000   1.9372E-11  0.7067
   3.1623E-03   5.6234E-03   0.0000E+00  0.0000   2.9970E-11  0.4461   0.0000E+00  0.0000   2.9243E-11  0.7067
   5.6234E-03   1.0000E-02   1.6796E-05  1.0000   4.8067E-11  0.4461   0.0000E+00  0.0000   4.0353E-11  0.7067
   1.0000E-02   1.7783E-02   1.5595E-05  1.0000   8.6188E-11  0.4461   0.0000E+00  0.0000   5.4125E-11  0.7067
   1.7783E-02   3.1623E-02   1.6894E-05  0.7338   1.7794E-10  0.4461   0.0000E+00  0.0000   7.7541E-11  0.7067
   3.1623E-02   5.6234E-02   0.0000E+00  0.0000   4.1569E-10  0.4461   0.0000E+00  0.0000   1.1636E-10  0.7067
   5.6234E-02   1.0000E-01   1.4446E-05  1.0000   1.0416E-09  0.4461   0.0000E+00  0.0000   1.9035E-10  0.7067
   1.0000E-01   1.7783E-01   2.8970E-05  1.0000   2.6736E-09  0.4461   0.0000E+00  0.0000   3.5124E-10  0.7067
   1.7783E-01   3.1623E-01   1.5001E-07  1.0000   6.9935E-09  0.4461   0.0000E+00  0.0000   7.4623E-10  0.7067
   3.1623E-01   5.6234E-01   3.6394E-05  1.0000   1.8746E-08  0.4461   0.0000E+00  0.0000   1.7780E-09  0.7067
   5.6234E-01   1.0000E+00   3.4973E-05  1.0000   5.1414E-08  0.4461   0.0000E+00  0.0000   4.4882E-09  0.7067
   1.0000E+00   1.7783E+00   5.2427E-05  1.0000   1.4397E-07  0.4461   0.0000E+00  0.0000   1.1110E-08  0.7072
   1.7783E+00   3.1623E+00   8.3477E-05  0.8141   4.0951E-07  0.4461   0.0000E+00  0.0000   9.0831E-09  1.0000
   3.1623E+00   5.6234E+00   3.9738E-05  0.7393   1.0191E-06  0.4623   0.0000E+00  0.0000   0.0000E+00  0.0000
   5.6234E+00   1.0000E+01   5.5159E-05  0.7590   2.5791E-06  0.4991   0.0000E+00  0.0000   0.0000E+00  0.0000
   1.0000E+01   1.7783E+01   0.0000E+00  0.0000   7.0223E-06  0.4991   0.0000E+00  0.0000   0.0000E+00  0.0000
   1.7783E+01   3.1623E+01   0.0000E+00  0.0000   1.8333E-05  0.4991   0.0000E+00  0.0000   0.0000E+00  0.0000
   3.1623E+01   5.6234E+01   0.0000E+00  0.0000   4.4819E-05  0.4991   0.0000E+00  0.0000   0.0000E+00  0.0000
   5.6234E+01   1.0000E+02   0.0000E+00  0.0000   1.0300E-04  0.4351   0.0000E+00  0.0000   0.0000E+00  0.0000
   1.0000E+02   1.7783E+02   0.0000E+00  0.0000   1.4565E-04  0.5207   0.0000E+00  0.0000   0.0000E+00  0.0000
   1.7783E+02   3.1623E+02   0.0000E+00  0.0000   2.6749E-04  0.4282   0.0000E+00  0.0000   0.0000E+00  0.0000
   3.1623E+02   5.6234E+02   0.0000E+00  0.0000   1.9474E-04  0.5017   0.0000E+00  0.0000   0.0000E+00  0.0000
   5.6234E+02   1.0000E+03   0.0000E+00  0.0000   4.8773E-04  0.3632   0.0000E+00  0.0000   0.0000E+00  0.0000
   1.0000E+03   1.7783E+03   0.0000E+00  0.0000   8.1948E-04  0.2789   0.0000E+00  0.0000   0.0000E+00  0.0000
   1.7783E+03   3.1623E+03   0.0000E+00  0.0000   1.3287E-03  0.2402   0.0000E+00  0.0000   0.0000E+00  0.0000
   3.1623E+03   5.6234E+03   0.0000E+00  0.0000   7.4515E-04  0.2960   0.0000E+00  0.0000   0.0000E+00  0.0000
   5.6234E+03   1.0000E+04   0.0000E+00  0.0000   4.5546E-04  0.3734   0.0000E+00  0.0000   0.0000E+00  0.0000
   1.0000E+04   1.7783E+04   0.0000E+00  0.0000   6.1822E-04  0.3206   0.0000E+00  0.0000   0.0000E+00  0.0000
   1.7783E+04   3.1623E+04   0.0000E+00  0.0000   3.2153E-04  0.4508   0.0000E+00  0.0000   0.0000E+00  0.0000
   3.1623E+04   5.6234E+04   0.0000E+00  0.0000   1.4699E-04  0.7169   0.0000E+00  0.0000   0.0000E+00  0.0000
   5.6234E+04   1.0000E+05   0.0000E+00  0.0000   0.0000E+00  0.0000   0.0000E+00  0.0000   0.0000E+00  0.0000

#   sum over                 1.0206E-03  0.5889   5.7086E-03  0.1067   0.0000E+00  0.0000   2.8096E-08  0.7463

'no. = 27, (ix,iy,iz) = (  1,  1, 27)'
msuc: {\huge Flux spectra vs depth in concrete}
msdr: {\it plotted by \ANGEL \version}
msdl: {\it calculated by \PHITS  3.36}
wt: s(0.7)
\vspace{-3}
   vol  &=&   2.8800E+07 [cm^3]
  xmin  &=&  -6.0000E+02 [cm]
  xmax  &=&   6.0000E+02 [cm]
  ymin  &=&  -6.0000E+02 [cm]
  ymax  &=&   6.0000E+02 [cm]
  zmin  &=&  -1.8000E+02 [cm]
  zmax  &=&  -1.6000E+02 [cm]
e:

#------------------------------------------------------------------------------
 newpage:
#   no. = 28   ix  =  1   iy  =  1   iz  = 28
#   x = (  -6.0000E+02  -   6.0000E+02  )
#   y = (  -6.0000E+02  -   6.0000E+02  )
#   z = (  -1.6000E+02  -  -1.4000E+02  )

x: Energy [MeV/n]
y: Flux [1/cm^2/source]              
p: xlog ylog afac(0.8) form(0.9)
h: n            x            y(neutron ),hh0l n y(muon-   ),hh0dr n y(muon+   ),hh0ub n y(proton  ),hh0mg n 
#  e-lower      e-upper        neutron   r.err      muon-     r.err      muon+     r.err      proton    r.err 
   1.0000E-10   1.7783E-10   0.0000E+00  0.0000   0.0000E+00  0.0000   0.0000E+00  0.0000   0.0000E+00  0.0000
   1.7783E-10   3.1623E-10   0.0000E+00  0.0000   0.0000E+00  0.0000   0.0000E+00  0.0000   0.0000E+00  0.0000
   3.1623E-10   5.6234E-10   0.0000E+00  0.0000   0.0000E+00  0.0000   0.0000E+00  0.0000   0.0000E+00  0.0000
   5.6234E-10   1.0000E-09   6.0862E-08  1.0000   0.0000E+00  0.0000   0.0000E+00  0.0000   0.0000E+00  0.0000
   1.0000E-09   1.7783E-09   1.2968E-07  1.0000   0.0000E+00  0.0000   0.0000E+00  0.0000   0.0000E+00  0.0000
   1.7783E-09   3.1623E-09   8.8873E-06  0.7505   0.0000E+00  0.0000   0.0000E+00  0.0000   0.0000E+00  0.0000
   3.1623E-09   5.6234E-09   1.7053E-06  0.9629   0.0000E+00  0.0000   0.0000E+00  0.0000   0.0000E+00  0.0000
   5.6234E-09   1.0000E-08   1.7062E-05  0.6453   0.0000E+00  0.0000   0.0000E+00  0.0000   0.0000E+00  0.0000
   1.0000E-08   1.7783E-08   6.0177E-06  0.6811   0.0000E+00  0.0000   0.0000E+00  0.0000   0.0000E+00  0.0000
   1.7783E-08   3.1623E-08   3.7766E-05  0.6456   0.0000E+00  0.0000   0.0000E+00  0.0000   0.0000E+00  0.0000
   3.1623E-08   5.6234E-08   5.7384E-05  0.5078   0.0000E+00  0.0000   0.0000E+00  0.0000   0.0000E+00  0.0000
   5.6234E-08   1.0000E-07   7.7346E-05  0.5618   0.0000E+00  0.0000   0.0000E+00  0.0000   0.0000E+00  0.0000
   1.0000E-07   1.7783E-07   3.0475E-05  0.6296   0.0000E+00  0.0000   0.0000E+00  0.0000   0.0000E+00  0.0000
   1.7783E-07   3.1623E-07   8.9342E-06  0.6348   0.0000E+00  0.0000   0.0000E+00  0.0000   0.0000E+00  0.0000
   3.1623E-07   5.6234E-07   0.0000E+00  0.0000   0.0000E+00  0.0000   0.0000E+00  0.0000   0.0000E+00  0.0000
   5.6234E-07   1.0000E-06   2.3468E-06  1.0000   0.0000E+00  0.0000   0.0000E+00  0.0000   0.0000E+00  0.0000
   1.0000E-06   1.7783E-06   1.4073E-05  1.0000   0.0000E+00  0.0000   0.0000E+00  0.0000   0.0000E+00  0.0000
   1.7783E-06   3.1623E-06   4.4590E-06  1.0000   0.0000E+00  0.0000   0.0000E+00  0.0000   0.0000E+00  0.0000
   3.1623E-06   5.6234E-06   5.9607E-05  0.7073   0.0000E+00  0.0000   0.0000E+00  0.0000   0.0000E+00  0.0000
   5.6234E-06   1.0000E-05   2.2898E-05  0.8653   0.0000E+00  0.0000   0.0000E+00  0.0000   0.0000E+00  0.0000
   1.0000E-05   1.7783E-05   1.4041E-05  0.6297   0.0000E+00  0.0000   0.0000E+00  0.0000   0.0000E+00  0.0000
   1.7783E-05   3.1623E-05   2.5459E-05  0.6174   0.0000E+00  0.0000   0.0000E+00  0.0000   0.0000E+00  0.0000
   3.1623E-05   5.6234E-05   0.0000E+00  0.0000   0.0000E+00  0.0000   0.0000E+00  0.0000   0.0000E+00  0.0000
   5.6234E-05   1.0000E-04   0.0000E+00  0.0000   0.0000E+00  0.0000   0.0000E+00  0.0000   0.0000E+00  0.0000
   1.0000E-04   1.7783E-04   2.8482E-05  1.0000   4.9102E-21  1.0000   0.0000E+00  0.0000   0.0000E+00  0.0000
   1.7783E-04   3.1623E-04   1.9045E-05  0.7250   0.0000E+00  0.0000   0.0000E+00  0.0000   0.0000E+00  0.0000
   3.1623E-04   5.6234E-04   3.6422E-06  1.0000   5.5890E-21  1.0000   0.0000E+00  0.0000   0.0000E+00  0.0000
   5.6234E-04   1.0000E-03   7.8688E-06  0.6300   0.0000E+00  0.0000   0.0000E+00  0.0000   0.0000E+00  0.0000
   1.0000E-03   1.7783E-03   0.0000E+00  0.0000   1.4973E-11  0.7108   0.0000E+00  0.0000   0.0000E+00  0.0000
   1.7783E-03   3.1623E-03   0.0000E+00  0.0000   8.1140E-12  0.7067   0.0000E+00  0.0000   0.0000E+00  0.0000
   3.1623E-03   5.6234E-03   1.7364E-07  1.0000   1.1988E-11  0.7067   0.0000E+00  0.0000   0.0000E+00  0.0000
   5.6234E-03   1.0000E-02   1.6395E-06  1.0000   1.9227E-11  0.7067   0.0000E+00  0.0000   0.0000E+00  0.0000
   1.0000E-02   1.7783E-02   2.3022E-05  0.9234   3.4475E-11  0.7067   0.0000E+00  0.0000   0.0000E+00  0.0000
   1.7783E-02   3.1623E-02   7.4434E-07  1.0000   7.1175E-11  0.7067   0.0000E+00  0.0000   0.0000E+00  0.0000
   3.1623E-02   5.6234E-02   0.0000E+00  0.0000   1.6628E-10  0.7067   0.0000E+00  0.0000   0.0000E+00  0.0000
   5.6234E-02   1.0000E-01   1.1524E-05  1.0000   4.1663E-10  0.7067   0.0000E+00  0.0000   0.0000E+00  0.0000
   1.0000E-01   1.7783E-01   1.2183E-05  0.7069   1.0694E-09  0.7067   0.0000E+00  0.0000   0.0000E+00  0.0000
   1.7783E-01   3.1623E-01   1.5514E-05  0.7067   2.7974E-09  0.7067   0.0000E+00  0.0000   0.0000E+00  0.0000
   3.1623E-01   5.6234E-01   4.2380E-05  0.7625   7.4983E-09  0.7067   0.0000E+00  0.0000   0.0000E+00  0.0000
   5.6234E-01   1.0000E+00   7.4181E-05  0.8223   2.0566E-08  0.7067   0.0000E+00  0.0000   0.0000E+00  0.0000
   1.0000E+00   1.7783E+00   9.6694E-05  0.7083   5.7587E-08  0.7067   0.0000E+00  0.0000   0.0000E+00  0.0000
   1.7783E+00   3.1623E+00   9.0208E-06  1.0000   1.6380E-07  0.7067   0.0000E+00  0.0000   0.0000E+00  0.0000
   3.1623E+00   5.6234E+00   7.7341E-05  0.7313   6.0117E-07  0.5904   0.0000E+00  0.0000   0.0000E+00  0.0000
   5.6234E+00   1.0000E+01   2.1172E-05  1.0000   1.9344E-06  0.5766   0.0000E+00  0.0000   0.0000E+00  0.0000
   1.0000E+01   1.7783E+01   0.0000E+00  0.0000   5.2667E-06  0.5766   0.0000E+00  0.0000   0.0000E+00  0.0000
   1.7783E+01   3.1623E+01   0.0000E+00  0.0000   1.3750E-05  0.5766   0.0000E+00  0.0000   0.0000E+00  0.0000
   3.1623E+01   5.6234E+01   0.0000E+00  0.0000   3.3614E-05  0.5766   0.0000E+00  0.0000   0.0000E+00  0.0000
   5.6234E+01   1.0000E+02   0.0000E+00  0.0000   8.2661E-05  0.4916   0.0000E+00  0.0000   0.0000E+00  0.0000
   1.0000E+02   1.7783E+02   0.0000E+00  0.0000   2.3304E-04  0.4270   0.0000E+00  0.0000   0.0000E+00  0.0000
   1.7783E+02   3.1623E+02   0.0000E+00  0.0000   3.3681E-04  0.3798   0.0000E+00  0.0000   0.0000E+00  0.0000
   3.1623E+02   5.6234E+02   0.0000E+00  0.0000   3.1410E-04  0.4146   0.0000E+00  0.0000   0.0000E+00  0.0000
   5.6234E+02   1.0000E+03   0.0000E+00  0.0000   5.7501E-04  0.3298   0.0000E+00  0.0000   0.0000E+00  0.0000
   1.0000E+03   1.7783E+03   0.0000E+00  0.0000   5.9363E-04  0.3118   0.0000E+00  0.0000   0.0000E+00  0.0000
   1.7783E+03   3.1623E+03   0.0000E+00  0.0000   1.5433E-03  0.2281   0.0000E+00  0.0000   0.0000E+00  0.0000
   3.1623E+03   5.6234E+03   0.0000E+00  0.0000   8.4455E-04  0.2732   0.0000E+00  0.0000   0.0000E+00  0.0000
   5.6234E+03   1.0000E+04   0.0000E+00  0.0000   4.0665E-04  0.4098   0.0000E+00  0.0000   0.0000E+00  0.0000
   1.0000E+04   1.7783E+04   0.0000E+00  0.0000   6.6703E-04  0.3248   0.0000E+00  0.0000   0.0000E+00  0.0000
   1.7783E+04   3.1623E+04   0.0000E+00  0.0000   3.2153E-04  0.4508   0.0000E+00  0.0000   0.0000E+00  0.0000
   3.1623E+04   5.6234E+04   0.0000E+00  0.0000   1.4698E-04  0.7169   0.0000E+00  0.0000   0.0000E+00  0.0000
   5.6234E+04   1.0000E+05   0.0000E+00  0.0000   0.0000E+00  0.0000   0.0000E+00  0.0000   0.0000E+00  0.0000

#   sum over                 8.3328E-04  0.5591   6.1207E-03  0.1030   0.0000E+00  0.0000   0.0000E+00  0.0000

'no. = 28, (ix,iy,iz) = (  1,  1, 28)'
msuc: {\huge Flux spectra vs depth in concrete}
msdr: {\it plotted by \ANGEL \version}
msdl: {\it calculated by \PHITS  3.36}
wt: s(0.7)
\vspace{-3}
   vol  &=&   2.8800E+07 [cm^3]
  xmin  &=&  -6.0000E+02 [cm]
  xmax  &=&   6.0000E+02 [cm]
  ymin  &=&  -6.0000E+02 [cm]
  ymax  &=&   6.0000E+02 [cm]
  zmin  &=&  -1.6000E+02 [cm]
  zmax  &=&  -1.4000E+02 [cm]
e:

#------------------------------------------------------------------------------
 newpage:
#   no. = 29   ix  =  1   iy  =  1   iz  = 29
#   x = (  -6.0000E+02  -   6.0000E+02  )
#   y = (  -6.0000E+02  -   6.0000E+02  )
#   z = (  -1.4000E+02  -  -1.2000E+02  )

x: Energy [MeV/n]
y: Flux [1/cm^2/source]              
p: xlog ylog afac(0.8) form(0.9)
h: n            x            y(neutron ),hh0l n y(muon-   ),hh0dr n y(muon+   ),hh0ub n y(proton  ),hh0mg n 
#  e-lower      e-upper        neutron   r.err      muon-     r.err      muon+     r.err      proton    r.err 
   1.0000E-10   1.7783E-10   0.0000E+00  0.0000   0.0000E+00  0.0000   0.0000E+00  0.0000   0.0000E+00  0.0000
   1.7783E-10   3.1623E-10   0.0000E+00  0.0000   0.0000E+00  0.0000   0.0000E+00  0.0000   0.0000E+00  0.0000
   3.1623E-10   5.6234E-10   0.0000E+00  0.0000   0.0000E+00  0.0000   0.0000E+00  0.0000   0.0000E+00  0.0000
   5.6234E-10   1.0000E-09   0.0000E+00  0.0000   0.0000E+00  0.0000   0.0000E+00  0.0000   0.0000E+00  0.0000
   1.0000E-09   1.7783E-09   1.7279E-06  0.7788   0.0000E+00  0.0000   0.0000E+00  0.0000   0.0000E+00  0.0000
   1.7783E-09   3.1623E-09   1.4659E-06  0.9809   0.0000E+00  0.0000   0.0000E+00  0.0000   0.0000E+00  0.0000
   3.1623E-09   5.6234E-09   8.1270E-06  0.6064   0.0000E+00  0.0000   0.0000E+00  0.0000   0.0000E+00  0.0000
   5.6234E-09   1.0000E-08   3.1431E-05  0.5364   0.0000E+00  0.0000   0.0000E+00  0.0000   0.0000E+00  0.0000
   1.0000E-08   1.7783E-08   6.9654E-05  0.5391   0.0000E+00  0.0000   0.0000E+00  0.0000   0.0000E+00  0.0000
   1.7783E-08   3.1623E-08   8.6965E-05  0.5757   0.0000E+00  0.0000   0.0000E+00  0.0000   0.0000E+00  0.0000
   3.1623E-08   5.6234E-08   1.7421E-04  0.5518   0.0000E+00  0.0000   0.0000E+00  0.0000   0.0000E+00  0.0000
   5.6234E-08   1.0000E-07   1.6249E-04  0.5504   0.0000E+00  0.0000   0.0000E+00  0.0000   0.0000E+00  0.0000
   1.0000E-07   1.7783E-07   4.6634E-05  0.5938   0.0000E+00  0.0000   0.0000E+00  0.0000   0.0000E+00  0.0000
   1.7783E-07   3.1623E-07   1.9103E-05  0.5478   0.0000E+00  0.0000   0.0000E+00  0.0000   0.0000E+00  0.0000
   3.1623E-07   5.6234E-07   1.0728E-05  1.0000   0.0000E+00  0.0000   0.0000E+00  0.0000   0.0000E+00  0.0000
   5.6234E-07   1.0000E-06   0.0000E+00  0.0000   0.0000E+00  0.0000   0.0000E+00  0.0000   0.0000E+00  0.0000
   1.0000E-06   1.7783E-06   6.7606E-06  1.0000   0.0000E+00  0.0000   0.0000E+00  0.0000   0.0000E+00  0.0000
   1.7783E-06   3.1623E-06   1.4818E-05  1.0000   0.0000E+00  0.0000   0.0000E+00  0.0000   0.0000E+00  0.0000
   3.1623E-06   5.6234E-06   4.5266E-05  0.6457   0.0000E+00  0.0000   0.0000E+00  0.0000   0.0000E+00  0.0000
   5.6234E-06   1.0000E-05   5.2877E-06  1.0000   0.0000E+00  0.0000   0.0000E+00  0.0000   0.0000E+00  0.0000
   1.0000E-05   1.7783E-05   9.7510E-06  0.8071   0.0000E+00  0.0000   0.0000E+00  0.0000   0.0000E+00  0.0000
   1.7783E-05   3.1623E-05   2.0583E-05  1.0000   0.0000E+00  0.0000   0.0000E+00  0.0000   0.0000E+00  0.0000
   3.1623E-05   5.6234E-05   0.0000E+00  0.0000   0.0000E+00  0.0000   0.0000E+00  0.0000   0.0000E+00  0.0000
   5.6234E-05   1.0000E-04   9.6900E-06  1.0000   0.0000E+00  0.0000   0.0000E+00  0.0000   0.0000E+00  0.0000
   1.0000E-04   1.7783E-04   3.4801E-06  1.0000   0.0000E+00  0.0000   0.0000E+00  0.0000   0.0000E+00  0.0000
   1.7783E-04   3.1623E-04   0.0000E+00  0.0000   0.0000E+00  0.0000   0.0000E+00  0.0000   0.0000E+00  0.0000
   3.1623E-04   5.6234E-04   4.7688E-05  0.7620   0.0000E+00  0.0000   0.0000E+00  0.0000   0.0000E+00  0.0000
   5.6234E-04   1.0000E-03   2.4781E-05  0.8102   0.0000E+00  0.0000   0.0000E+00  0.0000   0.0000E+00  0.0000
   1.0000E-03   1.7783E-03   3.2565E-06  1.0000   1.4764E-11  0.7108   0.0000E+00  0.0000   0.0000E+00  0.0000
   1.7783E-03   3.1623E-03   2.2897E-06  1.0000   8.1140E-12  0.7067   0.0000E+00  0.0000   0.0000E+00  0.0000
   3.1623E-03   5.6234E-03   0.0000E+00  0.0000   1.1988E-11  0.7067   0.0000E+00  0.0000   0.0000E+00  0.0000
   5.6234E-03   1.0000E-02   2.2519E-06  1.0000   1.9227E-11  0.7067   0.0000E+00  0.0000   0.0000E+00  0.0000
   1.0000E-02   1.7783E-02   2.3773E-05  0.7447   3.4475E-11  0.7067   0.0000E+00  0.0000   0.0000E+00  0.0000
   1.7783E-02   3.1623E-02   2.2520E-06  1.0000   7.1175E-11  0.7067   0.0000E+00  0.0000   0.0000E+00  0.0000
   3.1623E-02   5.6234E-02   3.2174E-05  0.8483   1.6628E-10  0.7067   0.0000E+00  0.0000   0.0000E+00  0.0000
   5.6234E-02   1.0000E-01   9.6788E-06  1.0000   4.1663E-10  0.7067   0.0000E+00  0.0000   0.0000E+00  0.0000
   1.0000E-01   1.7783E-01   0.0000E+00  0.0000   1.0694E-09  0.7067   0.0000E+00  0.0000   0.0000E+00  0.0000
   1.7783E-01   3.1623E-01   0.0000E+00  0.0000   2.7974E-09  0.7067   0.0000E+00  0.0000   0.0000E+00  0.0000
   3.1623E-01   5.6234E-01   1.9655E-05  1.0000   7.4983E-09  0.7067   0.0000E+00  0.0000   0.0000E+00  0.0000
   5.6234E-01   1.0000E+00   5.5954E-05  0.5986   2.0566E-08  0.7067   0.0000E+00  0.0000   0.0000E+00  0.0000
   1.0000E+00   1.7783E+00   2.4730E-05  0.7520   5.7587E-08  0.7067   0.0000E+00  0.0000   0.0000E+00  0.0000
   1.7783E+00   3.1623E+00   1.0227E-05  1.0000   1.6380E-07  0.7067   0.0000E+00  0.0000   0.0000E+00  0.0000
   3.1623E+00   5.6234E+00   9.3551E-05  0.7194   4.6293E-07  0.7067   0.0000E+00  0.0000   0.0000E+00  0.0000
   5.6234E+00   1.0000E+01   4.4440E-05  1.0000   1.2896E-06  0.7067   0.0000E+00  0.0000   0.0000E+00  0.0000
   1.0000E+01   1.7783E+01   0.0000E+00  0.0000   3.5112E-06  0.7067   0.0000E+00  0.0000   0.0000E+00  0.0000
   1.7783E+01   3.1623E+01   0.0000E+00  0.0000   9.1667E-06  0.7067   0.0000E+00  0.0000   0.0000E+00  0.0000
   3.1623E+01   5.6234E+01   0.0000E+00  0.0000   2.2409E-05  0.7067   0.0000E+00  0.0000   0.0000E+00  0.0000
   5.6234E+01   1.0000E+02   0.0000E+00  0.0000   6.6278E-05  0.5871   0.0000E+00  0.0000   0.0000E+00  0.0000
   1.0000E+02   1.7783E+02   0.0000E+00  0.0000   1.2840E-04  0.5388   0.0000E+00  0.0000   0.0000E+00  0.0000
   1.7783E+02   3.1623E+02   0.0000E+00  0.0000   3.7726E-04  0.3775   0.0000E+00  0.0000   0.0000E+00  0.0000
   3.1623E+02   5.6234E+02   0.0000E+00  0.0000   5.0890E-04  0.3440   0.0000E+00  0.0000   0.0000E+00  0.0000
   5.6234E+02   1.0000E+03   0.0000E+00  0.0000   6.1585E-04  0.3223   0.0000E+00  0.0000   0.0000E+00  0.0000
   1.0000E+03   1.7783E+03   0.0000E+00  0.0000   6.6294E-04  0.3147   0.0000E+00  0.0000   0.0000E+00  0.0000
   1.7783E+03   3.1623E+03   0.0000E+00  0.0000   1.4580E-03  0.2388   0.0000E+00  0.0000   0.0000E+00  0.0000
   3.1623E+03   5.6234E+03   0.0000E+00  0.0000   9.9756E-04  0.2625   0.0000E+00  0.0000   0.0000E+00  0.0000
   5.6234E+03   1.0000E+04   0.0000E+00  0.0000   4.0665E-04  0.4098   0.0000E+00  0.0000   0.0000E+00  0.0000
   1.0000E+04   1.7783E+04   0.0000E+00  0.0000   6.6703E-04  0.3248   0.0000E+00  0.0000   0.0000E+00  0.0000
   1.7783E+04   3.1623E+04   0.0000E+00  0.0000   3.2153E-04  0.4508   0.0000E+00  0.0000   0.0000E+00  0.0000
   3.1623E+04   5.6234E+04   0.0000E+00  0.0000   1.4698E-04  0.7169   0.0000E+00  0.0000   0.0000E+00  0.0000
   5.6234E+04   1.0000E+05   0.0000E+00  0.0000   0.0000E+00  0.0000   0.0000E+00  0.0000   0.0000E+00  0.0000

#   sum over                 1.1249E-03  0.4745   6.3944E-03  0.1003   0.0000E+00  0.0000   0.0000E+00  0.0000

'no. = 29, (ix,iy,iz) = (  1,  1, 29)'
msuc: {\huge Flux spectra vs depth in concrete}
msdr: {\it plotted by \ANGEL \version}
msdl: {\it calculated by \PHITS  3.36}
wt: s(0.7)
\vspace{-3}
   vol  &=&   2.8800E+07 [cm^3]
  xmin  &=&  -6.0000E+02 [cm]
  xmax  &=&   6.0000E+02 [cm]
  ymin  &=&  -6.0000E+02 [cm]
  ymax  &=&   6.0000E+02 [cm]
  zmin  &=&  -1.4000E+02 [cm]
  zmax  &=&  -1.2000E+02 [cm]
e:

#------------------------------------------------------------------------------
 newpage:
#   no. = 30   ix  =  1   iy  =  1   iz  = 30
#   x = (  -6.0000E+02  -   6.0000E+02  )
#   y = (  -6.0000E+02  -   6.0000E+02  )
#   z = (  -1.2000E+02  -  -1.0000E+02  )

x: Energy [MeV/n]
y: Flux [1/cm^2/source]              
p: xlog ylog afac(0.8) form(0.9)
h: n            x            y(neutron ),hh0l n y(muon-   ),hh0dr n y(muon+   ),hh0ub n y(proton  ),hh0mg n 
#  e-lower      e-upper        neutron   r.err      muon-     r.err      muon+     r.err      proton    r.err 
   1.0000E-10   1.7783E-10   0.0000E+00  0.0000   0.0000E+00  0.0000   0.0000E+00  0.0000   0.0000E+00  0.0000
   1.7783E-10   3.1623E-10   0.0000E+00  0.0000   0.0000E+00  0.0000   0.0000E+00  0.0000   0.0000E+00  0.0000
   3.1623E-10   5.6234E-10   0.0000E+00  0.0000   0.0000E+00  0.0000   0.0000E+00  0.0000   0.0000E+00  0.0000
   5.6234E-10   1.0000E-09   0.0000E+00  0.0000   0.0000E+00  0.0000   0.0000E+00  0.0000   0.0000E+00  0.0000
   1.0000E-09   1.7783E-09   1.2940E-06  1.0000   0.0000E+00  0.0000   0.0000E+00  0.0000   0.0000E+00  0.0000
   1.7783E-09   3.1623E-09   1.8082E-06  0.7162   0.0000E+00  0.0000   0.0000E+00  0.0000   0.0000E+00  0.0000
   3.1623E-09   5.6234E-09   1.6565E-06  1.0000   0.0000E+00  0.0000   0.0000E+00  0.0000   0.0000E+00  0.0000
   5.6234E-09   1.0000E-08   1.1129E-05  0.8725   0.0000E+00  0.0000   0.0000E+00  0.0000   0.0000E+00  0.0000
   1.0000E-08   1.7783E-08   2.5120E-05  0.6633   0.0000E+00  0.0000   0.0000E+00  0.0000   0.0000E+00  0.0000
   1.7783E-08   3.1623E-08   5.0847E-05  0.6808   0.0000E+00  0.0000   0.0000E+00  0.0000   0.0000E+00  0.0000
   3.1623E-08   5.6234E-08   9.5782E-05  0.6323   0.0000E+00  0.0000   0.0000E+00  0.0000   0.0000E+00  0.0000
   5.6234E-08   1.0000E-07   7.1570E-05  0.6654   0.0000E+00  0.0000   0.0000E+00  0.0000   0.0000E+00  0.0000
   1.0000E-07   1.7783E-07   1.2568E-05  0.8615   0.0000E+00  0.0000   0.0000E+00  0.0000   0.0000E+00  0.0000
   1.7783E-07   3.1623E-07   0.0000E+00  0.0000   0.0000E+00  0.0000   0.0000E+00  0.0000   0.0000E+00  0.0000
   3.1623E-07   5.6234E-07   0.0000E+00  0.0000   0.0000E+00  0.0000   0.0000E+00  0.0000   0.0000E+00  0.0000
   5.6234E-07   1.0000E-06   0.0000E+00  0.0000   0.0000E+00  0.0000   0.0000E+00  0.0000   0.0000E+00  0.0000
   1.0000E-06   1.7783E-06   0.0000E+00  0.0000   0.0000E+00  0.0000   0.0000E+00  0.0000   0.0000E+00  0.0000
   1.7783E-06   3.1623E-06   1.0913E-05  1.0000   0.0000E+00  0.0000   0.0000E+00  0.0000   0.0000E+00  0.0000
   3.1623E-06   5.6234E-06   2.5812E-06  1.0000   0.0000E+00  0.0000   0.0000E+00  0.0000   0.0000E+00  0.0000
   5.6234E-06   1.0000E-05   0.0000E+00  0.0000   0.0000E+00  0.0000   0.0000E+00  0.0000   0.0000E+00  0.0000
   1.0000E-05   1.7783E-05   0.0000E+00  0.0000   0.0000E+00  0.0000   0.0000E+00  0.0000   0.0000E+00  0.0000
   1.7783E-05   3.1623E-05   0.0000E+00  0.0000   0.0000E+00  0.0000   0.0000E+00  0.0000   0.0000E+00  0.0000
   3.1623E-05   5.6234E-05   2.7413E-06  1.0000   0.0000E+00  0.0000   0.0000E+00  0.0000   0.0000E+00  0.0000
   5.6234E-05   1.0000E-04   0.0000E+00  0.0000   0.0000E+00  0.0000   0.0000E+00  0.0000   0.0000E+00  0.0000
   1.0000E-04   1.7783E-04   2.0671E-05  1.0000   5.5441E-16  0.7067   0.0000E+00  0.0000   0.0000E+00  0.0000
   1.7783E-04   3.1623E-04   0.0000E+00  0.0000   0.0000E+00  0.0000   0.0000E+00  0.0000   0.0000E+00  0.0000
   3.1623E-04   5.6234E-04   0.0000E+00  0.0000   0.0000E+00  0.0000   0.0000E+00  0.0000   0.0000E+00  0.0000
   5.6234E-04   1.0000E-03   5.1752E-06  1.0000   0.0000E+00  0.0000   0.0000E+00  0.0000   0.0000E+00  0.0000
   1.0000E-03   1.7783E-03   7.9203E-07  1.0000   4.1520E-11  0.4461   0.0000E+00  0.0000   5.9980E-12  1.0000
   1.7783E-03   3.1623E-03   1.1903E-05  1.0000   2.0285E-11  0.4461   0.0000E+00  0.0000   9.6861E-12  1.0000
   3.1623E-03   5.6234E-03   0.0000E+00  0.0000   2.9970E-11  0.4461   0.0000E+00  0.0000   1.4622E-11  1.0000
   5.6234E-03   1.0000E-02   0.0000E+00  0.0000   4.8067E-11  0.4461   0.0000E+00  0.0000   2.0177E-11  1.0000
   1.0000E-02   1.7783E-02   0.0000E+00  0.0000   8.6188E-11  0.4461   0.0000E+00  0.0000   2.7062E-11  1.0000
   1.7783E-02   3.1623E-02   0.0000E+00  0.0000   1.7794E-10  0.4461   0.0000E+00  0.0000   3.8771E-11  1.0000
   3.1623E-02   5.6234E-02   0.0000E+00  0.0000   4.1569E-10  0.4461   0.0000E+00  0.0000   5.8180E-11  1.0000
   5.6234E-02   1.0000E-01   0.0000E+00  0.0000   1.0416E-09  0.4461   0.0000E+00  0.0000   9.5174E-11  1.0000
   1.0000E-01   1.7783E-01   5.7461E-06  1.0000   2.6736E-09  0.4461   0.0000E+00  0.0000   1.7562E-10  1.0000
   1.7783E-01   3.1623E-01   1.1020E-05  1.0000   6.9935E-09  0.4461   0.0000E+00  0.0000   3.7312E-10  1.0000
   3.1623E-01   5.6234E-01   3.3794E-05  1.0000   1.8746E-08  0.4461   0.0000E+00  0.0000   8.8901E-10  1.0000
   5.6234E-01   1.0000E+00   3.2170E-05  1.0000   5.1414E-08  0.4461   0.0000E+00  0.0000   2.2441E-09  1.0000
   1.0000E+00   1.7783E+00   0.0000E+00  0.0000   1.4397E-07  0.4461   0.0000E+00  0.0000   5.7803E-09  1.0000
   1.7783E+00   3.1623E+00   3.3401E-05  1.0000   4.0951E-07  0.4461   0.0000E+00  0.0000   1.5193E-08  1.0000
   3.1623E+00   5.6234E+00   3.1194E-05  1.0000   1.1573E-06  0.4461   0.0000E+00  0.0000   4.0933E-08  1.0000
   5.6234E+00   1.0000E+01   3.8586E-05  1.0000   3.2239E-06  0.4461   0.0000E+00  0.0000   3.5403E-08  1.0000
   1.0000E+01   1.7783E+01   0.0000E+00  0.0000   8.7779E-06  0.4461   0.0000E+00  0.0000   0.0000E+00  0.0000
   1.7783E+01   3.1623E+01   0.0000E+00  0.0000   2.2917E-05  0.4461   0.0000E+00  0.0000   0.0000E+00  0.0000
   3.1623E+01   5.6234E+01   0.0000E+00  0.0000   4.9440E-05  0.4617   0.0000E+00  0.0000   0.0000E+00  0.0000
   5.6234E+01   1.0000E+02   0.0000E+00  0.0000   5.2289E-05  0.6114   0.0000E+00  0.0000   0.0000E+00  0.0000
   1.0000E+02   1.7783E+02   0.0000E+00  0.0000   1.0542E-04  0.6136   0.0000E+00  0.0000   0.0000E+00  0.0000
   1.7783E+02   3.1623E+02   0.0000E+00  0.0000   3.2328E-04  0.4051   0.0000E+00  0.0000   0.0000E+00  0.0000
   3.1623E+02   5.6234E+02   0.0000E+00  0.0000   6.3694E-04  0.3064   0.0000E+00  0.0000   0.0000E+00  0.0000
   5.6234E+02   1.0000E+03   0.0000E+00  0.0000   6.6390E-04  0.2955   0.0000E+00  0.0000   0.0000E+00  0.0000
   1.0000E+03   1.7783E+03   0.0000E+00  0.0000   6.5170E-04  0.3036   0.0000E+00  0.0000   0.0000E+00  0.0000
   1.7783E+03   3.1623E+03   0.0000E+00  0.0000   1.5944E-03  0.2250   0.0000E+00  0.0000   0.0000E+00  0.0000
   3.1623E+03   5.6234E+03   0.0000E+00  0.0000   1.1028E-03  0.2497   0.0000E+00  0.0000   0.0000E+00  0.0000
   5.6234E+03   1.0000E+04   0.0000E+00  0.0000   3.9987E-04  0.3826   0.0000E+00  0.0000   0.0000E+00  0.0000
   1.0000E+04   1.7783E+04   0.0000E+00  0.0000   7.0879E-04  0.3110   0.0000E+00  0.0000   0.0000E+00  0.0000
   1.7783E+04   3.1623E+04   0.0000E+00  0.0000   3.1932E-04  0.4512   0.0000E+00  0.0000   0.0000E+00  0.0000
   3.1623E+04   5.6234E+04   0.0000E+00  0.0000   1.4919E-04  0.7064   0.0000E+00  0.0000   0.0000E+00  0.0000
   5.6234E+04   1.0000E+05   0.0000E+00  0.0000   0.0000E+00  0.0000   0.0000E+00  0.0000   0.0000E+00  0.0000

#   sum over                 5.1246E-04  0.6688   6.7941E-03  0.0971   0.0000E+00  0.0000   1.0126E-07  1.0000

'no. = 30, (ix,iy,iz) = (  1,  1, 30)'
msuc: {\huge Flux spectra vs depth in concrete}
msdr: {\it plotted by \ANGEL \version}
msdl: {\it calculated by \PHITS  3.36}
wt: s(0.7)
\vspace{-3}
   vol  &=&   2.8800E+07 [cm^3]
  xmin  &=&  -6.0000E+02 [cm]
  xmax  &=&   6.0000E+02 [cm]
  ymin  &=&  -6.0000E+02 [cm]
  ymax  &=&   6.0000E+02 [cm]
  zmin  &=&  -1.2000E+02 [cm]
  zmax  &=&  -1.0000E+02 [cm]
e:

#------------------------------------------------------------------------------
 newpage:
#   no. = 31   ix  =  1   iy  =  1   iz  = 31
#   x = (  -6.0000E+02  -   6.0000E+02  )
#   y = (  -6.0000E+02  -   6.0000E+02  )
#   z = (  -1.0000E+02  -  -8.0000E+01  )

x: Energy [MeV/n]
y: Flux [1/cm^2/source]              
p: xlog ylog afac(0.8) form(0.9)
h: n            x            y(neutron ),hh0l n y(muon-   ),hh0dr n y(muon+   ),hh0ub n y(proton  ),hh0mg n 
#  e-lower      e-upper        neutron   r.err      muon-     r.err      muon+     r.err      proton    r.err 
   1.0000E-10   1.7783E-10   0.0000E+00  0.0000   0.0000E+00  0.0000   0.0000E+00  0.0000   0.0000E+00  0.0000
   1.7783E-10   3.1623E-10   0.0000E+00  0.0000   0.0000E+00  0.0000   0.0000E+00  0.0000   0.0000E+00  0.0000
   3.1623E-10   5.6234E-10   0.0000E+00  0.0000   0.0000E+00  0.0000   0.0000E+00  0.0000   0.0000E+00  0.0000
   5.6234E-10   1.0000E-09   1.9367E-08  1.0000   0.0000E+00  0.0000   0.0000E+00  0.0000   0.0000E+00  0.0000
   1.0000E-09   1.7783E-09   1.1082E-06  1.0000   0.0000E+00  0.0000   0.0000E+00  0.0000   0.0000E+00  0.0000
   1.7783E-09   3.1623E-09   1.0510E-06  1.0000   0.0000E+00  0.0000   0.0000E+00  0.0000   0.0000E+00  0.0000
   3.1623E-09   5.6234E-09   4.2032E-06  1.0000   0.0000E+00  0.0000   0.0000E+00  0.0000   0.0000E+00  0.0000
   5.6234E-09   1.0000E-08   8.3951E-06  1.0000   0.0000E+00  0.0000   0.0000E+00  0.0000   0.0000E+00  0.0000
   1.0000E-08   1.7783E-08   3.6909E-05  0.7842   0.0000E+00  0.0000   0.0000E+00  0.0000   0.0000E+00  0.0000
   1.7783E-08   3.1623E-08   5.8898E-05  0.8675   0.0000E+00  0.0000   0.0000E+00  0.0000   0.0000E+00  0.0000
   3.1623E-08   5.6234E-08   8.9420E-05  0.8233   0.0000E+00  0.0000   0.0000E+00  0.0000   0.0000E+00  0.0000
   5.6234E-08   1.0000E-07   8.2796E-05  0.8473   0.0000E+00  0.0000   0.0000E+00  0.0000   0.0000E+00  0.0000
   1.0000E-07   1.7783E-07   4.5734E-06  0.9783   0.0000E+00  0.0000   0.0000E+00  0.0000   0.0000E+00  0.0000
   1.7783E-07   3.1623E-07   1.6470E-06  1.0000   0.0000E+00  0.0000   0.0000E+00  0.0000   0.0000E+00  0.0000
   3.1623E-07   5.6234E-07   0.0000E+00  0.0000   0.0000E+00  0.0000   0.0000E+00  0.0000   0.0000E+00  0.0000
   5.6234E-07   1.0000E-06   0.0000E+00  0.0000   0.0000E+00  0.0000   0.0000E+00  0.0000   0.0000E+00  0.0000
   1.0000E-06   1.7783E-06   0.0000E+00  0.0000   0.0000E+00  0.0000   0.0000E+00  0.0000   0.0000E+00  0.0000
   1.7783E-06   3.1623E-06   0.0000E+00  0.0000   0.0000E+00  0.0000   0.0000E+00  0.0000   0.0000E+00  0.0000
   3.1623E-06   5.6234E-06   3.9024E-06  1.0000   0.0000E+00  0.0000   0.0000E+00  0.0000   0.0000E+00  0.0000
   5.6234E-06   1.0000E-05   0.0000E+00  0.0000   0.0000E+00  0.0000   0.0000E+00  0.0000   0.0000E+00  0.0000
   1.0000E-05   1.7783E-05   0.0000E+00  0.0000   0.0000E+00  0.0000   0.0000E+00  0.0000   0.0000E+00  0.0000
   1.7783E-05   3.1623E-05   0.0000E+00  0.0000   0.0000E+00  0.0000   0.0000E+00  0.0000   0.0000E+00  0.0000
   3.1623E-05   5.6234E-05   2.7409E-06  1.0000   0.0000E+00  0.0000   0.0000E+00  0.0000   0.0000E+00  0.0000
   5.6234E-05   1.0000E-04   0.0000E+00  0.0000   0.0000E+00  0.0000   0.0000E+00  0.0000   0.0000E+00  0.0000
   1.0000E-04   1.7783E-04   0.0000E+00  0.0000   0.0000E+00  0.0000   0.0000E+00  0.0000   0.0000E+00  0.0000
   1.7783E-04   3.1623E-04   0.0000E+00  0.0000   0.0000E+00  0.0000   0.0000E+00  0.0000   0.0000E+00  0.0000
   3.1623E-04   5.6234E-04   0.0000E+00  0.0000   0.0000E+00  0.0000   0.0000E+00  0.0000   0.0000E+00  0.0000
   5.6234E-04   1.0000E-03   0.0000E+00  0.0000   0.0000E+00  0.0000   0.0000E+00  0.0000   0.0000E+00  0.0000
   1.0000E-03   1.7783E-03   0.0000E+00  0.0000   2.3374E-11  0.5791   0.0000E+00  0.0000   0.0000E+00  0.0000
   1.7783E-03   3.1623E-03   0.0000E+00  0.0000   1.2171E-11  0.5766   0.0000E+00  0.0000   0.0000E+00  0.0000
   3.1623E-03   5.6234E-03   0.0000E+00  0.0000   1.7982E-11  0.5766   0.0000E+00  0.0000   0.0000E+00  0.0000
   5.6234E-03   1.0000E-02   0.0000E+00  0.0000   2.8840E-11  0.5766   0.0000E+00  0.0000   0.0000E+00  0.0000
   1.0000E-02   1.7783E-02   0.0000E+00  0.0000   5.1713E-11  0.5766   0.0000E+00  0.0000   0.0000E+00  0.0000
   1.7783E-02   3.1623E-02   0.0000E+00  0.0000   1.0676E-10  0.5766   0.0000E+00  0.0000   0.0000E+00  0.0000
   3.1623E-02   5.6234E-02   0.0000E+00  0.0000   2.4942E-10  0.5766   0.0000E+00  0.0000   0.0000E+00  0.0000
   5.6234E-02   1.0000E-01   0.0000E+00  0.0000   6.2494E-10  0.5766   0.0000E+00  0.0000   0.0000E+00  0.0000
   1.0000E-01   1.7783E-01   0.0000E+00  0.0000   1.6041E-09  0.5766   0.0000E+00  0.0000   0.0000E+00  0.0000
   1.7783E-01   3.1623E-01   0.0000E+00  0.0000   4.1961E-09  0.5766   0.0000E+00  0.0000   0.0000E+00  0.0000
   3.1623E-01   5.6234E-01   0.0000E+00  0.0000   1.1247E-08  0.5766   0.0000E+00  0.0000   0.0000E+00  0.0000
   5.6234E-01   1.0000E+00   0.0000E+00  0.0000   3.0849E-08  0.5766   0.0000E+00  0.0000   0.0000E+00  0.0000
   1.0000E+00   1.7783E+00   0.0000E+00  0.0000   8.6381E-08  0.5766   0.0000E+00  0.0000   0.0000E+00  0.0000
   1.7783E+00   3.1623E+00   0.0000E+00  0.0000   2.4571E-07  0.5766   0.0000E+00  0.0000   0.0000E+00  0.0000
   3.1623E+00   5.6234E+00   0.0000E+00  0.0000   6.9439E-07  0.5766   0.0000E+00  0.0000   0.0000E+00  0.0000
   5.6234E+00   1.0000E+01   0.0000E+00  0.0000   1.9344E-06  0.5766   0.0000E+00  0.0000   0.0000E+00  0.0000
   1.0000E+01   1.7783E+01   0.0000E+00  0.0000   5.2667E-06  0.5766   0.0000E+00  0.0000   0.0000E+00  0.0000
   1.7783E+01   3.1623E+01   0.0000E+00  0.0000   1.3750E-05  0.5766   0.0000E+00  0.0000   0.0000E+00  0.0000
   3.1623E+01   5.6234E+01   0.0000E+00  0.0000   3.6140E-05  0.5134   0.0000E+00  0.0000   0.0000E+00  0.0000
   5.6234E+01   1.0000E+02   0.0000E+00  0.0000   1.0729E-04  0.4529   0.0000E+00  0.0000   0.0000E+00  0.0000
   1.0000E+02   1.7783E+02   0.0000E+00  0.0000   1.8476E-04  0.4546   0.0000E+00  0.0000   0.0000E+00  0.0000
   1.7783E+02   3.1623E+02   0.0000E+00  0.0000   1.6512E-04  0.5023   0.0000E+00  0.0000   0.0000E+00  0.0000
   3.1623E+02   5.6234E+02   0.0000E+00  0.0000   6.5452E-04  0.3015   0.0000E+00  0.0000   0.0000E+00  0.0000
   5.6234E+02   1.0000E+03   0.0000E+00  0.0000   7.7326E-04  0.2743   0.0000E+00  0.0000   0.0000E+00  0.0000
   1.0000E+03   1.7783E+03   0.0000E+00  0.0000   6.5880E-04  0.3049   0.0000E+00  0.0000   0.0000E+00  0.0000
   1.7783E+03   3.1623E+03   0.0000E+00  0.0000   1.6505E-03  0.2117   0.0000E+00  0.0000   0.0000E+00  0.0000
   3.1623E+03   5.6234E+03   0.0000E+00  0.0000   1.2381E-03  0.2381   0.0000E+00  0.0000   0.0000E+00  0.0000
   5.6234E+03   1.0000E+04   0.0000E+00  0.0000   3.1879E-04  0.4478   0.0000E+00  0.0000   0.0000E+00  0.0000
   1.0000E+04   1.7783E+04   0.0000E+00  0.0000   8.4078E-04  0.2956   0.0000E+00  0.0000   0.0000E+00  0.0000
   1.7783E+04   3.1623E+04   0.0000E+00  0.0000   2.6452E-04  0.5043   0.0000E+00  0.0000   0.0000E+00  0.0000
   3.1623E+04   5.6234E+04   0.0000E+00  0.0000   2.0399E-04  0.5869   0.0000E+00  0.0000   0.0000E+00  0.0000
   5.6234E+04   1.0000E+05   0.0000E+00  0.0000   0.0000E+00  0.0000   0.0000E+00  0.0000   0.0000E+00  0.0000

#   sum over                 2.9566E-04  0.8441   7.1186E-03  0.0951   0.0000E+00  0.0000   0.0000E+00  0.0000

'no. = 31, (ix,iy,iz) = (  1,  1, 31)'
msuc: {\huge Flux spectra vs depth in concrete}
msdr: {\it plotted by \ANGEL \version}
msdl: {\it calculated by \PHITS  3.36}
wt: s(0.7)
\vspace{-3}
   vol  &=&   2.8800E+07 [cm^3]
  xmin  &=&  -6.0000E+02 [cm]
  xmax  &=&   6.0000E+02 [cm]
  ymin  &=&  -6.0000E+02 [cm]
  ymax  &=&   6.0000E+02 [cm]
  zmin  &=&  -1.0000E+02 [cm]
  zmax  &=&  -8.0000E+01 [cm]
e:

#------------------------------------------------------------------------------
 newpage:
#   no. = 32   ix  =  1   iy  =  1   iz  = 32
#   x = (  -6.0000E+02  -   6.0000E+02  )
#   y = (  -6.0000E+02  -   6.0000E+02  )
#   z = (  -8.0000E+01  -  -6.0000E+01  )

x: Energy [MeV/n]
y: Flux [1/cm^2/source]              
p: xlog ylog afac(0.8) form(0.9)
h: n            x            y(neutron ),hh0l n y(muon-   ),hh0dr n y(muon+   ),hh0ub n y(proton  ),hh0mg n 
#  e-lower      e-upper        neutron   r.err      muon-     r.err      muon+     r.err      proton    r.err 
   1.0000E-10   1.7783E-10   0.0000E+00  0.0000   0.0000E+00  0.0000   0.0000E+00  0.0000   0.0000E+00  0.0000
   1.7783E-10   3.1623E-10   0.0000E+00  0.0000   0.0000E+00  0.0000   0.0000E+00  0.0000   0.0000E+00  0.0000
   3.1623E-10   5.6234E-10   0.0000E+00  0.0000   0.0000E+00  0.0000   0.0000E+00  0.0000   0.0000E+00  0.0000
   5.6234E-10   1.0000E-09   0.0000E+00  0.0000   0.0000E+00  0.0000   0.0000E+00  0.0000   0.0000E+00  0.0000
   1.0000E-09   1.7783E-09   0.0000E+00  0.0000   0.0000E+00  0.0000   0.0000E+00  0.0000   0.0000E+00  0.0000
   1.7783E-09   3.1623E-09   0.0000E+00  0.0000   0.0000E+00  0.0000   0.0000E+00  0.0000   0.0000E+00  0.0000
   3.1623E-09   5.6234E-09   8.8470E-07  1.0000   0.0000E+00  0.0000   0.0000E+00  0.0000   0.0000E+00  0.0000
   5.6234E-09   1.0000E-08   8.2359E-06  1.0000   0.0000E+00  0.0000   0.0000E+00  0.0000   0.0000E+00  0.0000
   1.0000E-08   1.7783E-08   2.1343E-06  1.0000   0.0000E+00  0.0000   0.0000E+00  0.0000   0.0000E+00  0.0000
   1.7783E-08   3.1623E-08   4.8745E-06  1.0000   0.0000E+00  0.0000   0.0000E+00  0.0000   0.0000E+00  0.0000
   3.1623E-08   5.6234E-08   1.5836E-05  1.0000   0.0000E+00  0.0000   0.0000E+00  0.0000   0.0000E+00  0.0000
   5.6234E-08   1.0000E-07   3.7286E-05  1.0000   0.0000E+00  0.0000   0.0000E+00  0.0000   0.0000E+00  0.0000
   1.0000E-07   1.7783E-07   1.2129E-06  1.0000   0.0000E+00  0.0000   0.0000E+00  0.0000   0.0000E+00  0.0000
   1.7783E-07   3.1623E-07   0.0000E+00  0.0000   0.0000E+00  0.0000   0.0000E+00  0.0000   0.0000E+00  0.0000
   3.1623E-07   5.6234E-07   0.0000E+00  0.0000   0.0000E+00  0.0000   0.0000E+00  0.0000   0.0000E+00  0.0000
   5.6234E-07   1.0000E-06   0.0000E+00  0.0000   0.0000E+00  0.0000   0.0000E+00  0.0000   0.0000E+00  0.0000
   1.0000E-06   1.7783E-06   0.0000E+00  0.0000   0.0000E+00  0.0000   0.0000E+00  0.0000   0.0000E+00  0.0000
   1.7783E-06   3.1623E-06   0.0000E+00  0.0000   0.0000E+00  0.0000   0.0000E+00  0.0000   0.0000E+00  0.0000
   3.1623E-06   5.6234E-06   0.0000E+00  0.0000   0.0000E+00  0.0000   0.0000E+00  0.0000   0.0000E+00  0.0000
   5.6234E-06   1.0000E-05   0.0000E+00  0.0000   0.0000E+00  0.0000   0.0000E+00  0.0000   0.0000E+00  0.0000
   1.0000E-05   1.7783E-05   0.0000E+00  0.0000   0.0000E+00  0.0000   0.0000E+00  0.0000   0.0000E+00  0.0000
   1.7783E-05   3.1623E-05   0.0000E+00  0.0000   0.0000E+00  0.0000   0.0000E+00  0.0000   0.0000E+00  0.0000
   3.1623E-05   5.6234E-05   0.0000E+00  0.0000   0.0000E+00  0.0000   0.0000E+00  0.0000   0.0000E+00  0.0000
   5.6234E-05   1.0000E-04   0.0000E+00  0.0000   0.0000E+00  0.0000   0.0000E+00  0.0000   0.0000E+00  0.0000
   1.0000E-04   1.7783E-04   0.0000E+00  0.0000   0.0000E+00  0.0000   0.0000E+00  0.0000   0.0000E+00  0.0000
   1.7783E-04   3.1623E-04   0.0000E+00  0.0000   0.0000E+00  0.0000   0.0000E+00  0.0000   0.0000E+00  0.0000
   3.1623E-04   5.6234E-04   0.0000E+00  0.0000   0.0000E+00  0.0000   0.0000E+00  0.0000   0.0000E+00  0.0000
   5.6234E-04   1.0000E-03   0.0000E+00  0.0000   0.0000E+00  0.0000   0.0000E+00  0.0000   0.0000E+00  0.0000
   1.0000E-03   1.7783E-03   0.0000E+00  0.0000   8.3040E-12  1.0000   0.0000E+00  0.0000   0.0000E+00  0.0000
   1.7783E-03   3.1623E-03   0.0000E+00  0.0000   4.0570E-12  1.0000   0.0000E+00  0.0000   0.0000E+00  0.0000
   3.1623E-03   5.6234E-03   0.0000E+00  0.0000   5.9939E-12  1.0000   0.0000E+00  0.0000   0.0000E+00  0.0000
   5.6234E-03   1.0000E-02   0.0000E+00  0.0000   9.6133E-12  1.0000   0.0000E+00  0.0000   0.0000E+00  0.0000
   1.0000E-02   1.7783E-02   0.0000E+00  0.0000   1.7238E-11  1.0000   0.0000E+00  0.0000   0.0000E+00  0.0000
   1.7783E-02   3.1623E-02   0.0000E+00  0.0000   3.5587E-11  1.0000   0.0000E+00  0.0000   0.0000E+00  0.0000
   3.1623E-02   5.6234E-02   0.0000E+00  0.0000   8.3139E-11  1.0000   0.0000E+00  0.0000   0.0000E+00  0.0000
   5.6234E-02   1.0000E-01   0.0000E+00  0.0000   2.0831E-10  1.0000   0.0000E+00  0.0000   0.0000E+00  0.0000
   1.0000E-01   1.7783E-01   0.0000E+00  0.0000   5.3471E-10  1.0000   0.0000E+00  0.0000   0.0000E+00  0.0000
   1.7783E-01   3.1623E-01   0.0000E+00  0.0000   1.3987E-09  1.0000   0.0000E+00  0.0000   0.0000E+00  0.0000
   3.1623E-01   5.6234E-01   0.0000E+00  0.0000   3.7491E-09  1.0000   0.0000E+00  0.0000   0.0000E+00  0.0000
   5.6234E-01   1.0000E+00   0.0000E+00  0.0000   1.0283E-08  1.0000   0.0000E+00  0.0000   0.0000E+00  0.0000
   1.0000E+00   1.7783E+00   0.0000E+00  0.0000   2.8794E-08  1.0000   0.0000E+00  0.0000   0.0000E+00  0.0000
   1.7783E+00   3.1623E+00   0.0000E+00  0.0000   8.1902E-08  1.0000   0.0000E+00  0.0000   0.0000E+00  0.0000
   3.1623E+00   5.6234E+00   0.0000E+00  0.0000   2.3146E-07  1.0000   0.0000E+00  0.0000   0.0000E+00  0.0000
   5.6234E+00   1.0000E+01   0.0000E+00  0.0000   6.4479E-07  1.0000   0.0000E+00  0.0000   0.0000E+00  0.0000
   1.0000E+01   1.7783E+01   0.0000E+00  0.0000   1.7556E-06  1.0000   0.0000E+00  0.0000   0.0000E+00  0.0000
   1.7783E+01   3.1623E+01   0.0000E+00  0.0000   4.5834E-06  1.0000   0.0000E+00  0.0000   0.0000E+00  0.0000
   3.1623E+01   5.6234E+01   0.0000E+00  0.0000   1.5263E-05  0.7805   0.0000E+00  0.0000   0.0000E+00  0.0000
   5.6234E+01   1.0000E+02   0.0000E+00  0.0000   5.9900E-05  0.6135   0.0000E+00  0.0000   0.0000E+00  0.0000
   1.0000E+02   1.7783E+02   0.0000E+00  0.0000   1.8827E-04  0.4530   0.0000E+00  0.0000   0.0000E+00  0.0000
   1.7783E+02   3.1623E+02   0.0000E+00  0.0000   3.3128E-04  0.4458   0.0000E+00  0.0000   0.0000E+00  0.0000
   3.1623E+02   5.6234E+02   0.0000E+00  0.0000   5.2518E-04  0.3482   0.0000E+00  0.0000   0.0000E+00  0.0000
   5.6234E+02   1.0000E+03   0.0000E+00  0.0000   8.8818E-04  0.2606   0.0000E+00  0.0000   0.0000E+00  0.0000
   1.0000E+03   1.7783E+03   0.0000E+00  0.0000   6.8409E-04  0.2992   0.0000E+00  0.0000   0.0000E+00  0.0000
   1.7783E+03   3.1623E+03   0.0000E+00  0.0000   1.6055E-03  0.2103   0.0000E+00  0.0000   0.0000E+00  0.0000
   3.1623E+03   5.6234E+03   0.0000E+00  0.0000   1.3741E-03  0.2444   0.0000E+00  0.0000   0.0000E+00  0.0000
   5.6234E+03   1.0000E+04   0.0000E+00  0.0000   3.1879E-04  0.4478   0.0000E+00  0.0000   0.0000E+00  0.0000
   1.0000E+04   1.7783E+04   0.0000E+00  0.0000   9.6620E-04  0.3281   0.0000E+00  0.0000   0.0000E+00  0.0000
   1.7783E+04   3.1623E+04   0.0000E+00  0.0000   2.6452E-04  0.5043   0.0000E+00  0.0000   0.0000E+00  0.0000
   3.1623E+04   5.6234E+04   0.0000E+00  0.0000   2.0399E-04  0.5869   0.0000E+00  0.0000   0.0000E+00  0.0000
   5.6234E+04   1.0000E+05   0.0000E+00  0.0000   0.0000E+00  0.0000   0.0000E+00  0.0000   0.0000E+00  0.0000

#   sum over                 7.0465E-05  1.0000   7.4326E-03  0.0965   0.0000E+00  0.0000   0.0000E+00  0.0000

'no. = 32, (ix,iy,iz) = (  1,  1, 32)'
msuc: {\huge Flux spectra vs depth in concrete}
msdr: {\it plotted by \ANGEL \version}
msdl: {\it calculated by \PHITS  3.36}
wt: s(0.7)
\vspace{-3}
   vol  &=&   2.8800E+07 [cm^3]
  xmin  &=&  -6.0000E+02 [cm]
  xmax  &=&   6.0000E+02 [cm]
  ymin  &=&  -6.0000E+02 [cm]
  ymax  &=&   6.0000E+02 [cm]
  zmin  &=&  -8.0000E+01 [cm]
  zmax  &=&  -6.0000E+01 [cm]
e:

#------------------------------------------------------------------------------
 newpage:
#   no. = 33   ix  =  1   iy  =  1   iz  = 33
#   x = (  -6.0000E+02  -   6.0000E+02  )
#   y = (  -6.0000E+02  -   6.0000E+02  )
#   z = (  -6.0000E+01  -  -4.0000E+01  )

x: Energy [MeV/n]
y: Flux [1/cm^2/source]              
p: xlog ylog afac(0.8) form(0.9)
h: n            x            y(neutron ),hh0l n y(muon-   ),hh0dr n y(muon+   ),hh0ub n y(proton  ),hh0mg n 
#  e-lower      e-upper        neutron   r.err      muon-     r.err      muon+     r.err      proton    r.err 
   1.0000E-10   1.7783E-10   0.0000E+00  0.0000   0.0000E+00  0.0000   0.0000E+00  0.0000   0.0000E+00  0.0000
   1.7783E-10   3.1623E-10   0.0000E+00  0.0000   0.0000E+00  0.0000   0.0000E+00  0.0000   0.0000E+00  0.0000
   3.1623E-10   5.6234E-10   0.0000E+00  0.0000   0.0000E+00  0.0000   0.0000E+00  0.0000   0.0000E+00  0.0000
   5.6234E-10   1.0000E-09   0.0000E+00  0.0000   0.0000E+00  0.0000   0.0000E+00  0.0000   0.0000E+00  0.0000
   1.0000E-09   1.7783E-09   0.0000E+00  0.0000   0.0000E+00  0.0000   0.0000E+00  0.0000   0.0000E+00  0.0000
   1.7783E-09   3.1623E-09   0.0000E+00  0.0000   0.0000E+00  0.0000   0.0000E+00  0.0000   0.0000E+00  0.0000
   3.1623E-09   5.6234E-09   5.7134E-08  1.0000   0.0000E+00  0.0000   0.0000E+00  0.0000   0.0000E+00  0.0000
   5.6234E-09   1.0000E-08   4.1151E-07  1.0000   0.0000E+00  0.0000   0.0000E+00  0.0000   0.0000E+00  0.0000
   1.0000E-08   1.7783E-08   8.1588E-06  1.0000   0.0000E+00  0.0000   0.0000E+00  0.0000   0.0000E+00  0.0000
   1.7783E-08   3.1623E-08   1.5969E-05  1.0000   0.0000E+00  0.0000   0.0000E+00  0.0000   0.0000E+00  0.0000
   3.1623E-08   5.6234E-08   1.2647E-05  1.0000   0.0000E+00  0.0000   0.0000E+00  0.0000   0.0000E+00  0.0000
   5.6234E-08   1.0000E-07   1.1034E-05  1.0000   0.0000E+00  0.0000   0.0000E+00  0.0000   0.0000E+00  0.0000
   1.0000E-07   1.7783E-07   1.4356E-05  1.0000   0.0000E+00  0.0000   0.0000E+00  0.0000   0.0000E+00  0.0000
   1.7783E-07   3.1623E-07   2.3836E-07  1.0000   0.0000E+00  0.0000   0.0000E+00  0.0000   0.0000E+00  0.0000
   3.1623E-07   5.6234E-07   0.0000E+00  0.0000   0.0000E+00  0.0000   0.0000E+00  0.0000   0.0000E+00  0.0000
   5.6234E-07   1.0000E-06   0.0000E+00  0.0000   0.0000E+00  0.0000   0.0000E+00  0.0000   0.0000E+00  0.0000
   1.0000E-06   1.7783E-06   0.0000E+00  0.0000   0.0000E+00  0.0000   0.0000E+00  0.0000   0.0000E+00  0.0000
   1.7783E-06   3.1623E-06   0.0000E+00  0.0000   0.0000E+00  0.0000   0.0000E+00  0.0000   0.0000E+00  0.0000
   3.1623E-06   5.6234E-06   0.0000E+00  0.0000   0.0000E+00  0.0000   0.0000E+00  0.0000   0.0000E+00  0.0000
   5.6234E-06   1.0000E-05   0.0000E+00  0.0000   0.0000E+00  0.0000   0.0000E+00  0.0000   0.0000E+00  0.0000
   1.0000E-05   1.7783E-05   0.0000E+00  0.0000   0.0000E+00  0.0000   0.0000E+00  0.0000   0.0000E+00  0.0000
   1.7783E-05   3.1623E-05   0.0000E+00  0.0000   0.0000E+00  0.0000   0.0000E+00  0.0000   0.0000E+00  0.0000
   3.1623E-05   5.6234E-05   0.0000E+00  0.0000   0.0000E+00  0.0000   0.0000E+00  0.0000   0.0000E+00  0.0000
   5.6234E-05   1.0000E-04   0.0000E+00  0.0000   0.0000E+00  0.0000   0.0000E+00  0.0000   0.0000E+00  0.0000
   1.0000E-04   1.7783E-04   0.0000E+00  0.0000   0.0000E+00  0.0000   0.0000E+00  0.0000   0.0000E+00  0.0000
   1.7783E-04   3.1623E-04   0.0000E+00  0.0000   0.0000E+00  0.0000   0.0000E+00  0.0000   0.0000E+00  0.0000
   3.1623E-04   5.6234E-04   0.0000E+00  0.0000   0.0000E+00  0.0000   0.0000E+00  0.0000   0.0000E+00  0.0000
   5.6234E-04   1.0000E-03   0.0000E+00  0.0000   0.0000E+00  0.0000   0.0000E+00  0.0000   0.0000E+00  0.0000
   1.0000E-03   1.7783E-03   0.0000E+00  0.0000   8.3040E-12  1.0000   0.0000E+00  0.0000   0.0000E+00  0.0000
   1.7783E-03   3.1623E-03   0.0000E+00  0.0000   4.0570E-12  1.0000   0.0000E+00  0.0000   0.0000E+00  0.0000
   3.1623E-03   5.6234E-03   0.0000E+00  0.0000   5.9939E-12  1.0000   0.0000E+00  0.0000   0.0000E+00  0.0000
   5.6234E-03   1.0000E-02   0.0000E+00  0.0000   9.6133E-12  1.0000   0.0000E+00  0.0000   0.0000E+00  0.0000
   1.0000E-02   1.7783E-02   0.0000E+00  0.0000   1.7238E-11  1.0000   0.0000E+00  0.0000   0.0000E+00  0.0000
   1.7783E-02   3.1623E-02   0.0000E+00  0.0000   3.5587E-11  1.0000   0.0000E+00  0.0000   0.0000E+00  0.0000
   3.1623E-02   5.6234E-02   0.0000E+00  0.0000   8.3139E-11  1.0000   0.0000E+00  0.0000   0.0000E+00  0.0000
   5.6234E-02   1.0000E-01   0.0000E+00  0.0000   2.0831E-10  1.0000   0.0000E+00  0.0000   0.0000E+00  0.0000
   1.0000E-01   1.7783E-01   0.0000E+00  0.0000   5.3471E-10  1.0000   0.0000E+00  0.0000   0.0000E+00  0.0000
   1.7783E-01   3.1623E-01   0.0000E+00  0.0000   1.3987E-09  1.0000   0.0000E+00  0.0000   0.0000E+00  0.0000
   3.1623E-01   5.6234E-01   0.0000E+00  0.0000   3.7491E-09  1.0000   0.0000E+00  0.0000   0.0000E+00  0.0000
   5.6234E-01   1.0000E+00   0.0000E+00  0.0000   1.0283E-08  1.0000   0.0000E+00  0.0000   0.0000E+00  0.0000
   1.0000E+00   1.7783E+00   0.0000E+00  0.0000   2.8794E-08  1.0000   0.0000E+00  0.0000   0.0000E+00  0.0000
   1.7783E+00   3.1623E+00   0.0000E+00  0.0000   8.1902E-08  1.0000   0.0000E+00  0.0000   0.0000E+00  0.0000
   3.1623E+00   5.6234E+00   0.0000E+00  0.0000   2.3146E-07  1.0000   0.0000E+00  0.0000   0.0000E+00  0.0000
   5.6234E+00   1.0000E+01   0.0000E+00  0.0000   6.4479E-07  1.0000   0.0000E+00  0.0000   0.0000E+00  0.0000
   1.0000E+01   1.7783E+01   0.0000E+00  0.0000   1.7556E-06  1.0000   0.0000E+00  0.0000   0.0000E+00  0.0000
   1.7783E+01   3.1623E+01   0.0000E+00  0.0000   4.5834E-06  1.0000   0.0000E+00  0.0000   0.0000E+00  0.0000
   3.1623E+01   5.6234E+01   0.0000E+00  0.0000   7.4405E-06  1.0000   0.0000E+00  0.0000   0.0000E+00  0.0000
   5.6234E+01   1.0000E+02   0.0000E+00  0.0000   0.0000E+00  0.0000   0.0000E+00  0.0000   0.0000E+00  0.0000
   1.0000E+02   1.7783E+02   0.0000E+00  0.0000   1.5792E-05  1.0000   0.0000E+00  0.0000   0.0000E+00  0.0000
   1.7783E+02   3.1623E+02   0.0000E+00  0.0000   3.3687E-04  0.4480   0.0000E+00  0.0000   0.0000E+00  0.0000
   3.1623E+02   5.6234E+02   0.0000E+00  0.0000   4.3904E-04  0.3907   0.0000E+00  0.0000   0.0000E+00  0.0000
   5.6234E+02   1.0000E+03   0.0000E+00  0.0000   1.0209E-03  0.2566   0.0000E+00  0.0000   0.0000E+00  0.0000
   1.0000E+03   1.7783E+03   0.0000E+00  0.0000   8.5346E-04  0.2755   0.0000E+00  0.0000   0.0000E+00  0.0000
   1.7783E+03   3.1623E+03   0.0000E+00  0.0000   1.4711E-03  0.2065   0.0000E+00  0.0000   0.0000E+00  0.0000
   3.1623E+03   5.6234E+03   0.0000E+00  0.0000   1.5401E-03  0.2375   0.0000E+00  0.0000   0.0000E+00  0.0000
   5.6234E+03   1.0000E+04   0.0000E+00  0.0000   3.1879E-04  0.4478   0.0000E+00  0.0000   0.0000E+00  0.0000
   1.0000E+04   1.7783E+04   0.0000E+00  0.0000   9.9518E-04  0.3198   0.0000E+00  0.0000   0.0000E+00  0.0000
   1.7783E+04   3.1623E+04   0.0000E+00  0.0000   2.6452E-04  0.5043   0.0000E+00  0.0000   0.0000E+00  0.0000
   3.1623E+04   5.6234E+04   0.0000E+00  0.0000   2.0399E-04  0.5869   0.0000E+00  0.0000   0.0000E+00  0.0000
   5.6234E+04   1.0000E+05   0.0000E+00  0.0000   0.0000E+00  0.0000   0.0000E+00  0.0000   0.0000E+00  0.0000

#   sum over                 6.2871E-05  1.0000   7.4745E-03  0.0962   0.0000E+00  0.0000   0.0000E+00  0.0000

'no. = 33, (ix,iy,iz) = (  1,  1, 33)'
msuc: {\huge Flux spectra vs depth in concrete}
msdr: {\it plotted by \ANGEL \version}
msdl: {\it calculated by \PHITS  3.36}
wt: s(0.7)
\vspace{-3}
   vol  &=&   2.8800E+07 [cm^3]
  xmin  &=&  -6.0000E+02 [cm]
  xmax  &=&   6.0000E+02 [cm]
  ymin  &=&  -6.0000E+02 [cm]
  ymax  &=&   6.0000E+02 [cm]
  zmin  &=&  -6.0000E+01 [cm]
  zmax  &=&  -4.0000E+01 [cm]
e:

#------------------------------------------------------------------------------
 newpage:
#   no. = 34   ix  =  1   iy  =  1   iz  = 34
#   x = (  -6.0000E+02  -   6.0000E+02  )
#   y = (  -6.0000E+02  -   6.0000E+02  )
#   z = (  -4.0000E+01  -  -2.0000E+01  )

x: Energy [MeV/n]
y: Flux [1/cm^2/source]              
p: xlog ylog afac(0.8) form(0.9)
h: n            x            y(neutron ),hh0l n y(muon-   ),hh0dr n y(muon+   ),hh0ub n y(proton  ),hh0mg n 
#  e-lower      e-upper        neutron   r.err      muon-     r.err      muon+     r.err      proton    r.err 
   1.0000E-10   1.7783E-10   0.0000E+00  0.0000   0.0000E+00  0.0000   0.0000E+00  0.0000   0.0000E+00  0.0000
   1.7783E-10   3.1623E-10   0.0000E+00  0.0000   0.0000E+00  0.0000   0.0000E+00  0.0000   0.0000E+00  0.0000
   3.1623E-10   5.6234E-10   0.0000E+00  0.0000   0.0000E+00  0.0000   0.0000E+00  0.0000   0.0000E+00  0.0000
   5.6234E-10   1.0000E-09   0.0000E+00  0.0000   0.0000E+00  0.0000   0.0000E+00  0.0000   0.0000E+00  0.0000
   1.0000E-09   1.7783E-09   0.0000E+00  0.0000   0.0000E+00  0.0000   0.0000E+00  0.0000   0.0000E+00  0.0000
   1.7783E-09   3.1623E-09   0.0000E+00  0.0000   0.0000E+00  0.0000   0.0000E+00  0.0000   0.0000E+00  0.0000
   3.1623E-09   5.6234E-09   0.0000E+00  0.0000   0.0000E+00  0.0000   0.0000E+00  0.0000   0.0000E+00  0.0000
   5.6234E-09   1.0000E-08   0.0000E+00  0.0000   0.0000E+00  0.0000   0.0000E+00  0.0000   0.0000E+00  0.0000
   1.0000E-08   1.7783E-08   0.0000E+00  0.0000   0.0000E+00  0.0000   0.0000E+00  0.0000   0.0000E+00  0.0000
   1.7783E-08   3.1623E-08   0.0000E+00  0.0000   0.0000E+00  0.0000   0.0000E+00  0.0000   0.0000E+00  0.0000
   3.1623E-08   5.6234E-08   0.0000E+00  0.0000   0.0000E+00  0.0000   0.0000E+00  0.0000   0.0000E+00  0.0000
   5.6234E-08   1.0000E-07   0.0000E+00  0.0000   0.0000E+00  0.0000   0.0000E+00  0.0000   0.0000E+00  0.0000
   1.0000E-07   1.7783E-07   0.0000E+00  0.0000   0.0000E+00  0.0000   0.0000E+00  0.0000   0.0000E+00  0.0000
   1.7783E-07   3.1623E-07   0.0000E+00  0.0000   0.0000E+00  0.0000   0.0000E+00  0.0000   0.0000E+00  0.0000
   3.1623E-07   5.6234E-07   0.0000E+00  0.0000   0.0000E+00  0.0000   0.0000E+00  0.0000   0.0000E+00  0.0000
   5.6234E-07   1.0000E-06   0.0000E+00  0.0000   0.0000E+00  0.0000   0.0000E+00  0.0000   0.0000E+00  0.0000
   1.0000E-06   1.7783E-06   0.0000E+00  0.0000   0.0000E+00  0.0000   0.0000E+00  0.0000   0.0000E+00  0.0000
   1.7783E-06   3.1623E-06   0.0000E+00  0.0000   0.0000E+00  0.0000   0.0000E+00  0.0000   0.0000E+00  0.0000
   3.1623E-06   5.6234E-06   0.0000E+00  0.0000   0.0000E+00  0.0000   0.0000E+00  0.0000   0.0000E+00  0.0000
   5.6234E-06   1.0000E-05   0.0000E+00  0.0000   0.0000E+00  0.0000   0.0000E+00  0.0000   0.0000E+00  0.0000
   1.0000E-05   1.7783E-05   0.0000E+00  0.0000   0.0000E+00  0.0000   0.0000E+00  0.0000   0.0000E+00  0.0000
   1.7783E-05   3.1623E-05   0.0000E+00  0.0000   0.0000E+00  0.0000   0.0000E+00  0.0000   0.0000E+00  0.0000
   3.1623E-05   5.6234E-05   0.0000E+00  0.0000   0.0000E+00  0.0000   0.0000E+00  0.0000   0.0000E+00  0.0000
   5.6234E-05   1.0000E-04   0.0000E+00  0.0000   0.0000E+00  0.0000   0.0000E+00  0.0000   0.0000E+00  0.0000
   1.0000E-04   1.7783E-04   0.0000E+00  0.0000   0.0000E+00  0.0000   0.0000E+00  0.0000   0.0000E+00  0.0000
   1.7783E-04   3.1623E-04   0.0000E+00  0.0000   0.0000E+00  0.0000   0.0000E+00  0.0000   0.0000E+00  0.0000
   3.1623E-04   5.6234E-04   0.0000E+00  0.0000   0.0000E+00  0.0000   0.0000E+00  0.0000   0.0000E+00  0.0000
   5.6234E-04   1.0000E-03   0.0000E+00  0.0000   0.0000E+00  0.0000   0.0000E+00  0.0000   0.0000E+00  0.0000
   1.0000E-03   1.7783E-03   0.0000E+00  0.0000   8.1189E-12  1.0000   0.0000E+00  0.0000   0.0000E+00  0.0000
   1.7783E-03   3.1623E-03   0.0000E+00  0.0000   4.0570E-12  1.0000   0.0000E+00  0.0000   0.0000E+00  0.0000
   3.1623E-03   5.6234E-03   0.0000E+00  0.0000   5.9939E-12  1.0000   0.0000E+00  0.0000   0.0000E+00  0.0000
   5.6234E-03   1.0000E-02   0.0000E+00  0.0000   9.6133E-12  1.0000   0.0000E+00  0.0000   0.0000E+00  0.0000
   1.0000E-02   1.7783E-02   0.0000E+00  0.0000   1.7238E-11  1.0000   0.0000E+00  0.0000   0.0000E+00  0.0000
   1.7783E-02   3.1623E-02   0.0000E+00  0.0000   3.5587E-11  1.0000   0.0000E+00  0.0000   0.0000E+00  0.0000
   3.1623E-02   5.6234E-02   0.0000E+00  0.0000   8.3139E-11  1.0000   0.0000E+00  0.0000   0.0000E+00  0.0000
   5.6234E-02   1.0000E-01   0.0000E+00  0.0000   2.0831E-10  1.0000   0.0000E+00  0.0000   0.0000E+00  0.0000
   1.0000E-01   1.7783E-01   0.0000E+00  0.0000   5.3471E-10  1.0000   0.0000E+00  0.0000   0.0000E+00  0.0000
   1.7783E-01   3.1623E-01   0.0000E+00  0.0000   1.3987E-09  1.0000   0.0000E+00  0.0000   0.0000E+00  0.0000
   3.1623E-01   5.6234E-01   0.0000E+00  0.0000   3.7491E-09  1.0000   0.0000E+00  0.0000   0.0000E+00  0.0000
   5.6234E-01   1.0000E+00   0.0000E+00  0.0000   1.0283E-08  1.0000   0.0000E+00  0.0000   0.0000E+00  0.0000
   1.0000E+00   1.7783E+00   0.0000E+00  0.0000   2.8794E-08  1.0000   0.0000E+00  0.0000   0.0000E+00  0.0000
   1.7783E+00   3.1623E+00   0.0000E+00  0.0000   8.1902E-08  1.0000   0.0000E+00  0.0000   0.0000E+00  0.0000
   3.1623E+00   5.6234E+00   0.0000E+00  0.0000   2.3146E-07  1.0000   0.0000E+00  0.0000   0.0000E+00  0.0000
   5.6234E+00   1.0000E+01   0.0000E+00  0.0000   6.4479E-07  1.0000   0.0000E+00  0.0000   0.0000E+00  0.0000
   1.0000E+01   1.7783E+01   0.0000E+00  0.0000   1.7556E-06  1.0000   0.0000E+00  0.0000   0.0000E+00  0.0000
   1.7783E+01   3.1623E+01   0.0000E+00  0.0000   4.5834E-06  1.0000   0.0000E+00  0.0000   0.0000E+00  0.0000
   3.1623E+01   5.6234E+01   0.0000E+00  0.0000   5.5696E-06  0.7492   0.0000E+00  0.0000   0.0000E+00  0.0000
   5.6234E+01   1.0000E+02   0.0000E+00  0.0000   2.5084E-05  1.0000   0.0000E+00  0.0000   0.0000E+00  0.0000
   1.0000E+02   1.7783E+02   0.0000E+00  0.0000   5.0881E-05  1.0000   0.0000E+00  0.0000   0.0000E+00  0.0000
   1.7783E+02   3.1623E+02   0.0000E+00  0.0000   4.6469E-05  0.9927   0.0000E+00  0.0000   0.0000E+00  0.0000
   3.1623E+02   5.6234E+02   0.0000E+00  0.0000   6.2818E-04  0.3419   0.0000E+00  0.0000   0.0000E+00  0.0000
   5.6234E+02   1.0000E+03   0.0000E+00  0.0000   9.9023E-04  0.2569   0.0000E+00  0.0000   0.0000E+00  0.0000
   1.0000E+03   1.7783E+03   0.0000E+00  0.0000   9.3005E-04  0.2597   0.0000E+00  0.0000   0.0000E+00  0.0000
   1.7783E+03   3.1623E+03   0.0000E+00  0.0000   1.4215E-03  0.2080   0.0000E+00  0.0000   0.0000E+00  0.0000
   3.1623E+03   5.6234E+03   0.0000E+00  0.0000   1.4403E-03  0.2365   0.0000E+00  0.0000   0.0000E+00  0.0000
   5.6234E+03   1.0000E+04   0.0000E+00  0.0000   3.4132E-04  0.3912   0.0000E+00  0.0000   0.0000E+00  0.0000
   1.0000E+04   1.7783E+04   0.0000E+00  0.0000   1.0991E-03  0.3004   0.0000E+00  0.0000   0.0000E+00  0.0000
   1.7783E+04   3.1623E+04   0.0000E+00  0.0000   2.6452E-04  0.5043   0.0000E+00  0.0000   0.0000E+00  0.0000
   3.1623E+04   5.6234E+04   0.0000E+00  0.0000   2.0400E-04  0.5869   0.0000E+00  0.0000   0.0000E+00  0.0000
   5.6234E+04   1.0000E+05   0.0000E+00  0.0000   0.0000E+00  0.0000   0.0000E+00  0.0000   0.0000E+00  0.0000

#   sum over                 0.0000E+00  0.0000   7.4545E-03  0.0954   0.0000E+00  0.0000   0.0000E+00  0.0000

'no. = 34, (ix,iy,iz) = (  1,  1, 34)'
msuc: {\huge Flux spectra vs depth in concrete}
msdr: {\it plotted by \ANGEL \version}
msdl: {\it calculated by \PHITS  3.36}
wt: s(0.7)
\vspace{-3}
   vol  &=&   2.8800E+07 [cm^3]
  xmin  &=&  -6.0000E+02 [cm]
  xmax  &=&   6.0000E+02 [cm]
  ymin  &=&  -6.0000E+02 [cm]
  ymax  &=&   6.0000E+02 [cm]
  zmin  &=&  -4.0000E+01 [cm]
  zmax  &=&  -2.0000E+01 [cm]
e:

#------------------------------------------------------------------------------
 newpage:
#   no. = 35   ix  =  1   iy  =  1   iz  = 35
#   x = (  -6.0000E+02  -   6.0000E+02  )
#   y = (  -6.0000E+02  -   6.0000E+02  )
#   z = (  -2.0000E+01  -   0.0000E+00  )

x: Energy [MeV/n]
y: Flux [1/cm^2/source]              
p: xlog ylog afac(0.8) form(0.9)
h: n            x            y(neutron ),hh0l n y(muon-   ),hh0dr n y(muon+   ),hh0ub n y(proton  ),hh0mg n 
#  e-lower      e-upper        neutron   r.err      muon-     r.err      muon+     r.err      proton    r.err 
   1.0000E-10   1.7783E-10   0.0000E+00  0.0000   0.0000E+00  0.0000   0.0000E+00  0.0000   0.0000E+00  0.0000
   1.7783E-10   3.1623E-10   0.0000E+00  0.0000   0.0000E+00  0.0000   0.0000E+00  0.0000   0.0000E+00  0.0000
   3.1623E-10   5.6234E-10   0.0000E+00  0.0000   0.0000E+00  0.0000   0.0000E+00  0.0000   0.0000E+00  0.0000
   5.6234E-10   1.0000E-09   0.0000E+00  0.0000   0.0000E+00  0.0000   0.0000E+00  0.0000   0.0000E+00  0.0000
   1.0000E-09   1.7783E-09   0.0000E+00  0.0000   0.0000E+00  0.0000   0.0000E+00  0.0000   0.0000E+00  0.0000
   1.7783E-09   3.1623E-09   0.0000E+00  0.0000   0.0000E+00  0.0000   0.0000E+00  0.0000   0.0000E+00  0.0000
   3.1623E-09   5.6234E-09   0.0000E+00  0.0000   0.0000E+00  0.0000   0.0000E+00  0.0000   0.0000E+00  0.0000
   5.6234E-09   1.0000E-08   0.0000E+00  0.0000   0.0000E+00  0.0000   0.0000E+00  0.0000   0.0000E+00  0.0000
   1.0000E-08   1.7783E-08   0.0000E+00  0.0000   0.0000E+00  0.0000   0.0000E+00  0.0000   0.0000E+00  0.0000
   1.7783E-08   3.1623E-08   0.0000E+00  0.0000   0.0000E+00  0.0000   0.0000E+00  0.0000   0.0000E+00  0.0000
   3.1623E-08   5.6234E-08   0.0000E+00  0.0000   0.0000E+00  0.0000   0.0000E+00  0.0000   0.0000E+00  0.0000
   5.6234E-08   1.0000E-07   0.0000E+00  0.0000   0.0000E+00  0.0000   0.0000E+00  0.0000   0.0000E+00  0.0000
   1.0000E-07   1.7783E-07   0.0000E+00  0.0000   0.0000E+00  0.0000   0.0000E+00  0.0000   0.0000E+00  0.0000
   1.7783E-07   3.1623E-07   0.0000E+00  0.0000   0.0000E+00  0.0000   0.0000E+00  0.0000   0.0000E+00  0.0000
   3.1623E-07   5.6234E-07   0.0000E+00  0.0000   0.0000E+00  0.0000   0.0000E+00  0.0000   0.0000E+00  0.0000
   5.6234E-07   1.0000E-06   0.0000E+00  0.0000   0.0000E+00  0.0000   0.0000E+00  0.0000   0.0000E+00  0.0000
   1.0000E-06   1.7783E-06   0.0000E+00  0.0000   0.0000E+00  0.0000   0.0000E+00  0.0000   0.0000E+00  0.0000
   1.7783E-06   3.1623E-06   0.0000E+00  0.0000   0.0000E+00  0.0000   0.0000E+00  0.0000   0.0000E+00  0.0000
   3.1623E-06   5.6234E-06   0.0000E+00  0.0000   0.0000E+00  0.0000   0.0000E+00  0.0000   0.0000E+00  0.0000
   5.6234E-06   1.0000E-05   0.0000E+00  0.0000   0.0000E+00  0.0000   0.0000E+00  0.0000   0.0000E+00  0.0000
   1.0000E-05   1.7783E-05   0.0000E+00  0.0000   0.0000E+00  0.0000   0.0000E+00  0.0000   0.0000E+00  0.0000
   1.7783E-05   3.1623E-05   0.0000E+00  0.0000   0.0000E+00  0.0000   0.0000E+00  0.0000   0.0000E+00  0.0000
   3.1623E-05   5.6234E-05   0.0000E+00  0.0000   0.0000E+00  0.0000   0.0000E+00  0.0000   0.0000E+00  0.0000
   5.6234E-05   1.0000E-04   0.0000E+00  0.0000   0.0000E+00  0.0000   0.0000E+00  0.0000   0.0000E+00  0.0000
   1.0000E-04   1.7783E-04   0.0000E+00  0.0000   0.0000E+00  0.0000   0.0000E+00  0.0000   0.0000E+00  0.0000
   1.7783E-04   3.1623E-04   0.0000E+00  0.0000   0.0000E+00  0.0000   0.0000E+00  0.0000   0.0000E+00  0.0000
   3.1623E-04   5.6234E-04   0.0000E+00  0.0000   0.0000E+00  0.0000   0.0000E+00  0.0000   0.0000E+00  0.0000
   5.6234E-04   1.0000E-03   0.0000E+00  0.0000   0.0000E+00  0.0000   0.0000E+00  0.0000   0.0000E+00  0.0000
   1.0000E-03   1.7783E-03   0.0000E+00  0.0000   1.6608E-11  0.7067   0.0000E+00  0.0000   0.0000E+00  0.0000
   1.7783E-03   3.1623E-03   0.0000E+00  0.0000   8.1140E-12  0.7067   0.0000E+00  0.0000   0.0000E+00  0.0000
   3.1623E-03   5.6234E-03   0.0000E+00  0.0000   1.1988E-11  0.7067   0.0000E+00  0.0000   0.0000E+00  0.0000
   5.6234E-03   1.0000E-02   0.0000E+00  0.0000   1.9227E-11  0.7067   0.0000E+00  0.0000   0.0000E+00  0.0000
   1.0000E-02   1.7783E-02   0.0000E+00  0.0000   3.4475E-11  0.7067   0.0000E+00  0.0000   0.0000E+00  0.0000
   1.7783E-02   3.1623E-02   0.0000E+00  0.0000   7.1175E-11  0.7067   0.0000E+00  0.0000   0.0000E+00  0.0000
   3.1623E-02   5.6234E-02   0.0000E+00  0.0000   1.6628E-10  0.7067   0.0000E+00  0.0000   0.0000E+00  0.0000
   5.6234E-02   1.0000E-01   0.0000E+00  0.0000   4.1663E-10  0.7067   0.0000E+00  0.0000   0.0000E+00  0.0000
   1.0000E-01   1.7783E-01   0.0000E+00  0.0000   1.0694E-09  0.7067   0.0000E+00  0.0000   0.0000E+00  0.0000
   1.7783E-01   3.1623E-01   0.0000E+00  0.0000   2.7974E-09  0.7067   0.0000E+00  0.0000   0.0000E+00  0.0000
   3.1623E-01   5.6234E-01   0.0000E+00  0.0000   7.4983E-09  0.7067   0.0000E+00  0.0000   0.0000E+00  0.0000
   5.6234E-01   1.0000E+00   0.0000E+00  0.0000   2.0566E-08  0.7067   0.0000E+00  0.0000   0.0000E+00  0.0000
   1.0000E+00   1.7783E+00   0.0000E+00  0.0000   5.7587E-08  0.7067   0.0000E+00  0.0000   0.0000E+00  0.0000
   1.7783E+00   3.1623E+00   0.0000E+00  0.0000   1.6380E-07  0.7067   0.0000E+00  0.0000   0.0000E+00  0.0000
   3.1623E+00   5.6234E+00   0.0000E+00  0.0000   4.6293E-07  0.7067   0.0000E+00  0.0000   0.0000E+00  0.0000
   5.6234E+00   1.0000E+01   7.8768E-06  1.0000   1.2896E-06  0.7067   0.0000E+00  0.0000   0.0000E+00  0.0000
   1.0000E+01   1.7783E+01   0.0000E+00  0.0000   3.5112E-06  0.7067   0.0000E+00  0.0000   0.0000E+00  0.0000
   1.7783E+01   3.1623E+01   0.0000E+00  0.0000   7.0052E-06  0.7396   0.0000E+00  0.0000   0.0000E+00  0.0000
   3.1623E+01   5.6234E+01   0.0000E+00  0.0000   2.0604E-05  0.7094   0.0000E+00  0.0000   0.0000E+00  0.0000
   5.6234E+01   1.0000E+02   0.0000E+00  0.0000   3.4122E-05  0.7811   0.0000E+00  0.0000   0.0000E+00  0.0000
   1.0000E+02   1.7783E+02   0.0000E+00  0.0000   2.9648E-05  1.0000   0.0000E+00  0.0000   0.0000E+00  0.0000
   1.7783E+02   3.1623E+02   0.0000E+00  0.0000   6.7815E-05  1.0000   0.0000E+00  0.0000   0.0000E+00  0.0000
   3.1623E+02   5.6234E+02   0.0000E+00  0.0000   3.4776E-04  0.4209   0.0000E+00  0.0000   0.0000E+00  0.0000
   5.6234E+02   1.0000E+03   0.0000E+00  0.0000   9.8737E-04  0.2718   0.0000E+00  0.0000   0.0000E+00  0.0000
   1.0000E+03   1.7783E+03   0.0000E+00  0.0000   1.0400E-03  0.2508   0.0000E+00  0.0000   0.0000E+00  0.0000
   1.7783E+03   3.1623E+03   0.0000E+00  0.0000   1.4940E-03  0.2014   0.0000E+00  0.0000   0.0000E+00  0.0000
   3.1623E+03   5.6234E+03   0.0000E+00  0.0000   1.4117E-03  0.2457   0.0000E+00  0.0000   0.0000E+00  0.0000
   5.6234E+03   1.0000E+04   0.0000E+00  0.0000   4.4834E-04  0.3795   0.0000E+00  0.0000   0.0000E+00  0.0000
   1.0000E+04   1.7783E+04   0.0000E+00  0.0000   1.2123E-03  0.2868   0.0000E+00  0.0000   0.0000E+00  0.0000
   1.7783E+04   3.1623E+04   0.0000E+00  0.0000   2.6452E-04  0.5043   0.0000E+00  0.0000   0.0000E+00  0.0000
   3.1623E+04   5.6234E+04   0.0000E+00  0.0000   2.0400E-04  0.5869   0.0000E+00  0.0000   0.0000E+00  0.0000
   5.6234E+04   1.0000E+05   0.0000E+00  0.0000   0.0000E+00  0.0000   0.0000E+00  0.0000   0.0000E+00  0.0000

#   sum over                 7.8768E-06  1.0000   7.5747E-03  0.0950   0.0000E+00  0.0000   0.0000E+00  0.0000

'no. = 35, (ix,iy,iz) = (  1,  1, 35)'
msuc: {\huge Flux spectra vs depth in concrete}
msdr: {\it plotted by \ANGEL \version}
msdl: {\it calculated by \PHITS  3.36}
wt: s(0.7)
\vspace{-3}
   vol  &=&   2.8800E+07 [cm^3]
  xmin  &=&  -6.0000E+02 [cm]
  xmax  &=&   6.0000E+02 [cm]
  ymin  &=&  -6.0000E+02 [cm]
  ymax  &=&   6.0000E+02 [cm]
  zmin  &=&  -2.0000E+01 [cm]
  zmax  &=&   0.0000E+00 [cm]
e:
 
# Information for Restart Calculation
# This calculation was newly started
# istdev =  2 # 1:Batch variance, 2:History variance
# resc2  = 1.25253229462814562E-02 # Total source weight or Total source weight / maxcas
# resc3  = 8.00000000000000000E+02 # Total history number or Total batch number
# maxcas =         800 # History / Batch, only used for istdev=1
# bitrseed = 1011010110001101110011111010111001110010100011000010000100010110 # bit data of rseed
