[ T-Track ]
    title = Neutron flux map, xz section
     mesh =  xyz            # mesh type is xyz scoring mesh
   x-type =    2            # x-mesh is linear given by xmin, xmax and nx
     xmin =  -700.0000      # minimum value of x-mesh points
     xmax =   700.0000      # maximum value of x-mesh points
#    xdel =   40.00000      # mesh width of x-mesh points
       nx =     35          # number of x-mesh points
#    data = ( x(i), i = 1, nx + 1 )
#          -7.00000E+02 -6.60000E+02 -6.20000E+02 -5.80000E+02 -5.40000E+02
#          -5.00000E+02 -4.60000E+02 -4.20000E+02 -3.80000E+02 -3.40000E+02
#          -3.00000E+02 -2.60000E+02 -2.20000E+02 -1.80000E+02 -1.40000E+02
#          -1.00000E+02 -6.00000E+01 -2.00000E+01  2.00000E+01  6.00000E+01
#           1.00000E+02  1.40000E+02  1.80000E+02  2.20000E+02  2.60000E+02
#           3.00000E+02  3.40000E+02  3.80000E+02  4.20000E+02  4.60000E+02
#           5.00000E+02  5.40000E+02  5.80000E+02  6.20000E+02  6.60000E+02
#           7.00000E+02
   y-type =    2            # y-mesh is linear given by ymin, ymax and ny
     ymin =  -1000.000      # minimum value of y-mesh points
     ymax =   1000.000      # maximum value of y-mesh points
#    ydel =   2000.000      # mesh width of y-mesh points
       ny =      1          # number of y-mesh points
#    data = ( y(i), i = 1, ny + 1 )
#          -1.00000E+03  1.00000E+03
   z-type =    2            # z-mesh is linear given by zmin, zmax and nz
     zmin =  -705.0000      # minimum value of z-mesh points
     zmax =   200.0000      # maximum value of z-mesh points
#    zdel =   39.34783      # mesh width of z-mesh points
       nz =     23          # number of z-mesh points
#    data = ( z(i), i = 1, nz + 1 )
#          -7.05000E+02 -6.65652E+02 -6.26304E+02 -5.86957E+02 -5.47609E+02
#          -5.08261E+02 -4.68913E+02 -4.29565E+02 -3.90217E+02 -3.50870E+02
#          -3.11522E+02 -2.72174E+02 -2.32826E+02 -1.93478E+02 -1.54130E+02
#          -1.14783E+02 -7.54348E+01 -3.60870E+01  3.26087E+00  4.26087E+01
#           8.19565E+01  1.21304E+02  1.60652E+02  2.00000E+02
   e-type =    1            # e-mesh is given by the below data
       ne =      4          # number of e-mesh points
#    data = ( e(i), i = 1, ne + 1 )
            1.00000E-10  5.00000E-07  1.00000E-01  2.00000E+01  1.00000E+05
     unit =    1            # unit is [1/cm^2/source]
 material =  all            # (D=all) number of specific material
  2D-type =    4            # 1:Cont, 2:Clust, 3:Color, 4:xyz, 5:mat, 6:Clust+Cont, 7:Col+Cont
     axis =      xz            # axis of output
     file = map_xz.out      # file name of output for the above axis
     part =  neutron    muon-    
# kf/name :  2112       13       
#    used :        main (  %)        temp (  %)       total (  %)
#  memory :          71 (  0)           0 (  0)          71 (  0)

#------------------------------------------------------------------------------
#newpage:
#   no. =  1   ie  =  1   iy  =  1   part. = neutron 
#   e = (   1.0000E-10  -   5.0000E-07  )
#   y = (  -1.0000E+03  -   1.0000E+03  )
#  nx =  35   nz =  23

# x          z          flux       r.err
 -6.800E+02 -6.853E+02  8.820E-06  1.0000
 -6.400E+02 -6.853E+02  3.178E-04  1.0000
 -6.000E+02 -6.853E+02  0.000E+00  0.0000
 -5.600E+02 -6.853E+02  0.000E+00  0.0000
 -5.200E+02 -6.853E+02  3.633E-04  1.0000
 -4.800E+02 -6.853E+02  3.101E-04  1.0000
 -4.400E+02 -6.853E+02  0.000E+00  0.0000
 -4.000E+02 -6.853E+02  0.000E+00  0.0000
 -3.600E+02 -6.853E+02  0.000E+00  0.0000
 -3.200E+02 -6.853E+02  0.000E+00  0.0000
 -2.800E+02 -6.853E+02  2.819E-04  1.0000
 -2.400E+02 -6.853E+02  4.419E-04  1.0000
 -2.000E+02 -6.853E+02  0.000E+00  0.0000
 -1.600E+02 -6.853E+02  5.152E-05  1.0000
 -1.200E+02 -6.853E+02  3.317E-04  1.0000
 -8.000E+01 -6.853E+02  3.215E-04  1.0000
 -4.000E+01 -6.853E+02  0.000E+00  0.0000
  0.000E+00 -6.853E+02  9.494E-04  0.7185
  4.000E+01 -6.853E+02  2.727E-04  0.7502
  8.000E+01 -6.853E+02  5.094E-04  0.8472
  1.200E+02 -6.853E+02  2.435E-04  0.7088
  1.600E+02 -6.853E+02  3.585E-04  0.9668
  2.000E+02 -6.853E+02  1.671E-04  0.9877
  2.400E+02 -6.853E+02  2.639E-04  0.8599
  2.800E+02 -6.853E+02  2.074E-04  1.0000
  3.200E+02 -6.853E+02  0.000E+00  0.0000
  3.600E+02 -6.853E+02  1.296E-04  1.0000
  4.000E+02 -6.853E+02  1.643E-04  1.0000
  4.400E+02 -6.853E+02  0.000E+00  0.0000
  4.800E+02 -6.853E+02  0.000E+00  0.0000
  5.200E+02 -6.853E+02  0.000E+00  0.0000
  5.600E+02 -6.853E+02  3.236E-06  1.0000
  6.000E+02 -6.853E+02  0.000E+00  0.0000
  6.400E+02 -6.853E+02  3.307E-05  1.0000
  6.800E+02 -6.853E+02  5.812E-04  0.8788
 -6.800E+02 -6.460E+02  7.256E-05  1.0000
 -6.400E+02 -6.460E+02  2.543E-04  1.0000
 -6.000E+02 -6.460E+02  0.000E+00  0.0000
 -5.600E+02 -6.460E+02  1.013E-04  1.0000
 -5.200E+02 -6.460E+02  0.000E+00  0.0000
 -4.800E+02 -6.460E+02  1.559E-05  1.0000
 -4.400E+02 -6.460E+02  0.000E+00  0.0000
 -4.000E+02 -6.460E+02  0.000E+00  0.0000
 -3.600E+02 -6.460E+02  0.000E+00  0.0000
 -3.200E+02 -6.460E+02  0.000E+00  0.0000
 -2.800E+02 -6.460E+02  0.000E+00  0.0000
 -2.400E+02 -6.460E+02  3.272E-05  1.0000
 -2.000E+02 -6.460E+02  4.450E-04  1.0000
 -1.600E+02 -6.460E+02  0.000E+00  0.0000
 -1.200E+02 -6.460E+02  0.000E+00  0.0000
 -8.000E+01 -6.460E+02  0.000E+00  0.0000
 -4.000E+01 -6.460E+02  0.000E+00  0.0000
  0.000E+00 -6.460E+02  1.730E-04  1.0000
  4.000E+01 -6.460E+02  3.508E-04  0.6137
  8.000E+01 -6.460E+02  1.061E-03  0.7354
  1.200E+02 -6.460E+02  0.000E+00  0.0000
  1.600E+02 -6.460E+02  0.000E+00  0.0000
  2.000E+02 -6.460E+02  5.057E-04  1.0000
  2.400E+02 -6.460E+02  1.953E-04  0.8999
  2.800E+02 -6.460E+02  1.294E-04  0.9397
  3.200E+02 -6.460E+02  2.661E-04  1.0000
  3.600E+02 -6.460E+02  0.000E+00  0.0000
  4.000E+02 -6.460E+02  0.000E+00  0.0000
  4.400E+02 -6.460E+02  0.000E+00  0.0000
  4.800E+02 -6.460E+02  0.000E+00  0.0000
  5.200E+02 -6.460E+02  0.000E+00  0.0000
  5.600E+02 -6.460E+02  3.957E-04  1.0000
  6.000E+02 -6.460E+02  9.597E-05  0.7074
  6.400E+02 -6.460E+02  2.729E-04  1.0000
  6.800E+02 -6.460E+02  0.000E+00  0.0000
 -6.800E+02 -6.066E+02  3.366E-04  0.7277
 -6.400E+02 -6.066E+02  0.000E+00  0.0000
 -6.000E+02 -6.066E+02  0.000E+00  0.0000
 -5.600E+02 -6.066E+02  2.045E-04  1.0000
 -5.200E+02 -6.066E+02  0.000E+00  0.0000
 -4.800E+02 -6.066E+02  2.181E-04  1.0000
 -4.400E+02 -6.066E+02  2.727E-04  1.0000
 -4.000E+02 -6.066E+02  0.000E+00  0.0000
 -3.600E+02 -6.066E+02  0.000E+00  0.0000
 -3.200E+02 -6.066E+02  0.000E+00  0.0000
 -2.800E+02 -6.066E+02  0.000E+00  0.0000
 -2.400E+02 -6.066E+02  0.000E+00  0.0000
 -2.000E+02 -6.066E+02  0.000E+00  0.0000
 -1.600E+02 -6.066E+02  0.000E+00  0.0000
 -1.200E+02 -6.066E+02  0.000E+00  0.0000
 -8.000E+01 -6.066E+02  0.000E+00  0.0000
 -4.000E+01 -6.066E+02  1.580E-06  0.9138
  0.000E+00 -6.066E+02  6.678E-05  1.0000
  4.000E+01 -6.066E+02  4.932E-05  1.0000
  8.000E+01 -6.066E+02  2.679E-05  1.0000
  1.200E+02 -6.066E+02  0.000E+00  0.0000
  1.600E+02 -6.066E+02  0.000E+00  0.0000
  2.000E+02 -6.066E+02  0.000E+00  0.0000
  2.400E+02 -6.066E+02  0.000E+00  0.0000
  2.800E+02 -6.066E+02  0.000E+00  0.0000
  3.200E+02 -6.066E+02  2.025E-04  1.0000
  3.600E+02 -6.066E+02  0.000E+00  0.0000
  4.000E+02 -6.066E+02  0.000E+00  0.0000
  4.400E+02 -6.066E+02  0.000E+00  0.0000
  4.800E+02 -6.066E+02  0.000E+00  0.0000
  5.200E+02 -6.066E+02  2.129E-04  1.0000
  5.600E+02 -6.066E+02  2.538E-05  1.0000
  6.000E+02 -6.066E+02  0.000E+00  0.0000
  6.400E+02 -6.066E+02  0.000E+00  0.0000
  6.800E+02 -6.066E+02  0.000E+00  0.0000
 -6.800E+02 -5.673E+02  9.257E-05  1.0000
 -6.400E+02 -5.673E+02  0.000E+00  0.0000
 -6.000E+02 -5.673E+02  0.000E+00  0.0000
 -5.600E+02 -5.673E+02  2.891E-04  1.0000
 -5.200E+02 -5.673E+02  4.248E-05  1.0000
 -4.800E+02 -5.673E+02  0.000E+00  0.0000
 -4.400E+02 -5.673E+02  0.000E+00  0.0000
 -4.000E+02 -5.673E+02  0.000E+00  0.0000
 -3.600E+02 -5.673E+02  0.000E+00  0.0000
 -3.200E+02 -5.673E+02  0.000E+00  0.0000
 -2.800E+02 -5.673E+02  0.000E+00  0.0000
 -2.400E+02 -5.673E+02  0.000E+00  0.0000
 -2.000E+02 -5.673E+02  0.000E+00  0.0000
 -1.600E+02 -5.673E+02  0.000E+00  0.0000
 -1.200E+02 -5.673E+02  0.000E+00  0.0000
 -8.000E+01 -5.673E+02  0.000E+00  0.0000
 -4.000E+01 -5.673E+02  1.280E-03  0.5700
  0.000E+00 -5.673E+02  5.713E-04  0.7519
  4.000E+01 -5.673E+02  0.000E+00  0.0000
  8.000E+01 -5.673E+02  3.919E-04  0.9845
  1.200E+02 -5.673E+02  5.951E-05  1.0000
  1.600E+02 -5.673E+02  3.700E-04  1.0000
  2.000E+02 -5.673E+02  0.000E+00  0.0000
  2.400E+02 -5.673E+02  0.000E+00  0.0000
  2.800E+02 -5.673E+02  0.000E+00  0.0000
  3.200E+02 -5.673E+02  4.701E-04  0.7122
  3.600E+02 -5.673E+02  1.133E-04  0.7779
  4.000E+02 -5.673E+02  3.942E-04  1.0000
  4.400E+02 -5.673E+02  0.000E+00  0.0000
  4.800E+02 -5.673E+02  0.000E+00  0.0000
  5.200E+02 -5.673E+02  2.386E-04  1.0000
  5.600E+02 -5.673E+02  1.458E-04  0.8246
  6.000E+02 -5.673E+02  2.087E-04  1.0000
  6.400E+02 -5.673E+02  2.844E-04  1.0000
  6.800E+02 -5.673E+02  2.942E-04  1.0000
 -6.800E+02 -5.279E+02  7.973E-05  1.0000
 -6.400E+02 -5.279E+02  2.292E-04  1.0000
 -6.000E+02 -5.279E+02  0.000E+00  0.0000
 -5.600E+02 -5.279E+02  0.000E+00  0.0000
 -5.200E+02 -5.279E+02  5.224E-04  0.7142
 -4.800E+02 -5.279E+02  0.000E+00  0.0000
 -4.400E+02 -5.279E+02  2.485E-04  1.0000
 -4.000E+02 -5.279E+02  3.759E-04  1.0000
 -3.600E+02 -5.279E+02  2.947E-04  1.0000
 -3.200E+02 -5.279E+02  5.002E-04  1.0000
 -2.800E+02 -5.279E+02  9.806E-05  1.0000
 -2.400E+02 -5.279E+02  0.000E+00  0.0000
 -2.000E+02 -5.279E+02  0.000E+00  0.0000
 -1.600E+02 -5.279E+02  0.000E+00  0.0000
 -1.200E+02 -5.279E+02  0.000E+00  0.0000
 -8.000E+01 -5.279E+02  0.000E+00  0.0000
 -4.000E+01 -5.279E+02  3.876E-04  0.7433
  0.000E+00 -5.279E+02  1.642E-04  0.6872
  4.000E+01 -5.279E+02  4.832E-04  0.8154
  8.000E+01 -5.279E+02  1.819E-04  0.8725
  1.200E+02 -5.279E+02  0.000E+00  0.0000
  1.600E+02 -5.279E+02  3.691E-04  1.0000
  2.000E+02 -5.279E+02  5.541E-05  1.0000
  2.400E+02 -5.279E+02  0.000E+00  0.0000
  2.800E+02 -5.279E+02  0.000E+00  0.0000
  3.200E+02 -5.279E+02  8.505E-05  1.0000
  3.600E+02 -5.279E+02  6.897E-04  0.6318
  4.000E+02 -5.279E+02  6.937E-04  0.7734
  4.400E+02 -5.279E+02  2.702E-05  1.0000
  4.800E+02 -5.279E+02  1.125E-04  1.0000
  5.200E+02 -5.279E+02  3.328E-04  0.7146
  5.600E+02 -5.279E+02  3.389E-04  1.0000
  6.000E+02 -5.279E+02  5.865E-04  0.6780
  6.400E+02 -5.279E+02  9.439E-05  0.8516
  6.800E+02 -5.279E+02  3.057E-04  0.7482
 -6.800E+02 -4.886E+02  0.000E+00  0.0000
 -6.400E+02 -4.886E+02  0.000E+00  0.0000
 -6.000E+02 -4.886E+02  3.833E-04  0.9239
 -5.600E+02 -4.886E+02  1.142E-04  0.9361
 -5.200E+02 -4.886E+02  3.318E-04  0.7172
 -4.800E+02 -4.886E+02  0.000E+00  0.0000
 -4.400E+02 -4.886E+02  4.761E-05  1.0000
 -4.000E+02 -4.886E+02  2.524E-04  1.0000
 -3.600E+02 -4.886E+02  0.000E+00  0.0000
 -3.200E+02 -4.886E+02  5.297E-04  0.7779
 -2.800E+02 -4.886E+02  4.398E-04  0.6815
 -2.400E+02 -4.886E+02  6.962E-05  1.0000
 -2.000E+02 -4.886E+02  0.000E+00  0.0000
 -1.600E+02 -4.886E+02  0.000E+00  0.0000
 -1.200E+02 -4.886E+02  3.092E-04  0.7449
 -8.000E+01 -4.886E+02  1.532E-04  1.0000
 -4.000E+01 -4.886E+02  3.600E-06  1.0000
  0.000E+00 -4.886E+02  3.498E-04  0.9760
  4.000E+01 -4.886E+02  2.025E-04  1.0000
  8.000E+01 -4.886E+02  0.000E+00  0.0000
  1.200E+02 -4.886E+02  7.602E-06  1.0000
  1.600E+02 -4.886E+02  4.115E-05  0.7870
  2.000E+02 -4.886E+02  4.240E-04  0.7297
  2.400E+02 -4.886E+02  0.000E+00  0.0000
  2.800E+02 -4.886E+02  0.000E+00  0.0000
  3.200E+02 -4.886E+02  0.000E+00  0.0000
  3.600E+02 -4.886E+02  4.331E-04  1.0000
  4.000E+02 -4.886E+02  2.245E-04  0.7685
  4.400E+02 -4.886E+02  4.565E-04  0.7072
  4.800E+02 -4.886E+02  4.403E-04  0.8963
  5.200E+02 -4.886E+02  0.000E+00  0.0000
  5.600E+02 -4.886E+02  0.000E+00  0.0000
  6.000E+02 -4.886E+02  3.621E-04  0.7588
  6.400E+02 -4.886E+02  1.330E-04  0.7111
  6.800E+02 -4.886E+02  1.505E-04  1.0000
 -6.800E+02 -4.492E+02  6.429E-04  1.0000
 -6.400E+02 -4.492E+02  0.000E+00  0.0000
 -6.000E+02 -4.492E+02  2.838E-04  0.8695
 -5.600E+02 -4.492E+02  8.090E-04  0.6141
 -5.200E+02 -4.492E+02  0.000E+00  0.0000
 -4.800E+02 -4.492E+02  5.472E-04  0.7227
 -4.400E+02 -4.492E+02  1.800E-05  1.0000
 -4.000E+02 -4.492E+02  1.784E-04  1.0000
 -3.600E+02 -4.492E+02  7.259E-05  1.0000
 -3.200E+02 -4.492E+02  3.879E-04  0.9076
 -2.800E+02 -4.492E+02  1.914E-06  1.0000
 -2.400E+02 -4.492E+02  0.000E+00  0.0000
 -2.000E+02 -4.492E+02  0.000E+00  0.0000
 -1.600E+02 -4.492E+02  3.716E-04  1.0000
 -1.200E+02 -4.492E+02  2.304E-04  0.9706
 -8.000E+01 -4.492E+02  1.153E-04  1.0000
 -4.000E+01 -4.492E+02  0.000E+00  0.0000
  0.000E+00 -4.492E+02  2.177E-05  1.0000
  4.000E+01 -4.492E+02  8.440E-04  1.0000
  8.000E+01 -4.492E+02  7.636E-05  0.7072
  1.200E+02 -4.492E+02  2.621E-05  1.0000
  1.600E+02 -4.492E+02  0.000E+00  0.0000
  2.000E+02 -4.492E+02  2.508E-04  1.0000
  2.400E+02 -4.492E+02  2.563E-04  0.7070
  2.800E+02 -4.492E+02  1.626E-04  1.0000
  3.200E+02 -4.492E+02  0.000E+00  0.0000
  3.600E+02 -4.492E+02  0.000E+00  0.0000
  4.000E+02 -4.492E+02  0.000E+00  0.0000
  4.400E+02 -4.492E+02  7.841E-05  1.0000
  4.800E+02 -4.492E+02  1.855E-04  0.7919
  5.200E+02 -4.492E+02  8.054E-05  0.7832
  5.600E+02 -4.492E+02  4.832E-04  0.8548
  6.000E+02 -4.492E+02  3.049E-04  0.8297
  6.400E+02 -4.492E+02  0.000E+00  0.0000
  6.800E+02 -4.492E+02  0.000E+00  0.0000
 -6.800E+02 -4.099E+02  0.000E+00  0.0000
 -6.400E+02 -4.099E+02  2.912E-04  1.0000
 -6.000E+02 -4.099E+02  3.693E-05  1.0000
 -5.600E+02 -4.099E+02  1.403E-04  0.7223
 -5.200E+02 -4.099E+02  6.031E-05  1.0000
 -4.800E+02 -4.099E+02  4.512E-05  1.0000
 -4.400E+02 -4.099E+02  2.106E-04  0.6442
 -4.000E+02 -4.099E+02  2.249E-04  1.0000
 -3.600E+02 -4.099E+02  3.513E-04  1.0000
 -3.200E+02 -4.099E+02  1.183E-04  1.0000
 -2.800E+02 -4.099E+02  6.432E-05  1.0000
 -2.400E+02 -4.099E+02  0.000E+00  0.0000
 -2.000E+02 -4.099E+02  0.000E+00  0.0000
 -1.600E+02 -4.099E+02  1.191E-04  1.0000
 -1.200E+02 -4.099E+02  1.796E-04  1.0000
 -8.000E+01 -4.099E+02  5.851E-04  0.7275
 -4.000E+01 -4.099E+02  1.271E-04  1.0000
  0.000E+00 -4.099E+02  0.000E+00  0.0000
  4.000E+01 -4.099E+02  1.804E-04  0.7552
  8.000E+01 -4.099E+02  4.807E-04  0.7537
  1.200E+02 -4.099E+02  1.516E-04  1.0000
  1.600E+02 -4.099E+02  2.853E-04  1.0000
  2.000E+02 -4.099E+02  4.788E-04  0.7295
  2.400E+02 -4.099E+02  9.820E-04  0.8231
  2.800E+02 -4.099E+02  1.202E-03  0.6242
  3.200E+02 -4.099E+02  4.840E-05  0.9996
  3.600E+02 -4.099E+02  0.000E+00  0.0000
  4.000E+02 -4.099E+02  0.000E+00  0.0000
  4.400E+02 -4.099E+02  1.591E-04  1.0000
  4.800E+02 -4.099E+02  3.373E-04  0.6531
  5.200E+02 -4.099E+02  2.867E-04  0.9702
  5.600E+02 -4.099E+02  1.107E-04  1.0000
  6.000E+02 -4.099E+02  1.665E-05  1.0000
  6.400E+02 -4.099E+02  1.453E-05  1.0000
  6.800E+02 -4.099E+02  2.162E-04  1.0000
 -6.800E+02 -3.705E+02  0.000E+00  0.0000
 -6.400E+02 -3.705E+02  0.000E+00  0.0000
 -6.000E+02 -3.705E+02  0.000E+00  0.0000
 -5.600E+02 -3.705E+02  3.515E-04  0.7162
 -5.200E+02 -3.705E+02  3.968E-04  0.7369
 -4.800E+02 -3.705E+02  5.421E-04  0.6014
 -4.400E+02 -3.705E+02  8.759E-05  0.7801
 -4.000E+02 -3.705E+02  4.589E-06  1.0000
 -3.600E+02 -3.705E+02  1.846E-04  0.9919
 -3.200E+02 -3.705E+02  2.895E-05  1.0000
 -2.800E+02 -3.705E+02  6.093E-04  0.9310
 -2.400E+02 -3.705E+02  3.187E-04  0.7418
 -2.000E+02 -3.705E+02  5.964E-06  1.0000
 -1.600E+02 -3.705E+02  3.850E-04  0.6086
 -1.200E+02 -3.705E+02  3.441E-04  0.8305
 -8.000E+01 -3.705E+02  1.166E-03  0.8407
 -4.000E+01 -3.705E+02  2.293E-04  0.7429
  0.000E+00 -3.705E+02  1.598E-04  0.9500
  4.000E+01 -3.705E+02  2.759E-05  1.0000
  8.000E+01 -3.705E+02  0.000E+00  0.0000
  1.200E+02 -3.705E+02  1.926E-05  1.0000
  1.600E+02 -3.705E+02  2.069E-04  0.9280
  2.000E+02 -3.705E+02  2.271E-04  0.9998
  2.400E+02 -3.705E+02  7.434E-04  0.8402
  2.800E+02 -3.705E+02  5.481E-04  0.7026
  3.200E+02 -3.705E+02  4.890E-04  0.6991
  3.600E+02 -3.705E+02  1.309E-04  1.0000
  4.000E+02 -3.705E+02  0.000E+00  0.0000
  4.400E+02 -3.705E+02  1.962E-04  0.9803
  4.800E+02 -3.705E+02  3.270E-04  0.8008
  5.200E+02 -3.705E+02  0.000E+00  0.0000
  5.600E+02 -3.705E+02  2.323E-05  1.0000
  6.000E+02 -3.705E+02  4.491E-05  1.0000
  6.400E+02 -3.705E+02  3.553E-04  1.0000
  6.800E+02 -3.705E+02  6.159E-06  0.8788
 -6.800E+02 -3.312E+02  1.134E-04  1.0000
 -6.400E+02 -3.312E+02  0.000E+00  0.0000
 -6.000E+02 -3.312E+02  1.335E-04  1.0000
 -5.600E+02 -3.312E+02  6.910E-05  0.9117
 -5.200E+02 -3.312E+02  4.735E-04  1.0000
 -4.800E+02 -3.312E+02  8.722E-04  0.6254
 -4.400E+02 -3.312E+02  2.547E-04  0.8275
 -4.000E+02 -3.312E+02  3.402E-04  0.8134
 -3.600E+02 -3.312E+02  5.077E-04  0.6398
 -3.200E+02 -3.312E+02  9.874E-05  1.0000
 -2.800E+02 -3.312E+02  2.892E-04  0.8317
 -2.400E+02 -3.312E+02  1.365E-04  0.9991
 -2.000E+02 -3.312E+02  3.732E-04  1.0000
 -1.600E+02 -3.312E+02  4.170E-04  1.0000
 -1.200E+02 -3.312E+02  4.560E-05  1.0000
 -8.000E+01 -3.312E+02  1.109E-03  0.8184
 -4.000E+01 -3.312E+02  3.431E-05  1.0000
  0.000E+00 -3.312E+02  6.949E-05  1.0000
  4.000E+01 -3.312E+02  7.771E-05  1.0000
  8.000E+01 -3.312E+02  8.274E-05  0.9411
  1.200E+02 -3.312E+02  4.376E-05  0.8019
  1.600E+02 -3.312E+02  4.943E-04  0.6148
  2.000E+02 -3.312E+02  9.788E-05  1.0000
  2.400E+02 -3.312E+02  3.169E-04  0.6839
  2.800E+02 -3.312E+02  7.766E-04  0.9555
  3.200E+02 -3.312E+02  2.418E-04  1.0000
  3.600E+02 -3.312E+02  3.595E-04  1.0000
  4.000E+02 -3.312E+02  6.407E-06  1.0000
  4.400E+02 -3.312E+02  0.000E+00  0.0000
  4.800E+02 -3.312E+02  0.000E+00  0.0000
  5.200E+02 -3.312E+02  2.723E-04  1.0000
  5.600E+02 -3.312E+02  9.716E-04  0.7520
  6.000E+02 -3.312E+02  3.938E-04  0.7667
  6.400E+02 -3.312E+02  1.058E-04  1.0000
  6.800E+02 -3.312E+02  1.611E-04  0.7789
 -6.800E+02 -2.918E+02  3.439E-04  0.8043
 -6.400E+02 -2.918E+02  2.655E-04  1.0000
 -6.000E+02 -2.918E+02  1.858E-04  0.9768
 -5.600E+02 -2.918E+02  1.416E-03  0.5573
 -5.200E+02 -2.918E+02  6.189E-04  0.7038
 -4.800E+02 -2.918E+02  1.325E-04  1.0000
 -4.400E+02 -2.918E+02  0.000E+00  0.0000
 -4.000E+02 -2.918E+02  2.421E-04  0.9269
 -3.600E+02 -2.918E+02  5.053E-04  0.7850
 -3.200E+02 -2.918E+02  7.283E-04  0.7078
 -2.800E+02 -2.918E+02  1.199E-04  1.0000
 -2.400E+02 -2.918E+02  1.403E-03  0.5065
 -2.000E+02 -2.918E+02  1.274E-04  1.0000
 -1.600E+02 -2.918E+02  0.000E+00  0.0000
 -1.200E+02 -2.918E+02  7.575E-04  0.9726
 -8.000E+01 -2.918E+02  1.792E-04  0.8673
 -4.000E+01 -2.918E+02  1.377E-04  1.0000
  0.000E+00 -2.918E+02  1.142E-04  1.0000
  4.000E+01 -2.918E+02  9.495E-06  1.0000
  8.000E+01 -2.918E+02  6.913E-05  0.6837
  1.200E+02 -2.918E+02  2.334E-04  0.7155
  1.600E+02 -2.918E+02  2.002E-04  0.7248
  2.000E+02 -2.918E+02  7.807E-05  1.0000
  2.400E+02 -2.918E+02  3.076E-04  1.0000
  2.800E+02 -2.918E+02  5.486E-07  1.0000
  3.200E+02 -2.918E+02  2.964E-04  0.7184
  3.600E+02 -2.918E+02  2.420E-04  0.8952
  4.000E+02 -2.918E+02  2.964E-04  1.0000
  4.400E+02 -2.918E+02  0.000E+00  0.0000
  4.800E+02 -2.918E+02  5.149E-04  0.7148
  5.200E+02 -2.918E+02  4.055E-04  1.0000
  5.600E+02 -2.918E+02  0.000E+00  0.0000
  6.000E+02 -2.918E+02  7.508E-06  1.0000
  6.400E+02 -2.918E+02  2.494E-05  1.0000
  6.800E+02 -2.918E+02  9.014E-04  0.7310
 -6.800E+02 -2.525E+02  7.206E-05  1.0000
 -6.400E+02 -2.525E+02  2.454E-04  1.0000
 -6.000E+02 -2.525E+02  1.998E-04  1.0000
 -5.600E+02 -2.525E+02  3.319E-04  0.7297
 -5.200E+02 -2.525E+02  9.014E-04  0.8074
 -4.800E+02 -2.525E+02  3.146E-04  1.0000
 -4.400E+02 -2.525E+02  0.000E+00  0.0000
 -4.000E+02 -2.525E+02  0.000E+00  0.0000
 -3.600E+02 -2.525E+02  0.000E+00  0.0000
 -3.200E+02 -2.525E+02  0.000E+00  0.0000
 -2.800E+02 -2.525E+02  3.160E-04  1.0000
 -2.400E+02 -2.525E+02  4.448E-04  1.0000
 -2.000E+02 -2.525E+02  1.493E-04  0.8992
 -1.600E+02 -2.525E+02  9.409E-05  1.0000
 -1.200E+02 -2.525E+02  9.367E-04  0.9511
 -8.000E+01 -2.525E+02  0.000E+00  0.0000
 -4.000E+01 -2.525E+02  2.025E-05  1.0000
  0.000E+00 -2.525E+02  8.341E-05  0.7577
  4.000E+01 -2.525E+02  2.219E-04  0.9147
  8.000E+01 -2.525E+02  1.667E-04  0.8334
  1.200E+02 -2.525E+02  0.000E+00  0.0000
  1.600E+02 -2.525E+02  7.757E-05  1.0000
  2.000E+02 -2.525E+02  8.467E-05  1.0000
  2.400E+02 -2.525E+02  1.678E-04  0.9473
  2.800E+02 -2.525E+02  3.415E-04  0.6225
  3.200E+02 -2.525E+02  5.953E-04  0.7080
  3.600E+02 -2.525E+02  0.000E+00  0.0000
  4.000E+02 -2.525E+02  3.307E-04  0.7947
  4.400E+02 -2.525E+02  2.274E-04  1.0000
  4.800E+02 -2.525E+02  1.167E-04  1.0000
  5.200E+02 -2.525E+02  0.000E+00  0.0000
  5.600E+02 -2.525E+02  1.717E-04  1.0000
  6.000E+02 -2.525E+02  5.058E-04  1.0000
  6.400E+02 -2.525E+02  1.897E-04  0.7025
  6.800E+02 -2.525E+02  2.949E-04  0.9273
 -6.800E+02 -2.132E+02  2.543E-04  1.0000
 -6.400E+02 -2.132E+02  0.000E+00  0.0000
 -6.000E+02 -2.132E+02  0.000E+00  0.0000
 -5.600E+02 -2.132E+02  0.000E+00  0.0000
 -5.200E+02 -2.132E+02  6.588E-06  1.0000
 -4.800E+02 -2.132E+02  5.950E-05  1.0000
 -4.400E+02 -2.132E+02  0.000E+00  0.0000
 -4.000E+02 -2.132E+02  0.000E+00  0.0000
 -3.600E+02 -2.132E+02  8.033E-06  1.0000
 -3.200E+02 -2.132E+02  3.214E-04  1.0000
 -2.800E+02 -2.132E+02  1.619E-04  1.0000
 -2.400E+02 -2.132E+02  4.570E-04  1.0000
 -2.000E+02 -2.132E+02  2.778E-04  0.6959
 -1.600E+02 -2.132E+02  7.152E-05  0.8753
 -1.200E+02 -2.132E+02  1.017E-03  0.9027
 -8.000E+01 -2.132E+02  8.045E-05  0.7521
 -4.000E+01 -2.132E+02  1.291E-04  0.9591
  0.000E+00 -2.132E+02  3.441E-04  0.6701
  4.000E+01 -2.132E+02  2.588E-04  0.6569
  8.000E+01 -2.132E+02  1.498E-04  1.0000
  1.200E+02 -2.132E+02  1.021E-04  1.0000
  1.600E+02 -2.132E+02  5.017E-04  0.7191
  2.000E+02 -2.132E+02  9.401E-04  0.6343
  2.400E+02 -2.132E+02  3.182E-04  0.7690
  2.800E+02 -2.132E+02  6.816E-04  0.8817
  3.200E+02 -2.132E+02  0.000E+00  0.0000
  3.600E+02 -2.132E+02  0.000E+00  0.0000
  4.000E+02 -2.132E+02  2.177E-04  0.9611
  4.400E+02 -2.132E+02  6.154E-04  0.7660
  4.800E+02 -2.132E+02  5.155E-04  0.6373
  5.200E+02 -2.132E+02  4.186E-06  1.0000
  5.600E+02 -2.132E+02  2.077E-04  1.0000
  6.000E+02 -2.132E+02  1.039E-04  0.7467
  6.400E+02 -2.132E+02  5.550E-04  0.6858
  6.800E+02 -2.132E+02  0.000E+00  0.0000
 -6.800E+02 -1.738E+02  3.668E-04  0.8660
 -6.400E+02 -1.738E+02  1.202E-04  0.8153
 -6.000E+02 -1.738E+02  7.532E-04  0.5229
 -5.600E+02 -1.738E+02  8.519E-04  0.5761
 -5.200E+02 -1.738E+02  8.260E-04  0.5794
 -4.800E+02 -1.738E+02  3.814E-04  0.7197
 -4.400E+02 -1.738E+02  0.000E+00  0.0000
 -4.000E+02 -1.738E+02  0.000E+00  0.0000
 -3.600E+02 -1.738E+02  1.916E-04  0.9647
 -3.200E+02 -1.738E+02  3.701E-05  1.0000
 -2.800E+02 -1.738E+02  2.104E-04  1.0000
 -2.400E+02 -1.738E+02  4.890E-04  0.5931
 -2.000E+02 -1.738E+02  1.120E-04  1.0000
 -1.600E+02 -1.738E+02  2.135E-04  0.9415
 -1.200E+02 -1.738E+02  1.058E-03  0.8657
 -8.000E+01 -1.738E+02  1.181E-04  0.8742
 -4.000E+01 -1.738E+02  2.822E-04  0.8756
  0.000E+00 -1.738E+02  2.319E-04  0.6592
  4.000E+01 -1.738E+02  0.000E+00  0.0000
  8.000E+01 -1.738E+02  0.000E+00  0.0000
  1.200E+02 -1.738E+02  6.994E-05  1.0000
  1.600E+02 -1.738E+02  7.192E-04  0.6314
  2.000E+02 -1.738E+02  1.781E-04  0.9532
  2.400E+02 -1.738E+02  8.072E-04  0.7259
  2.800E+02 -1.738E+02  5.728E-04  0.6219
  3.200E+02 -1.738E+02  3.929E-04  0.7199
  3.600E+02 -1.738E+02  1.667E-04  0.9658
  4.000E+02 -1.738E+02  3.769E-04  0.5795
  4.400E+02 -1.738E+02  1.287E-04  1.0000
  4.800E+02 -1.738E+02  4.356E-04  1.0000
  5.200E+02 -1.738E+02  7.530E-04  0.8313
  5.600E+02 -1.738E+02  5.086E-04  0.7171
  6.000E+02 -1.738E+02  0.000E+00  0.0000
  6.400E+02 -1.738E+02  0.000E+00  0.0000
  6.800E+02 -1.738E+02  4.444E-04  1.0000
 -6.800E+02 -1.345E+02  4.643E-04  0.6805
 -6.400E+02 -1.345E+02  5.026E-04  0.7306
 -6.000E+02 -1.345E+02  4.525E-04  0.8647
 -5.600E+02 -1.345E+02  2.122E-04  0.7070
 -5.200E+02 -1.345E+02  6.329E-04  0.7205
 -4.800E+02 -1.345E+02  2.165E-04  0.9811
 -4.400E+02 -1.345E+02  4.179E-04  1.0000
 -4.000E+02 -1.345E+02  4.752E-05  1.0000
 -3.600E+02 -1.345E+02  7.268E-06  0.8650
 -3.200E+02 -1.345E+02  8.137E-04  0.7104
 -2.800E+02 -1.345E+02  4.806E-04  0.7181
 -2.400E+02 -1.345E+02  1.049E-03  0.5886
 -2.000E+02 -1.345E+02  3.695E-04  0.6918
 -1.600E+02 -1.345E+02  4.783E-04  0.5675
 -1.200E+02 -1.345E+02  1.088E-03  0.9578
 -8.000E+01 -1.345E+02  2.306E-04  0.9919
 -4.000E+01 -1.345E+02  1.765E-04  0.8077
  0.000E+00 -1.345E+02  0.000E+00  0.0000
  4.000E+01 -1.345E+02  0.000E+00  0.0000
  8.000E+01 -1.345E+02  0.000E+00  0.0000
  1.200E+02 -1.345E+02  0.000E+00  0.0000
  1.600E+02 -1.345E+02  5.480E-04  0.6042
  2.000E+02 -1.345E+02  1.494E-04  0.8429
  2.400E+02 -1.345E+02  1.749E-06  1.0000
  2.800E+02 -1.345E+02  6.489E-04  0.7093
  3.200E+02 -1.345E+02  2.906E-04  0.6923
  3.600E+02 -1.345E+02  4.718E-04  0.8330
  4.000E+02 -1.345E+02  5.404E-04  0.5585
  4.400E+02 -1.345E+02  3.400E-04  0.7178
  4.800E+02 -1.345E+02  1.112E-04  0.9931
  5.200E+02 -1.345E+02  3.180E-05  0.7333
  5.600E+02 -1.345E+02  7.145E-04  0.6139
  6.000E+02 -1.345E+02  1.318E-04  1.0000
  6.400E+02 -1.345E+02  3.283E-04  1.0000
  6.800E+02 -1.345E+02  4.780E-05  1.0000
 -6.800E+02 -9.511E+01  1.424E-04  0.7929
 -6.400E+02 -9.511E+01  5.502E-04  0.8257
 -6.000E+02 -9.511E+01  8.388E-04  0.5940
 -5.600E+02 -9.511E+01  3.926E-04  0.8839
 -5.200E+02 -9.511E+01  7.811E-04  1.0000
 -4.800E+02 -9.511E+01  2.252E-04  0.7314
 -4.400E+02 -9.511E+01  4.634E-04  0.6884
 -4.000E+02 -9.511E+01  1.529E-04  1.0000
 -3.600E+02 -9.511E+01  0.000E+00  0.0000
 -3.200E+02 -9.511E+01  2.913E-05  1.0000
 -2.800E+02 -9.511E+01  1.166E-03  0.5545
 -2.400E+02 -9.511E+01  1.238E-03  0.6310
 -2.000E+02 -9.511E+01  1.128E-04  0.6962
 -1.600E+02 -9.511E+01  5.941E-04  0.5635
 -1.200E+02 -9.511E+01  8.309E-04  0.7027
 -8.000E+01 -9.511E+01  3.054E-04  0.9364
 -4.000E+01 -9.511E+01  9.565E-05  0.8329
  0.000E+00 -9.511E+01  4.803E-05  1.0000
  4.000E+01 -9.511E+01  3.133E-04  1.0000
  8.000E+01 -9.511E+01  3.178E-04  1.0000
  1.200E+02 -9.511E+01  0.000E+00  0.0000
  1.600E+02 -9.511E+01  1.838E-04  0.7146
  2.000E+02 -9.511E+01  4.831E-04  0.7128
  2.400E+02 -9.511E+01  4.520E-04  0.6972
  2.800E+02 -9.511E+01  0.000E+00  0.0000
  3.200E+02 -9.511E+01  1.687E-04  0.8642
  3.600E+02 -9.511E+01  3.165E-04  0.8749
  4.000E+02 -9.511E+01  8.345E-04  0.5296
  4.400E+02 -9.511E+01  1.188E-04  0.7598
  4.800E+02 -9.511E+01  6.050E-04  1.0000
  5.200E+02 -9.511E+01  6.539E-04  0.6746
  5.600E+02 -9.511E+01  3.496E-04  0.8657
  6.000E+02 -9.511E+01  3.679E-04  0.9274
  6.400E+02 -9.511E+01  0.000E+00  0.0000
  6.800E+02 -9.511E+01  0.000E+00  0.0000
 -6.800E+02 -5.576E+01  1.685E-04  1.0000
 -6.400E+02 -5.576E+01  1.332E-04  0.7079
 -6.000E+02 -5.576E+01  4.825E-04  0.6315
 -5.600E+02 -5.576E+01  0.000E+00  0.0000
 -5.200E+02 -5.576E+01  6.048E-05  1.0000
 -4.800E+02 -5.576E+01  1.227E-04  0.8680
 -4.400E+02 -5.576E+01  3.307E-04  1.0000
 -4.000E+02 -5.576E+01  0.000E+00  0.0000
 -3.600E+02 -5.576E+01  0.000E+00  0.0000
 -3.200E+02 -5.576E+01  1.030E-04  1.0000
 -2.800E+02 -5.576E+01  6.104E-04  0.6158
 -2.400E+02 -5.576E+01  5.140E-04  0.5964
 -2.000E+02 -5.576E+01  0.000E+00  0.0000
 -1.600E+02 -5.576E+01  6.779E-04  0.7144
 -1.200E+02 -5.576E+01  7.217E-04  0.7206
 -8.000E+01 -5.576E+01  8.987E-06  1.0000
 -4.000E+01 -5.576E+01  3.425E-04  0.7445
  0.000E+00 -5.576E+01  5.852E-04  0.8571
  4.000E+01 -5.576E+01  1.102E-04  1.0000
  8.000E+01 -5.576E+01  3.259E-05  0.8945
  1.200E+02 -5.576E+01  4.092E-04  0.7166
  1.600E+02 -5.576E+01  2.543E-04  1.0000
  2.000E+02 -5.576E+01  2.875E-04  1.0000
  2.400E+02 -5.576E+01  6.321E-04  0.7392
  2.800E+02 -5.576E+01  2.077E-04  0.7538
  3.200E+02 -5.576E+01  4.622E-04  0.7980
  3.600E+02 -5.576E+01  6.349E-04  0.5778
  4.000E+02 -5.576E+01  1.290E-03  0.6728
  4.400E+02 -5.576E+01  3.950E-04  0.9677
  4.800E+02 -5.576E+01  5.129E-04  0.8071
  5.200E+02 -5.576E+01  1.338E-04  0.8581
  5.600E+02 -5.576E+01  1.106E-04  0.7904
  6.000E+02 -5.576E+01  3.230E-04  0.9564
  6.400E+02 -5.576E+01  8.236E-05  0.9152
  6.800E+02 -5.576E+01  5.437E-04  0.7516
 -6.800E+02 -1.641E+01  0.000E+00  0.0000
 -6.400E+02 -1.641E+01  3.738E-04  0.7073
 -6.000E+02 -1.641E+01  3.747E-04  0.7074
 -5.600E+02 -1.641E+01  2.133E-04  1.0000
 -5.200E+02 -1.641E+01  1.324E-04  1.0000
 -4.800E+02 -1.641E+01  0.000E+00  0.0000
 -4.400E+02 -1.641E+01  1.003E-04  1.0000
 -4.000E+02 -1.641E+01  5.248E-04  0.7331
 -3.600E+02 -1.641E+01  2.626E-05  1.0000
 -3.200E+02 -1.641E+01  4.029E-05  1.0000
 -2.800E+02 -1.641E+01  2.685E-05  1.0000
 -2.400E+02 -1.641E+01  0.000E+00  0.0000
 -2.000E+02 -1.641E+01  0.000E+00  0.0000
 -1.600E+02 -1.641E+01  1.248E-04  0.9439
 -1.200E+02 -1.641E+01  2.646E-04  1.0000
 -8.000E+01 -1.641E+01  3.456E-04  1.0000
 -4.000E+01 -1.641E+01  7.322E-05  1.0000
  0.000E+00 -1.641E+01  1.220E-05  1.0000
  4.000E+01 -1.641E+01  1.837E-04  1.0000
  8.000E+01 -1.641E+01  1.938E-04  0.9816
  1.200E+02 -1.641E+01  9.706E-05  0.7297
  1.600E+02 -1.641E+01  9.366E-06  1.0000
  2.000E+02 -1.641E+01  0.000E+00  0.0000
  2.400E+02 -1.641E+01  0.000E+00  0.0000
  2.800E+02 -1.641E+01  1.876E-05  1.0000
  3.200E+02 -1.641E+01  1.455E-04  1.0000
  3.600E+02 -1.641E+01  0.000E+00  0.0000
  4.000E+02 -1.641E+01  9.358E-05  1.0000
  4.400E+02 -1.641E+01  5.759E-04  0.8743
  4.800E+02 -1.641E+01  0.000E+00  0.0000
  5.200E+02 -1.641E+01  0.000E+00  0.0000
  5.600E+02 -1.641E+01  0.000E+00  0.0000
  6.000E+02 -1.641E+01  7.866E-05  1.0000
  6.400E+02 -1.641E+01  2.084E-04  1.0000
  6.800E+02 -1.641E+01  8.544E-05  1.0000
 -6.800E+02  2.293E+01  0.000E+00  0.0000
 -6.400E+02  2.293E+01  1.217E-04  1.0000
 -6.000E+02  2.293E+01  0.000E+00  0.0000
 -5.600E+02  2.293E+01  0.000E+00  0.0000
 -5.200E+02  2.293E+01  6.262E-05  1.0000
 -4.800E+02  2.293E+01  0.000E+00  0.0000
 -4.400E+02  2.293E+01  3.460E-05  1.0000
 -4.000E+02  2.293E+01  3.131E-05  1.0000
 -3.600E+02  2.293E+01  1.641E-08  1.0000
 -3.200E+02  2.293E+01  1.057E-04  1.0000
 -2.800E+02  2.293E+01  0.000E+00  0.0000
 -2.400E+02  2.293E+01  0.000E+00  0.0000
 -2.000E+02  2.293E+01  0.000E+00  0.0000
 -1.600E+02  2.293E+01  0.000E+00  0.0000
 -1.200E+02  2.293E+01  0.000E+00  0.0000
 -8.000E+01  2.293E+01  0.000E+00  0.0000
 -4.000E+01  2.293E+01  0.000E+00  0.0000
  0.000E+00  2.293E+01  0.000E+00  0.0000
  4.000E+01  2.293E+01  0.000E+00  0.0000
  8.000E+01  2.293E+01  0.000E+00  0.0000
  1.200E+02  2.293E+01  0.000E+00  0.0000
  1.600E+02  2.293E+01  0.000E+00  0.0000
  2.000E+02  2.293E+01  0.000E+00  0.0000
  2.400E+02  2.293E+01  0.000E+00  0.0000
  2.800E+02  2.293E+01  0.000E+00  0.0000
  3.200E+02  2.293E+01  0.000E+00  0.0000
  3.600E+02  2.293E+01  0.000E+00  0.0000
  4.000E+02  2.293E+01  0.000E+00  0.0000
  4.400E+02  2.293E+01  0.000E+00  0.0000
  4.800E+02  2.293E+01  0.000E+00  0.0000
  5.200E+02  2.293E+01  0.000E+00  0.0000
  5.600E+02  2.293E+01  0.000E+00  0.0000
  6.000E+02  2.293E+01  0.000E+00  0.0000
  6.400E+02  2.293E+01  0.000E+00  0.0000
  6.800E+02  2.293E+01  0.000E+00  0.0000
 -6.800E+02  6.228E+01  3.897E-05  0.7928
 -6.400E+02  6.228E+01  9.237E-05  1.0000
 -6.000E+02  6.228E+01  0.000E+00  0.0000
 -5.600E+02  6.228E+01  0.000E+00  0.0000
 -5.200E+02  6.228E+01  6.262E-05  1.0000
 -4.800E+02  6.228E+01  0.000E+00  0.0000
 -4.400E+02  6.228E+01  3.460E-05  1.0000
 -4.000E+02  6.228E+01  0.000E+00  0.0000
 -3.600E+02  6.228E+01  3.132E-05  1.0000
 -3.200E+02  6.228E+01  1.057E-04  1.0000
 -2.800E+02  6.228E+01  0.000E+00  0.0000
 -2.400E+02  6.228E+01  0.000E+00  0.0000
 -2.000E+02  6.228E+01  0.000E+00  0.0000
 -1.600E+02  6.228E+01  0.000E+00  0.0000
 -1.200E+02  6.228E+01  0.000E+00  0.0000
 -8.000E+01  6.228E+01  0.000E+00  0.0000
 -4.000E+01  6.228E+01  0.000E+00  0.0000
  0.000E+00  6.228E+01  0.000E+00  0.0000
  4.000E+01  6.228E+01  0.000E+00  0.0000
  8.000E+01  6.228E+01  0.000E+00  0.0000
  1.200E+02  6.228E+01  0.000E+00  0.0000
  1.600E+02  6.228E+01  0.000E+00  0.0000
  2.000E+02  6.228E+01  0.000E+00  0.0000
  2.400E+02  6.228E+01  0.000E+00  0.0000
  2.800E+02  6.228E+01  0.000E+00  0.0000
  3.200E+02  6.228E+01  0.000E+00  0.0000
  3.600E+02  6.228E+01  0.000E+00  0.0000
  4.000E+02  6.228E+01  0.000E+00  0.0000
  4.400E+02  6.228E+01  0.000E+00  0.0000
  4.800E+02  6.228E+01  0.000E+00  0.0000
  5.200E+02  6.228E+01  0.000E+00  0.0000
  5.600E+02  6.228E+01  0.000E+00  0.0000
  6.000E+02  6.228E+01  0.000E+00  0.0000
  6.400E+02  6.228E+01  0.000E+00  0.0000
  6.800E+02  6.228E+01  8.370E-07  1.0000
 -6.800E+02  1.016E+02  1.611E-04  0.7942
 -6.400E+02  1.016E+02  0.000E+00  0.0000
 -6.000E+02  1.016E+02  0.000E+00  0.0000
 -5.600E+02  1.016E+02  0.000E+00  0.0000
 -5.200E+02  1.016E+02  6.262E-05  1.0000
 -4.800E+02  1.016E+02  1.263E-06  1.0000
 -4.400E+02  1.016E+02  3.334E-05  1.0000
 -4.000E+02  1.016E+02  0.000E+00  0.0000
 -3.600E+02  1.016E+02  3.132E-05  1.0000
 -3.200E+02  1.016E+02  1.057E-04  1.0000
 -2.800E+02  1.016E+02  0.000E+00  0.0000
 -2.400E+02  1.016E+02  0.000E+00  0.0000
 -2.000E+02  1.016E+02  0.000E+00  0.0000
 -1.600E+02  1.016E+02  0.000E+00  0.0000
 -1.200E+02  1.016E+02  0.000E+00  0.0000
 -8.000E+01  1.016E+02  0.000E+00  0.0000
 -4.000E+01  1.016E+02  0.000E+00  0.0000
  0.000E+00  1.016E+02  0.000E+00  0.0000
  4.000E+01  1.016E+02  0.000E+00  0.0000
  8.000E+01  1.016E+02  0.000E+00  0.0000
  1.200E+02  1.016E+02  0.000E+00  0.0000
  1.600E+02  1.016E+02  0.000E+00  0.0000
  2.000E+02  1.016E+02  0.000E+00  0.0000
  2.400E+02  1.016E+02  0.000E+00  0.0000
  2.800E+02  1.016E+02  0.000E+00  0.0000
  3.200E+02  1.016E+02  0.000E+00  0.0000
  3.600E+02  1.016E+02  0.000E+00  0.0000
  4.000E+02  1.016E+02  0.000E+00  0.0000
  4.400E+02  1.016E+02  0.000E+00  0.0000
  4.800E+02  1.016E+02  0.000E+00  0.0000
  5.200E+02  1.016E+02  0.000E+00  0.0000
  5.600E+02  1.016E+02  0.000E+00  0.0000
  6.000E+02  1.016E+02  0.000E+00  0.0000
  6.400E+02  1.016E+02  0.000E+00  0.0000
  6.800E+02  1.016E+02  1.435E-04  1.0000
 -6.800E+02  1.410E+02  1.365E-04  0.8986
 -6.400E+02  1.410E+02  2.463E-05  1.0000
 -6.000E+02  1.410E+02  0.000E+00  0.0000
 -5.600E+02  1.410E+02  0.000E+00  0.0000
 -5.200E+02  1.410E+02  6.262E-05  1.0000
 -4.800E+02  1.410E+02  3.460E-05  1.0000
 -4.400E+02  1.410E+02  0.000E+00  0.0000
 -4.000E+02  1.410E+02  0.000E+00  0.0000
 -3.600E+02  1.410E+02  3.132E-05  1.0000
 -3.200E+02  1.410E+02  1.057E-04  1.0000
 -2.800E+02  1.410E+02  0.000E+00  0.0000
 -2.400E+02  1.410E+02  0.000E+00  0.0000
 -2.000E+02  1.410E+02  0.000E+00  0.0000
 -1.600E+02  1.410E+02  0.000E+00  0.0000
 -1.200E+02  1.410E+02  0.000E+00  0.0000
 -8.000E+01  1.410E+02  0.000E+00  0.0000
 -4.000E+01  1.410E+02  0.000E+00  0.0000
  0.000E+00  1.410E+02  0.000E+00  0.0000
  4.000E+01  1.410E+02  0.000E+00  0.0000
  8.000E+01  1.410E+02  0.000E+00  0.0000
  1.200E+02  1.410E+02  0.000E+00  0.0000
  1.600E+02  1.410E+02  0.000E+00  0.0000
  2.000E+02  1.410E+02  0.000E+00  0.0000
  2.400E+02  1.410E+02  0.000E+00  0.0000
  2.800E+02  1.410E+02  0.000E+00  0.0000
  3.200E+02  1.410E+02  0.000E+00  0.0000
  3.600E+02  1.410E+02  0.000E+00  0.0000
  4.000E+02  1.410E+02  0.000E+00  0.0000
  4.400E+02  1.410E+02  0.000E+00  0.0000
  4.800E+02  1.410E+02  0.000E+00  0.0000
  5.200E+02  1.410E+02  0.000E+00  0.0000
  5.600E+02  1.410E+02  0.000E+00  0.0000
  6.000E+02  1.410E+02  0.000E+00  0.0000
  6.400E+02  1.410E+02  8.417E-05  1.0000
  6.800E+02  1.410E+02  5.929E-05  1.0000
 -6.800E+02  1.803E+02  1.217E-04  1.0000
 -6.400E+02  1.803E+02  3.904E-05  1.0000
 -6.000E+02  1.803E+02  3.113E-07  1.0000
 -5.600E+02  1.803E+02  3.896E-05  1.0000
 -5.200E+02  1.803E+02  2.366E-05  1.0000
 -4.800E+02  1.803E+02  3.460E-05  1.0000
 -4.400E+02  1.803E+02  0.000E+00  0.0000
 -4.000E+02  1.803E+02  0.000E+00  0.0000
 -3.600E+02  1.803E+02  3.132E-05  1.0000
 -3.200E+02  1.803E+02  1.057E-04  1.0000
 -2.800E+02  1.803E+02  0.000E+00  0.0000
 -2.400E+02  1.803E+02  0.000E+00  0.0000
 -2.000E+02  1.803E+02  0.000E+00  0.0000
 -1.600E+02  1.803E+02  0.000E+00  0.0000
 -1.200E+02  1.803E+02  0.000E+00  0.0000
 -8.000E+01  1.803E+02  0.000E+00  0.0000
 -4.000E+01  1.803E+02  0.000E+00  0.0000
  0.000E+00  1.803E+02  0.000E+00  0.0000
  4.000E+01  1.803E+02  0.000E+00  0.0000
  8.000E+01  1.803E+02  0.000E+00  0.0000
  1.200E+02  1.803E+02  0.000E+00  0.0000
  1.600E+02  1.803E+02  0.000E+00  0.0000
  2.000E+02  1.803E+02  0.000E+00  0.0000
  2.400E+02  1.803E+02  0.000E+00  0.0000
  2.800E+02  1.803E+02  0.000E+00  0.0000
  3.200E+02  1.803E+02  0.000E+00  0.0000
  3.600E+02  1.803E+02  0.000E+00  0.0000
  4.000E+02  1.803E+02  0.000E+00  0.0000
  4.400E+02  1.803E+02  0.000E+00  0.0000
  4.800E+02  1.803E+02  0.000E+00  0.0000
  5.200E+02  1.803E+02  0.000E+00  0.0000
  5.600E+02  1.803E+02  0.000E+00  0.0000
  6.000E+02  1.803E+02  2.404E-05  1.0000
  6.400E+02  1.803E+02  1.194E-04  1.0000
  6.800E+02  1.803E+02  0.000E+00  0.0000

#------------------------------------------------------------------------------
 newpage:
#   no. =  2   ie  =  2   iy  =  1   part. = neutron 
#   e = (   5.0000E-07  -   1.0000E-01  )
#   y = (  -1.0000E+03  -   1.0000E+03  )
#  nx =  35   nz =  23

# x          z          flux       r.err
 -6.800E+02 -6.853E+02  0.000E+00  0.0000
 -6.400E+02 -6.853E+02  0.000E+00  0.0000
 -6.000E+02 -6.853E+02  0.000E+00  0.0000
 -5.600E+02 -6.853E+02  0.000E+00  0.0000
 -5.200E+02 -6.853E+02  9.216E-06  1.0000
 -4.800E+02 -6.853E+02  4.056E-04  1.0000
 -4.400E+02 -6.853E+02  0.000E+00  0.0000
 -4.000E+02 -6.853E+02  0.000E+00  0.0000
 -3.600E+02 -6.853E+02  0.000E+00  0.0000
 -3.200E+02 -6.853E+02  0.000E+00  0.0000
 -2.800E+02 -6.853E+02  8.054E-05  1.0000
 -2.400E+02 -6.853E+02  3.462E-04  1.0000
 -2.000E+02 -6.853E+02  0.000E+00  0.0000
 -1.600E+02 -6.853E+02  3.882E-05  1.0000
 -1.200E+02 -6.853E+02  7.925E-05  1.0000
 -8.000E+01 -6.853E+02  2.070E-04  1.0000
 -4.000E+01 -6.853E+02  2.303E-07  1.0000
  0.000E+00 -6.853E+02  2.298E-04  0.9988
  4.000E+01 -6.853E+02  1.797E-04  1.0000
  8.000E+01 -6.853E+02  9.814E-05  1.0000
  1.200E+02 -6.853E+02  1.652E-04  0.7386
  1.600E+02 -6.853E+02  2.423E-04  1.0000
  2.000E+02 -6.853E+02  1.460E-04  0.7221
  2.400E+02 -6.853E+02  6.060E-05  1.0000
  2.800E+02 -6.853E+02  1.045E-04  1.0000
  3.200E+02 -6.853E+02  0.000E+00  0.0000
  3.600E+02 -6.853E+02  0.000E+00  0.0000
  4.000E+02 -6.853E+02  1.111E-04  1.0000
  4.400E+02 -6.853E+02  0.000E+00  0.0000
  4.800E+02 -6.853E+02  0.000E+00  0.0000
  5.200E+02 -6.853E+02  0.000E+00  0.0000
  5.600E+02 -6.853E+02  0.000E+00  0.0000
  6.000E+02 -6.853E+02  8.047E-05  1.0000
  6.400E+02 -6.853E+02  5.137E-05  1.0000
  6.800E+02 -6.853E+02  9.649E-05  0.7207
 -6.800E+02 -6.460E+02  1.428E-04  1.0000
 -6.400E+02 -6.460E+02  5.838E-06  1.0000
 -6.000E+02 -6.460E+02  0.000E+00  0.0000
 -5.600E+02 -6.460E+02  1.354E-04  1.0000
 -5.200E+02 -6.460E+02  0.000E+00  0.0000
 -4.800E+02 -6.460E+02  7.055E-05  1.0000
 -4.400E+02 -6.460E+02  0.000E+00  0.0000
 -4.000E+02 -6.460E+02  0.000E+00  0.0000
 -3.600E+02 -6.460E+02  0.000E+00  0.0000
 -3.200E+02 -6.460E+02  0.000E+00  0.0000
 -2.800E+02 -6.460E+02  0.000E+00  0.0000
 -2.400E+02 -6.460E+02  8.713E-05  1.0000
 -2.000E+02 -6.460E+02  8.546E-06  1.0000
 -1.600E+02 -6.460E+02  0.000E+00  0.0000
 -1.200E+02 -6.460E+02  0.000E+00  0.0000
 -8.000E+01 -6.460E+02  0.000E+00  0.0000
 -4.000E+01 -6.460E+02  0.000E+00  0.0000
  0.000E+00 -6.460E+02  0.000E+00  0.0000
  4.000E+01 -6.460E+02  9.727E-05  1.0000
  8.000E+01 -6.460E+02  1.239E-04  0.6795
  1.200E+02 -6.460E+02  0.000E+00  0.0000
  1.600E+02 -6.460E+02  0.000E+00  0.0000
  2.000E+02 -6.460E+02  4.925E-05  1.0000
  2.400E+02 -6.460E+02  8.895E-05  1.0000
  2.800E+02 -6.460E+02  1.696E-04  0.8867
  3.200E+02 -6.460E+02  7.857E-05  1.0000
  3.600E+02 -6.460E+02  0.000E+00  0.0000
  4.000E+02 -6.460E+02  0.000E+00  0.0000
  4.400E+02 -6.460E+02  0.000E+00  0.0000
  4.800E+02 -6.460E+02  0.000E+00  0.0000
  5.200E+02 -6.460E+02  0.000E+00  0.0000
  5.600E+02 -6.460E+02  1.751E-04  1.0000
  6.000E+02 -6.460E+02  1.704E-05  1.0000
  6.400E+02 -6.460E+02  6.790E-06  1.0000
  6.800E+02 -6.460E+02  1.220E-04  1.0000
 -6.800E+02 -6.066E+02  1.182E-06  1.0000
 -6.400E+02 -6.066E+02  0.000E+00  0.0000
 -6.000E+02 -6.066E+02  0.000E+00  0.0000
 -5.600E+02 -6.066E+02  7.956E-06  1.0000
 -5.200E+02 -6.066E+02  0.000E+00  0.0000
 -4.800E+02 -6.066E+02  0.000E+00  0.0000
 -4.400E+02 -6.066E+02  0.000E+00  0.0000
 -4.000E+02 -6.066E+02  0.000E+00  0.0000
 -3.600E+02 -6.066E+02  0.000E+00  0.0000
 -3.200E+02 -6.066E+02  0.000E+00  0.0000
 -2.800E+02 -6.066E+02  0.000E+00  0.0000
 -2.400E+02 -6.066E+02  0.000E+00  0.0000
 -2.000E+02 -6.066E+02  0.000E+00  0.0000
 -1.600E+02 -6.066E+02  0.000E+00  0.0000
 -1.200E+02 -6.066E+02  0.000E+00  0.0000
 -8.000E+01 -6.066E+02  0.000E+00  0.0000
 -4.000E+01 -6.066E+02  2.182E-05  1.0000
  0.000E+00 -6.066E+02  0.000E+00  0.0000
  4.000E+01 -6.066E+02  0.000E+00  0.0000
  8.000E+01 -6.066E+02  7.096E-05  1.0000
  1.200E+02 -6.066E+02  0.000E+00  0.0000
  1.600E+02 -6.066E+02  0.000E+00  0.0000
  2.000E+02 -6.066E+02  0.000E+00  0.0000
  2.400E+02 -6.066E+02  0.000E+00  0.0000
  2.800E+02 -6.066E+02  0.000E+00  0.0000
  3.200E+02 -6.066E+02  6.262E-05  1.0000
  3.600E+02 -6.066E+02  0.000E+00  0.0000
  4.000E+02 -6.066E+02  0.000E+00  0.0000
  4.400E+02 -6.066E+02  0.000E+00  0.0000
  4.800E+02 -6.066E+02  0.000E+00  0.0000
  5.200E+02 -6.066E+02  1.831E-04  1.0000
  5.600E+02 -6.066E+02  0.000E+00  0.0000
  6.000E+02 -6.066E+02  0.000E+00  0.0000
  6.400E+02 -6.066E+02  0.000E+00  0.0000
  6.800E+02 -6.066E+02  0.000E+00  0.0000
 -6.800E+02 -5.673E+02  2.163E-04  1.0000
 -6.400E+02 -5.673E+02  0.000E+00  0.0000
 -6.000E+02 -5.673E+02  0.000E+00  0.0000
 -5.600E+02 -5.673E+02  5.565E-05  1.0000
 -5.200E+02 -5.673E+02  2.401E-04  0.8138
 -4.800E+02 -5.673E+02  0.000E+00  0.0000
 -4.400E+02 -5.673E+02  0.000E+00  0.0000
 -4.000E+02 -5.673E+02  0.000E+00  0.0000
 -3.600E+02 -5.673E+02  0.000E+00  0.0000
 -3.200E+02 -5.673E+02  0.000E+00  0.0000
 -2.800E+02 -5.673E+02  0.000E+00  0.0000
 -2.400E+02 -5.673E+02  0.000E+00  0.0000
 -2.000E+02 -5.673E+02  0.000E+00  0.0000
 -1.600E+02 -5.673E+02  0.000E+00  0.0000
 -1.200E+02 -5.673E+02  0.000E+00  0.0000
 -8.000E+01 -5.673E+02  0.000E+00  0.0000
 -4.000E+01 -5.673E+02  5.635E-04  0.5356
  0.000E+00 -5.673E+02  1.636E-04  0.9398
  4.000E+01 -5.673E+02  0.000E+00  0.0000
  8.000E+01 -5.673E+02  1.120E-04  1.0000
  1.200E+02 -5.673E+02  0.000E+00  0.0000
  1.600E+02 -5.673E+02  2.613E-04  1.0000
  2.000E+02 -5.673E+02  0.000E+00  0.0000
  2.400E+02 -5.673E+02  0.000E+00  0.0000
  2.800E+02 -5.673E+02  0.000E+00  0.0000
  3.200E+02 -5.673E+02  2.514E-04  0.7130
  3.600E+02 -5.673E+02  0.000E+00  0.0000
  4.000E+02 -5.673E+02  0.000E+00  0.0000
  4.400E+02 -5.673E+02  0.000E+00  0.0000
  4.800E+02 -5.673E+02  0.000E+00  0.0000
  5.200E+02 -5.673E+02  0.000E+00  0.0000
  5.600E+02 -5.673E+02  1.352E-04  1.0000
  6.000E+02 -5.673E+02  0.000E+00  0.0000
  6.400E+02 -5.673E+02  0.000E+00  0.0000
  6.800E+02 -5.673E+02  1.382E-04  1.0000
 -6.800E+02 -5.279E+02  1.342E-04  1.0000
 -6.400E+02 -5.279E+02  1.352E-04  1.0000
 -6.000E+02 -5.279E+02  0.000E+00  0.0000
 -5.600E+02 -5.279E+02  0.000E+00  0.0000
 -5.200E+02 -5.279E+02  9.887E-05  0.7956
 -4.800E+02 -5.279E+02  0.000E+00  0.0000
 -4.400E+02 -5.279E+02  2.522E-04  1.0000
 -4.000E+02 -5.279E+02  8.455E-05  1.0000
 -3.600E+02 -5.279E+02  0.000E+00  0.0000
 -3.200E+02 -5.279E+02  2.868E-04  1.0000
 -2.800E+02 -5.279E+02  6.465E-05  1.0000
 -2.400E+02 -5.279E+02  0.000E+00  0.0000
 -2.000E+02 -5.279E+02  0.000E+00  0.0000
 -1.600E+02 -5.279E+02  0.000E+00  0.0000
 -1.200E+02 -5.279E+02  0.000E+00  0.0000
 -8.000E+01 -5.279E+02  0.000E+00  0.0000
 -4.000E+01 -5.279E+02  3.837E-04  0.7588
  0.000E+00 -5.279E+02  7.201E-05  1.0000
  4.000E+01 -5.279E+02  2.812E-04  0.7352
  8.000E+01 -5.279E+02  0.000E+00  0.0000
  1.200E+02 -5.279E+02  0.000E+00  0.0000
  1.600E+02 -5.279E+02  5.923E-05  1.0000
  2.000E+02 -5.279E+02  0.000E+00  0.0000
  2.400E+02 -5.279E+02  0.000E+00  0.0000
  2.800E+02 -5.279E+02  0.000E+00  0.0000
  3.200E+02 -5.279E+02  0.000E+00  0.0000
  3.600E+02 -5.279E+02  1.794E-04  0.8289
  4.000E+02 -5.279E+02  2.599E-04  0.9739
  4.400E+02 -5.279E+02  0.000E+00  0.0000
  4.800E+02 -5.279E+02  0.000E+00  0.0000
  5.200E+02 -5.279E+02  1.761E-04  1.0000
  5.600E+02 -5.279E+02  8.160E-05  1.0000
  6.000E+02 -5.279E+02  4.712E-05  1.0000
  6.400E+02 -5.279E+02  1.011E-04  1.0000
  6.800E+02 -5.279E+02  0.000E+00  0.0000
 -6.800E+02 -4.886E+02  4.202E-05  1.0000
 -6.400E+02 -4.886E+02  0.000E+00  0.0000
 -6.000E+02 -4.886E+02  7.482E-05  1.0000
 -5.600E+02 -4.886E+02  0.000E+00  0.0000
 -5.200E+02 -4.886E+02  2.940E-05  1.0000
 -4.800E+02 -4.886E+02  0.000E+00  0.0000
 -4.400E+02 -4.886E+02  0.000E+00  0.0000
 -4.000E+02 -4.886E+02  5.817E-06  1.0000
 -3.600E+02 -4.886E+02  0.000E+00  0.0000
 -3.200E+02 -4.886E+02  4.838E-04  0.7797
 -2.800E+02 -4.886E+02  3.172E-05  0.7282
 -2.400E+02 -4.886E+02  1.373E-04  1.0000
 -2.000E+02 -4.886E+02  0.000E+00  0.0000
 -1.600E+02 -4.886E+02  0.000E+00  0.0000
 -1.200E+02 -4.886E+02  0.000E+00  0.0000
 -8.000E+01 -4.886E+02  0.000E+00  0.0000
 -4.000E+01 -4.886E+02  0.000E+00  0.0000
  0.000E+00 -4.886E+02  2.925E-04  1.0000
  4.000E+01 -4.886E+02  2.308E-04  1.0000
  8.000E+01 -4.886E+02  0.000E+00  0.0000
  1.200E+02 -4.886E+02  0.000E+00  0.0000
  1.600E+02 -4.886E+02  2.967E-05  1.0000
  2.000E+02 -4.886E+02  2.954E-04  0.7966
  2.400E+02 -4.886E+02  0.000E+00  0.0000
  2.800E+02 -4.886E+02  0.000E+00  0.0000
  3.200E+02 -4.886E+02  0.000E+00  0.0000
  3.600E+02 -4.886E+02  1.448E-04  0.7714
  4.000E+02 -4.886E+02  2.182E-04  0.7022
  4.400E+02 -4.886E+02  3.252E-04  0.7079
  4.800E+02 -4.886E+02  1.071E-04  1.0000
  5.200E+02 -4.886E+02  0.000E+00  0.0000
  5.600E+02 -4.886E+02  0.000E+00  0.0000
  6.000E+02 -4.886E+02  1.405E-04  1.0000
  6.400E+02 -4.886E+02  9.960E-05  1.0000
  6.800E+02 -4.886E+02  0.000E+00  0.0000
 -6.800E+02 -4.492E+02  9.060E-05  1.0000
 -6.400E+02 -4.492E+02  0.000E+00  0.0000
 -6.000E+02 -4.492E+02  1.738E-05  0.8943
 -5.600E+02 -4.492E+02  4.364E-04  0.6031
 -5.200E+02 -4.492E+02  0.000E+00  0.0000
 -4.800E+02 -4.492E+02  2.551E-04  0.7071
 -4.400E+02 -4.492E+02  0.000E+00  0.0000
 -4.000E+02 -4.492E+02  9.101E-05  1.0000
 -3.600E+02 -4.492E+02  7.158E-06  1.0000
 -3.200E+02 -4.492E+02  1.226E-04  1.0000
 -2.800E+02 -4.492E+02  0.000E+00  0.0000
 -2.400E+02 -4.492E+02  0.000E+00  0.0000
 -2.000E+02 -4.492E+02  0.000E+00  0.0000
 -1.600E+02 -4.492E+02  5.027E-05  1.0000
 -1.200E+02 -4.492E+02  2.571E-04  1.0000
 -8.000E+01 -4.492E+02  7.915E-05  1.0000
 -4.000E+01 -4.492E+02  9.653E-06  1.0000
  0.000E+00 -4.492E+02  0.000E+00  0.0000
  4.000E+01 -4.492E+02  3.102E-04  1.0000
  8.000E+01 -4.492E+02  0.000E+00  0.0000
  1.200E+02 -4.492E+02  3.660E-05  1.0000
  1.600E+02 -4.492E+02  0.000E+00  0.0000
  2.000E+02 -4.492E+02  9.113E-05  1.0000
  2.400E+02 -4.492E+02  1.243E-05  1.0000
  2.800E+02 -4.492E+02  0.000E+00  0.0000
  3.200E+02 -4.492E+02  0.000E+00  0.0000
  3.600E+02 -4.492E+02  0.000E+00  0.0000
  4.000E+02 -4.492E+02  0.000E+00  0.0000
  4.400E+02 -4.492E+02  9.750E-05  1.0000
  4.800E+02 -4.492E+02  0.000E+00  0.0000
  5.200E+02 -4.492E+02  3.663E-05  1.0000
  5.600E+02 -4.492E+02  7.309E-05  0.7070
  6.000E+02 -4.492E+02  0.000E+00  0.0000
  6.400E+02 -4.492E+02  0.000E+00  0.0000
  6.800E+02 -4.492E+02  0.000E+00  0.0000
 -6.800E+02 -4.099E+02  0.000E+00  0.0000
 -6.400E+02 -4.099E+02  1.687E-04  1.0000
 -6.000E+02 -4.099E+02  0.000E+00  0.0000
 -5.600E+02 -4.099E+02  0.000E+00  0.0000
 -5.200E+02 -4.099E+02  0.000E+00  0.0000
 -4.800E+02 -4.099E+02  4.005E-05  1.0000
 -4.400E+02 -4.099E+02  1.777E-04  0.7107
 -4.000E+02 -4.099E+02  3.706E-05  1.0000
 -3.600E+02 -4.099E+02  2.165E-04  1.0000
 -3.200E+02 -4.099E+02  5.572E-05  1.0000
 -2.800E+02 -4.099E+02  1.597E-04  1.0000
 -2.400E+02 -4.099E+02  0.000E+00  0.0000
 -2.000E+02 -4.099E+02  0.000E+00  0.0000
 -1.600E+02 -4.099E+02  0.000E+00  0.0000
 -1.200E+02 -4.099E+02  0.000E+00  0.0000
 -8.000E+01 -4.099E+02  1.318E-04  0.7811
 -4.000E+01 -4.099E+02  1.291E-04  0.7072
  0.000E+00 -4.099E+02  0.000E+00  0.0000
  4.000E+01 -4.099E+02  0.000E+00  0.0000
  8.000E+01 -4.099E+02  1.009E-04  1.0000
  1.200E+02 -4.099E+02  0.000E+00  0.0000
  1.600E+02 -4.099E+02  1.932E-04  1.0000
  2.000E+02 -4.099E+02  4.471E-05  1.0000
  2.400E+02 -4.099E+02  8.064E-04  0.8114
  2.800E+02 -4.099E+02  4.288E-04  0.6157
  3.200E+02 -4.099E+02  1.024E-04  1.0000
  3.600E+02 -4.099E+02  4.481E-05  1.0000
  4.000E+02 -4.099E+02  0.000E+00  0.0000
  4.400E+02 -4.099E+02  7.709E-05  1.0000
  4.800E+02 -4.099E+02  5.192E-04  0.7078
  5.200E+02 -4.099E+02  1.781E-04  0.7457
  5.600E+02 -4.099E+02  9.921E-05  0.8540
  6.000E+02 -4.099E+02  2.774E-04  1.0000
  6.400E+02 -4.099E+02  4.150E-05  1.0000
  6.800E+02 -4.099E+02  1.651E-04  1.0000
 -6.800E+02 -3.705E+02  0.000E+00  0.0000
 -6.400E+02 -3.705E+02  0.000E+00  0.0000
 -6.000E+02 -3.705E+02  0.000E+00  0.0000
 -5.600E+02 -3.705E+02  2.435E-04  0.7071
 -5.200E+02 -3.705E+02  2.757E-04  0.7505
 -4.800E+02 -3.705E+02  1.110E-04  0.8195
 -4.400E+02 -3.705E+02  0.000E+00  0.0000
 -4.000E+02 -3.705E+02  0.000E+00  0.0000
 -3.600E+02 -3.705E+02  1.293E-04  1.0000
 -3.200E+02 -3.705E+02  0.000E+00  0.0000
 -2.800E+02 -3.705E+02  1.417E-04  0.8048
 -2.400E+02 -3.705E+02  1.046E-04  1.0000
 -2.000E+02 -3.705E+02  0.000E+00  0.0000
 -1.600E+02 -3.705E+02  0.000E+00  0.0000
 -1.200E+02 -3.705E+02  0.000E+00  0.0000
 -8.000E+01 -3.705E+02  1.903E-04  1.0000
 -4.000E+01 -3.705E+02  0.000E+00  0.0000
  0.000E+00 -3.705E+02  0.000E+00  0.0000
  4.000E+01 -3.705E+02  0.000E+00  0.0000
  8.000E+01 -3.705E+02  0.000E+00  0.0000
  1.200E+02 -3.705E+02  0.000E+00  0.0000
  1.600E+02 -3.705E+02  0.000E+00  0.0000
  2.000E+02 -3.705E+02  0.000E+00  0.0000
  2.400E+02 -3.705E+02  2.079E-04  0.7245
  2.800E+02 -3.705E+02  1.622E-04  0.8988
  3.200E+02 -3.705E+02  3.377E-04  0.7250
  3.600E+02 -3.705E+02  0.000E+00  0.0000
  4.000E+02 -3.705E+02  0.000E+00  0.0000
  4.400E+02 -3.705E+02  0.000E+00  0.0000
  4.800E+02 -3.705E+02  1.050E-05  1.0000
  5.200E+02 -3.705E+02  0.000E+00  0.0000
  5.600E+02 -3.705E+02  0.000E+00  0.0000
  6.000E+02 -3.705E+02  0.000E+00  0.0000
  6.400E+02 -3.705E+02  1.093E-04  1.0000
  6.800E+02 -3.705E+02  0.000E+00  0.0000
 -6.800E+02 -3.312E+02  0.000E+00  0.0000
 -6.400E+02 -3.312E+02  0.000E+00  0.0000
 -6.000E+02 -3.312E+02  0.000E+00  0.0000
 -5.600E+02 -3.312E+02  2.499E-04  0.8519
 -5.200E+02 -3.312E+02  7.916E-05  1.0000
 -4.800E+02 -3.312E+02  3.722E-04  0.7496
 -4.400E+02 -3.312E+02  3.988E-05  1.0000
 -4.000E+02 -3.312E+02  7.453E-05  1.0000
 -3.600E+02 -3.312E+02  0.000E+00  0.0000
 -3.200E+02 -3.312E+02  6.690E-05  1.0000
 -2.800E+02 -3.312E+02  2.102E-04  1.0000
 -2.400E+02 -3.312E+02  1.238E-04  0.9057
 -2.000E+02 -3.312E+02  1.212E-04  1.0000
 -1.600E+02 -3.312E+02  1.017E-04  1.0000
 -1.200E+02 -3.312E+02  9.244E-05  1.0000
 -8.000E+01 -3.312E+02  2.908E-04  0.7400
 -4.000E+01 -3.312E+02  1.005E-04  1.0000
  0.000E+00 -3.312E+02  1.005E-04  1.0000
  4.000E+01 -3.312E+02  1.005E-04  1.0000
  8.000E+01 -3.312E+02  1.005E-04  1.0000
  1.200E+02 -3.312E+02  2.643E-04  0.7270
  1.600E+02 -3.312E+02  2.544E-04  0.8038
  2.000E+02 -3.312E+02  1.253E-05  1.0000
  2.400E+02 -3.312E+02  1.898E-04  0.6368
  2.800E+02 -3.312E+02  1.643E-04  0.8130
  3.200E+02 -3.312E+02  0.000E+00  0.0000
  3.600E+02 -3.312E+02  5.186E-05  1.0000
  4.000E+02 -3.312E+02  0.000E+00  0.0000
  4.400E+02 -3.312E+02  0.000E+00  0.0000
  4.800E+02 -3.312E+02  0.000E+00  0.0000
  5.200E+02 -3.312E+02  1.143E-04  1.0000
  5.600E+02 -3.312E+02  2.629E-04  1.0000
  6.000E+02 -3.312E+02  8.260E-05  1.0000
  6.400E+02 -3.312E+02  0.000E+00  0.0000
  6.800E+02 -3.312E+02  0.000E+00  0.0000
 -6.800E+02 -2.918E+02  3.558E-04  1.0000
 -6.400E+02 -2.918E+02  1.626E-04  1.0000
 -6.000E+02 -2.918E+02  4.980E-05  1.0000
 -5.600E+02 -2.918E+02  4.226E-04  0.5440
 -5.200E+02 -2.918E+02  1.086E-04  1.0000
 -4.800E+02 -2.918E+02  0.000E+00  0.0000
 -4.400E+02 -2.918E+02  0.000E+00  0.0000
 -4.000E+02 -2.918E+02  1.010E-04  1.0000
 -3.600E+02 -2.918E+02  2.543E-04  0.7414
 -3.200E+02 -2.918E+02  2.306E-04  0.9737
 -2.800E+02 -2.918E+02  4.718E-05  1.0000
 -2.400E+02 -2.918E+02  5.858E-04  0.5421
 -2.000E+02 -2.918E+02  0.000E+00  0.0000
 -1.600E+02 -2.918E+02  0.000E+00  0.0000
 -1.200E+02 -2.918E+02  1.228E-04  1.0000
 -8.000E+01 -2.918E+02  1.903E-04  1.0000
 -4.000E+01 -2.918E+02  0.000E+00  0.0000
  0.000E+00 -2.918E+02  0.000E+00  0.0000
  4.000E+01 -2.918E+02  8.076E-05  1.0000
  8.000E+01 -2.918E+02  1.904E-04  1.0000
  1.200E+02 -2.918E+02  2.658E-05  1.0000
  1.600E+02 -2.918E+02  2.134E-05  1.0000
  2.000E+02 -2.918E+02  0.000E+00  0.0000
  2.400E+02 -2.918E+02  5.859E-05  1.0000
  2.800E+02 -2.918E+02  0.000E+00  0.0000
  3.200E+02 -2.918E+02  9.518E-05  1.0000
  3.600E+02 -2.918E+02  2.561E-04  0.7242
  4.000E+02 -2.918E+02  9.214E-05  1.0000
  4.400E+02 -2.918E+02  0.000E+00  0.0000
  4.800E+02 -2.918E+02  2.695E-04  0.7942
  5.200E+02 -2.918E+02  0.000E+00  0.0000
  5.600E+02 -2.918E+02  0.000E+00  0.0000
  6.000E+02 -2.918E+02  0.000E+00  0.0000
  6.400E+02 -2.918E+02  0.000E+00  0.0000
  6.800E+02 -2.918E+02  6.012E-04  0.7320
 -6.800E+02 -2.525E+02  0.000E+00  0.0000
 -6.400E+02 -2.525E+02  0.000E+00  0.0000
 -6.000E+02 -2.525E+02  0.000E+00  0.0000
 -5.600E+02 -2.525E+02  1.483E-05  1.0000
 -5.200E+02 -2.525E+02  3.200E-04  0.7142
 -4.800E+02 -2.525E+02  2.945E-04  0.7260
 -4.400E+02 -2.525E+02  0.000E+00  0.0000
 -4.000E+02 -2.525E+02  0.000E+00  0.0000
 -3.600E+02 -2.525E+02  0.000E+00  0.0000
 -3.200E+02 -2.525E+02  8.220E-05  1.0000
 -2.800E+02 -2.525E+02  0.000E+00  0.0000
 -2.400E+02 -2.525E+02  3.748E-04  1.0000
 -2.000E+02 -2.525E+02  0.000E+00  0.0000
 -1.600E+02 -2.525E+02  0.000E+00  0.0000
 -1.200E+02 -2.525E+02  4.284E-05  1.0000
 -8.000E+01 -2.525E+02  2.702E-04  0.7637
 -4.000E+01 -2.525E+02  0.000E+00  0.0000
  0.000E+00 -2.525E+02  1.881E-04  1.0000
  4.000E+01 -2.525E+02  1.096E-04  1.0000
  8.000E+01 -2.525E+02  0.000E+00  0.0000
  1.200E+02 -2.525E+02  0.000E+00  0.0000
  1.600E+02 -2.525E+02  0.000E+00  0.0000
  2.000E+02 -2.525E+02  0.000E+00  0.0000
  2.400E+02 -2.525E+02  0.000E+00  0.0000
  2.800E+02 -2.525E+02  7.739E-05  1.0000
  3.200E+02 -2.525E+02  2.060E-04  0.7389
  3.600E+02 -2.525E+02  0.000E+00  0.0000
  4.000E+02 -2.525E+02  4.988E-05  1.0000
  4.400E+02 -2.525E+02  1.895E-04  1.0000
  4.800E+02 -2.525E+02  4.635E-05  0.7139
  5.200E+02 -2.525E+02  0.000E+00  0.0000
  5.600E+02 -2.525E+02  4.517E-05  1.0000
  6.000E+02 -2.525E+02  3.498E-04  1.0000
  6.400E+02 -2.525E+02  1.489E-04  1.0000
  6.800E+02 -2.525E+02  1.096E-05  1.0000
 -6.800E+02 -2.132E+02  0.000E+00  0.0000
 -6.400E+02 -2.132E+02  0.000E+00  0.0000
 -6.000E+02 -2.132E+02  0.000E+00  0.0000
 -5.600E+02 -2.132E+02  0.000E+00  0.0000
 -5.200E+02 -2.132E+02  4.699E-05  0.7538
 -4.800E+02 -2.132E+02  2.515E-05  1.0000
 -4.400E+02 -2.132E+02  0.000E+00  0.0000
 -4.000E+02 -2.132E+02  0.000E+00  0.0000
 -3.600E+02 -2.132E+02  8.384E-05  1.0000
 -3.200E+02 -2.132E+02  1.809E-05  1.0000
 -2.800E+02 -2.132E+02  0.000E+00  0.0000
 -2.400E+02 -2.132E+02  9.666E-05  1.0000
 -2.000E+02 -2.132E+02  3.235E-04  0.7351
 -1.600E+02 -2.132E+02  0.000E+00  0.0000
 -1.200E+02 -2.132E+02  4.656E-05  1.0000
 -8.000E+01 -2.132E+02  3.715E-04  0.5819
 -4.000E+01 -2.132E+02  1.904E-04  1.0000
  0.000E+00 -2.132E+02  2.275E-06  1.0000
  4.000E+01 -2.132E+02  0.000E+00  0.0000
  8.000E+01 -2.132E+02  0.000E+00  0.0000
  1.200E+02 -2.132E+02  0.000E+00  0.0000
  1.600E+02 -2.132E+02  1.187E-04  1.0000
  2.000E+02 -2.132E+02  2.082E-04  0.6978
  2.400E+02 -2.132E+02  3.171E-04  0.7330
  2.800E+02 -2.132E+02  2.117E-04  1.0000
  3.200E+02 -2.132E+02  0.000E+00  0.0000
  3.600E+02 -2.132E+02  0.000E+00  0.0000
  4.000E+02 -2.132E+02  7.454E-05  1.0000
  4.400E+02 -2.132E+02  6.904E-05  1.0000
  4.800E+02 -2.132E+02  2.443E-04  1.0000
  5.200E+02 -2.132E+02  0.000E+00  0.0000
  5.600E+02 -2.132E+02  0.000E+00  0.0000
  6.000E+02 -2.132E+02  9.936E-05  0.7201
  6.400E+02 -2.132E+02  2.907E-04  0.7302
  6.800E+02 -2.132E+02  0.000E+00  0.0000
 -6.800E+02 -1.738E+02  1.355E-04  1.0000
 -6.400E+02 -1.738E+02  1.095E-04  1.0000
 -6.000E+02 -1.738E+02  6.033E-04  0.5135
 -5.600E+02 -1.738E+02  2.200E-04  0.6980
 -5.200E+02 -1.738E+02  2.245E-04  0.7177
 -4.800E+02 -1.738E+02  2.065E-04  0.7242
 -4.400E+02 -1.738E+02  0.000E+00  0.0000
 -4.000E+02 -1.738E+02  0.000E+00  0.0000
 -3.600E+02 -1.738E+02  8.170E-05  1.0000
 -3.200E+02 -1.738E+02  5.494E-05  0.7481
 -2.800E+02 -1.738E+02  2.893E-04  1.0000
 -2.400E+02 -1.738E+02  2.283E-04  0.6905
 -2.000E+02 -1.738E+02  1.214E-04  1.0000
 -1.600E+02 -1.738E+02  5.437E-05  0.7197
 -1.200E+02 -1.738E+02  3.806E-04  0.7070
 -8.000E+01 -1.738E+02  2.081E-04  0.7184
 -4.000E+01 -1.738E+02  0.000E+00  0.0000
  0.000E+00 -1.738E+02  0.000E+00  0.0000
  4.000E+01 -1.738E+02  0.000E+00  0.0000
  8.000E+01 -1.738E+02  0.000E+00  0.0000
  1.200E+02 -1.738E+02  0.000E+00  0.0000
  1.600E+02 -1.738E+02  6.174E-05  1.0000
  2.000E+02 -1.738E+02  7.295E-05  1.0000
  2.400E+02 -1.738E+02  1.965E-04  0.7193
  2.800E+02 -1.738E+02  4.086E-04  0.7157
  3.200E+02 -1.738E+02  2.001E-04  0.6208
  3.600E+02 -1.738E+02  1.715E-04  0.7322
  4.000E+02 -1.738E+02  5.900E-05  0.9341
  4.400E+02 -1.738E+02  1.117E-04  1.0000
  4.800E+02 -1.738E+02  2.130E-04  1.0000
  5.200E+02 -1.738E+02  3.261E-04  0.8181
  5.600E+02 -1.738E+02  1.389E-04  1.0000
  6.000E+02 -1.738E+02  0.000E+00  0.0000
  6.400E+02 -1.738E+02  0.000E+00  0.0000
  6.800E+02 -1.738E+02  1.248E-04  1.0000
 -6.800E+02 -1.345E+02  8.192E-05  1.0000
 -6.400E+02 -1.345E+02  6.300E-05  1.0000
 -6.000E+02 -1.345E+02  6.749E-05  0.8855
 -5.600E+02 -1.345E+02  9.354E-05  1.0000
 -5.200E+02 -1.345E+02  0.000E+00  0.0000
 -4.800E+02 -1.345E+02  7.325E-05  0.7647
 -4.400E+02 -1.345E+02  1.025E-04  1.0000
 -4.000E+02 -1.345E+02  4.384E-05  1.0000
 -3.600E+02 -1.345E+02  0.000E+00  0.0000
 -3.200E+02 -1.345E+02  2.290E-04  0.7156
 -2.800E+02 -1.345E+02  2.057E-04  0.5980
 -2.400E+02 -1.345E+02  1.429E-04  0.8365
 -2.000E+02 -1.345E+02  5.120E-05  0.9362
 -1.600E+02 -1.345E+02  3.495E-04  0.6201
 -1.200E+02 -1.345E+02  1.903E-04  1.0000
 -8.000E+01 -1.345E+02  5.723E-05  1.0000
 -4.000E+01 -1.345E+02  6.555E-05  1.0000
  0.000E+00 -1.345E+02  0.000E+00  0.0000
  4.000E+01 -1.345E+02  0.000E+00  0.0000
  8.000E+01 -1.345E+02  0.000E+00  0.0000
  1.200E+02 -1.345E+02  0.000E+00  0.0000
  1.600E+02 -1.345E+02  1.120E-04  0.6862
  2.000E+02 -1.345E+02  1.984E-04  0.7714
  2.400E+02 -1.345E+02  0.000E+00  0.0000
  2.800E+02 -1.345E+02  0.000E+00  0.0000
  3.200E+02 -1.345E+02  0.000E+00  0.0000
  3.600E+02 -1.345E+02  1.059E-04  1.0000
  4.000E+02 -1.345E+02  1.439E-04  0.7231
  4.400E+02 -1.345E+02  0.000E+00  0.0000
  4.800E+02 -1.345E+02  0.000E+00  0.0000
  5.200E+02 -1.345E+02  3.042E-05  1.0000
  5.600E+02 -1.345E+02  1.873E-04  0.7121
  6.000E+02 -1.345E+02  2.601E-05  1.0000
  6.400E+02 -1.345E+02  1.919E-05  1.0000
  6.800E+02 -1.345E+02  1.363E-04  1.0000
 -6.800E+02 -9.511E+01  0.000E+00  0.0000
 -6.400E+02 -9.511E+01  1.699E-04  0.8299
 -6.000E+02 -9.511E+01  3.534E-04  0.6365
 -5.600E+02 -9.511E+01  9.027E-05  1.0000
 -5.200E+02 -9.511E+01  2.917E-04  0.8571
 -4.800E+02 -9.511E+01  8.837E-05  1.0000
 -4.400E+02 -9.511E+01  9.584E-05  0.7143
 -4.000E+02 -9.511E+01  0.000E+00  0.0000
 -3.600E+02 -9.511E+01  0.000E+00  0.0000
 -3.200E+02 -9.511E+01  1.141E-04  1.0000
 -2.800E+02 -9.511E+01  2.738E-04  0.6864
 -2.400E+02 -9.511E+01  6.830E-04  0.6576
 -2.000E+02 -9.511E+01  2.952E-04  0.6176
 -1.600E+02 -9.511E+01  8.460E-05  0.7088
 -1.200E+02 -9.511E+01  2.028E-04  0.7090
 -8.000E+01 -9.511E+01  0.000E+00  0.0000
 -4.000E+01 -9.511E+01  6.674E-05  1.0000
  0.000E+00 -9.511E+01  0.000E+00  0.0000
  4.000E+01 -9.511E+01  1.260E-04  1.0000
  8.000E+01 -9.511E+01  0.000E+00  0.0000
  1.200E+02 -9.511E+01  0.000E+00  0.0000
  1.600E+02 -9.511E+01  6.324E-05  1.0000
  2.000E+02 -9.511E+01  1.781E-04  0.7066
  2.400E+02 -9.511E+01  4.297E-05  0.8076
  2.800E+02 -9.511E+01  1.444E-04  1.0000
  3.200E+02 -9.511E+01  5.219E-05  1.0000
  3.600E+02 -9.511E+01  1.368E-04  1.0000
  4.000E+02 -9.511E+01  2.611E-04  0.5241
  4.400E+02 -9.511E+01  1.301E-04  0.7298
  4.800E+02 -9.511E+01  2.547E-04  1.0000
  5.200E+02 -9.511E+01  2.576E-04  0.7080
  5.600E+02 -9.511E+01  4.196E-04  0.5859
  6.000E+02 -9.511E+01  0.000E+00  0.0000
  6.400E+02 -9.511E+01  0.000E+00  0.0000
  6.800E+02 -9.511E+01  0.000E+00  0.0000
 -6.800E+02 -5.576E+01  8.420E-05  1.0000
 -6.400E+02 -5.576E+01  2.908E-05  1.0000
 -6.000E+02 -5.576E+01  1.636E-04  0.7146
 -5.600E+02 -5.576E+01  0.000E+00  0.0000
 -5.200E+02 -5.576E+01  0.000E+00  0.0000
 -4.800E+02 -5.576E+01  6.599E-05  1.0000
 -4.400E+02 -5.576E+01  1.854E-05  1.0000
 -4.000E+02 -5.576E+01  1.370E-04  1.0000
 -3.600E+02 -5.576E+01  0.000E+00  0.0000
 -3.200E+02 -5.576E+01  0.000E+00  0.0000
 -2.800E+02 -5.576E+01  1.315E-04  0.7264
 -2.400E+02 -5.576E+01  3.094E-04  0.8320
 -2.000E+02 -5.576E+01  0.000E+00  0.0000
 -1.600E+02 -5.576E+01  1.996E-04  1.0000
 -1.200E+02 -5.576E+01  2.890E-04  1.0000
 -8.000E+01 -5.576E+01  0.000E+00  0.0000
 -4.000E+01 -5.576E+01  1.284E-04  1.0000
  0.000E+00 -5.576E+01  3.857E-04  0.7188
  4.000E+01 -5.576E+01  1.058E-04  1.0000
  8.000E+01 -5.576E+01  0.000E+00  0.0000
  1.200E+02 -5.576E+01  2.417E-04  0.7386
  1.600E+02 -5.576E+01  0.000E+00  0.0000
  2.000E+02 -5.576E+01  8.841E-05  0.7326
  2.400E+02 -5.576E+01  1.545E-04  1.0000
  2.800E+02 -5.576E+01  4.948E-04  0.7087
  3.200E+02 -5.576E+01  3.112E-04  0.7382
  3.600E+02 -5.576E+01  0.000E+00  0.0000
  4.000E+02 -5.576E+01  7.092E-04  0.6129
  4.400E+02 -5.576E+01  2.569E-04  0.7395
  4.800E+02 -5.576E+01  6.655E-05  0.7091
  5.200E+02 -5.576E+01  1.587E-04  1.0000
  5.600E+02 -5.576E+01  3.265E-06  1.0000
  6.000E+02 -5.576E+01  2.077E-04  1.0000
  6.400E+02 -5.576E+01  0.000E+00  0.0000
  6.800E+02 -5.576E+01  3.438E-04  0.8586
 -6.800E+02 -1.641E+01  3.962E-06  1.0000
 -6.400E+02 -1.641E+01  2.174E-04  1.0000
 -6.000E+02 -1.641E+01  3.204E-04  0.7105
 -5.600E+02 -1.641E+01  0.000E+00  0.0000
 -5.200E+02 -1.641E+01  1.358E-04  1.0000
 -4.800E+02 -1.641E+01  0.000E+00  0.0000
 -4.400E+02 -1.641E+01  0.000E+00  0.0000
 -4.000E+02 -1.641E+01  6.206E-05  1.0000
 -3.600E+02 -1.641E+01  2.016E-04  1.0000
 -3.200E+02 -1.641E+01  1.333E-04  1.0000
 -2.800E+02 -1.641E+01  5.804E-05  1.0000
 -2.400E+02 -1.641E+01  0.000E+00  0.0000
 -2.000E+02 -1.641E+01  0.000E+00  0.0000
 -1.600E+02 -1.641E+01  0.000E+00  0.0000
 -1.200E+02 -1.641E+01  1.235E-04  1.0000
 -8.000E+01 -1.641E+01  1.700E-04  1.0000
 -4.000E+01 -1.641E+01  0.000E+00  0.0000
  0.000E+00 -1.641E+01  9.007E-06  1.0000
  4.000E+01 -1.641E+01  2.493E-05  1.0000
  8.000E+01 -1.641E+01  1.281E-04  1.0000
  1.200E+02 -1.641E+01  0.000E+00  0.0000
  1.600E+02 -1.641E+01  0.000E+00  0.0000
  2.000E+02 -1.641E+01  0.000E+00  0.0000
  2.400E+02 -1.641E+01  0.000E+00  0.0000
  2.800E+02 -1.641E+01  0.000E+00  0.0000
  3.200E+02 -1.641E+01  1.025E-04  0.8054
  3.600E+02 -1.641E+01  2.182E-05  1.0000
  4.000E+02 -1.641E+01  0.000E+00  0.0000
  4.400E+02 -1.641E+01  7.982E-05  1.0000
  4.800E+02 -1.641E+01  0.000E+00  0.0000
  5.200E+02 -1.641E+01  0.000E+00  0.0000
  5.600E+02 -1.641E+01  4.621E-05  1.0000
  6.000E+02 -1.641E+01  0.000E+00  0.0000
  6.400E+02 -1.641E+01  0.000E+00  0.0000
  6.800E+02 -1.641E+01  3.977E-04  1.0000
 -6.800E+02  2.293E+01  0.000E+00  0.0000
 -6.400E+02  2.293E+01  0.000E+00  0.0000
 -6.000E+02  2.293E+01  0.000E+00  0.0000
 -5.600E+02  2.293E+01  0.000E+00  0.0000
 -5.200E+02  2.293E+01  0.000E+00  0.0000
 -4.800E+02  2.293E+01  0.000E+00  0.0000
 -4.400E+02  2.293E+01  0.000E+00  0.0000
 -4.000E+02  2.293E+01  0.000E+00  0.0000
 -3.600E+02  2.293E+01  0.000E+00  0.0000
 -3.200E+02  2.293E+01  0.000E+00  0.0000
 -2.800E+02  2.293E+01  0.000E+00  0.0000
 -2.400E+02  2.293E+01  0.000E+00  0.0000
 -2.000E+02  2.293E+01  0.000E+00  0.0000
 -1.600E+02  2.293E+01  0.000E+00  0.0000
 -1.200E+02  2.293E+01  0.000E+00  0.0000
 -8.000E+01  2.293E+01  0.000E+00  0.0000
 -4.000E+01  2.293E+01  0.000E+00  0.0000
  0.000E+00  2.293E+01  0.000E+00  0.0000
  4.000E+01  2.293E+01  0.000E+00  0.0000
  8.000E+01  2.293E+01  0.000E+00  0.0000
  1.200E+02  2.293E+01  0.000E+00  0.0000
  1.600E+02  2.293E+01  0.000E+00  0.0000
  2.000E+02  2.293E+01  0.000E+00  0.0000
  2.400E+02  2.293E+01  0.000E+00  0.0000
  2.800E+02  2.293E+01  0.000E+00  0.0000
  3.200E+02  2.293E+01  0.000E+00  0.0000
  3.600E+02  2.293E+01  1.702E-04  1.0000
  4.000E+02  2.293E+01  0.000E+00  0.0000
  4.400E+02  2.293E+01  0.000E+00  0.0000
  4.800E+02  2.293E+01  0.000E+00  0.0000
  5.200E+02  2.293E+01  0.000E+00  0.0000
  5.600E+02  2.293E+01  2.234E-04  1.0000
  6.000E+02  2.293E+01  0.000E+00  0.0000
  6.400E+02  2.293E+01  0.000E+00  0.0000
  6.800E+02  2.293E+01  0.000E+00  0.0000
 -6.800E+02  6.228E+01  0.000E+00  0.0000
 -6.400E+02  6.228E+01  0.000E+00  0.0000
 -6.000E+02  6.228E+01  0.000E+00  0.0000
 -5.600E+02  6.228E+01  0.000E+00  0.0000
 -5.200E+02  6.228E+01  0.000E+00  0.0000
 -4.800E+02  6.228E+01  0.000E+00  0.0000
 -4.400E+02  6.228E+01  0.000E+00  0.0000
 -4.000E+02  6.228E+01  0.000E+00  0.0000
 -3.600E+02  6.228E+01  0.000E+00  0.0000
 -3.200E+02  6.228E+01  0.000E+00  0.0000
 -2.800E+02  6.228E+01  0.000E+00  0.0000
 -2.400E+02  6.228E+01  0.000E+00  0.0000
 -2.000E+02  6.228E+01  0.000E+00  0.0000
 -1.600E+02  6.228E+01  0.000E+00  0.0000
 -1.200E+02  6.228E+01  0.000E+00  0.0000
 -8.000E+01  6.228E+01  0.000E+00  0.0000
 -4.000E+01  6.228E+01  0.000E+00  0.0000
  0.000E+00  6.228E+01  0.000E+00  0.0000
  4.000E+01  6.228E+01  0.000E+00  0.0000
  8.000E+01  6.228E+01  0.000E+00  0.0000
  1.200E+02  6.228E+01  0.000E+00  0.0000
  1.600E+02  6.228E+01  0.000E+00  0.0000
  2.000E+02  6.228E+01  0.000E+00  0.0000
  2.400E+02  6.228E+01  0.000E+00  0.0000
  2.800E+02  6.228E+01  0.000E+00  0.0000
  3.200E+02  6.228E+01  0.000E+00  0.0000
  3.600E+02  6.228E+01  1.702E-04  1.0000
  4.000E+02  6.228E+01  0.000E+00  0.0000
  4.400E+02  6.228E+01  0.000E+00  0.0000
  4.800E+02  6.228E+01  0.000E+00  0.0000
  5.200E+02  6.228E+01  0.000E+00  0.0000
  5.600E+02  6.228E+01  2.234E-04  1.0000
  6.000E+02  6.228E+01  0.000E+00  0.0000
  6.400E+02  6.228E+01  0.000E+00  0.0000
  6.800E+02  6.228E+01  0.000E+00  0.0000
 -6.800E+02  1.016E+02  0.000E+00  0.0000
 -6.400E+02  1.016E+02  0.000E+00  0.0000
 -6.000E+02  1.016E+02  0.000E+00  0.0000
 -5.600E+02  1.016E+02  0.000E+00  0.0000
 -5.200E+02  1.016E+02  0.000E+00  0.0000
 -4.800E+02  1.016E+02  0.000E+00  0.0000
 -4.400E+02  1.016E+02  0.000E+00  0.0000
 -4.000E+02  1.016E+02  0.000E+00  0.0000
 -3.600E+02  1.016E+02  0.000E+00  0.0000
 -3.200E+02  1.016E+02  0.000E+00  0.0000
 -2.800E+02  1.016E+02  0.000E+00  0.0000
 -2.400E+02  1.016E+02  0.000E+00  0.0000
 -2.000E+02  1.016E+02  0.000E+00  0.0000
 -1.600E+02  1.016E+02  0.000E+00  0.0000
 -1.200E+02  1.016E+02  0.000E+00  0.0000
 -8.000E+01  1.016E+02  0.000E+00  0.0000
 -4.000E+01  1.016E+02  0.000E+00  0.0000
  0.000E+00  1.016E+02  0.000E+00  0.0000
  4.000E+01  1.016E+02  0.000E+00  0.0000
  8.000E+01  1.016E+02  0.000E+00  0.0000
  1.200E+02  1.016E+02  0.000E+00  0.0000
  1.600E+02  1.016E+02  0.000E+00  0.0000
  2.000E+02  1.016E+02  0.000E+00  0.0000
  2.400E+02  1.016E+02  0.000E+00  0.0000
  2.800E+02  1.016E+02  0.000E+00  0.0000
  3.200E+02  1.016E+02  0.000E+00  0.0000
  3.600E+02  1.016E+02  1.702E-04  1.0000
  4.000E+02  1.016E+02  0.000E+00  0.0000
  4.400E+02  1.016E+02  0.000E+00  0.0000
  4.800E+02  1.016E+02  0.000E+00  0.0000
  5.200E+02  1.016E+02  0.000E+00  0.0000
  5.600E+02  1.016E+02  2.234E-04  1.0000
  6.000E+02  1.016E+02  0.000E+00  0.0000
  6.400E+02  1.016E+02  0.000E+00  0.0000
  6.800E+02  1.016E+02  0.000E+00  0.0000
 -6.800E+02  1.410E+02  0.000E+00  0.0000
 -6.400E+02  1.410E+02  0.000E+00  0.0000
 -6.000E+02  1.410E+02  0.000E+00  0.0000
 -5.600E+02  1.410E+02  0.000E+00  0.0000
 -5.200E+02  1.410E+02  0.000E+00  0.0000
 -4.800E+02  1.410E+02  0.000E+00  0.0000
 -4.400E+02  1.410E+02  0.000E+00  0.0000
 -4.000E+02  1.410E+02  0.000E+00  0.0000
 -3.600E+02  1.410E+02  0.000E+00  0.0000
 -3.200E+02  1.410E+02  0.000E+00  0.0000
 -2.800E+02  1.410E+02  0.000E+00  0.0000
 -2.400E+02  1.410E+02  0.000E+00  0.0000
 -2.000E+02  1.410E+02  0.000E+00  0.0000
 -1.600E+02  1.410E+02  0.000E+00  0.0000
 -1.200E+02  1.410E+02  0.000E+00  0.0000
 -8.000E+01  1.410E+02  0.000E+00  0.0000
 -4.000E+01  1.410E+02  0.000E+00  0.0000
  0.000E+00  1.410E+02  0.000E+00  0.0000
  4.000E+01  1.410E+02  0.000E+00  0.0000
  8.000E+01  1.410E+02  0.000E+00  0.0000
  1.200E+02  1.410E+02  0.000E+00  0.0000
  1.600E+02  1.410E+02  0.000E+00  0.0000
  2.000E+02  1.410E+02  0.000E+00  0.0000
  2.400E+02  1.410E+02  0.000E+00  0.0000
  2.800E+02  1.410E+02  0.000E+00  0.0000
  3.200E+02  1.410E+02  0.000E+00  0.0000
  3.600E+02  1.410E+02  1.702E-04  1.0000
  4.000E+02  1.410E+02  0.000E+00  0.0000
  4.400E+02  1.410E+02  0.000E+00  0.0000
  4.800E+02  1.410E+02  0.000E+00  0.0000
  5.200E+02  1.410E+02  0.000E+00  0.0000
  5.600E+02  1.410E+02  2.234E-04  1.0000
  6.000E+02  1.410E+02  0.000E+00  0.0000
  6.400E+02  1.410E+02  0.000E+00  0.0000
  6.800E+02  1.410E+02  0.000E+00  0.0000
 -6.800E+02  1.803E+02  0.000E+00  0.0000
 -6.400E+02  1.803E+02  0.000E+00  0.0000
 -6.000E+02  1.803E+02  0.000E+00  0.0000
 -5.600E+02  1.803E+02  0.000E+00  0.0000
 -5.200E+02  1.803E+02  0.000E+00  0.0000
 -4.800E+02  1.803E+02  0.000E+00  0.0000
 -4.400E+02  1.803E+02  0.000E+00  0.0000
 -4.000E+02  1.803E+02  0.000E+00  0.0000
 -3.600E+02  1.803E+02  0.000E+00  0.0000
 -3.200E+02  1.803E+02  0.000E+00  0.0000
 -2.800E+02  1.803E+02  0.000E+00  0.0000
 -2.400E+02  1.803E+02  0.000E+00  0.0000
 -2.000E+02  1.803E+02  0.000E+00  0.0000
 -1.600E+02  1.803E+02  0.000E+00  0.0000
 -1.200E+02  1.803E+02  0.000E+00  0.0000
 -8.000E+01  1.803E+02  0.000E+00  0.0000
 -4.000E+01  1.803E+02  0.000E+00  0.0000
  0.000E+00  1.803E+02  0.000E+00  0.0000
  4.000E+01  1.803E+02  0.000E+00  0.0000
  8.000E+01  1.803E+02  0.000E+00  0.0000
  1.200E+02  1.803E+02  0.000E+00  0.0000
  1.600E+02  1.803E+02  0.000E+00  0.0000
  2.000E+02  1.803E+02  0.000E+00  0.0000
  2.400E+02  1.803E+02  0.000E+00  0.0000
  2.800E+02  1.803E+02  0.000E+00  0.0000
  3.200E+02  1.803E+02  0.000E+00  0.0000
  3.600E+02  1.803E+02  1.702E-04  1.0000
  4.000E+02  1.803E+02  0.000E+00  0.0000
  4.400E+02  1.803E+02  0.000E+00  0.0000
  4.800E+02  1.803E+02  0.000E+00  0.0000
  5.200E+02  1.803E+02  0.000E+00  0.0000
  5.600E+02  1.803E+02  2.234E-04  1.0000
  6.000E+02  1.803E+02  0.000E+00  0.0000
  6.400E+02  1.803E+02  0.000E+00  0.0000
  6.800E+02  1.803E+02  0.000E+00  0.0000

#------------------------------------------------------------------------------
 newpage:
#   no. =  3   ie  =  3   iy  =  1   part. = neutron 
#   e = (   1.0000E-01  -   2.0000E+01  )
#   y = (  -1.0000E+03  -   1.0000E+03  )
#  nx =  35   nz =  23

# x          z          flux       r.err
 -6.800E+02 -6.853E+02  0.000E+00  0.0000
 -6.400E+02 -6.853E+02  0.000E+00  0.0000
 -6.000E+02 -6.853E+02  0.000E+00  0.0000
 -5.600E+02 -6.853E+02  0.000E+00  0.0000
 -5.200E+02 -6.853E+02  1.578E-05  1.0000
 -4.800E+02 -6.853E+02  4.700E-04  0.7189
 -4.400E+02 -6.853E+02  0.000E+00  0.0000
 -4.000E+02 -6.853E+02  0.000E+00  0.0000
 -3.600E+02 -6.853E+02  0.000E+00  0.0000
 -3.200E+02 -6.853E+02  0.000E+00  0.0000
 -2.800E+02 -6.853E+02  9.844E-05  1.0000
 -2.400E+02 -6.853E+02  4.537E-05  1.0000
 -2.000E+02 -6.853E+02  0.000E+00  0.0000
 -1.600E+02 -6.853E+02  1.747E-05  1.0000
 -1.200E+02 -6.853E+02  1.652E-04  1.0000
 -8.000E+01 -6.853E+02  1.569E-05  1.0000
 -4.000E+01 -6.853E+02  5.748E-06  1.0000
  0.000E+00 -6.853E+02  9.709E-05  1.0000
  4.000E+01 -6.853E+02  4.888E-05  1.0000
  8.000E+01 -6.853E+02  0.000E+00  0.0000
  1.200E+02 -6.853E+02  9.642E-05  1.0000
  1.600E+02 -6.853E+02  8.869E-05  1.0000
  2.000E+02 -6.853E+02  1.077E-04  0.7238
  2.400E+02 -6.853E+02  1.658E-04  1.0000
  2.800E+02 -6.853E+02  9.783E-05  1.0000
  3.200E+02 -6.853E+02  0.000E+00  0.0000
  3.600E+02 -6.853E+02  0.000E+00  0.0000
  4.000E+02 -6.853E+02  3.190E-04  1.0000
  4.400E+02 -6.853E+02  2.880E-05  1.0000
  4.800E+02 -6.853E+02  0.000E+00  0.0000
  5.200E+02 -6.853E+02  0.000E+00  0.0000
  5.600E+02 -6.853E+02  0.000E+00  0.0000
  6.000E+02 -6.853E+02  3.099E-05  1.0000
  6.400E+02 -6.853E+02  2.603E-04  1.0000
  6.800E+02 -6.853E+02  3.481E-05  1.0000
 -6.800E+02 -6.460E+02  9.651E-06  1.0000
 -6.400E+02 -6.460E+02  0.000E+00  0.0000
 -6.000E+02 -6.460E+02  0.000E+00  0.0000
 -5.600E+02 -6.460E+02  1.870E-05  1.0000
 -5.200E+02 -6.460E+02  0.000E+00  0.0000
 -4.800E+02 -6.460E+02  2.482E-04  1.0000
 -4.400E+02 -6.460E+02  0.000E+00  0.0000
 -4.000E+02 -6.460E+02  0.000E+00  0.0000
 -3.600E+02 -6.460E+02  0.000E+00  0.0000
 -3.200E+02 -6.460E+02  0.000E+00  0.0000
 -2.800E+02 -6.460E+02  0.000E+00  0.0000
 -2.400E+02 -6.460E+02  0.000E+00  0.0000
 -2.000E+02 -6.460E+02  0.000E+00  0.0000
 -1.600E+02 -6.460E+02  0.000E+00  0.0000
 -1.200E+02 -6.460E+02  0.000E+00  0.0000
 -8.000E+01 -6.460E+02  0.000E+00  0.0000
 -4.000E+01 -6.460E+02  0.000E+00  0.0000
  0.000E+00 -6.460E+02  0.000E+00  0.0000
  4.000E+01 -6.460E+02  1.806E-05  1.0000
  8.000E+01 -6.460E+02  5.039E-04  0.7151
  1.200E+02 -6.460E+02  1.120E-04  1.0000
  1.600E+02 -6.460E+02  0.000E+00  0.0000
  2.000E+02 -6.460E+02  2.373E-05  1.0000
  2.400E+02 -6.460E+02  1.752E-04  1.0000
  2.800E+02 -6.460E+02  5.565E-06  0.7588
  3.200E+02 -6.460E+02  6.180E-06  1.0000
  3.600E+02 -6.460E+02  0.000E+00  0.0000
  4.000E+02 -6.460E+02  0.000E+00  0.0000
  4.400E+02 -6.460E+02  0.000E+00  0.0000
  4.800E+02 -6.460E+02  0.000E+00  0.0000
  5.200E+02 -6.460E+02  0.000E+00  0.0000
  5.600E+02 -6.460E+02  0.000E+00  0.0000
  6.000E+02 -6.460E+02  0.000E+00  0.0000
  6.400E+02 -6.460E+02  0.000E+00  0.0000
  6.800E+02 -6.460E+02  1.281E-04  0.8947
 -6.800E+02 -6.066E+02  0.000E+00  0.0000
 -6.400E+02 -6.066E+02  0.000E+00  0.0000
 -6.000E+02 -6.066E+02  0.000E+00  0.0000
 -5.600E+02 -6.066E+02  2.443E-04  1.0000
 -5.200E+02 -6.066E+02  0.000E+00  0.0000
 -4.800E+02 -6.066E+02  0.000E+00  0.0000
 -4.400E+02 -6.066E+02  0.000E+00  0.0000
 -4.000E+02 -6.066E+02  0.000E+00  0.0000
 -3.600E+02 -6.066E+02  0.000E+00  0.0000
 -3.200E+02 -6.066E+02  0.000E+00  0.0000
 -2.800E+02 -6.066E+02  0.000E+00  0.0000
 -2.400E+02 -6.066E+02  0.000E+00  0.0000
 -2.000E+02 -6.066E+02  0.000E+00  0.0000
 -1.600E+02 -6.066E+02  0.000E+00  0.0000
 -1.200E+02 -6.066E+02  0.000E+00  0.0000
 -8.000E+01 -6.066E+02  0.000E+00  0.0000
 -4.000E+01 -6.066E+02  1.337E-04  1.0000
  0.000E+00 -6.066E+02  0.000E+00  0.0000
  4.000E+01 -6.066E+02  0.000E+00  0.0000
  8.000E+01 -6.066E+02  2.890E-04  0.9301
  1.200E+02 -6.066E+02  1.746E-04  1.0000
  1.600E+02 -6.066E+02  2.493E-05  1.0000
  2.000E+02 -6.066E+02  0.000E+00  0.0000
  2.400E+02 -6.066E+02  0.000E+00  0.0000
  2.800E+02 -6.066E+02  9.702E-05  1.0000
  3.200E+02 -6.066E+02  8.738E-05  1.0000
  3.600E+02 -6.066E+02  0.000E+00  0.0000
  4.000E+02 -6.066E+02  0.000E+00  0.0000
  4.400E+02 -6.066E+02  0.000E+00  0.0000
  4.800E+02 -6.066E+02  0.000E+00  0.0000
  5.200E+02 -6.066E+02  2.891E-05  1.0000
  5.600E+02 -6.066E+02  0.000E+00  0.0000
  6.000E+02 -6.066E+02  0.000E+00  0.0000
  6.400E+02 -6.066E+02  0.000E+00  0.0000
  6.800E+02 -6.066E+02  6.540E-05  1.0000
 -6.800E+02 -5.673E+02  1.058E-04  0.7098
 -6.400E+02 -5.673E+02  5.317E-05  1.0000
 -6.000E+02 -5.673E+02  0.000E+00  0.0000
 -5.600E+02 -5.673E+02  4.270E-04  1.0000
 -5.200E+02 -5.673E+02  2.573E-04  0.9399
 -4.800E+02 -5.673E+02  4.367E-05  1.0000
 -4.400E+02 -5.673E+02  0.000E+00  0.0000
 -4.000E+02 -5.673E+02  0.000E+00  0.0000
 -3.600E+02 -5.673E+02  0.000E+00  0.0000
 -3.200E+02 -5.673E+02  0.000E+00  0.0000
 -2.800E+02 -5.673E+02  0.000E+00  0.0000
 -2.400E+02 -5.673E+02  0.000E+00  0.0000
 -2.000E+02 -5.673E+02  0.000E+00  0.0000
 -1.600E+02 -5.673E+02  0.000E+00  0.0000
 -1.200E+02 -5.673E+02  0.000E+00  0.0000
 -8.000E+01 -5.673E+02  0.000E+00  0.0000
 -4.000E+01 -5.673E+02  9.752E-05  0.7379
  0.000E+00 -5.673E+02  1.395E-04  1.0000
  4.000E+01 -5.673E+02  0.000E+00  0.0000
  8.000E+01 -5.673E+02  1.455E-05  1.0000
  1.200E+02 -5.673E+02  1.139E-04  1.0000
  1.600E+02 -5.673E+02  2.343E-04  0.7295
  2.000E+02 -5.673E+02  0.000E+00  0.0000
  2.400E+02 -5.673E+02  0.000E+00  0.0000
  2.800E+02 -5.673E+02  0.000E+00  0.0000
  3.200E+02 -5.673E+02  2.945E-04  0.7122
  3.600E+02 -5.673E+02  5.275E-05  1.0000
  4.000E+02 -5.673E+02  0.000E+00  0.0000
  4.400E+02 -5.673E+02  2.373E-06  1.0000
  4.800E+02 -5.673E+02  0.000E+00  0.0000
  5.200E+02 -5.673E+02  0.000E+00  0.0000
  5.600E+02 -5.673E+02  2.448E-04  1.0000
  6.000E+02 -5.673E+02  0.000E+00  0.0000
  6.400E+02 -5.673E+02  7.959E-05  1.0000
  6.800E+02 -5.673E+02  1.891E-04  1.0000
 -6.800E+02 -5.279E+02  2.532E-04  0.8512
 -6.400E+02 -5.279E+02  1.869E-05  0.9956
 -6.000E+02 -5.279E+02  0.000E+00  0.0000
 -5.600E+02 -5.279E+02  0.000E+00  0.0000
 -5.200E+02 -5.279E+02  1.891E-04  0.7189
 -4.800E+02 -5.279E+02  0.000E+00  0.0000
 -4.400E+02 -5.279E+02  2.946E-04  1.0000
 -4.000E+02 -5.279E+02  0.000E+00  0.0000
 -3.600E+02 -5.279E+02  0.000E+00  0.0000
 -3.200E+02 -5.279E+02  2.238E-04  1.0000
 -2.800E+02 -5.279E+02  6.563E-05  1.0000
 -2.400E+02 -5.279E+02  0.000E+00  0.0000
 -2.000E+02 -5.279E+02  0.000E+00  0.0000
 -1.600E+02 -5.279E+02  0.000E+00  0.0000
 -1.200E+02 -5.279E+02  0.000E+00  0.0000
 -8.000E+01 -5.279E+02  0.000E+00  0.0000
 -4.000E+01 -5.279E+02  3.782E-04  0.7199
  0.000E+00 -5.279E+02  5.579E-05  0.8115
  4.000E+01 -5.279E+02  1.140E-04  1.0000
  8.000E+01 -5.279E+02  8.271E-05  1.0000
  1.200E+02 -5.279E+02  0.000E+00  0.0000
  1.600E+02 -5.279E+02  2.162E-04  1.0000
  2.000E+02 -5.279E+02  0.000E+00  0.0000
  2.400E+02 -5.279E+02  0.000E+00  0.0000
  2.800E+02 -5.279E+02  0.000E+00  0.0000
  3.200E+02 -5.279E+02  0.000E+00  0.0000
  3.600E+02 -5.279E+02  1.104E-04  0.9639
  4.000E+02 -5.279E+02  3.124E-04  0.6199
  4.400E+02 -5.279E+02  3.026E-04  0.7851
  4.800E+02 -5.279E+02  1.906E-04  1.0000
  5.200E+02 -5.279E+02  7.317E-05  1.0000
  5.600E+02 -5.279E+02  6.898E-05  1.0000
  6.000E+02 -5.279E+02  9.735E-05  1.0000
  6.400E+02 -5.279E+02  1.429E-04  1.0000
  6.800E+02 -5.279E+02  0.000E+00  0.0000
 -6.800E+02 -4.886E+02  1.297E-04  0.7365
 -6.400E+02 -4.886E+02  5.200E-05  1.0000
 -6.000E+02 -4.886E+02  6.823E-05  0.7092
 -5.600E+02 -4.886E+02  1.390E-04  0.7876
 -5.200E+02 -4.886E+02  1.816E-04  1.0000
 -4.800E+02 -4.886E+02  0.000E+00  0.0000
 -4.400E+02 -4.886E+02  1.112E-04  1.0000
 -4.000E+02 -4.886E+02  2.597E-06  1.0000
 -3.600E+02 -4.886E+02  0.000E+00  0.0000
 -3.200E+02 -4.886E+02  2.768E-04  0.7810
 -2.800E+02 -4.886E+02  3.808E-05  1.0000
 -2.400E+02 -4.886E+02  3.065E-04  1.0000
 -2.000E+02 -4.886E+02  0.000E+00  0.0000
 -1.600E+02 -4.886E+02  0.000E+00  0.0000
 -1.200E+02 -4.886E+02  0.000E+00  0.0000
 -8.000E+01 -4.886E+02  0.000E+00  0.0000
 -4.000E+01 -4.886E+02  0.000E+00  0.0000
  0.000E+00 -4.886E+02  0.000E+00  0.0000
  4.000E+01 -4.886E+02  1.186E-04  1.0000
  8.000E+01 -4.886E+02  1.235E-04  1.0000
  1.200E+02 -4.886E+02  1.001E-04  1.0000
  1.600E+02 -4.886E+02  1.347E-04  0.9275
  2.000E+02 -4.886E+02  4.775E-05  1.0000
  2.400E+02 -4.886E+02  0.000E+00  0.0000
  2.800E+02 -4.886E+02  0.000E+00  0.0000
  3.200E+02 -4.886E+02  0.000E+00  0.0000
  3.600E+02 -4.886E+02  4.520E-07  1.0000
  4.000E+02 -4.886E+02  4.385E-04  0.6591
  4.400E+02 -4.886E+02  1.625E-04  0.7110
  4.800E+02 -4.886E+02  1.881E-04  0.7194
  5.200E+02 -4.886E+02  2.630E-05  1.0000
  5.600E+02 -4.886E+02  0.000E+00  0.0000
  6.000E+02 -4.886E+02  1.426E-05  1.0000
  6.400E+02 -4.886E+02  2.712E-05  1.0000
  6.800E+02 -4.886E+02  0.000E+00  0.0000
 -6.800E+02 -4.492E+02  2.411E-04  1.0000
 -6.400E+02 -4.492E+02  0.000E+00  0.0000
 -6.000E+02 -4.492E+02  1.005E-04  0.7095
 -5.600E+02 -4.492E+02  2.608E-04  0.7686
 -5.200E+02 -4.492E+02  0.000E+00  0.0000
 -4.800E+02 -4.492E+02  4.027E-04  0.8984
 -4.400E+02 -4.492E+02  0.000E+00  0.0000
 -4.000E+02 -4.492E+02  1.038E-04  1.0000
 -3.600E+02 -4.492E+02  0.000E+00  0.0000
 -3.200E+02 -4.492E+02  4.261E-05  1.0000
 -2.800E+02 -4.492E+02  0.000E+00  0.0000
 -2.400E+02 -4.492E+02  0.000E+00  0.0000
 -2.000E+02 -4.492E+02  0.000E+00  0.0000
 -1.600E+02 -4.492E+02  1.157E-04  1.0000
 -1.200E+02 -4.492E+02  2.866E-04  1.0000
 -8.000E+01 -4.492E+02  1.004E-04  0.8685
 -4.000E+01 -4.492E+02  1.068E-04  0.9045
  0.000E+00 -4.492E+02  0.000E+00  0.0000
  4.000E+01 -4.492E+02  3.329E-04  0.9569
  8.000E+01 -4.492E+02  6.040E-05  1.0000
  1.200E+02 -4.492E+02  8.031E-05  1.0000
  1.600E+02 -4.492E+02  0.000E+00  0.0000
  2.000E+02 -4.492E+02  0.000E+00  0.0000
  2.400E+02 -4.492E+02  0.000E+00  0.0000
  2.800E+02 -4.492E+02  0.000E+00  0.0000
  3.200E+02 -4.492E+02  0.000E+00  0.0000
  3.600E+02 -4.492E+02  0.000E+00  0.0000
  4.000E+02 -4.492E+02  7.018E-05  1.0000
  4.400E+02 -4.492E+02  2.554E-04  1.0000
  4.800E+02 -4.492E+02  0.000E+00  0.0000
  5.200E+02 -4.492E+02  0.000E+00  0.0000
  5.600E+02 -4.492E+02  7.183E-05  1.0000
  6.000E+02 -4.492E+02  0.000E+00  0.0000
  6.400E+02 -4.492E+02  0.000E+00  0.0000
  6.800E+02 -4.492E+02  0.000E+00  0.0000
 -6.800E+02 -4.099E+02  0.000E+00  0.0000
 -6.400E+02 -4.099E+02  2.167E-04  1.0000
 -6.000E+02 -4.099E+02  0.000E+00  0.0000
 -5.600E+02 -4.099E+02  1.794E-04  1.0000
 -5.200E+02 -4.099E+02  0.000E+00  0.0000
 -4.800E+02 -4.099E+02  4.102E-05  1.0000
 -4.400E+02 -4.099E+02  2.355E-04  0.7462
 -4.000E+02 -4.099E+02  5.956E-05  1.0000
 -3.600E+02 -4.099E+02  1.421E-04  1.0000
 -3.200E+02 -4.099E+02  4.283E-04  1.0000
 -2.800E+02 -4.099E+02  1.854E-04  0.9326
 -2.400E+02 -4.099E+02  0.000E+00  0.0000
 -2.000E+02 -4.099E+02  0.000E+00  0.0000
 -1.600E+02 -4.099E+02  0.000E+00  0.0000
 -1.200E+02 -4.099E+02  0.000E+00  0.0000
 -8.000E+01 -4.099E+02  5.061E-05  0.9267
 -4.000E+01 -4.099E+02  1.172E-04  0.8914
  0.000E+00 -4.099E+02  0.000E+00  0.0000
  4.000E+01 -4.099E+02  0.000E+00  0.0000
  8.000E+01 -4.099E+02  5.405E-05  1.0000
  1.200E+02 -4.099E+02  0.000E+00  0.0000
  1.600E+02 -4.099E+02  2.003E-04  1.0000
  2.000E+02 -4.099E+02  1.048E-04  0.8631
  2.400E+02 -4.099E+02  1.119E-03  0.7579
  2.800E+02 -4.099E+02  9.542E-05  0.7111
  3.200E+02 -4.099E+02  1.326E-04  1.0000
  3.600E+02 -4.099E+02  0.000E+00  0.0000
  4.000E+02 -4.099E+02  0.000E+00  0.0000
  4.400E+02 -4.099E+02  5.267E-05  0.8370
  4.800E+02 -4.099E+02  4.375E-04  0.8832
  5.200E+02 -4.099E+02  3.434E-04  0.7164
  5.600E+02 -4.099E+02  1.702E-04  0.8806
  6.000E+02 -4.099E+02  2.839E-04  0.7516
  6.400E+02 -4.099E+02  4.411E-04  0.7081
  6.800E+02 -4.099E+02  2.081E-05  1.0000
 -6.800E+02 -3.705E+02  0.000E+00  0.0000
 -6.400E+02 -3.705E+02  0.000E+00  0.0000
 -6.000E+02 -3.705E+02  0.000E+00  0.0000
 -5.600E+02 -3.705E+02  9.409E-05  0.7111
 -5.200E+02 -3.705E+02  7.376E-05  1.0000
 -4.800E+02 -3.705E+02  1.614E-04  1.0000
 -4.400E+02 -3.705E+02  6.841E-04  0.7980
 -4.000E+02 -3.705E+02  0.000E+00  0.0000
 -3.600E+02 -3.705E+02  6.761E-05  1.0000
 -3.200E+02 -3.705E+02  4.352E-06  1.0000
 -2.800E+02 -3.705E+02  5.550E-05  0.5982
 -2.400E+02 -3.705E+02  6.617E-05  1.0000
 -2.000E+02 -3.705E+02  0.000E+00  0.0000
 -1.600E+02 -3.705E+02  3.282E-05  1.0000
 -1.200E+02 -3.705E+02  0.000E+00  0.0000
 -8.000E+01 -3.705E+02  1.518E-04  1.0000
 -4.000E+01 -3.705E+02  0.000E+00  0.0000
  0.000E+00 -3.705E+02  0.000E+00  0.0000
  4.000E+01 -3.705E+02  0.000E+00  0.0000
  8.000E+01 -3.705E+02  0.000E+00  0.0000
  1.200E+02 -3.705E+02  0.000E+00  0.0000
  1.600E+02 -3.705E+02  0.000E+00  0.0000
  2.000E+02 -3.705E+02  0.000E+00  0.0000
  2.400E+02 -3.705E+02  2.950E-04  1.0000
  2.800E+02 -3.705E+02  2.856E-04  0.7778
  3.200E+02 -3.705E+02  5.835E-05  0.7098
  3.600E+02 -3.705E+02  0.000E+00  0.0000
  4.000E+02 -3.705E+02  0.000E+00  0.0000
  4.400E+02 -3.705E+02  0.000E+00  0.0000
  4.800E+02 -3.705E+02  1.990E-05  1.0000
  5.200E+02 -3.705E+02  3.440E-05  1.0000
  5.600E+02 -3.705E+02  0.000E+00  0.0000
  6.000E+02 -3.705E+02  1.022E-05  1.0000
  6.400E+02 -3.705E+02  9.222E-05  1.0000
  6.800E+02 -3.705E+02  1.868E-04  1.0000
 -6.800E+02 -3.312E+02  0.000E+00  0.0000
 -6.400E+02 -3.312E+02  0.000E+00  0.0000
 -6.000E+02 -3.312E+02  0.000E+00  0.0000
 -5.600E+02 -3.312E+02  1.561E-04  0.9994
 -5.200E+02 -3.312E+02  0.000E+00  0.0000
 -4.800E+02 -3.312E+02  2.523E-04  0.6613
 -4.400E+02 -3.312E+02  1.021E-04  0.7623
 -4.000E+02 -3.312E+02  5.335E-05  1.0000
 -3.600E+02 -3.312E+02  0.000E+00  0.0000
 -3.200E+02 -3.312E+02  0.000E+00  0.0000
 -2.800E+02 -3.312E+02  2.330E-04  0.9638
 -2.400E+02 -3.312E+02  3.228E-04  0.6135
 -2.000E+02 -3.312E+02  2.810E-04  0.7393
 -1.600E+02 -3.312E+02  4.334E-04  1.0000
 -1.200E+02 -3.312E+02  0.000E+00  0.0000
 -8.000E+01 -3.312E+02  1.518E-04  1.0000
 -4.000E+01 -3.312E+02  0.000E+00  0.0000
  0.000E+00 -3.312E+02  0.000E+00  0.0000
  4.000E+01 -3.312E+02  0.000E+00  0.0000
  8.000E+01 -3.312E+02  0.000E+00  0.0000
  1.200E+02 -3.312E+02  0.000E+00  0.0000
  1.600E+02 -3.312E+02  0.000E+00  0.0000
  2.000E+02 -3.312E+02  8.504E-05  1.0000
  2.400E+02 -3.312E+02  2.163E-04  0.6964
  2.800E+02 -3.312E+02  1.670E-04  1.0000
  3.200E+02 -3.312E+02  1.369E-05  1.0000
  3.600E+02 -3.312E+02  3.453E-05  1.0000
  4.000E+02 -3.312E+02  0.000E+00  0.0000
  4.400E+02 -3.312E+02  0.000E+00  0.0000
  4.800E+02 -3.312E+02  0.000E+00  0.0000
  5.200E+02 -3.312E+02  1.306E-04  1.0000
  5.600E+02 -3.312E+02  2.629E-04  0.8861
  6.000E+02 -3.312E+02  2.925E-04  0.9226
  6.400E+02 -3.312E+02  1.686E-04  1.0000
  6.800E+02 -3.312E+02  0.000E+00  0.0000
 -6.800E+02 -2.918E+02  2.546E-04  1.0000
 -6.400E+02 -2.918E+02  7.570E-05  1.0000
 -6.000E+02 -2.918E+02  1.584E-04  0.9541
 -5.600E+02 -2.918E+02  2.168E-04  0.6757
 -5.200E+02 -2.918E+02  2.201E-04  0.8782
 -4.800E+02 -2.918E+02  0.000E+00  0.0000
 -4.400E+02 -2.918E+02  0.000E+00  0.0000
 -4.000E+02 -2.918E+02  2.735E-04  0.9261
 -3.600E+02 -2.918E+02  2.751E-04  1.0000
 -3.200E+02 -2.918E+02  1.781E-04  0.7534
 -2.800E+02 -2.918E+02  1.857E-04  0.7619
 -2.400E+02 -2.918E+02  5.093E-04  0.5499
 -2.000E+02 -2.918E+02  6.291E-05  1.0000
 -1.600E+02 -2.918E+02  0.000E+00  0.0000
 -1.200E+02 -2.918E+02  1.401E-04  1.0000
 -8.000E+01 -2.918E+02  1.172E-05  1.0000
 -4.000E+01 -2.918E+02  0.000E+00  0.0000
  0.000E+00 -2.918E+02  0.000E+00  0.0000
  4.000E+01 -2.918E+02  0.000E+00  0.0000
  8.000E+01 -2.918E+02  0.000E+00  0.0000
  1.200E+02 -2.918E+02  0.000E+00  0.0000
  1.600E+02 -2.918E+02  0.000E+00  0.0000
  2.000E+02 -2.918E+02  0.000E+00  0.0000
  2.400E+02 -2.918E+02  2.708E-05  1.0000
  2.800E+02 -2.918E+02  0.000E+00  0.0000
  3.200E+02 -2.918E+02  3.720E-04  0.7444
  3.600E+02 -2.918E+02  2.933E-04  0.6839
  4.000E+02 -2.918E+02  1.354E-05  1.0000
  4.400E+02 -2.918E+02  0.000E+00  0.0000
  4.800E+02 -2.918E+02  2.208E-04  0.7798
  5.200E+02 -2.918E+02  1.075E-05  1.0000
  5.600E+02 -2.918E+02  2.569E-05  1.0000
  6.000E+02 -2.918E+02  0.000E+00  0.0000
  6.400E+02 -2.918E+02  0.000E+00  0.0000
  6.800E+02 -2.918E+02  3.403E-04  0.7571
 -6.800E+02 -2.525E+02  0.000E+00  0.0000
 -6.400E+02 -2.525E+02  0.000E+00  0.0000
 -6.000E+02 -2.525E+02  0.000E+00  0.0000
 -5.600E+02 -2.525E+02  3.667E-06  1.0000
 -5.200E+02 -2.525E+02  9.465E-05  1.0000
 -4.800E+02 -2.525E+02  2.543E-04  0.8248
 -4.400E+02 -2.525E+02  0.000E+00  0.0000
 -4.000E+02 -2.525E+02  6.060E-05  1.0000
 -3.600E+02 -2.525E+02  0.000E+00  0.0000
 -3.200E+02 -2.525E+02  1.658E-04  1.0000
 -2.800E+02 -2.525E+02  2.937E-05  1.0000
 -2.400E+02 -2.525E+02  1.848E-04  1.0000
 -2.000E+02 -2.525E+02  1.343E-04  1.0000
 -1.600E+02 -2.525E+02  2.417E-04  1.0000
 -1.200E+02 -2.525E+02  1.518E-04  1.0000
 -8.000E+01 -2.525E+02  0.000E+00  0.0000
 -4.000E+01 -2.525E+02  0.000E+00  0.0000
  0.000E+00 -2.525E+02  0.000E+00  0.0000
  4.000E+01 -2.525E+02  0.000E+00  0.0000
  8.000E+01 -2.525E+02  0.000E+00  0.0000
  1.200E+02 -2.525E+02  0.000E+00  0.0000
  1.600E+02 -2.525E+02  0.000E+00  0.0000
  2.000E+02 -2.525E+02  6.530E-05  1.0000
  2.400E+02 -2.525E+02  4.472E-06  1.0000
  2.800E+02 -2.525E+02  2.857E-06  1.0000
  3.200E+02 -2.525E+02  1.149E-04  0.7084
  3.600E+02 -2.525E+02  0.000E+00  0.0000
  4.000E+02 -2.525E+02  1.972E-05  1.0000
  4.400E+02 -2.525E+02  0.000E+00  0.0000
  4.800E+02 -2.525E+02  5.545E-04  0.6081
  5.200E+02 -2.525E+02  0.000E+00  0.0000
  5.600E+02 -2.525E+02  9.545E-05  1.0000
  6.000E+02 -2.525E+02  1.214E-04  1.0000
  6.400E+02 -2.525E+02  5.186E-04  1.0000
  6.800E+02 -2.525E+02  0.000E+00  0.0000
 -6.800E+02 -2.132E+02  0.000E+00  0.0000
 -6.400E+02 -2.132E+02  0.000E+00  0.0000
 -6.000E+02 -2.132E+02  0.000E+00  0.0000
 -5.600E+02 -2.132E+02  7.465E-05  1.0000
 -5.200E+02 -2.132E+02  1.889E-04  0.7320
 -4.800E+02 -2.132E+02  0.000E+00  0.0000
 -4.400E+02 -2.132E+02  0.000E+00  0.0000
 -4.000E+02 -2.132E+02  0.000E+00  0.0000
 -3.600E+02 -2.132E+02  1.748E-04  0.7159
 -3.200E+02 -2.132E+02  0.000E+00  0.0000
 -2.800E+02 -2.132E+02  0.000E+00  0.0000
 -2.400E+02 -2.132E+02  4.427E-04  0.7400
 -2.000E+02 -2.132E+02  1.902E-04  0.7613
 -1.600E+02 -2.132E+02  2.071E-04  0.9773
 -1.200E+02 -2.132E+02  1.914E-04  0.8173
 -8.000E+01 -2.132E+02  1.512E-04  1.0000
 -4.000E+01 -2.132E+02  1.512E-04  1.0000
  0.000E+00 -2.132E+02  1.095E-04  1.0000
  4.000E+01 -2.132E+02  0.000E+00  0.0000
  8.000E+01 -2.132E+02  0.000E+00  0.0000
  1.200E+02 -2.132E+02  0.000E+00  0.0000
  1.600E+02 -2.132E+02  8.793E-05  1.0000
  2.000E+02 -2.132E+02  3.847E-04  0.7998
  2.400E+02 -2.132E+02  4.335E-04  0.7343
  2.800E+02 -2.132E+02  3.182E-04  1.0000
  3.200E+02 -2.132E+02  0.000E+00  0.0000
  3.600E+02 -2.132E+02  0.000E+00  0.0000
  4.000E+02 -2.132E+02  7.608E-05  1.0000
  4.400E+02 -2.132E+02  5.139E-05  0.7262
  4.800E+02 -2.132E+02  1.305E-04  0.9512
  5.200E+02 -2.132E+02  0.000E+00  0.0000
  5.600E+02 -2.132E+02  6.991E-05  1.0000
  6.000E+02 -2.132E+02  1.453E-04  1.0000
  6.400E+02 -2.132E+02  1.566E-04  0.7110
  6.800E+02 -2.132E+02  2.862E-04  1.0000
 -6.800E+02 -1.738E+02  5.000E-05  1.0000
 -6.400E+02 -1.738E+02  1.159E-04  0.7091
 -6.000E+02 -1.738E+02  4.422E-04  0.6598
 -5.600E+02 -1.738E+02  6.284E-05  0.8689
 -5.200E+02 -1.738E+02  2.734E-04  0.7712
 -4.800E+02 -1.738E+02  9.222E-05  1.0000
 -4.400E+02 -1.738E+02  0.000E+00  0.0000
 -4.000E+02 -1.738E+02  0.000E+00  0.0000
 -3.600E+02 -1.738E+02  8.157E-05  1.0000
 -3.200E+02 -1.738E+02  1.922E-04  0.7147
 -2.800E+02 -1.738E+02  7.891E-05  1.0000
 -2.400E+02 -1.738E+02  1.426E-04  0.9820
 -2.000E+02 -1.738E+02  1.735E-04  0.7110
 -1.600E+02 -1.738E+02  2.680E-04  0.6538
 -1.200E+02 -1.738E+02  1.726E-04  1.0000
 -8.000E+01 -1.738E+02  1.086E-04  1.0000
 -4.000E+01 -1.738E+02  0.000E+00  0.0000
  0.000E+00 -1.738E+02  4.171E-05  1.0000
  4.000E+01 -1.738E+02  1.512E-04  1.0000
  8.000E+01 -1.738E+02  1.512E-04  1.0000
  1.200E+02 -1.738E+02  1.512E-04  1.0000
  1.600E+02 -1.738E+02  3.112E-04  0.6894
  2.000E+02 -1.738E+02  9.235E-06  1.0000
  2.400E+02 -1.738E+02  2.979E-04  0.7097
  2.800E+02 -1.738E+02  4.473E-04  0.7767
  3.200E+02 -1.738E+02  2.888E-04  0.6129
  3.600E+02 -1.738E+02  3.910E-04  0.7175
  4.000E+02 -1.738E+02  1.196E-04  1.0000
  4.400E+02 -1.738E+02  1.542E-04  1.0000
  4.800E+02 -1.738E+02  8.176E-05  1.0000
  5.200E+02 -1.738E+02  1.675E-04  0.7677
  5.600E+02 -1.738E+02  2.232E-04  0.7171
  6.000E+02 -1.738E+02  0.000E+00  0.0000
  6.400E+02 -1.738E+02  0.000E+00  0.0000
  6.800E+02 -1.738E+02  0.000E+00  0.0000
 -6.800E+02 -1.345E+02  1.775E-05  1.0000
 -6.400E+02 -1.345E+02  1.875E-05  1.0000
 -6.000E+02 -1.345E+02  5.501E-04  0.6326
 -5.600E+02 -1.345E+02  5.428E-05  1.0000
 -5.200E+02 -1.345E+02  0.000E+00  0.0000
 -4.800E+02 -1.345E+02  1.276E-04  1.0000
 -4.400E+02 -1.345E+02  8.390E-05  1.0000
 -4.000E+02 -1.345E+02  1.948E-04  1.0000
 -3.600E+02 -1.345E+02  0.000E+00  0.0000
 -3.200E+02 -1.345E+02  1.586E-04  0.7429
 -2.800E+02 -1.345E+02  5.815E-04  0.4560
 -2.400E+02 -1.345E+02  9.424E-05  1.0000
 -2.000E+02 -1.345E+02  6.802E-04  0.8856
 -1.600E+02 -1.345E+02  6.596E-05  0.7745
 -1.200E+02 -1.345E+02  0.000E+00  0.0000
 -8.000E+01 -1.345E+02  6.405E-05  1.0000
 -4.000E+01 -1.345E+02  1.726E-04  1.0000
  0.000E+00 -1.345E+02  1.726E-04  1.0000
  4.000E+01 -1.345E+02  1.726E-04  1.0000
  8.000E+01 -1.345E+02  1.726E-04  1.0000
  1.200E+02 -1.345E+02  1.726E-04  1.0000
  1.600E+02 -1.345E+02  2.408E-04  0.5817
  2.000E+02 -1.345E+02  7.840E-05  0.7704
  2.400E+02 -1.345E+02  1.406E-04  0.9427
  2.800E+02 -1.345E+02  8.119E-05  1.0000
  3.200E+02 -1.345E+02  6.160E-05  1.0000
  3.600E+02 -1.345E+02  2.244E-04  0.9671
  4.000E+02 -1.345E+02  3.452E-04  0.7077
  4.400E+02 -1.345E+02  0.000E+00  0.0000
  4.800E+02 -1.345E+02  1.211E-04  0.9668
  5.200E+02 -1.345E+02  2.700E-04  0.7783
  5.600E+02 -1.345E+02  1.990E-04  0.5834
  6.000E+02 -1.345E+02  1.126E-05  1.0000
  6.400E+02 -1.345E+02  0.000E+00  0.0000
  6.800E+02 -1.345E+02  4.004E-05  1.0000
 -6.800E+02 -9.511E+01  0.000E+00  0.0000
 -6.400E+02 -9.511E+01  1.925E-04  0.8229
 -6.000E+02 -9.511E+01  3.272E-04  0.6550
 -5.600E+02 -9.511E+01  4.199E-04  1.0000
 -5.200E+02 -9.511E+01  2.126E-04  0.7506
 -4.800E+02 -9.511E+01  1.303E-04  1.0000
 -4.400E+02 -9.511E+01  2.135E-04  1.0000
 -4.000E+02 -9.511E+01  0.000E+00  0.0000
 -3.600E+02 -9.511E+01  0.000E+00  0.0000
 -3.200E+02 -9.511E+01  3.764E-05  1.0000
 -2.800E+02 -9.511E+01  3.684E-04  0.5926
 -2.400E+02 -9.511E+01  6.418E-04  0.7281
 -2.000E+02 -9.511E+01  4.518E-04  0.7906
 -1.600E+02 -9.511E+01  2.564E-04  0.7233
 -1.200E+02 -9.511E+01  1.359E-04  1.0000
 -8.000E+01 -9.511E+01  0.000E+00  0.0000
 -4.000E+01 -9.511E+01  1.495E-04  1.0000
  0.000E+00 -9.511E+01  0.000E+00  0.0000
  4.000E+01 -9.511E+01  5.137E-05  1.0000
  8.000E+01 -9.511E+01  0.000E+00  0.0000
  1.200E+02 -9.511E+01  0.000E+00  0.0000
  1.600E+02 -9.511E+01  2.619E-05  1.0000
  2.000E+02 -9.511E+01  4.688E-04  0.6864
  2.400E+02 -9.511E+01  7.984E-06  0.7667
  2.800E+02 -9.511E+01  2.172E-04  0.5828
  3.200E+02 -9.511E+01  7.029E-05  1.0000
  3.600E+02 -9.511E+01  1.026E-04  1.0000
  4.000E+02 -9.511E+01  2.319E-04  0.6005
  4.400E+02 -9.511E+01  1.483E-04  0.7754
  4.800E+02 -9.511E+01  1.341E-04  0.7081
  5.200E+02 -9.511E+01  1.130E-05  1.0000
  5.600E+02 -9.511E+01  6.798E-04  0.4761
  6.000E+02 -9.511E+01  2.063E-04  1.0000
  6.400E+02 -9.511E+01  0.000E+00  0.0000
  6.800E+02 -9.511E+01  0.000E+00  0.0000
 -6.800E+02 -5.576E+01  1.141E-04  1.0000
 -6.400E+02 -5.576E+01  9.831E-06  1.0000
 -6.000E+02 -5.576E+01  4.198E-04  0.6301
 -5.600E+02 -5.576E+01  2.698E-05  0.7173
 -5.200E+02 -5.576E+01  0.000E+00  0.0000
 -4.800E+02 -5.576E+01  0.000E+00  0.0000
 -4.400E+02 -5.576E+01  1.728E-04  0.9994
 -4.000E+02 -5.576E+01  1.241E-04  1.0000
 -3.600E+02 -5.576E+01  0.000E+00  0.0000
 -3.200E+02 -5.576E+01  0.000E+00  0.0000
 -2.800E+02 -5.576E+01  2.442E-04  0.7185
 -2.400E+02 -5.576E+01  7.188E-05  1.0000
 -2.000E+02 -5.576E+01  2.177E-04  1.0000
 -1.600E+02 -5.576E+01  1.836E-04  1.0000
 -1.200E+02 -5.576E+01  7.781E-05  0.9218
 -8.000E+01 -5.576E+01  0.000E+00  0.0000
 -4.000E+01 -5.576E+01  5.079E-04  0.8130
  0.000E+00 -5.576E+01  4.922E-05  1.0000
  4.000E+01 -5.576E+01  1.539E-04  0.9351
  8.000E+01 -5.576E+01  2.169E-05  1.0000
  1.200E+02 -5.576E+01  2.396E-04  0.7276
  1.600E+02 -5.576E+01  0.000E+00  0.0000
  2.000E+02 -5.576E+01  3.582E-05  1.0000
  2.400E+02 -5.576E+01  1.135E-04  1.0000
  2.800E+02 -5.576E+01  1.816E-04  0.7116
  3.200E+02 -5.576E+01  2.979E-04  0.7569
  3.600E+02 -5.576E+01  0.000E+00  0.0000
  4.000E+02 -5.576E+01  4.870E-04  0.6432
  4.400E+02 -5.576E+01  3.958E-04  0.9144
  4.800E+02 -5.576E+01  2.798E-05  1.0000
  5.200E+02 -5.576E+01  2.682E-04  1.0000
  5.600E+02 -5.576E+01  6.533E-05  1.0000
  6.000E+02 -5.576E+01  2.030E-04  1.0000
  6.400E+02 -5.576E+01  0.000E+00  0.0000
  6.800E+02 -5.576E+01  4.256E-05  1.0000
 -6.800E+02 -1.641E+01  0.000E+00  0.0000
 -6.400E+02 -1.641E+01  6.254E-05  1.0000
 -6.000E+02 -1.641E+01  1.270E-04  0.6427
 -5.600E+02 -1.641E+01  0.000E+00  0.0000
 -5.200E+02 -1.641E+01  2.233E-04  1.0000
 -4.800E+02 -1.641E+01  0.000E+00  0.0000
 -4.400E+02 -1.641E+01  0.000E+00  0.0000
 -4.000E+02 -1.641E+01  0.000E+00  0.0000
 -3.600E+02 -1.641E+01  1.332E-04  1.0000
 -3.200E+02 -1.641E+01  1.851E-04  0.7600
 -2.800E+02 -1.641E+01  8.759E-05  1.0000
 -2.400E+02 -1.641E+01  0.000E+00  0.0000
 -2.000E+02 -1.641E+01  9.723E-06  1.0000
 -1.600E+02 -1.641E+01  0.000E+00  0.0000
 -1.200E+02 -1.641E+01  1.476E-04  1.0000
 -8.000E+01 -1.641E+01  1.142E-04  1.0000
 -4.000E+01 -1.641E+01  0.000E+00  0.0000
  0.000E+00 -1.641E+01  0.000E+00  0.0000
  4.000E+01 -1.641E+01  0.000E+00  0.0000
  8.000E+01 -1.641E+01  1.255E-04  1.0000
  1.200E+02 -1.641E+01  0.000E+00  0.0000
  1.600E+02 -1.641E+01  0.000E+00  0.0000
  2.000E+02 -1.641E+01  0.000E+00  0.0000
  2.400E+02 -1.641E+01  0.000E+00  0.0000
  2.800E+02 -1.641E+01  1.576E-04  1.0000
  3.200E+02 -1.641E+01  2.844E-05  0.7743
  3.600E+02 -1.641E+01  0.000E+00  0.0000
  4.000E+02 -1.641E+01  0.000E+00  0.0000
  4.400E+02 -1.641E+01  0.000E+00  0.0000
  4.800E+02 -1.641E+01  0.000E+00  0.0000
  5.200E+02 -1.641E+01  0.000E+00  0.0000
  5.600E+02 -1.641E+01  2.774E-04  0.7077
  6.000E+02 -1.641E+01  1.355E-04  1.0000
  6.400E+02 -1.641E+01  5.964E-05  1.0000
  6.800E+02 -1.641E+01  5.855E-04  1.0000
 -6.800E+02  2.293E+01  0.000E+00  0.0000
 -6.400E+02  2.293E+01  0.000E+00  0.0000
 -6.000E+02  2.293E+01  2.228E-04  1.0000
 -5.600E+02  2.293E+01  0.000E+00  0.0000
 -5.200E+02  2.293E+01  0.000E+00  0.0000
 -4.800E+02  2.293E+01  0.000E+00  0.0000
 -4.400E+02  2.293E+01  0.000E+00  0.0000
 -4.000E+02  2.293E+01  0.000E+00  0.0000
 -3.600E+02  2.293E+01  0.000E+00  0.0000
 -3.200E+02  2.293E+01  0.000E+00  0.0000
 -2.800E+02  2.293E+01  0.000E+00  0.0000
 -2.400E+02  2.293E+01  0.000E+00  0.0000
 -2.000E+02  2.293E+01  0.000E+00  0.0000
 -1.600E+02  2.293E+01  0.000E+00  0.0000
 -1.200E+02  2.293E+01  0.000E+00  0.0000
 -8.000E+01  2.293E+01  0.000E+00  0.0000
 -4.000E+01  2.293E+01  0.000E+00  0.0000
  0.000E+00  2.293E+01  0.000E+00  0.0000
  4.000E+01  2.293E+01  0.000E+00  0.0000
  8.000E+01  2.293E+01  0.000E+00  0.0000
  1.200E+02  2.293E+01  0.000E+00  0.0000
  1.600E+02  2.293E+01  0.000E+00  0.0000
  2.000E+02  2.293E+01  0.000E+00  0.0000
  2.400E+02  2.293E+01  0.000E+00  0.0000
  2.800E+02  2.293E+01  0.000E+00  0.0000
  3.200E+02  2.293E+01  0.000E+00  0.0000
  3.600E+02  2.293E+01  0.000E+00  0.0000
  4.000E+02  2.293E+01  0.000E+00  0.0000
  4.400E+02  2.293E+01  0.000E+00  0.0000
  4.800E+02  2.293E+01  0.000E+00  0.0000
  5.200E+02  2.293E+01  0.000E+00  0.0000
  5.600E+02  2.293E+01  2.160E-04  1.0000
  6.000E+02  2.293E+01  0.000E+00  0.0000
  6.400E+02  2.293E+01  1.847E-04  1.0000
  6.800E+02  2.293E+01  0.000E+00  0.0000
 -6.800E+02  6.228E+01  0.000E+00  0.0000
 -6.400E+02  6.228E+01  0.000E+00  0.0000
 -6.000E+02  6.228E+01  2.483E-05  1.0000
 -5.600E+02  6.228E+01  1.980E-04  1.0000
 -5.200E+02  6.228E+01  0.000E+00  0.0000
 -4.800E+02  6.228E+01  0.000E+00  0.0000
 -4.400E+02  6.228E+01  0.000E+00  0.0000
 -4.000E+02  6.228E+01  0.000E+00  0.0000
 -3.600E+02  6.228E+01  0.000E+00  0.0000
 -3.200E+02  6.228E+01  0.000E+00  0.0000
 -2.800E+02  6.228E+01  0.000E+00  0.0000
 -2.400E+02  6.228E+01  0.000E+00  0.0000
 -2.000E+02  6.228E+01  0.000E+00  0.0000
 -1.600E+02  6.228E+01  0.000E+00  0.0000
 -1.200E+02  6.228E+01  0.000E+00  0.0000
 -8.000E+01  6.228E+01  0.000E+00  0.0000
 -4.000E+01  6.228E+01  0.000E+00  0.0000
  0.000E+00  6.228E+01  0.000E+00  0.0000
  4.000E+01  6.228E+01  0.000E+00  0.0000
  8.000E+01  6.228E+01  0.000E+00  0.0000
  1.200E+02  6.228E+01  0.000E+00  0.0000
  1.600E+02  6.228E+01  0.000E+00  0.0000
  2.000E+02  6.228E+01  0.000E+00  0.0000
  2.400E+02  6.228E+01  0.000E+00  0.0000
  2.800E+02  6.228E+01  0.000E+00  0.0000
  3.200E+02  6.228E+01  0.000E+00  0.0000
  3.600E+02  6.228E+01  0.000E+00  0.0000
  4.000E+02  6.228E+01  0.000E+00  0.0000
  4.400E+02  6.228E+01  0.000E+00  0.0000
  4.800E+02  6.228E+01  0.000E+00  0.0000
  5.200E+02  6.228E+01  1.900E-04  1.0000
  5.600E+02  6.228E+01  2.601E-05  1.0000
  6.000E+02  6.228E+01  1.407E-04  1.0000
  6.400E+02  6.228E+01  4.401E-05  1.0000
  6.800E+02  6.228E+01  0.000E+00  0.0000
 -6.800E+02  1.016E+02  0.000E+00  0.0000
 -6.400E+02  1.016E+02  0.000E+00  0.0000
 -6.000E+02  1.016E+02  0.000E+00  0.0000
 -5.600E+02  1.016E+02  2.228E-04  1.0000
 -5.200E+02  1.016E+02  0.000E+00  0.0000
 -4.800E+02  1.016E+02  0.000E+00  0.0000
 -4.400E+02  1.016E+02  0.000E+00  0.0000
 -4.000E+02  1.016E+02  0.000E+00  0.0000
 -3.600E+02  1.016E+02  0.000E+00  0.0000
 -3.200E+02  1.016E+02  0.000E+00  0.0000
 -2.800E+02  1.016E+02  0.000E+00  0.0000
 -2.400E+02  1.016E+02  0.000E+00  0.0000
 -2.000E+02  1.016E+02  0.000E+00  0.0000
 -1.600E+02  1.016E+02  0.000E+00  0.0000
 -1.200E+02  1.016E+02  0.000E+00  0.0000
 -8.000E+01  1.016E+02  0.000E+00  0.0000
 -4.000E+01  1.016E+02  0.000E+00  0.0000
  0.000E+00  1.016E+02  0.000E+00  0.0000
  4.000E+01  1.016E+02  0.000E+00  0.0000
  8.000E+01  1.016E+02  0.000E+00  0.0000
  1.200E+02  1.016E+02  0.000E+00  0.0000
  1.600E+02  1.016E+02  0.000E+00  0.0000
  2.000E+02  1.016E+02  0.000E+00  0.0000
  2.400E+02  1.016E+02  0.000E+00  0.0000
  2.800E+02  1.016E+02  0.000E+00  0.0000
  3.200E+02  1.016E+02  0.000E+00  0.0000
  3.600E+02  1.016E+02  0.000E+00  0.0000
  4.000E+02  1.016E+02  0.000E+00  0.0000
  4.400E+02  1.016E+02  0.000E+00  0.0000
  4.800E+02  1.016E+02  0.000E+00  0.0000
  5.200E+02  1.016E+02  2.160E-04  1.0000
  5.600E+02  1.016E+02  7.977E-05  1.0000
  6.000E+02  1.016E+02  1.050E-04  1.0000
  6.400E+02  1.016E+02  0.000E+00  0.0000
  6.800E+02  1.016E+02  0.000E+00  0.0000
 -6.800E+02  1.410E+02  0.000E+00  0.0000
 -6.400E+02  1.410E+02  0.000E+00  0.0000
 -6.000E+02  1.410E+02  0.000E+00  0.0000
 -5.600E+02  1.410E+02  2.228E-04  1.0000
 -5.200E+02  1.410E+02  0.000E+00  0.0000
 -4.800E+02  1.410E+02  0.000E+00  0.0000
 -4.400E+02  1.410E+02  0.000E+00  0.0000
 -4.000E+02  1.410E+02  0.000E+00  0.0000
 -3.600E+02  1.410E+02  0.000E+00  0.0000
 -3.200E+02  1.410E+02  0.000E+00  0.0000
 -2.800E+02  1.410E+02  0.000E+00  0.0000
 -2.400E+02  1.410E+02  0.000E+00  0.0000
 -2.000E+02  1.410E+02  0.000E+00  0.0000
 -1.600E+02  1.410E+02  0.000E+00  0.0000
 -1.200E+02  1.410E+02  0.000E+00  0.0000
 -8.000E+01  1.410E+02  0.000E+00  0.0000
 -4.000E+01  1.410E+02  0.000E+00  0.0000
  0.000E+00  1.410E+02  0.000E+00  0.0000
  4.000E+01  1.410E+02  0.000E+00  0.0000
  8.000E+01  1.410E+02  0.000E+00  0.0000
  1.200E+02  1.410E+02  0.000E+00  0.0000
  1.600E+02  1.410E+02  0.000E+00  0.0000
  2.000E+02  1.410E+02  0.000E+00  0.0000
  2.400E+02  1.410E+02  0.000E+00  0.0000
  2.800E+02  1.410E+02  0.000E+00  0.0000
  3.200E+02  1.410E+02  0.000E+00  0.0000
  3.600E+02  1.410E+02  0.000E+00  0.0000
  4.000E+02  1.410E+02  0.000E+00  0.0000
  4.400E+02  1.410E+02  0.000E+00  0.0000
  4.800E+02  1.410E+02  1.258E-04  1.0000
  5.200E+02  1.410E+02  1.090E-04  0.8451
  5.600E+02  1.410E+02  1.659E-04  1.0000
  6.000E+02  1.410E+02  0.000E+00  0.0000
  6.400E+02  1.410E+02  0.000E+00  0.0000
  6.800E+02  1.410E+02  0.000E+00  0.0000
 -6.800E+02  1.803E+02  0.000E+00  0.0000
 -6.400E+02  1.803E+02  0.000E+00  0.0000
 -6.000E+02  1.803E+02  0.000E+00  0.0000
 -5.600E+02  1.803E+02  1.329E-06  1.0000
 -5.200E+02  1.803E+02  2.215E-04  1.0000
 -4.800E+02  1.803E+02  0.000E+00  0.0000
 -4.400E+02  1.803E+02  0.000E+00  0.0000
 -4.000E+02  1.803E+02  0.000E+00  0.0000
 -3.600E+02  1.803E+02  0.000E+00  0.0000
 -3.200E+02  1.803E+02  0.000E+00  0.0000
 -2.800E+02  1.803E+02  0.000E+00  0.0000
 -2.400E+02  1.803E+02  0.000E+00  0.0000
 -2.000E+02  1.803E+02  0.000E+00  0.0000
 -1.600E+02  1.803E+02  0.000E+00  0.0000
 -1.200E+02  1.803E+02  0.000E+00  0.0000
 -8.000E+01  1.803E+02  0.000E+00  0.0000
 -4.000E+01  1.803E+02  0.000E+00  0.0000
  0.000E+00  1.803E+02  0.000E+00  0.0000
  4.000E+01  1.803E+02  0.000E+00  0.0000
  8.000E+01  1.803E+02  0.000E+00  0.0000
  1.200E+02  1.803E+02  0.000E+00  0.0000
  1.600E+02  1.803E+02  0.000E+00  0.0000
  2.000E+02  1.803E+02  0.000E+00  0.0000
  2.400E+02  1.803E+02  0.000E+00  0.0000
  2.800E+02  1.803E+02  0.000E+00  0.0000
  3.200E+02  1.803E+02  0.000E+00  0.0000
  3.600E+02  1.803E+02  0.000E+00  0.0000
  4.000E+02  1.803E+02  0.000E+00  0.0000
  4.400E+02  1.803E+02  0.000E+00  0.0000
  4.800E+02  1.803E+02  2.160E-04  1.0000
  5.200E+02  1.803E+02  1.847E-04  1.0000
  5.600E+02  1.803E+02  0.000E+00  0.0000
  6.000E+02  1.803E+02  0.000E+00  0.0000
  6.400E+02  1.803E+02  0.000E+00  0.0000
  6.800E+02  1.803E+02  0.000E+00  0.0000

#------------------------------------------------------------------------------
 newpage:
#   no. =  4   ie  =  4   iy  =  1   part. = neutron 
#   e = (   2.0000E+01  -   1.0000E+05  )
#   y = (  -1.0000E+03  -   1.0000E+03  )
#  nx =  35   nz =  23

# x          z          flux       r.err
 -6.800E+02 -6.853E+02  0.000E+00  0.0000
 -6.400E+02 -6.853E+02  0.000E+00  0.0000
 -6.000E+02 -6.853E+02  0.000E+00  0.0000
 -5.600E+02 -6.853E+02  0.000E+00  0.0000
 -5.200E+02 -6.853E+02  0.000E+00  0.0000
 -4.800E+02 -6.853E+02  1.369E-05  1.0000
 -4.400E+02 -6.853E+02  0.000E+00  0.0000
 -4.000E+02 -6.853E+02  0.000E+00  0.0000
 -3.600E+02 -6.853E+02  0.000E+00  0.0000
 -3.200E+02 -6.853E+02  0.000E+00  0.0000
 -2.800E+02 -6.853E+02  0.000E+00  0.0000
 -2.400E+02 -6.853E+02  0.000E+00  0.0000
 -2.000E+02 -6.853E+02  0.000E+00  0.0000
 -1.600E+02 -6.853E+02  0.000E+00  0.0000
 -1.200E+02 -6.853E+02  4.437E-05  1.0000
 -8.000E+01 -6.853E+02  0.000E+00  0.0000
 -4.000E+01 -6.853E+02  0.000E+00  0.0000
  0.000E+00 -6.853E+02  0.000E+00  0.0000
  4.000E+01 -6.853E+02  0.000E+00  0.0000
  8.000E+01 -6.853E+02  0.000E+00  0.0000
  1.200E+02 -6.853E+02  0.000E+00  0.0000
  1.600E+02 -6.853E+02  0.000E+00  0.0000
  2.000E+02 -6.853E+02  0.000E+00  0.0000
  2.400E+02 -6.853E+02  0.000E+00  0.0000
  2.800E+02 -6.853E+02  0.000E+00  0.0000
  3.200E+02 -6.853E+02  0.000E+00  0.0000
  3.600E+02 -6.853E+02  0.000E+00  0.0000
  4.000E+02 -6.853E+02  0.000E+00  0.0000
  4.400E+02 -6.853E+02  0.000E+00  0.0000
  4.800E+02 -6.853E+02  0.000E+00  0.0000
  5.200E+02 -6.853E+02  0.000E+00  0.0000
  5.600E+02 -6.853E+02  0.000E+00  0.0000
  6.000E+02 -6.853E+02  0.000E+00  0.0000
  6.400E+02 -6.853E+02  0.000E+00  0.0000
  6.800E+02 -6.853E+02  0.000E+00  0.0000
 -6.800E+02 -6.460E+02  0.000E+00  0.0000
 -6.400E+02 -6.460E+02  0.000E+00  0.0000
 -6.000E+02 -6.460E+02  0.000E+00  0.0000
 -5.600E+02 -6.460E+02  0.000E+00  0.0000
 -5.200E+02 -6.460E+02  0.000E+00  0.0000
 -4.800E+02 -6.460E+02  0.000E+00  0.0000
 -4.400E+02 -6.460E+02  0.000E+00  0.0000
 -4.000E+02 -6.460E+02  0.000E+00  0.0000
 -3.600E+02 -6.460E+02  0.000E+00  0.0000
 -3.200E+02 -6.460E+02  0.000E+00  0.0000
 -2.800E+02 -6.460E+02  0.000E+00  0.0000
 -2.400E+02 -6.460E+02  0.000E+00  0.0000
 -2.000E+02 -6.460E+02  0.000E+00  0.0000
 -1.600E+02 -6.460E+02  0.000E+00  0.0000
 -1.200E+02 -6.460E+02  0.000E+00  0.0000
 -8.000E+01 -6.460E+02  0.000E+00  0.0000
 -4.000E+01 -6.460E+02  0.000E+00  0.0000
  0.000E+00 -6.460E+02  0.000E+00  0.0000
  4.000E+01 -6.460E+02  0.000E+00  0.0000
  8.000E+01 -6.460E+02  0.000E+00  0.0000
  1.200E+02 -6.460E+02  0.000E+00  0.0000
  1.600E+02 -6.460E+02  0.000E+00  0.0000
  2.000E+02 -6.460E+02  0.000E+00  0.0000
  2.400E+02 -6.460E+02  0.000E+00  0.0000
  2.800E+02 -6.460E+02  0.000E+00  0.0000
  3.200E+02 -6.460E+02  0.000E+00  0.0000
  3.600E+02 -6.460E+02  0.000E+00  0.0000
  4.000E+02 -6.460E+02  0.000E+00  0.0000
  4.400E+02 -6.460E+02  0.000E+00  0.0000
  4.800E+02 -6.460E+02  0.000E+00  0.0000
  5.200E+02 -6.460E+02  0.000E+00  0.0000
  5.600E+02 -6.460E+02  0.000E+00  0.0000
  6.000E+02 -6.460E+02  0.000E+00  0.0000
  6.400E+02 -6.460E+02  0.000E+00  0.0000
  6.800E+02 -6.460E+02  0.000E+00  0.0000
 -6.800E+02 -6.066E+02  0.000E+00  0.0000
 -6.400E+02 -6.066E+02  0.000E+00  0.0000
 -6.000E+02 -6.066E+02  0.000E+00  0.0000
 -5.600E+02 -6.066E+02  0.000E+00  0.0000
 -5.200E+02 -6.066E+02  0.000E+00  0.0000
 -4.800E+02 -6.066E+02  0.000E+00  0.0000
 -4.400E+02 -6.066E+02  0.000E+00  0.0000
 -4.000E+02 -6.066E+02  0.000E+00  0.0000
 -3.600E+02 -6.066E+02  0.000E+00  0.0000
 -3.200E+02 -6.066E+02  0.000E+00  0.0000
 -2.800E+02 -6.066E+02  0.000E+00  0.0000
 -2.400E+02 -6.066E+02  0.000E+00  0.0000
 -2.000E+02 -6.066E+02  0.000E+00  0.0000
 -1.600E+02 -6.066E+02  0.000E+00  0.0000
 -1.200E+02 -6.066E+02  0.000E+00  0.0000
 -8.000E+01 -6.066E+02  0.000E+00  0.0000
 -4.000E+01 -6.066E+02  0.000E+00  0.0000
  0.000E+00 -6.066E+02  0.000E+00  0.0000
  4.000E+01 -6.066E+02  0.000E+00  0.0000
  8.000E+01 -6.066E+02  0.000E+00  0.0000
  1.200E+02 -6.066E+02  0.000E+00  0.0000
  1.600E+02 -6.066E+02  0.000E+00  0.0000
  2.000E+02 -6.066E+02  0.000E+00  0.0000
  2.400E+02 -6.066E+02  0.000E+00  0.0000
  2.800E+02 -6.066E+02  0.000E+00  0.0000
  3.200E+02 -6.066E+02  0.000E+00  0.0000
  3.600E+02 -6.066E+02  0.000E+00  0.0000
  4.000E+02 -6.066E+02  0.000E+00  0.0000
  4.400E+02 -6.066E+02  0.000E+00  0.0000
  4.800E+02 -6.066E+02  0.000E+00  0.0000
  5.200E+02 -6.066E+02  0.000E+00  0.0000
  5.600E+02 -6.066E+02  0.000E+00  0.0000
  6.000E+02 -6.066E+02  0.000E+00  0.0000
  6.400E+02 -6.066E+02  0.000E+00  0.0000
  6.800E+02 -6.066E+02  0.000E+00  0.0000
 -6.800E+02 -5.673E+02  0.000E+00  0.0000
 -6.400E+02 -5.673E+02  0.000E+00  0.0000
 -6.000E+02 -5.673E+02  0.000E+00  0.0000
 -5.600E+02 -5.673E+02  0.000E+00  0.0000
 -5.200E+02 -5.673E+02  0.000E+00  0.0000
 -4.800E+02 -5.673E+02  0.000E+00  0.0000
 -4.400E+02 -5.673E+02  0.000E+00  0.0000
 -4.000E+02 -5.673E+02  0.000E+00  0.0000
 -3.600E+02 -5.673E+02  0.000E+00  0.0000
 -3.200E+02 -5.673E+02  0.000E+00  0.0000
 -2.800E+02 -5.673E+02  0.000E+00  0.0000
 -2.400E+02 -5.673E+02  0.000E+00  0.0000
 -2.000E+02 -5.673E+02  0.000E+00  0.0000
 -1.600E+02 -5.673E+02  0.000E+00  0.0000
 -1.200E+02 -5.673E+02  0.000E+00  0.0000
 -8.000E+01 -5.673E+02  0.000E+00  0.0000
 -4.000E+01 -5.673E+02  0.000E+00  0.0000
  0.000E+00 -5.673E+02  0.000E+00  0.0000
  4.000E+01 -5.673E+02  0.000E+00  0.0000
  8.000E+01 -5.673E+02  0.000E+00  0.0000
  1.200E+02 -5.673E+02  0.000E+00  0.0000
  1.600E+02 -5.673E+02  0.000E+00  0.0000
  2.000E+02 -5.673E+02  0.000E+00  0.0000
  2.400E+02 -5.673E+02  0.000E+00  0.0000
  2.800E+02 -5.673E+02  0.000E+00  0.0000
  3.200E+02 -5.673E+02  0.000E+00  0.0000
  3.600E+02 -5.673E+02  0.000E+00  0.0000
  4.000E+02 -5.673E+02  0.000E+00  0.0000
  4.400E+02 -5.673E+02  0.000E+00  0.0000
  4.800E+02 -5.673E+02  0.000E+00  0.0000
  5.200E+02 -5.673E+02  0.000E+00  0.0000
  5.600E+02 -5.673E+02  5.398E-05  1.0000
  6.000E+02 -5.673E+02  3.891E-05  1.0000
  6.400E+02 -5.673E+02  0.000E+00  0.0000
  6.800E+02 -5.673E+02  0.000E+00  0.0000
 -6.800E+02 -5.279E+02  0.000E+00  0.0000
 -6.400E+02 -5.279E+02  0.000E+00  0.0000
 -6.000E+02 -5.279E+02  0.000E+00  0.0000
 -5.600E+02 -5.279E+02  0.000E+00  0.0000
 -5.200E+02 -5.279E+02  0.000E+00  0.0000
 -4.800E+02 -5.279E+02  0.000E+00  0.0000
 -4.400E+02 -5.279E+02  0.000E+00  0.0000
 -4.000E+02 -5.279E+02  0.000E+00  0.0000
 -3.600E+02 -5.279E+02  0.000E+00  0.0000
 -3.200E+02 -5.279E+02  0.000E+00  0.0000
 -2.800E+02 -5.279E+02  0.000E+00  0.0000
 -2.400E+02 -5.279E+02  0.000E+00  0.0000
 -2.000E+02 -5.279E+02  0.000E+00  0.0000
 -1.600E+02 -5.279E+02  0.000E+00  0.0000
 -1.200E+02 -5.279E+02  0.000E+00  0.0000
 -8.000E+01 -5.279E+02  0.000E+00  0.0000
 -4.000E+01 -5.279E+02  0.000E+00  0.0000
  0.000E+00 -5.279E+02  0.000E+00  0.0000
  4.000E+01 -5.279E+02  0.000E+00  0.0000
  8.000E+01 -5.279E+02  0.000E+00  0.0000
  1.200E+02 -5.279E+02  0.000E+00  0.0000
  1.600E+02 -5.279E+02  0.000E+00  0.0000
  2.000E+02 -5.279E+02  0.000E+00  0.0000
  2.400E+02 -5.279E+02  0.000E+00  0.0000
  2.800E+02 -5.279E+02  0.000E+00  0.0000
  3.200E+02 -5.279E+02  0.000E+00  0.0000
  3.600E+02 -5.279E+02  0.000E+00  0.0000
  4.000E+02 -5.279E+02  0.000E+00  0.0000
  4.400E+02 -5.279E+02  0.000E+00  0.0000
  4.800E+02 -5.279E+02  0.000E+00  0.0000
  5.200E+02 -5.279E+02  0.000E+00  0.0000
  5.600E+02 -5.279E+02  0.000E+00  0.0000
  6.000E+02 -5.279E+02  0.000E+00  0.0000
  6.400E+02 -5.279E+02  0.000E+00  0.0000
  6.800E+02 -5.279E+02  0.000E+00  0.0000
 -6.800E+02 -4.886E+02  0.000E+00  0.0000
 -6.400E+02 -4.886E+02  0.000E+00  0.0000
 -6.000E+02 -4.886E+02  0.000E+00  0.0000
 -5.600E+02 -4.886E+02  0.000E+00  0.0000
 -5.200E+02 -4.886E+02  0.000E+00  0.0000
 -4.800E+02 -4.886E+02  0.000E+00  0.0000
 -4.400E+02 -4.886E+02  0.000E+00  0.0000
 -4.000E+02 -4.886E+02  0.000E+00  0.0000
 -3.600E+02 -4.886E+02  0.000E+00  0.0000
 -3.200E+02 -4.886E+02  0.000E+00  0.0000
 -2.800E+02 -4.886E+02  0.000E+00  0.0000
 -2.400E+02 -4.886E+02  0.000E+00  0.0000
 -2.000E+02 -4.886E+02  0.000E+00  0.0000
 -1.600E+02 -4.886E+02  0.000E+00  0.0000
 -1.200E+02 -4.886E+02  0.000E+00  0.0000
 -8.000E+01 -4.886E+02  0.000E+00  0.0000
 -4.000E+01 -4.886E+02  0.000E+00  0.0000
  0.000E+00 -4.886E+02  0.000E+00  0.0000
  4.000E+01 -4.886E+02  0.000E+00  0.0000
  8.000E+01 -4.886E+02  4.570E-05  1.0000
  1.200E+02 -4.886E+02  0.000E+00  0.0000
  1.600E+02 -4.886E+02  0.000E+00  0.0000
  2.000E+02 -4.886E+02  0.000E+00  0.0000
  2.400E+02 -4.886E+02  0.000E+00  0.0000
  2.800E+02 -4.886E+02  0.000E+00  0.0000
  3.200E+02 -4.886E+02  0.000E+00  0.0000
  3.600E+02 -4.886E+02  0.000E+00  0.0000
  4.000E+02 -4.886E+02  0.000E+00  0.0000
  4.400E+02 -4.886E+02  0.000E+00  0.0000
  4.800E+02 -4.886E+02  0.000E+00  0.0000
  5.200E+02 -4.886E+02  0.000E+00  0.0000
  5.600E+02 -4.886E+02  0.000E+00  0.0000
  6.000E+02 -4.886E+02  0.000E+00  0.0000
  6.400E+02 -4.886E+02  0.000E+00  0.0000
  6.800E+02 -4.886E+02  0.000E+00  0.0000
 -6.800E+02 -4.492E+02  0.000E+00  0.0000
 -6.400E+02 -4.492E+02  0.000E+00  0.0000
 -6.000E+02 -4.492E+02  0.000E+00  0.0000
 -5.600E+02 -4.492E+02  0.000E+00  0.0000
 -5.200E+02 -4.492E+02  0.000E+00  0.0000
 -4.800E+02 -4.492E+02  0.000E+00  0.0000
 -4.400E+02 -4.492E+02  0.000E+00  0.0000
 -4.000E+02 -4.492E+02  0.000E+00  0.0000
 -3.600E+02 -4.492E+02  0.000E+00  0.0000
 -3.200E+02 -4.492E+02  0.000E+00  0.0000
 -2.800E+02 -4.492E+02  0.000E+00  0.0000
 -2.400E+02 -4.492E+02  0.000E+00  0.0000
 -2.000E+02 -4.492E+02  0.000E+00  0.0000
 -1.600E+02 -4.492E+02  0.000E+00  0.0000
 -1.200E+02 -4.492E+02  0.000E+00  0.0000
 -8.000E+01 -4.492E+02  0.000E+00  0.0000
 -4.000E+01 -4.492E+02  0.000E+00  0.0000
  0.000E+00 -4.492E+02  0.000E+00  0.0000
  4.000E+01 -4.492E+02  0.000E+00  0.0000
  8.000E+01 -4.492E+02  0.000E+00  0.0000
  1.200E+02 -4.492E+02  0.000E+00  0.0000
  1.600E+02 -4.492E+02  0.000E+00  0.0000
  2.000E+02 -4.492E+02  0.000E+00  0.0000
  2.400E+02 -4.492E+02  0.000E+00  0.0000
  2.800E+02 -4.492E+02  0.000E+00  0.0000
  3.200E+02 -4.492E+02  0.000E+00  0.0000
  3.600E+02 -4.492E+02  0.000E+00  0.0000
  4.000E+02 -4.492E+02  0.000E+00  0.0000
  4.400E+02 -4.492E+02  0.000E+00  0.0000
  4.800E+02 -4.492E+02  0.000E+00  0.0000
  5.200E+02 -4.492E+02  0.000E+00  0.0000
  5.600E+02 -4.492E+02  0.000E+00  0.0000
  6.000E+02 -4.492E+02  0.000E+00  0.0000
  6.400E+02 -4.492E+02  0.000E+00  0.0000
  6.800E+02 -4.492E+02  0.000E+00  0.0000
 -6.800E+02 -4.099E+02  0.000E+00  0.0000
 -6.400E+02 -4.099E+02  1.239E-05  1.0000
 -6.000E+02 -4.099E+02  0.000E+00  0.0000
 -5.600E+02 -4.099E+02  9.249E-05  1.0000
 -5.200E+02 -4.099E+02  0.000E+00  0.0000
 -4.800E+02 -4.099E+02  0.000E+00  0.0000
 -4.400E+02 -4.099E+02  0.000E+00  0.0000
 -4.000E+02 -4.099E+02  0.000E+00  0.0000
 -3.600E+02 -4.099E+02  0.000E+00  0.0000
 -3.200E+02 -4.099E+02  0.000E+00  0.0000
 -2.800E+02 -4.099E+02  0.000E+00  0.0000
 -2.400E+02 -4.099E+02  0.000E+00  0.0000
 -2.000E+02 -4.099E+02  0.000E+00  0.0000
 -1.600E+02 -4.099E+02  0.000E+00  0.0000
 -1.200E+02 -4.099E+02  0.000E+00  0.0000
 -8.000E+01 -4.099E+02  0.000E+00  0.0000
 -4.000E+01 -4.099E+02  6.904E-05  1.0000
  0.000E+00 -4.099E+02  0.000E+00  0.0000
  4.000E+01 -4.099E+02  0.000E+00  0.0000
  8.000E+01 -4.099E+02  0.000E+00  0.0000
  1.200E+02 -4.099E+02  0.000E+00  0.0000
  1.600E+02 -4.099E+02  0.000E+00  0.0000
  2.000E+02 -4.099E+02  0.000E+00  0.0000
  2.400E+02 -4.099E+02  1.753E-04  1.0000
  2.800E+02 -4.099E+02  0.000E+00  0.0000
  3.200E+02 -4.099E+02  0.000E+00  0.0000
  3.600E+02 -4.099E+02  0.000E+00  0.0000
  4.000E+02 -4.099E+02  0.000E+00  0.0000
  4.400E+02 -4.099E+02  0.000E+00  0.0000
  4.800E+02 -4.099E+02  0.000E+00  0.0000
  5.200E+02 -4.099E+02  0.000E+00  0.0000
  5.600E+02 -4.099E+02  0.000E+00  0.0000
  6.000E+02 -4.099E+02  0.000E+00  0.0000
  6.400E+02 -4.099E+02  0.000E+00  0.0000
  6.800E+02 -4.099E+02  0.000E+00  0.0000
 -6.800E+02 -3.705E+02  0.000E+00  0.0000
 -6.400E+02 -3.705E+02  1.277E-05  1.0000
 -6.000E+02 -3.705E+02  8.646E-05  1.0000
 -5.600E+02 -3.705E+02  3.532E-05  1.0000
 -5.200E+02 -3.705E+02  0.000E+00  0.0000
 -4.800E+02 -3.705E+02  0.000E+00  0.0000
 -4.400E+02 -3.705E+02  4.955E-06  1.0000
 -4.000E+02 -3.705E+02  0.000E+00  0.0000
 -3.600E+02 -3.705E+02  0.000E+00  0.0000
 -3.200E+02 -3.705E+02  0.000E+00  0.0000
 -2.800E+02 -3.705E+02  0.000E+00  0.0000
 -2.400E+02 -3.705E+02  0.000E+00  0.0000
 -2.000E+02 -3.705E+02  0.000E+00  0.0000
 -1.600E+02 -3.705E+02  0.000E+00  0.0000
 -1.200E+02 -3.705E+02  0.000E+00  0.0000
 -8.000E+01 -3.705E+02  0.000E+00  0.0000
 -4.000E+01 -3.705E+02  1.718E-04  1.0000
  0.000E+00 -3.705E+02  0.000E+00  0.0000
  4.000E+01 -3.705E+02  0.000E+00  0.0000
  8.000E+01 -3.705E+02  0.000E+00  0.0000
  1.200E+02 -3.705E+02  0.000E+00  0.0000
  1.600E+02 -3.705E+02  0.000E+00  0.0000
  2.000E+02 -3.705E+02  0.000E+00  0.0000
  2.400E+02 -3.705E+02  8.957E-05  1.0000
  2.800E+02 -3.705E+02  0.000E+00  0.0000
  3.200E+02 -3.705E+02  0.000E+00  0.0000
  3.600E+02 -3.705E+02  0.000E+00  0.0000
  4.000E+02 -3.705E+02  0.000E+00  0.0000
  4.400E+02 -3.705E+02  0.000E+00  0.0000
  4.800E+02 -3.705E+02  0.000E+00  0.0000
  5.200E+02 -3.705E+02  0.000E+00  0.0000
  5.600E+02 -3.705E+02  0.000E+00  0.0000
  6.000E+02 -3.705E+02  0.000E+00  0.0000
  6.400E+02 -3.705E+02  0.000E+00  0.0000
  6.800E+02 -3.705E+02  0.000E+00  0.0000
 -6.800E+02 -3.312E+02  0.000E+00  0.0000
 -6.400E+02 -3.312E+02  0.000E+00  0.0000
 -6.000E+02 -3.312E+02  0.000E+00  0.0000
 -5.600E+02 -3.312E+02  0.000E+00  0.0000
 -5.200E+02 -3.312E+02  0.000E+00  0.0000
 -4.800E+02 -3.312E+02  9.351E-05  1.0000
 -4.400E+02 -3.312E+02  7.444E-07  1.0000
 -4.000E+02 -3.312E+02  0.000E+00  0.0000
 -3.600E+02 -3.312E+02  0.000E+00  0.0000
 -3.200E+02 -3.312E+02  0.000E+00  0.0000
 -2.800E+02 -3.312E+02  0.000E+00  0.0000
 -2.400E+02 -3.312E+02  0.000E+00  0.0000
 -2.000E+02 -3.312E+02  0.000E+00  0.0000
 -1.600E+02 -3.312E+02  0.000E+00  0.0000
 -1.200E+02 -3.312E+02  0.000E+00  0.0000
 -8.000E+01 -3.312E+02  1.010E-04  1.0000
 -4.000E+01 -3.312E+02  7.075E-05  1.0000
  0.000E+00 -3.312E+02  0.000E+00  0.0000
  4.000E+01 -3.312E+02  0.000E+00  0.0000
  8.000E+01 -3.312E+02  0.000E+00  0.0000
  1.200E+02 -3.312E+02  0.000E+00  0.0000
  1.600E+02 -3.312E+02  0.000E+00  0.0000
  2.000E+02 -3.312E+02  0.000E+00  0.0000
  2.400E+02 -3.312E+02  0.000E+00  0.0000
  2.800E+02 -3.312E+02  0.000E+00  0.0000
  3.200E+02 -3.312E+02  0.000E+00  0.0000
  3.600E+02 -3.312E+02  0.000E+00  0.0000
  4.000E+02 -3.312E+02  0.000E+00  0.0000
  4.400E+02 -3.312E+02  0.000E+00  0.0000
  4.800E+02 -3.312E+02  0.000E+00  0.0000
  5.200E+02 -3.312E+02  0.000E+00  0.0000
  5.600E+02 -3.312E+02  0.000E+00  0.0000
  6.000E+02 -3.312E+02  0.000E+00  0.0000
  6.400E+02 -3.312E+02  0.000E+00  0.0000
  6.800E+02 -3.312E+02  0.000E+00  0.0000
 -6.800E+02 -2.918E+02  0.000E+00  0.0000
 -6.400E+02 -2.918E+02  0.000E+00  0.0000
 -6.000E+02 -2.918E+02  0.000E+00  0.0000
 -5.600E+02 -2.918E+02  0.000E+00  0.0000
 -5.200E+02 -2.918E+02  0.000E+00  0.0000
 -4.800E+02 -2.918E+02  0.000E+00  0.0000
 -4.400E+02 -2.918E+02  0.000E+00  0.0000
 -4.000E+02 -2.918E+02  0.000E+00  0.0000
 -3.600E+02 -2.918E+02  0.000E+00  0.0000
 -3.200E+02 -2.918E+02  0.000E+00  0.0000
 -2.800E+02 -2.918E+02  0.000E+00  0.0000
 -2.400E+02 -2.918E+02  0.000E+00  0.0000
 -2.000E+02 -2.918E+02  0.000E+00  0.0000
 -1.600E+02 -2.918E+02  0.000E+00  0.0000
 -1.200E+02 -2.918E+02  0.000E+00  0.0000
 -8.000E+01 -2.918E+02  1.718E-04  1.0000
 -4.000E+01 -2.918E+02  0.000E+00  0.0000
  0.000E+00 -2.918E+02  0.000E+00  0.0000
  4.000E+01 -2.918E+02  0.000E+00  0.0000
  8.000E+01 -2.918E+02  0.000E+00  0.0000
  1.200E+02 -2.918E+02  0.000E+00  0.0000
  1.600E+02 -2.918E+02  0.000E+00  0.0000
  2.000E+02 -2.918E+02  0.000E+00  0.0000
  2.400E+02 -2.918E+02  0.000E+00  0.0000
  2.800E+02 -2.918E+02  0.000E+00  0.0000
  3.200E+02 -2.918E+02  0.000E+00  0.0000
  3.600E+02 -2.918E+02  0.000E+00  0.0000
  4.000E+02 -2.918E+02  0.000E+00  0.0000
  4.400E+02 -2.918E+02  0.000E+00  0.0000
  4.800E+02 -2.918E+02  0.000E+00  0.0000
  5.200E+02 -2.918E+02  0.000E+00  0.0000
  5.600E+02 -2.918E+02  1.623E-04  1.0000
  6.000E+02 -2.918E+02  0.000E+00  0.0000
  6.400E+02 -2.918E+02  0.000E+00  0.0000
  6.800E+02 -2.918E+02  0.000E+00  0.0000
 -6.800E+02 -2.525E+02  0.000E+00  0.0000
 -6.400E+02 -2.525E+02  0.000E+00  0.0000
 -6.000E+02 -2.525E+02  0.000E+00  0.0000
 -5.600E+02 -2.525E+02  0.000E+00  0.0000
 -5.200E+02 -2.525E+02  0.000E+00  0.0000
 -4.800E+02 -2.525E+02  0.000E+00  0.0000
 -4.400E+02 -2.525E+02  0.000E+00  0.0000
 -4.000E+02 -2.525E+02  0.000E+00  0.0000
 -3.600E+02 -2.525E+02  0.000E+00  0.0000
 -3.200E+02 -2.525E+02  9.668E-05  1.0000
 -2.800E+02 -2.525E+02  0.000E+00  0.0000
 -2.400E+02 -2.525E+02  0.000E+00  0.0000
 -2.000E+02 -2.525E+02  0.000E+00  0.0000
 -1.600E+02 -2.525E+02  0.000E+00  0.0000
 -1.200E+02 -2.525E+02  3.811E-06  1.0000
 -8.000E+01 -2.525E+02  1.680E-04  1.0000
 -4.000E+01 -2.525E+02  0.000E+00  0.0000
  0.000E+00 -2.525E+02  0.000E+00  0.0000
  4.000E+01 -2.525E+02  0.000E+00  0.0000
  8.000E+01 -2.525E+02  0.000E+00  0.0000
  1.200E+02 -2.525E+02  0.000E+00  0.0000
  1.600E+02 -2.525E+02  0.000E+00  0.0000
  2.000E+02 -2.525E+02  0.000E+00  0.0000
  2.400E+02 -2.525E+02  0.000E+00  0.0000
  2.800E+02 -2.525E+02  0.000E+00  0.0000
  3.200E+02 -2.525E+02  0.000E+00  0.0000
  3.600E+02 -2.525E+02  0.000E+00  0.0000
  4.000E+02 -2.525E+02  0.000E+00  0.0000
  4.400E+02 -2.525E+02  0.000E+00  0.0000
  4.800E+02 -2.525E+02  0.000E+00  0.0000
  5.200E+02 -2.525E+02  0.000E+00  0.0000
  5.600E+02 -2.525E+02  0.000E+00  0.0000
  6.000E+02 -2.525E+02  0.000E+00  0.0000
  6.400E+02 -2.525E+02  0.000E+00  0.0000
  6.800E+02 -2.525E+02  0.000E+00  0.0000
 -6.800E+02 -2.132E+02  0.000E+00  0.0000
 -6.400E+02 -2.132E+02  0.000E+00  0.0000
 -6.000E+02 -2.132E+02  0.000E+00  0.0000
 -5.600E+02 -2.132E+02  0.000E+00  0.0000
 -5.200E+02 -2.132E+02  0.000E+00  0.0000
 -4.800E+02 -2.132E+02  0.000E+00  0.0000
 -4.400E+02 -2.132E+02  0.000E+00  0.0000
 -4.000E+02 -2.132E+02  0.000E+00  0.0000
 -3.600E+02 -2.132E+02  0.000E+00  0.0000
 -3.200E+02 -2.132E+02  0.000E+00  0.0000
 -2.800E+02 -2.132E+02  0.000E+00  0.0000
 -2.400E+02 -2.132E+02  4.213E-06  1.0000
 -2.000E+02 -2.132E+02  0.000E+00  0.0000
 -1.600E+02 -2.132E+02  0.000E+00  0.0000
 -1.200E+02 -2.132E+02  1.718E-04  1.0000
 -8.000E+01 -2.132E+02  0.000E+00  0.0000
 -4.000E+01 -2.132E+02  0.000E+00  0.0000
  0.000E+00 -2.132E+02  0.000E+00  0.0000
  4.000E+01 -2.132E+02  0.000E+00  0.0000
  8.000E+01 -2.132E+02  0.000E+00  0.0000
  1.200E+02 -2.132E+02  0.000E+00  0.0000
  1.600E+02 -2.132E+02  0.000E+00  0.0000
  2.000E+02 -2.132E+02  0.000E+00  0.0000
  2.400E+02 -2.132E+02  0.000E+00  0.0000
  2.800E+02 -2.132E+02  0.000E+00  0.0000
  3.200E+02 -2.132E+02  0.000E+00  0.0000
  3.600E+02 -2.132E+02  0.000E+00  0.0000
  4.000E+02 -2.132E+02  0.000E+00  0.0000
  4.400E+02 -2.132E+02  0.000E+00  0.0000
  4.800E+02 -2.132E+02  0.000E+00  0.0000
  5.200E+02 -2.132E+02  0.000E+00  0.0000
  5.600E+02 -2.132E+02  0.000E+00  0.0000
  6.000E+02 -2.132E+02  0.000E+00  0.0000
  6.400E+02 -2.132E+02  0.000E+00  0.0000
  6.800E+02 -2.132E+02  0.000E+00  0.0000
 -6.800E+02 -1.738E+02  0.000E+00  0.0000
 -6.400E+02 -1.738E+02  0.000E+00  0.0000
 -6.000E+02 -1.738E+02  0.000E+00  0.0000
 -5.600E+02 -1.738E+02  0.000E+00  0.0000
 -5.200E+02 -1.738E+02  0.000E+00  0.0000
 -4.800E+02 -1.738E+02  0.000E+00  0.0000
 -4.400E+02 -1.738E+02  0.000E+00  0.0000
 -4.000E+02 -1.738E+02  0.000E+00  0.0000
 -3.600E+02 -1.738E+02  0.000E+00  0.0000
 -3.200E+02 -1.738E+02  0.000E+00  0.0000
 -2.800E+02 -1.738E+02  0.000E+00  0.0000
 -2.400E+02 -1.738E+02  2.214E-05  1.0000
 -2.000E+02 -1.738E+02  0.000E+00  0.0000
 -1.600E+02 -1.738E+02  0.000E+00  0.0000
 -1.200E+02 -1.738E+02  1.718E-04  1.0000
 -8.000E+01 -1.738E+02  0.000E+00  0.0000
 -4.000E+01 -1.738E+02  0.000E+00  0.0000
  0.000E+00 -1.738E+02  0.000E+00  0.0000
  4.000E+01 -1.738E+02  0.000E+00  0.0000
  8.000E+01 -1.738E+02  0.000E+00  0.0000
  1.200E+02 -1.738E+02  0.000E+00  0.0000
  1.600E+02 -1.738E+02  0.000E+00  0.0000
  2.000E+02 -1.738E+02  0.000E+00  0.0000
  2.400E+02 -1.738E+02  0.000E+00  0.0000
  2.800E+02 -1.738E+02  0.000E+00  0.0000
  3.200E+02 -1.738E+02  0.000E+00  0.0000
  3.600E+02 -1.738E+02  0.000E+00  0.0000
  4.000E+02 -1.738E+02  0.000E+00  0.0000
  4.400E+02 -1.738E+02  0.000E+00  0.0000
  4.800E+02 -1.738E+02  0.000E+00  0.0000
  5.200E+02 -1.738E+02  0.000E+00  0.0000
  5.600E+02 -1.738E+02  0.000E+00  0.0000
  6.000E+02 -1.738E+02  0.000E+00  0.0000
  6.400E+02 -1.738E+02  0.000E+00  0.0000
  6.800E+02 -1.738E+02  0.000E+00  0.0000
 -6.800E+02 -1.345E+02  0.000E+00  0.0000
 -6.400E+02 -1.345E+02  0.000E+00  0.0000
 -6.000E+02 -1.345E+02  0.000E+00  0.0000
 -5.600E+02 -1.345E+02  0.000E+00  0.0000
 -5.200E+02 -1.345E+02  0.000E+00  0.0000
 -4.800E+02 -1.345E+02  0.000E+00  0.0000
 -4.400E+02 -1.345E+02  0.000E+00  0.0000
 -4.000E+02 -1.345E+02  0.000E+00  0.0000
 -3.600E+02 -1.345E+02  0.000E+00  0.0000
 -3.200E+02 -1.345E+02  0.000E+00  0.0000
 -2.800E+02 -1.345E+02  0.000E+00  0.0000
 -2.400E+02 -1.345E+02  0.000E+00  0.0000
 -2.000E+02 -1.345E+02  7.808E-06  1.0000
 -1.600E+02 -1.345E+02  7.837E-05  1.0000
 -1.200E+02 -1.345E+02  9.342E-05  1.0000
 -8.000E+01 -1.345E+02  0.000E+00  0.0000
 -4.000E+01 -1.345E+02  0.000E+00  0.0000
  0.000E+00 -1.345E+02  0.000E+00  0.0000
  4.000E+01 -1.345E+02  0.000E+00  0.0000
  8.000E+01 -1.345E+02  0.000E+00  0.0000
  1.200E+02 -1.345E+02  0.000E+00  0.0000
  1.600E+02 -1.345E+02  0.000E+00  0.0000
  2.000E+02 -1.345E+02  0.000E+00  0.0000
  2.400E+02 -1.345E+02  0.000E+00  0.0000
  2.800E+02 -1.345E+02  0.000E+00  0.0000
  3.200E+02 -1.345E+02  0.000E+00  0.0000
  3.600E+02 -1.345E+02  0.000E+00  0.0000
  4.000E+02 -1.345E+02  0.000E+00  0.0000
  4.400E+02 -1.345E+02  0.000E+00  0.0000
  4.800E+02 -1.345E+02  0.000E+00  0.0000
  5.200E+02 -1.345E+02  0.000E+00  0.0000
  5.600E+02 -1.345E+02  0.000E+00  0.0000
  6.000E+02 -1.345E+02  0.000E+00  0.0000
  6.400E+02 -1.345E+02  0.000E+00  0.0000
  6.800E+02 -1.345E+02  0.000E+00  0.0000
 -6.800E+02 -9.511E+01  0.000E+00  0.0000
 -6.400E+02 -9.511E+01  0.000E+00  0.0000
 -6.000E+02 -9.511E+01  0.000E+00  0.0000
 -5.600E+02 -9.511E+01  0.000E+00  0.0000
 -5.200E+02 -9.511E+01  0.000E+00  0.0000
 -4.800E+02 -9.511E+01  0.000E+00  0.0000
 -4.400E+02 -9.511E+01  0.000E+00  0.0000
 -4.000E+02 -9.511E+01  0.000E+00  0.0000
 -3.600E+02 -9.511E+01  0.000E+00  0.0000
 -3.200E+02 -9.511E+01  0.000E+00  0.0000
 -2.800E+02 -9.511E+01  0.000E+00  0.0000
 -2.400E+02 -9.511E+01  0.000E+00  0.0000
 -2.000E+02 -9.511E+01  3.880E-07  1.0000
 -1.600E+02 -9.511E+01  5.269E-05  1.0000
 -1.200E+02 -9.511E+01  0.000E+00  0.0000
 -8.000E+01 -9.511E+01  0.000E+00  0.0000
 -4.000E+01 -9.511E+01  0.000E+00  0.0000
  0.000E+00 -9.511E+01  0.000E+00  0.0000
  4.000E+01 -9.511E+01  0.000E+00  0.0000
  8.000E+01 -9.511E+01  0.000E+00  0.0000
  1.200E+02 -9.511E+01  0.000E+00  0.0000
  1.600E+02 -9.511E+01  0.000E+00  0.0000
  2.000E+02 -9.511E+01  0.000E+00  0.0000
  2.400E+02 -9.511E+01  0.000E+00  0.0000
  2.800E+02 -9.511E+01  0.000E+00  0.0000
  3.200E+02 -9.511E+01  0.000E+00  0.0000
  3.600E+02 -9.511E+01  0.000E+00  0.0000
  4.000E+02 -9.511E+01  0.000E+00  0.0000
  4.400E+02 -9.511E+01  0.000E+00  0.0000
  4.800E+02 -9.511E+01  0.000E+00  0.0000
  5.200E+02 -9.511E+01  0.000E+00  0.0000
  5.600E+02 -9.511E+01  0.000E+00  0.0000
  6.000E+02 -9.511E+01  0.000E+00  0.0000
  6.400E+02 -9.511E+01  0.000E+00  0.0000
  6.800E+02 -9.511E+01  0.000E+00  0.0000
 -6.800E+02 -5.576E+01  0.000E+00  0.0000
 -6.400E+02 -5.576E+01  0.000E+00  0.0000
 -6.000E+02 -5.576E+01  0.000E+00  0.0000
 -5.600E+02 -5.576E+01  0.000E+00  0.0000
 -5.200E+02 -5.576E+01  0.000E+00  0.0000
 -4.800E+02 -5.576E+01  0.000E+00  0.0000
 -4.400E+02 -5.576E+01  0.000E+00  0.0000
 -4.000E+02 -5.576E+01  0.000E+00  0.0000
 -3.600E+02 -5.576E+01  0.000E+00  0.0000
 -3.200E+02 -5.576E+01  0.000E+00  0.0000
 -2.800E+02 -5.576E+01  0.000E+00  0.0000
 -2.400E+02 -5.576E+01  0.000E+00  0.0000
 -2.000E+02 -5.576E+01  0.000E+00  0.0000
 -1.600E+02 -5.576E+01  0.000E+00  0.0000
 -1.200E+02 -5.576E+01  0.000E+00  0.0000
 -8.000E+01 -5.576E+01  0.000E+00  0.0000
 -4.000E+01 -5.576E+01  0.000E+00  0.0000
  0.000E+00 -5.576E+01  0.000E+00  0.0000
  4.000E+01 -5.576E+01  1.203E-04  1.0000
  8.000E+01 -5.576E+01  0.000E+00  0.0000
  1.200E+02 -5.576E+01  0.000E+00  0.0000
  1.600E+02 -5.576E+01  0.000E+00  0.0000
  2.000E+02 -5.576E+01  0.000E+00  0.0000
  2.400E+02 -5.576E+01  0.000E+00  0.0000
  2.800E+02 -5.576E+01  0.000E+00  0.0000
  3.200E+02 -5.576E+01  0.000E+00  0.0000
  3.600E+02 -5.576E+01  0.000E+00  0.0000
  4.000E+02 -5.576E+01  0.000E+00  0.0000
  4.400E+02 -5.576E+01  0.000E+00  0.0000
  4.800E+02 -5.576E+01  0.000E+00  0.0000
  5.200E+02 -5.576E+01  0.000E+00  0.0000
  5.600E+02 -5.576E+01  0.000E+00  0.0000
  6.000E+02 -5.576E+01  0.000E+00  0.0000
  6.400E+02 -5.576E+01  0.000E+00  0.0000
  6.800E+02 -5.576E+01  0.000E+00  0.0000
 -6.800E+02 -1.641E+01  0.000E+00  0.0000
 -6.400E+02 -1.641E+01  0.000E+00  0.0000
 -6.000E+02 -1.641E+01  0.000E+00  0.0000
 -5.600E+02 -1.641E+01  0.000E+00  0.0000
 -5.200E+02 -1.641E+01  0.000E+00  0.0000
 -4.800E+02 -1.641E+01  0.000E+00  0.0000
 -4.400E+02 -1.641E+01  0.000E+00  0.0000
 -4.000E+02 -1.641E+01  0.000E+00  0.0000
 -3.600E+02 -1.641E+01  0.000E+00  0.0000
 -3.200E+02 -1.641E+01  0.000E+00  0.0000
 -2.800E+02 -1.641E+01  0.000E+00  0.0000
 -2.400E+02 -1.641E+01  0.000E+00  0.0000
 -2.000E+02 -1.641E+01  0.000E+00  0.0000
 -1.600E+02 -1.641E+01  0.000E+00  0.0000
 -1.200E+02 -1.641E+01  0.000E+00  0.0000
 -8.000E+01 -1.641E+01  0.000E+00  0.0000
 -4.000E+01 -1.641E+01  0.000E+00  0.0000
  0.000E+00 -1.641E+01  0.000E+00  0.0000
  4.000E+01 -1.641E+01  8.569E-05  1.0000
  8.000E+01 -1.641E+01  0.000E+00  0.0000
  1.200E+02 -1.641E+01  0.000E+00  0.0000
  1.600E+02 -1.641E+01  0.000E+00  0.0000
  2.000E+02 -1.641E+01  0.000E+00  0.0000
  2.400E+02 -1.641E+01  0.000E+00  0.0000
  2.800E+02 -1.641E+01  0.000E+00  0.0000
  3.200E+02 -1.641E+01  0.000E+00  0.0000
  3.600E+02 -1.641E+01  0.000E+00  0.0000
  4.000E+02 -1.641E+01  0.000E+00  0.0000
  4.400E+02 -1.641E+01  0.000E+00  0.0000
  4.800E+02 -1.641E+01  0.000E+00  0.0000
  5.200E+02 -1.641E+01  0.000E+00  0.0000
  5.600E+02 -1.641E+01  0.000E+00  0.0000
  6.000E+02 -1.641E+01  0.000E+00  0.0000
  6.400E+02 -1.641E+01  0.000E+00  0.0000
  6.800E+02 -1.641E+01  0.000E+00  0.0000
 -6.800E+02  2.293E+01  0.000E+00  0.0000
 -6.400E+02  2.293E+01  0.000E+00  0.0000
 -6.000E+02  2.293E+01  0.000E+00  0.0000
 -5.600E+02  2.293E+01  0.000E+00  0.0000
 -5.200E+02  2.293E+01  0.000E+00  0.0000
 -4.800E+02  2.293E+01  0.000E+00  0.0000
 -4.400E+02  2.293E+01  0.000E+00  0.0000
 -4.000E+02  2.293E+01  0.000E+00  0.0000
 -3.600E+02  2.293E+01  0.000E+00  0.0000
 -3.200E+02  2.293E+01  0.000E+00  0.0000
 -2.800E+02  2.293E+01  0.000E+00  0.0000
 -2.400E+02  2.293E+01  0.000E+00  0.0000
 -2.000E+02  2.293E+01  0.000E+00  0.0000
 -1.600E+02  2.293E+01  0.000E+00  0.0000
 -1.200E+02  2.293E+01  0.000E+00  0.0000
 -8.000E+01  2.293E+01  0.000E+00  0.0000
 -4.000E+01  2.293E+01  0.000E+00  0.0000
  0.000E+00  2.293E+01  0.000E+00  0.0000
  4.000E+01  2.293E+01  0.000E+00  0.0000
  8.000E+01  2.293E+01  0.000E+00  0.0000
  1.200E+02  2.293E+01  0.000E+00  0.0000
  1.600E+02  2.293E+01  0.000E+00  0.0000
  2.000E+02  2.293E+01  0.000E+00  0.0000
  2.400E+02  2.293E+01  0.000E+00  0.0000
  2.800E+02  2.293E+01  0.000E+00  0.0000
  3.200E+02  2.293E+01  0.000E+00  0.0000
  3.600E+02  2.293E+01  0.000E+00  0.0000
  4.000E+02  2.293E+01  0.000E+00  0.0000
  4.400E+02  2.293E+01  0.000E+00  0.0000
  4.800E+02  2.293E+01  0.000E+00  0.0000
  5.200E+02  2.293E+01  0.000E+00  0.0000
  5.600E+02  2.293E+01  0.000E+00  0.0000
  6.000E+02  2.293E+01  0.000E+00  0.0000
  6.400E+02  2.293E+01  0.000E+00  0.0000
  6.800E+02  2.293E+01  0.000E+00  0.0000
 -6.800E+02  6.228E+01  0.000E+00  0.0000
 -6.400E+02  6.228E+01  0.000E+00  0.0000
 -6.000E+02  6.228E+01  0.000E+00  0.0000
 -5.600E+02  6.228E+01  0.000E+00  0.0000
 -5.200E+02  6.228E+01  0.000E+00  0.0000
 -4.800E+02  6.228E+01  0.000E+00  0.0000
 -4.400E+02  6.228E+01  0.000E+00  0.0000
 -4.000E+02  6.228E+01  0.000E+00  0.0000
 -3.600E+02  6.228E+01  0.000E+00  0.0000
 -3.200E+02  6.228E+01  0.000E+00  0.0000
 -2.800E+02  6.228E+01  0.000E+00  0.0000
 -2.400E+02  6.228E+01  0.000E+00  0.0000
 -2.000E+02  6.228E+01  0.000E+00  0.0000
 -1.600E+02  6.228E+01  0.000E+00  0.0000
 -1.200E+02  6.228E+01  0.000E+00  0.0000
 -8.000E+01  6.228E+01  0.000E+00  0.0000
 -4.000E+01  6.228E+01  0.000E+00  0.0000
  0.000E+00  6.228E+01  0.000E+00  0.0000
  4.000E+01  6.228E+01  0.000E+00  0.0000
  8.000E+01  6.228E+01  0.000E+00  0.0000
  1.200E+02  6.228E+01  0.000E+00  0.0000
  1.600E+02  6.228E+01  0.000E+00  0.0000
  2.000E+02  6.228E+01  0.000E+00  0.0000
  2.400E+02  6.228E+01  0.000E+00  0.0000
  2.800E+02  6.228E+01  0.000E+00  0.0000
  3.200E+02  6.228E+01  0.000E+00  0.0000
  3.600E+02  6.228E+01  0.000E+00  0.0000
  4.000E+02  6.228E+01  0.000E+00  0.0000
  4.400E+02  6.228E+01  0.000E+00  0.0000
  4.800E+02  6.228E+01  0.000E+00  0.0000
  5.200E+02  6.228E+01  0.000E+00  0.0000
  5.600E+02  6.228E+01  0.000E+00  0.0000
  6.000E+02  6.228E+01  0.000E+00  0.0000
  6.400E+02  6.228E+01  0.000E+00  0.0000
  6.800E+02  6.228E+01  0.000E+00  0.0000
 -6.800E+02  1.016E+02  0.000E+00  0.0000
 -6.400E+02  1.016E+02  0.000E+00  0.0000
 -6.000E+02  1.016E+02  0.000E+00  0.0000
 -5.600E+02  1.016E+02  0.000E+00  0.0000
 -5.200E+02  1.016E+02  0.000E+00  0.0000
 -4.800E+02  1.016E+02  0.000E+00  0.0000
 -4.400E+02  1.016E+02  0.000E+00  0.0000
 -4.000E+02  1.016E+02  0.000E+00  0.0000
 -3.600E+02  1.016E+02  0.000E+00  0.0000
 -3.200E+02  1.016E+02  0.000E+00  0.0000
 -2.800E+02  1.016E+02  0.000E+00  0.0000
 -2.400E+02  1.016E+02  0.000E+00  0.0000
 -2.000E+02  1.016E+02  0.000E+00  0.0000
 -1.600E+02  1.016E+02  0.000E+00  0.0000
 -1.200E+02  1.016E+02  0.000E+00  0.0000
 -8.000E+01  1.016E+02  0.000E+00  0.0000
 -4.000E+01  1.016E+02  0.000E+00  0.0000
  0.000E+00  1.016E+02  0.000E+00  0.0000
  4.000E+01  1.016E+02  0.000E+00  0.0000
  8.000E+01  1.016E+02  0.000E+00  0.0000
  1.200E+02  1.016E+02  0.000E+00  0.0000
  1.600E+02  1.016E+02  0.000E+00  0.0000
  2.000E+02  1.016E+02  0.000E+00  0.0000
  2.400E+02  1.016E+02  0.000E+00  0.0000
  2.800E+02  1.016E+02  0.000E+00  0.0000
  3.200E+02  1.016E+02  0.000E+00  0.0000
  3.600E+02  1.016E+02  0.000E+00  0.0000
  4.000E+02  1.016E+02  0.000E+00  0.0000
  4.400E+02  1.016E+02  0.000E+00  0.0000
  4.800E+02  1.016E+02  0.000E+00  0.0000
  5.200E+02  1.016E+02  0.000E+00  0.0000
  5.600E+02  1.016E+02  0.000E+00  0.0000
  6.000E+02  1.016E+02  0.000E+00  0.0000
  6.400E+02  1.016E+02  0.000E+00  0.0000
  6.800E+02  1.016E+02  0.000E+00  0.0000
 -6.800E+02  1.410E+02  0.000E+00  0.0000
 -6.400E+02  1.410E+02  0.000E+00  0.0000
 -6.000E+02  1.410E+02  0.000E+00  0.0000
 -5.600E+02  1.410E+02  0.000E+00  0.0000
 -5.200E+02  1.410E+02  0.000E+00  0.0000
 -4.800E+02  1.410E+02  0.000E+00  0.0000
 -4.400E+02  1.410E+02  0.000E+00  0.0000
 -4.000E+02  1.410E+02  0.000E+00  0.0000
 -3.600E+02  1.410E+02  0.000E+00  0.0000
 -3.200E+02  1.410E+02  0.000E+00  0.0000
 -2.800E+02  1.410E+02  0.000E+00  0.0000
 -2.400E+02  1.410E+02  0.000E+00  0.0000
 -2.000E+02  1.410E+02  0.000E+00  0.0000
 -1.600E+02  1.410E+02  0.000E+00  0.0000
 -1.200E+02  1.410E+02  0.000E+00  0.0000
 -8.000E+01  1.410E+02  0.000E+00  0.0000
 -4.000E+01  1.410E+02  0.000E+00  0.0000
  0.000E+00  1.410E+02  0.000E+00  0.0000
  4.000E+01  1.410E+02  0.000E+00  0.0000
  8.000E+01  1.410E+02  0.000E+00  0.0000
  1.200E+02  1.410E+02  0.000E+00  0.0000
  1.600E+02  1.410E+02  0.000E+00  0.0000
  2.000E+02  1.410E+02  0.000E+00  0.0000
  2.400E+02  1.410E+02  0.000E+00  0.0000
  2.800E+02  1.410E+02  0.000E+00  0.0000
  3.200E+02  1.410E+02  0.000E+00  0.0000
  3.600E+02  1.410E+02  0.000E+00  0.0000
  4.000E+02  1.410E+02  0.000E+00  0.0000
  4.400E+02  1.410E+02  0.000E+00  0.0000
  4.800E+02  1.410E+02  0.000E+00  0.0000
  5.200E+02  1.410E+02  0.000E+00  0.0000
  5.600E+02  1.410E+02  0.000E+00  0.0000
  6.000E+02  1.410E+02  0.000E+00  0.0000
  6.400E+02  1.410E+02  0.000E+00  0.0000
  6.800E+02  1.410E+02  0.000E+00  0.0000
 -6.800E+02  1.803E+02  0.000E+00  0.0000
 -6.400E+02  1.803E+02  0.000E+00  0.0000
 -6.000E+02  1.803E+02  0.000E+00  0.0000
 -5.600E+02  1.803E+02  0.000E+00  0.0000
 -5.200E+02  1.803E+02  0.000E+00  0.0000
 -4.800E+02  1.803E+02  0.000E+00  0.0000
 -4.400E+02  1.803E+02  0.000E+00  0.0000
 -4.000E+02  1.803E+02  0.000E+00  0.0000
 -3.600E+02  1.803E+02  0.000E+00  0.0000
 -3.200E+02  1.803E+02  0.000E+00  0.0000
 -2.800E+02  1.803E+02  0.000E+00  0.0000
 -2.400E+02  1.803E+02  0.000E+00  0.0000
 -2.000E+02  1.803E+02  0.000E+00  0.0000
 -1.600E+02  1.803E+02  0.000E+00  0.0000
 -1.200E+02  1.803E+02  0.000E+00  0.0000
 -8.000E+01  1.803E+02  0.000E+00  0.0000
 -4.000E+01  1.803E+02  0.000E+00  0.0000
  0.000E+00  1.803E+02  0.000E+00  0.0000
  4.000E+01  1.803E+02  0.000E+00  0.0000
  8.000E+01  1.803E+02  0.000E+00  0.0000
  1.200E+02  1.803E+02  0.000E+00  0.0000
  1.600E+02  1.803E+02  0.000E+00  0.0000
  2.000E+02  1.803E+02  0.000E+00  0.0000
  2.400E+02  1.803E+02  0.000E+00  0.0000
  2.800E+02  1.803E+02  0.000E+00  0.0000
  3.200E+02  1.803E+02  0.000E+00  0.0000
  3.600E+02  1.803E+02  0.000E+00  0.0000
  4.000E+02  1.803E+02  0.000E+00  0.0000
  4.400E+02  1.803E+02  0.000E+00  0.0000
  4.800E+02  1.803E+02  0.000E+00  0.0000
  5.200E+02  1.803E+02  0.000E+00  0.0000
  5.600E+02  1.803E+02  0.000E+00  0.0000
  6.000E+02  1.803E+02  0.000E+00  0.0000
  6.400E+02  1.803E+02  0.000E+00  0.0000
  6.800E+02  1.803E+02  0.000E+00  0.0000

#------------------------------------------------------------------------------
 newpage:
#   no. =  5   ie  =  1   iy  =  1   part. = muon-   
#   e = (   1.0000E-10  -   5.0000E-07  )
#   y = (  -1.0000E+03  -   1.0000E+03  )
#  nx =  35   nz =  23

# x          z          flux       r.err
 -6.800E+02 -6.853E+02  0.000E+00  0.0000
 -6.400E+02 -6.853E+02  0.000E+00  0.0000
 -6.000E+02 -6.853E+02  0.000E+00  0.0000
 -5.600E+02 -6.853E+02  0.000E+00  0.0000
 -5.200E+02 -6.853E+02  0.000E+00  0.0000
 -4.800E+02 -6.853E+02  0.000E+00  0.0000
 -4.400E+02 -6.853E+02  0.000E+00  0.0000
 -4.000E+02 -6.853E+02  0.000E+00  0.0000
 -3.600E+02 -6.853E+02  0.000E+00  0.0000
 -3.200E+02 -6.853E+02  0.000E+00  0.0000
 -2.800E+02 -6.853E+02  0.000E+00  0.0000
 -2.400E+02 -6.853E+02  0.000E+00  0.0000
 -2.000E+02 -6.853E+02  0.000E+00  0.0000
 -1.600E+02 -6.853E+02  0.000E+00  0.0000
 -1.200E+02 -6.853E+02  0.000E+00  0.0000
 -8.000E+01 -6.853E+02  0.000E+00  0.0000
 -4.000E+01 -6.853E+02  0.000E+00  0.0000
  0.000E+00 -6.853E+02  0.000E+00  0.0000
  4.000E+01 -6.853E+02  0.000E+00  0.0000
  8.000E+01 -6.853E+02  0.000E+00  0.0000
  1.200E+02 -6.853E+02  0.000E+00  0.0000
  1.600E+02 -6.853E+02  0.000E+00  0.0000
  2.000E+02 -6.853E+02  0.000E+00  0.0000
  2.400E+02 -6.853E+02  0.000E+00  0.0000
  2.800E+02 -6.853E+02  0.000E+00  0.0000
  3.200E+02 -6.853E+02  0.000E+00  0.0000
  3.600E+02 -6.853E+02  0.000E+00  0.0000
  4.000E+02 -6.853E+02  0.000E+00  0.0000
  4.400E+02 -6.853E+02  0.000E+00  0.0000
  4.800E+02 -6.853E+02  0.000E+00  0.0000
  5.200E+02 -6.853E+02  0.000E+00  0.0000
  5.600E+02 -6.853E+02  0.000E+00  0.0000
  6.000E+02 -6.853E+02  0.000E+00  0.0000
  6.400E+02 -6.853E+02  0.000E+00  0.0000
  6.800E+02 -6.853E+02  0.000E+00  0.0000
 -6.800E+02 -6.460E+02  0.000E+00  0.0000
 -6.400E+02 -6.460E+02  0.000E+00  0.0000
 -6.000E+02 -6.460E+02  0.000E+00  0.0000
 -5.600E+02 -6.460E+02  0.000E+00  0.0000
 -5.200E+02 -6.460E+02  0.000E+00  0.0000
 -4.800E+02 -6.460E+02  0.000E+00  0.0000
 -4.400E+02 -6.460E+02  0.000E+00  0.0000
 -4.000E+02 -6.460E+02  0.000E+00  0.0000
 -3.600E+02 -6.460E+02  0.000E+00  0.0000
 -3.200E+02 -6.460E+02  0.000E+00  0.0000
 -2.800E+02 -6.460E+02  0.000E+00  0.0000
 -2.400E+02 -6.460E+02  0.000E+00  0.0000
 -2.000E+02 -6.460E+02  0.000E+00  0.0000
 -1.600E+02 -6.460E+02  0.000E+00  0.0000
 -1.200E+02 -6.460E+02  0.000E+00  0.0000
 -8.000E+01 -6.460E+02  0.000E+00  0.0000
 -4.000E+01 -6.460E+02  0.000E+00  0.0000
  0.000E+00 -6.460E+02  0.000E+00  0.0000
  4.000E+01 -6.460E+02  0.000E+00  0.0000
  8.000E+01 -6.460E+02  0.000E+00  0.0000
  1.200E+02 -6.460E+02  0.000E+00  0.0000
  1.600E+02 -6.460E+02  0.000E+00  0.0000
  2.000E+02 -6.460E+02  0.000E+00  0.0000
  2.400E+02 -6.460E+02  0.000E+00  0.0000
  2.800E+02 -6.460E+02  0.000E+00  0.0000
  3.200E+02 -6.460E+02  0.000E+00  0.0000
  3.600E+02 -6.460E+02  0.000E+00  0.0000
  4.000E+02 -6.460E+02  0.000E+00  0.0000
  4.400E+02 -6.460E+02  0.000E+00  0.0000
  4.800E+02 -6.460E+02  0.000E+00  0.0000
  5.200E+02 -6.460E+02  0.000E+00  0.0000
  5.600E+02 -6.460E+02  0.000E+00  0.0000
  6.000E+02 -6.460E+02  0.000E+00  0.0000
  6.400E+02 -6.460E+02  0.000E+00  0.0000
  6.800E+02 -6.460E+02  0.000E+00  0.0000
 -6.800E+02 -6.066E+02  0.000E+00  0.0000
 -6.400E+02 -6.066E+02  0.000E+00  0.0000
 -6.000E+02 -6.066E+02  0.000E+00  0.0000
 -5.600E+02 -6.066E+02  0.000E+00  0.0000
 -5.200E+02 -6.066E+02  0.000E+00  0.0000
 -4.800E+02 -6.066E+02  0.000E+00  0.0000
 -4.400E+02 -6.066E+02  0.000E+00  0.0000
 -4.000E+02 -6.066E+02  0.000E+00  0.0000
 -3.600E+02 -6.066E+02  0.000E+00  0.0000
 -3.200E+02 -6.066E+02  0.000E+00  0.0000
 -2.800E+02 -6.066E+02  0.000E+00  0.0000
 -2.400E+02 -6.066E+02  0.000E+00  0.0000
 -2.000E+02 -6.066E+02  0.000E+00  0.0000
 -1.600E+02 -6.066E+02  0.000E+00  0.0000
 -1.200E+02 -6.066E+02  0.000E+00  0.0000
 -8.000E+01 -6.066E+02  0.000E+00  0.0000
 -4.000E+01 -6.066E+02  0.000E+00  0.0000
  0.000E+00 -6.066E+02  0.000E+00  0.0000
  4.000E+01 -6.066E+02  0.000E+00  0.0000
  8.000E+01 -6.066E+02  0.000E+00  0.0000
  1.200E+02 -6.066E+02  0.000E+00  0.0000
  1.600E+02 -6.066E+02  0.000E+00  0.0000
  2.000E+02 -6.066E+02  0.000E+00  0.0000
  2.400E+02 -6.066E+02  0.000E+00  0.0000
  2.800E+02 -6.066E+02  0.000E+00  0.0000
  3.200E+02 -6.066E+02  0.000E+00  0.0000
  3.600E+02 -6.066E+02  0.000E+00  0.0000
  4.000E+02 -6.066E+02  0.000E+00  0.0000
  4.400E+02 -6.066E+02  0.000E+00  0.0000
  4.800E+02 -6.066E+02  0.000E+00  0.0000
  5.200E+02 -6.066E+02  0.000E+00  0.0000
  5.600E+02 -6.066E+02  0.000E+00  0.0000
  6.000E+02 -6.066E+02  0.000E+00  0.0000
  6.400E+02 -6.066E+02  0.000E+00  0.0000
  6.800E+02 -6.066E+02  0.000E+00  0.0000
 -6.800E+02 -5.673E+02  0.000E+00  0.0000
 -6.400E+02 -5.673E+02  0.000E+00  0.0000
 -6.000E+02 -5.673E+02  0.000E+00  0.0000
 -5.600E+02 -5.673E+02  0.000E+00  0.0000
 -5.200E+02 -5.673E+02  0.000E+00  0.0000
 -4.800E+02 -5.673E+02  0.000E+00  0.0000
 -4.400E+02 -5.673E+02  0.000E+00  0.0000
 -4.000E+02 -5.673E+02  0.000E+00  0.0000
 -3.600E+02 -5.673E+02  0.000E+00  0.0000
 -3.200E+02 -5.673E+02  0.000E+00  0.0000
 -2.800E+02 -5.673E+02  0.000E+00  0.0000
 -2.400E+02 -5.673E+02  0.000E+00  0.0000
 -2.000E+02 -5.673E+02  0.000E+00  0.0000
 -1.600E+02 -5.673E+02  0.000E+00  0.0000
 -1.200E+02 -5.673E+02  0.000E+00  0.0000
 -8.000E+01 -5.673E+02  0.000E+00  0.0000
 -4.000E+01 -5.673E+02  0.000E+00  0.0000
  0.000E+00 -5.673E+02  0.000E+00  0.0000
  4.000E+01 -5.673E+02  0.000E+00  0.0000
  8.000E+01 -5.673E+02  0.000E+00  0.0000
  1.200E+02 -5.673E+02  0.000E+00  0.0000
  1.600E+02 -5.673E+02  0.000E+00  0.0000
  2.000E+02 -5.673E+02  0.000E+00  0.0000
  2.400E+02 -5.673E+02  0.000E+00  0.0000
  2.800E+02 -5.673E+02  0.000E+00  0.0000
  3.200E+02 -5.673E+02  0.000E+00  0.0000
  3.600E+02 -5.673E+02  0.000E+00  0.0000
  4.000E+02 -5.673E+02  0.000E+00  0.0000
  4.400E+02 -5.673E+02  0.000E+00  0.0000
  4.800E+02 -5.673E+02  0.000E+00  0.0000
  5.200E+02 -5.673E+02  0.000E+00  0.0000
  5.600E+02 -5.673E+02  0.000E+00  0.0000
  6.000E+02 -5.673E+02  0.000E+00  0.0000
  6.400E+02 -5.673E+02  0.000E+00  0.0000
  6.800E+02 -5.673E+02  0.000E+00  0.0000
 -6.800E+02 -5.279E+02  0.000E+00  0.0000
 -6.400E+02 -5.279E+02  0.000E+00  0.0000
 -6.000E+02 -5.279E+02  0.000E+00  0.0000
 -5.600E+02 -5.279E+02  0.000E+00  0.0000
 -5.200E+02 -5.279E+02  0.000E+00  0.0000
 -4.800E+02 -5.279E+02  0.000E+00  0.0000
 -4.400E+02 -5.279E+02  0.000E+00  0.0000
 -4.000E+02 -5.279E+02  0.000E+00  0.0000
 -3.600E+02 -5.279E+02  0.000E+00  0.0000
 -3.200E+02 -5.279E+02  0.000E+00  0.0000
 -2.800E+02 -5.279E+02  0.000E+00  0.0000
 -2.400E+02 -5.279E+02  0.000E+00  0.0000
 -2.000E+02 -5.279E+02  0.000E+00  0.0000
 -1.600E+02 -5.279E+02  0.000E+00  0.0000
 -1.200E+02 -5.279E+02  0.000E+00  0.0000
 -8.000E+01 -5.279E+02  0.000E+00  0.0000
 -4.000E+01 -5.279E+02  0.000E+00  0.0000
  0.000E+00 -5.279E+02  0.000E+00  0.0000
  4.000E+01 -5.279E+02  0.000E+00  0.0000
  8.000E+01 -5.279E+02  0.000E+00  0.0000
  1.200E+02 -5.279E+02  0.000E+00  0.0000
  1.600E+02 -5.279E+02  0.000E+00  0.0000
  2.000E+02 -5.279E+02  0.000E+00  0.0000
  2.400E+02 -5.279E+02  0.000E+00  0.0000
  2.800E+02 -5.279E+02  0.000E+00  0.0000
  3.200E+02 -5.279E+02  0.000E+00  0.0000
  3.600E+02 -5.279E+02  0.000E+00  0.0000
  4.000E+02 -5.279E+02  0.000E+00  0.0000
  4.400E+02 -5.279E+02  0.000E+00  0.0000
  4.800E+02 -5.279E+02  0.000E+00  0.0000
  5.200E+02 -5.279E+02  0.000E+00  0.0000
  5.600E+02 -5.279E+02  0.000E+00  0.0000
  6.000E+02 -5.279E+02  0.000E+00  0.0000
  6.400E+02 -5.279E+02  0.000E+00  0.0000
  6.800E+02 -5.279E+02  0.000E+00  0.0000
 -6.800E+02 -4.886E+02  0.000E+00  0.0000
 -6.400E+02 -4.886E+02  0.000E+00  0.0000
 -6.000E+02 -4.886E+02  0.000E+00  0.0000
 -5.600E+02 -4.886E+02  0.000E+00  0.0000
 -5.200E+02 -4.886E+02  0.000E+00  0.0000
 -4.800E+02 -4.886E+02  0.000E+00  0.0000
 -4.400E+02 -4.886E+02  0.000E+00  0.0000
 -4.000E+02 -4.886E+02  0.000E+00  0.0000
 -3.600E+02 -4.886E+02  0.000E+00  0.0000
 -3.200E+02 -4.886E+02  0.000E+00  0.0000
 -2.800E+02 -4.886E+02  0.000E+00  0.0000
 -2.400E+02 -4.886E+02  0.000E+00  0.0000
 -2.000E+02 -4.886E+02  0.000E+00  0.0000
 -1.600E+02 -4.886E+02  0.000E+00  0.0000
 -1.200E+02 -4.886E+02  0.000E+00  0.0000
 -8.000E+01 -4.886E+02  0.000E+00  0.0000
 -4.000E+01 -4.886E+02  0.000E+00  0.0000
  0.000E+00 -4.886E+02  0.000E+00  0.0000
  4.000E+01 -4.886E+02  0.000E+00  0.0000
  8.000E+01 -4.886E+02  0.000E+00  0.0000
  1.200E+02 -4.886E+02  0.000E+00  0.0000
  1.600E+02 -4.886E+02  0.000E+00  0.0000
  2.000E+02 -4.886E+02  0.000E+00  0.0000
  2.400E+02 -4.886E+02  0.000E+00  0.0000
  2.800E+02 -4.886E+02  0.000E+00  0.0000
  3.200E+02 -4.886E+02  0.000E+00  0.0000
  3.600E+02 -4.886E+02  0.000E+00  0.0000
  4.000E+02 -4.886E+02  0.000E+00  0.0000
  4.400E+02 -4.886E+02  0.000E+00  0.0000
  4.800E+02 -4.886E+02  0.000E+00  0.0000
  5.200E+02 -4.886E+02  0.000E+00  0.0000
  5.600E+02 -4.886E+02  0.000E+00  0.0000
  6.000E+02 -4.886E+02  0.000E+00  0.0000
  6.400E+02 -4.886E+02  0.000E+00  0.0000
  6.800E+02 -4.886E+02  0.000E+00  0.0000
 -6.800E+02 -4.492E+02  0.000E+00  0.0000
 -6.400E+02 -4.492E+02  0.000E+00  0.0000
 -6.000E+02 -4.492E+02  0.000E+00  0.0000
 -5.600E+02 -4.492E+02  0.000E+00  0.0000
 -5.200E+02 -4.492E+02  0.000E+00  0.0000
 -4.800E+02 -4.492E+02  0.000E+00  0.0000
 -4.400E+02 -4.492E+02  0.000E+00  0.0000
 -4.000E+02 -4.492E+02  0.000E+00  0.0000
 -3.600E+02 -4.492E+02  0.000E+00  0.0000
 -3.200E+02 -4.492E+02  0.000E+00  0.0000
 -2.800E+02 -4.492E+02  0.000E+00  0.0000
 -2.400E+02 -4.492E+02  0.000E+00  0.0000
 -2.000E+02 -4.492E+02  0.000E+00  0.0000
 -1.600E+02 -4.492E+02  0.000E+00  0.0000
 -1.200E+02 -4.492E+02  0.000E+00  0.0000
 -8.000E+01 -4.492E+02  0.000E+00  0.0000
 -4.000E+01 -4.492E+02  0.000E+00  0.0000
  0.000E+00 -4.492E+02  0.000E+00  0.0000
  4.000E+01 -4.492E+02  0.000E+00  0.0000
  8.000E+01 -4.492E+02  0.000E+00  0.0000
  1.200E+02 -4.492E+02  0.000E+00  0.0000
  1.600E+02 -4.492E+02  0.000E+00  0.0000
  2.000E+02 -4.492E+02  0.000E+00  0.0000
  2.400E+02 -4.492E+02  0.000E+00  0.0000
  2.800E+02 -4.492E+02  0.000E+00  0.0000
  3.200E+02 -4.492E+02  0.000E+00  0.0000
  3.600E+02 -4.492E+02  0.000E+00  0.0000
  4.000E+02 -4.492E+02  0.000E+00  0.0000
  4.400E+02 -4.492E+02  0.000E+00  0.0000
  4.800E+02 -4.492E+02  0.000E+00  0.0000
  5.200E+02 -4.492E+02  0.000E+00  0.0000
  5.600E+02 -4.492E+02  0.000E+00  0.0000
  6.000E+02 -4.492E+02  0.000E+00  0.0000
  6.400E+02 -4.492E+02  0.000E+00  0.0000
  6.800E+02 -4.492E+02  0.000E+00  0.0000
 -6.800E+02 -4.099E+02  0.000E+00  0.0000
 -6.400E+02 -4.099E+02  0.000E+00  0.0000
 -6.000E+02 -4.099E+02  0.000E+00  0.0000
 -5.600E+02 -4.099E+02  0.000E+00  0.0000
 -5.200E+02 -4.099E+02  0.000E+00  0.0000
 -4.800E+02 -4.099E+02  0.000E+00  0.0000
 -4.400E+02 -4.099E+02  0.000E+00  0.0000
 -4.000E+02 -4.099E+02  0.000E+00  0.0000
 -3.600E+02 -4.099E+02  0.000E+00  0.0000
 -3.200E+02 -4.099E+02  0.000E+00  0.0000
 -2.800E+02 -4.099E+02  0.000E+00  0.0000
 -2.400E+02 -4.099E+02  0.000E+00  0.0000
 -2.000E+02 -4.099E+02  0.000E+00  0.0000
 -1.600E+02 -4.099E+02  0.000E+00  0.0000
 -1.200E+02 -4.099E+02  0.000E+00  0.0000
 -8.000E+01 -4.099E+02  0.000E+00  0.0000
 -4.000E+01 -4.099E+02  0.000E+00  0.0000
  0.000E+00 -4.099E+02  0.000E+00  0.0000
  4.000E+01 -4.099E+02  0.000E+00  0.0000
  8.000E+01 -4.099E+02  0.000E+00  0.0000
  1.200E+02 -4.099E+02  0.000E+00  0.0000
  1.600E+02 -4.099E+02  0.000E+00  0.0000
  2.000E+02 -4.099E+02  0.000E+00  0.0000
  2.400E+02 -4.099E+02  0.000E+00  0.0000
  2.800E+02 -4.099E+02  0.000E+00  0.0000
  3.200E+02 -4.099E+02  0.000E+00  0.0000
  3.600E+02 -4.099E+02  0.000E+00  0.0000
  4.000E+02 -4.099E+02  0.000E+00  0.0000
  4.400E+02 -4.099E+02  0.000E+00  0.0000
  4.800E+02 -4.099E+02  0.000E+00  0.0000
  5.200E+02 -4.099E+02  0.000E+00  0.0000
  5.600E+02 -4.099E+02  0.000E+00  0.0000
  6.000E+02 -4.099E+02  0.000E+00  0.0000
  6.400E+02 -4.099E+02  0.000E+00  0.0000
  6.800E+02 -4.099E+02  0.000E+00  0.0000
 -6.800E+02 -3.705E+02  0.000E+00  0.0000
 -6.400E+02 -3.705E+02  0.000E+00  0.0000
 -6.000E+02 -3.705E+02  0.000E+00  0.0000
 -5.600E+02 -3.705E+02  0.000E+00  0.0000
 -5.200E+02 -3.705E+02  0.000E+00  0.0000
 -4.800E+02 -3.705E+02  0.000E+00  0.0000
 -4.400E+02 -3.705E+02  0.000E+00  0.0000
 -4.000E+02 -3.705E+02  0.000E+00  0.0000
 -3.600E+02 -3.705E+02  0.000E+00  0.0000
 -3.200E+02 -3.705E+02  0.000E+00  0.0000
 -2.800E+02 -3.705E+02  0.000E+00  0.0000
 -2.400E+02 -3.705E+02  0.000E+00  0.0000
 -2.000E+02 -3.705E+02  0.000E+00  0.0000
 -1.600E+02 -3.705E+02  0.000E+00  0.0000
 -1.200E+02 -3.705E+02  0.000E+00  0.0000
 -8.000E+01 -3.705E+02  0.000E+00  0.0000
 -4.000E+01 -3.705E+02  0.000E+00  0.0000
  0.000E+00 -3.705E+02  0.000E+00  0.0000
  4.000E+01 -3.705E+02  0.000E+00  0.0000
  8.000E+01 -3.705E+02  0.000E+00  0.0000
  1.200E+02 -3.705E+02  0.000E+00  0.0000
  1.600E+02 -3.705E+02  0.000E+00  0.0000
  2.000E+02 -3.705E+02  0.000E+00  0.0000
  2.400E+02 -3.705E+02  0.000E+00  0.0000
  2.800E+02 -3.705E+02  0.000E+00  0.0000
  3.200E+02 -3.705E+02  0.000E+00  0.0000
  3.600E+02 -3.705E+02  0.000E+00  0.0000
  4.000E+02 -3.705E+02  0.000E+00  0.0000
  4.400E+02 -3.705E+02  0.000E+00  0.0000
  4.800E+02 -3.705E+02  0.000E+00  0.0000
  5.200E+02 -3.705E+02  0.000E+00  0.0000
  5.600E+02 -3.705E+02  0.000E+00  0.0000
  6.000E+02 -3.705E+02  0.000E+00  0.0000
  6.400E+02 -3.705E+02  0.000E+00  0.0000
  6.800E+02 -3.705E+02  0.000E+00  0.0000
 -6.800E+02 -3.312E+02  0.000E+00  0.0000
 -6.400E+02 -3.312E+02  0.000E+00  0.0000
 -6.000E+02 -3.312E+02  0.000E+00  0.0000
 -5.600E+02 -3.312E+02  0.000E+00  0.0000
 -5.200E+02 -3.312E+02  0.000E+00  0.0000
 -4.800E+02 -3.312E+02  0.000E+00  0.0000
 -4.400E+02 -3.312E+02  0.000E+00  0.0000
 -4.000E+02 -3.312E+02  0.000E+00  0.0000
 -3.600E+02 -3.312E+02  0.000E+00  0.0000
 -3.200E+02 -3.312E+02  0.000E+00  0.0000
 -2.800E+02 -3.312E+02  0.000E+00  0.0000
 -2.400E+02 -3.312E+02  0.000E+00  0.0000
 -2.000E+02 -3.312E+02  0.000E+00  0.0000
 -1.600E+02 -3.312E+02  0.000E+00  0.0000
 -1.200E+02 -3.312E+02  0.000E+00  0.0000
 -8.000E+01 -3.312E+02  0.000E+00  0.0000
 -4.000E+01 -3.312E+02  0.000E+00  0.0000
  0.000E+00 -3.312E+02  0.000E+00  0.0000
  4.000E+01 -3.312E+02  0.000E+00  0.0000
  8.000E+01 -3.312E+02  0.000E+00  0.0000
  1.200E+02 -3.312E+02  0.000E+00  0.0000
  1.600E+02 -3.312E+02  0.000E+00  0.0000
  2.000E+02 -3.312E+02  0.000E+00  0.0000
  2.400E+02 -3.312E+02  0.000E+00  0.0000
  2.800E+02 -3.312E+02  0.000E+00  0.0000
  3.200E+02 -3.312E+02  0.000E+00  0.0000
  3.600E+02 -3.312E+02  0.000E+00  0.0000
  4.000E+02 -3.312E+02  0.000E+00  0.0000
  4.400E+02 -3.312E+02  0.000E+00  0.0000
  4.800E+02 -3.312E+02  0.000E+00  0.0000
  5.200E+02 -3.312E+02  0.000E+00  0.0000
  5.600E+02 -3.312E+02  0.000E+00  0.0000
  6.000E+02 -3.312E+02  0.000E+00  0.0000
  6.400E+02 -3.312E+02  0.000E+00  0.0000
  6.800E+02 -3.312E+02  0.000E+00  0.0000
 -6.800E+02 -2.918E+02  0.000E+00  0.0000
 -6.400E+02 -2.918E+02  0.000E+00  0.0000
 -6.000E+02 -2.918E+02  0.000E+00  0.0000
 -5.600E+02 -2.918E+02  0.000E+00  0.0000
 -5.200E+02 -2.918E+02  0.000E+00  0.0000
 -4.800E+02 -2.918E+02  0.000E+00  0.0000
 -4.400E+02 -2.918E+02  0.000E+00  0.0000
 -4.000E+02 -2.918E+02  0.000E+00  0.0000
 -3.600E+02 -2.918E+02  0.000E+00  0.0000
 -3.200E+02 -2.918E+02  0.000E+00  0.0000
 -2.800E+02 -2.918E+02  0.000E+00  0.0000
 -2.400E+02 -2.918E+02  0.000E+00  0.0000
 -2.000E+02 -2.918E+02  0.000E+00  0.0000
 -1.600E+02 -2.918E+02  0.000E+00  0.0000
 -1.200E+02 -2.918E+02  0.000E+00  0.0000
 -8.000E+01 -2.918E+02  0.000E+00  0.0000
 -4.000E+01 -2.918E+02  0.000E+00  0.0000
  0.000E+00 -2.918E+02  0.000E+00  0.0000
  4.000E+01 -2.918E+02  0.000E+00  0.0000
  8.000E+01 -2.918E+02  0.000E+00  0.0000
  1.200E+02 -2.918E+02  0.000E+00  0.0000
  1.600E+02 -2.918E+02  0.000E+00  0.0000
  2.000E+02 -2.918E+02  0.000E+00  0.0000
  2.400E+02 -2.918E+02  0.000E+00  0.0000
  2.800E+02 -2.918E+02  0.000E+00  0.0000
  3.200E+02 -2.918E+02  0.000E+00  0.0000
  3.600E+02 -2.918E+02  0.000E+00  0.0000
  4.000E+02 -2.918E+02  0.000E+00  0.0000
  4.400E+02 -2.918E+02  0.000E+00  0.0000
  4.800E+02 -2.918E+02  0.000E+00  0.0000
  5.200E+02 -2.918E+02  0.000E+00  0.0000
  5.600E+02 -2.918E+02  0.000E+00  0.0000
  6.000E+02 -2.918E+02  0.000E+00  0.0000
  6.400E+02 -2.918E+02  0.000E+00  0.0000
  6.800E+02 -2.918E+02  0.000E+00  0.0000
 -6.800E+02 -2.525E+02  0.000E+00  0.0000
 -6.400E+02 -2.525E+02  0.000E+00  0.0000
 -6.000E+02 -2.525E+02  0.000E+00  0.0000
 -5.600E+02 -2.525E+02  0.000E+00  0.0000
 -5.200E+02 -2.525E+02  0.000E+00  0.0000
 -4.800E+02 -2.525E+02  0.000E+00  0.0000
 -4.400E+02 -2.525E+02  0.000E+00  0.0000
 -4.000E+02 -2.525E+02  0.000E+00  0.0000
 -3.600E+02 -2.525E+02  0.000E+00  0.0000
 -3.200E+02 -2.525E+02  0.000E+00  0.0000
 -2.800E+02 -2.525E+02  0.000E+00  0.0000
 -2.400E+02 -2.525E+02  0.000E+00  0.0000
 -2.000E+02 -2.525E+02  0.000E+00  0.0000
 -1.600E+02 -2.525E+02  0.000E+00  0.0000
 -1.200E+02 -2.525E+02  0.000E+00  0.0000
 -8.000E+01 -2.525E+02  0.000E+00  0.0000
 -4.000E+01 -2.525E+02  0.000E+00  0.0000
  0.000E+00 -2.525E+02  0.000E+00  0.0000
  4.000E+01 -2.525E+02  0.000E+00  0.0000
  8.000E+01 -2.525E+02  0.000E+00  0.0000
  1.200E+02 -2.525E+02  0.000E+00  0.0000
  1.600E+02 -2.525E+02  0.000E+00  0.0000
  2.000E+02 -2.525E+02  0.000E+00  0.0000
  2.400E+02 -2.525E+02  0.000E+00  0.0000
  2.800E+02 -2.525E+02  0.000E+00  0.0000
  3.200E+02 -2.525E+02  0.000E+00  0.0000
  3.600E+02 -2.525E+02  0.000E+00  0.0000
  4.000E+02 -2.525E+02  0.000E+00  0.0000
  4.400E+02 -2.525E+02  0.000E+00  0.0000
  4.800E+02 -2.525E+02  0.000E+00  0.0000
  5.200E+02 -2.525E+02  0.000E+00  0.0000
  5.600E+02 -2.525E+02  0.000E+00  0.0000
  6.000E+02 -2.525E+02  0.000E+00  0.0000
  6.400E+02 -2.525E+02  0.000E+00  0.0000
  6.800E+02 -2.525E+02  0.000E+00  0.0000
 -6.800E+02 -2.132E+02  0.000E+00  0.0000
 -6.400E+02 -2.132E+02  0.000E+00  0.0000
 -6.000E+02 -2.132E+02  0.000E+00  0.0000
 -5.600E+02 -2.132E+02  0.000E+00  0.0000
 -5.200E+02 -2.132E+02  0.000E+00  0.0000
 -4.800E+02 -2.132E+02  0.000E+00  0.0000
 -4.400E+02 -2.132E+02  0.000E+00  0.0000
 -4.000E+02 -2.132E+02  0.000E+00  0.0000
 -3.600E+02 -2.132E+02  0.000E+00  0.0000
 -3.200E+02 -2.132E+02  0.000E+00  0.0000
 -2.800E+02 -2.132E+02  0.000E+00  0.0000
 -2.400E+02 -2.132E+02  0.000E+00  0.0000
 -2.000E+02 -2.132E+02  0.000E+00  0.0000
 -1.600E+02 -2.132E+02  0.000E+00  0.0000
 -1.200E+02 -2.132E+02  0.000E+00  0.0000
 -8.000E+01 -2.132E+02  0.000E+00  0.0000
 -4.000E+01 -2.132E+02  0.000E+00  0.0000
  0.000E+00 -2.132E+02  0.000E+00  0.0000
  4.000E+01 -2.132E+02  0.000E+00  0.0000
  8.000E+01 -2.132E+02  0.000E+00  0.0000
  1.200E+02 -2.132E+02  0.000E+00  0.0000
  1.600E+02 -2.132E+02  0.000E+00  0.0000
  2.000E+02 -2.132E+02  0.000E+00  0.0000
  2.400E+02 -2.132E+02  0.000E+00  0.0000
  2.800E+02 -2.132E+02  0.000E+00  0.0000
  3.200E+02 -2.132E+02  0.000E+00  0.0000
  3.600E+02 -2.132E+02  0.000E+00  0.0000
  4.000E+02 -2.132E+02  0.000E+00  0.0000
  4.400E+02 -2.132E+02  0.000E+00  0.0000
  4.800E+02 -2.132E+02  0.000E+00  0.0000
  5.200E+02 -2.132E+02  0.000E+00  0.0000
  5.600E+02 -2.132E+02  0.000E+00  0.0000
  6.000E+02 -2.132E+02  0.000E+00  0.0000
  6.400E+02 -2.132E+02  0.000E+00  0.0000
  6.800E+02 -2.132E+02  0.000E+00  0.0000
 -6.800E+02 -1.738E+02  0.000E+00  0.0000
 -6.400E+02 -1.738E+02  0.000E+00  0.0000
 -6.000E+02 -1.738E+02  0.000E+00  0.0000
 -5.600E+02 -1.738E+02  0.000E+00  0.0000
 -5.200E+02 -1.738E+02  0.000E+00  0.0000
 -4.800E+02 -1.738E+02  0.000E+00  0.0000
 -4.400E+02 -1.738E+02  0.000E+00  0.0000
 -4.000E+02 -1.738E+02  0.000E+00  0.0000
 -3.600E+02 -1.738E+02  0.000E+00  0.0000
 -3.200E+02 -1.738E+02  0.000E+00  0.0000
 -2.800E+02 -1.738E+02  0.000E+00  0.0000
 -2.400E+02 -1.738E+02  0.000E+00  0.0000
 -2.000E+02 -1.738E+02  0.000E+00  0.0000
 -1.600E+02 -1.738E+02  0.000E+00  0.0000
 -1.200E+02 -1.738E+02  0.000E+00  0.0000
 -8.000E+01 -1.738E+02  0.000E+00  0.0000
 -4.000E+01 -1.738E+02  0.000E+00  0.0000
  0.000E+00 -1.738E+02  0.000E+00  0.0000
  4.000E+01 -1.738E+02  0.000E+00  0.0000
  8.000E+01 -1.738E+02  0.000E+00  0.0000
  1.200E+02 -1.738E+02  0.000E+00  0.0000
  1.600E+02 -1.738E+02  0.000E+00  0.0000
  2.000E+02 -1.738E+02  0.000E+00  0.0000
  2.400E+02 -1.738E+02  0.000E+00  0.0000
  2.800E+02 -1.738E+02  0.000E+00  0.0000
  3.200E+02 -1.738E+02  0.000E+00  0.0000
  3.600E+02 -1.738E+02  0.000E+00  0.0000
  4.000E+02 -1.738E+02  0.000E+00  0.0000
  4.400E+02 -1.738E+02  0.000E+00  0.0000
  4.800E+02 -1.738E+02  0.000E+00  0.0000
  5.200E+02 -1.738E+02  0.000E+00  0.0000
  5.600E+02 -1.738E+02  0.000E+00  0.0000
  6.000E+02 -1.738E+02  0.000E+00  0.0000
  6.400E+02 -1.738E+02  0.000E+00  0.0000
  6.800E+02 -1.738E+02  0.000E+00  0.0000
 -6.800E+02 -1.345E+02  0.000E+00  0.0000
 -6.400E+02 -1.345E+02  0.000E+00  0.0000
 -6.000E+02 -1.345E+02  0.000E+00  0.0000
 -5.600E+02 -1.345E+02  0.000E+00  0.0000
 -5.200E+02 -1.345E+02  0.000E+00  0.0000
 -4.800E+02 -1.345E+02  0.000E+00  0.0000
 -4.400E+02 -1.345E+02  0.000E+00  0.0000
 -4.000E+02 -1.345E+02  0.000E+00  0.0000
 -3.600E+02 -1.345E+02  0.000E+00  0.0000
 -3.200E+02 -1.345E+02  0.000E+00  0.0000
 -2.800E+02 -1.345E+02  0.000E+00  0.0000
 -2.400E+02 -1.345E+02  0.000E+00  0.0000
 -2.000E+02 -1.345E+02  0.000E+00  0.0000
 -1.600E+02 -1.345E+02  0.000E+00  0.0000
 -1.200E+02 -1.345E+02  0.000E+00  0.0000
 -8.000E+01 -1.345E+02  0.000E+00  0.0000
 -4.000E+01 -1.345E+02  0.000E+00  0.0000
  0.000E+00 -1.345E+02  0.000E+00  0.0000
  4.000E+01 -1.345E+02  0.000E+00  0.0000
  8.000E+01 -1.345E+02  0.000E+00  0.0000
  1.200E+02 -1.345E+02  0.000E+00  0.0000
  1.600E+02 -1.345E+02  0.000E+00  0.0000
  2.000E+02 -1.345E+02  0.000E+00  0.0000
  2.400E+02 -1.345E+02  0.000E+00  0.0000
  2.800E+02 -1.345E+02  0.000E+00  0.0000
  3.200E+02 -1.345E+02  0.000E+00  0.0000
  3.600E+02 -1.345E+02  0.000E+00  0.0000
  4.000E+02 -1.345E+02  0.000E+00  0.0000
  4.400E+02 -1.345E+02  0.000E+00  0.0000
  4.800E+02 -1.345E+02  0.000E+00  0.0000
  5.200E+02 -1.345E+02  0.000E+00  0.0000
  5.600E+02 -1.345E+02  0.000E+00  0.0000
  6.000E+02 -1.345E+02  0.000E+00  0.0000
  6.400E+02 -1.345E+02  0.000E+00  0.0000
  6.800E+02 -1.345E+02  0.000E+00  0.0000
 -6.800E+02 -9.511E+01  0.000E+00  0.0000
 -6.400E+02 -9.511E+01  0.000E+00  0.0000
 -6.000E+02 -9.511E+01  0.000E+00  0.0000
 -5.600E+02 -9.511E+01  0.000E+00  0.0000
 -5.200E+02 -9.511E+01  0.000E+00  0.0000
 -4.800E+02 -9.511E+01  0.000E+00  0.0000
 -4.400E+02 -9.511E+01  0.000E+00  0.0000
 -4.000E+02 -9.511E+01  0.000E+00  0.0000
 -3.600E+02 -9.511E+01  0.000E+00  0.0000
 -3.200E+02 -9.511E+01  0.000E+00  0.0000
 -2.800E+02 -9.511E+01  0.000E+00  0.0000
 -2.400E+02 -9.511E+01  0.000E+00  0.0000
 -2.000E+02 -9.511E+01  0.000E+00  0.0000
 -1.600E+02 -9.511E+01  0.000E+00  0.0000
 -1.200E+02 -9.511E+01  0.000E+00  0.0000
 -8.000E+01 -9.511E+01  0.000E+00  0.0000
 -4.000E+01 -9.511E+01  0.000E+00  0.0000
  0.000E+00 -9.511E+01  0.000E+00  0.0000
  4.000E+01 -9.511E+01  0.000E+00  0.0000
  8.000E+01 -9.511E+01  0.000E+00  0.0000
  1.200E+02 -9.511E+01  0.000E+00  0.0000
  1.600E+02 -9.511E+01  0.000E+00  0.0000
  2.000E+02 -9.511E+01  0.000E+00  0.0000
  2.400E+02 -9.511E+01  0.000E+00  0.0000
  2.800E+02 -9.511E+01  0.000E+00  0.0000
  3.200E+02 -9.511E+01  0.000E+00  0.0000
  3.600E+02 -9.511E+01  0.000E+00  0.0000
  4.000E+02 -9.511E+01  0.000E+00  0.0000
  4.400E+02 -9.511E+01  0.000E+00  0.0000
  4.800E+02 -9.511E+01  0.000E+00  0.0000
  5.200E+02 -9.511E+01  0.000E+00  0.0000
  5.600E+02 -9.511E+01  0.000E+00  0.0000
  6.000E+02 -9.511E+01  0.000E+00  0.0000
  6.400E+02 -9.511E+01  0.000E+00  0.0000
  6.800E+02 -9.511E+01  0.000E+00  0.0000
 -6.800E+02 -5.576E+01  0.000E+00  0.0000
 -6.400E+02 -5.576E+01  0.000E+00  0.0000
 -6.000E+02 -5.576E+01  0.000E+00  0.0000
 -5.600E+02 -5.576E+01  0.000E+00  0.0000
 -5.200E+02 -5.576E+01  0.000E+00  0.0000
 -4.800E+02 -5.576E+01  0.000E+00  0.0000
 -4.400E+02 -5.576E+01  0.000E+00  0.0000
 -4.000E+02 -5.576E+01  0.000E+00  0.0000
 -3.600E+02 -5.576E+01  0.000E+00  0.0000
 -3.200E+02 -5.576E+01  0.000E+00  0.0000
 -2.800E+02 -5.576E+01  0.000E+00  0.0000
 -2.400E+02 -5.576E+01  0.000E+00  0.0000
 -2.000E+02 -5.576E+01  0.000E+00  0.0000
 -1.600E+02 -5.576E+01  0.000E+00  0.0000
 -1.200E+02 -5.576E+01  0.000E+00  0.0000
 -8.000E+01 -5.576E+01  0.000E+00  0.0000
 -4.000E+01 -5.576E+01  0.000E+00  0.0000
  0.000E+00 -5.576E+01  0.000E+00  0.0000
  4.000E+01 -5.576E+01  0.000E+00  0.0000
  8.000E+01 -5.576E+01  0.000E+00  0.0000
  1.200E+02 -5.576E+01  0.000E+00  0.0000
  1.600E+02 -5.576E+01  0.000E+00  0.0000
  2.000E+02 -5.576E+01  0.000E+00  0.0000
  2.400E+02 -5.576E+01  0.000E+00  0.0000
  2.800E+02 -5.576E+01  0.000E+00  0.0000
  3.200E+02 -5.576E+01  0.000E+00  0.0000
  3.600E+02 -5.576E+01  0.000E+00  0.0000
  4.000E+02 -5.576E+01  0.000E+00  0.0000
  4.400E+02 -5.576E+01  0.000E+00  0.0000
  4.800E+02 -5.576E+01  0.000E+00  0.0000
  5.200E+02 -5.576E+01  0.000E+00  0.0000
  5.600E+02 -5.576E+01  0.000E+00  0.0000
  6.000E+02 -5.576E+01  0.000E+00  0.0000
  6.400E+02 -5.576E+01  0.000E+00  0.0000
  6.800E+02 -5.576E+01  0.000E+00  0.0000
 -6.800E+02 -1.641E+01  0.000E+00  0.0000
 -6.400E+02 -1.641E+01  0.000E+00  0.0000
 -6.000E+02 -1.641E+01  0.000E+00  0.0000
 -5.600E+02 -1.641E+01  0.000E+00  0.0000
 -5.200E+02 -1.641E+01  0.000E+00  0.0000
 -4.800E+02 -1.641E+01  0.000E+00  0.0000
 -4.400E+02 -1.641E+01  0.000E+00  0.0000
 -4.000E+02 -1.641E+01  0.000E+00  0.0000
 -3.600E+02 -1.641E+01  0.000E+00  0.0000
 -3.200E+02 -1.641E+01  0.000E+00  0.0000
 -2.800E+02 -1.641E+01  0.000E+00  0.0000
 -2.400E+02 -1.641E+01  0.000E+00  0.0000
 -2.000E+02 -1.641E+01  0.000E+00  0.0000
 -1.600E+02 -1.641E+01  0.000E+00  0.0000
 -1.200E+02 -1.641E+01  0.000E+00  0.0000
 -8.000E+01 -1.641E+01  0.000E+00  0.0000
 -4.000E+01 -1.641E+01  0.000E+00  0.0000
  0.000E+00 -1.641E+01  0.000E+00  0.0000
  4.000E+01 -1.641E+01  0.000E+00  0.0000
  8.000E+01 -1.641E+01  0.000E+00  0.0000
  1.200E+02 -1.641E+01  0.000E+00  0.0000
  1.600E+02 -1.641E+01  0.000E+00  0.0000
  2.000E+02 -1.641E+01  0.000E+00  0.0000
  2.400E+02 -1.641E+01  0.000E+00  0.0000
  2.800E+02 -1.641E+01  0.000E+00  0.0000
  3.200E+02 -1.641E+01  0.000E+00  0.0000
  3.600E+02 -1.641E+01  0.000E+00  0.0000
  4.000E+02 -1.641E+01  0.000E+00  0.0000
  4.400E+02 -1.641E+01  0.000E+00  0.0000
  4.800E+02 -1.641E+01  0.000E+00  0.0000
  5.200E+02 -1.641E+01  0.000E+00  0.0000
  5.600E+02 -1.641E+01  0.000E+00  0.0000
  6.000E+02 -1.641E+01  0.000E+00  0.0000
  6.400E+02 -1.641E+01  0.000E+00  0.0000
  6.800E+02 -1.641E+01  0.000E+00  0.0000
 -6.800E+02  2.293E+01  0.000E+00  0.0000
 -6.400E+02  2.293E+01  0.000E+00  0.0000
 -6.000E+02  2.293E+01  0.000E+00  0.0000
 -5.600E+02  2.293E+01  0.000E+00  0.0000
 -5.200E+02  2.293E+01  0.000E+00  0.0000
 -4.800E+02  2.293E+01  0.000E+00  0.0000
 -4.400E+02  2.293E+01  0.000E+00  0.0000
 -4.000E+02  2.293E+01  0.000E+00  0.0000
 -3.600E+02  2.293E+01  0.000E+00  0.0000
 -3.200E+02  2.293E+01  0.000E+00  0.0000
 -2.800E+02  2.293E+01  0.000E+00  0.0000
 -2.400E+02  2.293E+01  0.000E+00  0.0000
 -2.000E+02  2.293E+01  0.000E+00  0.0000
 -1.600E+02  2.293E+01  0.000E+00  0.0000
 -1.200E+02  2.293E+01  0.000E+00  0.0000
 -8.000E+01  2.293E+01  0.000E+00  0.0000
 -4.000E+01  2.293E+01  0.000E+00  0.0000
  0.000E+00  2.293E+01  0.000E+00  0.0000
  4.000E+01  2.293E+01  0.000E+00  0.0000
  8.000E+01  2.293E+01  0.000E+00  0.0000
  1.200E+02  2.293E+01  0.000E+00  0.0000
  1.600E+02  2.293E+01  0.000E+00  0.0000
  2.000E+02  2.293E+01  0.000E+00  0.0000
  2.400E+02  2.293E+01  0.000E+00  0.0000
  2.800E+02  2.293E+01  0.000E+00  0.0000
  3.200E+02  2.293E+01  0.000E+00  0.0000
  3.600E+02  2.293E+01  0.000E+00  0.0000
  4.000E+02  2.293E+01  0.000E+00  0.0000
  4.400E+02  2.293E+01  0.000E+00  0.0000
  4.800E+02  2.293E+01  0.000E+00  0.0000
  5.200E+02  2.293E+01  0.000E+00  0.0000
  5.600E+02  2.293E+01  0.000E+00  0.0000
  6.000E+02  2.293E+01  0.000E+00  0.0000
  6.400E+02  2.293E+01  0.000E+00  0.0000
  6.800E+02  2.293E+01  0.000E+00  0.0000
 -6.800E+02  6.228E+01  0.000E+00  0.0000
 -6.400E+02  6.228E+01  0.000E+00  0.0000
 -6.000E+02  6.228E+01  0.000E+00  0.0000
 -5.600E+02  6.228E+01  0.000E+00  0.0000
 -5.200E+02  6.228E+01  0.000E+00  0.0000
 -4.800E+02  6.228E+01  0.000E+00  0.0000
 -4.400E+02  6.228E+01  0.000E+00  0.0000
 -4.000E+02  6.228E+01  0.000E+00  0.0000
 -3.600E+02  6.228E+01  0.000E+00  0.0000
 -3.200E+02  6.228E+01  0.000E+00  0.0000
 -2.800E+02  6.228E+01  0.000E+00  0.0000
 -2.400E+02  6.228E+01  0.000E+00  0.0000
 -2.000E+02  6.228E+01  0.000E+00  0.0000
 -1.600E+02  6.228E+01  0.000E+00  0.0000
 -1.200E+02  6.228E+01  0.000E+00  0.0000
 -8.000E+01  6.228E+01  0.000E+00  0.0000
 -4.000E+01  6.228E+01  0.000E+00  0.0000
  0.000E+00  6.228E+01  0.000E+00  0.0000
  4.000E+01  6.228E+01  0.000E+00  0.0000
  8.000E+01  6.228E+01  0.000E+00  0.0000
  1.200E+02  6.228E+01  0.000E+00  0.0000
  1.600E+02  6.228E+01  0.000E+00  0.0000
  2.000E+02  6.228E+01  0.000E+00  0.0000
  2.400E+02  6.228E+01  0.000E+00  0.0000
  2.800E+02  6.228E+01  0.000E+00  0.0000
  3.200E+02  6.228E+01  0.000E+00  0.0000
  3.600E+02  6.228E+01  0.000E+00  0.0000
  4.000E+02  6.228E+01  0.000E+00  0.0000
  4.400E+02  6.228E+01  0.000E+00  0.0000
  4.800E+02  6.228E+01  0.000E+00  0.0000
  5.200E+02  6.228E+01  0.000E+00  0.0000
  5.600E+02  6.228E+01  0.000E+00  0.0000
  6.000E+02  6.228E+01  0.000E+00  0.0000
  6.400E+02  6.228E+01  0.000E+00  0.0000
  6.800E+02  6.228E+01  0.000E+00  0.0000
 -6.800E+02  1.016E+02  0.000E+00  0.0000
 -6.400E+02  1.016E+02  0.000E+00  0.0000
 -6.000E+02  1.016E+02  0.000E+00  0.0000
 -5.600E+02  1.016E+02  0.000E+00  0.0000
 -5.200E+02  1.016E+02  0.000E+00  0.0000
 -4.800E+02  1.016E+02  0.000E+00  0.0000
 -4.400E+02  1.016E+02  0.000E+00  0.0000
 -4.000E+02  1.016E+02  0.000E+00  0.0000
 -3.600E+02  1.016E+02  0.000E+00  0.0000
 -3.200E+02  1.016E+02  0.000E+00  0.0000
 -2.800E+02  1.016E+02  0.000E+00  0.0000
 -2.400E+02  1.016E+02  0.000E+00  0.0000
 -2.000E+02  1.016E+02  0.000E+00  0.0000
 -1.600E+02  1.016E+02  0.000E+00  0.0000
 -1.200E+02  1.016E+02  0.000E+00  0.0000
 -8.000E+01  1.016E+02  0.000E+00  0.0000
 -4.000E+01  1.016E+02  0.000E+00  0.0000
  0.000E+00  1.016E+02  0.000E+00  0.0000
  4.000E+01  1.016E+02  0.000E+00  0.0000
  8.000E+01  1.016E+02  0.000E+00  0.0000
  1.200E+02  1.016E+02  0.000E+00  0.0000
  1.600E+02  1.016E+02  0.000E+00  0.0000
  2.000E+02  1.016E+02  0.000E+00  0.0000
  2.400E+02  1.016E+02  0.000E+00  0.0000
  2.800E+02  1.016E+02  0.000E+00  0.0000
  3.200E+02  1.016E+02  0.000E+00  0.0000
  3.600E+02  1.016E+02  0.000E+00  0.0000
  4.000E+02  1.016E+02  0.000E+00  0.0000
  4.400E+02  1.016E+02  0.000E+00  0.0000
  4.800E+02  1.016E+02  0.000E+00  0.0000
  5.200E+02  1.016E+02  0.000E+00  0.0000
  5.600E+02  1.016E+02  0.000E+00  0.0000
  6.000E+02  1.016E+02  0.000E+00  0.0000
  6.400E+02  1.016E+02  0.000E+00  0.0000
  6.800E+02  1.016E+02  0.000E+00  0.0000
 -6.800E+02  1.410E+02  0.000E+00  0.0000
 -6.400E+02  1.410E+02  0.000E+00  0.0000
 -6.000E+02  1.410E+02  0.000E+00  0.0000
 -5.600E+02  1.410E+02  0.000E+00  0.0000
 -5.200E+02  1.410E+02  0.000E+00  0.0000
 -4.800E+02  1.410E+02  0.000E+00  0.0000
 -4.400E+02  1.410E+02  0.000E+00  0.0000
 -4.000E+02  1.410E+02  0.000E+00  0.0000
 -3.600E+02  1.410E+02  0.000E+00  0.0000
 -3.200E+02  1.410E+02  0.000E+00  0.0000
 -2.800E+02  1.410E+02  0.000E+00  0.0000
 -2.400E+02  1.410E+02  0.000E+00  0.0000
 -2.000E+02  1.410E+02  0.000E+00  0.0000
 -1.600E+02  1.410E+02  0.000E+00  0.0000
 -1.200E+02  1.410E+02  0.000E+00  0.0000
 -8.000E+01  1.410E+02  0.000E+00  0.0000
 -4.000E+01  1.410E+02  0.000E+00  0.0000
  0.000E+00  1.410E+02  0.000E+00  0.0000
  4.000E+01  1.410E+02  0.000E+00  0.0000
  8.000E+01  1.410E+02  0.000E+00  0.0000
  1.200E+02  1.410E+02  0.000E+00  0.0000
  1.600E+02  1.410E+02  0.000E+00  0.0000
  2.000E+02  1.410E+02  0.000E+00  0.0000
  2.400E+02  1.410E+02  0.000E+00  0.0000
  2.800E+02  1.410E+02  0.000E+00  0.0000
  3.200E+02  1.410E+02  0.000E+00  0.0000
  3.600E+02  1.410E+02  0.000E+00  0.0000
  4.000E+02  1.410E+02  0.000E+00  0.0000
  4.400E+02  1.410E+02  0.000E+00  0.0000
  4.800E+02  1.410E+02  0.000E+00  0.0000
  5.200E+02  1.410E+02  0.000E+00  0.0000
  5.600E+02  1.410E+02  0.000E+00  0.0000
  6.000E+02  1.410E+02  0.000E+00  0.0000
  6.400E+02  1.410E+02  0.000E+00  0.0000
  6.800E+02  1.410E+02  0.000E+00  0.0000
 -6.800E+02  1.803E+02  0.000E+00  0.0000
 -6.400E+02  1.803E+02  0.000E+00  0.0000
 -6.000E+02  1.803E+02  0.000E+00  0.0000
 -5.600E+02  1.803E+02  0.000E+00  0.0000
 -5.200E+02  1.803E+02  0.000E+00  0.0000
 -4.800E+02  1.803E+02  0.000E+00  0.0000
 -4.400E+02  1.803E+02  0.000E+00  0.0000
 -4.000E+02  1.803E+02  0.000E+00  0.0000
 -3.600E+02  1.803E+02  0.000E+00  0.0000
 -3.200E+02  1.803E+02  0.000E+00  0.0000
 -2.800E+02  1.803E+02  0.000E+00  0.0000
 -2.400E+02  1.803E+02  0.000E+00  0.0000
 -2.000E+02  1.803E+02  0.000E+00  0.0000
 -1.600E+02  1.803E+02  0.000E+00  0.0000
 -1.200E+02  1.803E+02  0.000E+00  0.0000
 -8.000E+01  1.803E+02  0.000E+00  0.0000
 -4.000E+01  1.803E+02  0.000E+00  0.0000
  0.000E+00  1.803E+02  0.000E+00  0.0000
  4.000E+01  1.803E+02  0.000E+00  0.0000
  8.000E+01  1.803E+02  0.000E+00  0.0000
  1.200E+02  1.803E+02  0.000E+00  0.0000
  1.600E+02  1.803E+02  0.000E+00  0.0000
  2.000E+02  1.803E+02  0.000E+00  0.0000
  2.400E+02  1.803E+02  0.000E+00  0.0000
  2.800E+02  1.803E+02  0.000E+00  0.0000
  3.200E+02  1.803E+02  0.000E+00  0.0000
  3.600E+02  1.803E+02  0.000E+00  0.0000
  4.000E+02  1.803E+02  0.000E+00  0.0000
  4.400E+02  1.803E+02  0.000E+00  0.0000
  4.800E+02  1.803E+02  0.000E+00  0.0000
  5.200E+02  1.803E+02  0.000E+00  0.0000
  5.600E+02  1.803E+02  0.000E+00  0.0000
  6.000E+02  1.803E+02  0.000E+00  0.0000
  6.400E+02  1.803E+02  0.000E+00  0.0000
  6.800E+02  1.803E+02  0.000E+00  0.0000

#------------------------------------------------------------------------------
 newpage:
#   no. =  6   ie  =  2   iy  =  1   part. = muon-   
#   e = (   5.0000E-07  -   1.0000E-01  )
#   y = (  -1.0000E+03  -   1.0000E+03  )
#  nx =  35   nz =  23

# x          z          flux       r.err
 -6.800E+02 -6.853E+02  0.000E+00  0.0000
 -6.400E+02 -6.853E+02  0.000E+00  0.0000
 -6.000E+02 -6.853E+02  0.000E+00  0.0000
 -5.600E+02 -6.853E+02  5.443E-10  1.0000
 -5.200E+02 -6.853E+02  0.000E+00  0.0000
 -4.800E+02 -6.853E+02  1.090E-09  0.7070
 -4.400E+02 -6.853E+02  5.449E-10  1.0000
 -4.000E+02 -6.853E+02  0.000E+00  0.0000
 -3.600E+02 -6.853E+02  5.445E-10  1.0000
 -3.200E+02 -6.853E+02  0.000E+00  0.0000
 -2.800E+02 -6.853E+02  5.443E-10  1.0000
 -2.400E+02 -6.853E+02  5.449E-10  1.0000
 -2.000E+02 -6.853E+02  0.000E+00  0.0000
 -1.600E+02 -6.853E+02  0.000E+00  0.0000
 -1.200E+02 -6.853E+02  5.449E-10  1.0000
 -8.000E+01 -6.853E+02  2.177E-09  0.4999
 -4.000E+01 -6.853E+02  0.000E+00  0.0000
  0.000E+00 -6.853E+02  5.447E-10  1.0000
  4.000E+01 -6.853E+02  5.446E-10  1.0000
  8.000E+01 -6.853E+02  0.000E+00  0.0000
  1.200E+02 -6.853E+02  0.000E+00  0.0000
  1.600E+02 -6.853E+02  1.090E-09  0.7070
  2.000E+02 -6.853E+02  1.090E-09  0.7070
  2.400E+02 -6.853E+02  5.449E-10  1.0000
  2.800E+02 -6.853E+02  0.000E+00  0.0000
  3.200E+02 -6.853E+02  0.000E+00  0.0000
  3.600E+02 -6.853E+02  0.000E+00  0.0000
  4.000E+02 -6.853E+02  0.000E+00  0.0000
  4.400E+02 -6.853E+02  5.427E-10  1.0000
  4.800E+02 -6.853E+02  0.000E+00  0.0000
  5.200E+02 -6.853E+02  5.449E-10  1.0000
  5.600E+02 -6.853E+02  0.000E+00  0.0000
  6.000E+02 -6.853E+02  0.000E+00  0.0000
  6.400E+02 -6.853E+02  5.449E-10  1.0000
  6.800E+02 -6.853E+02  0.000E+00  0.0000
 -6.800E+02 -6.460E+02  1.090E-09  0.7070
 -6.400E+02 -6.460E+02  0.000E+00  0.0000
 -6.000E+02 -6.460E+02  0.000E+00  0.0000
 -5.600E+02 -6.460E+02  0.000E+00  0.0000
 -5.200E+02 -6.460E+02  5.446E-10  1.0000
 -4.800E+02 -6.460E+02  0.000E+00  0.0000
 -4.400E+02 -6.460E+02  0.000E+00  0.0000
 -4.000E+02 -6.460E+02  0.000E+00  0.0000
 -3.600E+02 -6.460E+02  0.000E+00  0.0000
 -3.200E+02 -6.460E+02  5.443E-10  1.0000
 -2.800E+02 -6.460E+02  0.000E+00  0.0000
 -2.400E+02 -6.460E+02  1.089E-09  0.7070
 -2.000E+02 -6.460E+02  0.000E+00  0.0000
 -1.600E+02 -6.460E+02  0.000E+00  0.0000
 -1.200E+02 -6.460E+02  0.000E+00  0.0000
 -8.000E+01 -6.460E+02  5.449E-10  1.0000
 -4.000E+01 -6.460E+02  5.449E-10  1.0000
  0.000E+00 -6.460E+02  0.000E+00  0.0000
  4.000E+01 -6.460E+02  1.635E-09  0.5772
  8.000E+01 -6.460E+02  1.090E-09  0.7070
  1.200E+02 -6.460E+02  0.000E+00  0.0000
  1.600E+02 -6.460E+02  0.000E+00  0.0000
  2.000E+02 -6.460E+02  5.446E-10  1.0000
  2.400E+02 -6.460E+02  5.449E-10  1.0000
  2.800E+02 -6.460E+02  5.449E-10  1.0000
  3.200E+02 -6.460E+02  5.446E-10  1.0000
  3.600E+02 -6.460E+02  0.000E+00  0.0000
  4.000E+02 -6.460E+02  0.000E+00  0.0000
  4.400E+02 -6.460E+02  5.445E-10  1.0000
  4.800E+02 -6.460E+02  0.000E+00  0.0000
  5.200E+02 -6.460E+02  5.449E-10  1.0000
  5.600E+02 -6.460E+02  5.449E-10  1.0000
  6.000E+02 -6.460E+02  5.447E-10  1.0000
  6.400E+02 -6.460E+02  0.000E+00  0.0000
  6.800E+02 -6.460E+02  0.000E+00  0.0000
 -6.800E+02 -6.066E+02  0.000E+00  0.0000
 -6.400E+02 -6.066E+02  0.000E+00  0.0000
 -6.000E+02 -6.066E+02  0.000E+00  0.0000
 -5.600E+02 -6.066E+02  5.449E-10  1.0000
 -5.200E+02 -6.066E+02  1.090E-09  0.7070
 -4.800E+02 -6.066E+02  0.000E+00  0.0000
 -4.400E+02 -6.066E+02  0.000E+00  0.0000
 -4.000E+02 -6.066E+02  0.000E+00  0.0000
 -3.600E+02 -6.066E+02  5.449E-10  1.0000
 -3.200E+02 -6.066E+02  0.000E+00  0.0000
 -2.800E+02 -6.066E+02  5.449E-10  1.0000
 -2.400E+02 -6.066E+02  0.000E+00  0.0000
 -2.000E+02 -6.066E+02  0.000E+00  0.0000
 -1.600E+02 -6.066E+02  0.000E+00  0.0000
 -1.200E+02 -6.066E+02  5.449E-10  1.0000
 -8.000E+01 -6.066E+02  1.090E-09  0.7070
 -4.000E+01 -6.066E+02  5.449E-10  1.0000
  0.000E+00 -6.066E+02  0.000E+00  0.0000
  4.000E+01 -6.066E+02  5.449E-10  1.0000
  8.000E+01 -6.066E+02  1.635E-09  0.5772
  1.200E+02 -6.066E+02  5.442E-10  1.0000
  1.600E+02 -6.066E+02  0.000E+00  0.0000
  2.000E+02 -6.066E+02  0.000E+00  0.0000
  2.400E+02 -6.066E+02  0.000E+00  0.0000
  2.800E+02 -6.066E+02  5.449E-10  1.0000
  3.200E+02 -6.066E+02  0.000E+00  0.0000
  3.600E+02 -6.066E+02  0.000E+00  0.0000
  4.000E+02 -6.066E+02  0.000E+00  0.0000
  4.400E+02 -6.066E+02  5.449E-10  1.0000
  4.800E+02 -6.066E+02  5.449E-10  1.0000
  5.200E+02 -6.066E+02  5.446E-10  1.0000
  5.600E+02 -6.066E+02  0.000E+00  0.0000
  6.000E+02 -6.066E+02  0.000E+00  0.0000
  6.400E+02 -6.066E+02  0.000E+00  0.0000
  6.800E+02 -6.066E+02  1.090E-09  0.7070
 -6.800E+02 -5.673E+02  0.000E+00  0.0000
 -6.400E+02 -5.673E+02  5.449E-10  1.0000
 -6.000E+02 -5.673E+02  0.000E+00  0.0000
 -5.600E+02 -5.673E+02  5.447E-10  1.0000
 -5.200E+02 -5.673E+02  1.089E-09  0.7070
 -4.800E+02 -5.673E+02  5.444E-10  1.0000
 -4.400E+02 -5.673E+02  0.000E+00  0.0000
 -4.000E+02 -5.673E+02  5.449E-10  1.0000
 -3.600E+02 -5.673E+02  5.439E-10  1.0000
 -3.200E+02 -5.673E+02  5.449E-10  1.0000
 -2.800E+02 -5.673E+02  0.000E+00  0.0000
 -2.400E+02 -5.673E+02  5.449E-10  1.0000
 -2.000E+02 -5.673E+02  0.000E+00  0.0000
 -1.600E+02 -5.673E+02  0.000E+00  0.0000
 -1.200E+02 -5.673E+02  5.449E-10  1.0000
 -8.000E+01 -5.673E+02  0.000E+00  0.0000
 -4.000E+01 -5.673E+02  1.632E-09  0.5772
  0.000E+00 -5.673E+02  5.449E-10  1.0000
  4.000E+01 -5.673E+02  0.000E+00  0.0000
  8.000E+01 -5.673E+02  5.446E-10  1.0000
  1.200E+02 -5.673E+02  1.087E-09  0.7070
  1.600E+02 -5.673E+02  1.635E-09  0.5772
  2.000E+02 -5.673E+02  0.000E+00  0.0000
  2.400E+02 -5.673E+02  1.087E-09  0.7070
  2.800E+02 -5.673E+02  5.449E-10  1.0000
  3.200E+02 -5.673E+02  1.090E-09  0.7070
  3.600E+02 -5.673E+02  0.000E+00  0.0000
  4.000E+02 -5.673E+02  5.449E-10  1.0000
  4.400E+02 -5.673E+02  5.449E-10  1.0000
  4.800E+02 -5.673E+02  5.449E-10  1.0000
  5.200E+02 -5.673E+02  1.089E-09  0.7070
  5.600E+02 -5.673E+02  5.449E-10  1.0000
  6.000E+02 -5.673E+02  1.090E-09  0.7070
  6.400E+02 -5.673E+02  5.449E-10  1.0000
  6.800E+02 -5.673E+02  1.090E-09  0.7070
 -6.800E+02 -5.279E+02  5.423E-10  1.0000
 -6.400E+02 -5.279E+02  2.179E-09  0.4999
 -6.000E+02 -5.279E+02  0.000E+00  0.0000
 -5.600E+02 -5.279E+02  0.000E+00  0.0000
 -5.200E+02 -5.279E+02  1.634E-09  0.5772
 -4.800E+02 -5.279E+02  0.000E+00  0.0000
 -4.400E+02 -5.279E+02  1.090E-09  0.7070
 -4.000E+02 -5.279E+02  5.446E-10  1.0000
 -3.600E+02 -5.279E+02  0.000E+00  0.0000
 -3.200E+02 -5.279E+02  5.423E-10  1.0000
 -2.800E+02 -5.279E+02  1.089E-09  0.7070
 -2.400E+02 -5.279E+02  5.449E-10  1.0000
 -2.000E+02 -5.279E+02  1.090E-09  0.7070
 -1.600E+02 -5.279E+02  5.449E-10  1.0000
 -1.200E+02 -5.279E+02  0.000E+00  0.0000
 -8.000E+01 -5.279E+02  0.000E+00  0.0000
 -4.000E+01 -5.279E+02  5.435E-10  1.0000
  0.000E+00 -5.279E+02  1.632E-09  0.5772
  4.000E+01 -5.279E+02  1.090E-09  0.7070
  8.000E+01 -5.279E+02  1.635E-09  0.5772
  1.200E+02 -5.279E+02  1.090E-09  0.7070
  1.600E+02 -5.279E+02  5.442E-10  1.0000
  2.000E+02 -5.279E+02  0.000E+00  0.0000
  2.400E+02 -5.279E+02  0.000E+00  0.0000
  2.800E+02 -5.279E+02  0.000E+00  0.0000
  3.200E+02 -5.279E+02  0.000E+00  0.0000
  3.600E+02 -5.279E+02  0.000E+00  0.0000
  4.000E+02 -5.279E+02  1.089E-09  0.7070
  4.400E+02 -5.279E+02  5.449E-10  1.0000
  4.800E+02 -5.279E+02  5.449E-10  1.0000
  5.200E+02 -5.279E+02  0.000E+00  0.0000
  5.600E+02 -5.279E+02  5.449E-10  1.0000
  6.000E+02 -5.279E+02  0.000E+00  0.0000
  6.400E+02 -5.279E+02  0.000E+00  0.0000
  6.800E+02 -5.279E+02  0.000E+00  0.0000
 -6.800E+02 -4.886E+02  5.447E-10  1.0000
 -6.400E+02 -4.886E+02  0.000E+00  0.0000
 -6.000E+02 -4.886E+02  0.000E+00  0.0000
 -5.600E+02 -4.886E+02  1.089E-09  0.7070
 -5.200E+02 -4.886E+02  0.000E+00  0.0000
 -4.800E+02 -4.886E+02  0.000E+00  0.0000
 -4.400E+02 -4.886E+02  0.000E+00  0.0000
 -4.000E+02 -4.886E+02  0.000E+00  0.0000
 -3.600E+02 -4.886E+02  1.632E-09  0.5772
 -3.200E+02 -4.886E+02  5.449E-10  1.0000
 -2.800E+02 -4.886E+02  5.449E-10  1.0000
 -2.400E+02 -4.886E+02  5.444E-10  1.0000
 -2.000E+02 -4.886E+02  0.000E+00  0.0000
 -1.600E+02 -4.886E+02  5.442E-10  1.0000
 -1.200E+02 -4.886E+02  5.448E-10  1.0000
 -8.000E+01 -4.886E+02  5.443E-10  1.0000
 -4.000E+01 -4.886E+02  5.449E-10  1.0000
  0.000E+00 -4.886E+02  5.443E-10  1.0000
  4.000E+01 -4.886E+02  5.448E-10  1.0000
  8.000E+01 -4.886E+02  1.089E-09  0.7070
  1.200E+02 -4.886E+02  1.090E-09  0.7070
  1.600E+02 -4.886E+02  1.089E-09  0.7070
  2.000E+02 -4.886E+02  5.449E-10  1.0000
  2.400E+02 -4.886E+02  5.449E-10  1.0000
  2.800E+02 -4.886E+02  0.000E+00  0.0000
  3.200E+02 -4.886E+02  5.447E-10  1.0000
  3.600E+02 -4.886E+02  5.449E-10  1.0000
  4.000E+02 -4.886E+02  5.448E-10  1.0000
  4.400E+02 -4.886E+02  5.427E-10  1.0000
  4.800E+02 -4.886E+02  1.088E-09  0.7070
  5.200E+02 -4.886E+02  5.426E-10  1.0000
  5.600E+02 -4.886E+02  0.000E+00  0.0000
  6.000E+02 -4.886E+02  1.089E-09  0.7070
  6.400E+02 -4.886E+02  5.449E-10  1.0000
  6.800E+02 -4.886E+02  0.000E+00  0.0000
 -6.800E+02 -4.492E+02  0.000E+00  0.0000
 -6.400E+02 -4.492E+02  1.634E-09  0.5772
 -6.000E+02 -4.492E+02  1.635E-09  0.5772
 -5.600E+02 -4.492E+02  1.087E-09  0.7070
 -5.200E+02 -4.492E+02  0.000E+00  0.0000
 -4.800E+02 -4.492E+02  1.089E-09  0.7070
 -4.400E+02 -4.492E+02  0.000E+00  0.0000
 -4.000E+02 -4.492E+02  5.447E-10  1.0000
 -3.600E+02 -4.492E+02  0.000E+00  0.0000
 -3.200E+02 -4.492E+02  5.449E-10  1.0000
 -2.800E+02 -4.492E+02  5.449E-10  1.0000
 -2.400E+02 -4.492E+02  5.442E-10  1.0000
 -2.000E+02 -4.492E+02  0.000E+00  0.0000
 -1.600E+02 -4.492E+02  0.000E+00  0.0000
 -1.200E+02 -4.492E+02  5.449E-10  1.0000
 -8.000E+01 -4.492E+02  1.090E-09  0.7070
 -4.000E+01 -4.492E+02  1.635E-09  0.5772
  0.000E+00 -4.492E+02  5.449E-10  1.0000
  4.000E+01 -4.492E+02  1.631E-09  0.5772
  8.000E+01 -4.492E+02  1.090E-09  0.7070
  1.200E+02 -4.492E+02  0.000E+00  0.0000
  1.600E+02 -4.492E+02  0.000E+00  0.0000
  2.000E+02 -4.492E+02  5.449E-10  1.0000
  2.400E+02 -4.492E+02  0.000E+00  0.0000
  2.800E+02 -4.492E+02  5.449E-10  1.0000
  3.200E+02 -4.492E+02  5.449E-10  1.0000
  3.600E+02 -4.492E+02  0.000E+00  0.0000
  4.000E+02 -4.492E+02  0.000E+00  0.0000
  4.400E+02 -4.492E+02  0.000E+00  0.0000
  4.800E+02 -4.492E+02  0.000E+00  0.0000
  5.200E+02 -4.492E+02  1.089E-09  0.7070
  5.600E+02 -4.492E+02  5.442E-10  1.0000
  6.000E+02 -4.492E+02  5.446E-10  1.0000
  6.400E+02 -4.492E+02  0.000E+00  0.0000
  6.800E+02 -4.492E+02  0.000E+00  0.0000
 -6.800E+02 -4.099E+02  1.087E-09  0.7070
 -6.400E+02 -4.099E+02  0.000E+00  0.0000
 -6.000E+02 -4.099E+02  5.449E-10  1.0000
 -5.600E+02 -4.099E+02  5.446E-10  1.0000
 -5.200E+02 -4.099E+02  5.449E-10  1.0000
 -4.800E+02 -4.099E+02  0.000E+00  0.0000
 -4.400E+02 -4.099E+02  5.449E-10  1.0000
 -4.000E+02 -4.099E+02  5.449E-10  1.0000
 -3.600E+02 -4.099E+02  5.449E-10  1.0000
 -3.200E+02 -4.099E+02  1.090E-09  0.7070
 -2.800E+02 -4.099E+02  1.090E-09  0.7070
 -2.400E+02 -4.099E+02  0.000E+00  0.0000
 -2.000E+02 -4.099E+02  5.449E-10  1.0000
 -1.600E+02 -4.099E+02  5.449E-10  1.0000
 -1.200E+02 -4.099E+02  5.447E-10  1.0000
 -8.000E+01 -4.099E+02  5.449E-10  1.0000
 -4.000E+01 -4.099E+02  5.449E-10  1.0000
  0.000E+00 -4.099E+02  5.449E-10  1.0000
  4.000E+01 -4.099E+02  0.000E+00  0.0000
  8.000E+01 -4.099E+02  5.442E-10  1.0000
  1.200E+02 -4.099E+02  0.000E+00  0.0000
  1.600E+02 -4.099E+02  1.084E-09  0.7070
  2.000E+02 -4.099E+02  0.000E+00  0.0000
  2.400E+02 -4.099E+02  1.089E-09  0.7070
  2.800E+02 -4.099E+02  5.449E-10  1.0000
  3.200E+02 -4.099E+02  1.087E-09  0.7070
  3.600E+02 -4.099E+02  5.449E-10  1.0000
  4.000E+02 -4.099E+02  1.089E-09  0.7070
  4.400E+02 -4.099E+02  5.448E-10  1.0000
  4.800E+02 -4.099E+02  1.090E-09  0.7070
  5.200E+02 -4.099E+02  1.635E-09  0.5772
  5.600E+02 -4.099E+02  5.449E-10  1.0000
  6.000E+02 -4.099E+02  5.449E-10  1.0000
  6.400E+02 -4.099E+02  1.088E-09  0.7070
  6.800E+02 -4.099E+02  5.449E-10  1.0000
 -6.800E+02 -3.705E+02  1.090E-09  0.7070
 -6.400E+02 -3.705E+02  5.449E-10  1.0000
 -6.000E+02 -3.705E+02  1.090E-09  0.7070
 -5.600E+02 -3.705E+02  2.724E-09  0.4470
 -5.200E+02 -3.705E+02  1.089E-09  0.7070
 -4.800E+02 -3.705E+02  5.446E-10  1.0000
 -4.400E+02 -3.705E+02  2.721E-09  0.4470
 -4.000E+02 -3.705E+02  0.000E+00  0.0000
 -3.600E+02 -3.705E+02  5.449E-10  1.0000
 -3.200E+02 -3.705E+02  0.000E+00  0.0000
 -2.800E+02 -3.705E+02  1.090E-09  0.7070
 -2.400E+02 -3.705E+02  5.443E-10  1.0000
 -2.000E+02 -3.705E+02  2.176E-09  0.4999
 -1.600E+02 -3.705E+02  0.000E+00  0.0000
 -1.200E+02 -3.705E+02  0.000E+00  0.0000
 -8.000E+01 -3.705E+02  0.000E+00  0.0000
 -4.000E+01 -3.705E+02  0.000E+00  0.0000
  0.000E+00 -3.705E+02  0.000E+00  0.0000
  4.000E+01 -3.705E+02  0.000E+00  0.0000
  8.000E+01 -3.705E+02  0.000E+00  0.0000
  1.200E+02 -3.705E+02  0.000E+00  0.0000
  1.600E+02 -3.705E+02  1.634E-09  0.5772
  2.000E+02 -3.705E+02  5.449E-10  1.0000
  2.400E+02 -3.705E+02  5.448E-10  1.0000
  2.800E+02 -3.705E+02  5.449E-10  1.0000
  3.200E+02 -3.705E+02  5.443E-10  1.0000
  3.600E+02 -3.705E+02  1.090E-09  0.7070
  4.000E+02 -3.705E+02  0.000E+00  0.0000
  4.400E+02 -3.705E+02  5.449E-10  1.0000
  4.800E+02 -3.705E+02  5.449E-10  1.0000
  5.200E+02 -3.705E+02  1.634E-09  0.5772
  5.600E+02 -3.705E+02  5.446E-10  1.0000
  6.000E+02 -3.705E+02  0.000E+00  0.0000
  6.400E+02 -3.705E+02  5.446E-10  1.0000
  6.800E+02 -3.705E+02  1.635E-09  0.5772
 -6.800E+02 -3.312E+02  5.448E-10  1.0000
 -6.400E+02 -3.312E+02  5.449E-10  1.0000
 -6.000E+02 -3.312E+02  5.448E-10  1.0000
 -5.600E+02 -3.312E+02  5.449E-10  1.0000
 -5.200E+02 -3.312E+02  0.000E+00  0.0000
 -4.800E+02 -3.312E+02  2.722E-09  0.4470
 -4.400E+02 -3.312E+02  1.634E-09  0.5772
 -4.000E+02 -3.312E+02  1.090E-09  0.7070
 -3.600E+02 -3.312E+02  0.000E+00  0.0000
 -3.200E+02 -3.312E+02  0.000E+00  0.0000
 -2.800E+02 -3.312E+02  1.089E-09  0.7070
 -2.400E+02 -3.312E+02  2.178E-09  0.4998
 -2.000E+02 -3.312E+02  1.634E-09  0.5772
 -1.600E+02 -3.312E+02  0.000E+00  0.0000
 -1.200E+02 -3.312E+02  0.000E+00  0.0000
 -8.000E+01 -3.312E+02  0.000E+00  0.0000
 -4.000E+01 -3.312E+02  0.000E+00  0.0000
  0.000E+00 -3.312E+02  0.000E+00  0.0000
  4.000E+01 -3.312E+02  0.000E+00  0.0000
  8.000E+01 -3.312E+02  0.000E+00  0.0000
  1.200E+02 -3.312E+02  0.000E+00  0.0000
  1.600E+02 -3.312E+02  5.449E-10  1.0000
  2.000E+02 -3.312E+02  0.000E+00  0.0000
  2.400E+02 -3.312E+02  1.635E-09  0.5772
  2.800E+02 -3.312E+02  5.417E-10  1.0000
  3.200E+02 -3.312E+02  5.449E-10  1.0000
  3.600E+02 -3.312E+02  0.000E+00  0.0000
  4.000E+02 -3.312E+02  0.000E+00  0.0000
  4.400E+02 -3.312E+02  0.000E+00  0.0000
  4.800E+02 -3.312E+02  1.089E-09  0.7070
  5.200E+02 -3.312E+02  0.000E+00  0.0000
  5.600E+02 -3.312E+02  0.000E+00  0.0000
  6.000E+02 -3.312E+02  1.634E-09  0.5772
  6.400E+02 -3.312E+02  1.089E-09  0.7070
  6.800E+02 -3.312E+02  0.000E+00  0.0000
 -6.800E+02 -2.918E+02  1.634E-09  0.5772
 -6.400E+02 -2.918E+02  0.000E+00  0.0000
 -6.000E+02 -2.918E+02  1.633E-09  0.5772
 -5.600E+02 -2.918E+02  5.446E-10  1.0000
 -5.200E+02 -2.918E+02  2.177E-09  0.4999
 -4.800E+02 -2.918E+02  5.447E-10  1.0000
 -4.400E+02 -2.918E+02  0.000E+00  0.0000
 -4.000E+02 -2.918E+02  2.177E-09  0.4999
 -3.600E+02 -2.918E+02  5.449E-10  1.0000
 -3.200E+02 -2.918E+02  0.000E+00  0.0000
 -2.800E+02 -2.918E+02  1.089E-09  0.7070
 -2.400E+02 -2.918E+02  1.631E-09  0.5772
 -2.000E+02 -2.918E+02  1.089E-09  0.7070
 -1.600E+02 -2.918E+02  1.090E-09  0.7070
 -1.200E+02 -2.918E+02  0.000E+00  0.0000
 -8.000E+01 -2.918E+02  0.000E+00  0.0000
 -4.000E+01 -2.918E+02  0.000E+00  0.0000
  0.000E+00 -2.918E+02  0.000E+00  0.0000
  4.000E+01 -2.918E+02  0.000E+00  0.0000
  8.000E+01 -2.918E+02  0.000E+00  0.0000
  1.200E+02 -2.918E+02  0.000E+00  0.0000
  1.600E+02 -2.918E+02  1.087E-09  0.7070
  2.000E+02 -2.918E+02  5.449E-10  1.0000
  2.400E+02 -2.918E+02  1.088E-09  0.7070
  2.800E+02 -2.918E+02  0.000E+00  0.0000
  3.200E+02 -2.918E+02  1.634E-09  0.5772
  3.600E+02 -2.918E+02  1.090E-09  0.7070
  4.000E+02 -2.918E+02  1.087E-09  0.7070
  4.400E+02 -2.918E+02  5.444E-10  1.0000
  4.800E+02 -2.918E+02  1.090E-09  0.7070
  5.200E+02 -2.918E+02  0.000E+00  0.0000
  5.600E+02 -2.918E+02  2.177E-09  0.4999
  6.000E+02 -2.918E+02  1.090E-09  0.7070
  6.400E+02 -2.918E+02  1.089E-09  0.7070
  6.800E+02 -2.918E+02  1.634E-09  0.5772
 -6.800E+02 -2.525E+02  0.000E+00  0.0000
 -6.400E+02 -2.525E+02  1.089E-09  0.7070
 -6.000E+02 -2.525E+02  1.632E-09  0.5772
 -5.600E+02 -2.525E+02  5.446E-10  1.0000
 -5.200E+02 -2.525E+02  0.000E+00  0.0000
 -4.800E+02 -2.525E+02  1.635E-09  0.5772
 -4.400E+02 -2.525E+02  2.178E-09  0.4999
 -4.000E+02 -2.525E+02  2.180E-09  0.4998
 -3.600E+02 -2.525E+02  0.000E+00  0.0000
 -3.200E+02 -2.525E+02  1.090E-09  0.7070
 -2.800E+02 -2.525E+02  1.090E-09  0.7070
 -2.400E+02 -2.525E+02  0.000E+00  0.0000
 -2.000E+02 -2.525E+02  5.448E-10  1.0000
 -1.600E+02 -2.525E+02  1.090E-09  0.7070
 -1.200E+02 -2.525E+02  0.000E+00  0.0000
 -8.000E+01 -2.525E+02  0.000E+00  0.0000
 -4.000E+01 -2.525E+02  0.000E+00  0.0000
  0.000E+00 -2.525E+02  0.000E+00  0.0000
  4.000E+01 -2.525E+02  0.000E+00  0.0000
  8.000E+01 -2.525E+02  0.000E+00  0.0000
  1.200E+02 -2.525E+02  0.000E+00  0.0000
  1.600E+02 -2.525E+02  1.632E-09  0.5772
  2.000E+02 -2.525E+02  1.633E-09  0.5772
  2.400E+02 -2.525E+02  0.000E+00  0.0000
  2.800E+02 -2.525E+02  0.000E+00  0.0000
  3.200E+02 -2.525E+02  1.090E-09  0.7070
  3.600E+02 -2.525E+02  5.449E-10  1.0000
  4.000E+02 -2.525E+02  5.445E-10  1.0000
  4.400E+02 -2.525E+02  5.368E-10  1.0000
  4.800E+02 -2.525E+02  1.090E-09  0.7070
  5.200E+02 -2.525E+02  0.000E+00  0.0000
  5.600E+02 -2.525E+02  5.449E-10  1.0000
  6.000E+02 -2.525E+02  1.090E-09  0.7070
  6.400E+02 -2.525E+02  1.087E-09  0.7070
  6.800E+02 -2.525E+02  0.000E+00  0.0000
 -6.800E+02 -2.132E+02  0.000E+00  0.0000
 -6.400E+02 -2.132E+02  5.449E-10  1.0000
 -6.000E+02 -2.132E+02  1.086E-09  0.7070
 -5.600E+02 -2.132E+02  1.090E-09  0.7070
 -5.200E+02 -2.132E+02  3.269E-09  0.4080
 -4.800E+02 -2.132E+02  0.000E+00  0.0000
 -4.400E+02 -2.132E+02  5.449E-10  1.0000
 -4.000E+02 -2.132E+02  5.449E-10  1.0000
 -3.600E+02 -2.132E+02  1.090E-09  0.7070
 -3.200E+02 -2.132E+02  2.180E-09  0.4998
 -2.800E+02 -2.132E+02  5.449E-10  1.0000
 -2.400E+02 -2.132E+02  1.089E-09  0.7070
 -2.000E+02 -2.132E+02  5.449E-10  1.0000
 -1.600E+02 -2.132E+02  5.449E-10  1.0000
 -1.200E+02 -2.132E+02  0.000E+00  0.0000
 -8.000E+01 -2.132E+02  0.000E+00  0.0000
 -4.000E+01 -2.132E+02  0.000E+00  0.0000
  0.000E+00 -2.132E+02  0.000E+00  0.0000
  4.000E+01 -2.132E+02  0.000E+00  0.0000
  8.000E+01 -2.132E+02  0.000E+00  0.0000
  1.200E+02 -2.132E+02  0.000E+00  0.0000
  1.600E+02 -2.132E+02  5.426E-10  1.0000
  2.000E+02 -2.132E+02  5.449E-10  1.0000
  2.400E+02 -2.132E+02  1.089E-09  0.7070
  2.800E+02 -2.132E+02  1.086E-09  0.7070
  3.200E+02 -2.132E+02  5.449E-10  1.0000
  3.600E+02 -2.132E+02  0.000E+00  0.0000
  4.000E+02 -2.132E+02  1.635E-09  0.5772
  4.400E+02 -2.132E+02  0.000E+00  0.0000
  4.800E+02 -2.132E+02  1.635E-09  0.5772
  5.200E+02 -2.132E+02  1.089E-09  0.7070
  5.600E+02 -2.132E+02  2.178E-09  0.4999
  6.000E+02 -2.132E+02  1.090E-09  0.7070
  6.400E+02 -2.132E+02  2.179E-09  0.4998
  6.800E+02 -2.132E+02  1.634E-09  0.5772
 -6.800E+02 -1.738E+02  5.449E-10  1.0000
 -6.400E+02 -1.738E+02  2.724E-09  0.4470
 -6.000E+02 -1.738E+02  1.632E-09  0.5772
 -5.600E+02 -1.738E+02  1.634E-09  0.5772
 -5.200E+02 -1.738E+02  0.000E+00  0.0000
 -4.800E+02 -1.738E+02  1.090E-09  0.7070
 -4.400E+02 -1.738E+02  0.000E+00  0.0000
 -4.000E+02 -1.738E+02  5.449E-10  1.0000
 -3.600E+02 -1.738E+02  5.449E-10  1.0000
 -3.200E+02 -1.738E+02  5.449E-10  1.0000
 -2.800E+02 -1.738E+02  1.090E-09  0.7070
 -2.400E+02 -1.738E+02  1.089E-09  0.7070
 -2.000E+02 -1.738E+02  1.635E-09  0.5772
 -1.600E+02 -1.738E+02  5.444E-10  1.0000
 -1.200E+02 -1.738E+02  0.000E+00  0.0000
 -8.000E+01 -1.738E+02  0.000E+00  0.0000
 -4.000E+01 -1.738E+02  0.000E+00  0.0000
  0.000E+00 -1.738E+02  0.000E+00  0.0000
  4.000E+01 -1.738E+02  0.000E+00  0.0000
  8.000E+01 -1.738E+02  0.000E+00  0.0000
  1.200E+02 -1.738E+02  0.000E+00  0.0000
  1.600E+02 -1.738E+02  1.635E-09  0.5772
  2.000E+02 -1.738E+02  5.443E-10  1.0000
  2.400E+02 -1.738E+02  5.442E-10  1.0000
  2.800E+02 -1.738E+02  0.000E+00  0.0000
  3.200E+02 -1.738E+02  2.179E-09  0.4999
  3.600E+02 -1.738E+02  5.449E-10  1.0000
  4.000E+02 -1.738E+02  1.084E-09  0.7070
  4.400E+02 -1.738E+02  2.179E-09  0.4998
  4.800E+02 -1.738E+02  1.090E-09  0.7070
  5.200E+02 -1.738E+02  5.444E-10  1.0000
  5.600E+02 -1.738E+02  1.088E-09  0.7070
  6.000E+02 -1.738E+02  5.442E-10  1.0000
  6.400E+02 -1.738E+02  2.178E-09  0.4999
  6.800E+02 -1.738E+02  1.090E-09  0.7070
 -6.800E+02 -1.345E+02  1.090E-09  0.7070
 -6.400E+02 -1.345E+02  1.081E-09  0.7071
 -6.000E+02 -1.345E+02  1.089E-09  0.7070
 -5.600E+02 -1.345E+02  1.089E-09  0.7070
 -5.200E+02 -1.345E+02  1.089E-09  0.7070
 -4.800E+02 -1.345E+02  5.441E-10  1.0000
 -4.400E+02 -1.345E+02  1.090E-09  0.7070
 -4.000E+02 -1.345E+02  2.724E-09  0.4470
 -3.600E+02 -1.345E+02  0.000E+00  0.0000
 -3.200E+02 -1.345E+02  1.089E-09  0.7070
 -2.800E+02 -1.345E+02  1.632E-09  0.5772
 -2.400E+02 -1.345E+02  5.449E-10  1.0000
 -2.000E+02 -1.345E+02  5.449E-10  1.0000
 -1.600E+02 -1.345E+02  0.000E+00  0.0000
 -1.200E+02 -1.345E+02  0.000E+00  0.0000
 -8.000E+01 -1.345E+02  0.000E+00  0.0000
 -4.000E+01 -1.345E+02  0.000E+00  0.0000
  0.000E+00 -1.345E+02  0.000E+00  0.0000
  4.000E+01 -1.345E+02  0.000E+00  0.0000
  8.000E+01 -1.345E+02  0.000E+00  0.0000
  1.200E+02 -1.345E+02  0.000E+00  0.0000
  1.600E+02 -1.345E+02  1.090E-09  0.7070
  2.000E+02 -1.345E+02  1.084E-09  0.7070
  2.400E+02 -1.345E+02  2.177E-09  0.4999
  2.800E+02 -1.345E+02  1.089E-09  0.7070
  3.200E+02 -1.345E+02  1.082E-09  0.7071
  3.600E+02 -1.345E+02  1.632E-09  0.5772
  4.000E+02 -1.345E+02  1.087E-09  0.7070
  4.400E+02 -1.345E+02  0.000E+00  0.0000
  4.800E+02 -1.345E+02  2.179E-09  0.4999
  5.200E+02 -1.345E+02  5.449E-10  1.0000
  5.600E+02 -1.345E+02  2.721E-09  0.4470
  6.000E+02 -1.345E+02  0.000E+00  0.0000
  6.400E+02 -1.345E+02  5.439E-10  1.0000
  6.800E+02 -1.345E+02  1.090E-09  0.7070
 -6.800E+02 -9.511E+01  0.000E+00  0.0000
 -6.400E+02 -9.511E+01  5.449E-10  1.0000
 -6.000E+02 -9.511E+01  0.000E+00  0.0000
 -5.600E+02 -9.511E+01  1.634E-09  0.5772
 -5.200E+02 -9.511E+01  2.179E-09  0.4998
 -4.800E+02 -9.511E+01  5.444E-10  1.0000
 -4.400E+02 -9.511E+01  0.000E+00  0.0000
 -4.000E+02 -9.511E+01  0.000E+00  0.0000
 -3.600E+02 -9.511E+01  1.089E-09  0.7070
 -3.200E+02 -9.511E+01  0.000E+00  0.0000
 -2.800E+02 -9.511E+01  5.449E-10  1.0000
 -2.400E+02 -9.511E+01  2.179E-09  0.4998
 -2.000E+02 -9.511E+01  1.089E-09  0.7070
 -1.600E+02 -9.511E+01  0.000E+00  0.0000
 -1.200E+02 -9.511E+01  1.089E-09  0.7070
 -8.000E+01 -9.511E+01  0.000E+00  0.0000
 -4.000E+01 -9.511E+01  2.723E-09  0.4470
  0.000E+00 -9.511E+01  0.000E+00  0.0000
  4.000E+01 -9.511E+01  1.089E-09  0.7070
  8.000E+01 -9.511E+01  1.090E-09  0.7070
  1.200E+02 -9.511E+01  0.000E+00  0.0000
  1.600E+02 -9.511E+01  0.000E+00  0.0000
  2.000E+02 -9.511E+01  1.634E-09  0.5772
  2.400E+02 -9.511E+01  1.090E-09  0.7070
  2.800E+02 -9.511E+01  1.090E-09  0.7070
  3.200E+02 -9.511E+01  1.635E-09  0.5772
  3.600E+02 -9.511E+01  5.449E-10  1.0000
  4.000E+02 -9.511E+01  2.724E-09  0.4470
  4.400E+02 -9.511E+01  2.179E-09  0.4998
  4.800E+02 -9.511E+01  1.089E-09  0.7070
  5.200E+02 -9.511E+01  1.090E-09  0.7070
  5.600E+02 -9.511E+01  3.269E-09  0.4080
  6.000E+02 -9.511E+01  1.090E-09  0.7070
  6.400E+02 -9.511E+01  1.634E-09  0.5772
  6.800E+02 -9.511E+01  1.090E-09  0.7070
 -6.800E+02 -5.576E+01  5.449E-10  1.0000
 -6.400E+02 -5.576E+01  0.000E+00  0.0000
 -6.000E+02 -5.576E+01  2.179E-09  0.4998
 -5.600E+02 -5.576E+01  0.000E+00  0.0000
 -5.200E+02 -5.576E+01  5.449E-10  1.0000
 -4.800E+02 -5.576E+01  0.000E+00  0.0000
 -4.400E+02 -5.576E+01  3.269E-09  0.4080
 -4.000E+02 -5.576E+01  1.090E-09  0.7070
 -3.600E+02 -5.576E+01  5.442E-10  1.0000
 -3.200E+02 -5.576E+01  1.090E-09  0.7070
 -2.800E+02 -5.576E+01  0.000E+00  0.0000
 -2.400E+02 -5.576E+01  2.179E-09  0.4998
 -2.000E+02 -5.576E+01  1.090E-09  0.7070
 -1.600E+02 -5.576E+01  1.090E-09  0.7070
 -1.200E+02 -5.576E+01  1.090E-09  0.7070
 -8.000E+01 -5.576E+01  0.000E+00  0.0000
 -4.000E+01 -5.576E+01  3.814E-09  0.3777
  0.000E+00 -5.576E+01  1.634E-09  0.5772
  4.000E+01 -5.576E+01  2.724E-09  0.4470
  8.000E+01 -5.576E+01  0.000E+00  0.0000
  1.200E+02 -5.576E+01  1.090E-09  0.7070
  1.600E+02 -5.576E+01  0.000E+00  0.0000
  2.000E+02 -5.576E+01  1.090E-09  0.7070
  2.400E+02 -5.576E+01  2.179E-09  0.4998
  2.800E+02 -5.576E+01  1.089E-09  0.7070
  3.200E+02 -5.576E+01  1.635E-09  0.5772
  3.600E+02 -5.576E+01  5.445E-10  1.0000
  4.000E+02 -5.576E+01  1.635E-09  0.5772
  4.400E+02 -5.576E+01  5.449E-10  1.0000
  4.800E+02 -5.576E+01  1.633E-09  0.5772
  5.200E+02 -5.576E+01  5.449E-10  1.0000
  5.600E+02 -5.576E+01  5.449E-10  1.0000
  6.000E+02 -5.576E+01  1.634E-09  0.5772
  6.400E+02 -5.576E+01  5.423E-10  1.0000
  6.800E+02 -5.576E+01  1.089E-09  0.7070
 -6.800E+02 -1.641E+01  5.445E-10  1.0000
 -6.400E+02 -1.641E+01  1.090E-09  0.7070
 -6.000E+02 -1.641E+01  3.812E-09  0.3777
 -5.600E+02 -1.641E+01  1.090E-09  0.7070
 -5.200E+02 -1.641E+01  5.449E-10  1.0000
 -4.800E+02 -1.641E+01  5.449E-10  1.0000
 -4.400E+02 -1.641E+01  0.000E+00  0.0000
 -4.000E+02 -1.641E+01  0.000E+00  0.0000
 -3.600E+02 -1.641E+01  5.449E-10  1.0000
 -3.200E+02 -1.641E+01  1.089E-09  0.7070
 -2.800E+02 -1.641E+01  0.000E+00  0.0000
 -2.400E+02 -1.641E+01  0.000E+00  0.0000
 -2.000E+02 -1.641E+01  5.449E-10  1.0000
 -1.600E+02 -1.641E+01  2.179E-09  0.4999
 -1.200E+02 -1.641E+01  5.446E-10  1.0000
 -8.000E+01 -1.641E+01  1.088E-09  0.7070
 -4.000E+01 -1.641E+01  1.087E-09  0.7070
  0.000E+00 -1.641E+01  0.000E+00  0.0000
  4.000E+01 -1.641E+01  1.089E-09  0.7070
  8.000E+01 -1.641E+01  1.632E-09  0.5772
  1.200E+02 -1.641E+01  1.090E-09  0.7070
  1.600E+02 -1.641E+01  0.000E+00  0.0000
  2.000E+02 -1.641E+01  0.000E+00  0.0000
  2.400E+02 -1.641E+01  0.000E+00  0.0000
  2.800E+02 -1.641E+01  1.635E-09  0.5772
  3.200E+02 -1.641E+01  5.449E-10  1.0000
  3.600E+02 -1.641E+01  1.090E-09  0.7070
  4.000E+02 -1.641E+01  5.446E-10  1.0000
  4.400E+02 -1.641E+01  0.000E+00  0.0000
  4.800E+02 -1.641E+01  5.449E-10  1.0000
  5.200E+02 -1.641E+01  0.000E+00  0.0000
  5.600E+02 -1.641E+01  1.634E-09  0.5772
  6.000E+02 -1.641E+01  1.090E-09  0.7070
  6.400E+02 -1.641E+01  2.178E-09  0.4999
  6.800E+02 -1.641E+01  5.449E-10  1.0000
 -6.800E+02  2.293E+01  0.000E+00  0.0000
 -6.400E+02  2.293E+01  0.000E+00  0.0000
 -6.000E+02  2.293E+01  0.000E+00  0.0000
 -5.600E+02  2.293E+01  0.000E+00  0.0000
 -5.200E+02  2.293E+01  0.000E+00  0.0000
 -4.800E+02  2.293E+01  0.000E+00  0.0000
 -4.400E+02  2.293E+01  0.000E+00  0.0000
 -4.000E+02  2.293E+01  0.000E+00  0.0000
 -3.600E+02  2.293E+01  0.000E+00  0.0000
 -3.200E+02  2.293E+01  0.000E+00  0.0000
 -2.800E+02  2.293E+01  0.000E+00  0.0000
 -2.400E+02  2.293E+01  0.000E+00  0.0000
 -2.000E+02  2.293E+01  0.000E+00  0.0000
 -1.600E+02  2.293E+01  0.000E+00  0.0000
 -1.200E+02  2.293E+01  0.000E+00  0.0000
 -8.000E+01  2.293E+01  0.000E+00  0.0000
 -4.000E+01  2.293E+01  0.000E+00  0.0000
  0.000E+00  2.293E+01  0.000E+00  0.0000
  4.000E+01  2.293E+01  0.000E+00  0.0000
  8.000E+01  2.293E+01  0.000E+00  0.0000
  1.200E+02  2.293E+01  0.000E+00  0.0000
  1.600E+02  2.293E+01  0.000E+00  0.0000
  2.000E+02  2.293E+01  0.000E+00  0.0000
  2.400E+02  2.293E+01  0.000E+00  0.0000
  2.800E+02  2.293E+01  0.000E+00  0.0000
  3.200E+02  2.293E+01  0.000E+00  0.0000
  3.600E+02  2.293E+01  0.000E+00  0.0000
  4.000E+02  2.293E+01  0.000E+00  0.0000
  4.400E+02  2.293E+01  0.000E+00  0.0000
  4.800E+02  2.293E+01  0.000E+00  0.0000
  5.200E+02  2.293E+01  0.000E+00  0.0000
  5.600E+02  2.293E+01  0.000E+00  0.0000
  6.000E+02  2.293E+01  0.000E+00  0.0000
  6.400E+02  2.293E+01  0.000E+00  0.0000
  6.800E+02  2.293E+01  0.000E+00  0.0000
 -6.800E+02  6.228E+01  0.000E+00  0.0000
 -6.400E+02  6.228E+01  0.000E+00  0.0000
 -6.000E+02  6.228E+01  0.000E+00  0.0000
 -5.600E+02  6.228E+01  0.000E+00  0.0000
 -5.200E+02  6.228E+01  0.000E+00  0.0000
 -4.800E+02  6.228E+01  0.000E+00  0.0000
 -4.400E+02  6.228E+01  0.000E+00  0.0000
 -4.000E+02  6.228E+01  0.000E+00  0.0000
 -3.600E+02  6.228E+01  0.000E+00  0.0000
 -3.200E+02  6.228E+01  0.000E+00  0.0000
 -2.800E+02  6.228E+01  0.000E+00  0.0000
 -2.400E+02  6.228E+01  0.000E+00  0.0000
 -2.000E+02  6.228E+01  0.000E+00  0.0000
 -1.600E+02  6.228E+01  0.000E+00  0.0000
 -1.200E+02  6.228E+01  0.000E+00  0.0000
 -8.000E+01  6.228E+01  0.000E+00  0.0000
 -4.000E+01  6.228E+01  0.000E+00  0.0000
  0.000E+00  6.228E+01  0.000E+00  0.0000
  4.000E+01  6.228E+01  0.000E+00  0.0000
  8.000E+01  6.228E+01  0.000E+00  0.0000
  1.200E+02  6.228E+01  0.000E+00  0.0000
  1.600E+02  6.228E+01  0.000E+00  0.0000
  2.000E+02  6.228E+01  0.000E+00  0.0000
  2.400E+02  6.228E+01  0.000E+00  0.0000
  2.800E+02  6.228E+01  0.000E+00  0.0000
  3.200E+02  6.228E+01  0.000E+00  0.0000
  3.600E+02  6.228E+01  0.000E+00  0.0000
  4.000E+02  6.228E+01  0.000E+00  0.0000
  4.400E+02  6.228E+01  0.000E+00  0.0000
  4.800E+02  6.228E+01  0.000E+00  0.0000
  5.200E+02  6.228E+01  0.000E+00  0.0000
  5.600E+02  6.228E+01  0.000E+00  0.0000
  6.000E+02  6.228E+01  0.000E+00  0.0000
  6.400E+02  6.228E+01  0.000E+00  0.0000
  6.800E+02  6.228E+01  0.000E+00  0.0000
 -6.800E+02  1.016E+02  0.000E+00  0.0000
 -6.400E+02  1.016E+02  0.000E+00  0.0000
 -6.000E+02  1.016E+02  0.000E+00  0.0000
 -5.600E+02  1.016E+02  0.000E+00  0.0000
 -5.200E+02  1.016E+02  0.000E+00  0.0000
 -4.800E+02  1.016E+02  0.000E+00  0.0000
 -4.400E+02  1.016E+02  0.000E+00  0.0000
 -4.000E+02  1.016E+02  0.000E+00  0.0000
 -3.600E+02  1.016E+02  0.000E+00  0.0000
 -3.200E+02  1.016E+02  0.000E+00  0.0000
 -2.800E+02  1.016E+02  0.000E+00  0.0000
 -2.400E+02  1.016E+02  0.000E+00  0.0000
 -2.000E+02  1.016E+02  0.000E+00  0.0000
 -1.600E+02  1.016E+02  0.000E+00  0.0000
 -1.200E+02  1.016E+02  0.000E+00  0.0000
 -8.000E+01  1.016E+02  0.000E+00  0.0000
 -4.000E+01  1.016E+02  0.000E+00  0.0000
  0.000E+00  1.016E+02  0.000E+00  0.0000
  4.000E+01  1.016E+02  0.000E+00  0.0000
  8.000E+01  1.016E+02  0.000E+00  0.0000
  1.200E+02  1.016E+02  0.000E+00  0.0000
  1.600E+02  1.016E+02  0.000E+00  0.0000
  2.000E+02  1.016E+02  0.000E+00  0.0000
  2.400E+02  1.016E+02  0.000E+00  0.0000
  2.800E+02  1.016E+02  0.000E+00  0.0000
  3.200E+02  1.016E+02  0.000E+00  0.0000
  3.600E+02  1.016E+02  0.000E+00  0.0000
  4.000E+02  1.016E+02  0.000E+00  0.0000
  4.400E+02  1.016E+02  0.000E+00  0.0000
  4.800E+02  1.016E+02  0.000E+00  0.0000
  5.200E+02  1.016E+02  0.000E+00  0.0000
  5.600E+02  1.016E+02  0.000E+00  0.0000
  6.000E+02  1.016E+02  0.000E+00  0.0000
  6.400E+02  1.016E+02  0.000E+00  0.0000
  6.800E+02  1.016E+02  0.000E+00  0.0000
 -6.800E+02  1.410E+02  0.000E+00  0.0000
 -6.400E+02  1.410E+02  0.000E+00  0.0000
 -6.000E+02  1.410E+02  0.000E+00  0.0000
 -5.600E+02  1.410E+02  0.000E+00  0.0000
 -5.200E+02  1.410E+02  0.000E+00  0.0000
 -4.800E+02  1.410E+02  0.000E+00  0.0000
 -4.400E+02  1.410E+02  0.000E+00  0.0000
 -4.000E+02  1.410E+02  0.000E+00  0.0000
 -3.600E+02  1.410E+02  0.000E+00  0.0000
 -3.200E+02  1.410E+02  0.000E+00  0.0000
 -2.800E+02  1.410E+02  0.000E+00  0.0000
 -2.400E+02  1.410E+02  0.000E+00  0.0000
 -2.000E+02  1.410E+02  0.000E+00  0.0000
 -1.600E+02  1.410E+02  0.000E+00  0.0000
 -1.200E+02  1.410E+02  0.000E+00  0.0000
 -8.000E+01  1.410E+02  0.000E+00  0.0000
 -4.000E+01  1.410E+02  0.000E+00  0.0000
  0.000E+00  1.410E+02  0.000E+00  0.0000
  4.000E+01  1.410E+02  0.000E+00  0.0000
  8.000E+01  1.410E+02  0.000E+00  0.0000
  1.200E+02  1.410E+02  0.000E+00  0.0000
  1.600E+02  1.410E+02  0.000E+00  0.0000
  2.000E+02  1.410E+02  0.000E+00  0.0000
  2.400E+02  1.410E+02  0.000E+00  0.0000
  2.800E+02  1.410E+02  0.000E+00  0.0000
  3.200E+02  1.410E+02  0.000E+00  0.0000
  3.600E+02  1.410E+02  0.000E+00  0.0000
  4.000E+02  1.410E+02  0.000E+00  0.0000
  4.400E+02  1.410E+02  0.000E+00  0.0000
  4.800E+02  1.410E+02  0.000E+00  0.0000
  5.200E+02  1.410E+02  0.000E+00  0.0000
  5.600E+02  1.410E+02  0.000E+00  0.0000
  6.000E+02  1.410E+02  0.000E+00  0.0000
  6.400E+02  1.410E+02  0.000E+00  0.0000
  6.800E+02  1.410E+02  0.000E+00  0.0000
 -6.800E+02  1.803E+02  0.000E+00  0.0000
 -6.400E+02  1.803E+02  0.000E+00  0.0000
 -6.000E+02  1.803E+02  0.000E+00  0.0000
 -5.600E+02  1.803E+02  0.000E+00  0.0000
 -5.200E+02  1.803E+02  0.000E+00  0.0000
 -4.800E+02  1.803E+02  0.000E+00  0.0000
 -4.400E+02  1.803E+02  0.000E+00  0.0000
 -4.000E+02  1.803E+02  0.000E+00  0.0000
 -3.600E+02  1.803E+02  0.000E+00  0.0000
 -3.200E+02  1.803E+02  0.000E+00  0.0000
 -2.800E+02  1.803E+02  0.000E+00  0.0000
 -2.400E+02  1.803E+02  0.000E+00  0.0000
 -2.000E+02  1.803E+02  0.000E+00  0.0000
 -1.600E+02  1.803E+02  0.000E+00  0.0000
 -1.200E+02  1.803E+02  0.000E+00  0.0000
 -8.000E+01  1.803E+02  0.000E+00  0.0000
 -4.000E+01  1.803E+02  0.000E+00  0.0000
  0.000E+00  1.803E+02  0.000E+00  0.0000
  4.000E+01  1.803E+02  0.000E+00  0.0000
  8.000E+01  1.803E+02  0.000E+00  0.0000
  1.200E+02  1.803E+02  0.000E+00  0.0000
  1.600E+02  1.803E+02  0.000E+00  0.0000
  2.000E+02  1.803E+02  0.000E+00  0.0000
  2.400E+02  1.803E+02  0.000E+00  0.0000
  2.800E+02  1.803E+02  0.000E+00  0.0000
  3.200E+02  1.803E+02  0.000E+00  0.0000
  3.600E+02  1.803E+02  0.000E+00  0.0000
  4.000E+02  1.803E+02  0.000E+00  0.0000
  4.400E+02  1.803E+02  0.000E+00  0.0000
  4.800E+02  1.803E+02  0.000E+00  0.0000
  5.200E+02  1.803E+02  0.000E+00  0.0000
  5.600E+02  1.803E+02  0.000E+00  0.0000
  6.000E+02  1.803E+02  0.000E+00  0.0000
  6.400E+02  1.803E+02  0.000E+00  0.0000
  6.800E+02  1.803E+02  0.000E+00  0.0000

#------------------------------------------------------------------------------
 newpage:
#   no. =  7   ie  =  3   iy  =  1   part. = muon-   
#   e = (   1.0000E-01  -   2.0000E+01  )
#   y = (  -1.0000E+03  -   1.0000E+03  )
#  nx =  35   nz =  23

# x          z          flux       r.err
 -6.800E+02 -6.853E+02  0.000E+00  0.0000
 -6.400E+02 -6.853E+02  0.000E+00  0.0000
 -6.000E+02 -6.853E+02  0.000E+00  0.0000
 -5.600E+02 -6.853E+02  4.947E-06  1.0000
 -5.200E+02 -6.853E+02  0.000E+00  0.0000
 -4.800E+02 -6.853E+02  9.895E-06  0.7070
 -4.400E+02 -6.853E+02  4.947E-06  1.0000
 -4.000E+02 -6.853E+02  0.000E+00  0.0000
 -3.600E+02 -6.853E+02  4.947E-06  1.0000
 -3.200E+02 -6.853E+02  0.000E+00  0.0000
 -2.800E+02 -6.853E+02  4.947E-06  1.0000
 -2.400E+02 -6.853E+02  4.947E-06  1.0000
 -2.000E+02 -6.853E+02  0.000E+00  0.0000
 -1.600E+02 -6.853E+02  0.000E+00  0.0000
 -1.200E+02 -6.853E+02  4.947E-06  1.0000
 -8.000E+01 -6.853E+02  1.979E-05  0.4998
 -4.000E+01 -6.853E+02  0.000E+00  0.0000
  0.000E+00 -6.853E+02  4.947E-06  1.0000
  4.000E+01 -6.853E+02  4.947E-06  1.0000
  8.000E+01 -6.853E+02  0.000E+00  0.0000
  1.200E+02 -6.853E+02  0.000E+00  0.0000
  1.600E+02 -6.853E+02  9.895E-06  0.7070
  2.000E+02 -6.853E+02  9.895E-06  0.7070
  2.400E+02 -6.853E+02  4.947E-06  1.0000
  2.800E+02 -6.853E+02  0.000E+00  0.0000
  3.200E+02 -6.853E+02  0.000E+00  0.0000
  3.600E+02 -6.853E+02  0.000E+00  0.0000
  4.000E+02 -6.853E+02  8.474E-08  1.0000
  4.400E+02 -6.853E+02  4.863E-06  1.0000
  4.800E+02 -6.853E+02  0.000E+00  0.0000
  5.200E+02 -6.853E+02  4.947E-06  1.0000
  5.600E+02 -6.853E+02  0.000E+00  0.0000
  6.000E+02 -6.853E+02  0.000E+00  0.0000
  6.400E+02 -6.853E+02  4.947E-06  1.0000
  6.800E+02 -6.853E+02  0.000E+00  0.0000
 -6.800E+02 -6.460E+02  9.895E-06  0.7070
 -6.400E+02 -6.460E+02  0.000E+00  0.0000
 -6.000E+02 -6.460E+02  0.000E+00  0.0000
 -5.600E+02 -6.460E+02  0.000E+00  0.0000
 -5.200E+02 -6.460E+02  4.947E-06  1.0000
 -4.800E+02 -6.460E+02  0.000E+00  0.0000
 -4.400E+02 -6.460E+02  0.000E+00  0.0000
 -4.000E+02 -6.460E+02  0.000E+00  0.0000
 -3.600E+02 -6.460E+02  0.000E+00  0.0000
 -3.200E+02 -6.460E+02  4.947E-06  1.0000
 -2.800E+02 -6.460E+02  0.000E+00  0.0000
 -2.400E+02 -6.460E+02  9.895E-06  0.7070
 -2.000E+02 -6.460E+02  0.000E+00  0.0000
 -1.600E+02 -6.460E+02  0.000E+00  0.0000
 -1.200E+02 -6.460E+02  0.000E+00  0.0000
 -8.000E+01 -6.460E+02  4.947E-06  1.0000
 -4.000E+01 -6.460E+02  4.947E-06  1.0000
  0.000E+00 -6.460E+02  0.000E+00  0.0000
  4.000E+01 -6.460E+02  1.484E-05  0.5772
  8.000E+01 -6.460E+02  9.895E-06  0.7070
  1.200E+02 -6.460E+02  0.000E+00  0.0000
  1.600E+02 -6.460E+02  0.000E+00  0.0000
  2.000E+02 -6.460E+02  4.947E-06  1.0000
  2.400E+02 -6.460E+02  4.947E-06  1.0000
  2.800E+02 -6.460E+02  4.947E-06  1.0000
  3.200E+02 -6.460E+02  4.947E-06  1.0000
  3.600E+02 -6.460E+02  0.000E+00  0.0000
  4.000E+02 -6.460E+02  0.000E+00  0.0000
  4.400E+02 -6.460E+02  4.947E-06  1.0000
  4.800E+02 -6.460E+02  0.000E+00  0.0000
  5.200E+02 -6.460E+02  4.947E-06  1.0000
  5.600E+02 -6.460E+02  4.947E-06  1.0000
  6.000E+02 -6.460E+02  4.947E-06  1.0000
  6.400E+02 -6.460E+02  0.000E+00  0.0000
  6.800E+02 -6.460E+02  0.000E+00  0.0000
 -6.800E+02 -6.066E+02  0.000E+00  0.0000
 -6.400E+02 -6.066E+02  0.000E+00  0.0000
 -6.000E+02 -6.066E+02  0.000E+00  0.0000
 -5.600E+02 -6.066E+02  4.947E-06  1.0000
 -5.200E+02 -6.066E+02  9.895E-06  0.7070
 -4.800E+02 -6.066E+02  0.000E+00  0.0000
 -4.400E+02 -6.066E+02  0.000E+00  0.0000
 -4.000E+02 -6.066E+02  0.000E+00  0.0000
 -3.600E+02 -6.066E+02  4.947E-06  1.0000
 -3.200E+02 -6.066E+02  0.000E+00  0.0000
 -2.800E+02 -6.066E+02  4.947E-06  1.0000
 -2.400E+02 -6.066E+02  0.000E+00  0.0000
 -2.000E+02 -6.066E+02  0.000E+00  0.0000
 -1.600E+02 -6.066E+02  0.000E+00  0.0000
 -1.200E+02 -6.066E+02  4.947E-06  1.0000
 -8.000E+01 -6.066E+02  9.895E-06  0.7070
 -4.000E+01 -6.066E+02  4.947E-06  1.0000
  0.000E+00 -6.066E+02  0.000E+00  0.0000
  4.000E+01 -6.066E+02  4.947E-06  1.0000
  8.000E+01 -6.066E+02  1.484E-05  0.5772
  1.200E+02 -6.066E+02  4.947E-06  1.0000
  1.600E+02 -6.066E+02  0.000E+00  0.0000
  2.000E+02 -6.066E+02  0.000E+00  0.0000
  2.400E+02 -6.066E+02  0.000E+00  0.0000
  2.800E+02 -6.066E+02  4.947E-06  1.0000
  3.200E+02 -6.066E+02  0.000E+00  0.0000
  3.600E+02 -6.066E+02  0.000E+00  0.0000
  4.000E+02 -6.066E+02  0.000E+00  0.0000
  4.400E+02 -6.066E+02  4.947E-06  1.0000
  4.800E+02 -6.066E+02  4.947E-06  1.0000
  5.200E+02 -6.066E+02  4.947E-06  1.0000
  5.600E+02 -6.066E+02  0.000E+00  0.0000
  6.000E+02 -6.066E+02  0.000E+00  0.0000
  6.400E+02 -6.066E+02  0.000E+00  0.0000
  6.800E+02 -6.066E+02  9.895E-06  0.7070
 -6.800E+02 -5.673E+02  0.000E+00  0.0000
 -6.400E+02 -5.673E+02  4.947E-06  1.0000
 -6.000E+02 -5.673E+02  0.000E+00  0.0000
 -5.600E+02 -5.673E+02  4.947E-06  1.0000
 -5.200E+02 -5.673E+02  9.895E-06  0.7070
 -4.800E+02 -5.673E+02  4.947E-06  1.0000
 -4.400E+02 -5.673E+02  0.000E+00  0.0000
 -4.000E+02 -5.673E+02  4.947E-06  1.0000
 -3.600E+02 -5.673E+02  4.947E-06  1.0000
 -3.200E+02 -5.673E+02  4.947E-06  1.0000
 -2.800E+02 -5.673E+02  0.000E+00  0.0000
 -2.400E+02 -5.673E+02  4.947E-06  1.0000
 -2.000E+02 -5.673E+02  0.000E+00  0.0000
 -1.600E+02 -5.673E+02  0.000E+00  0.0000
 -1.200E+02 -5.673E+02  4.947E-06  1.0000
 -8.000E+01 -5.673E+02  0.000E+00  0.0000
 -4.000E+01 -5.673E+02  1.484E-05  0.5772
  0.000E+00 -5.673E+02  4.947E-06  1.0000
  4.000E+01 -5.673E+02  0.000E+00  0.0000
  8.000E+01 -5.673E+02  4.947E-06  1.0000
  1.200E+02 -5.673E+02  9.895E-06  0.7070
  1.600E+02 -5.673E+02  1.484E-05  0.5772
  2.000E+02 -5.673E+02  0.000E+00  0.0000
  2.400E+02 -5.673E+02  9.895E-06  0.7070
  2.800E+02 -5.673E+02  4.947E-06  1.0000
  3.200E+02 -5.673E+02  9.895E-06  0.7070
  3.600E+02 -5.673E+02  0.000E+00  0.0000
  4.000E+02 -5.673E+02  4.947E-06  1.0000
  4.400E+02 -5.673E+02  1.466E-06  1.0000
  4.800E+02 -5.673E+02  4.947E-06  1.0000
  5.200E+02 -5.673E+02  9.895E-06  0.7070
  5.600E+02 -5.673E+02  4.947E-06  1.0000
  6.000E+02 -5.673E+02  9.895E-06  0.7070
  6.400E+02 -5.673E+02  4.947E-06  1.0000
  6.800E+02 -5.673E+02  9.895E-06  0.7070
 -6.800E+02 -5.279E+02  4.947E-06  1.0000
 -6.400E+02 -5.279E+02  1.490E-05  0.5749
 -6.000E+02 -5.279E+02  0.000E+00  0.0000
 -5.600E+02 -5.279E+02  0.000E+00  0.0000
 -5.200E+02 -5.279E+02  1.484E-05  0.5772
 -4.800E+02 -5.279E+02  0.000E+00  0.0000
 -4.400E+02 -5.279E+02  9.895E-06  0.7070
 -4.000E+02 -5.279E+02  4.947E-06  1.0000
 -3.600E+02 -5.279E+02  0.000E+00  0.0000
 -3.200E+02 -5.279E+02  4.947E-06  1.0000
 -2.800E+02 -5.279E+02  9.895E-06  0.7070
 -2.400E+02 -5.279E+02  4.947E-06  1.0000
 -2.000E+02 -5.279E+02  9.895E-06  0.7070
 -1.600E+02 -5.279E+02  4.947E-06  1.0000
 -1.200E+02 -5.279E+02  0.000E+00  0.0000
 -8.000E+01 -5.279E+02  0.000E+00  0.0000
 -4.000E+01 -5.279E+02  4.947E-06  1.0000
  0.000E+00 -5.279E+02  1.484E-05  0.5772
  4.000E+01 -5.279E+02  9.895E-06  0.7070
  8.000E+01 -5.279E+02  1.282E-05  0.5915
  1.200E+02 -5.279E+02  9.895E-06  0.7070
  1.600E+02 -5.279E+02  4.947E-06  1.0000
  2.000E+02 -5.279E+02  0.000E+00  0.0000
  2.400E+02 -5.279E+02  0.000E+00  0.0000
  2.800E+02 -5.279E+02  0.000E+00  0.0000
  3.200E+02 -5.279E+02  0.000E+00  0.0000
  3.600E+02 -5.279E+02  0.000E+00  0.0000
  4.000E+02 -5.279E+02  5.663E-06  0.8827
  4.400E+02 -5.279E+02  4.123E-06  0.8586
  4.800E+02 -5.279E+02  4.947E-06  1.0000
  5.200E+02 -5.279E+02  0.000E+00  0.0000
  5.600E+02 -5.279E+02  4.947E-06  1.0000
  6.000E+02 -5.279E+02  0.000E+00  0.0000
  6.400E+02 -5.279E+02  0.000E+00  0.0000
  6.800E+02 -5.279E+02  0.000E+00  0.0000
 -6.800E+02 -4.886E+02  4.947E-06  1.0000
 -6.400E+02 -4.886E+02  4.885E-06  1.0000
 -6.000E+02 -4.886E+02  0.000E+00  0.0000
 -5.600E+02 -4.886E+02  9.895E-06  0.7070
 -5.200E+02 -4.886E+02  0.000E+00  0.0000
 -4.800E+02 -4.886E+02  0.000E+00  0.0000
 -4.400E+02 -4.886E+02  0.000E+00  0.0000
 -4.000E+02 -4.886E+02  0.000E+00  0.0000
 -3.600E+02 -4.886E+02  1.484E-05  0.5772
 -3.200E+02 -4.886E+02  4.947E-06  1.0000
 -2.800E+02 -4.886E+02  4.947E-06  1.0000
 -2.400E+02 -4.886E+02  4.947E-06  1.0000
 -2.000E+02 -4.886E+02  0.000E+00  0.0000
 -1.600E+02 -4.886E+02  4.947E-06  1.0000
 -1.200E+02 -4.886E+02  4.947E-06  1.0000
 -8.000E+01 -4.886E+02  4.947E-06  1.0000
 -4.000E+01 -4.886E+02  4.947E-06  1.0000
  0.000E+00 -4.886E+02  4.947E-06  1.0000
  4.000E+01 -4.886E+02  4.947E-06  1.0000
  8.000E+01 -4.886E+02  1.192E-05  0.6110
  1.200E+02 -4.886E+02  9.895E-06  0.7070
  1.600E+02 -4.886E+02  9.895E-06  0.7070
  2.000E+02 -4.886E+02  4.947E-06  1.0000
  2.400E+02 -4.886E+02  4.947E-06  1.0000
  2.800E+02 -4.886E+02  0.000E+00  0.0000
  3.200E+02 -4.886E+02  4.947E-06  1.0000
  3.600E+02 -4.886E+02  4.947E-06  1.0000
  4.000E+02 -4.886E+02  9.179E-06  0.7092
  4.400E+02 -4.886E+02  9.253E-06  0.7087
  4.800E+02 -4.886E+02  9.895E-06  0.7070
  5.200E+02 -4.886E+02  4.947E-06  1.0000
  5.600E+02 -4.886E+02  0.000E+00  0.0000
  6.000E+02 -4.886E+02  9.895E-06  0.7070
  6.400E+02 -4.886E+02  4.947E-06  1.0000
  6.800E+02 -4.886E+02  0.000E+00  0.0000
 -6.800E+02 -4.492E+02  0.000E+00  0.0000
 -6.400E+02 -4.492E+02  1.154E-05  0.6227
 -6.000E+02 -4.492E+02  1.484E-05  0.5772
 -5.600E+02 -4.492E+02  9.895E-06  0.7070
 -5.200E+02 -4.492E+02  0.000E+00  0.0000
 -4.800E+02 -4.492E+02  5.102E-06  0.9701
 -4.400E+02 -4.492E+02  0.000E+00  0.0000
 -4.000E+02 -4.492E+02  4.947E-06  1.0000
 -3.600E+02 -4.492E+02  0.000E+00  0.0000
 -3.200E+02 -4.492E+02  4.947E-06  1.0000
 -2.800E+02 -4.492E+02  4.947E-06  1.0000
 -2.400E+02 -4.492E+02  4.947E-06  1.0000
 -2.000E+02 -4.492E+02  0.000E+00  0.0000
 -1.600E+02 -4.492E+02  0.000E+00  0.0000
 -1.200E+02 -4.492E+02  4.947E-06  1.0000
 -8.000E+01 -4.492E+02  9.895E-06  0.7070
 -4.000E+01 -4.492E+02  1.484E-05  0.5772
  0.000E+00 -4.492E+02  4.947E-06  1.0000
  4.000E+01 -4.492E+02  1.484E-05  0.5772
  8.000E+01 -4.492E+02  9.895E-06  0.7070
  1.200E+02 -4.492E+02  0.000E+00  0.0000
  1.600E+02 -4.492E+02  0.000E+00  0.0000
  2.000E+02 -4.492E+02  4.947E-06  1.0000
  2.400E+02 -4.492E+02  0.000E+00  0.0000
  2.800E+02 -4.492E+02  4.947E-06  1.0000
  3.200E+02 -4.492E+02  4.947E-06  1.0000
  3.600E+02 -4.492E+02  0.000E+00  0.0000
  4.000E+02 -4.492E+02  0.000E+00  0.0000
  4.400E+02 -4.492E+02  0.000E+00  0.0000
  4.800E+02 -4.492E+02  0.000E+00  0.0000
  5.200E+02 -4.492E+02  9.895E-06  0.7070
  5.600E+02 -4.492E+02  4.947E-06  1.0000
  6.000E+02 -4.492E+02  4.947E-06  1.0000
  6.400E+02 -4.492E+02  0.000E+00  0.0000
  6.800E+02 -4.492E+02  0.000E+00  0.0000
 -6.800E+02 -4.099E+02  9.895E-06  0.7070
 -6.400E+02 -4.099E+02  3.302E-06  1.0000
 -6.000E+02 -4.099E+02  4.947E-06  1.0000
 -5.600E+02 -4.099E+02  4.947E-06  1.0000
 -5.200E+02 -4.099E+02  4.947E-06  1.0000
 -4.800E+02 -4.099E+02  4.792E-06  1.0000
 -4.400E+02 -4.099E+02  4.947E-06  1.0000
 -4.000E+02 -4.099E+02  4.947E-06  1.0000
 -3.600E+02 -4.099E+02  4.947E-06  1.0000
 -3.200E+02 -4.099E+02  9.895E-06  0.7070
 -2.800E+02 -4.099E+02  9.895E-06  0.7070
 -2.400E+02 -4.099E+02  0.000E+00  0.0000
 -2.000E+02 -4.099E+02  4.947E-06  1.0000
 -1.600E+02 -4.099E+02  4.947E-06  1.0000
 -1.200E+02 -4.099E+02  4.947E-06  1.0000
 -8.000E+01 -4.099E+02  4.947E-06  1.0000
 -4.000E+01 -4.099E+02  4.947E-06  1.0000
  0.000E+00 -4.099E+02  4.947E-06  1.0000
  4.000E+01 -4.099E+02  0.000E+00  0.0000
  8.000E+01 -4.099E+02  4.947E-06  1.0000
  1.200E+02 -4.099E+02  0.000E+00  0.0000
  1.600E+02 -4.099E+02  9.337E-06  0.7083
  2.000E+02 -4.099E+02  0.000E+00  0.0000
  2.400E+02 -4.099E+02  9.895E-06  0.7070
  2.800E+02 -4.099E+02  4.818E-06  1.0000
  3.200E+02 -4.099E+02  1.017E-05  0.6884
  3.600E+02 -4.099E+02  4.671E-06  1.0000
  4.000E+02 -4.099E+02  9.895E-06  0.7070
  4.400E+02 -4.099E+02  4.947E-06  1.0000
  4.800E+02 -4.099E+02  9.895E-06  0.7070
  5.200E+02 -4.099E+02  1.290E-05  0.5903
  5.600E+02 -4.099E+02  4.947E-06  1.0000
  6.000E+02 -4.099E+02  4.947E-06  1.0000
  6.400E+02 -4.099E+02  5.484E-06  0.9074
  6.800E+02 -4.099E+02  4.947E-06  1.0000
 -6.800E+02 -3.705E+02  9.895E-06  0.7070
 -6.400E+02 -3.705E+02  4.947E-06  1.0000
 -6.000E+02 -3.705E+02  5.926E-06  0.8510
 -5.600E+02 -3.705E+02  2.474E-05  0.4470
 -5.200E+02 -3.705E+02  9.895E-06  0.7070
 -4.800E+02 -3.705E+02  4.947E-06  1.0000
 -4.400E+02 -3.705E+02  2.125E-05  0.4649
 -4.000E+02 -3.705E+02  0.000E+00  0.0000
 -3.600E+02 -3.705E+02  4.947E-06  1.0000
 -3.200E+02 -3.705E+02  0.000E+00  0.0000
 -2.800E+02 -3.705E+02  9.895E-06  0.7070
 -2.400E+02 -3.705E+02  4.947E-06  1.0000
 -2.000E+02 -3.705E+02  1.979E-05  0.4998
 -1.600E+02 -3.705E+02  0.000E+00  0.0000
 -1.200E+02 -3.705E+02  0.000E+00  0.0000
 -8.000E+01 -3.705E+02  0.000E+00  0.0000
 -4.000E+01 -3.705E+02  0.000E+00  0.0000
  0.000E+00 -3.705E+02  0.000E+00  0.0000
  4.000E+01 -3.705E+02  0.000E+00  0.0000
  8.000E+01 -3.705E+02  0.000E+00  0.0000
  1.200E+02 -3.705E+02  0.000E+00  0.0000
  1.600E+02 -3.705E+02  1.540E-05  0.5575
  2.000E+02 -3.705E+02  4.947E-06  1.0000
  2.400E+02 -3.705E+02  4.947E-06  1.0000
  2.800E+02 -3.705E+02  5.077E-06  0.9748
  3.200E+02 -3.705E+02  4.947E-06  1.0000
  3.600E+02 -3.705E+02  9.895E-06  0.7070
  4.000E+02 -3.705E+02  0.000E+00  0.0000
  4.400E+02 -3.705E+02  4.947E-06  1.0000
  4.800E+02 -3.705E+02  4.947E-06  1.0000
  5.200E+02 -3.705E+02  1.679E-05  0.5233
  5.600E+02 -3.705E+02  4.947E-06  1.0000
  6.000E+02 -3.705E+02  0.000E+00  0.0000
  6.400E+02 -3.705E+02  9.358E-06  0.7082
  6.800E+02 -3.705E+02  1.003E-05  0.6977
 -6.800E+02 -3.312E+02  4.947E-06  1.0000
 -6.400E+02 -3.312E+02  4.947E-06  1.0000
 -6.000E+02 -3.312E+02  8.916E-06  0.7113
 -5.600E+02 -3.312E+02  4.947E-06  1.0000
 -5.200E+02 -3.312E+02  0.000E+00  0.0000
 -4.800E+02 -3.312E+02  2.474E-05  0.4470
 -4.400E+02 -3.312E+02  1.833E-05  0.4976
 -4.000E+02 -3.312E+02  9.895E-06  0.7070
 -3.600E+02 -3.312E+02  0.000E+00  0.0000
 -3.200E+02 -3.312E+02  0.000E+00  0.0000
 -2.800E+02 -3.312E+02  9.895E-06  0.7070
 -2.400E+02 -3.312E+02  1.670E-05  0.5250
 -2.000E+02 -3.312E+02  1.484E-05  0.5772
 -1.600E+02 -3.312E+02  0.000E+00  0.0000
 -1.200E+02 -3.312E+02  0.000E+00  0.0000
 -8.000E+01 -3.312E+02  0.000E+00  0.0000
 -4.000E+01 -3.312E+02  0.000E+00  0.0000
  0.000E+00 -3.312E+02  0.000E+00  0.0000
  4.000E+01 -3.312E+02  0.000E+00  0.0000
  8.000E+01 -3.312E+02  0.000E+00  0.0000
  1.200E+02 -3.312E+02  0.000E+00  0.0000
  1.600E+02 -3.312E+02  4.947E-06  1.0000
  2.000E+02 -3.312E+02  0.000E+00  0.0000
  2.400E+02 -3.312E+02  1.484E-05  0.5772
  2.800E+02 -3.312E+02  4.947E-06  1.0000
  3.200E+02 -3.312E+02  4.947E-06  1.0000
  3.600E+02 -3.312E+02  0.000E+00  0.0000
  4.000E+02 -3.312E+02  0.000E+00  0.0000
  4.400E+02 -3.312E+02  0.000E+00  0.0000
  4.800E+02 -3.312E+02  5.356E-06  0.9268
  5.200E+02 -3.312E+02  0.000E+00  0.0000
  5.600E+02 -3.312E+02  0.000E+00  0.0000
  6.000E+02 -3.312E+02  1.484E-05  0.5772
  6.400E+02 -3.312E+02  9.895E-06  0.7070
  6.800E+02 -3.312E+02  4.813E-06  1.0000
 -6.800E+02 -2.918E+02  1.484E-05  0.5772
 -6.400E+02 -2.918E+02  0.000E+00  0.0000
 -6.000E+02 -2.918E+02  1.484E-05  0.5772
 -5.600E+02 -2.918E+02  4.947E-06  1.0000
 -5.200E+02 -2.918E+02  1.979E-05  0.4998
 -4.800E+02 -2.918E+02  4.947E-06  1.0000
 -4.400E+02 -2.918E+02  0.000E+00  0.0000
 -4.000E+02 -2.918E+02  1.979E-05  0.4998
 -3.600E+02 -2.918E+02  4.947E-06  1.0000
 -3.200E+02 -2.918E+02  0.000E+00  0.0000
 -2.800E+02 -2.918E+02  9.895E-06  0.7070
 -2.400E+02 -2.918E+02  1.793E-05  0.5078
 -2.000E+02 -2.918E+02  9.398E-06  0.7080
 -1.600E+02 -2.918E+02  1.039E-05  0.6749
 -1.200E+02 -2.918E+02  0.000E+00  0.0000
 -8.000E+01 -2.918E+02  0.000E+00  0.0000
 -4.000E+01 -2.918E+02  0.000E+00  0.0000
  0.000E+00 -2.918E+02  0.000E+00  0.0000
  4.000E+01 -2.918E+02  0.000E+00  0.0000
  8.000E+01 -2.918E+02  0.000E+00  0.0000
  1.200E+02 -2.918E+02  0.000E+00  0.0000
  1.600E+02 -2.918E+02  9.895E-06  0.7070
  2.000E+02 -2.918E+02  4.947E-06  1.0000
  2.400E+02 -2.918E+02  9.895E-06  0.7070
  2.800E+02 -2.918E+02  0.000E+00  0.0000
  3.200E+02 -2.918E+02  1.484E-05  0.5772
  3.600E+02 -2.918E+02  9.895E-06  0.7070
  4.000E+02 -2.918E+02  9.895E-06  0.7070
  4.400E+02 -2.918E+02  4.947E-06  1.0000
  4.800E+02 -2.918E+02  1.443E-05  0.5777
  5.200E+02 -2.918E+02  0.000E+00  0.0000
  5.600E+02 -2.918E+02  1.843E-05  0.5039
  6.000E+02 -2.918E+02  9.895E-06  0.7070
  6.400E+02 -2.918E+02  9.895E-06  0.7070
  6.800E+02 -2.918E+02  1.484E-05  0.5772
 -6.800E+02 -2.525E+02  0.000E+00  0.0000
 -6.400E+02 -2.525E+02  9.895E-06  0.7070
 -6.000E+02 -2.525E+02  1.484E-05  0.5772
 -5.600E+02 -2.525E+02  4.947E-06  1.0000
 -5.200E+02 -2.525E+02  0.000E+00  0.0000
 -4.800E+02 -2.525E+02  1.484E-05  0.5772
 -4.400E+02 -2.525E+02  1.979E-05  0.4998
 -4.000E+02 -2.525E+02  1.979E-05  0.4998
 -3.600E+02 -2.525E+02  0.000E+00  0.0000
 -3.200E+02 -2.525E+02  9.895E-06  0.7070
 -2.800E+02 -2.525E+02  9.895E-06  0.7070
 -2.400E+02 -2.525E+02  0.000E+00  0.0000
 -2.000E+02 -2.525E+02  3.811E-06  1.0000
 -1.600E+02 -2.525E+02  9.895E-06  0.7070
 -1.200E+02 -2.525E+02  0.000E+00  0.0000
 -8.000E+01 -2.525E+02  0.000E+00  0.0000
 -4.000E+01 -2.525E+02  0.000E+00  0.0000
  0.000E+00 -2.525E+02  0.000E+00  0.0000
  4.000E+01 -2.525E+02  0.000E+00  0.0000
  8.000E+01 -2.525E+02  0.000E+00  0.0000
  1.200E+02 -2.525E+02  0.000E+00  0.0000
  1.600E+02 -2.525E+02  1.484E-05  0.5772
  2.000E+02 -2.525E+02  1.484E-05  0.5772
  2.400E+02 -2.525E+02  0.000E+00  0.0000
  2.800E+02 -2.525E+02  0.000E+00  0.0000
  3.200E+02 -2.525E+02  9.895E-06  0.7070
  3.600E+02 -2.525E+02  4.947E-06  1.0000
  4.000E+02 -2.525E+02  4.947E-06  1.0000
  4.400E+02 -2.525E+02  4.947E-06  1.0000
  4.800E+02 -2.525E+02  9.895E-06  0.7070
  5.200E+02 -2.525E+02  0.000E+00  0.0000
  5.600E+02 -2.525E+02  6.308E-06  0.8133
  6.000E+02 -2.525E+02  9.895E-06  0.7070
  6.400E+02 -2.525E+02  9.895E-06  0.7070
  6.800E+02 -2.525E+02  0.000E+00  0.0000
 -6.800E+02 -2.132E+02  0.000E+00  0.0000
 -6.400E+02 -2.132E+02  4.947E-06  1.0000
 -6.000E+02 -2.132E+02  9.895E-06  0.7070
 -5.600E+02 -2.132E+02  9.895E-06  0.7070
 -5.200E+02 -2.132E+02  2.968E-05  0.4080
 -4.800E+02 -2.132E+02  0.000E+00  0.0000
 -4.400E+02 -2.132E+02  4.947E-06  1.0000
 -4.000E+02 -2.132E+02  4.947E-06  1.0000
 -3.600E+02 -2.132E+02  1.250E-05  0.5971
 -3.200E+02 -2.132E+02  1.718E-05  0.5169
 -2.800E+02 -2.132E+02  4.947E-06  1.0000
 -2.400E+02 -2.132E+02  9.895E-06  0.7070
 -2.000E+02 -2.132E+02  6.083E-06  0.8344
 -1.600E+02 -2.132E+02  4.947E-06  1.0000
 -1.200E+02 -2.132E+02  0.000E+00  0.0000
 -8.000E+01 -2.132E+02  0.000E+00  0.0000
 -4.000E+01 -2.132E+02  0.000E+00  0.0000
  0.000E+00 -2.132E+02  0.000E+00  0.0000
  4.000E+01 -2.132E+02  0.000E+00  0.0000
  8.000E+01 -2.132E+02  0.000E+00  0.0000
  1.200E+02 -2.132E+02  0.000E+00  0.0000
  1.600E+02 -2.132E+02  4.947E-06  1.0000
  2.000E+02 -2.132E+02  4.947E-06  1.0000
  2.400E+02 -2.132E+02  9.895E-06  0.7070
  2.800E+02 -2.132E+02  9.895E-06  0.7070
  3.200E+02 -2.132E+02  4.947E-06  1.0000
  3.600E+02 -2.132E+02  0.000E+00  0.0000
  4.000E+02 -2.132E+02  1.484E-05  0.5772
  4.400E+02 -2.132E+02  0.000E+00  0.0000
  4.800E+02 -2.132E+02  1.484E-05  0.5772
  5.200E+02 -2.132E+02  9.895E-06  0.7070
  5.600E+02 -2.132E+02  1.996E-05  0.4956
  6.000E+02 -2.132E+02  9.723E-06  0.7071
  6.400E+02 -2.132E+02  1.979E-05  0.4998
  6.800E+02 -2.132E+02  1.484E-05  0.5772
 -6.800E+02 -1.738E+02  4.947E-06  1.0000
 -6.400E+02 -1.738E+02  2.474E-05  0.4470
 -6.000E+02 -1.738E+02  1.484E-05  0.5772
 -5.600E+02 -1.738E+02  1.484E-05  0.5772
 -5.200E+02 -1.738E+02  0.000E+00  0.0000
 -4.800E+02 -1.738E+02  9.895E-06  0.7070
 -4.400E+02 -1.738E+02  0.000E+00  0.0000
 -4.000E+02 -1.738E+02  4.947E-06  1.0000
 -3.600E+02 -1.738E+02  4.947E-06  1.0000
 -3.200E+02 -1.738E+02  4.947E-06  1.0000
 -2.800E+02 -1.738E+02  5.875E-06  0.8567
 -2.400E+02 -1.738E+02  1.391E-05  0.5798
 -2.000E+02 -1.738E+02  1.484E-05  0.5772
 -1.600E+02 -1.738E+02  4.947E-06  1.0000
 -1.200E+02 -1.738E+02  0.000E+00  0.0000
 -8.000E+01 -1.738E+02  0.000E+00  0.0000
 -4.000E+01 -1.738E+02  0.000E+00  0.0000
  0.000E+00 -1.738E+02  0.000E+00  0.0000
  4.000E+01 -1.738E+02  0.000E+00  0.0000
  8.000E+01 -1.738E+02  0.000E+00  0.0000
  1.200E+02 -1.738E+02  0.000E+00  0.0000
  1.600E+02 -1.738E+02  1.484E-05  0.5772
  2.000E+02 -1.738E+02  4.947E-06  1.0000
  2.400E+02 -1.738E+02  4.947E-06  1.0000
  2.800E+02 -1.738E+02  0.000E+00  0.0000
  3.200E+02 -1.738E+02  1.979E-05  0.4998
  3.600E+02 -1.738E+02  4.947E-06  1.0000
  4.000E+02 -1.738E+02  9.895E-06  0.7070
  4.400E+02 -1.738E+02  1.628E-05  0.5335
  4.800E+02 -1.738E+02  9.895E-06  0.7070
  5.200E+02 -1.738E+02  4.947E-06  1.0000
  5.600E+02 -1.738E+02  1.409E-05  0.5789
  6.000E+02 -1.738E+02  7.468E-07  1.0000
  6.400E+02 -1.738E+02  1.979E-05  0.4998
  6.800E+02 -1.738E+02  9.895E-06  0.7070
 -6.800E+02 -1.345E+02  9.895E-06  0.7070
 -6.400E+02 -1.345E+02  9.895E-06  0.7070
 -6.000E+02 -1.345E+02  9.895E-06  0.7070
 -5.600E+02 -1.345E+02  9.895E-06  0.7070
 -5.200E+02 -1.345E+02  9.895E-06  0.7070
 -4.800E+02 -1.345E+02  4.947E-06  1.0000
 -4.400E+02 -1.345E+02  9.895E-06  0.7070
 -4.000E+02 -1.345E+02  2.474E-05  0.4470
 -3.600E+02 -1.345E+02  0.000E+00  0.0000
 -3.200E+02 -1.345E+02  9.895E-06  0.7070
 -2.800E+02 -1.345E+02  1.484E-05  0.5772
 -2.400E+02 -1.345E+02  4.947E-06  1.0000
 -2.000E+02 -1.345E+02  4.947E-06  1.0000
 -1.600E+02 -1.345E+02  0.000E+00  0.0000
 -1.200E+02 -1.345E+02  0.000E+00  0.0000
 -8.000E+01 -1.345E+02  0.000E+00  0.0000
 -4.000E+01 -1.345E+02  0.000E+00  0.0000
  0.000E+00 -1.345E+02  0.000E+00  0.0000
  4.000E+01 -1.345E+02  0.000E+00  0.0000
  8.000E+01 -1.345E+02  0.000E+00  0.0000
  1.200E+02 -1.345E+02  0.000E+00  0.0000
  1.600E+02 -1.345E+02  7.165E-06  0.7566
  2.000E+02 -1.345E+02  9.895E-06  0.7070
  2.400E+02 -1.345E+02  1.979E-05  0.4998
  2.800E+02 -1.345E+02  9.895E-06  0.7070
  3.200E+02 -1.345E+02  9.895E-06  0.7070
  3.600E+02 -1.345E+02  1.484E-05  0.5772
  4.000E+02 -1.345E+02  9.895E-06  0.7070
  4.400E+02 -1.345E+02  3.504E-06  1.0000
  4.800E+02 -1.345E+02  1.979E-05  0.4998
  5.200E+02 -1.345E+02  4.947E-06  1.0000
  5.600E+02 -1.345E+02  2.474E-05  0.4470
  6.000E+02 -1.345E+02  0.000E+00  0.0000
  6.400E+02 -1.345E+02  4.947E-06  1.0000
  6.800E+02 -1.345E+02  5.095E-06  0.9714
 -6.800E+02 -9.511E+01  0.000E+00  0.0000
 -6.400E+02 -9.511E+01  4.947E-06  1.0000
 -6.000E+02 -9.511E+01  0.000E+00  0.0000
 -5.600E+02 -9.511E+01  1.484E-05  0.5772
 -5.200E+02 -9.511E+01  1.979E-05  0.4998
 -4.800E+02 -9.511E+01  4.947E-06  1.0000
 -4.400E+02 -9.511E+01  0.000E+00  0.0000
 -4.000E+02 -9.511E+01  0.000E+00  0.0000
 -3.600E+02 -9.511E+01  9.895E-06  0.7070
 -3.200E+02 -9.511E+01  0.000E+00  0.0000
 -2.800E+02 -9.511E+01  4.947E-06  1.0000
 -2.400E+02 -9.511E+01  1.979E-05  0.4998
 -2.000E+02 -9.511E+01  9.895E-06  0.7070
 -1.600E+02 -9.511E+01  0.000E+00  0.0000
 -1.200E+02 -9.511E+01  9.895E-06  0.7070
 -8.000E+01 -9.511E+01  0.000E+00  0.0000
 -4.000E+01 -9.511E+01  2.474E-05  0.4470
  0.000E+00 -9.511E+01  0.000E+00  0.0000
  4.000E+01 -9.511E+01  9.895E-06  0.7070
  8.000E+01 -9.511E+01  9.895E-06  0.7070
  1.200E+02 -9.511E+01  0.000E+00  0.0000
  1.600E+02 -9.511E+01  2.730E-06  1.0000
  2.000E+02 -9.511E+01  1.484E-05  0.5772
  2.400E+02 -9.511E+01  9.895E-06  0.7070
  2.800E+02 -9.511E+01  9.895E-06  0.7070
  3.200E+02 -9.511E+01  1.484E-05  0.5772
  3.600E+02 -9.511E+01  6.640E-06  0.7874
  4.000E+02 -9.511E+01  2.304E-05  0.4518
  4.400E+02 -9.511E+01  1.979E-05  0.4998
  4.800E+02 -9.511E+01  9.895E-06  0.7070
  5.200E+02 -9.511E+01  9.895E-06  0.7070
  5.600E+02 -9.511E+01  2.968E-05  0.4080
  6.000E+02 -9.511E+01  9.895E-06  0.7070
  6.400E+02 -9.511E+01  1.484E-05  0.5772
  6.800E+02 -9.511E+01  1.469E-05  0.5773
 -6.800E+02 -5.576E+01  4.947E-06  1.0000
 -6.400E+02 -5.576E+01  0.000E+00  0.0000
 -6.000E+02 -5.576E+01  1.979E-05  0.4998
 -5.600E+02 -5.576E+01  0.000E+00  0.0000
 -5.200E+02 -5.576E+01  4.947E-06  1.0000
 -4.800E+02 -5.576E+01  0.000E+00  0.0000
 -4.400E+02 -5.576E+01  2.968E-05  0.4080
 -4.000E+02 -5.576E+01  9.895E-06  0.7070
 -3.600E+02 -5.576E+01  4.947E-06  1.0000
 -3.200E+02 -5.576E+01  9.895E-06  0.7070
 -2.800E+02 -5.576E+01  0.000E+00  0.0000
 -2.400E+02 -5.576E+01  1.979E-05  0.4998
 -2.000E+02 -5.576E+01  9.895E-06  0.7070
 -1.600E+02 -5.576E+01  9.895E-06  0.7070
 -1.200E+02 -5.576E+01  9.895E-06  0.7070
 -8.000E+01 -5.576E+01  0.000E+00  0.0000
 -4.000E+01 -5.576E+01  3.463E-05  0.3777
  0.000E+00 -5.576E+01  1.484E-05  0.5772
  4.000E+01 -5.576E+01  2.474E-05  0.4470
  8.000E+01 -5.576E+01  0.000E+00  0.0000
  1.200E+02 -5.576E+01  9.895E-06  0.7070
  1.600E+02 -5.576E+01  0.000E+00  0.0000
  2.000E+02 -5.576E+01  9.895E-06  0.7070
  2.400E+02 -5.576E+01  1.979E-05  0.4998
  2.800E+02 -5.576E+01  9.895E-06  0.7070
  3.200E+02 -5.576E+01  1.484E-05  0.5772
  3.600E+02 -5.576E+01  4.947E-06  1.0000
  4.000E+02 -5.576E+01  1.484E-05  0.5772
  4.400E+02 -5.576E+01  1.009E-07  1.0000
  4.800E+02 -5.576E+01  1.484E-05  0.5772
  5.200E+02 -5.576E+01  4.947E-06  1.0000
  5.600E+02 -5.576E+01  4.947E-06  1.0000
  6.000E+02 -5.576E+01  1.484E-05  0.5772
  6.400E+02 -5.576E+01  4.947E-06  1.0000
  6.800E+02 -5.576E+01  9.895E-06  0.7070
 -6.800E+02 -1.641E+01  4.947E-06  1.0000
 -6.400E+02 -1.641E+01  6.075E-06  0.8353
 -6.000E+02 -1.641E+01  3.845E-05  0.3544
 -5.600E+02 -1.641E+01  9.895E-06  0.7070
 -5.200E+02 -1.641E+01  4.947E-06  1.0000
 -4.800E+02 -1.641E+01  4.947E-06  1.0000
 -4.400E+02 -1.641E+01  0.000E+00  0.0000
 -4.000E+02 -1.641E+01  0.000E+00  0.0000
 -3.600E+02 -1.641E+01  4.947E-06  1.0000
 -3.200E+02 -1.641E+01  9.895E-06  0.7070
 -2.800E+02 -1.641E+01  0.000E+00  0.0000
 -2.400E+02 -1.641E+01  0.000E+00  0.0000
 -2.000E+02 -1.641E+01  4.947E-06  1.0000
 -1.600E+02 -1.641E+01  1.979E-05  0.4998
 -1.200E+02 -1.641E+01  4.947E-06  1.0000
 -8.000E+01 -1.641E+01  9.895E-06  0.7070
 -4.000E+01 -1.641E+01  9.895E-06  0.7070
  0.000E+00 -1.641E+01  0.000E+00  0.0000
  4.000E+01 -1.641E+01  9.895E-06  0.7070
  8.000E+01 -1.641E+01  1.484E-05  0.5772
  1.200E+02 -1.641E+01  9.895E-06  0.7070
  1.600E+02 -1.641E+01  0.000E+00  0.0000
  2.000E+02 -1.641E+01  0.000E+00  0.0000
  2.400E+02 -1.641E+01  0.000E+00  0.0000
  2.800E+02 -1.641E+01  1.484E-05  0.5772
  3.200E+02 -1.641E+01  4.947E-06  1.0000
  3.600E+02 -1.641E+01  9.895E-06  0.7070
  4.000E+02 -1.641E+01  4.947E-06  1.0000
  4.400E+02 -1.641E+01  4.846E-06  1.0000
  4.800E+02 -1.641E+01  4.947E-06  1.0000
  5.200E+02 -1.641E+01  0.000E+00  0.0000
  5.600E+02 -1.641E+01  1.484E-05  0.5772
  6.000E+02 -1.641E+01  9.895E-06  0.7070
  6.400E+02 -1.641E+01  1.979E-05  0.4998
  6.800E+02 -1.641E+01  4.947E-06  1.0000
 -6.800E+02  2.293E+01  0.000E+00  0.0000
 -6.400E+02  2.293E+01  0.000E+00  0.0000
 -6.000E+02  2.293E+01  0.000E+00  0.0000
 -5.600E+02  2.293E+01  0.000E+00  0.0000
 -5.200E+02  2.293E+01  0.000E+00  0.0000
 -4.800E+02  2.293E+01  0.000E+00  0.0000
 -4.400E+02  2.293E+01  0.000E+00  0.0000
 -4.000E+02  2.293E+01  0.000E+00  0.0000
 -3.600E+02  2.293E+01  0.000E+00  0.0000
 -3.200E+02  2.293E+01  0.000E+00  0.0000
 -2.800E+02  2.293E+01  0.000E+00  0.0000
 -2.400E+02  2.293E+01  0.000E+00  0.0000
 -2.000E+02  2.293E+01  0.000E+00  0.0000
 -1.600E+02  2.293E+01  0.000E+00  0.0000
 -1.200E+02  2.293E+01  0.000E+00  0.0000
 -8.000E+01  2.293E+01  0.000E+00  0.0000
 -4.000E+01  2.293E+01  0.000E+00  0.0000
  0.000E+00  2.293E+01  0.000E+00  0.0000
  4.000E+01  2.293E+01  0.000E+00  0.0000
  8.000E+01  2.293E+01  0.000E+00  0.0000
  1.200E+02  2.293E+01  0.000E+00  0.0000
  1.600E+02  2.293E+01  0.000E+00  0.0000
  2.000E+02  2.293E+01  0.000E+00  0.0000
  2.400E+02  2.293E+01  0.000E+00  0.0000
  2.800E+02  2.293E+01  0.000E+00  0.0000
  3.200E+02  2.293E+01  0.000E+00  0.0000
  3.600E+02  2.293E+01  0.000E+00  0.0000
  4.000E+02  2.293E+01  0.000E+00  0.0000
  4.400E+02  2.293E+01  0.000E+00  0.0000
  4.800E+02  2.293E+01  0.000E+00  0.0000
  5.200E+02  2.293E+01  0.000E+00  0.0000
  5.600E+02  2.293E+01  0.000E+00  0.0000
  6.000E+02  2.293E+01  0.000E+00  0.0000
  6.400E+02  2.293E+01  0.000E+00  0.0000
  6.800E+02  2.293E+01  0.000E+00  0.0000
 -6.800E+02  6.228E+01  0.000E+00  0.0000
 -6.400E+02  6.228E+01  0.000E+00  0.0000
 -6.000E+02  6.228E+01  0.000E+00  0.0000
 -5.600E+02  6.228E+01  0.000E+00  0.0000
 -5.200E+02  6.228E+01  0.000E+00  0.0000
 -4.800E+02  6.228E+01  0.000E+00  0.0000
 -4.400E+02  6.228E+01  0.000E+00  0.0000
 -4.000E+02  6.228E+01  0.000E+00  0.0000
 -3.600E+02  6.228E+01  0.000E+00  0.0000
 -3.200E+02  6.228E+01  0.000E+00  0.0000
 -2.800E+02  6.228E+01  0.000E+00  0.0000
 -2.400E+02  6.228E+01  0.000E+00  0.0000
 -2.000E+02  6.228E+01  0.000E+00  0.0000
 -1.600E+02  6.228E+01  0.000E+00  0.0000
 -1.200E+02  6.228E+01  0.000E+00  0.0000
 -8.000E+01  6.228E+01  0.000E+00  0.0000
 -4.000E+01  6.228E+01  0.000E+00  0.0000
  0.000E+00  6.228E+01  0.000E+00  0.0000
  4.000E+01  6.228E+01  0.000E+00  0.0000
  8.000E+01  6.228E+01  0.000E+00  0.0000
  1.200E+02  6.228E+01  0.000E+00  0.0000
  1.600E+02  6.228E+01  0.000E+00  0.0000
  2.000E+02  6.228E+01  0.000E+00  0.0000
  2.400E+02  6.228E+01  0.000E+00  0.0000
  2.800E+02  6.228E+01  0.000E+00  0.0000
  3.200E+02  6.228E+01  0.000E+00  0.0000
  3.600E+02  6.228E+01  0.000E+00  0.0000
  4.000E+02  6.228E+01  0.000E+00  0.0000
  4.400E+02  6.228E+01  0.000E+00  0.0000
  4.800E+02  6.228E+01  0.000E+00  0.0000
  5.200E+02  6.228E+01  0.000E+00  0.0000
  5.600E+02  6.228E+01  0.000E+00  0.0000
  6.000E+02  6.228E+01  0.000E+00  0.0000
  6.400E+02  6.228E+01  0.000E+00  0.0000
  6.800E+02  6.228E+01  0.000E+00  0.0000
 -6.800E+02  1.016E+02  0.000E+00  0.0000
 -6.400E+02  1.016E+02  0.000E+00  0.0000
 -6.000E+02  1.016E+02  0.000E+00  0.0000
 -5.600E+02  1.016E+02  0.000E+00  0.0000
 -5.200E+02  1.016E+02  0.000E+00  0.0000
 -4.800E+02  1.016E+02  0.000E+00  0.0000
 -4.400E+02  1.016E+02  0.000E+00  0.0000
 -4.000E+02  1.016E+02  0.000E+00  0.0000
 -3.600E+02  1.016E+02  0.000E+00  0.0000
 -3.200E+02  1.016E+02  0.000E+00  0.0000
 -2.800E+02  1.016E+02  0.000E+00  0.0000
 -2.400E+02  1.016E+02  0.000E+00  0.0000
 -2.000E+02  1.016E+02  0.000E+00  0.0000
 -1.600E+02  1.016E+02  0.000E+00  0.0000
 -1.200E+02  1.016E+02  0.000E+00  0.0000
 -8.000E+01  1.016E+02  0.000E+00  0.0000
 -4.000E+01  1.016E+02  0.000E+00  0.0000
  0.000E+00  1.016E+02  0.000E+00  0.0000
  4.000E+01  1.016E+02  0.000E+00  0.0000
  8.000E+01  1.016E+02  0.000E+00  0.0000
  1.200E+02  1.016E+02  0.000E+00  0.0000
  1.600E+02  1.016E+02  0.000E+00  0.0000
  2.000E+02  1.016E+02  0.000E+00  0.0000
  2.400E+02  1.016E+02  0.000E+00  0.0000
  2.800E+02  1.016E+02  0.000E+00  0.0000
  3.200E+02  1.016E+02  0.000E+00  0.0000
  3.600E+02  1.016E+02  0.000E+00  0.0000
  4.000E+02  1.016E+02  0.000E+00  0.0000
  4.400E+02  1.016E+02  0.000E+00  0.0000
  4.800E+02  1.016E+02  0.000E+00  0.0000
  5.200E+02  1.016E+02  0.000E+00  0.0000
  5.600E+02  1.016E+02  0.000E+00  0.0000
  6.000E+02  1.016E+02  0.000E+00  0.0000
  6.400E+02  1.016E+02  0.000E+00  0.0000
  6.800E+02  1.016E+02  0.000E+00  0.0000
 -6.800E+02  1.410E+02  0.000E+00  0.0000
 -6.400E+02  1.410E+02  0.000E+00  0.0000
 -6.000E+02  1.410E+02  0.000E+00  0.0000
 -5.600E+02  1.410E+02  0.000E+00  0.0000
 -5.200E+02  1.410E+02  0.000E+00  0.0000
 -4.800E+02  1.410E+02  0.000E+00  0.0000
 -4.400E+02  1.410E+02  0.000E+00  0.0000
 -4.000E+02  1.410E+02  0.000E+00  0.0000
 -3.600E+02  1.410E+02  0.000E+00  0.0000
 -3.200E+02  1.410E+02  0.000E+00  0.0000
 -2.800E+02  1.410E+02  0.000E+00  0.0000
 -2.400E+02  1.410E+02  0.000E+00  0.0000
 -2.000E+02  1.410E+02  0.000E+00  0.0000
 -1.600E+02  1.410E+02  0.000E+00  0.0000
 -1.200E+02  1.410E+02  0.000E+00  0.0000
 -8.000E+01  1.410E+02  0.000E+00  0.0000
 -4.000E+01  1.410E+02  0.000E+00  0.0000
  0.000E+00  1.410E+02  0.000E+00  0.0000
  4.000E+01  1.410E+02  0.000E+00  0.0000
  8.000E+01  1.410E+02  0.000E+00  0.0000
  1.200E+02  1.410E+02  0.000E+00  0.0000
  1.600E+02  1.410E+02  0.000E+00  0.0000
  2.000E+02  1.410E+02  0.000E+00  0.0000
  2.400E+02  1.410E+02  0.000E+00  0.0000
  2.800E+02  1.410E+02  0.000E+00  0.0000
  3.200E+02  1.410E+02  0.000E+00  0.0000
  3.600E+02  1.410E+02  0.000E+00  0.0000
  4.000E+02  1.410E+02  0.000E+00  0.0000
  4.400E+02  1.410E+02  0.000E+00  0.0000
  4.800E+02  1.410E+02  0.000E+00  0.0000
  5.200E+02  1.410E+02  0.000E+00  0.0000
  5.600E+02  1.410E+02  0.000E+00  0.0000
  6.000E+02  1.410E+02  0.000E+00  0.0000
  6.400E+02  1.410E+02  0.000E+00  0.0000
  6.800E+02  1.410E+02  0.000E+00  0.0000
 -6.800E+02  1.803E+02  0.000E+00  0.0000
 -6.400E+02  1.803E+02  0.000E+00  0.0000
 -6.000E+02  1.803E+02  0.000E+00  0.0000
 -5.600E+02  1.803E+02  0.000E+00  0.0000
 -5.200E+02  1.803E+02  0.000E+00  0.0000
 -4.800E+02  1.803E+02  0.000E+00  0.0000
 -4.400E+02  1.803E+02  0.000E+00  0.0000
 -4.000E+02  1.803E+02  0.000E+00  0.0000
 -3.600E+02  1.803E+02  0.000E+00  0.0000
 -3.200E+02  1.803E+02  0.000E+00  0.0000
 -2.800E+02  1.803E+02  0.000E+00  0.0000
 -2.400E+02  1.803E+02  0.000E+00  0.0000
 -2.000E+02  1.803E+02  0.000E+00  0.0000
 -1.600E+02  1.803E+02  0.000E+00  0.0000
 -1.200E+02  1.803E+02  0.000E+00  0.0000
 -8.000E+01  1.803E+02  0.000E+00  0.0000
 -4.000E+01  1.803E+02  0.000E+00  0.0000
  0.000E+00  1.803E+02  0.000E+00  0.0000
  4.000E+01  1.803E+02  0.000E+00  0.0000
  8.000E+01  1.803E+02  0.000E+00  0.0000
  1.200E+02  1.803E+02  0.000E+00  0.0000
  1.600E+02  1.803E+02  0.000E+00  0.0000
  2.000E+02  1.803E+02  0.000E+00  0.0000
  2.400E+02  1.803E+02  0.000E+00  0.0000
  2.800E+02  1.803E+02  0.000E+00  0.0000
  3.200E+02  1.803E+02  0.000E+00  0.0000
  3.600E+02  1.803E+02  0.000E+00  0.0000
  4.000E+02  1.803E+02  0.000E+00  0.0000
  4.400E+02  1.803E+02  0.000E+00  0.0000
  4.800E+02  1.803E+02  0.000E+00  0.0000
  5.200E+02  1.803E+02  0.000E+00  0.0000
  5.600E+02  1.803E+02  0.000E+00  0.0000
  6.000E+02  1.803E+02  0.000E+00  0.0000
  6.400E+02  1.803E+02  0.000E+00  0.0000
  6.800E+02  1.803E+02  0.000E+00  0.0000

#------------------------------------------------------------------------------
 newpage:
#   no. =  8   ie  =  4   iy  =  1   part. = muon-   
#   e = (   2.0000E+01  -   1.0000E+05  )
#   y = (  -1.0000E+03  -   1.0000E+03  )
#  nx =  35   nz =  23

# x          z          flux       r.err
 -6.800E+02 -6.853E+02  1.391E-03  0.3444
 -6.400E+02 -6.853E+02  2.403E-03  0.2644
 -6.000E+02 -6.853E+02  1.317E-03  0.3370
 -5.600E+02 -6.853E+02  3.577E-03  0.2246
 -5.200E+02 -6.853E+02  2.149E-03  0.2740
 -4.800E+02 -6.853E+02  3.855E-03  0.2122
 -4.400E+02 -6.853E+02  1.442E-03  0.3452
 -4.000E+02 -6.853E+02  1.627E-03  0.3373
 -3.600E+02 -6.853E+02  2.795E-03  0.2510
 -3.200E+02 -6.853E+02  1.246E-03  0.3901
 -2.800E+02 -6.853E+02  3.069E-03  0.2347
 -2.400E+02 -6.853E+02  3.537E-03  0.2432
 -2.000E+02 -6.853E+02  3.187E-03  0.2176
 -1.600E+02 -6.853E+02  4.375E-03  0.2034
 -1.200E+02 -6.853E+02  2.236E-03  0.2660
 -8.000E+01 -6.853E+02  2.493E-03  0.2642
 -4.000E+01 -6.853E+02  2.113E-03  0.2766
  0.000E+00 -6.853E+02  2.793E-03  0.2538
  4.000E+01 -6.853E+02  2.843E-03  0.2421
  8.000E+01 -6.853E+02  4.415E-03  0.2239
  1.200E+02 -6.853E+02  4.160E-03  0.2010
  1.600E+02 -6.853E+02  2.333E-03  0.2517
  2.000E+02 -6.853E+02  3.085E-03  0.2349
  2.400E+02 -6.853E+02  2.930E-03  0.2473
  2.800E+02 -6.853E+02  2.082E-03  0.3003
  3.200E+02 -6.853E+02  2.605E-03  0.2442
  3.600E+02 -6.853E+02  2.835E-03  0.2480
  4.000E+02 -6.853E+02  4.068E-03  0.2007
  4.400E+02 -6.853E+02  2.549E-03  0.2387
  4.800E+02 -6.853E+02  3.482E-03  0.2295
  5.200E+02 -6.853E+02  3.819E-03  0.2184
  5.600E+02 -6.853E+02  4.084E-03  0.2098
  6.000E+02 -6.853E+02  3.642E-03  0.2172
  6.400E+02 -6.853E+02  2.909E-03  0.2364
  6.800E+02 -6.853E+02  1.739E-03  0.3262
 -6.800E+02 -6.460E+02  2.599E-03  0.2600
 -6.400E+02 -6.460E+02  2.835E-03  0.2437
 -6.000E+02 -6.460E+02  1.465E-03  0.3583
 -5.600E+02 -6.460E+02  3.263E-03  0.2279
 -5.200E+02 -6.460E+02  2.369E-03  0.2662
 -4.800E+02 -6.460E+02  3.431E-03  0.2247
 -4.400E+02 -6.460E+02  2.217E-03  0.2922
 -4.000E+02 -6.460E+02  1.623E-03  0.3475
 -3.600E+02 -6.460E+02  3.043E-03  0.2513
 -3.200E+02 -6.460E+02  1.183E-03  0.3759
 -2.800E+02 -6.460E+02  2.423E-03  0.2593
 -2.400E+02 -6.460E+02  3.475E-03  0.2208
 -2.000E+02 -6.460E+02  5.216E-03  0.2011
 -1.600E+02 -6.460E+02  3.461E-03  0.2145
 -1.200E+02 -6.460E+02  2.626E-03  0.2526
 -8.000E+01 -6.460E+02  2.819E-03  0.2402
 -4.000E+01 -6.460E+02  2.794E-03  0.2449
  0.000E+00 -6.460E+02  3.631E-03  0.2183
  4.000E+01 -6.460E+02  3.746E-03  0.2277
  8.000E+01 -6.460E+02  4.550E-03  0.2130
  1.200E+02 -6.460E+02  3.774E-03  0.2207
  1.600E+02 -6.460E+02  2.542E-03  0.2643
  2.000E+02 -6.460E+02  3.121E-03  0.2299
  2.400E+02 -6.460E+02  3.254E-03  0.2222
  2.800E+02 -6.460E+02  2.989E-03  0.2426
  3.200E+02 -6.460E+02  3.111E-03  0.2291
  3.600E+02 -6.460E+02  2.217E-03  0.2811
  4.000E+02 -6.460E+02  3.051E-03  0.2255
  4.400E+02 -6.460E+02  3.978E-03  0.2076
  4.800E+02 -6.460E+02  3.888E-03  0.2184
  5.200E+02 -6.460E+02  4.028E-03  0.2171
  5.600E+02 -6.460E+02  4.154E-03  0.2037
  6.000E+02 -6.460E+02  2.389E-03  0.2509
  6.400E+02 -6.460E+02  3.884E-03  0.2128
  6.800E+02 -6.460E+02  1.934E-03  0.2992
 -6.800E+02 -6.066E+02  3.280E-03  0.2364
 -6.400E+02 -6.066E+02  2.596E-03  0.2507
 -6.000E+02 -6.066E+02  2.669E-03  0.2538
 -5.600E+02 -6.066E+02  3.225E-03  0.2226
 -5.200E+02 -6.066E+02  2.789E-03  0.2496
 -4.800E+02 -6.066E+02  3.195E-03  0.2284
 -4.400E+02 -6.066E+02  2.304E-03  0.2832
 -4.000E+02 -6.066E+02  2.192E-03  0.2924
 -3.600E+02 -6.066E+02  2.826E-03  0.2425
 -3.200E+02 -6.066E+02  1.473E-03  0.3572
 -2.800E+02 -6.066E+02  2.406E-03  0.2660
 -2.400E+02 -6.066E+02  3.637E-03  0.2149
 -2.000E+02 -6.066E+02  4.468E-03  0.1983
 -1.600E+02 -6.066E+02  4.707E-03  0.1890
 -1.200E+02 -6.066E+02  2.307E-03  0.2528
 -8.000E+01 -6.066E+02  2.925E-03  0.2358
 -4.000E+01 -6.066E+02  3.527E-03  0.2055
  0.000E+00 -6.066E+02  4.352E-03  0.2015
  4.000E+01 -6.066E+02  4.556E-03  0.2064
  8.000E+01 -6.066E+02  4.197E-03  0.2082
  1.200E+02 -6.066E+02  3.734E-03  0.2201
  1.600E+02 -6.066E+02  3.459E-03  0.2266
  2.000E+02 -6.066E+02  3.405E-03  0.2228
  2.400E+02 -6.066E+02  3.207E-03  0.2282
  2.800E+02 -6.066E+02  3.121E-03  0.2229
  3.200E+02 -6.066E+02  2.473E-03  0.2463
  3.600E+02 -6.066E+02  2.629E-03  0.2405
  4.000E+02 -6.066E+02  3.686E-03  0.2154
  4.400E+02 -6.066E+02  3.745E-03  0.2087
  4.800E+02 -6.066E+02  4.617E-03  0.2108
  5.200E+02 -6.066E+02  4.023E-03  0.2168
  5.600E+02 -6.066E+02  3.151E-03  0.2337
  6.000E+02 -6.066E+02  1.991E-03  0.2782
  6.400E+02 -6.066E+02  4.532E-03  0.1954
  6.800E+02 -6.066E+02  2.674E-03  0.2455
 -6.800E+02 -5.673E+02  2.739E-03  0.2519
 -6.400E+02 -5.673E+02  4.125E-03  0.2135
 -6.000E+02 -5.673E+02  2.450E-03  0.2548
 -5.600E+02 -5.673E+02  2.813E-03  0.2287
 -5.200E+02 -5.673E+02  3.431E-03  0.2210
 -4.800E+02 -5.673E+02  3.273E-03  0.2225
 -4.400E+02 -5.673E+02  2.539E-03  0.2663
 -4.000E+02 -5.673E+02  3.127E-03  0.2350
 -3.600E+02 -5.673E+02  2.654E-03  0.2639
 -3.200E+02 -5.673E+02  1.650E-03  0.2812
 -2.800E+02 -5.673E+02  2.565E-03  0.2638
 -2.400E+02 -5.673E+02  3.673E-03  0.2196
 -2.000E+02 -5.673E+02  3.397E-03  0.2228
 -1.600E+02 -5.673E+02  5.574E-03  0.1999
 -1.200E+02 -5.673E+02  2.545E-03  0.2561
 -8.000E+01 -5.673E+02  3.378E-03  0.2183
 -4.000E+01 -5.673E+02  4.609E-03  0.1898
  0.000E+00 -5.673E+02  2.946E-03  0.2611
  4.000E+01 -5.673E+02  5.901E-03  0.1908
  8.000E+01 -5.673E+02  4.207E-03  0.2061
  1.200E+02 -5.673E+02  4.411E-03  0.1968
  1.600E+02 -5.673E+02  4.195E-03  0.1997
  2.000E+02 -5.673E+02  3.092E-03  0.2273
  2.400E+02 -5.673E+02  2.722E-03  0.2467
  2.800E+02 -5.673E+02  2.816E-03  0.2358
  3.200E+02 -5.673E+02  3.754E-03  0.2122
  3.600E+02 -5.673E+02  3.042E-03  0.2302
  4.000E+02 -5.673E+02  3.937E-03  0.2133
  4.400E+02 -5.673E+02  3.325E-03  0.2290
  4.800E+02 -5.673E+02  4.687E-03  0.2033
  5.200E+02 -5.673E+02  3.655E-03  0.2117
  5.600E+02 -5.673E+02  2.909E-03  0.2418
  6.000E+02 -5.673E+02  3.409E-03  0.2176
  6.400E+02 -5.673E+02  3.548E-03  0.2219
  6.800E+02 -5.673E+02  3.536E-03  0.2266
 -6.800E+02 -5.279E+02  4.310E-03  0.2011
 -6.400E+02 -5.279E+02  3.700E-03  0.2054
 -6.000E+02 -5.279E+02  2.896E-03  0.2704
 -5.600E+02 -5.279E+02  3.906E-03  0.2143
 -5.200E+02 -5.279E+02  3.087E-03  0.2330
 -4.800E+02 -5.279E+02  3.159E-03  0.2363
 -4.400E+02 -5.279E+02  3.622E-03  0.2131
 -4.000E+02 -5.279E+02  3.512E-03  0.2220
 -3.600E+02 -5.279E+02  2.347E-03  0.2585
 -3.200E+02 -5.279E+02  2.178E-03  0.2643
 -2.800E+02 -5.279E+02  3.056E-03  0.2427
 -2.400E+02 -5.279E+02  3.686E-03  0.2166
 -2.000E+02 -5.279E+02  3.561E-03  0.2213
 -1.600E+02 -5.279E+02  3.251E-03  0.2320
 -1.200E+02 -5.279E+02  4.259E-03  0.2269
 -8.000E+01 -5.279E+02  3.873E-03  0.2068
 -4.000E+01 -5.279E+02  4.593E-03  0.2064
  0.000E+00 -5.279E+02  4.432E-03  0.1919
  4.000E+01 -5.279E+02  6.126E-03  0.1813
  8.000E+01 -5.279E+02  4.224E-03  0.2023
  1.200E+02 -5.279E+02  3.932E-03  0.2110
  1.600E+02 -5.279E+02  5.639E-03  0.1766
  2.000E+02 -5.279E+02  3.158E-03  0.2344
  2.400E+02 -5.279E+02  2.754E-03  0.2571
  2.800E+02 -5.279E+02  3.129E-03  0.2314
  3.200E+02 -5.279E+02  4.849E-03  0.2068
  3.600E+02 -5.279E+02  3.801E-03  0.2068
  4.000E+02 -5.279E+02  3.670E-03  0.2069
  4.400E+02 -5.279E+02  3.244E-03  0.2420
  4.800E+02 -5.279E+02  3.529E-03  0.2262
  5.200E+02 -5.279E+02  3.946E-03  0.2039
  5.600E+02 -5.279E+02  3.357E-03  0.2253
  6.000E+02 -5.279E+02  4.372E-03  0.1948
  6.400E+02 -5.279E+02  2.519E-03  0.2480
  6.800E+02 -5.279E+02  3.894E-03  0.2188
 -6.800E+02 -4.886E+02  4.206E-03  0.2076
 -6.400E+02 -4.886E+02  3.641E-03  0.2243
 -6.000E+02 -4.886E+02  3.511E-03  0.2056
 -5.600E+02 -4.886E+02  4.494E-03  0.1899
 -5.200E+02 -4.886E+02  3.150E-03  0.2332
 -4.800E+02 -4.886E+02  3.220E-03  0.2437
 -4.400E+02 -4.886E+02  4.274E-03  0.2099
 -4.000E+02 -4.886E+02  3.014E-03  0.2238
 -3.600E+02 -4.886E+02  2.406E-03  0.2457
 -3.200E+02 -4.886E+02  3.558E-03  0.2322
 -2.800E+02 -4.886E+02  3.815E-03  0.2079
 -2.400E+02 -4.886E+02  3.725E-03  0.2014
 -2.000E+02 -4.886E+02  4.287E-03  0.2051
 -1.600E+02 -4.886E+02  3.015E-03  0.2359
 -1.200E+02 -4.886E+02  4.412E-03  0.1929
 -8.000E+01 -4.886E+02  4.564E-03  0.1959
 -4.000E+01 -4.886E+02  4.104E-03  0.2053
  0.000E+00 -4.886E+02  6.590E-03  0.1750
  4.000E+01 -4.886E+02  4.779E-03  0.1873
  8.000E+01 -4.886E+02  5.691E-03  0.1828
  1.200E+02 -4.886E+02  5.109E-03  0.1910
  1.600E+02 -4.886E+02  4.505E-03  0.1903
  2.000E+02 -4.886E+02  3.684E-03  0.2144
  2.400E+02 -4.886E+02  3.876E-03  0.2044
  2.800E+02 -4.886E+02  4.076E-03  0.2197
  3.200E+02 -4.886E+02  3.334E-03  0.2147
  3.600E+02 -4.886E+02  4.624E-03  0.1952
  4.000E+02 -4.886E+02  3.875E-03  0.2223
  4.400E+02 -4.886E+02  2.204E-03  0.2801
  4.800E+02 -4.886E+02  4.293E-03  0.1996
  5.200E+02 -4.886E+02  4.814E-03  0.1882
  5.600E+02 -4.886E+02  2.887E-03  0.2481
  6.000E+02 -4.886E+02  4.756E-03  0.1910
  6.400E+02 -4.886E+02  3.302E-03  0.2234
  6.800E+02 -4.886E+02  3.772E-03  0.2187
 -6.800E+02 -4.492E+02  4.248E-03  0.2108
 -6.400E+02 -4.492E+02  2.825E-03  0.2249
 -6.000E+02 -4.492E+02  4.112E-03  0.1981
 -5.600E+02 -4.492E+02  5.277E-03  0.1800
 -5.200E+02 -4.492E+02  4.219E-03  0.2146
 -4.800E+02 -4.492E+02  3.683E-03  0.2247
 -4.400E+02 -4.492E+02  3.543E-03  0.2263
 -4.000E+02 -4.492E+02  2.410E-03  0.2510
 -3.600E+02 -4.492E+02  3.402E-03  0.2277
 -3.200E+02 -4.492E+02  4.053E-03  0.2053
 -2.800E+02 -4.492E+02  4.546E-03  0.1912
 -2.400E+02 -4.492E+02  3.831E-03  0.2057
 -2.000E+02 -4.492E+02  4.447E-03  0.2046
 -1.600E+02 -4.492E+02  2.258E-03  0.2535
 -1.200E+02 -4.492E+02  4.954E-03  0.1832
 -8.000E+01 -4.492E+02  5.500E-03  0.2002
 -4.000E+01 -4.492E+02  4.270E-03  0.1893
  0.000E+00 -4.492E+02  6.621E-03  0.1748
  4.000E+01 -4.492E+02  6.215E-03  0.1705
  8.000E+01 -4.492E+02  5.815E-03  0.1727
  1.200E+02 -4.492E+02  4.897E-03  0.1876
  1.600E+02 -4.492E+02  5.452E-03  0.1755
  2.000E+02 -4.492E+02  4.402E-03  0.2014
  2.400E+02 -4.492E+02  4.013E-03  0.2148
  2.800E+02 -4.492E+02  2.811E-03  0.2463
  3.200E+02 -4.492E+02  4.881E-03  0.1928
  3.600E+02 -4.492E+02  4.314E-03  0.2069
  4.000E+02 -4.492E+02  3.280E-03  0.2222
  4.400E+02 -4.492E+02  2.941E-03  0.2313
  4.800E+02 -4.492E+02  3.921E-03  0.2093
  5.200E+02 -4.492E+02  4.978E-03  0.1810
  5.600E+02 -4.492E+02  3.772E-03  0.2009
  6.000E+02 -4.492E+02  4.667E-03  0.1838
  6.400E+02 -4.492E+02  3.910E-03  0.2088
  6.800E+02 -4.492E+02  3.189E-03  0.2261
 -6.800E+02 -4.099E+02  3.904E-03  0.2054
 -6.400E+02 -4.099E+02  4.752E-03  0.1903
 -6.000E+02 -4.099E+02  3.138E-03  0.2044
 -5.600E+02 -4.099E+02  4.987E-03  0.1919
 -5.200E+02 -4.099E+02  4.852E-03  0.1906
 -4.800E+02 -4.099E+02  4.591E-03  0.1998
 -4.400E+02 -4.099E+02  2.990E-03  0.2343
 -4.000E+02 -4.099E+02  2.958E-03  0.2568
 -3.600E+02 -4.099E+02  3.609E-03  0.2136
 -3.200E+02 -4.099E+02  4.538E-03  0.1938
 -2.800E+02 -4.099E+02  4.213E-03  0.1958
 -2.400E+02 -4.099E+02  4.276E-03  0.1936
 -2.000E+02 -4.099E+02  4.079E-03  0.2057
 -1.600E+02 -4.099E+02  3.959E-03  0.2060
 -1.200E+02 -4.099E+02  5.270E-03  0.2253
 -8.000E+01 -4.099E+02  4.933E-03  0.1813
 -4.000E+01 -4.099E+02  7.093E-03  0.1718
  0.000E+00 -4.099E+02  5.470E-03  0.1781
  4.000E+01 -4.099E+02  6.459E-03  0.1751
  8.000E+01 -4.099E+02  5.581E-03  0.1746
  1.200E+02 -4.099E+02  4.566E-03  0.1924
  1.600E+02 -4.099E+02  6.169E-03  0.1643
  2.000E+02 -4.099E+02  5.518E-03  0.1839
  2.400E+02 -4.099E+02  3.659E-03  0.2126
  2.800E+02 -4.099E+02  3.957E-03  0.2130
  3.200E+02 -4.099E+02  4.658E-03  0.1862
  3.600E+02 -4.099E+02  3.727E-03  0.2119
  4.000E+02 -4.099E+02  3.767E-03  0.2116
  4.400E+02 -4.099E+02  3.894E-03  0.2019
  4.800E+02 -4.099E+02  3.449E-03  0.2320
  5.200E+02 -4.099E+02  4.919E-03  0.1834
  5.600E+02 -4.099E+02  4.496E-03  0.1912
  6.000E+02 -4.099E+02  5.239E-03  0.1784
  6.400E+02 -4.099E+02  3.912E-03  0.2017
  6.800E+02 -4.099E+02  4.177E-03  0.1952
 -6.800E+02 -3.705E+02  4.927E-03  0.1876
 -6.400E+02 -3.705E+02  3.848E-03  0.2045
 -6.000E+02 -3.705E+02  4.780E-03  0.1944
 -5.600E+02 -3.705E+02  4.779E-03  0.1815
 -5.200E+02 -3.705E+02  4.887E-03  0.1927
 -4.800E+02 -3.705E+02  4.715E-03  0.1925
 -4.400E+02 -3.705E+02  3.755E-03  0.2193
 -4.000E+02 -3.705E+02  3.146E-03  0.2288
 -3.600E+02 -3.705E+02  4.828E-03  0.1903
 -3.200E+02 -3.705E+02  4.228E-03  0.2054
 -2.800E+02 -3.705E+02  5.149E-03  0.1829
 -2.400E+02 -3.705E+02  3.544E-03  0.2226
 -2.000E+02 -3.705E+02  4.222E-03  0.2007
 -1.600E+02 -3.705E+02  5.637E-03  0.1720
 -1.200E+02 -3.705E+02  5.020E-03  0.1851
 -8.000E+01 -3.705E+02  6.248E-03  0.1837
 -4.000E+01 -3.705E+02  6.470E-03  0.1757
  0.000E+00 -3.705E+02  7.170E-03  0.1738
  4.000E+01 -3.705E+02  5.585E-03  0.1816
  8.000E+01 -3.705E+02  4.618E-03  0.1937
  1.200E+02 -3.705E+02  5.655E-03  0.1772
  1.600E+02 -3.705E+02  7.345E-03  0.1532
  2.000E+02 -3.705E+02  4.022E-03  0.1919
  2.400E+02 -3.705E+02  4.734E-03  0.1937
  2.800E+02 -3.705E+02  5.768E-03  0.1763
  3.200E+02 -3.705E+02  4.537E-03  0.2006
  3.600E+02 -3.705E+02  3.365E-03  0.2154
  4.000E+02 -3.705E+02  3.339E-03  0.2298
  4.400E+02 -3.705E+02  3.651E-03  0.2200
  4.800E+02 -3.705E+02  4.820E-03  0.1905
  5.200E+02 -3.705E+02  5.693E-03  0.1764
  5.600E+02 -3.705E+02  4.521E-03  0.1893
  6.000E+02 -3.705E+02  4.860E-03  0.1832
  6.400E+02 -3.705E+02  6.431E-03  0.1645
  6.800E+02 -3.705E+02  4.550E-03  0.1897
 -6.800E+02 -3.312E+02  4.798E-03  0.1968
 -6.400E+02 -3.312E+02  4.818E-03  0.1917
 -6.000E+02 -3.312E+02  5.062E-03  0.1877
 -5.600E+02 -3.312E+02  5.236E-03  0.1799
 -5.200E+02 -3.312E+02  4.958E-03  0.1875
 -4.800E+02 -3.312E+02  5.461E-03  0.1867
 -4.400E+02 -3.312E+02  4.788E-03  0.1803
 -4.000E+02 -3.312E+02  4.456E-03  0.1920
 -3.600E+02 -3.312E+02  3.887E-03  0.2022
 -3.200E+02 -3.312E+02  3.764E-03  0.2082
 -2.800E+02 -3.312E+02  4.727E-03  0.1934
 -2.400E+02 -3.312E+02  4.456E-03  0.2042
 -2.000E+02 -3.312E+02  4.557E-03  0.1882
 -1.600E+02 -3.312E+02  6.559E-03  0.1674
 -1.200E+02 -3.312E+02  4.958E-03  0.1747
 -8.000E+01 -3.312E+02  8.149E-03  0.1717
 -4.000E+01 -3.312E+02  5.709E-03  0.1833
  0.000E+00 -3.312E+02  6.477E-03  0.1681
  4.000E+01 -3.312E+02  7.202E-03  0.1528
  8.000E+01 -3.312E+02  4.697E-03  0.2001
  1.200E+02 -3.312E+02  5.276E-03  0.1847
  1.600E+02 -3.312E+02  6.516E-03  0.1625
  2.000E+02 -3.312E+02  4.220E-03  0.2069
  2.400E+02 -3.312E+02  5.323E-03  0.1784
  2.800E+02 -3.312E+02  6.733E-03  0.1693
  3.200E+02 -3.312E+02  4.446E-03  0.1998
  3.600E+02 -3.312E+02  3.263E-03  0.2200
  4.000E+02 -3.312E+02  3.595E-03  0.2082
  4.400E+02 -3.312E+02  3.441E-03  0.2278
  4.800E+02 -3.312E+02  5.505E-03  0.1836
  5.200E+02 -3.312E+02  5.839E-03  0.1735
  5.600E+02 -3.312E+02  5.386E-03  0.1766
  6.000E+02 -3.312E+02  6.158E-03  0.1682
  6.400E+02 -3.312E+02  5.925E-03  0.1655
  6.800E+02 -3.312E+02  5.288E-03  0.1845
 -6.800E+02 -2.918E+02  5.363E-03  0.1874
 -6.400E+02 -2.918E+02  4.598E-03  0.1861
 -6.000E+02 -2.918E+02  5.156E-03  0.1816
 -5.600E+02 -2.918E+02  5.018E-03  0.1816
 -5.200E+02 -2.918E+02  6.841E-03  0.1621
 -4.800E+02 -2.918E+02  5.927E-03  0.1639
 -4.400E+02 -2.918E+02  5.210E-03  0.1804
 -4.000E+02 -2.918E+02  5.578E-03  0.1712
 -3.600E+02 -2.918E+02  3.560E-03  0.2115
 -3.200E+02 -2.918E+02  4.843E-03  0.1967
 -2.800E+02 -2.918E+02  4.084E-03  0.2045
 -2.400E+02 -2.918E+02  4.780E-03  0.1830
 -2.000E+02 -2.918E+02  6.232E-03  0.1813
 -1.600E+02 -2.918E+02  6.562E-03  0.1603
 -1.200E+02 -2.918E+02  6.483E-03  0.1665
 -8.000E+01 -2.918E+02  6.685E-03  0.1690
 -4.000E+01 -2.918E+02  6.336E-03  0.1925
  0.000E+00 -2.918E+02  7.246E-03  0.1589
  4.000E+01 -2.918E+02  7.520E-03  0.1647
  8.000E+01 -2.918E+02  4.308E-03  0.2000
  1.200E+02 -2.918E+02  4.743E-03  0.1951
  1.600E+02 -2.918E+02  6.773E-03  0.1609
  2.000E+02 -2.918E+02  4.202E-03  0.1923
  2.400E+02 -2.918E+02  5.785E-03  0.1714
  2.800E+02 -2.918E+02  4.466E-03  0.1784
  3.200E+02 -2.918E+02  5.777E-03  0.1717
  3.600E+02 -2.918E+02  4.941E-03  0.1801
  4.000E+02 -2.918E+02  4.477E-03  0.1984
  4.400E+02 -2.918E+02  4.510E-03  0.2027
  4.800E+02 -2.918E+02  4.742E-03  0.1910
  5.200E+02 -2.918E+02  6.418E-03  0.1658
  5.600E+02 -2.918E+02  5.917E-03  0.1684
  6.000E+02 -2.918E+02  5.944E-03  0.1628
  6.400E+02 -2.918E+02  4.668E-03  0.1835
  6.800E+02 -2.918E+02  5.821E-03  0.1754
 -6.800E+02 -2.525E+02  4.818E-03  0.1822
 -6.400E+02 -2.525E+02  5.777E-03  0.1783
 -6.000E+02 -2.525E+02  4.979E-03  0.1765
 -5.600E+02 -2.525E+02  6.107E-03  0.1643
 -5.200E+02 -2.525E+02  5.796E-03  0.1760
 -4.800E+02 -2.525E+02  5.899E-03  0.1673
 -4.400E+02 -2.525E+02  7.665E-03  0.1530
 -4.000E+02 -2.525E+02  5.859E-03  0.1679
 -3.600E+02 -2.525E+02  3.855E-03  0.2071
 -3.200E+02 -2.525E+02  5.569E-03  0.1764
 -2.800E+02 -2.525E+02  5.085E-03  0.1875
 -2.400E+02 -2.525E+02  4.819E-03  0.1922
 -2.000E+02 -2.525E+02  4.927E-03  0.1965
 -1.600E+02 -2.525E+02  7.530E-03  0.1503
 -1.200E+02 -2.525E+02  7.117E-03  0.1573
 -8.000E+01 -2.525E+02  7.103E-03  0.1660
 -4.000E+01 -2.525E+02  6.438E-03  0.2013
  0.000E+00 -2.525E+02  7.812E-03  0.1590
  4.000E+01 -2.525E+02  6.847E-03  0.1593
  8.000E+01 -2.525E+02  5.989E-03  0.1772
  1.200E+02 -2.525E+02  5.359E-03  0.1751
  1.600E+02 -2.525E+02  6.421E-03  0.1612
  2.000E+02 -2.525E+02  5.378E-03  0.1738
  2.400E+02 -2.525E+02  5.249E-03  0.1780
  2.800E+02 -2.525E+02  4.747E-03  0.1811
  3.200E+02 -2.525E+02  5.568E-03  0.1791
  3.600E+02 -2.525E+02  5.199E-03  0.1852
  4.000E+02 -2.525E+02  5.467E-03  0.1864
  4.400E+02 -2.525E+02  4.352E-03  0.1900
  4.800E+02 -2.525E+02  6.158E-03  0.1733
  5.200E+02 -2.525E+02  5.732E-03  0.1719
  5.600E+02 -2.525E+02  5.650E-03  0.1768
  6.000E+02 -2.525E+02  6.059E-03  0.1668
  6.400E+02 -2.525E+02  4.337E-03  0.1855
  6.800E+02 -2.525E+02  5.527E-03  0.1749
 -6.800E+02 -2.132E+02  5.342E-03  0.1781
 -6.400E+02 -2.132E+02  5.109E-03  0.1712
 -6.000E+02 -2.132E+02  6.237E-03  0.1728
 -5.600E+02 -2.132E+02  7.152E-03  0.1601
 -5.200E+02 -2.132E+02  5.959E-03  0.1611
 -4.800E+02 -2.132E+02  7.394E-03  0.1510
 -4.400E+02 -2.132E+02  6.085E-03  0.1667
 -4.000E+02 -2.132E+02  7.240E-03  0.1563
 -3.600E+02 -2.132E+02  4.500E-03  0.1849
 -3.200E+02 -2.132E+02  6.625E-03  0.1583
 -2.800E+02 -2.132E+02  5.391E-03  0.1828
 -2.400E+02 -2.132E+02  6.225E-03  0.1729
 -2.000E+02 -2.132E+02  4.931E-03  0.1828
 -1.600E+02 -2.132E+02  6.334E-03  0.1644
 -1.200E+02 -2.132E+02  8.552E-03  0.1449
 -8.000E+01 -2.132E+02  7.717E-03  0.1502
 -4.000E+01 -2.132E+02  7.036E-03  0.1714
  0.000E+00 -2.132E+02  7.388E-03  0.1559
  4.000E+01 -2.132E+02  6.857E-03  0.1562
  8.000E+01 -2.132E+02  6.203E-03  0.1702
  1.200E+02 -2.132E+02  6.996E-03  0.1620
  1.600E+02 -2.132E+02  6.806E-03  0.1589
  2.000E+02 -2.132E+02  5.950E-03  0.1748
  2.400E+02 -2.132E+02  4.791E-03  0.1876
  2.800E+02 -2.132E+02  4.302E-03  0.1955
  3.200E+02 -2.132E+02  5.330E-03  0.1812
  3.600E+02 -2.132E+02  5.137E-03  0.1994
  4.000E+02 -2.132E+02  5.489E-03  0.1778
  4.400E+02 -2.132E+02  6.590E-03  0.1633
  4.800E+02 -2.132E+02  6.939E-03  0.1587
  5.200E+02 -2.132E+02  5.101E-03  0.1888
  5.600E+02 -2.132E+02  5.740E-03  0.1800
  6.000E+02 -2.132E+02  6.247E-03  0.1764
  6.400E+02 -2.132E+02  6.390E-03  0.1648
  6.800E+02 -2.132E+02  5.509E-03  0.1759
 -6.800E+02 -1.738E+02  5.763E-03  0.1719
 -6.400E+02 -1.738E+02  6.241E-03  0.1687
 -6.000E+02 -1.738E+02  7.092E-03  0.1598
 -5.600E+02 -1.738E+02  6.848E-03  0.1541
 -5.200E+02 -1.738E+02  6.793E-03  0.1546
 -4.800E+02 -1.738E+02  7.151E-03  0.1558
 -4.400E+02 -1.738E+02  6.369E-03  0.1661
 -4.000E+02 -1.738E+02  6.672E-03  0.1607
 -3.600E+02 -1.738E+02  6.669E-03  0.1581
 -3.200E+02 -1.738E+02  6.836E-03  0.1640
 -2.800E+02 -1.738E+02  5.720E-03  0.1793
 -2.400E+02 -1.738E+02  8.042E-03  0.1463
 -2.000E+02 -1.738E+02  6.168E-03  0.1665
 -1.600E+02 -1.738E+02  6.964E-03  0.1604
 -1.200E+02 -1.738E+02  8.646E-03  0.1499
 -8.000E+01 -1.738E+02  6.697E-03  0.1804
 -4.000E+01 -1.738E+02  5.860E-03  0.1765
  0.000E+00 -1.738E+02  7.523E-03  0.1750
  4.000E+01 -1.738E+02  6.582E-03  0.1613
  8.000E+01 -1.738E+02  7.623E-03  0.1544
  1.200E+02 -1.738E+02  6.603E-03  0.1685
  1.600E+02 -1.738E+02  5.902E-03  0.1660
  2.000E+02 -1.738E+02  5.075E-03  0.1797
  2.400E+02 -1.738E+02  3.758E-03  0.2074
  2.800E+02 -1.738E+02  5.671E-03  0.1750
  3.200E+02 -1.738E+02  6.683E-03  0.1716
  3.600E+02 -1.738E+02  5.736E-03  0.1701
  4.000E+02 -1.738E+02  6.215E-03  0.1679
  4.400E+02 -1.738E+02  7.510E-03  0.1479
  4.800E+02 -1.738E+02  7.764E-03  0.1457
  5.200E+02 -1.738E+02  6.222E-03  0.1717
  5.600E+02 -1.738E+02  5.775E-03  0.1683
  6.000E+02 -1.738E+02  8.354E-03  0.1770
  6.400E+02 -1.738E+02  6.725E-03  0.1546
  6.800E+02 -1.738E+02  5.846E-03  0.1675
 -6.800E+02 -1.345E+02  7.125E-03  0.1567
 -6.400E+02 -1.345E+02  6.629E-03  0.1657
 -6.000E+02 -1.345E+02  5.943E-03  0.1623
 -5.600E+02 -1.345E+02  7.327E-03  0.1611
 -5.200E+02 -1.345E+02  6.349E-03  0.1607
 -4.800E+02 -1.345E+02  7.412E-03  0.1551
 -4.400E+02 -1.345E+02  6.992E-03  0.1536
 -4.000E+02 -1.345E+02  6.764E-03  0.1610
 -3.600E+02 -1.345E+02  8.881E-03  0.1401
 -3.200E+02 -1.345E+02  7.430E-03  0.1593
 -2.800E+02 -1.345E+02  6.587E-03  0.1540
 -2.400E+02 -1.345E+02  6.759E-03  0.1563
 -2.000E+02 -1.345E+02  8.087E-03  0.1544
 -1.600E+02 -1.345E+02  8.594E-03  0.1466
 -1.200E+02 -1.345E+02  8.079E-03  0.1594
 -8.000E+01 -1.345E+02  5.659E-03  0.1797
 -4.000E+01 -1.345E+02  5.269E-03  0.1814
  0.000E+00 -1.345E+02  8.546E-03  0.1560
  4.000E+01 -1.345E+02  6.765E-03  0.1612
  8.000E+01 -1.345E+02  6.659E-03  0.1588
  1.200E+02 -1.345E+02  7.209E-03  0.1535
  1.600E+02 -1.345E+02  5.741E-03  0.1734
  2.000E+02 -1.345E+02  5.238E-03  0.1748
  2.400E+02 -1.345E+02  4.758E-03  0.1898
  2.800E+02 -1.345E+02  5.406E-03  0.1811
  3.200E+02 -1.345E+02  7.011E-03  0.1591
  3.600E+02 -1.345E+02  7.200E-03  0.1518
  4.000E+02 -1.345E+02  5.772E-03  0.1702
  4.400E+02 -1.345E+02  6.907E-03  0.1580
  4.800E+02 -1.345E+02  8.508E-03  0.1424
  5.200E+02 -1.345E+02  8.110E-03  0.1480
  5.600E+02 -1.345E+02  6.748E-03  0.1618
  6.000E+02 -1.345E+02  6.913E-03  0.1644
  6.400E+02 -1.345E+02  7.303E-03  0.1668
  6.800E+02 -1.345E+02  6.947E-03  0.1565
 -6.800E+02 -9.511E+01  6.719E-03  0.1647
 -6.400E+02 -9.511E+01  7.649E-03  0.1467
 -6.000E+02 -9.511E+01  6.324E-03  0.1641
 -5.600E+02 -9.511E+01  6.281E-03  0.1673
 -5.200E+02 -9.511E+01  7.813E-03  0.1538
 -4.800E+02 -9.511E+01  6.852E-03  0.1603
 -4.400E+02 -9.511E+01  8.518E-03  0.1448
 -4.000E+02 -9.511E+01  7.282E-03  0.1499
 -3.600E+02 -9.511E+01  9.853E-03  0.1377
 -3.200E+02 -9.511E+01  7.840E-03  0.1473
 -2.800E+02 -9.511E+01  7.637E-03  0.1479
 -2.400E+02 -9.511E+01  6.401E-03  0.1589
 -2.000E+02 -9.511E+01  8.061E-03  0.1510
 -1.600E+02 -9.511E+01  9.142E-03  0.1470
 -1.200E+02 -9.511E+01  7.029E-03  0.1607
 -8.000E+01 -9.511E+01  6.040E-03  0.1768
 -4.000E+01 -9.511E+01  6.527E-03  0.1644
  0.000E+00 -9.511E+01  6.588E-03  0.1601
  4.000E+01 -9.511E+01  7.758E-03  0.1717
  8.000E+01 -9.511E+01  6.882E-03  0.1558
  1.200E+02 -9.511E+01  7.546E-03  0.1504
  1.600E+02 -9.511E+01  6.134E-03  0.1718
  2.000E+02 -9.511E+01  6.007E-03  0.1659
  2.400E+02 -9.511E+01  6.325E-03  0.1706
  2.800E+02 -9.511E+01  6.293E-03  0.1631
  3.200E+02 -9.511E+01  7.443E-03  0.1523
  3.600E+02 -9.511E+01  6.641E-03  0.1542
  4.000E+02 -9.511E+01  6.477E-03  0.1576
  4.400E+02 -9.511E+01  8.091E-03  0.1434
  4.800E+02 -9.511E+01  8.358E-03  0.1468
  5.200E+02 -9.511E+01  8.442E-03  0.1502
  5.600E+02 -9.511E+01  7.556E-03  0.1441
  6.000E+02 -9.511E+01  7.002E-03  0.1545
  6.400E+02 -9.511E+01  8.021E-03  0.1822
  6.800E+02 -9.511E+01  7.561E-03  0.1561
 -6.800E+02 -5.576E+01  6.507E-03  0.1598
 -6.400E+02 -5.576E+01  7.307E-03  0.1488
 -6.000E+02 -5.576E+01  8.075E-03  0.1436
 -5.600E+02 -5.576E+01  6.769E-03  0.1577
 -5.200E+02 -5.576E+01  8.469E-03  0.1469
 -4.800E+02 -5.576E+01  7.972E-03  0.1488
 -4.400E+02 -5.576E+01  8.156E-03  0.1391
 -4.000E+02 -5.576E+01  8.744E-03  0.1383
 -3.600E+02 -5.576E+01  7.808E-03  0.1622
 -3.200E+02 -5.576E+01  9.096E-03  0.1375
 -2.800E+02 -5.576E+01  6.762E-03  0.1554
 -2.400E+02 -5.576E+01  7.823E-03  0.1437
 -2.000E+02 -5.576E+01  8.801E-03  0.1573
 -1.600E+02 -5.576E+01  8.345E-03  0.1465
 -1.200E+02 -5.576E+01  8.256E-03  0.1484
 -8.000E+01 -5.576E+01  6.499E-03  0.1616
 -4.000E+01 -5.576E+01  7.608E-03  0.1490
  0.000E+00 -5.576E+01  7.604E-03  0.1498
  4.000E+01 -5.576E+01  6.347E-03  0.1811
  8.000E+01 -5.576E+01  8.339E-03  0.1459
  1.200E+02 -5.576E+01  8.054E-03  0.1430
  1.600E+02 -5.576E+01  6.193E-03  0.1662
  2.000E+02 -5.576E+01  6.527E-03  0.1644
  2.400E+02 -5.576E+01  5.920E-03  0.1665
  2.800E+02 -5.576E+01  7.904E-03  0.1462
  3.200E+02 -5.576E+01  8.104E-03  0.1444
  3.600E+02 -5.576E+01  6.858E-03  0.1570
  4.000E+02 -5.576E+01  9.622E-03  0.1395
  4.400E+02 -5.576E+01  7.051E-03  0.1584
  4.800E+02 -5.576E+01  7.822E-03  0.1452
  5.200E+02 -5.576E+01  6.358E-03  0.1690
  5.600E+02 -5.576E+01  9.239E-03  0.1412
  6.000E+02 -5.576E+01  8.375E-03  0.1465
  6.400E+02 -5.576E+01  8.369E-03  0.1644
  6.800E+02 -5.576E+01  8.655E-03  0.1384
 -6.800E+02 -1.641E+01  6.282E-03  0.1705
 -6.400E+02 -1.641E+01  8.289E-03  0.1459
 -6.000E+02 -1.641E+01  9.769E-03  0.1347
 -5.600E+02 -1.641E+01  6.445E-03  0.1562
 -5.200E+02 -1.641E+01  7.967E-03  0.1470
 -4.800E+02 -1.641E+01  8.507E-03  0.1429
 -4.400E+02 -1.641E+01  9.563E-03  0.1370
 -4.000E+02 -1.641E+01  7.774E-03  0.1493
 -3.600E+02 -1.641E+01  6.892E-03  0.1655
 -3.200E+02 -1.641E+01  8.247E-03  0.1493
 -2.800E+02 -1.641E+01  8.505E-03  0.1401
 -2.400E+02 -1.641E+01  9.152E-03  0.1460
 -2.000E+02 -1.641E+01  7.932E-03  0.1491
 -1.600E+02 -1.641E+01  8.695E-03  0.1491
 -1.200E+02 -1.641E+01  7.958E-03  0.1494
 -8.000E+01 -1.641E+01  8.790E-03  0.1370
 -4.000E+01 -1.641E+01  8.732E-03  0.1399
  0.000E+00 -1.641E+01  8.454E-03  0.1429
  4.000E+01 -1.641E+01  6.482E-03  0.1621
  8.000E+01 -1.641E+01  8.948E-03  0.1557
  1.200E+02 -1.641E+01  8.656E-03  0.1364
  1.600E+02 -1.641E+01  5.100E-03  0.1748
  2.000E+02 -1.641E+01  8.099E-03  0.1498
  2.400E+02 -1.641E+01  6.680E-03  0.1520
  2.800E+02 -1.641E+01  8.757E-03  0.1387
  3.200E+02 -1.641E+01  7.225E-03  0.1491
  3.600E+02 -1.641E+01  6.427E-03  0.1559
  4.000E+02 -1.641E+01  1.132E-02  0.1298
  4.400E+02 -1.641E+01  7.764E-03  0.1561
  4.800E+02 -1.641E+01  7.082E-03  0.1625
  5.200E+02 -1.641E+01  7.700E-03  0.1584
  5.600E+02 -1.641E+01  7.144E-03  0.1486
  6.000E+02 -1.641E+01  9.390E-03  0.1392
  6.400E+02 -1.641E+01  9.707E-03  0.1380
  6.800E+02 -1.641E+01  8.230E-03  0.1743
 -6.800E+02  2.293E+01  6.626E-03  0.1704
 -6.400E+02  2.293E+01  8.722E-03  0.1417
 -6.000E+02  2.293E+01  9.034E-03  0.1365
 -5.600E+02  2.293E+01  7.020E-03  0.1477
 -5.200E+02  2.293E+01  6.128E-03  0.1689
 -4.800E+02  2.293E+01  8.116E-03  0.1468
 -4.400E+02  2.293E+01  8.182E-03  0.1427
 -4.000E+02  2.293E+01  9.335E-03  0.1453
 -3.600E+02  2.293E+01  7.288E-03  0.1624
 -3.200E+02  2.293E+01  6.618E-03  0.1536
 -2.800E+02  2.293E+01  8.256E-03  0.1443
 -2.400E+02  2.293E+01  9.615E-03  0.1397
 -2.000E+02  2.293E+01  8.962E-03  0.1405
 -1.600E+02  2.293E+01  8.753E-03  0.1593
 -1.200E+02  2.293E+01  8.728E-03  0.1387
 -8.000E+01  2.293E+01  8.415E-03  0.1381
 -4.000E+01  2.293E+01  1.036E-02  0.1317
  0.000E+00  2.293E+01  7.939E-03  0.1437
  4.000E+01  2.293E+01  6.764E-03  0.1605
  8.000E+01  2.293E+01  8.460E-03  0.1433
  1.200E+02  2.293E+01  9.015E-03  0.1354
  1.600E+02  2.293E+01  6.954E-03  0.1605
  2.000E+02  2.293E+01  5.653E-03  0.1708
  2.400E+02  2.293E+01  8.101E-03  0.1489
  2.800E+02  2.293E+01  6.333E-03  0.1616
  3.200E+02  2.293E+01  7.372E-03  0.1529
  3.600E+02  2.293E+01  8.494E-03  0.1418
  4.000E+02  2.293E+01  9.437E-03  0.1406
  4.400E+02  2.293E+01  8.937E-03  0.1499
  4.800E+02  2.293E+01  6.738E-03  0.1641
  5.200E+02  2.293E+01  9.641E-03  0.1353
  5.600E+02  2.293E+01  6.854E-03  0.1606
  6.000E+02  2.293E+01  7.917E-03  0.1470
  6.400E+02  2.293E+01  9.460E-03  0.1303
  6.800E+02  2.293E+01  1.092E-02  0.1461
 -6.800E+02  6.228E+01  6.248E-03  0.1581
 -6.400E+02  6.228E+01  6.448E-03  0.1625
 -6.000E+02  6.228E+01  8.823E-03  0.1403
 -5.600E+02  6.228E+01  7.777E-03  0.1506
 -5.200E+02  6.228E+01  6.487E-03  0.1658
 -4.800E+02  6.228E+01  6.505E-03  0.1603
 -4.400E+02  6.228E+01  1.005E-02  0.1364
 -4.000E+02  6.228E+01  1.022E-02  0.1285
 -3.600E+02  6.228E+01  6.312E-03  0.1753
 -3.200E+02  6.228E+01  5.174E-03  0.1777
 -2.800E+02  6.228E+01  8.335E-03  0.1536
 -2.400E+02  6.228E+01  1.069E-02  0.1293
 -2.000E+02  6.228E+01  9.072E-03  0.1387
 -1.600E+02  6.228E+01  9.820E-03  0.1449
 -1.200E+02  6.228E+01  8.817E-03  0.1400
 -8.000E+01  6.228E+01  8.906E-03  0.1405
 -4.000E+01  6.228E+01  8.180E-03  0.1374
  0.000E+00  6.228E+01  8.978E-03  0.1403
  4.000E+01  6.228E+01  8.278E-03  0.1514
  8.000E+01  6.228E+01  7.223E-03  0.1523
  1.200E+02  6.228E+01  8.122E-03  0.1450
  1.600E+02  6.228E+01  7.926E-03  0.1448
  2.000E+02  6.228E+01  4.945E-03  0.1767
  2.400E+02  6.228E+01  7.856E-03  0.1455
  2.800E+02  6.228E+01  7.356E-03  0.1554
  3.200E+02  6.228E+01  9.269E-03  0.1494
  3.600E+02  6.228E+01  8.491E-03  0.1582
  4.000E+02  6.228E+01  1.002E-02  0.1532
  4.400E+02  6.228E+01  8.625E-03  0.1656
  4.800E+02  6.228E+01  7.962E-03  0.1636
  5.200E+02  6.228E+01  9.145E-03  0.1576
  5.600E+02  6.228E+01  8.758E-03  0.1530
  6.000E+02  6.228E+01  8.610E-03  0.1567
  6.400E+02  6.228E+01  9.523E-03  0.1451
  6.800E+02  6.228E+01  9.627E-03  0.1508
 -6.800E+02  1.016E+02  7.929E-03  0.1482
 -6.400E+02  1.016E+02  7.731E-03  0.1547
 -6.000E+02  1.016E+02  6.999E-03  0.1614
 -5.600E+02  1.016E+02  6.623E-03  0.1539
 -5.200E+02  1.016E+02  7.713E-03  0.1515
 -4.800E+02  1.016E+02  4.454E-03  0.1816
 -4.400E+02  1.016E+02  7.995E-03  0.1484
 -4.000E+02  1.016E+02  1.074E-02  0.1247
 -3.600E+02  1.016E+02  8.121E-03  0.1519
 -3.200E+02  1.016E+02  6.586E-03  0.1601
 -2.800E+02  1.016E+02  7.514E-03  0.1510
 -2.400E+02  1.016E+02  9.757E-03  0.1352
 -2.000E+02  1.016E+02  8.382E-03  0.1481
 -1.600E+02  1.016E+02  7.763E-03  0.1455
 -1.200E+02  1.016E+02  9.501E-03  0.1353
 -8.000E+01  1.016E+02  8.688E-03  0.1374
 -4.000E+01  1.016E+02  9.577E-03  0.1370
  0.000E+00  1.016E+02  8.685E-03  0.1440
  4.000E+01  1.016E+02  8.171E-03  0.1457
  8.000E+01  1.016E+02  7.914E-03  0.1495
  1.200E+02  1.016E+02  7.034E-03  0.1506
  1.600E+02  1.016E+02  7.790E-03  0.1425
  2.000E+02  1.016E+02  6.872E-03  0.1545
  2.400E+02  1.016E+02  8.601E-03  0.1450
  2.800E+02  1.016E+02  7.905E-03  0.1543
  3.200E+02  1.016E+02  9.590E-03  0.1365
  3.600E+02  1.016E+02  7.901E-03  0.1444
  4.000E+02  1.016E+02  8.297E-03  0.1549
  4.400E+02  1.016E+02  7.393E-03  0.1607
  4.800E+02  1.016E+02  7.687E-03  0.1478
  5.200E+02  1.016E+02  7.339E-03  0.1566
  5.600E+02  1.016E+02  8.505E-03  0.1401
  6.000E+02  1.016E+02  7.527E-03  0.1477
  6.400E+02  1.016E+02  8.811E-03  0.1396
  6.800E+02  1.016E+02  8.553E-03  0.1457
 -6.800E+02  1.410E+02  7.839E-03  0.1447
 -6.400E+02  1.410E+02  6.752E-03  0.1561
 -6.000E+02  1.410E+02  6.897E-03  0.1582
 -5.600E+02  1.410E+02  6.517E-03  0.1664
 -5.200E+02  1.410E+02  7.437E-03  0.1515
 -4.800E+02  1.410E+02  6.673E-03  0.1627
 -4.400E+02  1.410E+02  6.930E-03  0.1584
 -4.000E+02  1.410E+02  1.028E-02  0.1392
 -3.600E+02  1.410E+02  6.075E-03  0.1648
 -3.200E+02  1.410E+02  8.697E-03  0.1452
 -2.800E+02  1.410E+02  8.684E-03  0.1407
 -2.400E+02  1.410E+02  8.973E-03  0.1450
 -2.000E+02  1.410E+02  6.817E-03  0.1564
 -1.600E+02  1.410E+02  8.966E-03  0.1381
 -1.200E+02  1.410E+02  7.551E-03  0.1504
 -8.000E+01  1.410E+02  9.676E-03  0.1334
 -4.000E+01  1.410E+02  9.085E-03  0.1414
  0.000E+00  1.410E+02  8.326E-03  0.1449
  4.000E+01  1.410E+02  7.525E-03  0.1532
  8.000E+01  1.410E+02  9.603E-03  0.1355
  1.200E+02  1.410E+02  7.514E-03  0.1505
  1.600E+02  1.410E+02  7.745E-03  0.1496
  2.000E+02  1.410E+02  6.555E-03  0.1570
  2.400E+02  1.410E+02  8.296E-03  0.1390
  2.800E+02  1.410E+02  8.705E-03  0.1420
  3.200E+02  1.410E+02  6.256E-03  0.1655
  3.600E+02  1.410E+02  9.290E-03  0.1396
  4.000E+02  1.410E+02  7.490E-03  0.1551
  4.400E+02  1.410E+02  8.232E-03  0.1520
  4.800E+02  1.410E+02  8.064E-03  0.1455
  5.200E+02  1.410E+02  6.563E-03  0.1664
  5.600E+02  1.410E+02  6.862E-03  0.1504
  6.000E+02  1.410E+02  8.736E-03  0.1379
  6.400E+02  1.410E+02  9.197E-03  0.1348
  6.800E+02  1.410E+02  8.076E-03  0.1437
 -6.800E+02  1.803E+02  8.164E-03  0.1449
 -6.400E+02  1.803E+02  6.906E-03  0.1542
 -6.000E+02  1.803E+02  6.142E-03  0.1667
 -5.600E+02  1.803E+02  6.919E-03  0.1647
 -5.200E+02  1.803E+02  7.194E-03  0.1515
 -4.800E+02  1.803E+02  6.424E-03  0.1606
 -4.400E+02  1.803E+02  7.005E-03  0.1584
 -4.000E+02  1.803E+02  8.414E-03  0.1475
 -3.600E+02  1.803E+02  8.837E-03  0.1407
 -3.200E+02  1.803E+02  8.718E-03  0.1356
 -2.800E+02  1.803E+02  9.186E-03  0.1379
 -2.400E+02  1.803E+02  7.110E-03  0.1551
 -2.000E+02  1.803E+02  7.423E-03  0.1555
 -1.600E+02  1.803E+02  1.012E-02  0.1334
 -1.200E+02  1.803E+02  6.652E-03  0.1588
 -8.000E+01  1.803E+02  9.840E-03  0.1355
 -4.000E+01  1.803E+02  1.037E-02  0.1305
  0.000E+00  1.803E+02  7.803E-03  0.1462
  4.000E+01  1.803E+02  8.408E-03  0.1395
  8.000E+01  1.803E+02  9.746E-03  0.1313
  1.200E+02  1.803E+02  7.947E-03  0.1525
  1.600E+02  1.803E+02  6.440E-03  0.1588
  2.000E+02  1.803E+02  7.367E-03  0.1511
  2.400E+02  1.803E+02  8.754E-03  0.1398
  2.800E+02  1.803E+02  6.367E-03  0.1630
  3.200E+02  1.803E+02  6.048E-03  0.1635
  3.600E+02  1.803E+02  1.138E-02  0.1304
  4.000E+02  1.803E+02  8.604E-03  0.1454
  4.400E+02  1.803E+02  6.858E-03  0.1579
  4.800E+02  1.803E+02  8.388E-03  0.1447
  5.200E+02  1.803E+02  7.625E-03  0.1498
  5.600E+02  1.803E+02  6.611E-03  0.1545
  6.000E+02  1.803E+02  8.315E-03  0.1426
  6.400E+02  1.803E+02  7.672E-03  0.1494
  6.800E+02  1.803E+02  7.021E-03  0.1534

# Information for Restart Calculation
# This calculation was newly started
# istdev =  2 # 1:Batch variance, 2:History variance
# resc2  = 7.82832684142561325E-02 # Total source weight or Total source weight / maxcas
# resc3  = 5.00000000000000000E+03 # Total history number or Total batch number
# maxcas =        5000 # History / Batch, only used for istdev=1
# bitrseed = 0000110001101110000111011001100101010111100111000001011101011010 # bit data of rseed
