[ T-Track ]
    title = Flux spectra vs depth in concrete
     mesh =  xyz            # mesh type is xyz scoring mesh
   x-type =    2            # x-mesh is linear given by xmin, xmax and nx
     xmin =  -600.0000      # minimum value of x-mesh points
     xmax =   600.0000      # maximum value of x-mesh points
#    xdel =   1200.000      # mesh width of x-mesh points
       nx =      1          # number of x-mesh points
#    data = ( x(i), i = 1, nx + 1 )
#          -6.00000E+02  6.00000E+02
   y-type =    2            # y-mesh is linear given by ymin, ymax and ny
     ymin =  -600.0000      # minimum value of y-mesh points
     ymax =   600.0000      # maximum value of y-mesh points
#    ydel =   1200.000      # mesh width of y-mesh points
       ny =      1          # number of y-mesh points
#    data = ( y(i), i = 1, ny + 1 )
#          -6.00000E+02  6.00000E+02
   z-type =    2            # z-mesh is linear given by zmin, zmax and nz
     zmin =  -700.0000      # minimum value of z-mesh points
     zmax =   0.000000      # maximum value of z-mesh points
#    zdel =   20.00000      # mesh width of z-mesh points
       nz =     35          # number of z-mesh points
#    data = ( z(i), i = 1, nz + 1 )
#          -7.00000E+02 -6.80000E+02 -6.60000E+02 -6.40000E+02 -6.20000E+02
#          -6.00000E+02 -5.80000E+02 -5.60000E+02 -5.40000E+02 -5.20000E+02
#          -5.00000E+02 -4.80000E+02 -4.60000E+02 -4.40000E+02 -4.20000E+02
#          -4.00000E+02 -3.80000E+02 -3.60000E+02 -3.40000E+02 -3.20000E+02
#          -3.00000E+02 -2.80000E+02 -2.60000E+02 -2.40000E+02 -2.20000E+02
#          -2.00000E+02 -1.80000E+02 -1.60000E+02 -1.40000E+02 -1.20000E+02
#          -1.00000E+02 -8.00000E+01 -6.00000E+01 -4.00000E+01 -2.00000E+01
#           0.00000E+00
   e-type =    3            # e-mesh is log given by emin, emax and ne
     emin =  1.0000000E-10  # minimum value of e-mesh points
     emax =   100000.0      # maximum value of e-mesh points
#    edel =  0.5756463      # mesh width of e-mesh points
       ne =     60          # number of e-mesh points
#    data = ( e(i), i = 1, ne + 1 )
#           1.00000E-10  1.77828E-10  3.16228E-10  5.62341E-10  1.00000E-09
#           1.77828E-09  3.16228E-09  5.62341E-09  1.00000E-08  1.77828E-08
#           3.16228E-08  5.62341E-08  1.00000E-07  1.77828E-07  3.16228E-07
#           5.62341E-07  1.00000E-06  1.77828E-06  3.16228E-06  5.62341E-06
#           1.00000E-05  1.77828E-05  3.16228E-05  5.62341E-05  1.00000E-04
#           1.77828E-04  3.16228E-04  5.62341E-04  1.00000E-03  1.77828E-03
#           3.16228E-03  5.62341E-03  1.00000E-02  1.77828E-02  3.16228E-02
#           5.62341E-02  1.00000E-01  1.77828E-01  3.16228E-01  5.62341E-01
#           1.00000E+00  1.77828E+00  3.16228E+00  5.62341E+00  1.00000E+01
#           1.77828E+01  3.16228E+01  5.62341E+01  1.00000E+02  1.77828E+02
#           3.16228E+02  5.62341E+02  1.00000E+03  1.77828E+03  3.16228E+03
#           5.62341E+03  1.00000E+04  1.77828E+04  3.16228E+04  5.62341E+04
#           1.00000E+05
     unit =    1            # unit is [1/cm^2/source]
 material =  all            # (D=all) number of specific material
     axis =     eng            # axis of output
     file = depth_spec.out  # file name of output for the above axis
     part =  neutron    muon-      muon+      proton   
# kf/name :  2112       13         -13        2212     
#    used :        main (  %)        temp (  %)       total (  %)
#  memory :         105 (  0)           0 (  0)         105 (  0)

#------------------------------------------------------------------------------
#newpage:
#   no. =  1   ix  =  1   iy  =  1   iz  =  1
#   x = (  -6.0000E+02  -   6.0000E+02  )
#   y = (  -6.0000E+02  -   6.0000E+02  )
#   z = (  -7.0000E+02  -  -6.8000E+02  )

x: Energy [MeV/n]
y: Flux [1/cm^2/source]              
p: xlog ylog afac(0.8) form(0.9)
h: n            x            y(neutron ),hh0l n y(muon-   ),hh0dr n y(muon+   ),hh0ub n y(proton  ),hh0mg n 
#  e-lower      e-upper        neutron   r.err      muon-     r.err      muon+     r.err      proton    r.err 
   1.0000E-10   1.7783E-10   3.3751E-12  0.9346   0.0000E+00  0.0000   0.0000E+00  0.0000   0.0000E+00  0.0000
   1.7783E-10   3.1623E-10   5.3989E-11  0.8573   0.0000E+00  0.0000   0.0000E+00  0.0000   0.0000E+00  0.0000
   3.1623E-10   5.6234E-10   4.2700E-11  0.7410   0.0000E+00  0.0000   0.0000E+00  0.0000   0.0000E+00  0.0000
   5.6234E-10   1.0000E-09   5.3657E-10  0.8362   0.0000E+00  0.0000   0.0000E+00  0.0000   0.0000E+00  0.0000
   1.0000E-09   1.7783E-09   1.1239E-09  0.7970   0.0000E+00  0.0000   0.0000E+00  0.0000   0.0000E+00  0.0000
   1.7783E-09   3.1623E-09   3.6478E-09  0.8088   0.0000E+00  0.0000   0.0000E+00  0.0000   0.0000E+00  0.0000
   3.1623E-09   5.6234E-09   1.2524E-08  0.8168   0.0000E+00  0.0000   0.0000E+00  0.0000   0.0000E+00  0.0000
   5.6234E-09   1.0000E-08   3.4350E-08  0.8014   0.0000E+00  0.0000   0.0000E+00  0.0000   0.0000E+00  0.0000
   1.0000E-08   1.7783E-08   8.7350E-08  0.8103   0.0000E+00  0.0000   0.0000E+00  0.0000   0.0000E+00  0.0000
   1.7783E-08   3.1623E-08   1.5975E-07  0.7902   0.0000E+00  0.0000   0.0000E+00  0.0000   0.0000E+00  0.0000
   3.1623E-08   5.6234E-08   2.4172E-07  0.7850   0.0000E+00  0.0000   0.0000E+00  0.0000   0.0000E+00  0.0000
   5.6234E-08   1.0000E-07   2.5005E-07  0.7999   0.0000E+00  0.0000   0.0000E+00  0.0000   0.0000E+00  0.0000
   1.0000E-07   1.7783E-07   9.7898E-08  0.7985   0.0000E+00  0.0000   0.0000E+00  0.0000   0.0000E+00  0.0000
   1.7783E-07   3.1623E-07   2.3922E-08  0.7849   0.0000E+00  0.0000   0.0000E+00  0.0000   0.0000E+00  0.0000
   3.1623E-07   5.6234E-07   1.4793E-08  0.8110   0.0000E+00  0.0000   0.0000E+00  0.0000   0.0000E+00  0.0000
   5.6234E-07   1.0000E-06   1.5179E-08  0.7819   0.0000E+00  0.0000   0.0000E+00  0.0000   0.0000E+00  0.0000
   1.0000E-06   1.7783E-06   1.5330E-08  0.8363   0.0000E+00  0.0000   0.0000E+00  0.0000   0.0000E+00  0.0000
   1.7783E-06   3.1623E-06   1.3265E-08  0.7846   0.0000E+00  0.0000   0.0000E+00  0.0000   0.0000E+00  0.0000
   3.1623E-06   5.6234E-06   1.3250E-08  0.8055   0.0000E+00  0.0000   0.0000E+00  0.0000   0.0000E+00  0.0000
   5.6234E-06   1.0000E-05   1.7076E-08  0.8435   0.0000E+00  0.0000   0.0000E+00  0.0000   0.0000E+00  0.0000
   1.0000E-05   1.7783E-05   1.8663E-08  0.8223   0.0000E+00  0.0000   0.0000E+00  0.0000   0.0000E+00  0.0000
   1.7783E-05   3.1623E-05   1.4761E-08  0.8053   0.0000E+00  0.0000   0.0000E+00  0.0000   0.0000E+00  0.0000
   3.1623E-05   5.6234E-05   2.2277E-08  0.8397   0.0000E+00  0.0000   0.0000E+00  0.0000   0.0000E+00  0.0000
   5.6234E-05   1.0000E-04   1.8530E-08  0.7801   0.0000E+00  0.0000   0.0000E+00  0.0000   0.0000E+00  0.0000
   1.0000E-04   1.7783E-04   1.3961E-08  0.7881   0.0000E+00  0.0000   0.0000E+00  0.0000   0.0000E+00  0.0000
   1.7783E-04   3.1623E-04   1.3149E-08  0.7858   0.0000E+00  0.0000   0.0000E+00  0.0000   0.0000E+00  0.0000
   3.1623E-04   5.6234E-04   1.3542E-08  0.7912   0.0000E+00  0.0000   0.0000E+00  0.0000   0.0000E+00  0.0000
   5.6234E-04   1.0000E-03   1.3994E-08  0.7314   0.0000E+00  0.0000   0.0000E+00  0.0000   2.3839E-19  0.6746
   1.0000E-03   1.7783E-03   1.2459E-08  0.7499   0.0000E+00  0.0000   0.0000E+00  0.0000   1.5126E-14  0.7133
   1.7783E-03   3.1623E-03   8.2399E-09  0.7048   0.0000E+00  0.0000   0.0000E+00  0.0000   2.4428E-14  0.7132
   3.1623E-03   5.6234E-03   9.7806E-09  0.7598   0.0000E+00  0.0000   0.0000E+00  0.0000   3.6876E-14  0.7132
   5.6234E-03   1.0000E-02   1.7626E-08  0.7616   0.0000E+00  0.0000   0.0000E+00  0.0000   5.0886E-14  0.7132
   1.0000E-02   1.7783E-02   2.1623E-08  0.8134   0.0000E+00  0.0000   0.0000E+00  0.0000   6.8252E-14  0.7132
   1.7783E-02   3.1623E-02   1.5616E-08  0.7705   0.0000E+00  0.0000   0.0000E+00  0.0000   9.7780E-14  0.7132
   3.1623E-02   5.6234E-02   1.7521E-08  0.7965   0.0000E+00  0.0000   0.0000E+00  0.0000   1.4673E-13  0.7132
   5.6234E-02   1.0000E-01   2.2011E-08  0.7726   0.0000E+00  0.0000   0.0000E+00  0.0000   2.4003E-13  0.7132
   1.0000E-01   1.7783E-01   2.0780E-08  0.7426   0.0000E+00  0.0000   0.0000E+00  0.0000   4.4292E-13  0.7132
   1.7783E-01   3.1623E-01   2.8834E-08  0.8176   0.0000E+00  0.0000   0.0000E+00  0.0000   9.4055E-13  0.7135
   3.1623E-01   5.6234E-01   3.3579E-08  0.8279   0.0000E+00  0.0000   0.0000E+00  0.0000   2.2385E-12  0.7140
   5.6234E-01   1.0000E+00   5.5623E-08  0.8332   0.0000E+00  0.0000   0.0000E+00  0.0000   5.5947E-12  0.7128
   1.0000E+00   1.7783E+00   5.1568E-08  0.8269   0.0000E+00  0.0000   0.0000E+00  0.0000   1.3699E-11  0.7032
   1.7783E+00   3.1623E+00   9.1537E-08  0.8134   0.0000E+00  0.0000   0.0000E+00  0.0000   3.2422E-11  0.6943
   3.1623E+00   5.6234E+00   5.9812E-08  0.8102   0.0000E+00  0.0000   0.0000E+00  0.0000   7.0679E-11  0.6824
   5.6234E+00   1.0000E+01   4.2153E-08  0.7753   0.0000E+00  0.0000   0.0000E+00  0.0000   1.6106E-10  0.6852
   1.0000E+01   1.7783E+01   2.7915E-08  0.7253   0.0000E+00  0.0000   0.0000E+00  0.0000   3.4393E-10  0.6645
   1.7783E+01   3.1623E+01   2.5448E-08  0.7036   0.0000E+00  0.0000   0.0000E+00  0.0000   7.7260E-10  0.6653
   3.1623E+01   5.6234E+01   3.8322E-08  0.6875   0.0000E+00  0.0000   0.0000E+00  0.0000   1.1900E-09  0.6139
   5.6234E+01   1.0000E+02   9.0093E-08  0.7223   0.0000E+00  0.0000   0.0000E+00  0.0000   1.7568E-09  0.6654
   1.0000E+02   1.7783E+02   1.6776E-07  0.8898   0.0000E+00  0.0000   0.0000E+00  0.0000   1.2011E-09  0.5873
   1.7783E+02   3.1623E+02   2.6394E-08  0.7371   0.0000E+00  0.0000   0.0000E+00  0.0000   1.2643E-10  1.0000
   3.1623E+02   5.6234E+02   0.0000E+00  0.0000   0.0000E+00  0.0000   0.0000E+00  0.0000   0.0000E+00  0.0000
   5.6234E+02   1.0000E+03   0.0000E+00  0.0000   0.0000E+00  0.0000   0.0000E+00  0.0000   0.0000E+00  0.0000
   1.0000E+03   1.7783E+03   0.0000E+00  0.0000   0.0000E+00  0.0000   0.0000E+00  0.0000   0.0000E+00  0.0000
   1.7783E+03   3.1623E+03   0.0000E+00  0.0000   0.0000E+00  0.0000   0.0000E+00  0.0000   0.0000E+00  0.0000
   3.1623E+03   5.6234E+03   0.0000E+00  0.0000   0.0000E+00  0.0000   0.0000E+00  0.0000   0.0000E+00  0.0000
   5.6234E+03   1.0000E+04   0.0000E+00  0.0000   0.0000E+00  0.0000   0.0000E+00  0.0000   0.0000E+00  0.0000
   1.0000E+04   1.7783E+04   0.0000E+00  0.0000   0.0000E+00  0.0000   0.0000E+00  0.0000   0.0000E+00  0.0000
   1.7783E+04   3.1623E+04   0.0000E+00  0.0000   0.0000E+00  0.0000   0.0000E+00  0.0000   0.0000E+00  0.0000
   3.1623E+04   5.6234E+04   0.0000E+00  0.0000   0.0000E+00  0.0000   0.0000E+00  0.0000   0.0000E+00  0.0000
   5.6234E+04   1.0000E+05   0.0000E+00  0.0000   0.0000E+00  0.0000   0.0000E+00  0.0000   0.0000E+00  0.0000

#   sum over                 2.0154E-06  0.7879   0.0000E+00  0.0000   0.0000E+00  0.0000   5.6787E-09  0.6202

'no. =  1, (ix,iy,iz) = (  1,  1,  1)'
msuc: {\huge Flux spectra vs depth in concrete}
msdr: {\it plotted by \ANGEL \version}
msdl: {\it calculated by \PHITS  3.36}
wt: s(0.7)
\vspace{-3}
   vol  &=&   2.8800E+07 [cm^3]
  xmin  &=&  -6.0000E+02 [cm]
  xmax  &=&   6.0000E+02 [cm]
  ymin  &=&  -6.0000E+02 [cm]
  ymax  &=&   6.0000E+02 [cm]
  zmin  &=&  -7.0000E+02 [cm]
  zmax  &=&  -6.8000E+02 [cm]
e:

#------------------------------------------------------------------------------
 newpage:
#   no. =  2   ix  =  1   iy  =  1   iz  =  2
#   x = (  -6.0000E+02  -   6.0000E+02  )
#   y = (  -6.0000E+02  -   6.0000E+02  )
#   z = (  -6.8000E+02  -  -6.6000E+02  )

x: Energy [MeV/n]
y: Flux [1/cm^2/source]              
p: xlog ylog afac(0.8) form(0.9)
h: n            x            y(neutron ),hh0l n y(muon-   ),hh0dr n y(muon+   ),hh0ub n y(proton  ),hh0mg n 
#  e-lower      e-upper        neutron   r.err      muon-     r.err      muon+     r.err      proton    r.err 
   1.0000E-10   1.7783E-10   7.3725E-11  0.9176   0.0000E+00  0.0000   0.0000E+00  0.0000   0.0000E+00  0.0000
   1.7783E-10   3.1623E-10   2.8828E-11  0.6524   0.0000E+00  0.0000   0.0000E+00  0.0000   0.0000E+00  0.0000
   3.1623E-10   5.6234E-10   1.6561E-10  0.7842   0.0000E+00  0.0000   0.0000E+00  0.0000   0.0000E+00  0.0000
   5.6234E-10   1.0000E-09   7.2479E-10  0.6077   0.0000E+00  0.0000   0.0000E+00  0.0000   0.0000E+00  0.0000
   1.0000E-09   1.7783E-09   1.2405E-09  0.7270   0.0000E+00  0.0000   0.0000E+00  0.0000   0.0000E+00  0.0000
   1.7783E-09   3.1623E-09   5.6150E-09  0.7574   0.0000E+00  0.0000   0.0000E+00  0.0000   0.0000E+00  0.0000
   3.1623E-09   5.6234E-09   1.7069E-08  0.7813   0.0000E+00  0.0000   0.0000E+00  0.0000   0.0000E+00  0.0000
   5.6234E-09   1.0000E-08   4.7446E-08  0.7907   0.0000E+00  0.0000   0.0000E+00  0.0000   0.0000E+00  0.0000
   1.0000E-08   1.7783E-08   1.0293E-07  0.7803   0.0000E+00  0.0000   0.0000E+00  0.0000   0.0000E+00  0.0000
   1.7783E-08   3.1623E-08   2.3001E-07  0.7841   0.0000E+00  0.0000   0.0000E+00  0.0000   0.0000E+00  0.0000
   3.1623E-08   5.6234E-08   3.3163E-07  0.7623   0.0000E+00  0.0000   0.0000E+00  0.0000   0.0000E+00  0.0000
   5.6234E-08   1.0000E-07   2.9710E-07  0.7555   0.0000E+00  0.0000   0.0000E+00  0.0000   0.0000E+00  0.0000
   1.0000E-07   1.7783E-07   1.1474E-07  0.7426   0.0000E+00  0.0000   0.0000E+00  0.0000   0.0000E+00  0.0000
   1.7783E-07   3.1623E-07   2.9879E-08  0.7171   0.0000E+00  0.0000   0.0000E+00  0.0000   0.0000E+00  0.0000
   3.1623E-07   5.6234E-07   2.3298E-08  0.7980   0.0000E+00  0.0000   0.0000E+00  0.0000   0.0000E+00  0.0000
   5.6234E-07   1.0000E-06   2.3884E-08  0.7956   0.0000E+00  0.0000   0.0000E+00  0.0000   0.0000E+00  0.0000
   1.0000E-06   1.7783E-06   2.0363E-08  0.7985   0.0000E+00  0.0000   0.0000E+00  0.0000   0.0000E+00  0.0000
   1.7783E-06   3.1623E-06   1.9053E-08  0.7701   0.0000E+00  0.0000   0.0000E+00  0.0000   0.0000E+00  0.0000
   3.1623E-06   5.6234E-06   2.6716E-08  0.7951   0.0000E+00  0.0000   0.0000E+00  0.0000   0.0000E+00  0.0000
   5.6234E-06   1.0000E-05   2.1345E-08  0.8102   0.0000E+00  0.0000   0.0000E+00  0.0000   0.0000E+00  0.0000
   1.0000E-05   1.7783E-05   1.9580E-08  0.7575   0.0000E+00  0.0000   0.0000E+00  0.0000   0.0000E+00  0.0000
   1.7783E-05   3.1623E-05   1.8541E-08  0.7993   0.0000E+00  0.0000   0.0000E+00  0.0000   0.0000E+00  0.0000
   3.1623E-05   5.6234E-05   2.4673E-08  0.8177   0.0000E+00  0.0000   0.0000E+00  0.0000   0.0000E+00  0.0000
   5.6234E-05   1.0000E-04   1.9476E-08  0.7540   0.0000E+00  0.0000   0.0000E+00  0.0000   0.0000E+00  0.0000
   1.0000E-04   1.7783E-04   1.8539E-08  0.6707   0.0000E+00  0.0000   0.0000E+00  0.0000   0.0000E+00  0.0000
   1.7783E-04   3.1623E-04   2.5384E-08  0.8417   0.0000E+00  0.0000   0.0000E+00  0.0000   0.0000E+00  0.0000
   3.1623E-04   5.6234E-04   1.8549E-08  0.7895   0.0000E+00  0.0000   0.0000E+00  0.0000   0.0000E+00  0.0000
   5.6234E-04   1.0000E-03   2.3582E-08  0.8133   0.0000E+00  0.0000   0.0000E+00  0.0000   6.4353E-19  0.7361
   1.0000E-03   1.7783E-03   1.5996E-08  0.6951   0.0000E+00  0.0000   0.0000E+00  0.0000   2.9255E-14  0.7748
   1.7783E-03   3.1623E-03   1.2822E-08  0.6821   0.0000E+00  0.0000   0.0000E+00  0.0000   4.7244E-14  0.7748
   3.1623E-03   5.6234E-03   2.3427E-08  0.7863   0.0000E+00  0.0000   0.0000E+00  0.0000   7.1318E-14  0.7748
   5.6234E-03   1.0000E-02   2.2818E-08  0.7877   0.0000E+00  0.0000   0.0000E+00  0.0000   9.8413E-14  0.7748
   1.0000E-02   1.7783E-02   1.8936E-08  0.7405   0.0000E+00  0.0000   0.0000E+00  0.0000   1.3200E-13  0.7748
   1.7783E-02   3.1623E-02   2.9919E-08  0.8036   0.0000E+00  0.0000   0.0000E+00  0.0000   1.8911E-13  0.7748
   3.1623E-02   5.6234E-02   2.2497E-08  0.7163   0.0000E+00  0.0000   0.0000E+00  0.0000   2.8378E-13  0.7748
   5.6234E-02   1.0000E-01   3.1348E-08  0.8017   0.0000E+00  0.0000   0.0000E+00  0.0000   4.6421E-13  0.7748
   1.0000E-01   1.7783E-01   4.4006E-08  0.8168   0.0000E+00  0.0000   0.0000E+00  0.0000   8.5660E-13  0.7748
   1.7783E-01   3.1623E-01   4.6900E-08  0.7699   0.0000E+00  0.0000   0.0000E+00  0.0000   1.8199E-12  0.7748
   3.1623E-01   5.6234E-01   3.9051E-08  0.7414   0.0000E+00  0.0000   0.0000E+00  0.0000   4.3362E-12  0.7748
   5.6234E-01   1.0000E+00   7.8576E-08  0.8170   0.0000E+00  0.0000   0.0000E+00  0.0000   1.0857E-11  0.7732
   1.0000E+00   1.7783E+00   8.1820E-08  0.7359   0.0000E+00  0.0000   0.0000E+00  0.0000   2.7747E-11  0.7756
   1.7783E+00   3.1623E+00   1.1018E-07  0.8057   0.0000E+00  0.0000   0.0000E+00  0.0000   6.8849E-11  0.7734
   3.1623E+00   5.6234E+00   8.0406E-08  0.8207   0.0000E+00  0.0000   0.0000E+00  0.0000   1.4604E-10  0.7608
   5.6234E+00   1.0000E+01   7.0407E-08  0.7181   0.0000E+00  0.0000   0.0000E+00  0.0000   2.8368E-10  0.7697
   1.0000E+01   1.7783E+01   4.5624E-08  0.8152   0.0000E+00  0.0000   0.0000E+00  0.0000   6.0340E-10  0.7954
   1.7783E+01   3.1623E+01   4.6404E-08  0.6734   0.0000E+00  0.0000   0.0000E+00  0.0000   1.2767E-09  0.8312
   3.1623E+01   5.6234E+01   8.8126E-08  0.8028   0.0000E+00  0.0000   0.0000E+00  0.0000   2.7016E-09  0.8523
   5.6234E+01   1.0000E+02   1.0937E-07  0.7016   0.0000E+00  0.0000   0.0000E+00  0.0000   2.9628E-09  0.7909
   1.0000E+02   1.7783E+02   2.5010E-07  0.8976   0.0000E+00  0.0000   0.0000E+00  0.0000   6.5607E-10  0.6400
   1.7783E+02   3.1623E+02   4.2891E-08  0.7141   0.0000E+00  0.0000   0.0000E+00  0.0000   5.9179E-10  1.0000
   3.1623E+02   5.6234E+02   0.0000E+00  0.0000   0.0000E+00  0.0000   0.0000E+00  0.0000   0.0000E+00  0.0000
   5.6234E+02   1.0000E+03   0.0000E+00  0.0000   0.0000E+00  0.0000   0.0000E+00  0.0000   0.0000E+00  0.0000
   1.0000E+03   1.7783E+03   0.0000E+00  0.0000   0.0000E+00  0.0000   0.0000E+00  0.0000   0.0000E+00  0.0000
   1.7783E+03   3.1623E+03   0.0000E+00  0.0000   0.0000E+00  0.0000   0.0000E+00  0.0000   0.0000E+00  0.0000
   3.1623E+03   5.6234E+03   0.0000E+00  0.0000   0.0000E+00  0.0000   0.0000E+00  0.0000   0.0000E+00  0.0000
   5.6234E+03   1.0000E+04   0.0000E+00  0.0000   0.0000E+00  0.0000   0.0000E+00  0.0000   0.0000E+00  0.0000
   1.0000E+04   1.7783E+04   0.0000E+00  0.0000   0.0000E+00  0.0000   0.0000E+00  0.0000   0.0000E+00  0.0000
   1.7783E+04   3.1623E+04   0.0000E+00  0.0000   0.0000E+00  0.0000   0.0000E+00  0.0000   0.0000E+00  0.0000
   3.1623E+04   5.6234E+04   0.0000E+00  0.0000   0.0000E+00  0.0000   0.0000E+00  0.0000   0.0000E+00  0.0000
   5.6234E+04   1.0000E+05   0.0000E+00  0.0000   0.0000E+00  0.0000   0.0000E+00  0.0000   0.0000E+00  0.0000

#   sum over                 2.7932E-06  0.7692   0.0000E+00  0.0000   0.0000E+00  0.0000   9.3379E-09  0.7463

'no. =  2, (ix,iy,iz) = (  1,  1,  2)'
msuc: {\huge Flux spectra vs depth in concrete}
msdr: {\it plotted by \ANGEL \version}
msdl: {\it calculated by \PHITS  3.36}
wt: s(0.7)
\vspace{-3}
   vol  &=&   2.8800E+07 [cm^3]
  xmin  &=&  -6.0000E+02 [cm]
  xmax  &=&   6.0000E+02 [cm]
  ymin  &=&  -6.0000E+02 [cm]
  ymax  &=&   6.0000E+02 [cm]
  zmin  &=&  -6.8000E+02 [cm]
  zmax  &=&  -6.6000E+02 [cm]
e:

#------------------------------------------------------------------------------
 newpage:
#   no. =  3   ix  =  1   iy  =  1   iz  =  3
#   x = (  -6.0000E+02  -   6.0000E+02  )
#   y = (  -6.0000E+02  -   6.0000E+02  )
#   z = (  -6.6000E+02  -  -6.4000E+02  )

x: Energy [MeV/n]
y: Flux [1/cm^2/source]              
p: xlog ylog afac(0.8) form(0.9)
h: n            x            y(neutron ),hh0l n y(muon-   ),hh0dr n y(muon+   ),hh0ub n y(proton  ),hh0mg n 
#  e-lower      e-upper        neutron   r.err      muon-     r.err      muon+     r.err      proton    r.err 
   1.0000E-10   1.7783E-10   5.4179E-11  0.8972   0.0000E+00  0.0000   0.0000E+00  0.0000   0.0000E+00  0.0000
   1.7783E-10   3.1623E-10   7.2429E-11  0.8486   0.0000E+00  0.0000   0.0000E+00  0.0000   0.0000E+00  0.0000
   3.1623E-10   5.6234E-10   1.9502E-10  0.7459   0.0000E+00  0.0000   0.0000E+00  0.0000   0.0000E+00  0.0000
   5.6234E-10   1.0000E-09   3.3008E-10  0.6698   0.0000E+00  0.0000   0.0000E+00  0.0000   0.0000E+00  0.0000
   1.0000E-09   1.7783E-09   2.0038E-09  0.7554   0.0000E+00  0.0000   0.0000E+00  0.0000   0.0000E+00  0.0000
   1.7783E-09   3.1623E-09   7.1747E-09  0.7888   0.0000E+00  0.0000   0.0000E+00  0.0000   0.0000E+00  0.0000
   3.1623E-09   5.6234E-09   2.1196E-08  0.7740   0.0000E+00  0.0000   0.0000E+00  0.0000   0.0000E+00  0.0000
   5.6234E-09   1.0000E-08   6.0024E-08  0.7621   0.0000E+00  0.0000   0.0000E+00  0.0000   0.0000E+00  0.0000
   1.0000E-08   1.7783E-08   1.3709E-07  0.7710   0.0000E+00  0.0000   0.0000E+00  0.0000   0.0000E+00  0.0000
   1.7783E-08   3.1623E-08   3.0408E-07  0.7616   0.0000E+00  0.0000   0.0000E+00  0.0000   0.0000E+00  0.0000
   3.1623E-08   5.6234E-08   4.5080E-07  0.7720   0.0000E+00  0.0000   0.0000E+00  0.0000   0.0000E+00  0.0000
   5.6234E-08   1.0000E-07   4.1787E-07  0.7512   0.0000E+00  0.0000   0.0000E+00  0.0000   0.0000E+00  0.0000
   1.0000E-07   1.7783E-07   1.6701E-07  0.7777   0.0000E+00  0.0000   0.0000E+00  0.0000   0.0000E+00  0.0000
   1.7783E-07   3.1623E-07   4.1358E-08  0.6827   0.0000E+00  0.0000   0.0000E+00  0.0000   0.0000E+00  0.0000
   3.1623E-07   5.6234E-07   3.0492E-08  0.7263   0.0000E+00  0.0000   0.0000E+00  0.0000   0.0000E+00  0.0000
   5.6234E-07   1.0000E-06   2.3043E-08  0.7511   0.0000E+00  0.0000   0.0000E+00  0.0000   0.0000E+00  0.0000
   1.0000E-06   1.7783E-06   2.6770E-08  0.7033   0.0000E+00  0.0000   0.0000E+00  0.0000   0.0000E+00  0.0000
   1.7783E-06   3.1623E-06   2.3505E-08  0.7334   0.0000E+00  0.0000   0.0000E+00  0.0000   0.0000E+00  0.0000
   3.1623E-06   5.6234E-06   2.7763E-08  0.7783   0.0000E+00  0.0000   0.0000E+00  0.0000   0.0000E+00  0.0000
   5.6234E-06   1.0000E-05   2.6663E-08  0.7589   0.0000E+00  0.0000   0.0000E+00  0.0000   0.0000E+00  0.0000
   1.0000E-05   1.7783E-05   3.2518E-08  0.7705   0.0000E+00  0.0000   0.0000E+00  0.0000   0.0000E+00  0.0000
   1.7783E-05   3.1623E-05   2.4520E-08  0.7085   0.0000E+00  0.0000   0.0000E+00  0.0000   0.0000E+00  0.0000
   3.1623E-05   5.6234E-05   2.8618E-08  0.7833   0.0000E+00  0.0000   0.0000E+00  0.0000   0.0000E+00  0.0000
   5.6234E-05   1.0000E-04   3.0733E-08  0.7498   0.0000E+00  0.0000   0.0000E+00  0.0000   0.0000E+00  0.0000
   1.0000E-04   1.7783E-04   2.9061E-08  0.7613   0.0000E+00  0.0000   0.0000E+00  0.0000   0.0000E+00  0.0000
   1.7783E-04   3.1623E-04   2.0583E-08  0.7370   0.0000E+00  0.0000   0.0000E+00  0.0000   0.0000E+00  0.0000
   3.1623E-04   5.6234E-04   2.3372E-08  0.7209   0.0000E+00  0.0000   0.0000E+00  0.0000   0.0000E+00  0.0000
   5.6234E-04   1.0000E-03   1.9516E-08  0.6377   0.0000E+00  0.0000   0.0000E+00  0.0000   6.7960E-19  0.8046
   1.0000E-03   1.7783E-03   2.1623E-08  0.6950   0.0000E+00  0.0000   0.0000E+00  0.0000   3.4918E-14  0.7843
   1.7783E-03   3.1623E-03   2.1845E-08  0.7056   0.0000E+00  0.0000   0.0000E+00  0.0000   5.6389E-14  0.7843
   3.1623E-03   5.6234E-03   2.9359E-08  0.7765   0.0000E+00  0.0000   0.0000E+00  0.0000   8.5123E-14  0.7843
   5.6234E-03   1.0000E-02   2.9044E-08  0.8001   0.0000E+00  0.0000   0.0000E+00  0.0000   1.1746E-13  0.7843
   1.0000E-02   1.7783E-02   2.4737E-08  0.7632   0.0000E+00  0.0000   0.0000E+00  0.0000   1.5755E-13  0.7843
   1.7783E-02   3.1623E-02   3.5740E-08  0.8052   0.0000E+00  0.0000   0.0000E+00  0.0000   2.2571E-13  0.7843
   3.1623E-02   5.6234E-02   3.7365E-08  0.7599   0.0000E+00  0.0000   0.0000E+00  0.0000   3.3871E-13  0.7843
   5.6234E-02   1.0000E-01   3.5041E-08  0.7643   0.0000E+00  0.0000   0.0000E+00  0.0000   5.5407E-13  0.7843
   1.0000E-01   1.7783E-01   4.4675E-08  0.7461   0.0000E+00  0.0000   0.0000E+00  0.0000   1.0224E-12  0.7843
   1.7783E-01   3.1623E-01   5.3213E-08  0.7621   0.0000E+00  0.0000   0.0000E+00  0.0000   2.1722E-12  0.7843
   3.1623E-01   5.6234E-01   7.0150E-08  0.7724   0.0000E+00  0.0000   0.0000E+00  0.0000   5.1755E-12  0.7843
   5.6234E-01   1.0000E+00   9.5291E-08  0.6867   0.0000E+00  0.0000   0.0000E+00  0.0000   1.3065E-11  0.7843
   1.0000E+00   1.7783E+00   8.3467E-08  0.7225   0.0000E+00  0.0000   0.0000E+00  0.0000   3.3556E-11  0.7862
   1.7783E+00   3.1623E+00   1.4299E-07  0.7323   0.0000E+00  0.0000   0.0000E+00  0.0000   8.0000E-11  0.7851
   3.1623E+00   5.6234E+00   8.9724E-08  0.7743   0.0000E+00  0.0000   0.0000E+00  0.0000   1.7988E-10  0.7860
   5.6234E+00   1.0000E+01   8.3433E-08  0.8043   0.0000E+00  0.0000   0.0000E+00  0.0000   3.7997E-10  0.7919
   1.0000E+01   1.7783E+01   5.8395E-08  0.7580   0.0000E+00  0.0000   0.0000E+00  0.0000   7.4062E-10  0.7772
   1.7783E+01   3.1623E+01   8.0134E-08  0.7643   0.0000E+00  0.0000   0.0000E+00  0.0000   1.3559E-09  0.7643
   3.1623E+01   5.6234E+01   9.3443E-08  0.6562   0.0000E+00  0.0000   0.0000E+00  0.0000   2.3299E-09  0.7503
   5.6234E+01   1.0000E+02   1.3803E-07  0.7157   0.0000E+00  0.0000   0.0000E+00  0.0000   3.6025E-09  0.7325
   1.0000E+02   1.7783E+02   3.6825E-07  0.9203   0.0000E+00  0.0000   0.0000E+00  0.0000   2.4537E-09  0.6502
   1.7783E+02   3.1623E+02   6.7173E-08  0.7088   0.0000E+00  0.0000   0.0000E+00  0.0000   1.9501E-10  1.0000
   3.1623E+02   5.6234E+02   0.0000E+00  0.0000   0.0000E+00  0.0000   0.0000E+00  0.0000   0.0000E+00  0.0000
   5.6234E+02   1.0000E+03   0.0000E+00  0.0000   0.0000E+00  0.0000   0.0000E+00  0.0000   0.0000E+00  0.0000
   1.0000E+03   1.7783E+03   0.0000E+00  0.0000   0.0000E+00  0.0000   0.0000E+00  0.0000   0.0000E+00  0.0000
   1.7783E+03   3.1623E+03   0.0000E+00  0.0000   0.0000E+00  0.0000   0.0000E+00  0.0000   0.0000E+00  0.0000
   3.1623E+03   5.6234E+03   0.0000E+00  0.0000   0.0000E+00  0.0000   0.0000E+00  0.0000   0.0000E+00  0.0000
   5.6234E+03   1.0000E+04   0.0000E+00  0.0000   0.0000E+00  0.0000   0.0000E+00  0.0000   0.0000E+00  0.0000
   1.0000E+04   1.7783E+04   0.0000E+00  0.0000   0.0000E+00  0.0000   0.0000E+00  0.0000   0.0000E+00  0.0000
   1.7783E+04   3.1623E+04   0.0000E+00  0.0000   0.0000E+00  0.0000   0.0000E+00  0.0000   0.0000E+00  0.0000
   3.1623E+04   5.6234E+04   0.0000E+00  0.0000   0.0000E+00  0.0000   0.0000E+00  0.0000   0.0000E+00  0.0000
   5.6234E+04   1.0000E+05   0.0000E+00  0.0000   0.0000E+00  0.0000   0.0000E+00  0.0000   0.0000E+00  0.0000

#   sum over                 3.6795E-06  0.7553   0.0000E+00  0.0000   0.0000E+00  0.0000   1.1374E-08  0.7151

'no. =  3, (ix,iy,iz) = (  1,  1,  3)'
msuc: {\huge Flux spectra vs depth in concrete}
msdr: {\it plotted by \ANGEL \version}
msdl: {\it calculated by \PHITS  3.36}
wt: s(0.7)
\vspace{-3}
   vol  &=&   2.8800E+07 [cm^3]
  xmin  &=&  -6.0000E+02 [cm]
  xmax  &=&   6.0000E+02 [cm]
  ymin  &=&  -6.0000E+02 [cm]
  ymax  &=&   6.0000E+02 [cm]
  zmin  &=&  -6.6000E+02 [cm]
  zmax  &=&  -6.4000E+02 [cm]
e:

#------------------------------------------------------------------------------
 newpage:
#   no. =  4   ix  =  1   iy  =  1   iz  =  4
#   x = (  -6.0000E+02  -   6.0000E+02  )
#   y = (  -6.0000E+02  -   6.0000E+02  )
#   z = (  -6.4000E+02  -  -6.2000E+02  )

x: Energy [MeV/n]
y: Flux [1/cm^2/source]              
p: xlog ylog afac(0.8) form(0.9)
h: n            x            y(neutron ),hh0l n y(muon-   ),hh0dr n y(muon+   ),hh0ub n y(proton  ),hh0mg n 
#  e-lower      e-upper        neutron   r.err      muon-     r.err      muon+     r.err      proton    r.err 
   1.0000E-10   1.7783E-10   5.9388E-12  0.9243   0.0000E+00  0.0000   0.0000E+00  0.0000   0.0000E+00  0.0000
   1.7783E-10   3.1623E-10   6.5045E-11  0.6909   0.0000E+00  0.0000   0.0000E+00  0.0000   0.0000E+00  0.0000
   3.1623E-10   5.6234E-10   1.7001E-10  0.6797   0.0000E+00  0.0000   0.0000E+00  0.0000   0.0000E+00  0.0000
   5.6234E-10   1.0000E-09   1.0972E-09  0.8261   0.0000E+00  0.0000   0.0000E+00  0.0000   0.0000E+00  0.0000
   1.0000E-09   1.7783E-09   3.2153E-09  0.7885   0.0000E+00  0.0000   0.0000E+00  0.0000   0.0000E+00  0.0000
   1.7783E-09   3.1623E-09   5.7645E-09  0.6121   0.0000E+00  0.0000   0.0000E+00  0.0000   0.0000E+00  0.0000
   3.1623E-09   5.6234E-09   3.1143E-08  0.7448   0.0000E+00  0.0000   0.0000E+00  0.0000   0.0000E+00  0.0000
   5.6234E-09   1.0000E-08   8.8588E-08  0.7732   0.0000E+00  0.0000   0.0000E+00  0.0000   0.0000E+00  0.0000
   1.0000E-08   1.7783E-08   2.1264E-07  0.7759   0.0000E+00  0.0000   0.0000E+00  0.0000   0.0000E+00  0.0000
   1.7783E-08   3.1623E-08   4.1645E-07  0.7521   0.0000E+00  0.0000   0.0000E+00  0.0000   0.0000E+00  0.0000
   3.1623E-08   5.6234E-08   6.2726E-07  0.7572   0.0000E+00  0.0000   0.0000E+00  0.0000   0.0000E+00  0.0000
   5.6234E-08   1.0000E-07   6.0538E-07  0.7528   0.0000E+00  0.0000   0.0000E+00  0.0000   0.0000E+00  0.0000
   1.0000E-07   1.7783E-07   2.4126E-07  0.7330   0.0000E+00  0.0000   0.0000E+00  0.0000   0.0000E+00  0.0000
   1.7783E-07   3.1623E-07   6.7338E-08  0.7589   0.0000E+00  0.0000   0.0000E+00  0.0000   0.0000E+00  0.0000
   3.1623E-07   5.6234E-07   5.0970E-08  0.8311   0.0000E+00  0.0000   0.0000E+00  0.0000   0.0000E+00  0.0000
   5.6234E-07   1.0000E-06   3.4804E-08  0.7141   0.0000E+00  0.0000   0.0000E+00  0.0000   0.0000E+00  0.0000
   1.0000E-06   1.7783E-06   3.8062E-08  0.6626   0.0000E+00  0.0000   0.0000E+00  0.0000   0.0000E+00  0.0000
   1.7783E-06   3.1623E-06   3.8153E-08  0.7630   0.0000E+00  0.0000   0.0000E+00  0.0000   0.0000E+00  0.0000
   3.1623E-06   5.6234E-06   4.0289E-08  0.7620   0.0000E+00  0.0000   0.0000E+00  0.0000   0.0000E+00  0.0000
   5.6234E-06   1.0000E-05   3.1574E-08  0.6634   0.0000E+00  0.0000   0.0000E+00  0.0000   0.0000E+00  0.0000
   1.0000E-05   1.7783E-05   4.4199E-08  0.7551   0.0000E+00  0.0000   0.0000E+00  0.0000   0.0000E+00  0.0000
   1.7783E-05   3.1623E-05   4.1561E-08  0.7653   0.0000E+00  0.0000   0.0000E+00  0.0000   0.0000E+00  0.0000
   3.1623E-05   5.6234E-05   3.7104E-08  0.7991   0.0000E+00  0.0000   0.0000E+00  0.0000   0.0000E+00  0.0000
   5.6234E-05   1.0000E-04   3.9832E-08  0.7495   0.0000E+00  0.0000   0.0000E+00  0.0000   0.0000E+00  0.0000
   1.0000E-04   1.7783E-04   4.8563E-08  0.7591   0.0000E+00  0.0000   0.0000E+00  0.0000   0.0000E+00  0.0000
   1.7783E-04   3.1623E-04   4.3122E-08  0.7758   0.0000E+00  0.0000   0.0000E+00  0.0000   0.0000E+00  0.0000
   3.1623E-04   5.6234E-04   3.4673E-08  0.7271   0.0000E+00  0.0000   0.0000E+00  0.0000   0.0000E+00  0.0000
   5.6234E-04   1.0000E-03   3.1960E-08  0.7173   0.0000E+00  0.0000   0.0000E+00  0.0000   1.3813E-18  0.7720
   1.0000E-03   1.7783E-03   3.9021E-08  0.7361   0.0000E+00  0.0000   0.0000E+00  0.0000   5.7312E-14  0.7401
   1.7783E-03   3.1623E-03   4.1686E-08  0.7977   0.0000E+00  0.0000   0.0000E+00  0.0000   9.2556E-14  0.7401
   3.1623E-03   5.6234E-03   3.8846E-08  0.7587   0.0000E+00  0.0000   0.0000E+00  0.0000   1.3972E-13  0.7401
   5.6234E-03   1.0000E-02   2.6276E-08  0.5557   0.0000E+00  0.0000   0.0000E+00  0.0000   1.9280E-13  0.7401
   1.0000E-02   1.7783E-02   4.4862E-08  0.7303   0.0000E+00  0.0000   0.0000E+00  0.0000   2.5860E-13  0.7401
   1.7783E-02   3.1623E-02   4.1830E-08  0.6186   0.0000E+00  0.0000   0.0000E+00  0.0000   3.7048E-13  0.7401
   3.1623E-02   5.6234E-02   5.0565E-08  0.7117   0.0000E+00  0.0000   0.0000E+00  0.0000   5.5594E-13  0.7401
   5.6234E-02   1.0000E-01   5.6761E-08  0.7068   0.0000E+00  0.0000   0.0000E+00  0.0000   9.0944E-13  0.7401
   1.0000E-01   1.7783E-01   6.5221E-08  0.7197   0.0000E+00  0.0000   0.0000E+00  0.0000   1.6782E-12  0.7401
   1.7783E-01   3.1623E-01   7.4547E-08  0.6974   0.0000E+00  0.0000   0.0000E+00  0.0000   3.5653E-12  0.7401
   3.1623E-01   5.6234E-01   9.6026E-08  0.6865   0.0000E+00  0.0000   0.0000E+00  0.0000   8.4938E-12  0.7402
   5.6234E-01   1.0000E+00   1.4765E-07  0.7995   0.0000E+00  0.0000   0.0000E+00  0.0000   2.1416E-11  0.7408
   1.0000E+00   1.7783E+00   1.3888E-07  0.7027   0.0000E+00  0.0000   0.0000E+00  0.0000   5.4983E-11  0.7429
   1.7783E+00   3.1623E+00   1.4868E-07  0.6675   0.0000E+00  0.0000   0.0000E+00  0.0000   1.3689E-10  0.7467
   3.1623E+00   5.6234E+00   1.0077E-07  0.5984   0.0000E+00  0.0000   0.0000E+00  0.0000   3.1511E-10  0.7786
   5.6234E+00   1.0000E+01   9.7110E-08  0.7447   0.0000E+00  0.0000   0.0000E+00  0.0000   7.0463E-10  0.8010
   1.0000E+01   1.7783E+01   7.6385E-08  0.6871   0.0000E+00  0.0000   0.0000E+00  0.0000   1.4567E-09  0.8092
   1.7783E+01   3.1623E+01   1.0226E-07  0.7314   0.0000E+00  0.0000   0.0000E+00  0.0000   2.9657E-09  0.8076
   3.1623E+01   5.6234E+01   1.4341E-07  0.6397   0.0000E+00  0.0000   0.0000E+00  0.0000   4.5965E-09  0.7753
   5.6234E+01   1.0000E+02   9.7090E-08  0.5940   0.0000E+00  0.0000   0.0000E+00  0.0000   4.9821E-09  0.7158
   1.0000E+02   1.7783E+02   5.1781E-07  0.9360   0.0000E+00  0.0000   0.0000E+00  0.0000   2.5426E-09  0.6236
   1.7783E+02   3.1623E+02   1.0089E-07  0.7146   0.0000E+00  0.0000   0.0000E+00  0.0000   8.7215E-10  1.0000
   3.1623E+02   5.6234E+02   0.0000E+00  0.0000   0.0000E+00  0.0000   0.0000E+00  0.0000   0.0000E+00  0.0000
   5.6234E+02   1.0000E+03   0.0000E+00  0.0000   0.0000E+00  0.0000   0.0000E+00  0.0000   0.0000E+00  0.0000
   1.0000E+03   1.7783E+03   0.0000E+00  0.0000   0.0000E+00  0.0000   0.0000E+00  0.0000   0.0000E+00  0.0000
   1.7783E+03   3.1623E+03   0.0000E+00  0.0000   0.0000E+00  0.0000   0.0000E+00  0.0000   0.0000E+00  0.0000
   3.1623E+03   5.6234E+03   0.0000E+00  0.0000   0.0000E+00  0.0000   0.0000E+00  0.0000   0.0000E+00  0.0000
   5.6234E+03   1.0000E+04   0.0000E+00  0.0000   0.0000E+00  0.0000   0.0000E+00  0.0000   0.0000E+00  0.0000
   1.0000E+04   1.7783E+04   0.0000E+00  0.0000   0.0000E+00  0.0000   0.0000E+00  0.0000   0.0000E+00  0.0000
   1.7783E+04   3.1623E+04   0.0000E+00  0.0000   0.0000E+00  0.0000   0.0000E+00  0.0000   0.0000E+00  0.0000
   3.1623E+04   5.6234E+04   0.0000E+00  0.0000   0.0000E+00  0.0000   0.0000E+00  0.0000   0.0000E+00  0.0000
   5.6234E+04   1.0000E+05   0.0000E+00  0.0000   0.0000E+00  0.0000   0.0000E+00  0.0000   0.0000E+00  0.0000

#   sum over                 5.1018E-06  0.7371   0.0000E+00  0.0000   0.0000E+00  0.0000   1.8665E-08  0.6887

'no. =  4, (ix,iy,iz) = (  1,  1,  4)'
msuc: {\huge Flux spectra vs depth in concrete}
msdr: {\it plotted by \ANGEL \version}
msdl: {\it calculated by \PHITS  3.36}
wt: s(0.7)
\vspace{-3}
   vol  &=&   2.8800E+07 [cm^3]
  xmin  &=&  -6.0000E+02 [cm]
  xmax  &=&   6.0000E+02 [cm]
  ymin  &=&  -6.0000E+02 [cm]
  ymax  &=&   6.0000E+02 [cm]
  zmin  &=&  -6.4000E+02 [cm]
  zmax  &=&  -6.2000E+02 [cm]
e:

#------------------------------------------------------------------------------
 newpage:
#   no. =  5   ix  =  1   iy  =  1   iz  =  5
#   x = (  -6.0000E+02  -   6.0000E+02  )
#   y = (  -6.0000E+02  -   6.0000E+02  )
#   z = (  -6.2000E+02  -  -6.0000E+02  )

x: Energy [MeV/n]
y: Flux [1/cm^2/source]              
p: xlog ylog afac(0.8) form(0.9)
h: n            x            y(neutron ),hh0l n y(muon-   ),hh0dr n y(muon+   ),hh0ub n y(proton  ),hh0mg n 
#  e-lower      e-upper        neutron   r.err      muon-     r.err      muon+     r.err      proton    r.err 
   1.0000E-10   1.7783E-10   2.2376E-11  0.8173   0.0000E+00  0.0000   0.0000E+00  0.0000   0.0000E+00  0.0000
   1.7783E-10   3.1623E-10   1.0911E-10  0.9635   0.0000E+00  0.0000   0.0000E+00  0.0000   0.0000E+00  0.0000
   3.1623E-10   5.6234E-10   5.1175E-10  0.8936   0.0000E+00  0.0000   0.0000E+00  0.0000   0.0000E+00  0.0000
   5.6234E-10   1.0000E-09   1.2276E-09  0.8537   0.0000E+00  0.0000   0.0000E+00  0.0000   0.0000E+00  0.0000
   1.0000E-09   1.7783E-09   3.8824E-09  0.8494   0.0000E+00  0.0000   0.0000E+00  0.0000   0.0000E+00  0.0000
   1.7783E-09   3.1623E-09   1.3907E-08  0.8248   0.0000E+00  0.0000   0.0000E+00  0.0000   0.0000E+00  0.0000
   3.1623E-09   5.6234E-09   3.7625E-08  0.8183   0.0000E+00  0.0000   0.0000E+00  0.0000   0.0000E+00  0.0000
   5.6234E-09   1.0000E-08   1.0032E-07  0.7954   0.0000E+00  0.0000   0.0000E+00  0.0000   0.0000E+00  0.0000
   1.0000E-08   1.7783E-08   2.6017E-07  0.8274   0.0000E+00  0.0000   0.0000E+00  0.0000   0.0000E+00  0.0000
   1.7783E-08   3.1623E-08   5.1015E-07  0.7989   0.0000E+00  0.0000   0.0000E+00  0.0000   0.0000E+00  0.0000
   3.1623E-08   5.6234E-08   8.0015E-07  0.8056   0.0000E+00  0.0000   0.0000E+00  0.0000   0.0000E+00  0.0000
   5.6234E-08   1.0000E-07   7.6921E-07  0.7968   0.0000E+00  0.0000   0.0000E+00  0.0000   0.0000E+00  0.0000
   1.0000E-07   1.7783E-07   3.4139E-07  0.8122   0.0000E+00  0.0000   0.0000E+00  0.0000   0.0000E+00  0.0000
   1.7783E-07   3.1623E-07   1.0202E-07  0.8447   0.0000E+00  0.0000   0.0000E+00  0.0000   0.0000E+00  0.0000
   3.1623E-07   5.6234E-07   6.5933E-08  0.8552   0.0000E+00  0.0000   0.0000E+00  0.0000   0.0000E+00  0.0000
   5.6234E-07   1.0000E-06   7.8100E-08  0.8781   0.0000E+00  0.0000   0.0000E+00  0.0000   0.0000E+00  0.0000
   1.0000E-06   1.7783E-06   7.1229E-08  0.8007   0.0000E+00  0.0000   0.0000E+00  0.0000   0.0000E+00  0.0000
   1.7783E-06   3.1623E-06   7.7531E-08  0.8585   0.0000E+00  0.0000   0.0000E+00  0.0000   0.0000E+00  0.0000
   3.1623E-06   5.6234E-06   7.3228E-08  0.8534   0.0000E+00  0.0000   0.0000E+00  0.0000   0.0000E+00  0.0000
   5.6234E-06   1.0000E-05   5.9956E-08  0.8367   0.0000E+00  0.0000   0.0000E+00  0.0000   0.0000E+00  0.0000
   1.0000E-05   1.7783E-05   7.6997E-08  0.8581   0.0000E+00  0.0000   0.0000E+00  0.0000   0.0000E+00  0.0000
   1.7783E-05   3.1623E-05   6.7678E-08  0.8563   0.0000E+00  0.0000   0.0000E+00  0.0000   0.0000E+00  0.0000
   3.1623E-05   5.6234E-05   5.8651E-08  0.7810   0.0000E+00  0.0000   0.0000E+00  0.0000   0.0000E+00  0.0000
   5.6234E-05   1.0000E-04   7.4451E-08  0.8432   0.0000E+00  0.0000   0.0000E+00  0.0000   0.0000E+00  0.0000
   1.0000E-04   1.7783E-04   7.5279E-08  0.8129   0.0000E+00  0.0000   0.0000E+00  0.0000   0.0000E+00  0.0000
   1.7783E-04   3.1623E-04   8.0695E-08  0.8074   0.0000E+00  0.0000   0.0000E+00  0.0000   0.0000E+00  0.0000
   3.1623E-04   5.6234E-04   1.0645E-07  0.8494   0.0000E+00  0.0000   0.0000E+00  0.0000   0.0000E+00  0.0000
   5.6234E-04   1.0000E-03   7.9937E-08  0.7099   0.0000E+00  0.0000   0.0000E+00  0.0000   1.4046E-18  0.7003
   1.0000E-03   1.7783E-03   6.3654E-08  0.8815   0.0000E+00  0.0000   0.0000E+00  0.0000   5.8442E-14  0.6858
   1.7783E-03   3.1623E-03   7.7136E-08  0.8482   0.0000E+00  0.0000   0.0000E+00  0.0000   9.4379E-14  0.6858
   3.1623E-03   5.6234E-03   8.9311E-08  0.8599   0.0000E+00  0.0000   0.0000E+00  0.0000   1.4247E-13  0.6858
   5.6234E-03   1.0000E-02   9.0364E-08  0.9002   0.0000E+00  0.0000   0.0000E+00  0.0000   1.9660E-13  0.6858
   1.0000E-02   1.7783E-02   1.0284E-07  0.9112   0.0000E+00  0.0000   0.0000E+00  0.0000   2.6369E-13  0.6858
   1.7783E-02   3.1623E-02   8.7673E-08  0.8719   0.0000E+00  0.0000   0.0000E+00  0.0000   3.7778E-13  0.6858
   3.1623E-02   5.6234E-02   8.4096E-08  0.8452   0.0000E+00  0.0000   0.0000E+00  0.0000   5.6690E-13  0.6858
   5.6234E-02   1.0000E-01   1.2554E-07  0.8574   0.0000E+00  0.0000   0.0000E+00  0.0000   9.2736E-13  0.6858
   1.0000E-01   1.7783E-01   2.7106E-07  0.9207   0.0000E+00  0.0000   0.0000E+00  0.0000   1.7112E-12  0.6858
   1.7783E-01   3.1623E-01   6.9423E-08  0.6403   0.0000E+00  0.0000   0.0000E+00  0.0000   3.6356E-12  0.6858
   3.1623E-01   5.6234E-01   7.6727E-08  0.6481   0.0000E+00  0.0000   0.0000E+00  0.0000   8.6596E-12  0.6860
   5.6234E-01   1.0000E+00   1.3182E-07  0.6705   0.0000E+00  0.0000   0.0000E+00  0.0000   2.1833E-11  0.6867
   1.0000E+00   1.7783E+00   1.9304E-07  0.7138   0.0000E+00  0.0000   0.0000E+00  0.0000   5.5342E-11  0.6867
   1.7783E+00   3.1623E+00   2.4231E-07  0.6331   0.0000E+00  0.0000   0.0000E+00  0.0000   1.3968E-10  0.6879
   3.1623E+00   5.6234E+00   1.1071E-07  0.6557   0.0000E+00  0.0000   0.0000E+00  0.0000   3.2811E-10  0.6851
   5.6234E+00   1.0000E+01   1.1315E-07  0.7834   0.0000E+00  0.0000   0.0000E+00  0.0000   6.4550E-10  0.6648
   1.0000E+01   1.7783E+01   7.9611E-08  0.7141   0.0000E+00  0.0000   0.0000E+00  0.0000   1.2293E-09  0.6634
   1.7783E+01   3.1623E+01   6.0997E-08  0.7311   0.0000E+00  0.0000   0.0000E+00  0.0000   2.6891E-09  0.6960
   3.1623E+01   5.6234E+01   1.7489E-07  0.5446   0.0000E+00  0.0000   0.0000E+00  0.0000   5.1112E-09  0.7501
   5.6234E+01   1.0000E+02   8.8917E-08  0.6010   0.0000E+00  0.0000   0.0000E+00  0.0000   6.5662E-09  0.7047
   1.0000E+02   1.7783E+02   7.1558E-07  0.9669   0.0000E+00  0.0000   0.0000E+00  0.0000   3.7354E-09  0.6318
   1.7783E+02   3.1623E+02   1.5410E-07  0.7169   0.0000E+00  0.0000   0.0000E+00  0.0000   1.4934E-09  1.0000
   3.1623E+02   5.6234E+02   0.0000E+00  0.0000   0.0000E+00  0.0000   0.0000E+00  0.0000   0.0000E+00  0.0000
   5.6234E+02   1.0000E+03   0.0000E+00  0.0000   0.0000E+00  0.0000   0.0000E+00  0.0000   0.0000E+00  0.0000
   1.0000E+03   1.7783E+03   0.0000E+00  0.0000   0.0000E+00  0.0000   0.0000E+00  0.0000   0.0000E+00  0.0000
   1.7783E+03   3.1623E+03   0.0000E+00  0.0000   0.0000E+00  0.0000   0.0000E+00  0.0000   0.0000E+00  0.0000
   3.1623E+03   5.6234E+03   0.0000E+00  0.0000   0.0000E+00  0.0000   0.0000E+00  0.0000   0.0000E+00  0.0000
   5.6234E+03   1.0000E+04   0.0000E+00  0.0000   0.0000E+00  0.0000   0.0000E+00  0.0000   0.0000E+00  0.0000
   1.0000E+04   1.7783E+04   0.0000E+00  0.0000   0.0000E+00  0.0000   0.0000E+00  0.0000   0.0000E+00  0.0000
   1.7783E+04   3.1623E+04   0.0000E+00  0.0000   0.0000E+00  0.0000   0.0000E+00  0.0000   0.0000E+00  0.0000
   3.1623E+04   5.6234E+04   0.0000E+00  0.0000   0.0000E+00  0.0000   0.0000E+00  0.0000   0.0000E+00  0.0000
   5.6234E+04   1.0000E+05   0.0000E+00  0.0000   0.0000E+00  0.0000   0.0000E+00  0.0000   0.0000E+00  0.0000

#   sum over                 7.1898E-06  0.7859   0.0000E+00  0.0000   0.0000E+00  0.0000   2.2032E-08  0.6360

'no. =  5, (ix,iy,iz) = (  1,  1,  5)'
msuc: {\huge Flux spectra vs depth in concrete}
msdr: {\it plotted by \ANGEL \version}
msdl: {\it calculated by \PHITS  3.36}
wt: s(0.7)
\vspace{-3}
   vol  &=&   2.8800E+07 [cm^3]
  xmin  &=&  -6.0000E+02 [cm]
  xmax  &=&   6.0000E+02 [cm]
  ymin  &=&  -6.0000E+02 [cm]
  ymax  &=&   6.0000E+02 [cm]
  zmin  &=&  -6.2000E+02 [cm]
  zmax  &=&  -6.0000E+02 [cm]
e:

#------------------------------------------------------------------------------
 newpage:
#   no. =  6   ix  =  1   iy  =  1   iz  =  6
#   x = (  -6.0000E+02  -   6.0000E+02  )
#   y = (  -6.0000E+02  -   6.0000E+02  )
#   z = (  -6.0000E+02  -  -5.8000E+02  )

x: Energy [MeV/n]
y: Flux [1/cm^2/source]              
p: xlog ylog afac(0.8) form(0.9)
h: n            x            y(neutron ),hh0l n y(muon-   ),hh0dr n y(muon+   ),hh0ub n y(proton  ),hh0mg n 
#  e-lower      e-upper        neutron   r.err      muon-     r.err      muon+     r.err      proton    r.err 
   1.0000E-10   1.7783E-10   0.0000E+00  0.0000   0.0000E+00  0.0000   0.0000E+00  0.0000   0.0000E+00  0.0000
   1.7783E-10   3.1623E-10   1.7635E-11  0.7904   0.0000E+00  0.0000   0.0000E+00  0.0000   0.0000E+00  0.0000
   3.1623E-10   5.6234E-10   1.0155E-11  0.7080   0.0000E+00  0.0000   0.0000E+00  0.0000   0.0000E+00  0.0000
   5.6234E-10   1.0000E-09   2.3433E-11  0.7205   0.0000E+00  0.0000   0.0000E+00  0.0000   0.0000E+00  0.0000
   1.0000E-09   1.7783E-09   1.5006E-10  0.5262   0.0000E+00  0.0000   0.0000E+00  0.0000   0.0000E+00  0.0000
   1.7783E-09   3.1623E-09   3.7893E-09  0.8365   0.0000E+00  0.0000   0.0000E+00  0.0000   0.0000E+00  0.0000
   3.1623E-09   5.6234E-09   2.8493E-08  0.9033   0.0000E+00  0.0000   0.0000E+00  0.0000   0.0000E+00  0.0000
   5.6234E-09   1.0000E-08   3.1978E-08  0.6536   0.0000E+00  0.0000   0.0000E+00  0.0000   0.0000E+00  0.0000
   1.0000E-08   1.7783E-08   1.4808E-07  0.6295   0.0000E+00  0.0000   0.0000E+00  0.0000   0.0000E+00  0.0000
   1.7783E-08   3.1623E-08   3.2450E-07  0.6609   0.0000E+00  0.0000   0.0000E+00  0.0000   0.0000E+00  0.0000
   3.1623E-08   5.6234E-08   6.1856E-07  0.7875   0.0000E+00  0.0000   0.0000E+00  0.0000   0.0000E+00  0.0000
   5.6234E-08   1.0000E-07   3.6421E-07  0.7357   0.0000E+00  0.0000   0.0000E+00  0.0000   0.0000E+00  0.0000
   1.0000E-07   1.7783E-07   2.1226E-07  0.7180   0.0000E+00  0.0000   0.0000E+00  0.0000   0.0000E+00  0.0000
   1.7783E-07   3.1623E-07   1.6703E-09  0.4869   0.0000E+00  0.0000   0.0000E+00  0.0000   0.0000E+00  0.0000
   3.1623E-07   5.6234E-07   5.7406E-10  0.5614   0.0000E+00  0.0000   0.0000E+00  0.0000   0.0000E+00  0.0000
   5.6234E-07   1.0000E-06   4.5654E-10  0.5021   0.0000E+00  0.0000   0.0000E+00  0.0000   0.0000E+00  0.0000
   1.0000E-06   1.7783E-06   3.1376E-10  0.8538   0.0000E+00  0.0000   0.0000E+00  0.0000   0.0000E+00  0.0000
   1.7783E-06   3.1623E-06   1.4725E-07  0.9925   0.0000E+00  0.0000   0.0000E+00  0.0000   0.0000E+00  0.0000
   3.1623E-06   5.6234E-06   1.1308E-09  0.8687   0.0000E+00  0.0000   0.0000E+00  0.0000   0.0000E+00  0.0000
   5.6234E-06   1.0000E-05   1.0671E-08  0.9123   0.0000E+00  0.0000   0.0000E+00  0.0000   0.0000E+00  0.0000
   1.0000E-05   1.7783E-05   1.4434E-09  0.7060   0.0000E+00  0.0000   0.0000E+00  0.0000   0.0000E+00  0.0000
   1.7783E-05   3.1623E-05   1.7361E-10  0.7742   0.0000E+00  0.0000   0.0000E+00  0.0000   0.0000E+00  0.0000
   3.1623E-05   5.6234E-05   6.2042E-09  0.8620   0.0000E+00  0.0000   0.0000E+00  0.0000   0.0000E+00  0.0000
   5.6234E-05   1.0000E-04   1.4987E-08  0.7480   0.0000E+00  0.0000   0.0000E+00  0.0000   0.0000E+00  0.0000
   1.0000E-04   1.7783E-04   5.6828E-10  0.6500   0.0000E+00  0.0000   0.0000E+00  0.0000   0.0000E+00  0.0000
   1.7783E-04   3.1623E-04   3.2374E-07  0.7182   0.0000E+00  0.0000   0.0000E+00  0.0000   0.0000E+00  0.0000
   3.1623E-04   5.6234E-04   1.1265E-07  0.9155   0.0000E+00  0.0000   0.0000E+00  0.0000   0.0000E+00  0.0000
   5.6234E-04   1.0000E-03   3.6777E-07  0.6760   0.0000E+00  0.0000   0.0000E+00  0.0000   1.3746E-19  0.8743
   1.0000E-03   1.7783E-03   9.5272E-09  0.7535   0.0000E+00  0.0000   0.0000E+00  0.0000   6.9562E-15  0.9320
   1.7783E-03   3.1623E-03   1.0286E-08  0.9112   0.0000E+00  0.0000   0.0000E+00  0.0000   1.1233E-14  0.9320
   3.1623E-03   5.6234E-03   1.1171E-07  0.9964   0.0000E+00  0.0000   0.0000E+00  0.0000   1.6958E-14  0.9320
   5.6234E-03   1.0000E-02   1.8003E-07  0.9918   0.0000E+00  0.0000   0.0000E+00  0.0000   2.3400E-14  0.9320
   1.0000E-02   1.7783E-02   1.2637E-07  0.9720   0.0000E+00  0.0000   0.0000E+00  0.0000   3.1386E-14  0.9320
   1.7783E-02   3.1623E-02   1.7189E-07  0.9932   0.0000E+00  0.0000   0.0000E+00  0.0000   4.4965E-14  0.9320
   3.1623E-02   5.6234E-02   7.9454E-09  0.8551   0.0000E+00  0.0000   0.0000E+00  0.0000   6.7475E-14  0.9320
   5.6234E-02   1.0000E-01   2.0108E-09  0.5406   0.0000E+00  0.0000   0.0000E+00  0.0000   1.1038E-13  0.9320
   1.0000E-01   1.7783E-01   1.0384E-06  0.9900   0.0000E+00  0.0000   0.0000E+00  0.0000   2.0368E-13  0.9320
   1.7783E-01   3.1623E-01   3.3957E-09  0.7480   0.0000E+00  0.0000   0.0000E+00  0.0000   4.3272E-13  0.9320
   3.1623E-01   5.6234E-01   1.9777E-09  0.5039   0.0000E+00  0.0000   0.0000E+00  0.0000   1.0310E-12  0.9320
   5.6234E-01   1.0000E+00   5.0907E-09  0.5616   0.0000E+00  0.0000   0.0000E+00  0.0000   2.6026E-12  0.9320
   1.0000E+00   1.7783E+00   4.9385E-09  0.6123   0.0000E+00  0.0000   0.0000E+00  0.0000   6.6923E-12  0.9336
   1.7783E+00   3.1623E+00   1.0962E-07  0.7868   0.0000E+00  0.0000   0.0000E+00  0.0000   1.4536E-11  0.9345
   3.1623E+00   5.6234E+00   6.4785E-08  0.6016   0.0000E+00  0.0000   0.0000E+00  0.0000   3.7471E-11  0.9444
   5.6234E+00   1.0000E+01   1.6076E-08  0.6304   0.0000E+00  0.0000   0.0000E+00  0.0000   9.3901E-11  0.9619
   1.0000E+01   1.7783E+01   1.7617E-08  0.6226   0.0000E+00  0.0000   0.0000E+00  0.0000   5.9390E-11  0.8887
   1.7783E+01   3.1623E+01   1.2621E-09  1.0000   0.0000E+00  0.0000   0.0000E+00  0.0000   1.4451E-11  1.0000
   3.1623E+01   5.6234E+01   1.5127E-07  0.6306   0.0000E+00  0.0000   0.0000E+00  0.0000   2.4612E-11  1.0000
   5.6234E+01   1.0000E+02   4.8470E-08  0.9207   0.0000E+00  0.0000   0.0000E+00  0.0000   0.0000E+00  0.0000
   1.0000E+02   1.7783E+02   8.0898E-07  0.9947   0.0000E+00  0.0000   0.0000E+00  0.0000   0.0000E+00  0.0000
   1.7783E+02   3.1623E+02   1.9285E-07  0.7148   0.0000E+00  0.0000   0.0000E+00  0.0000   0.0000E+00  0.0000
   3.1623E+02   5.6234E+02   0.0000E+00  0.0000   0.0000E+00  0.0000   0.0000E+00  0.0000   0.0000E+00  0.0000
   5.6234E+02   1.0000E+03   0.0000E+00  0.0000   0.0000E+00  0.0000   0.0000E+00  0.0000   0.0000E+00  0.0000
   1.0000E+03   1.7783E+03   0.0000E+00  0.0000   0.0000E+00  0.0000   0.0000E+00  0.0000   0.0000E+00  0.0000
   1.7783E+03   3.1623E+03   0.0000E+00  0.0000   0.0000E+00  0.0000   0.0000E+00  0.0000   0.0000E+00  0.0000
   3.1623E+03   5.6234E+03   0.0000E+00  0.0000   0.0000E+00  0.0000   0.0000E+00  0.0000   0.0000E+00  0.0000
   5.6234E+03   1.0000E+04   0.0000E+00  0.0000   0.0000E+00  0.0000   0.0000E+00  0.0000   0.0000E+00  0.0000
   1.0000E+04   1.7783E+04   0.0000E+00  0.0000   0.0000E+00  0.0000   0.0000E+00  0.0000   0.0000E+00  0.0000
   1.7783E+04   3.1623E+04   0.0000E+00  0.0000   0.0000E+00  0.0000   0.0000E+00  0.0000   0.0000E+00  0.0000
   3.1623E+04   5.6234E+04   0.0000E+00  0.0000   0.0000E+00  0.0000   0.0000E+00  0.0000   0.0000E+00  0.0000
   5.6234E+04   1.0000E+05   0.0000E+00  0.0000   0.0000E+00  0.0000   0.0000E+00  0.0000   0.0000E+00  0.0000

#   sum over                 5.8061E-06  0.7207   0.0000E+00  0.0000   0.0000E+00  0.0000   2.5564E-10  0.8135

'no. =  6, (ix,iy,iz) = (  1,  1,  6)'
msuc: {\huge Flux spectra vs depth in concrete}
msdr: {\it plotted by \ANGEL \version}
msdl: {\it calculated by \PHITS  3.36}
wt: s(0.7)
\vspace{-3}
   vol  &=&   2.8800E+07 [cm^3]
  xmin  &=&  -6.0000E+02 [cm]
  xmax  &=&   6.0000E+02 [cm]
  ymin  &=&  -6.0000E+02 [cm]
  ymax  &=&   6.0000E+02 [cm]
  zmin  &=&  -6.0000E+02 [cm]
  zmax  &=&  -5.8000E+02 [cm]
e:

#------------------------------------------------------------------------------
 newpage:
#   no. =  7   ix  =  1   iy  =  1   iz  =  7
#   x = (  -6.0000E+02  -   6.0000E+02  )
#   y = (  -6.0000E+02  -   6.0000E+02  )
#   z = (  -5.8000E+02  -  -5.6000E+02  )

x: Energy [MeV/n]
y: Flux [1/cm^2/source]              
p: xlog ylog afac(0.8) form(0.9)
h: n            x            y(neutron ),hh0l n y(muon-   ),hh0dr n y(muon+   ),hh0ub n y(proton  ),hh0mg n 
#  e-lower      e-upper        neutron   r.err      muon-     r.err      muon+     r.err      proton    r.err 
   1.0000E-10   1.7783E-10   0.0000E+00  0.0000   0.0000E+00  0.0000   0.0000E+00  0.0000   0.0000E+00  0.0000
   1.7783E-10   3.1623E-10   0.0000E+00  0.0000   0.0000E+00  0.0000   0.0000E+00  0.0000   0.0000E+00  0.0000
   3.1623E-10   5.6234E-10   1.7887E-11  0.6789   0.0000E+00  0.0000   0.0000E+00  0.0000   0.0000E+00  0.0000
   5.6234E-10   1.0000E-09   8.8859E-11  0.5442   0.0000E+00  0.0000   0.0000E+00  0.0000   0.0000E+00  0.0000
   1.0000E-09   1.7783E-09   1.2023E-09  0.6002   0.0000E+00  0.0000   0.0000E+00  0.0000   0.0000E+00  0.0000
   1.7783E-09   3.1623E-09   4.1624E-09  0.5626   0.0000E+00  0.0000   0.0000E+00  0.0000   0.0000E+00  0.0000
   3.1623E-09   5.6234E-09   3.2940E-08  0.8181   0.0000E+00  0.0000   0.0000E+00  0.0000   0.0000E+00  0.0000
   5.6234E-09   1.0000E-08   3.9738E-08  0.5848   0.0000E+00  0.0000   0.0000E+00  0.0000   0.0000E+00  0.0000
   1.0000E-08   1.7783E-08   1.7662E-07  0.5463   0.0000E+00  0.0000   0.0000E+00  0.0000   0.0000E+00  0.0000
   1.7783E-08   3.1623E-08   3.6644E-07  0.5428   0.0000E+00  0.0000   0.0000E+00  0.0000   0.0000E+00  0.0000
   3.1623E-08   5.6234E-08   5.8548E-07  0.6543   0.0000E+00  0.0000   0.0000E+00  0.0000   0.0000E+00  0.0000
   5.6234E-08   1.0000E-07   4.9156E-07  0.6435   0.0000E+00  0.0000   0.0000E+00  0.0000   0.0000E+00  0.0000
   1.0000E-07   1.7783E-07   1.9982E-07  0.7030   0.0000E+00  0.0000   0.0000E+00  0.0000   0.0000E+00  0.0000
   1.7783E-07   3.1623E-07   1.4606E-08  0.7026   0.0000E+00  0.0000   0.0000E+00  0.0000   0.0000E+00  0.0000
   3.1623E-07   5.6234E-07   1.3781E-09  0.5508   0.0000E+00  0.0000   0.0000E+00  0.0000   0.0000E+00  0.0000
   5.6234E-07   1.0000E-06   1.2229E-09  0.6028   0.0000E+00  0.0000   0.0000E+00  0.0000   0.0000E+00  0.0000
   1.0000E-06   1.7783E-06   1.3649E-09  0.5957   0.0000E+00  0.0000   0.0000E+00  0.0000   0.0000E+00  0.0000
   1.7783E-06   3.1623E-06   3.3776E-08  0.7318   0.0000E+00  0.0000   0.0000E+00  0.0000   0.0000E+00  0.0000
   3.1623E-06   5.6234E-06   3.4422E-08  0.8637   0.0000E+00  0.0000   0.0000E+00  0.0000   0.0000E+00  0.0000
   5.6234E-06   1.0000E-05   1.5287E-08  0.6739   0.0000E+00  0.0000   0.0000E+00  0.0000   0.0000E+00  0.0000
   1.0000E-05   1.7783E-05   9.8872E-10  0.7123   0.0000E+00  0.0000   0.0000E+00  0.0000   0.0000E+00  0.0000
   1.7783E-05   3.1623E-05   5.2705E-09  0.8420   0.0000E+00  0.0000   0.0000E+00  0.0000   0.0000E+00  0.0000
   3.1623E-05   5.6234E-05   2.1096E-09  0.5038   0.0000E+00  0.0000   0.0000E+00  0.0000   0.0000E+00  0.0000
   5.6234E-05   1.0000E-04   1.9485E-08  0.6306   0.0000E+00  0.0000   0.0000E+00  0.0000   0.0000E+00  0.0000
   1.0000E-04   1.7783E-04   5.2142E-09  0.5436   0.0000E+00  0.0000   0.0000E+00  0.0000   0.0000E+00  0.0000
   1.7783E-04   3.1623E-04   3.3120E-07  0.7052   0.0000E+00  0.0000   0.0000E+00  0.0000   0.0000E+00  0.0000
   3.1623E-04   5.6234E-04   1.1617E-07  0.8884   0.0000E+00  0.0000   0.0000E+00  0.0000   0.0000E+00  0.0000
   5.6234E-04   1.0000E-03   3.6692E-07  0.6776   0.0000E+00  0.0000   0.0000E+00  0.0000   1.3311E-20  0.5765
   1.0000E-03   1.7783E-03   1.5607E-08  0.6096   0.0000E+00  0.0000   0.0000E+00  0.0000   1.2484E-15  0.5484
   1.7783E-03   3.1623E-03   1.2536E-08  0.7650   0.0000E+00  0.0000   0.0000E+00  0.0000   2.0161E-15  0.5484
   3.1623E-03   5.6234E-03   1.1286E-07  0.9862   0.0000E+00  0.0000   0.0000E+00  0.0000   3.0434E-15  0.5484
   5.6234E-03   1.0000E-02   1.8647E-07  0.9582   0.0000E+00  0.0000   0.0000E+00  0.0000   4.1997E-15  0.5484
   1.0000E-02   1.7783E-02   1.3052E-07  0.9419   0.0000E+00  0.0000   0.0000E+00  0.0000   5.6328E-15  0.5484
   1.7783E-02   3.1623E-02   1.7239E-07  0.9904   0.0000E+00  0.0000   0.0000E+00  0.0000   8.0699E-15  0.5484
   3.1623E-02   5.6234E-02   7.6872E-09  0.8799   0.0000E+00  0.0000   0.0000E+00  0.0000   1.2110E-14  0.5484
   5.6234E-02   1.0000E-01   2.4434E-09  0.4955   0.0000E+00  0.0000   0.0000E+00  0.0000   1.9810E-14  0.5484
   1.0000E-01   1.7783E-01   1.0461E-06  0.9827   0.0000E+00  0.0000   0.0000E+00  0.0000   3.6554E-14  0.5484
   1.7783E-01   3.1623E-01   1.5352E-08  0.7950   0.0000E+00  0.0000   0.0000E+00  0.0000   7.7661E-14  0.5484
   3.1623E-01   5.6234E-01   7.8777E-09  0.5922   0.0000E+00  0.0000   0.0000E+00  0.0000   1.8504E-13  0.5484
   5.6234E-01   1.0000E+00   1.8098E-08  0.5935   0.0000E+00  0.0000   0.0000E+00  0.0000   4.6710E-13  0.5484
   1.0000E+00   1.7783E+00   4.8096E-09  0.4298   0.0000E+00  0.0000   0.0000E+00  0.0000   1.2031E-12  0.5484
   1.7783E+00   3.1623E+00   3.2607E-07  0.6850   0.0000E+00  0.0000   0.0000E+00  0.0000   2.9974E-12  0.5578
   3.1623E+00   5.6234E+00   2.5152E-08  0.6100   0.0000E+00  0.0000   0.0000E+00  0.0000   6.6401E-12  0.5604
   5.6234E+00   1.0000E+01   5.8457E-09  0.6525   0.0000E+00  0.0000   0.0000E+00  0.0000   1.4402E-11  0.5617
   1.0000E+01   1.7783E+01   1.3544E-09  0.8859   0.0000E+00  0.0000   0.0000E+00  0.0000   3.0462E-11  0.6229
   1.7783E+01   3.1623E+01   1.9441E-09  0.6512   0.0000E+00  0.0000   0.0000E+00  0.0000   7.1714E-11  0.6133
   3.1623E+01   5.6234E+01   1.3944E-07  0.6579   0.0000E+00  0.0000   0.0000E+00  0.0000   1.2372E-10  0.5766
   5.6234E+01   1.0000E+02   1.5505E-07  0.6887   0.0000E+00  0.0000   0.0000E+00  0.0000   1.1957E-10  0.8548
   1.0000E+02   1.7783E+02   8.1486E-07  0.9875   0.0000E+00  0.0000   0.0000E+00  0.0000   0.0000E+00  0.0000
   1.7783E+02   3.1623E+02   1.9323E-07  0.7134   0.0000E+00  0.0000   0.0000E+00  0.0000   0.0000E+00  0.0000
   3.1623E+02   5.6234E+02   0.0000E+00  0.0000   0.0000E+00  0.0000   0.0000E+00  0.0000   0.0000E+00  0.0000
   5.6234E+02   1.0000E+03   0.0000E+00  0.0000   0.0000E+00  0.0000   0.0000E+00  0.0000   0.0000E+00  0.0000
   1.0000E+03   1.7783E+03   0.0000E+00  0.0000   0.0000E+00  0.0000   0.0000E+00  0.0000   0.0000E+00  0.0000
   1.7783E+03   3.1623E+03   0.0000E+00  0.0000   0.0000E+00  0.0000   0.0000E+00  0.0000   0.0000E+00  0.0000
   3.1623E+03   5.6234E+03   0.0000E+00  0.0000   0.0000E+00  0.0000   0.0000E+00  0.0000   0.0000E+00  0.0000
   5.6234E+03   1.0000E+04   0.0000E+00  0.0000   0.0000E+00  0.0000   0.0000E+00  0.0000   0.0000E+00  0.0000
   1.0000E+04   1.7783E+04   0.0000E+00  0.0000   0.0000E+00  0.0000   0.0000E+00  0.0000   0.0000E+00  0.0000
   1.7783E+04   3.1623E+04   0.0000E+00  0.0000   0.0000E+00  0.0000   0.0000E+00  0.0000   0.0000E+00  0.0000
   3.1623E+04   5.6234E+04   0.0000E+00  0.0000   0.0000E+00  0.0000   0.0000E+00  0.0000   0.0000E+00  0.0000
   5.6234E+04   1.0000E+05   0.0000E+00  0.0000   0.0000E+00  0.0000   0.0000E+00  0.0000   0.0000E+00  0.0000

#   sum over                 6.2432E-06  0.6847   0.0000E+00  0.0000   0.0000E+00  0.0000   3.7153E-10  0.5906

'no. =  7, (ix,iy,iz) = (  1,  1,  7)'
msuc: {\huge Flux spectra vs depth in concrete}
msdr: {\it plotted by \ANGEL \version}
msdl: {\it calculated by \PHITS  3.36}
wt: s(0.7)
\vspace{-3}
   vol  &=&   2.8800E+07 [cm^3]
  xmin  &=&  -6.0000E+02 [cm]
  xmax  &=&   6.0000E+02 [cm]
  ymin  &=&  -6.0000E+02 [cm]
  ymax  &=&   6.0000E+02 [cm]
  zmin  &=&  -5.8000E+02 [cm]
  zmax  &=&  -5.6000E+02 [cm]
e:

#------------------------------------------------------------------------------
 newpage:
#   no. =  8   ix  =  1   iy  =  1   iz  =  8
#   x = (  -6.0000E+02  -   6.0000E+02  )
#   y = (  -6.0000E+02  -   6.0000E+02  )
#   z = (  -5.6000E+02  -  -5.4000E+02  )

x: Energy [MeV/n]
y: Flux [1/cm^2/source]              
p: xlog ylog afac(0.8) form(0.9)
h: n            x            y(neutron ),hh0l n y(muon-   ),hh0dr n y(muon+   ),hh0ub n y(proton  ),hh0mg n 
#  e-lower      e-upper        neutron   r.err      muon-     r.err      muon+     r.err      proton    r.err 
   1.0000E-10   1.7783E-10   2.5228E-11  0.9557   0.0000E+00  0.0000   0.0000E+00  0.0000   0.0000E+00  0.0000
   1.7783E-10   3.1623E-10   9.0262E-13  1.0000   0.0000E+00  0.0000   0.0000E+00  0.0000   0.0000E+00  0.0000
   3.1623E-10   5.6234E-10   1.1368E-11  0.8228   0.0000E+00  0.0000   0.0000E+00  0.0000   0.0000E+00  0.0000
   5.6234E-10   1.0000E-09   3.8830E-10  0.6169   0.0000E+00  0.0000   0.0000E+00  0.0000   0.0000E+00  0.0000
   1.0000E-09   1.7783E-09   1.5122E-09  0.6464   0.0000E+00  0.0000   0.0000E+00  0.0000   0.0000E+00  0.0000
   1.7783E-09   3.1623E-09   1.0820E-08  0.6181   0.0000E+00  0.0000   0.0000E+00  0.0000   0.0000E+00  0.0000
   3.1623E-09   5.6234E-09   3.5987E-08  0.7184   0.0000E+00  0.0000   0.0000E+00  0.0000   0.0000E+00  0.0000
   5.6234E-09   1.0000E-08   6.1452E-08  0.5652   0.0000E+00  0.0000   0.0000E+00  0.0000   0.0000E+00  0.0000
   1.0000E-08   1.7783E-08   2.8860E-07  0.5783   0.0000E+00  0.0000   0.0000E+00  0.0000   0.0000E+00  0.0000
   1.7783E-08   3.1623E-08   5.1878E-07  0.5643   0.0000E+00  0.0000   0.0000E+00  0.0000   0.0000E+00  0.0000
   3.1623E-08   5.6234E-08   5.8406E-07  0.6061   0.0000E+00  0.0000   0.0000E+00  0.0000   0.0000E+00  0.0000
   5.6234E-08   1.0000E-07   6.8234E-07  0.6497   0.0000E+00  0.0000   0.0000E+00  0.0000   0.0000E+00  0.0000
   1.0000E-07   1.7783E-07   2.6547E-07  0.6887   0.0000E+00  0.0000   0.0000E+00  0.0000   0.0000E+00  0.0000
   1.7783E-07   3.1623E-07   2.3319E-08  0.5804   0.0000E+00  0.0000   0.0000E+00  0.0000   0.0000E+00  0.0000
   3.1623E-07   5.6234E-07   4.5339E-08  0.7356   0.0000E+00  0.0000   0.0000E+00  0.0000   0.0000E+00  0.0000
   5.6234E-07   1.0000E-06   2.3556E-08  0.6873   0.0000E+00  0.0000   0.0000E+00  0.0000   0.0000E+00  0.0000
   1.0000E-06   1.7783E-06   7.2970E-09  0.6487   0.0000E+00  0.0000   0.0000E+00  0.0000   0.0000E+00  0.0000
   1.7783E-06   3.1623E-06   2.2445E-08  0.6168   0.0000E+00  0.0000   0.0000E+00  0.0000   0.0000E+00  0.0000
   3.1623E-06   5.6234E-06   2.6937E-07  0.9701   0.0000E+00  0.0000   0.0000E+00  0.0000   0.0000E+00  0.0000
   5.6234E-06   1.0000E-05   4.8189E-08  0.5184   0.0000E+00  0.0000   0.0000E+00  0.0000   0.0000E+00  0.0000
   1.0000E-05   1.7783E-05   2.7608E-08  0.7661   0.0000E+00  0.0000   0.0000E+00  0.0000   0.0000E+00  0.0000
   1.7783E-05   3.1623E-05   3.7969E-08  0.7708   0.0000E+00  0.0000   0.0000E+00  0.0000   0.0000E+00  0.0000
   3.1623E-05   5.6234E-05   5.1610E-08  0.7182   0.0000E+00  0.0000   0.0000E+00  0.0000   0.0000E+00  0.0000
   5.6234E-05   1.0000E-04   7.3184E-08  0.6401   0.0000E+00  0.0000   0.0000E+00  0.0000   0.0000E+00  0.0000
   1.0000E-04   1.7783E-04   2.0894E-08  0.7898   0.0000E+00  0.0000   0.0000E+00  0.0000   0.0000E+00  0.0000
   1.7783E-04   3.1623E-04   3.4841E-07  0.6913   0.0000E+00  0.0000   0.0000E+00  0.0000   0.0000E+00  0.0000
   3.1623E-04   5.6234E-04   1.7134E-07  0.7807   0.0000E+00  0.0000   0.0000E+00  0.0000   0.0000E+00  0.0000
   5.6234E-04   1.0000E-03   4.0264E-07  0.6408   0.0000E+00  0.0000   0.0000E+00  0.0000   1.3745E-19  0.8766
   1.0000E-03   1.7783E-03   5.6594E-08  0.6858   0.0000E+00  0.0000   0.0000E+00  0.0000   1.2809E-14  0.9116
   1.7783E-03   3.1623E-03   6.4027E-08  0.7298   0.0000E+00  0.0000   0.0000E+00  0.0000   2.0686E-14  0.9116
   3.1623E-03   5.6234E-03   2.7716E-07  0.9395   0.0000E+00  0.0000   0.0000E+00  0.0000   3.1226E-14  0.9116
   5.6234E-03   1.0000E-02   1.8685E-07  0.9562   0.0000E+00  0.0000   0.0000E+00  0.0000   4.3089E-14  0.9116
   1.0000E-02   1.7783E-02   1.4937E-07  0.8334   0.0000E+00  0.0000   0.0000E+00  0.0000   5.7794E-14  0.9116
   1.7783E-02   3.1623E-02   5.9323E-08  0.8160   0.0000E+00  0.0000   0.0000E+00  0.0000   8.2799E-14  0.9116
   3.1623E-02   5.6234E-02   2.0394E-08  0.5616   0.0000E+00  0.0000   0.0000E+00  0.0000   1.2425E-13  0.9116
   5.6234E-02   1.0000E-01   2.5653E-08  0.8716   0.0000E+00  0.0000   0.0000E+00  0.0000   2.0325E-13  0.9116
   1.0000E-01   1.7783E-01   1.0573E-06  0.9724   0.0000E+00  0.0000   0.0000E+00  0.0000   3.7505E-13  0.9116
   1.7783E-01   3.1623E-01   3.2274E-08  0.6616   0.0000E+00  0.0000   0.0000E+00  0.0000   7.9682E-13  0.9116
   3.1623E-01   5.6234E-01   4.9190E-08  0.7030   0.0000E+00  0.0000   0.0000E+00  0.0000   1.8986E-12  0.9116
   5.6234E-01   1.0000E+00   3.7457E-08  0.7095   0.0000E+00  0.0000   0.0000E+00  0.0000   4.7925E-12  0.9116
   1.0000E+00   1.7783E+00   1.5571E-08  0.5083   0.0000E+00  0.0000   0.0000E+00  0.0000   1.2344E-11  0.9116
   1.7783E+00   3.1623E+00   3.9327E-07  0.6256   0.0000E+00  0.0000   0.0000E+00  0.0000   3.0020E-11  0.9087
   3.1623E+00   5.6234E+00   1.0028E-07  0.8852   0.0000E+00  0.0000   0.0000E+00  0.0000   6.7172E-11  0.9224
   5.6234E+00   1.0000E+01   4.3811E-08  0.9055   0.0000E+00  0.0000   0.0000E+00  0.0000   1.8109E-10  0.9418
   1.0000E+01   1.7783E+01   7.0253E-09  0.6444   0.0000E+00  0.0000   0.0000E+00  0.0000   4.9999E-10  0.9591
   1.7783E+01   3.1623E+01   2.4083E-08  0.7523   0.0000E+00  0.0000   0.0000E+00  0.0000   1.2186E-09  0.9616
   3.1623E+01   5.6234E+01   1.6049E-07  0.6091   0.0000E+00  0.0000   0.0000E+00  0.0000   2.1876E-09  0.9822
   5.6234E+01   1.0000E+02   1.0395E-06  0.9284   0.0000E+00  0.0000   0.0000E+00  0.0000   1.1140E-11  1.0000
   1.0000E+02   1.7783E+02   1.4393E-06  0.9897   0.0000E+00  0.0000   0.0000E+00  0.0000   0.0000E+00  0.0000
   1.7783E+02   3.1623E+02   1.9538E-07  0.7057   0.0000E+00  0.0000   0.0000E+00  0.0000   0.0000E+00  0.0000
   3.1623E+02   5.6234E+02   0.0000E+00  0.0000   0.0000E+00  0.0000   0.0000E+00  0.0000   0.0000E+00  0.0000
   5.6234E+02   1.0000E+03   0.0000E+00  0.0000   0.0000E+00  0.0000   0.0000E+00  0.0000   0.0000E+00  0.0000
   1.0000E+03   1.7783E+03   0.0000E+00  0.0000   0.0000E+00  0.0000   0.0000E+00  0.0000   0.0000E+00  0.0000
   1.7783E+03   3.1623E+03   0.0000E+00  0.0000   0.0000E+00  0.0000   0.0000E+00  0.0000   0.0000E+00  0.0000
   3.1623E+03   5.6234E+03   0.0000E+00  0.0000   0.0000E+00  0.0000   0.0000E+00  0.0000   0.0000E+00  0.0000
   5.6234E+03   1.0000E+04   0.0000E+00  0.0000   0.0000E+00  0.0000   0.0000E+00  0.0000   0.0000E+00  0.0000
   1.0000E+04   1.7783E+04   0.0000E+00  0.0000   0.0000E+00  0.0000   0.0000E+00  0.0000   0.0000E+00  0.0000
   1.7783E+04   3.1623E+04   0.0000E+00  0.0000   0.0000E+00  0.0000   0.0000E+00  0.0000   0.0000E+00  0.0000
   3.1623E+04   5.6234E+04   0.0000E+00  0.0000   0.0000E+00  0.0000   0.0000E+00  0.0000   0.0000E+00  0.0000
   5.6234E+04   1.0000E+05   0.0000E+00  0.0000   0.0000E+00  0.0000   0.0000E+00  0.0000   0.0000E+00  0.0000

#   sum over                 9.4570E-06  0.7048   0.0000E+00  0.0000   0.0000E+00  0.0000   4.2163E-09  0.9674

'no. =  8, (ix,iy,iz) = (  1,  1,  8)'
msuc: {\huge Flux spectra vs depth in concrete}
msdr: {\it plotted by \ANGEL \version}
msdl: {\it calculated by \PHITS  3.36}
wt: s(0.7)
\vspace{-3}
   vol  &=&   2.8800E+07 [cm^3]
  xmin  &=&  -6.0000E+02 [cm]
  xmax  &=&   6.0000E+02 [cm]
  ymin  &=&  -6.0000E+02 [cm]
  ymax  &=&   6.0000E+02 [cm]
  zmin  &=&  -5.6000E+02 [cm]
  zmax  &=&  -5.4000E+02 [cm]
e:

#------------------------------------------------------------------------------
 newpage:
#   no. =  9   ix  =  1   iy  =  1   iz  =  9
#   x = (  -6.0000E+02  -   6.0000E+02  )
#   y = (  -6.0000E+02  -   6.0000E+02  )
#   z = (  -5.4000E+02  -  -5.2000E+02  )

x: Energy [MeV/n]
y: Flux [1/cm^2/source]              
p: xlog ylog afac(0.8) form(0.9)
h: n            x            y(neutron ),hh0l n y(muon-   ),hh0dr n y(muon+   ),hh0ub n y(proton  ),hh0mg n 
#  e-lower      e-upper        neutron   r.err      muon-     r.err      muon+     r.err      proton    r.err 
   1.0000E-10   1.7783E-10   0.0000E+00  0.0000   0.0000E+00  0.0000   0.0000E+00  0.0000   0.0000E+00  0.0000
   1.7783E-10   3.1623E-10   3.3058E-11  1.0000   0.0000E+00  0.0000   0.0000E+00  0.0000   0.0000E+00  0.0000
   3.1623E-10   5.6234E-10   3.3744E-10  0.7353   0.0000E+00  0.0000   0.0000E+00  0.0000   0.0000E+00  0.0000
   5.6234E-10   1.0000E-09   1.0018E-09  0.5729   0.0000E+00  0.0000   0.0000E+00  0.0000   0.0000E+00  0.0000
   1.0000E-09   1.7783E-09   1.0806E-09  0.5420   0.0000E+00  0.0000   0.0000E+00  0.0000   0.0000E+00  0.0000
   1.7783E-09   3.1623E-09   6.0969E-09  0.5717   0.0000E+00  0.0000   0.0000E+00  0.0000   0.0000E+00  0.0000
   3.1623E-09   5.6234E-09   1.7737E-08  0.6145   0.0000E+00  0.0000   0.0000E+00  0.0000   0.0000E+00  0.0000
   5.6234E-09   1.0000E-08   6.8551E-08  0.5270   0.0000E+00  0.0000   0.0000E+00  0.0000   0.0000E+00  0.0000
   1.0000E-08   1.7783E-08   3.3937E-07  0.5987   0.0000E+00  0.0000   0.0000E+00  0.0000   0.0000E+00  0.0000
   1.7783E-08   3.1623E-08   5.5537E-07  0.5338   0.0000E+00  0.0000   0.0000E+00  0.0000   0.0000E+00  0.0000
   3.1623E-08   5.6234E-08   5.3384E-07  0.5343   0.0000E+00  0.0000   0.0000E+00  0.0000   0.0000E+00  0.0000
   5.6234E-08   1.0000E-07   8.3895E-07  0.6479   0.0000E+00  0.0000   0.0000E+00  0.0000   0.0000E+00  0.0000
   1.0000E-07   1.7783E-07   3.1029E-07  0.6534   0.0000E+00  0.0000   0.0000E+00  0.0000   0.0000E+00  0.0000
   1.7783E-07   3.1623E-07   3.8295E-08  0.8653   0.0000E+00  0.0000   0.0000E+00  0.0000   0.0000E+00  0.0000
   3.1623E-07   5.6234E-07   1.7032E-07  0.8953   0.0000E+00  0.0000   0.0000E+00  0.0000   0.0000E+00  0.0000
   5.6234E-07   1.0000E-06   2.3351E-08  0.6096   0.0000E+00  0.0000   0.0000E+00  0.0000   0.0000E+00  0.0000
   1.0000E-06   1.7783E-06   4.0006E-08  0.5940   0.0000E+00  0.0000   0.0000E+00  0.0000   0.0000E+00  0.0000
   1.7783E-06   3.1623E-06   2.5466E-08  0.6345   0.0000E+00  0.0000   0.0000E+00  0.0000   0.0000E+00  0.0000
   3.1623E-06   5.6234E-06   2.7202E-07  0.9467   0.0000E+00  0.0000   0.0000E+00  0.0000   0.0000E+00  0.0000
   5.6234E-06   1.0000E-05   4.3257E-08  0.5124   0.0000E+00  0.0000   0.0000E+00  0.0000   0.0000E+00  0.0000
   1.0000E-05   1.7783E-05   5.3810E-08  0.7030   0.0000E+00  0.0000   0.0000E+00  0.0000   0.0000E+00  0.0000
   1.7783E-05   3.1623E-05   3.3008E-08  0.6640   0.0000E+00  0.0000   0.0000E+00  0.0000   0.0000E+00  0.0000
   3.1623E-05   5.6234E-05   3.4934E-08  0.5931   0.0000E+00  0.0000   0.0000E+00  0.0000   0.0000E+00  0.0000
   5.6234E-05   1.0000E-04   5.3748E-08  0.5331   0.0000E+00  0.0000   0.0000E+00  0.0000   0.0000E+00  0.0000
   1.0000E-04   1.7783E-04   1.9440E-08  0.8405   0.0000E+00  0.0000   0.0000E+00  0.0000   0.0000E+00  0.0000
   1.7783E-04   3.1623E-04   3.4917E-07  0.7279   0.0000E+00  0.0000   0.0000E+00  0.0000   0.0000E+00  0.0000
   3.1623E-04   5.6234E-04   2.6034E-07  0.8530   0.0000E+00  0.0000   0.0000E+00  0.0000   0.0000E+00  0.0000
   5.6234E-04   1.0000E-03   5.5774E-07  0.6790   0.0000E+00  0.0000   0.0000E+00  0.0000   2.8382E-19  0.6031
   1.0000E-03   1.7783E-03   4.7474E-08  0.5361   0.0000E+00  0.0000   0.0000E+00  0.0000   9.1157E-15  0.6421
   1.7783E-03   3.1623E-03   3.7434E-08  0.5506   0.0000E+00  0.0000   0.0000E+00  0.0000   1.4721E-14  0.6421
   3.1623E-03   5.6234E-03   7.9138E-07  0.9663   0.0000E+00  0.0000   0.0000E+00  0.0000   2.2222E-14  0.6421
   5.6234E-03   1.0000E-02   3.6645E-07  0.9812   0.0000E+00  0.0000   0.0000E+00  0.0000   3.0665E-14  0.6421
   1.0000E-02   1.7783E-02   1.2870E-07  0.9548   0.0000E+00  0.0000   0.0000E+00  0.0000   4.1129E-14  0.6421
   1.7783E-02   3.1623E-02   3.2884E-08  0.7263   0.0000E+00  0.0000   0.0000E+00  0.0000   5.8924E-14  0.6421
   3.1623E-02   5.6234E-02   2.4714E-08  0.5224   0.0000E+00  0.0000   0.0000E+00  0.0000   8.8422E-14  0.6421
   5.6234E-02   1.0000E-01   2.1837E-08  0.7796   0.0000E+00  0.0000   0.0000E+00  0.0000   1.4464E-13  0.6421
   1.0000E-01   1.7783E-01   1.0658E-06  0.9648   0.0000E+00  0.0000   0.0000E+00  0.0000   2.6691E-13  0.6421
   1.7783E-01   3.1623E-01   2.4719E-08  0.8440   0.0000E+00  0.0000   0.0000E+00  0.0000   5.6706E-13  0.6421
   3.1623E-01   5.6234E-01   5.0927E-08  0.8126   0.0000E+00  0.0000   0.0000E+00  0.0000   1.3511E-12  0.6421
   5.6234E-01   1.0000E+00   1.0868E-07  0.6654   0.0000E+00  0.0000   0.0000E+00  0.0000   3.4106E-12  0.6421
   1.0000E+00   1.7783E+00   1.3388E-07  0.6679   0.0000E+00  0.0000   0.0000E+00  0.0000   8.7848E-12  0.6421
   1.7783E+00   3.1623E+00   4.2526E-07  0.5832   0.0000E+00  0.0000   0.0000E+00  0.0000   2.2820E-11  0.6490
   3.1623E+00   5.6234E+00   1.0044E-07  0.6441   0.0000E+00  0.0000   0.0000E+00  0.0000   5.9978E-11  0.6644
   5.6234E+00   1.0000E+01   6.1800E-08  0.9285   0.0000E+00  0.0000   0.0000E+00  0.0000   1.5092E-10  0.6709
   1.0000E+01   1.7783E+01   3.7261E-08  0.9343   0.0000E+00  0.0000   0.0000E+00  0.0000   2.7026E-10  0.6461
   1.7783E+01   3.1623E+01   9.2115E-09  0.4605   0.0000E+00  0.0000   0.0000E+00  0.0000   2.8679E-10  0.8108
   3.1623E+01   5.6234E+01   2.4753E-07  0.5996   0.0000E+00  0.0000   0.0000E+00  0.0000   8.6227E-11  0.9458
   5.6234E+01   1.0000E+02   1.1944E-06  0.8243   0.0000E+00  0.0000   0.0000E+00  0.0000   2.2604E-10  1.0000
   1.0000E+02   1.7783E+02   1.9821E-06  0.9777   0.0000E+00  0.0000   0.0000E+00  0.0000   4.0465E-10  1.0000
   1.7783E+02   3.1623E+02   1.9702E-07  0.6999   0.0000E+00  0.0000   0.0000E+00  0.0000   0.0000E+00  0.0000
   3.1623E+02   5.6234E+02   0.0000E+00  0.0000   0.0000E+00  0.0000   0.0000E+00  0.0000   0.0000E+00  0.0000
   5.6234E+02   1.0000E+03   0.0000E+00  0.0000   0.0000E+00  0.0000   0.0000E+00  0.0000   0.0000E+00  0.0000
   1.0000E+03   1.7783E+03   0.0000E+00  0.0000   0.0000E+00  0.0000   0.0000E+00  0.0000   0.0000E+00  0.0000
   1.7783E+03   3.1623E+03   0.0000E+00  0.0000   0.0000E+00  0.0000   0.0000E+00  0.0000   0.0000E+00  0.0000
   3.1623E+03   5.6234E+03   0.0000E+00  0.0000   0.0000E+00  0.0000   0.0000E+00  0.0000   0.0000E+00  0.0000
   5.6234E+03   1.0000E+04   0.0000E+00  0.0000   0.0000E+00  0.0000   0.0000E+00  0.0000   0.0000E+00  0.0000
   1.0000E+04   1.7783E+04   0.0000E+00  0.0000   0.0000E+00  0.0000   0.0000E+00  0.0000   0.0000E+00  0.0000
   1.7783E+04   3.1623E+04   0.0000E+00  0.0000   0.0000E+00  0.0000   0.0000E+00  0.0000   0.0000E+00  0.0000
   3.1623E+04   5.6234E+04   0.0000E+00  0.0000   0.0000E+00  0.0000   0.0000E+00  0.0000   0.0000E+00  0.0000
   5.6234E+04   1.0000E+05   0.0000E+00  0.0000   0.0000E+00  0.0000   0.0000E+00  0.0000   0.0000E+00  0.0000

#   sum over                 1.1737E-05  0.6845   0.0000E+00  0.0000   0.0000E+00  0.0000   1.5225E-09  0.6006

'no. =  9, (ix,iy,iz) = (  1,  1,  9)'
msuc: {\huge Flux spectra vs depth in concrete}
msdr: {\it plotted by \ANGEL \version}
msdl: {\it calculated by \PHITS  3.36}
wt: s(0.7)
\vspace{-3}
   vol  &=&   2.8800E+07 [cm^3]
  xmin  &=&  -6.0000E+02 [cm]
  xmax  &=&   6.0000E+02 [cm]
  ymin  &=&  -6.0000E+02 [cm]
  ymax  &=&   6.0000E+02 [cm]
  zmin  &=&  -5.4000E+02 [cm]
  zmax  &=&  -5.2000E+02 [cm]
e:

#------------------------------------------------------------------------------
 newpage:
#   no. = 10   ix  =  1   iy  =  1   iz  = 10
#   x = (  -6.0000E+02  -   6.0000E+02  )
#   y = (  -6.0000E+02  -   6.0000E+02  )
#   z = (  -5.2000E+02  -  -5.0000E+02  )

x: Energy [MeV/n]
y: Flux [1/cm^2/source]              
p: xlog ylog afac(0.8) form(0.9)
h: n            x            y(neutron ),hh0l n y(muon-   ),hh0dr n y(muon+   ),hh0ub n y(proton  ),hh0mg n 
#  e-lower      e-upper        neutron   r.err      muon-     r.err      muon+     r.err      proton    r.err 
   1.0000E-10   1.7783E-10   0.0000E+00  0.0000   0.0000E+00  0.0000   0.0000E+00  0.0000   0.0000E+00  0.0000
   1.7783E-10   3.1623E-10   9.0617E-12  1.0000   0.0000E+00  0.0000   0.0000E+00  0.0000   0.0000E+00  0.0000
   3.1623E-10   5.6234E-10   3.8635E-12  1.0000   0.0000E+00  0.0000   0.0000E+00  0.0000   0.0000E+00  0.0000
   5.6234E-10   1.0000E-09   3.9396E-09  0.9986   0.0000E+00  0.0000   0.0000E+00  0.0000   0.0000E+00  0.0000
   1.0000E-09   1.7783E-09   4.6480E-09  0.7350   0.0000E+00  0.0000   0.0000E+00  0.0000   0.0000E+00  0.0000
   1.7783E-09   3.1623E-09   6.7234E-09  0.8343   0.0000E+00  0.0000   0.0000E+00  0.0000   0.0000E+00  0.0000
   3.1623E-09   5.6234E-09   1.4573E-08  0.7795   0.0000E+00  0.0000   0.0000E+00  0.0000   0.0000E+00  0.0000
   5.6234E-09   1.0000E-08   7.7385E-08  0.6108   0.0000E+00  0.0000   0.0000E+00  0.0000   0.0000E+00  0.0000
   1.0000E-08   1.7783E-08   3.7287E-07  0.5628   0.0000E+00  0.0000   0.0000E+00  0.0000   0.0000E+00  0.0000
   1.7783E-08   3.1623E-08   5.0092E-07  0.5037   0.0000E+00  0.0000   0.0000E+00  0.0000   0.0000E+00  0.0000
   3.1623E-08   5.6234E-08   6.1675E-07  0.5884   0.0000E+00  0.0000   0.0000E+00  0.0000   0.0000E+00  0.0000
   5.6234E-08   1.0000E-07   8.9600E-07  0.6050   0.0000E+00  0.0000   0.0000E+00  0.0000   0.0000E+00  0.0000
   1.0000E-07   1.7783E-07   3.5298E-07  0.5775   0.0000E+00  0.0000   0.0000E+00  0.0000   0.0000E+00  0.0000
   1.7783E-07   3.1623E-07   6.8014E-08  0.6618   0.0000E+00  0.0000   0.0000E+00  0.0000   0.0000E+00  0.0000
   3.1623E-07   5.6234E-07   1.9363E-07  0.7390   0.0000E+00  0.0000   0.0000E+00  0.0000   0.0000E+00  0.0000
   5.6234E-07   1.0000E-06   5.2230E-08  0.7143   0.0000E+00  0.0000   0.0000E+00  0.0000   0.0000E+00  0.0000
   1.0000E-06   1.7783E-06   6.9917E-08  0.7023   0.0000E+00  0.0000   0.0000E+00  0.0000   0.0000E+00  0.0000
   1.7783E-06   3.1623E-06   1.8192E-08  0.6755   0.0000E+00  0.0000   0.0000E+00  0.0000   0.0000E+00  0.0000
   3.1623E-06   5.6234E-06   2.6374E-07  0.9452   0.0000E+00  0.0000   0.0000E+00  0.0000   0.0000E+00  0.0000
   5.6234E-06   1.0000E-05   7.5330E-08  0.6195   0.0000E+00  0.0000   0.0000E+00  0.0000   0.0000E+00  0.0000
   1.0000E-05   1.7783E-05   4.8138E-08  0.9023   0.0000E+00  0.0000   0.0000E+00  0.0000   0.0000E+00  0.0000
   1.7783E-05   3.1623E-05   3.7340E-08  0.7473   0.0000E+00  0.0000   0.0000E+00  0.0000   0.0000E+00  0.0000
   3.1623E-05   5.6234E-05   2.2997E-08  0.5249   0.0000E+00  0.0000   0.0000E+00  0.0000   0.0000E+00  0.0000
   5.6234E-05   1.0000E-04   5.3091E-08  0.6064   0.0000E+00  0.0000   0.0000E+00  0.0000   0.0000E+00  0.0000
   1.0000E-04   1.7783E-04   2.4578E-08  0.6114   0.0000E+00  0.0000   0.0000E+00  0.0000   0.0000E+00  0.0000
   1.7783E-04   3.1623E-04   3.7063E-07  0.6505   0.0000E+00  0.0000   0.0000E+00  0.0000   0.0000E+00  0.0000
   3.1623E-04   5.6234E-04   2.3818E-07  0.8990   0.0000E+00  0.0000   0.0000E+00  0.0000   0.0000E+00  0.0000
   5.6234E-04   1.0000E-03   7.0311E-07  0.8030   0.0000E+00  0.0000   0.0000E+00  0.0000   1.1660E-18  0.6581
   1.0000E-03   1.7783E-03   2.4593E-08  0.5406   0.0000E+00  0.0000   0.0000E+00  0.0000   5.3059E-14  0.6998
   1.7783E-03   3.1623E-03   1.0530E-08  0.6063   0.0000E+00  0.0000   0.0000E+00  0.0000   8.5685E-14  0.6998
   3.1623E-03   5.6234E-03   9.6471E-07  0.9468   0.0000E+00  0.0000   0.0000E+00  0.0000   1.2935E-13  0.6998
   5.6234E-03   1.0000E-02   5.4609E-07  0.9424   0.0000E+00  0.0000   0.0000E+00  0.0000   1.7849E-13  0.6998
   1.0000E-02   1.7783E-02   1.5401E-07  0.8121   0.0000E+00  0.0000   0.0000E+00  0.0000   2.3940E-13  0.6998
   1.7783E-02   3.1623E-02   6.2599E-08  0.7350   0.0000E+00  0.0000   0.0000E+00  0.0000   3.4297E-13  0.6998
   3.1623E-02   5.6234E-02   1.4185E-08  0.6358   0.0000E+00  0.0000   0.0000E+00  0.0000   5.1467E-13  0.6998
   5.6234E-02   1.0000E-01   5.7501E-08  0.8026   0.0000E+00  0.0000   0.0000E+00  0.0000   8.4192E-13  0.6998
   1.0000E-01   1.7783E-01   1.0917E-06  0.9421   0.0000E+00  0.0000   0.0000E+00  0.0000   1.5536E-12  0.6998
   1.7783E-01   3.1623E-01   7.2397E-08  0.8114   0.0000E+00  0.0000   0.0000E+00  0.0000   3.3006E-12  0.6998
   3.1623E-01   5.6234E-01   8.3285E-08  0.8106   0.0000E+00  0.0000   0.0000E+00  0.0000   7.8643E-12  0.6998
   5.6234E-01   1.0000E+00   1.2179E-07  0.8912   0.0000E+00  0.0000   0.0000E+00  0.0000   1.9852E-11  0.6999
   1.0000E+00   1.7783E+00   2.1027E-07  0.7882   0.0000E+00  0.0000   0.0000E+00  0.0000   5.0938E-11  0.7023
   1.7783E+00   3.1623E+00   4.5470E-07  0.5692   0.0000E+00  0.0000   0.0000E+00  0.0000   1.2571E-10  0.7064
   3.1623E+00   5.6234E+00   1.7753E-07  0.6542   0.0000E+00  0.0000   0.0000E+00  0.0000   2.3481E-10  0.6881
   5.6234E+00   1.0000E+01   1.2473E-07  0.7505   0.0000E+00  0.0000   0.0000E+00  0.0000   4.6724E-10  0.6993
   1.0000E+01   1.7783E+01   7.7282E-08  0.7523   0.0000E+00  0.0000   0.0000E+00  0.0000   1.1843E-09  0.7159
   1.7783E+01   3.1623E+01   9.1481E-08  0.8574   0.0000E+00  0.0000   0.0000E+00  0.0000   3.1049E-09  0.7226
   3.1623E+01   5.6234E+01   2.6096E-07  0.7245   0.0000E+00  0.0000   0.0000E+00  0.0000   6.2543E-09  0.7989
   5.6234E+01   1.0000E+02   1.4469E-06  0.7254   0.0000E+00  0.0000   0.0000E+00  0.0000   3.9535E-09  0.6810
   1.0000E+02   1.7783E+02   2.0434E-06  0.9492   0.0000E+00  0.0000   0.0000E+00  0.0000   0.0000E+00  0.0000
   1.7783E+02   3.1623E+02   1.9839E-07  0.6967   0.0000E+00  0.0000   0.0000E+00  0.0000   0.0000E+00  0.0000
   3.1623E+02   5.6234E+02   0.0000E+00  0.0000   0.0000E+00  0.0000   0.0000E+00  0.0000   0.0000E+00  0.0000
   5.6234E+02   1.0000E+03   0.0000E+00  0.0000   0.0000E+00  0.0000   0.0000E+00  0.0000   0.0000E+00  0.0000
   1.0000E+03   1.7783E+03   0.0000E+00  0.0000   0.0000E+00  0.0000   0.0000E+00  0.0000   0.0000E+00  0.0000
   1.7783E+03   3.1623E+03   0.0000E+00  0.0000   0.0000E+00  0.0000   0.0000E+00  0.0000   0.0000E+00  0.0000
   3.1623E+03   5.6234E+03   0.0000E+00  0.0000   0.0000E+00  0.0000   0.0000E+00  0.0000   0.0000E+00  0.0000
   5.6234E+03   1.0000E+04   0.0000E+00  0.0000   0.0000E+00  0.0000   0.0000E+00  0.0000   0.0000E+00  0.0000
   1.0000E+04   1.7783E+04   0.0000E+00  0.0000   0.0000E+00  0.0000   0.0000E+00  0.0000   0.0000E+00  0.0000
   1.7783E+04   3.1623E+04   0.0000E+00  0.0000   0.0000E+00  0.0000   0.0000E+00  0.0000   0.0000E+00  0.0000
   3.1623E+04   5.6234E+04   0.0000E+00  0.0000   0.0000E+00  0.0000   0.0000E+00  0.0000   0.0000E+00  0.0000
   5.6234E+04   1.0000E+05   0.0000E+00  0.0000   0.0000E+00  0.0000   0.0000E+00  0.0000   0.0000E+00  0.0000

#   sum over                 1.3375E-05  0.6231   0.0000E+00  0.0000   0.0000E+00  0.0000   1.5411E-08  0.7256

'no. = 10, (ix,iy,iz) = (  1,  1, 10)'
msuc: {\huge Flux spectra vs depth in concrete}
msdr: {\it plotted by \ANGEL \version}
msdl: {\it calculated by \PHITS  3.36}
wt: s(0.7)
\vspace{-3}
   vol  &=&   2.8800E+07 [cm^3]
  xmin  &=&  -6.0000E+02 [cm]
  xmax  &=&   6.0000E+02 [cm]
  ymin  &=&  -6.0000E+02 [cm]
  ymax  &=&   6.0000E+02 [cm]
  zmin  &=&  -5.2000E+02 [cm]
  zmax  &=&  -5.0000E+02 [cm]
e:

#------------------------------------------------------------------------------
 newpage:
#   no. = 11   ix  =  1   iy  =  1   iz  = 11
#   x = (  -6.0000E+02  -   6.0000E+02  )
#   y = (  -6.0000E+02  -   6.0000E+02  )
#   z = (  -5.0000E+02  -  -4.8000E+02  )

x: Energy [MeV/n]
y: Flux [1/cm^2/source]              
p: xlog ylog afac(0.8) form(0.9)
h: n            x            y(neutron ),hh0l n y(muon-   ),hh0dr n y(muon+   ),hh0ub n y(proton  ),hh0mg n 
#  e-lower      e-upper        neutron   r.err      muon-     r.err      muon+     r.err      proton    r.err 
   1.0000E-10   1.7783E-10   3.5582E-12  1.0000   0.0000E+00  0.0000   0.0000E+00  0.0000   0.0000E+00  0.0000
   1.7783E-10   3.1623E-10   0.0000E+00  0.0000   0.0000E+00  0.0000   0.0000E+00  0.0000   0.0000E+00  0.0000
   3.1623E-10   5.6234E-10   1.2333E-11  0.7104   0.0000E+00  0.0000   0.0000E+00  0.0000   0.0000E+00  0.0000
   5.6234E-10   1.0000E-09   3.2899E-10  0.5112   0.0000E+00  0.0000   0.0000E+00  0.0000   0.0000E+00  0.0000
   1.0000E-09   1.7783E-09   9.1009E-10  0.5223   0.0000E+00  0.0000   0.0000E+00  0.0000   0.0000E+00  0.0000
   1.7783E-09   3.1623E-09   1.2498E-08  0.6353   0.0000E+00  0.0000   0.0000E+00  0.0000   0.0000E+00  0.0000
   3.1623E-09   5.6234E-09   2.1614E-08  0.6343   0.0000E+00  0.0000   0.0000E+00  0.0000   0.0000E+00  0.0000
   5.6234E-09   1.0000E-08   7.6206E-08  0.5173   0.0000E+00  0.0000   0.0000E+00  0.0000   0.0000E+00  0.0000
   1.0000E-08   1.7783E-08   3.6089E-07  0.5088   0.0000E+00  0.0000   0.0000E+00  0.0000   0.0000E+00  0.0000
   1.7783E-08   3.1623E-08   4.2920E-07  0.4577   0.0000E+00  0.0000   0.0000E+00  0.0000   0.0000E+00  0.0000
   3.1623E-08   5.6234E-08   6.0449E-07  0.5231   0.0000E+00  0.0000   0.0000E+00  0.0000   0.0000E+00  0.0000
   5.6234E-08   1.0000E-07   8.6727E-07  0.5092   0.0000E+00  0.0000   0.0000E+00  0.0000   0.0000E+00  0.0000
   1.0000E-07   1.7783E-07   4.0551E-07  0.5269   0.0000E+00  0.0000   0.0000E+00  0.0000   0.0000E+00  0.0000
   1.7783E-07   3.1623E-07   8.5149E-08  0.6550   0.0000E+00  0.0000   0.0000E+00  0.0000   0.0000E+00  0.0000
   3.1623E-07   5.6234E-07   1.7870E-07  0.7976   0.0000E+00  0.0000   0.0000E+00  0.0000   0.0000E+00  0.0000
   5.6234E-07   1.0000E-06   3.0268E-08  0.5640   0.0000E+00  0.0000   0.0000E+00  0.0000   0.0000E+00  0.0000
   1.0000E-06   1.7783E-06   4.0483E-08  0.8679   0.0000E+00  0.0000   0.0000E+00  0.0000   0.0000E+00  0.0000
   1.7783E-06   3.1623E-06   1.6178E-08  0.7429   0.0000E+00  0.0000   0.0000E+00  0.0000   0.0000E+00  0.0000
   3.1623E-06   5.6234E-06   2.5636E-07  0.9715   0.0000E+00  0.0000   0.0000E+00  0.0000   0.0000E+00  0.0000
   5.6234E-06   1.0000E-05   5.6976E-08  0.6788   0.0000E+00  0.0000   0.0000E+00  0.0000   0.0000E+00  0.0000
   1.0000E-05   1.7783E-05   4.8912E-08  0.8789   0.0000E+00  0.0000   0.0000E+00  0.0000   0.0000E+00  0.0000
   1.7783E-05   3.1623E-05   3.3123E-08  0.7940   0.0000E+00  0.0000   0.0000E+00  0.0000   0.0000E+00  0.0000
   3.1623E-05   5.6234E-05   4.0712E-08  0.6791   0.0000E+00  0.0000   0.0000E+00  0.0000   0.0000E+00  0.0000
   5.6234E-05   1.0000E-04   6.1324E-08  0.5718   0.0000E+00  0.0000   0.0000E+00  0.0000   0.0000E+00  0.0000
   1.0000E-04   1.7783E-04   2.4068E-07  0.8801   0.0000E+00  0.0000   0.0000E+00  0.0000   0.0000E+00  0.0000
   1.7783E-04   3.1623E-04   3.5995E-07  0.7091   0.0000E+00  0.0000   0.0000E+00  0.0000   0.0000E+00  0.0000
   3.1623E-04   5.6234E-04   2.2947E-07  0.9323   0.0000E+00  0.0000   0.0000E+00  0.0000   0.0000E+00  0.0000
   5.6234E-04   1.0000E-03   7.3171E-07  0.8135   0.0000E+00  0.0000   0.0000E+00  0.0000   6.0313E-19  0.8018
   1.0000E-03   1.7783E-03   5.3875E-07  0.9792   0.0000E+00  0.0000   0.0000E+00  0.0000   2.6101E-14  0.6376
   1.7783E-03   3.1623E-03   2.2771E-09  0.6558   0.0000E+00  0.0000   0.0000E+00  0.0000   4.2150E-14  0.6376
   3.1623E-03   5.6234E-03   9.4181E-07  0.9920   0.0000E+00  0.0000   0.0000E+00  0.0000   6.3629E-14  0.6376
   5.6234E-03   1.0000E-02   5.1709E-07  0.9939   0.0000E+00  0.0000   0.0000E+00  0.0000   8.7802E-14  0.6376
   1.0000E-02   1.7783E-02   1.3438E-07  0.9156   0.0000E+00  0.0000   0.0000E+00  0.0000   1.1777E-13  0.6376
   1.7783E-02   3.1623E-02   1.8797E-09  0.6435   0.0000E+00  0.0000   0.0000E+00  0.0000   1.6872E-13  0.6376
   3.1623E-02   5.6234E-02   2.2707E-08  0.5691   0.0000E+00  0.0000   0.0000E+00  0.0000   2.5318E-13  0.6376
   5.6234E-02   1.0000E-01   2.9817E-08  0.6479   0.0000E+00  0.0000   0.0000E+00  0.0000   4.1416E-13  0.6376
   1.0000E-01   1.7783E-01   1.0628E-06  0.9673   0.0000E+00  0.0000   0.0000E+00  0.0000   7.6424E-13  0.6376
   1.7783E-01   3.1623E-01   6.3348E-08  0.7267   0.0000E+00  0.0000   0.0000E+00  0.0000   1.6237E-12  0.6376
   3.1623E-01   5.6234E-01   3.8109E-08  0.6558   0.0000E+00  0.0000   0.0000E+00  0.0000   3.8687E-12  0.6376
   5.6234E-01   1.0000E+00   1.1719E-07  0.7712   0.0000E+00  0.0000   0.0000E+00  0.0000   9.7657E-12  0.6376
   1.0000E+00   1.7783E+00   1.1031E-07  0.8008   0.0000E+00  0.0000   0.0000E+00  0.0000   2.5152E-11  0.6377
   1.7783E+00   3.1623E+00   5.9583E-07  0.5503   0.0000E+00  0.0000   0.0000E+00  0.0000   6.5143E-11  0.6453
   3.1623E+00   5.6234E+00   1.0845E-07  0.7058   0.0000E+00  0.0000   0.0000E+00  0.0000   1.7223E-10  0.6561
   5.6234E+00   1.0000E+01   4.2418E-08  0.6544   0.0000E+00  0.0000   0.0000E+00  0.0000   3.1750E-10  0.6906
   1.0000E+01   1.7783E+01   5.2978E-09  0.6434   0.0000E+00  0.0000   0.0000E+00  0.0000   6.6611E-10  0.8294
   1.7783E+01   3.1623E+01   1.5523E-08  0.6676   0.0000E+00  0.0000   0.0000E+00  0.0000   1.1105E-09  0.8017
   3.1623E+01   5.6234E+01   4.0008E-08  0.5510   0.0000E+00  0.0000   0.0000E+00  0.0000   2.6924E-09  0.8224
   5.6234E+01   1.0000E+02   1.7777E-06  0.6702   0.0000E+00  0.0000   0.0000E+00  0.0000   1.1311E-09  0.6630
   1.0000E+02   1.7783E+02   2.0811E-06  0.9329   0.0000E+00  0.0000   0.0000E+00  0.0000   0.0000E+00  0.0000
   1.7783E+02   3.1623E+02   2.0824E-07  0.6801   0.0000E+00  0.0000   0.0000E+00  0.0000   0.0000E+00  0.0000
   3.1623E+02   5.6234E+02   0.0000E+00  0.0000   0.0000E+00  0.0000   0.0000E+00  0.0000   0.0000E+00  0.0000
   5.6234E+02   1.0000E+03   0.0000E+00  0.0000   0.0000E+00  0.0000   0.0000E+00  0.0000   0.0000E+00  0.0000
   1.0000E+03   1.7783E+03   0.0000E+00  0.0000   0.0000E+00  0.0000   0.0000E+00  0.0000   0.0000E+00  0.0000
   1.7783E+03   3.1623E+03   0.0000E+00  0.0000   0.0000E+00  0.0000   0.0000E+00  0.0000   0.0000E+00  0.0000
   3.1623E+03   5.6234E+03   0.0000E+00  0.0000   0.0000E+00  0.0000   0.0000E+00  0.0000   0.0000E+00  0.0000
   5.6234E+03   1.0000E+04   0.0000E+00  0.0000   0.0000E+00  0.0000   0.0000E+00  0.0000   0.0000E+00  0.0000
   1.0000E+04   1.7783E+04   0.0000E+00  0.0000   0.0000E+00  0.0000   0.0000E+00  0.0000   0.0000E+00  0.0000
   1.7783E+04   3.1623E+04   0.0000E+00  0.0000   0.0000E+00  0.0000   0.0000E+00  0.0000   0.0000E+00  0.0000
   3.1623E+04   5.6234E+04   0.0000E+00  0.0000   0.0000E+00  0.0000   0.0000E+00  0.0000   0.0000E+00  0.0000
   5.6234E+04   1.0000E+05   0.0000E+00  0.0000   0.0000E+00  0.0000   0.0000E+00  0.0000   0.0000E+00  0.0000

#   sum over                 1.3644E-05  0.6128   0.0000E+00  0.0000   0.0000E+00  0.0000   6.1974E-09  0.7701

'no. = 11, (ix,iy,iz) = (  1,  1, 11)'
msuc: {\huge Flux spectra vs depth in concrete}
msdr: {\it plotted by \ANGEL \version}
msdl: {\it calculated by \PHITS  3.36}
wt: s(0.7)
\vspace{-3}
   vol  &=&   2.8800E+07 [cm^3]
  xmin  &=&  -6.0000E+02 [cm]
  xmax  &=&   6.0000E+02 [cm]
  ymin  &=&  -6.0000E+02 [cm]
  ymax  &=&   6.0000E+02 [cm]
  zmin  &=&  -5.0000E+02 [cm]
  zmax  &=&  -4.8000E+02 [cm]
e:

#------------------------------------------------------------------------------
 newpage:
#   no. = 12   ix  =  1   iy  =  1   iz  = 12
#   x = (  -6.0000E+02  -   6.0000E+02  )
#   y = (  -6.0000E+02  -   6.0000E+02  )
#   z = (  -4.8000E+02  -  -4.6000E+02  )

x: Energy [MeV/n]
y: Flux [1/cm^2/source]              
p: xlog ylog afac(0.8) form(0.9)
h: n            x            y(neutron ),hh0l n y(muon-   ),hh0dr n y(muon+   ),hh0ub n y(proton  ),hh0mg n 
#  e-lower      e-upper        neutron   r.err      muon-     r.err      muon+     r.err      proton    r.err 
   1.0000E-10   1.7783E-10   0.0000E+00  0.0000   0.0000E+00  0.0000   0.0000E+00  0.0000   0.0000E+00  0.0000
   1.7783E-10   3.1623E-10   4.3933E-11  1.0000   0.0000E+00  0.0000   0.0000E+00  0.0000   0.0000E+00  0.0000
   3.1623E-10   5.6234E-10   3.4671E-10  0.7062   0.0000E+00  0.0000   0.0000E+00  0.0000   0.0000E+00  0.0000
   5.6234E-10   1.0000E-09   4.8077E-10  0.6118   0.0000E+00  0.0000   0.0000E+00  0.0000   0.0000E+00  0.0000
   1.0000E-09   1.7783E-09   2.2992E-09  0.8875   0.0000E+00  0.0000   0.0000E+00  0.0000   0.0000E+00  0.0000
   1.7783E-09   3.1623E-09   7.2012E-09  0.6801   0.0000E+00  0.0000   0.0000E+00  0.0000   0.0000E+00  0.0000
   3.1623E-09   5.6234E-09   2.9638E-08  0.5119   0.0000E+00  0.0000   0.0000E+00  0.0000   0.0000E+00  0.0000
   5.6234E-09   1.0000E-08   9.1264E-08  0.5244   0.0000E+00  0.0000   0.0000E+00  0.0000   0.0000E+00  0.0000
   1.0000E-08   1.7783E-08   4.0027E-07  0.4985   0.0000E+00  0.0000   0.0000E+00  0.0000   0.0000E+00  0.0000
   1.7783E-08   3.1623E-08   5.8182E-07  0.4748   0.0000E+00  0.0000   0.0000E+00  0.0000   0.0000E+00  0.0000
   3.1623E-08   5.6234E-08   7.5809E-07  0.4780   0.0000E+00  0.0000   0.0000E+00  0.0000   0.0000E+00  0.0000
   5.6234E-08   1.0000E-07   8.7766E-07  0.5457   0.0000E+00  0.0000   0.0000E+00  0.0000   0.0000E+00  0.0000
   1.0000E-07   1.7783E-07   4.0520E-07  0.5277   0.0000E+00  0.0000   0.0000E+00  0.0000   0.0000E+00  0.0000
   1.7783E-07   3.1623E-07   1.2423E-07  0.5086   0.0000E+00  0.0000   0.0000E+00  0.0000   0.0000E+00  0.0000
   3.1623E-07   5.6234E-07   1.7293E-07  0.8135   0.0000E+00  0.0000   0.0000E+00  0.0000   0.0000E+00  0.0000
   5.6234E-07   1.0000E-06   6.8161E-08  0.7304   0.0000E+00  0.0000   0.0000E+00  0.0000   0.0000E+00  0.0000
   1.0000E-06   1.7783E-06   6.3485E-08  0.5992   0.0000E+00  0.0000   0.0000E+00  0.0000   0.0000E+00  0.0000
   1.7783E-06   3.1623E-06   3.9388E-08  0.4834   0.0000E+00  0.0000   0.0000E+00  0.0000   0.0000E+00  0.0000
   3.1623E-06   5.6234E-06   3.1370E-07  0.9061   0.0000E+00  0.0000   0.0000E+00  0.0000   0.0000E+00  0.0000
   5.6234E-06   1.0000E-05   1.0863E-07  0.4713   0.0000E+00  0.0000   0.0000E+00  0.0000   0.0000E+00  0.0000
   1.0000E-05   1.7783E-05   6.5987E-08  0.6293   0.0000E+00  0.0000   0.0000E+00  0.0000   0.0000E+00  0.0000
   1.7783E-05   3.1623E-05   5.5238E-08  0.5228   0.0000E+00  0.0000   0.0000E+00  0.0000   0.0000E+00  0.0000
   3.1623E-05   5.6234E-05   3.4028E-08  0.4377   0.0000E+00  0.0000   0.0000E+00  0.0000   0.0000E+00  0.0000
   5.6234E-05   1.0000E-04   6.4279E-08  0.5456   0.0000E+00  0.0000   0.0000E+00  0.0000   0.0000E+00  0.0000
   1.0000E-04   1.7783E-04   2.3897E-07  0.9542   0.0000E+00  0.0000   0.0000E+00  0.0000   0.0000E+00  0.0000
   1.7783E-04   3.1623E-04   2.8691E-07  0.8562   0.0000E+00  0.0000   0.0000E+00  0.0000   0.0000E+00  0.0000
   3.1623E-04   5.6234E-04   2.6213E-07  0.8212   0.0000E+00  0.0000   0.0000E+00  0.0000   0.0000E+00  0.0000
   5.6234E-04   1.0000E-03   7.4707E-07  0.8127   0.0000E+00  0.0000   0.0000E+00  0.0000   2.4387E-18  0.7189
   1.0000E-03   1.7783E-03   3.7751E-07  0.8746   0.0000E+00  0.0000   0.0000E+00  0.0000   7.1389E-14  0.7450
   1.7783E-03   3.1623E-03   6.3965E-08  0.8608   0.0000E+00  0.0000   0.0000E+00  0.0000   1.1529E-13  0.7450
   3.1623E-03   5.6234E-03   9.7997E-07  0.9538   0.0000E+00  0.0000   0.0000E+00  0.0000   1.7403E-13  0.7450
   5.6234E-03   1.0000E-02   5.6903E-07  0.9056   0.0000E+00  0.0000   0.0000E+00  0.0000   2.4015E-13  0.7450
   1.0000E-02   1.7783E-02   1.5214E-07  0.8205   0.0000E+00  0.0000   0.0000E+00  0.0000   3.2210E-13  0.7450
   1.7783E-02   3.1623E-02   8.2084E-09  0.4802   0.0000E+00  0.0000   0.0000E+00  0.0000   4.6146E-13  0.7450
   3.1623E-02   5.6234E-02   1.1393E-07  0.6930   0.0000E+00  0.0000   0.0000E+00  0.0000   6.9247E-13  0.7450
   5.6234E-02   1.0000E-01   5.0488E-08  0.5943   0.0000E+00  0.0000   0.0000E+00  0.0000   1.1328E-12  0.7450
   1.0000E-01   1.7783E-01   1.1073E-06  0.9292   0.0000E+00  0.0000   0.0000E+00  0.0000   2.0903E-12  0.7450
   1.7783E-01   3.1623E-01   9.4080E-08  0.5936   0.0000E+00  0.0000   0.0000E+00  0.0000   4.4409E-12  0.7450
   3.1623E-01   5.6234E-01   1.7377E-07  0.6957   0.0000E+00  0.0000   0.0000E+00  0.0000   1.0581E-11  0.7450
   5.6234E-01   1.0000E+00   9.0752E-08  0.5062   0.0000E+00  0.0000   0.0000E+00  0.0000   2.6710E-11  0.7450
   1.0000E+00   1.7783E+00   2.3324E-07  0.5746   0.0000E+00  0.0000   0.0000E+00  0.0000   6.8798E-11  0.7450
   1.7783E+00   3.1623E+00   5.5608E-07  0.5345   0.0000E+00  0.0000   0.0000E+00  0.0000   1.8083E-10  0.7450
   3.1623E+00   5.6234E+00   1.2193E-07  0.5690   0.0000E+00  0.0000   0.0000E+00  0.0000   3.9438E-10  0.7051
   5.6234E+00   1.0000E+01   1.4727E-07  0.8918   0.0000E+00  0.0000   0.0000E+00  0.0000   8.3689E-10  0.6512
   1.0000E+01   1.7783E+01   7.4023E-08  0.8156   0.0000E+00  0.0000   0.0000E+00  0.0000   1.6062E-09  0.5850
   1.7783E+01   3.1623E+01   7.6836E-08  0.7391   0.0000E+00  0.0000   0.0000E+00  0.0000   2.9587E-09  0.5754
   3.1623E+01   5.6234E+01   1.8493E-07  0.6095   0.0000E+00  0.0000   0.0000E+00  0.0000   5.0953E-09  0.6133
   5.6234E+01   1.0000E+02   2.0674E-06  0.6566   0.0000E+00  0.0000   0.0000E+00  0.0000   2.1601E-09  0.9405
   1.0000E+02   1.7783E+02   2.1360E-06  0.9106   0.0000E+00  0.0000   0.0000E+00  0.0000   5.4060E-10  1.0000
   1.7783E+02   3.1623E+02   2.1638E-07  0.6596   0.0000E+00  0.0000   0.0000E+00  0.0000   0.0000E+00  0.0000
   3.1623E+02   5.6234E+02   2.9125E-09  1.0000   0.0000E+00  0.0000   0.0000E+00  0.0000   0.0000E+00  0.0000
   5.6234E+02   1.0000E+03   0.0000E+00  0.0000   0.0000E+00  0.0000   0.0000E+00  0.0000   0.0000E+00  0.0000
   1.0000E+03   1.7783E+03   0.0000E+00  0.0000   0.0000E+00  0.0000   0.0000E+00  0.0000   0.0000E+00  0.0000
   1.7783E+03   3.1623E+03   0.0000E+00  0.0000   0.0000E+00  0.0000   0.0000E+00  0.0000   0.0000E+00  0.0000
   3.1623E+03   5.6234E+03   0.0000E+00  0.0000   0.0000E+00  0.0000   0.0000E+00  0.0000   0.0000E+00  0.0000
   5.6234E+03   1.0000E+04   0.0000E+00  0.0000   0.0000E+00  0.0000   0.0000E+00  0.0000   0.0000E+00  0.0000
   1.0000E+04   1.7783E+04   0.0000E+00  0.0000   0.0000E+00  0.0000   0.0000E+00  0.0000   0.0000E+00  0.0000
   1.7783E+04   3.1623E+04   0.0000E+00  0.0000   0.0000E+00  0.0000   0.0000E+00  0.0000   0.0000E+00  0.0000
   3.1623E+04   5.6234E+04   0.0000E+00  0.0000   0.0000E+00  0.0000   0.0000E+00  0.0000   0.0000E+00  0.0000
   5.6234E+04   1.0000E+05   0.0000E+00  0.0000   0.0000E+00  0.0000   0.0000E+00  0.0000   0.0000E+00  0.0000

#   sum over                 1.5398E-05  0.5857   0.0000E+00  0.0000   0.0000E+00  0.0000   1.3889E-08  0.5819

'no. = 12, (ix,iy,iz) = (  1,  1, 12)'
msuc: {\huge Flux spectra vs depth in concrete}
msdr: {\it plotted by \ANGEL \version}
msdl: {\it calculated by \PHITS  3.36}
wt: s(0.7)
\vspace{-3}
   vol  &=&   2.8800E+07 [cm^3]
  xmin  &=&  -6.0000E+02 [cm]
  xmax  &=&   6.0000E+02 [cm]
  ymin  &=&  -6.0000E+02 [cm]
  ymax  &=&   6.0000E+02 [cm]
  zmin  &=&  -4.8000E+02 [cm]
  zmax  &=&  -4.6000E+02 [cm]
e:

#------------------------------------------------------------------------------
 newpage:
#   no. = 13   ix  =  1   iy  =  1   iz  = 13
#   x = (  -6.0000E+02  -   6.0000E+02  )
#   y = (  -6.0000E+02  -   6.0000E+02  )
#   z = (  -4.6000E+02  -  -4.4000E+02  )

x: Energy [MeV/n]
y: Flux [1/cm^2/source]              
p: xlog ylog afac(0.8) form(0.9)
h: n            x            y(neutron ),hh0l n y(muon-   ),hh0dr n y(muon+   ),hh0ub n y(proton  ),hh0mg n 
#  e-lower      e-upper        neutron   r.err      muon-     r.err      muon+     r.err      proton    r.err 
   1.0000E-10   1.7783E-10   5.9579E-12  1.0000   0.0000E+00  0.0000   0.0000E+00  0.0000   0.0000E+00  0.0000
   1.7783E-10   3.1623E-10   2.6849E-11  0.7193   0.0000E+00  0.0000   0.0000E+00  0.0000   0.0000E+00  0.0000
   3.1623E-10   5.6234E-10   5.0284E-11  0.7961   0.0000E+00  0.0000   0.0000E+00  0.0000   0.0000E+00  0.0000
   5.6234E-10   1.0000E-09   1.2632E-10  0.5841   0.0000E+00  0.0000   0.0000E+00  0.0000   0.0000E+00  0.0000
   1.0000E-09   1.7783E-09   1.5017E-09  0.5299   0.0000E+00  0.0000   0.0000E+00  0.0000   0.0000E+00  0.0000
   1.7783E-09   3.1623E-09   3.4012E-09  0.5485   0.0000E+00  0.0000   0.0000E+00  0.0000   0.0000E+00  0.0000
   3.1623E-09   5.6234E-09   2.6488E-08  0.4674   0.0000E+00  0.0000   0.0000E+00  0.0000   0.0000E+00  0.0000
   5.6234E-09   1.0000E-08   9.3946E-08  0.4403   0.0000E+00  0.0000   0.0000E+00  0.0000   0.0000E+00  0.0000
   1.0000E-08   1.7783E-08   4.8191E-07  0.5400   0.0000E+00  0.0000   0.0000E+00  0.0000   0.0000E+00  0.0000
   1.7783E-08   3.1623E-08   2.0486E-06  0.7891   0.0000E+00  0.0000   0.0000E+00  0.0000   0.0000E+00  0.0000
   3.1623E-08   5.6234E-08   1.2260E-06  0.6288   0.0000E+00  0.0000   0.0000E+00  0.0000   0.0000E+00  0.0000
   5.6234E-08   1.0000E-07   1.0015E-06  0.5657   0.0000E+00  0.0000   0.0000E+00  0.0000   0.0000E+00  0.0000
   1.0000E-07   1.7783E-07   4.7401E-07  0.5802   0.0000E+00  0.0000   0.0000E+00  0.0000   0.0000E+00  0.0000
   1.7783E-07   3.1623E-07   4.7783E-07  0.8700   0.0000E+00  0.0000   0.0000E+00  0.0000   0.0000E+00  0.0000
   3.1623E-07   5.6234E-07   1.6009E-07  0.8683   0.0000E+00  0.0000   0.0000E+00  0.0000   0.0000E+00  0.0000
   5.6234E-07   1.0000E-06   4.0181E-08  0.7027   0.0000E+00  0.0000   0.0000E+00  0.0000   0.0000E+00  0.0000
   1.0000E-06   1.7783E-06   3.9931E-08  0.9200   0.0000E+00  0.0000   0.0000E+00  0.0000   0.0000E+00  0.0000
   1.7783E-06   3.1623E-06   3.8393E-08  0.9203   0.0000E+00  0.0000   0.0000E+00  0.0000   0.0000E+00  0.0000
   3.1623E-06   5.6234E-06   3.2489E-07  0.8506   0.0000E+00  0.0000   0.0000E+00  0.0000   0.0000E+00  0.0000
   5.6234E-06   1.0000E-05   6.4009E-08  0.5368   0.0000E+00  0.0000   0.0000E+00  0.0000   0.0000E+00  0.0000
   1.0000E-05   1.7783E-05   4.0774E-08  0.7273   0.0000E+00  0.0000   0.0000E+00  0.0000   0.0000E+00  0.0000
   1.7783E-05   3.1623E-05   4.4730E-08  0.6916   0.0000E+00  0.0000   0.0000E+00  0.0000   0.0000E+00  0.0000
   3.1623E-05   5.6234E-05   4.7591E-08  0.7816   0.0000E+00  0.0000   0.0000E+00  0.0000   0.0000E+00  0.0000
   5.6234E-05   1.0000E-04   3.5427E-08  0.5913   0.0000E+00  0.0000   0.0000E+00  0.0000   0.0000E+00  0.0000
   1.0000E-04   1.7783E-04   1.0978E-07  0.6483   0.0000E+00  0.0000   0.0000E+00  0.0000   0.0000E+00  0.0000
   1.7783E-04   3.1623E-04   2.4031E-07  0.9145   0.0000E+00  0.0000   0.0000E+00  0.0000   0.0000E+00  0.0000
   3.1623E-04   5.6234E-04   2.6257E-07  0.8240   0.0000E+00  0.0000   0.0000E+00  0.0000   0.0000E+00  0.0000
   5.6234E-04   1.0000E-03   7.0285E-07  0.8018   0.0000E+00  0.0000   0.0000E+00  0.0000   1.4279E-18  0.8441
   1.0000E-03   1.7783E-03   1.3304E-07  0.7946   0.0000E+00  0.0000   0.0000E+00  0.0000   7.3694E-14  0.8468
   1.7783E-03   3.1623E-03   4.4821E-08  0.8666   0.0000E+00  0.0000   0.0000E+00  0.0000   1.1901E-13  0.8468
   3.1623E-03   5.6234E-03   1.0916E-06  0.9682   0.0000E+00  0.0000   0.0000E+00  0.0000   1.7965E-13  0.8468
   5.6234E-03   1.0000E-02   9.6494E-07  0.8716   0.0000E+00  0.0000   0.0000E+00  0.0000   2.4790E-13  0.8468
   1.0000E-02   1.7783E-02   1.3896E-07  0.8855   0.0000E+00  0.0000   0.0000E+00  0.0000   3.3250E-13  0.8468
   1.7783E-02   3.1623E-02   3.6329E-08  0.6710   0.0000E+00  0.0000   0.0000E+00  0.0000   4.7635E-13  0.8468
   3.1623E-02   5.6234E-02   1.5272E-07  0.8509   0.0000E+00  0.0000   0.0000E+00  0.0000   7.1483E-13  0.8468
   5.6234E-02   1.0000E-01   6.3610E-08  0.6579   0.0000E+00  0.0000   0.0000E+00  0.0000   1.1693E-12  0.8468
   1.0000E-01   1.7783E-01   1.1288E-06  0.9120   0.0000E+00  0.0000   0.0000E+00  0.0000   2.1578E-12  0.8468
   1.7783E-01   3.1623E-01   1.3310E-07  0.7970   0.0000E+00  0.0000   0.0000E+00  0.0000   4.5843E-12  0.8468
   3.1623E-01   5.6234E-01   2.1432E-07  0.8849   0.0000E+00  0.0000   0.0000E+00  0.0000   1.0923E-11  0.8468
   5.6234E-01   1.0000E+00   1.0358E-07  0.7085   0.0000E+00  0.0000   0.0000E+00  0.0000   2.7572E-11  0.8468
   1.0000E+00   1.7783E+00   2.6981E-07  0.8465   0.0000E+00  0.0000   0.0000E+00  0.0000   7.0799E-11  0.8492
   1.7783E+00   3.1623E+00   5.0289E-07  0.5274   0.0000E+00  0.0000   0.0000E+00  0.0000   1.7620E-10  0.8490
   3.1623E+00   5.6234E+00   1.4514E-07  0.6207   0.0000E+00  0.0000   0.0000E+00  0.0000   4.5109E-10  0.8646
   5.6234E+00   1.0000E+01   1.4973E-07  0.8853   0.0000E+00  0.0000   0.0000E+00  0.0000   1.0059E-09  0.8814
   1.0000E+01   1.7783E+01   2.5125E-07  0.8730   0.0000E+00  0.0000   0.0000E+00  0.0000   2.0621E-09  0.8873
   1.7783E+01   3.1623E+01   3.4613E-07  0.8950   0.0000E+00  0.0000   0.0000E+00  0.0000   5.4244E-09  0.9356
   3.1623E+01   5.6234E+01   2.6894E-07  0.8337   0.0000E+00  0.0000   0.0000E+00  0.0000   1.1120E-08  0.9422
   5.6234E+01   1.0000E+02   2.3659E-06  0.5968   0.0000E+00  0.0000   0.0000E+00  0.0000   2.0494E-08  0.9203
   1.0000E+02   1.7783E+02   2.2823E-06  0.8601   0.0000E+00  0.0000   0.0000E+00  0.0000   1.7345E-08  0.9091
   1.7783E+02   3.1623E+02   3.0756E-07  0.5438   0.0000E+00  0.0000   0.0000E+00  0.0000   0.0000E+00  0.0000
   3.1623E+02   5.6234E+02   8.6789E-09  1.0000   0.0000E+00  0.0000   0.0000E+00  0.0000   0.0000E+00  0.0000
   5.6234E+02   1.0000E+03   0.0000E+00  0.0000   0.0000E+00  0.0000   0.0000E+00  0.0000   0.0000E+00  0.0000
   1.0000E+03   1.7783E+03   0.0000E+00  0.0000   0.0000E+00  0.0000   0.0000E+00  0.0000   0.0000E+00  0.0000
   1.7783E+03   3.1623E+03   0.0000E+00  0.0000   0.0000E+00  0.0000   0.0000E+00  0.0000   0.0000E+00  0.0000
   3.1623E+03   5.6234E+03   0.0000E+00  0.0000   0.0000E+00  0.0000   0.0000E+00  0.0000   0.0000E+00  0.0000
   5.6234E+03   1.0000E+04   0.0000E+00  0.0000   0.0000E+00  0.0000   0.0000E+00  0.0000   0.0000E+00  0.0000
   1.0000E+04   1.7783E+04   0.0000E+00  0.0000   0.0000E+00  0.0000   0.0000E+00  0.0000   0.0000E+00  0.0000
   1.7783E+04   3.1623E+04   0.0000E+00  0.0000   0.0000E+00  0.0000   0.0000E+00  0.0000   0.0000E+00  0.0000
   3.1623E+04   5.6234E+04   0.0000E+00  0.0000   0.0000E+00  0.0000   0.0000E+00  0.0000   0.0000E+00  0.0000
   5.6234E+04   1.0000E+05   0.0000E+00  0.0000   0.0000E+00  0.0000   0.0000E+00  0.0000   0.0000E+00  0.0000

#   sum over                 1.9091E-05  0.6248   0.0000E+00  0.0000   0.0000E+00  0.0000   5.8199E-08  0.9193

'no. = 13, (ix,iy,iz) = (  1,  1, 13)'
msuc: {\huge Flux spectra vs depth in concrete}
msdr: {\it plotted by \ANGEL \version}
msdl: {\it calculated by \PHITS  3.36}
wt: s(0.7)
\vspace{-3}
   vol  &=&   2.8800E+07 [cm^3]
  xmin  &=&  -6.0000E+02 [cm]
  xmax  &=&   6.0000E+02 [cm]
  ymin  &=&  -6.0000E+02 [cm]
  ymax  &=&   6.0000E+02 [cm]
  zmin  &=&  -4.6000E+02 [cm]
  zmax  &=&  -4.4000E+02 [cm]
e:

#------------------------------------------------------------------------------
 newpage:
#   no. = 14   ix  =  1   iy  =  1   iz  = 14
#   x = (  -6.0000E+02  -   6.0000E+02  )
#   y = (  -6.0000E+02  -   6.0000E+02  )
#   z = (  -4.4000E+02  -  -4.2000E+02  )

x: Energy [MeV/n]
y: Flux [1/cm^2/source]              
p: xlog ylog afac(0.8) form(0.9)
h: n            x            y(neutron ),hh0l n y(muon-   ),hh0dr n y(muon+   ),hh0ub n y(proton  ),hh0mg n 
#  e-lower      e-upper        neutron   r.err      muon-     r.err      muon+     r.err      proton    r.err 
   1.0000E-10   1.7783E-10   3.7330E-11  1.0000   0.0000E+00  0.0000   0.0000E+00  0.0000   0.0000E+00  0.0000
   1.7783E-10   3.1623E-10   0.0000E+00  0.0000   0.0000E+00  0.0000   0.0000E+00  0.0000   0.0000E+00  0.0000
   3.1623E-10   5.6234E-10   7.5328E-10  0.8615   0.0000E+00  0.0000   0.0000E+00  0.0000   0.0000E+00  0.0000
   5.6234E-10   1.0000E-09   3.3633E-09  0.8700   0.0000E+00  0.0000   0.0000E+00  0.0000   0.0000E+00  0.0000
   1.0000E-09   1.7783E-09   2.7477E-09  0.5900   0.0000E+00  0.0000   0.0000E+00  0.0000   0.0000E+00  0.0000
   1.7783E-09   3.1623E-09   1.6181E-08  0.7944   0.0000E+00  0.0000   0.0000E+00  0.0000   0.0000E+00  0.0000
   3.1623E-09   5.6234E-09   1.3201E-07  0.7052   0.0000E+00  0.0000   0.0000E+00  0.0000   0.0000E+00  0.0000
   5.6234E-09   1.0000E-08   1.4546E-07  0.4933   0.0000E+00  0.0000   0.0000E+00  0.0000   0.0000E+00  0.0000
   1.0000E-08   1.7783E-08   6.5859E-07  0.5334   0.0000E+00  0.0000   0.0000E+00  0.0000   0.0000E+00  0.0000
   1.7783E-08   3.1623E-08   2.2582E-06  0.6924   0.0000E+00  0.0000   0.0000E+00  0.0000   0.0000E+00  0.0000
   3.1623E-08   5.6234E-08   1.6261E-06  0.5672   0.0000E+00  0.0000   0.0000E+00  0.0000   0.0000E+00  0.0000
   5.6234E-08   1.0000E-07   1.5142E-06  0.5478   0.0000E+00  0.0000   0.0000E+00  0.0000   0.0000E+00  0.0000
   1.0000E-07   1.7783E-07   5.4206E-07  0.5331   0.0000E+00  0.0000   0.0000E+00  0.0000   0.0000E+00  0.0000
   1.7783E-07   3.1623E-07   3.6707E-07  0.6704   0.0000E+00  0.0000   0.0000E+00  0.0000   0.0000E+00  0.0000
   3.1623E-07   5.6234E-07   1.6802E-07  0.6245   0.0000E+00  0.0000   0.0000E+00  0.0000   0.0000E+00  0.0000
   5.6234E-07   1.0000E-06   7.9409E-08  0.5987   0.0000E+00  0.0000   0.0000E+00  0.0000   0.0000E+00  0.0000
   1.0000E-06   1.7783E-06   7.1954E-08  0.6652   0.0000E+00  0.0000   0.0000E+00  0.0000   0.0000E+00  0.0000
   1.7783E-06   3.1623E-06   6.6081E-08  0.5536   0.0000E+00  0.0000   0.0000E+00  0.0000   0.0000E+00  0.0000
   3.1623E-06   5.6234E-06   2.9272E-07  0.8542   0.0000E+00  0.0000   0.0000E+00  0.0000   0.0000E+00  0.0000
   5.6234E-06   1.0000E-05   2.0136E-07  0.7204   0.0000E+00  0.0000   0.0000E+00  0.0000   0.0000E+00  0.0000
   1.0000E-05   1.7783E-05   1.7307E-08  0.5907   0.0000E+00  0.0000   0.0000E+00  0.0000   0.0000E+00  0.0000
   1.7783E-05   3.1623E-05   1.5670E-07  0.6524   0.0000E+00  0.0000   0.0000E+00  0.0000   0.0000E+00  0.0000
   3.1623E-05   5.6234E-05   1.4228E-07  0.8030   0.0000E+00  0.0000   0.0000E+00  0.0000   0.0000E+00  0.0000
   5.6234E-05   1.0000E-04   1.1839E-07  0.6758   0.0000E+00  0.0000   0.0000E+00  0.0000   0.0000E+00  0.0000
   1.0000E-04   1.7783E-04   1.6589E-07  0.6707   0.0000E+00  0.0000   0.0000E+00  0.0000   0.0000E+00  0.0000
   1.7783E-04   3.1623E-04   1.7966E-07  0.8728   0.0000E+00  0.0000   0.0000E+00  0.0000   0.0000E+00  0.0000
   3.1623E-04   5.6234E-04   3.9549E-07  0.7297   0.0000E+00  0.0000   0.0000E+00  0.0000   0.0000E+00  0.0000
   5.6234E-04   1.0000E-03   7.4824E-07  0.8086   0.0000E+00  0.0000   0.0000E+00  0.0000   7.6290E-19  0.6927
   1.0000E-03   1.7783E-03   1.4280E-07  0.7421   0.0000E+00  0.0000   0.0000E+00  0.0000   4.1467E-14  0.6150
   1.7783E-03   3.1623E-03   6.8415E-08  0.6033   0.0000E+00  0.0000   0.0000E+00  0.0000   6.6964E-14  0.6150
   3.1623E-03   5.6234E-03   1.1713E-06  0.9774   0.0000E+00  0.0000   0.0000E+00  0.0000   1.0109E-13  0.6150
   5.6234E-03   1.0000E-02   1.6002E-06  0.9758   0.0000E+00  0.0000   0.0000E+00  0.0000   1.3949E-13  0.6150
   1.0000E-02   1.7783E-02   2.7687E-07  0.9207   0.0000E+00  0.0000   0.0000E+00  0.0000   1.8709E-13  0.6150
   1.7783E-02   3.1623E-02   3.3172E-08  0.7095   0.0000E+00  0.0000   0.0000E+00  0.0000   2.6804E-13  0.6150
   3.1623E-02   5.6234E-02   4.4710E-08  0.4861   0.0000E+00  0.0000   0.0000E+00  0.0000   4.0222E-13  0.6150
   5.6234E-02   1.0000E-01   3.7592E-08  0.4555   0.0000E+00  0.0000   0.0000E+00  0.0000   6.4690E-13  0.6160
   1.0000E-01   1.7783E-01   1.1469E-06  0.8981   0.0000E+00  0.0000   0.0000E+00  0.0000   1.1916E-12  0.6161
   1.7783E-01   3.1623E-01   4.9579E-08  0.5741   0.0000E+00  0.0000   0.0000E+00  0.0000   2.5317E-12  0.6161
   3.1623E-01   5.6234E-01   1.2009E-07  0.6829   0.0000E+00  0.0000   0.0000E+00  0.0000   6.0322E-12  0.6161
   5.6234E-01   1.0000E+00   2.3778E-07  0.8384   0.0000E+00  0.0000   0.0000E+00  0.0000   1.5227E-11  0.6161
   1.0000E+00   1.7783E+00   3.0508E-07  0.8096   0.0000E+00  0.0000   0.0000E+00  0.0000   3.9221E-11  0.6161
   1.7783E+00   3.1623E+00   6.4782E-07  0.5208   0.0000E+00  0.0000   0.0000E+00  0.0000   7.6369E-11  0.5874
   3.1623E+00   5.6234E+00   1.2192E-07  0.5325   0.0000E+00  0.0000   0.0000E+00  0.0000   1.1297E-10  0.6515
   5.6234E+00   1.0000E+01   4.0307E-08  0.5878   0.0000E+00  0.0000   0.0000E+00  0.0000   2.2361E-10  0.7384
   1.0000E+01   1.7783E+01   1.8098E-07  0.8748   0.0000E+00  0.0000   0.0000E+00  0.0000   4.8037E-10  0.7042
   1.7783E+01   3.1623E+01   5.0338E-08  0.5518   0.0000E+00  0.0000   0.0000E+00  0.0000   9.8233E-10  0.6858
   3.1623E+01   5.6234E+01   1.5115E-07  0.4871   0.0000E+00  0.0000   0.0000E+00  0.0000   8.8266E-10  0.7018
   5.6234E+01   1.0000E+02   2.1856E-06  0.6289   0.0000E+00  0.0000   0.0000E+00  0.0000   1.0773E-08  0.9110
   1.0000E+02   1.7783E+02   2.3234E-06  0.8454   0.0000E+00  0.0000   0.0000E+00  0.0000   9.2273E-09  0.9015
   1.7783E+02   3.1623E+02   4.7802E-07  0.6133   0.0000E+00  0.0000   0.0000E+00  0.0000   2.2739E-09  1.0000
   3.1623E+02   5.6234E+02   1.8548E-08  1.0000   0.0000E+00  0.0000   0.0000E+00  0.0000   0.0000E+00  0.0000
   5.6234E+02   1.0000E+03   0.0000E+00  0.0000   0.0000E+00  0.0000   0.0000E+00  0.0000   0.0000E+00  0.0000
   1.0000E+03   1.7783E+03   0.0000E+00  0.0000   0.0000E+00  0.0000   0.0000E+00  0.0000   0.0000E+00  0.0000
   1.7783E+03   3.1623E+03   0.0000E+00  0.0000   0.0000E+00  0.0000   0.0000E+00  0.0000   0.0000E+00  0.0000
   3.1623E+03   5.6234E+03   0.0000E+00  0.0000   0.0000E+00  0.0000   0.0000E+00  0.0000   0.0000E+00  0.0000
   5.6234E+03   1.0000E+04   0.0000E+00  0.0000   0.0000E+00  0.0000   0.0000E+00  0.0000   0.0000E+00  0.0000
   1.0000E+04   1.7783E+04   0.0000E+00  0.0000   0.0000E+00  0.0000   0.0000E+00  0.0000   0.0000E+00  0.0000
   1.7783E+04   3.1623E+04   0.0000E+00  0.0000   0.0000E+00  0.0000   0.0000E+00  0.0000   0.0000E+00  0.0000
   3.1623E+04   5.6234E+04   0.0000E+00  0.0000   0.0000E+00  0.0000   0.0000E+00  0.0000   0.0000E+00  0.0000
   5.6234E+04   1.0000E+05   0.0000E+00  0.0000   0.0000E+00  0.0000   0.0000E+00  0.0000   0.0000E+00  0.0000

#   sum over                 2.1503E-05  0.6103   0.0000E+00  0.0000   0.0000E+00  0.0000   2.5098E-08  0.7487

'no. = 14, (ix,iy,iz) = (  1,  1, 14)'
msuc: {\huge Flux spectra vs depth in concrete}
msdr: {\it plotted by \ANGEL \version}
msdl: {\it calculated by \PHITS  3.36}
wt: s(0.7)
\vspace{-3}
   vol  &=&   2.8800E+07 [cm^3]
  xmin  &=&  -6.0000E+02 [cm]
  xmax  &=&   6.0000E+02 [cm]
  ymin  &=&  -6.0000E+02 [cm]
  ymax  &=&   6.0000E+02 [cm]
  zmin  &=&  -4.4000E+02 [cm]
  zmax  &=&  -4.2000E+02 [cm]
e:

#------------------------------------------------------------------------------
 newpage:
#   no. = 15   ix  =  1   iy  =  1   iz  = 15
#   x = (  -6.0000E+02  -   6.0000E+02  )
#   y = (  -6.0000E+02  -   6.0000E+02  )
#   z = (  -4.2000E+02  -  -4.0000E+02  )

x: Energy [MeV/n]
y: Flux [1/cm^2/source]              
p: xlog ylog afac(0.8) form(0.9)
h: n            x            y(neutron ),hh0l n y(muon-   ),hh0dr n y(muon+   ),hh0ub n y(proton  ),hh0mg n 
#  e-lower      e-upper        neutron   r.err      muon-     r.err      muon+     r.err      proton    r.err 
   1.0000E-10   1.7783E-10   2.2778E-11  1.0000   0.0000E+00  0.0000   0.0000E+00  0.0000   0.0000E+00  0.0000
   1.7783E-10   3.1623E-10   1.2829E-11  1.0000   0.0000E+00  0.0000   0.0000E+00  0.0000   0.0000E+00  0.0000
   3.1623E-10   5.6234E-10   1.2619E-09  0.5657   0.0000E+00  0.0000   0.0000E+00  0.0000   0.0000E+00  0.0000
   5.6234E-10   1.0000E-09   2.2891E-09  0.9505   0.0000E+00  0.0000   0.0000E+00  0.0000   0.0000E+00  0.0000
   1.0000E-09   1.7783E-09   1.1205E-08  0.7904   0.0000E+00  0.0000   0.0000E+00  0.0000   0.0000E+00  0.0000
   1.7783E-09   3.1623E-09   2.8647E-08  0.8187   0.0000E+00  0.0000   0.0000E+00  0.0000   0.0000E+00  0.0000
   3.1623E-09   5.6234E-09   1.3086E-07  0.7162   0.0000E+00  0.0000   0.0000E+00  0.0000   0.0000E+00  0.0000
   5.6234E-09   1.0000E-08   1.9239E-07  0.6703   0.0000E+00  0.0000   0.0000E+00  0.0000   0.0000E+00  0.0000
   1.0000E-08   1.7783E-08   5.7619E-07  0.5908   0.0000E+00  0.0000   0.0000E+00  0.0000   0.0000E+00  0.0000
   1.7783E-08   3.1623E-08   1.3670E-06  0.6783   0.0000E+00  0.0000   0.0000E+00  0.0000   0.0000E+00  0.0000
   3.1623E-08   5.6234E-08   2.7576E-06  0.6208   0.0000E+00  0.0000   0.0000E+00  0.0000   0.0000E+00  0.0000
   5.6234E-08   1.0000E-07   2.3655E-06  0.6343   0.0000E+00  0.0000   0.0000E+00  0.0000   0.0000E+00  0.0000
   1.0000E-07   1.7783E-07   1.0455E-06  0.6131   0.0000E+00  0.0000   0.0000E+00  0.0000   0.0000E+00  0.0000
   1.7783E-07   3.1623E-07   2.1130E-07  0.8032   0.0000E+00  0.0000   0.0000E+00  0.0000   0.0000E+00  0.0000
   3.1623E-07   5.6234E-07   4.6513E-08  0.5710   0.0000E+00  0.0000   0.0000E+00  0.0000   0.0000E+00  0.0000
   5.6234E-07   1.0000E-06   7.7584E-08  0.8455   0.0000E+00  0.0000   0.0000E+00  0.0000   0.0000E+00  0.0000
   1.0000E-06   1.7783E-06   1.1614E-07  0.8903   0.0000E+00  0.0000   0.0000E+00  0.0000   0.0000E+00  0.0000
   1.7783E-06   3.1623E-06   1.9847E-07  0.9128   0.0000E+00  0.0000   0.0000E+00  0.0000   0.0000E+00  0.0000
   3.1623E-06   5.6234E-06   3.4634E-07  0.7951   0.0000E+00  0.0000   0.0000E+00  0.0000   0.0000E+00  0.0000
   5.6234E-06   1.0000E-05   2.3563E-07  0.6447   0.0000E+00  0.0000   0.0000E+00  0.0000   0.0000E+00  0.0000
   1.0000E-05   1.7783E-05   1.1551E-07  0.8656   0.0000E+00  0.0000   0.0000E+00  0.0000   0.0000E+00  0.0000
   1.7783E-05   3.1623E-05   4.3108E-07  0.7886   0.0000E+00  0.0000   0.0000E+00  0.0000   0.0000E+00  0.0000
   3.1623E-05   5.6234E-05   2.3278E-07  0.6601   0.0000E+00  0.0000   0.0000E+00  0.0000   0.0000E+00  0.0000
   5.6234E-05   1.0000E-04   2.5182E-07  0.7742   0.0000E+00  0.0000   0.0000E+00  0.0000   0.0000E+00  0.0000
   1.0000E-04   1.7783E-04   1.5798E-07  0.8393   0.0000E+00  0.0000   0.0000E+00  0.0000   0.0000E+00  0.0000
   1.7783E-04   3.1623E-04   1.1814E-07  0.6569   0.0000E+00  0.0000   0.0000E+00  0.0000   0.0000E+00  0.0000
   3.1623E-04   5.6234E-04   3.7028E-07  0.6863   0.0000E+00  0.0000   0.0000E+00  0.0000   0.0000E+00  0.0000
   5.6234E-04   1.0000E-03   7.6804E-07  0.8446   0.0000E+00  0.0000   0.0000E+00  0.0000   2.0755E-18  0.7083
   1.0000E-03   1.7783E-03   2.9511E-07  0.6517   0.0000E+00  0.0000   0.0000E+00  0.0000   8.3702E-14  0.5686
   1.7783E-03   3.1623E-03   1.4566E-07  0.6237   0.0000E+00  0.0000   0.0000E+00  0.0000   1.3517E-13  0.5686
   3.1623E-03   5.6234E-03   1.1875E-06  0.8444   0.0000E+00  0.0000   0.0000E+00  0.0000   2.0404E-13  0.5686
   5.6234E-03   1.0000E-02   1.6673E-06  0.8911   0.0000E+00  0.0000   0.0000E+00  0.0000   2.8157E-13  0.5686
   1.0000E-02   1.7783E-02   1.5790E-06  0.8771   0.0000E+00  0.0000   0.0000E+00  0.0000   3.7765E-13  0.5686
   1.7783E-02   3.1623E-02   1.3453E-07  0.9066   0.0000E+00  0.0000   0.0000E+00  0.0000   5.4104E-13  0.5686
   3.1623E-02   5.6234E-02   7.5338E-08  0.6897   0.0000E+00  0.0000   0.0000E+00  0.0000   8.1190E-13  0.5686
   5.6234E-02   1.0000E-01   6.5429E-08  0.7729   0.0000E+00  0.0000   0.0000E+00  0.0000   1.3281E-12  0.5686
   1.0000E-01   1.7783E-01   1.1433E-06  0.9018   0.0000E+00  0.0000   0.0000E+00  0.0000   2.4508E-12  0.5686
   1.7783E-01   3.1623E-01   1.3262E-07  0.7041   0.0000E+00  0.0000   0.0000E+00  0.0000   5.2068E-12  0.5686
   3.1623E-01   5.6234E-01   1.7255E-07  0.6977   0.0000E+00  0.0000   0.0000E+00  0.0000   1.2406E-11  0.5686
   5.6234E-01   1.0000E+00   1.4676E-07  0.5918   0.0000E+00  0.0000   0.0000E+00  0.0000   3.1317E-11  0.5686
   1.0000E+00   1.7783E+00   4.5887E-07  0.6355   0.0000E+00  0.0000   0.0000E+00  0.0000   8.0409E-11  0.5704
   1.7783E+00   3.1623E+00   7.7056E-07  0.5065   0.0000E+00  0.0000   0.0000E+00  0.0000   2.0712E-10  0.5776
   3.1623E+00   5.6234E+00   4.3987E-07  0.5761   0.0000E+00  0.0000   0.0000E+00  0.0000   5.3897E-10  0.5898
   5.6234E+00   1.0000E+01   3.8374E-07  0.6945   0.0000E+00  0.0000   0.0000E+00  0.0000   1.1879E-09  0.6255
   1.0000E+01   1.7783E+01   4.1157E-07  0.8660   0.0000E+00  0.0000   0.0000E+00  0.0000   2.6643E-09  0.6528
   1.7783E+01   3.1623E+01   4.8941E-08  0.4682   0.0000E+00  0.0000   0.0000E+00  0.0000   5.1442E-09  0.7136
   3.1623E+01   5.6234E+01   1.4890E-07  0.4085   0.0000E+00  0.0000   0.0000E+00  0.0000   1.1864E-08  0.7552
   5.6234E+01   1.0000E+02   2.4139E-06  0.5755   0.0000E+00  0.0000   0.0000E+00  0.0000   1.6654E-08  0.8209
   1.0000E+02   1.7783E+02   2.2730E-06  0.8592   0.0000E+00  0.0000   0.0000E+00  0.0000   5.2310E-08  0.9364
   1.7783E+02   3.1623E+02   7.5781E-07  0.6682   0.0000E+00  0.0000   0.0000E+00  0.0000   2.8735E-09  1.0000
   3.1623E+02   5.6234E+02   2.3552E-08  1.0000   0.0000E+00  0.0000   0.0000E+00  0.0000   5.3345E-09  1.0000
   5.6234E+02   1.0000E+03   0.0000E+00  0.0000   0.0000E+00  0.0000   0.0000E+00  0.0000   0.0000E+00  0.0000
   1.0000E+03   1.7783E+03   0.0000E+00  0.0000   0.0000E+00  0.0000   0.0000E+00  0.0000   0.0000E+00  0.0000
   1.7783E+03   3.1623E+03   0.0000E+00  0.0000   0.0000E+00  0.0000   0.0000E+00  0.0000   0.0000E+00  0.0000
   3.1623E+03   5.6234E+03   0.0000E+00  0.0000   0.0000E+00  0.0000   0.0000E+00  0.0000   0.0000E+00  0.0000
   5.6234E+03   1.0000E+04   0.0000E+00  0.0000   0.0000E+00  0.0000   0.0000E+00  0.0000   0.0000E+00  0.0000
   1.0000E+04   1.7783E+04   0.0000E+00  0.0000   0.0000E+00  0.0000   0.0000E+00  0.0000   0.0000E+00  0.0000
   1.7783E+04   3.1623E+04   0.0000E+00  0.0000   0.0000E+00  0.0000   0.0000E+00  0.0000   0.0000E+00  0.0000
   3.1623E+04   5.6234E+04   0.0000E+00  0.0000   0.0000E+00  0.0000   0.0000E+00  0.0000   0.0000E+00  0.0000
   5.6234E+04   1.0000E+05   0.0000E+00  0.0000   0.0000E+00  0.0000   0.0000E+00  0.0000   0.0000E+00  0.0000

#   sum over                 2.7032E-05  0.5942   0.0000E+00  0.0000   0.0000E+00  0.0000   9.8915E-08  0.7905

'no. = 15, (ix,iy,iz) = (  1,  1, 15)'
msuc: {\huge Flux spectra vs depth in concrete}
msdr: {\it plotted by \ANGEL \version}
msdl: {\it calculated by \PHITS  3.36}
wt: s(0.7)
\vspace{-3}
   vol  &=&   2.8800E+07 [cm^3]
  xmin  &=&  -6.0000E+02 [cm]
  xmax  &=&   6.0000E+02 [cm]
  ymin  &=&  -6.0000E+02 [cm]
  ymax  &=&   6.0000E+02 [cm]
  zmin  &=&  -4.2000E+02 [cm]
  zmax  &=&  -4.0000E+02 [cm]
e:

#------------------------------------------------------------------------------
 newpage:
#   no. = 16   ix  =  1   iy  =  1   iz  = 16
#   x = (  -6.0000E+02  -   6.0000E+02  )
#   y = (  -6.0000E+02  -   6.0000E+02  )
#   z = (  -4.0000E+02  -  -3.8000E+02  )

x: Energy [MeV/n]
y: Flux [1/cm^2/source]              
p: xlog ylog afac(0.8) form(0.9)
h: n            x            y(neutron ),hh0l n y(muon-   ),hh0dr n y(muon+   ),hh0ub n y(proton  ),hh0mg n 
#  e-lower      e-upper        neutron   r.err      muon-     r.err      muon+     r.err      proton    r.err 
   1.0000E-10   1.7783E-10   2.2596E-11  1.0000   0.0000E+00  0.0000   0.0000E+00  0.0000   0.0000E+00  0.0000
   1.7783E-10   3.1623E-10   2.8861E-11  1.0000   0.0000E+00  0.0000   0.0000E+00  0.0000   0.0000E+00  0.0000
   3.1623E-10   5.6234E-10   9.3508E-11  1.0000   0.0000E+00  0.0000   0.0000E+00  0.0000   0.0000E+00  0.0000
   5.6234E-10   1.0000E-09   6.1116E-09  0.7138   0.0000E+00  0.0000   0.0000E+00  0.0000   0.0000E+00  0.0000
   1.0000E-09   1.7783E-09   7.4937E-09  0.4813   0.0000E+00  0.0000   0.0000E+00  0.0000   0.0000E+00  0.0000
   1.7783E-09   3.1623E-09   6.7930E-09  0.3670   0.0000E+00  0.0000   0.0000E+00  0.0000   0.0000E+00  0.0000
   3.1623E-09   5.6234E-09   1.6506E-07  0.6609   0.0000E+00  0.0000   0.0000E+00  0.0000   0.0000E+00  0.0000
   5.6234E-09   1.0000E-08   2.2609E-07  0.5160   0.0000E+00  0.0000   0.0000E+00  0.0000   0.0000E+00  0.0000
   1.0000E-08   1.7783E-08   5.8936E-07  0.5186   0.0000E+00  0.0000   0.0000E+00  0.0000   0.0000E+00  0.0000
   1.7783E-08   3.1623E-08   1.4722E-06  0.6381   0.0000E+00  0.0000   0.0000E+00  0.0000   0.0000E+00  0.0000
   3.1623E-08   5.6234E-08   2.9645E-06  0.6156   0.0000E+00  0.0000   0.0000E+00  0.0000   0.0000E+00  0.0000
   5.6234E-08   1.0000E-07   3.8064E-06  0.6940   0.0000E+00  0.0000   0.0000E+00  0.0000   0.0000E+00  0.0000
   1.0000E-07   1.7783E-07   1.0196E-06  0.5751   0.0000E+00  0.0000   0.0000E+00  0.0000   0.0000E+00  0.0000
   1.7783E-07   3.1623E-07   6.6189E-08  0.4237   0.0000E+00  0.0000   0.0000E+00  0.0000   0.0000E+00  0.0000
   3.1623E-07   5.6234E-07   1.6614E-07  0.8850   0.0000E+00  0.0000   0.0000E+00  0.0000   0.0000E+00  0.0000
   5.6234E-07   1.0000E-06   7.2053E-08  0.8033   0.0000E+00  0.0000   0.0000E+00  0.0000   0.0000E+00  0.0000
   1.0000E-06   1.7783E-06   6.8868E-08  0.6747   0.0000E+00  0.0000   0.0000E+00  0.0000   0.0000E+00  0.0000
   1.7783E-06   3.1623E-06   3.5814E-08  0.4873   0.0000E+00  0.0000   0.0000E+00  0.0000   0.0000E+00  0.0000
   3.1623E-06   5.6234E-06   3.4341E-07  0.7421   0.0000E+00  0.0000   0.0000E+00  0.0000   0.0000E+00  0.0000
   5.6234E-06   1.0000E-05   3.2356E-07  0.5881   0.0000E+00  0.0000   0.0000E+00  0.0000   0.0000E+00  0.0000
   1.0000E-05   1.7783E-05   7.0023E-08  0.6644   0.0000E+00  0.0000   0.0000E+00  0.0000   0.0000E+00  0.0000
   1.7783E-05   3.1623E-05   1.1302E-06  0.9507   0.0000E+00  0.0000   0.0000E+00  0.0000   0.0000E+00  0.0000
   3.1623E-05   5.6234E-05   2.4953E-07  0.7172   0.0000E+00  0.0000   0.0000E+00  0.0000   0.0000E+00  0.0000
   5.6234E-05   1.0000E-04   2.4167E-07  0.6967   0.0000E+00  0.0000   0.0000E+00  0.0000   0.0000E+00  0.0000
   1.0000E-04   1.7783E-04   5.2984E-08  0.5588   0.0000E+00  0.0000   0.0000E+00  0.0000   0.0000E+00  0.0000
   1.7783E-04   3.1623E-04   1.1992E-07  0.6262   0.0000E+00  0.0000   0.0000E+00  0.0000   0.0000E+00  0.0000
   3.1623E-04   5.6234E-04   3.1060E-07  0.7871   0.0000E+00  0.0000   0.0000E+00  0.0000   0.0000E+00  0.0000
   5.6234E-04   1.0000E-03   1.5203E-07  0.7983   0.0000E+00  0.0000   0.0000E+00  0.0000   2.4835E-18  0.7846
   1.0000E-03   1.7783E-03   1.6294E-07  0.6675   0.0000E+00  0.0000   0.0000E+00  0.0000   9.7510E-14  0.6590
   1.7783E-03   3.1623E-03   7.9479E-08  0.5968   0.0000E+00  0.0000   0.0000E+00  0.0000   1.5747E-13  0.6590
   3.1623E-03   5.6234E-03   1.0127E-06  0.9681   0.0000E+00  0.0000   0.0000E+00  0.0000   2.3771E-13  0.6590
   5.6234E-03   1.0000E-02   1.6362E-06  0.9575   0.0000E+00  0.0000   0.0000E+00  0.0000   3.2802E-13  0.6590
   1.0000E-02   1.7783E-02   1.4919E-06  0.9524   0.0000E+00  0.0000   0.0000E+00  0.0000   4.3996E-13  0.6590
   1.7783E-02   3.1623E-02   1.8183E-07  0.6969   0.0000E+00  0.0000   0.0000E+00  0.0000   6.3030E-13  0.6590
   3.1623E-02   5.6234E-02   1.4925E-07  0.6771   0.0000E+00  0.0000   0.0000E+00  0.0000   9.4584E-13  0.6590
   5.6234E-02   1.0000E-01   1.8657E-08  0.6326   0.0000E+00  0.0000   0.0000E+00  0.0000   1.5473E-12  0.6590
   1.0000E-01   1.7783E-01   1.1795E-06  0.8866   0.0000E+00  0.0000   0.0000E+00  0.0000   2.8551E-12  0.6590
   1.7783E-01   3.1623E-01   7.9693E-08  0.5542   0.0000E+00  0.0000   0.0000E+00  0.0000   6.0658E-12  0.6590
   3.1623E-01   5.6234E-01   4.9037E-07  0.6533   0.0000E+00  0.0000   0.0000E+00  0.0000   1.4453E-11  0.6590
   5.6234E-01   1.0000E+00   3.3124E-07  0.6867   0.0000E+00  0.0000   0.0000E+00  0.0000   3.6483E-11  0.6590
   1.0000E+00   1.7783E+00   5.0098E-06  0.9562   0.0000E+00  0.0000   0.0000E+00  0.0000   9.3607E-11  0.6614
   1.7783E+00   3.1623E+00   2.6570E-06  0.7399   0.0000E+00  0.0000   0.0000E+00  0.0000   2.4311E-10  0.6690
   3.1623E+00   5.6234E+00   5.2361E-07  0.5815   0.0000E+00  0.0000   0.0000E+00  0.0000   6.3611E-10  0.6853
   5.6234E+00   1.0000E+01   5.3603E-07  0.5782   0.0000E+00  0.0000   0.0000E+00  0.0000   1.6175E-09  0.7347
   1.0000E+01   1.7783E+01   2.6992E-07  0.7276   0.0000E+00  0.0000   0.0000E+00  0.0000   4.3430E-09  0.7665
   1.7783E+01   3.1623E+01   1.0930E-07  0.4724   0.0000E+00  0.0000   0.0000E+00  0.0000   8.6651E-09  0.8185
   3.1623E+01   5.6234E+01   1.0319E-07  0.4464   0.0000E+00  0.0000   0.0000E+00  0.0000   1.2060E-08  0.8833
   5.6234E+01   1.0000E+02   2.6827E-06  0.5309   0.0000E+00  0.0000   0.0000E+00  0.0000   8.9402E-09  0.7194
   1.0000E+02   1.7783E+02   2.4760E-06  0.8026   0.0000E+00  0.0000   0.0000E+00  0.0000   1.0775E-08  0.8596
   1.7783E+02   3.1623E+02   1.1485E-06  0.7250   0.0000E+00  0.0000   0.0000E+00  0.0000   3.8644E-10  1.0000
   3.1623E+02   5.6234E+02   2.8537E-08  1.0000   0.0000E+00  0.0000   0.0000E+00  0.0000   1.5563E-09  1.0000
   5.6234E+02   1.0000E+03   0.0000E+00  0.0000   0.0000E+00  0.0000   0.0000E+00  0.0000   2.7352E-09  1.0000
   1.0000E+03   1.7783E+03   0.0000E+00  0.0000   0.0000E+00  0.0000   0.0000E+00  0.0000   0.0000E+00  0.0000
   1.7783E+03   3.1623E+03   0.0000E+00  0.0000   0.0000E+00  0.0000   0.0000E+00  0.0000   0.0000E+00  0.0000
   3.1623E+03   5.6234E+03   0.0000E+00  0.0000   0.0000E+00  0.0000   0.0000E+00  0.0000   0.0000E+00  0.0000
   5.6234E+03   1.0000E+04   0.0000E+00  0.0000   0.0000E+00  0.0000   0.0000E+00  0.0000   0.0000E+00  0.0000
   1.0000E+04   1.7783E+04   0.0000E+00  0.0000   0.0000E+00  0.0000   0.0000E+00  0.0000   0.0000E+00  0.0000
   1.7783E+04   3.1623E+04   0.0000E+00  0.0000   0.0000E+00  0.0000   0.0000E+00  0.0000   0.0000E+00  0.0000
   3.1623E+04   5.6234E+04   0.0000E+00  0.0000   0.0000E+00  0.0000   0.0000E+00  0.0000   0.0000E+00  0.0000
   5.6234E+04   1.0000E+05   0.0000E+00  0.0000   0.0000E+00  0.0000   0.0000E+00  0.0000   0.0000E+00  0.0000

#   sum over                 3.6025E-05  0.6442   0.0000E+00  0.0000   0.0000E+00  0.0000   5.2116E-08  0.6657

'no. = 16, (ix,iy,iz) = (  1,  1, 16)'
msuc: {\huge Flux spectra vs depth in concrete}
msdr: {\it plotted by \ANGEL \version}
msdl: {\it calculated by \PHITS  3.36}
wt: s(0.7)
\vspace{-3}
   vol  &=&   2.8800E+07 [cm^3]
  xmin  &=&  -6.0000E+02 [cm]
  xmax  &=&   6.0000E+02 [cm]
  ymin  &=&  -6.0000E+02 [cm]
  ymax  &=&   6.0000E+02 [cm]
  zmin  &=&  -4.0000E+02 [cm]
  zmax  &=&  -3.8000E+02 [cm]
e:

#------------------------------------------------------------------------------
 newpage:
#   no. = 17   ix  =  1   iy  =  1   iz  = 17
#   x = (  -6.0000E+02  -   6.0000E+02  )
#   y = (  -6.0000E+02  -   6.0000E+02  )
#   z = (  -3.8000E+02  -  -3.6000E+02  )

x: Energy [MeV/n]
y: Flux [1/cm^2/source]              
p: xlog ylog afac(0.8) form(0.9)
h: n            x            y(neutron ),hh0l n y(muon-   ),hh0dr n y(muon+   ),hh0ub n y(proton  ),hh0mg n 
#  e-lower      e-upper        neutron   r.err      muon-     r.err      muon+     r.err      proton    r.err 
   1.0000E-10   1.7783E-10   0.0000E+00  0.0000   0.0000E+00  0.0000   0.0000E+00  0.0000   0.0000E+00  0.0000
   1.7783E-10   3.1623E-10   3.7970E-10  0.9211   0.0000E+00  0.0000   0.0000E+00  0.0000   0.0000E+00  0.0000
   3.1623E-10   5.6234E-10   2.3908E-10  0.7797   0.0000E+00  0.0000   0.0000E+00  0.0000   0.0000E+00  0.0000
   5.6234E-10   1.0000E-09   2.7850E-09  0.7841   0.0000E+00  0.0000   0.0000E+00  0.0000   0.0000E+00  0.0000
   1.0000E-09   1.7783E-09   1.2674E-08  0.7849   0.0000E+00  0.0000   0.0000E+00  0.0000   0.0000E+00  0.0000
   1.7783E-09   3.1623E-09   2.8263E-08  0.6130   0.0000E+00  0.0000   0.0000E+00  0.0000   0.0000E+00  0.0000
   3.1623E-09   5.6234E-09   1.0826E-07  0.6485   0.0000E+00  0.0000   0.0000E+00  0.0000   0.0000E+00  0.0000
   5.6234E-09   1.0000E-08   2.9207E-07  0.5723   0.0000E+00  0.0000   0.0000E+00  0.0000   0.0000E+00  0.0000
   1.0000E-08   1.7783E-08   7.2758E-07  0.5810   0.0000E+00  0.0000   0.0000E+00  0.0000   0.0000E+00  0.0000
   1.7783E-08   3.1623E-08   2.2217E-06  0.6859   0.0000E+00  0.0000   0.0000E+00  0.0000   0.0000E+00  0.0000
   3.1623E-08   5.6234E-08   2.6849E-06  0.5535   0.0000E+00  0.0000   0.0000E+00  0.0000   0.0000E+00  0.0000
   5.6234E-08   1.0000E-07   3.2711E-06  0.5768   0.0000E+00  0.0000   0.0000E+00  0.0000   0.0000E+00  0.0000
   1.0000E-07   1.7783E-07   1.0372E-06  0.5388   0.0000E+00  0.0000   0.0000E+00  0.0000   0.0000E+00  0.0000
   1.7783E-07   3.1623E-07   1.5130E-07  0.5534   0.0000E+00  0.0000   0.0000E+00  0.0000   0.0000E+00  0.0000
   3.1623E-07   5.6234E-07   1.3894E-07  0.6451   0.0000E+00  0.0000   0.0000E+00  0.0000   0.0000E+00  0.0000
   5.6234E-07   1.0000E-06   1.2598E-07  0.6243   0.0000E+00  0.0000   0.0000E+00  0.0000   0.0000E+00  0.0000
   1.0000E-06   1.7783E-06   1.2640E-07  0.7922   0.0000E+00  0.0000   0.0000E+00  0.0000   0.0000E+00  0.0000
   1.7783E-06   3.1623E-06   1.8523E-07  0.8692   0.0000E+00  0.0000   0.0000E+00  0.0000   0.0000E+00  0.0000
   3.1623E-06   5.6234E-06   3.0544E-07  0.8196   0.0000E+00  0.0000   0.0000E+00  0.0000   0.0000E+00  0.0000
   5.6234E-06   1.0000E-05   2.2792E-07  0.6409   0.0000E+00  0.0000   0.0000E+00  0.0000   0.0000E+00  0.0000
   1.0000E-05   1.7783E-05   1.4597E-07  0.8485   0.0000E+00  0.0000   0.0000E+00  0.0000   0.0000E+00  0.0000
   1.7783E-05   3.1623E-05   2.7921E-06  0.9588   0.0000E+00  0.0000   0.0000E+00  0.0000   0.0000E+00  0.0000
   3.1623E-05   5.6234E-05   3.4671E-07  0.6571   0.0000E+00  0.0000   0.0000E+00  0.0000   0.0000E+00  0.0000
   5.6234E-05   1.0000E-04   1.6652E-07  0.6132   0.0000E+00  0.0000   0.0000E+00  0.0000   0.0000E+00  0.0000
   1.0000E-04   1.7783E-04   9.0084E-08  0.4706   0.0000E+00  0.0000   0.0000E+00  0.0000   0.0000E+00  0.0000
   1.7783E-04   3.1623E-04   6.6930E-08  0.5396   0.0000E+00  0.0000   0.0000E+00  0.0000   0.0000E+00  0.0000
   3.1623E-04   5.6234E-04   4.5373E-07  0.6384   0.0000E+00  0.0000   0.0000E+00  0.0000   0.0000E+00  0.0000
   5.6234E-04   1.0000E-03   9.0824E-08  0.6436   0.0000E+00  0.0000   0.0000E+00  0.0000   4.2075E-18  0.7028
   1.0000E-03   1.7783E-03   1.8202E-07  0.6119   0.0000E+00  0.0000   0.0000E+00  0.0000   1.7122E-13  0.6328
   1.7783E-03   3.1623E-03   1.7985E-07  0.7887   0.0000E+00  0.0000   0.0000E+00  0.0000   2.7651E-13  0.6328
   3.1623E-03   5.6234E-03   1.3875E-06  0.9576   0.0000E+00  0.0000   0.0000E+00  0.0000   4.1740E-13  0.6328
   5.6234E-03   1.0000E-02   1.7887E-06  0.8451   0.0000E+00  0.0000   0.0000E+00  0.0000   5.7599E-13  0.6328
   1.0000E-02   1.7783E-02   1.4320E-06  0.9681   0.0000E+00  0.0000   0.0000E+00  0.0000   7.7255E-13  0.6328
   1.7783E-02   3.1623E-02   1.9279E-07  0.6939   0.0000E+00  0.0000   0.0000E+00  0.0000   1.1068E-12  0.6328
   3.1623E-02   5.6234E-02   7.7436E-08  0.4730   0.0000E+00  0.0000   0.0000E+00  0.0000   1.6609E-12  0.6328
   5.6234E-02   1.0000E-01   1.3442E-07  0.5401   0.0000E+00  0.0000   0.0000E+00  0.0000   2.7169E-12  0.6328
   1.0000E-01   1.7783E-01   1.2727E-06  0.8188   0.0000E+00  0.0000   0.0000E+00  0.0000   5.0134E-12  0.6328
   1.7783E-01   3.1623E-01   4.7021E-07  0.8274   0.0000E+00  0.0000   0.0000E+00  0.0000   1.0651E-11  0.6328
   3.1623E-01   5.6234E-01   4.7920E-07  0.7206   0.0000E+00  0.0000   0.0000E+00  0.0000   2.5378E-11  0.6328
   5.6234E-01   1.0000E+00   6.4881E-07  0.7338   0.0000E+00  0.0000   0.0000E+00  0.0000   6.4063E-11  0.6328
   1.0000E+00   1.7783E+00   7.5757E-07  0.5964   0.0000E+00  0.0000   0.0000E+00  0.0000   1.6501E-10  0.6328
   1.7783E+00   3.1623E+00   3.5822E-06  0.7554   0.0000E+00  0.0000   0.0000E+00  0.0000   4.1918E-10  0.6498
   3.1623E+00   5.6234E+00   1.1378E-06  0.6681   0.0000E+00  0.0000   0.0000E+00  0.0000   1.0786E-09  0.6745
   5.6234E+00   1.0000E+01   5.9556E-07  0.7781   0.0000E+00  0.0000   0.0000E+00  0.0000   2.6958E-09  0.7119
   1.0000E+01   1.7783E+01   3.2480E-07  0.6720   0.0000E+00  0.0000   0.0000E+00  0.0000   3.2006E-09  0.5248
   1.7783E+01   3.1623E+01   4.0222E-07  0.5372   0.0000E+00  0.0000   0.0000E+00  0.0000   7.3276E-09  0.5006
   3.1623E+01   5.6234E+01   2.3100E-07  0.4731   0.0000E+00  0.0000   0.0000E+00  0.0000   1.5966E-08  0.6035
   5.6234E+01   1.0000E+02   2.6996E-06  0.5284   0.0000E+00  0.0000   0.0000E+00  0.0000   3.1643E-08  0.7296
   1.0000E+02   1.7783E+02   2.6443E-06  0.7478   0.0000E+00  0.0000   0.0000E+00  0.0000   1.2656E-08  0.8180
   1.7783E+02   3.1623E+02   1.3353E-06  0.7206   0.0000E+00  0.0000   0.0000E+00  0.0000   8.0479E-09  1.0000
   3.1623E+02   5.6234E+02   2.8537E-08  1.0000   0.0000E+00  0.0000   0.0000E+00  0.0000   0.0000E+00  0.0000
   5.6234E+02   1.0000E+03   0.0000E+00  0.0000   0.0000E+00  0.0000   0.0000E+00  0.0000   1.4927E-08  1.0000
   1.0000E+03   1.7783E+03   0.0000E+00  0.0000   0.0000E+00  0.0000   0.0000E+00  0.0000   0.0000E+00  0.0000
   1.7783E+03   3.1623E+03   0.0000E+00  0.0000   0.0000E+00  0.0000   0.0000E+00  0.0000   0.0000E+00  0.0000
   3.1623E+03   5.6234E+03   0.0000E+00  0.0000   0.0000E+00  0.0000   0.0000E+00  0.0000   0.0000E+00  0.0000
   5.6234E+03   1.0000E+04   0.0000E+00  0.0000   0.0000E+00  0.0000   0.0000E+00  0.0000   0.0000E+00  0.0000
   1.0000E+04   1.7783E+04   0.0000E+00  0.0000   0.0000E+00  0.0000   0.0000E+00  0.0000   0.0000E+00  0.0000
   1.7783E+04   3.1623E+04   0.0000E+00  0.0000   0.0000E+00  0.0000   0.0000E+00  0.0000   0.0000E+00  0.0000
   3.1623E+04   5.6234E+04   0.0000E+00  0.0000   0.0000E+00  0.0000   0.0000E+00  0.0000   0.0000E+00  0.0000
   5.6234E+04   1.0000E+05   0.0000E+00  0.0000   0.0000E+00  0.0000   0.0000E+00  0.0000   0.0000E+00  0.0000

#   sum over                 3.7786E-05  0.5760   0.0000E+00  0.0000   0.0000E+00  0.0000   9.8240E-08  0.6093

'no. = 17, (ix,iy,iz) = (  1,  1, 17)'
msuc: {\huge Flux spectra vs depth in concrete}
msdr: {\it plotted by \ANGEL \version}
msdl: {\it calculated by \PHITS  3.36}
wt: s(0.7)
\vspace{-3}
   vol  &=&   2.8800E+07 [cm^3]
  xmin  &=&  -6.0000E+02 [cm]
  xmax  &=&   6.0000E+02 [cm]
  ymin  &=&  -6.0000E+02 [cm]
  ymax  &=&   6.0000E+02 [cm]
  zmin  &=&  -3.8000E+02 [cm]
  zmax  &=&  -3.6000E+02 [cm]
e:

#------------------------------------------------------------------------------
 newpage:
#   no. = 18   ix  =  1   iy  =  1   iz  = 18
#   x = (  -6.0000E+02  -   6.0000E+02  )
#   y = (  -6.0000E+02  -   6.0000E+02  )
#   z = (  -3.6000E+02  -  -3.4000E+02  )

x: Energy [MeV/n]
y: Flux [1/cm^2/source]              
p: xlog ylog afac(0.8) form(0.9)
h: n            x            y(neutron ),hh0l n y(muon-   ),hh0dr n y(muon+   ),hh0ub n y(proton  ),hh0mg n 
#  e-lower      e-upper        neutron   r.err      muon-     r.err      muon+     r.err      proton    r.err 
   1.0000E-10   1.7783E-10   0.0000E+00  0.0000   0.0000E+00  0.0000   0.0000E+00  0.0000   0.0000E+00  0.0000
   1.7783E-10   3.1623E-10   1.3003E-09  0.9630   0.0000E+00  0.0000   0.0000E+00  0.0000   0.0000E+00  0.0000
   3.1623E-10   5.6234E-10   2.7584E-09  0.7371   0.0000E+00  0.0000   0.0000E+00  0.0000   0.0000E+00  0.0000
   5.6234E-10   1.0000E-09   7.6248E-09  0.7367   0.0000E+00  0.0000   0.0000E+00  0.0000   0.0000E+00  0.0000
   1.0000E-09   1.7783E-09   1.1608E-08  0.6449   0.0000E+00  0.0000   0.0000E+00  0.0000   0.0000E+00  0.0000
   1.7783E-09   3.1623E-09   5.1048E-08  0.6122   0.0000E+00  0.0000   0.0000E+00  0.0000   0.0000E+00  0.0000
   3.1623E-09   5.6234E-09   1.2959E-07  0.6903   0.0000E+00  0.0000   0.0000E+00  0.0000   0.0000E+00  0.0000
   5.6234E-09   1.0000E-08   3.7997E-07  0.6426   0.0000E+00  0.0000   0.0000E+00  0.0000   0.0000E+00  0.0000
   1.0000E-08   1.7783E-08   1.1852E-06  0.7050   0.0000E+00  0.0000   0.0000E+00  0.0000   0.0000E+00  0.0000
   1.7783E-08   3.1623E-08   3.4014E-06  0.6199   0.0000E+00  0.0000   0.0000E+00  0.0000   0.0000E+00  0.0000
   3.1623E-08   5.6234E-08   4.4489E-06  0.6343   0.0000E+00  0.0000   0.0000E+00  0.0000   0.0000E+00  0.0000
   5.6234E-08   1.0000E-07   4.2168E-06  0.5884   0.0000E+00  0.0000   0.0000E+00  0.0000   0.0000E+00  0.0000
   1.0000E-07   1.7783E-07   1.7568E-06  0.5700   0.0000E+00  0.0000   0.0000E+00  0.0000   0.0000E+00  0.0000
   1.7783E-07   3.1623E-07   2.4672E-07  0.6806   0.0000E+00  0.0000   0.0000E+00  0.0000   0.0000E+00  0.0000
   3.1623E-07   5.6234E-07   2.0509E-07  0.6366   0.0000E+00  0.0000   0.0000E+00  0.0000   0.0000E+00  0.0000
   5.6234E-07   1.0000E-06   2.6318E-07  0.6811   0.0000E+00  0.0000   0.0000E+00  0.0000   0.0000E+00  0.0000
   1.0000E-06   1.7783E-06   1.7596E-07  0.6243   0.0000E+00  0.0000   0.0000E+00  0.0000   0.0000E+00  0.0000
   1.7783E-06   3.1623E-06   1.8508E-07  0.7195   0.0000E+00  0.0000   0.0000E+00  0.0000   0.0000E+00  0.0000
   3.1623E-06   5.6234E-06   4.0447E-07  0.6505   0.0000E+00  0.0000   0.0000E+00  0.0000   0.0000E+00  0.0000
   5.6234E-06   1.0000E-05   3.2916E-07  0.5351   0.0000E+00  0.0000   0.0000E+00  0.0000   0.0000E+00  0.0000
   1.0000E-05   1.7783E-05   1.8628E-07  0.5733   0.0000E+00  0.0000   0.0000E+00  0.0000   0.0000E+00  0.0000
   1.7783E-05   3.1623E-05   1.3550E-06  0.7901   0.0000E+00  0.0000   0.0000E+00  0.0000   0.0000E+00  0.0000
   3.1623E-05   5.6234E-05   3.1188E-07  0.6316   0.0000E+00  0.0000   0.0000E+00  0.0000   0.0000E+00  0.0000
   5.6234E-05   1.0000E-04   2.2427E-07  0.6210   0.0000E+00  0.0000   0.0000E+00  0.0000   0.0000E+00  0.0000
   1.0000E-04   1.7783E-04   1.2268E-07  0.6102   0.0000E+00  0.0000   0.0000E+00  0.0000   0.0000E+00  0.0000
   1.7783E-04   3.1623E-04   3.5723E-07  0.6472   0.0000E+00  0.0000   0.0000E+00  0.0000   0.0000E+00  0.0000
   3.1623E-04   5.6234E-04   5.4221E-07  0.5835   0.0000E+00  0.0000   0.0000E+00  0.0000   0.0000E+00  0.0000
   5.6234E-04   1.0000E-03   1.0181E-07  0.5210   0.0000E+00  0.0000   0.0000E+00  0.0000   6.9188E-18  0.7122
   1.0000E-03   1.7783E-03   3.5103E-07  0.5810   0.0000E+00  0.0000   0.0000E+00  0.0000   3.9615E-13  0.6516
   1.7783E-03   3.1623E-03   1.0723E-07  0.5503   0.0000E+00  0.0000   0.0000E+00  0.0000   6.3973E-13  0.6516
   3.1623E-03   5.6234E-03   1.5785E-06  0.8506   0.0000E+00  0.0000   0.0000E+00  0.0000   9.6571E-13  0.6516
   5.6234E-03   1.0000E-02   1.7404E-06  0.8541   0.0000E+00  0.0000   0.0000E+00  0.0000   1.3326E-12  0.6516
   1.0000E-02   1.7783E-02   1.7118E-06  0.8994   0.0000E+00  0.0000   0.0000E+00  0.0000   1.7874E-12  0.6516
   1.7783E-02   3.1623E-02   8.7841E-08  0.5526   0.0000E+00  0.0000   0.0000E+00  0.0000   2.5607E-12  0.6516
   3.1623E-02   5.6234E-02   1.3856E-07  0.4971   0.0000E+00  0.0000   0.0000E+00  0.0000   3.8426E-12  0.6516
   5.6234E-02   1.0000E-01   2.4726E-07  0.6389   0.0000E+00  0.0000   0.0000E+00  0.0000   6.2859E-12  0.6516
   1.0000E-01   1.7783E-01   1.4665E-06  0.7313   0.0000E+00  0.0000   0.0000E+00  0.0000   1.1599E-11  0.6516
   1.7783E-01   3.1623E-01   6.2871E-07  0.7742   0.0000E+00  0.0000   0.0000E+00  0.0000   2.4643E-11  0.6516
   3.1623E-01   5.6234E-01   9.3412E-07  0.6223   0.0000E+00  0.0000   0.0000E+00  0.0000   5.8716E-11  0.6516
   5.6234E-01   1.0000E+00   5.3989E-07  0.7070   0.0000E+00  0.0000   0.0000E+00  0.0000   1.4822E-10  0.6516
   1.0000E+00   1.7783E+00   1.2070E-06  0.5853   0.0000E+00  0.0000   0.0000E+00  0.0000   3.7881E-10  0.6558
   1.7783E+00   3.1623E+00   3.7653E-06  0.7110   0.0000E+00  0.0000   0.0000E+00  0.0000   8.7840E-10  0.6232
   3.1623E+00   5.6234E+00   1.6100E-06  0.6074   0.0000E+00  0.0000   0.0000E+00  0.0000   2.1263E-09  0.6295
   5.6234E+00   1.0000E+01   9.4429E-07  0.6638   0.0000E+00  0.0000   0.0000E+00  0.0000   5.2809E-09  0.6413
   1.0000E+01   1.7783E+01   1.0084E-06  0.9289   0.0000E+00  0.0000   0.0000E+00  0.0000   1.1499E-08  0.6485
   1.7783E+01   3.1623E+01   9.6591E-07  0.7162   0.0000E+00  0.0000   0.0000E+00  0.0000   1.5175E-08  0.6972
   3.1623E+01   5.6234E+01   5.0155E-07  0.6404   0.0000E+00  0.0000   0.0000E+00  0.0000   1.7585E-08  0.4578
   5.6234E+01   1.0000E+02   3.7467E-06  0.4508   0.0000E+00  0.0000   0.0000E+00  0.0000   2.7122E-08  0.4476
   1.0000E+02   1.7783E+02   3.3467E-06  0.6615   0.0000E+00  0.0000   0.0000E+00  0.0000   4.7129E-08  0.4867
   1.7783E+02   3.1623E+02   1.8233E-06  0.6474   0.0000E+00  0.0000   0.0000E+00  0.0000   4.7845E-08  0.5457
   3.1623E+02   5.6234E+02   4.9784E-08  0.6837   0.0000E+00  0.0000   0.0000E+00  0.0000   1.8395E-08  1.0000
   5.6234E+02   1.0000E+03   0.0000E+00  0.0000   0.0000E+00  0.0000   0.0000E+00  0.0000   2.5730E-08  1.0000
   1.0000E+03   1.7783E+03   0.0000E+00  0.0000   0.0000E+00  0.0000   0.0000E+00  0.0000   0.0000E+00  0.0000
   1.7783E+03   3.1623E+03   0.0000E+00  0.0000   0.0000E+00  0.0000   0.0000E+00  0.0000   0.0000E+00  0.0000
   3.1623E+03   5.6234E+03   0.0000E+00  0.0000   0.0000E+00  0.0000   0.0000E+00  0.0000   0.0000E+00  0.0000
   5.6234E+03   1.0000E+04   0.0000E+00  0.0000   0.0000E+00  0.0000   0.0000E+00  0.0000   0.0000E+00  0.0000
   1.0000E+04   1.7783E+04   0.0000E+00  0.0000   0.0000E+00  0.0000   0.0000E+00  0.0000   0.0000E+00  0.0000
   1.7783E+04   3.1623E+04   0.0000E+00  0.0000   0.0000E+00  0.0000   0.0000E+00  0.0000   0.0000E+00  0.0000
   3.1623E+04   5.6234E+04   0.0000E+00  0.0000   0.0000E+00  0.0000   0.0000E+00  0.0000   0.0000E+00  0.0000
   5.6234E+04   1.0000E+05   0.0000E+00  0.0000   0.0000E+00  0.0000   0.0000E+00  0.0000   0.0000E+00  0.0000

#   sum over                 4.9105E-05  0.5497   0.0000E+00  0.0000   0.0000E+00  0.0000   2.1940E-07  0.4587

'no. = 18, (ix,iy,iz) = (  1,  1, 18)'
msuc: {\huge Flux spectra vs depth in concrete}
msdr: {\it plotted by \ANGEL \version}
msdl: {\it calculated by \PHITS  3.36}
wt: s(0.7)
\vspace{-3}
   vol  &=&   2.8800E+07 [cm^3]
  xmin  &=&  -6.0000E+02 [cm]
  xmax  &=&   6.0000E+02 [cm]
  ymin  &=&  -6.0000E+02 [cm]
  ymax  &=&   6.0000E+02 [cm]
  zmin  &=&  -3.6000E+02 [cm]
  zmax  &=&  -3.4000E+02 [cm]
e:

#------------------------------------------------------------------------------
 newpage:
#   no. = 19   ix  =  1   iy  =  1   iz  = 19
#   x = (  -6.0000E+02  -   6.0000E+02  )
#   y = (  -6.0000E+02  -   6.0000E+02  )
#   z = (  -3.4000E+02  -  -3.2000E+02  )

x: Energy [MeV/n]
y: Flux [1/cm^2/source]              
p: xlog ylog afac(0.8) form(0.9)
h: n            x            y(neutron ),hh0l n y(muon-   ),hh0dr n y(muon+   ),hh0ub n y(proton  ),hh0mg n 
#  e-lower      e-upper        neutron   r.err      muon-     r.err      muon+     r.err      proton    r.err 
   1.0000E-10   1.7783E-10   5.0973E-11  0.7115   0.0000E+00  0.0000   0.0000E+00  0.0000   0.0000E+00  0.0000
   1.7783E-10   3.1623E-10   6.2601E-10  0.8335   0.0000E+00  0.0000   0.0000E+00  0.0000   0.0000E+00  0.0000
   3.1623E-10   5.6234E-10   1.2013E-09  0.7066   0.0000E+00  0.0000   0.0000E+00  0.0000   0.0000E+00  0.0000
   5.6234E-10   1.0000E-09   2.2546E-09  0.5374   0.0000E+00  0.0000   0.0000E+00  0.0000   0.0000E+00  0.0000
   1.0000E-09   1.7783E-09   2.0945E-08  0.7620   0.0000E+00  0.0000   0.0000E+00  0.0000   0.0000E+00  0.0000
   1.7783E-09   3.1623E-09   1.1620E-07  0.9046   0.0000E+00  0.0000   0.0000E+00  0.0000   0.0000E+00  0.0000
   3.1623E-09   5.6234E-09   1.7320E-07  0.5762   0.0000E+00  0.0000   0.0000E+00  0.0000   0.0000E+00  0.0000
   5.6234E-09   1.0000E-08   4.5788E-07  0.5967   0.0000E+00  0.0000   0.0000E+00  0.0000   0.0000E+00  0.0000
   1.0000E-08   1.7783E-08   8.9159E-07  0.5222   0.0000E+00  0.0000   0.0000E+00  0.0000   0.0000E+00  0.0000
   1.7783E-08   3.1623E-08   3.4405E-06  0.5764   0.0000E+00  0.0000   0.0000E+00  0.0000   0.0000E+00  0.0000
   3.1623E-08   5.6234E-08   4.3315E-06  0.5330   0.0000E+00  0.0000   0.0000E+00  0.0000   0.0000E+00  0.0000
   5.6234E-08   1.0000E-07   4.0678E-06  0.5059   0.0000E+00  0.0000   0.0000E+00  0.0000   0.0000E+00  0.0000
   1.0000E-07   1.7783E-07   1.8053E-06  0.4964   0.0000E+00  0.0000   0.0000E+00  0.0000   0.0000E+00  0.0000
   1.7783E-07   3.1623E-07   3.3173E-07  0.7179   0.0000E+00  0.0000   0.0000E+00  0.0000   0.0000E+00  0.0000
   3.1623E-07   5.6234E-07   2.4511E-07  0.7503   0.0000E+00  0.0000   0.0000E+00  0.0000   0.0000E+00  0.0000
   5.6234E-07   1.0000E-06   1.9056E-07  0.7261   0.0000E+00  0.0000   0.0000E+00  0.0000   0.0000E+00  0.0000
   1.0000E-06   1.7783E-06   2.1877E-07  0.6789   0.0000E+00  0.0000   0.0000E+00  0.0000   0.0000E+00  0.0000
   1.7783E-06   3.1623E-06   1.2950E-07  0.5762   0.0000E+00  0.0000   0.0000E+00  0.0000   0.0000E+00  0.0000
   3.1623E-06   5.6234E-06   4.2879E-07  0.6241   0.0000E+00  0.0000   0.0000E+00  0.0000   0.0000E+00  0.0000
   5.6234E-06   1.0000E-05   4.7665E-07  0.5632   0.0000E+00  0.0000   0.0000E+00  0.0000   0.0000E+00  0.0000
   1.0000E-05   1.7783E-05   2.0710E-07  0.5912   0.0000E+00  0.0000   0.0000E+00  0.0000   0.0000E+00  0.0000
   1.7783E-05   3.1623E-05   1.4342E-06  0.7362   0.0000E+00  0.0000   0.0000E+00  0.0000   0.0000E+00  0.0000
   3.1623E-05   5.6234E-05   4.9378E-07  0.5606   0.0000E+00  0.0000   0.0000E+00  0.0000   0.0000E+00  0.0000
   5.6234E-05   1.0000E-04   2.6049E-07  0.6677   0.0000E+00  0.0000   0.0000E+00  0.0000   0.0000E+00  0.0000
   1.0000E-04   1.7783E-04   1.3616E-07  0.5772   0.0000E+00  0.0000   0.0000E+00  0.0000   0.0000E+00  0.0000
   1.7783E-04   3.1623E-04   3.1319E-07  0.7282   0.0000E+00  0.0000   0.0000E+00  0.0000   0.0000E+00  0.0000
   3.1623E-04   5.6234E-04   7.8994E-07  0.6682   0.0000E+00  0.0000   0.0000E+00  0.0000   0.0000E+00  0.0000
   5.6234E-04   1.0000E-03   2.3806E-07  0.7062   0.0000E+00  0.0000   0.0000E+00  0.0000   3.9036E-18  0.5459
   1.0000E-03   1.7783E-03   6.9024E-07  0.7659   0.0000E+00  0.0000   0.0000E+00  0.0000   1.8431E-13  0.5411
   1.7783E-03   3.1623E-03   4.1522E-07  0.8043   0.0000E+00  0.0000   0.0000E+00  0.0000   2.9763E-13  0.5411
   3.1623E-03   5.6234E-03   1.3838E-06  0.8356   0.0000E+00  0.0000   0.0000E+00  0.0000   4.4929E-13  0.5411
   5.6234E-03   1.0000E-02   1.6701E-06  0.8858   0.0000E+00  0.0000   0.0000E+00  0.0000   6.1999E-13  0.5411
   1.0000E-02   1.7783E-02   1.9392E-06  0.8090   0.0000E+00  0.0000   0.0000E+00  0.0000   8.3157E-13  0.5411
   1.7783E-02   3.1623E-02   2.0783E-07  0.5905   0.0000E+00  0.0000   0.0000E+00  0.0000   1.1913E-12  0.5411
   3.1623E-02   5.6234E-02   6.7507E-07  0.8567   0.0000E+00  0.0000   0.0000E+00  0.0000   1.7877E-12  0.5411
   5.6234E-02   1.0000E-01   3.3934E-07  0.6834   0.0000E+00  0.0000   0.0000E+00  0.0000   2.9245E-12  0.5411
   1.0000E-01   1.7783E-01   1.5380E-06  0.6903   0.0000E+00  0.0000   0.0000E+00  0.0000   5.3964E-12  0.5411
   1.7783E-01   3.1623E-01   3.8946E-07  0.6532   0.0000E+00  0.0000   0.0000E+00  0.0000   1.1465E-11  0.5411
   3.1623E-01   5.6234E-01   6.2194E-07  0.5983   0.0000E+00  0.0000   0.0000E+00  0.0000   2.7317E-11  0.5411
   5.6234E-01   1.0000E+00   3.9463E-07  0.4510   0.0000E+00  0.0000   0.0000E+00  0.0000   6.8957E-11  0.5411
   1.0000E+00   1.7783E+00   1.1370E-06  0.4748   0.0000E+00  0.0000   0.0000E+00  0.0000   1.7665E-10  0.5429
   1.7783E+00   3.1623E+00   3.4027E-06  0.7703   0.0000E+00  0.0000   0.0000E+00  0.0000   3.4836E-10  0.4946
   3.1623E+00   5.6234E+00   7.6765E-07  0.4624   0.0000E+00  0.0000   0.0000E+00  0.0000   8.9765E-10  0.4886
   5.6234E+00   1.0000E+01   9.8023E-07  0.5300   0.0000E+00  0.0000   0.0000E+00  0.0000   1.8533E-09  0.4920
   1.0000E+01   1.7783E+01   2.4354E-07  0.4798   0.0000E+00  0.0000   0.0000E+00  0.0000   3.1061E-09  0.6130
   1.7783E+01   3.1623E+01   3.0379E-07  0.4697   0.0000E+00  0.0000   0.0000E+00  0.0000   7.1076E-09  0.7365
   3.1623E+01   5.6234E+01   4.9285E-07  0.7309   0.0000E+00  0.0000   0.0000E+00  0.0000   1.7530E-08  0.8224
   5.6234E+01   1.0000E+02   4.8301E-06  0.4372   0.0000E+00  0.0000   0.0000E+00  0.0000   1.8284E-08  0.7789
   1.0000E+02   1.7783E+02   4.1140E-06  0.6132   0.0000E+00  0.0000   0.0000E+00  0.0000   1.0836E-08  0.8355
   1.7783E+02   3.1623E+02   1.9591E-06  0.7153   0.0000E+00  0.0000   0.0000E+00  0.0000   3.1556E-08  1.0000
   3.1623E+02   5.6234E+02   2.4200E-07  0.6088   0.0000E+00  0.0000   0.0000E+00  0.0000   2.5569E-08  1.0000
   5.6234E+02   1.0000E+03   0.0000E+00  0.0000   0.0000E+00  0.0000   0.0000E+00  0.0000   1.2579E-08  1.0000
   1.0000E+03   1.7783E+03   3.1534E-08  1.0000   0.0000E+00  0.0000   0.0000E+00  0.0000   0.0000E+00  0.0000
   1.7783E+03   3.1623E+03   0.0000E+00  0.0000   0.0000E+00  0.0000   0.0000E+00  0.0000   0.0000E+00  0.0000
   3.1623E+03   5.6234E+03   0.0000E+00  0.0000   0.0000E+00  0.0000   0.0000E+00  0.0000   0.0000E+00  0.0000
   5.6234E+03   1.0000E+04   0.0000E+00  0.0000   0.0000E+00  0.0000   0.0000E+00  0.0000   0.0000E+00  0.0000
   1.0000E+04   1.7783E+04   0.0000E+00  0.0000   0.0000E+00  0.0000   0.0000E+00  0.0000   0.0000E+00  0.0000
   1.7783E+04   3.1623E+04   0.0000E+00  0.0000   0.0000E+00  0.0000   0.0000E+00  0.0000   0.0000E+00  0.0000
   3.1623E+04   5.6234E+04   0.0000E+00  0.0000   0.0000E+00  0.0000   0.0000E+00  0.0000   0.0000E+00  0.0000
   5.6234E+04   1.0000E+05   0.0000E+00  0.0000   0.0000E+00  0.0000   0.0000E+00  0.0000   0.0000E+00  0.0000

#   sum over                 4.9972E-05  0.5028   0.0000E+00  0.0000   0.0000E+00  0.0000   1.2997E-07  0.6859

'no. = 19, (ix,iy,iz) = (  1,  1, 19)'
msuc: {\huge Flux spectra vs depth in concrete}
msdr: {\it plotted by \ANGEL \version}
msdl: {\it calculated by \PHITS  3.36}
wt: s(0.7)
\vspace{-3}
   vol  &=&   2.8800E+07 [cm^3]
  xmin  &=&  -6.0000E+02 [cm]
  xmax  &=&   6.0000E+02 [cm]
  ymin  &=&  -6.0000E+02 [cm]
  ymax  &=&   6.0000E+02 [cm]
  zmin  &=&  -3.4000E+02 [cm]
  zmax  &=&  -3.2000E+02 [cm]
e:

#------------------------------------------------------------------------------
 newpage:
#   no. = 20   ix  =  1   iy  =  1   iz  = 20
#   x = (  -6.0000E+02  -   6.0000E+02  )
#   y = (  -6.0000E+02  -   6.0000E+02  )
#   z = (  -3.2000E+02  -  -3.0000E+02  )

x: Energy [MeV/n]
y: Flux [1/cm^2/source]              
p: xlog ylog afac(0.8) form(0.9)
h: n            x            y(neutron ),hh0l n y(muon-   ),hh0dr n y(muon+   ),hh0ub n y(proton  ),hh0mg n 
#  e-lower      e-upper        neutron   r.err      muon-     r.err      muon+     r.err      proton    r.err 
   1.0000E-10   1.7783E-10   4.7676E-09  0.9680   0.0000E+00  0.0000   0.0000E+00  0.0000   0.0000E+00  0.0000
   1.7783E-10   3.1623E-10   6.2375E-11  0.7457   0.0000E+00  0.0000   0.0000E+00  0.0000   0.0000E+00  0.0000
   3.1623E-10   5.6234E-10   5.9128E-10  0.6358   0.0000E+00  0.0000   0.0000E+00  0.0000   0.0000E+00  0.0000
   5.6234E-10   1.0000E-09   2.5588E-08  0.9508   0.0000E+00  0.0000   0.0000E+00  0.0000   0.0000E+00  0.0000
   1.0000E-09   1.7783E-09   2.3258E-08  0.5650   0.0000E+00  0.0000   0.0000E+00  0.0000   0.0000E+00  0.0000
   1.7783E-09   3.1623E-09   5.4371E-08  0.4317   0.0000E+00  0.0000   0.0000E+00  0.0000   0.0000E+00  0.0000
   3.1623E-09   5.6234E-09   1.6496E-07  0.4350   0.0000E+00  0.0000   0.0000E+00  0.0000   0.0000E+00  0.0000
   5.6234E-09   1.0000E-08   4.1468E-07  0.3224   0.0000E+00  0.0000   0.0000E+00  0.0000   0.0000E+00  0.0000
   1.0000E-08   1.7783E-08   1.2189E-06  0.3366   0.0000E+00  0.0000   0.0000E+00  0.0000   0.0000E+00  0.0000
   1.7783E-08   3.1623E-08   3.0362E-06  0.3908   0.0000E+00  0.0000   0.0000E+00  0.0000   0.0000E+00  0.0000
   3.1623E-08   5.6234E-08   4.7590E-06  0.3553   0.0000E+00  0.0000   0.0000E+00  0.0000   0.0000E+00  0.0000
   5.6234E-08   1.0000E-07   4.0141E-06  0.3576   0.0000E+00  0.0000   0.0000E+00  0.0000   0.0000E+00  0.0000
   1.0000E-07   1.7783E-07   2.3745E-06  0.3815   0.0000E+00  0.0000   0.0000E+00  0.0000   0.0000E+00  0.0000
   1.7783E-07   3.1623E-07   3.4753E-07  0.4149   0.0000E+00  0.0000   0.0000E+00  0.0000   0.0000E+00  0.0000
   3.1623E-07   5.6234E-07   4.4381E-07  0.5232   0.0000E+00  0.0000   0.0000E+00  0.0000   0.0000E+00  0.0000
   5.6234E-07   1.0000E-06   2.2263E-07  0.4727   0.0000E+00  0.0000   0.0000E+00  0.0000   0.0000E+00  0.0000
   1.0000E-06   1.7783E-06   1.8337E-07  0.4727   0.0000E+00  0.0000   0.0000E+00  0.0000   0.0000E+00  0.0000
   1.7783E-06   3.1623E-06   1.8606E-07  0.5309   0.0000E+00  0.0000   0.0000E+00  0.0000   0.0000E+00  0.0000
   3.1623E-06   5.6234E-06   4.6280E-07  0.5755   0.0000E+00  0.0000   0.0000E+00  0.0000   0.0000E+00  0.0000
   5.6234E-06   1.0000E-05   4.3619E-07  0.5088   0.0000E+00  0.0000   0.0000E+00  0.0000   0.0000E+00  0.0000
   1.0000E-05   1.7783E-05   7.9886E-07  0.7645   0.0000E+00  0.0000   0.0000E+00  0.0000   0.0000E+00  0.0000
   1.7783E-05   3.1623E-05   8.9810E-07  0.7149   0.0000E+00  0.0000   0.0000E+00  0.0000   0.0000E+00  0.0000
   3.1623E-05   5.6234E-05   4.6834E-07  0.5994   0.0000E+00  0.0000   0.0000E+00  0.0000   0.0000E+00  0.0000
   5.6234E-05   1.0000E-04   3.4838E-07  0.6637   0.0000E+00  0.0000   0.0000E+00  0.0000   0.0000E+00  0.0000
   1.0000E-04   1.7783E-04   2.8283E-07  0.5381   0.0000E+00  0.0000   0.0000E+00  0.0000   0.0000E+00  0.0000
   1.7783E-04   3.1623E-04   1.9082E-07  0.5483   0.0000E+00  0.0000   0.0000E+00  0.0000   0.0000E+00  0.0000
   3.1623E-04   5.6234E-04   4.4054E-07  0.5237   0.0000E+00  0.0000   0.0000E+00  0.0000   0.0000E+00  0.0000
   5.6234E-04   1.0000E-03   3.8865E-07  0.5439   0.0000E+00  0.0000   0.0000E+00  0.0000   5.4655E-18  0.4525
   1.0000E-03   1.7783E-03   3.2702E-07  0.4462   0.0000E+00  0.0000   0.0000E+00  0.0000   4.5915E-13  0.5136
   1.7783E-03   3.1623E-03   2.8014E-07  0.5266   0.0000E+00  0.0000   0.0000E+00  0.0000   7.4147E-13  0.5136
   3.1623E-03   5.6234E-03   5.8557E-07  0.4418   0.0000E+00  0.0000   0.0000E+00  0.0000   1.1193E-12  0.5136
   5.6234E-03   1.0000E-02   1.7632E-06  0.8415   0.0000E+00  0.0000   0.0000E+00  0.0000   1.5445E-12  0.5136
   1.0000E-02   1.7783E-02   1.7794E-06  0.8662   0.0000E+00  0.0000   0.0000E+00  0.0000   2.0716E-12  0.5136
   1.7783E-02   3.1623E-02   1.0182E-07  0.4368   0.0000E+00  0.0000   0.0000E+00  0.0000   2.9679E-12  0.5136
   3.1623E-02   5.6234E-02   3.3376E-07  0.4918   0.0000E+00  0.0000   0.0000E+00  0.0000   4.4537E-12  0.5136
   5.6234E-02   1.0000E-01   3.6169E-07  0.5408   0.0000E+00  0.0000   0.0000E+00  0.0000   7.2855E-12  0.5136
   1.0000E-01   1.7783E-01   1.8473E-06  0.6321   0.0000E+00  0.0000   0.0000E+00  0.0000   1.3444E-11  0.5136
   1.7783E-01   3.1623E-01   6.1720E-07  0.5512   0.0000E+00  0.0000   0.0000E+00  0.0000   2.7071E-11  0.4968
   3.1623E-01   5.6234E-01   9.6131E-07  0.4823   0.0000E+00  0.0000   0.0000E+00  0.0000   6.1455E-11  0.4812
   5.6234E-01   1.0000E+00   4.3180E-07  0.5077   0.0000E+00  0.0000   0.0000E+00  0.0000   1.5513E-10  0.4812
   1.0000E+00   1.7783E+00   7.9912E-07  0.5411   0.0000E+00  0.0000   0.0000E+00  0.0000   3.9513E-10  0.4853
   1.7783E+00   3.1623E+00   2.8251E-06  0.8440   0.0000E+00  0.0000   0.0000E+00  0.0000   8.8246E-10  0.4828
   3.1623E+00   5.6234E+00   1.4565E-06  0.5724   0.0000E+00  0.0000   0.0000E+00  0.0000   1.9156E-09  0.4985
   5.6234E+00   1.0000E+01   1.7775E-06  0.6268   0.0000E+00  0.0000   0.0000E+00  0.0000   4.1609E-09  0.4731
   1.0000E+01   1.7783E+01   7.0920E-07  0.5883   0.0000E+00  0.0000   0.0000E+00  0.0000   8.4910E-09  0.4345
   1.7783E+01   3.1623E+01   1.3227E-07  0.6917   0.0000E+00  0.0000   0.0000E+00  0.0000   1.9348E-08  0.4551
   3.1623E+01   5.6234E+01   1.6676E-06  0.4590   0.0000E+00  0.0000   0.0000E+00  0.0000   2.0442E-08  0.5490
   5.6234E+01   1.0000E+02   4.0653E-06  0.4060   0.0000E+00  0.0000   0.0000E+00  0.0000   3.9157E-08  0.6246
   1.0000E+02   1.7783E+02   5.1449E-06  0.6209   0.0000E+00  0.0000   0.0000E+00  0.0000   9.9835E-08  0.7303
   1.7783E+02   3.1623E+02   2.2537E-06  0.7178   0.0000E+00  0.0000   0.0000E+00  0.0000   1.0060E-07  0.8429
   3.1623E+02   5.6234E+02   2.1868E-07  0.5963   0.0000E+00  0.0000   0.0000E+00  0.0000   8.7208E-08  1.0000
   5.6234E+02   1.0000E+03   0.0000E+00  0.0000   0.0000E+00  0.0000   0.0000E+00  0.0000   0.0000E+00  0.0000
   1.0000E+03   1.7783E+03   5.8604E-08  1.0000   0.0000E+00  0.0000   0.0000E+00  0.0000   2.9862E-08  1.0000
   1.7783E+03   3.1623E+03   0.0000E+00  0.0000   0.0000E+00  0.0000   0.0000E+00  0.0000   0.0000E+00  0.0000
   3.1623E+03   5.6234E+03   0.0000E+00  0.0000   0.0000E+00  0.0000   0.0000E+00  0.0000   0.0000E+00  0.0000
   5.6234E+03   1.0000E+04   0.0000E+00  0.0000   0.0000E+00  0.0000   0.0000E+00  0.0000   0.0000E+00  0.0000
   1.0000E+04   1.7783E+04   0.0000E+00  0.0000   0.0000E+00  0.0000   0.0000E+00  0.0000   0.0000E+00  0.0000
   1.7783E+04   3.1623E+04   0.0000E+00  0.0000   0.0000E+00  0.0000   0.0000E+00  0.0000   0.0000E+00  0.0000
   3.1623E+04   5.6234E+04   0.0000E+00  0.0000   0.0000E+00  0.0000   0.0000E+00  0.0000   0.0000E+00  0.0000
   5.6234E+04   1.0000E+05   0.0000E+00  0.0000   0.0000E+00  0.0000   0.0000E+00  0.0000   0.0000E+00  0.0000

#   sum over                 5.2689E-05  0.4148   0.0000E+00  0.0000   0.0000E+00  0.0000   4.1258E-07  0.6284

'no. = 20, (ix,iy,iz) = (  1,  1, 20)'
msuc: {\huge Flux spectra vs depth in concrete}
msdr: {\it plotted by \ANGEL \version}
msdl: {\it calculated by \PHITS  3.36}
wt: s(0.7)
\vspace{-3}
   vol  &=&   2.8800E+07 [cm^3]
  xmin  &=&  -6.0000E+02 [cm]
  xmax  &=&   6.0000E+02 [cm]
  ymin  &=&  -6.0000E+02 [cm]
  ymax  &=&   6.0000E+02 [cm]
  zmin  &=&  -3.2000E+02 [cm]
  zmax  &=&  -3.0000E+02 [cm]
e:

#------------------------------------------------------------------------------
 newpage:
#   no. = 21   ix  =  1   iy  =  1   iz  = 21
#   x = (  -6.0000E+02  -   6.0000E+02  )
#   y = (  -6.0000E+02  -   6.0000E+02  )
#   z = (  -3.0000E+02  -  -2.8000E+02  )

x: Energy [MeV/n]
y: Flux [1/cm^2/source]              
p: xlog ylog afac(0.8) form(0.9)
h: n            x            y(neutron ),hh0l n y(muon-   ),hh0dr n y(muon+   ),hh0ub n y(proton  ),hh0mg n 
#  e-lower      e-upper        neutron   r.err      muon-     r.err      muon+     r.err      proton    r.err 
   1.0000E-10   1.7783E-10   4.7013E-10  0.7833   0.0000E+00  0.0000   0.0000E+00  0.0000   0.0000E+00  0.0000
   1.7783E-10   3.1623E-10   5.4799E-10  0.8415   0.0000E+00  0.0000   0.0000E+00  0.0000   0.0000E+00  0.0000
   3.1623E-10   5.6234E-10   4.9537E-09  0.4908   0.0000E+00  0.0000   0.0000E+00  0.0000   0.0000E+00  0.0000
   5.6234E-10   1.0000E-09   1.3250E-08  0.5810   0.0000E+00  0.0000   0.0000E+00  0.0000   0.0000E+00  0.0000
   1.0000E-09   1.7783E-09   8.2595E-09  0.5115   0.0000E+00  0.0000   0.0000E+00  0.0000   0.0000E+00  0.0000
   1.7783E-09   3.1623E-09   7.1976E-08  0.4676   0.0000E+00  0.0000   0.0000E+00  0.0000   0.0000E+00  0.0000
   3.1623E-09   5.6234E-09   3.4420E-07  0.4042   0.0000E+00  0.0000   0.0000E+00  0.0000   0.0000E+00  0.0000
   5.6234E-09   1.0000E-08   1.1084E-06  0.4098   0.0000E+00  0.0000   0.0000E+00  0.0000   0.0000E+00  0.0000
   1.0000E-08   1.7783E-08   2.4957E-06  0.3670   0.0000E+00  0.0000   0.0000E+00  0.0000   0.0000E+00  0.0000
   1.7783E-08   3.1623E-08   5.0459E-06  0.3735   0.0000E+00  0.0000   0.0000E+00  0.0000   0.0000E+00  0.0000
   3.1623E-08   5.6234E-08   8.4347E-06  0.3733   0.0000E+00  0.0000   0.0000E+00  0.0000   0.0000E+00  0.0000
   5.6234E-08   1.0000E-07   8.2204E-06  0.3839   0.0000E+00  0.0000   0.0000E+00  0.0000   0.0000E+00  0.0000
   1.0000E-07   1.7783E-07   4.0996E-06  0.4149   0.0000E+00  0.0000   0.0000E+00  0.0000   0.0000E+00  0.0000
   1.7783E-07   3.1623E-07   4.9328E-07  0.3371   0.0000E+00  0.0000   0.0000E+00  0.0000   0.0000E+00  0.0000
   3.1623E-07   5.6234E-07   8.2523E-07  0.5192   0.0000E+00  0.0000   0.0000E+00  0.0000   0.0000E+00  0.0000
   5.6234E-07   1.0000E-06   3.3556E-07  0.4487   0.0000E+00  0.0000   0.0000E+00  0.0000   0.0000E+00  0.0000
   1.0000E-06   1.7783E-06   5.2576E-07  0.6220   0.0000E+00  0.0000   0.0000E+00  0.0000   0.0000E+00  0.0000
   1.7783E-06   3.1623E-06   2.5651E-07  0.4374   0.0000E+00  0.0000   0.0000E+00  0.0000   0.0000E+00  0.0000
   3.1623E-06   5.6234E-06   7.8968E-07  0.6709   0.0000E+00  0.0000   0.0000E+00  0.0000   0.0000E+00  0.0000
   5.6234E-06   1.0000E-05   3.2804E-07  0.3691   0.0000E+00  0.0000   0.0000E+00  0.0000   0.0000E+00  0.0000
   1.0000E-05   1.7783E-05   2.7030E-07  0.4486   0.0000E+00  0.0000   0.0000E+00  0.0000   0.0000E+00  0.0000
   1.7783E-05   3.1623E-05   3.0966E-07  0.4417   0.0000E+00  0.0000   0.0000E+00  0.0000   0.0000E+00  0.0000
   3.1623E-05   5.6234E-05   6.5727E-07  0.7916   0.0000E+00  0.0000   0.0000E+00  0.0000   0.0000E+00  0.0000
   5.6234E-05   1.0000E-04   6.2647E-07  0.4674   0.0000E+00  0.0000   0.0000E+00  0.0000   0.0000E+00  0.0000
   1.0000E-04   1.7783E-04   5.4373E-07  0.7777   0.0000E+00  0.0000   0.0000E+00  0.0000   0.0000E+00  0.0000
   1.7783E-04   3.1623E-04   3.3397E-07  0.4997   0.0000E+00  0.0000   0.0000E+00  0.0000   0.0000E+00  0.0000
   3.1623E-04   5.6234E-04   1.1644E-06  0.4549   0.0000E+00  0.0000   0.0000E+00  0.0000   0.0000E+00  0.0000
   5.6234E-04   1.0000E-03   2.5401E-07  0.4494   0.0000E+00  0.0000   0.0000E+00  0.0000   1.7456E-17  0.5279
   1.0000E-03   1.7783E-03   4.0552E-07  0.4282   0.0000E+00  0.0000   0.0000E+00  0.0000   8.0467E-13  0.4279
   1.7783E-03   3.1623E-03   5.2708E-07  0.5451   0.0000E+00  0.0000   0.0000E+00  0.0000   1.2994E-12  0.4279
   3.1623E-03   5.6234E-03   7.5902E-07  0.3726   0.0000E+00  0.0000   0.0000E+00  0.0000   1.9616E-12  0.4279
   5.6234E-03   1.0000E-02   6.4109E-07  0.5071   0.0000E+00  0.0000   0.0000E+00  0.0000   2.7068E-12  0.4279
   1.0000E-02   1.7783E-02   8.3749E-07  0.6065   0.0000E+00  0.0000   0.0000E+00  0.0000   3.6306E-12  0.4279
   1.7783E-02   3.1623E-02   6.4738E-07  0.5607   0.0000E+00  0.0000   0.0000E+00  0.0000   5.2013E-12  0.4279
   3.1623E-02   5.6234E-02   3.9728E-07  0.4117   0.0000E+00  0.0000   0.0000E+00  0.0000   7.8052E-12  0.4279
   5.6234E-02   1.0000E-01   1.1850E-06  0.4225   0.0000E+00  0.0000   0.0000E+00  0.0000   1.2768E-11  0.4279
   1.0000E-01   1.7783E-01   1.0495E-06  0.3680   0.0000E+00  0.0000   0.0000E+00  0.0000   2.3561E-11  0.4279
   1.7783E-01   3.1623E-01   8.2134E-07  0.3749   0.0000E+00  0.0000   0.0000E+00  0.0000   5.0056E-11  0.4279
   3.1623E-01   5.6234E-01   1.1958E-06  0.4439   0.0000E+00  0.0000   0.0000E+00  0.0000   1.1927E-10  0.4279
   5.6234E-01   1.0000E+00   1.3020E-06  0.4175   0.0000E+00  0.0000   0.0000E+00  0.0000   3.0106E-10  0.4279
   1.0000E+00   1.7783E+00   7.1285E-07  0.4378   0.0000E+00  0.0000   0.0000E+00  0.0000   7.7546E-10  0.4279
   1.7783E+00   3.1623E+00   3.7071E-06  0.5455   0.0000E+00  0.0000   0.0000E+00  0.0000   2.0103E-09  0.4318
   3.1623E+00   5.6234E+00   3.5523E-06  0.4023   0.0000E+00  0.0000   0.0000E+00  0.0000   5.1487E-09  0.4472
   5.6234E+00   1.0000E+01   2.3142E-06  0.4133   0.0000E+00  0.0000   0.0000E+00  0.0000   1.1022E-08  0.4393
   1.0000E+01   1.7783E+01   1.1603E-06  0.4029   0.0000E+00  0.0000   0.0000E+00  0.0000   2.1931E-08  0.5028
   1.7783E+01   3.1623E+01   1.4773E-06  0.5136   0.0000E+00  0.0000   0.0000E+00  0.0000   2.8240E-08  0.4675
   3.1623E+01   5.6234E+01   1.7115E-06  0.5341   0.0000E+00  0.0000   0.0000E+00  0.0000   3.3444E-08  0.7772
   5.6234E+01   1.0000E+02   5.6491E-06  0.4164   0.0000E+00  0.0000   0.0000E+00  0.0000   4.9104E-08  0.8448
   1.0000E+02   1.7783E+02   6.6524E-06  0.7083   0.0000E+00  0.0000   0.0000E+00  0.0000   4.1931E-08  0.7727
   1.7783E+02   3.1623E+02   3.6359E-06  0.6751   0.0000E+00  0.0000   0.0000E+00  0.0000   9.6567E-08  1.0000
   3.1623E+02   5.6234E+02   2.7450E-07  0.5853   0.0000E+00  0.0000   0.0000E+00  0.0000   1.9885E-07  0.7239
   5.6234E+02   1.0000E+03   0.0000E+00  0.0000   0.0000E+00  0.0000   0.0000E+00  0.0000   3.6981E-08  1.0000
   1.0000E+03   1.7783E+03   5.8604E-08  1.0000   0.0000E+00  0.0000   0.0000E+00  0.0000   5.7337E-08  1.0000
   1.7783E+03   3.1623E+03   0.0000E+00  0.0000   0.0000E+00  0.0000   0.0000E+00  0.0000   0.0000E+00  0.0000
   3.1623E+03   5.6234E+03   0.0000E+00  0.0000   0.0000E+00  0.0000   0.0000E+00  0.0000   0.0000E+00  0.0000
   5.6234E+03   1.0000E+04   0.0000E+00  0.0000   0.0000E+00  0.0000   0.0000E+00  0.0000   0.0000E+00  0.0000
   1.0000E+04   1.7783E+04   0.0000E+00  0.0000   0.0000E+00  0.0000   0.0000E+00  0.0000   0.0000E+00  0.0000
   1.7783E+04   3.1623E+04   0.0000E+00  0.0000   0.0000E+00  0.0000   0.0000E+00  0.0000   0.0000E+00  0.0000
   3.1623E+04   5.6234E+04   0.0000E+00  0.0000   0.0000E+00  0.0000   0.0000E+00  0.0000   0.0000E+00  0.0000
   5.6234E+04   1.0000E+05   0.0000E+00  0.0000   0.0000E+00  0.0000   0.0000E+00  0.0000   0.0000E+00  0.0000

#   sum over                 7.8237E-05  0.3479   0.0000E+00  0.0000   0.0000E+00  0.0000   5.8388E-07  0.7136

'no. = 21, (ix,iy,iz) = (  1,  1, 21)'
msuc: {\huge Flux spectra vs depth in concrete}
msdr: {\it plotted by \ANGEL \version}
msdl: {\it calculated by \PHITS  3.36}
wt: s(0.7)
\vspace{-3}
   vol  &=&   2.8800E+07 [cm^3]
  xmin  &=&  -6.0000E+02 [cm]
  xmax  &=&   6.0000E+02 [cm]
  ymin  &=&  -6.0000E+02 [cm]
  ymax  &=&   6.0000E+02 [cm]
  zmin  &=&  -3.0000E+02 [cm]
  zmax  &=&  -2.8000E+02 [cm]
e:

#------------------------------------------------------------------------------
 newpage:
#   no. = 22   ix  =  1   iy  =  1   iz  = 22
#   x = (  -6.0000E+02  -   6.0000E+02  )
#   y = (  -6.0000E+02  -   6.0000E+02  )
#   z = (  -2.8000E+02  -  -2.6000E+02  )

x: Energy [MeV/n]
y: Flux [1/cm^2/source]              
p: xlog ylog afac(0.8) form(0.9)
h: n            x            y(neutron ),hh0l n y(muon-   ),hh0dr n y(muon+   ),hh0ub n y(proton  ),hh0mg n 
#  e-lower      e-upper        neutron   r.err      muon-     r.err      muon+     r.err      proton    r.err 
   1.0000E-10   1.7783E-10   0.0000E+00  0.0000   0.0000E+00  0.0000   0.0000E+00  0.0000   0.0000E+00  0.0000
   1.7783E-10   3.1623E-10   1.1337E-09  1.0000   0.0000E+00  0.0000   0.0000E+00  0.0000   0.0000E+00  0.0000
   3.1623E-10   5.6234E-10   1.6213E-09  0.5832   0.0000E+00  0.0000   0.0000E+00  0.0000   0.0000E+00  0.0000
   5.6234E-10   1.0000E-09   1.6868E-08  0.6199   0.0000E+00  0.0000   0.0000E+00  0.0000   0.0000E+00  0.0000
   1.0000E-09   1.7783E-09   4.6514E-08  0.6560   0.0000E+00  0.0000   0.0000E+00  0.0000   0.0000E+00  0.0000
   1.7783E-09   3.1623E-09   1.1848E-07  0.3812   0.0000E+00  0.0000   0.0000E+00  0.0000   0.0000E+00  0.0000
   3.1623E-09   5.6234E-09   8.1715E-07  0.4062   0.0000E+00  0.0000   0.0000E+00  0.0000   0.0000E+00  0.0000
   5.6234E-09   1.0000E-08   1.7177E-06  0.3583   0.0000E+00  0.0000   0.0000E+00  0.0000   0.0000E+00  0.0000
   1.0000E-08   1.7783E-08   5.7056E-06  0.3873   0.0000E+00  0.0000   0.0000E+00  0.0000   0.0000E+00  0.0000
   1.7783E-08   3.1623E-08   9.7625E-06  0.3901   0.0000E+00  0.0000   0.0000E+00  0.0000   0.0000E+00  0.0000
   3.1623E-08   5.6234E-08   1.4399E-05  0.4104   0.0000E+00  0.0000   0.0000E+00  0.0000   0.0000E+00  0.0000
   5.6234E-08   1.0000E-07   1.2600E-05  0.3871   0.0000E+00  0.0000   0.0000E+00  0.0000   0.0000E+00  0.0000
   1.0000E-07   1.7783E-07   4.9823E-06  0.3494   0.0000E+00  0.0000   0.0000E+00  0.0000   0.0000E+00  0.0000
   1.7783E-07   3.1623E-07   1.1648E-06  0.4753   0.0000E+00  0.0000   0.0000E+00  0.0000   0.0000E+00  0.0000
   3.1623E-07   5.6234E-07   8.7862E-07  0.4865   0.0000E+00  0.0000   0.0000E+00  0.0000   0.0000E+00  0.0000
   5.6234E-07   1.0000E-06   9.5281E-07  0.4513   0.0000E+00  0.0000   0.0000E+00  0.0000   0.0000E+00  0.0000
   1.0000E-06   1.7783E-06   4.2548E-07  0.4823   0.0000E+00  0.0000   0.0000E+00  0.0000   0.0000E+00  0.0000
   1.7783E-06   3.1623E-06   9.9495E-07  0.5436   0.0000E+00  0.0000   0.0000E+00  0.0000   0.0000E+00  0.0000
   3.1623E-06   5.6234E-06   5.0672E-07  0.5308   0.0000E+00  0.0000   0.0000E+00  0.0000   0.0000E+00  0.0000
   5.6234E-06   1.0000E-05   9.9385E-07  0.4108   0.0000E+00  0.0000   0.0000E+00  0.0000   0.0000E+00  0.0000
   1.0000E-05   1.7783E-05   4.8665E-07  0.4170   0.0000E+00  0.0000   0.0000E+00  0.0000   0.0000E+00  0.0000
   1.7783E-05   3.1623E-05   4.8856E-07  0.5341   0.0000E+00  0.0000   0.0000E+00  0.0000   0.0000E+00  0.0000
   3.1623E-05   5.6234E-05   1.0431E-06  0.4479   0.0000E+00  0.0000   0.0000E+00  0.0000   0.0000E+00  0.0000
   5.6234E-05   1.0000E-04   8.6555E-07  0.4255   0.0000E+00  0.0000   0.0000E+00  0.0000   0.0000E+00  0.0000
   1.0000E-04   1.7783E-04   6.7396E-07  0.5543   0.0000E+00  0.0000   0.0000E+00  0.0000   0.0000E+00  0.0000
   1.7783E-04   3.1623E-04   7.2732E-07  0.5969   0.0000E+00  0.0000   0.0000E+00  0.0000   0.0000E+00  0.0000
   3.1623E-04   5.6234E-04   3.6513E-07  0.4853   0.0000E+00  0.0000   0.0000E+00  0.0000   0.0000E+00  0.0000
   5.6234E-04   1.0000E-03   5.3822E-07  0.5660   0.0000E+00  0.0000   0.0000E+00  0.0000   1.4478E-17  0.4571
   1.0000E-03   1.7783E-03   5.7326E-07  0.4712   0.0000E+00  0.0000   0.0000E+00  0.0000   1.0381E-12  0.3847
   1.7783E-03   3.1623E-03   9.3675E-07  0.5589   0.0000E+00  0.0000   0.0000E+00  0.0000   1.6764E-12  0.3847
   3.1623E-03   5.6234E-03   5.2455E-07  0.5739   0.0000E+00  0.0000   0.0000E+00  0.0000   2.5305E-12  0.3847
   5.6234E-03   1.0000E-02   8.4471E-07  0.4540   0.0000E+00  0.0000   0.0000E+00  0.0000   3.4920E-12  0.3847
   1.0000E-02   1.7783E-02   1.3009E-06  0.5456   0.0000E+00  0.0000   0.0000E+00  0.0000   4.6836E-12  0.3847
   1.7783E-02   3.1623E-02   7.7790E-07  0.4759   0.0000E+00  0.0000   0.0000E+00  0.0000   6.7100E-12  0.3847
   3.1623E-02   5.6234E-02   1.0503E-06  0.3848   0.0000E+00  0.0000   0.0000E+00  0.0000   1.0069E-11  0.3847
   5.6234E-02   1.0000E-01   1.3853E-06  0.5238   0.0000E+00  0.0000   0.0000E+00  0.0000   1.6472E-11  0.3847
   1.0000E-01   1.7783E-01   1.7916E-06  0.3941   0.0000E+00  0.0000   0.0000E+00  0.0000   3.0394E-11  0.3847
   1.7783E-01   3.1623E-01   1.9296E-06  0.4930   0.0000E+00  0.0000   0.0000E+00  0.0000   6.4574E-11  0.3847
   3.1623E-01   5.6234E-01   1.5315E-06  0.3898   0.0000E+00  0.0000   0.0000E+00  0.0000   1.5386E-10  0.3847
   5.6234E-01   1.0000E+00   2.9680E-06  0.4746   0.0000E+00  0.0000   0.0000E+00  0.0000   3.8839E-10  0.3847
   1.0000E+00   1.7783E+00   3.2590E-06  0.4026   0.0000E+00  0.0000   0.0000E+00  0.0000   9.9638E-10  0.3858
   1.7783E+00   3.1623E+00   2.9824E-06  0.5206   0.0000E+00  0.0000   0.0000E+00  0.0000   2.3476E-09  0.3909
   3.1623E+00   5.6234E+00   2.7721E-06  0.4456   0.0000E+00  0.0000   0.0000E+00  0.0000   5.0089E-09  0.3931
   5.6234E+00   1.0000E+01   1.4563E-06  0.4945   0.0000E+00  0.0000   0.0000E+00  0.0000   1.1755E-08  0.3944
   1.0000E+01   1.7783E+01   2.5340E-06  0.5426   0.0000E+00  0.0000   0.0000E+00  0.0000   2.4190E-08  0.4653
   1.7783E+01   3.1623E+01   2.7248E-06  0.5961   0.0000E+00  0.0000   0.0000E+00  0.0000   5.4964E-08  0.5363
   3.1623E+01   5.6234E+01   1.1684E-06  0.5122   0.0000E+00  0.0000   0.0000E+00  0.0000   1.1556E-07  0.5312
   5.6234E+01   1.0000E+02   9.6004E-06  0.4583   0.0000E+00  0.0000   0.0000E+00  0.0000   1.8233E-07  0.4656
   1.0000E+02   1.7783E+02   7.7770E-06  0.5212   0.0000E+00  0.0000   0.0000E+00  0.0000   1.5534E-07  0.7121
   1.7783E+02   3.1623E+02   5.0065E-06  0.6738   0.0000E+00  0.0000   0.0000E+00  0.0000   1.3884E-07  0.7075
   3.1623E+02   5.6234E+02   4.6464E-07  0.5425   0.0000E+00  0.0000   0.0000E+00  0.0000   1.1945E-07  0.9699
   5.6234E+02   1.0000E+03   4.2693E-09  1.0000   0.0000E+00  0.0000   0.0000E+00  0.0000   1.7305E-07  0.7422
   1.0000E+03   1.7783E+03   5.8604E-08  1.0000   0.0000E+00  0.0000   0.0000E+00  0.0000   6.7282E-08  1.0000
   1.7783E+03   3.1623E+03   0.0000E+00  0.0000   0.0000E+00  0.0000   0.0000E+00  0.0000   0.0000E+00  0.0000
   3.1623E+03   5.6234E+03   0.0000E+00  0.0000   0.0000E+00  0.0000   0.0000E+00  0.0000   0.0000E+00  0.0000
   5.6234E+03   1.0000E+04   0.0000E+00  0.0000   0.0000E+00  0.0000   0.0000E+00  0.0000   0.0000E+00  0.0000
   1.0000E+04   1.7783E+04   0.0000E+00  0.0000   0.0000E+00  0.0000   0.0000E+00  0.0000   0.0000E+00  0.0000
   1.7783E+04   3.1623E+04   0.0000E+00  0.0000   0.0000E+00  0.0000   0.0000E+00  0.0000   0.0000E+00  0.0000
   3.1623E+04   5.6234E+04   0.0000E+00  0.0000   0.0000E+00  0.0000   0.0000E+00  0.0000   0.0000E+00  0.0000
   5.6234E+04   1.0000E+05   0.0000E+00  0.0000   0.0000E+00  0.0000   0.0000E+00  0.0000   0.0000E+00  0.0000

#   sum over                 1.1670E-04  0.3582   0.0000E+00  0.0000   0.0000E+00  0.0000   1.0518E-06  0.5407

'no. = 22, (ix,iy,iz) = (  1,  1, 22)'
msuc: {\huge Flux spectra vs depth in concrete}
msdr: {\it plotted by \ANGEL \version}
msdl: {\it calculated by \PHITS  3.36}
wt: s(0.7)
\vspace{-3}
   vol  &=&   2.8800E+07 [cm^3]
  xmin  &=&  -6.0000E+02 [cm]
  xmax  &=&   6.0000E+02 [cm]
  ymin  &=&  -6.0000E+02 [cm]
  ymax  &=&   6.0000E+02 [cm]
  zmin  &=&  -2.8000E+02 [cm]
  zmax  &=&  -2.6000E+02 [cm]
e:

#------------------------------------------------------------------------------
 newpage:
#   no. = 23   ix  =  1   iy  =  1   iz  = 23
#   x = (  -6.0000E+02  -   6.0000E+02  )
#   y = (  -6.0000E+02  -   6.0000E+02  )
#   z = (  -2.6000E+02  -  -2.4000E+02  )

x: Energy [MeV/n]
y: Flux [1/cm^2/source]              
p: xlog ylog afac(0.8) form(0.9)
h: n            x            y(neutron ),hh0l n y(muon-   ),hh0dr n y(muon+   ),hh0ub n y(proton  ),hh0mg n 
#  e-lower      e-upper        neutron   r.err      muon-     r.err      muon+     r.err      proton    r.err 
   1.0000E-10   1.7783E-10   0.0000E+00  0.0000   0.0000E+00  0.0000   0.0000E+00  0.0000   0.0000E+00  0.0000
   1.7783E-10   3.1623E-10   2.4877E-09  0.5984   0.0000E+00  0.0000   0.0000E+00  0.0000   0.0000E+00  0.0000
   3.1623E-10   5.6234E-10   1.8052E-09  0.4484   0.0000E+00  0.0000   0.0000E+00  0.0000   0.0000E+00  0.0000
   5.6234E-10   1.0000E-09   1.1429E-08  0.5917   0.0000E+00  0.0000   0.0000E+00  0.0000   0.0000E+00  0.0000
   1.0000E-09   1.7783E-09   1.8684E-08  0.4755   0.0000E+00  0.0000   0.0000E+00  0.0000   0.0000E+00  0.0000
   1.7783E-09   3.1623E-09   1.8913E-07  0.4169   0.0000E+00  0.0000   0.0000E+00  0.0000   0.0000E+00  0.0000
   3.1623E-09   5.6234E-09   6.7727E-07  0.4193   0.0000E+00  0.0000   0.0000E+00  0.0000   0.0000E+00  0.0000
   5.6234E-09   1.0000E-08   1.4052E-06  0.4168   0.0000E+00  0.0000   0.0000E+00  0.0000   0.0000E+00  0.0000
   1.0000E-08   1.7783E-08   4.9956E-06  0.4089   0.0000E+00  0.0000   0.0000E+00  0.0000   0.0000E+00  0.0000
   1.7783E-08   3.1623E-08   1.0332E-05  0.4453   0.0000E+00  0.0000   0.0000E+00  0.0000   0.0000E+00  0.0000
   3.1623E-08   5.6234E-08   1.4981E-05  0.3826   0.0000E+00  0.0000   0.0000E+00  0.0000   0.0000E+00  0.0000
   5.6234E-08   1.0000E-07   1.4584E-05  0.4534   0.0000E+00  0.0000   0.0000E+00  0.0000   0.0000E+00  0.0000
   1.0000E-07   1.7783E-07   6.8036E-06  0.4113   0.0000E+00  0.0000   0.0000E+00  0.0000   0.0000E+00  0.0000
   1.7783E-07   3.1623E-07   1.3216E-06  0.3698   0.0000E+00  0.0000   0.0000E+00  0.0000   0.0000E+00  0.0000
   3.1623E-07   5.6234E-07   3.9612E-07  0.6274   0.0000E+00  0.0000   0.0000E+00  0.0000   0.0000E+00  0.0000
   5.6234E-07   1.0000E-06   9.5329E-07  0.4960   0.0000E+00  0.0000   0.0000E+00  0.0000   0.0000E+00  0.0000
   1.0000E-06   1.7783E-06   4.6769E-07  0.3832   0.0000E+00  0.0000   0.0000E+00  0.0000   0.0000E+00  0.0000
   1.7783E-06   3.1623E-06   7.2127E-07  0.4232   0.0000E+00  0.0000   0.0000E+00  0.0000   0.0000E+00  0.0000
   3.1623E-06   5.6234E-06   6.1014E-07  0.5606   0.0000E+00  0.0000   0.0000E+00  0.0000   0.0000E+00  0.0000
   5.6234E-06   1.0000E-05   6.8799E-07  0.6179   0.0000E+00  0.0000   0.0000E+00  0.0000   0.0000E+00  0.0000
   1.0000E-05   1.7783E-05   9.3376E-07  0.4601   0.0000E+00  0.0000   0.0000E+00  0.0000   0.0000E+00  0.0000
   1.7783E-05   3.1623E-05   7.8559E-07  0.4133   0.0000E+00  0.0000   0.0000E+00  0.0000   0.0000E+00  0.0000
   3.1623E-05   5.6234E-05   7.6436E-07  0.5042   0.0000E+00  0.0000   0.0000E+00  0.0000   0.0000E+00  0.0000
   5.6234E-05   1.0000E-04   5.6663E-07  0.4779   0.0000E+00  0.0000   0.0000E+00  0.0000   0.0000E+00  0.0000
   1.0000E-04   1.7783E-04   1.4143E-06  0.6053   0.0000E+00  0.0000   0.0000E+00  0.0000   0.0000E+00  0.0000
   1.7783E-04   3.1623E-04   2.2920E-07  0.5145   0.0000E+00  0.0000   0.0000E+00  0.0000   0.0000E+00  0.0000
   3.1623E-04   5.6234E-04   1.0286E-06  0.8126   0.0000E+00  0.0000   0.0000E+00  0.0000   0.0000E+00  0.0000
   5.6234E-04   1.0000E-03   9.3179E-07  0.4589   0.0000E+00  0.0000   0.0000E+00  0.0000   1.5652E-17  0.5255
   1.0000E-03   1.7783E-03   1.4959E-06  0.4922   0.0000E+00  0.0000   0.0000E+00  0.0000   6.4776E-13  0.4920
   1.7783E-03   3.1623E-03   8.9005E-07  0.4056   0.0000E+00  0.0000   0.0000E+00  0.0000   1.0470E-12  0.4917
   3.1623E-03   5.6234E-03   7.0847E-07  0.5568   0.0000E+00  0.0000   0.0000E+00  0.0000   1.5805E-12  0.4917
   5.6234E-03   1.0000E-02   9.1821E-07  0.4209   0.0000E+00  0.0000   0.0000E+00  0.0000   2.1810E-12  0.4917
   1.0000E-02   1.7783E-02   5.3423E-07  0.5805   0.0000E+00  0.0000   0.0000E+00  0.0000   2.9253E-12  0.4917
   1.7783E-02   3.1623E-02   2.1473E-06  0.5621   0.0000E+00  0.0000   0.0000E+00  0.0000   4.1908E-12  0.4917
   3.1623E-02   5.6234E-02   7.2803E-07  0.4940   0.0000E+00  0.0000   0.0000E+00  0.0000   6.2889E-12  0.4917
   5.6234E-02   1.0000E-01   4.5466E-07  0.5891   0.0000E+00  0.0000   0.0000E+00  0.0000   1.0288E-11  0.4917
   1.0000E-01   1.7783E-01   1.4346E-06  0.5180   0.0000E+00  0.0000   0.0000E+00  0.0000   1.8983E-11  0.4917
   1.7783E-01   3.1623E-01   1.4397E-06  0.5550   0.0000E+00  0.0000   0.0000E+00  0.0000   4.0331E-11  0.4917
   3.1623E-01   5.6234E-01   1.0626E-06  0.5826   0.0000E+00  0.0000   0.0000E+00  0.0000   9.6096E-11  0.4917
   5.6234E-01   1.0000E+00   2.8868E-06  0.4782   0.0000E+00  0.0000   0.0000E+00  0.0000   2.4160E-10  0.4902
   1.0000E+00   1.7783E+00   4.9601E-06  0.5060   0.0000E+00  0.0000   0.0000E+00  0.0000   6.1209E-10  0.4893
   1.7783E+00   3.1623E+00   3.8604E-06  0.4221   0.0000E+00  0.0000   0.0000E+00  0.0000   1.4905E-09  0.5130
   3.1623E+00   5.6234E+00   5.5408E-06  0.5740   0.0000E+00  0.0000   0.0000E+00  0.0000   3.5144E-09  0.5285
   5.6234E+00   1.0000E+01   1.6996E-06  0.3996   0.0000E+00  0.0000   0.0000E+00  0.0000   8.8742E-09  0.5568
   1.0000E+01   1.7783E+01   1.6195E-06  0.4931   0.0000E+00  0.0000   0.0000E+00  0.0000   2.1076E-08  0.5174
   1.7783E+01   3.1623E+01   7.2721E-07  0.4844   0.0000E+00  0.0000   0.0000E+00  0.0000   4.6121E-08  0.5122
   3.1623E+01   5.6234E+01   1.9097E-06  0.6013   0.0000E+00  0.0000   0.0000E+00  0.0000   7.0594E-08  0.5608
   5.6234E+01   1.0000E+02   6.8301E-06  0.5592   0.0000E+00  0.0000   0.0000E+00  0.0000   9.4335E-08  0.7260
   1.0000E+02   1.7783E+02   8.2496E-06  0.5100   0.0000E+00  0.0000   0.0000E+00  0.0000   1.3973E-07  0.6259
   1.7783E+02   3.1623E+02   5.8470E-06  0.6468   0.0000E+00  0.0000   0.0000E+00  0.0000   1.1939E-07  0.7195
   3.1623E+02   5.6234E+02   8.1884E-07  0.5338   0.0000E+00  0.0000   0.0000E+00  0.0000   1.4704E-08  0.7246
   5.6234E+02   1.0000E+03   1.8110E-07  1.0000   0.0000E+00  0.0000   0.0000E+00  0.0000   2.0685E-07  0.7105
   1.0000E+03   1.7783E+03   1.1012E-07  1.0000   0.0000E+00  0.0000   0.0000E+00  0.0000   1.1467E-07  1.0000
   1.7783E+03   3.1623E+03   0.0000E+00  0.0000   0.0000E+00  0.0000   0.0000E+00  0.0000   0.0000E+00  0.0000
   3.1623E+03   5.6234E+03   0.0000E+00  0.0000   0.0000E+00  0.0000   0.0000E+00  0.0000   0.0000E+00  0.0000
   5.6234E+03   1.0000E+04   0.0000E+00  0.0000   0.0000E+00  0.0000   0.0000E+00  0.0000   0.0000E+00  0.0000
   1.0000E+04   1.7783E+04   0.0000E+00  0.0000   0.0000E+00  0.0000   0.0000E+00  0.0000   0.0000E+00  0.0000
   1.7783E+04   3.1623E+04   0.0000E+00  0.0000   0.0000E+00  0.0000   0.0000E+00  0.0000   0.0000E+00  0.0000
   3.1623E+04   5.6234E+04   0.0000E+00  0.0000   0.0000E+00  0.0000   0.0000E+00  0.0000   0.0000E+00  0.0000
   5.6234E+04   1.0000E+05   0.0000E+00  0.0000   0.0000E+00  0.0000   0.0000E+00  0.0000   0.0000E+00  0.0000

#   sum over                 1.2287E-04  0.3474   0.0000E+00  0.0000   0.0000E+00  0.0000   8.4240E-07  0.6225

'no. = 23, (ix,iy,iz) = (  1,  1, 23)'
msuc: {\huge Flux spectra vs depth in concrete}
msdr: {\it plotted by \ANGEL \version}
msdl: {\it calculated by \PHITS  3.36}
wt: s(0.7)
\vspace{-3}
   vol  &=&   2.8800E+07 [cm^3]
  xmin  &=&  -6.0000E+02 [cm]
  xmax  &=&   6.0000E+02 [cm]
  ymin  &=&  -6.0000E+02 [cm]
  ymax  &=&   6.0000E+02 [cm]
  zmin  &=&  -2.6000E+02 [cm]
  zmax  &=&  -2.4000E+02 [cm]
e:

#------------------------------------------------------------------------------
 newpage:
#   no. = 24   ix  =  1   iy  =  1   iz  = 24
#   x = (  -6.0000E+02  -   6.0000E+02  )
#   y = (  -6.0000E+02  -   6.0000E+02  )
#   z = (  -2.4000E+02  -  -2.2000E+02  )

x: Energy [MeV/n]
y: Flux [1/cm^2/source]              
p: xlog ylog afac(0.8) form(0.9)
h: n            x            y(neutron ),hh0l n y(muon-   ),hh0dr n y(muon+   ),hh0ub n y(proton  ),hh0mg n 
#  e-lower      e-upper        neutron   r.err      muon-     r.err      muon+     r.err      proton    r.err 
   1.0000E-10   1.7783E-10   0.0000E+00  0.0000   0.0000E+00  0.0000   0.0000E+00  0.0000   0.0000E+00  0.0000
   1.7783E-10   3.1623E-10   1.8545E-10  1.0000   0.0000E+00  0.0000   0.0000E+00  0.0000   0.0000E+00  0.0000
   3.1623E-10   5.6234E-10   4.3354E-09  0.7014   0.0000E+00  0.0000   0.0000E+00  0.0000   0.0000E+00  0.0000
   5.6234E-10   1.0000E-09   3.5611E-08  0.7364   0.0000E+00  0.0000   0.0000E+00  0.0000   0.0000E+00  0.0000
   1.0000E-09   1.7783E-09   5.4019E-08  0.6481   0.0000E+00  0.0000   0.0000E+00  0.0000   0.0000E+00  0.0000
   1.7783E-09   3.1623E-09   2.9536E-07  0.3971   0.0000E+00  0.0000   0.0000E+00  0.0000   0.0000E+00  0.0000
   3.1623E-09   5.6234E-09   9.9266E-07  0.4596   0.0000E+00  0.0000   0.0000E+00  0.0000   0.0000E+00  0.0000
   5.6234E-09   1.0000E-08   2.9796E-06  0.4136   0.0000E+00  0.0000   0.0000E+00  0.0000   0.0000E+00  0.0000
   1.0000E-08   1.7783E-08   7.9980E-06  0.4240   0.0000E+00  0.0000   0.0000E+00  0.0000   0.0000E+00  0.0000
   1.7783E-08   3.1623E-08   1.4154E-05  0.4177   0.0000E+00  0.0000   0.0000E+00  0.0000   0.0000E+00  0.0000
   3.1623E-08   5.6234E-08   2.0869E-05  0.4139   0.0000E+00  0.0000   0.0000E+00  0.0000   0.0000E+00  0.0000
   5.6234E-08   1.0000E-07   2.2912E-05  0.4362   0.0000E+00  0.0000   0.0000E+00  0.0000   0.0000E+00  0.0000
   1.0000E-07   1.7783E-07   8.5994E-06  0.4027   0.0000E+00  0.0000   0.0000E+00  0.0000   0.0000E+00  0.0000
   1.7783E-07   3.1623E-07   2.2648E-06  0.4688   0.0000E+00  0.0000   0.0000E+00  0.0000   0.0000E+00  0.0000
   3.1623E-07   5.6234E-07   1.7018E-06  0.6046   0.0000E+00  0.0000   0.0000E+00  0.0000   0.0000E+00  0.0000
   5.6234E-07   1.0000E-06   2.8177E-06  0.6431   0.0000E+00  0.0000   0.0000E+00  0.0000   0.0000E+00  0.0000
   1.0000E-06   1.7783E-06   2.0043E-06  0.4887   0.0000E+00  0.0000   0.0000E+00  0.0000   0.0000E+00  0.0000
   1.7783E-06   3.1623E-06   1.1657E-06  0.5372   0.0000E+00  0.0000   0.0000E+00  0.0000   0.0000E+00  0.0000
   3.1623E-06   5.6234E-06   1.2187E-06  0.5573   0.0000E+00  0.0000   0.0000E+00  0.0000   0.0000E+00  0.0000
   5.6234E-06   1.0000E-05   1.1710E-06  0.5395   0.0000E+00  0.0000   0.0000E+00  0.0000   0.0000E+00  0.0000
   1.0000E-05   1.7783E-05   1.0589E-06  0.5958   0.0000E+00  0.0000   0.0000E+00  0.0000   0.0000E+00  0.0000
   1.7783E-05   3.1623E-05   1.8164E-06  0.5571   0.0000E+00  0.0000   0.0000E+00  0.0000   0.0000E+00  0.0000
   3.1623E-05   5.6234E-05   1.1086E-06  0.4650   0.0000E+00  0.0000   0.0000E+00  0.0000   0.0000E+00  0.0000
   5.6234E-05   1.0000E-04   8.0414E-07  0.4866   0.0000E+00  0.0000   0.0000E+00  0.0000   0.0000E+00  0.0000
   1.0000E-04   1.7783E-04   1.8805E-06  0.4893   0.0000E+00  0.0000   0.0000E+00  0.0000   0.0000E+00  0.0000
   1.7783E-04   3.1623E-04   1.4391E-06  0.4477   0.0000E+00  0.0000   0.0000E+00  0.0000   0.0000E+00  0.0000
   3.1623E-04   5.6234E-04   1.0669E-06  0.4640   0.0000E+00  0.0000   0.0000E+00  0.0000   0.0000E+00  0.0000
   5.6234E-04   1.0000E-03   1.0984E-06  0.4733   0.0000E+00  0.0000   0.0000E+00  0.0000   5.0806E-17  0.4207
   1.0000E-03   1.7783E-03   1.9931E-06  0.5881   0.0000E+00  0.0000   0.0000E+00  0.0000   1.9841E-12  0.4137
   1.7783E-03   3.1623E-03   1.2279E-06  0.3866   0.0000E+00  0.0000   0.0000E+00  0.0000   3.2041E-12  0.4137
   3.1623E-03   5.6234E-03   1.1896E-06  0.6152   0.0000E+00  0.0000   0.0000E+00  0.0000   4.8367E-12  0.4137
   5.6234E-03   1.0000E-02   3.2142E-06  0.6925   0.0000E+00  0.0000   0.0000E+00  0.0000   6.6743E-12  0.4137
   1.0000E-02   1.7783E-02   6.1251E-07  0.5085   0.0000E+00  0.0000   0.0000E+00  0.0000   8.9520E-12  0.4137
   1.7783E-02   3.1623E-02   1.1017E-06  0.5096   0.0000E+00  0.0000   0.0000E+00  0.0000   1.2825E-11  0.4137
   3.1623E-02   5.6234E-02   1.5166E-06  0.5537   0.0000E+00  0.0000   0.0000E+00  0.0000   1.9246E-11  0.4137
   5.6234E-02   1.0000E-01   1.3876E-06  0.6394   0.0000E+00  0.0000   0.0000E+00  0.0000   3.1483E-11  0.4137
   1.0000E-01   1.7783E-01   1.5768E-06  0.5492   0.0000E+00  0.0000   0.0000E+00  0.0000   5.8094E-11  0.4137
   1.7783E-01   3.1623E-01   1.7528E-06  0.5316   0.0000E+00  0.0000   0.0000E+00  0.0000   1.2342E-10  0.4137
   3.1623E-01   5.6234E-01   5.2257E-06  0.6629   0.0000E+00  0.0000   0.0000E+00  0.0000   2.9408E-10  0.4137
   5.6234E-01   1.0000E+00   4.0958E-06  0.4089   0.0000E+00  0.0000   0.0000E+00  0.0000   7.4234E-10  0.4137
   1.0000E+00   1.7783E+00   6.6272E-06  0.4800   0.0000E+00  0.0000   0.0000E+00  0.0000   1.8994E-09  0.4149
   1.7783E+00   3.1623E+00   6.4038E-06  0.4662   0.0000E+00  0.0000   0.0000E+00  0.0000   4.5754E-09  0.4180
   3.1623E+00   5.6234E+00   9.0391E-06  0.4966   0.0000E+00  0.0000   0.0000E+00  0.0000   9.5207E-09  0.4224
   5.6234E+00   1.0000E+01   4.7577E-06  0.4286   0.0000E+00  0.0000   0.0000E+00  0.0000   1.8940E-08  0.4427
   1.0000E+01   1.7783E+01   6.1744E-06  0.4799   0.0000E+00  0.0000   0.0000E+00  0.0000   3.9410E-08  0.4345
   1.7783E+01   3.1623E+01   2.0109E-06  0.4570   0.0000E+00  0.0000   0.0000E+00  0.0000   7.8806E-08  0.4959
   3.1623E+01   5.6234E+01   1.9285E-06  0.6586   0.0000E+00  0.0000   0.0000E+00  0.0000   1.9972E-07  0.5299
   5.6234E+01   1.0000E+02   5.9464E-06  0.4742   0.0000E+00  0.0000   0.0000E+00  0.0000   3.0451E-07  0.6828
   1.0000E+02   1.7783E+02   1.1655E-05  0.5481   0.0000E+00  0.0000   0.0000E+00  0.0000   8.2168E-08  0.7387
   1.7783E+02   3.1623E+02   7.8445E-06  0.6910   0.0000E+00  0.0000   0.0000E+00  0.0000   1.4416E-07  0.9902
   3.1623E+02   5.6234E+02   1.1897E-06  0.5473   0.0000E+00  0.0000   0.0000E+00  0.0000   0.0000E+00  0.0000
   5.6234E+02   1.0000E+03   2.5665E-07  1.0000   0.0000E+00  0.0000   0.0000E+00  0.0000   2.7471E-07  0.7165
   1.0000E+03   1.7783E+03   1.1651E-07  1.0000   0.0000E+00  0.0000   0.0000E+00  0.0000   1.6813E-07  1.0000
   1.7783E+03   3.1623E+03   0.0000E+00  0.0000   0.0000E+00  0.0000   0.0000E+00  0.0000   0.0000E+00  0.0000
   3.1623E+03   5.6234E+03   0.0000E+00  0.0000   0.0000E+00  0.0000   0.0000E+00  0.0000   0.0000E+00  0.0000
   5.6234E+03   1.0000E+04   0.0000E+00  0.0000   0.0000E+00  0.0000   0.0000E+00  0.0000   0.0000E+00  0.0000
   1.0000E+04   1.7783E+04   0.0000E+00  0.0000   0.0000E+00  0.0000   0.0000E+00  0.0000   0.0000E+00  0.0000
   1.7783E+04   3.1623E+04   0.0000E+00  0.0000   0.0000E+00  0.0000   0.0000E+00  0.0000   0.0000E+00  0.0000
   3.1623E+04   5.6234E+04   0.0000E+00  0.0000   0.0000E+00  0.0000   0.0000E+00  0.0000   0.0000E+00  0.0000
   5.6234E+04   1.0000E+05   0.0000E+00  0.0000   0.0000E+00  0.0000   0.0000E+00  0.0000   0.0000E+00  0.0000

#   sum over                 1.9036E-04  0.3761   0.0000E+00  0.0000   0.0000E+00  0.0000   1.3279E-06  0.5683

'no. = 24, (ix,iy,iz) = (  1,  1, 24)'
msuc: {\huge Flux spectra vs depth in concrete}
msdr: {\it plotted by \ANGEL \version}
msdl: {\it calculated by \PHITS  3.36}
wt: s(0.7)
\vspace{-3}
   vol  &=&   2.8800E+07 [cm^3]
  xmin  &=&  -6.0000E+02 [cm]
  xmax  &=&   6.0000E+02 [cm]
  ymin  &=&  -6.0000E+02 [cm]
  ymax  &=&   6.0000E+02 [cm]
  zmin  &=&  -2.4000E+02 [cm]
  zmax  &=&  -2.2000E+02 [cm]
e:

#------------------------------------------------------------------------------
 newpage:
#   no. = 25   ix  =  1   iy  =  1   iz  = 25
#   x = (  -6.0000E+02  -   6.0000E+02  )
#   y = (  -6.0000E+02  -   6.0000E+02  )
#   z = (  -2.2000E+02  -  -2.0000E+02  )

x: Energy [MeV/n]
y: Flux [1/cm^2/source]              
p: xlog ylog afac(0.8) form(0.9)
h: n            x            y(neutron ),hh0l n y(muon-   ),hh0dr n y(muon+   ),hh0ub n y(proton  ),hh0mg n 
#  e-lower      e-upper        neutron   r.err      muon-     r.err      muon+     r.err      proton    r.err 
   1.0000E-10   1.7783E-10   1.7937E-12  1.0000   0.0000E+00  0.0000   0.0000E+00  0.0000   0.0000E+00  0.0000
   1.7783E-10   3.1623E-10   5.2709E-10  0.7325   0.0000E+00  0.0000   0.0000E+00  0.0000   0.0000E+00  0.0000
   3.1623E-10   5.6234E-10   5.0043E-09  0.6386   0.0000E+00  0.0000   0.0000E+00  0.0000   0.0000E+00  0.0000
   5.6234E-10   1.0000E-09   1.4578E-08  0.4872   0.0000E+00  0.0000   0.0000E+00  0.0000   0.0000E+00  0.0000
   1.0000E-09   1.7783E-09   2.5528E-07  0.5017   0.0000E+00  0.0000   0.0000E+00  0.0000   0.0000E+00  0.0000
   1.7783E-09   3.1623E-09   4.6788E-07  0.3605   0.0000E+00  0.0000   0.0000E+00  0.0000   0.0000E+00  0.0000
   3.1623E-09   5.6234E-09   9.7905E-07  0.3671   0.0000E+00  0.0000   0.0000E+00  0.0000   0.0000E+00  0.0000
   5.6234E-09   1.0000E-08   4.0505E-06  0.3401   0.0000E+00  0.0000   0.0000E+00  0.0000   0.0000E+00  0.0000
   1.0000E-08   1.7783E-08   8.8639E-06  0.3658   0.0000E+00  0.0000   0.0000E+00  0.0000   0.0000E+00  0.0000
   1.7783E-08   3.1623E-08   1.8240E-05  0.3416   0.0000E+00  0.0000   0.0000E+00  0.0000   0.0000E+00  0.0000
   3.1623E-08   5.6234E-08   2.7426E-05  0.3612   0.0000E+00  0.0000   0.0000E+00  0.0000   0.0000E+00  0.0000
   5.6234E-08   1.0000E-07   2.6117E-05  0.3586   0.0000E+00  0.0000   0.0000E+00  0.0000   0.0000E+00  0.0000
   1.0000E-07   1.7783E-07   1.2324E-05  0.3858   0.0000E+00  0.0000   0.0000E+00  0.0000   0.0000E+00  0.0000
   1.7783E-07   3.1623E-07   2.7673E-06  0.3905   0.0000E+00  0.0000   0.0000E+00  0.0000   0.0000E+00  0.0000
   3.1623E-07   5.6234E-07   1.3208E-06  0.3938   0.0000E+00  0.0000   0.0000E+00  0.0000   0.0000E+00  0.0000
   5.6234E-07   1.0000E-06   1.3019E-06  0.4894   0.0000E+00  0.0000   0.0000E+00  0.0000   0.0000E+00  0.0000
   1.0000E-06   1.7783E-06   1.5611E-06  0.4003   0.0000E+00  0.0000   0.0000E+00  0.0000   0.0000E+00  0.0000
   1.7783E-06   3.1623E-06   8.2804E-07  0.4322   0.0000E+00  0.0000   0.0000E+00  0.0000   0.0000E+00  0.0000
   3.1623E-06   5.6234E-06   1.1535E-06  0.5186   0.0000E+00  0.0000   0.0000E+00  0.0000   0.0000E+00  0.0000
   5.6234E-06   1.0000E-05   1.3387E-06  0.4729   0.0000E+00  0.0000   0.0000E+00  0.0000   0.0000E+00  0.0000
   1.0000E-05   1.7783E-05   1.9296E-06  0.5528   0.0000E+00  0.0000   0.0000E+00  0.0000   0.0000E+00  0.0000
   1.7783E-05   3.1623E-05   3.2396E-06  0.3954   0.0000E+00  0.0000   0.0000E+00  0.0000   0.0000E+00  0.0000
   3.1623E-05   5.6234E-05   1.2998E-06  0.5318   0.0000E+00  0.0000   0.0000E+00  0.0000   0.0000E+00  0.0000
   5.6234E-05   1.0000E-04   2.2496E-06  0.6454   0.0000E+00  0.0000   0.0000E+00  0.0000   0.0000E+00  0.0000
   1.0000E-04   1.7783E-04   1.1516E-06  0.4231   0.0000E+00  0.0000   9.0884E-18  1.0000   0.0000E+00  0.0000
   1.7783E-04   3.1623E-04   1.7471E-06  0.4132   0.0000E+00  0.0000   0.0000E+00  0.0000   0.0000E+00  0.0000
   3.1623E-04   5.6234E-04   1.1062E-06  0.3277   0.0000E+00  0.0000   0.0000E+00  0.0000   0.0000E+00  0.0000
   5.6234E-04   1.0000E-03   2.2925E-06  0.3817   0.0000E+00  0.0000   0.0000E+00  0.0000   6.5006E-17  0.3990
   1.0000E-03   1.7783E-03   2.0243E-06  0.4591   0.0000E+00  0.0000   2.7229E-13  1.0000   2.5001E-12  0.3692
   1.7783E-03   3.1623E-03   1.3848E-06  0.4189   0.0000E+00  0.0000   1.3303E-13  1.0000   4.0373E-12  0.3692
   3.1623E-03   5.6234E-03   1.6028E-06  0.3895   0.0000E+00  0.0000   1.9654E-13  1.0000   6.0945E-12  0.3692
   5.6234E-03   1.0000E-02   8.5101E-07  0.3834   0.0000E+00  0.0000   3.1523E-13  1.0000   8.4100E-12  0.3692
   1.0000E-02   1.7783E-02   1.8500E-06  0.4843   0.0000E+00  0.0000   5.6523E-13  1.0000   1.1280E-11  0.3692
   1.7783E-02   3.1623E-02   1.9453E-06  0.4279   0.0000E+00  0.0000   1.1669E-12  1.0000   1.6160E-11  0.3692
   3.1623E-02   5.6234E-02   1.3236E-06  0.4395   0.0000E+00  0.0000   2.7262E-12  1.0000   2.4250E-11  0.3692
   5.6234E-02   1.0000E-01   1.5937E-06  0.4189   0.0000E+00  0.0000   6.8308E-12  1.0000   3.9670E-11  0.3692
   1.0000E-01   1.7783E-01   2.3321E-06  0.4140   0.0000E+00  0.0000   1.7534E-11  1.0000   7.3201E-11  0.3692
   1.7783E-01   3.1623E-01   4.7635E-06  0.4421   0.0000E+00  0.0000   4.5864E-11  1.0000   1.5552E-10  0.3692
   3.1623E-01   5.6234E-01   3.6713E-06  0.3767   0.0000E+00  0.0000   1.2294E-10  1.0000   3.7055E-10  0.3692
   5.6234E-01   1.0000E+00   6.4813E-06  0.4961   0.0000E+00  0.0000   3.3718E-10  1.0000   9.3538E-10  0.3692
   1.0000E+00   1.7783E+00   8.2004E-06  0.4094   0.0000E+00  0.0000   9.4416E-10  1.0000   2.3950E-09  0.3690
   1.7783E+00   3.1623E+00   1.1903E-05  0.3808   0.0000E+00  0.0000   2.6856E-09  1.0000   6.1217E-09  0.3716
   3.1623E+00   5.6234E+00   5.4511E-06  0.4422   0.0000E+00  0.0000   2.5382E-09  1.0000   1.4704E-08  0.3840
   5.6234E+00   1.0000E+01   4.5940E-06  0.3857   0.0000E+00  0.0000   0.0000E+00  0.0000   3.5836E-08  0.3879
   1.0000E+01   1.7783E+01   4.8394E-06  0.5024   0.0000E+00  0.0000   0.0000E+00  0.0000   6.6978E-08  0.4146
   1.7783E+01   3.1623E+01   7.2337E-06  0.5907   0.0000E+00  0.0000   0.0000E+00  0.0000   1.1525E-07  0.4344
   3.1623E+01   5.6234E+01   7.5890E-06  0.8357   0.0000E+00  0.0000   0.0000E+00  0.0000   1.9030E-07  0.4900
   5.6234E+01   1.0000E+02   1.6013E-05  0.4770   0.0000E+00  0.0000   0.0000E+00  0.0000   1.6453E-07  0.6873
   1.0000E+02   1.7783E+02   2.7427E-05  0.3686   0.0000E+00  0.0000   0.0000E+00  0.0000   2.4907E-07  0.6368
   1.7783E+02   3.1623E+02   1.0030E-05  0.6623   0.0000E+00  0.0000   0.0000E+00  0.0000   2.6461E-07  0.7012
   3.1623E+02   5.6234E+02   9.9741E-07  0.5966   0.0000E+00  0.0000   0.0000E+00  0.0000   2.1461E-07  1.0000
   5.6234E+02   1.0000E+03   1.4243E-07  1.0000   0.0000E+00  0.0000   0.0000E+00  0.0000   2.9951E-07  0.7084
   1.0000E+03   1.7783E+03   1.8238E-07  1.0000   0.0000E+00  0.0000   0.0000E+00  0.0000   2.3104E-07  1.0000
   1.7783E+03   3.1623E+03   0.0000E+00  0.0000   0.0000E+00  0.0000   0.0000E+00  0.0000   0.0000E+00  0.0000
   3.1623E+03   5.6234E+03   0.0000E+00  0.0000   0.0000E+00  0.0000   0.0000E+00  0.0000   0.0000E+00  0.0000
   5.6234E+03   1.0000E+04   0.0000E+00  0.0000   0.0000E+00  0.0000   0.0000E+00  0.0000   0.0000E+00  0.0000
   1.0000E+04   1.7783E+04   0.0000E+00  0.0000   0.0000E+00  0.0000   0.0000E+00  0.0000   0.0000E+00  0.0000
   1.7783E+04   3.1623E+04   0.0000E+00  0.0000   0.0000E+00  0.0000   0.0000E+00  0.0000   0.0000E+00  0.0000
   3.1623E+04   5.6234E+04   0.0000E+00  0.0000   0.0000E+00  0.0000   0.0000E+00  0.0000   0.0000E+00  0.0000
   5.6234E+04   1.0000E+05   0.0000E+00  0.0000   0.0000E+00  0.0000   0.0000E+00  0.0000   0.0000E+00  0.0000

#   sum over                 2.5846E-04  0.3262   0.0000E+00  0.0000   6.7037E-09  1.0000   1.8566E-06  0.5560

'no. = 25, (ix,iy,iz) = (  1,  1, 25)'
msuc: {\huge Flux spectra vs depth in concrete}
msdr: {\it plotted by \ANGEL \version}
msdl: {\it calculated by \PHITS  3.36}
wt: s(0.7)
\vspace{-3}
   vol  &=&   2.8800E+07 [cm^3]
  xmin  &=&  -6.0000E+02 [cm]
  xmax  &=&   6.0000E+02 [cm]
  ymin  &=&  -6.0000E+02 [cm]
  ymax  &=&   6.0000E+02 [cm]
  zmin  &=&  -2.2000E+02 [cm]
  zmax  &=&  -2.0000E+02 [cm]
e:

#------------------------------------------------------------------------------
 newpage:
#   no. = 26   ix  =  1   iy  =  1   iz  = 26
#   x = (  -6.0000E+02  -   6.0000E+02  )
#   y = (  -6.0000E+02  -   6.0000E+02  )
#   z = (  -2.0000E+02  -  -1.8000E+02  )

x: Energy [MeV/n]
y: Flux [1/cm^2/source]              
p: xlog ylog afac(0.8) form(0.9)
h: n            x            y(neutron ),hh0l n y(muon-   ),hh0dr n y(muon+   ),hh0ub n y(proton  ),hh0mg n 
#  e-lower      e-upper        neutron   r.err      muon-     r.err      muon+     r.err      proton    r.err 
   1.0000E-10   1.7783E-10   6.2847E-10  1.0000   0.0000E+00  0.0000   0.0000E+00  0.0000   0.0000E+00  0.0000
   1.7783E-10   3.1623E-10   4.8402E-09  0.5405   0.0000E+00  0.0000   0.0000E+00  0.0000   0.0000E+00  0.0000
   3.1623E-10   5.6234E-10   5.7880E-08  0.5973   0.0000E+00  0.0000   0.0000E+00  0.0000   0.0000E+00  0.0000
   5.6234E-10   1.0000E-09   2.8236E-08  0.6157   0.0000E+00  0.0000   0.0000E+00  0.0000   0.0000E+00  0.0000
   1.0000E-09   1.7783E-09   1.8850E-07  0.4080   0.0000E+00  0.0000   0.0000E+00  0.0000   0.0000E+00  0.0000
   1.7783E-09   3.1623E-09   1.0815E-06  0.4080   0.0000E+00  0.0000   0.0000E+00  0.0000   0.0000E+00  0.0000
   3.1623E-09   5.6234E-09   2.6226E-06  0.3780   0.0000E+00  0.0000   0.0000E+00  0.0000   0.0000E+00  0.0000
   5.6234E-09   1.0000E-08   5.2647E-06  0.3519   0.0000E+00  0.0000   0.0000E+00  0.0000   0.0000E+00  0.0000
   1.0000E-08   1.7783E-08   1.6362E-05  0.3385   0.0000E+00  0.0000   0.0000E+00  0.0000   0.0000E+00  0.0000
   1.7783E-08   3.1623E-08   2.9621E-05  0.3406   0.0000E+00  0.0000   0.0000E+00  0.0000   0.0000E+00  0.0000
   3.1623E-08   5.6234E-08   4.7492E-05  0.3534   0.0000E+00  0.0000   0.0000E+00  0.0000   0.0000E+00  0.0000
   5.6234E-08   1.0000E-07   4.6462E-05  0.3683   0.0000E+00  0.0000   0.0000E+00  0.0000   0.0000E+00  0.0000
   1.0000E-07   1.7783E-07   1.9098E-05  0.3914   0.0000E+00  0.0000   0.0000E+00  0.0000   0.0000E+00  0.0000
   1.7783E-07   3.1623E-07   6.0767E-06  0.4538   0.0000E+00  0.0000   0.0000E+00  0.0000   0.0000E+00  0.0000
   3.1623E-07   5.6234E-07   5.0812E-06  0.4681   0.0000E+00  0.0000   0.0000E+00  0.0000   0.0000E+00  0.0000
   5.6234E-07   1.0000E-06   2.2643E-06  0.4182   0.0000E+00  0.0000   0.0000E+00  0.0000   0.0000E+00  0.0000
   1.0000E-06   1.7783E-06   1.2394E-06  0.4514   0.0000E+00  0.0000   0.0000E+00  0.0000   0.0000E+00  0.0000
   1.7783E-06   3.1623E-06   1.6162E-06  0.4331   0.0000E+00  0.0000   0.0000E+00  0.0000   0.0000E+00  0.0000
   3.1623E-06   5.6234E-06   2.5455E-06  0.5249   0.0000E+00  0.0000   0.0000E+00  0.0000   0.0000E+00  0.0000
   5.6234E-06   1.0000E-05   3.9435E-06  0.5252   0.0000E+00  0.0000   0.0000E+00  0.0000   0.0000E+00  0.0000
   1.0000E-05   1.7783E-05   4.7133E-06  0.4425   0.0000E+00  0.0000   0.0000E+00  0.0000   0.0000E+00  0.0000
   1.7783E-05   3.1623E-05   2.6863E-06  0.5732   0.0000E+00  0.0000   0.0000E+00  0.0000   0.0000E+00  0.0000
   3.1623E-05   5.6234E-05   3.1568E-06  0.4779   0.0000E+00  0.0000   0.0000E+00  0.0000   0.0000E+00  0.0000
   5.6234E-05   1.0000E-04   4.9939E-06  0.5238   0.0000E+00  0.0000   0.0000E+00  0.0000   0.0000E+00  0.0000
   1.0000E-04   1.7783E-04   2.2731E-06  0.4421   0.0000E+00  0.0000   0.0000E+00  0.0000   0.0000E+00  0.0000
   1.7783E-04   3.1623E-04   2.5380E-06  0.7114   0.0000E+00  0.0000   0.0000E+00  0.0000   0.0000E+00  0.0000
   3.1623E-04   5.6234E-04   2.3294E-06  0.5758   0.0000E+00  0.0000   0.0000E+00  0.0000   0.0000E+00  0.0000
   5.6234E-04   1.0000E-03   3.0694E-06  0.5240   0.0000E+00  0.0000   0.0000E+00  0.0000   4.5446E-17  0.5138
   1.0000E-03   1.7783E-03   4.3646E-06  0.5827   0.0000E+00  0.0000   0.0000E+00  0.0000   2.3841E-12  0.4357
   1.7783E-03   3.1623E-03   1.8107E-06  0.5070   0.0000E+00  0.0000   0.0000E+00  0.0000   3.8500E-12  0.4357
   3.1623E-03   5.6234E-03   2.8578E-06  0.4182   0.0000E+00  0.0000   0.0000E+00  0.0000   5.8118E-12  0.4357
   5.6234E-03   1.0000E-02   1.7899E-06  0.4435   0.0000E+00  0.0000   0.0000E+00  0.0000   8.0198E-12  0.4357
   1.0000E-02   1.7783E-02   2.6346E-06  0.4365   0.0000E+00  0.0000   0.0000E+00  0.0000   1.0757E-11  0.4357
   1.7783E-02   3.1623E-02   2.6165E-06  0.4658   0.0000E+00  0.0000   0.0000E+00  0.0000   1.5411E-11  0.4357
   3.1623E-02   5.6234E-02   3.3408E-06  0.4388   0.0000E+00  0.0000   0.0000E+00  0.0000   2.3125E-11  0.4357
   5.6234E-02   1.0000E-01   5.9850E-06  0.4885   0.0000E+00  0.0000   0.0000E+00  0.0000   3.7829E-11  0.4357
   1.0000E-01   1.7783E-01   8.7770E-06  0.6120   0.0000E+00  0.0000   0.0000E+00  0.0000   6.9806E-11  0.4357
   1.7783E-01   3.1623E-01   8.8025E-06  0.4937   0.0000E+00  0.0000   0.0000E+00  0.0000   1.4831E-10  0.4357
   3.1623E-01   5.6234E-01   6.0695E-06  0.4707   0.0000E+00  0.0000   0.0000E+00  0.0000   3.5336E-10  0.4357
   5.6234E-01   1.0000E+00   1.3858E-05  0.4100   0.0000E+00  0.0000   0.0000E+00  0.0000   8.9199E-10  0.4357
   1.0000E+00   1.7783E+00   2.3964E-05  0.5444   0.0000E+00  0.0000   0.0000E+00  0.0000   2.2597E-09  0.4371
   1.7783E+00   3.1623E+00   1.4239E-05  0.4132   0.0000E+00  0.0000   0.0000E+00  0.0000   5.2783E-09  0.4261
   3.1623E+00   5.6234E+00   1.1783E-05  0.4892   0.0000E+00  0.0000   0.0000E+00  0.0000   1.2763E-08  0.4431
   5.6234E+00   1.0000E+01   7.4062E-06  0.4948   0.0000E+00  0.0000   0.0000E+00  0.0000   2.1281E-08  0.5722
   1.0000E+01   1.7783E+01   4.3475E-06  0.6685   0.0000E+00  0.0000   0.0000E+00  0.0000   3.3453E-08  0.6595
   1.7783E+01   3.1623E+01   2.0303E-06  0.6200   0.0000E+00  0.0000   0.0000E+00  0.0000   8.0025E-08  0.6735
   3.1623E+01   5.6234E+01   1.2734E-05  0.5354   0.0000E+00  0.0000   0.0000E+00  0.0000   1.5121E-07  0.6640
   5.6234E+01   1.0000E+02   8.7803E-06  0.5354   0.0000E+00  0.0000   0.0000E+00  0.0000   2.7591E-07  0.6175
   1.0000E+02   1.7783E+02   3.2408E-05  0.3832   0.0000E+00  0.0000   0.0000E+00  0.0000   3.7124E-07  0.6363
   1.7783E+02   3.1623E+02   1.1792E-05  0.6490   0.0000E+00  0.0000   0.0000E+00  0.0000   2.3477E-07  0.8699
   3.1623E+02   5.6234E+02   2.1968E-06  0.5985   0.0000E+00  0.0000   0.0000E+00  0.0000   2.7862E-07  0.8555
   5.6234E+02   1.0000E+03   2.4041E-07  1.0000   0.0000E+00  0.0000   0.0000E+00  0.0000   5.1573E-07  0.6213
   1.0000E+03   1.7783E+03   2.3302E-07  1.0000   0.0000E+00  0.0000   0.0000E+00  0.0000   3.8277E-07  0.7217
   1.7783E+03   3.1623E+03   0.0000E+00  0.0000   0.0000E+00  0.0000   0.0000E+00  0.0000   0.0000E+00  0.0000
   3.1623E+03   5.6234E+03   0.0000E+00  0.0000   0.0000E+00  0.0000   0.0000E+00  0.0000   0.0000E+00  0.0000
   5.6234E+03   1.0000E+04   0.0000E+00  0.0000   0.0000E+00  0.0000   0.0000E+00  0.0000   0.0000E+00  0.0000
   1.0000E+04   1.7783E+04   0.0000E+00  0.0000   0.0000E+00  0.0000   0.0000E+00  0.0000   0.0000E+00  0.0000
   1.7783E+04   3.1623E+04   0.0000E+00  0.0000   0.0000E+00  0.0000   0.0000E+00  0.0000   0.0000E+00  0.0000
   3.1623E+04   5.6234E+04   0.0000E+00  0.0000   0.0000E+00  0.0000   0.0000E+00  0.0000   0.0000E+00  0.0000
   5.6234E+04   1.0000E+05   0.0000E+00  0.0000   0.0000E+00  0.0000   0.0000E+00  0.0000   0.0000E+00  0.0000

#   sum over                 4.1187E-04  0.3430   0.0000E+00  0.0000   0.0000E+00  0.0000   2.3669E-06  0.5491

'no. = 26, (ix,iy,iz) = (  1,  1, 26)'
msuc: {\huge Flux spectra vs depth in concrete}
msdr: {\it plotted by \ANGEL \version}
msdl: {\it calculated by \PHITS  3.36}
wt: s(0.7)
\vspace{-3}
   vol  &=&   2.8800E+07 [cm^3]
  xmin  &=&  -6.0000E+02 [cm]
  xmax  &=&   6.0000E+02 [cm]
  ymin  &=&  -6.0000E+02 [cm]
  ymax  &=&   6.0000E+02 [cm]
  zmin  &=&  -2.0000E+02 [cm]
  zmax  &=&  -1.8000E+02 [cm]
e:

#------------------------------------------------------------------------------
 newpage:
#   no. = 27   ix  =  1   iy  =  1   iz  = 27
#   x = (  -6.0000E+02  -   6.0000E+02  )
#   y = (  -6.0000E+02  -   6.0000E+02  )
#   z = (  -1.8000E+02  -  -1.6000E+02  )

x: Energy [MeV/n]
y: Flux [1/cm^2/source]              
p: xlog ylog afac(0.8) form(0.9)
h: n            x            y(neutron ),hh0l n y(muon-   ),hh0dr n y(muon+   ),hh0ub n y(proton  ),hh0mg n 
#  e-lower      e-upper        neutron   r.err      muon-     r.err      muon+     r.err      proton    r.err 
   1.0000E-10   1.7783E-10   5.3005E-10  0.7308   0.0000E+00  0.0000   0.0000E+00  0.0000   0.0000E+00  0.0000
   1.7783E-10   3.1623E-10   4.8898E-09  0.7329   0.0000E+00  0.0000   0.0000E+00  0.0000   0.0000E+00  0.0000
   3.1623E-10   5.6234E-10   1.4668E-08  0.4674   0.0000E+00  0.0000   0.0000E+00  0.0000   0.0000E+00  0.0000
   5.6234E-10   1.0000E-09   4.6848E-08  0.6482   0.0000E+00  0.0000   0.0000E+00  0.0000   0.0000E+00  0.0000
   1.0000E-09   1.7783E-09   4.7226E-07  0.4723   0.0000E+00  0.0000   0.0000E+00  0.0000   0.0000E+00  0.0000
   1.7783E-09   3.1623E-09   1.0267E-06  0.4000   0.0000E+00  0.0000   0.0000E+00  0.0000   0.0000E+00  0.0000
   3.1623E-09   5.6234E-09   3.1741E-06  0.3003   0.0000E+00  0.0000   0.0000E+00  0.0000   0.0000E+00  0.0000
   5.6234E-09   1.0000E-08   1.0847E-05  0.3030   0.0000E+00  0.0000   0.0000E+00  0.0000   0.0000E+00  0.0000
   1.0000E-08   1.7783E-08   2.3964E-05  0.3006   0.0000E+00  0.0000   0.0000E+00  0.0000   0.0000E+00  0.0000
   1.7783E-08   3.1623E-08   5.3798E-05  0.2813   0.0000E+00  0.0000   0.0000E+00  0.0000   0.0000E+00  0.0000
   3.1623E-08   5.6234E-08   7.5840E-05  0.2856   0.0000E+00  0.0000   0.0000E+00  0.0000   0.0000E+00  0.0000
   5.6234E-08   1.0000E-07   7.6224E-05  0.2960   0.0000E+00  0.0000   0.0000E+00  0.0000   0.0000E+00  0.0000
   1.0000E-07   1.7783E-07   2.7117E-05  0.2855   0.0000E+00  0.0000   0.0000E+00  0.0000   0.0000E+00  0.0000
   1.7783E-07   3.1623E-07   7.5493E-06  0.3247   0.0000E+00  0.0000   0.0000E+00  0.0000   0.0000E+00  0.0000
   3.1623E-07   5.6234E-07   5.6370E-06  0.3401   0.0000E+00  0.0000   0.0000E+00  0.0000   0.0000E+00  0.0000
   5.6234E-07   1.0000E-06   3.1150E-06  0.4023   0.0000E+00  0.0000   0.0000E+00  0.0000   0.0000E+00  0.0000
   1.0000E-06   1.7783E-06   3.1047E-06  0.3313   0.0000E+00  0.0000   0.0000E+00  0.0000   0.0000E+00  0.0000
   1.7783E-06   3.1623E-06   4.8219E-06  0.3556   0.0000E+00  0.0000   0.0000E+00  0.0000   0.0000E+00  0.0000
   3.1623E-06   5.6234E-06   3.1629E-06  0.3525   0.0000E+00  0.0000   0.0000E+00  0.0000   0.0000E+00  0.0000
   5.6234E-06   1.0000E-05   4.5429E-06  0.3725   0.0000E+00  0.0000   0.0000E+00  0.0000   0.0000E+00  0.0000
   1.0000E-05   1.7783E-05   3.6415E-06  0.4192   0.0000E+00  0.0000   0.0000E+00  0.0000   0.0000E+00  0.0000
   1.7783E-05   3.1623E-05   3.9054E-06  0.4001   0.0000E+00  0.0000   0.0000E+00  0.0000   0.0000E+00  0.0000
   3.1623E-05   5.6234E-05   3.8335E-06  0.5069   0.0000E+00  0.0000   0.0000E+00  0.0000   0.0000E+00  0.0000
   5.6234E-05   1.0000E-04   4.6379E-06  0.4852   0.0000E+00  0.0000   0.0000E+00  0.0000   0.0000E+00  0.0000
   1.0000E-04   1.7783E-04   4.1771E-06  0.4369   0.0000E+00  0.0000   0.0000E+00  0.0000   0.0000E+00  0.0000
   1.7783E-04   3.1623E-04   5.2450E-06  0.4131   0.0000E+00  0.0000   0.0000E+00  0.0000   0.0000E+00  0.0000
   3.1623E-04   5.6234E-04   4.1897E-06  0.3294   0.0000E+00  0.0000   0.0000E+00  0.0000   0.0000E+00  0.0000
   5.6234E-04   1.0000E-03   4.5409E-06  0.4542   0.0000E+00  0.0000   0.0000E+00  0.0000   1.3287E-16  0.4022
   1.0000E-03   1.7783E-03   4.8225E-06  0.3819   0.0000E+00  0.0000   0.0000E+00  0.0000   6.9043E-12  0.4103
   1.7783E-03   3.1623E-03   4.9870E-06  0.4276   0.0000E+00  0.0000   0.0000E+00  0.0000   1.1150E-11  0.4103
   3.1623E-03   5.6234E-03   7.6536E-06  0.4071   0.0000E+00  0.0000   0.0000E+00  0.0000   1.6831E-11  0.4103
   5.6234E-03   1.0000E-02   4.3135E-06  0.3886   0.0000E+00  0.0000   0.0000E+00  0.0000   2.3226E-11  0.4103
   1.0000E-02   1.7783E-02   3.7977E-06  0.3753   0.0000E+00  0.0000   0.0000E+00  0.0000   3.1152E-11  0.4103
   1.7783E-02   3.1623E-02   7.2579E-06  0.3693   0.0000E+00  0.0000   0.0000E+00  0.0000   4.4630E-11  0.4103
   3.1623E-02   5.6234E-02   7.2087E-06  0.3647   0.0000E+00  0.0000   0.0000E+00  0.0000   6.6973E-11  0.4103
   5.6234E-02   1.0000E-01   5.6677E-06  0.4979   0.0000E+00  0.0000   0.0000E+00  0.0000   1.0956E-10  0.4103
   1.0000E-01   1.7783E-01   1.0787E-05  0.4503   0.0000E+00  0.0000   0.0000E+00  0.0000   2.0216E-10  0.4103
   1.7783E-01   3.1623E-01   1.1346E-05  0.4605   0.0000E+00  0.0000   0.0000E+00  0.0000   4.2950E-10  0.4103
   3.1623E-01   5.6234E-01   1.4902E-05  0.4023   0.0000E+00  0.0000   0.0000E+00  0.0000   1.0234E-09  0.4103
   5.6234E-01   1.0000E+00   1.6460E-05  0.3497   0.0000E+00  0.0000   0.0000E+00  0.0000   2.5752E-09  0.4102
   1.0000E+00   1.7783E+00   1.8331E-05  0.4323   0.0000E+00  0.0000   0.0000E+00  0.0000   6.6192E-09  0.4101
   1.7783E+00   3.1623E+00   1.9006E-05  0.3399   0.0000E+00  0.0000   0.0000E+00  0.0000   1.6714E-08  0.4168
   3.1623E+00   5.6234E+00   2.5062E-05  0.4686   0.0000E+00  0.0000   0.0000E+00  0.0000   3.9259E-08  0.4253
   5.6234E+00   1.0000E+01   1.7099E-05  0.3620   0.0000E+00  0.0000   0.0000E+00  0.0000   7.7756E-08  0.3991
   1.0000E+01   1.7783E+01   1.5555E-05  0.3863   0.0000E+00  0.0000   0.0000E+00  0.0000   1.6567E-07  0.4049
   1.7783E+01   3.1623E+01   2.3086E-05  0.6882   0.0000E+00  0.0000   0.0000E+00  0.0000   3.8688E-07  0.3943
   3.1623E+01   5.6234E+01   1.9311E-05  0.3997   0.0000E+00  0.0000   0.0000E+00  0.0000   8.5732E-07  0.3799
   5.6234E+01   1.0000E+02   1.7591E-05  0.4139   0.0000E+00  0.0000   0.0000E+00  0.0000   1.1164E-06  0.4667
   1.0000E+02   1.7783E+02   3.8935E-05  0.3698   0.0000E+00  0.0000   0.0000E+00  0.0000   6.9905E-07  0.5551
   1.7783E+02   3.1623E+02   2.0271E-05  0.4492   0.0000E+00  0.0000   0.0000E+00  0.0000   5.6265E-07  0.6122
   3.1623E+02   5.6234E+02   3.0412E-06  0.6645   0.0000E+00  0.0000   0.0000E+00  0.0000   6.5951E-07  0.5797
   5.6234E+02   1.0000E+03   1.0091E-06  1.0000   0.0000E+00  0.0000   0.0000E+00  0.0000   8.5779E-07  0.5512
   1.0000E+03   1.7783E+03   4.0946E-07  1.0000   0.0000E+00  0.0000   0.0000E+00  0.0000   5.6189E-07  0.6550
   1.7783E+03   3.1623E+03   0.0000E+00  0.0000   0.0000E+00  0.0000   0.0000E+00  0.0000   0.0000E+00  0.0000
   3.1623E+03   5.6234E+03   0.0000E+00  0.0000   0.0000E+00  0.0000   0.0000E+00  0.0000   0.0000E+00  0.0000
   5.6234E+03   1.0000E+04   0.0000E+00  0.0000   0.0000E+00  0.0000   0.0000E+00  0.0000   0.0000E+00  0.0000
   1.0000E+04   1.7783E+04   0.0000E+00  0.0000   0.0000E+00  0.0000   0.0000E+00  0.0000   0.0000E+00  0.0000
   1.7783E+04   3.1623E+04   0.0000E+00  0.0000   0.0000E+00  0.0000   0.0000E+00  0.0000   0.0000E+00  0.0000
   3.1623E+04   5.6234E+04   0.0000E+00  0.0000   0.0000E+00  0.0000   0.0000E+00  0.0000   0.0000E+00  0.0000
   5.6234E+04   1.0000E+05   0.0000E+00  0.0000   0.0000E+00  0.0000   0.0000E+00  0.0000   0.0000E+00  0.0000

#   sum over                 6.5654E-04  0.2937   0.0000E+00  0.0000   0.0000E+00  0.0000   6.0120E-06  0.4154

'no. = 27, (ix,iy,iz) = (  1,  1, 27)'
msuc: {\huge Flux spectra vs depth in concrete}
msdr: {\it plotted by \ANGEL \version}
msdl: {\it calculated by \PHITS  3.36}
wt: s(0.7)
\vspace{-3}
   vol  &=&   2.8800E+07 [cm^3]
  xmin  &=&  -6.0000E+02 [cm]
  xmax  &=&   6.0000E+02 [cm]
  ymin  &=&  -6.0000E+02 [cm]
  ymax  &=&   6.0000E+02 [cm]
  zmin  &=&  -1.8000E+02 [cm]
  zmax  &=&  -1.6000E+02 [cm]
e:

#------------------------------------------------------------------------------
 newpage:
#   no. = 28   ix  =  1   iy  =  1   iz  = 28
#   x = (  -6.0000E+02  -   6.0000E+02  )
#   y = (  -6.0000E+02  -   6.0000E+02  )
#   z = (  -1.6000E+02  -  -1.4000E+02  )

x: Energy [MeV/n]
y: Flux [1/cm^2/source]              
p: xlog ylog afac(0.8) form(0.9)
h: n            x            y(neutron ),hh0l n y(muon-   ),hh0dr n y(muon+   ),hh0ub n y(proton  ),hh0mg n 
#  e-lower      e-upper        neutron   r.err      muon-     r.err      muon+     r.err      proton    r.err 
   1.0000E-10   1.7783E-10   3.5093E-08  0.7545   0.0000E+00  0.0000   0.0000E+00  0.0000   0.0000E+00  0.0000
   1.7783E-10   3.1623E-10   2.9057E-09  0.8602   0.0000E+00  0.0000   0.0000E+00  0.0000   0.0000E+00  0.0000
   3.1623E-10   5.6234E-10   3.0650E-08  0.7747   0.0000E+00  0.0000   0.0000E+00  0.0000   0.0000E+00  0.0000
   5.6234E-10   1.0000E-09   4.6653E-08  0.5619   0.0000E+00  0.0000   0.0000E+00  0.0000   0.0000E+00  0.0000
   1.0000E-09   1.7783E-09   4.0657E-07  0.5338   0.0000E+00  0.0000   0.0000E+00  0.0000   0.0000E+00  0.0000
   1.7783E-09   3.1623E-09   1.7662E-06  0.4594   0.0000E+00  0.0000   0.0000E+00  0.0000   0.0000E+00  0.0000
   3.1623E-09   5.6234E-09   6.1055E-06  0.4303   0.0000E+00  0.0000   0.0000E+00  0.0000   0.0000E+00  0.0000
   5.6234E-09   1.0000E-08   1.3932E-05  0.2820   0.0000E+00  0.0000   0.0000E+00  0.0000   0.0000E+00  0.0000
   1.0000E-08   1.7783E-08   2.9229E-05  0.3011   0.0000E+00  0.0000   0.0000E+00  0.0000   0.0000E+00  0.0000
   1.7783E-08   3.1623E-08   6.5491E-05  0.2890   0.0000E+00  0.0000   0.0000E+00  0.0000   0.0000E+00  0.0000
   3.1623E-08   5.6234E-08   1.0290E-04  0.2814   0.0000E+00  0.0000   0.0000E+00  0.0000   0.0000E+00  0.0000
   5.6234E-08   1.0000E-07   8.3729E-05  0.2994   0.0000E+00  0.0000   0.0000E+00  0.0000   0.0000E+00  0.0000
   1.0000E-07   1.7783E-07   3.6884E-05  0.3177   0.0000E+00  0.0000   0.0000E+00  0.0000   0.0000E+00  0.0000
   1.7783E-07   3.1623E-07   7.1904E-06  0.2991   0.0000E+00  0.0000   0.0000E+00  0.0000   0.0000E+00  0.0000
   3.1623E-07   5.6234E-07   8.3763E-06  0.4162   0.0000E+00  0.0000   0.0000E+00  0.0000   0.0000E+00  0.0000
   5.6234E-07   1.0000E-06   6.1218E-06  0.3669   0.0000E+00  0.0000   0.0000E+00  0.0000   0.0000E+00  0.0000
   1.0000E-06   1.7783E-06   6.8536E-06  0.3502   0.0000E+00  0.0000   0.0000E+00  0.0000   0.0000E+00  0.0000
   1.7783E-06   3.1623E-06   4.3019E-06  0.4242   0.0000E+00  0.0000   0.0000E+00  0.0000   0.0000E+00  0.0000
   3.1623E-06   5.6234E-06   3.7915E-06  0.3919   0.0000E+00  0.0000   0.0000E+00  0.0000   0.0000E+00  0.0000
   5.6234E-06   1.0000E-05   7.7110E-06  0.4811   0.0000E+00  0.0000   0.0000E+00  0.0000   0.0000E+00  0.0000
   1.0000E-05   1.7783E-05   9.2326E-06  0.4685   0.0000E+00  0.0000   0.0000E+00  0.0000   0.0000E+00  0.0000
   1.7783E-05   3.1623E-05   5.2174E-06  0.3416   0.0000E+00  0.0000   0.0000E+00  0.0000   0.0000E+00  0.0000
   3.1623E-05   5.6234E-05   3.0376E-06  0.3390   0.0000E+00  0.0000   0.0000E+00  0.0000   0.0000E+00  0.0000
   5.6234E-05   1.0000E-04   7.2359E-06  0.3440   0.0000E+00  0.0000   0.0000E+00  0.0000   0.0000E+00  0.0000
   1.0000E-04   1.7783E-04   9.6975E-06  0.5166   0.0000E+00  0.0000   4.5447E-18  1.0000   0.0000E+00  0.0000
   1.7783E-04   3.1623E-04   5.2658E-06  0.4548   0.0000E+00  0.0000   0.0000E+00  0.0000   0.0000E+00  0.0000
   3.1623E-04   5.6234E-04   5.4829E-06  0.3673   0.0000E+00  0.0000   0.0000E+00  0.0000   0.0000E+00  0.0000
   5.6234E-04   1.0000E-03   4.8796E-06  0.4102   0.0000E+00  0.0000   0.0000E+00  0.0000   3.3456E-16  0.3121
   1.0000E-03   1.7783E-03   7.5878E-06  0.4297   0.0000E+00  0.0000   6.1266E-13  0.8956   1.5060E-11  0.3106
   1.7783E-03   3.1623E-03   5.8626E-06  0.3819   0.0000E+00  0.0000   2.9932E-13  0.8956   2.4320E-11  0.3106
   3.1623E-03   5.6234E-03   1.0350E-05  0.4219   0.0000E+00  0.0000   4.4223E-13  0.8956   3.6713E-11  0.3106
   5.6234E-03   1.0000E-02   7.5637E-06  0.3915   0.0000E+00  0.0000   7.0926E-13  0.8956   5.0661E-11  0.3106
   1.0000E-02   1.7783E-02   7.2630E-06  0.3820   0.0000E+00  0.0000   1.2718E-12  0.8956   6.7950E-11  0.3106
   1.7783E-02   3.1623E-02   8.3963E-06  0.5198   0.0000E+00  0.0000   2.6256E-12  0.8956   9.7348E-11  0.3106
   3.1623E-02   5.6234E-02   1.1139E-05  0.4213   0.0000E+00  0.0000   6.1339E-12  0.8956   1.4608E-10  0.3106
   5.6234E-02   1.0000E-01   1.1378E-05  0.3301   0.0000E+00  0.0000   1.5369E-11  0.8956   2.3897E-10  0.3106
   1.0000E-01   1.7783E-01   1.4299E-05  0.3447   0.0000E+00  0.0000   3.9451E-11  0.8956   4.4096E-10  0.3106
   1.7783E-01   3.1623E-01   7.5749E-06  0.3474   0.0000E+00  0.0000   1.0319E-10  0.8956   9.3684E-10  0.3106
   3.1623E-01   5.6234E-01   1.8124E-05  0.3130   0.0000E+00  0.0000   2.7661E-10  0.8956   2.2322E-09  0.3106
   5.6234E-01   1.0000E+00   3.2787E-05  0.3770   0.0000E+00  0.0000   7.5866E-10  0.8956   5.6288E-09  0.3103
   1.0000E+00   1.7783E+00   2.8531E-05  0.3701   0.0000E+00  0.0000   2.1244E-09  0.8956   1.4450E-08  0.3096
   1.7783E+00   3.1623E+00   3.5064E-05  0.3886   0.0000E+00  0.0000   6.0426E-09  0.8956   3.6810E-08  0.3141
   3.1623E+00   5.6234E+00   1.9833E-05  0.5705   0.0000E+00  0.0000   5.8622E-09  0.8981   8.4142E-08  0.3158
   5.6234E+00   1.0000E+01   2.0685E-05  0.4404   0.0000E+00  0.0000   0.0000E+00  0.0000   2.0281E-07  0.3247
   1.0000E+01   1.7783E+01   1.5741E-05  0.4865   0.0000E+00  0.0000   0.0000E+00  0.0000   4.1840E-07  0.3541
   1.7783E+01   3.1623E+01   1.2119E-05  0.4686   0.0000E+00  0.0000   0.0000E+00  0.0000   7.5771E-07  0.3669
   3.1623E+01   5.6234E+01   3.5159E-05  0.3729   0.0000E+00  0.0000   0.0000E+00  0.0000   1.3744E-06  0.3906
   5.6234E+01   1.0000E+02   2.9044E-05  0.4451   0.0000E+00  0.0000   0.0000E+00  0.0000   1.9534E-06  0.4753
   1.0000E+02   1.7783E+02   5.2769E-05  0.3656   0.0000E+00  0.0000   0.0000E+00  0.0000   2.1301E-06  0.5067
   1.7783E+02   3.1623E+02   3.1910E-05  0.4009   0.0000E+00  0.0000   0.0000E+00  0.0000   1.7540E-06  0.7786
   3.1623E+02   5.6234E+02   2.0678E-06  0.6302   0.0000E+00  0.0000   0.0000E+00  0.0000   2.4554E-07  0.7097
   5.6234E+02   1.0000E+03   1.7091E-06  1.0000   0.0000E+00  0.0000   0.0000E+00  0.0000   1.4087E-06  0.5721
   1.0000E+03   1.7783E+03   7.3851E-07  0.7093   0.0000E+00  0.0000   0.0000E+00  0.0000   1.8945E-06  0.6022
   1.7783E+03   3.1623E+03   0.0000E+00  0.0000   0.0000E+00  0.0000   0.0000E+00  0.0000   0.0000E+00  0.0000
   3.1623E+03   5.6234E+03   0.0000E+00  0.0000   0.0000E+00  0.0000   0.0000E+00  0.0000   0.0000E+00  0.0000
   5.6234E+03   1.0000E+04   0.0000E+00  0.0000   0.0000E+00  0.0000   0.0000E+00  0.0000   0.0000E+00  0.0000
   1.0000E+04   1.7783E+04   0.0000E+00  0.0000   0.0000E+00  0.0000   0.0000E+00  0.0000   0.0000E+00  0.0000
   1.7783E+04   3.1623E+04   0.0000E+00  0.0000   0.0000E+00  0.0000   0.0000E+00  0.0000   0.0000E+00  0.0000
   3.1623E+04   5.6234E+04   0.0000E+00  0.0000   0.0000E+00  0.0000   0.0000E+00  0.0000   0.0000E+00  0.0000
   5.6234E+04   1.0000E+05   0.0000E+00  0.0000   0.0000E+00  0.0000   0.0000E+00  0.0000   0.0000E+00  0.0000

#   sum over                 8.6264E-04  0.2727   0.0000E+00  0.0000   1.5235E-08  0.8966   1.2285E-05  0.4065

'no. = 28, (ix,iy,iz) = (  1,  1, 28)'
msuc: {\huge Flux spectra vs depth in concrete}
msdr: {\it plotted by \ANGEL \version}
msdl: {\it calculated by \PHITS  3.36}
wt: s(0.7)
\vspace{-3}
   vol  &=&   2.8800E+07 [cm^3]
  xmin  &=&  -6.0000E+02 [cm]
  xmax  &=&   6.0000E+02 [cm]
  ymin  &=&  -6.0000E+02 [cm]
  ymax  &=&   6.0000E+02 [cm]
  zmin  &=&  -1.6000E+02 [cm]
  zmax  &=&  -1.4000E+02 [cm]
e:

#------------------------------------------------------------------------------
 newpage:
#   no. = 29   ix  =  1   iy  =  1   iz  = 29
#   x = (  -6.0000E+02  -   6.0000E+02  )
#   y = (  -6.0000E+02  -   6.0000E+02  )
#   z = (  -1.4000E+02  -  -1.2000E+02  )

x: Energy [MeV/n]
y: Flux [1/cm^2/source]              
p: xlog ylog afac(0.8) form(0.9)
h: n            x            y(neutron ),hh0l n y(muon-   ),hh0dr n y(muon+   ),hh0ub n y(proton  ),hh0mg n 
#  e-lower      e-upper        neutron   r.err      muon-     r.err      muon+     r.err      proton    r.err 
   1.0000E-10   1.7783E-10   2.0402E-09  1.0000   0.0000E+00  0.0000   0.0000E+00  0.0000   0.0000E+00  0.0000
   1.7783E-10   3.1623E-10   2.5163E-08  0.7528   0.0000E+00  0.0000   0.0000E+00  0.0000   0.0000E+00  0.0000
   3.1623E-10   5.6234E-10   1.2964E-07  0.8301   0.0000E+00  0.0000   0.0000E+00  0.0000   0.0000E+00  0.0000
   5.6234E-10   1.0000E-09   7.3341E-07  0.4401   0.0000E+00  0.0000   0.0000E+00  0.0000   0.0000E+00  0.0000
   1.0000E-09   1.7783E-09   1.3955E-06  0.3600   0.0000E+00  0.0000   0.0000E+00  0.0000   0.0000E+00  0.0000
   1.7783E-09   3.1623E-09   2.6810E-06  0.2827   0.0000E+00  0.0000   0.0000E+00  0.0000   0.0000E+00  0.0000
   3.1623E-09   5.6234E-09   9.6999E-06  0.2680   0.0000E+00  0.0000   0.0000E+00  0.0000   0.0000E+00  0.0000
   5.6234E-09   1.0000E-08   2.3975E-05  0.2749   0.0000E+00  0.0000   0.0000E+00  0.0000   0.0000E+00  0.0000
   1.0000E-08   1.7783E-08   6.1095E-05  0.2507   0.0000E+00  0.0000   0.0000E+00  0.0000   0.0000E+00  0.0000
   1.7783E-08   3.1623E-08   1.2644E-04  0.2546   0.0000E+00  0.0000   0.0000E+00  0.0000   0.0000E+00  0.0000
   3.1623E-08   5.6234E-08   2.1625E-04  0.2535   0.0000E+00  0.0000   0.0000E+00  0.0000   0.0000E+00  0.0000
   5.6234E-08   1.0000E-07   1.9838E-04  0.2684   0.0000E+00  0.0000   0.0000E+00  0.0000   0.0000E+00  0.0000
   1.0000E-07   1.7783E-07   7.5704E-05  0.2683   0.0000E+00  0.0000   0.0000E+00  0.0000   0.0000E+00  0.0000
   1.7783E-07   3.1623E-07   2.8472E-05  0.3430   0.0000E+00  0.0000   0.0000E+00  0.0000   0.0000E+00  0.0000
   3.1623E-07   5.6234E-07   1.9516E-05  0.3917   0.0000E+00  0.0000   0.0000E+00  0.0000   0.0000E+00  0.0000
   5.6234E-07   1.0000E-06   1.4993E-05  0.3715   0.0000E+00  0.0000   0.0000E+00  0.0000   0.0000E+00  0.0000
   1.0000E-06   1.7783E-06   1.1588E-05  0.3137   0.0000E+00  0.0000   0.0000E+00  0.0000   0.0000E+00  0.0000
   1.7783E-06   3.1623E-06   1.6017E-05  0.3336   0.0000E+00  0.0000   0.0000E+00  0.0000   0.0000E+00  0.0000
   3.1623E-06   5.6234E-06   7.8004E-06  0.3722   0.0000E+00  0.0000   0.0000E+00  0.0000   0.0000E+00  0.0000
   5.6234E-06   1.0000E-05   1.2240E-05  0.4107   0.0000E+00  0.0000   0.0000E+00  0.0000   0.0000E+00  0.0000
   1.0000E-05   1.7783E-05   9.6027E-06  0.3780   0.0000E+00  0.0000   0.0000E+00  0.0000   0.0000E+00  0.0000
   1.7783E-05   3.1623E-05   1.0020E-05  0.4184   0.0000E+00  0.0000   0.0000E+00  0.0000   0.0000E+00  0.0000
   3.1623E-05   5.6234E-05   1.5560E-05  0.4157   0.0000E+00  0.0000   0.0000E+00  0.0000   0.0000E+00  0.0000
   5.6234E-05   1.0000E-04   1.0048E-05  0.4161   0.0000E+00  0.0000   0.0000E+00  0.0000   0.0000E+00  0.0000
   1.0000E-04   1.7783E-04   1.0753E-05  0.3482   0.0000E+00  0.0000   4.5440E-18  0.7066   0.0000E+00  0.0000
   1.7783E-04   3.1623E-04   7.9330E-06  0.3332   0.0000E+00  0.0000   0.0000E+00  0.0000   0.0000E+00  0.0000
   3.1623E-04   5.6234E-04   1.5118E-05  0.3820   0.0000E+00  0.0000   0.0000E+00  0.0000   0.0000E+00  0.0000
   5.6234E-04   1.0000E-03   8.2114E-06  0.3544   0.0000E+00  0.0000   0.0000E+00  0.0000   2.5438E-16  0.3432
   1.0000E-03   1.7783E-03   8.4244E-06  0.3319   0.0000E+00  0.0000   3.4037E-13  0.5992   1.1942E-11  0.3727
   1.7783E-03   3.1623E-03   6.1703E-06  0.3869   0.0000E+00  0.0000   1.6629E-13  0.5992   1.9289E-11  0.3726
   3.1623E-03   5.6234E-03   1.1716E-05  0.4375   0.0000E+00  0.0000   2.4568E-13  0.5992   2.9117E-11  0.3726
   5.6234E-03   1.0000E-02   9.3630E-06  0.4067   0.0000E+00  0.0000   3.9403E-13  0.5992   4.0180E-11  0.3726
   1.0000E-02   1.7783E-02   1.1341E-05  0.4155   0.0000E+00  0.0000   7.0654E-13  0.5992   5.3892E-11  0.3726
   1.7783E-02   3.1623E-02   1.2609E-05  0.3409   0.0000E+00  0.0000   1.4587E-12  0.5992   7.7208E-11  0.3726
   3.1623E-02   5.6234E-02   1.4909E-05  0.3252   0.0000E+00  0.0000   3.4077E-12  0.5992   1.1586E-10  0.3726
   5.6234E-02   1.0000E-01   1.9870E-05  0.3293   0.0000E+00  0.0000   8.5384E-12  0.5992   1.8953E-10  0.3726
   1.0000E-01   1.7783E-01   4.0280E-05  0.3335   0.0000E+00  0.0000   2.1917E-11  0.5992   3.4973E-10  0.3726
   1.7783E-01   3.1623E-01   2.8027E-05  0.3097   0.0000E+00  0.0000   5.7331E-11  0.5992   7.4052E-10  0.3710
   3.1623E-01   5.6234E-01   3.0701E-05  0.3316   0.0000E+00  0.0000   1.5367E-10  0.5992   1.7631E-09  0.3707
   5.6234E-01   1.0000E+00   3.9999E-05  0.3108   0.0000E+00  0.0000   4.2148E-10  0.5992   4.4505E-09  0.3707
   1.0000E+00   1.7783E+00   4.5111E-05  0.3274   0.0000E+00  0.0000   1.1802E-09  0.5992   1.1337E-08  0.3709
   1.7783E+00   3.1623E+00   6.2519E-05  0.3560   0.0000E+00  0.0000   3.3570E-09  0.5992   2.7741E-08  0.3715
   3.1623E+00   5.6234E+00   4.8674E-05  0.4061   0.0000E+00  0.0000   3.1728E-09  0.5992   6.8298E-08  0.3599
   5.6234E+00   1.0000E+01   4.4490E-05  0.3599   0.0000E+00  0.0000   0.0000E+00  0.0000   1.7109E-07  0.3467
   1.0000E+01   1.7783E+01   2.1870E-05  0.6218   0.0000E+00  0.0000   0.0000E+00  0.0000   3.9245E-07  0.3689
   1.7783E+01   3.1623E+01   1.9428E-05  0.4753   0.0000E+00  0.0000   0.0000E+00  0.0000   8.2267E-07  0.3995
   3.1623E+01   5.6234E+01   5.0278E-05  0.3376   0.0000E+00  0.0000   0.0000E+00  0.0000   2.3260E-06  0.3778
   5.6234E+01   1.0000E+02   6.0668E-05  0.3949   0.0000E+00  0.0000   0.0000E+00  0.0000   3.4632E-06  0.3824
   1.0000E+02   1.7783E+02   6.9265E-05  0.4041   0.0000E+00  0.0000   0.0000E+00  0.0000   3.7527E-06  0.4506
   1.7783E+02   3.1623E+02   4.8476E-05  0.3761   0.0000E+00  0.0000   0.0000E+00  0.0000   3.4043E-06  0.5227
   3.1623E+02   5.6234E+02   4.2905E-06  0.5555   0.0000E+00  0.0000   0.0000E+00  0.0000   2.2709E-06  0.6607
   5.6234E+02   1.0000E+03   1.1434E-06  0.7472   0.0000E+00  0.0000   0.0000E+00  0.0000   2.9646E-06  0.5235
   1.0000E+03   1.7783E+03   1.6344E-07  1.0000   0.0000E+00  0.0000   0.0000E+00  0.0000   3.3003E-06  0.5457
   1.7783E+03   3.1623E+03   6.7540E-07  1.0000   0.0000E+00  0.0000   0.0000E+00  0.0000   6.3532E-07  1.0000
   3.1623E+03   5.6234E+03   0.0000E+00  0.0000   0.0000E+00  0.0000   0.0000E+00  0.0000   0.0000E+00  0.0000
   5.6234E+03   1.0000E+04   0.0000E+00  0.0000   0.0000E+00  0.0000   0.0000E+00  0.0000   0.0000E+00  0.0000
   1.0000E+04   1.7783E+04   0.0000E+00  0.0000   0.0000E+00  0.0000   0.0000E+00  0.0000   0.0000E+00  0.0000
   1.7783E+04   3.1623E+04   0.0000E+00  0.0000   0.0000E+00  0.0000   0.0000E+00  0.0000   0.0000E+00  0.0000
   3.1623E+04   5.6234E+04   0.0000E+00  0.0000   0.0000E+00  0.0000   0.0000E+00  0.0000   0.0000E+00  0.0000
   5.6234E+04   1.0000E+05   0.0000E+00  0.0000   0.0000E+00  0.0000   0.0000E+00  0.0000   0.0000E+00  0.0000

#   sum over                 1.6248E-03  0.2465   0.0000E+00  0.0000   8.3797E-09  0.5992   2.3619E-05  0.4210

'no. = 29, (ix,iy,iz) = (  1,  1, 29)'
msuc: {\huge Flux spectra vs depth in concrete}
msdr: {\it plotted by \ANGEL \version}
msdl: {\it calculated by \PHITS  3.36}
wt: s(0.7)
\vspace{-3}
   vol  &=&   2.8800E+07 [cm^3]
  xmin  &=&  -6.0000E+02 [cm]
  xmax  &=&   6.0000E+02 [cm]
  ymin  &=&  -6.0000E+02 [cm]
  ymax  &=&   6.0000E+02 [cm]
  zmin  &=&  -1.4000E+02 [cm]
  zmax  &=&  -1.2000E+02 [cm]
e:

#------------------------------------------------------------------------------
 newpage:
#   no. = 30   ix  =  1   iy  =  1   iz  = 30
#   x = (  -6.0000E+02  -   6.0000E+02  )
#   y = (  -6.0000E+02  -   6.0000E+02  )
#   z = (  -1.2000E+02  -  -1.0000E+02  )

x: Energy [MeV/n]
y: Flux [1/cm^2/source]              
p: xlog ylog afac(0.8) form(0.9)
h: n            x            y(neutron ),hh0l n y(muon-   ),hh0dr n y(muon+   ),hh0ub n y(proton  ),hh0mg n 
#  e-lower      e-upper        neutron   r.err      muon-     r.err      muon+     r.err      proton    r.err 
   1.0000E-10   1.7783E-10   6.2377E-09  0.9305   0.0000E+00  0.0000   0.0000E+00  0.0000   0.0000E+00  0.0000
   1.7783E-10   3.1623E-10   9.3254E-09  1.0000   0.0000E+00  0.0000   0.0000E+00  0.0000   0.0000E+00  0.0000
   3.1623E-10   5.6234E-10   4.0187E-08  0.4439   0.0000E+00  0.0000   0.0000E+00  0.0000   0.0000E+00  0.0000
   5.6234E-10   1.0000E-09   2.8149E-07  0.3961   0.0000E+00  0.0000   0.0000E+00  0.0000   0.0000E+00  0.0000
   1.0000E-09   1.7783E-09   1.6554E-06  0.3283   0.0000E+00  0.0000   0.0000E+00  0.0000   0.0000E+00  0.0000
   1.7783E-09   3.1623E-09   4.2578E-06  0.2871   0.0000E+00  0.0000   0.0000E+00  0.0000   0.0000E+00  0.0000
   3.1623E-09   5.6234E-09   1.6917E-05  0.2840   0.0000E+00  0.0000   0.0000E+00  0.0000   0.0000E+00  0.0000
   5.6234E-09   1.0000E-08   3.0064E-05  0.2550   0.0000E+00  0.0000   0.0000E+00  0.0000   0.0000E+00  0.0000
   1.0000E-08   1.7783E-08   9.2618E-05  0.2661   0.0000E+00  0.0000   0.0000E+00  0.0000   0.0000E+00  0.0000
   1.7783E-08   3.1623E-08   1.7366E-04  0.2752   0.0000E+00  0.0000   0.0000E+00  0.0000   0.0000E+00  0.0000
   3.1623E-08   5.6234E-08   2.7418E-04  0.2747   0.0000E+00  0.0000   0.0000E+00  0.0000   0.0000E+00  0.0000
   5.6234E-08   1.0000E-07   2.2038E-04  0.2860   0.0000E+00  0.0000   0.0000E+00  0.0000   0.0000E+00  0.0000
   1.0000E-07   1.7783E-07   1.0494E-04  0.2966   0.0000E+00  0.0000   0.0000E+00  0.0000   0.0000E+00  0.0000
   1.7783E-07   3.1623E-07   2.4363E-05  0.3091   0.0000E+00  0.0000   0.0000E+00  0.0000   0.0000E+00  0.0000
   3.1623E-07   5.6234E-07   2.1873E-05  0.3683   0.0000E+00  0.0000   0.0000E+00  0.0000   0.0000E+00  0.0000
   5.6234E-07   1.0000E-06   1.0473E-05  0.3819   0.0000E+00  0.0000   0.0000E+00  0.0000   0.0000E+00  0.0000
   1.0000E-06   1.7783E-06   1.8432E-05  0.3841   0.0000E+00  0.0000   0.0000E+00  0.0000   0.0000E+00  0.0000
   1.7783E-06   3.1623E-06   1.4427E-05  0.3193   0.0000E+00  0.0000   0.0000E+00  0.0000   0.0000E+00  0.0000
   3.1623E-06   5.6234E-06   1.2687E-05  0.3461   0.0000E+00  0.0000   0.0000E+00  0.0000   0.0000E+00  0.0000
   5.6234E-06   1.0000E-05   2.0839E-05  0.3760   0.0000E+00  0.0000   0.0000E+00  0.0000   0.0000E+00  0.0000
   1.0000E-05   1.7783E-05   1.6658E-05  0.3703   0.0000E+00  0.0000   0.0000E+00  0.0000   0.0000E+00  0.0000
   1.7783E-05   3.1623E-05   1.7030E-05  0.3499   0.0000E+00  0.0000   0.0000E+00  0.0000   0.0000E+00  0.0000
   3.1623E-05   5.6234E-05   1.8936E-05  0.3089   0.0000E+00  0.0000   0.0000E+00  0.0000   0.0000E+00  0.0000
   5.6234E-05   1.0000E-04   2.1052E-05  0.3687   0.0000E+00  0.0000   0.0000E+00  0.0000   0.0000E+00  0.0000
   1.0000E-04   1.7783E-04   1.6638E-05  0.4285   0.0000E+00  0.0000   6.8174E-18  1.0000   0.0000E+00  0.0000
   1.7783E-04   3.1623E-04   1.8965E-05  0.3915   0.0000E+00  0.0000   0.0000E+00  0.0000   0.0000E+00  0.0000
   3.1623E-04   5.6234E-04   1.4646E-05  0.3488   0.0000E+00  0.0000   0.0000E+00  0.0000   0.0000E+00  0.0000
   5.6234E-04   1.0000E-03   1.8874E-05  0.4182   0.0000E+00  0.0000   0.0000E+00  0.0000   4.1787E-16  0.3483
   1.0000E-03   1.7783E-03   1.9359E-05  0.3893   0.0000E+00  0.0000   4.0844E-13  1.0000   2.2643E-11  0.2863
   1.7783E-03   3.1623E-03   2.0197E-05  0.3799   0.0000E+00  0.0000   1.9955E-13  1.0000   3.6582E-11  0.2864
   3.1623E-03   5.6234E-03   1.9311E-05  0.3702   0.0000E+00  0.0000   2.9482E-13  1.0000   5.5223E-11  0.2864
   5.6234E-03   1.0000E-02   1.8269E-05  0.3467   0.0000E+00  0.0000   4.7284E-13  1.0000   7.6203E-11  0.2864
   1.0000E-02   1.7783E-02   2.1309E-05  0.3707   0.0000E+00  0.0000   8.4785E-13  1.0000   1.0221E-10  0.2864
   1.7783E-02   3.1623E-02   3.0872E-05  0.3413   0.0000E+00  0.0000   1.7504E-12  1.0000   1.4643E-10  0.2864
   3.1623E-02   5.6234E-02   2.0768E-05  0.4113   0.0000E+00  0.0000   4.0893E-12  1.0000   2.1973E-10  0.2864
   5.6234E-02   1.0000E-01   3.4622E-05  0.3533   0.0000E+00  0.0000   1.0246E-11  1.0000   3.5945E-10  0.2864
   1.0000E-01   1.7783E-01   4.3840E-05  0.3246   0.0000E+00  0.0000   2.6300E-11  1.0000   6.6328E-10  0.2864
   1.7783E-01   3.1623E-01   3.4316E-05  0.3332   0.0000E+00  0.0000   6.8797E-11  1.0000   1.4092E-09  0.2864
   3.1623E-01   5.6234E-01   5.0406E-05  0.3463   0.0000E+00  0.0000   1.8440E-10  1.0000   3.3550E-09  0.2866
   5.6234E-01   1.0000E+00   6.3523E-05  0.3536   0.0000E+00  0.0000   5.0577E-10  1.0000   8.4441E-09  0.2873
   1.0000E+00   1.7783E+00   7.9180E-05  0.2966   0.0000E+00  0.0000   1.4162E-09  1.0000   2.1543E-08  0.2886
   1.7783E+00   3.1623E+00   1.4432E-04  0.2926   0.0000E+00  0.0000   4.0284E-09  1.0000   5.4322E-08  0.2898
   3.1623E+00   5.6234E+00   5.4327E-05  0.3423   0.0000E+00  0.0000   3.8074E-09  1.0000   1.1978E-07  0.3080
   5.6234E+00   1.0000E+01   4.7708E-05  0.4310   0.0000E+00  0.0000   0.0000E+00  0.0000   2.9754E-07  0.3125
   1.0000E+01   1.7783E+01   5.4713E-05  0.3698   0.0000E+00  0.0000   0.0000E+00  0.0000   6.9293E-07  0.3112
   1.7783E+01   3.1623E+01   4.1171E-05  0.3873   0.0000E+00  0.0000   0.0000E+00  0.0000   1.2512E-06  0.3168
   3.1623E+01   5.6234E+01   6.4725E-05  0.4414   0.0000E+00  0.0000   0.0000E+00  0.0000   1.9603E-06  0.3906
   5.6234E+01   1.0000E+02   8.3940E-05  0.3337   0.0000E+00  0.0000   0.0000E+00  0.0000   3.1542E-06  0.4088
   1.0000E+02   1.7783E+02   9.9427E-05  0.3959   0.0000E+00  0.0000   0.0000E+00  0.0000   6.5034E-06  0.4792
   1.7783E+02   3.1623E+02   5.9544E-05  0.4361   0.0000E+00  0.0000   0.0000E+00  0.0000   8.2916E-06  0.5326
   3.1623E+02   5.6234E+02   4.8764E-06  0.4539   0.0000E+00  0.0000   0.0000E+00  0.0000   5.2742E-06  0.5004
   5.6234E+02   1.0000E+03   2.5884E-07  0.7609   0.0000E+00  0.0000   0.0000E+00  0.0000   2.6876E-06  0.7150
   1.0000E+03   1.7783E+03   0.0000E+00  0.0000   0.0000E+00  0.0000   0.0000E+00  0.0000   4.5824E-06  0.5402
   1.7783E+03   3.1623E+03   6.7610E-07  1.0000   0.0000E+00  0.0000   0.0000E+00  0.0000   1.7525E-06  1.0000
   3.1623E+03   5.6234E+03   0.0000E+00  0.0000   0.0000E+00  0.0000   0.0000E+00  0.0000   0.0000E+00  0.0000
   5.6234E+03   1.0000E+04   0.0000E+00  0.0000   0.0000E+00  0.0000   0.0000E+00  0.0000   0.0000E+00  0.0000
   1.0000E+04   1.7783E+04   0.0000E+00  0.0000   0.0000E+00  0.0000   0.0000E+00  0.0000   0.0000E+00  0.0000
   1.7783E+04   3.1623E+04   0.0000E+00  0.0000   0.0000E+00  0.0000   0.0000E+00  0.0000   0.0000E+00  0.0000
   3.1623E+04   5.6234E+04   0.0000E+00  0.0000   0.0000E+00  0.0000   0.0000E+00  0.0000   0.0000E+00  0.0000
   5.6234E+04   1.0000E+05   0.0000E+00  0.0000   0.0000E+00  0.0000   0.0000E+00  0.0000   0.0000E+00  0.0000

#   sum over                 2.2966E-03  0.2490   0.0000E+00  0.0000   1.0056E-08  1.0000   3.6658E-05  0.3983

'no. = 30, (ix,iy,iz) = (  1,  1, 30)'
msuc: {\huge Flux spectra vs depth in concrete}
msdr: {\it plotted by \ANGEL \version}
msdl: {\it calculated by \PHITS  3.36}
wt: s(0.7)
\vspace{-3}
   vol  &=&   2.8800E+07 [cm^3]
  xmin  &=&  -6.0000E+02 [cm]
  xmax  &=&   6.0000E+02 [cm]
  ymin  &=&  -6.0000E+02 [cm]
  ymax  &=&   6.0000E+02 [cm]
  zmin  &=&  -1.2000E+02 [cm]
  zmax  &=&  -1.0000E+02 [cm]
e:

#------------------------------------------------------------------------------
 newpage:
#   no. = 31   ix  =  1   iy  =  1   iz  = 31
#   x = (  -6.0000E+02  -   6.0000E+02  )
#   y = (  -6.0000E+02  -   6.0000E+02  )
#   z = (  -1.0000E+02  -  -8.0000E+01  )

x: Energy [MeV/n]
y: Flux [1/cm^2/source]              
p: xlog ylog afac(0.8) form(0.9)
h: n            x            y(neutron ),hh0l n y(muon-   ),hh0dr n y(muon+   ),hh0ub n y(proton  ),hh0mg n 
#  e-lower      e-upper        neutron   r.err      muon-     r.err      muon+     r.err      proton    r.err 
   1.0000E-10   1.7783E-10   5.1460E-09  1.0000   0.0000E+00  0.0000   0.0000E+00  0.0000   0.0000E+00  0.0000
   1.7783E-10   3.1623E-10   7.2796E-09  0.7612   0.0000E+00  0.0000   0.0000E+00  0.0000   0.0000E+00  0.0000
   3.1623E-10   5.6234E-10   1.7096E-07  0.5387   0.0000E+00  0.0000   0.0000E+00  0.0000   0.0000E+00  0.0000
   5.6234E-10   1.0000E-09   5.0613E-07  0.5337   0.0000E+00  0.0000   0.0000E+00  0.0000   0.0000E+00  0.0000
   1.0000E-09   1.7783E-09   3.0714E-06  0.3224   0.0000E+00  0.0000   0.0000E+00  0.0000   0.0000E+00  0.0000
   1.7783E-09   3.1623E-09   4.0777E-06  0.2768   0.0000E+00  0.0000   0.0000E+00  0.0000   0.0000E+00  0.0000
   3.1623E-09   5.6234E-09   1.7601E-05  0.3375   0.0000E+00  0.0000   0.0000E+00  0.0000   0.0000E+00  0.0000
   5.6234E-09   1.0000E-08   5.1949E-05  0.2648   0.0000E+00  0.0000   0.0000E+00  0.0000   0.0000E+00  0.0000
   1.0000E-08   1.7783E-08   1.3306E-04  0.2557   0.0000E+00  0.0000   0.0000E+00  0.0000   0.0000E+00  0.0000
   1.7783E-08   3.1623E-08   2.5095E-04  0.2503   0.0000E+00  0.0000   0.0000E+00  0.0000   0.0000E+00  0.0000
   3.1623E-08   5.6234E-08   3.8149E-04  0.2537   0.0000E+00  0.0000   0.0000E+00  0.0000   0.0000E+00  0.0000
   5.6234E-08   1.0000E-07   3.4174E-04  0.2436   0.0000E+00  0.0000   0.0000E+00  0.0000   0.0000E+00  0.0000
   1.0000E-07   1.7783E-07   1.5970E-04  0.2652   0.0000E+00  0.0000   0.0000E+00  0.0000   0.0000E+00  0.0000
   1.7783E-07   3.1623E-07   3.2094E-05  0.3111   0.0000E+00  0.0000   0.0000E+00  0.0000   0.0000E+00  0.0000
   3.1623E-07   5.6234E-07   4.4659E-05  0.3749   0.0000E+00  0.0000   0.0000E+00  0.0000   0.0000E+00  0.0000
   5.6234E-07   1.0000E-06   1.7561E-05  0.4036   0.0000E+00  0.0000   0.0000E+00  0.0000   0.0000E+00  0.0000
   1.0000E-06   1.7783E-06   1.7276E-05  0.3406   0.0000E+00  0.0000   0.0000E+00  0.0000   0.0000E+00  0.0000
   1.7783E-06   3.1623E-06   1.7728E-05  0.3871   0.0000E+00  0.0000   0.0000E+00  0.0000   0.0000E+00  0.0000
   3.1623E-06   5.6234E-06   2.6906E-05  0.3354   0.0000E+00  0.0000   0.0000E+00  0.0000   0.0000E+00  0.0000
   5.6234E-06   1.0000E-05   2.1610E-05  0.4143   0.0000E+00  0.0000   0.0000E+00  0.0000   0.0000E+00  0.0000
   1.0000E-05   1.7783E-05   1.6376E-05  0.3866   0.0000E+00  0.0000   0.0000E+00  0.0000   0.0000E+00  0.0000
   1.7783E-05   3.1623E-05   1.1089E-05  0.3474   0.0000E+00  0.0000   0.0000E+00  0.0000   0.0000E+00  0.0000
   3.1623E-05   5.6234E-05   3.4671E-05  0.4347   0.0000E+00  0.0000   0.0000E+00  0.0000   0.0000E+00  0.0000
   5.6234E-05   1.0000E-04   3.3738E-05  0.3237   0.0000E+00  0.0000   0.0000E+00  0.0000   0.0000E+00  0.0000
   1.0000E-04   1.7783E-04   1.6002E-05  0.4242   0.0000E+00  0.0000   0.0000E+00  0.0000   0.0000E+00  0.0000
   1.7783E-04   3.1623E-04   2.2080E-05  0.3673   0.0000E+00  0.0000   0.0000E+00  0.0000   0.0000E+00  0.0000
   3.1623E-04   5.6234E-04   2.2620E-05  0.3329   0.0000E+00  0.0000   0.0000E+00  0.0000   0.0000E+00  0.0000
   5.6234E-04   1.0000E-03   2.4538E-05  0.4336   0.0000E+00  0.0000   0.0000E+00  0.0000   8.9001E-16  0.3702
   1.0000E-03   1.7783E-03   2.5881E-05  0.4964   0.0000E+00  0.0000   2.7229E-13  1.0000   3.2131E-11  0.2923
   1.7783E-03   3.1623E-03   1.8643E-05  0.3701   0.0000E+00  0.0000   1.3303E-13  1.0000   5.1892E-11  0.2924
   3.1623E-03   5.6234E-03   1.6385E-05  0.4103   0.0000E+00  0.0000   1.9654E-13  1.0000   7.8334E-11  0.2924
   5.6234E-03   1.0000E-02   2.4563E-05  0.3405   0.0000E+00  0.0000   3.1523E-13  1.0000   1.0810E-10  0.2924
   1.0000E-02   1.7783E-02   3.2030E-05  0.4029   0.0000E+00  0.0000   5.6523E-13  1.0000   1.4498E-10  0.2924
   1.7783E-02   3.1623E-02   3.6869E-05  0.3130   0.0000E+00  0.0000   1.1669E-12  1.0000   2.0771E-10  0.2924
   3.1623E-02   5.6234E-02   3.7847E-05  0.4116   0.0000E+00  0.0000   2.7262E-12  1.0000   3.1169E-10  0.2924
   5.6234E-02   1.0000E-01   2.7471E-05  0.4359   0.0000E+00  0.0000   6.8308E-12  1.0000   5.0988E-10  0.2924
   1.0000E-01   1.7783E-01   5.8130E-05  0.4260   0.0000E+00  0.0000   1.7534E-11  1.0000   9.4087E-10  0.2924
   1.7783E-01   3.1623E-01   5.2581E-05  0.3443   0.0000E+00  0.0000   4.5864E-11  1.0000   1.9975E-09  0.2925
   3.1623E-01   5.6234E-01   4.8969E-05  0.2876   0.0000E+00  0.0000   1.2294E-10  1.0000   4.7482E-09  0.2931
   5.6234E-01   1.0000E+00   9.3721E-05  0.3675   0.0000E+00  0.0000   3.3718E-10  1.0000   1.1986E-08  0.2931
   1.0000E+00   1.7783E+00   1.1080E-04  0.2701   0.0000E+00  0.0000   9.4416E-10  1.0000   3.0824E-08  0.2935
   1.7783E+00   3.1623E+00   1.5815E-04  0.3034   0.0000E+00  0.0000   2.6856E-09  1.0000   7.7634E-08  0.2910
   3.1623E+00   5.6234E+00   1.0003E-04  0.3486   0.0000E+00  0.0000   2.5382E-09  1.0000   1.7401E-07  0.2742
   5.6234E+00   1.0000E+01   6.0539E-05  0.3956   0.0000E+00  0.0000   0.0000E+00  0.0000   3.7438E-07  0.3020
   1.0000E+01   1.7783E+01   5.4189E-05  0.5481   0.0000E+00  0.0000   0.0000E+00  0.0000   8.6150E-07  0.3147
   1.7783E+01   3.1623E+01   3.8943E-05  0.6469   0.0000E+00  0.0000   0.0000E+00  0.0000   1.5718E-06  0.3369
   3.1623E+01   5.6234E+01   1.0378E-04  0.4386   0.0000E+00  0.0000   0.0000E+00  0.0000   2.5026E-06  0.3871
   5.6234E+01   1.0000E+02   1.2728E-04  0.3212   0.0000E+00  0.0000   0.0000E+00  0.0000   3.2580E-06  0.5428
   1.0000E+02   1.7783E+02   1.7331E-04  0.3171   0.0000E+00  0.0000   0.0000E+00  0.0000   4.9764E-06  0.4428
   1.7783E+02   3.1623E+02   8.3838E-05  0.4228   0.0000E+00  0.0000   0.0000E+00  0.0000   9.4949E-06  0.4781
   3.1623E+02   5.6234E+02   1.2222E-05  0.4559   0.0000E+00  0.0000   0.0000E+00  0.0000   5.6193E-06  0.6108
   5.6234E+02   1.0000E+03   6.7280E-07  1.0000   0.0000E+00  0.0000   0.0000E+00  0.0000   4.0608E-06  0.5884
   1.0000E+03   1.7783E+03   0.0000E+00  0.0000   0.0000E+00  0.0000   0.0000E+00  0.0000   6.4993E-06  0.5103
   1.7783E+03   3.1623E+03   9.0973E-07  1.0000   0.0000E+00  0.0000   0.0000E+00  0.0000   1.1439E-06  1.0000
   3.1623E+03   5.6234E+03   0.0000E+00  0.0000   0.0000E+00  0.0000   0.0000E+00  0.0000   0.0000E+00  0.0000
   5.6234E+03   1.0000E+04   0.0000E+00  0.0000   0.0000E+00  0.0000   0.0000E+00  0.0000   0.0000E+00  0.0000
   1.0000E+04   1.7783E+04   0.0000E+00  0.0000   0.0000E+00  0.0000   0.0000E+00  0.0000   0.0000E+00  0.0000
   1.7783E+04   3.1623E+04   0.0000E+00  0.0000   0.0000E+00  0.0000   0.0000E+00  0.0000   7.8994E-07  1.0000
   3.1623E+04   5.6234E+04   0.0000E+00  0.0000   0.0000E+00  0.0000   0.0000E+00  0.0000   0.0000E+00  0.0000
   5.6234E+04   1.0000E+05   0.0000E+00  0.0000   0.0000E+00  0.0000   0.0000E+00  0.0000   0.0000E+00  0.0000

#   sum over                 3.2010E-03  0.2207   0.0000E+00  0.0000   6.7037E-09  1.0000   4.1456E-05  0.3056

'no. = 31, (ix,iy,iz) = (  1,  1, 31)'
msuc: {\huge Flux spectra vs depth in concrete}
msdr: {\it plotted by \ANGEL \version}
msdl: {\it calculated by \PHITS  3.36}
wt: s(0.7)
\vspace{-3}
   vol  &=&   2.8800E+07 [cm^3]
  xmin  &=&  -6.0000E+02 [cm]
  xmax  &=&   6.0000E+02 [cm]
  ymin  &=&  -6.0000E+02 [cm]
  ymax  &=&   6.0000E+02 [cm]
  zmin  &=&  -1.0000E+02 [cm]
  zmax  &=&  -8.0000E+01 [cm]
e:

#------------------------------------------------------------------------------
 newpage:
#   no. = 32   ix  =  1   iy  =  1   iz  = 32
#   x = (  -6.0000E+02  -   6.0000E+02  )
#   y = (  -6.0000E+02  -   6.0000E+02  )
#   z = (  -8.0000E+01  -  -6.0000E+01  )

x: Energy [MeV/n]
y: Flux [1/cm^2/source]              
p: xlog ylog afac(0.8) form(0.9)
h: n            x            y(neutron ),hh0l n y(muon-   ),hh0dr n y(muon+   ),hh0ub n y(proton  ),hh0mg n 
#  e-lower      e-upper        neutron   r.err      muon-     r.err      muon+     r.err      proton    r.err 
   1.0000E-10   1.7783E-10   8.0494E-08  1.0000   0.0000E+00  0.0000   0.0000E+00  0.0000   0.0000E+00  0.0000
   1.7783E-10   3.1623E-10   4.7954E-08  0.7400   0.0000E+00  0.0000   0.0000E+00  0.0000   0.0000E+00  0.0000
   3.1623E-10   5.6234E-10   7.3458E-08  0.6715   0.0000E+00  0.0000   0.0000E+00  0.0000   0.0000E+00  0.0000
   5.6234E-10   1.0000E-09   6.5541E-07  0.5574   0.0000E+00  0.0000   0.0000E+00  0.0000   0.0000E+00  0.0000
   1.0000E-09   1.7783E-09   4.0204E-06  0.4681   0.0000E+00  0.0000   0.0000E+00  0.0000   0.0000E+00  0.0000
   1.7783E-09   3.1623E-09   8.8568E-06  0.4214   0.0000E+00  0.0000   0.0000E+00  0.0000   0.0000E+00  0.0000
   3.1623E-09   5.6234E-09   3.2867E-05  0.3055   0.0000E+00  0.0000   0.0000E+00  0.0000   0.0000E+00  0.0000
   5.6234E-09   1.0000E-08   6.7574E-05  0.2897   0.0000E+00  0.0000   0.0000E+00  0.0000   0.0000E+00  0.0000
   1.0000E-08   1.7783E-08   1.5500E-04  0.2646   0.0000E+00  0.0000   0.0000E+00  0.0000   0.0000E+00  0.0000
   1.7783E-08   3.1623E-08   3.4809E-04  0.2569   0.0000E+00  0.0000   0.0000E+00  0.0000   0.0000E+00  0.0000
   3.1623E-08   5.6234E-08   5.4499E-04  0.2531   0.0000E+00  0.0000   0.0000E+00  0.0000   0.0000E+00  0.0000
   5.6234E-08   1.0000E-07   4.7729E-04  0.2561   0.0000E+00  0.0000   0.0000E+00  0.0000   0.0000E+00  0.0000
   1.0000E-07   1.7783E-07   2.5247E-04  0.2695   0.0000E+00  0.0000   0.0000E+00  0.0000   0.0000E+00  0.0000
   1.7783E-07   3.1623E-07   6.9265E-05  0.3248   0.0000E+00  0.0000   0.0000E+00  0.0000   0.0000E+00  0.0000
   3.1623E-07   5.6234E-07   3.5631E-05  0.3158   0.0000E+00  0.0000   0.0000E+00  0.0000   0.0000E+00  0.0000
   5.6234E-07   1.0000E-06   4.3308E-05  0.3123   0.0000E+00  0.0000   0.0000E+00  0.0000   0.0000E+00  0.0000
   1.0000E-06   1.7783E-06   4.2137E-05  0.3438   0.0000E+00  0.0000   0.0000E+00  0.0000   0.0000E+00  0.0000
   1.7783E-06   3.1623E-06   4.9228E-05  0.3036   0.0000E+00  0.0000   0.0000E+00  0.0000   0.0000E+00  0.0000
   3.1623E-06   5.6234E-06   3.4339E-05  0.3057   0.0000E+00  0.0000   0.0000E+00  0.0000   0.0000E+00  0.0000
   5.6234E-06   1.0000E-05   3.8507E-05  0.3763   0.0000E+00  0.0000   0.0000E+00  0.0000   0.0000E+00  0.0000
   1.0000E-05   1.7783E-05   3.3933E-05  0.4008   0.0000E+00  0.0000   0.0000E+00  0.0000   0.0000E+00  0.0000
   1.7783E-05   3.1623E-05   3.5615E-05  0.3081   0.0000E+00  0.0000   0.0000E+00  0.0000   0.0000E+00  0.0000
   3.1623E-05   5.6234E-05   4.8685E-05  0.3147   0.0000E+00  0.0000   0.0000E+00  0.0000   0.0000E+00  0.0000
   5.6234E-05   1.0000E-04   3.1607E-05  0.3533   0.0000E+00  0.0000   0.0000E+00  0.0000   0.0000E+00  0.0000
   1.0000E-04   1.7783E-04   2.9685E-05  0.3467   0.0000E+00  0.0000   0.0000E+00  0.0000   0.0000E+00  0.0000
   1.7783E-04   3.1623E-04   3.1650E-05  0.3132   0.0000E+00  0.0000   0.0000E+00  0.0000   0.0000E+00  0.0000
   3.1623E-04   5.6234E-04   4.1044E-05  0.3036   0.0000E+00  0.0000   0.0000E+00  0.0000   0.0000E+00  0.0000
   5.6234E-04   1.0000E-03   1.4740E-05  0.3352   0.0000E+00  0.0000   0.0000E+00  0.0000   1.0944E-15  0.3985
   1.0000E-03   1.7783E-03   5.5675E-05  0.3139   0.0000E+00  0.0000   4.0844E-13  0.7449   4.4885E-11  0.3498
   1.7783E-03   3.1623E-03   4.4447E-05  0.3442   0.0000E+00  0.0000   1.9955E-13  0.7449   7.2521E-11  0.3498
   3.1623E-03   5.6234E-03   3.6348E-05  0.3603   0.0000E+00  0.0000   2.9482E-13  0.7449   1.0947E-10  0.3498
   5.6234E-03   1.0000E-02   3.2379E-05  0.3119   0.0000E+00  0.0000   4.7284E-13  0.7449   1.5107E-10  0.3498
   1.0000E-02   1.7783E-02   4.2806E-05  0.3619   0.0000E+00  0.0000   8.4785E-13  0.7449   2.0262E-10  0.3498
   1.7783E-02   3.1623E-02   3.4117E-05  0.3950   0.0000E+00  0.0000   1.7504E-12  0.7449   2.9028E-10  0.3498
   3.1623E-02   5.6234E-02   3.5531E-05  0.3340   0.0000E+00  0.0000   4.0893E-12  0.7449   4.3560E-10  0.3498
   5.6234E-02   1.0000E-01   3.8764E-05  0.3432   0.0000E+00  0.0000   1.0246E-11  0.7449   7.1257E-10  0.3498
   1.0000E-01   1.7783E-01   6.6220E-05  0.3223   0.0000E+00  0.0000   2.6300E-11  0.7449   1.3149E-09  0.3498
   1.7783E-01   3.1623E-01   8.3497E-05  0.2706   0.0000E+00  0.0000   6.8797E-11  0.7449   2.7935E-09  0.3498
   3.1623E-01   5.6234E-01   8.3564E-05  0.3047   0.0000E+00  0.0000   1.8440E-10  0.7449   6.6561E-09  0.3498
   5.6234E-01   1.0000E+00   9.0584E-05  0.3503   0.0000E+00  0.0000   5.0577E-10  0.7449   1.6802E-08  0.3498
   1.0000E+00   1.7783E+00   1.4316E-04  0.2836   0.0000E+00  0.0000   1.4162E-09  0.7449   4.3059E-08  0.3513
   1.7783E+00   3.1623E+00   1.8996E-04  0.2825   0.0000E+00  0.0000   4.0284E-09  0.7449   1.0408E-07  0.3571
   3.1623E+00   5.6234E+00   2.1137E-04  0.3695   0.0000E+00  0.0000   3.8074E-09  0.7449   2.3838E-07  0.3443
   5.6234E+00   1.0000E+01   1.0346E-04  0.3835   0.0000E+00  0.0000   0.0000E+00  0.0000   5.8168E-07  0.3554
   1.0000E+01   1.7783E+01   5.5358E-05  0.5782   0.0000E+00  0.0000   0.0000E+00  0.0000   1.2497E-06  0.4097
   1.7783E+01   3.1623E+01   5.8604E-05  0.4612   0.0000E+00  0.0000   0.0000E+00  0.0000   2.6086E-06  0.4042
   3.1623E+01   5.6234E+01   8.2280E-05  0.4225   0.0000E+00  0.0000   0.0000E+00  0.0000   5.7859E-06  0.4260
   5.6234E+01   1.0000E+02   2.7968E-04  0.3843   0.0000E+00  0.0000   0.0000E+00  0.0000   9.0267E-06  0.5116
   1.0000E+02   1.7783E+02   2.4438E-04  0.3262   0.0000E+00  0.0000   0.0000E+00  0.0000   1.5723E-05  0.4866
   1.7783E+02   3.1623E+02   1.6583E-04  0.3626   0.0000E+00  0.0000   0.0000E+00  0.0000   1.6221E-05  0.4790
   3.1623E+02   5.6234E+02   2.1004E-05  0.3504   0.0000E+00  0.0000   0.0000E+00  0.0000   6.0308E-06  0.4645
   5.6234E+02   1.0000E+03   1.7103E-06  0.7409   0.0000E+00  0.0000   0.0000E+00  0.0000   7.6144E-06  0.6366
   1.0000E+03   1.7783E+03   0.0000E+00  0.0000   0.0000E+00  0.0000   0.0000E+00  0.0000   7.6130E-06  0.4844
   1.7783E+03   3.1623E+03   1.0620E-06  1.0000   0.0000E+00  0.0000   0.0000E+00  0.0000   7.6423E-07  1.0000
   3.1623E+03   5.6234E+03   4.1490E-08  1.0000   0.0000E+00  0.0000   0.0000E+00  0.0000   0.0000E+00  0.0000
   5.6234E+03   1.0000E+04   0.0000E+00  0.0000   0.0000E+00  0.0000   0.0000E+00  0.0000   0.0000E+00  0.0000
   1.0000E+04   1.7783E+04   0.0000E+00  0.0000   0.0000E+00  0.0000   0.0000E+00  0.0000   0.0000E+00  0.0000
   1.7783E+04   3.1623E+04   0.0000E+00  0.0000   0.0000E+00  0.0000   0.0000E+00  0.0000   1.3054E-06  1.0000
   3.1623E+04   5.6234E+04   0.0000E+00  0.0000   0.0000E+00  0.0000   0.0000E+00  0.0000   0.0000E+00  0.0000
   5.6234E+04   1.0000E+05   0.0000E+00  0.0000   0.0000E+00  0.0000   0.0000E+00  0.0000   0.0000E+00  0.0000

#   sum over                 4.6732E-03  0.2387   0.0000E+00  0.0000   1.0056E-08  0.7449   7.4939E-05  0.3130

'no. = 32, (ix,iy,iz) = (  1,  1, 32)'
msuc: {\huge Flux spectra vs depth in concrete}
msdr: {\it plotted by \ANGEL \version}
msdl: {\it calculated by \PHITS  3.36}
wt: s(0.7)
\vspace{-3}
   vol  &=&   2.8800E+07 [cm^3]
  xmin  &=&  -6.0000E+02 [cm]
  xmax  &=&   6.0000E+02 [cm]
  ymin  &=&  -6.0000E+02 [cm]
  ymax  &=&   6.0000E+02 [cm]
  zmin  &=&  -8.0000E+01 [cm]
  zmax  &=&  -6.0000E+01 [cm]
e:

#------------------------------------------------------------------------------
 newpage:
#   no. = 33   ix  =  1   iy  =  1   iz  = 33
#   x = (  -6.0000E+02  -   6.0000E+02  )
#   y = (  -6.0000E+02  -   6.0000E+02  )
#   z = (  -6.0000E+01  -  -4.0000E+01  )

x: Energy [MeV/n]
y: Flux [1/cm^2/source]              
p: xlog ylog afac(0.8) form(0.9)
h: n            x            y(neutron ),hh0l n y(muon-   ),hh0dr n y(muon+   ),hh0ub n y(proton  ),hh0mg n 
#  e-lower      e-upper        neutron   r.err      muon-     r.err      muon+     r.err      proton    r.err 
   1.0000E-10   1.7783E-10   9.7442E-09  1.0000   0.0000E+00  0.0000   0.0000E+00  0.0000   0.0000E+00  0.0000
   1.7783E-10   3.1623E-10   1.6276E-07  0.9135   0.0000E+00  0.0000   0.0000E+00  0.0000   0.0000E+00  0.0000
   3.1623E-10   5.6234E-10   2.6660E-07  0.6111   0.0000E+00  0.0000   0.0000E+00  0.0000   0.0000E+00  0.0000
   5.6234E-10   1.0000E-09   2.9864E-07  0.5098   0.0000E+00  0.0000   0.0000E+00  0.0000   0.0000E+00  0.0000
   1.0000E-09   1.7783E-09   2.4736E-06  0.3807   0.0000E+00  0.0000   0.0000E+00  0.0000   0.0000E+00  0.0000
   1.7783E-09   3.1623E-09   9.4594E-06  0.3496   0.0000E+00  0.0000   0.0000E+00  0.0000   0.0000E+00  0.0000
   3.1623E-09   5.6234E-09   2.9586E-05  0.2526   0.0000E+00  0.0000   0.0000E+00  0.0000   0.0000E+00  0.0000
   5.6234E-09   1.0000E-08   8.0203E-05  0.3258   0.0000E+00  0.0000   0.0000E+00  0.0000   0.0000E+00  0.0000
   1.0000E-08   1.7783E-08   2.1955E-04  0.2562   0.0000E+00  0.0000   0.0000E+00  0.0000   0.0000E+00  0.0000
   1.7783E-08   3.1623E-08   4.4623E-04  0.2907   0.0000E+00  0.0000   0.0000E+00  0.0000   0.0000E+00  0.0000
   3.1623E-08   5.6234E-08   6.8949E-04  0.2656   0.0000E+00  0.0000   0.0000E+00  0.0000   0.0000E+00  0.0000
   5.6234E-08   1.0000E-07   6.8127E-04  0.2672   0.0000E+00  0.0000   0.0000E+00  0.0000   0.0000E+00  0.0000
   1.0000E-07   1.7783E-07   2.6618E-04  0.2868   0.0000E+00  0.0000   0.0000E+00  0.0000   0.0000E+00  0.0000
   1.7783E-07   3.1623E-07   8.8591E-05  0.3835   0.0000E+00  0.0000   0.0000E+00  0.0000   0.0000E+00  0.0000
   3.1623E-07   5.6234E-07   3.5873E-05  0.3584   0.0000E+00  0.0000   0.0000E+00  0.0000   0.0000E+00  0.0000
   5.6234E-07   1.0000E-06   6.3914E-05  0.4992   0.0000E+00  0.0000   0.0000E+00  0.0000   0.0000E+00  0.0000
   1.0000E-06   1.7783E-06   6.3423E-05  0.3458   0.0000E+00  0.0000   0.0000E+00  0.0000   0.0000E+00  0.0000
   1.7783E-06   3.1623E-06   7.5619E-05  0.3935   0.0000E+00  0.0000   0.0000E+00  0.0000   0.0000E+00  0.0000
   3.1623E-06   5.6234E-06   3.7721E-05  0.3691   0.0000E+00  0.0000   0.0000E+00  0.0000   0.0000E+00  0.0000
   5.6234E-06   1.0000E-05   6.1628E-05  0.3972   0.0000E+00  0.0000   0.0000E+00  0.0000   0.0000E+00  0.0000
   1.0000E-05   1.7783E-05   5.1530E-05  0.4856   0.0000E+00  0.0000   0.0000E+00  0.0000   0.0000E+00  0.0000
   1.7783E-05   3.1623E-05   3.9043E-05  0.3802   0.0000E+00  0.0000   0.0000E+00  0.0000   0.0000E+00  0.0000
   3.1623E-05   5.6234E-05   4.3169E-05  0.4008   0.0000E+00  0.0000   0.0000E+00  0.0000   0.0000E+00  0.0000
   5.6234E-05   1.0000E-04   4.7503E-05  0.4144   0.0000E+00  0.0000   0.0000E+00  0.0000   0.0000E+00  0.0000
   1.0000E-04   1.7783E-04   2.3601E-05  0.3359   0.0000E+00  0.0000   9.0899E-18  1.0000   0.0000E+00  0.0000
   1.7783E-04   3.1623E-04   5.3774E-05  0.3605   0.0000E+00  0.0000   0.0000E+00  0.0000   0.0000E+00  0.0000
   3.1623E-04   5.6234E-04   5.9784E-05  0.4605   0.0000E+00  0.0000   0.0000E+00  0.0000   0.0000E+00  0.0000
   5.6234E-04   1.0000E-03   3.5083E-05  0.2788   0.0000E+00  0.0000   0.0000E+00  0.0000   1.3987E-15  0.4746
   1.0000E-03   1.7783E-03   7.6461E-05  0.3142   0.0000E+00  0.0000   5.4459E-13  1.0000   6.7456E-11  0.3447
   1.7783E-03   3.1623E-03   6.0488E-05  0.3423   0.0000E+00  0.0000   2.6606E-13  1.0000   1.0894E-10  0.3446
   3.1623E-03   5.6234E-03   7.7526E-05  0.2973   0.0000E+00  0.0000   3.9309E-13  1.0000   1.6445E-10  0.3446
   5.6234E-03   1.0000E-02   4.6330E-05  0.3917   0.0000E+00  0.0000   6.3045E-13  1.0000   2.2693E-10  0.3446
   1.0000E-02   1.7783E-02   4.7162E-05  0.4514   0.0000E+00  0.0000   1.1305E-12  1.0000   3.0437E-10  0.3446
   1.7783E-02   3.1623E-02   7.2828E-05  0.3644   0.0000E+00  0.0000   2.3339E-12  1.0000   4.3606E-10  0.3446
   3.1623E-02   5.6234E-02   6.4734E-05  0.4549   0.0000E+00  0.0000   5.4523E-12  1.0000   6.5435E-10  0.3446
   5.6234E-02   1.0000E-01   9.0686E-05  0.4225   0.0000E+00  0.0000   1.3662E-11  1.0000   1.0704E-09  0.3446
   1.0000E-01   1.7783E-01   8.4441E-05  0.2965   0.0000E+00  0.0000   3.5067E-11  1.0000   1.9752E-09  0.3446
   1.7783E-01   3.1623E-01   8.5602E-05  0.4405   0.0000E+00  0.0000   9.1729E-11  1.0000   4.1951E-09  0.3448
   3.1623E-01   5.6234E-01   1.3784E-04  0.2526   0.0000E+00  0.0000   2.4587E-10  1.0000   9.9841E-09  0.3451
   5.6234E-01   1.0000E+00   1.6362E-04  0.2700   0.0000E+00  0.0000   6.7436E-10  1.0000   2.5203E-08  0.3451
   1.0000E+00   1.7783E+00   2.0608E-04  0.3073   0.0000E+00  0.0000   1.8883E-09  1.0000   6.4183E-08  0.3397
   1.7783E+00   3.1623E+00   2.3058E-04  0.3044   0.0000E+00  0.0000   5.3712E-09  1.0000   1.5801E-07  0.3283
   3.1623E+00   5.6234E+00   1.1775E-04  0.3994   0.0000E+00  0.0000   5.0254E-09  1.0000   3.7687E-07  0.3067
   5.6234E+00   1.0000E+01   1.1235E-04  0.4550   0.0000E+00  0.0000   0.0000E+00  0.0000   8.4055E-07  0.2961
   1.0000E+01   1.7783E+01   5.2723E-05  0.3959   0.0000E+00  0.0000   0.0000E+00  0.0000   1.8603E-06  0.2803
   1.7783E+01   3.1623E+01   1.4333E-04  0.5384   0.0000E+00  0.0000   0.0000E+00  0.0000   4.3961E-06  0.2920
   3.1623E+01   5.6234E+01   1.8501E-04  0.4813   0.0000E+00  0.0000   0.0000E+00  0.0000   8.4162E-06  0.3237
   5.6234E+01   1.0000E+02   2.2890E-04  0.3424   0.0000E+00  0.0000   0.0000E+00  0.0000   1.2219E-05  0.3083
   1.0000E+02   1.7783E+02   3.5389E-04  0.2944   0.0000E+00  0.0000   0.0000E+00  0.0000   1.1375E-05  0.3875
   1.7783E+02   3.1623E+02   2.8891E-04  0.3704   0.0000E+00  0.0000   0.0000E+00  0.0000   8.8778E-06  0.3494
   3.1623E+02   5.6234E+02   4.0738E-05  0.4505   0.0000E+00  0.0000   0.0000E+00  0.0000   1.4342E-05  0.3836
   5.6234E+02   1.0000E+03   1.1413E-06  0.9366   0.0000E+00  0.0000   0.0000E+00  0.0000   1.2516E-05  0.4796
   1.0000E+03   1.7783E+03   0.0000E+00  0.0000   0.0000E+00  0.0000   0.0000E+00  0.0000   7.9106E-06  0.4637
   1.7783E+03   3.1623E+03   1.4304E-06  1.0000   0.0000E+00  0.0000   0.0000E+00  0.0000   1.1592E-06  1.0000
   3.1623E+03   5.6234E+03   0.0000E+00  0.0000   0.0000E+00  0.0000   0.0000E+00  0.0000   0.0000E+00  0.0000
   5.6234E+03   1.0000E+04   0.0000E+00  0.0000   0.0000E+00  0.0000   0.0000E+00  0.0000   0.0000E+00  0.0000
   1.0000E+04   1.7783E+04   0.0000E+00  0.0000   0.0000E+00  0.0000   0.0000E+00  0.0000   0.0000E+00  0.0000
   1.7783E+04   3.1623E+04   0.0000E+00  0.0000   0.0000E+00  0.0000   0.0000E+00  0.0000   1.8265E-06  1.0000
   3.1623E+04   5.6234E+04   0.0000E+00  0.0000   0.0000E+00  0.0000   0.0000E+00  0.0000   0.0000E+00  0.0000
   5.6234E+04   1.0000E+05   0.0000E+00  0.0000   0.0000E+00  0.0000   0.0000E+00  0.0000   0.0000E+00  0.0000

#   sum over                 6.1760E-03  0.2150   0.0000E+00  0.0000   1.3356E-08  1.0000   8.6382E-05  0.2414

'no. = 33, (ix,iy,iz) = (  1,  1, 33)'
msuc: {\huge Flux spectra vs depth in concrete}
msdr: {\it plotted by \ANGEL \version}
msdl: {\it calculated by \PHITS  3.36}
wt: s(0.7)
\vspace{-3}
   vol  &=&   2.8800E+07 [cm^3]
  xmin  &=&  -6.0000E+02 [cm]
  xmax  &=&   6.0000E+02 [cm]
  ymin  &=&  -6.0000E+02 [cm]
  ymax  &=&   6.0000E+02 [cm]
  zmin  &=&  -6.0000E+01 [cm]
  zmax  &=&  -4.0000E+01 [cm]
e:

#------------------------------------------------------------------------------
 newpage:
#   no. = 34   ix  =  1   iy  =  1   iz  = 34
#   x = (  -6.0000E+02  -   6.0000E+02  )
#   y = (  -6.0000E+02  -   6.0000E+02  )
#   z = (  -4.0000E+01  -  -2.0000E+01  )

x: Energy [MeV/n]
y: Flux [1/cm^2/source]              
p: xlog ylog afac(0.8) form(0.9)
h: n            x            y(neutron ),hh0l n y(muon-   ),hh0dr n y(muon+   ),hh0ub n y(proton  ),hh0mg n 
#  e-lower      e-upper        neutron   r.err      muon-     r.err      muon+     r.err      proton    r.err 
   1.0000E-10   1.7783E-10   4.0950E-09  0.7502   0.0000E+00  0.0000   0.0000E+00  0.0000   0.0000E+00  0.0000
   1.7783E-10   3.1623E-10   2.0947E-08  0.6556   0.0000E+00  0.0000   0.0000E+00  0.0000   0.0000E+00  0.0000
   3.1623E-10   5.6234E-10   1.2674E-08  0.7118   0.0000E+00  0.0000   0.0000E+00  0.0000   0.0000E+00  0.0000
   5.6234E-10   1.0000E-09   2.5702E-06  0.4577   0.0000E+00  0.0000   0.0000E+00  0.0000   0.0000E+00  0.0000
   1.0000E-09   1.7783E-09   3.1900E-06  0.5079   0.0000E+00  0.0000   0.0000E+00  0.0000   0.0000E+00  0.0000
   1.7783E-09   3.1623E-09   1.0849E-05  0.3513   0.0000E+00  0.0000   0.0000E+00  0.0000   0.0000E+00  0.0000
   3.1623E-09   5.6234E-09   4.1905E-05  0.2855   0.0000E+00  0.0000   0.0000E+00  0.0000   0.0000E+00  0.0000
   5.6234E-09   1.0000E-08   1.0527E-04  0.2529   0.0000E+00  0.0000   0.0000E+00  0.0000   0.0000E+00  0.0000
   1.0000E-08   1.7783E-08   2.7166E-04  0.2508   0.0000E+00  0.0000   0.0000E+00  0.0000   0.0000E+00  0.0000
   1.7783E-08   3.1623E-08   5.5343E-04  0.2551   0.0000E+00  0.0000   0.0000E+00  0.0000   0.0000E+00  0.0000
   3.1623E-08   5.6234E-08   8.2326E-04  0.2499   0.0000E+00  0.0000   0.0000E+00  0.0000   0.0000E+00  0.0000
   5.6234E-08   1.0000E-07   8.3470E-04  0.2604   0.0000E+00  0.0000   0.0000E+00  0.0000   0.0000E+00  0.0000
   1.0000E-07   1.7783E-07   4.0048E-04  0.2316   0.0000E+00  0.0000   0.0000E+00  0.0000   0.0000E+00  0.0000
   1.7783E-07   3.1623E-07   1.0322E-04  0.2738   0.0000E+00  0.0000   0.0000E+00  0.0000   0.0000E+00  0.0000
   3.1623E-07   5.6234E-07   9.2378E-05  0.3163   0.0000E+00  0.0000   0.0000E+00  0.0000   0.0000E+00  0.0000
   5.6234E-07   1.0000E-06   6.8437E-05  0.3404   0.0000E+00  0.0000   0.0000E+00  0.0000   0.0000E+00  0.0000
   1.0000E-06   1.7783E-06   9.7316E-05  0.3052   0.0000E+00  0.0000   0.0000E+00  0.0000   0.0000E+00  0.0000
   1.7783E-06   3.1623E-06   4.8172E-05  0.3345   0.0000E+00  0.0000   0.0000E+00  0.0000   0.0000E+00  0.0000
   3.1623E-06   5.6234E-06   5.2923E-05  0.3309   0.0000E+00  0.0000   0.0000E+00  0.0000   0.0000E+00  0.0000
   5.6234E-06   1.0000E-05   7.2347E-05  0.3216   0.0000E+00  0.0000   0.0000E+00  0.0000   0.0000E+00  0.0000
   1.0000E-05   1.7783E-05   5.8846E-05  0.2979   0.0000E+00  0.0000   0.0000E+00  0.0000   0.0000E+00  0.0000
   1.7783E-05   3.1623E-05   9.0597E-05  0.3558   0.0000E+00  0.0000   0.0000E+00  0.0000   0.0000E+00  0.0000
   3.1623E-05   5.6234E-05   7.2356E-05  0.3298   0.0000E+00  0.0000   0.0000E+00  0.0000   0.0000E+00  0.0000
   5.6234E-05   1.0000E-04   7.7567E-05  0.3437   0.0000E+00  0.0000   0.0000E+00  0.0000   0.0000E+00  0.0000
   1.0000E-04   1.7783E-04   6.4665E-05  0.3275   0.0000E+00  0.0000   1.8179E-17  0.7066   0.0000E+00  0.0000
   1.7783E-04   3.1623E-04   2.5147E-05  0.3742   0.0000E+00  0.0000   0.0000E+00  0.0000   0.0000E+00  0.0000
   3.1623E-04   5.6234E-04   6.2001E-05  0.3981   0.0000E+00  0.0000   0.0000E+00  0.0000   0.0000E+00  0.0000
   5.6234E-04   1.0000E-03   6.2027E-05  0.3605   0.0000E+00  0.0000   0.0000E+00  0.0000   2.1886E-15  0.2637
   1.0000E-03   1.7783E-03   6.9140E-05  0.3433   0.0000E+00  0.0000   8.1688E-13  0.5765   8.7883E-11  0.2451
   1.7783E-03   3.1623E-03   9.6453E-05  0.5209   0.0000E+00  0.0000   3.9910E-13  0.5765   1.4201E-10  0.2452
   3.1623E-03   5.6234E-03   4.2950E-05  0.3276   0.0000E+00  0.0000   5.8963E-13  0.5765   2.1437E-10  0.2452
   5.6234E-03   1.0000E-02   5.9392E-05  0.3903   0.0000E+00  0.0000   9.4568E-13  0.5765   2.9582E-10  0.2452
   1.0000E-02   1.7783E-02   6.6870E-05  0.4199   0.0000E+00  0.0000   1.6957E-12  0.5765   3.9677E-10  0.2452
   1.7783E-02   3.1623E-02   2.7561E-05  0.4238   0.0000E+00  0.0000   3.5008E-12  0.5765   5.6843E-10  0.2452
   3.1623E-02   5.6234E-02   6.7902E-05  0.3138   0.0000E+00  0.0000   8.1785E-12  0.5765   8.5300E-10  0.2452
   5.6234E-02   1.0000E-01   6.5385E-05  0.4324   0.0000E+00  0.0000   2.0492E-11  0.5765   1.3954E-09  0.2452
   1.0000E-01   1.7783E-01   1.1838E-04  0.3391   0.0000E+00  0.0000   5.2601E-11  0.5765   2.5748E-09  0.2452
   1.7783E-01   3.1623E-01   8.4412E-05  0.4114   0.0000E+00  0.0000   1.3759E-10  0.5765   5.4704E-09  0.2452
   3.1623E-01   5.6234E-01   8.9947E-05  0.4097   0.0000E+00  0.0000   3.6881E-10  0.5765   1.3034E-08  0.2452
   5.6234E-01   1.0000E+00   3.0445E-04  0.3615   0.0000E+00  0.0000   1.0115E-09  0.5765   3.2376E-08  0.2437
   1.0000E+00   1.7783E+00   1.5134E-04  0.3577   0.0000E+00  0.0000   2.8325E-09  0.5765   8.1381E-08  0.2428
   1.7783E+00   3.1623E+00   1.7208E-04  0.3351   0.0000E+00  0.0000   8.0568E-09  0.5765   1.9274E-07  0.2474
   3.1623E+00   5.6234E+00   2.9593E-04  0.4119   0.0000E+00  0.0000   7.6147E-09  0.5765   4.0862E-07  0.2626
   5.6234E+00   1.0000E+01   1.0040E-04  0.4341   0.0000E+00  0.0000   0.0000E+00  0.0000   8.3173E-07  0.2725
   1.0000E+01   1.7783E+01   1.0220E-04  0.3931   0.0000E+00  0.0000   0.0000E+00  0.0000   1.9938E-06  0.2926
   1.7783E+01   3.1623E+01   9.5764E-05  0.5550   0.0000E+00  0.0000   0.0000E+00  0.0000   4.0709E-06  0.3225
   3.1623E+01   5.6234E+01   2.6480E-04  0.4462   0.0000E+00  0.0000   0.0000E+00  0.0000   8.5808E-06  0.3482
   5.6234E+01   1.0000E+02   2.1479E-04  0.3298   0.0000E+00  0.0000   0.0000E+00  0.0000   1.5415E-05  0.3656
   1.0000E+02   1.7783E+02   4.4684E-04  0.3095   0.0000E+00  0.0000   0.0000E+00  0.0000   2.5739E-05  0.4324
   1.7783E+02   3.1623E+02   5.0163E-04  0.3136   0.0000E+00  0.0000   0.0000E+00  0.0000   1.4515E-05  0.3818
   3.1623E+02   5.6234E+02   4.9551E-05  0.7067   0.0000E+00  0.0000   0.0000E+00  0.0000   1.5717E-05  0.3651
   5.6234E+02   1.0000E+03   2.2981E-07  1.0000   0.0000E+00  0.0000   0.0000E+00  0.0000   1.5634E-05  0.4112
   1.0000E+03   1.7783E+03   0.0000E+00  0.0000   0.0000E+00  0.0000   0.0000E+00  0.0000   1.4522E-05  0.4707
   1.7783E+03   3.1623E+03   2.7526E-06  1.0000   0.0000E+00  0.0000   0.0000E+00  0.0000   2.3200E-06  0.8262
   3.1623E+03   5.6234E+03   0.0000E+00  0.0000   0.0000E+00  0.0000   0.0000E+00  0.0000   3.4728E-06  0.7070
   5.6234E+03   1.0000E+04   0.0000E+00  0.0000   0.0000E+00  0.0000   0.0000E+00  0.0000   0.0000E+00  0.0000
   1.0000E+04   1.7783E+04   0.0000E+00  0.0000   0.0000E+00  0.0000   0.0000E+00  0.0000   0.0000E+00  0.0000
   1.7783E+04   3.1623E+04   0.0000E+00  0.0000   0.0000E+00  0.0000   0.0000E+00  0.0000   1.8267E-06  1.0000
   3.1623E+04   5.6234E+04   0.0000E+00  0.0000   0.0000E+00  0.0000   0.0000E+00  0.0000   0.0000E+00  0.0000
   5.6234E+04   1.0000E+05   0.0000E+00  0.0000   0.0000E+00  0.0000   0.0000E+00  0.0000   0.0000E+00  0.0000

#   sum over                 7.5865E-03  0.1983   0.0000E+00  0.0000   2.0111E-08  0.5765   1.2538E-04  0.2293

'no. = 34, (ix,iy,iz) = (  1,  1, 34)'
msuc: {\huge Flux spectra vs depth in concrete}
msdr: {\it plotted by \ANGEL \version}
msdl: {\it calculated by \PHITS  3.36}
wt: s(0.7)
\vspace{-3}
   vol  &=&   2.8800E+07 [cm^3]
  xmin  &=&  -6.0000E+02 [cm]
  xmax  &=&   6.0000E+02 [cm]
  ymin  &=&  -6.0000E+02 [cm]
  ymax  &=&   6.0000E+02 [cm]
  zmin  &=&  -4.0000E+01 [cm]
  zmax  &=&  -2.0000E+01 [cm]
e:

#------------------------------------------------------------------------------
 newpage:
#   no. = 35   ix  =  1   iy  =  1   iz  = 35
#   x = (  -6.0000E+02  -   6.0000E+02  )
#   y = (  -6.0000E+02  -   6.0000E+02  )
#   z = (  -2.0000E+01  -   0.0000E+00  )

x: Energy [MeV/n]
y: Flux [1/cm^2/source]              
p: xlog ylog afac(0.8) form(0.9)
h: n            x            y(neutron ),hh0l n y(muon-   ),hh0dr n y(muon+   ),hh0ub n y(proton  ),hh0mg n 
#  e-lower      e-upper        neutron   r.err      muon-     r.err      muon+     r.err      proton    r.err 
   1.0000E-10   1.7783E-10   3.4729E-08  1.0000   0.0000E+00  0.0000   0.0000E+00  0.0000   0.0000E+00  0.0000
   1.7783E-10   3.1623E-10   1.4572E-07  1.0000   0.0000E+00  0.0000   0.0000E+00  0.0000   0.0000E+00  0.0000
   3.1623E-10   5.6234E-10   7.5033E-08  0.9225   0.0000E+00  0.0000   0.0000E+00  0.0000   0.0000E+00  0.0000
   5.6234E-10   1.0000E-09   1.2055E-06  0.6574   0.0000E+00  0.0000   0.0000E+00  0.0000   0.0000E+00  0.0000
   1.0000E-09   1.7783E-09   3.7281E-06  0.5748   0.0000E+00  0.0000   0.0000E+00  0.0000   0.0000E+00  0.0000
   1.7783E-09   3.1623E-09   1.0331E-05  0.2742   0.0000E+00  0.0000   0.0000E+00  0.0000   0.0000E+00  0.0000
   3.1623E-09   5.6234E-09   3.4112E-05  0.2508   0.0000E+00  0.0000   0.0000E+00  0.0000   0.0000E+00  0.0000
   5.6234E-09   1.0000E-08   6.9333E-05  0.2574   0.0000E+00  0.0000   0.0000E+00  0.0000   0.0000E+00  0.0000
   1.0000E-08   1.7783E-08   1.6226E-04  0.2320   0.0000E+00  0.0000   0.0000E+00  0.0000   0.0000E+00  0.0000
   1.7783E-08   3.1623E-08   3.5064E-04  0.2518   0.0000E+00  0.0000   0.0000E+00  0.0000   0.0000E+00  0.0000
   3.1623E-08   5.6234E-08   6.3170E-04  0.2164   0.0000E+00  0.0000   0.0000E+00  0.0000   0.0000E+00  0.0000
   5.6234E-08   1.0000E-07   5.0652E-04  0.2184   0.0000E+00  0.0000   0.0000E+00  0.0000   0.0000E+00  0.0000
   1.0000E-07   1.7783E-07   2.2191E-04  0.2185   0.0000E+00  0.0000   0.0000E+00  0.0000   0.0000E+00  0.0000
   1.7783E-07   3.1623E-07   4.8559E-05  0.4501   0.0000E+00  0.0000   0.0000E+00  0.0000   0.0000E+00  0.0000
   3.1623E-07   5.6234E-07   2.6406E-05  0.3891   0.0000E+00  0.0000   0.0000E+00  0.0000   0.0000E+00  0.0000
   5.6234E-07   1.0000E-06   2.2978E-05  0.4079   0.0000E+00  0.0000   0.0000E+00  0.0000   0.0000E+00  0.0000
   1.0000E-06   1.7783E-06   5.6965E-05  0.3736   0.0000E+00  0.0000   0.0000E+00  0.0000   0.0000E+00  0.0000
   1.7783E-06   3.1623E-06   6.3098E-05  0.4057   0.0000E+00  0.0000   0.0000E+00  0.0000   0.0000E+00  0.0000
   3.1623E-06   5.6234E-06   2.4097E-05  0.3700   0.0000E+00  0.0000   0.0000E+00  0.0000   0.0000E+00  0.0000
   5.6234E-06   1.0000E-05   3.8891E-05  0.4291   0.0000E+00  0.0000   0.0000E+00  0.0000   0.0000E+00  0.0000
   1.0000E-05   1.7783E-05   4.8784E-05  0.4194   0.0000E+00  0.0000   0.0000E+00  0.0000   0.0000E+00  0.0000
   1.7783E-05   3.1623E-05   5.4094E-05  0.3703   0.0000E+00  0.0000   0.0000E+00  0.0000   0.0000E+00  0.0000
   3.1623E-05   5.6234E-05   4.4005E-05  0.5228   0.0000E+00  0.0000   0.0000E+00  0.0000   0.0000E+00  0.0000
   5.6234E-05   1.0000E-04   4.2609E-05  0.3509   0.0000E+00  0.0000   0.0000E+00  0.0000   0.0000E+00  0.0000
   1.0000E-04   1.7783E-04   3.1762E-05  0.4077   0.0000E+00  0.0000   0.0000E+00  0.0000   0.0000E+00  0.0000
   1.7783E-04   3.1623E-04   3.6513E-05  0.4020   0.0000E+00  0.0000   0.0000E+00  0.0000   0.0000E+00  0.0000
   3.1623E-04   5.6234E-04   5.6259E-05  0.3558   0.0000E+00  0.0000   0.0000E+00  0.0000   0.0000E+00  0.0000
   5.6234E-04   1.0000E-03   6.2207E-05  0.3836   0.0000E+00  0.0000   0.0000E+00  0.0000   1.7167E-15  0.2953
   1.0000E-03   1.7783E-03   3.6515E-05  0.3262   0.0000E+00  0.0000   0.0000E+00  0.0000   9.3530E-11  0.2038
   1.7783E-03   3.1623E-03   5.4618E-05  0.5316   0.0000E+00  0.0000   0.0000E+00  0.0000   1.5108E-10  0.2038
   3.1623E-03   5.6234E-03   2.6632E-05  0.4615   0.0000E+00  0.0000   0.0000E+00  0.0000   2.2806E-10  0.2038
   5.6234E-03   1.0000E-02   5.8977E-05  0.3660   0.0000E+00  0.0000   0.0000E+00  0.0000   3.1470E-10  0.2038
   1.0000E-02   1.7783E-02   6.8613E-05  0.4677   0.0000E+00  0.0000   0.0000E+00  0.0000   4.2210E-10  0.2038
   1.7783E-02   3.1623E-02   3.8739E-05  0.4152   0.0000E+00  0.0000   0.0000E+00  0.0000   6.0472E-10  0.2038
   3.1623E-02   5.6234E-02   7.6772E-05  0.3938   0.0000E+00  0.0000   0.0000E+00  0.0000   9.0745E-10  0.2038
   5.6234E-02   1.0000E-01   8.3207E-05  0.4562   0.0000E+00  0.0000   0.0000E+00  0.0000   1.4844E-09  0.2038
   1.0000E-01   1.7783E-01   1.1432E-04  0.4458   0.0000E+00  0.0000   0.0000E+00  0.0000   2.7392E-09  0.2038
   1.7783E-01   3.1623E-01   1.6533E-04  0.3116   0.0000E+00  0.0000   0.0000E+00  0.0000   5.8196E-09  0.2038
   3.1623E-01   5.6234E-01   1.7018E-04  0.3469   0.0000E+00  0.0000   0.0000E+00  0.0000   1.3866E-08  0.2038
   5.6234E-01   1.0000E+00   2.1872E-04  0.3095   0.0000E+00  0.0000   0.0000E+00  0.0000   3.5002E-08  0.2038
   1.0000E+00   1.7783E+00   1.8057E-04  0.3108   0.0000E+00  0.0000   0.0000E+00  0.0000   9.0020E-08  0.2040
   1.7783E+00   3.1623E+00   1.0692E-04  0.4322   0.0000E+00  0.0000   0.0000E+00  0.0000   2.1774E-07  0.2036
   3.1623E+00   5.6234E+00   3.5482E-04  0.3060   0.0000E+00  0.0000   0.0000E+00  0.0000   4.9251E-07  0.1997
   5.6234E+00   1.0000E+01   2.4213E-04  0.3248   0.0000E+00  0.0000   0.0000E+00  0.0000   1.2096E-06  0.2034
   1.0000E+01   1.7783E+01   8.9145E-05  0.4662   0.0000E+00  0.0000   0.0000E+00  0.0000   3.2077E-06  0.2055
   1.7783E+01   3.1623E+01   1.5567E-04  0.3739   0.0000E+00  0.0000   0.0000E+00  0.0000   8.0596E-06  0.2031
   3.1623E+01   5.6234E+01   2.0982E-04  0.4267   0.0000E+00  0.0000   0.0000E+00  0.0000   1.4555E-05  0.2454
   5.6234E+01   1.0000E+02   4.1968E-04  0.3627   0.0000E+00  0.0000   0.0000E+00  0.0000   2.2469E-05  0.3303
   1.0000E+02   1.7783E+02   5.8630E-04  0.2929   0.0000E+00  0.0000   0.0000E+00  0.0000   2.3445E-05  0.2494
   1.7783E+02   3.1623E+02   6.3118E-04  0.3132   0.0000E+00  0.0000   0.0000E+00  0.0000   3.8551E-05  0.5800
   3.1623E+02   5.6234E+02   6.4965E-05  0.8172   0.0000E+00  0.0000   0.0000E+00  0.0000   2.7937E-05  0.3003
   5.6234E+02   1.0000E+03   0.0000E+00  0.0000   0.0000E+00  0.0000   0.0000E+00  0.0000   2.9213E-05  0.3426
   1.0000E+03   1.7783E+03   0.0000E+00  0.0000   0.0000E+00  0.0000   0.0000E+00  0.0000   1.7178E-05  0.4979
   1.7783E+03   3.1623E+03   1.4554E-06  1.0000   0.0000E+00  0.0000   0.0000E+00  0.0000   5.5044E-06  0.6320
   3.1623E+03   5.6234E+03   0.0000E+00  0.0000   0.0000E+00  0.0000   0.0000E+00  0.0000   3.2533E-06  0.8076
   5.6234E+03   1.0000E+04   0.0000E+00  0.0000   0.0000E+00  0.0000   0.0000E+00  0.0000   0.0000E+00  0.0000
   1.0000E+04   1.7783E+04   0.0000E+00  0.0000   0.0000E+00  0.0000   0.0000E+00  0.0000   0.0000E+00  0.0000
   1.7783E+04   3.1623E+04   0.0000E+00  0.0000   0.0000E+00  0.0000   0.0000E+00  0.0000   2.9259E-06  1.0000
   3.1623E+04   5.6234E+04   0.0000E+00  0.0000   0.0000E+00  0.0000   0.0000E+00  0.0000   0.0000E+00  0.0000
   5.6234E+04   1.0000E+05   0.0000E+00  0.0000   0.0000E+00  0.0000   0.0000E+00  0.0000   0.0000E+00  0.0000

#   sum over                 6.8045E-03  0.1693   0.0000E+00  0.0000   0.0000E+00  0.0000   1.9837E-04  0.1897

'no. = 35, (ix,iy,iz) = (  1,  1, 35)'
msuc: {\huge Flux spectra vs depth in concrete}
msdr: {\it plotted by \ANGEL \version}
msdl: {\it calculated by \PHITS  3.36}
wt: s(0.7)
\vspace{-3}
   vol  &=&   2.8800E+07 [cm^3]
  xmin  &=&  -6.0000E+02 [cm]
  xmax  &=&   6.0000E+02 [cm]
  ymin  &=&  -6.0000E+02 [cm]
  ymax  &=&   6.0000E+02 [cm]
  zmin  &=&  -2.0000E+01 [cm]
  zmax  &=&   0.0000E+00 [cm]
e:
 
# Information for Restart Calculation
# This calculation was newly started
# istdev =  2 # 1:Batch variance, 2:History variance
# resc2  = 2.63670843749526547E-02 # Total source weight or Total source weight / maxcas
# resc3  = 7.00000000000000000E+02 # Total history number or Total batch number
# maxcas =         700 # History / Batch, only used for istdev=1
# bitrseed = 1100111110000111001101010000101001001001101010000010010001001110 # bit data of rseed
