[ T-Track ]
    title = Flux spectra vs depth in concrete
     mesh =  xyz            # mesh type is xyz scoring mesh
   x-type =    2            # x-mesh is linear given by xmin, xmax and nx
     xmin =  -600.0000      # minimum value of x-mesh points
     xmax =   600.0000      # maximum value of x-mesh points
#    xdel =   1200.000      # mesh width of x-mesh points
       nx =      1          # number of x-mesh points
#    data = ( x(i), i = 1, nx + 1 )
#          -6.00000E+02  6.00000E+02
   y-type =    2            # y-mesh is linear given by ymin, ymax and ny
     ymin =  -600.0000      # minimum value of y-mesh points
     ymax =   600.0000      # maximum value of y-mesh points
#    ydel =   1200.000      # mesh width of y-mesh points
       ny =      1          # number of y-mesh points
#    data = ( y(i), i = 1, ny + 1 )
#          -6.00000E+02  6.00000E+02
   z-type =    2            # z-mesh is linear given by zmin, zmax and nz
     zmin =  -700.0000      # minimum value of z-mesh points
     zmax =   0.000000      # maximum value of z-mesh points
#    zdel =   20.00000      # mesh width of z-mesh points
       nz =     35          # number of z-mesh points
#    data = ( z(i), i = 1, nz + 1 )
#          -7.00000E+02 -6.80000E+02 -6.60000E+02 -6.40000E+02 -6.20000E+02
#          -6.00000E+02 -5.80000E+02 -5.60000E+02 -5.40000E+02 -5.20000E+02
#          -5.00000E+02 -4.80000E+02 -4.60000E+02 -4.40000E+02 -4.20000E+02
#          -4.00000E+02 -3.80000E+02 -3.60000E+02 -3.40000E+02 -3.20000E+02
#          -3.00000E+02 -2.80000E+02 -2.60000E+02 -2.40000E+02 -2.20000E+02
#          -2.00000E+02 -1.80000E+02 -1.60000E+02 -1.40000E+02 -1.20000E+02
#          -1.00000E+02 -8.00000E+01 -6.00000E+01 -4.00000E+01 -2.00000E+01
#           0.00000E+00
   e-type =    3            # e-mesh is log given by emin, emax and ne
     emin =  1.0000000E-10  # minimum value of e-mesh points
     emax =   100000.0      # maximum value of e-mesh points
#    edel =  0.5756463      # mesh width of e-mesh points
       ne =     60          # number of e-mesh points
#    data = ( e(i), i = 1, ne + 1 )
#           1.00000E-10  1.77828E-10  3.16228E-10  5.62341E-10  1.00000E-09
#           1.77828E-09  3.16228E-09  5.62341E-09  1.00000E-08  1.77828E-08
#           3.16228E-08  5.62341E-08  1.00000E-07  1.77828E-07  3.16228E-07
#           5.62341E-07  1.00000E-06  1.77828E-06  3.16228E-06  5.62341E-06
#           1.00000E-05  1.77828E-05  3.16228E-05  5.62341E-05  1.00000E-04
#           1.77828E-04  3.16228E-04  5.62341E-04  1.00000E-03  1.77828E-03
#           3.16228E-03  5.62341E-03  1.00000E-02  1.77828E-02  3.16228E-02
#           5.62341E-02  1.00000E-01  1.77828E-01  3.16228E-01  5.62341E-01
#           1.00000E+00  1.77828E+00  3.16228E+00  5.62341E+00  1.00000E+01
#           1.77828E+01  3.16228E+01  5.62341E+01  1.00000E+02  1.77828E+02
#           3.16228E+02  5.62341E+02  1.00000E+03  1.77828E+03  3.16228E+03
#           5.62341E+03  1.00000E+04  1.77828E+04  3.16228E+04  5.62341E+04
#           1.00000E+05
     unit =    1            # unit is [1/cm^2/source]
 material =  all            # (D=all) number of specific material
     axis =     eng            # axis of output
     file = depth_spec.out  # file name of output for the above axis
     part =  neutron    muon-      muon+      proton   
# kf/name :  2112       13         -13        2212     
#    used :        main (  %)        temp (  %)       total (  %)
#  memory :         105 (  0)           0 (  0)         105 (  0)

#------------------------------------------------------------------------------
#newpage:
#   no. =  1   ix  =  1   iy  =  1   iz  =  1
#   x = (  -6.0000E+02  -   6.0000E+02  )
#   y = (  -6.0000E+02  -   6.0000E+02  )
#   z = (  -7.0000E+02  -  -6.8000E+02  )

x: Energy [MeV/n]
y: Flux [1/cm^2/source]              
p: xlog ylog afac(0.8) form(0.9)
h: n            x            y(neutron ),hh0l n y(muon-   ),hh0dr n y(muon+   ),hh0ub n y(proton  ),hh0mg n 
#  e-lower      e-upper        neutron   r.err      muon-     r.err      muon+     r.err      proton    r.err 
   1.0000E-10   1.7783E-10   0.0000E+00  0.0000   0.0000E+00  0.0000   0.0000E+00  0.0000   0.0000E+00  0.0000
   1.7783E-10   3.1623E-10   0.0000E+00  0.0000   0.0000E+00  0.0000   0.0000E+00  0.0000   0.0000E+00  0.0000
   3.1623E-10   5.6234E-10   0.0000E+00  0.0000   0.0000E+00  0.0000   0.0000E+00  0.0000   0.0000E+00  0.0000
   5.6234E-10   1.0000E-09   0.0000E+00  0.0000   0.0000E+00  0.0000   0.0000E+00  0.0000   0.0000E+00  0.0000
   1.0000E-09   1.7783E-09   0.0000E+00  0.0000   0.0000E+00  0.0000   0.0000E+00  0.0000   0.0000E+00  0.0000
   1.7783E-09   3.1623E-09   0.0000E+00  0.0000   0.0000E+00  0.0000   0.0000E+00  0.0000   0.0000E+00  0.0000
   3.1623E-09   5.6234E-09   0.0000E+00  0.0000   0.0000E+00  0.0000   0.0000E+00  0.0000   0.0000E+00  0.0000
   5.6234E-09   1.0000E-08   0.0000E+00  0.0000   0.0000E+00  0.0000   0.0000E+00  0.0000   0.0000E+00  0.0000
   1.0000E-08   1.7783E-08   4.5429E-06  1.0000   0.0000E+00  0.0000   0.0000E+00  0.0000   0.0000E+00  0.0000
   1.7783E-08   3.1623E-08   1.8492E-06  1.0000   0.0000E+00  0.0000   0.0000E+00  0.0000   0.0000E+00  0.0000
   3.1623E-08   5.6234E-08   4.1327E-06  1.0000   0.0000E+00  0.0000   0.0000E+00  0.0000   0.0000E+00  0.0000
   5.6234E-08   1.0000E-07   1.1933E-05  1.0000   0.0000E+00  0.0000   0.0000E+00  0.0000   0.0000E+00  0.0000
   1.0000E-07   1.7783E-07   4.3857E-07  1.0000   0.0000E+00  0.0000   0.0000E+00  0.0000   0.0000E+00  0.0000
   1.7783E-07   3.1623E-07   1.1832E-06  1.0000   0.0000E+00  0.0000   0.0000E+00  0.0000   0.0000E+00  0.0000
   3.1623E-07   5.6234E-07   0.0000E+00  0.0000   0.0000E+00  0.0000   0.0000E+00  0.0000   0.0000E+00  0.0000
   5.6234E-07   1.0000E-06   0.0000E+00  0.0000   0.0000E+00  0.0000   0.0000E+00  0.0000   0.0000E+00  0.0000
   1.0000E-06   1.7783E-06   0.0000E+00  0.0000   0.0000E+00  0.0000   0.0000E+00  0.0000   0.0000E+00  0.0000
   1.7783E-06   3.1623E-06   0.0000E+00  0.0000   0.0000E+00  0.0000   0.0000E+00  0.0000   0.0000E+00  0.0000
   3.1623E-06   5.6234E-06   0.0000E+00  0.0000   0.0000E+00  0.0000   0.0000E+00  0.0000   0.0000E+00  0.0000
   5.6234E-06   1.0000E-05   0.0000E+00  0.0000   0.0000E+00  0.0000   0.0000E+00  0.0000   0.0000E+00  0.0000
   1.0000E-05   1.7783E-05   0.0000E+00  0.0000   0.0000E+00  0.0000   0.0000E+00  0.0000   0.0000E+00  0.0000
   1.7783E-05   3.1623E-05   0.0000E+00  0.0000   0.0000E+00  0.0000   0.0000E+00  0.0000   0.0000E+00  0.0000
   3.1623E-05   5.6234E-05   0.0000E+00  0.0000   0.0000E+00  0.0000   0.0000E+00  0.0000   0.0000E+00  0.0000
   5.6234E-05   1.0000E-04   0.0000E+00  0.0000   0.0000E+00  0.0000   0.0000E+00  0.0000   0.0000E+00  0.0000
   1.0000E-04   1.7783E-04   0.0000E+00  0.0000   0.0000E+00  0.0000   0.0000E+00  0.0000   0.0000E+00  0.0000
   1.7783E-04   3.1623E-04   0.0000E+00  0.0000   0.0000E+00  0.0000   0.0000E+00  0.0000   0.0000E+00  0.0000
   3.1623E-04   5.6234E-04   0.0000E+00  0.0000   0.0000E+00  0.0000   0.0000E+00  0.0000   0.0000E+00  0.0000
   5.6234E-04   1.0000E-03   0.0000E+00  0.0000   0.0000E+00  0.0000   0.0000E+00  0.0000   2.7717E-16  1.0000
   1.0000E-03   1.7783E-03   0.0000E+00  0.0000   8.3040E-12  1.0000   0.0000E+00  0.0000   5.9980E-12  1.0000
   1.7783E-03   3.1623E-03   0.0000E+00  0.0000   4.0570E-12  1.0000   0.0000E+00  0.0000   9.6861E-12  1.0000
   3.1623E-03   5.6234E-03   0.0000E+00  0.0000   5.9939E-12  1.0000   0.0000E+00  0.0000   1.4622E-11  1.0000
   5.6234E-03   1.0000E-02   0.0000E+00  0.0000   9.6133E-12  1.0000   0.0000E+00  0.0000   2.0177E-11  1.0000
   1.0000E-02   1.7783E-02   0.0000E+00  0.0000   1.7238E-11  1.0000   0.0000E+00  0.0000   2.7062E-11  1.0000
   1.7783E-02   3.1623E-02   0.0000E+00  0.0000   3.5587E-11  1.0000   0.0000E+00  0.0000   3.8771E-11  1.0000
   3.1623E-02   5.6234E-02   0.0000E+00  0.0000   8.3139E-11  1.0000   0.0000E+00  0.0000   5.8180E-11  1.0000
   5.6234E-02   1.0000E-01   0.0000E+00  0.0000   2.0831E-10  1.0000   0.0000E+00  0.0000   9.5174E-11  1.0000
   1.0000E-01   1.7783E-01   0.0000E+00  0.0000   5.3471E-10  1.0000   0.0000E+00  0.0000   1.7562E-10  1.0000
   1.7783E-01   3.1623E-01   0.0000E+00  0.0000   1.3987E-09  1.0000   0.0000E+00  0.0000   3.7312E-10  1.0000
   3.1623E-01   5.6234E-01   0.0000E+00  0.0000   3.7491E-09  1.0000   0.0000E+00  0.0000   8.8901E-10  1.0000
   5.6234E-01   1.0000E+00   0.0000E+00  0.0000   1.0283E-08  1.0000   0.0000E+00  0.0000   2.2441E-09  1.0000
   1.0000E+00   1.7783E+00   0.0000E+00  0.0000   2.8794E-08  1.0000   0.0000E+00  0.0000   2.5991E-09  1.0000
   1.7783E+00   3.1623E+00   0.0000E+00  0.0000   8.1902E-08  1.0000   0.0000E+00  0.0000   0.0000E+00  0.0000
   3.1623E+00   5.6234E+00   0.0000E+00  0.0000   2.3146E-07  1.0000   0.0000E+00  0.0000   0.0000E+00  0.0000
   5.6234E+00   1.0000E+01   5.7448E-05  1.0000   6.4479E-07  1.0000   0.0000E+00  0.0000   0.0000E+00  0.0000
   1.0000E+01   1.7783E+01   0.0000E+00  0.0000   1.7556E-06  1.0000   0.0000E+00  0.0000   0.0000E+00  0.0000
   1.7783E+01   3.1623E+01   0.0000E+00  0.0000   4.5834E-06  1.0000   0.0000E+00  0.0000   0.0000E+00  0.0000
   3.1623E+01   5.6234E+01   0.0000E+00  0.0000   1.1205E-05  1.0000   0.0000E+00  0.0000   0.0000E+00  0.0000
   5.6234E+01   1.0000E+02   0.0000E+00  0.0000   2.5084E-05  1.0000   0.0000E+00  0.0000   0.0000E+00  0.0000
   1.0000E+02   1.7783E+02   0.0000E+00  0.0000   3.3042E-05  0.8306   0.0000E+00  0.0000   0.0000E+00  0.0000
   1.7783E+02   3.1623E+02   0.0000E+00  0.0000   8.0494E-05  0.7076   0.0000E+00  0.0000   0.0000E+00  0.0000
   3.1623E+02   5.6234E+02   0.0000E+00  0.0000   9.0305E-05  0.7148   0.0000E+00  0.0000   0.0000E+00  0.0000
   5.6234E+02   1.0000E+03   0.0000E+00  0.0000   2.2304E-04  0.5397   0.0000E+00  0.0000   0.0000E+00  0.0000
   1.0000E+03   1.7783E+03   0.0000E+00  0.0000   7.4257E-04  0.2997   0.0000E+00  0.0000   0.0000E+00  0.0000
   1.7783E+03   3.1623E+03   0.0000E+00  0.0000   3.1882E-04  0.5055   0.0000E+00  0.0000   0.0000E+00  0.0000
   3.1623E+03   5.6234E+03   0.0000E+00  0.0000   6.9682E-04  0.3311   0.0000E+00  0.0000   0.0000E+00  0.0000
   5.6234E+03   1.0000E+04   0.0000E+00  0.0000   8.3560E-04  0.2906   0.0000E+00  0.0000   0.0000E+00  0.0000
   1.0000E+04   1.7783E+04   0.0000E+00  0.0000   2.3608E-04  0.6089   0.0000E+00  0.0000   0.0000E+00  0.0000
   1.7783E+04   3.1623E+04   0.0000E+00  0.0000   0.0000E+00  0.0000   0.0000E+00  0.0000   0.0000E+00  0.0000
   3.1623E+04   5.6234E+04   0.0000E+00  0.0000   6.5076E-05  1.0000   0.0000E+00  0.0000   0.0000E+00  0.0000
   5.6234E+04   1.0000E+05   0.0000E+00  0.0000   0.0000E+00  0.0000   0.0000E+00  0.0000   0.0000E+00  0.0000

#   sum over                 8.1528E-05  0.7637   3.3655E-03  0.1441   0.0000E+00  0.0000   6.5506E-09  1.0000

'no. =  1, (ix,iy,iz) = (  1,  1,  1)'
msuc: {\huge Flux spectra vs depth in concrete}
msdr: {\it plotted by \ANGEL \version}
msdl: {\it calculated by \PHITS  3.36}
wt: s(0.7)
\vspace{-3}
   vol  &=&   2.8800E+07 [cm^3]
  xmin  &=&  -6.0000E+02 [cm]
  xmax  &=&   6.0000E+02 [cm]
  ymin  &=&  -6.0000E+02 [cm]
  ymax  &=&   6.0000E+02 [cm]
  zmin  &=&  -7.0000E+02 [cm]
  zmax  &=&  -6.8000E+02 [cm]
e:

#------------------------------------------------------------------------------
 newpage:
#   no. =  2   ix  =  1   iy  =  1   iz  =  2
#   x = (  -6.0000E+02  -   6.0000E+02  )
#   y = (  -6.0000E+02  -   6.0000E+02  )
#   z = (  -6.8000E+02  -  -6.6000E+02  )

x: Energy [MeV/n]
y: Flux [1/cm^2/source]              
p: xlog ylog afac(0.8) form(0.9)
h: n            x            y(neutron ),hh0l n y(muon-   ),hh0dr n y(muon+   ),hh0ub n y(proton  ),hh0mg n 
#  e-lower      e-upper        neutron   r.err      muon-     r.err      muon+     r.err      proton    r.err 
   1.0000E-10   1.7783E-10   0.0000E+00  0.0000   0.0000E+00  0.0000   0.0000E+00  0.0000   0.0000E+00  0.0000
   1.7783E-10   3.1623E-10   1.3223E-07  1.0000   0.0000E+00  0.0000   0.0000E+00  0.0000   0.0000E+00  0.0000
   3.1623E-10   5.6234E-10   0.0000E+00  0.0000   0.0000E+00  0.0000   0.0000E+00  0.0000   0.0000E+00  0.0000
   5.6234E-10   1.0000E-09   0.0000E+00  0.0000   0.0000E+00  0.0000   0.0000E+00  0.0000   0.0000E+00  0.0000
   1.0000E-09   1.7783E-09   0.0000E+00  0.0000   0.0000E+00  0.0000   0.0000E+00  0.0000   0.0000E+00  0.0000
   1.7783E-09   3.1623E-09   2.4901E-06  1.0000   0.0000E+00  0.0000   0.0000E+00  0.0000   0.0000E+00  0.0000
   3.1623E-09   5.6234E-09   5.9324E-06  1.0000   0.0000E+00  0.0000   0.0000E+00  0.0000   0.0000E+00  0.0000
   5.6234E-09   1.0000E-08   4.7810E-06  1.0000   0.0000E+00  0.0000   0.0000E+00  0.0000   0.0000E+00  0.0000
   1.0000E-08   1.7783E-08   1.8495E-05  1.0000   0.0000E+00  0.0000   0.0000E+00  0.0000   0.0000E+00  0.0000
   1.7783E-08   3.1623E-08   2.3003E-05  1.0000   0.0000E+00  0.0000   0.0000E+00  0.0000   0.0000E+00  0.0000
   3.1623E-08   5.6234E-08   2.9876E-05  1.0000   0.0000E+00  0.0000   0.0000E+00  0.0000   0.0000E+00  0.0000
   5.6234E-08   1.0000E-07   3.3809E-05  1.0000   0.0000E+00  0.0000   0.0000E+00  0.0000   0.0000E+00  0.0000
   1.0000E-07   1.7783E-07   2.0915E-05  1.0000   0.0000E+00  0.0000   0.0000E+00  0.0000   0.0000E+00  0.0000
   1.7783E-07   3.1623E-07   0.0000E+00  0.0000   0.0000E+00  0.0000   0.0000E+00  0.0000   0.0000E+00  0.0000
   3.1623E-07   5.6234E-07   0.0000E+00  0.0000   0.0000E+00  0.0000   0.0000E+00  0.0000   0.0000E+00  0.0000
   5.6234E-07   1.0000E-06   0.0000E+00  0.0000   0.0000E+00  0.0000   0.0000E+00  0.0000   0.0000E+00  0.0000
   1.0000E-06   1.7783E-06   0.0000E+00  0.0000   0.0000E+00  0.0000   0.0000E+00  0.0000   0.0000E+00  0.0000
   1.7783E-06   3.1623E-06   0.0000E+00  0.0000   0.0000E+00  0.0000   0.0000E+00  0.0000   0.0000E+00  0.0000
   3.1623E-06   5.6234E-06   0.0000E+00  0.0000   0.0000E+00  0.0000   0.0000E+00  0.0000   0.0000E+00  0.0000
   5.6234E-06   1.0000E-05   0.0000E+00  0.0000   0.0000E+00  0.0000   0.0000E+00  0.0000   0.0000E+00  0.0000
   1.0000E-05   1.7783E-05   0.0000E+00  0.0000   0.0000E+00  0.0000   0.0000E+00  0.0000   0.0000E+00  0.0000
   1.7783E-05   3.1623E-05   0.0000E+00  0.0000   0.0000E+00  0.0000   0.0000E+00  0.0000   0.0000E+00  0.0000
   3.1623E-05   5.6234E-05   0.0000E+00  0.0000   0.0000E+00  0.0000   0.0000E+00  0.0000   0.0000E+00  0.0000
   5.6234E-05   1.0000E-04   0.0000E+00  0.0000   0.0000E+00  0.0000   0.0000E+00  0.0000   0.0000E+00  0.0000
   1.0000E-04   1.7783E-04   0.0000E+00  0.0000   0.0000E+00  0.0000   0.0000E+00  0.0000   0.0000E+00  0.0000
   1.7783E-04   3.1623E-04   0.0000E+00  0.0000   0.0000E+00  0.0000   0.0000E+00  0.0000   0.0000E+00  0.0000
   3.1623E-04   5.6234E-04   0.0000E+00  0.0000   0.0000E+00  0.0000   0.0000E+00  0.0000   0.0000E+00  0.0000
   5.6234E-04   1.0000E-03   0.0000E+00  0.0000   0.0000E+00  0.0000   0.0000E+00  0.0000   0.0000E+00  0.0000
   1.0000E-03   1.7783E-03   0.0000E+00  0.0000   0.0000E+00  0.0000   0.0000E+00  0.0000   0.0000E+00  0.0000
   1.7783E-03   3.1623E-03   0.0000E+00  0.0000   0.0000E+00  0.0000   0.0000E+00  0.0000   0.0000E+00  0.0000
   3.1623E-03   5.6234E-03   0.0000E+00  0.0000   0.0000E+00  0.0000   0.0000E+00  0.0000   0.0000E+00  0.0000
   5.6234E-03   1.0000E-02   0.0000E+00  0.0000   0.0000E+00  0.0000   0.0000E+00  0.0000   0.0000E+00  0.0000
   1.0000E-02   1.7783E-02   0.0000E+00  0.0000   0.0000E+00  0.0000   0.0000E+00  0.0000   0.0000E+00  0.0000
   1.7783E-02   3.1623E-02   0.0000E+00  0.0000   0.0000E+00  0.0000   0.0000E+00  0.0000   0.0000E+00  0.0000
   3.1623E-02   5.6234E-02   0.0000E+00  0.0000   0.0000E+00  0.0000   0.0000E+00  0.0000   0.0000E+00  0.0000
   5.6234E-02   1.0000E-01   0.0000E+00  0.0000   0.0000E+00  0.0000   0.0000E+00  0.0000   0.0000E+00  0.0000
   1.0000E-01   1.7783E-01   0.0000E+00  0.0000   0.0000E+00  0.0000   0.0000E+00  0.0000   0.0000E+00  0.0000
   1.7783E-01   3.1623E-01   0.0000E+00  0.0000   0.0000E+00  0.0000   0.0000E+00  0.0000   0.0000E+00  0.0000
   3.1623E-01   5.6234E-01   0.0000E+00  0.0000   0.0000E+00  0.0000   0.0000E+00  0.0000   0.0000E+00  0.0000
   5.6234E-01   1.0000E+00   5.5237E-06  1.0000   0.0000E+00  0.0000   0.0000E+00  0.0000   0.0000E+00  0.0000
   1.0000E+00   1.7783E+00   0.0000E+00  0.0000   0.0000E+00  0.0000   0.0000E+00  0.0000   0.0000E+00  0.0000
   1.7783E+00   3.1623E+00   0.0000E+00  0.0000   0.0000E+00  0.0000   0.0000E+00  0.0000   0.0000E+00  0.0000
   3.1623E+00   5.6234E+00   0.0000E+00  0.0000   0.0000E+00  0.0000   0.0000E+00  0.0000   0.0000E+00  0.0000
   5.6234E+00   1.0000E+01   3.2302E-05  1.0000   0.0000E+00  0.0000   0.0000E+00  0.0000   0.0000E+00  0.0000
   1.0000E+01   1.7783E+01   0.0000E+00  0.0000   0.0000E+00  0.0000   0.0000E+00  0.0000   0.0000E+00  0.0000
   1.7783E+01   3.1623E+01   0.0000E+00  0.0000   0.0000E+00  0.0000   0.0000E+00  0.0000   0.0000E+00  0.0000
   3.1623E+01   5.6234E+01   0.0000E+00  0.0000   0.0000E+00  0.0000   0.0000E+00  0.0000   0.0000E+00  0.0000
   5.6234E+01   1.0000E+02   0.0000E+00  0.0000   0.0000E+00  0.0000   0.0000E+00  0.0000   0.0000E+00  0.0000
   1.0000E+02   1.7783E+02   0.0000E+00  0.0000   4.4552E-05  1.0000   0.0000E+00  0.0000   0.0000E+00  0.0000
   1.7783E+02   3.1623E+02   0.0000E+00  0.0000   7.0868E-05  0.8209   0.0000E+00  0.0000   0.0000E+00  0.0000
   3.1623E+02   5.6234E+02   0.0000E+00  0.0000   8.9131E-05  0.9089   0.0000E+00  0.0000   0.0000E+00  0.0000
   5.6234E+02   1.0000E+03   0.0000E+00  0.0000   1.4829E-04  0.6423   0.0000E+00  0.0000   0.0000E+00  0.0000
   1.0000E+03   1.7783E+03   0.0000E+00  0.0000   7.4492E-04  0.2989   0.0000E+00  0.0000   0.0000E+00  0.0000
   1.7783E+03   3.1623E+03   0.0000E+00  0.0000   4.4324E-04  0.4174   0.0000E+00  0.0000   0.0000E+00  0.0000
   3.1623E+03   5.6234E+03   0.0000E+00  0.0000   6.1466E-04  0.3538   0.0000E+00  0.0000   0.0000E+00  0.0000
   5.6234E+03   1.0000E+04   0.0000E+00  0.0000   8.9643E-04  0.2790   0.0000E+00  0.0000   0.0000E+00  0.0000
   1.0000E+04   1.7783E+04   0.0000E+00  0.0000   2.3608E-04  0.6089   0.0000E+00  0.0000   0.0000E+00  0.0000
   1.7783E+04   3.1623E+04   0.0000E+00  0.0000   0.0000E+00  0.0000   0.0000E+00  0.0000   0.0000E+00  0.0000
   3.1623E+04   5.6234E+04   0.0000E+00  0.0000   6.5076E-05  1.0000   0.0000E+00  0.0000   0.0000E+00  0.0000
   5.6234E+04   1.0000E+05   0.0000E+00  0.0000   0.0000E+00  0.0000   0.0000E+00  0.0000   0.0000E+00  0.0000

#   sum over                 1.7726E-04  0.8148   3.3532E-03  0.1448   0.0000E+00  0.0000   0.0000E+00  0.0000

'no. =  2, (ix,iy,iz) = (  1,  1,  2)'
msuc: {\huge Flux spectra vs depth in concrete}
msdr: {\it plotted by \ANGEL \version}
msdl: {\it calculated by \PHITS  3.36}
wt: s(0.7)
\vspace{-3}
   vol  &=&   2.8800E+07 [cm^3]
  xmin  &=&  -6.0000E+02 [cm]
  xmax  &=&   6.0000E+02 [cm]
  ymin  &=&  -6.0000E+02 [cm]
  ymax  &=&   6.0000E+02 [cm]
  zmin  &=&  -6.8000E+02 [cm]
  zmax  &=&  -6.6000E+02 [cm]
e:

#------------------------------------------------------------------------------
 newpage:
#   no. =  3   ix  =  1   iy  =  1   iz  =  3
#   x = (  -6.0000E+02  -   6.0000E+02  )
#   y = (  -6.0000E+02  -   6.0000E+02  )
#   z = (  -6.6000E+02  -  -6.4000E+02  )

x: Energy [MeV/n]
y: Flux [1/cm^2/source]              
p: xlog ylog afac(0.8) form(0.9)
h: n            x            y(neutron ),hh0l n y(muon-   ),hh0dr n y(muon+   ),hh0ub n y(proton  ),hh0mg n 
#  e-lower      e-upper        neutron   r.err      muon-     r.err      muon+     r.err      proton    r.err 
   1.0000E-10   1.7783E-10   0.0000E+00  0.0000   0.0000E+00  0.0000   0.0000E+00  0.0000   0.0000E+00  0.0000
   1.7783E-10   3.1623E-10   0.0000E+00  0.0000   0.0000E+00  0.0000   0.0000E+00  0.0000   0.0000E+00  0.0000
   3.1623E-10   5.6234E-10   0.0000E+00  0.0000   0.0000E+00  0.0000   0.0000E+00  0.0000   0.0000E+00  0.0000
   5.6234E-10   1.0000E-09   0.0000E+00  0.0000   0.0000E+00  0.0000   0.0000E+00  0.0000   0.0000E+00  0.0000
   1.0000E-09   1.7783E-09   2.3928E-06  0.9949   0.0000E+00  0.0000   0.0000E+00  0.0000   0.0000E+00  0.0000
   1.7783E-09   3.1623E-09   1.4456E-06  0.9546   0.0000E+00  0.0000   0.0000E+00  0.0000   0.0000E+00  0.0000
   3.1623E-09   5.6234E-09   9.0702E-06  0.9974   0.0000E+00  0.0000   0.0000E+00  0.0000   0.0000E+00  0.0000
   5.6234E-09   1.0000E-08   1.7477E-05  0.8660   0.0000E+00  0.0000   0.0000E+00  0.0000   0.0000E+00  0.0000
   1.0000E-08   1.7783E-08   4.4364E-05  0.9002   0.0000E+00  0.0000   0.0000E+00  0.0000   0.0000E+00  0.0000
   1.7783E-08   3.1623E-08   1.0183E-04  0.8449   0.0000E+00  0.0000   0.0000E+00  0.0000   0.0000E+00  0.0000
   3.1623E-08   5.6234E-08   1.6337E-04  0.7657   0.0000E+00  0.0000   0.0000E+00  0.0000   0.0000E+00  0.0000
   5.6234E-08   1.0000E-07   1.0893E-04  0.7731   0.0000E+00  0.0000   0.0000E+00  0.0000   0.0000E+00  0.0000
   1.0000E-07   1.7783E-07   3.5204E-05  0.7181   0.0000E+00  0.0000   0.0000E+00  0.0000   0.0000E+00  0.0000
   1.7783E-07   3.1623E-07   2.6264E-07  1.0000   0.0000E+00  0.0000   0.0000E+00  0.0000   0.0000E+00  0.0000
   3.1623E-07   5.6234E-07   5.2968E-06  1.0000   0.0000E+00  0.0000   0.0000E+00  0.0000   0.0000E+00  0.0000
   5.6234E-07   1.0000E-06   1.0479E-07  1.0000   0.0000E+00  0.0000   0.0000E+00  0.0000   0.0000E+00  0.0000
   1.0000E-06   1.7783E-06   5.6565E-06  1.0000   0.0000E+00  0.0000   0.0000E+00  0.0000   0.0000E+00  0.0000
   1.7783E-06   3.1623E-06   0.0000E+00  0.0000   0.0000E+00  0.0000   0.0000E+00  0.0000   0.0000E+00  0.0000
   3.1623E-06   5.6234E-06   2.9498E-06  1.0000   0.0000E+00  0.0000   0.0000E+00  0.0000   0.0000E+00  0.0000
   5.6234E-06   1.0000E-05   1.6974E-06  1.0000   0.0000E+00  0.0000   0.0000E+00  0.0000   0.0000E+00  0.0000
   1.0000E-05   1.7783E-05   1.8582E-05  0.7696   0.0000E+00  0.0000   0.0000E+00  0.0000   0.0000E+00  0.0000
   1.7783E-05   3.1623E-05   0.0000E+00  0.0000   0.0000E+00  0.0000   0.0000E+00  0.0000   0.0000E+00  0.0000
   3.1623E-05   5.6234E-05   0.0000E+00  0.0000   0.0000E+00  0.0000   0.0000E+00  0.0000   0.0000E+00  0.0000
   5.6234E-05   1.0000E-04   0.0000E+00  0.0000   0.0000E+00  0.0000   0.0000E+00  0.0000   0.0000E+00  0.0000
   1.0000E-04   1.7783E-04   2.1622E-06  0.7346   0.0000E+00  0.0000   0.0000E+00  0.0000   0.0000E+00  0.0000
   1.7783E-04   3.1623E-04   1.3070E-07  1.0000   0.0000E+00  0.0000   0.0000E+00  0.0000   0.0000E+00  0.0000
   3.1623E-04   5.6234E-04   0.0000E+00  0.0000   0.0000E+00  0.0000   0.0000E+00  0.0000   0.0000E+00  0.0000
   5.6234E-04   1.0000E-03   9.3593E-06  1.0000   0.0000E+00  0.0000   0.0000E+00  0.0000   0.0000E+00  0.0000
   1.0000E-03   1.7783E-03   1.8781E-05  1.0000   1.4131E-11  0.7140   0.0000E+00  0.0000   0.0000E+00  0.0000
   1.7783E-03   3.1623E-03   5.6074E-07  1.0000   8.1140E-12  0.7067   0.0000E+00  0.0000   0.0000E+00  0.0000
   3.1623E-03   5.6234E-03   0.0000E+00  0.0000   1.1988E-11  0.7067   0.0000E+00  0.0000   0.0000E+00  0.0000
   5.6234E-03   1.0000E-02   2.2167E-06  1.0000   1.9227E-11  0.7067   0.0000E+00  0.0000   0.0000E+00  0.0000
   1.0000E-02   1.7783E-02   2.8531E-06  1.0000   3.4475E-11  0.7067   0.0000E+00  0.0000   0.0000E+00  0.0000
   1.7783E-02   3.1623E-02   0.0000E+00  0.0000   7.1175E-11  0.7067   0.0000E+00  0.0000   0.0000E+00  0.0000
   3.1623E-02   5.6234E-02   1.5076E-06  1.0000   1.6628E-10  0.7067   0.0000E+00  0.0000   0.0000E+00  0.0000
   5.6234E-02   1.0000E-01   1.1250E-06  1.0000   4.1663E-10  0.7067   0.0000E+00  0.0000   0.0000E+00  0.0000
   1.0000E-01   1.7783E-01   6.7990E-06  1.0000   1.0694E-09  0.7067   0.0000E+00  0.0000   0.0000E+00  0.0000
   1.7783E-01   3.1623E-01   0.0000E+00  0.0000   2.7974E-09  0.7067   0.0000E+00  0.0000   0.0000E+00  0.0000
   3.1623E-01   5.6234E-01   0.0000E+00  0.0000   7.4983E-09  0.7067   0.0000E+00  0.0000   0.0000E+00  0.0000
   5.6234E-01   1.0000E+00   4.3219E-06  1.0000   2.0566E-08  0.7067   0.0000E+00  0.0000   0.0000E+00  0.0000
   1.0000E+00   1.7783E+00   0.0000E+00  0.0000   5.7587E-08  0.7067   0.0000E+00  0.0000   0.0000E+00  0.0000
   1.7783E+00   3.1623E+00   0.0000E+00  0.0000   1.6380E-07  0.7067   0.0000E+00  0.0000   0.0000E+00  0.0000
   3.1623E+00   5.6234E+00   0.0000E+00  0.0000   4.6293E-07  0.7067   0.0000E+00  0.0000   0.0000E+00  0.0000
   5.6234E+00   1.0000E+01   6.7148E-06  1.0000   1.2896E-06  0.7067   0.0000E+00  0.0000   0.0000E+00  0.0000
   1.0000E+01   1.7783E+01   0.0000E+00  0.0000   3.5112E-06  0.7067   0.0000E+00  0.0000   0.0000E+00  0.0000
   1.7783E+01   3.1623E+01   0.0000E+00  0.0000   5.0258E-06  0.9161   0.0000E+00  0.0000   0.0000E+00  0.0000
   3.1623E+01   5.6234E+01   0.0000E+00  0.0000   9.3899E-06  1.0000   0.0000E+00  0.0000   0.0000E+00  0.0000
   5.6234E+01   1.0000E+02   0.0000E+00  0.0000   0.0000E+00  0.0000   0.0000E+00  0.0000   0.0000E+00  0.0000
   1.0000E+02   1.7783E+02   0.0000E+00  0.0000   0.0000E+00  0.0000   0.0000E+00  0.0000   0.0000E+00  0.0000
   1.7783E+02   3.1623E+02   0.0000E+00  0.0000   5.9061E-05  1.0000   0.0000E+00  0.0000   0.0000E+00  0.0000
   3.1623E+02   5.6234E+02   0.0000E+00  0.0000   1.1147E-04  0.7162   0.0000E+00  0.0000   0.0000E+00  0.0000
   5.6234E+02   1.0000E+03   0.0000E+00  0.0000   1.6588E-04  0.6014   0.0000E+00  0.0000   0.0000E+00  0.0000
   1.0000E+03   1.7783E+03   0.0000E+00  0.0000   6.7833E-04  0.3193   0.0000E+00  0.0000   0.0000E+00  0.0000
   1.7783E+03   3.1623E+03   0.0000E+00  0.0000   5.2626E-04  0.3834   0.0000E+00  0.0000   0.0000E+00  0.0000
   3.1623E+03   5.6234E+03   0.0000E+00  0.0000   5.9886E-04  0.3623   0.0000E+00  0.0000   0.0000E+00  0.0000
   5.6234E+03   1.0000E+04   0.0000E+00  0.0000   9.1224E-04  0.2788   0.0000E+00  0.0000   0.0000E+00  0.0000
   1.0000E+04   1.7783E+04   0.0000E+00  0.0000   3.6879E-04  0.5299   0.0000E+00  0.0000   0.0000E+00  0.0000
   1.7783E+04   3.1623E+04   0.0000E+00  0.0000   0.0000E+00  0.0000   0.0000E+00  0.0000   0.0000E+00  0.0000
   3.1623E+04   5.6234E+04   0.0000E+00  0.0000   6.5076E-05  1.0000   0.0000E+00  0.0000   0.0000E+00  0.0000
   5.6234E+04   1.0000E+05   0.0000E+00  0.0000   0.0000E+00  0.0000   0.0000E+00  0.0000   0.0000E+00  0.0000

#   sum over                 5.7516E-04  0.7584   3.5059E-03  0.1433   0.0000E+00  0.0000   0.0000E+00  0.0000

'no. =  3, (ix,iy,iz) = (  1,  1,  3)'
msuc: {\huge Flux spectra vs depth in concrete}
msdr: {\it plotted by \ANGEL \version}
msdl: {\it calculated by \PHITS  3.36}
wt: s(0.7)
\vspace{-3}
   vol  &=&   2.8800E+07 [cm^3]
  xmin  &=&  -6.0000E+02 [cm]
  xmax  &=&   6.0000E+02 [cm]
  ymin  &=&  -6.0000E+02 [cm]
  ymax  &=&   6.0000E+02 [cm]
  zmin  &=&  -6.6000E+02 [cm]
  zmax  &=&  -6.4000E+02 [cm]
e:

#------------------------------------------------------------------------------
 newpage:
#   no. =  4   ix  =  1   iy  =  1   iz  =  4
#   x = (  -6.0000E+02  -   6.0000E+02  )
#   y = (  -6.0000E+02  -   6.0000E+02  )
#   z = (  -6.4000E+02  -  -6.2000E+02  )

x: Energy [MeV/n]
y: Flux [1/cm^2/source]              
p: xlog ylog afac(0.8) form(0.9)
h: n            x            y(neutron ),hh0l n y(muon-   ),hh0dr n y(muon+   ),hh0ub n y(proton  ),hh0mg n 
#  e-lower      e-upper        neutron   r.err      muon-     r.err      muon+     r.err      proton    r.err 
   1.0000E-10   1.7783E-10   0.0000E+00  0.0000   0.0000E+00  0.0000   0.0000E+00  0.0000   0.0000E+00  0.0000
   1.7783E-10   3.1623E-10   0.0000E+00  0.0000   0.0000E+00  0.0000   0.0000E+00  0.0000   0.0000E+00  0.0000
   3.1623E-10   5.6234E-10   0.0000E+00  0.0000   0.0000E+00  0.0000   0.0000E+00  0.0000   0.0000E+00  0.0000
   5.6234E-10   1.0000E-09   0.0000E+00  0.0000   0.0000E+00  0.0000   0.0000E+00  0.0000   0.0000E+00  0.0000
   1.0000E-09   1.7783E-09   0.0000E+00  0.0000   0.0000E+00  0.0000   0.0000E+00  0.0000   0.0000E+00  0.0000
   1.7783E-09   3.1623E-09   0.0000E+00  0.0000   0.0000E+00  0.0000   0.0000E+00  0.0000   0.0000E+00  0.0000
   3.1623E-09   5.6234E-09   0.0000E+00  0.0000   0.0000E+00  0.0000   0.0000E+00  0.0000   0.0000E+00  0.0000
   5.6234E-09   1.0000E-08   1.6810E-06  1.0000   0.0000E+00  0.0000   0.0000E+00  0.0000   0.0000E+00  0.0000
   1.0000E-08   1.7783E-08   8.5331E-07  1.0000   0.0000E+00  0.0000   0.0000E+00  0.0000   0.0000E+00  0.0000
   1.7783E-08   3.1623E-08   3.8674E-06  1.0000   0.0000E+00  0.0000   0.0000E+00  0.0000   0.0000E+00  0.0000
   3.1623E-08   5.6234E-08   2.1227E-05  0.8283   0.0000E+00  0.0000   0.0000E+00  0.0000   0.0000E+00  0.0000
   5.6234E-08   1.0000E-07   1.9344E-05  1.0000   0.0000E+00  0.0000   0.0000E+00  0.0000   0.0000E+00  0.0000
   1.0000E-07   1.7783E-07   2.4996E-05  0.7682   0.0000E+00  0.0000   0.0000E+00  0.0000   0.0000E+00  0.0000
   1.7783E-07   3.1623E-07   2.0543E-06  0.8029   0.0000E+00  0.0000   0.0000E+00  0.0000   0.0000E+00  0.0000
   3.1623E-07   5.6234E-07   0.0000E+00  0.0000   0.0000E+00  0.0000   0.0000E+00  0.0000   0.0000E+00  0.0000
   5.6234E-07   1.0000E-06   6.8739E-07  1.0000   0.0000E+00  0.0000   0.0000E+00  0.0000   0.0000E+00  0.0000
   1.0000E-06   1.7783E-06   2.5057E-05  1.0000   0.0000E+00  0.0000   0.0000E+00  0.0000   0.0000E+00  0.0000
   1.7783E-06   3.1623E-06   6.3477E-06  1.0000   0.0000E+00  0.0000   0.0000E+00  0.0000   0.0000E+00  0.0000
   3.1623E-06   5.6234E-06   6.2447E-06  1.0000   0.0000E+00  0.0000   0.0000E+00  0.0000   0.0000E+00  0.0000
   5.6234E-06   1.0000E-05   1.7303E-05  0.7795   0.0000E+00  0.0000   0.0000E+00  0.0000   0.0000E+00  0.0000
   1.0000E-05   1.7783E-05   2.1207E-05  0.7104   0.0000E+00  0.0000   0.0000E+00  0.0000   0.0000E+00  0.0000
   1.7783E-05   3.1623E-05   0.0000E+00  0.0000   0.0000E+00  0.0000   0.0000E+00  0.0000   0.0000E+00  0.0000
   3.1623E-05   5.6234E-05   0.0000E+00  0.0000   0.0000E+00  0.0000   0.0000E+00  0.0000   0.0000E+00  0.0000
   5.6234E-05   1.0000E-04   0.0000E+00  0.0000   0.0000E+00  0.0000   0.0000E+00  0.0000   0.0000E+00  0.0000
   1.0000E-04   1.7783E-04   3.6658E-06  1.0000   0.0000E+00  0.0000   0.0000E+00  0.0000   0.0000E+00  0.0000
   1.7783E-04   3.1623E-04   0.0000E+00  0.0000   0.0000E+00  0.0000   0.0000E+00  0.0000   0.0000E+00  0.0000
   3.1623E-04   5.6234E-04   3.0547E-05  1.0000   0.0000E+00  0.0000   0.0000E+00  0.0000   0.0000E+00  0.0000
   5.6234E-04   1.0000E-03   2.7990E-06  1.0000   0.0000E+00  0.0000   0.0000E+00  0.0000   0.0000E+00  0.0000
   1.0000E-03   1.7783E-03   1.4984E-06  1.0000   8.1547E-12  1.0000   0.0000E+00  0.0000   0.0000E+00  0.0000
   1.7783E-03   3.1623E-03   1.6181E-05  0.7067   4.0570E-12  1.0000   0.0000E+00  0.0000   0.0000E+00  0.0000
   3.1623E-03   5.6234E-03   0.0000E+00  0.0000   5.9939E-12  1.0000   0.0000E+00  0.0000   0.0000E+00  0.0000
   5.6234E-03   1.0000E-02   0.0000E+00  0.0000   9.6133E-12  1.0000   0.0000E+00  0.0000   0.0000E+00  0.0000
   1.0000E-02   1.7783E-02   4.5938E-05  1.0000   1.7238E-11  1.0000   0.0000E+00  0.0000   0.0000E+00  0.0000
   1.7783E-02   3.1623E-02   0.0000E+00  0.0000   3.5587E-11  1.0000   0.0000E+00  0.0000   0.0000E+00  0.0000
   3.1623E-02   5.6234E-02   1.1505E-05  1.0000   8.3139E-11  1.0000   0.0000E+00  0.0000   0.0000E+00  0.0000
   5.6234E-02   1.0000E-01   3.1016E-06  1.0000   2.0831E-10  1.0000   0.0000E+00  0.0000   0.0000E+00  0.0000
   1.0000E-01   1.7783E-01   4.8267E-05  1.0000   5.3471E-10  1.0000   0.0000E+00  0.0000   0.0000E+00  0.0000
   1.7783E-01   3.1623E-01   0.0000E+00  0.0000   1.3987E-09  1.0000   0.0000E+00  0.0000   0.0000E+00  0.0000
   3.1623E-01   5.6234E-01   0.0000E+00  0.0000   3.7491E-09  1.0000   0.0000E+00  0.0000   0.0000E+00  0.0000
   5.6234E-01   1.0000E+00   0.0000E+00  0.0000   1.0283E-08  1.0000   0.0000E+00  0.0000   0.0000E+00  0.0000
   1.0000E+00   1.7783E+00   2.2720E-05  1.0000   2.8794E-08  1.0000   0.0000E+00  0.0000   0.0000E+00  0.0000
   1.7783E+00   3.1623E+00   0.0000E+00  0.0000   8.1902E-08  1.0000   0.0000E+00  0.0000   0.0000E+00  0.0000
   3.1623E+00   5.6234E+00   0.0000E+00  0.0000   2.3146E-07  1.0000   0.0000E+00  0.0000   0.0000E+00  0.0000
   5.6234E+00   1.0000E+01   2.9426E-05  1.0000   6.4479E-07  1.0000   0.0000E+00  0.0000   0.0000E+00  0.0000
   1.0000E+01   1.7783E+01   0.0000E+00  0.0000   1.7556E-06  1.0000   0.0000E+00  0.0000   0.0000E+00  0.0000
   1.7783E+01   3.1623E+01   0.0000E+00  0.0000   8.7243E-06  0.7076   0.0000E+00  0.0000   0.0000E+00  0.0000
   3.1623E+01   5.6234E+01   0.0000E+00  0.0000   2.4224E-05  0.6579   0.0000E+00  0.0000   0.0000E+00  0.0000
   5.6234E+01   1.0000E+02   0.0000E+00  0.0000   7.5251E-05  0.5766   0.0000E+00  0.0000   0.0000E+00  0.0000
   1.0000E+02   1.7783E+02   0.0000E+00  0.0000   6.6587E-05  0.5990   0.0000E+00  0.0000   0.0000E+00  0.0000
   1.7783E+02   3.1623E+02   0.0000E+00  0.0000   2.0999E-05  1.0000   0.0000E+00  0.0000   0.0000E+00  0.0000
   3.1623E+02   5.6234E+02   0.0000E+00  0.0000   1.0299E-04  0.7304   0.0000E+00  0.0000   0.0000E+00  0.0000
   5.6234E+02   1.0000E+03   0.0000E+00  0.0000   2.1243E-04  0.5817   0.0000E+00  0.0000   0.0000E+00  0.0000
   1.0000E+03   1.7783E+03   0.0000E+00  0.0000   6.6837E-04  0.3201   0.0000E+00  0.0000   0.0000E+00  0.0000
   1.7783E+03   3.1623E+03   0.0000E+00  0.0000   5.6893E-04  0.3601   0.0000E+00  0.0000   0.0000E+00  0.0000
   3.1623E+03   5.6234E+03   0.0000E+00  0.0000   5.6905E-04  0.3593   0.0000E+00  0.0000   0.0000E+00  0.0000
   5.6234E+03   1.0000E+04   0.0000E+00  0.0000   9.4205E-04  0.2717   0.0000E+00  0.0000   0.0000E+00  0.0000
   1.0000E+04   1.7783E+04   0.0000E+00  0.0000   4.4681E-04  0.4894   0.0000E+00  0.0000   0.0000E+00  0.0000
   1.7783E+04   3.1623E+04   0.0000E+00  0.0000   0.0000E+00  0.0000   0.0000E+00  0.0000   0.0000E+00  0.0000
   3.1623E+04   5.6234E+04   0.0000E+00  0.0000   6.5076E-05  1.0000   0.0000E+00  0.0000   0.0000E+00  0.0000
   5.6234E+04   1.0000E+05   0.0000E+00  0.0000   0.0000E+00  0.0000   0.0000E+00  0.0000   0.0000E+00  0.0000

#   sum over                 3.6652E-04  0.7070   3.7742E-03  0.1380   0.0000E+00  0.0000   0.0000E+00  0.0000

'no. =  4, (ix,iy,iz) = (  1,  1,  4)'
msuc: {\huge Flux spectra vs depth in concrete}
msdr: {\it plotted by \ANGEL \version}
msdl: {\it calculated by \PHITS  3.36}
wt: s(0.7)
\vspace{-3}
   vol  &=&   2.8800E+07 [cm^3]
  xmin  &=&  -6.0000E+02 [cm]
  xmax  &=&   6.0000E+02 [cm]
  ymin  &=&  -6.0000E+02 [cm]
  ymax  &=&   6.0000E+02 [cm]
  zmin  &=&  -6.4000E+02 [cm]
  zmax  &=&  -6.2000E+02 [cm]
e:

#------------------------------------------------------------------------------
 newpage:
#   no. =  5   ix  =  1   iy  =  1   iz  =  5
#   x = (  -6.0000E+02  -   6.0000E+02  )
#   y = (  -6.0000E+02  -   6.0000E+02  )
#   z = (  -6.2000E+02  -  -6.0000E+02  )

x: Energy [MeV/n]
y: Flux [1/cm^2/source]              
p: xlog ylog afac(0.8) form(0.9)
h: n            x            y(neutron ),hh0l n y(muon-   ),hh0dr n y(muon+   ),hh0ub n y(proton  ),hh0mg n 
#  e-lower      e-upper        neutron   r.err      muon-     r.err      muon+     r.err      proton    r.err 
   1.0000E-10   1.7783E-10   0.0000E+00  0.0000   0.0000E+00  0.0000   0.0000E+00  0.0000   0.0000E+00  0.0000
   1.7783E-10   3.1623E-10   0.0000E+00  0.0000   0.0000E+00  0.0000   0.0000E+00  0.0000   0.0000E+00  0.0000
   3.1623E-10   5.6234E-10   0.0000E+00  0.0000   0.0000E+00  0.0000   0.0000E+00  0.0000   0.0000E+00  0.0000
   5.6234E-10   1.0000E-09   0.0000E+00  0.0000   0.0000E+00  0.0000   0.0000E+00  0.0000   0.0000E+00  0.0000
   1.0000E-09   1.7783E-09   0.0000E+00  0.0000   0.0000E+00  0.0000   0.0000E+00  0.0000   0.0000E+00  0.0000
   1.7783E-09   3.1623E-09   0.0000E+00  0.0000   0.0000E+00  0.0000   0.0000E+00  0.0000   0.0000E+00  0.0000
   3.1623E-09   5.6234E-09   0.0000E+00  0.0000   0.0000E+00  0.0000   0.0000E+00  0.0000   0.0000E+00  0.0000
   5.6234E-09   1.0000E-08   0.0000E+00  0.0000   0.0000E+00  0.0000   0.0000E+00  0.0000   0.0000E+00  0.0000
   1.0000E-08   1.7783E-08   0.0000E+00  0.0000   0.0000E+00  0.0000   0.0000E+00  0.0000   0.0000E+00  0.0000
   1.7783E-08   3.1623E-08   0.0000E+00  0.0000   0.0000E+00  0.0000   0.0000E+00  0.0000   0.0000E+00  0.0000
   3.1623E-08   5.6234E-08   0.0000E+00  0.0000   0.0000E+00  0.0000   0.0000E+00  0.0000   0.0000E+00  0.0000
   5.6234E-08   1.0000E-07   0.0000E+00  0.0000   0.0000E+00  0.0000   0.0000E+00  0.0000   0.0000E+00  0.0000
   1.0000E-07   1.7783E-07   0.0000E+00  0.0000   0.0000E+00  0.0000   0.0000E+00  0.0000   0.0000E+00  0.0000
   1.7783E-07   3.1623E-07   0.0000E+00  0.0000   0.0000E+00  0.0000   0.0000E+00  0.0000   0.0000E+00  0.0000
   3.1623E-07   5.6234E-07   0.0000E+00  0.0000   0.0000E+00  0.0000   0.0000E+00  0.0000   0.0000E+00  0.0000
   5.6234E-07   1.0000E-06   0.0000E+00  0.0000   0.0000E+00  0.0000   0.0000E+00  0.0000   0.0000E+00  0.0000
   1.0000E-06   1.7783E-06   0.0000E+00  0.0000   0.0000E+00  0.0000   0.0000E+00  0.0000   0.0000E+00  0.0000
   1.7783E-06   3.1623E-06   0.0000E+00  0.0000   0.0000E+00  0.0000   0.0000E+00  0.0000   0.0000E+00  0.0000
   3.1623E-06   5.6234E-06   0.0000E+00  0.0000   0.0000E+00  0.0000   0.0000E+00  0.0000   0.0000E+00  0.0000
   5.6234E-06   1.0000E-05   0.0000E+00  0.0000   0.0000E+00  0.0000   0.0000E+00  0.0000   0.0000E+00  0.0000
   1.0000E-05   1.7783E-05   0.0000E+00  0.0000   0.0000E+00  0.0000   0.0000E+00  0.0000   0.0000E+00  0.0000
   1.7783E-05   3.1623E-05   0.0000E+00  0.0000   0.0000E+00  0.0000   0.0000E+00  0.0000   0.0000E+00  0.0000
   3.1623E-05   5.6234E-05   0.0000E+00  0.0000   0.0000E+00  0.0000   0.0000E+00  0.0000   0.0000E+00  0.0000
   5.6234E-05   1.0000E-04   0.0000E+00  0.0000   0.0000E+00  0.0000   0.0000E+00  0.0000   0.0000E+00  0.0000
   1.0000E-04   1.7783E-04   0.0000E+00  0.0000   2.7718E-16  1.0000   0.0000E+00  0.0000   0.0000E+00  0.0000
   1.7783E-04   3.1623E-04   0.0000E+00  0.0000   0.0000E+00  0.0000   0.0000E+00  0.0000   0.0000E+00  0.0000
   3.1623E-04   5.6234E-04   0.0000E+00  0.0000   0.0000E+00  0.0000   0.0000E+00  0.0000   0.0000E+00  0.0000
   5.6234E-04   1.0000E-03   0.0000E+00  0.0000   0.0000E+00  0.0000   0.0000E+00  0.0000   0.0000E+00  0.0000
   1.0000E-03   1.7783E-03   0.0000E+00  0.0000   1.6608E-11  0.7067   0.0000E+00  0.0000   0.0000E+00  0.0000
   1.7783E-03   3.1623E-03   0.0000E+00  0.0000   8.1140E-12  0.7067   0.0000E+00  0.0000   0.0000E+00  0.0000
   3.1623E-03   5.6234E-03   0.0000E+00  0.0000   1.1988E-11  0.7067   0.0000E+00  0.0000   0.0000E+00  0.0000
   5.6234E-03   1.0000E-02   0.0000E+00  0.0000   1.9227E-11  0.7067   0.0000E+00  0.0000   0.0000E+00  0.0000
   1.0000E-02   1.7783E-02   0.0000E+00  0.0000   3.4475E-11  0.7067   0.0000E+00  0.0000   0.0000E+00  0.0000
   1.7783E-02   3.1623E-02   0.0000E+00  0.0000   7.1175E-11  0.7067   0.0000E+00  0.0000   0.0000E+00  0.0000
   3.1623E-02   5.6234E-02   0.0000E+00  0.0000   1.6628E-10  0.7067   0.0000E+00  0.0000   0.0000E+00  0.0000
   5.6234E-02   1.0000E-01   0.0000E+00  0.0000   4.1663E-10  0.7067   0.0000E+00  0.0000   0.0000E+00  0.0000
   1.0000E-01   1.7783E-01   1.2540E-05  1.0000   1.0694E-09  0.7067   0.0000E+00  0.0000   0.0000E+00  0.0000
   1.7783E-01   3.1623E-01   0.0000E+00  0.0000   2.7974E-09  0.7067   0.0000E+00  0.0000   0.0000E+00  0.0000
   3.1623E-01   5.6234E-01   0.0000E+00  0.0000   7.4983E-09  0.7067   0.0000E+00  0.0000   0.0000E+00  0.0000
   5.6234E-01   1.0000E+00   0.0000E+00  0.0000   2.0566E-08  0.7067   0.0000E+00  0.0000   0.0000E+00  0.0000
   1.0000E+00   1.7783E+00   3.8824E-05  1.0000   5.7587E-08  0.7067   0.0000E+00  0.0000   0.0000E+00  0.0000
   1.7783E+00   3.1623E+00   0.0000E+00  0.0000   1.6380E-07  0.7067   0.0000E+00  0.0000   0.0000E+00  0.0000
   3.1623E+00   5.6234E+00   0.0000E+00  0.0000   4.6293E-07  0.7067   0.0000E+00  0.0000   0.0000E+00  0.0000
   5.6234E+00   1.0000E+01   5.6691E-05  1.0000   1.2896E-06  0.7067   0.0000E+00  0.0000   0.0000E+00  0.0000
   1.0000E+01   1.7783E+01   0.0000E+00  0.0000   3.5112E-06  0.7067   0.0000E+00  0.0000   0.0000E+00  0.0000
   1.7783E+01   3.1623E+01   0.0000E+00  0.0000   9.1667E-06  0.7067   0.0000E+00  0.0000   0.0000E+00  0.0000
   3.1623E+01   5.6234E+01   0.0000E+00  0.0000   1.5535E-05  0.7185   0.0000E+00  0.0000   0.0000E+00  0.0000
   5.6234E+01   1.0000E+02   0.0000E+00  0.0000   0.0000E+00  0.0000   0.0000E+00  0.0000   0.0000E+00  0.0000
   1.0000E+02   1.7783E+02   0.0000E+00  0.0000   8.6056E-05  0.5901   0.0000E+00  0.0000   0.0000E+00  0.0000
   1.7783E+02   3.1623E+02   0.0000E+00  0.0000   9.3392E-05  0.5838   0.0000E+00  0.0000   0.0000E+00  0.0000
   3.1623E+02   5.6234E+02   0.0000E+00  0.0000   8.6042E-05  0.7543   0.0000E+00  0.0000   0.0000E+00  0.0000
   5.6234E+02   1.0000E+03   0.0000E+00  0.0000   1.6010E-04  0.6017   0.0000E+00  0.0000   0.0000E+00  0.0000
   1.0000E+03   1.7783E+03   0.0000E+00  0.0000   6.5084E-04  0.3170   0.0000E+00  0.0000   0.0000E+00  0.0000
   1.7783E+03   3.1623E+03   0.0000E+00  0.0000   6.6767E-04  0.3133   0.0000E+00  0.0000   0.0000E+00  0.0000
   3.1623E+03   5.6234E+03   0.0000E+00  0.0000   4.5931E-04  0.3728   0.0000E+00  0.0000   0.0000E+00  0.0000
   5.6234E+03   1.0000E+04   0.0000E+00  0.0000   1.1104E-03  0.2609   0.0000E+00  0.0000   0.0000E+00  0.0000
   1.0000E+04   1.7783E+04   0.0000E+00  0.0000   4.5359E-04  0.4860   0.0000E+00  0.0000   0.0000E+00  0.0000
   1.7783E+04   3.1623E+04   0.0000E+00  0.0000   0.0000E+00  0.0000   0.0000E+00  0.0000   0.0000E+00  0.0000
   3.1623E+04   5.6234E+04   0.0000E+00  0.0000   6.5076E-05  1.0000   0.0000E+00  0.0000   0.0000E+00  0.0000
   5.6234E+04   1.0000E+05   0.0000E+00  0.0000   5.6460E-05  1.0000   0.0000E+00  0.0000   0.0000E+00  0.0000

#   sum over                 1.0806E-04  0.7075   3.9192E-03  0.1344   0.0000E+00  0.0000   0.0000E+00  0.0000

'no. =  5, (ix,iy,iz) = (  1,  1,  5)'
msuc: {\huge Flux spectra vs depth in concrete}
msdr: {\it plotted by \ANGEL \version}
msdl: {\it calculated by \PHITS  3.36}
wt: s(0.7)
\vspace{-3}
   vol  &=&   2.8800E+07 [cm^3]
  xmin  &=&  -6.0000E+02 [cm]
  xmax  &=&   6.0000E+02 [cm]
  ymin  &=&  -6.0000E+02 [cm]
  ymax  &=&   6.0000E+02 [cm]
  zmin  &=&  -6.2000E+02 [cm]
  zmax  &=&  -6.0000E+02 [cm]
e:

#------------------------------------------------------------------------------
 newpage:
#   no. =  6   ix  =  1   iy  =  1   iz  =  6
#   x = (  -6.0000E+02  -   6.0000E+02  )
#   y = (  -6.0000E+02  -   6.0000E+02  )
#   z = (  -6.0000E+02  -  -5.8000E+02  )

x: Energy [MeV/n]
y: Flux [1/cm^2/source]              
p: xlog ylog afac(0.8) form(0.9)
h: n            x            y(neutron ),hh0l n y(muon-   ),hh0dr n y(muon+   ),hh0ub n y(proton  ),hh0mg n 
#  e-lower      e-upper        neutron   r.err      muon-     r.err      muon+     r.err      proton    r.err 
   1.0000E-10   1.7783E-10   0.0000E+00  0.0000   0.0000E+00  0.0000   0.0000E+00  0.0000   0.0000E+00  0.0000
   1.7783E-10   3.1623E-10   0.0000E+00  0.0000   0.0000E+00  0.0000   0.0000E+00  0.0000   0.0000E+00  0.0000
   3.1623E-10   5.6234E-10   0.0000E+00  0.0000   0.0000E+00  0.0000   0.0000E+00  0.0000   0.0000E+00  0.0000
   5.6234E-10   1.0000E-09   0.0000E+00  0.0000   0.0000E+00  0.0000   0.0000E+00  0.0000   0.0000E+00  0.0000
   1.0000E-09   1.7783E-09   5.6924E-08  1.0000   0.0000E+00  0.0000   0.0000E+00  0.0000   0.0000E+00  0.0000
   1.7783E-09   3.1623E-09   1.0862E-07  1.0000   0.0000E+00  0.0000   0.0000E+00  0.0000   0.0000E+00  0.0000
   3.1623E-09   5.6234E-09   8.8314E-06  1.0000   0.0000E+00  0.0000   0.0000E+00  0.0000   0.0000E+00  0.0000
   5.6234E-09   1.0000E-08   5.3929E-06  1.0000   0.0000E+00  0.0000   0.0000E+00  0.0000   0.0000E+00  0.0000
   1.0000E-08   1.7783E-08   2.6841E-05  1.0000   0.0000E+00  0.0000   0.0000E+00  0.0000   0.0000E+00  0.0000
   1.7783E-08   3.1623E-08   3.5487E-05  1.0000   0.0000E+00  0.0000   0.0000E+00  0.0000   0.0000E+00  0.0000
   3.1623E-08   5.6234E-08   6.1252E-05  1.0000   0.0000E+00  0.0000   0.0000E+00  0.0000   0.0000E+00  0.0000
   5.6234E-08   1.0000E-07   5.0138E-05  1.0000   0.0000E+00  0.0000   0.0000E+00  0.0000   0.0000E+00  0.0000
   1.0000E-07   1.7783E-07   2.1122E-05  1.0000   0.0000E+00  0.0000   0.0000E+00  0.0000   0.0000E+00  0.0000
   1.7783E-07   3.1623E-07   0.0000E+00  0.0000   0.0000E+00  0.0000   0.0000E+00  0.0000   0.0000E+00  0.0000
   3.1623E-07   5.6234E-07   0.0000E+00  0.0000   0.0000E+00  0.0000   0.0000E+00  0.0000   0.0000E+00  0.0000
   5.6234E-07   1.0000E-06   0.0000E+00  0.0000   0.0000E+00  0.0000   0.0000E+00  0.0000   0.0000E+00  0.0000
   1.0000E-06   1.7783E-06   0.0000E+00  0.0000   0.0000E+00  0.0000   0.0000E+00  0.0000   0.0000E+00  0.0000
   1.7783E-06   3.1623E-06   0.0000E+00  0.0000   0.0000E+00  0.0000   0.0000E+00  0.0000   0.0000E+00  0.0000
   3.1623E-06   5.6234E-06   0.0000E+00  0.0000   0.0000E+00  0.0000   0.0000E+00  0.0000   0.0000E+00  0.0000
   5.6234E-06   1.0000E-05   0.0000E+00  0.0000   0.0000E+00  0.0000   0.0000E+00  0.0000   0.0000E+00  0.0000
   1.0000E-05   1.7783E-05   0.0000E+00  0.0000   0.0000E+00  0.0000   0.0000E+00  0.0000   0.0000E+00  0.0000
   1.7783E-05   3.1623E-05   0.0000E+00  0.0000   0.0000E+00  0.0000   0.0000E+00  0.0000   0.0000E+00  0.0000
   3.1623E-05   5.6234E-05   0.0000E+00  0.0000   0.0000E+00  0.0000   0.0000E+00  0.0000   0.0000E+00  0.0000
   5.6234E-05   1.0000E-04   0.0000E+00  0.0000   0.0000E+00  0.0000   0.0000E+00  0.0000   0.0000E+00  0.0000
   1.0000E-04   1.7783E-04   0.0000E+00  0.0000   0.0000E+00  0.0000   0.0000E+00  0.0000   0.0000E+00  0.0000
   1.7783E-04   3.1623E-04   0.0000E+00  0.0000   0.0000E+00  0.0000   0.0000E+00  0.0000   0.0000E+00  0.0000
   3.1623E-04   5.6234E-04   0.0000E+00  0.0000   0.0000E+00  0.0000   0.0000E+00  0.0000   0.0000E+00  0.0000
   5.6234E-04   1.0000E-03   0.0000E+00  0.0000   0.0000E+00  0.0000   0.0000E+00  0.0000   0.0000E+00  0.0000
   1.0000E-03   1.7783E-03   0.0000E+00  0.0000   8.3040E-12  1.0000   0.0000E+00  0.0000   5.9980E-12  1.0000
   1.7783E-03   3.1623E-03   0.0000E+00  0.0000   4.0570E-12  1.0000   0.0000E+00  0.0000   9.6861E-12  1.0000
   3.1623E-03   5.6234E-03   0.0000E+00  0.0000   5.9939E-12  1.0000   0.0000E+00  0.0000   1.4622E-11  1.0000
   5.6234E-03   1.0000E-02   2.1224E-05  1.0000   9.6133E-12  1.0000   0.0000E+00  0.0000   2.0177E-11  1.0000
   1.0000E-02   1.7783E-02   5.3903E-05  1.0000   1.7238E-11  1.0000   0.0000E+00  0.0000   2.7062E-11  1.0000
   1.7783E-02   3.1623E-02   8.4158E-06  1.0000   3.5587E-11  1.0000   0.0000E+00  0.0000   3.8771E-11  1.0000
   3.1623E-02   5.6234E-02   2.9293E-05  1.0000   8.3139E-11  1.0000   0.0000E+00  0.0000   5.8180E-11  1.0000
   5.6234E-02   1.0000E-01   2.0796E-06  1.0000   2.0831E-10  1.0000   0.0000E+00  0.0000   9.5174E-11  1.0000
   1.0000E-01   1.7783E-01   9.1761E-06  1.0000   5.3471E-10  1.0000   0.0000E+00  0.0000   1.7562E-10  1.0000
   1.7783E-01   3.1623E-01   0.0000E+00  0.0000   1.3987E-09  1.0000   0.0000E+00  0.0000   3.7312E-10  1.0000
   3.1623E-01   5.6234E-01   0.0000E+00  0.0000   3.7491E-09  1.0000   0.0000E+00  0.0000   8.8901E-10  1.0000
   5.6234E-01   1.0000E+00   6.4258E-06  1.0000   1.0283E-08  1.0000   0.0000E+00  0.0000   2.2441E-09  1.0000
   1.0000E+00   1.7783E+00   0.0000E+00  0.0000   2.8794E-08  1.0000   0.0000E+00  0.0000   5.7803E-09  1.0000
   1.7783E+00   3.1623E+00   3.2250E-06  1.0000   8.1902E-08  1.0000   0.0000E+00  0.0000   1.5193E-08  1.0000
   3.1623E+00   5.6234E+00   0.0000E+00  0.0000   2.3146E-07  1.0000   0.0000E+00  0.0000   1.5126E-08  1.0000
   5.6234E+00   1.0000E+01   1.2540E-05  1.0000   6.4479E-07  1.0000   0.0000E+00  0.0000   0.0000E+00  0.0000
   1.0000E+01   1.7783E+01   0.0000E+00  0.0000   1.7556E-06  1.0000   0.0000E+00  0.0000   0.0000E+00  0.0000
   1.7783E+01   3.1623E+01   0.0000E+00  0.0000   4.5834E-06  1.0000   0.0000E+00  0.0000   0.0000E+00  0.0000
   3.1623E+01   5.6234E+01   0.0000E+00  0.0000   7.4917E-05  0.8373   0.0000E+00  0.0000   0.0000E+00  0.0000
   5.6234E+01   1.0000E+02   0.0000E+00  0.0000   5.0168E-05  0.7067   0.0000E+00  0.0000   0.0000E+00  0.0000
   1.0000E+02   1.7783E+02   0.0000E+00  0.0000   3.9919E-05  0.8418   0.0000E+00  0.0000   0.0000E+00  0.0000
   1.7783E+02   3.1623E+02   0.0000E+00  0.0000   1.7945E-04  0.5770   0.0000E+00  0.0000   0.0000E+00  0.0000
   3.1623E+02   5.6234E+02   0.0000E+00  0.0000   5.9061E-05  1.0000   0.0000E+00  0.0000   0.0000E+00  0.0000
   5.6234E+02   1.0000E+03   0.0000E+00  0.0000   1.4549E-04  0.7107   0.0000E+00  0.0000   0.0000E+00  0.0000
   1.0000E+03   1.7783E+03   0.0000E+00  0.0000   4.5945E-04  0.3730   0.0000E+00  0.0000   0.0000E+00  0.0000
   1.7783E+03   3.1623E+03   0.0000E+00  0.0000   8.2455E-04  0.2817   0.0000E+00  0.0000   0.0000E+00  0.0000
   3.1623E+03   5.6234E+03   0.0000E+00  0.0000   5.6633E-04  0.3580   0.0000E+00  0.0000   0.0000E+00  0.0000
   5.6234E+03   1.0000E+04   0.0000E+00  0.0000   1.1203E-03  0.2601   0.0000E+00  0.0000   0.0000E+00  0.0000
   1.0000E+04   1.7783E+04   0.0000E+00  0.0000   4.5359E-04  0.4860   0.0000E+00  0.0000   0.0000E+00  0.0000
   1.7783E+04   3.1623E+04   0.0000E+00  0.0000   0.0000E+00  0.0000   0.0000E+00  0.0000   0.0000E+00  0.0000
   3.1623E+04   5.6234E+04   0.0000E+00  0.0000   6.5076E-05  1.0000   0.0000E+00  0.0000   0.0000E+00  0.0000
   5.6234E+04   1.0000E+05   0.0000E+00  0.0000   5.8616E-05  1.0000   0.0000E+00  0.0000   0.0000E+00  0.0000

#   sum over                 3.5551E-04  0.9653   4.1043E-03  0.1308   0.0000E+00  0.0000   4.0051E-08  1.0000

'no. =  6, (ix,iy,iz) = (  1,  1,  6)'
msuc: {\huge Flux spectra vs depth in concrete}
msdr: {\it plotted by \ANGEL \version}
msdl: {\it calculated by \PHITS  3.36}
wt: s(0.7)
\vspace{-3}
   vol  &=&   2.8800E+07 [cm^3]
  xmin  &=&  -6.0000E+02 [cm]
  xmax  &=&   6.0000E+02 [cm]
  ymin  &=&  -6.0000E+02 [cm]
  ymax  &=&   6.0000E+02 [cm]
  zmin  &=&  -6.0000E+02 [cm]
  zmax  &=&  -5.8000E+02 [cm]
e:

#------------------------------------------------------------------------------
 newpage:
#   no. =  7   ix  =  1   iy  =  1   iz  =  7
#   x = (  -6.0000E+02  -   6.0000E+02  )
#   y = (  -6.0000E+02  -   6.0000E+02  )
#   z = (  -5.8000E+02  -  -5.6000E+02  )

x: Energy [MeV/n]
y: Flux [1/cm^2/source]              
p: xlog ylog afac(0.8) form(0.9)
h: n            x            y(neutron ),hh0l n y(muon-   ),hh0dr n y(muon+   ),hh0ub n y(proton  ),hh0mg n 
#  e-lower      e-upper        neutron   r.err      muon-     r.err      muon+     r.err      proton    r.err 
   1.0000E-10   1.7783E-10   0.0000E+00  0.0000   0.0000E+00  0.0000   0.0000E+00  0.0000   0.0000E+00  0.0000
   1.7783E-10   3.1623E-10   0.0000E+00  0.0000   0.0000E+00  0.0000   0.0000E+00  0.0000   0.0000E+00  0.0000
   3.1623E-10   5.6234E-10   0.0000E+00  0.0000   0.0000E+00  0.0000   0.0000E+00  0.0000   0.0000E+00  0.0000
   5.6234E-10   1.0000E-09   0.0000E+00  0.0000   0.0000E+00  0.0000   0.0000E+00  0.0000   0.0000E+00  0.0000
   1.0000E-09   1.7783E-09   1.1569E-06  1.0000   0.0000E+00  0.0000   0.0000E+00  0.0000   0.0000E+00  0.0000
   1.7783E-09   3.1623E-09   0.0000E+00  0.0000   0.0000E+00  0.0000   0.0000E+00  0.0000   0.0000E+00  0.0000
   3.1623E-09   5.6234E-09   0.0000E+00  0.0000   0.0000E+00  0.0000   0.0000E+00  0.0000   0.0000E+00  0.0000
   5.6234E-09   1.0000E-08   3.8680E-06  1.0000   0.0000E+00  0.0000   0.0000E+00  0.0000   0.0000E+00  0.0000
   1.0000E-08   1.7783E-08   3.3863E-06  1.0000   0.0000E+00  0.0000   0.0000E+00  0.0000   0.0000E+00  0.0000
   1.7783E-08   3.1623E-08   2.5354E-05  1.0000   0.0000E+00  0.0000   0.0000E+00  0.0000   0.0000E+00  0.0000
   3.1623E-08   5.6234E-08   3.1452E-05  1.0000   0.0000E+00  0.0000   0.0000E+00  0.0000   0.0000E+00  0.0000
   5.6234E-08   1.0000E-07   5.4775E-05  1.0000   0.0000E+00  0.0000   0.0000E+00  0.0000   0.0000E+00  0.0000
   1.0000E-07   1.7783E-07   4.6591E-05  1.0000   0.0000E+00  0.0000   0.0000E+00  0.0000   0.0000E+00  0.0000
   1.7783E-07   3.1623E-07   5.6769E-06  1.0000   0.0000E+00  0.0000   0.0000E+00  0.0000   0.0000E+00  0.0000
   3.1623E-07   5.6234E-07   0.0000E+00  0.0000   0.0000E+00  0.0000   0.0000E+00  0.0000   0.0000E+00  0.0000
   5.6234E-07   1.0000E-06   0.0000E+00  0.0000   0.0000E+00  0.0000   0.0000E+00  0.0000   0.0000E+00  0.0000
   1.0000E-06   1.7783E-06   1.9555E-05  1.0000   0.0000E+00  0.0000   0.0000E+00  0.0000   0.0000E+00  0.0000
   1.7783E-06   3.1623E-06   3.6935E-07  1.0000   0.0000E+00  0.0000   0.0000E+00  0.0000   0.0000E+00  0.0000
   3.1623E-06   5.6234E-06   6.1717E-06  1.0000   0.0000E+00  0.0000   0.0000E+00  0.0000   0.0000E+00  0.0000
   5.6234E-06   1.0000E-05   1.3993E-06  1.0000   0.0000E+00  0.0000   0.0000E+00  0.0000   0.0000E+00  0.0000
   1.0000E-05   1.7783E-05   0.0000E+00  0.0000   0.0000E+00  0.0000   0.0000E+00  0.0000   0.0000E+00  0.0000
   1.7783E-05   3.1623E-05   5.8245E-06  1.0000   0.0000E+00  0.0000   0.0000E+00  0.0000   0.0000E+00  0.0000
   3.1623E-05   5.6234E-05   1.9247E-05  1.0000   0.0000E+00  0.0000   0.0000E+00  0.0000   0.0000E+00  0.0000
   5.6234E-05   1.0000E-04   0.0000E+00  0.0000   0.0000E+00  0.0000   0.0000E+00  0.0000   0.0000E+00  0.0000
   1.0000E-04   1.7783E-04   0.0000E+00  0.0000   2.7721E-16  1.0000   0.0000E+00  0.0000   0.0000E+00  0.0000
   1.7783E-04   3.1623E-04   1.3666E-05  1.0000   0.0000E+00  0.0000   0.0000E+00  0.0000   0.0000E+00  0.0000
   3.1623E-04   5.6234E-04   7.7844E-06  1.0000   0.0000E+00  0.0000   0.0000E+00  0.0000   0.0000E+00  0.0000
   5.6234E-04   1.0000E-03   7.2897E-08  1.0000   0.0000E+00  0.0000   0.0000E+00  0.0000   0.0000E+00  0.0000
   1.0000E-03   1.7783E-03   0.0000E+00  0.0000   2.4384E-11  0.5769   0.0000E+00  0.0000   0.0000E+00  0.0000
   1.7783E-03   3.1623E-03   5.3877E-06  1.0000   1.2171E-11  0.5766   0.0000E+00  0.0000   0.0000E+00  0.0000
   3.1623E-03   5.6234E-03   0.0000E+00  0.0000   1.7982E-11  0.5766   0.0000E+00  0.0000   0.0000E+00  0.0000
   5.6234E-03   1.0000E-02   1.2835E-05  1.0000   2.8840E-11  0.5766   0.0000E+00  0.0000   0.0000E+00  0.0000
   1.0000E-02   1.7783E-02   2.9823E-06  1.0000   5.1713E-11  0.5766   0.0000E+00  0.0000   0.0000E+00  0.0000
   1.7783E-02   3.1623E-02   8.8753E-06  1.0000   1.0676E-10  0.5766   0.0000E+00  0.0000   0.0000E+00  0.0000
   3.1623E-02   5.6234E-02   0.0000E+00  0.0000   2.4942E-10  0.5766   0.0000E+00  0.0000   0.0000E+00  0.0000
   5.6234E-02   1.0000E-01   0.0000E+00  0.0000   6.2494E-10  0.5766   0.0000E+00  0.0000   0.0000E+00  0.0000
   1.0000E-01   1.7783E-01   5.6572E-06  1.0000   1.6041E-09  0.5766   0.0000E+00  0.0000   0.0000E+00  0.0000
   1.7783E-01   3.1623E-01   0.0000E+00  0.0000   4.1961E-09  0.5766   0.0000E+00  0.0000   0.0000E+00  0.0000
   3.1623E-01   5.6234E-01   0.0000E+00  0.0000   1.1247E-08  0.5766   0.0000E+00  0.0000   0.0000E+00  0.0000
   5.6234E-01   1.0000E+00   1.1010E-05  1.0000   3.0849E-08  0.5766   0.0000E+00  0.0000   0.0000E+00  0.0000
   1.0000E+00   1.7783E+00   0.0000E+00  0.0000   8.6381E-08  0.5766   0.0000E+00  0.0000   0.0000E+00  0.0000
   1.7783E+00   3.1623E+00   3.8205E-05  1.0000   2.4571E-07  0.5766   0.0000E+00  0.0000   0.0000E+00  0.0000
   3.1623E+00   5.6234E+00   1.0374E-05  1.0000   6.9439E-07  0.5766   0.0000E+00  0.0000   0.0000E+00  0.0000
   5.6234E+00   1.0000E+01   0.0000E+00  0.0000   1.9344E-06  0.5766   0.0000E+00  0.0000   0.0000E+00  0.0000
   1.0000E+01   1.7783E+01   0.0000E+00  0.0000   5.2667E-06  0.5766   0.0000E+00  0.0000   0.0000E+00  0.0000
   1.7783E+01   3.1623E+01   0.0000E+00  0.0000   6.1853E-05  0.8580   0.0000E+00  0.0000   0.0000E+00  0.0000
   3.1623E+01   5.6234E+01   0.0000E+00  0.0000   8.1320E-05  0.7777   0.0000E+00  0.0000   0.0000E+00  0.0000
   5.6234E+01   1.0000E+02   0.0000E+00  0.0000   2.5084E-05  1.0000   0.0000E+00  0.0000   0.0000E+00  0.0000
   1.0000E+02   1.7783E+02   0.0000E+00  0.0000   6.6559E-05  0.7150   0.0000E+00  0.0000   0.0000E+00  0.0000
   1.7783E+02   3.1623E+02   0.0000E+00  0.0000   1.3317E-04  0.5637   0.0000E+00  0.0000   0.0000E+00  0.0000
   3.1623E+02   5.6234E+02   0.0000E+00  0.0000   1.6662E-04  0.5782   0.0000E+00  0.0000   0.0000E+00  0.0000
   5.6234E+02   1.0000E+03   0.0000E+00  0.0000   1.4549E-04  0.7107   0.0000E+00  0.0000   0.0000E+00  0.0000
   1.0000E+03   1.7783E+03   0.0000E+00  0.0000   3.5266E-04  0.4445   0.0000E+00  0.0000   0.0000E+00  0.0000
   1.7783E+03   3.1623E+03   0.0000E+00  0.0000   9.3664E-04  0.2681   0.0000E+00  0.0000   0.0000E+00  0.0000
   3.1623E+03   5.6234E+03   0.0000E+00  0.0000   5.0028E-04  0.3685   0.0000E+00  0.0000   0.0000E+00  0.0000
   5.6234E+03   1.0000E+04   0.0000E+00  0.0000   1.2652E-03  0.2446   0.0000E+00  0.0000   0.0000E+00  0.0000
   1.0000E+04   1.7783E+04   0.0000E+00  0.0000   4.5359E-04  0.4860   0.0000E+00  0.0000   0.0000E+00  0.0000
   1.7783E+04   3.1623E+04   0.0000E+00  0.0000   0.0000E+00  0.0000   0.0000E+00  0.0000   0.0000E+00  0.0000
   3.1623E+04   5.6234E+04   0.0000E+00  0.0000   6.5076E-05  1.0000   0.0000E+00  0.0000   0.0000E+00  0.0000
   5.6234E+04   1.0000E+05   0.0000E+00  0.0000   5.8616E-05  1.0000   0.0000E+00  0.0000   0.0000E+00  0.0000

#   sum over                 3.4168E-04  1.0000   4.3204E-03  0.1268   0.0000E+00  0.0000   0.0000E+00  0.0000

'no. =  7, (ix,iy,iz) = (  1,  1,  7)'
msuc: {\huge Flux spectra vs depth in concrete}
msdr: {\it plotted by \ANGEL \version}
msdl: {\it calculated by \PHITS  3.36}
wt: s(0.7)
\vspace{-3}
   vol  &=&   2.8800E+07 [cm^3]
  xmin  &=&  -6.0000E+02 [cm]
  xmax  &=&   6.0000E+02 [cm]
  ymin  &=&  -6.0000E+02 [cm]
  ymax  &=&   6.0000E+02 [cm]
  zmin  &=&  -5.8000E+02 [cm]
  zmax  &=&  -5.6000E+02 [cm]
e:

#------------------------------------------------------------------------------
 newpage:
#   no. =  8   ix  =  1   iy  =  1   iz  =  8
#   x = (  -6.0000E+02  -   6.0000E+02  )
#   y = (  -6.0000E+02  -   6.0000E+02  )
#   z = (  -5.6000E+02  -  -5.4000E+02  )

x: Energy [MeV/n]
y: Flux [1/cm^2/source]              
p: xlog ylog afac(0.8) form(0.9)
h: n            x            y(neutron ),hh0l n y(muon-   ),hh0dr n y(muon+   ),hh0ub n y(proton  ),hh0mg n 
#  e-lower      e-upper        neutron   r.err      muon-     r.err      muon+     r.err      proton    r.err 
   1.0000E-10   1.7783E-10   0.0000E+00  0.0000   0.0000E+00  0.0000   0.0000E+00  0.0000   0.0000E+00  0.0000
   1.7783E-10   3.1623E-10   0.0000E+00  0.0000   0.0000E+00  0.0000   0.0000E+00  0.0000   0.0000E+00  0.0000
   3.1623E-10   5.6234E-10   0.0000E+00  0.0000   0.0000E+00  0.0000   0.0000E+00  0.0000   0.0000E+00  0.0000
   5.6234E-10   1.0000E-09   0.0000E+00  0.0000   0.0000E+00  0.0000   0.0000E+00  0.0000   0.0000E+00  0.0000
   1.0000E-09   1.7783E-09   0.0000E+00  0.0000   0.0000E+00  0.0000   0.0000E+00  0.0000   0.0000E+00  0.0000
   1.7783E-09   3.1623E-09   0.0000E+00  0.0000   0.0000E+00  0.0000   0.0000E+00  0.0000   0.0000E+00  0.0000
   3.1623E-09   5.6234E-09   0.0000E+00  0.0000   0.0000E+00  0.0000   0.0000E+00  0.0000   0.0000E+00  0.0000
   5.6234E-09   1.0000E-08   0.0000E+00  0.0000   0.0000E+00  0.0000   0.0000E+00  0.0000   0.0000E+00  0.0000
   1.0000E-08   1.7783E-08   0.0000E+00  0.0000   0.0000E+00  0.0000   0.0000E+00  0.0000   0.0000E+00  0.0000
   1.7783E-08   3.1623E-08   0.0000E+00  0.0000   0.0000E+00  0.0000   0.0000E+00  0.0000   0.0000E+00  0.0000
   3.1623E-08   5.6234E-08   0.0000E+00  0.0000   0.0000E+00  0.0000   0.0000E+00  0.0000   0.0000E+00  0.0000
   5.6234E-08   1.0000E-07   0.0000E+00  0.0000   0.0000E+00  0.0000   0.0000E+00  0.0000   0.0000E+00  0.0000
   1.0000E-07   1.7783E-07   0.0000E+00  0.0000   0.0000E+00  0.0000   0.0000E+00  0.0000   0.0000E+00  0.0000
   1.7783E-07   3.1623E-07   0.0000E+00  0.0000   0.0000E+00  0.0000   0.0000E+00  0.0000   0.0000E+00  0.0000
   3.1623E-07   5.6234E-07   0.0000E+00  0.0000   0.0000E+00  0.0000   0.0000E+00  0.0000   0.0000E+00  0.0000
   5.6234E-07   1.0000E-06   0.0000E+00  0.0000   0.0000E+00  0.0000   0.0000E+00  0.0000   0.0000E+00  0.0000
   1.0000E-06   1.7783E-06   0.0000E+00  0.0000   0.0000E+00  0.0000   0.0000E+00  0.0000   0.0000E+00  0.0000
   1.7783E-06   3.1623E-06   0.0000E+00  0.0000   0.0000E+00  0.0000   0.0000E+00  0.0000   0.0000E+00  0.0000
   3.1623E-06   5.6234E-06   0.0000E+00  0.0000   0.0000E+00  0.0000   0.0000E+00  0.0000   0.0000E+00  0.0000
   5.6234E-06   1.0000E-05   0.0000E+00  0.0000   0.0000E+00  0.0000   0.0000E+00  0.0000   0.0000E+00  0.0000
   1.0000E-05   1.7783E-05   0.0000E+00  0.0000   0.0000E+00  0.0000   0.0000E+00  0.0000   0.0000E+00  0.0000
   1.7783E-05   3.1623E-05   0.0000E+00  0.0000   0.0000E+00  0.0000   0.0000E+00  0.0000   0.0000E+00  0.0000
   3.1623E-05   5.6234E-05   0.0000E+00  0.0000   0.0000E+00  0.0000   0.0000E+00  0.0000   0.0000E+00  0.0000
   5.6234E-05   1.0000E-04   0.0000E+00  0.0000   0.0000E+00  0.0000   0.0000E+00  0.0000   0.0000E+00  0.0000
   1.0000E-04   1.7783E-04   0.0000E+00  0.0000   0.0000E+00  0.0000   0.0000E+00  0.0000   0.0000E+00  0.0000
   1.7783E-04   3.1623E-04   0.0000E+00  0.0000   0.0000E+00  0.0000   0.0000E+00  0.0000   0.0000E+00  0.0000
   3.1623E-04   5.6234E-04   0.0000E+00  0.0000   0.0000E+00  0.0000   0.0000E+00  0.0000   0.0000E+00  0.0000
   5.6234E-04   1.0000E-03   0.0000E+00  0.0000   0.0000E+00  0.0000   0.0000E+00  0.0000   0.0000E+00  0.0000
   1.0000E-03   1.7783E-03   0.0000E+00  0.0000   0.0000E+00  0.0000   0.0000E+00  0.0000   0.0000E+00  0.0000
   1.7783E-03   3.1623E-03   0.0000E+00  0.0000   0.0000E+00  0.0000   0.0000E+00  0.0000   0.0000E+00  0.0000
   3.1623E-03   5.6234E-03   0.0000E+00  0.0000   0.0000E+00  0.0000   0.0000E+00  0.0000   0.0000E+00  0.0000
   5.6234E-03   1.0000E-02   0.0000E+00  0.0000   0.0000E+00  0.0000   0.0000E+00  0.0000   0.0000E+00  0.0000
   1.0000E-02   1.7783E-02   0.0000E+00  0.0000   0.0000E+00  0.0000   0.0000E+00  0.0000   0.0000E+00  0.0000
   1.7783E-02   3.1623E-02   0.0000E+00  0.0000   0.0000E+00  0.0000   0.0000E+00  0.0000   0.0000E+00  0.0000
   3.1623E-02   5.6234E-02   0.0000E+00  0.0000   0.0000E+00  0.0000   0.0000E+00  0.0000   0.0000E+00  0.0000
   5.6234E-02   1.0000E-01   0.0000E+00  0.0000   0.0000E+00  0.0000   0.0000E+00  0.0000   0.0000E+00  0.0000
   1.0000E-01   1.7783E-01   0.0000E+00  0.0000   0.0000E+00  0.0000   0.0000E+00  0.0000   0.0000E+00  0.0000
   1.7783E-01   3.1623E-01   0.0000E+00  0.0000   0.0000E+00  0.0000   0.0000E+00  0.0000   0.0000E+00  0.0000
   3.1623E-01   5.6234E-01   0.0000E+00  0.0000   0.0000E+00  0.0000   0.0000E+00  0.0000   0.0000E+00  0.0000
   5.6234E-01   1.0000E+00   0.0000E+00  0.0000   0.0000E+00  0.0000   0.0000E+00  0.0000   0.0000E+00  0.0000
   1.0000E+00   1.7783E+00   0.0000E+00  0.0000   0.0000E+00  0.0000   0.0000E+00  0.0000   0.0000E+00  0.0000
   1.7783E+00   3.1623E+00   0.0000E+00  0.0000   0.0000E+00  0.0000   0.0000E+00  0.0000   0.0000E+00  0.0000
   3.1623E+00   5.6234E+00   0.0000E+00  0.0000   0.0000E+00  0.0000   0.0000E+00  0.0000   0.0000E+00  0.0000
   5.6234E+00   1.0000E+01   0.0000E+00  0.0000   0.0000E+00  0.0000   0.0000E+00  0.0000   0.0000E+00  0.0000
   1.0000E+01   1.7783E+01   0.0000E+00  0.0000   0.0000E+00  0.0000   0.0000E+00  0.0000   0.0000E+00  0.0000
   1.7783E+01   3.1623E+01   0.0000E+00  0.0000   6.8650E-05  1.0000   0.0000E+00  0.0000   0.0000E+00  0.0000
   3.1623E+01   5.6234E+01   0.0000E+00  0.0000   3.8687E-06  0.7729   0.0000E+00  0.0000   0.0000E+00  0.0000
   5.6234E+01   1.0000E+02   0.0000E+00  0.0000   5.0168E-05  0.7067   0.0000E+00  0.0000   0.0000E+00  0.0000
   1.0000E+02   1.7783E+02   0.0000E+00  0.0000   1.3259E-04  0.5827   0.0000E+00  0.0000   0.0000E+00  0.0000
   1.7783E+02   3.1623E+02   0.0000E+00  0.0000   2.1361E-04  0.5023   0.0000E+00  0.0000   0.0000E+00  0.0000
   3.1623E+02   5.6234E+02   0.0000E+00  0.0000   1.2533E-04  0.6678   0.0000E+00  0.0000   0.0000E+00  0.0000
   5.6234E+02   1.0000E+03   0.0000E+00  0.0000   1.4549E-04  0.7107   0.0000E+00  0.0000   0.0000E+00  0.0000
   1.0000E+03   1.7783E+03   0.0000E+00  0.0000   3.4224E-04  0.4571   0.0000E+00  0.0000   0.0000E+00  0.0000
   1.7783E+03   3.1623E+03   0.0000E+00  0.0000   1.0188E-03  0.2595   0.0000E+00  0.0000   0.0000E+00  0.0000
   3.1623E+03   5.6234E+03   0.0000E+00  0.0000   4.7884E-04  0.3826   0.0000E+00  0.0000   0.0000E+00  0.0000
   5.6234E+03   1.0000E+04   0.0000E+00  0.0000   1.2867E-03  0.2446   0.0000E+00  0.0000   0.0000E+00  0.0000
   1.0000E+04   1.7783E+04   0.0000E+00  0.0000   4.5359E-04  0.4860   0.0000E+00  0.0000   0.0000E+00  0.0000
   1.7783E+04   3.1623E+04   0.0000E+00  0.0000   0.0000E+00  0.0000   0.0000E+00  0.0000   0.0000E+00  0.0000
   3.1623E+04   5.6234E+04   0.0000E+00  0.0000   6.5076E-05  1.0000   0.0000E+00  0.0000   0.0000E+00  0.0000
   5.6234E+04   1.0000E+05   0.0000E+00  0.0000   5.8616E-05  1.0000   0.0000E+00  0.0000   0.0000E+00  0.0000

#   sum over                 0.0000E+00  0.0000   4.4435E-03  0.1260   0.0000E+00  0.0000   0.0000E+00  0.0000

'no. =  8, (ix,iy,iz) = (  1,  1,  8)'
msuc: {\huge Flux spectra vs depth in concrete}
msdr: {\it plotted by \ANGEL \version}
msdl: {\it calculated by \PHITS  3.36}
wt: s(0.7)
\vspace{-3}
   vol  &=&   2.8800E+07 [cm^3]
  xmin  &=&  -6.0000E+02 [cm]
  xmax  &=&   6.0000E+02 [cm]
  ymin  &=&  -6.0000E+02 [cm]
  ymax  &=&   6.0000E+02 [cm]
  zmin  &=&  -5.6000E+02 [cm]
  zmax  &=&  -5.4000E+02 [cm]
e:

#------------------------------------------------------------------------------
 newpage:
#   no. =  9   ix  =  1   iy  =  1   iz  =  9
#   x = (  -6.0000E+02  -   6.0000E+02  )
#   y = (  -6.0000E+02  -   6.0000E+02  )
#   z = (  -5.4000E+02  -  -5.2000E+02  )

x: Energy [MeV/n]
y: Flux [1/cm^2/source]              
p: xlog ylog afac(0.8) form(0.9)
h: n            x            y(neutron ),hh0l n y(muon-   ),hh0dr n y(muon+   ),hh0ub n y(proton  ),hh0mg n 
#  e-lower      e-upper        neutron   r.err      muon-     r.err      muon+     r.err      proton    r.err 
   1.0000E-10   1.7783E-10   0.0000E+00  0.0000   0.0000E+00  0.0000   0.0000E+00  0.0000   0.0000E+00  0.0000
   1.7783E-10   3.1623E-10   0.0000E+00  0.0000   0.0000E+00  0.0000   0.0000E+00  0.0000   0.0000E+00  0.0000
   3.1623E-10   5.6234E-10   0.0000E+00  0.0000   0.0000E+00  0.0000   0.0000E+00  0.0000   0.0000E+00  0.0000
   5.6234E-10   1.0000E-09   0.0000E+00  0.0000   0.0000E+00  0.0000   0.0000E+00  0.0000   0.0000E+00  0.0000
   1.0000E-09   1.7783E-09   0.0000E+00  0.0000   0.0000E+00  0.0000   0.0000E+00  0.0000   0.0000E+00  0.0000
   1.7783E-09   3.1623E-09   0.0000E+00  0.0000   0.0000E+00  0.0000   0.0000E+00  0.0000   0.0000E+00  0.0000
   3.1623E-09   5.6234E-09   0.0000E+00  0.0000   0.0000E+00  0.0000   0.0000E+00  0.0000   0.0000E+00  0.0000
   5.6234E-09   1.0000E-08   0.0000E+00  0.0000   0.0000E+00  0.0000   0.0000E+00  0.0000   0.0000E+00  0.0000
   1.0000E-08   1.7783E-08   0.0000E+00  0.0000   0.0000E+00  0.0000   0.0000E+00  0.0000   0.0000E+00  0.0000
   1.7783E-08   3.1623E-08   0.0000E+00  0.0000   0.0000E+00  0.0000   0.0000E+00  0.0000   0.0000E+00  0.0000
   3.1623E-08   5.6234E-08   0.0000E+00  0.0000   0.0000E+00  0.0000   0.0000E+00  0.0000   0.0000E+00  0.0000
   5.6234E-08   1.0000E-07   0.0000E+00  0.0000   0.0000E+00  0.0000   0.0000E+00  0.0000   0.0000E+00  0.0000
   1.0000E-07   1.7783E-07   0.0000E+00  0.0000   0.0000E+00  0.0000   0.0000E+00  0.0000   0.0000E+00  0.0000
   1.7783E-07   3.1623E-07   0.0000E+00  0.0000   0.0000E+00  0.0000   0.0000E+00  0.0000   0.0000E+00  0.0000
   3.1623E-07   5.6234E-07   0.0000E+00  0.0000   0.0000E+00  0.0000   0.0000E+00  0.0000   0.0000E+00  0.0000
   5.6234E-07   1.0000E-06   0.0000E+00  0.0000   0.0000E+00  0.0000   0.0000E+00  0.0000   0.0000E+00  0.0000
   1.0000E-06   1.7783E-06   0.0000E+00  0.0000   0.0000E+00  0.0000   0.0000E+00  0.0000   0.0000E+00  0.0000
   1.7783E-06   3.1623E-06   0.0000E+00  0.0000   0.0000E+00  0.0000   0.0000E+00  0.0000   0.0000E+00  0.0000
   3.1623E-06   5.6234E-06   0.0000E+00  0.0000   0.0000E+00  0.0000   0.0000E+00  0.0000   0.0000E+00  0.0000
   5.6234E-06   1.0000E-05   0.0000E+00  0.0000   0.0000E+00  0.0000   0.0000E+00  0.0000   0.0000E+00  0.0000
   1.0000E-05   1.7783E-05   0.0000E+00  0.0000   0.0000E+00  0.0000   0.0000E+00  0.0000   0.0000E+00  0.0000
   1.7783E-05   3.1623E-05   0.0000E+00  0.0000   0.0000E+00  0.0000   0.0000E+00  0.0000   0.0000E+00  0.0000
   3.1623E-05   5.6234E-05   0.0000E+00  0.0000   0.0000E+00  0.0000   0.0000E+00  0.0000   0.0000E+00  0.0000
   5.6234E-05   1.0000E-04   0.0000E+00  0.0000   0.0000E+00  0.0000   0.0000E+00  0.0000   0.0000E+00  0.0000
   1.0000E-04   1.7783E-04   0.0000E+00  0.0000   0.0000E+00  0.0000   0.0000E+00  0.0000   0.0000E+00  0.0000
   1.7783E-04   3.1623E-04   0.0000E+00  0.0000   0.0000E+00  0.0000   0.0000E+00  0.0000   0.0000E+00  0.0000
   3.1623E-04   5.6234E-04   0.0000E+00  0.0000   0.0000E+00  0.0000   0.0000E+00  0.0000   0.0000E+00  0.0000
   5.6234E-04   1.0000E-03   0.0000E+00  0.0000   0.0000E+00  0.0000   0.0000E+00  0.0000   0.0000E+00  0.0000
   1.0000E-03   1.7783E-03   0.0000E+00  0.0000   0.0000E+00  0.0000   0.0000E+00  0.0000   0.0000E+00  0.0000
   1.7783E-03   3.1623E-03   0.0000E+00  0.0000   0.0000E+00  0.0000   0.0000E+00  0.0000   0.0000E+00  0.0000
   3.1623E-03   5.6234E-03   0.0000E+00  0.0000   0.0000E+00  0.0000   0.0000E+00  0.0000   0.0000E+00  0.0000
   5.6234E-03   1.0000E-02   0.0000E+00  0.0000   0.0000E+00  0.0000   0.0000E+00  0.0000   0.0000E+00  0.0000
   1.0000E-02   1.7783E-02   0.0000E+00  0.0000   0.0000E+00  0.0000   0.0000E+00  0.0000   0.0000E+00  0.0000
   1.7783E-02   3.1623E-02   0.0000E+00  0.0000   0.0000E+00  0.0000   0.0000E+00  0.0000   0.0000E+00  0.0000
   3.1623E-02   5.6234E-02   0.0000E+00  0.0000   0.0000E+00  0.0000   0.0000E+00  0.0000   0.0000E+00  0.0000
   5.6234E-02   1.0000E-01   0.0000E+00  0.0000   0.0000E+00  0.0000   0.0000E+00  0.0000   0.0000E+00  0.0000
   1.0000E-01   1.7783E-01   0.0000E+00  0.0000   0.0000E+00  0.0000   0.0000E+00  0.0000   0.0000E+00  0.0000
   1.7783E-01   3.1623E-01   0.0000E+00  0.0000   0.0000E+00  0.0000   0.0000E+00  0.0000   0.0000E+00  0.0000
   3.1623E-01   5.6234E-01   0.0000E+00  0.0000   0.0000E+00  0.0000   0.0000E+00  0.0000   0.0000E+00  0.0000
   5.6234E-01   1.0000E+00   0.0000E+00  0.0000   0.0000E+00  0.0000   0.0000E+00  0.0000   0.0000E+00  0.0000
   1.0000E+00   1.7783E+00   0.0000E+00  0.0000   0.0000E+00  0.0000   0.0000E+00  0.0000   0.0000E+00  0.0000
   1.7783E+00   3.1623E+00   0.0000E+00  0.0000   0.0000E+00  0.0000   0.0000E+00  0.0000   0.0000E+00  0.0000
   3.1623E+00   5.6234E+00   0.0000E+00  0.0000   0.0000E+00  0.0000   0.0000E+00  0.0000   0.0000E+00  0.0000
   5.6234E+00   1.0000E+01   0.0000E+00  0.0000   0.0000E+00  0.0000   0.0000E+00  0.0000   0.0000E+00  0.0000
   1.0000E+01   1.7783E+01   0.0000E+00  0.0000   0.0000E+00  0.0000   0.0000E+00  0.0000   0.0000E+00  0.0000
   1.7783E+01   3.1623E+01   0.0000E+00  0.0000   6.8650E-05  1.0000   0.0000E+00  0.0000   0.0000E+00  0.0000
   3.1623E+01   5.6234E+01   0.0000E+00  0.0000   0.0000E+00  0.0000   0.0000E+00  0.0000   0.0000E+00  0.0000
   5.6234E+01   1.0000E+02   0.0000E+00  0.0000   0.0000E+00  0.0000   0.0000E+00  0.0000   0.0000E+00  0.0000
   1.0000E+02   1.7783E+02   0.0000E+00  0.0000   1.5343E-05  1.0000   0.0000E+00  0.0000   0.0000E+00  0.0000
   1.7783E+02   3.1623E+02   0.0000E+00  0.0000   1.9480E-04  0.5695   0.0000E+00  0.0000   0.0000E+00  0.0000
   3.1623E+02   5.6234E+02   0.0000E+00  0.0000   2.3238E-04  0.4992   0.0000E+00  0.0000   0.0000E+00  0.0000
   5.6234E+02   1.0000E+03   0.0000E+00  0.0000   1.3007E-04  0.7175   0.0000E+00  0.0000   0.0000E+00  0.0000
   1.0000E+03   1.7783E+03   0.0000E+00  0.0000   3.6000E-04  0.4372   0.0000E+00  0.0000   0.0000E+00  0.0000
   1.7783E+03   3.1623E+03   0.0000E+00  0.0000   1.0188E-03  0.2595   0.0000E+00  0.0000   0.0000E+00  0.0000
   3.1623E+03   5.6234E+03   0.0000E+00  0.0000   4.2792E-04  0.4078   0.0000E+00  0.0000   0.0000E+00  0.0000
   5.6234E+03   1.0000E+04   0.0000E+00  0.0000   1.3376E-03  0.2381   0.0000E+00  0.0000   0.0000E+00  0.0000
   1.0000E+04   1.7783E+04   0.0000E+00  0.0000   5.3982E-04  0.4381   0.0000E+00  0.0000   0.0000E+00  0.0000
   1.7783E+04   3.1623E+04   0.0000E+00  0.0000   0.0000E+00  0.0000   0.0000E+00  0.0000   0.0000E+00  0.0000
   3.1623E+04   5.6234E+04   0.0000E+00  0.0000   6.5076E-05  1.0000   0.0000E+00  0.0000   0.0000E+00  0.0000
   5.6234E+04   1.0000E+05   0.0000E+00  0.0000   5.8616E-05  1.0000   0.0000E+00  0.0000   0.0000E+00  0.0000

#   sum over                 0.0000E+00  0.0000   4.4491E-03  0.1260   0.0000E+00  0.0000   0.0000E+00  0.0000

'no. =  9, (ix,iy,iz) = (  1,  1,  9)'
msuc: {\huge Flux spectra vs depth in concrete}
msdr: {\it plotted by \ANGEL \version}
msdl: {\it calculated by \PHITS  3.36}
wt: s(0.7)
\vspace{-3}
   vol  &=&   2.8800E+07 [cm^3]
  xmin  &=&  -6.0000E+02 [cm]
  xmax  &=&   6.0000E+02 [cm]
  ymin  &=&  -6.0000E+02 [cm]
  ymax  &=&   6.0000E+02 [cm]
  zmin  &=&  -5.4000E+02 [cm]
  zmax  &=&  -5.2000E+02 [cm]
e:

#------------------------------------------------------------------------------
 newpage:
#   no. = 10   ix  =  1   iy  =  1   iz  = 10
#   x = (  -6.0000E+02  -   6.0000E+02  )
#   y = (  -6.0000E+02  -   6.0000E+02  )
#   z = (  -5.2000E+02  -  -5.0000E+02  )

x: Energy [MeV/n]
y: Flux [1/cm^2/source]              
p: xlog ylog afac(0.8) form(0.9)
h: n            x            y(neutron ),hh0l n y(muon-   ),hh0dr n y(muon+   ),hh0ub n y(proton  ),hh0mg n 
#  e-lower      e-upper        neutron   r.err      muon-     r.err      muon+     r.err      proton    r.err 
   1.0000E-10   1.7783E-10   0.0000E+00  0.0000   0.0000E+00  0.0000   0.0000E+00  0.0000   0.0000E+00  0.0000
   1.7783E-10   3.1623E-10   0.0000E+00  0.0000   0.0000E+00  0.0000   0.0000E+00  0.0000   0.0000E+00  0.0000
   3.1623E-10   5.6234E-10   0.0000E+00  0.0000   0.0000E+00  0.0000   0.0000E+00  0.0000   0.0000E+00  0.0000
   5.6234E-10   1.0000E-09   0.0000E+00  0.0000   0.0000E+00  0.0000   0.0000E+00  0.0000   0.0000E+00  0.0000
   1.0000E-09   1.7783E-09   0.0000E+00  0.0000   0.0000E+00  0.0000   0.0000E+00  0.0000   0.0000E+00  0.0000
   1.7783E-09   3.1623E-09   0.0000E+00  0.0000   0.0000E+00  0.0000   0.0000E+00  0.0000   0.0000E+00  0.0000
   3.1623E-09   5.6234E-09   0.0000E+00  0.0000   0.0000E+00  0.0000   0.0000E+00  0.0000   0.0000E+00  0.0000
   5.6234E-09   1.0000E-08   0.0000E+00  0.0000   0.0000E+00  0.0000   0.0000E+00  0.0000   0.0000E+00  0.0000
   1.0000E-08   1.7783E-08   0.0000E+00  0.0000   0.0000E+00  0.0000   0.0000E+00  0.0000   0.0000E+00  0.0000
   1.7783E-08   3.1623E-08   0.0000E+00  0.0000   0.0000E+00  0.0000   0.0000E+00  0.0000   0.0000E+00  0.0000
   3.1623E-08   5.6234E-08   0.0000E+00  0.0000   0.0000E+00  0.0000   0.0000E+00  0.0000   0.0000E+00  0.0000
   5.6234E-08   1.0000E-07   0.0000E+00  0.0000   0.0000E+00  0.0000   0.0000E+00  0.0000   0.0000E+00  0.0000
   1.0000E-07   1.7783E-07   0.0000E+00  0.0000   0.0000E+00  0.0000   0.0000E+00  0.0000   0.0000E+00  0.0000
   1.7783E-07   3.1623E-07   0.0000E+00  0.0000   0.0000E+00  0.0000   0.0000E+00  0.0000   0.0000E+00  0.0000
   3.1623E-07   5.6234E-07   0.0000E+00  0.0000   0.0000E+00  0.0000   0.0000E+00  0.0000   0.0000E+00  0.0000
   5.6234E-07   1.0000E-06   0.0000E+00  0.0000   0.0000E+00  0.0000   0.0000E+00  0.0000   0.0000E+00  0.0000
   1.0000E-06   1.7783E-06   0.0000E+00  0.0000   0.0000E+00  0.0000   0.0000E+00  0.0000   0.0000E+00  0.0000
   1.7783E-06   3.1623E-06   0.0000E+00  0.0000   0.0000E+00  0.0000   0.0000E+00  0.0000   0.0000E+00  0.0000
   3.1623E-06   5.6234E-06   0.0000E+00  0.0000   0.0000E+00  0.0000   0.0000E+00  0.0000   0.0000E+00  0.0000
   5.6234E-06   1.0000E-05   0.0000E+00  0.0000   0.0000E+00  0.0000   0.0000E+00  0.0000   0.0000E+00  0.0000
   1.0000E-05   1.7783E-05   0.0000E+00  0.0000   0.0000E+00  0.0000   0.0000E+00  0.0000   0.0000E+00  0.0000
   1.7783E-05   3.1623E-05   0.0000E+00  0.0000   0.0000E+00  0.0000   0.0000E+00  0.0000   0.0000E+00  0.0000
   3.1623E-05   5.6234E-05   0.0000E+00  0.0000   0.0000E+00  0.0000   0.0000E+00  0.0000   0.0000E+00  0.0000
   5.6234E-05   1.0000E-04   0.0000E+00  0.0000   0.0000E+00  0.0000   0.0000E+00  0.0000   0.0000E+00  0.0000
   1.0000E-04   1.7783E-04   0.0000E+00  0.0000   2.7718E-16  1.0000   0.0000E+00  0.0000   0.0000E+00  0.0000
   1.7783E-04   3.1623E-04   0.0000E+00  0.0000   0.0000E+00  0.0000   0.0000E+00  0.0000   0.0000E+00  0.0000
   3.1623E-04   5.6234E-04   0.0000E+00  0.0000   0.0000E+00  0.0000   0.0000E+00  0.0000   0.0000E+00  0.0000
   5.6234E-04   1.0000E-03   0.0000E+00  0.0000   0.0000E+00  0.0000   0.0000E+00  0.0000   0.0000E+00  0.0000
   1.0000E-03   1.7783E-03   0.0000E+00  0.0000   1.6608E-11  0.7067   0.0000E+00  0.0000   0.0000E+00  0.0000
   1.7783E-03   3.1623E-03   0.0000E+00  0.0000   8.1140E-12  0.7067   0.0000E+00  0.0000   0.0000E+00  0.0000
   3.1623E-03   5.6234E-03   0.0000E+00  0.0000   1.1988E-11  0.7067   0.0000E+00  0.0000   0.0000E+00  0.0000
   5.6234E-03   1.0000E-02   0.0000E+00  0.0000   1.9227E-11  0.7067   0.0000E+00  0.0000   0.0000E+00  0.0000
   1.0000E-02   1.7783E-02   0.0000E+00  0.0000   3.4475E-11  0.7067   0.0000E+00  0.0000   0.0000E+00  0.0000
   1.7783E-02   3.1623E-02   0.0000E+00  0.0000   7.1175E-11  0.7067   0.0000E+00  0.0000   0.0000E+00  0.0000
   3.1623E-02   5.6234E-02   0.0000E+00  0.0000   1.6628E-10  0.7067   0.0000E+00  0.0000   0.0000E+00  0.0000
   5.6234E-02   1.0000E-01   0.0000E+00  0.0000   4.1663E-10  0.7067   0.0000E+00  0.0000   0.0000E+00  0.0000
   1.0000E-01   1.7783E-01   0.0000E+00  0.0000   1.0694E-09  0.7067   0.0000E+00  0.0000   0.0000E+00  0.0000
   1.7783E-01   3.1623E-01   0.0000E+00  0.0000   2.7974E-09  0.7067   0.0000E+00  0.0000   0.0000E+00  0.0000
   3.1623E-01   5.6234E-01   0.0000E+00  0.0000   7.4983E-09  0.7067   0.0000E+00  0.0000   0.0000E+00  0.0000
   5.6234E-01   1.0000E+00   0.0000E+00  0.0000   2.0566E-08  0.7067   0.0000E+00  0.0000   0.0000E+00  0.0000
   1.0000E+00   1.7783E+00   0.0000E+00  0.0000   5.7587E-08  0.7067   0.0000E+00  0.0000   0.0000E+00  0.0000
   1.7783E+00   3.1623E+00   0.0000E+00  0.0000   1.6380E-07  0.7067   0.0000E+00  0.0000   0.0000E+00  0.0000
   3.1623E+00   5.6234E+00   0.0000E+00  0.0000   4.6293E-07  0.7067   0.0000E+00  0.0000   0.0000E+00  0.0000
   5.6234E+00   1.0000E+01   0.0000E+00  0.0000   1.2896E-06  0.7067   0.0000E+00  0.0000   0.0000E+00  0.0000
   1.0000E+01   1.7783E+01   0.0000E+00  0.0000   3.5112E-06  0.7067   0.0000E+00  0.0000   0.0000E+00  0.0000
   1.7783E+01   3.1623E+01   0.0000E+00  0.0000   7.7817E-05  0.8860   0.0000E+00  0.0000   0.0000E+00  0.0000
   3.1623E+01   5.6234E+01   0.0000E+00  0.0000   2.2409E-05  0.7067   0.0000E+00  0.0000   0.0000E+00  0.0000
   5.6234E+01   1.0000E+02   0.0000E+00  0.0000   3.6513E-05  0.7546   0.0000E+00  0.0000   0.0000E+00  0.0000
   1.0000E+02   1.7783E+02   0.0000E+00  0.0000   3.4058E-06  1.0000   0.0000E+00  0.0000   0.0000E+00  0.0000
   1.7783E+02   3.1623E+02   0.0000E+00  0.0000   1.1483E-04  0.6598   0.0000E+00  0.0000   0.0000E+00  0.0000
   3.1623E+02   5.6234E+02   0.0000E+00  0.0000   2.6068E-04  0.4809   0.0000E+00  0.0000   0.0000E+00  0.0000
   5.6234E+02   1.0000E+03   0.0000E+00  0.0000   1.4993E-04  0.6689   0.0000E+00  0.0000   0.0000E+00  0.0000
   1.0000E+03   1.7783E+03   0.0000E+00  0.0000   3.7956E-04  0.4271   0.0000E+00  0.0000   0.0000E+00  0.0000
   1.7783E+03   3.1623E+03   0.0000E+00  0.0000   9.6231E-04  0.2568   0.0000E+00  0.0000   0.0000E+00  0.0000
   3.1623E+03   5.6234E+03   0.0000E+00  0.0000   4.9705E-04  0.3758   0.0000E+00  0.0000   0.0000E+00  0.0000
   5.6234E+03   1.0000E+04   0.0000E+00  0.0000   1.3188E-03  0.2391   0.0000E+00  0.0000   0.0000E+00  0.0000
   1.0000E+04   1.7783E+04   0.0000E+00  0.0000   5.6572E-04  0.4212   0.0000E+00  0.0000   0.0000E+00  0.0000
   1.7783E+04   3.1623E+04   0.0000E+00  0.0000   0.0000E+00  0.0000   0.0000E+00  0.0000   0.0000E+00  0.0000
   3.1623E+04   5.6234E+04   0.0000E+00  0.0000   6.5076E-05  1.0000   0.0000E+00  0.0000   0.0000E+00  0.0000
   5.6234E+04   1.0000E+05   0.0000E+00  0.0000   5.8616E-05  1.0000   0.0000E+00  0.0000   0.0000E+00  0.0000

#   sum over                 0.0000E+00  0.0000   4.5183E-03  0.1244   0.0000E+00  0.0000   0.0000E+00  0.0000

'no. = 10, (ix,iy,iz) = (  1,  1, 10)'
msuc: {\huge Flux spectra vs depth in concrete}
msdr: {\it plotted by \ANGEL \version}
msdl: {\it calculated by \PHITS  3.36}
wt: s(0.7)
\vspace{-3}
   vol  &=&   2.8800E+07 [cm^3]
  xmin  &=&  -6.0000E+02 [cm]
  xmax  &=&   6.0000E+02 [cm]
  ymin  &=&  -6.0000E+02 [cm]
  ymax  &=&   6.0000E+02 [cm]
  zmin  &=&  -5.2000E+02 [cm]
  zmax  &=&  -5.0000E+02 [cm]
e:

#------------------------------------------------------------------------------
 newpage:
#   no. = 11   ix  =  1   iy  =  1   iz  = 11
#   x = (  -6.0000E+02  -   6.0000E+02  )
#   y = (  -6.0000E+02  -   6.0000E+02  )
#   z = (  -5.0000E+02  -  -4.8000E+02  )

x: Energy [MeV/n]
y: Flux [1/cm^2/source]              
p: xlog ylog afac(0.8) form(0.9)
h: n            x            y(neutron ),hh0l n y(muon-   ),hh0dr n y(muon+   ),hh0ub n y(proton  ),hh0mg n 
#  e-lower      e-upper        neutron   r.err      muon-     r.err      muon+     r.err      proton    r.err 
   1.0000E-10   1.7783E-10   0.0000E+00  0.0000   0.0000E+00  0.0000   0.0000E+00  0.0000   0.0000E+00  0.0000
   1.7783E-10   3.1623E-10   0.0000E+00  0.0000   0.0000E+00  0.0000   0.0000E+00  0.0000   0.0000E+00  0.0000
   3.1623E-10   5.6234E-10   0.0000E+00  0.0000   0.0000E+00  0.0000   0.0000E+00  0.0000   0.0000E+00  0.0000
   5.6234E-10   1.0000E-09   0.0000E+00  0.0000   0.0000E+00  0.0000   0.0000E+00  0.0000   0.0000E+00  0.0000
   1.0000E-09   1.7783E-09   0.0000E+00  0.0000   0.0000E+00  0.0000   0.0000E+00  0.0000   0.0000E+00  0.0000
   1.7783E-09   3.1623E-09   0.0000E+00  0.0000   0.0000E+00  0.0000   0.0000E+00  0.0000   0.0000E+00  0.0000
   3.1623E-09   5.6234E-09   0.0000E+00  0.0000   0.0000E+00  0.0000   0.0000E+00  0.0000   0.0000E+00  0.0000
   5.6234E-09   1.0000E-08   0.0000E+00  0.0000   0.0000E+00  0.0000   0.0000E+00  0.0000   0.0000E+00  0.0000
   1.0000E-08   1.7783E-08   0.0000E+00  0.0000   0.0000E+00  0.0000   0.0000E+00  0.0000   0.0000E+00  0.0000
   1.7783E-08   3.1623E-08   0.0000E+00  0.0000   0.0000E+00  0.0000   0.0000E+00  0.0000   0.0000E+00  0.0000
   3.1623E-08   5.6234E-08   0.0000E+00  0.0000   0.0000E+00  0.0000   0.0000E+00  0.0000   0.0000E+00  0.0000
   5.6234E-08   1.0000E-07   0.0000E+00  0.0000   0.0000E+00  0.0000   0.0000E+00  0.0000   0.0000E+00  0.0000
   1.0000E-07   1.7783E-07   0.0000E+00  0.0000   0.0000E+00  0.0000   0.0000E+00  0.0000   0.0000E+00  0.0000
   1.7783E-07   3.1623E-07   0.0000E+00  0.0000   0.0000E+00  0.0000   0.0000E+00  0.0000   0.0000E+00  0.0000
   3.1623E-07   5.6234E-07   0.0000E+00  0.0000   0.0000E+00  0.0000   0.0000E+00  0.0000   0.0000E+00  0.0000
   5.6234E-07   1.0000E-06   0.0000E+00  0.0000   0.0000E+00  0.0000   0.0000E+00  0.0000   0.0000E+00  0.0000
   1.0000E-06   1.7783E-06   0.0000E+00  0.0000   0.0000E+00  0.0000   0.0000E+00  0.0000   0.0000E+00  0.0000
   1.7783E-06   3.1623E-06   0.0000E+00  0.0000   0.0000E+00  0.0000   0.0000E+00  0.0000   0.0000E+00  0.0000
   3.1623E-06   5.6234E-06   0.0000E+00  0.0000   0.0000E+00  0.0000   0.0000E+00  0.0000   0.0000E+00  0.0000
   5.6234E-06   1.0000E-05   0.0000E+00  0.0000   0.0000E+00  0.0000   0.0000E+00  0.0000   0.0000E+00  0.0000
   1.0000E-05   1.7783E-05   0.0000E+00  0.0000   0.0000E+00  0.0000   0.0000E+00  0.0000   0.0000E+00  0.0000
   1.7783E-05   3.1623E-05   0.0000E+00  0.0000   0.0000E+00  0.0000   0.0000E+00  0.0000   0.0000E+00  0.0000
   3.1623E-05   5.6234E-05   0.0000E+00  0.0000   0.0000E+00  0.0000   0.0000E+00  0.0000   0.0000E+00  0.0000
   5.6234E-05   1.0000E-04   0.0000E+00  0.0000   0.0000E+00  0.0000   0.0000E+00  0.0000   0.0000E+00  0.0000
   1.0000E-04   1.7783E-04   0.0000E+00  0.0000   0.0000E+00  0.0000   0.0000E+00  0.0000   0.0000E+00  0.0000
   1.7783E-04   3.1623E-04   0.0000E+00  0.0000   0.0000E+00  0.0000   0.0000E+00  0.0000   0.0000E+00  0.0000
   3.1623E-04   5.6234E-04   0.0000E+00  0.0000   0.0000E+00  0.0000   0.0000E+00  0.0000   0.0000E+00  0.0000
   5.6234E-04   1.0000E-03   0.0000E+00  0.0000   0.0000E+00  0.0000   0.0000E+00  0.0000   0.0000E+00  0.0000
   1.0000E-03   1.7783E-03   0.0000E+00  0.0000   8.3040E-12  1.0000   0.0000E+00  0.0000   0.0000E+00  0.0000
   1.7783E-03   3.1623E-03   0.0000E+00  0.0000   4.0570E-12  1.0000   0.0000E+00  0.0000   0.0000E+00  0.0000
   3.1623E-03   5.6234E-03   0.0000E+00  0.0000   5.9939E-12  1.0000   0.0000E+00  0.0000   0.0000E+00  0.0000
   5.6234E-03   1.0000E-02   0.0000E+00  0.0000   9.6133E-12  1.0000   0.0000E+00  0.0000   0.0000E+00  0.0000
   1.0000E-02   1.7783E-02   0.0000E+00  0.0000   1.7238E-11  1.0000   0.0000E+00  0.0000   0.0000E+00  0.0000
   1.7783E-02   3.1623E-02   0.0000E+00  0.0000   3.5587E-11  1.0000   0.0000E+00  0.0000   0.0000E+00  0.0000
   3.1623E-02   5.6234E-02   0.0000E+00  0.0000   8.3139E-11  1.0000   0.0000E+00  0.0000   0.0000E+00  0.0000
   5.6234E-02   1.0000E-01   0.0000E+00  0.0000   2.0831E-10  1.0000   0.0000E+00  0.0000   0.0000E+00  0.0000
   1.0000E-01   1.7783E-01   0.0000E+00  0.0000   5.3471E-10  1.0000   0.0000E+00  0.0000   0.0000E+00  0.0000
   1.7783E-01   3.1623E-01   0.0000E+00  0.0000   1.3987E-09  1.0000   0.0000E+00  0.0000   0.0000E+00  0.0000
   3.1623E-01   5.6234E-01   0.0000E+00  0.0000   3.7491E-09  1.0000   0.0000E+00  0.0000   0.0000E+00  0.0000
   5.6234E-01   1.0000E+00   0.0000E+00  0.0000   1.0283E-08  1.0000   0.0000E+00  0.0000   0.0000E+00  0.0000
   1.0000E+00   1.7783E+00   0.0000E+00  0.0000   2.8794E-08  1.0000   0.0000E+00  0.0000   0.0000E+00  0.0000
   1.7783E+00   3.1623E+00   0.0000E+00  0.0000   8.1902E-08  1.0000   0.0000E+00  0.0000   0.0000E+00  0.0000
   3.1623E+00   5.6234E+00   0.0000E+00  0.0000   2.3146E-07  1.0000   0.0000E+00  0.0000   0.0000E+00  0.0000
   5.6234E+00   1.0000E+01   0.0000E+00  0.0000   6.4479E-07  1.0000   0.0000E+00  0.0000   0.0000E+00  0.0000
   1.0000E+01   1.7783E+01   0.0000E+00  0.0000   1.7556E-06  1.0000   0.0000E+00  0.0000   0.0000E+00  0.0000
   1.7783E+01   3.1623E+01   0.0000E+00  0.0000   7.3234E-05  0.9394   0.0000E+00  0.0000   0.0000E+00  0.0000
   3.1623E+01   5.6234E+01   0.0000E+00  0.0000   1.1205E-05  1.0000   0.0000E+00  0.0000   0.0000E+00  0.0000
   5.6234E+01   1.0000E+02   0.0000E+00  0.0000   3.0346E-05  0.7102   0.0000E+00  0.0000   0.0000E+00  0.0000
   1.0000E+02   1.7783E+02   0.0000E+00  0.0000   9.0805E-05  0.7074   0.0000E+00  0.0000   0.0000E+00  0.0000
   1.7783E+02   3.1623E+02   0.0000E+00  0.0000   6.6125E-05  0.8839   0.0000E+00  0.0000   0.0000E+00  0.0000
   3.1623E+02   5.6234E+02   0.0000E+00  0.0000   2.2570E-04  0.5221   0.0000E+00  0.0000   0.0000E+00  0.0000
   5.6234E+02   1.0000E+03   0.0000E+00  0.0000   2.4186E-04  0.4950   0.0000E+00  0.0000   0.0000E+00  0.0000
   1.0000E+03   1.7783E+03   0.0000E+00  0.0000   3.5032E-04  0.4554   0.0000E+00  0.0000   0.0000E+00  0.0000
   1.7783E+03   3.1623E+03   0.0000E+00  0.0000   8.4035E-04  0.2777   0.0000E+00  0.0000   0.0000E+00  0.0000
   3.1623E+03   5.6234E+03   0.0000E+00  0.0000   4.8910E-04  0.3806   0.0000E+00  0.0000   0.0000E+00  0.0000
   5.6234E+03   1.0000E+04   0.0000E+00  0.0000   1.3092E-03  0.2399   0.0000E+00  0.0000   0.0000E+00  0.0000
   1.0000E+04   1.7783E+04   0.0000E+00  0.0000   6.0966E-04  0.4044   0.0000E+00  0.0000   0.0000E+00  0.0000
   1.7783E+04   3.1623E+04   0.0000E+00  0.0000   0.0000E+00  0.0000   0.0000E+00  0.0000   0.0000E+00  0.0000
   3.1623E+04   5.6234E+04   0.0000E+00  0.0000   6.5076E-05  1.0000   0.0000E+00  0.0000   0.0000E+00  0.0000
   5.6234E+04   1.0000E+05   0.0000E+00  0.0000   5.8616E-05  1.0000   0.0000E+00  0.0000   0.0000E+00  0.0000

#   sum over                 0.0000E+00  0.0000   4.4644E-03  0.1249   0.0000E+00  0.0000   0.0000E+00  0.0000

'no. = 11, (ix,iy,iz) = (  1,  1, 11)'
msuc: {\huge Flux spectra vs depth in concrete}
msdr: {\it plotted by \ANGEL \version}
msdl: {\it calculated by \PHITS  3.36}
wt: s(0.7)
\vspace{-3}
   vol  &=&   2.8800E+07 [cm^3]
  xmin  &=&  -6.0000E+02 [cm]
  xmax  &=&   6.0000E+02 [cm]
  ymin  &=&  -6.0000E+02 [cm]
  ymax  &=&   6.0000E+02 [cm]
  zmin  &=&  -5.0000E+02 [cm]
  zmax  &=&  -4.8000E+02 [cm]
e:

#------------------------------------------------------------------------------
 newpage:
#   no. = 12   ix  =  1   iy  =  1   iz  = 12
#   x = (  -6.0000E+02  -   6.0000E+02  )
#   y = (  -6.0000E+02  -   6.0000E+02  )
#   z = (  -4.8000E+02  -  -4.6000E+02  )

x: Energy [MeV/n]
y: Flux [1/cm^2/source]              
p: xlog ylog afac(0.8) form(0.9)
h: n            x            y(neutron ),hh0l n y(muon-   ),hh0dr n y(muon+   ),hh0ub n y(proton  ),hh0mg n 
#  e-lower      e-upper        neutron   r.err      muon-     r.err      muon+     r.err      proton    r.err 
   1.0000E-10   1.7783E-10   0.0000E+00  0.0000   0.0000E+00  0.0000   0.0000E+00  0.0000   0.0000E+00  0.0000
   1.7783E-10   3.1623E-10   0.0000E+00  0.0000   0.0000E+00  0.0000   0.0000E+00  0.0000   0.0000E+00  0.0000
   3.1623E-10   5.6234E-10   0.0000E+00  0.0000   0.0000E+00  0.0000   0.0000E+00  0.0000   0.0000E+00  0.0000
   5.6234E-10   1.0000E-09   0.0000E+00  0.0000   0.0000E+00  0.0000   0.0000E+00  0.0000   0.0000E+00  0.0000
   1.0000E-09   1.7783E-09   2.8438E-07  1.0000   0.0000E+00  0.0000   0.0000E+00  0.0000   0.0000E+00  0.0000
   1.7783E-09   3.1623E-09   0.0000E+00  0.0000   0.0000E+00  0.0000   0.0000E+00  0.0000   0.0000E+00  0.0000
   3.1623E-09   5.6234E-09   1.3551E-07  1.0000   0.0000E+00  0.0000   0.0000E+00  0.0000   0.0000E+00  0.0000
   5.6234E-09   1.0000E-08   1.0786E-05  1.0000   0.0000E+00  0.0000   0.0000E+00  0.0000   0.0000E+00  0.0000
   1.0000E-08   1.7783E-08   9.6242E-06  1.0000   0.0000E+00  0.0000   0.0000E+00  0.0000   0.0000E+00  0.0000
   1.7783E-08   3.1623E-08   4.0137E-05  1.0000   0.0000E+00  0.0000   0.0000E+00  0.0000   0.0000E+00  0.0000
   3.1623E-08   5.6234E-08   2.5813E-05  1.0000   0.0000E+00  0.0000   0.0000E+00  0.0000   0.0000E+00  0.0000
   5.6234E-08   1.0000E-07   2.4758E-05  1.0000   0.0000E+00  0.0000   0.0000E+00  0.0000   0.0000E+00  0.0000
   1.0000E-07   1.7783E-07   1.2045E-05  1.0000   0.0000E+00  0.0000   0.0000E+00  0.0000   0.0000E+00  0.0000
   1.7783E-07   3.1623E-07   1.0963E-05  1.0000   0.0000E+00  0.0000   0.0000E+00  0.0000   0.0000E+00  0.0000
   3.1623E-07   5.6234E-07   1.5335E-06  1.0000   0.0000E+00  0.0000   0.0000E+00  0.0000   0.0000E+00  0.0000
   5.6234E-07   1.0000E-06   0.0000E+00  0.0000   0.0000E+00  0.0000   0.0000E+00  0.0000   0.0000E+00  0.0000
   1.0000E-06   1.7783E-06   0.0000E+00  0.0000   0.0000E+00  0.0000   0.0000E+00  0.0000   0.0000E+00  0.0000
   1.7783E-06   3.1623E-06   2.4472E-06  1.0000   0.0000E+00  0.0000   0.0000E+00  0.0000   0.0000E+00  0.0000
   3.1623E-06   5.6234E-06   0.0000E+00  0.0000   0.0000E+00  0.0000   0.0000E+00  0.0000   0.0000E+00  0.0000
   5.6234E-06   1.0000E-05   1.7740E-06  1.0000   0.0000E+00  0.0000   0.0000E+00  0.0000   0.0000E+00  0.0000
   1.0000E-05   1.7783E-05   0.0000E+00  0.0000   0.0000E+00  0.0000   0.0000E+00  0.0000   0.0000E+00  0.0000
   1.7783E-05   3.1623E-05   5.0647E-06  1.0000   0.0000E+00  0.0000   0.0000E+00  0.0000   0.0000E+00  0.0000
   3.1623E-05   5.6234E-05   0.0000E+00  0.0000   0.0000E+00  0.0000   0.0000E+00  0.0000   0.0000E+00  0.0000
   5.6234E-05   1.0000E-04   0.0000E+00  0.0000   0.0000E+00  0.0000   0.0000E+00  0.0000   0.0000E+00  0.0000
   1.0000E-04   1.7783E-04   0.0000E+00  0.0000   0.0000E+00  0.0000   0.0000E+00  0.0000   0.0000E+00  0.0000
   1.7783E-04   3.1623E-04   0.0000E+00  0.0000   0.0000E+00  0.0000   0.0000E+00  0.0000   0.0000E+00  0.0000
   3.1623E-04   5.6234E-04   0.0000E+00  0.0000   0.0000E+00  0.0000   0.0000E+00  0.0000   0.0000E+00  0.0000
   5.6234E-04   1.0000E-03   8.8454E-06  1.0000   0.0000E+00  0.0000   0.0000E+00  0.0000   2.7718E-16  1.0000
   1.0000E-03   1.7783E-03   0.0000E+00  0.0000   1.6102E-11  0.7067   0.0000E+00  0.0000   5.9980E-12  1.0000
   1.7783E-03   3.1623E-03   0.0000E+00  0.0000   8.1140E-12  0.7067   0.0000E+00  0.0000   9.6861E-12  1.0000
   3.1623E-03   5.6234E-03   3.1344E-07  1.0000   1.1988E-11  0.7067   0.0000E+00  0.0000   1.4622E-11  1.0000
   5.6234E-03   1.0000E-02   1.5642E-05  1.0000   1.9227E-11  0.7067   0.0000E+00  0.0000   2.0177E-11  1.0000
   1.0000E-02   1.7783E-02   0.0000E+00  0.0000   3.4475E-11  0.7067   0.0000E+00  0.0000   2.7062E-11  1.0000
   1.7783E-02   3.1623E-02   1.2834E-05  1.0000   7.1175E-11  0.7067   0.0000E+00  0.0000   3.8771E-11  1.0000
   3.1623E-02   5.6234E-02   0.0000E+00  0.0000   1.6628E-10  0.7067   0.0000E+00  0.0000   5.8180E-11  1.0000
   5.6234E-02   1.0000E-01   0.0000E+00  0.0000   4.1663E-10  0.7067   0.0000E+00  0.0000   9.5174E-11  1.0000
   1.0000E-01   1.7783E-01   2.4328E-06  1.0000   1.0694E-09  0.7067   0.0000E+00  0.0000   1.7562E-10  1.0000
   1.7783E-01   3.1623E-01   5.4905E-06  1.0000   2.7974E-09  0.7067   0.0000E+00  0.0000   3.7312E-10  1.0000
   3.1623E-01   5.6234E-01   5.2275E-06  1.0000   7.4983E-09  0.7067   0.0000E+00  0.0000   8.8901E-10  1.0000
   5.6234E-01   1.0000E+00   0.0000E+00  0.0000   2.0566E-08  0.7067   0.0000E+00  0.0000   2.2441E-09  1.0000
   1.0000E+00   1.7783E+00   0.0000E+00  0.0000   5.7587E-08  0.7067   0.0000E+00  0.0000   5.7803E-09  1.0000
   1.7783E+00   3.1623E+00   5.1236E-06  1.0000   1.6380E-07  0.7067   0.0000E+00  0.0000   1.5193E-08  1.0000
   3.1623E+00   5.6234E+00   0.0000E+00  0.0000   4.6293E-07  0.7067   0.0000E+00  0.0000   3.2051E-08  1.0000
   5.6234E+00   1.0000E+01   0.0000E+00  0.0000   1.2896E-06  0.7067   0.0000E+00  0.0000   0.0000E+00  0.0000
   1.0000E+01   1.7783E+01   0.0000E+00  0.0000   3.5112E-06  0.7067   0.0000E+00  0.0000   0.0000E+00  0.0000
   1.7783E+01   3.1623E+01   0.0000E+00  0.0000   7.7817E-05  0.8860   0.0000E+00  0.0000   0.0000E+00  0.0000
   3.1623E+01   5.6234E+01   0.0000E+00  0.0000   2.2409E-05  0.7067   0.0000E+00  0.0000   0.0000E+00  0.0000
   5.6234E+01   1.0000E+02   0.0000E+00  0.0000   3.4830E-05  0.7268   0.0000E+00  0.0000   0.0000E+00  0.0000
   1.0000E+02   1.7783E+02   0.0000E+00  0.0000   5.8433E-05  0.8801   0.0000E+00  0.0000   0.0000E+00  0.0000
   1.7783E+02   3.1623E+02   0.0000E+00  0.0000   1.7586E-04  0.5405   0.0000E+00  0.0000   0.0000E+00  0.0000
   3.1623E+02   5.6234E+02   0.0000E+00  0.0000   7.1271E-05  0.8759   0.0000E+00  0.0000   0.0000E+00  0.0000
   5.6234E+02   1.0000E+03   0.0000E+00  0.0000   3.3934E-04  0.4221   0.0000E+00  0.0000   0.0000E+00  0.0000
   1.0000E+03   1.7783E+03   0.0000E+00  0.0000   4.0728E-04  0.4156   0.0000E+00  0.0000   0.0000E+00  0.0000
   1.7783E+03   3.1623E+03   0.0000E+00  0.0000   8.8191E-04  0.2685   0.0000E+00  0.0000   0.0000E+00  0.0000
   3.1623E+03   5.6234E+03   0.0000E+00  0.0000   4.1236E-04  0.4235   0.0000E+00  0.0000   0.0000E+00  0.0000
   5.6234E+03   1.0000E+04   0.0000E+00  0.0000   1.3246E-03  0.2339   0.0000E+00  0.0000   0.0000E+00  0.0000
   1.0000E+04   1.7783E+04   0.0000E+00  0.0000   6.5840E-04  0.3815   0.0000E+00  0.0000   0.0000E+00  0.0000
   1.7783E+04   3.1623E+04   0.0000E+00  0.0000   0.0000E+00  0.0000   0.0000E+00  0.0000   0.0000E+00  0.0000
   3.1623E+04   5.6234E+04   0.0000E+00  0.0000   6.5076E-05  1.0000   0.0000E+00  0.0000   0.0000E+00  0.0000
   5.6234E+04   1.0000E+05   0.0000E+00  0.0000   5.8616E-05  1.0000   0.0000E+00  0.0000   0.0000E+00  0.0000

#   sum over                 2.0127E-04  1.0000   4.5937E-03  0.1226   0.0000E+00  0.0000   5.6976E-08  1.0000

'no. = 12, (ix,iy,iz) = (  1,  1, 12)'
msuc: {\huge Flux spectra vs depth in concrete}
msdr: {\it plotted by \ANGEL \version}
msdl: {\it calculated by \PHITS  3.36}
wt: s(0.7)
\vspace{-3}
   vol  &=&   2.8800E+07 [cm^3]
  xmin  &=&  -6.0000E+02 [cm]
  xmax  &=&   6.0000E+02 [cm]
  ymin  &=&  -6.0000E+02 [cm]
  ymax  &=&   6.0000E+02 [cm]
  zmin  &=&  -4.8000E+02 [cm]
  zmax  &=&  -4.6000E+02 [cm]
e:

#------------------------------------------------------------------------------
 newpage:
#   no. = 13   ix  =  1   iy  =  1   iz  = 13
#   x = (  -6.0000E+02  -   6.0000E+02  )
#   y = (  -6.0000E+02  -   6.0000E+02  )
#   z = (  -4.6000E+02  -  -4.4000E+02  )

x: Energy [MeV/n]
y: Flux [1/cm^2/source]              
p: xlog ylog afac(0.8) form(0.9)
h: n            x            y(neutron ),hh0l n y(muon-   ),hh0dr n y(muon+   ),hh0ub n y(proton  ),hh0mg n 
#  e-lower      e-upper        neutron   r.err      muon-     r.err      muon+     r.err      proton    r.err 
   1.0000E-10   1.7783E-10   0.0000E+00  0.0000   0.0000E+00  0.0000   0.0000E+00  0.0000   0.0000E+00  0.0000
   1.7783E-10   3.1623E-10   0.0000E+00  0.0000   0.0000E+00  0.0000   0.0000E+00  0.0000   0.0000E+00  0.0000
   3.1623E-10   5.6234E-10   0.0000E+00  0.0000   0.0000E+00  0.0000   0.0000E+00  0.0000   0.0000E+00  0.0000
   5.6234E-10   1.0000E-09   0.0000E+00  0.0000   0.0000E+00  0.0000   0.0000E+00  0.0000   0.0000E+00  0.0000
   1.0000E-09   1.7783E-09   2.5502E-07  1.0000   0.0000E+00  0.0000   0.0000E+00  0.0000   0.0000E+00  0.0000
   1.7783E-09   3.1623E-09   4.0077E-07  1.0000   0.0000E+00  0.0000   0.0000E+00  0.0000   0.0000E+00  0.0000
   3.1623E-09   5.6234E-09   1.3043E-06  1.0000   0.0000E+00  0.0000   0.0000E+00  0.0000   0.0000E+00  0.0000
   5.6234E-09   1.0000E-08   3.1007E-06  1.0000   0.0000E+00  0.0000   0.0000E+00  0.0000   0.0000E+00  0.0000
   1.0000E-08   1.7783E-08   9.2439E-06  1.0000   0.0000E+00  0.0000   0.0000E+00  0.0000   0.0000E+00  0.0000
   1.7783E-08   3.1623E-08   4.3041E-05  1.0000   0.0000E+00  0.0000   0.0000E+00  0.0000   0.0000E+00  0.0000
   3.1623E-08   5.6234E-08   3.5282E-05  1.0000   0.0000E+00  0.0000   0.0000E+00  0.0000   0.0000E+00  0.0000
   5.6234E-08   1.0000E-07   3.8741E-05  1.0000   0.0000E+00  0.0000   0.0000E+00  0.0000   0.0000E+00  0.0000
   1.0000E-07   1.7783E-07   2.1134E-05  1.0000   0.0000E+00  0.0000   0.0000E+00  0.0000   0.0000E+00  0.0000
   1.7783E-07   3.1623E-07   0.0000E+00  0.0000   0.0000E+00  0.0000   0.0000E+00  0.0000   0.0000E+00  0.0000
   3.1623E-07   5.6234E-07   0.0000E+00  0.0000   0.0000E+00  0.0000   0.0000E+00  0.0000   0.0000E+00  0.0000
   5.6234E-07   1.0000E-06   0.0000E+00  0.0000   0.0000E+00  0.0000   0.0000E+00  0.0000   0.0000E+00  0.0000
   1.0000E-06   1.7783E-06   0.0000E+00  0.0000   0.0000E+00  0.0000   0.0000E+00  0.0000   0.0000E+00  0.0000
   1.7783E-06   3.1623E-06   0.0000E+00  0.0000   0.0000E+00  0.0000   0.0000E+00  0.0000   0.0000E+00  0.0000
   3.1623E-06   5.6234E-06   0.0000E+00  0.0000   0.0000E+00  0.0000   0.0000E+00  0.0000   0.0000E+00  0.0000
   5.6234E-06   1.0000E-05   0.0000E+00  0.0000   0.0000E+00  0.0000   0.0000E+00  0.0000   0.0000E+00  0.0000
   1.0000E-05   1.7783E-05   0.0000E+00  0.0000   0.0000E+00  0.0000   0.0000E+00  0.0000   0.0000E+00  0.0000
   1.7783E-05   3.1623E-05   0.0000E+00  0.0000   0.0000E+00  0.0000   0.0000E+00  0.0000   0.0000E+00  0.0000
   3.1623E-05   5.6234E-05   0.0000E+00  0.0000   0.0000E+00  0.0000   0.0000E+00  0.0000   0.0000E+00  0.0000
   5.6234E-05   1.0000E-04   0.0000E+00  0.0000   0.0000E+00  0.0000   0.0000E+00  0.0000   0.0000E+00  0.0000
   1.0000E-04   1.7783E-04   0.0000E+00  0.0000   2.7712E-16  1.0000   0.0000E+00  0.0000   0.0000E+00  0.0000
   1.7783E-04   3.1623E-04   0.0000E+00  0.0000   0.0000E+00  0.0000   0.0000E+00  0.0000   0.0000E+00  0.0000
   3.1623E-04   5.6234E-04   0.0000E+00  0.0000   0.0000E+00  0.0000   0.0000E+00  0.0000   0.0000E+00  0.0000
   5.6234E-04   1.0000E-03   0.0000E+00  0.0000   0.0000E+00  0.0000   0.0000E+00  0.0000   0.0000E+00  0.0000
   1.0000E-03   1.7783E-03   0.0000E+00  0.0000   2.4912E-11  0.5766   0.0000E+00  0.0000   0.0000E+00  0.0000
   1.7783E-03   3.1623E-03   0.0000E+00  0.0000   1.2171E-11  0.5766   0.0000E+00  0.0000   0.0000E+00  0.0000
   3.1623E-03   5.6234E-03   0.0000E+00  0.0000   1.7982E-11  0.5766   0.0000E+00  0.0000   0.0000E+00  0.0000
   5.6234E-03   1.0000E-02   0.0000E+00  0.0000   2.8840E-11  0.5766   0.0000E+00  0.0000   0.0000E+00  0.0000
   1.0000E-02   1.7783E-02   0.0000E+00  0.0000   5.1713E-11  0.5766   0.0000E+00  0.0000   0.0000E+00  0.0000
   1.7783E-02   3.1623E-02   0.0000E+00  0.0000   1.0676E-10  0.5766   0.0000E+00  0.0000   0.0000E+00  0.0000
   3.1623E-02   5.6234E-02   0.0000E+00  0.0000   2.4942E-10  0.5766   0.0000E+00  0.0000   0.0000E+00  0.0000
   5.6234E-02   1.0000E-01   0.0000E+00  0.0000   6.2494E-10  0.5766   0.0000E+00  0.0000   0.0000E+00  0.0000
   1.0000E-01   1.7783E-01   0.0000E+00  0.0000   1.6041E-09  0.5766   0.0000E+00  0.0000   0.0000E+00  0.0000
   1.7783E-01   3.1623E-01   0.0000E+00  0.0000   4.1961E-09  0.5766   0.0000E+00  0.0000   0.0000E+00  0.0000
   3.1623E-01   5.6234E-01   0.0000E+00  0.0000   1.1247E-08  0.5766   0.0000E+00  0.0000   0.0000E+00  0.0000
   5.6234E-01   1.0000E+00   0.0000E+00  0.0000   3.0849E-08  0.5766   0.0000E+00  0.0000   0.0000E+00  0.0000
   1.0000E+00   1.7783E+00   0.0000E+00  0.0000   8.6381E-08  0.5766   0.0000E+00  0.0000   0.0000E+00  0.0000
   1.7783E+00   3.1623E+00   0.0000E+00  0.0000   2.4571E-07  0.5766   0.0000E+00  0.0000   0.0000E+00  0.0000
   3.1623E+00   5.6234E+00   0.0000E+00  0.0000   6.9439E-07  0.5766   0.0000E+00  0.0000   0.0000E+00  0.0000
   5.6234E+00   1.0000E+01   0.0000E+00  0.0000   1.9344E-06  0.5766   0.0000E+00  0.0000   0.0000E+00  0.0000
   1.0000E+01   1.7783E+01   0.0000E+00  0.0000   5.2667E-06  0.5766   0.0000E+00  0.0000   0.0000E+00  0.0000
   1.7783E+01   3.1623E+01   0.0000E+00  0.0000   8.2400E-05  0.8385   0.0000E+00  0.0000   0.0000E+00  0.0000
   3.1623E+01   5.6234E+01   0.0000E+00  0.0000   3.3614E-05  0.5766   0.0000E+00  0.0000   0.0000E+00  0.0000
   5.6234E+01   1.0000E+02   0.0000E+00  0.0000   6.3776E-05  0.5531   0.0000E+00  0.0000   0.0000E+00  0.0000
   1.0000E+02   1.7783E+02   0.0000E+00  0.0000   1.1572E-04  0.6118   0.0000E+00  0.0000   0.0000E+00  0.0000
   1.7783E+02   3.1623E+02   0.0000E+00  0.0000   2.1030E-04  0.5099   0.0000E+00  0.0000   0.0000E+00  0.0000
   3.1623E+02   5.6234E+02   0.0000E+00  0.0000   6.5497E-05  0.6072   0.0000E+00  0.0000   0.0000E+00  0.0000
   5.6234E+02   1.0000E+03   0.0000E+00  0.0000   3.5850E-04  0.4187   0.0000E+00  0.0000   0.0000E+00  0.0000
   1.0000E+03   1.7783E+03   0.0000E+00  0.0000   4.3870E-04  0.4072   0.0000E+00  0.0000   0.0000E+00  0.0000
   1.7783E+03   3.1623E+03   0.0000E+00  0.0000   9.6194E-04  0.2584   0.0000E+00  0.0000   0.0000E+00  0.0000
   3.1623E+03   5.6234E+03   0.0000E+00  0.0000   3.7651E-04  0.4542   0.0000E+00  0.0000   0.0000E+00  0.0000
   5.6234E+03   1.0000E+04   0.0000E+00  0.0000   1.2652E-03  0.2403   0.0000E+00  0.0000   0.0000E+00  0.0000
   1.0000E+04   1.7783E+04   0.0000E+00  0.0000   7.5360E-04  0.3568   0.0000E+00  0.0000   0.0000E+00  0.0000
   1.7783E+04   3.1623E+04   0.0000E+00  0.0000   0.0000E+00  0.0000   0.0000E+00  0.0000   0.0000E+00  0.0000
   3.1623E+04   5.6234E+04   0.0000E+00  0.0000   6.5076E-05  1.0000   0.0000E+00  0.0000   0.0000E+00  0.0000
   5.6234E+04   1.0000E+05   0.0000E+00  0.0000   5.8616E-05  1.0000   0.0000E+00  0.0000   0.0000E+00  0.0000

#   sum over                 1.5250E-04  1.0000   4.8578E-03  0.1185   0.0000E+00  0.0000   0.0000E+00  0.0000

'no. = 13, (ix,iy,iz) = (  1,  1, 13)'
msuc: {\huge Flux spectra vs depth in concrete}
msdr: {\it plotted by \ANGEL \version}
msdl: {\it calculated by \PHITS  3.36}
wt: s(0.7)
\vspace{-3}
   vol  &=&   2.8800E+07 [cm^3]
  xmin  &=&  -6.0000E+02 [cm]
  xmax  &=&   6.0000E+02 [cm]
  ymin  &=&  -6.0000E+02 [cm]
  ymax  &=&   6.0000E+02 [cm]
  zmin  &=&  -4.6000E+02 [cm]
  zmax  &=&  -4.4000E+02 [cm]
e:

#------------------------------------------------------------------------------
 newpage:
#   no. = 14   ix  =  1   iy  =  1   iz  = 14
#   x = (  -6.0000E+02  -   6.0000E+02  )
#   y = (  -6.0000E+02  -   6.0000E+02  )
#   z = (  -4.4000E+02  -  -4.2000E+02  )

x: Energy [MeV/n]
y: Flux [1/cm^2/source]              
p: xlog ylog afac(0.8) form(0.9)
h: n            x            y(neutron ),hh0l n y(muon-   ),hh0dr n y(muon+   ),hh0ub n y(proton  ),hh0mg n 
#  e-lower      e-upper        neutron   r.err      muon-     r.err      muon+     r.err      proton    r.err 
   1.0000E-10   1.7783E-10   0.0000E+00  0.0000   0.0000E+00  0.0000   0.0000E+00  0.0000   0.0000E+00  0.0000
   1.7783E-10   3.1623E-10   0.0000E+00  0.0000   0.0000E+00  0.0000   0.0000E+00  0.0000   0.0000E+00  0.0000
   3.1623E-10   5.6234E-10   0.0000E+00  0.0000   0.0000E+00  0.0000   0.0000E+00  0.0000   0.0000E+00  0.0000
   5.6234E-10   1.0000E-09   0.0000E+00  0.0000   0.0000E+00  0.0000   0.0000E+00  0.0000   0.0000E+00  0.0000
   1.0000E-09   1.7783E-09   0.0000E+00  0.0000   0.0000E+00  0.0000   0.0000E+00  0.0000   0.0000E+00  0.0000
   1.7783E-09   3.1623E-09   0.0000E+00  0.0000   0.0000E+00  0.0000   0.0000E+00  0.0000   0.0000E+00  0.0000
   3.1623E-09   5.6234E-09   0.0000E+00  0.0000   0.0000E+00  0.0000   0.0000E+00  0.0000   0.0000E+00  0.0000
   5.6234E-09   1.0000E-08   0.0000E+00  0.0000   0.0000E+00  0.0000   0.0000E+00  0.0000   0.0000E+00  0.0000
   1.0000E-08   1.7783E-08   0.0000E+00  0.0000   0.0000E+00  0.0000   0.0000E+00  0.0000   0.0000E+00  0.0000
   1.7783E-08   3.1623E-08   0.0000E+00  0.0000   0.0000E+00  0.0000   0.0000E+00  0.0000   0.0000E+00  0.0000
   3.1623E-08   5.6234E-08   0.0000E+00  0.0000   0.0000E+00  0.0000   0.0000E+00  0.0000   0.0000E+00  0.0000
   5.6234E-08   1.0000E-07   0.0000E+00  0.0000   0.0000E+00  0.0000   0.0000E+00  0.0000   0.0000E+00  0.0000
   1.0000E-07   1.7783E-07   0.0000E+00  0.0000   0.0000E+00  0.0000   0.0000E+00  0.0000   0.0000E+00  0.0000
   1.7783E-07   3.1623E-07   0.0000E+00  0.0000   0.0000E+00  0.0000   0.0000E+00  0.0000   0.0000E+00  0.0000
   3.1623E-07   5.6234E-07   0.0000E+00  0.0000   0.0000E+00  0.0000   0.0000E+00  0.0000   0.0000E+00  0.0000
   5.6234E-07   1.0000E-06   0.0000E+00  0.0000   0.0000E+00  0.0000   0.0000E+00  0.0000   0.0000E+00  0.0000
   1.0000E-06   1.7783E-06   0.0000E+00  0.0000   0.0000E+00  0.0000   0.0000E+00  0.0000   0.0000E+00  0.0000
   1.7783E-06   3.1623E-06   0.0000E+00  0.0000   0.0000E+00  0.0000   0.0000E+00  0.0000   0.0000E+00  0.0000
   3.1623E-06   5.6234E-06   0.0000E+00  0.0000   0.0000E+00  0.0000   0.0000E+00  0.0000   0.0000E+00  0.0000
   5.6234E-06   1.0000E-05   0.0000E+00  0.0000   0.0000E+00  0.0000   0.0000E+00  0.0000   0.0000E+00  0.0000
   1.0000E-05   1.7783E-05   0.0000E+00  0.0000   0.0000E+00  0.0000   0.0000E+00  0.0000   0.0000E+00  0.0000
   1.7783E-05   3.1623E-05   0.0000E+00  0.0000   0.0000E+00  0.0000   0.0000E+00  0.0000   0.0000E+00  0.0000
   3.1623E-05   5.6234E-05   0.0000E+00  0.0000   0.0000E+00  0.0000   0.0000E+00  0.0000   0.0000E+00  0.0000
   5.6234E-05   1.0000E-04   0.0000E+00  0.0000   0.0000E+00  0.0000   0.0000E+00  0.0000   0.0000E+00  0.0000
   1.0000E-04   1.7783E-04   0.0000E+00  0.0000   0.0000E+00  0.0000   0.0000E+00  0.0000   0.0000E+00  0.0000
   1.7783E-04   3.1623E-04   0.0000E+00  0.0000   0.0000E+00  0.0000   0.0000E+00  0.0000   0.0000E+00  0.0000
   3.1623E-04   5.6234E-04   0.0000E+00  0.0000   0.0000E+00  0.0000   0.0000E+00  0.0000   0.0000E+00  0.0000
   5.6234E-04   1.0000E-03   0.0000E+00  0.0000   0.0000E+00  0.0000   0.0000E+00  0.0000   0.0000E+00  0.0000
   1.0000E-03   1.7783E-03   0.0000E+00  0.0000   8.3040E-12  1.0000   0.0000E+00  0.0000   0.0000E+00  0.0000
   1.7783E-03   3.1623E-03   0.0000E+00  0.0000   4.0570E-12  1.0000   0.0000E+00  0.0000   0.0000E+00  0.0000
   3.1623E-03   5.6234E-03   0.0000E+00  0.0000   5.9939E-12  1.0000   0.0000E+00  0.0000   0.0000E+00  0.0000
   5.6234E-03   1.0000E-02   0.0000E+00  0.0000   9.6133E-12  1.0000   0.0000E+00  0.0000   0.0000E+00  0.0000
   1.0000E-02   1.7783E-02   0.0000E+00  0.0000   1.7238E-11  1.0000   0.0000E+00  0.0000   0.0000E+00  0.0000
   1.7783E-02   3.1623E-02   0.0000E+00  0.0000   3.5587E-11  1.0000   0.0000E+00  0.0000   0.0000E+00  0.0000
   3.1623E-02   5.6234E-02   0.0000E+00  0.0000   8.3139E-11  1.0000   0.0000E+00  0.0000   0.0000E+00  0.0000
   5.6234E-02   1.0000E-01   0.0000E+00  0.0000   2.0831E-10  1.0000   0.0000E+00  0.0000   0.0000E+00  0.0000
   1.0000E-01   1.7783E-01   0.0000E+00  0.0000   5.3471E-10  1.0000   0.0000E+00  0.0000   0.0000E+00  0.0000
   1.7783E-01   3.1623E-01   0.0000E+00  0.0000   1.3987E-09  1.0000   0.0000E+00  0.0000   0.0000E+00  0.0000
   3.1623E-01   5.6234E-01   0.0000E+00  0.0000   3.7491E-09  1.0000   0.0000E+00  0.0000   0.0000E+00  0.0000
   5.6234E-01   1.0000E+00   0.0000E+00  0.0000   1.0283E-08  1.0000   0.0000E+00  0.0000   0.0000E+00  0.0000
   1.0000E+00   1.7783E+00   0.0000E+00  0.0000   2.8794E-08  1.0000   0.0000E+00  0.0000   0.0000E+00  0.0000
   1.7783E+00   3.1623E+00   0.0000E+00  0.0000   8.1902E-08  1.0000   0.0000E+00  0.0000   0.0000E+00  0.0000
   3.1623E+00   5.6234E+00   0.0000E+00  0.0000   2.3146E-07  1.0000   0.0000E+00  0.0000   0.0000E+00  0.0000
   5.6234E+00   1.0000E+01   0.0000E+00  0.0000   6.4479E-07  1.0000   0.0000E+00  0.0000   0.0000E+00  0.0000
   1.0000E+01   1.7783E+01   0.0000E+00  0.0000   1.6393E-06  1.0000   0.0000E+00  0.0000   0.0000E+00  0.0000
   1.7783E+01   3.1623E+01   0.0000E+00  0.0000   6.8650E-05  1.0000   0.0000E+00  0.0000   0.0000E+00  0.0000
   3.1623E+01   5.6234E+01   0.0000E+00  0.0000   0.0000E+00  0.0000   0.0000E+00  0.0000   0.0000E+00  0.0000
   5.6234E+01   1.0000E+02   0.0000E+00  0.0000   3.5206E-05  0.7088   0.0000E+00  0.0000   0.0000E+00  0.0000
   1.0000E+02   1.7783E+02   0.0000E+00  0.0000   1.1315E-04  0.5528   0.0000E+00  0.0000   0.0000E+00  0.0000
   1.7783E+02   3.1623E+02   0.0000E+00  0.0000   2.3924E-04  0.4814   0.0000E+00  0.0000   0.0000E+00  0.0000
   3.1623E+02   5.6234E+02   0.0000E+00  0.0000   1.7518E-04  0.5774   0.0000E+00  0.0000   0.0000E+00  0.0000
   5.6234E+02   1.0000E+03   0.0000E+00  0.0000   3.8700E-04  0.4103   0.0000E+00  0.0000   0.0000E+00  0.0000
   1.0000E+03   1.7783E+03   0.0000E+00  0.0000   4.4513E-04  0.4125   0.0000E+00  0.0000   0.0000E+00  0.0000
   1.7783E+03   3.1623E+03   0.0000E+00  0.0000   9.4830E-04  0.2556   0.0000E+00  0.0000   0.0000E+00  0.0000
   3.1623E+03   5.6234E+03   0.0000E+00  0.0000   4.2002E-04  0.4190   0.0000E+00  0.0000   0.0000E+00  0.0000
   5.6234E+03   1.0000E+04   0.0000E+00  0.0000   1.2384E-03  0.2447   0.0000E+00  0.0000   0.0000E+00  0.0000
   1.0000E+04   1.7783E+04   0.0000E+00  0.0000   7.7481E-04  0.3519   0.0000E+00  0.0000   0.0000E+00  0.0000
   1.7783E+04   3.1623E+04   0.0000E+00  0.0000   7.1982E-05  1.0000   0.0000E+00  0.0000   0.0000E+00  0.0000
   3.1623E+04   5.6234E+04   0.0000E+00  0.0000   6.5076E-05  1.0000   0.0000E+00  0.0000   0.0000E+00  0.0000
   5.6234E+04   1.0000E+05   0.0000E+00  0.0000   5.8616E-05  1.0000   0.0000E+00  0.0000   0.0000E+00  0.0000

#   sum over                 0.0000E+00  0.0000   5.0434E-03  0.1170   0.0000E+00  0.0000   0.0000E+00  0.0000

'no. = 14, (ix,iy,iz) = (  1,  1, 14)'
msuc: {\huge Flux spectra vs depth in concrete}
msdr: {\it plotted by \ANGEL \version}
msdl: {\it calculated by \PHITS  3.36}
wt: s(0.7)
\vspace{-3}
   vol  &=&   2.8800E+07 [cm^3]
  xmin  &=&  -6.0000E+02 [cm]
  xmax  &=&   6.0000E+02 [cm]
  ymin  &=&  -6.0000E+02 [cm]
  ymax  &=&   6.0000E+02 [cm]
  zmin  &=&  -4.4000E+02 [cm]
  zmax  &=&  -4.2000E+02 [cm]
e:

#------------------------------------------------------------------------------
 newpage:
#   no. = 15   ix  =  1   iy  =  1   iz  = 15
#   x = (  -6.0000E+02  -   6.0000E+02  )
#   y = (  -6.0000E+02  -   6.0000E+02  )
#   z = (  -4.2000E+02  -  -4.0000E+02  )

x: Energy [MeV/n]
y: Flux [1/cm^2/source]              
p: xlog ylog afac(0.8) form(0.9)
h: n            x            y(neutron ),hh0l n y(muon-   ),hh0dr n y(muon+   ),hh0ub n y(proton  ),hh0mg n 
#  e-lower      e-upper        neutron   r.err      muon-     r.err      muon+     r.err      proton    r.err 
   1.0000E-10   1.7783E-10   0.0000E+00  0.0000   0.0000E+00  0.0000   0.0000E+00  0.0000   0.0000E+00  0.0000
   1.7783E-10   3.1623E-10   0.0000E+00  0.0000   0.0000E+00  0.0000   0.0000E+00  0.0000   0.0000E+00  0.0000
   3.1623E-10   5.6234E-10   0.0000E+00  0.0000   0.0000E+00  0.0000   0.0000E+00  0.0000   0.0000E+00  0.0000
   5.6234E-10   1.0000E-09   0.0000E+00  0.0000   0.0000E+00  0.0000   0.0000E+00  0.0000   0.0000E+00  0.0000
   1.0000E-09   1.7783E-09   2.5975E-07  1.0000   0.0000E+00  0.0000   0.0000E+00  0.0000   0.0000E+00  0.0000
   1.7783E-09   3.1623E-09   1.2530E-07  1.0000   0.0000E+00  0.0000   0.0000E+00  0.0000   0.0000E+00  0.0000
   3.1623E-09   5.6234E-09   3.1463E-07  1.0000   0.0000E+00  0.0000   0.0000E+00  0.0000   0.0000E+00  0.0000
   5.6234E-09   1.0000E-08   1.4528E-06  1.0000   0.0000E+00  0.0000   0.0000E+00  0.0000   0.0000E+00  0.0000
   1.0000E-08   1.7783E-08   8.8469E-06  1.0000   0.0000E+00  0.0000   0.0000E+00  0.0000   0.0000E+00  0.0000
   1.7783E-08   3.1623E-08   7.6737E-06  1.0000   0.0000E+00  0.0000   0.0000E+00  0.0000   0.0000E+00  0.0000
   3.1623E-08   5.6234E-08   1.6228E-05  1.0000   0.0000E+00  0.0000   0.0000E+00  0.0000   0.0000E+00  0.0000
   5.6234E-08   1.0000E-07   4.3480E-06  1.0000   0.0000E+00  0.0000   0.0000E+00  0.0000   0.0000E+00  0.0000
   1.0000E-07   1.7783E-07   4.2108E-07  1.0000   0.0000E+00  0.0000   0.0000E+00  0.0000   0.0000E+00  0.0000
   1.7783E-07   3.1623E-07   0.0000E+00  0.0000   0.0000E+00  0.0000   0.0000E+00  0.0000   0.0000E+00  0.0000
   3.1623E-07   5.6234E-07   0.0000E+00  0.0000   0.0000E+00  0.0000   0.0000E+00  0.0000   0.0000E+00  0.0000
   5.6234E-07   1.0000E-06   0.0000E+00  0.0000   0.0000E+00  0.0000   0.0000E+00  0.0000   0.0000E+00  0.0000
   1.0000E-06   1.7783E-06   0.0000E+00  0.0000   0.0000E+00  0.0000   0.0000E+00  0.0000   0.0000E+00  0.0000
   1.7783E-06   3.1623E-06   0.0000E+00  0.0000   0.0000E+00  0.0000   0.0000E+00  0.0000   0.0000E+00  0.0000
   3.1623E-06   5.6234E-06   0.0000E+00  0.0000   0.0000E+00  0.0000   0.0000E+00  0.0000   0.0000E+00  0.0000
   5.6234E-06   1.0000E-05   0.0000E+00  0.0000   0.0000E+00  0.0000   0.0000E+00  0.0000   0.0000E+00  0.0000
   1.0000E-05   1.7783E-05   0.0000E+00  0.0000   0.0000E+00  0.0000   0.0000E+00  0.0000   0.0000E+00  0.0000
   1.7783E-05   3.1623E-05   0.0000E+00  0.0000   0.0000E+00  0.0000   0.0000E+00  0.0000   0.0000E+00  0.0000
   3.1623E-05   5.6234E-05   0.0000E+00  0.0000   0.0000E+00  0.0000   0.0000E+00  0.0000   0.0000E+00  0.0000
   5.6234E-05   1.0000E-04   0.0000E+00  0.0000   0.0000E+00  0.0000   0.0000E+00  0.0000   0.0000E+00  0.0000
   1.0000E-04   1.7783E-04   0.0000E+00  0.0000   4.9052E-21  1.0000   0.0000E+00  0.0000   0.0000E+00  0.0000
   1.7783E-04   3.1623E-04   0.0000E+00  0.0000   1.0266E-20  1.0000   0.0000E+00  0.0000   0.0000E+00  0.0000
   3.1623E-04   5.6234E-04   0.0000E+00  0.0000   0.0000E+00  0.0000   0.0000E+00  0.0000   0.0000E+00  0.0000
   5.6234E-04   1.0000E-03   0.0000E+00  0.0000   0.0000E+00  0.0000   0.0000E+00  0.0000   0.0000E+00  0.0000
   1.0000E-03   1.7783E-03   0.0000E+00  0.0000   1.5920E-11  0.7073   0.0000E+00  0.0000   0.0000E+00  0.0000
   1.7783E-03   3.1623E-03   0.0000E+00  0.0000   8.1140E-12  0.7067   0.0000E+00  0.0000   0.0000E+00  0.0000
   3.1623E-03   5.6234E-03   0.0000E+00  0.0000   1.1988E-11  0.7067   0.0000E+00  0.0000   0.0000E+00  0.0000
   5.6234E-03   1.0000E-02   0.0000E+00  0.0000   1.9227E-11  0.7067   0.0000E+00  0.0000   0.0000E+00  0.0000
   1.0000E-02   1.7783E-02   0.0000E+00  0.0000   3.4475E-11  0.7067   0.0000E+00  0.0000   0.0000E+00  0.0000
   1.7783E-02   3.1623E-02   0.0000E+00  0.0000   7.1175E-11  0.7067   0.0000E+00  0.0000   0.0000E+00  0.0000
   3.1623E-02   5.6234E-02   0.0000E+00  0.0000   1.6628E-10  0.7067   0.0000E+00  0.0000   0.0000E+00  0.0000
   5.6234E-02   1.0000E-01   0.0000E+00  0.0000   4.1663E-10  0.7067   0.0000E+00  0.0000   0.0000E+00  0.0000
   1.0000E-01   1.7783E-01   0.0000E+00  0.0000   1.0694E-09  0.7067   0.0000E+00  0.0000   0.0000E+00  0.0000
   1.7783E-01   3.1623E-01   0.0000E+00  0.0000   2.7974E-09  0.7067   0.0000E+00  0.0000   0.0000E+00  0.0000
   3.1623E-01   5.6234E-01   0.0000E+00  0.0000   7.4983E-09  0.7067   0.0000E+00  0.0000   0.0000E+00  0.0000
   5.6234E-01   1.0000E+00   0.0000E+00  0.0000   2.0566E-08  0.7067   0.0000E+00  0.0000   0.0000E+00  0.0000
   1.0000E+00   1.7783E+00   0.0000E+00  0.0000   5.7587E-08  0.7067   0.0000E+00  0.0000   0.0000E+00  0.0000
   1.7783E+00   3.1623E+00   0.0000E+00  0.0000   1.6380E-07  0.7067   0.0000E+00  0.0000   0.0000E+00  0.0000
   3.1623E+00   5.6234E+00   4.0000E-05  1.0000   4.6293E-07  0.7067   0.0000E+00  0.0000   0.0000E+00  0.0000
   5.6234E+00   1.0000E+01   0.0000E+00  0.0000   1.2896E-06  0.7067   0.0000E+00  0.0000   0.0000E+00  0.0000
   1.0000E+01   1.7783E+01   0.0000E+00  0.0000   3.6275E-06  0.6847   0.0000E+00  0.0000   0.0000E+00  0.0000
   1.7783E+01   3.1623E+01   0.0000E+00  0.0000   8.2400E-05  0.8385   0.0000E+00  0.0000   0.0000E+00  0.0000
   3.1623E+01   5.6234E+01   0.0000E+00  0.0000   3.3614E-05  0.5766   0.0000E+00  0.0000   0.0000E+00  0.0000
   5.6234E+01   1.0000E+02   0.0000E+00  0.0000   6.1785E-05  0.5866   0.0000E+00  0.0000   0.0000E+00  0.0000
   1.0000E+02   1.7783E+02   0.0000E+00  0.0000   4.2755E-05  0.5848   0.0000E+00  0.0000   0.0000E+00  0.0000
   1.7783E+02   3.1623E+02   0.0000E+00  0.0000   2.5114E-04  0.4152   0.0000E+00  0.0000   0.0000E+00  0.0000
   3.1623E+02   5.6234E+02   0.0000E+00  0.0000   2.8611E-04  0.4290   0.0000E+00  0.0000   0.0000E+00  0.0000
   5.6234E+02   1.0000E+03   0.0000E+00  0.0000   3.1962E-04  0.4161   0.0000E+00  0.0000   0.0000E+00  0.0000
   1.0000E+03   1.7783E+03   0.0000E+00  0.0000   4.4022E-04  0.3983   0.0000E+00  0.0000   0.0000E+00  0.0000
   1.7783E+03   3.1623E+03   0.0000E+00  0.0000   8.2888E-04  0.2860   0.0000E+00  0.0000   0.0000E+00  0.0000
   3.1623E+03   5.6234E+03   0.0000E+00  0.0000   5.8955E-04  0.3482   0.0000E+00  0.0000   0.0000E+00  0.0000
   5.6234E+03   1.0000E+04   0.0000E+00  0.0000   1.2384E-03  0.2447   0.0000E+00  0.0000   0.0000E+00  0.0000
   1.0000E+04   1.7783E+04   0.0000E+00  0.0000   6.8212E-04  0.3764   0.0000E+00  0.0000   0.0000E+00  0.0000
   1.7783E+04   3.1623E+04   0.0000E+00  0.0000   7.8341E-05  1.0000   0.0000E+00  0.0000   0.0000E+00  0.0000
   3.1623E+04   5.6234E+04   0.0000E+00  0.0000   6.5076E-05  1.0000   0.0000E+00  0.0000   0.0000E+00  0.0000
   5.6234E+04   1.0000E+05   0.0000E+00  0.0000   5.8616E-05  1.0000   0.0000E+00  0.0000   0.0000E+00  0.0000

#   sum over                 7.9670E-05  0.7067   5.0643E-03  0.1166   0.0000E+00  0.0000   0.0000E+00  0.0000

'no. = 15, (ix,iy,iz) = (  1,  1, 15)'
msuc: {\huge Flux spectra vs depth in concrete}
msdr: {\it plotted by \ANGEL \version}
msdl: {\it calculated by \PHITS  3.36}
wt: s(0.7)
\vspace{-3}
   vol  &=&   2.8800E+07 [cm^3]
  xmin  &=&  -6.0000E+02 [cm]
  xmax  &=&   6.0000E+02 [cm]
  ymin  &=&  -6.0000E+02 [cm]
  ymax  &=&   6.0000E+02 [cm]
  zmin  &=&  -4.2000E+02 [cm]
  zmax  &=&  -4.0000E+02 [cm]
e:

#------------------------------------------------------------------------------
 newpage:
#   no. = 16   ix  =  1   iy  =  1   iz  = 16
#   x = (  -6.0000E+02  -   6.0000E+02  )
#   y = (  -6.0000E+02  -   6.0000E+02  )
#   z = (  -4.0000E+02  -  -3.8000E+02  )

x: Energy [MeV/n]
y: Flux [1/cm^2/source]              
p: xlog ylog afac(0.8) form(0.9)
h: n            x            y(neutron ),hh0l n y(muon-   ),hh0dr n y(muon+   ),hh0ub n y(proton  ),hh0mg n 
#  e-lower      e-upper        neutron   r.err      muon-     r.err      muon+     r.err      proton    r.err 
   1.0000E-10   1.7783E-10   0.0000E+00  0.0000   0.0000E+00  0.0000   0.0000E+00  0.0000   0.0000E+00  0.0000
   1.7783E-10   3.1623E-10   0.0000E+00  0.0000   0.0000E+00  0.0000   0.0000E+00  0.0000   0.0000E+00  0.0000
   3.1623E-10   5.6234E-10   0.0000E+00  0.0000   0.0000E+00  0.0000   0.0000E+00  0.0000   0.0000E+00  0.0000
   5.6234E-10   1.0000E-09   0.0000E+00  0.0000   0.0000E+00  0.0000   0.0000E+00  0.0000   0.0000E+00  0.0000
   1.0000E-09   1.7783E-09   0.0000E+00  0.0000   0.0000E+00  0.0000   0.0000E+00  0.0000   0.0000E+00  0.0000
   1.7783E-09   3.1623E-09   1.0684E-07  1.0000   0.0000E+00  0.0000   0.0000E+00  0.0000   0.0000E+00  0.0000
   3.1623E-09   5.6234E-09   6.9091E-07  1.0000   0.0000E+00  0.0000   0.0000E+00  0.0000   0.0000E+00  0.0000
   5.6234E-09   1.0000E-08   2.5553E-06  1.0000   0.0000E+00  0.0000   0.0000E+00  0.0000   0.0000E+00  0.0000
   1.0000E-08   1.7783E-08   6.8736E-06  1.0000   0.0000E+00  0.0000   0.0000E+00  0.0000   0.0000E+00  0.0000
   1.7783E-08   3.1623E-08   8.7594E-06  1.0000   0.0000E+00  0.0000   0.0000E+00  0.0000   0.0000E+00  0.0000
   3.1623E-08   5.6234E-08   4.6049E-05  1.0000   0.0000E+00  0.0000   0.0000E+00  0.0000   0.0000E+00  0.0000
   5.6234E-08   1.0000E-07   2.2328E-05  1.0000   0.0000E+00  0.0000   0.0000E+00  0.0000   0.0000E+00  0.0000
   1.0000E-07   1.7783E-07   6.6339E-06  1.0000   0.0000E+00  0.0000   0.0000E+00  0.0000   0.0000E+00  0.0000
   1.7783E-07   3.1623E-07   0.0000E+00  0.0000   0.0000E+00  0.0000   0.0000E+00  0.0000   0.0000E+00  0.0000
   3.1623E-07   5.6234E-07   0.0000E+00  0.0000   0.0000E+00  0.0000   0.0000E+00  0.0000   0.0000E+00  0.0000
   5.6234E-07   1.0000E-06   0.0000E+00  0.0000   0.0000E+00  0.0000   0.0000E+00  0.0000   0.0000E+00  0.0000
   1.0000E-06   1.7783E-06   0.0000E+00  0.0000   0.0000E+00  0.0000   0.0000E+00  0.0000   0.0000E+00  0.0000
   1.7783E-06   3.1623E-06   0.0000E+00  0.0000   0.0000E+00  0.0000   0.0000E+00  0.0000   0.0000E+00  0.0000
   3.1623E-06   5.6234E-06   0.0000E+00  0.0000   0.0000E+00  0.0000   0.0000E+00  0.0000   0.0000E+00  0.0000
   5.6234E-06   1.0000E-05   0.0000E+00  0.0000   0.0000E+00  0.0000   0.0000E+00  0.0000   0.0000E+00  0.0000
   1.0000E-05   1.7783E-05   0.0000E+00  0.0000   0.0000E+00  0.0000   0.0000E+00  0.0000   0.0000E+00  0.0000
   1.7783E-05   3.1623E-05   0.0000E+00  0.0000   0.0000E+00  0.0000   0.0000E+00  0.0000   0.0000E+00  0.0000
   3.1623E-05   5.6234E-05   0.0000E+00  0.0000   0.0000E+00  0.0000   0.0000E+00  0.0000   0.0000E+00  0.0000
   5.6234E-05   1.0000E-04   0.0000E+00  0.0000   0.0000E+00  0.0000   0.0000E+00  0.0000   0.0000E+00  0.0000
   1.0000E-04   1.7783E-04   0.0000E+00  0.0000   0.0000E+00  0.0000   0.0000E+00  0.0000   0.0000E+00  0.0000
   1.7783E-04   3.1623E-04   0.0000E+00  0.0000   0.0000E+00  0.0000   0.0000E+00  0.0000   0.0000E+00  0.0000
   3.1623E-04   5.6234E-04   0.0000E+00  0.0000   0.0000E+00  0.0000   0.0000E+00  0.0000   0.0000E+00  0.0000
   5.6234E-04   1.0000E-03   0.0000E+00  0.0000   0.0000E+00  0.0000   0.0000E+00  0.0000   0.0000E+00  0.0000
   1.0000E-03   1.7783E-03   0.0000E+00  0.0000   0.0000E+00  0.0000   0.0000E+00  0.0000   0.0000E+00  0.0000
   1.7783E-03   3.1623E-03   0.0000E+00  0.0000   0.0000E+00  0.0000   0.0000E+00  0.0000   0.0000E+00  0.0000
   3.1623E-03   5.6234E-03   0.0000E+00  0.0000   0.0000E+00  0.0000   0.0000E+00  0.0000   0.0000E+00  0.0000
   5.6234E-03   1.0000E-02   0.0000E+00  0.0000   0.0000E+00  0.0000   0.0000E+00  0.0000   0.0000E+00  0.0000
   1.0000E-02   1.7783E-02   0.0000E+00  0.0000   0.0000E+00  0.0000   0.0000E+00  0.0000   0.0000E+00  0.0000
   1.7783E-02   3.1623E-02   0.0000E+00  0.0000   0.0000E+00  0.0000   0.0000E+00  0.0000   0.0000E+00  0.0000
   3.1623E-02   5.6234E-02   0.0000E+00  0.0000   0.0000E+00  0.0000   0.0000E+00  0.0000   0.0000E+00  0.0000
   5.6234E-02   1.0000E-01   0.0000E+00  0.0000   0.0000E+00  0.0000   0.0000E+00  0.0000   0.0000E+00  0.0000
   1.0000E-01   1.7783E-01   0.0000E+00  0.0000   0.0000E+00  0.0000   0.0000E+00  0.0000   0.0000E+00  0.0000
   1.7783E-01   3.1623E-01   0.0000E+00  0.0000   0.0000E+00  0.0000   0.0000E+00  0.0000   0.0000E+00  0.0000
   3.1623E-01   5.6234E-01   0.0000E+00  0.0000   0.0000E+00  0.0000   0.0000E+00  0.0000   0.0000E+00  0.0000
   5.6234E-01   1.0000E+00   0.0000E+00  0.0000   0.0000E+00  0.0000   0.0000E+00  0.0000   0.0000E+00  0.0000
   1.0000E+00   1.7783E+00   0.0000E+00  0.0000   0.0000E+00  0.0000   0.0000E+00  0.0000   0.0000E+00  0.0000
   1.7783E+00   3.1623E+00   0.0000E+00  0.0000   0.0000E+00  0.0000   0.0000E+00  0.0000   0.0000E+00  0.0000
   3.1623E+00   5.6234E+00   6.2098E-05  1.0000   0.0000E+00  0.0000   0.0000E+00  0.0000   0.0000E+00  0.0000
   5.6234E+00   1.0000E+01   0.0000E+00  0.0000   0.0000E+00  0.0000   0.0000E+00  0.0000   0.0000E+00  0.0000
   1.0000E+01   1.7783E+01   0.0000E+00  0.0000   0.0000E+00  0.0000   0.0000E+00  0.0000   0.0000E+00  0.0000
   1.7783E+01   3.1623E+01   0.0000E+00  0.0000   6.8650E-05  1.0000   0.0000E+00  0.0000   0.0000E+00  0.0000
   3.1623E+01   5.6234E+01   0.0000E+00  0.0000   0.0000E+00  0.0000   0.0000E+00  0.0000   0.0000E+00  0.0000
   5.6234E+01   1.0000E+02   0.0000E+00  0.0000   1.3467E-05  0.7595   0.0000E+00  0.0000   0.0000E+00  0.0000
   1.0000E+02   1.7783E+02   0.0000E+00  0.0000   1.3542E-04  0.5859   0.0000E+00  0.0000   0.0000E+00  0.0000
   1.7783E+02   3.1623E+02   0.0000E+00  0.0000   1.9635E-04  0.4923   0.0000E+00  0.0000   0.0000E+00  0.0000
   3.1623E+02   5.6234E+02   0.0000E+00  0.0000   3.1604E-04  0.4265   0.0000E+00  0.0000   0.0000E+00  0.0000
   5.6234E+02   1.0000E+03   0.0000E+00  0.0000   2.2449E-04  0.4520   0.0000E+00  0.0000   0.0000E+00  0.0000
   1.0000E+03   1.7783E+03   0.0000E+00  0.0000   5.6146E-04  0.3400   0.0000E+00  0.0000   0.0000E+00  0.0000
   1.7783E+03   3.1623E+03   0.0000E+00  0.0000   7.9767E-04  0.2944   0.0000E+00  0.0000   0.0000E+00  0.0000
   3.1623E+03   5.6234E+03   0.0000E+00  0.0000   6.0905E-04  0.3558   0.0000E+00  0.0000   0.0000E+00  0.0000
   5.6234E+03   1.0000E+04   0.0000E+00  0.0000   1.2384E-03  0.2447   0.0000E+00  0.0000   0.0000E+00  0.0000
   1.0000E+04   1.7783E+04   0.0000E+00  0.0000   6.8212E-04  0.3764   0.0000E+00  0.0000   0.0000E+00  0.0000
   1.7783E+04   3.1623E+04   0.0000E+00  0.0000   7.8341E-05  1.0000   0.0000E+00  0.0000   0.0000E+00  0.0000
   3.1623E+04   5.6234E+04   0.0000E+00  0.0000   6.5076E-05  1.0000   0.0000E+00  0.0000   0.0000E+00  0.0000
   5.6234E+04   1.0000E+05   0.0000E+00  0.0000   5.8616E-05  1.0000   0.0000E+00  0.0000   0.0000E+00  0.0000

#   sum over                 1.5609E-04  0.7213   5.0452E-03  0.1171   0.0000E+00  0.0000   0.0000E+00  0.0000

'no. = 16, (ix,iy,iz) = (  1,  1, 16)'
msuc: {\huge Flux spectra vs depth in concrete}
msdr: {\it plotted by \ANGEL \version}
msdl: {\it calculated by \PHITS  3.36}
wt: s(0.7)
\vspace{-3}
   vol  &=&   2.8800E+07 [cm^3]
  xmin  &=&  -6.0000E+02 [cm]
  xmax  &=&   6.0000E+02 [cm]
  ymin  &=&  -6.0000E+02 [cm]
  ymax  &=&   6.0000E+02 [cm]
  zmin  &=&  -4.0000E+02 [cm]
  zmax  &=&  -3.8000E+02 [cm]
e:

#------------------------------------------------------------------------------
 newpage:
#   no. = 17   ix  =  1   iy  =  1   iz  = 17
#   x = (  -6.0000E+02  -   6.0000E+02  )
#   y = (  -6.0000E+02  -   6.0000E+02  )
#   z = (  -3.8000E+02  -  -3.6000E+02  )

x: Energy [MeV/n]
y: Flux [1/cm^2/source]              
p: xlog ylog afac(0.8) form(0.9)
h: n            x            y(neutron ),hh0l n y(muon-   ),hh0dr n y(muon+   ),hh0ub n y(proton  ),hh0mg n 
#  e-lower      e-upper        neutron   r.err      muon-     r.err      muon+     r.err      proton    r.err 
   1.0000E-10   1.7783E-10   0.0000E+00  0.0000   0.0000E+00  0.0000   0.0000E+00  0.0000   0.0000E+00  0.0000
   1.7783E-10   3.1623E-10   0.0000E+00  0.0000   0.0000E+00  0.0000   0.0000E+00  0.0000   0.0000E+00  0.0000
   3.1623E-10   5.6234E-10   0.0000E+00  0.0000   0.0000E+00  0.0000   0.0000E+00  0.0000   0.0000E+00  0.0000
   5.6234E-10   1.0000E-09   0.0000E+00  0.0000   0.0000E+00  0.0000   0.0000E+00  0.0000   0.0000E+00  0.0000
   1.0000E-09   1.7783E-09   0.0000E+00  0.0000   0.0000E+00  0.0000   0.0000E+00  0.0000   0.0000E+00  0.0000
   1.7783E-09   3.1623E-09   0.0000E+00  0.0000   0.0000E+00  0.0000   0.0000E+00  0.0000   0.0000E+00  0.0000
   3.1623E-09   5.6234E-09   0.0000E+00  0.0000   0.0000E+00  0.0000   0.0000E+00  0.0000   0.0000E+00  0.0000
   5.6234E-09   1.0000E-08   0.0000E+00  0.0000   0.0000E+00  0.0000   0.0000E+00  0.0000   0.0000E+00  0.0000
   1.0000E-08   1.7783E-08   0.0000E+00  0.0000   0.0000E+00  0.0000   0.0000E+00  0.0000   0.0000E+00  0.0000
   1.7783E-08   3.1623E-08   0.0000E+00  0.0000   0.0000E+00  0.0000   0.0000E+00  0.0000   0.0000E+00  0.0000
   3.1623E-08   5.6234E-08   0.0000E+00  0.0000   0.0000E+00  0.0000   0.0000E+00  0.0000   0.0000E+00  0.0000
   5.6234E-08   1.0000E-07   1.8654E-06  1.0000   0.0000E+00  0.0000   0.0000E+00  0.0000   0.0000E+00  0.0000
   1.0000E-07   1.7783E-07   6.7525E-06  1.0000   0.0000E+00  0.0000   0.0000E+00  0.0000   0.0000E+00  0.0000
   1.7783E-07   3.1623E-07   0.0000E+00  0.0000   0.0000E+00  0.0000   0.0000E+00  0.0000   0.0000E+00  0.0000
   3.1623E-07   5.6234E-07   2.0426E-06  1.0000   0.0000E+00  0.0000   0.0000E+00  0.0000   0.0000E+00  0.0000
   5.6234E-07   1.0000E-06   1.1574E-06  1.0000   0.0000E+00  0.0000   0.0000E+00  0.0000   0.0000E+00  0.0000
   1.0000E-06   1.7783E-06   0.0000E+00  0.0000   0.0000E+00  0.0000   0.0000E+00  0.0000   0.0000E+00  0.0000
   1.7783E-06   3.1623E-06   1.9799E-05  1.0000   0.0000E+00  0.0000   0.0000E+00  0.0000   0.0000E+00  0.0000
   3.1623E-06   5.6234E-06   0.0000E+00  0.0000   0.0000E+00  0.0000   0.0000E+00  0.0000   0.0000E+00  0.0000
   5.6234E-06   1.0000E-05   1.8625E-06  1.0000   0.0000E+00  0.0000   0.0000E+00  0.0000   0.0000E+00  0.0000
   1.0000E-05   1.7783E-05   0.0000E+00  0.0000   0.0000E+00  0.0000   0.0000E+00  0.0000   0.0000E+00  0.0000
   1.7783E-05   3.1623E-05   3.2813E-06  1.0000   0.0000E+00  0.0000   0.0000E+00  0.0000   0.0000E+00  0.0000
   3.1623E-05   5.6234E-05   0.0000E+00  0.0000   0.0000E+00  0.0000   0.0000E+00  0.0000   0.0000E+00  0.0000
   5.6234E-05   1.0000E-04   1.1821E-06  1.0000   0.0000E+00  0.0000   0.0000E+00  0.0000   0.0000E+00  0.0000
   1.0000E-04   1.7783E-04   1.1976E-05  1.0000   0.0000E+00  0.0000   0.0000E+00  0.0000   0.0000E+00  0.0000
   1.7783E-04   3.1623E-04   0.0000E+00  0.0000   0.0000E+00  0.0000   0.0000E+00  0.0000   0.0000E+00  0.0000
   3.1623E-04   5.6234E-04   2.3563E-06  1.0000   0.0000E+00  0.0000   0.0000E+00  0.0000   0.0000E+00  0.0000
   5.6234E-04   1.0000E-03   0.0000E+00  0.0000   0.0000E+00  0.0000   0.0000E+00  0.0000   0.0000E+00  0.0000
   1.0000E-03   1.7783E-03   0.0000E+00  0.0000   7.8896E-12  1.0000   0.0000E+00  0.0000   0.0000E+00  0.0000
   1.7783E-03   3.1623E-03   2.5646E-06  1.0000   4.0570E-12  1.0000   0.0000E+00  0.0000   0.0000E+00  0.0000
   3.1623E-03   5.6234E-03   1.2142E-05  1.0000   5.9939E-12  1.0000   0.0000E+00  0.0000   0.0000E+00  0.0000
   5.6234E-03   1.0000E-02   0.0000E+00  0.0000   9.6133E-12  1.0000   0.0000E+00  0.0000   0.0000E+00  0.0000
   1.0000E-02   1.7783E-02   2.2856E-05  1.0000   1.7238E-11  1.0000   0.0000E+00  0.0000   0.0000E+00  0.0000
   1.7783E-02   3.1623E-02   0.0000E+00  0.0000   3.5587E-11  1.0000   0.0000E+00  0.0000   0.0000E+00  0.0000
   3.1623E-02   5.6234E-02   4.1179E-07  1.0000   8.3139E-11  1.0000   0.0000E+00  0.0000   0.0000E+00  0.0000
   5.6234E-02   1.0000E-01   6.0636E-06  1.0000   2.0831E-10  1.0000   0.0000E+00  0.0000   0.0000E+00  0.0000
   1.0000E-01   1.7783E-01   0.0000E+00  0.0000   5.3471E-10  1.0000   0.0000E+00  0.0000   0.0000E+00  0.0000
   1.7783E-01   3.1623E-01   0.0000E+00  0.0000   1.3987E-09  1.0000   0.0000E+00  0.0000   0.0000E+00  0.0000
   3.1623E-01   5.6234E-01   0.0000E+00  0.0000   3.7491E-09  1.0000   0.0000E+00  0.0000   0.0000E+00  0.0000
   5.6234E-01   1.0000E+00   1.6410E-05  1.0000   1.0283E-08  1.0000   0.0000E+00  0.0000   0.0000E+00  0.0000
   1.0000E+00   1.7783E+00   0.0000E+00  0.0000   2.8794E-08  1.0000   0.0000E+00  0.0000   0.0000E+00  0.0000
   1.7783E+00   3.1623E+00   1.0003E-04  1.0000   8.1902E-08  1.0000   0.0000E+00  0.0000   0.0000E+00  0.0000
   3.1623E+00   5.6234E+00   7.1924E-05  1.0000   2.3146E-07  1.0000   0.0000E+00  0.0000   0.0000E+00  0.0000
   5.6234E+00   1.0000E+01   6.6564E-05  1.0000   6.4479E-07  1.0000   0.0000E+00  0.0000   0.0000E+00  0.0000
   1.0000E+01   1.7783E+01   0.0000E+00  0.0000   1.7556E-06  1.0000   0.0000E+00  0.0000   0.0000E+00  0.0000
   1.7783E+01   3.1623E+01   0.0000E+00  0.0000   7.3234E-05  0.9394   0.0000E+00  0.0000   0.0000E+00  0.0000
   3.1623E+01   5.6234E+01   0.0000E+00  0.0000   1.1205E-05  1.0000   0.0000E+00  0.0000   0.0000E+00  0.0000
   5.6234E+01   1.0000E+02   0.0000E+00  0.0000   2.5084E-05  1.0000   0.0000E+00  0.0000   0.0000E+00  0.0000
   1.0000E+02   1.7783E+02   0.0000E+00  0.0000   8.6800E-06  1.0000   0.0000E+00  0.0000   0.0000E+00  0.0000
   1.7783E+02   3.1623E+02   0.0000E+00  0.0000   2.4200E-04  0.4996   0.0000E+00  0.0000   0.0000E+00  0.0000
   3.1623E+02   5.6234E+02   0.0000E+00  0.0000   2.9579E-04  0.4202   0.0000E+00  0.0000   0.0000E+00  0.0000
   5.6234E+02   1.0000E+03   0.0000E+00  0.0000   3.5579E-04  0.4049   0.0000E+00  0.0000   0.0000E+00  0.0000
   1.0000E+03   1.7783E+03   0.0000E+00  0.0000   4.7818E-04  0.3803   0.0000E+00  0.0000   0.0000E+00  0.0000
   1.7783E+03   3.1623E+03   0.0000E+00  0.0000   7.6235E-04  0.3037   0.0000E+00  0.0000   0.0000E+00  0.0000
   3.1623E+03   5.6234E+03   0.0000E+00  0.0000   7.4502E-04  0.3094   0.0000E+00  0.0000   0.0000E+00  0.0000
   5.6234E+03   1.0000E+04   0.0000E+00  0.0000   1.2384E-03  0.2447   0.0000E+00  0.0000   0.0000E+00  0.0000
   1.0000E+04   1.7783E+04   0.0000E+00  0.0000   6.8212E-04  0.3764   0.0000E+00  0.0000   0.0000E+00  0.0000
   1.7783E+04   3.1623E+04   0.0000E+00  0.0000   7.8341E-05  1.0000   0.0000E+00  0.0000   0.0000E+00  0.0000
   3.1623E+04   5.6234E+04   0.0000E+00  0.0000   6.5076E-05  1.0000   0.0000E+00  0.0000   0.0000E+00  0.0000
   5.6234E+04   1.0000E+05   0.0000E+00  0.0000   5.8616E-05  1.0000   0.0000E+00  0.0000   0.0000E+00  0.0000

#   sum over                 3.5124E-04  0.7068   5.1227E-03  0.1157   0.0000E+00  0.0000   0.0000E+00  0.0000

'no. = 17, (ix,iy,iz) = (  1,  1, 17)'
msuc: {\huge Flux spectra vs depth in concrete}
msdr: {\it plotted by \ANGEL \version}
msdl: {\it calculated by \PHITS  3.36}
wt: s(0.7)
\vspace{-3}
   vol  &=&   2.8800E+07 [cm^3]
  xmin  &=&  -6.0000E+02 [cm]
  xmax  &=&   6.0000E+02 [cm]
  ymin  &=&  -6.0000E+02 [cm]
  ymax  &=&   6.0000E+02 [cm]
  zmin  &=&  -3.8000E+02 [cm]
  zmax  &=&  -3.6000E+02 [cm]
e:

#------------------------------------------------------------------------------
 newpage:
#   no. = 18   ix  =  1   iy  =  1   iz  = 18
#   x = (  -6.0000E+02  -   6.0000E+02  )
#   y = (  -6.0000E+02  -   6.0000E+02  )
#   z = (  -3.6000E+02  -  -3.4000E+02  )

x: Energy [MeV/n]
y: Flux [1/cm^2/source]              
p: xlog ylog afac(0.8) form(0.9)
h: n            x            y(neutron ),hh0l n y(muon-   ),hh0dr n y(muon+   ),hh0ub n y(proton  ),hh0mg n 
#  e-lower      e-upper        neutron   r.err      muon-     r.err      muon+     r.err      proton    r.err 
   1.0000E-10   1.7783E-10   0.0000E+00  0.0000   0.0000E+00  0.0000   0.0000E+00  0.0000   0.0000E+00  0.0000
   1.7783E-10   3.1623E-10   0.0000E+00  0.0000   0.0000E+00  0.0000   0.0000E+00  0.0000   0.0000E+00  0.0000
   3.1623E-10   5.6234E-10   0.0000E+00  0.0000   0.0000E+00  0.0000   0.0000E+00  0.0000   0.0000E+00  0.0000
   5.6234E-10   1.0000E-09   2.0581E-06  1.0000   0.0000E+00  0.0000   0.0000E+00  0.0000   0.0000E+00  0.0000
   1.0000E-09   1.7783E-09   0.0000E+00  0.0000   0.0000E+00  0.0000   0.0000E+00  0.0000   0.0000E+00  0.0000
   1.7783E-09   3.1623E-09   4.3155E-07  1.0000   0.0000E+00  0.0000   0.0000E+00  0.0000   0.0000E+00  0.0000
   3.1623E-09   5.6234E-09   4.6702E-06  0.7179   0.0000E+00  0.0000   0.0000E+00  0.0000   0.0000E+00  0.0000
   5.6234E-09   1.0000E-08   4.9269E-06  0.7094   0.0000E+00  0.0000   0.0000E+00  0.0000   0.0000E+00  0.0000
   1.0000E-08   1.7783E-08   4.3824E-05  0.7152   0.0000E+00  0.0000   0.0000E+00  0.0000   0.0000E+00  0.0000
   1.7783E-08   3.1623E-08   4.1504E-05  0.7084   0.0000E+00  0.0000   0.0000E+00  0.0000   0.0000E+00  0.0000
   3.1623E-08   5.6234E-08   2.8298E-05  0.7166   0.0000E+00  0.0000   0.0000E+00  0.0000   0.0000E+00  0.0000
   5.6234E-08   1.0000E-07   5.6952E-05  0.7279   0.0000E+00  0.0000   0.0000E+00  0.0000   0.0000E+00  0.0000
   1.0000E-07   1.7783E-07   1.7172E-05  0.7083   0.0000E+00  0.0000   0.0000E+00  0.0000   0.0000E+00  0.0000
   1.7783E-07   3.1623E-07   0.0000E+00  0.0000   0.0000E+00  0.0000   0.0000E+00  0.0000   0.0000E+00  0.0000
   3.1623E-07   5.6234E-07   0.0000E+00  0.0000   0.0000E+00  0.0000   0.0000E+00  0.0000   0.0000E+00  0.0000
   5.6234E-07   1.0000E-06   9.6615E-06  1.0000   0.0000E+00  0.0000   0.0000E+00  0.0000   0.0000E+00  0.0000
   1.0000E-06   1.7783E-06   4.0978E-07  1.0000   0.0000E+00  0.0000   0.0000E+00  0.0000   0.0000E+00  0.0000
   1.7783E-06   3.1623E-06   0.0000E+00  0.0000   0.0000E+00  0.0000   0.0000E+00  0.0000   0.0000E+00  0.0000
   3.1623E-06   5.6234E-06   1.8310E-06  1.0000   0.0000E+00  0.0000   0.0000E+00  0.0000   0.0000E+00  0.0000
   5.6234E-06   1.0000E-05   1.4817E-06  1.0000   0.0000E+00  0.0000   0.0000E+00  0.0000   0.0000E+00  0.0000
   1.0000E-05   1.7783E-05   0.0000E+00  0.0000   0.0000E+00  0.0000   0.0000E+00  0.0000   0.0000E+00  0.0000
   1.7783E-05   3.1623E-05   1.0009E-05  1.0000   0.0000E+00  0.0000   0.0000E+00  0.0000   0.0000E+00  0.0000
   3.1623E-05   5.6234E-05   7.0460E-06  1.0000   0.0000E+00  0.0000   0.0000E+00  0.0000   0.0000E+00  0.0000
   5.6234E-05   1.0000E-04   0.0000E+00  0.0000   0.0000E+00  0.0000   0.0000E+00  0.0000   0.0000E+00  0.0000
   1.0000E-04   1.7783E-04   6.9807E-06  1.0000   0.0000E+00  0.0000   0.0000E+00  0.0000   0.0000E+00  0.0000
   1.7783E-04   3.1623E-04   6.2591E-08  1.0000   0.0000E+00  0.0000   0.0000E+00  0.0000   0.0000E+00  0.0000
   3.1623E-04   5.6234E-04   1.0370E-06  1.0000   0.0000E+00  0.0000   0.0000E+00  0.0000   0.0000E+00  0.0000
   5.6234E-04   1.0000E-03   1.5050E-06  0.9490   0.0000E+00  0.0000   0.0000E+00  0.0000   0.0000E+00  0.0000
   1.0000E-03   1.7783E-03   2.8069E-06  1.0000   8.3040E-12  1.0000   0.0000E+00  0.0000   0.0000E+00  0.0000
   1.7783E-03   3.1623E-03   3.7355E-06  1.0000   4.0570E-12  1.0000   0.0000E+00  0.0000   0.0000E+00  0.0000
   3.1623E-03   5.6234E-03   2.6045E-06  1.0000   5.9939E-12  1.0000   0.0000E+00  0.0000   0.0000E+00  0.0000
   5.6234E-03   1.0000E-02   2.6252E-05  1.0000   9.6133E-12  1.0000   0.0000E+00  0.0000   0.0000E+00  0.0000
   1.0000E-02   1.7783E-02   0.0000E+00  0.0000   1.7238E-11  1.0000   0.0000E+00  0.0000   0.0000E+00  0.0000
   1.7783E-02   3.1623E-02   0.0000E+00  0.0000   3.5587E-11  1.0000   0.0000E+00  0.0000   0.0000E+00  0.0000
   3.1623E-02   5.6234E-02   0.0000E+00  0.0000   8.3139E-11  1.0000   0.0000E+00  0.0000   0.0000E+00  0.0000
   5.6234E-02   1.0000E-01   1.0659E-06  1.0000   2.0831E-10  1.0000   0.0000E+00  0.0000   0.0000E+00  0.0000
   1.0000E-01   1.7783E-01   6.9780E-06  1.0000   5.3471E-10  1.0000   0.0000E+00  0.0000   0.0000E+00  0.0000
   1.7783E-01   3.1623E-01   5.9883E-06  1.0000   1.3987E-09  1.0000   0.0000E+00  0.0000   0.0000E+00  0.0000
   3.1623E-01   5.6234E-01   1.8461E-05  1.0000   3.7491E-09  1.0000   0.0000E+00  0.0000   0.0000E+00  0.0000
   5.6234E-01   1.0000E+00   1.2221E-05  0.8524   1.0283E-08  1.0000   0.0000E+00  0.0000   0.0000E+00  0.0000
   1.0000E+00   1.7783E+00   5.8530E-05  1.0000   2.8794E-08  1.0000   0.0000E+00  0.0000   0.0000E+00  0.0000
   1.7783E+00   3.1623E+00   3.0300E-05  1.0000   8.1902E-08  1.0000   0.0000E+00  0.0000   0.0000E+00  0.0000
   3.1623E+00   5.6234E+00   0.0000E+00  0.0000   2.3146E-07  1.0000   0.0000E+00  0.0000   0.0000E+00  0.0000
   5.6234E+00   1.0000E+01   0.0000E+00  0.0000   6.4479E-07  1.0000   0.0000E+00  0.0000   0.0000E+00  0.0000
   1.0000E+01   1.7783E+01   7.0630E-05  1.0000   1.7556E-06  1.0000   0.0000E+00  0.0000   0.0000E+00  0.0000
   1.7783E+01   3.1623E+01   0.0000E+00  0.0000   7.3234E-05  0.9394   0.0000E+00  0.0000   0.0000E+00  0.0000
   3.1623E+01   5.6234E+01   0.0000E+00  0.0000   1.1205E-05  1.0000   0.0000E+00  0.0000   0.0000E+00  0.0000
   5.6234E+01   1.0000E+02   0.0000E+00  0.0000   2.5084E-05  1.0000   0.0000E+00  0.0000   0.0000E+00  0.0000
   1.0000E+02   1.7783E+02   0.0000E+00  0.0000   4.5660E-05  0.9273   0.0000E+00  0.0000   0.0000E+00  0.0000
   1.7783E+02   3.1623E+02   0.0000E+00  0.0000   1.5207E-04  0.5014   0.0000E+00  0.0000   0.0000E+00  0.0000
   3.1623E+02   5.6234E+02   0.0000E+00  0.0000   3.0282E-04  0.3874   0.0000E+00  0.0000   0.0000E+00  0.0000
   5.6234E+02   1.0000E+03   0.0000E+00  0.0000   4.5870E-04  0.3678   0.0000E+00  0.0000   0.0000E+00  0.0000
   1.0000E+03   1.7783E+03   0.0000E+00  0.0000   4.6689E-04  0.3738   0.0000E+00  0.0000   0.0000E+00  0.0000
   1.7783E+03   3.1623E+03   0.0000E+00  0.0000   7.4984E-04  0.3131   0.0000E+00  0.0000   0.0000E+00  0.0000
   3.1623E+03   5.6234E+03   0.0000E+00  0.0000   7.6571E-04  0.3035   0.0000E+00  0.0000   0.0000E+00  0.0000
   5.6234E+03   1.0000E+04   0.0000E+00  0.0000   1.2864E-03  0.2383   0.0000E+00  0.0000   0.0000E+00  0.0000
   1.0000E+04   1.7783E+04   0.0000E+00  0.0000   6.8212E-04  0.3764   0.0000E+00  0.0000   0.0000E+00  0.0000
   1.7783E+04   3.1623E+04   0.0000E+00  0.0000   7.8341E-05  1.0000   0.0000E+00  0.0000   0.0000E+00  0.0000
   3.1623E+04   5.6234E+04   0.0000E+00  0.0000   6.5076E-05  1.0000   0.0000E+00  0.0000   0.0000E+00  0.0000
   5.6234E+04   1.0000E+05   0.0000E+00  0.0000   5.8616E-05  1.0000   0.0000E+00  0.0000   0.0000E+00  0.0000

#   sum over                 4.7943E-04  0.7067   5.2246E-03  0.1145   0.0000E+00  0.0000   0.0000E+00  0.0000

'no. = 18, (ix,iy,iz) = (  1,  1, 18)'
msuc: {\huge Flux spectra vs depth in concrete}
msdr: {\it plotted by \ANGEL \version}
msdl: {\it calculated by \PHITS  3.36}
wt: s(0.7)
\vspace{-3}
   vol  &=&   2.8800E+07 [cm^3]
  xmin  &=&  -6.0000E+02 [cm]
  xmax  &=&   6.0000E+02 [cm]
  ymin  &=&  -6.0000E+02 [cm]
  ymax  &=&   6.0000E+02 [cm]
  zmin  &=&  -3.6000E+02 [cm]
  zmax  &=&  -3.4000E+02 [cm]
e:

#------------------------------------------------------------------------------
 newpage:
#   no. = 19   ix  =  1   iy  =  1   iz  = 19
#   x = (  -6.0000E+02  -   6.0000E+02  )
#   y = (  -6.0000E+02  -   6.0000E+02  )
#   z = (  -3.4000E+02  -  -3.2000E+02  )

x: Energy [MeV/n]
y: Flux [1/cm^2/source]              
p: xlog ylog afac(0.8) form(0.9)
h: n            x            y(neutron ),hh0l n y(muon-   ),hh0dr n y(muon+   ),hh0ub n y(proton  ),hh0mg n 
#  e-lower      e-upper        neutron   r.err      muon-     r.err      muon+     r.err      proton    r.err 
   1.0000E-10   1.7783E-10   0.0000E+00  0.0000   0.0000E+00  0.0000   0.0000E+00  0.0000   0.0000E+00  0.0000
   1.7783E-10   3.1623E-10   0.0000E+00  0.0000   0.0000E+00  0.0000   0.0000E+00  0.0000   0.0000E+00  0.0000
   3.1623E-10   5.6234E-10   0.0000E+00  0.0000   0.0000E+00  0.0000   0.0000E+00  0.0000   0.0000E+00  0.0000
   5.6234E-10   1.0000E-09   0.0000E+00  0.0000   0.0000E+00  0.0000   0.0000E+00  0.0000   0.0000E+00  0.0000
   1.0000E-09   1.7783E-09   0.0000E+00  0.0000   0.0000E+00  0.0000   0.0000E+00  0.0000   0.0000E+00  0.0000
   1.7783E-09   3.1623E-09   0.0000E+00  0.0000   0.0000E+00  0.0000   0.0000E+00  0.0000   0.0000E+00  0.0000
   3.1623E-09   5.6234E-09   2.4291E-07  1.0000   0.0000E+00  0.0000   0.0000E+00  0.0000   0.0000E+00  0.0000
   5.6234E-09   1.0000E-08   3.3100E-07  1.0000   0.0000E+00  0.0000   0.0000E+00  0.0000   0.0000E+00  0.0000
   1.0000E-08   1.7783E-08   3.2597E-06  1.0000   0.0000E+00  0.0000   0.0000E+00  0.0000   0.0000E+00  0.0000
   1.7783E-08   3.1623E-08   1.7275E-05  1.0000   0.0000E+00  0.0000   0.0000E+00  0.0000   0.0000E+00  0.0000
   3.1623E-08   5.6234E-08   3.6846E-05  1.0000   0.0000E+00  0.0000   0.0000E+00  0.0000   0.0000E+00  0.0000
   5.6234E-08   1.0000E-07   4.6480E-05  1.0000   0.0000E+00  0.0000   0.0000E+00  0.0000   0.0000E+00  0.0000
   1.0000E-07   1.7783E-07   2.7450E-05  1.0000   0.0000E+00  0.0000   0.0000E+00  0.0000   0.0000E+00  0.0000
   1.7783E-07   3.1623E-07   3.3857E-07  1.0000   0.0000E+00  0.0000   0.0000E+00  0.0000   0.0000E+00  0.0000
   3.1623E-07   5.6234E-07   0.0000E+00  0.0000   0.0000E+00  0.0000   0.0000E+00  0.0000   0.0000E+00  0.0000
   5.6234E-07   1.0000E-06   0.0000E+00  0.0000   0.0000E+00  0.0000   0.0000E+00  0.0000   0.0000E+00  0.0000
   1.0000E-06   1.7783E-06   0.0000E+00  0.0000   0.0000E+00  0.0000   0.0000E+00  0.0000   0.0000E+00  0.0000
   1.7783E-06   3.1623E-06   0.0000E+00  0.0000   0.0000E+00  0.0000   0.0000E+00  0.0000   0.0000E+00  0.0000
   3.1623E-06   5.6234E-06   0.0000E+00  0.0000   0.0000E+00  0.0000   0.0000E+00  0.0000   0.0000E+00  0.0000
   5.6234E-06   1.0000E-05   0.0000E+00  0.0000   0.0000E+00  0.0000   0.0000E+00  0.0000   0.0000E+00  0.0000
   1.0000E-05   1.7783E-05   5.9875E-06  1.0000   0.0000E+00  0.0000   0.0000E+00  0.0000   0.0000E+00  0.0000
   1.7783E-05   3.1623E-05   0.0000E+00  0.0000   0.0000E+00  0.0000   0.0000E+00  0.0000   0.0000E+00  0.0000
   3.1623E-05   5.6234E-05   0.0000E+00  0.0000   0.0000E+00  0.0000   0.0000E+00  0.0000   0.0000E+00  0.0000
   5.6234E-05   1.0000E-04   2.1943E-05  1.0000   0.0000E+00  0.0000   0.0000E+00  0.0000   0.0000E+00  0.0000
   1.0000E-04   1.7783E-04   2.8719E-05  1.0000   0.0000E+00  0.0000   0.0000E+00  0.0000   0.0000E+00  0.0000
   1.7783E-04   3.1623E-04   0.0000E+00  0.0000   0.0000E+00  0.0000   0.0000E+00  0.0000   0.0000E+00  0.0000
   3.1623E-04   5.6234E-04   0.0000E+00  0.0000   0.0000E+00  0.0000   0.0000E+00  0.0000   0.0000E+00  0.0000
   5.6234E-04   1.0000E-03   0.0000E+00  0.0000   0.0000E+00  0.0000   0.0000E+00  0.0000   0.0000E+00  0.0000
   1.0000E-03   1.7783E-03   0.0000E+00  0.0000   8.1598E-12  1.0000   0.0000E+00  0.0000   0.0000E+00  0.0000
   1.7783E-03   3.1623E-03   0.0000E+00  0.0000   4.0570E-12  1.0000   0.0000E+00  0.0000   0.0000E+00  0.0000
   3.1623E-03   5.6234E-03   0.0000E+00  0.0000   5.9939E-12  1.0000   0.0000E+00  0.0000   0.0000E+00  0.0000
   5.6234E-03   1.0000E-02   1.0152E-05  1.0000   9.6133E-12  1.0000   0.0000E+00  0.0000   0.0000E+00  0.0000
   1.0000E-02   1.7783E-02   8.7377E-06  1.0000   1.7238E-11  1.0000   0.0000E+00  0.0000   0.0000E+00  0.0000
   1.7783E-02   3.1623E-02   8.8759E-06  1.0000   3.5587E-11  1.0000   0.0000E+00  0.0000   0.0000E+00  0.0000
   3.1623E-02   5.6234E-02   0.0000E+00  0.0000   8.3139E-11  1.0000   0.0000E+00  0.0000   0.0000E+00  0.0000
   5.6234E-02   1.0000E-01   0.0000E+00  0.0000   2.0831E-10  1.0000   0.0000E+00  0.0000   0.0000E+00  0.0000
   1.0000E-01   1.7783E-01   1.8332E-05  1.0000   5.3471E-10  1.0000   0.0000E+00  0.0000   0.0000E+00  0.0000
   1.7783E-01   3.1623E-01   1.4494E-05  1.0000   1.3987E-09  1.0000   0.0000E+00  0.0000   0.0000E+00  0.0000
   3.1623E-01   5.6234E-01   0.0000E+00  0.0000   3.7491E-09  1.0000   0.0000E+00  0.0000   0.0000E+00  0.0000
   5.6234E-01   1.0000E+00   0.0000E+00  0.0000   1.0283E-08  1.0000   0.0000E+00  0.0000   0.0000E+00  0.0000
   1.0000E+00   1.7783E+00   0.0000E+00  0.0000   2.8794E-08  1.0000   0.0000E+00  0.0000   0.0000E+00  0.0000
   1.7783E+00   3.1623E+00   0.0000E+00  0.0000   8.1902E-08  1.0000   0.0000E+00  0.0000   0.0000E+00  0.0000
   3.1623E+00   5.6234E+00   0.0000E+00  0.0000   2.3146E-07  1.0000   0.0000E+00  0.0000   0.0000E+00  0.0000
   5.6234E+00   1.0000E+01   0.0000E+00  0.0000   6.4479E-07  1.0000   0.0000E+00  0.0000   0.0000E+00  0.0000
   1.0000E+01   1.7783E+01   5.9400E-05  1.0000   1.7556E-06  1.0000   0.0000E+00  0.0000   0.0000E+00  0.0000
   1.7783E+01   3.1623E+01   2.9446E-05  1.0000   7.3234E-05  0.9394   0.0000E+00  0.0000   0.0000E+00  0.0000
   3.1623E+01   5.6234E+01   0.0000E+00  0.0000   5.6706E-06  1.0000   0.0000E+00  0.0000   0.0000E+00  0.0000
   5.6234E+01   1.0000E+02   0.0000E+00  0.0000   0.0000E+00  0.0000   0.0000E+00  0.0000   0.0000E+00  0.0000
   1.0000E+02   1.7783E+02   0.0000E+00  0.0000   4.7423E-05  1.0000   0.0000E+00  0.0000   0.0000E+00  0.0000
   1.7783E+02   3.1623E+02   0.0000E+00  0.0000   2.7921E-04  0.5098   0.0000E+00  0.0000   0.0000E+00  0.0000
   3.1623E+02   5.6234E+02   0.0000E+00  0.0000   3.1452E-04  0.4120   0.0000E+00  0.0000   0.0000E+00  0.0000
   5.6234E+02   1.0000E+03   0.0000E+00  0.0000   5.4200E-04  0.3488   0.0000E+00  0.0000   0.0000E+00  0.0000
   1.0000E+03   1.7783E+03   0.0000E+00  0.0000   4.5920E-04  0.3797   0.0000E+00  0.0000   0.0000E+00  0.0000
   1.7783E+03   3.1623E+03   0.0000E+00  0.0000   6.7340E-04  0.3365   0.0000E+00  0.0000   0.0000E+00  0.0000
   3.1623E+03   5.6234E+03   0.0000E+00  0.0000   6.8763E-04  0.3114   0.0000E+00  0.0000   0.0000E+00  0.0000
   5.6234E+03   1.0000E+04   0.0000E+00  0.0000   1.3394E-03  0.2327   0.0000E+00  0.0000   0.0000E+00  0.0000
   1.0000E+04   1.7783E+04   0.0000E+00  0.0000   6.8781E-04  0.3734   0.0000E+00  0.0000   0.0000E+00  0.0000
   1.7783E+04   3.1623E+04   0.0000E+00  0.0000   7.8341E-05  1.0000   0.0000E+00  0.0000   0.0000E+00  0.0000
   3.1623E+04   5.6234E+04   0.0000E+00  0.0000   6.5076E-05  1.0000   0.0000E+00  0.0000   0.0000E+00  0.0000
   5.6234E+04   1.0000E+05   0.0000E+00  0.0000   5.8616E-05  1.0000   0.0000E+00  0.0000   0.0000E+00  0.0000

#   sum over                 3.3831E-04  0.7824   5.3142E-03  0.1154   0.0000E+00  0.0000   0.0000E+00  0.0000

'no. = 19, (ix,iy,iz) = (  1,  1, 19)'
msuc: {\huge Flux spectra vs depth in concrete}
msdr: {\it plotted by \ANGEL \version}
msdl: {\it calculated by \PHITS  3.36}
wt: s(0.7)
\vspace{-3}
   vol  &=&   2.8800E+07 [cm^3]
  xmin  &=&  -6.0000E+02 [cm]
  xmax  &=&   6.0000E+02 [cm]
  ymin  &=&  -6.0000E+02 [cm]
  ymax  &=&   6.0000E+02 [cm]
  zmin  &=&  -3.4000E+02 [cm]
  zmax  &=&  -3.2000E+02 [cm]
e:

#------------------------------------------------------------------------------
 newpage:
#   no. = 20   ix  =  1   iy  =  1   iz  = 20
#   x = (  -6.0000E+02  -   6.0000E+02  )
#   y = (  -6.0000E+02  -   6.0000E+02  )
#   z = (  -3.2000E+02  -  -3.0000E+02  )

x: Energy [MeV/n]
y: Flux [1/cm^2/source]              
p: xlog ylog afac(0.8) form(0.9)
h: n            x            y(neutron ),hh0l n y(muon-   ),hh0dr n y(muon+   ),hh0ub n y(proton  ),hh0mg n 
#  e-lower      e-upper        neutron   r.err      muon-     r.err      muon+     r.err      proton    r.err 
   1.0000E-10   1.7783E-10   0.0000E+00  0.0000   0.0000E+00  0.0000   0.0000E+00  0.0000   0.0000E+00  0.0000
   1.7783E-10   3.1623E-10   0.0000E+00  0.0000   0.0000E+00  0.0000   0.0000E+00  0.0000   0.0000E+00  0.0000
   3.1623E-10   5.6234E-10   0.0000E+00  0.0000   0.0000E+00  0.0000   0.0000E+00  0.0000   0.0000E+00  0.0000
   5.6234E-10   1.0000E-09   0.0000E+00  0.0000   0.0000E+00  0.0000   0.0000E+00  0.0000   0.0000E+00  0.0000
   1.0000E-09   1.7783E-09   0.0000E+00  0.0000   0.0000E+00  0.0000   0.0000E+00  0.0000   0.0000E+00  0.0000
   1.7783E-09   3.1623E-09   0.0000E+00  0.0000   0.0000E+00  0.0000   0.0000E+00  0.0000   0.0000E+00  0.0000
   3.1623E-09   5.6234E-09   2.5332E-07  1.0000   0.0000E+00  0.0000   0.0000E+00  0.0000   0.0000E+00  0.0000
   5.6234E-09   1.0000E-08   2.7060E-07  1.0000   0.0000E+00  0.0000   0.0000E+00  0.0000   0.0000E+00  0.0000
   1.0000E-08   1.7783E-08   2.5243E-06  1.0000   0.0000E+00  0.0000   0.0000E+00  0.0000   0.0000E+00  0.0000
   1.7783E-08   3.1623E-08   1.4444E-06  1.0000   0.0000E+00  0.0000   0.0000E+00  0.0000   0.0000E+00  0.0000
   3.1623E-08   5.6234E-08   9.6472E-06  1.0000   0.0000E+00  0.0000   0.0000E+00  0.0000   0.0000E+00  0.0000
   5.6234E-08   1.0000E-07   8.1880E-06  1.0000   0.0000E+00  0.0000   0.0000E+00  0.0000   0.0000E+00  0.0000
   1.0000E-07   1.7783E-07   6.9302E-07  1.0000   0.0000E+00  0.0000   0.0000E+00  0.0000   0.0000E+00  0.0000
   1.7783E-07   3.1623E-07   2.9077E-08  1.0000   0.0000E+00  0.0000   0.0000E+00  0.0000   0.0000E+00  0.0000
   3.1623E-07   5.6234E-07   0.0000E+00  0.0000   0.0000E+00  0.0000   0.0000E+00  0.0000   0.0000E+00  0.0000
   5.6234E-07   1.0000E-06   0.0000E+00  0.0000   0.0000E+00  0.0000   0.0000E+00  0.0000   0.0000E+00  0.0000
   1.0000E-06   1.7783E-06   0.0000E+00  0.0000   0.0000E+00  0.0000   0.0000E+00  0.0000   0.0000E+00  0.0000
   1.7783E-06   3.1623E-06   0.0000E+00  0.0000   0.0000E+00  0.0000   0.0000E+00  0.0000   0.0000E+00  0.0000
   3.1623E-06   5.6234E-06   0.0000E+00  0.0000   0.0000E+00  0.0000   0.0000E+00  0.0000   0.0000E+00  0.0000
   5.6234E-06   1.0000E-05   0.0000E+00  0.0000   0.0000E+00  0.0000   0.0000E+00  0.0000   0.0000E+00  0.0000
   1.0000E-05   1.7783E-05   0.0000E+00  0.0000   0.0000E+00  0.0000   0.0000E+00  0.0000   0.0000E+00  0.0000
   1.7783E-05   3.1623E-05   0.0000E+00  0.0000   0.0000E+00  0.0000   0.0000E+00  0.0000   0.0000E+00  0.0000
   3.1623E-05   5.6234E-05   0.0000E+00  0.0000   0.0000E+00  0.0000   0.0000E+00  0.0000   0.0000E+00  0.0000
   5.6234E-05   1.0000E-04   0.0000E+00  0.0000   0.0000E+00  0.0000   0.0000E+00  0.0000   0.0000E+00  0.0000
   1.0000E-04   1.7783E-04   0.0000E+00  0.0000   0.0000E+00  0.0000   0.0000E+00  0.0000   0.0000E+00  0.0000
   1.7783E-04   3.1623E-04   0.0000E+00  0.0000   0.0000E+00  0.0000   0.0000E+00  0.0000   0.0000E+00  0.0000
   3.1623E-04   5.6234E-04   0.0000E+00  0.0000   0.0000E+00  0.0000   0.0000E+00  0.0000   0.0000E+00  0.0000
   5.6234E-04   1.0000E-03   0.0000E+00  0.0000   0.0000E+00  0.0000   0.0000E+00  0.0000   0.0000E+00  0.0000
   1.0000E-03   1.7783E-03   0.0000E+00  0.0000   0.0000E+00  0.0000   0.0000E+00  0.0000   0.0000E+00  0.0000
   1.7783E-03   3.1623E-03   0.0000E+00  0.0000   0.0000E+00  0.0000   0.0000E+00  0.0000   0.0000E+00  0.0000
   3.1623E-03   5.6234E-03   0.0000E+00  0.0000   0.0000E+00  0.0000   0.0000E+00  0.0000   0.0000E+00  0.0000
   5.6234E-03   1.0000E-02   0.0000E+00  0.0000   0.0000E+00  0.0000   0.0000E+00  0.0000   0.0000E+00  0.0000
   1.0000E-02   1.7783E-02   0.0000E+00  0.0000   0.0000E+00  0.0000   0.0000E+00  0.0000   0.0000E+00  0.0000
   1.7783E-02   3.1623E-02   0.0000E+00  0.0000   0.0000E+00  0.0000   0.0000E+00  0.0000   0.0000E+00  0.0000
   3.1623E-02   5.6234E-02   0.0000E+00  0.0000   0.0000E+00  0.0000   0.0000E+00  0.0000   0.0000E+00  0.0000
   5.6234E-02   1.0000E-01   0.0000E+00  0.0000   0.0000E+00  0.0000   0.0000E+00  0.0000   0.0000E+00  0.0000
   1.0000E-01   1.7783E-01   0.0000E+00  0.0000   0.0000E+00  0.0000   0.0000E+00  0.0000   0.0000E+00  0.0000
   1.7783E-01   3.1623E-01   0.0000E+00  0.0000   0.0000E+00  0.0000   0.0000E+00  0.0000   0.0000E+00  0.0000
   3.1623E-01   5.6234E-01   0.0000E+00  0.0000   0.0000E+00  0.0000   0.0000E+00  0.0000   0.0000E+00  0.0000
   5.6234E-01   1.0000E+00   0.0000E+00  0.0000   0.0000E+00  0.0000   0.0000E+00  0.0000   0.0000E+00  0.0000
   1.0000E+00   1.7783E+00   0.0000E+00  0.0000   0.0000E+00  0.0000   0.0000E+00  0.0000   0.0000E+00  0.0000
   1.7783E+00   3.1623E+00   0.0000E+00  0.0000   0.0000E+00  0.0000   0.0000E+00  0.0000   0.0000E+00  0.0000
   3.1623E+00   5.6234E+00   0.0000E+00  0.0000   0.0000E+00  0.0000   0.0000E+00  0.0000   0.0000E+00  0.0000
   5.6234E+00   1.0000E+01   0.0000E+00  0.0000   0.0000E+00  0.0000   0.0000E+00  0.0000   0.0000E+00  0.0000
   1.0000E+01   1.7783E+01   0.0000E+00  0.0000   0.0000E+00  0.0000   0.0000E+00  0.0000   0.0000E+00  0.0000
   1.7783E+01   3.1623E+01   0.0000E+00  0.0000   6.8650E-05  1.0000   0.0000E+00  0.0000   0.0000E+00  0.0000
   3.1623E+01   5.6234E+01   0.0000E+00  0.0000   5.5341E-06  1.0000   0.0000E+00  0.0000   0.0000E+00  0.0000
   5.6234E+01   1.0000E+02   0.0000E+00  0.0000   2.5084E-05  1.0000   0.0000E+00  0.0000   0.0000E+00  0.0000
   1.0000E+02   1.7783E+02   0.0000E+00  0.0000   3.1486E-05  1.0000   0.0000E+00  0.0000   0.0000E+00  0.0000
   1.7783E+02   3.1623E+02   0.0000E+00  0.0000   7.7414E-05  0.7887   0.0000E+00  0.0000   0.0000E+00  0.0000
   3.1623E+02   5.6234E+02   0.0000E+00  0.0000   4.4301E-04  0.4418   0.0000E+00  0.0000   0.0000E+00  0.0000
   5.6234E+02   1.0000E+03   0.0000E+00  0.0000   6.0592E-04  0.3088   0.0000E+00  0.0000   0.0000E+00  0.0000
   1.0000E+03   1.7783E+03   0.0000E+00  0.0000   5.2674E-04  0.3455   0.0000E+00  0.0000   0.0000E+00  0.0000
   1.7783E+03   3.1623E+03   0.0000E+00  0.0000   6.1963E-04  0.3527   0.0000E+00  0.0000   0.0000E+00  0.0000
   3.1623E+03   5.6234E+03   0.0000E+00  0.0000   5.6543E-04  0.3427   0.0000E+00  0.0000   0.0000E+00  0.0000
   5.6234E+03   1.0000E+04   0.0000E+00  0.0000   1.1955E-03  0.2426   0.0000E+00  0.0000   0.0000E+00  0.0000
   1.0000E+04   1.7783E+04   0.0000E+00  0.0000   7.0613E-04  0.3695   0.0000E+00  0.0000   0.0000E+00  0.0000
   1.7783E+04   3.1623E+04   0.0000E+00  0.0000   1.3127E-04  0.7198   0.0000E+00  0.0000   0.0000E+00  0.0000
   3.1623E+04   5.6234E+04   0.0000E+00  0.0000   6.5076E-05  1.0000   0.0000E+00  0.0000   0.0000E+00  0.0000
   5.6234E+04   1.0000E+05   0.0000E+00  0.0000   5.8616E-05  1.0000   0.0000E+00  0.0000   0.0000E+00  0.0000

#   sum over                 2.3050E-05  1.0000   5.1255E-03  0.1170   0.0000E+00  0.0000   0.0000E+00  0.0000

'no. = 20, (ix,iy,iz) = (  1,  1, 20)'
msuc: {\huge Flux spectra vs depth in concrete}
msdr: {\it plotted by \ANGEL \version}
msdl: {\it calculated by \PHITS  3.36}
wt: s(0.7)
\vspace{-3}
   vol  &=&   2.8800E+07 [cm^3]
  xmin  &=&  -6.0000E+02 [cm]
  xmax  &=&   6.0000E+02 [cm]
  ymin  &=&  -6.0000E+02 [cm]
  ymax  &=&   6.0000E+02 [cm]
  zmin  &=&  -3.2000E+02 [cm]
  zmax  &=&  -3.0000E+02 [cm]
e:

#------------------------------------------------------------------------------
 newpage:
#   no. = 21   ix  =  1   iy  =  1   iz  = 21
#   x = (  -6.0000E+02  -   6.0000E+02  )
#   y = (  -6.0000E+02  -   6.0000E+02  )
#   z = (  -3.0000E+02  -  -2.8000E+02  )

x: Energy [MeV/n]
y: Flux [1/cm^2/source]              
p: xlog ylog afac(0.8) form(0.9)
h: n            x            y(neutron ),hh0l n y(muon-   ),hh0dr n y(muon+   ),hh0ub n y(proton  ),hh0mg n 
#  e-lower      e-upper        neutron   r.err      muon-     r.err      muon+     r.err      proton    r.err 
   1.0000E-10   1.7783E-10   0.0000E+00  0.0000   0.0000E+00  0.0000   0.0000E+00  0.0000   0.0000E+00  0.0000
   1.7783E-10   3.1623E-10   0.0000E+00  0.0000   0.0000E+00  0.0000   0.0000E+00  0.0000   0.0000E+00  0.0000
   3.1623E-10   5.6234E-10   0.0000E+00  0.0000   0.0000E+00  0.0000   0.0000E+00  0.0000   0.0000E+00  0.0000
   5.6234E-10   1.0000E-09   5.0966E-08  1.0000   0.0000E+00  0.0000   0.0000E+00  0.0000   0.0000E+00  0.0000
   1.0000E-09   1.7783E-09   3.4953E-06  1.0000   0.0000E+00  0.0000   0.0000E+00  0.0000   0.0000E+00  0.0000
   1.7783E-09   3.1623E-09   0.0000E+00  0.0000   0.0000E+00  0.0000   0.0000E+00  0.0000   0.0000E+00  0.0000
   3.1623E-09   5.6234E-09   2.0320E-06  0.7868   0.0000E+00  0.0000   0.0000E+00  0.0000   0.0000E+00  0.0000
   5.6234E-09   1.0000E-08   1.2142E-05  0.9291   0.0000E+00  0.0000   0.0000E+00  0.0000   0.0000E+00  0.0000
   1.0000E-08   1.7783E-08   1.8916E-05  0.8701   0.0000E+00  0.0000   0.0000E+00  0.0000   0.0000E+00  0.0000
   1.7783E-08   3.1623E-08   3.3110E-05  0.8771   0.0000E+00  0.0000   0.0000E+00  0.0000   0.0000E+00  0.0000
   3.1623E-08   5.6234E-08   5.2726E-05  0.8485   0.0000E+00  0.0000   0.0000E+00  0.0000   0.0000E+00  0.0000
   5.6234E-08   1.0000E-07   6.7973E-05  0.7427   0.0000E+00  0.0000   0.0000E+00  0.0000   0.0000E+00  0.0000
   1.0000E-07   1.7783E-07   3.1212E-05  0.7578   0.0000E+00  0.0000   0.0000E+00  0.0000   0.0000E+00  0.0000
   1.7783E-07   3.1623E-07   7.0717E-06  1.0000   0.0000E+00  0.0000   0.0000E+00  0.0000   0.0000E+00  0.0000
   3.1623E-07   5.6234E-07   0.0000E+00  0.0000   0.0000E+00  0.0000   0.0000E+00  0.0000   0.0000E+00  0.0000
   5.6234E-07   1.0000E-06   0.0000E+00  0.0000   0.0000E+00  0.0000   0.0000E+00  0.0000   0.0000E+00  0.0000
   1.0000E-06   1.7783E-06   0.0000E+00  0.0000   0.0000E+00  0.0000   0.0000E+00  0.0000   0.0000E+00  0.0000
   1.7783E-06   3.1623E-06   0.0000E+00  0.0000   0.0000E+00  0.0000   0.0000E+00  0.0000   0.0000E+00  0.0000
   3.1623E-06   5.6234E-06   0.0000E+00  0.0000   0.0000E+00  0.0000   0.0000E+00  0.0000   0.0000E+00  0.0000
   5.6234E-06   1.0000E-05   0.0000E+00  0.0000   0.0000E+00  0.0000   0.0000E+00  0.0000   0.0000E+00  0.0000
   1.0000E-05   1.7783E-05   0.0000E+00  0.0000   0.0000E+00  0.0000   0.0000E+00  0.0000   0.0000E+00  0.0000
   1.7783E-05   3.1623E-05   0.0000E+00  0.0000   0.0000E+00  0.0000   0.0000E+00  0.0000   0.0000E+00  0.0000
   3.1623E-05   5.6234E-05   0.0000E+00  0.0000   0.0000E+00  0.0000   0.0000E+00  0.0000   0.0000E+00  0.0000
   5.6234E-05   1.0000E-04   0.0000E+00  0.0000   0.0000E+00  0.0000   0.0000E+00  0.0000   0.0000E+00  0.0000
   1.0000E-04   1.7783E-04   0.0000E+00  0.0000   0.0000E+00  0.0000   0.0000E+00  0.0000   0.0000E+00  0.0000
   1.7783E-04   3.1623E-04   0.0000E+00  0.0000   0.0000E+00  0.0000   0.0000E+00  0.0000   0.0000E+00  0.0000
   3.1623E-04   5.6234E-04   0.0000E+00  0.0000   0.0000E+00  0.0000   0.0000E+00  0.0000   0.0000E+00  0.0000
   5.6234E-04   1.0000E-03   0.0000E+00  0.0000   0.0000E+00  0.0000   0.0000E+00  0.0000   0.0000E+00  0.0000
   1.0000E-03   1.7783E-03   0.0000E+00  0.0000   0.0000E+00  0.0000   0.0000E+00  0.0000   0.0000E+00  0.0000
   1.7783E-03   3.1623E-03   0.0000E+00  0.0000   0.0000E+00  0.0000   0.0000E+00  0.0000   0.0000E+00  0.0000
   3.1623E-03   5.6234E-03   0.0000E+00  0.0000   0.0000E+00  0.0000   0.0000E+00  0.0000   0.0000E+00  0.0000
   5.6234E-03   1.0000E-02   0.0000E+00  0.0000   0.0000E+00  0.0000   0.0000E+00  0.0000   0.0000E+00  0.0000
   1.0000E-02   1.7783E-02   0.0000E+00  0.0000   0.0000E+00  0.0000   0.0000E+00  0.0000   0.0000E+00  0.0000
   1.7783E-02   3.1623E-02   0.0000E+00  0.0000   0.0000E+00  0.0000   0.0000E+00  0.0000   0.0000E+00  0.0000
   3.1623E-02   5.6234E-02   0.0000E+00  0.0000   0.0000E+00  0.0000   0.0000E+00  0.0000   0.0000E+00  0.0000
   5.6234E-02   1.0000E-01   0.0000E+00  0.0000   0.0000E+00  0.0000   0.0000E+00  0.0000   0.0000E+00  0.0000
   1.0000E-01   1.7783E-01   0.0000E+00  0.0000   0.0000E+00  0.0000   0.0000E+00  0.0000   0.0000E+00  0.0000
   1.7783E-01   3.1623E-01   0.0000E+00  0.0000   0.0000E+00  0.0000   0.0000E+00  0.0000   0.0000E+00  0.0000
   3.1623E-01   5.6234E-01   0.0000E+00  0.0000   0.0000E+00  0.0000   0.0000E+00  0.0000   0.0000E+00  0.0000
   5.6234E-01   1.0000E+00   0.0000E+00  0.0000   0.0000E+00  0.0000   0.0000E+00  0.0000   0.0000E+00  0.0000
   1.0000E+00   1.7783E+00   0.0000E+00  0.0000   0.0000E+00  0.0000   0.0000E+00  0.0000   0.0000E+00  0.0000
   1.7783E+00   3.1623E+00   0.0000E+00  0.0000   0.0000E+00  0.0000   0.0000E+00  0.0000   0.0000E+00  0.0000
   3.1623E+00   5.6234E+00   0.0000E+00  0.0000   0.0000E+00  0.0000   0.0000E+00  0.0000   0.0000E+00  0.0000
   5.6234E+00   1.0000E+01   0.0000E+00  0.0000   0.0000E+00  0.0000   0.0000E+00  0.0000   0.0000E+00  0.0000
   1.0000E+01   1.7783E+01   0.0000E+00  0.0000   0.0000E+00  0.0000   0.0000E+00  0.0000   0.0000E+00  0.0000
   1.7783E+01   3.1623E+01   0.0000E+00  0.0000   1.9099E-06  1.0000   0.0000E+00  0.0000   0.0000E+00  0.0000
   3.1623E+01   5.6234E+01   0.0000E+00  0.0000   1.1205E-05  1.0000   0.0000E+00  0.0000   0.0000E+00  0.0000
   5.6234E+01   1.0000E+02   0.0000E+00  0.0000   2.5084E-05  1.0000   0.0000E+00  0.0000   0.0000E+00  0.0000
   1.0000E+02   1.7783E+02   0.0000E+00  0.0000   4.9847E-05  0.7239   0.0000E+00  0.0000   0.0000E+00  0.0000
   1.7783E+02   3.1623E+02   0.0000E+00  0.0000   9.8850E-05  0.7132   0.0000E+00  0.0000   0.0000E+00  0.0000
   3.1623E+02   5.6234E+02   0.0000E+00  0.0000   1.6327E-04  0.6331   0.0000E+00  0.0000   0.0000E+00  0.0000
   5.6234E+02   1.0000E+03   0.0000E+00  0.0000   8.2155E-04  0.3088   0.0000E+00  0.0000   0.0000E+00  0.0000
   1.0000E+03   1.7783E+03   0.0000E+00  0.0000   5.4579E-04  0.3377   0.0000E+00  0.0000   0.0000E+00  0.0000
   1.7783E+03   3.1623E+03   0.0000E+00  0.0000   6.0855E-04  0.3293   0.0000E+00  0.0000   0.0000E+00  0.0000
   3.1623E+03   5.6234E+03   0.0000E+00  0.0000   6.4150E-04  0.3373   0.0000E+00  0.0000   0.0000E+00  0.0000
   5.6234E+03   1.0000E+04   0.0000E+00  0.0000   1.1847E-03  0.2440   0.0000E+00  0.0000   0.0000E+00  0.0000
   1.0000E+04   1.7783E+04   0.0000E+00  0.0000   7.0210E-04  0.3715   0.0000E+00  0.0000   0.0000E+00  0.0000
   1.7783E+04   3.1623E+04   0.0000E+00  0.0000   8.6365E-05  0.7687   0.0000E+00  0.0000   0.0000E+00  0.0000
   3.1623E+04   5.6234E+04   0.0000E+00  0.0000   1.1870E-04  0.7100   0.0000E+00  0.0000   0.0000E+00  0.0000
   5.6234E+04   1.0000E+05   0.0000E+00  0.0000   5.8616E-05  1.0000   0.0000E+00  0.0000   0.0000E+00  0.0000

#   sum over                 2.2873E-04  0.7566   5.1180E-03  0.1174   0.0000E+00  0.0000   0.0000E+00  0.0000

'no. = 21, (ix,iy,iz) = (  1,  1, 21)'
msuc: {\huge Flux spectra vs depth in concrete}
msdr: {\it plotted by \ANGEL \version}
msdl: {\it calculated by \PHITS  3.36}
wt: s(0.7)
\vspace{-3}
   vol  &=&   2.8800E+07 [cm^3]
  xmin  &=&  -6.0000E+02 [cm]
  xmax  &=&   6.0000E+02 [cm]
  ymin  &=&  -6.0000E+02 [cm]
  ymax  &=&   6.0000E+02 [cm]
  zmin  &=&  -3.0000E+02 [cm]
  zmax  &=&  -2.8000E+02 [cm]
e:

#------------------------------------------------------------------------------
 newpage:
#   no. = 22   ix  =  1   iy  =  1   iz  = 22
#   x = (  -6.0000E+02  -   6.0000E+02  )
#   y = (  -6.0000E+02  -   6.0000E+02  )
#   z = (  -2.8000E+02  -  -2.6000E+02  )

x: Energy [MeV/n]
y: Flux [1/cm^2/source]              
p: xlog ylog afac(0.8) form(0.9)
h: n            x            y(neutron ),hh0l n y(muon-   ),hh0dr n y(muon+   ),hh0ub n y(proton  ),hh0mg n 
#  e-lower      e-upper        neutron   r.err      muon-     r.err      muon+     r.err      proton    r.err 
   1.0000E-10   1.7783E-10   0.0000E+00  0.0000   0.0000E+00  0.0000   0.0000E+00  0.0000   0.0000E+00  0.0000
   1.7783E-10   3.1623E-10   0.0000E+00  0.0000   0.0000E+00  0.0000   0.0000E+00  0.0000   0.0000E+00  0.0000
   3.1623E-10   5.6234E-10   8.6864E-09  1.0000   0.0000E+00  0.0000   0.0000E+00  0.0000   0.0000E+00  0.0000
   5.6234E-10   1.0000E-09   4.2717E-07  1.0000   0.0000E+00  0.0000   0.0000E+00  0.0000   0.0000E+00  0.0000
   1.0000E-09   1.7783E-09   8.6854E-07  1.0000   0.0000E+00  0.0000   0.0000E+00  0.0000   0.0000E+00  0.0000
   1.7783E-09   3.1623E-09   1.5234E-06  1.0000   0.0000E+00  0.0000   0.0000E+00  0.0000   0.0000E+00  0.0000
   3.1623E-09   5.6234E-09   8.9136E-06  1.0000   0.0000E+00  0.0000   0.0000E+00  0.0000   0.0000E+00  0.0000
   5.6234E-09   1.0000E-08   2.5800E-05  0.7224   0.0000E+00  0.0000   0.0000E+00  0.0000   0.0000E+00  0.0000
   1.0000E-08   1.7783E-08   3.1444E-05  0.7547   0.0000E+00  0.0000   0.0000E+00  0.0000   0.0000E+00  0.0000
   1.7783E-08   3.1623E-08   5.7291E-05  0.6318   0.0000E+00  0.0000   0.0000E+00  0.0000   0.0000E+00  0.0000
   3.1623E-08   5.6234E-08   9.1130E-05  0.6751   0.0000E+00  0.0000   0.0000E+00  0.0000   0.0000E+00  0.0000
   5.6234E-08   1.0000E-07   1.2141E-04  0.7986   0.0000E+00  0.0000   0.0000E+00  0.0000   0.0000E+00  0.0000
   1.0000E-07   1.7783E-07   3.3083E-05  0.8847   0.0000E+00  0.0000   0.0000E+00  0.0000   0.0000E+00  0.0000
   1.7783E-07   3.1623E-07   6.3270E-06  1.0000   0.0000E+00  0.0000   0.0000E+00  0.0000   0.0000E+00  0.0000
   3.1623E-07   5.6234E-07   1.7521E-06  1.0000   0.0000E+00  0.0000   0.0000E+00  0.0000   0.0000E+00  0.0000
   5.6234E-07   1.0000E-06   6.3931E-06  1.0000   0.0000E+00  0.0000   0.0000E+00  0.0000   0.0000E+00  0.0000
   1.0000E-06   1.7783E-06   1.7453E-05  1.0000   0.0000E+00  0.0000   0.0000E+00  0.0000   0.0000E+00  0.0000
   1.7783E-06   3.1623E-06   1.4205E-05  1.0000   0.0000E+00  0.0000   0.0000E+00  0.0000   0.0000E+00  0.0000
   3.1623E-06   5.6234E-06   0.0000E+00  0.0000   0.0000E+00  0.0000   0.0000E+00  0.0000   0.0000E+00  0.0000
   5.6234E-06   1.0000E-05   1.2230E-05  1.0000   0.0000E+00  0.0000   0.0000E+00  0.0000   0.0000E+00  0.0000
   1.0000E-05   1.7783E-05   1.5190E-07  1.0000   0.0000E+00  0.0000   0.0000E+00  0.0000   0.0000E+00  0.0000
   1.7783E-05   3.1623E-05   1.0258E-05  1.0000   0.0000E+00  0.0000   0.0000E+00  0.0000   0.0000E+00  0.0000
   3.1623E-05   5.6234E-05   2.4707E-05  0.9993   0.0000E+00  0.0000   0.0000E+00  0.0000   0.0000E+00  0.0000
   5.6234E-05   1.0000E-04   0.0000E+00  0.0000   0.0000E+00  0.0000   0.0000E+00  0.0000   0.0000E+00  0.0000
   1.0000E-04   1.7783E-04   1.5700E-06  1.0000   5.3007E-21  1.0000   0.0000E+00  0.0000   0.0000E+00  0.0000
   1.7783E-04   3.1623E-04   6.5648E-06  1.0000   0.0000E+00  0.0000   0.0000E+00  0.0000   0.0000E+00  0.0000
   3.1623E-04   5.6234E-04   2.3001E-05  1.0000   0.0000E+00  0.0000   0.0000E+00  0.0000   0.0000E+00  0.0000
   5.6234E-04   1.0000E-03   1.0274E-06  1.0000   0.0000E+00  0.0000   0.0000E+00  0.0000   0.0000E+00  0.0000
   1.0000E-03   1.7783E-03   1.6574E-06  1.0000   2.4241E-11  0.5768   0.0000E+00  0.0000   0.0000E+00  0.0000
   1.7783E-03   3.1623E-03   0.0000E+00  0.0000   1.2171E-11  0.5766   0.0000E+00  0.0000   0.0000E+00  0.0000
   3.1623E-03   5.6234E-03   0.0000E+00  0.0000   1.7982E-11  0.5766   0.0000E+00  0.0000   0.0000E+00  0.0000
   5.6234E-03   1.0000E-02   0.0000E+00  0.0000   2.8840E-11  0.5766   0.0000E+00  0.0000   0.0000E+00  0.0000
   1.0000E-02   1.7783E-02   1.3236E-05  1.0000   5.1713E-11  0.5766   0.0000E+00  0.0000   0.0000E+00  0.0000
   1.7783E-02   3.1623E-02   2.3452E-06  1.0000   1.0676E-10  0.5766   0.0000E+00  0.0000   0.0000E+00  0.0000
   3.1623E-02   5.6234E-02   1.8151E-05  1.0000   2.4942E-10  0.5766   0.0000E+00  0.0000   0.0000E+00  0.0000
   5.6234E-02   1.0000E-01   0.0000E+00  0.0000   6.2494E-10  0.5766   0.0000E+00  0.0000   0.0000E+00  0.0000
   1.0000E-01   1.7783E-01   7.0006E-06  1.0000   1.6041E-09  0.5766   0.0000E+00  0.0000   0.0000E+00  0.0000
   1.7783E-01   3.1623E-01   2.4577E-05  1.0000   4.1961E-09  0.5766   0.0000E+00  0.0000   0.0000E+00  0.0000
   3.1623E-01   5.6234E-01   0.0000E+00  0.0000   1.1247E-08  0.5766   0.0000E+00  0.0000   0.0000E+00  0.0000
   5.6234E-01   1.0000E+00   0.0000E+00  0.0000   3.0849E-08  0.5766   0.0000E+00  0.0000   0.0000E+00  0.0000
   1.0000E+00   1.7783E+00   0.0000E+00  0.0000   8.6381E-08  0.5766   0.0000E+00  0.0000   0.0000E+00  0.0000
   1.7783E+00   3.1623E+00   0.0000E+00  0.0000   2.4571E-07  0.5766   0.0000E+00  0.0000   0.0000E+00  0.0000
   3.1623E+00   5.6234E+00   0.0000E+00  0.0000   6.9439E-07  0.5766   0.0000E+00  0.0000   0.0000E+00  0.0000
   5.6234E+00   1.0000E+01   0.0000E+00  0.0000   1.9344E-06  0.5766   0.0000E+00  0.0000   0.0000E+00  0.0000
   1.0000E+01   1.7783E+01   0.0000E+00  0.0000   5.2667E-06  0.5766   0.0000E+00  0.0000   0.0000E+00  0.0000
   1.7783E+01   3.1623E+01   0.0000E+00  0.0000   1.3750E-05  0.5766   0.0000E+00  0.0000   0.0000E+00  0.0000
   3.1623E+01   5.6234E+01   0.0000E+00  0.0000   3.3614E-05  0.5766   0.0000E+00  0.0000   0.0000E+00  0.0000
   5.6234E+01   1.0000E+02   0.0000E+00  0.0000   6.4954E-05  0.5910   0.0000E+00  0.0000   0.0000E+00  0.0000
   1.0000E+02   1.7783E+02   0.0000E+00  0.0000   3.1136E-05  0.7154   0.0000E+00  0.0000   0.0000E+00  0.0000
   1.7783E+02   3.1623E+02   0.0000E+00  0.0000   1.0008E-04  0.7071   0.0000E+00  0.0000   0.0000E+00  0.0000
   3.1623E+02   5.6234E+02   0.0000E+00  0.0000   1.2132E-04  0.5933   0.0000E+00  0.0000   0.0000E+00  0.0000
   5.6234E+02   1.0000E+03   0.0000E+00  0.0000   6.2708E-04  0.3065   0.0000E+00  0.0000   0.0000E+00  0.0000
   1.0000E+03   1.7783E+03   0.0000E+00  0.0000   7.9223E-04  0.2889   0.0000E+00  0.0000   0.0000E+00  0.0000
   1.7783E+03   3.1623E+03   0.0000E+00  0.0000   5.5316E-04  0.3595   0.0000E+00  0.0000   0.0000E+00  0.0000
   3.1623E+03   5.6234E+03   0.0000E+00  0.0000   7.1869E-04  0.3242   0.0000E+00  0.0000   0.0000E+00  0.0000
   5.6234E+03   1.0000E+04   0.0000E+00  0.0000   1.1267E-03  0.2516   0.0000E+00  0.0000   0.0000E+00  0.0000
   1.0000E+04   1.7783E+04   0.0000E+00  0.0000   7.6006E-04  0.3526   0.0000E+00  0.0000   0.0000E+00  0.0000
   1.7783E+04   3.1623E+04   0.0000E+00  0.0000   6.1644E-05  1.0000   0.0000E+00  0.0000   0.0000E+00  0.0000
   3.1623E+04   5.6234E+04   0.0000E+00  0.0000   1.4342E-04  0.7097   0.0000E+00  0.0000   0.0000E+00  0.0000
   5.6234E+04   1.0000E+05   0.0000E+00  0.0000   5.8616E-05  1.0000   0.0000E+00  0.0000   0.0000E+00  0.0000

#   sum over                 5.6451E-04  0.6757   5.2148E-03  0.1155   0.0000E+00  0.0000   0.0000E+00  0.0000

'no. = 22, (ix,iy,iz) = (  1,  1, 22)'
msuc: {\huge Flux spectra vs depth in concrete}
msdr: {\it plotted by \ANGEL \version}
msdl: {\it calculated by \PHITS  3.36}
wt: s(0.7)
\vspace{-3}
   vol  &=&   2.8800E+07 [cm^3]
  xmin  &=&  -6.0000E+02 [cm]
  xmax  &=&   6.0000E+02 [cm]
  ymin  &=&  -6.0000E+02 [cm]
  ymax  &=&   6.0000E+02 [cm]
  zmin  &=&  -2.8000E+02 [cm]
  zmax  &=&  -2.6000E+02 [cm]
e:

#------------------------------------------------------------------------------
 newpage:
#   no. = 23   ix  =  1   iy  =  1   iz  = 23
#   x = (  -6.0000E+02  -   6.0000E+02  )
#   y = (  -6.0000E+02  -   6.0000E+02  )
#   z = (  -2.6000E+02  -  -2.4000E+02  )

x: Energy [MeV/n]
y: Flux [1/cm^2/source]              
p: xlog ylog afac(0.8) form(0.9)
h: n            x            y(neutron ),hh0l n y(muon-   ),hh0dr n y(muon+   ),hh0ub n y(proton  ),hh0mg n 
#  e-lower      e-upper        neutron   r.err      muon-     r.err      muon+     r.err      proton    r.err 
   1.0000E-10   1.7783E-10   0.0000E+00  0.0000   0.0000E+00  0.0000   0.0000E+00  0.0000   0.0000E+00  0.0000
   1.7783E-10   3.1623E-10   0.0000E+00  0.0000   0.0000E+00  0.0000   0.0000E+00  0.0000   0.0000E+00  0.0000
   3.1623E-10   5.6234E-10   0.0000E+00  0.0000   0.0000E+00  0.0000   0.0000E+00  0.0000   0.0000E+00  0.0000
   5.6234E-10   1.0000E-09   0.0000E+00  0.0000   0.0000E+00  0.0000   0.0000E+00  0.0000   0.0000E+00  0.0000
   1.0000E-09   1.7783E-09   0.0000E+00  0.0000   0.0000E+00  0.0000   0.0000E+00  0.0000   0.0000E+00  0.0000
   1.7783E-09   3.1623E-09   0.0000E+00  0.0000   0.0000E+00  0.0000   0.0000E+00  0.0000   0.0000E+00  0.0000
   3.1623E-09   5.6234E-09   1.6800E-06  0.9303   0.0000E+00  0.0000   0.0000E+00  0.0000   0.0000E+00  0.0000
   5.6234E-09   1.0000E-08   8.6340E-06  0.7781   0.0000E+00  0.0000   0.0000E+00  0.0000   0.0000E+00  0.0000
   1.0000E-08   1.7783E-08   1.3467E-05  0.7277   0.0000E+00  0.0000   0.0000E+00  0.0000   0.0000E+00  0.0000
   1.7783E-08   3.1623E-08   5.5703E-05  0.6503   0.0000E+00  0.0000   0.0000E+00  0.0000   0.0000E+00  0.0000
   3.1623E-08   5.6234E-08   6.5618E-05  0.5799   0.0000E+00  0.0000   0.0000E+00  0.0000   0.0000E+00  0.0000
   5.6234E-08   1.0000E-07   3.9454E-05  0.6747   0.0000E+00  0.0000   0.0000E+00  0.0000   0.0000E+00  0.0000
   1.0000E-07   1.7783E-07   2.9519E-05  0.8153   0.0000E+00  0.0000   0.0000E+00  0.0000   0.0000E+00  0.0000
   1.7783E-07   3.1623E-07   2.7461E-05  0.6797   0.0000E+00  0.0000   0.0000E+00  0.0000   0.0000E+00  0.0000
   3.1623E-07   5.6234E-07   9.5909E-07  1.0000   0.0000E+00  0.0000   0.0000E+00  0.0000   0.0000E+00  0.0000
   5.6234E-07   1.0000E-06   2.0830E-05  0.7168   0.0000E+00  0.0000   0.0000E+00  0.0000   0.0000E+00  0.0000
   1.0000E-06   1.7783E-06   2.0702E-05  0.7258   0.0000E+00  0.0000   0.0000E+00  0.0000   0.0000E+00  0.0000
   1.7783E-06   3.1623E-06   9.5220E-06  0.7749   0.0000E+00  0.0000   0.0000E+00  0.0000   0.0000E+00  0.0000
   3.1623E-06   5.6234E-06   5.4631E-06  0.7199   0.0000E+00  0.0000   0.0000E+00  0.0000   0.0000E+00  0.0000
   5.6234E-06   1.0000E-05   1.2538E-05  1.0000   0.0000E+00  0.0000   0.0000E+00  0.0000   0.0000E+00  0.0000
   1.0000E-05   1.7783E-05   0.0000E+00  0.0000   0.0000E+00  0.0000   0.0000E+00  0.0000   0.0000E+00  0.0000
   1.7783E-05   3.1623E-05   2.2349E-06  1.0000   0.0000E+00  0.0000   0.0000E+00  0.0000   0.0000E+00  0.0000
   3.1623E-05   5.6234E-05   3.5015E-05  0.7985   0.0000E+00  0.0000   0.0000E+00  0.0000   0.0000E+00  0.0000
   5.6234E-05   1.0000E-04   0.0000E+00  0.0000   0.0000E+00  0.0000   0.0000E+00  0.0000   0.0000E+00  0.0000
   1.0000E-04   1.7783E-04   0.0000E+00  0.0000   2.7721E-16  1.0000   0.0000E+00  0.0000   0.0000E+00  0.0000
   1.7783E-04   3.1623E-04   3.3617E-05  0.8750   0.0000E+00  0.0000   0.0000E+00  0.0000   0.0000E+00  0.0000
   3.1623E-04   5.6234E-04   1.0646E-05  1.0000   0.0000E+00  0.0000   0.0000E+00  0.0000   0.0000E+00  0.0000
   5.6234E-04   1.0000E-03   4.6066E-06  1.0000   0.0000E+00  0.0000   0.0000E+00  0.0000   2.7720E-16  1.0000
   1.0000E-03   1.7783E-03   5.3258E-08  1.0000   3.3216E-11  0.4991   0.0000E+00  0.0000   5.9980E-12  1.0000
   1.7783E-03   3.1623E-03   2.0953E-05  0.7565   1.6228E-11  0.4991   0.0000E+00  0.0000   9.6861E-12  1.0000
   3.1623E-03   5.6234E-03   7.5075E-06  1.0000   2.3976E-11  0.4991   0.0000E+00  0.0000   1.4622E-11  1.0000
   5.6234E-03   1.0000E-02   0.0000E+00  0.0000   3.8453E-11  0.4991   0.0000E+00  0.0000   2.0177E-11  1.0000
   1.0000E-02   1.7783E-02   1.4392E-07  1.0000   6.8950E-11  0.4991   0.0000E+00  0.0000   2.7062E-11  1.0000
   1.7783E-02   3.1623E-02   1.3265E-05  1.0000   1.4235E-10  0.4991   0.0000E+00  0.0000   3.8771E-11  1.0000
   3.1623E-02   5.6234E-02   1.3773E-05  1.0000   3.3255E-10  0.4991   0.0000E+00  0.0000   5.8180E-11  1.0000
   5.6234E-02   1.0000E-01   1.1424E-05  1.0000   8.3326E-10  0.4991   0.0000E+00  0.0000   9.5174E-11  1.0000
   1.0000E-01   1.7783E-01   7.0621E-06  1.0000   2.1389E-09  0.4991   0.0000E+00  0.0000   1.7562E-10  1.0000
   1.7783E-01   3.1623E-01   3.6085E-05  0.8843   5.5948E-09  0.4991   0.0000E+00  0.0000   3.7312E-10  1.0000
   3.1623E-01   5.6234E-01   2.2854E-05  0.9068   1.4997E-08  0.4991   0.0000E+00  0.0000   8.8901E-10  1.0000
   5.6234E-01   1.0000E+00   1.2603E-05  0.7322   4.1132E-08  0.4991   0.0000E+00  0.0000   2.2441E-09  1.0000
   1.0000E+00   1.7783E+00   2.0916E-05  0.9553   1.1517E-07  0.4991   0.0000E+00  0.0000   5.7803E-09  1.0000
   1.7783E+00   3.1623E+00   3.9917E-05  0.7468   3.2761E-07  0.4991   0.0000E+00  0.0000   9.9770E-09  1.0000
   3.1623E+00   5.6234E+00   0.0000E+00  0.0000   9.2585E-07  0.4991   0.0000E+00  0.0000   0.0000E+00  0.0000
   5.6234E+00   1.0000E+01   3.0249E-05  1.0000   2.5791E-06  0.4991   0.0000E+00  0.0000   0.0000E+00  0.0000
   1.0000E+01   1.7783E+01   3.3980E-07  1.0000   7.0223E-06  0.4991   0.0000E+00  0.0000   0.0000E+00  0.0000
   1.7783E+01   3.1623E+01   0.0000E+00  0.0000   1.8333E-05  0.4991   0.0000E+00  0.0000   0.0000E+00  0.0000
   3.1623E+01   5.6234E+01   0.0000E+00  0.0000   3.7923E-05  0.5115   0.0000E+00  0.0000   0.0000E+00  0.0000
   5.6234E+01   1.0000E+02   0.0000E+00  0.0000   5.4595E-05  0.6081   0.0000E+00  0.0000   0.0000E+00  0.0000
   1.0000E+02   1.7783E+02   0.0000E+00  0.0000   1.5788E-04  0.5295   0.0000E+00  0.0000   0.0000E+00  0.0000
   1.7783E+02   3.1623E+02   0.0000E+00  0.0000   7.8913E-05  0.6478   0.0000E+00  0.0000   0.0000E+00  0.0000
   3.1623E+02   5.6234E+02   0.0000E+00  0.0000   1.4228E-04  0.6163   0.0000E+00  0.0000   0.0000E+00  0.0000
   5.6234E+02   1.0000E+03   0.0000E+00  0.0000   5.2150E-04  0.3407   0.0000E+00  0.0000   0.0000E+00  0.0000
   1.0000E+03   1.7783E+03   0.0000E+00  0.0000   8.4680E-04  0.3138   0.0000E+00  0.0000   0.0000E+00  0.0000
   1.7783E+03   3.1623E+03   0.0000E+00  0.0000   6.2797E-04  0.3252   0.0000E+00  0.0000   0.0000E+00  0.0000
   3.1623E+03   5.6234E+03   0.0000E+00  0.0000   7.1869E-04  0.3242   0.0000E+00  0.0000   0.0000E+00  0.0000
   5.6234E+03   1.0000E+04   0.0000E+00  0.0000   1.0439E-03  0.2595   0.0000E+00  0.0000   0.0000E+00  0.0000
   1.0000E+04   1.7783E+04   0.0000E+00  0.0000   9.0616E-04  0.3196   0.0000E+00  0.0000   0.0000E+00  0.0000
   1.7783E+04   3.1623E+04   0.0000E+00  0.0000   6.1644E-05  1.0000   0.0000E+00  0.0000   0.0000E+00  0.0000
   3.1623E+04   5.6234E+04   0.0000E+00  0.0000   1.4342E-04  0.7097   0.0000E+00  0.0000   0.0000E+00  0.0000
   5.6234E+04   1.0000E+05   0.0000E+00  0.0000   5.8616E-05  1.0000   0.0000E+00  0.0000   0.0000E+00  0.0000

#   sum over                 6.3481E-04  0.5559   5.4296E-03  0.1129   0.0000E+00  0.0000   1.9709E-08  1.0000

'no. = 23, (ix,iy,iz) = (  1,  1, 23)'
msuc: {\huge Flux spectra vs depth in concrete}
msdr: {\it plotted by \ANGEL \version}
msdl: {\it calculated by \PHITS  3.36}
wt: s(0.7)
\vspace{-3}
   vol  &=&   2.8800E+07 [cm^3]
  xmin  &=&  -6.0000E+02 [cm]
  xmax  &=&   6.0000E+02 [cm]
  ymin  &=&  -6.0000E+02 [cm]
  ymax  &=&   6.0000E+02 [cm]
  zmin  &=&  -2.6000E+02 [cm]
  zmax  &=&  -2.4000E+02 [cm]
e:

#------------------------------------------------------------------------------
 newpage:
#   no. = 24   ix  =  1   iy  =  1   iz  = 24
#   x = (  -6.0000E+02  -   6.0000E+02  )
#   y = (  -6.0000E+02  -   6.0000E+02  )
#   z = (  -2.4000E+02  -  -2.2000E+02  )

x: Energy [MeV/n]
y: Flux [1/cm^2/source]              
p: xlog ylog afac(0.8) form(0.9)
h: n            x            y(neutron ),hh0l n y(muon-   ),hh0dr n y(muon+   ),hh0ub n y(proton  ),hh0mg n 
#  e-lower      e-upper        neutron   r.err      muon-     r.err      muon+     r.err      proton    r.err 
   1.0000E-10   1.7783E-10   0.0000E+00  0.0000   0.0000E+00  0.0000   0.0000E+00  0.0000   0.0000E+00  0.0000
   1.7783E-10   3.1623E-10   0.0000E+00  0.0000   0.0000E+00  0.0000   0.0000E+00  0.0000   0.0000E+00  0.0000
   3.1623E-10   5.6234E-10   0.0000E+00  0.0000   0.0000E+00  0.0000   0.0000E+00  0.0000   0.0000E+00  0.0000
   5.6234E-10   1.0000E-09   0.0000E+00  0.0000   0.0000E+00  0.0000   0.0000E+00  0.0000   0.0000E+00  0.0000
   1.0000E-09   1.7783E-09   0.0000E+00  0.0000   0.0000E+00  0.0000   0.0000E+00  0.0000   0.0000E+00  0.0000
   1.7783E-09   3.1623E-09   4.4487E-07  1.0000   0.0000E+00  0.0000   0.0000E+00  0.0000   0.0000E+00  0.0000
   3.1623E-09   5.6234E-09   1.2310E-06  1.0000   0.0000E+00  0.0000   0.0000E+00  0.0000   0.0000E+00  0.0000
   5.6234E-09   1.0000E-08   5.2304E-06  0.9036   0.0000E+00  0.0000   0.0000E+00  0.0000   0.0000E+00  0.0000
   1.0000E-08   1.7783E-08   3.6377E-05  0.6468   0.0000E+00  0.0000   0.0000E+00  0.0000   0.0000E+00  0.0000
   1.7783E-08   3.1623E-08   4.2863E-05  0.5658   0.0000E+00  0.0000   0.0000E+00  0.0000   0.0000E+00  0.0000
   3.1623E-08   5.6234E-08   6.6641E-05  0.5503   0.0000E+00  0.0000   0.0000E+00  0.0000   0.0000E+00  0.0000
   5.6234E-08   1.0000E-07   7.5765E-05  0.5074   0.0000E+00  0.0000   0.0000E+00  0.0000   0.0000E+00  0.0000
   1.0000E-07   1.7783E-07   6.4741E-05  0.7233   0.0000E+00  0.0000   0.0000E+00  0.0000   0.0000E+00  0.0000
   1.7783E-07   3.1623E-07   4.6054E-07  1.0000   0.0000E+00  0.0000   0.0000E+00  0.0000   0.0000E+00  0.0000
   3.1623E-07   5.6234E-07   0.0000E+00  0.0000   0.0000E+00  0.0000   0.0000E+00  0.0000   0.0000E+00  0.0000
   5.6234E-07   1.0000E-06   0.0000E+00  0.0000   0.0000E+00  0.0000   0.0000E+00  0.0000   0.0000E+00  0.0000
   1.0000E-06   1.7783E-06   0.0000E+00  0.0000   0.0000E+00  0.0000   0.0000E+00  0.0000   0.0000E+00  0.0000
   1.7783E-06   3.1623E-06   0.0000E+00  0.0000   0.0000E+00  0.0000   0.0000E+00  0.0000   0.0000E+00  0.0000
   3.1623E-06   5.6234E-06   0.0000E+00  0.0000   0.0000E+00  0.0000   0.0000E+00  0.0000   0.0000E+00  0.0000
   5.6234E-06   1.0000E-05   0.0000E+00  0.0000   0.0000E+00  0.0000   0.0000E+00  0.0000   0.0000E+00  0.0000
   1.0000E-05   1.7783E-05   0.0000E+00  0.0000   0.0000E+00  0.0000   0.0000E+00  0.0000   0.0000E+00  0.0000
   1.7783E-05   3.1623E-05   0.0000E+00  0.0000   0.0000E+00  0.0000   0.0000E+00  0.0000   0.0000E+00  0.0000
   3.1623E-05   5.6234E-05   4.7983E-06  1.0000   0.0000E+00  0.0000   0.0000E+00  0.0000   0.0000E+00  0.0000
   5.6234E-05   1.0000E-04   0.0000E+00  0.0000   0.0000E+00  0.0000   0.0000E+00  0.0000   0.0000E+00  0.0000
   1.0000E-04   1.7783E-04   9.2804E-07  1.0000   5.0472E-21  1.0000   0.0000E+00  0.0000   0.0000E+00  0.0000
   1.7783E-04   3.1623E-04   0.0000E+00  0.0000   5.2040E-21  1.0000   0.0000E+00  0.0000   0.0000E+00  0.0000
   3.1623E-04   5.6234E-04   0.0000E+00  0.0000   0.0000E+00  0.0000   0.0000E+00  0.0000   0.0000E+00  0.0000
   5.6234E-04   1.0000E-03   0.0000E+00  0.0000   0.0000E+00  0.0000   0.0000E+00  0.0000   0.0000E+00  0.0000
   1.0000E-03   1.7783E-03   0.0000E+00  0.0000   2.4671E-11  0.5766   0.0000E+00  0.0000   0.0000E+00  0.0000
   1.7783E-03   3.1623E-03   0.0000E+00  0.0000   1.2171E-11  0.5766   0.0000E+00  0.0000   0.0000E+00  0.0000
   3.1623E-03   5.6234E-03   0.0000E+00  0.0000   1.7982E-11  0.5766   0.0000E+00  0.0000   0.0000E+00  0.0000
   5.6234E-03   1.0000E-02   1.1509E-06  1.0000   2.8840E-11  0.5766   0.0000E+00  0.0000   0.0000E+00  0.0000
   1.0000E-02   1.7783E-02   3.6056E-05  1.0000   5.1713E-11  0.5766   0.0000E+00  0.0000   0.0000E+00  0.0000
   1.7783E-02   3.1623E-02   7.9578E-06  1.0000   1.0676E-10  0.5766   0.0000E+00  0.0000   0.0000E+00  0.0000
   3.1623E-02   5.6234E-02   0.0000E+00  0.0000   2.4942E-10  0.5766   0.0000E+00  0.0000   0.0000E+00  0.0000
   5.6234E-02   1.0000E-01   7.1546E-06  1.0000   6.2494E-10  0.5766   0.0000E+00  0.0000   0.0000E+00  0.0000
   1.0000E-01   1.7783E-01   5.8508E-06  1.0000   1.6041E-09  0.5766   0.0000E+00  0.0000   0.0000E+00  0.0000
   1.7783E-01   3.1623E-01   0.0000E+00  0.0000   4.1961E-09  0.5766   0.0000E+00  0.0000   0.0000E+00  0.0000
   3.1623E-01   5.6234E-01   0.0000E+00  0.0000   1.1247E-08  0.5766   0.0000E+00  0.0000   0.0000E+00  0.0000
   5.6234E-01   1.0000E+00   7.6187E-06  1.0000   3.0849E-08  0.5766   0.0000E+00  0.0000   0.0000E+00  0.0000
   1.0000E+00   1.7783E+00   7.5087E-06  1.0000   8.6381E-08  0.5766   0.0000E+00  0.0000   0.0000E+00  0.0000
   1.7783E+00   3.1623E+00   8.1558E-05  1.0000   2.4571E-07  0.5766   0.0000E+00  0.0000   0.0000E+00  0.0000
   3.1623E+00   5.6234E+00   3.4407E-05  1.0000   6.9439E-07  0.5766   0.0000E+00  0.0000   0.0000E+00  0.0000
   5.6234E+00   1.0000E+01   3.2161E-05  1.0000   1.9344E-06  0.5766   0.0000E+00  0.0000   0.0000E+00  0.0000
   1.0000E+01   1.7783E+01   7.0462E-05  1.0000   5.2667E-06  0.5766   0.0000E+00  0.0000   0.0000E+00  0.0000
   1.7783E+01   3.1623E+01   0.0000E+00  0.0000   1.3750E-05  0.5766   0.0000E+00  0.0000   0.0000E+00  0.0000
   3.1623E+01   5.6234E+01   0.0000E+00  0.0000   4.0510E-05  0.4968   0.0000E+00  0.0000   0.0000E+00  0.0000
   5.6234E+01   1.0000E+02   0.0000E+00  0.0000   8.8666E-05  0.4667   0.0000E+00  0.0000   0.0000E+00  0.0000
   1.0000E+02   1.7783E+02   0.0000E+00  0.0000   1.6158E-04  0.5052   0.0000E+00  0.0000   0.0000E+00  0.0000
   1.7783E+02   3.1623E+02   0.0000E+00  0.0000   2.2747E-04  0.4956   0.0000E+00  0.0000   0.0000E+00  0.0000
   3.1623E+02   5.6234E+02   0.0000E+00  0.0000   1.7868E-04  0.5827   0.0000E+00  0.0000   0.0000E+00  0.0000
   5.6234E+02   1.0000E+03   0.0000E+00  0.0000   4.4518E-04  0.3586   0.0000E+00  0.0000   0.0000E+00  0.0000
   1.0000E+03   1.7783E+03   0.0000E+00  0.0000   8.0474E-04  0.3193   0.0000E+00  0.0000   0.0000E+00  0.0000
   1.7783E+03   3.1623E+03   0.0000E+00  0.0000   5.9500E-04  0.3138   0.0000E+00  0.0000   0.0000E+00  0.0000
   3.1623E+03   5.6234E+03   0.0000E+00  0.0000   8.0855E-04  0.2982   0.0000E+00  0.0000   0.0000E+00  0.0000
   5.6234E+03   1.0000E+04   0.0000E+00  0.0000   9.9799E-04  0.2696   0.0000E+00  0.0000   0.0000E+00  0.0000
   1.0000E+04   1.7783E+04   0.0000E+00  0.0000   8.1960E-04  0.3320   0.0000E+00  0.0000   0.0000E+00  0.0000
   1.7783E+04   3.1623E+04   0.0000E+00  0.0000   6.8504E-05  0.9053   0.0000E+00  0.0000   0.0000E+00  0.0000
   3.1623E+04   5.6234E+04   0.0000E+00  0.0000   1.4342E-04  0.7097   0.0000E+00  0.0000   0.0000E+00  0.0000
   5.6234E+04   1.0000E+05   0.0000E+00  0.0000   5.8616E-05  1.0000   0.0000E+00  0.0000   0.0000E+00  0.0000

#   sum over                 5.9136E-04  0.5112   5.4605E-03  0.1121   0.0000E+00  0.0000   0.0000E+00  0.0000

'no. = 24, (ix,iy,iz) = (  1,  1, 24)'
msuc: {\huge Flux spectra vs depth in concrete}
msdr: {\it plotted by \ANGEL \version}
msdl: {\it calculated by \PHITS  3.36}
wt: s(0.7)
\vspace{-3}
   vol  &=&   2.8800E+07 [cm^3]
  xmin  &=&  -6.0000E+02 [cm]
  xmax  &=&   6.0000E+02 [cm]
  ymin  &=&  -6.0000E+02 [cm]
  ymax  &=&   6.0000E+02 [cm]
  zmin  &=&  -2.4000E+02 [cm]
  zmax  &=&  -2.2000E+02 [cm]
e:

#------------------------------------------------------------------------------
 newpage:
#   no. = 25   ix  =  1   iy  =  1   iz  = 25
#   x = (  -6.0000E+02  -   6.0000E+02  )
#   y = (  -6.0000E+02  -   6.0000E+02  )
#   z = (  -2.2000E+02  -  -2.0000E+02  )

x: Energy [MeV/n]
y: Flux [1/cm^2/source]              
p: xlog ylog afac(0.8) form(0.9)
h: n            x            y(neutron ),hh0l n y(muon-   ),hh0dr n y(muon+   ),hh0ub n y(proton  ),hh0mg n 
#  e-lower      e-upper        neutron   r.err      muon-     r.err      muon+     r.err      proton    r.err 
   1.0000E-10   1.7783E-10   8.9977E-08  1.0000   0.0000E+00  0.0000   0.0000E+00  0.0000   0.0000E+00  0.0000
   1.7783E-10   3.1623E-10   0.0000E+00  0.0000   0.0000E+00  0.0000   0.0000E+00  0.0000   0.0000E+00  0.0000
   3.1623E-10   5.6234E-10   0.0000E+00  0.0000   0.0000E+00  0.0000   0.0000E+00  0.0000   0.0000E+00  0.0000
   5.6234E-10   1.0000E-09   8.8699E-07  1.0000   0.0000E+00  0.0000   0.0000E+00  0.0000   0.0000E+00  0.0000
   1.0000E-09   1.7783E-09   0.0000E+00  0.0000   0.0000E+00  0.0000   0.0000E+00  0.0000   0.0000E+00  0.0000
   1.7783E-09   3.1623E-09   2.1924E-06  0.7119   0.0000E+00  0.0000   0.0000E+00  0.0000   0.0000E+00  0.0000
   3.1623E-09   5.6234E-09   9.2083E-06  0.7625   0.0000E+00  0.0000   0.0000E+00  0.0000   0.0000E+00  0.0000
   5.6234E-09   1.0000E-08   9.7082E-06  0.6229   0.0000E+00  0.0000   0.0000E+00  0.0000   0.0000E+00  0.0000
   1.0000E-08   1.7783E-08   2.0196E-05  0.6571   0.0000E+00  0.0000   0.0000E+00  0.0000   0.0000E+00  0.0000
   1.7783E-08   3.1623E-08   7.9653E-05  0.5834   0.0000E+00  0.0000   0.0000E+00  0.0000   0.0000E+00  0.0000
   3.1623E-08   5.6234E-08   1.2776E-04  0.6077   0.0000E+00  0.0000   0.0000E+00  0.0000   0.0000E+00  0.0000
   5.6234E-08   1.0000E-07   9.7721E-05  0.6186   0.0000E+00  0.0000   0.0000E+00  0.0000   0.0000E+00  0.0000
   1.0000E-07   1.7783E-07   4.1836E-05  0.5949   0.0000E+00  0.0000   0.0000E+00  0.0000   0.0000E+00  0.0000
   1.7783E-07   3.1623E-07   5.1829E-07  1.0000   0.0000E+00  0.0000   0.0000E+00  0.0000   0.0000E+00  0.0000
   3.1623E-07   5.6234E-07   0.0000E+00  0.0000   0.0000E+00  0.0000   0.0000E+00  0.0000   0.0000E+00  0.0000
   5.6234E-07   1.0000E-06   0.0000E+00  0.0000   0.0000E+00  0.0000   0.0000E+00  0.0000   0.0000E+00  0.0000
   1.0000E-06   1.7783E-06   0.0000E+00  0.0000   0.0000E+00  0.0000   0.0000E+00  0.0000   0.0000E+00  0.0000
   1.7783E-06   3.1623E-06   0.0000E+00  0.0000   0.0000E+00  0.0000   0.0000E+00  0.0000   0.0000E+00  0.0000
   3.1623E-06   5.6234E-06   0.0000E+00  0.0000   0.0000E+00  0.0000   0.0000E+00  0.0000   0.0000E+00  0.0000
   5.6234E-06   1.0000E-05   0.0000E+00  0.0000   0.0000E+00  0.0000   0.0000E+00  0.0000   0.0000E+00  0.0000
   1.0000E-05   1.7783E-05   0.0000E+00  0.0000   0.0000E+00  0.0000   0.0000E+00  0.0000   0.0000E+00  0.0000
   1.7783E-05   3.1623E-05   0.0000E+00  0.0000   0.0000E+00  0.0000   0.0000E+00  0.0000   0.0000E+00  0.0000
   3.1623E-05   5.6234E-05   0.0000E+00  0.0000   0.0000E+00  0.0000   0.0000E+00  0.0000   0.0000E+00  0.0000
   5.6234E-05   1.0000E-04   0.0000E+00  0.0000   0.0000E+00  0.0000   0.0000E+00  0.0000   0.0000E+00  0.0000
   1.0000E-04   1.7783E-04   0.0000E+00  0.0000   2.7720E-16  1.0000   0.0000E+00  0.0000   0.0000E+00  0.0000
   1.7783E-04   3.1623E-04   0.0000E+00  0.0000   0.0000E+00  0.0000   0.0000E+00  0.0000   0.0000E+00  0.0000
   3.1623E-04   5.6234E-04   0.0000E+00  0.0000   0.0000E+00  0.0000   0.0000E+00  0.0000   0.0000E+00  0.0000
   5.6234E-04   1.0000E-03   0.0000E+00  0.0000   0.0000E+00  0.0000   0.0000E+00  0.0000   2.7721E-16  1.0000
   1.0000E-03   1.7783E-03   0.0000E+00  0.0000   2.4912E-11  0.5766   0.0000E+00  0.0000   5.9980E-12  1.0000
   1.7783E-03   3.1623E-03   0.0000E+00  0.0000   1.2171E-11  0.5766   0.0000E+00  0.0000   9.6861E-12  1.0000
   3.1623E-03   5.6234E-03   0.0000E+00  0.0000   1.7982E-11  0.5766   0.0000E+00  0.0000   1.4622E-11  1.0000
   5.6234E-03   1.0000E-02   0.0000E+00  0.0000   2.8840E-11  0.5766   0.0000E+00  0.0000   2.0177E-11  1.0000
   1.0000E-02   1.7783E-02   0.0000E+00  0.0000   5.1713E-11  0.5766   0.0000E+00  0.0000   2.7062E-11  1.0000
   1.7783E-02   3.1623E-02   0.0000E+00  0.0000   1.0676E-10  0.5766   0.0000E+00  0.0000   3.8771E-11  1.0000
   3.1623E-02   5.6234E-02   0.0000E+00  0.0000   2.4942E-10  0.5766   0.0000E+00  0.0000   5.8180E-11  1.0000
   5.6234E-02   1.0000E-01   0.0000E+00  0.0000   6.2494E-10  0.5766   0.0000E+00  0.0000   9.5174E-11  1.0000
   1.0000E-01   1.7783E-01   0.0000E+00  0.0000   1.6041E-09  0.5766   0.0000E+00  0.0000   1.7562E-10  1.0000
   1.7783E-01   3.1623E-01   0.0000E+00  0.0000   4.1961E-09  0.5766   0.0000E+00  0.0000   3.7312E-10  1.0000
   3.1623E-01   5.6234E-01   0.0000E+00  0.0000   1.1247E-08  0.5766   0.0000E+00  0.0000   8.8901E-10  1.0000
   5.6234E-01   1.0000E+00   0.0000E+00  0.0000   3.0849E-08  0.5766   0.0000E+00  0.0000   2.2441E-09  1.0000
   1.0000E+00   1.7783E+00   0.0000E+00  0.0000   8.6381E-08  0.5766   0.0000E+00  0.0000   5.7803E-09  1.0000
   1.7783E+00   3.1623E+00   2.7791E-05  1.0000   2.4571E-07  0.5766   0.0000E+00  0.0000   1.5193E-08  1.0000
   3.1623E+00   5.6234E+00   4.7400E-05  1.0000   6.9439E-07  0.5766   0.0000E+00  0.0000   4.0933E-08  1.0000
   5.6234E+00   1.0000E+01   0.0000E+00  0.0000   1.9344E-06  0.5766   0.0000E+00  0.0000   1.0143E-08  1.0000
   1.0000E+01   1.7783E+01   8.3883E-05  1.0000   5.2667E-06  0.5766   0.0000E+00  0.0000   0.0000E+00  0.0000
   1.7783E+01   3.1623E+01   1.7699E-05  1.0000   1.3750E-05  0.5766   0.0000E+00  0.0000   0.0000E+00  0.0000
   3.1623E+01   5.6234E+01   0.0000E+00  0.0000   2.6185E-05  0.5971   0.0000E+00  0.0000   0.0000E+00  0.0000
   5.6234E+01   1.0000E+02   0.0000E+00  0.0000   6.4874E-05  0.5271   0.0000E+00  0.0000   0.0000E+00  0.0000
   1.0000E+02   1.7783E+02   0.0000E+00  0.0000   1.5382E-04  0.4983   0.0000E+00  0.0000   0.0000E+00  0.0000
   1.7783E+02   3.1623E+02   0.0000E+00  0.0000   2.9880E-04  0.4033   0.0000E+00  0.0000   0.0000E+00  0.0000
   3.1623E+02   5.6234E+02   0.0000E+00  0.0000   2.3127E-04  0.4431   0.0000E+00  0.0000   0.0000E+00  0.0000
   5.6234E+02   1.0000E+03   0.0000E+00  0.0000   2.9606E-04  0.4449   0.0000E+00  0.0000   0.0000E+00  0.0000
   1.0000E+03   1.7783E+03   0.0000E+00  0.0000   8.4486E-04  0.2671   0.0000E+00  0.0000   0.0000E+00  0.0000
   1.7783E+03   3.1623E+03   0.0000E+00  0.0000   7.0425E-04  0.3110   0.0000E+00  0.0000   0.0000E+00  0.0000
   3.1623E+03   5.6234E+03   0.0000E+00  0.0000   8.4894E-04  0.2960   0.0000E+00  0.0000   0.0000E+00  0.0000
   5.6234E+03   1.0000E+04   0.0000E+00  0.0000   9.8809E-04  0.2694   0.0000E+00  0.0000   0.0000E+00  0.0000
   1.0000E+04   1.7783E+04   0.0000E+00  0.0000   6.0769E-04  0.3318   0.0000E+00  0.0000   0.0000E+00  0.0000
   1.7783E+04   3.1623E+04   0.0000E+00  0.0000   2.1751E-04  0.7703   0.0000E+00  0.0000   0.0000E+00  0.0000
   3.1623E+04   5.6234E+04   0.0000E+00  0.0000   1.4342E-04  0.7097   0.0000E+00  0.0000   0.0000E+00  0.0000
   5.6234E+04   1.0000E+05   0.0000E+00  0.0000   5.8616E-05  1.0000   0.0000E+00  0.0000   0.0000E+00  0.0000

#   sum over                 5.6654E-04  0.4616   5.5064E-03  0.1100   0.0000E+00  0.0000   7.6001E-08  1.0000

'no. = 25, (ix,iy,iz) = (  1,  1, 25)'
msuc: {\huge Flux spectra vs depth in concrete}
msdr: {\it plotted by \ANGEL \version}
msdl: {\it calculated by \PHITS  3.36}
wt: s(0.7)
\vspace{-3}
   vol  &=&   2.8800E+07 [cm^3]
  xmin  &=&  -6.0000E+02 [cm]
  xmax  &=&   6.0000E+02 [cm]
  ymin  &=&  -6.0000E+02 [cm]
  ymax  &=&   6.0000E+02 [cm]
  zmin  &=&  -2.2000E+02 [cm]
  zmax  &=&  -2.0000E+02 [cm]
e:

#------------------------------------------------------------------------------
 newpage:
#   no. = 26   ix  =  1   iy  =  1   iz  = 26
#   x = (  -6.0000E+02  -   6.0000E+02  )
#   y = (  -6.0000E+02  -   6.0000E+02  )
#   z = (  -2.0000E+02  -  -1.8000E+02  )

x: Energy [MeV/n]
y: Flux [1/cm^2/source]              
p: xlog ylog afac(0.8) form(0.9)
h: n            x            y(neutron ),hh0l n y(muon-   ),hh0dr n y(muon+   ),hh0ub n y(proton  ),hh0mg n 
#  e-lower      e-upper        neutron   r.err      muon-     r.err      muon+     r.err      proton    r.err 
   1.0000E-10   1.7783E-10   0.0000E+00  0.0000   0.0000E+00  0.0000   0.0000E+00  0.0000   0.0000E+00  0.0000
   1.7783E-10   3.1623E-10   0.0000E+00  0.0000   0.0000E+00  0.0000   0.0000E+00  0.0000   0.0000E+00  0.0000
   3.1623E-10   5.6234E-10   0.0000E+00  0.0000   0.0000E+00  0.0000   0.0000E+00  0.0000   0.0000E+00  0.0000
   5.6234E-10   1.0000E-09   1.0440E-06  1.0000   0.0000E+00  0.0000   0.0000E+00  0.0000   0.0000E+00  0.0000
   1.0000E-09   1.7783E-09   0.0000E+00  0.0000   0.0000E+00  0.0000   0.0000E+00  0.0000   0.0000E+00  0.0000
   1.7783E-09   3.1623E-09   2.2743E-06  0.7308   0.0000E+00  0.0000   0.0000E+00  0.0000   0.0000E+00  0.0000
   3.1623E-09   5.6234E-09   9.3791E-06  0.7316   0.0000E+00  0.0000   0.0000E+00  0.0000   0.0000E+00  0.0000
   5.6234E-09   1.0000E-08   7.1661E-06  0.8756   0.0000E+00  0.0000   0.0000E+00  0.0000   0.0000E+00  0.0000
   1.0000E-08   1.7783E-08   4.4626E-05  0.8267   0.0000E+00  0.0000   0.0000E+00  0.0000   0.0000E+00  0.0000
   1.7783E-08   3.1623E-08   7.0662E-05  0.7351   0.0000E+00  0.0000   0.0000E+00  0.0000   0.0000E+00  0.0000
   3.1623E-08   5.6234E-08   1.8047E-04  0.7103   0.0000E+00  0.0000   0.0000E+00  0.0000   0.0000E+00  0.0000
   5.6234E-08   1.0000E-07   1.5593E-04  0.7219   0.0000E+00  0.0000   0.0000E+00  0.0000   0.0000E+00  0.0000
   1.0000E-07   1.7783E-07   7.4959E-05  0.6971   0.0000E+00  0.0000   0.0000E+00  0.0000   0.0000E+00  0.0000
   1.7783E-07   3.1623E-07   3.5879E-05  0.8294   0.0000E+00  0.0000   0.0000E+00  0.0000   0.0000E+00  0.0000
   3.1623E-07   5.6234E-07   0.0000E+00  0.0000   0.0000E+00  0.0000   0.0000E+00  0.0000   0.0000E+00  0.0000
   5.6234E-07   1.0000E-06   0.0000E+00  0.0000   0.0000E+00  0.0000   0.0000E+00  0.0000   0.0000E+00  0.0000
   1.0000E-06   1.7783E-06   3.1192E-05  1.0000   0.0000E+00  0.0000   0.0000E+00  0.0000   0.0000E+00  0.0000
   1.7783E-06   3.1623E-06   1.2055E-05  1.0000   0.0000E+00  0.0000   0.0000E+00  0.0000   0.0000E+00  0.0000
   3.1623E-06   5.6234E-06   1.3082E-06  0.8825   0.0000E+00  0.0000   0.0000E+00  0.0000   0.0000E+00  0.0000
   5.6234E-06   1.0000E-05   3.1686E-05  1.0000   0.0000E+00  0.0000   0.0000E+00  0.0000   0.0000E+00  0.0000
   1.0000E-05   1.7783E-05   0.0000E+00  0.0000   0.0000E+00  0.0000   0.0000E+00  0.0000   0.0000E+00  0.0000
   1.7783E-05   3.1623E-05   0.0000E+00  0.0000   0.0000E+00  0.0000   0.0000E+00  0.0000   0.0000E+00  0.0000
   3.1623E-05   5.6234E-05   0.0000E+00  0.0000   0.0000E+00  0.0000   0.0000E+00  0.0000   0.0000E+00  0.0000
   5.6234E-05   1.0000E-04   7.5309E-06  1.0000   0.0000E+00  0.0000   0.0000E+00  0.0000   0.0000E+00  0.0000
   1.0000E-04   1.7783E-04   2.2449E-05  0.8752   0.0000E+00  0.0000   0.0000E+00  0.0000   0.0000E+00  0.0000
   1.7783E-04   3.1623E-04   1.0615E-05  1.0000   5.2411E-21  1.0000   0.0000E+00  0.0000   0.0000E+00  0.0000
   3.1623E-04   5.6234E-04   1.1516E-06  1.0000   0.0000E+00  0.0000   0.0000E+00  0.0000   0.0000E+00  0.0000
   5.6234E-04   1.0000E-03   9.7849E-07  1.0000   0.0000E+00  0.0000   0.0000E+00  0.0000   5.5437E-16  0.7067
   1.0000E-03   1.7783E-03   0.0000E+00  0.0000   4.8221E-11  0.4073   0.0000E+00  0.0000   1.1996E-11  0.7067
   1.7783E-03   3.1623E-03   3.5129E-06  1.0000   2.4342E-11  0.4070   0.0000E+00  0.0000   1.9372E-11  0.7067
   3.1623E-03   5.6234E-03   0.0000E+00  0.0000   3.5964E-11  0.4070   0.0000E+00  0.0000   2.9243E-11  0.7067
   5.6234E-03   1.0000E-02   1.7416E-05  0.7965   5.7680E-11  0.4070   0.0000E+00  0.0000   4.0353E-11  0.7067
   1.0000E-02   1.7783E-02   8.2329E-06  1.0000   1.0343E-10  0.4070   0.0000E+00  0.0000   5.4125E-11  0.7067
   1.7783E-02   3.1623E-02   1.3361E-05  1.0000   2.1352E-10  0.4070   0.0000E+00  0.0000   7.7541E-11  0.7067
   3.1623E-02   5.6234E-02   0.0000E+00  0.0000   4.9883E-10  0.4070   0.0000E+00  0.0000   1.1636E-10  0.7067
   5.6234E-02   1.0000E-01   7.0448E-06  1.0000   1.2499E-09  0.4070   0.0000E+00  0.0000   1.9035E-10  0.7067
   1.0000E-01   1.7783E-01   2.0130E-05  1.0000   3.2083E-09  0.4070   0.0000E+00  0.0000   3.5124E-10  0.7067
   1.7783E-01   3.1623E-01   3.5865E-05  1.0000   8.3922E-09  0.4070   0.0000E+00  0.0000   7.4623E-10  0.7067
   3.1623E-01   5.6234E-01   3.9413E-05  1.0000   2.2495E-08  0.4070   0.0000E+00  0.0000   1.7780E-09  0.7067
   5.6234E-01   1.0000E+00   3.7036E-05  1.0000   6.1697E-08  0.4070   0.0000E+00  0.0000   4.4882E-09  0.7067
   1.0000E+00   1.7783E+00   3.0225E-05  1.0000   1.7276E-07  0.4070   0.0000E+00  0.0000   1.1561E-08  0.7067
   1.7783E+00   3.1623E+00   1.0322E-05  1.0000   4.9141E-07  0.4070   0.0000E+00  0.0000   2.4166E-08  0.7298
   3.1623E+00   5.6234E+00   0.0000E+00  0.0000   1.3888E-06  0.4070   0.0000E+00  0.0000   1.8423E-08  1.0000
   5.6234E+00   1.0000E+01   1.1585E-04  0.7121   3.8687E-06  0.4070   0.0000E+00  0.0000   0.0000E+00  0.0000
   1.0000E+01   1.7783E+01   0.0000E+00  0.0000   1.0386E-05  0.4072   0.0000E+00  0.0000   0.0000E+00  0.0000
   1.7783E+01   3.1623E+01   0.0000E+00  0.0000   2.2917E-05  0.4461   0.0000E+00  0.0000   0.0000E+00  0.0000
   3.1623E+01   5.6234E+01   0.0000E+00  0.0000   5.4972E-05  0.4233   0.0000E+00  0.0000   0.0000E+00  0.0000
   5.6234E+01   1.0000E+02   0.0000E+00  0.0000   1.4475E-04  0.4023   0.0000E+00  0.0000   0.0000E+00  0.0000
   1.0000E+02   1.7783E+02   0.0000E+00  0.0000   2.4992E-04  0.4129   0.0000E+00  0.0000   0.0000E+00  0.0000
   1.7783E+02   3.1623E+02   0.0000E+00  0.0000   3.8419E-04  0.3804   0.0000E+00  0.0000   0.0000E+00  0.0000
   3.1623E+02   5.6234E+02   0.0000E+00  0.0000   3.8305E-04  0.3706   0.0000E+00  0.0000   0.0000E+00  0.0000
   5.6234E+02   1.0000E+03   0.0000E+00  0.0000   2.1628E-04  0.5049   0.0000E+00  0.0000   0.0000E+00  0.0000
   1.0000E+03   1.7783E+03   0.0000E+00  0.0000   8.0851E-04  0.2698   0.0000E+00  0.0000   0.0000E+00  0.0000
   1.7783E+03   3.1623E+03   0.0000E+00  0.0000   8.1840E-04  0.2976   0.0000E+00  0.0000   0.0000E+00  0.0000
   3.1623E+03   5.6234E+03   0.0000E+00  0.0000   7.8651E-04  0.3098   0.0000E+00  0.0000   0.0000E+00  0.0000
   5.6234E+03   1.0000E+04   0.0000E+00  0.0000   9.1285E-04  0.2801   0.0000E+00  0.0000   0.0000E+00  0.0000
   1.0000E+04   1.7783E+04   0.0000E+00  0.0000   6.3964E-04  0.3349   0.0000E+00  0.0000   0.0000E+00  0.0000
   1.7783E+04   3.1623E+04   0.0000E+00  0.0000   2.1751E-04  0.7703   0.0000E+00  0.0000   0.0000E+00  0.0000
   3.1623E+04   5.6234E+04   0.0000E+00  0.0000   1.4342E-04  0.7097   0.0000E+00  0.0000   0.0000E+00  0.0000
   5.6234E+04   1.0000E+05   0.0000E+00  0.0000   5.8616E-05  1.0000   0.0000E+00  0.0000   0.0000E+00  0.0000

#   sum over                 1.0398E-03  0.6818   5.8579E-03  0.1103   0.0000E+00  0.0000   6.2053E-08  0.7605

'no. = 26, (ix,iy,iz) = (  1,  1, 26)'
msuc: {\huge Flux spectra vs depth in concrete}
msdr: {\it plotted by \ANGEL \version}
msdl: {\it calculated by \PHITS  3.36}
wt: s(0.7)
\vspace{-3}
   vol  &=&   2.8800E+07 [cm^3]
  xmin  &=&  -6.0000E+02 [cm]
  xmax  &=&   6.0000E+02 [cm]
  ymin  &=&  -6.0000E+02 [cm]
  ymax  &=&   6.0000E+02 [cm]
  zmin  &=&  -2.0000E+02 [cm]
  zmax  &=&  -1.8000E+02 [cm]
e:

#------------------------------------------------------------------------------
 newpage:
#   no. = 27   ix  =  1   iy  =  1   iz  = 27
#   x = (  -6.0000E+02  -   6.0000E+02  )
#   y = (  -6.0000E+02  -   6.0000E+02  )
#   z = (  -1.8000E+02  -  -1.6000E+02  )

x: Energy [MeV/n]
y: Flux [1/cm^2/source]              
p: xlog ylog afac(0.8) form(0.9)
h: n            x            y(neutron ),hh0l n y(muon-   ),hh0dr n y(muon+   ),hh0ub n y(proton  ),hh0mg n 
#  e-lower      e-upper        neutron   r.err      muon-     r.err      muon+     r.err      proton    r.err 
   1.0000E-10   1.7783E-10   0.0000E+00  0.0000   0.0000E+00  0.0000   0.0000E+00  0.0000   0.0000E+00  0.0000
   1.7783E-10   3.1623E-10   8.7893E-08  1.0000   0.0000E+00  0.0000   0.0000E+00  0.0000   0.0000E+00  0.0000
   3.1623E-10   5.6234E-10   5.3398E-07  1.0000   0.0000E+00  0.0000   0.0000E+00  0.0000   0.0000E+00  0.0000
   5.6234E-10   1.0000E-09   0.0000E+00  0.0000   0.0000E+00  0.0000   0.0000E+00  0.0000   0.0000E+00  0.0000
   1.0000E-09   1.7783E-09   0.0000E+00  0.0000   0.0000E+00  0.0000   0.0000E+00  0.0000   0.0000E+00  0.0000
   1.7783E-09   3.1623E-09   1.7376E-06  1.0000   0.0000E+00  0.0000   0.0000E+00  0.0000   0.0000E+00  0.0000
   3.1623E-09   5.6234E-09   5.2590E-06  0.9624   0.0000E+00  0.0000   0.0000E+00  0.0000   0.0000E+00  0.0000
   5.6234E-09   1.0000E-08   6.2759E-06  0.9896   0.0000E+00  0.0000   0.0000E+00  0.0000   0.0000E+00  0.0000
   1.0000E-08   1.7783E-08   1.3466E-05  0.8507   0.0000E+00  0.0000   0.0000E+00  0.0000   0.0000E+00  0.0000
   1.7783E-08   3.1623E-08   2.3558E-05  0.7739   0.0000E+00  0.0000   0.0000E+00  0.0000   0.0000E+00  0.0000
   3.1623E-08   5.6234E-08   3.2384E-05  0.9112   0.0000E+00  0.0000   0.0000E+00  0.0000   0.0000E+00  0.0000
   5.6234E-08   1.0000E-07   1.7895E-05  0.7785   0.0000E+00  0.0000   0.0000E+00  0.0000   0.0000E+00  0.0000
   1.0000E-07   1.7783E-07   3.0902E-05  0.7153   0.0000E+00  0.0000   0.0000E+00  0.0000   0.0000E+00  0.0000
   1.7783E-07   3.1623E-07   0.0000E+00  0.0000   0.0000E+00  0.0000   0.0000E+00  0.0000   0.0000E+00  0.0000
   3.1623E-07   5.6234E-07   4.4530E-06  1.0000   0.0000E+00  0.0000   0.0000E+00  0.0000   0.0000E+00  0.0000
   5.6234E-07   1.0000E-06   4.4001E-06  1.0000   0.0000E+00  0.0000   0.0000E+00  0.0000   0.0000E+00  0.0000
   1.0000E-06   1.7783E-06   0.0000E+00  0.0000   0.0000E+00  0.0000   0.0000E+00  0.0000   0.0000E+00  0.0000
   1.7783E-06   3.1623E-06   0.0000E+00  0.0000   0.0000E+00  0.0000   0.0000E+00  0.0000   0.0000E+00  0.0000
   3.1623E-06   5.6234E-06   0.0000E+00  0.0000   0.0000E+00  0.0000   0.0000E+00  0.0000   0.0000E+00  0.0000
   5.6234E-06   1.0000E-05   0.0000E+00  0.0000   0.0000E+00  0.0000   0.0000E+00  0.0000   0.0000E+00  0.0000
   1.0000E-05   1.7783E-05   0.0000E+00  0.0000   0.0000E+00  0.0000   0.0000E+00  0.0000   0.0000E+00  0.0000
   1.7783E-05   3.1623E-05   0.0000E+00  0.0000   0.0000E+00  0.0000   0.0000E+00  0.0000   0.0000E+00  0.0000
   3.1623E-05   5.6234E-05   0.0000E+00  0.0000   0.0000E+00  0.0000   0.0000E+00  0.0000   0.0000E+00  0.0000
   5.6234E-05   1.0000E-04   0.0000E+00  0.0000   0.0000E+00  0.0000   0.0000E+00  0.0000   0.0000E+00  0.0000
   1.0000E-04   1.7783E-04   0.0000E+00  0.0000   0.0000E+00  0.0000   0.0000E+00  0.0000   0.0000E+00  0.0000
   1.7783E-04   3.1623E-04   0.0000E+00  0.0000   0.0000E+00  0.0000   0.0000E+00  0.0000   0.0000E+00  0.0000
   3.1623E-04   5.6234E-04   0.0000E+00  0.0000   0.0000E+00  0.0000   0.0000E+00  0.0000   0.0000E+00  0.0000
   5.6234E-04   1.0000E-03   0.0000E+00  0.0000   0.0000E+00  0.0000   0.0000E+00  0.0000   0.0000E+00  0.0000
   1.0000E-03   1.7783E-03   0.0000E+00  0.0000   8.3031E-12  1.0000   0.0000E+00  0.0000   0.0000E+00  0.0000
   1.7783E-03   3.1623E-03   0.0000E+00  0.0000   4.0570E-12  1.0000   0.0000E+00  0.0000   0.0000E+00  0.0000
   3.1623E-03   5.6234E-03   0.0000E+00  0.0000   5.9939E-12  1.0000   0.0000E+00  0.0000   0.0000E+00  0.0000
   5.6234E-03   1.0000E-02   0.0000E+00  0.0000   9.6133E-12  1.0000   0.0000E+00  0.0000   0.0000E+00  0.0000
   1.0000E-02   1.7783E-02   2.1116E-06  1.0000   1.7238E-11  1.0000   0.0000E+00  0.0000   0.0000E+00  0.0000
   1.7783E-02   3.1623E-02   1.2280E-06  1.0000   3.5587E-11  1.0000   0.0000E+00  0.0000   0.0000E+00  0.0000
   3.1623E-02   5.6234E-02   0.0000E+00  0.0000   8.3139E-11  1.0000   0.0000E+00  0.0000   0.0000E+00  0.0000
   5.6234E-02   1.0000E-01   0.0000E+00  0.0000   2.0831E-10  1.0000   0.0000E+00  0.0000   0.0000E+00  0.0000
   1.0000E-01   1.7783E-01   0.0000E+00  0.0000   5.3471E-10  1.0000   0.0000E+00  0.0000   0.0000E+00  0.0000
   1.7783E-01   3.1623E-01   0.0000E+00  0.0000   1.3987E-09  1.0000   0.0000E+00  0.0000   0.0000E+00  0.0000
   3.1623E-01   5.6234E-01   0.0000E+00  0.0000   3.7491E-09  1.0000   0.0000E+00  0.0000   0.0000E+00  0.0000
   5.6234E-01   1.0000E+00   1.0177E-05  1.0000   1.0283E-08  1.0000   0.0000E+00  0.0000   0.0000E+00  0.0000
   1.0000E+00   1.7783E+00   3.8450E-05  0.8377   2.8794E-08  1.0000   0.0000E+00  0.0000   0.0000E+00  0.0000
   1.7783E+00   3.1623E+00   1.9364E-05  1.0000   8.1902E-08  1.0000   0.0000E+00  0.0000   0.0000E+00  0.0000
   3.1623E+00   5.6234E+00   8.1509E-06  0.9469   2.3146E-07  1.0000   0.0000E+00  0.0000   0.0000E+00  0.0000
   5.6234E+00   1.0000E+01   6.3265E-05  0.9491   6.4479E-07  1.0000   0.0000E+00  0.0000   0.0000E+00  0.0000
   1.0000E+01   1.7783E+01   0.0000E+00  0.0000   1.9032E-06  0.9256   0.0000E+00  0.0000   0.0000E+00  0.0000
   1.7783E+01   3.1623E+01   0.0000E+00  0.0000   9.1667E-06  0.7067   0.0000E+00  0.0000   0.0000E+00  0.0000
   3.1623E+01   5.6234E+01   0.0000E+00  0.0000   3.0890E-05  0.5811   0.0000E+00  0.0000   0.0000E+00  0.0000
   5.6234E+01   1.0000E+02   0.0000E+00  0.0000   6.1113E-05  0.5947   0.0000E+00  0.0000   0.0000E+00  0.0000
   1.0000E+02   1.7783E+02   0.0000E+00  0.0000   1.7003E-04  0.4694   0.0000E+00  0.0000   0.0000E+00  0.0000
   1.7783E+02   3.1623E+02   0.0000E+00  0.0000   4.0288E-04  0.3649   0.0000E+00  0.0000   0.0000E+00  0.0000
   3.1623E+02   5.6234E+02   0.0000E+00  0.0000   6.7220E-04  0.3306   0.0000E+00  0.0000   0.0000E+00  0.0000
   5.6234E+02   1.0000E+03   0.0000E+00  0.0000   2.9089E-04  0.5127   0.0000E+00  0.0000   0.0000E+00  0.0000
   1.0000E+03   1.7783E+03   0.0000E+00  0.0000   8.1285E-04  0.2772   0.0000E+00  0.0000   0.0000E+00  0.0000
   1.7783E+03   3.1623E+03   0.0000E+00  0.0000   6.6180E-04  0.3093   0.0000E+00  0.0000   0.0000E+00  0.0000
   3.1623E+03   5.6234E+03   0.0000E+00  0.0000   8.4624E-04  0.2925   0.0000E+00  0.0000   0.0000E+00  0.0000
   5.6234E+03   1.0000E+04   0.0000E+00  0.0000   9.1285E-04  0.2801   0.0000E+00  0.0000   0.0000E+00  0.0000
   1.0000E+04   1.7783E+04   0.0000E+00  0.0000   6.3964E-04  0.3349   0.0000E+00  0.0000   0.0000E+00  0.0000
   1.7783E+04   3.1623E+04   0.0000E+00  0.0000   1.0236E-04  0.7213   0.0000E+00  0.0000   0.0000E+00  0.0000
   3.1623E+04   5.6234E+04   0.0000E+00  0.0000   1.4342E-04  0.7097   0.0000E+00  0.0000   0.0000E+00  0.0000
   5.6234E+04   1.0000E+05   0.0000E+00  0.0000   5.8616E-05  1.0000   0.0000E+00  0.0000   0.0000E+00  0.0000

#   sum over                 2.8370E-04  0.6134   5.8179E-03  0.1087   0.0000E+00  0.0000   0.0000E+00  0.0000

'no. = 27, (ix,iy,iz) = (  1,  1, 27)'
msuc: {\huge Flux spectra vs depth in concrete}
msdr: {\it plotted by \ANGEL \version}
msdl: {\it calculated by \PHITS  3.36}
wt: s(0.7)
\vspace{-3}
   vol  &=&   2.8800E+07 [cm^3]
  xmin  &=&  -6.0000E+02 [cm]
  xmax  &=&   6.0000E+02 [cm]
  ymin  &=&  -6.0000E+02 [cm]
  ymax  &=&   6.0000E+02 [cm]
  zmin  &=&  -1.8000E+02 [cm]
  zmax  &=&  -1.6000E+02 [cm]
e:

#------------------------------------------------------------------------------
 newpage:
#   no. = 28   ix  =  1   iy  =  1   iz  = 28
#   x = (  -6.0000E+02  -   6.0000E+02  )
#   y = (  -6.0000E+02  -   6.0000E+02  )
#   z = (  -1.6000E+02  -  -1.4000E+02  )

x: Energy [MeV/n]
y: Flux [1/cm^2/source]              
p: xlog ylog afac(0.8) form(0.9)
h: n            x            y(neutron ),hh0l n y(muon-   ),hh0dr n y(muon+   ),hh0ub n y(proton  ),hh0mg n 
#  e-lower      e-upper        neutron   r.err      muon-     r.err      muon+     r.err      proton    r.err 
   1.0000E-10   1.7783E-10   0.0000E+00  0.0000   0.0000E+00  0.0000   0.0000E+00  0.0000   0.0000E+00  0.0000
   1.7783E-10   3.1623E-10   0.0000E+00  0.0000   0.0000E+00  0.0000   0.0000E+00  0.0000   0.0000E+00  0.0000
   3.1623E-10   5.6234E-10   0.0000E+00  0.0000   0.0000E+00  0.0000   0.0000E+00  0.0000   0.0000E+00  0.0000
   5.6234E-10   1.0000E-09   7.6558E-07  1.0000   0.0000E+00  0.0000   0.0000E+00  0.0000   0.0000E+00  0.0000
   1.0000E-09   1.7783E-09   2.9363E-07  1.0000   0.0000E+00  0.0000   0.0000E+00  0.0000   0.0000E+00  0.0000
   1.7783E-09   3.1623E-09   0.0000E+00  0.0000   0.0000E+00  0.0000   0.0000E+00  0.0000   0.0000E+00  0.0000
   3.1623E-09   5.6234E-09   1.6781E-05  0.7793   0.0000E+00  0.0000   0.0000E+00  0.0000   0.0000E+00  0.0000
   5.6234E-09   1.0000E-08   1.4552E-05  0.7162   0.0000E+00  0.0000   0.0000E+00  0.0000   0.0000E+00  0.0000
   1.0000E-08   1.7783E-08   3.1363E-05  0.5833   0.0000E+00  0.0000   0.0000E+00  0.0000   0.0000E+00  0.0000
   1.7783E-08   3.1623E-08   9.0314E-05  0.5939   0.0000E+00  0.0000   0.0000E+00  0.0000   0.0000E+00  0.0000
   3.1623E-08   5.6234E-08   1.1897E-04  0.6417   0.0000E+00  0.0000   0.0000E+00  0.0000   0.0000E+00  0.0000
   5.6234E-08   1.0000E-07   1.0436E-04  0.6014   0.0000E+00  0.0000   0.0000E+00  0.0000   0.0000E+00  0.0000
   1.0000E-07   1.7783E-07   6.7148E-05  0.6089   0.0000E+00  0.0000   0.0000E+00  0.0000   0.0000E+00  0.0000
   1.7783E-07   3.1623E-07   2.5281E-05  0.6900   0.0000E+00  0.0000   0.0000E+00  0.0000   0.0000E+00  0.0000
   3.1623E-07   5.6234E-07   3.6832E-06  1.0000   0.0000E+00  0.0000   0.0000E+00  0.0000   0.0000E+00  0.0000
   5.6234E-07   1.0000E-06   1.3455E-05  0.7169   0.0000E+00  0.0000   0.0000E+00  0.0000   0.0000E+00  0.0000
   1.0000E-06   1.7783E-06   6.6343E-07  1.0000   0.0000E+00  0.0000   0.0000E+00  0.0000   0.0000E+00  0.0000
   1.7783E-06   3.1623E-06   8.8633E-07  1.0000   0.0000E+00  0.0000   0.0000E+00  0.0000   0.0000E+00  0.0000
   3.1623E-06   5.6234E-06   1.4514E-05  1.0000   0.0000E+00  0.0000   0.0000E+00  0.0000   0.0000E+00  0.0000
   5.6234E-06   1.0000E-05   3.6000E-06  0.9655   0.0000E+00  0.0000   0.0000E+00  0.0000   0.0000E+00  0.0000
   1.0000E-05   1.7783E-05   3.1600E-06  1.0000   0.0000E+00  0.0000   0.0000E+00  0.0000   0.0000E+00  0.0000
   1.7783E-05   3.1623E-05   8.3982E-06  1.0000   0.0000E+00  0.0000   0.0000E+00  0.0000   0.0000E+00  0.0000
   3.1623E-05   5.6234E-05   9.0958E-06  1.0000   0.0000E+00  0.0000   0.0000E+00  0.0000   0.0000E+00  0.0000
   5.6234E-05   1.0000E-04   1.0685E-05  0.7453   0.0000E+00  0.0000   0.0000E+00  0.0000   0.0000E+00  0.0000
   1.0000E-04   1.7783E-04   3.1910E-05  0.7093   0.0000E+00  0.0000   0.0000E+00  0.0000   0.0000E+00  0.0000
   1.7783E-04   3.1623E-04   0.0000E+00  0.0000   5.1749E-21  1.0000   0.0000E+00  0.0000   0.0000E+00  0.0000
   3.1623E-04   5.6234E-04   1.1865E-05  1.0000   0.0000E+00  0.0000   0.0000E+00  0.0000   0.0000E+00  0.0000
   5.6234E-04   1.0000E-03   0.0000E+00  0.0000   0.0000E+00  0.0000   0.0000E+00  0.0000   2.7711E-16  1.0000
   1.0000E-03   1.7783E-03   0.0000E+00  0.0000   1.5851E-11  0.7075   0.0000E+00  0.0000   5.9980E-12  1.0000
   1.7783E-03   3.1623E-03   1.2104E-05  0.7198   8.1140E-12  0.7067   0.0000E+00  0.0000   9.6861E-12  1.0000
   3.1623E-03   5.6234E-03   5.0665E-07  1.0000   1.1988E-11  0.7067   0.0000E+00  0.0000   1.4622E-11  1.0000
   5.6234E-03   1.0000E-02   2.2984E-05  1.0000   1.9227E-11  0.7067   0.0000E+00  0.0000   2.0177E-11  1.0000
   1.0000E-02   1.7783E-02   1.5907E-05  0.7403   3.4475E-11  0.7067   0.0000E+00  0.0000   2.7062E-11  1.0000
   1.7783E-02   3.1623E-02   1.5812E-05  0.9309   7.1175E-11  0.7067   0.0000E+00  0.0000   3.8771E-11  1.0000
   3.1623E-02   5.6234E-02   3.0916E-06  0.8831   1.6628E-10  0.7067   0.0000E+00  0.0000   5.8180E-11  1.0000
   5.6234E-02   1.0000E-01   7.7696E-06  0.7787   4.1663E-10  0.7067   0.0000E+00  0.0000   9.5174E-11  1.0000
   1.0000E-01   1.7783E-01   2.0515E-05  0.6224   1.0694E-09  0.7067   0.0000E+00  0.0000   1.7562E-10  1.0000
   1.7783E-01   3.1623E-01   0.0000E+00  0.0000   2.7974E-09  0.7067   0.0000E+00  0.0000   3.7312E-10  1.0000
   3.1623E-01   5.6234E-01   0.0000E+00  0.0000   7.4983E-09  0.7067   0.0000E+00  0.0000   8.8901E-10  1.0000
   5.6234E-01   1.0000E+00   0.0000E+00  0.0000   2.0566E-08  0.7067   0.0000E+00  0.0000   2.2441E-09  1.0000
   1.0000E+00   1.7783E+00   8.6386E-06  1.0000   5.7587E-08  0.7067   0.0000E+00  0.0000   5.7803E-09  1.0000
   1.7783E+00   3.1623E+00   0.0000E+00  0.0000   1.6380E-07  0.7067   0.0000E+00  0.0000   1.5193E-08  1.0000
   3.1623E+00   5.6234E+00   0.0000E+00  0.0000   4.6293E-07  0.7067   0.0000E+00  0.0000   4.0933E-08  1.0000
   5.6234E+00   1.0000E+01   0.0000E+00  0.0000   1.2896E-06  0.7067   0.0000E+00  0.0000   2.9105E-08  1.0000
   1.0000E+01   1.7783E+01   0.0000E+00  0.0000   3.5112E-06  0.7067   0.0000E+00  0.0000   0.0000E+00  0.0000
   1.7783E+01   3.1623E+01   0.0000E+00  0.0000   9.1667E-06  0.7067   0.0000E+00  0.0000   0.0000E+00  0.0000
   3.1623E+01   5.6234E+01   0.0000E+00  0.0000   2.2409E-05  0.7067   0.0000E+00  0.0000   0.0000E+00  0.0000
   5.6234E+01   1.0000E+02   0.0000E+00  0.0000   5.5604E-05  0.6240   0.0000E+00  0.0000   0.0000E+00  0.0000
   1.0000E+02   1.7783E+02   0.0000E+00  0.0000   1.1356E-04  0.5121   0.0000E+00  0.0000   0.0000E+00  0.0000
   1.7783E+02   3.1623E+02   0.0000E+00  0.0000   2.9325E-04  0.4168   0.0000E+00  0.0000   0.0000E+00  0.0000
   3.1623E+02   5.6234E+02   0.0000E+00  0.0000   6.0177E-04  0.3317   0.0000E+00  0.0000   0.0000E+00  0.0000
   5.6234E+02   1.0000E+03   0.0000E+00  0.0000   6.0512E-04  0.3960   0.0000E+00  0.0000   0.0000E+00  0.0000
   1.0000E+03   1.7783E+03   0.0000E+00  0.0000   8.9334E-04  0.2620   0.0000E+00  0.0000   0.0000E+00  0.0000
   1.7783E+03   3.1623E+03   0.0000E+00  0.0000   7.1272E-04  0.3007   0.0000E+00  0.0000   0.0000E+00  0.0000
   3.1623E+03   5.6234E+03   0.0000E+00  0.0000   9.2640E-04  0.2837   0.0000E+00  0.0000   0.0000E+00  0.0000
   5.6234E+03   1.0000E+04   0.0000E+00  0.0000   9.1285E-04  0.2801   0.0000E+00  0.0000   0.0000E+00  0.0000
   1.0000E+04   1.7783E+04   0.0000E+00  0.0000   6.3964E-04  0.3349   0.0000E+00  0.0000   0.0000E+00  0.0000
   1.7783E+04   3.1623E+04   0.0000E+00  0.0000   6.1644E-05  1.0000   0.0000E+00  0.0000   0.0000E+00  0.0000
   3.1623E+04   5.6234E+04   0.0000E+00  0.0000   1.4342E-04  0.7097   0.0000E+00  0.0000   0.0000E+00  0.0000
   5.6234E+04   1.0000E+05   0.0000E+00  0.0000   5.8616E-05  1.0000   0.0000E+00  0.0000   0.0000E+00  0.0000

#   sum over                 6.8908E-04  0.5947   6.0550E-03  0.1061   0.0000E+00  0.0000   9.4963E-08  1.0000

'no. = 28, (ix,iy,iz) = (  1,  1, 28)'
msuc: {\huge Flux spectra vs depth in concrete}
msdr: {\it plotted by \ANGEL \version}
msdl: {\it calculated by \PHITS  3.36}
wt: s(0.7)
\vspace{-3}
   vol  &=&   2.8800E+07 [cm^3]
  xmin  &=&  -6.0000E+02 [cm]
  xmax  &=&   6.0000E+02 [cm]
  ymin  &=&  -6.0000E+02 [cm]
  ymax  &=&   6.0000E+02 [cm]
  zmin  &=&  -1.6000E+02 [cm]
  zmax  &=&  -1.4000E+02 [cm]
e:

#------------------------------------------------------------------------------
 newpage:
#   no. = 29   ix  =  1   iy  =  1   iz  = 29
#   x = (  -6.0000E+02  -   6.0000E+02  )
#   y = (  -6.0000E+02  -   6.0000E+02  )
#   z = (  -1.4000E+02  -  -1.2000E+02  )

x: Energy [MeV/n]
y: Flux [1/cm^2/source]              
p: xlog ylog afac(0.8) form(0.9)
h: n            x            y(neutron ),hh0l n y(muon-   ),hh0dr n y(muon+   ),hh0ub n y(proton  ),hh0mg n 
#  e-lower      e-upper        neutron   r.err      muon-     r.err      muon+     r.err      proton    r.err 
   1.0000E-10   1.7783E-10   0.0000E+00  0.0000   0.0000E+00  0.0000   0.0000E+00  0.0000   0.0000E+00  0.0000
   1.7783E-10   3.1623E-10   0.0000E+00  0.0000   0.0000E+00  0.0000   0.0000E+00  0.0000   0.0000E+00  0.0000
   3.1623E-10   5.6234E-10   1.0042E-07  1.0000   0.0000E+00  0.0000   0.0000E+00  0.0000   0.0000E+00  0.0000
   5.6234E-10   1.0000E-09   0.0000E+00  0.0000   0.0000E+00  0.0000   0.0000E+00  0.0000   0.0000E+00  0.0000
   1.0000E-09   1.7783E-09   6.6704E-06  0.7879   0.0000E+00  0.0000   0.0000E+00  0.0000   0.0000E+00  0.0000
   1.7783E-09   3.1623E-09   9.2978E-06  0.7916   0.0000E+00  0.0000   0.0000E+00  0.0000   0.0000E+00  0.0000
   3.1623E-09   5.6234E-09   8.4455E-06  0.5802   0.0000E+00  0.0000   0.0000E+00  0.0000   0.0000E+00  0.0000
   5.6234E-09   1.0000E-08   2.3525E-05  0.6483   0.0000E+00  0.0000   0.0000E+00  0.0000   0.0000E+00  0.0000
   1.0000E-08   1.7783E-08   7.3046E-05  0.5934   0.0000E+00  0.0000   0.0000E+00  0.0000   0.0000E+00  0.0000
   1.7783E-08   3.1623E-08   1.6770E-04  0.4611   0.0000E+00  0.0000   0.0000E+00  0.0000   0.0000E+00  0.0000
   3.1623E-08   5.6234E-08   1.8998E-04  0.5341   0.0000E+00  0.0000   0.0000E+00  0.0000   0.0000E+00  0.0000
   5.6234E-08   1.0000E-07   2.1418E-04  0.5211   0.0000E+00  0.0000   0.0000E+00  0.0000   0.0000E+00  0.0000
   1.0000E-07   1.7783E-07   7.4667E-05  0.5439   0.0000E+00  0.0000   0.0000E+00  0.0000   0.0000E+00  0.0000
   1.7783E-07   3.1623E-07   9.4348E-05  0.5684   0.0000E+00  0.0000   0.0000E+00  0.0000   0.0000E+00  0.0000
   3.1623E-07   5.6234E-07   5.8140E-05  0.5286   0.0000E+00  0.0000   0.0000E+00  0.0000   0.0000E+00  0.0000
   5.6234E-07   1.0000E-06   2.3264E-05  0.6939   0.0000E+00  0.0000   0.0000E+00  0.0000   0.0000E+00  0.0000
   1.0000E-06   1.7783E-06   3.8081E-05  0.5931   0.0000E+00  0.0000   0.0000E+00  0.0000   0.0000E+00  0.0000
   1.7783E-06   3.1623E-06   2.6670E-06  1.0000   0.0000E+00  0.0000   0.0000E+00  0.0000   0.0000E+00  0.0000
   3.1623E-06   5.6234E-06   1.9966E-05  0.9710   0.0000E+00  0.0000   0.0000E+00  0.0000   0.0000E+00  0.0000
   5.6234E-06   1.0000E-05   4.1922E-05  0.6210   0.0000E+00  0.0000   0.0000E+00  0.0000   0.0000E+00  0.0000
   1.0000E-05   1.7783E-05   6.8756E-06  0.7701   0.0000E+00  0.0000   0.0000E+00  0.0000   0.0000E+00  0.0000
   1.7783E-05   3.1623E-05   4.0162E-06  1.0000   0.0000E+00  0.0000   0.0000E+00  0.0000   0.0000E+00  0.0000
   3.1623E-05   5.6234E-05   4.7494E-06  1.0000   0.0000E+00  0.0000   0.0000E+00  0.0000   0.0000E+00  0.0000
   5.6234E-05   1.0000E-04   9.5169E-07  1.0000   0.0000E+00  0.0000   0.0000E+00  0.0000   0.0000E+00  0.0000
   1.0000E-04   1.7783E-04   1.5372E-06  1.0000   0.0000E+00  0.0000   0.0000E+00  0.0000   0.0000E+00  0.0000
   1.7783E-04   3.1623E-04   4.1987E-05  1.0000   5.4814E-21  1.0000   0.0000E+00  0.0000   0.0000E+00  0.0000
   3.1623E-04   5.6234E-04   2.7962E-05  0.8355   0.0000E+00  0.0000   0.0000E+00  0.0000   0.0000E+00  0.0000
   5.6234E-04   1.0000E-03   1.1049E-05  1.0000   0.0000E+00  0.0000   0.0000E+00  0.0000   0.0000E+00  0.0000
   1.0000E-03   1.7783E-03   1.6404E-05  0.7244   3.2555E-11  0.4992   0.0000E+00  0.0000   5.9980E-12  1.0000
   1.7783E-03   3.1623E-03   3.5879E-05  0.7021   1.6228E-11  0.4991   0.0000E+00  0.0000   9.6861E-12  1.0000
   3.1623E-03   5.6234E-03   1.2173E-05  1.0000   2.3976E-11  0.4991   0.0000E+00  0.0000   1.4622E-11  1.0000
   5.6234E-03   1.0000E-02   7.6146E-06  1.0000   3.8453E-11  0.4991   0.0000E+00  0.0000   2.0177E-11  1.0000
   1.0000E-02   1.7783E-02   5.1630E-07  1.0000   6.8950E-11  0.4991   0.0000E+00  0.0000   2.7062E-11  1.0000
   1.7783E-02   3.1623E-02   1.2395E-05  0.8213   1.4235E-10  0.4991   0.0000E+00  0.0000   3.8771E-11  1.0000
   3.1623E-02   5.6234E-02   1.9614E-05  1.0000   3.3255E-10  0.4991   0.0000E+00  0.0000   5.8180E-11  1.0000
   5.6234E-02   1.0000E-01   1.7022E-06  1.0000   8.3326E-10  0.4991   0.0000E+00  0.0000   9.5174E-11  1.0000
   1.0000E-01   1.7783E-01   4.9979E-05  0.6065   2.1389E-09  0.4991   0.0000E+00  0.0000   1.7562E-10  1.0000
   1.7783E-01   3.1623E-01   1.1051E-05  0.7034   5.5948E-09  0.4991   0.0000E+00  0.0000   3.7312E-10  1.0000
   3.1623E-01   5.6234E-01   2.5694E-05  0.9115   1.4997E-08  0.4991   0.0000E+00  0.0000   8.8901E-10  1.0000
   5.6234E-01   1.0000E+00   5.8584E-05  0.7657   4.1132E-08  0.4991   0.0000E+00  0.0000   2.2441E-09  1.0000
   1.0000E+00   1.7783E+00   3.4008E-05  0.8853   1.1517E-07  0.4991   0.0000E+00  0.0000   5.7803E-09  1.0000
   1.7783E+00   3.1623E+00   2.7339E-07  1.0000   3.2761E-07  0.4991   0.0000E+00  0.0000   2.0942E-09  1.0000
   3.1623E+00   5.6234E+00   0.0000E+00  0.0000   9.2585E-07  0.4991   0.0000E+00  0.0000   0.0000E+00  0.0000
   5.6234E+00   1.0000E+01   0.0000E+00  0.0000   2.5791E-06  0.4991   0.0000E+00  0.0000   0.0000E+00  0.0000
   1.0000E+01   1.7783E+01   0.0000E+00  0.0000   7.0223E-06  0.4991   0.0000E+00  0.0000   0.0000E+00  0.0000
   1.7783E+01   3.1623E+01   0.0000E+00  0.0000   1.8333E-05  0.4991   0.0000E+00  0.0000   0.0000E+00  0.0000
   3.1623E+01   5.6234E+01   0.0000E+00  0.0000   4.4493E-05  0.4991   0.0000E+00  0.0000   0.0000E+00  0.0000
   5.6234E+01   1.0000E+02   0.0000E+00  0.0000   7.5217E-05  0.5339   0.0000E+00  0.0000   0.0000E+00  0.0000
   1.0000E+02   1.7783E+02   0.0000E+00  0.0000   1.1380E-04  0.5630   0.0000E+00  0.0000   0.0000E+00  0.0000
   1.7783E+02   3.1623E+02   0.0000E+00  0.0000   2.2293E-04  0.4398   0.0000E+00  0.0000   0.0000E+00  0.0000
   3.1623E+02   5.6234E+02   0.0000E+00  0.0000   5.3252E-04  0.3389   0.0000E+00  0.0000   0.0000E+00  0.0000
   5.6234E+02   1.0000E+03   0.0000E+00  0.0000   6.9999E-04  0.3057   0.0000E+00  0.0000   0.0000E+00  0.0000
   1.0000E+03   1.7783E+03   0.0000E+00  0.0000   1.0662E-03  0.3057   0.0000E+00  0.0000   0.0000E+00  0.0000
   1.7783E+03   3.1623E+03   0.0000E+00  0.0000   8.1153E-04  0.2839   0.0000E+00  0.0000   0.0000E+00  0.0000
   3.1623E+03   5.6234E+03   0.0000E+00  0.0000   9.4445E-04  0.2788   0.0000E+00  0.0000   0.0000E+00  0.0000
   5.6234E+03   1.0000E+04   0.0000E+00  0.0000   8.6890E-04  0.2810   0.0000E+00  0.0000   0.0000E+00  0.0000
   1.0000E+04   1.7783E+04   0.0000E+00  0.0000   6.4576E-04  0.3246   0.0000E+00  0.0000   0.0000E+00  0.0000
   1.7783E+04   3.1623E+04   0.0000E+00  0.0000   6.1644E-05  1.0000   0.0000E+00  0.0000   0.0000E+00  0.0000
   3.1623E+04   5.6234E+04   0.0000E+00  0.0000   1.4342E-04  0.7097   0.0000E+00  0.0000   0.0000E+00  0.0000
   5.6234E+04   1.0000E+05   0.0000E+00  0.0000   5.8616E-05  1.0000   0.0000E+00  0.0000   0.0000E+00  0.0000

#   sum over                 1.4310E-03  0.4658   6.3189E-03  0.1031   0.0000E+00  0.0000   1.1826E-08  1.0000

'no. = 29, (ix,iy,iz) = (  1,  1, 29)'
msuc: {\huge Flux spectra vs depth in concrete}
msdr: {\it plotted by \ANGEL \version}
msdl: {\it calculated by \PHITS  3.36}
wt: s(0.7)
\vspace{-3}
   vol  &=&   2.8800E+07 [cm^3]
  xmin  &=&  -6.0000E+02 [cm]
  xmax  &=&   6.0000E+02 [cm]
  ymin  &=&  -6.0000E+02 [cm]
  ymax  &=&   6.0000E+02 [cm]
  zmin  &=&  -1.4000E+02 [cm]
  zmax  &=&  -1.2000E+02 [cm]
e:

#------------------------------------------------------------------------------
 newpage:
#   no. = 30   ix  =  1   iy  =  1   iz  = 30
#   x = (  -6.0000E+02  -   6.0000E+02  )
#   y = (  -6.0000E+02  -   6.0000E+02  )
#   z = (  -1.2000E+02  -  -1.0000E+02  )

x: Energy [MeV/n]
y: Flux [1/cm^2/source]              
p: xlog ylog afac(0.8) form(0.9)
h: n            x            y(neutron ),hh0l n y(muon-   ),hh0dr n y(muon+   ),hh0ub n y(proton  ),hh0mg n 
#  e-lower      e-upper        neutron   r.err      muon-     r.err      muon+     r.err      proton    r.err 
   1.0000E-10   1.7783E-10   0.0000E+00  0.0000   0.0000E+00  0.0000   0.0000E+00  0.0000   0.0000E+00  0.0000
   1.7783E-10   3.1623E-10   0.0000E+00  0.0000   0.0000E+00  0.0000   0.0000E+00  0.0000   0.0000E+00  0.0000
   3.1623E-10   5.6234E-10   0.0000E+00  0.0000   0.0000E+00  0.0000   0.0000E+00  0.0000   0.0000E+00  0.0000
   5.6234E-10   1.0000E-09   0.0000E+00  0.0000   0.0000E+00  0.0000   0.0000E+00  0.0000   0.0000E+00  0.0000
   1.0000E-09   1.7783E-09   3.3491E-07  1.0000   0.0000E+00  0.0000   0.0000E+00  0.0000   0.0000E+00  0.0000
   1.7783E-09   3.1623E-09   2.8523E-06  1.0000   0.0000E+00  0.0000   0.0000E+00  0.0000   0.0000E+00  0.0000
   3.1623E-09   5.6234E-09   1.5411E-06  0.8622   0.0000E+00  0.0000   0.0000E+00  0.0000   0.0000E+00  0.0000
   5.6234E-09   1.0000E-08   3.8842E-05  0.6566   0.0000E+00  0.0000   0.0000E+00  0.0000   0.0000E+00  0.0000
   1.0000E-08   1.7783E-08   4.0062E-05  0.6968   0.0000E+00  0.0000   0.0000E+00  0.0000   0.0000E+00  0.0000
   1.7783E-08   3.1623E-08   1.0354E-04  0.6793   0.0000E+00  0.0000   0.0000E+00  0.0000   0.0000E+00  0.0000
   3.1623E-08   5.6234E-08   1.1141E-04  0.6521   0.0000E+00  0.0000   0.0000E+00  0.0000   0.0000E+00  0.0000
   5.6234E-08   1.0000E-07   1.5226E-04  0.5927   0.0000E+00  0.0000   0.0000E+00  0.0000   0.0000E+00  0.0000
   1.0000E-07   1.7783E-07   1.0276E-04  0.6272   0.0000E+00  0.0000   0.0000E+00  0.0000   0.0000E+00  0.0000
   1.7783E-07   3.1623E-07   3.0821E-05  0.8264   0.0000E+00  0.0000   0.0000E+00  0.0000   0.0000E+00  0.0000
   3.1623E-07   5.6234E-07   0.0000E+00  0.0000   0.0000E+00  0.0000   0.0000E+00  0.0000   0.0000E+00  0.0000
   5.6234E-07   1.0000E-06   3.3345E-06  1.0000   0.0000E+00  0.0000   0.0000E+00  0.0000   0.0000E+00  0.0000
   1.0000E-06   1.7783E-06   2.6660E-05  0.9383   0.0000E+00  0.0000   0.0000E+00  0.0000   0.0000E+00  0.0000
   1.7783E-06   3.1623E-06   0.0000E+00  0.0000   0.0000E+00  0.0000   0.0000E+00  0.0000   0.0000E+00  0.0000
   3.1623E-06   5.6234E-06   2.9419E-05  0.9584   0.0000E+00  0.0000   0.0000E+00  0.0000   0.0000E+00  0.0000
   5.6234E-06   1.0000E-05   2.9544E-06  1.0000   0.0000E+00  0.0000   0.0000E+00  0.0000   0.0000E+00  0.0000
   1.0000E-05   1.7783E-05   0.0000E+00  0.0000   0.0000E+00  0.0000   0.0000E+00  0.0000   0.0000E+00  0.0000
   1.7783E-05   3.1623E-05   0.0000E+00  0.0000   0.0000E+00  0.0000   0.0000E+00  0.0000   0.0000E+00  0.0000
   3.1623E-05   5.6234E-05   4.8278E-06  1.0000   0.0000E+00  0.0000   0.0000E+00  0.0000   0.0000E+00  0.0000
   5.6234E-05   1.0000E-04   4.1003E-05  0.8006   0.0000E+00  0.0000   0.0000E+00  0.0000   0.0000E+00  0.0000
   1.0000E-04   1.7783E-04   2.1021E-05  0.7845   0.0000E+00  0.0000   0.0000E+00  0.0000   0.0000E+00  0.0000
   1.7783E-04   3.1623E-04   8.5959E-06  1.0000   0.0000E+00  0.0000   0.0000E+00  0.0000   0.0000E+00  0.0000
   3.1623E-04   5.6234E-04   0.0000E+00  0.0000   0.0000E+00  0.0000   0.0000E+00  0.0000   0.0000E+00  0.0000
   5.6234E-04   1.0000E-03   7.5201E-06  1.0000   0.0000E+00  0.0000   0.0000E+00  0.0000   2.7719E-16  1.0000
   1.0000E-03   1.7783E-03   3.5092E-05  0.7317   2.3094E-11  0.5802   0.0000E+00  0.0000   5.9980E-12  1.0000
   1.7783E-03   3.1623E-03   0.0000E+00  0.0000   1.2171E-11  0.5766   0.0000E+00  0.0000   9.6861E-12  1.0000
   3.1623E-03   5.6234E-03   4.3701E-05  0.8021   1.7982E-11  0.5766   0.0000E+00  0.0000   1.4622E-11  1.0000
   5.6234E-03   1.0000E-02   4.0113E-06  1.0000   2.8840E-11  0.5766   0.0000E+00  0.0000   2.0177E-11  1.0000
   1.0000E-02   1.7783E-02   1.5827E-05  0.7985   5.1713E-11  0.5766   0.0000E+00  0.0000   2.7062E-11  1.0000
   1.7783E-02   3.1623E-02   1.6069E-05  1.0000   1.0676E-10  0.5766   0.0000E+00  0.0000   3.8771E-11  1.0000
   3.1623E-02   5.6234E-02   1.6126E-05  1.0000   2.4942E-10  0.5766   0.0000E+00  0.0000   5.8180E-11  1.0000
   5.6234E-02   1.0000E-01   6.4539E-05  0.8759   6.2494E-10  0.5766   0.0000E+00  0.0000   9.5174E-11  1.0000
   1.0000E-01   1.7783E-01   4.8651E-06  1.0000   1.6041E-09  0.5766   0.0000E+00  0.0000   1.7562E-10  1.0000
   1.7783E-01   3.1623E-01   1.8419E-05  1.0000   4.1961E-09  0.5766   0.0000E+00  0.0000   3.7312E-10  1.0000
   3.1623E-01   5.6234E-01   2.9651E-05  1.0000   1.1247E-08  0.5766   0.0000E+00  0.0000   8.8901E-10  1.0000
   5.6234E-01   1.0000E+00   5.7031E-05  0.9623   3.0849E-08  0.5766   0.0000E+00  0.0000   2.2441E-09  1.0000
   1.0000E+00   1.7783E+00   3.9376E-05  0.9513   8.6381E-08  0.5766   0.0000E+00  0.0000   5.7803E-09  1.0000
   1.7783E+00   3.1623E+00   2.3961E-05  0.7069   2.4571E-07  0.5766   0.0000E+00  0.0000   1.5193E-08  1.0000
   3.1623E+00   5.6234E+00   5.0488E-05  1.0000   6.9439E-07  0.5766   0.0000E+00  0.0000   2.0158E-08  1.0000
   5.6234E+00   1.0000E+01   0.0000E+00  0.0000   1.9344E-06  0.5766   0.0000E+00  0.0000   0.0000E+00  0.0000
   1.0000E+01   1.7783E+01   0.0000E+00  0.0000   5.2667E-06  0.5766   0.0000E+00  0.0000   0.0000E+00  0.0000
   1.7783E+01   3.1623E+01   0.0000E+00  0.0000   1.3750E-05  0.5766   0.0000E+00  0.0000   0.0000E+00  0.0000
   3.1623E+01   5.6234E+01   0.0000E+00  0.0000   3.1857E-05  0.5733   0.0000E+00  0.0000   0.0000E+00  0.0000
   5.6234E+01   1.0000E+02   0.0000E+00  0.0000   9.2571E-05  0.5043   0.0000E+00  0.0000   0.0000E+00  0.0000
   1.0000E+02   1.7783E+02   0.0000E+00  0.0000   2.1656E-04  0.4440   0.0000E+00  0.0000   0.0000E+00  0.0000
   1.7783E+02   3.1623E+02   0.0000E+00  0.0000   2.7073E-04  0.4514   0.0000E+00  0.0000   0.0000E+00  0.0000
   3.1623E+02   5.6234E+02   0.0000E+00  0.0000   4.9642E-04  0.3252   0.0000E+00  0.0000   0.0000E+00  0.0000
   5.6234E+02   1.0000E+03   0.0000E+00  0.0000   6.8833E-04  0.3135   0.0000E+00  0.0000   0.0000E+00  0.0000
   1.0000E+03   1.7783E+03   0.0000E+00  0.0000   1.0684E-03  0.2773   0.0000E+00  0.0000   0.0000E+00  0.0000
   1.7783E+03   3.1623E+03   0.0000E+00  0.0000   9.2812E-04  0.2597   0.0000E+00  0.0000   0.0000E+00  0.0000
   3.1623E+03   5.6234E+03   0.0000E+00  0.0000   1.0538E-03  0.2632   0.0000E+00  0.0000   0.0000E+00  0.0000
   5.6234E+03   1.0000E+04   0.0000E+00  0.0000   6.7612E-04  0.3228   0.0000E+00  0.0000   0.0000E+00  0.0000
   1.0000E+04   1.7783E+04   0.0000E+00  0.0000   6.5697E-04  0.3263   0.0000E+00  0.0000   0.0000E+00  0.0000
   1.7783E+04   3.1623E+04   0.0000E+00  0.0000   6.1644E-05  1.0000   0.0000E+00  0.0000   0.0000E+00  0.0000
   3.1623E+04   5.6234E+04   0.0000E+00  0.0000   1.4342E-04  0.7097   0.0000E+00  0.0000   0.0000E+00  0.0000
   5.6234E+04   1.0000E+05   0.0000E+00  0.0000   5.8616E-05  1.0000   0.0000E+00  0.0000   0.0000E+00  0.0000

#   sum over                 1.1489E-03  0.6305   6.4656E-03  0.1019   0.0000E+00  0.0000   4.5083E-08  1.0000

'no. = 30, (ix,iy,iz) = (  1,  1, 30)'
msuc: {\huge Flux spectra vs depth in concrete}
msdr: {\it plotted by \ANGEL \version}
msdl: {\it calculated by \PHITS  3.36}
wt: s(0.7)
\vspace{-3}
   vol  &=&   2.8800E+07 [cm^3]
  xmin  &=&  -6.0000E+02 [cm]
  xmax  &=&   6.0000E+02 [cm]
  ymin  &=&  -6.0000E+02 [cm]
  ymax  &=&   6.0000E+02 [cm]
  zmin  &=&  -1.2000E+02 [cm]
  zmax  &=&  -1.0000E+02 [cm]
e:

#------------------------------------------------------------------------------
 newpage:
#   no. = 31   ix  =  1   iy  =  1   iz  = 31
#   x = (  -6.0000E+02  -   6.0000E+02  )
#   y = (  -6.0000E+02  -   6.0000E+02  )
#   z = (  -1.0000E+02  -  -8.0000E+01  )

x: Energy [MeV/n]
y: Flux [1/cm^2/source]              
p: xlog ylog afac(0.8) form(0.9)
h: n            x            y(neutron ),hh0l n y(muon-   ),hh0dr n y(muon+   ),hh0ub n y(proton  ),hh0mg n 
#  e-lower      e-upper        neutron   r.err      muon-     r.err      muon+     r.err      proton    r.err 
   1.0000E-10   1.7783E-10   0.0000E+00  0.0000   0.0000E+00  0.0000   0.0000E+00  0.0000   0.0000E+00  0.0000
   1.7783E-10   3.1623E-10   0.0000E+00  0.0000   0.0000E+00  0.0000   0.0000E+00  0.0000   0.0000E+00  0.0000
   3.1623E-10   5.6234E-10   0.0000E+00  0.0000   0.0000E+00  0.0000   0.0000E+00  0.0000   0.0000E+00  0.0000
   5.6234E-10   1.0000E-09   0.0000E+00  0.0000   0.0000E+00  0.0000   0.0000E+00  0.0000   0.0000E+00  0.0000
   1.0000E-09   1.7783E-09   0.0000E+00  0.0000   0.0000E+00  0.0000   0.0000E+00  0.0000   0.0000E+00  0.0000
   1.7783E-09   3.1623E-09   0.0000E+00  0.0000   0.0000E+00  0.0000   0.0000E+00  0.0000   0.0000E+00  0.0000
   3.1623E-09   5.6234E-09   2.7305E-06  0.8038   0.0000E+00  0.0000   0.0000E+00  0.0000   0.0000E+00  0.0000
   5.6234E-09   1.0000E-08   7.2023E-06  0.7965   0.0000E+00  0.0000   0.0000E+00  0.0000   0.0000E+00  0.0000
   1.0000E-08   1.7783E-08   1.3023E-05  0.6191   0.0000E+00  0.0000   0.0000E+00  0.0000   0.0000E+00  0.0000
   1.7783E-08   3.1623E-08   3.6252E-05  0.7222   0.0000E+00  0.0000   0.0000E+00  0.0000   0.0000E+00  0.0000
   3.1623E-08   5.6234E-08   5.5389E-05  0.7019   0.0000E+00  0.0000   0.0000E+00  0.0000   0.0000E+00  0.0000
   5.6234E-08   1.0000E-07   2.9467E-05  0.7642   0.0000E+00  0.0000   0.0000E+00  0.0000   0.0000E+00  0.0000
   1.0000E-07   1.7783E-07   7.0688E-06  0.5152   0.0000E+00  0.0000   0.0000E+00  0.0000   0.0000E+00  0.0000
   1.7783E-07   3.1623E-07   0.0000E+00  0.0000   0.0000E+00  0.0000   0.0000E+00  0.0000   0.0000E+00  0.0000
   3.1623E-07   5.6234E-07   2.0067E-05  1.0000   0.0000E+00  0.0000   0.0000E+00  0.0000   0.0000E+00  0.0000
   5.6234E-07   1.0000E-06   4.8500E-06  1.0000   0.0000E+00  0.0000   0.0000E+00  0.0000   0.0000E+00  0.0000
   1.0000E-06   1.7783E-06   9.5911E-06  0.7871   0.0000E+00  0.0000   0.0000E+00  0.0000   0.0000E+00  0.0000
   1.7783E-06   3.1623E-06   1.2815E-05  1.0000   0.0000E+00  0.0000   0.0000E+00  0.0000   0.0000E+00  0.0000
   3.1623E-06   5.6234E-06   2.2378E-05  1.0000   0.0000E+00  0.0000   0.0000E+00  0.0000   0.0000E+00  0.0000
   5.6234E-06   1.0000E-05   0.0000E+00  0.0000   0.0000E+00  0.0000   0.0000E+00  0.0000   0.0000E+00  0.0000
   1.0000E-05   1.7783E-05   0.0000E+00  0.0000   0.0000E+00  0.0000   0.0000E+00  0.0000   0.0000E+00  0.0000
   1.7783E-05   3.1623E-05   1.0827E-06  1.0000   0.0000E+00  0.0000   0.0000E+00  0.0000   0.0000E+00  0.0000
   3.1623E-05   5.6234E-05   0.0000E+00  0.0000   0.0000E+00  0.0000   0.0000E+00  0.0000   0.0000E+00  0.0000
   5.6234E-05   1.0000E-04   0.0000E+00  0.0000   0.0000E+00  0.0000   0.0000E+00  0.0000   0.0000E+00  0.0000
   1.0000E-04   1.7783E-04   4.4272E-06  1.0000   0.0000E+00  0.0000   0.0000E+00  0.0000   0.0000E+00  0.0000
   1.7783E-04   3.1623E-04   0.0000E+00  0.0000   0.0000E+00  0.0000   0.0000E+00  0.0000   0.0000E+00  0.0000
   3.1623E-04   5.6234E-04   0.0000E+00  0.0000   0.0000E+00  0.0000   0.0000E+00  0.0000   0.0000E+00  0.0000
   5.6234E-04   1.0000E-03   2.8587E-06  1.0000   0.0000E+00  0.0000   0.0000E+00  0.0000   2.7718E-16  1.0000
   1.0000E-03   1.7783E-03   0.0000E+00  0.0000   2.4317E-11  0.5768   0.0000E+00  0.0000   5.9980E-12  1.0000
   1.7783E-03   3.1623E-03   2.8371E-06  1.0000   1.2171E-11  0.5766   0.0000E+00  0.0000   9.6861E-12  1.0000
   3.1623E-03   5.6234E-03   0.0000E+00  0.0000   1.7982E-11  0.5766   0.0000E+00  0.0000   1.4622E-11  1.0000
   5.6234E-03   1.0000E-02   3.3887E-06  1.0000   2.8840E-11  0.5766   0.0000E+00  0.0000   2.0177E-11  1.0000
   1.0000E-02   1.7783E-02   2.7192E-06  1.0000   5.1713E-11  0.5766   0.0000E+00  0.0000   2.7062E-11  1.0000
   1.7783E-02   3.1623E-02   3.4472E-05  1.0000   1.0676E-10  0.5766   0.0000E+00  0.0000   3.8771E-11  1.0000
   3.1623E-02   5.6234E-02   3.7077E-05  0.9087   2.4942E-10  0.5766   0.0000E+00  0.0000   5.8180E-11  1.0000
   5.6234E-02   1.0000E-01   4.5601E-06  0.7258   6.2494E-10  0.5766   0.0000E+00  0.0000   9.5174E-11  1.0000
   1.0000E-01   1.7783E-01   3.5016E-05  1.0000   1.6041E-09  0.5766   0.0000E+00  0.0000   1.7562E-10  1.0000
   1.7783E-01   3.1623E-01   5.1937E-05  1.0000   4.1961E-09  0.5766   0.0000E+00  0.0000   3.7312E-10  1.0000
   3.1623E-01   5.6234E-01   0.0000E+00  0.0000   1.1247E-08  0.5766   0.0000E+00  0.0000   8.8901E-10  1.0000
   5.6234E-01   1.0000E+00   0.0000E+00  0.0000   3.0849E-08  0.5766   0.0000E+00  0.0000   2.2441E-09  1.0000
   1.0000E+00   1.7783E+00   0.0000E+00  0.0000   8.6381E-08  0.5766   0.0000E+00  0.0000   5.7803E-09  1.0000
   1.7783E+00   3.1623E+00   2.2029E-05  1.0000   2.4571E-07  0.5766   0.0000E+00  0.0000   1.5193E-08  1.0000
   3.1623E+00   5.6234E+00   2.6588E-05  1.0000   6.9439E-07  0.5766   0.0000E+00  0.0000   4.0132E-09  1.0000
   5.6234E+00   1.0000E+01   0.0000E+00  0.0000   1.9344E-06  0.5766   0.0000E+00  0.0000   0.0000E+00  0.0000
   1.0000E+01   1.7783E+01   1.7051E-05  1.0000   5.2667E-06  0.5766   0.0000E+00  0.0000   0.0000E+00  0.0000
   1.7783E+01   3.1623E+01   0.0000E+00  0.0000   1.3750E-05  0.5766   0.0000E+00  0.0000   0.0000E+00  0.0000
   3.1623E+01   5.6234E+01   0.0000E+00  0.0000   3.2737E-05  0.5485   0.0000E+00  0.0000   0.0000E+00  0.0000
   5.6234E+01   1.0000E+02   0.0000E+00  0.0000   5.1733E-05  0.6859   0.0000E+00  0.0000   0.0000E+00  0.0000
   1.0000E+02   1.7783E+02   0.0000E+00  0.0000   1.4916E-04  0.4867   0.0000E+00  0.0000   0.0000E+00  0.0000
   1.7783E+02   3.1623E+02   0.0000E+00  0.0000   3.1788E-04  0.4395   0.0000E+00  0.0000   0.0000E+00  0.0000
   3.1623E+02   5.6234E+02   0.0000E+00  0.0000   5.7051E-04  0.3266   0.0000E+00  0.0000   0.0000E+00  0.0000
   5.6234E+02   1.0000E+03   0.0000E+00  0.0000   8.5900E-04  0.2684   0.0000E+00  0.0000   0.0000E+00  0.0000
   1.0000E+03   1.7783E+03   0.0000E+00  0.0000   9.4472E-04  0.2556   0.0000E+00  0.0000   0.0000E+00  0.0000
   1.7783E+03   3.1623E+03   0.0000E+00  0.0000   1.0480E-03  0.3113   0.0000E+00  0.0000   0.0000E+00  0.0000
   3.1623E+03   5.6234E+03   0.0000E+00  0.0000   1.0640E-03  0.2546   0.0000E+00  0.0000   0.0000E+00  0.0000
   5.6234E+03   1.0000E+04   0.0000E+00  0.0000   6.7448E-04  0.3215   0.0000E+00  0.0000   0.0000E+00  0.0000
   1.0000E+04   1.7783E+04   0.0000E+00  0.0000   7.2190E-04  0.3105   0.0000E+00  0.0000   0.0000E+00  0.0000
   1.7783E+04   3.1623E+04   0.0000E+00  0.0000   6.1644E-05  1.0000   0.0000E+00  0.0000   0.0000E+00  0.0000
   3.1623E+04   5.6234E+04   0.0000E+00  0.0000   2.1217E-04  0.5784   0.0000E+00  0.0000   0.0000E+00  0.0000
   5.6234E+04   1.0000E+05   0.0000E+00  0.0000   5.8616E-05  1.0000   0.0000E+00  0.0000   0.0000E+00  0.0000

#   sum over                 4.6688E-04  0.5962   6.7886E-03  0.0991   0.0000E+00  0.0000   2.8938E-08  1.0000

'no. = 31, (ix,iy,iz) = (  1,  1, 31)'
msuc: {\huge Flux spectra vs depth in concrete}
msdr: {\it plotted by \ANGEL \version}
msdl: {\it calculated by \PHITS  3.36}
wt: s(0.7)
\vspace{-3}
   vol  &=&   2.8800E+07 [cm^3]
  xmin  &=&  -6.0000E+02 [cm]
  xmax  &=&   6.0000E+02 [cm]
  ymin  &=&  -6.0000E+02 [cm]
  ymax  &=&   6.0000E+02 [cm]
  zmin  &=&  -1.0000E+02 [cm]
  zmax  &=&  -8.0000E+01 [cm]
e:

#------------------------------------------------------------------------------
 newpage:
#   no. = 32   ix  =  1   iy  =  1   iz  = 32
#   x = (  -6.0000E+02  -   6.0000E+02  )
#   y = (  -6.0000E+02  -   6.0000E+02  )
#   z = (  -8.0000E+01  -  -6.0000E+01  )

x: Energy [MeV/n]
y: Flux [1/cm^2/source]              
p: xlog ylog afac(0.8) form(0.9)
h: n            x            y(neutron ),hh0l n y(muon-   ),hh0dr n y(muon+   ),hh0ub n y(proton  ),hh0mg n 
#  e-lower      e-upper        neutron   r.err      muon-     r.err      muon+     r.err      proton    r.err 
   1.0000E-10   1.7783E-10   0.0000E+00  0.0000   0.0000E+00  0.0000   0.0000E+00  0.0000   0.0000E+00  0.0000
   1.7783E-10   3.1623E-10   0.0000E+00  0.0000   0.0000E+00  0.0000   0.0000E+00  0.0000   0.0000E+00  0.0000
   3.1623E-10   5.6234E-10   0.0000E+00  0.0000   0.0000E+00  0.0000   0.0000E+00  0.0000   0.0000E+00  0.0000
   5.6234E-10   1.0000E-09   1.6093E-07  1.0000   0.0000E+00  0.0000   0.0000E+00  0.0000   0.0000E+00  0.0000
   1.0000E-09   1.7783E-09   1.2617E-06  1.0000   0.0000E+00  0.0000   0.0000E+00  0.0000   0.0000E+00  0.0000
   1.7783E-09   3.1623E-09   2.9301E-06  0.6387   0.0000E+00  0.0000   0.0000E+00  0.0000   0.0000E+00  0.0000
   3.1623E-09   5.6234E-09   6.0133E-06  0.8593   0.0000E+00  0.0000   0.0000E+00  0.0000   0.0000E+00  0.0000
   5.6234E-09   1.0000E-08   1.6275E-05  0.5776   0.0000E+00  0.0000   0.0000E+00  0.0000   0.0000E+00  0.0000
   1.0000E-08   1.7783E-08   7.5879E-05  0.7372   0.0000E+00  0.0000   0.0000E+00  0.0000   0.0000E+00  0.0000
   1.7783E-08   3.1623E-08   1.2192E-04  0.5708   0.0000E+00  0.0000   0.0000E+00  0.0000   0.0000E+00  0.0000
   3.1623E-08   5.6234E-08   1.6358E-04  0.6117   0.0000E+00  0.0000   0.0000E+00  0.0000   0.0000E+00  0.0000
   5.6234E-08   1.0000E-07   1.6874E-04  0.6155   0.0000E+00  0.0000   0.0000E+00  0.0000   0.0000E+00  0.0000
   1.0000E-07   1.7783E-07   9.2631E-05  0.5947   0.0000E+00  0.0000   0.0000E+00  0.0000   0.0000E+00  0.0000
   1.7783E-07   3.1623E-07   4.8852E-06  0.7321   0.0000E+00  0.0000   0.0000E+00  0.0000   0.0000E+00  0.0000
   3.1623E-07   5.6234E-07   4.0252E-05  1.0000   0.0000E+00  0.0000   0.0000E+00  0.0000   0.0000E+00  0.0000
   5.6234E-07   1.0000E-06   5.2203E-06  1.0000   0.0000E+00  0.0000   0.0000E+00  0.0000   0.0000E+00  0.0000
   1.0000E-06   1.7783E-06   0.0000E+00  0.0000   0.0000E+00  0.0000   0.0000E+00  0.0000   0.0000E+00  0.0000
   1.7783E-06   3.1623E-06   0.0000E+00  0.0000   0.0000E+00  0.0000   0.0000E+00  0.0000   0.0000E+00  0.0000
   3.1623E-06   5.6234E-06   0.0000E+00  0.0000   0.0000E+00  0.0000   0.0000E+00  0.0000   0.0000E+00  0.0000
   5.6234E-06   1.0000E-05   0.0000E+00  0.0000   0.0000E+00  0.0000   0.0000E+00  0.0000   0.0000E+00  0.0000
   1.0000E-05   1.7783E-05   1.8683E-06  1.0000   0.0000E+00  0.0000   0.0000E+00  0.0000   0.0000E+00  0.0000
   1.7783E-05   3.1623E-05   3.7661E-05  0.8229   0.0000E+00  0.0000   0.0000E+00  0.0000   0.0000E+00  0.0000
   3.1623E-05   5.6234E-05   1.2819E-05  0.7232   0.0000E+00  0.0000   0.0000E+00  0.0000   0.0000E+00  0.0000
   5.6234E-05   1.0000E-04   0.0000E+00  0.0000   0.0000E+00  0.0000   0.0000E+00  0.0000   0.0000E+00  0.0000
   1.0000E-04   1.7783E-04   0.0000E+00  0.0000   0.0000E+00  0.0000   0.0000E+00  0.0000   0.0000E+00  0.0000
   1.7783E-04   3.1623E-04   0.0000E+00  0.0000   9.2106E-21  1.0000   0.0000E+00  0.0000   0.0000E+00  0.0000
   3.1623E-04   5.6234E-04   0.0000E+00  0.0000   0.0000E+00  0.0000   0.0000E+00  0.0000   0.0000E+00  0.0000
   5.6234E-04   1.0000E-03   0.0000E+00  0.0000   0.0000E+00  0.0000   0.0000E+00  0.0000   0.0000E+00  0.0000
   1.0000E-03   1.7783E-03   0.0000E+00  0.0000   7.8598E-12  1.0000   0.0000E+00  0.0000   0.0000E+00  0.0000
   1.7783E-03   3.1623E-03   0.0000E+00  0.0000   4.0570E-12  1.0000   0.0000E+00  0.0000   0.0000E+00  0.0000
   3.1623E-03   5.6234E-03   1.4126E-05  1.0000   5.9939E-12  1.0000   0.0000E+00  0.0000   0.0000E+00  0.0000
   5.6234E-03   1.0000E-02   2.0273E-06  1.0000   9.6133E-12  1.0000   0.0000E+00  0.0000   0.0000E+00  0.0000
   1.0000E-02   1.7783E-02   9.8052E-06  0.8983   1.7238E-11  1.0000   0.0000E+00  0.0000   0.0000E+00  0.0000
   1.7783E-02   3.1623E-02   1.2178E-05  1.0000   3.5587E-11  1.0000   0.0000E+00  0.0000   0.0000E+00  0.0000
   3.1623E-02   5.6234E-02   0.0000E+00  0.0000   8.3139E-11  1.0000   0.0000E+00  0.0000   0.0000E+00  0.0000
   5.6234E-02   1.0000E-01   0.0000E+00  0.0000   2.0831E-10  1.0000   0.0000E+00  0.0000   0.0000E+00  0.0000
   1.0000E-01   1.7783E-01   5.4659E-07  1.0000   5.3471E-10  1.0000   0.0000E+00  0.0000   0.0000E+00  0.0000
   1.7783E-01   3.1623E-01   1.6384E-05  0.8247   1.3987E-09  1.0000   0.0000E+00  0.0000   0.0000E+00  0.0000
   3.1623E-01   5.6234E-01   4.1840E-05  1.0000   3.7491E-09  1.0000   0.0000E+00  0.0000   0.0000E+00  0.0000
   5.6234E-01   1.0000E+00   1.1642E-05  1.0000   1.0283E-08  1.0000   0.0000E+00  0.0000   0.0000E+00  0.0000
   1.0000E+00   1.7783E+00   0.0000E+00  0.0000   2.8794E-08  1.0000   0.0000E+00  0.0000   0.0000E+00  0.0000
   1.7783E+00   3.1623E+00   1.0351E-04  0.9929   8.1902E-08  1.0000   0.0000E+00  0.0000   0.0000E+00  0.0000
   3.1623E+00   5.6234E+00   0.0000E+00  0.0000   2.3146E-07  1.0000   0.0000E+00  0.0000   0.0000E+00  0.0000
   5.6234E+00   1.0000E+01   8.3059E-07  1.0000   6.4479E-07  1.0000   0.0000E+00  0.0000   0.0000E+00  0.0000
   1.0000E+01   1.7783E+01   2.1790E-05  1.0000   1.7556E-06  1.0000   0.0000E+00  0.0000   0.0000E+00  0.0000
   1.7783E+01   3.1623E+01   0.0000E+00  0.0000   4.5834E-06  1.0000   0.0000E+00  0.0000   0.0000E+00  0.0000
   3.1623E+01   5.6234E+01   0.0000E+00  0.0000   1.4166E-05  0.8179   0.0000E+00  0.0000   0.0000E+00  0.0000
   5.6234E+01   1.0000E+02   0.0000E+00  0.0000   6.8596E-05  0.5791   0.0000E+00  0.0000   0.0000E+00  0.0000
   1.0000E+02   1.7783E+02   0.0000E+00  0.0000   9.7866E-05  0.5446   0.0000E+00  0.0000   0.0000E+00  0.0000
   1.7783E+02   3.1623E+02   0.0000E+00  0.0000   3.0880E-04  0.4204   0.0000E+00  0.0000   0.0000E+00  0.0000
   3.1623E+02   5.6234E+02   0.0000E+00  0.0000   5.8662E-04  0.3310   0.0000E+00  0.0000   0.0000E+00  0.0000
   5.6234E+02   1.0000E+03   0.0000E+00  0.0000   8.3076E-04  0.2660   0.0000E+00  0.0000   0.0000E+00  0.0000
   1.0000E+03   1.7783E+03   0.0000E+00  0.0000   9.8017E-04  0.2474   0.0000E+00  0.0000   0.0000E+00  0.0000
   1.7783E+03   3.1623E+03   0.0000E+00  0.0000   1.2556E-03  0.2696   0.0000E+00  0.0000   0.0000E+00  0.0000
   3.1623E+03   5.6234E+03   0.0000E+00  0.0000   9.0960E-04  0.2635   0.0000E+00  0.0000   0.0000E+00  0.0000
   5.6234E+03   1.0000E+04   0.0000E+00  0.0000   7.5594E-04  0.3246   0.0000E+00  0.0000   0.0000E+00  0.0000
   1.0000E+04   1.7783E+04   0.0000E+00  0.0000   7.8124E-04  0.3021   0.0000E+00  0.0000   0.0000E+00  0.0000
   1.7783E+04   3.1623E+04   0.0000E+00  0.0000   6.1644E-05  1.0000   0.0000E+00  0.0000   0.0000E+00  0.0000
   3.1623E+04   5.6234E+04   0.0000E+00  0.0000   2.4224E-04  0.5851   0.0000E+00  0.0000   0.0000E+00  0.0000
   5.6234E+04   1.0000E+05   0.0000E+00  0.0000   5.8616E-05  1.0000   0.0000E+00  0.0000   0.0000E+00  0.0000

#   sum over                 9.8679E-04  0.5902   6.9592E-03  0.0985   0.0000E+00  0.0000   0.0000E+00  0.0000

'no. = 32, (ix,iy,iz) = (  1,  1, 32)'
msuc: {\huge Flux spectra vs depth in concrete}
msdr: {\it plotted by \ANGEL \version}
msdl: {\it calculated by \PHITS  3.36}
wt: s(0.7)
\vspace{-3}
   vol  &=&   2.8800E+07 [cm^3]
  xmin  &=&  -6.0000E+02 [cm]
  xmax  &=&   6.0000E+02 [cm]
  ymin  &=&  -6.0000E+02 [cm]
  ymax  &=&   6.0000E+02 [cm]
  zmin  &=&  -8.0000E+01 [cm]
  zmax  &=&  -6.0000E+01 [cm]
e:

#------------------------------------------------------------------------------
 newpage:
#   no. = 33   ix  =  1   iy  =  1   iz  = 33
#   x = (  -6.0000E+02  -   6.0000E+02  )
#   y = (  -6.0000E+02  -   6.0000E+02  )
#   z = (  -6.0000E+01  -  -4.0000E+01  )

x: Energy [MeV/n]
y: Flux [1/cm^2/source]              
p: xlog ylog afac(0.8) form(0.9)
h: n            x            y(neutron ),hh0l n y(muon-   ),hh0dr n y(muon+   ),hh0ub n y(proton  ),hh0mg n 
#  e-lower      e-upper        neutron   r.err      muon-     r.err      muon+     r.err      proton    r.err 
   1.0000E-10   1.7783E-10   0.0000E+00  0.0000   0.0000E+00  0.0000   0.0000E+00  0.0000   0.0000E+00  0.0000
   1.7783E-10   3.1623E-10   0.0000E+00  0.0000   0.0000E+00  0.0000   0.0000E+00  0.0000   0.0000E+00  0.0000
   3.1623E-10   5.6234E-10   0.0000E+00  0.0000   0.0000E+00  0.0000   0.0000E+00  0.0000   0.0000E+00  0.0000
   5.6234E-10   1.0000E-09   0.0000E+00  0.0000   0.0000E+00  0.0000   0.0000E+00  0.0000   0.0000E+00  0.0000
   1.0000E-09   1.7783E-09   0.0000E+00  0.0000   0.0000E+00  0.0000   0.0000E+00  0.0000   0.0000E+00  0.0000
   1.7783E-09   3.1623E-09   0.0000E+00  0.0000   0.0000E+00  0.0000   0.0000E+00  0.0000   0.0000E+00  0.0000
   3.1623E-09   5.6234E-09   1.2485E-07  1.0000   0.0000E+00  0.0000   0.0000E+00  0.0000   0.0000E+00  0.0000
   5.6234E-09   1.0000E-08   3.5038E-07  1.0000   0.0000E+00  0.0000   0.0000E+00  0.0000   0.0000E+00  0.0000
   1.0000E-08   1.7783E-08   0.0000E+00  0.0000   0.0000E+00  0.0000   0.0000E+00  0.0000   0.0000E+00  0.0000
   1.7783E-08   3.1623E-08   1.6746E-05  1.0000   0.0000E+00  0.0000   0.0000E+00  0.0000   0.0000E+00  0.0000
   3.1623E-08   5.6234E-08   2.1694E-05  1.0000   0.0000E+00  0.0000   0.0000E+00  0.0000   0.0000E+00  0.0000
   5.6234E-08   1.0000E-07   3.1400E-05  1.0000   0.0000E+00  0.0000   0.0000E+00  0.0000   0.0000E+00  0.0000
   1.0000E-07   1.7783E-07   0.0000E+00  0.0000   0.0000E+00  0.0000   0.0000E+00  0.0000   0.0000E+00  0.0000
   1.7783E-07   3.1623E-07   0.0000E+00  0.0000   0.0000E+00  0.0000   0.0000E+00  0.0000   0.0000E+00  0.0000
   3.1623E-07   5.6234E-07   1.2814E-05  1.0000   0.0000E+00  0.0000   0.0000E+00  0.0000   0.0000E+00  0.0000
   5.6234E-07   1.0000E-06   0.0000E+00  0.0000   0.0000E+00  0.0000   0.0000E+00  0.0000   0.0000E+00  0.0000
   1.0000E-06   1.7783E-06   4.2817E-06  1.0000   0.0000E+00  0.0000   0.0000E+00  0.0000   0.0000E+00  0.0000
   1.7783E-06   3.1623E-06   2.1868E-05  1.0000   0.0000E+00  0.0000   0.0000E+00  0.0000   0.0000E+00  0.0000
   3.1623E-06   5.6234E-06   1.4320E-06  1.0000   0.0000E+00  0.0000   0.0000E+00  0.0000   0.0000E+00  0.0000
   5.6234E-06   1.0000E-05   5.6071E-06  1.0000   0.0000E+00  0.0000   0.0000E+00  0.0000   0.0000E+00  0.0000
   1.0000E-05   1.7783E-05   0.0000E+00  0.0000   0.0000E+00  0.0000   0.0000E+00  0.0000   0.0000E+00  0.0000
   1.7783E-05   3.1623E-05   2.9824E-06  1.0000   0.0000E+00  0.0000   0.0000E+00  0.0000   0.0000E+00  0.0000
   3.1623E-05   5.6234E-05   6.4494E-06  1.0000   0.0000E+00  0.0000   0.0000E+00  0.0000   0.0000E+00  0.0000
   5.6234E-05   1.0000E-04   8.9084E-06  1.0000   0.0000E+00  0.0000   0.0000E+00  0.0000   0.0000E+00  0.0000
   1.0000E-04   1.7783E-04   1.7339E-05  1.0000   0.0000E+00  0.0000   0.0000E+00  0.0000   0.0000E+00  0.0000
   1.7783E-04   3.1623E-04   2.9720E-05  1.0000   0.0000E+00  0.0000   0.0000E+00  0.0000   0.0000E+00  0.0000
   3.1623E-04   5.6234E-04   2.0905E-05  1.0000   0.0000E+00  0.0000   0.0000E+00  0.0000   0.0000E+00  0.0000
   5.6234E-04   1.0000E-03   1.2772E-06  1.0000   0.0000E+00  0.0000   0.0000E+00  0.0000   0.0000E+00  0.0000
   1.0000E-03   1.7783E-03   0.0000E+00  0.0000   2.4912E-11  0.5766   0.0000E+00  0.0000   0.0000E+00  0.0000
   1.7783E-03   3.1623E-03   5.3736E-06  1.0000   1.2171E-11  0.5766   0.0000E+00  0.0000   0.0000E+00  0.0000
   3.1623E-03   5.6234E-03   8.9395E-06  1.0000   1.7982E-11  0.5766   0.0000E+00  0.0000   0.0000E+00  0.0000
   5.6234E-03   1.0000E-02   1.7117E-05  1.0000   2.8840E-11  0.5766   0.0000E+00  0.0000   0.0000E+00  0.0000
   1.0000E-02   1.7783E-02   4.5922E-05  1.0000   5.1713E-11  0.5766   0.0000E+00  0.0000   0.0000E+00  0.0000
   1.7783E-02   3.1623E-02   1.0276E-06  1.0000   1.0676E-10  0.5766   0.0000E+00  0.0000   0.0000E+00  0.0000
   3.1623E-02   5.6234E-02   0.0000E+00  0.0000   2.4942E-10  0.5766   0.0000E+00  0.0000   0.0000E+00  0.0000
   5.6234E-02   1.0000E-01   3.5928E-06  1.0000   6.2494E-10  0.5766   0.0000E+00  0.0000   0.0000E+00  0.0000
   1.0000E-01   1.7783E-01   0.0000E+00  0.0000   1.6041E-09  0.5766   0.0000E+00  0.0000   0.0000E+00  0.0000
   1.7783E-01   3.1623E-01   5.1054E-06  1.0000   4.1961E-09  0.5766   0.0000E+00  0.0000   0.0000E+00  0.0000
   3.1623E-01   5.6234E-01   6.2164E-06  1.0000   1.1247E-08  0.5766   0.0000E+00  0.0000   0.0000E+00  0.0000
   5.6234E-01   1.0000E+00   4.9579E-08  1.0000   3.0849E-08  0.5766   0.0000E+00  0.0000   0.0000E+00  0.0000
   1.0000E+00   1.7783E+00   0.0000E+00  0.0000   8.6381E-08  0.5766   0.0000E+00  0.0000   0.0000E+00  0.0000
   1.7783E+00   3.1623E+00   1.7520E-05  1.0000   2.4571E-07  0.5766   0.0000E+00  0.0000   0.0000E+00  0.0000
   3.1623E+00   5.6234E+00   3.0501E-05  1.0000   6.9439E-07  0.5766   0.0000E+00  0.0000   0.0000E+00  0.0000
   5.6234E+00   1.0000E+01   2.6233E-05  1.0000   1.9344E-06  0.5766   0.0000E+00  0.0000   0.0000E+00  0.0000
   1.0000E+01   1.7783E+01   0.0000E+00  0.0000   5.2667E-06  0.5766   0.0000E+00  0.0000   0.0000E+00  0.0000
   1.7783E+01   3.1623E+01   0.0000E+00  0.0000   1.3750E-05  0.5766   0.0000E+00  0.0000   0.0000E+00  0.0000
   3.1623E+01   5.6234E+01   0.0000E+00  0.0000   3.3614E-05  0.5766   0.0000E+00  0.0000   0.0000E+00  0.0000
   5.6234E+01   1.0000E+02   0.0000E+00  0.0000   7.9247E-05  0.5434   0.0000E+00  0.0000   0.0000E+00  0.0000
   1.0000E+02   1.7783E+02   0.0000E+00  0.0000   1.0084E-04  0.5737   0.0000E+00  0.0000   0.0000E+00  0.0000
   1.7783E+02   3.1623E+02   0.0000E+00  0.0000   1.6594E-04  0.4879   0.0000E+00  0.0000   0.0000E+00  0.0000
   3.1623E+02   5.6234E+02   0.0000E+00  0.0000   6.0836E-04  0.3047   0.0000E+00  0.0000   0.0000E+00  0.0000
   5.6234E+02   1.0000E+03   0.0000E+00  0.0000   8.9729E-04  0.2565   0.0000E+00  0.0000   0.0000E+00  0.0000
   1.0000E+03   1.7783E+03   0.0000E+00  0.0000   8.8720E-04  0.2665   0.0000E+00  0.0000   0.0000E+00  0.0000
   1.7783E+03   3.1623E+03   0.0000E+00  0.0000   1.5917E-03  0.2346   0.0000E+00  0.0000   0.0000E+00  0.0000
   3.1623E+03   5.6234E+03   0.0000E+00  0.0000   9.1711E-04  0.2623   0.0000E+00  0.0000   0.0000E+00  0.0000
   5.6234E+03   1.0000E+04   0.0000E+00  0.0000   8.2810E-04  0.3113   0.0000E+00  0.0000   0.0000E+00  0.0000
   1.0000E+04   1.7783E+04   0.0000E+00  0.0000   7.8123E-04  0.3021   0.0000E+00  0.0000   0.0000E+00  0.0000
   1.7783E+04   3.1623E+04   0.0000E+00  0.0000   6.1644E-05  1.0000   0.0000E+00  0.0000   0.0000E+00  0.0000
   3.1623E+04   5.6234E+04   0.0000E+00  0.0000   2.2183E-04  0.6024   0.0000E+00  0.0000   0.0000E+00  0.0000
   5.6234E+04   1.0000E+05   0.0000E+00  0.0000   5.8616E-05  1.0000   0.0000E+00  0.0000   0.0000E+00  0.0000

#   sum over                 3.7150E-04  1.0000   7.2548E-03  0.0957   0.0000E+00  0.0000   0.0000E+00  0.0000

'no. = 33, (ix,iy,iz) = (  1,  1, 33)'
msuc: {\huge Flux spectra vs depth in concrete}
msdr: {\it plotted by \ANGEL \version}
msdl: {\it calculated by \PHITS  3.36}
wt: s(0.7)
\vspace{-3}
   vol  &=&   2.8800E+07 [cm^3]
  xmin  &=&  -6.0000E+02 [cm]
  xmax  &=&   6.0000E+02 [cm]
  ymin  &=&  -6.0000E+02 [cm]
  ymax  &=&   6.0000E+02 [cm]
  zmin  &=&  -6.0000E+01 [cm]
  zmax  &=&  -4.0000E+01 [cm]
e:

#------------------------------------------------------------------------------
 newpage:
#   no. = 34   ix  =  1   iy  =  1   iz  = 34
#   x = (  -6.0000E+02  -   6.0000E+02  )
#   y = (  -6.0000E+02  -   6.0000E+02  )
#   z = (  -4.0000E+01  -  -2.0000E+01  )

x: Energy [MeV/n]
y: Flux [1/cm^2/source]              
p: xlog ylog afac(0.8) form(0.9)
h: n            x            y(neutron ),hh0l n y(muon-   ),hh0dr n y(muon+   ),hh0ub n y(proton  ),hh0mg n 
#  e-lower      e-upper        neutron   r.err      muon-     r.err      muon+     r.err      proton    r.err 
   1.0000E-10   1.7783E-10   0.0000E+00  0.0000   0.0000E+00  0.0000   0.0000E+00  0.0000   0.0000E+00  0.0000
   1.7783E-10   3.1623E-10   0.0000E+00  0.0000   0.0000E+00  0.0000   0.0000E+00  0.0000   0.0000E+00  0.0000
   3.1623E-10   5.6234E-10   0.0000E+00  0.0000   0.0000E+00  0.0000   0.0000E+00  0.0000   0.0000E+00  0.0000
   5.6234E-10   1.0000E-09   0.0000E+00  0.0000   0.0000E+00  0.0000   0.0000E+00  0.0000   0.0000E+00  0.0000
   1.0000E-09   1.7783E-09   0.0000E+00  0.0000   0.0000E+00  0.0000   0.0000E+00  0.0000   0.0000E+00  0.0000
   1.7783E-09   3.1623E-09   0.0000E+00  0.0000   0.0000E+00  0.0000   0.0000E+00  0.0000   0.0000E+00  0.0000
   3.1623E-09   5.6234E-09   0.0000E+00  0.0000   0.0000E+00  0.0000   0.0000E+00  0.0000   0.0000E+00  0.0000
   5.6234E-09   1.0000E-08   0.0000E+00  0.0000   0.0000E+00  0.0000   0.0000E+00  0.0000   0.0000E+00  0.0000
   1.0000E-08   1.7783E-08   0.0000E+00  0.0000   0.0000E+00  0.0000   0.0000E+00  0.0000   0.0000E+00  0.0000
   1.7783E-08   3.1623E-08   0.0000E+00  0.0000   0.0000E+00  0.0000   0.0000E+00  0.0000   0.0000E+00  0.0000
   3.1623E-08   5.6234E-08   0.0000E+00  0.0000   0.0000E+00  0.0000   0.0000E+00  0.0000   0.0000E+00  0.0000
   5.6234E-08   1.0000E-07   0.0000E+00  0.0000   0.0000E+00  0.0000   0.0000E+00  0.0000   0.0000E+00  0.0000
   1.0000E-07   1.7783E-07   0.0000E+00  0.0000   0.0000E+00  0.0000   0.0000E+00  0.0000   0.0000E+00  0.0000
   1.7783E-07   3.1623E-07   0.0000E+00  0.0000   0.0000E+00  0.0000   0.0000E+00  0.0000   0.0000E+00  0.0000
   3.1623E-07   5.6234E-07   0.0000E+00  0.0000   0.0000E+00  0.0000   0.0000E+00  0.0000   0.0000E+00  0.0000
   5.6234E-07   1.0000E-06   0.0000E+00  0.0000   0.0000E+00  0.0000   0.0000E+00  0.0000   0.0000E+00  0.0000
   1.0000E-06   1.7783E-06   0.0000E+00  0.0000   0.0000E+00  0.0000   0.0000E+00  0.0000   0.0000E+00  0.0000
   1.7783E-06   3.1623E-06   0.0000E+00  0.0000   0.0000E+00  0.0000   0.0000E+00  0.0000   0.0000E+00  0.0000
   3.1623E-06   5.6234E-06   0.0000E+00  0.0000   0.0000E+00  0.0000   0.0000E+00  0.0000   0.0000E+00  0.0000
   5.6234E-06   1.0000E-05   0.0000E+00  0.0000   0.0000E+00  0.0000   0.0000E+00  0.0000   0.0000E+00  0.0000
   1.0000E-05   1.7783E-05   0.0000E+00  0.0000   0.0000E+00  0.0000   0.0000E+00  0.0000   0.0000E+00  0.0000
   1.7783E-05   3.1623E-05   0.0000E+00  0.0000   0.0000E+00  0.0000   0.0000E+00  0.0000   0.0000E+00  0.0000
   3.1623E-05   5.6234E-05   0.0000E+00  0.0000   0.0000E+00  0.0000   0.0000E+00  0.0000   0.0000E+00  0.0000
   5.6234E-05   1.0000E-04   0.0000E+00  0.0000   0.0000E+00  0.0000   0.0000E+00  0.0000   0.0000E+00  0.0000
   1.0000E-04   1.7783E-04   0.0000E+00  0.0000   5.0134E-21  1.0000   0.0000E+00  0.0000   0.0000E+00  0.0000
   1.7783E-04   3.1623E-04   0.0000E+00  0.0000   0.0000E+00  0.0000   0.0000E+00  0.0000   0.0000E+00  0.0000
   3.1623E-04   5.6234E-04   0.0000E+00  0.0000   0.0000E+00  0.0000   0.0000E+00  0.0000   0.0000E+00  0.0000
   5.6234E-04   1.0000E-03   0.0000E+00  0.0000   0.0000E+00  0.0000   0.0000E+00  0.0000   0.0000E+00  0.0000
   1.0000E-03   1.7783E-03   0.0000E+00  0.0000   2.4296E-11  0.5768   0.0000E+00  0.0000   0.0000E+00  0.0000
   1.7783E-03   3.1623E-03   0.0000E+00  0.0000   1.2171E-11  0.5766   0.0000E+00  0.0000   0.0000E+00  0.0000
   3.1623E-03   5.6234E-03   0.0000E+00  0.0000   1.7982E-11  0.5766   0.0000E+00  0.0000   0.0000E+00  0.0000
   5.6234E-03   1.0000E-02   0.0000E+00  0.0000   2.8840E-11  0.5766   0.0000E+00  0.0000   0.0000E+00  0.0000
   1.0000E-02   1.7783E-02   0.0000E+00  0.0000   5.1713E-11  0.5766   0.0000E+00  0.0000   0.0000E+00  0.0000
   1.7783E-02   3.1623E-02   0.0000E+00  0.0000   1.0676E-10  0.5766   0.0000E+00  0.0000   0.0000E+00  0.0000
   3.1623E-02   5.6234E-02   0.0000E+00  0.0000   2.4942E-10  0.5766   0.0000E+00  0.0000   0.0000E+00  0.0000
   5.6234E-02   1.0000E-01   0.0000E+00  0.0000   6.2494E-10  0.5766   0.0000E+00  0.0000   0.0000E+00  0.0000
   1.0000E-01   1.7783E-01   0.0000E+00  0.0000   1.6041E-09  0.5766   0.0000E+00  0.0000   0.0000E+00  0.0000
   1.7783E-01   3.1623E-01   0.0000E+00  0.0000   4.1961E-09  0.5766   0.0000E+00  0.0000   0.0000E+00  0.0000
   3.1623E-01   5.6234E-01   0.0000E+00  0.0000   1.1247E-08  0.5766   0.0000E+00  0.0000   0.0000E+00  0.0000
   5.6234E-01   1.0000E+00   0.0000E+00  0.0000   3.0849E-08  0.5766   0.0000E+00  0.0000   0.0000E+00  0.0000
   1.0000E+00   1.7783E+00   0.0000E+00  0.0000   8.6381E-08  0.5766   0.0000E+00  0.0000   0.0000E+00  0.0000
   1.7783E+00   3.1623E+00   0.0000E+00  0.0000   2.4571E-07  0.5766   0.0000E+00  0.0000   0.0000E+00  0.0000
   3.1623E+00   5.6234E+00   0.0000E+00  0.0000   6.9439E-07  0.5766   0.0000E+00  0.0000   0.0000E+00  0.0000
   5.6234E+00   1.0000E+01   0.0000E+00  0.0000   1.9344E-06  0.5766   0.0000E+00  0.0000   0.0000E+00  0.0000
   1.0000E+01   1.7783E+01   0.0000E+00  0.0000   5.2667E-06  0.5766   0.0000E+00  0.0000   0.0000E+00  0.0000
   1.7783E+01   3.1623E+01   0.0000E+00  0.0000   1.3750E-05  0.5766   0.0000E+00  0.0000   0.0000E+00  0.0000
   3.1623E+01   5.6234E+01   0.0000E+00  0.0000   3.3614E-05  0.5766   0.0000E+00  0.0000   0.0000E+00  0.0000
   5.6234E+01   1.0000E+02   0.0000E+00  0.0000   7.3174E-05  0.5693   0.0000E+00  0.0000   0.0000E+00  0.0000
   1.0000E+02   1.7783E+02   0.0000E+00  0.0000   1.4891E-04  0.5321   0.0000E+00  0.0000   0.0000E+00  0.0000
   1.7783E+02   3.1623E+02   0.0000E+00  0.0000   2.6356E-04  0.4831   0.0000E+00  0.0000   0.0000E+00  0.0000
   3.1623E+02   5.6234E+02   0.0000E+00  0.0000   4.2171E-04  0.3770   0.0000E+00  0.0000   0.0000E+00  0.0000
   5.6234E+02   1.0000E+03   0.0000E+00  0.0000   1.0489E-03  0.2556   0.0000E+00  0.0000   0.0000E+00  0.0000
   1.0000E+03   1.7783E+03   0.0000E+00  0.0000   9.4862E-04  0.2730   0.0000E+00  0.0000   0.0000E+00  0.0000
   1.7783E+03   3.1623E+03   0.0000E+00  0.0000   1.4218E-03  0.2109   0.0000E+00  0.0000   0.0000E+00  0.0000
   3.1623E+03   5.6234E+03   0.0000E+00  0.0000   1.1541E-03  0.2795   0.0000E+00  0.0000   0.0000E+00  0.0000
   5.6234E+03   1.0000E+04   0.0000E+00  0.0000   8.7322E-04  0.2964   0.0000E+00  0.0000   0.0000E+00  0.0000
   1.0000E+04   1.7783E+04   0.0000E+00  0.0000   8.0105E-04  0.2955   0.0000E+00  0.0000   0.0000E+00  0.0000
   1.7783E+04   3.1623E+04   0.0000E+00  0.0000   6.1644E-05  1.0000   0.0000E+00  0.0000   0.0000E+00  0.0000
   3.1623E+04   5.6234E+04   0.0000E+00  0.0000   1.7716E-04  0.7114   0.0000E+00  0.0000   0.0000E+00  0.0000
   5.6234E+04   1.0000E+05   0.0000E+00  0.0000   5.8616E-05  1.0000   0.0000E+00  0.0000   0.0000E+00  0.0000

#   sum over                 0.0000E+00  0.0000   7.5080E-03  0.0946   0.0000E+00  0.0000   0.0000E+00  0.0000

'no. = 34, (ix,iy,iz) = (  1,  1, 34)'
msuc: {\huge Flux spectra vs depth in concrete}
msdr: {\it plotted by \ANGEL \version}
msdl: {\it calculated by \PHITS  3.36}
wt: s(0.7)
\vspace{-3}
   vol  &=&   2.8800E+07 [cm^3]
  xmin  &=&  -6.0000E+02 [cm]
  xmax  &=&   6.0000E+02 [cm]
  ymin  &=&  -6.0000E+02 [cm]
  ymax  &=&   6.0000E+02 [cm]
  zmin  &=&  -4.0000E+01 [cm]
  zmax  &=&  -2.0000E+01 [cm]
e:

#------------------------------------------------------------------------------
 newpage:
#   no. = 35   ix  =  1   iy  =  1   iz  = 35
#   x = (  -6.0000E+02  -   6.0000E+02  )
#   y = (  -6.0000E+02  -   6.0000E+02  )
#   z = (  -2.0000E+01  -   0.0000E+00  )

x: Energy [MeV/n]
y: Flux [1/cm^2/source]              
p: xlog ylog afac(0.8) form(0.9)
h: n            x            y(neutron ),hh0l n y(muon-   ),hh0dr n y(muon+   ),hh0ub n y(proton  ),hh0mg n 
#  e-lower      e-upper        neutron   r.err      muon-     r.err      muon+     r.err      proton    r.err 
   1.0000E-10   1.7783E-10   0.0000E+00  0.0000   0.0000E+00  0.0000   0.0000E+00  0.0000   0.0000E+00  0.0000
   1.7783E-10   3.1623E-10   0.0000E+00  0.0000   0.0000E+00  0.0000   0.0000E+00  0.0000   0.0000E+00  0.0000
   3.1623E-10   5.6234E-10   0.0000E+00  0.0000   0.0000E+00  0.0000   0.0000E+00  0.0000   0.0000E+00  0.0000
   5.6234E-10   1.0000E-09   0.0000E+00  0.0000   0.0000E+00  0.0000   0.0000E+00  0.0000   0.0000E+00  0.0000
   1.0000E-09   1.7783E-09   0.0000E+00  0.0000   0.0000E+00  0.0000   0.0000E+00  0.0000   0.0000E+00  0.0000
   1.7783E-09   3.1623E-09   0.0000E+00  0.0000   0.0000E+00  0.0000   0.0000E+00  0.0000   0.0000E+00  0.0000
   3.1623E-09   5.6234E-09   0.0000E+00  0.0000   0.0000E+00  0.0000   0.0000E+00  0.0000   0.0000E+00  0.0000
   5.6234E-09   1.0000E-08   0.0000E+00  0.0000   0.0000E+00  0.0000   0.0000E+00  0.0000   0.0000E+00  0.0000
   1.0000E-08   1.7783E-08   0.0000E+00  0.0000   0.0000E+00  0.0000   0.0000E+00  0.0000   0.0000E+00  0.0000
   1.7783E-08   3.1623E-08   0.0000E+00  0.0000   0.0000E+00  0.0000   0.0000E+00  0.0000   0.0000E+00  0.0000
   3.1623E-08   5.6234E-08   0.0000E+00  0.0000   0.0000E+00  0.0000   0.0000E+00  0.0000   0.0000E+00  0.0000
   5.6234E-08   1.0000E-07   0.0000E+00  0.0000   0.0000E+00  0.0000   0.0000E+00  0.0000   0.0000E+00  0.0000
   1.0000E-07   1.7783E-07   0.0000E+00  0.0000   0.0000E+00  0.0000   0.0000E+00  0.0000   0.0000E+00  0.0000
   1.7783E-07   3.1623E-07   0.0000E+00  0.0000   0.0000E+00  0.0000   0.0000E+00  0.0000   0.0000E+00  0.0000
   3.1623E-07   5.6234E-07   0.0000E+00  0.0000   0.0000E+00  0.0000   0.0000E+00  0.0000   0.0000E+00  0.0000
   5.6234E-07   1.0000E-06   0.0000E+00  0.0000   0.0000E+00  0.0000   0.0000E+00  0.0000   0.0000E+00  0.0000
   1.0000E-06   1.7783E-06   0.0000E+00  0.0000   0.0000E+00  0.0000   0.0000E+00  0.0000   0.0000E+00  0.0000
   1.7783E-06   3.1623E-06   0.0000E+00  0.0000   0.0000E+00  0.0000   0.0000E+00  0.0000   0.0000E+00  0.0000
   3.1623E-06   5.6234E-06   0.0000E+00  0.0000   0.0000E+00  0.0000   0.0000E+00  0.0000   0.0000E+00  0.0000
   5.6234E-06   1.0000E-05   0.0000E+00  0.0000   0.0000E+00  0.0000   0.0000E+00  0.0000   0.0000E+00  0.0000
   1.0000E-05   1.7783E-05   0.0000E+00  0.0000   0.0000E+00  0.0000   0.0000E+00  0.0000   0.0000E+00  0.0000
   1.7783E-05   3.1623E-05   0.0000E+00  0.0000   0.0000E+00  0.0000   0.0000E+00  0.0000   0.0000E+00  0.0000
   3.1623E-05   5.6234E-05   0.0000E+00  0.0000   0.0000E+00  0.0000   0.0000E+00  0.0000   0.0000E+00  0.0000
   5.6234E-05   1.0000E-04   0.0000E+00  0.0000   0.0000E+00  0.0000   0.0000E+00  0.0000   0.0000E+00  0.0000
   1.0000E-04   1.7783E-04   0.0000E+00  0.0000   1.5236E-17  0.9994   0.0000E+00  0.0000   0.0000E+00  0.0000
   1.7783E-04   3.1623E-04   0.0000E+00  0.0000   0.0000E+00  0.0000   0.0000E+00  0.0000   0.0000E+00  0.0000
   3.1623E-04   5.6234E-04   0.0000E+00  0.0000   0.0000E+00  0.0000   0.0000E+00  0.0000   0.0000E+00  0.0000
   5.6234E-04   1.0000E-03   0.0000E+00  0.0000   0.0000E+00  0.0000   0.0000E+00  0.0000   0.0000E+00  0.0000
   1.0000E-03   1.7783E-03   0.0000E+00  0.0000   3.3215E-11  0.4991   0.0000E+00  0.0000   0.0000E+00  0.0000
   1.7783E-03   3.1623E-03   0.0000E+00  0.0000   1.6228E-11  0.4991   0.0000E+00  0.0000   0.0000E+00  0.0000
   3.1623E-03   5.6234E-03   0.0000E+00  0.0000   2.3976E-11  0.4991   0.0000E+00  0.0000   0.0000E+00  0.0000
   5.6234E-03   1.0000E-02   0.0000E+00  0.0000   3.8453E-11  0.4991   0.0000E+00  0.0000   0.0000E+00  0.0000
   1.0000E-02   1.7783E-02   0.0000E+00  0.0000   6.8950E-11  0.4991   0.0000E+00  0.0000   0.0000E+00  0.0000
   1.7783E-02   3.1623E-02   0.0000E+00  0.0000   1.4235E-10  0.4991   0.0000E+00  0.0000   0.0000E+00  0.0000
   3.1623E-02   5.6234E-02   0.0000E+00  0.0000   3.3255E-10  0.4991   0.0000E+00  0.0000   0.0000E+00  0.0000
   5.6234E-02   1.0000E-01   0.0000E+00  0.0000   8.3326E-10  0.4991   0.0000E+00  0.0000   0.0000E+00  0.0000
   1.0000E-01   1.7783E-01   0.0000E+00  0.0000   2.1389E-09  0.4991   0.0000E+00  0.0000   0.0000E+00  0.0000
   1.7783E-01   3.1623E-01   0.0000E+00  0.0000   5.5948E-09  0.4991   0.0000E+00  0.0000   0.0000E+00  0.0000
   3.1623E-01   5.6234E-01   0.0000E+00  0.0000   1.4997E-08  0.4991   0.0000E+00  0.0000   0.0000E+00  0.0000
   5.6234E-01   1.0000E+00   0.0000E+00  0.0000   4.1132E-08  0.4991   0.0000E+00  0.0000   0.0000E+00  0.0000
   1.0000E+00   1.7783E+00   4.5325E-06  1.0000   1.1517E-07  0.4991   0.0000E+00  0.0000   0.0000E+00  0.0000
   1.7783E+00   3.1623E+00   0.0000E+00  0.0000   3.2761E-07  0.4991   0.0000E+00  0.0000   0.0000E+00  0.0000
   3.1623E+00   5.6234E+00   0.0000E+00  0.0000   9.2585E-07  0.4991   0.0000E+00  0.0000   0.0000E+00  0.0000
   5.6234E+00   1.0000E+01   0.0000E+00  0.0000   2.5791E-06  0.4991   0.0000E+00  0.0000   0.0000E+00  0.0000
   1.0000E+01   1.7783E+01   0.0000E+00  0.0000   6.6439E-06  0.5015   0.0000E+00  0.0000   0.0000E+00  0.0000
   1.7783E+01   3.1623E+01   0.0000E+00  0.0000   1.3750E-05  0.5766   0.0000E+00  0.0000   0.0000E+00  0.0000
   3.1623E+01   5.6234E+01   0.0000E+00  0.0000   3.3614E-05  0.5766   0.0000E+00  0.0000   0.0000E+00  0.0000
   5.6234E+01   1.0000E+02   0.0000E+00  0.0000   5.6696E-05  0.5728   0.0000E+00  0.0000   0.0000E+00  0.0000
   1.0000E+02   1.7783E+02   0.0000E+00  0.0000   1.4794E-04  0.5486   0.0000E+00  0.0000   0.0000E+00  0.0000
   1.7783E+02   3.1623E+02   0.0000E+00  0.0000   1.7820E-04  0.4475   0.0000E+00  0.0000   0.0000E+00  0.0000
   3.1623E+02   5.6234E+02   0.0000E+00  0.0000   3.9754E-04  0.4127   0.0000E+00  0.0000   0.0000E+00  0.0000
   5.6234E+02   1.0000E+03   0.0000E+00  0.0000   1.1237E-03  0.2396   0.0000E+00  0.0000   0.0000E+00  0.0000
   1.0000E+03   1.7783E+03   0.0000E+00  0.0000   1.1244E-03  0.2640   0.0000E+00  0.0000   0.0000E+00  0.0000
   1.7783E+03   3.1623E+03   0.0000E+00  0.0000   1.3167E-03  0.2150   0.0000E+00  0.0000   0.0000E+00  0.0000
   3.1623E+03   5.6234E+03   0.0000E+00  0.0000   1.2902E-03  0.2683   0.0000E+00  0.0000   0.0000E+00  0.0000
   5.6234E+03   1.0000E+04   0.0000E+00  0.0000   9.0573E-04  0.2955   0.0000E+00  0.0000   0.0000E+00  0.0000
   1.0000E+04   1.7783E+04   0.0000E+00  0.0000   1.0012E-03  0.2838   0.0000E+00  0.0000   0.0000E+00  0.0000
   1.7783E+04   3.1623E+04   0.0000E+00  0.0000   1.3488E-04  0.7093   0.0000E+00  0.0000   0.0000E+00  0.0000
   3.1623E+04   5.6234E+04   0.0000E+00  0.0000   1.7716E-04  0.7114   0.0000E+00  0.0000   0.0000E+00  0.0000
   5.6234E+04   1.0000E+05   0.0000E+00  0.0000   5.8616E-05  1.0000   0.0000E+00  0.0000   0.0000E+00  0.0000

#   sum over                 4.5325E-06  1.0000   7.9709E-03  0.0931   0.0000E+00  0.0000   0.0000E+00  0.0000

'no. = 35, (ix,iy,iz) = (  1,  1, 35)'
msuc: {\huge Flux spectra vs depth in concrete}
msdr: {\it plotted by \ANGEL \version}
msdl: {\it calculated by \PHITS  3.36}
wt: s(0.7)
\vspace{-3}
   vol  &=&   2.8800E+07 [cm^3]
  xmin  &=&  -6.0000E+02 [cm]
  xmax  &=&   6.0000E+02 [cm]
  ymin  &=&  -6.0000E+02 [cm]
  ymax  &=&   6.0000E+02 [cm]
  zmin  &=&  -2.0000E+01 [cm]
  zmax  &=&   0.0000E+00 [cm]
e:
 
# Information for Restart Calculation
# This calculation was newly started
# istdev =  2 # 1:Batch variance, 2:History variance
# resc2  = 1.25253229462814562E-02 # Total source weight or Total source weight / maxcas
# resc3  = 8.00000000000000000E+02 # Total history number or Total batch number
# maxcas =         800 # History / Batch, only used for istdev=1
# bitrseed = 0011010001010111110001101010101111010010100100011010001000111011 # bit data of rseed
