[ T-Track ]
    title = Neutron flux map, xz section
     mesh =  xyz            # mesh type is xyz scoring mesh
   x-type =    2            # x-mesh is linear given by xmin, xmax and nx
     xmin =  -700.0000      # minimum value of x-mesh points
     xmax =   700.0000      # maximum value of x-mesh points
#    xdel =   40.00000      # mesh width of x-mesh points
       nx =     35          # number of x-mesh points
#    data = ( x(i), i = 1, nx + 1 )
#          -7.00000E+02 -6.60000E+02 -6.20000E+02 -5.80000E+02 -5.40000E+02
#          -5.00000E+02 -4.60000E+02 -4.20000E+02 -3.80000E+02 -3.40000E+02
#          -3.00000E+02 -2.60000E+02 -2.20000E+02 -1.80000E+02 -1.40000E+02
#          -1.00000E+02 -6.00000E+01 -2.00000E+01  2.00000E+01  6.00000E+01
#           1.00000E+02  1.40000E+02  1.80000E+02  2.20000E+02  2.60000E+02
#           3.00000E+02  3.40000E+02  3.80000E+02  4.20000E+02  4.60000E+02
#           5.00000E+02  5.40000E+02  5.80000E+02  6.20000E+02  6.60000E+02
#           7.00000E+02
   y-type =    2            # y-mesh is linear given by ymin, ymax and ny
     ymin =  -1000.000      # minimum value of y-mesh points
     ymax =   1000.000      # maximum value of y-mesh points
#    ydel =   2000.000      # mesh width of y-mesh points
       ny =      1          # number of y-mesh points
#    data = ( y(i), i = 1, ny + 1 )
#          -1.00000E+03  1.00000E+03
   z-type =    2            # z-mesh is linear given by zmin, zmax and nz
     zmin =  -705.0000      # minimum value of z-mesh points
     zmax =   200.0000      # maximum value of z-mesh points
#    zdel =   39.34783      # mesh width of z-mesh points
       nz =     23          # number of z-mesh points
#    data = ( z(i), i = 1, nz + 1 )
#          -7.05000E+02 -6.65652E+02 -6.26304E+02 -5.86957E+02 -5.47609E+02
#          -5.08261E+02 -4.68913E+02 -4.29565E+02 -3.90217E+02 -3.50870E+02
#          -3.11522E+02 -2.72174E+02 -2.32826E+02 -1.93478E+02 -1.54130E+02
#          -1.14783E+02 -7.54348E+01 -3.60870E+01  3.26087E+00  4.26087E+01
#           8.19565E+01  1.21304E+02  1.60652E+02  2.00000E+02
   e-type =    1            # e-mesh is given by the below data
       ne =      4          # number of e-mesh points
#    data = ( e(i), i = 1, ne + 1 )
            1.00000E-10  5.00000E-07  1.00000E-01  2.00000E+01  1.00000E+05
     unit =    1            # unit is [1/cm^2/source]
 material =  all            # (D=all) number of specific material
  2D-type =    4            # 1:Cont, 2:Clust, 3:Color, 4:xyz, 5:mat, 6:Clust+Cont, 7:Col+Cont
     axis =      xz            # axis of output
     file = map_xz.out      # file name of output for the above axis
     part =  neutron    muon-    
# kf/name :  2112       13       
#    used :        main (  %)        temp (  %)       total (  %)
#  memory :          71 (  0)           0 (  0)          71 (  0)

#------------------------------------------------------------------------------
#newpage:
#   no. =  1   ie  =  1   iy  =  1   part. = neutron 
#   e = (   1.0000E-10  -   5.0000E-07  )
#   y = (  -1.0000E+03  -   1.0000E+03  )
#  nx =  35   nz =  23

# x          z          flux       r.err
 -6.800E+02 -6.853E+02  6.008E-04  0.6325
 -6.400E+02 -6.853E+02  2.957E-05  1.0000
 -6.000E+02 -6.853E+02  7.106E-04  1.0000
 -5.600E+02 -6.853E+02  2.137E-05  0.8135
 -5.200E+02 -6.853E+02  6.064E-05  0.7988
 -4.800E+02 -6.853E+02  0.000E+00  0.0000
 -4.400E+02 -6.853E+02  0.000E+00  0.0000
 -4.000E+02 -6.853E+02  0.000E+00  0.0000
 -3.600E+02 -6.853E+02  0.000E+00  0.0000
 -3.200E+02 -6.853E+02  0.000E+00  0.0000
 -2.800E+02 -6.853E+02  0.000E+00  0.0000
 -2.400E+02 -6.853E+02  8.982E-05  1.0000
 -2.000E+02 -6.853E+02  1.300E-04  1.0000
 -1.600E+02 -6.853E+02  1.937E-04  1.0000
 -1.200E+02 -6.853E+02  0.000E+00  0.0000
 -8.000E+01 -6.853E+02  0.000E+00  0.0000
 -4.000E+01 -6.853E+02  0.000E+00  0.0000
  0.000E+00 -6.853E+02  2.689E-04  1.0000
  4.000E+01 -6.853E+02  1.538E-04  0.7967
  8.000E+01 -6.853E+02  3.481E-04  1.0000
  1.200E+02 -6.853E+02  1.533E-05  1.0000
  1.600E+02 -6.853E+02  3.090E-04  1.0000
  2.000E+02 -6.853E+02  0.000E+00  0.0000
  2.400E+02 -6.853E+02  0.000E+00  0.0000
  2.800E+02 -6.853E+02  7.548E-05  1.0000
  3.200E+02 -6.853E+02  3.306E-04  1.0000
  3.600E+02 -6.853E+02  0.000E+00  0.0000
  4.000E+02 -6.853E+02  0.000E+00  0.0000
  4.400E+02 -6.853E+02  0.000E+00  0.0000
  4.800E+02 -6.853E+02  3.383E-04  1.0000
  5.200E+02 -6.853E+02  0.000E+00  0.0000
  5.600E+02 -6.853E+02  3.161E-04  1.0000
  6.000E+02 -6.853E+02  5.176E-06  1.0000
  6.400E+02 -6.853E+02  2.358E-04  1.0000
  6.800E+02 -6.853E+02  1.964E-04  1.0000
 -6.800E+02 -6.460E+02  5.382E-05  1.0000
 -6.400E+02 -6.460E+02  0.000E+00  0.0000
 -6.000E+02 -6.460E+02  1.515E-05  1.0000
 -5.600E+02 -6.460E+02  7.806E-05  1.0000
 -5.200E+02 -6.460E+02  3.773E-04  0.7922
 -4.800E+02 -6.460E+02  2.259E-04  0.7099
 -4.400E+02 -6.460E+02  0.000E+00  0.0000
 -4.000E+02 -6.460E+02  0.000E+00  0.0000
 -3.600E+02 -6.460E+02  0.000E+00  0.0000
 -3.200E+02 -6.460E+02  0.000E+00  0.0000
 -2.800E+02 -6.460E+02  7.836E-06  1.0000
 -2.400E+02 -6.460E+02  1.581E-04  0.9086
 -2.000E+02 -6.460E+02  3.053E-04  0.7132
 -1.600E+02 -6.460E+02  2.756E-04  1.0000
 -1.200E+02 -6.460E+02  0.000E+00  0.0000
 -8.000E+01 -6.460E+02  0.000E+00  0.0000
 -4.000E+01 -6.460E+02  0.000E+00  0.0000
  0.000E+00 -6.460E+02  0.000E+00  0.0000
  4.000E+01 -6.460E+02  0.000E+00  0.0000
  8.000E+01 -6.460E+02  6.875E-05  1.0000
  1.200E+02 -6.460E+02  1.906E-05  1.0000
  1.600E+02 -6.460E+02  0.000E+00  0.0000
  2.000E+02 -6.460E+02  0.000E+00  0.0000
  2.400E+02 -6.460E+02  2.202E-04  1.0000
  2.800E+02 -6.460E+02  9.494E-06  1.0000
  3.200E+02 -6.460E+02  2.881E-04  1.0000
  3.600E+02 -6.460E+02  1.499E-04  0.8819
  4.000E+02 -6.460E+02  1.428E-04  1.0000
  4.400E+02 -6.460E+02  2.351E-04  1.0000
  4.800E+02 -6.460E+02  1.494E-04  0.9503
  5.200E+02 -6.460E+02  0.000E+00  0.0000
  5.600E+02 -6.460E+02  9.143E-05  1.0000
  6.000E+02 -6.460E+02  4.230E-04  0.9914
  6.400E+02 -6.460E+02  0.000E+00  0.0000
  6.800E+02 -6.460E+02  0.000E+00  0.0000
 -6.800E+02 -6.066E+02  0.000E+00  0.0000
 -6.400E+02 -6.066E+02  0.000E+00  0.0000
 -6.000E+02 -6.066E+02  1.642E-04  1.0000
 -5.600E+02 -6.066E+02  4.111E-04  0.7071
 -5.200E+02 -6.066E+02  0.000E+00  0.0000
 -4.800E+02 -6.066E+02  7.534E-04  0.5991
 -4.400E+02 -6.066E+02  0.000E+00  0.0000
 -4.000E+02 -6.066E+02  0.000E+00  0.0000
 -3.600E+02 -6.066E+02  0.000E+00  0.0000
 -3.200E+02 -6.066E+02  0.000E+00  0.0000
 -2.800E+02 -6.066E+02  0.000E+00  0.0000
 -2.400E+02 -6.066E+02  0.000E+00  0.0000
 -2.000E+02 -6.066E+02  1.125E-05  1.0000
 -1.600E+02 -6.066E+02  0.000E+00  0.0000
 -1.200E+02 -6.066E+02  0.000E+00  0.0000
 -8.000E+01 -6.066E+02  0.000E+00  0.0000
 -4.000E+01 -6.066E+02  0.000E+00  0.0000
  0.000E+00 -6.066E+02  8.615E-06  1.0000
  4.000E+01 -6.066E+02  2.699E-04  0.7515
  8.000E+01 -6.066E+02  8.139E-04  1.0000
  1.200E+02 -6.066E+02  0.000E+00  0.0000
  1.600E+02 -6.066E+02  0.000E+00  0.0000
  2.000E+02 -6.066E+02  0.000E+00  0.0000
  2.400E+02 -6.066E+02  0.000E+00  0.0000
  2.800E+02 -6.066E+02  5.314E-04  1.0000
  3.200E+02 -6.066E+02  5.337E-05  1.0000
  3.600E+02 -6.066E+02  2.240E-04  0.9498
  4.000E+02 -6.066E+02  1.133E-04  1.0000
  4.400E+02 -6.066E+02  0.000E+00  0.0000
  4.800E+02 -6.066E+02  0.000E+00  0.0000
  5.200E+02 -6.066E+02  0.000E+00  0.0000
  5.600E+02 -6.066E+02  0.000E+00  0.0000
  6.000E+02 -6.066E+02  1.381E-04  1.0000
  6.400E+02 -6.066E+02  4.537E-05  1.0000
  6.800E+02 -6.066E+02  0.000E+00  0.0000
 -6.800E+02 -5.673E+02  0.000E+00  0.0000
 -6.400E+02 -5.673E+02  0.000E+00  0.0000
 -6.000E+02 -5.673E+02  9.919E-05  0.6168
 -5.600E+02 -5.673E+02  1.730E-03  0.4711
 -5.200E+02 -5.673E+02  7.340E-06  0.8130
 -4.800E+02 -5.673E+02  3.698E-04  0.7139
 -4.400E+02 -5.673E+02  4.495E-06  1.0000
 -4.000E+02 -5.673E+02  0.000E+00  0.0000
 -3.600E+02 -5.673E+02  4.274E-04  0.8497
 -3.200E+02 -5.673E+02  3.114E-04  0.7418
 -2.800E+02 -5.673E+02  2.218E-04  1.0000
 -2.400E+02 -5.673E+02  0.000E+00  0.0000
 -2.000E+02 -5.673E+02  0.000E+00  0.0000
 -1.600E+02 -5.673E+02  1.706E-04  1.0000
 -1.200E+02 -5.673E+02  2.004E-04  1.0000
 -8.000E+01 -5.673E+02  5.856E-04  1.0000
 -4.000E+01 -5.673E+02  8.031E-06  1.0000
  0.000E+00 -5.673E+02  6.980E-04  0.8040
  4.000E+01 -5.673E+02  9.798E-04  0.5569
  8.000E+01 -5.673E+02  7.965E-05  0.7165
  1.200E+02 -5.673E+02  8.743E-05  1.0000
  1.600E+02 -5.673E+02  3.493E-05  1.0000
  2.000E+02 -5.673E+02  3.759E-04  1.0000
  2.400E+02 -5.673E+02  0.000E+00  0.0000
  2.800E+02 -5.673E+02  8.378E-05  1.0000
  3.200E+02 -5.673E+02  0.000E+00  0.0000
  3.600E+02 -5.673E+02  0.000E+00  0.0000
  4.000E+02 -5.673E+02  1.857E-04  1.0000
  4.400E+02 -5.673E+02  0.000E+00  0.0000
  4.800E+02 -5.673E+02  0.000E+00  0.0000
  5.200E+02 -5.673E+02  0.000E+00  0.0000
  5.600E+02 -5.673E+02  4.401E-05  1.0000
  6.000E+02 -5.673E+02  3.287E-04  1.0000
  6.400E+02 -5.673E+02  0.000E+00  0.0000
  6.800E+02 -5.673E+02  0.000E+00  0.0000
 -6.800E+02 -5.279E+02  3.287E-05  1.0000
 -6.400E+02 -5.279E+02  1.662E-04  1.0000
 -6.000E+02 -5.279E+02  2.742E-04  0.7014
 -5.600E+02 -5.279E+02  2.963E-04  0.7131
 -5.200E+02 -5.279E+02  0.000E+00  0.0000
 -4.800E+02 -5.279E+02  2.715E-04  1.0000
 -4.400E+02 -5.279E+02  5.935E-04  0.9213
 -4.000E+02 -5.279E+02  4.788E-06  1.0000
 -3.600E+02 -5.279E+02  8.460E-05  0.7746
 -3.200E+02 -5.279E+02  1.487E-04  0.7574
 -2.800E+02 -5.279E+02  0.000E+00  0.0000
 -2.400E+02 -5.279E+02  0.000E+00  0.0000
 -2.000E+02 -5.279E+02  3.415E-04  0.6085
 -1.600E+02 -5.279E+02  5.266E-04  0.7586
 -1.200E+02 -5.279E+02  7.158E-04  0.6778
 -8.000E+01 -5.279E+02  5.580E-04  0.7114
 -4.000E+01 -5.279E+02  6.134E-05  1.0000
  0.000E+00 -5.279E+02  0.000E+00  0.0000
  4.000E+01 -5.279E+02  2.306E-04  0.7278
  8.000E+01 -5.279E+02  4.258E-04  0.7621
  1.200E+02 -5.279E+02  4.856E-05  1.0000
  1.600E+02 -5.279E+02  1.144E-04  0.7912
  2.000E+02 -5.279E+02  3.229E-04  0.7904
  2.400E+02 -5.279E+02  6.015E-05  1.0000
  2.800E+02 -5.279E+02  1.972E-04  0.9811
  3.200E+02 -5.279E+02  1.205E-04  1.0000
  3.600E+02 -5.279E+02  6.000E-05  1.0000
  4.000E+02 -5.279E+02  2.492E-04  0.7134
  4.400E+02 -5.279E+02  3.472E-04  1.0000
  4.800E+02 -5.279E+02  6.316E-05  1.0000
  5.200E+02 -5.279E+02  0.000E+00  0.0000
  5.600E+02 -5.279E+02  6.901E-06  1.0000
  6.000E+02 -5.279E+02  4.520E-04  0.5916
  6.400E+02 -5.279E+02  1.660E-04  0.8619
  6.800E+02 -5.279E+02  0.000E+00  0.0000
 -6.800E+02 -4.886E+02  4.740E-04  0.7903
 -6.400E+02 -4.886E+02  1.705E-04  0.8720
 -6.000E+02 -4.886E+02  6.369E-04  0.7242
 -5.600E+02 -4.886E+02  3.687E-04  1.0000
 -5.200E+02 -4.886E+02  0.000E+00  0.0000
 -4.800E+02 -4.886E+02  0.000E+00  0.0000
 -4.400E+02 -4.886E+02  8.958E-04  0.7187
 -4.000E+02 -4.886E+02  3.503E-05  1.0000
 -3.600E+02 -4.886E+02  4.466E-05  1.0000
 -3.200E+02 -4.886E+02  2.980E-04  0.8656
 -2.800E+02 -4.886E+02  2.566E-04  1.0000
 -2.400E+02 -4.886E+02  3.191E-05  1.0000
 -2.000E+02 -4.886E+02  1.067E-04  1.0000
 -1.600E+02 -4.886E+02  5.624E-04  0.6660
 -1.200E+02 -4.886E+02  8.576E-05  0.7508
 -8.000E+01 -4.886E+02  2.576E-05  1.0000
 -4.000E+01 -4.886E+02  0.000E+00  0.0000
  0.000E+00 -4.886E+02  0.000E+00  0.0000
  4.000E+01 -4.886E+02  7.791E-04  0.9381
  8.000E+01 -4.886E+02  1.117E-03  0.5131
  1.200E+02 -4.886E+02  6.633E-04  0.7072
  1.600E+02 -4.886E+02  3.113E-05  1.0000
  2.000E+02 -4.886E+02  1.063E-04  1.0000
  2.400E+02 -4.886E+02  6.562E-04  1.0000
  2.800E+02 -4.886E+02  4.330E-05  1.0000
  3.200E+02 -4.886E+02  7.685E-04  0.7843
  3.600E+02 -4.886E+02  3.800E-04  0.9307
  4.000E+02 -4.886E+02  1.569E-04  1.0000
  4.400E+02 -4.886E+02  6.691E-04  0.9289
  4.800E+02 -4.886E+02  5.645E-06  1.0000
  5.200E+02 -4.886E+02  1.050E-03  0.7841
  5.600E+02 -4.886E+02  3.943E-04  0.7486
  6.000E+02 -4.886E+02  0.000E+00  0.0000
  6.400E+02 -4.886E+02  3.670E-04  1.0000
  6.800E+02 -4.886E+02  0.000E+00  0.0000
 -6.800E+02 -4.492E+02  2.792E-06  1.0000
 -6.400E+02 -4.492E+02  1.790E-04  0.5300
 -6.000E+02 -4.492E+02  8.358E-04  0.5783
 -5.600E+02 -4.492E+02  5.711E-04  1.0000
 -5.200E+02 -4.492E+02  1.730E-05  1.0000
 -4.800E+02 -4.492E+02  0.000E+00  0.0000
 -4.400E+02 -4.492E+02  0.000E+00  0.0000
 -4.000E+02 -4.492E+02  0.000E+00  0.0000
 -3.600E+02 -4.492E+02  0.000E+00  0.0000
 -3.200E+02 -4.492E+02  0.000E+00  0.0000
 -2.800E+02 -4.492E+02  2.123E-04  1.0000
 -2.400E+02 -4.492E+02  4.448E-04  1.0000
 -2.000E+02 -4.492E+02  0.000E+00  0.0000
 -1.600E+02 -4.492E+02  0.000E+00  0.0000
 -1.200E+02 -4.492E+02  3.535E-04  1.0000
 -8.000E+01 -4.492E+02  0.000E+00  0.0000
 -4.000E+01 -4.492E+02  0.000E+00  0.0000
  0.000E+00 -4.492E+02  1.371E-04  1.0000
  4.000E+01 -4.492E+02  1.775E-05  1.0000
  8.000E+01 -4.492E+02  5.466E-05  1.0000
  1.200E+02 -4.492E+02  6.721E-06  1.0000
  1.600E+02 -4.492E+02  0.000E+00  0.0000
  2.000E+02 -4.492E+02  0.000E+00  0.0000
  2.400E+02 -4.492E+02  0.000E+00  0.0000
  2.800E+02 -4.492E+02  0.000E+00  0.0000
  3.200E+02 -4.492E+02  1.240E-05  1.0000
  3.600E+02 -4.492E+02  0.000E+00  0.0000
  4.000E+02 -4.492E+02  5.662E-04  0.7814
  4.400E+02 -4.492E+02  2.674E-04  0.8077
  4.800E+02 -4.492E+02  5.276E-04  0.7420
  5.200E+02 -4.492E+02  2.416E-04  1.0000
  5.600E+02 -4.492E+02  6.883E-05  0.7306
  6.000E+02 -4.492E+02  8.159E-04  0.7173
  6.400E+02 -4.492E+02  1.513E-04  1.0000
  6.800E+02 -4.492E+02  0.000E+00  0.0000
 -6.800E+02 -4.099E+02  0.000E+00  0.0000
 -6.400E+02 -4.099E+02  5.632E-05  1.0000
 -6.000E+02 -4.099E+02  0.000E+00  0.0000
 -5.600E+02 -4.099E+02  2.875E-04  1.0000
 -5.200E+02 -4.099E+02  1.882E-04  1.0000
 -4.800E+02 -4.099E+02  4.274E-04  1.0000
 -4.400E+02 -4.099E+02  0.000E+00  0.0000
 -4.000E+02 -4.099E+02  0.000E+00  0.0000
 -3.600E+02 -4.099E+02  0.000E+00  0.0000
 -3.200E+02 -4.099E+02  0.000E+00  0.0000
 -2.800E+02 -4.099E+02  0.000E+00  0.0000
 -2.400E+02 -4.099E+02  0.000E+00  0.0000
 -2.000E+02 -4.099E+02  0.000E+00  0.0000
 -1.600E+02 -4.099E+02  0.000E+00  0.0000
 -1.200E+02 -4.099E+02  4.110E-04  0.8538
 -8.000E+01 -4.099E+02  2.037E-04  0.7364
 -4.000E+01 -4.099E+02  1.251E-04  0.7070
  0.000E+00 -4.099E+02  1.821E-05  0.7625
  4.000E+01 -4.099E+02  7.236E-05  1.0000
  8.000E+01 -4.099E+02  1.933E-05  1.0000
  1.200E+02 -4.099E+02  3.286E-04  0.7095
  1.600E+02 -4.099E+02  0.000E+00  0.0000
  2.000E+02 -4.099E+02  0.000E+00  0.0000
  2.400E+02 -4.099E+02  0.000E+00  0.0000
  2.800E+02 -4.099E+02  0.000E+00  0.0000
  3.200E+02 -4.099E+02  0.000E+00  0.0000
  3.600E+02 -4.099E+02  3.783E-04  1.0000
  4.000E+02 -4.099E+02  1.992E-04  0.9840
  4.400E+02 -4.099E+02  5.466E-04  0.9053
  4.800E+02 -4.099E+02  1.301E-04  1.0000
  5.200E+02 -4.099E+02  3.407E-05  0.8254
  5.600E+02 -4.099E+02  3.106E-05  1.0000
  6.000E+02 -4.099E+02  3.814E-04  1.0000
  6.400E+02 -4.099E+02  1.835E-04  1.0000
  6.800E+02 -4.099E+02  5.276E-05  1.0000
 -6.800E+02 -3.705E+02  4.074E-05  1.0000
 -6.400E+02 -3.705E+02  7.414E-04  1.0000
 -6.000E+02 -3.705E+02  0.000E+00  0.0000
 -5.600E+02 -3.705E+02  3.577E-04  1.0000
 -5.200E+02 -3.705E+02  5.196E-04  0.6305
 -4.800E+02 -3.705E+02  6.986E-05  1.0000
 -4.400E+02 -3.705E+02  4.823E-05  1.0000
 -4.000E+02 -3.705E+02  4.897E-05  1.0000
 -3.600E+02 -3.705E+02  0.000E+00  0.0000
 -3.200E+02 -3.705E+02  3.046E-05  1.0000
 -2.800E+02 -3.705E+02  0.000E+00  0.0000
 -2.400E+02 -3.705E+02  0.000E+00  0.0000
 -2.000E+02 -3.705E+02  0.000E+00  0.0000
 -1.600E+02 -3.705E+02  1.253E-05  1.0000
 -1.200E+02 -3.705E+02  1.261E-04  1.0000
 -8.000E+01 -3.705E+02  7.683E-05  1.0000
 -4.000E+01 -3.705E+02  1.318E-05  1.0000
  0.000E+00 -3.705E+02  1.111E-04  0.7105
  4.000E+01 -3.705E+02  2.248E-04  0.7728
  8.000E+01 -3.705E+02  6.285E-05  1.0000
  1.200E+02 -3.705E+02  1.621E-04  0.7431
  1.600E+02 -3.705E+02  6.536E-05  1.0000
  2.000E+02 -3.705E+02  0.000E+00  0.0000
  2.400E+02 -3.705E+02  0.000E+00  0.0000
  2.800E+02 -3.705E+02  0.000E+00  0.0000
  3.200E+02 -3.705E+02  0.000E+00  0.0000
  3.600E+02 -3.705E+02  0.000E+00  0.0000
  4.000E+02 -3.705E+02  0.000E+00  0.0000
  4.400E+02 -3.705E+02  8.968E-05  1.0000
  4.800E+02 -3.705E+02  0.000E+00  0.0000
  5.200E+02 -3.705E+02  3.214E-04  1.0000
  5.600E+02 -3.705E+02  2.332E-04  1.0000
  6.000E+02 -3.705E+02  0.000E+00  0.0000
  6.400E+02 -3.705E+02  0.000E+00  0.0000
  6.800E+02 -3.705E+02  6.055E-04  0.8455
 -6.800E+02 -3.312E+02  1.234E-05  1.0000
 -6.400E+02 -3.312E+02  3.027E-04  1.0000
 -6.000E+02 -3.312E+02  0.000E+00  0.0000
 -5.600E+02 -3.312E+02  1.767E-05  1.0000
 -5.200E+02 -3.312E+02  4.563E-04  0.9324
 -4.800E+02 -3.312E+02  2.391E-04  0.9052
 -4.400E+02 -3.312E+02  1.773E-04  1.0000
 -4.000E+02 -3.312E+02  4.978E-04  1.0000
 -3.600E+02 -3.312E+02  0.000E+00  0.0000
 -3.200E+02 -3.312E+02  1.854E-04  1.0000
 -2.800E+02 -3.312E+02  2.178E-04  0.9816
 -2.400E+02 -3.312E+02  4.853E-04  1.0000
 -2.000E+02 -3.312E+02  0.000E+00  0.0000
 -1.600E+02 -3.312E+02  3.712E-05  1.0000
 -1.200E+02 -3.312E+02  1.483E-04  1.0000
 -8.000E+01 -3.312E+02  1.514E-04  1.0000
 -4.000E+01 -3.312E+02  4.489E-05  0.7321
  0.000E+00 -3.312E+02  6.230E-05  0.8984
  4.000E+01 -3.312E+02  2.719E-04  0.8214
  8.000E+01 -3.312E+02  6.987E-05  1.0000
  1.200E+02 -3.312E+02  1.670E-04  0.7701
  1.600E+02 -3.312E+02  4.435E-05  0.8504
  2.000E+02 -3.312E+02  0.000E+00  0.0000
  2.400E+02 -3.312E+02  0.000E+00  0.0000
  2.800E+02 -3.312E+02  0.000E+00  0.0000
  3.200E+02 -3.312E+02  0.000E+00  0.0000
  3.600E+02 -3.312E+02  7.684E-05  1.0000
  4.000E+02 -3.312E+02  1.674E-04  0.7580
  4.400E+02 -3.312E+02  4.069E-04  1.0000
  4.800E+02 -3.312E+02  1.011E-03  0.7663
  5.200E+02 -3.312E+02  8.388E-06  1.0000
  5.600E+02 -3.312E+02  4.847E-04  1.0000
  6.000E+02 -3.312E+02  1.882E-05  1.0000
  6.400E+02 -3.312E+02  0.000E+00  0.0000
  6.800E+02 -3.312E+02  4.937E-04  0.9716
 -6.800E+02 -2.918E+02  0.000E+00  0.0000
 -6.400E+02 -2.918E+02  5.185E-04  0.6656
 -6.000E+02 -2.918E+02  1.575E-05  1.0000
 -5.600E+02 -2.918E+02  3.162E-04  1.0000
 -5.200E+02 -2.918E+02  3.191E-04  0.8750
 -4.800E+02 -2.918E+02  0.000E+00  0.0000
 -4.400E+02 -2.918E+02  0.000E+00  0.0000
 -4.000E+02 -2.918E+02  3.471E-04  0.7823
 -3.600E+02 -2.918E+02  1.194E-03  0.5802
 -3.200E+02 -2.918E+02  1.403E-03  0.5156
 -2.800E+02 -2.918E+02  5.033E-04  1.0000
 -2.400E+02 -2.918E+02  7.102E-04  0.7395
 -2.000E+02 -2.918E+02  1.103E-06  1.0000
 -1.600E+02 -2.918E+02  3.183E-05  1.0000
 -1.200E+02 -2.918E+02  5.353E-06  1.0000
 -8.000E+01 -2.918E+02  6.648E-05  0.7155
 -4.000E+01 -2.918E+02  1.144E-04  0.7414
  0.000E+00 -2.918E+02  4.926E-05  1.0000
  4.000E+01 -2.918E+02  2.884E-04  0.8232
  8.000E+01 -2.918E+02  1.411E-04  0.7373
  1.200E+02 -2.918E+02  4.926E-05  1.0000
  1.600E+02 -2.918E+02  3.768E-04  0.7111
  2.000E+02 -2.918E+02  1.415E-04  1.0000
  2.400E+02 -2.918E+02  2.634E-05  1.0000
  2.800E+02 -2.918E+02  4.339E-04  0.7177
  3.200E+02 -2.918E+02  5.406E-04  0.9677
  3.600E+02 -2.918E+02  7.184E-04  0.8203
  4.000E+02 -2.918E+02  3.247E-04  1.0000
  4.400E+02 -2.918E+02  5.664E-04  0.9620
  4.800E+02 -2.918E+02  1.988E-05  1.0000
  5.200E+02 -2.918E+02  2.291E-04  1.0000
  5.600E+02 -2.918E+02  3.262E-05  1.0000
  6.000E+02 -2.918E+02  6.912E-05  0.9600
  6.400E+02 -2.918E+02  0.000E+00  0.0000
  6.800E+02 -2.918E+02  1.011E-03  0.5786
 -6.800E+02 -2.525E+02  1.533E-04  0.7822
 -6.400E+02 -2.525E+02  5.911E-04  0.7811
 -6.000E+02 -2.525E+02  1.668E-04  0.8401
 -5.600E+02 -2.525E+02  0.000E+00  0.0000
 -5.200E+02 -2.525E+02  1.820E-04  0.8736
 -4.800E+02 -2.525E+02  0.000E+00  0.0000
 -4.400E+02 -2.525E+02  2.283E-04  0.7101
 -4.000E+02 -2.525E+02  8.605E-04  0.5465
 -3.600E+02 -2.525E+02  3.285E-04  0.7041
 -3.200E+02 -2.525E+02  7.194E-05  0.8787
 -2.800E+02 -2.525E+02  6.450E-04  0.7202
 -2.400E+02 -2.525E+02  0.000E+00  0.0000
 -2.000E+02 -2.525E+02  0.000E+00  0.0000
 -1.600E+02 -2.525E+02  4.294E-05  1.0000
 -1.200E+02 -2.525E+02  8.573E-05  1.0000
 -8.000E+01 -2.525E+02  6.021E-05  1.0000
 -4.000E+01 -2.525E+02  1.503E-04  0.7209
  0.000E+00 -2.525E+02  6.295E-05  0.9579
  4.000E+01 -2.525E+02  1.678E-04  0.9662
  8.000E+01 -2.525E+02  3.106E-05  1.0000
  1.200E+02 -2.525E+02  3.001E-05  1.0000
  1.600E+02 -2.525E+02  1.752E-04  1.0000
  2.000E+02 -2.525E+02  2.130E-04  1.0000
  2.400E+02 -2.525E+02  1.969E-04  0.7635
  2.800E+02 -2.525E+02  3.658E-04  0.9954
  3.200E+02 -2.525E+02  0.000E+00  0.0000
  3.600E+02 -2.525E+02  1.888E-05  1.0000
  4.000E+02 -2.525E+02  0.000E+00  0.0000
  4.400E+02 -2.525E+02  6.440E-05  1.0000
  4.800E+02 -2.525E+02  0.000E+00  0.0000
  5.200E+02 -2.525E+02  5.674E-04  0.7373
  5.600E+02 -2.525E+02  1.730E-05  1.0000
  6.000E+02 -2.525E+02  6.131E-04  0.7770
  6.400E+02 -2.525E+02  2.643E-04  0.7926
  6.800E+02 -2.525E+02  3.006E-04  0.7893
 -6.800E+02 -2.132E+02  3.580E-04  0.7659
 -6.400E+02 -2.132E+02  1.324E-04  1.0000
 -6.000E+02 -2.132E+02  9.241E-05  0.8558
 -5.600E+02 -2.132E+02  2.033E-04  0.5928
 -5.200E+02 -2.132E+02  8.836E-04  0.8611
 -4.800E+02 -2.132E+02  1.401E-05  1.0000
 -4.400E+02 -2.132E+02  4.899E-04  0.9862
 -4.000E+02 -2.132E+02  5.468E-04  0.6315
 -3.600E+02 -2.132E+02  1.739E-04  1.0000
 -3.200E+02 -2.132E+02  1.728E-06  1.0000
 -2.800E+02 -2.132E+02  3.875E-04  0.9215
 -2.400E+02 -2.132E+02  0.000E+00  0.0000
 -2.000E+02 -2.132E+02  0.000E+00  0.0000
 -1.600E+02 -2.132E+02  0.000E+00  0.0000
 -1.200E+02 -2.132E+02  3.389E-06  1.0000
 -8.000E+01 -2.132E+02  2.891E-05  1.0000
 -4.000E+01 -2.132E+02  2.891E-05  1.0000
  0.000E+00 -2.132E+02  9.331E-05  0.9950
  4.000E+01 -2.132E+02  1.620E-04  1.0000
  8.000E+01 -2.132E+02  0.000E+00  0.0000
  1.200E+02 -2.132E+02  4.322E-05  1.0000
  1.600E+02 -2.132E+02  1.785E-05  1.0000
  2.000E+02 -2.132E+02  1.255E-04  1.0000
  2.400E+02 -2.132E+02  4.166E-04  0.7130
  2.800E+02 -2.132E+02  0.000E+00  0.0000
  3.200E+02 -2.132E+02  0.000E+00  0.0000
  3.600E+02 -2.132E+02  2.738E-04  1.0000
  4.000E+02 -2.132E+02  0.000E+00  0.0000
  4.400E+02 -2.132E+02  1.599E-04  1.0000
  4.800E+02 -2.132E+02  5.161E-05  0.9105
  5.200E+02 -2.132E+02  5.632E-04  0.6993
  5.600E+02 -2.132E+02  1.280E-04  0.8387
  6.000E+02 -2.132E+02  6.518E-04  1.0000
  6.400E+02 -2.132E+02  3.579E-04  0.7545
  6.800E+02 -2.132E+02  9.079E-04  0.7163
 -6.800E+02 -1.738E+02  0.000E+00  0.0000
 -6.400E+02 -1.738E+02  5.723E-04  1.0000
 -6.000E+02 -1.738E+02  1.859E-04  1.0000
 -5.600E+02 -1.738E+02  2.718E-04  1.0000
 -5.200E+02 -1.738E+02  6.007E-04  0.9163
 -4.800E+02 -1.738E+02  5.806E-04  0.6741
 -4.400E+02 -1.738E+02  6.180E-04  0.6500
 -4.000E+02 -1.738E+02  0.000E+00  0.0000
 -3.600E+02 -1.738E+02  0.000E+00  0.0000
 -3.200E+02 -1.738E+02  2.449E-04  0.7111
 -2.800E+02 -1.738E+02  8.661E-04  0.5705
 -2.400E+02 -1.738E+02  1.937E-05  1.0000
 -2.000E+02 -1.738E+02  1.172E-04  1.0000
 -1.600E+02 -1.738E+02  0.000E+00  0.0000
 -1.200E+02 -1.738E+02  0.000E+00  0.0000
 -8.000E+01 -1.738E+02  0.000E+00  0.0000
 -4.000E+01 -1.738E+02  0.000E+00  0.0000
  0.000E+00 -1.738E+02  7.745E-05  0.7316
  4.000E+01 -1.738E+02  2.156E-04  0.8762
  8.000E+01 -1.738E+02  2.349E-05  0.8361
  1.200E+02 -1.738E+02  3.254E-05  1.0000
  1.600E+02 -1.738E+02  7.629E-05  0.7073
  2.000E+02 -1.738E+02  3.345E-06  1.0000
  2.400E+02 -1.738E+02  4.201E-04  0.8479
  2.800E+02 -1.738E+02  1.418E-04  1.0000
  3.200E+02 -1.738E+02  6.301E-05  0.8276
  3.600E+02 -1.738E+02  2.772E-04  0.9738
  4.000E+02 -1.738E+02  0.000E+00  0.0000
  4.400E+02 -1.738E+02  4.663E-05  1.0000
  4.800E+02 -1.738E+02  4.561E-04  0.8252
  5.200E+02 -1.738E+02  2.903E-04  1.0000
  5.600E+02 -1.738E+02  0.000E+00  0.0000
  6.000E+02 -1.738E+02  0.000E+00  0.0000
  6.400E+02 -1.738E+02  2.126E-04  1.0000
  6.800E+02 -1.738E+02  2.622E-04  0.8900
 -6.800E+02 -1.345E+02  1.848E-04  1.0000
 -6.400E+02 -1.345E+02  1.064E-04  1.0000
 -6.000E+02 -1.345E+02  2.187E-05  1.0000
 -5.600E+02 -1.345E+02  0.000E+00  0.0000
 -5.200E+02 -1.345E+02  3.297E-04  0.7261
 -4.800E+02 -1.345E+02  1.411E-04  0.8028
 -4.400E+02 -1.345E+02  7.448E-04  0.7102
 -4.000E+02 -1.345E+02  5.148E-05  0.7184
 -3.600E+02 -1.345E+02  0.000E+00  0.0000
 -3.200E+02 -1.345E+02  1.728E-03  0.5101
 -2.800E+02 -1.345E+02  1.535E-03  0.4928
 -2.400E+02 -1.345E+02  5.499E-04  0.7646
 -2.000E+02 -1.345E+02  3.508E-04  0.9418
 -1.600E+02 -1.345E+02  0.000E+00  0.0000
 -1.200E+02 -1.345E+02  0.000E+00  0.0000
 -8.000E+01 -1.345E+02  0.000E+00  0.0000
 -4.000E+01 -1.345E+02  0.000E+00  0.0000
  0.000E+00 -1.345E+02  0.000E+00  0.0000
  4.000E+01 -1.345E+02  1.019E-04  1.0000
  8.000E+01 -1.345E+02  2.120E-04  0.8916
  1.200E+02 -1.345E+02  7.028E-05  0.7181
  1.600E+02 -1.345E+02  2.774E-04  0.9709
  2.000E+02 -1.345E+02  0.000E+00  0.0000
  2.400E+02 -1.345E+02  2.249E-04  0.9096
  2.800E+02 -1.345E+02  3.589E-04  0.6720
  3.200E+02 -1.345E+02  2.955E-04  0.9681
  3.600E+02 -1.345E+02  1.434E-06  1.0000
  4.000E+02 -1.345E+02  1.218E-05  1.0000
  4.400E+02 -1.345E+02  5.296E-04  0.8118
  4.800E+02 -1.345E+02  2.237E-04  0.8532
  5.200E+02 -1.345E+02  4.697E-04  0.8506
  5.600E+02 -1.345E+02  5.409E-05  1.0000
  6.000E+02 -1.345E+02  1.964E-04  0.9415
  6.400E+02 -1.345E+02  2.337E-04  0.9994
  6.800E+02 -1.345E+02  4.949E-04  1.0000
 -6.800E+02 -9.511E+01  3.369E-05  1.0000
 -6.400E+02 -9.511E+01  3.731E-04  0.8154
 -6.000E+02 -9.511E+01  2.515E-04  1.0000
 -5.600E+02 -9.511E+01  1.396E-04  0.7262
 -5.200E+02 -9.511E+01  2.715E-04  0.7742
 -4.800E+02 -9.511E+01  0.000E+00  0.0000
 -4.400E+02 -9.511E+01  3.640E-04  0.9690
 -4.000E+02 -9.511E+01  5.126E-04  0.8417
 -3.600E+02 -9.511E+01  1.537E-05  1.0000
 -3.200E+02 -9.511E+01  5.958E-04  0.6816
 -2.800E+02 -9.511E+01  6.145E-04  0.7626
 -2.400E+02 -9.511E+01  1.332E-04  1.0000
 -2.000E+02 -9.511E+01  0.000E+00  0.0000
 -1.600E+02 -9.511E+01  8.313E-06  1.0000
 -1.200E+02 -9.511E+01  3.893E-04  1.0000
 -8.000E+01 -9.511E+01  0.000E+00  0.0000
 -4.000E+01 -9.511E+01  0.000E+00  0.0000
  0.000E+00 -9.511E+01  6.797E-05  1.0000
  4.000E+01 -9.511E+01  2.236E-04  0.9653
  8.000E+01 -9.511E+01  1.087E-04  0.8493
  1.200E+02 -9.511E+01  1.435E-04  1.0000
  1.600E+02 -9.511E+01  9.209E-05  0.8130
  2.000E+02 -9.511E+01  9.829E-04  0.7267
  2.400E+02 -9.511E+01  3.586E-04  0.6531
  2.800E+02 -9.511E+01  8.075E-04  0.6121
  3.200E+02 -9.511E+01  6.468E-04  0.6197
  3.600E+02 -9.511E+01  6.902E-05  1.0000
  4.000E+02 -9.511E+01  3.701E-04  0.8630
  4.400E+02 -9.511E+01  1.864E-05  1.0000
  4.800E+02 -9.511E+01  3.545E-04  0.8586
  5.200E+02 -9.511E+01  5.284E-04  0.6996
  5.600E+02 -9.511E+01  5.595E-04  0.6645
  6.000E+02 -9.511E+01  6.639E-04  0.7454
  6.400E+02 -9.511E+01  8.181E-04  0.7099
  6.800E+02 -9.511E+01  0.000E+00  0.0000
 -6.800E+02 -5.576E+01  3.653E-04  0.8471
 -6.400E+02 -5.576E+01  7.575E-04  1.0000
 -6.000E+02 -5.576E+01  0.000E+00  0.0000
 -5.600E+02 -5.576E+01  3.090E-04  0.6301
 -5.200E+02 -5.576E+01  9.393E-04  0.5506
 -4.800E+02 -5.576E+01  2.598E-04  0.7652
 -4.400E+02 -5.576E+01  5.796E-04  0.7126
 -4.000E+02 -5.576E+01  8.366E-04  0.6783
 -3.600E+02 -5.576E+01  4.082E-04  1.0000
 -3.200E+02 -5.576E+01  6.724E-04  0.5817
 -2.800E+02 -5.576E+01  6.177E-05  0.8918
 -2.400E+02 -5.576E+01  5.674E-04  1.0000
 -2.000E+02 -5.576E+01  1.422E-04  1.0000
 -1.600E+02 -5.576E+01  2.692E-04  1.0000
 -1.200E+02 -5.576E+01  4.608E-05  0.7398
 -8.000E+01 -5.576E+01  2.653E-04  0.7089
 -4.000E+01 -5.576E+01  1.814E-05  1.0000
  0.000E+00 -5.576E+01  8.015E-04  0.7453
  4.000E+01 -5.576E+01  3.794E-06  1.0000
  8.000E+01 -5.576E+01  5.251E-04  0.7123
  1.200E+02 -5.576E+01  2.838E-04  0.9777
  1.600E+02 -5.576E+01  6.552E-05  1.0000
  2.000E+02 -5.576E+01  5.861E-05  1.0000
  2.400E+02 -5.576E+01  1.851E-04  0.6990
  2.800E+02 -5.576E+01  3.886E-04  0.6385
  3.200E+02 -5.576E+01  1.295E-03  0.6044
  3.600E+02 -5.576E+01  7.422E-04  0.5777
  4.000E+02 -5.576E+01  8.115E-04  0.5155
  4.400E+02 -5.576E+01  3.077E-04  0.8638
  4.800E+02 -5.576E+01  0.000E+00  0.0000
  5.200E+02 -5.576E+01  1.509E-04  1.0000
  5.600E+02 -5.576E+01  6.364E-04  0.6914
  6.000E+02 -5.576E+01  0.000E+00  0.0000
  6.400E+02 -5.576E+01  0.000E+00  0.0000
  6.800E+02 -5.576E+01  0.000E+00  0.0000
 -6.800E+02 -1.641E+01  3.378E-05  1.0000
 -6.400E+02 -1.641E+01  4.509E-05  1.0000
 -6.000E+02 -1.641E+01  0.000E+00  0.0000
 -5.600E+02 -1.641E+01  0.000E+00  0.0000
 -5.200E+02 -1.641E+01  1.664E-04  0.6457
 -4.800E+02 -1.641E+01  3.115E-04  0.8038
 -4.400E+02 -1.641E+01  9.534E-05  1.0000
 -4.000E+02 -1.641E+01  4.955E-04  1.0000
 -3.600E+02 -1.641E+01  3.263E-04  0.9498
 -3.200E+02 -1.641E+01  0.000E+00  0.0000
 -2.800E+02 -1.641E+01  0.000E+00  0.0000
 -2.400E+02 -1.641E+01  0.000E+00  0.0000
 -2.000E+02 -1.641E+01  3.507E-04  1.0000
 -1.600E+02 -1.641E+01  0.000E+00  0.0000
 -1.200E+02 -1.641E+01  4.576E-04  1.0000
 -8.000E+01 -1.641E+01  5.541E-04  0.7070
 -4.000E+01 -1.641E+01  0.000E+00  0.0000
  0.000E+00 -1.641E+01  4.416E-05  1.0000
  4.000E+01 -1.641E+01  5.673E-05  0.8496
  8.000E+01 -1.641E+01  7.320E-04  0.9607
  1.200E+02 -1.641E+01  3.015E-04  0.9392
  1.600E+02 -1.641E+01  2.071E-04  1.0000
  2.000E+02 -1.641E+01  0.000E+00  0.0000
  2.400E+02 -1.641E+01  3.193E-04  1.0000
  2.800E+02 -1.641E+01  5.853E-06  1.0000
  3.200E+02 -1.641E+01  2.146E-04  0.9641
  3.600E+02 -1.641E+01  2.742E-04  0.9392
  4.000E+02 -1.641E+01  5.093E-04  0.7590
  4.400E+02 -1.641E+01  7.000E-05  0.8622
  4.800E+02 -1.641E+01  0.000E+00  0.0000
  5.200E+02 -1.641E+01  1.647E-04  0.8973
  5.600E+02 -1.641E+01  3.643E-05  1.0000
  6.000E+02 -1.641E+01  3.325E-04  1.0000
  6.400E+02 -1.641E+01  0.000E+00  0.0000
  6.800E+02 -1.641E+01  0.000E+00  0.0000
 -6.800E+02  2.293E+01  0.000E+00  0.0000
 -6.400E+02  2.293E+01  0.000E+00  0.0000
 -6.000E+02  2.293E+01  0.000E+00  0.0000
 -5.600E+02  2.293E+01  0.000E+00  0.0000
 -5.200E+02  2.293E+01  0.000E+00  0.0000
 -4.800E+02  2.293E+01  3.898E-04  1.0000
 -4.400E+02  2.293E+01  8.526E-06  1.0000
 -4.000E+02  2.293E+01  0.000E+00  0.0000
 -3.600E+02  2.293E+01  0.000E+00  0.0000
 -3.200E+02  2.293E+01  0.000E+00  0.0000
 -2.800E+02  2.293E+01  0.000E+00  0.0000
 -2.400E+02  2.293E+01  0.000E+00  0.0000
 -2.000E+02  2.293E+01  0.000E+00  0.0000
 -1.600E+02  2.293E+01  0.000E+00  0.0000
 -1.200E+02  2.293E+01  0.000E+00  0.0000
 -8.000E+01  2.293E+01  0.000E+00  0.0000
 -4.000E+01  2.293E+01  0.000E+00  0.0000
  0.000E+00  2.293E+01  0.000E+00  0.0000
  4.000E+01  2.293E+01  5.690E-05  1.0000
  8.000E+01  2.293E+01  5.184E-05  1.0000
  1.200E+02  2.293E+01  0.000E+00  0.0000
  1.600E+02  2.293E+01  0.000E+00  0.0000
  2.000E+02  2.293E+01  0.000E+00  0.0000
  2.400E+02  2.293E+01  0.000E+00  0.0000
  2.800E+02  2.293E+01  0.000E+00  0.0000
  3.200E+02  2.293E+01  0.000E+00  0.0000
  3.600E+02  2.293E+01  1.567E-05  0.7090
  4.000E+02  2.293E+01  1.897E-04  0.8414
  4.400E+02  2.293E+01  4.154E-05  0.8325
  4.800E+02  2.293E+01  9.162E-05  0.7314
  5.200E+02  2.293E+01  1.349E-05  0.7876
  5.600E+02  2.293E+01  0.000E+00  0.0000
  6.000E+02  2.293E+01  4.655E-05  1.0000
  6.400E+02  2.293E+01  0.000E+00  0.0000
  6.800E+02  2.293E+01  0.000E+00  0.0000
 -6.800E+02  6.228E+01  0.000E+00  0.0000
 -6.400E+02  6.228E+01  0.000E+00  0.0000
 -6.000E+02  6.228E+01  0.000E+00  0.0000
 -5.600E+02  6.228E+01  0.000E+00  0.0000
 -5.200E+02  6.228E+01  0.000E+00  0.0000
 -4.800E+02  6.228E+01  1.100E-04  1.0000
 -4.400E+02  6.228E+01  2.883E-04  1.0000
 -4.000E+02  6.228E+01  0.000E+00  0.0000
 -3.600E+02  6.228E+01  0.000E+00  0.0000
 -3.200E+02  6.228E+01  0.000E+00  0.0000
 -2.800E+02  6.228E+01  0.000E+00  0.0000
 -2.400E+02  6.228E+01  0.000E+00  0.0000
 -2.000E+02  6.228E+01  0.000E+00  0.0000
 -1.600E+02  6.228E+01  0.000E+00  0.0000
 -1.200E+02  6.228E+01  0.000E+00  0.0000
 -8.000E+01  6.228E+01  0.000E+00  0.0000
 -4.000E+01  6.228E+01  0.000E+00  0.0000
  0.000E+00  6.228E+01  3.750E-05  1.0000
  4.000E+01  6.228E+01  7.124E-05  1.0000
  8.000E+01  6.228E+01  0.000E+00  0.0000
  1.200E+02  6.228E+01  0.000E+00  0.0000
  1.600E+02  6.228E+01  0.000E+00  0.0000
  2.000E+02  6.228E+01  0.000E+00  0.0000
  2.400E+02  6.228E+01  0.000E+00  0.0000
  2.800E+02  6.228E+01  0.000E+00  0.0000
  3.200E+02  6.228E+01  0.000E+00  0.0000
  3.600E+02  6.228E+01  0.000E+00  0.0000
  4.000E+02  6.228E+01  0.000E+00  0.0000
  4.400E+02  6.228E+01  1.185E-04  1.0000
  4.800E+02  6.228E+01  8.163E-05  1.0000
  5.200E+02  6.228E+01  2.362E-05  1.0000
  5.600E+02  6.228E+01  3.367E-05  1.0000
  6.000E+02  6.228E+01  8.022E-05  0.7161
  6.400E+02  6.228E+01  2.853E-05  1.0000
  6.800E+02  6.228E+01  4.675E-05  1.0000
 -6.800E+02  1.016E+02  0.000E+00  0.0000
 -6.400E+02  1.016E+02  0.000E+00  0.0000
 -6.000E+02  1.016E+02  0.000E+00  0.0000
 -5.600E+02  1.016E+02  0.000E+00  0.0000
 -5.200E+02  1.016E+02  0.000E+00  0.0000
 -4.800E+02  1.016E+02  0.000E+00  0.0000
 -4.400E+02  1.016E+02  3.578E-04  1.0000
 -4.000E+02  1.016E+02  0.000E+00  0.0000
 -3.600E+02  1.016E+02  0.000E+00  0.0000
 -3.200E+02  1.016E+02  0.000E+00  0.0000
 -2.800E+02  1.016E+02  0.000E+00  0.0000
 -2.400E+02  1.016E+02  0.000E+00  0.0000
 -2.000E+02  1.016E+02  0.000E+00  0.0000
 -1.600E+02  1.016E+02  0.000E+00  0.0000
 -1.200E+02  1.016E+02  0.000E+00  0.0000
 -8.000E+01  1.016E+02  0.000E+00  0.0000
 -4.000E+01  1.016E+02  1.809E-05  1.0000
  0.000E+00  1.016E+02  9.065E-05  1.0000
  4.000E+01  1.016E+02  0.000E+00  0.0000
  8.000E+01  1.016E+02  0.000E+00  0.0000
  1.200E+02  1.016E+02  0.000E+00  0.0000
  1.600E+02  1.016E+02  0.000E+00  0.0000
  2.000E+02  1.016E+02  0.000E+00  0.0000
  2.400E+02  1.016E+02  0.000E+00  0.0000
  2.800E+02  1.016E+02  0.000E+00  0.0000
  3.200E+02  1.016E+02  0.000E+00  0.0000
  3.600E+02  1.016E+02  0.000E+00  0.0000
  4.000E+02  1.016E+02  0.000E+00  0.0000
  4.400E+02  1.016E+02  0.000E+00  0.0000
  4.800E+02  1.016E+02  4.953E-05  1.0000
  5.200E+02  1.016E+02  0.000E+00  0.0000
  5.600E+02  1.016E+02  0.000E+00  0.0000
  6.000E+02  1.016E+02  2.084E-05  1.0000
  6.400E+02  1.016E+02  3.085E-05  0.8498
  6.800E+02  1.016E+02  8.619E-05  0.7237
 -6.800E+02  1.410E+02  0.000E+00  0.0000
 -6.400E+02  1.410E+02  0.000E+00  0.0000
 -6.000E+02  1.410E+02  0.000E+00  0.0000
 -5.600E+02  1.410E+02  0.000E+00  0.0000
 -5.200E+02  1.410E+02  0.000E+00  0.0000
 -4.800E+02  1.410E+02  0.000E+00  0.0000
 -4.400E+02  1.410E+02  2.578E-04  1.0000
 -4.000E+02  1.410E+02  3.986E-05  1.0000
 -3.600E+02  1.410E+02  0.000E+00  0.0000
 -3.200E+02  1.410E+02  0.000E+00  0.0000
 -2.800E+02  1.410E+02  0.000E+00  0.0000
 -2.400E+02  1.410E+02  0.000E+00  0.0000
 -2.000E+02  1.410E+02  0.000E+00  0.0000
 -1.600E+02  1.410E+02  0.000E+00  0.0000
 -1.200E+02  1.410E+02  0.000E+00  0.0000
 -8.000E+01  1.410E+02  0.000E+00  0.0000
 -4.000E+01  1.410E+02  1.087E-04  1.0000
  0.000E+00  1.410E+02  0.000E+00  0.0000
  4.000E+01  1.410E+02  0.000E+00  0.0000
  8.000E+01  1.410E+02  0.000E+00  0.0000
  1.200E+02  1.410E+02  0.000E+00  0.0000
  1.600E+02  1.410E+02  0.000E+00  0.0000
  2.000E+02  1.410E+02  0.000E+00  0.0000
  2.400E+02  1.410E+02  0.000E+00  0.0000
  2.800E+02  1.410E+02  0.000E+00  0.0000
  3.200E+02  1.410E+02  0.000E+00  0.0000
  3.600E+02  1.410E+02  0.000E+00  0.0000
  4.000E+02  1.410E+02  0.000E+00  0.0000
  4.400E+02  1.410E+02  0.000E+00  0.0000
  4.800E+02  1.410E+02  0.000E+00  0.0000
  5.200E+02  1.410E+02  0.000E+00  0.0000
  5.600E+02  1.410E+02  0.000E+00  0.0000
  6.000E+02  1.410E+02  1.989E-05  1.0000
  6.400E+02  1.410E+02  1.022E-04  0.7098
  6.800E+02  1.410E+02  5.566E-05  1.0000
 -6.800E+02  1.803E+02  0.000E+00  0.0000
 -6.400E+02  1.803E+02  0.000E+00  0.0000
 -6.000E+02  1.803E+02  0.000E+00  0.0000
 -5.600E+02  1.803E+02  0.000E+00  0.0000
 -5.200E+02  1.803E+02  0.000E+00  0.0000
 -4.800E+02  1.803E+02  0.000E+00  0.0000
 -4.400E+02  1.803E+02  1.490E-04  1.0000
 -4.000E+02  1.803E+02  1.487E-04  1.0000
 -3.600E+02  1.803E+02  0.000E+00  0.0000
 -3.200E+02  1.803E+02  0.000E+00  0.0000
 -2.800E+02  1.803E+02  0.000E+00  0.0000
 -2.400E+02  1.803E+02  0.000E+00  0.0000
 -2.000E+02  1.803E+02  0.000E+00  0.0000
 -1.600E+02  1.803E+02  0.000E+00  0.0000
 -1.200E+02  1.803E+02  0.000E+00  0.0000
 -8.000E+01  1.803E+02  1.074E-04  1.0000
 -4.000E+01  1.803E+02  1.315E-06  1.0000
  0.000E+00  1.803E+02  0.000E+00  0.0000
  4.000E+01  1.803E+02  0.000E+00  0.0000
  8.000E+01  1.803E+02  0.000E+00  0.0000
  1.200E+02  1.803E+02  0.000E+00  0.0000
  1.600E+02  1.803E+02  0.000E+00  0.0000
  2.000E+02  1.803E+02  0.000E+00  0.0000
  2.400E+02  1.803E+02  0.000E+00  0.0000
  2.800E+02  1.803E+02  0.000E+00  0.0000
  3.200E+02  1.803E+02  0.000E+00  0.0000
  3.600E+02  1.803E+02  0.000E+00  0.0000
  4.000E+02  1.803E+02  3.046E-05  1.0000
  4.400E+02  1.803E+02  5.566E-05  1.0000
  4.800E+02  1.803E+02  5.566E-05  1.0000
  5.200E+02  1.803E+02  5.566E-05  1.0000
  5.600E+02  1.803E+02  5.566E-05  1.0000
  6.000E+02  1.803E+02  3.577E-05  1.0000
  6.400E+02  1.803E+02  4.655E-05  1.0000
  6.800E+02  1.803E+02  0.000E+00  0.0000

#------------------------------------------------------------------------------
 newpage:
#   no. =  2   ie  =  2   iy  =  1   part. = neutron 
#   e = (   5.0000E-07  -   1.0000E-01  )
#   y = (  -1.0000E+03  -   1.0000E+03  )
#  nx =  35   nz =  23

# x          z          flux       r.err
 -6.800E+02 -6.853E+02  4.673E-04  0.7752
 -6.400E+02 -6.853E+02  0.000E+00  0.0000
 -6.000E+02 -6.853E+02  3.800E-05  1.0000
 -5.600E+02 -6.853E+02  9.212E-05  0.9038
 -5.200E+02 -6.853E+02  1.553E-04  1.0000
 -4.800E+02 -6.853E+02  0.000E+00  0.0000
 -4.400E+02 -6.853E+02  0.000E+00  0.0000
 -4.000E+02 -6.853E+02  0.000E+00  0.0000
 -3.600E+02 -6.853E+02  0.000E+00  0.0000
 -3.200E+02 -6.853E+02  0.000E+00  0.0000
 -2.800E+02 -6.853E+02  0.000E+00  0.0000
 -2.400E+02 -6.853E+02  0.000E+00  0.0000
 -2.000E+02 -6.853E+02  2.450E-04  1.0000
 -1.600E+02 -6.853E+02  0.000E+00  0.0000
 -1.200E+02 -6.853E+02  0.000E+00  0.0000
 -8.000E+01 -6.853E+02  0.000E+00  0.0000
 -4.000E+01 -6.853E+02  0.000E+00  0.0000
  0.000E+00 -6.853E+02  0.000E+00  0.0000
  4.000E+01 -6.853E+02  1.698E-04  1.0000
  8.000E+01 -6.853E+02  2.928E-04  1.0000
  1.200E+02 -6.853E+02  0.000E+00  0.0000
  1.600E+02 -6.853E+02  0.000E+00  0.0000
  2.000E+02 -6.853E+02  0.000E+00  0.0000
  2.400E+02 -6.853E+02  0.000E+00  0.0000
  2.800E+02 -6.853E+02  0.000E+00  0.0000
  3.200E+02 -6.853E+02  1.709E-05  1.0000
  3.600E+02 -6.853E+02  0.000E+00  0.0000
  4.000E+02 -6.853E+02  0.000E+00  0.0000
  4.400E+02 -6.853E+02  0.000E+00  0.0000
  4.800E+02 -6.853E+02  0.000E+00  0.0000
  5.200E+02 -6.853E+02  0.000E+00  0.0000
  5.600E+02 -6.853E+02  5.134E-05  1.0000
  6.000E+02 -6.853E+02  1.282E-04  1.0000
  6.400E+02 -6.853E+02  5.708E-06  1.0000
  6.800E+02 -6.853E+02  5.181E-05  1.0000
 -6.800E+02 -6.460E+02  1.926E-06  1.0000
 -6.400E+02 -6.460E+02  0.000E+00  0.0000
 -6.000E+02 -6.460E+02  0.000E+00  0.0000
 -5.600E+02 -6.460E+02  7.607E-05  1.0000
 -5.200E+02 -6.460E+02  1.206E-04  0.9967
 -4.800E+02 -6.460E+02  2.863E-04  0.7080
 -4.400E+02 -6.460E+02  0.000E+00  0.0000
 -4.000E+02 -6.460E+02  0.000E+00  0.0000
 -3.600E+02 -6.460E+02  0.000E+00  0.0000
 -3.200E+02 -6.460E+02  0.000E+00  0.0000
 -2.800E+02 -6.460E+02  7.506E-05  1.0000
 -2.400E+02 -6.460E+02  0.000E+00  0.0000
 -2.000E+02 -6.460E+02  0.000E+00  0.0000
 -1.600E+02 -6.460E+02  1.242E-04  1.0000
 -1.200E+02 -6.460E+02  0.000E+00  0.0000
 -8.000E+01 -6.460E+02  0.000E+00  0.0000
 -4.000E+01 -6.460E+02  0.000E+00  0.0000
  0.000E+00 -6.460E+02  0.000E+00  0.0000
  4.000E+01 -6.460E+02  0.000E+00  0.0000
  8.000E+01 -6.460E+02  0.000E+00  0.0000
  1.200E+02 -6.460E+02  0.000E+00  0.0000
  1.600E+02 -6.460E+02  0.000E+00  0.0000
  2.000E+02 -6.460E+02  0.000E+00  0.0000
  2.400E+02 -6.460E+02  1.981E-04  1.0000
  2.800E+02 -6.460E+02  0.000E+00  0.0000
  3.200E+02 -6.460E+02  6.110E-05  1.0000
  3.600E+02 -6.460E+02  1.588E-04  1.0000
  4.000E+02 -6.460E+02  1.359E-04  1.0000
  4.400E+02 -6.460E+02  1.030E-05  1.0000
  4.800E+02 -6.460E+02  2.087E-04  0.7071
  5.200E+02 -6.460E+02  4.268E-05  1.0000
  5.600E+02 -6.460E+02  0.000E+00  0.0000
  6.000E+02 -6.460E+02  6.835E-05  0.8257
  6.400E+02 -6.460E+02  0.000E+00  0.0000
  6.800E+02 -6.460E+02  0.000E+00  0.0000
 -6.800E+02 -6.066E+02  0.000E+00  0.0000
 -6.400E+02 -6.066E+02  0.000E+00  0.0000
 -6.000E+02 -6.066E+02  0.000E+00  0.0000
 -5.600E+02 -6.066E+02  7.448E-06  1.0000
 -5.200E+02 -6.066E+02  0.000E+00  0.0000
 -4.800E+02 -6.066E+02  2.099E-04  0.5863
 -4.400E+02 -6.066E+02  0.000E+00  0.0000
 -4.000E+02 -6.066E+02  0.000E+00  0.0000
 -3.600E+02 -6.066E+02  0.000E+00  0.0000
 -3.200E+02 -6.066E+02  1.662E-04  1.0000
 -2.800E+02 -6.066E+02  0.000E+00  0.0000
 -2.400E+02 -6.066E+02  0.000E+00  0.0000
 -2.000E+02 -6.066E+02  0.000E+00  0.0000
 -1.600E+02 -6.066E+02  5.835E-05  1.0000
 -1.200E+02 -6.066E+02  0.000E+00  0.0000
 -8.000E+01 -6.066E+02  0.000E+00  0.0000
 -4.000E+01 -6.066E+02  0.000E+00  0.0000
  0.000E+00 -6.066E+02  5.902E-05  1.0000
  4.000E+01 -6.066E+02  1.623E-04  1.0000
  8.000E+01 -6.066E+02  3.011E-04  0.9168
  1.200E+02 -6.066E+02  0.000E+00  0.0000
  1.600E+02 -6.066E+02  0.000E+00  0.0000
  2.000E+02 -6.066E+02  0.000E+00  0.0000
  2.400E+02 -6.066E+02  0.000E+00  0.0000
  2.800E+02 -6.066E+02  1.595E-04  1.0000
  3.200E+02 -6.066E+02  0.000E+00  0.0000
  3.600E+02 -6.066E+02  0.000E+00  0.0000
  4.000E+02 -6.066E+02  2.294E-05  1.0000
  4.400E+02 -6.066E+02  0.000E+00  0.0000
  4.800E+02 -6.066E+02  0.000E+00  0.0000
  5.200E+02 -6.066E+02  0.000E+00  0.0000
  5.600E+02 -6.066E+02  0.000E+00  0.0000
  6.000E+02 -6.066E+02  6.483E-05  1.0000
  6.400E+02 -6.066E+02  2.542E-05  1.0000
  6.800E+02 -6.066E+02  0.000E+00  0.0000
 -6.800E+02 -5.673E+02  0.000E+00  0.0000
 -6.400E+02 -5.673E+02  0.000E+00  0.0000
 -6.000E+02 -5.673E+02  7.321E-05  0.9724
 -5.600E+02 -5.673E+02  6.665E-04  0.5105
 -5.200E+02 -5.673E+02  0.000E+00  0.0000
 -4.800E+02 -5.673E+02  1.946E-04  0.7537
 -4.400E+02 -5.673E+02  0.000E+00  0.0000
 -4.000E+02 -5.673E+02  0.000E+00  0.0000
 -3.600E+02 -5.673E+02  0.000E+00  0.0000
 -3.200E+02 -5.673E+02  2.729E-04  0.8155
 -2.800E+02 -5.673E+02  0.000E+00  0.0000
 -2.400E+02 -5.673E+02  0.000E+00  0.0000
 -2.000E+02 -5.673E+02  0.000E+00  0.0000
 -1.600E+02 -5.673E+02  0.000E+00  0.0000
 -1.200E+02 -5.673E+02  1.357E-05  1.0000
 -8.000E+01 -5.673E+02  8.681E-05  1.0000
 -4.000E+01 -5.673E+02  0.000E+00  0.0000
  0.000E+00 -5.673E+02  1.091E-04  1.0000
  4.000E+01 -5.673E+02  4.275E-04  0.6027
  8.000E+01 -5.673E+02  0.000E+00  0.0000
  1.200E+02 -5.673E+02  0.000E+00  0.0000
  1.600E+02 -5.673E+02  0.000E+00  0.0000
  2.000E+02 -5.673E+02  1.049E-04  1.0000
  2.400E+02 -5.673E+02  0.000E+00  0.0000
  2.800E+02 -5.673E+02  0.000E+00  0.0000
  3.200E+02 -5.673E+02  0.000E+00  0.0000
  3.600E+02 -5.673E+02  0.000E+00  0.0000
  4.000E+02 -5.673E+02  0.000E+00  0.0000
  4.400E+02 -5.673E+02  0.000E+00  0.0000
  4.800E+02 -5.673E+02  0.000E+00  0.0000
  5.200E+02 -5.673E+02  0.000E+00  0.0000
  5.600E+02 -5.673E+02  0.000E+00  0.0000
  6.000E+02 -5.673E+02  6.321E-06  1.0000
  6.400E+02 -5.673E+02  5.732E-05  1.0000
  6.800E+02 -5.673E+02  0.000E+00  0.0000
 -6.800E+02 -5.279E+02  0.000E+00  0.0000
 -6.400E+02 -5.279E+02  1.707E-04  1.0000
 -6.000E+02 -5.279E+02  6.716E-05  1.0000
 -5.600E+02 -5.279E+02  3.122E-04  0.7084
 -5.200E+02 -5.279E+02  0.000E+00  0.0000
 -4.800E+02 -5.279E+02  2.894E-05  1.0000
 -4.400E+02 -5.279E+02  1.671E-04  1.0000
 -4.000E+02 -5.279E+02  0.000E+00  0.0000
 -3.600E+02 -5.279E+02  7.996E-05  1.0000
 -3.200E+02 -5.279E+02  3.479E-05  1.0000
 -2.800E+02 -5.279E+02  0.000E+00  0.0000
 -2.400E+02 -5.279E+02  3.771E-05  1.0000
 -2.000E+02 -5.279E+02  1.146E-04  0.6154
 -1.600E+02 -5.279E+02  2.260E-04  0.7071
 -1.200E+02 -5.279E+02  1.431E-04  0.7316
 -8.000E+01 -5.279E+02  1.153E-04  1.0000
 -4.000E+01 -5.279E+02  5.741E-05  1.0000
  0.000E+00 -5.279E+02  0.000E+00  0.0000
  4.000E+01 -5.279E+02  5.928E-05  1.0000
  8.000E+01 -5.279E+02  5.129E-04  0.7090
  1.200E+02 -5.279E+02  0.000E+00  0.0000
  1.600E+02 -5.279E+02  0.000E+00  0.0000
  2.000E+02 -5.279E+02  0.000E+00  0.0000
  2.400E+02 -5.279E+02  0.000E+00  0.0000
  2.800E+02 -5.279E+02  0.000E+00  0.0000
  3.200E+02 -5.279E+02  2.689E-04  1.0000
  3.600E+02 -5.279E+02  6.427E-05  0.7840
  4.000E+02 -5.279E+02  1.944E-04  1.0000
  4.400E+02 -5.279E+02  3.018E-05  1.0000
  4.800E+02 -5.279E+02  0.000E+00  0.0000
  5.200E+02 -5.279E+02  0.000E+00  0.0000
  5.600E+02 -5.279E+02  2.726E-05  1.0000
  6.000E+02 -5.279E+02  1.187E-04  1.0000
  6.400E+02 -5.279E+02  1.039E-04  0.8495
  6.800E+02 -5.279E+02  0.000E+00  0.0000
 -6.800E+02 -4.886E+02  1.454E-04  1.0000
 -6.400E+02 -4.886E+02  1.821E-04  0.8908
 -6.000E+02 -4.886E+02  1.122E-04  1.0000
 -5.600E+02 -4.886E+02  0.000E+00  0.0000
 -5.200E+02 -4.886E+02  0.000E+00  0.0000
 -4.800E+02 -4.886E+02  0.000E+00  0.0000
 -4.400E+02 -4.886E+02  3.494E-04  0.7073
 -4.000E+02 -4.886E+02  3.514E-06  1.0000
 -3.600E+02 -4.886E+02  0.000E+00  0.0000
 -3.200E+02 -4.886E+02  2.233E-04  1.0000
 -2.800E+02 -4.886E+02  0.000E+00  0.0000
 -2.400E+02 -4.886E+02  6.299E-05  1.0000
 -2.000E+02 -4.886E+02  8.304E-05  1.0000
 -1.600E+02 -4.886E+02  2.250E-04  0.7079
 -1.200E+02 -4.886E+02  0.000E+00  0.0000
 -8.000E+01 -4.886E+02  0.000E+00  0.0000
 -4.000E+01 -4.886E+02  0.000E+00  0.0000
  0.000E+00 -4.886E+02  0.000E+00  0.0000
  4.000E+01 -4.886E+02  1.942E-04  0.7181
  8.000E+01 -4.886E+02  4.068E-04  0.6567
  1.200E+02 -4.886E+02  7.547E-05  0.9377
  1.600E+02 -4.886E+02  0.000E+00  0.0000
  2.000E+02 -4.886E+02  1.465E-04  1.0000
  2.400E+02 -4.886E+02  1.399E-04  1.0000
  2.800E+02 -4.886E+02  7.273E-06  1.0000
  3.200E+02 -4.886E+02  9.866E-06  1.0000
  3.600E+02 -4.886E+02  2.584E-04  0.7146
  4.000E+02 -4.886E+02  0.000E+00  0.0000
  4.400E+02 -4.886E+02  2.471E-04  0.7073
  4.800E+02 -4.886E+02  0.000E+00  0.0000
  5.200E+02 -4.886E+02  2.872E-04  1.0000
  5.600E+02 -4.886E+02  3.954E-04  0.7789
  6.000E+02 -4.886E+02  0.000E+00  0.0000
  6.400E+02 -4.886E+02  8.349E-05  1.0000
  6.800E+02 -4.886E+02  0.000E+00  0.0000
 -6.800E+02 -4.492E+02  2.637E-05  1.0000
 -6.400E+02 -4.492E+02  2.151E-04  0.8368
 -6.000E+02 -4.492E+02  6.264E-04  0.5917
 -5.600E+02 -4.492E+02  2.147E-04  1.0000
 -5.200E+02 -4.492E+02  0.000E+00  0.0000
 -4.800E+02 -4.492E+02  2.803E-05  1.0000
 -4.400E+02 -4.492E+02  0.000E+00  0.0000
 -4.000E+02 -4.492E+02  0.000E+00  0.0000
 -3.600E+02 -4.492E+02  0.000E+00  0.0000
 -3.200E+02 -4.492E+02  0.000E+00  0.0000
 -2.800E+02 -4.492E+02  1.987E-05  1.0000
 -2.400E+02 -4.492E+02  2.955E-04  0.7150
 -2.000E+02 -4.492E+02  0.000E+00  0.0000
 -1.600E+02 -4.492E+02  7.859E-05  0.7772
 -1.200E+02 -4.492E+02  1.128E-04  1.0000
 -8.000E+01 -4.492E+02  0.000E+00  0.0000
 -4.000E+01 -4.492E+02  0.000E+00  0.0000
  0.000E+00 -4.492E+02  1.045E-04  1.0000
  4.000E+01 -4.492E+02  0.000E+00  0.0000
  8.000E+01 -4.492E+02  1.318E-05  1.0000
  1.200E+02 -4.492E+02  4.392E-05  0.8332
  1.600E+02 -4.492E+02  0.000E+00  0.0000
  2.000E+02 -4.492E+02  0.000E+00  0.0000
  2.400E+02 -4.492E+02  0.000E+00  0.0000
  2.800E+02 -4.492E+02  3.511E-05  1.0000
  3.200E+02 -4.492E+02  9.853E-05  1.0000
  3.600E+02 -4.492E+02  0.000E+00  0.0000
  4.000E+02 -4.492E+02  2.014E-04  0.7714
  4.400E+02 -4.492E+02  5.692E-05  1.0000
  4.800E+02 -4.492E+02  2.807E-04  1.0000
  5.200E+02 -4.492E+02  1.059E-04  1.0000
  5.600E+02 -4.492E+02  2.573E-04  1.0000
  6.000E+02 -4.492E+02  1.854E-04  0.9567
  6.400E+02 -4.492E+02  1.392E-04  1.0000
  6.800E+02 -4.492E+02  0.000E+00  0.0000
 -6.800E+02 -4.099E+02  0.000E+00  0.0000
 -6.400E+02 -4.099E+02  6.494E-05  1.0000
 -6.000E+02 -4.099E+02  0.000E+00  0.0000
 -5.600E+02 -4.099E+02  1.229E-04  1.0000
 -5.200E+02 -4.099E+02  1.452E-05  1.0000
 -4.800E+02 -4.099E+02  8.907E-05  1.0000
 -4.400E+02 -4.099E+02  0.000E+00  0.0000
 -4.000E+02 -4.099E+02  0.000E+00  0.0000
 -3.600E+02 -4.099E+02  0.000E+00  0.0000
 -3.200E+02 -4.099E+02  0.000E+00  0.0000
 -2.800E+02 -4.099E+02  0.000E+00  0.0000
 -2.400E+02 -4.099E+02  0.000E+00  0.0000
 -2.000E+02 -4.099E+02  0.000E+00  0.0000
 -1.600E+02 -4.099E+02  0.000E+00  0.0000
 -1.200E+02 -4.099E+02  2.021E-04  1.0000
 -8.000E+01 -4.099E+02  0.000E+00  0.0000
 -4.000E+01 -4.099E+02  0.000E+00  0.0000
  0.000E+00 -4.099E+02  0.000E+00  0.0000
  4.000E+01 -4.099E+02  0.000E+00  0.0000
  8.000E+01 -4.099E+02  8.824E-05  1.0000
  1.200E+02 -4.099E+02  3.790E-04  0.9251
  1.600E+02 -4.099E+02  1.290E-04  1.0000
  2.000E+02 -4.099E+02  0.000E+00  0.0000
  2.400E+02 -4.099E+02  0.000E+00  0.0000
  2.800E+02 -4.099E+02  0.000E+00  0.0000
  3.200E+02 -4.099E+02  0.000E+00  0.0000
  3.600E+02 -4.099E+02  1.299E-05  1.0000
  4.000E+02 -4.099E+02  8.242E-05  1.0000
  4.400E+02 -4.099E+02  1.137E-04  1.0000
  4.800E+02 -4.099E+02  1.618E-04  1.0000
  5.200E+02 -4.099E+02  0.000E+00  0.0000
  5.600E+02 -4.099E+02  1.630E-04  1.0000
  6.000E+02 -4.099E+02  3.203E-04  1.0000
  6.400E+02 -4.099E+02  0.000E+00  0.0000
  6.800E+02 -4.099E+02  3.219E-04  1.0000
 -6.800E+02 -3.705E+02  0.000E+00  0.0000
 -6.400E+02 -3.705E+02  1.842E-04  1.0000
 -6.000E+02 -3.705E+02  2.565E-05  1.0000
 -5.600E+02 -3.705E+02  6.956E-05  1.0000
 -5.200E+02 -3.705E+02  1.362E-04  1.0000
 -4.800E+02 -3.705E+02  2.414E-04  1.0000
 -4.400E+02 -3.705E+02  1.982E-05  1.0000
 -4.000E+02 -3.705E+02  8.159E-05  1.0000
 -3.600E+02 -3.705E+02  5.340E-05  1.0000
 -3.200E+02 -3.705E+02  2.768E-05  1.0000
 -2.800E+02 -3.705E+02  0.000E+00  0.0000
 -2.400E+02 -3.705E+02  0.000E+00  0.0000
 -2.000E+02 -3.705E+02  0.000E+00  0.0000
 -1.600E+02 -3.705E+02  8.227E-05  1.0000
 -1.200E+02 -3.705E+02  1.672E-04  1.0000
 -8.000E+01 -3.705E+02  1.672E-04  1.0000
 -4.000E+01 -3.705E+02  1.672E-04  1.0000
  0.000E+00 -3.705E+02  1.672E-04  1.0000
  4.000E+01 -3.705E+02  1.672E-04  1.0000
  8.000E+01 -3.705E+02  7.892E-05  1.0000
  1.200E+02 -3.705E+02  0.000E+00  0.0000
  1.600E+02 -3.705E+02  0.000E+00  0.0000
  2.000E+02 -3.705E+02  0.000E+00  0.0000
  2.400E+02 -3.705E+02  0.000E+00  0.0000
  2.800E+02 -3.705E+02  0.000E+00  0.0000
  3.200E+02 -3.705E+02  0.000E+00  0.0000
  3.600E+02 -3.705E+02  1.187E-04  1.0000
  4.000E+02 -3.705E+02  0.000E+00  0.0000
  4.400E+02 -3.705E+02  0.000E+00  0.0000
  4.800E+02 -3.705E+02  5.096E-05  1.0000
  5.200E+02 -3.705E+02  0.000E+00  0.0000
  5.600E+02 -3.705E+02  0.000E+00  0.0000
  6.000E+02 -3.705E+02  0.000E+00  0.0000
  6.400E+02 -3.705E+02  0.000E+00  0.0000
  6.800E+02 -3.705E+02  8.465E-05  0.8439
 -6.800E+02 -3.312E+02  0.000E+00  0.0000
 -6.400E+02 -3.312E+02  2.792E-04  0.9256
 -6.000E+02 -3.312E+02  0.000E+00  0.0000
 -5.600E+02 -3.312E+02  0.000E+00  0.0000
 -5.200E+02 -3.312E+02  1.259E-04  0.7841
 -4.800E+02 -3.312E+02  4.527E-05  1.0000
 -4.400E+02 -3.312E+02  2.079E-05  1.0000
 -4.000E+02 -3.312E+02  1.566E-04  1.0000
 -3.600E+02 -3.312E+02  0.000E+00  0.0000
 -3.200E+02 -3.312E+02  0.000E+00  0.0000
 -2.800E+02 -3.312E+02  1.140E-04  1.0000
 -2.400E+02 -3.312E+02  3.309E-04  1.0000
 -2.000E+02 -3.312E+02  0.000E+00  0.0000
 -1.600E+02 -3.312E+02  2.806E-05  1.0000
 -1.200E+02 -3.312E+02  2.150E-04  1.0000
 -8.000E+01 -3.312E+02  0.000E+00  0.0000
 -4.000E+01 -3.312E+02  0.000E+00  0.0000
  0.000E+00 -3.312E+02  0.000E+00  0.0000
  4.000E+01 -3.312E+02  0.000E+00  0.0000
  8.000E+01 -3.312E+02  0.000E+00  0.0000
  1.200E+02 -3.312E+02  0.000E+00  0.0000
  1.600E+02 -3.312E+02  0.000E+00  0.0000
  2.000E+02 -3.312E+02  0.000E+00  0.0000
  2.400E+02 -3.312E+02  0.000E+00  0.0000
  2.800E+02 -3.312E+02  0.000E+00  0.0000
  3.200E+02 -3.312E+02  0.000E+00  0.0000
  3.600E+02 -3.312E+02  1.737E-04  1.0000
  4.000E+02 -3.312E+02  3.587E-05  0.9557
  4.400E+02 -3.312E+02  0.000E+00  0.0000
  4.800E+02 -3.312E+02  3.938E-04  0.7353
  5.200E+02 -3.312E+02  0.000E+00  0.0000
  5.600E+02 -3.312E+02  0.000E+00  0.0000
  6.000E+02 -3.312E+02  0.000E+00  0.0000
  6.400E+02 -3.312E+02  0.000E+00  0.0000
  6.800E+02 -3.312E+02  3.049E-04  0.7888
 -6.800E+02 -2.918E+02  0.000E+00  0.0000
 -6.400E+02 -2.918E+02  2.139E-04  0.5906
 -6.000E+02 -2.918E+02  0.000E+00  0.0000
 -5.600E+02 -2.918E+02  3.326E-05  1.0000
 -5.200E+02 -2.918E+02  2.100E-04  0.7131
 -4.800E+02 -2.918E+02  0.000E+00  0.0000
 -4.400E+02 -2.918E+02  2.678E-04  1.0000
 -4.000E+02 -2.918E+02  6.965E-05  0.8569
 -3.600E+02 -2.918E+02  4.461E-04  0.5556
 -3.200E+02 -2.918E+02  2.449E-04  0.8813
 -2.800E+02 -2.918E+02  3.177E-04  1.0000
 -2.400E+02 -2.918E+02  2.703E-04  1.0000
 -2.000E+02 -2.918E+02  0.000E+00  0.0000
 -1.600E+02 -2.918E+02  0.000E+00  0.0000
 -1.200E+02 -2.918E+02  3.168E-05  1.0000
 -8.000E+01 -2.918E+02  2.114E-04  1.0000
 -4.000E+01 -2.918E+02  0.000E+00  0.0000
  0.000E+00 -2.918E+02  0.000E+00  0.0000
  4.000E+01 -2.918E+02  0.000E+00  0.0000
  8.000E+01 -2.918E+02  0.000E+00  0.0000
  1.200E+02 -2.918E+02  0.000E+00  0.0000
  1.600E+02 -2.918E+02  0.000E+00  0.0000
  2.000E+02 -2.918E+02  6.808E-05  1.0000
  2.400E+02 -2.918E+02  0.000E+00  0.0000
  2.800E+02 -2.918E+02  1.572E-04  1.0000
  3.200E+02 -2.918E+02  0.000E+00  0.0000
  3.600E+02 -2.918E+02  2.192E-04  0.7165
  4.000E+02 -2.918E+02  9.687E-05  1.0000
  4.400E+02 -2.918E+02  1.984E-04  1.0000
  4.800E+02 -2.918E+02  0.000E+00  0.0000
  5.200E+02 -2.918E+02  1.093E-04  1.0000
  5.600E+02 -2.918E+02  8.550E-05  1.0000
  6.000E+02 -2.918E+02  1.028E-04  0.9201
  6.400E+02 -2.918E+02  3.852E-05  1.0000
  6.800E+02 -2.918E+02  6.519E-04  0.6019
 -6.800E+02 -2.525E+02  1.423E-04  0.9869
 -6.400E+02 -2.525E+02  3.706E-04  0.7308
 -6.000E+02 -2.525E+02  0.000E+00  0.0000
 -5.600E+02 -2.525E+02  0.000E+00  0.0000
 -5.200E+02 -2.525E+02  4.193E-04  0.7676
 -4.800E+02 -2.525E+02  0.000E+00  0.0000
 -4.400E+02 -2.525E+02  1.468E-05  1.0000
 -4.000E+02 -2.525E+02  5.608E-04  0.6500
 -3.600E+02 -2.525E+02  2.073E-04  0.7162
 -3.200E+02 -2.525E+02  1.152E-04  1.0000
 -2.800E+02 -2.525E+02  1.091E-04  1.0000
 -2.400E+02 -2.525E+02  0.000E+00  0.0000
 -2.000E+02 -2.525E+02  0.000E+00  0.0000
 -1.600E+02 -2.525E+02  0.000E+00  0.0000
 -1.200E+02 -2.525E+02  0.000E+00  0.0000
 -8.000E+01 -2.525E+02  3.529E-05  1.0000
 -4.000E+01 -2.525E+02  1.753E-04  1.0000
  0.000E+00 -2.525E+02  0.000E+00  0.0000
  4.000E+01 -2.525E+02  0.000E+00  0.0000
  8.000E+01 -2.525E+02  0.000E+00  0.0000
  1.200E+02 -2.525E+02  0.000E+00  0.0000
  1.600E+02 -2.525E+02  1.218E-04  1.0000
  2.000E+02 -2.525E+02  0.000E+00  0.0000
  2.400E+02 -2.525E+02  3.516E-05  1.0000
  2.800E+02 -2.525E+02  3.738E-05  1.0000
  3.200E+02 -2.525E+02  0.000E+00  0.0000
  3.600E+02 -2.525E+02  0.000E+00  0.0000
  4.000E+02 -2.525E+02  0.000E+00  0.0000
  4.400E+02 -2.525E+02  0.000E+00  0.0000
  4.800E+02 -2.525E+02  0.000E+00  0.0000
  5.200E+02 -2.525E+02  1.154E-04  1.0000
  5.600E+02 -2.525E+02  0.000E+00  0.0000
  6.000E+02 -2.525E+02  1.203E-04  1.0000
  6.400E+02 -2.525E+02  8.164E-05  0.7118
  6.800E+02 -2.525E+02  8.104E-05  0.9029
 -6.800E+02 -2.132E+02  1.032E-04  1.0000
 -6.400E+02 -2.132E+02  0.000E+00  0.0000
 -6.000E+02 -2.132E+02  4.958E-05  1.0000
 -5.600E+02 -2.132E+02  3.978E-05  1.0000
 -5.200E+02 -2.132E+02  3.234E-04  1.0000
 -4.800E+02 -2.132E+02  0.000E+00  0.0000
 -4.400E+02 -2.132E+02  3.433E-05  1.0000
 -4.000E+02 -2.132E+02  1.173E-04  1.0000
 -3.600E+02 -2.132E+02  0.000E+00  0.0000
 -3.200E+02 -2.132E+02  0.000E+00  0.0000
 -2.800E+02 -2.132E+02  0.000E+00  0.0000
 -2.400E+02 -2.132E+02  0.000E+00  0.0000
 -2.000E+02 -2.132E+02  0.000E+00  0.0000
 -1.600E+02 -2.132E+02  0.000E+00  0.0000
 -1.200E+02 -2.132E+02  0.000E+00  0.0000
 -8.000E+01 -2.132E+02  0.000E+00  0.0000
 -4.000E+01 -2.132E+02  0.000E+00  0.0000
  0.000E+00 -2.132E+02  0.000E+00  0.0000
  4.000E+01 -2.132E+02  0.000E+00  0.0000
  8.000E+01 -2.132E+02  0.000E+00  0.0000
  1.200E+02 -2.132E+02  0.000E+00  0.0000
  1.600E+02 -2.132E+02  0.000E+00  0.0000
  2.000E+02 -2.132E+02  0.000E+00  0.0000
  2.400E+02 -2.132E+02  3.072E-04  0.7889
  2.800E+02 -2.132E+02  8.060E-05  1.0000
  3.200E+02 -2.132E+02  0.000E+00  0.0000
  3.600E+02 -2.132E+02  1.462E-04  1.0000
  4.000E+02 -2.132E+02  0.000E+00  0.0000
  4.400E+02 -2.132E+02  6.195E-05  1.0000
  4.800E+02 -2.132E+02  1.468E-05  1.0000
  5.200E+02 -2.132E+02  2.986E-04  0.7306
  5.600E+02 -2.132E+02  2.280E-05  1.0000
  6.000E+02 -2.132E+02  2.297E-04  1.0000
  6.400E+02 -2.132E+02  1.317E-04  1.0000
  6.800E+02 -2.132E+02  2.697E-04  0.7127
 -6.800E+02 -1.738E+02  0.000E+00  0.0000
 -6.400E+02 -1.738E+02  7.855E-05  1.0000
 -6.000E+02 -1.738E+02  0.000E+00  0.0000
 -5.600E+02 -1.738E+02  1.592E-04  1.0000
 -5.200E+02 -1.738E+02  1.592E-04  1.0000
 -4.800E+02 -1.738E+02  2.627E-04  0.7123
 -4.400E+02 -1.738E+02  5.072E-04  0.7275
 -4.000E+02 -1.738E+02  0.000E+00  0.0000
 -3.600E+02 -1.738E+02  0.000E+00  0.0000
 -3.200E+02 -1.738E+02  4.286E-05  1.0000
 -2.800E+02 -1.738E+02  3.880E-04  0.9342
 -2.400E+02 -1.738E+02  6.407E-05  1.0000
 -2.000E+02 -1.738E+02  8.779E-05  1.0000
 -1.600E+02 -1.738E+02  0.000E+00  0.0000
 -1.200E+02 -1.738E+02  0.000E+00  0.0000
 -8.000E+01 -1.738E+02  0.000E+00  0.0000
 -4.000E+01 -1.738E+02  0.000E+00  0.0000
  0.000E+00 -1.738E+02  0.000E+00  0.0000
  4.000E+01 -1.738E+02  0.000E+00  0.0000
  8.000E+01 -1.738E+02  0.000E+00  0.0000
  1.200E+02 -1.738E+02  0.000E+00  0.0000
  1.600E+02 -1.738E+02  0.000E+00  0.0000
  2.000E+02 -1.738E+02  0.000E+00  0.0000
  2.400E+02 -1.738E+02  1.141E-04  1.0000
  2.800E+02 -1.738E+02  1.177E-05  1.0000
  3.200E+02 -1.738E+02  0.000E+00  0.0000
  3.600E+02 -1.738E+02  1.532E-04  1.0000
  4.000E+02 -1.738E+02  0.000E+00  0.0000
  4.400E+02 -1.738E+02  0.000E+00  0.0000
  4.800E+02 -1.738E+02  1.302E-04  0.7709
  5.200E+02 -1.738E+02  0.000E+00  0.0000
  5.600E+02 -1.738E+02  0.000E+00  0.0000
  6.000E+02 -1.738E+02  1.020E-04  1.0000
  6.400E+02 -1.738E+02  1.290E-04  1.0000
  6.800E+02 -1.738E+02  1.624E-04  1.0000
 -6.800E+02 -1.345E+02  9.345E-05  1.0000
 -6.400E+02 -1.345E+02  0.000E+00  0.0000
 -6.000E+02 -1.345E+02  0.000E+00  0.0000
 -5.600E+02 -1.345E+02  0.000E+00  0.0000
 -5.200E+02 -1.345E+02  8.855E-05  0.8845
 -4.800E+02 -1.345E+02  2.053E-04  0.6743
 -4.400E+02 -1.345E+02  2.438E-04  0.9523
 -4.000E+02 -1.345E+02  1.109E-05  1.0000
 -3.600E+02 -1.345E+02  0.000E+00  0.0000
 -3.200E+02 -1.345E+02  2.506E-04  0.6151
 -2.800E+02 -1.345E+02  3.758E-04  0.5751
 -2.400E+02 -1.345E+02  1.757E-04  1.0000
 -2.000E+02 -1.345E+02  1.659E-04  1.0000
 -1.600E+02 -1.345E+02  0.000E+00  0.0000
 -1.200E+02 -1.345E+02  0.000E+00  0.0000
 -8.000E+01 -1.345E+02  0.000E+00  0.0000
 -4.000E+01 -1.345E+02  0.000E+00  0.0000
  0.000E+00 -1.345E+02  0.000E+00  0.0000
  4.000E+01 -1.345E+02  0.000E+00  0.0000
  8.000E+01 -1.345E+02  0.000E+00  0.0000
  1.200E+02 -1.345E+02  0.000E+00  0.0000
  1.600E+02 -1.345E+02  0.000E+00  0.0000
  2.000E+02 -1.345E+02  0.000E+00  0.0000
  2.400E+02 -1.345E+02  1.882E-04  1.0000
  2.800E+02 -1.345E+02  2.839E-04  0.6564
  3.200E+02 -1.345E+02  2.782E-05  1.0000
  3.600E+02 -1.345E+02  0.000E+00  0.0000
  4.000E+02 -1.345E+02  4.992E-05  1.0000
  4.400E+02 -1.345E+02  2.072E-05  1.0000
  4.800E+02 -1.345E+02  1.574E-04  1.0000
  5.200E+02 -1.345E+02  2.622E-04  1.0000
  5.600E+02 -1.345E+02  0.000E+00  0.0000
  6.000E+02 -1.345E+02  0.000E+00  0.0000
  6.400E+02 -1.345E+02  1.521E-04  1.0000
  6.800E+02 -1.345E+02  2.395E-05  1.0000
 -6.800E+02 -9.511E+01  8.589E-06  1.0000
 -6.400E+02 -9.511E+01  1.265E-04  1.0000
 -6.000E+02 -9.511E+01  5.033E-06  1.0000
 -5.600E+02 -9.511E+01  6.350E-05  1.0000
 -5.200E+02 -9.511E+01  0.000E+00  0.0000
 -4.800E+02 -9.511E+01  0.000E+00  0.0000
 -4.400E+02 -9.511E+01  3.362E-04  1.0000
 -4.000E+02 -9.511E+01  8.054E-05  0.7372
 -3.600E+02 -9.511E+01  0.000E+00  0.0000
 -3.200E+02 -9.511E+01  4.342E-04  0.6296
 -2.800E+02 -9.511E+01  4.101E-04  0.5584
 -2.400E+02 -9.511E+01  2.483E-06  1.0000
 -2.000E+02 -9.511E+01  0.000E+00  0.0000
 -1.600E+02 -9.511E+01  0.000E+00  0.0000
 -1.200E+02 -9.511E+01  1.196E-04  1.0000
 -8.000E+01 -9.511E+01  0.000E+00  0.0000
 -4.000E+01 -9.511E+01  0.000E+00  0.0000
  0.000E+00 -9.511E+01  0.000E+00  0.0000
  4.000E+01 -9.511E+01  1.115E-04  1.0000
  8.000E+01 -9.511E+01  0.000E+00  0.0000
  1.200E+02 -9.511E+01  0.000E+00  0.0000
  1.600E+02 -9.511E+01  3.631E-05  1.0000
  2.000E+02 -9.511E+01  4.267E-04  0.5802
  2.400E+02 -9.511E+01  5.881E-05  0.9809
  2.800E+02 -9.511E+01  6.280E-04  0.6170
  3.200E+02 -9.511E+01  2.767E-04  0.7518
  3.600E+02 -9.511E+01  0.000E+00  0.0000
  4.000E+02 -9.511E+01  3.095E-04  0.7501
  4.400E+02 -9.511E+01  6.366E-05  1.0000
  4.800E+02 -9.511E+01  6.895E-05  1.0000
  5.200E+02 -9.511E+01  6.643E-05  1.0000
  5.600E+02 -9.511E+01  2.611E-04  0.7084
  6.000E+02 -9.511E+01  2.484E-04  0.7518
  6.400E+02 -9.511E+01  1.217E-04  0.7294
  6.800E+02 -9.511E+01  0.000E+00  0.0000
 -6.800E+02 -5.576E+01  1.053E-04  1.0000
 -6.400E+02 -5.576E+01  3.127E-04  1.0000
 -6.000E+02 -5.576E+01  0.000E+00  0.0000
 -5.600E+02 -5.576E+01  1.261E-04  1.0000
 -5.200E+02 -5.576E+01  4.450E-04  0.7476
 -4.800E+02 -5.576E+01  9.421E-05  1.0000
 -4.400E+02 -5.576E+01  1.304E-05  1.0000
 -4.000E+02 -5.576E+01  3.392E-04  0.6335
 -3.600E+02 -5.576E+01  2.025E-04  0.9931
 -3.200E+02 -5.576E+01  2.666E-04  0.7741
 -2.800E+02 -5.576E+01  0.000E+00  0.0000
 -2.400E+02 -5.576E+01  1.268E-04  1.0000
 -2.000E+02 -5.576E+01  0.000E+00  0.0000
 -1.600E+02 -5.576E+01  1.558E-04  1.0000
 -1.200E+02 -5.576E+01  0.000E+00  0.0000
 -8.000E+01 -5.576E+01  2.001E-04  0.7248
 -4.000E+01 -5.576E+01  0.000E+00  0.0000
  0.000E+00 -5.576E+01  2.455E-04  0.7073
  4.000E+01 -5.576E+01  6.994E-05  1.0000
  8.000E+01 -5.576E+01  2.559E-04  1.0000
  1.200E+02 -5.576E+01  1.276E-04  1.0000
  1.600E+02 -5.576E+01  7.108E-05  1.0000
  2.000E+02 -5.576E+01  0.000E+00  0.0000
  2.400E+02 -5.576E+01  1.819E-04  1.0000
  2.800E+02 -5.576E+01  1.200E-05  1.0000
  3.200E+02 -5.576E+01  4.271E-04  0.8224
  3.600E+02 -5.576E+01  7.552E-05  1.0000
  4.000E+02 -5.576E+01  3.707E-04  0.6272
  4.400E+02 -5.576E+01  1.767E-04  0.9179
  4.800E+02 -5.576E+01  0.000E+00  0.0000
  5.200E+02 -5.576E+01  1.262E-04  0.9206
  5.600E+02 -5.576E+01  1.937E-04  0.7280
  6.000E+02 -5.576E+01  0.000E+00  0.0000
  6.400E+02 -5.576E+01  0.000E+00  0.0000
  6.800E+02 -5.576E+01  0.000E+00  0.0000
 -6.800E+02 -1.641E+01  0.000E+00  0.0000
 -6.400E+02 -1.641E+01  0.000E+00  0.0000
 -6.000E+02 -1.641E+01  0.000E+00  0.0000
 -5.600E+02 -1.641E+01  0.000E+00  0.0000
 -5.200E+02 -1.641E+01  1.697E-04  0.7475
 -4.800E+02 -1.641E+01  6.715E-05  1.0000
 -4.400E+02 -1.641E+01  1.689E-04  1.0000
 -4.000E+02 -1.641E+01  0.000E+00  0.0000
 -3.600E+02 -1.641E+01  1.379E-04  0.7162
 -3.200E+02 -1.641E+01  0.000E+00  0.0000
 -2.800E+02 -1.641E+01  0.000E+00  0.0000
 -2.400E+02 -1.641E+01  0.000E+00  0.0000
 -2.000E+02 -1.641E+01  2.516E-04  1.0000
 -1.600E+02 -1.641E+01  0.000E+00  0.0000
 -1.200E+02 -1.641E+01  1.057E-04  1.0000
 -8.000E+01 -1.641E+01  1.801E-04  0.7419
 -4.000E+01 -1.641E+01  0.000E+00  0.0000
  0.000E+00 -1.641E+01  1.810E-04  0.7606
  4.000E+01 -1.641E+01  1.362E-05  1.0000
  8.000E+01 -1.641E+01  4.421E-04  0.7722
  1.200E+02 -1.641E+01  9.194E-06  1.0000
  1.600E+02 -1.641E+01  2.224E-04  1.0000
  2.000E+02 -1.641E+01  0.000E+00  0.0000
  2.400E+02 -1.641E+01  9.326E-05  1.0000
  2.800E+02 -1.641E+01  0.000E+00  0.0000
  3.200E+02 -1.641E+01  1.652E-04  0.7529
  3.600E+02 -1.641E+01  2.202E-04  1.0000
  4.000E+02 -1.641E+01  7.633E-04  0.5991
  4.400E+02 -1.641E+01  1.335E-04  0.5957
  4.800E+02 -1.641E+01  0.000E+00  0.0000
  5.200E+02 -1.641E+01  0.000E+00  0.0000
  5.600E+02 -1.641E+01  0.000E+00  0.0000
  6.000E+02 -1.641E+01  4.557E-05  1.0000
  6.400E+02 -1.641E+01  0.000E+00  0.0000
  6.800E+02 -1.641E+01  8.972E-05  1.0000
 -6.800E+02  2.293E+01  0.000E+00  0.0000
 -6.400E+02  2.293E+01  0.000E+00  0.0000
 -6.000E+02  2.293E+01  0.000E+00  0.0000
 -5.600E+02  2.293E+01  0.000E+00  0.0000
 -5.200E+02  2.293E+01  0.000E+00  0.0000
 -4.800E+02  2.293E+01  0.000E+00  0.0000
 -4.400E+02  2.293E+01  0.000E+00  0.0000
 -4.000E+02  2.293E+01  6.753E-06  1.0000
 -3.600E+02  2.293E+01  1.860E-04  1.0000
 -3.200E+02  2.293E+01  0.000E+00  0.0000
 -2.800E+02  2.293E+01  0.000E+00  0.0000
 -2.400E+02  2.293E+01  0.000E+00  0.0000
 -2.000E+02  2.293E+01  0.000E+00  0.0000
 -1.600E+02  2.293E+01  0.000E+00  0.0000
 -1.200E+02  2.293E+01  0.000E+00  0.0000
 -8.000E+01  2.293E+01  0.000E+00  0.0000
 -4.000E+01  2.293E+01  0.000E+00  0.0000
  0.000E+00  2.293E+01  1.809E-04  1.0000
  4.000E+01  2.293E+01  0.000E+00  0.0000
  8.000E+01  2.293E+01  0.000E+00  0.0000
  1.200E+02  2.293E+01  0.000E+00  0.0000
  1.600E+02  2.293E+01  0.000E+00  0.0000
  2.000E+02  2.293E+01  0.000E+00  0.0000
  2.400E+02  2.293E+01  4.216E-05  1.0000
  2.800E+02  2.293E+01  1.658E-04  1.0000
  3.200E+02  2.293E+01  3.275E-04  0.7071
  3.600E+02  2.293E+01  1.658E-04  1.0000
  4.000E+02  2.293E+01  7.596E-05  1.0000
  4.400E+02  2.293E+01  2.122E-04  1.0000
  4.800E+02  2.293E+01  0.000E+00  0.0000
  5.200E+02  2.293E+01  0.000E+00  0.0000
  5.600E+02  2.293E+01  0.000E+00  0.0000
  6.000E+02  2.293E+01  0.000E+00  0.0000
  6.400E+02  2.293E+01  0.000E+00  0.0000
  6.800E+02  2.293E+01  0.000E+00  0.0000
 -6.800E+02  6.228E+01  0.000E+00  0.0000
 -6.400E+02  6.228E+01  0.000E+00  0.0000
 -6.000E+02  6.228E+01  0.000E+00  0.0000
 -5.600E+02  6.228E+01  0.000E+00  0.0000
 -5.200E+02  6.228E+01  0.000E+00  0.0000
 -4.800E+02  6.228E+01  0.000E+00  0.0000
 -4.400E+02  6.228E+01  0.000E+00  0.0000
 -4.000E+02  6.228E+01  1.928E-04  1.0000
 -3.600E+02  6.228E+01  0.000E+00  0.0000
 -3.200E+02  6.228E+01  0.000E+00  0.0000
 -2.800E+02  6.228E+01  0.000E+00  0.0000
 -2.400E+02  6.228E+01  0.000E+00  0.0000
 -2.000E+02  6.228E+01  0.000E+00  0.0000
 -1.600E+02  6.228E+01  0.000E+00  0.0000
 -1.200E+02  6.228E+01  0.000E+00  0.0000
 -8.000E+01  6.228E+01  0.000E+00  0.0000
 -4.000E+01  6.228E+01  0.000E+00  0.0000
  0.000E+00  6.228E+01  5.466E-05  1.0000
  4.000E+01  6.228E+01  0.000E+00  0.0000
  8.000E+01  6.228E+01  0.000E+00  0.0000
  1.200E+02  6.228E+01  1.603E-04  1.0000
  1.600E+02  6.228E+01  1.658E-04  1.0000
  2.000E+02  6.228E+01  1.658E-04  1.0000
  2.400E+02  6.228E+01  1.236E-04  1.0000
  2.800E+02  6.228E+01  0.000E+00  0.0000
  3.200E+02  6.228E+01  1.617E-04  1.0000
  3.600E+02  6.228E+01  0.000E+00  0.0000
  4.000E+02  6.228E+01  0.000E+00  0.0000
  4.400E+02  6.228E+01  1.053E-05  1.0000
  4.800E+02  6.228E+01  2.017E-04  1.0000
  5.200E+02  6.228E+01  0.000E+00  0.0000
  5.600E+02  6.228E+01  0.000E+00  0.0000
  6.000E+02  6.228E+01  0.000E+00  0.0000
  6.400E+02  6.228E+01  0.000E+00  0.0000
  6.800E+02  6.228E+01  0.000E+00  0.0000
 -6.800E+02  1.016E+02  0.000E+00  0.0000
 -6.400E+02  1.016E+02  0.000E+00  0.0000
 -6.000E+02  1.016E+02  0.000E+00  0.0000
 -5.600E+02  1.016E+02  0.000E+00  0.0000
 -5.200E+02  1.016E+02  0.000E+00  0.0000
 -4.800E+02  1.016E+02  0.000E+00  0.0000
 -4.400E+02  1.016E+02  0.000E+00  0.0000
 -4.000E+02  1.016E+02  1.928E-04  1.0000
 -3.600E+02  1.016E+02  0.000E+00  0.0000
 -3.200E+02  1.016E+02  0.000E+00  0.0000
 -2.800E+02  1.016E+02  0.000E+00  0.0000
 -2.400E+02  1.016E+02  0.000E+00  0.0000
 -2.000E+02  1.016E+02  0.000E+00  0.0000
 -1.600E+02  1.016E+02  0.000E+00  0.0000
 -1.200E+02  1.016E+02  0.000E+00  0.0000
 -8.000E+01  1.016E+02  0.000E+00  0.0000
 -4.000E+01  1.016E+02  1.126E-04  1.0000
  0.000E+00  1.016E+02  1.658E-04  1.0000
  4.000E+01  1.016E+02  1.658E-04  1.0000
  8.000E+01  1.016E+02  1.658E-04  1.0000
  1.200E+02  1.016E+02  5.535E-06  1.0000
  1.600E+02  1.016E+02  0.000E+00  0.0000
  2.000E+02  1.016E+02  0.000E+00  0.0000
  2.400E+02  1.016E+02  0.000E+00  0.0000
  2.800E+02  1.016E+02  0.000E+00  0.0000
  3.200E+02  1.016E+02  1.617E-04  1.0000
  3.600E+02  1.016E+02  0.000E+00  0.0000
  4.000E+02  1.016E+02  0.000E+00  0.0000
  4.400E+02  1.016E+02  0.000E+00  0.0000
  4.800E+02  1.016E+02  8.867E-05  1.0000
  5.200E+02  1.016E+02  1.235E-04  1.0000
  5.600E+02  1.016E+02  0.000E+00  0.0000
  6.000E+02  1.016E+02  0.000E+00  0.0000
  6.400E+02  1.016E+02  0.000E+00  0.0000
  6.800E+02  1.016E+02  0.000E+00  0.0000
 -6.800E+02  1.410E+02  0.000E+00  0.0000
 -6.400E+02  1.410E+02  0.000E+00  0.0000
 -6.000E+02  1.410E+02  0.000E+00  0.0000
 -5.600E+02  1.410E+02  0.000E+00  0.0000
 -5.200E+02  1.410E+02  0.000E+00  0.0000
 -4.800E+02  1.410E+02  0.000E+00  0.0000
 -4.400E+02  1.410E+02  0.000E+00  0.0000
 -4.000E+02  1.410E+02  1.928E-04  1.0000
 -3.600E+02  1.410E+02  0.000E+00  0.0000
 -3.200E+02  1.410E+02  0.000E+00  0.0000
 -2.800E+02  1.410E+02  0.000E+00  0.0000
 -2.400E+02  1.410E+02  0.000E+00  0.0000
 -2.000E+02  1.410E+02  6.489E-05  1.0000
 -1.600E+02  1.410E+02  1.658E-04  1.0000
 -1.200E+02  1.410E+02  1.658E-04  1.0000
 -8.000E+01  1.410E+02  1.658E-04  1.0000
 -4.000E+01  1.410E+02  5.322E-05  1.0000
  0.000E+00  1.410E+02  0.000E+00  0.0000
  4.000E+01  1.410E+02  0.000E+00  0.0000
  8.000E+01  1.410E+02  0.000E+00  0.0000
  1.200E+02  1.410E+02  0.000E+00  0.0000
  1.600E+02  1.410E+02  0.000E+00  0.0000
  2.000E+02  1.410E+02  0.000E+00  0.0000
  2.400E+02  1.410E+02  0.000E+00  0.0000
  2.800E+02  1.410E+02  0.000E+00  0.0000
  3.200E+02  1.410E+02  1.617E-04  1.0000
  3.600E+02  1.410E+02  0.000E+00  0.0000
  4.000E+02  1.410E+02  0.000E+00  0.0000
  4.400E+02  1.410E+02  0.000E+00  0.0000
  4.800E+02  1.410E+02  0.000E+00  0.0000
  5.200E+02  1.410E+02  1.668E-04  1.0000
  5.600E+02  1.410E+02  4.538E-05  1.0000
  6.000E+02  1.410E+02  0.000E+00  0.0000
  6.400E+02  1.410E+02  0.000E+00  0.0000
  6.800E+02  1.410E+02  0.000E+00  0.0000
 -6.800E+02  1.803E+02  0.000E+00  0.0000
 -6.400E+02  1.803E+02  0.000E+00  0.0000
 -6.000E+02  1.803E+02  0.000E+00  0.0000
 -5.600E+02  1.803E+02  0.000E+00  0.0000
 -5.200E+02  1.803E+02  0.000E+00  0.0000
 -4.800E+02  1.803E+02  0.000E+00  0.0000
 -4.400E+02  1.803E+02  0.000E+00  0.0000
 -4.000E+02  1.803E+02  1.928E-04  1.0000
 -3.600E+02  1.803E+02  1.720E-05  1.0000
 -3.200E+02  1.803E+02  1.658E-04  1.0000
 -2.800E+02  1.803E+02  1.658E-04  1.0000
 -2.400E+02  1.803E+02  1.658E-04  1.0000
 -2.000E+02  1.803E+02  1.009E-04  1.0000
 -1.600E+02  1.803E+02  0.000E+00  0.0000
 -1.200E+02  1.803E+02  0.000E+00  0.0000
 -8.000E+01  1.803E+02  0.000E+00  0.0000
 -4.000E+01  1.803E+02  0.000E+00  0.0000
  0.000E+00  1.803E+02  0.000E+00  0.0000
  4.000E+01  1.803E+02  0.000E+00  0.0000
  8.000E+01  1.803E+02  0.000E+00  0.0000
  1.200E+02  1.803E+02  0.000E+00  0.0000
  1.600E+02  1.803E+02  0.000E+00  0.0000
  2.000E+02  1.803E+02  0.000E+00  0.0000
  2.400E+02  1.803E+02  0.000E+00  0.0000
  2.800E+02  1.803E+02  1.108E-04  1.0000
  3.200E+02  1.803E+02  5.093E-05  1.0000
  3.600E+02  1.803E+02  0.000E+00  0.0000
  4.000E+02  1.803E+02  0.000E+00  0.0000
  4.400E+02  1.803E+02  0.000E+00  0.0000
  4.800E+02  1.803E+02  0.000E+00  0.0000
  5.200E+02  1.803E+02  0.000E+00  0.0000
  5.600E+02  1.803E+02  2.122E-04  1.0000
  6.000E+02  1.803E+02  0.000E+00  0.0000
  6.400E+02  1.803E+02  0.000E+00  0.0000
  6.800E+02  1.803E+02  0.000E+00  0.0000

#------------------------------------------------------------------------------
 newpage:
#   no. =  3   ie  =  3   iy  =  1   part. = neutron 
#   e = (   1.0000E-01  -   2.0000E+01  )
#   y = (  -1.0000E+03  -   1.0000E+03  )
#  nx =  35   nz =  23

# x          z          flux       r.err
 -6.800E+02 -6.853E+02  1.346E-04  1.0000
 -6.400E+02 -6.853E+02  0.000E+00  0.0000
 -6.000E+02 -6.853E+02  0.000E+00  0.0000
 -5.600E+02 -6.853E+02  1.184E-04  0.7121
 -5.200E+02 -6.853E+02  1.803E-04  0.7752
 -4.800E+02 -6.853E+02  0.000E+00  0.0000
 -4.400E+02 -6.853E+02  0.000E+00  0.0000
 -4.000E+02 -6.853E+02  0.000E+00  0.0000
 -3.600E+02 -6.853E+02  0.000E+00  0.0000
 -3.200E+02 -6.853E+02  0.000E+00  0.0000
 -2.800E+02 -6.853E+02  0.000E+00  0.0000
 -2.400E+02 -6.853E+02  0.000E+00  0.0000
 -2.000E+02 -6.853E+02  1.437E-04  1.0000
 -1.600E+02 -6.853E+02  0.000E+00  0.0000
 -1.200E+02 -6.853E+02  0.000E+00  0.0000
 -8.000E+01 -6.853E+02  0.000E+00  0.0000
 -4.000E+01 -6.853E+02  0.000E+00  0.0000
  0.000E+00 -6.853E+02  0.000E+00  0.0000
  4.000E+01 -6.853E+02  2.036E-04  1.0000
  8.000E+01 -6.853E+02  3.985E-05  1.0000
  1.200E+02 -6.853E+02  0.000E+00  0.0000
  1.600E+02 -6.853E+02  0.000E+00  0.0000
  2.000E+02 -6.853E+02  0.000E+00  0.0000
  2.400E+02 -6.853E+02  0.000E+00  0.0000
  2.800E+02 -6.853E+02  9.575E-06  1.0000
  3.200E+02 -6.853E+02  1.703E-04  1.0000
  3.600E+02 -6.853E+02  0.000E+00  0.0000
  4.000E+02 -6.853E+02  0.000E+00  0.0000
  4.400E+02 -6.853E+02  0.000E+00  0.0000
  4.800E+02 -6.853E+02  0.000E+00  0.0000
  5.200E+02 -6.853E+02  0.000E+00  0.0000
  5.600E+02 -6.853E+02  0.000E+00  0.0000
  6.000E+02 -6.853E+02  8.454E-05  1.0000
  6.400E+02 -6.853E+02  0.000E+00  0.0000
  6.800E+02 -6.853E+02  1.926E-04  1.0000
 -6.800E+02 -6.460E+02  2.774E-04  0.8728
 -6.400E+02 -6.460E+02  1.868E-04  1.0000
 -6.000E+02 -6.460E+02  0.000E+00  0.0000
 -5.600E+02 -6.460E+02  1.430E-04  1.0000
 -5.200E+02 -6.460E+02  3.483E-05  1.0000
 -4.800E+02 -6.460E+02  1.852E-04  0.7519
 -4.400E+02 -6.460E+02  3.152E-05  1.0000
 -4.000E+02 -6.460E+02  0.000E+00  0.0000
 -3.600E+02 -6.460E+02  0.000E+00  0.0000
 -3.200E+02 -6.460E+02  0.000E+00  0.0000
 -2.800E+02 -6.460E+02  1.800E-04  1.0000
 -2.400E+02 -6.460E+02  7.933E-05  1.0000
 -2.000E+02 -6.460E+02  0.000E+00  0.0000
 -1.600E+02 -6.460E+02  0.000E+00  0.0000
 -1.200E+02 -6.460E+02  0.000E+00  0.0000
 -8.000E+01 -6.460E+02  0.000E+00  0.0000
 -4.000E+01 -6.460E+02  0.000E+00  0.0000
  0.000E+00 -6.460E+02  0.000E+00  0.0000
  4.000E+01 -6.460E+02  0.000E+00  0.0000
  8.000E+01 -6.460E+02  0.000E+00  0.0000
  1.200E+02 -6.460E+02  0.000E+00  0.0000
  1.600E+02 -6.460E+02  0.000E+00  0.0000
  2.000E+02 -6.460E+02  6.110E-05  1.0000
  2.400E+02 -6.460E+02  4.788E-05  1.0000
  2.800E+02 -6.460E+02  0.000E+00  0.0000
  3.200E+02 -6.460E+02  0.000E+00  0.0000
  3.600E+02 -6.460E+02  1.023E-05  1.0000
  4.000E+02 -6.460E+02  9.113E-05  1.0000
  4.400E+02 -6.460E+02  4.652E-05  0.7671
  4.800E+02 -6.460E+02  4.907E-05  0.9566
  5.200E+02 -6.460E+02  8.578E-05  1.0000
  5.600E+02 -6.460E+02  2.605E-05  1.0000
  6.000E+02 -6.460E+02  2.355E-04  1.0000
  6.400E+02 -6.460E+02  0.000E+00  0.0000
  6.800E+02 -6.460E+02  0.000E+00  0.0000
 -6.800E+02 -6.066E+02  7.315E-06  1.0000
 -6.400E+02 -6.066E+02  0.000E+00  0.0000
 -6.000E+02 -6.066E+02  5.903E-06  1.0000
 -5.600E+02 -6.066E+02  1.355E-04  0.7071
 -5.200E+02 -6.066E+02  2.176E-05  1.0000
 -4.800E+02 -6.066E+02  2.948E-04  0.7072
 -4.400E+02 -6.066E+02  2.656E-04  0.9831
 -4.000E+02 -6.066E+02  0.000E+00  0.0000
 -3.600E+02 -6.066E+02  1.011E-04  1.0000
 -3.200E+02 -6.066E+02  4.670E-05  1.0000
 -2.800E+02 -6.066E+02  0.000E+00  0.0000
 -2.400E+02 -6.066E+02  0.000E+00  0.0000
 -2.000E+02 -6.066E+02  0.000E+00  0.0000
 -1.600E+02 -6.066E+02  4.657E-05  1.0000
 -1.200E+02 -6.066E+02  0.000E+00  0.0000
 -8.000E+01 -6.066E+02  0.000E+00  0.0000
 -4.000E+01 -6.066E+02  0.000E+00  0.0000
  0.000E+00 -6.066E+02  0.000E+00  0.0000
  4.000E+01 -6.066E+02  1.406E-04  1.0000
  8.000E+01 -6.066E+02  2.441E-04  0.7080
  1.200E+02 -6.066E+02  0.000E+00  0.0000
  1.600E+02 -6.066E+02  0.000E+00  0.0000
  2.000E+02 -6.066E+02  1.943E-04  1.0000
  2.400E+02 -6.066E+02  0.000E+00  0.0000
  2.800E+02 -6.066E+02  1.316E-04  1.0000
  3.200E+02 -6.066E+02  2.526E-05  1.0000
  3.600E+02 -6.066E+02  3.958E-05  1.0000
  4.000E+02 -6.066E+02  0.000E+00  0.0000
  4.400E+02 -6.066E+02  1.291E-04  1.0000
  4.800E+02 -6.066E+02  2.294E-05  1.0000
  5.200E+02 -6.066E+02  0.000E+00  0.0000
  5.600E+02 -6.066E+02  0.000E+00  0.0000
  6.000E+02 -6.066E+02  0.000E+00  0.0000
  6.400E+02 -6.066E+02  5.317E-05  1.0000
  6.800E+02 -6.066E+02  0.000E+00  0.0000
 -6.800E+02 -5.673E+02  0.000E+00  0.0000
 -6.400E+02 -5.673E+02  0.000E+00  0.0000
 -6.000E+02 -5.673E+02  0.000E+00  0.0000
 -5.600E+02 -5.673E+02  4.709E-04  0.6376
 -5.200E+02 -5.673E+02  0.000E+00  0.0000
 -4.800E+02 -5.673E+02  3.060E-05  1.0000
 -4.400E+02 -5.673E+02  0.000E+00  0.0000
 -4.000E+02 -5.673E+02  0.000E+00  0.0000
 -3.600E+02 -5.673E+02  3.799E-05  1.0000
 -3.200E+02 -5.673E+02  9.573E-05  1.0000
 -2.800E+02 -5.673E+02  0.000E+00  0.0000
 -2.400E+02 -5.673E+02  0.000E+00  0.0000
 -2.000E+02 -5.673E+02  0.000E+00  0.0000
 -1.600E+02 -5.673E+02  1.458E-04  0.8229
 -1.200E+02 -5.673E+02  3.308E-04  0.8468
 -8.000E+01 -5.673E+02  1.517E-04  1.0000
 -4.000E+01 -5.673E+02  1.693E-05  1.0000
  0.000E+00 -5.673E+02  3.256E-04  0.7812
  4.000E+01 -5.673E+02  5.702E-04  0.6702
  8.000E+01 -5.673E+02  0.000E+00  0.0000
  1.200E+02 -5.673E+02  0.000E+00  0.0000
  1.600E+02 -5.673E+02  0.000E+00  0.0000
  2.000E+02 -5.673E+02  4.936E-05  1.0000
  2.400E+02 -5.673E+02  0.000E+00  0.0000
  2.800E+02 -5.673E+02  0.000E+00  0.0000
  3.200E+02 -5.673E+02  0.000E+00  0.0000
  3.600E+02 -5.673E+02  0.000E+00  0.0000
  4.000E+02 -5.673E+02  0.000E+00  0.0000
  4.400E+02 -5.673E+02  0.000E+00  0.0000
  4.800E+02 -5.673E+02  0.000E+00  0.0000
  5.200E+02 -5.673E+02  4.768E-05  1.0000
  5.600E+02 -5.673E+02  1.558E-04  1.0000
  6.000E+02 -5.673E+02  0.000E+00  0.0000
  6.400E+02 -5.673E+02  3.697E-04  0.7142
  6.800E+02 -5.673E+02  0.000E+00  0.0000
 -6.800E+02 -5.279E+02  0.000E+00  0.0000
 -6.400E+02 -5.279E+02  7.805E-05  1.0000
 -6.000E+02 -5.279E+02  6.838E-05  1.0000
 -5.600E+02 -5.279E+02  4.692E-04  0.6634
 -5.200E+02 -5.279E+02  0.000E+00  0.0000
 -4.800E+02 -5.279E+02  0.000E+00  0.0000
 -4.400E+02 -5.279E+02  1.274E-04  1.0000
 -4.000E+02 -5.279E+02  1.785E-04  1.0000
 -3.600E+02 -5.279E+02  2.098E-04  1.0000
 -3.200E+02 -5.279E+02  2.409E-06  1.0000
 -2.800E+02 -5.279E+02  0.000E+00  0.0000
 -2.400E+02 -5.279E+02  2.955E-05  1.0000
 -2.000E+02 -5.279E+02  2.403E-05  1.0000
 -1.600E+02 -5.279E+02  2.442E-04  0.6717
 -1.200E+02 -5.279E+02  2.583E-04  0.9836
 -8.000E+01 -5.279E+02  1.699E-04  1.0000
 -4.000E+01 -5.279E+02  1.245E-04  1.0000
  0.000E+00 -5.279E+02  0.000E+00  0.0000
  4.000E+01 -5.279E+02  3.628E-05  1.0000
  8.000E+01 -5.279E+02  2.187E-04  0.7786
  1.200E+02 -5.279E+02  1.630E-04  1.0000
  1.600E+02 -5.279E+02  0.000E+00  0.0000
  2.000E+02 -5.279E+02  0.000E+00  0.0000
  2.400E+02 -5.279E+02  0.000E+00  0.0000
  2.800E+02 -5.279E+02  0.000E+00  0.0000
  3.200E+02 -5.279E+02  9.281E-05  1.0000
  3.600E+02 -5.279E+02  3.457E-04  0.6306
  4.000E+02 -5.279E+02  3.139E-05  0.7234
  4.400E+02 -5.279E+02  0.000E+00  0.0000
  4.800E+02 -5.279E+02  0.000E+00  0.0000
  5.200E+02 -5.279E+02  0.000E+00  0.0000
  5.600E+02 -5.279E+02  1.189E-04  1.0000
  6.000E+02 -5.279E+02  1.430E-04  1.0000
  6.400E+02 -5.279E+02  2.331E-04  1.0000
  6.800E+02 -5.279E+02  0.000E+00  0.0000
 -6.800E+02 -4.886E+02  0.000E+00  0.0000
 -6.400E+02 -4.886E+02  1.045E-04  1.0000
 -6.000E+02 -4.886E+02  4.370E-05  0.7211
 -5.600E+02 -4.886E+02  0.000E+00  0.0000
 -5.200E+02 -4.886E+02  0.000E+00  0.0000
 -4.800E+02 -4.886E+02  0.000E+00  0.0000
 -4.400E+02 -4.886E+02  3.318E-04  1.0000
 -4.000E+02 -4.886E+02  2.553E-04  1.0000
 -3.600E+02 -4.886E+02  3.851E-05  1.0000
 -3.200E+02 -4.886E+02  1.072E-04  1.0000
 -2.800E+02 -4.886E+02  0.000E+00  0.0000
 -2.400E+02 -4.886E+02  1.086E-04  1.0000
 -2.000E+02 -4.886E+02  9.746E-05  1.0000
 -1.600E+02 -4.886E+02  2.124E-04  0.7402
 -1.200E+02 -4.886E+02  2.280E-04  0.7133
 -8.000E+01 -4.886E+02  8.298E-06  1.0000
 -4.000E+01 -4.886E+02  0.000E+00  0.0000
  0.000E+00 -4.886E+02  0.000E+00  0.0000
  4.000E+01 -4.886E+02  4.054E-04  0.9559
  8.000E+01 -4.886E+02  4.404E-04  0.7260
  1.200E+02 -4.886E+02  9.396E-06  1.0000
  1.600E+02 -4.886E+02  5.358E-05  1.0000
  2.000E+02 -4.886E+02  8.594E-05  1.0000
  2.400E+02 -4.886E+02  1.300E-04  1.0000
  2.800E+02 -4.886E+02  1.213E-04  1.0000
  3.200E+02 -4.886E+02  0.000E+00  0.0000
  3.600E+02 -4.886E+02  2.488E-05  1.0000
  4.000E+02 -4.886E+02  2.186E-08  1.0000
  4.400E+02 -4.886E+02  3.753E-04  0.6274
  4.800E+02 -4.886E+02  1.165E-04  1.0000
  5.200E+02 -4.886E+02  2.913E-05  1.0000
  5.600E+02 -4.886E+02  1.508E-04  0.8173
  6.000E+02 -4.886E+02  0.000E+00  0.0000
  6.400E+02 -4.886E+02  0.000E+00  0.0000
  6.800E+02 -4.886E+02  0.000E+00  0.0000
 -6.800E+02 -4.492E+02  0.000E+00  0.0000
 -6.400E+02 -4.492E+02  3.032E-04  0.9464
 -6.000E+02 -4.492E+02  4.202E-04  0.5737
 -5.600E+02 -4.492E+02  1.712E-04  1.0000
 -5.200E+02 -4.492E+02  6.763E-05  1.0000
 -4.800E+02 -4.492E+02  1.246E-04  1.0000
 -4.400E+02 -4.492E+02  0.000E+00  0.0000
 -4.000E+02 -4.492E+02  0.000E+00  0.0000
 -3.600E+02 -4.492E+02  0.000E+00  0.0000
 -3.200E+02 -4.492E+02  1.216E-04  1.0000
 -2.800E+02 -4.492E+02  0.000E+00  0.0000
 -2.400E+02 -4.492E+02  7.248E-04  0.7104
 -2.000E+02 -4.492E+02  9.201E-05  1.0000
 -1.600E+02 -4.492E+02  6.505E-05  1.0000
 -1.200E+02 -4.492E+02  3.527E-05  1.0000
 -8.000E+01 -4.492E+02  0.000E+00  0.0000
 -4.000E+01 -4.492E+02  4.175E-06  1.0000
  0.000E+00 -4.492E+02  1.614E-04  1.0000
  4.000E+01 -4.492E+02  4.118E-05  1.0000
  8.000E+01 -4.492E+02  2.242E-04  0.8952
  1.200E+02 -4.492E+02  1.003E-05  1.0000
  1.600E+02 -4.492E+02  0.000E+00  0.0000
  2.000E+02 -4.492E+02  0.000E+00  0.0000
  2.400E+02 -4.492E+02  0.000E+00  0.0000
  2.800E+02 -4.492E+02  9.375E-05  0.7370
  3.200E+02 -4.492E+02  1.685E-04  1.0000
  3.600E+02 -4.492E+02  0.000E+00  0.0000
  4.000E+02 -4.492E+02  2.825E-04  0.8417
  4.400E+02 -4.492E+02  9.800E-05  1.0000
  4.800E+02 -4.492E+02  1.931E-04  0.7470
  5.200E+02 -4.492E+02  1.338E-04  1.0000
  5.600E+02 -4.492E+02  1.804E-04  1.0000
  6.000E+02 -4.492E+02  1.986E-05  1.0000
  6.400E+02 -4.492E+02  2.463E-04  1.0000
  6.800E+02 -4.492E+02  0.000E+00  0.0000
 -6.800E+02 -4.099E+02  0.000E+00  0.0000
 -6.400E+02 -4.099E+02  0.000E+00  0.0000
 -6.000E+02 -4.099E+02  1.329E-04  0.7136
 -5.600E+02 -4.099E+02  0.000E+00  0.0000
 -5.200E+02 -4.099E+02  9.928E-06  1.0000
 -4.800E+02 -4.099E+02  0.000E+00  0.0000
 -4.400E+02 -4.099E+02  0.000E+00  0.0000
 -4.000E+02 -4.099E+02  0.000E+00  0.0000
 -3.600E+02 -4.099E+02  4.877E-05  1.0000
 -3.200E+02 -4.099E+02  2.286E-05  1.0000
 -2.800E+02 -4.099E+02  0.000E+00  0.0000
 -2.400E+02 -4.099E+02  1.423E-06  1.0000
 -2.000E+02 -4.099E+02  0.000E+00  0.0000
 -1.600E+02 -4.099E+02  0.000E+00  0.0000
 -1.200E+02 -4.099E+02  6.966E-05  1.0000
 -8.000E+01 -4.099E+02  0.000E+00  0.0000
 -4.000E+01 -4.099E+02  0.000E+00  0.0000
  0.000E+00 -4.099E+02  6.058E-05  1.0000
  4.000E+01 -4.099E+02  2.056E-05  1.0000
  8.000E+01 -4.099E+02  0.000E+00  0.0000
  1.200E+02 -4.099E+02  1.146E-04  1.0000
  1.600E+02 -4.099E+02  0.000E+00  0.0000
  2.000E+02 -4.099E+02  0.000E+00  0.0000
  2.400E+02 -4.099E+02  0.000E+00  0.0000
  2.800E+02 -4.099E+02  0.000E+00  0.0000
  3.200E+02 -4.099E+02  0.000E+00  0.0000
  3.600E+02 -4.099E+02  0.000E+00  0.0000
  4.000E+02 -4.099E+02  3.054E-06  1.0000
  4.400E+02 -4.099E+02  1.937E-04  1.0000
  4.800E+02 -4.099E+02  1.109E-04  1.0000
  5.200E+02 -4.099E+02  1.278E-04  1.0000
  5.600E+02 -4.099E+02  1.757E-04  1.0000
  6.000E+02 -4.099E+02  2.115E-04  1.0000
  6.400E+02 -4.099E+02  0.000E+00  0.0000
  6.800E+02 -4.099E+02  3.287E-05  1.0000
 -6.800E+02 -3.705E+02  0.000E+00  0.0000
 -6.400E+02 -3.705E+02  1.473E-04  0.7821
 -6.000E+02 -3.705E+02  2.566E-04  1.0000
 -5.600E+02 -3.705E+02  1.966E-04  0.7782
 -5.200E+02 -3.705E+02  5.456E-05  0.9994
 -4.800E+02 -3.705E+02  0.000E+00  0.0000
 -4.400E+02 -3.705E+02  4.342E-05  1.0000
 -4.000E+02 -3.705E+02  0.000E+00  0.0000
 -3.600E+02 -3.705E+02  9.796E-06  1.0000
 -3.200E+02 -3.705E+02  9.683E-05  1.0000
 -2.800E+02 -3.705E+02  0.000E+00  0.0000
 -2.400E+02 -3.705E+02  0.000E+00  0.0000
 -2.000E+02 -3.705E+02  0.000E+00  0.0000
 -1.600E+02 -3.705E+02  0.000E+00  0.0000
 -1.200E+02 -3.705E+02  0.000E+00  0.0000
 -8.000E+01 -3.705E+02  0.000E+00  0.0000
 -4.000E+01 -3.705E+02  0.000E+00  0.0000
  0.000E+00 -3.705E+02  7.445E-05  1.0000
  4.000E+01 -3.705E+02  1.366E-04  1.0000
  8.000E+01 -3.705E+02  0.000E+00  0.0000
  1.200E+02 -3.705E+02  9.590E-05  1.0000
  1.600E+02 -3.705E+02  0.000E+00  0.0000
  2.000E+02 -3.705E+02  0.000E+00  0.0000
  2.400E+02 -3.705E+02  0.000E+00  0.0000
  2.800E+02 -3.705E+02  0.000E+00  0.0000
  3.200E+02 -3.705E+02  1.494E-04  1.0000
  3.600E+02 -3.705E+02  1.119E-04  1.0000
  4.000E+02 -3.705E+02  0.000E+00  0.0000
  4.400E+02 -3.705E+02  0.000E+00  0.0000
  4.800E+02 -3.705E+02  9.007E-05  1.0000
  5.200E+02 -3.705E+02  0.000E+00  0.0000
  5.600E+02 -3.705E+02  3.524E-05  1.0000
  6.000E+02 -3.705E+02  0.000E+00  0.0000
  6.400E+02 -3.705E+02  0.000E+00  0.0000
  6.800E+02 -3.705E+02  2.277E-04  0.7799
 -6.800E+02 -3.312E+02  6.363E-05  1.0000
 -6.400E+02 -3.312E+02  1.166E-04  0.8670
 -6.000E+02 -3.312E+02  0.000E+00  0.0000
 -5.600E+02 -3.312E+02  0.000E+00  0.0000
 -5.200E+02 -3.312E+02  3.089E-04  0.9391
 -4.800E+02 -3.312E+02  3.038E-05  0.7959
 -4.400E+02 -3.312E+02  1.215E-04  0.9280
 -4.000E+02 -3.312E+02  6.043E-05  1.0000
 -3.600E+02 -3.312E+02  0.000E+00  0.0000
 -3.200E+02 -3.312E+02  0.000E+00  0.0000
 -2.800E+02 -3.312E+02  8.795E-06  1.0000
 -2.400E+02 -3.312E+02  6.757E-04  1.0000
 -2.000E+02 -3.312E+02  0.000E+00  0.0000
 -1.600E+02 -3.312E+02  0.000E+00  0.0000
 -1.200E+02 -3.312E+02  0.000E+00  0.0000
 -8.000E+01 -3.312E+02  0.000E+00  0.0000
 -4.000E+01 -3.312E+02  0.000E+00  0.0000
  0.000E+00 -3.312E+02  7.445E-05  1.0000
  4.000E+01 -3.312E+02  3.879E-05  1.0000
  8.000E+01 -3.312E+02  1.920E-04  1.0000
  1.200E+02 -3.312E+02  1.788E-06  1.0000
  1.600E+02 -3.312E+02  0.000E+00  0.0000
  2.000E+02 -3.312E+02  0.000E+00  0.0000
  2.400E+02 -3.312E+02  0.000E+00  0.0000
  2.800E+02 -3.312E+02  6.227E-05  1.0000
  3.200E+02 -3.312E+02  1.031E-04  1.0000
  3.600E+02 -3.312E+02  3.789E-04  0.7090
  4.000E+02 -3.312E+02  8.325E-05  1.0000
  4.400E+02 -3.312E+02  4.601E-05  1.0000
  4.800E+02 -3.312E+02  3.121E-04  0.7389
  5.200E+02 -3.312E+02  0.000E+00  0.0000
  5.600E+02 -3.312E+02  0.000E+00  0.0000
  6.000E+02 -3.312E+02  0.000E+00  0.0000
  6.400E+02 -3.312E+02  1.114E-04  1.0000
  6.800E+02 -3.312E+02  3.949E-04  0.8206
 -6.800E+02 -2.918E+02  0.000E+00  0.0000
 -6.400E+02 -2.918E+02  8.051E-05  1.0000
 -6.000E+02 -2.918E+02  0.000E+00  0.0000
 -5.600E+02 -2.918E+02  0.000E+00  0.0000
 -5.200E+02 -2.918E+02  2.211E-04  1.0000
 -4.800E+02 -2.918E+02  0.000E+00  0.0000
 -4.400E+02 -2.918E+02  4.638E-05  1.0000
 -4.000E+02 -2.918E+02  7.894E-05  0.9462
 -3.600E+02 -2.918E+02  2.954E-04  0.6556
 -3.200E+02 -2.918E+02  3.325E-04  1.0000
 -2.800E+02 -2.918E+02  4.550E-04  0.7689
 -2.400E+02 -2.918E+02  2.338E-04  0.7208
 -2.000E+02 -2.918E+02  0.000E+00  0.0000
 -1.600E+02 -2.918E+02  0.000E+00  0.0000
 -1.200E+02 -2.918E+02  0.000E+00  0.0000
 -8.000E+01 -2.918E+02  0.000E+00  0.0000
 -4.000E+01 -2.918E+02  0.000E+00  0.0000
  0.000E+00 -2.918E+02  7.445E-05  1.0000
  4.000E+01 -2.918E+02  2.206E-05  1.0000
  8.000E+01 -2.918E+02  1.720E-04  1.0000
  1.200E+02 -2.918E+02  3.849E-05  1.0000
  1.600E+02 -2.918E+02  1.215E-04  1.0000
  2.000E+02 -2.918E+02  5.933E-05  1.0000
  2.400E+02 -2.918E+02  0.000E+00  0.0000
  2.800E+02 -2.918E+02  3.543E-04  1.0000
  3.200E+02 -2.918E+02  2.442E-04  1.0000
  3.600E+02 -2.918E+02  3.181E-04  0.8851
  4.000E+02 -2.918E+02  6.929E-05  1.0000
  4.400E+02 -2.918E+02  1.955E-05  1.0000
  4.800E+02 -2.918E+02  0.000E+00  0.0000
  5.200E+02 -2.918E+02  8.498E-05  1.0000
  5.600E+02 -2.918E+02  4.657E-04  1.0000
  6.000E+02 -2.918E+02  1.406E-04  1.0000
  6.400E+02 -2.918E+02  3.788E-05  1.0000
  6.800E+02 -2.918E+02  5.350E-04  0.7197
 -6.800E+02 -2.525E+02  1.405E-04  0.9932
 -6.400E+02 -2.525E+02  7.289E-04  0.8106
 -6.000E+02 -2.525E+02  3.513E-05  1.0000
 -5.600E+02 -2.525E+02  0.000E+00  0.0000
 -5.200E+02 -2.525E+02  2.478E-04  0.7974
 -4.800E+02 -2.525E+02  0.000E+00  0.0000
 -4.400E+02 -2.525E+02  0.000E+00  0.0000
 -4.000E+02 -2.525E+02  3.814E-04  0.6760
 -3.600E+02 -2.525E+02  1.828E-04  0.7902
 -3.200E+02 -2.525E+02  1.652E-04  0.9118
 -2.800E+02 -2.525E+02  1.187E-04  0.7077
 -2.400E+02 -2.525E+02  7.592E-05  1.0000
 -2.000E+02 -2.525E+02  0.000E+00  0.0000
 -1.600E+02 -2.525E+02  0.000E+00  0.0000
 -1.200E+02 -2.525E+02  0.000E+00  0.0000
 -8.000E+01 -2.525E+02  0.000E+00  0.0000
 -4.000E+01 -2.525E+02  0.000E+00  0.0000
  0.000E+00 -2.525E+02  7.445E-05  1.0000
  4.000E+01 -2.525E+02  9.590E-05  1.0000
  8.000E+01 -2.525E+02  0.000E+00  0.0000
  1.200E+02 -2.525E+02  1.366E-04  1.0000
  1.600E+02 -2.525E+02  1.529E-04  1.0000
  2.000E+02 -2.525E+02  0.000E+00  0.0000
  2.400E+02 -2.525E+02  1.795E-04  1.0000
  2.800E+02 -2.525E+02  3.356E-04  1.0000
  3.200E+02 -2.525E+02  0.000E+00  0.0000
  3.600E+02 -2.525E+02  1.716E-05  1.0000
  4.000E+02 -2.525E+02  0.000E+00  0.0000
  4.400E+02 -2.525E+02  1.800E-04  1.0000
  4.800E+02 -2.525E+02  0.000E+00  0.0000
  5.200E+02 -2.525E+02  6.647E-05  0.7529
  5.600E+02 -2.525E+02  0.000E+00  0.0000
  6.000E+02 -2.525E+02  2.202E-04  0.8482
  6.400E+02 -2.525E+02  2.195E-04  1.0000
  6.800E+02 -2.525E+02  1.575E-04  0.5971
 -6.800E+02 -2.132E+02  2.199E-04  1.0000
 -6.400E+02 -2.132E+02  2.684E-05  1.0000
 -6.000E+02 -2.132E+02  1.014E-04  1.0000
 -5.600E+02 -2.132E+02  1.079E-04  0.7674
 -5.200E+02 -2.132E+02  4.210E-04  1.0000
 -4.800E+02 -2.132E+02  0.000E+00  0.0000
 -4.400E+02 -2.132E+02  0.000E+00  0.0000
 -4.000E+02 -2.132E+02  1.302E-06  1.0000
 -3.600E+02 -2.132E+02  1.689E-04  1.0000
 -3.200E+02 -2.132E+02  0.000E+00  0.0000
 -2.800E+02 -2.132E+02  0.000E+00  0.0000
 -2.400E+02 -2.132E+02  0.000E+00  0.0000
 -2.000E+02 -2.132E+02  0.000E+00  0.0000
 -1.600E+02 -2.132E+02  0.000E+00  0.0000
 -1.200E+02 -2.132E+02  0.000E+00  0.0000
 -8.000E+01 -2.132E+02  0.000E+00  0.0000
 -4.000E+01 -2.132E+02  6.146E-05  1.0000
  0.000E+00 -2.132E+02  5.889E-05  1.0000
  4.000E+01 -2.132E+02  5.000E-05  1.0000
  8.000E+01 -2.132E+02  0.000E+00  0.0000
  1.200E+02 -2.132E+02  2.086E-05  1.0000
  1.600E+02 -2.132E+02  1.150E-04  1.0000
  2.000E+02 -2.132E+02  0.000E+00  0.0000
  2.400E+02 -2.132E+02  6.643E-05  0.7085
  2.800E+02 -2.132E+02  5.877E-05  1.0000
  3.200E+02 -2.132E+02  0.000E+00  0.0000
  3.600E+02 -2.132E+02  2.340E-04  1.0000
  4.000E+02 -2.132E+02  3.611E-05  1.0000
  4.400E+02 -2.132E+02  2.157E-04  1.0000
  4.800E+02 -2.132E+02  0.000E+00  0.0000
  5.200E+02 -2.132E+02  4.213E-04  0.7281
  5.600E+02 -2.132E+02  0.000E+00  0.0000
  6.000E+02 -2.132E+02  3.864E-04  1.0000
  6.400E+02 -2.132E+02  2.721E-04  0.7489
  6.800E+02 -2.132E+02  2.992E-04  0.6249
 -6.800E+02 -1.738E+02  0.000E+00  0.0000
 -6.400E+02 -1.738E+02  9.614E-05  1.0000
 -6.000E+02 -1.738E+02  1.263E-04  0.7099
 -5.600E+02 -1.738E+02  2.862E-04  1.0000
 -5.200E+02 -1.738E+02  2.113E-04  1.0000
 -4.800E+02 -1.738E+02  4.251E-04  0.8746
 -4.400E+02 -1.738E+02  5.247E-04  0.8190
 -4.000E+02 -1.738E+02  0.000E+00  0.0000
 -3.600E+02 -1.738E+02  0.000E+00  0.0000
 -3.200E+02 -1.738E+02  1.313E-04  1.0000
 -2.800E+02 -1.738E+02  5.905E-04  0.6826
 -2.400E+02 -1.738E+02  3.022E-05  1.0000
 -2.000E+02 -1.738E+02  9.246E-05  1.0000
 -1.600E+02 -1.738E+02  5.097E-05  1.0000
 -1.200E+02 -1.738E+02  0.000E+00  0.0000
 -8.000E+01 -1.738E+02  0.000E+00  0.0000
 -4.000E+01 -1.738E+02  7.445E-05  1.0000
  0.000E+00 -1.738E+02  9.590E-05  1.0000
  4.000E+01 -1.738E+02  0.000E+00  0.0000
  8.000E+01 -1.738E+02  0.000E+00  0.0000
  1.200E+02 -1.738E+02  0.000E+00  0.0000
  1.600E+02 -1.738E+02  0.000E+00  0.0000
  2.000E+02 -1.738E+02  0.000E+00  0.0000
  2.400E+02 -1.738E+02  3.654E-04  1.0000
  2.800E+02 -1.738E+02  5.250E-06  1.0000
  3.200E+02 -1.738E+02  0.000E+00  0.0000
  3.600E+02 -1.738E+02  1.332E-05  1.0000
  4.000E+02 -1.738E+02  0.000E+00  0.0000
  4.400E+02 -1.738E+02  0.000E+00  0.0000
  4.800E+02 -1.738E+02  1.284E-04  0.7080
  5.200E+02 -1.738E+02  1.300E-05  1.0000
  5.600E+02 -1.738E+02  0.000E+00  0.0000
  6.000E+02 -1.738E+02  1.970E-04  1.0000
  6.400E+02 -1.738E+02  1.169E-04  1.0000
  6.800E+02 -1.738E+02  7.346E-04  0.5879
 -6.800E+02 -1.345E+02  6.043E-05  1.0000
 -6.400E+02 -1.345E+02  1.121E-04  1.0000
 -6.000E+02 -1.345E+02  0.000E+00  0.0000
 -5.600E+02 -1.345E+02  2.255E-06  1.0000
 -5.200E+02 -1.345E+02  1.965E-04  0.7383
 -4.800E+02 -1.345E+02  2.119E-04  0.6423
 -4.400E+02 -1.345E+02  2.985E-04  0.8710
 -4.000E+02 -1.345E+02  0.000E+00  0.0000
 -3.600E+02 -1.345E+02  0.000E+00  0.0000
 -3.200E+02 -1.345E+02  7.247E-04  0.5650
 -2.800E+02 -1.345E+02  5.570E-04  0.5695
 -2.400E+02 -1.345E+02  1.037E-04  1.0000
 -2.000E+02 -1.345E+02  3.032E-05  1.0000
 -1.600E+02 -1.345E+02  0.000E+00  0.0000
 -1.200E+02 -1.345E+02  0.000E+00  0.0000
 -8.000E+01 -1.345E+02  0.000E+00  0.0000
 -4.000E+01 -1.345E+02  1.442E-04  1.0000
  0.000E+00 -1.345E+02  2.615E-05  1.0000
  4.000E+01 -1.345E+02  0.000E+00  0.0000
  8.000E+01 -1.345E+02  0.000E+00  0.0000
  1.200E+02 -1.345E+02  0.000E+00  0.0000
  1.600E+02 -1.345E+02  0.000E+00  0.0000
  2.000E+02 -1.345E+02  0.000E+00  0.0000
  2.400E+02 -1.345E+02  1.262E-04  0.6412
  2.800E+02 -1.345E+02  4.560E-04  0.5947
  3.200E+02 -1.345E+02  7.520E-06  1.0000
  3.600E+02 -1.345E+02  0.000E+00  0.0000
  4.000E+02 -1.345E+02  0.000E+00  0.0000
  4.400E+02 -1.345E+02  4.997E-05  0.7070
  4.800E+02 -1.345E+02  2.939E-04  1.0000
  5.200E+02 -1.345E+02  7.789E-05  1.0000
  5.600E+02 -1.345E+02  2.473E-06  1.0000
  6.000E+02 -1.345E+02  0.000E+00  0.0000
  6.400E+02 -1.345E+02  4.721E-05  1.0000
  6.800E+02 -1.345E+02  2.999E-05  1.0000
 -6.800E+02 -9.511E+01  3.014E-05  1.0000
 -6.400E+02 -9.511E+01  1.129E-04  1.0000
 -6.000E+02 -9.511E+01  1.211E-05  1.0000
 -5.600E+02 -9.511E+01  1.726E-04  0.8564
 -5.200E+02 -9.511E+01  2.703E-06  1.0000
 -4.800E+02 -9.511E+01  0.000E+00  0.0000
 -4.400E+02 -9.511E+01  1.979E-04  1.0000
 -4.000E+02 -9.511E+01  3.109E-04  0.5578
 -3.600E+02 -9.511E+01  5.640E-05  1.0000
 -3.200E+02 -9.511E+01  1.201E-04  0.6510
 -2.800E+02 -9.511E+01  7.489E-04  0.6659
 -2.400E+02 -9.511E+01  0.000E+00  0.0000
 -2.000E+02 -9.511E+01  0.000E+00  0.0000
 -1.600E+02 -9.511E+01  0.000E+00  0.0000
 -1.200E+02 -9.511E+01  2.301E-04  1.0000
 -8.000E+01 -9.511E+01  0.000E+00  0.0000
 -4.000E+01 -9.511E+01  8.578E-05  0.7083
  0.000E+00 -9.511E+01  2.417E-04  1.0000
  4.000E+01 -9.511E+01  1.987E-05  1.0000
  8.000E+01 -9.511E+01  0.000E+00  0.0000
  1.200E+02 -9.511E+01  0.000E+00  0.0000
  1.600E+02 -9.511E+01  1.301E-04  1.0000
  2.000E+02 -9.511E+01  4.924E-04  0.6035
  2.400E+02 -9.511E+01  3.551E-04  0.5697
  2.800E+02 -9.511E+01  3.713E-04  0.5226
  3.200E+02 -9.511E+01  5.535E-04  0.6781
  3.600E+02 -9.511E+01  0.000E+00  0.0000
  4.000E+02 -9.511E+01  5.395E-04  0.7114
  4.400E+02 -9.511E+01  5.049E-05  1.0000
  4.800E+02 -9.511E+01  9.322E-05  1.0000
  5.200E+02 -9.511E+01  4.209E-04  0.6900
  5.600E+02 -9.511E+01  4.423E-04  0.7650
  6.000E+02 -9.511E+01  4.197E-04  0.7086
  6.400E+02 -9.511E+01  1.833E-04  0.8999
  6.800E+02 -9.511E+01  0.000E+00  0.0000
 -6.800E+02 -5.576E+01  9.440E-05  1.0000
 -6.400E+02 -5.576E+01  1.985E-04  1.0000
 -6.000E+02 -5.576E+01  0.000E+00  0.0000
 -5.600E+02 -5.576E+01  6.577E-05  1.0000
 -5.200E+02 -5.576E+01  4.696E-04  0.6176
 -4.800E+02 -5.576E+01  2.856E-05  1.0000
 -4.400E+02 -5.576E+01  4.066E-05  1.0000
 -4.000E+02 -5.576E+01  3.437E-04  0.7280
 -3.600E+02 -5.576E+01  8.923E-05  0.7230
 -3.200E+02 -5.576E+01  3.926E-04  0.8061
 -2.800E+02 -5.576E+01  3.251E-05  1.0000
 -2.400E+02 -5.576E+01  4.435E-05  1.0000
 -2.000E+02 -5.576E+01  0.000E+00  0.0000
 -1.600E+02 -5.576E+01  5.850E-05  1.0000
 -1.200E+02 -5.576E+01  0.000E+00  0.0000
 -8.000E+01 -5.576E+01  2.156E-04  0.7363
 -4.000E+01 -5.576E+01  1.095E-04  1.0000
  0.000E+00 -5.576E+01  1.139E-04  0.8847
  4.000E+01 -5.576E+01  3.872E-05  0.9980
  8.000E+01 -5.576E+01  0.000E+00  0.0000
  1.200E+02 -5.576E+01  9.393E-05  0.7344
  1.600E+02 -5.576E+01  4.665E-05  0.7125
  2.000E+02 -5.576E+01  3.749E-05  1.0000
  2.400E+02 -5.576E+01  1.243E-04  0.7570
  2.800E+02 -5.576E+01  1.829E-05  1.0000
  3.200E+02 -5.576E+01  3.503E-04  0.6316
  3.600E+02 -5.576E+01  5.364E-04  0.6571
  4.000E+02 -5.576E+01  1.006E-05  0.8684
  4.400E+02 -5.576E+01  2.123E-04  1.0000
  4.800E+02 -5.576E+01  0.000E+00  0.0000
  5.200E+02 -5.576E+01  3.500E-04  0.6707
  5.600E+02 -5.576E+01  9.509E-05  0.7072
  6.000E+02 -5.576E+01  0.000E+00  0.0000
  6.400E+02 -5.576E+01  0.000E+00  0.0000
  6.800E+02 -5.576E+01  0.000E+00  0.0000
 -6.800E+02 -1.641E+01  0.000E+00  0.0000
 -6.400E+02 -1.641E+01  2.471E-05  1.0000
 -6.000E+02 -1.641E+01  0.000E+00  0.0000
 -5.600E+02 -1.641E+01  4.466E-05  1.0000
 -5.200E+02 -1.641E+01  2.340E-04  0.5831
 -4.800E+02 -1.641E+01  1.399E-04  1.0000
 -4.400E+02 -1.641E+01  1.483E-04  1.0000
 -4.000E+02 -1.641E+01  5.890E-05  1.0000
 -3.600E+02 -1.641E+01  3.027E-04  0.9449
 -3.200E+02 -1.641E+01  0.000E+00  0.0000
 -2.800E+02 -1.641E+01  0.000E+00  0.0000
 -2.400E+02 -1.641E+01  0.000E+00  0.0000
 -2.000E+02 -1.641E+01  2.952E-04  0.7180
 -1.600E+02 -1.641E+01  0.000E+00  0.0000
 -1.200E+02 -1.641E+01  7.830E-06  1.0000
 -8.000E+01 -1.641E+01  2.167E-04  0.7428
 -4.000E+01 -1.641E+01  1.561E-04  0.9754
  0.000E+00 -1.641E+01  5.397E-04  0.7470
  4.000E+01 -1.641E+01  7.300E-05  1.0000
  8.000E+01 -1.641E+01  4.106E-04  0.7249
  1.200E+02 -1.641E+01  1.332E-04  1.0000
  1.600E+02 -1.641E+01  0.000E+00  0.0000
  2.000E+02 -1.641E+01  0.000E+00  0.0000
  2.400E+02 -1.641E+01  3.804E-05  1.0000
  2.800E+02 -1.641E+01  0.000E+00  0.0000
  3.200E+02 -1.641E+01  3.562E-04  0.7367
  3.600E+02 -1.641E+01  1.580E-04  0.9388
  4.000E+02 -1.641E+01  3.666E-04  0.6039
  4.400E+02 -1.641E+01  3.322E-04  0.6822
  4.800E+02 -1.641E+01  5.205E-05  1.0000
  5.200E+02 -1.641E+01  1.168E-05  1.0000
  5.600E+02 -1.641E+01  8.118E-05  1.0000
  6.000E+02 -1.641E+01  1.560E-04  1.0000
  6.400E+02 -1.641E+01  0.000E+00  0.0000
  6.800E+02 -1.641E+01  3.898E-04  0.8903
 -6.800E+02  2.293E+01  1.701E-04  1.0000
 -6.400E+02  2.293E+01  1.124E-04  1.0000
 -6.000E+02  2.293E+01  0.000E+00  0.0000
 -5.600E+02  2.293E+01  0.000E+00  0.0000
 -5.200E+02  2.293E+01  0.000E+00  0.0000
 -4.800E+02  2.293E+01  0.000E+00  0.0000
 -4.400E+02  2.293E+01  0.000E+00  0.0000
 -4.000E+02  2.293E+01  0.000E+00  0.0000
 -3.600E+02  2.293E+01  0.000E+00  0.0000
 -3.200E+02  2.293E+01  0.000E+00  0.0000
 -2.800E+02  2.293E+01  0.000E+00  0.0000
 -2.400E+02  2.293E+01  0.000E+00  0.0000
 -2.000E+02  2.293E+01  1.513E-04  1.0000
 -1.600E+02  2.293E+01  0.000E+00  0.0000
 -1.200E+02  2.293E+01  0.000E+00  0.0000
 -8.000E+01  2.293E+01  0.000E+00  0.0000
 -4.000E+01  2.293E+01  1.536E-04  1.0000
  0.000E+00  2.293E+01  1.616E-04  1.0000
  4.000E+01  2.293E+01  2.072E-04  1.0000
  8.000E+01  2.293E+01  0.000E+00  0.0000
  1.200E+02  2.293E+01  0.000E+00  0.0000
  1.600E+02  2.293E+01  0.000E+00  0.0000
  2.000E+02  2.293E+01  0.000E+00  0.0000
  2.400E+02  2.293E+01  0.000E+00  0.0000
  2.800E+02  2.293E+01  0.000E+00  0.0000
  3.200E+02  2.293E+01  0.000E+00  0.0000
  3.600E+02  2.293E+01  1.984E-04  1.0000
  4.000E+02  2.293E+01  9.974E-05  1.0000
  4.400E+02  2.293E+01  4.871E-05  1.0000
  4.800E+02  2.293E+01  0.000E+00  0.0000
  5.200E+02  2.293E+01  0.000E+00  0.0000
  5.600E+02  2.293E+01  0.000E+00  0.0000
  6.000E+02  2.293E+01  0.000E+00  0.0000
  6.400E+02  2.293E+01  0.000E+00  0.0000
  6.800E+02  2.293E+01  3.462E-04  0.7160
 -6.800E+02  6.228E+01  3.668E-05  1.0000
 -6.400E+02  6.228E+01  0.000E+00  0.0000
 -6.000E+02  6.228E+01  0.000E+00  0.0000
 -5.600E+02  6.228E+01  0.000E+00  0.0000
 -5.200E+02  6.228E+01  0.000E+00  0.0000
 -4.800E+02  6.228E+01  0.000E+00  0.0000
 -4.400E+02  6.228E+01  0.000E+00  0.0000
 -4.000E+02  6.228E+01  0.000E+00  0.0000
 -3.600E+02  6.228E+01  0.000E+00  0.0000
 -3.200E+02  6.228E+01  0.000E+00  0.0000
 -2.800E+02  6.228E+01  0.000E+00  0.0000
 -2.400E+02  6.228E+01  0.000E+00  0.0000
 -2.000E+02  6.228E+01  3.659E-05  1.0000
 -1.600E+02  6.228E+01  1.147E-04  1.0000
 -1.200E+02  6.228E+01  0.000E+00  0.0000
 -8.000E+01  6.228E+01  2.415E-05  1.0000
 -4.000E+01  6.228E+01  1.294E-04  1.0000
  0.000E+00  6.228E+01  0.000E+00  0.0000
  4.000E+01  6.228E+01  6.221E-05  1.0000
  8.000E+01  6.228E+01  2.694E-04  1.0000
  1.200E+02  6.228E+01  3.718E-05  1.0000
  1.600E+02  6.228E+01  0.000E+00  0.0000
  2.000E+02  6.228E+01  0.000E+00  0.0000
  2.400E+02  6.228E+01  0.000E+00  0.0000
  2.800E+02  6.228E+01  0.000E+00  0.0000
  3.200E+02  6.228E+01  0.000E+00  0.0000
  3.600E+02  6.228E+01  2.407E-04  0.8427
  4.000E+02  6.228E+01  1.061E-04  1.0000
  4.400E+02  6.228E+01  0.000E+00  0.0000
  4.800E+02  6.228E+01  0.000E+00  0.0000
  5.200E+02  6.228E+01  0.000E+00  0.0000
  5.600E+02  6.228E+01  0.000E+00  0.0000
  6.000E+02  6.228E+01  0.000E+00  0.0000
  6.400E+02  6.228E+01  0.000E+00  0.0000
  6.800E+02  6.228E+01  2.008E-04  1.0000
 -6.800E+02  1.016E+02  0.000E+00  0.0000
 -6.400E+02  1.016E+02  0.000E+00  0.0000
 -6.000E+02  1.016E+02  0.000E+00  0.0000
 -5.600E+02  1.016E+02  0.000E+00  0.0000
 -5.200E+02  1.016E+02  0.000E+00  0.0000
 -4.800E+02  1.016E+02  0.000E+00  0.0000
 -4.400E+02  1.016E+02  0.000E+00  0.0000
 -4.000E+02  1.016E+02  0.000E+00  0.0000
 -3.600E+02  1.016E+02  0.000E+00  0.0000
 -3.200E+02  1.016E+02  0.000E+00  0.0000
 -2.800E+02  1.016E+02  0.000E+00  0.0000
 -2.400E+02  1.016E+02  0.000E+00  0.0000
 -2.000E+02  1.016E+02  0.000E+00  0.0000
 -1.600E+02  1.016E+02  1.513E-04  1.0000
 -1.200E+02  1.016E+02  0.000E+00  0.0000
 -8.000E+01  1.016E+02  1.536E-04  1.0000
 -4.000E+01  1.016E+02  0.000E+00  0.0000
  0.000E+00  1.016E+02  0.000E+00  0.0000
  4.000E+01  1.016E+02  0.000E+00  0.0000
  8.000E+01  1.016E+02  0.000E+00  0.0000
  1.200E+02  1.016E+02  2.323E-04  1.0000
  1.600E+02  1.016E+02  1.366E-04  1.0000
  2.000E+02  1.016E+02  0.000E+00  0.0000
  2.400E+02  1.016E+02  0.000E+00  0.0000
  2.800E+02  1.016E+02  0.000E+00  0.0000
  3.200E+02  1.016E+02  7.197E-05  1.0000
  3.600E+02  1.016E+02  2.749E-04  0.7093
  4.000E+02  1.016E+02  0.000E+00  0.0000
  4.400E+02  1.016E+02  0.000E+00  0.0000
  4.800E+02  1.016E+02  0.000E+00  0.0000
  5.200E+02  1.016E+02  0.000E+00  0.0000
  5.600E+02  1.016E+02  0.000E+00  0.0000
  6.000E+02  1.016E+02  0.000E+00  0.0000
  6.400E+02  1.016E+02  0.000E+00  0.0000
  6.800E+02  1.016E+02  2.008E-04  1.0000
 -6.800E+02  1.410E+02  0.000E+00  0.0000
 -6.400E+02  1.410E+02  0.000E+00  0.0000
 -6.000E+02  1.410E+02  0.000E+00  0.0000
 -5.600E+02  1.410E+02  0.000E+00  0.0000
 -5.200E+02  1.410E+02  0.000E+00  0.0000
 -4.800E+02  1.410E+02  0.000E+00  0.0000
 -4.400E+02  1.410E+02  0.000E+00  0.0000
 -4.000E+02  1.410E+02  0.000E+00  0.0000
 -3.600E+02  1.410E+02  0.000E+00  0.0000
 -3.200E+02  1.410E+02  0.000E+00  0.0000
 -2.800E+02  1.410E+02  0.000E+00  0.0000
 -2.400E+02  1.410E+02  0.000E+00  0.0000
 -2.000E+02  1.410E+02  0.000E+00  0.0000
 -1.600E+02  1.410E+02  1.513E-04  1.0000
 -1.200E+02  1.410E+02  0.000E+00  0.0000
 -8.000E+01  1.410E+02  1.536E-04  1.0000
 -4.000E+01  1.410E+02  0.000E+00  0.0000
  0.000E+00  1.410E+02  0.000E+00  0.0000
  4.000E+01  1.410E+02  0.000E+00  0.0000
  8.000E+01  1.410E+02  0.000E+00  0.0000
  1.200E+02  1.410E+02  0.000E+00  0.0000
  1.600E+02  1.410E+02  1.329E-04  1.0000
  2.000E+02  1.410E+02  2.359E-04  1.0000
  2.400E+02  1.410E+02  0.000E+00  0.0000
  2.800E+02  1.410E+02  0.000E+00  0.0000
  3.200E+02  1.410E+02  3.318E-04  0.7205
  3.600E+02  1.410E+02  1.509E-05  1.0000
  4.000E+02  1.410E+02  0.000E+00  0.0000
  4.400E+02  1.410E+02  0.000E+00  0.0000
  4.800E+02  1.410E+02  0.000E+00  0.0000
  5.200E+02  1.410E+02  0.000E+00  0.0000
  5.600E+02  1.410E+02  0.000E+00  0.0000
  6.000E+02  1.410E+02  0.000E+00  0.0000
  6.400E+02  1.410E+02  0.000E+00  0.0000
  6.800E+02  1.410E+02  2.008E-04  1.0000
 -6.800E+02  1.803E+02  0.000E+00  0.0000
 -6.400E+02  1.803E+02  0.000E+00  0.0000
 -6.000E+02  1.803E+02  0.000E+00  0.0000
 -5.600E+02  1.803E+02  0.000E+00  0.0000
 -5.200E+02  1.803E+02  0.000E+00  0.0000
 -4.800E+02  1.803E+02  0.000E+00  0.0000
 -4.400E+02  1.803E+02  0.000E+00  0.0000
 -4.000E+02  1.803E+02  0.000E+00  0.0000
 -3.600E+02  1.803E+02  0.000E+00  0.0000
 -3.200E+02  1.803E+02  0.000E+00  0.0000
 -2.800E+02  1.803E+02  0.000E+00  0.0000
 -2.400E+02  1.803E+02  0.000E+00  0.0000
 -2.000E+02  1.803E+02  0.000E+00  0.0000
 -1.600E+02  1.803E+02  1.513E-04  1.0000
 -1.200E+02  1.803E+02  0.000E+00  0.0000
 -8.000E+01  1.803E+02  1.536E-04  1.0000
 -4.000E+01  1.803E+02  0.000E+00  0.0000
  0.000E+00  1.803E+02  0.000E+00  0.0000
  4.000E+01  1.803E+02  0.000E+00  0.0000
  8.000E+01  1.803E+02  0.000E+00  0.0000
  1.200E+02  1.803E+02  0.000E+00  0.0000
  1.600E+02  1.803E+02  0.000E+00  0.0000
  2.000E+02  1.803E+02  3.350E-05  1.0000
  2.400E+02  1.803E+02  2.694E-04  1.0000
  2.800E+02  1.803E+02  1.418E-04  0.7088
  3.200E+02  1.803E+02  2.709E-04  0.7797
  3.600E+02  1.803E+02  0.000E+00  0.0000
  4.000E+02  1.803E+02  0.000E+00  0.0000
  4.400E+02  1.803E+02  0.000E+00  0.0000
  4.800E+02  1.803E+02  0.000E+00  0.0000
  5.200E+02  1.803E+02  0.000E+00  0.0000
  5.600E+02  1.803E+02  0.000E+00  0.0000
  6.000E+02  1.803E+02  0.000E+00  0.0000
  6.400E+02  1.803E+02  0.000E+00  0.0000
  6.800E+02  1.803E+02  2.008E-04  1.0000

#------------------------------------------------------------------------------
 newpage:
#   no. =  4   ie  =  4   iy  =  1   part. = neutron 
#   e = (   2.0000E+01  -   1.0000E+05  )
#   y = (  -1.0000E+03  -   1.0000E+03  )
#  nx =  35   nz =  23

# x          z          flux       r.err
 -6.800E+02 -6.853E+02  0.000E+00  0.0000
 -6.400E+02 -6.853E+02  0.000E+00  0.0000
 -6.000E+02 -6.853E+02  0.000E+00  0.0000
 -5.600E+02 -6.853E+02  0.000E+00  0.0000
 -5.200E+02 -6.853E+02  0.000E+00  0.0000
 -4.800E+02 -6.853E+02  0.000E+00  0.0000
 -4.400E+02 -6.853E+02  0.000E+00  0.0000
 -4.000E+02 -6.853E+02  0.000E+00  0.0000
 -3.600E+02 -6.853E+02  0.000E+00  0.0000
 -3.200E+02 -6.853E+02  0.000E+00  0.0000
 -2.800E+02 -6.853E+02  0.000E+00  0.0000
 -2.400E+02 -6.853E+02  0.000E+00  0.0000
 -2.000E+02 -6.853E+02  9.580E-05  1.0000
 -1.600E+02 -6.853E+02  0.000E+00  0.0000
 -1.200E+02 -6.853E+02  0.000E+00  0.0000
 -8.000E+01 -6.853E+02  0.000E+00  0.0000
 -4.000E+01 -6.853E+02  0.000E+00  0.0000
  0.000E+00 -6.853E+02  0.000E+00  0.0000
  4.000E+01 -6.853E+02  0.000E+00  0.0000
  8.000E+01 -6.853E+02  0.000E+00  0.0000
  1.200E+02 -6.853E+02  0.000E+00  0.0000
  1.600E+02 -6.853E+02  0.000E+00  0.0000
  2.000E+02 -6.853E+02  0.000E+00  0.0000
  2.400E+02 -6.853E+02  0.000E+00  0.0000
  2.800E+02 -6.853E+02  0.000E+00  0.0000
  3.200E+02 -6.853E+02  0.000E+00  0.0000
  3.600E+02 -6.853E+02  0.000E+00  0.0000
  4.000E+02 -6.853E+02  0.000E+00  0.0000
  4.400E+02 -6.853E+02  0.000E+00  0.0000
  4.800E+02 -6.853E+02  0.000E+00  0.0000
  5.200E+02 -6.853E+02  0.000E+00  0.0000
  5.600E+02 -6.853E+02  0.000E+00  0.0000
  6.000E+02 -6.853E+02  0.000E+00  0.0000
  6.400E+02 -6.853E+02  0.000E+00  0.0000
  6.800E+02 -6.853E+02  0.000E+00  0.0000
 -6.800E+02 -6.460E+02  0.000E+00  0.0000
 -6.400E+02 -6.460E+02  0.000E+00  0.0000
 -6.000E+02 -6.460E+02  0.000E+00  0.0000
 -5.600E+02 -6.460E+02  0.000E+00  0.0000
 -5.200E+02 -6.460E+02  0.000E+00  0.0000
 -4.800E+02 -6.460E+02  0.000E+00  0.0000
 -4.400E+02 -6.460E+02  0.000E+00  0.0000
 -4.000E+02 -6.460E+02  0.000E+00  0.0000
 -3.600E+02 -6.460E+02  0.000E+00  0.0000
 -3.200E+02 -6.460E+02  0.000E+00  0.0000
 -2.800E+02 -6.460E+02  0.000E+00  0.0000
 -2.400E+02 -6.460E+02  0.000E+00  0.0000
 -2.000E+02 -6.460E+02  8.712E-05  1.0000
 -1.600E+02 -6.460E+02  0.000E+00  0.0000
 -1.200E+02 -6.460E+02  0.000E+00  0.0000
 -8.000E+01 -6.460E+02  0.000E+00  0.0000
 -4.000E+01 -6.460E+02  0.000E+00  0.0000
  0.000E+00 -6.460E+02  0.000E+00  0.0000
  4.000E+01 -6.460E+02  0.000E+00  0.0000
  8.000E+01 -6.460E+02  0.000E+00  0.0000
  1.200E+02 -6.460E+02  0.000E+00  0.0000
  1.600E+02 -6.460E+02  0.000E+00  0.0000
  2.000E+02 -6.460E+02  0.000E+00  0.0000
  2.400E+02 -6.460E+02  0.000E+00  0.0000
  2.800E+02 -6.460E+02  0.000E+00  0.0000
  3.200E+02 -6.460E+02  0.000E+00  0.0000
  3.600E+02 -6.460E+02  0.000E+00  0.0000
  4.000E+02 -6.460E+02  0.000E+00  0.0000
  4.400E+02 -6.460E+02  0.000E+00  0.0000
  4.800E+02 -6.460E+02  0.000E+00  0.0000
  5.200E+02 -6.460E+02  0.000E+00  0.0000
  5.600E+02 -6.460E+02  0.000E+00  0.0000
  6.000E+02 -6.460E+02  0.000E+00  0.0000
  6.400E+02 -6.460E+02  0.000E+00  0.0000
  6.800E+02 -6.460E+02  0.000E+00  0.0000
 -6.800E+02 -6.066E+02  0.000E+00  0.0000
 -6.400E+02 -6.066E+02  0.000E+00  0.0000
 -6.000E+02 -6.066E+02  0.000E+00  0.0000
 -5.600E+02 -6.066E+02  0.000E+00  0.0000
 -5.200E+02 -6.066E+02  0.000E+00  0.0000
 -4.800E+02 -6.066E+02  0.000E+00  0.0000
 -4.400E+02 -6.066E+02  0.000E+00  0.0000
 -4.000E+02 -6.066E+02  0.000E+00  0.0000
 -3.600E+02 -6.066E+02  0.000E+00  0.0000
 -3.200E+02 -6.066E+02  0.000E+00  0.0000
 -2.800E+02 -6.066E+02  0.000E+00  0.0000
 -2.400E+02 -6.066E+02  0.000E+00  0.0000
 -2.000E+02 -6.066E+02  0.000E+00  0.0000
 -1.600E+02 -6.066E+02  0.000E+00  0.0000
 -1.200E+02 -6.066E+02  0.000E+00  0.0000
 -8.000E+01 -6.066E+02  0.000E+00  0.0000
 -4.000E+01 -6.066E+02  0.000E+00  0.0000
  0.000E+00 -6.066E+02  0.000E+00  0.0000
  4.000E+01 -6.066E+02  0.000E+00  0.0000
  8.000E+01 -6.066E+02  0.000E+00  0.0000
  1.200E+02 -6.066E+02  0.000E+00  0.0000
  1.600E+02 -6.066E+02  0.000E+00  0.0000
  2.000E+02 -6.066E+02  0.000E+00  0.0000
  2.400E+02 -6.066E+02  0.000E+00  0.0000
  2.800E+02 -6.066E+02  3.218E-05  1.0000
  3.200E+02 -6.066E+02  0.000E+00  0.0000
  3.600E+02 -6.066E+02  0.000E+00  0.0000
  4.000E+02 -6.066E+02  0.000E+00  0.0000
  4.400E+02 -6.066E+02  0.000E+00  0.0000
  4.800E+02 -6.066E+02  0.000E+00  0.0000
  5.200E+02 -6.066E+02  0.000E+00  0.0000
  5.600E+02 -6.066E+02  0.000E+00  0.0000
  6.000E+02 -6.066E+02  0.000E+00  0.0000
  6.400E+02 -6.066E+02  0.000E+00  0.0000
  6.800E+02 -6.066E+02  0.000E+00  0.0000
 -6.800E+02 -5.673E+02  0.000E+00  0.0000
 -6.400E+02 -5.673E+02  0.000E+00  0.0000
 -6.000E+02 -5.673E+02  0.000E+00  0.0000
 -5.600E+02 -5.673E+02  5.981E-05  1.0000
 -5.200E+02 -5.673E+02  0.000E+00  0.0000
 -4.800E+02 -5.673E+02  0.000E+00  0.0000
 -4.400E+02 -5.673E+02  0.000E+00  0.0000
 -4.000E+02 -5.673E+02  0.000E+00  0.0000
 -3.600E+02 -5.673E+02  0.000E+00  0.0000
 -3.200E+02 -5.673E+02  0.000E+00  0.0000
 -2.800E+02 -5.673E+02  0.000E+00  0.0000
 -2.400E+02 -5.673E+02  0.000E+00  0.0000
 -2.000E+02 -5.673E+02  0.000E+00  0.0000
 -1.600E+02 -5.673E+02  1.946E-05  1.0000
 -1.200E+02 -5.673E+02  2.063E-04  1.0000
 -8.000E+01 -5.673E+02  1.120E-04  1.0000
 -4.000E+01 -5.673E+02  1.346E-04  1.0000
  0.000E+00 -5.673E+02  0.000E+00  0.0000
  4.000E+01 -5.673E+02  0.000E+00  0.0000
  8.000E+01 -5.673E+02  0.000E+00  0.0000
  1.200E+02 -5.673E+02  0.000E+00  0.0000
  1.600E+02 -5.673E+02  0.000E+00  0.0000
  2.000E+02 -5.673E+02  0.000E+00  0.0000
  2.400E+02 -5.673E+02  0.000E+00  0.0000
  2.800E+02 -5.673E+02  0.000E+00  0.0000
  3.200E+02 -5.673E+02  0.000E+00  0.0000
  3.600E+02 -5.673E+02  0.000E+00  0.0000
  4.000E+02 -5.673E+02  0.000E+00  0.0000
  4.400E+02 -5.673E+02  0.000E+00  0.0000
  4.800E+02 -5.673E+02  0.000E+00  0.0000
  5.200E+02 -5.673E+02  0.000E+00  0.0000
  5.600E+02 -5.673E+02  0.000E+00  0.0000
  6.000E+02 -5.673E+02  0.000E+00  0.0000
  6.400E+02 -5.673E+02  6.293E-05  1.0000
  6.800E+02 -5.673E+02  0.000E+00  0.0000
 -6.800E+02 -5.279E+02  0.000E+00  0.0000
 -6.400E+02 -5.279E+02  0.000E+00  0.0000
 -6.000E+02 -5.279E+02  0.000E+00  0.0000
 -5.600E+02 -5.279E+02  0.000E+00  0.0000
 -5.200E+02 -5.279E+02  0.000E+00  0.0000
 -4.800E+02 -5.279E+02  0.000E+00  0.0000
 -4.400E+02 -5.279E+02  0.000E+00  0.0000
 -4.000E+02 -5.279E+02  0.000E+00  0.0000
 -3.600E+02 -5.279E+02  0.000E+00  0.0000
 -3.200E+02 -5.279E+02  0.000E+00  0.0000
 -2.800E+02 -5.279E+02  0.000E+00  0.0000
 -2.400E+02 -5.279E+02  0.000E+00  0.0000
 -2.000E+02 -5.279E+02  0.000E+00  0.0000
 -1.600E+02 -5.279E+02  2.288E-04  0.7071
 -1.200E+02 -5.279E+02  0.000E+00  0.0000
 -8.000E+01 -5.279E+02  1.344E-04  1.0000
 -4.000E+01 -5.279E+02  0.000E+00  0.0000
  0.000E+00 -5.279E+02  0.000E+00  0.0000
  4.000E+01 -5.279E+02  0.000E+00  0.0000
  8.000E+01 -5.279E+02  0.000E+00  0.0000
  1.200E+02 -5.279E+02  8.167E-05  1.0000
  1.600E+02 -5.279E+02  0.000E+00  0.0000
  2.000E+02 -5.279E+02  0.000E+00  0.0000
  2.400E+02 -5.279E+02  0.000E+00  0.0000
  2.800E+02 -5.279E+02  0.000E+00  0.0000
  3.200E+02 -5.279E+02  0.000E+00  0.0000
  3.600E+02 -5.279E+02  0.000E+00  0.0000
  4.000E+02 -5.279E+02  0.000E+00  0.0000
  4.400E+02 -5.279E+02  0.000E+00  0.0000
  4.800E+02 -5.279E+02  0.000E+00  0.0000
  5.200E+02 -5.279E+02  0.000E+00  0.0000
  5.600E+02 -5.279E+02  0.000E+00  0.0000
  6.000E+02 -5.279E+02  0.000E+00  0.0000
  6.400E+02 -5.279E+02  0.000E+00  0.0000
  6.800E+02 -5.279E+02  0.000E+00  0.0000
 -6.800E+02 -4.886E+02  0.000E+00  0.0000
 -6.400E+02 -4.886E+02  0.000E+00  0.0000
 -6.000E+02 -4.886E+02  0.000E+00  0.0000
 -5.600E+02 -4.886E+02  0.000E+00  0.0000
 -5.200E+02 -4.886E+02  0.000E+00  0.0000
 -4.800E+02 -4.886E+02  0.000E+00  0.0000
 -4.400E+02 -4.886E+02  0.000E+00  0.0000
 -4.000E+02 -4.886E+02  1.045E-04  1.0000
 -3.600E+02 -4.886E+02  0.000E+00  0.0000
 -3.200E+02 -4.886E+02  0.000E+00  0.0000
 -2.800E+02 -4.886E+02  0.000E+00  0.0000
 -2.400E+02 -4.886E+02  0.000E+00  0.0000
 -2.000E+02 -4.886E+02  0.000E+00  0.0000
 -1.600E+02 -4.886E+02  1.389E-05  1.0000
 -1.200E+02 -4.886E+02  0.000E+00  0.0000
 -8.000E+01 -4.886E+02  0.000E+00  0.0000
 -4.000E+01 -4.886E+02  0.000E+00  0.0000
  0.000E+00 -4.886E+02  0.000E+00  0.0000
  4.000E+01 -4.886E+02  0.000E+00  0.0000
  8.000E+01 -4.886E+02  0.000E+00  0.0000
  1.200E+02 -4.886E+02  0.000E+00  0.0000
  1.600E+02 -4.886E+02  0.000E+00  0.0000
  2.000E+02 -4.886E+02  0.000E+00  0.0000
  2.400E+02 -4.886E+02  0.000E+00  0.0000
  2.800E+02 -4.886E+02  0.000E+00  0.0000
  3.200E+02 -4.886E+02  0.000E+00  0.0000
  3.600E+02 -4.886E+02  0.000E+00  0.0000
  4.000E+02 -4.886E+02  0.000E+00  0.0000
  4.400E+02 -4.886E+02  0.000E+00  0.0000
  4.800E+02 -4.886E+02  0.000E+00  0.0000
  5.200E+02 -4.886E+02  0.000E+00  0.0000
  5.600E+02 -4.886E+02  0.000E+00  0.0000
  6.000E+02 -4.886E+02  0.000E+00  0.0000
  6.400E+02 -4.886E+02  0.000E+00  0.0000
  6.800E+02 -4.886E+02  0.000E+00  0.0000
 -6.800E+02 -4.492E+02  0.000E+00  0.0000
 -6.400E+02 -4.492E+02  0.000E+00  0.0000
 -6.000E+02 -4.492E+02  0.000E+00  0.0000
 -5.600E+02 -4.492E+02  0.000E+00  0.0000
 -5.200E+02 -4.492E+02  0.000E+00  0.0000
 -4.800E+02 -4.492E+02  0.000E+00  0.0000
 -4.400E+02 -4.492E+02  0.000E+00  0.0000
 -4.000E+02 -4.492E+02  0.000E+00  0.0000
 -3.600E+02 -4.492E+02  0.000E+00  0.0000
 -3.200E+02 -4.492E+02  0.000E+00  0.0000
 -2.800E+02 -4.492E+02  0.000E+00  0.0000
 -2.400E+02 -4.492E+02  0.000E+00  0.0000
 -2.000E+02 -4.492E+02  0.000E+00  0.0000
 -1.600E+02 -4.492E+02  0.000E+00  0.0000
 -1.200E+02 -4.492E+02  0.000E+00  0.0000
 -8.000E+01 -4.492E+02  0.000E+00  0.0000
 -4.000E+01 -4.492E+02  0.000E+00  0.0000
  0.000E+00 -4.492E+02  0.000E+00  0.0000
  4.000E+01 -4.492E+02  0.000E+00  0.0000
  8.000E+01 -4.492E+02  0.000E+00  0.0000
  1.200E+02 -4.492E+02  0.000E+00  0.0000
  1.600E+02 -4.492E+02  0.000E+00  0.0000
  2.000E+02 -4.492E+02  0.000E+00  0.0000
  2.400E+02 -4.492E+02  0.000E+00  0.0000
  2.800E+02 -4.492E+02  0.000E+00  0.0000
  3.200E+02 -4.492E+02  0.000E+00  0.0000
  3.600E+02 -4.492E+02  0.000E+00  0.0000
  4.000E+02 -4.492E+02  0.000E+00  0.0000
  4.400E+02 -4.492E+02  0.000E+00  0.0000
  4.800E+02 -4.492E+02  0.000E+00  0.0000
  5.200E+02 -4.492E+02  0.000E+00  0.0000
  5.600E+02 -4.492E+02  0.000E+00  0.0000
  6.000E+02 -4.492E+02  0.000E+00  0.0000
  6.400E+02 -4.492E+02  0.000E+00  0.0000
  6.800E+02 -4.492E+02  0.000E+00  0.0000
 -6.800E+02 -4.099E+02  0.000E+00  0.0000
 -6.400E+02 -4.099E+02  0.000E+00  0.0000
 -6.000E+02 -4.099E+02  3.156E-05  1.0000
 -5.600E+02 -4.099E+02  0.000E+00  0.0000
 -5.200E+02 -4.099E+02  0.000E+00  0.0000
 -4.800E+02 -4.099E+02  0.000E+00  0.0000
 -4.400E+02 -4.099E+02  0.000E+00  0.0000
 -4.000E+02 -4.099E+02  0.000E+00  0.0000
 -3.600E+02 -4.099E+02  0.000E+00  0.0000
 -3.200E+02 -4.099E+02  0.000E+00  0.0000
 -2.800E+02 -4.099E+02  0.000E+00  0.0000
 -2.400E+02 -4.099E+02  0.000E+00  0.0000
 -2.000E+02 -4.099E+02  0.000E+00  0.0000
 -1.600E+02 -4.099E+02  0.000E+00  0.0000
 -1.200E+02 -4.099E+02  0.000E+00  0.0000
 -8.000E+01 -4.099E+02  0.000E+00  0.0000
 -4.000E+01 -4.099E+02  0.000E+00  0.0000
  0.000E+00 -4.099E+02  0.000E+00  0.0000
  4.000E+01 -4.099E+02  0.000E+00  0.0000
  8.000E+01 -4.099E+02  0.000E+00  0.0000
  1.200E+02 -4.099E+02  0.000E+00  0.0000
  1.600E+02 -4.099E+02  0.000E+00  0.0000
  2.000E+02 -4.099E+02  0.000E+00  0.0000
  2.400E+02 -4.099E+02  0.000E+00  0.0000
  2.800E+02 -4.099E+02  0.000E+00  0.0000
  3.200E+02 -4.099E+02  0.000E+00  0.0000
  3.600E+02 -4.099E+02  0.000E+00  0.0000
  4.000E+02 -4.099E+02  0.000E+00  0.0000
  4.400E+02 -4.099E+02  0.000E+00  0.0000
  4.800E+02 -4.099E+02  0.000E+00  0.0000
  5.200E+02 -4.099E+02  0.000E+00  0.0000
  5.600E+02 -4.099E+02  0.000E+00  0.0000
  6.000E+02 -4.099E+02  0.000E+00  0.0000
  6.400E+02 -4.099E+02  0.000E+00  0.0000
  6.800E+02 -4.099E+02  6.913E-06  1.0000
 -6.800E+02 -3.705E+02  0.000E+00  0.0000
 -6.400E+02 -3.705E+02  0.000E+00  0.0000
 -6.000E+02 -3.705E+02  0.000E+00  0.0000
 -5.600E+02 -3.705E+02  0.000E+00  0.0000
 -5.200E+02 -3.705E+02  0.000E+00  0.0000
 -4.800E+02 -3.705E+02  0.000E+00  0.0000
 -4.400E+02 -3.705E+02  0.000E+00  0.0000
 -4.000E+02 -3.705E+02  0.000E+00  0.0000
 -3.600E+02 -3.705E+02  0.000E+00  0.0000
 -3.200E+02 -3.705E+02  0.000E+00  0.0000
 -2.800E+02 -3.705E+02  0.000E+00  0.0000
 -2.400E+02 -3.705E+02  0.000E+00  0.0000
 -2.000E+02 -3.705E+02  0.000E+00  0.0000
 -1.600E+02 -3.705E+02  0.000E+00  0.0000
 -1.200E+02 -3.705E+02  0.000E+00  0.0000
 -8.000E+01 -3.705E+02  0.000E+00  0.0000
 -4.000E+01 -3.705E+02  0.000E+00  0.0000
  0.000E+00 -3.705E+02  0.000E+00  0.0000
  4.000E+01 -3.705E+02  0.000E+00  0.0000
  8.000E+01 -3.705E+02  0.000E+00  0.0000
  1.200E+02 -3.705E+02  0.000E+00  0.0000
  1.600E+02 -3.705E+02  0.000E+00  0.0000
  2.000E+02 -3.705E+02  0.000E+00  0.0000
  2.400E+02 -3.705E+02  0.000E+00  0.0000
  2.800E+02 -3.705E+02  0.000E+00  0.0000
  3.200E+02 -3.705E+02  0.000E+00  0.0000
  3.600E+02 -3.705E+02  0.000E+00  0.0000
  4.000E+02 -3.705E+02  0.000E+00  0.0000
  4.400E+02 -3.705E+02  0.000E+00  0.0000
  4.800E+02 -3.705E+02  0.000E+00  0.0000
  5.200E+02 -3.705E+02  0.000E+00  0.0000
  5.600E+02 -3.705E+02  0.000E+00  0.0000
  6.000E+02 -3.705E+02  0.000E+00  0.0000
  6.400E+02 -3.705E+02  0.000E+00  0.0000
  6.800E+02 -3.705E+02  0.000E+00  0.0000
 -6.800E+02 -3.312E+02  0.000E+00  0.0000
 -6.400E+02 -3.312E+02  0.000E+00  0.0000
 -6.000E+02 -3.312E+02  0.000E+00  0.0000
 -5.600E+02 -3.312E+02  0.000E+00  0.0000
 -5.200E+02 -3.312E+02  0.000E+00  0.0000
 -4.800E+02 -3.312E+02  0.000E+00  0.0000
 -4.400E+02 -3.312E+02  0.000E+00  0.0000
 -4.000E+02 -3.312E+02  0.000E+00  0.0000
 -3.600E+02 -3.312E+02  0.000E+00  0.0000
 -3.200E+02 -3.312E+02  0.000E+00  0.0000
 -2.800E+02 -3.312E+02  0.000E+00  0.0000
 -2.400E+02 -3.312E+02  0.000E+00  0.0000
 -2.000E+02 -3.312E+02  0.000E+00  0.0000
 -1.600E+02 -3.312E+02  0.000E+00  0.0000
 -1.200E+02 -3.312E+02  0.000E+00  0.0000
 -8.000E+01 -3.312E+02  0.000E+00  0.0000
 -4.000E+01 -3.312E+02  0.000E+00  0.0000
  0.000E+00 -3.312E+02  0.000E+00  0.0000
  4.000E+01 -3.312E+02  0.000E+00  0.0000
  8.000E+01 -3.312E+02  0.000E+00  0.0000
  1.200E+02 -3.312E+02  0.000E+00  0.0000
  1.600E+02 -3.312E+02  0.000E+00  0.0000
  2.000E+02 -3.312E+02  0.000E+00  0.0000
  2.400E+02 -3.312E+02  0.000E+00  0.0000
  2.800E+02 -3.312E+02  0.000E+00  0.0000
  3.200E+02 -3.312E+02  0.000E+00  0.0000
  3.600E+02 -3.312E+02  0.000E+00  0.0000
  4.000E+02 -3.312E+02  0.000E+00  0.0000
  4.400E+02 -3.312E+02  0.000E+00  0.0000
  4.800E+02 -3.312E+02  0.000E+00  0.0000
  5.200E+02 -3.312E+02  0.000E+00  0.0000
  5.600E+02 -3.312E+02  0.000E+00  0.0000
  6.000E+02 -3.312E+02  0.000E+00  0.0000
  6.400E+02 -3.312E+02  0.000E+00  0.0000
  6.800E+02 -3.312E+02  0.000E+00  0.0000
 -6.800E+02 -2.918E+02  0.000E+00  0.0000
 -6.400E+02 -2.918E+02  0.000E+00  0.0000
 -6.000E+02 -2.918E+02  0.000E+00  0.0000
 -5.600E+02 -2.918E+02  0.000E+00  0.0000
 -5.200E+02 -2.918E+02  0.000E+00  0.0000
 -4.800E+02 -2.918E+02  0.000E+00  0.0000
 -4.400E+02 -2.918E+02  0.000E+00  0.0000
 -4.000E+02 -2.918E+02  0.000E+00  0.0000
 -3.600E+02 -2.918E+02  5.270E-05  1.0000
 -3.200E+02 -2.918E+02  0.000E+00  0.0000
 -2.800E+02 -2.918E+02  0.000E+00  0.0000
 -2.400E+02 -2.918E+02  0.000E+00  0.0000
 -2.000E+02 -2.918E+02  0.000E+00  0.0000
 -1.600E+02 -2.918E+02  0.000E+00  0.0000
 -1.200E+02 -2.918E+02  0.000E+00  0.0000
 -8.000E+01 -2.918E+02  0.000E+00  0.0000
 -4.000E+01 -2.918E+02  0.000E+00  0.0000
  0.000E+00 -2.918E+02  0.000E+00  0.0000
  4.000E+01 -2.918E+02  0.000E+00  0.0000
  8.000E+01 -2.918E+02  0.000E+00  0.0000
  1.200E+02 -2.918E+02  0.000E+00  0.0000
  1.600E+02 -2.918E+02  0.000E+00  0.0000
  2.000E+02 -2.918E+02  0.000E+00  0.0000
  2.400E+02 -2.918E+02  0.000E+00  0.0000
  2.800E+02 -2.918E+02  0.000E+00  0.0000
  3.200E+02 -2.918E+02  0.000E+00  0.0000
  3.600E+02 -2.918E+02  0.000E+00  0.0000
  4.000E+02 -2.918E+02  0.000E+00  0.0000
  4.400E+02 -2.918E+02  0.000E+00  0.0000
  4.800E+02 -2.918E+02  0.000E+00  0.0000
  5.200E+02 -2.918E+02  0.000E+00  0.0000
  5.600E+02 -2.918E+02  0.000E+00  0.0000
  6.000E+02 -2.918E+02  0.000E+00  0.0000
  6.400E+02 -2.918E+02  0.000E+00  0.0000
  6.800E+02 -2.918E+02  0.000E+00  0.0000
 -6.800E+02 -2.525E+02  0.000E+00  0.0000
 -6.400E+02 -2.525E+02  0.000E+00  0.0000
 -6.000E+02 -2.525E+02  0.000E+00  0.0000
 -5.600E+02 -2.525E+02  0.000E+00  0.0000
 -5.200E+02 -2.525E+02  0.000E+00  0.0000
 -4.800E+02 -2.525E+02  0.000E+00  0.0000
 -4.400E+02 -2.525E+02  0.000E+00  0.0000
 -4.000E+02 -2.525E+02  2.163E-05  1.0000
 -3.600E+02 -2.525E+02  1.714E-04  1.0000
 -3.200E+02 -2.525E+02  0.000E+00  0.0000
 -2.800E+02 -2.525E+02  0.000E+00  0.0000
 -2.400E+02 -2.525E+02  0.000E+00  0.0000
 -2.000E+02 -2.525E+02  0.000E+00  0.0000
 -1.600E+02 -2.525E+02  0.000E+00  0.0000
 -1.200E+02 -2.525E+02  0.000E+00  0.0000
 -8.000E+01 -2.525E+02  0.000E+00  0.0000
 -4.000E+01 -2.525E+02  0.000E+00  0.0000
  0.000E+00 -2.525E+02  0.000E+00  0.0000
  4.000E+01 -2.525E+02  0.000E+00  0.0000
  8.000E+01 -2.525E+02  0.000E+00  0.0000
  1.200E+02 -2.525E+02  0.000E+00  0.0000
  1.600E+02 -2.525E+02  0.000E+00  0.0000
  2.000E+02 -2.525E+02  0.000E+00  0.0000
  2.400E+02 -2.525E+02  0.000E+00  0.0000
  2.800E+02 -2.525E+02  0.000E+00  0.0000
  3.200E+02 -2.525E+02  0.000E+00  0.0000
  3.600E+02 -2.525E+02  0.000E+00  0.0000
  4.000E+02 -2.525E+02  0.000E+00  0.0000
  4.400E+02 -2.525E+02  0.000E+00  0.0000
  4.800E+02 -2.525E+02  0.000E+00  0.0000
  5.200E+02 -2.525E+02  0.000E+00  0.0000
  5.600E+02 -2.525E+02  0.000E+00  0.0000
  6.000E+02 -2.525E+02  0.000E+00  0.0000
  6.400E+02 -2.525E+02  0.000E+00  0.0000
  6.800E+02 -2.525E+02  0.000E+00  0.0000
 -6.800E+02 -2.132E+02  0.000E+00  0.0000
 -6.400E+02 -2.132E+02  0.000E+00  0.0000
 -6.000E+02 -2.132E+02  0.000E+00  0.0000
 -5.600E+02 -2.132E+02  0.000E+00  0.0000
 -5.200E+02 -2.132E+02  0.000E+00  0.0000
 -4.800E+02 -2.132E+02  0.000E+00  0.0000
 -4.400E+02 -2.132E+02  0.000E+00  0.0000
 -4.000E+02 -2.132E+02  0.000E+00  0.0000
 -3.600E+02 -2.132E+02  0.000E+00  0.0000
 -3.200E+02 -2.132E+02  0.000E+00  0.0000
 -2.800E+02 -2.132E+02  0.000E+00  0.0000
 -2.400E+02 -2.132E+02  0.000E+00  0.0000
 -2.000E+02 -2.132E+02  0.000E+00  0.0000
 -1.600E+02 -2.132E+02  0.000E+00  0.0000
 -1.200E+02 -2.132E+02  0.000E+00  0.0000
 -8.000E+01 -2.132E+02  0.000E+00  0.0000
 -4.000E+01 -2.132E+02  0.000E+00  0.0000
  0.000E+00 -2.132E+02  0.000E+00  0.0000
  4.000E+01 -2.132E+02  0.000E+00  0.0000
  8.000E+01 -2.132E+02  0.000E+00  0.0000
  1.200E+02 -2.132E+02  0.000E+00  0.0000
  1.600E+02 -2.132E+02  0.000E+00  0.0000
  2.000E+02 -2.132E+02  0.000E+00  0.0000
  2.400E+02 -2.132E+02  0.000E+00  0.0000
  2.800E+02 -2.132E+02  0.000E+00  0.0000
  3.200E+02 -2.132E+02  0.000E+00  0.0000
  3.600E+02 -2.132E+02  0.000E+00  0.0000
  4.000E+02 -2.132E+02  0.000E+00  0.0000
  4.400E+02 -2.132E+02  0.000E+00  0.0000
  4.800E+02 -2.132E+02  0.000E+00  0.0000
  5.200E+02 -2.132E+02  0.000E+00  0.0000
  5.600E+02 -2.132E+02  0.000E+00  0.0000
  6.000E+02 -2.132E+02  0.000E+00  0.0000
  6.400E+02 -2.132E+02  0.000E+00  0.0000
  6.800E+02 -2.132E+02  0.000E+00  0.0000
 -6.800E+02 -1.738E+02  0.000E+00  0.0000
 -6.400E+02 -1.738E+02  0.000E+00  0.0000
 -6.000E+02 -1.738E+02  0.000E+00  0.0000
 -5.600E+02 -1.738E+02  0.000E+00  0.0000
 -5.200E+02 -1.738E+02  0.000E+00  0.0000
 -4.800E+02 -1.738E+02  0.000E+00  0.0000
 -4.400E+02 -1.738E+02  0.000E+00  0.0000
 -4.000E+02 -1.738E+02  0.000E+00  0.0000
 -3.600E+02 -1.738E+02  0.000E+00  0.0000
 -3.200E+02 -1.738E+02  0.000E+00  0.0000
 -2.800E+02 -1.738E+02  3.684E-06  1.0000
 -2.400E+02 -1.738E+02  0.000E+00  0.0000
 -2.000E+02 -1.738E+02  0.000E+00  0.0000
 -1.600E+02 -1.738E+02  0.000E+00  0.0000
 -1.200E+02 -1.738E+02  0.000E+00  0.0000
 -8.000E+01 -1.738E+02  0.000E+00  0.0000
 -4.000E+01 -1.738E+02  0.000E+00  0.0000
  0.000E+00 -1.738E+02  0.000E+00  0.0000
  4.000E+01 -1.738E+02  0.000E+00  0.0000
  8.000E+01 -1.738E+02  0.000E+00  0.0000
  1.200E+02 -1.738E+02  0.000E+00  0.0000
  1.600E+02 -1.738E+02  0.000E+00  0.0000
  2.000E+02 -1.738E+02  0.000E+00  0.0000
  2.400E+02 -1.738E+02  0.000E+00  0.0000
  2.800E+02 -1.738E+02  0.000E+00  0.0000
  3.200E+02 -1.738E+02  0.000E+00  0.0000
  3.600E+02 -1.738E+02  0.000E+00  0.0000
  4.000E+02 -1.738E+02  0.000E+00  0.0000
  4.400E+02 -1.738E+02  0.000E+00  0.0000
  4.800E+02 -1.738E+02  0.000E+00  0.0000
  5.200E+02 -1.738E+02  0.000E+00  0.0000
  5.600E+02 -1.738E+02  0.000E+00  0.0000
  6.000E+02 -1.738E+02  0.000E+00  0.0000
  6.400E+02 -1.738E+02  0.000E+00  0.0000
  6.800E+02 -1.738E+02  6.405E-05  1.0000
 -6.800E+02 -1.345E+02  0.000E+00  0.0000
 -6.400E+02 -1.345E+02  0.000E+00  0.0000
 -6.000E+02 -1.345E+02  0.000E+00  0.0000
 -5.600E+02 -1.345E+02  0.000E+00  0.0000
 -5.200E+02 -1.345E+02  0.000E+00  0.0000
 -4.800E+02 -1.345E+02  0.000E+00  0.0000
 -4.400E+02 -1.345E+02  0.000E+00  0.0000
 -4.000E+02 -1.345E+02  0.000E+00  0.0000
 -3.600E+02 -1.345E+02  0.000E+00  0.0000
 -3.200E+02 -1.345E+02  0.000E+00  0.0000
 -2.800E+02 -1.345E+02  0.000E+00  0.0000
 -2.400E+02 -1.345E+02  0.000E+00  0.0000
 -2.000E+02 -1.345E+02  0.000E+00  0.0000
 -1.600E+02 -1.345E+02  0.000E+00  0.0000
 -1.200E+02 -1.345E+02  0.000E+00  0.0000
 -8.000E+01 -1.345E+02  0.000E+00  0.0000
 -4.000E+01 -1.345E+02  0.000E+00  0.0000
  0.000E+00 -1.345E+02  0.000E+00  0.0000
  4.000E+01 -1.345E+02  0.000E+00  0.0000
  8.000E+01 -1.345E+02  0.000E+00  0.0000
  1.200E+02 -1.345E+02  0.000E+00  0.0000
  1.600E+02 -1.345E+02  0.000E+00  0.0000
  2.000E+02 -1.345E+02  0.000E+00  0.0000
  2.400E+02 -1.345E+02  0.000E+00  0.0000
  2.800E+02 -1.345E+02  0.000E+00  0.0000
  3.200E+02 -1.345E+02  0.000E+00  0.0000
  3.600E+02 -1.345E+02  0.000E+00  0.0000
  4.000E+02 -1.345E+02  0.000E+00  0.0000
  4.400E+02 -1.345E+02  0.000E+00  0.0000
  4.800E+02 -1.345E+02  2.849E-04  1.0000
  5.200E+02 -1.345E+02  1.314E-04  1.0000
  5.600E+02 -1.345E+02  0.000E+00  0.0000
  6.000E+02 -1.345E+02  0.000E+00  0.0000
  6.400E+02 -1.345E+02  0.000E+00  0.0000
  6.800E+02 -1.345E+02  3.575E-05  1.0000
 -6.800E+02 -9.511E+01  0.000E+00  0.0000
 -6.400E+02 -9.511E+01  0.000E+00  0.0000
 -6.000E+02 -9.511E+01  0.000E+00  0.0000
 -5.600E+02 -9.511E+01  0.000E+00  0.0000
 -5.200E+02 -9.511E+01  0.000E+00  0.0000
 -4.800E+02 -9.511E+01  0.000E+00  0.0000
 -4.400E+02 -9.511E+01  0.000E+00  0.0000
 -4.000E+02 -9.511E+01  0.000E+00  0.0000
 -3.600E+02 -9.511E+01  0.000E+00  0.0000
 -3.200E+02 -9.511E+01  2.152E-06  1.0000
 -2.800E+02 -9.511E+01  0.000E+00  0.0000
 -2.400E+02 -9.511E+01  0.000E+00  0.0000
 -2.000E+02 -9.511E+01  0.000E+00  0.0000
 -1.600E+02 -9.511E+01  0.000E+00  0.0000
 -1.200E+02 -9.511E+01  0.000E+00  0.0000
 -8.000E+01 -9.511E+01  0.000E+00  0.0000
 -4.000E+01 -9.511E+01  0.000E+00  0.0000
  0.000E+00 -9.511E+01  0.000E+00  0.0000
  4.000E+01 -9.511E+01  0.000E+00  0.0000
  8.000E+01 -9.511E+01  0.000E+00  0.0000
  1.200E+02 -9.511E+01  0.000E+00  0.0000
  1.600E+02 -9.511E+01  0.000E+00  0.0000
  2.000E+02 -9.511E+01  0.000E+00  0.0000
  2.400E+02 -9.511E+01  0.000E+00  0.0000
  2.800E+02 -9.511E+01  0.000E+00  0.0000
  3.200E+02 -9.511E+01  2.013E-07  1.0000
  3.600E+02 -9.511E+01  0.000E+00  0.0000
  4.000E+02 -9.511E+01  0.000E+00  0.0000
  4.400E+02 -9.511E+01  0.000E+00  0.0000
  4.800E+02 -9.511E+01  0.000E+00  0.0000
  5.200E+02 -9.511E+01  4.171E-05  0.8241
  5.600E+02 -9.511E+01  0.000E+00  0.0000
  6.000E+02 -9.511E+01  0.000E+00  0.0000
  6.400E+02 -9.511E+01  0.000E+00  0.0000
  6.800E+02 -9.511E+01  0.000E+00  0.0000
 -6.800E+02 -5.576E+01  0.000E+00  0.0000
 -6.400E+02 -5.576E+01  0.000E+00  0.0000
 -6.000E+02 -5.576E+01  0.000E+00  0.0000
 -5.600E+02 -5.576E+01  0.000E+00  0.0000
 -5.200E+02 -5.576E+01  0.000E+00  0.0000
 -4.800E+02 -5.576E+01  0.000E+00  0.0000
 -4.400E+02 -5.576E+01  0.000E+00  0.0000
 -4.000E+02 -5.576E+01  0.000E+00  0.0000
 -3.600E+02 -5.576E+01  0.000E+00  0.0000
 -3.200E+02 -5.576E+01  0.000E+00  0.0000
 -2.800E+02 -5.576E+01  7.098E-05  1.0000
 -2.400E+02 -5.576E+01  0.000E+00  0.0000
 -2.000E+02 -5.576E+01  0.000E+00  0.0000
 -1.600E+02 -5.576E+01  0.000E+00  0.0000
 -1.200E+02 -5.576E+01  0.000E+00  0.0000
 -8.000E+01 -5.576E+01  0.000E+00  0.0000
 -4.000E+01 -5.576E+01  0.000E+00  0.0000
  0.000E+00 -5.576E+01  0.000E+00  0.0000
  4.000E+01 -5.576E+01  0.000E+00  0.0000
  8.000E+01 -5.576E+01  0.000E+00  0.0000
  1.200E+02 -5.576E+01  0.000E+00  0.0000
  1.600E+02 -5.576E+01  0.000E+00  0.0000
  2.000E+02 -5.576E+01  0.000E+00  0.0000
  2.400E+02 -5.576E+01  0.000E+00  0.0000
  2.800E+02 -5.576E+01  0.000E+00  0.0000
  3.200E+02 -5.576E+01  0.000E+00  0.0000
  3.600E+02 -5.576E+01  0.000E+00  0.0000
  4.000E+02 -5.576E+01  0.000E+00  0.0000
  4.400E+02 -5.576E+01  0.000E+00  0.0000
  4.800E+02 -5.576E+01  0.000E+00  0.0000
  5.200E+02 -5.576E+01  0.000E+00  0.0000
  5.600E+02 -5.576E+01  0.000E+00  0.0000
  6.000E+02 -5.576E+01  0.000E+00  0.0000
  6.400E+02 -5.576E+01  0.000E+00  0.0000
  6.800E+02 -5.576E+01  0.000E+00  0.0000
 -6.800E+02 -1.641E+01  0.000E+00  0.0000
 -6.400E+02 -1.641E+01  0.000E+00  0.0000
 -6.000E+02 -1.641E+01  0.000E+00  0.0000
 -5.600E+02 -1.641E+01  0.000E+00  0.0000
 -5.200E+02 -1.641E+01  0.000E+00  0.0000
 -4.800E+02 -1.641E+01  0.000E+00  0.0000
 -4.400E+02 -1.641E+01  0.000E+00  0.0000
 -4.000E+02 -1.641E+01  0.000E+00  0.0000
 -3.600E+02 -1.641E+01  0.000E+00  0.0000
 -3.200E+02 -1.641E+01  0.000E+00  0.0000
 -2.800E+02 -1.641E+01  0.000E+00  0.0000
 -2.400E+02 -1.641E+01  0.000E+00  0.0000
 -2.000E+02 -1.641E+01  0.000E+00  0.0000
 -1.600E+02 -1.641E+01  0.000E+00  0.0000
 -1.200E+02 -1.641E+01  0.000E+00  0.0000
 -8.000E+01 -1.641E+01  0.000E+00  0.0000
 -4.000E+01 -1.641E+01  0.000E+00  0.0000
  0.000E+00 -1.641E+01  0.000E+00  0.0000
  4.000E+01 -1.641E+01  0.000E+00  0.0000
  8.000E+01 -1.641E+01  0.000E+00  0.0000
  1.200E+02 -1.641E+01  0.000E+00  0.0000
  1.600E+02 -1.641E+01  0.000E+00  0.0000
  2.000E+02 -1.641E+01  0.000E+00  0.0000
  2.400E+02 -1.641E+01  0.000E+00  0.0000
  2.800E+02 -1.641E+01  0.000E+00  0.0000
  3.200E+02 -1.641E+01  0.000E+00  0.0000
  3.600E+02 -1.641E+01  0.000E+00  0.0000
  4.000E+02 -1.641E+01  0.000E+00  0.0000
  4.400E+02 -1.641E+01  0.000E+00  0.0000
  4.800E+02 -1.641E+01  0.000E+00  0.0000
  5.200E+02 -1.641E+01  0.000E+00  0.0000
  5.600E+02 -1.641E+01  0.000E+00  0.0000
  6.000E+02 -1.641E+01  0.000E+00  0.0000
  6.400E+02 -1.641E+01  0.000E+00  0.0000
  6.800E+02 -1.641E+01  0.000E+00  0.0000
 -6.800E+02  2.293E+01  0.000E+00  0.0000
 -6.400E+02  2.293E+01  0.000E+00  0.0000
 -6.000E+02  2.293E+01  0.000E+00  0.0000
 -5.600E+02  2.293E+01  0.000E+00  0.0000
 -5.200E+02  2.293E+01  0.000E+00  0.0000
 -4.800E+02  2.293E+01  0.000E+00  0.0000
 -4.400E+02  2.293E+01  0.000E+00  0.0000
 -4.000E+02  2.293E+01  0.000E+00  0.0000
 -3.600E+02  2.293E+01  0.000E+00  0.0000
 -3.200E+02  2.293E+01  0.000E+00  0.0000
 -2.800E+02  2.293E+01  0.000E+00  0.0000
 -2.400E+02  2.293E+01  0.000E+00  0.0000
 -2.000E+02  2.293E+01  0.000E+00  0.0000
 -1.600E+02  2.293E+01  0.000E+00  0.0000
 -1.200E+02  2.293E+01  0.000E+00  0.0000
 -8.000E+01  2.293E+01  0.000E+00  0.0000
 -4.000E+01  2.293E+01  0.000E+00  0.0000
  0.000E+00  2.293E+01  0.000E+00  0.0000
  4.000E+01  2.293E+01  0.000E+00  0.0000
  8.000E+01  2.293E+01  0.000E+00  0.0000
  1.200E+02  2.293E+01  0.000E+00  0.0000
  1.600E+02  2.293E+01  0.000E+00  0.0000
  2.000E+02  2.293E+01  0.000E+00  0.0000
  2.400E+02  2.293E+01  0.000E+00  0.0000
  2.800E+02  2.293E+01  0.000E+00  0.0000
  3.200E+02  2.293E+01  0.000E+00  0.0000
  3.600E+02  2.293E+01  0.000E+00  0.0000
  4.000E+02  2.293E+01  0.000E+00  0.0000
  4.400E+02  2.293E+01  0.000E+00  0.0000
  4.800E+02  2.293E+01  0.000E+00  0.0000
  5.200E+02  2.293E+01  0.000E+00  0.0000
  5.600E+02  2.293E+01  0.000E+00  0.0000
  6.000E+02  2.293E+01  0.000E+00  0.0000
  6.400E+02  2.293E+01  0.000E+00  0.0000
  6.800E+02  2.293E+01  0.000E+00  0.0000
 -6.800E+02  6.228E+01  0.000E+00  0.0000
 -6.400E+02  6.228E+01  0.000E+00  0.0000
 -6.000E+02  6.228E+01  0.000E+00  0.0000
 -5.600E+02  6.228E+01  0.000E+00  0.0000
 -5.200E+02  6.228E+01  0.000E+00  0.0000
 -4.800E+02  6.228E+01  0.000E+00  0.0000
 -4.400E+02  6.228E+01  0.000E+00  0.0000
 -4.000E+02  6.228E+01  0.000E+00  0.0000
 -3.600E+02  6.228E+01  0.000E+00  0.0000
 -3.200E+02  6.228E+01  0.000E+00  0.0000
 -2.800E+02  6.228E+01  0.000E+00  0.0000
 -2.400E+02  6.228E+01  0.000E+00  0.0000
 -2.000E+02  6.228E+01  0.000E+00  0.0000
 -1.600E+02  6.228E+01  0.000E+00  0.0000
 -1.200E+02  6.228E+01  0.000E+00  0.0000
 -8.000E+01  6.228E+01  0.000E+00  0.0000
 -4.000E+01  6.228E+01  0.000E+00  0.0000
  0.000E+00  6.228E+01  0.000E+00  0.0000
  4.000E+01  6.228E+01  0.000E+00  0.0000
  8.000E+01  6.228E+01  0.000E+00  0.0000
  1.200E+02  6.228E+01  0.000E+00  0.0000
  1.600E+02  6.228E+01  0.000E+00  0.0000
  2.000E+02  6.228E+01  0.000E+00  0.0000
  2.400E+02  6.228E+01  0.000E+00  0.0000
  2.800E+02  6.228E+01  0.000E+00  0.0000
  3.200E+02  6.228E+01  0.000E+00  0.0000
  3.600E+02  6.228E+01  0.000E+00  0.0000
  4.000E+02  6.228E+01  0.000E+00  0.0000
  4.400E+02  6.228E+01  0.000E+00  0.0000
  4.800E+02  6.228E+01  0.000E+00  0.0000
  5.200E+02  6.228E+01  0.000E+00  0.0000
  5.600E+02  6.228E+01  0.000E+00  0.0000
  6.000E+02  6.228E+01  0.000E+00  0.0000
  6.400E+02  6.228E+01  0.000E+00  0.0000
  6.800E+02  6.228E+01  0.000E+00  0.0000
 -6.800E+02  1.016E+02  0.000E+00  0.0000
 -6.400E+02  1.016E+02  0.000E+00  0.0000
 -6.000E+02  1.016E+02  0.000E+00  0.0000
 -5.600E+02  1.016E+02  0.000E+00  0.0000
 -5.200E+02  1.016E+02  0.000E+00  0.0000
 -4.800E+02  1.016E+02  0.000E+00  0.0000
 -4.400E+02  1.016E+02  0.000E+00  0.0000
 -4.000E+02  1.016E+02  0.000E+00  0.0000
 -3.600E+02  1.016E+02  0.000E+00  0.0000
 -3.200E+02  1.016E+02  0.000E+00  0.0000
 -2.800E+02  1.016E+02  0.000E+00  0.0000
 -2.400E+02  1.016E+02  0.000E+00  0.0000
 -2.000E+02  1.016E+02  0.000E+00  0.0000
 -1.600E+02  1.016E+02  0.000E+00  0.0000
 -1.200E+02  1.016E+02  0.000E+00  0.0000
 -8.000E+01  1.016E+02  0.000E+00  0.0000
 -4.000E+01  1.016E+02  0.000E+00  0.0000
  0.000E+00  1.016E+02  0.000E+00  0.0000
  4.000E+01  1.016E+02  0.000E+00  0.0000
  8.000E+01  1.016E+02  0.000E+00  0.0000
  1.200E+02  1.016E+02  0.000E+00  0.0000
  1.600E+02  1.016E+02  0.000E+00  0.0000
  2.000E+02  1.016E+02  0.000E+00  0.0000
  2.400E+02  1.016E+02  0.000E+00  0.0000
  2.800E+02  1.016E+02  0.000E+00  0.0000
  3.200E+02  1.016E+02  0.000E+00  0.0000
  3.600E+02  1.016E+02  0.000E+00  0.0000
  4.000E+02  1.016E+02  0.000E+00  0.0000
  4.400E+02  1.016E+02  0.000E+00  0.0000
  4.800E+02  1.016E+02  0.000E+00  0.0000
  5.200E+02  1.016E+02  0.000E+00  0.0000
  5.600E+02  1.016E+02  0.000E+00  0.0000
  6.000E+02  1.016E+02  0.000E+00  0.0000
  6.400E+02  1.016E+02  0.000E+00  0.0000
  6.800E+02  1.016E+02  0.000E+00  0.0000
 -6.800E+02  1.410E+02  0.000E+00  0.0000
 -6.400E+02  1.410E+02  0.000E+00  0.0000
 -6.000E+02  1.410E+02  0.000E+00  0.0000
 -5.600E+02  1.410E+02  0.000E+00  0.0000
 -5.200E+02  1.410E+02  0.000E+00  0.0000
 -4.800E+02  1.410E+02  0.000E+00  0.0000
 -4.400E+02  1.410E+02  0.000E+00  0.0000
 -4.000E+02  1.410E+02  0.000E+00  0.0000
 -3.600E+02  1.410E+02  0.000E+00  0.0000
 -3.200E+02  1.410E+02  0.000E+00  0.0000
 -2.800E+02  1.410E+02  0.000E+00  0.0000
 -2.400E+02  1.410E+02  0.000E+00  0.0000
 -2.000E+02  1.410E+02  0.000E+00  0.0000
 -1.600E+02  1.410E+02  0.000E+00  0.0000
 -1.200E+02  1.410E+02  0.000E+00  0.0000
 -8.000E+01  1.410E+02  0.000E+00  0.0000
 -4.000E+01  1.410E+02  0.000E+00  0.0000
  0.000E+00  1.410E+02  0.000E+00  0.0000
  4.000E+01  1.410E+02  0.000E+00  0.0000
  8.000E+01  1.410E+02  0.000E+00  0.0000
  1.200E+02  1.410E+02  0.000E+00  0.0000
  1.600E+02  1.410E+02  0.000E+00  0.0000
  2.000E+02  1.410E+02  0.000E+00  0.0000
  2.400E+02  1.410E+02  0.000E+00  0.0000
  2.800E+02  1.410E+02  0.000E+00  0.0000
  3.200E+02  1.410E+02  0.000E+00  0.0000
  3.600E+02  1.410E+02  0.000E+00  0.0000
  4.000E+02  1.410E+02  0.000E+00  0.0000
  4.400E+02  1.410E+02  0.000E+00  0.0000
  4.800E+02  1.410E+02  0.000E+00  0.0000
  5.200E+02  1.410E+02  0.000E+00  0.0000
  5.600E+02  1.410E+02  0.000E+00  0.0000
  6.000E+02  1.410E+02  0.000E+00  0.0000
  6.400E+02  1.410E+02  0.000E+00  0.0000
  6.800E+02  1.410E+02  0.000E+00  0.0000
 -6.800E+02  1.803E+02  0.000E+00  0.0000
 -6.400E+02  1.803E+02  0.000E+00  0.0000
 -6.000E+02  1.803E+02  0.000E+00  0.0000
 -5.600E+02  1.803E+02  0.000E+00  0.0000
 -5.200E+02  1.803E+02  0.000E+00  0.0000
 -4.800E+02  1.803E+02  0.000E+00  0.0000
 -4.400E+02  1.803E+02  0.000E+00  0.0000
 -4.000E+02  1.803E+02  0.000E+00  0.0000
 -3.600E+02  1.803E+02  0.000E+00  0.0000
 -3.200E+02  1.803E+02  0.000E+00  0.0000
 -2.800E+02  1.803E+02  0.000E+00  0.0000
 -2.400E+02  1.803E+02  0.000E+00  0.0000
 -2.000E+02  1.803E+02  0.000E+00  0.0000
 -1.600E+02  1.803E+02  0.000E+00  0.0000
 -1.200E+02  1.803E+02  0.000E+00  0.0000
 -8.000E+01  1.803E+02  0.000E+00  0.0000
 -4.000E+01  1.803E+02  0.000E+00  0.0000
  0.000E+00  1.803E+02  0.000E+00  0.0000
  4.000E+01  1.803E+02  0.000E+00  0.0000
  8.000E+01  1.803E+02  0.000E+00  0.0000
  1.200E+02  1.803E+02  0.000E+00  0.0000
  1.600E+02  1.803E+02  0.000E+00  0.0000
  2.000E+02  1.803E+02  0.000E+00  0.0000
  2.400E+02  1.803E+02  0.000E+00  0.0000
  2.800E+02  1.803E+02  0.000E+00  0.0000
  3.200E+02  1.803E+02  0.000E+00  0.0000
  3.600E+02  1.803E+02  0.000E+00  0.0000
  4.000E+02  1.803E+02  0.000E+00  0.0000
  4.400E+02  1.803E+02  0.000E+00  0.0000
  4.800E+02  1.803E+02  0.000E+00  0.0000
  5.200E+02  1.803E+02  0.000E+00  0.0000
  5.600E+02  1.803E+02  0.000E+00  0.0000
  6.000E+02  1.803E+02  0.000E+00  0.0000
  6.400E+02  1.803E+02  0.000E+00  0.0000
  6.800E+02  1.803E+02  0.000E+00  0.0000

#------------------------------------------------------------------------------
 newpage:
#   no. =  5   ie  =  1   iy  =  1   part. = muon-   
#   e = (   1.0000E-10  -   5.0000E-07  )
#   y = (  -1.0000E+03  -   1.0000E+03  )
#  nx =  35   nz =  23

# x          z          flux       r.err
 -6.800E+02 -6.853E+02  0.000E+00  0.0000
 -6.400E+02 -6.853E+02  0.000E+00  0.0000
 -6.000E+02 -6.853E+02  0.000E+00  0.0000
 -5.600E+02 -6.853E+02  0.000E+00  0.0000
 -5.200E+02 -6.853E+02  0.000E+00  0.0000
 -4.800E+02 -6.853E+02  0.000E+00  0.0000
 -4.400E+02 -6.853E+02  0.000E+00  0.0000
 -4.000E+02 -6.853E+02  0.000E+00  0.0000
 -3.600E+02 -6.853E+02  0.000E+00  0.0000
 -3.200E+02 -6.853E+02  0.000E+00  0.0000
 -2.800E+02 -6.853E+02  0.000E+00  0.0000
 -2.400E+02 -6.853E+02  0.000E+00  0.0000
 -2.000E+02 -6.853E+02  0.000E+00  0.0000
 -1.600E+02 -6.853E+02  0.000E+00  0.0000
 -1.200E+02 -6.853E+02  0.000E+00  0.0000
 -8.000E+01 -6.853E+02  0.000E+00  0.0000
 -4.000E+01 -6.853E+02  0.000E+00  0.0000
  0.000E+00 -6.853E+02  0.000E+00  0.0000
  4.000E+01 -6.853E+02  0.000E+00  0.0000
  8.000E+01 -6.853E+02  0.000E+00  0.0000
  1.200E+02 -6.853E+02  0.000E+00  0.0000
  1.600E+02 -6.853E+02  0.000E+00  0.0000
  2.000E+02 -6.853E+02  0.000E+00  0.0000
  2.400E+02 -6.853E+02  0.000E+00  0.0000
  2.800E+02 -6.853E+02  0.000E+00  0.0000
  3.200E+02 -6.853E+02  0.000E+00  0.0000
  3.600E+02 -6.853E+02  0.000E+00  0.0000
  4.000E+02 -6.853E+02  0.000E+00  0.0000
  4.400E+02 -6.853E+02  0.000E+00  0.0000
  4.800E+02 -6.853E+02  0.000E+00  0.0000
  5.200E+02 -6.853E+02  0.000E+00  0.0000
  5.600E+02 -6.853E+02  0.000E+00  0.0000
  6.000E+02 -6.853E+02  0.000E+00  0.0000
  6.400E+02 -6.853E+02  0.000E+00  0.0000
  6.800E+02 -6.853E+02  0.000E+00  0.0000
 -6.800E+02 -6.460E+02  0.000E+00  0.0000
 -6.400E+02 -6.460E+02  0.000E+00  0.0000
 -6.000E+02 -6.460E+02  0.000E+00  0.0000
 -5.600E+02 -6.460E+02  0.000E+00  0.0000
 -5.200E+02 -6.460E+02  0.000E+00  0.0000
 -4.800E+02 -6.460E+02  0.000E+00  0.0000
 -4.400E+02 -6.460E+02  0.000E+00  0.0000
 -4.000E+02 -6.460E+02  0.000E+00  0.0000
 -3.600E+02 -6.460E+02  0.000E+00  0.0000
 -3.200E+02 -6.460E+02  0.000E+00  0.0000
 -2.800E+02 -6.460E+02  0.000E+00  0.0000
 -2.400E+02 -6.460E+02  0.000E+00  0.0000
 -2.000E+02 -6.460E+02  0.000E+00  0.0000
 -1.600E+02 -6.460E+02  0.000E+00  0.0000
 -1.200E+02 -6.460E+02  0.000E+00  0.0000
 -8.000E+01 -6.460E+02  0.000E+00  0.0000
 -4.000E+01 -6.460E+02  0.000E+00  0.0000
  0.000E+00 -6.460E+02  0.000E+00  0.0000
  4.000E+01 -6.460E+02  0.000E+00  0.0000
  8.000E+01 -6.460E+02  0.000E+00  0.0000
  1.200E+02 -6.460E+02  0.000E+00  0.0000
  1.600E+02 -6.460E+02  0.000E+00  0.0000
  2.000E+02 -6.460E+02  0.000E+00  0.0000
  2.400E+02 -6.460E+02  0.000E+00  0.0000
  2.800E+02 -6.460E+02  0.000E+00  0.0000
  3.200E+02 -6.460E+02  0.000E+00  0.0000
  3.600E+02 -6.460E+02  0.000E+00  0.0000
  4.000E+02 -6.460E+02  0.000E+00  0.0000
  4.400E+02 -6.460E+02  0.000E+00  0.0000
  4.800E+02 -6.460E+02  0.000E+00  0.0000
  5.200E+02 -6.460E+02  0.000E+00  0.0000
  5.600E+02 -6.460E+02  0.000E+00  0.0000
  6.000E+02 -6.460E+02  0.000E+00  0.0000
  6.400E+02 -6.460E+02  0.000E+00  0.0000
  6.800E+02 -6.460E+02  0.000E+00  0.0000
 -6.800E+02 -6.066E+02  0.000E+00  0.0000
 -6.400E+02 -6.066E+02  0.000E+00  0.0000
 -6.000E+02 -6.066E+02  0.000E+00  0.0000
 -5.600E+02 -6.066E+02  0.000E+00  0.0000
 -5.200E+02 -6.066E+02  0.000E+00  0.0000
 -4.800E+02 -6.066E+02  0.000E+00  0.0000
 -4.400E+02 -6.066E+02  0.000E+00  0.0000
 -4.000E+02 -6.066E+02  0.000E+00  0.0000
 -3.600E+02 -6.066E+02  0.000E+00  0.0000
 -3.200E+02 -6.066E+02  0.000E+00  0.0000
 -2.800E+02 -6.066E+02  0.000E+00  0.0000
 -2.400E+02 -6.066E+02  0.000E+00  0.0000
 -2.000E+02 -6.066E+02  0.000E+00  0.0000
 -1.600E+02 -6.066E+02  0.000E+00  0.0000
 -1.200E+02 -6.066E+02  0.000E+00  0.0000
 -8.000E+01 -6.066E+02  0.000E+00  0.0000
 -4.000E+01 -6.066E+02  0.000E+00  0.0000
  0.000E+00 -6.066E+02  0.000E+00  0.0000
  4.000E+01 -6.066E+02  0.000E+00  0.0000
  8.000E+01 -6.066E+02  0.000E+00  0.0000
  1.200E+02 -6.066E+02  0.000E+00  0.0000
  1.600E+02 -6.066E+02  0.000E+00  0.0000
  2.000E+02 -6.066E+02  0.000E+00  0.0000
  2.400E+02 -6.066E+02  0.000E+00  0.0000
  2.800E+02 -6.066E+02  0.000E+00  0.0000
  3.200E+02 -6.066E+02  0.000E+00  0.0000
  3.600E+02 -6.066E+02  0.000E+00  0.0000
  4.000E+02 -6.066E+02  0.000E+00  0.0000
  4.400E+02 -6.066E+02  0.000E+00  0.0000
  4.800E+02 -6.066E+02  0.000E+00  0.0000
  5.200E+02 -6.066E+02  0.000E+00  0.0000
  5.600E+02 -6.066E+02  0.000E+00  0.0000
  6.000E+02 -6.066E+02  0.000E+00  0.0000
  6.400E+02 -6.066E+02  0.000E+00  0.0000
  6.800E+02 -6.066E+02  0.000E+00  0.0000
 -6.800E+02 -5.673E+02  0.000E+00  0.0000
 -6.400E+02 -5.673E+02  0.000E+00  0.0000
 -6.000E+02 -5.673E+02  0.000E+00  0.0000
 -5.600E+02 -5.673E+02  0.000E+00  0.0000
 -5.200E+02 -5.673E+02  0.000E+00  0.0000
 -4.800E+02 -5.673E+02  0.000E+00  0.0000
 -4.400E+02 -5.673E+02  0.000E+00  0.0000
 -4.000E+02 -5.673E+02  0.000E+00  0.0000
 -3.600E+02 -5.673E+02  0.000E+00  0.0000
 -3.200E+02 -5.673E+02  0.000E+00  0.0000
 -2.800E+02 -5.673E+02  0.000E+00  0.0000
 -2.400E+02 -5.673E+02  0.000E+00  0.0000
 -2.000E+02 -5.673E+02  0.000E+00  0.0000
 -1.600E+02 -5.673E+02  0.000E+00  0.0000
 -1.200E+02 -5.673E+02  0.000E+00  0.0000
 -8.000E+01 -5.673E+02  0.000E+00  0.0000
 -4.000E+01 -5.673E+02  0.000E+00  0.0000
  0.000E+00 -5.673E+02  0.000E+00  0.0000
  4.000E+01 -5.673E+02  0.000E+00  0.0000
  8.000E+01 -5.673E+02  0.000E+00  0.0000
  1.200E+02 -5.673E+02  0.000E+00  0.0000
  1.600E+02 -5.673E+02  0.000E+00  0.0000
  2.000E+02 -5.673E+02  0.000E+00  0.0000
  2.400E+02 -5.673E+02  0.000E+00  0.0000
  2.800E+02 -5.673E+02  0.000E+00  0.0000
  3.200E+02 -5.673E+02  0.000E+00  0.0000
  3.600E+02 -5.673E+02  0.000E+00  0.0000
  4.000E+02 -5.673E+02  0.000E+00  0.0000
  4.400E+02 -5.673E+02  0.000E+00  0.0000
  4.800E+02 -5.673E+02  0.000E+00  0.0000
  5.200E+02 -5.673E+02  0.000E+00  0.0000
  5.600E+02 -5.673E+02  0.000E+00  0.0000
  6.000E+02 -5.673E+02  0.000E+00  0.0000
  6.400E+02 -5.673E+02  0.000E+00  0.0000
  6.800E+02 -5.673E+02  0.000E+00  0.0000
 -6.800E+02 -5.279E+02  0.000E+00  0.0000
 -6.400E+02 -5.279E+02  0.000E+00  0.0000
 -6.000E+02 -5.279E+02  0.000E+00  0.0000
 -5.600E+02 -5.279E+02  0.000E+00  0.0000
 -5.200E+02 -5.279E+02  0.000E+00  0.0000
 -4.800E+02 -5.279E+02  0.000E+00  0.0000
 -4.400E+02 -5.279E+02  0.000E+00  0.0000
 -4.000E+02 -5.279E+02  0.000E+00  0.0000
 -3.600E+02 -5.279E+02  0.000E+00  0.0000
 -3.200E+02 -5.279E+02  0.000E+00  0.0000
 -2.800E+02 -5.279E+02  0.000E+00  0.0000
 -2.400E+02 -5.279E+02  0.000E+00  0.0000
 -2.000E+02 -5.279E+02  0.000E+00  0.0000
 -1.600E+02 -5.279E+02  0.000E+00  0.0000
 -1.200E+02 -5.279E+02  0.000E+00  0.0000
 -8.000E+01 -5.279E+02  0.000E+00  0.0000
 -4.000E+01 -5.279E+02  0.000E+00  0.0000
  0.000E+00 -5.279E+02  0.000E+00  0.0000
  4.000E+01 -5.279E+02  0.000E+00  0.0000
  8.000E+01 -5.279E+02  0.000E+00  0.0000
  1.200E+02 -5.279E+02  0.000E+00  0.0000
  1.600E+02 -5.279E+02  0.000E+00  0.0000
  2.000E+02 -5.279E+02  0.000E+00  0.0000
  2.400E+02 -5.279E+02  0.000E+00  0.0000
  2.800E+02 -5.279E+02  0.000E+00  0.0000
  3.200E+02 -5.279E+02  0.000E+00  0.0000
  3.600E+02 -5.279E+02  0.000E+00  0.0000
  4.000E+02 -5.279E+02  0.000E+00  0.0000
  4.400E+02 -5.279E+02  0.000E+00  0.0000
  4.800E+02 -5.279E+02  0.000E+00  0.0000
  5.200E+02 -5.279E+02  0.000E+00  0.0000
  5.600E+02 -5.279E+02  0.000E+00  0.0000
  6.000E+02 -5.279E+02  0.000E+00  0.0000
  6.400E+02 -5.279E+02  0.000E+00  0.0000
  6.800E+02 -5.279E+02  0.000E+00  0.0000
 -6.800E+02 -4.886E+02  0.000E+00  0.0000
 -6.400E+02 -4.886E+02  0.000E+00  0.0000
 -6.000E+02 -4.886E+02  0.000E+00  0.0000
 -5.600E+02 -4.886E+02  0.000E+00  0.0000
 -5.200E+02 -4.886E+02  0.000E+00  0.0000
 -4.800E+02 -4.886E+02  0.000E+00  0.0000
 -4.400E+02 -4.886E+02  0.000E+00  0.0000
 -4.000E+02 -4.886E+02  0.000E+00  0.0000
 -3.600E+02 -4.886E+02  0.000E+00  0.0000
 -3.200E+02 -4.886E+02  0.000E+00  0.0000
 -2.800E+02 -4.886E+02  0.000E+00  0.0000
 -2.400E+02 -4.886E+02  0.000E+00  0.0000
 -2.000E+02 -4.886E+02  0.000E+00  0.0000
 -1.600E+02 -4.886E+02  0.000E+00  0.0000
 -1.200E+02 -4.886E+02  0.000E+00  0.0000
 -8.000E+01 -4.886E+02  0.000E+00  0.0000
 -4.000E+01 -4.886E+02  0.000E+00  0.0000
  0.000E+00 -4.886E+02  0.000E+00  0.0000
  4.000E+01 -4.886E+02  0.000E+00  0.0000
  8.000E+01 -4.886E+02  0.000E+00  0.0000
  1.200E+02 -4.886E+02  0.000E+00  0.0000
  1.600E+02 -4.886E+02  0.000E+00  0.0000
  2.000E+02 -4.886E+02  0.000E+00  0.0000
  2.400E+02 -4.886E+02  0.000E+00  0.0000
  2.800E+02 -4.886E+02  0.000E+00  0.0000
  3.200E+02 -4.886E+02  0.000E+00  0.0000
  3.600E+02 -4.886E+02  0.000E+00  0.0000
  4.000E+02 -4.886E+02  0.000E+00  0.0000
  4.400E+02 -4.886E+02  0.000E+00  0.0000
  4.800E+02 -4.886E+02  0.000E+00  0.0000
  5.200E+02 -4.886E+02  0.000E+00  0.0000
  5.600E+02 -4.886E+02  0.000E+00  0.0000
  6.000E+02 -4.886E+02  0.000E+00  0.0000
  6.400E+02 -4.886E+02  0.000E+00  0.0000
  6.800E+02 -4.886E+02  0.000E+00  0.0000
 -6.800E+02 -4.492E+02  0.000E+00  0.0000
 -6.400E+02 -4.492E+02  0.000E+00  0.0000
 -6.000E+02 -4.492E+02  0.000E+00  0.0000
 -5.600E+02 -4.492E+02  0.000E+00  0.0000
 -5.200E+02 -4.492E+02  0.000E+00  0.0000
 -4.800E+02 -4.492E+02  0.000E+00  0.0000
 -4.400E+02 -4.492E+02  0.000E+00  0.0000
 -4.000E+02 -4.492E+02  0.000E+00  0.0000
 -3.600E+02 -4.492E+02  0.000E+00  0.0000
 -3.200E+02 -4.492E+02  0.000E+00  0.0000
 -2.800E+02 -4.492E+02  0.000E+00  0.0000
 -2.400E+02 -4.492E+02  0.000E+00  0.0000
 -2.000E+02 -4.492E+02  0.000E+00  0.0000
 -1.600E+02 -4.492E+02  0.000E+00  0.0000
 -1.200E+02 -4.492E+02  0.000E+00  0.0000
 -8.000E+01 -4.492E+02  0.000E+00  0.0000
 -4.000E+01 -4.492E+02  0.000E+00  0.0000
  0.000E+00 -4.492E+02  0.000E+00  0.0000
  4.000E+01 -4.492E+02  0.000E+00  0.0000
  8.000E+01 -4.492E+02  0.000E+00  0.0000
  1.200E+02 -4.492E+02  0.000E+00  0.0000
  1.600E+02 -4.492E+02  0.000E+00  0.0000
  2.000E+02 -4.492E+02  0.000E+00  0.0000
  2.400E+02 -4.492E+02  0.000E+00  0.0000
  2.800E+02 -4.492E+02  0.000E+00  0.0000
  3.200E+02 -4.492E+02  0.000E+00  0.0000
  3.600E+02 -4.492E+02  0.000E+00  0.0000
  4.000E+02 -4.492E+02  0.000E+00  0.0000
  4.400E+02 -4.492E+02  0.000E+00  0.0000
  4.800E+02 -4.492E+02  0.000E+00  0.0000
  5.200E+02 -4.492E+02  0.000E+00  0.0000
  5.600E+02 -4.492E+02  0.000E+00  0.0000
  6.000E+02 -4.492E+02  0.000E+00  0.0000
  6.400E+02 -4.492E+02  0.000E+00  0.0000
  6.800E+02 -4.492E+02  0.000E+00  0.0000
 -6.800E+02 -4.099E+02  0.000E+00  0.0000
 -6.400E+02 -4.099E+02  0.000E+00  0.0000
 -6.000E+02 -4.099E+02  0.000E+00  0.0000
 -5.600E+02 -4.099E+02  0.000E+00  0.0000
 -5.200E+02 -4.099E+02  0.000E+00  0.0000
 -4.800E+02 -4.099E+02  0.000E+00  0.0000
 -4.400E+02 -4.099E+02  0.000E+00  0.0000
 -4.000E+02 -4.099E+02  0.000E+00  0.0000
 -3.600E+02 -4.099E+02  0.000E+00  0.0000
 -3.200E+02 -4.099E+02  0.000E+00  0.0000
 -2.800E+02 -4.099E+02  0.000E+00  0.0000
 -2.400E+02 -4.099E+02  0.000E+00  0.0000
 -2.000E+02 -4.099E+02  0.000E+00  0.0000
 -1.600E+02 -4.099E+02  0.000E+00  0.0000
 -1.200E+02 -4.099E+02  0.000E+00  0.0000
 -8.000E+01 -4.099E+02  0.000E+00  0.0000
 -4.000E+01 -4.099E+02  0.000E+00  0.0000
  0.000E+00 -4.099E+02  0.000E+00  0.0000
  4.000E+01 -4.099E+02  0.000E+00  0.0000
  8.000E+01 -4.099E+02  0.000E+00  0.0000
  1.200E+02 -4.099E+02  0.000E+00  0.0000
  1.600E+02 -4.099E+02  0.000E+00  0.0000
  2.000E+02 -4.099E+02  0.000E+00  0.0000
  2.400E+02 -4.099E+02  0.000E+00  0.0000
  2.800E+02 -4.099E+02  0.000E+00  0.0000
  3.200E+02 -4.099E+02  0.000E+00  0.0000
  3.600E+02 -4.099E+02  0.000E+00  0.0000
  4.000E+02 -4.099E+02  0.000E+00  0.0000
  4.400E+02 -4.099E+02  0.000E+00  0.0000
  4.800E+02 -4.099E+02  0.000E+00  0.0000
  5.200E+02 -4.099E+02  0.000E+00  0.0000
  5.600E+02 -4.099E+02  0.000E+00  0.0000
  6.000E+02 -4.099E+02  0.000E+00  0.0000
  6.400E+02 -4.099E+02  0.000E+00  0.0000
  6.800E+02 -4.099E+02  0.000E+00  0.0000
 -6.800E+02 -3.705E+02  0.000E+00  0.0000
 -6.400E+02 -3.705E+02  0.000E+00  0.0000
 -6.000E+02 -3.705E+02  0.000E+00  0.0000
 -5.600E+02 -3.705E+02  0.000E+00  0.0000
 -5.200E+02 -3.705E+02  0.000E+00  0.0000
 -4.800E+02 -3.705E+02  0.000E+00  0.0000
 -4.400E+02 -3.705E+02  0.000E+00  0.0000
 -4.000E+02 -3.705E+02  0.000E+00  0.0000
 -3.600E+02 -3.705E+02  0.000E+00  0.0000
 -3.200E+02 -3.705E+02  0.000E+00  0.0000
 -2.800E+02 -3.705E+02  0.000E+00  0.0000
 -2.400E+02 -3.705E+02  0.000E+00  0.0000
 -2.000E+02 -3.705E+02  0.000E+00  0.0000
 -1.600E+02 -3.705E+02  0.000E+00  0.0000
 -1.200E+02 -3.705E+02  0.000E+00  0.0000
 -8.000E+01 -3.705E+02  0.000E+00  0.0000
 -4.000E+01 -3.705E+02  0.000E+00  0.0000
  0.000E+00 -3.705E+02  0.000E+00  0.0000
  4.000E+01 -3.705E+02  0.000E+00  0.0000
  8.000E+01 -3.705E+02  0.000E+00  0.0000
  1.200E+02 -3.705E+02  0.000E+00  0.0000
  1.600E+02 -3.705E+02  0.000E+00  0.0000
  2.000E+02 -3.705E+02  0.000E+00  0.0000
  2.400E+02 -3.705E+02  0.000E+00  0.0000
  2.800E+02 -3.705E+02  0.000E+00  0.0000
  3.200E+02 -3.705E+02  0.000E+00  0.0000
  3.600E+02 -3.705E+02  0.000E+00  0.0000
  4.000E+02 -3.705E+02  0.000E+00  0.0000
  4.400E+02 -3.705E+02  0.000E+00  0.0000
  4.800E+02 -3.705E+02  0.000E+00  0.0000
  5.200E+02 -3.705E+02  0.000E+00  0.0000
  5.600E+02 -3.705E+02  0.000E+00  0.0000
  6.000E+02 -3.705E+02  0.000E+00  0.0000
  6.400E+02 -3.705E+02  0.000E+00  0.0000
  6.800E+02 -3.705E+02  0.000E+00  0.0000
 -6.800E+02 -3.312E+02  0.000E+00  0.0000
 -6.400E+02 -3.312E+02  0.000E+00  0.0000
 -6.000E+02 -3.312E+02  0.000E+00  0.0000
 -5.600E+02 -3.312E+02  0.000E+00  0.0000
 -5.200E+02 -3.312E+02  0.000E+00  0.0000
 -4.800E+02 -3.312E+02  0.000E+00  0.0000
 -4.400E+02 -3.312E+02  0.000E+00  0.0000
 -4.000E+02 -3.312E+02  0.000E+00  0.0000
 -3.600E+02 -3.312E+02  0.000E+00  0.0000
 -3.200E+02 -3.312E+02  0.000E+00  0.0000
 -2.800E+02 -3.312E+02  0.000E+00  0.0000
 -2.400E+02 -3.312E+02  0.000E+00  0.0000
 -2.000E+02 -3.312E+02  0.000E+00  0.0000
 -1.600E+02 -3.312E+02  0.000E+00  0.0000
 -1.200E+02 -3.312E+02  0.000E+00  0.0000
 -8.000E+01 -3.312E+02  0.000E+00  0.0000
 -4.000E+01 -3.312E+02  0.000E+00  0.0000
  0.000E+00 -3.312E+02  0.000E+00  0.0000
  4.000E+01 -3.312E+02  0.000E+00  0.0000
  8.000E+01 -3.312E+02  0.000E+00  0.0000
  1.200E+02 -3.312E+02  0.000E+00  0.0000
  1.600E+02 -3.312E+02  0.000E+00  0.0000
  2.000E+02 -3.312E+02  0.000E+00  0.0000
  2.400E+02 -3.312E+02  0.000E+00  0.0000
  2.800E+02 -3.312E+02  0.000E+00  0.0000
  3.200E+02 -3.312E+02  0.000E+00  0.0000
  3.600E+02 -3.312E+02  0.000E+00  0.0000
  4.000E+02 -3.312E+02  0.000E+00  0.0000
  4.400E+02 -3.312E+02  0.000E+00  0.0000
  4.800E+02 -3.312E+02  0.000E+00  0.0000
  5.200E+02 -3.312E+02  0.000E+00  0.0000
  5.600E+02 -3.312E+02  0.000E+00  0.0000
  6.000E+02 -3.312E+02  0.000E+00  0.0000
  6.400E+02 -3.312E+02  0.000E+00  0.0000
  6.800E+02 -3.312E+02  0.000E+00  0.0000
 -6.800E+02 -2.918E+02  0.000E+00  0.0000
 -6.400E+02 -2.918E+02  0.000E+00  0.0000
 -6.000E+02 -2.918E+02  0.000E+00  0.0000
 -5.600E+02 -2.918E+02  0.000E+00  0.0000
 -5.200E+02 -2.918E+02  0.000E+00  0.0000
 -4.800E+02 -2.918E+02  0.000E+00  0.0000
 -4.400E+02 -2.918E+02  0.000E+00  0.0000
 -4.000E+02 -2.918E+02  0.000E+00  0.0000
 -3.600E+02 -2.918E+02  0.000E+00  0.0000
 -3.200E+02 -2.918E+02  0.000E+00  0.0000
 -2.800E+02 -2.918E+02  0.000E+00  0.0000
 -2.400E+02 -2.918E+02  0.000E+00  0.0000
 -2.000E+02 -2.918E+02  0.000E+00  0.0000
 -1.600E+02 -2.918E+02  0.000E+00  0.0000
 -1.200E+02 -2.918E+02  0.000E+00  0.0000
 -8.000E+01 -2.918E+02  0.000E+00  0.0000
 -4.000E+01 -2.918E+02  0.000E+00  0.0000
  0.000E+00 -2.918E+02  0.000E+00  0.0000
  4.000E+01 -2.918E+02  0.000E+00  0.0000
  8.000E+01 -2.918E+02  0.000E+00  0.0000
  1.200E+02 -2.918E+02  0.000E+00  0.0000
  1.600E+02 -2.918E+02  0.000E+00  0.0000
  2.000E+02 -2.918E+02  0.000E+00  0.0000
  2.400E+02 -2.918E+02  0.000E+00  0.0000
  2.800E+02 -2.918E+02  0.000E+00  0.0000
  3.200E+02 -2.918E+02  0.000E+00  0.0000
  3.600E+02 -2.918E+02  0.000E+00  0.0000
  4.000E+02 -2.918E+02  0.000E+00  0.0000
  4.400E+02 -2.918E+02  0.000E+00  0.0000
  4.800E+02 -2.918E+02  0.000E+00  0.0000
  5.200E+02 -2.918E+02  0.000E+00  0.0000
  5.600E+02 -2.918E+02  0.000E+00  0.0000
  6.000E+02 -2.918E+02  0.000E+00  0.0000
  6.400E+02 -2.918E+02  0.000E+00  0.0000
  6.800E+02 -2.918E+02  0.000E+00  0.0000
 -6.800E+02 -2.525E+02  0.000E+00  0.0000
 -6.400E+02 -2.525E+02  0.000E+00  0.0000
 -6.000E+02 -2.525E+02  0.000E+00  0.0000
 -5.600E+02 -2.525E+02  0.000E+00  0.0000
 -5.200E+02 -2.525E+02  0.000E+00  0.0000
 -4.800E+02 -2.525E+02  0.000E+00  0.0000
 -4.400E+02 -2.525E+02  0.000E+00  0.0000
 -4.000E+02 -2.525E+02  0.000E+00  0.0000
 -3.600E+02 -2.525E+02  0.000E+00  0.0000
 -3.200E+02 -2.525E+02  0.000E+00  0.0000
 -2.800E+02 -2.525E+02  0.000E+00  0.0000
 -2.400E+02 -2.525E+02  0.000E+00  0.0000
 -2.000E+02 -2.525E+02  0.000E+00  0.0000
 -1.600E+02 -2.525E+02  0.000E+00  0.0000
 -1.200E+02 -2.525E+02  0.000E+00  0.0000
 -8.000E+01 -2.525E+02  0.000E+00  0.0000
 -4.000E+01 -2.525E+02  0.000E+00  0.0000
  0.000E+00 -2.525E+02  0.000E+00  0.0000
  4.000E+01 -2.525E+02  0.000E+00  0.0000
  8.000E+01 -2.525E+02  0.000E+00  0.0000
  1.200E+02 -2.525E+02  0.000E+00  0.0000
  1.600E+02 -2.525E+02  0.000E+00  0.0000
  2.000E+02 -2.525E+02  0.000E+00  0.0000
  2.400E+02 -2.525E+02  0.000E+00  0.0000
  2.800E+02 -2.525E+02  0.000E+00  0.0000
  3.200E+02 -2.525E+02  0.000E+00  0.0000
  3.600E+02 -2.525E+02  0.000E+00  0.0000
  4.000E+02 -2.525E+02  0.000E+00  0.0000
  4.400E+02 -2.525E+02  0.000E+00  0.0000
  4.800E+02 -2.525E+02  0.000E+00  0.0000
  5.200E+02 -2.525E+02  0.000E+00  0.0000
  5.600E+02 -2.525E+02  0.000E+00  0.0000
  6.000E+02 -2.525E+02  0.000E+00  0.0000
  6.400E+02 -2.525E+02  0.000E+00  0.0000
  6.800E+02 -2.525E+02  0.000E+00  0.0000
 -6.800E+02 -2.132E+02  0.000E+00  0.0000
 -6.400E+02 -2.132E+02  0.000E+00  0.0000
 -6.000E+02 -2.132E+02  0.000E+00  0.0000
 -5.600E+02 -2.132E+02  0.000E+00  0.0000
 -5.200E+02 -2.132E+02  0.000E+00  0.0000
 -4.800E+02 -2.132E+02  0.000E+00  0.0000
 -4.400E+02 -2.132E+02  0.000E+00  0.0000
 -4.000E+02 -2.132E+02  0.000E+00  0.0000
 -3.600E+02 -2.132E+02  0.000E+00  0.0000
 -3.200E+02 -2.132E+02  0.000E+00  0.0000
 -2.800E+02 -2.132E+02  0.000E+00  0.0000
 -2.400E+02 -2.132E+02  0.000E+00  0.0000
 -2.000E+02 -2.132E+02  0.000E+00  0.0000
 -1.600E+02 -2.132E+02  0.000E+00  0.0000
 -1.200E+02 -2.132E+02  0.000E+00  0.0000
 -8.000E+01 -2.132E+02  0.000E+00  0.0000
 -4.000E+01 -2.132E+02  0.000E+00  0.0000
  0.000E+00 -2.132E+02  0.000E+00  0.0000
  4.000E+01 -2.132E+02  0.000E+00  0.0000
  8.000E+01 -2.132E+02  0.000E+00  0.0000
  1.200E+02 -2.132E+02  0.000E+00  0.0000
  1.600E+02 -2.132E+02  0.000E+00  0.0000
  2.000E+02 -2.132E+02  0.000E+00  0.0000
  2.400E+02 -2.132E+02  0.000E+00  0.0000
  2.800E+02 -2.132E+02  0.000E+00  0.0000
  3.200E+02 -2.132E+02  0.000E+00  0.0000
  3.600E+02 -2.132E+02  0.000E+00  0.0000
  4.000E+02 -2.132E+02  0.000E+00  0.0000
  4.400E+02 -2.132E+02  0.000E+00  0.0000
  4.800E+02 -2.132E+02  0.000E+00  0.0000
  5.200E+02 -2.132E+02  0.000E+00  0.0000
  5.600E+02 -2.132E+02  0.000E+00  0.0000
  6.000E+02 -2.132E+02  0.000E+00  0.0000
  6.400E+02 -2.132E+02  0.000E+00  0.0000
  6.800E+02 -2.132E+02  0.000E+00  0.0000
 -6.800E+02 -1.738E+02  0.000E+00  0.0000
 -6.400E+02 -1.738E+02  0.000E+00  0.0000
 -6.000E+02 -1.738E+02  0.000E+00  0.0000
 -5.600E+02 -1.738E+02  0.000E+00  0.0000
 -5.200E+02 -1.738E+02  0.000E+00  0.0000
 -4.800E+02 -1.738E+02  0.000E+00  0.0000
 -4.400E+02 -1.738E+02  0.000E+00  0.0000
 -4.000E+02 -1.738E+02  0.000E+00  0.0000
 -3.600E+02 -1.738E+02  0.000E+00  0.0000
 -3.200E+02 -1.738E+02  0.000E+00  0.0000
 -2.800E+02 -1.738E+02  0.000E+00  0.0000
 -2.400E+02 -1.738E+02  0.000E+00  0.0000
 -2.000E+02 -1.738E+02  0.000E+00  0.0000
 -1.600E+02 -1.738E+02  0.000E+00  0.0000
 -1.200E+02 -1.738E+02  0.000E+00  0.0000
 -8.000E+01 -1.738E+02  0.000E+00  0.0000
 -4.000E+01 -1.738E+02  0.000E+00  0.0000
  0.000E+00 -1.738E+02  0.000E+00  0.0000
  4.000E+01 -1.738E+02  0.000E+00  0.0000
  8.000E+01 -1.738E+02  0.000E+00  0.0000
  1.200E+02 -1.738E+02  0.000E+00  0.0000
  1.600E+02 -1.738E+02  0.000E+00  0.0000
  2.000E+02 -1.738E+02  0.000E+00  0.0000
  2.400E+02 -1.738E+02  0.000E+00  0.0000
  2.800E+02 -1.738E+02  0.000E+00  0.0000
  3.200E+02 -1.738E+02  0.000E+00  0.0000
  3.600E+02 -1.738E+02  0.000E+00  0.0000
  4.000E+02 -1.738E+02  0.000E+00  0.0000
  4.400E+02 -1.738E+02  0.000E+00  0.0000
  4.800E+02 -1.738E+02  0.000E+00  0.0000
  5.200E+02 -1.738E+02  0.000E+00  0.0000
  5.600E+02 -1.738E+02  0.000E+00  0.0000
  6.000E+02 -1.738E+02  0.000E+00  0.0000
  6.400E+02 -1.738E+02  0.000E+00  0.0000
  6.800E+02 -1.738E+02  0.000E+00  0.0000
 -6.800E+02 -1.345E+02  0.000E+00  0.0000
 -6.400E+02 -1.345E+02  0.000E+00  0.0000
 -6.000E+02 -1.345E+02  0.000E+00  0.0000
 -5.600E+02 -1.345E+02  0.000E+00  0.0000
 -5.200E+02 -1.345E+02  0.000E+00  0.0000
 -4.800E+02 -1.345E+02  0.000E+00  0.0000
 -4.400E+02 -1.345E+02  0.000E+00  0.0000
 -4.000E+02 -1.345E+02  0.000E+00  0.0000
 -3.600E+02 -1.345E+02  0.000E+00  0.0000
 -3.200E+02 -1.345E+02  0.000E+00  0.0000
 -2.800E+02 -1.345E+02  0.000E+00  0.0000
 -2.400E+02 -1.345E+02  0.000E+00  0.0000
 -2.000E+02 -1.345E+02  0.000E+00  0.0000
 -1.600E+02 -1.345E+02  0.000E+00  0.0000
 -1.200E+02 -1.345E+02  0.000E+00  0.0000
 -8.000E+01 -1.345E+02  0.000E+00  0.0000
 -4.000E+01 -1.345E+02  0.000E+00  0.0000
  0.000E+00 -1.345E+02  0.000E+00  0.0000
  4.000E+01 -1.345E+02  0.000E+00  0.0000
  8.000E+01 -1.345E+02  0.000E+00  0.0000
  1.200E+02 -1.345E+02  0.000E+00  0.0000
  1.600E+02 -1.345E+02  0.000E+00  0.0000
  2.000E+02 -1.345E+02  0.000E+00  0.0000
  2.400E+02 -1.345E+02  0.000E+00  0.0000
  2.800E+02 -1.345E+02  0.000E+00  0.0000
  3.200E+02 -1.345E+02  0.000E+00  0.0000
  3.600E+02 -1.345E+02  0.000E+00  0.0000
  4.000E+02 -1.345E+02  0.000E+00  0.0000
  4.400E+02 -1.345E+02  0.000E+00  0.0000
  4.800E+02 -1.345E+02  0.000E+00  0.0000
  5.200E+02 -1.345E+02  0.000E+00  0.0000
  5.600E+02 -1.345E+02  0.000E+00  0.0000
  6.000E+02 -1.345E+02  0.000E+00  0.0000
  6.400E+02 -1.345E+02  0.000E+00  0.0000
  6.800E+02 -1.345E+02  0.000E+00  0.0000
 -6.800E+02 -9.511E+01  0.000E+00  0.0000
 -6.400E+02 -9.511E+01  0.000E+00  0.0000
 -6.000E+02 -9.511E+01  0.000E+00  0.0000
 -5.600E+02 -9.511E+01  0.000E+00  0.0000
 -5.200E+02 -9.511E+01  0.000E+00  0.0000
 -4.800E+02 -9.511E+01  0.000E+00  0.0000
 -4.400E+02 -9.511E+01  0.000E+00  0.0000
 -4.000E+02 -9.511E+01  0.000E+00  0.0000
 -3.600E+02 -9.511E+01  0.000E+00  0.0000
 -3.200E+02 -9.511E+01  0.000E+00  0.0000
 -2.800E+02 -9.511E+01  0.000E+00  0.0000
 -2.400E+02 -9.511E+01  0.000E+00  0.0000
 -2.000E+02 -9.511E+01  0.000E+00  0.0000
 -1.600E+02 -9.511E+01  0.000E+00  0.0000
 -1.200E+02 -9.511E+01  0.000E+00  0.0000
 -8.000E+01 -9.511E+01  0.000E+00  0.0000
 -4.000E+01 -9.511E+01  0.000E+00  0.0000
  0.000E+00 -9.511E+01  0.000E+00  0.0000
  4.000E+01 -9.511E+01  0.000E+00  0.0000
  8.000E+01 -9.511E+01  0.000E+00  0.0000
  1.200E+02 -9.511E+01  0.000E+00  0.0000
  1.600E+02 -9.511E+01  0.000E+00  0.0000
  2.000E+02 -9.511E+01  0.000E+00  0.0000
  2.400E+02 -9.511E+01  0.000E+00  0.0000
  2.800E+02 -9.511E+01  0.000E+00  0.0000
  3.200E+02 -9.511E+01  0.000E+00  0.0000
  3.600E+02 -9.511E+01  0.000E+00  0.0000
  4.000E+02 -9.511E+01  0.000E+00  0.0000
  4.400E+02 -9.511E+01  0.000E+00  0.0000
  4.800E+02 -9.511E+01  0.000E+00  0.0000
  5.200E+02 -9.511E+01  0.000E+00  0.0000
  5.600E+02 -9.511E+01  0.000E+00  0.0000
  6.000E+02 -9.511E+01  0.000E+00  0.0000
  6.400E+02 -9.511E+01  0.000E+00  0.0000
  6.800E+02 -9.511E+01  0.000E+00  0.0000
 -6.800E+02 -5.576E+01  0.000E+00  0.0000
 -6.400E+02 -5.576E+01  0.000E+00  0.0000
 -6.000E+02 -5.576E+01  0.000E+00  0.0000
 -5.600E+02 -5.576E+01  0.000E+00  0.0000
 -5.200E+02 -5.576E+01  0.000E+00  0.0000
 -4.800E+02 -5.576E+01  0.000E+00  0.0000
 -4.400E+02 -5.576E+01  0.000E+00  0.0000
 -4.000E+02 -5.576E+01  0.000E+00  0.0000
 -3.600E+02 -5.576E+01  0.000E+00  0.0000
 -3.200E+02 -5.576E+01  0.000E+00  0.0000
 -2.800E+02 -5.576E+01  0.000E+00  0.0000
 -2.400E+02 -5.576E+01  0.000E+00  0.0000
 -2.000E+02 -5.576E+01  0.000E+00  0.0000
 -1.600E+02 -5.576E+01  0.000E+00  0.0000
 -1.200E+02 -5.576E+01  0.000E+00  0.0000
 -8.000E+01 -5.576E+01  0.000E+00  0.0000
 -4.000E+01 -5.576E+01  0.000E+00  0.0000
  0.000E+00 -5.576E+01  0.000E+00  0.0000
  4.000E+01 -5.576E+01  0.000E+00  0.0000
  8.000E+01 -5.576E+01  0.000E+00  0.0000
  1.200E+02 -5.576E+01  0.000E+00  0.0000
  1.600E+02 -5.576E+01  0.000E+00  0.0000
  2.000E+02 -5.576E+01  0.000E+00  0.0000
  2.400E+02 -5.576E+01  0.000E+00  0.0000
  2.800E+02 -5.576E+01  0.000E+00  0.0000
  3.200E+02 -5.576E+01  0.000E+00  0.0000
  3.600E+02 -5.576E+01  0.000E+00  0.0000
  4.000E+02 -5.576E+01  0.000E+00  0.0000
  4.400E+02 -5.576E+01  0.000E+00  0.0000
  4.800E+02 -5.576E+01  0.000E+00  0.0000
  5.200E+02 -5.576E+01  0.000E+00  0.0000
  5.600E+02 -5.576E+01  0.000E+00  0.0000
  6.000E+02 -5.576E+01  0.000E+00  0.0000
  6.400E+02 -5.576E+01  0.000E+00  0.0000
  6.800E+02 -5.576E+01  0.000E+00  0.0000
 -6.800E+02 -1.641E+01  0.000E+00  0.0000
 -6.400E+02 -1.641E+01  0.000E+00  0.0000
 -6.000E+02 -1.641E+01  0.000E+00  0.0000
 -5.600E+02 -1.641E+01  0.000E+00  0.0000
 -5.200E+02 -1.641E+01  0.000E+00  0.0000
 -4.800E+02 -1.641E+01  0.000E+00  0.0000
 -4.400E+02 -1.641E+01  0.000E+00  0.0000
 -4.000E+02 -1.641E+01  0.000E+00  0.0000
 -3.600E+02 -1.641E+01  0.000E+00  0.0000
 -3.200E+02 -1.641E+01  0.000E+00  0.0000
 -2.800E+02 -1.641E+01  0.000E+00  0.0000
 -2.400E+02 -1.641E+01  0.000E+00  0.0000
 -2.000E+02 -1.641E+01  0.000E+00  0.0000
 -1.600E+02 -1.641E+01  0.000E+00  0.0000
 -1.200E+02 -1.641E+01  0.000E+00  0.0000
 -8.000E+01 -1.641E+01  0.000E+00  0.0000
 -4.000E+01 -1.641E+01  0.000E+00  0.0000
  0.000E+00 -1.641E+01  0.000E+00  0.0000
  4.000E+01 -1.641E+01  0.000E+00  0.0000
  8.000E+01 -1.641E+01  0.000E+00  0.0000
  1.200E+02 -1.641E+01  0.000E+00  0.0000
  1.600E+02 -1.641E+01  0.000E+00  0.0000
  2.000E+02 -1.641E+01  0.000E+00  0.0000
  2.400E+02 -1.641E+01  0.000E+00  0.0000
  2.800E+02 -1.641E+01  0.000E+00  0.0000
  3.200E+02 -1.641E+01  0.000E+00  0.0000
  3.600E+02 -1.641E+01  0.000E+00  0.0000
  4.000E+02 -1.641E+01  0.000E+00  0.0000
  4.400E+02 -1.641E+01  0.000E+00  0.0000
  4.800E+02 -1.641E+01  0.000E+00  0.0000
  5.200E+02 -1.641E+01  0.000E+00  0.0000
  5.600E+02 -1.641E+01  0.000E+00  0.0000
  6.000E+02 -1.641E+01  0.000E+00  0.0000
  6.400E+02 -1.641E+01  0.000E+00  0.0000
  6.800E+02 -1.641E+01  0.000E+00  0.0000
 -6.800E+02  2.293E+01  0.000E+00  0.0000
 -6.400E+02  2.293E+01  0.000E+00  0.0000
 -6.000E+02  2.293E+01  0.000E+00  0.0000
 -5.600E+02  2.293E+01  0.000E+00  0.0000
 -5.200E+02  2.293E+01  0.000E+00  0.0000
 -4.800E+02  2.293E+01  0.000E+00  0.0000
 -4.400E+02  2.293E+01  0.000E+00  0.0000
 -4.000E+02  2.293E+01  0.000E+00  0.0000
 -3.600E+02  2.293E+01  0.000E+00  0.0000
 -3.200E+02  2.293E+01  0.000E+00  0.0000
 -2.800E+02  2.293E+01  0.000E+00  0.0000
 -2.400E+02  2.293E+01  0.000E+00  0.0000
 -2.000E+02  2.293E+01  0.000E+00  0.0000
 -1.600E+02  2.293E+01  0.000E+00  0.0000
 -1.200E+02  2.293E+01  0.000E+00  0.0000
 -8.000E+01  2.293E+01  0.000E+00  0.0000
 -4.000E+01  2.293E+01  0.000E+00  0.0000
  0.000E+00  2.293E+01  0.000E+00  0.0000
  4.000E+01  2.293E+01  0.000E+00  0.0000
  8.000E+01  2.293E+01  0.000E+00  0.0000
  1.200E+02  2.293E+01  0.000E+00  0.0000
  1.600E+02  2.293E+01  0.000E+00  0.0000
  2.000E+02  2.293E+01  0.000E+00  0.0000
  2.400E+02  2.293E+01  0.000E+00  0.0000
  2.800E+02  2.293E+01  0.000E+00  0.0000
  3.200E+02  2.293E+01  0.000E+00  0.0000
  3.600E+02  2.293E+01  0.000E+00  0.0000
  4.000E+02  2.293E+01  0.000E+00  0.0000
  4.400E+02  2.293E+01  0.000E+00  0.0000
  4.800E+02  2.293E+01  0.000E+00  0.0000
  5.200E+02  2.293E+01  0.000E+00  0.0000
  5.600E+02  2.293E+01  0.000E+00  0.0000
  6.000E+02  2.293E+01  0.000E+00  0.0000
  6.400E+02  2.293E+01  0.000E+00  0.0000
  6.800E+02  2.293E+01  0.000E+00  0.0000
 -6.800E+02  6.228E+01  0.000E+00  0.0000
 -6.400E+02  6.228E+01  0.000E+00  0.0000
 -6.000E+02  6.228E+01  0.000E+00  0.0000
 -5.600E+02  6.228E+01  0.000E+00  0.0000
 -5.200E+02  6.228E+01  0.000E+00  0.0000
 -4.800E+02  6.228E+01  0.000E+00  0.0000
 -4.400E+02  6.228E+01  0.000E+00  0.0000
 -4.000E+02  6.228E+01  0.000E+00  0.0000
 -3.600E+02  6.228E+01  0.000E+00  0.0000
 -3.200E+02  6.228E+01  0.000E+00  0.0000
 -2.800E+02  6.228E+01  0.000E+00  0.0000
 -2.400E+02  6.228E+01  0.000E+00  0.0000
 -2.000E+02  6.228E+01  0.000E+00  0.0000
 -1.600E+02  6.228E+01  0.000E+00  0.0000
 -1.200E+02  6.228E+01  0.000E+00  0.0000
 -8.000E+01  6.228E+01  0.000E+00  0.0000
 -4.000E+01  6.228E+01  0.000E+00  0.0000
  0.000E+00  6.228E+01  0.000E+00  0.0000
  4.000E+01  6.228E+01  0.000E+00  0.0000
  8.000E+01  6.228E+01  0.000E+00  0.0000
  1.200E+02  6.228E+01  0.000E+00  0.0000
  1.600E+02  6.228E+01  0.000E+00  0.0000
  2.000E+02  6.228E+01  0.000E+00  0.0000
  2.400E+02  6.228E+01  0.000E+00  0.0000
  2.800E+02  6.228E+01  0.000E+00  0.0000
  3.200E+02  6.228E+01  0.000E+00  0.0000
  3.600E+02  6.228E+01  0.000E+00  0.0000
  4.000E+02  6.228E+01  0.000E+00  0.0000
  4.400E+02  6.228E+01  0.000E+00  0.0000
  4.800E+02  6.228E+01  0.000E+00  0.0000
  5.200E+02  6.228E+01  0.000E+00  0.0000
  5.600E+02  6.228E+01  0.000E+00  0.0000
  6.000E+02  6.228E+01  0.000E+00  0.0000
  6.400E+02  6.228E+01  0.000E+00  0.0000
  6.800E+02  6.228E+01  0.000E+00  0.0000
 -6.800E+02  1.016E+02  0.000E+00  0.0000
 -6.400E+02  1.016E+02  0.000E+00  0.0000
 -6.000E+02  1.016E+02  0.000E+00  0.0000
 -5.600E+02  1.016E+02  0.000E+00  0.0000
 -5.200E+02  1.016E+02  0.000E+00  0.0000
 -4.800E+02  1.016E+02  0.000E+00  0.0000
 -4.400E+02  1.016E+02  0.000E+00  0.0000
 -4.000E+02  1.016E+02  0.000E+00  0.0000
 -3.600E+02  1.016E+02  0.000E+00  0.0000
 -3.200E+02  1.016E+02  0.000E+00  0.0000
 -2.800E+02  1.016E+02  0.000E+00  0.0000
 -2.400E+02  1.016E+02  0.000E+00  0.0000
 -2.000E+02  1.016E+02  0.000E+00  0.0000
 -1.600E+02  1.016E+02  0.000E+00  0.0000
 -1.200E+02  1.016E+02  0.000E+00  0.0000
 -8.000E+01  1.016E+02  0.000E+00  0.0000
 -4.000E+01  1.016E+02  0.000E+00  0.0000
  0.000E+00  1.016E+02  0.000E+00  0.0000
  4.000E+01  1.016E+02  0.000E+00  0.0000
  8.000E+01  1.016E+02  0.000E+00  0.0000
  1.200E+02  1.016E+02  0.000E+00  0.0000
  1.600E+02  1.016E+02  0.000E+00  0.0000
  2.000E+02  1.016E+02  0.000E+00  0.0000
  2.400E+02  1.016E+02  0.000E+00  0.0000
  2.800E+02  1.016E+02  0.000E+00  0.0000
  3.200E+02  1.016E+02  0.000E+00  0.0000
  3.600E+02  1.016E+02  0.000E+00  0.0000
  4.000E+02  1.016E+02  0.000E+00  0.0000
  4.400E+02  1.016E+02  0.000E+00  0.0000
  4.800E+02  1.016E+02  0.000E+00  0.0000
  5.200E+02  1.016E+02  0.000E+00  0.0000
  5.600E+02  1.016E+02  0.000E+00  0.0000
  6.000E+02  1.016E+02  0.000E+00  0.0000
  6.400E+02  1.016E+02  0.000E+00  0.0000
  6.800E+02  1.016E+02  0.000E+00  0.0000
 -6.800E+02  1.410E+02  0.000E+00  0.0000
 -6.400E+02  1.410E+02  0.000E+00  0.0000
 -6.000E+02  1.410E+02  0.000E+00  0.0000
 -5.600E+02  1.410E+02  0.000E+00  0.0000
 -5.200E+02  1.410E+02  0.000E+00  0.0000
 -4.800E+02  1.410E+02  0.000E+00  0.0000
 -4.400E+02  1.410E+02  0.000E+00  0.0000
 -4.000E+02  1.410E+02  0.000E+00  0.0000
 -3.600E+02  1.410E+02  0.000E+00  0.0000
 -3.200E+02  1.410E+02  0.000E+00  0.0000
 -2.800E+02  1.410E+02  0.000E+00  0.0000
 -2.400E+02  1.410E+02  0.000E+00  0.0000
 -2.000E+02  1.410E+02  0.000E+00  0.0000
 -1.600E+02  1.410E+02  0.000E+00  0.0000
 -1.200E+02  1.410E+02  0.000E+00  0.0000
 -8.000E+01  1.410E+02  0.000E+00  0.0000
 -4.000E+01  1.410E+02  0.000E+00  0.0000
  0.000E+00  1.410E+02  0.000E+00  0.0000
  4.000E+01  1.410E+02  0.000E+00  0.0000
  8.000E+01  1.410E+02  0.000E+00  0.0000
  1.200E+02  1.410E+02  0.000E+00  0.0000
  1.600E+02  1.410E+02  0.000E+00  0.0000
  2.000E+02  1.410E+02  0.000E+00  0.0000
  2.400E+02  1.410E+02  0.000E+00  0.0000
  2.800E+02  1.410E+02  0.000E+00  0.0000
  3.200E+02  1.410E+02  0.000E+00  0.0000
  3.600E+02  1.410E+02  0.000E+00  0.0000
  4.000E+02  1.410E+02  0.000E+00  0.0000
  4.400E+02  1.410E+02  0.000E+00  0.0000
  4.800E+02  1.410E+02  0.000E+00  0.0000
  5.200E+02  1.410E+02  0.000E+00  0.0000
  5.600E+02  1.410E+02  0.000E+00  0.0000
  6.000E+02  1.410E+02  0.000E+00  0.0000
  6.400E+02  1.410E+02  0.000E+00  0.0000
  6.800E+02  1.410E+02  0.000E+00  0.0000
 -6.800E+02  1.803E+02  0.000E+00  0.0000
 -6.400E+02  1.803E+02  0.000E+00  0.0000
 -6.000E+02  1.803E+02  0.000E+00  0.0000
 -5.600E+02  1.803E+02  0.000E+00  0.0000
 -5.200E+02  1.803E+02  0.000E+00  0.0000
 -4.800E+02  1.803E+02  0.000E+00  0.0000
 -4.400E+02  1.803E+02  0.000E+00  0.0000
 -4.000E+02  1.803E+02  0.000E+00  0.0000
 -3.600E+02  1.803E+02  0.000E+00  0.0000
 -3.200E+02  1.803E+02  0.000E+00  0.0000
 -2.800E+02  1.803E+02  0.000E+00  0.0000
 -2.400E+02  1.803E+02  0.000E+00  0.0000
 -2.000E+02  1.803E+02  0.000E+00  0.0000
 -1.600E+02  1.803E+02  0.000E+00  0.0000
 -1.200E+02  1.803E+02  0.000E+00  0.0000
 -8.000E+01  1.803E+02  0.000E+00  0.0000
 -4.000E+01  1.803E+02  0.000E+00  0.0000
  0.000E+00  1.803E+02  0.000E+00  0.0000
  4.000E+01  1.803E+02  0.000E+00  0.0000
  8.000E+01  1.803E+02  0.000E+00  0.0000
  1.200E+02  1.803E+02  0.000E+00  0.0000
  1.600E+02  1.803E+02  0.000E+00  0.0000
  2.000E+02  1.803E+02  0.000E+00  0.0000
  2.400E+02  1.803E+02  0.000E+00  0.0000
  2.800E+02  1.803E+02  0.000E+00  0.0000
  3.200E+02  1.803E+02  0.000E+00  0.0000
  3.600E+02  1.803E+02  0.000E+00  0.0000
  4.000E+02  1.803E+02  0.000E+00  0.0000
  4.400E+02  1.803E+02  0.000E+00  0.0000
  4.800E+02  1.803E+02  0.000E+00  0.0000
  5.200E+02  1.803E+02  0.000E+00  0.0000
  5.600E+02  1.803E+02  0.000E+00  0.0000
  6.000E+02  1.803E+02  0.000E+00  0.0000
  6.400E+02  1.803E+02  0.000E+00  0.0000
  6.800E+02  1.803E+02  0.000E+00  0.0000

#------------------------------------------------------------------------------
 newpage:
#   no. =  6   ie  =  2   iy  =  1   part. = muon-   
#   e = (   5.0000E-07  -   1.0000E-01  )
#   y = (  -1.0000E+03  -   1.0000E+03  )
#  nx =  35   nz =  23

# x          z          flux       r.err
 -6.800E+02 -6.853E+02  0.000E+00  0.0000
 -6.400E+02 -6.853E+02  0.000E+00  0.0000
 -6.000E+02 -6.853E+02  0.000E+00  0.0000
 -5.600E+02 -6.853E+02  5.425E-10  1.0000
 -5.200E+02 -6.853E+02  1.090E-09  0.7070
 -4.800E+02 -6.853E+02  0.000E+00  0.0000
 -4.400E+02 -6.853E+02  5.449E-10  1.0000
 -4.000E+02 -6.853E+02  0.000E+00  0.0000
 -3.600E+02 -6.853E+02  0.000E+00  0.0000
 -3.200E+02 -6.853E+02  0.000E+00  0.0000
 -2.800E+02 -6.853E+02  0.000E+00  0.0000
 -2.400E+02 -6.853E+02  0.000E+00  0.0000
 -2.000E+02 -6.853E+02  0.000E+00  0.0000
 -1.600E+02 -6.853E+02  0.000E+00  0.0000
 -1.200E+02 -6.853E+02  0.000E+00  0.0000
 -8.000E+01 -6.853E+02  0.000E+00  0.0000
 -4.000E+01 -6.853E+02  0.000E+00  0.0000
  0.000E+00 -6.853E+02  0.000E+00  0.0000
  4.000E+01 -6.853E+02  1.087E-09  0.7070
  8.000E+01 -6.853E+02  5.418E-10  1.0000
  1.200E+02 -6.853E+02  5.443E-10  1.0000
  1.600E+02 -6.853E+02  0.000E+00  0.0000
  2.000E+02 -6.853E+02  0.000E+00  0.0000
  2.400E+02 -6.853E+02  5.442E-10  1.0000
  2.800E+02 -6.853E+02  0.000E+00  0.0000
  3.200E+02 -6.853E+02  1.090E-09  0.7070
  3.600E+02 -6.853E+02  1.089E-09  0.7070
  4.000E+02 -6.853E+02  0.000E+00  0.0000
  4.400E+02 -6.853E+02  0.000E+00  0.0000
  4.800E+02 -6.853E+02  0.000E+00  0.0000
  5.200E+02 -6.853E+02  5.446E-10  1.0000
  5.600E+02 -6.853E+02  0.000E+00  0.0000
  6.000E+02 -6.853E+02  5.449E-10  1.0000
  6.400E+02 -6.853E+02  0.000E+00  0.0000
  6.800E+02 -6.853E+02  5.446E-10  1.0000
 -6.800E+02 -6.460E+02  0.000E+00  0.0000
 -6.400E+02 -6.460E+02  5.449E-10  1.0000
 -6.000E+02 -6.460E+02  0.000E+00  0.0000
 -5.600E+02 -6.460E+02  0.000E+00  0.0000
 -5.200E+02 -6.460E+02  5.445E-10  1.0000
 -4.800E+02 -6.460E+02  5.426E-10  1.0000
 -4.400E+02 -6.460E+02  2.721E-09  0.4470
 -4.000E+02 -6.460E+02  0.000E+00  0.0000
 -3.600E+02 -6.460E+02  5.449E-10  1.0000
 -3.200E+02 -6.460E+02  5.449E-10  1.0000
 -2.800E+02 -6.460E+02  1.634E-09  0.5772
 -2.400E+02 -6.460E+02  1.090E-09  0.7070
 -2.000E+02 -6.460E+02  5.424E-10  1.0000
 -1.600E+02 -6.460E+02  5.449E-10  1.0000
 -1.200E+02 -6.460E+02  1.090E-09  0.7070
 -8.000E+01 -6.460E+02  0.000E+00  0.0000
 -4.000E+01 -6.460E+02  0.000E+00  0.0000
  0.000E+00 -6.460E+02  0.000E+00  0.0000
  4.000E+01 -6.460E+02  0.000E+00  0.0000
  8.000E+01 -6.460E+02  0.000E+00  0.0000
  1.200E+02 -6.460E+02  0.000E+00  0.0000
  1.600E+02 -6.460E+02  0.000E+00  0.0000
  2.000E+02 -6.460E+02  5.426E-10  1.0000
  2.400E+02 -6.460E+02  0.000E+00  0.0000
  2.800E+02 -6.460E+02  0.000E+00  0.0000
  3.200E+02 -6.460E+02  5.449E-10  1.0000
  3.600E+02 -6.460E+02  0.000E+00  0.0000
  4.000E+02 -6.460E+02  0.000E+00  0.0000
  4.400E+02 -6.460E+02  1.090E-09  0.7070
  4.800E+02 -6.460E+02  0.000E+00  0.0000
  5.200E+02 -6.460E+02  5.449E-10  1.0000
  5.600E+02 -6.460E+02  0.000E+00  0.0000
  6.000E+02 -6.460E+02  5.447E-10  1.0000
  6.400E+02 -6.460E+02  0.000E+00  0.0000
  6.800E+02 -6.460E+02  0.000E+00  0.0000
 -6.800E+02 -6.066E+02  5.444E-10  1.0000
 -6.400E+02 -6.066E+02  0.000E+00  0.0000
 -6.000E+02 -6.066E+02  0.000E+00  0.0000
 -5.600E+02 -6.066E+02  1.089E-09  0.7070
 -5.200E+02 -6.066E+02  2.179E-09  0.4998
 -4.800E+02 -6.066E+02  0.000E+00  0.0000
 -4.400E+02 -6.066E+02  1.634E-09  0.5772
 -4.000E+02 -6.066E+02  0.000E+00  0.0000
 -3.600E+02 -6.066E+02  1.634E-09  0.5772
 -3.200E+02 -6.066E+02  0.000E+00  0.0000
 -2.800E+02 -6.066E+02  0.000E+00  0.0000
 -2.400E+02 -6.066E+02  0.000E+00  0.0000
 -2.000E+02 -6.066E+02  0.000E+00  0.0000
 -1.600E+02 -6.066E+02  1.088E-09  0.7070
 -1.200E+02 -6.066E+02  1.089E-09  0.7070
 -8.000E+01 -6.066E+02  0.000E+00  0.0000
 -4.000E+01 -6.066E+02  5.448E-10  1.0000
  0.000E+00 -6.066E+02  1.090E-09  0.7070
  4.000E+01 -6.066E+02  0.000E+00  0.0000
  8.000E+01 -6.066E+02  1.635E-09  0.5772
  1.200E+02 -6.066E+02  5.449E-10  1.0000
  1.600E+02 -6.066E+02  5.449E-10  1.0000
  2.000E+02 -6.066E+02  1.089E-09  0.7070
  2.400E+02 -6.066E+02  0.000E+00  0.0000
  2.800E+02 -6.066E+02  1.090E-09  0.7070
  3.200E+02 -6.066E+02  1.630E-09  0.5772
  3.600E+02 -6.066E+02  1.090E-09  0.7070
  4.000E+02 -6.066E+02  0.000E+00  0.0000
  4.400E+02 -6.066E+02  1.634E-09  0.5772
  4.800E+02 -6.066E+02  0.000E+00  0.0000
  5.200E+02 -6.066E+02  5.424E-10  1.0000
  5.600E+02 -6.066E+02  5.449E-10  1.0000
  6.000E+02 -6.066E+02  5.449E-10  1.0000
  6.400E+02 -6.066E+02  5.446E-10  1.0000
  6.800E+02 -6.066E+02  0.000E+00  0.0000
 -6.800E+02 -5.673E+02  0.000E+00  0.0000
 -6.400E+02 -5.673E+02  0.000E+00  0.0000
 -6.000E+02 -5.673E+02  1.089E-09  0.7070
 -5.600E+02 -5.673E+02  1.635E-09  0.5772
 -5.200E+02 -5.673E+02  5.446E-10  1.0000
 -4.800E+02 -5.673E+02  5.449E-10  1.0000
 -4.400E+02 -5.673E+02  0.000E+00  0.0000
 -4.000E+02 -5.673E+02  0.000E+00  0.0000
 -3.600E+02 -5.673E+02  1.089E-09  0.7070
 -3.200E+02 -5.673E+02  5.449E-10  1.0000
 -2.800E+02 -5.673E+02  5.449E-10  1.0000
 -2.400E+02 -5.673E+02  0.000E+00  0.0000
 -2.000E+02 -5.673E+02  0.000E+00  0.0000
 -1.600E+02 -5.673E+02  1.635E-09  0.5772
 -1.200E+02 -5.673E+02  0.000E+00  0.0000
 -8.000E+01 -5.673E+02  5.446E-10  1.0000
 -4.000E+01 -5.673E+02  1.090E-09  0.7070
  0.000E+00 -5.673E+02  1.089E-09  0.7070
  4.000E+01 -5.673E+02  0.000E+00  0.0000
  8.000E+01 -5.673E+02  5.446E-10  1.0000
  1.200E+02 -5.673E+02  0.000E+00  0.0000
  1.600E+02 -5.673E+02  0.000E+00  0.0000
  2.000E+02 -5.673E+02  0.000E+00  0.0000
  2.400E+02 -5.673E+02  1.090E-09  0.7070
  2.800E+02 -5.673E+02  5.448E-10  1.0000
  3.200E+02 -5.673E+02  5.449E-10  1.0000
  3.600E+02 -5.673E+02  0.000E+00  0.0000
  4.000E+02 -5.673E+02  0.000E+00  0.0000
  4.400E+02 -5.673E+02  1.089E-09  0.7070
  4.800E+02 -5.673E+02  0.000E+00  0.0000
  5.200E+02 -5.673E+02  5.449E-10  1.0000
  5.600E+02 -5.673E+02  1.635E-09  0.5772
  6.000E+02 -5.673E+02  0.000E+00  0.0000
  6.400E+02 -5.673E+02  2.180E-09  0.4998
  6.800E+02 -5.673E+02  0.000E+00  0.0000
 -6.800E+02 -5.279E+02  0.000E+00  0.0000
 -6.400E+02 -5.279E+02  5.446E-10  1.0000
 -6.000E+02 -5.279E+02  5.449E-10  1.0000
 -5.600E+02 -5.279E+02  1.634E-09  0.5772
 -5.200E+02 -5.279E+02  5.449E-10  1.0000
 -4.800E+02 -5.279E+02  0.000E+00  0.0000
 -4.400E+02 -5.279E+02  5.449E-10  1.0000
 -4.000E+02 -5.279E+02  1.088E-09  0.7070
 -3.600E+02 -5.279E+02  0.000E+00  0.0000
 -3.200E+02 -5.279E+02  0.000E+00  0.0000
 -2.800E+02 -5.279E+02  0.000E+00  0.0000
 -2.400E+02 -5.279E+02  5.448E-10  1.0000
 -2.000E+02 -5.279E+02  0.000E+00  0.0000
 -1.600E+02 -5.279E+02  1.090E-09  0.7070
 -1.200E+02 -5.279E+02  0.000E+00  0.0000
 -8.000E+01 -5.279E+02  5.449E-10  1.0000
 -4.000E+01 -5.279E+02  0.000E+00  0.0000
  0.000E+00 -5.279E+02  0.000E+00  0.0000
  4.000E+01 -5.279E+02  5.444E-10  1.0000
  8.000E+01 -5.279E+02  1.090E-09  0.7070
  1.200E+02 -5.279E+02  1.090E-09  0.7070
  1.600E+02 -5.279E+02  0.000E+00  0.0000
  2.000E+02 -5.279E+02  0.000E+00  0.0000
  2.400E+02 -5.279E+02  5.449E-10  1.0000
  2.800E+02 -5.279E+02  1.087E-09  0.7070
  3.200E+02 -5.279E+02  5.449E-10  1.0000
  3.600E+02 -5.279E+02  5.449E-10  1.0000
  4.000E+02 -5.279E+02  1.089E-09  0.7070
  4.400E+02 -5.279E+02  0.000E+00  0.0000
  4.800E+02 -5.279E+02  0.000E+00  0.0000
  5.200E+02 -5.279E+02  5.443E-10  1.0000
  5.600E+02 -5.279E+02  0.000E+00  0.0000
  6.000E+02 -5.279E+02  0.000E+00  0.0000
  6.400E+02 -5.279E+02  5.449E-10  1.0000
  6.800E+02 -5.279E+02  5.449E-10  1.0000
 -6.800E+02 -4.886E+02  5.368E-10  1.0000
 -6.400E+02 -4.886E+02  5.449E-10  1.0000
 -6.000E+02 -4.886E+02  2.179E-09  0.4998
 -5.600E+02 -4.886E+02  0.000E+00  0.0000
 -5.200E+02 -4.886E+02  0.000E+00  0.0000
 -4.800E+02 -4.886E+02  5.449E-10  1.0000
 -4.400E+02 -4.886E+02  5.449E-10  1.0000
 -4.000E+02 -4.886E+02  5.447E-10  1.0000
 -3.600E+02 -4.886E+02  0.000E+00  0.0000
 -3.200E+02 -4.886E+02  1.635E-09  0.5772
 -2.800E+02 -4.886E+02  0.000E+00  0.0000
 -2.400E+02 -4.886E+02  5.449E-10  1.0000
 -2.000E+02 -4.886E+02  5.422E-10  1.0000
 -1.600E+02 -4.886E+02  0.000E+00  0.0000
 -1.200E+02 -4.886E+02  1.089E-09  0.7070
 -8.000E+01 -4.886E+02  1.634E-09  0.5772
 -4.000E+01 -4.886E+02  0.000E+00  0.0000
  0.000E+00 -4.886E+02  0.000E+00  0.0000
  4.000E+01 -4.886E+02  5.449E-10  1.0000
  8.000E+01 -4.886E+02  1.634E-09  0.5772
  1.200E+02 -4.886E+02  1.090E-09  0.7070
  1.600E+02 -4.886E+02  1.089E-09  0.7070
  2.000E+02 -4.886E+02  5.445E-10  1.0000
  2.400E+02 -4.886E+02  1.089E-09  0.7070
  2.800E+02 -4.886E+02  1.090E-09  0.7070
  3.200E+02 -4.886E+02  0.000E+00  0.0000
  3.600E+02 -4.886E+02  5.449E-10  1.0000
  4.000E+02 -4.886E+02  0.000E+00  0.0000
  4.400E+02 -4.886E+02  1.087E-09  0.7070
  4.800E+02 -4.886E+02  5.447E-10  1.0000
  5.200E+02 -4.886E+02  1.634E-09  0.5772
  5.600E+02 -4.886E+02  5.445E-10  1.0000
  6.000E+02 -4.886E+02  0.000E+00  0.0000
  6.400E+02 -4.886E+02  5.445E-10  1.0000
  6.800E+02 -4.886E+02  0.000E+00  0.0000
 -6.800E+02 -4.492E+02  0.000E+00  0.0000
 -6.400E+02 -4.492E+02  1.634E-09  0.5772
 -6.000E+02 -4.492E+02  2.724E-09  0.4470
 -5.600E+02 -4.492E+02  2.180E-09  0.4998
 -5.200E+02 -4.492E+02  5.448E-10  1.0000
 -4.800E+02 -4.492E+02  0.000E+00  0.0000
 -4.400E+02 -4.492E+02  5.445E-10  1.0000
 -4.000E+02 -4.492E+02  0.000E+00  0.0000
 -3.600E+02 -4.492E+02  5.449E-10  1.0000
 -3.200E+02 -4.492E+02  5.449E-10  1.0000
 -2.800E+02 -4.492E+02  1.090E-09  0.7070
 -2.400E+02 -4.492E+02  1.090E-09  0.7070
 -2.000E+02 -4.492E+02  5.445E-10  1.0000
 -1.600E+02 -4.492E+02  5.447E-10  1.0000
 -1.200E+02 -4.492E+02  1.635E-09  0.5772
 -8.000E+01 -4.492E+02  5.449E-10  1.0000
 -4.000E+01 -4.492E+02  5.425E-10  1.0000
  0.000E+00 -4.492E+02  0.000E+00  0.0000
  4.000E+01 -4.492E+02  1.635E-09  0.5772
  8.000E+01 -4.492E+02  1.089E-09  0.7070
  1.200E+02 -4.492E+02  5.447E-10  1.0000
  1.600E+02 -4.492E+02  1.089E-09  0.7070
  2.000E+02 -4.492E+02  1.090E-09  0.7070
  2.400E+02 -4.492E+02  0.000E+00  0.0000
  2.800E+02 -4.492E+02  0.000E+00  0.0000
  3.200E+02 -4.492E+02  1.635E-09  0.5772
  3.600E+02 -4.492E+02  0.000E+00  0.0000
  4.000E+02 -4.492E+02  0.000E+00  0.0000
  4.400E+02 -4.492E+02  1.635E-09  0.5772
  4.800E+02 -4.492E+02  5.449E-10  1.0000
  5.200E+02 -4.492E+02  5.449E-10  1.0000
  5.600E+02 -4.492E+02  5.449E-10  1.0000
  6.000E+02 -4.492E+02  0.000E+00  0.0000
  6.400E+02 -4.492E+02  5.449E-10  1.0000
  6.800E+02 -4.492E+02  5.449E-10  1.0000
 -6.800E+02 -4.099E+02  0.000E+00  0.0000
 -6.400E+02 -4.099E+02  5.449E-10  1.0000
 -6.000E+02 -4.099E+02  5.425E-10  1.0000
 -5.600E+02 -4.099E+02  5.449E-10  1.0000
 -5.200E+02 -4.099E+02  5.449E-10  1.0000
 -4.800E+02 -4.099E+02  5.447E-10  1.0000
 -4.400E+02 -4.099E+02  0.000E+00  0.0000
 -4.000E+02 -4.099E+02  0.000E+00  0.0000
 -3.600E+02 -4.099E+02  1.089E-09  0.7070
 -3.200E+02 -4.099E+02  1.087E-09  0.7070
 -2.800E+02 -4.099E+02  5.449E-10  1.0000
 -2.400E+02 -4.099E+02  1.088E-09  0.7070
 -2.000E+02 -4.099E+02  5.426E-10  1.0000
 -1.600E+02 -4.099E+02  1.090E-09  0.7070
 -1.200E+02 -4.099E+02  5.449E-10  1.0000
 -8.000E+01 -4.099E+02  0.000E+00  0.0000
 -4.000E+01 -4.099E+02  1.090E-09  0.7070
  0.000E+00 -4.099E+02  0.000E+00  0.0000
  4.000E+01 -4.099E+02  5.427E-10  1.0000
  8.000E+01 -4.099E+02  5.449E-10  1.0000
  1.200E+02 -4.099E+02  0.000E+00  0.0000
  1.600E+02 -4.099E+02  1.087E-09  0.7070
  2.000E+02 -4.099E+02  1.089E-09  0.7070
  2.400E+02 -4.099E+02  0.000E+00  0.0000
  2.800E+02 -4.099E+02  1.090E-09  0.7070
  3.200E+02 -4.099E+02  1.088E-09  0.7070
  3.600E+02 -4.099E+02  0.000E+00  0.0000
  4.000E+02 -4.099E+02  5.427E-10  1.0000
  4.400E+02 -4.099E+02  1.089E-09  0.7070
  4.800E+02 -4.099E+02  5.449E-10  1.0000
  5.200E+02 -4.099E+02  5.449E-10  1.0000
  5.600E+02 -4.099E+02  0.000E+00  0.0000
  6.000E+02 -4.099E+02  5.444E-10  1.0000
  6.400E+02 -4.099E+02  0.000E+00  0.0000
  6.800E+02 -4.099E+02  1.631E-09  0.5772
 -6.800E+02 -3.705E+02  0.000E+00  0.0000
 -6.400E+02 -3.705E+02  5.448E-10  1.0000
 -6.000E+02 -3.705E+02  5.449E-10  1.0000
 -5.600E+02 -3.705E+02  1.090E-09  0.7070
 -5.200E+02 -3.705E+02  1.087E-09  0.7070
 -4.800E+02 -3.705E+02  0.000E+00  0.0000
 -4.400E+02 -3.705E+02  5.449E-10  1.0000
 -4.000E+02 -3.705E+02  5.438E-10  1.0000
 -3.600E+02 -3.705E+02  5.449E-10  1.0000
 -3.200E+02 -3.705E+02  5.449E-10  1.0000
 -2.800E+02 -3.705E+02  1.089E-09  0.7070
 -2.400E+02 -3.705E+02  5.449E-10  1.0000
 -2.000E+02 -3.705E+02  5.449E-10  1.0000
 -1.600E+02 -3.705E+02  0.000E+00  0.0000
 -1.200E+02 -3.705E+02  0.000E+00  0.0000
 -8.000E+01 -3.705E+02  0.000E+00  0.0000
 -4.000E+01 -3.705E+02  0.000E+00  0.0000
  0.000E+00 -3.705E+02  0.000E+00  0.0000
  4.000E+01 -3.705E+02  0.000E+00  0.0000
  8.000E+01 -3.705E+02  0.000E+00  0.0000
  1.200E+02 -3.705E+02  0.000E+00  0.0000
  1.600E+02 -3.705E+02  5.449E-10  1.0000
  2.000E+02 -3.705E+02  5.446E-10  1.0000
  2.400E+02 -3.705E+02  0.000E+00  0.0000
  2.800E+02 -3.705E+02  5.417E-10  1.0000
  3.200E+02 -3.705E+02  0.000E+00  0.0000
  3.600E+02 -3.705E+02  1.632E-09  0.5772
  4.000E+02 -3.705E+02  0.000E+00  0.0000
  4.400E+02 -3.705E+02  1.088E-09  0.7070
  4.800E+02 -3.705E+02  1.089E-09  0.7070
  5.200E+02 -3.705E+02  0.000E+00  0.0000
  5.600E+02 -3.705E+02  5.448E-10  1.0000
  6.000E+02 -3.705E+02  1.089E-09  0.7070
  6.400E+02 -3.705E+02  0.000E+00  0.0000
  6.800E+02 -3.705E+02  0.000E+00  0.0000
 -6.800E+02 -3.312E+02  5.448E-10  1.0000
 -6.400E+02 -3.312E+02  1.090E-09  0.7070
 -6.000E+02 -3.312E+02  5.417E-10  1.0000
 -5.600E+02 -3.312E+02  5.445E-10  1.0000
 -5.200E+02 -3.312E+02  5.449E-10  1.0000
 -4.800E+02 -3.312E+02  1.089E-09  0.7070
 -4.400E+02 -3.312E+02  1.090E-09  0.7070
 -4.000E+02 -3.312E+02  1.089E-09  0.7070
 -3.600E+02 -3.312E+02  5.449E-10  1.0000
 -3.200E+02 -3.312E+02  5.449E-10  1.0000
 -2.800E+02 -3.312E+02  1.087E-09  0.7070
 -2.400E+02 -3.312E+02  5.449E-10  1.0000
 -2.000E+02 -3.312E+02  5.449E-10  1.0000
 -1.600E+02 -3.312E+02  5.447E-10  1.0000
 -1.200E+02 -3.312E+02  0.000E+00  0.0000
 -8.000E+01 -3.312E+02  0.000E+00  0.0000
 -4.000E+01 -3.312E+02  0.000E+00  0.0000
  0.000E+00 -3.312E+02  0.000E+00  0.0000
  4.000E+01 -3.312E+02  0.000E+00  0.0000
  8.000E+01 -3.312E+02  0.000E+00  0.0000
  1.200E+02 -3.312E+02  0.000E+00  0.0000
  1.600E+02 -3.312E+02  0.000E+00  0.0000
  2.000E+02 -3.312E+02  2.179E-09  0.4998
  2.400E+02 -3.312E+02  5.432E-10  1.0000
  2.800E+02 -3.312E+02  0.000E+00  0.0000
  3.200E+02 -3.312E+02  0.000E+00  0.0000
  3.600E+02 -3.312E+02  1.090E-09  0.7070
  4.000E+02 -3.312E+02  5.443E-10  1.0000
  4.400E+02 -3.312E+02  5.425E-10  1.0000
  4.800E+02 -3.312E+02  5.449E-10  1.0000
  5.200E+02 -3.312E+02  1.087E-09  0.7070
  5.600E+02 -3.312E+02  0.000E+00  0.0000
  6.000E+02 -3.312E+02  5.448E-10  1.0000
  6.400E+02 -3.312E+02  5.449E-10  1.0000
  6.800E+02 -3.312E+02  2.173E-09  0.4999
 -6.800E+02 -2.918E+02  0.000E+00  0.0000
 -6.400E+02 -2.918E+02  1.630E-09  0.5772
 -6.000E+02 -2.918E+02  0.000E+00  0.0000
 -5.600E+02 -2.918E+02  5.449E-10  1.0000
 -5.200E+02 -2.918E+02  5.447E-10  1.0000
 -4.800E+02 -2.918E+02  5.449E-10  1.0000
 -4.400E+02 -2.918E+02  5.442E-10  1.0000
 -4.000E+02 -2.918E+02  1.087E-09  0.7070
 -3.600E+02 -2.918E+02  1.089E-09  0.7070
 -3.200E+02 -2.918E+02  1.633E-09  0.5772
 -2.800E+02 -2.918E+02  5.443E-10  1.0000
 -2.400E+02 -2.918E+02  5.447E-10  1.0000
 -2.000E+02 -2.918E+02  1.087E-09  0.7070
 -1.600E+02 -2.918E+02  0.000E+00  0.0000
 -1.200E+02 -2.918E+02  0.000E+00  0.0000
 -8.000E+01 -2.918E+02  0.000E+00  0.0000
 -4.000E+01 -2.918E+02  0.000E+00  0.0000
  0.000E+00 -2.918E+02  0.000E+00  0.0000
  4.000E+01 -2.918E+02  0.000E+00  0.0000
  8.000E+01 -2.918E+02  0.000E+00  0.0000
  1.200E+02 -2.918E+02  0.000E+00  0.0000
  1.600E+02 -2.918E+02  5.449E-10  1.0000
  2.000E+02 -2.918E+02  2.179E-09  0.4999
  2.400E+02 -2.918E+02  0.000E+00  0.0000
  2.800E+02 -2.918E+02  5.449E-10  1.0000
  3.200E+02 -2.918E+02  5.424E-10  1.0000
  3.600E+02 -2.918E+02  5.449E-10  1.0000
  4.000E+02 -2.918E+02  0.000E+00  0.0000
  4.400E+02 -2.918E+02  1.089E-09  0.7070
  4.800E+02 -2.918E+02  0.000E+00  0.0000
  5.200E+02 -2.918E+02  0.000E+00  0.0000
  5.600E+02 -2.918E+02  1.634E-09  0.5772
  6.000E+02 -2.918E+02  5.449E-10  1.0000
  6.400E+02 -2.918E+02  0.000E+00  0.0000
  6.800E+02 -2.918E+02  1.634E-09  0.5772
 -6.800E+02 -2.525E+02  0.000E+00  0.0000
 -6.400E+02 -2.525E+02  2.176E-09  0.4999
 -6.000E+02 -2.525E+02  1.089E-09  0.7070
 -5.600E+02 -2.525E+02  1.089E-09  0.7070
 -5.200E+02 -2.525E+02  5.448E-10  1.0000
 -4.800E+02 -2.525E+02  1.090E-09  0.7070
 -4.400E+02 -2.525E+02  0.000E+00  0.0000
 -4.000E+02 -2.525E+02  1.086E-09  0.7070
 -3.600E+02 -2.525E+02  1.089E-09  0.7070
 -3.200E+02 -2.525E+02  1.089E-09  0.7070
 -2.800E+02 -2.525E+02  1.635E-09  0.5772
 -2.400E+02 -2.525E+02  1.634E-09  0.5772
 -2.000E+02 -2.525E+02  5.449E-10  1.0000
 -1.600E+02 -2.525E+02  9.231E-07  0.9994
 -1.200E+02 -2.525E+02  0.000E+00  0.0000
 -8.000E+01 -2.525E+02  0.000E+00  0.0000
 -4.000E+01 -2.525E+02  0.000E+00  0.0000
  0.000E+00 -2.525E+02  0.000E+00  0.0000
  4.000E+01 -2.525E+02  0.000E+00  0.0000
  8.000E+01 -2.525E+02  0.000E+00  0.0000
  1.200E+02 -2.525E+02  0.000E+00  0.0000
  1.600E+02 -2.525E+02  1.633E-09  0.5772
  2.000E+02 -2.525E+02  1.087E-09  0.7070
  2.400E+02 -2.525E+02  1.635E-09  0.5772
  2.800E+02 -2.525E+02  1.087E-09  0.7070
  3.200E+02 -2.525E+02  5.449E-10  1.0000
  3.600E+02 -2.525E+02  5.446E-10  1.0000
  4.000E+02 -2.525E+02  0.000E+00  0.0000
  4.400E+02 -2.525E+02  0.000E+00  0.0000
  4.800E+02 -2.525E+02  0.000E+00  0.0000
  5.200E+02 -2.525E+02  2.177E-09  0.4999
  5.600E+02 -2.525E+02  5.449E-10  1.0000
  6.000E+02 -2.525E+02  1.090E-09  0.7070
  6.400E+02 -2.525E+02  5.449E-10  1.0000
  6.800E+02 -2.525E+02  5.449E-10  1.0000
 -6.800E+02 -2.132E+02  1.090E-09  0.7070
 -6.400E+02 -2.132E+02  1.090E-09  0.7070
 -6.000E+02 -2.132E+02  5.449E-10  1.0000
 -5.600E+02 -2.132E+02  5.449E-10  1.0000
 -5.200E+02 -2.132E+02  5.442E-10  1.0000
 -4.800E+02 -2.132E+02  5.449E-10  1.0000
 -4.400E+02 -2.132E+02  0.000E+00  0.0000
 -4.000E+02 -2.132E+02  1.090E-09  0.7070
 -3.600E+02 -2.132E+02  1.634E-09  0.5772
 -3.200E+02 -2.132E+02  0.000E+00  0.0000
 -2.800E+02 -2.132E+02  1.632E-09  0.5772
 -2.400E+02 -2.132E+02  2.179E-09  0.4998
 -2.000E+02 -2.132E+02  1.090E-09  0.7070
 -1.600E+02 -2.132E+02  1.087E-09  0.7070
 -1.200E+02 -2.132E+02  0.000E+00  0.0000
 -8.000E+01 -2.132E+02  0.000E+00  0.0000
 -4.000E+01 -2.132E+02  0.000E+00  0.0000
  0.000E+00 -2.132E+02  0.000E+00  0.0000
  4.000E+01 -2.132E+02  0.000E+00  0.0000
  8.000E+01 -2.132E+02  0.000E+00  0.0000
  1.200E+02 -2.132E+02  0.000E+00  0.0000
  1.600E+02 -2.132E+02  2.179E-09  0.4998
  2.000E+02 -2.132E+02  5.449E-10  1.0000
  2.400E+02 -2.132E+02  5.449E-10  1.0000
  2.800E+02 -2.132E+02  5.449E-10  1.0000
  3.200E+02 -2.132E+02  5.449E-10  1.0000
  3.600E+02 -2.132E+02  1.090E-09  0.7070
  4.000E+02 -2.132E+02  1.633E-09  0.5772
  4.400E+02 -2.132E+02  5.448E-10  1.0000
  4.800E+02 -2.132E+02  5.449E-10  1.0000
  5.200E+02 -2.132E+02  1.634E-09  0.5772
  5.600E+02 -2.132E+02  0.000E+00  0.0000
  6.000E+02 -2.132E+02  5.447E-10  1.0000
  6.400E+02 -2.132E+02  0.000E+00  0.0000
  6.800E+02 -2.132E+02  5.433E-10  1.0000
 -6.800E+02 -1.738E+02  1.633E-09  0.5772
 -6.400E+02 -1.738E+02  1.635E-09  0.5772
 -6.000E+02 -1.738E+02  1.635E-09  0.5772
 -5.600E+02 -1.738E+02  2.178E-09  0.4999
 -5.200E+02 -1.738E+02  2.724E-09  0.4470
 -4.800E+02 -1.738E+02  2.724E-09  0.4470
 -4.400E+02 -1.738E+02  2.179E-09  0.4999
 -4.000E+02 -1.738E+02  5.449E-10  1.0000
 -3.600E+02 -1.738E+02  5.449E-10  1.0000
 -3.200E+02 -1.738E+02  5.447E-10  1.0000
 -2.800E+02 -1.738E+02  1.090E-09  0.7070
 -2.400E+02 -1.738E+02  1.090E-09  0.7070
 -2.000E+02 -1.738E+02  1.090E-09  0.7070
 -1.600E+02 -1.738E+02  0.000E+00  0.0000
 -1.200E+02 -1.738E+02  0.000E+00  0.0000
 -8.000E+01 -1.738E+02  0.000E+00  0.0000
 -4.000E+01 -1.738E+02  0.000E+00  0.0000
  0.000E+00 -1.738E+02  0.000E+00  0.0000
  4.000E+01 -1.738E+02  0.000E+00  0.0000
  8.000E+01 -1.738E+02  0.000E+00  0.0000
  1.200E+02 -1.738E+02  0.000E+00  0.0000
  1.600E+02 -1.738E+02  1.089E-09  0.7070
  2.000E+02 -1.738E+02  1.635E-09  0.5772
  2.400E+02 -1.738E+02  5.449E-10  1.0000
  2.800E+02 -1.738E+02  1.090E-09  0.7070
  3.200E+02 -1.738E+02  0.000E+00  0.0000
  3.600E+02 -1.738E+02  0.000E+00  0.0000
  4.000E+02 -1.738E+02  5.442E-10  1.0000
  4.400E+02 -1.738E+02  1.089E-09  0.7070
  4.800E+02 -1.738E+02  3.269E-09  0.4080
  5.200E+02 -1.738E+02  5.424E-10  1.0000
  5.600E+02 -1.738E+02  5.449E-10  1.0000
  6.000E+02 -1.738E+02  5.449E-10  1.0000
  6.400E+02 -1.738E+02  1.089E-09  0.7070
  6.800E+02 -1.738E+02  2.180E-09  0.4998
 -6.800E+02 -1.345E+02  5.426E-10  1.0000
 -6.400E+02 -1.345E+02  1.634E-09  0.5772
 -6.000E+02 -1.345E+02  1.087E-09  0.7070
 -5.600E+02 -1.345E+02  1.631E-09  0.5772
 -5.200E+02 -1.345E+02  1.634E-09  0.5772
 -4.800E+02 -1.345E+02  5.449E-10  1.0000
 -4.400E+02 -1.345E+02  2.176E-09  0.4999
 -4.000E+02 -1.345E+02  1.090E-09  0.7070
 -3.600E+02 -1.345E+02  5.446E-10  1.0000
 -3.200E+02 -1.345E+02  2.179E-09  0.4999
 -2.800E+02 -1.345E+02  1.634E-09  0.5772
 -2.400E+02 -1.345E+02  5.449E-10  1.0000
 -2.000E+02 -1.345E+02  1.090E-09  0.7070
 -1.600E+02 -1.345E+02  0.000E+00  0.0000
 -1.200E+02 -1.345E+02  0.000E+00  0.0000
 -8.000E+01 -1.345E+02  0.000E+00  0.0000
 -4.000E+01 -1.345E+02  0.000E+00  0.0000
  0.000E+00 -1.345E+02  0.000E+00  0.0000
  4.000E+01 -1.345E+02  0.000E+00  0.0000
  8.000E+01 -1.345E+02  0.000E+00  0.0000
  1.200E+02 -1.345E+02  0.000E+00  0.0000
  1.600E+02 -1.345E+02  1.090E-09  0.7070
  2.000E+02 -1.345E+02  5.449E-10  1.0000
  2.400E+02 -1.345E+02  2.176E-09  0.4999
  2.800E+02 -1.345E+02  2.178E-09  0.4999
  3.200E+02 -1.345E+02  1.089E-09  0.7070
  3.600E+02 -1.345E+02  5.449E-10  1.0000
  4.000E+02 -1.345E+02  1.090E-09  0.7070
  4.400E+02 -1.345E+02  1.087E-09  0.7070
  4.800E+02 -1.345E+02  1.632E-09  0.5772
  5.200E+02 -1.345E+02  5.426E-10  1.0000
  5.600E+02 -1.345E+02  1.635E-09  0.5772
  6.000E+02 -1.345E+02  5.448E-10  1.0000
  6.400E+02 -1.345E+02  1.090E-09  0.7070
  6.800E+02 -1.345E+02  0.000E+00  0.0000
 -6.800E+02 -9.511E+01  0.000E+00  0.0000
 -6.400E+02 -9.511E+01  1.090E-09  0.7070
 -6.000E+02 -9.511E+01  1.090E-09  0.7070
 -5.600E+02 -9.511E+01  5.448E-10  1.0000
 -5.200E+02 -9.511E+01  5.449E-10  1.0000
 -4.800E+02 -9.511E+01  1.090E-09  0.7070
 -4.400E+02 -9.511E+01  1.634E-09  0.5772
 -4.000E+02 -9.511E+01  3.814E-09  0.3777
 -3.600E+02 -9.511E+01  5.449E-10  1.0000
 -3.200E+02 -9.511E+01  1.634E-09  0.5772
 -2.800E+02 -9.511E+01  1.090E-09  0.7070
 -2.400E+02 -9.511E+01  1.090E-09  0.7070
 -2.000E+02 -9.511E+01  1.635E-09  0.5772
 -1.600E+02 -9.511E+01  1.634E-09  0.5772
 -1.200E+02 -9.511E+01  1.088E-09  0.7070
 -8.000E+01 -9.511E+01  5.449E-10  1.0000
 -4.000E+01 -9.511E+01  5.449E-10  1.0000
  0.000E+00 -9.511E+01  0.000E+00  0.0000
  4.000E+01 -9.511E+01  0.000E+00  0.0000
  8.000E+01 -9.511E+01  0.000E+00  0.0000
  1.200E+02 -9.511E+01  5.449E-10  1.0000
  1.600E+02 -9.511E+01  5.425E-10  1.0000
  2.000E+02 -9.511E+01  0.000E+00  0.0000
  2.400E+02 -9.511E+01  2.724E-09  0.4470
  2.800E+02 -9.511E+01  5.447E-10  1.0000
  3.200E+02 -9.511E+01  2.725E-09  0.4470
  3.600E+02 -9.511E+01  0.000E+00  0.0000
  4.000E+02 -9.511E+01  1.635E-09  0.5772
  4.400E+02 -9.511E+01  1.635E-09  0.5772
  4.800E+02 -9.511E+01  1.089E-09  0.7070
  5.200E+02 -9.511E+01  1.635E-09  0.5772
  5.600E+02 -9.511E+01  5.449E-10  1.0000
  6.000E+02 -9.511E+01  2.179E-09  0.4999
  6.400E+02 -9.511E+01  1.635E-09  0.5772
  6.800E+02 -9.511E+01  0.000E+00  0.0000
 -6.800E+02 -5.576E+01  1.635E-09  0.5772
 -6.400E+02 -5.576E+01  5.449E-10  1.0000
 -6.000E+02 -5.576E+01  5.446E-10  1.0000
 -5.600E+02 -5.576E+01  0.000E+00  0.0000
 -5.200E+02 -5.576E+01  2.722E-09  0.4470
 -4.800E+02 -5.576E+01  1.634E-09  0.5772
 -4.400E+02 -5.576E+01  1.635E-09  0.5772
 -4.000E+02 -5.576E+01  0.000E+00  0.0000
 -3.600E+02 -5.576E+01  1.634E-09  0.5772
 -3.200E+02 -5.576E+01  0.000E+00  0.0000
 -2.800E+02 -5.576E+01  5.448E-10  1.0000
 -2.400E+02 -5.576E+01  1.634E-09  0.5772
 -2.000E+02 -5.576E+01  5.449E-10  1.0000
 -1.600E+02 -5.576E+01  2.176E-09  0.4999
 -1.200E+02 -5.576E+01  1.085E-09  0.7070
 -8.000E+01 -5.576E+01  1.634E-09  0.5772
 -4.000E+01 -5.576E+01  2.724E-09  0.4470
  0.000E+00 -5.576E+01  1.090E-09  0.7070
  4.000E+01 -5.576E+01  1.090E-09  0.7070
  8.000E+01 -5.576E+01  5.445E-10  1.0000
  1.200E+02 -5.576E+01  3.269E-09  0.4080
  1.600E+02 -5.576E+01  1.090E-09  0.7070
  2.000E+02 -5.576E+01  5.444E-10  1.0000
  2.400E+02 -5.576E+01  1.635E-09  0.5772
  2.800E+02 -5.576E+01  0.000E+00  0.0000
  3.200E+02 -5.576E+01  5.448E-10  1.0000
  3.600E+02 -5.576E+01  1.635E-09  0.5772
  4.000E+02 -5.576E+01  0.000E+00  0.0000
  4.400E+02 -5.576E+01  1.090E-09  0.7070
  4.800E+02 -5.576E+01  0.000E+00  0.0000
  5.200E+02 -5.576E+01  2.179E-09  0.4999
  5.600E+02 -5.576E+01  2.179E-09  0.4998
  6.000E+02 -5.576E+01  0.000E+00  0.0000
  6.400E+02 -5.576E+01  0.000E+00  0.0000
  6.800E+02 -5.576E+01  1.089E-09  0.7070
 -6.800E+02 -1.641E+01  5.449E-10  1.0000
 -6.400E+02 -1.641E+01  5.449E-10  1.0000
 -6.000E+02 -1.641E+01  0.000E+00  0.0000
 -5.600E+02 -1.641E+01  1.634E-09  0.5772
 -5.200E+02 -1.641E+01  0.000E+00  0.0000
 -4.800E+02 -1.641E+01  2.175E-09  0.4999
 -4.400E+02 -1.641E+01  1.090E-09  0.7070
 -4.000E+02 -1.641E+01  5.449E-10  1.0000
 -3.600E+02 -1.641E+01  5.424E-10  1.0000
 -3.200E+02 -1.641E+01  1.089E-09  0.7070
 -2.800E+02 -1.641E+01  5.449E-10  1.0000
 -2.400E+02 -1.641E+01  1.089E-09  0.7070
 -2.000E+02 -1.641E+01  1.634E-09  0.5772
 -1.600E+02 -1.641E+01  1.634E-09  0.5772
 -1.200E+02 -1.641E+01  5.449E-10  1.0000
 -8.000E+01 -1.641E+01  5.448E-10  1.0000
 -4.000E+01 -1.641E+01  1.090E-09  0.7070
  0.000E+00 -1.641E+01  1.632E-09  0.5772
  4.000E+01 -1.641E+01  0.000E+00  0.0000
  8.000E+01 -1.641E+01  2.178E-09  0.4999
  1.200E+02 -1.641E+01  1.090E-09  0.7070
  1.600E+02 -1.641E+01  5.449E-10  1.0000
  2.000E+02 -1.641E+01  2.721E-09  0.4470
  2.400E+02 -1.641E+01  1.090E-09  0.7070
  2.800E+02 -1.641E+01  0.000E+00  0.0000
  3.200E+02 -1.641E+01  2.179E-09  0.4998
  3.600E+02 -1.641E+01  0.000E+00  0.0000
  4.000E+02 -1.641E+01  1.634E-09  0.5772
  4.400E+02 -1.641E+01  1.634E-09  0.5772
  4.800E+02 -1.641E+01  1.089E-09  0.7070
  5.200E+02 -1.641E+01  1.090E-09  0.7070
  5.600E+02 -1.641E+01  5.447E-10  1.0000
  6.000E+02 -1.641E+01  1.634E-09  0.5772
  6.400E+02 -1.641E+01  0.000E+00  0.0000
  6.800E+02 -1.641E+01  2.722E-09  0.4470
 -6.800E+02  2.293E+01  0.000E+00  0.0000
 -6.400E+02  2.293E+01  0.000E+00  0.0000
 -6.000E+02  2.293E+01  0.000E+00  0.0000
 -5.600E+02  2.293E+01  0.000E+00  0.0000
 -5.200E+02  2.293E+01  0.000E+00  0.0000
 -4.800E+02  2.293E+01  0.000E+00  0.0000
 -4.400E+02  2.293E+01  0.000E+00  0.0000
 -4.000E+02  2.293E+01  0.000E+00  0.0000
 -3.600E+02  2.293E+01  0.000E+00  0.0000
 -3.200E+02  2.293E+01  0.000E+00  0.0000
 -2.800E+02  2.293E+01  0.000E+00  0.0000
 -2.400E+02  2.293E+01  0.000E+00  0.0000
 -2.000E+02  2.293E+01  0.000E+00  0.0000
 -1.600E+02  2.293E+01  0.000E+00  0.0000
 -1.200E+02  2.293E+01  0.000E+00  0.0000
 -8.000E+01  2.293E+01  0.000E+00  0.0000
 -4.000E+01  2.293E+01  0.000E+00  0.0000
  0.000E+00  2.293E+01  0.000E+00  0.0000
  4.000E+01  2.293E+01  0.000E+00  0.0000
  8.000E+01  2.293E+01  0.000E+00  0.0000
  1.200E+02  2.293E+01  0.000E+00  0.0000
  1.600E+02  2.293E+01  0.000E+00  0.0000
  2.000E+02  2.293E+01  0.000E+00  0.0000
  2.400E+02  2.293E+01  0.000E+00  0.0000
  2.800E+02  2.293E+01  0.000E+00  0.0000
  3.200E+02  2.293E+01  0.000E+00  0.0000
  3.600E+02  2.293E+01  0.000E+00  0.0000
  4.000E+02  2.293E+01  0.000E+00  0.0000
  4.400E+02  2.293E+01  0.000E+00  0.0000
  4.800E+02  2.293E+01  0.000E+00  0.0000
  5.200E+02  2.293E+01  0.000E+00  0.0000
  5.600E+02  2.293E+01  0.000E+00  0.0000
  6.000E+02  2.293E+01  0.000E+00  0.0000
  6.400E+02  2.293E+01  0.000E+00  0.0000
  6.800E+02  2.293E+01  0.000E+00  0.0000
 -6.800E+02  6.228E+01  0.000E+00  0.0000
 -6.400E+02  6.228E+01  0.000E+00  0.0000
 -6.000E+02  6.228E+01  0.000E+00  0.0000
 -5.600E+02  6.228E+01  0.000E+00  0.0000
 -5.200E+02  6.228E+01  0.000E+00  0.0000
 -4.800E+02  6.228E+01  0.000E+00  0.0000
 -4.400E+02  6.228E+01  0.000E+00  0.0000
 -4.000E+02  6.228E+01  0.000E+00  0.0000
 -3.600E+02  6.228E+01  0.000E+00  0.0000
 -3.200E+02  6.228E+01  0.000E+00  0.0000
 -2.800E+02  6.228E+01  0.000E+00  0.0000
 -2.400E+02  6.228E+01  0.000E+00  0.0000
 -2.000E+02  6.228E+01  0.000E+00  0.0000
 -1.600E+02  6.228E+01  0.000E+00  0.0000
 -1.200E+02  6.228E+01  0.000E+00  0.0000
 -8.000E+01  6.228E+01  0.000E+00  0.0000
 -4.000E+01  6.228E+01  0.000E+00  0.0000
  0.000E+00  6.228E+01  0.000E+00  0.0000
  4.000E+01  6.228E+01  0.000E+00  0.0000
  8.000E+01  6.228E+01  0.000E+00  0.0000
  1.200E+02  6.228E+01  0.000E+00  0.0000
  1.600E+02  6.228E+01  0.000E+00  0.0000
  2.000E+02  6.228E+01  0.000E+00  0.0000
  2.400E+02  6.228E+01  0.000E+00  0.0000
  2.800E+02  6.228E+01  0.000E+00  0.0000
  3.200E+02  6.228E+01  0.000E+00  0.0000
  3.600E+02  6.228E+01  0.000E+00  0.0000
  4.000E+02  6.228E+01  0.000E+00  0.0000
  4.400E+02  6.228E+01  0.000E+00  0.0000
  4.800E+02  6.228E+01  0.000E+00  0.0000
  5.200E+02  6.228E+01  0.000E+00  0.0000
  5.600E+02  6.228E+01  0.000E+00  0.0000
  6.000E+02  6.228E+01  0.000E+00  0.0000
  6.400E+02  6.228E+01  0.000E+00  0.0000
  6.800E+02  6.228E+01  0.000E+00  0.0000
 -6.800E+02  1.016E+02  0.000E+00  0.0000
 -6.400E+02  1.016E+02  0.000E+00  0.0000
 -6.000E+02  1.016E+02  0.000E+00  0.0000
 -5.600E+02  1.016E+02  0.000E+00  0.0000
 -5.200E+02  1.016E+02  0.000E+00  0.0000
 -4.800E+02  1.016E+02  0.000E+00  0.0000
 -4.400E+02  1.016E+02  0.000E+00  0.0000
 -4.000E+02  1.016E+02  0.000E+00  0.0000
 -3.600E+02  1.016E+02  0.000E+00  0.0000
 -3.200E+02  1.016E+02  0.000E+00  0.0000
 -2.800E+02  1.016E+02  0.000E+00  0.0000
 -2.400E+02  1.016E+02  0.000E+00  0.0000
 -2.000E+02  1.016E+02  0.000E+00  0.0000
 -1.600E+02  1.016E+02  0.000E+00  0.0000
 -1.200E+02  1.016E+02  0.000E+00  0.0000
 -8.000E+01  1.016E+02  0.000E+00  0.0000
 -4.000E+01  1.016E+02  0.000E+00  0.0000
  0.000E+00  1.016E+02  0.000E+00  0.0000
  4.000E+01  1.016E+02  0.000E+00  0.0000
  8.000E+01  1.016E+02  0.000E+00  0.0000
  1.200E+02  1.016E+02  0.000E+00  0.0000
  1.600E+02  1.016E+02  0.000E+00  0.0000
  2.000E+02  1.016E+02  0.000E+00  0.0000
  2.400E+02  1.016E+02  0.000E+00  0.0000
  2.800E+02  1.016E+02  0.000E+00  0.0000
  3.200E+02  1.016E+02  0.000E+00  0.0000
  3.600E+02  1.016E+02  0.000E+00  0.0000
  4.000E+02  1.016E+02  0.000E+00  0.0000
  4.400E+02  1.016E+02  0.000E+00  0.0000
  4.800E+02  1.016E+02  0.000E+00  0.0000
  5.200E+02  1.016E+02  0.000E+00  0.0000
  5.600E+02  1.016E+02  0.000E+00  0.0000
  6.000E+02  1.016E+02  0.000E+00  0.0000
  6.400E+02  1.016E+02  0.000E+00  0.0000
  6.800E+02  1.016E+02  0.000E+00  0.0000
 -6.800E+02  1.410E+02  0.000E+00  0.0000
 -6.400E+02  1.410E+02  0.000E+00  0.0000
 -6.000E+02  1.410E+02  0.000E+00  0.0000
 -5.600E+02  1.410E+02  0.000E+00  0.0000
 -5.200E+02  1.410E+02  0.000E+00  0.0000
 -4.800E+02  1.410E+02  0.000E+00  0.0000
 -4.400E+02  1.410E+02  0.000E+00  0.0000
 -4.000E+02  1.410E+02  0.000E+00  0.0000
 -3.600E+02  1.410E+02  0.000E+00  0.0000
 -3.200E+02  1.410E+02  0.000E+00  0.0000
 -2.800E+02  1.410E+02  0.000E+00  0.0000
 -2.400E+02  1.410E+02  0.000E+00  0.0000
 -2.000E+02  1.410E+02  0.000E+00  0.0000
 -1.600E+02  1.410E+02  0.000E+00  0.0000
 -1.200E+02  1.410E+02  0.000E+00  0.0000
 -8.000E+01  1.410E+02  0.000E+00  0.0000
 -4.000E+01  1.410E+02  0.000E+00  0.0000
  0.000E+00  1.410E+02  0.000E+00  0.0000
  4.000E+01  1.410E+02  0.000E+00  0.0000
  8.000E+01  1.410E+02  0.000E+00  0.0000
  1.200E+02  1.410E+02  0.000E+00  0.0000
  1.600E+02  1.410E+02  0.000E+00  0.0000
  2.000E+02  1.410E+02  0.000E+00  0.0000
  2.400E+02  1.410E+02  0.000E+00  0.0000
  2.800E+02  1.410E+02  0.000E+00  0.0000
  3.200E+02  1.410E+02  0.000E+00  0.0000
  3.600E+02  1.410E+02  0.000E+00  0.0000
  4.000E+02  1.410E+02  0.000E+00  0.0000
  4.400E+02  1.410E+02  0.000E+00  0.0000
  4.800E+02  1.410E+02  0.000E+00  0.0000
  5.200E+02  1.410E+02  0.000E+00  0.0000
  5.600E+02  1.410E+02  0.000E+00  0.0000
  6.000E+02  1.410E+02  0.000E+00  0.0000
  6.400E+02  1.410E+02  0.000E+00  0.0000
  6.800E+02  1.410E+02  0.000E+00  0.0000
 -6.800E+02  1.803E+02  0.000E+00  0.0000
 -6.400E+02  1.803E+02  0.000E+00  0.0000
 -6.000E+02  1.803E+02  0.000E+00  0.0000
 -5.600E+02  1.803E+02  0.000E+00  0.0000
 -5.200E+02  1.803E+02  0.000E+00  0.0000
 -4.800E+02  1.803E+02  0.000E+00  0.0000
 -4.400E+02  1.803E+02  0.000E+00  0.0000
 -4.000E+02  1.803E+02  0.000E+00  0.0000
 -3.600E+02  1.803E+02  0.000E+00  0.0000
 -3.200E+02  1.803E+02  0.000E+00  0.0000
 -2.800E+02  1.803E+02  0.000E+00  0.0000
 -2.400E+02  1.803E+02  0.000E+00  0.0000
 -2.000E+02  1.803E+02  0.000E+00  0.0000
 -1.600E+02  1.803E+02  0.000E+00  0.0000
 -1.200E+02  1.803E+02  0.000E+00  0.0000
 -8.000E+01  1.803E+02  0.000E+00  0.0000
 -4.000E+01  1.803E+02  0.000E+00  0.0000
  0.000E+00  1.803E+02  0.000E+00  0.0000
  4.000E+01  1.803E+02  0.000E+00  0.0000
  8.000E+01  1.803E+02  0.000E+00  0.0000
  1.200E+02  1.803E+02  0.000E+00  0.0000
  1.600E+02  1.803E+02  0.000E+00  0.0000
  2.000E+02  1.803E+02  0.000E+00  0.0000
  2.400E+02  1.803E+02  0.000E+00  0.0000
  2.800E+02  1.803E+02  0.000E+00  0.0000
  3.200E+02  1.803E+02  0.000E+00  0.0000
  3.600E+02  1.803E+02  0.000E+00  0.0000
  4.000E+02  1.803E+02  0.000E+00  0.0000
  4.400E+02  1.803E+02  0.000E+00  0.0000
  4.800E+02  1.803E+02  0.000E+00  0.0000
  5.200E+02  1.803E+02  0.000E+00  0.0000
  5.600E+02  1.803E+02  0.000E+00  0.0000
  6.000E+02  1.803E+02  0.000E+00  0.0000
  6.400E+02  1.803E+02  0.000E+00  0.0000
  6.800E+02  1.803E+02  0.000E+00  0.0000

#------------------------------------------------------------------------------
 newpage:
#   no. =  7   ie  =  3   iy  =  1   part. = muon-   
#   e = (   1.0000E-01  -   2.0000E+01  )
#   y = (  -1.0000E+03  -   1.0000E+03  )
#  nx =  35   nz =  23

# x          z          flux       r.err
 -6.800E+02 -6.853E+02  0.000E+00  0.0000
 -6.400E+02 -6.853E+02  0.000E+00  0.0000
 -6.000E+02 -6.853E+02  0.000E+00  0.0000
 -5.600E+02 -6.853E+02  4.947E-06  1.0000
 -5.200E+02 -6.853E+02  9.070E-06  0.7100
 -4.800E+02 -6.853E+02  0.000E+00  0.0000
 -4.400E+02 -6.853E+02  4.947E-06  1.0000
 -4.000E+02 -6.853E+02  0.000E+00  0.0000
 -3.600E+02 -6.853E+02  0.000E+00  0.0000
 -3.200E+02 -6.853E+02  0.000E+00  0.0000
 -2.800E+02 -6.853E+02  0.000E+00  0.0000
 -2.400E+02 -6.853E+02  0.000E+00  0.0000
 -2.000E+02 -6.853E+02  0.000E+00  0.0000
 -1.600E+02 -6.853E+02  5.527E-07  1.0000
 -1.200E+02 -6.853E+02  0.000E+00  0.0000
 -8.000E+01 -6.853E+02  0.000E+00  0.0000
 -4.000E+01 -6.853E+02  0.000E+00  0.0000
  0.000E+00 -6.853E+02  0.000E+00  0.0000
  4.000E+01 -6.853E+02  9.895E-06  0.7070
  8.000E+01 -6.853E+02  4.947E-06  1.0000
  1.200E+02 -6.853E+02  4.947E-06  1.0000
  1.600E+02 -6.853E+02  0.000E+00  0.0000
  2.000E+02 -6.853E+02  0.000E+00  0.0000
  2.400E+02 -6.853E+02  4.947E-06  1.0000
  2.800E+02 -6.853E+02  0.000E+00  0.0000
  3.200E+02 -6.853E+02  9.895E-06  0.7070
  3.600E+02 -6.853E+02  9.895E-06  0.7070
  4.000E+02 -6.853E+02  0.000E+00  0.0000
  4.400E+02 -6.853E+02  0.000E+00  0.0000
  4.800E+02 -6.853E+02  4.169E-07  1.0000
  5.200E+02 -6.853E+02  4.947E-06  1.0000
  5.600E+02 -6.853E+02  0.000E+00  0.0000
  6.000E+02 -6.853E+02  4.947E-06  1.0000
  6.400E+02 -6.853E+02  0.000E+00  0.0000
  6.800E+02 -6.853E+02  4.947E-06  1.0000
 -6.800E+02 -6.460E+02  0.000E+00  0.0000
 -6.400E+02 -6.460E+02  4.947E-06  1.0000
 -6.000E+02 -6.460E+02  0.000E+00  0.0000
 -5.600E+02 -6.460E+02  0.000E+00  0.0000
 -5.200E+02 -6.460E+02  5.772E-06  0.8689
 -4.800E+02 -6.460E+02  4.947E-06  1.0000
 -4.400E+02 -6.460E+02  2.474E-05  0.4470
 -4.000E+02 -6.460E+02  0.000E+00  0.0000
 -3.600E+02 -6.460E+02  4.947E-06  1.0000
 -3.200E+02 -6.460E+02  4.947E-06  1.0000
 -2.800E+02 -6.460E+02  1.484E-05  0.5772
 -2.400E+02 -6.460E+02  9.895E-06  0.7070
 -2.000E+02 -6.460E+02  4.947E-06  1.0000
 -1.600E+02 -6.460E+02  4.947E-06  1.0000
 -1.200E+02 -6.460E+02  9.895E-06  0.7070
 -8.000E+01 -6.460E+02  0.000E+00  0.0000
 -4.000E+01 -6.460E+02  0.000E+00  0.0000
  0.000E+00 -6.460E+02  0.000E+00  0.0000
  4.000E+01 -6.460E+02  0.000E+00  0.0000
  8.000E+01 -6.460E+02  0.000E+00  0.0000
  1.200E+02 -6.460E+02  0.000E+00  0.0000
  1.600E+02 -6.460E+02  0.000E+00  0.0000
  2.000E+02 -6.460E+02  4.947E-06  1.0000
  2.400E+02 -6.460E+02  0.000E+00  0.0000
  2.800E+02 -6.460E+02  0.000E+00  0.0000
  3.200E+02 -6.460E+02  4.947E-06  1.0000
  3.600E+02 -6.460E+02  0.000E+00  0.0000
  4.000E+02 -6.460E+02  0.000E+00  0.0000
  4.400E+02 -6.460E+02  9.895E-06  0.7070
  4.800E+02 -6.460E+02  0.000E+00  0.0000
  5.200E+02 -6.460E+02  4.947E-06  1.0000
  5.600E+02 -6.460E+02  0.000E+00  0.0000
  6.000E+02 -6.460E+02  4.947E-06  1.0000
  6.400E+02 -6.460E+02  0.000E+00  0.0000
  6.800E+02 -6.460E+02  0.000E+00  0.0000
 -6.800E+02 -6.066E+02  3.526E-06  1.0000
 -6.400E+02 -6.066E+02  0.000E+00  0.0000
 -6.000E+02 -6.066E+02  0.000E+00  0.0000
 -5.600E+02 -6.066E+02  9.895E-06  0.7070
 -5.200E+02 -6.066E+02  1.979E-05  0.4998
 -4.800E+02 -6.066E+02  0.000E+00  0.0000
 -4.400E+02 -6.066E+02  1.484E-05  0.5772
 -4.000E+02 -6.066E+02  0.000E+00  0.0000
 -3.600E+02 -6.066E+02  1.484E-05  0.5772
 -3.200E+02 -6.066E+02  0.000E+00  0.0000
 -2.800E+02 -6.066E+02  0.000E+00  0.0000
 -2.400E+02 -6.066E+02  0.000E+00  0.0000
 -2.000E+02 -6.066E+02  0.000E+00  0.0000
 -1.600E+02 -6.066E+02  9.895E-06  0.7070
 -1.200E+02 -6.066E+02  9.895E-06  0.7070
 -8.000E+01 -6.066E+02  0.000E+00  0.0000
 -4.000E+01 -6.066E+02  4.947E-06  1.0000
  0.000E+00 -6.066E+02  9.895E-06  0.7070
  4.000E+01 -6.066E+02  0.000E+00  0.0000
  8.000E+01 -6.066E+02  1.484E-05  0.5772
  1.200E+02 -6.066E+02  4.947E-06  1.0000
  1.600E+02 -6.066E+02  4.947E-06  1.0000
  2.000E+02 -6.066E+02  9.895E-06  0.7070
  2.400E+02 -6.066E+02  0.000E+00  0.0000
  2.800E+02 -6.066E+02  9.895E-06  0.7070
  3.200E+02 -6.066E+02  1.484E-05  0.5772
  3.600E+02 -6.066E+02  9.895E-06  0.7070
  4.000E+02 -6.066E+02  0.000E+00  0.0000
  4.400E+02 -6.066E+02  1.484E-05  0.5772
  4.800E+02 -6.066E+02  0.000E+00  0.0000
  5.200E+02 -6.066E+02  4.947E-06  1.0000
  5.600E+02 -6.066E+02  4.947E-06  1.0000
  6.000E+02 -6.066E+02  4.947E-06  1.0000
  6.400E+02 -6.066E+02  4.947E-06  1.0000
  6.800E+02 -6.066E+02  0.000E+00  0.0000
 -6.800E+02 -5.673E+02  1.421E-06  1.0000
 -6.400E+02 -5.673E+02  0.000E+00  0.0000
 -6.000E+02 -5.673E+02  9.895E-06  0.7070
 -5.600E+02 -5.673E+02  1.484E-05  0.5772
 -5.200E+02 -5.673E+02  4.947E-06  1.0000
 -4.800E+02 -5.673E+02  4.947E-06  1.0000
 -4.400E+02 -5.673E+02  0.000E+00  0.0000
 -4.000E+02 -5.673E+02  0.000E+00  0.0000
 -3.600E+02 -5.673E+02  9.895E-06  0.7070
 -3.200E+02 -5.673E+02  4.947E-06  1.0000
 -2.800E+02 -5.673E+02  4.947E-06  1.0000
 -2.400E+02 -5.673E+02  0.000E+00  0.0000
 -2.000E+02 -5.673E+02  0.000E+00  0.0000
 -1.600E+02 -5.673E+02  1.484E-05  0.5772
 -1.200E+02 -5.673E+02  0.000E+00  0.0000
 -8.000E+01 -5.673E+02  4.947E-06  1.0000
 -4.000E+01 -5.673E+02  9.895E-06  0.7070
  0.000E+00 -5.673E+02  9.895E-06  0.7070
  4.000E+01 -5.673E+02  0.000E+00  0.0000
  8.000E+01 -5.673E+02  4.199E-06  1.0000
  1.200E+02 -5.673E+02  0.000E+00  0.0000
  1.600E+02 -5.673E+02  0.000E+00  0.0000
  2.000E+02 -5.673E+02  0.000E+00  0.0000
  2.400E+02 -5.673E+02  9.895E-06  0.7070
  2.800E+02 -5.673E+02  4.947E-06  1.0000
  3.200E+02 -5.673E+02  4.947E-06  1.0000
  3.600E+02 -5.673E+02  0.000E+00  0.0000
  4.000E+02 -5.673E+02  0.000E+00  0.0000
  4.400E+02 -5.673E+02  9.895E-06  0.7070
  4.800E+02 -5.673E+02  0.000E+00  0.0000
  5.200E+02 -5.673E+02  4.947E-06  1.0000
  5.600E+02 -5.673E+02  1.484E-05  0.5772
  6.000E+02 -5.673E+02  0.000E+00  0.0000
  6.400E+02 -5.673E+02  1.979E-05  0.4998
  6.800E+02 -5.673E+02  0.000E+00  0.0000
 -6.800E+02 -5.279E+02  0.000E+00  0.0000
 -6.400E+02 -5.279E+02  4.947E-06  1.0000
 -6.000E+02 -5.279E+02  2.135E-06  1.0000
 -5.600E+02 -5.279E+02  1.484E-05  0.5772
 -5.200E+02 -5.279E+02  4.947E-06  1.0000
 -4.800E+02 -5.279E+02  0.000E+00  0.0000
 -4.400E+02 -5.279E+02  4.947E-06  1.0000
 -4.000E+02 -5.279E+02  9.895E-06  0.7070
 -3.600E+02 -5.279E+02  0.000E+00  0.0000
 -3.200E+02 -5.279E+02  0.000E+00  0.0000
 -2.800E+02 -5.279E+02  0.000E+00  0.0000
 -2.400E+02 -5.279E+02  4.947E-06  1.0000
 -2.000E+02 -5.279E+02  0.000E+00  0.0000
 -1.600E+02 -5.279E+02  9.895E-06  0.7070
 -1.200E+02 -5.279E+02  0.000E+00  0.0000
 -8.000E+01 -5.279E+02  4.947E-06  1.0000
 -4.000E+01 -5.279E+02  0.000E+00  0.0000
  0.000E+00 -5.279E+02  0.000E+00  0.0000
  4.000E+01 -5.279E+02  4.947E-06  1.0000
  8.000E+01 -5.279E+02  1.064E-05  0.6610
  1.200E+02 -5.279E+02  9.895E-06  0.7070
  1.600E+02 -5.279E+02  0.000E+00  0.0000
  2.000E+02 -5.279E+02  0.000E+00  0.0000
  2.400E+02 -5.279E+02  3.317E-06  1.0000
  2.800E+02 -5.279E+02  9.895E-06  0.7070
  3.200E+02 -5.279E+02  4.947E-06  1.0000
  3.600E+02 -5.279E+02  4.947E-06  1.0000
  4.000E+02 -5.279E+02  9.895E-06  0.7070
  4.400E+02 -5.279E+02  0.000E+00  0.0000
  4.800E+02 -5.279E+02  0.000E+00  0.0000
  5.200E+02 -5.279E+02  4.947E-06  1.0000
  5.600E+02 -5.279E+02  0.000E+00  0.0000
  6.000E+02 -5.279E+02  0.000E+00  0.0000
  6.400E+02 -5.279E+02  4.947E-06  1.0000
  6.800E+02 -5.279E+02  4.947E-06  1.0000
 -6.800E+02 -4.886E+02  4.947E-06  1.0000
 -6.400E+02 -4.886E+02  4.947E-06  1.0000
 -6.000E+02 -4.886E+02  2.260E-05  0.4549
 -5.600E+02 -4.886E+02  0.000E+00  0.0000
 -5.200E+02 -4.886E+02  0.000E+00  0.0000
 -4.800E+02 -4.886E+02  4.947E-06  1.0000
 -4.400E+02 -4.886E+02  4.947E-06  1.0000
 -4.000E+02 -4.886E+02  4.947E-06  1.0000
 -3.600E+02 -4.886E+02  0.000E+00  0.0000
 -3.200E+02 -4.886E+02  1.484E-05  0.5772
 -2.800E+02 -4.886E+02  0.000E+00  0.0000
 -2.400E+02 -4.886E+02  4.947E-06  1.0000
 -2.000E+02 -4.886E+02  4.947E-06  1.0000
 -1.600E+02 -4.886E+02  0.000E+00  0.0000
 -1.200E+02 -4.886E+02  9.895E-06  0.7070
 -8.000E+01 -4.886E+02  1.484E-05  0.5772
 -4.000E+01 -4.886E+02  0.000E+00  0.0000
  0.000E+00 -4.886E+02  0.000E+00  0.0000
  4.000E+01 -4.886E+02  4.947E-06  1.0000
  8.000E+01 -4.886E+02  1.484E-05  0.5772
  1.200E+02 -4.886E+02  6.454E-06  0.8013
  1.600E+02 -4.886E+02  9.895E-06  0.7070
  2.000E+02 -4.886E+02  4.947E-06  1.0000
  2.400E+02 -4.886E+02  1.152E-05  0.6233
  2.800E+02 -4.886E+02  9.895E-06  0.7070
  3.200E+02 -4.886E+02  0.000E+00  0.0000
  3.600E+02 -4.886E+02  4.947E-06  1.0000
  4.000E+02 -4.886E+02  0.000E+00  0.0000
  4.400E+02 -4.886E+02  9.895E-06  0.7070
  4.800E+02 -4.886E+02  4.947E-06  1.0000
  5.200E+02 -4.886E+02  1.484E-05  0.5772
  5.600E+02 -4.886E+02  4.947E-06  1.0000
  6.000E+02 -4.886E+02  0.000E+00  0.0000
  6.400E+02 -4.886E+02  4.947E-06  1.0000
  6.800E+02 -4.886E+02  0.000E+00  0.0000
 -6.800E+02 -4.492E+02  0.000E+00  0.0000
 -6.400E+02 -4.492E+02  1.484E-05  0.5772
 -6.000E+02 -4.492E+02  2.474E-05  0.4470
 -5.600E+02 -4.492E+02  1.979E-05  0.4998
 -5.200E+02 -4.492E+02  4.947E-06  1.0000
 -4.800E+02 -4.492E+02  0.000E+00  0.0000
 -4.400E+02 -4.492E+02  4.947E-06  1.0000
 -4.000E+02 -4.492E+02  0.000E+00  0.0000
 -3.600E+02 -4.492E+02  4.947E-06  1.0000
 -3.200E+02 -4.492E+02  4.947E-06  1.0000
 -2.800E+02 -4.492E+02  9.895E-06  0.7070
 -2.400E+02 -4.492E+02  9.895E-06  0.7070
 -2.000E+02 -4.492E+02  4.947E-06  1.0000
 -1.600E+02 -4.492E+02  4.947E-06  1.0000
 -1.200E+02 -4.492E+02  1.484E-05  0.5772
 -8.000E+01 -4.492E+02  4.947E-06  1.0000
 -4.000E+01 -4.492E+02  4.947E-06  1.0000
  0.000E+00 -4.492E+02  0.000E+00  0.0000
  4.000E+01 -4.492E+02  1.484E-05  0.5772
  8.000E+01 -4.492E+02  9.895E-06  0.7070
  1.200E+02 -4.492E+02  8.388E-06  0.7184
  1.600E+02 -4.492E+02  9.895E-06  0.7070
  2.000E+02 -4.492E+02  9.895E-06  0.7070
  2.400E+02 -4.492E+02  0.000E+00  0.0000
  2.800E+02 -4.492E+02  0.000E+00  0.0000
  3.200E+02 -4.492E+02  1.484E-05  0.5772
  3.600E+02 -4.492E+02  0.000E+00  0.0000
  4.000E+02 -4.492E+02  0.000E+00  0.0000
  4.400E+02 -4.492E+02  1.484E-05  0.5772
  4.800E+02 -4.492E+02  9.386E-06  0.7081
  5.200E+02 -4.492E+02  5.089E-07  1.0000
  5.600E+02 -4.492E+02  4.947E-06  1.0000
  6.000E+02 -4.492E+02  0.000E+00  0.0000
  6.400E+02 -4.492E+02  4.947E-06  1.0000
  6.800E+02 -4.492E+02  4.947E-06  1.0000
 -6.800E+02 -4.099E+02  0.000E+00  0.0000
 -6.400E+02 -4.099E+02  4.947E-06  1.0000
 -6.000E+02 -4.099E+02  4.947E-06  1.0000
 -5.600E+02 -4.099E+02  4.947E-06  1.0000
 -5.200E+02 -4.099E+02  4.947E-06  1.0000
 -4.800E+02 -4.099E+02  4.947E-06  1.0000
 -4.400E+02 -4.099E+02  0.000E+00  0.0000
 -4.000E+02 -4.099E+02  0.000E+00  0.0000
 -3.600E+02 -4.099E+02  9.895E-06  0.7070
 -3.200E+02 -4.099E+02  9.895E-06  0.7070
 -2.800E+02 -4.099E+02  4.947E-06  1.0000
 -2.400E+02 -4.099E+02  6.761E-06  0.7793
 -2.000E+02 -4.099E+02  8.080E-06  0.7246
 -1.600E+02 -4.099E+02  9.895E-06  0.7070
 -1.200E+02 -4.099E+02  4.947E-06  1.0000
 -8.000E+01 -4.099E+02  0.000E+00  0.0000
 -4.000E+01 -4.099E+02  9.895E-06  0.7070
  0.000E+00 -4.099E+02  0.000E+00  0.0000
  4.000E+01 -4.099E+02  4.947E-06  1.0000
  8.000E+01 -4.099E+02  4.947E-06  1.0000
  1.200E+02 -4.099E+02  0.000E+00  0.0000
  1.600E+02 -4.099E+02  9.895E-06  0.7070
  2.000E+02 -4.099E+02  9.895E-06  0.7070
  2.400E+02 -4.099E+02  0.000E+00  0.0000
  2.800E+02 -4.099E+02  9.895E-06  0.7070
  3.200E+02 -4.099E+02  9.895E-06  0.7070
  3.600E+02 -4.099E+02  0.000E+00  0.0000
  4.000E+02 -4.099E+02  8.789E-06  0.7126
  4.400E+02 -4.099E+02  5.165E-06  0.9588
  4.800E+02 -4.099E+02  4.947E-06  1.0000
  5.200E+02 -4.099E+02  4.947E-06  1.0000
  5.600E+02 -4.099E+02  0.000E+00  0.0000
  6.000E+02 -4.099E+02  4.947E-06  1.0000
  6.400E+02 -4.099E+02  0.000E+00  0.0000
  6.800E+02 -4.099E+02  1.484E-05  0.5772
 -6.800E+02 -3.705E+02  0.000E+00  0.0000
 -6.400E+02 -3.705E+02  4.947E-06  1.0000
 -6.000E+02 -3.705E+02  4.947E-06  1.0000
 -5.600E+02 -3.705E+02  9.895E-06  0.7070
 -5.200E+02 -3.705E+02  9.895E-06  0.7070
 -4.800E+02 -3.705E+02  0.000E+00  0.0000
 -4.400E+02 -3.705E+02  4.947E-06  1.0000
 -4.000E+02 -3.705E+02  4.947E-06  1.0000
 -3.600E+02 -3.705E+02  4.947E-06  1.0000
 -3.200E+02 -3.705E+02  4.947E-06  1.0000
 -2.800E+02 -3.705E+02  9.895E-06  0.7070
 -2.400E+02 -3.705E+02  4.947E-06  1.0000
 -2.000E+02 -3.705E+02  4.947E-06  1.0000
 -1.600E+02 -3.705E+02  0.000E+00  0.0000
 -1.200E+02 -3.705E+02  0.000E+00  0.0000
 -8.000E+01 -3.705E+02  0.000E+00  0.0000
 -4.000E+01 -3.705E+02  0.000E+00  0.0000
  0.000E+00 -3.705E+02  0.000E+00  0.0000
  4.000E+01 -3.705E+02  0.000E+00  0.0000
  8.000E+01 -3.705E+02  0.000E+00  0.0000
  1.200E+02 -3.705E+02  0.000E+00  0.0000
  1.600E+02 -3.705E+02  4.947E-06  1.0000
  2.000E+02 -3.705E+02  4.947E-06  1.0000
  2.400E+02 -3.705E+02  0.000E+00  0.0000
  2.800E+02 -3.705E+02  4.947E-06  1.0000
  3.200E+02 -3.705E+02  0.000E+00  0.0000
  3.600E+02 -3.705E+02  1.484E-05  0.5772
  4.000E+02 -3.705E+02  8.877E-07  1.0000
  4.400E+02 -3.705E+02  9.895E-06  0.7070
  4.800E+02 -3.705E+02  9.895E-06  0.7070
  5.200E+02 -3.705E+02  0.000E+00  0.0000
  5.600E+02 -3.705E+02  4.947E-06  1.0000
  6.000E+02 -3.705E+02  9.895E-06  0.7070
  6.400E+02 -3.705E+02  0.000E+00  0.0000
  6.800E+02 -3.705E+02  0.000E+00  0.0000
 -6.800E+02 -3.312E+02  4.947E-06  1.0000
 -6.400E+02 -3.312E+02  9.895E-06  0.7070
 -6.000E+02 -3.312E+02  4.947E-06  1.0000
 -5.600E+02 -3.312E+02  4.947E-06  1.0000
 -5.200E+02 -3.312E+02  4.947E-06  1.0000
 -4.800E+02 -3.312E+02  9.895E-06  0.7070
 -4.400E+02 -3.312E+02  9.895E-06  0.7070
 -4.000E+02 -3.312E+02  9.895E-06  0.7070
 -3.600E+02 -3.312E+02  4.947E-06  1.0000
 -3.200E+02 -3.312E+02  4.947E-06  1.0000
 -2.800E+02 -3.312E+02  9.895E-06  0.7070
 -2.400E+02 -3.312E+02  4.947E-06  1.0000
 -2.000E+02 -3.312E+02  4.947E-06  1.0000
 -1.600E+02 -3.312E+02  4.947E-06  1.0000
 -1.200E+02 -3.312E+02  0.000E+00  0.0000
 -8.000E+01 -3.312E+02  0.000E+00  0.0000
 -4.000E+01 -3.312E+02  0.000E+00  0.0000
  0.000E+00 -3.312E+02  0.000E+00  0.0000
  4.000E+01 -3.312E+02  0.000E+00  0.0000
  8.000E+01 -3.312E+02  0.000E+00  0.0000
  1.200E+02 -3.312E+02  0.000E+00  0.0000
  1.600E+02 -3.312E+02  0.000E+00  0.0000
  2.000E+02 -3.312E+02  1.979E-05  0.4998
  2.400E+02 -3.312E+02  4.947E-06  1.0000
  2.800E+02 -3.312E+02  0.000E+00  0.0000
  3.200E+02 -3.312E+02  0.000E+00  0.0000
  3.600E+02 -3.312E+02  9.895E-06  0.7070
  4.000E+02 -3.312E+02  4.947E-06  1.0000
  4.400E+02 -3.312E+02  4.947E-06  1.0000
  4.800E+02 -3.312E+02  4.947E-06  1.0000
  5.200E+02 -3.312E+02  9.895E-06  0.7070
  5.600E+02 -3.312E+02  0.000E+00  0.0000
  6.000E+02 -3.312E+02  4.947E-06  1.0000
  6.400E+02 -3.312E+02  4.947E-06  1.0000
  6.800E+02 -3.312E+02  1.979E-05  0.4998
 -6.800E+02 -2.918E+02  0.000E+00  0.0000
 -6.400E+02 -2.918E+02  1.484E-05  0.5772
 -6.000E+02 -2.918E+02  0.000E+00  0.0000
 -5.600E+02 -2.918E+02  4.947E-06  1.0000
 -5.200E+02 -2.918E+02  4.947E-06  1.0000
 -4.800E+02 -2.918E+02  4.947E-06  1.0000
 -4.400E+02 -2.918E+02  4.947E-06  1.0000
 -4.000E+02 -2.918E+02  9.895E-06  0.7070
 -3.600E+02 -2.918E+02  9.895E-06  0.7070
 -3.200E+02 -2.918E+02  1.484E-05  0.5772
 -2.800E+02 -2.918E+02  4.947E-06  1.0000
 -2.400E+02 -2.918E+02  4.947E-06  1.0000
 -2.000E+02 -2.918E+02  9.895E-06  0.7070
 -1.600E+02 -2.918E+02  0.000E+00  0.0000
 -1.200E+02 -2.918E+02  0.000E+00  0.0000
 -8.000E+01 -2.918E+02  0.000E+00  0.0000
 -4.000E+01 -2.918E+02  0.000E+00  0.0000
  0.000E+00 -2.918E+02  0.000E+00  0.0000
  4.000E+01 -2.918E+02  0.000E+00  0.0000
  8.000E+01 -2.918E+02  0.000E+00  0.0000
  1.200E+02 -2.918E+02  0.000E+00  0.0000
  1.600E+02 -2.918E+02  4.947E-06  1.0000
  2.000E+02 -2.918E+02  1.979E-05  0.4998
  2.400E+02 -2.918E+02  0.000E+00  0.0000
  2.800E+02 -2.918E+02  4.947E-06  1.0000
  3.200E+02 -2.918E+02  4.947E-06  1.0000
  3.600E+02 -2.918E+02  4.947E-06  1.0000
  4.000E+02 -2.918E+02  0.000E+00  0.0000
  4.400E+02 -2.918E+02  9.895E-06  0.7070
  4.800E+02 -2.918E+02  0.000E+00  0.0000
  5.200E+02 -2.918E+02  0.000E+00  0.0000
  5.600E+02 -2.918E+02  1.484E-05  0.5772
  6.000E+02 -2.918E+02  4.947E-06  1.0000
  6.400E+02 -2.918E+02  0.000E+00  0.0000
  6.800E+02 -2.918E+02  1.484E-05  0.5772
 -6.800E+02 -2.525E+02  0.000E+00  0.0000
 -6.400E+02 -2.525E+02  1.979E-05  0.4998
 -6.000E+02 -2.525E+02  9.895E-06  0.7070
 -5.600E+02 -2.525E+02  9.895E-06  0.7070
 -5.200E+02 -2.525E+02  4.947E-06  1.0000
 -4.800E+02 -2.525E+02  9.895E-06  0.7070
 -4.400E+02 -2.525E+02  0.000E+00  0.0000
 -4.000E+02 -2.525E+02  9.895E-06  0.7070
 -3.600E+02 -2.525E+02  5.826E-06  0.8625
 -3.200E+02 -2.525E+02  1.396E-05  0.5795
 -2.800E+02 -2.525E+02  1.484E-05  0.5772
 -2.400E+02 -2.525E+02  1.484E-05  0.5772
 -2.000E+02 -2.525E+02  4.947E-06  1.0000
 -1.600E+02 -2.525E+02  3.084E-05  0.8547
 -1.200E+02 -2.525E+02  0.000E+00  0.0000
 -8.000E+01 -2.525E+02  0.000E+00  0.0000
 -4.000E+01 -2.525E+02  0.000E+00  0.0000
  0.000E+00 -2.525E+02  0.000E+00  0.0000
  4.000E+01 -2.525E+02  0.000E+00  0.0000
  8.000E+01 -2.525E+02  0.000E+00  0.0000
  1.200E+02 -2.525E+02  0.000E+00  0.0000
  1.600E+02 -2.525E+02  1.484E-05  0.5772
  2.000E+02 -2.525E+02  7.928E-06  0.7285
  2.400E+02 -2.525E+02  1.681E-05  0.5229
  2.800E+02 -2.525E+02  9.895E-06  0.7070
  3.200E+02 -2.525E+02  4.947E-06  1.0000
  3.600E+02 -2.525E+02  4.947E-06  1.0000
  4.000E+02 -2.525E+02  0.000E+00  0.0000
  4.400E+02 -2.525E+02  0.000E+00  0.0000
  4.800E+02 -2.525E+02  0.000E+00  0.0000
  5.200E+02 -2.525E+02  1.979E-05  0.4998
  5.600E+02 -2.525E+02  4.947E-06  1.0000
  6.000E+02 -2.525E+02  9.895E-06  0.7070
  6.400E+02 -2.525E+02  4.947E-06  1.0000
  6.800E+02 -2.525E+02  4.947E-06  1.0000
 -6.800E+02 -2.132E+02  9.895E-06  0.7070
 -6.400E+02 -2.132E+02  9.895E-06  0.7070
 -6.000E+02 -2.132E+02  4.947E-06  1.0000
 -5.600E+02 -2.132E+02  4.947E-06  1.0000
 -5.200E+02 -2.132E+02  4.947E-06  1.0000
 -4.800E+02 -2.132E+02  4.947E-06  1.0000
 -4.400E+02 -2.132E+02  0.000E+00  0.0000
 -4.000E+02 -2.132E+02  9.895E-06  0.7070
 -3.600E+02 -2.132E+02  1.136E-05  0.6293
 -3.200E+02 -2.132E+02  0.000E+00  0.0000
 -2.800E+02 -2.132E+02  1.484E-05  0.5772
 -2.400E+02 -2.132E+02  1.979E-05  0.4998
 -2.000E+02 -2.132E+02  9.895E-06  0.7070
 -1.600E+02 -2.132E+02  9.895E-06  0.7070
 -1.200E+02 -2.132E+02  0.000E+00  0.0000
 -8.000E+01 -2.132E+02  0.000E+00  0.0000
 -4.000E+01 -2.132E+02  0.000E+00  0.0000
  0.000E+00 -2.132E+02  0.000E+00  0.0000
  4.000E+01 -2.132E+02  0.000E+00  0.0000
  8.000E+01 -2.132E+02  0.000E+00  0.0000
  1.200E+02 -2.132E+02  0.000E+00  0.0000
  1.600E+02 -2.132E+02  1.979E-05  0.4998
  2.000E+02 -2.132E+02  4.947E-06  1.0000
  2.400E+02 -2.132E+02  4.947E-06  1.0000
  2.800E+02 -2.132E+02  4.947E-06  1.0000
  3.200E+02 -2.132E+02  4.947E-06  1.0000
  3.600E+02 -2.132E+02  9.895E-06  0.7070
  4.000E+02 -2.132E+02  1.304E-05  0.5881
  4.400E+02 -2.132E+02  4.947E-06  1.0000
  4.800E+02 -2.132E+02  4.947E-06  1.0000
  5.200E+02 -2.132E+02  1.484E-05  0.5772
  5.600E+02 -2.132E+02  0.000E+00  0.0000
  6.000E+02 -2.132E+02  4.947E-06  1.0000
  6.400E+02 -2.132E+02  0.000E+00  0.0000
  6.800E+02 -2.132E+02  4.947E-06  1.0000
 -6.800E+02 -1.738E+02  1.484E-05  0.5772
 -6.400E+02 -1.738E+02  1.055E-05  0.6658
 -6.000E+02 -1.738E+02  1.484E-05  0.5772
 -5.600E+02 -1.738E+02  1.979E-05  0.4998
 -5.200E+02 -1.738E+02  2.474E-05  0.4470
 -4.800E+02 -1.738E+02  2.045E-05  0.4849
 -4.400E+02 -1.738E+02  1.979E-05  0.4998
 -4.000E+02 -1.738E+02  4.947E-06  1.0000
 -3.600E+02 -1.738E+02  8.434E-06  0.7176
 -3.200E+02 -1.738E+02  4.947E-06  1.0000
 -2.800E+02 -1.738E+02  9.895E-06  0.7070
 -2.400E+02 -1.738E+02  9.895E-06  0.7070
 -2.000E+02 -1.738E+02  9.895E-06  0.7070
 -1.600E+02 -1.738E+02  0.000E+00  0.0000
 -1.200E+02 -1.738E+02  0.000E+00  0.0000
 -8.000E+01 -1.738E+02  0.000E+00  0.0000
 -4.000E+01 -1.738E+02  0.000E+00  0.0000
  0.000E+00 -1.738E+02  0.000E+00  0.0000
  4.000E+01 -1.738E+02  0.000E+00  0.0000
  8.000E+01 -1.738E+02  0.000E+00  0.0000
  1.200E+02 -1.738E+02  0.000E+00  0.0000
  1.600E+02 -1.738E+02  9.698E-06  0.7072
  2.000E+02 -1.738E+02  1.504E-05  0.5699
  2.400E+02 -1.738E+02  4.947E-06  1.0000
  2.800E+02 -1.738E+02  9.895E-06  0.7070
  3.200E+02 -1.738E+02  0.000E+00  0.0000
  3.600E+02 -1.738E+02  0.000E+00  0.0000
  4.000E+02 -1.738E+02  6.747E-06  0.7802
  4.400E+02 -1.738E+02  9.895E-06  0.7070
  4.800E+02 -1.738E+02  2.968E-05  0.4080
  5.200E+02 -1.738E+02  4.947E-06  1.0000
  5.600E+02 -1.738E+02  4.947E-06  1.0000
  6.000E+02 -1.738E+02  4.947E-06  1.0000
  6.400E+02 -1.738E+02  9.895E-06  0.7070
  6.800E+02 -1.738E+02  1.979E-05  0.4998
 -6.800E+02 -1.345E+02  4.947E-06  1.0000
 -6.400E+02 -1.345E+02  1.913E-05  0.5007
 -6.000E+02 -1.345E+02  9.895E-06  0.7070
 -5.600E+02 -1.345E+02  1.484E-05  0.5772
 -5.200E+02 -1.345E+02  1.096E-05  0.6458
 -4.800E+02 -1.345E+02  9.238E-06  0.7088
 -4.400E+02 -1.345E+02  1.979E-05  0.4998
 -4.000E+02 -1.345E+02  9.895E-06  0.7070
 -3.600E+02 -1.345E+02  4.947E-06  1.0000
 -3.200E+02 -1.345E+02  1.979E-05  0.4998
 -2.800E+02 -1.345E+02  1.484E-05  0.5772
 -2.400E+02 -1.345E+02  4.947E-06  1.0000
 -2.000E+02 -1.345E+02  9.895E-06  0.7070
 -1.600E+02 -1.345E+02  0.000E+00  0.0000
 -1.200E+02 -1.345E+02  0.000E+00  0.0000
 -8.000E+01 -1.345E+02  0.000E+00  0.0000
 -4.000E+01 -1.345E+02  0.000E+00  0.0000
  0.000E+00 -1.345E+02  0.000E+00  0.0000
  4.000E+01 -1.345E+02  0.000E+00  0.0000
  8.000E+01 -1.345E+02  0.000E+00  0.0000
  1.200E+02 -1.345E+02  0.000E+00  0.0000
  1.600E+02 -1.345E+02  9.895E-06  0.7070
  2.000E+02 -1.345E+02  4.947E-06  1.0000
  2.400E+02 -1.345E+02  1.979E-05  0.4998
  2.800E+02 -1.345E+02  1.979E-05  0.4998
  3.200E+02 -1.345E+02  9.895E-06  0.7070
  3.600E+02 -1.345E+02  4.947E-06  1.0000
  4.000E+02 -1.345E+02  9.895E-06  0.7070
  4.400E+02 -1.345E+02  9.895E-06  0.7070
  4.800E+02 -1.345E+02  1.484E-05  0.5772
  5.200E+02 -1.345E+02  4.947E-06  1.0000
  5.600E+02 -1.345E+02  1.245E-05  0.5983
  6.000E+02 -1.345E+02  4.947E-06  1.0000
  6.400E+02 -1.345E+02  9.895E-06  0.7070
  6.800E+02 -1.345E+02  0.000E+00  0.0000
 -6.800E+02 -9.511E+01  0.000E+00  0.0000
 -6.400E+02 -9.511E+01  9.895E-06  0.7070
 -6.000E+02 -9.511E+01  9.895E-06  0.7070
 -5.600E+02 -9.511E+01  4.947E-06  1.0000
 -5.200E+02 -9.511E+01  8.833E-06  0.7121
 -4.800E+02 -9.511E+01  9.895E-06  0.7070
 -4.400E+02 -9.511E+01  1.484E-05  0.5772
 -4.000E+02 -9.511E+01  3.463E-05  0.3777
 -3.600E+02 -9.511E+01  4.947E-06  1.0000
 -3.200E+02 -9.511E+01  1.063E-05  0.6617
 -2.800E+02 -9.511E+01  9.895E-06  0.7070
 -2.400E+02 -9.511E+01  9.895E-06  0.7070
 -2.000E+02 -9.511E+01  1.484E-05  0.5772
 -1.600E+02 -9.511E+01  1.484E-05  0.5772
 -1.200E+02 -9.511E+01  9.895E-06  0.7070
 -8.000E+01 -9.511E+01  4.947E-06  1.0000
 -4.000E+01 -9.511E+01  4.947E-06  1.0000
  0.000E+00 -9.511E+01  0.000E+00  0.0000
  4.000E+01 -9.511E+01  0.000E+00  0.0000
  8.000E+01 -9.511E+01  0.000E+00  0.0000
  1.200E+02 -9.511E+01  4.947E-06  1.0000
  1.600E+02 -9.511E+01  4.947E-06  1.0000
  2.000E+02 -9.511E+01  0.000E+00  0.0000
  2.400E+02 -9.511E+01  2.081E-05  0.4778
  2.800E+02 -9.511E+01  8.870E-06  0.7117
  3.200E+02 -9.511E+01  2.474E-05  0.4470
  3.600E+02 -9.511E+01  0.000E+00  0.0000
  4.000E+02 -9.511E+01  1.484E-05  0.5772
  4.400E+02 -9.511E+01  1.484E-05  0.5772
  4.800E+02 -9.511E+01  9.895E-06  0.7070
  5.200E+02 -9.511E+01  1.484E-05  0.5772
  5.600E+02 -9.511E+01  7.344E-06  0.7485
  6.000E+02 -9.511E+01  1.979E-05  0.4998
  6.400E+02 -9.511E+01  1.484E-05  0.5772
  6.800E+02 -9.511E+01  0.000E+00  0.0000
 -6.800E+02 -5.576E+01  1.484E-05  0.5772
 -6.400E+02 -5.576E+01  4.947E-06  1.0000
 -6.000E+02 -5.576E+01  4.947E-06  1.0000
 -5.600E+02 -5.576E+01  0.000E+00  0.0000
 -5.200E+02 -5.576E+01  2.474E-05  0.4470
 -4.800E+02 -5.576E+01  1.484E-05  0.5772
 -4.400E+02 -5.576E+01  1.172E-05  0.6167
 -4.000E+02 -5.576E+01  3.118E-06  1.0000
 -3.600E+02 -5.576E+01  1.484E-05  0.5772
 -3.200E+02 -5.576E+01  4.211E-06  1.0000
 -2.800E+02 -5.576E+01  4.947E-06  1.0000
 -2.400E+02 -5.576E+01  1.484E-05  0.5772
 -2.000E+02 -5.576E+01  4.947E-06  1.0000
 -1.600E+02 -5.576E+01  1.979E-05  0.4998
 -1.200E+02 -5.576E+01  9.895E-06  0.7070
 -8.000E+01 -5.576E+01  1.123E-05  0.6342
 -4.000E+01 -5.576E+01  2.474E-05  0.4470
  0.000E+00 -5.576E+01  9.895E-06  0.7070
  4.000E+01 -5.576E+01  9.895E-06  0.7070
  8.000E+01 -5.576E+01  4.947E-06  1.0000
  1.200E+02 -5.576E+01  2.968E-05  0.4080
  1.600E+02 -5.576E+01  9.895E-06  0.7070
  2.000E+02 -5.576E+01  4.947E-06  1.0000
  2.400E+02 -5.576E+01  1.377E-05  0.5807
  2.800E+02 -5.576E+01  1.069E-06  1.0000
  3.200E+02 -5.576E+01  4.947E-06  1.0000
  3.600E+02 -5.576E+01  1.484E-05  0.5772
  4.000E+02 -5.576E+01  0.000E+00  0.0000
  4.400E+02 -5.576E+01  9.895E-06  0.7070
  4.800E+02 -5.576E+01  0.000E+00  0.0000
  5.200E+02 -5.576E+01  1.613E-05  0.5370
  5.600E+02 -5.576E+01  1.979E-05  0.4998
  6.000E+02 -5.576E+01  0.000E+00  0.0000
  6.400E+02 -5.576E+01  0.000E+00  0.0000
  6.800E+02 -5.576E+01  9.895E-06  0.7070
 -6.800E+02 -1.641E+01  4.947E-06  1.0000
 -6.400E+02 -1.641E+01  3.709E-05  1.0000
 -6.000E+02 -1.641E+01  4.445E-06  1.0000
 -5.600E+02 -1.641E+01  1.040E-05  0.6746
 -5.200E+02 -1.641E+01  0.000E+00  0.0000
 -4.800E+02 -1.641E+01  1.979E-05  0.4998
 -4.400E+02 -1.641E+01  9.895E-06  0.7070
 -4.000E+02 -1.641E+01  4.947E-06  1.0000
 -3.600E+02 -1.641E+01  4.947E-06  1.0000
 -3.200E+02 -1.641E+01  9.895E-06  0.7070
 -2.800E+02 -1.641E+01  4.947E-06  1.0000
 -2.400E+02 -1.641E+01  6.488E-06  0.7986
 -2.000E+02 -1.641E+01  1.825E-05  0.5052
 -1.600E+02 -1.641E+01  1.484E-05  0.5772
 -1.200E+02 -1.641E+01  4.947E-06  1.0000
 -8.000E+01 -1.641E+01  8.561E-06  0.7156
 -4.000E+01 -1.641E+01  9.895E-06  0.7070
  0.000E+00 -1.641E+01  1.484E-05  0.5772
  4.000E+01 -1.641E+01  0.000E+00  0.0000
  8.000E+01 -1.641E+01  1.979E-05  0.4998
  1.200E+02 -1.641E+01  9.895E-06  0.7070
  1.600E+02 -1.641E+01  4.947E-06  1.0000
  2.000E+02 -1.641E+01  2.474E-05  0.4470
  2.400E+02 -1.641E+01  9.895E-06  0.7070
  2.800E+02 -1.641E+01  0.000E+00  0.0000
  3.200E+02 -1.641E+01  3.165E-05  0.5960
  3.600E+02 -1.641E+01  0.000E+00  0.0000
  4.000E+02 -1.641E+01  1.484E-05  0.5772
  4.400E+02 -1.641E+01  1.484E-05  0.5772
  4.800E+02 -1.641E+01  9.895E-06  0.7070
  5.200E+02 -1.641E+01  1.355E-05  0.5824
  5.600E+02 -1.641E+01  4.947E-06  1.0000
  6.000E+02 -1.641E+01  1.484E-05  0.5772
  6.400E+02 -1.641E+01  0.000E+00  0.0000
  6.800E+02 -1.641E+01  2.474E-05  0.4470
 -6.800E+02  2.293E+01  0.000E+00  0.0000
 -6.400E+02  2.293E+01  4.079E-05  1.0000
 -6.000E+02  2.293E+01  2.311E-04  1.0000
 -5.600E+02  2.293E+01  1.831E-04  0.8483
 -5.200E+02  2.293E+01  3.304E-05  1.0000
 -4.800E+02  2.293E+01  0.000E+00  0.0000
 -4.400E+02  2.293E+01  0.000E+00  0.0000
 -4.000E+02  2.293E+01  0.000E+00  0.0000
 -3.600E+02  2.293E+01  0.000E+00  0.0000
 -3.200E+02  2.293E+01  0.000E+00  0.0000
 -2.800E+02  2.293E+01  0.000E+00  0.0000
 -2.400E+02  2.293E+01  0.000E+00  0.0000
 -2.000E+02  2.293E+01  0.000E+00  0.0000
 -1.600E+02  2.293E+01  0.000E+00  0.0000
 -1.200E+02  2.293E+01  0.000E+00  0.0000
 -8.000E+01  2.293E+01  0.000E+00  0.0000
 -4.000E+01  2.293E+01  0.000E+00  0.0000
  0.000E+00  2.293E+01  0.000E+00  0.0000
  4.000E+01  2.293E+01  0.000E+00  0.0000
  8.000E+01  2.293E+01  0.000E+00  0.0000
  1.200E+02  2.293E+01  0.000E+00  0.0000
  1.600E+02  2.293E+01  0.000E+00  0.0000
  2.000E+02  2.293E+01  0.000E+00  0.0000
  2.400E+02  2.293E+01  0.000E+00  0.0000
  2.800E+02  2.293E+01  0.000E+00  0.0000
  3.200E+02  2.293E+01  1.724E-04  1.0000
  3.600E+02  2.293E+01  0.000E+00  0.0000
  4.000E+02  2.293E+01  0.000E+00  0.0000
  4.400E+02  2.293E+01  0.000E+00  0.0000
  4.800E+02  2.293E+01  0.000E+00  0.0000
  5.200E+02  2.293E+01  0.000E+00  0.0000
  5.600E+02  2.293E+01  0.000E+00  0.0000
  6.000E+02  2.293E+01  0.000E+00  0.0000
  6.400E+02  2.293E+01  0.000E+00  0.0000
  6.800E+02  2.293E+01  0.000E+00  0.0000
 -6.800E+02  6.228E+01  0.000E+00  0.0000
 -6.400E+02  6.228E+01  0.000E+00  0.0000
 -6.000E+02  6.228E+01  0.000E+00  0.0000
 -5.600E+02  6.228E+01  7.886E-05  1.0000
 -5.200E+02  6.228E+01  4.229E-04  0.7101
 -4.800E+02  6.228E+01  2.175E-04  0.7079
 -4.400E+02  6.228E+01  0.000E+00  0.0000
 -4.000E+02  6.228E+01  0.000E+00  0.0000
 -3.600E+02  6.228E+01  0.000E+00  0.0000
 -3.200E+02  6.228E+01  0.000E+00  0.0000
 -2.800E+02  6.228E+01  0.000E+00  0.0000
 -2.400E+02  6.228E+01  0.000E+00  0.0000
 -2.000E+02  6.228E+01  0.000E+00  0.0000
 -1.600E+02  6.228E+01  0.000E+00  0.0000
 -1.200E+02  6.228E+01  0.000E+00  0.0000
 -8.000E+01  6.228E+01  0.000E+00  0.0000
 -4.000E+01  6.228E+01  0.000E+00  0.0000
  0.000E+00  6.228E+01  0.000E+00  0.0000
  4.000E+01  6.228E+01  0.000E+00  0.0000
  8.000E+01  6.228E+01  0.000E+00  0.0000
  1.200E+02  6.228E+01  0.000E+00  0.0000
  1.600E+02  6.228E+01  0.000E+00  0.0000
  2.000E+02  6.228E+01  0.000E+00  0.0000
  2.400E+02  6.228E+01  0.000E+00  0.0000
  2.800E+02  6.228E+01  0.000E+00  0.0000
  3.200E+02  6.228E+01  1.724E-04  1.0000
  3.600E+02  6.228E+01  0.000E+00  0.0000
  4.000E+02  6.228E+01  0.000E+00  0.0000
  4.400E+02  6.228E+01  0.000E+00  0.0000
  4.800E+02  6.228E+01  0.000E+00  0.0000
  5.200E+02  6.228E+01  0.000E+00  0.0000
  5.600E+02  6.228E+01  0.000E+00  0.0000
  6.000E+02  6.228E+01  0.000E+00  0.0000
  6.400E+02  6.228E+01  0.000E+00  0.0000
  6.800E+02  6.228E+01  0.000E+00  0.0000
 -6.800E+02  1.016E+02  0.000E+00  0.0000
 -6.400E+02  1.016E+02  0.000E+00  0.0000
 -6.000E+02  1.016E+02  0.000E+00  0.0000
 -5.600E+02  1.016E+02  0.000E+00  0.0000
 -5.200E+02  1.016E+02  0.000E+00  0.0000
 -4.800E+02  1.016E+02  2.384E-04  0.7072
 -4.400E+02  1.016E+02  4.047E-04  0.7141
 -4.000E+02  1.016E+02  7.609E-05  1.0000
 -3.600E+02  1.016E+02  0.000E+00  0.0000
 -3.200E+02  1.016E+02  0.000E+00  0.0000
 -2.800E+02  1.016E+02  0.000E+00  0.0000
 -2.400E+02  1.016E+02  0.000E+00  0.0000
 -2.000E+02  1.016E+02  0.000E+00  0.0000
 -1.600E+02  1.016E+02  0.000E+00  0.0000
 -1.200E+02  1.016E+02  0.000E+00  0.0000
 -8.000E+01  1.016E+02  0.000E+00  0.0000
 -4.000E+01  1.016E+02  0.000E+00  0.0000
  0.000E+00  1.016E+02  0.000E+00  0.0000
  4.000E+01  1.016E+02  0.000E+00  0.0000
  8.000E+01  1.016E+02  0.000E+00  0.0000
  1.200E+02  1.016E+02  0.000E+00  0.0000
  1.600E+02  1.016E+02  0.000E+00  0.0000
  2.000E+02  1.016E+02  0.000E+00  0.0000
  2.400E+02  1.016E+02  0.000E+00  0.0000
  2.800E+02  1.016E+02  0.000E+00  0.0000
  3.200E+02  1.016E+02  1.724E-04  1.0000
  3.600E+02  1.016E+02  0.000E+00  0.0000
  4.000E+02  1.016E+02  0.000E+00  0.0000
  4.400E+02  1.016E+02  0.000E+00  0.0000
  4.800E+02  1.016E+02  0.000E+00  0.0000
  5.200E+02  1.016E+02  0.000E+00  0.0000
  5.600E+02  1.016E+02  0.000E+00  0.0000
  6.000E+02  1.016E+02  0.000E+00  0.0000
  6.400E+02  1.016E+02  0.000E+00  0.0000
  6.800E+02  1.016E+02  0.000E+00  0.0000
 -6.800E+02  1.410E+02  0.000E+00  0.0000
 -6.400E+02  1.410E+02  0.000E+00  0.0000
 -6.000E+02  1.410E+02  0.000E+00  0.0000
 -5.600E+02  1.410E+02  0.000E+00  0.0000
 -5.200E+02  1.410E+02  0.000E+00  0.0000
 -4.800E+02  1.410E+02  0.000E+00  0.0000
 -4.400E+02  1.410E+02  5.119E-05  1.0000
 -4.000E+02  1.410E+02  3.798E-04  0.7189
 -3.600E+02  1.410E+02  2.502E-04  0.9268
 -3.200E+02  1.410E+02  3.802E-05  1.0000
 -2.800E+02  1.410E+02  0.000E+00  0.0000
 -2.400E+02  1.410E+02  0.000E+00  0.0000
 -2.000E+02  1.410E+02  0.000E+00  0.0000
 -1.600E+02  1.410E+02  0.000E+00  0.0000
 -1.200E+02  1.410E+02  0.000E+00  0.0000
 -8.000E+01  1.410E+02  0.000E+00  0.0000
 -4.000E+01  1.410E+02  0.000E+00  0.0000
  0.000E+00  1.410E+02  0.000E+00  0.0000
  4.000E+01  1.410E+02  0.000E+00  0.0000
  8.000E+01  1.410E+02  0.000E+00  0.0000
  1.200E+02  1.410E+02  0.000E+00  0.0000
  1.600E+02  1.410E+02  0.000E+00  0.0000
  2.000E+02  1.410E+02  0.000E+00  0.0000
  2.400E+02  1.410E+02  0.000E+00  0.0000
  2.800E+02  1.410E+02  0.000E+00  0.0000
  3.200E+02  1.410E+02  9.026E-05  1.0000
  3.600E+02  1.410E+02  8.215E-05  1.0000
  4.000E+02  1.410E+02  0.000E+00  0.0000
  4.400E+02  1.410E+02  0.000E+00  0.0000
  4.800E+02  1.410E+02  0.000E+00  0.0000
  5.200E+02  1.410E+02  0.000E+00  0.0000
  5.600E+02  1.410E+02  0.000E+00  0.0000
  6.000E+02  1.410E+02  0.000E+00  0.0000
  6.400E+02  1.410E+02  0.000E+00  0.0000
  6.800E+02  1.410E+02  0.000E+00  0.0000
 -6.800E+02  1.803E+02  0.000E+00  0.0000
 -6.400E+02  1.803E+02  0.000E+00  0.0000
 -6.000E+02  1.803E+02  0.000E+00  0.0000
 -5.600E+02  1.803E+02  0.000E+00  0.0000
 -5.200E+02  1.803E+02  0.000E+00  0.0000
 -4.800E+02  1.803E+02  0.000E+00  0.0000
 -4.400E+02  1.803E+02  0.000E+00  0.0000
 -4.000E+02  1.803E+02  0.000E+00  0.0000
 -3.600E+02  1.803E+02  2.057E-04  1.0000
 -3.200E+02  1.803E+02  2.825E-04  0.7532
 -2.800E+02  1.803E+02  2.310E-04  1.0000
 -2.400E+02  1.803E+02  0.000E+00  0.0000
 -2.000E+02  1.803E+02  0.000E+00  0.0000
 -1.600E+02  1.803E+02  0.000E+00  0.0000
 -1.200E+02  1.803E+02  0.000E+00  0.0000
 -8.000E+01  1.803E+02  0.000E+00  0.0000
 -4.000E+01  1.803E+02  0.000E+00  0.0000
  0.000E+00  1.803E+02  0.000E+00  0.0000
  4.000E+01  1.803E+02  0.000E+00  0.0000
  8.000E+01  1.803E+02  0.000E+00  0.0000
  1.200E+02  1.803E+02  0.000E+00  0.0000
  1.600E+02  1.803E+02  0.000E+00  0.0000
  2.000E+02  1.803E+02  0.000E+00  0.0000
  2.400E+02  1.803E+02  0.000E+00  0.0000
  2.800E+02  1.803E+02  0.000E+00  0.0000
  3.200E+02  1.803E+02  0.000E+00  0.0000
  3.600E+02  1.803E+02  1.724E-04  1.0000
  4.000E+02  1.803E+02  0.000E+00  0.0000
  4.400E+02  1.803E+02  0.000E+00  0.0000
  4.800E+02  1.803E+02  0.000E+00  0.0000
  5.200E+02  1.803E+02  0.000E+00  0.0000
  5.600E+02  1.803E+02  0.000E+00  0.0000
  6.000E+02  1.803E+02  0.000E+00  0.0000
  6.400E+02  1.803E+02  0.000E+00  0.0000
  6.800E+02  1.803E+02  0.000E+00  0.0000

#------------------------------------------------------------------------------
 newpage:
#   no. =  8   ie  =  4   iy  =  1   part. = muon-   
#   e = (   2.0000E+01  -   1.0000E+05  )
#   y = (  -1.0000E+03  -   1.0000E+03  )
#  nx =  35   nz =  23

# x          z          flux       r.err
 -6.800E+02 -6.853E+02  2.160E-03  0.2678
 -6.400E+02 -6.853E+02  2.055E-03  0.2927
 -6.000E+02 -6.853E+02  9.797E-04  0.4185
 -5.600E+02 -6.853E+02  2.286E-03  0.2790
 -5.200E+02 -6.853E+02  2.768E-03  0.2493
 -4.800E+02 -6.853E+02  2.875E-03  0.2498
 -4.400E+02 -6.853E+02  1.131E-03  0.3648
 -4.000E+02 -6.853E+02  2.702E-03  0.2911
 -3.600E+02 -6.853E+02  1.136E-03  0.3565
 -3.200E+02 -6.853E+02  2.860E-03  0.2485
 -2.800E+02 -6.853E+02  2.175E-03  0.2699
 -2.400E+02 -6.853E+02  3.797E-03  0.2207
 -2.000E+02 -6.853E+02  5.262E-03  0.1772
 -1.600E+02 -6.853E+02  3.569E-03  0.2161
 -1.200E+02 -6.853E+02  2.606E-03  0.2780
 -8.000E+01 -6.853E+02  2.212E-03  0.2716
 -4.000E+01 -6.853E+02  3.276E-03  0.2276
  0.000E+00 -6.853E+02  2.147E-03  0.2782
  4.000E+01 -6.853E+02  3.299E-03  0.2204
  8.000E+01 -6.853E+02  3.644E-03  0.2250
  1.200E+02 -6.853E+02  2.476E-03  0.2517
  1.600E+02 -6.853E+02  2.770E-03  0.2491
  2.000E+02 -6.853E+02  2.782E-03  0.2412
  2.400E+02 -6.853E+02  3.577E-03  0.2283
  2.800E+02 -6.853E+02  2.221E-03  0.2711
  3.200E+02 -6.853E+02  3.177E-03  0.2556
  3.600E+02 -6.853E+02  3.894E-03  0.2147
  4.000E+02 -6.853E+02  2.544E-03  0.2558
  4.400E+02 -6.853E+02  2.395E-03  0.2657
  4.800E+02 -6.853E+02  1.600E-03  0.3210
  5.200E+02 -6.853E+02  1.608E-03  0.3316
  5.600E+02 -6.853E+02  1.903E-03  0.2994
  6.000E+02 -6.853E+02  1.965E-03  0.2944
  6.400E+02 -6.853E+02  1.818E-03  0.3051
  6.800E+02 -6.853E+02  2.520E-03  0.2752
 -6.800E+02 -6.460E+02  2.110E-03  0.2936
 -6.400E+02 -6.460E+02  1.980E-03  0.2774
 -6.000E+02 -6.460E+02  2.133E-03  0.2939
 -5.600E+02 -6.460E+02  1.844E-03  0.3012
 -5.200E+02 -6.460E+02  2.517E-03  0.2432
 -4.800E+02 -6.460E+02  3.352E-03  0.2214
 -4.400E+02 -6.460E+02  2.420E-03  0.2601
 -4.000E+02 -6.460E+02  1.739E-03  0.3196
 -3.600E+02 -6.460E+02  2.228E-03  0.2784
 -3.200E+02 -6.460E+02  2.825E-03  0.2546
 -2.800E+02 -6.460E+02  2.759E-03  0.2599
 -2.400E+02 -6.460E+02  3.369E-03  0.2349
 -2.000E+02 -6.460E+02  5.546E-03  0.1740
 -1.600E+02 -6.460E+02  3.336E-03  0.2213
 -1.200E+02 -6.460E+02  2.930E-03  0.2557
 -8.000E+01 -6.460E+02  2.818E-03  0.2244
 -4.000E+01 -6.460E+02  3.759E-03  0.2126
  0.000E+00 -6.460E+02  2.700E-03  0.2402
  4.000E+01 -6.460E+02  3.199E-03  0.2280
  8.000E+01 -6.460E+02  4.024E-03  0.1957
  1.200E+02 -6.460E+02  2.308E-03  0.2667
  1.600E+02 -6.460E+02  2.786E-03  0.2473
  2.000E+02 -6.460E+02  2.574E-03  0.2668
  2.400E+02 -6.460E+02  2.005E-03  0.2721
  2.800E+02 -6.460E+02  3.704E-03  0.2163
  3.200E+02 -6.460E+02  4.398E-03  0.2076
  3.600E+02 -6.460E+02  3.073E-03  0.2451
  4.000E+02 -6.460E+02  2.999E-03  0.2481
  4.400E+02 -6.460E+02  2.302E-03  0.2813
  4.800E+02 -6.460E+02  1.982E-03  0.2975
  5.200E+02 -6.460E+02  1.714E-03  0.3214
  5.600E+02 -6.460E+02  1.627E-03  0.3195
  6.000E+02 -6.460E+02  1.487E-03  0.3250
  6.400E+02 -6.460E+02  2.191E-03  0.2691
  6.800E+02 -6.460E+02  3.275E-03  0.2254
 -6.800E+02 -6.066E+02  2.159E-03  0.2929
 -6.400E+02 -6.066E+02  2.649E-03  0.2469
 -6.000E+02 -6.066E+02  2.347E-03  0.2767
 -5.600E+02 -6.066E+02  1.642E-03  0.3149
 -5.200E+02 -6.066E+02  3.067E-03  0.2240
 -4.800E+02 -6.066E+02  4.095E-03  0.1931
 -4.400E+02 -6.066E+02  2.199E-03  0.2625
 -4.000E+02 -6.066E+02  1.868E-03  0.2943
 -3.600E+02 -6.066E+02  2.599E-03  0.3040
 -3.200E+02 -6.066E+02  3.153E-03  0.2462
 -2.800E+02 -6.066E+02  3.068E-03  0.2420
 -2.400E+02 -6.066E+02  2.832E-03  0.2257
 -2.000E+02 -6.066E+02  4.797E-03  0.1870
 -1.600E+02 -6.066E+02  4.416E-03  0.2015
 -1.200E+02 -6.066E+02  3.154E-03  0.2384
 -8.000E+01 -6.066E+02  3.388E-03  0.2351
 -4.000E+01 -6.066E+02  3.707E-03  0.2199
  0.000E+00 -6.066E+02  3.147E-03  0.2265
  4.000E+01 -6.066E+02  3.147E-03  0.2212
  8.000E+01 -6.066E+02  4.967E-03  0.1817
  1.200E+02 -6.066E+02  2.652E-03  0.2653
  1.600E+02 -6.066E+02  2.950E-03  0.2382
  2.000E+02 -6.066E+02  2.030E-03  0.2892
  2.400E+02 -6.066E+02  2.555E-03  0.2638
  2.800E+02 -6.066E+02  4.527E-03  0.1956
  3.200E+02 -6.066E+02  4.332E-03  0.2100
  3.600E+02 -6.066E+02  2.768E-03  0.2478
  4.000E+02 -6.066E+02  3.419E-03  0.2443
  4.400E+02 -6.066E+02  3.048E-03  0.2518
  4.800E+02 -6.066E+02  1.849E-03  0.3058
  5.200E+02 -6.066E+02  2.158E-03  0.2869
  5.600E+02 -6.066E+02  1.725E-03  0.3374
  6.000E+02 -6.066E+02  1.663E-03  0.3242
  6.400E+02 -6.066E+02  3.027E-03  0.2404
  6.800E+02 -6.066E+02  3.515E-03  0.2188
 -6.800E+02 -5.673E+02  2.447E-03  0.2831
 -6.400E+02 -5.673E+02  3.139E-03  0.2443
 -6.000E+02 -5.673E+02  2.268E-03  0.2812
 -5.600E+02 -5.673E+02  2.869E-03  0.2380
 -5.200E+02 -5.673E+02  3.107E-03  0.2313
 -4.800E+02 -5.673E+02  4.158E-03  0.2033
 -4.400E+02 -5.673E+02  2.464E-03  0.2758
 -4.000E+02 -5.673E+02  2.802E-03  0.2527
 -3.600E+02 -5.673E+02  2.223E-03  0.2823
 -3.200E+02 -5.673E+02  3.040E-03  0.2514
 -2.800E+02 -5.673E+02  3.022E-03  0.2493
 -2.400E+02 -5.673E+02  3.636E-03  0.2203
 -2.000E+02 -5.673E+02  3.802E-03  0.2041
 -1.600E+02 -5.673E+02  4.051E-03  0.1995
 -1.200E+02 -5.673E+02  5.076E-03  0.1949
 -8.000E+01 -5.673E+02  3.556E-03  0.2148
 -4.000E+01 -5.673E+02  3.907E-03  0.2087
  0.000E+00 -5.673E+02  2.976E-03  0.2356
  4.000E+01 -5.673E+02  3.164E-03  0.2253
  8.000E+01 -5.673E+02  4.714E-03  0.1856
  1.200E+02 -5.673E+02  2.945E-03  0.2344
  1.600E+02 -5.673E+02  3.907E-03  0.2079
  2.000E+02 -5.673E+02  2.307E-03  0.2707
  2.400E+02 -5.673E+02  2.792E-03  0.2385
  2.800E+02 -5.673E+02  4.888E-03  0.1859
  3.200E+02 -5.673E+02  3.362E-03  0.2198
  3.600E+02 -5.673E+02  4.314E-03  0.2101
  4.000E+02 -5.673E+02  3.266E-03  0.2319
  4.400E+02 -5.673E+02  3.350E-03  0.2251
  4.800E+02 -5.673E+02  2.746E-03  0.2519
  5.200E+02 -5.673E+02  2.305E-03  0.2585
  5.600E+02 -5.673E+02  2.693E-03  0.2648
  6.000E+02 -5.673E+02  2.291E-03  0.2762
  6.400E+02 -5.673E+02  3.004E-03  0.2266
  6.800E+02 -5.673E+02  3.262E-03  0.2360
 -6.800E+02 -5.279E+02  2.192E-03  0.2927
 -6.400E+02 -5.279E+02  3.760E-03  0.2088
 -6.000E+02 -5.279E+02  2.403E-03  0.2663
 -5.600E+02 -5.279E+02  4.357E-03  0.1907
 -5.200E+02 -5.279E+02  3.179E-03  0.2163
 -4.800E+02 -5.279E+02  3.262E-03  0.2215
 -4.400E+02 -5.279E+02  3.175E-03  0.2435
 -4.000E+02 -5.279E+02  3.387E-03  0.2203
 -3.600E+02 -5.279E+02  2.753E-03  0.2540
 -3.200E+02 -5.279E+02  2.894E-03  0.2702
 -2.800E+02 -5.279E+02  3.634E-03  0.2255
 -2.400E+02 -5.279E+02  2.175E-03  0.2857
 -2.000E+02 -5.279E+02  3.660E-03  0.2171
 -1.600E+02 -5.279E+02  4.985E-03  0.1874
 -1.200E+02 -5.279E+02  5.405E-03  0.1809
 -8.000E+01 -5.279E+02  3.697E-03  0.2241
 -4.000E+01 -5.279E+02  4.270E-03  0.2040
  0.000E+00 -5.279E+02  3.046E-03  0.2500
  4.000E+01 -5.279E+02  3.828E-03  0.2052
  8.000E+01 -5.279E+02  4.448E-03  0.1984
  1.200E+02 -5.279E+02  3.347E-03  0.2091
  1.600E+02 -5.279E+02  3.595E-03  0.2063
  2.000E+02 -5.279E+02  2.599E-03  0.2529
  2.400E+02 -5.279E+02  3.453E-03  0.2327
  2.800E+02 -5.279E+02  4.832E-03  0.1987
  3.200E+02 -5.279E+02  2.921E-03  0.2312
  3.600E+02 -5.279E+02  4.517E-03  0.1954
  4.000E+02 -5.279E+02  4.698E-03  0.1868
  4.400E+02 -5.279E+02  3.396E-03  0.2308
  4.800E+02 -5.279E+02  2.204E-03  0.2988
  5.200E+02 -5.279E+02  3.743E-03  0.2238
  5.600E+02 -5.279E+02  1.855E-03  0.2909
  6.000E+02 -5.279E+02  2.593E-03  0.2554
  6.400E+02 -5.279E+02  4.194E-03  0.2117
  6.800E+02 -5.279E+02  2.813E-03  0.2461
 -6.800E+02 -4.886E+02  1.615E-03  0.3102
 -6.400E+02 -4.886E+02  3.974E-03  0.2123
 -6.000E+02 -4.886E+02  4.252E-03  0.2036
 -5.600E+02 -4.886E+02  3.782E-03  0.2063
 -5.200E+02 -4.886E+02  3.621E-03  0.2179
 -4.800E+02 -4.886E+02  3.352E-03  0.2239
 -4.400E+02 -4.886E+02  3.545E-03  0.2113
 -4.000E+02 -4.886E+02  4.723E-03  0.1999
 -3.600E+02 -4.886E+02  1.752E-03  0.2869
 -3.200E+02 -4.886E+02  3.525E-03  0.2360
 -2.800E+02 -4.886E+02  3.317E-03  0.2528
 -2.400E+02 -4.886E+02  2.343E-03  0.2730
 -2.000E+02 -4.886E+02  4.011E-03  0.2172
 -1.600E+02 -4.886E+02  3.748E-03  0.2099
 -1.200E+02 -4.886E+02  5.504E-03  0.1798
 -8.000E+01 -4.886E+02  5.509E-03  0.1773
 -4.000E+01 -4.886E+02  3.991E-03  0.2050
  0.000E+00 -4.886E+02  4.455E-03  0.2031
  4.000E+01 -4.886E+02  3.494E-03  0.2158
  8.000E+01 -4.886E+02  3.588E-03  0.2074
  1.200E+02 -4.886E+02  4.221E-03  0.1949
  1.600E+02 -4.886E+02  4.143E-03  0.1957
  2.000E+02 -4.886E+02  2.380E-03  0.2621
  2.400E+02 -4.886E+02  4.177E-03  0.2079
  2.800E+02 -4.886E+02  4.185E-03  0.2076
  3.200E+02 -4.886E+02  4.113E-03  0.2041
  3.600E+02 -4.886E+02  4.486E-03  0.1913
  4.000E+02 -4.886E+02  6.087E-03  0.1696
  4.400E+02 -4.886E+02  3.376E-03  0.2198
  4.800E+02 -4.886E+02  2.435E-03  0.2731
  5.200E+02 -4.886E+02  3.706E-03  0.2145
  5.600E+02 -4.886E+02  9.055E-04  0.4394
  6.000E+02 -4.886E+02  4.494E-03  0.2133
  6.400E+02 -4.886E+02  3.462E-03  0.2209
  6.800E+02 -4.886E+02  3.024E-03  0.2481
 -6.800E+02 -4.492E+02  3.366E-03  0.2375
 -6.400E+02 -4.492E+02  4.446E-03  0.1950
 -6.000E+02 -4.492E+02  5.268E-03  0.1735
 -5.600E+02 -4.492E+02  2.936E-03  0.2138
 -5.200E+02 -4.492E+02  4.217E-03  0.2127
 -4.800E+02 -4.492E+02  3.907E-03  0.2058
 -4.400E+02 -4.492E+02  4.637E-03  0.1956
 -4.000E+02 -4.492E+02  4.456E-03  0.2001
 -3.600E+02 -4.492E+02  2.627E-03  0.2515
 -3.200E+02 -4.492E+02  3.730E-03  0.2303
 -2.800E+02 -4.492E+02  2.593E-03  0.2712
 -2.400E+02 -4.492E+02  3.667E-03  0.2116
 -2.000E+02 -4.492E+02  3.949E-03  0.2156
 -1.600E+02 -4.492E+02  3.501E-03  0.2230
 -1.200E+02 -4.492E+02  4.752E-03  0.1818
 -8.000E+01 -4.492E+02  7.228E-03  0.1578
 -4.000E+01 -4.492E+02  3.166E-03  0.2281
  0.000E+00 -4.492E+02  6.101E-03  0.1779
  4.000E+01 -4.492E+02  3.249E-03  0.2100
  8.000E+01 -4.492E+02  4.217E-03  0.1859
  1.200E+02 -4.492E+02  5.398E-03  0.1729
  1.600E+02 -4.492E+02  2.863E-03  0.2298
  2.000E+02 -4.492E+02  4.536E-03  0.1969
  2.400E+02 -4.492E+02  4.888E-03  0.1866
  2.800E+02 -4.492E+02  3.378E-03  0.2246
  3.200E+02 -4.492E+02  4.575E-03  0.1899
  3.600E+02 -4.492E+02  4.854E-03  0.1954
  4.000E+02 -4.492E+02  5.801E-03  0.1788
  4.400E+02 -4.492E+02  3.422E-03  0.2103
  4.800E+02 -4.492E+02  3.260E-03  0.2382
  5.200E+02 -4.492E+02  2.914E-03  0.2404
  5.600E+02 -4.492E+02  1.951E-03  0.2928
  6.000E+02 -4.492E+02  4.681E-03  0.1999
  6.400E+02 -4.492E+02  3.765E-03  0.2139
  6.800E+02 -4.492E+02  2.525E-03  0.2535
 -6.800E+02 -4.099E+02  4.441E-03  0.2062
 -6.400E+02 -4.099E+02  4.301E-03  0.1953
 -6.000E+02 -4.099E+02  6.072E-03  0.1716
 -5.600E+02 -4.099E+02  3.990E-03  0.2165
 -5.200E+02 -4.099E+02  3.909E-03  0.2205
 -4.800E+02 -4.099E+02  4.211E-03  0.1998
 -4.400E+02 -4.099E+02  4.448E-03  0.1920
 -4.000E+02 -4.099E+02  4.852E-03  0.1887
 -3.600E+02 -4.099E+02  3.948E-03  0.2136
 -3.200E+02 -4.099E+02  3.379E-03  0.2216
 -2.800E+02 -4.099E+02  2.951E-03  0.2425
 -2.400E+02 -4.099E+02  5.169E-03  0.2045
 -2.000E+02 -4.099E+02  3.791E-03  0.2183
 -1.600E+02 -4.099E+02  3.820E-03  0.2143
 -1.200E+02 -4.099E+02  5.331E-03  0.1726
 -8.000E+01 -4.099E+02  5.434E-03  0.1786
 -4.000E+01 -4.099E+02  4.505E-03  0.1878
  0.000E+00 -4.099E+02  5.950E-03  0.1732
  4.000E+01 -4.099E+02  4.296E-03  0.2000
  8.000E+01 -4.099E+02  5.667E-03  0.1756
  1.200E+02 -4.099E+02  5.462E-03  0.1780
  1.600E+02 -4.099E+02  3.270E-03  0.2111
  2.000E+02 -4.099E+02  4.682E-03  0.1922
  2.400E+02 -4.099E+02  5.212E-03  0.1813
  2.800E+02 -4.099E+02  4.857E-03  0.1982
  3.200E+02 -4.099E+02  4.998E-03  0.1857
  3.600E+02 -4.099E+02  3.534E-03  0.2178
  4.000E+02 -4.099E+02  4.262E-03  0.2045
  4.400E+02 -4.099E+02  4.436E-03  0.1941
  4.800E+02 -4.099E+02  4.997E-03  0.1897
  5.200E+02 -4.099E+02  3.075E-03  0.2410
  5.600E+02 -4.099E+02  3.331E-03  0.2279
  6.000E+02 -4.099E+02  4.577E-03  0.2040
  6.400E+02 -4.099E+02  3.219E-03  0.2209
  6.800E+02 -4.099E+02  3.900E-03  0.2086
 -6.800E+02 -3.705E+02  4.375E-03  0.1942
 -6.400E+02 -3.705E+02  5.067E-03  0.1840
 -6.000E+02 -3.705E+02  5.596E-03  0.1817
 -5.600E+02 -3.705E+02  4.245E-03  0.1980
 -5.200E+02 -3.705E+02  4.965E-03  0.1875
 -4.800E+02 -3.705E+02  4.119E-03  0.2025
 -4.400E+02 -3.705E+02  4.582E-03  0.1932
 -4.000E+02 -3.705E+02  5.317E-03  0.1772
 -3.600E+02 -3.705E+02  3.169E-03  0.2326
 -3.200E+02 -3.705E+02  5.082E-03  0.1845
 -2.800E+02 -3.705E+02  4.189E-03  0.1980
 -2.400E+02 -3.705E+02  6.036E-03  0.1768
 -2.000E+02 -3.705E+02  3.346E-03  0.2173
 -1.600E+02 -3.705E+02  3.577E-03  0.2171
 -1.200E+02 -3.705E+02  4.892E-03  0.1905
 -8.000E+01 -3.705E+02  3.859E-03  0.2120
 -4.000E+01 -3.705E+02  6.227E-03  0.1730
  0.000E+00 -3.705E+02  5.475E-03  0.1721
  4.000E+01 -3.705E+02  4.655E-03  0.1968
  8.000E+01 -3.705E+02  7.123E-03  0.1557
  1.200E+02 -3.705E+02  5.203E-03  0.1761
  1.600E+02 -3.705E+02  4.163E-03  0.2122
  2.000E+02 -3.705E+02  4.959E-03  0.1899
  2.400E+02 -3.705E+02  4.539E-03  0.1978
  2.800E+02 -3.705E+02  5.328E-03  0.1863
  3.200E+02 -3.705E+02  5.361E-03  0.1757
  3.600E+02 -3.705E+02  3.668E-03  0.2228
  4.000E+02 -3.705E+02  4.246E-03  0.2038
  4.400E+02 -3.705E+02  3.837E-03  0.2130
  4.800E+02 -3.705E+02  4.053E-03  0.2019
  5.200E+02 -3.705E+02  6.657E-03  0.1715
  5.600E+02 -3.705E+02  4.242E-03  0.2086
  6.000E+02 -3.705E+02  3.820E-03  0.2079
  6.400E+02 -3.705E+02  3.969E-03  0.2130
  6.800E+02 -3.705E+02  3.203E-03  0.2206
 -6.800E+02 -3.312E+02  4.831E-03  0.1902
 -6.400E+02 -3.312E+02  5.544E-03  0.1777
 -6.000E+02 -3.312E+02  5.617E-03  0.1752
 -5.600E+02 -3.312E+02  4.758E-03  0.1929
 -5.200E+02 -3.312E+02  5.876E-03  0.1744
 -4.800E+02 -3.312E+02  4.366E-03  0.2047
 -4.400E+02 -3.312E+02  4.603E-03  0.1896
 -4.000E+02 -3.312E+02  5.398E-03  0.1727
 -3.600E+02 -3.312E+02  5.396E-03  0.1747
 -3.200E+02 -3.312E+02  5.463E-03  0.1730
 -2.800E+02 -3.312E+02  5.170E-03  0.1807
 -2.400E+02 -3.312E+02  4.936E-03  0.1930
 -2.000E+02 -3.312E+02  4.460E-03  0.2091
 -1.600E+02 -3.312E+02  3.148E-03  0.2219
 -1.200E+02 -3.312E+02  4.721E-03  0.1894
 -8.000E+01 -3.312E+02  3.969E-03  0.1974
 -4.000E+01 -3.312E+02  6.119E-03  0.1730
  0.000E+00 -3.312E+02  5.891E-03  0.1694
  4.000E+01 -3.312E+02  5.773E-03  0.1720
  8.000E+01 -3.312E+02  6.986E-03  0.1605
  1.200E+02 -3.312E+02  4.909E-03  0.1841
  1.600E+02 -3.312E+02  4.110E-03  0.2039
  2.000E+02 -3.312E+02  5.455E-03  0.1820
  2.400E+02 -3.312E+02  5.071E-03  0.1892
  2.800E+02 -3.312E+02  4.940E-03  0.1877
  3.200E+02 -3.312E+02  5.464E-03  0.1750
  3.600E+02 -3.312E+02  4.433E-03  0.2023
  4.000E+02 -3.312E+02  2.883E-03  0.2602
  4.400E+02 -3.312E+02  4.798E-03  0.1998
  4.800E+02 -3.312E+02  5.517E-03  0.1826
  5.200E+02 -3.312E+02  6.559E-03  0.1685
  5.600E+02 -3.312E+02  3.916E-03  0.2197
  6.000E+02 -3.312E+02  5.078E-03  0.1865
  6.400E+02 -3.312E+02  3.244E-03  0.2323
  6.800E+02 -3.312E+02  3.724E-03  0.2035
 -6.800E+02 -2.918E+02  6.416E-03  0.1631
 -6.400E+02 -2.918E+02  5.665E-03  0.1667
 -6.000E+02 -2.918E+02  6.047E-03  0.1804
 -5.600E+02 -2.918E+02  4.044E-03  0.2106
 -5.200E+02 -2.918E+02  5.808E-03  0.1755
 -4.800E+02 -2.918E+02  3.812E-03  0.2140
 -4.400E+02 -2.918E+02  5.081E-03  0.1817
 -4.000E+02 -2.918E+02  6.376E-03  0.1658
 -3.600E+02 -2.918E+02  5.709E-03  0.1672
 -3.200E+02 -2.918E+02  6.587E-03  0.1653
 -2.800E+02 -2.918E+02  5.714E-03  0.1767
 -2.400E+02 -2.918E+02  5.555E-03  0.1754
 -2.000E+02 -2.918E+02  4.614E-03  0.1859
 -1.600E+02 -2.918E+02  3.428E-03  0.2199
 -1.200E+02 -2.918E+02  4.253E-03  0.2054
 -8.000E+01 -2.918E+02  6.112E-03  0.1677
 -4.000E+01 -2.918E+02  6.670E-03  0.1672
  0.000E+00 -2.918E+02  5.404E-03  0.1760
  4.000E+01 -2.918E+02  6.593E-03  0.1589
  8.000E+01 -2.918E+02  5.313E-03  0.1788
  1.200E+02 -2.918E+02  5.604E-03  0.1832
  1.600E+02 -2.918E+02  5.128E-03  0.1732
  2.000E+02 -2.918E+02  5.402E-03  0.1756
  2.400E+02 -2.918E+02  5.301E-03  0.1885
  2.800E+02 -2.918E+02  4.989E-03  0.1846
  3.200E+02 -2.918E+02  5.013E-03  0.1852
  3.600E+02 -2.918E+02  4.526E-03  0.1898
  4.000E+02 -2.918E+02  3.068E-03  0.2328
  4.400E+02 -2.918E+02  6.515E-03  0.1778
  4.800E+02 -2.918E+02  6.518E-03  0.1638
  5.200E+02 -2.918E+02  4.104E-03  0.1926
  5.600E+02 -2.918E+02  5.202E-03  0.1842
  6.000E+02 -2.918E+02  5.209E-03  0.1841
  6.400E+02 -2.918E+02  3.123E-03  0.2395
  6.800E+02 -2.918E+02  4.078E-03  0.1997
 -6.800E+02 -2.525E+02  6.808E-03  0.1582
 -6.400E+02 -2.525E+02  6.998E-03  0.1557
 -6.000E+02 -2.525E+02  5.653E-03  0.1762
 -5.600E+02 -2.525E+02  4.313E-03  0.1985
 -5.200E+02 -2.525E+02  4.725E-03  0.1892
 -4.800E+02 -2.525E+02  3.893E-03  0.2042
 -4.400E+02 -2.525E+02  5.742E-03  0.1787
 -4.000E+02 -2.525E+02  6.460E-03  0.1620
 -3.600E+02 -2.525E+02  6.247E-03  0.1696
 -3.200E+02 -2.525E+02  6.442E-03  0.1707
 -2.800E+02 -2.525E+02  7.382E-03  0.1544
 -2.400E+02 -2.525E+02  6.626E-03  0.1620
 -2.000E+02 -2.525E+02  5.180E-03  0.1728
 -1.600E+02 -2.525E+02  4.203E-03  0.2091
 -1.200E+02 -2.525E+02  5.530E-03  0.1759
 -8.000E+01 -2.525E+02  6.473E-03  0.1636
 -4.000E+01 -2.525E+02  7.455E-03  0.1593
  0.000E+00 -2.525E+02  4.979E-03  0.1829
  4.000E+01 -2.525E+02  4.954E-03  0.1844
  8.000E+01 -2.525E+02  5.272E-03  0.1820
  1.200E+02 -2.525E+02  4.834E-03  0.1849
  1.600E+02 -2.525E+02  6.638E-03  0.1576
  2.000E+02 -2.525E+02  5.375E-03  0.1754
  2.400E+02 -2.525E+02  5.914E-03  0.1806
  2.800E+02 -2.525E+02  4.840E-03  0.1837
  3.200E+02 -2.525E+02  4.729E-03  0.1971
  3.600E+02 -2.525E+02  5.451E-03  0.1709
  4.000E+02 -2.525E+02  5.153E-03  0.1923
  4.400E+02 -2.525E+02  5.547E-03  0.1753
  4.800E+02 -2.525E+02  5.337E-03  0.1857
  5.200E+02 -2.525E+02  5.556E-03  0.1864
  5.600E+02 -2.525E+02  4.636E-03  0.2045
  6.000E+02 -2.525E+02  4.471E-03  0.1893
  6.400E+02 -2.525E+02  4.596E-03  0.1877
  6.800E+02 -2.525E+02  4.425E-03  0.1965
 -6.800E+02 -2.132E+02  7.005E-03  0.1597
 -6.400E+02 -2.132E+02  6.735E-03  0.1647
 -6.000E+02 -2.132E+02  6.012E-03  0.1727
 -5.600E+02 -2.132E+02  5.324E-03  0.1825
 -5.200E+02 -2.132E+02  4.737E-03  0.1913
 -4.800E+02 -2.132E+02  4.779E-03  0.1884
 -4.400E+02 -2.132E+02  3.940E-03  0.2034
 -4.000E+02 -2.132E+02  6.918E-03  0.1591
 -3.600E+02 -2.132E+02  8.418E-03  0.1441
 -3.200E+02 -2.132E+02  6.083E-03  0.1677
 -2.800E+02 -2.132E+02  7.538E-03  0.1505
 -2.400E+02 -2.132E+02  5.743E-03  0.1705
 -2.000E+02 -2.132E+02  6.255E-03  0.1692
 -1.600E+02 -2.132E+02  6.740E-03  0.1605
 -1.200E+02 -2.132E+02  8.507E-03  0.1474
 -8.000E+01 -2.132E+02  4.795E-03  0.1821
 -4.000E+01 -2.132E+02  6.291E-03  0.1745
  0.000E+00 -2.132E+02  4.952E-03  0.1813
  4.000E+01 -2.132E+02  4.624E-03  0.1898
  8.000E+01 -2.132E+02  5.980E-03  0.1685
  1.200E+02 -2.132E+02  5.188E-03  0.1808
  1.600E+02 -2.132E+02  5.442E-03  0.1700
  2.000E+02 -2.132E+02  6.483E-03  0.1579
  2.400E+02 -2.132E+02  6.541E-03  0.1683
  2.800E+02 -2.132E+02  5.404E-03  0.1774
  3.200E+02 -2.132E+02  4.838E-03  0.1765
  3.600E+02 -2.132E+02  6.834E-03  0.1651
  4.000E+02 -2.132E+02  3.667E-03  0.2105
  4.400E+02 -2.132E+02  5.694E-03  0.1750
  4.800E+02 -2.132E+02  4.839E-03  0.1904
  5.200E+02 -2.132E+02  5.926E-03  0.1735
  5.600E+02 -2.132E+02  4.378E-03  0.2091
  6.000E+02 -2.132E+02  4.314E-03  0.2017
  6.400E+02 -2.132E+02  5.672E-03  0.1811
  6.800E+02 -2.132E+02  4.867E-03  0.1899
 -6.800E+02 -1.738E+02  7.838E-03  0.1485
 -6.400E+02 -1.738E+02  6.567E-03  0.1517
 -6.000E+02 -1.738E+02  5.943E-03  0.1615
 -5.600E+02 -1.738E+02  5.649E-03  0.1648
 -5.200E+02 -1.738E+02  7.082E-03  0.1541
 -4.800E+02 -1.738E+02  5.479E-03  0.1731
 -4.400E+02 -1.738E+02  5.276E-03  0.1712
 -4.000E+02 -1.738E+02  7.135E-03  0.1566
 -3.600E+02 -1.738E+02  7.860E-03  0.1493
 -3.200E+02 -1.738E+02  9.367E-03  0.1403
 -2.800E+02 -1.738E+02  7.313E-03  0.1539
 -2.400E+02 -1.738E+02  6.428E-03  0.1727
 -2.000E+02 -1.738E+02  5.025E-03  0.1804
 -1.600E+02 -1.738E+02  6.576E-03  0.1645
 -1.200E+02 -1.738E+02  6.267E-03  0.1668
 -8.000E+01 -1.738E+02  7.616E-03  0.1470
 -4.000E+01 -1.738E+02  6.126E-03  0.1641
  0.000E+00 -1.738E+02  4.983E-03  0.1823
  4.000E+01 -1.738E+02  4.017E-03  0.2017
  8.000E+01 -1.738E+02  6.014E-03  0.1705
  1.200E+02 -1.738E+02  7.490E-03  0.1494
  1.600E+02 -1.738E+02  5.966E-03  0.1718
  2.000E+02 -1.738E+02  6.810E-03  0.1535
  2.400E+02 -1.738E+02  4.385E-03  0.1896
  2.800E+02 -1.738E+02  5.958E-03  0.1774
  3.200E+02 -1.738E+02  7.107E-03  0.1600
  3.600E+02 -1.738E+02  5.073E-03  0.1797
  4.000E+02 -1.738E+02  5.120E-03  0.1816
  4.400E+02 -1.738E+02  4.862E-03  0.1883
  4.800E+02 -1.738E+02  5.294E-03  0.1862
  5.200E+02 -1.738E+02  5.865E-03  0.1668
  5.600E+02 -1.738E+02  5.662E-03  0.1696
  6.000E+02 -1.738E+02  6.427E-03  0.1753
  6.400E+02 -1.738E+02  5.326E-03  0.1820
  6.800E+02 -1.738E+02  4.417E-03  0.1913
 -6.800E+02 -1.345E+02  7.319E-03  0.1595
 -6.400E+02 -1.345E+02  7.909E-03  0.1516
 -6.000E+02 -1.345E+02  6.584E-03  0.1602
 -5.600E+02 -1.345E+02  7.352E-03  0.1510
 -5.200E+02 -1.345E+02  6.665E-03  0.1638
 -4.800E+02 -1.345E+02  6.171E-03  0.1739
 -4.400E+02 -1.345E+02  7.309E-03  0.1610
 -4.000E+02 -1.345E+02  8.528E-03  0.1427
 -3.600E+02 -1.345E+02  5.406E-03  0.1683
 -3.200E+02 -1.345E+02  9.564E-03  0.1357
 -2.800E+02 -1.345E+02  8.730E-03  0.1416
 -2.400E+02 -1.345E+02  6.991E-03  0.1510
 -2.000E+02 -1.345E+02  5.068E-03  0.1782
 -1.600E+02 -1.345E+02  6.591E-03  0.1617
 -1.200E+02 -1.345E+02  5.884E-03  0.1701
 -8.000E+01 -1.345E+02  7.812E-03  0.1588
 -4.000E+01 -1.345E+02  5.617E-03  0.1697
  0.000E+00 -1.345E+02  5.322E-03  0.1802
  4.000E+01 -1.345E+02  4.866E-03  0.1886
  8.000E+01 -1.345E+02  6.599E-03  0.1597
  1.200E+02 -1.345E+02  8.399E-03  0.1407
  1.600E+02 -1.345E+02  5.646E-03  0.1674
  2.000E+02 -1.345E+02  8.639E-03  0.1403
  2.400E+02 -1.345E+02  3.774E-03  0.2140
  2.800E+02 -1.345E+02  4.890E-03  0.1876
  3.200E+02 -1.345E+02  8.409E-03  0.1520
  3.600E+02 -1.345E+02  5.760E-03  0.1727
  4.000E+02 -1.345E+02  6.346E-03  0.1667
  4.400E+02 -1.345E+02  5.348E-03  0.1766
  4.800E+02 -1.345E+02  6.338E-03  0.1659
  5.200E+02 -1.345E+02  6.374E-03  0.1722
  5.600E+02 -1.345E+02  5.986E-03  0.1642
  6.000E+02 -1.345E+02  5.805E-03  0.1838
  6.400E+02 -1.345E+02  4.929E-03  0.1840
  6.800E+02 -1.345E+02  5.703E-03  0.1715
 -6.800E+02 -9.511E+01  7.995E-03  0.1517
 -6.400E+02 -9.511E+01  7.517E-03  0.1543
 -6.000E+02 -9.511E+01  7.960E-03  0.1448
 -5.600E+02 -9.511E+01  6.462E-03  0.1615
 -5.200E+02 -9.511E+01  5.656E-03  0.1688
 -4.800E+02 -9.511E+01  7.967E-03  0.1527
 -4.400E+02 -9.511E+01  7.468E-03  0.1533
 -4.000E+02 -9.511E+01  8.613E-03  0.1434
 -3.600E+02 -9.511E+01  6.830E-03  0.1645
 -3.200E+02 -9.511E+01  7.465E-03  0.1490
 -2.800E+02 -9.511E+01  7.890E-03  0.1469
 -2.400E+02 -9.511E+01  7.855E-03  0.1486
 -2.000E+02 -9.511E+01  5.738E-03  0.1761
 -1.600E+02 -9.511E+01  6.064E-03  0.1680
 -1.200E+02 -9.511E+01  4.848E-03  0.1840
 -8.000E+01 -9.511E+01  7.341E-03  0.1569
 -4.000E+01 -9.511E+01  5.806E-03  0.1631
  0.000E+00 -9.511E+01  5.381E-03  0.1713
  4.000E+01 -9.511E+01  7.978E-03  0.1491
  8.000E+01 -9.511E+01  7.682E-03  0.1449
  1.200E+02 -9.511E+01  7.211E-03  0.1509
  1.600E+02 -9.511E+01  6.246E-03  0.1626
  2.000E+02 -9.511E+01  6.898E-03  0.1556
  2.400E+02 -9.511E+01  5.961E-03  0.1673
  2.800E+02 -9.511E+01  6.176E-03  0.1682
  3.200E+02 -9.511E+01  7.420E-03  0.1509
  3.600E+02 -9.511E+01  8.812E-03  0.1529
  4.000E+02 -9.511E+01  6.445E-03  0.1653
  4.400E+02 -9.511E+01  6.360E-03  0.1674
  4.800E+02 -9.511E+01  6.779E-03  0.1619
  5.200E+02 -9.511E+01  5.669E-03  0.1645
  5.600E+02 -9.511E+01  5.884E-03  0.1663
  6.000E+02 -9.511E+01  7.034E-03  0.1576
  6.400E+02 -9.511E+01  6.034E-03  0.1751
  6.800E+02 -9.511E+01  5.654E-03  0.1788
 -6.800E+02 -5.576E+01  6.341E-03  0.1584
 -6.400E+02 -5.576E+01  9.028E-03  0.1355
 -6.000E+02 -5.576E+01  8.479E-03  0.1412
 -5.600E+02 -5.576E+01  5.994E-03  0.1694
 -5.200E+02 -5.576E+01  7.752E-03  0.1499
 -4.800E+02 -5.576E+01  7.682E-03  0.1549
 -4.400E+02 -5.576E+01  7.817E-03  0.1464
 -4.000E+02 -5.576E+01  9.725E-03  0.1366
 -3.600E+02 -5.576E+01  8.150E-03  0.1489
 -3.200E+02 -5.576E+01  7.079E-03  0.1560
 -2.800E+02 -5.576E+01  7.381E-03  0.1492
 -2.400E+02 -5.576E+01  6.417E-03  0.1619
 -2.000E+02 -5.576E+01  7.130E-03  0.1578
 -1.600E+02 -5.576E+01  6.774E-03  0.1542
 -1.200E+02 -5.576E+01  6.377E-03  0.1585
 -8.000E+01 -5.576E+01  5.086E-03  0.1822
 -4.000E+01 -5.576E+01  7.877E-03  0.1492
  0.000E+00 -5.576E+01  5.756E-03  0.1674
  4.000E+01 -5.576E+01  5.950E-03  0.1630
  8.000E+01 -5.576E+01  8.833E-03  0.1387
  1.200E+02 -5.576E+01  7.531E-03  0.1451
  1.600E+02 -5.576E+01  7.557E-03  0.1532
  2.000E+02 -5.576E+01  6.417E-03  0.1548
  2.400E+02 -5.576E+01  7.903E-03  0.1468
  2.800E+02 -5.576E+01  6.579E-03  0.1524
  3.200E+02 -5.576E+01  6.663E-03  0.1606
  3.600E+02 -5.576E+01  8.055E-03  0.1560
  4.000E+02 -5.576E+01  7.006E-03  0.1568
  4.400E+02 -5.576E+01  8.641E-03  0.1476
  4.800E+02 -5.576E+01  6.597E-03  0.1624
  5.200E+02 -5.576E+01  7.370E-03  0.1578
  5.600E+02 -5.576E+01  5.999E-03  0.1727
  6.000E+02 -5.576E+01  7.444E-03  0.1538
  6.400E+02 -5.576E+01  7.009E-03  0.1726
  6.800E+02 -5.576E+01  6.727E-03  0.1552
 -6.800E+02 -1.641E+01  5.432E-03  0.1683
 -6.400E+02 -1.641E+01  8.239E-03  0.1472
 -6.000E+02 -1.641E+01  8.913E-03  0.1439
 -5.600E+02 -1.641E+01  5.888E-03  0.1692
 -5.200E+02 -1.641E+01  8.413E-03  0.1410
 -4.800E+02 -1.641E+01  9.259E-03  0.1444
 -4.400E+02 -1.641E+01  7.034E-03  0.1597
 -4.000E+02 -1.641E+01  8.689E-03  0.1418
 -3.600E+02 -1.641E+01  1.053E-02  0.1302
 -3.200E+02 -1.641E+01  6.584E-03  0.1651
 -2.800E+02 -1.641E+01  7.233E-03  0.1555
 -2.400E+02 -1.641E+01  5.031E-03  0.1794
 -2.000E+02 -1.641E+01  7.710E-03  0.1495
 -1.600E+02 -1.641E+01  9.604E-03  0.1312
 -1.200E+02 -1.641E+01  6.600E-03  0.1571
 -8.000E+01 -1.641E+01  6.583E-03  0.1587
 -4.000E+01 -1.641E+01  8.185E-03  0.1459
  0.000E+00 -1.641E+01  6.943E-03  0.1544
  4.000E+01 -1.641E+01  5.515E-03  0.1741
  8.000E+01 -1.641E+01  6.651E-03  0.1553
  1.200E+02 -1.641E+01  9.033E-03  0.2385
  1.600E+02 -1.641E+01  9.857E-03  0.2146
  2.000E+02 -1.641E+01  8.303E-03  0.1417
  2.400E+02 -1.641E+01  7.952E-03  0.1451
  2.800E+02 -1.641E+01  7.224E-03  0.1545
  3.200E+02 -1.641E+01  6.142E-03  0.1667
  3.600E+02 -1.641E+01  8.374E-03  0.1483
  4.000E+02 -1.641E+01  6.943E-03  0.1525
  4.400E+02 -1.641E+01  8.142E-03  0.1415
  4.800E+02 -1.641E+01  8.684E-03  0.1411
  5.200E+02 -1.641E+01  9.859E-03  0.1382
  5.600E+02 -1.641E+01  6.241E-03  0.1644
  6.000E+02 -1.641E+01  7.523E-03  0.1477
  6.400E+02 -1.641E+01  7.286E-03  0.1625
  6.800E+02 -1.641E+01  7.074E-03  0.1544
 -6.800E+02  2.293E+01  6.371E-03  0.1645
 -6.400E+02  2.293E+01  7.254E-03  0.1547
 -6.000E+02  2.293E+01  9.049E-03  0.1346
 -5.600E+02  2.293E+01  6.967E-03  0.1577
 -5.200E+02  2.293E+01  8.975E-03  0.1364
 -4.800E+02  2.293E+01  8.063E-03  0.1483
 -4.400E+02  2.293E+01  7.785E-03  0.1518
 -4.000E+02  2.293E+01  8.218E-03  0.1459
 -3.600E+02  2.293E+01  9.112E-03  0.1378
 -3.200E+02  2.293E+01  7.217E-03  0.1562
 -2.800E+02  2.293E+01  7.363E-03  0.1534
 -2.400E+02  2.293E+01  6.359E-03  0.1638
 -2.000E+02  2.293E+01  7.566E-03  0.1509
 -1.600E+02  2.293E+01  9.651E-03  0.1408
 -1.200E+02  2.293E+01  6.230E-03  0.1600
 -8.000E+01  2.293E+01  8.888E-03  0.1387
 -4.000E+01  2.293E+01  7.688E-03  0.1467
  0.000E+00  2.293E+01  7.497E-03  0.1535
  4.000E+01  2.293E+01  6.118E-03  0.1702
  8.000E+01  2.293E+01  9.356E-03  0.3232
  1.200E+02  2.293E+01  8.662E-03  0.1744
  1.600E+02  2.293E+01  7.101E-03  0.1591
  2.000E+02  2.293E+01  7.154E-03  0.1452
  2.400E+02  2.293E+01  9.024E-03  0.1385
  2.800E+02  2.293E+01  7.801E-03  0.1518
  3.200E+02  2.293E+01  8.684E-03  0.1514
  3.600E+02  2.293E+01  5.595E-03  0.1795
  4.000E+02  2.293E+01  8.143E-03  0.1466
  4.400E+02  2.293E+01  7.754E-03  0.1511
  4.800E+02  2.293E+01  7.768E-03  0.1459
  5.200E+02  2.293E+01  1.006E-02  0.1365
  5.600E+02  2.293E+01  5.998E-03  0.1614
  6.000E+02  2.293E+01  7.247E-03  0.1543
  6.400E+02  2.293E+01  7.682E-03  0.1613
  6.800E+02  2.293E+01  9.249E-03  0.1510
 -6.800E+02  6.228E+01  7.215E-03  0.1572
 -6.400E+02  6.228E+01  7.554E-03  0.1484
 -6.000E+02  6.228E+01  9.614E-03  0.1341
 -5.600E+02  6.228E+01  8.397E-03  0.1455
 -5.200E+02  6.228E+01  9.062E-03  0.1328
 -4.800E+02  6.228E+01  8.493E-03  0.1433
 -4.400E+02  6.228E+01  7.940E-03  0.1565
 -4.000E+02  6.228E+01  7.209E-03  0.1583
 -3.600E+02  6.228E+01  8.400E-03  0.1446
 -3.200E+02  6.228E+01  7.713E-03  0.1500
 -2.800E+02  6.228E+01  6.897E-03  0.1588
 -2.400E+02  6.228E+01  7.244E-03  0.1523
 -2.000E+02  6.228E+01  7.440E-03  0.1512
 -1.600E+02  6.228E+01  9.068E-03  0.1521
 -1.200E+02  6.228E+01  6.795E-03  0.1641
 -8.000E+01  6.228E+01  7.190E-03  0.1511
 -4.000E+01  6.228E+01  8.703E-03  0.1372
  0.000E+00  6.228E+01  7.445E-03  0.1500
  4.000E+01  6.228E+01  6.664E-03  0.1682
  8.000E+01  6.228E+01  6.118E-03  0.1576
  1.200E+02  6.228E+01  8.717E-03  0.1388
  1.600E+02  6.228E+01  6.059E-03  0.1737
  2.000E+02  6.228E+01  6.562E-03  0.1677
  2.400E+02  6.228E+01  8.476E-03  0.1419
  2.800E+02  6.228E+01  8.459E-03  0.1438
  3.200E+02  6.228E+01  7.086E-03  0.1587
  3.600E+02  6.228E+01  7.589E-03  0.1501
  4.000E+02  6.228E+01  7.865E-03  0.1487
  4.400E+02  6.228E+01  7.919E-03  0.1423
  4.800E+02  6.228E+01  7.426E-03  0.1509
  5.200E+02  6.228E+01  9.189E-03  0.1390
  5.600E+02  6.228E+01  6.520E-03  0.1634
  6.000E+02  6.228E+01  5.633E-03  0.1791
  6.400E+02  6.228E+01  8.021E-03  0.1534
  6.800E+02  6.228E+01  7.987E-03  0.1478
 -6.800E+02  1.016E+02  6.884E-03  0.1629
 -6.400E+02  1.016E+02  8.587E-03  0.1400
 -6.000E+02  1.016E+02  9.923E-03  0.1326
 -5.600E+02  1.016E+02  9.254E-03  0.1364
 -5.200E+02  1.016E+02  9.448E-03  0.1398
 -4.800E+02  1.016E+02  7.074E-03  0.1564
 -4.400E+02  1.016E+02  7.728E-03  0.1470
 -4.000E+02  1.016E+02  7.037E-03  0.1560
 -3.600E+02  1.016E+02  7.467E-03  0.1547
 -3.200E+02  1.016E+02  7.400E-03  0.1516
 -2.800E+02  1.016E+02  8.079E-03  0.1512
 -2.400E+02  1.016E+02  8.322E-03  0.1462
 -2.000E+02  1.016E+02  8.373E-03  0.1431
 -1.600E+02  1.016E+02  9.519E-03  0.1508
 -1.200E+02  1.016E+02  6.134E-03  0.1640
 -8.000E+01  1.016E+02  7.051E-03  0.1504
 -4.000E+01  1.016E+02  6.862E-03  0.1548
  0.000E+00  1.016E+02  8.146E-03  0.1442
  4.000E+01  1.016E+02  6.896E-03  0.1546
  8.000E+01  1.016E+02  6.987E-03  0.1555
  1.200E+02  1.016E+02  7.537E-03  0.1516
  1.600E+02  1.016E+02  6.058E-03  0.1705
  2.000E+02  1.016E+02  5.452E-03  0.1812
  2.400E+02  1.016E+02  8.917E-03  0.1397
  2.800E+02  1.016E+02  8.095E-03  0.1484
  3.200E+02  1.016E+02  7.005E-03  0.1652
  3.600E+02  1.016E+02  6.733E-03  0.1562
  4.000E+02  1.016E+02  6.603E-03  0.1562
  4.400E+02  1.016E+02  9.602E-03  0.1332
  4.800E+02  1.016E+02  7.997E-03  0.1440
  5.200E+02  1.016E+02  8.636E-03  0.1414
  5.600E+02  1.016E+02  7.261E-03  0.1613
  6.000E+02  1.016E+02  6.527E-03  0.1630
  6.400E+02  1.016E+02  9.552E-03  0.1433
  6.800E+02  1.016E+02  8.651E-03  0.1425
 -6.800E+02  1.410E+02  6.613E-03  0.1608
 -6.400E+02  1.410E+02  7.827E-03  0.1462
 -6.000E+02  1.410E+02  1.033E-02  0.1306
 -5.600E+02  1.410E+02  9.043E-03  0.1355
 -5.200E+02  1.410E+02  7.587E-03  0.1481
 -4.800E+02  1.410E+02  7.472E-03  0.1529
 -4.400E+02  1.410E+02  6.323E-03  0.1657
 -4.000E+02  1.410E+02  7.867E-03  0.1525
 -3.600E+02  1.410E+02  7.761E-03  0.1555
 -3.200E+02  1.410E+02  7.463E-03  0.1517
 -2.800E+02  1.410E+02  8.523E-03  0.1376
 -2.400E+02  1.410E+02  6.411E-03  0.1625
 -2.000E+02  1.410E+02  9.802E-03  0.1368
 -1.600E+02  1.410E+02  8.397E-03  0.1581
 -1.200E+02  1.410E+02  8.034E-03  0.1476
 -8.000E+01  1.410E+02  6.190E-03  0.1699
 -4.000E+01  1.410E+02  7.892E-03  0.1491
  0.000E+00  1.410E+02  7.349E-03  0.1479
  4.000E+01  1.410E+02  6.048E-03  0.1618
  8.000E+01  1.410E+02  8.018E-03  0.1454
  1.200E+02  1.410E+02  7.614E-03  0.1541
  1.600E+02  1.410E+02  6.263E-03  0.1674
  2.000E+02  1.410E+02  6.856E-03  0.1592
  2.400E+02  1.410E+02  7.927E-03  0.1459
  2.800E+02  1.410E+02  8.374E-03  0.1534
  3.200E+02  1.410E+02  6.952E-03  0.1651
  3.600E+02  1.410E+02  6.354E-03  0.1558
  4.000E+02  1.410E+02  7.668E-03  0.1486
  4.400E+02  1.410E+02  8.696E-03  0.1386
  4.800E+02  1.410E+02  8.742E-03  0.1365
  5.200E+02  1.410E+02  8.147E-03  0.1429
  5.600E+02  1.410E+02  7.274E-03  0.1623
  6.000E+02  1.410E+02  8.579E-03  0.1475
  6.400E+02  1.410E+02  9.995E-03  0.1380
  6.800E+02  1.410E+02  9.172E-03  0.1373
 -6.800E+02  1.803E+02  6.392E-03  0.1551
 -6.400E+02  1.803E+02  8.293E-03  0.1422
 -6.000E+02  1.803E+02  9.464E-03  0.1334
 -5.600E+02  1.803E+02  8.017E-03  0.1448
 -5.200E+02  1.803E+02  7.428E-03  0.1489
 -4.800E+02  1.803E+02  8.291E-03  0.1406
 -4.400E+02  1.803E+02  5.760E-03  0.1679
 -4.000E+02  1.803E+02  8.469E-03  0.1459
 -3.600E+02  1.803E+02  6.706E-03  0.1650
 -3.200E+02  1.803E+02  8.836E-03  0.1469
 -2.800E+02  1.803E+02  8.703E-03  0.1347
 -2.400E+02  1.803E+02  6.259E-03  0.1640
 -2.000E+02  1.803E+02  7.966E-03  0.1460
 -1.600E+02  1.803E+02  7.262E-03  0.1769
 -1.200E+02  1.803E+02  8.486E-03  0.1448
 -8.000E+01  1.803E+02  4.959E-03  0.1744
 -4.000E+01  1.803E+02  7.668E-03  0.1488
  0.000E+00  1.803E+02  8.537E-03  0.1379
  4.000E+01  1.803E+02  7.162E-03  0.1502
  8.000E+01  1.803E+02  9.758E-03  0.1365
  1.200E+02  1.803E+02  7.748E-03  0.1482
  1.600E+02  1.803E+02  6.134E-03  0.1713
  2.000E+02  1.803E+02  7.317E-03  0.1577
  2.400E+02  1.803E+02  6.483E-03  0.1635
  2.800E+02  1.803E+02  8.691E-03  0.1450
  3.200E+02  1.803E+02  6.847E-03  0.1582
  3.600E+02  1.803E+02  8.590E-03  0.1440
  4.000E+02  1.803E+02  6.563E-03  0.1621
  4.400E+02  1.803E+02  8.921E-03  0.1374
  4.800E+02  1.803E+02  9.267E-03  0.1349
  5.200E+02  1.803E+02  7.479E-03  0.1494
  5.600E+02  1.803E+02  6.734E-03  0.1656
  6.000E+02  1.803E+02  8.706E-03  0.1456
  6.400E+02  1.803E+02  8.429E-03  0.1500
  6.800E+02  1.803E+02  8.967E-03  0.1372

# Information for Restart Calculation
# This calculation was newly started
# istdev =  2 # 1:Batch variance, 2:History variance
# resc2  = 7.82832684142561325E-02 # Total source weight or Total source weight / maxcas
# resc3  = 5.00000000000000000E+03 # Total history number or Total batch number
# maxcas =        5000 # History / Batch, only used for istdev=1
# bitrseed = 1100010111101110110110011000110000001000011110111010110010111010 # bit data of rseed
