[ T-Track ]
    title = Flux spectra vs depth in concrete
     mesh =  xyz            # mesh type is xyz scoring mesh
   x-type =    2            # x-mesh is linear given by xmin, xmax and nx
     xmin =  -600.0000      # minimum value of x-mesh points
     xmax =   600.0000      # maximum value of x-mesh points
#    xdel =   1200.000      # mesh width of x-mesh points
       nx =      1          # number of x-mesh points
#    data = ( x(i), i = 1, nx + 1 )
#          -6.00000E+02  6.00000E+02
   y-type =    2            # y-mesh is linear given by ymin, ymax and ny
     ymin =  -600.0000      # minimum value of y-mesh points
     ymax =   600.0000      # maximum value of y-mesh points
#    ydel =   1200.000      # mesh width of y-mesh points
       ny =      1          # number of y-mesh points
#    data = ( y(i), i = 1, ny + 1 )
#          -6.00000E+02  6.00000E+02
   z-type =    2            # z-mesh is linear given by zmin, zmax and nz
     zmin =  -700.0000      # minimum value of z-mesh points
     zmax =   0.000000      # maximum value of z-mesh points
#    zdel =   20.00000      # mesh width of z-mesh points
       nz =     35          # number of z-mesh points
#    data = ( z(i), i = 1, nz + 1 )
#          -7.00000E+02 -6.80000E+02 -6.60000E+02 -6.40000E+02 -6.20000E+02
#          -6.00000E+02 -5.80000E+02 -5.60000E+02 -5.40000E+02 -5.20000E+02
#          -5.00000E+02 -4.80000E+02 -4.60000E+02 -4.40000E+02 -4.20000E+02
#          -4.00000E+02 -3.80000E+02 -3.60000E+02 -3.40000E+02 -3.20000E+02
#          -3.00000E+02 -2.80000E+02 -2.60000E+02 -2.40000E+02 -2.20000E+02
#          -2.00000E+02 -1.80000E+02 -1.60000E+02 -1.40000E+02 -1.20000E+02
#          -1.00000E+02 -8.00000E+01 -6.00000E+01 -4.00000E+01 -2.00000E+01
#           0.00000E+00
   e-type =    3            # e-mesh is log given by emin, emax and ne
     emin =  1.0000000E-10  # minimum value of e-mesh points
     emax =   100000.0      # maximum value of e-mesh points
#    edel =  0.5756463      # mesh width of e-mesh points
       ne =     60          # number of e-mesh points
#    data = ( e(i), i = 1, ne + 1 )
#           1.00000E-10  1.77828E-10  3.16228E-10  5.62341E-10  1.00000E-09
#           1.77828E-09  3.16228E-09  5.62341E-09  1.00000E-08  1.77828E-08
#           3.16228E-08  5.62341E-08  1.00000E-07  1.77828E-07  3.16228E-07
#           5.62341E-07  1.00000E-06  1.77828E-06  3.16228E-06  5.62341E-06
#           1.00000E-05  1.77828E-05  3.16228E-05  5.62341E-05  1.00000E-04
#           1.77828E-04  3.16228E-04  5.62341E-04  1.00000E-03  1.77828E-03
#           3.16228E-03  5.62341E-03  1.00000E-02  1.77828E-02  3.16228E-02
#           5.62341E-02  1.00000E-01  1.77828E-01  3.16228E-01  5.62341E-01
#           1.00000E+00  1.77828E+00  3.16228E+00  5.62341E+00  1.00000E+01
#           1.77828E+01  3.16228E+01  5.62341E+01  1.00000E+02  1.77828E+02
#           3.16228E+02  5.62341E+02  1.00000E+03  1.77828E+03  3.16228E+03
#           5.62341E+03  1.00000E+04  1.77828E+04  3.16228E+04  5.62341E+04
#           1.00000E+05
     unit =    1            # unit is [1/cm^2/source]
 material =  all            # (D=all) number of specific material
     axis =     eng            # axis of output
     file = depth_spec.out  # file name of output for the above axis
     part =  neutron    muon-      muon+      proton   
# kf/name :  2112       13         -13        2212     
#    used :        main (  %)        temp (  %)       total (  %)
#  memory :         105 (  0)           0 (  0)         105 (  0)

#------------------------------------------------------------------------------
#newpage:
#   no. =  1   ix  =  1   iy  =  1   iz  =  1
#   x = (  -6.0000E+02  -   6.0000E+02  )
#   y = (  -6.0000E+02  -   6.0000E+02  )
#   z = (  -7.0000E+02  -  -6.8000E+02  )

x: Energy [MeV/n]
y: Flux [1/cm^2/source]              
p: xlog ylog afac(0.8) form(0.9)
h: n            x            y(neutron ),hh0l n y(muon-   ),hh0dr n y(muon+   ),hh0ub n y(proton  ),hh0mg n 
#  e-lower      e-upper        neutron   r.err      muon-     r.err      muon+     r.err      proton    r.err 
   1.0000E-10   1.7783E-10   4.6494E-12  0.9175   0.0000E+00  0.0000   0.0000E+00  0.0000   0.0000E+00  0.0000
   1.7783E-10   3.1623E-10   5.6170E-11  0.7758   0.0000E+00  0.0000   0.0000E+00  0.0000   0.0000E+00  0.0000
   3.1623E-10   5.6234E-10   4.3649E-11  0.5684   0.0000E+00  0.0000   0.0000E+00  0.0000   0.0000E+00  0.0000
   5.6234E-10   1.0000E-09   1.8832E-10  0.6319   0.0000E+00  0.0000   0.0000E+00  0.0000   0.0000E+00  0.0000
   1.0000E-09   1.7783E-09   1.3686E-09  0.8213   0.0000E+00  0.0000   0.0000E+00  0.0000   0.0000E+00  0.0000
   1.7783E-09   3.1623E-09   1.8977E-09  0.6751   0.0000E+00  0.0000   0.0000E+00  0.0000   0.0000E+00  0.0000
   3.1623E-09   5.6234E-09   4.3823E-09  0.5943   0.0000E+00  0.0000   0.0000E+00  0.0000   0.0000E+00  0.0000
   5.6234E-09   1.0000E-08   1.6448E-08  0.7096   0.0000E+00  0.0000   0.0000E+00  0.0000   0.0000E+00  0.0000
   1.0000E-08   1.7783E-08   3.6481E-08  0.6580   0.0000E+00  0.0000   0.0000E+00  0.0000   0.0000E+00  0.0000
   1.7783E-08   3.1623E-08   8.4231E-08  0.6753   0.0000E+00  0.0000   0.0000E+00  0.0000   0.0000E+00  0.0000
   3.1623E-08   5.6234E-08   1.1602E-07  0.6506   0.0000E+00  0.0000   0.0000E+00  0.0000   0.0000E+00  0.0000
   5.6234E-08   1.0000E-07   1.0649E-07  0.6631   0.0000E+00  0.0000   0.0000E+00  0.0000   0.0000E+00  0.0000
   1.0000E-07   1.7783E-07   4.7581E-08  0.6670   0.0000E+00  0.0000   0.0000E+00  0.0000   0.0000E+00  0.0000
   1.7783E-07   3.1623E-07   1.0381E-08  0.6308   0.0000E+00  0.0000   0.0000E+00  0.0000   0.0000E+00  0.0000
   3.1623E-07   5.6234E-07   9.1587E-09  0.7659   0.0000E+00  0.0000   0.0000E+00  0.0000   0.0000E+00  0.0000
   5.6234E-07   1.0000E-06   9.7239E-09  0.7148   0.0000E+00  0.0000   0.0000E+00  0.0000   0.0000E+00  0.0000
   1.0000E-06   1.7783E-06   7.7402E-09  0.7288   0.0000E+00  0.0000   0.0000E+00  0.0000   0.0000E+00  0.0000
   1.7783E-06   3.1623E-06   1.1312E-08  0.7747   0.0000E+00  0.0000   0.0000E+00  0.0000   0.0000E+00  0.0000
   3.1623E-06   5.6234E-06   1.4795E-08  0.8107   0.0000E+00  0.0000   0.0000E+00  0.0000   0.0000E+00  0.0000
   5.6234E-06   1.0000E-05   5.5652E-09  0.7235   0.0000E+00  0.0000   0.0000E+00  0.0000   0.0000E+00  0.0000
   1.0000E-05   1.7783E-05   7.2129E-09  0.6692   0.0000E+00  0.0000   0.0000E+00  0.0000   0.0000E+00  0.0000
   1.7783E-05   3.1623E-05   9.5884E-09  0.7108   0.0000E+00  0.0000   0.0000E+00  0.0000   0.0000E+00  0.0000
   3.1623E-05   5.6234E-05   7.8119E-09  0.7355   0.0000E+00  0.0000   0.0000E+00  0.0000   0.0000E+00  0.0000
   5.6234E-05   1.0000E-04   1.3662E-08  0.7930   0.0000E+00  0.0000   0.0000E+00  0.0000   0.0000E+00  0.0000
   1.0000E-04   1.7783E-04   1.1239E-08  0.7888   0.0000E+00  0.0000   0.0000E+00  0.0000   0.0000E+00  0.0000
   1.7783E-04   3.1623E-04   7.2176E-09  0.7263   0.0000E+00  0.0000   0.0000E+00  0.0000   0.0000E+00  0.0000
   3.1623E-04   5.6234E-04   7.2798E-09  0.7218   0.0000E+00  0.0000   0.0000E+00  0.0000   0.0000E+00  0.0000
   5.6234E-04   1.0000E-03   6.5411E-09  0.7232   0.0000E+00  0.0000   0.0000E+00  0.0000   8.2379E-20  0.4899
   1.0000E-03   1.7783E-03   5.2576E-09  0.6208   0.0000E+00  0.0000   0.0000E+00  0.0000   5.0088E-15  0.5086
   1.7783E-03   3.1623E-03   7.7258E-09  0.7114   0.0000E+00  0.0000   0.0000E+00  0.0000   8.0918E-15  0.5085
   3.1623E-03   5.6234E-03   7.1411E-09  0.5935   0.0000E+00  0.0000   0.0000E+00  0.0000   1.2215E-14  0.5085
   5.6234E-03   1.0000E-02   6.7528E-09  0.6260   0.0000E+00  0.0000   0.0000E+00  0.0000   1.6856E-14  0.5085
   1.0000E-02   1.7783E-02   8.0443E-09  0.7020   0.0000E+00  0.0000   0.0000E+00  0.0000   2.2574E-14  0.5088
   1.7783E-02   3.1623E-02   1.0231E-08  0.7578   0.0000E+00  0.0000   0.0000E+00  0.0000   3.2228E-14  0.5094
   3.1623E-02   5.6234E-02   1.0669E-08  0.7577   0.0000E+00  0.0000   0.0000E+00  0.0000   4.8362E-14  0.5094
   5.6234E-02   1.0000E-01   1.0431E-08  0.7006   0.0000E+00  0.0000   0.0000E+00  0.0000   7.9113E-14  0.5094
   1.0000E-01   1.7783E-01   1.4823E-08  0.7281   0.0000E+00  0.0000   0.0000E+00  0.0000   1.4598E-13  0.5094
   1.7783E-01   3.1623E-01   1.4829E-08  0.6418   0.0000E+00  0.0000   0.0000E+00  0.0000   3.1015E-13  0.5094
   3.1623E-01   5.6234E-01   1.7036E-08  0.6517   0.0000E+00  0.0000   0.0000E+00  0.0000   7.3899E-13  0.5094
   5.6234E-01   1.0000E+00   2.1871E-08  0.5980   0.0000E+00  0.0000   0.0000E+00  0.0000   1.8529E-12  0.5109
   1.0000E+00   1.7783E+00   2.7381E-08  0.6344   0.0000E+00  0.0000   0.0000E+00  0.0000   4.7225E-12  0.5133
   1.7783E+00   3.1623E+00   4.6065E-08  0.7790   0.0000E+00  0.0000   0.0000E+00  0.0000   1.2060E-11  0.5200
   3.1623E+00   5.6234E+00   2.4112E-08  0.6930   0.0000E+00  0.0000   0.0000E+00  0.0000   3.0506E-11  0.5344
   5.6234E+00   1.0000E+01   1.3046E-08  0.5650   0.0000E+00  0.0000   0.0000E+00  0.0000   6.4822E-11  0.5143
   1.0000E+01   1.7783E+01   1.6936E-08  0.7566   0.0000E+00  0.0000   0.0000E+00  0.0000   9.1482E-11  0.4576
   1.7783E+01   3.1623E+01   1.5031E-08  0.6094   0.0000E+00  0.0000   0.0000E+00  0.0000   1.6361E-10  0.4951
   3.1623E+01   5.6234E+01   4.4001E-08  0.7673   0.0000E+00  0.0000   0.0000E+00  0.0000   2.5476E-10  0.5484
   5.6234E+01   1.0000E+02   3.2223E-08  0.5668   0.0000E+00  0.0000   0.0000E+00  0.0000   2.6655E-10  0.6241
   1.0000E+02   1.7783E+02   5.1644E-08  0.6429   0.0000E+00  0.0000   0.0000E+00  0.0000   2.0943E-10  0.8118
   1.7783E+02   3.1623E+02   1.2795E-09  0.6769   0.0000E+00  0.0000   0.0000E+00  0.0000   2.4104E-11  1.0000
   3.1623E+02   5.6234E+02   2.7306E-10  1.0000   0.0000E+00  0.0000   0.0000E+00  0.0000   2.2709E-10  1.0000
   5.6234E+02   1.0000E+03   4.5522E-10  1.0000   0.0000E+00  0.0000   0.0000E+00  0.0000   0.0000E+00  0.0000
   1.0000E+03   1.7783E+03   8.9239E-10  1.0000   0.0000E+00  0.0000   0.0000E+00  0.0000   0.0000E+00  0.0000
   1.7783E+03   3.1623E+03   0.0000E+00  0.0000   0.0000E+00  0.0000   0.0000E+00  0.0000   0.0000E+00  0.0000
   3.1623E+03   5.6234E+03   0.0000E+00  0.0000   0.0000E+00  0.0000   0.0000E+00  0.0000   0.0000E+00  0.0000
   5.6234E+03   1.0000E+04   0.0000E+00  0.0000   0.0000E+00  0.0000   0.0000E+00  0.0000   0.0000E+00  0.0000
   1.0000E+04   1.7783E+04   0.0000E+00  0.0000   0.0000E+00  0.0000   0.0000E+00  0.0000   0.0000E+00  0.0000
   1.7783E+04   3.1623E+04   0.0000E+00  0.0000   0.0000E+00  0.0000   0.0000E+00  0.0000   0.0000E+00  0.0000
   3.1623E+04   5.6234E+04   0.0000E+00  0.0000   0.0000E+00  0.0000   0.0000E+00  0.0000   0.0000E+00  0.0000
   5.6234E+04   1.0000E+05   0.0000E+00  0.0000   0.0000E+00  0.0000   0.0000E+00  0.0000   0.0000E+00  0.0000

#   sum over                 9.6257E-07  0.6759   0.0000E+00  0.0000   0.0000E+00  0.0000   1.3524E-09  0.5896

'no. =  1, (ix,iy,iz) = (  1,  1,  1)'
msuc: {\huge Flux spectra vs depth in concrete}
msdr: {\it plotted by \ANGEL \version}
msdl: {\it calculated by \PHITS  3.36}
wt: s(0.7)
\vspace{-3}
   vol  &=&   2.8800E+07 [cm^3]
  xmin  &=&  -6.0000E+02 [cm]
  xmax  &=&   6.0000E+02 [cm]
  ymin  &=&  -6.0000E+02 [cm]
  ymax  &=&   6.0000E+02 [cm]
  zmin  &=&  -7.0000E+02 [cm]
  zmax  &=&  -6.8000E+02 [cm]
e:

#------------------------------------------------------------------------------
 newpage:
#   no. =  2   ix  =  1   iy  =  1   iz  =  2
#   x = (  -6.0000E+02  -   6.0000E+02  )
#   y = (  -6.0000E+02  -   6.0000E+02  )
#   z = (  -6.8000E+02  -  -6.6000E+02  )

x: Energy [MeV/n]
y: Flux [1/cm^2/source]              
p: xlog ylog afac(0.8) form(0.9)
h: n            x            y(neutron ),hh0l n y(muon-   ),hh0dr n y(muon+   ),hh0ub n y(proton  ),hh0mg n 
#  e-lower      e-upper        neutron   r.err      muon-     r.err      muon+     r.err      proton    r.err 
   1.0000E-10   1.7783E-10   5.0971E-12  0.6730   0.0000E+00  0.0000   0.0000E+00  0.0000   0.0000E+00  0.0000
   1.7783E-10   3.1623E-10   8.8633E-11  0.8415   0.0000E+00  0.0000   0.0000E+00  0.0000   0.0000E+00  0.0000
   3.1623E-10   5.6234E-10   6.5047E-11  0.5281   0.0000E+00  0.0000   0.0000E+00  0.0000   0.0000E+00  0.0000
   5.6234E-10   1.0000E-09   1.5804E-10  0.5717   0.0000E+00  0.0000   0.0000E+00  0.0000   0.0000E+00  0.0000
   1.0000E-09   1.7783E-09   6.8481E-10  0.6119   0.0000E+00  0.0000   0.0000E+00  0.0000   0.0000E+00  0.0000
   1.7783E-09   3.1623E-09   2.9708E-09  0.6886   0.0000E+00  0.0000   0.0000E+00  0.0000   0.0000E+00  0.0000
   3.1623E-09   5.6234E-09   8.1868E-09  0.6797   0.0000E+00  0.0000   0.0000E+00  0.0000   0.0000E+00  0.0000
   5.6234E-09   1.0000E-08   2.4485E-08  0.6856   0.0000E+00  0.0000   0.0000E+00  0.0000   0.0000E+00  0.0000
   1.0000E-08   1.7783E-08   5.4130E-08  0.6563   0.0000E+00  0.0000   0.0000E+00  0.0000   0.0000E+00  0.0000
   1.7783E-08   3.1623E-08   1.1334E-07  0.6521   0.0000E+00  0.0000   0.0000E+00  0.0000   0.0000E+00  0.0000
   3.1623E-08   5.6234E-08   1.7636E-07  0.6543   0.0000E+00  0.0000   0.0000E+00  0.0000   0.0000E+00  0.0000
   5.6234E-08   1.0000E-07   1.7238E-07  0.6756   0.0000E+00  0.0000   0.0000E+00  0.0000   0.0000E+00  0.0000
   1.0000E-07   1.7783E-07   6.8929E-08  0.6701   0.0000E+00  0.0000   0.0000E+00  0.0000   0.0000E+00  0.0000
   1.7783E-07   3.1623E-07   1.6012E-08  0.6387   0.0000E+00  0.0000   0.0000E+00  0.0000   0.0000E+00  0.0000
   3.1623E-07   5.6234E-07   1.4942E-08  0.7716   0.0000E+00  0.0000   0.0000E+00  0.0000   0.0000E+00  0.0000
   5.6234E-07   1.0000E-06   8.9118E-09  0.6381   0.0000E+00  0.0000   0.0000E+00  0.0000   0.0000E+00  0.0000
   1.0000E-06   1.7783E-06   9.0440E-09  0.6467   0.0000E+00  0.0000   0.0000E+00  0.0000   0.0000E+00  0.0000
   1.7783E-06   3.1623E-06   9.6449E-09  0.6023   0.0000E+00  0.0000   0.0000E+00  0.0000   0.0000E+00  0.0000
   3.1623E-06   5.6234E-06   7.5975E-09  0.5849   0.0000E+00  0.0000   0.0000E+00  0.0000   0.0000E+00  0.0000
   5.6234E-06   1.0000E-05   1.2519E-08  0.6769   0.0000E+00  0.0000   0.0000E+00  0.0000   0.0000E+00  0.0000
   1.0000E-05   1.7783E-05   6.9877E-09  0.5402   0.0000E+00  0.0000   0.0000E+00  0.0000   0.0000E+00  0.0000
   1.7783E-05   3.1623E-05   1.2641E-08  0.7683   0.0000E+00  0.0000   0.0000E+00  0.0000   0.0000E+00  0.0000
   3.1623E-05   5.6234E-05   1.5766E-08  0.7962   0.0000E+00  0.0000   0.0000E+00  0.0000   0.0000E+00  0.0000
   5.6234E-05   1.0000E-04   9.6925E-09  0.6329   0.0000E+00  0.0000   0.0000E+00  0.0000   0.0000E+00  0.0000
   1.0000E-04   1.7783E-04   9.7643E-09  0.6499   0.0000E+00  0.0000   0.0000E+00  0.0000   0.0000E+00  0.0000
   1.7783E-04   3.1623E-04   9.3901E-09  0.6532   0.0000E+00  0.0000   0.0000E+00  0.0000   0.0000E+00  0.0000
   3.1623E-04   5.6234E-04   1.1829E-08  0.6962   0.0000E+00  0.0000   0.0000E+00  0.0000   0.0000E+00  0.0000
   5.6234E-04   1.0000E-03   1.3938E-08  0.7519   0.0000E+00  0.0000   0.0000E+00  0.0000   3.5580E-19  0.7936
   1.0000E-03   1.7783E-03   1.2153E-08  0.7087   0.0000E+00  0.0000   0.0000E+00  0.0000   1.8167E-14  0.7860
   1.7783E-03   3.1623E-03   1.1398E-08  0.6586   0.0000E+00  0.0000   0.0000E+00  0.0000   2.9337E-14  0.7860
   3.1623E-03   5.6234E-03   9.8381E-09  0.6696   0.0000E+00  0.0000   0.0000E+00  0.0000   4.4286E-14  0.7860
   5.6234E-03   1.0000E-02   1.1882E-08  0.7117   0.0000E+00  0.0000   0.0000E+00  0.0000   6.1112E-14  0.7860
   1.0000E-02   1.7783E-02   1.6832E-08  0.7313   0.0000E+00  0.0000   0.0000E+00  0.0000   8.1967E-14  0.7860
   1.7783E-02   3.1623E-02   1.2411E-08  0.6873   0.0000E+00  0.0000   0.0000E+00  0.0000   1.1743E-13  0.7860
   3.1623E-02   5.6234E-02   1.2638E-08  0.6398   0.0000E+00  0.0000   0.0000E+00  0.0000   1.7622E-13  0.7860
   5.6234E-02   1.0000E-01   2.0222E-08  0.7786   0.0000E+00  0.0000   0.0000E+00  0.0000   2.8826E-13  0.7860
   1.0000E-01   1.7783E-01   2.8090E-08  0.7832   0.0000E+00  0.0000   0.0000E+00  0.0000   5.3192E-13  0.7860
   1.7783E-01   3.1623E-01   2.4284E-08  0.6967   0.0000E+00  0.0000   0.0000E+00  0.0000   1.1301E-12  0.7860
   3.1623E-01   5.6234E-01   3.6084E-08  0.7769   0.0000E+00  0.0000   0.0000E+00  0.0000   2.6926E-12  0.7860
   5.6234E-01   1.0000E+00   5.2792E-08  0.7534   0.0000E+00  0.0000   0.0000E+00  0.0000   6.7938E-12  0.7864
   1.0000E+00   1.7783E+00   4.9024E-08  0.7873   0.0000E+00  0.0000   0.0000E+00  0.0000   1.7456E-11  0.7882
   1.7783E+00   3.1623E+00   7.5122E-08  0.7862   0.0000E+00  0.0000   0.0000E+00  0.0000   4.3173E-11  0.7908
   3.1623E+00   5.6234E+00   4.2753E-08  0.7607   0.0000E+00  0.0000   0.0000E+00  0.0000   9.8225E-11  0.7906
   5.6234E+00   1.0000E+01   4.6067E-08  0.7362   0.0000E+00  0.0000   0.0000E+00  0.0000   2.0446E-10  0.7914
   1.0000E+01   1.7783E+01   2.8774E-08  0.7410   0.0000E+00  0.0000   0.0000E+00  0.0000   4.1495E-10  0.7971
   1.7783E+01   3.1623E+01   3.4489E-08  0.7476   0.0000E+00  0.0000   0.0000E+00  0.0000   6.5160E-10  0.7761
   3.1623E+01   5.6234E+01   5.7709E-08  0.6954   0.0000E+00  0.0000   0.0000E+00  0.0000   1.2187E-09  0.8340
   5.6234E+01   1.0000E+02   5.5610E-08  0.5575   0.0000E+00  0.0000   0.0000E+00  0.0000   5.3341E-10  0.6062
   1.0000E+02   1.7783E+02   1.5651E-07  0.8239   0.0000E+00  0.0000   0.0000E+00  0.0000   5.9044E-11  1.0000
   1.7783E+02   3.1623E+02   2.8824E-10  1.0000   0.0000E+00  0.0000   0.0000E+00  0.0000   0.0000E+00  0.0000
   3.1623E+02   5.6234E+02   0.0000E+00  0.0000   0.0000E+00  0.0000   0.0000E+00  0.0000   1.0538E-11  1.0000
   5.6234E+02   1.0000E+03   4.7687E-10  1.0000   0.0000E+00  0.0000   0.0000E+00  0.0000   0.0000E+00  0.0000
   1.0000E+03   1.7783E+03   1.4673E-09  1.0000   0.0000E+00  0.0000   0.0000E+00  0.0000   0.0000E+00  0.0000
   1.7783E+03   3.1623E+03   0.0000E+00  0.0000   0.0000E+00  0.0000   0.0000E+00  0.0000   0.0000E+00  0.0000
   3.1623E+03   5.6234E+03   0.0000E+00  0.0000   0.0000E+00  0.0000   0.0000E+00  0.0000   0.0000E+00  0.0000
   5.6234E+03   1.0000E+04   0.0000E+00  0.0000   0.0000E+00  0.0000   0.0000E+00  0.0000   0.0000E+00  0.0000
   1.0000E+04   1.7783E+04   0.0000E+00  0.0000   0.0000E+00  0.0000   0.0000E+00  0.0000   0.0000E+00  0.0000
   1.7783E+04   3.1623E+04   0.0000E+00  0.0000   0.0000E+00  0.0000   0.0000E+00  0.0000   0.0000E+00  0.0000
   3.1623E+04   5.6234E+04   0.0000E+00  0.0000   0.0000E+00  0.0000   0.0000E+00  0.0000   0.0000E+00  0.0000
   5.6234E+04   1.0000E+05   0.0000E+00  0.0000   0.0000E+00  0.0000   0.0000E+00  0.0000   0.0000E+00  0.0000

#   sum over                 1.5874E-06  0.7019   0.0000E+00  0.0000   0.0000E+00  0.0000   3.2635E-09  0.7559

'no. =  2, (ix,iy,iz) = (  1,  1,  2)'
msuc: {\huge Flux spectra vs depth in concrete}
msdr: {\it plotted by \ANGEL \version}
msdl: {\it calculated by \PHITS  3.36}
wt: s(0.7)
\vspace{-3}
   vol  &=&   2.8800E+07 [cm^3]
  xmin  &=&  -6.0000E+02 [cm]
  xmax  &=&   6.0000E+02 [cm]
  ymin  &=&  -6.0000E+02 [cm]
  ymax  &=&   6.0000E+02 [cm]
  zmin  &=&  -6.8000E+02 [cm]
  zmax  &=&  -6.6000E+02 [cm]
e:

#------------------------------------------------------------------------------
 newpage:
#   no. =  3   ix  =  1   iy  =  1   iz  =  3
#   x = (  -6.0000E+02  -   6.0000E+02  )
#   y = (  -6.0000E+02  -   6.0000E+02  )
#   z = (  -6.6000E+02  -  -6.4000E+02  )

x: Energy [MeV/n]
y: Flux [1/cm^2/source]              
p: xlog ylog afac(0.8) form(0.9)
h: n            x            y(neutron ),hh0l n y(muon-   ),hh0dr n y(muon+   ),hh0ub n y(proton  ),hh0mg n 
#  e-lower      e-upper        neutron   r.err      muon-     r.err      muon+     r.err      proton    r.err 
   1.0000E-10   1.7783E-10   4.1826E-11  0.8919   0.0000E+00  0.0000   0.0000E+00  0.0000   0.0000E+00  0.0000
   1.7783E-10   3.1623E-10   2.9250E-11  0.8708   0.0000E+00  0.0000   0.0000E+00  0.0000   0.0000E+00  0.0000
   3.1623E-10   5.6234E-10   1.0488E-10  0.4825   0.0000E+00  0.0000   0.0000E+00  0.0000   0.0000E+00  0.0000
   5.6234E-10   1.0000E-09   6.0100E-10  0.6175   0.0000E+00  0.0000   0.0000E+00  0.0000   0.0000E+00  0.0000
   1.0000E-09   1.7783E-09   1.9205E-09  0.7276   0.0000E+00  0.0000   0.0000E+00  0.0000   0.0000E+00  0.0000
   1.7783E-09   3.1623E-09   6.2163E-09  0.6702   0.0000E+00  0.0000   0.0000E+00  0.0000   0.0000E+00  0.0000
   3.1623E-09   5.6234E-09   1.3957E-08  0.6350   0.0000E+00  0.0000   0.0000E+00  0.0000   0.0000E+00  0.0000
   5.6234E-09   1.0000E-08   4.1078E-08  0.6597   0.0000E+00  0.0000   0.0000E+00  0.0000   0.0000E+00  0.0000
   1.0000E-08   1.7783E-08   1.0426E-07  0.6622   0.0000E+00  0.0000   0.0000E+00  0.0000   0.0000E+00  0.0000
   1.7783E-08   3.1623E-08   2.2648E-07  0.6749   0.0000E+00  0.0000   0.0000E+00  0.0000   0.0000E+00  0.0000
   3.1623E-08   5.6234E-08   3.2366E-07  0.6548   0.0000E+00  0.0000   0.0000E+00  0.0000   0.0000E+00  0.0000
   5.6234E-08   1.0000E-07   3.1644E-07  0.6719   0.0000E+00  0.0000   0.0000E+00  0.0000   0.0000E+00  0.0000
   1.0000E-07   1.7783E-07   1.3304E-07  0.6623   0.0000E+00  0.0000   0.0000E+00  0.0000   0.0000E+00  0.0000
   1.7783E-07   3.1623E-07   2.6795E-08  0.6697   0.0000E+00  0.0000   0.0000E+00  0.0000   0.0000E+00  0.0000
   3.1623E-07   5.6234E-07   2.3793E-08  0.6807   0.0000E+00  0.0000   0.0000E+00  0.0000   0.0000E+00  0.0000
   5.6234E-07   1.0000E-06   1.7743E-08  0.6274   0.0000E+00  0.0000   0.0000E+00  0.0000   0.0000E+00  0.0000
   1.0000E-06   1.7783E-06   1.8451E-08  0.5985   0.0000E+00  0.0000   0.0000E+00  0.0000   0.0000E+00  0.0000
   1.7783E-06   3.1623E-06   2.3569E-08  0.7216   0.0000E+00  0.0000   0.0000E+00  0.0000   0.0000E+00  0.0000
   3.1623E-06   5.6234E-06   1.4775E-08  0.6018   0.0000E+00  0.0000   0.0000E+00  0.0000   0.0000E+00  0.0000
   5.6234E-06   1.0000E-05   2.4240E-08  0.7436   0.0000E+00  0.0000   0.0000E+00  0.0000   0.0000E+00  0.0000
   1.0000E-05   1.7783E-05   2.9758E-08  0.7843   0.0000E+00  0.0000   0.0000E+00  0.0000   0.0000E+00  0.0000
   1.7783E-05   3.1623E-05   1.8535E-08  0.6836   0.0000E+00  0.0000   0.0000E+00  0.0000   0.0000E+00  0.0000
   3.1623E-05   5.6234E-05   1.9002E-08  0.6831   0.0000E+00  0.0000   0.0000E+00  0.0000   0.0000E+00  0.0000
   5.6234E-05   1.0000E-04   1.7090E-08  0.5864   0.0000E+00  0.0000   0.0000E+00  0.0000   0.0000E+00  0.0000
   1.0000E-04   1.7783E-04   2.5810E-08  0.6544   0.0000E+00  0.0000   0.0000E+00  0.0000   0.0000E+00  0.0000
   1.7783E-04   3.1623E-04   1.5202E-08  0.6326   0.0000E+00  0.0000   0.0000E+00  0.0000   0.0000E+00  0.0000
   3.1623E-04   5.6234E-04   2.0460E-08  0.6511   0.0000E+00  0.0000   0.0000E+00  0.0000   0.0000E+00  0.0000
   5.6234E-04   1.0000E-03   1.8985E-08  0.6969   0.0000E+00  0.0000   0.0000E+00  0.0000   4.9348E-19  0.7410
   1.0000E-03   1.7783E-03   2.3452E-08  0.7069   0.0000E+00  0.0000   0.0000E+00  0.0000   2.6940E-14  0.7404
   1.7783E-03   3.1623E-03   1.9399E-08  0.6791   0.0000E+00  0.0000   0.0000E+00  0.0000   4.3505E-14  0.7404
   3.1623E-03   5.6234E-03   2.5117E-08  0.7684   0.0000E+00  0.0000   0.0000E+00  0.0000   6.5674E-14  0.7404
   5.6234E-03   1.0000E-02   1.9736E-08  0.6559   0.0000E+00  0.0000   0.0000E+00  0.0000   9.0624E-14  0.7404
   1.0000E-02   1.7783E-02   2.0693E-08  0.6253   0.0000E+00  0.0000   0.0000E+00  0.0000   1.2155E-13  0.7404
   1.7783E-02   3.1623E-02   1.4632E-08  0.5634   0.0000E+00  0.0000   0.0000E+00  0.0000   1.7414E-13  0.7404
   3.1623E-02   5.6234E-02   2.4513E-08  0.6681   0.0000E+00  0.0000   0.0000E+00  0.0000   2.6132E-13  0.7404
   5.6234E-02   1.0000E-01   3.0368E-08  0.6861   0.0000E+00  0.0000   0.0000E+00  0.0000   4.2747E-13  0.7404
   1.0000E-01   1.7783E-01   4.9602E-08  0.7285   0.0000E+00  0.0000   0.0000E+00  0.0000   7.8881E-13  0.7404
   1.7783E-01   3.1623E-01   4.3554E-08  0.6451   0.0000E+00  0.0000   0.0000E+00  0.0000   1.6759E-12  0.7404
   3.1623E-01   5.6234E-01   4.7535E-08  0.7117   0.0000E+00  0.0000   0.0000E+00  0.0000   3.9909E-12  0.7407
   5.6234E-01   1.0000E+00   8.0801E-08  0.6886   0.0000E+00  0.0000   0.0000E+00  0.0000   1.0066E-11  0.7412
   1.0000E+00   1.7783E+00   5.5117E-08  0.6254   0.0000E+00  0.0000   0.0000E+00  0.0000   2.5024E-11  0.7366
   1.7783E+00   3.1623E+00   1.0004E-07  0.6464   0.0000E+00  0.0000   0.0000E+00  0.0000   6.1150E-11  0.7384
   3.1623E+00   5.6234E+00   7.4825E-08  0.6783   0.0000E+00  0.0000   0.0000E+00  0.0000   1.4479E-10  0.7562
   5.6234E+00   1.0000E+01   5.3459E-08  0.6354   0.0000E+00  0.0000   0.0000E+00  0.0000   3.0943E-10  0.7474
   1.0000E+01   1.7783E+01   4.9660E-08  0.7540   0.0000E+00  0.0000   0.0000E+00  0.0000   6.4345E-10  0.7384
   1.7783E+01   3.1623E+01   5.2772E-08  0.7824   0.0000E+00  0.0000   0.0000E+00  0.0000   1.3765E-09  0.7485
   3.1623E+01   5.6234E+01   7.6782E-08  0.6909   0.0000E+00  0.0000   0.0000E+00  0.0000   1.7844E-09  0.7288
   5.6234E+01   1.0000E+02   1.1733E-07  0.6280   0.0000E+00  0.0000   0.0000E+00  0.0000   9.7558E-10  0.6733
   1.0000E+02   1.7783E+02   3.6988E-07  0.8731   0.0000E+00  0.0000   0.0000E+00  0.0000   4.1343E-11  0.9040
   1.7783E+02   3.1623E+02   7.4161E-10  1.0000   0.0000E+00  0.0000   0.0000E+00  0.0000   0.0000E+00  0.0000
   3.1623E+02   5.6234E+02   1.7101E-10  1.0000   0.0000E+00  0.0000   0.0000E+00  0.0000   0.0000E+00  0.0000
   5.6234E+02   1.0000E+03   2.4781E-10  1.0000   0.0000E+00  0.0000   0.0000E+00  0.0000   0.0000E+00  0.0000
   1.0000E+03   1.7783E+03   2.0963E-09  1.0000   0.0000E+00  0.0000   0.0000E+00  0.0000   0.0000E+00  0.0000
   1.7783E+03   3.1623E+03   0.0000E+00  0.0000   0.0000E+00  0.0000   0.0000E+00  0.0000   0.0000E+00  0.0000
   3.1623E+03   5.6234E+03   0.0000E+00  0.0000   0.0000E+00  0.0000   0.0000E+00  0.0000   0.0000E+00  0.0000
   5.6234E+03   1.0000E+04   0.0000E+00  0.0000   0.0000E+00  0.0000   0.0000E+00  0.0000   0.0000E+00  0.0000
   1.0000E+04   1.7783E+04   0.0000E+00  0.0000   0.0000E+00  0.0000   0.0000E+00  0.0000   0.0000E+00  0.0000
   1.7783E+04   3.1623E+04   0.0000E+00  0.0000   0.0000E+00  0.0000   0.0000E+00  0.0000   0.0000E+00  0.0000
   3.1623E+04   5.6234E+04   0.0000E+00  0.0000   0.0000E+00  0.0000   0.0000E+00  0.0000   0.0000E+00  0.0000
   5.6234E+04   1.0000E+05   0.0000E+00  0.0000   0.0000E+00  0.0000   0.0000E+00  0.0000   0.0000E+00  0.0000

#   sum over                 2.8346E-06  0.6903   0.0000E+00  0.0000   0.0000E+00  0.0000   5.3794E-09  0.7208

'no. =  3, (ix,iy,iz) = (  1,  1,  3)'
msuc: {\huge Flux spectra vs depth in concrete}
msdr: {\it plotted by \ANGEL \version}
msdl: {\it calculated by \PHITS  3.36}
wt: s(0.7)
\vspace{-3}
   vol  &=&   2.8800E+07 [cm^3]
  xmin  &=&  -6.0000E+02 [cm]
  xmax  &=&   6.0000E+02 [cm]
  ymin  &=&  -6.0000E+02 [cm]
  ymax  &=&   6.0000E+02 [cm]
  zmin  &=&  -6.6000E+02 [cm]
  zmax  &=&  -6.4000E+02 [cm]
e:

#------------------------------------------------------------------------------
 newpage:
#   no. =  4   ix  =  1   iy  =  1   iz  =  4
#   x = (  -6.0000E+02  -   6.0000E+02  )
#   y = (  -6.0000E+02  -   6.0000E+02  )
#   z = (  -6.4000E+02  -  -6.2000E+02  )

x: Energy [MeV/n]
y: Flux [1/cm^2/source]              
p: xlog ylog afac(0.8) form(0.9)
h: n            x            y(neutron ),hh0l n y(muon-   ),hh0dr n y(muon+   ),hh0ub n y(proton  ),hh0mg n 
#  e-lower      e-upper        neutron   r.err      muon-     r.err      muon+     r.err      proton    r.err 
   1.0000E-10   1.7783E-10   5.7348E-12  0.6973   0.0000E+00  0.0000   0.0000E+00  0.0000   0.0000E+00  0.0000
   1.7783E-10   3.1623E-10   4.4419E-11  0.5564   0.0000E+00  0.0000   0.0000E+00  0.0000   0.0000E+00  0.0000
   3.1623E-10   5.6234E-10   2.2453E-10  0.5137   0.0000E+00  0.0000   0.0000E+00  0.0000   0.0000E+00  0.0000
   5.6234E-10   1.0000E-09   1.0649E-09  0.7421   0.0000E+00  0.0000   0.0000E+00  0.0000   0.0000E+00  0.0000
   1.0000E-09   1.7783E-09   2.1892E-09  0.6095   0.0000E+00  0.0000   0.0000E+00  0.0000   0.0000E+00  0.0000
   1.7783E-09   3.1623E-09   5.9943E-09  0.6048   0.0000E+00  0.0000   0.0000E+00  0.0000   0.0000E+00  0.0000
   3.1623E-09   5.6234E-09   1.7508E-08  0.5851   0.0000E+00  0.0000   0.0000E+00  0.0000   0.0000E+00  0.0000
   5.6234E-09   1.0000E-08   5.0787E-08  0.5618   0.0000E+00  0.0000   0.0000E+00  0.0000   0.0000E+00  0.0000
   1.0000E-08   1.7783E-08   1.2836E-07  0.5812   0.0000E+00  0.0000   0.0000E+00  0.0000   0.0000E+00  0.0000
   1.7783E-08   3.1623E-08   2.6871E-07  0.5818   0.0000E+00  0.0000   0.0000E+00  0.0000   0.0000E+00  0.0000
   3.1623E-08   5.6234E-08   4.2030E-07  0.5846   0.0000E+00  0.0000   0.0000E+00  0.0000   0.0000E+00  0.0000
   5.6234E-08   1.0000E-07   3.8096E-07  0.5852   0.0000E+00  0.0000   0.0000E+00  0.0000   0.0000E+00  0.0000
   1.0000E-07   1.7783E-07   1.7690E-07  0.6079   0.0000E+00  0.0000   0.0000E+00  0.0000   0.0000E+00  0.0000
   1.7783E-07   3.1623E-07   3.8066E-08  0.6003   0.0000E+00  0.0000   0.0000E+00  0.0000   0.0000E+00  0.0000
   3.1623E-07   5.6234E-07   3.5787E-08  0.6034   0.0000E+00  0.0000   0.0000E+00  0.0000   0.0000E+00  0.0000
   5.6234E-07   1.0000E-06   3.3191E-08  0.6251   0.0000E+00  0.0000   0.0000E+00  0.0000   0.0000E+00  0.0000
   1.0000E-06   1.7783E-06   2.6029E-08  0.6110   0.0000E+00  0.0000   0.0000E+00  0.0000   0.0000E+00  0.0000
   1.7783E-06   3.1623E-06   2.8568E-08  0.6489   0.0000E+00  0.0000   0.0000E+00  0.0000   0.0000E+00  0.0000
   3.1623E-06   5.6234E-06   2.1879E-08  0.5769   0.0000E+00  0.0000   0.0000E+00  0.0000   0.0000E+00  0.0000
   5.6234E-06   1.0000E-05   2.3946E-08  0.5865   0.0000E+00  0.0000   0.0000E+00  0.0000   0.0000E+00  0.0000
   1.0000E-05   1.7783E-05   2.9559E-08  0.6366   0.0000E+00  0.0000   0.0000E+00  0.0000   0.0000E+00  0.0000
   1.7783E-05   3.1623E-05   2.5385E-08  0.6372   0.0000E+00  0.0000   0.0000E+00  0.0000   0.0000E+00  0.0000
   3.1623E-05   5.6234E-05   2.3867E-08  0.6280   0.0000E+00  0.0000   0.0000E+00  0.0000   0.0000E+00  0.0000
   5.6234E-05   1.0000E-04   2.0516E-08  0.5742   0.0000E+00  0.0000   0.0000E+00  0.0000   0.0000E+00  0.0000
   1.0000E-04   1.7783E-04   2.7134E-08  0.6449   0.0000E+00  0.0000   0.0000E+00  0.0000   0.0000E+00  0.0000
   1.7783E-04   3.1623E-04   2.1537E-08  0.6130   0.0000E+00  0.0000   0.0000E+00  0.0000   0.0000E+00  0.0000
   3.1623E-04   5.6234E-04   3.0872E-08  0.6527   0.0000E+00  0.0000   0.0000E+00  0.0000   0.0000E+00  0.0000
   5.6234E-04   1.0000E-03   2.8224E-08  0.6266   0.0000E+00  0.0000   0.0000E+00  0.0000   7.6705E-19  0.6795
   1.0000E-03   1.7783E-03   3.0227E-08  0.6802   0.0000E+00  0.0000   0.0000E+00  0.0000   3.3746E-14  0.6698
   1.7783E-03   3.1623E-03   2.7984E-08  0.6348   0.0000E+00  0.0000   0.0000E+00  0.0000   5.4497E-14  0.6698
   3.1623E-03   5.6234E-03   2.4060E-08  0.6258   0.0000E+00  0.0000   0.0000E+00  0.0000   8.2266E-14  0.6698
   5.6234E-03   1.0000E-02   3.1862E-08  0.6678   0.0000E+00  0.0000   0.0000E+00  0.0000   1.1352E-13  0.6698
   1.0000E-02   1.7783E-02   3.1524E-08  0.6535   0.0000E+00  0.0000   0.0000E+00  0.0000   1.5226E-13  0.6698
   1.7783E-02   3.1623E-02   2.5729E-08  0.5842   0.0000E+00  0.0000   0.0000E+00  0.0000   2.1814E-13  0.6698
   3.1623E-02   5.6234E-02   2.4650E-08  0.5348   0.0000E+00  0.0000   0.0000E+00  0.0000   3.2734E-13  0.6698
   5.6234E-02   1.0000E-01   3.2813E-08  0.5594   0.0000E+00  0.0000   0.0000E+00  0.0000   5.3548E-13  0.6698
   1.0000E-01   1.7783E-01   5.3930E-08  0.6213   0.0000E+00  0.0000   0.0000E+00  0.0000   9.8810E-13  0.6698
   1.7783E-01   3.1623E-01   4.8250E-08  0.5845   0.0000E+00  0.0000   0.0000E+00  0.0000   2.0993E-12  0.6698
   3.1623E-01   5.6234E-01   6.3734E-08  0.6381   0.0000E+00  0.0000   0.0000E+00  0.0000   4.9960E-12  0.6703
   5.6234E-01   1.0000E+00   8.7364E-08  0.6172   0.0000E+00  0.0000   0.0000E+00  0.0000   1.2564E-11  0.6721
   1.0000E+00   1.7783E+00   7.6322E-08  0.5669   0.0000E+00  0.0000   0.0000E+00  0.0000   3.1122E-11  0.6691
   1.7783E+00   3.1623E+00   1.3255E-07  0.5922   0.0000E+00  0.0000   0.0000E+00  0.0000   7.3125E-11  0.6594
   3.1623E+00   5.6234E+00   8.4421E-08  0.6072   0.0000E+00  0.0000   0.0000E+00  0.0000   1.4727E-10  0.6299
   5.6234E+00   1.0000E+01   7.9505E-08  0.6209   0.0000E+00  0.0000   0.0000E+00  0.0000   3.0229E-10  0.6108
   1.0000E+01   1.7783E+01   6.1448E-08  0.7575   0.0000E+00  0.0000   0.0000E+00  0.0000   6.2636E-10  0.5904
   1.7783E+01   3.1623E+01   5.5777E-08  0.5926   0.0000E+00  0.0000   0.0000E+00  0.0000   1.2460E-09  0.6269
   3.1623E+01   5.6234E+01   9.2889E-08  0.5850   0.0000E+00  0.0000   0.0000E+00  0.0000   2.3833E-09  0.6862
   5.6234E+01   1.0000E+02   1.7219E-07  0.6471   0.0000E+00  0.0000   0.0000E+00  0.0000   2.1194E-09  0.7252
   1.0000E+02   1.7783E+02   5.8897E-07  0.8594   0.0000E+00  0.0000   0.0000E+00  0.0000   5.6785E-10  0.7065
   1.7783E+02   3.1623E+02   1.2306E-09  0.7450   0.0000E+00  0.0000   0.0000E+00  0.0000   9.0865E-11  1.0000
   3.1623E+02   5.6234E+02   2.4143E-09  0.8040   0.0000E+00  0.0000   0.0000E+00  0.0000   0.0000E+00  0.0000
   5.6234E+02   1.0000E+03   0.0000E+00  0.0000   0.0000E+00  0.0000   0.0000E+00  0.0000   0.0000E+00  0.0000
   1.0000E+03   1.7783E+03   2.5949E-09  1.0000   0.0000E+00  0.0000   0.0000E+00  0.0000   0.0000E+00  0.0000
   1.7783E+03   3.1623E+03   0.0000E+00  0.0000   0.0000E+00  0.0000   0.0000E+00  0.0000   0.0000E+00  0.0000
   3.1623E+03   5.6234E+03   0.0000E+00  0.0000   0.0000E+00  0.0000   0.0000E+00  0.0000   0.0000E+00  0.0000
   5.6234E+03   1.0000E+04   0.0000E+00  0.0000   0.0000E+00  0.0000   0.0000E+00  0.0000   0.0000E+00  0.0000
   1.0000E+04   1.7783E+04   0.0000E+00  0.0000   0.0000E+00  0.0000   0.0000E+00  0.0000   0.0000E+00  0.0000
   1.7783E+04   3.1623E+04   0.0000E+00  0.0000   0.0000E+00  0.0000   0.0000E+00  0.0000   0.0000E+00  0.0000
   3.1623E+04   5.6234E+04   0.0000E+00  0.0000   0.0000E+00  0.0000   0.0000E+00  0.0000   0.0000E+00  0.0000
   5.6234E+04   1.0000E+05   0.0000E+00  0.0000   0.0000E+00  0.0000   0.0000E+00  0.0000   0.0000E+00  0.0000

#   sum over                 3.7001E-06  0.6250   0.0000E+00  0.0000   0.0000E+00  0.0000   7.6097E-09  0.6446

'no. =  4, (ix,iy,iz) = (  1,  1,  4)'
msuc: {\huge Flux spectra vs depth in concrete}
msdr: {\it plotted by \ANGEL \version}
msdl: {\it calculated by \PHITS  3.36}
wt: s(0.7)
\vspace{-3}
   vol  &=&   2.8800E+07 [cm^3]
  xmin  &=&  -6.0000E+02 [cm]
  xmax  &=&   6.0000E+02 [cm]
  ymin  &=&  -6.0000E+02 [cm]
  ymax  &=&   6.0000E+02 [cm]
  zmin  &=&  -6.4000E+02 [cm]
  zmax  &=&  -6.2000E+02 [cm]
e:

#------------------------------------------------------------------------------
 newpage:
#   no. =  5   ix  =  1   iy  =  1   iz  =  5
#   x = (  -6.0000E+02  -   6.0000E+02  )
#   y = (  -6.0000E+02  -   6.0000E+02  )
#   z = (  -6.2000E+02  -  -6.0000E+02  )

x: Energy [MeV/n]
y: Flux [1/cm^2/source]              
p: xlog ylog afac(0.8) form(0.9)
h: n            x            y(neutron ),hh0l n y(muon-   ),hh0dr n y(muon+   ),hh0ub n y(proton  ),hh0mg n 
#  e-lower      e-upper        neutron   r.err      muon-     r.err      muon+     r.err      proton    r.err 
   1.0000E-10   1.7783E-10   2.2300E-11  0.6174   0.0000E+00  0.0000   0.0000E+00  0.0000   0.0000E+00  0.0000
   1.7783E-10   3.1623E-10   1.0753E-10  0.7522   0.0000E+00  0.0000   0.0000E+00  0.0000   0.0000E+00  0.0000
   3.1623E-10   5.6234E-10   2.9411E-10  0.5421   0.0000E+00  0.0000   0.0000E+00  0.0000   0.0000E+00  0.0000
   5.6234E-10   1.0000E-09   1.2492E-09  0.5749   0.0000E+00  0.0000   0.0000E+00  0.0000   0.0000E+00  0.0000
   1.0000E-09   1.7783E-09   2.9790E-09  0.5740   0.0000E+00  0.0000   0.0000E+00  0.0000   0.0000E+00  0.0000
   1.7783E-09   3.1623E-09   1.0417E-08  0.5485   0.0000E+00  0.0000   0.0000E+00  0.0000   0.0000E+00  0.0000
   3.1623E-09   5.6234E-09   2.7799E-08  0.5519   0.0000E+00  0.0000   0.0000E+00  0.0000   0.0000E+00  0.0000
   5.6234E-09   1.0000E-08   8.8310E-08  0.5760   0.0000E+00  0.0000   0.0000E+00  0.0000   0.0000E+00  0.0000
   1.0000E-08   1.7783E-08   2.1945E-07  0.5680   0.0000E+00  0.0000   0.0000E+00  0.0000   0.0000E+00  0.0000
   1.7783E-08   3.1623E-08   4.3335E-07  0.5559   0.0000E+00  0.0000   0.0000E+00  0.0000   0.0000E+00  0.0000
   3.1623E-08   5.6234E-08   6.8923E-07  0.5591   0.0000E+00  0.0000   0.0000E+00  0.0000   0.0000E+00  0.0000
   5.6234E-08   1.0000E-07   6.1464E-07  0.5587   0.0000E+00  0.0000   0.0000E+00  0.0000   0.0000E+00  0.0000
   1.0000E-07   1.7783E-07   3.1457E-07  0.5934   0.0000E+00  0.0000   0.0000E+00  0.0000   0.0000E+00  0.0000
   1.7783E-07   3.1623E-07   6.3847E-08  0.5918   0.0000E+00  0.0000   0.0000E+00  0.0000   0.0000E+00  0.0000
   3.1623E-07   5.6234E-07   3.4968E-08  0.5969   0.0000E+00  0.0000   0.0000E+00  0.0000   0.0000E+00  0.0000
   5.6234E-07   1.0000E-06   3.1341E-08  0.6685   0.0000E+00  0.0000   0.0000E+00  0.0000   0.0000E+00  0.0000
   1.0000E-06   1.7783E-06   2.9318E-08  0.5567   0.0000E+00  0.0000   0.0000E+00  0.0000   0.0000E+00  0.0000
   1.7783E-06   3.1623E-06   3.1200E-08  0.5854   0.0000E+00  0.0000   0.0000E+00  0.0000   0.0000E+00  0.0000
   3.1623E-06   5.6234E-06   3.8784E-08  0.5958   0.0000E+00  0.0000   0.0000E+00  0.0000   0.0000E+00  0.0000
   5.6234E-06   1.0000E-05   4.1259E-08  0.5389   0.0000E+00  0.0000   0.0000E+00  0.0000   0.0000E+00  0.0000
   1.0000E-05   1.7783E-05   3.4774E-08  0.5848   0.0000E+00  0.0000   0.0000E+00  0.0000   0.0000E+00  0.0000
   1.7783E-05   3.1623E-05   4.4752E-08  0.6273   0.0000E+00  0.0000   0.0000E+00  0.0000   0.0000E+00  0.0000
   3.1623E-05   5.6234E-05   2.6094E-08  0.6113   0.0000E+00  0.0000   0.0000E+00  0.0000   0.0000E+00  0.0000
   5.6234E-05   1.0000E-04   3.1760E-08  0.5959   0.0000E+00  0.0000   0.0000E+00  0.0000   0.0000E+00  0.0000
   1.0000E-04   1.7783E-04   2.7069E-08  0.6030   0.0000E+00  0.0000   0.0000E+00  0.0000   0.0000E+00  0.0000
   1.7783E-04   3.1623E-04   3.1281E-08  0.6461   0.0000E+00  0.0000   0.0000E+00  0.0000   0.0000E+00  0.0000
   3.1623E-04   5.6234E-04   3.0358E-08  0.5610   0.0000E+00  0.0000   0.0000E+00  0.0000   0.0000E+00  0.0000
   5.6234E-04   1.0000E-03   3.0700E-08  0.5944   0.0000E+00  0.0000   0.0000E+00  0.0000   1.1230E-18  0.6452
   1.0000E-03   1.7783E-03   3.2145E-08  0.6390   0.0000E+00  0.0000   0.0000E+00  0.0000   5.9744E-14  0.6569
   1.7783E-03   3.1623E-03   3.5596E-08  0.6284   0.0000E+00  0.0000   0.0000E+00  0.0000   9.6480E-14  0.6569
   3.1623E-03   5.6234E-03   3.8162E-08  0.6321   0.0000E+00  0.0000   0.0000E+00  0.0000   1.4564E-13  0.6569
   5.6234E-03   1.0000E-02   3.3286E-08  0.5988   0.0000E+00  0.0000   0.0000E+00  0.0000   2.0097E-13  0.6569
   1.0000E-02   1.7783E-02   3.7604E-08  0.6047   0.0000E+00  0.0000   0.0000E+00  0.0000   2.6956E-13  0.6569
   1.7783E-02   3.1623E-02   3.8775E-08  0.6025   0.0000E+00  0.0000   0.0000E+00  0.0000   3.8618E-13  0.6569
   3.1623E-02   5.6234E-02   4.6131E-08  0.6047   0.0000E+00  0.0000   0.0000E+00  0.0000   5.7951E-13  0.6569
   5.6234E-02   1.0000E-01   5.1061E-08  0.5898   0.0000E+00  0.0000   0.0000E+00  0.0000   9.4799E-13  0.6569
   1.0000E-01   1.7783E-01   7.2734E-08  0.5864   0.0000E+00  0.0000   0.0000E+00  0.0000   1.7493E-12  0.6569
   1.7783E-01   3.1623E-01   8.2581E-08  0.6332   0.0000E+00  0.0000   0.0000E+00  0.0000   3.7136E-12  0.6571
   3.1623E-01   5.6234E-01   9.5871E-08  0.6410   0.0000E+00  0.0000   0.0000E+00  0.0000   8.8477E-12  0.6572
   5.6234E-01   1.0000E+00   1.5541E-07  0.6418   0.0000E+00  0.0000   0.0000E+00  0.0000   2.2295E-11  0.6578
   1.0000E+00   1.7783E+00   1.4234E-07  0.6362   0.0000E+00  0.0000   0.0000E+00  0.0000   5.7095E-11  0.6598
   1.7783E+00   3.1623E+00   2.0777E-07  0.6374   0.0000E+00  0.0000   0.0000E+00  0.0000   1.3878E-10  0.6637
   3.1623E+00   5.6234E+00   1.2872E-07  0.6428   0.0000E+00  0.0000   0.0000E+00  0.0000   3.1675E-10  0.6707
   5.6234E+00   1.0000E+01   9.4698E-08  0.6615   0.0000E+00  0.0000   0.0000E+00  0.0000   7.4623E-10  0.6798
   1.0000E+01   1.7783E+01   7.4878E-08  0.6452   0.0000E+00  0.0000   0.0000E+00  0.0000   1.6977E-09  0.6959
   1.7783E+01   3.1623E+01   8.2847E-08  0.5561   0.0000E+00  0.0000   0.0000E+00  0.0000   3.3394E-09  0.6772
   3.1623E+01   5.6234E+01   1.1764E-07  0.6105   0.0000E+00  0.0000   0.0000E+00  0.0000   5.5106E-09  0.6597
   5.6234E+01   1.0000E+02   2.4095E-07  0.7425   0.0000E+00  0.0000   0.0000E+00  0.0000   4.0376E-09  0.5803
   1.0000E+02   1.7783E+02   8.5059E-07  0.8380   0.0000E+00  0.0000   0.0000E+00  0.0000   1.9039E-09  0.6373
   1.7783E+02   3.1623E+02   2.5100E-09  0.5803   0.0000E+00  0.0000   0.0000E+00  0.0000   1.6735E-09  0.9356
   3.1623E+02   5.6234E+02   1.6517E-08  0.9391   0.0000E+00  0.0000   0.0000E+00  0.0000   5.6995E-10  1.0000
   5.6234E+02   1.0000E+03   0.0000E+00  0.0000   0.0000E+00  0.0000   0.0000E+00  0.0000   0.0000E+00  0.0000
   1.0000E+03   1.7783E+03   2.8861E-09  1.0000   0.0000E+00  0.0000   0.0000E+00  0.0000   0.0000E+00  0.0000
   1.7783E+03   3.1623E+03   0.0000E+00  0.0000   0.0000E+00  0.0000   0.0000E+00  0.0000   0.0000E+00  0.0000
   3.1623E+03   5.6234E+03   0.0000E+00  0.0000   0.0000E+00  0.0000   0.0000E+00  0.0000   0.0000E+00  0.0000
   5.6234E+03   1.0000E+04   0.0000E+00  0.0000   0.0000E+00  0.0000   0.0000E+00  0.0000   0.0000E+00  0.0000
   1.0000E+04   1.7783E+04   0.0000E+00  0.0000   0.0000E+00  0.0000   0.0000E+00  0.0000   0.0000E+00  0.0000
   1.7783E+04   3.1623E+04   0.0000E+00  0.0000   0.0000E+00  0.0000   0.0000E+00  0.0000   0.0000E+00  0.0000
   3.1623E+04   5.6234E+04   0.0000E+00  0.0000   0.0000E+00  0.0000   0.0000E+00  0.0000   0.0000E+00  0.0000
   5.6234E+04   1.0000E+05   0.0000E+00  0.0000   0.0000E+00  0.0000   0.0000E+00  0.0000   0.0000E+00  0.0000

#   sum over                 5.6116E-06  0.5894   0.0000E+00  0.0000   0.0000E+00  0.0000   2.0031E-08  0.6017

'no. =  5, (ix,iy,iz) = (  1,  1,  5)'
msuc: {\huge Flux spectra vs depth in concrete}
msdr: {\it plotted by \ANGEL \version}
msdl: {\it calculated by \PHITS  3.36}
wt: s(0.7)
\vspace{-3}
   vol  &=&   2.8800E+07 [cm^3]
  xmin  &=&  -6.0000E+02 [cm]
  xmax  &=&   6.0000E+02 [cm]
  ymin  &=&  -6.0000E+02 [cm]
  ymax  &=&   6.0000E+02 [cm]
  zmin  &=&  -6.2000E+02 [cm]
  zmax  &=&  -6.0000E+02 [cm]
e:

#------------------------------------------------------------------------------
 newpage:
#   no. =  6   ix  =  1   iy  =  1   iz  =  6
#   x = (  -6.0000E+02  -   6.0000E+02  )
#   y = (  -6.0000E+02  -   6.0000E+02  )
#   z = (  -6.0000E+02  -  -5.8000E+02  )

x: Energy [MeV/n]
y: Flux [1/cm^2/source]              
p: xlog ylog afac(0.8) form(0.9)
h: n            x            y(neutron ),hh0l n y(muon-   ),hh0dr n y(muon+   ),hh0ub n y(proton  ),hh0mg n 
#  e-lower      e-upper        neutron   r.err      muon-     r.err      muon+     r.err      proton    r.err 
   1.0000E-10   1.7783E-10   5.3237E-11  0.9184   0.0000E+00  0.0000   0.0000E+00  0.0000   0.0000E+00  0.0000
   1.7783E-10   3.1623E-10   4.4746E-12  1.0000   0.0000E+00  0.0000   0.0000E+00  0.0000   0.0000E+00  0.0000
   3.1623E-10   5.6234E-10   2.9885E-11  1.0000   0.0000E+00  0.0000   0.0000E+00  0.0000   0.0000E+00  0.0000
   5.6234E-10   1.0000E-09   1.6847E-10  0.8002   0.0000E+00  0.0000   0.0000E+00  0.0000   0.0000E+00  0.0000
   1.0000E-09   1.7783E-09   8.6298E-10  0.5242   0.0000E+00  0.0000   0.0000E+00  0.0000   0.0000E+00  0.0000
   1.7783E-09   3.1623E-09   7.9881E-09  0.7303   0.0000E+00  0.0000   0.0000E+00  0.0000   0.0000E+00  0.0000
   3.1623E-09   5.6234E-09   4.8672E-08  0.6020   0.0000E+00  0.0000   0.0000E+00  0.0000   0.0000E+00  0.0000
   5.6234E-09   1.0000E-08   1.9405E-07  0.6996   0.0000E+00  0.0000   0.0000E+00  0.0000   0.0000E+00  0.0000
   1.0000E-08   1.7783E-08   1.7241E-07  0.5856   0.0000E+00  0.0000   0.0000E+00  0.0000   0.0000E+00  0.0000
   1.7783E-08   3.1623E-08   1.3303E-06  0.6636   0.0000E+00  0.0000   0.0000E+00  0.0000   0.0000E+00  0.0000
   3.1623E-08   5.6234E-08   6.6836E-07  0.5088   0.0000E+00  0.0000   0.0000E+00  0.0000   0.0000E+00  0.0000
   5.6234E-08   1.0000E-07   7.1750E-07  0.6368   0.0000E+00  0.0000   0.0000E+00  0.0000   0.0000E+00  0.0000
   1.0000E-07   1.7783E-07   4.2086E-07  0.6953   0.0000E+00  0.0000   0.0000E+00  0.0000   0.0000E+00  0.0000
   1.7783E-07   3.1623E-07   3.9257E-08  0.6390   0.0000E+00  0.0000   0.0000E+00  0.0000   0.0000E+00  0.0000
   3.1623E-07   5.6234E-07   6.9013E-08  0.7117   0.0000E+00  0.0000   0.0000E+00  0.0000   0.0000E+00  0.0000
   5.6234E-07   1.0000E-06   4.0691E-08  0.6143   0.0000E+00  0.0000   0.0000E+00  0.0000   0.0000E+00  0.0000
   1.0000E-06   1.7783E-06   1.5717E-08  0.6710   0.0000E+00  0.0000   0.0000E+00  0.0000   0.0000E+00  0.0000
   1.7783E-06   3.1623E-06   4.5975E-08  0.6311   0.0000E+00  0.0000   0.0000E+00  0.0000   0.0000E+00  0.0000
   3.1623E-06   5.6234E-06   9.3425E-08  0.8961   0.0000E+00  0.0000   0.0000E+00  0.0000   0.0000E+00  0.0000
   5.6234E-06   1.0000E-05   9.4214E-08  0.9312   0.0000E+00  0.0000   0.0000E+00  0.0000   0.0000E+00  0.0000
   1.0000E-05   1.7783E-05   1.3106E-08  0.8123   0.0000E+00  0.0000   0.0000E+00  0.0000   0.0000E+00  0.0000
   1.7783E-05   3.1623E-05   1.8488E-08  0.6364   0.0000E+00  0.0000   0.0000E+00  0.0000   0.0000E+00  0.0000
   3.1623E-05   5.6234E-05   2.4384E-08  0.6480   0.0000E+00  0.0000   0.0000E+00  0.0000   0.0000E+00  0.0000
   5.6234E-05   1.0000E-04   4.8051E-08  0.6293   0.0000E+00  0.0000   0.0000E+00  0.0000   0.0000E+00  0.0000
   1.0000E-04   1.7783E-04   2.2057E-08  0.5440   0.0000E+00  0.0000   0.0000E+00  0.0000   0.0000E+00  0.0000
   1.7783E-04   3.1623E-04   1.2190E-08  0.6568   0.0000E+00  0.0000   0.0000E+00  0.0000   0.0000E+00  0.0000
   3.1623E-04   5.6234E-04   1.4314E-08  0.8737   0.0000E+00  0.0000   0.0000E+00  0.0000   0.0000E+00  0.0000
   5.6234E-04   1.0000E-03   1.2776E-08  0.7943   0.0000E+00  0.0000   0.0000E+00  0.0000   1.3830E-19  0.7611
   1.0000E-03   1.7783E-03   1.0995E-08  0.6615   0.0000E+00  0.0000   0.0000E+00  0.0000   1.2817E-14  0.7774
   1.7783E-03   3.1623E-03   1.8367E-08  0.8974   0.0000E+00  0.0000   0.0000E+00  0.0000   2.0698E-14  0.7774
   3.1623E-03   5.6234E-03   3.1472E-08  0.9392   0.0000E+00  0.0000   0.0000E+00  0.0000   3.1246E-14  0.7774
   5.6234E-03   1.0000E-02   3.6376E-08  0.7610   0.0000E+00  0.0000   0.0000E+00  0.0000   4.3116E-14  0.7774
   1.0000E-02   1.7783E-02   8.1040E-09  0.5443   0.0000E+00  0.0000   0.0000E+00  0.0000   5.7830E-14  0.7774
   1.7783E-02   3.1623E-02   3.1665E-08  0.7901   0.0000E+00  0.0000   0.0000E+00  0.0000   8.2850E-14  0.7774
   3.1623E-02   5.6234E-02   5.0093E-08  0.8767   0.0000E+00  0.0000   0.0000E+00  0.0000   1.2433E-13  0.7774
   5.6234E-02   1.0000E-01   1.3807E-08  0.7597   0.0000E+00  0.0000   0.0000E+00  0.0000   2.0338E-13  0.7774
   1.0000E-01   1.7783E-01   9.4014E-08  0.5807   0.0000E+00  0.0000   0.0000E+00  0.0000   3.7529E-13  0.7774
   1.7783E-01   3.1623E-01   1.6998E-07  0.9704   0.0000E+00  0.0000   0.0000E+00  0.0000   7.9732E-13  0.7774
   3.1623E-01   5.6234E-01   1.9607E-07  0.7494   0.0000E+00  0.0000   0.0000E+00  0.0000   1.8997E-12  0.7774
   5.6234E-01   1.0000E+00   1.6969E-07  0.7183   0.0000E+00  0.0000   0.0000E+00  0.0000   4.7955E-12  0.7774
   1.0000E+00   1.7783E+00   3.8326E-07  0.8772   0.0000E+00  0.0000   0.0000E+00  0.0000   1.2341E-11  0.7772
   1.7783E+00   3.1623E+00   1.0876E-06  0.8591   0.0000E+00  0.0000   0.0000E+00  0.0000   3.1208E-11  0.7741
   3.1623E+00   5.6234E+00   2.9027E-07  0.6822   0.0000E+00  0.0000   0.0000E+00  0.0000   7.0557E-11  0.7857
   5.6234E+00   1.0000E+01   7.1883E-08  0.5750   0.0000E+00  0.0000   0.0000E+00  0.0000   1.3902E-10  0.8249
   1.0000E+01   1.7783E+01   2.6063E-08  0.5516   0.0000E+00  0.0000   0.0000E+00  0.0000   3.0200E-10  0.8302
   1.7783E+01   3.1623E+01   6.5874E-08  0.7144   0.0000E+00  0.0000   0.0000E+00  0.0000   3.8107E-10  0.7443
   3.1623E+01   5.6234E+01   1.2482E-07  0.8594   0.0000E+00  0.0000   0.0000E+00  0.0000   4.1715E-10  0.5901
   5.6234E+01   1.0000E+02   2.8259E-07  0.8605   0.0000E+00  0.0000   0.0000E+00  0.0000   1.1136E-08  0.9770
   1.0000E+02   1.7783E+02   1.0415E-06  0.8241   0.0000E+00  0.0000   0.0000E+00  0.0000   4.7501E-10  0.7457
   1.7783E+02   3.1623E+02   3.9265E-09  0.9105   0.0000E+00  0.0000   0.0000E+00  0.0000   2.1704E-11  1.0000
   3.1623E+02   5.6234E+02   3.0404E-08  0.9179   0.0000E+00  0.0000   0.0000E+00  0.0000   0.0000E+00  0.0000
   5.6234E+02   1.0000E+03   0.0000E+00  0.0000   0.0000E+00  0.0000   0.0000E+00  0.0000   0.0000E+00  0.0000
   1.0000E+03   1.7783E+03   2.8850E-09  1.0000   0.0000E+00  0.0000   0.0000E+00  0.0000   0.0000E+00  0.0000
   1.7783E+03   3.1623E+03   0.0000E+00  0.0000   0.0000E+00  0.0000   0.0000E+00  0.0000   0.0000E+00  0.0000
   3.1623E+03   5.6234E+03   0.0000E+00  0.0000   0.0000E+00  0.0000   0.0000E+00  0.0000   0.0000E+00  0.0000
   5.6234E+03   1.0000E+04   0.0000E+00  0.0000   0.0000E+00  0.0000   0.0000E+00  0.0000   0.0000E+00  0.0000
   1.0000E+04   1.7783E+04   0.0000E+00  0.0000   0.0000E+00  0.0000   0.0000E+00  0.0000   0.0000E+00  0.0000
   1.7783E+04   3.1623E+04   0.0000E+00  0.0000   0.0000E+00  0.0000   0.0000E+00  0.0000   0.0000E+00  0.0000
   3.1623E+04   5.6234E+04   0.0000E+00  0.0000   0.0000E+00  0.0000   0.0000E+00  0.0000   0.0000E+00  0.0000
   5.6234E+04   1.0000E+05   0.0000E+00  0.0000   0.0000E+00  0.0000   0.0000E+00  0.0000   0.0000E+00  0.0000

#   sum over                 8.3666E-06  0.5419   0.0000E+00  0.0000   0.0000E+00  0.0000   1.2995E-08  0.9227

'no. =  6, (ix,iy,iz) = (  1,  1,  6)'
msuc: {\huge Flux spectra vs depth in concrete}
msdr: {\it plotted by \ANGEL \version}
msdl: {\it calculated by \PHITS  3.36}
wt: s(0.7)
\vspace{-3}
   vol  &=&   2.8800E+07 [cm^3]
  xmin  &=&  -6.0000E+02 [cm]
  xmax  &=&   6.0000E+02 [cm]
  ymin  &=&  -6.0000E+02 [cm]
  ymax  &=&   6.0000E+02 [cm]
  zmin  &=&  -6.0000E+02 [cm]
  zmax  &=&  -5.8000E+02 [cm]
e:

#------------------------------------------------------------------------------
 newpage:
#   no. =  7   ix  =  1   iy  =  1   iz  =  7
#   x = (  -6.0000E+02  -   6.0000E+02  )
#   y = (  -6.0000E+02  -   6.0000E+02  )
#   z = (  -5.8000E+02  -  -5.6000E+02  )

x: Energy [MeV/n]
y: Flux [1/cm^2/source]              
p: xlog ylog afac(0.8) form(0.9)
h: n            x            y(neutron ),hh0l n y(muon-   ),hh0dr n y(muon+   ),hh0ub n y(proton  ),hh0mg n 
#  e-lower      e-upper        neutron   r.err      muon-     r.err      muon+     r.err      proton    r.err 
   1.0000E-10   1.7783E-10   1.6698E-12  1.0000   0.0000E+00  0.0000   0.0000E+00  0.0000   0.0000E+00  0.0000
   1.7783E-10   3.1623E-10   2.3811E-11  0.8195   0.0000E+00  0.0000   0.0000E+00  0.0000   0.0000E+00  0.0000
   3.1623E-10   5.6234E-10   4.7858E-11  0.6761   0.0000E+00  0.0000   0.0000E+00  0.0000   0.0000E+00  0.0000
   5.6234E-10   1.0000E-09   1.4805E-10  0.8926   0.0000E+00  0.0000   0.0000E+00  0.0000   0.0000E+00  0.0000
   1.0000E-09   1.7783E-09   1.7848E-09  0.7720   0.0000E+00  0.0000   0.0000E+00  0.0000   0.0000E+00  0.0000
   1.7783E-09   3.1623E-09   8.3585E-09  0.8767   0.0000E+00  0.0000   0.0000E+00  0.0000   0.0000E+00  0.0000
   3.1623E-09   5.6234E-09   5.0204E-08  0.6171   0.0000E+00  0.0000   0.0000E+00  0.0000   0.0000E+00  0.0000
   5.6234E-09   1.0000E-08   9.5968E-08  0.5374   0.0000E+00  0.0000   0.0000E+00  0.0000   0.0000E+00  0.0000
   1.0000E-08   1.7783E-08   1.5899E-07  0.5740   0.0000E+00  0.0000   0.0000E+00  0.0000   0.0000E+00  0.0000
   1.7783E-08   3.1623E-08   5.5454E-07  0.5515   0.0000E+00  0.0000   0.0000E+00  0.0000   0.0000E+00  0.0000
   3.1623E-08   5.6234E-08   6.7339E-07  0.5244   0.0000E+00  0.0000   0.0000E+00  0.0000   0.0000E+00  0.0000
   5.6234E-08   1.0000E-07   7.7401E-07  0.6273   0.0000E+00  0.0000   0.0000E+00  0.0000   0.0000E+00  0.0000
   1.0000E-07   1.7783E-07   4.3960E-07  0.6991   0.0000E+00  0.0000   0.0000E+00  0.0000   0.0000E+00  0.0000
   1.7783E-07   3.1623E-07   3.3031E-08  0.5722   0.0000E+00  0.0000   0.0000E+00  0.0000   0.0000E+00  0.0000
   3.1623E-07   5.6234E-07   2.2933E-08  0.8787   0.0000E+00  0.0000   0.0000E+00  0.0000   0.0000E+00  0.0000
   5.6234E-07   1.0000E-06   3.6795E-08  0.5947   0.0000E+00  0.0000   0.0000E+00  0.0000   0.0000E+00  0.0000
   1.0000E-06   1.7783E-06   1.2534E-08  0.6802   0.0000E+00  0.0000   0.0000E+00  0.0000   0.0000E+00  0.0000
   1.7783E-06   3.1623E-06   5.4889E-08  0.5979   0.0000E+00  0.0000   0.0000E+00  0.0000   0.0000E+00  0.0000
   3.1623E-06   5.6234E-06   8.7630E-08  0.9037   0.0000E+00  0.0000   0.0000E+00  0.0000   0.0000E+00  0.0000
   5.6234E-06   1.0000E-05   1.0427E-07  0.8470   0.0000E+00  0.0000   0.0000E+00  0.0000   0.0000E+00  0.0000
   1.0000E-05   1.7783E-05   1.8708E-08  0.7017   0.0000E+00  0.0000   0.0000E+00  0.0000   0.0000E+00  0.0000
   1.7783E-05   3.1623E-05   1.4116E-08  0.7235   0.0000E+00  0.0000   0.0000E+00  0.0000   0.0000E+00  0.0000
   3.1623E-05   5.6234E-05   2.6191E-08  0.6698   0.0000E+00  0.0000   0.0000E+00  0.0000   0.0000E+00  0.0000
   5.6234E-05   1.0000E-04   4.4396E-08  0.6670   0.0000E+00  0.0000   0.0000E+00  0.0000   0.0000E+00  0.0000
   1.0000E-04   1.7783E-04   2.2288E-08  0.5781   0.0000E+00  0.0000   0.0000E+00  0.0000   0.0000E+00  0.0000
   1.7783E-04   3.1623E-04   1.2959E-08  0.7501   0.0000E+00  0.0000   0.0000E+00  0.0000   0.0000E+00  0.0000
   3.1623E-04   5.6234E-04   2.2844E-08  0.7413   0.0000E+00  0.0000   0.0000E+00  0.0000   0.0000E+00  0.0000
   5.6234E-04   1.0000E-03   1.5915E-08  0.8525   0.0000E+00  0.0000   0.0000E+00  0.0000   7.6028E-19  0.6857
   1.0000E-03   1.7783E-03   2.8574E-07  0.9605   0.0000E+00  0.0000   0.0000E+00  0.0000   2.9269E-14  0.6914
   1.7783E-03   3.1623E-03   3.9092E-08  0.8707   0.0000E+00  0.0000   0.0000E+00  0.0000   4.7266E-14  0.6914
   3.1623E-03   5.6234E-03   3.6754E-08  0.8123   0.0000E+00  0.0000   0.0000E+00  0.0000   7.1351E-14  0.6914
   5.6234E-03   1.0000E-02   2.8306E-08  0.8712   0.0000E+00  0.0000   0.0000E+00  0.0000   9.8459E-14  0.6914
   1.0000E-02   1.7783E-02   2.1926E-08  0.6460   0.0000E+00  0.0000   0.0000E+00  0.0000   1.3206E-13  0.6914
   1.7783E-02   3.1623E-02   1.9648E-08  0.8321   0.0000E+00  0.0000   0.0000E+00  0.0000   1.8919E-13  0.6914
   3.1623E-02   5.6234E-02   5.1380E-08  0.9154   0.0000E+00  0.0000   0.0000E+00  0.0000   2.8391E-13  0.6914
   5.6234E-02   1.0000E-01   3.8673E-08  0.7436   0.0000E+00  0.0000   0.0000E+00  0.0000   4.6443E-13  0.6914
   1.0000E-01   1.7783E-01   9.7901E-08  0.6398   0.0000E+00  0.0000   0.0000E+00  0.0000   8.5700E-13  0.6914
   1.7783E-01   3.1623E-01   1.8175E-07  0.9037   0.0000E+00  0.0000   0.0000E+00  0.0000   1.8207E-12  0.6914
   3.1623E-01   5.6234E-01   1.7493E-07  0.8168   0.0000E+00  0.0000   0.0000E+00  0.0000   4.3382E-12  0.6914
   5.6234E-01   1.0000E+00   3.9066E-07  0.8155   0.0000E+00  0.0000   0.0000E+00  0.0000   1.0916E-11  0.6908
   1.0000E+00   1.7783E+00   2.2804E-07  0.7535   0.0000E+00  0.0000   0.0000E+00  0.0000   2.8100E-11  0.6907
   1.7783E+00   3.1623E+00   2.1157E-07  0.6793   0.0000E+00  0.0000   0.0000E+00  0.0000   7.1610E-11  0.6874
   3.1623E+00   5.6234E+00   2.9793E-07  0.6707   0.0000E+00  0.0000   0.0000E+00  0.0000   1.8020E-10  0.6835
   5.6234E+00   1.0000E+01   7.5476E-08  0.5915   0.0000E+00  0.0000   0.0000E+00  0.0000   3.8433E-10  0.6633
   1.0000E+01   1.7783E+01   8.5453E-08  0.6368   0.0000E+00  0.0000   0.0000E+00  0.0000   7.4422E-10  0.6624
   1.7783E+01   3.1623E+01   1.2361E-07  0.7444   0.0000E+00  0.0000   0.0000E+00  0.0000   1.2042E-09  0.6583
   3.1623E+01   5.6234E+01   3.4402E-07  0.9404   0.0000E+00  0.0000   0.0000E+00  0.0000   1.6080E-09  0.6659
   5.6234E+01   1.0000E+02   3.3049E-07  0.7636   0.0000E+00  0.0000   0.0000E+00  0.0000   1.2276E-09  0.6158
   1.0000E+02   1.7783E+02   1.0960E-06  0.7991   0.0000E+00  0.0000   0.0000E+00  0.0000   9.2043E-11  0.7779
   1.7783E+02   3.1623E+02   8.0092E-09  0.9317   0.0000E+00  0.0000   0.0000E+00  0.0000   7.6795E-10  1.0000
   3.1623E+02   5.6234E+02   3.1159E-08  0.8969   0.0000E+00  0.0000   0.0000E+00  0.0000   6.5054E-11  1.0000
   5.6234E+02   1.0000E+03   0.0000E+00  0.0000   0.0000E+00  0.0000   0.0000E+00  0.0000   0.0000E+00  0.0000
   1.0000E+03   1.7783E+03   3.1892E-09  1.0000   0.0000E+00  0.0000   0.0000E+00  0.0000   0.0000E+00  0.0000
   1.7783E+03   3.1623E+03   0.0000E+00  0.0000   0.0000E+00  0.0000   0.0000E+00  0.0000   0.0000E+00  0.0000
   3.1623E+03   5.6234E+03   0.0000E+00  0.0000   0.0000E+00  0.0000   0.0000E+00  0.0000   0.0000E+00  0.0000
   5.6234E+03   1.0000E+04   0.0000E+00  0.0000   0.0000E+00  0.0000   0.0000E+00  0.0000   0.0000E+00  0.0000
   1.0000E+04   1.7783E+04   0.0000E+00  0.0000   0.0000E+00  0.0000   0.0000E+00  0.0000   0.0000E+00  0.0000
   1.7783E+04   3.1623E+04   0.0000E+00  0.0000   0.0000E+00  0.0000   0.0000E+00  0.0000   0.0000E+00  0.0000
   3.1623E+04   5.6234E+04   0.0000E+00  0.0000   0.0000E+00  0.0000   0.0000E+00  0.0000   0.0000E+00  0.0000
   5.6234E+04   1.0000E+05   0.0000E+00  0.0000   0.0000E+00  0.0000   0.0000E+00  0.0000   0.0000E+00  0.0000

#   sum over                 7.4883E-06  0.6064   0.0000E+00  0.0000   0.0000E+00  0.0000   6.3926E-09  0.5917

'no. =  7, (ix,iy,iz) = (  1,  1,  7)'
msuc: {\huge Flux spectra vs depth in concrete}
msdr: {\it plotted by \ANGEL \version}
msdl: {\it calculated by \PHITS  3.36}
wt: s(0.7)
\vspace{-3}
   vol  &=&   2.8800E+07 [cm^3]
  xmin  &=&  -6.0000E+02 [cm]
  xmax  &=&   6.0000E+02 [cm]
  ymin  &=&  -6.0000E+02 [cm]
  ymax  &=&   6.0000E+02 [cm]
  zmin  &=&  -5.8000E+02 [cm]
  zmax  &=&  -5.6000E+02 [cm]
e:

#------------------------------------------------------------------------------
 newpage:
#   no. =  8   ix  =  1   iy  =  1   iz  =  8
#   x = (  -6.0000E+02  -   6.0000E+02  )
#   y = (  -6.0000E+02  -   6.0000E+02  )
#   z = (  -5.6000E+02  -  -5.4000E+02  )

x: Energy [MeV/n]
y: Flux [1/cm^2/source]              
p: xlog ylog afac(0.8) form(0.9)
h: n            x            y(neutron ),hh0l n y(muon-   ),hh0dr n y(muon+   ),hh0ub n y(proton  ),hh0mg n 
#  e-lower      e-upper        neutron   r.err      muon-     r.err      muon+     r.err      proton    r.err 
   1.0000E-10   1.7783E-10   9.6593E-13  1.0000   0.0000E+00  0.0000   0.0000E+00  0.0000   0.0000E+00  0.0000
   1.7783E-10   3.1623E-10   1.4718E-11  0.7249   0.0000E+00  0.0000   0.0000E+00  0.0000   0.0000E+00  0.0000
   3.1623E-10   5.6234E-10   6.1836E-11  0.9737   0.0000E+00  0.0000   0.0000E+00  0.0000   0.0000E+00  0.0000
   5.6234E-10   1.0000E-09   5.2505E-10  0.5225   0.0000E+00  0.0000   0.0000E+00  0.0000   0.0000E+00  0.0000
   1.0000E-09   1.7783E-09   2.0391E-09  0.8122   0.0000E+00  0.0000   0.0000E+00  0.0000   0.0000E+00  0.0000
   1.7783E-09   3.1623E-09   7.4812E-09  0.8004   0.0000E+00  0.0000   0.0000E+00  0.0000   0.0000E+00  0.0000
   3.1623E-09   5.6234E-09   4.4652E-08  0.6507   0.0000E+00  0.0000   0.0000E+00  0.0000   0.0000E+00  0.0000
   5.6234E-09   1.0000E-08   7.3184E-08  0.5541   0.0000E+00  0.0000   0.0000E+00  0.0000   0.0000E+00  0.0000
   1.0000E-08   1.7783E-08   2.1617E-07  0.5786   0.0000E+00  0.0000   0.0000E+00  0.0000   0.0000E+00  0.0000
   1.7783E-08   3.1623E-08   6.1566E-07  0.6134   0.0000E+00  0.0000   0.0000E+00  0.0000   0.0000E+00  0.0000
   3.1623E-08   5.6234E-08   6.9868E-07  0.5014   0.0000E+00  0.0000   0.0000E+00  0.0000   0.0000E+00  0.0000
   5.6234E-08   1.0000E-07   9.0641E-07  0.5927   0.0000E+00  0.0000   0.0000E+00  0.0000   0.0000E+00  0.0000
   1.0000E-07   1.7783E-07   4.8850E-07  0.6812   0.0000E+00  0.0000   0.0000E+00  0.0000   0.0000E+00  0.0000
   1.7783E-07   3.1623E-07   6.5633E-08  0.5449   0.0000E+00  0.0000   0.0000E+00  0.0000   0.0000E+00  0.0000
   3.1623E-07   5.6234E-07   3.3025E-08  0.6110   0.0000E+00  0.0000   0.0000E+00  0.0000   0.0000E+00  0.0000
   5.6234E-07   1.0000E-06   2.9064E-08  0.6121   0.0000E+00  0.0000   0.0000E+00  0.0000   0.0000E+00  0.0000
   1.0000E-06   1.7783E-06   1.6662E-08  0.5625   0.0000E+00  0.0000   0.0000E+00  0.0000   0.0000E+00  0.0000
   1.7783E-06   3.1623E-06   4.3122E-08  0.7145   0.0000E+00  0.0000   0.0000E+00  0.0000   0.0000E+00  0.0000
   3.1623E-06   5.6234E-06   8.1804E-08  0.9004   0.0000E+00  0.0000   0.0000E+00  0.0000   0.0000E+00  0.0000
   5.6234E-06   1.0000E-05   9.7403E-08  0.9014   0.0000E+00  0.0000   0.0000E+00  0.0000   0.0000E+00  0.0000
   1.0000E-05   1.7783E-05   1.6886E-08  0.8214   0.0000E+00  0.0000   0.0000E+00  0.0000   0.0000E+00  0.0000
   1.7783E-05   3.1623E-05   2.7686E-08  0.6459   0.0000E+00  0.0000   0.0000E+00  0.0000   0.0000E+00  0.0000
   3.1623E-05   5.6234E-05   2.2811E-08  0.7059   0.0000E+00  0.0000   0.0000E+00  0.0000   0.0000E+00  0.0000
   5.6234E-05   1.0000E-04   4.6973E-08  0.6331   0.0000E+00  0.0000   0.0000E+00  0.0000   0.0000E+00  0.0000
   1.0000E-04   1.7783E-04   2.1832E-08  0.5074   0.0000E+00  0.0000   0.0000E+00  0.0000   0.0000E+00  0.0000
   1.7783E-04   3.1623E-04   1.4714E-08  0.7131   0.0000E+00  0.0000   0.0000E+00  0.0000   0.0000E+00  0.0000
   3.1623E-04   5.6234E-04   1.7901E-08  0.7430   0.0000E+00  0.0000   0.0000E+00  0.0000   0.0000E+00  0.0000
   5.6234E-04   1.0000E-03   2.7896E-08  0.7184   0.0000E+00  0.0000   0.0000E+00  0.0000   3.0862E-19  0.8134
   1.0000E-03   1.7783E-03   6.3881E-07  0.9917   0.0000E+00  0.0000   0.0000E+00  0.0000   1.8091E-14  0.8256
   1.7783E-03   3.1623E-03   3.1679E-08  0.8079   0.0000E+00  0.0000   0.0000E+00  0.0000   2.9215E-14  0.8256
   3.1623E-03   5.6234E-03   3.6372E-08  0.9121   0.0000E+00  0.0000   0.0000E+00  0.0000   4.4102E-14  0.8256
   5.6234E-03   1.0000E-02   4.1694E-08  0.6729   0.0000E+00  0.0000   0.0000E+00  0.0000   6.0858E-14  0.8256
   1.0000E-02   1.7783E-02   1.9336E-08  0.6481   0.0000E+00  0.0000   0.0000E+00  0.0000   8.1626E-14  0.8256
   1.7783E-02   3.1623E-02   1.0509E-08  0.5861   0.0000E+00  0.0000   0.0000E+00  0.0000   1.1694E-13  0.8256
   3.1623E-02   5.6234E-02   2.1776E-08  0.6988   0.0000E+00  0.0000   0.0000E+00  0.0000   1.7548E-13  0.8256
   5.6234E-02   1.0000E-01   3.2663E-08  0.5941   0.0000E+00  0.0000   0.0000E+00  0.0000   2.8707E-13  0.8256
   1.0000E-01   1.7783E-01   1.1612E-07  0.5218   0.0000E+00  0.0000   0.0000E+00  0.0000   5.2971E-13  0.8256
   1.7783E-01   3.1623E-01   1.5816E-07  0.8858   0.0000E+00  0.0000   0.0000E+00  0.0000   1.1254E-12  0.8256
   3.1623E-01   5.6234E-01   1.9311E-07  0.8390   0.0000E+00  0.0000   0.0000E+00  0.0000   2.6815E-12  0.8256
   5.6234E-01   1.0000E+00   2.5242E-07  0.8289   0.0000E+00  0.0000   0.0000E+00  0.0000   6.7688E-12  0.8256
   1.0000E+00   1.7783E+00   1.7516E-07  0.7172   0.0000E+00  0.0000   0.0000E+00  0.0000   1.7350E-11  0.8291
   1.7783E+00   3.1623E+00   1.5860E-07  0.7229   0.0000E+00  0.0000   0.0000E+00  0.0000   4.5247E-11  0.8340
   3.1623E+00   5.6234E+00   1.5727E-07  0.6608   0.0000E+00  0.0000   0.0000E+00  0.0000   1.0090E-10  0.8187
   5.6234E+00   1.0000E+01   1.8909E-08  0.5716   0.0000E+00  0.0000   0.0000E+00  0.0000   1.8753E-10  0.8257
   1.0000E+01   1.7783E+01   4.4580E-08  0.5553   0.0000E+00  0.0000   0.0000E+00  0.0000   3.2718E-10  0.8841
   1.7783E+01   3.1623E+01   1.3648E-07  0.6007   0.0000E+00  0.0000   0.0000E+00  0.0000   4.5700E-10  0.8929
   3.1623E+01   5.6234E+01   3.1914E-08  0.7439   0.0000E+00  0.0000   0.0000E+00  0.0000   3.2463E-10  0.7233
   5.6234E+01   1.0000E+02   3.4172E-07  0.7342   0.0000E+00  0.0000   0.0000E+00  0.0000   1.5440E-10  1.0000
   1.0000E+02   1.7783E+02   1.1579E-06  0.8437   0.0000E+00  0.0000   0.0000E+00  0.0000   5.9104E-11  1.0000
   1.7783E+02   3.1623E+02   6.0624E-09  0.7335   0.0000E+00  0.0000   0.0000E+00  0.0000   0.0000E+00  0.0000
   3.1623E+02   5.6234E+02   3.1685E-08  0.8830   0.0000E+00  0.0000   0.0000E+00  0.0000   0.0000E+00  0.0000
   5.6234E+02   1.0000E+03   0.0000E+00  0.0000   0.0000E+00  0.0000   0.0000E+00  0.0000   0.0000E+00  0.0000
   1.0000E+03   1.7783E+03   3.8407E-09  1.0000   0.0000E+00  0.0000   0.0000E+00  0.0000   0.0000E+00  0.0000
   1.7783E+03   3.1623E+03   0.0000E+00  0.0000   0.0000E+00  0.0000   0.0000E+00  0.0000   0.0000E+00  0.0000
   3.1623E+03   5.6234E+03   0.0000E+00  0.0000   0.0000E+00  0.0000   0.0000E+00  0.0000   0.0000E+00  0.0000
   5.6234E+03   1.0000E+04   0.0000E+00  0.0000   0.0000E+00  0.0000   0.0000E+00  0.0000   0.0000E+00  0.0000
   1.0000E+04   1.7783E+04   0.0000E+00  0.0000   0.0000E+00  0.0000   0.0000E+00  0.0000   0.0000E+00  0.0000
   1.7783E+04   3.1623E+04   0.0000E+00  0.0000   0.0000E+00  0.0000   0.0000E+00  0.0000   0.0000E+00  0.0000
   3.1623E+04   5.6234E+04   0.0000E+00  0.0000   0.0000E+00  0.0000   0.0000E+00  0.0000   0.0000E+00  0.0000
   5.6234E+04   1.0000E+05   0.0000E+00  0.0000   0.0000E+00  0.0000   0.0000E+00  0.0000   0.0000E+00  0.0000

#   sum over                 7.4336E-06  0.5826   0.0000E+00  0.0000   0.0000E+00  0.0000   1.6853E-09  0.7541

'no. =  8, (ix,iy,iz) = (  1,  1,  8)'
msuc: {\huge Flux spectra vs depth in concrete}
msdr: {\it plotted by \ANGEL \version}
msdl: {\it calculated by \PHITS  3.36}
wt: s(0.7)
\vspace{-3}
   vol  &=&   2.8800E+07 [cm^3]
  xmin  &=&  -6.0000E+02 [cm]
  xmax  &=&   6.0000E+02 [cm]
  ymin  &=&  -6.0000E+02 [cm]
  ymax  &=&   6.0000E+02 [cm]
  zmin  &=&  -5.6000E+02 [cm]
  zmax  &=&  -5.4000E+02 [cm]
e:

#------------------------------------------------------------------------------
 newpage:
#   no. =  9   ix  =  1   iy  =  1   iz  =  9
#   x = (  -6.0000E+02  -   6.0000E+02  )
#   y = (  -6.0000E+02  -   6.0000E+02  )
#   z = (  -5.4000E+02  -  -5.2000E+02  )

x: Energy [MeV/n]
y: Flux [1/cm^2/source]              
p: xlog ylog afac(0.8) form(0.9)
h: n            x            y(neutron ),hh0l n y(muon-   ),hh0dr n y(muon+   ),hh0ub n y(proton  ),hh0mg n 
#  e-lower      e-upper        neutron   r.err      muon-     r.err      muon+     r.err      proton    r.err 
   1.0000E-10   1.7783E-10   1.0277E-11  0.9012   0.0000E+00  0.0000   0.0000E+00  0.0000   0.0000E+00  0.0000
   1.7783E-10   3.1623E-10   1.4041E-10  0.6685   0.0000E+00  0.0000   0.0000E+00  0.0000   0.0000E+00  0.0000
   3.1623E-10   5.6234E-10   1.5361E-10  0.6912   0.0000E+00  0.0000   0.0000E+00  0.0000   0.0000E+00  0.0000
   5.6234E-10   1.0000E-09   5.2033E-11  0.7791   0.0000E+00  0.0000   0.0000E+00  0.0000   0.0000E+00  0.0000
   1.0000E-09   1.7783E-09   6.0926E-10  0.5046   0.0000E+00  0.0000   0.0000E+00  0.0000   0.0000E+00  0.0000
   1.7783E-09   3.1623E-09   7.8802E-09  0.6523   0.0000E+00  0.0000   0.0000E+00  0.0000   0.0000E+00  0.0000
   3.1623E-09   5.6234E-09   4.3030E-08  0.6926   0.0000E+00  0.0000   0.0000E+00  0.0000   0.0000E+00  0.0000
   5.6234E-09   1.0000E-08   9.5109E-08  0.4905   0.0000E+00  0.0000   0.0000E+00  0.0000   0.0000E+00  0.0000
   1.0000E-08   1.7783E-08   1.7951E-07  0.5223   0.0000E+00  0.0000   0.0000E+00  0.0000   0.0000E+00  0.0000
   1.7783E-08   3.1623E-08   6.4760E-07  0.5216   0.0000E+00  0.0000   0.0000E+00  0.0000   0.0000E+00  0.0000
   3.1623E-08   5.6234E-08   7.2597E-07  0.4704   0.0000E+00  0.0000   0.0000E+00  0.0000   0.0000E+00  0.0000
   5.6234E-08   1.0000E-07   8.4888E-07  0.5208   0.0000E+00  0.0000   0.0000E+00  0.0000   0.0000E+00  0.0000
   1.0000E-07   1.7783E-07   4.2694E-07  0.6898   0.0000E+00  0.0000   0.0000E+00  0.0000   0.0000E+00  0.0000
   1.7783E-07   3.1623E-07   9.3979E-08  0.7492   0.0000E+00  0.0000   0.0000E+00  0.0000   0.0000E+00  0.0000
   3.1623E-07   5.6234E-07   2.5949E-08  0.8528   0.0000E+00  0.0000   0.0000E+00  0.0000   0.0000E+00  0.0000
   5.6234E-07   1.0000E-06   1.1540E-08  0.6399   0.0000E+00  0.0000   0.0000E+00  0.0000   0.0000E+00  0.0000
   1.0000E-06   1.7783E-06   2.6101E-08  0.9148   0.0000E+00  0.0000   0.0000E+00  0.0000   0.0000E+00  0.0000
   1.7783E-06   3.1623E-06   4.6055E-08  0.5793   0.0000E+00  0.0000   0.0000E+00  0.0000   0.0000E+00  0.0000
   3.1623E-06   5.6234E-06   5.6555E-08  0.7716   0.0000E+00  0.0000   0.0000E+00  0.0000   0.0000E+00  0.0000
   5.6234E-06   1.0000E-05   1.0819E-07  0.8302   0.0000E+00  0.0000   0.0000E+00  0.0000   0.0000E+00  0.0000
   1.0000E-05   1.7783E-05   9.1381E-09  0.4972   0.0000E+00  0.0000   0.0000E+00  0.0000   0.0000E+00  0.0000
   1.7783E-05   3.1623E-05   2.1608E-08  0.5656   0.0000E+00  0.0000   0.0000E+00  0.0000   0.0000E+00  0.0000
   3.1623E-05   5.6234E-05   1.3644E-08  0.6134   0.0000E+00  0.0000   0.0000E+00  0.0000   0.0000E+00  0.0000
   5.6234E-05   1.0000E-04   5.0389E-08  0.5859   0.0000E+00  0.0000   0.0000E+00  0.0000   0.0000E+00  0.0000
   1.0000E-04   1.7783E-04   2.5174E-08  0.6703   0.0000E+00  0.0000   0.0000E+00  0.0000   0.0000E+00  0.0000
   1.7783E-04   3.1623E-04   7.2121E-09  0.6131   0.0000E+00  0.0000   0.0000E+00  0.0000   0.0000E+00  0.0000
   3.1623E-04   5.6234E-04   1.8588E-08  0.6453   0.0000E+00  0.0000   0.0000E+00  0.0000   0.0000E+00  0.0000
   5.6234E-04   1.0000E-03   1.1615E-08  0.6387   0.0000E+00  0.0000   0.0000E+00  0.0000   4.3755E-19  0.8650
   1.0000E-03   1.7783E-03   1.2388E-08  0.5679   0.0000E+00  0.0000   0.0000E+00  0.0000   1.2958E-14  0.8475
   1.7783E-03   3.1623E-03   2.2468E-08  0.6941   0.0000E+00  0.0000   0.0000E+00  0.0000   2.0925E-14  0.8475
   3.1623E-03   5.6234E-03   2.6284E-08  0.8902   0.0000E+00  0.0000   0.0000E+00  0.0000   3.1588E-14  0.8475
   5.6234E-03   1.0000E-02   2.2213E-08  0.7482   0.0000E+00  0.0000   0.0000E+00  0.0000   4.3589E-14  0.8475
   1.0000E-02   1.7783E-02   8.2109E-09  0.5461   0.0000E+00  0.0000   0.0000E+00  0.0000   5.8464E-14  0.8475
   1.7783E-02   3.1623E-02   1.2582E-08  0.5727   0.0000E+00  0.0000   0.0000E+00  0.0000   8.3759E-14  0.8475
   3.1623E-02   5.6234E-02   1.9214E-08  0.5902   0.0000E+00  0.0000   0.0000E+00  0.0000   1.2569E-13  0.8475
   5.6234E-02   1.0000E-01   7.0740E-09  0.6929   0.0000E+00  0.0000   0.0000E+00  0.0000   2.0561E-13  0.8475
   1.0000E-01   1.7783E-01   7.0330E-08  0.5641   0.0000E+00  0.0000   0.0000E+00  0.0000   3.7940E-13  0.8475
   1.7783E-01   3.1623E-01   1.1947E-07  0.9393   0.0000E+00  0.0000   0.0000E+00  0.0000   8.0606E-13  0.8475
   3.1623E-01   5.6234E-01   3.2580E-07  0.6792   0.0000E+00  0.0000   0.0000E+00  0.0000   1.9206E-12  0.8475
   5.6234E-01   1.0000E+00   1.0174E-07  0.6736   0.0000E+00  0.0000   0.0000E+00  0.0000   4.8481E-12  0.8475
   1.0000E+00   1.7783E+00   1.4721E-07  0.6571   0.0000E+00  0.0000   0.0000E+00  0.0000   1.2346E-11  0.8550
   1.7783E+00   3.1623E+00   7.7018E-08  0.5952   0.0000E+00  0.0000   0.0000E+00  0.0000   2.8224E-11  0.8462
   3.1623E+00   5.6234E+00   1.5685E-07  0.6982   0.0000E+00  0.0000   0.0000E+00  0.0000   6.4159E-11  0.8700
   5.6234E+00   1.0000E+01   6.9181E-08  0.7928   0.0000E+00  0.0000   0.0000E+00  0.0000   1.3786E-10  0.8989
   1.0000E+01   1.7783E+01   1.3603E-08  0.6185   0.0000E+00  0.0000   0.0000E+00  0.0000   2.1379E-10  0.8631
   1.7783E+01   3.1623E+01   8.2612E-08  0.6911   0.0000E+00  0.0000   0.0000E+00  0.0000   4.8178E-10  0.8552
   3.1623E+01   5.6234E+01   5.9898E-08  0.8043   0.0000E+00  0.0000   0.0000E+00  0.0000   1.2902E-09  0.8915
   5.6234E+01   1.0000E+02   3.4936E-07  0.6674   0.0000E+00  0.0000   0.0000E+00  0.0000   2.8968E-09  0.9875
   1.0000E+02   1.7783E+02   1.2129E-06  0.8761   0.0000E+00  0.0000   0.0000E+00  0.0000   0.0000E+00  0.0000
   1.7783E+02   3.1623E+02   6.9253E-09  0.7435   0.0000E+00  0.0000   0.0000E+00  0.0000   0.0000E+00  0.0000
   3.1623E+02   5.6234E+02   3.1701E-08  0.8826   0.0000E+00  0.0000   0.0000E+00  0.0000   0.0000E+00  0.0000
   5.6234E+02   1.0000E+03   0.0000E+00  0.0000   0.0000E+00  0.0000   0.0000E+00  0.0000   0.0000E+00  0.0000
   1.0000E+03   1.7783E+03   3.8489E-09  1.0000   0.0000E+00  0.0000   0.0000E+00  0.0000   0.0000E+00  0.0000
   1.7783E+03   3.1623E+03   0.0000E+00  0.0000   0.0000E+00  0.0000   0.0000E+00  0.0000   0.0000E+00  0.0000
   3.1623E+03   5.6234E+03   0.0000E+00  0.0000   0.0000E+00  0.0000   0.0000E+00  0.0000   0.0000E+00  0.0000
   5.6234E+03   1.0000E+04   0.0000E+00  0.0000   0.0000E+00  0.0000   0.0000E+00  0.0000   0.0000E+00  0.0000
   1.0000E+04   1.7783E+04   0.0000E+00  0.0000   0.0000E+00  0.0000   0.0000E+00  0.0000   0.0000E+00  0.0000
   1.7783E+04   3.1623E+04   0.0000E+00  0.0000   0.0000E+00  0.0000   0.0000E+00  0.0000   0.0000E+00  0.0000
   3.1623E+04   5.6234E+04   0.0000E+00  0.0000   0.0000E+00  0.0000   0.0000E+00  0.0000   0.0000E+00  0.0000
   5.6234E+04   1.0000E+05   0.0000E+00  0.0000   0.0000E+00  0.0000   0.0000E+00  0.0000   0.0000E+00  0.0000

#   sum over                 6.4605E-06  0.5395   0.0000E+00  0.0000   0.0000E+00  0.0000   5.1337E-09  0.9384

'no. =  9, (ix,iy,iz) = (  1,  1,  9)'
msuc: {\huge Flux spectra vs depth in concrete}
msdr: {\it plotted by \ANGEL \version}
msdl: {\it calculated by \PHITS  3.36}
wt: s(0.7)
\vspace{-3}
   vol  &=&   2.8800E+07 [cm^3]
  xmin  &=&  -6.0000E+02 [cm]
  xmax  &=&   6.0000E+02 [cm]
  ymin  &=&  -6.0000E+02 [cm]
  ymax  &=&   6.0000E+02 [cm]
  zmin  &=&  -5.4000E+02 [cm]
  zmax  &=&  -5.2000E+02 [cm]
e:

#------------------------------------------------------------------------------
 newpage:
#   no. = 10   ix  =  1   iy  =  1   iz  = 10
#   x = (  -6.0000E+02  -   6.0000E+02  )
#   y = (  -6.0000E+02  -   6.0000E+02  )
#   z = (  -5.2000E+02  -  -5.0000E+02  )

x: Energy [MeV/n]
y: Flux [1/cm^2/source]              
p: xlog ylog afac(0.8) form(0.9)
h: n            x            y(neutron ),hh0l n y(muon-   ),hh0dr n y(muon+   ),hh0ub n y(proton  ),hh0mg n 
#  e-lower      e-upper        neutron   r.err      muon-     r.err      muon+     r.err      proton    r.err 
   1.0000E-10   1.7783E-10   1.8952E-11  1.0000   0.0000E+00  0.0000   0.0000E+00  0.0000   0.0000E+00  0.0000
   1.7783E-10   3.1623E-10   3.2379E-12  0.7196   0.0000E+00  0.0000   0.0000E+00  0.0000   0.0000E+00  0.0000
   3.1623E-10   5.6234E-10   4.0258E-11  0.5285   0.0000E+00  0.0000   0.0000E+00  0.0000   0.0000E+00  0.0000
   5.6234E-10   1.0000E-09   7.2401E-10  0.7776   0.0000E+00  0.0000   0.0000E+00  0.0000   0.0000E+00  0.0000
   1.0000E-09   1.7783E-09   1.7514E-09  0.5235   0.0000E+00  0.0000   0.0000E+00  0.0000   0.0000E+00  0.0000
   1.7783E-09   3.1623E-09   1.0830E-08  0.5831   0.0000E+00  0.0000   0.0000E+00  0.0000   0.0000E+00  0.0000
   3.1623E-09   5.6234E-09   3.9083E-08  0.5773   0.0000E+00  0.0000   0.0000E+00  0.0000   0.0000E+00  0.0000
   5.6234E-09   1.0000E-08   1.4906E-07  0.4582   0.0000E+00  0.0000   0.0000E+00  0.0000   0.0000E+00  0.0000
   1.0000E-08   1.7783E-08   2.8568E-07  0.5067   0.0000E+00  0.0000   0.0000E+00  0.0000   0.0000E+00  0.0000
   1.7783E-08   3.1623E-08   6.6231E-07  0.5174   0.0000E+00  0.0000   0.0000E+00  0.0000   0.0000E+00  0.0000
   3.1623E-08   5.6234E-08   6.7818E-07  0.5084   0.0000E+00  0.0000   0.0000E+00  0.0000   0.0000E+00  0.0000
   5.6234E-08   1.0000E-07   8.6463E-07  0.5291   0.0000E+00  0.0000   0.0000E+00  0.0000   0.0000E+00  0.0000
   1.0000E-07   1.7783E-07   1.1645E-06  0.8564   0.0000E+00  0.0000   0.0000E+00  0.0000   0.0000E+00  0.0000
   1.7783E-07   3.1623E-07   1.0332E-07  0.7278   0.0000E+00  0.0000   0.0000E+00  0.0000   0.0000E+00  0.0000
   3.1623E-07   5.6234E-07   2.0137E-08  0.5730   0.0000E+00  0.0000   0.0000E+00  0.0000   0.0000E+00  0.0000
   5.6234E-07   1.0000E-06   2.3825E-08  0.6571   0.0000E+00  0.0000   0.0000E+00  0.0000   0.0000E+00  0.0000
   1.0000E-06   1.7783E-06   1.1274E-08  0.5644   0.0000E+00  0.0000   0.0000E+00  0.0000   0.0000E+00  0.0000
   1.7783E-06   3.1623E-06   1.0999E-07  0.6437   0.0000E+00  0.0000   0.0000E+00  0.0000   0.0000E+00  0.0000
   3.1623E-06   5.6234E-06   2.7745E-08  0.5777   0.0000E+00  0.0000   0.0000E+00  0.0000   0.0000E+00  0.0000
   5.6234E-06   1.0000E-05   1.3784E-07  0.6953   0.0000E+00  0.0000   0.0000E+00  0.0000   0.0000E+00  0.0000
   1.0000E-05   1.7783E-05   2.8613E-08  0.7416   0.0000E+00  0.0000   0.0000E+00  0.0000   0.0000E+00  0.0000
   1.7783E-05   3.1623E-05   2.2424E-08  0.5505   0.0000E+00  0.0000   0.0000E+00  0.0000   0.0000E+00  0.0000
   3.1623E-05   5.6234E-05   2.5135E-08  0.6052   0.0000E+00  0.0000   0.0000E+00  0.0000   0.0000E+00  0.0000
   5.6234E-05   1.0000E-04   5.2361E-08  0.5435   0.0000E+00  0.0000   0.0000E+00  0.0000   0.0000E+00  0.0000
   1.0000E-04   1.7783E-04   3.6199E-08  0.6808   0.0000E+00  0.0000   0.0000E+00  0.0000   0.0000E+00  0.0000
   1.7783E-04   3.1623E-04   1.6811E-08  0.7011   0.0000E+00  0.0000   0.0000E+00  0.0000   0.0000E+00  0.0000
   3.1623E-04   5.6234E-04   2.2310E-08  0.5793   0.0000E+00  0.0000   0.0000E+00  0.0000   0.0000E+00  0.0000
   5.6234E-04   1.0000E-03   2.5688E-08  0.7741   0.0000E+00  0.0000   0.0000E+00  0.0000   1.1331E-18  0.8843
   1.0000E-03   1.7783E-03   3.0068E-08  0.6515   0.0000E+00  0.0000   0.0000E+00  0.0000   4.6547E-14  0.8742
   1.7783E-03   3.1623E-03   6.2357E-08  0.6446   0.0000E+00  0.0000   0.0000E+00  0.0000   7.5168E-14  0.8742
   3.1623E-03   5.6234E-03   5.7920E-08  0.6278   0.0000E+00  0.0000   0.0000E+00  0.0000   1.1347E-13  0.8742
   5.6234E-03   1.0000E-02   3.2234E-08  0.5555   0.0000E+00  0.0000   0.0000E+00  0.0000   1.5658E-13  0.8742
   1.0000E-02   1.7783E-02   3.3638E-08  0.8107   0.0000E+00  0.0000   0.0000E+00  0.0000   2.1001E-13  0.8742
   1.7783E-02   3.1623E-02   5.5853E-08  0.7537   0.0000E+00  0.0000   0.0000E+00  0.0000   3.0088E-13  0.8742
   3.1623E-02   5.6234E-02   2.2866E-08  0.5312   0.0000E+00  0.0000   0.0000E+00  0.0000   4.5150E-13  0.8742
   5.6234E-02   1.0000E-01   4.1717E-08  0.7841   0.0000E+00  0.0000   0.0000E+00  0.0000   7.3859E-13  0.8742
   1.0000E-01   1.7783E-01   1.4308E-07  0.5651   0.0000E+00  0.0000   0.0000E+00  0.0000   1.3629E-12  0.8742
   1.7783E-01   3.1623E-01   1.9424E-07  0.6573   0.0000E+00  0.0000   0.0000E+00  0.0000   2.8955E-12  0.8742
   3.1623E-01   5.6234E-01   3.1929E-07  0.6576   0.0000E+00  0.0000   0.0000E+00  0.0000   6.8991E-12  0.8742
   5.6234E-01   1.0000E+00   1.1309E-07  0.5576   0.0000E+00  0.0000   0.0000E+00  0.0000   1.7415E-11  0.8742
   1.0000E+00   1.7783E+00   2.1851E-07  0.5233   0.0000E+00  0.0000   0.0000E+00  0.0000   4.4671E-11  0.8777
   1.7783E+00   3.1623E+00   1.4919E-07  0.5464   0.0000E+00  0.0000   0.0000E+00  0.0000   1.1230E-10  0.8871
   3.1623E+00   5.6234E+00   1.8864E-07  0.6271   0.0000E+00  0.0000   0.0000E+00  0.0000   2.5282E-10  0.8967
   5.6234E+00   1.0000E+01   1.5234E-07  0.8534   0.0000E+00  0.0000   0.0000E+00  0.0000   4.1759E-10  0.8855
   1.0000E+01   1.7783E+01   6.2957E-08  0.7958   0.0000E+00  0.0000   0.0000E+00  0.0000   8.3155E-10  0.8641
   1.7783E+01   3.1623E+01   1.1882E-07  0.5427   0.0000E+00  0.0000   0.0000E+00  0.0000   1.5318E-09  0.8523
   3.1623E+01   5.6234E+01   8.4198E-08  0.6887   0.0000E+00  0.0000   0.0000E+00  0.0000   2.5906E-09  0.8301
   5.6234E+01   1.0000E+02   3.3745E-07  0.6597   0.0000E+00  0.0000   0.0000E+00  0.0000   2.7914E-09  0.8061
   1.0000E+02   1.7783E+02   1.3151E-06  0.8821   0.0000E+00  0.0000   0.0000E+00  0.0000   7.5696E-10  1.0000
   1.7783E+02   3.1623E+02   1.6388E-08  0.8178   0.0000E+00  0.0000   0.0000E+00  0.0000   9.3468E-11  1.0000
   3.1623E+02   5.6234E+02   3.3282E-08  0.8447   0.0000E+00  0.0000   0.0000E+00  0.0000   0.0000E+00  0.0000
   5.6234E+02   1.0000E+03   0.0000E+00  0.0000   0.0000E+00  0.0000   0.0000E+00  0.0000   0.0000E+00  0.0000
   1.0000E+03   1.7783E+03   3.8518E-09  1.0000   0.0000E+00  0.0000   0.0000E+00  0.0000   0.0000E+00  0.0000
   1.7783E+03   3.1623E+03   0.0000E+00  0.0000   0.0000E+00  0.0000   0.0000E+00  0.0000   0.0000E+00  0.0000
   3.1623E+03   5.6234E+03   0.0000E+00  0.0000   0.0000E+00  0.0000   0.0000E+00  0.0000   0.0000E+00  0.0000
   5.6234E+03   1.0000E+04   0.0000E+00  0.0000   0.0000E+00  0.0000   0.0000E+00  0.0000   0.0000E+00  0.0000
   1.0000E+04   1.7783E+04   0.0000E+00  0.0000   0.0000E+00  0.0000   0.0000E+00  0.0000   0.0000E+00  0.0000
   1.7783E+04   3.1623E+04   0.0000E+00  0.0000   0.0000E+00  0.0000   0.0000E+00  0.0000   0.0000E+00  0.0000
   3.1623E+04   5.6234E+04   0.0000E+00  0.0000   0.0000E+00  0.0000   0.0000E+00  0.0000   0.0000E+00  0.0000
   5.6234E+04   1.0000E+05   0.0000E+00  0.0000   0.0000E+00  0.0000   0.0000E+00  0.0000   0.0000E+00  0.0000

#   sum over                 8.3076E-06  0.5938   0.0000E+00  0.0000   0.0000E+00  0.0000   9.4537E-09  0.7804

'no. = 10, (ix,iy,iz) = (  1,  1, 10)'
msuc: {\huge Flux spectra vs depth in concrete}
msdr: {\it plotted by \ANGEL \version}
msdl: {\it calculated by \PHITS  3.36}
wt: s(0.7)
\vspace{-3}
   vol  &=&   2.8800E+07 [cm^3]
  xmin  &=&  -6.0000E+02 [cm]
  xmax  &=&   6.0000E+02 [cm]
  ymin  &=&  -6.0000E+02 [cm]
  ymax  &=&   6.0000E+02 [cm]
  zmin  &=&  -5.2000E+02 [cm]
  zmax  &=&  -5.0000E+02 [cm]
e:

#------------------------------------------------------------------------------
 newpage:
#   no. = 11   ix  =  1   iy  =  1   iz  = 11
#   x = (  -6.0000E+02  -   6.0000E+02  )
#   y = (  -6.0000E+02  -   6.0000E+02  )
#   z = (  -5.0000E+02  -  -4.8000E+02  )

x: Energy [MeV/n]
y: Flux [1/cm^2/source]              
p: xlog ylog afac(0.8) form(0.9)
h: n            x            y(neutron ),hh0l n y(muon-   ),hh0dr n y(muon+   ),hh0ub n y(proton  ),hh0mg n 
#  e-lower      e-upper        neutron   r.err      muon-     r.err      muon+     r.err      proton    r.err 
   1.0000E-10   1.7783E-10   6.7575E-12  1.0000   0.0000E+00  0.0000   0.0000E+00  0.0000   0.0000E+00  0.0000
   1.7783E-10   3.1623E-10   0.0000E+00  0.0000   0.0000E+00  0.0000   0.0000E+00  0.0000   0.0000E+00  0.0000
   3.1623E-10   5.6234E-10   8.3146E-11  0.7350   0.0000E+00  0.0000   0.0000E+00  0.0000   0.0000E+00  0.0000
   5.6234E-10   1.0000E-09   3.7762E-10  0.5537   0.0000E+00  0.0000   0.0000E+00  0.0000   0.0000E+00  0.0000
   1.0000E-09   1.7783E-09   3.6012E-09  0.8383   0.0000E+00  0.0000   0.0000E+00  0.0000   0.0000E+00  0.0000
   1.7783E-09   3.1623E-09   8.6927E-09  0.5857   0.0000E+00  0.0000   0.0000E+00  0.0000   0.0000E+00  0.0000
   3.1623E-09   5.6234E-09   3.2668E-08  0.5172   0.0000E+00  0.0000   0.0000E+00  0.0000   0.0000E+00  0.0000
   5.6234E-09   1.0000E-08   2.2390E-07  0.4804   0.0000E+00  0.0000   0.0000E+00  0.0000   0.0000E+00  0.0000
   1.0000E-08   1.7783E-08   2.6719E-07  0.4836   0.0000E+00  0.0000   0.0000E+00  0.0000   0.0000E+00  0.0000
   1.7783E-08   3.1623E-08   6.4279E-07  0.4792   0.0000E+00  0.0000   0.0000E+00  0.0000   0.0000E+00  0.0000
   3.1623E-08   5.6234E-08   7.5038E-07  0.4379   0.0000E+00  0.0000   0.0000E+00  0.0000   0.0000E+00  0.0000
   5.6234E-08   1.0000E-07   8.7036E-07  0.4846   0.0000E+00  0.0000   0.0000E+00  0.0000   0.0000E+00  0.0000
   1.0000E-07   1.7783E-07   7.2261E-07  0.7189   0.0000E+00  0.0000   0.0000E+00  0.0000   0.0000E+00  0.0000
   1.7783E-07   3.1623E-07   1.3669E-07  0.6067   0.0000E+00  0.0000   0.0000E+00  0.0000   0.0000E+00  0.0000
   3.1623E-07   5.6234E-07   4.3915E-08  0.7704   0.0000E+00  0.0000   0.0000E+00  0.0000   0.0000E+00  0.0000
   5.6234E-07   1.0000E-06   6.5162E-08  0.7866   0.0000E+00  0.0000   0.0000E+00  0.0000   0.0000E+00  0.0000
   1.0000E-06   1.7783E-06   2.2763E-08  0.5699   0.0000E+00  0.0000   0.0000E+00  0.0000   0.0000E+00  0.0000
   1.7783E-06   3.1623E-06   2.4411E-07  0.8170   0.0000E+00  0.0000   0.0000E+00  0.0000   0.0000E+00  0.0000
   3.1623E-06   5.6234E-06   2.9322E-08  0.5154   0.0000E+00  0.0000   0.0000E+00  0.0000   0.0000E+00  0.0000
   5.6234E-06   1.0000E-05   1.2459E-07  0.7277   0.0000E+00  0.0000   0.0000E+00  0.0000   0.0000E+00  0.0000
   1.0000E-05   1.7783E-05   2.9074E-08  0.5833   0.0000E+00  0.0000   0.0000E+00  0.0000   0.0000E+00  0.0000
   1.7783E-05   3.1623E-05   2.0803E-08  0.5034   0.0000E+00  0.0000   0.0000E+00  0.0000   0.0000E+00  0.0000
   3.1623E-05   5.6234E-05   1.8399E-08  0.5608   0.0000E+00  0.0000   0.0000E+00  0.0000   0.0000E+00  0.0000
   5.6234E-05   1.0000E-04   4.3884E-08  0.5846   0.0000E+00  0.0000   0.0000E+00  0.0000   0.0000E+00  0.0000
   1.0000E-04   1.7783E-04   6.0003E-08  0.7392   0.0000E+00  0.0000   0.0000E+00  0.0000   0.0000E+00  0.0000
   1.7783E-04   3.1623E-04   3.0664E-08  0.6342   0.0000E+00  0.0000   0.0000E+00  0.0000   0.0000E+00  0.0000
   3.1623E-04   5.6234E-04   6.6762E-08  0.9034   0.0000E+00  0.0000   0.0000E+00  0.0000   0.0000E+00  0.0000
   5.6234E-04   1.0000E-03   2.1339E-08  0.5771   0.0000E+00  0.0000   0.0000E+00  0.0000   8.1093E-19  0.6712
   1.0000E-03   1.7783E-03   4.2984E-08  0.6661   0.0000E+00  0.0000   0.0000E+00  0.0000   3.7886E-14  0.6375
   1.7783E-03   3.1623E-03   8.5868E-08  0.6178   0.0000E+00  0.0000   0.0000E+00  0.0000   6.1182E-14  0.6375
   3.1623E-03   5.6234E-03   8.8944E-08  0.6305   0.0000E+00  0.0000   0.0000E+00  0.0000   9.2358E-14  0.6375
   5.6234E-03   1.0000E-02   2.8916E-08  0.5225   0.0000E+00  0.0000   0.0000E+00  0.0000   1.2745E-13  0.6375
   1.0000E-02   1.7783E-02   3.4043E-08  0.6917   0.0000E+00  0.0000   0.0000E+00  0.0000   1.7094E-13  0.6375
   1.7783E-02   3.1623E-02   1.2203E-08  0.5865   0.0000E+00  0.0000   0.0000E+00  0.0000   2.4490E-13  0.6375
   3.1623E-02   5.6234E-02   5.0070E-08  0.6616   0.0000E+00  0.0000   0.0000E+00  0.0000   3.6749E-13  0.6375
   5.6234E-02   1.0000E-01   2.2481E-08  0.5334   0.0000E+00  0.0000   0.0000E+00  0.0000   6.0116E-13  0.6375
   1.0000E-01   1.7783E-01   8.0692E-08  0.4805   0.0000E+00  0.0000   0.0000E+00  0.0000   1.1093E-12  0.6375
   1.7783E-01   3.1623E-01   1.5135E-07  0.6999   0.0000E+00  0.0000   0.0000E+00  0.0000   2.3568E-12  0.6375
   3.1623E-01   5.6234E-01   3.7803E-07  0.6395   0.0000E+00  0.0000   0.0000E+00  0.0000   5.6154E-12  0.6375
   5.6234E-01   1.0000E+00   1.6119E-07  0.5675   0.0000E+00  0.0000   0.0000E+00  0.0000   1.4175E-11  0.6375
   1.0000E+00   1.7783E+00   2.0912E-07  0.5223   0.0000E+00  0.0000   0.0000E+00  0.0000   3.6348E-11  0.6385
   1.7783E+00   3.1623E+00   8.6137E-08  0.5388   0.0000E+00  0.0000   0.0000E+00  0.0000   8.4192E-11  0.6195
   3.1623E+00   5.6234E+00   2.0156E-07  0.7399   0.0000E+00  0.0000   0.0000E+00  0.0000   1.6356E-10  0.5689
   5.6234E+00   1.0000E+01   5.3398E-08  0.5058   0.0000E+00  0.0000   0.0000E+00  0.0000   4.0161E-10  0.5918
   1.0000E+01   1.7783E+01   2.5534E-08  0.5869   0.0000E+00  0.0000   0.0000E+00  0.0000   9.8979E-10  0.6345
   1.7783E+01   3.1623E+01   2.1185E-07  0.6070   0.0000E+00  0.0000   0.0000E+00  0.0000   2.4983E-09  0.6829
   3.1623E+01   5.6234E+01   1.1253E-07  0.5803   0.0000E+00  0.0000   0.0000E+00  0.0000   4.9724E-09  0.7010
   5.6234E+01   1.0000E+02   2.9879E-07  0.6063   0.0000E+00  0.0000   0.0000E+00  0.0000   5.6715E-09  0.5973
   1.0000E+02   1.7783E+02   1.6280E-06  0.8901   0.0000E+00  0.0000   0.0000E+00  0.0000   6.1548E-09  0.8207
   1.7783E+02   3.1623E+02   3.0334E-08  0.7346   0.0000E+00  0.0000   0.0000E+00  0.0000   9.2377E-09  0.7952
   3.1623E+02   5.6234E+02   4.0221E-08  0.7262   0.0000E+00  0.0000   0.0000E+00  0.0000   2.1036E-09  1.0000
   5.6234E+02   1.0000E+03   1.7340E-11  1.0000   0.0000E+00  0.0000   0.0000E+00  0.0000   0.0000E+00  0.0000
   1.0000E+03   1.7783E+03   3.8518E-09  1.0000   0.0000E+00  0.0000   0.0000E+00  0.0000   0.0000E+00  0.0000
   1.7783E+03   3.1623E+03   0.0000E+00  0.0000   0.0000E+00  0.0000   0.0000E+00  0.0000   0.0000E+00  0.0000
   3.1623E+03   5.6234E+03   0.0000E+00  0.0000   0.0000E+00  0.0000   0.0000E+00  0.0000   0.0000E+00  0.0000
   5.6234E+03   1.0000E+04   0.0000E+00  0.0000   0.0000E+00  0.0000   0.0000E+00  0.0000   0.0000E+00  0.0000
   1.0000E+04   1.7783E+04   0.0000E+00  0.0000   0.0000E+00  0.0000   0.0000E+00  0.0000   0.0000E+00  0.0000
   1.7783E+04   3.1623E+04   0.0000E+00  0.0000   0.0000E+00  0.0000   0.0000E+00  0.0000   0.0000E+00  0.0000
   3.1623E+04   5.6234E+04   0.0000E+00  0.0000   0.0000E+00  0.0000   0.0000E+00  0.0000   0.0000E+00  0.0000
   5.6234E+04   1.0000E+05   0.0000E+00  0.0000   0.0000E+00  0.0000   0.0000E+00  0.0000   0.0000E+00  0.0000

#   sum over                 8.5182E-06  0.5377   0.0000E+00  0.0000   0.0000E+00  0.0000   3.2339E-08  0.6314

'no. = 11, (ix,iy,iz) = (  1,  1, 11)'
msuc: {\huge Flux spectra vs depth in concrete}
msdr: {\it plotted by \ANGEL \version}
msdl: {\it calculated by \PHITS  3.36}
wt: s(0.7)
\vspace{-3}
   vol  &=&   2.8800E+07 [cm^3]
  xmin  &=&  -6.0000E+02 [cm]
  xmax  &=&   6.0000E+02 [cm]
  ymin  &=&  -6.0000E+02 [cm]
  ymax  &=&   6.0000E+02 [cm]
  zmin  &=&  -5.0000E+02 [cm]
  zmax  &=&  -4.8000E+02 [cm]
e:

#------------------------------------------------------------------------------
 newpage:
#   no. = 12   ix  =  1   iy  =  1   iz  = 12
#   x = (  -6.0000E+02  -   6.0000E+02  )
#   y = (  -6.0000E+02  -   6.0000E+02  )
#   z = (  -4.8000E+02  -  -4.6000E+02  )

x: Energy [MeV/n]
y: Flux [1/cm^2/source]              
p: xlog ylog afac(0.8) form(0.9)
h: n            x            y(neutron ),hh0l n y(muon-   ),hh0dr n y(muon+   ),hh0ub n y(proton  ),hh0mg n 
#  e-lower      e-upper        neutron   r.err      muon-     r.err      muon+     r.err      proton    r.err 
   1.0000E-10   1.7783E-10   2.8887E-11  0.7110   0.0000E+00  0.0000   0.0000E+00  0.0000   0.0000E+00  0.0000
   1.7783E-10   3.1623E-10   1.0487E-11  0.9722   0.0000E+00  0.0000   0.0000E+00  0.0000   0.0000E+00  0.0000
   3.1623E-10   5.6234E-10   8.7861E-11  0.6187   0.0000E+00  0.0000   0.0000E+00  0.0000   0.0000E+00  0.0000
   5.6234E-10   1.0000E-09   4.8408E-10  0.6864   0.0000E+00  0.0000   0.0000E+00  0.0000   0.0000E+00  0.0000
   1.0000E-09   1.7783E-09   1.8762E-09  0.5304   0.0000E+00  0.0000   0.0000E+00  0.0000   0.0000E+00  0.0000
   1.7783E-09   3.1623E-09   9.3836E-09  0.5643   0.0000E+00  0.0000   0.0000E+00  0.0000   0.0000E+00  0.0000
   3.1623E-09   5.6234E-09   3.0405E-08  0.4727   0.0000E+00  0.0000   0.0000E+00  0.0000   0.0000E+00  0.0000
   5.6234E-09   1.0000E-08   2.7615E-07  0.4780   0.0000E+00  0.0000   0.0000E+00  0.0000   0.0000E+00  0.0000
   1.0000E-08   1.7783E-08   2.8543E-07  0.5292   0.0000E+00  0.0000   0.0000E+00  0.0000   0.0000E+00  0.0000
   1.7783E-08   3.1623E-08   6.8164E-07  0.4524   0.0000E+00  0.0000   0.0000E+00  0.0000   0.0000E+00  0.0000
   3.1623E-08   5.6234E-08   8.6491E-07  0.4297   0.0000E+00  0.0000   0.0000E+00  0.0000   0.0000E+00  0.0000
   5.6234E-08   1.0000E-07   1.0137E-06  0.4849   0.0000E+00  0.0000   0.0000E+00  0.0000   0.0000E+00  0.0000
   1.0000E-07   1.7783E-07   6.1312E-07  0.6322   0.0000E+00  0.0000   0.0000E+00  0.0000   0.0000E+00  0.0000
   1.7783E-07   3.1623E-07   1.5091E-07  0.5875   0.0000E+00  0.0000   0.0000E+00  0.0000   0.0000E+00  0.0000
   3.1623E-07   5.6234E-07   4.2572E-08  0.6174   0.0000E+00  0.0000   0.0000E+00  0.0000   0.0000E+00  0.0000
   5.6234E-07   1.0000E-06   2.6441E-08  0.5876   0.0000E+00  0.0000   0.0000E+00  0.0000   0.0000E+00  0.0000
   1.0000E-06   1.7783E-06   2.4727E-08  0.5792   0.0000E+00  0.0000   0.0000E+00  0.0000   0.0000E+00  0.0000
   1.7783E-06   3.1623E-06   2.4525E-07  0.8285   0.0000E+00  0.0000   0.0000E+00  0.0000   0.0000E+00  0.0000
   3.1623E-06   5.6234E-06   6.5234E-08  0.5757   0.0000E+00  0.0000   0.0000E+00  0.0000   0.0000E+00  0.0000
   5.6234E-06   1.0000E-05   1.7243E-07  0.6132   0.0000E+00  0.0000   0.0000E+00  0.0000   0.0000E+00  0.0000
   1.0000E-05   1.7783E-05   5.7935E-08  0.6484   0.0000E+00  0.0000   0.0000E+00  0.0000   0.0000E+00  0.0000
   1.7783E-05   3.1623E-05   4.0503E-08  0.5090   0.0000E+00  0.0000   0.0000E+00  0.0000   0.0000E+00  0.0000
   3.1623E-05   5.6234E-05   2.4669E-08  0.5762   0.0000E+00  0.0000   0.0000E+00  0.0000   0.0000E+00  0.0000
   5.6234E-05   1.0000E-04   5.4061E-08  0.5327   0.0000E+00  0.0000   0.0000E+00  0.0000   0.0000E+00  0.0000
   1.0000E-04   1.7783E-04   5.7712E-08  0.6013   0.0000E+00  0.0000   0.0000E+00  0.0000   0.0000E+00  0.0000
   1.7783E-04   3.1623E-04   1.2402E-08  0.6090   0.0000E+00  0.0000   0.0000E+00  0.0000   0.0000E+00  0.0000
   3.1623E-04   5.6234E-04   3.5321E-08  0.5977   0.0000E+00  0.0000   0.0000E+00  0.0000   0.0000E+00  0.0000
   5.6234E-04   1.0000E-03   2.2313E-08  0.5660   0.0000E+00  0.0000   0.0000E+00  0.0000   7.3708E-19  0.7108
   1.0000E-03   1.7783E-03   2.9674E-08  0.6168   0.0000E+00  0.0000   0.0000E+00  0.0000   4.4861E-14  0.6824
   1.7783E-03   3.1623E-03   7.5377E-08  0.6125   0.0000E+00  0.0000   0.0000E+00  0.0000   7.2450E-14  0.6824
   3.1623E-03   5.6234E-03   8.5265E-08  0.6100   0.0000E+00  0.0000   0.0000E+00  0.0000   1.0937E-13  0.6824
   5.6234E-03   1.0000E-02   5.3453E-08  0.5501   0.0000E+00  0.0000   0.0000E+00  0.0000   1.5092E-13  0.6824
   1.0000E-02   1.7783E-02   2.1248E-08  0.6961   0.0000E+00  0.0000   0.0000E+00  0.0000   2.0242E-13  0.6824
   1.7783E-02   3.1623E-02   6.0236E-08  0.7505   0.0000E+00  0.0000   0.0000E+00  0.0000   2.9000E-13  0.6824
   3.1623E-02   5.6234E-02   4.2463E-08  0.5458   0.0000E+00  0.0000   0.0000E+00  0.0000   4.3518E-13  0.6824
   5.6234E-02   1.0000E-01   6.8307E-08  0.6417   0.0000E+00  0.0000   0.0000E+00  0.0000   7.1188E-13  0.6824
   1.0000E-01   1.7783E-01   8.9493E-08  0.4894   0.0000E+00  0.0000   0.0000E+00  0.0000   1.3136E-12  0.6824
   1.7783E-01   3.1623E-01   1.8615E-07  0.6283   0.0000E+00  0.0000   0.0000E+00  0.0000   2.7908E-12  0.6824
   3.1623E-01   5.6234E-01   3.3230E-07  0.6475   0.0000E+00  0.0000   0.0000E+00  0.0000   6.6496E-12  0.6824
   5.6234E-01   1.0000E+00   1.5835E-07  0.6006   0.0000E+00  0.0000   0.0000E+00  0.0000   1.6786E-11  0.6824
   1.0000E+00   1.7783E+00   2.0030E-07  0.5309   0.0000E+00  0.0000   0.0000E+00  0.0000   4.3087E-11  0.6831
   1.7783E+00   3.1623E+00   9.6154E-08  0.5195   0.0000E+00  0.0000   0.0000E+00  0.0000   1.1160E-10  0.6865
   3.1623E+00   5.6234E+00   5.9756E-07  0.8994   0.0000E+00  0.0000   0.0000E+00  0.0000   2.3776E-10  0.6646
   5.6234E+00   1.0000E+01   1.6393E-07  0.6743   0.0000E+00  0.0000   0.0000E+00  0.0000   4.0795E-10  0.6385
   1.0000E+01   1.7783E+01   2.1100E-08  0.6863   0.0000E+00  0.0000   0.0000E+00  0.0000   9.6727E-10  0.6677
   1.7783E+01   3.1623E+01   9.0579E-08  0.6135   0.0000E+00  0.0000   0.0000E+00  0.0000   2.0562E-09  0.6530
   3.1623E+01   5.6234E+01   1.3582E-07  0.5304   0.0000E+00  0.0000   0.0000E+00  0.0000   1.9117E-09  0.8416
   5.6234E+01   1.0000E+02   2.0052E-07  0.7313   0.0000E+00  0.0000   0.0000E+00  0.0000   4.1339E-09  0.8052
   1.0000E+02   1.7783E+02   1.8736E-06  0.8995   0.0000E+00  0.0000   0.0000E+00  0.0000   7.6878E-09  0.9138
   1.7783E+02   3.1623E+02   4.3599E-08  0.7432   0.0000E+00  0.0000   0.0000E+00  0.0000   8.2561E-09  0.8914
   3.1623E+02   5.6234E+02   3.9831E-08  0.6017   0.0000E+00  0.0000   0.0000E+00  0.0000   4.2132E-09  1.0000
   5.6234E+02   1.0000E+03   3.7229E-09  1.0000   0.0000E+00  0.0000   0.0000E+00  0.0000   0.0000E+00  0.0000
   1.0000E+03   1.7783E+03   4.6206E-09  1.0000   0.0000E+00  0.0000   0.0000E+00  0.0000   0.0000E+00  0.0000
   1.7783E+03   3.1623E+03   0.0000E+00  0.0000   0.0000E+00  0.0000   0.0000E+00  0.0000   0.0000E+00  0.0000
   3.1623E+03   5.6234E+03   0.0000E+00  0.0000   0.0000E+00  0.0000   0.0000E+00  0.0000   0.0000E+00  0.0000
   5.6234E+03   1.0000E+04   0.0000E+00  0.0000   0.0000E+00  0.0000   0.0000E+00  0.0000   0.0000E+00  0.0000
   1.0000E+04   1.7783E+04   0.0000E+00  0.0000   0.0000E+00  0.0000   0.0000E+00  0.0000   0.0000E+00  0.0000
   1.7783E+04   3.1623E+04   0.0000E+00  0.0000   0.0000E+00  0.0000   0.0000E+00  0.0000   0.0000E+00  0.0000
   3.1623E+04   5.6234E+04   0.0000E+00  0.0000   0.0000E+00  0.0000   0.0000E+00  0.0000   0.0000E+00  0.0000
   5.6234E+04   1.0000E+05   0.0000E+00  0.0000   0.0000E+00  0.0000   0.0000E+00  0.0000   0.0000E+00  0.0000

#   sum over                 9.4834E-06  0.5210   0.0000E+00  0.0000   0.0000E+00  0.0000   3.0056E-08  0.8268

'no. = 12, (ix,iy,iz) = (  1,  1, 12)'
msuc: {\huge Flux spectra vs depth in concrete}
msdr: {\it plotted by \ANGEL \version}
msdl: {\it calculated by \PHITS  3.36}
wt: s(0.7)
\vspace{-3}
   vol  &=&   2.8800E+07 [cm^3]
  xmin  &=&  -6.0000E+02 [cm]
  xmax  &=&   6.0000E+02 [cm]
  ymin  &=&  -6.0000E+02 [cm]
  ymax  &=&   6.0000E+02 [cm]
  zmin  &=&  -4.8000E+02 [cm]
  zmax  &=&  -4.6000E+02 [cm]
e:

#------------------------------------------------------------------------------
 newpage:
#   no. = 13   ix  =  1   iy  =  1   iz  = 13
#   x = (  -6.0000E+02  -   6.0000E+02  )
#   y = (  -6.0000E+02  -   6.0000E+02  )
#   z = (  -4.6000E+02  -  -4.4000E+02  )

x: Energy [MeV/n]
y: Flux [1/cm^2/source]              
p: xlog ylog afac(0.8) form(0.9)
h: n            x            y(neutron ),hh0l n y(muon-   ),hh0dr n y(muon+   ),hh0ub n y(proton  ),hh0mg n 
#  e-lower      e-upper        neutron   r.err      muon-     r.err      muon+     r.err      proton    r.err 
   1.0000E-10   1.7783E-10   0.0000E+00  0.0000   0.0000E+00  0.0000   0.0000E+00  0.0000   0.0000E+00  0.0000
   1.7783E-10   3.1623E-10   6.8555E-11  0.7418   0.0000E+00  0.0000   0.0000E+00  0.0000   0.0000E+00  0.0000
   3.1623E-10   5.6234E-10   4.3977E-11  0.6035   0.0000E+00  0.0000   0.0000E+00  0.0000   0.0000E+00  0.0000
   5.6234E-10   1.0000E-09   7.6728E-10  0.6017   0.0000E+00  0.0000   0.0000E+00  0.0000   0.0000E+00  0.0000
   1.0000E-09   1.7783E-09   7.2302E-09  0.8207   0.0000E+00  0.0000   0.0000E+00  0.0000   0.0000E+00  0.0000
   1.7783E-09   3.1623E-09   1.5670E-08  0.5889   0.0000E+00  0.0000   0.0000E+00  0.0000   0.0000E+00  0.0000
   3.1623E-09   5.6234E-09   3.1718E-08  0.4417   0.0000E+00  0.0000   0.0000E+00  0.0000   0.0000E+00  0.0000
   5.6234E-09   1.0000E-08   3.4572E-07  0.4659   0.0000E+00  0.0000   0.0000E+00  0.0000   0.0000E+00  0.0000
   1.0000E-08   1.7783E-08   3.1236E-07  0.4893   0.0000E+00  0.0000   0.0000E+00  0.0000   0.0000E+00  0.0000
   1.7783E-08   3.1623E-08   7.9944E-07  0.4737   0.0000E+00  0.0000   0.0000E+00  0.0000   0.0000E+00  0.0000
   3.1623E-08   5.6234E-08   9.7524E-07  0.4397   0.0000E+00  0.0000   0.0000E+00  0.0000   0.0000E+00  0.0000
   5.6234E-08   1.0000E-07   9.9572E-07  0.4548   0.0000E+00  0.0000   0.0000E+00  0.0000   0.0000E+00  0.0000
   1.0000E-07   1.7783E-07   6.9682E-07  0.6196   0.0000E+00  0.0000   0.0000E+00  0.0000   0.0000E+00  0.0000
   1.7783E-07   3.1623E-07   1.6606E-07  0.5911   0.0000E+00  0.0000   0.0000E+00  0.0000   0.0000E+00  0.0000
   3.1623E-07   5.6234E-07   4.5783E-08  0.5655   0.0000E+00  0.0000   0.0000E+00  0.0000   0.0000E+00  0.0000
   5.6234E-07   1.0000E-06   3.0643E-08  0.6003   0.0000E+00  0.0000   0.0000E+00  0.0000   0.0000E+00  0.0000
   1.0000E-06   1.7783E-06   3.4030E-08  0.7416   0.0000E+00  0.0000   0.0000E+00  0.0000   0.0000E+00  0.0000
   1.7783E-06   3.1623E-06   2.5924E-07  0.7884   0.0000E+00  0.0000   0.0000E+00  0.0000   0.0000E+00  0.0000
   3.1623E-06   5.6234E-06   4.4501E-08  0.5409   0.0000E+00  0.0000   0.0000E+00  0.0000   0.0000E+00  0.0000
   5.6234E-06   1.0000E-05   2.0318E-07  0.6143   0.0000E+00  0.0000   0.0000E+00  0.0000   0.0000E+00  0.0000
   1.0000E-05   1.7783E-05   5.2476E-07  0.9538   0.0000E+00  0.0000   0.0000E+00  0.0000   0.0000E+00  0.0000
   1.7783E-05   3.1623E-05   1.0482E-07  0.7583   0.0000E+00  0.0000   0.0000E+00  0.0000   0.0000E+00  0.0000
   3.1623E-05   5.6234E-05   2.3386E-08  0.5681   0.0000E+00  0.0000   0.0000E+00  0.0000   0.0000E+00  0.0000
   5.6234E-05   1.0000E-04   5.6072E-08  0.5579   0.0000E+00  0.0000   0.0000E+00  0.0000   0.0000E+00  0.0000
   1.0000E-04   1.7783E-04   5.4141E-08  0.6007   0.0000E+00  0.0000   0.0000E+00  0.0000   0.0000E+00  0.0000
   1.7783E-04   3.1623E-04   4.7047E-08  0.7183   0.0000E+00  0.0000   0.0000E+00  0.0000   0.0000E+00  0.0000
   3.1623E-04   5.6234E-04   2.3407E-08  0.5167   0.0000E+00  0.0000   0.0000E+00  0.0000   0.0000E+00  0.0000
   5.6234E-04   1.0000E-03   1.6616E-08  0.6695   0.0000E+00  0.0000   0.0000E+00  0.0000   5.9005E-19  0.8110
   1.0000E-03   1.7783E-03   2.9841E-08  0.5563   0.0000E+00  0.0000   0.0000E+00  0.0000   3.0724E-14  0.8008
   1.7783E-03   3.1623E-03   6.2484E-08  0.6971   0.0000E+00  0.0000   0.0000E+00  0.0000   4.9617E-14  0.8008
   3.1623E-03   5.6234E-03   6.8289E-08  0.6633   0.0000E+00  0.0000   0.0000E+00  0.0000   7.4900E-14  0.8008
   5.6234E-03   1.0000E-02   3.7344E-08  0.5654   0.0000E+00  0.0000   0.0000E+00  0.0000   1.0336E-13  0.8008
   1.0000E-02   1.7783E-02   4.5063E-08  0.5387   0.0000E+00  0.0000   0.0000E+00  0.0000   1.3863E-13  0.8008
   1.7783E-02   3.1623E-02   6.2692E-08  0.5070   0.0000E+00  0.0000   0.0000E+00  0.0000   1.9860E-13  0.8008
   3.1623E-02   5.6234E-02   6.1746E-08  0.5423   0.0000E+00  0.0000   0.0000E+00  0.0000   2.9803E-13  0.8008
   5.6234E-02   1.0000E-01   1.2132E-07  0.6449   0.0000E+00  0.0000   0.0000E+00  0.0000   4.8753E-13  0.8008
   1.0000E-01   1.7783E-01   6.6910E-07  0.8607   0.0000E+00  0.0000   0.0000E+00  0.0000   8.9962E-13  0.8008
   1.7783E-01   3.1623E-01   1.3764E-06  0.8862   0.0000E+00  0.0000   0.0000E+00  0.0000   1.9113E-12  0.8008
   3.1623E-01   5.6234E-01   1.3627E-06  0.8665   0.0000E+00  0.0000   0.0000E+00  0.0000   4.5539E-12  0.8008
   5.6234E-01   1.0000E+00   1.9054E-07  0.7373   0.0000E+00  0.0000   0.0000E+00  0.0000   1.1496E-11  0.8008
   1.0000E+00   1.7783E+00   2.7346E-07  0.4915   0.0000E+00  0.0000   0.0000E+00  0.0000   2.9102E-11  0.7981
   1.7783E+00   3.1623E+00   1.5580E-07  0.6164   0.0000E+00  0.0000   0.0000E+00  0.0000   7.2866E-11  0.7917
   3.1623E+00   5.6234E+00   3.1412E-07  0.6279   0.0000E+00  0.0000   0.0000E+00  0.0000   1.5792E-10  0.7868
   5.6234E+00   1.0000E+01   1.6952E-07  0.6059   0.0000E+00  0.0000   0.0000E+00  0.0000   3.0862E-10  0.8638
   1.0000E+01   1.7783E+01   2.9105E-08  0.5898   0.0000E+00  0.0000   0.0000E+00  0.0000   6.2590E-10  0.8930
   1.7783E+01   3.1623E+01   1.2833E-07  0.5251   0.0000E+00  0.0000   0.0000E+00  0.0000   1.4146E-09  0.8817
   3.1623E+01   5.6234E+01   7.0221E-08  0.6508   0.0000E+00  0.0000   0.0000E+00  0.0000   3.8132E-09  0.8769
   5.6234E+01   1.0000E+02   2.3572E-07  0.6879   0.0000E+00  0.0000   0.0000E+00  0.0000   6.7068E-09  0.9926
   1.0000E+02   1.7783E+02   2.0004E-06  0.8722   0.0000E+00  0.0000   0.0000E+00  0.0000   7.9085E-09  1.0000
   1.7783E+02   3.1623E+02   7.5364E-08  0.7226   0.0000E+00  0.0000   0.0000E+00  0.0000   6.6763E-09  1.0000
   3.1623E+02   5.6234E+02   3.6635E-08  0.7138   0.0000E+00  0.0000   0.0000E+00  0.0000   5.0756E-09  1.0000
   5.6234E+02   1.0000E+03   1.3552E-08  1.0000   0.0000E+00  0.0000   0.0000E+00  0.0000   0.0000E+00  0.0000
   1.0000E+03   1.7783E+03   1.4253E-08  1.0000   0.0000E+00  0.0000   0.0000E+00  0.0000   0.0000E+00  0.0000
   1.7783E+03   3.1623E+03   0.0000E+00  0.0000   0.0000E+00  0.0000   0.0000E+00  0.0000   0.0000E+00  0.0000
   3.1623E+03   5.6234E+03   0.0000E+00  0.0000   0.0000E+00  0.0000   0.0000E+00  0.0000   0.0000E+00  0.0000
   5.6234E+03   1.0000E+04   0.0000E+00  0.0000   0.0000E+00  0.0000   0.0000E+00  0.0000   0.0000E+00  0.0000
   1.0000E+04   1.7783E+04   0.0000E+00  0.0000   0.0000E+00  0.0000   0.0000E+00  0.0000   0.0000E+00  0.0000
   1.7783E+04   3.1623E+04   0.0000E+00  0.0000   0.0000E+00  0.0000   0.0000E+00  0.0000   0.0000E+00  0.0000
   3.1623E+04   5.6234E+04   0.0000E+00  0.0000   0.0000E+00  0.0000   0.0000E+00  0.0000   0.0000E+00  0.0000
   5.6234E+04   1.0000E+05   0.0000E+00  0.0000   0.0000E+00  0.0000   0.0000E+00  0.0000   0.0000E+00  0.0000

#   sum over                 1.3418E-05  0.5821   0.0000E+00  0.0000   0.0000E+00  0.0000   3.2810E-08  0.9722

'no. = 13, (ix,iy,iz) = (  1,  1, 13)'
msuc: {\huge Flux spectra vs depth in concrete}
msdr: {\it plotted by \ANGEL \version}
msdl: {\it calculated by \PHITS  3.36}
wt: s(0.7)
\vspace{-3}
   vol  &=&   2.8800E+07 [cm^3]
  xmin  &=&  -6.0000E+02 [cm]
  xmax  &=&   6.0000E+02 [cm]
  ymin  &=&  -6.0000E+02 [cm]
  ymax  &=&   6.0000E+02 [cm]
  zmin  &=&  -4.6000E+02 [cm]
  zmax  &=&  -4.4000E+02 [cm]
e:

#------------------------------------------------------------------------------
 newpage:
#   no. = 14   ix  =  1   iy  =  1   iz  = 14
#   x = (  -6.0000E+02  -   6.0000E+02  )
#   y = (  -6.0000E+02  -   6.0000E+02  )
#   z = (  -4.4000E+02  -  -4.2000E+02  )

x: Energy [MeV/n]
y: Flux [1/cm^2/source]              
p: xlog ylog afac(0.8) form(0.9)
h: n            x            y(neutron ),hh0l n y(muon-   ),hh0dr n y(muon+   ),hh0ub n y(proton  ),hh0mg n 
#  e-lower      e-upper        neutron   r.err      muon-     r.err      muon+     r.err      proton    r.err 
   1.0000E-10   1.7783E-10   7.3363E-11  1.0000   0.0000E+00  0.0000   0.0000E+00  0.0000   0.0000E+00  0.0000
   1.7783E-10   3.1623E-10   1.0905E-10  0.6538   0.0000E+00  0.0000   0.0000E+00  0.0000   0.0000E+00  0.0000
   3.1623E-10   5.6234E-10   3.2027E-10  0.7176   0.0000E+00  0.0000   0.0000E+00  0.0000   0.0000E+00  0.0000
   5.6234E-10   1.0000E-09   8.8389E-10  0.7673   0.0000E+00  0.0000   0.0000E+00  0.0000   0.0000E+00  0.0000
   1.0000E-09   1.7783E-09   3.1369E-09  0.6735   0.0000E+00  0.0000   0.0000E+00  0.0000   0.0000E+00  0.0000
   1.7783E-09   3.1623E-09   6.7321E-09  0.6218   0.0000E+00  0.0000   0.0000E+00  0.0000   0.0000E+00  0.0000
   3.1623E-09   5.6234E-09   3.0438E-08  0.5261   0.0000E+00  0.0000   0.0000E+00  0.0000   0.0000E+00  0.0000
   5.6234E-09   1.0000E-08   3.2296E-07  0.5001   0.0000E+00  0.0000   0.0000E+00  0.0000   0.0000E+00  0.0000
   1.0000E-08   1.7783E-08   3.6557E-07  0.4868   0.0000E+00  0.0000   0.0000E+00  0.0000   0.0000E+00  0.0000
   1.7783E-08   3.1623E-08   6.7990E-07  0.4492   0.0000E+00  0.0000   0.0000E+00  0.0000   0.0000E+00  0.0000
   3.1623E-08   5.6234E-08   9.1732E-07  0.5005   0.0000E+00  0.0000   0.0000E+00  0.0000   0.0000E+00  0.0000
   5.6234E-08   1.0000E-07   1.1901E-06  0.4716   0.0000E+00  0.0000   0.0000E+00  0.0000   0.0000E+00  0.0000
   1.0000E-07   1.7783E-07   7.4644E-07  0.6110   0.0000E+00  0.0000   0.0000E+00  0.0000   0.0000E+00  0.0000
   1.7783E-07   3.1623E-07   1.5080E-07  0.6863   0.0000E+00  0.0000   0.0000E+00  0.0000   0.0000E+00  0.0000
   3.1623E-07   5.6234E-07   3.8797E-08  0.6449   0.0000E+00  0.0000   0.0000E+00  0.0000   0.0000E+00  0.0000
   5.6234E-07   1.0000E-06   2.6577E-08  0.7007   0.0000E+00  0.0000   0.0000E+00  0.0000   0.0000E+00  0.0000
   1.0000E-06   1.7783E-06   2.5569E-08  0.6806   0.0000E+00  0.0000   0.0000E+00  0.0000   0.0000E+00  0.0000
   1.7783E-06   3.1623E-06   2.3064E-07  0.8725   0.0000E+00  0.0000   0.0000E+00  0.0000   0.0000E+00  0.0000
   3.1623E-06   5.6234E-06   3.7309E-08  0.5546   0.0000E+00  0.0000   0.0000E+00  0.0000   0.0000E+00  0.0000
   5.6234E-06   1.0000E-05   1.8168E-07  0.6252   0.0000E+00  0.0000   0.0000E+00  0.0000   0.0000E+00  0.0000
   1.0000E-05   1.7783E-05   7.4529E-07  0.9601   0.0000E+00  0.0000   0.0000E+00  0.0000   0.0000E+00  0.0000
   1.7783E-05   3.1623E-05   2.2886E-07  0.8490   0.0000E+00  0.0000   0.0000E+00  0.0000   0.0000E+00  0.0000
   3.1623E-05   5.6234E-05   2.8970E-08  0.5651   0.0000E+00  0.0000   0.0000E+00  0.0000   0.0000E+00  0.0000
   5.6234E-05   1.0000E-04   5.1882E-08  0.6423   0.0000E+00  0.0000   0.0000E+00  0.0000   0.0000E+00  0.0000
   1.0000E-04   1.7783E-04   1.0678E-07  0.8284   0.0000E+00  0.0000   0.0000E+00  0.0000   0.0000E+00  0.0000
   1.7783E-04   3.1623E-04   2.6210E-08  0.6812   0.0000E+00  0.0000   0.0000E+00  0.0000   0.0000E+00  0.0000
   3.1623E-04   5.6234E-04   1.7814E-08  0.6234   0.0000E+00  0.0000   0.0000E+00  0.0000   0.0000E+00  0.0000
   5.6234E-04   1.0000E-03   2.9862E-08  0.7522   0.0000E+00  0.0000   0.0000E+00  0.0000   8.8508E-19  0.8183
   1.0000E-03   1.7783E-03   2.3526E-08  0.7235   0.0000E+00  0.0000   0.0000E+00  0.0000   4.3892E-14  0.7477
   1.7783E-03   3.1623E-03   5.3385E-08  0.6704   0.0000E+00  0.0000   0.0000E+00  0.0000   7.0881E-14  0.7477
   3.1623E-03   5.6234E-03   6.2303E-08  0.5981   0.0000E+00  0.0000   0.0000E+00  0.0000   1.0700E-13  0.7477
   5.6234E-03   1.0000E-02   3.1521E-08  0.5509   0.0000E+00  0.0000   0.0000E+00  0.0000   1.4765E-13  0.7477
   1.0000E-02   1.7783E-02   2.0108E-08  0.6563   0.0000E+00  0.0000   0.0000E+00  0.0000   1.9804E-13  0.7477
   1.7783E-02   3.1623E-02   4.1013E-08  0.7228   0.0000E+00  0.0000   0.0000E+00  0.0000   2.8372E-13  0.7477
   3.1623E-02   5.6234E-02   4.2333E-08  0.6491   0.0000E+00  0.0000   0.0000E+00  0.0000   4.2575E-13  0.7477
   5.6234E-02   1.0000E-01   4.7562E-08  0.5922   0.0000E+00  0.0000   0.0000E+00  0.0000   6.9647E-13  0.7477
   1.0000E-01   1.7783E-01   6.7011E-07  0.8645   0.0000E+00  0.0000   0.0000E+00  0.0000   1.2852E-12  0.7477
   1.7783E-01   3.1623E-01   1.5262E-07  0.7046   0.0000E+00  0.0000   0.0000E+00  0.0000   2.7304E-12  0.7477
   3.1623E-01   5.6234E-01   1.4535E-06  0.9512   0.0000E+00  0.0000   0.0000E+00  0.0000   6.5056E-12  0.7477
   5.6234E-01   1.0000E+00   1.2667E-07  0.7013   0.0000E+00  0.0000   0.0000E+00  0.0000   1.6099E-11  0.7447
   1.0000E+00   1.7783E+00   2.4220E-07  0.5384   0.0000E+00  0.0000   0.0000E+00  0.0000   4.0127E-11  0.7399
   1.7783E+00   3.1623E+00   2.2614E-07  0.5777   0.0000E+00  0.0000   0.0000E+00  0.0000   9.9080E-11  0.7387
   3.1623E+00   5.6234E+00   2.2853E-07  0.5193   0.0000E+00  0.0000   0.0000E+00  0.0000   2.3623E-10  0.7230
   5.6234E+00   1.0000E+01   1.6276E-07  0.6679   0.0000E+00  0.0000   0.0000E+00  0.0000   5.3902E-10  0.7139
   1.0000E+01   1.7783E+01   9.8973E-08  0.7015   0.0000E+00  0.0000   0.0000E+00  0.0000   1.2927E-09  0.7140
   1.7783E+01   3.1623E+01   2.1266E-07  0.5968   0.0000E+00  0.0000   0.0000E+00  0.0000   2.7818E-09  0.7069
   3.1623E+01   5.6234E+01   1.2930E-07  0.5690   0.0000E+00  0.0000   0.0000E+00  0.0000   5.3513E-09  0.7072
   5.6234E+01   1.0000E+02   2.1903E-07  0.6812   0.0000E+00  0.0000   0.0000E+00  0.0000   7.2419E-09  0.7219
   1.0000E+02   1.7783E+02   2.0679E-06  0.8453   0.0000E+00  0.0000   0.0000E+00  0.0000   6.2652E-09  0.7192
   1.7783E+02   3.1623E+02   6.4333E-08  0.7068   0.0000E+00  0.0000   0.0000E+00  0.0000   3.2565E-09  0.9149
   3.1623E+02   5.6234E+02   6.1934E-08  0.6631   0.0000E+00  0.0000   0.0000E+00  0.0000   1.1976E-08  1.0000
   5.6234E+02   1.0000E+03   3.0558E-08  0.7960   0.0000E+00  0.0000   0.0000E+00  0.0000   0.0000E+00  0.0000
   1.0000E+03   1.7783E+03   2.0846E-08  1.0000   0.0000E+00  0.0000   0.0000E+00  0.0000   0.0000E+00  0.0000
   1.7783E+03   3.1623E+03   0.0000E+00  0.0000   0.0000E+00  0.0000   0.0000E+00  0.0000   0.0000E+00  0.0000
   3.1623E+03   5.6234E+03   0.0000E+00  0.0000   0.0000E+00  0.0000   0.0000E+00  0.0000   0.0000E+00  0.0000
   5.6234E+03   1.0000E+04   0.0000E+00  0.0000   0.0000E+00  0.0000   0.0000E+00  0.0000   0.0000E+00  0.0000
   1.0000E+04   1.7783E+04   0.0000E+00  0.0000   0.0000E+00  0.0000   0.0000E+00  0.0000   0.0000E+00  0.0000
   1.7783E+04   3.1623E+04   0.0000E+00  0.0000   0.0000E+00  0.0000   0.0000E+00  0.0000   0.0000E+00  0.0000
   3.1623E+04   5.6234E+04   0.0000E+00  0.0000   0.0000E+00  0.0000   0.0000E+00  0.0000   0.0000E+00  0.0000
   5.6234E+04   1.0000E+05   0.0000E+00  0.0000   0.0000E+00  0.0000   0.0000E+00  0.0000   0.0000E+00  0.0000

#   sum over                 1.2681E-05  0.5215   0.0000E+00  0.0000   0.0000E+00  0.0000   3.9108E-08  0.7749

'no. = 14, (ix,iy,iz) = (  1,  1, 14)'
msuc: {\huge Flux spectra vs depth in concrete}
msdr: {\it plotted by \ANGEL \version}
msdl: {\it calculated by \PHITS  3.36}
wt: s(0.7)
\vspace{-3}
   vol  &=&   2.8800E+07 [cm^3]
  xmin  &=&  -6.0000E+02 [cm]
  xmax  &=&   6.0000E+02 [cm]
  ymin  &=&  -6.0000E+02 [cm]
  ymax  &=&   6.0000E+02 [cm]
  zmin  &=&  -4.4000E+02 [cm]
  zmax  &=&  -4.2000E+02 [cm]
e:

#------------------------------------------------------------------------------
 newpage:
#   no. = 15   ix  =  1   iy  =  1   iz  = 15
#   x = (  -6.0000E+02  -   6.0000E+02  )
#   y = (  -6.0000E+02  -   6.0000E+02  )
#   z = (  -4.2000E+02  -  -4.0000E+02  )

x: Energy [MeV/n]
y: Flux [1/cm^2/source]              
p: xlog ylog afac(0.8) form(0.9)
h: n            x            y(neutron ),hh0l n y(muon-   ),hh0dr n y(muon+   ),hh0ub n y(proton  ),hh0mg n 
#  e-lower      e-upper        neutron   r.err      muon-     r.err      muon+     r.err      proton    r.err 
   1.0000E-10   1.7783E-10   6.5536E-11  0.7103   0.0000E+00  0.0000   0.0000E+00  0.0000   0.0000E+00  0.0000
   1.7783E-10   3.1623E-10   1.8412E-10  0.8478   0.0000E+00  0.0000   0.0000E+00  0.0000   0.0000E+00  0.0000
   3.1623E-10   5.6234E-10   1.1245E-09  0.7200   0.0000E+00  0.0000   0.0000E+00  0.0000   0.0000E+00  0.0000
   5.6234E-10   1.0000E-09   1.0287E-09  0.6865   0.0000E+00  0.0000   0.0000E+00  0.0000   0.0000E+00  0.0000
   1.0000E-09   1.7783E-09   3.4325E-09  0.6443   0.0000E+00  0.0000   0.0000E+00  0.0000   0.0000E+00  0.0000
   1.7783E-09   3.1623E-09   1.2108E-08  0.5525   0.0000E+00  0.0000   0.0000E+00  0.0000   0.0000E+00  0.0000
   3.1623E-09   5.6234E-09   4.5029E-08  0.5095   0.0000E+00  0.0000   0.0000E+00  0.0000   0.0000E+00  0.0000
   5.6234E-09   1.0000E-08   3.4702E-07  0.5041   0.0000E+00  0.0000   0.0000E+00  0.0000   0.0000E+00  0.0000
   1.0000E-08   1.7783E-08   8.9186E-07  0.6439   0.0000E+00  0.0000   0.0000E+00  0.0000   0.0000E+00  0.0000
   1.7783E-08   3.1623E-08   8.0581E-07  0.4315   0.0000E+00  0.0000   0.0000E+00  0.0000   0.0000E+00  0.0000
   3.1623E-08   5.6234E-08   1.0316E-06  0.4964   0.0000E+00  0.0000   0.0000E+00  0.0000   0.0000E+00  0.0000
   5.6234E-08   1.0000E-07   1.2993E-06  0.4459   0.0000E+00  0.0000   0.0000E+00  0.0000   0.0000E+00  0.0000
   1.0000E-07   1.7783E-07   7.0682E-07  0.5552   0.0000E+00  0.0000   0.0000E+00  0.0000   0.0000E+00  0.0000
   1.7783E-07   3.1623E-07   1.9329E-07  0.7180   0.0000E+00  0.0000   0.0000E+00  0.0000   0.0000E+00  0.0000
   3.1623E-07   5.6234E-07   3.0717E-08  0.7517   0.0000E+00  0.0000   0.0000E+00  0.0000   0.0000E+00  0.0000
   5.6234E-07   1.0000E-06   5.6017E-08  0.6434   0.0000E+00  0.0000   0.0000E+00  0.0000   0.0000E+00  0.0000
   1.0000E-06   1.7783E-06   2.9214E-08  0.6992   0.0000E+00  0.0000   0.0000E+00  0.0000   0.0000E+00  0.0000
   1.7783E-06   3.1623E-06   2.5974E-07  0.7872   0.0000E+00  0.0000   0.0000E+00  0.0000   0.0000E+00  0.0000
   3.1623E-06   5.6234E-06   4.5745E-08  0.5789   0.0000E+00  0.0000   0.0000E+00  0.0000   0.0000E+00  0.0000
   5.6234E-06   1.0000E-05   1.3049E-07  0.7058   0.0000E+00  0.0000   0.0000E+00  0.0000   0.0000E+00  0.0000
   1.0000E-05   1.7783E-05   1.4693E-07  0.6694   0.0000E+00  0.0000   0.0000E+00  0.0000   0.0000E+00  0.0000
   1.7783E-05   3.1623E-05   2.3426E-07  0.8307   0.0000E+00  0.0000   0.0000E+00  0.0000   0.0000E+00  0.0000
   3.1623E-05   5.6234E-05   3.2644E-08  0.6427   0.0000E+00  0.0000   0.0000E+00  0.0000   0.0000E+00  0.0000
   5.6234E-05   1.0000E-04   6.2591E-08  0.5815   0.0000E+00  0.0000   0.0000E+00  0.0000   0.0000E+00  0.0000
   1.0000E-04   1.7783E-04   4.2952E-08  0.6982   0.0000E+00  0.0000   0.0000E+00  0.0000   0.0000E+00  0.0000
   1.7783E-04   3.1623E-04   4.9880E-08  0.6915   0.0000E+00  0.0000   0.0000E+00  0.0000   0.0000E+00  0.0000
   3.1623E-04   5.6234E-04   4.8493E-08  0.6857   0.0000E+00  0.0000   0.0000E+00  0.0000   0.0000E+00  0.0000
   5.6234E-04   1.0000E-03   3.6486E-08  0.7513   0.0000E+00  0.0000   0.0000E+00  0.0000   1.3645E-18  0.6890
   1.0000E-03   1.7783E-03   6.4583E-08  0.6543   0.0000E+00  0.0000   0.0000E+00  0.0000   6.3844E-14  0.7213
   1.7783E-03   3.1623E-03   6.4354E-08  0.6034   0.0000E+00  0.0000   0.0000E+00  0.0000   1.0310E-13  0.7213
   3.1623E-03   5.6234E-03   6.3397E-08  0.5533   0.0000E+00  0.0000   0.0000E+00  0.0000   1.5564E-13  0.7213
   5.6234E-03   1.0000E-02   5.0313E-08  0.7206   0.0000E+00  0.0000   0.0000E+00  0.0000   2.1476E-13  0.7213
   1.0000E-02   1.7783E-02   3.5641E-08  0.7727   0.0000E+00  0.0000   0.0000E+00  0.0000   2.8806E-13  0.7213
   1.7783E-02   3.1623E-02   4.3637E-08  0.6691   0.0000E+00  0.0000   0.0000E+00  0.0000   4.1268E-13  0.7213
   3.1623E-02   5.6234E-02   7.9145E-08  0.6304   0.0000E+00  0.0000   0.0000E+00  0.0000   6.1928E-13  0.7213
   5.6234E-02   1.0000E-01   7.0185E-08  0.6180   0.0000E+00  0.0000   0.0000E+00  0.0000   1.0130E-12  0.7213
   1.0000E-01   1.7783E-01   7.9529E-07  0.8463   0.0000E+00  0.0000   0.0000E+00  0.0000   1.8693E-12  0.7213
   1.7783E-01   3.1623E-01   2.1829E-07  0.6304   0.0000E+00  0.0000   0.0000E+00  0.0000   3.9715E-12  0.7213
   3.1623E-01   5.6234E-01   1.6141E-06  0.8887   0.0000E+00  0.0000   0.0000E+00  0.0000   9.4627E-12  0.7213
   5.6234E-01   1.0000E+00   2.3034E-07  0.7347   0.0000E+00  0.0000   0.0000E+00  0.0000   2.3611E-11  0.7192
   1.0000E+00   1.7783E+00   3.5774E-07  0.5159   0.0000E+00  0.0000   0.0000E+00  0.0000   6.0549E-11  0.7184
   1.7783E+00   3.1623E+00   3.0910E-07  0.5243   0.0000E+00  0.0000   0.0000E+00  0.0000   1.4987E-10  0.7107
   3.1623E+00   5.6234E+00   2.1237E-07  0.5193   0.0000E+00  0.0000   0.0000E+00  0.0000   3.5730E-10  0.7367
   5.6234E+00   1.0000E+01   1.5390E-07  0.6630   0.0000E+00  0.0000   0.0000E+00  0.0000   7.4772E-10  0.7574
   1.0000E+01   1.7783E+01   6.3013E-08  0.6661   0.0000E+00  0.0000   0.0000E+00  0.0000   1.7283E-09  0.7690
   1.7783E+01   3.1623E+01   2.6434E-07  0.7002   0.0000E+00  0.0000   0.0000E+00  0.0000   3.5695E-09  0.7453
   3.1623E+01   5.6234E+01   2.3779E-07  0.6914   0.0000E+00  0.0000   0.0000E+00  0.0000   5.9141E-09  0.7124
   5.6234E+01   1.0000E+02   2.1875E-07  0.6534   0.0000E+00  0.0000   0.0000E+00  0.0000   8.4156E-09  0.7454
   1.0000E+02   1.7783E+02   2.1453E-06  0.8172   0.0000E+00  0.0000   0.0000E+00  0.0000   7.0223E-09  0.7683
   1.7783E+02   3.1623E+02   1.4947E-07  0.6245   0.0000E+00  0.0000   0.0000E+00  0.0000   1.4501E-08  0.7195
   3.1623E+02   5.6234E+02   9.1695E-08  0.6159   0.0000E+00  0.0000   0.0000E+00  0.0000   8.2161E-09  1.0000
   5.6234E+02   1.0000E+03   2.9443E-08  0.7898   0.0000E+00  0.0000   0.0000E+00  0.0000   2.0288E-08  1.0000
   1.0000E+03   1.7783E+03   3.4143E-08  1.0000   0.0000E+00  0.0000   0.0000E+00  0.0000   0.0000E+00  0.0000
   1.7783E+03   3.1623E+03   0.0000E+00  0.0000   0.0000E+00  0.0000   0.0000E+00  0.0000   0.0000E+00  0.0000
   3.1623E+03   5.6234E+03   0.0000E+00  0.0000   0.0000E+00  0.0000   0.0000E+00  0.0000   0.0000E+00  0.0000
   5.6234E+03   1.0000E+04   0.0000E+00  0.0000   0.0000E+00  0.0000   0.0000E+00  0.0000   0.0000E+00  0.0000
   1.0000E+04   1.7783E+04   0.0000E+00  0.0000   0.0000E+00  0.0000   0.0000E+00  0.0000   0.0000E+00  0.0000
   1.7783E+04   3.1623E+04   0.0000E+00  0.0000   0.0000E+00  0.0000   0.0000E+00  0.0000   0.0000E+00  0.0000
   3.1623E+04   5.6234E+04   0.0000E+00  0.0000   0.0000E+00  0.0000   0.0000E+00  0.0000   0.0000E+00  0.0000
   5.6234E+04   1.0000E+05   0.0000E+00  0.0000   0.0000E+00  0.0000   0.0000E+00  0.0000   0.0000E+00  0.0000

#   sum over                 1.4141E-05  0.4808   0.0000E+00  0.0000   0.0000E+00  0.0000   7.1012E-08  0.8173

'no. = 15, (ix,iy,iz) = (  1,  1, 15)'
msuc: {\huge Flux spectra vs depth in concrete}
msdr: {\it plotted by \ANGEL \version}
msdl: {\it calculated by \PHITS  3.36}
wt: s(0.7)
\vspace{-3}
   vol  &=&   2.8800E+07 [cm^3]
  xmin  &=&  -6.0000E+02 [cm]
  xmax  &=&   6.0000E+02 [cm]
  ymin  &=&  -6.0000E+02 [cm]
  ymax  &=&   6.0000E+02 [cm]
  zmin  &=&  -4.2000E+02 [cm]
  zmax  &=&  -4.0000E+02 [cm]
e:

#------------------------------------------------------------------------------
 newpage:
#   no. = 16   ix  =  1   iy  =  1   iz  = 16
#   x = (  -6.0000E+02  -   6.0000E+02  )
#   y = (  -6.0000E+02  -   6.0000E+02  )
#   z = (  -4.0000E+02  -  -3.8000E+02  )

x: Energy [MeV/n]
y: Flux [1/cm^2/source]              
p: xlog ylog afac(0.8) form(0.9)
h: n            x            y(neutron ),hh0l n y(muon-   ),hh0dr n y(muon+   ),hh0ub n y(proton  ),hh0mg n 
#  e-lower      e-upper        neutron   r.err      muon-     r.err      muon+     r.err      proton    r.err 
   1.0000E-10   1.7783E-10   8.1364E-11  0.9803   0.0000E+00  0.0000   0.0000E+00  0.0000   0.0000E+00  0.0000
   1.7783E-10   3.1623E-10   4.7468E-11  1.0000   0.0000E+00  0.0000   0.0000E+00  0.0000   0.0000E+00  0.0000
   3.1623E-10   5.6234E-10   6.5477E-10  0.9852   0.0000E+00  0.0000   0.0000E+00  0.0000   0.0000E+00  0.0000
   5.6234E-10   1.0000E-09   8.2507E-10  0.5310   0.0000E+00  0.0000   0.0000E+00  0.0000   0.0000E+00  0.0000
   1.0000E-09   1.7783E-09   2.4287E-09  0.6360   0.0000E+00  0.0000   0.0000E+00  0.0000   0.0000E+00  0.0000
   1.7783E-09   3.1623E-09   2.0838E-08  0.4821   0.0000E+00  0.0000   0.0000E+00  0.0000   0.0000E+00  0.0000
   3.1623E-09   5.6234E-09   5.6914E-08  0.4494   0.0000E+00  0.0000   0.0000E+00  0.0000   0.0000E+00  0.0000
   5.6234E-09   1.0000E-08   4.0645E-07  0.4583   0.0000E+00  0.0000   0.0000E+00  0.0000   0.0000E+00  0.0000
   1.0000E-08   1.7783E-08   9.0014E-07  0.5695   0.0000E+00  0.0000   0.0000E+00  0.0000   0.0000E+00  0.0000
   1.7783E-08   3.1623E-08   1.2301E-06  0.4109   0.0000E+00  0.0000   0.0000E+00  0.0000   0.0000E+00  0.0000
   3.1623E-08   5.6234E-08   1.8980E-06  0.4276   0.0000E+00  0.0000   0.0000E+00  0.0000   0.0000E+00  0.0000
   5.6234E-08   1.0000E-07   1.8442E-06  0.3988   0.0000E+00  0.0000   0.0000E+00  0.0000   0.0000E+00  0.0000
   1.0000E-07   1.7783E-07   8.7531E-07  0.4833   0.0000E+00  0.0000   0.0000E+00  0.0000   0.0000E+00  0.0000
   1.7783E-07   3.1623E-07   2.3634E-07  0.5923   0.0000E+00  0.0000   0.0000E+00  0.0000   0.0000E+00  0.0000
   3.1623E-07   5.6234E-07   5.8717E-08  0.5813   0.0000E+00  0.0000   0.0000E+00  0.0000   0.0000E+00  0.0000
   5.6234E-07   1.0000E-06   6.7376E-08  0.7488   0.0000E+00  0.0000   0.0000E+00  0.0000   0.0000E+00  0.0000
   1.0000E-06   1.7783E-06   4.8939E-08  0.6699   0.0000E+00  0.0000   0.0000E+00  0.0000   0.0000E+00  0.0000
   1.7783E-06   3.1623E-06   3.6038E-07  0.6590   0.0000E+00  0.0000   0.0000E+00  0.0000   0.0000E+00  0.0000
   3.1623E-06   5.6234E-06   1.1755E-07  0.6620   0.0000E+00  0.0000   0.0000E+00  0.0000   0.0000E+00  0.0000
   5.6234E-06   1.0000E-05   1.4980E-07  0.6370   0.0000E+00  0.0000   0.0000E+00  0.0000   0.0000E+00  0.0000
   1.0000E-05   1.7783E-05   1.0677E-07  0.8416   0.0000E+00  0.0000   0.0000E+00  0.0000   0.0000E+00  0.0000
   1.7783E-05   3.1623E-05   2.7367E-07  0.7370   0.0000E+00  0.0000   0.0000E+00  0.0000   0.0000E+00  0.0000
   3.1623E-05   5.6234E-05   5.9266E-08  0.5337   0.0000E+00  0.0000   0.0000E+00  0.0000   0.0000E+00  0.0000
   5.6234E-05   1.0000E-04   5.7048E-08  0.5684   0.0000E+00  0.0000   0.0000E+00  0.0000   0.0000E+00  0.0000
   1.0000E-04   1.7783E-04   8.5607E-08  0.6036   0.0000E+00  0.0000   0.0000E+00  0.0000   0.0000E+00  0.0000
   1.7783E-04   3.1623E-04   7.5303E-08  0.5839   0.0000E+00  0.0000   0.0000E+00  0.0000   0.0000E+00  0.0000
   3.1623E-04   5.6234E-04   5.6908E-08  0.5782   0.0000E+00  0.0000   0.0000E+00  0.0000   0.0000E+00  0.0000
   5.6234E-04   1.0000E-03   3.0931E-08  0.7388   0.0000E+00  0.0000   0.0000E+00  0.0000   1.1063E-18  0.7206
   1.0000E-03   1.7783E-03   8.8552E-08  0.5835   0.0000E+00  0.0000   0.0000E+00  0.0000   5.4267E-14  0.6867
   1.7783E-03   3.1623E-03   8.2423E-08  0.5192   0.0000E+00  0.0000   0.0000E+00  0.0000   8.7635E-14  0.6867
   3.1623E-03   5.6234E-03   7.5219E-08  0.4882   0.0000E+00  0.0000   0.0000E+00  0.0000   1.3229E-13  0.6867
   5.6234E-03   1.0000E-02   8.6374E-08  0.6171   0.0000E+00  0.0000   0.0000E+00  0.0000   1.8255E-13  0.6867
   1.0000E-02   1.7783E-02   4.7889E-08  0.6692   0.0000E+00  0.0000   0.0000E+00  0.0000   2.4485E-13  0.6867
   1.7783E-02   3.1623E-02   1.3516E-07  0.6507   0.0000E+00  0.0000   0.0000E+00  0.0000   3.5078E-13  0.6867
   3.1623E-02   5.6234E-02   6.2947E-08  0.6494   0.0000E+00  0.0000   0.0000E+00  0.0000   5.2639E-13  0.6867
   5.6234E-02   1.0000E-01   9.0325E-08  0.6249   0.0000E+00  0.0000   0.0000E+00  0.0000   8.6109E-13  0.6867
   1.0000E-01   1.7783E-01   9.5236E-07  0.7982   0.0000E+00  0.0000   0.0000E+00  0.0000   1.5889E-12  0.6867
   1.7783E-01   3.1623E-01   3.3533E-07  0.5103   0.0000E+00  0.0000   0.0000E+00  0.0000   3.3758E-12  0.6867
   3.1623E-01   5.6234E-01   1.7588E-06  0.7922   0.0000E+00  0.0000   0.0000E+00  0.0000   8.0293E-12  0.6870
   5.6234E-01   1.0000E+00   2.6724E-07  0.7496   0.0000E+00  0.0000   0.0000E+00  0.0000   1.9707E-11  0.6925
   1.0000E+00   1.7783E+00   3.9119E-07  0.6234   0.0000E+00  0.0000   0.0000E+00  0.0000   4.9993E-11  0.6897
   1.7783E+00   3.1623E+00   7.0270E-07  0.5646   0.0000E+00  0.0000   0.0000E+00  0.0000   1.1836E-10  0.6813
   3.1623E+00   5.6234E+00   2.8816E-07  0.5635   0.0000E+00  0.0000   0.0000E+00  0.0000   2.5654E-10  0.6579
   5.6234E+00   1.0000E+01   1.2442E-07  0.6615   0.0000E+00  0.0000   0.0000E+00  0.0000   5.2314E-10  0.6677
   1.0000E+01   1.7783E+01   8.0624E-08  0.7453   0.0000E+00  0.0000   0.0000E+00  0.0000   9.7537E-10  0.6650
   1.7783E+01   3.1623E+01   1.4380E-07  0.5573   0.0000E+00  0.0000   0.0000E+00  0.0000   1.7861E-09  0.7652
   3.1623E+01   5.6234E+01   2.1038E-07  0.6571   0.0000E+00  0.0000   0.0000E+00  0.0000   3.6082E-09  0.8336
   5.6234E+01   1.0000E+02   2.6964E-07  0.7166   0.0000E+00  0.0000   0.0000E+00  0.0000   3.9752E-09  0.7077
   1.0000E+02   1.7783E+02   2.1388E-06  0.8198   0.0000E+00  0.0000   0.0000E+00  0.0000   6.4033E-09  0.8553
   1.7783E+02   3.1623E+02   1.5531E-07  0.6969   0.0000E+00  0.0000   0.0000E+00  0.0000   3.7241E-09  0.7941
   3.1623E+02   5.6234E+02   8.8222E-08  0.6111   0.0000E+00  0.0000   0.0000E+00  0.0000   2.2375E-08  0.7140
   5.6234E+02   1.0000E+03   3.2355E-08  0.9247   0.0000E+00  0.0000   0.0000E+00  0.0000   2.7845E-08  1.0000
   1.0000E+03   1.7783E+03   4.6541E-08  1.0000   0.0000E+00  0.0000   0.0000E+00  0.0000   4.1165E-09  1.0000
   1.7783E+03   3.1623E+03   0.0000E+00  0.0000   0.0000E+00  0.0000   0.0000E+00  0.0000   0.0000E+00  0.0000
   3.1623E+03   5.6234E+03   0.0000E+00  0.0000   0.0000E+00  0.0000   0.0000E+00  0.0000   0.0000E+00  0.0000
   5.6234E+03   1.0000E+04   0.0000E+00  0.0000   0.0000E+00  0.0000   0.0000E+00  0.0000   0.0000E+00  0.0000
   1.0000E+04   1.7783E+04   0.0000E+00  0.0000   0.0000E+00  0.0000   0.0000E+00  0.0000   0.0000E+00  0.0000
   1.7783E+04   3.1623E+04   0.0000E+00  0.0000   0.0000E+00  0.0000   0.0000E+00  0.0000   0.0000E+00  0.0000
   3.1623E+04   5.6234E+04   0.0000E+00  0.0000   0.0000E+00  0.0000   0.0000E+00  0.0000   0.0000E+00  0.0000
   5.6234E+04   1.0000E+05   0.0000E+00  0.0000   0.0000E+00  0.0000   0.0000E+00  0.0000   0.0000E+00  0.0000

#   sum over                 1.7675E-05  0.4368   0.0000E+00  0.0000   0.0000E+00  0.0000   7.5792E-08  0.8034

'no. = 16, (ix,iy,iz) = (  1,  1, 16)'
msuc: {\huge Flux spectra vs depth in concrete}
msdr: {\it plotted by \ANGEL \version}
msdl: {\it calculated by \PHITS  3.36}
wt: s(0.7)
\vspace{-3}
   vol  &=&   2.8800E+07 [cm^3]
  xmin  &=&  -6.0000E+02 [cm]
  xmax  &=&   6.0000E+02 [cm]
  ymin  &=&  -6.0000E+02 [cm]
  ymax  &=&   6.0000E+02 [cm]
  zmin  &=&  -4.0000E+02 [cm]
  zmax  &=&  -3.8000E+02 [cm]
e:

#------------------------------------------------------------------------------
 newpage:
#   no. = 17   ix  =  1   iy  =  1   iz  = 17
#   x = (  -6.0000E+02  -   6.0000E+02  )
#   y = (  -6.0000E+02  -   6.0000E+02  )
#   z = (  -3.8000E+02  -  -3.6000E+02  )

x: Energy [MeV/n]
y: Flux [1/cm^2/source]              
p: xlog ylog afac(0.8) form(0.9)
h: n            x            y(neutron ),hh0l n y(muon-   ),hh0dr n y(muon+   ),hh0ub n y(proton  ),hh0mg n 
#  e-lower      e-upper        neutron   r.err      muon-     r.err      muon+     r.err      proton    r.err 
   1.0000E-10   1.7783E-10   4.1644E-11  1.0000   0.0000E+00  0.0000   0.0000E+00  0.0000   0.0000E+00  0.0000
   1.7783E-10   3.1623E-10   8.6151E-11  1.0000   0.0000E+00  0.0000   0.0000E+00  0.0000   0.0000E+00  0.0000
   3.1623E-10   5.6234E-10   5.9076E-10  0.7867   0.0000E+00  0.0000   0.0000E+00  0.0000   0.0000E+00  0.0000
   5.6234E-10   1.0000E-09   1.8565E-09  0.8290   0.0000E+00  0.0000   0.0000E+00  0.0000   0.0000E+00  0.0000
   1.0000E-09   1.7783E-09   1.3551E-08  0.5894   0.0000E+00  0.0000   0.0000E+00  0.0000   0.0000E+00  0.0000
   1.7783E-09   3.1623E-09   1.8158E-08  0.6490   0.0000E+00  0.0000   0.0000E+00  0.0000   0.0000E+00  0.0000
   3.1623E-09   5.6234E-09   7.1505E-08  0.4825   0.0000E+00  0.0000   0.0000E+00  0.0000   0.0000E+00  0.0000
   5.6234E-09   1.0000E-08   3.9717E-07  0.4554   0.0000E+00  0.0000   0.0000E+00  0.0000   0.0000E+00  0.0000
   1.0000E-08   1.7783E-08   5.1817E-07  0.4806   0.0000E+00  0.0000   0.0000E+00  0.0000   0.0000E+00  0.0000
   1.7783E-08   3.1623E-08   1.1015E-06  0.4568   0.0000E+00  0.0000   0.0000E+00  0.0000   0.0000E+00  0.0000
   3.1623E-08   5.6234E-08   2.6200E-06  0.4969   0.0000E+00  0.0000   0.0000E+00  0.0000   0.0000E+00  0.0000
   5.6234E-08   1.0000E-07   1.8261E-06  0.4251   0.0000E+00  0.0000   0.0000E+00  0.0000   0.0000E+00  0.0000
   1.0000E-07   1.7783E-07   1.0176E-06  0.5055   0.0000E+00  0.0000   0.0000E+00  0.0000   0.0000E+00  0.0000
   1.7783E-07   3.1623E-07   1.9323E-07  0.8267   0.0000E+00  0.0000   0.0000E+00  0.0000   0.0000E+00  0.0000
   3.1623E-07   5.6234E-07   7.9993E-08  0.6193   0.0000E+00  0.0000   0.0000E+00  0.0000   0.0000E+00  0.0000
   5.6234E-07   1.0000E-06   5.3495E-08  0.7658   0.0000E+00  0.0000   0.0000E+00  0.0000   0.0000E+00  0.0000
   1.0000E-06   1.7783E-06   5.3974E-08  0.6327   0.0000E+00  0.0000   0.0000E+00  0.0000   0.0000E+00  0.0000
   1.7783E-06   3.1623E-06   3.4677E-07  0.7192   0.0000E+00  0.0000   0.0000E+00  0.0000   0.0000E+00  0.0000
   3.1623E-06   5.6234E-06   8.5942E-08  0.5871   0.0000E+00  0.0000   0.0000E+00  0.0000   0.0000E+00  0.0000
   5.6234E-06   1.0000E-05   1.6411E-07  0.6045   0.0000E+00  0.0000   0.0000E+00  0.0000   0.0000E+00  0.0000
   1.0000E-05   1.7783E-05   1.6320E-07  0.6577   0.0000E+00  0.0000   0.0000E+00  0.0000   0.0000E+00  0.0000
   1.7783E-05   3.1623E-05   4.4840E-07  0.6116   0.0000E+00  0.0000   0.0000E+00  0.0000   0.0000E+00  0.0000
   3.1623E-05   5.6234E-05   8.5483E-08  0.5134   0.0000E+00  0.0000   0.0000E+00  0.0000   0.0000E+00  0.0000
   5.6234E-05   1.0000E-04   1.0490E-07  0.5761   0.0000E+00  0.0000   0.0000E+00  0.0000   0.0000E+00  0.0000
   1.0000E-04   1.7783E-04   9.7721E-08  0.6058   0.0000E+00  0.0000   0.0000E+00  0.0000   0.0000E+00  0.0000
   1.7783E-04   3.1623E-04   7.4938E-08  0.5478   0.0000E+00  0.0000   0.0000E+00  0.0000   0.0000E+00  0.0000
   3.1623E-04   5.6234E-04   6.2537E-08  0.5986   0.0000E+00  0.0000   0.0000E+00  0.0000   0.0000E+00  0.0000
   5.6234E-04   1.0000E-03   9.0928E-08  0.6136   0.0000E+00  0.0000   0.0000E+00  0.0000   2.5077E-18  0.7378
   1.0000E-03   1.7783E-03   1.3808E-07  0.5882   0.0000E+00  0.0000   0.0000E+00  0.0000   1.0973E-13  0.6856
   1.7783E-03   3.1623E-03   9.8427E-08  0.5564   0.0000E+00  0.0000   0.0000E+00  0.0000   1.7527E-13  0.6832
   3.1623E-03   5.6234E-03   1.0314E-07  0.5455   0.0000E+00  0.0000   0.0000E+00  0.0000   2.6458E-13  0.6832
   5.6234E-03   1.0000E-02   5.7658E-08  0.6970   0.0000E+00  0.0000   0.0000E+00  0.0000   3.6510E-13  0.6832
   1.0000E-02   1.7783E-02   1.1000E-07  0.5123   0.0000E+00  0.0000   0.0000E+00  0.0000   4.8970E-13  0.6832
   1.7783E-02   3.1623E-02   1.1986E-07  0.5468   0.0000E+00  0.0000   0.0000E+00  0.0000   7.0156E-13  0.6832
   3.1623E-02   5.6234E-02   7.5117E-08  0.7171   0.0000E+00  0.0000   0.0000E+00  0.0000   1.0528E-12  0.6832
   5.6234E-02   1.0000E-01   8.9243E-08  0.6441   0.0000E+00  0.0000   0.0000E+00  0.0000   1.7222E-12  0.6832
   1.0000E-01   1.7783E-01   8.5068E-07  0.8309   0.0000E+00  0.0000   0.0000E+00  0.0000   3.1624E-12  0.6860
   1.7783E-01   3.1623E-01   1.9396E-07  0.6626   0.0000E+00  0.0000   0.0000E+00  0.0000   6.6523E-12  0.6917
   3.1623E-01   5.6234E-01   1.5881E-06  0.8745   0.0000E+00  0.0000   0.0000E+00  0.0000   1.5850E-11  0.6917
   5.6234E-01   1.0000E+00   2.8599E-07  0.6520   0.0000E+00  0.0000   0.0000E+00  0.0000   4.0010E-11  0.6917
   1.0000E+00   1.7783E+00   6.4249E-07  0.5384   0.0000E+00  0.0000   0.0000E+00  0.0000   1.0306E-10  0.6917
   1.7783E+00   3.1623E+00   8.2536E-07  0.5804   0.0000E+00  0.0000   0.0000E+00  0.0000   2.5180E-10  0.7067
   3.1623E+00   5.6234E+00   4.7078E-07  0.6195   0.0000E+00  0.0000   0.0000E+00  0.0000   5.8468E-10  0.7067
   5.6234E+00   1.0000E+01   2.9312E-07  0.5098   0.0000E+00  0.0000   0.0000E+00  0.0000   1.1818E-09  0.7176
   1.0000E+01   1.7783E+01   2.5096E-07  0.5991   0.0000E+00  0.0000   0.0000E+00  0.0000   2.4223E-09  0.6989
   1.7783E+01   3.1623E+01   2.5649E-07  0.5672   0.0000E+00  0.0000   0.0000E+00  0.0000   4.3135E-09  0.7491
   3.1623E+01   5.6234E+01   2.5018E-07  0.7325   0.0000E+00  0.0000   0.0000E+00  0.0000   8.5973E-09  0.7434
   5.6234E+01   1.0000E+02   2.8433E-07  0.6834   0.0000E+00  0.0000   0.0000E+00  0.0000   1.7877E-08  0.7948
   1.0000E+02   1.7783E+02   2.1079E-06  0.8308   0.0000E+00  0.0000   0.0000E+00  0.0000   2.0860E-08  0.8382
   1.7783E+02   3.1623E+02   1.8640E-07  0.6325   0.0000E+00  0.0000   0.0000E+00  0.0000   2.3259E-09  0.8120
   3.1623E+02   5.6234E+02   1.2467E-07  0.7002   0.0000E+00  0.0000   0.0000E+00  0.0000   1.7967E-08  0.9133
   5.6234E+02   1.0000E+03   6.7579E-08  0.7079   0.0000E+00  0.0000   0.0000E+00  0.0000   1.5498E-08  1.0000
   1.0000E+03   1.7783E+03   3.7438E-08  1.0000   0.0000E+00  0.0000   0.0000E+00  0.0000   3.1794E-08  1.0000
   1.7783E+03   3.1623E+03   2.0722E-08  1.0000   0.0000E+00  0.0000   0.0000E+00  0.0000   0.0000E+00  0.0000
   3.1623E+03   5.6234E+03   0.0000E+00  0.0000   0.0000E+00  0.0000   0.0000E+00  0.0000   0.0000E+00  0.0000
   5.6234E+03   1.0000E+04   0.0000E+00  0.0000   0.0000E+00  0.0000   0.0000E+00  0.0000   0.0000E+00  0.0000
   1.0000E+04   1.7783E+04   0.0000E+00  0.0000   0.0000E+00  0.0000   0.0000E+00  0.0000   0.0000E+00  0.0000
   1.7783E+04   3.1623E+04   0.0000E+00  0.0000   0.0000E+00  0.0000   0.0000E+00  0.0000   0.0000E+00  0.0000
   3.1623E+04   5.6234E+04   0.0000E+00  0.0000   0.0000E+00  0.0000   0.0000E+00  0.0000   0.0000E+00  0.0000
   5.6234E+04   1.0000E+05   0.0000E+00  0.0000   0.0000E+00  0.0000   0.0000E+00  0.0000   0.0000E+00  0.0000

#   sum over                 1.9221E-05  0.4697   0.0000E+00  0.0000   0.0000E+00  0.0000   1.2385E-07  0.7835

'no. = 17, (ix,iy,iz) = (  1,  1, 17)'
msuc: {\huge Flux spectra vs depth in concrete}
msdr: {\it plotted by \ANGEL \version}
msdl: {\it calculated by \PHITS  3.36}
wt: s(0.7)
\vspace{-3}
   vol  &=&   2.8800E+07 [cm^3]
  xmin  &=&  -6.0000E+02 [cm]
  xmax  &=&   6.0000E+02 [cm]
  ymin  &=&  -6.0000E+02 [cm]
  ymax  &=&   6.0000E+02 [cm]
  zmin  &=&  -3.8000E+02 [cm]
  zmax  &=&  -3.6000E+02 [cm]
e:

#------------------------------------------------------------------------------
 newpage:
#   no. = 18   ix  =  1   iy  =  1   iz  = 18
#   x = (  -6.0000E+02  -   6.0000E+02  )
#   y = (  -6.0000E+02  -   6.0000E+02  )
#   z = (  -3.6000E+02  -  -3.4000E+02  )

x: Energy [MeV/n]
y: Flux [1/cm^2/source]              
p: xlog ylog afac(0.8) form(0.9)
h: n            x            y(neutron ),hh0l n y(muon-   ),hh0dr n y(muon+   ),hh0ub n y(proton  ),hh0mg n 
#  e-lower      e-upper        neutron   r.err      muon-     r.err      muon+     r.err      proton    r.err 
   1.0000E-10   1.7783E-10   0.0000E+00  0.0000   0.0000E+00  0.0000   0.0000E+00  0.0000   0.0000E+00  0.0000
   1.7783E-10   3.1623E-10   2.5111E-09  0.9879   0.0000E+00  0.0000   0.0000E+00  0.0000   0.0000E+00  0.0000
   3.1623E-10   5.6234E-10   4.5004E-10  0.7823   0.0000E+00  0.0000   0.0000E+00  0.0000   0.0000E+00  0.0000
   5.6234E-10   1.0000E-09   2.0656E-09  0.5847   0.0000E+00  0.0000   0.0000E+00  0.0000   0.0000E+00  0.0000
   1.0000E-09   1.7783E-09   7.2172E-09  0.6946   0.0000E+00  0.0000   0.0000E+00  0.0000   0.0000E+00  0.0000
   1.7783E-09   3.1623E-09   1.1599E-08  0.6211   0.0000E+00  0.0000   0.0000E+00  0.0000   0.0000E+00  0.0000
   3.1623E-09   5.6234E-09   8.4448E-08  0.4351   0.0000E+00  0.0000   0.0000E+00  0.0000   0.0000E+00  0.0000
   5.6234E-09   1.0000E-08   5.4959E-07  0.3866   0.0000E+00  0.0000   0.0000E+00  0.0000   0.0000E+00  0.0000
   1.0000E-08   1.7783E-08   7.3109E-07  0.4363   0.0000E+00  0.0000   0.0000E+00  0.0000   0.0000E+00  0.0000
   1.7783E-08   3.1623E-08   1.5182E-06  0.4592   0.0000E+00  0.0000   0.0000E+00  0.0000   0.0000E+00  0.0000
   3.1623E-08   5.6234E-08   2.3289E-06  0.4402   0.0000E+00  0.0000   0.0000E+00  0.0000   0.0000E+00  0.0000
   5.6234E-08   1.0000E-07   2.5486E-06  0.4454   0.0000E+00  0.0000   0.0000E+00  0.0000   0.0000E+00  0.0000
   1.0000E-07   1.7783E-07   1.1559E-06  0.5033   0.0000E+00  0.0000   0.0000E+00  0.0000   0.0000E+00  0.0000
   1.7783E-07   3.1623E-07   2.9749E-07  0.5432   0.0000E+00  0.0000   0.0000E+00  0.0000   0.0000E+00  0.0000
   3.1623E-07   5.6234E-07   1.1739E-07  0.5801   0.0000E+00  0.0000   0.0000E+00  0.0000   0.0000E+00  0.0000
   5.6234E-07   1.0000E-06   1.0371E-07  0.6078   0.0000E+00  0.0000   0.0000E+00  0.0000   0.0000E+00  0.0000
   1.0000E-06   1.7783E-06   6.7734E-08  0.6264   0.0000E+00  0.0000   0.0000E+00  0.0000   0.0000E+00  0.0000
   1.7783E-06   3.1623E-06   3.1752E-07  0.6909   0.0000E+00  0.0000   0.0000E+00  0.0000   0.0000E+00  0.0000
   3.1623E-06   5.6234E-06   9.5184E-08  0.5676   0.0000E+00  0.0000   0.0000E+00  0.0000   0.0000E+00  0.0000
   5.6234E-06   1.0000E-05   2.2792E-07  0.5107   0.0000E+00  0.0000   0.0000E+00  0.0000   0.0000E+00  0.0000
   1.0000E-05   1.7783E-05   1.6995E-07  0.6084   0.0000E+00  0.0000   0.0000E+00  0.0000   0.0000E+00  0.0000
   1.7783E-05   3.1623E-05   3.9714E-07  0.5874   0.0000E+00  0.0000   0.0000E+00  0.0000   0.0000E+00  0.0000
   3.1623E-05   5.6234E-05   6.8334E-08  0.6293   0.0000E+00  0.0000   0.0000E+00  0.0000   0.0000E+00  0.0000
   5.6234E-05   1.0000E-04   2.5284E-07  0.7834   0.0000E+00  0.0000   0.0000E+00  0.0000   0.0000E+00  0.0000
   1.0000E-04   1.7783E-04   5.6850E-08  0.5518   0.0000E+00  0.0000   0.0000E+00  0.0000   0.0000E+00  0.0000
   1.7783E-04   3.1623E-04   1.1830E-07  0.6293   0.0000E+00  0.0000   0.0000E+00  0.0000   0.0000E+00  0.0000
   3.1623E-04   5.6234E-04   7.1212E-08  0.6596   0.0000E+00  0.0000   0.0000E+00  0.0000   0.0000E+00  0.0000
   5.6234E-04   1.0000E-03   7.1104E-08  0.5872   0.0000E+00  0.0000   0.0000E+00  0.0000   2.6554E-18  0.8658
   1.0000E-03   1.7783E-03   1.2195E-07  0.5350   0.0000E+00  0.0000   0.0000E+00  0.0000   1.5879E-13  0.7054
   1.7783E-03   3.1623E-03   1.3194E-07  0.5689   0.0000E+00  0.0000   0.0000E+00  0.0000   2.5643E-13  0.7054
   3.1623E-03   5.6234E-03   1.1854E-07  0.5892   0.0000E+00  0.0000   0.0000E+00  0.0000   3.8709E-13  0.7054
   5.6234E-03   1.0000E-02   9.9473E-08  0.5834   0.0000E+00  0.0000   0.0000E+00  0.0000   5.3416E-13  0.7054
   1.0000E-02   1.7783E-02   1.4619E-07  0.6171   0.0000E+00  0.0000   0.0000E+00  0.0000   7.1645E-13  0.7054
   1.7783E-02   3.1623E-02   1.6639E-07  0.5798   0.0000E+00  0.0000   0.0000E+00  0.0000   1.0264E-12  0.7054
   3.1623E-02   5.6234E-02   1.0365E-07  0.7192   0.0000E+00  0.0000   0.0000E+00  0.0000   1.5403E-12  0.7054
   5.6234E-02   1.0000E-01   1.0545E-07  0.5774   0.0000E+00  0.0000   0.0000E+00  0.0000   2.5196E-12  0.7054
   1.0000E-01   1.7783E-01   9.6723E-07  0.8567   0.0000E+00  0.0000   0.0000E+00  0.0000   4.6494E-12  0.7054
   1.7783E-01   3.1623E-01   2.1224E-07  0.5220   0.0000E+00  0.0000   0.0000E+00  0.0000   9.8778E-12  0.7054
   3.1623E-01   5.6234E-01   1.5572E-06  0.9362   0.0000E+00  0.0000   0.0000E+00  0.0000   2.3535E-11  0.7054
   5.6234E-01   1.0000E+00   5.8190E-07  0.6307   0.0000E+00  0.0000   0.0000E+00  0.0000   5.8753E-11  0.7026
   1.0000E+00   1.7783E+00   5.3153E-07  0.5136   0.0000E+00  0.0000   0.0000E+00  0.0000   1.4759E-10  0.6994
   1.7783E+00   3.1623E+00   7.8606E-07  0.5880   0.0000E+00  0.0000   0.0000E+00  0.0000   3.3780E-10  0.6888
   3.1623E+00   5.6234E+00   3.3518E-07  0.6893   0.0000E+00  0.0000   0.0000E+00  0.0000   6.5593E-10  0.7177
   5.6234E+00   1.0000E+01   8.3830E-07  0.5429   0.0000E+00  0.0000   0.0000E+00  0.0000   1.3681E-09  0.7664
   1.0000E+01   1.7783E+01   2.0459E-07  0.6068   0.0000E+00  0.0000   0.0000E+00  0.0000   3.3303E-09  0.7594
   1.7783E+01   3.1623E+01   2.0356E-07  0.6154   0.0000E+00  0.0000   0.0000E+00  0.0000   7.8919E-09  0.8068
   3.1623E+01   5.6234E+01   1.2259E-06  0.7637   0.0000E+00  0.0000   0.0000E+00  0.0000   1.5841E-08  0.8016
   5.6234E+01   1.0000E+02   4.2980E-07  0.6818   0.0000E+00  0.0000   0.0000E+00  0.0000   2.1669E-08  0.7991
   1.0000E+02   1.7783E+02   2.5103E-06  0.7182   0.0000E+00  0.0000   0.0000E+00  0.0000   2.9422E-08  0.7264
   1.7783E+02   3.1623E+02   2.8863E-07  0.6577   0.0000E+00  0.0000   0.0000E+00  0.0000   1.3310E-08  0.9796
   3.1623E+02   5.6234E+02   1.3978E-07  0.6250   0.0000E+00  0.0000   0.0000E+00  0.0000   8.1728E-09  1.0000
   5.6234E+02   1.0000E+03   1.1846E-07  0.7079   0.0000E+00  0.0000   0.0000E+00  0.0000   2.4726E-08  1.0000
   1.0000E+03   1.7783E+03   3.1137E-08  1.0000   0.0000E+00  0.0000   0.0000E+00  0.0000   2.1615E-08  1.0000
   1.7783E+03   3.1623E+03   2.8828E-08  1.0000   0.0000E+00  0.0000   0.0000E+00  0.0000   1.3071E-08  1.0000
   3.1623E+03   5.6234E+03   0.0000E+00  0.0000   0.0000E+00  0.0000   0.0000E+00  0.0000   0.0000E+00  0.0000
   5.6234E+03   1.0000E+04   0.0000E+00  0.0000   0.0000E+00  0.0000   0.0000E+00  0.0000   0.0000E+00  0.0000
   1.0000E+04   1.7783E+04   0.0000E+00  0.0000   0.0000E+00  0.0000   0.0000E+00  0.0000   0.0000E+00  0.0000
   1.7783E+04   3.1623E+04   0.0000E+00  0.0000   0.0000E+00  0.0000   0.0000E+00  0.0000   0.0000E+00  0.0000
   3.1623E+04   5.6234E+04   0.0000E+00  0.0000   0.0000E+00  0.0000   0.0000E+00  0.0000   0.0000E+00  0.0000
   5.6234E+04   1.0000E+05   0.0000E+00  0.0000   0.0000E+00  0.0000   0.0000E+00  0.0000   0.0000E+00  0.0000

#   sum over                 2.3357E-05  0.4766   0.0000E+00  0.0000   0.0000E+00  0.0000   1.6166E-07  0.8649

'no. = 18, (ix,iy,iz) = (  1,  1, 18)'
msuc: {\huge Flux spectra vs depth in concrete}
msdr: {\it plotted by \ANGEL \version}
msdl: {\it calculated by \PHITS  3.36}
wt: s(0.7)
\vspace{-3}
   vol  &=&   2.8800E+07 [cm^3]
  xmin  &=&  -6.0000E+02 [cm]
  xmax  &=&   6.0000E+02 [cm]
  ymin  &=&  -6.0000E+02 [cm]
  ymax  &=&   6.0000E+02 [cm]
  zmin  &=&  -3.6000E+02 [cm]
  zmax  &=&  -3.4000E+02 [cm]
e:

#------------------------------------------------------------------------------
 newpage:
#   no. = 19   ix  =  1   iy  =  1   iz  = 19
#   x = (  -6.0000E+02  -   6.0000E+02  )
#   y = (  -6.0000E+02  -   6.0000E+02  )
#   z = (  -3.4000E+02  -  -3.2000E+02  )

x: Energy [MeV/n]
y: Flux [1/cm^2/source]              
p: xlog ylog afac(0.8) form(0.9)
h: n            x            y(neutron ),hh0l n y(muon-   ),hh0dr n y(muon+   ),hh0ub n y(proton  ),hh0mg n 
#  e-lower      e-upper        neutron   r.err      muon-     r.err      muon+     r.err      proton    r.err 
   1.0000E-10   1.7783E-10   4.8968E-11  1.0000   0.0000E+00  0.0000   0.0000E+00  0.0000   0.0000E+00  0.0000
   1.7783E-10   3.1623E-10   7.4356E-11  0.7852   0.0000E+00  0.0000   0.0000E+00  0.0000   0.0000E+00  0.0000
   3.1623E-10   5.6234E-10   1.4081E-10  0.7099   0.0000E+00  0.0000   0.0000E+00  0.0000   0.0000E+00  0.0000
   5.6234E-10   1.0000E-09   3.3343E-09  0.6010   0.0000E+00  0.0000   0.0000E+00  0.0000   0.0000E+00  0.0000
   1.0000E-09   1.7783E-09   7.6683E-09  0.5640   0.0000E+00  0.0000   0.0000E+00  0.0000   0.0000E+00  0.0000
   1.7783E-09   3.1623E-09   3.9082E-08  0.6004   0.0000E+00  0.0000   0.0000E+00  0.0000   0.0000E+00  0.0000
   3.1623E-09   5.6234E-09   1.2452E-07  0.4396   0.0000E+00  0.0000   0.0000E+00  0.0000   0.0000E+00  0.0000
   5.6234E-09   1.0000E-08   4.8620E-07  0.4305   0.0000E+00  0.0000   0.0000E+00  0.0000   0.0000E+00  0.0000
   1.0000E-08   1.7783E-08   7.4523E-07  0.4421   0.0000E+00  0.0000   0.0000E+00  0.0000   0.0000E+00  0.0000
   1.7783E-08   3.1623E-08   1.5031E-06  0.4560   0.0000E+00  0.0000   0.0000E+00  0.0000   0.0000E+00  0.0000
   3.1623E-08   5.6234E-08   2.6522E-06  0.4729   0.0000E+00  0.0000   0.0000E+00  0.0000   0.0000E+00  0.0000
   5.6234E-08   1.0000E-07   2.4092E-06  0.4634   0.0000E+00  0.0000   0.0000E+00  0.0000   0.0000E+00  0.0000
   1.0000E-07   1.7783E-07   1.2781E-06  0.4594   0.0000E+00  0.0000   0.0000E+00  0.0000   0.0000E+00  0.0000
   1.7783E-07   3.1623E-07   2.9859E-07  0.5475   0.0000E+00  0.0000   0.0000E+00  0.0000   0.0000E+00  0.0000
   3.1623E-07   5.6234E-07   1.6217E-07  0.5105   0.0000E+00  0.0000   0.0000E+00  0.0000   0.0000E+00  0.0000
   5.6234E-07   1.0000E-06   1.0211E-07  0.5862   0.0000E+00  0.0000   0.0000E+00  0.0000   0.0000E+00  0.0000
   1.0000E-06   1.7783E-06   1.0134E-07  0.5874   0.0000E+00  0.0000   0.0000E+00  0.0000   0.0000E+00  0.0000
   1.7783E-06   3.1623E-06   1.9810E-07  0.5177   0.0000E+00  0.0000   0.0000E+00  0.0000   0.0000E+00  0.0000
   3.1623E-06   5.6234E-06   1.3989E-07  0.6856   0.0000E+00  0.0000   0.0000E+00  0.0000   0.0000E+00  0.0000
   5.6234E-06   1.0000E-05   1.1672E-07  0.5065   0.0000E+00  0.0000   0.0000E+00  0.0000   0.0000E+00  0.0000
   1.0000E-05   1.7783E-05   2.1265E-07  0.5267   0.0000E+00  0.0000   0.0000E+00  0.0000   0.0000E+00  0.0000
   1.7783E-05   3.1623E-05   3.7550E-07  0.5760   0.0000E+00  0.0000   0.0000E+00  0.0000   0.0000E+00  0.0000
   3.1623E-05   5.6234E-05   1.2854E-07  0.4924   0.0000E+00  0.0000   0.0000E+00  0.0000   0.0000E+00  0.0000
   5.6234E-05   1.0000E-04   3.3679E-07  0.6873   0.0000E+00  0.0000   0.0000E+00  0.0000   0.0000E+00  0.0000
   1.0000E-04   1.7783E-04   1.3056E-07  0.5301   0.0000E+00  0.0000   0.0000E+00  0.0000   0.0000E+00  0.0000
   1.7783E-04   3.1623E-04   1.2704E-07  0.5450   0.0000E+00  0.0000   0.0000E+00  0.0000   0.0000E+00  0.0000
   3.1623E-04   5.6234E-04   1.4744E-07  0.5300   0.0000E+00  0.0000   0.0000E+00  0.0000   0.0000E+00  0.0000
   5.6234E-04   1.0000E-03   8.4460E-08  0.5182   0.0000E+00  0.0000   0.0000E+00  0.0000   3.0979E-18  0.6220
   1.0000E-03   1.7783E-03   1.5363E-07  0.5233   0.0000E+00  0.0000   0.0000E+00  0.0000   1.9617E-13  0.6145
   1.7783E-03   3.1623E-03   1.6042E-07  0.5505   0.0000E+00  0.0000   0.0000E+00  0.0000   3.1697E-13  0.6143
   3.1623E-03   5.6234E-03   1.4426E-07  0.5225   0.0000E+00  0.0000   0.0000E+00  0.0000   4.7848E-13  0.6143
   5.6234E-03   1.0000E-02   1.3416E-07  0.5429   0.0000E+00  0.0000   0.0000E+00  0.0000   6.6026E-13  0.6143
   1.0000E-02   1.7783E-02   1.1921E-07  0.5615   0.0000E+00  0.0000   0.0000E+00  0.0000   8.8558E-13  0.6143
   1.7783E-02   3.1623E-02   2.5933E-07  0.6647   0.0000E+00  0.0000   0.0000E+00  0.0000   1.2687E-12  0.6143
   3.1623E-02   5.6234E-02   1.7522E-07  0.5506   0.0000E+00  0.0000   0.0000E+00  0.0000   1.9039E-12  0.6143
   5.6234E-02   1.0000E-01   2.4915E-07  0.5381   0.0000E+00  0.0000   0.0000E+00  0.0000   3.1144E-12  0.6143
   1.0000E-01   1.7783E-01   2.0870E-06  0.8739   0.0000E+00  0.0000   0.0000E+00  0.0000   5.7470E-12  0.6143
   1.7783E-01   3.1623E-01   2.7052E-07  0.5631   0.0000E+00  0.0000   0.0000E+00  0.0000   1.2210E-11  0.6143
   3.1623E-01   5.6234E-01   1.5496E-06  0.8941   0.0000E+00  0.0000   0.0000E+00  0.0000   2.8900E-11  0.6168
   5.6234E-01   1.0000E+00   4.1513E-07  0.6619   0.0000E+00  0.0000   0.0000E+00  0.0000   7.2242E-11  0.6207
   1.0000E+00   1.7783E+00   5.4415E-07  0.5047   0.0000E+00  0.0000   0.0000E+00  0.0000   1.8608E-10  0.6207
   1.7783E+00   3.1623E+00   1.1349E-06  0.5723   0.0000E+00  0.0000   0.0000E+00  0.0000   4.7221E-10  0.6138
   3.1623E+00   5.6234E+00   8.6671E-07  0.6833   0.0000E+00  0.0000   0.0000E+00  0.0000   9.4799E-10  0.7209
   5.6234E+00   1.0000E+01   4.5713E-07  0.7069   0.0000E+00  0.0000   0.0000E+00  0.0000   2.2741E-09  0.7508
   1.0000E+01   1.7783E+01   2.3021E-07  0.6899   0.0000E+00  0.0000   0.0000E+00  0.0000   4.4981E-09  0.7537
   1.7783E+01   3.1623E+01   4.6469E-07  0.5162   0.0000E+00  0.0000   0.0000E+00  0.0000   9.2252E-09  0.7580
   3.1623E+01   5.6234E+01   1.8757E-06  0.7265   0.0000E+00  0.0000   0.0000E+00  0.0000   1.4036E-08  0.7900
   5.6234E+01   1.0000E+02   5.2493E-07  0.5954   0.0000E+00  0.0000   0.0000E+00  0.0000   2.8517E-08  0.8161
   1.0000E+02   1.7783E+02   3.6169E-06  0.6970   0.0000E+00  0.0000   0.0000E+00  0.0000   3.8965E-08  0.7836
   1.7783E+02   3.1623E+02   3.2208E-07  0.6595   0.0000E+00  0.0000   0.0000E+00  0.0000   1.3721E-08  0.7112
   3.1623E+02   5.6234E+02   1.3442E-07  0.6162   0.0000E+00  0.0000   0.0000E+00  0.0000   0.0000E+00  0.0000
   5.6234E+02   1.0000E+03   1.3290E-07  0.7745   0.0000E+00  0.0000   0.0000E+00  0.0000   1.0478E-07  1.0000
   1.0000E+03   1.7783E+03   5.5189E-08  1.0000   0.0000E+00  0.0000   0.0000E+00  0.0000   6.6616E-10  1.0000
   1.7783E+03   3.1623E+03   0.0000E+00  0.0000   0.0000E+00  0.0000   0.0000E+00  0.0000   5.1593E-08  1.0000
   3.1623E+03   5.6234E+03   0.0000E+00  0.0000   0.0000E+00  0.0000   0.0000E+00  0.0000   1.0880E-08  1.0000
   5.6234E+03   1.0000E+04   0.0000E+00  0.0000   0.0000E+00  0.0000   0.0000E+00  0.0000   0.0000E+00  0.0000
   1.0000E+04   1.7783E+04   0.0000E+00  0.0000   0.0000E+00  0.0000   0.0000E+00  0.0000   0.0000E+00  0.0000
   1.7783E+04   3.1623E+04   0.0000E+00  0.0000   0.0000E+00  0.0000   0.0000E+00  0.0000   0.0000E+00  0.0000
   3.1623E+04   5.6234E+04   0.0000E+00  0.0000   0.0000E+00  0.0000   0.0000E+00  0.0000   0.0000E+00  0.0000
   5.6234E+04   1.0000E+05   0.0000E+00  0.0000   0.0000E+00  0.0000   0.0000E+00  0.0000   0.0000E+00  0.0000

#   sum over                 2.7988E-05  0.4590   0.0000E+00  0.0000   0.0000E+00  0.0000   2.8089E-07  0.8928

'no. = 19, (ix,iy,iz) = (  1,  1, 19)'
msuc: {\huge Flux spectra vs depth in concrete}
msdr: {\it plotted by \ANGEL \version}
msdl: {\it calculated by \PHITS  3.36}
wt: s(0.7)
\vspace{-3}
   vol  &=&   2.8800E+07 [cm^3]
  xmin  &=&  -6.0000E+02 [cm]
  xmax  &=&   6.0000E+02 [cm]
  ymin  &=&  -6.0000E+02 [cm]
  ymax  &=&   6.0000E+02 [cm]
  zmin  &=&  -3.4000E+02 [cm]
  zmax  &=&  -3.2000E+02 [cm]
e:

#------------------------------------------------------------------------------
 newpage:
#   no. = 20   ix  =  1   iy  =  1   iz  = 20
#   x = (  -6.0000E+02  -   6.0000E+02  )
#   y = (  -6.0000E+02  -   6.0000E+02  )
#   z = (  -3.2000E+02  -  -3.0000E+02  )

x: Energy [MeV/n]
y: Flux [1/cm^2/source]              
p: xlog ylog afac(0.8) form(0.9)
h: n            x            y(neutron ),hh0l n y(muon-   ),hh0dr n y(muon+   ),hh0ub n y(proton  ),hh0mg n 
#  e-lower      e-upper        neutron   r.err      muon-     r.err      muon+     r.err      proton    r.err 
   1.0000E-10   1.7783E-10   1.8108E-09  0.6687   0.0000E+00  0.0000   0.0000E+00  0.0000   0.0000E+00  0.0000
   1.7783E-10   3.1623E-10   1.0364E-08  0.9567   0.0000E+00  0.0000   0.0000E+00  0.0000   0.0000E+00  0.0000
   3.1623E-10   5.6234E-10   4.6529E-10  0.7298   0.0000E+00  0.0000   0.0000E+00  0.0000   0.0000E+00  0.0000
   5.6234E-10   1.0000E-09   4.2122E-09  0.5654   0.0000E+00  0.0000   0.0000E+00  0.0000   0.0000E+00  0.0000
   1.0000E-09   1.7783E-09   2.9347E-08  0.5799   0.0000E+00  0.0000   0.0000E+00  0.0000   0.0000E+00  0.0000
   1.7783E-09   3.1623E-09   9.1314E-08  0.5607   0.0000E+00  0.0000   0.0000E+00  0.0000   0.0000E+00  0.0000
   3.1623E-09   5.6234E-09   2.4239E-07  0.5312   0.0000E+00  0.0000   0.0000E+00  0.0000   0.0000E+00  0.0000
   5.6234E-09   1.0000E-08   7.3722E-07  0.4547   0.0000E+00  0.0000   0.0000E+00  0.0000   0.0000E+00  0.0000
   1.0000E-08   1.7783E-08   1.7512E-06  0.5394   0.0000E+00  0.0000   0.0000E+00  0.0000   0.0000E+00  0.0000
   1.7783E-08   3.1623E-08   3.9916E-06  0.5234   0.0000E+00  0.0000   0.0000E+00  0.0000   0.0000E+00  0.0000
   3.1623E-08   5.6234E-08   6.0243E-06  0.5199   0.0000E+00  0.0000   0.0000E+00  0.0000   0.0000E+00  0.0000
   5.6234E-08   1.0000E-07   5.5626E-06  0.5319   0.0000E+00  0.0000   0.0000E+00  0.0000   0.0000E+00  0.0000
   1.0000E-07   1.7783E-07   2.2514E-06  0.5354   0.0000E+00  0.0000   0.0000E+00  0.0000   0.0000E+00  0.0000
   1.7783E-07   3.1623E-07   6.3446E-07  0.5535   0.0000E+00  0.0000   0.0000E+00  0.0000   0.0000E+00  0.0000
   3.1623E-07   5.6234E-07   1.3210E-07  0.6217   0.0000E+00  0.0000   0.0000E+00  0.0000   0.0000E+00  0.0000
   5.6234E-07   1.0000E-06   1.3525E-07  0.4694   0.0000E+00  0.0000   0.0000E+00  0.0000   0.0000E+00  0.0000
   1.0000E-06   1.7783E-06   1.5717E-07  0.5279   0.0000E+00  0.0000   0.0000E+00  0.0000   0.0000E+00  0.0000
   1.7783E-06   3.1623E-06   2.4839E-07  0.4018   0.0000E+00  0.0000   0.0000E+00  0.0000   0.0000E+00  0.0000
   3.1623E-06   5.6234E-06   3.5982E-07  0.5593   0.0000E+00  0.0000   0.0000E+00  0.0000   0.0000E+00  0.0000
   5.6234E-06   1.0000E-05   2.0809E-07  0.4708   0.0000E+00  0.0000   0.0000E+00  0.0000   0.0000E+00  0.0000
   1.0000E-05   1.7783E-05   2.6145E-07  0.4711   0.0000E+00  0.0000   0.0000E+00  0.0000   0.0000E+00  0.0000
   1.7783E-05   3.1623E-05   4.2937E-07  0.4518   0.0000E+00  0.0000   0.0000E+00  0.0000   0.0000E+00  0.0000
   3.1623E-05   5.6234E-05   2.0311E-07  0.6492   0.0000E+00  0.0000   0.0000E+00  0.0000   0.0000E+00  0.0000
   5.6234E-05   1.0000E-04   4.5298E-07  0.5665   0.0000E+00  0.0000   0.0000E+00  0.0000   0.0000E+00  0.0000
   1.0000E-04   1.7783E-04   1.7274E-07  0.4750   0.0000E+00  0.0000   9.4419E-18  1.0000   0.0000E+00  0.0000
   1.7783E-04   3.1623E-04   1.7520E-07  0.5662   0.0000E+00  0.0000   0.0000E+00  0.0000   0.0000E+00  0.0000
   3.1623E-04   5.6234E-04   1.9698E-07  0.5563   0.0000E+00  0.0000   0.0000E+00  0.0000   0.0000E+00  0.0000
   5.6234E-04   1.0000E-03   2.3377E-07  0.5276   0.0000E+00  0.0000   0.0000E+00  0.0000   6.0482E-18  0.5395
   1.0000E-03   1.7783E-03   2.0381E-07  0.4726   0.0000E+00  0.0000   2.8285E-13  1.0000   3.5589E-13  0.5114
   1.7783E-03   3.1623E-03   1.3893E-07  0.5292   0.0000E+00  0.0000   1.3819E-13  1.0000   5.7472E-13  0.5114
   3.1623E-03   5.6234E-03   1.7583E-07  0.5462   0.0000E+00  0.0000   2.0416E-13  1.0000   8.6757E-13  0.5114
   5.6234E-03   1.0000E-02   1.9327E-07  0.4772   0.0000E+00  0.0000   3.2744E-13  1.0000   1.1972E-12  0.5114
   1.0000E-02   1.7783E-02   2.1170E-07  0.5631   0.0000E+00  0.0000   5.8714E-13  1.0000   1.6057E-12  0.5114
   1.7783E-02   3.1623E-02   3.0561E-07  0.5351   0.0000E+00  0.0000   1.2122E-12  1.0000   2.3004E-12  0.5114
   3.1623E-02   5.6234E-02   2.9701E-07  0.6693   0.0000E+00  0.0000   2.8318E-12  1.0000   3.4521E-12  0.5114
   5.6234E-02   1.0000E-01   3.5067E-07  0.5126   0.0000E+00  0.0000   7.0955E-12  1.0000   5.6471E-12  0.5114
   1.0000E-01   1.7783E-01   2.5570E-06  0.8311   0.0000E+00  0.0000   1.8213E-11  1.0000   1.0420E-11  0.5114
   1.7783E-01   3.1623E-01   6.0004E-07  0.4916   0.0000E+00  0.0000   4.7642E-11  1.0000   2.2139E-11  0.5114
   3.1623E-01   5.6234E-01   1.9862E-06  0.6899   0.0000E+00  0.0000   1.2770E-10  1.0000   5.2749E-11  0.5114
   5.6234E-01   1.0000E+00   1.0789E-06  0.5097   0.0000E+00  0.0000   3.5025E-10  1.0000   1.3315E-10  0.5114
   1.0000E+00   1.7783E+00   6.9479E-07  0.4321   0.0000E+00  0.0000   9.8075E-10  1.0000   3.4297E-10  0.5114
   1.7783E+00   3.1623E+00   9.8396E-07  0.5026   0.0000E+00  0.0000   2.7897E-09  1.0000   8.7195E-10  0.5097
   3.1623E+00   5.6234E+00   1.3871E-06  0.7225   0.0000E+00  0.0000   2.6366E-09  1.0000   1.9843E-09  0.4964
   5.6234E+00   1.0000E+01   7.0442E-07  0.5726   0.0000E+00  0.0000   0.0000E+00  0.0000   4.2844E-09  0.4982
   1.0000E+01   1.7783E+01   6.4789E-07  0.5332   0.0000E+00  0.0000   0.0000E+00  0.0000   9.1808E-09  0.4998
   1.7783E+01   3.1623E+01   2.8485E-07  0.5894   0.0000E+00  0.0000   0.0000E+00  0.0000   2.0396E-08  0.5171
   3.1623E+01   5.6234E+01   2.2877E-06  0.6392   0.0000E+00  0.0000   0.0000E+00  0.0000   3.5054E-08  0.5428
   5.6234E+01   1.0000E+02   6.9688E-07  0.6015   0.0000E+00  0.0000   0.0000E+00  0.0000   4.7610E-08  0.6090
   1.0000E+02   1.7783E+02   4.5071E-06  0.6948   0.0000E+00  0.0000   0.0000E+00  0.0000   4.3717E-08  0.6742
   1.7783E+02   3.1623E+02   8.0521E-07  0.7263   0.0000E+00  0.0000   0.0000E+00  0.0000   8.8311E-08  0.8910
   3.1623E+02   5.6234E+02   2.0381E-07  0.6375   0.0000E+00  0.0000   0.0000E+00  0.0000   3.1699E-08  1.0000
   5.6234E+02   1.0000E+03   1.0815E-07  0.9942   0.0000E+00  0.0000   0.0000E+00  0.0000   2.5830E-08  1.0000
   1.0000E+03   1.7783E+03   1.0613E-07  1.0000   0.0000E+00  0.0000   0.0000E+00  0.0000   3.1315E-09  1.0000
   1.7783E+03   3.1623E+03   0.0000E+00  0.0000   0.0000E+00  0.0000   0.0000E+00  0.0000   4.8952E-08  1.0000
   3.1623E+03   5.6234E+03   0.0000E+00  0.0000   0.0000E+00  0.0000   0.0000E+00  0.0000   6.2352E-08  1.0000
   5.6234E+03   1.0000E+04   0.0000E+00  0.0000   0.0000E+00  0.0000   0.0000E+00  0.0000   0.0000E+00  0.0000
   1.0000E+04   1.7783E+04   0.0000E+00  0.0000   0.0000E+00  0.0000   0.0000E+00  0.0000   0.0000E+00  0.0000
   1.7783E+04   3.1623E+04   0.0000E+00  0.0000   0.0000E+00  0.0000   0.0000E+00  0.0000   0.0000E+00  0.0000
   3.1623E+04   5.6234E+04   0.0000E+00  0.0000   0.0000E+00  0.0000   0.0000E+00  0.0000   0.0000E+00  0.0000
   5.6234E+04   1.0000E+05   0.0000E+00  0.0000   0.0000E+00  0.0000   0.0000E+00  0.0000   0.0000E+00  0.0000

#   sum over                 4.6216E-05  0.4326   0.0000E+00  0.0000   6.9635E-09  1.0000   4.2395E-07  0.7723

'no. = 20, (ix,iy,iz) = (  1,  1, 20)'
msuc: {\huge Flux spectra vs depth in concrete}
msdr: {\it plotted by \ANGEL \version}
msdl: {\it calculated by \PHITS  3.36}
wt: s(0.7)
\vspace{-3}
   vol  &=&   2.8800E+07 [cm^3]
  xmin  &=&  -6.0000E+02 [cm]
  xmax  &=&   6.0000E+02 [cm]
  ymin  &=&  -6.0000E+02 [cm]
  ymax  &=&   6.0000E+02 [cm]
  zmin  &=&  -3.2000E+02 [cm]
  zmax  &=&  -3.0000E+02 [cm]
e:

#------------------------------------------------------------------------------
 newpage:
#   no. = 21   ix  =  1   iy  =  1   iz  = 21
#   x = (  -6.0000E+02  -   6.0000E+02  )
#   y = (  -6.0000E+02  -   6.0000E+02  )
#   z = (  -3.0000E+02  -  -2.8000E+02  )

x: Energy [MeV/n]
y: Flux [1/cm^2/source]              
p: xlog ylog afac(0.8) form(0.9)
h: n            x            y(neutron ),hh0l n y(muon-   ),hh0dr n y(muon+   ),hh0ub n y(proton  ),hh0mg n 
#  e-lower      e-upper        neutron   r.err      muon-     r.err      muon+     r.err      proton    r.err 
   1.0000E-10   1.7783E-10   0.0000E+00  0.0000   0.0000E+00  0.0000   0.0000E+00  0.0000   0.0000E+00  0.0000
   1.7783E-10   3.1623E-10   2.6945E-09  0.8735   0.0000E+00  0.0000   0.0000E+00  0.0000   0.0000E+00  0.0000
   3.1623E-10   5.6234E-10   2.3567E-08  0.6768   0.0000E+00  0.0000   0.0000E+00  0.0000   0.0000E+00  0.0000
   5.6234E-10   1.0000E-09   2.2840E-08  0.6910   0.0000E+00  0.0000   0.0000E+00  0.0000   0.0000E+00  0.0000
   1.0000E-09   1.7783E-09   6.4534E-08  0.6366   0.0000E+00  0.0000   0.0000E+00  0.0000   0.0000E+00  0.0000
   1.7783E-09   3.1623E-09   3.3357E-07  0.5495   0.0000E+00  0.0000   0.0000E+00  0.0000   0.0000E+00  0.0000
   3.1623E-09   5.6234E-09   6.4615E-07  0.4551   0.0000E+00  0.0000   0.0000E+00  0.0000   0.0000E+00  0.0000
   5.6234E-09   1.0000E-08   1.6312E-06  0.4876   0.0000E+00  0.0000   0.0000E+00  0.0000   0.0000E+00  0.0000
   1.0000E-08   1.7783E-08   3.8795E-06  0.4632   0.0000E+00  0.0000   0.0000E+00  0.0000   0.0000E+00  0.0000
   1.7783E-08   3.1623E-08   8.5082E-06  0.4866   0.0000E+00  0.0000   0.0000E+00  0.0000   0.0000E+00  0.0000
   3.1623E-08   5.6234E-08   1.2034E-05  0.4570   0.0000E+00  0.0000   0.0000E+00  0.0000   0.0000E+00  0.0000
   5.6234E-08   1.0000E-07   1.2060E-05  0.4603   0.0000E+00  0.0000   0.0000E+00  0.0000   0.0000E+00  0.0000
   1.0000E-07   1.7783E-07   4.7408E-06  0.4797   0.0000E+00  0.0000   0.0000E+00  0.0000   0.0000E+00  0.0000
   1.7783E-07   3.1623E-07   4.4982E-07  0.4193   0.0000E+00  0.0000   0.0000E+00  0.0000   0.0000E+00  0.0000
   3.1623E-07   5.6234E-07   1.0043E-06  0.6549   0.0000E+00  0.0000   0.0000E+00  0.0000   0.0000E+00  0.0000
   5.6234E-07   1.0000E-06   7.2360E-07  0.5977   0.0000E+00  0.0000   0.0000E+00  0.0000   0.0000E+00  0.0000
   1.0000E-06   1.7783E-06   9.7633E-07  0.6416   0.0000E+00  0.0000   0.0000E+00  0.0000   0.0000E+00  0.0000
   1.7783E-06   3.1623E-06   4.8424E-07  0.4796   0.0000E+00  0.0000   0.0000E+00  0.0000   0.0000E+00  0.0000
   3.1623E-06   5.6234E-06   2.0491E-07  0.5033   0.0000E+00  0.0000   0.0000E+00  0.0000   0.0000E+00  0.0000
   5.6234E-06   1.0000E-05   2.0000E-07  0.4318   0.0000E+00  0.0000   0.0000E+00  0.0000   0.0000E+00  0.0000
   1.0000E-05   1.7783E-05   1.8966E-07  0.6231   0.0000E+00  0.0000   0.0000E+00  0.0000   0.0000E+00  0.0000
   1.7783E-05   3.1623E-05   4.3711E-07  0.5264   0.0000E+00  0.0000   0.0000E+00  0.0000   0.0000E+00  0.0000
   3.1623E-05   5.6234E-05   4.3368E-07  0.6738   0.0000E+00  0.0000   0.0000E+00  0.0000   0.0000E+00  0.0000
   5.6234E-05   1.0000E-04   1.0821E-07  0.4622   0.0000E+00  0.0000   0.0000E+00  0.0000   0.0000E+00  0.0000
   1.0000E-04   1.7783E-04   8.2961E-07  0.8629   0.0000E+00  0.0000   0.0000E+00  0.0000   0.0000E+00  0.0000
   1.7783E-04   3.1623E-04   6.8943E-07  0.5938   0.0000E+00  0.0000   0.0000E+00  0.0000   0.0000E+00  0.0000
   3.1623E-04   5.6234E-04   7.3000E-07  0.6934   0.0000E+00  0.0000   0.0000E+00  0.0000   0.0000E+00  0.0000
   5.6234E-04   1.0000E-03   4.8429E-07  0.8094   0.0000E+00  0.0000   0.0000E+00  0.0000   1.2973E-17  0.4838
   1.0000E-03   1.7783E-03   2.3898E-07  0.5392   0.0000E+00  0.0000   0.0000E+00  0.0000   5.3923E-13  0.4841
   1.7783E-03   3.1623E-03   4.9074E-07  0.6156   0.0000E+00  0.0000   0.0000E+00  0.0000   8.7079E-13  0.4841
   3.1623E-03   5.6234E-03   1.2134E-07  0.5158   0.0000E+00  0.0000   0.0000E+00  0.0000   1.3145E-12  0.4841
   5.6234E-03   1.0000E-02   3.8349E-07  0.5536   0.0000E+00  0.0000   0.0000E+00  0.0000   1.8139E-12  0.4841
   1.0000E-02   1.7783E-02   3.9738E-07  0.4571   0.0000E+00  0.0000   0.0000E+00  0.0000   2.4329E-12  0.4841
   1.7783E-02   3.1623E-02   1.8809E-07  0.4578   0.0000E+00  0.0000   0.0000E+00  0.0000   3.4856E-12  0.4841
   3.1623E-02   5.6234E-02   1.0261E-06  0.5872   0.0000E+00  0.0000   0.0000E+00  0.0000   5.2305E-12  0.4841
   5.6234E-02   1.0000E-01   2.7482E-07  0.5526   0.0000E+00  0.0000   0.0000E+00  0.0000   8.5563E-12  0.4841
   1.0000E-01   1.7783E-01   6.4549E-07  0.5336   0.0000E+00  0.0000   0.0000E+00  0.0000   1.5789E-11  0.4841
   1.7783E-01   3.1623E-01   5.8980E-07  0.6333   0.0000E+00  0.0000   0.0000E+00  0.0000   3.3544E-11  0.4841
   3.1623E-01   5.6234E-01   7.5484E-07  0.5561   0.0000E+00  0.0000   0.0000E+00  0.0000   7.9923E-11  0.4841
   5.6234E-01   1.0000E+00   2.9179E-06  0.4804   0.0000E+00  0.0000   0.0000E+00  0.0000   1.8774E-10  0.4745
   1.0000E+00   1.7783E+00   2.6564E-06  0.5214   0.0000E+00  0.0000   0.0000E+00  0.0000   4.3488E-10  0.4746
   1.7783E+00   3.1623E+00   3.7487E-06  0.6646   0.0000E+00  0.0000   0.0000E+00  0.0000   1.1144E-09  0.4770
   3.1623E+00   5.6234E+00   1.6509E-06  0.7407   0.0000E+00  0.0000   0.0000E+00  0.0000   2.7071E-09  0.4750
   5.6234E+00   1.0000E+01   6.5775E-07  0.5288   0.0000E+00  0.0000   0.0000E+00  0.0000   6.0249E-09  0.5020
   1.0000E+01   1.7783E+01   1.8619E-06  0.5486   0.0000E+00  0.0000   0.0000E+00  0.0000   1.0675E-08  0.5770
   1.7783E+01   3.1623E+01   6.5206E-07  0.5687   0.0000E+00  0.0000   0.0000E+00  0.0000   2.3380E-08  0.6698
   3.1623E+01   5.6234E+01   2.6466E-06  0.7047   0.0000E+00  0.0000   0.0000E+00  0.0000   6.0861E-08  0.6982
   5.6234E+01   1.0000E+02   9.6022E-07  0.6091   0.0000E+00  0.0000   0.0000E+00  0.0000   6.9434E-08  0.6146
   1.0000E+02   1.7783E+02   5.6600E-06  0.5919   0.0000E+00  0.0000   0.0000E+00  0.0000   3.9380E-08  0.6664
   1.7783E+02   3.1623E+02   1.1959E-06  0.7642   0.0000E+00  0.0000   0.0000E+00  0.0000   5.5870E-08  1.0000
   3.1623E+02   5.6234E+02   2.3174E-07  0.7833   0.0000E+00  0.0000   0.0000E+00  0.0000   6.9810E-08  0.7200
   5.6234E+02   1.0000E+03   1.7801E-07  0.8367   0.0000E+00  0.0000   0.0000E+00  0.0000   6.8277E-08  1.0000
   1.0000E+03   1.7783E+03   2.3115E-07  0.7085   0.0000E+00  0.0000   0.0000E+00  0.0000   1.1209E-08  1.0000
   1.7783E+03   3.1623E+03   0.0000E+00  0.0000   0.0000E+00  0.0000   0.0000E+00  0.0000   3.8201E-08  1.0000
   3.1623E+03   5.6234E+03   7.5495E-08  1.0000   0.0000E+00  0.0000   0.0000E+00  0.0000   1.2296E-08  1.0000
   5.6234E+03   1.0000E+04   0.0000E+00  0.0000   0.0000E+00  0.0000   0.0000E+00  0.0000   0.0000E+00  0.0000
   1.0000E+04   1.7783E+04   0.0000E+00  0.0000   0.0000E+00  0.0000   0.0000E+00  0.0000   0.0000E+00  0.0000
   1.7783E+04   3.1623E+04   0.0000E+00  0.0000   0.0000E+00  0.0000   0.0000E+00  0.0000   0.0000E+00  0.0000
   3.1623E+04   5.6234E+04   0.0000E+00  0.0000   0.0000E+00  0.0000   0.0000E+00  0.0000   0.0000E+00  0.0000
   5.6234E+04   1.0000E+05   0.0000E+00  0.0000   0.0000E+00  0.0000   0.0000E+00  0.0000   0.0000E+00  0.0000

#   sum over                 8.2328E-05  0.4377   0.0000E+00  0.0000   0.0000E+00  0.0000   4.7002E-07  0.5256

'no. = 21, (ix,iy,iz) = (  1,  1, 21)'
msuc: {\huge Flux spectra vs depth in concrete}
msdr: {\it plotted by \ANGEL \version}
msdl: {\it calculated by \PHITS  3.36}
wt: s(0.7)
\vspace{-3}
   vol  &=&   2.8800E+07 [cm^3]
  xmin  &=&  -6.0000E+02 [cm]
  xmax  &=&   6.0000E+02 [cm]
  ymin  &=&  -6.0000E+02 [cm]
  ymax  &=&   6.0000E+02 [cm]
  zmin  &=&  -3.0000E+02 [cm]
  zmax  &=&  -2.8000E+02 [cm]
e:

#------------------------------------------------------------------------------
 newpage:
#   no. = 22   ix  =  1   iy  =  1   iz  = 22
#   x = (  -6.0000E+02  -   6.0000E+02  )
#   y = (  -6.0000E+02  -   6.0000E+02  )
#   z = (  -2.8000E+02  -  -2.6000E+02  )

x: Energy [MeV/n]
y: Flux [1/cm^2/source]              
p: xlog ylog afac(0.8) form(0.9)
h: n            x            y(neutron ),hh0l n y(muon-   ),hh0dr n y(muon+   ),hh0ub n y(proton  ),hh0mg n 
#  e-lower      e-upper        neutron   r.err      muon-     r.err      muon+     r.err      proton    r.err 
   1.0000E-10   1.7783E-10   4.6171E-11  1.0000   0.0000E+00  0.0000   0.0000E+00  0.0000   0.0000E+00  0.0000
   1.7783E-10   3.1623E-10   3.1888E-09  0.7434   0.0000E+00  0.0000   0.0000E+00  0.0000   0.0000E+00  0.0000
   3.1623E-10   5.6234E-10   1.2873E-08  0.9461   0.0000E+00  0.0000   0.0000E+00  0.0000   0.0000E+00  0.0000
   5.6234E-10   1.0000E-09   6.3644E-09  0.5928   0.0000E+00  0.0000   0.0000E+00  0.0000   0.0000E+00  0.0000
   1.0000E-09   1.7783E-09   1.9520E-07  0.7760   0.0000E+00  0.0000   0.0000E+00  0.0000   0.0000E+00  0.0000
   1.7783E-09   3.1623E-09   2.9638E-07  0.4870   0.0000E+00  0.0000   0.0000E+00  0.0000   0.0000E+00  0.0000
   3.1623E-09   5.6234E-09   8.8489E-07  0.5451   0.0000E+00  0.0000   0.0000E+00  0.0000   0.0000E+00  0.0000
   5.6234E-09   1.0000E-08   2.1035E-06  0.5390   0.0000E+00  0.0000   0.0000E+00  0.0000   0.0000E+00  0.0000
   1.0000E-08   1.7783E-08   5.8557E-06  0.5017   0.0000E+00  0.0000   0.0000E+00  0.0000   0.0000E+00  0.0000
   1.7783E-08   3.1623E-08   1.2964E-05  0.5068   0.0000E+00  0.0000   0.0000E+00  0.0000   0.0000E+00  0.0000
   3.1623E-08   5.6234E-08   2.0659E-05  0.4970   0.0000E+00  0.0000   0.0000E+00  0.0000   0.0000E+00  0.0000
   5.6234E-08   1.0000E-07   1.6549E-05  0.5133   0.0000E+00  0.0000   0.0000E+00  0.0000   0.0000E+00  0.0000
   1.0000E-07   1.7783E-07   8.1431E-06  0.5380   0.0000E+00  0.0000   0.0000E+00  0.0000   0.0000E+00  0.0000
   1.7783E-07   3.1623E-07   1.5547E-06  0.5280   0.0000E+00  0.0000   0.0000E+00  0.0000   0.0000E+00  0.0000
   3.1623E-07   5.6234E-07   1.4013E-06  0.5248   0.0000E+00  0.0000   0.0000E+00  0.0000   0.0000E+00  0.0000
   5.6234E-07   1.0000E-06   9.0311E-07  0.4893   0.0000E+00  0.0000   0.0000E+00  0.0000   0.0000E+00  0.0000
   1.0000E-06   1.7783E-06   4.2055E-07  0.5395   0.0000E+00  0.0000   0.0000E+00  0.0000   0.0000E+00  0.0000
   1.7783E-06   3.1623E-06   6.4859E-07  0.5184   0.0000E+00  0.0000   0.0000E+00  0.0000   0.0000E+00  0.0000
   3.1623E-06   5.6234E-06   1.0765E-06  0.5055   0.0000E+00  0.0000   0.0000E+00  0.0000   0.0000E+00  0.0000
   5.6234E-06   1.0000E-05   7.2004E-07  0.5181   0.0000E+00  0.0000   0.0000E+00  0.0000   0.0000E+00  0.0000
   1.0000E-05   1.7783E-05   5.2722E-07  0.5109   0.0000E+00  0.0000   0.0000E+00  0.0000   0.0000E+00  0.0000
   1.7783E-05   3.1623E-05   1.4854E-06  0.4832   0.0000E+00  0.0000   0.0000E+00  0.0000   0.0000E+00  0.0000
   3.1623E-05   5.6234E-05   1.1649E-06  0.6883   0.0000E+00  0.0000   0.0000E+00  0.0000   0.0000E+00  0.0000
   5.6234E-05   1.0000E-04   1.1888E-06  0.5083   0.0000E+00  0.0000   0.0000E+00  0.0000   0.0000E+00  0.0000
   1.0000E-04   1.7783E-04   7.6072E-07  0.4277   0.0000E+00  0.0000   0.0000E+00  0.0000   0.0000E+00  0.0000
   1.7783E-04   3.1623E-04   1.3700E-06  0.4884   0.0000E+00  0.0000   0.0000E+00  0.0000   0.0000E+00  0.0000
   3.1623E-04   5.6234E-04   6.8162E-07  0.4460   0.0000E+00  0.0000   0.0000E+00  0.0000   0.0000E+00  0.0000
   5.6234E-04   1.0000E-03   1.2865E-06  0.4739   0.0000E+00  0.0000   0.0000E+00  0.0000   3.0957E-17  0.5892
   1.0000E-03   1.7783E-03   1.4529E-06  0.5427   0.0000E+00  0.0000   0.0000E+00  0.0000   1.0878E-12  0.5357
   1.7783E-03   3.1623E-03   1.5294E-06  0.4895   0.0000E+00  0.0000   0.0000E+00  0.0000   1.7566E-12  0.5357
   3.1623E-03   5.6234E-03   1.0358E-06  0.5114   0.0000E+00  0.0000   0.0000E+00  0.0000   2.6518E-12  0.5357
   5.6234E-03   1.0000E-02   8.0385E-07  0.4749   0.0000E+00  0.0000   0.0000E+00  0.0000   3.6592E-12  0.5357
   1.0000E-02   1.7783E-02   1.3341E-06  0.6429   0.0000E+00  0.0000   0.0000E+00  0.0000   4.9080E-12  0.5357
   1.7783E-02   3.1623E-02   7.9116E-07  0.5212   0.0000E+00  0.0000   0.0000E+00  0.0000   7.0314E-12  0.5357
   3.1623E-02   5.6234E-02   1.9691E-06  0.5462   0.0000E+00  0.0000   0.0000E+00  0.0000   1.0551E-11  0.5357
   5.6234E-02   1.0000E-01   1.1456E-06  0.6509   0.0000E+00  0.0000   0.0000E+00  0.0000   1.7241E-11  0.5360
   1.0000E-01   1.7783E-01   1.4839E-06  0.5050   0.0000E+00  0.0000   0.0000E+00  0.0000   3.1663E-11  0.5373
   1.7783E-01   3.1623E-01   1.3888E-06  0.4259   0.0000E+00  0.0000   0.0000E+00  0.0000   6.7270E-11  0.5373
   3.1623E-01   5.6234E-01   2.9979E-06  0.6038   0.0000E+00  0.0000   0.0000E+00  0.0000   1.6028E-10  0.5373
   5.6234E-01   1.0000E+00   5.0576E-06  0.6126   0.0000E+00  0.0000   0.0000E+00  0.0000   4.0460E-10  0.5373
   1.0000E+00   1.7783E+00   5.3056E-06  0.5302   0.0000E+00  0.0000   0.0000E+00  0.0000   1.0041E-09  0.5328
   1.7783E+00   3.1623E+00   2.1778E-06  0.4749   0.0000E+00  0.0000   0.0000E+00  0.0000   2.3878E-09  0.5306
   3.1623E+00   5.6234E+00   4.6174E-06  0.5562   0.0000E+00  0.0000   0.0000E+00  0.0000   5.7520E-09  0.5355
   5.6234E+00   1.0000E+01   2.6537E-06  0.5607   0.0000E+00  0.0000   0.0000E+00  0.0000   1.4502E-08  0.5553
   1.0000E+01   1.7783E+01   1.6022E-06  0.5483   0.0000E+00  0.0000   0.0000E+00  0.0000   3.0305E-08  0.6126
   1.7783E+01   3.1623E+01   2.2705E-06  0.7401   0.0000E+00  0.0000   0.0000E+00  0.0000   6.2607E-08  0.5900
   3.1623E+01   5.6234E+01   1.2064E-06  0.4604   0.0000E+00  0.0000   0.0000E+00  0.0000   1.0698E-07  0.5195
   5.6234E+01   1.0000E+02   1.8321E-06  0.7045   0.0000E+00  0.0000   0.0000E+00  0.0000   1.6022E-07  0.5575
   1.0000E+02   1.7783E+02   9.4029E-06  0.6435   0.0000E+00  0.0000   0.0000E+00  0.0000   7.0628E-08  0.7279
   1.7783E+02   3.1623E+02   1.7568E-06  0.7822   0.0000E+00  0.0000   0.0000E+00  0.0000   2.9589E-08  0.9474
   3.1623E+02   5.6234E+02   5.7585E-08  0.7069   0.0000E+00  0.0000   0.0000E+00  0.0000   1.2896E-07  0.9753
   5.6234E+02   1.0000E+03   3.1484E-07  0.7119   0.0000E+00  0.0000   0.0000E+00  0.0000   2.3736E-07  0.7106
   1.0000E+03   1.7783E+03   1.8859E-07  0.7398   0.0000E+00  0.0000   0.0000E+00  0.0000   1.0210E-07  1.0000
   1.7783E+03   3.1623E+03   0.0000E+00  0.0000   0.0000E+00  0.0000   0.0000E+00  0.0000   5.1248E-08  1.0000
   3.1623E+03   5.6234E+03   1.2509E-07  1.0000   0.0000E+00  0.0000   0.0000E+00  0.0000   0.0000E+00  0.0000
   5.6234E+03   1.0000E+04   0.0000E+00  0.0000   0.0000E+00  0.0000   0.0000E+00  0.0000   0.0000E+00  0.0000
   1.0000E+04   1.7783E+04   0.0000E+00  0.0000   0.0000E+00  0.0000   0.0000E+00  0.0000   0.0000E+00  0.0000
   1.7783E+04   3.1623E+04   0.0000E+00  0.0000   0.0000E+00  0.0000   0.0000E+00  0.0000   0.0000E+00  0.0000
   3.1623E+04   5.6234E+04   0.0000E+00  0.0000   0.0000E+00  0.0000   0.0000E+00  0.0000   0.0000E+00  0.0000
   5.6234E+04   1.0000E+05   0.0000E+00  0.0000   0.0000E+00  0.0000   0.0000E+00  0.0000   0.0000E+00  0.0000

#   sum over                 1.3736E-04  0.4713   0.0000E+00  0.0000   0.0000E+00  0.0000   1.0044E-06  0.5506

'no. = 22, (ix,iy,iz) = (  1,  1, 22)'
msuc: {\huge Flux spectra vs depth in concrete}
msdr: {\it plotted by \ANGEL \version}
msdl: {\it calculated by \PHITS  3.36}
wt: s(0.7)
\vspace{-3}
   vol  &=&   2.8800E+07 [cm^3]
  xmin  &=&  -6.0000E+02 [cm]
  xmax  &=&   6.0000E+02 [cm]
  ymin  &=&  -6.0000E+02 [cm]
  ymax  &=&   6.0000E+02 [cm]
  zmin  &=&  -2.8000E+02 [cm]
  zmax  &=&  -2.6000E+02 [cm]
e:

#------------------------------------------------------------------------------
 newpage:
#   no. = 23   ix  =  1   iy  =  1   iz  = 23
#   x = (  -6.0000E+02  -   6.0000E+02  )
#   y = (  -6.0000E+02  -   6.0000E+02  )
#   z = (  -2.6000E+02  -  -2.4000E+02  )

x: Energy [MeV/n]
y: Flux [1/cm^2/source]              
p: xlog ylog afac(0.8) form(0.9)
h: n            x            y(neutron ),hh0l n y(muon-   ),hh0dr n y(muon+   ),hh0ub n y(proton  ),hh0mg n 
#  e-lower      e-upper        neutron   r.err      muon-     r.err      muon+     r.err      proton    r.err 
   1.0000E-10   1.7783E-10   0.0000E+00  0.0000   0.0000E+00  0.0000   0.0000E+00  0.0000   0.0000E+00  0.0000
   1.7783E-10   3.1623E-10   6.1335E-10  0.8810   0.0000E+00  0.0000   0.0000E+00  0.0000   0.0000E+00  0.0000
   3.1623E-10   5.6234E-10   3.3016E-09  0.5497   0.0000E+00  0.0000   0.0000E+00  0.0000   0.0000E+00  0.0000
   5.6234E-10   1.0000E-09   2.3888E-08  0.7197   0.0000E+00  0.0000   0.0000E+00  0.0000   0.0000E+00  0.0000
   1.0000E-09   1.7783E-09   7.4004E-08  0.5937   0.0000E+00  0.0000   0.0000E+00  0.0000   0.0000E+00  0.0000
   1.7783E-09   3.1623E-09   2.8744E-07  0.5148   0.0000E+00  0.0000   0.0000E+00  0.0000   0.0000E+00  0.0000
   3.1623E-09   5.6234E-09   6.5674E-07  0.4485   0.0000E+00  0.0000   0.0000E+00  0.0000   0.0000E+00  0.0000
   5.6234E-09   1.0000E-08   2.3463E-06  0.5148   0.0000E+00  0.0000   0.0000E+00  0.0000   0.0000E+00  0.0000
   1.0000E-08   1.7783E-08   7.9567E-06  0.5454   0.0000E+00  0.0000   0.0000E+00  0.0000   0.0000E+00  0.0000
   1.7783E-08   3.1623E-08   1.6700E-05  0.5953   0.0000E+00  0.0000   0.0000E+00  0.0000   0.0000E+00  0.0000
   3.1623E-08   5.6234E-08   2.2909E-05  0.5319   0.0000E+00  0.0000   0.0000E+00  0.0000   0.0000E+00  0.0000
   5.6234E-08   1.0000E-07   1.9277E-05  0.4956   0.0000E+00  0.0000   0.0000E+00  0.0000   0.0000E+00  0.0000
   1.0000E-07   1.7783E-07   6.4500E-06  0.4549   0.0000E+00  0.0000   0.0000E+00  0.0000   0.0000E+00  0.0000
   1.7783E-07   3.1623E-07   1.9097E-06  0.6665   0.0000E+00  0.0000   0.0000E+00  0.0000   0.0000E+00  0.0000
   3.1623E-07   5.6234E-07   2.4004E-06  0.7017   0.0000E+00  0.0000   0.0000E+00  0.0000   0.0000E+00  0.0000
   5.6234E-07   1.0000E-06   1.7610E-06  0.6281   0.0000E+00  0.0000   0.0000E+00  0.0000   0.0000E+00  0.0000
   1.0000E-06   1.7783E-06   1.5586E-06  0.7852   0.0000E+00  0.0000   0.0000E+00  0.0000   0.0000E+00  0.0000
   1.7783E-06   3.1623E-06   6.3729E-07  0.5646   0.0000E+00  0.0000   0.0000E+00  0.0000   0.0000E+00  0.0000
   3.1623E-06   5.6234E-06   1.3949E-06  0.6904   0.0000E+00  0.0000   0.0000E+00  0.0000   0.0000E+00  0.0000
   5.6234E-06   1.0000E-05   1.7270E-06  0.7174   0.0000E+00  0.0000   0.0000E+00  0.0000   0.0000E+00  0.0000
   1.0000E-05   1.7783E-05   7.9962E-07  0.4720   0.0000E+00  0.0000   0.0000E+00  0.0000   0.0000E+00  0.0000
   1.7783E-05   3.1623E-05   1.0010E-06  0.5361   0.0000E+00  0.0000   0.0000E+00  0.0000   0.0000E+00  0.0000
   3.1623E-05   5.6234E-05   1.8564E-06  0.6181   0.0000E+00  0.0000   0.0000E+00  0.0000   0.0000E+00  0.0000
   5.6234E-05   1.0000E-04   9.7005E-07  0.4902   0.0000E+00  0.0000   0.0000E+00  0.0000   0.0000E+00  0.0000
   1.0000E-04   1.7783E-04   1.0692E-06  0.5723   0.0000E+00  0.0000   0.0000E+00  0.0000   0.0000E+00  0.0000
   1.7783E-04   3.1623E-04   5.5934E-07  0.4688   0.0000E+00  0.0000   0.0000E+00  0.0000   0.0000E+00  0.0000
   3.1623E-04   5.6234E-04   9.5455E-07  0.4903   0.0000E+00  0.0000   0.0000E+00  0.0000   0.0000E+00  0.0000
   5.6234E-04   1.0000E-03   1.9230E-06  0.7409   0.0000E+00  0.0000   0.0000E+00  0.0000   1.4898E-17  0.5097
   1.0000E-03   1.7783E-03   5.8073E-07  0.4568   0.0000E+00  0.0000   0.0000E+00  0.0000   9.3817E-13  0.5003
   1.7783E-03   3.1623E-03   2.5479E-06  0.6602   0.0000E+00  0.0000   0.0000E+00  0.0000   1.5150E-12  0.5003
   3.1623E-03   5.6234E-03   1.1945E-06  0.6498   0.0000E+00  0.0000   0.0000E+00  0.0000   2.2870E-12  0.5003
   5.6234E-03   1.0000E-02   5.9725E-07  0.4591   0.0000E+00  0.0000   0.0000E+00  0.0000   3.1559E-12  0.5003
   1.0000E-02   1.7783E-02   1.9421E-06  0.5580   0.0000E+00  0.0000   0.0000E+00  0.0000   4.2329E-12  0.5003
   1.7783E-02   3.1623E-02   9.7946E-07  0.4646   0.0000E+00  0.0000   0.0000E+00  0.0000   6.0643E-12  0.5003
   3.1623E-02   5.6234E-02   1.6652E-06  0.6471   0.0000E+00  0.0000   0.0000E+00  0.0000   9.1002E-12  0.5003
   5.6234E-02   1.0000E-01   1.7012E-06  0.5384   0.0000E+00  0.0000   0.0000E+00  0.0000   1.4886E-11  0.5003
   1.0000E-01   1.7783E-01   3.2774E-06  0.6793   0.0000E+00  0.0000   0.0000E+00  0.0000   2.7470E-11  0.5003
   1.7783E-01   3.1623E-01   5.8148E-06  0.5794   0.0000E+00  0.0000   0.0000E+00  0.0000   5.8360E-11  0.5003
   3.1623E-01   5.6234E-01   2.5416E-06  0.4621   0.0000E+00  0.0000   0.0000E+00  0.0000   1.3905E-10  0.5003
   5.6234E-01   1.0000E+00   4.2854E-06  0.4304   0.0000E+00  0.0000   0.0000E+00  0.0000   3.4830E-10  0.5017
   1.0000E+00   1.7783E+00   4.8204E-06  0.5801   0.0000E+00  0.0000   0.0000E+00  0.0000   8.9181E-10  0.5029
   1.7783E+00   3.1623E+00   3.7380E-06  0.4663   0.0000E+00  0.0000   0.0000E+00  0.0000   2.3093E-09  0.5033
   3.1623E+00   5.6234E+00   1.0209E-05  0.6479   0.0000E+00  0.0000   0.0000E+00  0.0000   5.5593E-09  0.5237
   5.6234E+00   1.0000E+01   3.0546E-06  0.7891   0.0000E+00  0.0000   0.0000E+00  0.0000   1.3616E-08  0.5532
   1.0000E+01   1.7783E+01   1.4460E-06  0.4918   0.0000E+00  0.0000   0.0000E+00  0.0000   3.4705E-08  0.5822
   1.7783E+01   3.1623E+01   1.1461E-06  0.6022   0.0000E+00  0.0000   0.0000E+00  0.0000   7.8599E-08  0.5764
   3.1623E+01   5.6234E+01   2.5804E-06  0.5720   0.0000E+00  0.0000   0.0000E+00  0.0000   1.0562E-07  0.5397
   5.6234E+01   1.0000E+02   1.7870E-06  0.5536   0.0000E+00  0.0000   0.0000E+00  0.0000   1.2081E-07  0.7009
   1.0000E+02   1.7783E+02   1.4396E-05  0.6676   0.0000E+00  0.0000   0.0000E+00  0.0000   2.0520E-07  0.7865
   1.7783E+02   3.1623E+02   2.1755E-06  0.7308   0.0000E+00  0.0000   0.0000E+00  0.0000   2.6315E-07  0.7280
   3.1623E+02   5.6234E+02   1.2396E-07  1.0000   0.0000E+00  0.0000   0.0000E+00  0.0000   2.6319E-08  1.0000
   5.6234E+02   1.0000E+03   2.5619E-07  0.7074   0.0000E+00  0.0000   0.0000E+00  0.0000   1.4321E-07  1.0000
   1.0000E+03   1.7783E+03   1.4390E-07  0.8687   0.0000E+00  0.0000   0.0000E+00  0.0000   2.0657E-07  0.8182
   1.7783E+03   3.1623E+03   0.0000E+00  0.0000   0.0000E+00  0.0000   0.0000E+00  0.0000   1.8126E-07  1.0000
   3.1623E+03   5.6234E+03   1.2530E-07  1.0000   0.0000E+00  0.0000   0.0000E+00  0.0000   0.0000E+00  0.0000
   5.6234E+03   1.0000E+04   0.0000E+00  0.0000   0.0000E+00  0.0000   0.0000E+00  0.0000   0.0000E+00  0.0000
   1.0000E+04   1.7783E+04   0.0000E+00  0.0000   0.0000E+00  0.0000   0.0000E+00  0.0000   0.0000E+00  0.0000
   1.7783E+04   3.1623E+04   0.0000E+00  0.0000   0.0000E+00  0.0000   0.0000E+00  0.0000   0.0000E+00  0.0000
   3.1623E+04   5.6234E+04   0.0000E+00  0.0000   0.0000E+00  0.0000   0.0000E+00  0.0000   0.0000E+00  0.0000
   5.6234E+04   1.0000E+05   0.0000E+00  0.0000   0.0000E+00  0.0000   0.0000E+00  0.0000   0.0000E+00  0.0000

#   sum over                 1.7034E-04  0.4792   0.0000E+00  0.0000   0.0000E+00  0.0000   1.3884E-06  0.6449

'no. = 23, (ix,iy,iz) = (  1,  1, 23)'
msuc: {\huge Flux spectra vs depth in concrete}
msdr: {\it plotted by \ANGEL \version}
msdl: {\it calculated by \PHITS  3.36}
wt: s(0.7)
\vspace{-3}
   vol  &=&   2.8800E+07 [cm^3]
  xmin  &=&  -6.0000E+02 [cm]
  xmax  &=&   6.0000E+02 [cm]
  ymin  &=&  -6.0000E+02 [cm]
  ymax  &=&   6.0000E+02 [cm]
  zmin  &=&  -2.6000E+02 [cm]
  zmax  &=&  -2.4000E+02 [cm]
e:

#------------------------------------------------------------------------------
 newpage:
#   no. = 24   ix  =  1   iy  =  1   iz  = 24
#   x = (  -6.0000E+02  -   6.0000E+02  )
#   y = (  -6.0000E+02  -   6.0000E+02  )
#   z = (  -2.4000E+02  -  -2.2000E+02  )

x: Energy [MeV/n]
y: Flux [1/cm^2/source]              
p: xlog ylog afac(0.8) form(0.9)
h: n            x            y(neutron ),hh0l n y(muon-   ),hh0dr n y(muon+   ),hh0ub n y(proton  ),hh0mg n 
#  e-lower      e-upper        neutron   r.err      muon-     r.err      muon+     r.err      proton    r.err 
   1.0000E-10   1.7783E-10   2.2380E-09  0.8191   0.0000E+00  0.0000   0.0000E+00  0.0000   0.0000E+00  0.0000
   1.7783E-10   3.1623E-10   5.1981E-10  1.0000   0.0000E+00  0.0000   0.0000E+00  0.0000   0.0000E+00  0.0000
   3.1623E-10   5.6234E-10   1.6113E-08  0.9224   0.0000E+00  0.0000   0.0000E+00  0.0000   0.0000E+00  0.0000
   5.6234E-10   1.0000E-09   5.3538E-08  0.7921   0.0000E+00  0.0000   0.0000E+00  0.0000   0.0000E+00  0.0000
   1.0000E-09   1.7783E-09   2.5342E-07  0.4985   0.0000E+00  0.0000   0.0000E+00  0.0000   0.0000E+00  0.0000
   1.7783E-09   3.1623E-09   4.7959E-07  0.6823   0.0000E+00  0.0000   0.0000E+00  0.0000   0.0000E+00  0.0000
   3.1623E-09   5.6234E-09   1.5461E-06  0.4650   0.0000E+00  0.0000   0.0000E+00  0.0000   0.0000E+00  0.0000
   5.6234E-09   1.0000E-08   4.2569E-06  0.5105   0.0000E+00  0.0000   0.0000E+00  0.0000   0.0000E+00  0.0000
   1.0000E-08   1.7783E-08   9.2793E-06  0.4657   0.0000E+00  0.0000   0.0000E+00  0.0000   0.0000E+00  0.0000
   1.7783E-08   3.1623E-08   1.7366E-05  0.4852   0.0000E+00  0.0000   0.0000E+00  0.0000   0.0000E+00  0.0000
   3.1623E-08   5.6234E-08   2.8192E-05  0.4548   0.0000E+00  0.0000   0.0000E+00  0.0000   0.0000E+00  0.0000
   5.6234E-08   1.0000E-07   2.9192E-05  0.4779   0.0000E+00  0.0000   0.0000E+00  0.0000   0.0000E+00  0.0000
   1.0000E-07   1.7783E-07   1.1447E-05  0.4409   0.0000E+00  0.0000   0.0000E+00  0.0000   0.0000E+00  0.0000
   1.7783E-07   3.1623E-07   2.3684E-06  0.5721   0.0000E+00  0.0000   0.0000E+00  0.0000   0.0000E+00  0.0000
   3.1623E-07   5.6234E-07   1.7165E-06  0.5406   0.0000E+00  0.0000   0.0000E+00  0.0000   0.0000E+00  0.0000
   5.6234E-07   1.0000E-06   2.8958E-06  0.6222   0.0000E+00  0.0000   0.0000E+00  0.0000   0.0000E+00  0.0000
   1.0000E-06   1.7783E-06   4.0372E-06  0.5509   0.0000E+00  0.0000   0.0000E+00  0.0000   0.0000E+00  0.0000
   1.7783E-06   3.1623E-06   1.7130E-06  0.5064   0.0000E+00  0.0000   0.0000E+00  0.0000   0.0000E+00  0.0000
   3.1623E-06   5.6234E-06   3.1259E-06  0.5633   0.0000E+00  0.0000   0.0000E+00  0.0000   0.0000E+00  0.0000
   5.6234E-06   1.0000E-05   1.5718E-06  0.5605   0.0000E+00  0.0000   0.0000E+00  0.0000   0.0000E+00  0.0000
   1.0000E-05   1.7783E-05   2.2672E-06  0.6209   0.0000E+00  0.0000   0.0000E+00  0.0000   0.0000E+00  0.0000
   1.7783E-05   3.1623E-05   1.8148E-06  0.6267   0.0000E+00  0.0000   0.0000E+00  0.0000   0.0000E+00  0.0000
   3.1623E-05   5.6234E-05   2.9808E-06  0.5693   0.0000E+00  0.0000   0.0000E+00  0.0000   0.0000E+00  0.0000
   5.6234E-05   1.0000E-04   2.7985E-06  0.7295   0.0000E+00  0.0000   0.0000E+00  0.0000   0.0000E+00  0.0000
   1.0000E-04   1.7783E-04   2.5823E-06  0.6230   0.0000E+00  0.0000   0.0000E+00  0.0000   0.0000E+00  0.0000
   1.7783E-04   3.1623E-04   9.0583E-07  0.5749   0.0000E+00  0.0000   0.0000E+00  0.0000   0.0000E+00  0.0000
   3.1623E-04   5.6234E-04   1.8455E-06  0.7062   0.0000E+00  0.0000   0.0000E+00  0.0000   0.0000E+00  0.0000
   5.6234E-04   1.0000E-03   8.8527E-07  0.4855   0.0000E+00  0.0000   0.0000E+00  0.0000   5.2200E-17  0.5581
   1.0000E-03   1.7783E-03   1.0987E-06  0.6213   0.0000E+00  0.0000   0.0000E+00  0.0000   2.1504E-12  0.5329
   1.7783E-03   3.1623E-03   1.2631E-06  0.6171   0.0000E+00  0.0000   0.0000E+00  0.0000   3.4731E-12  0.5329
   3.1623E-03   5.6234E-03   3.3054E-06  0.6626   0.0000E+00  0.0000   0.0000E+00  0.0000   5.2429E-12  0.5329
   5.6234E-03   1.0000E-02   1.1728E-06  0.6253   0.0000E+00  0.0000   0.0000E+00  0.0000   7.2348E-12  0.5329
   1.0000E-02   1.7783E-02   1.4329E-06  0.4734   0.0000E+00  0.0000   0.0000E+00  0.0000   9.7037E-12  0.5329
   1.7783E-02   3.1623E-02   1.5719E-06  0.6515   0.0000E+00  0.0000   0.0000E+00  0.0000   1.3902E-11  0.5329
   3.1623E-02   5.6234E-02   2.6547E-06  0.5861   0.0000E+00  0.0000   0.0000E+00  0.0000   2.0862E-11  0.5329
   5.6234E-02   1.0000E-01   3.3647E-06  0.4327   0.0000E+00  0.0000   0.0000E+00  0.0000   3.4126E-11  0.5329
   1.0000E-01   1.7783E-01   3.6306E-06  0.6531   0.0000E+00  0.0000   0.0000E+00  0.0000   6.2972E-11  0.5329
   1.7783E-01   3.1623E-01   3.5712E-06  0.5800   0.0000E+00  0.0000   0.0000E+00  0.0000   1.3379E-10  0.5329
   3.1623E-01   5.6234E-01   8.0690E-06  0.5653   0.0000E+00  0.0000   0.0000E+00  0.0000   3.1877E-10  0.5329
   5.6234E-01   1.0000E+00   1.0208E-05  0.6223   0.0000E+00  0.0000   0.0000E+00  0.0000   8.0281E-10  0.5328
   1.0000E+00   1.7783E+00   9.6864E-06  0.4998   0.0000E+00  0.0000   0.0000E+00  0.0000   2.0491E-09  0.5317
   1.7783E+00   3.1623E+00   8.2794E-06  0.4201   0.0000E+00  0.0000   0.0000E+00  0.0000   5.1263E-09  0.5348
   3.1623E+00   5.6234E+00   1.2092E-05  0.6358   0.0000E+00  0.0000   0.0000E+00  0.0000   1.2038E-08  0.5432
   5.6234E+00   1.0000E+01   5.7673E-06  0.4649   0.0000E+00  0.0000   0.0000E+00  0.0000   2.2615E-08  0.5031
   1.0000E+01   1.7783E+01   7.2959E-06  0.6350   0.0000E+00  0.0000   0.0000E+00  0.0000   4.1089E-08  0.5012
   1.7783E+01   3.1623E+01   4.7589E-06  0.4652   0.0000E+00  0.0000   0.0000E+00  0.0000   6.4866E-08  0.6098
   3.1623E+01   5.6234E+01   3.4855E-06  0.4583   0.0000E+00  0.0000   0.0000E+00  0.0000   1.1888E-07  0.6051
   5.6234E+01   1.0000E+02   5.1708E-06  0.6891   0.0000E+00  0.0000   0.0000E+00  0.0000   2.6554E-07  0.6277
   1.0000E+02   1.7783E+02   1.7343E-05  0.6613   0.0000E+00  0.0000   0.0000E+00  0.0000   4.0841E-07  0.6112
   1.7783E+02   3.1623E+02   1.7958E-06  0.7321   0.0000E+00  0.0000   0.0000E+00  0.0000   5.1985E-07  0.6852
   3.1623E+02   5.6234E+02   1.3509E-06  0.9376   0.0000E+00  0.0000   0.0000E+00  0.0000   3.0548E-07  0.9663
   5.6234E+02   1.0000E+03   2.7686E-07  0.5833   0.0000E+00  0.0000   0.0000E+00  0.0000   7.7009E-08  0.7440
   1.0000E+03   1.7783E+03   2.4469E-07  1.0000   0.0000E+00  0.0000   0.0000E+00  0.0000   4.5964E-07  0.5897
   1.7783E+03   3.1623E+03   0.0000E+00  0.0000   0.0000E+00  0.0000   0.0000E+00  0.0000   2.2247E-07  1.0000
   3.1623E+03   5.6234E+03   1.2530E-07  1.0000   0.0000E+00  0.0000   0.0000E+00  0.0000   0.0000E+00  0.0000
   5.6234E+03   1.0000E+04   0.0000E+00  0.0000   0.0000E+00  0.0000   0.0000E+00  0.0000   0.0000E+00  0.0000
   1.0000E+04   1.7783E+04   0.0000E+00  0.0000   0.0000E+00  0.0000   0.0000E+00  0.0000   0.0000E+00  0.0000
   1.7783E+04   3.1623E+04   0.0000E+00  0.0000   0.0000E+00  0.0000   0.0000E+00  0.0000   0.0000E+00  0.0000
   3.1623E+04   5.6234E+04   0.0000E+00  0.0000   0.0000E+00  0.0000   0.0000E+00  0.0000   0.0000E+00  0.0000
   5.6234E+04   1.0000E+05   0.0000E+00  0.0000   0.0000E+00  0.0000   0.0000E+00  0.0000   0.0000E+00  0.0000

#   sum over                 2.5461E-04  0.4674   0.0000E+00  0.0000   0.0000E+00  0.0000   2.5265E-06  0.6589

'no. = 24, (ix,iy,iz) = (  1,  1, 24)'
msuc: {\huge Flux spectra vs depth in concrete}
msdr: {\it plotted by \ANGEL \version}
msdl: {\it calculated by \PHITS  3.36}
wt: s(0.7)
\vspace{-3}
   vol  &=&   2.8800E+07 [cm^3]
  xmin  &=&  -6.0000E+02 [cm]
  xmax  &=&   6.0000E+02 [cm]
  ymin  &=&  -6.0000E+02 [cm]
  ymax  &=&   6.0000E+02 [cm]
  zmin  &=&  -2.4000E+02 [cm]
  zmax  &=&  -2.2000E+02 [cm]
e:

#------------------------------------------------------------------------------
 newpage:
#   no. = 25   ix  =  1   iy  =  1   iz  = 25
#   x = (  -6.0000E+02  -   6.0000E+02  )
#   y = (  -6.0000E+02  -   6.0000E+02  )
#   z = (  -2.2000E+02  -  -2.0000E+02  )

x: Energy [MeV/n]
y: Flux [1/cm^2/source]              
p: xlog ylog afac(0.8) form(0.9)
h: n            x            y(neutron ),hh0l n y(muon-   ),hh0dr n y(muon+   ),hh0ub n y(proton  ),hh0mg n 
#  e-lower      e-upper        neutron   r.err      muon-     r.err      muon+     r.err      proton    r.err 
   1.0000E-10   1.7783E-10   1.4618E-09  0.7128   0.0000E+00  0.0000   0.0000E+00  0.0000   0.0000E+00  0.0000
   1.7783E-10   3.1623E-10   7.9911E-10  0.9935   0.0000E+00  0.0000   0.0000E+00  0.0000   0.0000E+00  0.0000
   3.1623E-10   5.6234E-10   1.5643E-08  0.5021   0.0000E+00  0.0000   0.0000E+00  0.0000   0.0000E+00  0.0000
   5.6234E-10   1.0000E-09   4.0131E-08  0.6374   0.0000E+00  0.0000   0.0000E+00  0.0000   0.0000E+00  0.0000
   1.0000E-09   1.7783E-09   2.3379E-07  0.5028   0.0000E+00  0.0000   0.0000E+00  0.0000   0.0000E+00  0.0000
   1.7783E-09   3.1623E-09   8.0703E-07  0.4931   0.0000E+00  0.0000   0.0000E+00  0.0000   0.0000E+00  0.0000
   3.1623E-09   5.6234E-09   1.8995E-06  0.4014   0.0000E+00  0.0000   0.0000E+00  0.0000   0.0000E+00  0.0000
   5.6234E-09   1.0000E-08   5.7072E-06  0.4169   0.0000E+00  0.0000   0.0000E+00  0.0000   0.0000E+00  0.0000
   1.0000E-08   1.7783E-08   1.3513E-05  0.3849   0.0000E+00  0.0000   0.0000E+00  0.0000   0.0000E+00  0.0000
   1.7783E-08   3.1623E-08   2.7498E-05  0.3749   0.0000E+00  0.0000   0.0000E+00  0.0000   0.0000E+00  0.0000
   3.1623E-08   5.6234E-08   4.0173E-05  0.3780   0.0000E+00  0.0000   0.0000E+00  0.0000   0.0000E+00  0.0000
   5.6234E-08   1.0000E-07   3.7838E-05  0.3840   0.0000E+00  0.0000   0.0000E+00  0.0000   0.0000E+00  0.0000
   1.0000E-07   1.7783E-07   1.5935E-05  0.3773   0.0000E+00  0.0000   0.0000E+00  0.0000   0.0000E+00  0.0000
   1.7783E-07   3.1623E-07   5.4705E-06  0.4186   0.0000E+00  0.0000   0.0000E+00  0.0000   0.0000E+00  0.0000
   3.1623E-07   5.6234E-07   3.0981E-06  0.4779   0.0000E+00  0.0000   0.0000E+00  0.0000   0.0000E+00  0.0000
   5.6234E-07   1.0000E-06   2.2194E-06  0.6022   0.0000E+00  0.0000   0.0000E+00  0.0000   0.0000E+00  0.0000
   1.0000E-06   1.7783E-06   2.6992E-06  0.4926   0.0000E+00  0.0000   0.0000E+00  0.0000   0.0000E+00  0.0000
   1.7783E-06   3.1623E-06   3.1141E-06  0.4658   0.0000E+00  0.0000   0.0000E+00  0.0000   0.0000E+00  0.0000
   3.1623E-06   5.6234E-06   4.0886E-06  0.5281   0.0000E+00  0.0000   0.0000E+00  0.0000   0.0000E+00  0.0000
   5.6234E-06   1.0000E-05   3.0963E-06  0.5073   0.0000E+00  0.0000   0.0000E+00  0.0000   0.0000E+00  0.0000
   1.0000E-05   1.7783E-05   2.3497E-06  0.5302   0.0000E+00  0.0000   0.0000E+00  0.0000   0.0000E+00  0.0000
   1.7783E-05   3.1623E-05   2.3158E-06  0.4402   0.0000E+00  0.0000   0.0000E+00  0.0000   0.0000E+00  0.0000
   3.1623E-05   5.6234E-05   3.7030E-06  0.4776   0.0000E+00  0.0000   0.0000E+00  0.0000   0.0000E+00  0.0000
   5.6234E-05   1.0000E-04   3.3658E-06  0.5396   0.0000E+00  0.0000   0.0000E+00  0.0000   0.0000E+00  0.0000
   1.0000E-04   1.7783E-04   3.8757E-06  0.4670   0.0000E+00  0.0000   0.0000E+00  0.0000   0.0000E+00  0.0000
   1.7783E-04   3.1623E-04   2.4520E-06  0.4038   0.0000E+00  0.0000   0.0000E+00  0.0000   0.0000E+00  0.0000
   3.1623E-04   5.6234E-04   4.0741E-06  0.5429   0.0000E+00  0.0000   0.0000E+00  0.0000   0.0000E+00  0.0000
   5.6234E-04   1.0000E-03   1.9820E-06  0.4177   0.0000E+00  0.0000   0.0000E+00  0.0000   5.4559E-17  0.4621
   1.0000E-03   1.7783E-03   7.0086E-06  0.5712   0.0000E+00  0.0000   0.0000E+00  0.0000   3.3082E-12  0.4295
   1.7783E-03   3.1623E-03   2.9766E-06  0.4718   0.0000E+00  0.0000   0.0000E+00  0.0000   5.3485E-12  0.4295
   3.1623E-03   5.6234E-03   3.7601E-06  0.4602   0.0000E+00  0.0000   0.0000E+00  0.0000   8.0738E-12  0.4295
   5.6234E-03   1.0000E-02   4.5908E-06  0.4941   0.0000E+00  0.0000   0.0000E+00  0.0000   1.1141E-11  0.4295
   1.0000E-02   1.7783E-02   4.6403E-06  0.5487   0.0000E+00  0.0000   0.0000E+00  0.0000   1.4943E-11  0.4295
   1.7783E-02   3.1623E-02   5.0339E-06  0.5994   0.0000E+00  0.0000   0.0000E+00  0.0000   2.1409E-11  0.4295
   3.1623E-02   5.6234E-02   4.4557E-06  0.4554   0.0000E+00  0.0000   0.0000E+00  0.0000   3.2126E-11  0.4295
   5.6234E-02   1.0000E-01   3.3593E-06  0.4348   0.0000E+00  0.0000   0.0000E+00  0.0000   5.2553E-11  0.4295
   1.0000E-01   1.7783E-01   5.5726E-06  0.4434   0.0000E+00  0.0000   0.0000E+00  0.0000   9.6975E-11  0.4295
   1.7783E-01   3.1623E-01   5.8706E-06  0.4071   0.0000E+00  0.0000   0.0000E+00  0.0000   2.0603E-10  0.4295
   3.1623E-01   5.6234E-01   5.8810E-06  0.4166   0.0000E+00  0.0000   0.0000E+00  0.0000   4.9089E-10  0.4295
   5.6234E-01   1.0000E+00   1.3174E-05  0.5275   0.0000E+00  0.0000   0.0000E+00  0.0000   1.2391E-09  0.4294
   1.0000E+00   1.7783E+00   1.7742E-05  0.5078   0.0000E+00  0.0000   0.0000E+00  0.0000   3.1654E-09  0.4292
   1.7783E+00   3.1623E+00   2.9083E-05  0.4655   0.0000E+00  0.0000   0.0000E+00  0.0000   7.9999E-09  0.4320
   3.1623E+00   5.6234E+00   6.2888E-06  0.5274   0.0000E+00  0.0000   0.0000E+00  0.0000   1.9609E-08  0.4312
   5.6234E+00   1.0000E+01   1.3475E-05  0.5073   0.0000E+00  0.0000   0.0000E+00  0.0000   4.8522E-08  0.4305
   1.0000E+01   1.7783E+01   9.7449E-06  0.4785   0.0000E+00  0.0000   0.0000E+00  0.0000   1.1496E-07  0.4290
   1.7783E+01   3.1623E+01   6.4506E-06  0.7717   0.0000E+00  0.0000   0.0000E+00  0.0000   2.1643E-07  0.4287
   3.1623E+01   5.6234E+01   1.4154E-05  0.5735   0.0000E+00  0.0000   0.0000E+00  0.0000   3.2323E-07  0.4839
   5.6234E+01   1.0000E+02   1.4115E-05  0.7336   0.0000E+00  0.0000   0.0000E+00  0.0000   5.4062E-07  0.5365
   1.0000E+02   1.7783E+02   2.1325E-05  0.6650   0.0000E+00  0.0000   0.0000E+00  0.0000   1.0805E-06  0.5918
   1.7783E+02   3.1623E+02   4.0812E-06  0.6452   0.0000E+00  0.0000   0.0000E+00  0.0000   1.0480E-06  0.6160
   3.1623E+02   5.6234E+02   2.5602E-07  0.6519   0.0000E+00  0.0000   0.0000E+00  0.0000   2.2701E-07  0.7071
   5.6234E+02   1.0000E+03   9.6767E-07  0.5310   0.0000E+00  0.0000   0.0000E+00  0.0000   0.0000E+00  0.0000
   1.0000E+03   1.7783E+03   3.5940E-07  1.0000   0.0000E+00  0.0000   0.0000E+00  0.0000   6.2526E-07  0.6008
   1.7783E+03   3.1623E+03   0.0000E+00  0.0000   0.0000E+00  0.0000   0.0000E+00  0.0000   5.5080E-07  1.0000
   3.1623E+03   5.6234E+03   2.1775E-07  1.0000   0.0000E+00  0.0000   0.0000E+00  0.0000   0.0000E+00  0.0000
   5.6234E+03   1.0000E+04   0.0000E+00  0.0000   0.0000E+00  0.0000   0.0000E+00  0.0000   0.0000E+00  0.0000
   1.0000E+04   1.7783E+04   0.0000E+00  0.0000   0.0000E+00  0.0000   0.0000E+00  0.0000   0.0000E+00  0.0000
   1.7783E+04   3.1623E+04   0.0000E+00  0.0000   0.0000E+00  0.0000   0.0000E+00  0.0000   0.0000E+00  0.0000
   3.1623E+04   5.6234E+04   0.0000E+00  0.0000   0.0000E+00  0.0000   0.0000E+00  0.0000   0.0000E+00  0.0000
   5.6234E+04   1.0000E+05   0.0000E+00  0.0000   0.0000E+00  0.0000   0.0000E+00  0.0000   0.0000E+00  0.0000

#   sum over                 3.9615E-04  0.4061   0.0000E+00  0.0000   0.0000E+00  0.0000   4.8083E-06  0.5749

'no. = 25, (ix,iy,iz) = (  1,  1, 25)'
msuc: {\huge Flux spectra vs depth in concrete}
msdr: {\it plotted by \ANGEL \version}
msdl: {\it calculated by \PHITS  3.36}
wt: s(0.7)
\vspace{-3}
   vol  &=&   2.8800E+07 [cm^3]
  xmin  &=&  -6.0000E+02 [cm]
  xmax  &=&   6.0000E+02 [cm]
  ymin  &=&  -6.0000E+02 [cm]
  ymax  &=&   6.0000E+02 [cm]
  zmin  &=&  -2.2000E+02 [cm]
  zmax  &=&  -2.0000E+02 [cm]
e:

#------------------------------------------------------------------------------
 newpage:
#   no. = 26   ix  =  1   iy  =  1   iz  = 26
#   x = (  -6.0000E+02  -   6.0000E+02  )
#   y = (  -6.0000E+02  -   6.0000E+02  )
#   z = (  -2.0000E+02  -  -1.8000E+02  )

x: Energy [MeV/n]
y: Flux [1/cm^2/source]              
p: xlog ylog afac(0.8) form(0.9)
h: n            x            y(neutron ),hh0l n y(muon-   ),hh0dr n y(muon+   ),hh0ub n y(proton  ),hh0mg n 
#  e-lower      e-upper        neutron   r.err      muon-     r.err      muon+     r.err      proton    r.err 
   1.0000E-10   1.7783E-10   9.5816E-10  1.0000   0.0000E+00  0.0000   0.0000E+00  0.0000   0.0000E+00  0.0000
   1.7783E-10   3.1623E-10   6.1276E-08  0.6805   0.0000E+00  0.0000   0.0000E+00  0.0000   0.0000E+00  0.0000
   3.1623E-10   5.6234E-10   1.9247E-07  0.6138   0.0000E+00  0.0000   0.0000E+00  0.0000   0.0000E+00  0.0000
   5.6234E-10   1.0000E-09   2.1784E-07  0.6886   0.0000E+00  0.0000   0.0000E+00  0.0000   0.0000E+00  0.0000
   1.0000E-09   1.7783E-09   5.8419E-07  0.4752   0.0000E+00  0.0000   0.0000E+00  0.0000   0.0000E+00  0.0000
   1.7783E-09   3.1623E-09   2.2159E-06  0.4405   0.0000E+00  0.0000   0.0000E+00  0.0000   0.0000E+00  0.0000
   3.1623E-09   5.6234E-09   3.3878E-06  0.3635   0.0000E+00  0.0000   0.0000E+00  0.0000   0.0000E+00  0.0000
   5.6234E-09   1.0000E-08   1.3596E-05  0.3549   0.0000E+00  0.0000   0.0000E+00  0.0000   0.0000E+00  0.0000
   1.0000E-08   1.7783E-08   2.4193E-05  0.3236   0.0000E+00  0.0000   0.0000E+00  0.0000   0.0000E+00  0.0000
   1.7783E-08   3.1623E-08   5.2609E-05  0.3297   0.0000E+00  0.0000   0.0000E+00  0.0000   0.0000E+00  0.0000
   3.1623E-08   5.6234E-08   8.4223E-05  0.3283   0.0000E+00  0.0000   0.0000E+00  0.0000   0.0000E+00  0.0000
   5.6234E-08   1.0000E-07   8.0692E-05  0.3211   0.0000E+00  0.0000   0.0000E+00  0.0000   0.0000E+00  0.0000
   1.0000E-07   1.7783E-07   4.0235E-05  0.3746   0.0000E+00  0.0000   0.0000E+00  0.0000   0.0000E+00  0.0000
   1.7783E-07   3.1623E-07   9.4144E-06  0.4848   0.0000E+00  0.0000   0.0000E+00  0.0000   0.0000E+00  0.0000
   3.1623E-07   5.6234E-07   4.7779E-06  0.4467   0.0000E+00  0.0000   0.0000E+00  0.0000   0.0000E+00  0.0000
   5.6234E-07   1.0000E-06   5.6830E-06  0.3867   0.0000E+00  0.0000   0.0000E+00  0.0000   0.0000E+00  0.0000
   1.0000E-06   1.7783E-06   3.8070E-06  0.4343   0.0000E+00  0.0000   0.0000E+00  0.0000   0.0000E+00  0.0000
   1.7783E-06   3.1623E-06   7.4325E-06  0.4320   0.0000E+00  0.0000   0.0000E+00  0.0000   0.0000E+00  0.0000
   3.1623E-06   5.6234E-06   7.2846E-06  0.4547   0.0000E+00  0.0000   0.0000E+00  0.0000   0.0000E+00  0.0000
   5.6234E-06   1.0000E-05   2.2271E-06  0.3923   0.0000E+00  0.0000   0.0000E+00  0.0000   0.0000E+00  0.0000
   1.0000E-05   1.7783E-05   9.0549E-06  0.4849   0.0000E+00  0.0000   0.0000E+00  0.0000   0.0000E+00  0.0000
   1.7783E-05   3.1623E-05   4.3925E-06  0.5967   0.0000E+00  0.0000   0.0000E+00  0.0000   0.0000E+00  0.0000
   3.1623E-05   5.6234E-05   9.6843E-06  0.4203   0.0000E+00  0.0000   0.0000E+00  0.0000   0.0000E+00  0.0000
   5.6234E-05   1.0000E-04   4.7221E-06  0.5323   0.0000E+00  0.0000   0.0000E+00  0.0000   0.0000E+00  0.0000
   1.0000E-04   1.7783E-04   4.4542E-06  0.5667   0.0000E+00  0.0000   0.0000E+00  0.0000   0.0000E+00  0.0000
   1.7783E-04   3.1623E-04   8.9928E-06  0.5237   0.0000E+00  0.0000   0.0000E+00  0.0000   0.0000E+00  0.0000
   3.1623E-04   5.6234E-04   6.0258E-06  0.5154   0.0000E+00  0.0000   0.0000E+00  0.0000   0.0000E+00  0.0000
   5.6234E-04   1.0000E-03   4.5352E-06  0.3966   0.0000E+00  0.0000   0.0000E+00  0.0000   9.0813E-17  0.4627
   1.0000E-03   1.7783E-03   8.4035E-06  0.4759   0.0000E+00  0.0000   2.8285E-13  1.0000   6.2396E-12  0.4514
   1.7783E-03   3.1623E-03   5.1931E-06  0.3509   0.0000E+00  0.0000   1.3819E-13  1.0000   1.0076E-11  0.4514
   3.1623E-03   5.6234E-03   3.8646E-06  0.3901   0.0000E+00  0.0000   2.0416E-13  1.0000   1.5211E-11  0.4514
   5.6234E-03   1.0000E-02   5.2932E-06  0.5225   0.0000E+00  0.0000   3.2744E-13  1.0000   2.0989E-11  0.4514
   1.0000E-02   1.7783E-02   6.1985E-06  0.3977   0.0000E+00  0.0000   5.8714E-13  1.0000   2.8152E-11  0.4514
   1.7783E-02   3.1623E-02   6.0627E-06  0.4366   0.0000E+00  0.0000   1.2122E-12  1.0000   4.0332E-11  0.4514
   3.1623E-02   5.6234E-02   9.7334E-06  0.5469   0.0000E+00  0.0000   2.8318E-12  1.0000   6.0523E-11  0.4514
   5.6234E-02   1.0000E-01   1.0542E-05  0.4257   0.0000E+00  0.0000   7.0955E-12  1.0000   9.9007E-11  0.4514
   1.0000E-01   1.7783E-01   1.4875E-05  0.4830   0.0000E+00  0.0000   1.8213E-11  1.0000   1.8269E-10  0.4514
   1.7783E-01   3.1623E-01   1.2211E-05  0.3824   0.0000E+00  0.0000   4.7642E-11  1.0000   3.8814E-10  0.4514
   3.1623E-01   5.6234E-01   1.6476E-05  0.5054   0.0000E+00  0.0000   1.2770E-10  1.0000   9.2482E-10  0.4514
   5.6234E-01   1.0000E+00   1.8798E-05  0.3798   0.0000E+00  0.0000   3.5025E-10  1.0000   2.3345E-09  0.4514
   1.0000E+00   1.7783E+00   2.3166E-05  0.4063   0.0000E+00  0.0000   9.8075E-10  1.0000   6.0131E-09  0.4514
   1.7783E+00   3.1623E+00   4.4364E-05  0.4958   0.0000E+00  0.0000   2.7897E-09  1.0000   1.4485E-08  0.4492
   3.1623E+00   5.6234E+00   2.5314E-05  0.3862   0.0000E+00  0.0000   7.8839E-09  1.0000   3.1835E-08  0.4517
   5.6234E+00   1.0000E+01   7.7824E-06  0.5097   0.0000E+00  0.0000   2.1962E-08  1.0000   6.4764E-08  0.4859
   1.0000E+01   1.7783E+01   5.1753E-06  0.4953   0.0000E+00  0.0000   5.9797E-08  1.0000   1.4168E-07  0.5706
   1.7783E+01   3.1623E+01   5.3242E-06  0.5510   0.0000E+00  0.0000   1.5612E-07  1.0000   3.7660E-07  0.6007
   3.1623E+01   5.6234E+01   5.0300E-05  0.6857   0.0000E+00  0.0000   2.8782E-07  1.0000   7.1098E-07  0.6587
   5.6234E+01   1.0000E+02   1.3261E-05  0.5227   0.0000E+00  0.0000   0.0000E+00  0.0000   7.3491E-07  0.6124
   1.0000E+02   1.7783E+02   4.5310E-05  0.6069   0.0000E+00  0.0000   0.0000E+00  0.0000   5.3279E-07  0.7226
   1.7783E+02   3.1623E+02   5.9580E-06  0.6152   0.0000E+00  0.0000   0.0000E+00  0.0000   1.0869E-06  0.6823
   3.1623E+02   5.6234E+02   1.4914E-06  0.7674   0.0000E+00  0.0000   0.0000E+00  0.0000   1.3090E-06  0.7048
   5.6234E+02   1.0000E+03   1.6019E-06  0.5581   0.0000E+00  0.0000   0.0000E+00  0.0000   0.0000E+00  0.0000
   1.0000E+03   1.7783E+03   3.8786E-07  0.7749   0.0000E+00  0.0000   0.0000E+00  0.0000   7.0197E-07  0.6074
   1.7783E+03   3.1623E+03   0.0000E+00  0.0000   0.0000E+00  0.0000   0.0000E+00  0.0000   3.3042E-07  1.0000
   3.1623E+03   5.6234E+03   4.6672E-07  1.0000   0.0000E+00  0.0000   0.0000E+00  0.0000   6.3049E-07  1.0000
   5.6234E+03   1.0000E+04   0.0000E+00  0.0000   0.0000E+00  0.0000   0.0000E+00  0.0000   0.0000E+00  0.0000
   1.0000E+04   1.7783E+04   0.0000E+00  0.0000   0.0000E+00  0.0000   0.0000E+00  0.0000   0.0000E+00  0.0000
   1.7783E+04   3.1623E+04   0.0000E+00  0.0000   0.0000E+00  0.0000   0.0000E+00  0.0000   0.0000E+00  0.0000
   3.1623E+04   5.6234E+04   0.0000E+00  0.0000   0.0000E+00  0.0000   0.0000E+00  0.0000   0.0000E+00  0.0000
   5.6234E+04   1.0000E+05   0.0000E+00  0.0000   0.0000E+00  0.0000   0.0000E+00  0.0000   0.0000E+00  0.0000

#   sum over                 7.4225E-04  0.3462   0.0000E+00  0.0000   5.3791E-07  1.0000   6.6769E-06  0.5797

'no. = 26, (ix,iy,iz) = (  1,  1, 26)'
msuc: {\huge Flux spectra vs depth in concrete}
msdr: {\it plotted by \ANGEL \version}
msdl: {\it calculated by \PHITS  3.36}
wt: s(0.7)
\vspace{-3}
   vol  &=&   2.8800E+07 [cm^3]
  xmin  &=&  -6.0000E+02 [cm]
  xmax  &=&   6.0000E+02 [cm]
  ymin  &=&  -6.0000E+02 [cm]
  ymax  &=&   6.0000E+02 [cm]
  zmin  &=&  -2.0000E+02 [cm]
  zmax  &=&  -1.8000E+02 [cm]
e:

#------------------------------------------------------------------------------
 newpage:
#   no. = 27   ix  =  1   iy  =  1   iz  = 27
#   x = (  -6.0000E+02  -   6.0000E+02  )
#   y = (  -6.0000E+02  -   6.0000E+02  )
#   z = (  -1.8000E+02  -  -1.6000E+02  )

x: Energy [MeV/n]
y: Flux [1/cm^2/source]              
p: xlog ylog afac(0.8) form(0.9)
h: n            x            y(neutron ),hh0l n y(muon-   ),hh0dr n y(muon+   ),hh0ub n y(proton  ),hh0mg n 
#  e-lower      e-upper        neutron   r.err      muon-     r.err      muon+     r.err      proton    r.err 
   1.0000E-10   1.7783E-10   9.1818E-11  1.0000   0.0000E+00  0.0000   0.0000E+00  0.0000   0.0000E+00  0.0000
   1.7783E-10   3.1623E-10   1.1633E-08  0.7465   0.0000E+00  0.0000   0.0000E+00  0.0000   0.0000E+00  0.0000
   3.1623E-10   5.6234E-10   1.1388E-07  0.6060   0.0000E+00  0.0000   0.0000E+00  0.0000   0.0000E+00  0.0000
   5.6234E-10   1.0000E-09   2.2560E-07  0.5355   0.0000E+00  0.0000   0.0000E+00  0.0000   0.0000E+00  0.0000
   1.0000E-09   1.7783E-09   8.5162E-07  0.3283   0.0000E+00  0.0000   0.0000E+00  0.0000   0.0000E+00  0.0000
   1.7783E-09   3.1623E-09   2.0136E-06  0.3224   0.0000E+00  0.0000   0.0000E+00  0.0000   0.0000E+00  0.0000
   3.1623E-09   5.6234E-09   5.3414E-06  0.3165   0.0000E+00  0.0000   0.0000E+00  0.0000   0.0000E+00  0.0000
   5.6234E-09   1.0000E-08   1.5974E-05  0.2813   0.0000E+00  0.0000   0.0000E+00  0.0000   0.0000E+00  0.0000
   1.0000E-08   1.7783E-08   3.8072E-05  0.2946   0.0000E+00  0.0000   0.0000E+00  0.0000   0.0000E+00  0.0000
   1.7783E-08   3.1623E-08   9.7590E-05  0.2811   0.0000E+00  0.0000   0.0000E+00  0.0000   0.0000E+00  0.0000
   3.1623E-08   5.6234E-08   1.4119E-04  0.2934   0.0000E+00  0.0000   0.0000E+00  0.0000   0.0000E+00  0.0000
   5.6234E-08   1.0000E-07   1.2341E-04  0.2866   0.0000E+00  0.0000   0.0000E+00  0.0000   0.0000E+00  0.0000
   1.0000E-07   1.7783E-07   4.8503E-05  0.2851   0.0000E+00  0.0000   0.0000E+00  0.0000   0.0000E+00  0.0000
   1.7783E-07   3.1623E-07   9.9144E-06  0.3270   0.0000E+00  0.0000   0.0000E+00  0.0000   0.0000E+00  0.0000
   3.1623E-07   5.6234E-07   9.2513E-06  0.4062   0.0000E+00  0.0000   0.0000E+00  0.0000   0.0000E+00  0.0000
   5.6234E-07   1.0000E-06   9.5242E-06  0.4691   0.0000E+00  0.0000   0.0000E+00  0.0000   0.0000E+00  0.0000
   1.0000E-06   1.7783E-06   4.6671E-06  0.3399   0.0000E+00  0.0000   0.0000E+00  0.0000   0.0000E+00  0.0000
   1.7783E-06   3.1623E-06   5.1288E-06  0.4276   0.0000E+00  0.0000   0.0000E+00  0.0000   0.0000E+00  0.0000
   3.1623E-06   5.6234E-06   1.0107E-05  0.3509   0.0000E+00  0.0000   0.0000E+00  0.0000   0.0000E+00  0.0000
   5.6234E-06   1.0000E-05   1.0322E-05  0.3818   0.0000E+00  0.0000   0.0000E+00  0.0000   0.0000E+00  0.0000
   1.0000E-05   1.7783E-05   1.0863E-05  0.4513   0.0000E+00  0.0000   0.0000E+00  0.0000   0.0000E+00  0.0000
   1.7783E-05   3.1623E-05   6.6105E-06  0.3912   0.0000E+00  0.0000   0.0000E+00  0.0000   0.0000E+00  0.0000
   3.1623E-05   5.6234E-05   6.1336E-06  0.3853   0.0000E+00  0.0000   0.0000E+00  0.0000   0.0000E+00  0.0000
   5.6234E-05   1.0000E-04   9.2555E-06  0.3741   0.0000E+00  0.0000   0.0000E+00  0.0000   0.0000E+00  0.0000
   1.0000E-04   1.7783E-04   9.4401E-06  0.3377   0.0000E+00  0.0000   0.0000E+00  0.0000   0.0000E+00  0.0000
   1.7783E-04   3.1623E-04   6.3868E-06  0.3547   0.0000E+00  0.0000   0.0000E+00  0.0000   0.0000E+00  0.0000
   3.1623E-04   5.6234E-04   1.1571E-05  0.4157   0.0000E+00  0.0000   0.0000E+00  0.0000   0.0000E+00  0.0000
   5.6234E-04   1.0000E-03   1.1080E-05  0.3567   0.0000E+00  0.0000   0.0000E+00  0.0000   2.5885E-16  0.3998
   1.0000E-03   1.7783E-03   1.6035E-05  0.3782   0.0000E+00  0.0000   0.0000E+00  0.0000   1.1531E-11  0.3509
   1.7783E-03   3.1623E-03   8.9848E-06  0.3956   0.0000E+00  0.0000   0.0000E+00  0.0000   1.8668E-11  0.3509
   3.1623E-03   5.6234E-03   7.2922E-06  0.4009   0.0000E+00  0.0000   0.0000E+00  0.0000   2.8180E-11  0.3509
   5.6234E-03   1.0000E-02   9.7218E-06  0.3749   0.0000E+00  0.0000   0.0000E+00  0.0000   3.8886E-11  0.3509
   1.0000E-02   1.7783E-02   1.1000E-05  0.4308   0.0000E+00  0.0000   0.0000E+00  0.0000   5.2157E-11  0.3509
   1.7783E-02   3.1623E-02   1.0097E-05  0.3344   0.0000E+00  0.0000   0.0000E+00  0.0000   7.4722E-11  0.3509
   3.1623E-02   5.6234E-02   1.3685E-05  0.3984   0.0000E+00  0.0000   0.0000E+00  0.0000   1.1213E-10  0.3509
   5.6234E-02   1.0000E-01   1.1870E-05  0.3734   0.0000E+00  0.0000   0.0000E+00  0.0000   1.8343E-10  0.3509
   1.0000E-01   1.7783E-01   1.6957E-05  0.3257   0.0000E+00  0.0000   0.0000E+00  0.0000   3.3847E-10  0.3509
   1.7783E-01   3.1623E-01   2.4679E-05  0.3268   0.0000E+00  0.0000   0.0000E+00  0.0000   7.1910E-10  0.3509
   3.1623E-01   5.6234E-01   1.8896E-05  0.3187   0.0000E+00  0.0000   0.0000E+00  0.0000   1.7134E-09  0.3509
   5.6234E-01   1.0000E+00   2.4905E-05  0.3552   0.0000E+00  0.0000   0.0000E+00  0.0000   4.2019E-09  0.3549
   1.0000E+00   1.7783E+00   2.3738E-05  0.3569   0.0000E+00  0.0000   0.0000E+00  0.0000   1.0761E-08  0.3557
   1.7783E+00   3.1623E+00   6.5757E-05  0.3568   0.0000E+00  0.0000   0.0000E+00  0.0000   2.7769E-08  0.3588
   3.1623E+00   5.6234E+00   4.5104E-05  0.3660   0.0000E+00  0.0000   0.0000E+00  0.0000   6.2883E-08  0.3419
   5.6234E+00   1.0000E+01   2.6428E-05  0.3704   0.0000E+00  0.0000   0.0000E+00  0.0000   1.4140E-07  0.3417
   1.0000E+01   1.7783E+01   1.9592E-05  0.5513   0.0000E+00  0.0000   0.0000E+00  0.0000   2.5372E-07  0.3529
   1.7783E+01   3.1623E+01   1.9056E-05  0.3701   0.0000E+00  0.0000   0.0000E+00  0.0000   3.9140E-07  0.4019
   3.1623E+01   5.6234E+01   5.0679E-05  0.5816   0.0000E+00  0.0000   0.0000E+00  0.0000   6.0230E-07  0.5606
   5.6234E+01   1.0000E+02   5.8042E-05  0.4756   0.0000E+00  0.0000   0.0000E+00  0.0000   1.3741E-06  0.6331
   1.0000E+02   1.7783E+02   4.3390E-05  0.5550   0.0000E+00  0.0000   0.0000E+00  0.0000   2.2378E-06  0.6568
   1.7783E+02   3.1623E+02   2.7177E-05  0.4513   0.0000E+00  0.0000   0.0000E+00  0.0000   9.8214E-07  0.6115
   3.1623E+02   5.6234E+02   2.3570E-06  0.6828   0.0000E+00  0.0000   0.0000E+00  0.0000   1.8769E-06  0.7044
   5.6234E+02   1.0000E+03   1.4512E-06  0.6648   0.0000E+00  0.0000   0.0000E+00  0.0000   7.4159E-07  0.7220
   1.0000E+03   1.7783E+03   7.3640E-07  0.6687   0.0000E+00  0.0000   0.0000E+00  0.0000   8.6638E-07  0.6959
   1.7783E+03   3.1623E+03   0.0000E+00  0.0000   0.0000E+00  0.0000   0.0000E+00  0.0000   1.0295E-07  1.0000
   3.1623E+03   5.6234E+03   5.0118E-07  1.0000   0.0000E+00  0.0000   0.0000E+00  0.0000   1.4720E-06  1.0000
   5.6234E+03   1.0000E+04   0.0000E+00  0.0000   0.0000E+00  0.0000   0.0000E+00  0.0000   0.0000E+00  0.0000
   1.0000E+04   1.7783E+04   0.0000E+00  0.0000   0.0000E+00  0.0000   0.0000E+00  0.0000   0.0000E+00  0.0000
   1.7783E+04   3.1623E+04   0.0000E+00  0.0000   0.0000E+00  0.0000   0.0000E+00  0.0000   0.0000E+00  0.0000
   3.1623E+04   5.6234E+04   0.0000E+00  0.0000   0.0000E+00  0.0000   0.0000E+00  0.0000   0.0000E+00  0.0000
   5.6234E+04   1.0000E+05   0.0000E+00  0.0000   0.0000E+00  0.0000   0.0000E+00  0.0000   0.0000E+00  0.0000

#   sum over                 1.1617E-03  0.2924   0.0000E+00  0.0000   0.0000E+00  0.0000   1.1152E-05  0.5294

'no. = 27, (ix,iy,iz) = (  1,  1, 27)'
msuc: {\huge Flux spectra vs depth in concrete}
msdr: {\it plotted by \ANGEL \version}
msdl: {\it calculated by \PHITS  3.36}
wt: s(0.7)
\vspace{-3}
   vol  &=&   2.8800E+07 [cm^3]
  xmin  &=&  -6.0000E+02 [cm]
  xmax  &=&   6.0000E+02 [cm]
  ymin  &=&  -6.0000E+02 [cm]
  ymax  &=&   6.0000E+02 [cm]
  zmin  &=&  -1.8000E+02 [cm]
  zmax  &=&  -1.6000E+02 [cm]
e:

#------------------------------------------------------------------------------
 newpage:
#   no. = 28   ix  =  1   iy  =  1   iz  = 28
#   x = (  -6.0000E+02  -   6.0000E+02  )
#   y = (  -6.0000E+02  -   6.0000E+02  )
#   z = (  -1.6000E+02  -  -1.4000E+02  )

x: Energy [MeV/n]
y: Flux [1/cm^2/source]              
p: xlog ylog afac(0.8) form(0.9)
h: n            x            y(neutron ),hh0l n y(muon-   ),hh0dr n y(muon+   ),hh0ub n y(proton  ),hh0mg n 
#  e-lower      e-upper        neutron   r.err      muon-     r.err      muon+     r.err      proton    r.err 
   1.0000E-10   1.7783E-10   0.0000E+00  0.0000   0.0000E+00  0.0000   0.0000E+00  0.0000   0.0000E+00  0.0000
   1.7783E-10   3.1623E-10   1.0533E-07  0.8407   0.0000E+00  0.0000   0.0000E+00  0.0000   0.0000E+00  0.0000
   3.1623E-10   5.6234E-10   1.3816E-07  0.9593   0.0000E+00  0.0000   0.0000E+00  0.0000   0.0000E+00  0.0000
   5.6234E-10   1.0000E-09   3.6646E-07  0.6689   0.0000E+00  0.0000   0.0000E+00  0.0000   0.0000E+00  0.0000
   1.0000E-09   1.7783E-09   1.1997E-06  0.5531   0.0000E+00  0.0000   0.0000E+00  0.0000   0.0000E+00  0.0000
   1.7783E-09   3.1623E-09   2.0249E-06  0.3831   0.0000E+00  0.0000   0.0000E+00  0.0000   0.0000E+00  0.0000
   3.1623E-09   5.6234E-09   6.1138E-06  0.3197   0.0000E+00  0.0000   0.0000E+00  0.0000   0.0000E+00  0.0000
   5.6234E-09   1.0000E-08   2.2361E-05  0.3232   0.0000E+00  0.0000   0.0000E+00  0.0000   0.0000E+00  0.0000
   1.0000E-08   1.7783E-08   5.6385E-05  0.3303   0.0000E+00  0.0000   0.0000E+00  0.0000   0.0000E+00  0.0000
   1.7783E-08   3.1623E-08   1.3078E-04  0.3413   0.0000E+00  0.0000   0.0000E+00  0.0000   0.0000E+00  0.0000
   3.1623E-08   5.6234E-08   1.9255E-04  0.3243   0.0000E+00  0.0000   0.0000E+00  0.0000   0.0000E+00  0.0000
   5.6234E-08   1.0000E-07   1.8884E-04  0.3093   0.0000E+00  0.0000   0.0000E+00  0.0000   0.0000E+00  0.0000
   1.0000E-07   1.7783E-07   7.9334E-05  0.3079   0.0000E+00  0.0000   0.0000E+00  0.0000   0.0000E+00  0.0000
   1.7783E-07   3.1623E-07   2.2472E-05  0.3643   0.0000E+00  0.0000   0.0000E+00  0.0000   0.0000E+00  0.0000
   3.1623E-07   5.6234E-07   1.2417E-05  0.3592   0.0000E+00  0.0000   0.0000E+00  0.0000   0.0000E+00  0.0000
   5.6234E-07   1.0000E-06   1.1172E-05  0.3934   0.0000E+00  0.0000   0.0000E+00  0.0000   0.0000E+00  0.0000
   1.0000E-06   1.7783E-06   6.6617E-06  0.4273   0.0000E+00  0.0000   0.0000E+00  0.0000   0.0000E+00  0.0000
   1.7783E-06   3.1623E-06   7.6387E-06  0.6612   0.0000E+00  0.0000   0.0000E+00  0.0000   0.0000E+00  0.0000
   3.1623E-06   5.6234E-06   1.2151E-05  0.4736   0.0000E+00  0.0000   0.0000E+00  0.0000   0.0000E+00  0.0000
   5.6234E-06   1.0000E-05   1.6031E-05  0.3980   0.0000E+00  0.0000   0.0000E+00  0.0000   0.0000E+00  0.0000
   1.0000E-05   1.7783E-05   1.8364E-05  0.4163   0.0000E+00  0.0000   0.0000E+00  0.0000   0.0000E+00  0.0000
   1.7783E-05   3.1623E-05   8.5693E-06  0.4483   0.0000E+00  0.0000   0.0000E+00  0.0000   0.0000E+00  0.0000
   3.1623E-05   5.6234E-05   1.3641E-05  0.4323   0.0000E+00  0.0000   0.0000E+00  0.0000   0.0000E+00  0.0000
   5.6234E-05   1.0000E-04   1.3620E-05  0.3808   0.0000E+00  0.0000   0.0000E+00  0.0000   0.0000E+00  0.0000
   1.0000E-04   1.7783E-04   8.7275E-06  0.3702   0.0000E+00  0.0000   3.0889E-22  1.0000   0.0000E+00  0.0000
   1.7783E-04   3.1623E-04   8.2082E-06  0.3349   0.0000E+00  0.0000   0.0000E+00  0.0000   0.0000E+00  0.0000
   3.1623E-04   5.6234E-04   8.0745E-06  0.3166   0.0000E+00  0.0000   0.0000E+00  0.0000   0.0000E+00  0.0000
   5.6234E-04   1.0000E-03   1.1889E-05  0.3761   0.0000E+00  0.0000   0.0000E+00  0.0000   3.4908E-16  0.3513
   1.0000E-03   1.7783E-03   1.2790E-05  0.4195   0.0000E+00  0.0000   7.0711E-14  1.0000   1.5630E-11  0.3692
   1.7783E-03   3.1623E-03   7.0688E-06  0.4206   0.0000E+00  0.0000   3.4547E-14  1.0000   2.5241E-11  0.3692
   3.1623E-03   5.6234E-03   1.5757E-05  0.4154   0.0000E+00  0.0000   5.1040E-14  1.0000   3.8102E-11  0.3692
   5.6234E-03   1.0000E-02   1.7753E-05  0.4571   0.0000E+00  0.0000   8.1861E-14  1.0000   5.2578E-11  0.3692
   1.0000E-02   1.7783E-02   1.3869E-05  0.3923   0.0000E+00  0.0000   1.4678E-13  1.0000   7.0521E-11  0.3692
   1.7783E-02   3.1623E-02   1.1053E-05  0.4045   0.0000E+00  0.0000   3.0304E-13  1.0000   1.0103E-10  0.3692
   3.1623E-02   5.6234E-02   1.3523E-05  0.3508   0.0000E+00  0.0000   7.0795E-13  1.0000   1.5161E-10  0.3692
   5.6234E-02   1.0000E-01   1.5328E-05  0.3736   0.0000E+00  0.0000   1.7739E-12  1.0000   2.4801E-10  0.3692
   1.0000E-01   1.7783E-01   1.9834E-05  0.3652   0.0000E+00  0.0000   4.5533E-12  1.0000   4.5765E-10  0.3692
   1.7783E-01   3.1623E-01   2.9681E-05  0.3805   0.0000E+00  0.0000   1.1910E-11  1.0000   9.7229E-10  0.3692
   3.1623E-01   5.6234E-01   2.4096E-05  0.4210   0.0000E+00  0.0000   3.1925E-11  1.0000   2.3105E-09  0.3697
   5.6234E-01   1.0000E+00   4.8770E-05  0.3914   0.0000E+00  0.0000   8.7562E-11  1.0000   5.8260E-09  0.3700
   1.0000E+00   1.7783E+00   3.8163E-05  0.4067   0.0000E+00  0.0000   2.4519E-10  1.0000   1.4752E-08  0.3744
   1.7783E+00   3.1623E+00   7.4976E-05  0.3293   0.0000E+00  0.0000   6.9742E-10  1.0000   3.4664E-08  0.4072
   3.1623E+00   5.6234E+00   2.8323E-05  0.3645   0.0000E+00  0.0000   7.1394E-10  1.0000   8.0160E-08  0.4182
   5.6234E+00   1.0000E+01   3.4937E-05  0.3768   0.0000E+00  0.0000   0.0000E+00  0.0000   1.7644E-07  0.4036
   1.0000E+01   1.7783E+01   4.3381E-05  0.4338   0.0000E+00  0.0000   0.0000E+00  0.0000   4.2131E-07  0.4061
   1.7783E+01   3.1623E+01   4.2463E-05  0.4764   0.0000E+00  0.0000   0.0000E+00  0.0000   9.3424E-07  0.4258
   3.1623E+01   5.6234E+01   4.5951E-05  0.4882   0.0000E+00  0.0000   0.0000E+00  0.0000   1.6756E-06  0.4674
   5.6234E+01   1.0000E+02   7.8018E-05  0.3556   0.0000E+00  0.0000   0.0000E+00  0.0000   2.8142E-06  0.6052
   1.0000E+02   1.7783E+02   6.2794E-05  0.4176   0.0000E+00  0.0000   0.0000E+00  0.0000   2.5260E-06  0.7738
   1.7783E+02   3.1623E+02   5.9820E-05  0.4521   0.0000E+00  0.0000   0.0000E+00  0.0000   6.9377E-07  0.6267
   3.1623E+02   5.6234E+02   1.1442E-06  0.8006   0.0000E+00  0.0000   0.0000E+00  0.0000   1.0964E-06  0.7360
   5.6234E+02   1.0000E+03   1.6055E-06  0.7066   0.0000E+00  0.0000   0.0000E+00  0.0000   6.8142E-07  0.5794
   1.0000E+03   1.7783E+03   9.7075E-07  0.6731   0.0000E+00  0.0000   0.0000E+00  0.0000   1.1938E-07  1.0000
   1.7783E+03   3.1623E+03   1.1160E-07  1.0000   0.0000E+00  0.0000   0.0000E+00  0.0000   4.5552E-07  1.0000
   3.1623E+03   5.6234E+03   7.2067E-07  1.0000   0.0000E+00  0.0000   0.0000E+00  0.0000   5.1560E-07  1.0000
   5.6234E+03   1.0000E+04   0.0000E+00  0.0000   0.0000E+00  0.0000   0.0000E+00  0.0000   0.0000E+00  0.0000
   1.0000E+04   1.7783E+04   0.0000E+00  0.0000   0.0000E+00  0.0000   0.0000E+00  0.0000   0.0000E+00  0.0000
   1.7783E+04   3.1623E+04   0.0000E+00  0.0000   0.0000E+00  0.0000   0.0000E+00  0.0000   0.0000E+00  0.0000
   3.1623E+04   5.6234E+04   0.0000E+00  0.0000   0.0000E+00  0.0000   0.0000E+00  0.0000   0.0000E+00  0.0000
   5.6234E+04   1.0000E+05   0.0000E+00  0.0000   0.0000E+00  0.0000   0.0000E+00  0.0000   0.0000E+00  0.0000

#   sum over                 1.6027E-03  0.2966   0.0000E+00  0.0000   1.7957E-09  1.0000   1.2250E-05  0.4528

'no. = 28, (ix,iy,iz) = (  1,  1, 28)'
msuc: {\huge Flux spectra vs depth in concrete}
msdr: {\it plotted by \ANGEL \version}
msdl: {\it calculated by \PHITS  3.36}
wt: s(0.7)
\vspace{-3}
   vol  &=&   2.8800E+07 [cm^3]
  xmin  &=&  -6.0000E+02 [cm]
  xmax  &=&   6.0000E+02 [cm]
  ymin  &=&  -6.0000E+02 [cm]
  ymax  &=&   6.0000E+02 [cm]
  zmin  &=&  -1.6000E+02 [cm]
  zmax  &=&  -1.4000E+02 [cm]
e:

#------------------------------------------------------------------------------
 newpage:
#   no. = 29   ix  =  1   iy  =  1   iz  = 29
#   x = (  -6.0000E+02  -   6.0000E+02  )
#   y = (  -6.0000E+02  -   6.0000E+02  )
#   z = (  -1.4000E+02  -  -1.2000E+02  )

x: Energy [MeV/n]
y: Flux [1/cm^2/source]              
p: xlog ylog afac(0.8) form(0.9)
h: n            x            y(neutron ),hh0l n y(muon-   ),hh0dr n y(muon+   ),hh0ub n y(proton  ),hh0mg n 
#  e-lower      e-upper        neutron   r.err      muon-     r.err      muon+     r.err      proton    r.err 
   1.0000E-10   1.7783E-10   2.5213E-09  1.0000   0.0000E+00  0.0000   0.0000E+00  0.0000   0.0000E+00  0.0000
   1.7783E-10   3.1623E-10   6.1766E-08  0.8082   0.0000E+00  0.0000   0.0000E+00  0.0000   0.0000E+00  0.0000
   3.1623E-10   5.6234E-10   7.2036E-09  0.7310   0.0000E+00  0.0000   0.0000E+00  0.0000   0.0000E+00  0.0000
   5.6234E-10   1.0000E-09   8.3099E-08  0.4602   0.0000E+00  0.0000   0.0000E+00  0.0000   0.0000E+00  0.0000
   1.0000E-09   1.7783E-09   5.1488E-07  0.4066   0.0000E+00  0.0000   0.0000E+00  0.0000   0.0000E+00  0.0000
   1.7783E-09   3.1623E-09   3.0714E-06  0.5172   0.0000E+00  0.0000   0.0000E+00  0.0000   0.0000E+00  0.0000
   3.1623E-09   5.6234E-09   8.0507E-06  0.3592   0.0000E+00  0.0000   0.0000E+00  0.0000   0.0000E+00  0.0000
   5.6234E-09   1.0000E-08   2.2372E-05  0.3046   0.0000E+00  0.0000   0.0000E+00  0.0000   0.0000E+00  0.0000
   1.0000E-08   1.7783E-08   6.1098E-05  0.3395   0.0000E+00  0.0000   0.0000E+00  0.0000   0.0000E+00  0.0000
   1.7783E-08   3.1623E-08   1.1918E-04  0.3264   0.0000E+00  0.0000   0.0000E+00  0.0000   0.0000E+00  0.0000
   3.1623E-08   5.6234E-08   2.0292E-04  0.3404   0.0000E+00  0.0000   0.0000E+00  0.0000   0.0000E+00  0.0000
   5.6234E-08   1.0000E-07   1.8755E-04  0.3288   0.0000E+00  0.0000   0.0000E+00  0.0000   0.0000E+00  0.0000
   1.0000E-07   1.7783E-07   9.1000E-05  0.3431   0.0000E+00  0.0000   0.0000E+00  0.0000   0.0000E+00  0.0000
   1.7783E-07   3.1623E-07   1.8387E-05  0.4387   0.0000E+00  0.0000   0.0000E+00  0.0000   0.0000E+00  0.0000
   3.1623E-07   5.6234E-07   1.6792E-05  0.4045   0.0000E+00  0.0000   0.0000E+00  0.0000   0.0000E+00  0.0000
   5.6234E-07   1.0000E-06   1.4869E-05  0.4865   0.0000E+00  0.0000   0.0000E+00  0.0000   0.0000E+00  0.0000
   1.0000E-06   1.7783E-06   1.4923E-05  0.4896   0.0000E+00  0.0000   0.0000E+00  0.0000   0.0000E+00  0.0000
   1.7783E-06   3.1623E-06   9.5763E-06  0.5570   0.0000E+00  0.0000   0.0000E+00  0.0000   0.0000E+00  0.0000
   3.1623E-06   5.6234E-06   1.2463E-05  0.4597   0.0000E+00  0.0000   0.0000E+00  0.0000   0.0000E+00  0.0000
   5.6234E-06   1.0000E-05   1.1883E-05  0.4311   0.0000E+00  0.0000   0.0000E+00  0.0000   0.0000E+00  0.0000
   1.0000E-05   1.7783E-05   2.0289E-05  0.3566   0.0000E+00  0.0000   0.0000E+00  0.0000   0.0000E+00  0.0000
   1.7783E-05   3.1623E-05   1.2525E-05  0.3814   0.0000E+00  0.0000   0.0000E+00  0.0000   0.0000E+00  0.0000
   3.1623E-05   5.6234E-05   1.5166E-05  0.4011   0.0000E+00  0.0000   0.0000E+00  0.0000   0.0000E+00  0.0000
   5.6234E-05   1.0000E-04   1.2220E-05  0.4153   0.0000E+00  0.0000   0.0000E+00  0.0000   0.0000E+00  0.0000
   1.0000E-04   1.7783E-04   1.4864E-05  0.3514   0.0000E+00  0.0000   0.0000E+00  0.0000   0.0000E+00  0.0000
   1.7783E-04   3.1623E-04   1.2468E-05  0.3698   0.0000E+00  0.0000   0.0000E+00  0.0000   0.0000E+00  0.0000
   3.1623E-04   5.6234E-04   1.8698E-05  0.3318   0.0000E+00  0.0000   0.0000E+00  0.0000   0.0000E+00  0.0000
   5.6234E-04   1.0000E-03   2.1028E-05  0.3932   0.0000E+00  0.0000   0.0000E+00  0.0000   3.0424E-16  0.4740
   1.0000E-03   1.7783E-03   1.0455E-05  0.3906   0.0000E+00  0.0000   7.0711E-14  1.0000   1.5971E-11  0.4105
   1.7783E-03   3.1623E-03   1.5266E-05  0.3380   0.0000E+00  0.0000   3.4547E-14  1.0000   2.5795E-11  0.4105
   3.1623E-03   5.6234E-03   1.3202E-05  0.3484   0.0000E+00  0.0000   5.1040E-14  1.0000   3.8939E-11  0.4105
   5.6234E-03   1.0000E-02   9.7656E-06  0.4641   0.0000E+00  0.0000   8.1861E-14  1.0000   5.3732E-11  0.4105
   1.0000E-02   1.7783E-02   9.5626E-06  0.3722   0.0000E+00  0.0000   1.4678E-13  1.0000   7.2069E-11  0.4105
   1.7783E-02   3.1623E-02   1.8673E-05  0.4404   0.0000E+00  0.0000   3.0304E-13  1.0000   1.0325E-10  0.4105
   3.1623E-02   5.6234E-02   1.5167E-05  0.4194   0.0000E+00  0.0000   7.0795E-13  1.0000   1.5494E-10  0.4105
   5.6234E-02   1.0000E-01   2.8063E-05  0.3372   0.0000E+00  0.0000   1.7739E-12  1.0000   2.5345E-10  0.4105
   1.0000E-01   1.7783E-01   2.0198E-05  0.3572   0.0000E+00  0.0000   4.5533E-12  1.0000   4.6769E-10  0.4105
   1.7783E-01   3.1623E-01   3.6467E-05  0.3839   0.0000E+00  0.0000   1.1910E-11  1.0000   9.9364E-10  0.4105
   3.1623E-01   5.6234E-01   3.0137E-05  0.3743   0.0000E+00  0.0000   3.1925E-11  1.0000   2.3675E-09  0.4105
   5.6234E-01   1.0000E+00   6.7367E-05  0.3326   0.0000E+00  0.0000   8.7562E-11  1.0000   5.9763E-09  0.4105
   1.0000E+00   1.7783E+00   4.9245E-05  0.3548   0.0000E+00  0.0000   2.4519E-10  1.0000   1.5393E-08  0.4105
   1.7783E+00   3.1623E+00   3.4493E-05  0.5008   0.0000E+00  0.0000   6.9742E-10  1.0000   3.9016E-08  0.4197
   3.1623E+00   5.6234E+00   5.0846E-05  0.4060   0.0000E+00  0.0000   6.5915E-10  1.0000   9.7700E-08  0.4183
   5.6234E+00   1.0000E+01   3.5038E-05  0.3664   0.0000E+00  0.0000   0.0000E+00  0.0000   2.3529E-07  0.4247
   1.0000E+01   1.7783E+01   2.9844E-05  0.4187   0.0000E+00  0.0000   0.0000E+00  0.0000   5.3124E-07  0.4768
   1.7783E+01   3.1623E+01   5.9531E-05  0.4063   0.0000E+00  0.0000   0.0000E+00  0.0000   8.4238E-07  0.4457
   3.1623E+01   5.6234E+01   6.9601E-05  0.4072   0.0000E+00  0.0000   0.0000E+00  0.0000   1.4245E-06  0.4749
   5.6234E+01   1.0000E+02   9.1333E-05  0.3626   0.0000E+00  0.0000   0.0000E+00  0.0000   2.5660E-06  0.4904
   1.0000E+02   1.7783E+02   7.9651E-05  0.3523   0.0000E+00  0.0000   0.0000E+00  0.0000   3.7797E-06  0.5939
   1.7783E+02   3.1623E+02   8.4458E-05  0.4933   0.0000E+00  0.0000   0.0000E+00  0.0000   4.6262E-07  0.7575
   3.1623E+02   5.6234E+02   1.0037E-06  0.5924   0.0000E+00  0.0000   0.0000E+00  0.0000   3.9603E-07  0.7399
   5.6234E+02   1.0000E+03   5.5894E-06  0.7387   0.0000E+00  0.0000   0.0000E+00  0.0000   8.7331E-07  1.0000
   1.0000E+03   1.7783E+03   5.0121E-07  1.0000   0.0000E+00  0.0000   0.0000E+00  0.0000   0.0000E+00  0.0000
   1.7783E+03   3.1623E+03   5.0399E-07  1.0000   0.0000E+00  0.0000   0.0000E+00  0.0000   5.6972E-07  0.9711
   3.1623E+03   5.6234E+03   9.9768E-07  1.0000   0.0000E+00  0.0000   0.0000E+00  0.0000   0.0000E+00  0.0000
   5.6234E+03   1.0000E+04   0.0000E+00  0.0000   0.0000E+00  0.0000   0.0000E+00  0.0000   0.0000E+00  0.0000
   1.0000E+04   1.7783E+04   0.0000E+00  0.0000   0.0000E+00  0.0000   0.0000E+00  0.0000   0.0000E+00  0.0000
   1.7783E+04   3.1623E+04   0.0000E+00  0.0000   0.0000E+00  0.0000   0.0000E+00  0.0000   0.0000E+00  0.0000
   3.1623E+04   5.6234E+04   0.0000E+00  0.0000   0.0000E+00  0.0000   0.0000E+00  0.0000   0.0000E+00  0.0000
   5.6234E+04   1.0000E+05   0.0000E+00  0.0000   0.0000E+00  0.0000   0.0000E+00  0.0000   0.0000E+00  0.0000

#   sum over                 1.7890E-03  0.2991   0.0000E+00  0.0000   1.7409E-09  1.0000   1.1843E-05  0.3992

'no. = 29, (ix,iy,iz) = (  1,  1, 29)'
msuc: {\huge Flux spectra vs depth in concrete}
msdr: {\it plotted by \ANGEL \version}
msdl: {\it calculated by \PHITS  3.36}
wt: s(0.7)
\vspace{-3}
   vol  &=&   2.8800E+07 [cm^3]
  xmin  &=&  -6.0000E+02 [cm]
  xmax  &=&   6.0000E+02 [cm]
  ymin  &=&  -6.0000E+02 [cm]
  ymax  &=&   6.0000E+02 [cm]
  zmin  &=&  -1.4000E+02 [cm]
  zmax  &=&  -1.2000E+02 [cm]
e:

#------------------------------------------------------------------------------
 newpage:
#   no. = 30   ix  =  1   iy  =  1   iz  = 30
#   x = (  -6.0000E+02  -   6.0000E+02  )
#   y = (  -6.0000E+02  -   6.0000E+02  )
#   z = (  -1.2000E+02  -  -1.0000E+02  )

x: Energy [MeV/n]
y: Flux [1/cm^2/source]              
p: xlog ylog afac(0.8) form(0.9)
h: n            x            y(neutron ),hh0l n y(muon-   ),hh0dr n y(muon+   ),hh0ub n y(proton  ),hh0mg n 
#  e-lower      e-upper        neutron   r.err      muon-     r.err      muon+     r.err      proton    r.err 
   1.0000E-10   1.7783E-10   0.0000E+00  0.0000   0.0000E+00  0.0000   0.0000E+00  0.0000   0.0000E+00  0.0000
   1.7783E-10   3.1623E-10   3.5745E-09  0.8308   0.0000E+00  0.0000   0.0000E+00  0.0000   0.0000E+00  0.0000
   3.1623E-10   5.6234E-10   2.3058E-07  0.7037   0.0000E+00  0.0000   0.0000E+00  0.0000   0.0000E+00  0.0000
   5.6234E-10   1.0000E-09   2.4669E-07  0.4186   0.0000E+00  0.0000   0.0000E+00  0.0000   0.0000E+00  0.0000
   1.0000E-09   1.7783E-09   1.9947E-06  0.4293   0.0000E+00  0.0000   0.0000E+00  0.0000   0.0000E+00  0.0000
   1.7783E-09   3.1623E-09   4.2199E-06  0.4375   0.0000E+00  0.0000   0.0000E+00  0.0000   0.0000E+00  0.0000
   3.1623E-09   5.6234E-09   1.0370E-05  0.4114   0.0000E+00  0.0000   0.0000E+00  0.0000   0.0000E+00  0.0000
   5.6234E-09   1.0000E-08   2.7369E-05  0.3387   0.0000E+00  0.0000   0.0000E+00  0.0000   0.0000E+00  0.0000
   1.0000E-08   1.7783E-08   6.1626E-05  0.3702   0.0000E+00  0.0000   0.0000E+00  0.0000   0.0000E+00  0.0000
   1.7783E-08   3.1623E-08   1.4417E-04  0.3513   0.0000E+00  0.0000   0.0000E+00  0.0000   0.0000E+00  0.0000
   3.1623E-08   5.6234E-08   2.4236E-04  0.3810   0.0000E+00  0.0000   0.0000E+00  0.0000   0.0000E+00  0.0000
   5.6234E-08   1.0000E-07   2.3170E-04  0.4436   0.0000E+00  0.0000   0.0000E+00  0.0000   0.0000E+00  0.0000
   1.0000E-07   1.7783E-07   8.2193E-05  0.3605   0.0000E+00  0.0000   0.0000E+00  0.0000   0.0000E+00  0.0000
   1.7783E-07   3.1623E-07   2.3109E-05  0.4081   0.0000E+00  0.0000   0.0000E+00  0.0000   0.0000E+00  0.0000
   3.1623E-07   5.6234E-07   9.5888E-06  0.3409   0.0000E+00  0.0000   0.0000E+00  0.0000   0.0000E+00  0.0000
   5.6234E-07   1.0000E-06   1.3992E-05  0.4479   0.0000E+00  0.0000   0.0000E+00  0.0000   0.0000E+00  0.0000
   1.0000E-06   1.7783E-06   1.7777E-05  0.5566   0.0000E+00  0.0000   0.0000E+00  0.0000   0.0000E+00  0.0000
   1.7783E-06   3.1623E-06   9.1582E-06  0.4201   0.0000E+00  0.0000   0.0000E+00  0.0000   0.0000E+00  0.0000
   3.1623E-06   5.6234E-06   6.4444E-06  0.3867   0.0000E+00  0.0000   0.0000E+00  0.0000   0.0000E+00  0.0000
   5.6234E-06   1.0000E-05   1.1177E-05  0.4738   0.0000E+00  0.0000   0.0000E+00  0.0000   0.0000E+00  0.0000
   1.0000E-05   1.7783E-05   1.2916E-05  0.5047   0.0000E+00  0.0000   0.0000E+00  0.0000   0.0000E+00  0.0000
   1.7783E-05   3.1623E-05   1.3126E-05  0.5977   0.0000E+00  0.0000   0.0000E+00  0.0000   0.0000E+00  0.0000
   3.1623E-05   5.6234E-05   9.2811E-06  0.4831   0.0000E+00  0.0000   0.0000E+00  0.0000   0.0000E+00  0.0000
   5.6234E-05   1.0000E-04   1.0954E-05  0.4282   0.0000E+00  0.0000   0.0000E+00  0.0000   0.0000E+00  0.0000
   1.0000E-04   1.7783E-04   1.6324E-05  0.3998   0.0000E+00  0.0000   2.3603E-18  1.0000   0.0000E+00  0.0000
   1.7783E-04   3.1623E-04   1.3265E-05  0.4817   0.0000E+00  0.0000   0.0000E+00  0.0000   0.0000E+00  0.0000
   3.1623E-04   5.6234E-04   1.6583E-05  0.4191   0.0000E+00  0.0000   0.0000E+00  0.0000   0.0000E+00  0.0000
   5.6234E-04   1.0000E-03   1.1990E-05  0.3708   0.0000E+00  0.0000   0.0000E+00  0.0000   4.5753E-16  0.3899
   1.0000E-03   1.7783E-03   1.0541E-05  0.4599   0.0000E+00  0.0000   1.4142E-13  0.7066   2.2837E-11  0.3545
   1.7783E-03   3.1623E-03   1.2201E-05  0.4357   0.0000E+00  0.0000   6.9094E-14  0.7066   3.6881E-11  0.3545
   3.1623E-03   5.6234E-03   9.4049E-06  0.4601   0.0000E+00  0.0000   1.0208E-13  0.7066   5.5674E-11  0.3545
   5.6234E-03   1.0000E-02   1.4986E-05  0.6641   0.0000E+00  0.0000   1.6372E-13  0.7066   7.6825E-11  0.3545
   1.0000E-02   1.7783E-02   7.9629E-06  0.3891   0.0000E+00  0.0000   2.9357E-13  0.7066   1.0304E-10  0.3545
   1.7783E-02   3.1623E-02   9.8432E-06  0.3573   0.0000E+00  0.0000   6.0608E-13  0.7066   1.4762E-10  0.3545
   3.1623E-02   5.6234E-02   1.1803E-05  0.4714   0.0000E+00  0.0000   1.4159E-12  0.7066   2.2153E-10  0.3545
   5.6234E-02   1.0000E-01   1.3428E-05  0.3543   0.0000E+00  0.0000   3.5477E-12  0.7066   3.6238E-10  0.3545
   1.0000E-01   1.7783E-01   2.8789E-05  0.3843   0.0000E+00  0.0000   9.1065E-12  0.7066   6.6870E-10  0.3545
   1.7783E-01   3.1623E-01   2.3509E-05  0.4250   0.0000E+00  0.0000   2.3821E-11  0.7066   1.4207E-09  0.3545
   3.1623E-01   5.6234E-01   2.7659E-05  0.3264   0.0000E+00  0.0000   6.3850E-11  0.7066   3.3794E-09  0.3547
   5.6234E-01   1.0000E+00   5.5978E-05  0.3281   0.0000E+00  0.0000   1.7512E-10  0.7066   8.3242E-09  0.3521
   1.0000E+00   1.7783E+00   6.4865E-05  0.3784   0.0000E+00  0.0000   4.9038E-10  0.7066   2.0139E-08  0.3504
   1.7783E+00   3.1623E+00   4.9123E-05  0.3548   0.0000E+00  0.0000   1.3948E-09  0.7066   5.0603E-08  0.3520
   3.1623E+00   5.6234E+00   3.4345E-05  0.3607   0.0000E+00  0.0000   1.3255E-09  0.7066   1.1595E-07  0.3643
   5.6234E+00   1.0000E+01   4.0450E-05  0.3792   0.0000E+00  0.0000   0.0000E+00  0.0000   2.5132E-07  0.3829
   1.0000E+01   1.7783E+01   5.9854E-05  0.5174   0.0000E+00  0.0000   0.0000E+00  0.0000   4.8504E-07  0.3836
   1.7783E+01   3.1623E+01   8.6547E-05  0.4097   0.0000E+00  0.0000   0.0000E+00  0.0000   8.7075E-07  0.4439
   3.1623E+01   5.6234E+01   1.4600E-04  0.5259   0.0000E+00  0.0000   0.0000E+00  0.0000   1.7244E-06  0.4872
   5.6234E+01   1.0000E+02   1.0613E-04  0.4422   0.0000E+00  0.0000   0.0000E+00  0.0000   1.4601E-06  0.5296
   1.0000E+02   1.7783E+02   1.5456E-04  0.3398   0.0000E+00  0.0000   0.0000E+00  0.0000   1.5124E-06  0.7456
   1.7783E+02   3.1623E+02   9.1073E-05  0.5250   0.0000E+00  0.0000   0.0000E+00  0.0000   1.4781E-06  0.6834
   3.1623E+02   5.6234E+02   9.9852E-06  0.8711   0.0000E+00  0.0000   0.0000E+00  0.0000   1.0377E-06  1.0000
   5.6234E+02   1.0000E+03   1.4940E-06  0.7938   0.0000E+00  0.0000   0.0000E+00  0.0000   4.0897E-07  1.0000
   1.0000E+03   1.7783E+03   1.0019E-06  1.0000   0.0000E+00  0.0000   0.0000E+00  0.0000   3.0161E-07  1.0000
   1.7783E+03   3.1623E+03   0.0000E+00  0.0000   0.0000E+00  0.0000   0.0000E+00  0.0000   1.9368E-06  0.7077
   3.1623E+03   5.6234E+03   9.9746E-07  1.0000   0.0000E+00  0.0000   0.0000E+00  0.0000   0.0000E+00  0.0000
   5.6234E+03   1.0000E+04   0.0000E+00  0.0000   0.0000E+00  0.0000   0.0000E+00  0.0000   0.0000E+00  0.0000
   1.0000E+04   1.7783E+04   0.0000E+00  0.0000   0.0000E+00  0.0000   0.0000E+00  0.0000   0.0000E+00  0.0000
   1.7783E+04   3.1623E+04   0.0000E+00  0.0000   0.0000E+00  0.0000   0.0000E+00  0.0000   0.0000E+00  0.0000
   3.1623E+04   5.6234E+04   0.0000E+00  0.0000   0.0000E+00  0.0000   0.0000E+00  0.0000   0.0000E+00  0.0000
   5.6234E+04   1.0000E+05   0.0000E+00  0.0000   0.0000E+00  0.0000   0.0000E+00  0.0000   0.0000E+00  0.0000

#   sum over                 2.0747E-03  0.3211   0.0000E+00  0.0000   3.4889E-09  0.7066   1.1669E-05  0.4614

'no. = 30, (ix,iy,iz) = (  1,  1, 30)'
msuc: {\huge Flux spectra vs depth in concrete}
msdr: {\it plotted by \ANGEL \version}
msdl: {\it calculated by \PHITS  3.36}
wt: s(0.7)
\vspace{-3}
   vol  &=&   2.8800E+07 [cm^3]
  xmin  &=&  -6.0000E+02 [cm]
  xmax  &=&   6.0000E+02 [cm]
  ymin  &=&  -6.0000E+02 [cm]
  ymax  &=&   6.0000E+02 [cm]
  zmin  &=&  -1.2000E+02 [cm]
  zmax  &=&  -1.0000E+02 [cm]
e:

#------------------------------------------------------------------------------
 newpage:
#   no. = 31   ix  =  1   iy  =  1   iz  = 31
#   x = (  -6.0000E+02  -   6.0000E+02  )
#   y = (  -6.0000E+02  -   6.0000E+02  )
#   z = (  -1.0000E+02  -  -8.0000E+01  )

x: Energy [MeV/n]
y: Flux [1/cm^2/source]              
p: xlog ylog afac(0.8) form(0.9)
h: n            x            y(neutron ),hh0l n y(muon-   ),hh0dr n y(muon+   ),hh0ub n y(proton  ),hh0mg n 
#  e-lower      e-upper        neutron   r.err      muon-     r.err      muon+     r.err      proton    r.err 
   1.0000E-10   1.7783E-10   0.0000E+00  0.0000   0.0000E+00  0.0000   0.0000E+00  0.0000   0.0000E+00  0.0000
   1.7783E-10   3.1623E-10   8.5961E-10  1.0000   0.0000E+00  0.0000   0.0000E+00  0.0000   0.0000E+00  0.0000
   3.1623E-10   5.6234E-10   1.2485E-07  0.6525   0.0000E+00  0.0000   0.0000E+00  0.0000   0.0000E+00  0.0000
   5.6234E-10   1.0000E-09   2.1701E-07  0.6139   0.0000E+00  0.0000   0.0000E+00  0.0000   0.0000E+00  0.0000
   1.0000E-09   1.7783E-09   1.5499E-06  0.4034   0.0000E+00  0.0000   0.0000E+00  0.0000   0.0000E+00  0.0000
   1.7783E-09   3.1623E-09   4.0287E-06  0.5429   0.0000E+00  0.0000   0.0000E+00  0.0000   0.0000E+00  0.0000
   3.1623E-09   5.6234E-09   1.1654E-05  0.3899   0.0000E+00  0.0000   0.0000E+00  0.0000   0.0000E+00  0.0000
   5.6234E-09   1.0000E-08   5.0698E-05  0.3651   0.0000E+00  0.0000   0.0000E+00  0.0000   0.0000E+00  0.0000
   1.0000E-08   1.7783E-08   9.3532E-05  0.3893   0.0000E+00  0.0000   0.0000E+00  0.0000   0.0000E+00  0.0000
   1.7783E-08   3.1623E-08   2.6226E-04  0.4182   0.0000E+00  0.0000   0.0000E+00  0.0000   0.0000E+00  0.0000
   3.1623E-08   5.6234E-08   3.4111E-04  0.3985   0.0000E+00  0.0000   0.0000E+00  0.0000   0.0000E+00  0.0000
   5.6234E-08   1.0000E-07   2.8780E-04  0.3742   0.0000E+00  0.0000   0.0000E+00  0.0000   0.0000E+00  0.0000
   1.0000E-07   1.7783E-07   8.2870E-05  0.3408   0.0000E+00  0.0000   0.0000E+00  0.0000   0.0000E+00  0.0000
   1.7783E-07   3.1623E-07   1.5404E-05  0.3384   0.0000E+00  0.0000   0.0000E+00  0.0000   0.0000E+00  0.0000
   3.1623E-07   5.6234E-07   1.4135E-05  0.4727   0.0000E+00  0.0000   0.0000E+00  0.0000   0.0000E+00  0.0000
   5.6234E-07   1.0000E-06   1.7250E-05  0.4314   0.0000E+00  0.0000   0.0000E+00  0.0000   0.0000E+00  0.0000
   1.0000E-06   1.7783E-06   1.4403E-05  0.5197   0.0000E+00  0.0000   0.0000E+00  0.0000   0.0000E+00  0.0000
   1.7783E-06   3.1623E-06   1.0748E-05  0.4792   0.0000E+00  0.0000   0.0000E+00  0.0000   0.0000E+00  0.0000
   3.1623E-06   5.6234E-06   2.2959E-05  0.4693   0.0000E+00  0.0000   0.0000E+00  0.0000   0.0000E+00  0.0000
   5.6234E-06   1.0000E-05   1.2750E-05  0.4342   0.0000E+00  0.0000   0.0000E+00  0.0000   0.0000E+00  0.0000
   1.0000E-05   1.7783E-05   6.9941E-06  0.4766   0.0000E+00  0.0000   0.0000E+00  0.0000   0.0000E+00  0.0000
   1.7783E-05   3.1623E-05   2.2452E-05  0.4015   0.0000E+00  0.0000   0.0000E+00  0.0000   0.0000E+00  0.0000
   3.1623E-05   5.6234E-05   1.7289E-05  0.4383   0.0000E+00  0.0000   0.0000E+00  0.0000   0.0000E+00  0.0000
   5.6234E-05   1.0000E-04   1.5400E-05  0.6432   0.0000E+00  0.0000   0.0000E+00  0.0000   0.0000E+00  0.0000
   1.0000E-04   1.7783E-04   3.2010E-05  0.6029   0.0000E+00  0.0000   0.0000E+00  0.0000   0.0000E+00  0.0000
   1.7783E-04   3.1623E-04   6.2373E-06  0.4834   0.0000E+00  0.0000   0.0000E+00  0.0000   0.0000E+00  0.0000
   3.1623E-04   5.6234E-04   2.3955E-05  0.5539   0.0000E+00  0.0000   0.0000E+00  0.0000   0.0000E+00  0.0000
   5.6234E-04   1.0000E-03   1.6428E-05  0.4407   0.0000E+00  0.0000   0.0000E+00  0.0000   7.7116E-16  0.3809
   1.0000E-03   1.7783E-03   1.6608E-05  0.5559   0.0000E+00  0.0000   1.4142E-13  1.0000   2.8944E-11  0.3671
   1.7783E-03   3.1623E-03   1.7565E-05  0.4597   0.0000E+00  0.0000   6.9094E-14  1.0000   4.6810E-11  0.3671
   3.1623E-03   5.6234E-03   1.2446E-05  0.4981   0.0000E+00  0.0000   1.0208E-13  1.0000   7.0662E-11  0.3671
   5.6234E-03   1.0000E-02   1.9661E-05  0.6461   0.0000E+00  0.0000   1.6372E-13  1.0000   9.7509E-11  0.3671
   1.0000E-02   1.7783E-02   1.3328E-05  0.3540   0.0000E+00  0.0000   2.9357E-13  1.0000   1.3078E-10  0.3671
   1.7783E-02   3.1623E-02   3.6808E-05  0.5234   0.0000E+00  0.0000   6.0608E-13  1.0000   1.8737E-10  0.3671
   3.1623E-02   5.6234E-02   9.5461E-06  0.4308   0.0000E+00  0.0000   1.4159E-12  1.0000   2.8117E-10  0.3671
   5.6234E-02   1.0000E-01   3.8095E-05  0.4124   0.0000E+00  0.0000   3.5477E-12  1.0000   4.5995E-10  0.3671
   1.0000E-01   1.7783E-01   5.1212E-05  0.4524   0.0000E+00  0.0000   9.1065E-12  1.0000   8.4873E-10  0.3671
   1.7783E-01   3.1623E-01   2.2363E-05  0.5648   0.0000E+00  0.0000   2.3821E-11  1.0000   1.8032E-09  0.3671
   3.1623E-01   5.6234E-01   3.9963E-05  0.5593   0.0000E+00  0.0000   6.3850E-11  1.0000   4.2963E-09  0.3671
   5.6234E-01   1.0000E+00   7.9331E-05  0.4564   0.0000E+00  0.0000   1.7512E-10  1.0000   1.0845E-08  0.3671
   1.0000E+00   1.7783E+00   6.3842E-05  0.3966   0.0000E+00  0.0000   4.9038E-10  1.0000   2.7934E-08  0.3671
   1.7783E+00   3.1623E+00   1.0599E-04  0.3985   0.0000E+00  0.0000   1.3948E-09  1.0000   6.3025E-08  0.3755
   3.1623E+00   5.6234E+00   8.7620E-05  0.4372   0.0000E+00  0.0000   1.3183E-09  1.0000   1.5674E-07  0.3951
   5.6234E+00   1.0000E+01   9.4260E-05  0.4391   0.0000E+00  0.0000   0.0000E+00  0.0000   4.0587E-07  0.4150
   1.0000E+01   1.7783E+01   7.2600E-05  0.6548   0.0000E+00  0.0000   0.0000E+00  0.0000   8.5475E-07  0.4769
   1.7783E+01   3.1623E+01   2.3005E-05  0.5003   0.0000E+00  0.0000   0.0000E+00  0.0000   1.8934E-06  0.5165
   3.1623E+01   5.6234E+01   6.2623E-05  0.5089   0.0000E+00  0.0000   0.0000E+00  0.0000   3.6113E-06  0.6073
   5.6234E+01   1.0000E+02   5.3178E-05  0.5910   0.0000E+00  0.0000   0.0000E+00  0.0000   4.5505E-06  0.5768
   1.0000E+02   1.7783E+02   1.8381E-04  0.3761   0.0000E+00  0.0000   0.0000E+00  0.0000   3.0467E-06  0.6472
   1.7783E+02   3.1623E+02   1.0964E-04  0.5120   0.0000E+00  0.0000   0.0000E+00  0.0000   1.9464E-06  0.7068
   3.1623E+02   5.6234E+02   2.3723E-05  0.6820   0.0000E+00  0.0000   0.0000E+00  0.0000   7.2715E-07  0.7105
   5.6234E+02   1.0000E+03   1.5182E-06  1.0000   0.0000E+00  0.0000   0.0000E+00  0.0000   8.4723E-07  1.0000
   1.0000E+03   1.7783E+03   3.0048E-07  1.0000   0.0000E+00  0.0000   0.0000E+00  0.0000   8.4969E-07  1.0000
   1.7783E+03   3.1623E+03   3.5914E-08  1.0000   0.0000E+00  0.0000   0.0000E+00  0.0000   3.3186E-06  0.7241
   3.1623E+03   5.6234E+03   1.6357E-06  1.0000   0.0000E+00  0.0000   0.0000E+00  0.0000   0.0000E+00  0.0000
   5.6234E+03   1.0000E+04   0.0000E+00  0.0000   0.0000E+00  0.0000   0.0000E+00  0.0000   0.0000E+00  0.0000
   1.0000E+04   1.7783E+04   0.0000E+00  0.0000   0.0000E+00  0.0000   0.0000E+00  0.0000   0.0000E+00  0.0000
   1.7783E+04   3.1623E+04   0.0000E+00  0.0000   0.0000E+00  0.0000   0.0000E+00  0.0000   0.0000E+00  0.0000
   3.1623E+04   5.6234E+04   0.0000E+00  0.0000   0.0000E+00  0.0000   0.0000E+00  0.0000   0.0000E+00  0.0000
   5.6234E+04   1.0000E+05   0.0000E+00  0.0000   0.0000E+00  0.0000   0.0000E+00  0.0000   0.0000E+00  0.0000

#   sum over                 2.6250E-03  0.3271   0.0000E+00  0.0000   3.4818E-09  1.0000   2.2318E-05  0.4163

'no. = 31, (ix,iy,iz) = (  1,  1, 31)'
msuc: {\huge Flux spectra vs depth in concrete}
msdr: {\it plotted by \ANGEL \version}
msdl: {\it calculated by \PHITS  3.36}
wt: s(0.7)
\vspace{-3}
   vol  &=&   2.8800E+07 [cm^3]
  xmin  &=&  -6.0000E+02 [cm]
  xmax  &=&   6.0000E+02 [cm]
  ymin  &=&  -6.0000E+02 [cm]
  ymax  &=&   6.0000E+02 [cm]
  zmin  &=&  -1.0000E+02 [cm]
  zmax  &=&  -8.0000E+01 [cm]
e:

#------------------------------------------------------------------------------
 newpage:
#   no. = 32   ix  =  1   iy  =  1   iz  = 32
#   x = (  -6.0000E+02  -   6.0000E+02  )
#   y = (  -6.0000E+02  -   6.0000E+02  )
#   z = (  -8.0000E+01  -  -6.0000E+01  )

x: Energy [MeV/n]
y: Flux [1/cm^2/source]              
p: xlog ylog afac(0.8) form(0.9)
h: n            x            y(neutron ),hh0l n y(muon-   ),hh0dr n y(muon+   ),hh0ub n y(proton  ),hh0mg n 
#  e-lower      e-upper        neutron   r.err      muon-     r.err      muon+     r.err      proton    r.err 
   1.0000E-10   1.7783E-10   2.8091E-08  1.0000   0.0000E+00  0.0000   0.0000E+00  0.0000   0.0000E+00  0.0000
   1.7783E-10   3.1623E-10   0.0000E+00  0.0000   0.0000E+00  0.0000   0.0000E+00  0.0000   0.0000E+00  0.0000
   3.1623E-10   5.6234E-10   4.2675E-08  0.6319   0.0000E+00  0.0000   0.0000E+00  0.0000   0.0000E+00  0.0000
   5.6234E-10   1.0000E-09   7.1444E-07  0.7770   0.0000E+00  0.0000   0.0000E+00  0.0000   0.0000E+00  0.0000
   1.0000E-09   1.7783E-09   1.5399E-06  0.4216   0.0000E+00  0.0000   0.0000E+00  0.0000   0.0000E+00  0.0000
   1.7783E-09   3.1623E-09   8.4427E-06  0.4074   0.0000E+00  0.0000   0.0000E+00  0.0000   0.0000E+00  0.0000
   3.1623E-09   5.6234E-09   1.9072E-05  0.2757   0.0000E+00  0.0000   0.0000E+00  0.0000   0.0000E+00  0.0000
   5.6234E-09   1.0000E-08   4.6515E-05  0.3114   0.0000E+00  0.0000   0.0000E+00  0.0000   0.0000E+00  0.0000
   1.0000E-08   1.7783E-08   1.0232E-04  0.2816   0.0000E+00  0.0000   0.0000E+00  0.0000   0.0000E+00  0.0000
   1.7783E-08   3.1623E-08   2.3463E-04  0.2862   0.0000E+00  0.0000   0.0000E+00  0.0000   0.0000E+00  0.0000
   3.1623E-08   5.6234E-08   3.8847E-04  0.2906   0.0000E+00  0.0000   0.0000E+00  0.0000   0.0000E+00  0.0000
   5.6234E-08   1.0000E-07   2.9776E-04  0.2743   0.0000E+00  0.0000   0.0000E+00  0.0000   0.0000E+00  0.0000
   1.0000E-07   1.7783E-07   1.6798E-04  0.2735   0.0000E+00  0.0000   0.0000E+00  0.0000   0.0000E+00  0.0000
   1.7783E-07   3.1623E-07   3.4526E-05  0.2880   0.0000E+00  0.0000   0.0000E+00  0.0000   0.0000E+00  0.0000
   3.1623E-07   5.6234E-07   1.4560E-05  0.4182   0.0000E+00  0.0000   0.0000E+00  0.0000   0.0000E+00  0.0000
   5.6234E-07   1.0000E-06   2.9648E-05  0.3890   0.0000E+00  0.0000   0.0000E+00  0.0000   0.0000E+00  0.0000
   1.0000E-06   1.7783E-06   2.1906E-05  0.4777   0.0000E+00  0.0000   0.0000E+00  0.0000   0.0000E+00  0.0000
   1.7783E-06   3.1623E-06   1.8362E-05  0.3730   0.0000E+00  0.0000   0.0000E+00  0.0000   0.0000E+00  0.0000
   3.1623E-06   5.6234E-06   2.0863E-05  0.3834   0.0000E+00  0.0000   0.0000E+00  0.0000   0.0000E+00  0.0000
   5.6234E-06   1.0000E-05   7.7952E-06  0.3565   0.0000E+00  0.0000   0.0000E+00  0.0000   0.0000E+00  0.0000
   1.0000E-05   1.7783E-05   1.8487E-05  0.6651   0.0000E+00  0.0000   0.0000E+00  0.0000   0.0000E+00  0.0000
   1.7783E-05   3.1623E-05   2.0485E-05  0.4199   0.0000E+00  0.0000   0.0000E+00  0.0000   0.0000E+00  0.0000
   3.1623E-05   5.6234E-05   4.0637E-05  0.3882   0.0000E+00  0.0000   0.0000E+00  0.0000   0.0000E+00  0.0000
   5.6234E-05   1.0000E-04   3.2853E-05  0.3281   0.0000E+00  0.0000   0.0000E+00  0.0000   0.0000E+00  0.0000
   1.0000E-04   1.7783E-04   3.0853E-05  0.3377   0.0000E+00  0.0000   6.3673E-17  1.0000   0.0000E+00  0.0000
   1.7783E-04   3.1623E-04   4.0386E-05  0.5053   0.0000E+00  0.0000   0.0000E+00  0.0000   0.0000E+00  0.0000
   3.1623E-04   5.6234E-04   2.7560E-05  0.4127   0.0000E+00  0.0000   0.0000E+00  0.0000   0.0000E+00  0.0000
   5.6234E-04   1.0000E-03   1.4659E-05  0.3474   0.0000E+00  0.0000   0.0000E+00  0.0000   9.1981E-16  0.3834
   1.0000E-03   1.7783E-03   2.2322E-05  0.5211   0.0000E+00  0.0000   1.9074E-12  1.0000   3.9980E-11  0.3423
   1.7783E-03   3.1623E-03   3.2330E-05  0.3587   0.0000E+00  0.0000   9.3187E-13  1.0000   6.4613E-11  0.3425
   3.1623E-03   5.6234E-03   1.0154E-05  0.4120   0.0000E+00  0.0000   1.3768E-12  1.0000   9.7537E-11  0.3425
   5.6234E-03   1.0000E-02   1.8011E-05  0.3949   0.0000E+00  0.0000   2.2081E-12  1.0000   1.3459E-10  0.3425
   1.0000E-02   1.7783E-02   1.7035E-05  0.3998   0.0000E+00  0.0000   3.9593E-12  1.0000   1.8052E-10  0.3425
   1.7783E-02   3.1623E-02   2.5262E-05  0.3347   0.0000E+00  0.0000   8.1741E-12  1.0000   2.5863E-10  0.3425
   3.1623E-02   5.6234E-02   4.2534E-05  0.3848   0.0000E+00  0.0000   1.9096E-11  1.0000   3.8810E-10  0.3425
   5.6234E-02   1.0000E-01   3.0039E-05  0.4475   0.0000E+00  0.0000   4.7848E-11  1.0000   6.3487E-10  0.3425
   1.0000E-01   1.7783E-01   5.1570E-05  0.4282   0.0000E+00  0.0000   1.2282E-10  1.0000   1.1715E-09  0.3425
   1.7783E-01   3.1623E-01   5.0026E-05  0.4187   0.0000E+00  0.0000   3.2127E-10  1.0000   2.4889E-09  0.3425
   3.1623E-01   5.6234E-01   5.0941E-05  0.3543   0.0000E+00  0.0000   8.6115E-10  1.0000   5.9170E-09  0.3430
   5.6234E-01   1.0000E+00   8.0920E-05  0.3816   0.0000E+00  0.0000   2.3619E-09  1.0000   1.4906E-08  0.3435
   1.0000E+00   1.7783E+00   8.7118E-05  0.3104   0.0000E+00  0.0000   6.6137E-09  1.0000   3.8156E-08  0.3454
   1.7783E+00   3.1623E+00   1.3233E-04  0.3847   0.0000E+00  0.0000   1.8812E-08  1.0000   9.6276E-08  0.3505
   3.1623E+00   5.6234E+00   1.0547E-04  0.4001   0.0000E+00  0.0000   1.7780E-08  1.0000   2.3967E-07  0.3514
   5.6234E+00   1.0000E+01   1.4972E-04  0.4552   0.0000E+00  0.0000   0.0000E+00  0.0000   5.6917E-07  0.3583
   1.0000E+01   1.7783E+01   4.5408E-05  0.4906   0.0000E+00  0.0000   0.0000E+00  0.0000   1.4227E-06  0.3599
   1.7783E+01   3.1623E+01   8.9058E-05  0.5024   0.0000E+00  0.0000   0.0000E+00  0.0000   3.3733E-06  0.3605
   3.1623E+01   5.6234E+01   1.4444E-05  0.3561   0.0000E+00  0.0000   0.0000E+00  0.0000   5.9573E-06  0.4006
   5.6234E+01   1.0000E+02   1.3713E-04  0.4005   0.0000E+00  0.0000   0.0000E+00  0.0000   9.8667E-06  0.4146
   1.0000E+02   1.7783E+02   2.0188E-04  0.4015   0.0000E+00  0.0000   0.0000E+00  0.0000   1.7132E-05  0.8451
   1.7783E+02   3.1623E+02   1.6238E-04  0.4310   0.0000E+00  0.0000   0.0000E+00  0.0000   1.5942E-05  0.8689
   3.1623E+02   5.6234E+02   5.5241E-05  0.7685   0.0000E+00  0.0000   0.0000E+00  0.0000   1.0474E-05  0.8372
   5.6234E+02   1.0000E+03   5.4713E-06  1.0000   0.0000E+00  0.0000   0.0000E+00  0.0000   1.8060E-06  0.8154
   1.0000E+03   1.7783E+03   0.0000E+00  0.0000   0.0000E+00  0.0000   0.0000E+00  0.0000   0.0000E+00  0.0000
   1.7783E+03   3.1623E+03   0.0000E+00  0.0000   0.0000E+00  0.0000   0.0000E+00  0.0000   4.1001E-06  0.7067
   3.1623E+03   5.6234E+03   1.9618E-06  1.0000   0.0000E+00  0.0000   0.0000E+00  0.0000   0.0000E+00  0.0000
   5.6234E+03   1.0000E+04   0.0000E+00  0.0000   0.0000E+00  0.0000   0.0000E+00  0.0000   0.0000E+00  0.0000
   1.0000E+04   1.7783E+04   0.0000E+00  0.0000   0.0000E+00  0.0000   0.0000E+00  0.0000   0.0000E+00  0.0000
   1.7783E+04   3.1623E+04   0.0000E+00  0.0000   0.0000E+00  0.0000   0.0000E+00  0.0000   0.0000E+00  0.0000
   3.1623E+04   5.6234E+04   0.0000E+00  0.0000   0.0000E+00  0.0000   0.0000E+00  0.0000   0.0000E+00  0.0000
   5.6234E+04   1.0000E+05   0.0000E+00  0.0000   0.0000E+00  0.0000   0.0000E+00  0.0000   0.0000E+00  0.0000

#   sum over                 3.2598E-03  0.2572   0.0000E+00  0.0000   4.6958E-08  1.0000   7.1044E-05  0.6267

'no. = 32, (ix,iy,iz) = (  1,  1, 32)'
msuc: {\huge Flux spectra vs depth in concrete}
msdr: {\it plotted by \ANGEL \version}
msdl: {\it calculated by \PHITS  3.36}
wt: s(0.7)
\vspace{-3}
   vol  &=&   2.8800E+07 [cm^3]
  xmin  &=&  -6.0000E+02 [cm]
  xmax  &=&   6.0000E+02 [cm]
  ymin  &=&  -6.0000E+02 [cm]
  ymax  &=&   6.0000E+02 [cm]
  zmin  &=&  -8.0000E+01 [cm]
  zmax  &=&  -6.0000E+01 [cm]
e:

#------------------------------------------------------------------------------
 newpage:
#   no. = 33   ix  =  1   iy  =  1   iz  = 33
#   x = (  -6.0000E+02  -   6.0000E+02  )
#   y = (  -6.0000E+02  -   6.0000E+02  )
#   z = (  -6.0000E+01  -  -4.0000E+01  )

x: Energy [MeV/n]
y: Flux [1/cm^2/source]              
p: xlog ylog afac(0.8) form(0.9)
h: n            x            y(neutron ),hh0l n y(muon-   ),hh0dr n y(muon+   ),hh0ub n y(proton  ),hh0mg n 
#  e-lower      e-upper        neutron   r.err      muon-     r.err      muon+     r.err      proton    r.err 
   1.0000E-10   1.7783E-10   1.6591E-08  0.8093   0.0000E+00  0.0000   0.0000E+00  0.0000   0.0000E+00  0.0000
   1.7783E-10   3.1623E-10   2.8649E-07  0.9565   0.0000E+00  0.0000   0.0000E+00  0.0000   0.0000E+00  0.0000
   3.1623E-10   5.6234E-10   1.4771E-07  0.6185   0.0000E+00  0.0000   0.0000E+00  0.0000   0.0000E+00  0.0000
   5.6234E-10   1.0000E-09   5.2080E-07  0.4475   0.0000E+00  0.0000   0.0000E+00  0.0000   0.0000E+00  0.0000
   1.0000E-09   1.7783E-09   7.7083E-07  0.3025   0.0000E+00  0.0000   0.0000E+00  0.0000   0.0000E+00  0.0000
   1.7783E-09   3.1623E-09   7.6244E-06  0.3203   0.0000E+00  0.0000   0.0000E+00  0.0000   0.0000E+00  0.0000
   3.1623E-09   5.6234E-09   2.0513E-05  0.3080   0.0000E+00  0.0000   0.0000E+00  0.0000   0.0000E+00  0.0000
   5.6234E-09   1.0000E-08   6.2065E-05  0.2478   0.0000E+00  0.0000   0.0000E+00  0.0000   0.0000E+00  0.0000
   1.0000E-08   1.7783E-08   1.6509E-04  0.2468   0.0000E+00  0.0000   0.0000E+00  0.0000   0.0000E+00  0.0000
   1.7783E-08   3.1623E-08   3.2034E-04  0.2285   0.0000E+00  0.0000   0.0000E+00  0.0000   0.0000E+00  0.0000
   3.1623E-08   5.6234E-08   4.9781E-04  0.2360   0.0000E+00  0.0000   0.0000E+00  0.0000   0.0000E+00  0.0000
   5.6234E-08   1.0000E-07   5.2239E-04  0.2469   0.0000E+00  0.0000   0.0000E+00  0.0000   0.0000E+00  0.0000
   1.0000E-07   1.7783E-07   1.9305E-04  0.2863   0.0000E+00  0.0000   0.0000E+00  0.0000   0.0000E+00  0.0000
   1.7783E-07   3.1623E-07   3.9569E-05  0.3537   0.0000E+00  0.0000   0.0000E+00  0.0000   0.0000E+00  0.0000
   3.1623E-07   5.6234E-07   1.8169E-05  0.4163   0.0000E+00  0.0000   0.0000E+00  0.0000   0.0000E+00  0.0000
   5.6234E-07   1.0000E-06   2.4799E-05  0.3982   0.0000E+00  0.0000   0.0000E+00  0.0000   0.0000E+00  0.0000
   1.0000E-06   1.7783E-06   2.4789E-05  0.4010   0.0000E+00  0.0000   0.0000E+00  0.0000   0.0000E+00  0.0000
   1.7783E-06   3.1623E-06   2.4873E-05  0.3492   0.0000E+00  0.0000   0.0000E+00  0.0000   0.0000E+00  0.0000
   3.1623E-06   5.6234E-06   5.4385E-05  0.3426   0.0000E+00  0.0000   0.0000E+00  0.0000   0.0000E+00  0.0000
   5.6234E-06   1.0000E-05   5.0516E-05  0.4299   0.0000E+00  0.0000   0.0000E+00  0.0000   0.0000E+00  0.0000
   1.0000E-05   1.7783E-05   4.4887E-05  0.4066   0.0000E+00  0.0000   0.0000E+00  0.0000   0.0000E+00  0.0000
   1.7783E-05   3.1623E-05   2.6773E-05  0.3566   0.0000E+00  0.0000   0.0000E+00  0.0000   0.0000E+00  0.0000
   3.1623E-05   5.6234E-05   2.3475E-05  0.4496   0.0000E+00  0.0000   0.0000E+00  0.0000   0.0000E+00  0.0000
   5.6234E-05   1.0000E-04   3.7786E-05  0.4329   0.0000E+00  0.0000   0.0000E+00  0.0000   0.0000E+00  0.0000
   1.0000E-04   1.7783E-04   1.7589E-05  0.4072   0.0000E+00  0.0000   9.4422E-18  1.0000   0.0000E+00  0.0000
   1.7783E-04   3.1623E-04   1.5940E-05  0.4581   0.0000E+00  0.0000   0.0000E+00  0.0000   0.0000E+00  0.0000
   3.1623E-04   5.6234E-04   1.9284E-05  0.3705   0.0000E+00  0.0000   0.0000E+00  0.0000   0.0000E+00  0.0000
   5.6234E-04   1.0000E-03   3.9106E-05  0.6571   0.0000E+00  0.0000   0.0000E+00  0.0000   7.9490E-16  0.4055
   1.0000E-03   1.7783E-03   2.8213E-05  0.3955   0.0000E+00  0.0000   2.8285E-13  1.0000   4.6852E-11  0.3767
   1.7783E-03   3.1623E-03   1.8413E-05  0.3278   0.0000E+00  0.0000   1.3819E-13  1.0000   7.5661E-11  0.3767
   3.1623E-03   5.6234E-03   1.5264E-05  0.3662   0.0000E+00  0.0000   2.0416E-13  1.0000   1.1421E-10  0.3767
   5.6234E-03   1.0000E-02   3.6985E-05  0.3856   0.0000E+00  0.0000   3.2744E-13  1.0000   1.5761E-10  0.3767
   1.0000E-02   1.7783E-02   1.7330E-05  0.4127   0.0000E+00  0.0000   5.8714E-13  1.0000   2.1139E-10  0.3767
   1.7783E-02   3.1623E-02   3.0587E-05  0.5136   0.0000E+00  0.0000   1.2122E-12  1.0000   3.0285E-10  0.3767
   3.1623E-02   5.6234E-02   5.6213E-05  0.4799   0.0000E+00  0.0000   2.8318E-12  1.0000   4.5446E-10  0.3767
   5.6234E-02   1.0000E-01   6.1705E-05  0.4303   0.0000E+00  0.0000   7.0955E-12  1.0000   7.4343E-10  0.3767
   1.0000E-01   1.7783E-01   3.3299E-05  0.3038   0.0000E+00  0.0000   1.8213E-11  1.0000   1.3718E-09  0.3767
   1.7783E-01   3.1623E-01   9.3277E-05  0.4667   0.0000E+00  0.0000   4.7642E-11  1.0000   2.9145E-09  0.3767
   3.1623E-01   5.6234E-01   7.6642E-05  0.5656   0.0000E+00  0.0000   1.2770E-10  1.0000   6.9443E-09  0.3767
   5.6234E-01   1.0000E+00   4.2250E-05  0.3855   0.0000E+00  0.0000   3.5025E-10  1.0000   1.7506E-08  0.3770
   1.0000E+00   1.7783E+00   9.9756E-05  0.5771   0.0000E+00  0.0000   9.8075E-10  1.0000   4.4838E-08  0.3783
   1.7783E+00   3.1623E+00   8.5920E-05  0.4962   0.0000E+00  0.0000   2.7897E-09  1.0000   1.1452E-07  0.3835
   3.1623E+00   5.6234E+00   4.9320E-05  0.3417   0.0000E+00  0.0000   2.6366E-09  1.0000   2.4002E-07  0.3580
   5.6234E+00   1.0000E+01   5.0836E-05  0.3906   0.0000E+00  0.0000   0.0000E+00  0.0000   4.7787E-07  0.3485
   1.0000E+01   1.7783E+01   6.0810E-05  0.5719   0.0000E+00  0.0000   0.0000E+00  0.0000   9.2413E-07  0.4018
   1.7783E+01   3.1623E+01   3.5611E-05  0.5166   0.0000E+00  0.0000   0.0000E+00  0.0000   1.6875E-06  0.4231
   3.1623E+01   5.6234E+01   7.2951E-05  0.5332   0.0000E+00  0.0000   0.0000E+00  0.0000   2.6553E-06  0.4996
   5.6234E+01   1.0000E+02   1.7961E-04  0.3941   0.0000E+00  0.0000   0.0000E+00  0.0000   6.4065E-06  0.5802
   1.0000E+02   1.7783E+02   2.0760E-04  0.4222   0.0000E+00  0.0000   0.0000E+00  0.0000   1.4040E-05  0.6450
   1.7783E+02   3.1623E+02   2.2310E-04  0.4118   0.0000E+00  0.0000   0.0000E+00  0.0000   3.4483E-05  0.5851
   3.1623E+02   5.6234E+02   7.8749E-05  0.7514   0.0000E+00  0.0000   0.0000E+00  0.0000   3.0563E-05  0.8823
   5.6234E+02   1.0000E+03   3.2764E-06  1.0000   0.0000E+00  0.0000   0.0000E+00  0.0000   1.7328E-05  0.7821
   1.0000E+03   1.7783E+03   9.1194E-07  1.0000   0.0000E+00  0.0000   0.0000E+00  0.0000   0.0000E+00  0.0000
   1.7783E+03   3.1623E+03   0.0000E+00  0.0000   0.0000E+00  0.0000   0.0000E+00  0.0000   3.2720E-06  0.7132
   3.1623E+03   5.6234E+03   1.9746E-06  1.0000   0.0000E+00  0.0000   0.0000E+00  0.0000   8.0775E-07  0.7647
   5.6234E+03   1.0000E+04   0.0000E+00  0.0000   0.0000E+00  0.0000   0.0000E+00  0.0000   0.0000E+00  0.0000
   1.0000E+04   1.7783E+04   0.0000E+00  0.0000   0.0000E+00  0.0000   0.0000E+00  0.0000   0.0000E+00  0.0000
   1.7783E+04   3.1623E+04   0.0000E+00  0.0000   0.0000E+00  0.0000   0.0000E+00  0.0000   0.0000E+00  0.0000
   3.1623E+04   5.6234E+04   0.0000E+00  0.0000   0.0000E+00  0.0000   0.0000E+00  0.0000   0.0000E+00  0.0000
   5.6234E+04   1.0000E+05   0.0000E+00  0.0000   0.0000E+00  0.0000   0.0000E+00  0.0000   0.0000E+00  0.0000

#   sum over                 3.9132E-03  0.2256   0.0000E+00  0.0000   6.9635E-09  1.0000   1.1308E-04  0.5614

'no. = 33, (ix,iy,iz) = (  1,  1, 33)'
msuc: {\huge Flux spectra vs depth in concrete}
msdr: {\it plotted by \ANGEL \version}
msdl: {\it calculated by \PHITS  3.36}
wt: s(0.7)
\vspace{-3}
   vol  &=&   2.8800E+07 [cm^3]
  xmin  &=&  -6.0000E+02 [cm]
  xmax  &=&   6.0000E+02 [cm]
  ymin  &=&  -6.0000E+02 [cm]
  ymax  &=&   6.0000E+02 [cm]
  zmin  &=&  -6.0000E+01 [cm]
  zmax  &=&  -4.0000E+01 [cm]
e:

#------------------------------------------------------------------------------
 newpage:
#   no. = 34   ix  =  1   iy  =  1   iz  = 34
#   x = (  -6.0000E+02  -   6.0000E+02  )
#   y = (  -6.0000E+02  -   6.0000E+02  )
#   z = (  -4.0000E+01  -  -2.0000E+01  )

x: Energy [MeV/n]
y: Flux [1/cm^2/source]              
p: xlog ylog afac(0.8) form(0.9)
h: n            x            y(neutron ),hh0l n y(muon-   ),hh0dr n y(muon+   ),hh0ub n y(proton  ),hh0mg n 
#  e-lower      e-upper        neutron   r.err      muon-     r.err      muon+     r.err      proton    r.err 
   1.0000E-10   1.7783E-10   4.3314E-09  1.0000   0.0000E+00  0.0000   0.0000E+00  0.0000   0.0000E+00  0.0000
   1.7783E-10   3.1623E-10   1.6158E-07  1.0000   0.0000E+00  0.0000   0.0000E+00  0.0000   0.0000E+00  0.0000
   3.1623E-10   5.6234E-10   1.9510E-08  0.7203   0.0000E+00  0.0000   0.0000E+00  0.0000   0.0000E+00  0.0000
   5.6234E-10   1.0000E-09   7.3214E-07  0.5322   0.0000E+00  0.0000   0.0000E+00  0.0000   0.0000E+00  0.0000
   1.0000E-09   1.7783E-09   2.0064E-06  0.5286   0.0000E+00  0.0000   0.0000E+00  0.0000   0.0000E+00  0.0000
   1.7783E-09   3.1623E-09   5.2015E-06  0.4079   0.0000E+00  0.0000   0.0000E+00  0.0000   0.0000E+00  0.0000
   3.1623E-09   5.6234E-09   1.3690E-05  0.2962   0.0000E+00  0.0000   0.0000E+00  0.0000   0.0000E+00  0.0000
   5.6234E-09   1.0000E-08   8.2866E-05  0.2803   0.0000E+00  0.0000   0.0000E+00  0.0000   0.0000E+00  0.0000
   1.0000E-08   1.7783E-08   1.9023E-04  0.2690   0.0000E+00  0.0000   0.0000E+00  0.0000   0.0000E+00  0.0000
   1.7783E-08   3.1623E-08   3.6039E-04  0.2582   0.0000E+00  0.0000   0.0000E+00  0.0000   0.0000E+00  0.0000
   3.1623E-08   5.6234E-08   5.9468E-04  0.2599   0.0000E+00  0.0000   0.0000E+00  0.0000   0.0000E+00  0.0000
   5.6234E-08   1.0000E-07   5.5074E-04  0.2638   0.0000E+00  0.0000   0.0000E+00  0.0000   0.0000E+00  0.0000
   1.0000E-07   1.7783E-07   2.6427E-04  0.2703   0.0000E+00  0.0000   0.0000E+00  0.0000   0.0000E+00  0.0000
   1.7783E-07   3.1623E-07   8.4206E-05  0.3027   0.0000E+00  0.0000   0.0000E+00  0.0000   0.0000E+00  0.0000
   3.1623E-07   5.6234E-07   4.3770E-05  0.3968   0.0000E+00  0.0000   0.0000E+00  0.0000   0.0000E+00  0.0000
   5.6234E-07   1.0000E-06   3.6487E-05  0.4706   0.0000E+00  0.0000   0.0000E+00  0.0000   0.0000E+00  0.0000
   1.0000E-06   1.7783E-06   5.4605E-05  0.4191   0.0000E+00  0.0000   0.0000E+00  0.0000   0.0000E+00  0.0000
   1.7783E-06   3.1623E-06   1.6525E-05  0.3349   0.0000E+00  0.0000   0.0000E+00  0.0000   0.0000E+00  0.0000
   3.1623E-06   5.6234E-06   3.4727E-05  0.4155   0.0000E+00  0.0000   0.0000E+00  0.0000   0.0000E+00  0.0000
   5.6234E-06   1.0000E-05   1.9750E-05  0.3805   0.0000E+00  0.0000   0.0000E+00  0.0000   0.0000E+00  0.0000
   1.0000E-05   1.7783E-05   2.0438E-05  0.5260   0.0000E+00  0.0000   0.0000E+00  0.0000   0.0000E+00  0.0000
   1.7783E-05   3.1623E-05   1.6917E-05  0.4285   0.0000E+00  0.0000   0.0000E+00  0.0000   0.0000E+00  0.0000
   3.1623E-05   5.6234E-05   3.9724E-05  0.4810   0.0000E+00  0.0000   0.0000E+00  0.0000   0.0000E+00  0.0000
   5.6234E-05   1.0000E-04   3.2782E-05  0.4966   0.0000E+00  0.0000   0.0000E+00  0.0000   0.0000E+00  0.0000
   1.0000E-04   1.7783E-04   1.7030E-05  0.3632   0.0000E+00  0.0000   0.0000E+00  0.0000   0.0000E+00  0.0000
   1.7783E-04   3.1623E-04   3.1830E-05  0.4234   0.0000E+00  0.0000   0.0000E+00  0.0000   0.0000E+00  0.0000
   3.1623E-04   5.6234E-04   4.0552E-05  0.4156   0.0000E+00  0.0000   0.0000E+00  0.0000   0.0000E+00  0.0000
   5.6234E-04   1.0000E-03   3.2581E-05  0.4580   0.0000E+00  0.0000   0.0000E+00  0.0000   1.5566E-15  0.4039
   1.0000E-03   1.7783E-03   4.3747E-05  0.4204   0.0000E+00  0.0000   0.0000E+00  0.0000   6.6437E-11  0.2831
   1.7783E-03   3.1623E-03   2.4829E-05  0.3657   0.0000E+00  0.0000   0.0000E+00  0.0000   1.0731E-10  0.2831
   3.1623E-03   5.6234E-03   5.8448E-05  0.3548   0.0000E+00  0.0000   0.0000E+00  0.0000   1.6199E-10  0.2831
   5.6234E-03   1.0000E-02   3.8149E-05  0.3934   0.0000E+00  0.0000   0.0000E+00  0.0000   2.2353E-10  0.2831
   1.0000E-02   1.7783E-02   3.2488E-05  0.4585   0.0000E+00  0.0000   0.0000E+00  0.0000   2.9981E-10  0.2831
   1.7783E-02   3.1623E-02   3.2548E-05  0.3744   0.0000E+00  0.0000   0.0000E+00  0.0000   4.2952E-10  0.2831
   3.1623E-02   5.6234E-02   3.5866E-05  0.4739   0.0000E+00  0.0000   0.0000E+00  0.0000   6.4455E-10  0.2831
   5.6234E-02   1.0000E-01   7.1293E-05  0.3156   0.0000E+00  0.0000   0.0000E+00  0.0000   1.0544E-09  0.2831
   1.0000E-01   1.7783E-01   7.3611E-05  0.3840   0.0000E+00  0.0000   0.0000E+00  0.0000   1.9456E-09  0.2831
   1.7783E-01   3.1623E-01   4.1767E-05  0.4642   0.0000E+00  0.0000   0.0000E+00  0.0000   4.1336E-09  0.2831
   3.1623E-01   5.6234E-01   1.5573E-04  0.3557   0.0000E+00  0.0000   0.0000E+00  0.0000   9.7764E-09  0.2842
   5.6234E-01   1.0000E+00   1.8970E-04  0.3393   0.0000E+00  0.0000   0.0000E+00  0.0000   2.3819E-08  0.2925
   1.0000E+00   1.7783E+00   2.7001E-04  0.3659   0.0000E+00  0.0000   0.0000E+00  0.0000   5.9486E-08  0.2987
   1.7783E+00   3.1623E+00   1.7811E-04  0.3262   0.0000E+00  0.0000   0.0000E+00  0.0000   1.4920E-07  0.3103
   3.1623E+00   5.6234E+00   1.8769E-04  0.3629   0.0000E+00  0.0000   0.0000E+00  0.0000   3.7519E-07  0.3236
   5.6234E+00   1.0000E+01   2.1103E-04  0.3928   0.0000E+00  0.0000   0.0000E+00  0.0000   9.6519E-07  0.3294
   1.0000E+01   1.7783E+01   1.0320E-04  0.5292   0.0000E+00  0.0000   0.0000E+00  0.0000   2.2315E-06  0.3506
   1.7783E+01   3.1623E+01   6.4403E-05  0.4626   0.0000E+00  0.0000   0.0000E+00  0.0000   4.0784E-06  0.3295
   3.1623E+01   5.6234E+01   1.8034E-04  0.4918   0.0000E+00  0.0000   0.0000E+00  0.0000   6.5686E-06  0.3684
   5.6234E+01   1.0000E+02   2.2042E-04  0.4280   0.0000E+00  0.0000   0.0000E+00  0.0000   6.9799E-06  0.3620
   1.0000E+02   1.7783E+02   1.9236E-04  0.4603   0.0000E+00  0.0000   0.0000E+00  0.0000   6.8443E-06  0.3466
   1.7783E+02   3.1623E+02   2.3802E-04  0.4548   0.0000E+00  0.0000   0.0000E+00  0.0000   5.9223E-06  0.3920
   3.1623E+02   5.6234E+02   1.2057E-04  0.6839   0.0000E+00  0.0000   0.0000E+00  0.0000   2.1560E-05  0.3844
   5.6234E+02   1.0000E+03   2.5432E-06  1.0000   0.0000E+00  0.0000   0.0000E+00  0.0000   3.0254E-05  0.8658
   1.0000E+03   1.7783E+03   2.6393E-05  0.9284   0.0000E+00  0.0000   0.0000E+00  0.0000   2.5615E-06  1.0000
   1.7783E+03   3.1623E+03   0.0000E+00  0.0000   0.0000E+00  0.0000   0.0000E+00  0.0000   0.0000E+00  0.0000
   3.1623E+03   5.6234E+03   1.2559E-06  1.0000   0.0000E+00  0.0000   0.0000E+00  0.0000   2.7111E-06  0.7828
   5.6234E+03   1.0000E+04   0.0000E+00  0.0000   0.0000E+00  0.0000   0.0000E+00  0.0000   1.9402E-06  1.0000
   1.0000E+04   1.7783E+04   0.0000E+00  0.0000   0.0000E+00  0.0000   0.0000E+00  0.0000   0.0000E+00  0.0000
   1.7783E+04   3.1623E+04   0.0000E+00  0.0000   0.0000E+00  0.0000   0.0000E+00  0.0000   0.0000E+00  0.0000
   3.1623E+04   5.6234E+04   0.0000E+00  0.0000   0.0000E+00  0.0000   0.0000E+00  0.0000   0.0000E+00  0.0000
   5.6234E+04   1.0000E+05   0.0000E+00  0.0000   0.0000E+00  0.0000   0.0000E+00  0.0000   0.0000E+00  0.0000

#   sum over                 5.3815E-03  0.2148   0.0000E+00  0.0000   0.0000E+00  0.0000   9.3243E-05  0.3649

'no. = 34, (ix,iy,iz) = (  1,  1, 34)'
msuc: {\huge Flux spectra vs depth in concrete}
msdr: {\it plotted by \ANGEL \version}
msdl: {\it calculated by \PHITS  3.36}
wt: s(0.7)
\vspace{-3}
   vol  &=&   2.8800E+07 [cm^3]
  xmin  &=&  -6.0000E+02 [cm]
  xmax  &=&   6.0000E+02 [cm]
  ymin  &=&  -6.0000E+02 [cm]
  ymax  &=&   6.0000E+02 [cm]
  zmin  &=&  -4.0000E+01 [cm]
  zmax  &=&  -2.0000E+01 [cm]
e:

#------------------------------------------------------------------------------
 newpage:
#   no. = 35   ix  =  1   iy  =  1   iz  = 35
#   x = (  -6.0000E+02  -   6.0000E+02  )
#   y = (  -6.0000E+02  -   6.0000E+02  )
#   z = (  -2.0000E+01  -   0.0000E+00  )

x: Energy [MeV/n]
y: Flux [1/cm^2/source]              
p: xlog ylog afac(0.8) form(0.9)
h: n            x            y(neutron ),hh0l n y(muon-   ),hh0dr n y(muon+   ),hh0ub n y(proton  ),hh0mg n 
#  e-lower      e-upper        neutron   r.err      muon-     r.err      muon+     r.err      proton    r.err 
   1.0000E-10   1.7783E-10   0.0000E+00  0.0000   0.0000E+00  0.0000   0.0000E+00  0.0000   0.0000E+00  0.0000
   1.7783E-10   3.1623E-10   1.5256E-07  0.9370   0.0000E+00  0.0000   0.0000E+00  0.0000   0.0000E+00  0.0000
   3.1623E-10   5.6234E-10   7.6121E-09  0.7988   0.0000E+00  0.0000   0.0000E+00  0.0000   0.0000E+00  0.0000
   5.6234E-10   1.0000E-09   5.1879E-07  0.5693   0.0000E+00  0.0000   0.0000E+00  0.0000   0.0000E+00  0.0000
   1.0000E-09   1.7783E-09   2.2578E-06  0.5515   0.0000E+00  0.0000   0.0000E+00  0.0000   0.0000E+00  0.0000
   1.7783E-09   3.1623E-09   9.0709E-06  0.4839   0.0000E+00  0.0000   0.0000E+00  0.0000   0.0000E+00  0.0000
   3.1623E-09   5.6234E-09   1.8908E-05  0.4968   0.0000E+00  0.0000   0.0000E+00  0.0000   0.0000E+00  0.0000
   5.6234E-09   1.0000E-08   4.7817E-05  0.2963   0.0000E+00  0.0000   0.0000E+00  0.0000   0.0000E+00  0.0000
   1.0000E-08   1.7783E-08   1.7421E-04  0.3164   0.0000E+00  0.0000   0.0000E+00  0.0000   0.0000E+00  0.0000
   1.7783E-08   3.1623E-08   3.4191E-04  0.2917   0.0000E+00  0.0000   0.0000E+00  0.0000   0.0000E+00  0.0000
   3.1623E-08   5.6234E-08   5.7348E-04  0.2992   0.0000E+00  0.0000   0.0000E+00  0.0000   0.0000E+00  0.0000
   5.6234E-08   1.0000E-07   4.7863E-04  0.3231   0.0000E+00  0.0000   0.0000E+00  0.0000   0.0000E+00  0.0000
   1.0000E-07   1.7783E-07   2.4235E-04  0.2801   0.0000E+00  0.0000   0.0000E+00  0.0000   0.0000E+00  0.0000
   1.7783E-07   3.1623E-07   5.6489E-05  0.3619   0.0000E+00  0.0000   0.0000E+00  0.0000   0.0000E+00  0.0000
   3.1623E-07   5.6234E-07   6.4440E-05  0.4267   0.0000E+00  0.0000   0.0000E+00  0.0000   0.0000E+00  0.0000
   5.6234E-07   1.0000E-06   5.2300E-05  0.4166   0.0000E+00  0.0000   0.0000E+00  0.0000   0.0000E+00  0.0000
   1.0000E-06   1.7783E-06   5.0352E-05  0.4221   0.0000E+00  0.0000   0.0000E+00  0.0000   0.0000E+00  0.0000
   1.7783E-06   3.1623E-06   3.8152E-05  0.3689   0.0000E+00  0.0000   0.0000E+00  0.0000   0.0000E+00  0.0000
   3.1623E-06   5.6234E-06   3.4163E-05  0.4354   0.0000E+00  0.0000   0.0000E+00  0.0000   0.0000E+00  0.0000
   5.6234E-06   1.0000E-05   4.3988E-05  0.3571   0.0000E+00  0.0000   0.0000E+00  0.0000   0.0000E+00  0.0000
   1.0000E-05   1.7783E-05   3.4165E-05  0.4710   0.0000E+00  0.0000   0.0000E+00  0.0000   0.0000E+00  0.0000
   1.7783E-05   3.1623E-05   1.8419E-05  0.4126   0.0000E+00  0.0000   0.0000E+00  0.0000   0.0000E+00  0.0000
   3.1623E-05   5.6234E-05   2.6236E-05  0.4314   0.0000E+00  0.0000   0.0000E+00  0.0000   0.0000E+00  0.0000
   5.6234E-05   1.0000E-04   4.7444E-05  0.4430   0.0000E+00  0.0000   0.0000E+00  0.0000   0.0000E+00  0.0000
   1.0000E-04   1.7783E-04   2.5878E-05  0.4911   0.0000E+00  0.0000   9.4424E-18  1.0000   0.0000E+00  0.0000
   1.7783E-04   3.1623E-04   6.5968E-05  0.4575   0.0000E+00  0.0000   0.0000E+00  0.0000   0.0000E+00  0.0000
   3.1623E-04   5.6234E-04   3.6273E-05  0.4257   0.0000E+00  0.0000   0.0000E+00  0.0000   0.0000E+00  0.0000
   5.6234E-04   1.0000E-03   6.8671E-05  0.3732   0.0000E+00  0.0000   0.0000E+00  0.0000   1.8068E-15  0.2931
   1.0000E-03   1.7783E-03   7.9558E-05  0.5207   0.0000E+00  0.0000   2.8285E-13  1.0000   7.5939E-11  0.2434
   1.7783E-03   3.1623E-03   2.9347E-05  0.4533   0.0000E+00  0.0000   1.3819E-13  1.0000   1.2264E-10  0.2434
   3.1623E-03   5.6234E-03   2.0544E-05  0.4434   0.0000E+00  0.0000   2.0416E-13  1.0000   1.8514E-10  0.2434
   5.6234E-03   1.0000E-02   3.1296E-05  0.3998   0.0000E+00  0.0000   3.2744E-13  1.0000   2.5548E-10  0.2434
   1.0000E-02   1.7783E-02   6.4619E-05  0.4342   0.0000E+00  0.0000   5.8714E-13  1.0000   3.4266E-10  0.2434
   1.7783E-02   3.1623E-02   5.4465E-05  0.3689   0.0000E+00  0.0000   1.2122E-12  1.0000   4.9091E-10  0.2434
   3.1623E-02   5.6234E-02   5.1958E-05  0.3752   0.0000E+00  0.0000   2.8318E-12  1.0000   7.3667E-10  0.2434
   5.6234E-02   1.0000E-01   5.2923E-05  0.3910   0.0000E+00  0.0000   7.0955E-12  1.0000   1.2051E-09  0.2434
   1.0000E-01   1.7783E-01   8.2961E-05  0.3774   0.0000E+00  0.0000   1.8213E-11  1.0000   2.2237E-09  0.2434
   1.7783E-01   3.1623E-01   1.0052E-04  0.4543   0.0000E+00  0.0000   4.7642E-11  1.0000   4.7244E-09  0.2434
   3.1623E-01   5.6234E-01   1.1576E-04  0.3804   0.0000E+00  0.0000   1.2770E-10  1.0000   1.1257E-08  0.2434
   5.6234E-01   1.0000E+00   1.7929E-04  0.3273   0.0000E+00  0.0000   3.5025E-10  1.0000   2.7482E-08  0.2393
   1.0000E+00   1.7783E+00   1.4548E-04  0.3448   0.0000E+00  0.0000   9.8075E-10  1.0000   7.0337E-08  0.2389
   1.7783E+00   3.1623E+00   2.7593E-04  0.3229   0.0000E+00  0.0000   2.7897E-09  1.0000   1.7516E-07  0.2413
   3.1623E+00   5.6234E+00   2.0366E-04  0.3169   0.0000E+00  0.0000   2.6366E-09  1.0000   3.9335E-07  0.2502
   5.6234E+00   1.0000E+01   2.5664E-04  0.3860   0.0000E+00  0.0000   0.0000E+00  0.0000   7.8794E-07  0.2407
   1.0000E+01   1.7783E+01   1.0955E-04  0.4789   0.0000E+00  0.0000   0.0000E+00  0.0000   1.7682E-06  0.2572
   1.7783E+01   3.1623E+01   1.3958E-04  0.4441   0.0000E+00  0.0000   0.0000E+00  0.0000   4.0946E-06  0.2537
   3.1623E+01   5.6234E+01   2.2392E-04  0.4451   0.0000E+00  0.0000   0.0000E+00  0.0000   6.1350E-06  0.2560
   5.6234E+01   1.0000E+02   2.6178E-04  0.4288   0.0000E+00  0.0000   0.0000E+00  0.0000   1.1587E-05  0.3307
   1.0000E+02   1.7783E+02   3.2243E-04  0.4088   0.0000E+00  0.0000   0.0000E+00  0.0000   1.9667E-05  0.2424
   1.7783E+02   3.1623E+02   3.1328E-04  0.4112   0.0000E+00  0.0000   0.0000E+00  0.0000   3.2045E-05  0.2613
   3.1623E+02   5.6234E+02   1.1921E-04  0.7003   0.0000E+00  0.0000   0.0000E+00  0.0000   2.5913E-05  0.3161
   5.6234E+02   1.0000E+03   4.4527E-07  1.0000   0.0000E+00  0.0000   0.0000E+00  0.0000   3.4174E-05  0.5808
   1.0000E+03   1.7783E+03   3.9205E-05  0.9538   0.0000E+00  0.0000   0.0000E+00  0.0000   6.1359E-06  0.7620
   1.7783E+03   3.1623E+03   0.0000E+00  0.0000   0.0000E+00  0.0000   0.0000E+00  0.0000   0.0000E+00  0.0000
   3.1623E+03   5.6234E+03   1.3442E-08  1.0000   0.0000E+00  0.0000   0.0000E+00  0.0000   2.0975E-06  1.0000
   5.6234E+03   1.0000E+04   0.0000E+00  0.0000   0.0000E+00  0.0000   0.0000E+00  0.0000   3.8539E-06  1.0000
   1.0000E+04   1.7783E+04   0.0000E+00  0.0000   0.0000E+00  0.0000   0.0000E+00  0.0000   0.0000E+00  0.0000
   1.7783E+04   3.1623E+04   0.0000E+00  0.0000   0.0000E+00  0.0000   0.0000E+00  0.0000   0.0000E+00  0.0000
   3.1623E+04   5.6234E+04   0.0000E+00  0.0000   0.0000E+00  0.0000   0.0000E+00  0.0000   0.0000E+00  0.0000
   5.6234E+04   1.0000E+05   0.0000E+00  0.0000   0.0000E+00  0.0000   0.0000E+00  0.0000   0.0000E+00  0.0000

#   sum over                 5.8266E-03  0.2168   0.0000E+00  0.0000   6.9635E-09  1.0000   1.4895E-04  0.1983

'no. = 35, (ix,iy,iz) = (  1,  1, 35)'
msuc: {\huge Flux spectra vs depth in concrete}
msdr: {\it plotted by \ANGEL \version}
msdl: {\it calculated by \PHITS  3.36}
wt: s(0.7)
\vspace{-3}
   vol  &=&   2.8800E+07 [cm^3]
  xmin  &=&  -6.0000E+02 [cm]
  xmax  &=&   6.0000E+02 [cm]
  ymin  &=&  -6.0000E+02 [cm]
  ymax  &=&   6.0000E+02 [cm]
  zmin  &=&  -2.0000E+01 [cm]
  zmax  &=&   0.0000E+00 [cm]
e:
 
# Information for Restart Calculation
# This calculation was newly started
# istdev =  2 # 1:Batch variance, 2:History variance
# resc2  = 2.53833809613144071E-02 # Total source weight or Total source weight / maxcas
# resc3  = 7.00000000000000000E+02 # Total history number or Total batch number
# maxcas =         700 # History / Batch, only used for istdev=1
# bitrseed = 0011101111101000110101111111111000101101001000101001100111011010 # bit data of rseed
