[ T-Track ]
    title = Neutron flux map, xz section
     mesh =  xyz            # mesh type is xyz scoring mesh
   x-type =    2            # x-mesh is linear given by xmin, xmax and nx
     xmin =  -700.0000      # minimum value of x-mesh points
     xmax =   700.0000      # maximum value of x-mesh points
#    xdel =   40.00000      # mesh width of x-mesh points
       nx =     35          # number of x-mesh points
#    data = ( x(i), i = 1, nx + 1 )
#          -7.00000E+02 -6.60000E+02 -6.20000E+02 -5.80000E+02 -5.40000E+02
#          -5.00000E+02 -4.60000E+02 -4.20000E+02 -3.80000E+02 -3.40000E+02
#          -3.00000E+02 -2.60000E+02 -2.20000E+02 -1.80000E+02 -1.40000E+02
#          -1.00000E+02 -6.00000E+01 -2.00000E+01  2.00000E+01  6.00000E+01
#           1.00000E+02  1.40000E+02  1.80000E+02  2.20000E+02  2.60000E+02
#           3.00000E+02  3.40000E+02  3.80000E+02  4.20000E+02  4.60000E+02
#           5.00000E+02  5.40000E+02  5.80000E+02  6.20000E+02  6.60000E+02
#           7.00000E+02
   y-type =    2            # y-mesh is linear given by ymin, ymax and ny
     ymin =  -1000.000      # minimum value of y-mesh points
     ymax =   1000.000      # maximum value of y-mesh points
#    ydel =   2000.000      # mesh width of y-mesh points
       ny =      1          # number of y-mesh points
#    data = ( y(i), i = 1, ny + 1 )
#          -1.00000E+03  1.00000E+03
   z-type =    2            # z-mesh is linear given by zmin, zmax and nz
     zmin =  -705.0000      # minimum value of z-mesh points
     zmax =   200.0000      # maximum value of z-mesh points
#    zdel =   39.34783      # mesh width of z-mesh points
       nz =     23          # number of z-mesh points
#    data = ( z(i), i = 1, nz + 1 )
#          -7.05000E+02 -6.65652E+02 -6.26304E+02 -5.86957E+02 -5.47609E+02
#          -5.08261E+02 -4.68913E+02 -4.29565E+02 -3.90217E+02 -3.50870E+02
#          -3.11522E+02 -2.72174E+02 -2.32826E+02 -1.93478E+02 -1.54130E+02
#          -1.14783E+02 -7.54348E+01 -3.60870E+01  3.26087E+00  4.26087E+01
#           8.19565E+01  1.21304E+02  1.60652E+02  2.00000E+02
   e-type =    1            # e-mesh is given by the below data
       ne =      4          # number of e-mesh points
#    data = ( e(i), i = 1, ne + 1 )
            1.00000E-10  5.00000E-07  1.00000E-01  2.00000E+01  1.00000E+05
     unit =    1            # unit is [1/cm^2/source]
 material =  all            # (D=all) number of specific material
  2D-type =    4            # 1:Cont, 2:Clust, 3:Color, 4:xyz, 5:mat, 6:Clust+Cont, 7:Col+Cont
     axis =      xz            # axis of output
     file = map_xz.out      # file name of output for the above axis
     part =  neutron    muon-    
# kf/name :  2112       13       
#    used :        main (  %)        temp (  %)       total (  %)
#  memory :          71 (  0)           0 (  0)          71 (  0)

#------------------------------------------------------------------------------
#newpage:
#   no. =  1   ie  =  1   iy  =  1   part. = neutron 
#   e = (   1.0000E-10  -   5.0000E-07  )
#   y = (  -1.0000E+03  -   1.0000E+03  )
#  nx =  35   nz =  23

# x          z          flux       r.err
 -6.800E+02 -6.853E+02  8.557E-05  0.8401
 -6.400E+02 -6.853E+02  2.106E-04  0.7544
 -6.000E+02 -6.853E+02  0.000E+00  0.0000
 -5.600E+02 -6.853E+02  5.894E-04  0.7218
 -5.200E+02 -6.853E+02  5.679E-04  0.9096
 -4.800E+02 -6.853E+02  0.000E+00  0.0000
 -4.400E+02 -6.853E+02  0.000E+00  0.0000
 -4.000E+02 -6.853E+02  3.751E-04  0.8408
 -3.600E+02 -6.853E+02  1.105E-05  1.0000
 -3.200E+02 -6.853E+02  3.707E-06  1.0000
 -2.800E+02 -6.853E+02  0.000E+00  0.0000
 -2.400E+02 -6.853E+02  0.000E+00  0.0000
 -2.000E+02 -6.853E+02  0.000E+00  0.0000
 -1.600E+02 -6.853E+02  0.000E+00  0.0000
 -1.200E+02 -6.853E+02  6.082E-04  0.7234
 -8.000E+01 -6.853E+02  5.168E-06  1.0000
 -4.000E+01 -6.853E+02  0.000E+00  0.0000
  0.000E+00 -6.853E+02  2.192E-04  1.0000
  4.000E+01 -6.853E+02  1.591E-04  1.0000
  8.000E+01 -6.853E+02  0.000E+00  0.0000
  1.200E+02 -6.853E+02  0.000E+00  0.0000
  1.600E+02 -6.853E+02  2.194E-04  1.0000
  2.000E+02 -6.853E+02  0.000E+00  0.0000
  2.400E+02 -6.853E+02  2.427E-05  1.0000
  2.800E+02 -6.853E+02  5.559E-04  0.7625
  3.200E+02 -6.853E+02  1.394E-04  1.0000
  3.600E+02 -6.853E+02  1.020E-04  0.7721
  4.000E+02 -6.853E+02  2.877E-04  0.7910
  4.400E+02 -6.853E+02  0.000E+00  0.0000
  4.800E+02 -6.853E+02  7.257E-04  0.7445
  5.200E+02 -6.853E+02  1.456E-04  0.9616
  5.600E+02 -6.853E+02  0.000E+00  0.0000
  6.000E+02 -6.853E+02  1.859E-04  1.0000
  6.400E+02 -6.853E+02  2.548E-04  1.0000
  6.800E+02 -6.853E+02  0.000E+00  0.0000
 -6.800E+02 -6.460E+02  0.000E+00  0.0000
 -6.400E+02 -6.460E+02  0.000E+00  0.0000
 -6.000E+02 -6.460E+02  0.000E+00  0.0000
 -5.600E+02 -6.460E+02  0.000E+00  0.0000
 -5.200E+02 -6.460E+02  0.000E+00  0.0000
 -4.800E+02 -6.460E+02  0.000E+00  0.0000
 -4.400E+02 -6.460E+02  0.000E+00  0.0000
 -4.000E+02 -6.460E+02  0.000E+00  0.0000
 -3.600E+02 -6.460E+02  0.000E+00  0.0000
 -3.200E+02 -6.460E+02  3.822E-05  1.0000
 -2.800E+02 -6.460E+02  1.012E-05  1.0000
 -2.400E+02 -6.460E+02  0.000E+00  0.0000
 -2.000E+02 -6.460E+02  1.233E-04  1.0000
 -1.600E+02 -6.460E+02  1.293E-04  1.0000
 -1.200E+02 -6.460E+02  3.256E-05  1.0000
 -8.000E+01 -6.460E+02  1.794E-05  1.0000
 -4.000E+01 -6.460E+02  0.000E+00  0.0000
  0.000E+00 -6.460E+02  0.000E+00  0.0000
  4.000E+01 -6.460E+02  2.520E-04  1.0000
  8.000E+01 -6.460E+02  0.000E+00  0.0000
  1.200E+02 -6.460E+02  0.000E+00  0.0000
  1.600E+02 -6.460E+02  5.668E-04  0.7935
  2.000E+02 -6.460E+02  0.000E+00  0.0000
  2.400E+02 -6.460E+02  0.000E+00  0.0000
  2.800E+02 -6.460E+02  3.809E-05  0.8905
  3.200E+02 -6.460E+02  1.072E-05  1.0000
  3.600E+02 -6.460E+02  3.363E-04  0.6214
  4.000E+02 -6.460E+02  3.713E-04  1.0000
  4.400E+02 -6.460E+02  0.000E+00  0.0000
  4.800E+02 -6.460E+02  3.029E-05  1.0000
  5.200E+02 -6.460E+02  4.260E-04  0.9558
  5.600E+02 -6.460E+02  0.000E+00  0.0000
  6.000E+02 -6.460E+02  0.000E+00  0.0000
  6.400E+02 -6.460E+02  0.000E+00  0.0000
  6.800E+02 -6.460E+02  0.000E+00  0.0000
 -6.800E+02 -6.066E+02  0.000E+00  0.0000
 -6.400E+02 -6.066E+02  0.000E+00  0.0000
 -6.000E+02 -6.066E+02  0.000E+00  0.0000
 -5.600E+02 -6.066E+02  0.000E+00  0.0000
 -5.200E+02 -6.066E+02  0.000E+00  0.0000
 -4.800E+02 -6.066E+02  0.000E+00  0.0000
 -4.400E+02 -6.066E+02  3.762E-05  1.0000
 -4.000E+02 -6.066E+02  2.668E-04  1.0000
 -3.600E+02 -6.066E+02  2.103E-05  1.0000
 -3.200E+02 -6.066E+02  1.755E-04  1.0000
 -2.800E+02 -6.066E+02  6.298E-05  1.0000
 -2.400E+02 -6.066E+02  3.931E-04  1.0000
 -2.000E+02 -6.066E+02  8.038E-04  0.7554
 -1.600E+02 -6.066E+02  4.727E-04  0.7200
 -1.200E+02 -6.066E+02  3.655E-04  1.0000
 -8.000E+01 -6.066E+02  0.000E+00  0.0000
 -4.000E+01 -6.066E+02  0.000E+00  0.0000
  0.000E+00 -6.066E+02  0.000E+00  0.0000
  4.000E+01 -6.066E+02  7.039E-04  1.0000
  8.000E+01 -6.066E+02  1.500E-04  1.0000
  1.200E+02 -6.066E+02  0.000E+00  0.0000
  1.600E+02 -6.066E+02  2.121E-05  1.0000
  2.000E+02 -6.066E+02  1.803E-04  1.0000
  2.400E+02 -6.066E+02  0.000E+00  0.0000
  2.800E+02 -6.066E+02  5.705E-04  1.0000
  3.200E+02 -6.066E+02  4.768E-05  1.0000
  3.600E+02 -6.066E+02  4.239E-04  0.9794
  4.000E+02 -6.066E+02  7.573E-05  0.8421
  4.400E+02 -6.066E+02  0.000E+00  0.0000
  4.800E+02 -6.066E+02  0.000E+00  0.0000
  5.200E+02 -6.066E+02  0.000E+00  0.0000
  5.600E+02 -6.066E+02  0.000E+00  0.0000
  6.000E+02 -6.066E+02  0.000E+00  0.0000
  6.400E+02 -6.066E+02  0.000E+00  0.0000
  6.800E+02 -6.066E+02  0.000E+00  0.0000
 -6.800E+02 -5.673E+02  0.000E+00  0.0000
 -6.400E+02 -5.673E+02  0.000E+00  0.0000
 -6.000E+02 -5.673E+02  1.715E-04  1.0000
 -5.600E+02 -5.673E+02  0.000E+00  0.0000
 -5.200E+02 -5.673E+02  0.000E+00  0.0000
 -4.800E+02 -5.673E+02  4.382E-05  1.0000
 -4.400E+02 -5.673E+02  8.280E-04  0.7764
 -4.000E+02 -5.673E+02  3.448E-04  0.7266
 -3.600E+02 -5.673E+02  2.099E-04  1.0000
 -3.200E+02 -5.673E+02  0.000E+00  0.0000
 -2.800E+02 -5.673E+02  1.445E-04  1.0000
 -2.400E+02 -5.673E+02  2.358E-05  1.0000
 -2.000E+02 -5.673E+02  5.124E-04  0.7613
 -1.600E+02 -5.673E+02  6.451E-04  0.6837
 -1.200E+02 -5.673E+02  1.545E-05  1.0000
 -8.000E+01 -5.673E+02  0.000E+00  0.0000
 -4.000E+01 -5.673E+02  0.000E+00  0.0000
  0.000E+00 -5.673E+02  3.220E-07  1.0000
  4.000E+01 -5.673E+02  8.563E-04  0.7095
  8.000E+01 -5.673E+02  0.000E+00  0.0000
  1.200E+02 -5.673E+02  0.000E+00  0.0000
  1.600E+02 -5.673E+02  0.000E+00  0.0000
  2.000E+02 -5.673E+02  4.867E-04  0.7506
  2.400E+02 -5.673E+02  0.000E+00  0.0000
  2.800E+02 -5.673E+02  4.491E-05  1.0000
  3.200E+02 -5.673E+02  9.785E-05  1.0000
  3.600E+02 -5.673E+02  4.636E-06  1.0000
  4.000E+02 -5.673E+02  0.000E+00  0.0000
  4.400E+02 -5.673E+02  0.000E+00  0.0000
  4.800E+02 -5.673E+02  0.000E+00  0.0000
  5.200E+02 -5.673E+02  0.000E+00  0.0000
  5.600E+02 -5.673E+02  0.000E+00  0.0000
  6.000E+02 -5.673E+02  0.000E+00  0.0000
  6.400E+02 -5.673E+02  0.000E+00  0.0000
  6.800E+02 -5.673E+02  1.869E-04  1.0000
 -6.800E+02 -5.279E+02  3.813E-05  1.0000
 -6.400E+02 -5.279E+02  3.844E-04  1.0000
 -6.000E+02 -5.279E+02  0.000E+00  0.0000
 -5.600E+02 -5.279E+02  0.000E+00  0.0000
 -5.200E+02 -5.279E+02  1.946E-04  1.0000
 -4.800E+02 -5.279E+02  4.658E-04  0.7259
 -4.400E+02 -5.279E+02  0.000E+00  0.0000
 -4.000E+02 -5.279E+02  1.282E-05  1.0000
 -3.600E+02 -5.279E+02  4.410E-04  1.0000
 -3.200E+02 -5.279E+02  1.981E-04  1.0000
 -2.800E+02 -5.279E+02  2.549E-05  1.0000
 -2.400E+02 -5.279E+02  0.000E+00  0.0000
 -2.000E+02 -5.279E+02  1.537E-04  1.0000
 -1.600E+02 -5.279E+02  0.000E+00  0.0000
 -1.200E+02 -5.279E+02  4.686E-05  1.0000
 -8.000E+01 -5.279E+02  2.120E-04  0.8314
 -4.000E+01 -5.279E+02  3.611E-04  0.8832
  0.000E+00 -5.279E+02  3.575E-04  0.7862
  4.000E+01 -5.279E+02  2.723E-04  0.9424
  8.000E+01 -5.279E+02  7.280E-06  1.0000
  1.200E+02 -5.279E+02  2.152E-04  1.0000
  1.600E+02 -5.279E+02  1.687E-05  1.0000
  2.000E+02 -5.279E+02  1.155E-04  1.0000
  2.400E+02 -5.279E+02  0.000E+00  0.0000
  2.800E+02 -5.279E+02  0.000E+00  0.0000
  3.200E+02 -5.279E+02  2.266E-04  0.9282
  3.600E+02 -5.279E+02  1.934E-04  1.0000
  4.000E+02 -5.279E+02  0.000E+00  0.0000
  4.400E+02 -5.279E+02  0.000E+00  0.0000
  4.800E+02 -5.279E+02  2.667E-06  1.0000
  5.200E+02 -5.279E+02  2.714E-04  1.0000
  5.600E+02 -5.279E+02  0.000E+00  0.0000
  6.000E+02 -5.279E+02  0.000E+00  0.0000
  6.400E+02 -5.279E+02  4.537E-04  0.9021
  6.800E+02 -5.279E+02  1.286E-04  1.0000
 -6.800E+02 -4.886E+02  2.512E-04  1.0000
 -6.400E+02 -4.886E+02  4.358E-04  0.7454
 -6.000E+02 -4.886E+02  2.371E-04  0.7418
 -5.600E+02 -4.886E+02  0.000E+00  0.0000
 -5.200E+02 -4.886E+02  3.803E-04  1.0000
 -4.800E+02 -4.886E+02  7.509E-07  1.0000
 -4.400E+02 -4.886E+02  0.000E+00  0.0000
 -4.000E+02 -4.886E+02  0.000E+00  0.0000
 -3.600E+02 -4.886E+02  0.000E+00  0.0000
 -3.200E+02 -4.886E+02  0.000E+00  0.0000
 -2.800E+02 -4.886E+02  0.000E+00  0.0000
 -2.400E+02 -4.886E+02  0.000E+00  0.0000
 -2.000E+02 -4.886E+02  0.000E+00  0.0000
 -1.600E+02 -4.886E+02  0.000E+00  0.0000
 -1.200E+02 -4.886E+02  8.332E-05  0.8316
 -8.000E+01 -4.886E+02  6.198E-04  1.0000
 -4.000E+01 -4.886E+02  2.182E-04  0.8019
  0.000E+00 -4.886E+02  5.437E-04  0.7768
  4.000E+01 -4.886E+02  5.415E-05  1.0000
  8.000E+01 -4.886E+02  0.000E+00  0.0000
  1.200E+02 -4.886E+02  6.132E-04  0.6519
  1.600E+02 -4.886E+02  2.243E-05  1.0000
  2.000E+02 -4.886E+02  2.664E-04  1.0000
  2.400E+02 -4.886E+02  2.421E-04  1.0000
  2.800E+02 -4.886E+02  4.151E-05  1.0000
  3.200E+02 -4.886E+02  1.476E-04  0.8540
  3.600E+02 -4.886E+02  9.449E-05  1.0000
  4.000E+02 -4.886E+02  0.000E+00  0.0000
  4.400E+02 -4.886E+02  0.000E+00  0.0000
  4.800E+02 -4.886E+02  6.779E-05  1.0000
  5.200E+02 -4.886E+02  1.477E-04  1.0000
  5.600E+02 -4.886E+02  1.764E-05  1.0000
  6.000E+02 -4.886E+02  3.151E-04  1.0000
  6.400E+02 -4.886E+02  1.268E-04  1.0000
  6.800E+02 -4.886E+02  3.276E-04  1.0000
 -6.800E+02 -4.492E+02  1.558E-04  0.7731
 -6.400E+02 -4.492E+02  1.470E-04  1.0000
 -6.000E+02 -4.492E+02  2.127E-04  0.7071
 -5.600E+02 -4.492E+02  5.890E-04  0.7218
 -5.200E+02 -4.492E+02  8.325E-05  1.0000
 -4.800E+02 -4.492E+02  4.219E-06  1.0000
 -4.400E+02 -4.492E+02  5.451E-05  1.0000
 -4.000E+02 -4.492E+02  0.000E+00  0.0000
 -3.600E+02 -4.492E+02  3.079E-04  1.0000
 -3.200E+02 -4.492E+02  3.478E-04  0.9349
 -2.800E+02 -4.492E+02  0.000E+00  0.0000
 -2.400E+02 -4.492E+02  2.427E-05  1.0000
 -2.000E+02 -4.492E+02  7.615E-06  1.0000
 -1.600E+02 -4.492E+02  6.291E-04  1.0000
 -1.200E+02 -4.492E+02  1.646E-04  0.7310
 -8.000E+01 -4.492E+02  0.000E+00  0.0000
 -4.000E+01 -4.492E+02  1.255E-04  0.9731
  0.000E+00 -4.492E+02  7.708E-04  0.6175
  4.000E+01 -4.492E+02  0.000E+00  0.0000
  8.000E+01 -4.492E+02  4.188E-04  1.0000
  1.200E+02 -4.492E+02  2.979E-04  0.9940
  1.600E+02 -4.492E+02  3.235E-05  1.0000
  2.000E+02 -4.492E+02  6.229E-05  0.9109
  2.400E+02 -4.492E+02  2.273E-04  0.9393
  2.800E+02 -4.492E+02  4.135E-04  0.5493
  3.200E+02 -4.492E+02  3.918E-04  0.7287
  3.600E+02 -4.492E+02  1.225E-04  1.0000
  4.000E+02 -4.492E+02  0.000E+00  0.0000
  4.400E+02 -4.492E+02  0.000E+00  0.0000
  4.800E+02 -4.492E+02  0.000E+00  0.0000
  5.200E+02 -4.492E+02  0.000E+00  0.0000
  5.600E+02 -4.492E+02  1.737E-04  1.0000
  6.000E+02 -4.492E+02  2.020E-04  0.9188
  6.400E+02 -4.492E+02  4.442E-04  1.0000
  6.800E+02 -4.492E+02  1.431E-04  1.0000
 -6.800E+02 -4.099E+02  5.285E-04  0.6349
 -6.400E+02 -4.099E+02  5.511E-04  0.7202
 -6.000E+02 -4.099E+02  4.772E-04  0.7490
 -5.600E+02 -4.099E+02  1.217E-04  0.8164
 -5.200E+02 -4.099E+02  2.071E-04  1.0000
 -4.800E+02 -4.099E+02  1.543E-04  0.8431
 -4.400E+02 -4.099E+02  3.625E-04  0.6923
 -4.000E+02 -4.099E+02  0.000E+00  0.0000
 -3.600E+02 -4.099E+02  3.058E-04  1.0000
 -3.200E+02 -4.099E+02  4.441E-05  1.0000
 -2.800E+02 -4.099E+02  2.210E-04  1.0000
 -2.400E+02 -4.099E+02  1.692E-04  1.0000
 -2.000E+02 -4.099E+02  1.595E-05  1.0000
 -1.600E+02 -4.099E+02  1.589E-05  1.0000
 -1.200E+02 -4.099E+02  1.144E-04  0.7129
 -8.000E+01 -4.099E+02  0.000E+00  0.0000
 -4.000E+01 -4.099E+02  2.968E-04  0.7672
  0.000E+00 -4.099E+02  4.347E-04  0.4736
  4.000E+01 -4.099E+02  1.153E-04  1.0000
  8.000E+01 -4.099E+02  1.165E-04  1.0000
  1.200E+02 -4.099E+02  0.000E+00  0.0000
  1.600E+02 -4.099E+02  4.194E-04  1.0000
  2.000E+02 -4.099E+02  8.446E-04  0.7185
  2.400E+02 -4.099E+02  2.570E-04  0.8575
  2.800E+02 -4.099E+02  7.754E-04  0.5890
  3.200E+02 -4.099E+02  4.888E-04  0.5721
  3.600E+02 -4.099E+02  6.671E-04  0.7438
  4.000E+02 -4.099E+02  1.201E-06  1.0000
  4.400E+02 -4.099E+02  8.395E-04  0.7559
  4.800E+02 -4.099E+02  7.212E-06  1.0000
  5.200E+02 -4.099E+02  4.788E-04  0.7457
  5.600E+02 -4.099E+02  9.517E-04  0.7155
  6.000E+02 -4.099E+02  0.000E+00  0.0000
  6.400E+02 -4.099E+02  0.000E+00  0.0000
  6.800E+02 -4.099E+02  4.579E-05  1.0000
 -6.800E+02 -3.705E+02  2.159E-05  0.7249
 -6.400E+02 -3.705E+02  1.099E-04  1.0000
 -6.000E+02 -3.705E+02  5.141E-05  1.0000
 -5.600E+02 -3.705E+02  5.090E-04  1.0000
 -5.200E+02 -3.705E+02  1.156E-04  1.0000
 -4.800E+02 -3.705E+02  5.462E-05  1.0000
 -4.400E+02 -3.705E+02  2.665E-04  1.0000
 -4.000E+02 -3.705E+02  7.182E-06  1.0000
 -3.600E+02 -3.705E+02  0.000E+00  0.0000
 -3.200E+02 -3.705E+02  0.000E+00  0.0000
 -2.800E+02 -3.705E+02  0.000E+00  0.0000
 -2.400E+02 -3.705E+02  0.000E+00  0.0000
 -2.000E+02 -3.705E+02  0.000E+00  0.0000
 -1.600E+02 -3.705E+02  4.616E-05  1.0000
 -1.200E+02 -3.705E+02  1.971E-04  0.7485
 -8.000E+01 -3.705E+02  1.511E-04  0.7070
 -4.000E+01 -3.705E+02  1.172E-04  0.9675
  0.000E+00 -3.705E+02  1.875E-04  0.6594
  4.000E+01 -3.705E+02  9.075E-05  1.0000
  8.000E+01 -3.705E+02  4.057E-04  1.0000
  1.200E+02 -3.705E+02  0.000E+00  0.0000
  1.600E+02 -3.705E+02  0.000E+00  0.0000
  2.000E+02 -3.705E+02  8.449E-04  0.6268
  2.400E+02 -3.705E+02  6.493E-04  0.8192
  2.800E+02 -3.705E+02  1.526E-04  1.0000
  3.200E+02 -3.705E+02  8.704E-04  0.7440
  3.600E+02 -3.705E+02  5.395E-04  0.8185
  4.000E+02 -3.705E+02  5.560E-04  1.0000
  4.400E+02 -3.705E+02  3.264E-06  1.0000
  4.800E+02 -3.705E+02  0.000E+00  0.0000
  5.200E+02 -3.705E+02  2.216E-04  0.9724
  5.600E+02 -3.705E+02  3.718E-04  0.8444
  6.000E+02 -3.705E+02  0.000E+00  0.0000
  6.400E+02 -3.705E+02  0.000E+00  0.0000
  6.800E+02 -3.705E+02  0.000E+00  0.0000
 -6.800E+02 -3.312E+02  1.353E-04  0.8850
 -6.400E+02 -3.312E+02  4.970E-04  1.0000
 -6.000E+02 -3.312E+02  0.000E+00  0.0000
 -5.600E+02 -3.312E+02  1.789E-06  1.0000
 -5.200E+02 -3.312E+02  1.096E-03  0.8161
 -4.800E+02 -3.312E+02  4.207E-04  0.8471
 -4.400E+02 -3.312E+02  0.000E+00  0.0000
 -4.000E+02 -3.312E+02  1.713E-04  1.0000
 -3.600E+02 -3.312E+02  0.000E+00  0.0000
 -3.200E+02 -3.312E+02  4.796E-05  0.7091
 -2.800E+02 -3.312E+02  2.239E-04  0.8238
 -2.400E+02 -3.312E+02  4.339E-04  1.0000
 -2.000E+02 -3.312E+02  0.000E+00  0.0000
 -1.600E+02 -3.312E+02  6.923E-05  0.6044
 -1.200E+02 -3.312E+02  3.861E-04  0.5501
 -8.000E+01 -3.312E+02  2.042E-04  0.6083
 -4.000E+01 -3.312E+02  1.914E-04  0.6341
  0.000E+00 -3.312E+02  7.196E-05  0.6889
  4.000E+01 -3.312E+02  2.216E-04  1.0000
  8.000E+01 -3.312E+02  2.459E-04  1.0000
  1.200E+02 -3.312E+02  4.942E-05  1.0000
  1.600E+02 -3.312E+02  3.226E-06  1.0000
  2.000E+02 -3.312E+02  3.318E-04  0.8986
  2.400E+02 -3.312E+02  2.600E-05  1.0000
  2.800E+02 -3.312E+02  4.692E-04  0.9571
  3.200E+02 -3.312E+02  9.637E-04  0.9522
  3.600E+02 -3.312E+02  1.080E-04  0.9607
  4.000E+02 -3.312E+02  8.495E-04  0.9545
  4.400E+02 -3.312E+02  5.837E-04  1.0000
  4.800E+02 -3.312E+02  0.000E+00  0.0000
  5.200E+02 -3.312E+02  3.084E-04  1.0000
  5.600E+02 -3.312E+02  0.000E+00  0.0000
  6.000E+02 -3.312E+02  0.000E+00  0.0000
  6.400E+02 -3.312E+02  0.000E+00  0.0000
  6.800E+02 -3.312E+02  0.000E+00  0.0000
 -6.800E+02 -2.918E+02  6.435E-04  1.0000
 -6.400E+02 -2.918E+02  2.363E-04  0.8757
 -6.000E+02 -2.918E+02  0.000E+00  0.0000
 -5.600E+02 -2.918E+02  0.000E+00  0.0000
 -5.200E+02 -2.918E+02  3.420E-04  0.6872
 -4.800E+02 -2.918E+02  1.784E-04  1.0000
 -4.400E+02 -2.918E+02  0.000E+00  0.0000
 -4.000E+02 -2.918E+02  0.000E+00  0.0000
 -3.600E+02 -2.918E+02  3.103E-04  1.0000
 -3.200E+02 -2.918E+02  4.529E-04  0.7849
 -2.800E+02 -2.918E+02  6.880E-04  0.5999
 -2.400E+02 -2.918E+02  2.167E-04  0.6697
 -2.000E+02 -2.918E+02  0.000E+00  0.0000
 -1.600E+02 -2.918E+02  2.792E-04  0.7841
 -1.200E+02 -2.918E+02  2.942E-04  0.7107
 -8.000E+01 -2.918E+02  8.972E-05  0.6788
 -4.000E+01 -2.918E+02  1.448E-04  0.6321
  0.000E+00 -2.918E+02  2.504E-04  0.5993
  4.000E+01 -2.918E+02  3.583E-04  0.7513
  8.000E+01 -2.918E+02  2.537E-04  0.8785
  1.200E+02 -2.918E+02  7.522E-05  0.7116
  1.600E+02 -2.918E+02  4.270E-05  0.7897
  2.000E+02 -2.918E+02  5.619E-04  0.8264
  2.400E+02 -2.918E+02  5.177E-04  1.0000
  2.800E+02 -2.918E+02  9.624E-05  0.9811
  3.200E+02 -2.918E+02  1.061E-04  0.8850
  3.600E+02 -2.918E+02  3.700E-04  0.8041
  4.000E+02 -2.918E+02  5.366E-04  0.7331
  4.400E+02 -2.918E+02  6.463E-05  1.0000
  4.800E+02 -2.918E+02  0.000E+00  0.0000
  5.200E+02 -2.918E+02  0.000E+00  0.0000
  5.600E+02 -2.918E+02  0.000E+00  0.0000
  6.000E+02 -2.918E+02  6.786E-04  0.7085
  6.400E+02 -2.918E+02  1.206E-04  1.0000
  6.800E+02 -2.918E+02  0.000E+00  0.0000
 -6.800E+02 -2.525E+02  4.395E-04  0.6845
 -6.400E+02 -2.525E+02  3.749E-04  0.7074
 -6.000E+02 -2.525E+02  2.279E-04  1.0000
 -5.600E+02 -2.525E+02  0.000E+00  0.0000
 -5.200E+02 -2.525E+02  4.646E-04  0.7075
 -4.800E+02 -2.525E+02  0.000E+00  0.0000
 -4.400E+02 -2.525E+02  0.000E+00  0.0000
 -4.000E+02 -2.525E+02  0.000E+00  0.0000
 -3.600E+02 -2.525E+02  3.340E-04  0.7104
 -3.200E+02 -2.525E+02  2.945E-04  0.5924
 -2.800E+02 -2.525E+02  2.041E-04  1.0000
 -2.400E+02 -2.525E+02  7.681E-05  1.0000
 -2.000E+02 -2.525E+02  0.000E+00  0.0000
 -1.600E+02 -2.525E+02  9.141E-05  0.7957
 -1.200E+02 -2.525E+02  4.280E-04  0.5822
 -8.000E+01 -2.525E+02  1.862E-04  0.6055
 -4.000E+01 -2.525E+02  2.774E-05  1.0000
  0.000E+00 -2.525E+02  1.119E-04  0.7945
  4.000E+01 -2.525E+02  3.807E-04  0.6385
  8.000E+01 -2.525E+02  2.650E-04  0.6498
  1.200E+02 -2.525E+02  1.023E-04  0.9537
  1.600E+02 -2.525E+02  0.000E+00  0.0000
  2.000E+02 -2.525E+02  0.000E+00  0.0000
  2.400E+02 -2.525E+02  1.282E-06  1.0000
  2.800E+02 -2.525E+02  0.000E+00  0.0000
  3.200E+02 -2.525E+02  4.538E-04  1.0000
  3.600E+02 -2.525E+02  4.573E-04  0.7414
  4.000E+02 -2.525E+02  3.308E-04  0.7848
  4.400E+02 -2.525E+02  0.000E+00  0.0000
  4.800E+02 -2.525E+02  0.000E+00  0.0000
  5.200E+02 -2.525E+02  1.225E-04  1.0000
  5.600E+02 -2.525E+02  1.047E-04  1.0000
  6.000E+02 -2.525E+02  1.531E-04  0.7361
  6.400E+02 -2.525E+02  2.076E-04  0.6339
  6.800E+02 -2.525E+02  4.645E-04  0.9138
 -6.800E+02 -2.132E+02  2.261E-04  1.0000
 -6.400E+02 -2.132E+02  1.714E-04  0.7795
 -6.000E+02 -2.132E+02  1.006E-03  0.5978
 -5.600E+02 -2.132E+02  3.603E-04  0.9166
 -5.200E+02 -2.132E+02  6.274E-04  0.8643
 -4.800E+02 -2.132E+02  0.000E+00  0.0000
 -4.400E+02 -2.132E+02  0.000E+00  0.0000
 -4.000E+02 -2.132E+02  0.000E+00  0.0000
 -3.600E+02 -2.132E+02  3.237E-04  0.9318
 -3.200E+02 -2.132E+02  7.701E-04  0.6244
 -2.800E+02 -2.132E+02  7.544E-05  1.0000
 -2.400E+02 -2.132E+02  1.306E-04  1.0000
 -2.000E+02 -2.132E+02  0.000E+00  0.0000
 -1.600E+02 -2.132E+02  0.000E+00  0.0000
 -1.200E+02 -2.132E+02  2.116E-04  0.5975
 -8.000E+01 -2.132E+02  3.163E-04  0.5769
 -4.000E+01 -2.132E+02  3.224E-04  0.6075
  0.000E+00 -2.132E+02  1.316E-04  0.5997
  4.000E+01 -2.132E+02  2.459E-04  0.9793
  8.000E+01 -2.132E+02  1.759E-04  0.6364
  1.200E+02 -2.132E+02  1.024E-04  0.5124
  1.600E+02 -2.132E+02  4.029E-05  1.0000
  2.000E+02 -2.132E+02  3.665E-04  1.0000
  2.400E+02 -2.132E+02  2.489E-04  1.0000
  2.800E+02 -2.132E+02  1.081E-04  1.0000
  3.200E+02 -2.132E+02  1.034E-04  1.0000
  3.600E+02 -2.132E+02  6.384E-04  0.9328
  4.000E+02 -2.132E+02  1.739E-04  0.5964
  4.400E+02 -2.132E+02  8.221E-05  0.9320
  4.800E+02 -2.132E+02  8.734E-06  1.0000
  5.200E+02 -2.132E+02  2.569E-04  0.9044
  5.600E+02 -2.132E+02  1.082E-04  0.7889
  6.000E+02 -2.132E+02  4.120E-04  0.7452
  6.400E+02 -2.132E+02  3.609E-04  0.7084
  6.800E+02 -2.132E+02  1.610E-04  0.7149
 -6.800E+02 -1.738E+02  0.000E+00  0.0000
 -6.400E+02 -1.738E+02  0.000E+00  0.0000
 -6.000E+02 -1.738E+02  0.000E+00  0.0000
 -5.600E+02 -1.738E+02  0.000E+00  0.0000
 -5.200E+02 -1.738E+02  6.987E-04  0.7383
 -4.800E+02 -1.738E+02  1.877E-04  0.8253
 -4.400E+02 -1.738E+02  0.000E+00  0.0000
 -4.000E+02 -1.738E+02  0.000E+00  0.0000
 -3.600E+02 -1.738E+02  1.981E-04  1.0000
 -3.200E+02 -1.738E+02  1.319E-04  1.0000
 -2.800E+02 -1.738E+02  8.532E-05  1.0000
 -2.400E+02 -1.738E+02  4.467E-04  0.7329
 -2.000E+02 -1.738E+02  2.487E-06  1.0000
 -1.600E+02 -1.738E+02  0.000E+00  0.0000
 -1.200E+02 -1.738E+02  1.300E-04  0.7802
 -8.000E+01 -1.738E+02  4.387E-05  1.0000
 -4.000E+01 -1.738E+02  1.401E-04  0.8294
  0.000E+00 -1.738E+02  2.168E-04  0.6967
  4.000E+01 -1.738E+02  4.385E-04  0.7446
  8.000E+01 -1.738E+02  2.267E-04  0.7147
  1.200E+02 -1.738E+02  1.739E-04  0.5476
  1.600E+02 -1.738E+02  6.487E-04  0.6388
  2.000E+02 -1.738E+02  1.128E-05  1.0000
  2.400E+02 -1.738E+02  7.575E-05  0.8586
  2.800E+02 -1.738E+02  8.308E-04  0.5467
  3.200E+02 -1.738E+02  1.379E-04  0.7428
  3.600E+02 -1.738E+02  4.650E-05  1.0000
  4.000E+02 -1.738E+02  1.845E-04  1.0000
  4.400E+02 -1.738E+02  9.817E-04  0.5388
  4.800E+02 -1.738E+02  4.752E-04  0.9373
  5.200E+02 -1.738E+02  0.000E+00  0.0000
  5.600E+02 -1.738E+02  2.424E-04  1.0000
  6.000E+02 -1.738E+02  9.682E-04  0.5263
  6.400E+02 -1.738E+02  6.036E-04  0.6756
  6.800E+02 -1.738E+02  3.455E-04  0.8665
 -6.800E+02 -1.345E+02  2.268E-05  1.0000
 -6.400E+02 -1.345E+02  0.000E+00  0.0000
 -6.000E+02 -1.345E+02  0.000E+00  0.0000
 -5.600E+02 -1.345E+02  0.000E+00  0.0000
 -5.200E+02 -1.345E+02  0.000E+00  0.0000
 -4.800E+02 -1.345E+02  2.451E-04  1.0000
 -4.400E+02 -1.345E+02  1.959E-04  1.0000
 -4.000E+02 -1.345E+02  6.086E-04  0.6606
 -3.600E+02 -1.345E+02  3.939E-04  0.7026
 -3.200E+02 -1.345E+02  3.904E-04  1.0000
 -2.800E+02 -1.345E+02  0.000E+00  0.0000
 -2.400E+02 -1.345E+02  3.565E-04  1.0000
 -2.000E+02 -1.345E+02  8.069E-05  1.0000
 -1.600E+02 -1.345E+02  1.917E-04  0.8499
 -1.200E+02 -1.345E+02  2.974E-04  0.7070
 -8.000E+01 -1.345E+02  1.683E-04  0.7839
 -4.000E+01 -1.345E+02  1.349E-04  1.0000
  0.000E+00 -1.345E+02  1.651E-04  0.8240
  4.000E+01 -1.345E+02  5.539E-04  0.7143
  8.000E+01 -1.345E+02  1.526E-04  0.8968
  1.200E+02 -1.345E+02  3.740E-04  0.7906
  1.600E+02 -1.345E+02  7.382E-04  0.6143
  2.000E+02 -1.345E+02  1.623E-04  0.6169
  2.400E+02 -1.345E+02  5.812E-04  0.6667
  2.800E+02 -1.345E+02  8.128E-04  0.5858
  3.200E+02 -1.345E+02  1.502E-04  1.0000
  3.600E+02 -1.345E+02  2.336E-04  0.7071
  4.000E+02 -1.345E+02  7.670E-04  0.7678
  4.400E+02 -1.345E+02  8.741E-05  1.0000
  4.800E+02 -1.345E+02  9.039E-05  0.8825
  5.200E+02 -1.345E+02  2.265E-04  1.0000
  5.600E+02 -1.345E+02  2.740E-04  1.0000
  6.000E+02 -1.345E+02  3.778E-04  0.8237
  6.400E+02 -1.345E+02  4.534E-04  0.5947
  6.800E+02 -1.345E+02  2.883E-04  0.9826
 -6.800E+02 -9.511E+01  2.180E-05  0.8246
 -6.400E+02 -9.511E+01  1.369E-04  0.9398
 -6.000E+02 -9.511E+01  0.000E+00  0.0000
 -5.600E+02 -9.511E+01  0.000E+00  0.0000
 -5.200E+02 -9.511E+01  3.188E-04  1.0000
 -4.800E+02 -9.511E+01  1.326E-04  1.0000
 -4.400E+02 -9.511E+01  2.166E-04  0.6749
 -4.000E+02 -9.511E+01  7.991E-04  0.5750
 -3.600E+02 -9.511E+01  4.310E-04  0.8001
 -3.200E+02 -9.511E+01  0.000E+00  0.0000
 -2.800E+02 -9.511E+01  0.000E+00  0.0000
 -2.400E+02 -9.511E+01  3.106E-05  1.0000
 -2.000E+02 -9.511E+01  3.930E-04  1.0000
 -1.600E+02 -9.511E+01  0.000E+00  0.0000
 -1.200E+02 -9.511E+01  2.562E-04  0.8145
 -8.000E+01 -9.511E+01  7.931E-04  0.5787
 -4.000E+01 -9.511E+01  3.427E-04  0.7562
  0.000E+00 -9.511E+01  4.255E-06  1.0000
  4.000E+01 -9.511E+01  5.013E-04  0.8864
  8.000E+01 -9.511E+01  2.684E-04  0.7671
  1.200E+02 -9.511E+01  7.142E-05  1.0000
  1.600E+02 -9.511E+01  1.652E-04  0.7717
  2.000E+02 -9.511E+01  1.959E-04  0.8966
  2.400E+02 -9.511E+01  7.459E-04  0.5937
  2.800E+02 -9.511E+01  1.366E-04  0.7686
  3.200E+02 -9.511E+01  6.219E-05  1.0000
  3.600E+02 -9.511E+01  7.914E-04  0.6052
  4.000E+02 -9.511E+01  1.721E-04  0.5653
  4.400E+02 -9.511E+01  4.456E-04  1.0000
  4.800E+02 -9.511E+01  3.590E-04  1.0000
  5.200E+02 -9.511E+01  5.398E-04  0.6617
  5.600E+02 -9.511E+01  2.916E-06  1.0000
  6.000E+02 -9.511E+01  0.000E+00  0.0000
  6.400E+02 -9.511E+01  0.000E+00  0.0000
  6.800E+02 -9.511E+01  0.000E+00  0.0000
 -6.800E+02 -5.576E+01  3.918E-05  1.0000
 -6.400E+02 -5.576E+01  3.203E-04  0.7881
 -6.000E+02 -5.576E+01  2.038E-04  1.0000
 -5.600E+02 -5.576E+01  0.000E+00  0.0000
 -5.200E+02 -5.576E+01  3.146E-04  1.0000
 -4.800E+02 -5.576E+01  0.000E+00  0.0000
 -4.400E+02 -5.576E+01  3.257E-04  0.8251
 -4.000E+02 -5.576E+01  0.000E+00  0.0000
 -3.600E+02 -5.576E+01  0.000E+00  0.0000
 -3.200E+02 -5.576E+01  0.000E+00  0.0000
 -2.800E+02 -5.576E+01  0.000E+00  0.0000
 -2.400E+02 -5.576E+01  0.000E+00  0.0000
 -2.000E+02 -5.576E+01  1.479E-04  1.0000
 -1.600E+02 -5.576E+01  3.387E-04  1.0000
 -1.200E+02 -5.576E+01  7.119E-04  0.7078
 -8.000E+01 -5.576E+01  1.886E-04  1.0000
 -4.000E+01 -5.576E+01  1.109E-04  1.0000
  0.000E+00 -5.576E+01  0.000E+00  0.0000
  4.000E+01 -5.576E+01  0.000E+00  0.0000
  8.000E+01 -5.576E+01  8.681E-04  0.6863
  1.200E+02 -5.576E+01  2.155E-04  0.8677
  1.600E+02 -5.576E+01  4.165E-04  0.9988
  2.000E+02 -5.576E+01  7.698E-05  0.7426
  2.400E+02 -5.576E+01  4.670E-04  0.7877
  2.800E+02 -5.576E+01  3.521E-04  1.0000
  3.200E+02 -5.576E+01  0.000E+00  0.0000
  3.600E+02 -5.576E+01  7.505E-04  0.8099
  4.000E+02 -5.576E+01  6.764E-04  0.8898
  4.400E+02 -5.576E+01  1.164E-04  1.0000
  4.800E+02 -5.576E+01  9.453E-04  0.7074
  5.200E+02 -5.576E+01  2.777E-04  0.5843
  5.600E+02 -5.576E+01  3.132E-04  0.8936
  6.000E+02 -5.576E+01  1.912E-04  1.0000
  6.400E+02 -5.576E+01  0.000E+00  0.0000
  6.800E+02 -5.576E+01  0.000E+00  0.0000
 -6.800E+02 -1.641E+01  3.118E-04  1.0000
 -6.400E+02 -1.641E+01  0.000E+00  0.0000
 -6.000E+02 -1.641E+01  0.000E+00  0.0000
 -5.600E+02 -1.641E+01  0.000E+00  0.0000
 -5.200E+02 -1.641E+01  3.770E-04  0.7262
 -4.800E+02 -1.641E+01  0.000E+00  0.0000
 -4.400E+02 -1.641E+01  0.000E+00  0.0000
 -4.000E+02 -1.641E+01  1.226E-04  1.0000
 -3.600E+02 -1.641E+01  2.802E-04  1.0000
 -3.200E+02 -1.641E+01  0.000E+00  0.0000
 -2.800E+02 -1.641E+01  1.996E-04  1.0000
 -2.400E+02 -1.641E+01  7.836E-06  1.0000
 -2.000E+02 -1.641E+01  0.000E+00  0.0000
 -1.600E+02 -1.641E+01  1.327E-04  1.0000
 -1.200E+02 -1.641E+01  4.110E-05  1.0000
 -8.000E+01 -1.641E+01  1.870E-04  1.0000
 -4.000E+01 -1.641E+01  2.137E-04  1.0000
  0.000E+00 -1.641E+01  1.133E-04  1.0000
  4.000E+01 -1.641E+01  0.000E+00  0.0000
  8.000E+01 -1.641E+01  2.014E-04  0.8468
  1.200E+02 -1.641E+01  4.255E-04  0.9992
  1.600E+02 -1.641E+01  3.102E-05  0.7551
  2.000E+02 -1.641E+01  3.197E-05  1.0000
  2.400E+02 -1.641E+01  5.726E-04  0.8031
  2.800E+02 -1.641E+01  0.000E+00  0.0000
  3.200E+02 -1.641E+01  0.000E+00  0.0000
  3.600E+02 -1.641E+01  1.395E-04  1.0000
  4.000E+02 -1.641E+01  3.679E-05  1.0000
  4.400E+02 -1.641E+01  1.217E-04  0.7268
  4.800E+02 -1.641E+01  8.298E-04  0.7019
  5.200E+02 -1.641E+01  5.239E-04  0.8453
  5.600E+02 -1.641E+01  2.627E-04  1.0000
  6.000E+02 -1.641E+01  1.422E-04  1.0000
  6.400E+02 -1.641E+01  0.000E+00  0.0000
  6.800E+02 -1.641E+01  0.000E+00  0.0000
 -6.800E+02  2.293E+01  1.483E-05  1.0000
 -6.400E+02  2.293E+01  0.000E+00  0.0000
 -6.000E+02  2.293E+01  0.000E+00  0.0000
 -5.600E+02  2.293E+01  3.012E-05  1.0000
 -5.200E+02  2.293E+01  9.441E-05  1.0000
 -4.800E+02  2.293E+01  0.000E+00  0.0000
 -4.400E+02  2.293E+01  0.000E+00  0.0000
 -4.000E+02  2.293E+01  0.000E+00  0.0000
 -3.600E+02  2.293E+01  0.000E+00  0.0000
 -3.200E+02  2.293E+01  0.000E+00  0.0000
 -2.800E+02  2.293E+01  1.343E-04  1.0000
 -2.400E+02  2.293E+01  0.000E+00  0.0000
 -2.000E+02  2.293E+01  0.000E+00  0.0000
 -1.600E+02  2.293E+01  0.000E+00  0.0000
 -1.200E+02  2.293E+01  0.000E+00  0.0000
 -8.000E+01  2.293E+01  5.962E-06  1.0000
 -4.000E+01  2.293E+01  8.353E-05  1.0000
  0.000E+00  2.293E+01  0.000E+00  0.0000
  4.000E+01  2.293E+01  0.000E+00  0.0000
  8.000E+01  2.293E+01  0.000E+00  0.0000
  1.200E+02  2.293E+01  0.000E+00  0.0000
  1.600E+02  2.293E+01  2.027E-04  1.0000
  2.000E+02  2.293E+01  1.700E-05  1.0000
  2.400E+02  2.293E+01  9.900E-05  1.0000
  2.800E+02  2.293E+01  0.000E+00  0.0000
  3.200E+02  2.293E+01  0.000E+00  0.0000
  3.600E+02  2.293E+01  3.753E-06  1.0000
  4.000E+02  2.293E+01  3.410E-05  1.0000
  4.400E+02  2.293E+01  2.748E-07  1.0000
  4.800E+02  2.293E+01  0.000E+00  0.0000
  5.200E+02  2.293E+01  2.977E-05  1.0000
  5.600E+02  2.293E+01  0.000E+00  0.0000
  6.000E+02  2.293E+01  0.000E+00  0.0000
  6.400E+02  2.293E+01  0.000E+00  0.0000
  6.800E+02  2.293E+01  0.000E+00  0.0000
 -6.800E+02  6.228E+01  0.000E+00  0.0000
 -6.400E+02  6.228E+01  0.000E+00  0.0000
 -6.000E+02  6.228E+01  0.000E+00  0.0000
 -5.600E+02  6.228E+01  1.245E-04  1.0000
 -5.200E+02  6.228E+01  0.000E+00  0.0000
 -4.800E+02  6.228E+01  0.000E+00  0.0000
 -4.400E+02  6.228E+01  0.000E+00  0.0000
 -4.000E+02  6.228E+01  0.000E+00  0.0000
 -3.600E+02  6.228E+01  0.000E+00  0.0000
 -3.200E+02  6.228E+01  2.245E-05  1.0000
 -2.800E+02  6.228E+01  1.118E-04  1.0000
 -2.400E+02  6.228E+01  0.000E+00  0.0000
 -2.000E+02  6.228E+01  0.000E+00  0.0000
 -1.600E+02  6.228E+01  0.000E+00  0.0000
 -1.200E+02  6.228E+01  0.000E+00  0.0000
 -8.000E+01  6.228E+01  8.949E-05  1.0000
 -4.000E+01  6.228E+01  0.000E+00  0.0000
  0.000E+00  6.228E+01  0.000E+00  0.0000
  4.000E+01  6.228E+01  0.000E+00  0.0000
  8.000E+01  6.228E+01  0.000E+00  0.0000
  1.200E+02  6.228E+01  0.000E+00  0.0000
  1.600E+02  6.228E+01  1.210E-04  1.0000
  2.000E+02  6.228E+01  9.871E-05  1.0000
  2.400E+02  6.228E+01  9.900E-05  1.0000
  2.800E+02  6.228E+01  0.000E+00  0.0000
  3.200E+02  6.228E+01  0.000E+00  0.0000
  3.600E+02  6.228E+01  0.000E+00  0.0000
  4.000E+02  6.228E+01  0.000E+00  0.0000
  4.400E+02  6.228E+01  3.383E-05  1.0000
  4.800E+02  6.228E+01  2.125E-05  0.8227
  5.200E+02  6.228E+01  1.283E-05  1.0000
  5.600E+02  6.228E+01  0.000E+00  0.0000
  6.000E+02  6.228E+01  0.000E+00  0.0000
  6.400E+02  6.228E+01  0.000E+00  0.0000
  6.800E+02  6.228E+01  0.000E+00  0.0000
 -6.800E+02  1.016E+02  0.000E+00  0.0000
 -6.400E+02  1.016E+02  0.000E+00  0.0000
 -6.000E+02  1.016E+02  1.018E-05  1.0000
 -5.600E+02  1.016E+02  1.144E-04  1.0000
 -5.200E+02  1.016E+02  0.000E+00  0.0000
 -4.800E+02  1.016E+02  0.000E+00  0.0000
 -4.400E+02  1.016E+02  0.000E+00  0.0000
 -4.000E+02  1.016E+02  0.000E+00  0.0000
 -3.600E+02  1.016E+02  0.000E+00  0.0000
 -3.200E+02  1.016E+02  1.343E-04  1.0000
 -2.800E+02  1.016E+02  0.000E+00  0.0000
 -2.400E+02  1.016E+02  0.000E+00  0.0000
 -2.000E+02  1.016E+02  0.000E+00  0.0000
 -1.600E+02  1.016E+02  0.000E+00  0.0000
 -1.200E+02  1.016E+02  6.464E-05  1.0000
 -8.000E+01  1.016E+02  2.485E-05  1.0000
 -4.000E+01  1.016E+02  0.000E+00  0.0000
  0.000E+00  1.016E+02  0.000E+00  0.0000
  4.000E+01  1.016E+02  0.000E+00  0.0000
  8.000E+01  1.016E+02  0.000E+00  0.0000
  1.200E+02  1.016E+02  0.000E+00  0.0000
  1.600E+02  1.016E+02  2.167E-05  1.0000
  2.000E+02  1.016E+02  9.871E-05  1.0000
  2.400E+02  1.016E+02  9.900E-05  1.0000
  2.800E+02  1.016E+02  0.000E+00  0.0000
  3.200E+02  1.016E+02  0.000E+00  0.0000
  3.600E+02  1.016E+02  0.000E+00  0.0000
  4.000E+02  1.016E+02  0.000E+00  0.0000
  4.400E+02  1.016E+02  0.000E+00  0.0000
  4.800E+02  1.016E+02  5.957E-05  0.7070
  5.200E+02  1.016E+02  8.331E-06  1.0000
  5.600E+02  1.016E+02  0.000E+00  0.0000
  6.000E+02  1.016E+02  0.000E+00  0.0000
  6.400E+02  1.016E+02  0.000E+00  0.0000
  6.800E+02  1.016E+02  0.000E+00  0.0000
 -6.800E+02  1.410E+02  0.000E+00  0.0000
 -6.400E+02  1.410E+02  0.000E+00  0.0000
 -6.000E+02  1.410E+02  1.245E-04  1.0000
 -5.600E+02  1.410E+02  0.000E+00  0.0000
 -5.200E+02  1.410E+02  0.000E+00  0.0000
 -4.800E+02  1.410E+02  0.000E+00  0.0000
 -4.400E+02  1.410E+02  0.000E+00  0.0000
 -4.000E+02  1.410E+02  0.000E+00  0.0000
 -3.600E+02  1.410E+02  1.638E-05  1.0000
 -3.200E+02  1.410E+02  1.179E-04  1.0000
 -2.800E+02  1.410E+02  0.000E+00  0.0000
 -2.400E+02  1.410E+02  0.000E+00  0.0000
 -2.000E+02  1.410E+02  0.000E+00  0.0000
 -1.600E+02  1.410E+02  3.382E-05  1.0000
 -1.200E+02  1.410E+02  5.567E-05  1.0000
 -8.000E+01  1.410E+02  0.000E+00  0.0000
 -4.000E+01  1.410E+02  0.000E+00  0.0000
  0.000E+00  1.410E+02  0.000E+00  0.0000
  4.000E+01  1.410E+02  0.000E+00  0.0000
  8.000E+01  1.410E+02  0.000E+00  0.0000
  1.200E+02  1.410E+02  0.000E+00  0.0000
  1.600E+02  1.410E+02  0.000E+00  0.0000
  2.000E+02  1.410E+02  3.926E-05  1.0000
  2.400E+02  1.410E+02  3.239E-06  1.0000
  2.800E+02  1.410E+02  0.000E+00  0.0000
  3.200E+02  1.410E+02  0.000E+00  0.0000
  3.600E+02  1.410E+02  0.000E+00  0.0000
  4.000E+02  1.410E+02  0.000E+00  0.0000
  4.400E+02  1.410E+02  5.248E-05  0.7165
  4.800E+02  1.410E+02  7.845E-06  1.0000
  5.200E+02  1.410E+02  2.577E-05  1.0000
  5.600E+02  1.410E+02  1.236E-05  1.0000
  6.000E+02  1.410E+02  0.000E+00  0.0000
  6.400E+02  1.410E+02  0.000E+00  0.0000
  6.800E+02  1.410E+02  0.000E+00  0.0000
 -6.800E+02  1.803E+02  0.000E+00  0.0000
 -6.400E+02  1.803E+02  0.000E+00  0.0000
 -6.000E+02  1.803E+02  1.245E-04  1.0000
 -5.600E+02  1.803E+02  0.000E+00  0.0000
 -5.200E+02  1.803E+02  0.000E+00  0.0000
 -4.800E+02  1.803E+02  0.000E+00  0.0000
 -4.400E+02  1.803E+02  0.000E+00  0.0000
 -4.000E+02  1.803E+02  0.000E+00  0.0000
 -3.600E+02  1.803E+02  1.343E-04  1.0000
 -3.200E+02  1.803E+02  0.000E+00  0.0000
 -2.800E+02  1.803E+02  0.000E+00  0.0000
 -2.400E+02  1.803E+02  0.000E+00  0.0000
 -2.000E+02  1.803E+02  3.008E-06  1.0000
 -1.600E+02  1.803E+02  8.648E-05  1.0000
 -1.200E+02  1.803E+02  0.000E+00  0.0000
 -8.000E+01  1.803E+02  0.000E+00  0.0000
 -4.000E+01  1.803E+02  0.000E+00  0.0000
  0.000E+00  1.803E+02  0.000E+00  0.0000
  4.000E+01  1.803E+02  0.000E+00  0.0000
  8.000E+01  1.803E+02  0.000E+00  0.0000
  1.200E+02  1.803E+02  0.000E+00  0.0000
  1.600E+02  1.803E+02  0.000E+00  0.0000
  2.000E+02  1.803E+02  0.000E+00  0.0000
  2.400E+02  1.803E+02  0.000E+00  0.0000
  2.800E+02  1.803E+02  0.000E+00  0.0000
  3.200E+02  1.803E+02  0.000E+00  0.0000
  3.600E+02  1.803E+02  0.000E+00  0.0000
  4.000E+02  1.803E+02  0.000E+00  0.0000
  4.400E+02  1.803E+02  7.229E-05  0.7180
  4.800E+02  1.803E+02  0.000E+00  0.0000
  5.200E+02  1.803E+02  0.000E+00  0.0000
  5.600E+02  1.803E+02  2.174E-05  1.0000
  6.000E+02  1.803E+02  1.639E-05  1.0000
  6.400E+02  1.803E+02  0.000E+00  0.0000
  6.800E+02  1.803E+02  0.000E+00  0.0000

#------------------------------------------------------------------------------
 newpage:
#   no. =  2   ie  =  2   iy  =  1   part. = neutron 
#   e = (   5.0000E-07  -   1.0000E-01  )
#   y = (  -1.0000E+03  -   1.0000E+03  )
#  nx =  35   nz =  23

# x          z          flux       r.err
 -6.800E+02 -6.853E+02  6.735E-05  1.0000
 -6.400E+02 -6.853E+02  9.478E-05  1.0000
 -6.000E+02 -6.853E+02  0.000E+00  0.0000
 -5.600E+02 -6.853E+02  4.880E-04  0.7266
 -5.200E+02 -6.853E+02  1.273E-04  1.0000
 -4.800E+02 -6.853E+02  0.000E+00  0.0000
 -4.400E+02 -6.853E+02  5.525E-05  1.0000
 -4.000E+02 -6.853E+02  2.361E-04  0.7137
 -3.600E+02 -6.853E+02  0.000E+00  0.0000
 -3.200E+02 -6.853E+02  0.000E+00  0.0000
 -2.800E+02 -6.853E+02  0.000E+00  0.0000
 -2.400E+02 -6.853E+02  0.000E+00  0.0000
 -2.000E+02 -6.853E+02  0.000E+00  0.0000
 -1.600E+02 -6.853E+02  9.394E-05  1.0000
 -1.200E+02 -6.853E+02  4.395E-04  0.7491
 -8.000E+01 -6.853E+02  0.000E+00  0.0000
 -4.000E+01 -6.853E+02  0.000E+00  0.0000
  0.000E+00 -6.853E+02  7.807E-05  1.0000
  4.000E+01 -6.853E+02  3.019E-05  1.0000
  8.000E+01 -6.853E+02  0.000E+00  0.0000
  1.200E+02 -6.853E+02  0.000E+00  0.0000
  1.600E+02 -6.853E+02  4.248E-05  1.0000
  2.000E+02 -6.853E+02  0.000E+00  0.0000
  2.400E+02 -6.853E+02  0.000E+00  0.0000
  2.800E+02 -6.853E+02  1.212E-04  1.0000
  3.200E+02 -6.853E+02  4.698E-05  1.0000
  3.600E+02 -6.853E+02  4.230E-04  0.7020
  4.000E+02 -6.853E+02  0.000E+00  0.0000
  4.400E+02 -6.853E+02  0.000E+00  0.0000
  4.800E+02 -6.853E+02  2.096E-04  0.7802
  5.200E+02 -6.853E+02  0.000E+00  0.0000
  5.600E+02 -6.853E+02  0.000E+00  0.0000
  6.000E+02 -6.853E+02  0.000E+00  0.0000
  6.400E+02 -6.853E+02  1.959E-04  1.0000
  6.800E+02 -6.853E+02  0.000E+00  0.0000
 -6.800E+02 -6.460E+02  0.000E+00  0.0000
 -6.400E+02 -6.460E+02  0.000E+00  0.0000
 -6.000E+02 -6.460E+02  0.000E+00  0.0000
 -5.600E+02 -6.460E+02  0.000E+00  0.0000
 -5.200E+02 -6.460E+02  0.000E+00  0.0000
 -4.800E+02 -6.460E+02  0.000E+00  0.0000
 -4.400E+02 -6.460E+02  0.000E+00  0.0000
 -4.000E+02 -6.460E+02  0.000E+00  0.0000
 -3.600E+02 -6.460E+02  0.000E+00  0.0000
 -3.200E+02 -6.460E+02  4.981E-06  1.0000
 -2.800E+02 -6.460E+02  1.571E-05  1.0000
 -2.400E+02 -6.460E+02  0.000E+00  0.0000
 -2.000E+02 -6.460E+02  3.633E-05  1.0000
 -1.600E+02 -6.460E+02  4.131E-06  1.0000
 -1.200E+02 -6.460E+02  0.000E+00  0.0000
 -8.000E+01 -6.460E+02  0.000E+00  0.0000
 -4.000E+01 -6.460E+02  0.000E+00  0.0000
  0.000E+00 -6.460E+02  1.208E-05  1.0000
  4.000E+01 -6.460E+02  9.399E-05  0.7684
  8.000E+01 -6.460E+02  0.000E+00  0.0000
  1.200E+02 -6.460E+02  0.000E+00  0.0000
  1.600E+02 -6.460E+02  9.678E-05  0.7257
  2.000E+02 -6.460E+02  4.764E-05  1.0000
  2.400E+02 -6.460E+02  0.000E+00  0.0000
  2.800E+02 -6.460E+02  0.000E+00  0.0000
  3.200E+02 -6.460E+02  0.000E+00  0.0000
  3.600E+02 -6.460E+02  1.304E-04  0.8988
  4.000E+02 -6.460E+02  2.784E-04  1.0000
  4.400E+02 -6.460E+02  0.000E+00  0.0000
  4.800E+02 -6.460E+02  4.900E-06  1.0000
  5.200E+02 -6.460E+02  1.285E-04  1.0000
  5.600E+02 -6.460E+02  0.000E+00  0.0000
  6.000E+02 -6.460E+02  0.000E+00  0.0000
  6.400E+02 -6.460E+02  0.000E+00  0.0000
  6.800E+02 -6.460E+02  0.000E+00  0.0000
 -6.800E+02 -6.066E+02  0.000E+00  0.0000
 -6.400E+02 -6.066E+02  0.000E+00  0.0000
 -6.000E+02 -6.066E+02  0.000E+00  0.0000
 -5.600E+02 -6.066E+02  0.000E+00  0.0000
 -5.200E+02 -6.066E+02  0.000E+00  0.0000
 -4.800E+02 -6.066E+02  0.000E+00  0.0000
 -4.400E+02 -6.066E+02  0.000E+00  0.0000
 -4.000E+02 -6.066E+02  0.000E+00  0.0000
 -3.600E+02 -6.066E+02  9.694E-06  1.0000
 -3.200E+02 -6.066E+02  1.624E-04  1.0000
 -2.800E+02 -6.066E+02  0.000E+00  0.0000
 -2.400E+02 -6.066E+02  5.416E-05  1.0000
 -2.000E+02 -6.066E+02  3.782E-04  0.5938
 -1.600E+02 -6.066E+02  2.500E-04  0.7999
 -1.200E+02 -6.066E+02  9.668E-05  1.0000
 -8.000E+01 -6.066E+02  0.000E+00  0.0000
 -4.000E+01 -6.066E+02  0.000E+00  0.0000
  0.000E+00 -6.066E+02  0.000E+00  0.0000
  4.000E+01 -6.066E+02  3.700E-05  1.0000
  8.000E+01 -6.066E+02  1.007E-04  1.0000
  1.200E+02 -6.066E+02  0.000E+00  0.0000
  1.600E+02 -6.066E+02  2.486E-04  1.0000
  2.000E+02 -6.066E+02  7.233E-05  0.8587
  2.400E+02 -6.066E+02  0.000E+00  0.0000
  2.800E+02 -6.066E+02  2.776E-04  1.0000
  3.200E+02 -6.066E+02  0.000E+00  0.0000
  3.600E+02 -6.066E+02  1.238E-04  1.0000
  4.000E+02 -6.066E+02  0.000E+00  0.0000
  4.400E+02 -6.066E+02  0.000E+00  0.0000
  4.800E+02 -6.066E+02  0.000E+00  0.0000
  5.200E+02 -6.066E+02  0.000E+00  0.0000
  5.600E+02 -6.066E+02  0.000E+00  0.0000
  6.000E+02 -6.066E+02  0.000E+00  0.0000
  6.400E+02 -6.066E+02  0.000E+00  0.0000
  6.800E+02 -6.066E+02  0.000E+00  0.0000
 -6.800E+02 -5.673E+02  0.000E+00  0.0000
 -6.400E+02 -5.673E+02  2.341E-04  1.0000
 -6.000E+02 -5.673E+02  1.491E-04  1.0000
 -5.600E+02 -5.673E+02  0.000E+00  0.0000
 -5.200E+02 -5.673E+02  0.000E+00  0.0000
 -4.800E+02 -5.673E+02  5.417E-05  1.0000
 -4.400E+02 -5.673E+02  2.442E-05  1.0000
 -4.000E+02 -5.673E+02  1.296E-04  1.0000
 -3.600E+02 -5.673E+02  1.433E-04  1.0000
 -3.200E+02 -5.673E+02  3.828E-05  1.0000
 -2.800E+02 -5.673E+02  0.000E+00  0.0000
 -2.400E+02 -5.673E+02  0.000E+00  0.0000
 -2.000E+02 -5.673E+02  2.426E-04  0.7587
 -1.600E+02 -5.673E+02  1.849E-04  0.9021
 -1.200E+02 -5.673E+02  0.000E+00  0.0000
 -8.000E+01 -5.673E+02  0.000E+00  0.0000
 -4.000E+01 -5.673E+02  0.000E+00  0.0000
  0.000E+00 -5.673E+02  0.000E+00  0.0000
  4.000E+01 -5.673E+02  3.626E-04  0.7917
  8.000E+01 -5.673E+02  0.000E+00  0.0000
  1.200E+02 -5.673E+02  0.000E+00  0.0000
  1.600E+02 -5.673E+02  0.000E+00  0.0000
  2.000E+02 -5.673E+02  7.875E-05  1.0000
  2.400E+02 -5.673E+02  0.000E+00  0.0000
  2.800E+02 -5.673E+02  0.000E+00  0.0000
  3.200E+02 -5.673E+02  1.667E-05  1.0000
  3.600E+02 -5.673E+02  1.670E-04  1.0000
  4.000E+02 -5.673E+02  0.000E+00  0.0000
  4.400E+02 -5.673E+02  0.000E+00  0.0000
  4.800E+02 -5.673E+02  0.000E+00  0.0000
  5.200E+02 -5.673E+02  0.000E+00  0.0000
  5.600E+02 -5.673E+02  0.000E+00  0.0000
  6.000E+02 -5.673E+02  0.000E+00  0.0000
  6.400E+02 -5.673E+02  0.000E+00  0.0000
  6.800E+02 -5.673E+02  1.092E-05  1.0000
 -6.800E+02 -5.279E+02  3.380E-06  1.0000
 -6.400E+02 -5.279E+02  1.187E-05  1.0000
 -6.000E+02 -5.279E+02  0.000E+00  0.0000
 -5.600E+02 -5.279E+02  0.000E+00  0.0000
 -5.200E+02 -5.279E+02  1.089E-04  1.0000
 -4.800E+02 -5.279E+02  1.752E-04  1.0000
 -4.400E+02 -5.279E+02  1.258E-04  1.0000
 -4.000E+02 -5.279E+02  0.000E+00  0.0000
 -3.600E+02 -5.279E+02  2.539E-05  1.0000
 -3.200E+02 -5.279E+02  3.989E-05  1.0000
 -2.800E+02 -5.279E+02  0.000E+00  0.0000
 -2.400E+02 -5.279E+02  0.000E+00  0.0000
 -2.000E+02 -5.279E+02  5.984E-05  1.0000
 -1.600E+02 -5.279E+02  0.000E+00  0.0000
 -1.200E+02 -5.279E+02  0.000E+00  0.0000
 -8.000E+01 -5.279E+02  2.137E-04  0.9083
 -4.000E+01 -5.279E+02  2.787E-05  1.0000
  0.000E+00 -5.279E+02  1.128E-04  0.8206
  4.000E+01 -5.279E+02  1.725E-04  0.6600
  8.000E+01 -5.279E+02  6.536E-05  1.0000
  1.200E+02 -5.279E+02  1.690E-04  1.0000
  1.600E+02 -5.279E+02  0.000E+00  0.0000
  2.000E+02 -5.279E+02  0.000E+00  0.0000
  2.400E+02 -5.279E+02  0.000E+00  0.0000
  2.800E+02 -5.279E+02  0.000E+00  0.0000
  3.200E+02 -5.279E+02  5.903E-05  1.0000
  3.600E+02 -5.279E+02  4.237E-05  1.0000
  4.000E+02 -5.279E+02  0.000E+00  0.0000
  4.400E+02 -5.279E+02  0.000E+00  0.0000
  4.800E+02 -5.279E+02  0.000E+00  0.0000
  5.200E+02 -5.279E+02  6.819E-05  1.0000
  5.600E+02 -5.279E+02  0.000E+00  0.0000
  6.000E+02 -5.279E+02  3.402E-05  1.0000
  6.400E+02 -5.279E+02  9.748E-05  1.0000
  6.800E+02 -5.279E+02  1.356E-04  1.0000
 -6.800E+02 -4.886E+02  1.706E-04  1.0000
 -6.400E+02 -4.886E+02  1.535E-04  1.0000
 -6.000E+02 -4.886E+02  8.584E-05  1.0000
 -5.600E+02 -4.886E+02  0.000E+00  0.0000
 -5.200E+02 -4.886E+02  4.592E-04  1.0000
 -4.800E+02 -4.886E+02  0.000E+00  0.0000
 -4.400E+02 -4.886E+02  0.000E+00  0.0000
 -4.000E+02 -4.886E+02  0.000E+00  0.0000
 -3.600E+02 -4.886E+02  0.000E+00  0.0000
 -3.200E+02 -4.886E+02  0.000E+00  0.0000
 -2.800E+02 -4.886E+02  0.000E+00  0.0000
 -2.400E+02 -4.886E+02  0.000E+00  0.0000
 -2.000E+02 -4.886E+02  0.000E+00  0.0000
 -1.600E+02 -4.886E+02  0.000E+00  0.0000
 -1.200E+02 -4.886E+02  0.000E+00  0.0000
 -8.000E+01 -4.886E+02  2.846E-04  1.0000
 -4.000E+01 -4.886E+02  0.000E+00  0.0000
  0.000E+00 -4.886E+02  3.668E-04  0.8400
  4.000E+01 -4.886E+02  4.545E-05  1.0000
  8.000E+01 -4.886E+02  1.069E-04  1.0000
  1.200E+02 -4.886E+02  1.313E-04  0.9598
  1.600E+02 -4.886E+02  0.000E+00  0.0000
  2.000E+02 -4.886E+02  5.552E-05  1.0000
  2.400E+02 -4.886E+02  1.745E-04  1.0000
  2.800E+02 -4.886E+02  0.000E+00  0.0000
  3.200E+02 -4.886E+02  1.282E-04  1.0000
  3.600E+02 -4.886E+02  9.089E-05  1.0000
  4.000E+02 -4.886E+02  0.000E+00  0.0000
  4.400E+02 -4.886E+02  0.000E+00  0.0000
  4.800E+02 -4.886E+02  0.000E+00  0.0000
  5.200E+02 -4.886E+02  0.000E+00  0.0000
  5.600E+02 -4.886E+02  0.000E+00  0.0000
  6.000E+02 -4.886E+02  1.486E-04  1.0000
  6.400E+02 -4.886E+02  0.000E+00  0.0000
  6.800E+02 -4.886E+02  2.669E-04  1.0000
 -6.800E+02 -4.492E+02  1.138E-04  1.0000
 -6.400E+02 -4.492E+02  1.280E-04  1.0000
 -6.000E+02 -4.492E+02  0.000E+00  0.0000
 -5.600E+02 -4.492E+02  3.544E-04  0.8246
 -5.200E+02 -4.492E+02  7.904E-05  1.0000
 -4.800E+02 -4.492E+02  0.000E+00  0.0000
 -4.400E+02 -4.492E+02  0.000E+00  0.0000
 -4.000E+02 -4.492E+02  0.000E+00  0.0000
 -3.600E+02 -4.492E+02  3.262E-05  1.0000
 -3.200E+02 -4.492E+02  3.575E-05  1.0000
 -2.800E+02 -4.492E+02  0.000E+00  0.0000
 -2.400E+02 -4.492E+02  0.000E+00  0.0000
 -2.000E+02 -4.492E+02  0.000E+00  0.0000
 -1.600E+02 -4.492E+02  3.110E-04  1.0000
 -1.200E+02 -4.492E+02  8.337E-05  1.0000
 -8.000E+01 -4.492E+02  0.000E+00  0.0000
 -4.000E+01 -4.492E+02  1.492E-05  1.0000
  0.000E+00 -4.492E+02  7.256E-05  0.8261
  4.000E+01 -4.492E+02  0.000E+00  0.0000
  8.000E+01 -4.492E+02  1.650E-04  1.0000
  1.200E+02 -4.492E+02  1.808E-04  1.0000
  1.600E+02 -4.492E+02  0.000E+00  0.0000
  2.000E+02 -4.492E+02  0.000E+00  0.0000
  2.400E+02 -4.492E+02  0.000E+00  0.0000
  2.800E+02 -4.492E+02  7.971E-05  0.9685
  3.200E+02 -4.492E+02  1.325E-04  0.7167
  3.600E+02 -4.492E+02  0.000E+00  0.0000
  4.000E+02 -4.492E+02  0.000E+00  0.0000
  4.400E+02 -4.492E+02  0.000E+00  0.0000
  4.800E+02 -4.492E+02  0.000E+00  0.0000
  5.200E+02 -4.492E+02  0.000E+00  0.0000
  5.600E+02 -4.492E+02  1.036E-04  1.0000
  6.000E+02 -4.492E+02  1.707E-04  1.0000
  6.400E+02 -4.492E+02  5.673E-05  1.0000
  6.800E+02 -4.492E+02  0.000E+00  0.0000
 -6.800E+02 -4.099E+02  1.566E-05  1.0000
 -6.400E+02 -4.099E+02  2.313E-04  1.0000
 -6.000E+02 -4.099E+02  1.542E-04  0.7094
 -5.600E+02 -4.099E+02  7.994E-05  0.9254
 -5.200E+02 -4.099E+02  6.008E-05  1.0000
 -4.800E+02 -4.099E+02  7.585E-05  1.0000
 -4.400E+02 -4.099E+02  7.574E-05  0.7104
 -4.000E+02 -4.099E+02  0.000E+00  0.0000
 -3.600E+02 -4.099E+02  1.053E-04  1.0000
 -3.200E+02 -4.099E+02  0.000E+00  0.0000
 -2.800E+02 -4.099E+02  1.682E-04  1.0000
 -2.400E+02 -4.099E+02  0.000E+00  0.0000
 -2.000E+02 -4.099E+02  0.000E+00  0.0000
 -1.600E+02 -4.099E+02  1.172E-05  1.0000
 -1.200E+02 -4.099E+02  0.000E+00  0.0000
 -8.000E+01 -4.099E+02  0.000E+00  0.0000
 -4.000E+01 -4.099E+02  1.475E-04  0.7858
  0.000E+00 -4.099E+02  5.103E-04  0.7349
  4.000E+01 -4.099E+02  9.522E-06  1.0000
  8.000E+01 -4.099E+02  0.000E+00  0.0000
  1.200E+02 -4.099E+02  0.000E+00  0.0000
  1.600E+02 -4.099E+02  1.555E-04  1.0000
  2.000E+02 -4.099E+02  3.932E-04  0.7100
  2.400E+02 -4.099E+02  0.000E+00  0.0000
  2.800E+02 -4.099E+02  1.430E-04  0.8975
  3.200E+02 -4.099E+02  1.580E-04  0.7527
  3.600E+02 -4.099E+02  2.753E-04  0.7805
  4.000E+02 -4.099E+02  1.086E-04  1.0000
  4.400E+02 -4.099E+02  2.239E-04  0.7140
  4.800E+02 -4.099E+02  0.000E+00  0.0000
  5.200E+02 -4.099E+02  2.507E-04  0.7157
  5.600E+02 -4.099E+02  1.818E-04  0.8253
  6.000E+02 -4.099E+02  0.000E+00  0.0000
  6.400E+02 -4.099E+02  0.000E+00  0.0000
  6.800E+02 -4.099E+02  0.000E+00  0.0000
 -6.800E+02 -3.705E+02  1.993E-04  1.0000
 -6.400E+02 -3.705E+02  2.188E-05  1.0000
 -6.000E+02 -3.705E+02  0.000E+00  0.0000
 -5.600E+02 -3.705E+02  1.013E-05  1.0000
 -5.200E+02 -3.705E+02  1.977E-04  1.0000
 -4.800E+02 -3.705E+02  0.000E+00  0.0000
 -4.400E+02 -3.705E+02  2.858E-05  1.0000
 -4.000E+02 -3.705E+02  0.000E+00  0.0000
 -3.600E+02 -3.705E+02  0.000E+00  0.0000
 -3.200E+02 -3.705E+02  0.000E+00  0.0000
 -2.800E+02 -3.705E+02  1.213E-05  1.0000
 -2.400E+02 -3.705E+02  0.000E+00  0.0000
 -2.000E+02 -3.705E+02  0.000E+00  0.0000
 -1.600E+02 -3.705E+02  6.920E-05  1.0000
 -1.200E+02 -3.705E+02  4.635E-05  1.0000
 -8.000E+01 -3.705E+02  0.000E+00  0.0000
 -4.000E+01 -3.705E+02  2.016E-04  1.0000
  0.000E+00 -3.705E+02  0.000E+00  0.0000
  4.000E+01 -3.705E+02  1.980E-04  1.0000
  8.000E+01 -3.705E+02  2.075E-04  1.0000
  1.200E+02 -3.705E+02  5.821E-05  1.0000
  1.600E+02 -3.705E+02  0.000E+00  0.0000
  2.000E+02 -3.705E+02  6.759E-04  0.5938
  2.400E+02 -3.705E+02  8.519E-05  0.9762
  2.800E+02 -3.705E+02  2.204E-04  1.0000
  3.200E+02 -3.705E+02  4.336E-04  0.8510
  3.600E+02 -3.705E+02  1.493E-04  0.7744
  4.000E+02 -3.705E+02  3.197E-04  1.0000
  4.400E+02 -3.705E+02  0.000E+00  0.0000
  4.800E+02 -3.705E+02  0.000E+00  0.0000
  5.200E+02 -3.705E+02  8.938E-05  0.7993
  5.600E+02 -3.705E+02  1.107E-04  0.9005
  6.000E+02 -3.705E+02  0.000E+00  0.0000
  6.400E+02 -3.705E+02  0.000E+00  0.0000
  6.800E+02 -3.705E+02  0.000E+00  0.0000
 -6.800E+02 -3.312E+02  4.151E-05  1.0000
 -6.400E+02 -3.312E+02  1.053E-04  1.0000
 -6.000E+02 -3.312E+02  0.000E+00  0.0000
 -5.600E+02 -3.312E+02  5.359E-06  1.0000
 -5.200E+02 -3.312E+02  2.706E-04  0.6475
 -4.800E+02 -3.312E+02  1.541E-04  1.0000
 -4.400E+02 -3.312E+02  0.000E+00  0.0000
 -4.000E+02 -3.312E+02  4.219E-05  1.0000
 -3.600E+02 -3.312E+02  0.000E+00  0.0000
 -3.200E+02 -3.312E+02  1.498E-05  0.7471
 -2.800E+02 -3.312E+02  1.005E-04  1.0000
 -2.400E+02 -3.312E+02  7.139E-05  1.0000
 -2.000E+02 -3.312E+02  0.000E+00  0.0000
 -1.600E+02 -3.312E+02  0.000E+00  0.0000
 -1.200E+02 -3.312E+02  1.265E-04  1.0000
 -8.000E+01 -3.312E+02  9.058E-05  1.0000
 -4.000E+01 -3.312E+02  2.016E-04  1.0000
  0.000E+00 -3.312E+02  0.000E+00  0.0000
  4.000E+01 -3.312E+02  0.000E+00  0.0000
  8.000E+01 -3.312E+02  0.000E+00  0.0000
  1.200E+02 -3.312E+02  1.493E-04  1.0000
  1.600E+02 -3.312E+02  8.293E-05  1.0000
  2.000E+02 -3.312E+02  4.184E-05  0.9642
  2.400E+02 -3.312E+02  0.000E+00  0.0000
  2.800E+02 -3.312E+02  6.743E-05  1.0000
  3.200E+02 -3.312E+02  2.810E-04  0.8918
  3.600E+02 -3.312E+02  1.288E-04  1.0000
  4.000E+02 -3.312E+02  2.533E-04  0.7966
  4.400E+02 -3.312E+02  4.330E-04  1.0000
  4.800E+02 -3.312E+02  9.010E-06  1.0000
  5.200E+02 -3.312E+02  0.000E+00  0.0000
  5.600E+02 -3.312E+02  0.000E+00  0.0000
  6.000E+02 -3.312E+02  0.000E+00  0.0000
  6.400E+02 -3.312E+02  0.000E+00  0.0000
  6.800E+02 -3.312E+02  0.000E+00  0.0000
 -6.800E+02 -2.918E+02  2.899E-04  1.0000
 -6.400E+02 -2.918E+02  7.754E-05  0.7710
 -6.000E+02 -2.918E+02  0.000E+00  0.0000
 -5.600E+02 -2.918E+02  8.755E-05  1.0000
 -5.200E+02 -2.918E+02  2.396E-04  0.5929
 -4.800E+02 -2.918E+02  2.080E-05  1.0000
 -4.400E+02 -2.918E+02  0.000E+00  0.0000
 -4.000E+02 -2.918E+02  0.000E+00  0.0000
 -3.600E+02 -2.918E+02  2.778E-05  1.0000
 -3.200E+02 -2.918E+02  1.334E-04  1.0000
 -2.800E+02 -2.918E+02  2.725E-04  0.6216
 -2.400E+02 -2.918E+02  8.874E-06  1.0000
 -2.000E+02 -2.918E+02  0.000E+00  0.0000
 -1.600E+02 -2.918E+02  0.000E+00  0.0000
 -1.200E+02 -2.918E+02  0.000E+00  0.0000
 -8.000E+01 -2.918E+02  8.231E-05  1.0000
 -4.000E+01 -2.918E+02  3.364E-04  0.7208
  0.000E+00 -2.918E+02  0.000E+00  0.0000
  4.000E+01 -2.918E+02  0.000E+00  0.0000
  8.000E+01 -2.918E+02  0.000E+00  0.0000
  1.200E+02 -2.918E+02  0.000E+00  0.0000
  1.600E+02 -2.918E+02  0.000E+00  0.0000
  2.000E+02 -2.918E+02  3.453E-04  0.7107
  2.400E+02 -2.918E+02  7.131E-06  1.0000
  2.800E+02 -2.918E+02  6.001E-05  1.0000
  3.200E+02 -2.918E+02  2.812E-04  0.7342
  3.600E+02 -2.918E+02  1.275E-05  1.0000
  4.000E+02 -2.918E+02  3.656E-05  1.0000
  4.400E+02 -2.918E+02  0.000E+00  0.0000
  4.800E+02 -2.918E+02  0.000E+00  0.0000
  5.200E+02 -2.918E+02  0.000E+00  0.0000
  5.600E+02 -2.918E+02  0.000E+00  0.0000
  6.000E+02 -2.918E+02  4.455E-04  0.8204
  6.400E+02 -2.918E+02  1.061E-04  1.0000
  6.800E+02 -2.918E+02  0.000E+00  0.0000
 -6.800E+02 -2.525E+02  8.322E-05  0.7183
 -6.400E+02 -2.525E+02  1.375E-04  1.0000
 -6.000E+02 -2.525E+02  1.123E-04  1.0000
 -5.600E+02 -2.525E+02  0.000E+00  0.0000
 -5.200E+02 -2.525E+02  1.221E-04  1.0000
 -4.800E+02 -2.525E+02  0.000E+00  0.0000
 -4.400E+02 -2.525E+02  0.000E+00  0.0000
 -4.000E+02 -2.525E+02  0.000E+00  0.0000
 -3.600E+02 -2.525E+02  6.283E-05  0.8221
 -3.200E+02 -2.525E+02  1.506E-05  1.0000
 -2.800E+02 -2.525E+02  4.043E-04  0.7933
 -2.400E+02 -2.525E+02  8.276E-05  1.0000
 -2.000E+02 -2.525E+02  0.000E+00  0.0000
 -1.600E+02 -2.525E+02  0.000E+00  0.0000
 -1.200E+02 -2.525E+02  0.000E+00  0.0000
 -8.000E+01 -2.525E+02  5.798E-05  1.0000
 -4.000E+01 -2.525E+02  1.817E-04  0.8176
  0.000E+00 -2.525E+02  1.729E-04  1.0000
  4.000E+01 -2.525E+02  6.136E-06  1.0000
  8.000E+01 -2.525E+02  0.000E+00  0.0000
  1.200E+02 -2.525E+02  0.000E+00  0.0000
  1.600E+02 -2.525E+02  0.000E+00  0.0000
  2.000E+02 -2.525E+02  0.000E+00  0.0000
  2.400E+02 -2.525E+02  0.000E+00  0.0000
  2.800E+02 -2.525E+02  0.000E+00  0.0000
  3.200E+02 -2.525E+02  1.928E-04  1.0000
  3.600E+02 -2.525E+02  5.649E-05  1.0000
  4.000E+02 -2.525E+02  2.767E-04  0.8082
  4.400E+02 -2.525E+02  0.000E+00  0.0000
  4.800E+02 -2.525E+02  0.000E+00  0.0000
  5.200E+02 -2.525E+02  1.649E-04  1.0000
  5.600E+02 -2.525E+02  0.000E+00  0.0000
  6.000E+02 -2.525E+02  1.120E-04  0.8124
  6.400E+02 -2.525E+02  1.085E-04  0.8565
  6.800E+02 -2.525E+02  2.077E-04  0.9370
 -6.800E+02 -2.132E+02  8.686E-06  1.0000
 -6.400E+02 -2.132E+02  2.752E-04  0.7891
 -6.000E+02 -2.132E+02  3.169E-04  0.5916
 -5.600E+02 -2.132E+02  0.000E+00  0.0000
 -5.200E+02 -2.132E+02  2.355E-04  1.0000
 -4.800E+02 -2.132E+02  0.000E+00  0.0000
 -4.400E+02 -2.132E+02  0.000E+00  0.0000
 -4.000E+02 -2.132E+02  0.000E+00  0.0000
 -3.600E+02 -2.132E+02  2.854E-04  0.6007
 -3.200E+02 -2.132E+02  1.668E-04  0.6717
 -2.800E+02 -2.132E+02  0.000E+00  0.0000
 -2.400E+02 -2.132E+02  8.202E-05  1.0000
 -2.000E+02 -2.132E+02  0.000E+00  0.0000
 -1.600E+02 -2.132E+02  1.068E-04  1.0000
 -1.200E+02 -2.132E+02  3.320E-04  1.0000
 -8.000E+01 -2.132E+02  3.636E-04  0.7112
 -4.000E+01 -2.132E+02  1.621E-04  1.0000
  0.000E+00 -2.132E+02  1.359E-04  1.0000
  4.000E+01 -2.132E+02  1.667E-04  1.0000
  8.000E+01 -2.132E+02  5.036E-05  1.0000
  1.200E+02 -2.132E+02  0.000E+00  0.0000
  1.600E+02 -2.132E+02  0.000E+00  0.0000
  2.000E+02 -2.132E+02  3.484E-05  1.0000
  2.400E+02 -2.132E+02  6.600E-05  0.7145
  2.800E+02 -2.132E+02  0.000E+00  0.0000
  3.200E+02 -2.132E+02  0.000E+00  0.0000
  3.600E+02 -2.132E+02  6.151E-05  0.7581
  4.000E+02 -2.132E+02  2.377E-05  1.0000
  4.400E+02 -2.132E+02  0.000E+00  0.0000
  4.800E+02 -2.132E+02  0.000E+00  0.0000
  5.200E+02 -2.132E+02  1.310E-04  1.0000
  5.600E+02 -2.132E+02  2.395E-05  1.0000
  6.000E+02 -2.132E+02  0.000E+00  0.0000
  6.400E+02 -2.132E+02  1.918E-04  0.7968
  6.800E+02 -2.132E+02  7.276E-05  0.9275
 -6.800E+02 -1.738E+02  0.000E+00  0.0000
 -6.400E+02 -1.738E+02  0.000E+00  0.0000
 -6.000E+02 -1.738E+02  0.000E+00  0.0000
 -5.600E+02 -1.738E+02  0.000E+00  0.0000
 -5.200E+02 -1.738E+02  1.716E-04  0.9309
 -4.800E+02 -1.738E+02  1.657E-04  1.0000
 -4.400E+02 -1.738E+02  0.000E+00  0.0000
 -4.000E+02 -1.738E+02  0.000E+00  0.0000
 -3.600E+02 -1.738E+02  1.440E-04  1.0000
 -3.200E+02 -1.738E+02  1.257E-04  1.0000
 -2.800E+02 -1.738E+02  0.000E+00  0.0000
 -2.400E+02 -1.738E+02  1.643E-04  0.8870
 -2.000E+02 -1.738E+02  4.267E-05  1.0000
 -1.600E+02 -1.738E+02  0.000E+00  0.0000
 -1.200E+02 -1.738E+02  8.082E-05  1.0000
 -8.000E+01 -1.738E+02  3.567E-04  0.7130
 -4.000E+01 -1.738E+02  0.000E+00  0.0000
  0.000E+00 -1.738E+02  2.623E-05  1.0000
  4.000E+01 -1.738E+02  1.621E-04  1.0000
  8.000E+01 -1.738E+02  2.846E-04  0.7138
  1.200E+02 -1.738E+02  2.567E-04  0.7311
  1.600E+02 -1.738E+02  2.703E-04  0.7182
  2.000E+02 -1.738E+02  0.000E+00  0.0000
  2.400E+02 -1.738E+02  2.161E-04  0.7330
  2.800E+02 -1.738E+02  3.300E-04  0.7107
  3.200E+02 -1.738E+02  1.395E-04  0.9167
  3.600E+02 -1.738E+02  2.026E-04  1.0000
  4.000E+02 -1.738E+02  2.937E-05  1.0000
  4.400E+02 -1.738E+02  3.363E-04  0.6537
  4.800E+02 -1.738E+02  1.093E-04  1.0000
  5.200E+02 -1.738E+02  0.000E+00  0.0000
  5.600E+02 -1.738E+02  6.527E-05  1.0000
  6.000E+02 -1.738E+02  7.270E-04  0.5912
  6.400E+02 -1.738E+02  2.019E-04  0.7191
  6.800E+02 -1.738E+02  1.291E-04  1.0000
 -6.800E+02 -1.345E+02  8.417E-05  1.0000
 -6.400E+02 -1.345E+02  0.000E+00  0.0000
 -6.000E+02 -1.345E+02  0.000E+00  0.0000
 -5.600E+02 -1.345E+02  0.000E+00  0.0000
 -5.200E+02 -1.345E+02  0.000E+00  0.0000
 -4.800E+02 -1.345E+02  1.594E-04  1.0000
 -4.400E+02 -1.345E+02  0.000E+00  0.0000
 -4.000E+02 -1.345E+02  1.584E-04  1.0000
 -3.600E+02 -1.345E+02  0.000E+00  0.0000
 -3.200E+02 -1.345E+02  5.189E-05  1.0000
 -2.800E+02 -1.345E+02  0.000E+00  0.0000
 -2.400E+02 -1.345E+02  1.375E-04  1.0000
 -2.000E+02 -1.345E+02  0.000E+00  0.0000
 -1.600E+02 -1.345E+02  0.000E+00  0.0000
 -1.200E+02 -1.345E+02  0.000E+00  0.0000
 -8.000E+01 -1.345E+02  2.972E-04  0.7506
 -4.000E+01 -1.345E+02  1.403E-04  1.0000
  0.000E+00 -1.345E+02  0.000E+00  0.0000
  4.000E+01 -1.345E+02  7.923E-05  1.0000
  8.000E+01 -1.345E+02  1.653E-04  1.0000
  1.200E+02 -1.345E+02  2.436E-04  0.7508
  1.600E+02 -1.345E+02  3.564E-04  0.7224
  2.000E+02 -1.345E+02  1.032E-04  1.0000
  2.400E+02 -1.345E+02  3.934E-04  0.6430
  2.800E+02 -1.345E+02  3.838E-04  0.7581
  3.200E+02 -1.345E+02  0.000E+00  0.0000
  3.600E+02 -1.345E+02  3.602E-04  0.7430
  4.000E+02 -1.345E+02  9.083E-05  0.7095
  4.400E+02 -1.345E+02  2.286E-04  0.7611
  4.800E+02 -1.345E+02  1.995E-04  1.0000
  5.200E+02 -1.345E+02  0.000E+00  0.0000
  5.600E+02 -1.345E+02  0.000E+00  0.0000
  6.000E+02 -1.345E+02  2.857E-04  0.7456
  6.400E+02 -1.345E+02  7.078E-05  0.8617
  6.800E+02 -1.345E+02  2.416E-04  1.0000
 -6.800E+02 -9.511E+01  1.652E-05  1.0000
 -6.400E+02 -9.511E+01  1.017E-04  1.0000
 -6.000E+02 -9.511E+01  0.000E+00  0.0000
 -5.600E+02 -9.511E+01  0.000E+00  0.0000
 -5.200E+02 -9.511E+01  8.791E-05  1.0000
 -4.800E+02 -9.511E+01  2.275E-05  1.0000
 -4.400E+02 -9.511E+01  1.981E-04  1.0000
 -4.000E+02 -9.511E+01  3.227E-04  0.7042
 -3.600E+02 -9.511E+01  1.065E-04  1.0000
 -3.200E+02 -9.511E+01  6.039E-05  1.0000
 -2.800E+02 -9.511E+01  0.000E+00  0.0000
 -2.400E+02 -9.511E+01  0.000E+00  0.0000
 -2.000E+02 -9.511E+01  1.623E-04  1.0000
 -1.600E+02 -9.511E+01  0.000E+00  0.0000
 -1.200E+02 -9.511E+01  1.122E-04  1.0000
 -8.000E+01 -9.511E+01  1.368E-04  0.7184
 -4.000E+01 -9.511E+01  1.802E-04  0.9499
  0.000E+00 -9.511E+01  1.314E-04  1.0000
  4.000E+01 -9.511E+01  1.886E-04  0.7098
  8.000E+01 -9.511E+01  0.000E+00  0.0000
  1.200E+02 -9.511E+01  0.000E+00  0.0000
  1.600E+02 -9.511E+01  0.000E+00  0.0000
  2.000E+02 -9.511E+01  1.241E-04  1.0000
  2.400E+02 -9.511E+01  3.407E-04  0.7074
  2.800E+02 -9.511E+01  1.490E-04  1.0000
  3.200E+02 -9.511E+01  4.481E-05  1.0000
  3.600E+02 -9.511E+01  3.889E-04  0.8316
  4.000E+02 -9.511E+01  1.007E-04  1.0000
  4.400E+02 -9.511E+01  1.587E-04  1.0000
  4.800E+02 -9.511E+01  1.515E-04  0.7829
  5.200E+02 -9.511E+01  2.565E-04  0.7452
  5.600E+02 -9.511E+01  0.000E+00  0.0000
  6.000E+02 -9.511E+01  0.000E+00  0.0000
  6.400E+02 -9.511E+01  0.000E+00  0.0000
  6.800E+02 -9.511E+01  0.000E+00  0.0000
 -6.800E+02 -5.576E+01  0.000E+00  0.0000
 -6.400E+02 -5.576E+01  0.000E+00  0.0000
 -6.000E+02 -5.576E+01  1.395E-04  1.0000
 -5.600E+02 -5.576E+01  0.000E+00  0.0000
 -5.200E+02 -5.576E+01  2.975E-05  1.0000
 -4.800E+02 -5.576E+01  0.000E+00  0.0000
 -4.400E+02 -5.576E+01  2.406E-04  1.0000
 -4.000E+02 -5.576E+01  0.000E+00  0.0000
 -3.600E+02 -5.576E+01  0.000E+00  0.0000
 -3.200E+02 -5.576E+01  0.000E+00  0.0000
 -2.800E+02 -5.576E+01  0.000E+00  0.0000
 -2.400E+02 -5.576E+01  0.000E+00  0.0000
 -2.000E+02 -5.576E+01  0.000E+00  0.0000
 -1.600E+02 -5.576E+01  5.744E-05  1.0000
 -1.200E+02 -5.576E+01  5.374E-04  0.7581
 -8.000E+01 -5.576E+01  1.315E-04  0.7535
 -4.000E+01 -5.576E+01  0.000E+00  0.0000
  0.000E+00 -5.576E+01  0.000E+00  0.0000
  4.000E+01 -5.576E+01  0.000E+00  0.0000
  8.000E+01 -5.576E+01  1.537E-04  0.8304
  1.200E+02 -5.576E+01  5.763E-05  1.0000
  1.600E+02 -5.576E+01  1.594E-04  1.0000
  2.000E+02 -5.576E+01  2.596E-05  1.0000
  2.400E+02 -5.576E+01  3.800E-04  0.7141
  2.800E+02 -5.576E+01  1.927E-04  1.0000
  3.200E+02 -5.576E+01  0.000E+00  0.0000
  3.600E+02 -5.576E+01  7.000E-05  1.0000
  4.000E+02 -5.576E+01  2.291E-05  1.0000
  4.400E+02 -5.576E+01  4.747E-05  1.0000
  4.800E+02 -5.576E+01  1.743E-04  0.7077
  5.200E+02 -5.576E+01  1.101E-04  0.8297
  5.600E+02 -5.576E+01  1.403E-04  1.0000
  6.000E+02 -5.576E+01  1.161E-04  1.0000
  6.400E+02 -5.576E+01  0.000E+00  0.0000
  6.800E+02 -5.576E+01  0.000E+00  0.0000
 -6.800E+02 -1.641E+01  3.095E-04  0.9587
 -6.400E+02 -1.641E+01  0.000E+00  0.0000
 -6.000E+02 -1.641E+01  0.000E+00  0.0000
 -5.600E+02 -1.641E+01  0.000E+00  0.0000
 -5.200E+02 -1.641E+01  4.437E-04  0.7236
 -4.800E+02 -1.641E+01  0.000E+00  0.0000
 -4.400E+02 -1.641E+01  0.000E+00  0.0000
 -4.000E+02 -1.641E+01  4.736E-05  1.0000
 -3.600E+02 -1.641E+01  4.030E-05  1.0000
 -3.200E+02 -1.641E+01  0.000E+00  0.0000
 -2.800E+02 -1.641E+01  1.423E-04  1.0000
 -2.400E+02 -1.641E+01  0.000E+00  0.0000
 -2.000E+02 -1.641E+01  0.000E+00  0.0000
 -1.600E+02 -1.641E+01  1.168E-04  1.0000
 -1.200E+02 -1.641E+01  0.000E+00  0.0000
 -8.000E+01 -1.641E+01  0.000E+00  0.0000
 -4.000E+01 -1.641E+01  9.900E-05  1.0000
  0.000E+00 -1.641E+01  9.538E-05  1.0000
  4.000E+01 -1.641E+01  0.000E+00  0.0000
  8.000E+01 -1.641E+01  1.026E-04  1.0000
  1.200E+02 -1.641E+01  1.817E-04  1.0000
  1.600E+02 -1.641E+01  1.520E-04  1.0000
  2.000E+02 -1.641E+01  3.395E-04  0.7633
  2.400E+02 -1.641E+01  2.073E-04  0.7949
  2.800E+02 -1.641E+01  0.000E+00  0.0000
  3.200E+02 -1.641E+01  0.000E+00  0.0000
  3.600E+02 -1.641E+01  1.095E-05  1.0000
  4.000E+02 -1.641E+01  6.568E-05  1.0000
  4.400E+02 -1.641E+01  3.965E-05  1.0000
  4.800E+02 -1.641E+01  1.435E-04  1.0000
  5.200E+02 -1.641E+01  1.195E-04  0.7082
  5.600E+02 -1.641E+01  1.336E-04  1.0000
  6.000E+02 -1.641E+01  0.000E+00  0.0000
  6.400E+02 -1.641E+01  0.000E+00  0.0000
  6.800E+02 -1.641E+01  0.000E+00  0.0000
 -6.800E+02  2.293E+01  8.016E-05  1.0000
 -6.400E+02  2.293E+01  0.000E+00  0.0000
 -6.000E+02  2.293E+01  0.000E+00  0.0000
 -5.600E+02  2.293E+01  0.000E+00  0.0000
 -5.200E+02  2.293E+01  0.000E+00  0.0000
 -4.800E+02  2.293E+01  0.000E+00  0.0000
 -4.400E+02  2.293E+01  0.000E+00  0.0000
 -4.000E+02  2.293E+01  0.000E+00  0.0000
 -3.600E+02  2.293E+01  0.000E+00  0.0000
 -3.200E+02  2.293E+01  0.000E+00  0.0000
 -2.800E+02  2.293E+01  0.000E+00  0.0000
 -2.400E+02  2.293E+01  0.000E+00  0.0000
 -2.000E+02  2.293E+01  0.000E+00  0.0000
 -1.600E+02  2.293E+01  0.000E+00  0.0000
 -1.200E+02  2.293E+01  0.000E+00  0.0000
 -8.000E+01  2.293E+01  0.000E+00  0.0000
 -4.000E+01  2.293E+01  0.000E+00  0.0000
  0.000E+00  2.293E+01  0.000E+00  0.0000
  4.000E+01  2.293E+01  0.000E+00  0.0000
  8.000E+01  2.293E+01  0.000E+00  0.0000
  1.200E+02  2.293E+01  0.000E+00  0.0000
  1.600E+02  2.293E+01  4.926E-04  1.0000
  2.000E+02  2.293E+01  5.798E-04  0.7532
  2.400E+02  2.293E+01  0.000E+00  0.0000
  2.800E+02  2.293E+01  0.000E+00  0.0000
  3.200E+02  2.293E+01  0.000E+00  0.0000
  3.600E+02  2.293E+01  0.000E+00  0.0000
  4.000E+02  2.293E+01  0.000E+00  0.0000
  4.400E+02  2.293E+01  0.000E+00  0.0000
  4.800E+02  2.293E+01  0.000E+00  0.0000
  5.200E+02  2.293E+01  1.580E-04  1.0000
  5.600E+02  2.293E+01  0.000E+00  0.0000
  6.000E+02  2.293E+01  0.000E+00  0.0000
  6.400E+02  2.293E+01  0.000E+00  0.0000
  6.800E+02  2.293E+01  0.000E+00  0.0000
 -6.800E+02  6.228E+01  0.000E+00  0.0000
 -6.400E+02  6.228E+01  0.000E+00  0.0000
 -6.000E+02  6.228E+01  0.000E+00  0.0000
 -5.600E+02  6.228E+01  0.000E+00  0.0000
 -5.200E+02  6.228E+01  0.000E+00  0.0000
 -4.800E+02  6.228E+01  0.000E+00  0.0000
 -4.400E+02  6.228E+01  0.000E+00  0.0000
 -4.000E+02  6.228E+01  0.000E+00  0.0000
 -3.600E+02  6.228E+01  0.000E+00  0.0000
 -3.200E+02  6.228E+01  0.000E+00  0.0000
 -2.800E+02  6.228E+01  0.000E+00  0.0000
 -2.400E+02  6.228E+01  0.000E+00  0.0000
 -2.000E+02  6.228E+01  0.000E+00  0.0000
 -1.600E+02  6.228E+01  0.000E+00  0.0000
 -1.200E+02  6.228E+01  0.000E+00  0.0000
 -8.000E+01  6.228E+01  0.000E+00  0.0000
 -4.000E+01  6.228E+01  0.000E+00  0.0000
  0.000E+00  6.228E+01  0.000E+00  0.0000
  4.000E+01  6.228E+01  0.000E+00  0.0000
  8.000E+01  6.228E+01  0.000E+00  0.0000
  1.200E+02  6.228E+01  0.000E+00  0.0000
  1.600E+02  6.228E+01  9.004E-05  1.0000
  2.000E+02  6.228E+01  3.153E-04  0.7634
  2.400E+02  6.228E+01  1.390E-04  1.0000
  2.800E+02  6.228E+01  0.000E+00  0.0000
  3.200E+02  6.228E+01  0.000E+00  0.0000
  3.600E+02  6.228E+01  0.000E+00  0.0000
  4.000E+02  6.228E+01  0.000E+00  0.0000
  4.400E+02  6.228E+01  0.000E+00  0.0000
  4.800E+02  6.228E+01  0.000E+00  0.0000
  5.200E+02  6.228E+01  1.580E-04  1.0000
  5.600E+02  6.228E+01  0.000E+00  0.0000
  6.000E+02  6.228E+01  0.000E+00  0.0000
  6.400E+02  6.228E+01  0.000E+00  0.0000
  6.800E+02  6.228E+01  0.000E+00  0.0000
 -6.800E+02  1.016E+02  0.000E+00  0.0000
 -6.400E+02  1.016E+02  0.000E+00  0.0000
 -6.000E+02  1.016E+02  0.000E+00  0.0000
 -5.600E+02  1.016E+02  0.000E+00  0.0000
 -5.200E+02  1.016E+02  0.000E+00  0.0000
 -4.800E+02  1.016E+02  0.000E+00  0.0000
 -4.400E+02  1.016E+02  0.000E+00  0.0000
 -4.000E+02  1.016E+02  0.000E+00  0.0000
 -3.600E+02  1.016E+02  0.000E+00  0.0000
 -3.200E+02  1.016E+02  0.000E+00  0.0000
 -2.800E+02  1.016E+02  0.000E+00  0.0000
 -2.400E+02  1.016E+02  0.000E+00  0.0000
 -2.000E+02  1.016E+02  0.000E+00  0.0000
 -1.600E+02  1.016E+02  0.000E+00  0.0000
 -1.200E+02  1.016E+02  0.000E+00  0.0000
 -8.000E+01  1.016E+02  0.000E+00  0.0000
 -4.000E+01  1.016E+02  0.000E+00  0.0000
  0.000E+00  1.016E+02  0.000E+00  0.0000
  4.000E+01  1.016E+02  0.000E+00  0.0000
  8.000E+01  1.016E+02  0.000E+00  0.0000
  1.200E+02  1.016E+02  0.000E+00  0.0000
  1.600E+02  1.016E+02  1.835E-04  1.0000
  2.000E+02  1.016E+02  0.000E+00  0.0000
  2.400E+02  1.016E+02  2.929E-04  1.0000
  2.800E+02  1.016E+02  6.796E-05  1.0000
  3.200E+02  1.016E+02  0.000E+00  0.0000
  3.600E+02  1.016E+02  0.000E+00  0.0000
  4.000E+02  1.016E+02  0.000E+00  0.0000
  4.400E+02  1.016E+02  0.000E+00  0.0000
  4.800E+02  1.016E+02  0.000E+00  0.0000
  5.200E+02  1.016E+02  1.580E-04  1.0000
  5.600E+02  1.016E+02  0.000E+00  0.0000
  6.000E+02  1.016E+02  0.000E+00  0.0000
  6.400E+02  1.016E+02  0.000E+00  0.0000
  6.800E+02  1.016E+02  0.000E+00  0.0000
 -6.800E+02  1.410E+02  0.000E+00  0.0000
 -6.400E+02  1.410E+02  0.000E+00  0.0000
 -6.000E+02  1.410E+02  0.000E+00  0.0000
 -5.600E+02  1.410E+02  0.000E+00  0.0000
 -5.200E+02  1.410E+02  0.000E+00  0.0000
 -4.800E+02  1.410E+02  0.000E+00  0.0000
 -4.400E+02  1.410E+02  0.000E+00  0.0000
 -4.000E+02  1.410E+02  0.000E+00  0.0000
 -3.600E+02  1.410E+02  0.000E+00  0.0000
 -3.200E+02  1.410E+02  0.000E+00  0.0000
 -2.800E+02  1.410E+02  0.000E+00  0.0000
 -2.400E+02  1.410E+02  0.000E+00  0.0000
 -2.000E+02  1.410E+02  0.000E+00  0.0000
 -1.600E+02  1.410E+02  0.000E+00  0.0000
 -1.200E+02  1.410E+02  0.000E+00  0.0000
 -8.000E+01  1.410E+02  0.000E+00  0.0000
 -4.000E+01  1.410E+02  0.000E+00  0.0000
  0.000E+00  1.410E+02  0.000E+00  0.0000
  4.000E+01  1.410E+02  0.000E+00  0.0000
  8.000E+01  1.410E+02  0.000E+00  0.0000
  1.200E+02  1.410E+02  0.000E+00  0.0000
  1.600E+02  1.410E+02  1.835E-04  1.0000
  2.000E+02  1.410E+02  0.000E+00  0.0000
  2.400E+02  1.410E+02  0.000E+00  0.0000
  2.800E+02  1.410E+02  3.608E-04  1.0000
  3.200E+02  1.410E+02  0.000E+00  0.0000
  3.600E+02  1.410E+02  0.000E+00  0.0000
  4.000E+02  1.410E+02  0.000E+00  0.0000
  4.400E+02  1.410E+02  0.000E+00  0.0000
  4.800E+02  1.410E+02  0.000E+00  0.0000
  5.200E+02  1.410E+02  1.580E-04  1.0000
  5.600E+02  1.410E+02  0.000E+00  0.0000
  6.000E+02  1.410E+02  0.000E+00  0.0000
  6.400E+02  1.410E+02  0.000E+00  0.0000
  6.800E+02  1.410E+02  0.000E+00  0.0000
 -6.800E+02  1.803E+02  0.000E+00  0.0000
 -6.400E+02  1.803E+02  0.000E+00  0.0000
 -6.000E+02  1.803E+02  0.000E+00  0.0000
 -5.600E+02  1.803E+02  0.000E+00  0.0000
 -5.200E+02  1.803E+02  0.000E+00  0.0000
 -4.800E+02  1.803E+02  0.000E+00  0.0000
 -4.400E+02  1.803E+02  0.000E+00  0.0000
 -4.000E+02  1.803E+02  0.000E+00  0.0000
 -3.600E+02  1.803E+02  0.000E+00  0.0000
 -3.200E+02  1.803E+02  0.000E+00  0.0000
 -2.800E+02  1.803E+02  0.000E+00  0.0000
 -2.400E+02  1.803E+02  0.000E+00  0.0000
 -2.000E+02  1.803E+02  0.000E+00  0.0000
 -1.600E+02  1.803E+02  0.000E+00  0.0000
 -1.200E+02  1.803E+02  0.000E+00  0.0000
 -8.000E+01  1.803E+02  0.000E+00  0.0000
 -4.000E+01  1.803E+02  0.000E+00  0.0000
  0.000E+00  1.803E+02  0.000E+00  0.0000
  4.000E+01  1.803E+02  0.000E+00  0.0000
  8.000E+01  1.803E+02  0.000E+00  0.0000
  1.200E+02  1.803E+02  7.184E-05  1.0000
  1.600E+02  1.803E+02  1.116E-04  1.0000
  2.000E+02  1.803E+02  0.000E+00  0.0000
  2.400E+02  1.803E+02  0.000E+00  0.0000
  2.800E+02  1.803E+02  3.086E-06  1.0000
  3.200E+02  1.803E+02  3.578E-04  1.0000
  3.600E+02  1.803E+02  0.000E+00  0.0000
  4.000E+02  1.803E+02  0.000E+00  0.0000
  4.400E+02  1.803E+02  0.000E+00  0.0000
  4.800E+02  1.803E+02  0.000E+00  0.0000
  5.200E+02  1.803E+02  1.580E-04  1.0000
  5.600E+02  1.803E+02  0.000E+00  0.0000
  6.000E+02  1.803E+02  0.000E+00  0.0000
  6.400E+02  1.803E+02  0.000E+00  0.0000
  6.800E+02  1.803E+02  0.000E+00  0.0000

#------------------------------------------------------------------------------
 newpage:
#   no. =  3   ie  =  3   iy  =  1   part. = neutron 
#   e = (   1.0000E-01  -   2.0000E+01  )
#   y = (  -1.0000E+03  -   1.0000E+03  )
#  nx =  35   nz =  23

# x          z          flux       r.err
 -6.800E+02 -6.853E+02  1.372E-04  1.0000
 -6.400E+02 -6.853E+02  0.000E+00  0.0000
 -6.000E+02 -6.853E+02  1.650E-05  1.0000
 -5.600E+02 -6.853E+02  2.085E-04  0.9825
 -5.200E+02 -6.853E+02  6.959E-05  1.0000
 -4.800E+02 -6.853E+02  0.000E+00  0.0000
 -4.400E+02 -6.853E+02  2.476E-06  1.0000
 -4.000E+02 -6.853E+02  2.608E-04  0.7127
 -3.600E+02 -6.853E+02  1.894E-06  1.0000
 -3.200E+02 -6.853E+02  0.000E+00  0.0000
 -2.800E+02 -6.853E+02  0.000E+00  0.0000
 -2.400E+02 -6.853E+02  0.000E+00  0.0000
 -2.000E+02 -6.853E+02  0.000E+00  0.0000
 -1.600E+02 -6.853E+02  4.221E-04  1.0000
 -1.200E+02 -6.853E+02  1.838E-04  1.0000
 -8.000E+01 -6.853E+02  0.000E+00  0.0000
 -4.000E+01 -6.853E+02  0.000E+00  0.0000
  0.000E+00 -6.853E+02  0.000E+00  0.0000
  4.000E+01 -6.853E+02  0.000E+00  0.0000
  8.000E+01 -6.853E+02  0.000E+00  0.0000
  1.200E+02 -6.853E+02  0.000E+00  0.0000
  1.600E+02 -6.853E+02  1.434E-04  1.0000
  2.000E+02 -6.853E+02  0.000E+00  0.0000
  2.400E+02 -6.853E+02  1.218E-04  1.0000
  2.800E+02 -6.853E+02  4.913E-05  1.0000
  3.200E+02 -6.853E+02  0.000E+00  0.0000
  3.600E+02 -6.853E+02  3.906E-04  1.0000
  4.000E+02 -6.853E+02  4.282E-05  1.0000
  4.400E+02 -6.853E+02  0.000E+00  0.0000
  4.800E+02 -6.853E+02  1.650E-04  0.9019
  5.200E+02 -6.853E+02  3.167E-04  0.7675
  5.600E+02 -6.853E+02  0.000E+00  0.0000
  6.000E+02 -6.853E+02  0.000E+00  0.0000
  6.400E+02 -6.853E+02  0.000E+00  0.0000
  6.800E+02 -6.853E+02  0.000E+00  0.0000
 -6.800E+02 -6.460E+02  0.000E+00  0.0000
 -6.400E+02 -6.460E+02  0.000E+00  0.0000
 -6.000E+02 -6.460E+02  0.000E+00  0.0000
 -5.600E+02 -6.460E+02  0.000E+00  0.0000
 -5.200E+02 -6.460E+02  0.000E+00  0.0000
 -4.800E+02 -6.460E+02  0.000E+00  0.0000
 -4.400E+02 -6.460E+02  0.000E+00  0.0000
 -4.000E+02 -6.460E+02  0.000E+00  0.0000
 -3.600E+02 -6.460E+02  0.000E+00  0.0000
 -3.200E+02 -6.460E+02  1.079E-04  1.0000
 -2.800E+02 -6.460E+02  5.750E-05  1.0000
 -2.400E+02 -6.460E+02  0.000E+00  0.0000
 -2.000E+02 -6.460E+02  0.000E+00  0.0000
 -1.600E+02 -6.460E+02  0.000E+00  0.0000
 -1.200E+02 -6.460E+02  0.000E+00  0.0000
 -8.000E+01 -6.460E+02  0.000E+00  0.0000
 -4.000E+01 -6.460E+02  0.000E+00  0.0000
  0.000E+00 -6.460E+02  7.196E-05  1.0000
  4.000E+01 -6.460E+02  1.493E-04  1.0000
  8.000E+01 -6.460E+02  0.000E+00  0.0000
  1.200E+02 -6.460E+02  0.000E+00  0.0000
  1.600E+02 -6.460E+02  3.864E-05  1.0000
  2.000E+02 -6.460E+02  6.989E-06  1.0000
  2.400E+02 -6.460E+02  0.000E+00  0.0000
  2.800E+02 -6.460E+02  0.000E+00  0.0000
  3.200E+02 -6.460E+02  0.000E+00  0.0000
  3.600E+02 -6.460E+02  3.852E-04  0.8106
  4.000E+02 -6.460E+02  3.743E-05  1.0000
  4.400E+02 -6.460E+02  0.000E+00  0.0000
  4.800E+02 -6.460E+02  0.000E+00  0.0000
  5.200E+02 -6.460E+02  1.355E-05  1.0000
  5.600E+02 -6.460E+02  0.000E+00  0.0000
  6.000E+02 -6.460E+02  0.000E+00  0.0000
  6.400E+02 -6.460E+02  0.000E+00  0.0000
  6.800E+02 -6.460E+02  0.000E+00  0.0000
 -6.800E+02 -6.066E+02  0.000E+00  0.0000
 -6.400E+02 -6.066E+02  0.000E+00  0.0000
 -6.000E+02 -6.066E+02  5.008E-05  1.0000
 -5.600E+02 -6.066E+02  0.000E+00  0.0000
 -5.200E+02 -6.066E+02  0.000E+00  0.0000
 -4.800E+02 -6.066E+02  0.000E+00  0.0000
 -4.400E+02 -6.066E+02  0.000E+00  0.0000
 -4.000E+02 -6.066E+02  0.000E+00  0.0000
 -3.600E+02 -6.066E+02  0.000E+00  0.0000
 -3.200E+02 -6.066E+02  1.038E-04  1.0000
 -2.800E+02 -6.066E+02  0.000E+00  0.0000
 -2.400E+02 -6.066E+02  3.017E-06  1.0000
 -2.000E+02 -6.066E+02  4.468E-05  0.9104
 -1.600E+02 -6.066E+02  4.214E-04  0.9109
 -1.200E+02 -6.066E+02  2.837E-05  1.0000
 -8.000E+01 -6.066E+02  0.000E+00  0.0000
 -4.000E+01 -6.066E+02  0.000E+00  0.0000
  0.000E+00 -6.066E+02  0.000E+00  0.0000
  4.000E+01 -6.066E+02  3.900E-05  1.0000
  8.000E+01 -6.066E+02  7.913E-05  1.0000
  1.200E+02 -6.066E+02  0.000E+00  0.0000
  1.600E+02 -6.066E+02  9.593E-06  1.0000
  2.000E+02 -6.066E+02  1.502E-04  0.7126
  2.400E+02 -6.066E+02  0.000E+00  0.0000
  2.800E+02 -6.066E+02  2.914E-04  1.0000
  3.200E+02 -6.066E+02  4.944E-05  1.0000
  3.600E+02 -6.066E+02  3.338E-05  1.0000
  4.000E+02 -6.066E+02  0.000E+00  0.0000
  4.400E+02 -6.066E+02  0.000E+00  0.0000
  4.800E+02 -6.066E+02  0.000E+00  0.0000
  5.200E+02 -6.066E+02  0.000E+00  0.0000
  5.600E+02 -6.066E+02  0.000E+00  0.0000
  6.000E+02 -6.066E+02  0.000E+00  0.0000
  6.400E+02 -6.066E+02  0.000E+00  0.0000
  6.800E+02 -6.066E+02  0.000E+00  0.0000
 -6.800E+02 -5.673E+02  0.000E+00  0.0000
 -6.400E+02 -5.673E+02  2.723E-05  1.0000
 -6.000E+02 -5.673E+02  2.021E-04  1.0000
 -5.600E+02 -5.673E+02  4.241E-05  1.0000
 -5.200E+02 -5.673E+02  0.000E+00  0.0000
 -4.800E+02 -5.673E+02  1.173E-04  1.0000
 -4.400E+02 -5.673E+02  1.841E-05  1.0000
 -4.000E+02 -5.673E+02  3.502E-05  1.0000
 -3.600E+02 -5.673E+02  1.954E-04  1.0000
 -3.200E+02 -5.673E+02  2.445E-05  1.0000
 -2.800E+02 -5.673E+02  0.000E+00  0.0000
 -2.400E+02 -5.673E+02  0.000E+00  0.0000
 -2.000E+02 -5.673E+02  4.530E-04  0.9438
 -1.600E+02 -5.673E+02  7.560E-05  0.7294
 -1.200E+02 -5.673E+02  7.980E-05  1.0000
 -8.000E+01 -5.673E+02  0.000E+00  0.0000
 -4.000E+01 -5.673E+02  0.000E+00  0.0000
  0.000E+00 -5.673E+02  0.000E+00  0.0000
  4.000E+01 -5.673E+02  3.336E-04  0.7093
  8.000E+01 -5.673E+02  1.079E-04  1.0000
  1.200E+02 -5.673E+02  0.000E+00  0.0000
  1.600E+02 -5.673E+02  0.000E+00  0.0000
  2.000E+02 -5.673E+02  1.038E-04  1.0000
  2.400E+02 -5.673E+02  6.956E-07  1.0000
  2.800E+02 -5.673E+02  3.236E-05  1.0000
  3.200E+02 -5.673E+02  1.924E-04  1.0000
  3.600E+02 -5.673E+02  1.681E-04  1.0000
  4.000E+02 -5.673E+02  0.000E+00  0.0000
  4.400E+02 -5.673E+02  0.000E+00  0.0000
  4.800E+02 -5.673E+02  0.000E+00  0.0000
  5.200E+02 -5.673E+02  0.000E+00  0.0000
  5.600E+02 -5.673E+02  0.000E+00  0.0000
  6.000E+02 -5.673E+02  0.000E+00  0.0000
  6.400E+02 -5.673E+02  0.000E+00  0.0000
  6.800E+02 -5.673E+02  0.000E+00  0.0000
 -6.800E+02 -5.279E+02  0.000E+00  0.0000
 -6.400E+02 -5.279E+02  0.000E+00  0.0000
 -6.000E+02 -5.279E+02  0.000E+00  0.0000
 -5.600E+02 -5.279E+02  0.000E+00  0.0000
 -5.200E+02 -5.279E+02  0.000E+00  0.0000
 -4.800E+02 -5.279E+02  2.266E-04  1.0000
 -4.400E+02 -5.279E+02  3.806E-05  1.0000
 -4.000E+02 -5.279E+02  0.000E+00  0.0000
 -3.600E+02 -5.279E+02  0.000E+00  0.0000
 -3.200E+02 -5.279E+02  3.432E-05  1.0000
 -2.800E+02 -5.279E+02  0.000E+00  0.0000
 -2.400E+02 -5.279E+02  0.000E+00  0.0000
 -2.000E+02 -5.279E+02  0.000E+00  0.0000
 -1.600E+02 -5.279E+02  1.759E-05  1.0000
 -1.200E+02 -5.279E+02  0.000E+00  0.0000
 -8.000E+01 -5.279E+02  1.818E-04  1.0000
 -4.000E+01 -5.279E+02  0.000E+00  0.0000
  0.000E+00 -5.279E+02  2.490E-04  0.7029
  4.000E+01 -5.279E+02  2.802E-04  0.5301
  8.000E+01 -5.279E+02  1.292E-04  1.0000
  1.200E+02 -5.279E+02  0.000E+00  0.0000
  1.600E+02 -5.279E+02  0.000E+00  0.0000
  2.000E+02 -5.279E+02  0.000E+00  0.0000
  2.400E+02 -5.279E+02  0.000E+00  0.0000
  2.800E+02 -5.279E+02  0.000E+00  0.0000
  3.200E+02 -5.279E+02  1.232E-04  1.0000
  3.600E+02 -5.279E+02  0.000E+00  0.0000
  4.000E+02 -5.279E+02  0.000E+00  0.0000
  4.400E+02 -5.279E+02  0.000E+00  0.0000
  4.800E+02 -5.279E+02  0.000E+00  0.0000
  5.200E+02 -5.279E+02  2.270E-05  1.0000
  5.600E+02 -5.279E+02  0.000E+00  0.0000
  6.000E+02 -5.279E+02  1.124E-04  0.7088
  6.400E+02 -5.279E+02  1.450E-04  1.0000
  6.800E+02 -5.279E+02  3.457E-04  1.0000
 -6.800E+02 -4.886E+02  5.697E-05  1.0000
 -6.400E+02 -4.886E+02  1.462E-04  1.0000
 -6.000E+02 -4.886E+02  1.291E-04  0.7308
 -5.600E+02 -4.886E+02  2.399E-05  1.0000
 -5.200E+02 -4.886E+02  1.957E-04  1.0000
 -4.800E+02 -4.886E+02  4.107E-05  1.0000
 -4.400E+02 -4.886E+02  0.000E+00  0.0000
 -4.000E+02 -4.886E+02  0.000E+00  0.0000
 -3.600E+02 -4.886E+02  0.000E+00  0.0000
 -3.200E+02 -4.886E+02  8.520E-05  1.0000
 -2.800E+02 -4.886E+02  0.000E+00  0.0000
 -2.400E+02 -4.886E+02  0.000E+00  0.0000
 -2.000E+02 -4.886E+02  0.000E+00  0.0000
 -1.600E+02 -4.886E+02  0.000E+00  0.0000
 -1.200E+02 -4.886E+02  0.000E+00  0.0000
 -8.000E+01 -4.886E+02  2.025E-04  1.0000
 -4.000E+01 -4.886E+02  0.000E+00  0.0000
  0.000E+00 -4.886E+02  1.474E-04  0.7425
  4.000E+01 -4.886E+02  1.215E-06  1.0000
  8.000E+01 -4.886E+02  6.839E-05  1.0000
  1.200E+02 -4.886E+02  0.000E+00  0.0000
  1.600E+02 -4.886E+02  0.000E+00  0.0000
  2.000E+02 -4.886E+02  1.736E-04  1.0000
  2.400E+02 -4.886E+02  1.888E-04  1.0000
  2.800E+02 -4.886E+02  4.742E-06  1.0000
  3.200E+02 -4.886E+02  2.762E-04  1.0000
  3.600E+02 -4.886E+02  3.735E-05  1.0000
  4.000E+02 -4.886E+02  0.000E+00  0.0000
  4.400E+02 -4.886E+02  0.000E+00  0.0000
  4.800E+02 -4.886E+02  0.000E+00  0.0000
  5.200E+02 -4.886E+02  0.000E+00  0.0000
  5.600E+02 -4.886E+02  0.000E+00  0.0000
  6.000E+02 -4.886E+02  1.835E-04  1.0000
  6.400E+02 -4.886E+02  0.000E+00  0.0000
  6.800E+02 -4.886E+02  0.000E+00  0.0000
 -6.800E+02 -4.492E+02  2.621E-04  0.7272
 -6.400E+02 -4.492E+02  9.216E-05  0.8168
 -6.000E+02 -4.492E+02  1.942E-04  1.0000
 -5.600E+02 -4.492E+02  3.385E-04  0.8944
 -5.200E+02 -4.492E+02  7.846E-05  1.0000
 -4.800E+02 -4.492E+02  0.000E+00  0.0000
 -4.400E+02 -4.492E+02  0.000E+00  0.0000
 -4.000E+02 -4.492E+02  0.000E+00  0.0000
 -3.600E+02 -4.492E+02  1.764E-04  0.7248
 -3.200E+02 -4.492E+02  8.622E-05  1.0000
 -2.800E+02 -4.492E+02  0.000E+00  0.0000
 -2.400E+02 -4.492E+02  0.000E+00  0.0000
 -2.000E+02 -4.492E+02  0.000E+00  0.0000
 -1.600E+02 -4.492E+02  5.312E-05  1.0000
 -1.200E+02 -4.492E+02  2.184E-04  1.0000
 -8.000E+01 -4.492E+02  1.163E-05  1.0000
 -4.000E+01 -4.492E+02  0.000E+00  0.0000
  0.000E+00 -4.492E+02  3.448E-04  0.7918
  4.000E+01 -4.492E+02  7.175E-05  1.0000
  8.000E+01 -4.492E+02  0.000E+00  0.0000
  1.200E+02 -4.492E+02  1.035E-04  1.0000
  1.600E+02 -4.492E+02  5.390E-05  1.0000
  2.000E+02 -4.492E+02  7.284E-05  1.0000
  2.400E+02 -4.492E+02  0.000E+00  0.0000
  2.800E+02 -4.492E+02  2.052E-04  1.0000
  3.200E+02 -4.492E+02  1.705E-04  1.0000
  3.600E+02 -4.492E+02  0.000E+00  0.0000
  4.000E+02 -4.492E+02  0.000E+00  0.0000
  4.400E+02 -4.492E+02  0.000E+00  0.0000
  4.800E+02 -4.492E+02  0.000E+00  0.0000
  5.200E+02 -4.492E+02  0.000E+00  0.0000
  5.600E+02 -4.492E+02  5.296E-05  1.0000
  6.000E+02 -4.492E+02  1.690E-04  1.0000
  6.400E+02 -4.492E+02  0.000E+00  0.0000
  6.800E+02 -4.492E+02  0.000E+00  0.0000
 -6.800E+02 -4.099E+02  4.128E-05  1.0000
 -6.400E+02 -4.099E+02  1.864E-04  0.9271
 -6.000E+02 -4.099E+02  1.459E-04  1.0000
 -5.600E+02 -4.099E+02  1.200E-05  1.0000
 -5.200E+02 -4.099E+02  2.096E-04  1.0000
 -4.800E+02 -4.099E+02  9.654E-05  0.8197
 -4.400E+02 -4.099E+02  1.545E-04  1.0000
 -4.000E+02 -4.099E+02  0.000E+00  0.0000
 -3.600E+02 -4.099E+02  0.000E+00  0.0000
 -3.200E+02 -4.099E+02  0.000E+00  0.0000
 -2.800E+02 -4.099E+02  9.893E-05  1.0000
 -2.400E+02 -4.099E+02  1.858E-04  1.0000
 -2.000E+02 -4.099E+02  0.000E+00  0.0000
 -1.600E+02 -4.099E+02  0.000E+00  0.0000
 -1.200E+02 -4.099E+02  0.000E+00  0.0000
 -8.000E+01 -4.099E+02  0.000E+00  0.0000
 -4.000E+01 -4.099E+02  2.893E-04  1.0000
  0.000E+00 -4.099E+02  2.585E-04  0.9302
  4.000E+01 -4.099E+02  8.106E-05  0.8159
  8.000E+01 -4.099E+02  0.000E+00  0.0000
  1.200E+02 -4.099E+02  0.000E+00  0.0000
  1.600E+02 -4.099E+02  1.481E-04  1.0000
  2.000E+02 -4.099E+02  1.884E-04  0.7937
  2.400E+02 -4.099E+02  0.000E+00  0.0000
  2.800E+02 -4.099E+02  1.808E-04  0.8078
  3.200E+02 -4.099E+02  1.676E-04  0.8872
  3.600E+02 -4.099E+02  9.148E-05  0.7538
  4.000E+02 -4.099E+02  3.132E-04  0.7551
  4.400E+02 -4.099E+02  1.359E-04  0.7217
  4.800E+02 -4.099E+02  1.126E-04  1.0000
  5.200E+02 -4.099E+02  1.098E-04  0.7113
  5.600E+02 -4.099E+02  6.670E-05  1.0000
  6.000E+02 -4.099E+02  0.000E+00  0.0000
  6.400E+02 -4.099E+02  0.000E+00  0.0000
  6.800E+02 -4.099E+02  0.000E+00  0.0000
 -6.800E+02 -3.705E+02  4.447E-05  1.0000
 -6.400E+02 -3.705E+02  0.000E+00  0.0000
 -6.000E+02 -3.705E+02  0.000E+00  0.0000
 -5.600E+02 -3.705E+02  0.000E+00  0.0000
 -5.200E+02 -3.705E+02  1.042E-04  1.0000
 -4.800E+02 -3.705E+02  0.000E+00  0.0000
 -4.400E+02 -3.705E+02  0.000E+00  0.0000
 -4.000E+02 -3.705E+02  1.446E-04  1.0000
 -3.600E+02 -3.705E+02  0.000E+00  0.0000
 -3.200E+02 -3.705E+02  0.000E+00  0.0000
 -2.800E+02 -3.705E+02  2.483E-04  0.9435
 -2.400E+02 -3.705E+02  0.000E+00  0.0000
 -2.000E+02 -3.705E+02  0.000E+00  0.0000
 -1.600E+02 -3.705E+02  4.242E-05  1.0000
 -1.200E+02 -3.705E+02  1.474E-04  1.0000
 -8.000E+01 -3.705E+02  1.691E-04  0.7766
 -4.000E+01 -3.705E+02  6.256E-05  1.0000
  0.000E+00 -3.705E+02  0.000E+00  0.0000
  4.000E+01 -3.705E+02  2.472E-04  1.0000
  8.000E+01 -3.705E+02  2.646E-04  1.0000
  1.200E+02 -3.705E+02  0.000E+00  0.0000
  1.600E+02 -3.705E+02  0.000E+00  0.0000
  2.000E+02 -3.705E+02  7.724E-04  0.6242
  2.400E+02 -3.705E+02  7.956E-05  1.0000
  2.800E+02 -3.705E+02  1.204E-04  1.0000
  3.200E+02 -3.705E+02  1.588E-04  1.0000
  3.600E+02 -3.705E+02  8.266E-05  1.0000
  4.000E+02 -3.705E+02  3.714E-04  0.9256
  4.400E+02 -3.705E+02  0.000E+00  0.0000
  4.800E+02 -3.705E+02  1.091E-04  1.0000
  5.200E+02 -3.705E+02  2.007E-04  0.8178
  5.600E+02 -3.705E+02  2.825E-05  1.0000
  6.000E+02 -3.705E+02  0.000E+00  0.0000
  6.400E+02 -3.705E+02  0.000E+00  0.0000
  6.800E+02 -3.705E+02  0.000E+00  0.0000
 -6.800E+02 -3.312E+02  1.482E-04  1.0000
 -6.400E+02 -3.312E+02  1.649E-04  1.0000
 -6.000E+02 -3.312E+02  0.000E+00  0.0000
 -5.600E+02 -3.312E+02  7.924E-05  1.0000
 -5.200E+02 -3.312E+02  3.843E-04  0.7748
 -4.800E+02 -3.312E+02  2.978E-05  1.0000
 -4.400E+02 -3.312E+02  0.000E+00  0.0000
 -4.000E+02 -3.312E+02  2.059E-04  1.0000
 -3.600E+02 -3.312E+02  5.804E-05  1.0000
 -3.200E+02 -3.312E+02  0.000E+00  0.0000
 -2.800E+02 -3.312E+02  1.506E-04  0.9183
 -2.400E+02 -3.312E+02  0.000E+00  0.0000
 -2.000E+02 -3.312E+02  0.000E+00  0.0000
 -1.600E+02 -3.312E+02  0.000E+00  0.0000
 -1.200E+02 -3.312E+02  0.000E+00  0.0000
 -8.000E+01 -3.312E+02  2.867E-04  0.7369
 -4.000E+01 -3.312E+02  1.474E-04  1.0000
  0.000E+00 -3.312E+02  1.474E-04  1.0000
  4.000E+01 -3.312E+02  1.474E-04  1.0000
  8.000E+01 -3.312E+02  1.015E-04  0.8509
  1.200E+02 -3.312E+02  2.813E-04  1.0000
  1.600E+02 -3.312E+02  2.448E-04  1.0000
  2.000E+02 -3.312E+02  3.715E-05  1.0000
  2.400E+02 -3.312E+02  0.000E+00  0.0000
  2.800E+02 -3.312E+02  1.013E-04  0.9317
  3.200E+02 -3.312E+02  3.714E-04  0.8606
  3.600E+02 -3.312E+02  9.485E-05  1.0000
  4.000E+02 -3.312E+02  5.982E-04  0.9997
  4.400E+02 -3.312E+02  2.449E-04  1.0000
  4.800E+02 -3.312E+02  6.455E-05  1.0000
  5.200E+02 -3.312E+02  0.000E+00  0.0000
  5.600E+02 -3.312E+02  0.000E+00  0.0000
  6.000E+02 -3.312E+02  0.000E+00  0.0000
  6.400E+02 -3.312E+02  0.000E+00  0.0000
  6.800E+02 -3.312E+02  0.000E+00  0.0000
 -6.800E+02 -2.918E+02  2.616E-04  0.8700
 -6.400E+02 -2.918E+02  2.005E-05  1.0000
 -6.000E+02 -2.918E+02  0.000E+00  0.0000
 -5.600E+02 -2.918E+02  2.879E-04  1.0000
 -5.200E+02 -2.918E+02  3.537E-04  0.5168
 -4.800E+02 -2.918E+02  5.987E-05  0.8664
 -4.400E+02 -2.918E+02  0.000E+00  0.0000
 -4.000E+02 -2.918E+02  0.000E+00  0.0000
 -3.600E+02 -2.918E+02  7.954E-05  1.0000
 -3.200E+02 -2.918E+02  1.788E-05  1.0000
 -2.800E+02 -2.918E+02  1.853E-04  0.6064
 -2.400E+02 -2.918E+02  5.360E-05  1.0000
 -2.000E+02 -2.918E+02  0.000E+00  0.0000
 -1.600E+02 -2.918E+02  0.000E+00  0.0000
 -1.200E+02 -2.918E+02  1.722E-04  1.0000
 -8.000E+01 -2.918E+02  1.332E-05  1.0000
 -4.000E+01 -2.918E+02  0.000E+00  0.0000
  0.000E+00 -2.918E+02  0.000E+00  0.0000
  4.000E+01 -2.918E+02  0.000E+00  0.0000
  8.000E+01 -2.918E+02  6.269E-05  1.0000
  1.200E+02 -2.918E+02  1.474E-04  1.0000
  1.600E+02 -2.918E+02  3.467E-04  0.7071
  2.000E+02 -2.918E+02  2.356E-04  0.7793
  2.400E+02 -2.918E+02  2.994E-05  1.0000
  2.800E+02 -2.918E+02  1.191E-04  1.0000
  3.200E+02 -2.918E+02  6.591E-05  0.7089
  3.600E+02 -2.918E+02  7.064E-05  0.7566
  4.000E+02 -2.918E+02  7.118E-05  1.0000
  4.400E+02 -2.918E+02  0.000E+00  0.0000
  4.800E+02 -2.918E+02  0.000E+00  0.0000
  5.200E+02 -2.918E+02  0.000E+00  0.0000
  5.600E+02 -2.918E+02  0.000E+00  0.0000
  6.000E+02 -2.918E+02  1.096E-04  1.0000
  6.400E+02 -2.918E+02  1.663E-05  1.0000
  6.800E+02 -2.918E+02  0.000E+00  0.0000
 -6.800E+02 -2.525E+02  1.914E-04  0.9096
 -6.400E+02 -2.525E+02  3.788E-04  0.6074
 -6.000E+02 -2.525E+02  3.776E-06  1.0000
 -5.600E+02 -2.525E+02  8.258E-05  1.0000
 -5.200E+02 -2.525E+02  2.244E-04  0.9586
 -4.800E+02 -2.525E+02  0.000E+00  0.0000
 -4.400E+02 -2.525E+02  0.000E+00  0.0000
 -4.000E+02 -2.525E+02  0.000E+00  0.0000
 -3.600E+02 -2.525E+02  6.153E-05  0.8622
 -3.200E+02 -2.525E+02  2.090E-04  0.9173
 -2.800E+02 -2.525E+02  4.103E-04  1.0000
 -2.400E+02 -2.525E+02  3.086E-06  1.0000
 -2.000E+02 -2.525E+02  0.000E+00  0.0000
 -1.600E+02 -2.525E+02  3.593E-05  1.0000
 -1.200E+02 -2.525E+02  1.496E-04  1.0000
 -8.000E+01 -2.525E+02  0.000E+00  0.0000
 -4.000E+01 -2.525E+02  0.000E+00  0.0000
  0.000E+00 -2.525E+02  0.000E+00  0.0000
  4.000E+01 -2.525E+02  0.000E+00  0.0000
  8.000E+01 -2.525E+02  0.000E+00  0.0000
  1.200E+02 -2.525E+02  0.000E+00  0.0000
  1.600E+02 -2.525E+02  0.000E+00  0.0000
  2.000E+02 -2.525E+02  0.000E+00  0.0000
  2.400E+02 -2.525E+02  0.000E+00  0.0000
  2.800E+02 -2.525E+02  0.000E+00  0.0000
  3.200E+02 -2.525E+02  1.150E-04  1.0000
  3.600E+02 -2.525E+02  1.647E-04  1.0000
  4.000E+02 -2.525E+02  4.586E-04  0.7477
  4.400E+02 -2.525E+02  0.000E+00  0.0000
  4.800E+02 -2.525E+02  0.000E+00  0.0000
  5.200E+02 -2.525E+02  4.188E-04  0.9207
  5.600E+02 -2.525E+02  0.000E+00  0.0000
  6.000E+02 -2.525E+02  3.577E-05  1.0000
  6.400E+02 -2.525E+02  2.652E-04  0.7464
  6.800E+02 -2.525E+02  1.576E-04  0.7314
 -6.800E+02 -2.132E+02  3.909E-05  1.0000
 -6.400E+02 -2.132E+02  2.839E-04  0.7137
 -6.000E+02 -2.132E+02  5.913E-04  0.8645
 -5.600E+02 -2.132E+02  0.000E+00  0.0000
 -5.200E+02 -2.132E+02  2.161E-04  1.0000
 -4.800E+02 -2.132E+02  0.000E+00  0.0000
 -4.400E+02 -2.132E+02  0.000E+00  0.0000
 -4.000E+02 -2.132E+02  0.000E+00  0.0000
 -3.600E+02 -2.132E+02  8.203E-05  0.8529
 -3.200E+02 -2.132E+02  3.098E-04  0.9987
 -2.800E+02 -2.132E+02  0.000E+00  0.0000
 -2.400E+02 -2.132E+02  0.000E+00  0.0000
 -2.000E+02 -2.132E+02  0.000E+00  0.0000
 -1.600E+02 -2.132E+02  1.643E-04  1.0000
 -1.200E+02 -2.132E+02  1.160E-04  1.0000
 -8.000E+01 -2.132E+02  0.000E+00  0.0000
 -4.000E+01 -2.132E+02  0.000E+00  0.0000
  0.000E+00 -2.132E+02  0.000E+00  0.0000
  4.000E+01 -2.132E+02  0.000E+00  0.0000
  8.000E+01 -2.132E+02  0.000E+00  0.0000
  1.200E+02 -2.132E+02  0.000E+00  0.0000
  1.600E+02 -2.132E+02  0.000E+00  0.0000
  2.000E+02 -2.132E+02  1.479E-04  1.0000
  2.400E+02 -2.132E+02  1.213E-04  1.0000
  2.800E+02 -2.132E+02  1.668E-04  1.0000
  3.200E+02 -2.132E+02  0.000E+00  0.0000
  3.600E+02 -2.132E+02  4.308E-05  1.0000
  4.000E+02 -2.132E+02  1.715E-04  1.0000
  4.400E+02 -2.132E+02  0.000E+00  0.0000
  4.800E+02 -2.132E+02  0.000E+00  0.0000
  5.200E+02 -2.132E+02  2.730E-04  1.0000
  5.600E+02 -2.132E+02  1.424E-05  1.0000
  6.000E+02 -2.132E+02  0.000E+00  0.0000
  6.400E+02 -2.132E+02  9.527E-05  0.8818
  6.800E+02 -2.132E+02  2.329E-04  1.0000
 -6.800E+02 -1.738E+02  0.000E+00  0.0000
 -6.400E+02 -1.738E+02  0.000E+00  0.0000
 -6.000E+02 -1.738E+02  4.748E-05  1.0000
 -5.600E+02 -1.738E+02  0.000E+00  0.0000
 -5.200E+02 -1.738E+02  1.810E-04  0.7492
 -4.800E+02 -1.738E+02  4.512E-05  1.0000
 -4.400E+02 -1.738E+02  0.000E+00  0.0000
 -4.000E+02 -1.738E+02  0.000E+00  0.0000
 -3.600E+02 -1.738E+02  1.006E-04  1.0000
 -3.200E+02 -1.738E+02  0.000E+00  0.0000
 -2.800E+02 -1.738E+02  0.000E+00  0.0000
 -2.400E+02 -1.738E+02  2.381E-04  0.9369
 -2.000E+02 -1.738E+02  8.647E-05  1.0000
 -1.600E+02 -1.738E+02  0.000E+00  0.0000
 -1.200E+02 -1.738E+02  2.268E-04  1.0000
 -8.000E+01 -1.738E+02  1.000E-04  1.0000
 -4.000E+01 -1.738E+02  0.000E+00  0.0000
  0.000E+00 -1.738E+02  0.000E+00  0.0000
  4.000E+01 -1.738E+02  0.000E+00  0.0000
  8.000E+01 -1.738E+02  1.230E-05  1.0000
  1.200E+02 -1.738E+02  1.970E-04  1.0000
  1.600E+02 -1.738E+02  2.239E-04  1.0000
  2.000E+02 -1.738E+02  0.000E+00  0.0000
  2.400E+02 -1.738E+02  3.448E-04  0.7872
  2.800E+02 -1.738E+02  3.197E-04  0.8601
  3.200E+02 -1.738E+02  2.980E-04  1.0000
  3.600E+02 -1.738E+02  2.304E-04  1.0000
  4.000E+02 -1.738E+02  4.309E-05  0.7950
  4.400E+02 -1.738E+02  2.387E-04  0.7356
  4.800E+02 -1.738E+02  1.095E-04  1.0000
  5.200E+02 -1.738E+02  0.000E+00  0.0000
  5.600E+02 -1.738E+02  2.862E-04  0.7987
  6.000E+02 -1.738E+02  6.795E-04  0.7214
  6.400E+02 -1.738E+02  3.835E-04  0.7525
  6.800E+02 -1.738E+02  1.652E-04  1.0000
 -6.800E+02 -1.345E+02  2.985E-05  1.0000
 -6.400E+02 -1.345E+02  0.000E+00  0.0000
 -6.000E+02 -1.345E+02  0.000E+00  0.0000
 -5.600E+02 -1.345E+02  0.000E+00  0.0000
 -5.200E+02 -1.345E+02  0.000E+00  0.0000
 -4.800E+02 -1.345E+02  1.343E-04  1.0000
 -4.400E+02 -1.345E+02  0.000E+00  0.0000
 -4.000E+02 -1.345E+02  2.100E-04  1.0000
 -3.600E+02 -1.345E+02  0.000E+00  0.0000
 -3.200E+02 -1.345E+02  0.000E+00  0.0000
 -2.800E+02 -1.345E+02  0.000E+00  0.0000
 -2.400E+02 -1.345E+02  9.187E-05  1.0000
 -2.000E+02 -1.345E+02  2.450E-05  1.0000
 -1.600E+02 -1.345E+02  0.000E+00  0.0000
 -1.200E+02 -1.345E+02  0.000E+00  0.0000
 -8.000E+01 -1.345E+02  2.427E-04  1.0000
 -4.000E+01 -1.345E+02  8.411E-05  1.0000
  0.000E+00 -1.345E+02  2.637E-05  1.0000
  4.000E+01 -1.345E+02  1.970E-04  1.0000
  8.000E+01 -1.345E+02  1.847E-04  1.0000
  1.200E+02 -1.345E+02  0.000E+00  0.0000
  1.600E+02 -1.345E+02  0.000E+00  0.0000
  2.000E+02 -1.345E+02  4.054E-05  1.0000
  2.400E+02 -1.345E+02  5.561E-04  0.6468
  2.800E+02 -1.345E+02  5.271E-04  0.7569
  3.200E+02 -1.345E+02  4.501E-05  1.0000
  3.600E+02 -1.345E+02  6.009E-05  1.0000
  4.000E+02 -1.345E+02  2.196E-04  0.6317
  4.400E+02 -1.345E+02  7.022E-05  0.7778
  4.800E+02 -1.345E+02  2.504E-04  0.7055
  5.200E+02 -1.345E+02  2.588E-05  0.7235
  5.600E+02 -1.345E+02  0.000E+00  0.0000
  6.000E+02 -1.345E+02  3.732E-04  0.7990
  6.400E+02 -1.345E+02  4.143E-04  0.5056
  6.800E+02 -1.345E+02  1.698E-04  1.0000
 -6.800E+02 -9.511E+01  8.115E-05  1.0000
 -6.400E+02 -9.511E+01  0.000E+00  0.0000
 -6.000E+02 -9.511E+01  0.000E+00  0.0000
 -5.600E+02 -9.511E+01  1.638E-05  1.0000
 -5.200E+02 -9.511E+01  1.555E-04  1.0000
 -4.800E+02 -9.511E+01  0.000E+00  0.0000
 -4.400E+02 -9.511E+01  2.715E-04  1.0000
 -4.000E+02 -9.511E+01  3.309E-04  0.6813
 -3.600E+02 -9.511E+01  3.172E-04  0.8543
 -3.200E+02 -9.511E+01  6.433E-05  1.0000
 -2.800E+02 -9.511E+01  4.556E-05  1.0000
 -2.400E+02 -9.511E+01  0.000E+00  0.0000
 -2.000E+02 -9.511E+01  4.489E-05  1.0000
 -1.600E+02 -9.511E+01  0.000E+00  0.0000
 -1.200E+02 -9.511E+01  4.172E-06  1.0000
 -8.000E+01 -9.511E+01  0.000E+00  0.0000
 -4.000E+01 -9.511E+01  2.281E-04  1.0000
  0.000E+00 -9.511E+01  1.141E-04  1.0000
  4.000E+01 -9.511E+01  1.799E-04  1.0000
  8.000E+01 -9.511E+01  1.417E-05  1.0000
  1.200E+02 -9.511E+01  0.000E+00  0.0000
  1.600E+02 -9.511E+01  0.000E+00  0.0000
  2.000E+02 -9.511E+01  8.342E-05  1.0000
  2.400E+02 -9.511E+01  3.297E-04  0.7092
  2.800E+02 -9.511E+01  9.924E-05  1.0000
  3.200E+02 -9.511E+01  0.000E+00  0.0000
  3.600E+02 -9.511E+01  2.398E-04  0.9658
  4.000E+02 -9.511E+01  6.121E-05  0.7901
  4.400E+02 -9.511E+01  5.491E-05  1.0000
  4.800E+02 -9.511E+01  1.228E-04  0.7080
  5.200E+02 -9.511E+01  2.088E-04  0.5935
  5.600E+02 -9.511E+01  1.114E-04  0.9505
  6.000E+02 -9.511E+01  0.000E+00  0.0000
  6.400E+02 -9.511E+01  4.184E-05  1.0000
  6.800E+02 -9.511E+01  0.000E+00  0.0000
 -6.800E+02 -5.576E+01  1.347E-04  1.0000
 -6.400E+02 -5.576E+01  0.000E+00  0.0000
 -6.000E+02 -5.576E+01  1.746E-04  1.0000
 -5.600E+02 -5.576E+01  0.000E+00  0.0000
 -5.200E+02 -5.576E+01  9.180E-05  0.7409
 -4.800E+02 -5.576E+01  0.000E+00  0.0000
 -4.400E+02 -5.576E+01  1.497E-04  1.0000
 -4.000E+02 -5.576E+01  1.633E-04  1.0000
 -3.600E+02 -5.576E+01  2.656E-05  1.0000
 -3.200E+02 -5.576E+01  0.000E+00  0.0000
 -2.800E+02 -5.576E+01  0.000E+00  0.0000
 -2.400E+02 -5.576E+01  0.000E+00  0.0000
 -2.000E+02 -5.576E+01  0.000E+00  0.0000
 -1.600E+02 -5.576E+01  6.049E-05  1.0000
 -1.200E+02 -5.576E+01  5.417E-04  0.8414
 -8.000E+01 -5.576E+01  1.384E-04  1.0000
 -4.000E+01 -5.576E+01  0.000E+00  0.0000
  0.000E+00 -5.576E+01  0.000E+00  0.0000
  4.000E+01 -5.576E+01  0.000E+00  0.0000
  8.000E+01 -5.576E+01  8.905E-05  1.0000
  1.200E+02 -5.576E+01  5.703E-05  1.0000
  1.600E+02 -5.576E+01  1.714E-04  1.0000
  2.000E+02 -5.576E+01  0.000E+00  0.0000
  2.400E+02 -5.576E+01  2.993E-04  0.7250
  2.800E+02 -5.576E+01  2.605E-05  1.0000
  3.200E+02 -5.576E+01  0.000E+00  0.0000
  3.600E+02 -5.576E+01  2.368E-04  0.8423
  4.000E+02 -5.576E+01  4.793E-05  1.0000
  4.400E+02 -5.576E+01  0.000E+00  0.0000
  4.800E+02 -5.576E+01  2.844E-04  0.7508
  5.200E+02 -5.576E+01  1.178E-04  0.8900
  5.600E+02 -5.576E+01  0.000E+00  0.0000
  6.000E+02 -5.576E+01  9.417E-05  1.0000
  6.400E+02 -5.576E+01  0.000E+00  0.0000
  6.800E+02 -5.576E+01  0.000E+00  0.0000
 -6.800E+02 -1.641E+01  4.476E-04  1.0000
 -6.400E+02 -1.641E+01  0.000E+00  0.0000
 -6.000E+02 -1.641E+01  0.000E+00  0.0000
 -5.600E+02 -1.641E+01  6.991E-05  1.0000
 -5.200E+02 -1.641E+01  4.131E-04  0.5974
 -4.800E+02 -1.641E+01  2.620E-04  0.8537
 -4.400E+02 -1.641E+01  0.000E+00  0.0000
 -4.000E+02 -1.641E+01  8.239E-05  1.0000
 -3.600E+02 -1.641E+01  8.262E-05  0.8599
 -3.200E+02 -1.641E+01  0.000E+00  0.0000
 -2.800E+02 -1.641E+01  1.746E-04  1.0000
 -2.400E+02 -1.641E+01  7.374E-05  1.0000
 -2.000E+02 -1.641E+01  0.000E+00  0.0000
 -1.600E+02 -1.641E+01  1.108E-04  0.8843
 -1.200E+02 -1.641E+01  1.311E-04  1.0000
 -8.000E+01 -1.641E+01  0.000E+00  0.0000
 -4.000E+01 -1.641E+01  1.870E-04  0.7071
  0.000E+00 -1.641E+01  1.008E-04  1.0000
  4.000E+01 -1.641E+01  0.000E+00  0.0000
  8.000E+01 -1.641E+01  1.883E-04  0.7122
  1.200E+02 -1.641E+01  9.476E-05  0.7097
  1.600E+02 -1.641E+01  0.000E+00  0.0000
  2.000E+02 -1.641E+01  6.389E-05  0.9660
  2.400E+02 -1.641E+01  2.003E-04  0.7076
  2.800E+02 -1.641E+01  7.922E-05  1.0000
  3.200E+02 -1.641E+01  0.000E+00  0.0000
  3.600E+02 -1.641E+01  3.407E-05  0.7938
  4.000E+02 -1.641E+01  5.271E-05  1.0000
  4.400E+02 -1.641E+01  2.319E-05  1.0000
  4.800E+02 -1.641E+01  4.446E-05  0.5798
  5.200E+02 -1.641E+01  4.615E-04  0.9972
  5.600E+02 -1.641E+01  1.129E-04  1.0000
  6.000E+02 -1.641E+01  9.670E-05  1.0000
  6.400E+02 -1.641E+01  7.127E-05  1.0000
  6.800E+02 -1.641E+01  0.000E+00  0.0000
 -6.800E+02  2.293E+01  0.000E+00  0.0000
 -6.400E+02  2.293E+01  0.000E+00  0.0000
 -6.000E+02  2.293E+01  0.000E+00  0.0000
 -5.600E+02  2.293E+01  0.000E+00  0.0000
 -5.200E+02  2.293E+01  0.000E+00  0.0000
 -4.800E+02  2.293E+01  4.361E-04  0.7101
 -4.400E+02  2.293E+01  2.996E-05  1.0000
 -4.000E+02  2.293E+01  0.000E+00  0.0000
 -3.600E+02  2.293E+01  0.000E+00  0.0000
 -3.200E+02  2.293E+01  0.000E+00  0.0000
 -2.800E+02  2.293E+01  0.000E+00  0.0000
 -2.400E+02  2.293E+01  1.068E-04  1.0000
 -2.000E+02  2.293E+01  2.848E-04  0.7345
 -1.600E+02  2.293E+01  1.564E-04  1.0000
 -1.200E+02  2.293E+01  0.000E+00  0.0000
 -8.000E+01  2.293E+01  0.000E+00  0.0000
 -4.000E+01  2.293E+01  0.000E+00  0.0000
  0.000E+00  2.293E+01  0.000E+00  0.0000
  4.000E+01  2.293E+01  0.000E+00  0.0000
  8.000E+01  2.293E+01  1.882E-04  1.0000
  1.200E+02  2.293E+01  3.577E-05  1.0000
  1.600E+02  2.293E+01  0.000E+00  0.0000
  2.000E+02  2.293E+01  0.000E+00  0.0000
  2.400E+02  2.293E+01  0.000E+00  0.0000
  2.800E+02  2.293E+01  2.179E-04  1.0000
  3.200E+02  2.293E+01  0.000E+00  0.0000
  3.600E+02  2.293E+01  0.000E+00  0.0000
  4.000E+02  2.293E+01  0.000E+00  0.0000
  4.400E+02  2.293E+01  0.000E+00  0.0000
  4.800E+02  2.293E+01  0.000E+00  0.0000
  5.200E+02  2.293E+01  0.000E+00  0.0000
  5.600E+02  2.293E+01  0.000E+00  0.0000
  6.000E+02  2.293E+01  0.000E+00  0.0000
  6.400E+02  2.293E+01  0.000E+00  0.0000
  6.800E+02  2.293E+01  0.000E+00  0.0000
 -6.800E+02  6.228E+01  0.000E+00  0.0000
 -6.400E+02  6.228E+01  0.000E+00  0.0000
 -6.000E+02  6.228E+01  0.000E+00  0.0000
 -5.600E+02  6.228E+01  0.000E+00  0.0000
 -5.200E+02  6.228E+01  0.000E+00  0.0000
 -4.800E+02  6.228E+01  2.385E-04  1.0000
 -4.400E+02  6.228E+01  2.100E-04  1.0000
 -4.000E+02  6.228E+01  1.757E-05  1.0000
 -3.600E+02  6.228E+01  0.000E+00  0.0000
 -3.200E+02  6.228E+01  0.000E+00  0.0000
 -2.800E+02  6.228E+01  1.083E-05  1.0000
 -2.400E+02  6.228E+01  2.552E-04  1.0000
 -2.000E+02  6.228E+01  1.767E-04  0.7179
 -1.600E+02  6.228E+01  1.052E-04  1.0000
 -1.200E+02  6.228E+01  0.000E+00  0.0000
 -8.000E+01  6.228E+01  0.000E+00  0.0000
 -4.000E+01  6.228E+01  0.000E+00  0.0000
  0.000E+00  6.228E+01  0.000E+00  0.0000
  4.000E+01  6.228E+01  1.838E-04  1.0000
  8.000E+01  6.228E+01  4.022E-05  1.0000
  1.200E+02  6.228E+01  0.000E+00  0.0000
  1.600E+02  6.228E+01  0.000E+00  0.0000
  2.000E+02  6.228E+01  0.000E+00  0.0000
  2.400E+02  6.228E+01  1.979E-04  1.0000
  2.800E+02  6.228E+01  2.001E-05  1.0000
  3.200E+02  6.228E+01  0.000E+00  0.0000
  3.600E+02  6.228E+01  0.000E+00  0.0000
  4.000E+02  6.228E+01  0.000E+00  0.0000
  4.400E+02  6.228E+01  0.000E+00  0.0000
  4.800E+02  6.228E+01  0.000E+00  0.0000
  5.200E+02  6.228E+01  0.000E+00  0.0000
  5.600E+02  6.228E+01  0.000E+00  0.0000
  6.000E+02  6.228E+01  0.000E+00  0.0000
  6.400E+02  6.228E+01  0.000E+00  0.0000
  6.800E+02  6.228E+01  0.000E+00  0.0000
 -6.800E+02  1.016E+02  0.000E+00  0.0000
 -6.400E+02  1.016E+02  0.000E+00  0.0000
 -6.000E+02  1.016E+02  0.000E+00  0.0000
 -5.600E+02  1.016E+02  0.000E+00  0.0000
 -5.200E+02  1.016E+02  0.000E+00  0.0000
 -4.800E+02  1.016E+02  5.198E-05  1.0000
 -4.400E+02  1.016E+02  1.865E-04  1.0000
 -4.000E+02  1.016E+02  2.224E-04  1.0000
 -3.600E+02  1.016E+02  5.176E-06  1.0000
 -3.200E+02  1.016E+02  9.447E-05  1.0000
 -2.800E+02  1.016E+02  2.444E-04  1.0000
 -2.400E+02  1.016E+02  0.000E+00  0.0000
 -2.000E+02  1.016E+02  0.000E+00  0.0000
 -1.600E+02  1.016E+02  4.457E-06  1.0000
 -1.200E+02  1.016E+02  0.000E+00  0.0000
 -8.000E+01  1.016E+02  0.000E+00  0.0000
 -4.000E+01  1.016E+02  0.000E+00  0.0000
  0.000E+00  1.016E+02  1.793E-04  1.0000
  4.000E+01  1.016E+02  4.468E-05  1.0000
  8.000E+01  1.016E+02  0.000E+00  0.0000
  1.200E+02  1.016E+02  0.000E+00  0.0000
  1.600E+02  1.016E+02  0.000E+00  0.0000
  2.000E+02  1.016E+02  4.653E-06  1.0000
  2.400E+02  1.016E+02  2.133E-04  1.0000
  2.800E+02  1.016E+02  0.000E+00  0.0000
  3.200E+02  1.016E+02  0.000E+00  0.0000
  3.600E+02  1.016E+02  0.000E+00  0.0000
  4.000E+02  1.016E+02  0.000E+00  0.0000
  4.400E+02  1.016E+02  0.000E+00  0.0000
  4.800E+02  1.016E+02  0.000E+00  0.0000
  5.200E+02  1.016E+02  0.000E+00  0.0000
  5.600E+02  1.016E+02  0.000E+00  0.0000
  6.000E+02  1.016E+02  0.000E+00  0.0000
  6.400E+02  1.016E+02  0.000E+00  0.0000
  6.800E+02  1.016E+02  0.000E+00  0.0000
 -6.800E+02  1.410E+02  0.000E+00  0.0000
 -6.400E+02  1.410E+02  0.000E+00  0.0000
 -6.000E+02  1.410E+02  0.000E+00  0.0000
 -5.600E+02  1.410E+02  0.000E+00  0.0000
 -5.200E+02  1.410E+02  0.000E+00  0.0000
 -4.800E+02  1.410E+02  0.000E+00  0.0000
 -4.400E+02  1.410E+02  2.385E-04  1.0000
 -4.000E+02  1.410E+02  0.000E+00  0.0000
 -3.600E+02  1.410E+02  2.713E-04  0.8542
 -3.200E+02  1.410E+02  1.608E-04  1.0000
 -2.800E+02  1.410E+02  0.000E+00  0.0000
 -2.400E+02  1.410E+02  0.000E+00  0.0000
 -2.000E+02  1.410E+02  0.000E+00  0.0000
 -1.600E+02  1.410E+02  0.000E+00  0.0000
 -1.200E+02  1.410E+02  0.000E+00  0.0000
 -8.000E+01  1.410E+02  0.000E+00  0.0000
 -4.000E+01  1.410E+02  1.749E-04  1.0000
  0.000E+00  1.410E+02  4.914E-05  1.0000
  4.000E+01  1.410E+02  0.000E+00  0.0000
  8.000E+01  1.410E+02  0.000E+00  0.0000
  1.200E+02  1.410E+02  0.000E+00  0.0000
  1.600E+02  1.410E+02  0.000E+00  0.0000
  2.000E+02  1.410E+02  2.179E-04  1.0000
  2.400E+02  1.410E+02  0.000E+00  0.0000
  2.800E+02  1.410E+02  0.000E+00  0.0000
  3.200E+02  1.410E+02  0.000E+00  0.0000
  3.600E+02  1.410E+02  0.000E+00  0.0000
  4.000E+02  1.410E+02  0.000E+00  0.0000
  4.400E+02  1.410E+02  0.000E+00  0.0000
  4.800E+02  1.410E+02  0.000E+00  0.0000
  5.200E+02  1.410E+02  0.000E+00  0.0000
  5.600E+02  1.410E+02  0.000E+00  0.0000
  6.000E+02  1.410E+02  0.000E+00  0.0000
  6.400E+02  1.410E+02  0.000E+00  0.0000
  6.800E+02  1.410E+02  0.000E+00  0.0000
 -6.800E+02  1.803E+02  0.000E+00  0.0000
 -6.400E+02  1.803E+02  0.000E+00  0.0000
 -6.000E+02  1.803E+02  0.000E+00  0.0000
 -5.600E+02  1.803E+02  0.000E+00  0.0000
 -5.200E+02  1.803E+02  0.000E+00  0.0000
 -4.800E+02  1.803E+02  0.000E+00  0.0000
 -4.400E+02  1.803E+02  1.564E-04  1.0000
 -4.000E+02  1.803E+02  0.000E+00  0.0000
 -3.600E+02  1.803E+02  7.217E-06  1.0000
 -3.200E+02  1.803E+02  2.204E-04  1.0000
 -2.800E+02  1.803E+02  0.000E+00  0.0000
 -2.400E+02  1.803E+02  0.000E+00  0.0000
 -2.000E+02  1.803E+02  0.000E+00  0.0000
 -1.600E+02  1.803E+02  0.000E+00  0.0000
 -1.200E+02  1.803E+02  0.000E+00  0.0000
 -8.000E+01  1.803E+02  1.704E-04  1.0000
 -4.000E+01  1.803E+02  5.359E-05  1.0000
  0.000E+00  1.803E+02  0.000E+00  0.0000
  4.000E+01  1.803E+02  0.000E+00  0.0000
  8.000E+01  1.803E+02  0.000E+00  0.0000
  1.200E+02  1.803E+02  0.000E+00  0.0000
  1.600E+02  1.803E+02  2.931E-05  1.0000
  2.000E+02  1.803E+02  1.886E-04  1.0000
  2.400E+02  1.803E+02  0.000E+00  0.0000
  2.800E+02  1.803E+02  0.000E+00  0.0000
  3.200E+02  1.803E+02  0.000E+00  0.0000
  3.600E+02  1.803E+02  0.000E+00  0.0000
  4.000E+02  1.803E+02  0.000E+00  0.0000
  4.400E+02  1.803E+02  0.000E+00  0.0000
  4.800E+02  1.803E+02  0.000E+00  0.0000
  5.200E+02  1.803E+02  0.000E+00  0.0000
  5.600E+02  1.803E+02  0.000E+00  0.0000
  6.000E+02  1.803E+02  0.000E+00  0.0000
  6.400E+02  1.803E+02  0.000E+00  0.0000
  6.800E+02  1.803E+02  0.000E+00  0.0000

#------------------------------------------------------------------------------
 newpage:
#   no. =  4   ie  =  4   iy  =  1   part. = neutron 
#   e = (   2.0000E+01  -   1.0000E+05  )
#   y = (  -1.0000E+03  -   1.0000E+03  )
#  nx =  35   nz =  23

# x          z          flux       r.err
 -6.800E+02 -6.853E+02  0.000E+00  0.0000
 -6.400E+02 -6.853E+02  0.000E+00  0.0000
 -6.000E+02 -6.853E+02  0.000E+00  0.0000
 -5.600E+02 -6.853E+02  0.000E+00  0.0000
 -5.200E+02 -6.853E+02  0.000E+00  0.0000
 -4.800E+02 -6.853E+02  0.000E+00  0.0000
 -4.400E+02 -6.853E+02  0.000E+00  0.0000
 -4.000E+02 -6.853E+02  0.000E+00  0.0000
 -3.600E+02 -6.853E+02  0.000E+00  0.0000
 -3.200E+02 -6.853E+02  0.000E+00  0.0000
 -2.800E+02 -6.853E+02  0.000E+00  0.0000
 -2.400E+02 -6.853E+02  0.000E+00  0.0000
 -2.000E+02 -6.853E+02  5.065E-05  1.0000
 -1.600E+02 -6.853E+02  3.078E-05  1.0000
 -1.200E+02 -6.853E+02  0.000E+00  0.0000
 -8.000E+01 -6.853E+02  0.000E+00  0.0000
 -4.000E+01 -6.853E+02  0.000E+00  0.0000
  0.000E+00 -6.853E+02  0.000E+00  0.0000
  4.000E+01 -6.853E+02  0.000E+00  0.0000
  8.000E+01 -6.853E+02  0.000E+00  0.0000
  1.200E+02 -6.853E+02  0.000E+00  0.0000
  1.600E+02 -6.853E+02  0.000E+00  0.0000
  2.000E+02 -6.853E+02  0.000E+00  0.0000
  2.400E+02 -6.853E+02  0.000E+00  0.0000
  2.800E+02 -6.853E+02  0.000E+00  0.0000
  3.200E+02 -6.853E+02  0.000E+00  0.0000
  3.600E+02 -6.853E+02  0.000E+00  0.0000
  4.000E+02 -6.853E+02  0.000E+00  0.0000
  4.400E+02 -6.853E+02  0.000E+00  0.0000
  4.800E+02 -6.853E+02  0.000E+00  0.0000
  5.200E+02 -6.853E+02  0.000E+00  0.0000
  5.600E+02 -6.853E+02  0.000E+00  0.0000
  6.000E+02 -6.853E+02  0.000E+00  0.0000
  6.400E+02 -6.853E+02  0.000E+00  0.0000
  6.800E+02 -6.853E+02  0.000E+00  0.0000
 -6.800E+02 -6.460E+02  0.000E+00  0.0000
 -6.400E+02 -6.460E+02  0.000E+00  0.0000
 -6.000E+02 -6.460E+02  0.000E+00  0.0000
 -5.600E+02 -6.460E+02  0.000E+00  0.0000
 -5.200E+02 -6.460E+02  0.000E+00  0.0000
 -4.800E+02 -6.460E+02  0.000E+00  0.0000
 -4.400E+02 -6.460E+02  0.000E+00  0.0000
 -4.000E+02 -6.460E+02  0.000E+00  0.0000
 -3.600E+02 -6.460E+02  0.000E+00  0.0000
 -3.200E+02 -6.460E+02  0.000E+00  0.0000
 -2.800E+02 -6.460E+02  0.000E+00  0.0000
 -2.400E+02 -6.460E+02  0.000E+00  0.0000
 -2.000E+02 -6.460E+02  0.000E+00  0.0000
 -1.600E+02 -6.460E+02  0.000E+00  0.0000
 -1.200E+02 -6.460E+02  0.000E+00  0.0000
 -8.000E+01 -6.460E+02  0.000E+00  0.0000
 -4.000E+01 -6.460E+02  0.000E+00  0.0000
  0.000E+00 -6.460E+02  0.000E+00  0.0000
  4.000E+01 -6.460E+02  0.000E+00  0.0000
  8.000E+01 -6.460E+02  0.000E+00  0.0000
  1.200E+02 -6.460E+02  0.000E+00  0.0000
  1.600E+02 -6.460E+02  0.000E+00  0.0000
  2.000E+02 -6.460E+02  0.000E+00  0.0000
  2.400E+02 -6.460E+02  0.000E+00  0.0000
  2.800E+02 -6.460E+02  0.000E+00  0.0000
  3.200E+02 -6.460E+02  0.000E+00  0.0000
  3.600E+02 -6.460E+02  0.000E+00  0.0000
  4.000E+02 -6.460E+02  0.000E+00  0.0000
  4.400E+02 -6.460E+02  0.000E+00  0.0000
  4.800E+02 -6.460E+02  0.000E+00  0.0000
  5.200E+02 -6.460E+02  0.000E+00  0.0000
  5.600E+02 -6.460E+02  0.000E+00  0.0000
  6.000E+02 -6.460E+02  0.000E+00  0.0000
  6.400E+02 -6.460E+02  0.000E+00  0.0000
  6.800E+02 -6.460E+02  0.000E+00  0.0000
 -6.800E+02 -6.066E+02  0.000E+00  0.0000
 -6.400E+02 -6.066E+02  0.000E+00  0.0000
 -6.000E+02 -6.066E+02  0.000E+00  0.0000
 -5.600E+02 -6.066E+02  0.000E+00  0.0000
 -5.200E+02 -6.066E+02  0.000E+00  0.0000
 -4.800E+02 -6.066E+02  0.000E+00  0.0000
 -4.400E+02 -6.066E+02  0.000E+00  0.0000
 -4.000E+02 -6.066E+02  0.000E+00  0.0000
 -3.600E+02 -6.066E+02  0.000E+00  0.0000
 -3.200E+02 -6.066E+02  0.000E+00  0.0000
 -2.800E+02 -6.066E+02  0.000E+00  0.0000
 -2.400E+02 -6.066E+02  0.000E+00  0.0000
 -2.000E+02 -6.066E+02  0.000E+00  0.0000
 -1.600E+02 -6.066E+02  0.000E+00  0.0000
 -1.200E+02 -6.066E+02  0.000E+00  0.0000
 -8.000E+01 -6.066E+02  0.000E+00  0.0000
 -4.000E+01 -6.066E+02  0.000E+00  0.0000
  0.000E+00 -6.066E+02  0.000E+00  0.0000
  4.000E+01 -6.066E+02  0.000E+00  0.0000
  8.000E+01 -6.066E+02  0.000E+00  0.0000
  1.200E+02 -6.066E+02  0.000E+00  0.0000
  1.600E+02 -6.066E+02  0.000E+00  0.0000
  2.000E+02 -6.066E+02  0.000E+00  0.0000
  2.400E+02 -6.066E+02  0.000E+00  0.0000
  2.800E+02 -6.066E+02  0.000E+00  0.0000
  3.200E+02 -6.066E+02  0.000E+00  0.0000
  3.600E+02 -6.066E+02  0.000E+00  0.0000
  4.000E+02 -6.066E+02  0.000E+00  0.0000
  4.400E+02 -6.066E+02  0.000E+00  0.0000
  4.800E+02 -6.066E+02  0.000E+00  0.0000
  5.200E+02 -6.066E+02  0.000E+00  0.0000
  5.600E+02 -6.066E+02  0.000E+00  0.0000
  6.000E+02 -6.066E+02  0.000E+00  0.0000
  6.400E+02 -6.066E+02  0.000E+00  0.0000
  6.800E+02 -6.066E+02  0.000E+00  0.0000
 -6.800E+02 -5.673E+02  0.000E+00  0.0000
 -6.400E+02 -5.673E+02  0.000E+00  0.0000
 -6.000E+02 -5.673E+02  0.000E+00  0.0000
 -5.600E+02 -5.673E+02  0.000E+00  0.0000
 -5.200E+02 -5.673E+02  0.000E+00  0.0000
 -4.800E+02 -5.673E+02  0.000E+00  0.0000
 -4.400E+02 -5.673E+02  0.000E+00  0.0000
 -4.000E+02 -5.673E+02  1.982E-05  1.0000
 -3.600E+02 -5.673E+02  5.255E-05  1.0000
 -3.200E+02 -5.673E+02  0.000E+00  0.0000
 -2.800E+02 -5.673E+02  0.000E+00  0.0000
 -2.400E+02 -5.673E+02  0.000E+00  0.0000
 -2.000E+02 -5.673E+02  0.000E+00  0.0000
 -1.600E+02 -5.673E+02  0.000E+00  0.0000
 -1.200E+02 -5.673E+02  0.000E+00  0.0000
 -8.000E+01 -5.673E+02  0.000E+00  0.0000
 -4.000E+01 -5.673E+02  0.000E+00  0.0000
  0.000E+00 -5.673E+02  0.000E+00  0.0000
  4.000E+01 -5.673E+02  0.000E+00  0.0000
  8.000E+01 -5.673E+02  0.000E+00  0.0000
  1.200E+02 -5.673E+02  0.000E+00  0.0000
  1.600E+02 -5.673E+02  0.000E+00  0.0000
  2.000E+02 -5.673E+02  0.000E+00  0.0000
  2.400E+02 -5.673E+02  0.000E+00  0.0000
  2.800E+02 -5.673E+02  0.000E+00  0.0000
  3.200E+02 -5.673E+02  0.000E+00  0.0000
  3.600E+02 -5.673E+02  0.000E+00  0.0000
  4.000E+02 -5.673E+02  0.000E+00  0.0000
  4.400E+02 -5.673E+02  0.000E+00  0.0000
  4.800E+02 -5.673E+02  0.000E+00  0.0000
  5.200E+02 -5.673E+02  0.000E+00  0.0000
  5.600E+02 -5.673E+02  0.000E+00  0.0000
  6.000E+02 -5.673E+02  0.000E+00  0.0000
  6.400E+02 -5.673E+02  0.000E+00  0.0000
  6.800E+02 -5.673E+02  0.000E+00  0.0000
 -6.800E+02 -5.279E+02  0.000E+00  0.0000
 -6.400E+02 -5.279E+02  0.000E+00  0.0000
 -6.000E+02 -5.279E+02  0.000E+00  0.0000
 -5.600E+02 -5.279E+02  0.000E+00  0.0000
 -5.200E+02 -5.279E+02  0.000E+00  0.0000
 -4.800E+02 -5.279E+02  0.000E+00  0.0000
 -4.400E+02 -5.279E+02  0.000E+00  0.0000
 -4.000E+02 -5.279E+02  0.000E+00  0.0000
 -3.600E+02 -5.279E+02  0.000E+00  0.0000
 -3.200E+02 -5.279E+02  0.000E+00  0.0000
 -2.800E+02 -5.279E+02  0.000E+00  0.0000
 -2.400E+02 -5.279E+02  0.000E+00  0.0000
 -2.000E+02 -5.279E+02  0.000E+00  0.0000
 -1.600E+02 -5.279E+02  0.000E+00  0.0000
 -1.200E+02 -5.279E+02  0.000E+00  0.0000
 -8.000E+01 -5.279E+02  0.000E+00  0.0000
 -4.000E+01 -5.279E+02  0.000E+00  0.0000
  0.000E+00 -5.279E+02  0.000E+00  0.0000
  4.000E+01 -5.279E+02  0.000E+00  0.0000
  8.000E+01 -5.279E+02  0.000E+00  0.0000
  1.200E+02 -5.279E+02  0.000E+00  0.0000
  1.600E+02 -5.279E+02  0.000E+00  0.0000
  2.000E+02 -5.279E+02  0.000E+00  0.0000
  2.400E+02 -5.279E+02  0.000E+00  0.0000
  2.800E+02 -5.279E+02  0.000E+00  0.0000
  3.200E+02 -5.279E+02  0.000E+00  0.0000
  3.600E+02 -5.279E+02  0.000E+00  0.0000
  4.000E+02 -5.279E+02  0.000E+00  0.0000
  4.400E+02 -5.279E+02  0.000E+00  0.0000
  4.800E+02 -5.279E+02  0.000E+00  0.0000
  5.200E+02 -5.279E+02  0.000E+00  0.0000
  5.600E+02 -5.279E+02  0.000E+00  0.0000
  6.000E+02 -5.279E+02  0.000E+00  0.0000
  6.400E+02 -5.279E+02  0.000E+00  0.0000
  6.800E+02 -5.279E+02  0.000E+00  0.0000
 -6.800E+02 -4.886E+02  0.000E+00  0.0000
 -6.400E+02 -4.886E+02  0.000E+00  0.0000
 -6.000E+02 -4.886E+02  0.000E+00  0.0000
 -5.600E+02 -4.886E+02  0.000E+00  0.0000
 -5.200E+02 -4.886E+02  0.000E+00  0.0000
 -4.800E+02 -4.886E+02  0.000E+00  0.0000
 -4.400E+02 -4.886E+02  0.000E+00  0.0000
 -4.000E+02 -4.886E+02  0.000E+00  0.0000
 -3.600E+02 -4.886E+02  0.000E+00  0.0000
 -3.200E+02 -4.886E+02  0.000E+00  0.0000
 -2.800E+02 -4.886E+02  0.000E+00  0.0000
 -2.400E+02 -4.886E+02  0.000E+00  0.0000
 -2.000E+02 -4.886E+02  0.000E+00  0.0000
 -1.600E+02 -4.886E+02  0.000E+00  0.0000
 -1.200E+02 -4.886E+02  0.000E+00  0.0000
 -8.000E+01 -4.886E+02  0.000E+00  0.0000
 -4.000E+01 -4.886E+02  0.000E+00  0.0000
  0.000E+00 -4.886E+02  0.000E+00  0.0000
  4.000E+01 -4.886E+02  0.000E+00  0.0000
  8.000E+01 -4.886E+02  0.000E+00  0.0000
  1.200E+02 -4.886E+02  0.000E+00  0.0000
  1.600E+02 -4.886E+02  0.000E+00  0.0000
  2.000E+02 -4.886E+02  0.000E+00  0.0000
  2.400E+02 -4.886E+02  0.000E+00  0.0000
  2.800E+02 -4.886E+02  0.000E+00  0.0000
  3.200E+02 -4.886E+02  0.000E+00  0.0000
  3.600E+02 -4.886E+02  0.000E+00  0.0000
  4.000E+02 -4.886E+02  0.000E+00  0.0000
  4.400E+02 -4.886E+02  0.000E+00  0.0000
  4.800E+02 -4.886E+02  0.000E+00  0.0000
  5.200E+02 -4.886E+02  0.000E+00  0.0000
  5.600E+02 -4.886E+02  0.000E+00  0.0000
  6.000E+02 -4.886E+02  0.000E+00  0.0000
  6.400E+02 -4.886E+02  0.000E+00  0.0000
  6.800E+02 -4.886E+02  0.000E+00  0.0000
 -6.800E+02 -4.492E+02  0.000E+00  0.0000
 -6.400E+02 -4.492E+02  0.000E+00  0.0000
 -6.000E+02 -4.492E+02  0.000E+00  0.0000
 -5.600E+02 -4.492E+02  0.000E+00  0.0000
 -5.200E+02 -4.492E+02  0.000E+00  0.0000
 -4.800E+02 -4.492E+02  0.000E+00  0.0000
 -4.400E+02 -4.492E+02  0.000E+00  0.0000
 -4.000E+02 -4.492E+02  0.000E+00  0.0000
 -3.600E+02 -4.492E+02  0.000E+00  0.0000
 -3.200E+02 -4.492E+02  0.000E+00  0.0000
 -2.800E+02 -4.492E+02  0.000E+00  0.0000
 -2.400E+02 -4.492E+02  0.000E+00  0.0000
 -2.000E+02 -4.492E+02  0.000E+00  0.0000
 -1.600E+02 -4.492E+02  0.000E+00  0.0000
 -1.200E+02 -4.492E+02  0.000E+00  0.0000
 -8.000E+01 -4.492E+02  0.000E+00  0.0000
 -4.000E+01 -4.492E+02  0.000E+00  0.0000
  0.000E+00 -4.492E+02  0.000E+00  0.0000
  4.000E+01 -4.492E+02  0.000E+00  0.0000
  8.000E+01 -4.492E+02  0.000E+00  0.0000
  1.200E+02 -4.492E+02  0.000E+00  0.0000
  1.600E+02 -4.492E+02  0.000E+00  0.0000
  2.000E+02 -4.492E+02  0.000E+00  0.0000
  2.400E+02 -4.492E+02  0.000E+00  0.0000
  2.800E+02 -4.492E+02  0.000E+00  0.0000
  3.200E+02 -4.492E+02  0.000E+00  0.0000
  3.600E+02 -4.492E+02  0.000E+00  0.0000
  4.000E+02 -4.492E+02  0.000E+00  0.0000
  4.400E+02 -4.492E+02  0.000E+00  0.0000
  4.800E+02 -4.492E+02  0.000E+00  0.0000
  5.200E+02 -4.492E+02  0.000E+00  0.0000
  5.600E+02 -4.492E+02  0.000E+00  0.0000
  6.000E+02 -4.492E+02  0.000E+00  0.0000
  6.400E+02 -4.492E+02  0.000E+00  0.0000
  6.800E+02 -4.492E+02  0.000E+00  0.0000
 -6.800E+02 -4.099E+02  0.000E+00  0.0000
 -6.400E+02 -4.099E+02  0.000E+00  0.0000
 -6.000E+02 -4.099E+02  0.000E+00  0.0000
 -5.600E+02 -4.099E+02  0.000E+00  0.0000
 -5.200E+02 -4.099E+02  0.000E+00  0.0000
 -4.800E+02 -4.099E+02  0.000E+00  0.0000
 -4.400E+02 -4.099E+02  0.000E+00  0.0000
 -4.000E+02 -4.099E+02  0.000E+00  0.0000
 -3.600E+02 -4.099E+02  0.000E+00  0.0000
 -3.200E+02 -4.099E+02  0.000E+00  0.0000
 -2.800E+02 -4.099E+02  0.000E+00  0.0000
 -2.400E+02 -4.099E+02  0.000E+00  0.0000
 -2.000E+02 -4.099E+02  0.000E+00  0.0000
 -1.600E+02 -4.099E+02  0.000E+00  0.0000
 -1.200E+02 -4.099E+02  0.000E+00  0.0000
 -8.000E+01 -4.099E+02  0.000E+00  0.0000
 -4.000E+01 -4.099E+02  0.000E+00  0.0000
  0.000E+00 -4.099E+02  0.000E+00  0.0000
  4.000E+01 -4.099E+02  0.000E+00  0.0000
  8.000E+01 -4.099E+02  0.000E+00  0.0000
  1.200E+02 -4.099E+02  0.000E+00  0.0000
  1.600E+02 -4.099E+02  0.000E+00  0.0000
  2.000E+02 -4.099E+02  0.000E+00  0.0000
  2.400E+02 -4.099E+02  0.000E+00  0.0000
  2.800E+02 -4.099E+02  0.000E+00  0.0000
  3.200E+02 -4.099E+02  1.909E-04  1.0000
  3.600E+02 -4.099E+02  0.000E+00  0.0000
  4.000E+02 -4.099E+02  0.000E+00  0.0000
  4.400E+02 -4.099E+02  0.000E+00  0.0000
  4.800E+02 -4.099E+02  0.000E+00  0.0000
  5.200E+02 -4.099E+02  0.000E+00  0.0000
  5.600E+02 -4.099E+02  0.000E+00  0.0000
  6.000E+02 -4.099E+02  0.000E+00  0.0000
  6.400E+02 -4.099E+02  0.000E+00  0.0000
  6.800E+02 -4.099E+02  0.000E+00  0.0000
 -6.800E+02 -3.705E+02  0.000E+00  0.0000
 -6.400E+02 -3.705E+02  0.000E+00  0.0000
 -6.000E+02 -3.705E+02  0.000E+00  0.0000
 -5.600E+02 -3.705E+02  0.000E+00  0.0000
 -5.200E+02 -3.705E+02  0.000E+00  0.0000
 -4.800E+02 -3.705E+02  0.000E+00  0.0000
 -4.400E+02 -3.705E+02  0.000E+00  0.0000
 -4.000E+02 -3.705E+02  0.000E+00  0.0000
 -3.600E+02 -3.705E+02  0.000E+00  0.0000
 -3.200E+02 -3.705E+02  0.000E+00  0.0000
 -2.800E+02 -3.705E+02  0.000E+00  0.0000
 -2.400E+02 -3.705E+02  0.000E+00  0.0000
 -2.000E+02 -3.705E+02  0.000E+00  0.0000
 -1.600E+02 -3.705E+02  0.000E+00  0.0000
 -1.200E+02 -3.705E+02  0.000E+00  0.0000
 -8.000E+01 -3.705E+02  0.000E+00  0.0000
 -4.000E+01 -3.705E+02  0.000E+00  0.0000
  0.000E+00 -3.705E+02  0.000E+00  0.0000
  4.000E+01 -3.705E+02  0.000E+00  0.0000
  8.000E+01 -3.705E+02  0.000E+00  0.0000
  1.200E+02 -3.705E+02  0.000E+00  0.0000
  1.600E+02 -3.705E+02  0.000E+00  0.0000
  2.000E+02 -3.705E+02  0.000E+00  0.0000
  2.400E+02 -3.705E+02  0.000E+00  0.0000
  2.800E+02 -3.705E+02  0.000E+00  0.0000
  3.200E+02 -3.705E+02  2.457E-05  1.0000
  3.600E+02 -3.705E+02  2.202E-04  1.0000
  4.000E+02 -3.705E+02  1.724E-05  1.0000
  4.400E+02 -3.705E+02  0.000E+00  0.0000
  4.800E+02 -3.705E+02  0.000E+00  0.0000
  5.200E+02 -3.705E+02  0.000E+00  0.0000
  5.600E+02 -3.705E+02  0.000E+00  0.0000
  6.000E+02 -3.705E+02  0.000E+00  0.0000
  6.400E+02 -3.705E+02  0.000E+00  0.0000
  6.800E+02 -3.705E+02  0.000E+00  0.0000
 -6.800E+02 -3.312E+02  0.000E+00  0.0000
 -6.400E+02 -3.312E+02  0.000E+00  0.0000
 -6.000E+02 -3.312E+02  0.000E+00  0.0000
 -5.600E+02 -3.312E+02  0.000E+00  0.0000
 -5.200E+02 -3.312E+02  0.000E+00  0.0000
 -4.800E+02 -3.312E+02  0.000E+00  0.0000
 -4.400E+02 -3.312E+02  0.000E+00  0.0000
 -4.000E+02 -3.312E+02  0.000E+00  0.0000
 -3.600E+02 -3.312E+02  0.000E+00  0.0000
 -3.200E+02 -3.312E+02  0.000E+00  0.0000
 -2.800E+02 -3.312E+02  0.000E+00  0.0000
 -2.400E+02 -3.312E+02  0.000E+00  0.0000
 -2.000E+02 -3.312E+02  0.000E+00  0.0000
 -1.600E+02 -3.312E+02  0.000E+00  0.0000
 -1.200E+02 -3.312E+02  0.000E+00  0.0000
 -8.000E+01 -3.312E+02  0.000E+00  0.0000
 -4.000E+01 -3.312E+02  0.000E+00  0.0000
  0.000E+00 -3.312E+02  0.000E+00  0.0000
  4.000E+01 -3.312E+02  0.000E+00  0.0000
  8.000E+01 -3.312E+02  0.000E+00  0.0000
  1.200E+02 -3.312E+02  0.000E+00  0.0000
  1.600E+02 -3.312E+02  0.000E+00  0.0000
  2.000E+02 -3.312E+02  0.000E+00  0.0000
  2.400E+02 -3.312E+02  0.000E+00  0.0000
  2.800E+02 -3.312E+02  0.000E+00  0.0000
  3.200E+02 -3.312E+02  9.028E-05  1.0000
  3.600E+02 -3.312E+02  0.000E+00  0.0000
  4.000E+02 -3.312E+02  1.063E-04  1.0000
  4.400E+02 -3.312E+02  0.000E+00  0.0000
  4.800E+02 -3.312E+02  0.000E+00  0.0000
  5.200E+02 -3.312E+02  0.000E+00  0.0000
  5.600E+02 -3.312E+02  0.000E+00  0.0000
  6.000E+02 -3.312E+02  0.000E+00  0.0000
  6.400E+02 -3.312E+02  0.000E+00  0.0000
  6.800E+02 -3.312E+02  0.000E+00  0.0000
 -6.800E+02 -2.918E+02  8.552E-05  1.0000
 -6.400E+02 -2.918E+02  0.000E+00  0.0000
 -6.000E+02 -2.918E+02  0.000E+00  0.0000
 -5.600E+02 -2.918E+02  0.000E+00  0.0000
 -5.200E+02 -2.918E+02  0.000E+00  0.0000
 -4.800E+02 -2.918E+02  0.000E+00  0.0000
 -4.400E+02 -2.918E+02  0.000E+00  0.0000
 -4.000E+02 -2.918E+02  0.000E+00  0.0000
 -3.600E+02 -2.918E+02  0.000E+00  0.0000
 -3.200E+02 -2.918E+02  0.000E+00  0.0000
 -2.800E+02 -2.918E+02  0.000E+00  0.0000
 -2.400E+02 -2.918E+02  0.000E+00  0.0000
 -2.000E+02 -2.918E+02  0.000E+00  0.0000
 -1.600E+02 -2.918E+02  0.000E+00  0.0000
 -1.200E+02 -2.918E+02  0.000E+00  0.0000
 -8.000E+01 -2.918E+02  0.000E+00  0.0000
 -4.000E+01 -2.918E+02  0.000E+00  0.0000
  0.000E+00 -2.918E+02  0.000E+00  0.0000
  4.000E+01 -2.918E+02  0.000E+00  0.0000
  8.000E+01 -2.918E+02  0.000E+00  0.0000
  1.200E+02 -2.918E+02  0.000E+00  0.0000
  1.600E+02 -2.918E+02  0.000E+00  0.0000
  2.000E+02 -2.918E+02  0.000E+00  0.0000
  2.400E+02 -2.918E+02  0.000E+00  0.0000
  2.800E+02 -2.918E+02  0.000E+00  0.0000
  3.200E+02 -2.918E+02  0.000E+00  0.0000
  3.600E+02 -2.918E+02  0.000E+00  0.0000
  4.000E+02 -2.918E+02  0.000E+00  0.0000
  4.400E+02 -2.918E+02  0.000E+00  0.0000
  4.800E+02 -2.918E+02  0.000E+00  0.0000
  5.200E+02 -2.918E+02  0.000E+00  0.0000
  5.600E+02 -2.918E+02  0.000E+00  0.0000
  6.000E+02 -2.918E+02  0.000E+00  0.0000
  6.400E+02 -2.918E+02  7.776E-05  1.0000
  6.800E+02 -2.918E+02  0.000E+00  0.0000
 -6.800E+02 -2.525E+02  2.079E-04  1.0000
 -6.400E+02 -2.525E+02  0.000E+00  0.0000
 -6.000E+02 -2.525E+02  0.000E+00  0.0000
 -5.600E+02 -2.525E+02  0.000E+00  0.0000
 -5.200E+02 -2.525E+02  0.000E+00  0.0000
 -4.800E+02 -2.525E+02  0.000E+00  0.0000
 -4.400E+02 -2.525E+02  0.000E+00  0.0000
 -4.000E+02 -2.525E+02  0.000E+00  0.0000
 -3.600E+02 -2.525E+02  0.000E+00  0.0000
 -3.200E+02 -2.525E+02  0.000E+00  0.0000
 -2.800E+02 -2.525E+02  0.000E+00  0.0000
 -2.400E+02 -2.525E+02  0.000E+00  0.0000
 -2.000E+02 -2.525E+02  0.000E+00  0.0000
 -1.600E+02 -2.525E+02  0.000E+00  0.0000
 -1.200E+02 -2.525E+02  0.000E+00  0.0000
 -8.000E+01 -2.525E+02  0.000E+00  0.0000
 -4.000E+01 -2.525E+02  0.000E+00  0.0000
  0.000E+00 -2.525E+02  0.000E+00  0.0000
  4.000E+01 -2.525E+02  0.000E+00  0.0000
  8.000E+01 -2.525E+02  0.000E+00  0.0000
  1.200E+02 -2.525E+02  0.000E+00  0.0000
  1.600E+02 -2.525E+02  0.000E+00  0.0000
  2.000E+02 -2.525E+02  0.000E+00  0.0000
  2.400E+02 -2.525E+02  0.000E+00  0.0000
  2.800E+02 -2.525E+02  0.000E+00  0.0000
  3.200E+02 -2.525E+02  0.000E+00  0.0000
  3.600E+02 -2.525E+02  0.000E+00  0.0000
  4.000E+02 -2.525E+02  0.000E+00  0.0000
  4.400E+02 -2.525E+02  0.000E+00  0.0000
  4.800E+02 -2.525E+02  0.000E+00  0.0000
  5.200E+02 -2.525E+02  0.000E+00  0.0000
  5.600E+02 -2.525E+02  0.000E+00  0.0000
  6.000E+02 -2.525E+02  0.000E+00  0.0000
  6.400E+02 -2.525E+02  0.000E+00  0.0000
  6.800E+02 -2.525E+02  0.000E+00  0.0000
 -6.800E+02 -2.132E+02  0.000E+00  0.0000
 -6.400E+02 -2.132E+02  0.000E+00  0.0000
 -6.000E+02 -2.132E+02  0.000E+00  0.0000
 -5.600E+02 -2.132E+02  0.000E+00  0.0000
 -5.200E+02 -2.132E+02  0.000E+00  0.0000
 -4.800E+02 -2.132E+02  0.000E+00  0.0000
 -4.400E+02 -2.132E+02  0.000E+00  0.0000
 -4.000E+02 -2.132E+02  0.000E+00  0.0000
 -3.600E+02 -2.132E+02  0.000E+00  0.0000
 -3.200E+02 -2.132E+02  0.000E+00  0.0000
 -2.800E+02 -2.132E+02  0.000E+00  0.0000
 -2.400E+02 -2.132E+02  0.000E+00  0.0000
 -2.000E+02 -2.132E+02  0.000E+00  0.0000
 -1.600E+02 -2.132E+02  0.000E+00  0.0000
 -1.200E+02 -2.132E+02  0.000E+00  0.0000
 -8.000E+01 -2.132E+02  0.000E+00  0.0000
 -4.000E+01 -2.132E+02  0.000E+00  0.0000
  0.000E+00 -2.132E+02  0.000E+00  0.0000
  4.000E+01 -2.132E+02  0.000E+00  0.0000
  8.000E+01 -2.132E+02  0.000E+00  0.0000
  1.200E+02 -2.132E+02  0.000E+00  0.0000
  1.600E+02 -2.132E+02  0.000E+00  0.0000
  2.000E+02 -2.132E+02  0.000E+00  0.0000
  2.400E+02 -2.132E+02  0.000E+00  0.0000
  2.800E+02 -2.132E+02  0.000E+00  0.0000
  3.200E+02 -2.132E+02  0.000E+00  0.0000
  3.600E+02 -2.132E+02  0.000E+00  0.0000
  4.000E+02 -2.132E+02  0.000E+00  0.0000
  4.400E+02 -2.132E+02  0.000E+00  0.0000
  4.800E+02 -2.132E+02  0.000E+00  0.0000
  5.200E+02 -2.132E+02  0.000E+00  0.0000
  5.600E+02 -2.132E+02  0.000E+00  0.0000
  6.000E+02 -2.132E+02  0.000E+00  0.0000
  6.400E+02 -2.132E+02  0.000E+00  0.0000
  6.800E+02 -2.132E+02  0.000E+00  0.0000
 -6.800E+02 -1.738E+02  0.000E+00  0.0000
 -6.400E+02 -1.738E+02  0.000E+00  0.0000
 -6.000E+02 -1.738E+02  0.000E+00  0.0000
 -5.600E+02 -1.738E+02  0.000E+00  0.0000
 -5.200E+02 -1.738E+02  0.000E+00  0.0000
 -4.800E+02 -1.738E+02  0.000E+00  0.0000
 -4.400E+02 -1.738E+02  0.000E+00  0.0000
 -4.000E+02 -1.738E+02  0.000E+00  0.0000
 -3.600E+02 -1.738E+02  0.000E+00  0.0000
 -3.200E+02 -1.738E+02  0.000E+00  0.0000
 -2.800E+02 -1.738E+02  0.000E+00  0.0000
 -2.400E+02 -1.738E+02  3.794E-05  1.0000
 -2.000E+02 -1.738E+02  0.000E+00  0.0000
 -1.600E+02 -1.738E+02  0.000E+00  0.0000
 -1.200E+02 -1.738E+02  0.000E+00  0.0000
 -8.000E+01 -1.738E+02  0.000E+00  0.0000
 -4.000E+01 -1.738E+02  0.000E+00  0.0000
  0.000E+00 -1.738E+02  0.000E+00  0.0000
  4.000E+01 -1.738E+02  0.000E+00  0.0000
  8.000E+01 -1.738E+02  0.000E+00  0.0000
  1.200E+02 -1.738E+02  0.000E+00  0.0000
  1.600E+02 -1.738E+02  0.000E+00  0.0000
  2.000E+02 -1.738E+02  0.000E+00  0.0000
  2.400E+02 -1.738E+02  0.000E+00  0.0000
  2.800E+02 -1.738E+02  0.000E+00  0.0000
  3.200E+02 -1.738E+02  0.000E+00  0.0000
  3.600E+02 -1.738E+02  0.000E+00  0.0000
  4.000E+02 -1.738E+02  0.000E+00  0.0000
  4.400E+02 -1.738E+02  0.000E+00  0.0000
  4.800E+02 -1.738E+02  0.000E+00  0.0000
  5.200E+02 -1.738E+02  0.000E+00  0.0000
  5.600E+02 -1.738E+02  0.000E+00  0.0000
  6.000E+02 -1.738E+02  0.000E+00  0.0000
  6.400E+02 -1.738E+02  0.000E+00  0.0000
  6.800E+02 -1.738E+02  0.000E+00  0.0000
 -6.800E+02 -1.345E+02  0.000E+00  0.0000
 -6.400E+02 -1.345E+02  0.000E+00  0.0000
 -6.000E+02 -1.345E+02  0.000E+00  0.0000
 -5.600E+02 -1.345E+02  0.000E+00  0.0000
 -5.200E+02 -1.345E+02  0.000E+00  0.0000
 -4.800E+02 -1.345E+02  0.000E+00  0.0000
 -4.400E+02 -1.345E+02  0.000E+00  0.0000
 -4.000E+02 -1.345E+02  9.028E-06  1.0000
 -3.600E+02 -1.345E+02  0.000E+00  0.0000
 -3.200E+02 -1.345E+02  0.000E+00  0.0000
 -2.800E+02 -1.345E+02  0.000E+00  0.0000
 -2.400E+02 -1.345E+02  2.098E-05  1.0000
 -2.000E+02 -1.345E+02  0.000E+00  0.0000
 -1.600E+02 -1.345E+02  0.000E+00  0.0000
 -1.200E+02 -1.345E+02  0.000E+00  0.0000
 -8.000E+01 -1.345E+02  0.000E+00  0.0000
 -4.000E+01 -1.345E+02  0.000E+00  0.0000
  0.000E+00 -1.345E+02  0.000E+00  0.0000
  4.000E+01 -1.345E+02  0.000E+00  0.0000
  8.000E+01 -1.345E+02  0.000E+00  0.0000
  1.200E+02 -1.345E+02  0.000E+00  0.0000
  1.600E+02 -1.345E+02  0.000E+00  0.0000
  2.000E+02 -1.345E+02  0.000E+00  0.0000
  2.400E+02 -1.345E+02  0.000E+00  0.0000
  2.800E+02 -1.345E+02  0.000E+00  0.0000
  3.200E+02 -1.345E+02  0.000E+00  0.0000
  3.600E+02 -1.345E+02  0.000E+00  0.0000
  4.000E+02 -1.345E+02  2.252E-05  1.0000
  4.400E+02 -1.345E+02  1.717E-04  1.0000
  4.800E+02 -1.345E+02  0.000E+00  0.0000
  5.200E+02 -1.345E+02  0.000E+00  0.0000
  5.600E+02 -1.345E+02  0.000E+00  0.0000
  6.000E+02 -1.345E+02  0.000E+00  0.0000
  6.400E+02 -1.345E+02  0.000E+00  0.0000
  6.800E+02 -1.345E+02  0.000E+00  0.0000
 -6.800E+02 -9.511E+01  0.000E+00  0.0000
 -6.400E+02 -9.511E+01  0.000E+00  0.0000
 -6.000E+02 -9.511E+01  0.000E+00  0.0000
 -5.600E+02 -9.511E+01  0.000E+00  0.0000
 -5.200E+02 -9.511E+01  0.000E+00  0.0000
 -4.800E+02 -9.511E+01  0.000E+00  0.0000
 -4.400E+02 -9.511E+01  0.000E+00  0.0000
 -4.000E+02 -9.511E+01  0.000E+00  0.0000
 -3.600E+02 -9.511E+01  0.000E+00  0.0000
 -3.200E+02 -9.511E+01  0.000E+00  0.0000
 -2.800E+02 -9.511E+01  1.442E-05  1.0000
 -2.400E+02 -9.511E+01  0.000E+00  0.0000
 -2.000E+02 -9.511E+01  0.000E+00  0.0000
 -1.600E+02 -9.511E+01  0.000E+00  0.0000
 -1.200E+02 -9.511E+01  0.000E+00  0.0000
 -8.000E+01 -9.511E+01  0.000E+00  0.0000
 -4.000E+01 -9.511E+01  0.000E+00  0.0000
  0.000E+00 -9.511E+01  0.000E+00  0.0000
  4.000E+01 -9.511E+01  0.000E+00  0.0000
  8.000E+01 -9.511E+01  0.000E+00  0.0000
  1.200E+02 -9.511E+01  0.000E+00  0.0000
  1.600E+02 -9.511E+01  0.000E+00  0.0000
  2.000E+02 -9.511E+01  0.000E+00  0.0000
  2.400E+02 -9.511E+01  0.000E+00  0.0000
  2.800E+02 -9.511E+01  0.000E+00  0.0000
  3.200E+02 -9.511E+01  0.000E+00  0.0000
  3.600E+02 -9.511E+01  0.000E+00  0.0000
  4.000E+02 -9.511E+01  0.000E+00  0.0000
  4.400E+02 -9.511E+01  7.411E-06  1.0000
  4.800E+02 -9.511E+01  0.000E+00  0.0000
  5.200E+02 -9.511E+01  0.000E+00  0.0000
  5.600E+02 -9.511E+01  0.000E+00  0.0000
  6.000E+02 -9.511E+01  0.000E+00  0.0000
  6.400E+02 -9.511E+01  0.000E+00  0.0000
  6.800E+02 -9.511E+01  0.000E+00  0.0000
 -6.800E+02 -5.576E+01  0.000E+00  0.0000
 -6.400E+02 -5.576E+01  0.000E+00  0.0000
 -6.000E+02 -5.576E+01  0.000E+00  0.0000
 -5.600E+02 -5.576E+01  0.000E+00  0.0000
 -5.200E+02 -5.576E+01  0.000E+00  0.0000
 -4.800E+02 -5.576E+01  0.000E+00  0.0000
 -4.400E+02 -5.576E+01  0.000E+00  0.0000
 -4.000E+02 -5.576E+01  0.000E+00  0.0000
 -3.600E+02 -5.576E+01  0.000E+00  0.0000
 -3.200E+02 -5.576E+01  0.000E+00  0.0000
 -2.800E+02 -5.576E+01  0.000E+00  0.0000
 -2.400E+02 -5.576E+01  0.000E+00  0.0000
 -2.000E+02 -5.576E+01  0.000E+00  0.0000
 -1.600E+02 -5.576E+01  0.000E+00  0.0000
 -1.200E+02 -5.576E+01  0.000E+00  0.0000
 -8.000E+01 -5.576E+01  0.000E+00  0.0000
 -4.000E+01 -5.576E+01  0.000E+00  0.0000
  0.000E+00 -5.576E+01  0.000E+00  0.0000
  4.000E+01 -5.576E+01  0.000E+00  0.0000
  8.000E+01 -5.576E+01  0.000E+00  0.0000
  1.200E+02 -5.576E+01  0.000E+00  0.0000
  1.600E+02 -5.576E+01  0.000E+00  0.0000
  2.000E+02 -5.576E+01  0.000E+00  0.0000
  2.400E+02 -5.576E+01  0.000E+00  0.0000
  2.800E+02 -5.576E+01  0.000E+00  0.0000
  3.200E+02 -5.576E+01  0.000E+00  0.0000
  3.600E+02 -5.576E+01  0.000E+00  0.0000
  4.000E+02 -5.576E+01  0.000E+00  0.0000
  4.400E+02 -5.576E+01  0.000E+00  0.0000
  4.800E+02 -5.576E+01  0.000E+00  0.0000
  5.200E+02 -5.576E+01  0.000E+00  0.0000
  5.600E+02 -5.576E+01  0.000E+00  0.0000
  6.000E+02 -5.576E+01  0.000E+00  0.0000
  6.400E+02 -5.576E+01  0.000E+00  0.0000
  6.800E+02 -5.576E+01  0.000E+00  0.0000
 -6.800E+02 -1.641E+01  0.000E+00  0.0000
 -6.400E+02 -1.641E+01  0.000E+00  0.0000
 -6.000E+02 -1.641E+01  0.000E+00  0.0000
 -5.600E+02 -1.641E+01  0.000E+00  0.0000
 -5.200E+02 -1.641E+01  0.000E+00  0.0000
 -4.800E+02 -1.641E+01  0.000E+00  0.0000
 -4.400E+02 -1.641E+01  0.000E+00  0.0000
 -4.000E+02 -1.641E+01  0.000E+00  0.0000
 -3.600E+02 -1.641E+01  0.000E+00  0.0000
 -3.200E+02 -1.641E+01  0.000E+00  0.0000
 -2.800E+02 -1.641E+01  2.042E-05  1.0000
 -2.400E+02 -1.641E+01  0.000E+00  0.0000
 -2.000E+02 -1.641E+01  0.000E+00  0.0000
 -1.600E+02 -1.641E+01  0.000E+00  0.0000
 -1.200E+02 -1.641E+01  0.000E+00  0.0000
 -8.000E+01 -1.641E+01  0.000E+00  0.0000
 -4.000E+01 -1.641E+01  0.000E+00  0.0000
  0.000E+00 -1.641E+01  0.000E+00  0.0000
  4.000E+01 -1.641E+01  0.000E+00  0.0000
  8.000E+01 -1.641E+01  0.000E+00  0.0000
  1.200E+02 -1.641E+01  0.000E+00  0.0000
  1.600E+02 -1.641E+01  0.000E+00  0.0000
  2.000E+02 -1.641E+01  0.000E+00  0.0000
  2.400E+02 -1.641E+01  0.000E+00  0.0000
  2.800E+02 -1.641E+01  0.000E+00  0.0000
  3.200E+02 -1.641E+01  0.000E+00  0.0000
  3.600E+02 -1.641E+01  0.000E+00  0.0000
  4.000E+02 -1.641E+01  0.000E+00  0.0000
  4.400E+02 -1.641E+01  0.000E+00  0.0000
  4.800E+02 -1.641E+01  3.256E-05  1.0000
  5.200E+02 -1.641E+01  0.000E+00  0.0000
  5.600E+02 -1.641E+01  0.000E+00  0.0000
  6.000E+02 -1.641E+01  0.000E+00  0.0000
  6.400E+02 -1.641E+01  0.000E+00  0.0000
  6.800E+02 -1.641E+01  0.000E+00  0.0000
 -6.800E+02  2.293E+01  0.000E+00  0.0000
 -6.400E+02  2.293E+01  0.000E+00  0.0000
 -6.000E+02  2.293E+01  0.000E+00  0.0000
 -5.600E+02  2.293E+01  0.000E+00  0.0000
 -5.200E+02  2.293E+01  0.000E+00  0.0000
 -4.800E+02  2.293E+01  0.000E+00  0.0000
 -4.400E+02  2.293E+01  0.000E+00  0.0000
 -4.000E+02  2.293E+01  0.000E+00  0.0000
 -3.600E+02  2.293E+01  0.000E+00  0.0000
 -3.200E+02  2.293E+01  0.000E+00  0.0000
 -2.800E+02  2.293E+01  0.000E+00  0.0000
 -2.400E+02  2.293E+01  0.000E+00  0.0000
 -2.000E+02  2.293E+01  0.000E+00  0.0000
 -1.600E+02  2.293E+01  0.000E+00  0.0000
 -1.200E+02  2.293E+01  0.000E+00  0.0000
 -8.000E+01  2.293E+01  0.000E+00  0.0000
 -4.000E+01  2.293E+01  0.000E+00  0.0000
  0.000E+00  2.293E+01  0.000E+00  0.0000
  4.000E+01  2.293E+01  0.000E+00  0.0000
  8.000E+01  2.293E+01  0.000E+00  0.0000
  1.200E+02  2.293E+01  0.000E+00  0.0000
  1.600E+02  2.293E+01  0.000E+00  0.0000
  2.000E+02  2.293E+01  0.000E+00  0.0000
  2.400E+02  2.293E+01  0.000E+00  0.0000
  2.800E+02  2.293E+01  0.000E+00  0.0000
  3.200E+02  2.293E+01  0.000E+00  0.0000
  3.600E+02  2.293E+01  0.000E+00  0.0000
  4.000E+02  2.293E+01  0.000E+00  0.0000
  4.400E+02  2.293E+01  0.000E+00  0.0000
  4.800E+02  2.293E+01  0.000E+00  0.0000
  5.200E+02  2.293E+01  0.000E+00  0.0000
  5.600E+02  2.293E+01  0.000E+00  0.0000
  6.000E+02  2.293E+01  0.000E+00  0.0000
  6.400E+02  2.293E+01  0.000E+00  0.0000
  6.800E+02  2.293E+01  0.000E+00  0.0000
 -6.800E+02  6.228E+01  0.000E+00  0.0000
 -6.400E+02  6.228E+01  0.000E+00  0.0000
 -6.000E+02  6.228E+01  0.000E+00  0.0000
 -5.600E+02  6.228E+01  0.000E+00  0.0000
 -5.200E+02  6.228E+01  0.000E+00  0.0000
 -4.800E+02  6.228E+01  0.000E+00  0.0000
 -4.400E+02  6.228E+01  0.000E+00  0.0000
 -4.000E+02  6.228E+01  0.000E+00  0.0000
 -3.600E+02  6.228E+01  0.000E+00  0.0000
 -3.200E+02  6.228E+01  0.000E+00  0.0000
 -2.800E+02  6.228E+01  0.000E+00  0.0000
 -2.400E+02  6.228E+01  0.000E+00  0.0000
 -2.000E+02  6.228E+01  0.000E+00  0.0000
 -1.600E+02  6.228E+01  0.000E+00  0.0000
 -1.200E+02  6.228E+01  0.000E+00  0.0000
 -8.000E+01  6.228E+01  0.000E+00  0.0000
 -4.000E+01  6.228E+01  0.000E+00  0.0000
  0.000E+00  6.228E+01  0.000E+00  0.0000
  4.000E+01  6.228E+01  0.000E+00  0.0000
  8.000E+01  6.228E+01  0.000E+00  0.0000
  1.200E+02  6.228E+01  0.000E+00  0.0000
  1.600E+02  6.228E+01  0.000E+00  0.0000
  2.000E+02  6.228E+01  0.000E+00  0.0000
  2.400E+02  6.228E+01  0.000E+00  0.0000
  2.800E+02  6.228E+01  0.000E+00  0.0000
  3.200E+02  6.228E+01  0.000E+00  0.0000
  3.600E+02  6.228E+01  0.000E+00  0.0000
  4.000E+02  6.228E+01  0.000E+00  0.0000
  4.400E+02  6.228E+01  0.000E+00  0.0000
  4.800E+02  6.228E+01  0.000E+00  0.0000
  5.200E+02  6.228E+01  0.000E+00  0.0000
  5.600E+02  6.228E+01  0.000E+00  0.0000
  6.000E+02  6.228E+01  0.000E+00  0.0000
  6.400E+02  6.228E+01  0.000E+00  0.0000
  6.800E+02  6.228E+01  0.000E+00  0.0000
 -6.800E+02  1.016E+02  0.000E+00  0.0000
 -6.400E+02  1.016E+02  0.000E+00  0.0000
 -6.000E+02  1.016E+02  0.000E+00  0.0000
 -5.600E+02  1.016E+02  0.000E+00  0.0000
 -5.200E+02  1.016E+02  0.000E+00  0.0000
 -4.800E+02  1.016E+02  0.000E+00  0.0000
 -4.400E+02  1.016E+02  0.000E+00  0.0000
 -4.000E+02  1.016E+02  0.000E+00  0.0000
 -3.600E+02  1.016E+02  0.000E+00  0.0000
 -3.200E+02  1.016E+02  0.000E+00  0.0000
 -2.800E+02  1.016E+02  0.000E+00  0.0000
 -2.400E+02  1.016E+02  0.000E+00  0.0000
 -2.000E+02  1.016E+02  0.000E+00  0.0000
 -1.600E+02  1.016E+02  0.000E+00  0.0000
 -1.200E+02  1.016E+02  0.000E+00  0.0000
 -8.000E+01  1.016E+02  0.000E+00  0.0000
 -4.000E+01  1.016E+02  0.000E+00  0.0000
  0.000E+00  1.016E+02  0.000E+00  0.0000
  4.000E+01  1.016E+02  0.000E+00  0.0000
  8.000E+01  1.016E+02  0.000E+00  0.0000
  1.200E+02  1.016E+02  0.000E+00  0.0000
  1.600E+02  1.016E+02  0.000E+00  0.0000
  2.000E+02  1.016E+02  0.000E+00  0.0000
  2.400E+02  1.016E+02  0.000E+00  0.0000
  2.800E+02  1.016E+02  0.000E+00  0.0000
  3.200E+02  1.016E+02  0.000E+00  0.0000
  3.600E+02  1.016E+02  0.000E+00  0.0000
  4.000E+02  1.016E+02  0.000E+00  0.0000
  4.400E+02  1.016E+02  0.000E+00  0.0000
  4.800E+02  1.016E+02  0.000E+00  0.0000
  5.200E+02  1.016E+02  0.000E+00  0.0000
  5.600E+02  1.016E+02  0.000E+00  0.0000
  6.000E+02  1.016E+02  0.000E+00  0.0000
  6.400E+02  1.016E+02  0.000E+00  0.0000
  6.800E+02  1.016E+02  0.000E+00  0.0000
 -6.800E+02  1.410E+02  0.000E+00  0.0000
 -6.400E+02  1.410E+02  0.000E+00  0.0000
 -6.000E+02  1.410E+02  0.000E+00  0.0000
 -5.600E+02  1.410E+02  0.000E+00  0.0000
 -5.200E+02  1.410E+02  0.000E+00  0.0000
 -4.800E+02  1.410E+02  0.000E+00  0.0000
 -4.400E+02  1.410E+02  0.000E+00  0.0000
 -4.000E+02  1.410E+02  0.000E+00  0.0000
 -3.600E+02  1.410E+02  0.000E+00  0.0000
 -3.200E+02  1.410E+02  0.000E+00  0.0000
 -2.800E+02  1.410E+02  0.000E+00  0.0000
 -2.400E+02  1.410E+02  0.000E+00  0.0000
 -2.000E+02  1.410E+02  0.000E+00  0.0000
 -1.600E+02  1.410E+02  0.000E+00  0.0000
 -1.200E+02  1.410E+02  0.000E+00  0.0000
 -8.000E+01  1.410E+02  0.000E+00  0.0000
 -4.000E+01  1.410E+02  0.000E+00  0.0000
  0.000E+00  1.410E+02  0.000E+00  0.0000
  4.000E+01  1.410E+02  0.000E+00  0.0000
  8.000E+01  1.410E+02  0.000E+00  0.0000
  1.200E+02  1.410E+02  0.000E+00  0.0000
  1.600E+02  1.410E+02  0.000E+00  0.0000
  2.000E+02  1.410E+02  0.000E+00  0.0000
  2.400E+02  1.410E+02  0.000E+00  0.0000
  2.800E+02  1.410E+02  0.000E+00  0.0000
  3.200E+02  1.410E+02  0.000E+00  0.0000
  3.600E+02  1.410E+02  0.000E+00  0.0000
  4.000E+02  1.410E+02  0.000E+00  0.0000
  4.400E+02  1.410E+02  0.000E+00  0.0000
  4.800E+02  1.410E+02  0.000E+00  0.0000
  5.200E+02  1.410E+02  0.000E+00  0.0000
  5.600E+02  1.410E+02  0.000E+00  0.0000
  6.000E+02  1.410E+02  0.000E+00  0.0000
  6.400E+02  1.410E+02  0.000E+00  0.0000
  6.800E+02  1.410E+02  0.000E+00  0.0000
 -6.800E+02  1.803E+02  0.000E+00  0.0000
 -6.400E+02  1.803E+02  0.000E+00  0.0000
 -6.000E+02  1.803E+02  0.000E+00  0.0000
 -5.600E+02  1.803E+02  0.000E+00  0.0000
 -5.200E+02  1.803E+02  0.000E+00  0.0000
 -4.800E+02  1.803E+02  0.000E+00  0.0000
 -4.400E+02  1.803E+02  0.000E+00  0.0000
 -4.000E+02  1.803E+02  0.000E+00  0.0000
 -3.600E+02  1.803E+02  0.000E+00  0.0000
 -3.200E+02  1.803E+02  0.000E+00  0.0000
 -2.800E+02  1.803E+02  0.000E+00  0.0000
 -2.400E+02  1.803E+02  0.000E+00  0.0000
 -2.000E+02  1.803E+02  0.000E+00  0.0000
 -1.600E+02  1.803E+02  0.000E+00  0.0000
 -1.200E+02  1.803E+02  0.000E+00  0.0000
 -8.000E+01  1.803E+02  0.000E+00  0.0000
 -4.000E+01  1.803E+02  0.000E+00  0.0000
  0.000E+00  1.803E+02  0.000E+00  0.0000
  4.000E+01  1.803E+02  0.000E+00  0.0000
  8.000E+01  1.803E+02  0.000E+00  0.0000
  1.200E+02  1.803E+02  0.000E+00  0.0000
  1.600E+02  1.803E+02  0.000E+00  0.0000
  2.000E+02  1.803E+02  0.000E+00  0.0000
  2.400E+02  1.803E+02  0.000E+00  0.0000
  2.800E+02  1.803E+02  0.000E+00  0.0000
  3.200E+02  1.803E+02  0.000E+00  0.0000
  3.600E+02  1.803E+02  0.000E+00  0.0000
  4.000E+02  1.803E+02  0.000E+00  0.0000
  4.400E+02  1.803E+02  0.000E+00  0.0000
  4.800E+02  1.803E+02  0.000E+00  0.0000
  5.200E+02  1.803E+02  0.000E+00  0.0000
  5.600E+02  1.803E+02  0.000E+00  0.0000
  6.000E+02  1.803E+02  0.000E+00  0.0000
  6.400E+02  1.803E+02  0.000E+00  0.0000
  6.800E+02  1.803E+02  0.000E+00  0.0000

#------------------------------------------------------------------------------
 newpage:
#   no. =  5   ie  =  1   iy  =  1   part. = muon-   
#   e = (   1.0000E-10  -   5.0000E-07  )
#   y = (  -1.0000E+03  -   1.0000E+03  )
#  nx =  35   nz =  23

# x          z          flux       r.err
 -6.800E+02 -6.853E+02  0.000E+00  0.0000
 -6.400E+02 -6.853E+02  0.000E+00  0.0000
 -6.000E+02 -6.853E+02  0.000E+00  0.0000
 -5.600E+02 -6.853E+02  0.000E+00  0.0000
 -5.200E+02 -6.853E+02  0.000E+00  0.0000
 -4.800E+02 -6.853E+02  0.000E+00  0.0000
 -4.400E+02 -6.853E+02  0.000E+00  0.0000
 -4.000E+02 -6.853E+02  0.000E+00  0.0000
 -3.600E+02 -6.853E+02  0.000E+00  0.0000
 -3.200E+02 -6.853E+02  0.000E+00  0.0000
 -2.800E+02 -6.853E+02  0.000E+00  0.0000
 -2.400E+02 -6.853E+02  0.000E+00  0.0000
 -2.000E+02 -6.853E+02  0.000E+00  0.0000
 -1.600E+02 -6.853E+02  0.000E+00  0.0000
 -1.200E+02 -6.853E+02  0.000E+00  0.0000
 -8.000E+01 -6.853E+02  0.000E+00  0.0000
 -4.000E+01 -6.853E+02  0.000E+00  0.0000
  0.000E+00 -6.853E+02  0.000E+00  0.0000
  4.000E+01 -6.853E+02  0.000E+00  0.0000
  8.000E+01 -6.853E+02  0.000E+00  0.0000
  1.200E+02 -6.853E+02  0.000E+00  0.0000
  1.600E+02 -6.853E+02  0.000E+00  0.0000
  2.000E+02 -6.853E+02  0.000E+00  0.0000
  2.400E+02 -6.853E+02  0.000E+00  0.0000
  2.800E+02 -6.853E+02  0.000E+00  0.0000
  3.200E+02 -6.853E+02  0.000E+00  0.0000
  3.600E+02 -6.853E+02  0.000E+00  0.0000
  4.000E+02 -6.853E+02  0.000E+00  0.0000
  4.400E+02 -6.853E+02  0.000E+00  0.0000
  4.800E+02 -6.853E+02  0.000E+00  0.0000
  5.200E+02 -6.853E+02  0.000E+00  0.0000
  5.600E+02 -6.853E+02  0.000E+00  0.0000
  6.000E+02 -6.853E+02  0.000E+00  0.0000
  6.400E+02 -6.853E+02  0.000E+00  0.0000
  6.800E+02 -6.853E+02  0.000E+00  0.0000
 -6.800E+02 -6.460E+02  0.000E+00  0.0000
 -6.400E+02 -6.460E+02  0.000E+00  0.0000
 -6.000E+02 -6.460E+02  0.000E+00  0.0000
 -5.600E+02 -6.460E+02  0.000E+00  0.0000
 -5.200E+02 -6.460E+02  0.000E+00  0.0000
 -4.800E+02 -6.460E+02  0.000E+00  0.0000
 -4.400E+02 -6.460E+02  0.000E+00  0.0000
 -4.000E+02 -6.460E+02  0.000E+00  0.0000
 -3.600E+02 -6.460E+02  0.000E+00  0.0000
 -3.200E+02 -6.460E+02  0.000E+00  0.0000
 -2.800E+02 -6.460E+02  0.000E+00  0.0000
 -2.400E+02 -6.460E+02  0.000E+00  0.0000
 -2.000E+02 -6.460E+02  0.000E+00  0.0000
 -1.600E+02 -6.460E+02  0.000E+00  0.0000
 -1.200E+02 -6.460E+02  0.000E+00  0.0000
 -8.000E+01 -6.460E+02  0.000E+00  0.0000
 -4.000E+01 -6.460E+02  0.000E+00  0.0000
  0.000E+00 -6.460E+02  0.000E+00  0.0000
  4.000E+01 -6.460E+02  0.000E+00  0.0000
  8.000E+01 -6.460E+02  0.000E+00  0.0000
  1.200E+02 -6.460E+02  0.000E+00  0.0000
  1.600E+02 -6.460E+02  0.000E+00  0.0000
  2.000E+02 -6.460E+02  0.000E+00  0.0000
  2.400E+02 -6.460E+02  0.000E+00  0.0000
  2.800E+02 -6.460E+02  0.000E+00  0.0000
  3.200E+02 -6.460E+02  0.000E+00  0.0000
  3.600E+02 -6.460E+02  0.000E+00  0.0000
  4.000E+02 -6.460E+02  0.000E+00  0.0000
  4.400E+02 -6.460E+02  0.000E+00  0.0000
  4.800E+02 -6.460E+02  0.000E+00  0.0000
  5.200E+02 -6.460E+02  0.000E+00  0.0000
  5.600E+02 -6.460E+02  0.000E+00  0.0000
  6.000E+02 -6.460E+02  0.000E+00  0.0000
  6.400E+02 -6.460E+02  0.000E+00  0.0000
  6.800E+02 -6.460E+02  0.000E+00  0.0000
 -6.800E+02 -6.066E+02  0.000E+00  0.0000
 -6.400E+02 -6.066E+02  0.000E+00  0.0000
 -6.000E+02 -6.066E+02  0.000E+00  0.0000
 -5.600E+02 -6.066E+02  0.000E+00  0.0000
 -5.200E+02 -6.066E+02  0.000E+00  0.0000
 -4.800E+02 -6.066E+02  0.000E+00  0.0000
 -4.400E+02 -6.066E+02  0.000E+00  0.0000
 -4.000E+02 -6.066E+02  0.000E+00  0.0000
 -3.600E+02 -6.066E+02  0.000E+00  0.0000
 -3.200E+02 -6.066E+02  0.000E+00  0.0000
 -2.800E+02 -6.066E+02  0.000E+00  0.0000
 -2.400E+02 -6.066E+02  0.000E+00  0.0000
 -2.000E+02 -6.066E+02  0.000E+00  0.0000
 -1.600E+02 -6.066E+02  0.000E+00  0.0000
 -1.200E+02 -6.066E+02  0.000E+00  0.0000
 -8.000E+01 -6.066E+02  0.000E+00  0.0000
 -4.000E+01 -6.066E+02  0.000E+00  0.0000
  0.000E+00 -6.066E+02  0.000E+00  0.0000
  4.000E+01 -6.066E+02  0.000E+00  0.0000
  8.000E+01 -6.066E+02  0.000E+00  0.0000
  1.200E+02 -6.066E+02  0.000E+00  0.0000
  1.600E+02 -6.066E+02  0.000E+00  0.0000
  2.000E+02 -6.066E+02  0.000E+00  0.0000
  2.400E+02 -6.066E+02  0.000E+00  0.0000
  2.800E+02 -6.066E+02  0.000E+00  0.0000
  3.200E+02 -6.066E+02  0.000E+00  0.0000
  3.600E+02 -6.066E+02  0.000E+00  0.0000
  4.000E+02 -6.066E+02  0.000E+00  0.0000
  4.400E+02 -6.066E+02  0.000E+00  0.0000
  4.800E+02 -6.066E+02  0.000E+00  0.0000
  5.200E+02 -6.066E+02  0.000E+00  0.0000
  5.600E+02 -6.066E+02  0.000E+00  0.0000
  6.000E+02 -6.066E+02  0.000E+00  0.0000
  6.400E+02 -6.066E+02  0.000E+00  0.0000
  6.800E+02 -6.066E+02  0.000E+00  0.0000
 -6.800E+02 -5.673E+02  0.000E+00  0.0000
 -6.400E+02 -5.673E+02  0.000E+00  0.0000
 -6.000E+02 -5.673E+02  0.000E+00  0.0000
 -5.600E+02 -5.673E+02  0.000E+00  0.0000
 -5.200E+02 -5.673E+02  0.000E+00  0.0000
 -4.800E+02 -5.673E+02  0.000E+00  0.0000
 -4.400E+02 -5.673E+02  0.000E+00  0.0000
 -4.000E+02 -5.673E+02  0.000E+00  0.0000
 -3.600E+02 -5.673E+02  0.000E+00  0.0000
 -3.200E+02 -5.673E+02  0.000E+00  0.0000
 -2.800E+02 -5.673E+02  0.000E+00  0.0000
 -2.400E+02 -5.673E+02  0.000E+00  0.0000
 -2.000E+02 -5.673E+02  0.000E+00  0.0000
 -1.600E+02 -5.673E+02  0.000E+00  0.0000
 -1.200E+02 -5.673E+02  0.000E+00  0.0000
 -8.000E+01 -5.673E+02  0.000E+00  0.0000
 -4.000E+01 -5.673E+02  0.000E+00  0.0000
  0.000E+00 -5.673E+02  0.000E+00  0.0000
  4.000E+01 -5.673E+02  0.000E+00  0.0000
  8.000E+01 -5.673E+02  0.000E+00  0.0000
  1.200E+02 -5.673E+02  0.000E+00  0.0000
  1.600E+02 -5.673E+02  0.000E+00  0.0000
  2.000E+02 -5.673E+02  0.000E+00  0.0000
  2.400E+02 -5.673E+02  0.000E+00  0.0000
  2.800E+02 -5.673E+02  0.000E+00  0.0000
  3.200E+02 -5.673E+02  0.000E+00  0.0000
  3.600E+02 -5.673E+02  0.000E+00  0.0000
  4.000E+02 -5.673E+02  0.000E+00  0.0000
  4.400E+02 -5.673E+02  0.000E+00  0.0000
  4.800E+02 -5.673E+02  0.000E+00  0.0000
  5.200E+02 -5.673E+02  0.000E+00  0.0000
  5.600E+02 -5.673E+02  0.000E+00  0.0000
  6.000E+02 -5.673E+02  0.000E+00  0.0000
  6.400E+02 -5.673E+02  0.000E+00  0.0000
  6.800E+02 -5.673E+02  0.000E+00  0.0000
 -6.800E+02 -5.279E+02  0.000E+00  0.0000
 -6.400E+02 -5.279E+02  0.000E+00  0.0000
 -6.000E+02 -5.279E+02  0.000E+00  0.0000
 -5.600E+02 -5.279E+02  0.000E+00  0.0000
 -5.200E+02 -5.279E+02  0.000E+00  0.0000
 -4.800E+02 -5.279E+02  0.000E+00  0.0000
 -4.400E+02 -5.279E+02  0.000E+00  0.0000
 -4.000E+02 -5.279E+02  0.000E+00  0.0000
 -3.600E+02 -5.279E+02  0.000E+00  0.0000
 -3.200E+02 -5.279E+02  0.000E+00  0.0000
 -2.800E+02 -5.279E+02  0.000E+00  0.0000
 -2.400E+02 -5.279E+02  0.000E+00  0.0000
 -2.000E+02 -5.279E+02  0.000E+00  0.0000
 -1.600E+02 -5.279E+02  0.000E+00  0.0000
 -1.200E+02 -5.279E+02  0.000E+00  0.0000
 -8.000E+01 -5.279E+02  0.000E+00  0.0000
 -4.000E+01 -5.279E+02  0.000E+00  0.0000
  0.000E+00 -5.279E+02  0.000E+00  0.0000
  4.000E+01 -5.279E+02  0.000E+00  0.0000
  8.000E+01 -5.279E+02  0.000E+00  0.0000
  1.200E+02 -5.279E+02  0.000E+00  0.0000
  1.600E+02 -5.279E+02  0.000E+00  0.0000
  2.000E+02 -5.279E+02  0.000E+00  0.0000
  2.400E+02 -5.279E+02  0.000E+00  0.0000
  2.800E+02 -5.279E+02  0.000E+00  0.0000
  3.200E+02 -5.279E+02  0.000E+00  0.0000
  3.600E+02 -5.279E+02  0.000E+00  0.0000
  4.000E+02 -5.279E+02  0.000E+00  0.0000
  4.400E+02 -5.279E+02  0.000E+00  0.0000
  4.800E+02 -5.279E+02  0.000E+00  0.0000
  5.200E+02 -5.279E+02  0.000E+00  0.0000
  5.600E+02 -5.279E+02  0.000E+00  0.0000
  6.000E+02 -5.279E+02  0.000E+00  0.0000
  6.400E+02 -5.279E+02  0.000E+00  0.0000
  6.800E+02 -5.279E+02  0.000E+00  0.0000
 -6.800E+02 -4.886E+02  0.000E+00  0.0000
 -6.400E+02 -4.886E+02  0.000E+00  0.0000
 -6.000E+02 -4.886E+02  0.000E+00  0.0000
 -5.600E+02 -4.886E+02  0.000E+00  0.0000
 -5.200E+02 -4.886E+02  0.000E+00  0.0000
 -4.800E+02 -4.886E+02  0.000E+00  0.0000
 -4.400E+02 -4.886E+02  0.000E+00  0.0000
 -4.000E+02 -4.886E+02  0.000E+00  0.0000
 -3.600E+02 -4.886E+02  0.000E+00  0.0000
 -3.200E+02 -4.886E+02  0.000E+00  0.0000
 -2.800E+02 -4.886E+02  0.000E+00  0.0000
 -2.400E+02 -4.886E+02  0.000E+00  0.0000
 -2.000E+02 -4.886E+02  0.000E+00  0.0000
 -1.600E+02 -4.886E+02  0.000E+00  0.0000
 -1.200E+02 -4.886E+02  0.000E+00  0.0000
 -8.000E+01 -4.886E+02  0.000E+00  0.0000
 -4.000E+01 -4.886E+02  0.000E+00  0.0000
  0.000E+00 -4.886E+02  0.000E+00  0.0000
  4.000E+01 -4.886E+02  0.000E+00  0.0000
  8.000E+01 -4.886E+02  0.000E+00  0.0000
  1.200E+02 -4.886E+02  0.000E+00  0.0000
  1.600E+02 -4.886E+02  0.000E+00  0.0000
  2.000E+02 -4.886E+02  0.000E+00  0.0000
  2.400E+02 -4.886E+02  0.000E+00  0.0000
  2.800E+02 -4.886E+02  0.000E+00  0.0000
  3.200E+02 -4.886E+02  0.000E+00  0.0000
  3.600E+02 -4.886E+02  0.000E+00  0.0000
  4.000E+02 -4.886E+02  0.000E+00  0.0000
  4.400E+02 -4.886E+02  0.000E+00  0.0000
  4.800E+02 -4.886E+02  0.000E+00  0.0000
  5.200E+02 -4.886E+02  0.000E+00  0.0000
  5.600E+02 -4.886E+02  0.000E+00  0.0000
  6.000E+02 -4.886E+02  0.000E+00  0.0000
  6.400E+02 -4.886E+02  0.000E+00  0.0000
  6.800E+02 -4.886E+02  0.000E+00  0.0000
 -6.800E+02 -4.492E+02  0.000E+00  0.0000
 -6.400E+02 -4.492E+02  0.000E+00  0.0000
 -6.000E+02 -4.492E+02  0.000E+00  0.0000
 -5.600E+02 -4.492E+02  0.000E+00  0.0000
 -5.200E+02 -4.492E+02  0.000E+00  0.0000
 -4.800E+02 -4.492E+02  0.000E+00  0.0000
 -4.400E+02 -4.492E+02  0.000E+00  0.0000
 -4.000E+02 -4.492E+02  0.000E+00  0.0000
 -3.600E+02 -4.492E+02  0.000E+00  0.0000
 -3.200E+02 -4.492E+02  0.000E+00  0.0000
 -2.800E+02 -4.492E+02  0.000E+00  0.0000
 -2.400E+02 -4.492E+02  0.000E+00  0.0000
 -2.000E+02 -4.492E+02  0.000E+00  0.0000
 -1.600E+02 -4.492E+02  0.000E+00  0.0000
 -1.200E+02 -4.492E+02  0.000E+00  0.0000
 -8.000E+01 -4.492E+02  0.000E+00  0.0000
 -4.000E+01 -4.492E+02  0.000E+00  0.0000
  0.000E+00 -4.492E+02  0.000E+00  0.0000
  4.000E+01 -4.492E+02  0.000E+00  0.0000
  8.000E+01 -4.492E+02  0.000E+00  0.0000
  1.200E+02 -4.492E+02  0.000E+00  0.0000
  1.600E+02 -4.492E+02  0.000E+00  0.0000
  2.000E+02 -4.492E+02  0.000E+00  0.0000
  2.400E+02 -4.492E+02  0.000E+00  0.0000
  2.800E+02 -4.492E+02  0.000E+00  0.0000
  3.200E+02 -4.492E+02  0.000E+00  0.0000
  3.600E+02 -4.492E+02  0.000E+00  0.0000
  4.000E+02 -4.492E+02  0.000E+00  0.0000
  4.400E+02 -4.492E+02  0.000E+00  0.0000
  4.800E+02 -4.492E+02  0.000E+00  0.0000
  5.200E+02 -4.492E+02  0.000E+00  0.0000
  5.600E+02 -4.492E+02  0.000E+00  0.0000
  6.000E+02 -4.492E+02  0.000E+00  0.0000
  6.400E+02 -4.492E+02  0.000E+00  0.0000
  6.800E+02 -4.492E+02  0.000E+00  0.0000
 -6.800E+02 -4.099E+02  0.000E+00  0.0000
 -6.400E+02 -4.099E+02  0.000E+00  0.0000
 -6.000E+02 -4.099E+02  0.000E+00  0.0000
 -5.600E+02 -4.099E+02  0.000E+00  0.0000
 -5.200E+02 -4.099E+02  0.000E+00  0.0000
 -4.800E+02 -4.099E+02  0.000E+00  0.0000
 -4.400E+02 -4.099E+02  0.000E+00  0.0000
 -4.000E+02 -4.099E+02  0.000E+00  0.0000
 -3.600E+02 -4.099E+02  0.000E+00  0.0000
 -3.200E+02 -4.099E+02  0.000E+00  0.0000
 -2.800E+02 -4.099E+02  0.000E+00  0.0000
 -2.400E+02 -4.099E+02  0.000E+00  0.0000
 -2.000E+02 -4.099E+02  0.000E+00  0.0000
 -1.600E+02 -4.099E+02  0.000E+00  0.0000
 -1.200E+02 -4.099E+02  0.000E+00  0.0000
 -8.000E+01 -4.099E+02  0.000E+00  0.0000
 -4.000E+01 -4.099E+02  0.000E+00  0.0000
  0.000E+00 -4.099E+02  0.000E+00  0.0000
  4.000E+01 -4.099E+02  0.000E+00  0.0000
  8.000E+01 -4.099E+02  0.000E+00  0.0000
  1.200E+02 -4.099E+02  0.000E+00  0.0000
  1.600E+02 -4.099E+02  0.000E+00  0.0000
  2.000E+02 -4.099E+02  0.000E+00  0.0000
  2.400E+02 -4.099E+02  0.000E+00  0.0000
  2.800E+02 -4.099E+02  0.000E+00  0.0000
  3.200E+02 -4.099E+02  0.000E+00  0.0000
  3.600E+02 -4.099E+02  0.000E+00  0.0000
  4.000E+02 -4.099E+02  0.000E+00  0.0000
  4.400E+02 -4.099E+02  0.000E+00  0.0000
  4.800E+02 -4.099E+02  0.000E+00  0.0000
  5.200E+02 -4.099E+02  0.000E+00  0.0000
  5.600E+02 -4.099E+02  0.000E+00  0.0000
  6.000E+02 -4.099E+02  0.000E+00  0.0000
  6.400E+02 -4.099E+02  0.000E+00  0.0000
  6.800E+02 -4.099E+02  0.000E+00  0.0000
 -6.800E+02 -3.705E+02  0.000E+00  0.0000
 -6.400E+02 -3.705E+02  0.000E+00  0.0000
 -6.000E+02 -3.705E+02  0.000E+00  0.0000
 -5.600E+02 -3.705E+02  0.000E+00  0.0000
 -5.200E+02 -3.705E+02  0.000E+00  0.0000
 -4.800E+02 -3.705E+02  0.000E+00  0.0000
 -4.400E+02 -3.705E+02  0.000E+00  0.0000
 -4.000E+02 -3.705E+02  0.000E+00  0.0000
 -3.600E+02 -3.705E+02  0.000E+00  0.0000
 -3.200E+02 -3.705E+02  0.000E+00  0.0000
 -2.800E+02 -3.705E+02  0.000E+00  0.0000
 -2.400E+02 -3.705E+02  0.000E+00  0.0000
 -2.000E+02 -3.705E+02  0.000E+00  0.0000
 -1.600E+02 -3.705E+02  0.000E+00  0.0000
 -1.200E+02 -3.705E+02  0.000E+00  0.0000
 -8.000E+01 -3.705E+02  0.000E+00  0.0000
 -4.000E+01 -3.705E+02  0.000E+00  0.0000
  0.000E+00 -3.705E+02  0.000E+00  0.0000
  4.000E+01 -3.705E+02  0.000E+00  0.0000
  8.000E+01 -3.705E+02  0.000E+00  0.0000
  1.200E+02 -3.705E+02  0.000E+00  0.0000
  1.600E+02 -3.705E+02  0.000E+00  0.0000
  2.000E+02 -3.705E+02  0.000E+00  0.0000
  2.400E+02 -3.705E+02  0.000E+00  0.0000
  2.800E+02 -3.705E+02  0.000E+00  0.0000
  3.200E+02 -3.705E+02  0.000E+00  0.0000
  3.600E+02 -3.705E+02  0.000E+00  0.0000
  4.000E+02 -3.705E+02  0.000E+00  0.0000
  4.400E+02 -3.705E+02  0.000E+00  0.0000
  4.800E+02 -3.705E+02  0.000E+00  0.0000
  5.200E+02 -3.705E+02  0.000E+00  0.0000
  5.600E+02 -3.705E+02  0.000E+00  0.0000
  6.000E+02 -3.705E+02  0.000E+00  0.0000
  6.400E+02 -3.705E+02  0.000E+00  0.0000
  6.800E+02 -3.705E+02  0.000E+00  0.0000
 -6.800E+02 -3.312E+02  0.000E+00  0.0000
 -6.400E+02 -3.312E+02  0.000E+00  0.0000
 -6.000E+02 -3.312E+02  0.000E+00  0.0000
 -5.600E+02 -3.312E+02  0.000E+00  0.0000
 -5.200E+02 -3.312E+02  0.000E+00  0.0000
 -4.800E+02 -3.312E+02  0.000E+00  0.0000
 -4.400E+02 -3.312E+02  0.000E+00  0.0000
 -4.000E+02 -3.312E+02  0.000E+00  0.0000
 -3.600E+02 -3.312E+02  0.000E+00  0.0000
 -3.200E+02 -3.312E+02  0.000E+00  0.0000
 -2.800E+02 -3.312E+02  0.000E+00  0.0000
 -2.400E+02 -3.312E+02  0.000E+00  0.0000
 -2.000E+02 -3.312E+02  0.000E+00  0.0000
 -1.600E+02 -3.312E+02  0.000E+00  0.0000
 -1.200E+02 -3.312E+02  0.000E+00  0.0000
 -8.000E+01 -3.312E+02  0.000E+00  0.0000
 -4.000E+01 -3.312E+02  0.000E+00  0.0000
  0.000E+00 -3.312E+02  0.000E+00  0.0000
  4.000E+01 -3.312E+02  0.000E+00  0.0000
  8.000E+01 -3.312E+02  0.000E+00  0.0000
  1.200E+02 -3.312E+02  0.000E+00  0.0000
  1.600E+02 -3.312E+02  0.000E+00  0.0000
  2.000E+02 -3.312E+02  0.000E+00  0.0000
  2.400E+02 -3.312E+02  0.000E+00  0.0000
  2.800E+02 -3.312E+02  0.000E+00  0.0000
  3.200E+02 -3.312E+02  0.000E+00  0.0000
  3.600E+02 -3.312E+02  0.000E+00  0.0000
  4.000E+02 -3.312E+02  0.000E+00  0.0000
  4.400E+02 -3.312E+02  0.000E+00  0.0000
  4.800E+02 -3.312E+02  0.000E+00  0.0000
  5.200E+02 -3.312E+02  0.000E+00  0.0000
  5.600E+02 -3.312E+02  0.000E+00  0.0000
  6.000E+02 -3.312E+02  0.000E+00  0.0000
  6.400E+02 -3.312E+02  0.000E+00  0.0000
  6.800E+02 -3.312E+02  0.000E+00  0.0000
 -6.800E+02 -2.918E+02  0.000E+00  0.0000
 -6.400E+02 -2.918E+02  0.000E+00  0.0000
 -6.000E+02 -2.918E+02  0.000E+00  0.0000
 -5.600E+02 -2.918E+02  0.000E+00  0.0000
 -5.200E+02 -2.918E+02  0.000E+00  0.0000
 -4.800E+02 -2.918E+02  0.000E+00  0.0000
 -4.400E+02 -2.918E+02  0.000E+00  0.0000
 -4.000E+02 -2.918E+02  0.000E+00  0.0000
 -3.600E+02 -2.918E+02  0.000E+00  0.0000
 -3.200E+02 -2.918E+02  0.000E+00  0.0000
 -2.800E+02 -2.918E+02  0.000E+00  0.0000
 -2.400E+02 -2.918E+02  0.000E+00  0.0000
 -2.000E+02 -2.918E+02  0.000E+00  0.0000
 -1.600E+02 -2.918E+02  0.000E+00  0.0000
 -1.200E+02 -2.918E+02  0.000E+00  0.0000
 -8.000E+01 -2.918E+02  0.000E+00  0.0000
 -4.000E+01 -2.918E+02  0.000E+00  0.0000
  0.000E+00 -2.918E+02  0.000E+00  0.0000
  4.000E+01 -2.918E+02  0.000E+00  0.0000
  8.000E+01 -2.918E+02  0.000E+00  0.0000
  1.200E+02 -2.918E+02  0.000E+00  0.0000
  1.600E+02 -2.918E+02  0.000E+00  0.0000
  2.000E+02 -2.918E+02  0.000E+00  0.0000
  2.400E+02 -2.918E+02  0.000E+00  0.0000
  2.800E+02 -2.918E+02  0.000E+00  0.0000
  3.200E+02 -2.918E+02  0.000E+00  0.0000
  3.600E+02 -2.918E+02  0.000E+00  0.0000
  4.000E+02 -2.918E+02  0.000E+00  0.0000
  4.400E+02 -2.918E+02  0.000E+00  0.0000
  4.800E+02 -2.918E+02  0.000E+00  0.0000
  5.200E+02 -2.918E+02  0.000E+00  0.0000
  5.600E+02 -2.918E+02  0.000E+00  0.0000
  6.000E+02 -2.918E+02  0.000E+00  0.0000
  6.400E+02 -2.918E+02  0.000E+00  0.0000
  6.800E+02 -2.918E+02  0.000E+00  0.0000
 -6.800E+02 -2.525E+02  0.000E+00  0.0000
 -6.400E+02 -2.525E+02  0.000E+00  0.0000
 -6.000E+02 -2.525E+02  0.000E+00  0.0000
 -5.600E+02 -2.525E+02  0.000E+00  0.0000
 -5.200E+02 -2.525E+02  0.000E+00  0.0000
 -4.800E+02 -2.525E+02  0.000E+00  0.0000
 -4.400E+02 -2.525E+02  0.000E+00  0.0000
 -4.000E+02 -2.525E+02  0.000E+00  0.0000
 -3.600E+02 -2.525E+02  0.000E+00  0.0000
 -3.200E+02 -2.525E+02  0.000E+00  0.0000
 -2.800E+02 -2.525E+02  0.000E+00  0.0000
 -2.400E+02 -2.525E+02  0.000E+00  0.0000
 -2.000E+02 -2.525E+02  0.000E+00  0.0000
 -1.600E+02 -2.525E+02  0.000E+00  0.0000
 -1.200E+02 -2.525E+02  0.000E+00  0.0000
 -8.000E+01 -2.525E+02  0.000E+00  0.0000
 -4.000E+01 -2.525E+02  0.000E+00  0.0000
  0.000E+00 -2.525E+02  0.000E+00  0.0000
  4.000E+01 -2.525E+02  0.000E+00  0.0000
  8.000E+01 -2.525E+02  0.000E+00  0.0000
  1.200E+02 -2.525E+02  0.000E+00  0.0000
  1.600E+02 -2.525E+02  0.000E+00  0.0000
  2.000E+02 -2.525E+02  0.000E+00  0.0000
  2.400E+02 -2.525E+02  0.000E+00  0.0000
  2.800E+02 -2.525E+02  0.000E+00  0.0000
  3.200E+02 -2.525E+02  0.000E+00  0.0000
  3.600E+02 -2.525E+02  0.000E+00  0.0000
  4.000E+02 -2.525E+02  0.000E+00  0.0000
  4.400E+02 -2.525E+02  0.000E+00  0.0000
  4.800E+02 -2.525E+02  0.000E+00  0.0000
  5.200E+02 -2.525E+02  0.000E+00  0.0000
  5.600E+02 -2.525E+02  0.000E+00  0.0000
  6.000E+02 -2.525E+02  0.000E+00  0.0000
  6.400E+02 -2.525E+02  0.000E+00  0.0000
  6.800E+02 -2.525E+02  0.000E+00  0.0000
 -6.800E+02 -2.132E+02  0.000E+00  0.0000
 -6.400E+02 -2.132E+02  0.000E+00  0.0000
 -6.000E+02 -2.132E+02  0.000E+00  0.0000
 -5.600E+02 -2.132E+02  0.000E+00  0.0000
 -5.200E+02 -2.132E+02  0.000E+00  0.0000
 -4.800E+02 -2.132E+02  0.000E+00  0.0000
 -4.400E+02 -2.132E+02  0.000E+00  0.0000
 -4.000E+02 -2.132E+02  0.000E+00  0.0000
 -3.600E+02 -2.132E+02  0.000E+00  0.0000
 -3.200E+02 -2.132E+02  0.000E+00  0.0000
 -2.800E+02 -2.132E+02  0.000E+00  0.0000
 -2.400E+02 -2.132E+02  0.000E+00  0.0000
 -2.000E+02 -2.132E+02  0.000E+00  0.0000
 -1.600E+02 -2.132E+02  0.000E+00  0.0000
 -1.200E+02 -2.132E+02  0.000E+00  0.0000
 -8.000E+01 -2.132E+02  0.000E+00  0.0000
 -4.000E+01 -2.132E+02  0.000E+00  0.0000
  0.000E+00 -2.132E+02  0.000E+00  0.0000
  4.000E+01 -2.132E+02  0.000E+00  0.0000
  8.000E+01 -2.132E+02  0.000E+00  0.0000
  1.200E+02 -2.132E+02  0.000E+00  0.0000
  1.600E+02 -2.132E+02  0.000E+00  0.0000
  2.000E+02 -2.132E+02  0.000E+00  0.0000
  2.400E+02 -2.132E+02  0.000E+00  0.0000
  2.800E+02 -2.132E+02  0.000E+00  0.0000
  3.200E+02 -2.132E+02  0.000E+00  0.0000
  3.600E+02 -2.132E+02  0.000E+00  0.0000
  4.000E+02 -2.132E+02  0.000E+00  0.0000
  4.400E+02 -2.132E+02  0.000E+00  0.0000
  4.800E+02 -2.132E+02  0.000E+00  0.0000
  5.200E+02 -2.132E+02  0.000E+00  0.0000
  5.600E+02 -2.132E+02  0.000E+00  0.0000
  6.000E+02 -2.132E+02  0.000E+00  0.0000
  6.400E+02 -2.132E+02  0.000E+00  0.0000
  6.800E+02 -2.132E+02  0.000E+00  0.0000
 -6.800E+02 -1.738E+02  0.000E+00  0.0000
 -6.400E+02 -1.738E+02  0.000E+00  0.0000
 -6.000E+02 -1.738E+02  0.000E+00  0.0000
 -5.600E+02 -1.738E+02  0.000E+00  0.0000
 -5.200E+02 -1.738E+02  0.000E+00  0.0000
 -4.800E+02 -1.738E+02  0.000E+00  0.0000
 -4.400E+02 -1.738E+02  0.000E+00  0.0000
 -4.000E+02 -1.738E+02  0.000E+00  0.0000
 -3.600E+02 -1.738E+02  0.000E+00  0.0000
 -3.200E+02 -1.738E+02  0.000E+00  0.0000
 -2.800E+02 -1.738E+02  0.000E+00  0.0000
 -2.400E+02 -1.738E+02  0.000E+00  0.0000
 -2.000E+02 -1.738E+02  0.000E+00  0.0000
 -1.600E+02 -1.738E+02  0.000E+00  0.0000
 -1.200E+02 -1.738E+02  0.000E+00  0.0000
 -8.000E+01 -1.738E+02  0.000E+00  0.0000
 -4.000E+01 -1.738E+02  0.000E+00  0.0000
  0.000E+00 -1.738E+02  0.000E+00  0.0000
  4.000E+01 -1.738E+02  0.000E+00  0.0000
  8.000E+01 -1.738E+02  0.000E+00  0.0000
  1.200E+02 -1.738E+02  0.000E+00  0.0000
  1.600E+02 -1.738E+02  0.000E+00  0.0000
  2.000E+02 -1.738E+02  0.000E+00  0.0000
  2.400E+02 -1.738E+02  0.000E+00  0.0000
  2.800E+02 -1.738E+02  0.000E+00  0.0000
  3.200E+02 -1.738E+02  0.000E+00  0.0000
  3.600E+02 -1.738E+02  0.000E+00  0.0000
  4.000E+02 -1.738E+02  0.000E+00  0.0000
  4.400E+02 -1.738E+02  0.000E+00  0.0000
  4.800E+02 -1.738E+02  0.000E+00  0.0000
  5.200E+02 -1.738E+02  0.000E+00  0.0000
  5.600E+02 -1.738E+02  0.000E+00  0.0000
  6.000E+02 -1.738E+02  0.000E+00  0.0000
  6.400E+02 -1.738E+02  0.000E+00  0.0000
  6.800E+02 -1.738E+02  0.000E+00  0.0000
 -6.800E+02 -1.345E+02  0.000E+00  0.0000
 -6.400E+02 -1.345E+02  0.000E+00  0.0000
 -6.000E+02 -1.345E+02  0.000E+00  0.0000
 -5.600E+02 -1.345E+02  0.000E+00  0.0000
 -5.200E+02 -1.345E+02  0.000E+00  0.0000
 -4.800E+02 -1.345E+02  0.000E+00  0.0000
 -4.400E+02 -1.345E+02  0.000E+00  0.0000
 -4.000E+02 -1.345E+02  0.000E+00  0.0000
 -3.600E+02 -1.345E+02  0.000E+00  0.0000
 -3.200E+02 -1.345E+02  0.000E+00  0.0000
 -2.800E+02 -1.345E+02  0.000E+00  0.0000
 -2.400E+02 -1.345E+02  0.000E+00  0.0000
 -2.000E+02 -1.345E+02  0.000E+00  0.0000
 -1.600E+02 -1.345E+02  0.000E+00  0.0000
 -1.200E+02 -1.345E+02  0.000E+00  0.0000
 -8.000E+01 -1.345E+02  0.000E+00  0.0000
 -4.000E+01 -1.345E+02  0.000E+00  0.0000
  0.000E+00 -1.345E+02  0.000E+00  0.0000
  4.000E+01 -1.345E+02  0.000E+00  0.0000
  8.000E+01 -1.345E+02  0.000E+00  0.0000
  1.200E+02 -1.345E+02  0.000E+00  0.0000
  1.600E+02 -1.345E+02  0.000E+00  0.0000
  2.000E+02 -1.345E+02  0.000E+00  0.0000
  2.400E+02 -1.345E+02  0.000E+00  0.0000
  2.800E+02 -1.345E+02  0.000E+00  0.0000
  3.200E+02 -1.345E+02  0.000E+00  0.0000
  3.600E+02 -1.345E+02  0.000E+00  0.0000
  4.000E+02 -1.345E+02  0.000E+00  0.0000
  4.400E+02 -1.345E+02  0.000E+00  0.0000
  4.800E+02 -1.345E+02  0.000E+00  0.0000
  5.200E+02 -1.345E+02  0.000E+00  0.0000
  5.600E+02 -1.345E+02  0.000E+00  0.0000
  6.000E+02 -1.345E+02  0.000E+00  0.0000
  6.400E+02 -1.345E+02  0.000E+00  0.0000
  6.800E+02 -1.345E+02  0.000E+00  0.0000
 -6.800E+02 -9.511E+01  0.000E+00  0.0000
 -6.400E+02 -9.511E+01  0.000E+00  0.0000
 -6.000E+02 -9.511E+01  0.000E+00  0.0000
 -5.600E+02 -9.511E+01  0.000E+00  0.0000
 -5.200E+02 -9.511E+01  0.000E+00  0.0000
 -4.800E+02 -9.511E+01  0.000E+00  0.0000
 -4.400E+02 -9.511E+01  0.000E+00  0.0000
 -4.000E+02 -9.511E+01  0.000E+00  0.0000
 -3.600E+02 -9.511E+01  0.000E+00  0.0000
 -3.200E+02 -9.511E+01  0.000E+00  0.0000
 -2.800E+02 -9.511E+01  0.000E+00  0.0000
 -2.400E+02 -9.511E+01  0.000E+00  0.0000
 -2.000E+02 -9.511E+01  0.000E+00  0.0000
 -1.600E+02 -9.511E+01  0.000E+00  0.0000
 -1.200E+02 -9.511E+01  0.000E+00  0.0000
 -8.000E+01 -9.511E+01  0.000E+00  0.0000
 -4.000E+01 -9.511E+01  0.000E+00  0.0000
  0.000E+00 -9.511E+01  0.000E+00  0.0000
  4.000E+01 -9.511E+01  0.000E+00  0.0000
  8.000E+01 -9.511E+01  0.000E+00  0.0000
  1.200E+02 -9.511E+01  0.000E+00  0.0000
  1.600E+02 -9.511E+01  0.000E+00  0.0000
  2.000E+02 -9.511E+01  0.000E+00  0.0000
  2.400E+02 -9.511E+01  0.000E+00  0.0000
  2.800E+02 -9.511E+01  0.000E+00  0.0000
  3.200E+02 -9.511E+01  0.000E+00  0.0000
  3.600E+02 -9.511E+01  0.000E+00  0.0000
  4.000E+02 -9.511E+01  0.000E+00  0.0000
  4.400E+02 -9.511E+01  0.000E+00  0.0000
  4.800E+02 -9.511E+01  0.000E+00  0.0000
  5.200E+02 -9.511E+01  0.000E+00  0.0000
  5.600E+02 -9.511E+01  0.000E+00  0.0000
  6.000E+02 -9.511E+01  0.000E+00  0.0000
  6.400E+02 -9.511E+01  0.000E+00  0.0000
  6.800E+02 -9.511E+01  0.000E+00  0.0000
 -6.800E+02 -5.576E+01  0.000E+00  0.0000
 -6.400E+02 -5.576E+01  0.000E+00  0.0000
 -6.000E+02 -5.576E+01  0.000E+00  0.0000
 -5.600E+02 -5.576E+01  0.000E+00  0.0000
 -5.200E+02 -5.576E+01  0.000E+00  0.0000
 -4.800E+02 -5.576E+01  0.000E+00  0.0000
 -4.400E+02 -5.576E+01  0.000E+00  0.0000
 -4.000E+02 -5.576E+01  0.000E+00  0.0000
 -3.600E+02 -5.576E+01  0.000E+00  0.0000
 -3.200E+02 -5.576E+01  0.000E+00  0.0000
 -2.800E+02 -5.576E+01  0.000E+00  0.0000
 -2.400E+02 -5.576E+01  0.000E+00  0.0000
 -2.000E+02 -5.576E+01  0.000E+00  0.0000
 -1.600E+02 -5.576E+01  0.000E+00  0.0000
 -1.200E+02 -5.576E+01  0.000E+00  0.0000
 -8.000E+01 -5.576E+01  0.000E+00  0.0000
 -4.000E+01 -5.576E+01  0.000E+00  0.0000
  0.000E+00 -5.576E+01  0.000E+00  0.0000
  4.000E+01 -5.576E+01  0.000E+00  0.0000
  8.000E+01 -5.576E+01  0.000E+00  0.0000
  1.200E+02 -5.576E+01  0.000E+00  0.0000
  1.600E+02 -5.576E+01  0.000E+00  0.0000
  2.000E+02 -5.576E+01  0.000E+00  0.0000
  2.400E+02 -5.576E+01  0.000E+00  0.0000
  2.800E+02 -5.576E+01  0.000E+00  0.0000
  3.200E+02 -5.576E+01  0.000E+00  0.0000
  3.600E+02 -5.576E+01  0.000E+00  0.0000
  4.000E+02 -5.576E+01  0.000E+00  0.0000
  4.400E+02 -5.576E+01  0.000E+00  0.0000
  4.800E+02 -5.576E+01  0.000E+00  0.0000
  5.200E+02 -5.576E+01  0.000E+00  0.0000
  5.600E+02 -5.576E+01  0.000E+00  0.0000
  6.000E+02 -5.576E+01  0.000E+00  0.0000
  6.400E+02 -5.576E+01  0.000E+00  0.0000
  6.800E+02 -5.576E+01  0.000E+00  0.0000
 -6.800E+02 -1.641E+01  0.000E+00  0.0000
 -6.400E+02 -1.641E+01  0.000E+00  0.0000
 -6.000E+02 -1.641E+01  0.000E+00  0.0000
 -5.600E+02 -1.641E+01  0.000E+00  0.0000
 -5.200E+02 -1.641E+01  0.000E+00  0.0000
 -4.800E+02 -1.641E+01  0.000E+00  0.0000
 -4.400E+02 -1.641E+01  0.000E+00  0.0000
 -4.000E+02 -1.641E+01  0.000E+00  0.0000
 -3.600E+02 -1.641E+01  0.000E+00  0.0000
 -3.200E+02 -1.641E+01  0.000E+00  0.0000
 -2.800E+02 -1.641E+01  0.000E+00  0.0000
 -2.400E+02 -1.641E+01  0.000E+00  0.0000
 -2.000E+02 -1.641E+01  0.000E+00  0.0000
 -1.600E+02 -1.641E+01  0.000E+00  0.0000
 -1.200E+02 -1.641E+01  0.000E+00  0.0000
 -8.000E+01 -1.641E+01  0.000E+00  0.0000
 -4.000E+01 -1.641E+01  0.000E+00  0.0000
  0.000E+00 -1.641E+01  0.000E+00  0.0000
  4.000E+01 -1.641E+01  0.000E+00  0.0000
  8.000E+01 -1.641E+01  0.000E+00  0.0000
  1.200E+02 -1.641E+01  0.000E+00  0.0000
  1.600E+02 -1.641E+01  0.000E+00  0.0000
  2.000E+02 -1.641E+01  0.000E+00  0.0000
  2.400E+02 -1.641E+01  0.000E+00  0.0000
  2.800E+02 -1.641E+01  0.000E+00  0.0000
  3.200E+02 -1.641E+01  0.000E+00  0.0000
  3.600E+02 -1.641E+01  0.000E+00  0.0000
  4.000E+02 -1.641E+01  0.000E+00  0.0000
  4.400E+02 -1.641E+01  0.000E+00  0.0000
  4.800E+02 -1.641E+01  0.000E+00  0.0000
  5.200E+02 -1.641E+01  0.000E+00  0.0000
  5.600E+02 -1.641E+01  0.000E+00  0.0000
  6.000E+02 -1.641E+01  0.000E+00  0.0000
  6.400E+02 -1.641E+01  0.000E+00  0.0000
  6.800E+02 -1.641E+01  0.000E+00  0.0000
 -6.800E+02  2.293E+01  0.000E+00  0.0000
 -6.400E+02  2.293E+01  0.000E+00  0.0000
 -6.000E+02  2.293E+01  0.000E+00  0.0000
 -5.600E+02  2.293E+01  0.000E+00  0.0000
 -5.200E+02  2.293E+01  0.000E+00  0.0000
 -4.800E+02  2.293E+01  0.000E+00  0.0000
 -4.400E+02  2.293E+01  0.000E+00  0.0000
 -4.000E+02  2.293E+01  0.000E+00  0.0000
 -3.600E+02  2.293E+01  0.000E+00  0.0000
 -3.200E+02  2.293E+01  0.000E+00  0.0000
 -2.800E+02  2.293E+01  0.000E+00  0.0000
 -2.400E+02  2.293E+01  0.000E+00  0.0000
 -2.000E+02  2.293E+01  0.000E+00  0.0000
 -1.600E+02  2.293E+01  0.000E+00  0.0000
 -1.200E+02  2.293E+01  0.000E+00  0.0000
 -8.000E+01  2.293E+01  0.000E+00  0.0000
 -4.000E+01  2.293E+01  0.000E+00  0.0000
  0.000E+00  2.293E+01  0.000E+00  0.0000
  4.000E+01  2.293E+01  0.000E+00  0.0000
  8.000E+01  2.293E+01  0.000E+00  0.0000
  1.200E+02  2.293E+01  0.000E+00  0.0000
  1.600E+02  2.293E+01  0.000E+00  0.0000
  2.000E+02  2.293E+01  0.000E+00  0.0000
  2.400E+02  2.293E+01  0.000E+00  0.0000
  2.800E+02  2.293E+01  0.000E+00  0.0000
  3.200E+02  2.293E+01  0.000E+00  0.0000
  3.600E+02  2.293E+01  0.000E+00  0.0000
  4.000E+02  2.293E+01  0.000E+00  0.0000
  4.400E+02  2.293E+01  0.000E+00  0.0000
  4.800E+02  2.293E+01  0.000E+00  0.0000
  5.200E+02  2.293E+01  0.000E+00  0.0000
  5.600E+02  2.293E+01  0.000E+00  0.0000
  6.000E+02  2.293E+01  0.000E+00  0.0000
  6.400E+02  2.293E+01  0.000E+00  0.0000
  6.800E+02  2.293E+01  0.000E+00  0.0000
 -6.800E+02  6.228E+01  0.000E+00  0.0000
 -6.400E+02  6.228E+01  0.000E+00  0.0000
 -6.000E+02  6.228E+01  0.000E+00  0.0000
 -5.600E+02  6.228E+01  0.000E+00  0.0000
 -5.200E+02  6.228E+01  0.000E+00  0.0000
 -4.800E+02  6.228E+01  0.000E+00  0.0000
 -4.400E+02  6.228E+01  0.000E+00  0.0000
 -4.000E+02  6.228E+01  0.000E+00  0.0000
 -3.600E+02  6.228E+01  0.000E+00  0.0000
 -3.200E+02  6.228E+01  0.000E+00  0.0000
 -2.800E+02  6.228E+01  0.000E+00  0.0000
 -2.400E+02  6.228E+01  0.000E+00  0.0000
 -2.000E+02  6.228E+01  0.000E+00  0.0000
 -1.600E+02  6.228E+01  0.000E+00  0.0000
 -1.200E+02  6.228E+01  0.000E+00  0.0000
 -8.000E+01  6.228E+01  0.000E+00  0.0000
 -4.000E+01  6.228E+01  0.000E+00  0.0000
  0.000E+00  6.228E+01  0.000E+00  0.0000
  4.000E+01  6.228E+01  0.000E+00  0.0000
  8.000E+01  6.228E+01  0.000E+00  0.0000
  1.200E+02  6.228E+01  0.000E+00  0.0000
  1.600E+02  6.228E+01  0.000E+00  0.0000
  2.000E+02  6.228E+01  0.000E+00  0.0000
  2.400E+02  6.228E+01  0.000E+00  0.0000
  2.800E+02  6.228E+01  0.000E+00  0.0000
  3.200E+02  6.228E+01  0.000E+00  0.0000
  3.600E+02  6.228E+01  0.000E+00  0.0000
  4.000E+02  6.228E+01  0.000E+00  0.0000
  4.400E+02  6.228E+01  0.000E+00  0.0000
  4.800E+02  6.228E+01  0.000E+00  0.0000
  5.200E+02  6.228E+01  0.000E+00  0.0000
  5.600E+02  6.228E+01  0.000E+00  0.0000
  6.000E+02  6.228E+01  0.000E+00  0.0000
  6.400E+02  6.228E+01  0.000E+00  0.0000
  6.800E+02  6.228E+01  0.000E+00  0.0000
 -6.800E+02  1.016E+02  0.000E+00  0.0000
 -6.400E+02  1.016E+02  0.000E+00  0.0000
 -6.000E+02  1.016E+02  0.000E+00  0.0000
 -5.600E+02  1.016E+02  0.000E+00  0.0000
 -5.200E+02  1.016E+02  0.000E+00  0.0000
 -4.800E+02  1.016E+02  0.000E+00  0.0000
 -4.400E+02  1.016E+02  0.000E+00  0.0000
 -4.000E+02  1.016E+02  0.000E+00  0.0000
 -3.600E+02  1.016E+02  0.000E+00  0.0000
 -3.200E+02  1.016E+02  0.000E+00  0.0000
 -2.800E+02  1.016E+02  0.000E+00  0.0000
 -2.400E+02  1.016E+02  0.000E+00  0.0000
 -2.000E+02  1.016E+02  0.000E+00  0.0000
 -1.600E+02  1.016E+02  0.000E+00  0.0000
 -1.200E+02  1.016E+02  0.000E+00  0.0000
 -8.000E+01  1.016E+02  0.000E+00  0.0000
 -4.000E+01  1.016E+02  0.000E+00  0.0000
  0.000E+00  1.016E+02  0.000E+00  0.0000
  4.000E+01  1.016E+02  0.000E+00  0.0000
  8.000E+01  1.016E+02  0.000E+00  0.0000
  1.200E+02  1.016E+02  0.000E+00  0.0000
  1.600E+02  1.016E+02  0.000E+00  0.0000
  2.000E+02  1.016E+02  0.000E+00  0.0000
  2.400E+02  1.016E+02  0.000E+00  0.0000
  2.800E+02  1.016E+02  0.000E+00  0.0000
  3.200E+02  1.016E+02  0.000E+00  0.0000
  3.600E+02  1.016E+02  0.000E+00  0.0000
  4.000E+02  1.016E+02  0.000E+00  0.0000
  4.400E+02  1.016E+02  0.000E+00  0.0000
  4.800E+02  1.016E+02  0.000E+00  0.0000
  5.200E+02  1.016E+02  0.000E+00  0.0000
  5.600E+02  1.016E+02  0.000E+00  0.0000
  6.000E+02  1.016E+02  0.000E+00  0.0000
  6.400E+02  1.016E+02  0.000E+00  0.0000
  6.800E+02  1.016E+02  0.000E+00  0.0000
 -6.800E+02  1.410E+02  0.000E+00  0.0000
 -6.400E+02  1.410E+02  0.000E+00  0.0000
 -6.000E+02  1.410E+02  0.000E+00  0.0000
 -5.600E+02  1.410E+02  0.000E+00  0.0000
 -5.200E+02  1.410E+02  0.000E+00  0.0000
 -4.800E+02  1.410E+02  0.000E+00  0.0000
 -4.400E+02  1.410E+02  0.000E+00  0.0000
 -4.000E+02  1.410E+02  0.000E+00  0.0000
 -3.600E+02  1.410E+02  0.000E+00  0.0000
 -3.200E+02  1.410E+02  0.000E+00  0.0000
 -2.800E+02  1.410E+02  0.000E+00  0.0000
 -2.400E+02  1.410E+02  0.000E+00  0.0000
 -2.000E+02  1.410E+02  0.000E+00  0.0000
 -1.600E+02  1.410E+02  0.000E+00  0.0000
 -1.200E+02  1.410E+02  0.000E+00  0.0000
 -8.000E+01  1.410E+02  0.000E+00  0.0000
 -4.000E+01  1.410E+02  0.000E+00  0.0000
  0.000E+00  1.410E+02  0.000E+00  0.0000
  4.000E+01  1.410E+02  0.000E+00  0.0000
  8.000E+01  1.410E+02  0.000E+00  0.0000
  1.200E+02  1.410E+02  0.000E+00  0.0000
  1.600E+02  1.410E+02  0.000E+00  0.0000
  2.000E+02  1.410E+02  0.000E+00  0.0000
  2.400E+02  1.410E+02  0.000E+00  0.0000
  2.800E+02  1.410E+02  0.000E+00  0.0000
  3.200E+02  1.410E+02  0.000E+00  0.0000
  3.600E+02  1.410E+02  0.000E+00  0.0000
  4.000E+02  1.410E+02  0.000E+00  0.0000
  4.400E+02  1.410E+02  0.000E+00  0.0000
  4.800E+02  1.410E+02  0.000E+00  0.0000
  5.200E+02  1.410E+02  0.000E+00  0.0000
  5.600E+02  1.410E+02  0.000E+00  0.0000
  6.000E+02  1.410E+02  0.000E+00  0.0000
  6.400E+02  1.410E+02  0.000E+00  0.0000
  6.800E+02  1.410E+02  0.000E+00  0.0000
 -6.800E+02  1.803E+02  0.000E+00  0.0000
 -6.400E+02  1.803E+02  0.000E+00  0.0000
 -6.000E+02  1.803E+02  0.000E+00  0.0000
 -5.600E+02  1.803E+02  0.000E+00  0.0000
 -5.200E+02  1.803E+02  0.000E+00  0.0000
 -4.800E+02  1.803E+02  0.000E+00  0.0000
 -4.400E+02  1.803E+02  0.000E+00  0.0000
 -4.000E+02  1.803E+02  0.000E+00  0.0000
 -3.600E+02  1.803E+02  0.000E+00  0.0000
 -3.200E+02  1.803E+02  0.000E+00  0.0000
 -2.800E+02  1.803E+02  0.000E+00  0.0000
 -2.400E+02  1.803E+02  0.000E+00  0.0000
 -2.000E+02  1.803E+02  0.000E+00  0.0000
 -1.600E+02  1.803E+02  0.000E+00  0.0000
 -1.200E+02  1.803E+02  0.000E+00  0.0000
 -8.000E+01  1.803E+02  0.000E+00  0.0000
 -4.000E+01  1.803E+02  0.000E+00  0.0000
  0.000E+00  1.803E+02  0.000E+00  0.0000
  4.000E+01  1.803E+02  0.000E+00  0.0000
  8.000E+01  1.803E+02  0.000E+00  0.0000
  1.200E+02  1.803E+02  0.000E+00  0.0000
  1.600E+02  1.803E+02  0.000E+00  0.0000
  2.000E+02  1.803E+02  0.000E+00  0.0000
  2.400E+02  1.803E+02  0.000E+00  0.0000
  2.800E+02  1.803E+02  0.000E+00  0.0000
  3.200E+02  1.803E+02  0.000E+00  0.0000
  3.600E+02  1.803E+02  0.000E+00  0.0000
  4.000E+02  1.803E+02  0.000E+00  0.0000
  4.400E+02  1.803E+02  0.000E+00  0.0000
  4.800E+02  1.803E+02  0.000E+00  0.0000
  5.200E+02  1.803E+02  0.000E+00  0.0000
  5.600E+02  1.803E+02  0.000E+00  0.0000
  6.000E+02  1.803E+02  0.000E+00  0.0000
  6.400E+02  1.803E+02  0.000E+00  0.0000
  6.800E+02  1.803E+02  0.000E+00  0.0000

#------------------------------------------------------------------------------
 newpage:
#   no. =  6   ie  =  2   iy  =  1   part. = muon-   
#   e = (   5.0000E-07  -   1.0000E-01  )
#   y = (  -1.0000E+03  -   1.0000E+03  )
#  nx =  35   nz =  23

# x          z          flux       r.err
 -6.800E+02 -6.853E+02  5.443E-10  1.0000
 -6.400E+02 -6.853E+02  0.000E+00  0.0000
 -6.000E+02 -6.853E+02  5.449E-10  1.0000
 -5.600E+02 -6.853E+02  1.089E-09  0.7070
 -5.200E+02 -6.853E+02  5.418E-10  1.0000
 -4.800E+02 -6.853E+02  0.000E+00  0.0000
 -4.400E+02 -6.853E+02  0.000E+00  0.0000
 -4.000E+02 -6.853E+02  1.090E-09  0.7070
 -3.600E+02 -6.853E+02  5.449E-10  1.0000
 -3.200E+02 -6.853E+02  5.449E-10  1.0000
 -2.800E+02 -6.853E+02  0.000E+00  0.0000
 -2.400E+02 -6.853E+02  0.000E+00  0.0000
 -2.000E+02 -6.853E+02  1.081E-09  0.7071
 -1.600E+02 -6.853E+02  5.433E-10  1.0000
 -1.200E+02 -6.853E+02  5.427E-10  1.0000
 -8.000E+01 -6.853E+02  0.000E+00  0.0000
 -4.000E+01 -6.853E+02  5.449E-10  1.0000
  0.000E+00 -6.853E+02  0.000E+00  0.0000
  4.000E+01 -6.853E+02  5.449E-10  1.0000
  8.000E+01 -6.853E+02  0.000E+00  0.0000
  1.200E+02 -6.853E+02  5.447E-10  1.0000
  1.600E+02 -6.853E+02  5.449E-10  1.0000
  2.000E+02 -6.853E+02  5.447E-10  1.0000
  2.400E+02 -6.853E+02  5.447E-10  1.0000
  2.800E+02 -6.853E+02  5.448E-10  1.0000
  3.200E+02 -6.853E+02  0.000E+00  0.0000
  3.600E+02 -6.853E+02  0.000E+00  0.0000
  4.000E+02 -6.853E+02  5.449E-10  1.0000
  4.400E+02 -6.853E+02  0.000E+00  0.0000
  4.800E+02 -6.853E+02  1.090E-09  0.7070
  5.200E+02 -6.853E+02  2.180E-09  0.4998
  5.600E+02 -6.853E+02  1.087E-09  0.7070
  6.000E+02 -6.853E+02  0.000E+00  0.0000
  6.400E+02 -6.853E+02  1.090E-09  0.7070
  6.800E+02 -6.853E+02  0.000E+00  0.0000
 -6.800E+02 -6.460E+02  5.449E-10  1.0000
 -6.400E+02 -6.460E+02  5.449E-10  1.0000
 -6.000E+02 -6.460E+02  0.000E+00  0.0000
 -5.600E+02 -6.460E+02  0.000E+00  0.0000
 -5.200E+02 -6.460E+02  0.000E+00  0.0000
 -4.800E+02 -6.460E+02  5.449E-10  1.0000
 -4.400E+02 -6.460E+02  0.000E+00  0.0000
 -4.000E+02 -6.460E+02  0.000E+00  0.0000
 -3.600E+02 -6.460E+02  0.000E+00  0.0000
 -3.200E+02 -6.460E+02  5.449E-10  1.0000
 -2.800E+02 -6.460E+02  0.000E+00  0.0000
 -2.400E+02 -6.460E+02  5.448E-10  1.0000
 -2.000E+02 -6.460E+02  0.000E+00  0.0000
 -1.600E+02 -6.460E+02  0.000E+00  0.0000
 -1.200E+02 -6.460E+02  0.000E+00  0.0000
 -8.000E+01 -6.460E+02  5.444E-10  1.0000
 -4.000E+01 -6.460E+02  0.000E+00  0.0000
  0.000E+00 -6.460E+02  5.449E-10  1.0000
  4.000E+01 -6.460E+02  1.088E-09  0.7070
  8.000E+01 -6.460E+02  1.089E-09  0.7070
  1.200E+02 -6.460E+02  0.000E+00  0.0000
  1.600E+02 -6.460E+02  5.426E-10  1.0000
  2.000E+02 -6.460E+02  5.448E-10  1.0000
  2.400E+02 -6.460E+02  0.000E+00  0.0000
  2.800E+02 -6.460E+02  1.090E-09  0.7070
  3.200E+02 -6.460E+02  1.090E-09  0.7070
  3.600E+02 -6.460E+02  2.175E-09  0.4999
  4.000E+02 -6.460E+02  0.000E+00  0.0000
  4.400E+02 -6.460E+02  0.000E+00  0.0000
  4.800E+02 -6.460E+02  5.446E-10  1.0000
  5.200E+02 -6.460E+02  1.089E-09  0.7070
  5.600E+02 -6.460E+02  0.000E+00  0.0000
  6.000E+02 -6.460E+02  0.000E+00  0.0000
  6.400E+02 -6.460E+02  5.447E-10  1.0000
  6.800E+02 -6.460E+02  0.000E+00  0.0000
 -6.800E+02 -6.066E+02  5.448E-10  1.0000
 -6.400E+02 -6.066E+02  0.000E+00  0.0000
 -6.000E+02 -6.066E+02  0.000E+00  0.0000
 -5.600E+02 -6.066E+02  0.000E+00  0.0000
 -5.200E+02 -6.066E+02  5.449E-10  1.0000
 -4.800E+02 -6.066E+02  0.000E+00  0.0000
 -4.400E+02 -6.066E+02  1.087E-09  0.7070
 -4.000E+02 -6.066E+02  1.090E-09  0.7070
 -3.600E+02 -6.066E+02  0.000E+00  0.0000
 -3.200E+02 -6.066E+02  5.444E-10  1.0000
 -2.800E+02 -6.066E+02  1.090E-09  0.7070
 -2.400E+02 -6.066E+02  5.449E-10  1.0000
 -2.000E+02 -6.066E+02  1.635E-09  0.5772
 -1.600E+02 -6.066E+02  5.449E-10  1.0000
 -1.200E+02 -6.066E+02  1.090E-09  0.7070
 -8.000E+01 -6.066E+02  0.000E+00  0.0000
 -4.000E+01 -6.066E+02  0.000E+00  0.0000
  0.000E+00 -6.066E+02  0.000E+00  0.0000
  4.000E+01 -6.066E+02  0.000E+00  0.0000
  8.000E+01 -6.066E+02  1.089E-09  0.7070
  1.200E+02 -6.066E+02  1.088E-09  0.7070
  1.600E+02 -6.066E+02  1.090E-09  0.7070
  2.000E+02 -6.066E+02  1.090E-09  0.7070
  2.400E+02 -6.066E+02  0.000E+00  0.0000
  2.800E+02 -6.066E+02  2.180E-09  0.4998
  3.200E+02 -6.066E+02  0.000E+00  0.0000
  3.600E+02 -6.066E+02  1.090E-09  0.7070
  4.000E+02 -6.066E+02  5.449E-10  1.0000
  4.400E+02 -6.066E+02  0.000E+00  0.0000
  4.800E+02 -6.066E+02  0.000E+00  0.0000
  5.200E+02 -6.066E+02  0.000E+00  0.0000
  5.600E+02 -6.066E+02  5.449E-10  1.0000
  6.000E+02 -6.066E+02  0.000E+00  0.0000
  6.400E+02 -6.066E+02  0.000E+00  0.0000
  6.800E+02 -6.066E+02  0.000E+00  0.0000
 -6.800E+02 -5.673E+02  0.000E+00  0.0000
 -6.400E+02 -5.673E+02  1.085E-09  0.7070
 -6.000E+02 -5.673E+02  0.000E+00  0.0000
 -5.600E+02 -5.673E+02  1.635E-09  0.5772
 -5.200E+02 -5.673E+02  0.000E+00  0.0000
 -4.800E+02 -5.673E+02  0.000E+00  0.0000
 -4.400E+02 -5.673E+02  5.449E-10  1.0000
 -4.000E+02 -5.673E+02  1.090E-09  0.7070
 -3.600E+02 -5.673E+02  0.000E+00  0.0000
 -3.200E+02 -5.673E+02  0.000E+00  0.0000
 -2.800E+02 -5.673E+02  0.000E+00  0.0000
 -2.400E+02 -5.673E+02  0.000E+00  0.0000
 -2.000E+02 -5.673E+02  5.449E-10  1.0000
 -1.600E+02 -5.673E+02  2.722E-09  0.4470
 -1.200E+02 -5.673E+02  1.090E-09  0.7070
 -8.000E+01 -5.673E+02  0.000E+00  0.0000
 -4.000E+01 -5.673E+02  0.000E+00  0.0000
  0.000E+00 -5.673E+02  5.449E-10  1.0000
  4.000E+01 -5.673E+02  1.634E-09  0.5772
  8.000E+01 -5.673E+02  0.000E+00  0.0000
  1.200E+02 -5.673E+02  0.000E+00  0.0000
  1.600E+02 -5.673E+02  5.449E-10  1.0000
  2.000E+02 -5.673E+02  0.000E+00  0.0000
  2.400E+02 -5.673E+02  1.090E-09  0.7070
  2.800E+02 -5.673E+02  0.000E+00  0.0000
  3.200E+02 -5.673E+02  5.368E-10  1.0000
  3.600E+02 -5.673E+02  2.179E-09  0.4999
  4.000E+02 -5.673E+02  0.000E+00  0.0000
  4.400E+02 -5.673E+02  1.090E-09  0.7070
  4.800E+02 -5.673E+02  0.000E+00  0.0000
  5.200E+02 -5.673E+02  5.449E-10  1.0000
  5.600E+02 -5.673E+02  5.449E-10  1.0000
  6.000E+02 -5.673E+02  0.000E+00  0.0000
  6.400E+02 -5.673E+02  5.445E-10  1.0000
  6.800E+02 -5.673E+02  0.000E+00  0.0000
 -6.800E+02 -5.279E+02  5.443E-10  1.0000
 -6.400E+02 -5.279E+02  0.000E+00  0.0000
 -6.000E+02 -5.279E+02  5.449E-10  1.0000
 -5.600E+02 -5.279E+02  0.000E+00  0.0000
 -5.200E+02 -5.279E+02  0.000E+00  0.0000
 -4.800E+02 -5.279E+02  5.447E-10  1.0000
 -4.400E+02 -5.279E+02  5.428E-10  1.0000
 -4.000E+02 -5.279E+02  0.000E+00  0.0000
 -3.600E+02 -5.279E+02  0.000E+00  0.0000
 -3.200E+02 -5.279E+02  5.448E-10  1.0000
 -2.800E+02 -5.279E+02  0.000E+00  0.0000
 -2.400E+02 -5.279E+02  0.000E+00  0.0000
 -2.000E+02 -5.279E+02  0.000E+00  0.0000
 -1.600E+02 -5.279E+02  5.417E-10  1.0000
 -1.200E+02 -5.279E+02  0.000E+00  0.0000
 -8.000E+01 -5.279E+02  1.090E-09  0.7070
 -4.000E+01 -5.279E+02  0.000E+00  0.0000
  0.000E+00 -5.279E+02  1.634E-09  0.5772
  4.000E+01 -5.279E+02  1.634E-09  0.5772
  8.000E+01 -5.279E+02  5.449E-10  1.0000
  1.200E+02 -5.279E+02  5.446E-10  1.0000
  1.600E+02 -5.279E+02  1.090E-09  0.7070
  2.000E+02 -5.279E+02  1.634E-09  0.5772
  2.400E+02 -5.279E+02  5.449E-10  1.0000
  2.800E+02 -5.279E+02  0.000E+00  0.0000
  3.200E+02 -5.279E+02  5.449E-10  1.0000
  3.600E+02 -5.279E+02  1.089E-09  0.7070
  4.000E+02 -5.279E+02  0.000E+00  0.0000
  4.400E+02 -5.279E+02  1.089E-09  0.7070
  4.800E+02 -5.279E+02  0.000E+00  0.0000
  5.200E+02 -5.279E+02  5.449E-10  1.0000
  5.600E+02 -5.279E+02  0.000E+00  0.0000
  6.000E+02 -5.279E+02  1.090E-09  0.7070
  6.400E+02 -5.279E+02  5.447E-10  1.0000
  6.800E+02 -5.279E+02  1.089E-09  0.7070
 -6.800E+02 -4.886E+02  5.449E-10  1.0000
 -6.400E+02 -4.886E+02  1.088E-09  0.7070
 -6.000E+02 -4.886E+02  1.090E-09  0.7070
 -5.600E+02 -4.886E+02  5.449E-10  1.0000
 -5.200E+02 -4.886E+02  1.089E-09  0.7070
 -4.800E+02 -4.886E+02  1.090E-09  0.7070
 -4.400E+02 -4.886E+02  5.424E-10  1.0000
 -4.000E+02 -4.886E+02  0.000E+00  0.0000
 -3.600E+02 -4.886E+02  0.000E+00  0.0000
 -3.200E+02 -4.886E+02  1.088E-09  0.7070
 -2.800E+02 -4.886E+02  5.449E-10  1.0000
 -2.400E+02 -4.886E+02  5.445E-10  1.0000
 -2.000E+02 -4.886E+02  0.000E+00  0.0000
 -1.600E+02 -4.886E+02  1.090E-09  0.7070
 -1.200E+02 -4.886E+02  5.449E-10  1.0000
 -8.000E+01 -4.886E+02  1.089E-09  0.7070
 -4.000E+01 -4.886E+02  0.000E+00  0.0000
  0.000E+00 -4.886E+02  5.449E-10  1.0000
  4.000E+01 -4.886E+02  2.180E-09  0.4998
  8.000E+01 -4.886E+02  1.090E-09  0.7070
  1.200E+02 -4.886E+02  0.000E+00  0.0000
  1.600E+02 -4.886E+02  0.000E+00  0.0000
  2.000E+02 -4.886E+02  0.000E+00  0.0000
  2.400E+02 -4.886E+02  5.449E-10  1.0000
  2.800E+02 -4.886E+02  5.449E-10  1.0000
  3.200E+02 -4.886E+02  1.089E-09  0.7070
  3.600E+02 -4.886E+02  1.089E-09  0.7070
  4.000E+02 -4.886E+02  5.446E-10  1.0000
  4.400E+02 -4.886E+02  0.000E+00  0.0000
  4.800E+02 -4.886E+02  0.000E+00  0.0000
  5.200E+02 -4.886E+02  1.633E-09  0.5772
  5.600E+02 -4.886E+02  5.448E-10  1.0000
  6.000E+02 -4.886E+02  5.417E-10  1.0000
  6.400E+02 -4.886E+02  5.449E-10  1.0000
  6.800E+02 -4.886E+02  0.000E+00  0.0000
 -6.800E+02 -4.492E+02  1.090E-09  0.7070
 -6.400E+02 -4.492E+02  1.089E-09  0.7070
 -6.000E+02 -4.492E+02  0.000E+00  0.0000
 -5.600E+02 -4.492E+02  1.634E-09  0.5772
 -5.200E+02 -4.492E+02  5.449E-10  1.0000
 -4.800E+02 -4.492E+02  0.000E+00  0.0000
 -4.400E+02 -4.492E+02  1.090E-09  0.7070
 -4.000E+02 -4.492E+02  0.000E+00  0.0000
 -3.600E+02 -4.492E+02  2.169E-09  0.4999
 -3.200E+02 -4.492E+02  0.000E+00  0.0000
 -2.800E+02 -4.492E+02  0.000E+00  0.0000
 -2.400E+02 -4.492E+02  0.000E+00  0.0000
 -2.000E+02 -4.492E+02  0.000E+00  0.0000
 -1.600E+02 -4.492E+02  5.448E-10  1.0000
 -1.200E+02 -4.492E+02  5.449E-10  1.0000
 -8.000E+01 -4.492E+02  1.089E-09  0.7070
 -4.000E+01 -4.492E+02  0.000E+00  0.0000
  0.000E+00 -4.492E+02  1.635E-09  0.5772
  4.000E+01 -4.492E+02  1.635E-09  0.5772
  8.000E+01 -4.492E+02  1.090E-09  0.7070
  1.200E+02 -4.492E+02  5.449E-10  1.0000
  1.600E+02 -4.492E+02  5.449E-10  1.0000
  2.000E+02 -4.492E+02  5.449E-10  1.0000
  2.400E+02 -4.492E+02  0.000E+00  0.0000
  2.800E+02 -4.492E+02  5.449E-10  1.0000
  3.200E+02 -4.492E+02  5.449E-10  1.0000
  3.600E+02 -4.492E+02  0.000E+00  0.0000
  4.000E+02 -4.492E+02  1.089E-09  0.7070
  4.400E+02 -4.492E+02  5.443E-10  1.0000
  4.800E+02 -4.492E+02  0.000E+00  0.0000
  5.200E+02 -4.492E+02  0.000E+00  0.0000
  5.600E+02 -4.492E+02  0.000E+00  0.0000
  6.000E+02 -4.492E+02  5.449E-10  1.0000
  6.400E+02 -4.492E+02  0.000E+00  0.0000
  6.800E+02 -4.492E+02  0.000E+00  0.0000
 -6.800E+02 -4.099E+02  5.449E-10  1.0000
 -6.400E+02 -4.099E+02  1.088E-09  0.7070
 -6.000E+02 -4.099E+02  1.090E-09  0.7070
 -5.600E+02 -4.099E+02  0.000E+00  0.0000
 -5.200E+02 -4.099E+02  5.443E-10  1.0000
 -4.800E+02 -4.099E+02  1.090E-09  0.7070
 -4.400E+02 -4.099E+02  1.089E-09  0.7070
 -4.000E+02 -4.099E+02  5.447E-10  1.0000
 -3.600E+02 -4.099E+02  0.000E+00  0.0000
 -3.200E+02 -4.099E+02  0.000E+00  0.0000
 -2.800E+02 -4.099E+02  1.089E-09  0.7070
 -2.400E+02 -4.099E+02  1.634E-09  0.5772
 -2.000E+02 -4.099E+02  0.000E+00  0.0000
 -1.600E+02 -4.099E+02  5.449E-10  1.0000
 -1.200E+02 -4.099E+02  1.090E-09  0.7070
 -8.000E+01 -4.099E+02  0.000E+00  0.0000
 -4.000E+01 -4.099E+02  0.000E+00  0.0000
  0.000E+00 -4.099E+02  0.000E+00  0.0000
  4.000E+01 -4.099E+02  1.635E-09  0.5772
  8.000E+01 -4.099E+02  0.000E+00  0.0000
  1.200E+02 -4.099E+02  5.449E-10  1.0000
  1.600E+02 -4.099E+02  1.089E-09  0.7070
  2.000E+02 -4.099E+02  5.448E-10  1.0000
  2.400E+02 -4.099E+02  0.000E+00  0.0000
  2.800E+02 -4.099E+02  2.179E-09  0.4999
  3.200E+02 -4.099E+02  5.449E-10  1.0000
  3.600E+02 -4.099E+02  1.631E-09  0.5772
  4.000E+02 -4.099E+02  1.631E-09  0.5772
  4.400E+02 -4.099E+02  1.635E-09  0.5772
  4.800E+02 -4.099E+02  1.635E-09  0.5772
  5.200E+02 -4.099E+02  1.088E-09  0.7070
  5.600E+02 -4.099E+02  5.449E-10  1.0000
  6.000E+02 -4.099E+02  1.087E-09  0.7070
  6.400E+02 -4.099E+02  5.425E-10  1.0000
  6.800E+02 -4.099E+02  5.447E-10  1.0000
 -6.800E+02 -3.705E+02  1.089E-09  0.7070
 -6.400E+02 -3.705E+02  5.449E-10  1.0000
 -6.000E+02 -3.705E+02  0.000E+00  0.0000
 -5.600E+02 -3.705E+02  0.000E+00  0.0000
 -5.200E+02 -3.705E+02  5.449E-10  1.0000
 -4.800E+02 -3.705E+02  0.000E+00  0.0000
 -4.400E+02 -3.705E+02  0.000E+00  0.0000
 -4.000E+02 -3.705E+02  2.724E-09  0.4470
 -3.600E+02 -3.705E+02  0.000E+00  0.0000
 -3.200E+02 -3.705E+02  0.000E+00  0.0000
 -2.800E+02 -3.705E+02  1.632E-09  0.5772
 -2.400E+02 -3.705E+02  0.000E+00  0.0000
 -2.000E+02 -3.705E+02  0.000E+00  0.0000
 -1.600E+02 -3.705E+02  1.090E-09  0.7070
 -1.200E+02 -3.705E+02  0.000E+00  0.0000
 -8.000E+01 -3.705E+02  0.000E+00  0.0000
 -4.000E+01 -3.705E+02  0.000E+00  0.0000
  0.000E+00 -3.705E+02  0.000E+00  0.0000
  4.000E+01 -3.705E+02  0.000E+00  0.0000
  8.000E+01 -3.705E+02  0.000E+00  0.0000
  1.200E+02 -3.705E+02  0.000E+00  0.0000
  1.600E+02 -3.705E+02  0.000E+00  0.0000
  2.000E+02 -3.705E+02  2.174E-09  0.4999
  2.400E+02 -3.705E+02  0.000E+00  0.0000
  2.800E+02 -3.705E+02  0.000E+00  0.0000
  3.200E+02 -3.705E+02  0.000E+00  0.0000
  3.600E+02 -3.705E+02  2.178E-09  0.4999
  4.000E+02 -3.705E+02  5.442E-10  1.0000
  4.400E+02 -3.705E+02  0.000E+00  0.0000
  4.800E+02 -3.705E+02  0.000E+00  0.0000
  5.200E+02 -3.705E+02  1.634E-09  0.5772
  5.600E+02 -3.705E+02  5.449E-10  1.0000
  6.000E+02 -3.705E+02  1.090E-09  0.7070
  6.400E+02 -3.705E+02  5.449E-10  1.0000
  6.800E+02 -3.705E+02  0.000E+00  0.0000
 -6.800E+02 -3.312E+02  1.086E-09  0.7070
 -6.400E+02 -3.312E+02  1.633E-09  0.5772
 -6.000E+02 -3.312E+02  0.000E+00  0.0000
 -5.600E+02 -3.312E+02  0.000E+00  0.0000
 -5.200E+02 -3.312E+02  1.088E-09  0.7070
 -4.800E+02 -3.312E+02  1.090E-09  0.7070
 -4.400E+02 -3.312E+02  1.631E-09  0.5772
 -4.000E+02 -3.312E+02  0.000E+00  0.0000
 -3.600E+02 -3.312E+02  5.449E-10  1.0000
 -3.200E+02 -3.312E+02  5.442E-10  1.0000
 -2.800E+02 -3.312E+02  1.090E-09  0.7070
 -2.400E+02 -3.312E+02  1.090E-09  0.7070
 -2.000E+02 -3.312E+02  5.449E-10  1.0000
 -1.600E+02 -3.312E+02  0.000E+00  0.0000
 -1.200E+02 -3.312E+02  0.000E+00  0.0000
 -8.000E+01 -3.312E+02  0.000E+00  0.0000
 -4.000E+01 -3.312E+02  0.000E+00  0.0000
  0.000E+00 -3.312E+02  0.000E+00  0.0000
  4.000E+01 -3.312E+02  0.000E+00  0.0000
  8.000E+01 -3.312E+02  0.000E+00  0.0000
  1.200E+02 -3.312E+02  0.000E+00  0.0000
  1.600E+02 -3.312E+02  1.087E-09  0.7070
  2.000E+02 -3.312E+02  0.000E+00  0.0000
  2.400E+02 -3.312E+02  5.446E-10  1.0000
  2.800E+02 -3.312E+02  1.090E-09  0.7070
  3.200E+02 -3.312E+02  1.632E-09  0.5772
  3.600E+02 -3.312E+02  5.440E-10  1.0000
  4.000E+02 -3.312E+02  5.449E-10  1.0000
  4.400E+02 -3.312E+02  0.000E+00  0.0000
  4.800E+02 -3.312E+02  1.635E-09  0.5772
  5.200E+02 -3.312E+02  1.088E-09  0.7070
  5.600E+02 -3.312E+02  5.449E-10  1.0000
  6.000E+02 -3.312E+02  1.634E-09  0.5772
  6.400E+02 -3.312E+02  0.000E+00  0.0000
  6.800E+02 -3.312E+02  0.000E+00  0.0000
 -6.800E+02 -2.918E+02  5.449E-10  1.0000
 -6.400E+02 -2.918E+02  5.426E-10  1.0000
 -6.000E+02 -2.918E+02  5.446E-10  1.0000
 -5.600E+02 -2.918E+02  5.443E-10  1.0000
 -5.200E+02 -2.918E+02  1.080E-09  0.7070
 -4.800E+02 -2.918E+02  1.087E-09  0.7070
 -4.400E+02 -2.918E+02  5.449E-10  1.0000
 -4.000E+02 -2.918E+02  1.089E-09  0.7070
 -3.600E+02 -2.918E+02  5.443E-10  1.0000
 -3.200E+02 -2.918E+02  5.449E-10  1.0000
 -2.800E+02 -2.918E+02  1.631E-09  0.5772
 -2.400E+02 -2.918E+02  5.426E-10  1.0000
 -2.000E+02 -2.918E+02  0.000E+00  0.0000
 -1.600E+02 -2.918E+02  0.000E+00  0.0000
 -1.200E+02 -2.918E+02  0.000E+00  0.0000
 -8.000E+01 -2.918E+02  0.000E+00  0.0000
 -4.000E+01 -2.918E+02  0.000E+00  0.0000
  0.000E+00 -2.918E+02  0.000E+00  0.0000
  4.000E+01 -2.918E+02  0.000E+00  0.0000
  8.000E+01 -2.918E+02  0.000E+00  0.0000
  1.200E+02 -2.918E+02  0.000E+00  0.0000
  1.600E+02 -2.918E+02  1.635E-09  0.5772
  2.000E+02 -2.918E+02  0.000E+00  0.0000
  2.400E+02 -2.918E+02  1.634E-09  0.5772
  2.800E+02 -2.918E+02  1.625E-09  0.5772
  3.200E+02 -2.918E+02  1.634E-09  0.5772
  3.600E+02 -2.918E+02  1.089E-09  0.7070
  4.000E+02 -2.918E+02  1.089E-09  0.7070
  4.400E+02 -2.918E+02  1.090E-09  0.7070
  4.800E+02 -2.918E+02  0.000E+00  0.0000
  5.200E+02 -2.918E+02  0.000E+00  0.0000
  5.600E+02 -2.918E+02  5.449E-10  1.0000
  6.000E+02 -2.918E+02  2.179E-09  0.4998
  6.400E+02 -2.918E+02  1.090E-09  0.7070
  6.800E+02 -2.918E+02  1.634E-09  0.5772
 -6.800E+02 -2.525E+02  2.724E-09  0.4470
 -6.400E+02 -2.525E+02  1.089E-09  0.7070
 -6.000E+02 -2.525E+02  0.000E+00  0.0000
 -5.600E+02 -2.525E+02  5.449E-10  1.0000
 -5.200E+02 -2.525E+02  2.180E-09  0.4998
 -4.800E+02 -2.525E+02  5.449E-10  1.0000
 -4.400E+02 -2.525E+02  5.449E-10  1.0000
 -4.000E+02 -2.525E+02  0.000E+00  0.0000
 -3.600E+02 -2.525E+02  0.000E+00  0.0000
 -3.200E+02 -2.525E+02  1.634E-09  0.5772
 -2.800E+02 -2.525E+02  1.634E-09  0.5772
 -2.400E+02 -2.525E+02  5.449E-10  1.0000
 -2.000E+02 -2.525E+02  0.000E+00  0.0000
 -1.600E+02 -2.525E+02  1.090E-09  0.7070
 -1.200E+02 -2.525E+02  0.000E+00  0.0000
 -8.000E+01 -2.525E+02  0.000E+00  0.0000
 -4.000E+01 -2.525E+02  0.000E+00  0.0000
  0.000E+00 -2.525E+02  0.000E+00  0.0000
  4.000E+01 -2.525E+02  0.000E+00  0.0000
  8.000E+01 -2.525E+02  0.000E+00  0.0000
  1.200E+02 -2.525E+02  0.000E+00  0.0000
  1.600E+02 -2.525E+02  0.000E+00  0.0000
  2.000E+02 -2.525E+02  5.448E-10  1.0000
  2.400E+02 -2.525E+02  0.000E+00  0.0000
  2.800E+02 -2.525E+02  0.000E+00  0.0000
  3.200E+02 -2.525E+02  1.090E-09  0.7070
  3.600E+02 -2.525E+02  5.449E-10  1.0000
  4.000E+02 -2.525E+02  1.635E-09  0.5772
  4.400E+02 -2.525E+02  5.427E-10  1.0000
  4.800E+02 -2.525E+02  1.090E-09  0.7070
  5.200E+02 -2.525E+02  1.635E-09  0.5772
  5.600E+02 -2.525E+02  0.000E+00  0.0000
  6.000E+02 -2.525E+02  5.449E-10  1.0000
  6.400E+02 -2.525E+02  1.631E-09  0.5772
  6.800E+02 -2.525E+02  1.634E-09  0.5772
 -6.800E+02 -2.132E+02  1.635E-09  0.5772
 -6.400E+02 -2.132E+02  1.090E-09  0.7070
 -6.000E+02 -2.132E+02  1.635E-09  0.5772
 -5.600E+02 -2.132E+02  5.449E-10  1.0000
 -5.200E+02 -2.132E+02  1.634E-09  0.5772
 -4.800E+02 -2.132E+02  1.088E-09  0.7070
 -4.400E+02 -2.132E+02  1.631E-09  0.5772
 -4.000E+02 -2.132E+02  5.443E-10  1.0000
 -3.600E+02 -2.132E+02  0.000E+00  0.0000
 -3.200E+02 -2.132E+02  0.000E+00  0.0000
 -2.800E+02 -2.132E+02  1.090E-09  0.7070
 -2.400E+02 -2.132E+02  1.627E-09  0.5772
 -2.000E+02 -2.132E+02  1.090E-09  0.7070
 -1.600E+02 -2.132E+02  5.449E-10  1.0000
 -1.200E+02 -2.132E+02  0.000E+00  0.0000
 -8.000E+01 -2.132E+02  0.000E+00  0.0000
 -4.000E+01 -2.132E+02  0.000E+00  0.0000
  0.000E+00 -2.132E+02  0.000E+00  0.0000
  4.000E+01 -2.132E+02  0.000E+00  0.0000
  8.000E+01 -2.132E+02  0.000E+00  0.0000
  1.200E+02 -2.132E+02  0.000E+00  0.0000
  1.600E+02 -2.132E+02  0.000E+00  0.0000
  2.000E+02 -2.132E+02  1.090E-09  0.7070
  2.400E+02 -2.132E+02  1.090E-09  0.7070
  2.800E+02 -2.132E+02  1.086E-09  0.7070
  3.200E+02 -2.132E+02  5.447E-10  1.0000
  3.600E+02 -2.132E+02  5.447E-10  1.0000
  4.000E+02 -2.132E+02  5.449E-10  1.0000
  4.400E+02 -2.132E+02  5.446E-10  1.0000
  4.800E+02 -2.132E+02  0.000E+00  0.0000
  5.200E+02 -2.132E+02  5.448E-10  1.0000
  5.600E+02 -2.132E+02  5.449E-10  1.0000
  6.000E+02 -2.132E+02  1.086E-09  0.7070
  6.400E+02 -2.132E+02  1.634E-09  0.5772
  6.800E+02 -2.132E+02  1.635E-09  0.5772
 -6.800E+02 -1.738E+02  5.449E-10  1.0000
 -6.400E+02 -1.738E+02  0.000E+00  0.0000
 -6.000E+02 -1.738E+02  5.449E-10  1.0000
 -5.600E+02 -1.738E+02  0.000E+00  0.0000
 -5.200E+02 -1.738E+02  2.178E-09  0.4999
 -4.800E+02 -1.738E+02  0.000E+00  0.0000
 -4.400E+02 -1.738E+02  0.000E+00  0.0000
 -4.000E+02 -1.738E+02  1.089E-09  0.7070
 -3.600E+02 -1.738E+02  1.634E-09  0.5772
 -3.200E+02 -1.738E+02  0.000E+00  0.0000
 -2.800E+02 -1.738E+02  1.089E-09  0.7070
 -2.400E+02 -1.738E+02  1.633E-09  0.5772
 -2.000E+02 -1.738E+02  1.090E-09  0.7070
 -1.600E+02 -1.738E+02  0.000E+00  0.0000
 -1.200E+02 -1.738E+02  0.000E+00  0.0000
 -8.000E+01 -1.738E+02  0.000E+00  0.0000
 -4.000E+01 -1.738E+02  0.000E+00  0.0000
  0.000E+00 -1.738E+02  0.000E+00  0.0000
  4.000E+01 -1.738E+02  0.000E+00  0.0000
  8.000E+01 -1.738E+02  0.000E+00  0.0000
  1.200E+02 -1.738E+02  0.000E+00  0.0000
  1.600E+02 -1.738E+02  1.633E-09  0.5772
  2.000E+02 -1.738E+02  0.000E+00  0.0000
  2.400E+02 -1.738E+02  5.449E-10  1.0000
  2.800E+02 -1.738E+02  1.635E-09  0.5772
  3.200E+02 -1.738E+02  1.090E-09  0.7070
  3.600E+02 -1.738E+02  5.449E-10  1.0000
  4.000E+02 -1.738E+02  5.428E-10  1.0000
  4.400E+02 -1.738E+02  2.724E-09  0.4470
  4.800E+02 -1.738E+02  5.449E-10  1.0000
  5.200E+02 -1.738E+02  5.448E-10  1.0000
  5.600E+02 -1.738E+02  5.449E-10  1.0000
  6.000E+02 -1.738E+02  2.177E-09  0.4999
  6.400E+02 -1.738E+02  1.635E-09  0.5772
  6.800E+02 -1.738E+02  1.089E-09  0.7070
 -6.800E+02 -1.345E+02  1.089E-09  0.7070
 -6.400E+02 -1.345E+02  1.089E-09  0.7070
 -6.000E+02 -1.345E+02  5.442E-10  1.0000
 -5.600E+02 -1.345E+02  0.000E+00  0.0000
 -5.200E+02 -1.345E+02  5.447E-10  1.0000
 -4.800E+02 -1.345E+02  1.089E-09  0.7070
 -4.400E+02 -1.345E+02  5.449E-10  1.0000
 -4.000E+02 -1.345E+02  1.090E-09  0.7070
 -3.600E+02 -1.345E+02  1.089E-09  0.7070
 -3.200E+02 -1.345E+02  5.442E-10  1.0000
 -2.800E+02 -1.345E+02  5.417E-10  1.0000
 -2.400E+02 -1.345E+02  5.448E-10  1.0000
 -2.000E+02 -1.345E+02  0.000E+00  0.0000
 -1.600E+02 -1.345E+02  0.000E+00  0.0000
 -1.200E+02 -1.345E+02  0.000E+00  0.0000
 -8.000E+01 -1.345E+02  0.000E+00  0.0000
 -4.000E+01 -1.345E+02  0.000E+00  0.0000
  0.000E+00 -1.345E+02  0.000E+00  0.0000
  4.000E+01 -1.345E+02  0.000E+00  0.0000
  8.000E+01 -1.345E+02  0.000E+00  0.0000
  1.200E+02 -1.345E+02  0.000E+00  0.0000
  1.600E+02 -1.345E+02  5.449E-10  1.0000
  2.000E+02 -1.345E+02  5.449E-10  1.0000
  2.400E+02 -1.345E+02  2.723E-09  0.4470
  2.800E+02 -1.345E+02  1.090E-09  0.7070
  3.200E+02 -1.345E+02  1.090E-09  0.7070
  3.600E+02 -1.345E+02  0.000E+00  0.0000
  4.000E+02 -1.345E+02  3.268E-09  0.4080
  4.400E+02 -1.345E+02  1.089E-09  0.7070
  4.800E+02 -1.345E+02  5.447E-10  1.0000
  5.200E+02 -1.345E+02  2.179E-09  0.4998
  5.600E+02 -1.345E+02  2.721E-09  0.4470
  6.000E+02 -1.345E+02  5.449E-10  1.0000
  6.400E+02 -1.345E+02  1.090E-09  0.7070
  6.800E+02 -1.345E+02  5.447E-10  1.0000
 -6.800E+02 -9.511E+01  5.446E-10  1.0000
 -6.400E+02 -9.511E+01  2.179E-09  0.4998
 -6.000E+02 -9.511E+01  1.090E-09  0.7070
 -5.600E+02 -9.511E+01  5.446E-10  1.0000
 -5.200E+02 -9.511E+01  1.090E-09  0.7070
 -4.800E+02 -9.511E+01  1.634E-09  0.5772
 -4.400E+02 -9.511E+01  1.089E-09  0.7070
 -4.000E+02 -9.511E+01  2.177E-09  0.4999
 -3.600E+02 -9.511E+01  5.449E-10  1.0000
 -3.200E+02 -9.511E+01  5.449E-10  1.0000
 -2.800E+02 -9.511E+01  1.633E-09  0.5772
 -2.400E+02 -9.511E+01  1.090E-09  0.7070
 -2.000E+02 -9.511E+01  1.635E-09  0.5772
 -1.600E+02 -9.511E+01  5.449E-10  1.0000
 -1.200E+02 -9.511E+01  5.443E-10  1.0000
 -8.000E+01 -9.511E+01  1.090E-09  0.7070
 -4.000E+01 -9.511E+01  5.447E-10  1.0000
  0.000E+00 -9.511E+01  5.446E-10  1.0000
  4.000E+01 -9.511E+01  5.449E-10  1.0000
  8.000E+01 -9.511E+01  0.000E+00  0.0000
  1.200E+02 -9.511E+01  1.090E-09  0.7070
  1.600E+02 -9.511E+01  5.449E-10  1.0000
  2.000E+02 -9.511E+01  1.634E-09  0.5772
  2.400E+02 -9.511E+01  1.089E-09  0.7070
  2.800E+02 -9.511E+01  0.000E+00  0.0000
  3.200E+02 -9.511E+01  5.447E-10  1.0000
  3.600E+02 -9.511E+01  1.634E-09  0.5772
  4.000E+02 -9.511E+01  1.090E-09  0.7070
  4.400E+02 -9.511E+01  1.635E-09  0.5772
  4.800E+02 -9.511E+01  5.449E-10  1.0000
  5.200E+02 -9.511E+01  1.633E-09  0.5772
  5.600E+02 -9.511E+01  1.632E-09  0.5772
  6.000E+02 -9.511E+01  1.634E-09  0.5772
  6.400E+02 -9.511E+01  1.634E-09  0.5772
  6.800E+02 -9.511E+01  0.000E+00  0.0000
 -6.800E+02 -5.576E+01  1.634E-09  0.5772
 -6.400E+02 -5.576E+01  2.180E-09  0.4998
 -6.000E+02 -5.576E+01  1.089E-09  0.7070
 -5.600E+02 -5.576E+01  0.000E+00  0.0000
 -5.200E+02 -5.576E+01  1.089E-09  0.7070
 -4.800E+02 -5.576E+01  5.449E-10  1.0000
 -4.400E+02 -5.576E+01  1.090E-09  0.7070
 -4.000E+02 -5.576E+01  0.000E+00  0.0000
 -3.600E+02 -5.576E+01  5.443E-10  1.0000
 -3.200E+02 -5.576E+01  2.180E-09  0.4998
 -2.800E+02 -5.576E+01  5.449E-10  1.0000
 -2.400E+02 -5.576E+01  0.000E+00  0.0000
 -2.000E+02 -5.576E+01  1.089E-09  0.7070
 -1.600E+02 -5.576E+01  5.448E-10  1.0000
 -1.200E+02 -5.576E+01  5.449E-10  1.0000
 -8.000E+01 -5.576E+01  2.179E-09  0.4998
 -4.000E+01 -5.576E+01  1.090E-09  0.7070
  0.000E+00 -5.576E+01  5.447E-10  1.0000
  4.000E+01 -5.576E+01  5.448E-10  1.0000
  8.000E+01 -5.576E+01  5.449E-10  1.0000
  1.200E+02 -5.576E+01  5.449E-10  1.0000
  1.600E+02 -5.576E+01  1.089E-09  0.7070
  2.000E+02 -5.576E+01  1.090E-09  0.7070
  2.400E+02 -5.576E+01  1.635E-09  0.5772
  2.800E+02 -5.576E+01  1.089E-09  0.7070
  3.200E+02 -5.576E+01  1.632E-09  0.5772
  3.600E+02 -5.576E+01  1.632E-09  0.5772
  4.000E+02 -5.576E+01  2.180E-09  0.4998
  4.400E+02 -5.576E+01  5.446E-10  1.0000
  4.800E+02 -5.576E+01  1.087E-09  0.7070
  5.200E+02 -5.576E+01  1.089E-09  0.7070
  5.600E+02 -5.576E+01  5.449E-10  1.0000
  6.000E+02 -5.576E+01  1.090E-09  0.7070
  6.400E+02 -5.576E+01  1.087E-09  0.7070
  6.800E+02 -5.576E+01  1.635E-09  0.5772
 -6.800E+02 -1.641E+01  1.090E-09  0.7070
 -6.400E+02 -1.641E+01  5.443E-10  1.0000
 -6.000E+02 -1.641E+01  0.000E+00  0.0000
 -5.600E+02 -1.641E+01  1.090E-09  0.7070
 -5.200E+02 -1.641E+01  1.634E-09  0.5772
 -4.800E+02 -1.641E+01  5.449E-10  1.0000
 -4.400E+02 -1.641E+01  0.000E+00  0.0000
 -4.000E+02 -1.641E+01  1.635E-09  0.5772
 -3.600E+02 -1.641E+01  1.090E-09  0.7070
 -3.200E+02 -1.641E+01  0.000E+00  0.0000
 -2.800E+02 -1.641E+01  1.089E-09  0.7070
 -2.400E+02 -1.641E+01  1.635E-09  0.5772
 -2.000E+02 -1.641E+01  5.448E-10  1.0000
 -1.600E+02 -1.641E+01  1.090E-09  0.7070
 -1.200E+02 -1.641E+01  0.000E+00  0.0000
 -8.000E+01 -1.641E+01  0.000E+00  0.0000
 -4.000E+01 -1.641E+01  2.180E-09  0.4998
  0.000E+00 -1.641E+01  1.635E-09  0.5772
  4.000E+01 -1.641E+01  5.449E-10  1.0000
  8.000E+01 -1.641E+01  5.448E-10  1.0000
  1.200E+02 -1.641E+01  1.090E-09  0.7070
  1.600E+02 -1.641E+01  2.722E-09  0.4470
  2.000E+02 -1.641E+01  5.442E-10  1.0000
  2.400E+02 -1.641E+01  5.449E-10  1.0000
  2.800E+02 -1.641E+01  2.179E-09  0.4998
  3.200E+02 -1.641E+01  2.721E-09  0.4470
  3.600E+02 -1.641E+01  5.448E-10  1.0000
  4.000E+02 -1.641E+01  5.442E-10  1.0000
  4.400E+02 -1.641E+01  0.000E+00  0.0000
  4.800E+02 -1.641E+01  2.177E-09  0.4999
  5.200E+02 -1.641E+01  2.176E-09  0.4999
  5.600E+02 -1.641E+01  1.090E-09  0.7070
  6.000E+02 -1.641E+01  0.000E+00  0.0000
  6.400E+02 -1.641E+01  5.449E-10  1.0000
  6.800E+02 -1.641E+01  1.089E-09  0.7070
 -6.800E+02  2.293E+01  0.000E+00  0.0000
 -6.400E+02  2.293E+01  0.000E+00  0.0000
 -6.000E+02  2.293E+01  0.000E+00  0.0000
 -5.600E+02  2.293E+01  0.000E+00  0.0000
 -5.200E+02  2.293E+01  0.000E+00  0.0000
 -4.800E+02  2.293E+01  0.000E+00  0.0000
 -4.400E+02  2.293E+01  0.000E+00  0.0000
 -4.000E+02  2.293E+01  0.000E+00  0.0000
 -3.600E+02  2.293E+01  0.000E+00  0.0000
 -3.200E+02  2.293E+01  0.000E+00  0.0000
 -2.800E+02  2.293E+01  0.000E+00  0.0000
 -2.400E+02  2.293E+01  0.000E+00  0.0000
 -2.000E+02  2.293E+01  0.000E+00  0.0000
 -1.600E+02  2.293E+01  0.000E+00  0.0000
 -1.200E+02  2.293E+01  0.000E+00  0.0000
 -8.000E+01  2.293E+01  0.000E+00  0.0000
 -4.000E+01  2.293E+01  0.000E+00  0.0000
  0.000E+00  2.293E+01  0.000E+00  0.0000
  4.000E+01  2.293E+01  0.000E+00  0.0000
  8.000E+01  2.293E+01  0.000E+00  0.0000
  1.200E+02  2.293E+01  0.000E+00  0.0000
  1.600E+02  2.293E+01  0.000E+00  0.0000
  2.000E+02  2.293E+01  0.000E+00  0.0000
  2.400E+02  2.293E+01  0.000E+00  0.0000
  2.800E+02  2.293E+01  0.000E+00  0.0000
  3.200E+02  2.293E+01  0.000E+00  0.0000
  3.600E+02  2.293E+01  0.000E+00  0.0000
  4.000E+02  2.293E+01  0.000E+00  0.0000
  4.400E+02  2.293E+01  0.000E+00  0.0000
  4.800E+02  2.293E+01  0.000E+00  0.0000
  5.200E+02  2.293E+01  0.000E+00  0.0000
  5.600E+02  2.293E+01  0.000E+00  0.0000
  6.000E+02  2.293E+01  0.000E+00  0.0000
  6.400E+02  2.293E+01  0.000E+00  0.0000
  6.800E+02  2.293E+01  0.000E+00  0.0000
 -6.800E+02  6.228E+01  0.000E+00  0.0000
 -6.400E+02  6.228E+01  0.000E+00  0.0000
 -6.000E+02  6.228E+01  0.000E+00  0.0000
 -5.600E+02  6.228E+01  0.000E+00  0.0000
 -5.200E+02  6.228E+01  0.000E+00  0.0000
 -4.800E+02  6.228E+01  0.000E+00  0.0000
 -4.400E+02  6.228E+01  0.000E+00  0.0000
 -4.000E+02  6.228E+01  0.000E+00  0.0000
 -3.600E+02  6.228E+01  0.000E+00  0.0000
 -3.200E+02  6.228E+01  0.000E+00  0.0000
 -2.800E+02  6.228E+01  0.000E+00  0.0000
 -2.400E+02  6.228E+01  0.000E+00  0.0000
 -2.000E+02  6.228E+01  0.000E+00  0.0000
 -1.600E+02  6.228E+01  0.000E+00  0.0000
 -1.200E+02  6.228E+01  0.000E+00  0.0000
 -8.000E+01  6.228E+01  0.000E+00  0.0000
 -4.000E+01  6.228E+01  0.000E+00  0.0000
  0.000E+00  6.228E+01  0.000E+00  0.0000
  4.000E+01  6.228E+01  0.000E+00  0.0000
  8.000E+01  6.228E+01  0.000E+00  0.0000
  1.200E+02  6.228E+01  0.000E+00  0.0000
  1.600E+02  6.228E+01  0.000E+00  0.0000
  2.000E+02  6.228E+01  0.000E+00  0.0000
  2.400E+02  6.228E+01  0.000E+00  0.0000
  2.800E+02  6.228E+01  0.000E+00  0.0000
  3.200E+02  6.228E+01  0.000E+00  0.0000
  3.600E+02  6.228E+01  0.000E+00  0.0000
  4.000E+02  6.228E+01  0.000E+00  0.0000
  4.400E+02  6.228E+01  0.000E+00  0.0000
  4.800E+02  6.228E+01  0.000E+00  0.0000
  5.200E+02  6.228E+01  0.000E+00  0.0000
  5.600E+02  6.228E+01  0.000E+00  0.0000
  6.000E+02  6.228E+01  0.000E+00  0.0000
  6.400E+02  6.228E+01  0.000E+00  0.0000
  6.800E+02  6.228E+01  0.000E+00  0.0000
 -6.800E+02  1.016E+02  0.000E+00  0.0000
 -6.400E+02  1.016E+02  0.000E+00  0.0000
 -6.000E+02  1.016E+02  0.000E+00  0.0000
 -5.600E+02  1.016E+02  0.000E+00  0.0000
 -5.200E+02  1.016E+02  0.000E+00  0.0000
 -4.800E+02  1.016E+02  0.000E+00  0.0000
 -4.400E+02  1.016E+02  0.000E+00  0.0000
 -4.000E+02  1.016E+02  0.000E+00  0.0000
 -3.600E+02  1.016E+02  0.000E+00  0.0000
 -3.200E+02  1.016E+02  0.000E+00  0.0000
 -2.800E+02  1.016E+02  0.000E+00  0.0000
 -2.400E+02  1.016E+02  0.000E+00  0.0000
 -2.000E+02  1.016E+02  0.000E+00  0.0000
 -1.600E+02  1.016E+02  0.000E+00  0.0000
 -1.200E+02  1.016E+02  0.000E+00  0.0000
 -8.000E+01  1.016E+02  0.000E+00  0.0000
 -4.000E+01  1.016E+02  0.000E+00  0.0000
  0.000E+00  1.016E+02  0.000E+00  0.0000
  4.000E+01  1.016E+02  0.000E+00  0.0000
  8.000E+01  1.016E+02  0.000E+00  0.0000
  1.200E+02  1.016E+02  0.000E+00  0.0000
  1.600E+02  1.016E+02  0.000E+00  0.0000
  2.000E+02  1.016E+02  0.000E+00  0.0000
  2.400E+02  1.016E+02  0.000E+00  0.0000
  2.800E+02  1.016E+02  0.000E+00  0.0000
  3.200E+02  1.016E+02  0.000E+00  0.0000
  3.600E+02  1.016E+02  0.000E+00  0.0000
  4.000E+02  1.016E+02  0.000E+00  0.0000
  4.400E+02  1.016E+02  0.000E+00  0.0000
  4.800E+02  1.016E+02  0.000E+00  0.0000
  5.200E+02  1.016E+02  0.000E+00  0.0000
  5.600E+02  1.016E+02  0.000E+00  0.0000
  6.000E+02  1.016E+02  0.000E+00  0.0000
  6.400E+02  1.016E+02  0.000E+00  0.0000
  6.800E+02  1.016E+02  0.000E+00  0.0000
 -6.800E+02  1.410E+02  0.000E+00  0.0000
 -6.400E+02  1.410E+02  0.000E+00  0.0000
 -6.000E+02  1.410E+02  0.000E+00  0.0000
 -5.600E+02  1.410E+02  0.000E+00  0.0000
 -5.200E+02  1.410E+02  0.000E+00  0.0000
 -4.800E+02  1.410E+02  0.000E+00  0.0000
 -4.400E+02  1.410E+02  0.000E+00  0.0000
 -4.000E+02  1.410E+02  0.000E+00  0.0000
 -3.600E+02  1.410E+02  0.000E+00  0.0000
 -3.200E+02  1.410E+02  0.000E+00  0.0000
 -2.800E+02  1.410E+02  0.000E+00  0.0000
 -2.400E+02  1.410E+02  0.000E+00  0.0000
 -2.000E+02  1.410E+02  0.000E+00  0.0000
 -1.600E+02  1.410E+02  0.000E+00  0.0000
 -1.200E+02  1.410E+02  0.000E+00  0.0000
 -8.000E+01  1.410E+02  0.000E+00  0.0000
 -4.000E+01  1.410E+02  0.000E+00  0.0000
  0.000E+00  1.410E+02  0.000E+00  0.0000
  4.000E+01  1.410E+02  0.000E+00  0.0000
  8.000E+01  1.410E+02  0.000E+00  0.0000
  1.200E+02  1.410E+02  0.000E+00  0.0000
  1.600E+02  1.410E+02  0.000E+00  0.0000
  2.000E+02  1.410E+02  0.000E+00  0.0000
  2.400E+02  1.410E+02  0.000E+00  0.0000
  2.800E+02  1.410E+02  0.000E+00  0.0000
  3.200E+02  1.410E+02  0.000E+00  0.0000
  3.600E+02  1.410E+02  0.000E+00  0.0000
  4.000E+02  1.410E+02  0.000E+00  0.0000
  4.400E+02  1.410E+02  0.000E+00  0.0000
  4.800E+02  1.410E+02  0.000E+00  0.0000
  5.200E+02  1.410E+02  0.000E+00  0.0000
  5.600E+02  1.410E+02  0.000E+00  0.0000
  6.000E+02  1.410E+02  0.000E+00  0.0000
  6.400E+02  1.410E+02  0.000E+00  0.0000
  6.800E+02  1.410E+02  0.000E+00  0.0000
 -6.800E+02  1.803E+02  0.000E+00  0.0000
 -6.400E+02  1.803E+02  0.000E+00  0.0000
 -6.000E+02  1.803E+02  0.000E+00  0.0000
 -5.600E+02  1.803E+02  0.000E+00  0.0000
 -5.200E+02  1.803E+02  0.000E+00  0.0000
 -4.800E+02  1.803E+02  0.000E+00  0.0000
 -4.400E+02  1.803E+02  0.000E+00  0.0000
 -4.000E+02  1.803E+02  0.000E+00  0.0000
 -3.600E+02  1.803E+02  0.000E+00  0.0000
 -3.200E+02  1.803E+02  0.000E+00  0.0000
 -2.800E+02  1.803E+02  0.000E+00  0.0000
 -2.400E+02  1.803E+02  0.000E+00  0.0000
 -2.000E+02  1.803E+02  0.000E+00  0.0000
 -1.600E+02  1.803E+02  0.000E+00  0.0000
 -1.200E+02  1.803E+02  0.000E+00  0.0000
 -8.000E+01  1.803E+02  0.000E+00  0.0000
 -4.000E+01  1.803E+02  0.000E+00  0.0000
  0.000E+00  1.803E+02  0.000E+00  0.0000
  4.000E+01  1.803E+02  0.000E+00  0.0000
  8.000E+01  1.803E+02  0.000E+00  0.0000
  1.200E+02  1.803E+02  0.000E+00  0.0000
  1.600E+02  1.803E+02  0.000E+00  0.0000
  2.000E+02  1.803E+02  0.000E+00  0.0000
  2.400E+02  1.803E+02  0.000E+00  0.0000
  2.800E+02  1.803E+02  0.000E+00  0.0000
  3.200E+02  1.803E+02  0.000E+00  0.0000
  3.600E+02  1.803E+02  0.000E+00  0.0000
  4.000E+02  1.803E+02  0.000E+00  0.0000
  4.400E+02  1.803E+02  0.000E+00  0.0000
  4.800E+02  1.803E+02  0.000E+00  0.0000
  5.200E+02  1.803E+02  0.000E+00  0.0000
  5.600E+02  1.803E+02  0.000E+00  0.0000
  6.000E+02  1.803E+02  0.000E+00  0.0000
  6.400E+02  1.803E+02  0.000E+00  0.0000
  6.800E+02  1.803E+02  0.000E+00  0.0000

#------------------------------------------------------------------------------
 newpage:
#   no. =  7   ie  =  3   iy  =  1   part. = muon-   
#   e = (   1.0000E-01  -   2.0000E+01  )
#   y = (  -1.0000E+03  -   1.0000E+03  )
#  nx =  35   nz =  23

# x          z          flux       r.err
 -6.800E+02 -6.853E+02  4.947E-06  1.0000
 -6.400E+02 -6.853E+02  0.000E+00  0.0000
 -6.000E+02 -6.853E+02  9.888E-06  0.7070
 -5.600E+02 -6.853E+02  9.895E-06  0.7070
 -5.200E+02 -6.853E+02  4.947E-06  1.0000
 -4.800E+02 -6.853E+02  0.000E+00  0.0000
 -4.400E+02 -6.853E+02  0.000E+00  0.0000
 -4.000E+02 -6.853E+02  9.895E-06  0.7070
 -3.600E+02 -6.853E+02  4.947E-06  1.0000
 -3.200E+02 -6.853E+02  4.947E-06  1.0000
 -2.800E+02 -6.853E+02  0.000E+00  0.0000
 -2.400E+02 -6.853E+02  0.000E+00  0.0000
 -2.000E+02 -6.853E+02  9.895E-06  0.7070
 -1.600E+02 -6.853E+02  4.947E-06  1.0000
 -1.200E+02 -6.853E+02  4.947E-06  1.0000
 -8.000E+01 -6.853E+02  0.000E+00  0.0000
 -4.000E+01 -6.853E+02  4.947E-06  1.0000
  0.000E+00 -6.853E+02  0.000E+00  0.0000
  4.000E+01 -6.853E+02  4.947E-06  1.0000
  8.000E+01 -6.853E+02  0.000E+00  0.0000
  1.200E+02 -6.853E+02  4.947E-06  1.0000
  1.600E+02 -6.853E+02  4.947E-06  1.0000
  2.000E+02 -6.853E+02  4.947E-06  1.0000
  2.400E+02 -6.853E+02  4.947E-06  1.0000
  2.800E+02 -6.853E+02  4.947E-06  1.0000
  3.200E+02 -6.853E+02  0.000E+00  0.0000
  3.600E+02 -6.853E+02  2.139E-06  1.0000
  4.000E+02 -6.853E+02  4.947E-06  1.0000
  4.400E+02 -6.853E+02  0.000E+00  0.0000
  4.800E+02 -6.853E+02  9.895E-06  0.7070
  5.200E+02 -6.853E+02  1.979E-05  0.4998
  5.600E+02 -6.853E+02  9.895E-06  0.7070
  6.000E+02 -6.853E+02  0.000E+00  0.0000
  6.400E+02 -6.853E+02  9.895E-06  0.7070
  6.800E+02 -6.853E+02  0.000E+00  0.0000
 -6.800E+02 -6.460E+02  4.947E-06  1.0000
 -6.400E+02 -6.460E+02  4.947E-06  1.0000
 -6.000E+02 -6.460E+02  0.000E+00  0.0000
 -5.600E+02 -6.460E+02  0.000E+00  0.0000
 -5.200E+02 -6.460E+02  0.000E+00  0.0000
 -4.800E+02 -6.460E+02  4.947E-06  1.0000
 -4.400E+02 -6.460E+02  0.000E+00  0.0000
 -4.000E+02 -6.460E+02  0.000E+00  0.0000
 -3.600E+02 -6.460E+02  0.000E+00  0.0000
 -3.200E+02 -6.460E+02  4.947E-06  1.0000
 -2.800E+02 -6.460E+02  0.000E+00  0.0000
 -2.400E+02 -6.460E+02  4.947E-06  1.0000
 -2.000E+02 -6.460E+02  0.000E+00  0.0000
 -1.600E+02 -6.460E+02  0.000E+00  0.0000
 -1.200E+02 -6.460E+02  0.000E+00  0.0000
 -8.000E+01 -6.460E+02  4.947E-06  1.0000
 -4.000E+01 -6.460E+02  0.000E+00  0.0000
  0.000E+00 -6.460E+02  4.947E-06  1.0000
  4.000E+01 -6.460E+02  9.895E-06  0.7070
  8.000E+01 -6.460E+02  9.895E-06  0.7070
  1.200E+02 -6.460E+02  0.000E+00  0.0000
  1.600E+02 -6.460E+02  8.859E-07  1.0000
  2.000E+02 -6.460E+02  4.947E-06  1.0000
  2.400E+02 -6.460E+02  0.000E+00  0.0000
  2.800E+02 -6.460E+02  9.895E-06  0.7070
  3.200E+02 -6.460E+02  9.895E-06  0.7070
  3.600E+02 -6.460E+02  1.979E-05  0.4998
  4.000E+02 -6.460E+02  0.000E+00  0.0000
  4.400E+02 -6.460E+02  0.000E+00  0.0000
  4.800E+02 -6.460E+02  4.947E-06  1.0000
  5.200E+02 -6.460E+02  9.895E-06  0.7070
  5.600E+02 -6.460E+02  0.000E+00  0.0000
  6.000E+02 -6.460E+02  0.000E+00  0.0000
  6.400E+02 -6.460E+02  4.947E-06  1.0000
  6.800E+02 -6.460E+02  0.000E+00  0.0000
 -6.800E+02 -6.066E+02  4.947E-06  1.0000
 -6.400E+02 -6.066E+02  0.000E+00  0.0000
 -6.000E+02 -6.066E+02  0.000E+00  0.0000
 -5.600E+02 -6.066E+02  0.000E+00  0.0000
 -5.200E+02 -6.066E+02  4.947E-06  1.0000
 -4.800E+02 -6.066E+02  0.000E+00  0.0000
 -4.400E+02 -6.066E+02  9.895E-06  0.7070
 -4.000E+02 -6.066E+02  9.895E-06  0.7070
 -3.600E+02 -6.066E+02  0.000E+00  0.0000
 -3.200E+02 -6.066E+02  4.947E-06  1.0000
 -2.800E+02 -6.066E+02  9.895E-06  0.7070
 -2.400E+02 -6.066E+02  4.947E-06  1.0000
 -2.000E+02 -6.066E+02  1.484E-05  0.5772
 -1.600E+02 -6.066E+02  4.947E-06  1.0000
 -1.200E+02 -6.066E+02  9.895E-06  0.7070
 -8.000E+01 -6.066E+02  0.000E+00  0.0000
 -4.000E+01 -6.066E+02  0.000E+00  0.0000
  0.000E+00 -6.066E+02  0.000E+00  0.0000
  4.000E+01 -6.066E+02  0.000E+00  0.0000
  8.000E+01 -6.066E+02  9.895E-06  0.7070
  1.200E+02 -6.066E+02  8.532E-06  0.7160
  1.600E+02 -6.066E+02  1.396E-05  0.5796
  2.000E+02 -6.066E+02  9.895E-06  0.7070
  2.400E+02 -6.066E+02  0.000E+00  0.0000
  2.800E+02 -6.066E+02  1.979E-05  0.4998
  3.200E+02 -6.066E+02  0.000E+00  0.0000
  3.600E+02 -6.066E+02  9.895E-06  0.7070
  4.000E+02 -6.066E+02  4.947E-06  1.0000
  4.400E+02 -6.066E+02  0.000E+00  0.0000
  4.800E+02 -6.066E+02  0.000E+00  0.0000
  5.200E+02 -6.066E+02  0.000E+00  0.0000
  5.600E+02 -6.066E+02  4.947E-06  1.0000
  6.000E+02 -6.066E+02  0.000E+00  0.0000
  6.400E+02 -6.066E+02  0.000E+00  0.0000
  6.800E+02 -6.066E+02  0.000E+00  0.0000
 -6.800E+02 -5.673E+02  0.000E+00  0.0000
 -6.400E+02 -5.673E+02  8.184E-06  0.7223
 -6.000E+02 -5.673E+02  0.000E+00  0.0000
 -5.600E+02 -5.673E+02  1.484E-05  0.5772
 -5.200E+02 -5.673E+02  0.000E+00  0.0000
 -4.800E+02 -5.673E+02  0.000E+00  0.0000
 -4.400E+02 -5.673E+02  4.947E-06  1.0000
 -4.000E+02 -5.673E+02  9.895E-06  0.7070
 -3.600E+02 -5.673E+02  0.000E+00  0.0000
 -3.200E+02 -5.673E+02  0.000E+00  0.0000
 -2.800E+02 -5.673E+02  0.000E+00  0.0000
 -2.400E+02 -5.673E+02  0.000E+00  0.0000
 -2.000E+02 -5.673E+02  4.947E-06  1.0000
 -1.600E+02 -5.673E+02  2.474E-05  0.4470
 -1.200E+02 -5.673E+02  9.895E-06  0.7070
 -8.000E+01 -5.673E+02  0.000E+00  0.0000
 -4.000E+01 -5.673E+02  0.000E+00  0.0000
  0.000E+00 -5.673E+02  4.947E-06  1.0000
  4.000E+01 -5.673E+02  1.484E-05  0.5772
  8.000E+01 -5.673E+02  0.000E+00  0.0000
  1.200E+02 -5.673E+02  1.363E-06  1.0000
  1.600E+02 -5.673E+02  4.947E-06  1.0000
  2.000E+02 -5.673E+02  4.875E-07  1.0000
  2.400E+02 -5.673E+02  9.407E-06  0.7080
  2.800E+02 -5.673E+02  0.000E+00  0.0000
  3.200E+02 -5.673E+02  4.947E-06  1.0000
  3.600E+02 -5.673E+02  1.753E-05  0.5121
  4.000E+02 -5.673E+02  0.000E+00  0.0000
  4.400E+02 -5.673E+02  9.895E-06  0.7070
  4.800E+02 -5.673E+02  0.000E+00  0.0000
  5.200E+02 -5.673E+02  4.309E-06  1.0000
  5.600E+02 -5.673E+02  4.947E-06  1.0000
  6.000E+02 -5.673E+02  0.000E+00  0.0000
  6.400E+02 -5.673E+02  4.947E-06  1.0000
  6.800E+02 -5.673E+02  0.000E+00  0.0000
 -6.800E+02 -5.279E+02  4.947E-06  1.0000
 -6.400E+02 -5.279E+02  1.710E-06  1.0000
 -6.000E+02 -5.279E+02  4.947E-06  1.0000
 -5.600E+02 -5.279E+02  0.000E+00  0.0000
 -5.200E+02 -5.279E+02  0.000E+00  0.0000
 -4.800E+02 -5.279E+02  4.947E-06  1.0000
 -4.400E+02 -5.279E+02  4.947E-06  1.0000
 -4.000E+02 -5.279E+02  0.000E+00  0.0000
 -3.600E+02 -5.279E+02  0.000E+00  0.0000
 -3.200E+02 -5.279E+02  4.947E-06  1.0000
 -2.800E+02 -5.279E+02  0.000E+00  0.0000
 -2.400E+02 -5.279E+02  0.000E+00  0.0000
 -2.000E+02 -5.279E+02  0.000E+00  0.0000
 -1.600E+02 -5.279E+02  4.947E-06  1.0000
 -1.200E+02 -5.279E+02  0.000E+00  0.0000
 -8.000E+01 -5.279E+02  9.895E-06  0.7070
 -4.000E+01 -5.279E+02  0.000E+00  0.0000
  0.000E+00 -5.279E+02  1.484E-05  0.5772
  4.000E+01 -5.279E+02  1.484E-05  0.5772
  8.000E+01 -5.279E+02  4.947E-06  1.0000
  1.200E+02 -5.279E+02  4.947E-06  1.0000
  1.600E+02 -5.279E+02  9.895E-06  0.7070
  2.000E+02 -5.279E+02  1.484E-05  0.5772
  2.400E+02 -5.279E+02  4.947E-06  1.0000
  2.800E+02 -5.279E+02  0.000E+00  0.0000
  3.200E+02 -5.279E+02  4.947E-06  1.0000
  3.600E+02 -5.279E+02  1.215E-05  0.6050
  4.000E+02 -5.279E+02  0.000E+00  0.0000
  4.400E+02 -5.279E+02  9.895E-06  0.7070
  4.800E+02 -5.279E+02  0.000E+00  0.0000
  5.200E+02 -5.279E+02  5.585E-06  0.8931
  5.600E+02 -5.279E+02  0.000E+00  0.0000
  6.000E+02 -5.279E+02  9.895E-06  0.7070
  6.400E+02 -5.279E+02  4.947E-06  1.0000
  6.800E+02 -5.279E+02  9.895E-06  0.7070
 -6.800E+02 -4.886E+02  4.947E-06  1.0000
 -6.400E+02 -4.886E+02  9.895E-06  0.7070
 -6.000E+02 -4.886E+02  9.895E-06  0.7070
 -5.600E+02 -4.886E+02  4.947E-06  1.0000
 -5.200E+02 -4.886E+02  9.895E-06  0.7070
 -4.800E+02 -4.886E+02  9.895E-06  0.7070
 -4.400E+02 -4.886E+02  4.947E-06  1.0000
 -4.000E+02 -4.886E+02  0.000E+00  0.0000
 -3.600E+02 -4.886E+02  0.000E+00  0.0000
 -3.200E+02 -4.886E+02  9.895E-06  0.7070
 -2.800E+02 -4.886E+02  4.947E-06  1.0000
 -2.400E+02 -4.886E+02  4.947E-06  1.0000
 -2.000E+02 -4.886E+02  0.000E+00  0.0000
 -1.600E+02 -4.886E+02  9.895E-06  0.7070
 -1.200E+02 -4.886E+02  4.947E-06  1.0000
 -8.000E+01 -4.886E+02  9.895E-06  0.7070
 -4.000E+01 -4.886E+02  0.000E+00  0.0000
  0.000E+00 -4.886E+02  3.487E-06  1.0000
  4.000E+01 -4.886E+02  1.805E-05  0.5025
  8.000E+01 -4.886E+02  6.202E-06  0.8229
  1.200E+02 -4.886E+02  0.000E+00  0.0000
  1.600E+02 -4.886E+02  0.000E+00  0.0000
  2.000E+02 -4.886E+02  0.000E+00  0.0000
  2.400E+02 -4.886E+02  4.947E-06  1.0000
  2.800E+02 -4.886E+02  4.947E-06  1.0000
  3.200E+02 -4.886E+02  9.895E-06  0.7070
  3.600E+02 -4.886E+02  9.895E-06  0.7070
  4.000E+02 -4.886E+02  4.947E-06  1.0000
  4.400E+02 -4.886E+02  0.000E+00  0.0000
  4.800E+02 -4.886E+02  0.000E+00  0.0000
  5.200E+02 -4.886E+02  1.484E-05  0.5772
  5.600E+02 -4.886E+02  4.947E-06  1.0000
  6.000E+02 -4.886E+02  4.947E-06  1.0000
  6.400E+02 -4.886E+02  4.947E-06  1.0000
  6.800E+02 -4.886E+02  0.000E+00  0.0000
 -6.800E+02 -4.492E+02  9.895E-06  0.7070
 -6.400E+02 -4.492E+02  9.895E-06  0.7070
 -6.000E+02 -4.492E+02  0.000E+00  0.0000
 -5.600E+02 -4.492E+02  1.352E-05  0.5827
 -5.200E+02 -4.492E+02  4.947E-06  1.0000
 -4.800E+02 -4.492E+02  0.000E+00  0.0000
 -4.400E+02 -4.492E+02  7.281E-06  0.7512
 -4.000E+02 -4.492E+02  0.000E+00  0.0000
 -3.600E+02 -4.492E+02  1.979E-05  0.4998
 -3.200E+02 -4.492E+02  0.000E+00  0.0000
 -2.800E+02 -4.492E+02  0.000E+00  0.0000
 -2.400E+02 -4.492E+02  0.000E+00  0.0000
 -2.000E+02 -4.492E+02  0.000E+00  0.0000
 -1.600E+02 -4.492E+02  4.947E-06  1.0000
 -1.200E+02 -4.492E+02  4.947E-06  1.0000
 -8.000E+01 -4.492E+02  9.895E-06  0.7070
 -4.000E+01 -4.492E+02  0.000E+00  0.0000
  0.000E+00 -4.492E+02  1.630E-05  0.5331
  4.000E+01 -4.492E+02  1.658E-05  0.5223
  8.000E+01 -4.492E+02  1.359E-05  0.5821
  1.200E+02 -4.492E+02  4.947E-06  1.0000
  1.600E+02 -4.492E+02  4.947E-06  1.0000
  2.000E+02 -4.492E+02  4.947E-06  1.0000
  2.400E+02 -4.492E+02  0.000E+00  0.0000
  2.800E+02 -4.492E+02  4.947E-06  1.0000
  3.200E+02 -4.492E+02  4.947E-06  1.0000
  3.600E+02 -4.492E+02  0.000E+00  0.0000
  4.000E+02 -4.492E+02  9.895E-06  0.7070
  4.400E+02 -4.492E+02  4.947E-06  1.0000
  4.800E+02 -4.492E+02  0.000E+00  0.0000
  5.200E+02 -4.492E+02  0.000E+00  0.0000
  5.600E+02 -4.492E+02  0.000E+00  0.0000
  6.000E+02 -4.492E+02  4.947E-06  1.0000
  6.400E+02 -4.492E+02  0.000E+00  0.0000
  6.800E+02 -4.492E+02  0.000E+00  0.0000
 -6.800E+02 -4.099E+02  4.947E-06  1.0000
 -6.400E+02 -4.099E+02  9.895E-06  0.7070
 -6.000E+02 -4.099E+02  9.895E-06  0.7070
 -5.600E+02 -4.099E+02  1.323E-06  1.0000
 -5.200E+02 -4.099E+02  4.947E-06  1.0000
 -4.800E+02 -4.099E+02  9.895E-06  0.7070
 -4.400E+02 -4.099E+02  1.251E-05  0.5970
 -4.000E+02 -4.099E+02  4.947E-06  1.0000
 -3.600E+02 -4.099E+02  0.000E+00  0.0000
 -3.200E+02 -4.099E+02  0.000E+00  0.0000
 -2.800E+02 -4.099E+02  9.895E-06  0.7070
 -2.400E+02 -4.099E+02  1.484E-05  0.5772
 -2.000E+02 -4.099E+02  0.000E+00  0.0000
 -1.600E+02 -4.099E+02  4.947E-06  1.0000
 -1.200E+02 -4.099E+02  9.895E-06  0.7070
 -8.000E+01 -4.099E+02  0.000E+00  0.0000
 -4.000E+01 -4.099E+02  0.000E+00  0.0000
  0.000E+00 -4.099E+02  0.000E+00  0.0000
  4.000E+01 -4.099E+02  1.484E-05  0.5772
  8.000E+01 -4.099E+02  0.000E+00  0.0000
  1.200E+02 -4.099E+02  4.947E-06  1.0000
  1.600E+02 -4.099E+02  9.895E-06  0.7070
  2.000E+02 -4.099E+02  4.947E-06  1.0000
  2.400E+02 -4.099E+02  0.000E+00  0.0000
  2.800E+02 -4.099E+02  1.520E-05  0.5642
  3.200E+02 -4.099E+02  4.947E-06  1.0000
  3.600E+02 -4.099E+02  1.484E-05  0.5772
  4.000E+02 -4.099E+02  1.484E-05  0.5772
  4.400E+02 -4.099E+02  1.484E-05  0.5772
  4.800E+02 -4.099E+02  1.484E-05  0.5772
  5.200E+02 -4.099E+02  9.895E-06  0.7070
  5.600E+02 -4.099E+02  4.947E-06  1.0000
  6.000E+02 -4.099E+02  9.895E-06  0.7070
  6.400E+02 -4.099E+02  4.947E-06  1.0000
  6.800E+02 -4.099E+02  4.947E-06  1.0000
 -6.800E+02 -3.705E+02  9.895E-06  0.7070
 -6.400E+02 -3.705E+02  4.947E-06  1.0000
 -6.000E+02 -3.705E+02  0.000E+00  0.0000
 -5.600E+02 -3.705E+02  0.000E+00  0.0000
 -5.200E+02 -3.705E+02  4.947E-06  1.0000
 -4.800E+02 -3.705E+02  0.000E+00  0.0000
 -4.400E+02 -3.705E+02  0.000E+00  0.0000
 -4.000E+02 -3.705E+02  2.474E-05  0.4470
 -3.600E+02 -3.705E+02  0.000E+00  0.0000
 -3.200E+02 -3.705E+02  0.000E+00  0.0000
 -2.800E+02 -3.705E+02  1.484E-05  0.5772
 -2.400E+02 -3.705E+02  0.000E+00  0.0000
 -2.000E+02 -3.705E+02  0.000E+00  0.0000
 -1.600E+02 -3.705E+02  9.895E-06  0.7070
 -1.200E+02 -3.705E+02  0.000E+00  0.0000
 -8.000E+01 -3.705E+02  0.000E+00  0.0000
 -4.000E+01 -3.705E+02  0.000E+00  0.0000
  0.000E+00 -3.705E+02  0.000E+00  0.0000
  4.000E+01 -3.705E+02  0.000E+00  0.0000
  8.000E+01 -3.705E+02  0.000E+00  0.0000
  1.200E+02 -3.705E+02  0.000E+00  0.0000
  1.600E+02 -3.705E+02  0.000E+00  0.0000
  2.000E+02 -3.705E+02  1.979E-05  0.4998
  2.400E+02 -3.705E+02  0.000E+00  0.0000
  2.800E+02 -3.705E+02  3.341E-06  1.0000
  3.200E+02 -3.705E+02  1.252E-06  1.0000
  3.600E+02 -3.705E+02  1.979E-05  0.4998
  4.000E+02 -3.705E+02  4.947E-06  1.0000
  4.400E+02 -3.705E+02  0.000E+00  0.0000
  4.800E+02 -3.705E+02  0.000E+00  0.0000
  5.200E+02 -3.705E+02  1.484E-05  0.5772
  5.600E+02 -3.705E+02  4.947E-06  1.0000
  6.000E+02 -3.705E+02  9.895E-06  0.7070
  6.400E+02 -3.705E+02  4.947E-06  1.0000
  6.800E+02 -3.705E+02  0.000E+00  0.0000
 -6.800E+02 -3.312E+02  9.895E-06  0.7070
 -6.400E+02 -3.312E+02  1.484E-05  0.5772
 -6.000E+02 -3.312E+02  0.000E+00  0.0000
 -5.600E+02 -3.312E+02  0.000E+00  0.0000
 -5.200E+02 -3.312E+02  9.895E-06  0.7070
 -4.800E+02 -3.312E+02  9.895E-06  0.7070
 -4.400E+02 -3.312E+02  9.450E-06  0.6287
 -4.000E+02 -3.312E+02  0.000E+00  0.0000
 -3.600E+02 -3.312E+02  4.947E-06  1.0000
 -3.200E+02 -3.312E+02  4.947E-06  1.0000
 -2.800E+02 -3.312E+02  9.895E-06  0.7070
 -2.400E+02 -3.312E+02  9.895E-06  0.7070
 -2.000E+02 -3.312E+02  4.947E-06  1.0000
 -1.600E+02 -3.312E+02  0.000E+00  0.0000
 -1.200E+02 -3.312E+02  0.000E+00  0.0000
 -8.000E+01 -3.312E+02  0.000E+00  0.0000
 -4.000E+01 -3.312E+02  0.000E+00  0.0000
  0.000E+00 -3.312E+02  0.000E+00  0.0000
  4.000E+01 -3.312E+02  0.000E+00  0.0000
  8.000E+01 -3.312E+02  0.000E+00  0.0000
  1.200E+02 -3.312E+02  0.000E+00  0.0000
  1.600E+02 -3.312E+02  9.895E-06  0.7070
  2.000E+02 -3.312E+02  0.000E+00  0.0000
  2.400E+02 -3.312E+02  4.947E-06  1.0000
  2.800E+02 -3.312E+02  8.549E-06  0.7157
  3.200E+02 -3.312E+02  1.619E-05  0.5357
  3.600E+02 -3.312E+02  4.947E-06  1.0000
  4.000E+02 -3.312E+02  4.947E-06  1.0000
  4.400E+02 -3.312E+02  0.000E+00  0.0000
  4.800E+02 -3.312E+02  1.484E-05  0.5772
  5.200E+02 -3.312E+02  9.895E-06  0.7070
  5.600E+02 -3.312E+02  4.947E-06  1.0000
  6.000E+02 -3.312E+02  1.484E-05  0.5772
  6.400E+02 -3.312E+02  0.000E+00  0.0000
  6.800E+02 -3.312E+02  0.000E+00  0.0000
 -6.800E+02 -2.918E+02  4.947E-06  1.0000
 -6.400E+02 -2.918E+02  4.947E-06  1.0000
 -6.000E+02 -2.918E+02  4.947E-06  1.0000
 -5.600E+02 -2.918E+02  4.947E-06  1.0000
 -5.200E+02 -2.918E+02  9.895E-06  0.7070
 -4.800E+02 -2.918E+02  9.895E-06  0.7070
 -4.400E+02 -2.918E+02  1.034E-05  0.6094
 -4.000E+02 -2.918E+02  9.895E-06  0.7070
 -3.600E+02 -2.918E+02  4.947E-06  1.0000
 -3.200E+02 -2.918E+02  4.947E-06  1.0000
 -2.800E+02 -2.918E+02  1.484E-05  0.5772
 -2.400E+02 -2.918E+02  4.947E-06  1.0000
 -2.000E+02 -2.918E+02  0.000E+00  0.0000
 -1.600E+02 -2.918E+02  0.000E+00  0.0000
 -1.200E+02 -2.918E+02  0.000E+00  0.0000
 -8.000E+01 -2.918E+02  0.000E+00  0.0000
 -4.000E+01 -2.918E+02  0.000E+00  0.0000
  0.000E+00 -2.918E+02  0.000E+00  0.0000
  4.000E+01 -2.918E+02  0.000E+00  0.0000
  8.000E+01 -2.918E+02  0.000E+00  0.0000
  1.200E+02 -2.918E+02  0.000E+00  0.0000
  1.600E+02 -2.918E+02  1.484E-05  0.5772
  2.000E+02 -2.918E+02  0.000E+00  0.0000
  2.400E+02 -2.918E+02  1.484E-05  0.5772
  2.800E+02 -2.918E+02  1.484E-05  0.5772
  3.200E+02 -2.918E+02  1.484E-05  0.5772
  3.600E+02 -2.918E+02  9.895E-06  0.7070
  4.000E+02 -2.918E+02  9.895E-06  0.7070
  4.400E+02 -2.918E+02  9.895E-06  0.7070
  4.800E+02 -2.918E+02  0.000E+00  0.0000
  5.200E+02 -2.918E+02  0.000E+00  0.0000
  5.600E+02 -2.918E+02  4.947E-06  1.0000
  6.000E+02 -2.918E+02  1.979E-05  0.4998
  6.400E+02 -2.918E+02  9.895E-06  0.7070
  6.800E+02 -2.918E+02  1.484E-05  0.5772
 -6.800E+02 -2.525E+02  2.474E-05  0.4470
 -6.400E+02 -2.525E+02  9.895E-06  0.7070
 -6.000E+02 -2.525E+02  0.000E+00  0.0000
 -5.600E+02 -2.525E+02  4.947E-06  1.0000
 -5.200E+02 -2.525E+02  1.979E-05  0.4998
 -4.800E+02 -2.525E+02  4.947E-06  1.0000
 -4.400E+02 -2.525E+02  4.947E-06  1.0000
 -4.000E+02 -2.525E+02  0.000E+00  0.0000
 -3.600E+02 -2.525E+02  0.000E+00  0.0000
 -3.200E+02 -2.525E+02  1.267E-05  0.5940
 -2.800E+02 -2.525E+02  1.125E-05  0.6336
 -2.400E+02 -2.525E+02  4.947E-06  1.0000
 -2.000E+02 -2.525E+02  4.750E-06  1.0000
 -1.600E+02 -2.525E+02  1.995E-06  0.9063
 -1.200E+02 -2.525E+02  0.000E+00  0.0000
 -8.000E+01 -2.525E+02  0.000E+00  0.0000
 -4.000E+01 -2.525E+02  0.000E+00  0.0000
  0.000E+00 -2.525E+02  0.000E+00  0.0000
  4.000E+01 -2.525E+02  0.000E+00  0.0000
  8.000E+01 -2.525E+02  0.000E+00  0.0000
  1.200E+02 -2.525E+02  0.000E+00  0.0000
  1.600E+02 -2.525E+02  0.000E+00  0.0000
  2.000E+02 -2.525E+02  4.947E-06  1.0000
  2.400E+02 -2.525E+02  0.000E+00  0.0000
  2.800E+02 -2.525E+02  0.000E+00  0.0000
  3.200E+02 -2.525E+02  9.895E-06  0.7070
  3.600E+02 -2.525E+02  4.947E-06  1.0000
  4.000E+02 -2.525E+02  1.484E-05  0.5772
  4.400E+02 -2.525E+02  4.947E-06  1.0000
  4.800E+02 -2.525E+02  9.895E-06  0.7070
  5.200E+02 -2.525E+02  1.484E-05  0.5772
  5.600E+02 -2.525E+02  0.000E+00  0.0000
  6.000E+02 -2.525E+02  4.947E-06  1.0000
  6.400E+02 -2.525E+02  1.484E-05  0.5772
  6.800E+02 -2.525E+02  1.484E-05  0.5772
 -6.800E+02 -2.132E+02  1.484E-05  0.5772
 -6.400E+02 -2.132E+02  9.895E-06  0.7070
 -6.000E+02 -2.132E+02  1.484E-05  0.5772
 -5.600E+02 -2.132E+02  4.947E-06  1.0000
 -5.200E+02 -2.132E+02  1.484E-05  0.5772
 -4.800E+02 -2.132E+02  9.895E-06  0.7070
 -4.400E+02 -2.132E+02  1.484E-05  0.5772
 -4.000E+02 -2.132E+02  4.947E-06  1.0000
 -3.600E+02 -2.132E+02  0.000E+00  0.0000
 -3.200E+02 -2.132E+02  2.171E-06  1.0000
 -2.800E+02 -2.132E+02  1.349E-05  0.5830
 -2.400E+02 -2.132E+02  1.484E-05  0.5772
 -2.000E+02 -2.132E+02  9.895E-06  0.7070
 -1.600E+02 -2.132E+02  8.098E-06  0.7242
 -1.200E+02 -2.132E+02  0.000E+00  0.0000
 -8.000E+01 -2.132E+02  0.000E+00  0.0000
 -4.000E+01 -2.132E+02  0.000E+00  0.0000
  0.000E+00 -2.132E+02  0.000E+00  0.0000
  4.000E+01 -2.132E+02  0.000E+00  0.0000
  8.000E+01 -2.132E+02  0.000E+00  0.0000
  1.200E+02 -2.132E+02  0.000E+00  0.0000
  1.600E+02 -2.132E+02  0.000E+00  0.0000
  2.000E+02 -2.132E+02  9.895E-06  0.7070
  2.400E+02 -2.132E+02  9.895E-06  0.7070
  2.800E+02 -2.132E+02  6.674E-06  0.7850
  3.200E+02 -2.132E+02  4.947E-06  1.0000
  3.600E+02 -2.132E+02  4.947E-06  1.0000
  4.000E+02 -2.132E+02  4.947E-06  1.0000
  4.400E+02 -2.132E+02  4.947E-06  1.0000
  4.800E+02 -2.132E+02  0.000E+00  0.0000
  5.200E+02 -2.132E+02  4.947E-06  1.0000
  5.600E+02 -2.132E+02  4.947E-06  1.0000
  6.000E+02 -2.132E+02  9.895E-06  0.7070
  6.400E+02 -2.132E+02  1.484E-05  0.5772
  6.800E+02 -2.132E+02  1.484E-05  0.5772
 -6.800E+02 -1.738E+02  4.947E-06  1.0000
 -6.400E+02 -1.738E+02  0.000E+00  0.0000
 -6.000E+02 -1.738E+02  4.947E-06  1.0000
 -5.600E+02 -1.738E+02  0.000E+00  0.0000
 -5.200E+02 -1.738E+02  1.979E-05  0.4998
 -4.800E+02 -1.738E+02  0.000E+00  0.0000
 -4.400E+02 -1.738E+02  0.000E+00  0.0000
 -4.000E+02 -1.738E+02  9.895E-06  0.7070
 -3.600E+02 -1.738E+02  1.484E-05  0.5772
 -3.200E+02 -1.738E+02  0.000E+00  0.0000
 -2.800E+02 -1.738E+02  9.895E-06  0.7070
 -2.400E+02 -1.738E+02  1.484E-05  0.5772
 -2.000E+02 -1.738E+02  8.060E-06  0.7251
 -1.600E+02 -1.738E+02  1.834E-06  1.0000
 -1.200E+02 -1.738E+02  0.000E+00  0.0000
 -8.000E+01 -1.738E+02  0.000E+00  0.0000
 -4.000E+01 -1.738E+02  0.000E+00  0.0000
  0.000E+00 -1.738E+02  0.000E+00  0.0000
  4.000E+01 -1.738E+02  0.000E+00  0.0000
  8.000E+01 -1.738E+02  0.000E+00  0.0000
  1.200E+02 -1.738E+02  0.000E+00  0.0000
  1.600E+02 -1.738E+02  1.484E-05  0.5772
  2.000E+02 -1.738E+02  0.000E+00  0.0000
  2.400E+02 -1.738E+02  4.947E-06  1.0000
  2.800E+02 -1.738E+02  1.806E-05  0.5067
  3.200E+02 -1.738E+02  9.895E-06  0.7070
  3.600E+02 -1.738E+02  4.947E-06  1.0000
  4.000E+02 -1.738E+02  7.560E-06  0.7400
  4.400E+02 -1.738E+02  2.194E-05  0.4592
  4.800E+02 -1.738E+02  4.947E-06  1.0000
  5.200E+02 -1.738E+02  4.947E-06  1.0000
  5.600E+02 -1.738E+02  4.947E-06  1.0000
  6.000E+02 -1.738E+02  1.979E-05  0.4998
  6.400E+02 -1.738E+02  1.484E-05  0.5772
  6.800E+02 -1.738E+02  9.895E-06  0.7070
 -6.800E+02 -1.345E+02  9.040E-06  0.7102
 -6.400E+02 -1.345E+02  1.075E-05  0.6556
 -6.000E+02 -1.345E+02  4.947E-06  1.0000
 -5.600E+02 -1.345E+02  0.000E+00  0.0000
 -5.200E+02 -1.345E+02  4.947E-06  1.0000
 -4.800E+02 -1.345E+02  9.895E-06  0.7070
 -4.400E+02 -1.345E+02  4.947E-06  1.0000
 -4.000E+02 -1.345E+02  9.380E-06  0.7081
 -3.600E+02 -1.345E+02  9.895E-06  0.7070
 -3.200E+02 -1.345E+02  4.947E-06  1.0000
 -2.800E+02 -1.345E+02  4.947E-06  1.0000
 -2.400E+02 -1.345E+02  4.947E-06  1.0000
 -2.000E+02 -1.345E+02  0.000E+00  0.0000
 -1.600E+02 -1.345E+02  0.000E+00  0.0000
 -1.200E+02 -1.345E+02  0.000E+00  0.0000
 -8.000E+01 -1.345E+02  0.000E+00  0.0000
 -4.000E+01 -1.345E+02  0.000E+00  0.0000
  0.000E+00 -1.345E+02  0.000E+00  0.0000
  4.000E+01 -1.345E+02  0.000E+00  0.0000
  8.000E+01 -1.345E+02  0.000E+00  0.0000
  1.200E+02 -1.345E+02  0.000E+00  0.0000
  1.600E+02 -1.345E+02  4.947E-06  1.0000
  2.000E+02 -1.345E+02  4.947E-06  1.0000
  2.400E+02 -1.345E+02  2.474E-05  0.4470
  2.800E+02 -1.345E+02  9.895E-06  0.7070
  3.200E+02 -1.345E+02  9.895E-06  0.7070
  3.600E+02 -1.345E+02  0.000E+00  0.0000
  4.000E+02 -1.345E+02  2.968E-05  0.4080
  4.400E+02 -1.345E+02  1.008E-05  0.6945
  4.800E+02 -1.345E+02  4.947E-06  1.0000
  5.200E+02 -1.345E+02  1.979E-05  0.4998
  5.600E+02 -1.345E+02  2.474E-05  0.4470
  6.000E+02 -1.345E+02  4.947E-06  1.0000
  6.400E+02 -1.345E+02  9.895E-06  0.7070
  6.800E+02 -1.345E+02  4.947E-06  1.0000
 -6.800E+02 -9.511E+01  4.947E-06  1.0000
 -6.400E+02 -9.511E+01  1.979E-05  0.4998
 -6.000E+02 -9.511E+01  9.895E-06  0.7070
 -5.600E+02 -9.511E+01  4.947E-06  1.0000
 -5.200E+02 -9.511E+01  9.895E-06  0.7070
 -4.800E+02 -9.511E+01  1.484E-05  0.5772
 -4.400E+02 -9.511E+01  9.895E-06  0.7070
 -4.000E+02 -9.511E+01  2.030E-05  0.4878
 -3.600E+02 -9.511E+01  4.947E-06  1.0000
 -3.200E+02 -9.511E+01  4.947E-06  1.0000
 -2.800E+02 -9.511E+01  1.484E-05  0.5772
 -2.400E+02 -9.511E+01  9.895E-06  0.7070
 -2.000E+02 -9.511E+01  1.484E-05  0.5772
 -1.600E+02 -9.511E+01  4.947E-06  1.0000
 -1.200E+02 -9.511E+01  4.947E-06  1.0000
 -8.000E+01 -9.511E+01  9.895E-06  0.7070
 -4.000E+01 -9.511E+01  4.947E-06  1.0000
  0.000E+00 -9.511E+01  4.947E-06  1.0000
  4.000E+01 -9.511E+01  4.947E-06  1.0000
  8.000E+01 -9.511E+01  0.000E+00  0.0000
  1.200E+02 -9.511E+01  9.895E-06  0.7070
  1.600E+02 -9.511E+01  4.947E-06  1.0000
  2.000E+02 -9.511E+01  1.484E-05  0.5772
  2.400E+02 -9.511E+01  9.895E-06  0.7070
  2.800E+02 -9.511E+01  0.000E+00  0.0000
  3.200E+02 -9.511E+01  4.947E-06  1.0000
  3.600E+02 -9.511E+01  1.484E-05  0.5772
  4.000E+02 -9.511E+01  9.895E-06  0.7070
  4.400E+02 -9.511E+01  1.484E-05  0.5772
  4.800E+02 -9.511E+01  4.947E-06  1.0000
  5.200E+02 -9.511E+01  1.484E-05  0.5772
  5.600E+02 -9.511E+01  1.484E-05  0.5772
  6.000E+02 -9.511E+01  1.484E-05  0.5772
  6.400E+02 -9.511E+01  1.484E-05  0.5772
  6.800E+02 -9.511E+01  0.000E+00  0.0000
 -6.800E+02 -5.576E+01  1.376E-05  0.5808
 -6.400E+02 -5.576E+01  1.823E-05  0.5053
 -6.000E+02 -5.576E+01  9.895E-06  0.7070
 -5.600E+02 -5.576E+01  0.000E+00  0.0000
 -5.200E+02 -5.576E+01  9.895E-06  0.7070
 -4.800E+02 -5.576E+01  6.372E-07  1.0000
 -4.400E+02 -5.576E+01  9.895E-06  0.7070
 -4.000E+02 -5.576E+01  0.000E+00  0.0000
 -3.600E+02 -5.576E+01  4.947E-06  1.0000
 -3.200E+02 -5.576E+01  1.700E-05  0.5196
 -2.800E+02 -5.576E+01  4.947E-06  1.0000
 -2.400E+02 -5.576E+01  0.000E+00  0.0000
 -2.000E+02 -5.576E+01  9.895E-06  0.7070
 -1.600E+02 -5.576E+01  4.947E-06  1.0000
 -1.200E+02 -5.576E+01  4.947E-06  1.0000
 -8.000E+01 -5.576E+01  1.979E-05  0.4998
 -4.000E+01 -5.576E+01  6.591E-06  0.7909
  0.000E+00 -5.576E+01  4.947E-06  1.0000
  4.000E+01 -5.576E+01  4.947E-06  1.0000
  8.000E+01 -5.576E+01  4.947E-06  1.0000
  1.200E+02 -5.576E+01  4.947E-06  1.0000
  1.600E+02 -5.576E+01  9.895E-06  0.7070
  2.000E+02 -5.576E+01  9.895E-06  0.7070
  2.400E+02 -5.576E+01  1.484E-05  0.5772
  2.800E+02 -5.576E+01  9.895E-06  0.7070
  3.200E+02 -5.576E+01  1.484E-05  0.5772
  3.600E+02 -5.576E+01  1.484E-05  0.5772
  4.000E+02 -5.576E+01  1.979E-05  0.4998
  4.400E+02 -5.576E+01  4.947E-06  1.0000
  4.800E+02 -5.576E+01  9.895E-06  0.7070
  5.200E+02 -5.576E+01  9.895E-06  0.7070
  5.600E+02 -5.576E+01  4.947E-06  1.0000
  6.000E+02 -5.576E+01  9.895E-06  0.7070
  6.400E+02 -5.576E+01  9.895E-06  0.7070
  6.800E+02 -5.576E+01  1.484E-05  0.5772
 -6.800E+02 -1.641E+01  1.098E-05  0.6448
 -6.400E+02 -1.641E+01  6.508E-06  0.7971
 -6.000E+02 -1.641E+01  0.000E+00  0.0000
 -5.600E+02 -1.641E+01  9.895E-06  0.7070
 -5.200E+02 -1.641E+01  1.484E-05  0.5772
 -4.800E+02 -1.641E+01  9.257E-06  0.7087
 -4.400E+02 -1.641E+01  0.000E+00  0.0000
 -4.000E+02 -1.641E+01  1.484E-05  0.5772
 -3.600E+02 -1.641E+01  9.895E-06  0.7070
 -3.200E+02 -1.641E+01  2.786E-06  1.0000
 -2.800E+02 -1.641E+01  9.895E-06  0.7070
 -2.400E+02 -1.641E+01  1.484E-05  0.5772
 -2.000E+02 -1.641E+01  4.947E-06  1.0000
 -1.600E+02 -1.641E+01  9.895E-06  0.7070
 -1.200E+02 -1.641E+01  0.000E+00  0.0000
 -8.000E+01 -1.641E+01  0.000E+00  0.0000
 -4.000E+01 -1.641E+01  3.495E-05  0.5478
  0.000E+00 -1.641E+01  1.484E-05  0.5772
  4.000E+01 -1.641E+01  4.947E-06  1.0000
  8.000E+01 -1.641E+01  4.947E-06  1.0000
  1.200E+02 -1.641E+01  9.895E-06  0.7070
  1.600E+02 -1.641E+01  2.474E-05  0.4470
  2.000E+02 -1.641E+01  4.947E-06  1.0000
  2.400E+02 -1.641E+01  4.947E-06  1.0000
  2.800E+02 -1.641E+01  1.979E-05  0.4998
  3.200E+02 -1.641E+01  2.474E-05  0.4470
  3.600E+02 -1.641E+01  5.197E-06  0.9532
  4.000E+02 -1.641E+01  4.698E-06  1.0000
  4.400E+02 -1.641E+01  0.000E+00  0.0000
  4.800E+02 -1.641E+01  1.979E-05  0.4998
  5.200E+02 -1.641E+01  1.979E-05  0.4998
  5.600E+02 -1.641E+01  9.895E-06  0.7070
  6.000E+02 -1.641E+01  0.000E+00  0.0000
  6.400E+02 -1.641E+01  4.947E-06  1.0000
  6.800E+02 -1.641E+01  1.027E-05  0.6824
 -6.800E+02  2.293E+01  0.000E+00  0.0000
 -6.400E+02  2.293E+01  0.000E+00  0.0000
 -6.000E+02  2.293E+01  0.000E+00  0.0000
 -5.600E+02  2.293E+01  0.000E+00  0.0000
 -5.200E+02  2.293E+01  0.000E+00  0.0000
 -4.800E+02  2.293E+01  0.000E+00  0.0000
 -4.400E+02  2.293E+01  0.000E+00  0.0000
 -4.000E+02  2.293E+01  0.000E+00  0.0000
 -3.600E+02  2.293E+01  0.000E+00  0.0000
 -3.200E+02  2.293E+01  0.000E+00  0.0000
 -2.800E+02  2.293E+01  0.000E+00  0.0000
 -2.400E+02  2.293E+01  0.000E+00  0.0000
 -2.000E+02  2.293E+01  0.000E+00  0.0000
 -1.600E+02  2.293E+01  0.000E+00  0.0000
 -1.200E+02  2.293E+01  0.000E+00  0.0000
 -8.000E+01  2.293E+01  0.000E+00  0.0000
 -4.000E+01  2.293E+01  1.873E-04  1.0000
  0.000E+00  2.293E+01  0.000E+00  0.0000
  4.000E+01  2.293E+01  0.000E+00  0.0000
  8.000E+01  2.293E+01  0.000E+00  0.0000
  1.200E+02  2.293E+01  0.000E+00  0.0000
  1.600E+02  2.293E+01  0.000E+00  0.0000
  2.000E+02  2.293E+01  0.000E+00  0.0000
  2.400E+02  2.293E+01  0.000E+00  0.0000
  2.800E+02  2.293E+01  0.000E+00  0.0000
  3.200E+02  2.293E+01  0.000E+00  0.0000
  3.600E+02  2.293E+01  0.000E+00  0.0000
  4.000E+02  2.293E+01  0.000E+00  0.0000
  4.400E+02  2.293E+01  0.000E+00  0.0000
  4.800E+02  2.293E+01  0.000E+00  0.0000
  5.200E+02  2.293E+01  0.000E+00  0.0000
  5.600E+02  2.293E+01  0.000E+00  0.0000
  6.000E+02  2.293E+01  0.000E+00  0.0000
  6.400E+02  2.293E+01  0.000E+00  0.0000
  6.800E+02  2.293E+01  0.000E+00  0.0000
 -6.800E+02  6.228E+01  0.000E+00  0.0000
 -6.400E+02  6.228E+01  0.000E+00  0.0000
 -6.000E+02  6.228E+01  0.000E+00  0.0000
 -5.600E+02  6.228E+01  0.000E+00  0.0000
 -5.200E+02  6.228E+01  0.000E+00  0.0000
 -4.800E+02  6.228E+01  0.000E+00  0.0000
 -4.400E+02  6.228E+01  0.000E+00  0.0000
 -4.000E+02  6.228E+01  0.000E+00  0.0000
 -3.600E+02  6.228E+01  0.000E+00  0.0000
 -3.200E+02  6.228E+01  0.000E+00  0.0000
 -2.800E+02  6.228E+01  0.000E+00  0.0000
 -2.400E+02  6.228E+01  0.000E+00  0.0000
 -2.000E+02  6.228E+01  0.000E+00  0.0000
 -1.600E+02  6.228E+01  0.000E+00  0.0000
 -1.200E+02  6.228E+01  0.000E+00  0.0000
 -8.000E+01  6.228E+01  0.000E+00  0.0000
 -4.000E+01  6.228E+01  1.873E-04  1.0000
  0.000E+00  6.228E+01  0.000E+00  0.0000
  4.000E+01  6.228E+01  0.000E+00  0.0000
  8.000E+01  6.228E+01  0.000E+00  0.0000
  1.200E+02  6.228E+01  0.000E+00  0.0000
  1.600E+02  6.228E+01  0.000E+00  0.0000
  2.000E+02  6.228E+01  0.000E+00  0.0000
  2.400E+02  6.228E+01  0.000E+00  0.0000
  2.800E+02  6.228E+01  0.000E+00  0.0000
  3.200E+02  6.228E+01  0.000E+00  0.0000
  3.600E+02  6.228E+01  0.000E+00  0.0000
  4.000E+02  6.228E+01  0.000E+00  0.0000
  4.400E+02  6.228E+01  0.000E+00  0.0000
  4.800E+02  6.228E+01  0.000E+00  0.0000
  5.200E+02  6.228E+01  0.000E+00  0.0000
  5.600E+02  6.228E+01  0.000E+00  0.0000
  6.000E+02  6.228E+01  0.000E+00  0.0000
  6.400E+02  6.228E+01  0.000E+00  0.0000
  6.800E+02  6.228E+01  0.000E+00  0.0000
 -6.800E+02  1.016E+02  0.000E+00  0.0000
 -6.400E+02  1.016E+02  0.000E+00  0.0000
 -6.000E+02  1.016E+02  0.000E+00  0.0000
 -5.600E+02  1.016E+02  0.000E+00  0.0000
 -5.200E+02  1.016E+02  0.000E+00  0.0000
 -4.800E+02  1.016E+02  0.000E+00  0.0000
 -4.400E+02  1.016E+02  0.000E+00  0.0000
 -4.000E+02  1.016E+02  0.000E+00  0.0000
 -3.600E+02  1.016E+02  0.000E+00  0.0000
 -3.200E+02  1.016E+02  0.000E+00  0.0000
 -2.800E+02  1.016E+02  0.000E+00  0.0000
 -2.400E+02  1.016E+02  0.000E+00  0.0000
 -2.000E+02  1.016E+02  0.000E+00  0.0000
 -1.600E+02  1.016E+02  0.000E+00  0.0000
 -1.200E+02  1.016E+02  0.000E+00  0.0000
 -8.000E+01  1.016E+02  0.000E+00  0.0000
 -4.000E+01  1.016E+02  1.873E-04  1.0000
  0.000E+00  1.016E+02  0.000E+00  0.0000
  4.000E+01  1.016E+02  0.000E+00  0.0000
  8.000E+01  1.016E+02  0.000E+00  0.0000
  1.200E+02  1.016E+02  0.000E+00  0.0000
  1.600E+02  1.016E+02  0.000E+00  0.0000
  2.000E+02  1.016E+02  0.000E+00  0.0000
  2.400E+02  1.016E+02  0.000E+00  0.0000
  2.800E+02  1.016E+02  0.000E+00  0.0000
  3.200E+02  1.016E+02  0.000E+00  0.0000
  3.600E+02  1.016E+02  0.000E+00  0.0000
  4.000E+02  1.016E+02  0.000E+00  0.0000
  4.400E+02  1.016E+02  0.000E+00  0.0000
  4.800E+02  1.016E+02  0.000E+00  0.0000
  5.200E+02  1.016E+02  0.000E+00  0.0000
  5.600E+02  1.016E+02  0.000E+00  0.0000
  6.000E+02  1.016E+02  0.000E+00  0.0000
  6.400E+02  1.016E+02  0.000E+00  0.0000
  6.800E+02  1.016E+02  0.000E+00  0.0000
 -6.800E+02  1.410E+02  0.000E+00  0.0000
 -6.400E+02  1.410E+02  0.000E+00  0.0000
 -6.000E+02  1.410E+02  0.000E+00  0.0000
 -5.600E+02  1.410E+02  0.000E+00  0.0000
 -5.200E+02  1.410E+02  0.000E+00  0.0000
 -4.800E+02  1.410E+02  0.000E+00  0.0000
 -4.400E+02  1.410E+02  0.000E+00  0.0000
 -4.000E+02  1.410E+02  0.000E+00  0.0000
 -3.600E+02  1.410E+02  0.000E+00  0.0000
 -3.200E+02  1.410E+02  0.000E+00  0.0000
 -2.800E+02  1.410E+02  0.000E+00  0.0000
 -2.400E+02  1.410E+02  0.000E+00  0.0000
 -2.000E+02  1.410E+02  0.000E+00  0.0000
 -1.600E+02  1.410E+02  0.000E+00  0.0000
 -1.200E+02  1.410E+02  0.000E+00  0.0000
 -8.000E+01  1.410E+02  0.000E+00  0.0000
 -4.000E+01  1.410E+02  1.873E-04  1.0000
  0.000E+00  1.410E+02  0.000E+00  0.0000
  4.000E+01  1.410E+02  0.000E+00  0.0000
  8.000E+01  1.410E+02  0.000E+00  0.0000
  1.200E+02  1.410E+02  0.000E+00  0.0000
  1.600E+02  1.410E+02  0.000E+00  0.0000
  2.000E+02  1.410E+02  0.000E+00  0.0000
  2.400E+02  1.410E+02  0.000E+00  0.0000
  2.800E+02  1.410E+02  0.000E+00  0.0000
  3.200E+02  1.410E+02  0.000E+00  0.0000
  3.600E+02  1.410E+02  0.000E+00  0.0000
  4.000E+02  1.410E+02  0.000E+00  0.0000
  4.400E+02  1.410E+02  0.000E+00  0.0000
  4.800E+02  1.410E+02  0.000E+00  0.0000
  5.200E+02  1.410E+02  0.000E+00  0.0000
  5.600E+02  1.410E+02  0.000E+00  0.0000
  6.000E+02  1.410E+02  0.000E+00  0.0000
  6.400E+02  1.410E+02  0.000E+00  0.0000
  6.800E+02  1.410E+02  0.000E+00  0.0000
 -6.800E+02  1.803E+02  0.000E+00  0.0000
 -6.400E+02  1.803E+02  0.000E+00  0.0000
 -6.000E+02  1.803E+02  0.000E+00  0.0000
 -5.600E+02  1.803E+02  0.000E+00  0.0000
 -5.200E+02  1.803E+02  0.000E+00  0.0000
 -4.800E+02  1.803E+02  0.000E+00  0.0000
 -4.400E+02  1.803E+02  0.000E+00  0.0000
 -4.000E+02  1.803E+02  0.000E+00  0.0000
 -3.600E+02  1.803E+02  0.000E+00  0.0000
 -3.200E+02  1.803E+02  0.000E+00  0.0000
 -2.800E+02  1.803E+02  0.000E+00  0.0000
 -2.400E+02  1.803E+02  0.000E+00  0.0000
 -2.000E+02  1.803E+02  0.000E+00  0.0000
 -1.600E+02  1.803E+02  0.000E+00  0.0000
 -1.200E+02  1.803E+02  0.000E+00  0.0000
 -8.000E+01  1.803E+02  0.000E+00  0.0000
 -4.000E+01  1.803E+02  1.873E-04  1.0000
  0.000E+00  1.803E+02  0.000E+00  0.0000
  4.000E+01  1.803E+02  0.000E+00  0.0000
  8.000E+01  1.803E+02  0.000E+00  0.0000
  1.200E+02  1.803E+02  0.000E+00  0.0000
  1.600E+02  1.803E+02  0.000E+00  0.0000
  2.000E+02  1.803E+02  0.000E+00  0.0000
  2.400E+02  1.803E+02  0.000E+00  0.0000
  2.800E+02  1.803E+02  0.000E+00  0.0000
  3.200E+02  1.803E+02  0.000E+00  0.0000
  3.600E+02  1.803E+02  0.000E+00  0.0000
  4.000E+02  1.803E+02  0.000E+00  0.0000
  4.400E+02  1.803E+02  0.000E+00  0.0000
  4.800E+02  1.803E+02  0.000E+00  0.0000
  5.200E+02  1.803E+02  0.000E+00  0.0000
  5.600E+02  1.803E+02  0.000E+00  0.0000
  6.000E+02  1.803E+02  0.000E+00  0.0000
  6.400E+02  1.803E+02  0.000E+00  0.0000
  6.800E+02  1.803E+02  0.000E+00  0.0000

#------------------------------------------------------------------------------
 newpage:
#   no. =  8   ie  =  4   iy  =  1   part. = muon-   
#   e = (   2.0000E+01  -   1.0000E+05  )
#   y = (  -1.0000E+03  -   1.0000E+03  )
#  nx =  35   nz =  23

# x          z          flux       r.err
 -6.800E+02 -6.853E+02  3.708E-03  0.2047
 -6.400E+02 -6.853E+02  2.607E-03  0.2530
 -6.000E+02 -6.853E+02  3.283E-03  0.2333
 -5.600E+02 -6.853E+02  2.474E-03  0.2466
 -5.200E+02 -6.853E+02  1.917E-03  0.3013
 -4.800E+02 -6.853E+02  2.356E-03  0.2524
 -4.400E+02 -6.853E+02  2.747E-03  0.2263
 -4.000E+02 -6.853E+02  3.825E-03  0.2189
 -3.600E+02 -6.853E+02  2.060E-03  0.2747
 -3.200E+02 -6.853E+02  1.862E-03  0.3147
 -2.800E+02 -6.853E+02  2.104E-03  0.2845
 -2.400E+02 -6.853E+02  1.976E-03  0.2909
 -2.000E+02 -6.853E+02  3.303E-03  0.2345
 -1.600E+02 -6.853E+02  3.285E-03  0.2259
 -1.200E+02 -6.853E+02  2.699E-03  0.2457
 -8.000E+01 -6.853E+02  2.201E-03  0.2724
 -4.000E+01 -6.853E+02  2.260E-03  0.2719
  0.000E+00 -6.853E+02  2.242E-03  0.2765
  4.000E+01 -6.853E+02  2.968E-03  0.2314
  8.000E+01 -6.853E+02  2.355E-03  0.2609
  1.200E+02 -6.853E+02  3.163E-03  0.2283
  1.600E+02 -6.853E+02  2.251E-03  0.2674
  2.000E+02 -6.853E+02  2.267E-03  0.2815
  2.400E+02 -6.853E+02  2.168E-03  0.2728
  2.800E+02 -6.853E+02  2.378E-03  0.2572
  3.200E+02 -6.853E+02  2.439E-03  0.2563
  3.600E+02 -6.853E+02  2.952E-03  0.2299
  4.000E+02 -6.853E+02  3.272E-03  0.2263
  4.400E+02 -6.853E+02  2.019E-03  0.3002
  4.800E+02 -6.853E+02  2.081E-03  0.2654
  5.200E+02 -6.853E+02  3.269E-03  0.2160
  5.600E+02 -6.853E+02  3.643E-03  0.2200
  6.000E+02 -6.853E+02  1.527E-03  0.3280
  6.400E+02 -6.853E+02  1.712E-03  0.3087
  6.800E+02 -6.853E+02  2.037E-03  0.2835
 -6.800E+02 -6.460E+02  3.491E-03  0.2179
 -6.400E+02 -6.460E+02  3.379E-03  0.2234
 -6.000E+02 -6.460E+02  3.782E-03  0.2056
 -5.600E+02 -6.460E+02  2.439E-03  0.2959
 -5.200E+02 -6.460E+02  2.425E-03  0.2685
 -4.800E+02 -6.460E+02  2.474E-03  0.2644
 -4.400E+02 -6.460E+02  2.769E-03  0.2479
 -4.000E+02 -6.460E+02  3.497E-03  0.2206
 -3.600E+02 -6.460E+02  2.526E-03  0.2506
 -3.200E+02 -6.460E+02  1.975E-03  0.2924
 -2.800E+02 -6.460E+02  2.468E-03  0.2591
 -2.400E+02 -6.460E+02  2.239E-03  0.2608
 -2.000E+02 -6.460E+02  4.083E-03  0.2086
 -1.600E+02 -6.460E+02  2.549E-03  0.2555
 -1.200E+02 -6.460E+02  3.480E-03  0.2273
 -8.000E+01 -6.460E+02  1.611E-03  0.2807
 -4.000E+01 -6.460E+02  2.851E-03  0.2407
  0.000E+00 -6.460E+02  1.806E-03  0.2892
  4.000E+01 -6.460E+02  3.600E-03  0.2124
  8.000E+01 -6.460E+02  3.057E-03  0.2450
  1.200E+02 -6.460E+02  2.604E-03  0.2482
  1.600E+02 -6.460E+02  2.833E-03  0.2377
  2.000E+02 -6.460E+02  1.942E-03  0.2857
  2.400E+02 -6.460E+02  2.987E-03  0.2428
  2.800E+02 -6.460E+02  2.275E-03  0.2731
  3.200E+02 -6.460E+02  3.234E-03  0.2184
  3.600E+02 -6.460E+02  3.356E-03  0.2143
  4.000E+02 -6.460E+02  3.124E-03  0.2329
  4.400E+02 -6.460E+02  1.758E-03  0.3041
  4.800E+02 -6.460E+02  4.216E-03  0.2131
  5.200E+02 -6.460E+02  3.456E-03  0.2266
  5.600E+02 -6.460E+02  3.460E-03  0.2156
  6.000E+02 -6.460E+02  2.029E-03  0.2738
  6.400E+02 -6.460E+02  2.854E-03  0.2416
  6.800E+02 -6.460E+02  1.314E-03  0.3492
 -6.800E+02 -6.066E+02  3.856E-03  0.2146
 -6.400E+02 -6.066E+02  3.330E-03  0.2344
 -6.000E+02 -6.066E+02  4.142E-03  0.2154
 -5.600E+02 -6.066E+02  2.526E-03  0.2403
 -5.200E+02 -6.066E+02  3.089E-03  0.2527
 -4.800E+02 -6.066E+02  2.522E-03  0.2732
 -4.400E+02 -6.066E+02  2.229E-03  0.2700
 -4.000E+02 -6.066E+02  2.805E-03  0.2486
 -3.600E+02 -6.066E+02  3.181E-03  0.2436
 -3.200E+02 -6.066E+02  2.926E-03  0.2301
 -2.800E+02 -6.066E+02  2.584E-03  0.2568
 -2.400E+02 -6.066E+02  3.390E-03  0.2220
 -2.000E+02 -6.066E+02  3.106E-03  0.2093
 -1.600E+02 -6.066E+02  3.694E-03  0.2103
 -1.200E+02 -6.066E+02  2.797E-03  0.2607
 -8.000E+01 -6.066E+02  3.169E-03  0.2499
 -4.000E+01 -6.066E+02  2.403E-03  0.2624
  0.000E+00 -6.066E+02  2.076E-03  0.2929
  4.000E+01 -6.066E+02  3.770E-03  0.2064
  8.000E+01 -6.066E+02  3.732E-03  0.2102
  1.200E+02 -6.066E+02  2.339E-03  0.2619
  1.600E+02 -6.066E+02  3.937E-03  0.2018
  2.000E+02 -6.066E+02  2.169E-03  0.2772
  2.400E+02 -6.066E+02  2.481E-03  0.2680
  2.800E+02 -6.066E+02  2.754E-03  0.2449
  3.200E+02 -6.066E+02  4.845E-03  0.1880
  3.600E+02 -6.066E+02  3.348E-03  0.2210
  4.000E+02 -6.066E+02  3.798E-03  0.2398
  4.400E+02 -6.066E+02  2.148E-03  0.2909
  4.800E+02 -6.066E+02  4.012E-03  0.2075
  5.200E+02 -6.066E+02  3.864E-03  0.2092
  5.600E+02 -6.066E+02  2.910E-03  0.2308
  6.000E+02 -6.066E+02  2.524E-03  0.2556
  6.400E+02 -6.066E+02  2.962E-03  0.2338
  6.800E+02 -6.066E+02  1.261E-03  0.3709
 -6.800E+02 -5.673E+02  3.778E-03  0.2126
 -6.400E+02 -5.673E+02  2.696E-03  0.2509
 -6.000E+02 -5.673E+02  3.958E-03  0.2055
 -5.600E+02 -5.673E+02  4.842E-03  0.1931
 -5.200E+02 -5.673E+02  2.631E-03  0.2637
 -4.800E+02 -5.673E+02  2.826E-03  0.2666
 -4.400E+02 -5.673E+02  2.064E-03  0.2847
 -4.000E+02 -5.673E+02  2.500E-03  0.2585
 -3.600E+02 -5.673E+02  3.752E-03  0.2368
 -3.200E+02 -5.673E+02  3.444E-03  0.2193
 -2.800E+02 -5.673E+02  2.764E-03  0.2610
 -2.400E+02 -5.673E+02  3.468E-03  0.2200
 -2.000E+02 -5.673E+02  3.844E-03  0.1969
 -1.600E+02 -5.673E+02  4.879E-03  0.1857
 -1.200E+02 -5.673E+02  3.498E-03  0.2154
 -8.000E+01 -5.673E+02  2.144E-03  0.2816
 -4.000E+01 -5.673E+02  3.262E-03  0.2291
  0.000E+00 -5.673E+02  2.210E-03  0.2665
  4.000E+01 -5.673E+02  2.275E-03  0.2585
  8.000E+01 -5.673E+02  5.197E-03  0.1809
  1.200E+02 -5.673E+02  2.769E-03  0.2289
  1.600E+02 -5.673E+02  4.689E-03  0.1844
  2.000E+02 -5.673E+02  2.976E-03  0.2415
  2.400E+02 -5.673E+02  1.971E-03  0.2793
  2.800E+02 -5.673E+02  3.924E-03  0.2069
  3.200E+02 -5.673E+02  5.418E-03  0.1793
  3.600E+02 -5.673E+02  3.929E-03  0.1986
  4.000E+02 -5.673E+02  3.851E-03  0.2401
  4.400E+02 -5.673E+02  2.991E-03  0.2451
  4.800E+02 -5.673E+02  3.951E-03  0.2214
  5.200E+02 -5.673E+02  3.250E-03  0.2201
  5.600E+02 -5.673E+02  2.947E-03  0.2391
  6.000E+02 -5.673E+02  1.910E-03  0.2963
  6.400E+02 -5.673E+02  3.381E-03  0.2263
  6.800E+02 -5.673E+02  1.620E-03  0.2998
 -6.800E+02 -5.279E+02  3.171E-03  0.2309
 -6.400E+02 -5.279E+02  3.095E-03  0.2373
 -6.000E+02 -5.279E+02  4.198E-03  0.2043
 -5.600E+02 -5.279E+02  3.976E-03  0.2099
 -5.200E+02 -5.279E+02  2.772E-03  0.2481
 -4.800E+02 -5.279E+02  3.633E-03  0.2169
 -4.400E+02 -5.279E+02  2.714E-03  0.2641
 -4.000E+02 -5.279E+02  2.803E-03  0.2465
 -3.600E+02 -5.279E+02  3.767E-03  0.2271
 -3.200E+02 -5.279E+02  3.683E-03  0.2045
 -2.800E+02 -5.279E+02  2.591E-03  0.2537
 -2.400E+02 -5.279E+02  3.273E-03  0.2269
 -2.000E+02 -5.279E+02  4.132E-03  0.1899
 -1.600E+02 -5.279E+02  4.526E-03  0.1906
 -1.200E+02 -5.279E+02  3.931E-03  0.2029
 -8.000E+01 -5.279E+02  2.837E-03  0.2638
 -4.000E+01 -5.279E+02  2.954E-03  0.2359
  0.000E+00 -5.279E+02  2.890E-03  0.2321
  4.000E+01 -5.279E+02  3.583E-03  0.2180
  8.000E+01 -5.279E+02  4.061E-03  0.1961
  1.200E+02 -5.279E+02  3.599E-03  0.2224
  1.600E+02 -5.279E+02  4.871E-03  0.1927
  2.000E+02 -5.279E+02  3.913E-03  0.2029
  2.400E+02 -5.279E+02  2.848E-03  0.2500
  2.800E+02 -5.279E+02  4.564E-03  0.1986
  3.200E+02 -5.279E+02  3.909E-03  0.2088
  3.600E+02 -5.279E+02  5.213E-03  0.1900
  4.000E+02 -5.279E+02  4.714E-03  0.1921
  4.400E+02 -5.279E+02  2.868E-03  0.2539
  4.800E+02 -5.279E+02  3.303E-03  0.2186
  5.200E+02 -5.279E+02  3.175E-03  0.2283
  5.600E+02 -5.279E+02  2.970E-03  0.2316
  6.000E+02 -5.279E+02  2.329E-03  0.2611
  6.400E+02 -5.279E+02  2.908E-03  0.2309
  6.800E+02 -5.279E+02  2.682E-03  0.2455
 -6.800E+02 -4.886E+02  2.733E-03  0.2689
 -6.400E+02 -4.886E+02  4.156E-03  0.2123
 -6.000E+02 -4.886E+02  4.038E-03  0.2102
 -5.600E+02 -4.886E+02  3.412E-03  0.2155
 -5.200E+02 -4.886E+02  2.644E-03  0.2443
 -4.800E+02 -4.886E+02  3.666E-03  0.2147
 -4.400E+02 -4.886E+02  3.717E-03  0.2162
 -4.000E+02 -4.886E+02  2.974E-03  0.2546
 -3.600E+02 -4.886E+02  4.203E-03  0.2036
 -3.200E+02 -4.886E+02  4.371E-03  0.1985
 -2.800E+02 -4.886E+02  2.476E-03  0.2472
 -2.400E+02 -4.886E+02  3.754E-03  0.2150
 -2.000E+02 -4.886E+02  4.055E-03  0.2049
 -1.600E+02 -4.886E+02  3.553E-03  0.2145
 -1.200E+02 -4.886E+02  3.193E-03  0.2260
 -8.000E+01 -4.886E+02  4.318E-03  0.1927
 -4.000E+01 -4.886E+02  2.843E-03  0.2292
  0.000E+00 -4.886E+02  5.057E-03  0.1815
  4.000E+01 -4.886E+02  3.661E-03  0.2145
  8.000E+01 -4.886E+02  4.238E-03  0.1983
  1.200E+02 -4.886E+02  3.783E-03  0.2083
  1.600E+02 -4.886E+02  5.680E-03  0.1738
  2.000E+02 -4.886E+02  4.268E-03  0.1941
  2.400E+02 -4.886E+02  3.597E-03  0.2200
  2.800E+02 -4.886E+02  4.151E-03  0.1943
  3.200E+02 -4.886E+02  4.694E-03  0.1868
  3.600E+02 -4.886E+02  5.652E-03  0.1928
  4.000E+02 -4.886E+02  4.091E-03  0.2033
  4.400E+02 -4.886E+02  2.511E-03  0.2527
  4.800E+02 -4.886E+02  3.171E-03  0.2274
  5.200E+02 -4.886E+02  3.827E-03  0.2043
  5.600E+02 -4.886E+02  3.484E-03  0.2093
  6.000E+02 -4.886E+02  2.610E-03  0.2336
  6.400E+02 -4.886E+02  2.885E-03  0.2289
  6.800E+02 -4.886E+02  2.611E-03  0.2527
 -6.800E+02 -4.492E+02  3.694E-03  0.2185
 -6.400E+02 -4.492E+02  3.414E-03  0.2321
 -6.000E+02 -4.492E+02  3.663E-03  0.2244
 -5.600E+02 -4.492E+02  2.918E-03  0.2305
 -5.200E+02 -4.492E+02  3.612E-03  0.2187
 -4.800E+02 -4.492E+02  2.792E-03  0.2372
 -4.400E+02 -4.492E+02  4.673E-03  0.1950
 -4.000E+02 -4.492E+02  2.848E-03  0.2492
 -3.600E+02 -4.492E+02  4.793E-03  0.1956
 -3.200E+02 -4.492E+02  5.015E-03  0.1983
 -2.800E+02 -4.492E+02  3.152E-03  0.2174
 -2.400E+02 -4.492E+02  3.627E-03  0.2111
 -2.000E+02 -4.492E+02  4.588E-03  0.2037
 -1.600E+02 -4.492E+02  3.292E-03  0.2292
 -1.200E+02 -4.492E+02  2.521E-03  0.2623
 -8.000E+01 -4.492E+02  4.046E-03  0.2059
 -4.000E+01 -4.492E+02  4.249E-03  0.2109
  0.000E+00 -4.492E+02  4.829E-03  0.1793
  4.000E+01 -4.492E+02  5.612E-03  0.1771
  8.000E+01 -4.492E+02  5.085E-03  0.1755
  1.200E+02 -4.492E+02  4.351E-03  0.1970
  1.600E+02 -4.492E+02  6.011E-03  0.1677
  2.000E+02 -4.492E+02  3.978E-03  0.2110
  2.400E+02 -4.492E+02  3.170E-03  0.2273
  2.800E+02 -4.492E+02  5.319E-03  0.1821
  3.200E+02 -4.492E+02  5.377E-03  0.1874
  3.600E+02 -4.492E+02  5.024E-03  0.2021
  4.000E+02 -4.492E+02  3.553E-03  0.2281
  4.400E+02 -4.492E+02  3.599E-03  0.2151
  4.800E+02 -4.492E+02  2.152E-03  0.2627
  5.200E+02 -4.492E+02  4.130E-03  0.2069
  5.600E+02 -4.492E+02  3.222E-03  0.2285
  6.000E+02 -4.492E+02  3.086E-03  0.2245
  6.400E+02 -4.492E+02  3.319E-03  0.2226
  6.800E+02 -4.492E+02  3.409E-03  0.2187
 -6.800E+02 -4.099E+02  3.791E-03  0.2109
 -6.400E+02 -4.099E+02  3.290E-03  0.2337
 -6.000E+02 -4.099E+02  4.134E-03  0.2028
 -5.600E+02 -4.099E+02  3.991E-03  0.2032
 -5.200E+02 -4.099E+02  3.623E-03  0.2156
 -4.800E+02 -4.099E+02  1.919E-03  0.2694
 -4.400E+02 -4.099E+02  5.124E-03  0.1864
 -4.000E+02 -4.099E+02  4.036E-03  0.1934
 -3.600E+02 -4.099E+02  5.318E-03  0.1853
 -3.200E+02 -4.099E+02  3.722E-03  0.2366
 -2.800E+02 -4.099E+02  4.677E-03  0.1869
 -2.400E+02 -4.099E+02  3.958E-03  0.1987
 -2.000E+02 -4.099E+02  3.858E-03  0.2110
 -1.600E+02 -4.099E+02  3.476E-03  0.2132
 -1.200E+02 -4.099E+02  4.035E-03  0.1987
 -8.000E+01 -4.099E+02  3.686E-03  0.2018
 -4.000E+01 -4.099E+02  4.148E-03  0.1910
  0.000E+00 -4.099E+02  6.324E-03  0.1649
  4.000E+01 -4.099E+02  4.924E-03  0.1817
  8.000E+01 -4.099E+02  5.922E-03  0.1698
  1.200E+02 -4.099E+02  5.940E-03  0.1682
  1.600E+02 -4.099E+02  6.210E-03  0.1690
  2.000E+02 -4.099E+02  3.294E-03  0.2167
  2.400E+02 -4.099E+02  3.939E-03  0.2110
  2.800E+02 -4.099E+02  6.333E-03  0.1720
  3.200E+02 -4.099E+02  4.765E-03  0.1898
  3.600E+02 -4.099E+02  4.317E-03  0.2047
  4.000E+02 -4.099E+02  4.202E-03  0.1923
  4.400E+02 -4.099E+02  3.922E-03  0.1932
  4.800E+02 -4.099E+02  3.113E-03  0.2309
  5.200E+02 -4.099E+02  3.258E-03  0.2161
  5.600E+02 -4.099E+02  3.790E-03  0.2071
  6.000E+02 -4.099E+02  4.409E-03  0.1994
  6.400E+02 -4.099E+02  3.429E-03  0.2182
  6.800E+02 -4.099E+02  3.361E-03  0.2260
 -6.800E+02 -3.705E+02  5.155E-03  0.2020
 -6.400E+02 -3.705E+02  3.953E-03  0.2146
 -6.000E+02 -3.705E+02  4.600E-03  0.1871
 -5.600E+02 -3.705E+02  3.830E-03  0.2125
 -5.200E+02 -3.705E+02  3.192E-03  0.2283
 -4.800E+02 -3.705E+02  3.313E-03  0.2298
 -4.400E+02 -3.705E+02  4.210E-03  0.2073
 -4.000E+02 -3.705E+02  5.733E-03  0.1727
 -3.600E+02 -3.705E+02  3.895E-03  0.2054
 -3.200E+02 -3.705E+02  4.845E-03  0.1931
 -2.800E+02 -3.705E+02  5.291E-03  0.1835
 -2.400E+02 -3.705E+02  3.592E-03  0.2156
 -2.000E+02 -3.705E+02  3.059E-03  0.2271
 -1.600E+02 -3.705E+02  4.595E-03  0.1936
 -1.200E+02 -3.705E+02  4.669E-03  0.1914
 -8.000E+01 -3.705E+02  4.342E-03  0.2045
 -4.000E+01 -3.705E+02  4.507E-03  0.1952
  0.000E+00 -3.705E+02  5.835E-03  0.1798
  4.000E+01 -3.705E+02  5.405E-03  0.1786
  8.000E+01 -3.705E+02  6.588E-03  0.1616
  1.200E+02 -3.705E+02  6.097E-03  0.1618
  1.600E+02 -3.705E+02  5.691E-03  0.1655
  2.000E+02 -3.705E+02  4.837E-03  0.1916
  2.400E+02 -3.705E+02  4.270E-03  0.2144
  2.800E+02 -3.705E+02  5.164E-03  0.1838
  3.200E+02 -3.705E+02  4.810E-03  0.2045
  3.600E+02 -3.705E+02  5.368E-03  0.1787
  4.000E+02 -3.705E+02  4.635E-03  0.1878
  4.400E+02 -3.705E+02  5.043E-03  0.1900
  4.800E+02 -3.705E+02  3.003E-03  0.2454
  5.200E+02 -3.705E+02  2.700E-03  0.2412
  5.600E+02 -3.705E+02  4.732E-03  0.1920
  6.000E+02 -3.705E+02  4.865E-03  0.1839
  6.400E+02 -3.705E+02  3.523E-03  0.2091
  6.800E+02 -3.705E+02  3.332E-03  0.2173
 -6.800E+02 -3.312E+02  4.359E-03  0.2168
 -6.400E+02 -3.312E+02  4.149E-03  0.1951
 -6.000E+02 -3.312E+02  5.446E-03  0.1807
 -5.600E+02 -3.312E+02  4.294E-03  0.2064
 -5.200E+02 -3.312E+02  3.452E-03  0.2170
 -4.800E+02 -3.312E+02  4.458E-03  0.1895
 -4.400E+02 -3.312E+02  4.496E-03  0.2004
 -4.000E+02 -3.312E+02  5.446E-03  0.1838
 -3.600E+02 -3.312E+02  4.148E-03  0.1955
 -3.200E+02 -3.312E+02  4.214E-03  0.2094
 -2.800E+02 -3.312E+02  4.425E-03  0.1879
 -2.400E+02 -3.312E+02  5.367E-03  0.1835
 -2.000E+02 -3.312E+02  3.609E-03  0.2149
 -1.600E+02 -3.312E+02  4.009E-03  0.1927
 -1.200E+02 -3.312E+02  5.376E-03  0.1762
 -8.000E+01 -3.312E+02  4.189E-03  0.1985
 -4.000E+01 -3.312E+02  5.324E-03  0.1814
  0.000E+00 -3.312E+02  6.227E-03  0.1656
  4.000E+01 -3.312E+02  6.052E-03  0.1744
  8.000E+01 -3.312E+02  4.909E-03  0.1837
  1.200E+02 -3.312E+02  7.878E-03  0.1528
  1.600E+02 -3.312E+02  5.446E-03  0.1749
  2.000E+02 -3.312E+02  5.499E-03  0.1778
  2.400E+02 -3.312E+02  3.921E-03  0.2085
  2.800E+02 -3.312E+02  4.895E-03  0.1884
  3.200E+02 -3.312E+02  4.814E-03  0.2112
  3.600E+02 -3.312E+02  5.873E-03  0.1671
  4.000E+02 -3.312E+02  4.764E-03  0.1831
  4.400E+02 -3.312E+02  4.170E-03  0.1874
  4.800E+02 -3.312E+02  4.232E-03  0.1962
  5.200E+02 -3.312E+02  3.122E-03  0.2243
  5.600E+02 -3.312E+02  4.544E-03  0.1917
  6.000E+02 -3.312E+02  5.450E-03  0.1731
  6.400E+02 -3.312E+02  3.856E-03  0.2066
  6.800E+02 -3.312E+02  3.601E-03  0.2176
 -6.800E+02 -2.918E+02  3.231E-03  0.2461
 -6.400E+02 -2.918E+02  5.461E-03  0.1760
 -6.000E+02 -2.918E+02  4.844E-03  0.1863
 -5.600E+02 -2.918E+02  4.060E-03  0.1977
 -5.200E+02 -2.918E+02  3.550E-03  0.2057
 -4.800E+02 -2.918E+02  4.820E-03  0.1833
 -4.400E+02 -2.918E+02  6.019E-03  0.1769
 -4.000E+02 -2.918E+02  4.654E-03  0.1865
 -3.600E+02 -2.918E+02  5.774E-03  0.1776
 -3.200E+02 -2.918E+02  3.955E-03  0.2067
 -2.800E+02 -2.918E+02  4.535E-03  0.1877
 -2.400E+02 -2.918E+02  6.173E-03  0.1649
 -2.000E+02 -2.918E+02  3.609E-03  0.2224
 -1.600E+02 -2.918E+02  4.985E-03  0.1820
 -1.200E+02 -2.918E+02  5.779E-03  0.1747
 -8.000E+01 -2.918E+02  4.968E-03  0.1783
 -4.000E+01 -2.918E+02  4.961E-03  0.1771
  0.000E+00 -2.918E+02  5.671E-03  0.1744
  4.000E+01 -2.918E+02  6.503E-03  0.1669
  8.000E+01 -2.918E+02  5.636E-03  0.1705
  1.200E+02 -2.918E+02  7.505E-03  0.1576
  1.600E+02 -2.918E+02  5.824E-03  0.1762
  2.000E+02 -2.918E+02  4.287E-03  0.1874
  2.400E+02 -2.918E+02  3.711E-03  0.2080
  2.800E+02 -2.918E+02  5.437E-03  0.1846
  3.200E+02 -2.918E+02  6.417E-03  0.1723
  3.600E+02 -2.918E+02  5.696E-03  0.1659
  4.000E+02 -2.918E+02  5.240E-03  0.1797
  4.400E+02 -2.918E+02  3.835E-03  0.2046
  4.800E+02 -2.918E+02  4.449E-03  0.1947
  5.200E+02 -2.918E+02  3.840E-03  0.2022
  5.600E+02 -2.918E+02  5.426E-03  0.1775
  6.000E+02 -2.918E+02  4.998E-03  0.1826
  6.400E+02 -2.918E+02  4.022E-03  0.1955
  6.800E+02 -2.918E+02  4.792E-03  0.1989
 -6.800E+02 -2.525E+02  5.462E-03  0.1806
 -6.400E+02 -2.525E+02  5.260E-03  0.1677
 -6.000E+02 -2.525E+02  4.341E-03  0.1828
 -5.600E+02 -2.525E+02  5.549E-03  0.1807
 -5.200E+02 -2.525E+02  4.009E-03  0.2074
 -4.800E+02 -2.525E+02  5.356E-03  0.1797
 -4.400E+02 -2.525E+02  5.266E-03  0.1777
 -4.000E+02 -2.525E+02  5.311E-03  0.1769
 -3.600E+02 -2.525E+02  6.254E-03  0.1706
 -3.200E+02 -2.525E+02  4.380E-03  0.1913
 -2.800E+02 -2.525E+02  6.620E-03  0.1659
 -2.400E+02 -2.525E+02  5.419E-03  0.1727
 -2.000E+02 -2.525E+02  4.461E-03  0.1900
 -1.600E+02 -2.525E+02  4.710E-03  0.1918
 -1.200E+02 -2.525E+02  4.831E-03  0.1759
 -8.000E+01 -2.525E+02  6.538E-03  0.1636
 -4.000E+01 -2.525E+02  4.991E-03  0.1814
  0.000E+00 -2.525E+02  4.942E-03  0.1915
  4.000E+01 -2.525E+02  5.788E-03  0.1657
  8.000E+01 -2.525E+02  8.519E-03  0.1495
  1.200E+02 -2.525E+02  7.742E-03  0.1521
  1.600E+02 -2.525E+02  4.765E-03  0.1761
  2.000E+02 -2.525E+02  4.644E-03  0.1878
  2.400E+02 -2.525E+02  4.311E-03  0.2003
  2.800E+02 -2.525E+02  5.340E-03  0.2067
  3.200E+02 -2.525E+02  6.209E-03  0.1679
  3.600E+02 -2.525E+02  6.114E-03  0.1652
  4.000E+02 -2.525E+02  6.265E-03  0.1601
  4.400E+02 -2.525E+02  5.075E-03  0.1749
  4.800E+02 -2.525E+02  4.039E-03  0.1943
  5.200E+02 -2.525E+02  4.384E-03  0.1999
  5.600E+02 -2.525E+02  4.863E-03  0.1907
  6.000E+02 -2.525E+02  5.818E-03  0.1772
  6.400E+02 -2.525E+02  4.405E-03  0.1817
  6.800E+02 -2.525E+02  5.173E-03  0.1788
 -6.800E+02 -2.132E+02  6.084E-03  0.1793
 -6.400E+02 -2.132E+02  5.876E-03  0.1739
 -6.000E+02 -2.132E+02  5.286E-03  0.1821
 -5.600E+02 -2.132E+02  5.480E-03  0.1734
 -5.200E+02 -2.132E+02  4.584E-03  0.1960
 -4.800E+02 -2.132E+02  5.462E-03  0.1754
 -4.400E+02 -2.132E+02  5.570E-03  0.1725
 -4.000E+02 -2.132E+02  6.410E-03  0.1697
 -3.600E+02 -2.132E+02  4.785E-03  0.1859
 -3.200E+02 -2.132E+02  5.371E-03  0.1780
 -2.800E+02 -2.132E+02  6.065E-03  0.1732
 -2.400E+02 -2.132E+02  5.622E-03  0.1736
 -2.000E+02 -2.132E+02  3.943E-03  0.1958
 -1.600E+02 -2.132E+02  5.205E-03  0.1771
 -1.200E+02 -2.132E+02  5.777E-03  0.1725
 -8.000E+01 -2.132E+02  5.664E-03  0.1762
 -4.000E+01 -2.132E+02  6.018E-03  0.1763
  0.000E+00 -2.132E+02  4.661E-03  0.1900
  4.000E+01 -2.132E+02  7.069E-03  0.1614
  8.000E+01 -2.132E+02  7.992E-03  0.1489
  1.200E+02 -2.132E+02  7.294E-03  0.1545
  1.600E+02 -2.132E+02  4.980E-03  0.1844
  2.000E+02 -2.132E+02  3.978E-03  0.1943
  2.400E+02 -2.132E+02  5.807E-03  0.1779
  2.800E+02 -2.132E+02  5.345E-03  0.2014
  3.200E+02 -2.132E+02  5.825E-03  0.1718
  3.600E+02 -2.132E+02  6.463E-03  0.1644
  4.000E+02 -2.132E+02  6.599E-03  0.1585
  4.400E+02 -2.132E+02  5.617E-03  0.1639
  4.800E+02 -2.132E+02  4.511E-03  0.1910
  5.200E+02 -2.132E+02  4.624E-03  0.1950
  5.600E+02 -2.132E+02  4.612E-03  0.1874
  6.000E+02 -2.132E+02  5.614E-03  0.1781
  6.400E+02 -2.132E+02  4.772E-03  0.1931
  6.800E+02 -2.132E+02  6.716E-03  0.1583
 -6.800E+02 -1.738E+02  5.991E-03  0.1704
 -6.400E+02 -1.738E+02  7.341E-03  0.1536
 -6.000E+02 -1.738E+02  5.249E-03  0.1695
 -5.600E+02 -1.738E+02  5.862E-03  0.1738
 -5.200E+02 -1.738E+02  5.600E-03  0.1861
 -4.800E+02 -1.738E+02  5.405E-03  0.1762
 -4.400E+02 -1.738E+02  5.757E-03  0.1771
 -4.000E+02 -1.738E+02  6.671E-03  0.1626
 -3.600E+02 -1.738E+02  5.485E-03  0.1759
 -3.200E+02 -1.738E+02  4.719E-03  0.1771
 -2.800E+02 -1.738E+02  6.448E-03  0.1697
 -2.400E+02 -1.738E+02  5.240E-03  0.1773
 -2.000E+02 -1.738E+02  3.882E-03  0.1937
 -1.600E+02 -1.738E+02  6.887E-03  0.1578
 -1.200E+02 -1.738E+02  6.754E-03  0.1635
 -8.000E+01 -1.738E+02  6.511E-03  0.1664
 -4.000E+01 -1.738E+02  6.339E-03  0.1660
  0.000E+00 -1.738E+02  5.860E-03  0.1853
  4.000E+01 -1.738E+02  6.948E-03  0.1620
  8.000E+01 -1.738E+02  5.680E-03  0.1670
  1.200E+02 -1.738E+02  7.116E-03  0.1525
  1.600E+02 -1.738E+02  6.494E-03  0.1579
  2.000E+02 -1.738E+02  4.849E-03  0.1893
  2.400E+02 -1.738E+02  6.776E-03  0.1670
  2.800E+02 -1.738E+02  4.898E-03  0.2011
  3.200E+02 -1.738E+02  5.966E-03  0.1808
  3.600E+02 -1.738E+02  5.314E-03  0.1673
  4.000E+02 -1.738E+02  7.397E-03  0.1488
  4.400E+02 -1.738E+02  7.055E-03  0.1553
  4.800E+02 -1.738E+02  3.882E-03  0.1882
  5.200E+02 -1.738E+02  5.418E-03  0.1786
  5.600E+02 -1.738E+02  4.845E-03  0.1867
  6.000E+02 -1.738E+02  6.262E-03  0.1659
  6.400E+02 -1.738E+02  5.804E-03  0.1768
  6.800E+02 -1.738E+02  5.743E-03  0.1675
 -6.800E+02 -1.345E+02  6.236E-03  0.1678
 -6.400E+02 -1.345E+02  6.918E-03  0.1647
 -6.000E+02 -1.345E+02  5.552E-03  0.1715
 -5.600E+02 -1.345E+02  6.611E-03  0.1636
 -5.200E+02 -1.345E+02  5.151E-03  0.1825
 -4.800E+02 -1.345E+02  4.450E-03  0.1973
 -4.400E+02 -1.345E+02  7.326E-03  0.1630
 -4.000E+02 -1.345E+02  5.206E-03  0.1845
 -3.600E+02 -1.345E+02  5.727E-03  0.1752
 -3.200E+02 -1.345E+02  6.046E-03  0.1644
 -2.800E+02 -1.345E+02  5.404E-03  0.1772
 -2.400E+02 -1.345E+02  5.196E-03  0.1793
 -2.000E+02 -1.345E+02  4.656E-03  0.1847
 -1.600E+02 -1.345E+02  7.091E-03  0.1548
 -1.200E+02 -1.345E+02  7.044E-03  0.1529
 -8.000E+01 -1.345E+02  6.934E-03  0.1635
 -4.000E+01 -1.345E+02  8.262E-03  0.1586
  0.000E+00 -1.345E+02  6.296E-03  0.1711
  4.000E+01 -1.345E+02  6.792E-03  0.1574
  8.000E+01 -1.345E+02  5.208E-03  0.1758
  1.200E+02 -1.345E+02  7.649E-03  0.1530
  1.600E+02 -1.345E+02  6.887E-03  0.1621
  2.000E+02 -1.345E+02  4.738E-03  0.1868
  2.400E+02 -1.345E+02  7.147E-03  0.1710
  2.800E+02 -1.345E+02  5.298E-03  0.1834
  3.200E+02 -1.345E+02  5.669E-03  0.1809
  3.600E+02 -1.345E+02  6.816E-03  0.1576
  4.000E+02 -1.345E+02  7.395E-03  0.1484
  4.400E+02 -1.345E+02  6.641E-03  0.1562
  4.800E+02 -1.345E+02  7.166E-03  0.1528
  5.200E+02 -1.345E+02  4.741E-03  0.1799
  5.600E+02 -1.345E+02  4.874E-03  0.1843
  6.000E+02 -1.345E+02  6.864E-03  0.1616
  6.400E+02 -1.345E+02  8.249E-03  0.1494
  6.800E+02 -1.345E+02  6.696E-03  0.1540
 -6.800E+02 -9.511E+01  6.475E-03  0.1669
 -6.400E+02 -9.511E+01  8.324E-03  0.1463
 -6.000E+02 -9.511E+01  5.900E-03  0.1639
 -5.600E+02 -9.511E+01  6.365E-03  0.1598
 -5.200E+02 -9.511E+01  6.101E-03  0.1666
 -4.800E+02 -9.511E+01  7.189E-03  0.1586
 -4.400E+02 -9.511E+01  6.284E-03  0.1609
 -4.000E+02 -9.511E+01  5.007E-03  0.1814
 -3.600E+02 -9.511E+01  6.065E-03  0.1758
 -3.200E+02 -9.511E+01  5.593E-03  0.1745
 -2.800E+02 -9.511E+01  5.776E-03  0.1637
 -2.400E+02 -9.511E+01  7.215E-03  0.1544
 -2.000E+02 -9.511E+01  6.045E-03  0.1663
 -1.600E+02 -9.511E+01  6.396E-03  0.1683
 -1.200E+02 -9.511E+01  6.465E-03  0.1741
 -8.000E+01 -9.511E+01  6.825E-03  0.1594
 -4.000E+01 -9.511E+01  5.722E-03  0.1669
  0.000E+00 -9.511E+01  6.651E-03  0.1658
  4.000E+01 -9.511E+01  6.534E-03  0.1571
  8.000E+01 -9.511E+01  6.498E-03  0.1605
  1.200E+02 -9.511E+01  9.222E-03  0.1424
  1.600E+02 -9.511E+01  7.019E-03  0.1652
  2.000E+02 -9.511E+01  6.918E-03  0.1671
  2.400E+02 -9.511E+01  7.262E-03  0.1674
  2.800E+02 -9.511E+01  6.702E-03  0.1608
  3.200E+02 -9.511E+01  7.173E-03  0.1627
  3.600E+02 -9.511E+01  6.827E-03  0.1574
  4.000E+02 -9.511E+01  6.955E-03  0.1538
  4.400E+02 -9.511E+01  7.992E-03  0.1447
  4.800E+02 -9.511E+01  7.962E-03  0.1467
  5.200E+02 -9.511E+01  6.309E-03  0.1655
  5.600E+02 -9.511E+01  6.044E-03  0.1659
  6.000E+02 -9.511E+01  8.618E-03  0.1466
  6.400E+02 -9.511E+01  7.436E-03  0.1473
  6.800E+02 -9.511E+01  8.106E-03  0.1446
 -6.800E+02 -5.576E+01  5.892E-03  0.1673
 -6.400E+02 -5.576E+01  1.060E-02  0.1456
 -6.000E+02 -5.576E+01  6.984E-03  0.1588
 -5.600E+02 -5.576E+01  6.454E-03  0.1621
 -5.200E+02 -5.576E+01  7.714E-03  0.1501
 -4.800E+02 -5.576E+01  7.091E-03  0.1642
 -4.400E+02 -5.576E+01  6.671E-03  0.1648
 -4.000E+02 -5.576E+01  5.344E-03  0.1782
 -3.600E+02 -5.576E+01  5.682E-03  0.1787
 -3.200E+02 -5.576E+01  5.318E-03  0.1844
 -2.800E+02 -5.576E+01  5.412E-03  0.1744
 -2.400E+02 -5.576E+01  7.523E-03  0.1521
 -2.000E+02 -5.576E+01  7.852E-03  0.1488
 -1.600E+02 -5.576E+01  7.131E-03  0.1596
 -1.200E+02 -5.576E+01  5.856E-03  0.1693
 -8.000E+01 -5.576E+01  7.357E-03  0.1520
 -4.000E+01 -5.576E+01  7.344E-03  0.1706
  0.000E+00 -5.576E+01  5.236E-03  0.1826
  4.000E+01 -5.576E+01  6.356E-03  0.1609
  8.000E+01 -5.576E+01  8.155E-03  0.1437
  1.200E+02 -5.576E+01  8.183E-03  0.1471
  1.600E+02 -5.576E+01  8.519E-03  0.1432
  2.000E+02 -5.576E+01  9.163E-03  0.1491
  2.400E+02 -5.576E+01  7.370E-03  0.1644
  2.800E+02 -5.576E+01  5.879E-03  0.1624
  3.200E+02 -5.576E+01  7.765E-03  0.1523
  3.600E+02 -5.576E+01  8.558E-03  0.1454
  4.000E+02 -5.576E+01  7.995E-03  0.1449
  4.400E+02 -5.576E+01  7.891E-03  0.1475
  4.800E+02 -5.576E+01  6.397E-03  0.1605
  5.200E+02 -5.576E+01  7.352E-03  0.1524
  5.600E+02 -5.576E+01  7.673E-03  0.1507
  6.000E+02 -5.576E+01  9.891E-03  0.1332
  6.400E+02 -5.576E+01  7.513E-03  0.1473
  6.800E+02 -5.576E+01  6.803E-03  0.1566
 -6.800E+02 -1.641E+01  8.077E-03  0.1452
 -6.400E+02 -1.641E+01  1.066E-02  0.1396
 -6.000E+02 -1.641E+01  8.106E-03  0.1540
 -5.600E+02 -1.641E+01  6.609E-03  0.1747
 -5.200E+02 -1.641E+01  9.037E-03  0.1429
 -4.800E+02 -1.641E+01  7.252E-03  0.1632
 -4.400E+02 -1.641E+01  5.726E-03  0.1670
 -4.000E+02 -1.641E+01  5.707E-03  0.1650
 -3.600E+02 -1.641E+01  6.297E-03  0.1606
 -3.200E+02 -1.641E+01  6.029E-03  0.1665
 -2.800E+02 -1.641E+01  7.586E-03  0.1547
 -2.400E+02 -1.641E+01  6.693E-03  0.1611
 -2.000E+02 -1.641E+01  8.700E-03  0.1418
 -1.600E+02 -1.641E+01  9.286E-03  0.1415
 -1.200E+02 -1.641E+01  6.008E-03  0.1756
 -8.000E+01 -1.641E+01  7.513E-03  0.1721
 -4.000E+01 -1.641E+01  8.025E-03  0.1458
  0.000E+00 -1.641E+01  7.213E-03  0.1536
  4.000E+01 -1.641E+01  7.888E-03  0.1548
  8.000E+01 -1.641E+01  9.804E-03  0.1334
  1.200E+02 -1.641E+01  8.171E-03  0.1481
  1.600E+02 -1.641E+01  8.733E-03  0.1514
  2.000E+02 -1.641E+01  7.548E-03  0.1487
  2.400E+02 -1.641E+01  6.206E-03  0.1720
  2.800E+02 -1.641E+01  7.049E-03  0.1547
  3.200E+02 -1.641E+01  8.849E-03  0.1392
  3.600E+02 -1.641E+01  9.890E-03  0.1368
  4.000E+02 -1.641E+01  9.253E-03  0.1352
  4.400E+02 -1.641E+01  7.775E-03  0.1483
  4.800E+02 -1.641E+01  8.243E-03  0.1466
  5.200E+02 -1.641E+01  8.509E-03  0.1397
  5.600E+02 -1.641E+01  9.196E-03  0.1408
  6.000E+02 -1.641E+01  8.938E-03  0.1395
  6.400E+02 -1.641E+01  8.978E-03  0.1364
  6.800E+02 -1.641E+01  8.751E-03  0.1423
 -6.800E+02  2.293E+01  9.807E-03  0.1313
 -6.400E+02  2.293E+01  1.002E-02  0.1409
 -6.000E+02  2.293E+01  8.529E-03  0.1469
 -5.600E+02  2.293E+01  7.674E-03  0.1686
 -5.200E+02  2.293E+01  9.270E-03  0.1416
 -4.800E+02  2.293E+01  8.272E-03  0.1471
 -4.400E+02  2.293E+01  6.952E-03  0.1571
 -4.000E+02  2.293E+01  6.960E-03  0.1544
 -3.600E+02  2.293E+01  6.462E-03  0.1649
 -3.200E+02  2.293E+01  6.091E-03  0.1734
 -2.800E+02  2.293E+01  7.719E-03  0.1582
 -2.400E+02  2.293E+01  8.514E-03  0.1473
 -2.000E+02  2.293E+01  7.601E-03  0.1512
 -1.600E+02  2.293E+01  8.463E-03  0.1615
 -1.200E+02  2.293E+01  6.215E-03  0.1676
 -8.000E+01  2.293E+01  6.961E-03  0.1600
 -4.000E+01  2.293E+01  8.241E-03  0.1404
  0.000E+00  2.293E+01  8.473E-03  0.1485
  4.000E+01  2.293E+01  8.323E-03  0.1460
  8.000E+01  2.293E+01  9.374E-03  0.1389
  1.200E+02  2.293E+01  7.001E-03  0.1581
  1.600E+02  2.293E+01  8.359E-03  0.1544
  2.000E+02  2.293E+01  8.385E-03  0.1419
  2.400E+02  2.293E+01  6.202E-03  0.1674
  2.800E+02  2.293E+01  6.047E-03  0.1711
  3.200E+02  2.293E+01  8.686E-03  0.1393
  3.600E+02  2.293E+01  7.252E-03  0.1601
  4.000E+02  2.293E+01  1.034E-02  0.1341
  4.400E+02  2.293E+01  7.791E-03  0.1471
  4.800E+02  2.293E+01  7.156E-03  0.1567
  5.200E+02  2.293E+01  9.750E-03  0.1332
  5.600E+02  2.293E+01  8.806E-03  0.1361
  6.000E+02  2.293E+01  8.074E-03  0.1428
  6.400E+02  2.293E+01  1.027E-02  0.1295
  6.800E+02  2.293E+01  8.161E-03  0.1449
 -6.800E+02  6.228E+01  9.541E-03  0.1386
 -6.400E+02  6.228E+01  8.250E-03  0.1447
 -6.000E+02  6.228E+01  7.573E-03  0.1529
 -5.600E+02  6.228E+01  8.976E-03  0.1594
 -5.200E+02  6.228E+01  8.093E-03  0.1558
 -4.800E+02  6.228E+01  9.452E-03  0.1381
 -4.400E+02  6.228E+01  6.605E-03  0.1603
 -4.000E+02  6.228E+01  7.853E-03  0.1437
 -3.600E+02  6.228E+01  5.959E-03  0.1590
 -3.200E+02  6.228E+01  6.729E-03  0.1618
 -2.800E+02  6.228E+01  6.985E-03  0.1631
 -2.400E+02  6.228E+01  9.020E-03  0.1417
 -2.000E+02  6.228E+01  8.269E-03  0.1630
 -1.600E+02  6.228E+01  7.032E-03  0.1560
 -1.200E+02  6.228E+01  7.221E-03  0.1544
 -8.000E+01  6.228E+01  6.267E-03  0.1672
 -4.000E+01  6.228E+01  8.484E-03  0.1422
  0.000E+00  6.228E+01  8.358E-03  0.1401
  4.000E+01  6.228E+01  1.012E-02  0.1348
  8.000E+01  6.228E+01  8.667E-03  0.1429
  1.200E+02  6.228E+01  8.640E-03  0.1515
  1.600E+02  6.228E+01  6.290E-03  0.1597
  2.000E+02  6.228E+01  7.399E-03  0.1542
  2.400E+02  6.228E+01  6.322E-03  0.1605
  2.800E+02  6.228E+01  6.346E-03  0.1632
  3.200E+02  6.228E+01  9.143E-03  0.1366
  3.600E+02  6.228E+01  6.951E-03  0.1643
  4.000E+02  6.228E+01  8.798E-03  0.1385
  4.400E+02  6.228E+01  9.613E-03  0.1332
  4.800E+02  6.228E+01  8.516E-03  0.1441
  5.200E+02  6.228E+01  7.811E-03  0.1453
  5.600E+02  6.228E+01  9.130E-03  0.1359
  6.000E+02  6.228E+01  7.426E-03  0.1479
  6.400E+02  6.228E+01  9.982E-03  0.1301
  6.800E+02  6.228E+01  9.831E-03  0.1318
 -6.800E+02  1.016E+02  1.006E-02  0.1370
 -6.400E+02  1.016E+02  7.595E-03  0.1493
 -6.000E+02  1.016E+02  8.189E-03  0.1516
 -5.600E+02  1.016E+02  7.698E-03  0.1591
 -5.200E+02  1.016E+02  8.403E-03  0.1616
 -4.800E+02  1.016E+02  7.303E-03  0.1490
 -4.400E+02  1.016E+02  7.788E-03  0.1516
 -4.000E+02  1.016E+02  7.918E-03  0.1480
 -3.600E+02  1.016E+02  7.410E-03  0.1542
 -3.200E+02  1.016E+02  5.513E-03  0.1724
 -2.800E+02  1.016E+02  8.146E-03  0.1746
 -2.400E+02  1.016E+02  1.009E-02  0.1337
 -2.000E+02  1.016E+02  7.820E-03  0.1496
 -1.600E+02  1.016E+02  7.807E-03  0.1448
 -1.200E+02  1.016E+02  6.182E-03  0.1604
 -8.000E+01  1.016E+02  6.188E-03  0.1687
 -4.000E+01  1.016E+02  8.007E-03  0.1492
  0.000E+00  1.016E+02  1.054E-02  0.1282
  4.000E+01  1.016E+02  8.770E-03  0.1441
  8.000E+01  1.016E+02  7.551E-03  0.1542
  1.200E+02  1.016E+02  9.349E-03  0.1391
  1.600E+02  1.016E+02  6.834E-03  0.1599
  2.000E+02  1.016E+02  5.279E-03  0.1785
  2.400E+02  1.016E+02  7.360E-03  0.1586
  2.800E+02  1.016E+02  7.464E-03  0.1530
  3.200E+02  1.016E+02  7.906E-03  0.1480
  3.600E+02  1.016E+02  7.721E-03  0.1554
  4.000E+02  1.016E+02  9.337E-03  0.1364
  4.400E+02  1.016E+02  8.230E-03  0.1444
  4.800E+02  1.016E+02  8.268E-03  0.1446
  5.200E+02  1.016E+02  8.604E-03  0.1454
  5.600E+02  1.016E+02  8.219E-03  0.1401
  6.000E+02  1.016E+02  8.907E-03  0.1357
  6.400E+02  1.016E+02  9.717E-03  0.1329
  6.800E+02  1.016E+02  9.965E-03  0.1298
 -6.800E+02  1.410E+02  9.851E-03  0.1439
 -6.400E+02  1.410E+02  8.677E-03  0.1399
 -6.000E+02  1.410E+02  7.438E-03  0.1644
 -5.600E+02  1.410E+02  7.071E-03  0.1601
 -5.200E+02  1.410E+02  7.283E-03  0.1532
 -4.800E+02  1.410E+02  8.252E-03  0.1516
 -4.400E+02  1.410E+02  7.572E-03  0.1536
 -4.000E+02  1.410E+02  7.431E-03  0.1529
 -3.600E+02  1.410E+02  6.228E-03  0.1670
 -3.200E+02  1.410E+02  7.106E-03  0.1814
 -2.800E+02  1.410E+02  9.142E-03  0.1459
 -2.400E+02  1.410E+02  9.751E-03  0.1350
 -2.000E+02  1.410E+02  6.764E-03  0.1556
 -1.600E+02  1.410E+02  9.217E-03  0.1370
 -1.200E+02  1.410E+02  7.348E-03  0.1555
 -8.000E+01  1.410E+02  5.188E-03  0.1755
 -4.000E+01  1.410E+02  7.974E-03  0.1543
  0.000E+00  1.410E+02  9.307E-03  0.1425
  4.000E+01  1.410E+02  1.050E-02  0.1493
  8.000E+01  1.410E+02  8.779E-03  0.1632
  1.200E+02  1.410E+02  1.115E-02  0.1476
  1.600E+02  1.410E+02  8.416E-03  0.1681
  2.000E+02  1.410E+02  7.077E-03  0.1938
  2.400E+02  1.410E+02  8.973E-03  0.1641
  2.800E+02  1.410E+02  7.783E-03  0.1788
  3.200E+02  1.410E+02  8.833E-03  0.1622
  3.600E+02  1.410E+02  9.485E-03  0.1564
  4.000E+02  1.410E+02  9.703E-03  0.1344
  4.400E+02  1.410E+02  8.253E-03  0.1483
  4.800E+02  1.410E+02  8.145E-03  0.1507
  5.200E+02  1.410E+02  7.337E-03  0.1549
  5.600E+02  1.410E+02  8.796E-03  0.1418
  6.000E+02  1.410E+02  8.749E-03  0.1407
  6.400E+02  1.410E+02  1.030E-02  0.1299
  6.800E+02  1.410E+02  8.415E-03  0.1413
 -6.800E+02  1.803E+02  9.052E-03  0.1457
 -6.400E+02  1.803E+02  9.376E-03  0.1377
 -6.000E+02  1.803E+02  5.996E-03  0.1785
 -5.600E+02  1.803E+02  7.095E-03  0.1610
 -5.200E+02  1.803E+02  7.377E-03  0.1552
 -4.800E+02  1.803E+02  8.230E-03  0.1540
 -4.400E+02  1.803E+02  8.222E-03  0.1472
 -4.000E+02  1.803E+02  9.586E-03  0.1459
 -3.600E+02  1.803E+02  7.547E-03  0.1567
 -3.200E+02  1.803E+02  6.652E-03  0.1651
 -2.800E+02  1.803E+02  8.480E-03  0.1505
 -2.400E+02  1.803E+02  7.784E-03  0.1441
 -2.000E+02  1.803E+02  6.928E-03  0.1563
 -1.600E+02  1.803E+02  8.653E-03  0.1428
 -1.200E+02  1.803E+02  6.342E-03  0.1608
 -8.000E+01  1.803E+02  6.409E-03  0.1593
 -4.000E+01  1.803E+02  6.891E-03  0.1574
  0.000E+00  1.803E+02  7.899E-03  0.1524
  4.000E+01  1.803E+02  8.632E-03  0.1414
  8.000E+01  1.803E+02  7.634E-03  0.1482
  1.200E+02  1.803E+02  8.074E-03  0.1491
  1.600E+02  1.803E+02  8.793E-03  0.1454
  2.000E+02  1.803E+02  7.055E-03  0.1615
  2.400E+02  1.803E+02  8.231E-03  0.1466
  2.800E+02  1.803E+02  8.567E-03  0.1425
  3.200E+02  1.803E+02  8.868E-03  0.1353
  3.600E+02  1.803E+02  7.059E-03  0.1563
  4.000E+02  1.803E+02  9.378E-03  0.1414
  4.400E+02  1.803E+02  7.702E-03  0.1464
  4.800E+02  1.803E+02  8.701E-03  0.1449
  5.200E+02  1.803E+02  7.949E-03  0.1513
  5.600E+02  1.803E+02  9.377E-03  0.1371
  6.000E+02  1.803E+02  6.524E-03  0.1564
  6.400E+02  1.803E+02  9.462E-03  0.1363
  6.800E+02  1.803E+02  7.495E-03  0.1506

# Information for Restart Calculation
# This calculation was newly started
# istdev =  2 # 1:Batch variance, 2:History variance
# resc2  = 7.82832684142561325E-02 # Total source weight or Total source weight / maxcas
# resc3  = 5.00000000000000000E+03 # Total history number or Total batch number
# maxcas =        5000 # History / Batch, only used for istdev=1
# bitrseed = 0101010011100110111001100111011110110110001001111011111101001001 # bit data of rseed
