[ T-Track ]
    title = Flux spectra vs depth in concrete
     mesh =  xyz            # mesh type is xyz scoring mesh
   x-type =    2            # x-mesh is linear given by xmin, xmax and nx
     xmin =  -600.0000      # minimum value of x-mesh points
     xmax =   600.0000      # maximum value of x-mesh points
#    xdel =   1200.000      # mesh width of x-mesh points
       nx =      1          # number of x-mesh points
#    data = ( x(i), i = 1, nx + 1 )
#          -6.00000E+02  6.00000E+02
   y-type =    2            # y-mesh is linear given by ymin, ymax and ny
     ymin =  -600.0000      # minimum value of y-mesh points
     ymax =   600.0000      # maximum value of y-mesh points
#    ydel =   1200.000      # mesh width of y-mesh points
       ny =      1          # number of y-mesh points
#    data = ( y(i), i = 1, ny + 1 )
#          -6.00000E+02  6.00000E+02
   z-type =    2            # z-mesh is linear given by zmin, zmax and nz
     zmin =  -700.0000      # minimum value of z-mesh points
     zmax =   0.000000      # maximum value of z-mesh points
#    zdel =   20.00000      # mesh width of z-mesh points
       nz =     35          # number of z-mesh points
#    data = ( z(i), i = 1, nz + 1 )
#          -7.00000E+02 -6.80000E+02 -6.60000E+02 -6.40000E+02 -6.20000E+02
#          -6.00000E+02 -5.80000E+02 -5.60000E+02 -5.40000E+02 -5.20000E+02
#          -5.00000E+02 -4.80000E+02 -4.60000E+02 -4.40000E+02 -4.20000E+02
#          -4.00000E+02 -3.80000E+02 -3.60000E+02 -3.40000E+02 -3.20000E+02
#          -3.00000E+02 -2.80000E+02 -2.60000E+02 -2.40000E+02 -2.20000E+02
#          -2.00000E+02 -1.80000E+02 -1.60000E+02 -1.40000E+02 -1.20000E+02
#          -1.00000E+02 -8.00000E+01 -6.00000E+01 -4.00000E+01 -2.00000E+01
#           0.00000E+00
   e-type =    3            # e-mesh is log given by emin, emax and ne
     emin =  1.0000000E-10  # minimum value of e-mesh points
     emax =   100000.0      # maximum value of e-mesh points
#    edel =  0.5756463      # mesh width of e-mesh points
       ne =     60          # number of e-mesh points
#    data = ( e(i), i = 1, ne + 1 )
#           1.00000E-10  1.77828E-10  3.16228E-10  5.62341E-10  1.00000E-09
#           1.77828E-09  3.16228E-09  5.62341E-09  1.00000E-08  1.77828E-08
#           3.16228E-08  5.62341E-08  1.00000E-07  1.77828E-07  3.16228E-07
#           5.62341E-07  1.00000E-06  1.77828E-06  3.16228E-06  5.62341E-06
#           1.00000E-05  1.77828E-05  3.16228E-05  5.62341E-05  1.00000E-04
#           1.77828E-04  3.16228E-04  5.62341E-04  1.00000E-03  1.77828E-03
#           3.16228E-03  5.62341E-03  1.00000E-02  1.77828E-02  3.16228E-02
#           5.62341E-02  1.00000E-01  1.77828E-01  3.16228E-01  5.62341E-01
#           1.00000E+00  1.77828E+00  3.16228E+00  5.62341E+00  1.00000E+01
#           1.77828E+01  3.16228E+01  5.62341E+01  1.00000E+02  1.77828E+02
#           3.16228E+02  5.62341E+02  1.00000E+03  1.77828E+03  3.16228E+03
#           5.62341E+03  1.00000E+04  1.77828E+04  3.16228E+04  5.62341E+04
#           1.00000E+05
     unit =    1            # unit is [1/cm^2/source]
 material =  all            # (D=all) number of specific material
     axis =     eng            # axis of output
     file = depth_spec.out  # file name of output for the above axis
     part =  neutron    muon-      muon+      proton   
# kf/name :  2112       13         -13        2212     
#    used :        main (  %)        temp (  %)       total (  %)
#  memory :         105 (  0)           0 (  0)         105 (  0)

#------------------------------------------------------------------------------
#newpage:
#   no. =  1   ix  =  1   iy  =  1   iz  =  1
#   x = (  -6.0000E+02  -   6.0000E+02  )
#   y = (  -6.0000E+02  -   6.0000E+02  )
#   z = (  -7.0000E+02  -  -6.8000E+02  )

x: Energy [MeV/n]
y: Flux [1/cm^2/source]              
p: xlog ylog afac(0.8) form(0.9)
h: n            x            y(neutron ),hh0l n y(muon-   ),hh0dr n y(muon+   ),hh0ub n y(proton  ),hh0mg n 
#  e-lower      e-upper        neutron   r.err      muon-     r.err      muon+     r.err      proton    r.err 
   1.0000E-10   1.7783E-10   0.0000E+00  0.0000   0.0000E+00  0.0000   0.0000E+00  0.0000   0.0000E+00  0.0000
   1.7783E-10   3.1623E-10   0.0000E+00  0.0000   0.0000E+00  0.0000   0.0000E+00  0.0000   0.0000E+00  0.0000
   3.1623E-10   5.6234E-10   0.0000E+00  0.0000   0.0000E+00  0.0000   0.0000E+00  0.0000   0.0000E+00  0.0000
   5.6234E-10   1.0000E-09   0.0000E+00  0.0000   0.0000E+00  0.0000   0.0000E+00  0.0000   0.0000E+00  0.0000
   1.0000E-09   1.7783E-09   0.0000E+00  0.0000   0.0000E+00  0.0000   0.0000E+00  0.0000   0.0000E+00  0.0000
   1.7783E-09   3.1623E-09   0.0000E+00  0.0000   0.0000E+00  0.0000   0.0000E+00  0.0000   0.0000E+00  0.0000
   3.1623E-09   5.6234E-09   0.0000E+00  0.0000   0.0000E+00  0.0000   0.0000E+00  0.0000   0.0000E+00  0.0000
   5.6234E-09   1.0000E-08   0.0000E+00  0.0000   0.0000E+00  0.0000   0.0000E+00  0.0000   0.0000E+00  0.0000
   1.0000E-08   1.7783E-08   0.0000E+00  0.0000   0.0000E+00  0.0000   0.0000E+00  0.0000   0.0000E+00  0.0000
   1.7783E-08   3.1623E-08   0.0000E+00  0.0000   0.0000E+00  0.0000   0.0000E+00  0.0000   0.0000E+00  0.0000
   3.1623E-08   5.6234E-08   0.0000E+00  0.0000   0.0000E+00  0.0000   0.0000E+00  0.0000   0.0000E+00  0.0000
   5.6234E-08   1.0000E-07   0.0000E+00  0.0000   0.0000E+00  0.0000   0.0000E+00  0.0000   0.0000E+00  0.0000
   1.0000E-07   1.7783E-07   0.0000E+00  0.0000   0.0000E+00  0.0000   0.0000E+00  0.0000   0.0000E+00  0.0000
   1.7783E-07   3.1623E-07   0.0000E+00  0.0000   0.0000E+00  0.0000   0.0000E+00  0.0000   0.0000E+00  0.0000
   3.1623E-07   5.6234E-07   0.0000E+00  0.0000   0.0000E+00  0.0000   0.0000E+00  0.0000   0.0000E+00  0.0000
   5.6234E-07   1.0000E-06   0.0000E+00  0.0000   0.0000E+00  0.0000   0.0000E+00  0.0000   0.0000E+00  0.0000
   1.0000E-06   1.7783E-06   0.0000E+00  0.0000   0.0000E+00  0.0000   0.0000E+00  0.0000   0.0000E+00  0.0000
   1.7783E-06   3.1623E-06   0.0000E+00  0.0000   0.0000E+00  0.0000   0.0000E+00  0.0000   0.0000E+00  0.0000
   3.1623E-06   5.6234E-06   0.0000E+00  0.0000   0.0000E+00  0.0000   0.0000E+00  0.0000   0.0000E+00  0.0000
   5.6234E-06   1.0000E-05   0.0000E+00  0.0000   0.0000E+00  0.0000   0.0000E+00  0.0000   0.0000E+00  0.0000
   1.0000E-05   1.7783E-05   0.0000E+00  0.0000   0.0000E+00  0.0000   0.0000E+00  0.0000   0.0000E+00  0.0000
   1.7783E-05   3.1623E-05   0.0000E+00  0.0000   0.0000E+00  0.0000   0.0000E+00  0.0000   0.0000E+00  0.0000
   3.1623E-05   5.6234E-05   0.0000E+00  0.0000   0.0000E+00  0.0000   0.0000E+00  0.0000   0.0000E+00  0.0000
   5.6234E-05   1.0000E-04   0.0000E+00  0.0000   0.0000E+00  0.0000   0.0000E+00  0.0000   0.0000E+00  0.0000
   1.0000E-04   1.7783E-04   0.0000E+00  0.0000   0.0000E+00  0.0000   0.0000E+00  0.0000   0.0000E+00  0.0000
   1.7783E-04   3.1623E-04   0.0000E+00  0.0000   0.0000E+00  0.0000   0.0000E+00  0.0000   0.0000E+00  0.0000
   3.1623E-04   5.6234E-04   0.0000E+00  0.0000   0.0000E+00  0.0000   0.0000E+00  0.0000   0.0000E+00  0.0000
   5.6234E-04   1.0000E-03   0.0000E+00  0.0000   0.0000E+00  0.0000   0.0000E+00  0.0000   0.0000E+00  0.0000
   1.0000E-03   1.7783E-03   0.0000E+00  0.0000   0.0000E+00  0.0000   0.0000E+00  0.0000   0.0000E+00  0.0000
   1.7783E-03   3.1623E-03   0.0000E+00  0.0000   0.0000E+00  0.0000   0.0000E+00  0.0000   0.0000E+00  0.0000
   3.1623E-03   5.6234E-03   0.0000E+00  0.0000   0.0000E+00  0.0000   0.0000E+00  0.0000   0.0000E+00  0.0000
   5.6234E-03   1.0000E-02   0.0000E+00  0.0000   0.0000E+00  0.0000   0.0000E+00  0.0000   0.0000E+00  0.0000
   1.0000E-02   1.7783E-02   0.0000E+00  0.0000   0.0000E+00  0.0000   0.0000E+00  0.0000   0.0000E+00  0.0000
   1.7783E-02   3.1623E-02   0.0000E+00  0.0000   0.0000E+00  0.0000   0.0000E+00  0.0000   0.0000E+00  0.0000
   3.1623E-02   5.6234E-02   0.0000E+00  0.0000   0.0000E+00  0.0000   0.0000E+00  0.0000   0.0000E+00  0.0000
   5.6234E-02   1.0000E-01   0.0000E+00  0.0000   0.0000E+00  0.0000   0.0000E+00  0.0000   0.0000E+00  0.0000
   1.0000E-01   1.7783E-01   0.0000E+00  0.0000   0.0000E+00  0.0000   0.0000E+00  0.0000   0.0000E+00  0.0000
   1.7783E-01   3.1623E-01   0.0000E+00  0.0000   0.0000E+00  0.0000   0.0000E+00  0.0000   0.0000E+00  0.0000
   3.1623E-01   5.6234E-01   0.0000E+00  0.0000   0.0000E+00  0.0000   0.0000E+00  0.0000   0.0000E+00  0.0000
   5.6234E-01   1.0000E+00   0.0000E+00  0.0000   0.0000E+00  0.0000   0.0000E+00  0.0000   0.0000E+00  0.0000
   1.0000E+00   1.7783E+00   0.0000E+00  0.0000   0.0000E+00  0.0000   0.0000E+00  0.0000   0.0000E+00  0.0000
   1.7783E+00   3.1623E+00   0.0000E+00  0.0000   0.0000E+00  0.0000   0.0000E+00  0.0000   0.0000E+00  0.0000
   3.1623E+00   5.6234E+00   0.0000E+00  0.0000   0.0000E+00  0.0000   0.0000E+00  0.0000   0.0000E+00  0.0000
   5.6234E+00   1.0000E+01   0.0000E+00  0.0000   0.0000E+00  0.0000   0.0000E+00  0.0000   0.0000E+00  0.0000
   1.0000E+01   1.7783E+01   0.0000E+00  0.0000   0.0000E+00  0.0000   0.0000E+00  0.0000   0.0000E+00  0.0000
   1.7783E+01   3.1623E+01   0.0000E+00  0.0000   0.0000E+00  0.0000   0.0000E+00  0.0000   0.0000E+00  0.0000
   3.1623E+01   5.6234E+01   0.0000E+00  0.0000   0.0000E+00  0.0000   0.0000E+00  0.0000   0.0000E+00  0.0000
   5.6234E+01   1.0000E+02   0.0000E+00  0.0000   0.0000E+00  0.0000   0.0000E+00  0.0000   0.0000E+00  0.0000
   1.0000E+02   1.7783E+02   0.0000E+00  0.0000   0.0000E+00  0.0000   3.0463E-05  1.0000   0.0000E+00  0.0000
   1.7783E+02   3.1623E+02   0.0000E+00  0.0000   0.0000E+00  0.0000   1.6384E-05  1.0000   0.0000E+00  0.0000
   3.1623E+02   5.6234E+02   0.0000E+00  0.0000   0.0000E+00  0.0000   1.5563E-04  0.5477   0.0000E+00  0.0000
   5.6234E+02   1.0000E+03   0.0000E+00  0.0000   0.0000E+00  0.0000   1.6023E-04  0.5075   0.0000E+00  0.0000
   1.0000E+03   1.7783E+03   0.0000E+00  0.0000   0.0000E+00  0.0000   3.4743E-04  0.3575   0.0000E+00  0.0000
   1.7783E+03   3.1623E+03   0.0000E+00  0.0000   0.0000E+00  0.0000   8.0482E-04  0.2451   0.0000E+00  0.0000
   3.1623E+03   5.6234E+03   0.0000E+00  0.0000   0.0000E+00  0.0000   3.3174E-04  0.3698   0.0000E+00  0.0000
   5.6234E+03   1.0000E+04   0.0000E+00  0.0000   0.0000E+00  0.0000   2.6695E-04  0.4247   0.0000E+00  0.0000
   1.0000E+04   1.7783E+04   0.0000E+00  0.0000   0.0000E+00  0.0000   2.1375E-04  0.4468   0.0000E+00  0.0000
   1.7783E+04   3.1623E+04   0.0000E+00  0.0000   0.0000E+00  0.0000   1.5782E-04  0.6066   0.0000E+00  0.0000
   3.1623E+04   5.6234E+04   0.0000E+00  0.0000   0.0000E+00  0.0000   1.5023E-04  0.5783   0.0000E+00  0.0000
   5.6234E+04   1.0000E+05   0.0000E+00  0.0000   0.0000E+00  0.0000   0.0000E+00  0.0000   0.0000E+00  0.0000

#   sum over                 0.0000E+00  0.0000   0.0000E+00  0.0000   2.6355E-03  0.1342   0.0000E+00  0.0000

'no. =  1, (ix,iy,iz) = (  1,  1,  1)'
msuc: {\huge Flux spectra vs depth in concrete}
msdr: {\it plotted by \ANGEL \version}
msdl: {\it calculated by \PHITS  3.36}
wt: s(0.7)
\vspace{-3}
   vol  &=&   2.8800E+07 [cm^3]
  xmin  &=&  -6.0000E+02 [cm]
  xmax  &=&   6.0000E+02 [cm]
  ymin  &=&  -6.0000E+02 [cm]
  ymax  &=&   6.0000E+02 [cm]
  zmin  &=&  -7.0000E+02 [cm]
  zmax  &=&  -6.8000E+02 [cm]
e:

#------------------------------------------------------------------------------
 newpage:
#   no. =  2   ix  =  1   iy  =  1   iz  =  2
#   x = (  -6.0000E+02  -   6.0000E+02  )
#   y = (  -6.0000E+02  -   6.0000E+02  )
#   z = (  -6.8000E+02  -  -6.6000E+02  )

x: Energy [MeV/n]
y: Flux [1/cm^2/source]              
p: xlog ylog afac(0.8) form(0.9)
h: n            x            y(neutron ),hh0l n y(muon-   ),hh0dr n y(muon+   ),hh0ub n y(proton  ),hh0mg n 
#  e-lower      e-upper        neutron   r.err      muon-     r.err      muon+     r.err      proton    r.err 
   1.0000E-10   1.7783E-10   0.0000E+00  0.0000   0.0000E+00  0.0000   0.0000E+00  0.0000   0.0000E+00  0.0000
   1.7783E-10   3.1623E-10   0.0000E+00  0.0000   0.0000E+00  0.0000   0.0000E+00  0.0000   0.0000E+00  0.0000
   3.1623E-10   5.6234E-10   0.0000E+00  0.0000   0.0000E+00  0.0000   0.0000E+00  0.0000   0.0000E+00  0.0000
   5.6234E-10   1.0000E-09   0.0000E+00  0.0000   0.0000E+00  0.0000   0.0000E+00  0.0000   0.0000E+00  0.0000
   1.0000E-09   1.7783E-09   0.0000E+00  0.0000   0.0000E+00  0.0000   0.0000E+00  0.0000   0.0000E+00  0.0000
   1.7783E-09   3.1623E-09   0.0000E+00  0.0000   0.0000E+00  0.0000   0.0000E+00  0.0000   0.0000E+00  0.0000
   3.1623E-09   5.6234E-09   0.0000E+00  0.0000   0.0000E+00  0.0000   0.0000E+00  0.0000   0.0000E+00  0.0000
   5.6234E-09   1.0000E-08   0.0000E+00  0.0000   0.0000E+00  0.0000   0.0000E+00  0.0000   0.0000E+00  0.0000
   1.0000E-08   1.7783E-08   0.0000E+00  0.0000   0.0000E+00  0.0000   0.0000E+00  0.0000   0.0000E+00  0.0000
   1.7783E-08   3.1623E-08   0.0000E+00  0.0000   0.0000E+00  0.0000   0.0000E+00  0.0000   0.0000E+00  0.0000
   3.1623E-08   5.6234E-08   0.0000E+00  0.0000   0.0000E+00  0.0000   0.0000E+00  0.0000   0.0000E+00  0.0000
   5.6234E-08   1.0000E-07   0.0000E+00  0.0000   0.0000E+00  0.0000   0.0000E+00  0.0000   0.0000E+00  0.0000
   1.0000E-07   1.7783E-07   0.0000E+00  0.0000   0.0000E+00  0.0000   0.0000E+00  0.0000   0.0000E+00  0.0000
   1.7783E-07   3.1623E-07   0.0000E+00  0.0000   0.0000E+00  0.0000   0.0000E+00  0.0000   0.0000E+00  0.0000
   3.1623E-07   5.6234E-07   0.0000E+00  0.0000   0.0000E+00  0.0000   0.0000E+00  0.0000   0.0000E+00  0.0000
   5.6234E-07   1.0000E-06   0.0000E+00  0.0000   0.0000E+00  0.0000   0.0000E+00  0.0000   0.0000E+00  0.0000
   1.0000E-06   1.7783E-06   0.0000E+00  0.0000   0.0000E+00  0.0000   0.0000E+00  0.0000   0.0000E+00  0.0000
   1.7783E-06   3.1623E-06   0.0000E+00  0.0000   0.0000E+00  0.0000   0.0000E+00  0.0000   0.0000E+00  0.0000
   3.1623E-06   5.6234E-06   0.0000E+00  0.0000   0.0000E+00  0.0000   0.0000E+00  0.0000   0.0000E+00  0.0000
   5.6234E-06   1.0000E-05   0.0000E+00  0.0000   0.0000E+00  0.0000   0.0000E+00  0.0000   0.0000E+00  0.0000
   1.0000E-05   1.7783E-05   0.0000E+00  0.0000   0.0000E+00  0.0000   0.0000E+00  0.0000   0.0000E+00  0.0000
   1.7783E-05   3.1623E-05   0.0000E+00  0.0000   0.0000E+00  0.0000   0.0000E+00  0.0000   0.0000E+00  0.0000
   3.1623E-05   5.6234E-05   0.0000E+00  0.0000   0.0000E+00  0.0000   0.0000E+00  0.0000   0.0000E+00  0.0000
   5.6234E-05   1.0000E-04   0.0000E+00  0.0000   0.0000E+00  0.0000   0.0000E+00  0.0000   0.0000E+00  0.0000
   1.0000E-04   1.7783E-04   0.0000E+00  0.0000   0.0000E+00  0.0000   0.0000E+00  0.0000   0.0000E+00  0.0000
   1.7783E-04   3.1623E-04   0.0000E+00  0.0000   0.0000E+00  0.0000   6.1972E-21  1.0000   0.0000E+00  0.0000
   3.1623E-04   5.6234E-04   0.0000E+00  0.0000   0.0000E+00  0.0000   0.0000E+00  0.0000   0.0000E+00  0.0000
   5.6234E-04   1.0000E-03   0.0000E+00  0.0000   0.0000E+00  0.0000   0.0000E+00  0.0000   0.0000E+00  0.0000
   1.0000E-03   1.7783E-03   0.0000E+00  0.0000   0.0000E+00  0.0000   5.8932E-12  1.0000   0.0000E+00  0.0000
   1.7783E-03   3.1623E-03   0.0000E+00  0.0000   0.0000E+00  0.0000   2.9097E-12  1.0000   0.0000E+00  0.0000
   3.1623E-03   5.6234E-03   0.0000E+00  0.0000   0.0000E+00  0.0000   4.2989E-12  1.0000   0.0000E+00  0.0000
   5.6234E-03   1.0000E-02   0.0000E+00  0.0000   0.0000E+00  0.0000   6.8948E-12  1.0000   0.0000E+00  0.0000
   1.0000E-02   1.7783E-02   0.0000E+00  0.0000   0.0000E+00  0.0000   1.2363E-11  1.0000   0.0000E+00  0.0000
   1.7783E-02   3.1623E-02   0.0000E+00  0.0000   0.0000E+00  0.0000   2.5524E-11  1.0000   0.0000E+00  0.0000
   3.1623E-02   5.6234E-02   0.0000E+00  0.0000   0.0000E+00  0.0000   5.9628E-11  1.0000   0.0000E+00  0.0000
   5.6234E-02   1.0000E-01   0.0000E+00  0.0000   0.0000E+00  0.0000   1.4941E-10  1.0000   0.0000E+00  0.0000
   1.0000E-01   1.7783E-01   0.0000E+00  0.0000   0.0000E+00  0.0000   3.8350E-10  1.0000   0.0000E+00  0.0000
   1.7783E-01   3.1623E-01   0.0000E+00  0.0000   0.0000E+00  0.0000   1.0032E-09  1.0000   0.0000E+00  0.0000
   3.1623E-01   5.6234E-01   0.0000E+00  0.0000   0.0000E+00  0.0000   2.6889E-09  1.0000   0.0000E+00  0.0000
   5.6234E-01   1.0000E+00   0.0000E+00  0.0000   0.0000E+00  0.0000   7.3750E-09  1.0000   0.0000E+00  0.0000
   1.0000E+00   1.7783E+00   0.0000E+00  0.0000   0.0000E+00  0.0000   2.0651E-08  1.0000   0.0000E+00  0.0000
   1.7783E+00   3.1623E+00   0.0000E+00  0.0000   0.0000E+00  0.0000   5.8741E-08  1.0000   0.0000E+00  0.0000
   3.1623E+00   5.6234E+00   0.0000E+00  0.0000   0.0000E+00  0.0000   1.6601E-07  1.0000   0.0000E+00  0.0000
   5.6234E+00   1.0000E+01   0.0000E+00  0.0000   0.0000E+00  0.0000   4.6245E-07  1.0000   0.0000E+00  0.0000
   1.0000E+01   1.7783E+01   0.0000E+00  0.0000   0.0000E+00  0.0000   1.2591E-06  1.0000   0.0000E+00  0.0000
   1.7783E+01   3.1623E+01   0.0000E+00  0.0000   0.0000E+00  0.0000   3.2872E-06  1.0000   0.0000E+00  0.0000
   3.1623E+01   5.6234E+01   0.0000E+00  0.0000   0.0000E+00  0.0000   8.0362E-06  1.0000   0.0000E+00  0.0000
   5.6234E+01   1.0000E+02   0.0000E+00  0.0000   0.0000E+00  0.0000   1.7245E-05  1.0000   0.0000E+00  0.0000
   1.0000E+02   1.7783E+02   0.0000E+00  0.0000   0.0000E+00  0.0000   0.0000E+00  0.0000   0.0000E+00  0.0000
   1.7783E+02   3.1623E+02   0.0000E+00  0.0000   0.0000E+00  0.0000   4.6847E-05  1.0000   0.0000E+00  0.0000
   3.1623E+02   5.6234E+02   0.0000E+00  0.0000   0.0000E+00  0.0000   6.8529E-05  0.7332   0.0000E+00  0.0000
   5.6234E+02   1.0000E+03   0.0000E+00  0.0000   0.0000E+00  0.0000   1.9988E-04  0.4501   0.0000E+00  0.0000
   1.0000E+03   1.7783E+03   0.0000E+00  0.0000   0.0000E+00  0.0000   3.3274E-04  0.3632   0.0000E+00  0.0000
   1.7783E+03   3.1623E+03   0.0000E+00  0.0000   0.0000E+00  0.0000   8.4763E-04  0.2414   0.0000E+00  0.0000
   3.1623E+03   5.6234E+03   0.0000E+00  0.0000   0.0000E+00  0.0000   3.8034E-04  0.3551   0.0000E+00  0.0000
   5.6234E+03   1.0000E+04   0.0000E+00  0.0000   0.0000E+00  0.0000   2.6088E-04  0.4332   0.0000E+00  0.0000
   1.0000E+04   1.7783E+04   0.0000E+00  0.0000   0.0000E+00  0.0000   2.6224E-04  0.4184   0.0000E+00  0.0000
   1.7783E+04   3.1623E+04   0.0000E+00  0.0000   0.0000E+00  0.0000   1.5782E-04  0.6066   0.0000E+00  0.0000
   3.1623E+04   5.6234E+04   0.0000E+00  0.0000   0.0000E+00  0.0000   1.5023E-04  0.5783   0.0000E+00  0.0000
   5.6234E+04   1.0000E+05   0.0000E+00  0.0000   0.0000E+00  0.0000   0.0000E+00  0.0000   0.0000E+00  0.0000

#   sum over                 0.0000E+00  0.0000   0.0000E+00  0.0000   2.7377E-03  0.1319   0.0000E+00  0.0000

'no. =  2, (ix,iy,iz) = (  1,  1,  2)'
msuc: {\huge Flux spectra vs depth in concrete}
msdr: {\it plotted by \ANGEL \version}
msdl: {\it calculated by \PHITS  3.36}
wt: s(0.7)
\vspace{-3}
   vol  &=&   2.8800E+07 [cm^3]
  xmin  &=&  -6.0000E+02 [cm]
  xmax  &=&   6.0000E+02 [cm]
  ymin  &=&  -6.0000E+02 [cm]
  ymax  &=&   6.0000E+02 [cm]
  zmin  &=&  -6.8000E+02 [cm]
  zmax  &=&  -6.6000E+02 [cm]
e:

#------------------------------------------------------------------------------
 newpage:
#   no. =  3   ix  =  1   iy  =  1   iz  =  3
#   x = (  -6.0000E+02  -   6.0000E+02  )
#   y = (  -6.0000E+02  -   6.0000E+02  )
#   z = (  -6.6000E+02  -  -6.4000E+02  )

x: Energy [MeV/n]
y: Flux [1/cm^2/source]              
p: xlog ylog afac(0.8) form(0.9)
h: n            x            y(neutron ),hh0l n y(muon-   ),hh0dr n y(muon+   ),hh0ub n y(proton  ),hh0mg n 
#  e-lower      e-upper        neutron   r.err      muon-     r.err      muon+     r.err      proton    r.err 
   1.0000E-10   1.7783E-10   0.0000E+00  0.0000   0.0000E+00  0.0000   0.0000E+00  0.0000   0.0000E+00  0.0000
   1.7783E-10   3.1623E-10   0.0000E+00  0.0000   0.0000E+00  0.0000   0.0000E+00  0.0000   0.0000E+00  0.0000
   3.1623E-10   5.6234E-10   0.0000E+00  0.0000   0.0000E+00  0.0000   0.0000E+00  0.0000   0.0000E+00  0.0000
   5.6234E-10   1.0000E-09   0.0000E+00  0.0000   0.0000E+00  0.0000   0.0000E+00  0.0000   0.0000E+00  0.0000
   1.0000E-09   1.7783E-09   0.0000E+00  0.0000   0.0000E+00  0.0000   0.0000E+00  0.0000   0.0000E+00  0.0000
   1.7783E-09   3.1623E-09   0.0000E+00  0.0000   0.0000E+00  0.0000   0.0000E+00  0.0000   0.0000E+00  0.0000
   3.1623E-09   5.6234E-09   0.0000E+00  0.0000   0.0000E+00  0.0000   0.0000E+00  0.0000   0.0000E+00  0.0000
   5.6234E-09   1.0000E-08   0.0000E+00  0.0000   0.0000E+00  0.0000   0.0000E+00  0.0000   0.0000E+00  0.0000
   1.0000E-08   1.7783E-08   0.0000E+00  0.0000   0.0000E+00  0.0000   0.0000E+00  0.0000   0.0000E+00  0.0000
   1.7783E-08   3.1623E-08   0.0000E+00  0.0000   0.0000E+00  0.0000   0.0000E+00  0.0000   0.0000E+00  0.0000
   3.1623E-08   5.6234E-08   0.0000E+00  0.0000   0.0000E+00  0.0000   0.0000E+00  0.0000   0.0000E+00  0.0000
   5.6234E-08   1.0000E-07   0.0000E+00  0.0000   0.0000E+00  0.0000   0.0000E+00  0.0000   0.0000E+00  0.0000
   1.0000E-07   1.7783E-07   0.0000E+00  0.0000   0.0000E+00  0.0000   0.0000E+00  0.0000   0.0000E+00  0.0000
   1.7783E-07   3.1623E-07   0.0000E+00  0.0000   0.0000E+00  0.0000   0.0000E+00  0.0000   0.0000E+00  0.0000
   3.1623E-07   5.6234E-07   0.0000E+00  0.0000   0.0000E+00  0.0000   0.0000E+00  0.0000   0.0000E+00  0.0000
   5.6234E-07   1.0000E-06   0.0000E+00  0.0000   0.0000E+00  0.0000   0.0000E+00  0.0000   0.0000E+00  0.0000
   1.0000E-06   1.7783E-06   0.0000E+00  0.0000   0.0000E+00  0.0000   0.0000E+00  0.0000   0.0000E+00  0.0000
   1.7783E-06   3.1623E-06   0.0000E+00  0.0000   0.0000E+00  0.0000   0.0000E+00  0.0000   0.0000E+00  0.0000
   3.1623E-06   5.6234E-06   0.0000E+00  0.0000   0.0000E+00  0.0000   0.0000E+00  0.0000   0.0000E+00  0.0000
   5.6234E-06   1.0000E-05   0.0000E+00  0.0000   0.0000E+00  0.0000   0.0000E+00  0.0000   0.0000E+00  0.0000
   1.0000E-05   1.7783E-05   0.0000E+00  0.0000   0.0000E+00  0.0000   0.0000E+00  0.0000   0.0000E+00  0.0000
   1.7783E-05   3.1623E-05   0.0000E+00  0.0000   0.0000E+00  0.0000   0.0000E+00  0.0000   0.0000E+00  0.0000
   3.1623E-05   5.6234E-05   0.0000E+00  0.0000   0.0000E+00  0.0000   0.0000E+00  0.0000   0.0000E+00  0.0000
   5.6234E-05   1.0000E-04   0.0000E+00  0.0000   0.0000E+00  0.0000   0.0000E+00  0.0000   0.0000E+00  0.0000
   1.0000E-04   1.7783E-04   0.0000E+00  0.0000   0.0000E+00  0.0000   0.0000E+00  0.0000   0.0000E+00  0.0000
   1.7783E-04   3.1623E-04   0.0000E+00  0.0000   0.0000E+00  0.0000   0.0000E+00  0.0000   0.0000E+00  0.0000
   3.1623E-04   5.6234E-04   0.0000E+00  0.0000   0.0000E+00  0.0000   0.0000E+00  0.0000   0.0000E+00  0.0000
   5.6234E-04   1.0000E-03   0.0000E+00  0.0000   0.0000E+00  0.0000   0.0000E+00  0.0000   0.0000E+00  0.0000
   1.0000E-03   1.7783E-03   0.0000E+00  0.0000   0.0000E+00  0.0000   0.0000E+00  0.0000   0.0000E+00  0.0000
   1.7783E-03   3.1623E-03   0.0000E+00  0.0000   0.0000E+00  0.0000   0.0000E+00  0.0000   0.0000E+00  0.0000
   3.1623E-03   5.6234E-03   0.0000E+00  0.0000   0.0000E+00  0.0000   0.0000E+00  0.0000   0.0000E+00  0.0000
   5.6234E-03   1.0000E-02   0.0000E+00  0.0000   0.0000E+00  0.0000   0.0000E+00  0.0000   0.0000E+00  0.0000
   1.0000E-02   1.7783E-02   0.0000E+00  0.0000   0.0000E+00  0.0000   0.0000E+00  0.0000   0.0000E+00  0.0000
   1.7783E-02   3.1623E-02   0.0000E+00  0.0000   0.0000E+00  0.0000   0.0000E+00  0.0000   0.0000E+00  0.0000
   3.1623E-02   5.6234E-02   0.0000E+00  0.0000   0.0000E+00  0.0000   0.0000E+00  0.0000   0.0000E+00  0.0000
   5.6234E-02   1.0000E-01   0.0000E+00  0.0000   0.0000E+00  0.0000   0.0000E+00  0.0000   0.0000E+00  0.0000
   1.0000E-01   1.7783E-01   0.0000E+00  0.0000   0.0000E+00  0.0000   0.0000E+00  0.0000   0.0000E+00  0.0000
   1.7783E-01   3.1623E-01   0.0000E+00  0.0000   0.0000E+00  0.0000   0.0000E+00  0.0000   0.0000E+00  0.0000
   3.1623E-01   5.6234E-01   0.0000E+00  0.0000   0.0000E+00  0.0000   0.0000E+00  0.0000   0.0000E+00  0.0000
   5.6234E-01   1.0000E+00   0.0000E+00  0.0000   0.0000E+00  0.0000   0.0000E+00  0.0000   0.0000E+00  0.0000
   1.0000E+00   1.7783E+00   0.0000E+00  0.0000   0.0000E+00  0.0000   0.0000E+00  0.0000   0.0000E+00  0.0000
   1.7783E+00   3.1623E+00   0.0000E+00  0.0000   0.0000E+00  0.0000   0.0000E+00  0.0000   0.0000E+00  0.0000
   3.1623E+00   5.6234E+00   0.0000E+00  0.0000   0.0000E+00  0.0000   0.0000E+00  0.0000   0.0000E+00  0.0000
   5.6234E+00   1.0000E+01   0.0000E+00  0.0000   0.0000E+00  0.0000   0.0000E+00  0.0000   0.0000E+00  0.0000
   1.0000E+01   1.7783E+01   0.0000E+00  0.0000   0.0000E+00  0.0000   0.0000E+00  0.0000   0.0000E+00  0.0000
   1.7783E+01   3.1623E+01   0.0000E+00  0.0000   0.0000E+00  0.0000   0.0000E+00  0.0000   0.0000E+00  0.0000
   3.1623E+01   5.6234E+01   0.0000E+00  0.0000   0.0000E+00  0.0000   0.0000E+00  0.0000   0.0000E+00  0.0000
   5.6234E+01   1.0000E+02   0.0000E+00  0.0000   0.0000E+00  0.0000   7.4506E-07  1.0000   0.0000E+00  0.0000
   1.0000E+02   1.7783E+02   0.0000E+00  0.0000   0.0000E+00  0.0000   3.6493E-05  1.0000   0.0000E+00  0.0000
   1.7783E+02   3.1623E+02   0.0000E+00  0.0000   0.0000E+00  0.0000   1.2861E-05  0.7351   0.0000E+00  0.0000
   3.1623E+02   5.6234E+02   0.0000E+00  0.0000   0.0000E+00  0.0000   9.0383E-05  0.6018   0.0000E+00  0.0000
   5.6234E+02   1.0000E+03   0.0000E+00  0.0000   0.0000E+00  0.0000   2.2699E-04  0.4353   0.0000E+00  0.0000
   1.0000E+03   1.7783E+03   0.0000E+00  0.0000   0.0000E+00  0.0000   3.8829E-04  0.3557   0.0000E+00  0.0000
   1.7783E+03   3.1623E+03   0.0000E+00  0.0000   0.0000E+00  0.0000   8.0260E-04  0.2376   0.0000E+00  0.0000
   3.1623E+03   5.6234E+03   0.0000E+00  0.0000   0.0000E+00  0.0000   4.5252E-04  0.3133   0.0000E+00  0.0000
   5.6234E+03   1.0000E+04   0.0000E+00  0.0000   0.0000E+00  0.0000   2.4278E-04  0.4596   0.0000E+00  0.0000
   1.0000E+04   1.7783E+04   0.0000E+00  0.0000   0.0000E+00  0.0000   2.8034E-04  0.4119   0.0000E+00  0.0000
   1.7783E+04   3.1623E+04   0.0000E+00  0.0000   0.0000E+00  0.0000   1.5782E-04  0.6066   0.0000E+00  0.0000
   3.1623E+04   5.6234E+04   0.0000E+00  0.0000   0.0000E+00  0.0000   1.5023E-04  0.5783   0.0000E+00  0.0000
   5.6234E+04   1.0000E+05   0.0000E+00  0.0000   0.0000E+00  0.0000   0.0000E+00  0.0000   0.0000E+00  0.0000

#   sum over                 0.0000E+00  0.0000   0.0000E+00  0.0000   2.8421E-03  0.1294   0.0000E+00  0.0000

'no. =  3, (ix,iy,iz) = (  1,  1,  3)'
msuc: {\huge Flux spectra vs depth in concrete}
msdr: {\it plotted by \ANGEL \version}
msdl: {\it calculated by \PHITS  3.36}
wt: s(0.7)
\vspace{-3}
   vol  &=&   2.8800E+07 [cm^3]
  xmin  &=&  -6.0000E+02 [cm]
  xmax  &=&   6.0000E+02 [cm]
  ymin  &=&  -6.0000E+02 [cm]
  ymax  &=&   6.0000E+02 [cm]
  zmin  &=&  -6.6000E+02 [cm]
  zmax  &=&  -6.4000E+02 [cm]
e:

#------------------------------------------------------------------------------
 newpage:
#   no. =  4   ix  =  1   iy  =  1   iz  =  4
#   x = (  -6.0000E+02  -   6.0000E+02  )
#   y = (  -6.0000E+02  -   6.0000E+02  )
#   z = (  -6.4000E+02  -  -6.2000E+02  )

x: Energy [MeV/n]
y: Flux [1/cm^2/source]              
p: xlog ylog afac(0.8) form(0.9)
h: n            x            y(neutron ),hh0l n y(muon-   ),hh0dr n y(muon+   ),hh0ub n y(proton  ),hh0mg n 
#  e-lower      e-upper        neutron   r.err      muon-     r.err      muon+     r.err      proton    r.err 
   1.0000E-10   1.7783E-10   0.0000E+00  0.0000   0.0000E+00  0.0000   0.0000E+00  0.0000   0.0000E+00  0.0000
   1.7783E-10   3.1623E-10   0.0000E+00  0.0000   0.0000E+00  0.0000   0.0000E+00  0.0000   0.0000E+00  0.0000
   3.1623E-10   5.6234E-10   0.0000E+00  0.0000   0.0000E+00  0.0000   0.0000E+00  0.0000   0.0000E+00  0.0000
   5.6234E-10   1.0000E-09   0.0000E+00  0.0000   0.0000E+00  0.0000   0.0000E+00  0.0000   0.0000E+00  0.0000
   1.0000E-09   1.7783E-09   0.0000E+00  0.0000   0.0000E+00  0.0000   0.0000E+00  0.0000   0.0000E+00  0.0000
   1.7783E-09   3.1623E-09   0.0000E+00  0.0000   0.0000E+00  0.0000   0.0000E+00  0.0000   0.0000E+00  0.0000
   3.1623E-09   5.6234E-09   0.0000E+00  0.0000   0.0000E+00  0.0000   0.0000E+00  0.0000   0.0000E+00  0.0000
   5.6234E-09   1.0000E-08   0.0000E+00  0.0000   0.0000E+00  0.0000   0.0000E+00  0.0000   0.0000E+00  0.0000
   1.0000E-08   1.7783E-08   0.0000E+00  0.0000   0.0000E+00  0.0000   0.0000E+00  0.0000   0.0000E+00  0.0000
   1.7783E-08   3.1623E-08   0.0000E+00  0.0000   0.0000E+00  0.0000   0.0000E+00  0.0000   0.0000E+00  0.0000
   3.1623E-08   5.6234E-08   0.0000E+00  0.0000   0.0000E+00  0.0000   0.0000E+00  0.0000   0.0000E+00  0.0000
   5.6234E-08   1.0000E-07   0.0000E+00  0.0000   0.0000E+00  0.0000   0.0000E+00  0.0000   0.0000E+00  0.0000
   1.0000E-07   1.7783E-07   0.0000E+00  0.0000   0.0000E+00  0.0000   0.0000E+00  0.0000   0.0000E+00  0.0000
   1.7783E-07   3.1623E-07   0.0000E+00  0.0000   0.0000E+00  0.0000   0.0000E+00  0.0000   0.0000E+00  0.0000
   3.1623E-07   5.6234E-07   0.0000E+00  0.0000   0.0000E+00  0.0000   0.0000E+00  0.0000   0.0000E+00  0.0000
   5.6234E-07   1.0000E-06   0.0000E+00  0.0000   0.0000E+00  0.0000   0.0000E+00  0.0000   0.0000E+00  0.0000
   1.0000E-06   1.7783E-06   0.0000E+00  0.0000   0.0000E+00  0.0000   0.0000E+00  0.0000   0.0000E+00  0.0000
   1.7783E-06   3.1623E-06   0.0000E+00  0.0000   0.0000E+00  0.0000   0.0000E+00  0.0000   0.0000E+00  0.0000
   3.1623E-06   5.6234E-06   0.0000E+00  0.0000   0.0000E+00  0.0000   0.0000E+00  0.0000   0.0000E+00  0.0000
   5.6234E-06   1.0000E-05   0.0000E+00  0.0000   0.0000E+00  0.0000   0.0000E+00  0.0000   0.0000E+00  0.0000
   1.0000E-05   1.7783E-05   0.0000E+00  0.0000   0.0000E+00  0.0000   0.0000E+00  0.0000   0.0000E+00  0.0000
   1.7783E-05   3.1623E-05   0.0000E+00  0.0000   0.0000E+00  0.0000   0.0000E+00  0.0000   0.0000E+00  0.0000
   3.1623E-05   5.6234E-05   0.0000E+00  0.0000   0.0000E+00  0.0000   0.0000E+00  0.0000   0.0000E+00  0.0000
   5.6234E-05   1.0000E-04   0.0000E+00  0.0000   0.0000E+00  0.0000   0.0000E+00  0.0000   0.0000E+00  0.0000
   1.0000E-04   1.7783E-04   0.0000E+00  0.0000   0.0000E+00  0.0000   0.0000E+00  0.0000   0.0000E+00  0.0000
   1.7783E-04   3.1623E-04   0.0000E+00  0.0000   0.0000E+00  0.0000   0.0000E+00  0.0000   0.0000E+00  0.0000
   3.1623E-04   5.6234E-04   0.0000E+00  0.0000   0.0000E+00  0.0000   3.6938E-21  1.0000   0.0000E+00  0.0000
   5.6234E-04   1.0000E-03   0.0000E+00  0.0000   0.0000E+00  0.0000   0.0000E+00  0.0000   0.0000E+00  0.0000
   1.0000E-03   1.7783E-03   0.0000E+00  0.0000   0.0000E+00  0.0000   2.2080E-11  0.5016   0.0000E+00  0.0000
   1.7783E-03   3.1623E-03   0.0000E+00  0.0000   0.0000E+00  0.0000   1.1639E-11  0.4994   0.0000E+00  0.0000
   3.1623E-03   5.6234E-03   0.0000E+00  0.0000   0.0000E+00  0.0000   1.7196E-11  0.4994   0.0000E+00  0.0000
   5.6234E-03   1.0000E-02   0.0000E+00  0.0000   0.0000E+00  0.0000   2.7579E-11  0.4994   0.0000E+00  0.0000
   1.0000E-02   1.7783E-02   0.0000E+00  0.0000   0.0000E+00  0.0000   4.9452E-11  0.4994   0.0000E+00  0.0000
   1.7783E-02   3.1623E-02   0.0000E+00  0.0000   0.0000E+00  0.0000   1.0209E-10  0.4994   0.0000E+00  0.0000
   3.1623E-02   5.6234E-02   0.0000E+00  0.0000   0.0000E+00  0.0000   2.3851E-10  0.4994   0.0000E+00  0.0000
   5.6234E-02   1.0000E-01   0.0000E+00  0.0000   0.0000E+00  0.0000   5.9762E-10  0.4994   0.0000E+00  0.0000
   1.0000E-01   1.7783E-01   0.0000E+00  0.0000   0.0000E+00  0.0000   1.5340E-09  0.4994   0.0000E+00  0.0000
   1.7783E-01   3.1623E-01   0.0000E+00  0.0000   0.0000E+00  0.0000   4.0127E-09  0.4994   0.0000E+00  0.0000
   3.1623E-01   5.6234E-01   0.0000E+00  0.0000   0.0000E+00  0.0000   1.0756E-08  0.4994   0.0000E+00  0.0000
   5.6234E-01   1.0000E+00   0.0000E+00  0.0000   0.0000E+00  0.0000   2.9500E-08  0.4994   0.0000E+00  0.0000
   1.0000E+00   1.7783E+00   0.0000E+00  0.0000   0.0000E+00  0.0000   8.2605E-08  0.4994   0.0000E+00  0.0000
   1.7783E+00   3.1623E+00   0.0000E+00  0.0000   0.0000E+00  0.0000   2.3496E-07  0.4994   0.0000E+00  0.0000
   3.1623E+00   5.6234E+00   0.0000E+00  0.0000   0.0000E+00  0.0000   6.6403E-07  0.4994   0.0000E+00  0.0000
   5.6234E+00   1.0000E+01   0.0000E+00  0.0000   0.0000E+00  0.0000   1.8498E-06  0.4994   0.0000E+00  0.0000
   1.0000E+01   1.7783E+01   0.0000E+00  0.0000   0.0000E+00  0.0000   5.0365E-06  0.4994   0.0000E+00  0.0000
   1.7783E+01   3.1623E+01   0.0000E+00  0.0000   0.0000E+00  0.0000   1.3149E-05  0.4994   0.0000E+00  0.0000
   3.1623E+01   5.6234E+01   0.0000E+00  0.0000   0.0000E+00  0.0000   3.2063E-05  0.4994   0.0000E+00  0.0000
   5.6234E+01   1.0000E+02   0.0000E+00  0.0000   0.0000E+00  0.0000   5.3817E-05  0.5769   0.0000E+00  0.0000
   1.0000E+02   1.7783E+02   0.0000E+00  0.0000   0.0000E+00  0.0000   8.8234E-06  0.7765   0.0000E+00  0.0000
   1.7783E+02   3.1623E+02   0.0000E+00  0.0000   0.0000E+00  0.0000   4.5502E-05  1.0000   0.0000E+00  0.0000
   3.1623E+02   5.6234E+02   0.0000E+00  0.0000   0.0000E+00  0.0000   4.6847E-05  1.0000   0.0000E+00  0.0000
   5.6234E+02   1.0000E+03   0.0000E+00  0.0000   0.0000E+00  0.0000   2.6467E-04  0.4330   0.0000E+00  0.0000
   1.0000E+03   1.7783E+03   0.0000E+00  0.0000   0.0000E+00  0.0000   4.2358E-04  0.3363   0.0000E+00  0.0000
   1.7783E+03   3.1623E+03   0.0000E+00  0.0000   0.0000E+00  0.0000   6.5192E-04  0.2681   0.0000E+00  0.0000
   3.1623E+03   5.6234E+03   0.0000E+00  0.0000   0.0000E+00  0.0000   6.0319E-04  0.2941   0.0000E+00  0.0000
   5.6234E+03   1.0000E+04   0.0000E+00  0.0000   0.0000E+00  0.0000   2.4278E-04  0.4596   0.0000E+00  0.0000
   1.0000E+04   1.7783E+04   0.0000E+00  0.0000   0.0000E+00  0.0000   2.8034E-04  0.4119   0.0000E+00  0.0000
   1.7783E+04   3.1623E+04   0.0000E+00  0.0000   0.0000E+00  0.0000   1.5782E-04  0.6066   0.0000E+00  0.0000
   3.1623E+04   5.6234E+04   0.0000E+00  0.0000   0.0000E+00  0.0000   1.5023E-04  0.5783   0.0000E+00  0.0000
   5.6234E+04   1.0000E+05   0.0000E+00  0.0000   0.0000E+00  0.0000   0.0000E+00  0.0000   0.0000E+00  0.0000

#   sum over                 0.0000E+00  0.0000   0.0000E+00  0.0000   2.9827E-03  0.1259   0.0000E+00  0.0000

'no. =  4, (ix,iy,iz) = (  1,  1,  4)'
msuc: {\huge Flux spectra vs depth in concrete}
msdr: {\it plotted by \ANGEL \version}
msdl: {\it calculated by \PHITS  3.36}
wt: s(0.7)
\vspace{-3}
   vol  &=&   2.8800E+07 [cm^3]
  xmin  &=&  -6.0000E+02 [cm]
  xmax  &=&   6.0000E+02 [cm]
  ymin  &=&  -6.0000E+02 [cm]
  ymax  &=&   6.0000E+02 [cm]
  zmin  &=&  -6.4000E+02 [cm]
  zmax  &=&  -6.2000E+02 [cm]
e:

#------------------------------------------------------------------------------
 newpage:
#   no. =  5   ix  =  1   iy  =  1   iz  =  5
#   x = (  -6.0000E+02  -   6.0000E+02  )
#   y = (  -6.0000E+02  -   6.0000E+02  )
#   z = (  -6.2000E+02  -  -6.0000E+02  )

x: Energy [MeV/n]
y: Flux [1/cm^2/source]              
p: xlog ylog afac(0.8) form(0.9)
h: n            x            y(neutron ),hh0l n y(muon-   ),hh0dr n y(muon+   ),hh0ub n y(proton  ),hh0mg n 
#  e-lower      e-upper        neutron   r.err      muon-     r.err      muon+     r.err      proton    r.err 
   1.0000E-10   1.7783E-10   0.0000E+00  0.0000   0.0000E+00  0.0000   0.0000E+00  0.0000   0.0000E+00  0.0000
   1.7783E-10   3.1623E-10   0.0000E+00  0.0000   0.0000E+00  0.0000   0.0000E+00  0.0000   0.0000E+00  0.0000
   3.1623E-10   5.6234E-10   0.0000E+00  0.0000   0.0000E+00  0.0000   0.0000E+00  0.0000   0.0000E+00  0.0000
   5.6234E-10   1.0000E-09   0.0000E+00  0.0000   0.0000E+00  0.0000   0.0000E+00  0.0000   0.0000E+00  0.0000
   1.0000E-09   1.7783E-09   0.0000E+00  0.0000   0.0000E+00  0.0000   0.0000E+00  0.0000   0.0000E+00  0.0000
   1.7783E-09   3.1623E-09   0.0000E+00  0.0000   0.0000E+00  0.0000   0.0000E+00  0.0000   0.0000E+00  0.0000
   3.1623E-09   5.6234E-09   0.0000E+00  0.0000   0.0000E+00  0.0000   0.0000E+00  0.0000   0.0000E+00  0.0000
   5.6234E-09   1.0000E-08   0.0000E+00  0.0000   0.0000E+00  0.0000   0.0000E+00  0.0000   0.0000E+00  0.0000
   1.0000E-08   1.7783E-08   0.0000E+00  0.0000   0.0000E+00  0.0000   0.0000E+00  0.0000   0.0000E+00  0.0000
   1.7783E-08   3.1623E-08   0.0000E+00  0.0000   0.0000E+00  0.0000   0.0000E+00  0.0000   0.0000E+00  0.0000
   3.1623E-08   5.6234E-08   0.0000E+00  0.0000   0.0000E+00  0.0000   0.0000E+00  0.0000   0.0000E+00  0.0000
   5.6234E-08   1.0000E-07   0.0000E+00  0.0000   0.0000E+00  0.0000   0.0000E+00  0.0000   0.0000E+00  0.0000
   1.0000E-07   1.7783E-07   0.0000E+00  0.0000   0.0000E+00  0.0000   0.0000E+00  0.0000   0.0000E+00  0.0000
   1.7783E-07   3.1623E-07   0.0000E+00  0.0000   0.0000E+00  0.0000   0.0000E+00  0.0000   0.0000E+00  0.0000
   3.1623E-07   5.6234E-07   0.0000E+00  0.0000   0.0000E+00  0.0000   0.0000E+00  0.0000   0.0000E+00  0.0000
   5.6234E-07   1.0000E-06   0.0000E+00  0.0000   0.0000E+00  0.0000   0.0000E+00  0.0000   0.0000E+00  0.0000
   1.0000E-06   1.7783E-06   0.0000E+00  0.0000   0.0000E+00  0.0000   0.0000E+00  0.0000   0.0000E+00  0.0000
   1.7783E-06   3.1623E-06   0.0000E+00  0.0000   0.0000E+00  0.0000   0.0000E+00  0.0000   0.0000E+00  0.0000
   3.1623E-06   5.6234E-06   0.0000E+00  0.0000   0.0000E+00  0.0000   0.0000E+00  0.0000   0.0000E+00  0.0000
   5.6234E-06   1.0000E-05   0.0000E+00  0.0000   0.0000E+00  0.0000   0.0000E+00  0.0000   0.0000E+00  0.0000
   1.0000E-05   1.7783E-05   0.0000E+00  0.0000   0.0000E+00  0.0000   0.0000E+00  0.0000   0.0000E+00  0.0000
   1.7783E-05   3.1623E-05   0.0000E+00  0.0000   0.0000E+00  0.0000   0.0000E+00  0.0000   0.0000E+00  0.0000
   3.1623E-05   5.6234E-05   0.0000E+00  0.0000   0.0000E+00  0.0000   0.0000E+00  0.0000   0.0000E+00  0.0000
   5.6234E-05   1.0000E-04   0.0000E+00  0.0000   0.0000E+00  0.0000   0.0000E+00  0.0000   0.0000E+00  0.0000
   1.0000E-04   1.7783E-04   0.0000E+00  0.0000   0.0000E+00  0.0000   0.0000E+00  0.0000   0.0000E+00  0.0000
   1.7783E-04   3.1623E-04   0.0000E+00  0.0000   0.0000E+00  0.0000   0.0000E+00  0.0000   0.0000E+00  0.0000
   3.1623E-04   5.6234E-04   0.0000E+00  0.0000   0.0000E+00  0.0000   0.0000E+00  0.0000   0.0000E+00  0.0000
   5.6234E-04   1.0000E-03   0.0000E+00  0.0000   0.0000E+00  0.0000   0.0000E+00  0.0000   0.0000E+00  0.0000
   1.0000E-03   1.7783E-03   0.0000E+00  0.0000   0.0000E+00  0.0000   0.0000E+00  0.0000   0.0000E+00  0.0000
   1.7783E-03   3.1623E-03   0.0000E+00  0.0000   0.0000E+00  0.0000   0.0000E+00  0.0000   0.0000E+00  0.0000
   3.1623E-03   5.6234E-03   0.0000E+00  0.0000   0.0000E+00  0.0000   0.0000E+00  0.0000   0.0000E+00  0.0000
   5.6234E-03   1.0000E-02   0.0000E+00  0.0000   0.0000E+00  0.0000   0.0000E+00  0.0000   0.0000E+00  0.0000
   1.0000E-02   1.7783E-02   0.0000E+00  0.0000   0.0000E+00  0.0000   0.0000E+00  0.0000   0.0000E+00  0.0000
   1.7783E-02   3.1623E-02   0.0000E+00  0.0000   0.0000E+00  0.0000   0.0000E+00  0.0000   0.0000E+00  0.0000
   3.1623E-02   5.6234E-02   0.0000E+00  0.0000   0.0000E+00  0.0000   0.0000E+00  0.0000   0.0000E+00  0.0000
   5.6234E-02   1.0000E-01   0.0000E+00  0.0000   0.0000E+00  0.0000   0.0000E+00  0.0000   0.0000E+00  0.0000
   1.0000E-01   1.7783E-01   0.0000E+00  0.0000   0.0000E+00  0.0000   0.0000E+00  0.0000   0.0000E+00  0.0000
   1.7783E-01   3.1623E-01   0.0000E+00  0.0000   0.0000E+00  0.0000   0.0000E+00  0.0000   0.0000E+00  0.0000
   3.1623E-01   5.6234E-01   0.0000E+00  0.0000   0.0000E+00  0.0000   0.0000E+00  0.0000   0.0000E+00  0.0000
   5.6234E-01   1.0000E+00   0.0000E+00  0.0000   0.0000E+00  0.0000   0.0000E+00  0.0000   0.0000E+00  0.0000
   1.0000E+00   1.7783E+00   0.0000E+00  0.0000   0.0000E+00  0.0000   0.0000E+00  0.0000   0.0000E+00  0.0000
   1.7783E+00   3.1623E+00   0.0000E+00  0.0000   0.0000E+00  0.0000   0.0000E+00  0.0000   0.0000E+00  0.0000
   3.1623E+00   5.6234E+00   0.0000E+00  0.0000   0.0000E+00  0.0000   0.0000E+00  0.0000   0.0000E+00  0.0000
   5.6234E+00   1.0000E+01   0.0000E+00  0.0000   0.0000E+00  0.0000   0.0000E+00  0.0000   0.0000E+00  0.0000
   1.0000E+01   1.7783E+01   0.0000E+00  0.0000   0.0000E+00  0.0000   0.0000E+00  0.0000   0.0000E+00  0.0000
   1.7783E+01   3.1623E+01   0.0000E+00  0.0000   0.0000E+00  0.0000   0.0000E+00  0.0000   0.0000E+00  0.0000
   3.1623E+01   5.6234E+01   0.0000E+00  0.0000   0.0000E+00  0.0000   8.2046E-08  1.0000   0.0000E+00  0.0000
   5.6234E+01   1.0000E+02   0.0000E+00  0.0000   0.0000E+00  0.0000   1.8145E-05  0.9915   0.0000E+00  0.0000
   1.0000E+02   1.7783E+02   0.0000E+00  0.0000   0.0000E+00  0.0000   1.2517E-04  0.5047   0.0000E+00  0.0000
   1.7783E+02   3.1623E+02   0.0000E+00  0.0000   0.0000E+00  0.0000   5.1021E-05  0.5078   0.0000E+00  0.0000
   3.1623E+02   5.6234E+02   0.0000E+00  0.0000   0.0000E+00  0.0000   6.0967E-05  0.7072   0.0000E+00  0.0000
   5.6234E+02   1.0000E+03   0.0000E+00  0.0000   0.0000E+00  0.0000   2.6546E-04  0.4284   0.0000E+00  0.0000
   1.0000E+03   1.7783E+03   0.0000E+00  0.0000   0.0000E+00  0.0000   4.1493E-04  0.3312   0.0000E+00  0.0000
   1.7783E+03   3.1623E+03   0.0000E+00  0.0000   0.0000E+00  0.0000   7.2827E-04  0.2484   0.0000E+00  0.0000
   3.1623E+03   5.6234E+03   0.0000E+00  0.0000   0.0000E+00  0.0000   6.0319E-04  0.2941   0.0000E+00  0.0000
   5.6234E+03   1.0000E+04   0.0000E+00  0.0000   0.0000E+00  0.0000   2.4278E-04  0.4596   0.0000E+00  0.0000
   1.0000E+04   1.7783E+04   0.0000E+00  0.0000   0.0000E+00  0.0000   2.8034E-04  0.4119   0.0000E+00  0.0000
   1.7783E+04   3.1623E+04   0.0000E+00  0.0000   0.0000E+00  0.0000   1.5782E-04  0.6066   0.0000E+00  0.0000
   3.1623E+04   5.6234E+04   0.0000E+00  0.0000   0.0000E+00  0.0000   1.5023E-04  0.5783   0.0000E+00  0.0000
   5.6234E+04   1.0000E+05   0.0000E+00  0.0000   0.0000E+00  0.0000   0.0000E+00  0.0000   0.0000E+00  0.0000

#   sum over                 0.0000E+00  0.0000   0.0000E+00  0.0000   3.0984E-03  0.1240   0.0000E+00  0.0000

'no. =  5, (ix,iy,iz) = (  1,  1,  5)'
msuc: {\huge Flux spectra vs depth in concrete}
msdr: {\it plotted by \ANGEL \version}
msdl: {\it calculated by \PHITS  3.36}
wt: s(0.7)
\vspace{-3}
   vol  &=&   2.8800E+07 [cm^3]
  xmin  &=&  -6.0000E+02 [cm]
  xmax  &=&   6.0000E+02 [cm]
  ymin  &=&  -6.0000E+02 [cm]
  ymax  &=&   6.0000E+02 [cm]
  zmin  &=&  -6.2000E+02 [cm]
  zmax  &=&  -6.0000E+02 [cm]
e:

#------------------------------------------------------------------------------
 newpage:
#   no. =  6   ix  =  1   iy  =  1   iz  =  6
#   x = (  -6.0000E+02  -   6.0000E+02  )
#   y = (  -6.0000E+02  -   6.0000E+02  )
#   z = (  -6.0000E+02  -  -5.8000E+02  )

x: Energy [MeV/n]
y: Flux [1/cm^2/source]              
p: xlog ylog afac(0.8) form(0.9)
h: n            x            y(neutron ),hh0l n y(muon-   ),hh0dr n y(muon+   ),hh0ub n y(proton  ),hh0mg n 
#  e-lower      e-upper        neutron   r.err      muon-     r.err      muon+     r.err      proton    r.err 
   1.0000E-10   1.7783E-10   0.0000E+00  0.0000   0.0000E+00  0.0000   0.0000E+00  0.0000   0.0000E+00  0.0000
   1.7783E-10   3.1623E-10   0.0000E+00  0.0000   0.0000E+00  0.0000   0.0000E+00  0.0000   0.0000E+00  0.0000
   3.1623E-10   5.6234E-10   0.0000E+00  0.0000   0.0000E+00  0.0000   0.0000E+00  0.0000   0.0000E+00  0.0000
   5.6234E-10   1.0000E-09   0.0000E+00  0.0000   0.0000E+00  0.0000   0.0000E+00  0.0000   0.0000E+00  0.0000
   1.0000E-09   1.7783E-09   0.0000E+00  0.0000   0.0000E+00  0.0000   0.0000E+00  0.0000   0.0000E+00  0.0000
   1.7783E-09   3.1623E-09   0.0000E+00  0.0000   0.0000E+00  0.0000   0.0000E+00  0.0000   0.0000E+00  0.0000
   3.1623E-09   5.6234E-09   0.0000E+00  0.0000   0.0000E+00  0.0000   0.0000E+00  0.0000   0.0000E+00  0.0000
   5.6234E-09   1.0000E-08   0.0000E+00  0.0000   0.0000E+00  0.0000   0.0000E+00  0.0000   0.0000E+00  0.0000
   1.0000E-08   1.7783E-08   0.0000E+00  0.0000   0.0000E+00  0.0000   0.0000E+00  0.0000   0.0000E+00  0.0000
   1.7783E-08   3.1623E-08   0.0000E+00  0.0000   0.0000E+00  0.0000   0.0000E+00  0.0000   0.0000E+00  0.0000
   3.1623E-08   5.6234E-08   0.0000E+00  0.0000   0.0000E+00  0.0000   0.0000E+00  0.0000   0.0000E+00  0.0000
   5.6234E-08   1.0000E-07   0.0000E+00  0.0000   0.0000E+00  0.0000   0.0000E+00  0.0000   0.0000E+00  0.0000
   1.0000E-07   1.7783E-07   0.0000E+00  0.0000   0.0000E+00  0.0000   0.0000E+00  0.0000   0.0000E+00  0.0000
   1.7783E-07   3.1623E-07   0.0000E+00  0.0000   0.0000E+00  0.0000   0.0000E+00  0.0000   0.0000E+00  0.0000
   3.1623E-07   5.6234E-07   0.0000E+00  0.0000   0.0000E+00  0.0000   0.0000E+00  0.0000   0.0000E+00  0.0000
   5.6234E-07   1.0000E-06   0.0000E+00  0.0000   0.0000E+00  0.0000   0.0000E+00  0.0000   0.0000E+00  0.0000
   1.0000E-06   1.7783E-06   0.0000E+00  0.0000   0.0000E+00  0.0000   0.0000E+00  0.0000   0.0000E+00  0.0000
   1.7783E-06   3.1623E-06   0.0000E+00  0.0000   0.0000E+00  0.0000   0.0000E+00  0.0000   0.0000E+00  0.0000
   3.1623E-06   5.6234E-06   0.0000E+00  0.0000   0.0000E+00  0.0000   0.0000E+00  0.0000   0.0000E+00  0.0000
   5.6234E-06   1.0000E-05   0.0000E+00  0.0000   0.0000E+00  0.0000   0.0000E+00  0.0000   0.0000E+00  0.0000
   1.0000E-05   1.7783E-05   0.0000E+00  0.0000   0.0000E+00  0.0000   0.0000E+00  0.0000   0.0000E+00  0.0000
   1.7783E-05   3.1623E-05   0.0000E+00  0.0000   0.0000E+00  0.0000   0.0000E+00  0.0000   0.0000E+00  0.0000
   3.1623E-05   5.6234E-05   0.0000E+00  0.0000   0.0000E+00  0.0000   0.0000E+00  0.0000   0.0000E+00  0.0000
   5.6234E-05   1.0000E-04   0.0000E+00  0.0000   0.0000E+00  0.0000   0.0000E+00  0.0000   0.0000E+00  0.0000
   1.0000E-04   1.7783E-04   0.0000E+00  0.0000   0.0000E+00  0.0000   0.0000E+00  0.0000   0.0000E+00  0.0000
   1.7783E-04   3.1623E-04   0.0000E+00  0.0000   0.0000E+00  0.0000   3.7182E-21  1.0000   0.0000E+00  0.0000
   3.1623E-04   5.6234E-04   0.0000E+00  0.0000   0.0000E+00  0.0000   0.0000E+00  0.0000   0.0000E+00  0.0000
   5.6234E-04   1.0000E-03   0.0000E+00  0.0000   0.0000E+00  0.0000   0.0000E+00  0.0000   0.0000E+00  0.0000
   1.0000E-03   1.7783E-03   0.0000E+00  0.0000   0.0000E+00  0.0000   2.2688E-11  0.4997   0.0000E+00  0.0000
   1.7783E-03   3.1623E-03   0.0000E+00  0.0000   0.0000E+00  0.0000   1.1639E-11  0.4994   0.0000E+00  0.0000
   3.1623E-03   5.6234E-03   0.0000E+00  0.0000   0.0000E+00  0.0000   1.7196E-11  0.4994   0.0000E+00  0.0000
   5.6234E-03   1.0000E-02   0.0000E+00  0.0000   0.0000E+00  0.0000   2.7579E-11  0.4994   0.0000E+00  0.0000
   1.0000E-02   1.7783E-02   0.0000E+00  0.0000   0.0000E+00  0.0000   4.9452E-11  0.4994   0.0000E+00  0.0000
   1.7783E-02   3.1623E-02   0.0000E+00  0.0000   0.0000E+00  0.0000   1.0209E-10  0.4994   0.0000E+00  0.0000
   3.1623E-02   5.6234E-02   0.0000E+00  0.0000   0.0000E+00  0.0000   2.3851E-10  0.4994   0.0000E+00  0.0000
   5.6234E-02   1.0000E-01   0.0000E+00  0.0000   0.0000E+00  0.0000   5.9762E-10  0.4994   0.0000E+00  0.0000
   1.0000E-01   1.7783E-01   0.0000E+00  0.0000   0.0000E+00  0.0000   1.5340E-09  0.4994   0.0000E+00  0.0000
   1.7783E-01   3.1623E-01   0.0000E+00  0.0000   0.0000E+00  0.0000   4.0127E-09  0.4994   0.0000E+00  0.0000
   3.1623E-01   5.6234E-01   0.0000E+00  0.0000   0.0000E+00  0.0000   1.0756E-08  0.4994   0.0000E+00  0.0000
   5.6234E-01   1.0000E+00   0.0000E+00  0.0000   0.0000E+00  0.0000   2.9500E-08  0.4994   0.0000E+00  0.0000
   1.0000E+00   1.7783E+00   0.0000E+00  0.0000   0.0000E+00  0.0000   8.2605E-08  0.4994   0.0000E+00  0.0000
   1.7783E+00   3.1623E+00   0.0000E+00  0.0000   0.0000E+00  0.0000   2.3496E-07  0.4994   0.0000E+00  0.0000
   3.1623E+00   5.6234E+00   0.0000E+00  0.0000   0.0000E+00  0.0000   6.6403E-07  0.4994   0.0000E+00  0.0000
   5.6234E+00   1.0000E+01   0.0000E+00  0.0000   0.0000E+00  0.0000   1.8498E-06  0.4994   0.0000E+00  0.0000
   1.0000E+01   1.7783E+01   0.0000E+00  0.0000   0.0000E+00  0.0000   5.0365E-06  0.4994   0.0000E+00  0.0000
   1.7783E+01   3.1623E+01   0.0000E+00  0.0000   0.0000E+00  0.0000   1.2214E-05  0.5038   0.0000E+00  0.0000
   3.1623E+01   5.6234E+01   0.0000E+00  0.0000   0.0000E+00  0.0000   2.2657E-05  0.5793   0.0000E+00  0.0000
   5.6234E+01   1.0000E+02   0.0000E+00  0.0000   0.0000E+00  0.0000   3.1911E-05  0.7126   0.0000E+00  0.0000
   1.0000E+02   1.7783E+02   0.0000E+00  0.0000   0.0000E+00  0.0000   4.8461E-05  0.6584   0.0000E+00  0.0000
   1.7783E+02   3.1623E+02   0.0000E+00  0.0000   0.0000E+00  0.0000   1.8000E-04  0.4779   0.0000E+00  0.0000
   3.1623E+02   5.6234E+02   0.0000E+00  0.0000   0.0000E+00  0.0000   4.5502E-05  1.0000   0.0000E+00  0.0000
   5.6234E+02   1.0000E+03   0.0000E+00  0.0000   0.0000E+00  0.0000   1.5249E-04  0.4988   0.0000E+00  0.0000
   1.0000E+03   1.7783E+03   0.0000E+00  0.0000   0.0000E+00  0.0000   3.9876E-04  0.3435   0.0000E+00  0.0000
   1.7783E+03   3.1623E+03   0.0000E+00  0.0000   0.0000E+00  0.0000   8.2211E-04  0.2377   0.0000E+00  0.0000
   3.1623E+03   5.6234E+03   0.0000E+00  0.0000   0.0000E+00  0.0000   6.3607E-04  0.2772   0.0000E+00  0.0000
   5.6234E+03   1.0000E+04   0.0000E+00  0.0000   0.0000E+00  0.0000   2.6745E-04  0.4271   0.0000E+00  0.0000
   1.0000E+04   1.7783E+04   0.0000E+00  0.0000   0.0000E+00  0.0000   2.8034E-04  0.4119   0.0000E+00  0.0000
   1.7783E+04   3.1623E+04   0.0000E+00  0.0000   0.0000E+00  0.0000   1.5782E-04  0.6066   0.0000E+00  0.0000
   3.1623E+04   5.6234E+04   0.0000E+00  0.0000   0.0000E+00  0.0000   1.5023E-04  0.5783   0.0000E+00  0.0000
   5.6234E+04   1.0000E+05   0.0000E+00  0.0000   0.0000E+00  0.0000   0.0000E+00  0.0000   0.0000E+00  0.0000

#   sum over                 0.0000E+00  0.0000   0.0000E+00  0.0000   3.2139E-03  0.1200   0.0000E+00  0.0000

'no. =  6, (ix,iy,iz) = (  1,  1,  6)'
msuc: {\huge Flux spectra vs depth in concrete}
msdr: {\it plotted by \ANGEL \version}
msdl: {\it calculated by \PHITS  3.36}
wt: s(0.7)
\vspace{-3}
   vol  &=&   2.8800E+07 [cm^3]
  xmin  &=&  -6.0000E+02 [cm]
  xmax  &=&   6.0000E+02 [cm]
  ymin  &=&  -6.0000E+02 [cm]
  ymax  &=&   6.0000E+02 [cm]
  zmin  &=&  -6.0000E+02 [cm]
  zmax  &=&  -5.8000E+02 [cm]
e:

#------------------------------------------------------------------------------
 newpage:
#   no. =  7   ix  =  1   iy  =  1   iz  =  7
#   x = (  -6.0000E+02  -   6.0000E+02  )
#   y = (  -6.0000E+02  -   6.0000E+02  )
#   z = (  -5.8000E+02  -  -5.6000E+02  )

x: Energy [MeV/n]
y: Flux [1/cm^2/source]              
p: xlog ylog afac(0.8) form(0.9)
h: n            x            y(neutron ),hh0l n y(muon-   ),hh0dr n y(muon+   ),hh0ub n y(proton  ),hh0mg n 
#  e-lower      e-upper        neutron   r.err      muon-     r.err      muon+     r.err      proton    r.err 
   1.0000E-10   1.7783E-10   0.0000E+00  0.0000   0.0000E+00  0.0000   0.0000E+00  0.0000   0.0000E+00  0.0000
   1.7783E-10   3.1623E-10   0.0000E+00  0.0000   0.0000E+00  0.0000   0.0000E+00  0.0000   0.0000E+00  0.0000
   3.1623E-10   5.6234E-10   0.0000E+00  0.0000   0.0000E+00  0.0000   0.0000E+00  0.0000   0.0000E+00  0.0000
   5.6234E-10   1.0000E-09   0.0000E+00  0.0000   0.0000E+00  0.0000   0.0000E+00  0.0000   0.0000E+00  0.0000
   1.0000E-09   1.7783E-09   0.0000E+00  0.0000   0.0000E+00  0.0000   0.0000E+00  0.0000   0.0000E+00  0.0000
   1.7783E-09   3.1623E-09   0.0000E+00  0.0000   0.0000E+00  0.0000   0.0000E+00  0.0000   0.0000E+00  0.0000
   3.1623E-09   5.6234E-09   0.0000E+00  0.0000   0.0000E+00  0.0000   0.0000E+00  0.0000   0.0000E+00  0.0000
   5.6234E-09   1.0000E-08   0.0000E+00  0.0000   0.0000E+00  0.0000   0.0000E+00  0.0000   0.0000E+00  0.0000
   1.0000E-08   1.7783E-08   0.0000E+00  0.0000   0.0000E+00  0.0000   0.0000E+00  0.0000   0.0000E+00  0.0000
   1.7783E-08   3.1623E-08   0.0000E+00  0.0000   0.0000E+00  0.0000   0.0000E+00  0.0000   0.0000E+00  0.0000
   3.1623E-08   5.6234E-08   0.0000E+00  0.0000   0.0000E+00  0.0000   0.0000E+00  0.0000   0.0000E+00  0.0000
   5.6234E-08   1.0000E-07   0.0000E+00  0.0000   0.0000E+00  0.0000   0.0000E+00  0.0000   0.0000E+00  0.0000
   1.0000E-07   1.7783E-07   0.0000E+00  0.0000   0.0000E+00  0.0000   0.0000E+00  0.0000   0.0000E+00  0.0000
   1.7783E-07   3.1623E-07   0.0000E+00  0.0000   0.0000E+00  0.0000   0.0000E+00  0.0000   0.0000E+00  0.0000
   3.1623E-07   5.6234E-07   0.0000E+00  0.0000   0.0000E+00  0.0000   0.0000E+00  0.0000   0.0000E+00  0.0000
   5.6234E-07   1.0000E-06   0.0000E+00  0.0000   0.0000E+00  0.0000   0.0000E+00  0.0000   0.0000E+00  0.0000
   1.0000E-06   1.7783E-06   0.0000E+00  0.0000   0.0000E+00  0.0000   0.0000E+00  0.0000   0.0000E+00  0.0000
   1.7783E-06   3.1623E-06   0.0000E+00  0.0000   0.0000E+00  0.0000   0.0000E+00  0.0000   0.0000E+00  0.0000
   3.1623E-06   5.6234E-06   0.0000E+00  0.0000   0.0000E+00  0.0000   0.0000E+00  0.0000   0.0000E+00  0.0000
   5.6234E-06   1.0000E-05   0.0000E+00  0.0000   0.0000E+00  0.0000   0.0000E+00  0.0000   0.0000E+00  0.0000
   1.0000E-05   1.7783E-05   0.0000E+00  0.0000   0.0000E+00  0.0000   0.0000E+00  0.0000   0.0000E+00  0.0000
   1.7783E-05   3.1623E-05   0.0000E+00  0.0000   0.0000E+00  0.0000   0.0000E+00  0.0000   0.0000E+00  0.0000
   3.1623E-05   5.6234E-05   0.0000E+00  0.0000   0.0000E+00  0.0000   0.0000E+00  0.0000   0.0000E+00  0.0000
   5.6234E-05   1.0000E-04   0.0000E+00  0.0000   0.0000E+00  0.0000   0.0000E+00  0.0000   0.0000E+00  0.0000
   1.0000E-04   1.7783E-04   0.0000E+00  0.0000   0.0000E+00  0.0000   3.0769E-21  1.0000   0.0000E+00  0.0000
   1.7783E-04   3.1623E-04   0.0000E+00  0.0000   0.0000E+00  0.0000   0.0000E+00  0.0000   0.0000E+00  0.0000
   3.1623E-04   5.6234E-04   0.0000E+00  0.0000   0.0000E+00  0.0000   0.0000E+00  0.0000   0.0000E+00  0.0000
   5.6234E-04   1.0000E-03   0.0000E+00  0.0000   0.0000E+00  0.0000   0.0000E+00  0.0000   0.0000E+00  0.0000
   1.0000E-03   1.7783E-03   0.0000E+00  0.0000   0.0000E+00  0.0000   1.7339E-11  0.5771   0.0000E+00  0.0000
   1.7783E-03   3.1623E-03   0.0000E+00  0.0000   0.0000E+00  0.0000   8.7292E-12  0.5769   0.0000E+00  0.0000
   3.1623E-03   5.6234E-03   0.0000E+00  0.0000   0.0000E+00  0.0000   1.2897E-11  0.5769   0.0000E+00  0.0000
   5.6234E-03   1.0000E-02   0.0000E+00  0.0000   0.0000E+00  0.0000   2.0684E-11  0.5769   0.0000E+00  0.0000
   1.0000E-02   1.7783E-02   0.0000E+00  0.0000   0.0000E+00  0.0000   3.7089E-11  0.5769   0.0000E+00  0.0000
   1.7783E-02   3.1623E-02   0.0000E+00  0.0000   0.0000E+00  0.0000   7.6571E-11  0.5769   0.0000E+00  0.0000
   3.1623E-02   5.6234E-02   0.0000E+00  0.0000   0.0000E+00  0.0000   1.7888E-10  0.5769   0.0000E+00  0.0000
   5.6234E-02   1.0000E-01   0.0000E+00  0.0000   0.0000E+00  0.0000   4.4822E-10  0.5769   0.0000E+00  0.0000
   1.0000E-01   1.7783E-01   0.0000E+00  0.0000   0.0000E+00  0.0000   1.1505E-09  0.5769   0.0000E+00  0.0000
   1.7783E-01   3.1623E-01   0.0000E+00  0.0000   0.0000E+00  0.0000   3.0095E-09  0.5769   0.0000E+00  0.0000
   3.1623E-01   5.6234E-01   0.0000E+00  0.0000   0.0000E+00  0.0000   8.0668E-09  0.5769   0.0000E+00  0.0000
   5.6234E-01   1.0000E+00   0.0000E+00  0.0000   0.0000E+00  0.0000   2.2125E-08  0.5769   0.0000E+00  0.0000
   1.0000E+00   1.7783E+00   0.0000E+00  0.0000   0.0000E+00  0.0000   6.1953E-08  0.5769   0.0000E+00  0.0000
   1.7783E+00   3.1623E+00   0.0000E+00  0.0000   0.0000E+00  0.0000   1.7622E-07  0.5769   0.0000E+00  0.0000
   3.1623E+00   5.6234E+00   0.0000E+00  0.0000   0.0000E+00  0.0000   4.9802E-07  0.5769   0.0000E+00  0.0000
   5.6234E+00   1.0000E+01   0.0000E+00  0.0000   0.0000E+00  0.0000   1.3873E-06  0.5769   0.0000E+00  0.0000
   1.0000E+01   1.7783E+01   0.0000E+00  0.0000   0.0000E+00  0.0000   3.7774E-06  0.5769   0.0000E+00  0.0000
   1.7783E+01   3.1623E+01   0.0000E+00  0.0000   0.0000E+00  0.0000   1.0796E-05  0.5339   0.0000E+00  0.0000
   3.1623E+01   5.6234E+01   0.0000E+00  0.0000   0.0000E+00  0.0000   3.3596E-05  0.4797   0.0000E+00  0.0000
   5.6234E+01   1.0000E+02   0.0000E+00  0.0000   0.0000E+00  0.0000   8.8766E-05  0.4303   0.0000E+00  0.0000
   1.0000E+02   1.7783E+02   0.0000E+00  0.0000   0.0000E+00  0.0000   1.2214E-04  0.4901   0.0000E+00  0.0000
   1.7783E+02   3.1623E+02   0.0000E+00  0.0000   0.0000E+00  0.0000   1.4208E-04  0.4806   0.0000E+00  0.0000
   3.1623E+02   5.6234E+02   0.0000E+00  0.0000   0.0000E+00  0.0000   1.5607E-04  0.4901   0.0000E+00  0.0000
   5.6234E+02   1.0000E+03   0.0000E+00  0.0000   0.0000E+00  0.0000   8.2361E-05  0.6880   0.0000E+00  0.0000
   1.0000E+03   1.7783E+03   0.0000E+00  0.0000   0.0000E+00  0.0000   4.3936E-04  0.3258   0.0000E+00  0.0000
   1.7783E+03   3.1623E+03   0.0000E+00  0.0000   0.0000E+00  0.0000   8.1270E-04  0.2403   0.0000E+00  0.0000
   3.1623E+03   5.6234E+03   0.0000E+00  0.0000   0.0000E+00  0.0000   6.6899E-04  0.2726   0.0000E+00  0.0000
   5.6234E+03   1.0000E+04   0.0000E+00  0.0000   0.0000E+00  0.0000   2.9698E-04  0.4174   0.0000E+00  0.0000
   1.0000E+04   1.7783E+04   0.0000E+00  0.0000   0.0000E+00  0.0000   2.8034E-04  0.4119   0.0000E+00  0.0000
   1.7783E+04   3.1623E+04   0.0000E+00  0.0000   0.0000E+00  0.0000   1.5782E-04  0.6066   0.0000E+00  0.0000
   3.1623E+04   5.6234E+04   0.0000E+00  0.0000   0.0000E+00  0.0000   1.5023E-04  0.5783   0.0000E+00  0.0000
   5.6234E+04   1.0000E+05   0.0000E+00  0.0000   0.0000E+00  0.0000   0.0000E+00  0.0000   0.0000E+00  0.0000

#   sum over                 0.0000E+00  0.0000   0.0000E+00  0.0000   3.4482E-03  0.1159   0.0000E+00  0.0000

'no. =  7, (ix,iy,iz) = (  1,  1,  7)'
msuc: {\huge Flux spectra vs depth in concrete}
msdr: {\it plotted by \ANGEL \version}
msdl: {\it calculated by \PHITS  3.36}
wt: s(0.7)
\vspace{-3}
   vol  &=&   2.8800E+07 [cm^3]
  xmin  &=&  -6.0000E+02 [cm]
  xmax  &=&   6.0000E+02 [cm]
  ymin  &=&  -6.0000E+02 [cm]
  ymax  &=&   6.0000E+02 [cm]
  zmin  &=&  -5.8000E+02 [cm]
  zmax  &=&  -5.6000E+02 [cm]
e:

#------------------------------------------------------------------------------
 newpage:
#   no. =  8   ix  =  1   iy  =  1   iz  =  8
#   x = (  -6.0000E+02  -   6.0000E+02  )
#   y = (  -6.0000E+02  -   6.0000E+02  )
#   z = (  -5.6000E+02  -  -5.4000E+02  )

x: Energy [MeV/n]
y: Flux [1/cm^2/source]              
p: xlog ylog afac(0.8) form(0.9)
h: n            x            y(neutron ),hh0l n y(muon-   ),hh0dr n y(muon+   ),hh0ub n y(proton  ),hh0mg n 
#  e-lower      e-upper        neutron   r.err      muon-     r.err      muon+     r.err      proton    r.err 
   1.0000E-10   1.7783E-10   0.0000E+00  0.0000   0.0000E+00  0.0000   0.0000E+00  0.0000   0.0000E+00  0.0000
   1.7783E-10   3.1623E-10   0.0000E+00  0.0000   0.0000E+00  0.0000   0.0000E+00  0.0000   0.0000E+00  0.0000
   3.1623E-10   5.6234E-10   0.0000E+00  0.0000   0.0000E+00  0.0000   0.0000E+00  0.0000   0.0000E+00  0.0000
   5.6234E-10   1.0000E-09   0.0000E+00  0.0000   0.0000E+00  0.0000   0.0000E+00  0.0000   0.0000E+00  0.0000
   1.0000E-09   1.7783E-09   0.0000E+00  0.0000   0.0000E+00  0.0000   0.0000E+00  0.0000   0.0000E+00  0.0000
   1.7783E-09   3.1623E-09   0.0000E+00  0.0000   0.0000E+00  0.0000   0.0000E+00  0.0000   0.0000E+00  0.0000
   3.1623E-09   5.6234E-09   0.0000E+00  0.0000   0.0000E+00  0.0000   0.0000E+00  0.0000   0.0000E+00  0.0000
   5.6234E-09   1.0000E-08   0.0000E+00  0.0000   0.0000E+00  0.0000   0.0000E+00  0.0000   0.0000E+00  0.0000
   1.0000E-08   1.7783E-08   0.0000E+00  0.0000   0.0000E+00  0.0000   0.0000E+00  0.0000   0.0000E+00  0.0000
   1.7783E-08   3.1623E-08   0.0000E+00  0.0000   0.0000E+00  0.0000   0.0000E+00  0.0000   0.0000E+00  0.0000
   3.1623E-08   5.6234E-08   0.0000E+00  0.0000   0.0000E+00  0.0000   0.0000E+00  0.0000   0.0000E+00  0.0000
   5.6234E-08   1.0000E-07   0.0000E+00  0.0000   0.0000E+00  0.0000   0.0000E+00  0.0000   0.0000E+00  0.0000
   1.0000E-07   1.7783E-07   0.0000E+00  0.0000   0.0000E+00  0.0000   0.0000E+00  0.0000   0.0000E+00  0.0000
   1.7783E-07   3.1623E-07   0.0000E+00  0.0000   0.0000E+00  0.0000   0.0000E+00  0.0000   0.0000E+00  0.0000
   3.1623E-07   5.6234E-07   0.0000E+00  0.0000   0.0000E+00  0.0000   0.0000E+00  0.0000   0.0000E+00  0.0000
   5.6234E-07   1.0000E-06   0.0000E+00  0.0000   0.0000E+00  0.0000   0.0000E+00  0.0000   0.0000E+00  0.0000
   1.0000E-06   1.7783E-06   0.0000E+00  0.0000   0.0000E+00  0.0000   0.0000E+00  0.0000   0.0000E+00  0.0000
   1.7783E-06   3.1623E-06   0.0000E+00  0.0000   0.0000E+00  0.0000   0.0000E+00  0.0000   0.0000E+00  0.0000
   3.1623E-06   5.6234E-06   0.0000E+00  0.0000   0.0000E+00  0.0000   0.0000E+00  0.0000   0.0000E+00  0.0000
   5.6234E-06   1.0000E-05   0.0000E+00  0.0000   0.0000E+00  0.0000   0.0000E+00  0.0000   0.0000E+00  0.0000
   1.0000E-05   1.7783E-05   0.0000E+00  0.0000   0.0000E+00  0.0000   0.0000E+00  0.0000   0.0000E+00  0.0000
   1.7783E-05   3.1623E-05   0.0000E+00  0.0000   0.0000E+00  0.0000   0.0000E+00  0.0000   0.0000E+00  0.0000
   3.1623E-05   5.6234E-05   0.0000E+00  0.0000   0.0000E+00  0.0000   0.0000E+00  0.0000   0.0000E+00  0.0000
   5.6234E-05   1.0000E-04   0.0000E+00  0.0000   0.0000E+00  0.0000   0.0000E+00  0.0000   0.0000E+00  0.0000
   1.0000E-04   1.7783E-04   0.0000E+00  0.0000   0.0000E+00  0.0000   0.0000E+00  0.0000   0.0000E+00  0.0000
   1.7783E-04   3.1623E-04   0.0000E+00  0.0000   0.0000E+00  0.0000   0.0000E+00  0.0000   0.0000E+00  0.0000
   3.1623E-04   5.6234E-04   0.0000E+00  0.0000   0.0000E+00  0.0000   0.0000E+00  0.0000   0.0000E+00  0.0000
   5.6234E-04   1.0000E-03   0.0000E+00  0.0000   0.0000E+00  0.0000   0.0000E+00  0.0000   0.0000E+00  0.0000
   1.0000E-03   1.7783E-03   0.0000E+00  0.0000   0.0000E+00  0.0000   1.4519E-11  0.5845   0.0000E+00  0.0000
   1.7783E-03   3.1623E-03   0.0000E+00  0.0000   0.0000E+00  0.0000   8.7292E-12  0.5769   0.0000E+00  0.0000
   3.1623E-03   5.6234E-03   0.0000E+00  0.0000   0.0000E+00  0.0000   1.2897E-11  0.5769   0.0000E+00  0.0000
   5.6234E-03   1.0000E-02   0.0000E+00  0.0000   0.0000E+00  0.0000   2.0684E-11  0.5769   0.0000E+00  0.0000
   1.0000E-02   1.7783E-02   0.0000E+00  0.0000   0.0000E+00  0.0000   3.7089E-11  0.5769   0.0000E+00  0.0000
   1.7783E-02   3.1623E-02   0.0000E+00  0.0000   0.0000E+00  0.0000   7.6571E-11  0.5769   0.0000E+00  0.0000
   3.1623E-02   5.6234E-02   0.0000E+00  0.0000   0.0000E+00  0.0000   1.7888E-10  0.5769   0.0000E+00  0.0000
   5.6234E-02   1.0000E-01   0.0000E+00  0.0000   0.0000E+00  0.0000   4.4822E-10  0.5769   0.0000E+00  0.0000
   1.0000E-01   1.7783E-01   0.0000E+00  0.0000   0.0000E+00  0.0000   1.1505E-09  0.5769   0.0000E+00  0.0000
   1.7783E-01   3.1623E-01   0.0000E+00  0.0000   0.0000E+00  0.0000   3.0095E-09  0.5769   0.0000E+00  0.0000
   3.1623E-01   5.6234E-01   0.0000E+00  0.0000   0.0000E+00  0.0000   8.0668E-09  0.5769   0.0000E+00  0.0000
   5.6234E-01   1.0000E+00   0.0000E+00  0.0000   0.0000E+00  0.0000   2.2125E-08  0.5769   0.0000E+00  0.0000
   1.0000E+00   1.7783E+00   0.0000E+00  0.0000   0.0000E+00  0.0000   6.1953E-08  0.5769   0.0000E+00  0.0000
   1.7783E+00   3.1623E+00   0.0000E+00  0.0000   0.0000E+00  0.0000   1.7622E-07  0.5769   0.0000E+00  0.0000
   3.1623E+00   5.6234E+00   0.0000E+00  0.0000   0.0000E+00  0.0000   4.9802E-07  0.5769   0.0000E+00  0.0000
   5.6234E+00   1.0000E+01   0.0000E+00  0.0000   0.0000E+00  0.0000   1.3873E-06  0.5769   0.0000E+00  0.0000
   1.0000E+01   1.7783E+01   0.0000E+00  0.0000   0.0000E+00  0.0000   3.7774E-06  0.5769   0.0000E+00  0.0000
   1.7783E+01   3.1623E+01   0.0000E+00  0.0000   0.0000E+00  0.0000   9.8617E-06  0.5769   0.0000E+00  0.0000
   3.1623E+01   5.6234E+01   0.0000E+00  0.0000   0.0000E+00  0.0000   2.0155E-05  0.5987   0.0000E+00  0.0000
   5.6234E+01   1.0000E+02   0.0000E+00  0.0000   0.0000E+00  0.0000   1.7106E-05  0.6798   0.0000E+00  0.0000
   1.0000E+02   1.7783E+02   0.0000E+00  0.0000   0.0000E+00  0.0000   1.2531E-04  0.5000   0.0000E+00  0.0000
   1.7783E+02   3.1623E+02   0.0000E+00  0.0000   0.0000E+00  0.0000   1.9805E-04  0.4279   0.0000E+00  0.0000
   3.1623E+02   5.6234E+02   0.0000E+00  0.0000   0.0000E+00  0.0000   2.3168E-04  0.4281   0.0000E+00  0.0000
   5.6234E+02   1.0000E+03   0.0000E+00  0.0000   0.0000E+00  0.0000   9.2349E-05  0.7069   0.0000E+00  0.0000
   1.0000E+03   1.7783E+03   0.0000E+00  0.0000   0.0000E+00  0.0000   3.2526E-04  0.3661   0.0000E+00  0.0000
   1.7783E+03   3.1623E+03   0.0000E+00  0.0000   0.0000E+00  0.0000   8.6171E-04  0.2316   0.0000E+00  0.0000
   3.1623E+03   5.6234E+03   0.0000E+00  0.0000   0.0000E+00  0.0000   7.8621E-04  0.2519   0.0000E+00  0.0000
   5.6234E+03   1.0000E+04   0.0000E+00  0.0000   0.0000E+00  0.0000   3.5799E-04  0.3694   0.0000E+00  0.0000
   1.0000E+04   1.7783E+04   0.0000E+00  0.0000   0.0000E+00  0.0000   2.8034E-04  0.4119   0.0000E+00  0.0000
   1.7783E+04   3.1623E+04   0.0000E+00  0.0000   0.0000E+00  0.0000   1.5782E-04  0.6066   0.0000E+00  0.0000
   3.1623E+04   5.6234E+04   0.0000E+00  0.0000   0.0000E+00  0.0000   1.5023E-04  0.5783   0.0000E+00  0.0000
   5.6234E+04   1.0000E+05   0.0000E+00  0.0000   0.0000E+00  0.0000   0.0000E+00  0.0000   0.0000E+00  0.0000

#   sum over                 0.0000E+00  0.0000   0.0000E+00  0.0000   3.6200E-03  0.1131   0.0000E+00  0.0000

'no. =  8, (ix,iy,iz) = (  1,  1,  8)'
msuc: {\huge Flux spectra vs depth in concrete}
msdr: {\it plotted by \ANGEL \version}
msdl: {\it calculated by \PHITS  3.36}
wt: s(0.7)
\vspace{-3}
   vol  &=&   2.8800E+07 [cm^3]
  xmin  &=&  -6.0000E+02 [cm]
  xmax  &=&   6.0000E+02 [cm]
  ymin  &=&  -6.0000E+02 [cm]
  ymax  &=&   6.0000E+02 [cm]
  zmin  &=&  -5.6000E+02 [cm]
  zmax  &=&  -5.4000E+02 [cm]
e:

#------------------------------------------------------------------------------
 newpage:
#   no. =  9   ix  =  1   iy  =  1   iz  =  9
#   x = (  -6.0000E+02  -   6.0000E+02  )
#   y = (  -6.0000E+02  -   6.0000E+02  )
#   z = (  -5.4000E+02  -  -5.2000E+02  )

x: Energy [MeV/n]
y: Flux [1/cm^2/source]              
p: xlog ylog afac(0.8) form(0.9)
h: n            x            y(neutron ),hh0l n y(muon-   ),hh0dr n y(muon+   ),hh0ub n y(proton  ),hh0mg n 
#  e-lower      e-upper        neutron   r.err      muon-     r.err      muon+     r.err      proton    r.err 
   1.0000E-10   1.7783E-10   0.0000E+00  0.0000   0.0000E+00  0.0000   0.0000E+00  0.0000   0.0000E+00  0.0000
   1.7783E-10   3.1623E-10   0.0000E+00  0.0000   0.0000E+00  0.0000   0.0000E+00  0.0000   0.0000E+00  0.0000
   3.1623E-10   5.6234E-10   0.0000E+00  0.0000   0.0000E+00  0.0000   0.0000E+00  0.0000   0.0000E+00  0.0000
   5.6234E-10   1.0000E-09   0.0000E+00  0.0000   0.0000E+00  0.0000   0.0000E+00  0.0000   0.0000E+00  0.0000
   1.0000E-09   1.7783E-09   0.0000E+00  0.0000   0.0000E+00  0.0000   0.0000E+00  0.0000   0.0000E+00  0.0000
   1.7783E-09   3.1623E-09   0.0000E+00  0.0000   0.0000E+00  0.0000   0.0000E+00  0.0000   0.0000E+00  0.0000
   3.1623E-09   5.6234E-09   0.0000E+00  0.0000   0.0000E+00  0.0000   0.0000E+00  0.0000   0.0000E+00  0.0000
   5.6234E-09   1.0000E-08   0.0000E+00  0.0000   0.0000E+00  0.0000   0.0000E+00  0.0000   0.0000E+00  0.0000
   1.0000E-08   1.7783E-08   0.0000E+00  0.0000   0.0000E+00  0.0000   0.0000E+00  0.0000   0.0000E+00  0.0000
   1.7783E-08   3.1623E-08   0.0000E+00  0.0000   0.0000E+00  0.0000   0.0000E+00  0.0000   0.0000E+00  0.0000
   3.1623E-08   5.6234E-08   0.0000E+00  0.0000   0.0000E+00  0.0000   0.0000E+00  0.0000   0.0000E+00  0.0000
   5.6234E-08   1.0000E-07   0.0000E+00  0.0000   0.0000E+00  0.0000   0.0000E+00  0.0000   0.0000E+00  0.0000
   1.0000E-07   1.7783E-07   0.0000E+00  0.0000   0.0000E+00  0.0000   0.0000E+00  0.0000   0.0000E+00  0.0000
   1.7783E-07   3.1623E-07   0.0000E+00  0.0000   0.0000E+00  0.0000   0.0000E+00  0.0000   0.0000E+00  0.0000
   3.1623E-07   5.6234E-07   0.0000E+00  0.0000   0.0000E+00  0.0000   0.0000E+00  0.0000   0.0000E+00  0.0000
   5.6234E-07   1.0000E-06   0.0000E+00  0.0000   0.0000E+00  0.0000   0.0000E+00  0.0000   0.0000E+00  0.0000
   1.0000E-06   1.7783E-06   0.0000E+00  0.0000   0.0000E+00  0.0000   0.0000E+00  0.0000   0.0000E+00  0.0000
   1.7783E-06   3.1623E-06   0.0000E+00  0.0000   0.0000E+00  0.0000   0.0000E+00  0.0000   0.0000E+00  0.0000
   3.1623E-06   5.6234E-06   0.0000E+00  0.0000   0.0000E+00  0.0000   0.0000E+00  0.0000   0.0000E+00  0.0000
   5.6234E-06   1.0000E-05   0.0000E+00  0.0000   0.0000E+00  0.0000   0.0000E+00  0.0000   0.0000E+00  0.0000
   1.0000E-05   1.7783E-05   0.0000E+00  0.0000   0.0000E+00  0.0000   0.0000E+00  0.0000   0.0000E+00  0.0000
   1.7783E-05   3.1623E-05   0.0000E+00  0.0000   0.0000E+00  0.0000   0.0000E+00  0.0000   0.0000E+00  0.0000
   3.1623E-05   5.6234E-05   0.0000E+00  0.0000   0.0000E+00  0.0000   0.0000E+00  0.0000   0.0000E+00  0.0000
   5.6234E-05   1.0000E-04   0.0000E+00  0.0000   0.0000E+00  0.0000   0.0000E+00  0.0000   0.0000E+00  0.0000
   1.0000E-04   1.7783E-04   0.0000E+00  0.0000   0.0000E+00  0.0000   3.6980E-21  1.0000   0.0000E+00  0.0000
   1.7783E-04   3.1623E-04   0.0000E+00  0.0000   0.0000E+00  0.0000   0.0000E+00  0.0000   0.0000E+00  0.0000
   3.1623E-04   5.6234E-04   0.0000E+00  0.0000   0.0000E+00  0.0000   0.0000E+00  0.0000   0.0000E+00  0.0000
   5.6234E-04   1.0000E-03   0.0000E+00  0.0000   0.0000E+00  0.0000   0.0000E+00  0.0000   0.0000E+00  0.0000
   1.0000E-03   1.7783E-03   0.0000E+00  0.0000   0.0000E+00  0.0000   5.7349E-12  1.0000   0.0000E+00  0.0000
   1.7783E-03   3.1623E-03   0.0000E+00  0.0000   0.0000E+00  0.0000   2.9097E-12  1.0000   0.0000E+00  0.0000
   3.1623E-03   5.6234E-03   0.0000E+00  0.0000   0.0000E+00  0.0000   4.2989E-12  1.0000   0.0000E+00  0.0000
   5.6234E-03   1.0000E-02   0.0000E+00  0.0000   0.0000E+00  0.0000   6.8948E-12  1.0000   0.0000E+00  0.0000
   1.0000E-02   1.7783E-02   0.0000E+00  0.0000   0.0000E+00  0.0000   1.2363E-11  1.0000   0.0000E+00  0.0000
   1.7783E-02   3.1623E-02   0.0000E+00  0.0000   0.0000E+00  0.0000   2.5524E-11  1.0000   0.0000E+00  0.0000
   3.1623E-02   5.6234E-02   0.0000E+00  0.0000   0.0000E+00  0.0000   5.9628E-11  1.0000   0.0000E+00  0.0000
   5.6234E-02   1.0000E-01   0.0000E+00  0.0000   0.0000E+00  0.0000   1.4941E-10  1.0000   0.0000E+00  0.0000
   1.0000E-01   1.7783E-01   0.0000E+00  0.0000   0.0000E+00  0.0000   3.8350E-10  1.0000   0.0000E+00  0.0000
   1.7783E-01   3.1623E-01   0.0000E+00  0.0000   0.0000E+00  0.0000   1.0032E-09  1.0000   0.0000E+00  0.0000
   3.1623E-01   5.6234E-01   0.0000E+00  0.0000   0.0000E+00  0.0000   2.6889E-09  1.0000   0.0000E+00  0.0000
   5.6234E-01   1.0000E+00   0.0000E+00  0.0000   0.0000E+00  0.0000   7.3750E-09  1.0000   0.0000E+00  0.0000
   1.0000E+00   1.7783E+00   0.0000E+00  0.0000   0.0000E+00  0.0000   2.0651E-08  1.0000   0.0000E+00  0.0000
   1.7783E+00   3.1623E+00   0.0000E+00  0.0000   0.0000E+00  0.0000   5.8741E-08  1.0000   0.0000E+00  0.0000
   3.1623E+00   5.6234E+00   0.0000E+00  0.0000   0.0000E+00  0.0000   1.6601E-07  1.0000   0.0000E+00  0.0000
   5.6234E+00   1.0000E+01   0.0000E+00  0.0000   0.0000E+00  0.0000   4.6245E-07  1.0000   0.0000E+00  0.0000
   1.0000E+01   1.7783E+01   0.0000E+00  0.0000   0.0000E+00  0.0000   1.2591E-06  1.0000   0.0000E+00  0.0000
   1.7783E+01   3.1623E+01   0.0000E+00  0.0000   0.0000E+00  0.0000   3.2872E-06  1.0000   0.0000E+00  0.0000
   3.1623E+01   5.6234E+01   0.0000E+00  0.0000   0.0000E+00  0.0000   1.1990E-05  0.7468   0.0000E+00  0.0000
   5.6234E+01   1.0000E+02   0.0000E+00  0.0000   0.0000E+00  0.0000   5.7577E-05  0.5206   0.0000E+00  0.0000
   1.0000E+02   1.7783E+02   0.0000E+00  0.0000   0.0000E+00  0.0000   8.0213E-05  0.5963   0.0000E+00  0.0000
   1.7783E+02   3.1623E+02   0.0000E+00  0.0000   0.0000E+00  0.0000   2.5611E-04  0.3802   0.0000E+00  0.0000
   3.1623E+02   5.6234E+02   0.0000E+00  0.0000   0.0000E+00  0.0000   3.1470E-04  0.3522   0.0000E+00  0.0000
   5.6234E+02   1.0000E+03   0.0000E+00  0.0000   0.0000E+00  0.0000   1.2223E-04  0.5530   0.0000E+00  0.0000
   1.0000E+03   1.7783E+03   0.0000E+00  0.0000   0.0000E+00  0.0000   2.7100E-04  0.4070   0.0000E+00  0.0000
   1.7783E+03   3.1623E+03   0.0000E+00  0.0000   0.0000E+00  0.0000   8.0260E-04  0.2404   0.0000E+00  0.0000
   3.1623E+03   5.6234E+03   0.0000E+00  0.0000   0.0000E+00  0.0000   8.3252E-04  0.2474   0.0000E+00  0.0000
   5.6234E+03   1.0000E+04   0.0000E+00  0.0000   0.0000E+00  0.0000   4.7854E-04  0.3242   0.0000E+00  0.0000
   1.0000E+04   1.7783E+04   0.0000E+00  0.0000   0.0000E+00  0.0000   2.8034E-04  0.4119   0.0000E+00  0.0000
   1.7783E+04   3.1623E+04   0.0000E+00  0.0000   0.0000E+00  0.0000   2.1594E-04  0.5183   0.0000E+00  0.0000
   3.1623E+04   5.6234E+04   0.0000E+00  0.0000   0.0000E+00  0.0000   1.5023E-04  0.5783   0.0000E+00  0.0000
   5.6234E+04   1.0000E+05   0.0000E+00  0.0000   0.0000E+00  0.0000   0.0000E+00  0.0000   0.0000E+00  0.0000

#   sum over                 0.0000E+00  0.0000   0.0000E+00  0.0000   3.8793E-03  0.1095   0.0000E+00  0.0000

'no. =  9, (ix,iy,iz) = (  1,  1,  9)'
msuc: {\huge Flux spectra vs depth in concrete}
msdr: {\it plotted by \ANGEL \version}
msdl: {\it calculated by \PHITS  3.36}
wt: s(0.7)
\vspace{-3}
   vol  &=&   2.8800E+07 [cm^3]
  xmin  &=&  -6.0000E+02 [cm]
  xmax  &=&   6.0000E+02 [cm]
  ymin  &=&  -6.0000E+02 [cm]
  ymax  &=&   6.0000E+02 [cm]
  zmin  &=&  -5.4000E+02 [cm]
  zmax  &=&  -5.2000E+02 [cm]
e:

#------------------------------------------------------------------------------
 newpage:
#   no. = 10   ix  =  1   iy  =  1   iz  = 10
#   x = (  -6.0000E+02  -   6.0000E+02  )
#   y = (  -6.0000E+02  -   6.0000E+02  )
#   z = (  -5.2000E+02  -  -5.0000E+02  )

x: Energy [MeV/n]
y: Flux [1/cm^2/source]              
p: xlog ylog afac(0.8) form(0.9)
h: n            x            y(neutron ),hh0l n y(muon-   ),hh0dr n y(muon+   ),hh0ub n y(proton  ),hh0mg n 
#  e-lower      e-upper        neutron   r.err      muon-     r.err      muon+     r.err      proton    r.err 
   1.0000E-10   1.7783E-10   0.0000E+00  0.0000   0.0000E+00  0.0000   0.0000E+00  0.0000   0.0000E+00  0.0000
   1.7783E-10   3.1623E-10   0.0000E+00  0.0000   0.0000E+00  0.0000   0.0000E+00  0.0000   0.0000E+00  0.0000
   3.1623E-10   5.6234E-10   0.0000E+00  0.0000   0.0000E+00  0.0000   0.0000E+00  0.0000   0.0000E+00  0.0000
   5.6234E-10   1.0000E-09   0.0000E+00  0.0000   0.0000E+00  0.0000   0.0000E+00  0.0000   0.0000E+00  0.0000
   1.0000E-09   1.7783E-09   0.0000E+00  0.0000   0.0000E+00  0.0000   0.0000E+00  0.0000   0.0000E+00  0.0000
   1.7783E-09   3.1623E-09   0.0000E+00  0.0000   0.0000E+00  0.0000   0.0000E+00  0.0000   0.0000E+00  0.0000
   3.1623E-09   5.6234E-09   0.0000E+00  0.0000   0.0000E+00  0.0000   0.0000E+00  0.0000   0.0000E+00  0.0000
   5.6234E-09   1.0000E-08   0.0000E+00  0.0000   0.0000E+00  0.0000   0.0000E+00  0.0000   0.0000E+00  0.0000
   1.0000E-08   1.7783E-08   0.0000E+00  0.0000   0.0000E+00  0.0000   0.0000E+00  0.0000   0.0000E+00  0.0000
   1.7783E-08   3.1623E-08   0.0000E+00  0.0000   0.0000E+00  0.0000   0.0000E+00  0.0000   0.0000E+00  0.0000
   3.1623E-08   5.6234E-08   0.0000E+00  0.0000   0.0000E+00  0.0000   0.0000E+00  0.0000   0.0000E+00  0.0000
   5.6234E-08   1.0000E-07   0.0000E+00  0.0000   0.0000E+00  0.0000   0.0000E+00  0.0000   0.0000E+00  0.0000
   1.0000E-07   1.7783E-07   0.0000E+00  0.0000   0.0000E+00  0.0000   0.0000E+00  0.0000   0.0000E+00  0.0000
   1.7783E-07   3.1623E-07   0.0000E+00  0.0000   0.0000E+00  0.0000   0.0000E+00  0.0000   0.0000E+00  0.0000
   3.1623E-07   5.6234E-07   0.0000E+00  0.0000   0.0000E+00  0.0000   0.0000E+00  0.0000   0.0000E+00  0.0000
   5.6234E-07   1.0000E-06   0.0000E+00  0.0000   0.0000E+00  0.0000   0.0000E+00  0.0000   0.0000E+00  0.0000
   1.0000E-06   1.7783E-06   0.0000E+00  0.0000   0.0000E+00  0.0000   0.0000E+00  0.0000   0.0000E+00  0.0000
   1.7783E-06   3.1623E-06   0.0000E+00  0.0000   0.0000E+00  0.0000   0.0000E+00  0.0000   0.0000E+00  0.0000
   3.1623E-06   5.6234E-06   0.0000E+00  0.0000   0.0000E+00  0.0000   0.0000E+00  0.0000   0.0000E+00  0.0000
   5.6234E-06   1.0000E-05   0.0000E+00  0.0000   0.0000E+00  0.0000   0.0000E+00  0.0000   0.0000E+00  0.0000
   1.0000E-05   1.7783E-05   0.0000E+00  0.0000   0.0000E+00  0.0000   0.0000E+00  0.0000   0.0000E+00  0.0000
   1.7783E-05   3.1623E-05   0.0000E+00  0.0000   0.0000E+00  0.0000   0.0000E+00  0.0000   0.0000E+00  0.0000
   3.1623E-05   5.6234E-05   0.0000E+00  0.0000   0.0000E+00  0.0000   0.0000E+00  0.0000   0.0000E+00  0.0000
   5.6234E-05   1.0000E-04   0.0000E+00  0.0000   0.0000E+00  0.0000   0.0000E+00  0.0000   0.0000E+00  0.0000
   1.0000E-04   1.7783E-04   0.0000E+00  0.0000   0.0000E+00  0.0000   6.3357E-17  0.9999   0.0000E+00  0.0000
   1.7783E-04   3.1623E-04   0.0000E+00  0.0000   0.0000E+00  0.0000   0.0000E+00  0.0000   0.0000E+00  0.0000
   3.1623E-04   5.6234E-04   0.0000E+00  0.0000   0.0000E+00  0.0000   0.0000E+00  0.0000   0.0000E+00  0.0000
   5.6234E-04   1.0000E-03   0.0000E+00  0.0000   0.0000E+00  0.0000   0.0000E+00  0.0000   0.0000E+00  0.0000
   1.0000E-03   1.7783E-03   0.0000E+00  0.0000   0.0000E+00  0.0000   2.3814E-11  0.4994   0.0000E+00  0.0000
   1.7783E-03   3.1623E-03   0.0000E+00  0.0000   0.0000E+00  0.0000   1.1639E-11  0.4994   0.0000E+00  0.0000
   3.1623E-03   5.6234E-03   0.0000E+00  0.0000   0.0000E+00  0.0000   1.7196E-11  0.4994   0.0000E+00  0.0000
   5.6234E-03   1.0000E-02   0.0000E+00  0.0000   0.0000E+00  0.0000   2.7579E-11  0.4994   0.0000E+00  0.0000
   1.0000E-02   1.7783E-02   0.0000E+00  0.0000   0.0000E+00  0.0000   4.9452E-11  0.4994   0.0000E+00  0.0000
   1.7783E-02   3.1623E-02   0.0000E+00  0.0000   0.0000E+00  0.0000   1.0209E-10  0.4994   0.0000E+00  0.0000
   3.1623E-02   5.6234E-02   0.0000E+00  0.0000   0.0000E+00  0.0000   2.3851E-10  0.4994   0.0000E+00  0.0000
   5.6234E-02   1.0000E-01   0.0000E+00  0.0000   0.0000E+00  0.0000   5.9762E-10  0.4994   0.0000E+00  0.0000
   1.0000E-01   1.7783E-01   0.0000E+00  0.0000   0.0000E+00  0.0000   1.5340E-09  0.4994   0.0000E+00  0.0000
   1.7783E-01   3.1623E-01   0.0000E+00  0.0000   0.0000E+00  0.0000   4.0127E-09  0.4994   0.0000E+00  0.0000
   3.1623E-01   5.6234E-01   0.0000E+00  0.0000   0.0000E+00  0.0000   1.0756E-08  0.4994   0.0000E+00  0.0000
   5.6234E-01   1.0000E+00   0.0000E+00  0.0000   0.0000E+00  0.0000   2.9500E-08  0.4994   0.0000E+00  0.0000
   1.0000E+00   1.7783E+00   0.0000E+00  0.0000   0.0000E+00  0.0000   8.2605E-08  0.4994   0.0000E+00  0.0000
   1.7783E+00   3.1623E+00   0.0000E+00  0.0000   0.0000E+00  0.0000   2.3496E-07  0.4994   0.0000E+00  0.0000
   3.1623E+00   5.6234E+00   0.0000E+00  0.0000   0.0000E+00  0.0000   6.6403E-07  0.4994   0.0000E+00  0.0000
   5.6234E+00   1.0000E+01   0.0000E+00  0.0000   0.0000E+00  0.0000   1.8498E-06  0.4994   0.0000E+00  0.0000
   1.0000E+01   1.7783E+01   0.0000E+00  0.0000   0.0000E+00  0.0000   5.0365E-06  0.4994   0.0000E+00  0.0000
   1.7783E+01   3.1623E+01   0.0000E+00  0.0000   0.0000E+00  0.0000   1.3149E-05  0.4994   0.0000E+00  0.0000
   3.1623E+01   5.6234E+01   0.0000E+00  0.0000   0.0000E+00  0.0000   3.2145E-05  0.4994   0.0000E+00  0.0000
   5.6234E+01   1.0000E+02   0.0000E+00  0.0000   0.0000E+00  0.0000   5.9770E-05  0.4990   0.0000E+00  0.0000
   1.0000E+02   1.7783E+02   0.0000E+00  0.0000   0.0000E+00  0.0000   8.2671E-05  0.5283   0.0000E+00  0.0000
   1.7783E+02   3.1623E+02   0.0000E+00  0.0000   0.0000E+00  0.0000   1.8238E-04  0.4043   0.0000E+00  0.0000
   3.1623E+02   5.6234E+02   0.0000E+00  0.0000   0.0000E+00  0.0000   3.6075E-04  0.3299   0.0000E+00  0.0000
   5.6234E+02   1.0000E+03   0.0000E+00  0.0000   0.0000E+00  0.0000   2.1054E-04  0.4371   0.0000E+00  0.0000
   1.0000E+03   1.7783E+03   0.0000E+00  0.0000   0.0000E+00  0.0000   2.8202E-04  0.4093   0.0000E+00  0.0000
   1.7783E+03   3.1623E+03   0.0000E+00  0.0000   0.0000E+00  0.0000   7.1666E-04  0.2554   0.0000E+00  0.0000
   3.1623E+03   5.6234E+03   0.0000E+00  0.0000   0.0000E+00  0.0000   9.0991E-04  0.2359   0.0000E+00  0.0000
   5.6234E+03   1.0000E+04   0.0000E+00  0.0000   0.0000E+00  0.0000   5.0508E-04  0.3137   0.0000E+00  0.0000
   1.0000E+04   1.7783E+04   0.0000E+00  0.0000   0.0000E+00  0.0000   2.7406E-04  0.4129   0.0000E+00  0.0000
   1.7783E+04   3.1623E+04   0.0000E+00  0.0000   0.0000E+00  0.0000   2.1950E-04  0.5185   0.0000E+00  0.0000
   3.1623E+04   5.6234E+04   0.0000E+00  0.0000   0.0000E+00  0.0000   1.5023E-04  0.5783   0.0000E+00  0.0000
   5.6234E+04   1.0000E+05   0.0000E+00  0.0000   0.0000E+00  0.0000   0.0000E+00  0.0000   0.0000E+00  0.0000

#   sum over                 0.0000E+00  0.0000   0.0000E+00  0.0000   4.0068E-03  0.1072   0.0000E+00  0.0000

'no. = 10, (ix,iy,iz) = (  1,  1, 10)'
msuc: {\huge Flux spectra vs depth in concrete}
msdr: {\it plotted by \ANGEL \version}
msdl: {\it calculated by \PHITS  3.36}
wt: s(0.7)
\vspace{-3}
   vol  &=&   2.8800E+07 [cm^3]
  xmin  &=&  -6.0000E+02 [cm]
  xmax  &=&   6.0000E+02 [cm]
  ymin  &=&  -6.0000E+02 [cm]
  ymax  &=&   6.0000E+02 [cm]
  zmin  &=&  -5.2000E+02 [cm]
  zmax  &=&  -5.0000E+02 [cm]
e:

#------------------------------------------------------------------------------
 newpage:
#   no. = 11   ix  =  1   iy  =  1   iz  = 11
#   x = (  -6.0000E+02  -   6.0000E+02  )
#   y = (  -6.0000E+02  -   6.0000E+02  )
#   z = (  -5.0000E+02  -  -4.8000E+02  )

x: Energy [MeV/n]
y: Flux [1/cm^2/source]              
p: xlog ylog afac(0.8) form(0.9)
h: n            x            y(neutron ),hh0l n y(muon-   ),hh0dr n y(muon+   ),hh0ub n y(proton  ),hh0mg n 
#  e-lower      e-upper        neutron   r.err      muon-     r.err      muon+     r.err      proton    r.err 
   1.0000E-10   1.7783E-10   0.0000E+00  0.0000   0.0000E+00  0.0000   0.0000E+00  0.0000   0.0000E+00  0.0000
   1.7783E-10   3.1623E-10   0.0000E+00  0.0000   0.0000E+00  0.0000   0.0000E+00  0.0000   0.0000E+00  0.0000
   3.1623E-10   5.6234E-10   0.0000E+00  0.0000   0.0000E+00  0.0000   0.0000E+00  0.0000   0.0000E+00  0.0000
   5.6234E-10   1.0000E-09   0.0000E+00  0.0000   0.0000E+00  0.0000   0.0000E+00  0.0000   0.0000E+00  0.0000
   1.0000E-09   1.7783E-09   0.0000E+00  0.0000   0.0000E+00  0.0000   0.0000E+00  0.0000   0.0000E+00  0.0000
   1.7783E-09   3.1623E-09   0.0000E+00  0.0000   0.0000E+00  0.0000   0.0000E+00  0.0000   0.0000E+00  0.0000
   3.1623E-09   5.6234E-09   0.0000E+00  0.0000   0.0000E+00  0.0000   0.0000E+00  0.0000   0.0000E+00  0.0000
   5.6234E-09   1.0000E-08   0.0000E+00  0.0000   0.0000E+00  0.0000   0.0000E+00  0.0000   0.0000E+00  0.0000
   1.0000E-08   1.7783E-08   0.0000E+00  0.0000   0.0000E+00  0.0000   0.0000E+00  0.0000   0.0000E+00  0.0000
   1.7783E-08   3.1623E-08   0.0000E+00  0.0000   0.0000E+00  0.0000   0.0000E+00  0.0000   0.0000E+00  0.0000
   3.1623E-08   5.6234E-08   0.0000E+00  0.0000   0.0000E+00  0.0000   0.0000E+00  0.0000   0.0000E+00  0.0000
   5.6234E-08   1.0000E-07   0.0000E+00  0.0000   0.0000E+00  0.0000   0.0000E+00  0.0000   0.0000E+00  0.0000
   1.0000E-07   1.7783E-07   0.0000E+00  0.0000   0.0000E+00  0.0000   0.0000E+00  0.0000   0.0000E+00  0.0000
   1.7783E-07   3.1623E-07   0.0000E+00  0.0000   0.0000E+00  0.0000   0.0000E+00  0.0000   0.0000E+00  0.0000
   3.1623E-07   5.6234E-07   0.0000E+00  0.0000   0.0000E+00  0.0000   0.0000E+00  0.0000   0.0000E+00  0.0000
   5.6234E-07   1.0000E-06   0.0000E+00  0.0000   0.0000E+00  0.0000   0.0000E+00  0.0000   0.0000E+00  0.0000
   1.0000E-06   1.7783E-06   0.0000E+00  0.0000   0.0000E+00  0.0000   0.0000E+00  0.0000   0.0000E+00  0.0000
   1.7783E-06   3.1623E-06   0.0000E+00  0.0000   0.0000E+00  0.0000   0.0000E+00  0.0000   0.0000E+00  0.0000
   3.1623E-06   5.6234E-06   0.0000E+00  0.0000   0.0000E+00  0.0000   0.0000E+00  0.0000   0.0000E+00  0.0000
   5.6234E-06   1.0000E-05   0.0000E+00  0.0000   0.0000E+00  0.0000   0.0000E+00  0.0000   0.0000E+00  0.0000
   1.0000E-05   1.7783E-05   0.0000E+00  0.0000   0.0000E+00  0.0000   0.0000E+00  0.0000   0.0000E+00  0.0000
   1.7783E-05   3.1623E-05   0.0000E+00  0.0000   0.0000E+00  0.0000   0.0000E+00  0.0000   0.0000E+00  0.0000
   3.1623E-05   5.6234E-05   0.0000E+00  0.0000   0.0000E+00  0.0000   0.0000E+00  0.0000   0.0000E+00  0.0000
   5.6234E-05   1.0000E-04   0.0000E+00  0.0000   0.0000E+00  0.0000   0.0000E+00  0.0000   0.0000E+00  0.0000
   1.0000E-04   1.7783E-04   0.0000E+00  0.0000   0.0000E+00  0.0000   2.8836E-21  1.0000   0.0000E+00  0.0000
   1.7783E-04   3.1623E-04   0.0000E+00  0.0000   0.0000E+00  0.0000   0.0000E+00  0.0000   0.0000E+00  0.0000
   3.1623E-04   5.6234E-04   0.0000E+00  0.0000   0.0000E+00  0.0000   0.0000E+00  0.0000   0.0000E+00  0.0000
   5.6234E-04   1.0000E-03   0.0000E+00  0.0000   0.0000E+00  0.0000   0.0000E+00  0.0000   0.0000E+00  0.0000
   1.0000E-03   1.7783E-03   0.0000E+00  0.0000   0.0000E+00  0.0000   2.9600E-11  0.4465   0.0000E+00  0.0000
   1.7783E-03   3.1623E-03   0.0000E+00  0.0000   0.0000E+00  0.0000   1.4549E-11  0.4465   0.0000E+00  0.0000
   3.1623E-03   5.6234E-03   0.0000E+00  0.0000   0.0000E+00  0.0000   2.1495E-11  0.4465   0.0000E+00  0.0000
   5.6234E-03   1.0000E-02   0.0000E+00  0.0000   0.0000E+00  0.0000   3.4474E-11  0.4465   0.0000E+00  0.0000
   1.0000E-02   1.7783E-02   0.0000E+00  0.0000   0.0000E+00  0.0000   6.1815E-11  0.4465   0.0000E+00  0.0000
   1.7783E-02   3.1623E-02   0.0000E+00  0.0000   0.0000E+00  0.0000   1.2762E-10  0.4465   0.0000E+00  0.0000
   3.1623E-02   5.6234E-02   0.0000E+00  0.0000   0.0000E+00  0.0000   2.9814E-10  0.4465   0.0000E+00  0.0000
   5.6234E-02   1.0000E-01   0.0000E+00  0.0000   0.0000E+00  0.0000   7.4703E-10  0.4465   0.0000E+00  0.0000
   1.0000E-01   1.7783E-01   0.0000E+00  0.0000   0.0000E+00  0.0000   1.9175E-09  0.4465   0.0000E+00  0.0000
   1.7783E-01   3.1623E-01   0.0000E+00  0.0000   0.0000E+00  0.0000   5.0158E-09  0.4465   0.0000E+00  0.0000
   3.1623E-01   5.6234E-01   0.0000E+00  0.0000   0.0000E+00  0.0000   1.3445E-08  0.4465   0.0000E+00  0.0000
   5.6234E-01   1.0000E+00   0.0000E+00  0.0000   0.0000E+00  0.0000   3.6875E-08  0.4465   0.0000E+00  0.0000
   1.0000E+00   1.7783E+00   0.0000E+00  0.0000   0.0000E+00  0.0000   1.0326E-07  0.4465   0.0000E+00  0.0000
   1.7783E+00   3.1623E+00   0.0000E+00  0.0000   0.0000E+00  0.0000   2.9371E-07  0.4465   0.0000E+00  0.0000
   3.1623E+00   5.6234E+00   0.0000E+00  0.0000   0.0000E+00  0.0000   8.3004E-07  0.4465   0.0000E+00  0.0000
   5.6234E+00   1.0000E+01   0.0000E+00  0.0000   0.0000E+00  0.0000   2.3122E-06  0.4465   0.0000E+00  0.0000
   1.0000E+01   1.7783E+01   0.0000E+00  0.0000   0.0000E+00  0.0000   6.2956E-06  0.4465   0.0000E+00  0.0000
   1.7783E+01   3.1623E+01   0.0000E+00  0.0000   0.0000E+00  0.0000   1.3329E-05  0.4928   0.0000E+00  0.0000
   3.1623E+01   5.6234E+01   0.0000E+00  0.0000   0.0000E+00  0.0000   3.2145E-05  0.4994   0.0000E+00  0.0000
   5.6234E+01   1.0000E+02   0.0000E+00  0.0000   0.0000E+00  0.0000   7.3806E-05  0.4380   0.0000E+00  0.0000
   1.0000E+02   1.7783E+02   0.0000E+00  0.0000   0.0000E+00  0.0000   1.6934E-04  0.4279   0.0000E+00  0.0000
   1.7783E+02   3.1623E+02   0.0000E+00  0.0000   0.0000E+00  0.0000   2.2137E-04  0.3991   0.0000E+00  0.0000
   3.1623E+02   5.6234E+02   0.0000E+00  0.0000   0.0000E+00  0.0000   3.3780E-04  0.3526   0.0000E+00  0.0000
   5.6234E+02   1.0000E+03   0.0000E+00  0.0000   0.0000E+00  0.0000   3.4630E-04  0.3619   0.0000E+00  0.0000
   1.0000E+03   1.7783E+03   0.0000E+00  0.0000   0.0000E+00  0.0000   2.4019E-04  0.4368   0.0000E+00  0.0000
   1.7783E+03   3.1623E+03   0.0000E+00  0.0000   0.0000E+00  0.0000   6.7090E-04  0.2639   0.0000E+00  0.0000
   3.1623E+03   5.6234E+03   0.0000E+00  0.0000   0.0000E+00  0.0000   9.5257E-04  0.2305   0.0000E+00  0.0000
   5.6234E+03   1.0000E+04   0.0000E+00  0.0000   0.0000E+00  0.0000   5.3316E-04  0.3065   0.0000E+00  0.0000
   1.0000E+04   1.7783E+04   0.0000E+00  0.0000   0.0000E+00  0.0000   2.3511E-04  0.4522   0.0000E+00  0.0000
   1.7783E+04   3.1623E+04   0.0000E+00  0.0000   0.0000E+00  0.0000   1.9607E-04  0.5490   0.0000E+00  0.0000
   3.1623E+04   5.6234E+04   0.0000E+00  0.0000   0.0000E+00  0.0000   1.5023E-04  0.5783   0.0000E+00  0.0000
   5.6234E+04   1.0000E+05   0.0000E+00  0.0000   0.0000E+00  0.0000   0.0000E+00  0.0000   0.0000E+00  0.0000

#   sum over                 0.0000E+00  0.0000   0.0000E+00  0.0000   4.1822E-03  0.1058   0.0000E+00  0.0000

'no. = 11, (ix,iy,iz) = (  1,  1, 11)'
msuc: {\huge Flux spectra vs depth in concrete}
msdr: {\it plotted by \ANGEL \version}
msdl: {\it calculated by \PHITS  3.36}
wt: s(0.7)
\vspace{-3}
   vol  &=&   2.8800E+07 [cm^3]
  xmin  &=&  -6.0000E+02 [cm]
  xmax  &=&   6.0000E+02 [cm]
  ymin  &=&  -6.0000E+02 [cm]
  ymax  &=&   6.0000E+02 [cm]
  zmin  &=&  -5.0000E+02 [cm]
  zmax  &=&  -4.8000E+02 [cm]
e:

#------------------------------------------------------------------------------
 newpage:
#   no. = 12   ix  =  1   iy  =  1   iz  = 12
#   x = (  -6.0000E+02  -   6.0000E+02  )
#   y = (  -6.0000E+02  -   6.0000E+02  )
#   z = (  -4.8000E+02  -  -4.6000E+02  )

x: Energy [MeV/n]
y: Flux [1/cm^2/source]              
p: xlog ylog afac(0.8) form(0.9)
h: n            x            y(neutron ),hh0l n y(muon-   ),hh0dr n y(muon+   ),hh0ub n y(proton  ),hh0mg n 
#  e-lower      e-upper        neutron   r.err      muon-     r.err      muon+     r.err      proton    r.err 
   1.0000E-10   1.7783E-10   0.0000E+00  0.0000   0.0000E+00  0.0000   0.0000E+00  0.0000   0.0000E+00  0.0000
   1.7783E-10   3.1623E-10   0.0000E+00  0.0000   0.0000E+00  0.0000   0.0000E+00  0.0000   0.0000E+00  0.0000
   3.1623E-10   5.6234E-10   0.0000E+00  0.0000   0.0000E+00  0.0000   0.0000E+00  0.0000   0.0000E+00  0.0000
   5.6234E-10   1.0000E-09   0.0000E+00  0.0000   0.0000E+00  0.0000   0.0000E+00  0.0000   0.0000E+00  0.0000
   1.0000E-09   1.7783E-09   0.0000E+00  0.0000   0.0000E+00  0.0000   0.0000E+00  0.0000   0.0000E+00  0.0000
   1.7783E-09   3.1623E-09   0.0000E+00  0.0000   0.0000E+00  0.0000   0.0000E+00  0.0000   0.0000E+00  0.0000
   3.1623E-09   5.6234E-09   0.0000E+00  0.0000   0.0000E+00  0.0000   0.0000E+00  0.0000   0.0000E+00  0.0000
   5.6234E-09   1.0000E-08   0.0000E+00  0.0000   0.0000E+00  0.0000   0.0000E+00  0.0000   0.0000E+00  0.0000
   1.0000E-08   1.7783E-08   0.0000E+00  0.0000   0.0000E+00  0.0000   0.0000E+00  0.0000   0.0000E+00  0.0000
   1.7783E-08   3.1623E-08   0.0000E+00  0.0000   0.0000E+00  0.0000   0.0000E+00  0.0000   0.0000E+00  0.0000
   3.1623E-08   5.6234E-08   0.0000E+00  0.0000   0.0000E+00  0.0000   0.0000E+00  0.0000   0.0000E+00  0.0000
   5.6234E-08   1.0000E-07   0.0000E+00  0.0000   0.0000E+00  0.0000   0.0000E+00  0.0000   0.0000E+00  0.0000
   1.0000E-07   1.7783E-07   0.0000E+00  0.0000   0.0000E+00  0.0000   0.0000E+00  0.0000   0.0000E+00  0.0000
   1.7783E-07   3.1623E-07   0.0000E+00  0.0000   0.0000E+00  0.0000   0.0000E+00  0.0000   0.0000E+00  0.0000
   3.1623E-07   5.6234E-07   0.0000E+00  0.0000   0.0000E+00  0.0000   0.0000E+00  0.0000   0.0000E+00  0.0000
   5.6234E-07   1.0000E-06   0.0000E+00  0.0000   0.0000E+00  0.0000   0.0000E+00  0.0000   0.0000E+00  0.0000
   1.0000E-06   1.7783E-06   0.0000E+00  0.0000   0.0000E+00  0.0000   0.0000E+00  0.0000   0.0000E+00  0.0000
   1.7783E-06   3.1623E-06   0.0000E+00  0.0000   0.0000E+00  0.0000   0.0000E+00  0.0000   0.0000E+00  0.0000
   3.1623E-06   5.6234E-06   0.0000E+00  0.0000   0.0000E+00  0.0000   0.0000E+00  0.0000   0.0000E+00  0.0000
   5.6234E-06   1.0000E-05   0.0000E+00  0.0000   0.0000E+00  0.0000   0.0000E+00  0.0000   0.0000E+00  0.0000
   1.0000E-05   1.7783E-05   0.0000E+00  0.0000   0.0000E+00  0.0000   0.0000E+00  0.0000   0.0000E+00  0.0000
   1.7783E-05   3.1623E-05   0.0000E+00  0.0000   0.0000E+00  0.0000   0.0000E+00  0.0000   0.0000E+00  0.0000
   3.1623E-05   5.6234E-05   0.0000E+00  0.0000   0.0000E+00  0.0000   0.0000E+00  0.0000   0.0000E+00  0.0000
   5.6234E-05   1.0000E-04   0.0000E+00  0.0000   0.0000E+00  0.0000   0.0000E+00  0.0000   0.0000E+00  0.0000
   1.0000E-04   1.7783E-04   0.0000E+00  0.0000   0.0000E+00  0.0000   0.0000E+00  0.0000   0.0000E+00  0.0000
   1.7783E-04   3.1623E-04   0.0000E+00  0.0000   0.0000E+00  0.0000   0.0000E+00  0.0000   0.0000E+00  0.0000
   3.1623E-04   5.6234E-04   0.0000E+00  0.0000   0.0000E+00  0.0000   0.0000E+00  0.0000   0.0000E+00  0.0000
   5.6234E-04   1.0000E-03   0.0000E+00  0.0000   0.0000E+00  0.0000   0.0000E+00  0.0000   0.0000E+00  0.0000
   1.0000E-03   1.7783E-03   0.0000E+00  0.0000   0.0000E+00  0.0000   1.7289E-11  0.5771   0.0000E+00  0.0000
   1.7783E-03   3.1623E-03   0.0000E+00  0.0000   0.0000E+00  0.0000   8.7292E-12  0.5769   0.0000E+00  0.0000
   3.1623E-03   5.6234E-03   0.0000E+00  0.0000   0.0000E+00  0.0000   1.2897E-11  0.5769   0.0000E+00  0.0000
   5.6234E-03   1.0000E-02   0.0000E+00  0.0000   0.0000E+00  0.0000   2.0684E-11  0.5769   0.0000E+00  0.0000
   1.0000E-02   1.7783E-02   0.0000E+00  0.0000   0.0000E+00  0.0000   3.7089E-11  0.5769   0.0000E+00  0.0000
   1.7783E-02   3.1623E-02   0.0000E+00  0.0000   0.0000E+00  0.0000   7.6571E-11  0.5769   0.0000E+00  0.0000
   3.1623E-02   5.6234E-02   0.0000E+00  0.0000   0.0000E+00  0.0000   1.7888E-10  0.5769   0.0000E+00  0.0000
   5.6234E-02   1.0000E-01   0.0000E+00  0.0000   0.0000E+00  0.0000   4.4822E-10  0.5769   0.0000E+00  0.0000
   1.0000E-01   1.7783E-01   0.0000E+00  0.0000   0.0000E+00  0.0000   1.1505E-09  0.5769   0.0000E+00  0.0000
   1.7783E-01   3.1623E-01   0.0000E+00  0.0000   0.0000E+00  0.0000   3.0095E-09  0.5769   0.0000E+00  0.0000
   3.1623E-01   5.6234E-01   0.0000E+00  0.0000   0.0000E+00  0.0000   8.0668E-09  0.5769   0.0000E+00  0.0000
   5.6234E-01   1.0000E+00   0.0000E+00  0.0000   0.0000E+00  0.0000   2.2125E-08  0.5769   0.0000E+00  0.0000
   1.0000E+00   1.7783E+00   0.0000E+00  0.0000   0.0000E+00  0.0000   6.1953E-08  0.5769   0.0000E+00  0.0000
   1.7783E+00   3.1623E+00   0.0000E+00  0.0000   0.0000E+00  0.0000   1.7622E-07  0.5769   0.0000E+00  0.0000
   3.1623E+00   5.6234E+00   0.0000E+00  0.0000   0.0000E+00  0.0000   4.9802E-07  0.5769   0.0000E+00  0.0000
   5.6234E+00   1.0000E+01   0.0000E+00  0.0000   0.0000E+00  0.0000   1.3873E-06  0.5769   0.0000E+00  0.0000
   1.0000E+01   1.7783E+01   0.0000E+00  0.0000   0.0000E+00  0.0000   3.7774E-06  0.5769   0.0000E+00  0.0000
   1.7783E+01   3.1623E+01   0.0000E+00  0.0000   0.0000E+00  0.0000   1.2969E-05  0.4996   0.0000E+00  0.0000
   3.1623E+01   5.6234E+01   0.0000E+00  0.0000   0.0000E+00  0.0000   3.2145E-05  0.4994   0.0000E+00  0.0000
   5.6234E+01   1.0000E+02   0.0000E+00  0.0000   0.0000E+00  0.0000   8.4844E-05  0.4390   0.0000E+00  0.0000
   1.0000E+02   1.7783E+02   0.0000E+00  0.0000   0.0000E+00  0.0000   1.5321E-04  0.4160   0.0000E+00  0.0000
   1.7783E+02   3.1623E+02   0.0000E+00  0.0000   0.0000E+00  0.0000   2.7747E-04  0.4028   0.0000E+00  0.0000
   3.1623E+02   5.6234E+02   0.0000E+00  0.0000   0.0000E+00  0.0000   4.0111E-04  0.3092   0.0000E+00  0.0000
   5.6234E+02   1.0000E+03   0.0000E+00  0.0000   0.0000E+00  0.0000   4.2739E-04  0.3203   0.0000E+00  0.0000
   1.0000E+03   1.7783E+03   0.0000E+00  0.0000   0.0000E+00  0.0000   2.1251E-04  0.4442   0.0000E+00  0.0000
   1.7783E+03   3.1623E+03   0.0000E+00  0.0000   0.0000E+00  0.0000   5.9496E-04  0.2857   0.0000E+00  0.0000
   3.1623E+03   5.6234E+03   0.0000E+00  0.0000   0.0000E+00  0.0000   1.1214E-03  0.2116   0.0000E+00  0.0000
   5.6234E+03   1.0000E+04   0.0000E+00  0.0000   0.0000E+00  0.0000   5.3316E-04  0.3065   0.0000E+00  0.0000
   1.0000E+04   1.7783E+04   0.0000E+00  0.0000   0.0000E+00  0.0000   2.3511E-04  0.4522   0.0000E+00  0.0000
   1.7783E+04   3.1623E+04   0.0000E+00  0.0000   0.0000E+00  0.0000   1.1459E-04  0.6513   0.0000E+00  0.0000
   3.1623E+04   5.6234E+04   0.0000E+00  0.0000   0.0000E+00  0.0000   2.1414E-04  0.5034   0.0000E+00  0.0000
   5.6234E+04   1.0000E+05   0.0000E+00  0.0000   0.0000E+00  0.0000   0.0000E+00  0.0000   0.0000E+00  0.0000

#   sum over                 0.0000E+00  0.0000   0.0000E+00  0.0000   4.4209E-03  0.1029   0.0000E+00  0.0000

'no. = 12, (ix,iy,iz) = (  1,  1, 12)'
msuc: {\huge Flux spectra vs depth in concrete}
msdr: {\it plotted by \ANGEL \version}
msdl: {\it calculated by \PHITS  3.36}
wt: s(0.7)
\vspace{-3}
   vol  &=&   2.8800E+07 [cm^3]
  xmin  &=&  -6.0000E+02 [cm]
  xmax  &=&   6.0000E+02 [cm]
  ymin  &=&  -6.0000E+02 [cm]
  ymax  &=&   6.0000E+02 [cm]
  zmin  &=&  -4.8000E+02 [cm]
  zmax  &=&  -4.6000E+02 [cm]
e:

#------------------------------------------------------------------------------
 newpage:
#   no. = 13   ix  =  1   iy  =  1   iz  = 13
#   x = (  -6.0000E+02  -   6.0000E+02  )
#   y = (  -6.0000E+02  -   6.0000E+02  )
#   z = (  -4.6000E+02  -  -4.4000E+02  )

x: Energy [MeV/n]
y: Flux [1/cm^2/source]              
p: xlog ylog afac(0.8) form(0.9)
h: n            x            y(neutron ),hh0l n y(muon-   ),hh0dr n y(muon+   ),hh0ub n y(proton  ),hh0mg n 
#  e-lower      e-upper        neutron   r.err      muon-     r.err      muon+     r.err      proton    r.err 
   1.0000E-10   1.7783E-10   0.0000E+00  0.0000   0.0000E+00  0.0000   0.0000E+00  0.0000   0.0000E+00  0.0000
   1.7783E-10   3.1623E-10   0.0000E+00  0.0000   0.0000E+00  0.0000   0.0000E+00  0.0000   0.0000E+00  0.0000
   3.1623E-10   5.6234E-10   0.0000E+00  0.0000   0.0000E+00  0.0000   0.0000E+00  0.0000   0.0000E+00  0.0000
   5.6234E-10   1.0000E-09   0.0000E+00  0.0000   0.0000E+00  0.0000   0.0000E+00  0.0000   0.0000E+00  0.0000
   1.0000E-09   1.7783E-09   0.0000E+00  0.0000   0.0000E+00  0.0000   0.0000E+00  0.0000   0.0000E+00  0.0000
   1.7783E-09   3.1623E-09   0.0000E+00  0.0000   0.0000E+00  0.0000   0.0000E+00  0.0000   0.0000E+00  0.0000
   3.1623E-09   5.6234E-09   0.0000E+00  0.0000   0.0000E+00  0.0000   0.0000E+00  0.0000   0.0000E+00  0.0000
   5.6234E-09   1.0000E-08   0.0000E+00  0.0000   0.0000E+00  0.0000   0.0000E+00  0.0000   0.0000E+00  0.0000
   1.0000E-08   1.7783E-08   0.0000E+00  0.0000   0.0000E+00  0.0000   0.0000E+00  0.0000   0.0000E+00  0.0000
   1.7783E-08   3.1623E-08   0.0000E+00  0.0000   0.0000E+00  0.0000   0.0000E+00  0.0000   0.0000E+00  0.0000
   3.1623E-08   5.6234E-08   0.0000E+00  0.0000   0.0000E+00  0.0000   0.0000E+00  0.0000   0.0000E+00  0.0000
   5.6234E-08   1.0000E-07   0.0000E+00  0.0000   0.0000E+00  0.0000   0.0000E+00  0.0000   0.0000E+00  0.0000
   1.0000E-07   1.7783E-07   0.0000E+00  0.0000   0.0000E+00  0.0000   0.0000E+00  0.0000   0.0000E+00  0.0000
   1.7783E-07   3.1623E-07   0.0000E+00  0.0000   0.0000E+00  0.0000   0.0000E+00  0.0000   0.0000E+00  0.0000
   3.1623E-07   5.6234E-07   0.0000E+00  0.0000   0.0000E+00  0.0000   0.0000E+00  0.0000   0.0000E+00  0.0000
   5.6234E-07   1.0000E-06   0.0000E+00  0.0000   0.0000E+00  0.0000   0.0000E+00  0.0000   0.0000E+00  0.0000
   1.0000E-06   1.7783E-06   0.0000E+00  0.0000   0.0000E+00  0.0000   0.0000E+00  0.0000   0.0000E+00  0.0000
   1.7783E-06   3.1623E-06   0.0000E+00  0.0000   0.0000E+00  0.0000   0.0000E+00  0.0000   0.0000E+00  0.0000
   3.1623E-06   5.6234E-06   0.0000E+00  0.0000   0.0000E+00  0.0000   0.0000E+00  0.0000   0.0000E+00  0.0000
   5.6234E-06   1.0000E-05   0.0000E+00  0.0000   0.0000E+00  0.0000   0.0000E+00  0.0000   0.0000E+00  0.0000
   1.0000E-05   1.7783E-05   0.0000E+00  0.0000   0.0000E+00  0.0000   0.0000E+00  0.0000   0.0000E+00  0.0000
   1.7783E-05   3.1623E-05   0.0000E+00  0.0000   0.0000E+00  0.0000   0.0000E+00  0.0000   0.0000E+00  0.0000
   3.1623E-05   5.6234E-05   0.0000E+00  0.0000   0.0000E+00  0.0000   0.0000E+00  0.0000   0.0000E+00  0.0000
   5.6234E-05   1.0000E-04   0.0000E+00  0.0000   0.0000E+00  0.0000   0.0000E+00  0.0000   0.0000E+00  0.0000
   1.0000E-04   1.7783E-04   0.0000E+00  0.0000   0.0000E+00  0.0000   1.9881E-16  1.0000   0.0000E+00  0.0000
   1.7783E-04   3.1623E-04   0.0000E+00  0.0000   0.0000E+00  0.0000   0.0000E+00  0.0000   0.0000E+00  0.0000
   3.1623E-04   5.6234E-04   0.0000E+00  0.0000   0.0000E+00  0.0000   0.0000E+00  0.0000   0.0000E+00  0.0000
   5.6234E-04   1.0000E-03   0.0000E+00  0.0000   0.0000E+00  0.0000   0.0000E+00  0.0000   0.0000E+00  0.0000
   1.0000E-03   1.7783E-03   0.0000E+00  0.0000   0.0000E+00  0.0000   5.9557E-12  1.0000   0.0000E+00  0.0000
   1.7783E-03   3.1623E-03   0.0000E+00  0.0000   0.0000E+00  0.0000   2.9097E-12  1.0000   0.0000E+00  0.0000
   3.1623E-03   5.6234E-03   0.0000E+00  0.0000   0.0000E+00  0.0000   4.2989E-12  1.0000   0.0000E+00  0.0000
   5.6234E-03   1.0000E-02   0.0000E+00  0.0000   0.0000E+00  0.0000   6.8948E-12  1.0000   0.0000E+00  0.0000
   1.0000E-02   1.7783E-02   0.0000E+00  0.0000   0.0000E+00  0.0000   1.2363E-11  1.0000   0.0000E+00  0.0000
   1.7783E-02   3.1623E-02   0.0000E+00  0.0000   0.0000E+00  0.0000   2.5524E-11  1.0000   0.0000E+00  0.0000
   3.1623E-02   5.6234E-02   0.0000E+00  0.0000   0.0000E+00  0.0000   5.9628E-11  1.0000   0.0000E+00  0.0000
   5.6234E-02   1.0000E-01   0.0000E+00  0.0000   0.0000E+00  0.0000   1.4941E-10  1.0000   0.0000E+00  0.0000
   1.0000E-01   1.7783E-01   0.0000E+00  0.0000   0.0000E+00  0.0000   3.8350E-10  1.0000   0.0000E+00  0.0000
   1.7783E-01   3.1623E-01   0.0000E+00  0.0000   0.0000E+00  0.0000   1.0032E-09  1.0000   0.0000E+00  0.0000
   3.1623E-01   5.6234E-01   0.0000E+00  0.0000   0.0000E+00  0.0000   2.6889E-09  1.0000   0.0000E+00  0.0000
   5.6234E-01   1.0000E+00   0.0000E+00  0.0000   0.0000E+00  0.0000   7.3750E-09  1.0000   0.0000E+00  0.0000
   1.0000E+00   1.7783E+00   0.0000E+00  0.0000   0.0000E+00  0.0000   2.0651E-08  1.0000   0.0000E+00  0.0000
   1.7783E+00   3.1623E+00   0.0000E+00  0.0000   0.0000E+00  0.0000   5.8741E-08  1.0000   0.0000E+00  0.0000
   3.1623E+00   5.6234E+00   0.0000E+00  0.0000   0.0000E+00  0.0000   1.6601E-07  1.0000   0.0000E+00  0.0000
   5.6234E+00   1.0000E+01   0.0000E+00  0.0000   0.0000E+00  0.0000   4.6245E-07  1.0000   0.0000E+00  0.0000
   1.0000E+01   1.7783E+01   0.0000E+00  0.0000   0.0000E+00  0.0000   1.2591E-06  1.0000   0.0000E+00  0.0000
   1.7783E+01   3.1623E+01   0.0000E+00  0.0000   0.0000E+00  0.0000   3.2872E-06  1.0000   0.0000E+00  0.0000
   3.1623E+01   5.6234E+01   0.0000E+00  0.0000   0.0000E+00  0.0000   8.0362E-06  1.0000   0.0000E+00  0.0000
   5.6234E+01   1.0000E+02   0.0000E+00  0.0000   0.0000E+00  0.0000   1.7990E-05  1.0000   0.0000E+00  0.0000
   1.0000E+02   1.7783E+02   0.0000E+00  0.0000   0.0000E+00  0.0000   1.0596E-04  0.4785   0.0000E+00  0.0000
   1.7783E+02   3.1623E+02   0.0000E+00  0.0000   0.0000E+00  0.0000   2.4353E-04  0.3771   0.0000E+00  0.0000
   3.1623E+02   5.6234E+02   0.0000E+00  0.0000   0.0000E+00  0.0000   4.7434E-04  0.3217   0.0000E+00  0.0000
   5.6234E+02   1.0000E+03   0.0000E+00  0.0000   0.0000E+00  0.0000   5.8918E-04  0.2666   0.0000E+00  0.0000
   1.0000E+03   1.7783E+03   0.0000E+00  0.0000   0.0000E+00  0.0000   2.4449E-04  0.4181   0.0000E+00  0.0000
   1.7783E+03   3.1623E+03   0.0000E+00  0.0000   0.0000E+00  0.0000   5.8813E-04  0.2895   0.0000E+00  0.0000
   3.1623E+03   5.6234E+03   0.0000E+00  0.0000   0.0000E+00  0.0000   1.1307E-03  0.2119   0.0000E+00  0.0000
   5.6234E+03   1.0000E+04   0.0000E+00  0.0000   0.0000E+00  0.0000   5.7281E-04  0.2893   0.0000E+00  0.0000
   1.0000E+04   1.7783E+04   0.0000E+00  0.0000   0.0000E+00  0.0000   2.6650E-04  0.4158   0.0000E+00  0.0000
   1.7783E+04   3.1623E+04   0.0000E+00  0.0000   0.0000E+00  0.0000   1.0176E-04  0.7226   0.0000E+00  0.0000
   3.1623E+04   5.6234E+04   0.0000E+00  0.0000   0.0000E+00  0.0000   2.2697E-04  0.5104   0.0000E+00  0.0000
   5.6234E+04   1.0000E+05   0.0000E+00  0.0000   0.0000E+00  0.0000   0.0000E+00  0.0000   0.0000E+00  0.0000

#   sum over                 0.0000E+00  0.0000   0.0000E+00  0.0000   4.5757E-03  0.1008   0.0000E+00  0.0000

'no. = 13, (ix,iy,iz) = (  1,  1, 13)'
msuc: {\huge Flux spectra vs depth in concrete}
msdr: {\it plotted by \ANGEL \version}
msdl: {\it calculated by \PHITS  3.36}
wt: s(0.7)
\vspace{-3}
   vol  &=&   2.8800E+07 [cm^3]
  xmin  &=&  -6.0000E+02 [cm]
  xmax  &=&   6.0000E+02 [cm]
  ymin  &=&  -6.0000E+02 [cm]
  ymax  &=&   6.0000E+02 [cm]
  zmin  &=&  -4.6000E+02 [cm]
  zmax  &=&  -4.4000E+02 [cm]
e:

#------------------------------------------------------------------------------
 newpage:
#   no. = 14   ix  =  1   iy  =  1   iz  = 14
#   x = (  -6.0000E+02  -   6.0000E+02  )
#   y = (  -6.0000E+02  -   6.0000E+02  )
#   z = (  -4.4000E+02  -  -4.2000E+02  )

x: Energy [MeV/n]
y: Flux [1/cm^2/source]              
p: xlog ylog afac(0.8) form(0.9)
h: n            x            y(neutron ),hh0l n y(muon-   ),hh0dr n y(muon+   ),hh0ub n y(proton  ),hh0mg n 
#  e-lower      e-upper        neutron   r.err      muon-     r.err      muon+     r.err      proton    r.err 
   1.0000E-10   1.7783E-10   0.0000E+00  0.0000   0.0000E+00  0.0000   0.0000E+00  0.0000   0.0000E+00  0.0000
   1.7783E-10   3.1623E-10   0.0000E+00  0.0000   0.0000E+00  0.0000   0.0000E+00  0.0000   0.0000E+00  0.0000
   3.1623E-10   5.6234E-10   0.0000E+00  0.0000   0.0000E+00  0.0000   0.0000E+00  0.0000   0.0000E+00  0.0000
   5.6234E-10   1.0000E-09   0.0000E+00  0.0000   0.0000E+00  0.0000   0.0000E+00  0.0000   0.0000E+00  0.0000
   1.0000E-09   1.7783E-09   0.0000E+00  0.0000   0.0000E+00  0.0000   0.0000E+00  0.0000   0.0000E+00  0.0000
   1.7783E-09   3.1623E-09   0.0000E+00  0.0000   0.0000E+00  0.0000   0.0000E+00  0.0000   0.0000E+00  0.0000
   3.1623E-09   5.6234E-09   0.0000E+00  0.0000   0.0000E+00  0.0000   0.0000E+00  0.0000   0.0000E+00  0.0000
   5.6234E-09   1.0000E-08   0.0000E+00  0.0000   0.0000E+00  0.0000   0.0000E+00  0.0000   0.0000E+00  0.0000
   1.0000E-08   1.7783E-08   0.0000E+00  0.0000   0.0000E+00  0.0000   0.0000E+00  0.0000   0.0000E+00  0.0000
   1.7783E-08   3.1623E-08   0.0000E+00  0.0000   0.0000E+00  0.0000   0.0000E+00  0.0000   0.0000E+00  0.0000
   3.1623E-08   5.6234E-08   0.0000E+00  0.0000   0.0000E+00  0.0000   0.0000E+00  0.0000   0.0000E+00  0.0000
   5.6234E-08   1.0000E-07   0.0000E+00  0.0000   0.0000E+00  0.0000   0.0000E+00  0.0000   0.0000E+00  0.0000
   1.0000E-07   1.7783E-07   0.0000E+00  0.0000   0.0000E+00  0.0000   0.0000E+00  0.0000   0.0000E+00  0.0000
   1.7783E-07   3.1623E-07   0.0000E+00  0.0000   0.0000E+00  0.0000   0.0000E+00  0.0000   0.0000E+00  0.0000
   3.1623E-07   5.6234E-07   0.0000E+00  0.0000   0.0000E+00  0.0000   0.0000E+00  0.0000   0.0000E+00  0.0000
   5.6234E-07   1.0000E-06   0.0000E+00  0.0000   0.0000E+00  0.0000   0.0000E+00  0.0000   0.0000E+00  0.0000
   1.0000E-06   1.7783E-06   0.0000E+00  0.0000   0.0000E+00  0.0000   0.0000E+00  0.0000   0.0000E+00  0.0000
   1.7783E-06   3.1623E-06   0.0000E+00  0.0000   0.0000E+00  0.0000   0.0000E+00  0.0000   0.0000E+00  0.0000
   3.1623E-06   5.6234E-06   0.0000E+00  0.0000   0.0000E+00  0.0000   0.0000E+00  0.0000   0.0000E+00  0.0000
   5.6234E-06   1.0000E-05   0.0000E+00  0.0000   0.0000E+00  0.0000   0.0000E+00  0.0000   0.0000E+00  0.0000
   1.0000E-05   1.7783E-05   0.0000E+00  0.0000   0.0000E+00  0.0000   0.0000E+00  0.0000   0.0000E+00  0.0000
   1.7783E-05   3.1623E-05   0.0000E+00  0.0000   0.0000E+00  0.0000   0.0000E+00  0.0000   0.0000E+00  0.0000
   3.1623E-05   5.6234E-05   0.0000E+00  0.0000   0.0000E+00  0.0000   0.0000E+00  0.0000   0.0000E+00  0.0000
   5.6234E-05   1.0000E-04   0.0000E+00  0.0000   0.0000E+00  0.0000   0.0000E+00  0.0000   0.0000E+00  0.0000
   1.0000E-04   1.7783E-04   0.0000E+00  0.0000   0.0000E+00  0.0000   0.0000E+00  0.0000   0.0000E+00  0.0000
   1.7783E-04   3.1623E-04   0.0000E+00  0.0000   0.0000E+00  0.0000   3.8099E-21  1.0000   0.0000E+00  0.0000
   3.1623E-04   5.6234E-04   0.0000E+00  0.0000   0.0000E+00  0.0000   0.0000E+00  0.0000   0.0000E+00  0.0000
   5.6234E-04   1.0000E-03   0.0000E+00  0.0000   0.0000E+00  0.0000   0.0000E+00  0.0000   0.0000E+00  0.0000
   1.0000E-03   1.7783E-03   0.0000E+00  0.0000   0.0000E+00  0.0000   3.9435E-11  0.3781   0.0000E+00  0.0000
   1.7783E-03   3.1623E-03   0.0000E+00  0.0000   0.0000E+00  0.0000   2.0368E-11  0.3771   0.0000E+00  0.0000
   3.1623E-03   5.6234E-03   0.0000E+00  0.0000   0.0000E+00  0.0000   3.0092E-11  0.3771   0.0000E+00  0.0000
   5.6234E-03   1.0000E-02   0.0000E+00  0.0000   0.0000E+00  0.0000   4.8264E-11  0.3771   0.0000E+00  0.0000
   1.0000E-02   1.7783E-02   0.0000E+00  0.0000   0.0000E+00  0.0000   8.6541E-11  0.3771   0.0000E+00  0.0000
   1.7783E-02   3.1623E-02   0.0000E+00  0.0000   0.0000E+00  0.0000   1.7867E-10  0.3771   0.0000E+00  0.0000
   3.1623E-02   5.6234E-02   0.0000E+00  0.0000   0.0000E+00  0.0000   4.1740E-10  0.3771   0.0000E+00  0.0000
   5.6234E-02   1.0000E-01   0.0000E+00  0.0000   0.0000E+00  0.0000   1.0458E-09  0.3771   0.0000E+00  0.0000
   1.0000E-01   1.7783E-01   0.0000E+00  0.0000   0.0000E+00  0.0000   2.6845E-09  0.3771   0.0000E+00  0.0000
   1.7783E-01   3.1623E-01   0.0000E+00  0.0000   0.0000E+00  0.0000   7.0222E-09  0.3771   0.0000E+00  0.0000
   3.1623E-01   5.6234E-01   0.0000E+00  0.0000   0.0000E+00  0.0000   1.8822E-08  0.3771   0.0000E+00  0.0000
   5.6234E-01   1.0000E+00   0.0000E+00  0.0000   0.0000E+00  0.0000   5.1625E-08  0.3771   0.0000E+00  0.0000
   1.0000E+00   1.7783E+00   0.0000E+00  0.0000   0.0000E+00  0.0000   1.4456E-07  0.3771   0.0000E+00  0.0000
   1.7783E+00   3.1623E+00   0.0000E+00  0.0000   0.0000E+00  0.0000   4.1119E-07  0.3771   0.0000E+00  0.0000
   3.1623E+00   5.6234E+00   0.0000E+00  0.0000   0.0000E+00  0.0000   1.1621E-06  0.3771   0.0000E+00  0.0000
   5.6234E+00   1.0000E+01   0.0000E+00  0.0000   0.0000E+00  0.0000   3.2371E-06  0.3771   0.0000E+00  0.0000
   1.0000E+01   1.7783E+01   0.0000E+00  0.0000   0.0000E+00  0.0000   8.8139E-06  0.3771   0.0000E+00  0.0000
   1.7783E+01   3.1623E+01   0.0000E+00  0.0000   0.0000E+00  0.0000   2.0000E-05  0.4020   0.0000E+00  0.0000
   3.1623E+01   5.6234E+01   0.0000E+00  0.0000   0.0000E+00  0.0000   4.0368E-05  0.4445   0.0000E+00  0.0000
   5.6234E+01   1.0000E+02   0.0000E+00  0.0000   0.0000E+00  0.0000   7.1503E-05  0.4702   0.0000E+00  0.0000
   1.0000E+02   1.7783E+02   0.0000E+00  0.0000   0.0000E+00  0.0000   6.1697E-05  0.6118   0.0000E+00  0.0000
   1.7783E+02   3.1623E+02   0.0000E+00  0.0000   0.0000E+00  0.0000   2.4037E-04  0.3948   0.0000E+00  0.0000
   3.1623E+02   5.6234E+02   0.0000E+00  0.0000   0.0000E+00  0.0000   4.1925E-04  0.3087   0.0000E+00  0.0000
   5.6234E+02   1.0000E+03   0.0000E+00  0.0000   0.0000E+00  0.0000   6.8913E-04  0.2484   0.0000E+00  0.0000
   1.0000E+03   1.7783E+03   0.0000E+00  0.0000   0.0000E+00  0.0000   3.1576E-04  0.3369   0.0000E+00  0.0000
   1.7783E+03   3.1623E+03   0.0000E+00  0.0000   0.0000E+00  0.0000   5.5893E-04  0.2841   0.0000E+00  0.0000
   3.1623E+03   5.6234E+03   0.0000E+00  0.0000   0.0000E+00  0.0000   1.1053E-03  0.2146   0.0000E+00  0.0000
   5.6234E+03   1.0000E+04   0.0000E+00  0.0000   0.0000E+00  0.0000   6.9108E-04  0.2711   0.0000E+00  0.0000
   1.0000E+04   1.7783E+04   0.0000E+00  0.0000   0.0000E+00  0.0000   3.5681E-04  0.4525   0.0000E+00  0.0000
   1.7783E+04   3.1623E+04   0.0000E+00  0.0000   0.0000E+00  0.0000   1.0176E-04  0.7226   0.0000E+00  0.0000
   3.1623E+04   5.6234E+04   0.0000E+00  0.0000   0.0000E+00  0.0000   2.2697E-04  0.5104   0.0000E+00  0.0000
   5.6234E+04   1.0000E+05   0.0000E+00  0.0000   0.0000E+00  0.0000   0.0000E+00  0.0000   0.0000E+00  0.0000

#   sum over                 0.0000E+00  0.0000   0.0000E+00  0.0000   4.9127E-03  0.0990   0.0000E+00  0.0000

'no. = 14, (ix,iy,iz) = (  1,  1, 14)'
msuc: {\huge Flux spectra vs depth in concrete}
msdr: {\it plotted by \ANGEL \version}
msdl: {\it calculated by \PHITS  3.36}
wt: s(0.7)
\vspace{-3}
   vol  &=&   2.8800E+07 [cm^3]
  xmin  &=&  -6.0000E+02 [cm]
  xmax  &=&   6.0000E+02 [cm]
  ymin  &=&  -6.0000E+02 [cm]
  ymax  &=&   6.0000E+02 [cm]
  zmin  &=&  -4.4000E+02 [cm]
  zmax  &=&  -4.2000E+02 [cm]
e:

#------------------------------------------------------------------------------
 newpage:
#   no. = 15   ix  =  1   iy  =  1   iz  = 15
#   x = (  -6.0000E+02  -   6.0000E+02  )
#   y = (  -6.0000E+02  -   6.0000E+02  )
#   z = (  -4.2000E+02  -  -4.0000E+02  )

x: Energy [MeV/n]
y: Flux [1/cm^2/source]              
p: xlog ylog afac(0.8) form(0.9)
h: n            x            y(neutron ),hh0l n y(muon-   ),hh0dr n y(muon+   ),hh0ub n y(proton  ),hh0mg n 
#  e-lower      e-upper        neutron   r.err      muon-     r.err      muon+     r.err      proton    r.err 
   1.0000E-10   1.7783E-10   0.0000E+00  0.0000   0.0000E+00  0.0000   0.0000E+00  0.0000   0.0000E+00  0.0000
   1.7783E-10   3.1623E-10   0.0000E+00  0.0000   0.0000E+00  0.0000   0.0000E+00  0.0000   0.0000E+00  0.0000
   3.1623E-10   5.6234E-10   0.0000E+00  0.0000   0.0000E+00  0.0000   0.0000E+00  0.0000   0.0000E+00  0.0000
   5.6234E-10   1.0000E-09   0.0000E+00  0.0000   0.0000E+00  0.0000   0.0000E+00  0.0000   0.0000E+00  0.0000
   1.0000E-09   1.7783E-09   0.0000E+00  0.0000   0.0000E+00  0.0000   0.0000E+00  0.0000   0.0000E+00  0.0000
   1.7783E-09   3.1623E-09   0.0000E+00  0.0000   0.0000E+00  0.0000   0.0000E+00  0.0000   0.0000E+00  0.0000
   3.1623E-09   5.6234E-09   0.0000E+00  0.0000   0.0000E+00  0.0000   0.0000E+00  0.0000   0.0000E+00  0.0000
   5.6234E-09   1.0000E-08   0.0000E+00  0.0000   0.0000E+00  0.0000   0.0000E+00  0.0000   0.0000E+00  0.0000
   1.0000E-08   1.7783E-08   0.0000E+00  0.0000   0.0000E+00  0.0000   0.0000E+00  0.0000   0.0000E+00  0.0000
   1.7783E-08   3.1623E-08   0.0000E+00  0.0000   0.0000E+00  0.0000   0.0000E+00  0.0000   0.0000E+00  0.0000
   3.1623E-08   5.6234E-08   0.0000E+00  0.0000   0.0000E+00  0.0000   0.0000E+00  0.0000   0.0000E+00  0.0000
   5.6234E-08   1.0000E-07   0.0000E+00  0.0000   0.0000E+00  0.0000   0.0000E+00  0.0000   0.0000E+00  0.0000
   1.0000E-07   1.7783E-07   0.0000E+00  0.0000   0.0000E+00  0.0000   0.0000E+00  0.0000   0.0000E+00  0.0000
   1.7783E-07   3.1623E-07   0.0000E+00  0.0000   0.0000E+00  0.0000   0.0000E+00  0.0000   0.0000E+00  0.0000
   3.1623E-07   5.6234E-07   0.0000E+00  0.0000   0.0000E+00  0.0000   0.0000E+00  0.0000   0.0000E+00  0.0000
   5.6234E-07   1.0000E-06   0.0000E+00  0.0000   0.0000E+00  0.0000   0.0000E+00  0.0000   0.0000E+00  0.0000
   1.0000E-06   1.7783E-06   0.0000E+00  0.0000   0.0000E+00  0.0000   0.0000E+00  0.0000   0.0000E+00  0.0000
   1.7783E-06   3.1623E-06   0.0000E+00  0.0000   0.0000E+00  0.0000   0.0000E+00  0.0000   0.0000E+00  0.0000
   3.1623E-06   5.6234E-06   0.0000E+00  0.0000   0.0000E+00  0.0000   0.0000E+00  0.0000   0.0000E+00  0.0000
   5.6234E-06   1.0000E-05   0.0000E+00  0.0000   0.0000E+00  0.0000   0.0000E+00  0.0000   0.0000E+00  0.0000
   1.0000E-05   1.7783E-05   0.0000E+00  0.0000   0.0000E+00  0.0000   0.0000E+00  0.0000   0.0000E+00  0.0000
   1.7783E-05   3.1623E-05   0.0000E+00  0.0000   0.0000E+00  0.0000   0.0000E+00  0.0000   0.0000E+00  0.0000
   3.1623E-05   5.6234E-05   0.0000E+00  0.0000   0.0000E+00  0.0000   0.0000E+00  0.0000   0.0000E+00  0.0000
   5.6234E-05   1.0000E-04   0.0000E+00  0.0000   0.0000E+00  0.0000   0.0000E+00  0.0000   0.0000E+00  0.0000
   1.0000E-04   1.7783E-04   0.0000E+00  0.0000   0.0000E+00  0.0000   0.0000E+00  0.0000   0.0000E+00  0.0000
   1.7783E-04   3.1623E-04   0.0000E+00  0.0000   0.0000E+00  0.0000   0.0000E+00  0.0000   0.0000E+00  0.0000
   3.1623E-04   5.6234E-04   0.0000E+00  0.0000   0.0000E+00  0.0000   0.0000E+00  0.0000   0.0000E+00  0.0000
   5.6234E-04   1.0000E-03   0.0000E+00  0.0000   0.0000E+00  0.0000   0.0000E+00  0.0000   0.0000E+00  0.0000
   1.0000E-03   1.7783E-03   0.0000E+00  0.0000   0.0000E+00  0.0000   1.7867E-11  0.5769   0.0000E+00  0.0000
   1.7783E-03   3.1623E-03   0.0000E+00  0.0000   0.0000E+00  0.0000   8.7292E-12  0.5769   0.0000E+00  0.0000
   3.1623E-03   5.6234E-03   0.0000E+00  0.0000   0.0000E+00  0.0000   1.2897E-11  0.5769   0.0000E+00  0.0000
   5.6234E-03   1.0000E-02   0.0000E+00  0.0000   0.0000E+00  0.0000   2.0684E-11  0.5769   0.0000E+00  0.0000
   1.0000E-02   1.7783E-02   0.0000E+00  0.0000   0.0000E+00  0.0000   3.7089E-11  0.5769   0.0000E+00  0.0000
   1.7783E-02   3.1623E-02   0.0000E+00  0.0000   0.0000E+00  0.0000   7.6571E-11  0.5769   0.0000E+00  0.0000
   3.1623E-02   5.6234E-02   0.0000E+00  0.0000   0.0000E+00  0.0000   1.7888E-10  0.5769   0.0000E+00  0.0000
   5.6234E-02   1.0000E-01   0.0000E+00  0.0000   0.0000E+00  0.0000   4.4822E-10  0.5769   0.0000E+00  0.0000
   1.0000E-01   1.7783E-01   0.0000E+00  0.0000   0.0000E+00  0.0000   1.1505E-09  0.5769   0.0000E+00  0.0000
   1.7783E-01   3.1623E-01   0.0000E+00  0.0000   0.0000E+00  0.0000   3.0095E-09  0.5769   0.0000E+00  0.0000
   3.1623E-01   5.6234E-01   0.0000E+00  0.0000   0.0000E+00  0.0000   8.0668E-09  0.5769   0.0000E+00  0.0000
   5.6234E-01   1.0000E+00   0.0000E+00  0.0000   0.0000E+00  0.0000   2.2125E-08  0.5769   0.0000E+00  0.0000
   1.0000E+00   1.7783E+00   0.0000E+00  0.0000   0.0000E+00  0.0000   6.1953E-08  0.5769   0.0000E+00  0.0000
   1.7783E+00   3.1623E+00   0.0000E+00  0.0000   0.0000E+00  0.0000   1.7622E-07  0.5769   0.0000E+00  0.0000
   3.1623E+00   5.6234E+00   0.0000E+00  0.0000   0.0000E+00  0.0000   4.9802E-07  0.5769   0.0000E+00  0.0000
   5.6234E+00   1.0000E+01   0.0000E+00  0.0000   0.0000E+00  0.0000   1.1139E-06  0.6108   0.0000E+00  0.0000
   1.0000E+01   1.7783E+01   0.0000E+00  0.0000   0.0000E+00  0.0000   2.5182E-06  0.7068   0.0000E+00  0.0000
   1.7783E+01   3.1623E+01   0.0000E+00  0.0000   0.0000E+00  0.0000   9.5855E-06  0.5774   0.0000E+00  0.0000
   3.1623E+01   5.6234E+01   0.0000E+00  0.0000   0.0000E+00  0.0000   3.1958E-05  0.4994   0.0000E+00  0.0000
   5.6234E+01   1.0000E+02   0.0000E+00  0.0000   0.0000E+00  0.0000   6.6846E-05  0.4960   0.0000E+00  0.0000
   1.0000E+02   1.7783E+02   0.0000E+00  0.0000   0.0000E+00  0.0000   1.4818E-04  0.4281   0.0000E+00  0.0000
   1.7783E+02   3.1623E+02   0.0000E+00  0.0000   0.0000E+00  0.0000   1.4351E-04  0.5459   0.0000E+00  0.0000
   3.1623E+02   5.6234E+02   0.0000E+00  0.0000   0.0000E+00  0.0000   3.7873E-04  0.3376   0.0000E+00  0.0000
   5.6234E+02   1.0000E+03   0.0000E+00  0.0000   0.0000E+00  0.0000   7.4604E-04  0.2573   0.0000E+00  0.0000
   1.0000E+03   1.7783E+03   0.0000E+00  0.0000   0.0000E+00  0.0000   4.3100E-04  0.3219   0.0000E+00  0.0000
   1.7783E+03   3.1623E+03   0.0000E+00  0.0000   0.0000E+00  0.0000   5.9321E-04  0.2800   0.0000E+00  0.0000
   3.1623E+03   5.6234E+03   0.0000E+00  0.0000   0.0000E+00  0.0000   1.1142E-03  0.2098   0.0000E+00  0.0000
   5.6234E+03   1.0000E+04   0.0000E+00  0.0000   0.0000E+00  0.0000   7.2051E-04  0.2680   0.0000E+00  0.0000
   1.0000E+04   1.7783E+04   0.0000E+00  0.0000   0.0000E+00  0.0000   3.5681E-04  0.4525   0.0000E+00  0.0000
   1.7783E+04   3.1623E+04   0.0000E+00  0.0000   0.0000E+00  0.0000   1.0176E-04  0.7226   0.0000E+00  0.0000
   3.1623E+04   5.6234E+04   0.0000E+00  0.0000   0.0000E+00  0.0000   2.2697E-04  0.5104   0.0000E+00  0.0000
   5.6234E+04   1.0000E+05   0.0000E+00  0.0000   0.0000E+00  0.0000   0.0000E+00  0.0000   0.0000E+00  0.0000

#   sum over                 0.0000E+00  0.0000   0.0000E+00  0.0000   5.0737E-03  0.0974   0.0000E+00  0.0000

'no. = 15, (ix,iy,iz) = (  1,  1, 15)'
msuc: {\huge Flux spectra vs depth in concrete}
msdr: {\it plotted by \ANGEL \version}
msdl: {\it calculated by \PHITS  3.36}
wt: s(0.7)
\vspace{-3}
   vol  &=&   2.8800E+07 [cm^3]
  xmin  &=&  -6.0000E+02 [cm]
  xmax  &=&   6.0000E+02 [cm]
  ymin  &=&  -6.0000E+02 [cm]
  ymax  &=&   6.0000E+02 [cm]
  zmin  &=&  -4.2000E+02 [cm]
  zmax  &=&  -4.0000E+02 [cm]
e:

#------------------------------------------------------------------------------
 newpage:
#   no. = 16   ix  =  1   iy  =  1   iz  = 16
#   x = (  -6.0000E+02  -   6.0000E+02  )
#   y = (  -6.0000E+02  -   6.0000E+02  )
#   z = (  -4.0000E+02  -  -3.8000E+02  )

x: Energy [MeV/n]
y: Flux [1/cm^2/source]              
p: xlog ylog afac(0.8) form(0.9)
h: n            x            y(neutron ),hh0l n y(muon-   ),hh0dr n y(muon+   ),hh0ub n y(proton  ),hh0mg n 
#  e-lower      e-upper        neutron   r.err      muon-     r.err      muon+     r.err      proton    r.err 
   1.0000E-10   1.7783E-10   0.0000E+00  0.0000   0.0000E+00  0.0000   0.0000E+00  0.0000   0.0000E+00  0.0000
   1.7783E-10   3.1623E-10   0.0000E+00  0.0000   0.0000E+00  0.0000   0.0000E+00  0.0000   0.0000E+00  0.0000
   3.1623E-10   5.6234E-10   0.0000E+00  0.0000   0.0000E+00  0.0000   0.0000E+00  0.0000   0.0000E+00  0.0000
   5.6234E-10   1.0000E-09   0.0000E+00  0.0000   0.0000E+00  0.0000   0.0000E+00  0.0000   0.0000E+00  0.0000
   1.0000E-09   1.7783E-09   0.0000E+00  0.0000   0.0000E+00  0.0000   0.0000E+00  0.0000   0.0000E+00  0.0000
   1.7783E-09   3.1623E-09   0.0000E+00  0.0000   0.0000E+00  0.0000   0.0000E+00  0.0000   0.0000E+00  0.0000
   3.1623E-09   5.6234E-09   0.0000E+00  0.0000   0.0000E+00  0.0000   0.0000E+00  0.0000   0.0000E+00  0.0000
   5.6234E-09   1.0000E-08   0.0000E+00  0.0000   0.0000E+00  0.0000   0.0000E+00  0.0000   0.0000E+00  0.0000
   1.0000E-08   1.7783E-08   0.0000E+00  0.0000   0.0000E+00  0.0000   0.0000E+00  0.0000   0.0000E+00  0.0000
   1.7783E-08   3.1623E-08   0.0000E+00  0.0000   0.0000E+00  0.0000   0.0000E+00  0.0000   0.0000E+00  0.0000
   3.1623E-08   5.6234E-08   0.0000E+00  0.0000   0.0000E+00  0.0000   0.0000E+00  0.0000   0.0000E+00  0.0000
   5.6234E-08   1.0000E-07   0.0000E+00  0.0000   0.0000E+00  0.0000   0.0000E+00  0.0000   0.0000E+00  0.0000
   1.0000E-07   1.7783E-07   0.0000E+00  0.0000   0.0000E+00  0.0000   0.0000E+00  0.0000   0.0000E+00  0.0000
   1.7783E-07   3.1623E-07   0.0000E+00  0.0000   0.0000E+00  0.0000   0.0000E+00  0.0000   0.0000E+00  0.0000
   3.1623E-07   5.6234E-07   0.0000E+00  0.0000   0.0000E+00  0.0000   0.0000E+00  0.0000   0.0000E+00  0.0000
   5.6234E-07   1.0000E-06   0.0000E+00  0.0000   0.0000E+00  0.0000   0.0000E+00  0.0000   0.0000E+00  0.0000
   1.0000E-06   1.7783E-06   0.0000E+00  0.0000   0.0000E+00  0.0000   0.0000E+00  0.0000   0.0000E+00  0.0000
   1.7783E-06   3.1623E-06   0.0000E+00  0.0000   0.0000E+00  0.0000   0.0000E+00  0.0000   0.0000E+00  0.0000
   3.1623E-06   5.6234E-06   0.0000E+00  0.0000   0.0000E+00  0.0000   0.0000E+00  0.0000   0.0000E+00  0.0000
   5.6234E-06   1.0000E-05   0.0000E+00  0.0000   0.0000E+00  0.0000   0.0000E+00  0.0000   0.0000E+00  0.0000
   1.0000E-05   1.7783E-05   0.0000E+00  0.0000   0.0000E+00  0.0000   0.0000E+00  0.0000   0.0000E+00  0.0000
   1.7783E-05   3.1623E-05   0.0000E+00  0.0000   0.0000E+00  0.0000   0.0000E+00  0.0000   0.0000E+00  0.0000
   3.1623E-05   5.6234E-05   0.0000E+00  0.0000   0.0000E+00  0.0000   0.0000E+00  0.0000   0.0000E+00  0.0000
   5.6234E-05   1.0000E-04   0.0000E+00  0.0000   0.0000E+00  0.0000   0.0000E+00  0.0000   0.0000E+00  0.0000
   1.0000E-04   1.7783E-04   0.0000E+00  0.0000   0.0000E+00  0.0000   0.0000E+00  0.0000   0.0000E+00  0.0000
   1.7783E-04   3.1623E-04   0.0000E+00  0.0000   0.0000E+00  0.0000   0.0000E+00  0.0000   0.0000E+00  0.0000
   3.1623E-04   5.6234E-04   0.0000E+00  0.0000   0.0000E+00  0.0000   0.0000E+00  0.0000   0.0000E+00  0.0000
   5.6234E-04   1.0000E-03   0.0000E+00  0.0000   0.0000E+00  0.0000   0.0000E+00  0.0000   0.0000E+00  0.0000
   1.0000E-03   1.7783E-03   0.0000E+00  0.0000   0.0000E+00  0.0000   1.7435E-11  0.5771   0.0000E+00  0.0000
   1.7783E-03   3.1623E-03   0.0000E+00  0.0000   0.0000E+00  0.0000   8.7292E-12  0.5769   0.0000E+00  0.0000
   3.1623E-03   5.6234E-03   0.0000E+00  0.0000   0.0000E+00  0.0000   1.2897E-11  0.5769   0.0000E+00  0.0000
   5.6234E-03   1.0000E-02   0.0000E+00  0.0000   0.0000E+00  0.0000   2.0684E-11  0.5769   0.0000E+00  0.0000
   1.0000E-02   1.7783E-02   0.0000E+00  0.0000   0.0000E+00  0.0000   3.7089E-11  0.5769   0.0000E+00  0.0000
   1.7783E-02   3.1623E-02   0.0000E+00  0.0000   0.0000E+00  0.0000   7.6571E-11  0.5769   0.0000E+00  0.0000
   3.1623E-02   5.6234E-02   0.0000E+00  0.0000   0.0000E+00  0.0000   1.7888E-10  0.5769   0.0000E+00  0.0000
   5.6234E-02   1.0000E-01   0.0000E+00  0.0000   0.0000E+00  0.0000   4.4822E-10  0.5769   0.0000E+00  0.0000
   1.0000E-01   1.7783E-01   0.0000E+00  0.0000   0.0000E+00  0.0000   1.1505E-09  0.5769   0.0000E+00  0.0000
   1.7783E-01   3.1623E-01   0.0000E+00  0.0000   0.0000E+00  0.0000   3.0095E-09  0.5769   0.0000E+00  0.0000
   3.1623E-01   5.6234E-01   0.0000E+00  0.0000   0.0000E+00  0.0000   8.0668E-09  0.5769   0.0000E+00  0.0000
   5.6234E-01   1.0000E+00   0.0000E+00  0.0000   0.0000E+00  0.0000   2.2125E-08  0.5769   0.0000E+00  0.0000
   1.0000E+00   1.7783E+00   0.0000E+00  0.0000   0.0000E+00  0.0000   6.1953E-08  0.5769   0.0000E+00  0.0000
   1.7783E+00   3.1623E+00   0.0000E+00  0.0000   0.0000E+00  0.0000   1.7622E-07  0.5769   0.0000E+00  0.0000
   3.1623E+00   5.6234E+00   0.0000E+00  0.0000   0.0000E+00  0.0000   4.9802E-07  0.5769   0.0000E+00  0.0000
   5.6234E+00   1.0000E+01   0.0000E+00  0.0000   0.0000E+00  0.0000   1.6608E-06  0.5091   0.0000E+00  0.0000
   1.0000E+01   1.7783E+01   0.0000E+00  0.0000   0.0000E+00  0.0000   5.0365E-06  0.4994   0.0000E+00  0.0000
   1.7783E+01   3.1623E+01   0.0000E+00  0.0000   0.0000E+00  0.0000   1.3149E-05  0.4994   0.0000E+00  0.0000
   3.1623E+01   5.6234E+01   0.0000E+00  0.0000   0.0000E+00  0.0000   3.1673E-05  0.4996   0.0000E+00  0.0000
   5.6234E+01   1.0000E+02   0.0000E+00  0.0000   0.0000E+00  0.0000   3.9734E-05  0.6216   0.0000E+00  0.0000
   1.0000E+02   1.7783E+02   0.0000E+00  0.0000   0.0000E+00  0.0000   1.2397E-04  0.4736   0.0000E+00  0.0000
   1.7783E+02   3.1623E+02   0.0000E+00  0.0000   0.0000E+00  0.0000   2.4768E-04  0.3893   0.0000E+00  0.0000
   3.1623E+02   5.6234E+02   0.0000E+00  0.0000   0.0000E+00  0.0000   4.0164E-04  0.3407   0.0000E+00  0.0000
   5.6234E+02   1.0000E+03   0.0000E+00  0.0000   0.0000E+00  0.0000   6.9806E-04  0.2646   0.0000E+00  0.0000
   1.0000E+03   1.7783E+03   0.0000E+00  0.0000   0.0000E+00  0.0000   5.6216E-04  0.2903   0.0000E+00  0.0000
   1.7783E+03   3.1623E+03   0.0000E+00  0.0000   0.0000E+00  0.0000   5.8461E-04  0.2899   0.0000E+00  0.0000
   3.1623E+03   5.6234E+03   0.0000E+00  0.0000   0.0000E+00  0.0000   1.1315E-03  0.2090   0.0000E+00  0.0000
   5.6234E+03   1.0000E+04   0.0000E+00  0.0000   0.0000E+00  0.0000   7.1321E-04  0.2743   0.0000E+00  0.0000
   1.0000E+04   1.7783E+04   0.0000E+00  0.0000   0.0000E+00  0.0000   3.5681E-04  0.4525   0.0000E+00  0.0000
   1.7783E+04   3.1623E+04   0.0000E+00  0.0000   0.0000E+00  0.0000   1.0176E-04  0.7226   0.0000E+00  0.0000
   3.1623E+04   5.6234E+04   0.0000E+00  0.0000   0.0000E+00  0.0000   2.2697E-04  0.5104   0.0000E+00  0.0000
   5.6234E+04   1.0000E+05   0.0000E+00  0.0000   0.0000E+00  0.0000   0.0000E+00  0.0000   0.0000E+00  0.0000

#   sum over                 0.0000E+00  0.0000   0.0000E+00  0.0000   5.2404E-03  0.0966   0.0000E+00  0.0000

'no. = 16, (ix,iy,iz) = (  1,  1, 16)'
msuc: {\huge Flux spectra vs depth in concrete}
msdr: {\it plotted by \ANGEL \version}
msdl: {\it calculated by \PHITS  3.36}
wt: s(0.7)
\vspace{-3}
   vol  &=&   2.8800E+07 [cm^3]
  xmin  &=&  -6.0000E+02 [cm]
  xmax  &=&   6.0000E+02 [cm]
  ymin  &=&  -6.0000E+02 [cm]
  ymax  &=&   6.0000E+02 [cm]
  zmin  &=&  -4.0000E+02 [cm]
  zmax  &=&  -3.8000E+02 [cm]
e:

#------------------------------------------------------------------------------
 newpage:
#   no. = 17   ix  =  1   iy  =  1   iz  = 17
#   x = (  -6.0000E+02  -   6.0000E+02  )
#   y = (  -6.0000E+02  -   6.0000E+02  )
#   z = (  -3.8000E+02  -  -3.6000E+02  )

x: Energy [MeV/n]
y: Flux [1/cm^2/source]              
p: xlog ylog afac(0.8) form(0.9)
h: n            x            y(neutron ),hh0l n y(muon-   ),hh0dr n y(muon+   ),hh0ub n y(proton  ),hh0mg n 
#  e-lower      e-upper        neutron   r.err      muon-     r.err      muon+     r.err      proton    r.err 
   1.0000E-10   1.7783E-10   0.0000E+00  0.0000   0.0000E+00  0.0000   0.0000E+00  0.0000   0.0000E+00  0.0000
   1.7783E-10   3.1623E-10   0.0000E+00  0.0000   0.0000E+00  0.0000   0.0000E+00  0.0000   0.0000E+00  0.0000
   3.1623E-10   5.6234E-10   0.0000E+00  0.0000   0.0000E+00  0.0000   0.0000E+00  0.0000   0.0000E+00  0.0000
   5.6234E-10   1.0000E-09   0.0000E+00  0.0000   0.0000E+00  0.0000   0.0000E+00  0.0000   0.0000E+00  0.0000
   1.0000E-09   1.7783E-09   0.0000E+00  0.0000   0.0000E+00  0.0000   0.0000E+00  0.0000   0.0000E+00  0.0000
   1.7783E-09   3.1623E-09   0.0000E+00  0.0000   0.0000E+00  0.0000   0.0000E+00  0.0000   0.0000E+00  0.0000
   3.1623E-09   5.6234E-09   0.0000E+00  0.0000   0.0000E+00  0.0000   0.0000E+00  0.0000   0.0000E+00  0.0000
   5.6234E-09   1.0000E-08   0.0000E+00  0.0000   0.0000E+00  0.0000   0.0000E+00  0.0000   0.0000E+00  0.0000
   1.0000E-08   1.7783E-08   0.0000E+00  0.0000   0.0000E+00  0.0000   0.0000E+00  0.0000   0.0000E+00  0.0000
   1.7783E-08   3.1623E-08   0.0000E+00  0.0000   0.0000E+00  0.0000   0.0000E+00  0.0000   0.0000E+00  0.0000
   3.1623E-08   5.6234E-08   0.0000E+00  0.0000   0.0000E+00  0.0000   0.0000E+00  0.0000   0.0000E+00  0.0000
   5.6234E-08   1.0000E-07   0.0000E+00  0.0000   0.0000E+00  0.0000   0.0000E+00  0.0000   0.0000E+00  0.0000
   1.0000E-07   1.7783E-07   0.0000E+00  0.0000   0.0000E+00  0.0000   0.0000E+00  0.0000   0.0000E+00  0.0000
   1.7783E-07   3.1623E-07   0.0000E+00  0.0000   0.0000E+00  0.0000   0.0000E+00  0.0000   0.0000E+00  0.0000
   3.1623E-07   5.6234E-07   0.0000E+00  0.0000   0.0000E+00  0.0000   0.0000E+00  0.0000   0.0000E+00  0.0000
   5.6234E-07   1.0000E-06   0.0000E+00  0.0000   0.0000E+00  0.0000   0.0000E+00  0.0000   0.0000E+00  0.0000
   1.0000E-06   1.7783E-06   0.0000E+00  0.0000   0.0000E+00  0.0000   0.0000E+00  0.0000   0.0000E+00  0.0000
   1.7783E-06   3.1623E-06   0.0000E+00  0.0000   0.0000E+00  0.0000   0.0000E+00  0.0000   0.0000E+00  0.0000
   3.1623E-06   5.6234E-06   0.0000E+00  0.0000   0.0000E+00  0.0000   0.0000E+00  0.0000   0.0000E+00  0.0000
   5.6234E-06   1.0000E-05   0.0000E+00  0.0000   0.0000E+00  0.0000   0.0000E+00  0.0000   0.0000E+00  0.0000
   1.0000E-05   1.7783E-05   0.0000E+00  0.0000   0.0000E+00  0.0000   0.0000E+00  0.0000   0.0000E+00  0.0000
   1.7783E-05   3.1623E-05   0.0000E+00  0.0000   0.0000E+00  0.0000   0.0000E+00  0.0000   0.0000E+00  0.0000
   3.1623E-05   5.6234E-05   0.0000E+00  0.0000   0.0000E+00  0.0000   0.0000E+00  0.0000   0.0000E+00  0.0000
   5.6234E-05   1.0000E-04   0.0000E+00  0.0000   0.0000E+00  0.0000   0.0000E+00  0.0000   0.0000E+00  0.0000
   1.0000E-04   1.7783E-04   0.0000E+00  0.0000   0.0000E+00  0.0000   7.1975E-21  1.0000   0.0000E+00  0.0000
   1.7783E-04   3.1623E-04   0.0000E+00  0.0000   0.0000E+00  0.0000   0.0000E+00  0.0000   0.0000E+00  0.0000
   3.1623E-04   5.6234E-04   0.0000E+00  0.0000   0.0000E+00  0.0000   0.0000E+00  0.0000   0.0000E+00  0.0000
   5.6234E-04   1.0000E-03   0.0000E+00  0.0000   0.0000E+00  0.0000   0.0000E+00  0.0000   0.0000E+00  0.0000
   1.0000E-03   1.7783E-03   0.0000E+00  0.0000   0.0000E+00  0.0000   1.7675E-11  0.5769   0.0000E+00  0.0000
   1.7783E-03   3.1623E-03   0.0000E+00  0.0000   0.0000E+00  0.0000   8.7292E-12  0.5769   0.0000E+00  0.0000
   3.1623E-03   5.6234E-03   0.0000E+00  0.0000   0.0000E+00  0.0000   1.2897E-11  0.5769   0.0000E+00  0.0000
   5.6234E-03   1.0000E-02   0.0000E+00  0.0000   0.0000E+00  0.0000   2.0684E-11  0.5769   0.0000E+00  0.0000
   1.0000E-02   1.7783E-02   0.0000E+00  0.0000   0.0000E+00  0.0000   3.7089E-11  0.5769   0.0000E+00  0.0000
   1.7783E-02   3.1623E-02   0.0000E+00  0.0000   0.0000E+00  0.0000   7.6571E-11  0.5769   0.0000E+00  0.0000
   3.1623E-02   5.6234E-02   0.0000E+00  0.0000   0.0000E+00  0.0000   1.7888E-10  0.5769   0.0000E+00  0.0000
   5.6234E-02   1.0000E-01   0.0000E+00  0.0000   0.0000E+00  0.0000   4.4822E-10  0.5769   0.0000E+00  0.0000
   1.0000E-01   1.7783E-01   0.0000E+00  0.0000   0.0000E+00  0.0000   1.1505E-09  0.5769   0.0000E+00  0.0000
   1.7783E-01   3.1623E-01   0.0000E+00  0.0000   0.0000E+00  0.0000   3.0095E-09  0.5769   0.0000E+00  0.0000
   3.1623E-01   5.6234E-01   0.0000E+00  0.0000   0.0000E+00  0.0000   8.0668E-09  0.5769   0.0000E+00  0.0000
   5.6234E-01   1.0000E+00   0.0000E+00  0.0000   0.0000E+00  0.0000   2.2125E-08  0.5769   0.0000E+00  0.0000
   1.0000E+00   1.7783E+00   0.0000E+00  0.0000   0.0000E+00  0.0000   6.1953E-08  0.5769   0.0000E+00  0.0000
   1.7783E+00   3.1623E+00   0.0000E+00  0.0000   0.0000E+00  0.0000   1.7622E-07  0.5769   0.0000E+00  0.0000
   3.1623E+00   5.6234E+00   0.0000E+00  0.0000   0.0000E+00  0.0000   4.9802E-07  0.5769   0.0000E+00  0.0000
   5.6234E+00   1.0000E+01   0.0000E+00  0.0000   0.0000E+00  0.0000   1.3873E-06  0.5769   0.0000E+00  0.0000
   1.0000E+01   1.7783E+01   0.0000E+00  0.0000   0.0000E+00  0.0000   3.7774E-06  0.5769   0.0000E+00  0.0000
   1.7783E+01   3.1623E+01   0.0000E+00  0.0000   0.0000E+00  0.0000   9.8617E-06  0.5769   0.0000E+00  0.0000
   3.1623E+01   5.6234E+01   0.0000E+00  0.0000   0.0000E+00  0.0000   2.0275E-05  0.5900   0.0000E+00  0.0000
   5.6234E+01   1.0000E+02   0.0000E+00  0.0000   0.0000E+00  0.0000   7.9420E-05  0.4504   0.0000E+00  0.0000
   1.0000E+02   1.7783E+02   0.0000E+00  0.0000   0.0000E+00  0.0000   1.2534E-04  0.4973   0.0000E+00  0.0000
   1.7783E+02   3.1623E+02   0.0000E+00  0.0000   0.0000E+00  0.0000   2.1635E-04  0.3976   0.0000E+00  0.0000
   3.1623E+02   5.6234E+02   0.0000E+00  0.0000   0.0000E+00  0.0000   3.9773E-04  0.3176   0.0000E+00  0.0000
   5.6234E+02   1.0000E+03   0.0000E+00  0.0000   0.0000E+00  0.0000   6.4541E-04  0.2424   0.0000E+00  0.0000
   1.0000E+03   1.7783E+03   0.0000E+00  0.0000   0.0000E+00  0.0000   7.4566E-04  0.2412   0.0000E+00  0.0000
   1.7783E+03   3.1623E+03   0.0000E+00  0.0000   0.0000E+00  0.0000   6.6008E-04  0.2691   0.0000E+00  0.0000
   3.1623E+03   5.6234E+03   0.0000E+00  0.0000   0.0000E+00  0.0000   1.1772E-03  0.2018   0.0000E+00  0.0000
   5.6234E+03   1.0000E+04   0.0000E+00  0.0000   0.0000E+00  0.0000   7.6365E-04  0.2641   0.0000E+00  0.0000
   1.0000E+04   1.7783E+04   0.0000E+00  0.0000   0.0000E+00  0.0000   3.5680E-04  0.4525   0.0000E+00  0.0000
   1.7783E+04   3.1623E+04   0.0000E+00  0.0000   0.0000E+00  0.0000   1.0176E-04  0.7226   0.0000E+00  0.0000
   3.1623E+04   5.6234E+04   0.0000E+00  0.0000   0.0000E+00  0.0000   2.0793E-04  0.5240   0.0000E+00  0.0000
   5.6234E+04   1.0000E+05   0.0000E+00  0.0000   0.0000E+00  0.0000   0.0000E+00  0.0000   0.0000E+00  0.0000

#   sum over                 0.0000E+00  0.0000   0.0000E+00  0.0000   5.5135E-03  0.0934   0.0000E+00  0.0000

'no. = 17, (ix,iy,iz) = (  1,  1, 17)'
msuc: {\huge Flux spectra vs depth in concrete}
msdr: {\it plotted by \ANGEL \version}
msdl: {\it calculated by \PHITS  3.36}
wt: s(0.7)
\vspace{-3}
   vol  &=&   2.8800E+07 [cm^3]
  xmin  &=&  -6.0000E+02 [cm]
  xmax  &=&   6.0000E+02 [cm]
  ymin  &=&  -6.0000E+02 [cm]
  ymax  &=&   6.0000E+02 [cm]
  zmin  &=&  -3.8000E+02 [cm]
  zmax  &=&  -3.6000E+02 [cm]
e:

#------------------------------------------------------------------------------
 newpage:
#   no. = 18   ix  =  1   iy  =  1   iz  = 18
#   x = (  -6.0000E+02  -   6.0000E+02  )
#   y = (  -6.0000E+02  -   6.0000E+02  )
#   z = (  -3.6000E+02  -  -3.4000E+02  )

x: Energy [MeV/n]
y: Flux [1/cm^2/source]              
p: xlog ylog afac(0.8) form(0.9)
h: n            x            y(neutron ),hh0l n y(muon-   ),hh0dr n y(muon+   ),hh0ub n y(proton  ),hh0mg n 
#  e-lower      e-upper        neutron   r.err      muon-     r.err      muon+     r.err      proton    r.err 
   1.0000E-10   1.7783E-10   0.0000E+00  0.0000   0.0000E+00  0.0000   0.0000E+00  0.0000   0.0000E+00  0.0000
   1.7783E-10   3.1623E-10   0.0000E+00  0.0000   0.0000E+00  0.0000   0.0000E+00  0.0000   0.0000E+00  0.0000
   3.1623E-10   5.6234E-10   0.0000E+00  0.0000   0.0000E+00  0.0000   0.0000E+00  0.0000   0.0000E+00  0.0000
   5.6234E-10   1.0000E-09   0.0000E+00  0.0000   0.0000E+00  0.0000   0.0000E+00  0.0000   0.0000E+00  0.0000
   1.0000E-09   1.7783E-09   0.0000E+00  0.0000   0.0000E+00  0.0000   0.0000E+00  0.0000   0.0000E+00  0.0000
   1.7783E-09   3.1623E-09   0.0000E+00  0.0000   0.0000E+00  0.0000   0.0000E+00  0.0000   0.0000E+00  0.0000
   3.1623E-09   5.6234E-09   0.0000E+00  0.0000   0.0000E+00  0.0000   0.0000E+00  0.0000   0.0000E+00  0.0000
   5.6234E-09   1.0000E-08   0.0000E+00  0.0000   0.0000E+00  0.0000   0.0000E+00  0.0000   0.0000E+00  0.0000
   1.0000E-08   1.7783E-08   0.0000E+00  0.0000   0.0000E+00  0.0000   0.0000E+00  0.0000   0.0000E+00  0.0000
   1.7783E-08   3.1623E-08   0.0000E+00  0.0000   0.0000E+00  0.0000   0.0000E+00  0.0000   0.0000E+00  0.0000
   3.1623E-08   5.6234E-08   0.0000E+00  0.0000   0.0000E+00  0.0000   0.0000E+00  0.0000   0.0000E+00  0.0000
   5.6234E-08   1.0000E-07   0.0000E+00  0.0000   0.0000E+00  0.0000   0.0000E+00  0.0000   0.0000E+00  0.0000
   1.0000E-07   1.7783E-07   0.0000E+00  0.0000   0.0000E+00  0.0000   0.0000E+00  0.0000   0.0000E+00  0.0000
   1.7783E-07   3.1623E-07   0.0000E+00  0.0000   0.0000E+00  0.0000   0.0000E+00  0.0000   0.0000E+00  0.0000
   3.1623E-07   5.6234E-07   0.0000E+00  0.0000   0.0000E+00  0.0000   0.0000E+00  0.0000   0.0000E+00  0.0000
   5.6234E-07   1.0000E-06   0.0000E+00  0.0000   0.0000E+00  0.0000   0.0000E+00  0.0000   0.0000E+00  0.0000
   1.0000E-06   1.7783E-06   0.0000E+00  0.0000   0.0000E+00  0.0000   0.0000E+00  0.0000   0.0000E+00  0.0000
   1.7783E-06   3.1623E-06   0.0000E+00  0.0000   0.0000E+00  0.0000   0.0000E+00  0.0000   0.0000E+00  0.0000
   3.1623E-06   5.6234E-06   0.0000E+00  0.0000   0.0000E+00  0.0000   0.0000E+00  0.0000   0.0000E+00  0.0000
   5.6234E-06   1.0000E-05   0.0000E+00  0.0000   0.0000E+00  0.0000   0.0000E+00  0.0000   0.0000E+00  0.0000
   1.0000E-05   1.7783E-05   0.0000E+00  0.0000   0.0000E+00  0.0000   0.0000E+00  0.0000   0.0000E+00  0.0000
   1.7783E-05   3.1623E-05   0.0000E+00  0.0000   0.0000E+00  0.0000   0.0000E+00  0.0000   0.0000E+00  0.0000
   3.1623E-05   5.6234E-05   0.0000E+00  0.0000   0.0000E+00  0.0000   0.0000E+00  0.0000   0.0000E+00  0.0000
   5.6234E-05   1.0000E-04   0.0000E+00  0.0000   0.0000E+00  0.0000   0.0000E+00  0.0000   0.0000E+00  0.0000
   1.0000E-04   1.7783E-04   0.0000E+00  0.0000   0.0000E+00  0.0000   0.0000E+00  0.0000   0.0000E+00  0.0000
   1.7783E-04   3.1623E-04   0.0000E+00  0.0000   0.0000E+00  0.0000   0.0000E+00  0.0000   0.0000E+00  0.0000
   3.1623E-04   5.6234E-04   0.0000E+00  0.0000   0.0000E+00  0.0000   0.0000E+00  0.0000   0.0000E+00  0.0000
   5.6234E-04   1.0000E-03   0.0000E+00  0.0000   0.0000E+00  0.0000   0.0000E+00  0.0000   0.0000E+00  0.0000
   1.0000E-03   1.7783E-03   0.0000E+00  0.0000   0.0000E+00  0.0000   1.2263E-11  0.6214   0.0000E+00  0.0000
   1.7783E-03   3.1623E-03   0.0000E+00  0.0000   0.0000E+00  0.0000   8.7292E-12  0.5769   0.0000E+00  0.0000
   3.1623E-03   5.6234E-03   0.0000E+00  0.0000   0.0000E+00  0.0000   1.2897E-11  0.5769   0.0000E+00  0.0000
   5.6234E-03   1.0000E-02   0.0000E+00  0.0000   0.0000E+00  0.0000   2.0684E-11  0.5769   0.0000E+00  0.0000
   1.0000E-02   1.7783E-02   0.0000E+00  0.0000   0.0000E+00  0.0000   3.7089E-11  0.5769   0.0000E+00  0.0000
   1.7783E-02   3.1623E-02   0.0000E+00  0.0000   0.0000E+00  0.0000   7.6571E-11  0.5769   0.0000E+00  0.0000
   3.1623E-02   5.6234E-02   0.0000E+00  0.0000   0.0000E+00  0.0000   1.7888E-10  0.5769   0.0000E+00  0.0000
   5.6234E-02   1.0000E-01   0.0000E+00  0.0000   0.0000E+00  0.0000   4.4822E-10  0.5769   0.0000E+00  0.0000
   1.0000E-01   1.7783E-01   0.0000E+00  0.0000   0.0000E+00  0.0000   1.1505E-09  0.5769   0.0000E+00  0.0000
   1.7783E-01   3.1623E-01   0.0000E+00  0.0000   0.0000E+00  0.0000   3.0095E-09  0.5769   0.0000E+00  0.0000
   3.1623E-01   5.6234E-01   0.0000E+00  0.0000   0.0000E+00  0.0000   8.0668E-09  0.5769   0.0000E+00  0.0000
   5.6234E-01   1.0000E+00   0.0000E+00  0.0000   0.0000E+00  0.0000   2.2125E-08  0.5769   0.0000E+00  0.0000
   1.0000E+00   1.7783E+00   0.0000E+00  0.0000   0.0000E+00  0.0000   6.1953E-08  0.5769   0.0000E+00  0.0000
   1.7783E+00   3.1623E+00   0.0000E+00  0.0000   0.0000E+00  0.0000   1.7622E-07  0.5769   0.0000E+00  0.0000
   3.1623E+00   5.6234E+00   0.0000E+00  0.0000   0.0000E+00  0.0000   4.9802E-07  0.5769   0.0000E+00  0.0000
   5.6234E+00   1.0000E+01   0.0000E+00  0.0000   0.0000E+00  0.0000   1.3873E-06  0.5769   0.0000E+00  0.0000
   1.0000E+01   1.7783E+01   0.0000E+00  0.0000   0.0000E+00  0.0000   3.7774E-06  0.5769   0.0000E+00  0.0000
   1.7783E+01   3.1623E+01   0.0000E+00  0.0000   0.0000E+00  0.0000   9.8617E-06  0.5769   0.0000E+00  0.0000
   3.1623E+01   5.6234E+01   0.0000E+00  0.0000   0.0000E+00  0.0000   2.8414E-05  0.5122   0.0000E+00  0.0000
   5.6234E+01   1.0000E+02   0.0000E+00  0.0000   0.0000E+00  0.0000   4.3557E-05  0.5977   0.0000E+00  0.0000
   1.0000E+02   1.7783E+02   0.0000E+00  0.0000   0.0000E+00  0.0000   1.2465E-04  0.4899   0.0000E+00  0.0000
   1.7783E+02   3.1623E+02   0.0000E+00  0.0000   0.0000E+00  0.0000   2.2570E-04  0.4346   0.0000E+00  0.0000
   3.1623E+02   5.6234E+02   0.0000E+00  0.0000   0.0000E+00  0.0000   3.4413E-04  0.3664   0.0000E+00  0.0000
   5.6234E+02   1.0000E+03   0.0000E+00  0.0000   0.0000E+00  0.0000   6.4562E-04  0.2652   0.0000E+00  0.0000
   1.0000E+03   1.7783E+03   0.0000E+00  0.0000   0.0000E+00  0.0000   9.1796E-04  0.2324   0.0000E+00  0.0000
   1.7783E+03   3.1623E+03   0.0000E+00  0.0000   0.0000E+00  0.0000   7.2027E-04  0.2523   0.0000E+00  0.0000
   3.1623E+03   5.6234E+03   0.0000E+00  0.0000   0.0000E+00  0.0000   1.1776E-03  0.2012   0.0000E+00  0.0000
   5.6234E+03   1.0000E+04   0.0000E+00  0.0000   0.0000E+00  0.0000   8.8503E-04  0.2432   0.0000E+00  0.0000
   1.0000E+04   1.7783E+04   0.0000E+00  0.0000   0.0000E+00  0.0000   3.5679E-04  0.4525   0.0000E+00  0.0000
   1.7783E+04   3.1623E+04   0.0000E+00  0.0000   0.0000E+00  0.0000   1.0176E-04  0.7226   0.0000E+00  0.0000
   3.1623E+04   5.6234E+04   0.0000E+00  0.0000   0.0000E+00  0.0000   2.7562E-04  0.5154   0.0000E+00  0.0000
   5.6234E+04   1.0000E+05   0.0000E+00  0.0000   0.0000E+00  0.0000   0.0000E+00  0.0000   0.0000E+00  0.0000

#   sum over                 0.0000E+00  0.0000   0.0000E+00  0.0000   5.8629E-03  0.0916   0.0000E+00  0.0000

'no. = 18, (ix,iy,iz) = (  1,  1, 18)'
msuc: {\huge Flux spectra vs depth in concrete}
msdr: {\it plotted by \ANGEL \version}
msdl: {\it calculated by \PHITS  3.36}
wt: s(0.7)
\vspace{-3}
   vol  &=&   2.8800E+07 [cm^3]
  xmin  &=&  -6.0000E+02 [cm]
  xmax  &=&   6.0000E+02 [cm]
  ymin  &=&  -6.0000E+02 [cm]
  ymax  &=&   6.0000E+02 [cm]
  zmin  &=&  -3.6000E+02 [cm]
  zmax  &=&  -3.4000E+02 [cm]
e:

#------------------------------------------------------------------------------
 newpage:
#   no. = 19   ix  =  1   iy  =  1   iz  = 19
#   x = (  -6.0000E+02  -   6.0000E+02  )
#   y = (  -6.0000E+02  -   6.0000E+02  )
#   z = (  -3.4000E+02  -  -3.2000E+02  )

x: Energy [MeV/n]
y: Flux [1/cm^2/source]              
p: xlog ylog afac(0.8) form(0.9)
h: n            x            y(neutron ),hh0l n y(muon-   ),hh0dr n y(muon+   ),hh0ub n y(proton  ),hh0mg n 
#  e-lower      e-upper        neutron   r.err      muon-     r.err      muon+     r.err      proton    r.err 
   1.0000E-10   1.7783E-10   0.0000E+00  0.0000   0.0000E+00  0.0000   0.0000E+00  0.0000   0.0000E+00  0.0000
   1.7783E-10   3.1623E-10   0.0000E+00  0.0000   0.0000E+00  0.0000   0.0000E+00  0.0000   0.0000E+00  0.0000
   3.1623E-10   5.6234E-10   0.0000E+00  0.0000   0.0000E+00  0.0000   0.0000E+00  0.0000   0.0000E+00  0.0000
   5.6234E-10   1.0000E-09   0.0000E+00  0.0000   0.0000E+00  0.0000   0.0000E+00  0.0000   0.0000E+00  0.0000
   1.0000E-09   1.7783E-09   0.0000E+00  0.0000   0.0000E+00  0.0000   0.0000E+00  0.0000   0.0000E+00  0.0000
   1.7783E-09   3.1623E-09   0.0000E+00  0.0000   0.0000E+00  0.0000   0.0000E+00  0.0000   0.0000E+00  0.0000
   3.1623E-09   5.6234E-09   0.0000E+00  0.0000   0.0000E+00  0.0000   0.0000E+00  0.0000   0.0000E+00  0.0000
   5.6234E-09   1.0000E-08   0.0000E+00  0.0000   0.0000E+00  0.0000   0.0000E+00  0.0000   0.0000E+00  0.0000
   1.0000E-08   1.7783E-08   0.0000E+00  0.0000   0.0000E+00  0.0000   0.0000E+00  0.0000   0.0000E+00  0.0000
   1.7783E-08   3.1623E-08   0.0000E+00  0.0000   0.0000E+00  0.0000   0.0000E+00  0.0000   0.0000E+00  0.0000
   3.1623E-08   5.6234E-08   0.0000E+00  0.0000   0.0000E+00  0.0000   0.0000E+00  0.0000   0.0000E+00  0.0000
   5.6234E-08   1.0000E-07   0.0000E+00  0.0000   0.0000E+00  0.0000   0.0000E+00  0.0000   0.0000E+00  0.0000
   1.0000E-07   1.7783E-07   0.0000E+00  0.0000   0.0000E+00  0.0000   0.0000E+00  0.0000   0.0000E+00  0.0000
   1.7783E-07   3.1623E-07   0.0000E+00  0.0000   0.0000E+00  0.0000   0.0000E+00  0.0000   0.0000E+00  0.0000
   3.1623E-07   5.6234E-07   0.0000E+00  0.0000   0.0000E+00  0.0000   0.0000E+00  0.0000   0.0000E+00  0.0000
   5.6234E-07   1.0000E-06   0.0000E+00  0.0000   0.0000E+00  0.0000   0.0000E+00  0.0000   0.0000E+00  0.0000
   1.0000E-06   1.7783E-06   0.0000E+00  0.0000   0.0000E+00  0.0000   0.0000E+00  0.0000   0.0000E+00  0.0000
   1.7783E-06   3.1623E-06   0.0000E+00  0.0000   0.0000E+00  0.0000   0.0000E+00  0.0000   0.0000E+00  0.0000
   3.1623E-06   5.6234E-06   0.0000E+00  0.0000   0.0000E+00  0.0000   0.0000E+00  0.0000   0.0000E+00  0.0000
   5.6234E-06   1.0000E-05   0.0000E+00  0.0000   0.0000E+00  0.0000   0.0000E+00  0.0000   0.0000E+00  0.0000
   1.0000E-05   1.7783E-05   0.0000E+00  0.0000   0.0000E+00  0.0000   0.0000E+00  0.0000   0.0000E+00  0.0000
   1.7783E-05   3.1623E-05   0.0000E+00  0.0000   0.0000E+00  0.0000   0.0000E+00  0.0000   0.0000E+00  0.0000
   3.1623E-05   5.6234E-05   0.0000E+00  0.0000   0.0000E+00  0.0000   0.0000E+00  0.0000   0.0000E+00  0.0000
   5.6234E-05   1.0000E-04   0.0000E+00  0.0000   0.0000E+00  0.0000   0.0000E+00  0.0000   0.0000E+00  0.0000
   1.0000E-04   1.7783E-04   0.0000E+00  0.0000   0.0000E+00  0.0000   2.8683E-21  1.0000   0.0000E+00  0.0000
   1.7783E-04   3.1623E-04   0.0000E+00  0.0000   0.0000E+00  0.0000   0.0000E+00  0.0000   0.0000E+00  0.0000
   3.1623E-04   5.6234E-04   0.0000E+00  0.0000   0.0000E+00  0.0000   0.0000E+00  0.0000   0.0000E+00  0.0000
   5.6234E-04   1.0000E-03   0.0000E+00  0.0000   0.0000E+00  0.0000   0.0000E+00  0.0000   0.0000E+00  0.0000
   1.0000E-03   1.7783E-03   0.0000E+00  0.0000   0.0000E+00  0.0000   1.1536E-11  0.7070   0.0000E+00  0.0000
   1.7783E-03   3.1623E-03   0.0000E+00  0.0000   0.0000E+00  0.0000   5.8195E-12  0.7068   0.0000E+00  0.0000
   3.1623E-03   5.6234E-03   0.0000E+00  0.0000   0.0000E+00  0.0000   8.5978E-12  0.7068   0.0000E+00  0.0000
   5.6234E-03   1.0000E-02   0.0000E+00  0.0000   0.0000E+00  0.0000   1.3790E-11  0.7068   0.0000E+00  0.0000
   1.0000E-02   1.7783E-02   0.0000E+00  0.0000   0.0000E+00  0.0000   2.4726E-11  0.7068   0.0000E+00  0.0000
   1.7783E-02   3.1623E-02   0.0000E+00  0.0000   0.0000E+00  0.0000   5.1047E-11  0.7068   0.0000E+00  0.0000
   3.1623E-02   5.6234E-02   0.0000E+00  0.0000   0.0000E+00  0.0000   1.1926E-10  0.7068   0.0000E+00  0.0000
   5.6234E-02   1.0000E-01   0.0000E+00  0.0000   0.0000E+00  0.0000   2.9881E-10  0.7068   0.0000E+00  0.0000
   1.0000E-01   1.7783E-01   0.0000E+00  0.0000   0.0000E+00  0.0000   7.6701E-10  0.7068   0.0000E+00  0.0000
   1.7783E-01   3.1623E-01   0.0000E+00  0.0000   0.0000E+00  0.0000   2.0063E-09  0.7068   0.0000E+00  0.0000
   3.1623E-01   5.6234E-01   0.0000E+00  0.0000   0.0000E+00  0.0000   5.3778E-09  0.7068   0.0000E+00  0.0000
   5.6234E-01   1.0000E+00   0.0000E+00  0.0000   0.0000E+00  0.0000   1.4750E-08  0.7068   0.0000E+00  0.0000
   1.0000E+00   1.7783E+00   0.0000E+00  0.0000   0.0000E+00  0.0000   4.1302E-08  0.7068   0.0000E+00  0.0000
   1.7783E+00   3.1623E+00   0.0000E+00  0.0000   0.0000E+00  0.0000   1.1748E-07  0.7068   0.0000E+00  0.0000
   3.1623E+00   5.6234E+00   0.0000E+00  0.0000   0.0000E+00  0.0000   3.3202E-07  0.7068   0.0000E+00  0.0000
   5.6234E+00   1.0000E+01   0.0000E+00  0.0000   0.0000E+00  0.0000   9.2490E-07  0.7068   0.0000E+00  0.0000
   1.0000E+01   1.7783E+01   0.0000E+00  0.0000   0.0000E+00  0.0000   2.5182E-06  0.7068   0.0000E+00  0.0000
   1.7783E+01   3.1623E+01   0.0000E+00  0.0000   0.0000E+00  0.0000   4.8118E-06  0.7528   0.0000E+00  0.0000
   3.1623E+01   5.6234E+01   0.0000E+00  0.0000   0.0000E+00  0.0000   8.0362E-06  1.0000   0.0000E+00  0.0000
   5.6234E+01   1.0000E+02   0.0000E+00  0.0000   0.0000E+00  0.0000   4.8593E-05  0.5782   0.0000E+00  0.0000
   1.0000E+02   1.7783E+02   0.0000E+00  0.0000   0.0000E+00  0.0000   7.6874E-05  0.5467   0.0000E+00  0.0000
   1.7783E+02   3.1623E+02   0.0000E+00  0.0000   0.0000E+00  0.0000   2.2900E-04  0.4213   0.0000E+00  0.0000
   3.1623E+02   5.6234E+02   0.0000E+00  0.0000   0.0000E+00  0.0000   3.5177E-04  0.3506   0.0000E+00  0.0000
   5.6234E+02   1.0000E+03   0.0000E+00  0.0000   0.0000E+00  0.0000   6.6846E-04  0.2760   0.0000E+00  0.0000
   1.0000E+03   1.7783E+03   0.0000E+00  0.0000   0.0000E+00  0.0000   9.0329E-04  0.2310   0.0000E+00  0.0000
   1.7783E+03   3.1623E+03   0.0000E+00  0.0000   0.0000E+00  0.0000   5.2600E-04  0.3075   0.0000E+00  0.0000
   3.1623E+03   5.6234E+03   0.0000E+00  0.0000   0.0000E+00  0.0000   1.3992E-03  0.1858   0.0000E+00  0.0000
   5.6234E+03   1.0000E+04   0.0000E+00  0.0000   0.0000E+00  0.0000   9.4634E-04  0.2394   0.0000E+00  0.0000
   1.0000E+04   1.7783E+04   0.0000E+00  0.0000   0.0000E+00  0.0000   3.5679E-04  0.4525   0.0000E+00  0.0000
   1.7783E+04   3.1623E+04   0.0000E+00  0.0000   0.0000E+00  0.0000   1.0176E-04  0.7226   0.0000E+00  0.0000
   3.1623E+04   5.6234E+04   0.0000E+00  0.0000   0.0000E+00  0.0000   2.7562E-04  0.5154   0.0000E+00  0.0000
   5.6234E+04   1.0000E+05   0.0000E+00  0.0000   0.0000E+00  0.0000   0.0000E+00  0.0000   0.0000E+00  0.0000

#   sum over                 0.0000E+00  0.0000   0.0000E+00  0.0000   5.9005E-03  0.0913   0.0000E+00  0.0000

'no. = 19, (ix,iy,iz) = (  1,  1, 19)'
msuc: {\huge Flux spectra vs depth in concrete}
msdr: {\it plotted by \ANGEL \version}
msdl: {\it calculated by \PHITS  3.36}
wt: s(0.7)
\vspace{-3}
   vol  &=&   2.8800E+07 [cm^3]
  xmin  &=&  -6.0000E+02 [cm]
  xmax  &=&   6.0000E+02 [cm]
  ymin  &=&  -6.0000E+02 [cm]
  ymax  &=&   6.0000E+02 [cm]
  zmin  &=&  -3.4000E+02 [cm]
  zmax  &=&  -3.2000E+02 [cm]
e:

#------------------------------------------------------------------------------
 newpage:
#   no. = 20   ix  =  1   iy  =  1   iz  = 20
#   x = (  -6.0000E+02  -   6.0000E+02  )
#   y = (  -6.0000E+02  -   6.0000E+02  )
#   z = (  -3.2000E+02  -  -3.0000E+02  )

x: Energy [MeV/n]
y: Flux [1/cm^2/source]              
p: xlog ylog afac(0.8) form(0.9)
h: n            x            y(neutron ),hh0l n y(muon-   ),hh0dr n y(muon+   ),hh0ub n y(proton  ),hh0mg n 
#  e-lower      e-upper        neutron   r.err      muon-     r.err      muon+     r.err      proton    r.err 
   1.0000E-10   1.7783E-10   0.0000E+00  0.0000   0.0000E+00  0.0000   0.0000E+00  0.0000   0.0000E+00  0.0000
   1.7783E-10   3.1623E-10   0.0000E+00  0.0000   0.0000E+00  0.0000   0.0000E+00  0.0000   0.0000E+00  0.0000
   3.1623E-10   5.6234E-10   0.0000E+00  0.0000   0.0000E+00  0.0000   0.0000E+00  0.0000   0.0000E+00  0.0000
   5.6234E-10   1.0000E-09   0.0000E+00  0.0000   0.0000E+00  0.0000   0.0000E+00  0.0000   0.0000E+00  0.0000
   1.0000E-09   1.7783E-09   0.0000E+00  0.0000   0.0000E+00  0.0000   0.0000E+00  0.0000   0.0000E+00  0.0000
   1.7783E-09   3.1623E-09   0.0000E+00  0.0000   0.0000E+00  0.0000   0.0000E+00  0.0000   0.0000E+00  0.0000
   3.1623E-09   5.6234E-09   0.0000E+00  0.0000   0.0000E+00  0.0000   0.0000E+00  0.0000   0.0000E+00  0.0000
   5.6234E-09   1.0000E-08   0.0000E+00  0.0000   0.0000E+00  0.0000   0.0000E+00  0.0000   0.0000E+00  0.0000
   1.0000E-08   1.7783E-08   0.0000E+00  0.0000   0.0000E+00  0.0000   0.0000E+00  0.0000   0.0000E+00  0.0000
   1.7783E-08   3.1623E-08   0.0000E+00  0.0000   0.0000E+00  0.0000   0.0000E+00  0.0000   0.0000E+00  0.0000
   3.1623E-08   5.6234E-08   0.0000E+00  0.0000   0.0000E+00  0.0000   0.0000E+00  0.0000   0.0000E+00  0.0000
   5.6234E-08   1.0000E-07   0.0000E+00  0.0000   0.0000E+00  0.0000   0.0000E+00  0.0000   0.0000E+00  0.0000
   1.0000E-07   1.7783E-07   0.0000E+00  0.0000   0.0000E+00  0.0000   0.0000E+00  0.0000   0.0000E+00  0.0000
   1.7783E-07   3.1623E-07   0.0000E+00  0.0000   0.0000E+00  0.0000   0.0000E+00  0.0000   0.0000E+00  0.0000
   3.1623E-07   5.6234E-07   0.0000E+00  0.0000   0.0000E+00  0.0000   0.0000E+00  0.0000   0.0000E+00  0.0000
   5.6234E-07   1.0000E-06   0.0000E+00  0.0000   0.0000E+00  0.0000   0.0000E+00  0.0000   0.0000E+00  0.0000
   1.0000E-06   1.7783E-06   0.0000E+00  0.0000   0.0000E+00  0.0000   0.0000E+00  0.0000   0.0000E+00  0.0000
   1.7783E-06   3.1623E-06   0.0000E+00  0.0000   0.0000E+00  0.0000   0.0000E+00  0.0000   0.0000E+00  0.0000
   3.1623E-06   5.6234E-06   0.0000E+00  0.0000   0.0000E+00  0.0000   0.0000E+00  0.0000   0.0000E+00  0.0000
   5.6234E-06   1.0000E-05   0.0000E+00  0.0000   0.0000E+00  0.0000   0.0000E+00  0.0000   0.0000E+00  0.0000
   1.0000E-05   1.7783E-05   0.0000E+00  0.0000   0.0000E+00  0.0000   0.0000E+00  0.0000   0.0000E+00  0.0000
   1.7783E-05   3.1623E-05   0.0000E+00  0.0000   0.0000E+00  0.0000   0.0000E+00  0.0000   0.0000E+00  0.0000
   3.1623E-05   5.6234E-05   0.0000E+00  0.0000   0.0000E+00  0.0000   0.0000E+00  0.0000   0.0000E+00  0.0000
   5.6234E-05   1.0000E-04   0.0000E+00  0.0000   0.0000E+00  0.0000   0.0000E+00  0.0000   0.0000E+00  0.0000
   1.0000E-04   1.7783E-04   0.0000E+00  0.0000   0.0000E+00  0.0000   7.2730E-21  1.0000   0.0000E+00  0.0000
   1.7783E-04   3.1623E-04   0.0000E+00  0.0000   0.0000E+00  0.0000   0.0000E+00  0.0000   0.0000E+00  0.0000
   3.1623E-04   5.6234E-04   0.0000E+00  0.0000   0.0000E+00  0.0000   0.0000E+00  0.0000   0.0000E+00  0.0000
   5.6234E-04   1.0000E-03   0.0000E+00  0.0000   0.0000E+00  0.0000   0.0000E+00  0.0000   0.0000E+00  0.0000
   1.0000E-03   1.7783E-03   0.0000E+00  0.0000   0.0000E+00  0.0000   1.7616E-11  0.5769   0.0000E+00  0.0000
   1.7783E-03   3.1623E-03   0.0000E+00  0.0000   0.0000E+00  0.0000   8.7292E-12  0.5769   0.0000E+00  0.0000
   3.1623E-03   5.6234E-03   0.0000E+00  0.0000   0.0000E+00  0.0000   1.2897E-11  0.5769   0.0000E+00  0.0000
   5.6234E-03   1.0000E-02   0.0000E+00  0.0000   0.0000E+00  0.0000   2.0684E-11  0.5769   0.0000E+00  0.0000
   1.0000E-02   1.7783E-02   0.0000E+00  0.0000   0.0000E+00  0.0000   3.7089E-11  0.5769   0.0000E+00  0.0000
   1.7783E-02   3.1623E-02   0.0000E+00  0.0000   0.0000E+00  0.0000   7.6571E-11  0.5769   0.0000E+00  0.0000
   3.1623E-02   5.6234E-02   0.0000E+00  0.0000   0.0000E+00  0.0000   1.7888E-10  0.5769   0.0000E+00  0.0000
   5.6234E-02   1.0000E-01   0.0000E+00  0.0000   0.0000E+00  0.0000   4.4822E-10  0.5769   0.0000E+00  0.0000
   1.0000E-01   1.7783E-01   0.0000E+00  0.0000   0.0000E+00  0.0000   1.1505E-09  0.5769   0.0000E+00  0.0000
   1.7783E-01   3.1623E-01   0.0000E+00  0.0000   0.0000E+00  0.0000   3.0095E-09  0.5769   0.0000E+00  0.0000
   3.1623E-01   5.6234E-01   0.0000E+00  0.0000   0.0000E+00  0.0000   8.0668E-09  0.5769   0.0000E+00  0.0000
   5.6234E-01   1.0000E+00   0.0000E+00  0.0000   0.0000E+00  0.0000   2.2125E-08  0.5769   0.0000E+00  0.0000
   1.0000E+00   1.7783E+00   0.0000E+00  0.0000   0.0000E+00  0.0000   6.1953E-08  0.5769   0.0000E+00  0.0000
   1.7783E+00   3.1623E+00   0.0000E+00  0.0000   0.0000E+00  0.0000   1.7622E-07  0.5769   0.0000E+00  0.0000
   3.1623E+00   5.6234E+00   0.0000E+00  0.0000   0.0000E+00  0.0000   4.9802E-07  0.5769   0.0000E+00  0.0000
   5.6234E+00   1.0000E+01   0.0000E+00  0.0000   0.0000E+00  0.0000   1.3873E-06  0.5769   0.0000E+00  0.0000
   1.0000E+01   1.7783E+01   0.0000E+00  0.0000   0.0000E+00  0.0000   3.7774E-06  0.5769   0.0000E+00  0.0000
   1.7783E+01   3.1623E+01   0.0000E+00  0.0000   0.0000E+00  0.0000   1.1624E-05  0.5122   0.0000E+00  0.0000
   3.1623E+01   5.6234E+01   0.0000E+00  0.0000   0.0000E+00  0.0000   3.2145E-05  0.4994   0.0000E+00  0.0000
   5.6234E+01   1.0000E+02   0.0000E+00  0.0000   0.0000E+00  0.0000   6.5849E-05  0.4934   0.0000E+00  0.0000
   1.0000E+02   1.7783E+02   0.0000E+00  0.0000   0.0000E+00  0.0000   1.4901E-04  0.4392   0.0000E+00  0.0000
   1.7783E+02   3.1623E+02   0.0000E+00  0.0000   0.0000E+00  0.0000   1.5958E-04  0.4186   0.0000E+00  0.0000
   3.1623E+02   5.6234E+02   0.0000E+00  0.0000   0.0000E+00  0.0000   4.1545E-04  0.3199   0.0000E+00  0.0000
   5.6234E+02   1.0000E+03   0.0000E+00  0.0000   0.0000E+00  0.0000   6.5281E-04  0.2734   0.0000E+00  0.0000
   1.0000E+03   1.7783E+03   0.0000E+00  0.0000   0.0000E+00  0.0000   1.0542E-03  0.2147   0.0000E+00  0.0000
   1.7783E+03   3.1623E+03   0.0000E+00  0.0000   0.0000E+00  0.0000   5.1196E-04  0.3148   0.0000E+00  0.0000
   3.1623E+03   5.6234E+03   0.0000E+00  0.0000   0.0000E+00  0.0000   1.3020E-03  0.1892   0.0000E+00  0.0000
   5.6234E+03   1.0000E+04   0.0000E+00  0.0000   0.0000E+00  0.0000   9.4975E-04  0.2367   0.0000E+00  0.0000
   1.0000E+04   1.7783E+04   0.0000E+00  0.0000   0.0000E+00  0.0000   3.8717E-04  0.4242   0.0000E+00  0.0000
   1.7783E+04   3.1623E+04   0.0000E+00  0.0000   0.0000E+00  0.0000   1.0176E-04  0.7226   0.0000E+00  0.0000
   3.1623E+04   5.6234E+04   0.0000E+00  0.0000   0.0000E+00  0.0000   2.7562E-04  0.5154   0.0000E+00  0.0000
   5.6234E+04   1.0000E+05   0.0000E+00  0.0000   0.0000E+00  0.0000   0.0000E+00  0.0000   0.0000E+00  0.0000

#   sum over                 0.0000E+00  0.0000   0.0000E+00  0.0000   6.0749E-03  0.0903   0.0000E+00  0.0000

'no. = 20, (ix,iy,iz) = (  1,  1, 20)'
msuc: {\huge Flux spectra vs depth in concrete}
msdr: {\it plotted by \ANGEL \version}
msdl: {\it calculated by \PHITS  3.36}
wt: s(0.7)
\vspace{-3}
   vol  &=&   2.8800E+07 [cm^3]
  xmin  &=&  -6.0000E+02 [cm]
  xmax  &=&   6.0000E+02 [cm]
  ymin  &=&  -6.0000E+02 [cm]
  ymax  &=&   6.0000E+02 [cm]
  zmin  &=&  -3.2000E+02 [cm]
  zmax  &=&  -3.0000E+02 [cm]
e:

#------------------------------------------------------------------------------
 newpage:
#   no. = 21   ix  =  1   iy  =  1   iz  = 21
#   x = (  -6.0000E+02  -   6.0000E+02  )
#   y = (  -6.0000E+02  -   6.0000E+02  )
#   z = (  -3.0000E+02  -  -2.8000E+02  )

x: Energy [MeV/n]
y: Flux [1/cm^2/source]              
p: xlog ylog afac(0.8) form(0.9)
h: n            x            y(neutron ),hh0l n y(muon-   ),hh0dr n y(muon+   ),hh0ub n y(proton  ),hh0mg n 
#  e-lower      e-upper        neutron   r.err      muon-     r.err      muon+     r.err      proton    r.err 
   1.0000E-10   1.7783E-10   0.0000E+00  0.0000   0.0000E+00  0.0000   0.0000E+00  0.0000   0.0000E+00  0.0000
   1.7783E-10   3.1623E-10   0.0000E+00  0.0000   0.0000E+00  0.0000   0.0000E+00  0.0000   0.0000E+00  0.0000
   3.1623E-10   5.6234E-10   0.0000E+00  0.0000   0.0000E+00  0.0000   0.0000E+00  0.0000   0.0000E+00  0.0000
   5.6234E-10   1.0000E-09   0.0000E+00  0.0000   0.0000E+00  0.0000   0.0000E+00  0.0000   0.0000E+00  0.0000
   1.0000E-09   1.7783E-09   0.0000E+00  0.0000   0.0000E+00  0.0000   0.0000E+00  0.0000   0.0000E+00  0.0000
   1.7783E-09   3.1623E-09   0.0000E+00  0.0000   0.0000E+00  0.0000   0.0000E+00  0.0000   0.0000E+00  0.0000
   3.1623E-09   5.6234E-09   0.0000E+00  0.0000   0.0000E+00  0.0000   0.0000E+00  0.0000   0.0000E+00  0.0000
   5.6234E-09   1.0000E-08   0.0000E+00  0.0000   0.0000E+00  0.0000   0.0000E+00  0.0000   0.0000E+00  0.0000
   1.0000E-08   1.7783E-08   0.0000E+00  0.0000   0.0000E+00  0.0000   0.0000E+00  0.0000   0.0000E+00  0.0000
   1.7783E-08   3.1623E-08   0.0000E+00  0.0000   0.0000E+00  0.0000   0.0000E+00  0.0000   0.0000E+00  0.0000
   3.1623E-08   5.6234E-08   0.0000E+00  0.0000   0.0000E+00  0.0000   0.0000E+00  0.0000   0.0000E+00  0.0000
   5.6234E-08   1.0000E-07   0.0000E+00  0.0000   0.0000E+00  0.0000   0.0000E+00  0.0000   0.0000E+00  0.0000
   1.0000E-07   1.7783E-07   0.0000E+00  0.0000   0.0000E+00  0.0000   0.0000E+00  0.0000   0.0000E+00  0.0000
   1.7783E-07   3.1623E-07   0.0000E+00  0.0000   0.0000E+00  0.0000   0.0000E+00  0.0000   0.0000E+00  0.0000
   3.1623E-07   5.6234E-07   0.0000E+00  0.0000   0.0000E+00  0.0000   0.0000E+00  0.0000   0.0000E+00  0.0000
   5.6234E-07   1.0000E-06   0.0000E+00  0.0000   0.0000E+00  0.0000   0.0000E+00  0.0000   0.0000E+00  0.0000
   1.0000E-06   1.7783E-06   0.0000E+00  0.0000   0.0000E+00  0.0000   0.0000E+00  0.0000   0.0000E+00  0.0000
   1.7783E-06   3.1623E-06   0.0000E+00  0.0000   0.0000E+00  0.0000   0.0000E+00  0.0000   0.0000E+00  0.0000
   3.1623E-06   5.6234E-06   0.0000E+00  0.0000   0.0000E+00  0.0000   0.0000E+00  0.0000   0.0000E+00  0.0000
   5.6234E-06   1.0000E-05   0.0000E+00  0.0000   0.0000E+00  0.0000   0.0000E+00  0.0000   0.0000E+00  0.0000
   1.0000E-05   1.7783E-05   0.0000E+00  0.0000   0.0000E+00  0.0000   0.0000E+00  0.0000   0.0000E+00  0.0000
   1.7783E-05   3.1623E-05   0.0000E+00  0.0000   0.0000E+00  0.0000   0.0000E+00  0.0000   0.0000E+00  0.0000
   3.1623E-05   5.6234E-05   0.0000E+00  0.0000   0.0000E+00  0.0000   0.0000E+00  0.0000   0.0000E+00  0.0000
   5.6234E-05   1.0000E-04   0.0000E+00  0.0000   0.0000E+00  0.0000   0.0000E+00  0.0000   0.0000E+00  0.0000
   1.0000E-04   1.7783E-04   0.0000E+00  0.0000   0.0000E+00  0.0000   3.6049E-21  1.0000   0.0000E+00  0.0000
   1.7783E-04   3.1623E-04   0.0000E+00  0.0000   0.0000E+00  0.0000   0.0000E+00  0.0000   0.0000E+00  0.0000
   3.1623E-04   5.6234E-04   0.0000E+00  0.0000   0.0000E+00  0.0000   0.0000E+00  0.0000   0.0000E+00  0.0000
   5.6234E-04   1.0000E-03   0.0000E+00  0.0000   0.0000E+00  0.0000   0.0000E+00  0.0000   0.0000E+00  0.0000
   1.0000E-03   1.7783E-03   0.0000E+00  0.0000   0.0000E+00  0.0000   3.5062E-11  0.4077   0.0000E+00  0.0000
   1.7783E-03   3.1623E-03   0.0000E+00  0.0000   0.0000E+00  0.0000   1.7458E-11  0.4075   0.0000E+00  0.0000
   3.1623E-03   5.6234E-03   0.0000E+00  0.0000   0.0000E+00  0.0000   2.5793E-11  0.4075   0.0000E+00  0.0000
   5.6234E-03   1.0000E-02   0.0000E+00  0.0000   0.0000E+00  0.0000   4.1369E-11  0.4075   0.0000E+00  0.0000
   1.0000E-02   1.7783E-02   0.0000E+00  0.0000   0.0000E+00  0.0000   7.4178E-11  0.4075   0.0000E+00  0.0000
   1.7783E-02   3.1623E-02   0.0000E+00  0.0000   0.0000E+00  0.0000   1.5314E-10  0.4075   0.0000E+00  0.0000
   3.1623E-02   5.6234E-02   0.0000E+00  0.0000   0.0000E+00  0.0000   3.5777E-10  0.4075   0.0000E+00  0.0000
   5.6234E-02   1.0000E-01   0.0000E+00  0.0000   0.0000E+00  0.0000   8.9643E-10  0.4075   0.0000E+00  0.0000
   1.0000E-01   1.7783E-01   0.0000E+00  0.0000   0.0000E+00  0.0000   2.3010E-09  0.4075   0.0000E+00  0.0000
   1.7783E-01   3.1623E-01   0.0000E+00  0.0000   0.0000E+00  0.0000   6.0190E-09  0.4075   0.0000E+00  0.0000
   3.1623E-01   5.6234E-01   0.0000E+00  0.0000   0.0000E+00  0.0000   1.6134E-08  0.4075   0.0000E+00  0.0000
   5.6234E-01   1.0000E+00   0.0000E+00  0.0000   0.0000E+00  0.0000   4.4250E-08  0.4075   0.0000E+00  0.0000
   1.0000E+00   1.7783E+00   0.0000E+00  0.0000   0.0000E+00  0.0000   1.2391E-07  0.4075   0.0000E+00  0.0000
   1.7783E+00   3.1623E+00   0.0000E+00  0.0000   0.0000E+00  0.0000   3.5245E-07  0.4075   0.0000E+00  0.0000
   3.1623E+00   5.6234E+00   0.0000E+00  0.0000   0.0000E+00  0.0000   9.9605E-07  0.4075   0.0000E+00  0.0000
   5.6234E+00   1.0000E+01   0.0000E+00  0.0000   0.0000E+00  0.0000   2.7747E-06  0.4075   0.0000E+00  0.0000
   1.0000E+01   1.7783E+01   0.0000E+00  0.0000   0.0000E+00  0.0000   7.5547E-06  0.4075   0.0000E+00  0.0000
   1.7783E+01   3.1623E+01   0.0000E+00  0.0000   0.0000E+00  0.0000   1.7889E-05  0.4181   0.0000E+00  0.0000
   3.1623E+01   5.6234E+01   0.0000E+00  0.0000   0.0000E+00  0.0000   3.8069E-05  0.4493   0.0000E+00  0.0000
   5.6234E+01   1.0000E+02   0.0000E+00  0.0000   0.0000E+00  0.0000   7.1140E-05  0.4590   0.0000E+00  0.0000
   1.0000E+02   1.7783E+02   0.0000E+00  0.0000   0.0000E+00  0.0000   6.9121E-05  0.5542   0.0000E+00  0.0000
   1.7783E+02   3.1623E+02   0.0000E+00  0.0000   0.0000E+00  0.0000   2.7552E-04  0.4169   0.0000E+00  0.0000
   3.1623E+02   5.6234E+02   0.0000E+00  0.0000   0.0000E+00  0.0000   3.9349E-04  0.3370   0.0000E+00  0.0000
   5.6234E+02   1.0000E+03   0.0000E+00  0.0000   0.0000E+00  0.0000   6.2012E-04  0.2669   0.0000E+00  0.0000
   1.0000E+03   1.7783E+03   0.0000E+00  0.0000   0.0000E+00  0.0000   1.1800E-03  0.2043   0.0000E+00  0.0000
   1.7783E+03   3.1623E+03   0.0000E+00  0.0000   0.0000E+00  0.0000   6.3073E-04  0.2747   0.0000E+00  0.0000
   3.1623E+03   5.6234E+03   0.0000E+00  0.0000   0.0000E+00  0.0000   1.2638E-03  0.1927   0.0000E+00  0.0000
   5.6234E+03   1.0000E+04   0.0000E+00  0.0000   0.0000E+00  0.0000   9.7709E-04  0.2362   0.0000E+00  0.0000
   1.0000E+04   1.7783E+04   0.0000E+00  0.0000   0.0000E+00  0.0000   4.0250E-04  0.4167   0.0000E+00  0.0000
   1.7783E+04   3.1623E+04   0.0000E+00  0.0000   0.0000E+00  0.0000   1.5128E-04  0.5857   0.0000E+00  0.0000
   3.1623E+04   5.6234E+04   0.0000E+00  0.0000   0.0000E+00  0.0000   2.7562E-04  0.5154   0.0000E+00  0.0000
   5.6234E+04   1.0000E+05   0.0000E+00  0.0000   0.0000E+00  0.0000   0.0000E+00  0.0000   0.0000E+00  0.0000

#   sum over                 0.0000E+00  0.0000   0.0000E+00  0.0000   6.3782E-03  0.0880   0.0000E+00  0.0000

'no. = 21, (ix,iy,iz) = (  1,  1, 21)'
msuc: {\huge Flux spectra vs depth in concrete}
msdr: {\it plotted by \ANGEL \version}
msdl: {\it calculated by \PHITS  3.36}
wt: s(0.7)
\vspace{-3}
   vol  &=&   2.8800E+07 [cm^3]
  xmin  &=&  -6.0000E+02 [cm]
  xmax  &=&   6.0000E+02 [cm]
  ymin  &=&  -6.0000E+02 [cm]
  ymax  &=&   6.0000E+02 [cm]
  zmin  &=&  -3.0000E+02 [cm]
  zmax  &=&  -2.8000E+02 [cm]
e:

#------------------------------------------------------------------------------
 newpage:
#   no. = 22   ix  =  1   iy  =  1   iz  = 22
#   x = (  -6.0000E+02  -   6.0000E+02  )
#   y = (  -6.0000E+02  -   6.0000E+02  )
#   z = (  -2.8000E+02  -  -2.6000E+02  )

x: Energy [MeV/n]
y: Flux [1/cm^2/source]              
p: xlog ylog afac(0.8) form(0.9)
h: n            x            y(neutron ),hh0l n y(muon-   ),hh0dr n y(muon+   ),hh0ub n y(proton  ),hh0mg n 
#  e-lower      e-upper        neutron   r.err      muon-     r.err      muon+     r.err      proton    r.err 
   1.0000E-10   1.7783E-10   0.0000E+00  0.0000   0.0000E+00  0.0000   0.0000E+00  0.0000   0.0000E+00  0.0000
   1.7783E-10   3.1623E-10   0.0000E+00  0.0000   0.0000E+00  0.0000   0.0000E+00  0.0000   0.0000E+00  0.0000
   3.1623E-10   5.6234E-10   0.0000E+00  0.0000   0.0000E+00  0.0000   0.0000E+00  0.0000   0.0000E+00  0.0000
   5.6234E-10   1.0000E-09   0.0000E+00  0.0000   0.0000E+00  0.0000   0.0000E+00  0.0000   0.0000E+00  0.0000
   1.0000E-09   1.7783E-09   0.0000E+00  0.0000   0.0000E+00  0.0000   0.0000E+00  0.0000   0.0000E+00  0.0000
   1.7783E-09   3.1623E-09   0.0000E+00  0.0000   0.0000E+00  0.0000   0.0000E+00  0.0000   0.0000E+00  0.0000
   3.1623E-09   5.6234E-09   0.0000E+00  0.0000   0.0000E+00  0.0000   0.0000E+00  0.0000   0.0000E+00  0.0000
   5.6234E-09   1.0000E-08   0.0000E+00  0.0000   0.0000E+00  0.0000   0.0000E+00  0.0000   0.0000E+00  0.0000
   1.0000E-08   1.7783E-08   0.0000E+00  0.0000   0.0000E+00  0.0000   0.0000E+00  0.0000   0.0000E+00  0.0000
   1.7783E-08   3.1623E-08   0.0000E+00  0.0000   0.0000E+00  0.0000   0.0000E+00  0.0000   0.0000E+00  0.0000
   3.1623E-08   5.6234E-08   0.0000E+00  0.0000   0.0000E+00  0.0000   0.0000E+00  0.0000   0.0000E+00  0.0000
   5.6234E-08   1.0000E-07   0.0000E+00  0.0000   0.0000E+00  0.0000   0.0000E+00  0.0000   0.0000E+00  0.0000
   1.0000E-07   1.7783E-07   0.0000E+00  0.0000   0.0000E+00  0.0000   0.0000E+00  0.0000   0.0000E+00  0.0000
   1.7783E-07   3.1623E-07   0.0000E+00  0.0000   0.0000E+00  0.0000   0.0000E+00  0.0000   0.0000E+00  0.0000
   3.1623E-07   5.6234E-07   0.0000E+00  0.0000   0.0000E+00  0.0000   0.0000E+00  0.0000   0.0000E+00  0.0000
   5.6234E-07   1.0000E-06   0.0000E+00  0.0000   0.0000E+00  0.0000   0.0000E+00  0.0000   0.0000E+00  0.0000
   1.0000E-06   1.7783E-06   0.0000E+00  0.0000   0.0000E+00  0.0000   0.0000E+00  0.0000   0.0000E+00  0.0000
   1.7783E-06   3.1623E-06   0.0000E+00  0.0000   0.0000E+00  0.0000   0.0000E+00  0.0000   0.0000E+00  0.0000
   3.1623E-06   5.6234E-06   0.0000E+00  0.0000   0.0000E+00  0.0000   0.0000E+00  0.0000   0.0000E+00  0.0000
   5.6234E-06   1.0000E-05   0.0000E+00  0.0000   0.0000E+00  0.0000   0.0000E+00  0.0000   0.0000E+00  0.0000
   1.0000E-05   1.7783E-05   0.0000E+00  0.0000   0.0000E+00  0.0000   0.0000E+00  0.0000   0.0000E+00  0.0000
   1.7783E-05   3.1623E-05   0.0000E+00  0.0000   0.0000E+00  0.0000   0.0000E+00  0.0000   0.0000E+00  0.0000
   3.1623E-05   5.6234E-05   0.0000E+00  0.0000   0.0000E+00  0.0000   0.0000E+00  0.0000   0.0000E+00  0.0000
   5.6234E-05   1.0000E-04   0.0000E+00  0.0000   0.0000E+00  0.0000   0.0000E+00  0.0000   0.0000E+00  0.0000
   1.0000E-04   1.7783E-04   0.0000E+00  0.0000   0.0000E+00  0.0000   0.0000E+00  0.0000   0.0000E+00  0.0000
   1.7783E-04   3.1623E-04   0.0000E+00  0.0000   0.0000E+00  0.0000   0.0000E+00  0.0000   0.0000E+00  0.0000
   3.1623E-04   5.6234E-04   0.0000E+00  0.0000   0.0000E+00  0.0000   0.0000E+00  0.0000   0.0000E+00  0.0000
   5.6234E-04   1.0000E-03   0.0000E+00  0.0000   0.0000E+00  0.0000   0.0000E+00  0.0000   0.0000E+00  0.0000
   1.0000E-03   1.7783E-03   0.0000E+00  0.0000   0.0000E+00  0.0000   1.1564E-11  0.7072   0.0000E+00  0.0000
   1.7783E-03   3.1623E-03   0.0000E+00  0.0000   0.0000E+00  0.0000   5.8195E-12  0.7068   0.0000E+00  0.0000
   3.1623E-03   5.6234E-03   0.0000E+00  0.0000   0.0000E+00  0.0000   8.5978E-12  0.7068   0.0000E+00  0.0000
   5.6234E-03   1.0000E-02   0.0000E+00  0.0000   0.0000E+00  0.0000   1.3790E-11  0.7068   0.0000E+00  0.0000
   1.0000E-02   1.7783E-02   0.0000E+00  0.0000   0.0000E+00  0.0000   2.4726E-11  0.7068   0.0000E+00  0.0000
   1.7783E-02   3.1623E-02   0.0000E+00  0.0000   0.0000E+00  0.0000   5.1047E-11  0.7068   0.0000E+00  0.0000
   3.1623E-02   5.6234E-02   0.0000E+00  0.0000   0.0000E+00  0.0000   1.1926E-10  0.7068   0.0000E+00  0.0000
   5.6234E-02   1.0000E-01   0.0000E+00  0.0000   0.0000E+00  0.0000   2.9881E-10  0.7068   0.0000E+00  0.0000
   1.0000E-01   1.7783E-01   0.0000E+00  0.0000   0.0000E+00  0.0000   7.6701E-10  0.7068   0.0000E+00  0.0000
   1.7783E-01   3.1623E-01   0.0000E+00  0.0000   0.0000E+00  0.0000   2.0063E-09  0.7068   0.0000E+00  0.0000
   3.1623E-01   5.6234E-01   0.0000E+00  0.0000   0.0000E+00  0.0000   5.3778E-09  0.7068   0.0000E+00  0.0000
   5.6234E-01   1.0000E+00   0.0000E+00  0.0000   0.0000E+00  0.0000   1.4750E-08  0.7068   0.0000E+00  0.0000
   1.0000E+00   1.7783E+00   0.0000E+00  0.0000   0.0000E+00  0.0000   4.1302E-08  0.7068   0.0000E+00  0.0000
   1.7783E+00   3.1623E+00   0.0000E+00  0.0000   0.0000E+00  0.0000   1.1748E-07  0.7068   0.0000E+00  0.0000
   3.1623E+00   5.6234E+00   0.0000E+00  0.0000   0.0000E+00  0.0000   3.3202E-07  0.7068   0.0000E+00  0.0000
   5.6234E+00   1.0000E+01   0.0000E+00  0.0000   0.0000E+00  0.0000   9.2490E-07  0.7068   0.0000E+00  0.0000
   1.0000E+01   1.7783E+01   0.0000E+00  0.0000   0.0000E+00  0.0000   2.5182E-06  0.7068   0.0000E+00  0.0000
   1.7783E+01   3.1623E+01   0.0000E+00  0.0000   0.0000E+00  0.0000   8.4086E-06  0.5939   0.0000E+00  0.0000
   3.1623E+01   5.6234E+01   0.0000E+00  0.0000   0.0000E+00  0.0000   2.6220E-05  0.5364   0.0000E+00  0.0000
   5.6234E+01   1.0000E+02   0.0000E+00  0.0000   0.0000E+00  0.0000   8.1944E-05  0.4468   0.0000E+00  0.0000
   1.0000E+02   1.7783E+02   0.0000E+00  0.0000   0.0000E+00  0.0000   2.3840E-04  0.3640   0.0000E+00  0.0000
   1.7783E+02   3.1623E+02   0.0000E+00  0.0000   0.0000E+00  0.0000   1.7468E-04  0.4276   0.0000E+00  0.0000
   3.1623E+02   5.6234E+02   0.0000E+00  0.0000   0.0000E+00  0.0000   4.4533E-04  0.3478   0.0000E+00  0.0000
   5.6234E+02   1.0000E+03   0.0000E+00  0.0000   0.0000E+00  0.0000   6.6198E-04  0.2523   0.0000E+00  0.0000
   1.0000E+03   1.7783E+03   0.0000E+00  0.0000   0.0000E+00  0.0000   1.0702E-03  0.2100   0.0000E+00  0.0000
   1.7783E+03   3.1623E+03   0.0000E+00  0.0000   0.0000E+00  0.0000   9.0231E-04  0.2337   0.0000E+00  0.0000
   3.1623E+03   5.6234E+03   0.0000E+00  0.0000   0.0000E+00  0.0000   1.2938E-03  0.1891   0.0000E+00  0.0000
   5.6234E+03   1.0000E+04   0.0000E+00  0.0000   0.0000E+00  0.0000   1.0474E-03  0.2275   0.0000E+00  0.0000
   1.0000E+04   1.7783E+04   0.0000E+00  0.0000   0.0000E+00  0.0000   4.0250E-04  0.4167   0.0000E+00  0.0000
   1.7783E+04   3.1623E+04   0.0000E+00  0.0000   0.0000E+00  0.0000   1.7730E-04  0.5943   0.0000E+00  0.0000
   3.1623E+04   5.6234E+04   0.0000E+00  0.0000   0.0000E+00  0.0000   2.7562E-04  0.5154   0.0000E+00  0.0000
   5.6234E+04   1.0000E+05   0.0000E+00  0.0000   0.0000E+00  0.0000   0.0000E+00  0.0000   0.0000E+00  0.0000

#   sum over                 0.0000E+00  0.0000   0.0000E+00  0.0000   6.8100E-03  0.0861   0.0000E+00  0.0000

'no. = 22, (ix,iy,iz) = (  1,  1, 22)'
msuc: {\huge Flux spectra vs depth in concrete}
msdr: {\it plotted by \ANGEL \version}
msdl: {\it calculated by \PHITS  3.36}
wt: s(0.7)
\vspace{-3}
   vol  &=&   2.8800E+07 [cm^3]
  xmin  &=&  -6.0000E+02 [cm]
  xmax  &=&   6.0000E+02 [cm]
  ymin  &=&  -6.0000E+02 [cm]
  ymax  &=&   6.0000E+02 [cm]
  zmin  &=&  -2.8000E+02 [cm]
  zmax  &=&  -2.6000E+02 [cm]
e:

#------------------------------------------------------------------------------
 newpage:
#   no. = 23   ix  =  1   iy  =  1   iz  = 23
#   x = (  -6.0000E+02  -   6.0000E+02  )
#   y = (  -6.0000E+02  -   6.0000E+02  )
#   z = (  -2.6000E+02  -  -2.4000E+02  )

x: Energy [MeV/n]
y: Flux [1/cm^2/source]              
p: xlog ylog afac(0.8) form(0.9)
h: n            x            y(neutron ),hh0l n y(muon-   ),hh0dr n y(muon+   ),hh0ub n y(proton  ),hh0mg n 
#  e-lower      e-upper        neutron   r.err      muon-     r.err      muon+     r.err      proton    r.err 
   1.0000E-10   1.7783E-10   0.0000E+00  0.0000   0.0000E+00  0.0000   0.0000E+00  0.0000   0.0000E+00  0.0000
   1.7783E-10   3.1623E-10   0.0000E+00  0.0000   0.0000E+00  0.0000   0.0000E+00  0.0000   0.0000E+00  0.0000
   3.1623E-10   5.6234E-10   0.0000E+00  0.0000   0.0000E+00  0.0000   0.0000E+00  0.0000   0.0000E+00  0.0000
   5.6234E-10   1.0000E-09   0.0000E+00  0.0000   0.0000E+00  0.0000   0.0000E+00  0.0000   0.0000E+00  0.0000
   1.0000E-09   1.7783E-09   0.0000E+00  0.0000   0.0000E+00  0.0000   0.0000E+00  0.0000   0.0000E+00  0.0000
   1.7783E-09   3.1623E-09   0.0000E+00  0.0000   0.0000E+00  0.0000   0.0000E+00  0.0000   0.0000E+00  0.0000
   3.1623E-09   5.6234E-09   0.0000E+00  0.0000   0.0000E+00  0.0000   0.0000E+00  0.0000   0.0000E+00  0.0000
   5.6234E-09   1.0000E-08   0.0000E+00  0.0000   0.0000E+00  0.0000   0.0000E+00  0.0000   0.0000E+00  0.0000
   1.0000E-08   1.7783E-08   0.0000E+00  0.0000   0.0000E+00  0.0000   0.0000E+00  0.0000   0.0000E+00  0.0000
   1.7783E-08   3.1623E-08   0.0000E+00  0.0000   0.0000E+00  0.0000   0.0000E+00  0.0000   0.0000E+00  0.0000
   3.1623E-08   5.6234E-08   0.0000E+00  0.0000   0.0000E+00  0.0000   0.0000E+00  0.0000   0.0000E+00  0.0000
   5.6234E-08   1.0000E-07   0.0000E+00  0.0000   0.0000E+00  0.0000   0.0000E+00  0.0000   0.0000E+00  0.0000
   1.0000E-07   1.7783E-07   0.0000E+00  0.0000   0.0000E+00  0.0000   0.0000E+00  0.0000   0.0000E+00  0.0000
   1.7783E-07   3.1623E-07   0.0000E+00  0.0000   0.0000E+00  0.0000   0.0000E+00  0.0000   0.0000E+00  0.0000
   3.1623E-07   5.6234E-07   0.0000E+00  0.0000   0.0000E+00  0.0000   0.0000E+00  0.0000   0.0000E+00  0.0000
   5.6234E-07   1.0000E-06   0.0000E+00  0.0000   0.0000E+00  0.0000   0.0000E+00  0.0000   0.0000E+00  0.0000
   1.0000E-06   1.7783E-06   0.0000E+00  0.0000   0.0000E+00  0.0000   0.0000E+00  0.0000   0.0000E+00  0.0000
   1.7783E-06   3.1623E-06   0.0000E+00  0.0000   0.0000E+00  0.0000   0.0000E+00  0.0000   0.0000E+00  0.0000
   3.1623E-06   5.6234E-06   0.0000E+00  0.0000   0.0000E+00  0.0000   0.0000E+00  0.0000   0.0000E+00  0.0000
   5.6234E-06   1.0000E-05   0.0000E+00  0.0000   0.0000E+00  0.0000   0.0000E+00  0.0000   0.0000E+00  0.0000
   1.0000E-05   1.7783E-05   0.0000E+00  0.0000   0.0000E+00  0.0000   0.0000E+00  0.0000   0.0000E+00  0.0000
   1.7783E-05   3.1623E-05   0.0000E+00  0.0000   0.0000E+00  0.0000   0.0000E+00  0.0000   0.0000E+00  0.0000
   3.1623E-05   5.6234E-05   0.0000E+00  0.0000   0.0000E+00  0.0000   0.0000E+00  0.0000   0.0000E+00  0.0000
   5.6234E-05   1.0000E-04   0.0000E+00  0.0000   0.0000E+00  0.0000   0.0000E+00  0.0000   0.0000E+00  0.0000
   1.0000E-04   1.7783E-04   0.0000E+00  0.0000   0.0000E+00  0.0000   0.0000E+00  0.0000   0.0000E+00  0.0000
   1.7783E-04   3.1623E-04   0.0000E+00  0.0000   0.0000E+00  0.0000   0.0000E+00  0.0000   0.0000E+00  0.0000
   3.1623E-04   5.6234E-04   0.0000E+00  0.0000   0.0000E+00  0.0000   0.0000E+00  0.0000   0.0000E+00  0.0000
   5.6234E-04   1.0000E-03   0.0000E+00  0.0000   0.0000E+00  0.0000   0.0000E+00  0.0000   0.0000E+00  0.0000
   1.0000E-03   1.7783E-03   0.0000E+00  0.0000   0.0000E+00  0.0000   1.1833E-11  0.7069   0.0000E+00  0.0000
   1.7783E-03   3.1623E-03   0.0000E+00  0.0000   0.0000E+00  0.0000   5.8195E-12  0.7068   0.0000E+00  0.0000
   3.1623E-03   5.6234E-03   0.0000E+00  0.0000   0.0000E+00  0.0000   8.5978E-12  0.7068   0.0000E+00  0.0000
   5.6234E-03   1.0000E-02   0.0000E+00  0.0000   0.0000E+00  0.0000   1.3790E-11  0.7068   0.0000E+00  0.0000
   1.0000E-02   1.7783E-02   0.0000E+00  0.0000   0.0000E+00  0.0000   2.4726E-11  0.7068   0.0000E+00  0.0000
   1.7783E-02   3.1623E-02   0.0000E+00  0.0000   0.0000E+00  0.0000   5.1047E-11  0.7068   0.0000E+00  0.0000
   3.1623E-02   5.6234E-02   0.0000E+00  0.0000   0.0000E+00  0.0000   1.1926E-10  0.7068   0.0000E+00  0.0000
   5.6234E-02   1.0000E-01   0.0000E+00  0.0000   0.0000E+00  0.0000   2.9881E-10  0.7068   0.0000E+00  0.0000
   1.0000E-01   1.7783E-01   0.0000E+00  0.0000   0.0000E+00  0.0000   7.6701E-10  0.7068   0.0000E+00  0.0000
   1.7783E-01   3.1623E-01   0.0000E+00  0.0000   0.0000E+00  0.0000   2.0063E-09  0.7068   0.0000E+00  0.0000
   3.1623E-01   5.6234E-01   0.0000E+00  0.0000   0.0000E+00  0.0000   5.3778E-09  0.7068   0.0000E+00  0.0000
   5.6234E-01   1.0000E+00   0.0000E+00  0.0000   0.0000E+00  0.0000   1.4750E-08  0.7068   0.0000E+00  0.0000
   1.0000E+00   1.7783E+00   0.0000E+00  0.0000   0.0000E+00  0.0000   4.1302E-08  0.7068   0.0000E+00  0.0000
   1.7783E+00   3.1623E+00   0.0000E+00  0.0000   0.0000E+00  0.0000   1.1748E-07  0.7068   0.0000E+00  0.0000
   3.1623E+00   5.6234E+00   0.0000E+00  0.0000   0.0000E+00  0.0000   3.3202E-07  0.7068   0.0000E+00  0.0000
   5.6234E+00   1.0000E+01   0.0000E+00  0.0000   0.0000E+00  0.0000   9.2490E-07  0.7068   0.0000E+00  0.0000
   1.0000E+01   1.7783E+01   0.0000E+00  0.0000   0.0000E+00  0.0000   2.5182E-06  0.7068   0.0000E+00  0.0000
   1.7783E+01   3.1623E+01   0.0000E+00  0.0000   0.0000E+00  0.0000   6.5745E-06  0.7068   0.0000E+00  0.0000
   3.1623E+01   5.6234E+01   0.0000E+00  0.0000   0.0000E+00  0.0000   1.6072E-05  0.7068   0.0000E+00  0.0000
   5.6234E+01   1.0000E+02   0.0000E+00  0.0000   0.0000E+00  0.0000   3.5981E-05  0.7068   0.0000E+00  0.0000
   1.0000E+02   1.7783E+02   0.0000E+00  0.0000   0.0000E+00  0.0000   8.5306E-05  0.5636   0.0000E+00  0.0000
   1.7783E+02   3.1623E+02   0.0000E+00  0.0000   0.0000E+00  0.0000   3.6774E-04  0.3373   0.0000E+00  0.0000
   3.1623E+02   5.6234E+02   0.0000E+00  0.0000   0.0000E+00  0.0000   3.0426E-04  0.4176   0.0000E+00  0.0000
   5.6234E+02   1.0000E+03   0.0000E+00  0.0000   0.0000E+00  0.0000   8.2841E-04  0.2639   0.0000E+00  0.0000
   1.0000E+03   1.7783E+03   0.0000E+00  0.0000   0.0000E+00  0.0000   1.1300E-03  0.2087   0.0000E+00  0.0000
   1.7783E+03   3.1623E+03   0.0000E+00  0.0000   0.0000E+00  0.0000   1.0011E-03  0.2307   0.0000E+00  0.0000
   3.1623E+03   5.6234E+03   0.0000E+00  0.0000   0.0000E+00  0.0000   1.2995E-03  0.1915   0.0000E+00  0.0000
   5.6234E+03   1.0000E+04   0.0000E+00  0.0000   0.0000E+00  0.0000   1.0165E-03  0.2320   0.0000E+00  0.0000
   1.0000E+04   1.7783E+04   0.0000E+00  0.0000   0.0000E+00  0.0000   4.3762E-04  0.3914   0.0000E+00  0.0000
   1.7783E+04   3.1623E+04   0.0000E+00  0.0000   0.0000E+00  0.0000   1.7730E-04  0.5943   0.0000E+00  0.0000
   3.1623E+04   5.6234E+04   0.0000E+00  0.0000   0.0000E+00  0.0000   2.8341E-04  0.5019   0.0000E+00  0.0000
   5.6234E+04   1.0000E+05   0.0000E+00  0.0000   0.0000E+00  0.0000   0.0000E+00  0.0000   0.0000E+00  0.0000

#   sum over                 0.0000E+00  0.0000   0.0000E+00  0.0000   6.9937E-03  0.0852   0.0000E+00  0.0000

'no. = 23, (ix,iy,iz) = (  1,  1, 23)'
msuc: {\huge Flux spectra vs depth in concrete}
msdr: {\it plotted by \ANGEL \version}
msdl: {\it calculated by \PHITS  3.36}
wt: s(0.7)
\vspace{-3}
   vol  &=&   2.8800E+07 [cm^3]
  xmin  &=&  -6.0000E+02 [cm]
  xmax  &=&   6.0000E+02 [cm]
  ymin  &=&  -6.0000E+02 [cm]
  ymax  &=&   6.0000E+02 [cm]
  zmin  &=&  -2.6000E+02 [cm]
  zmax  &=&  -2.4000E+02 [cm]
e:

#------------------------------------------------------------------------------
 newpage:
#   no. = 24   ix  =  1   iy  =  1   iz  = 24
#   x = (  -6.0000E+02  -   6.0000E+02  )
#   y = (  -6.0000E+02  -   6.0000E+02  )
#   z = (  -2.4000E+02  -  -2.2000E+02  )

x: Energy [MeV/n]
y: Flux [1/cm^2/source]              
p: xlog ylog afac(0.8) form(0.9)
h: n            x            y(neutron ),hh0l n y(muon-   ),hh0dr n y(muon+   ),hh0ub n y(proton  ),hh0mg n 
#  e-lower      e-upper        neutron   r.err      muon-     r.err      muon+     r.err      proton    r.err 
   1.0000E-10   1.7783E-10   0.0000E+00  0.0000   0.0000E+00  0.0000   0.0000E+00  0.0000   0.0000E+00  0.0000
   1.7783E-10   3.1623E-10   0.0000E+00  0.0000   0.0000E+00  0.0000   0.0000E+00  0.0000   0.0000E+00  0.0000
   3.1623E-10   5.6234E-10   0.0000E+00  0.0000   0.0000E+00  0.0000   0.0000E+00  0.0000   0.0000E+00  0.0000
   5.6234E-10   1.0000E-09   0.0000E+00  0.0000   0.0000E+00  0.0000   0.0000E+00  0.0000   0.0000E+00  0.0000
   1.0000E-09   1.7783E-09   0.0000E+00  0.0000   0.0000E+00  0.0000   0.0000E+00  0.0000   0.0000E+00  0.0000
   1.7783E-09   3.1623E-09   0.0000E+00  0.0000   0.0000E+00  0.0000   0.0000E+00  0.0000   0.0000E+00  0.0000
   3.1623E-09   5.6234E-09   0.0000E+00  0.0000   0.0000E+00  0.0000   0.0000E+00  0.0000   0.0000E+00  0.0000
   5.6234E-09   1.0000E-08   0.0000E+00  0.0000   0.0000E+00  0.0000   0.0000E+00  0.0000   0.0000E+00  0.0000
   1.0000E-08   1.7783E-08   0.0000E+00  0.0000   0.0000E+00  0.0000   0.0000E+00  0.0000   0.0000E+00  0.0000
   1.7783E-08   3.1623E-08   0.0000E+00  0.0000   0.0000E+00  0.0000   0.0000E+00  0.0000   0.0000E+00  0.0000
   3.1623E-08   5.6234E-08   0.0000E+00  0.0000   0.0000E+00  0.0000   0.0000E+00  0.0000   0.0000E+00  0.0000
   5.6234E-08   1.0000E-07   0.0000E+00  0.0000   0.0000E+00  0.0000   0.0000E+00  0.0000   0.0000E+00  0.0000
   1.0000E-07   1.7783E-07   0.0000E+00  0.0000   0.0000E+00  0.0000   0.0000E+00  0.0000   0.0000E+00  0.0000
   1.7783E-07   3.1623E-07   0.0000E+00  0.0000   0.0000E+00  0.0000   0.0000E+00  0.0000   0.0000E+00  0.0000
   3.1623E-07   5.6234E-07   0.0000E+00  0.0000   0.0000E+00  0.0000   0.0000E+00  0.0000   0.0000E+00  0.0000
   5.6234E-07   1.0000E-06   0.0000E+00  0.0000   0.0000E+00  0.0000   0.0000E+00  0.0000   0.0000E+00  0.0000
   1.0000E-06   1.7783E-06   0.0000E+00  0.0000   0.0000E+00  0.0000   0.0000E+00  0.0000   0.0000E+00  0.0000
   1.7783E-06   3.1623E-06   0.0000E+00  0.0000   0.0000E+00  0.0000   0.0000E+00  0.0000   0.0000E+00  0.0000
   3.1623E-06   5.6234E-06   0.0000E+00  0.0000   0.0000E+00  0.0000   0.0000E+00  0.0000   0.0000E+00  0.0000
   5.6234E-06   1.0000E-05   0.0000E+00  0.0000   0.0000E+00  0.0000   0.0000E+00  0.0000   0.0000E+00  0.0000
   1.0000E-05   1.7783E-05   0.0000E+00  0.0000   0.0000E+00  0.0000   0.0000E+00  0.0000   0.0000E+00  0.0000
   1.7783E-05   3.1623E-05   0.0000E+00  0.0000   0.0000E+00  0.0000   0.0000E+00  0.0000   0.0000E+00  0.0000
   3.1623E-05   5.6234E-05   0.0000E+00  0.0000   0.0000E+00  0.0000   0.0000E+00  0.0000   0.0000E+00  0.0000
   5.6234E-05   1.0000E-04   0.0000E+00  0.0000   0.0000E+00  0.0000   0.0000E+00  0.0000   0.0000E+00  0.0000
   1.0000E-04   1.7783E-04   0.0000E+00  0.0000   0.0000E+00  0.0000   2.8752E-21  1.0000   0.0000E+00  0.0000
   1.7783E-04   3.1623E-04   0.0000E+00  0.0000   0.0000E+00  0.0000   0.0000E+00  0.0000   0.0000E+00  0.0000
   3.1623E-04   5.6234E-04   0.0000E+00  0.0000   0.0000E+00  0.0000   0.0000E+00  0.0000   0.0000E+00  0.0000
   5.6234E-04   1.0000E-03   0.0000E+00  0.0000   0.0000E+00  0.0000   0.0000E+00  0.0000   0.0000E+00  0.0000
   1.0000E-03   1.7783E-03   0.0000E+00  0.0000   0.0000E+00  0.0000   1.1666E-11  0.7068   0.0000E+00  0.0000
   1.7783E-03   3.1623E-03   0.0000E+00  0.0000   0.0000E+00  0.0000   5.8195E-12  0.7068   0.0000E+00  0.0000
   3.1623E-03   5.6234E-03   0.0000E+00  0.0000   0.0000E+00  0.0000   8.5978E-12  0.7068   0.0000E+00  0.0000
   5.6234E-03   1.0000E-02   0.0000E+00  0.0000   0.0000E+00  0.0000   1.3790E-11  0.7068   0.0000E+00  0.0000
   1.0000E-02   1.7783E-02   0.0000E+00  0.0000   0.0000E+00  0.0000   2.4726E-11  0.7068   0.0000E+00  0.0000
   1.7783E-02   3.1623E-02   0.0000E+00  0.0000   0.0000E+00  0.0000   5.1047E-11  0.7068   0.0000E+00  0.0000
   3.1623E-02   5.6234E-02   0.0000E+00  0.0000   0.0000E+00  0.0000   1.1926E-10  0.7068   0.0000E+00  0.0000
   5.6234E-02   1.0000E-01   0.0000E+00  0.0000   0.0000E+00  0.0000   2.9881E-10  0.7068   0.0000E+00  0.0000
   1.0000E-01   1.7783E-01   0.0000E+00  0.0000   0.0000E+00  0.0000   7.6701E-10  0.7068   0.0000E+00  0.0000
   1.7783E-01   3.1623E-01   0.0000E+00  0.0000   0.0000E+00  0.0000   2.0063E-09  0.7068   0.0000E+00  0.0000
   3.1623E-01   5.6234E-01   0.0000E+00  0.0000   0.0000E+00  0.0000   5.3778E-09  0.7068   0.0000E+00  0.0000
   5.6234E-01   1.0000E+00   0.0000E+00  0.0000   0.0000E+00  0.0000   1.4750E-08  0.7068   0.0000E+00  0.0000
   1.0000E+00   1.7783E+00   0.0000E+00  0.0000   0.0000E+00  0.0000   4.1302E-08  0.7068   0.0000E+00  0.0000
   1.7783E+00   3.1623E+00   0.0000E+00  0.0000   0.0000E+00  0.0000   1.1748E-07  0.7068   0.0000E+00  0.0000
   3.1623E+00   5.6234E+00   0.0000E+00  0.0000   0.0000E+00  0.0000   3.3202E-07  0.7068   0.0000E+00  0.0000
   5.6234E+00   1.0000E+01   0.0000E+00  0.0000   0.0000E+00  0.0000   9.2490E-07  0.7068   0.0000E+00  0.0000
   1.0000E+01   1.7783E+01   0.0000E+00  0.0000   0.0000E+00  0.0000   2.5182E-06  0.7068   0.0000E+00  0.0000
   1.7783E+01   3.1623E+01   0.0000E+00  0.0000   0.0000E+00  0.0000   6.5745E-06  0.7068   0.0000E+00  0.0000
   3.1623E+01   5.6234E+01   0.0000E+00  0.0000   0.0000E+00  0.0000   1.6072E-05  0.7068   0.0000E+00  0.0000
   5.6234E+01   1.0000E+02   0.0000E+00  0.0000   0.0000E+00  0.0000   6.0429E-06  0.8563   0.0000E+00  0.0000
   1.0000E+02   1.7783E+02   0.0000E+00  0.0000   0.0000E+00  0.0000   3.0688E-05  1.0000   0.0000E+00  0.0000
   1.7783E+02   3.1623E+02   0.0000E+00  0.0000   0.0000E+00  0.0000   1.9750E-04  0.4124   0.0000E+00  0.0000
   3.1623E+02   5.6234E+02   0.0000E+00  0.0000   0.0000E+00  0.0000   4.9229E-04  0.3035   0.0000E+00  0.0000
   5.6234E+02   1.0000E+03   0.0000E+00  0.0000   0.0000E+00  0.0000   7.5570E-04  0.2695   0.0000E+00  0.0000
   1.0000E+03   1.7783E+03   0.0000E+00  0.0000   0.0000E+00  0.0000   1.1380E-03  0.2028   0.0000E+00  0.0000
   1.7783E+03   3.1623E+03   0.0000E+00  0.0000   0.0000E+00  0.0000   1.0964E-03  0.2156   0.0000E+00  0.0000
   3.1623E+03   5.6234E+03   0.0000E+00  0.0000   0.0000E+00  0.0000   1.3325E-03  0.1884   0.0000E+00  0.0000
   5.6234E+03   1.0000E+04   0.0000E+00  0.0000   0.0000E+00  0.0000   1.0267E-03  0.2278   0.0000E+00  0.0000
   1.0000E+04   1.7783E+04   0.0000E+00  0.0000   0.0000E+00  0.0000   4.4287E-04  0.3894   0.0000E+00  0.0000
   1.7783E+04   3.1623E+04   0.0000E+00  0.0000   0.0000E+00  0.0000   1.7730E-04  0.5943   0.0000E+00  0.0000
   3.1623E+04   5.6234E+04   0.0000E+00  0.0000   0.0000E+00  0.0000   3.2105E-04  0.4643   0.0000E+00  0.0000
   5.6234E+04   1.0000E+05   0.0000E+00  0.0000   0.0000E+00  0.0000   0.0000E+00  0.0000   0.0000E+00  0.0000

#   sum over                 0.0000E+00  0.0000   0.0000E+00  0.0000   7.0437E-03  0.0850   0.0000E+00  0.0000

'no. = 24, (ix,iy,iz) = (  1,  1, 24)'
msuc: {\huge Flux spectra vs depth in concrete}
msdr: {\it plotted by \ANGEL \version}
msdl: {\it calculated by \PHITS  3.36}
wt: s(0.7)
\vspace{-3}
   vol  &=&   2.8800E+07 [cm^3]
  xmin  &=&  -6.0000E+02 [cm]
  xmax  &=&   6.0000E+02 [cm]
  ymin  &=&  -6.0000E+02 [cm]
  ymax  &=&   6.0000E+02 [cm]
  zmin  &=&  -2.4000E+02 [cm]
  zmax  &=&  -2.2000E+02 [cm]
e:

#------------------------------------------------------------------------------
 newpage:
#   no. = 25   ix  =  1   iy  =  1   iz  = 25
#   x = (  -6.0000E+02  -   6.0000E+02  )
#   y = (  -6.0000E+02  -   6.0000E+02  )
#   z = (  -2.2000E+02  -  -2.0000E+02  )

x: Energy [MeV/n]
y: Flux [1/cm^2/source]              
p: xlog ylog afac(0.8) form(0.9)
h: n            x            y(neutron ),hh0l n y(muon-   ),hh0dr n y(muon+   ),hh0ub n y(proton  ),hh0mg n 
#  e-lower      e-upper        neutron   r.err      muon-     r.err      muon+     r.err      proton    r.err 
   1.0000E-10   1.7783E-10   0.0000E+00  0.0000   0.0000E+00  0.0000   0.0000E+00  0.0000   0.0000E+00  0.0000
   1.7783E-10   3.1623E-10   0.0000E+00  0.0000   0.0000E+00  0.0000   0.0000E+00  0.0000   0.0000E+00  0.0000
   3.1623E-10   5.6234E-10   0.0000E+00  0.0000   0.0000E+00  0.0000   0.0000E+00  0.0000   0.0000E+00  0.0000
   5.6234E-10   1.0000E-09   0.0000E+00  0.0000   0.0000E+00  0.0000   0.0000E+00  0.0000   0.0000E+00  0.0000
   1.0000E-09   1.7783E-09   0.0000E+00  0.0000   0.0000E+00  0.0000   0.0000E+00  0.0000   0.0000E+00  0.0000
   1.7783E-09   3.1623E-09   0.0000E+00  0.0000   0.0000E+00  0.0000   0.0000E+00  0.0000   0.0000E+00  0.0000
   3.1623E-09   5.6234E-09   0.0000E+00  0.0000   0.0000E+00  0.0000   0.0000E+00  0.0000   0.0000E+00  0.0000
   5.6234E-09   1.0000E-08   0.0000E+00  0.0000   0.0000E+00  0.0000   0.0000E+00  0.0000   0.0000E+00  0.0000
   1.0000E-08   1.7783E-08   0.0000E+00  0.0000   0.0000E+00  0.0000   0.0000E+00  0.0000   0.0000E+00  0.0000
   1.7783E-08   3.1623E-08   0.0000E+00  0.0000   0.0000E+00  0.0000   0.0000E+00  0.0000   0.0000E+00  0.0000
   3.1623E-08   5.6234E-08   0.0000E+00  0.0000   0.0000E+00  0.0000   0.0000E+00  0.0000   0.0000E+00  0.0000
   5.6234E-08   1.0000E-07   0.0000E+00  0.0000   0.0000E+00  0.0000   0.0000E+00  0.0000   0.0000E+00  0.0000
   1.0000E-07   1.7783E-07   0.0000E+00  0.0000   0.0000E+00  0.0000   0.0000E+00  0.0000   0.0000E+00  0.0000
   1.7783E-07   3.1623E-07   0.0000E+00  0.0000   0.0000E+00  0.0000   0.0000E+00  0.0000   0.0000E+00  0.0000
   3.1623E-07   5.6234E-07   0.0000E+00  0.0000   0.0000E+00  0.0000   0.0000E+00  0.0000   0.0000E+00  0.0000
   5.6234E-07   1.0000E-06   0.0000E+00  0.0000   0.0000E+00  0.0000   0.0000E+00  0.0000   0.0000E+00  0.0000
   1.0000E-06   1.7783E-06   0.0000E+00  0.0000   0.0000E+00  0.0000   0.0000E+00  0.0000   0.0000E+00  0.0000
   1.7783E-06   3.1623E-06   0.0000E+00  0.0000   0.0000E+00  0.0000   0.0000E+00  0.0000   0.0000E+00  0.0000
   3.1623E-06   5.6234E-06   0.0000E+00  0.0000   0.0000E+00  0.0000   0.0000E+00  0.0000   0.0000E+00  0.0000
   5.6234E-06   1.0000E-05   0.0000E+00  0.0000   0.0000E+00  0.0000   0.0000E+00  0.0000   0.0000E+00  0.0000
   1.0000E-05   1.7783E-05   0.0000E+00  0.0000   0.0000E+00  0.0000   0.0000E+00  0.0000   0.0000E+00  0.0000
   1.7783E-05   3.1623E-05   0.0000E+00  0.0000   0.0000E+00  0.0000   0.0000E+00  0.0000   0.0000E+00  0.0000
   3.1623E-05   5.6234E-05   0.0000E+00  0.0000   0.0000E+00  0.0000   0.0000E+00  0.0000   0.0000E+00  0.0000
   5.6234E-05   1.0000E-04   0.0000E+00  0.0000   0.0000E+00  0.0000   0.0000E+00  0.0000   0.0000E+00  0.0000
   1.0000E-04   1.7783E-04   0.0000E+00  0.0000   0.0000E+00  0.0000   3.2415E-16  0.7248   0.0000E+00  0.0000
   1.7783E-04   3.1623E-04   0.0000E+00  0.0000   0.0000E+00  0.0000   0.0000E+00  0.0000   0.0000E+00  0.0000
   3.1623E-04   5.6234E-04   0.0000E+00  0.0000   0.0000E+00  0.0000   0.0000E+00  0.0000   0.0000E+00  0.0000
   5.6234E-04   1.0000E-03   0.0000E+00  0.0000   0.0000E+00  0.0000   0.0000E+00  0.0000   0.0000E+00  0.0000
   1.0000E-03   1.7783E-03   0.0000E+00  0.0000   0.0000E+00  0.0000   2.8731E-11  0.4477   0.0000E+00  0.0000
   1.7783E-03   3.1623E-03   0.0000E+00  0.0000   0.0000E+00  0.0000   1.4549E-11  0.4465   0.0000E+00  0.0000
   3.1623E-03   5.6234E-03   0.0000E+00  0.0000   0.0000E+00  0.0000   2.1495E-11  0.4465   0.0000E+00  0.0000
   5.6234E-03   1.0000E-02   0.0000E+00  0.0000   0.0000E+00  0.0000   3.4474E-11  0.4465   0.0000E+00  0.0000
   1.0000E-02   1.7783E-02   0.0000E+00  0.0000   0.0000E+00  0.0000   6.1815E-11  0.4465   0.0000E+00  0.0000
   1.7783E-02   3.1623E-02   0.0000E+00  0.0000   0.0000E+00  0.0000   1.2762E-10  0.4465   0.0000E+00  0.0000
   3.1623E-02   5.6234E-02   0.0000E+00  0.0000   0.0000E+00  0.0000   2.9814E-10  0.4465   0.0000E+00  0.0000
   5.6234E-02   1.0000E-01   0.0000E+00  0.0000   0.0000E+00  0.0000   7.4703E-10  0.4465   0.0000E+00  0.0000
   1.0000E-01   1.7783E-01   0.0000E+00  0.0000   0.0000E+00  0.0000   1.9175E-09  0.4465   0.0000E+00  0.0000
   1.7783E-01   3.1623E-01   0.0000E+00  0.0000   0.0000E+00  0.0000   5.0158E-09  0.4465   0.0000E+00  0.0000
   3.1623E-01   5.6234E-01   0.0000E+00  0.0000   0.0000E+00  0.0000   1.3445E-08  0.4465   0.0000E+00  0.0000
   5.6234E-01   1.0000E+00   0.0000E+00  0.0000   0.0000E+00  0.0000   3.6875E-08  0.4465   0.0000E+00  0.0000
   1.0000E+00   1.7783E+00   0.0000E+00  0.0000   0.0000E+00  0.0000   1.0326E-07  0.4465   0.0000E+00  0.0000
   1.7783E+00   3.1623E+00   0.0000E+00  0.0000   0.0000E+00  0.0000   2.9371E-07  0.4465   0.0000E+00  0.0000
   3.1623E+00   5.6234E+00   0.0000E+00  0.0000   0.0000E+00  0.0000   8.3004E-07  0.4465   0.0000E+00  0.0000
   5.6234E+00   1.0000E+01   0.0000E+00  0.0000   0.0000E+00  0.0000   2.3122E-06  0.4465   0.0000E+00  0.0000
   1.0000E+01   1.7783E+01   0.0000E+00  0.0000   0.0000E+00  0.0000   6.2956E-06  0.4465   0.0000E+00  0.0000
   1.7783E+01   3.1623E+01   0.0000E+00  0.0000   0.0000E+00  0.0000   1.4812E-05  0.4572   0.0000E+00  0.0000
   3.1623E+01   5.6234E+01   0.0000E+00  0.0000   0.0000E+00  0.0000   3.1599E-05  0.4996   0.0000E+00  0.0000
   5.6234E+01   1.0000E+02   0.0000E+00  0.0000   0.0000E+00  0.0000   6.9600E-05  0.4726   0.0000E+00  0.0000
   1.0000E+02   1.7783E+02   0.0000E+00  0.0000   0.0000E+00  0.0000   8.6734E-05  0.6154   0.0000E+00  0.0000
   1.7783E+02   3.1623E+02   0.0000E+00  0.0000   0.0000E+00  0.0000   7.1747E-05  0.7079   0.0000E+00  0.0000
   3.1623E+02   5.6234E+02   0.0000E+00  0.0000   0.0000E+00  0.0000   4.1100E-04  0.3254   0.0000E+00  0.0000
   5.6234E+02   1.0000E+03   0.0000E+00  0.0000   0.0000E+00  0.0000   7.1177E-04  0.2720   0.0000E+00  0.0000
   1.0000E+03   1.7783E+03   0.0000E+00  0.0000   0.0000E+00  0.0000   1.1262E-03  0.2133   0.0000E+00  0.0000
   1.7783E+03   3.1623E+03   0.0000E+00  0.0000   0.0000E+00  0.0000   1.3700E-03  0.1995   0.0000E+00  0.0000
   3.1623E+03   5.6234E+03   0.0000E+00  0.0000   0.0000E+00  0.0000   1.3074E-03  0.1881   0.0000E+00  0.0000
   5.6234E+03   1.0000E+04   0.0000E+00  0.0000   0.0000E+00  0.0000   1.0746E-03  0.2236   0.0000E+00  0.0000
   1.0000E+04   1.7783E+04   0.0000E+00  0.0000   0.0000E+00  0.0000   4.4287E-04  0.3894   0.0000E+00  0.0000
   1.7783E+04   3.1623E+04   0.0000E+00  0.0000   0.0000E+00  0.0000   1.7730E-04  0.5943   0.0000E+00  0.0000
   3.1623E+04   5.6234E+04   0.0000E+00  0.0000   0.0000E+00  0.0000   3.7523E-04  0.4225   0.0000E+00  0.0000
   5.6234E+04   1.0000E+05   0.0000E+00  0.0000   0.0000E+00  0.0000   0.0000E+00  0.0000   0.0000E+00  0.0000

#   sum over                 0.0000E+00  0.0000   0.0000E+00  0.0000   7.2807E-03  0.0836   0.0000E+00  0.0000

'no. = 25, (ix,iy,iz) = (  1,  1, 25)'
msuc: {\huge Flux spectra vs depth in concrete}
msdr: {\it plotted by \ANGEL \version}
msdl: {\it calculated by \PHITS  3.36}
wt: s(0.7)
\vspace{-3}
   vol  &=&   2.8800E+07 [cm^3]
  xmin  &=&  -6.0000E+02 [cm]
  xmax  &=&   6.0000E+02 [cm]
  ymin  &=&  -6.0000E+02 [cm]
  ymax  &=&   6.0000E+02 [cm]
  zmin  &=&  -2.2000E+02 [cm]
  zmax  &=&  -2.0000E+02 [cm]
e:

#------------------------------------------------------------------------------
 newpage:
#   no. = 26   ix  =  1   iy  =  1   iz  = 26
#   x = (  -6.0000E+02  -   6.0000E+02  )
#   y = (  -6.0000E+02  -   6.0000E+02  )
#   z = (  -2.0000E+02  -  -1.8000E+02  )

x: Energy [MeV/n]
y: Flux [1/cm^2/source]              
p: xlog ylog afac(0.8) form(0.9)
h: n            x            y(neutron ),hh0l n y(muon-   ),hh0dr n y(muon+   ),hh0ub n y(proton  ),hh0mg n 
#  e-lower      e-upper        neutron   r.err      muon-     r.err      muon+     r.err      proton    r.err 
   1.0000E-10   1.7783E-10   0.0000E+00  0.0000   0.0000E+00  0.0000   0.0000E+00  0.0000   0.0000E+00  0.0000
   1.7783E-10   3.1623E-10   0.0000E+00  0.0000   0.0000E+00  0.0000   0.0000E+00  0.0000   0.0000E+00  0.0000
   3.1623E-10   5.6234E-10   0.0000E+00  0.0000   0.0000E+00  0.0000   0.0000E+00  0.0000   0.0000E+00  0.0000
   5.6234E-10   1.0000E-09   0.0000E+00  0.0000   0.0000E+00  0.0000   0.0000E+00  0.0000   0.0000E+00  0.0000
   1.0000E-09   1.7783E-09   0.0000E+00  0.0000   0.0000E+00  0.0000   0.0000E+00  0.0000   0.0000E+00  0.0000
   1.7783E-09   3.1623E-09   0.0000E+00  0.0000   0.0000E+00  0.0000   0.0000E+00  0.0000   0.0000E+00  0.0000
   3.1623E-09   5.6234E-09   0.0000E+00  0.0000   0.0000E+00  0.0000   0.0000E+00  0.0000   0.0000E+00  0.0000
   5.6234E-09   1.0000E-08   0.0000E+00  0.0000   0.0000E+00  0.0000   0.0000E+00  0.0000   0.0000E+00  0.0000
   1.0000E-08   1.7783E-08   0.0000E+00  0.0000   0.0000E+00  0.0000   0.0000E+00  0.0000   0.0000E+00  0.0000
   1.7783E-08   3.1623E-08   0.0000E+00  0.0000   0.0000E+00  0.0000   0.0000E+00  0.0000   0.0000E+00  0.0000
   3.1623E-08   5.6234E-08   0.0000E+00  0.0000   0.0000E+00  0.0000   0.0000E+00  0.0000   0.0000E+00  0.0000
   5.6234E-08   1.0000E-07   0.0000E+00  0.0000   0.0000E+00  0.0000   0.0000E+00  0.0000   0.0000E+00  0.0000
   1.0000E-07   1.7783E-07   0.0000E+00  0.0000   0.0000E+00  0.0000   0.0000E+00  0.0000   0.0000E+00  0.0000
   1.7783E-07   3.1623E-07   0.0000E+00  0.0000   0.0000E+00  0.0000   0.0000E+00  0.0000   0.0000E+00  0.0000
   3.1623E-07   5.6234E-07   0.0000E+00  0.0000   0.0000E+00  0.0000   0.0000E+00  0.0000   0.0000E+00  0.0000
   5.6234E-07   1.0000E-06   0.0000E+00  0.0000   0.0000E+00  0.0000   0.0000E+00  0.0000   0.0000E+00  0.0000
   1.0000E-06   1.7783E-06   0.0000E+00  0.0000   0.0000E+00  0.0000   0.0000E+00  0.0000   0.0000E+00  0.0000
   1.7783E-06   3.1623E-06   0.0000E+00  0.0000   0.0000E+00  0.0000   0.0000E+00  0.0000   0.0000E+00  0.0000
   3.1623E-06   5.6234E-06   0.0000E+00  0.0000   0.0000E+00  0.0000   0.0000E+00  0.0000   0.0000E+00  0.0000
   5.6234E-06   1.0000E-05   0.0000E+00  0.0000   0.0000E+00  0.0000   0.0000E+00  0.0000   0.0000E+00  0.0000
   1.0000E-05   1.7783E-05   0.0000E+00  0.0000   0.0000E+00  0.0000   0.0000E+00  0.0000   0.0000E+00  0.0000
   1.7783E-05   3.1623E-05   0.0000E+00  0.0000   0.0000E+00  0.0000   0.0000E+00  0.0000   0.0000E+00  0.0000
   3.1623E-05   5.6234E-05   0.0000E+00  0.0000   0.0000E+00  0.0000   0.0000E+00  0.0000   0.0000E+00  0.0000
   5.6234E-05   1.0000E-04   0.0000E+00  0.0000   0.0000E+00  0.0000   0.0000E+00  0.0000   0.0000E+00  0.0000
   1.0000E-04   1.7783E-04   0.0000E+00  0.0000   0.0000E+00  0.0000   0.0000E+00  0.0000   0.0000E+00  0.0000
   1.7783E-04   3.1623E-04   0.0000E+00  0.0000   0.0000E+00  0.0000   0.0000E+00  0.0000   0.0000E+00  0.0000
   3.1623E-04   5.6234E-04   0.0000E+00  0.0000   0.0000E+00  0.0000   3.8350E-21  1.0000   0.0000E+00  0.0000
   5.6234E-04   1.0000E-03   0.0000E+00  0.0000   0.0000E+00  0.0000   0.0000E+00  0.0000   0.0000E+00  0.0000
   1.0000E-03   1.7783E-03   0.0000E+00  0.0000   0.0000E+00  0.0000   1.9725E-11  0.5136   0.0000E+00  0.0000
   1.7783E-03   3.1623E-03   0.0000E+00  0.0000   0.0000E+00  0.0000   1.1639E-11  0.4994   0.0000E+00  0.0000
   3.1623E-03   5.6234E-03   0.0000E+00  0.0000   0.0000E+00  0.0000   1.7196E-11  0.4994   0.0000E+00  0.0000
   5.6234E-03   1.0000E-02   0.0000E+00  0.0000   0.0000E+00  0.0000   2.7579E-11  0.4994   0.0000E+00  0.0000
   1.0000E-02   1.7783E-02   0.0000E+00  0.0000   0.0000E+00  0.0000   4.9452E-11  0.4994   0.0000E+00  0.0000
   1.7783E-02   3.1623E-02   0.0000E+00  0.0000   0.0000E+00  0.0000   1.0209E-10  0.4994   0.0000E+00  0.0000
   3.1623E-02   5.6234E-02   0.0000E+00  0.0000   0.0000E+00  0.0000   2.3851E-10  0.4994   0.0000E+00  0.0000
   5.6234E-02   1.0000E-01   0.0000E+00  0.0000   0.0000E+00  0.0000   5.9762E-10  0.4994   0.0000E+00  0.0000
   1.0000E-01   1.7783E-01   0.0000E+00  0.0000   0.0000E+00  0.0000   1.5340E-09  0.4994   0.0000E+00  0.0000
   1.7783E-01   3.1623E-01   0.0000E+00  0.0000   0.0000E+00  0.0000   4.0127E-09  0.4994   0.0000E+00  0.0000
   3.1623E-01   5.6234E-01   0.0000E+00  0.0000   0.0000E+00  0.0000   1.0756E-08  0.4994   0.0000E+00  0.0000
   5.6234E-01   1.0000E+00   0.0000E+00  0.0000   0.0000E+00  0.0000   2.9500E-08  0.4994   0.0000E+00  0.0000
   1.0000E+00   1.7783E+00   0.0000E+00  0.0000   0.0000E+00  0.0000   8.2605E-08  0.4994   0.0000E+00  0.0000
   1.7783E+00   3.1623E+00   0.0000E+00  0.0000   0.0000E+00  0.0000   2.3496E-07  0.4994   0.0000E+00  0.0000
   3.1623E+00   5.6234E+00   0.0000E+00  0.0000   0.0000E+00  0.0000   6.6403E-07  0.4994   0.0000E+00  0.0000
   5.6234E+00   1.0000E+01   0.0000E+00  0.0000   0.0000E+00  0.0000   1.8498E-06  0.4994   0.0000E+00  0.0000
   1.0000E+01   1.7783E+01   0.0000E+00  0.0000   0.0000E+00  0.0000   5.0365E-06  0.4994   0.0000E+00  0.0000
   1.7783E+01   3.1623E+01   0.0000E+00  0.0000   0.0000E+00  0.0000   1.4773E-05  0.4578   0.0000E+00  0.0000
   3.1623E+01   5.6234E+01   0.0000E+00  0.0000   0.0000E+00  0.0000   4.0727E-05  0.4407   0.0000E+00  0.0000
   5.6234E+01   1.0000E+02   0.0000E+00  0.0000   0.0000E+00  0.0000   1.0588E-04  0.3885   0.0000E+00  0.0000
   1.0000E+02   1.7783E+02   0.0000E+00  0.0000   0.0000E+00  0.0000   1.6670E-04  0.4180   0.0000E+00  0.0000
   1.7783E+02   3.1623E+02   0.0000E+00  0.0000   0.0000E+00  0.0000   1.5451E-04  0.5085   0.0000E+00  0.0000
   3.1623E+02   5.6234E+02   0.0000E+00  0.0000   0.0000E+00  0.0000   2.9348E-04  0.3623   0.0000E+00  0.0000
   5.6234E+02   1.0000E+03   0.0000E+00  0.0000   0.0000E+00  0.0000   5.8735E-04  0.3099   0.0000E+00  0.0000
   1.0000E+03   1.7783E+03   0.0000E+00  0.0000   0.0000E+00  0.0000   1.3011E-03  0.2058   0.0000E+00  0.0000
   1.7783E+03   3.1623E+03   0.0000E+00  0.0000   0.0000E+00  0.0000   1.2766E-03  0.2036   0.0000E+00  0.0000
   3.1623E+03   5.6234E+03   0.0000E+00  0.0000   0.0000E+00  0.0000   1.3848E-03  0.1936   0.0000E+00  0.0000
   5.6234E+03   1.0000E+04   0.0000E+00  0.0000   0.0000E+00  0.0000   1.2877E-03  0.2121   0.0000E+00  0.0000
   1.0000E+04   1.7783E+04   0.0000E+00  0.0000   0.0000E+00  0.0000   3.2647E-04  0.3753   0.0000E+00  0.0000
   1.7783E+04   3.1623E+04   0.0000E+00  0.0000   0.0000E+00  0.0000   2.8893E-04  0.5368   0.0000E+00  0.0000
   3.1623E+04   5.6234E+04   0.0000E+00  0.0000   0.0000E+00  0.0000   3.9209E-04  0.4209   0.0000E+00  0.0000
   5.6234E+04   1.0000E+05   0.0000E+00  0.0000   0.0000E+00  0.0000   0.0000E+00  0.0000   0.0000E+00  0.0000

#   sum over                 0.0000E+00  0.0000   0.0000E+00  0.0000   7.6290E-03  0.0826   0.0000E+00  0.0000

'no. = 26, (ix,iy,iz) = (  1,  1, 26)'
msuc: {\huge Flux spectra vs depth in concrete}
msdr: {\it plotted by \ANGEL \version}
msdl: {\it calculated by \PHITS  3.36}
wt: s(0.7)
\vspace{-3}
   vol  &=&   2.8800E+07 [cm^3]
  xmin  &=&  -6.0000E+02 [cm]
  xmax  &=&   6.0000E+02 [cm]
  ymin  &=&  -6.0000E+02 [cm]
  ymax  &=&   6.0000E+02 [cm]
  zmin  &=&  -2.0000E+02 [cm]
  zmax  &=&  -1.8000E+02 [cm]
e:

#------------------------------------------------------------------------------
 newpage:
#   no. = 27   ix  =  1   iy  =  1   iz  = 27
#   x = (  -6.0000E+02  -   6.0000E+02  )
#   y = (  -6.0000E+02  -   6.0000E+02  )
#   z = (  -1.8000E+02  -  -1.6000E+02  )

x: Energy [MeV/n]
y: Flux [1/cm^2/source]              
p: xlog ylog afac(0.8) form(0.9)
h: n            x            y(neutron ),hh0l n y(muon-   ),hh0dr n y(muon+   ),hh0ub n y(proton  ),hh0mg n 
#  e-lower      e-upper        neutron   r.err      muon-     r.err      muon+     r.err      proton    r.err 
   1.0000E-10   1.7783E-10   0.0000E+00  0.0000   0.0000E+00  0.0000   0.0000E+00  0.0000   0.0000E+00  0.0000
   1.7783E-10   3.1623E-10   0.0000E+00  0.0000   0.0000E+00  0.0000   0.0000E+00  0.0000   0.0000E+00  0.0000
   3.1623E-10   5.6234E-10   0.0000E+00  0.0000   0.0000E+00  0.0000   0.0000E+00  0.0000   0.0000E+00  0.0000
   5.6234E-10   1.0000E-09   0.0000E+00  0.0000   0.0000E+00  0.0000   0.0000E+00  0.0000   0.0000E+00  0.0000
   1.0000E-09   1.7783E-09   0.0000E+00  0.0000   0.0000E+00  0.0000   0.0000E+00  0.0000   0.0000E+00  0.0000
   1.7783E-09   3.1623E-09   0.0000E+00  0.0000   0.0000E+00  0.0000   0.0000E+00  0.0000   0.0000E+00  0.0000
   3.1623E-09   5.6234E-09   0.0000E+00  0.0000   0.0000E+00  0.0000   0.0000E+00  0.0000   0.0000E+00  0.0000
   5.6234E-09   1.0000E-08   0.0000E+00  0.0000   0.0000E+00  0.0000   0.0000E+00  0.0000   0.0000E+00  0.0000
   1.0000E-08   1.7783E-08   0.0000E+00  0.0000   0.0000E+00  0.0000   0.0000E+00  0.0000   0.0000E+00  0.0000
   1.7783E-08   3.1623E-08   0.0000E+00  0.0000   0.0000E+00  0.0000   0.0000E+00  0.0000   0.0000E+00  0.0000
   3.1623E-08   5.6234E-08   0.0000E+00  0.0000   0.0000E+00  0.0000   0.0000E+00  0.0000   0.0000E+00  0.0000
   5.6234E-08   1.0000E-07   0.0000E+00  0.0000   0.0000E+00  0.0000   0.0000E+00  0.0000   0.0000E+00  0.0000
   1.0000E-07   1.7783E-07   0.0000E+00  0.0000   0.0000E+00  0.0000   0.0000E+00  0.0000   0.0000E+00  0.0000
   1.7783E-07   3.1623E-07   0.0000E+00  0.0000   0.0000E+00  0.0000   0.0000E+00  0.0000   0.0000E+00  0.0000
   3.1623E-07   5.6234E-07   0.0000E+00  0.0000   0.0000E+00  0.0000   0.0000E+00  0.0000   0.0000E+00  0.0000
   5.6234E-07   1.0000E-06   0.0000E+00  0.0000   0.0000E+00  0.0000   0.0000E+00  0.0000   0.0000E+00  0.0000
   1.0000E-06   1.7783E-06   0.0000E+00  0.0000   0.0000E+00  0.0000   0.0000E+00  0.0000   0.0000E+00  0.0000
   1.7783E-06   3.1623E-06   0.0000E+00  0.0000   0.0000E+00  0.0000   0.0000E+00  0.0000   0.0000E+00  0.0000
   3.1623E-06   5.6234E-06   0.0000E+00  0.0000   0.0000E+00  0.0000   0.0000E+00  0.0000   0.0000E+00  0.0000
   5.6234E-06   1.0000E-05   0.0000E+00  0.0000   0.0000E+00  0.0000   0.0000E+00  0.0000   0.0000E+00  0.0000
   1.0000E-05   1.7783E-05   0.0000E+00  0.0000   0.0000E+00  0.0000   0.0000E+00  0.0000   0.0000E+00  0.0000
   1.7783E-05   3.1623E-05   0.0000E+00  0.0000   0.0000E+00  0.0000   0.0000E+00  0.0000   0.0000E+00  0.0000
   3.1623E-05   5.6234E-05   0.0000E+00  0.0000   0.0000E+00  0.0000   0.0000E+00  0.0000   0.0000E+00  0.0000
   5.6234E-05   1.0000E-04   0.0000E+00  0.0000   0.0000E+00  0.0000   0.0000E+00  0.0000   0.0000E+00  0.0000
   1.0000E-04   1.7783E-04   0.0000E+00  0.0000   0.0000E+00  0.0000   0.0000E+00  0.0000   0.0000E+00  0.0000
   1.7783E-04   3.1623E-04   0.0000E+00  0.0000   0.0000E+00  0.0000   0.0000E+00  0.0000   0.0000E+00  0.0000
   3.1623E-04   5.6234E-04   0.0000E+00  0.0000   0.0000E+00  0.0000   0.0000E+00  0.0000   0.0000E+00  0.0000
   5.6234E-04   1.0000E-03   0.0000E+00  0.0000   0.0000E+00  0.0000   0.0000E+00  0.0000   0.0000E+00  0.0000
   1.0000E-03   1.7783E-03   0.0000E+00  0.0000   0.0000E+00  0.0000   2.2362E-11  0.5011   0.0000E+00  0.0000
   1.7783E-03   3.1623E-03   0.0000E+00  0.0000   0.0000E+00  0.0000   1.1639E-11  0.4994   0.0000E+00  0.0000
   3.1623E-03   5.6234E-03   0.0000E+00  0.0000   0.0000E+00  0.0000   1.7196E-11  0.4994   0.0000E+00  0.0000
   5.6234E-03   1.0000E-02   0.0000E+00  0.0000   0.0000E+00  0.0000   2.7579E-11  0.4994   0.0000E+00  0.0000
   1.0000E-02   1.7783E-02   0.0000E+00  0.0000   0.0000E+00  0.0000   4.9452E-11  0.4994   0.0000E+00  0.0000
   1.7783E-02   3.1623E-02   0.0000E+00  0.0000   0.0000E+00  0.0000   1.0209E-10  0.4994   0.0000E+00  0.0000
   3.1623E-02   5.6234E-02   0.0000E+00  0.0000   0.0000E+00  0.0000   2.3851E-10  0.4994   0.0000E+00  0.0000
   5.6234E-02   1.0000E-01   0.0000E+00  0.0000   0.0000E+00  0.0000   5.9762E-10  0.4994   0.0000E+00  0.0000
   1.0000E-01   1.7783E-01   0.0000E+00  0.0000   0.0000E+00  0.0000   1.5340E-09  0.4994   0.0000E+00  0.0000
   1.7783E-01   3.1623E-01   0.0000E+00  0.0000   0.0000E+00  0.0000   4.0127E-09  0.4994   0.0000E+00  0.0000
   3.1623E-01   5.6234E-01   0.0000E+00  0.0000   0.0000E+00  0.0000   1.0756E-08  0.4994   0.0000E+00  0.0000
   5.6234E-01   1.0000E+00   0.0000E+00  0.0000   0.0000E+00  0.0000   2.9500E-08  0.4994   0.0000E+00  0.0000
   1.0000E+00   1.7783E+00   0.0000E+00  0.0000   0.0000E+00  0.0000   8.2605E-08  0.4994   0.0000E+00  0.0000
   1.7783E+00   3.1623E+00   0.0000E+00  0.0000   0.0000E+00  0.0000   2.3496E-07  0.4994   0.0000E+00  0.0000
   3.1623E+00   5.6234E+00   0.0000E+00  0.0000   0.0000E+00  0.0000   6.6403E-07  0.4994   0.0000E+00  0.0000
   5.6234E+00   1.0000E+01   0.0000E+00  0.0000   0.0000E+00  0.0000   1.8498E-06  0.4994   0.0000E+00  0.0000
   1.0000E+01   1.7783E+01   0.0000E+00  0.0000   0.0000E+00  0.0000   5.0365E-06  0.4994   0.0000E+00  0.0000
   1.7783E+01   3.1623E+01   0.0000E+00  0.0000   0.0000E+00  0.0000   1.3149E-05  0.4994   0.0000E+00  0.0000
   3.1623E+01   5.6234E+01   0.0000E+00  0.0000   0.0000E+00  0.0000   2.2350E-05  0.5580   0.0000E+00  0.0000
   5.6234E+01   1.0000E+02   0.0000E+00  0.0000   0.0000E+00  0.0000   3.4846E-05  0.6402   0.0000E+00  0.0000
   1.0000E+02   1.7783E+02   0.0000E+00  0.0000   0.0000E+00  0.0000   1.5047E-04  0.4242   0.0000E+00  0.0000
   1.7783E+02   3.1623E+02   0.0000E+00  0.0000   0.0000E+00  0.0000   3.3647E-04  0.3523   0.0000E+00  0.0000
   3.1623E+02   5.6234E+02   0.0000E+00  0.0000   0.0000E+00  0.0000   2.7328E-04  0.3907   0.0000E+00  0.0000
   5.6234E+02   1.0000E+03   0.0000E+00  0.0000   0.0000E+00  0.0000   5.3340E-04  0.2905   0.0000E+00  0.0000
   1.0000E+03   1.7783E+03   0.0000E+00  0.0000   0.0000E+00  0.0000   1.3222E-03  0.2113   0.0000E+00  0.0000
   1.7783E+03   3.1623E+03   0.0000E+00  0.0000   0.0000E+00  0.0000   1.3141E-03  0.1981   0.0000E+00  0.0000
   3.1623E+03   5.6234E+03   0.0000E+00  0.0000   0.0000E+00  0.0000   1.4272E-03  0.1918   0.0000E+00  0.0000
   5.6234E+03   1.0000E+04   0.0000E+00  0.0000   0.0000E+00  0.0000   1.1877E-03  0.2075   0.0000E+00  0.0000
   1.0000E+04   1.7783E+04   0.0000E+00  0.0000   0.0000E+00  0.0000   4.2692E-04  0.3416   0.0000E+00  0.0000
   1.7783E+04   3.1623E+04   0.0000E+00  0.0000   0.0000E+00  0.0000   2.3730E-04  0.6264   0.0000E+00  0.0000
   3.1623E+04   5.6234E+04   0.0000E+00  0.0000   0.0000E+00  0.0000   3.9209E-04  0.4209   0.0000E+00  0.0000
   5.6234E+04   1.0000E+05   0.0000E+00  0.0000   0.0000E+00  0.0000   0.0000E+00  0.0000   0.0000E+00  0.0000

#   sum over                 0.0000E+00  0.0000   0.0000E+00  0.0000   7.6794E-03  0.0819   0.0000E+00  0.0000

'no. = 27, (ix,iy,iz) = (  1,  1, 27)'
msuc: {\huge Flux spectra vs depth in concrete}
msdr: {\it plotted by \ANGEL \version}
msdl: {\it calculated by \PHITS  3.36}
wt: s(0.7)
\vspace{-3}
   vol  &=&   2.8800E+07 [cm^3]
  xmin  &=&  -6.0000E+02 [cm]
  xmax  &=&   6.0000E+02 [cm]
  ymin  &=&  -6.0000E+02 [cm]
  ymax  &=&   6.0000E+02 [cm]
  zmin  &=&  -1.8000E+02 [cm]
  zmax  &=&  -1.6000E+02 [cm]
e:

#------------------------------------------------------------------------------
 newpage:
#   no. = 28   ix  =  1   iy  =  1   iz  = 28
#   x = (  -6.0000E+02  -   6.0000E+02  )
#   y = (  -6.0000E+02  -   6.0000E+02  )
#   z = (  -1.6000E+02  -  -1.4000E+02  )

x: Energy [MeV/n]
y: Flux [1/cm^2/source]              
p: xlog ylog afac(0.8) form(0.9)
h: n            x            y(neutron ),hh0l n y(muon-   ),hh0dr n y(muon+   ),hh0ub n y(proton  ),hh0mg n 
#  e-lower      e-upper        neutron   r.err      muon-     r.err      muon+     r.err      proton    r.err 
   1.0000E-10   1.7783E-10   5.7263E-08  1.0000   0.0000E+00  0.0000   0.0000E+00  0.0000   0.0000E+00  0.0000
   1.7783E-10   3.1623E-10   0.0000E+00  0.0000   0.0000E+00  0.0000   0.0000E+00  0.0000   0.0000E+00  0.0000
   3.1623E-10   5.6234E-10   0.0000E+00  0.0000   0.0000E+00  0.0000   0.0000E+00  0.0000   0.0000E+00  0.0000
   5.6234E-10   1.0000E-09   0.0000E+00  0.0000   0.0000E+00  0.0000   0.0000E+00  0.0000   0.0000E+00  0.0000
   1.0000E-09   1.7783E-09   0.0000E+00  0.0000   0.0000E+00  0.0000   0.0000E+00  0.0000   0.0000E+00  0.0000
   1.7783E-09   3.1623E-09   1.2667E-07  1.0000   0.0000E+00  0.0000   0.0000E+00  0.0000   0.0000E+00  0.0000
   3.1623E-09   5.6234E-09   2.2483E-06  1.0000   0.0000E+00  0.0000   0.0000E+00  0.0000   0.0000E+00  0.0000
   5.6234E-09   1.0000E-08   2.4086E-06  1.0000   0.0000E+00  0.0000   0.0000E+00  0.0000   0.0000E+00  0.0000
   1.0000E-08   1.7783E-08   7.8231E-06  1.0000   0.0000E+00  0.0000   0.0000E+00  0.0000   0.0000E+00  0.0000
   1.7783E-08   3.1623E-08   1.8406E-05  1.0000   0.0000E+00  0.0000   0.0000E+00  0.0000   0.0000E+00  0.0000
   3.1623E-08   5.6234E-08   1.2710E-05  1.0000   0.0000E+00  0.0000   0.0000E+00  0.0000   0.0000E+00  0.0000
   5.6234E-08   1.0000E-07   1.3448E-05  1.0000   0.0000E+00  0.0000   0.0000E+00  0.0000   0.0000E+00  0.0000
   1.0000E-07   1.7783E-07   5.9825E-06  1.0000   0.0000E+00  0.0000   0.0000E+00  0.0000   0.0000E+00  0.0000
   1.7783E-07   3.1623E-07   1.2002E-06  1.0000   0.0000E+00  0.0000   0.0000E+00  0.0000   0.0000E+00  0.0000
   3.1623E-07   5.6234E-07   0.0000E+00  0.0000   0.0000E+00  0.0000   0.0000E+00  0.0000   0.0000E+00  0.0000
   5.6234E-07   1.0000E-06   0.0000E+00  0.0000   0.0000E+00  0.0000   0.0000E+00  0.0000   0.0000E+00  0.0000
   1.0000E-06   1.7783E-06   0.0000E+00  0.0000   0.0000E+00  0.0000   0.0000E+00  0.0000   0.0000E+00  0.0000
   1.7783E-06   3.1623E-06   0.0000E+00  0.0000   0.0000E+00  0.0000   0.0000E+00  0.0000   0.0000E+00  0.0000
   3.1623E-06   5.6234E-06   0.0000E+00  0.0000   0.0000E+00  0.0000   0.0000E+00  0.0000   0.0000E+00  0.0000
   5.6234E-06   1.0000E-05   0.0000E+00  0.0000   0.0000E+00  0.0000   0.0000E+00  0.0000   0.0000E+00  0.0000
   1.0000E-05   1.7783E-05   0.0000E+00  0.0000   0.0000E+00  0.0000   0.0000E+00  0.0000   0.0000E+00  0.0000
   1.7783E-05   3.1623E-05   0.0000E+00  0.0000   0.0000E+00  0.0000   0.0000E+00  0.0000   0.0000E+00  0.0000
   3.1623E-05   5.6234E-05   0.0000E+00  0.0000   0.0000E+00  0.0000   0.0000E+00  0.0000   0.0000E+00  0.0000
   5.6234E-05   1.0000E-04   0.0000E+00  0.0000   0.0000E+00  0.0000   0.0000E+00  0.0000   0.0000E+00  0.0000
   1.0000E-04   1.7783E-04   0.0000E+00  0.0000   0.0000E+00  0.0000   0.0000E+00  0.0000   0.0000E+00  0.0000
   1.7783E-04   3.1623E-04   0.0000E+00  0.0000   0.0000E+00  0.0000   0.0000E+00  0.0000   0.0000E+00  0.0000
   3.1623E-04   5.6234E-04   0.0000E+00  0.0000   0.0000E+00  0.0000   0.0000E+00  0.0000   0.0000E+00  0.0000
   5.6234E-04   1.0000E-03   0.0000E+00  0.0000   0.0000E+00  0.0000   0.0000E+00  0.0000   0.0000E+00  0.0000
   1.0000E-03   1.7783E-03   0.0000E+00  0.0000   0.0000E+00  0.0000   2.2611E-11  0.5016   0.0000E+00  0.0000
   1.7783E-03   3.1623E-03   0.0000E+00  0.0000   0.0000E+00  0.0000   1.1639E-11  0.4994   0.0000E+00  0.0000
   3.1623E-03   5.6234E-03   0.0000E+00  0.0000   0.0000E+00  0.0000   1.7196E-11  0.4994   0.0000E+00  0.0000
   5.6234E-03   1.0000E-02   0.0000E+00  0.0000   0.0000E+00  0.0000   2.7579E-11  0.4994   0.0000E+00  0.0000
   1.0000E-02   1.7783E-02   0.0000E+00  0.0000   0.0000E+00  0.0000   4.9452E-11  0.4994   0.0000E+00  0.0000
   1.7783E-02   3.1623E-02   0.0000E+00  0.0000   0.0000E+00  0.0000   1.0209E-10  0.4994   0.0000E+00  0.0000
   3.1623E-02   5.6234E-02   0.0000E+00  0.0000   0.0000E+00  0.0000   2.3851E-10  0.4994   0.0000E+00  0.0000
   5.6234E-02   1.0000E-01   0.0000E+00  0.0000   0.0000E+00  0.0000   5.9762E-10  0.4994   0.0000E+00  0.0000
   1.0000E-01   1.7783E-01   0.0000E+00  0.0000   0.0000E+00  0.0000   1.5340E-09  0.4994   0.0000E+00  0.0000
   1.7783E-01   3.1623E-01   0.0000E+00  0.0000   0.0000E+00  0.0000   4.0127E-09  0.4994   0.0000E+00  0.0000
   3.1623E-01   5.6234E-01   0.0000E+00  0.0000   0.0000E+00  0.0000   1.0756E-08  0.4994   0.0000E+00  0.0000
   5.6234E-01   1.0000E+00   0.0000E+00  0.0000   0.0000E+00  0.0000   2.9500E-08  0.4994   0.0000E+00  0.0000
   1.0000E+00   1.7783E+00   2.1912E-05  1.0000   0.0000E+00  0.0000   8.2605E-08  0.4994   0.0000E+00  0.0000
   1.7783E+00   3.1623E+00   0.0000E+00  0.0000   0.0000E+00  0.0000   2.3496E-07  0.4994   0.0000E+00  0.0000
   3.1623E+00   5.6234E+00   0.0000E+00  0.0000   0.0000E+00  0.0000   6.6403E-07  0.4994   0.0000E+00  0.0000
   5.6234E+00   1.0000E+01   0.0000E+00  0.0000   0.0000E+00  0.0000   1.8498E-06  0.4994   0.0000E+00  0.0000
   1.0000E+01   1.7783E+01   0.0000E+00  0.0000   0.0000E+00  0.0000   3.8073E-06  0.5724   0.0000E+00  0.0000
   1.7783E+01   3.1623E+01   0.0000E+00  0.0000   0.0000E+00  0.0000   9.8617E-06  0.5769   0.0000E+00  0.0000
   3.1623E+01   5.6234E+01   0.0000E+00  0.0000   0.0000E+00  0.0000   2.8099E-05  0.5060   0.0000E+00  0.0000
   5.6234E+01   1.0000E+02   0.0000E+00  0.0000   0.0000E+00  0.0000   6.5030E-05  0.5028   0.0000E+00  0.0000
   1.0000E+02   1.7783E+02   0.0000E+00  0.0000   0.0000E+00  0.0000   8.7665E-05  0.5540   0.0000E+00  0.0000
   1.7783E+02   3.1623E+02   0.0000E+00  0.0000   0.0000E+00  0.0000   2.5829E-04  0.3729   0.0000E+00  0.0000
   3.1623E+02   5.6234E+02   0.0000E+00  0.0000   0.0000E+00  0.0000   4.2483E-04  0.3742   0.0000E+00  0.0000
   5.6234E+02   1.0000E+03   0.0000E+00  0.0000   0.0000E+00  0.0000   4.6651E-04  0.2984   0.0000E+00  0.0000
   1.0000E+03   1.7783E+03   0.0000E+00  0.0000   0.0000E+00  0.0000   1.2497E-03  0.2167   0.0000E+00  0.0000
   1.7783E+03   3.1623E+03   0.0000E+00  0.0000   0.0000E+00  0.0000   1.4521E-03  0.1918   0.0000E+00  0.0000
   3.1623E+03   5.6234E+03   0.0000E+00  0.0000   0.0000E+00  0.0000   1.5068E-03  0.1841   0.0000E+00  0.0000
   5.6234E+03   1.0000E+04   0.0000E+00  0.0000   0.0000E+00  0.0000   1.0183E-03  0.2251   0.0000E+00  0.0000
   1.0000E+04   1.7783E+04   0.0000E+00  0.0000   0.0000E+00  0.0000   5.7563E-04  0.3366   0.0000E+00  0.0000
   1.7783E+04   3.1623E+04   0.0000E+00  0.0000   0.0000E+00  0.0000   2.3730E-04  0.6264   0.0000E+00  0.0000
   3.1623E+04   5.6234E+04   0.0000E+00  0.0000   0.0000E+00  0.0000   3.2945E-04  0.4230   0.0000E+00  0.0000
   5.6234E+04   1.0000E+05   0.0000E+00  0.0000   0.0000E+00  0.0000   0.0000E+00  0.0000   0.0000E+00  0.0000

#   sum over                 8.6323E-05  1.0000   0.0000E+00  0.0000   7.7162E-03  0.0819   0.0000E+00  0.0000

'no. = 28, (ix,iy,iz) = (  1,  1, 28)'
msuc: {\huge Flux spectra vs depth in concrete}
msdr: {\it plotted by \ANGEL \version}
msdl: {\it calculated by \PHITS  3.36}
wt: s(0.7)
\vspace{-3}
   vol  &=&   2.8800E+07 [cm^3]
  xmin  &=&  -6.0000E+02 [cm]
  xmax  &=&   6.0000E+02 [cm]
  ymin  &=&  -6.0000E+02 [cm]
  ymax  &=&   6.0000E+02 [cm]
  zmin  &=&  -1.6000E+02 [cm]
  zmax  &=&  -1.4000E+02 [cm]
e:

#------------------------------------------------------------------------------
 newpage:
#   no. = 29   ix  =  1   iy  =  1   iz  = 29
#   x = (  -6.0000E+02  -   6.0000E+02  )
#   y = (  -6.0000E+02  -   6.0000E+02  )
#   z = (  -1.4000E+02  -  -1.2000E+02  )

x: Energy [MeV/n]
y: Flux [1/cm^2/source]              
p: xlog ylog afac(0.8) form(0.9)
h: n            x            y(neutron ),hh0l n y(muon-   ),hh0dr n y(muon+   ),hh0ub n y(proton  ),hh0mg n 
#  e-lower      e-upper        neutron   r.err      muon-     r.err      muon+     r.err      proton    r.err 
   1.0000E-10   1.7783E-10   0.0000E+00  0.0000   0.0000E+00  0.0000   0.0000E+00  0.0000   0.0000E+00  0.0000
   1.7783E-10   3.1623E-10   0.0000E+00  0.0000   0.0000E+00  0.0000   0.0000E+00  0.0000   0.0000E+00  0.0000
   3.1623E-10   5.6234E-10   0.0000E+00  0.0000   0.0000E+00  0.0000   0.0000E+00  0.0000   0.0000E+00  0.0000
   5.6234E-10   1.0000E-09   0.0000E+00  0.0000   0.0000E+00  0.0000   0.0000E+00  0.0000   0.0000E+00  0.0000
   1.0000E-09   1.7783E-09   0.0000E+00  0.0000   0.0000E+00  0.0000   0.0000E+00  0.0000   0.0000E+00  0.0000
   1.7783E-09   3.1623E-09   1.0362E-07  1.0000   0.0000E+00  0.0000   0.0000E+00  0.0000   0.0000E+00  0.0000
   3.1623E-09   5.6234E-09   0.0000E+00  0.0000   0.0000E+00  0.0000   0.0000E+00  0.0000   0.0000E+00  0.0000
   5.6234E-09   1.0000E-08   1.1072E-05  1.0000   0.0000E+00  0.0000   0.0000E+00  0.0000   0.0000E+00  0.0000
   1.0000E-08   1.7783E-08   8.4205E-06  1.0000   0.0000E+00  0.0000   0.0000E+00  0.0000   0.0000E+00  0.0000
   1.7783E-08   3.1623E-08   2.0080E-05  1.0000   0.0000E+00  0.0000   0.0000E+00  0.0000   0.0000E+00  0.0000
   3.1623E-08   5.6234E-08   2.6498E-05  1.0000   0.0000E+00  0.0000   0.0000E+00  0.0000   0.0000E+00  0.0000
   5.6234E-08   1.0000E-07   8.4702E-05  1.0000   0.0000E+00  0.0000   0.0000E+00  0.0000   0.0000E+00  0.0000
   1.0000E-07   1.7783E-07   4.1107E-05  1.0000   0.0000E+00  0.0000   0.0000E+00  0.0000   0.0000E+00  0.0000
   1.7783E-07   3.1623E-07   0.0000E+00  0.0000   0.0000E+00  0.0000   0.0000E+00  0.0000   0.0000E+00  0.0000
   3.1623E-07   5.6234E-07   0.0000E+00  0.0000   0.0000E+00  0.0000   0.0000E+00  0.0000   0.0000E+00  0.0000
   5.6234E-07   1.0000E-06   0.0000E+00  0.0000   0.0000E+00  0.0000   0.0000E+00  0.0000   0.0000E+00  0.0000
   1.0000E-06   1.7783E-06   1.5497E-05  1.0000   0.0000E+00  0.0000   0.0000E+00  0.0000   0.0000E+00  0.0000
   1.7783E-06   3.1623E-06   9.2947E-07  1.0000   0.0000E+00  0.0000   0.0000E+00  0.0000   0.0000E+00  0.0000
   3.1623E-06   5.6234E-06   2.7201E-06  1.0000   0.0000E+00  0.0000   0.0000E+00  0.0000   0.0000E+00  0.0000
   5.6234E-06   1.0000E-05   0.0000E+00  0.0000   0.0000E+00  0.0000   0.0000E+00  0.0000   0.0000E+00  0.0000
   1.0000E-05   1.7783E-05   0.0000E+00  0.0000   0.0000E+00  0.0000   0.0000E+00  0.0000   0.0000E+00  0.0000
   1.7783E-05   3.1623E-05   7.2367E-07  1.0000   0.0000E+00  0.0000   0.0000E+00  0.0000   0.0000E+00  0.0000
   3.1623E-05   5.6234E-05   8.6870E-06  1.0000   0.0000E+00  0.0000   0.0000E+00  0.0000   0.0000E+00  0.0000
   5.6234E-05   1.0000E-04   1.9596E-06  1.0000   0.0000E+00  0.0000   0.0000E+00  0.0000   0.0000E+00  0.0000
   1.0000E-04   1.7783E-04   0.0000E+00  0.0000   0.0000E+00  0.0000   1.1028E-20  0.5770   0.0000E+00  0.0000
   1.7783E-04   3.1623E-04   0.0000E+00  0.0000   0.0000E+00  0.0000   0.0000E+00  0.0000   0.0000E+00  0.0000
   3.1623E-04   5.6234E-04   0.0000E+00  0.0000   0.0000E+00  0.0000   0.0000E+00  0.0000   0.0000E+00  0.0000
   5.6234E-04   1.0000E-03   0.0000E+00  0.0000   0.0000E+00  0.0000   0.0000E+00  0.0000   0.0000E+00  0.0000
   1.0000E-03   1.7783E-03   0.0000E+00  0.0000   0.0000E+00  0.0000   5.1155E-11  0.3330   0.0000E+00  0.0000
   1.7783E-03   3.1623E-03   0.0000E+00  0.0000   0.0000E+00  0.0000   2.6188E-11  0.3323   0.0000E+00  0.0000
   3.1623E-03   5.6234E-03   0.0000E+00  0.0000   0.0000E+00  0.0000   3.8690E-11  0.3323   0.0000E+00  0.0000
   5.6234E-03   1.0000E-02   0.0000E+00  0.0000   0.0000E+00  0.0000   6.2053E-11  0.3323   0.0000E+00  0.0000
   1.0000E-02   1.7783E-02   0.0000E+00  0.0000   0.0000E+00  0.0000   1.1127E-10  0.3323   0.0000E+00  0.0000
   1.7783E-02   3.1623E-02   0.0000E+00  0.0000   0.0000E+00  0.0000   2.2971E-10  0.3323   0.0000E+00  0.0000
   3.1623E-02   5.6234E-02   0.0000E+00  0.0000   0.0000E+00  0.0000   5.3665E-10  0.3323   0.0000E+00  0.0000
   5.6234E-02   1.0000E-01   0.0000E+00  0.0000   0.0000E+00  0.0000   1.3447E-09  0.3323   0.0000E+00  0.0000
   1.0000E-01   1.7783E-01   0.0000E+00  0.0000   0.0000E+00  0.0000   3.4515E-09  0.3323   0.0000E+00  0.0000
   1.7783E-01   3.1623E-01   0.0000E+00  0.0000   0.0000E+00  0.0000   9.0285E-09  0.3323   0.0000E+00  0.0000
   3.1623E-01   5.6234E-01   0.0000E+00  0.0000   0.0000E+00  0.0000   2.4200E-08  0.3323   0.0000E+00  0.0000
   5.6234E-01   1.0000E+00   0.0000E+00  0.0000   0.0000E+00  0.0000   6.6375E-08  0.3323   0.0000E+00  0.0000
   1.0000E+00   1.7783E+00   0.0000E+00  0.0000   0.0000E+00  0.0000   1.8586E-07  0.3323   0.0000E+00  0.0000
   1.7783E+00   3.1623E+00   0.0000E+00  0.0000   0.0000E+00  0.0000   5.2867E-07  0.3323   0.0000E+00  0.0000
   3.1623E+00   5.6234E+00   0.0000E+00  0.0000   0.0000E+00  0.0000   1.4713E-06  0.3326   0.0000E+00  0.0000
   5.6234E+00   1.0000E+01   0.0000E+00  0.0000   0.0000E+00  0.0000   3.6996E-06  0.3526   0.0000E+00  0.0000
   1.0000E+01   1.7783E+01   0.0000E+00  0.0000   0.0000E+00  0.0000   1.0942E-05  0.3337   0.0000E+00  0.0000
   1.7783E+01   3.1623E+01   0.0000E+00  0.0000   0.0000E+00  0.0000   2.5244E-05  0.3548   0.0000E+00  0.0000
   3.1623E+01   5.6234E+01   0.0000E+00  0.0000   0.0000E+00  0.0000   4.7928E-05  0.3868   0.0000E+00  0.0000
   5.6234E+01   1.0000E+02   0.0000E+00  0.0000   0.0000E+00  0.0000   9.6553E-05  0.4050   0.0000E+00  0.0000
   1.0000E+02   1.7783E+02   0.0000E+00  0.0000   0.0000E+00  0.0000   1.5652E-04  0.4476   0.0000E+00  0.0000
   1.7783E+02   3.1623E+02   0.0000E+00  0.0000   0.0000E+00  0.0000   1.4658E-04  0.5036   0.0000E+00  0.0000
   3.1623E+02   5.6234E+02   0.0000E+00  0.0000   0.0000E+00  0.0000   3.8423E-04  0.3357   0.0000E+00  0.0000
   5.6234E+02   1.0000E+03   0.0000E+00  0.0000   0.0000E+00  0.0000   6.6793E-04  0.2757   0.0000E+00  0.0000
   1.0000E+03   1.7783E+03   0.0000E+00  0.0000   0.0000E+00  0.0000   9.8214E-04  0.2315   0.0000E+00  0.0000
   1.7783E+03   3.1623E+03   0.0000E+00  0.0000   0.0000E+00  0.0000   1.6358E-03  0.1852   0.0000E+00  0.0000
   3.1623E+03   5.6234E+03   0.0000E+00  0.0000   0.0000E+00  0.0000   1.5806E-03  0.1805   0.0000E+00  0.0000
   5.6234E+03   1.0000E+04   0.0000E+00  0.0000   0.0000E+00  0.0000   1.1350E-03  0.2085   0.0000E+00  0.0000
   1.0000E+04   1.7783E+04   0.0000E+00  0.0000   0.0000E+00  0.0000   5.8109E-04  0.3335   0.0000E+00  0.0000
   1.7783E+04   3.1623E+04   0.0000E+00  0.0000   0.0000E+00  0.0000   2.3730E-04  0.6264   0.0000E+00  0.0000
   3.1623E+04   5.6234E+04   0.0000E+00  0.0000   0.0000E+00  0.0000   2.8282E-04  0.4520   0.0000E+00  0.0000
   5.6234E+04   1.0000E+05   0.0000E+00  0.0000   0.0000E+00  0.0000   0.0000E+00  0.0000   0.0000E+00  0.0000

#   sum over                 2.2250E-04  1.0000   0.0000E+00  0.0000   7.9767E-03  0.0798   0.0000E+00  0.0000

'no. = 29, (ix,iy,iz) = (  1,  1, 29)'
msuc: {\huge Flux spectra vs depth in concrete}
msdr: {\it plotted by \ANGEL \version}
msdl: {\it calculated by \PHITS  3.36}
wt: s(0.7)
\vspace{-3}
   vol  &=&   2.8800E+07 [cm^3]
  xmin  &=&  -6.0000E+02 [cm]
  xmax  &=&   6.0000E+02 [cm]
  ymin  &=&  -6.0000E+02 [cm]
  ymax  &=&   6.0000E+02 [cm]
  zmin  &=&  -1.4000E+02 [cm]
  zmax  &=&  -1.2000E+02 [cm]
e:

#------------------------------------------------------------------------------
 newpage:
#   no. = 30   ix  =  1   iy  =  1   iz  = 30
#   x = (  -6.0000E+02  -   6.0000E+02  )
#   y = (  -6.0000E+02  -   6.0000E+02  )
#   z = (  -1.2000E+02  -  -1.0000E+02  )

x: Energy [MeV/n]
y: Flux [1/cm^2/source]              
p: xlog ylog afac(0.8) form(0.9)
h: n            x            y(neutron ),hh0l n y(muon-   ),hh0dr n y(muon+   ),hh0ub n y(proton  ),hh0mg n 
#  e-lower      e-upper        neutron   r.err      muon-     r.err      muon+     r.err      proton    r.err 
   1.0000E-10   1.7783E-10   0.0000E+00  0.0000   0.0000E+00  0.0000   0.0000E+00  0.0000   0.0000E+00  0.0000
   1.7783E-10   3.1623E-10   0.0000E+00  0.0000   0.0000E+00  0.0000   0.0000E+00  0.0000   0.0000E+00  0.0000
   3.1623E-10   5.6234E-10   0.0000E+00  0.0000   0.0000E+00  0.0000   0.0000E+00  0.0000   0.0000E+00  0.0000
   5.6234E-10   1.0000E-09   0.0000E+00  0.0000   0.0000E+00  0.0000   0.0000E+00  0.0000   0.0000E+00  0.0000
   1.0000E-09   1.7783E-09   0.0000E+00  0.0000   0.0000E+00  0.0000   0.0000E+00  0.0000   0.0000E+00  0.0000
   1.7783E-09   3.1623E-09   0.0000E+00  0.0000   0.0000E+00  0.0000   0.0000E+00  0.0000   0.0000E+00  0.0000
   3.1623E-09   5.6234E-09   0.0000E+00  0.0000   0.0000E+00  0.0000   0.0000E+00  0.0000   0.0000E+00  0.0000
   5.6234E-09   1.0000E-08   0.0000E+00  0.0000   0.0000E+00  0.0000   0.0000E+00  0.0000   0.0000E+00  0.0000
   1.0000E-08   1.7783E-08   0.0000E+00  0.0000   0.0000E+00  0.0000   0.0000E+00  0.0000   0.0000E+00  0.0000
   1.7783E-08   3.1623E-08   0.0000E+00  0.0000   0.0000E+00  0.0000   0.0000E+00  0.0000   0.0000E+00  0.0000
   3.1623E-08   5.6234E-08   0.0000E+00  0.0000   0.0000E+00  0.0000   0.0000E+00  0.0000   0.0000E+00  0.0000
   5.6234E-08   1.0000E-07   0.0000E+00  0.0000   0.0000E+00  0.0000   0.0000E+00  0.0000   0.0000E+00  0.0000
   1.0000E-07   1.7783E-07   0.0000E+00  0.0000   0.0000E+00  0.0000   0.0000E+00  0.0000   0.0000E+00  0.0000
   1.7783E-07   3.1623E-07   0.0000E+00  0.0000   0.0000E+00  0.0000   0.0000E+00  0.0000   0.0000E+00  0.0000
   3.1623E-07   5.6234E-07   0.0000E+00  0.0000   0.0000E+00  0.0000   0.0000E+00  0.0000   0.0000E+00  0.0000
   5.6234E-07   1.0000E-06   0.0000E+00  0.0000   0.0000E+00  0.0000   0.0000E+00  0.0000   0.0000E+00  0.0000
   1.0000E-06   1.7783E-06   0.0000E+00  0.0000   0.0000E+00  0.0000   0.0000E+00  0.0000   0.0000E+00  0.0000
   1.7783E-06   3.1623E-06   0.0000E+00  0.0000   0.0000E+00  0.0000   0.0000E+00  0.0000   0.0000E+00  0.0000
   3.1623E-06   5.6234E-06   0.0000E+00  0.0000   0.0000E+00  0.0000   0.0000E+00  0.0000   0.0000E+00  0.0000
   5.6234E-06   1.0000E-05   0.0000E+00  0.0000   0.0000E+00  0.0000   0.0000E+00  0.0000   0.0000E+00  0.0000
   1.0000E-05   1.7783E-05   0.0000E+00  0.0000   0.0000E+00  0.0000   0.0000E+00  0.0000   0.0000E+00  0.0000
   1.7783E-05   3.1623E-05   0.0000E+00  0.0000   0.0000E+00  0.0000   0.0000E+00  0.0000   0.0000E+00  0.0000
   3.1623E-05   5.6234E-05   0.0000E+00  0.0000   0.0000E+00  0.0000   0.0000E+00  0.0000   0.0000E+00  0.0000
   5.6234E-05   1.0000E-04   0.0000E+00  0.0000   0.0000E+00  0.0000   0.0000E+00  0.0000   0.0000E+00  0.0000
   1.0000E-04   1.7783E-04   0.0000E+00  0.0000   0.0000E+00  0.0000   1.9881E-16  1.0000   0.0000E+00  0.0000
   1.7783E-04   3.1623E-04   0.0000E+00  0.0000   0.0000E+00  0.0000   0.0000E+00  0.0000   0.0000E+00  0.0000
   3.1623E-04   5.6234E-04   0.0000E+00  0.0000   0.0000E+00  0.0000   0.0000E+00  0.0000   0.0000E+00  0.0000
   5.6234E-04   1.0000E-03   0.0000E+00  0.0000   0.0000E+00  0.0000   0.0000E+00  0.0000   0.0000E+00  0.0000
   1.0000E-03   1.7783E-03   0.0000E+00  0.0000   0.0000E+00  0.0000   2.3823E-11  0.4994   0.0000E+00  0.0000
   1.7783E-03   3.1623E-03   0.0000E+00  0.0000   0.0000E+00  0.0000   1.1639E-11  0.4994   0.0000E+00  0.0000
   3.1623E-03   5.6234E-03   0.0000E+00  0.0000   0.0000E+00  0.0000   1.7196E-11  0.4994   0.0000E+00  0.0000
   5.6234E-03   1.0000E-02   0.0000E+00  0.0000   0.0000E+00  0.0000   2.7579E-11  0.4994   0.0000E+00  0.0000
   1.0000E-02   1.7783E-02   0.0000E+00  0.0000   0.0000E+00  0.0000   4.9452E-11  0.4994   0.0000E+00  0.0000
   1.7783E-02   3.1623E-02   0.0000E+00  0.0000   0.0000E+00  0.0000   1.0209E-10  0.4994   0.0000E+00  0.0000
   3.1623E-02   5.6234E-02   0.0000E+00  0.0000   0.0000E+00  0.0000   2.3851E-10  0.4994   0.0000E+00  0.0000
   5.6234E-02   1.0000E-01   0.0000E+00  0.0000   0.0000E+00  0.0000   5.9762E-10  0.4994   0.0000E+00  0.0000
   1.0000E-01   1.7783E-01   0.0000E+00  0.0000   0.0000E+00  0.0000   1.5340E-09  0.4994   0.0000E+00  0.0000
   1.7783E-01   3.1623E-01   0.0000E+00  0.0000   0.0000E+00  0.0000   4.0127E-09  0.4994   0.0000E+00  0.0000
   3.1623E-01   5.6234E-01   0.0000E+00  0.0000   0.0000E+00  0.0000   1.0756E-08  0.4994   0.0000E+00  0.0000
   5.6234E-01   1.0000E+00   0.0000E+00  0.0000   0.0000E+00  0.0000   2.9500E-08  0.4994   0.0000E+00  0.0000
   1.0000E+00   1.7783E+00   0.0000E+00  0.0000   0.0000E+00  0.0000   8.2605E-08  0.4994   0.0000E+00  0.0000
   1.7783E+00   3.1623E+00   0.0000E+00  0.0000   0.0000E+00  0.0000   2.3496E-07  0.4994   0.0000E+00  0.0000
   3.1623E+00   5.6234E+00   0.0000E+00  0.0000   0.0000E+00  0.0000   6.8677E-07  0.4840   0.0000E+00  0.0000
   5.6234E+00   1.0000E+01   0.0000E+00  0.0000   0.0000E+00  0.0000   2.3122E-06  0.4465   0.0000E+00  0.0000
   1.0000E+01   1.7783E+01   0.0000E+00  0.0000   0.0000E+00  0.0000   6.2666E-06  0.4283   0.0000E+00  0.0000
   1.7783E+01   3.1623E+01   0.0000E+00  0.0000   0.0000E+00  0.0000   1.6144E-05  0.4289   0.0000E+00  0.0000
   3.1623E+01   5.6234E+01   0.0000E+00  0.0000   0.0000E+00  0.0000   5.1213E-05  0.3826   0.0000E+00  0.0000
   5.6234E+01   1.0000E+02   0.0000E+00  0.0000   0.0000E+00  0.0000   1.0894E-04  0.3917   0.0000E+00  0.0000
   1.0000E+02   1.7783E+02   0.0000E+00  0.0000   0.0000E+00  0.0000   2.2494E-04  0.3497   0.0000E+00  0.0000
   1.7783E+02   3.1623E+02   0.0000E+00  0.0000   0.0000E+00  0.0000   2.6671E-04  0.3944   0.0000E+00  0.0000
   3.1623E+02   5.6234E+02   0.0000E+00  0.0000   0.0000E+00  0.0000   3.4085E-04  0.3588   0.0000E+00  0.0000
   5.6234E+02   1.0000E+03   0.0000E+00  0.0000   0.0000E+00  0.0000   7.5658E-04  0.2767   0.0000E+00  0.0000
   1.0000E+03   1.7783E+03   0.0000E+00  0.0000   0.0000E+00  0.0000   9.3109E-04  0.2271   0.0000E+00  0.0000
   1.7783E+03   3.1623E+03   0.0000E+00  0.0000   0.0000E+00  0.0000   1.8334E-03  0.1760   0.0000E+00  0.0000
   3.1623E+03   5.6234E+03   0.0000E+00  0.0000   0.0000E+00  0.0000   1.4642E-03  0.1837   0.0000E+00  0.0000
   5.6234E+03   1.0000E+04   0.0000E+00  0.0000   0.0000E+00  0.0000   1.3691E-03  0.1939   0.0000E+00  0.0000
   1.0000E+04   1.7783E+04   0.0000E+00  0.0000   0.0000E+00  0.0000   6.3952E-04  0.3157   0.0000E+00  0.0000
   1.7783E+04   3.1623E+04   0.0000E+00  0.0000   0.0000E+00  0.0000   2.3730E-04  0.6264   0.0000E+00  0.0000
   3.1623E+04   5.6234E+04   0.0000E+00  0.0000   0.0000E+00  0.0000   2.2144E-04  0.5068   0.0000E+00  0.0000
   5.6234E+04   1.0000E+05   0.0000E+00  0.0000   0.0000E+00  0.0000   0.0000E+00  0.0000   0.0000E+00  0.0000

#   sum over                 0.0000E+00  0.0000   0.0000E+00  0.0000   8.4710E-03  0.0774   0.0000E+00  0.0000

'no. = 30, (ix,iy,iz) = (  1,  1, 30)'
msuc: {\huge Flux spectra vs depth in concrete}
msdr: {\it plotted by \ANGEL \version}
msdl: {\it calculated by \PHITS  3.36}
wt: s(0.7)
\vspace{-3}
   vol  &=&   2.8800E+07 [cm^3]
  xmin  &=&  -6.0000E+02 [cm]
  xmax  &=&   6.0000E+02 [cm]
  ymin  &=&  -6.0000E+02 [cm]
  ymax  &=&   6.0000E+02 [cm]
  zmin  &=&  -1.2000E+02 [cm]
  zmax  &=&  -1.0000E+02 [cm]
e:

#------------------------------------------------------------------------------
 newpage:
#   no. = 31   ix  =  1   iy  =  1   iz  = 31
#   x = (  -6.0000E+02  -   6.0000E+02  )
#   y = (  -6.0000E+02  -   6.0000E+02  )
#   z = (  -1.0000E+02  -  -8.0000E+01  )

x: Energy [MeV/n]
y: Flux [1/cm^2/source]              
p: xlog ylog afac(0.8) form(0.9)
h: n            x            y(neutron ),hh0l n y(muon-   ),hh0dr n y(muon+   ),hh0ub n y(proton  ),hh0mg n 
#  e-lower      e-upper        neutron   r.err      muon-     r.err      muon+     r.err      proton    r.err 
   1.0000E-10   1.7783E-10   0.0000E+00  0.0000   0.0000E+00  0.0000   0.0000E+00  0.0000   0.0000E+00  0.0000
   1.7783E-10   3.1623E-10   0.0000E+00  0.0000   0.0000E+00  0.0000   0.0000E+00  0.0000   0.0000E+00  0.0000
   3.1623E-10   5.6234E-10   0.0000E+00  0.0000   0.0000E+00  0.0000   0.0000E+00  0.0000   0.0000E+00  0.0000
   5.6234E-10   1.0000E-09   0.0000E+00  0.0000   0.0000E+00  0.0000   0.0000E+00  0.0000   0.0000E+00  0.0000
   1.0000E-09   1.7783E-09   0.0000E+00  0.0000   0.0000E+00  0.0000   0.0000E+00  0.0000   0.0000E+00  0.0000
   1.7783E-09   3.1623E-09   0.0000E+00  0.0000   0.0000E+00  0.0000   0.0000E+00  0.0000   0.0000E+00  0.0000
   3.1623E-09   5.6234E-09   0.0000E+00  0.0000   0.0000E+00  0.0000   0.0000E+00  0.0000   0.0000E+00  0.0000
   5.6234E-09   1.0000E-08   0.0000E+00  0.0000   0.0000E+00  0.0000   0.0000E+00  0.0000   0.0000E+00  0.0000
   1.0000E-08   1.7783E-08   0.0000E+00  0.0000   0.0000E+00  0.0000   0.0000E+00  0.0000   0.0000E+00  0.0000
   1.7783E-08   3.1623E-08   0.0000E+00  0.0000   0.0000E+00  0.0000   0.0000E+00  0.0000   0.0000E+00  0.0000
   3.1623E-08   5.6234E-08   0.0000E+00  0.0000   0.0000E+00  0.0000   0.0000E+00  0.0000   0.0000E+00  0.0000
   5.6234E-08   1.0000E-07   0.0000E+00  0.0000   0.0000E+00  0.0000   0.0000E+00  0.0000   0.0000E+00  0.0000
   1.0000E-07   1.7783E-07   0.0000E+00  0.0000   0.0000E+00  0.0000   0.0000E+00  0.0000   0.0000E+00  0.0000
   1.7783E-07   3.1623E-07   0.0000E+00  0.0000   0.0000E+00  0.0000   0.0000E+00  0.0000   0.0000E+00  0.0000
   3.1623E-07   5.6234E-07   0.0000E+00  0.0000   0.0000E+00  0.0000   0.0000E+00  0.0000   0.0000E+00  0.0000
   5.6234E-07   1.0000E-06   0.0000E+00  0.0000   0.0000E+00  0.0000   0.0000E+00  0.0000   0.0000E+00  0.0000
   1.0000E-06   1.7783E-06   0.0000E+00  0.0000   0.0000E+00  0.0000   0.0000E+00  0.0000   0.0000E+00  0.0000
   1.7783E-06   3.1623E-06   0.0000E+00  0.0000   0.0000E+00  0.0000   0.0000E+00  0.0000   0.0000E+00  0.0000
   3.1623E-06   5.6234E-06   0.0000E+00  0.0000   0.0000E+00  0.0000   0.0000E+00  0.0000   0.0000E+00  0.0000
   5.6234E-06   1.0000E-05   0.0000E+00  0.0000   0.0000E+00  0.0000   0.0000E+00  0.0000   0.0000E+00  0.0000
   1.0000E-05   1.7783E-05   0.0000E+00  0.0000   0.0000E+00  0.0000   0.0000E+00  0.0000   0.0000E+00  0.0000
   1.7783E-05   3.1623E-05   0.0000E+00  0.0000   0.0000E+00  0.0000   0.0000E+00  0.0000   0.0000E+00  0.0000
   3.1623E-05   5.6234E-05   0.0000E+00  0.0000   0.0000E+00  0.0000   0.0000E+00  0.0000   0.0000E+00  0.0000
   5.6234E-05   1.0000E-04   0.0000E+00  0.0000   0.0000E+00  0.0000   0.0000E+00  0.0000   0.0000E+00  0.0000
   1.0000E-04   1.7783E-04   0.0000E+00  0.0000   0.0000E+00  0.0000   0.0000E+00  0.0000   0.0000E+00  0.0000
   1.7783E-04   3.1623E-04   0.0000E+00  0.0000   0.0000E+00  0.0000   0.0000E+00  0.0000   0.0000E+00  0.0000
   3.1623E-04   5.6234E-04   0.0000E+00  0.0000   0.0000E+00  0.0000   0.0000E+00  0.0000   0.0000E+00  0.0000
   5.6234E-04   1.0000E-03   0.0000E+00  0.0000   0.0000E+00  0.0000   0.0000E+00  0.0000   0.0000E+00  0.0000
   1.0000E-03   1.7783E-03   0.0000E+00  0.0000   0.0000E+00  0.0000   1.7867E-11  0.5769   0.0000E+00  0.0000
   1.7783E-03   3.1623E-03   0.0000E+00  0.0000   0.0000E+00  0.0000   8.7292E-12  0.5769   0.0000E+00  0.0000
   3.1623E-03   5.6234E-03   0.0000E+00  0.0000   0.0000E+00  0.0000   1.2897E-11  0.5769   0.0000E+00  0.0000
   5.6234E-03   1.0000E-02   0.0000E+00  0.0000   0.0000E+00  0.0000   2.0684E-11  0.5769   0.0000E+00  0.0000
   1.0000E-02   1.7783E-02   0.0000E+00  0.0000   0.0000E+00  0.0000   3.7089E-11  0.5769   0.0000E+00  0.0000
   1.7783E-02   3.1623E-02   0.0000E+00  0.0000   0.0000E+00  0.0000   7.6571E-11  0.5769   0.0000E+00  0.0000
   3.1623E-02   5.6234E-02   0.0000E+00  0.0000   0.0000E+00  0.0000   1.7888E-10  0.5769   0.0000E+00  0.0000
   5.6234E-02   1.0000E-01   0.0000E+00  0.0000   0.0000E+00  0.0000   4.4822E-10  0.5769   0.0000E+00  0.0000
   1.0000E-01   1.7783E-01   0.0000E+00  0.0000   0.0000E+00  0.0000   1.1505E-09  0.5769   0.0000E+00  0.0000
   1.7783E-01   3.1623E-01   0.0000E+00  0.0000   0.0000E+00  0.0000   3.0095E-09  0.5769   0.0000E+00  0.0000
   3.1623E-01   5.6234E-01   0.0000E+00  0.0000   0.0000E+00  0.0000   8.0668E-09  0.5769   0.0000E+00  0.0000
   5.6234E-01   1.0000E+00   0.0000E+00  0.0000   0.0000E+00  0.0000   2.2125E-08  0.5769   0.0000E+00  0.0000
   1.0000E+00   1.7783E+00   0.0000E+00  0.0000   0.0000E+00  0.0000   6.1953E-08  0.5769   0.0000E+00  0.0000
   1.7783E+00   3.1623E+00   0.0000E+00  0.0000   0.0000E+00  0.0000   1.7622E-07  0.5769   0.0000E+00  0.0000
   3.1623E+00   5.6234E+00   0.0000E+00  0.0000   0.0000E+00  0.0000   4.9802E-07  0.5769   0.0000E+00  0.0000
   5.6234E+00   1.0000E+01   0.0000E+00  0.0000   0.0000E+00  0.0000   1.3873E-06  0.5769   0.0000E+00  0.0000
   1.0000E+01   1.7783E+01   0.0000E+00  0.0000   0.0000E+00  0.0000   4.1668E-06  0.5312   0.0000E+00  0.0000
   1.7783E+01   3.1623E+01   0.0000E+00  0.0000   0.0000E+00  0.0000   1.4495E-05  0.4623   0.0000E+00  0.0000
   3.1623E+01   5.6234E+01   0.0000E+00  0.0000   0.0000E+00  0.0000   3.8083E-05  0.4487   0.0000E+00  0.0000
   5.6234E+01   1.0000E+02   0.0000E+00  0.0000   0.0000E+00  0.0000   1.0679E-04  0.4076   0.0000E+00  0.0000
   1.0000E+02   1.7783E+02   0.0000E+00  0.0000   0.0000E+00  0.0000   2.4816E-04  0.3180   0.0000E+00  0.0000
   1.7783E+02   3.1623E+02   0.0000E+00  0.0000   0.0000E+00  0.0000   3.3270E-04  0.3131   0.0000E+00  0.0000
   3.1623E+02   5.6234E+02   0.0000E+00  0.0000   0.0000E+00  0.0000   3.7976E-04  0.3187   0.0000E+00  0.0000
   5.6234E+02   1.0000E+03   0.0000E+00  0.0000   0.0000E+00  0.0000   6.7000E-04  0.2643   0.0000E+00  0.0000
   1.0000E+03   1.7783E+03   0.0000E+00  0.0000   0.0000E+00  0.0000   9.7158E-04  0.2344   0.0000E+00  0.0000
   1.7783E+03   3.1623E+03   0.0000E+00  0.0000   0.0000E+00  0.0000   1.8868E-03  0.1747   0.0000E+00  0.0000
   3.1623E+03   5.6234E+03   0.0000E+00  0.0000   0.0000E+00  0.0000   1.6326E-03  0.1865   0.0000E+00  0.0000
   5.6234E+03   1.0000E+04   0.0000E+00  0.0000   0.0000E+00  0.0000   1.5566E-03  0.1849   0.0000E+00  0.0000
   1.0000E+04   1.7783E+04   0.0000E+00  0.0000   0.0000E+00  0.0000   6.8287E-04  0.3044   0.0000E+00  0.0000
   1.7783E+04   3.1623E+04   0.0000E+00  0.0000   0.0000E+00  0.0000   2.3730E-04  0.6264   0.0000E+00  0.0000
   3.1623E+04   5.6234E+04   0.0000E+00  0.0000   0.0000E+00  0.0000   2.3215E-04  0.4855   0.0000E+00  0.0000
   5.6234E+04   1.0000E+05   0.0000E+00  0.0000   0.0000E+00  0.0000   0.0000E+00  0.0000   0.0000E+00  0.0000

#   sum over                 0.0000E+00  0.0000   0.0000E+00  0.0000   8.9962E-03  0.0756   0.0000E+00  0.0000

'no. = 31, (ix,iy,iz) = (  1,  1, 31)'
msuc: {\huge Flux spectra vs depth in concrete}
msdr: {\it plotted by \ANGEL \version}
msdl: {\it calculated by \PHITS  3.36}
wt: s(0.7)
\vspace{-3}
   vol  &=&   2.8800E+07 [cm^3]
  xmin  &=&  -6.0000E+02 [cm]
  xmax  &=&   6.0000E+02 [cm]
  ymin  &=&  -6.0000E+02 [cm]
  ymax  &=&   6.0000E+02 [cm]
  zmin  &=&  -1.0000E+02 [cm]
  zmax  &=&  -8.0000E+01 [cm]
e:

#------------------------------------------------------------------------------
 newpage:
#   no. = 32   ix  =  1   iy  =  1   iz  = 32
#   x = (  -6.0000E+02  -   6.0000E+02  )
#   y = (  -6.0000E+02  -   6.0000E+02  )
#   z = (  -8.0000E+01  -  -6.0000E+01  )

x: Energy [MeV/n]
y: Flux [1/cm^2/source]              
p: xlog ylog afac(0.8) form(0.9)
h: n            x            y(neutron ),hh0l n y(muon-   ),hh0dr n y(muon+   ),hh0ub n y(proton  ),hh0mg n 
#  e-lower      e-upper        neutron   r.err      muon-     r.err      muon+     r.err      proton    r.err 
   1.0000E-10   1.7783E-10   0.0000E+00  0.0000   0.0000E+00  0.0000   0.0000E+00  0.0000   0.0000E+00  0.0000
   1.7783E-10   3.1623E-10   0.0000E+00  0.0000   0.0000E+00  0.0000   0.0000E+00  0.0000   0.0000E+00  0.0000
   3.1623E-10   5.6234E-10   0.0000E+00  0.0000   0.0000E+00  0.0000   0.0000E+00  0.0000   0.0000E+00  0.0000
   5.6234E-10   1.0000E-09   0.0000E+00  0.0000   0.0000E+00  0.0000   0.0000E+00  0.0000   0.0000E+00  0.0000
   1.0000E-09   1.7783E-09   0.0000E+00  0.0000   0.0000E+00  0.0000   0.0000E+00  0.0000   0.0000E+00  0.0000
   1.7783E-09   3.1623E-09   0.0000E+00  0.0000   0.0000E+00  0.0000   0.0000E+00  0.0000   0.0000E+00  0.0000
   3.1623E-09   5.6234E-09   0.0000E+00  0.0000   0.0000E+00  0.0000   0.0000E+00  0.0000   0.0000E+00  0.0000
   5.6234E-09   1.0000E-08   0.0000E+00  0.0000   0.0000E+00  0.0000   0.0000E+00  0.0000   0.0000E+00  0.0000
   1.0000E-08   1.7783E-08   0.0000E+00  0.0000   0.0000E+00  0.0000   0.0000E+00  0.0000   0.0000E+00  0.0000
   1.7783E-08   3.1623E-08   0.0000E+00  0.0000   0.0000E+00  0.0000   0.0000E+00  0.0000   0.0000E+00  0.0000
   3.1623E-08   5.6234E-08   0.0000E+00  0.0000   0.0000E+00  0.0000   0.0000E+00  0.0000   0.0000E+00  0.0000
   5.6234E-08   1.0000E-07   0.0000E+00  0.0000   0.0000E+00  0.0000   0.0000E+00  0.0000   0.0000E+00  0.0000
   1.0000E-07   1.7783E-07   0.0000E+00  0.0000   0.0000E+00  0.0000   0.0000E+00  0.0000   0.0000E+00  0.0000
   1.7783E-07   3.1623E-07   0.0000E+00  0.0000   0.0000E+00  0.0000   0.0000E+00  0.0000   0.0000E+00  0.0000
   3.1623E-07   5.6234E-07   0.0000E+00  0.0000   0.0000E+00  0.0000   0.0000E+00  0.0000   0.0000E+00  0.0000
   5.6234E-07   1.0000E-06   0.0000E+00  0.0000   0.0000E+00  0.0000   0.0000E+00  0.0000   0.0000E+00  0.0000
   1.0000E-06   1.7783E-06   0.0000E+00  0.0000   0.0000E+00  0.0000   0.0000E+00  0.0000   0.0000E+00  0.0000
   1.7783E-06   3.1623E-06   0.0000E+00  0.0000   0.0000E+00  0.0000   0.0000E+00  0.0000   0.0000E+00  0.0000
   3.1623E-06   5.6234E-06   0.0000E+00  0.0000   0.0000E+00  0.0000   0.0000E+00  0.0000   0.0000E+00  0.0000
   5.6234E-06   1.0000E-05   0.0000E+00  0.0000   0.0000E+00  0.0000   0.0000E+00  0.0000   0.0000E+00  0.0000
   1.0000E-05   1.7783E-05   0.0000E+00  0.0000   0.0000E+00  0.0000   0.0000E+00  0.0000   0.0000E+00  0.0000
   1.7783E-05   3.1623E-05   0.0000E+00  0.0000   0.0000E+00  0.0000   0.0000E+00  0.0000   0.0000E+00  0.0000
   3.1623E-05   5.6234E-05   0.0000E+00  0.0000   0.0000E+00  0.0000   0.0000E+00  0.0000   0.0000E+00  0.0000
   5.6234E-05   1.0000E-04   0.0000E+00  0.0000   0.0000E+00  0.0000   0.0000E+00  0.0000   0.0000E+00  0.0000
   1.0000E-04   1.7783E-04   0.0000E+00  0.0000   0.0000E+00  0.0000   7.5845E-17  1.0000   0.0000E+00  0.0000
   1.7783E-04   3.1623E-04   0.0000E+00  0.0000   0.0000E+00  0.0000   0.0000E+00  0.0000   0.0000E+00  0.0000
   3.1623E-04   5.6234E-04   0.0000E+00  0.0000   0.0000E+00  0.0000   0.0000E+00  0.0000   0.0000E+00  0.0000
   5.6234E-04   1.0000E-03   0.0000E+00  0.0000   0.0000E+00  0.0000   0.0000E+00  0.0000   0.0000E+00  0.0000
   1.0000E-03   1.7783E-03   0.0000E+00  0.0000   0.0000E+00  0.0000   2.9417E-11  0.4466   0.0000E+00  0.0000
   1.7783E-03   3.1623E-03   0.0000E+00  0.0000   0.0000E+00  0.0000   1.4549E-11  0.4465   0.0000E+00  0.0000
   3.1623E-03   5.6234E-03   0.0000E+00  0.0000   0.0000E+00  0.0000   2.1495E-11  0.4465   0.0000E+00  0.0000
   5.6234E-03   1.0000E-02   0.0000E+00  0.0000   0.0000E+00  0.0000   3.4474E-11  0.4465   0.0000E+00  0.0000
   1.0000E-02   1.7783E-02   0.0000E+00  0.0000   0.0000E+00  0.0000   6.1815E-11  0.4465   0.0000E+00  0.0000
   1.7783E-02   3.1623E-02   0.0000E+00  0.0000   0.0000E+00  0.0000   1.2762E-10  0.4465   0.0000E+00  0.0000
   3.1623E-02   5.6234E-02   0.0000E+00  0.0000   0.0000E+00  0.0000   2.9814E-10  0.4465   0.0000E+00  0.0000
   5.6234E-02   1.0000E-01   0.0000E+00  0.0000   0.0000E+00  0.0000   7.4703E-10  0.4465   0.0000E+00  0.0000
   1.0000E-01   1.7783E-01   0.0000E+00  0.0000   0.0000E+00  0.0000   1.9175E-09  0.4465   0.0000E+00  0.0000
   1.7783E-01   3.1623E-01   0.0000E+00  0.0000   0.0000E+00  0.0000   5.0158E-09  0.4465   0.0000E+00  0.0000
   3.1623E-01   5.6234E-01   0.0000E+00  0.0000   0.0000E+00  0.0000   1.3445E-08  0.4465   0.0000E+00  0.0000
   5.6234E-01   1.0000E+00   0.0000E+00  0.0000   0.0000E+00  0.0000   3.6875E-08  0.4465   0.0000E+00  0.0000
   1.0000E+00   1.7783E+00   0.0000E+00  0.0000   0.0000E+00  0.0000   1.0326E-07  0.4465   0.0000E+00  0.0000
   1.7783E+00   3.1623E+00   0.0000E+00  0.0000   0.0000E+00  0.0000   2.9371E-07  0.4465   0.0000E+00  0.0000
   3.1623E+00   5.6234E+00   0.0000E+00  0.0000   0.0000E+00  0.0000   8.3004E-07  0.4465   0.0000E+00  0.0000
   5.6234E+00   1.0000E+01   0.0000E+00  0.0000   0.0000E+00  0.0000   2.3122E-06  0.4465   0.0000E+00  0.0000
   1.0000E+01   1.7783E+01   0.0000E+00  0.0000   0.0000E+00  0.0000   6.2956E-06  0.4465   0.0000E+00  0.0000
   1.7783E+01   3.1623E+01   0.0000E+00  0.0000   0.0000E+00  0.0000   1.3662E-05  0.4821   0.0000E+00  0.0000
   3.1623E+01   5.6234E+01   0.0000E+00  0.0000   0.0000E+00  0.0000   3.4304E-05  0.4721   0.0000E+00  0.0000
   5.6234E+01   1.0000E+02   0.0000E+00  0.0000   0.0000E+00  0.0000   5.9975E-05  0.5154   0.0000E+00  0.0000
   1.0000E+02   1.7783E+02   0.0000E+00  0.0000   0.0000E+00  0.0000   1.1061E-04  0.4394   0.0000E+00  0.0000
   1.7783E+02   3.1623E+02   0.0000E+00  0.0000   0.0000E+00  0.0000   4.5279E-04  0.2968   0.0000E+00  0.0000
   3.1623E+02   5.6234E+02   0.0000E+00  0.0000   0.0000E+00  0.0000   3.9471E-04  0.3381   0.0000E+00  0.0000
   5.6234E+02   1.0000E+03   0.0000E+00  0.0000   0.0000E+00  0.0000   5.7527E-04  0.2895   0.0000E+00  0.0000
   1.0000E+03   1.7783E+03   0.0000E+00  0.0000   0.0000E+00  0.0000   1.0140E-03  0.2269   0.0000E+00  0.0000
   1.7783E+03   3.1623E+03   0.0000E+00  0.0000   0.0000E+00  0.0000   1.9868E-03  0.1703   0.0000E+00  0.0000
   3.1623E+03   5.6234E+03   0.0000E+00  0.0000   0.0000E+00  0.0000   1.9328E-03  0.2213   0.0000E+00  0.0000
   5.6234E+03   1.0000E+04   0.0000E+00  0.0000   0.0000E+00  0.0000   1.6208E-03  0.1797   0.0000E+00  0.0000
   1.0000E+04   1.7783E+04   0.0000E+00  0.0000   0.0000E+00  0.0000   7.4533E-04  0.2910   0.0000E+00  0.0000
   1.7783E+04   3.1623E+04   0.0000E+00  0.0000   0.0000E+00  0.0000   2.3730E-04  0.6264   0.0000E+00  0.0000
   3.1623E+04   5.6234E+04   0.0000E+00  0.0000   0.0000E+00  0.0000   2.6174E-04  0.4553   0.0000E+00  0.0000
   5.6234E+04   1.0000E+05   0.0000E+00  0.0000   0.0000E+00  0.0000   0.0000E+00  0.0000   0.0000E+00  0.0000

#   sum over                 0.0000E+00  0.0000   0.0000E+00  0.0000   9.4499E-03  0.0785   0.0000E+00  0.0000

'no. = 32, (ix,iy,iz) = (  1,  1, 32)'
msuc: {\huge Flux spectra vs depth in concrete}
msdr: {\it plotted by \ANGEL \version}
msdl: {\it calculated by \PHITS  3.36}
wt: s(0.7)
\vspace{-3}
   vol  &=&   2.8800E+07 [cm^3]
  xmin  &=&  -6.0000E+02 [cm]
  xmax  &=&   6.0000E+02 [cm]
  ymin  &=&  -6.0000E+02 [cm]
  ymax  &=&   6.0000E+02 [cm]
  zmin  &=&  -8.0000E+01 [cm]
  zmax  &=&  -6.0000E+01 [cm]
e:

#------------------------------------------------------------------------------
 newpage:
#   no. = 33   ix  =  1   iy  =  1   iz  = 33
#   x = (  -6.0000E+02  -   6.0000E+02  )
#   y = (  -6.0000E+02  -   6.0000E+02  )
#   z = (  -6.0000E+01  -  -4.0000E+01  )

x: Energy [MeV/n]
y: Flux [1/cm^2/source]              
p: xlog ylog afac(0.8) form(0.9)
h: n            x            y(neutron ),hh0l n y(muon-   ),hh0dr n y(muon+   ),hh0ub n y(proton  ),hh0mg n 
#  e-lower      e-upper        neutron   r.err      muon-     r.err      muon+     r.err      proton    r.err 
   1.0000E-10   1.7783E-10   0.0000E+00  0.0000   0.0000E+00  0.0000   0.0000E+00  0.0000   0.0000E+00  0.0000
   1.7783E-10   3.1623E-10   0.0000E+00  0.0000   0.0000E+00  0.0000   0.0000E+00  0.0000   0.0000E+00  0.0000
   3.1623E-10   5.6234E-10   0.0000E+00  0.0000   0.0000E+00  0.0000   0.0000E+00  0.0000   0.0000E+00  0.0000
   5.6234E-10   1.0000E-09   0.0000E+00  0.0000   0.0000E+00  0.0000   0.0000E+00  0.0000   0.0000E+00  0.0000
   1.0000E-09   1.7783E-09   0.0000E+00  0.0000   0.0000E+00  0.0000   0.0000E+00  0.0000   0.0000E+00  0.0000
   1.7783E-09   3.1623E-09   0.0000E+00  0.0000   0.0000E+00  0.0000   0.0000E+00  0.0000   0.0000E+00  0.0000
   3.1623E-09   5.6234E-09   0.0000E+00  0.0000   0.0000E+00  0.0000   0.0000E+00  0.0000   0.0000E+00  0.0000
   5.6234E-09   1.0000E-08   0.0000E+00  0.0000   0.0000E+00  0.0000   0.0000E+00  0.0000   0.0000E+00  0.0000
   1.0000E-08   1.7783E-08   0.0000E+00  0.0000   0.0000E+00  0.0000   0.0000E+00  0.0000   0.0000E+00  0.0000
   1.7783E-08   3.1623E-08   0.0000E+00  0.0000   0.0000E+00  0.0000   0.0000E+00  0.0000   0.0000E+00  0.0000
   3.1623E-08   5.6234E-08   0.0000E+00  0.0000   0.0000E+00  0.0000   0.0000E+00  0.0000   0.0000E+00  0.0000
   5.6234E-08   1.0000E-07   0.0000E+00  0.0000   0.0000E+00  0.0000   0.0000E+00  0.0000   0.0000E+00  0.0000
   1.0000E-07   1.7783E-07   0.0000E+00  0.0000   0.0000E+00  0.0000   0.0000E+00  0.0000   0.0000E+00  0.0000
   1.7783E-07   3.1623E-07   0.0000E+00  0.0000   0.0000E+00  0.0000   0.0000E+00  0.0000   0.0000E+00  0.0000
   3.1623E-07   5.6234E-07   0.0000E+00  0.0000   0.0000E+00  0.0000   0.0000E+00  0.0000   0.0000E+00  0.0000
   5.6234E-07   1.0000E-06   0.0000E+00  0.0000   0.0000E+00  0.0000   0.0000E+00  0.0000   0.0000E+00  0.0000
   1.0000E-06   1.7783E-06   0.0000E+00  0.0000   0.0000E+00  0.0000   0.0000E+00  0.0000   0.0000E+00  0.0000
   1.7783E-06   3.1623E-06   0.0000E+00  0.0000   0.0000E+00  0.0000   0.0000E+00  0.0000   0.0000E+00  0.0000
   3.1623E-06   5.6234E-06   0.0000E+00  0.0000   0.0000E+00  0.0000   0.0000E+00  0.0000   0.0000E+00  0.0000
   5.6234E-06   1.0000E-05   0.0000E+00  0.0000   0.0000E+00  0.0000   0.0000E+00  0.0000   0.0000E+00  0.0000
   1.0000E-05   1.7783E-05   0.0000E+00  0.0000   0.0000E+00  0.0000   0.0000E+00  0.0000   0.0000E+00  0.0000
   1.7783E-05   3.1623E-05   0.0000E+00  0.0000   0.0000E+00  0.0000   0.0000E+00  0.0000   0.0000E+00  0.0000
   3.1623E-05   5.6234E-05   0.0000E+00  0.0000   0.0000E+00  0.0000   0.0000E+00  0.0000   0.0000E+00  0.0000
   5.6234E-05   1.0000E-04   0.0000E+00  0.0000   0.0000E+00  0.0000   0.0000E+00  0.0000   0.0000E+00  0.0000
   1.0000E-04   1.7783E-04   0.0000E+00  0.0000   0.0000E+00  0.0000   1.9882E-16  1.0000   0.0000E+00  0.0000
   1.7783E-04   3.1623E-04   0.0000E+00  0.0000   0.0000E+00  0.0000   3.7395E-21  1.0000   0.0000E+00  0.0000
   3.1623E-04   5.6234E-04   0.0000E+00  0.0000   0.0000E+00  0.0000   0.0000E+00  0.0000   0.0000E+00  0.0000
   5.6234E-04   1.0000E-03   0.0000E+00  0.0000   0.0000E+00  0.0000   0.0000E+00  0.0000   0.0000E+00  0.0000
   1.0000E-03   1.7783E-03   0.0000E+00  0.0000   0.0000E+00  0.0000   3.9854E-11  0.3780   0.0000E+00  0.0000
   1.7783E-03   3.1623E-03   0.0000E+00  0.0000   0.0000E+00  0.0000   2.0368E-11  0.3771   0.0000E+00  0.0000
   3.1623E-03   5.6234E-03   0.0000E+00  0.0000   0.0000E+00  0.0000   3.0092E-11  0.3771   0.0000E+00  0.0000
   5.6234E-03   1.0000E-02   0.0000E+00  0.0000   0.0000E+00  0.0000   4.8264E-11  0.3771   0.0000E+00  0.0000
   1.0000E-02   1.7783E-02   0.0000E+00  0.0000   0.0000E+00  0.0000   8.6541E-11  0.3771   0.0000E+00  0.0000
   1.7783E-02   3.1623E-02   0.0000E+00  0.0000   0.0000E+00  0.0000   1.7867E-10  0.3771   0.0000E+00  0.0000
   3.1623E-02   5.6234E-02   0.0000E+00  0.0000   0.0000E+00  0.0000   4.1740E-10  0.3771   0.0000E+00  0.0000
   5.6234E-02   1.0000E-01   0.0000E+00  0.0000   0.0000E+00  0.0000   1.0458E-09  0.3771   0.0000E+00  0.0000
   1.0000E-01   1.7783E-01   0.0000E+00  0.0000   0.0000E+00  0.0000   2.6845E-09  0.3771   0.0000E+00  0.0000
   1.7783E-01   3.1623E-01   0.0000E+00  0.0000   0.0000E+00  0.0000   7.0222E-09  0.3771   0.0000E+00  0.0000
   3.1623E-01   5.6234E-01   0.0000E+00  0.0000   0.0000E+00  0.0000   1.8822E-08  0.3771   0.0000E+00  0.0000
   5.6234E-01   1.0000E+00   0.0000E+00  0.0000   0.0000E+00  0.0000   5.1625E-08  0.3771   0.0000E+00  0.0000
   1.0000E+00   1.7783E+00   0.0000E+00  0.0000   0.0000E+00  0.0000   1.4456E-07  0.3771   0.0000E+00  0.0000
   1.7783E+00   3.1623E+00   0.0000E+00  0.0000   0.0000E+00  0.0000   4.1119E-07  0.3771   0.0000E+00  0.0000
   3.1623E+00   5.6234E+00   0.0000E+00  0.0000   0.0000E+00  0.0000   1.1621E-06  0.3771   0.0000E+00  0.0000
   5.6234E+00   1.0000E+01   0.0000E+00  0.0000   0.0000E+00  0.0000   3.2371E-06  0.3771   0.0000E+00  0.0000
   1.0000E+01   1.7783E+01   0.0000E+00  0.0000   0.0000E+00  0.0000   8.8139E-06  0.3771   0.0000E+00  0.0000
   1.7783E+01   3.1623E+01   0.0000E+00  0.0000   0.0000E+00  0.0000   2.3654E-05  0.3624   0.0000E+00  0.0000
   3.1623E+01   5.6234E+01   0.0000E+00  0.0000   0.0000E+00  0.0000   5.6253E-05  0.3771   0.0000E+00  0.0000
   5.6234E+01   1.0000E+02   0.0000E+00  0.0000   0.0000E+00  0.0000   1.4463E-04  0.3338   0.0000E+00  0.0000
   1.0000E+02   1.7783E+02   0.0000E+00  0.0000   0.0000E+00  0.0000   1.9954E-04  0.3631   0.0000E+00  0.0000
   1.7783E+02   3.1623E+02   0.0000E+00  0.0000   0.0000E+00  0.0000   2.7988E-04  0.3256   0.0000E+00  0.0000
   3.1623E+02   5.6234E+02   0.0000E+00  0.0000   0.0000E+00  0.0000   5.8284E-04  0.2565   0.0000E+00  0.0000
   5.6234E+02   1.0000E+03   0.0000E+00  0.0000   0.0000E+00  0.0000   4.5460E-04  0.3174   0.0000E+00  0.0000
   1.0000E+03   1.7783E+03   0.0000E+00  0.0000   0.0000E+00  0.0000   1.0538E-03  0.2288   0.0000E+00  0.0000
   1.7783E+03   3.1623E+03   0.0000E+00  0.0000   0.0000E+00  0.0000   1.9043E-03  0.1749   0.0000E+00  0.0000
   3.1623E+03   5.6234E+03   0.0000E+00  0.0000   0.0000E+00  0.0000   1.9982E-03  0.2166   0.0000E+00  0.0000
   5.6234E+03   1.0000E+04   0.0000E+00  0.0000   0.0000E+00  0.0000   1.7105E-03  0.1755   0.0000E+00  0.0000
   1.0000E+04   1.7783E+04   0.0000E+00  0.0000   0.0000E+00  0.0000   8.1189E-04  0.2757   0.0000E+00  0.0000
   1.7783E+04   3.1623E+04   0.0000E+00  0.0000   0.0000E+00  0.0000   2.3730E-04  0.6264   0.0000E+00  0.0000
   3.1623E+04   5.6234E+04   0.0000E+00  0.0000   0.0000E+00  0.0000   2.6174E-04  0.4553   0.0000E+00  0.0000
   5.6234E+04   1.0000E+05   0.0000E+00  0.0000   0.0000E+00  0.0000   0.0000E+00  0.0000   0.0000E+00  0.0000

#   sum over                 0.0000E+00  0.0000   0.0000E+00  0.0000   9.7330E-03  0.0769   0.0000E+00  0.0000

'no. = 33, (ix,iy,iz) = (  1,  1, 33)'
msuc: {\huge Flux spectra vs depth in concrete}
msdr: {\it plotted by \ANGEL \version}
msdl: {\it calculated by \PHITS  3.36}
wt: s(0.7)
\vspace{-3}
   vol  &=&   2.8800E+07 [cm^3]
  xmin  &=&  -6.0000E+02 [cm]
  xmax  &=&   6.0000E+02 [cm]
  ymin  &=&  -6.0000E+02 [cm]
  ymax  &=&   6.0000E+02 [cm]
  zmin  &=&  -6.0000E+01 [cm]
  zmax  &=&  -4.0000E+01 [cm]
e:

#------------------------------------------------------------------------------
 newpage:
#   no. = 34   ix  =  1   iy  =  1   iz  = 34
#   x = (  -6.0000E+02  -   6.0000E+02  )
#   y = (  -6.0000E+02  -   6.0000E+02  )
#   z = (  -4.0000E+01  -  -2.0000E+01  )

x: Energy [MeV/n]
y: Flux [1/cm^2/source]              
p: xlog ylog afac(0.8) form(0.9)
h: n            x            y(neutron ),hh0l n y(muon-   ),hh0dr n y(muon+   ),hh0ub n y(proton  ),hh0mg n 
#  e-lower      e-upper        neutron   r.err      muon-     r.err      muon+     r.err      proton    r.err 
   1.0000E-10   1.7783E-10   0.0000E+00  0.0000   0.0000E+00  0.0000   0.0000E+00  0.0000   0.0000E+00  0.0000
   1.7783E-10   3.1623E-10   0.0000E+00  0.0000   0.0000E+00  0.0000   0.0000E+00  0.0000   0.0000E+00  0.0000
   3.1623E-10   5.6234E-10   0.0000E+00  0.0000   0.0000E+00  0.0000   0.0000E+00  0.0000   0.0000E+00  0.0000
   5.6234E-10   1.0000E-09   0.0000E+00  0.0000   0.0000E+00  0.0000   0.0000E+00  0.0000   0.0000E+00  0.0000
   1.0000E-09   1.7783E-09   0.0000E+00  0.0000   0.0000E+00  0.0000   0.0000E+00  0.0000   0.0000E+00  0.0000
   1.7783E-09   3.1623E-09   0.0000E+00  0.0000   0.0000E+00  0.0000   0.0000E+00  0.0000   0.0000E+00  0.0000
   3.1623E-09   5.6234E-09   0.0000E+00  0.0000   0.0000E+00  0.0000   0.0000E+00  0.0000   0.0000E+00  0.0000
   5.6234E-09   1.0000E-08   0.0000E+00  0.0000   0.0000E+00  0.0000   0.0000E+00  0.0000   0.0000E+00  0.0000
   1.0000E-08   1.7783E-08   0.0000E+00  0.0000   0.0000E+00  0.0000   0.0000E+00  0.0000   0.0000E+00  0.0000
   1.7783E-08   3.1623E-08   0.0000E+00  0.0000   0.0000E+00  0.0000   0.0000E+00  0.0000   0.0000E+00  0.0000
   3.1623E-08   5.6234E-08   0.0000E+00  0.0000   0.0000E+00  0.0000   0.0000E+00  0.0000   0.0000E+00  0.0000
   5.6234E-08   1.0000E-07   0.0000E+00  0.0000   0.0000E+00  0.0000   0.0000E+00  0.0000   0.0000E+00  0.0000
   1.0000E-07   1.7783E-07   0.0000E+00  0.0000   0.0000E+00  0.0000   0.0000E+00  0.0000   0.0000E+00  0.0000
   1.7783E-07   3.1623E-07   0.0000E+00  0.0000   0.0000E+00  0.0000   0.0000E+00  0.0000   0.0000E+00  0.0000
   3.1623E-07   5.6234E-07   0.0000E+00  0.0000   0.0000E+00  0.0000   0.0000E+00  0.0000   0.0000E+00  0.0000
   5.6234E-07   1.0000E-06   0.0000E+00  0.0000   0.0000E+00  0.0000   0.0000E+00  0.0000   0.0000E+00  0.0000
   1.0000E-06   1.7783E-06   0.0000E+00  0.0000   0.0000E+00  0.0000   0.0000E+00  0.0000   0.0000E+00  0.0000
   1.7783E-06   3.1623E-06   0.0000E+00  0.0000   0.0000E+00  0.0000   0.0000E+00  0.0000   0.0000E+00  0.0000
   3.1623E-06   5.6234E-06   0.0000E+00  0.0000   0.0000E+00  0.0000   0.0000E+00  0.0000   0.0000E+00  0.0000
   5.6234E-06   1.0000E-05   0.0000E+00  0.0000   0.0000E+00  0.0000   0.0000E+00  0.0000   0.0000E+00  0.0000
   1.0000E-05   1.7783E-05   0.0000E+00  0.0000   0.0000E+00  0.0000   0.0000E+00  0.0000   0.0000E+00  0.0000
   1.7783E-05   3.1623E-05   0.0000E+00  0.0000   0.0000E+00  0.0000   0.0000E+00  0.0000   0.0000E+00  0.0000
   3.1623E-05   5.6234E-05   0.0000E+00  0.0000   0.0000E+00  0.0000   0.0000E+00  0.0000   0.0000E+00  0.0000
   5.6234E-05   1.0000E-04   0.0000E+00  0.0000   0.0000E+00  0.0000   0.0000E+00  0.0000   0.0000E+00  0.0000
   1.0000E-04   1.7783E-04   0.0000E+00  0.0000   0.0000E+00  0.0000   1.0231E-20  0.5792   0.0000E+00  0.0000
   1.7783E-04   3.1623E-04   0.0000E+00  0.0000   0.0000E+00  0.0000   3.0806E-21  1.0000   0.0000E+00  0.0000
   3.1623E-04   5.6234E-04   0.0000E+00  0.0000   0.0000E+00  0.0000   0.0000E+00  0.0000   0.0000E+00  0.0000
   5.6234E-04   1.0000E-03   0.0000E+00  0.0000   0.0000E+00  0.0000   0.0000E+00  0.0000   0.0000E+00  0.0000
   1.0000E-03   1.7783E-03   0.0000E+00  0.0000   0.0000E+00  0.0000   2.7750E-11  0.4476   0.0000E+00  0.0000
   1.7783E-03   3.1623E-03   0.0000E+00  0.0000   0.0000E+00  0.0000   1.4549E-11  0.4465   0.0000E+00  0.0000
   3.1623E-03   5.6234E-03   0.0000E+00  0.0000   0.0000E+00  0.0000   2.1495E-11  0.4465   0.0000E+00  0.0000
   5.6234E-03   1.0000E-02   0.0000E+00  0.0000   0.0000E+00  0.0000   3.4474E-11  0.4465   0.0000E+00  0.0000
   1.0000E-02   1.7783E-02   0.0000E+00  0.0000   0.0000E+00  0.0000   6.1815E-11  0.4465   0.0000E+00  0.0000
   1.7783E-02   3.1623E-02   0.0000E+00  0.0000   0.0000E+00  0.0000   1.2762E-10  0.4465   0.0000E+00  0.0000
   3.1623E-02   5.6234E-02   0.0000E+00  0.0000   0.0000E+00  0.0000   2.9814E-10  0.4465   0.0000E+00  0.0000
   5.6234E-02   1.0000E-01   0.0000E+00  0.0000   0.0000E+00  0.0000   7.4703E-10  0.4465   0.0000E+00  0.0000
   1.0000E-01   1.7783E-01   0.0000E+00  0.0000   0.0000E+00  0.0000   1.9175E-09  0.4465   0.0000E+00  0.0000
   1.7783E-01   3.1623E-01   0.0000E+00  0.0000   0.0000E+00  0.0000   5.0158E-09  0.4465   0.0000E+00  0.0000
   3.1623E-01   5.6234E-01   0.0000E+00  0.0000   0.0000E+00  0.0000   1.3445E-08  0.4465   0.0000E+00  0.0000
   5.6234E-01   1.0000E+00   0.0000E+00  0.0000   0.0000E+00  0.0000   3.6875E-08  0.4465   0.0000E+00  0.0000
   1.0000E+00   1.7783E+00   0.0000E+00  0.0000   0.0000E+00  0.0000   1.0326E-07  0.4465   0.0000E+00  0.0000
   1.7783E+00   3.1623E+00   0.0000E+00  0.0000   0.0000E+00  0.0000   2.9371E-07  0.4465   0.0000E+00  0.0000
   3.1623E+00   5.6234E+00   0.0000E+00  0.0000   0.0000E+00  0.0000   8.3004E-07  0.4465   0.0000E+00  0.0000
   5.6234E+00   1.0000E+01   0.0000E+00  0.0000   0.0000E+00  0.0000   2.3122E-06  0.4465   0.0000E+00  0.0000
   1.0000E+01   1.7783E+01   0.0000E+00  0.0000   0.0000E+00  0.0000   6.2956E-06  0.4465   0.0000E+00  0.0000
   1.7783E+01   3.1623E+01   0.0000E+00  0.0000   0.0000E+00  0.0000   1.8567E-05  0.4114   0.0000E+00  0.0000
   3.1623E+01   5.6234E+01   0.0000E+00  0.0000   0.0000E+00  0.0000   4.8217E-05  0.4075   0.0000E+00  0.0000
   5.6234E+01   1.0000E+02   0.0000E+00  0.0000   0.0000E+00  0.0000   1.0800E-04  0.3756   0.0000E+00  0.0000
   1.0000E+02   1.7783E+02   0.0000E+00  0.0000   0.0000E+00  0.0000   2.3004E-04  0.3407   0.0000E+00  0.0000
   1.7783E+02   3.1623E+02   0.0000E+00  0.0000   0.0000E+00  0.0000   3.0148E-04  0.3227   0.0000E+00  0.0000
   3.1623E+02   5.6234E+02   0.0000E+00  0.0000   0.0000E+00  0.0000   6.4267E-04  0.2526   0.0000E+00  0.0000
   5.6234E+02   1.0000E+03   0.0000E+00  0.0000   0.0000E+00  0.0000   5.9451E-04  0.2759   0.0000E+00  0.0000
   1.0000E+03   1.7783E+03   0.0000E+00  0.0000   0.0000E+00  0.0000   8.9515E-04  0.2376   0.0000E+00  0.0000
   1.7783E+03   3.1623E+03   0.0000E+00  0.0000   0.0000E+00  0.0000   1.8843E-03  0.1723   0.0000E+00  0.0000
   3.1623E+03   5.6234E+03   0.0000E+00  0.0000   0.0000E+00  0.0000   1.9002E-03  0.1775   0.0000E+00  0.0000
   5.6234E+03   1.0000E+04   0.0000E+00  0.0000   0.0000E+00  0.0000   1.9449E-03  0.1849   0.0000E+00  0.0000
   1.0000E+04   1.7783E+04   0.0000E+00  0.0000   0.0000E+00  0.0000   9.1548E-04  0.2636   0.0000E+00  0.0000
   1.7783E+04   3.1623E+04   0.0000E+00  0.0000   0.0000E+00  0.0000   1.7496E-04  0.5945   0.0000E+00  0.0000
   3.1623E+04   5.6234E+04   0.0000E+00  0.0000   0.0000E+00  0.0000   2.6174E-04  0.4553   0.0000E+00  0.0000
   5.6234E+04   1.0000E+05   0.0000E+00  0.0000   0.0000E+00  0.0000   0.0000E+00  0.0000   0.0000E+00  0.0000

#   sum over                 0.0000E+00  0.0000   0.0000E+00  0.0000   9.9301E-03  0.0754   0.0000E+00  0.0000

'no. = 34, (ix,iy,iz) = (  1,  1, 34)'
msuc: {\huge Flux spectra vs depth in concrete}
msdr: {\it plotted by \ANGEL \version}
msdl: {\it calculated by \PHITS  3.36}
wt: s(0.7)
\vspace{-3}
   vol  &=&   2.8800E+07 [cm^3]
  xmin  &=&  -6.0000E+02 [cm]
  xmax  &=&   6.0000E+02 [cm]
  ymin  &=&  -6.0000E+02 [cm]
  ymax  &=&   6.0000E+02 [cm]
  zmin  &=&  -4.0000E+01 [cm]
  zmax  &=&  -2.0000E+01 [cm]
e:

#------------------------------------------------------------------------------
 newpage:
#   no. = 35   ix  =  1   iy  =  1   iz  = 35
#   x = (  -6.0000E+02  -   6.0000E+02  )
#   y = (  -6.0000E+02  -   6.0000E+02  )
#   z = (  -2.0000E+01  -   0.0000E+00  )

x: Energy [MeV/n]
y: Flux [1/cm^2/source]              
p: xlog ylog afac(0.8) form(0.9)
h: n            x            y(neutron ),hh0l n y(muon-   ),hh0dr n y(muon+   ),hh0ub n y(proton  ),hh0mg n 
#  e-lower      e-upper        neutron   r.err      muon-     r.err      muon+     r.err      proton    r.err 
   1.0000E-10   1.7783E-10   0.0000E+00  0.0000   0.0000E+00  0.0000   0.0000E+00  0.0000   0.0000E+00  0.0000
   1.7783E-10   3.1623E-10   0.0000E+00  0.0000   0.0000E+00  0.0000   0.0000E+00  0.0000   0.0000E+00  0.0000
   3.1623E-10   5.6234E-10   0.0000E+00  0.0000   0.0000E+00  0.0000   0.0000E+00  0.0000   0.0000E+00  0.0000
   5.6234E-10   1.0000E-09   0.0000E+00  0.0000   0.0000E+00  0.0000   0.0000E+00  0.0000   0.0000E+00  0.0000
   1.0000E-09   1.7783E-09   0.0000E+00  0.0000   0.0000E+00  0.0000   0.0000E+00  0.0000   0.0000E+00  0.0000
   1.7783E-09   3.1623E-09   0.0000E+00  0.0000   0.0000E+00  0.0000   0.0000E+00  0.0000   0.0000E+00  0.0000
   3.1623E-09   5.6234E-09   0.0000E+00  0.0000   0.0000E+00  0.0000   0.0000E+00  0.0000   0.0000E+00  0.0000
   5.6234E-09   1.0000E-08   0.0000E+00  0.0000   0.0000E+00  0.0000   0.0000E+00  0.0000   0.0000E+00  0.0000
   1.0000E-08   1.7783E-08   0.0000E+00  0.0000   0.0000E+00  0.0000   0.0000E+00  0.0000   0.0000E+00  0.0000
   1.7783E-08   3.1623E-08   0.0000E+00  0.0000   0.0000E+00  0.0000   0.0000E+00  0.0000   0.0000E+00  0.0000
   3.1623E-08   5.6234E-08   0.0000E+00  0.0000   0.0000E+00  0.0000   0.0000E+00  0.0000   0.0000E+00  0.0000
   5.6234E-08   1.0000E-07   0.0000E+00  0.0000   0.0000E+00  0.0000   0.0000E+00  0.0000   0.0000E+00  0.0000
   1.0000E-07   1.7783E-07   0.0000E+00  0.0000   0.0000E+00  0.0000   0.0000E+00  0.0000   0.0000E+00  0.0000
   1.7783E-07   3.1623E-07   0.0000E+00  0.0000   0.0000E+00  0.0000   0.0000E+00  0.0000   0.0000E+00  0.0000
   3.1623E-07   5.6234E-07   0.0000E+00  0.0000   0.0000E+00  0.0000   0.0000E+00  0.0000   0.0000E+00  0.0000
   5.6234E-07   1.0000E-06   0.0000E+00  0.0000   0.0000E+00  0.0000   0.0000E+00  0.0000   0.0000E+00  0.0000
   1.0000E-06   1.7783E-06   0.0000E+00  0.0000   0.0000E+00  0.0000   0.0000E+00  0.0000   0.0000E+00  0.0000
   1.7783E-06   3.1623E-06   0.0000E+00  0.0000   0.0000E+00  0.0000   0.0000E+00  0.0000   0.0000E+00  0.0000
   3.1623E-06   5.6234E-06   0.0000E+00  0.0000   0.0000E+00  0.0000   0.0000E+00  0.0000   0.0000E+00  0.0000
   5.6234E-06   1.0000E-05   0.0000E+00  0.0000   0.0000E+00  0.0000   0.0000E+00  0.0000   0.0000E+00  0.0000
   1.0000E-05   1.7783E-05   0.0000E+00  0.0000   0.0000E+00  0.0000   0.0000E+00  0.0000   0.0000E+00  0.0000
   1.7783E-05   3.1623E-05   0.0000E+00  0.0000   0.0000E+00  0.0000   0.0000E+00  0.0000   0.0000E+00  0.0000
   3.1623E-05   5.6234E-05   0.0000E+00  0.0000   0.0000E+00  0.0000   0.0000E+00  0.0000   0.0000E+00  0.0000
   5.6234E-05   1.0000E-04   0.0000E+00  0.0000   0.0000E+00  0.0000   0.0000E+00  0.0000   0.0000E+00  0.0000
   1.0000E-04   1.7783E-04   0.0000E+00  0.0000   0.0000E+00  0.0000   3.9760E-16  0.7068   0.0000E+00  0.0000
   1.7783E-04   3.1623E-04   0.0000E+00  0.0000   0.0000E+00  0.0000   0.0000E+00  0.0000   0.0000E+00  0.0000
   3.1623E-04   5.6234E-04   0.0000E+00  0.0000   0.0000E+00  0.0000   0.0000E+00  0.0000   0.0000E+00  0.0000
   5.6234E-04   1.0000E-03   0.0000E+00  0.0000   0.0000E+00  0.0000   0.0000E+00  0.0000   0.0000E+00  0.0000
   1.0000E-03   1.7783E-03   0.0000E+00  0.0000   0.0000E+00  0.0000   2.9425E-11  0.4466   0.0000E+00  0.0000
   1.7783E-03   3.1623E-03   0.0000E+00  0.0000   0.0000E+00  0.0000   1.4549E-11  0.4465   0.0000E+00  0.0000
   3.1623E-03   5.6234E-03   0.0000E+00  0.0000   0.0000E+00  0.0000   2.1495E-11  0.4465   0.0000E+00  0.0000
   5.6234E-03   1.0000E-02   0.0000E+00  0.0000   0.0000E+00  0.0000   3.4474E-11  0.4465   0.0000E+00  0.0000
   1.0000E-02   1.7783E-02   0.0000E+00  0.0000   0.0000E+00  0.0000   6.1815E-11  0.4465   0.0000E+00  0.0000
   1.7783E-02   3.1623E-02   0.0000E+00  0.0000   0.0000E+00  0.0000   1.2762E-10  0.4465   0.0000E+00  0.0000
   3.1623E-02   5.6234E-02   0.0000E+00  0.0000   0.0000E+00  0.0000   2.9814E-10  0.4465   0.0000E+00  0.0000
   5.6234E-02   1.0000E-01   0.0000E+00  0.0000   0.0000E+00  0.0000   7.4703E-10  0.4465   0.0000E+00  0.0000
   1.0000E-01   1.7783E-01   0.0000E+00  0.0000   0.0000E+00  0.0000   1.9175E-09  0.4465   0.0000E+00  0.0000
   1.7783E-01   3.1623E-01   0.0000E+00  0.0000   0.0000E+00  0.0000   5.0158E-09  0.4465   0.0000E+00  0.0000
   3.1623E-01   5.6234E-01   0.0000E+00  0.0000   0.0000E+00  0.0000   1.3445E-08  0.4465   0.0000E+00  0.0000
   5.6234E-01   1.0000E+00   0.0000E+00  0.0000   0.0000E+00  0.0000   3.6875E-08  0.4465   0.0000E+00  0.0000
   1.0000E+00   1.7783E+00   0.0000E+00  0.0000   0.0000E+00  0.0000   1.0326E-07  0.4465   0.0000E+00  0.0000
   1.7783E+00   3.1623E+00   0.0000E+00  0.0000   0.0000E+00  0.0000   2.9371E-07  0.4465   0.0000E+00  0.0000
   3.1623E+00   5.6234E+00   0.0000E+00  0.0000   0.0000E+00  0.0000   8.3004E-07  0.4465   0.0000E+00  0.0000
   5.6234E+00   1.0000E+01   0.0000E+00  0.0000   0.0000E+00  0.0000   2.3122E-06  0.4465   0.0000E+00  0.0000
   1.0000E+01   1.7783E+01   0.0000E+00  0.0000   0.0000E+00  0.0000   6.2956E-06  0.4465   0.0000E+00  0.0000
   1.7783E+01   3.1623E+01   0.0000E+00  0.0000   0.0000E+00  0.0000   1.6436E-05  0.4465   0.0000E+00  0.0000
   3.1623E+01   5.6234E+01   0.0000E+00  0.0000   0.0000E+00  0.0000   2.3225E-05  0.5497   0.0000E+00  0.0000
   5.6234E+01   1.0000E+02   0.0000E+00  0.0000   0.0000E+00  0.0000   4.7207E-05  0.5580   0.0000E+00  0.0000
   1.0000E+02   1.7783E+02   0.0000E+00  0.0000   0.0000E+00  0.0000   2.2614E-04  0.3699   0.0000E+00  0.0000
   1.7783E+02   3.1623E+02   0.0000E+00  0.0000   0.0000E+00  0.0000   4.2215E-04  0.2894   0.0000E+00  0.0000
   3.1623E+02   5.6234E+02   0.0000E+00  0.0000   0.0000E+00  0.0000   6.3414E-04  0.2584   0.0000E+00  0.0000
   5.6234E+02   1.0000E+03   0.0000E+00  0.0000   0.0000E+00  0.0000   7.0157E-04  0.2521   0.0000E+00  0.0000
   1.0000E+03   1.7783E+03   0.0000E+00  0.0000   0.0000E+00  0.0000   8.7321E-04  0.2352   0.0000E+00  0.0000
   1.7783E+03   3.1623E+03   0.0000E+00  0.0000   0.0000E+00  0.0000   1.7940E-03  0.1726   0.0000E+00  0.0000
   3.1623E+03   5.6234E+03   0.0000E+00  0.0000   0.0000E+00  0.0000   1.9335E-03  0.1715   0.0000E+00  0.0000
   5.6234E+03   1.0000E+04   0.0000E+00  0.0000   0.0000E+00  0.0000   1.9377E-03  0.2199   0.0000E+00  0.0000
   1.0000E+04   1.7783E+04   0.0000E+00  0.0000   0.0000E+00  0.0000   9.4220E-04  0.2565   0.0000E+00  0.0000
   1.7783E+04   3.1623E+04   0.0000E+00  0.0000   0.0000E+00  0.0000   1.1562E-04  0.7394   0.0000E+00  0.0000
   3.1623E+04   5.6234E+04   0.0000E+00  0.0000   0.0000E+00  0.0000   2.6175E-04  0.4553   0.0000E+00  0.0000
   5.6234E+04   1.0000E+05   0.0000E+00  0.0000   0.0000E+00  0.0000   0.0000E+00  0.0000   0.0000E+00  0.0000

#   sum over                 0.0000E+00  0.0000   0.0000E+00  0.0000   9.9387E-03  0.0752   0.0000E+00  0.0000

'no. = 35, (ix,iy,iz) = (  1,  1, 35)'
msuc: {\huge Flux spectra vs depth in concrete}
msdr: {\it plotted by \ANGEL \version}
msdl: {\it calculated by \PHITS  3.36}
wt: s(0.7)
\vspace{-3}
   vol  &=&   2.8800E+07 [cm^3]
  xmin  &=&  -6.0000E+02 [cm]
  xmax  &=&   6.0000E+02 [cm]
  ymin  &=&  -6.0000E+02 [cm]
  ymax  &=&   6.0000E+02 [cm]
  zmin  &=&  -2.0000E+01 [cm]
  zmax  &=&   0.0000E+00 [cm]
e:
 
# Information for Restart Calculation
# This calculation was newly started
# istdev =  2 # 1:Batch variance, 2:History variance
# resc2  = 1.74639143301054227E-02 # Total source weight or Total source weight / maxcas
# resc3  = 1.30000000000000000E+03 # Total history number or Total batch number
# maxcas =        1300 # History / Batch, only used for istdev=1
# bitrseed = 0001111110111110100000001001000111101100110111011000000000000111 # bit data of rseed
