detector,window,t_eq_cm,phi
D1,wall,0.00,3.724790e-03
D1,wall,1.96,3.551264e-03
D1,wall,3.92,3.386255e-03
D1,wall,5.88,3.229346e-03
D1,wall,7.85,3.080136e-03
D1,wall,9.81,2.938248e-03
D1,wall,11.77,2.803321e-03
D1,wall,13.73,2.675013e-03
D1,wall,15.69,2.552998e-03
D1,wall,17.65,2.436966e-03
D1,wall,19.61,2.326623e-03
D1,wall,21.58,2.221689e-03
D1,wall,23.54,2.121897e-03
D1,wall,25.50,2.026996e-03
D1,wall,27.46,1.936744e-03
D1,wall,29.42,1.850913e-03
D1,wall,31.38,1.769284e-03
D1,wall,33.34,1.691653e-03
D1,wall,35.31,1.617821e-03
D1,wall,37.27,1.547602e-03
D1,wall,39.23,1.480818e-03
D1,wall,41.19,1.417301e-03
D1,wall,43.15,1.356889e-03
D1,wall,45.11,1.299430e-03
D1,wall,47.07,1.244779e-03
D1,wall,49.04,1.192798e-03
D1,wall,51.00,1.143355e-03
D1,wall,52.96,1.096326e-03
D1,wall,54.92,1.051592e-03
D1,wall,56.88,1.009041e-03
D1,wall,58.84,9.685637e-04
D1,wall,60.80,9.300599e-04
D1,wall,62.77,8.934320e-04
D1,wall,64.73,8.585879e-04
D1,wall,66.69,8.254400e-04
D1,wall,68.65,7.939050e-04
D1,wall,70.61,7.639035e-04
D1,wall,72.57,7.353602e-04
D1,wall,74.53,7.082036e-04
D1,wall,76.50,6.823654e-04
D1,wall,78.46,6.577810e-04
D1,wall,80.42,6.343888e-04
D1,wall,82.38,6.121303e-04
D1,wall,84.34,5.909497e-04
D1,wall,86.30,5.707942e-04
D1,wall,88.26,5.516134e-04
D1,wall,90.23,5.333595e-04
D1,wall,92.19,5.159871e-04
D1,wall,94.15,4.994528e-04
D1,wall,96.11,4.837156e-04
D1,wall,98.07,4.687363e-04
D1,wall,100.03,4.544778e-04
D1,wall,101.99,4.409047e-04
D1,wall,103.96,4.279834e-04
D1,wall,105.92,4.156819e-04
D1,wall,107.88,4.039700e-04
D1,wall,109.84,3.928186e-04
D1,wall,111.80,3.822003e-04
D1,wall,113.76,3.720890e-04
D1,wall,115.72,3.624599e-04
D1,wall,117.69,3.532893e-04
D1,wall,119.65,3.445548e-04
D1,wall,121.61,3.362350e-04
D1,wall,123.57,3.283096e-04
D1,wall,125.53,3.207594e-04
D1,wall,127.49,3.135660e-04
D1,wall,129.45,3.067119e-04
D1,wall,131.42,3.001805e-04
D1,wall,133.38,2.939561e-04
D1,wall,135.34,2.880237e-04
D1,wall,137.30,2.823689e-04
D1,wall,139.26,2.769783e-04
D1,wall,141.22,2.718389e-04
D1,wall,143.18,2.669384e-04
D1,wall,145.15,2.622652e-04
D1,wall,147.11,2.578083e-04
D1,wall,149.07,2.535570e-04
D1,wall,151.03,2.495013e-04
D1,wall,152.99,2.456317e-04
D1,wall,154.95,2.419391e-04
D1,wall,156.91,2.384150e-04
D1,wall,158.88,2.350510e-04
D1,wall,160.84,2.318395e-04
D1,wall,162.80,2.287730e-04
D1,wall,164.76,2.258444e-04
D1,wall,166.72,2.230470e-04
D1,wall,168.68,2.203745e-04
D1,wall,170.64,2.178208e-04
D1,wall,172.61,2.153801e-04
D1,wall,174.57,2.130470e-04
D1,wall,176.53,2.108163e-04
D1,wall,178.49,2.086828e-04
D1,wall,180.45,2.066421e-04
D1,wall,182.41,2.046895e-04
D1,wall,184.37,2.028209e-04
D1,wall,186.34,2.010321e-04
D1,wall,188.30,1.993193e-04
D1,wall,190.26,1.976788e-04
D1,wall,192.22,1.961071e-04
D1,wall,194.18,1.946010e-04
D1,wall,196.14,1.931572e-04
D1,wall,198.10,1.917728e-04
D1,wall,200.07,1.904449e-04
D1,wall,202.03,1.891708e-04
D1,wall,203.99,1.879479e-04
D1,wall,205.95,1.867738e-04
D1,wall,207.91,1.856460e-04
D1,wall,209.87,1.845625e-04
D1,wall,211.83,1.835210e-04
D1,wall,213.80,1.825196e-04
D1,wall,215.76,1.815563e-04
D1,wall,217.72,1.806294e-04
D1,wall,219.68,1.797371e-04
D1,wall,221.64,1.788778e-04
D1,wall,223.60,1.780498e-04
D1,wall,225.56,1.772517e-04
D1,wall,227.53,1.764822e-04
D1,wall,229.49,1.757397e-04
D1,wall,231.45,1.750231e-04
D1,wall,233.41,1.743312e-04
D1,wall,235.37,1.736627e-04
D1,wall,237.33,1.730166e-04
D1,wall,239.29,1.723918e-04
D1,wall,241.26,1.717873e-04
D1,wall,243.22,1.712022e-04
D1,wall,245.18,1.706356e-04
D1,wall,247.14,1.700865e-04
D1,wall,249.10,1.695543e-04
D1,wall,251.06,1.690380e-04
D1,wall,253.02,1.685370e-04
D1,wall,254.99,1.680505e-04
D1,wall,256.95,1.675780e-04
D1,wall,258.91,1.671186e-04
D1,wall,260.87,1.666719e-04
D1,wall,262.83,1.662373e-04
D1,wall,264.79,1.658141e-04
D1,wall,266.75,1.654019e-04
D1,wall,268.72,1.650002e-04
D1,wall,270.68,1.646085e-04
D1,wall,272.64,1.642264e-04
D1,wall,274.60,1.638534e-04
D1,wall,276.56,1.634890e-04
D1,wall,278.52,1.631330e-04
D1,wall,280.48,1.627850e-04
D1,wall,282.45,1.624445e-04
D1,wall,284.41,1.621113e-04
D1,wall,286.37,1.617850e-04
D1,wall,288.33,1.614653e-04
D1,wall,290.29,1.611520e-04
D1,wall,292.25,1.608447e-04
D1,wall,294.21,1.605433e-04
D1,wall,296.18,1.602473e-04
D1,wall,298.14,1.599567e-04
D1,wall,300.10,1.596712e-04
D1,wall,302.06,1.593905e-04
D1,wall,304.02,1.591144e-04
D1,wall,305.98,1.588429e-04
D1,wall,307.94,1.585755e-04
D1,wall,309.91,1.583123e-04
D1,wall,311.87,1.580530e-04
D1,wall,313.83,1.577974e-04
D1,wall,315.79,1.575455e-04
D1,wall,317.75,1.572969e-04
D1,wall,319.71,1.570517e-04
D1,wall,321.67,1.568097e-04
D1,wall,323.64,1.565707e-04
D1,wall,325.60,1.563346e-04
D1,wall,327.56,1.561014e-04
D1,wall,329.52,1.558708e-04
D1,wall,331.48,1.556429e-04
D1,wall,333.44,1.554174e-04
D1,wall,335.40,1.551943e-04
D1,wall,337.37,1.549735e-04
D1,wall,339.33,1.547549e-04
D1,wall,341.29,1.545385e-04
D1,wall,343.25,1.543241e-04
D1,wall,345.21,1.541117e-04
D1,wall,347.17,1.539012e-04
D1,wall,349.13,1.536925e-04
D1,wall,351.10,1.534856e-04
D1,wall,353.06,1.532804e-04
D1,wall,355.02,1.530768e-04
D1,wall,356.98,1.528748e-04
D1,wall,358.94,1.526744e-04
D1,wall,360.90,1.524754e-04
D1,wall,362.86,1.522778e-04
D1,wall,364.83,1.520816e-04
D1,wall,366.79,1.518868e-04
D1,wall,368.75,1.516932e-04
D1,wall,370.71,1.515009e-04
D1,wall,372.67,1.513098e-04
D1,wall,374.63,1.511198e-04
D1,wall,376.59,1.509310e-04
D1,wall,378.56,1.507433e-04
D1,wall,380.52,1.505566e-04
D1,wall,382.48,1.503710e-04
D1,wall,384.44,1.501863e-04
D1,wall,386.40,1.500027e-04
D1,wall,388.36,1.498199e-04
D1,wall,390.32,1.496381e-04
D1,wall,392.29,1.494572e-04
D1,wall,394.25,1.492771e-04
D1,wall,396.21,1.490978e-04
D1,wall,398.17,1.489194e-04
D1,wall,400.13,1.487418e-04
D1,wall,402.09,1.485649e-04
D1,wall,404.05,1.483888e-04
D1,wall,406.02,1.482134e-04
D1,wall,407.98,1.480387e-04
D1,wall,409.94,1.478648e-04
D1,wall,411.90,1.476915e-04
D1,wall,413.86,1.475188e-04
D1,wall,415.82,1.473468e-04
D1,wall,417.78,1.471755e-04
D1,wall,419.75,1.470047e-04
D1,wall,421.71,1.468346e-04
D1,wall,423.67,1.466650e-04
D1,wall,425.63,1.464961e-04
D1,wall,427.59,1.463276e-04
D1,wall,429.55,1.461598e-04
D1,wall,431.51,1.459924e-04
D1,wall,433.47,1.458256e-04
D1,wall,435.44,1.456593e-04
D1,wall,437.40,1.454936e-04
D1,wall,439.36,1.453283e-04
D1,wall,441.32,1.451635e-04
D1,wall,443.28,1.449992e-04
D1,wall,445.24,1.448353e-04
D1,wall,447.20,1.446719e-04
D1,wall,449.17,1.445090e-04
D1,wall,451.13,1.443465e-04
D1,wall,453.09,1.441844e-04
D1,wall,455.05,1.440228e-04
D1,wall,457.01,1.438616e-04
D1,wall,458.97,1.437008e-04
D1,wall,460.93,1.435404e-04
D1,wall,462.90,1.433804e-04
D1,wall,464.86,1.432209e-04
D1,wall,466.82,1.430617e-04
D1,wall,468.78,1.429028e-04
D1,wall,470.74,1.427444e-04
D1,wall,472.70,1.425863e-04
D1,wall,474.66,1.424286e-04
D1,wall,476.63,1.422713e-04
D1,wall,478.59,1.421143e-04
D1,wall,480.55,1.419577e-04
D1,wall,482.51,1.418014e-04
D1,wall,484.47,1.416454e-04
D1,wall,486.43,1.414898e-04
D1,wall,488.39,1.413345e-04
D1,wall,490.36,1.411796e-04
D1,wall,492.32,1.410249e-04
D1,wall,494.28,1.408706e-04
D1,wall,496.24,1.407166e-04
D1,wall,498.20,1.405630e-04
D1,wall,500.16,1.404096e-04
D1,wall,502.12,1.402565e-04
D1,wall,504.09,1.401038e-04
D1,wall,506.05,1.399513e-04
D1,wall,508.01,1.397991e-04
D1,wall,509.97,1.396472e-04
D1,wall,511.93,1.394957e-04
D1,wall,513.89,1.393444e-04
D1,wall,515.85,1.391933e-04
D1,wall,517.82,1.390426e-04
D1,wall,519.78,1.388921e-04
D1,wall,521.74,1.387420e-04
D1,wall,523.70,1.385920e-04
D1,wall,525.66,1.384424e-04
D1,wall,527.62,1.382930e-04
D1,wall,529.58,1.381439e-04
D1,wall,531.55,1.379951e-04
D1,wall,533.51,1.378465e-04
D1,wall,535.47,1.376981e-04
D1,wall,537.43,1.375500e-04
D1,wall,539.39,1.374022e-04
D1,wall,541.35,1.372546e-04
D1,wall,543.31,1.371073e-04
D1,wall,545.28,1.369602e-04
D1,wall,547.24,1.368134e-04
D1,wall,549.20,1.366668e-04
D1,wall,551.16,1.365204e-04
D1,wall,553.12,1.363743e-04
D1,wall,555.08,1.362285e-04
D1,wall,557.04,1.360828e-04
D1,wall,559.01,1.359374e-04
D1,wall,560.97,1.357922e-04
D1,wall,562.93,1.356473e-04
D1,wall,564.89,1.355025e-04
D1,wall,566.85,1.353581e-04
D1,wall,568.81,1.352138e-04
D1,wall,570.77,1.350697e-04
D1,wall,572.74,1.349259e-04
D1,wall,574.70,1.347823e-04
D1,wall,576.66,1.346389e-04
D1,wall,578.62,1.344958e-04
D1,wall,580.58,1.343528e-04
D1,wall,582.54,1.342101e-04
D1,wall,584.50,1.340675e-04
D1,wall,586.47,1.339252e-04
D1,wall,588.43,1.337831e-04
D1,wall,590.39,1.336412e-04
D1,wall,592.35,1.334996e-04
D1,wall,594.31,1.333581e-04
D1,wall,596.27,1.332168e-04
D1,wall,598.23,1.330757e-04
D1,wall,600.20,1.329349e-04
D1,wall,602.16,1.327942e-04
D1,wall,604.12,1.326538e-04
D1,wall,606.08,1.325135e-04
D1,wall,608.04,1.323734e-04
D1,wall,610.00,1.322336e-04
D1,wall,611.96,1.320939e-04
D1,wall,613.93,1.319544e-04
D1,wall,615.89,1.318151e-04
D1,wall,617.85,1.316761e-04
D1,wall,619.81,1.315372e-04
D1,wall,621.77,1.313985e-04
D1,wall,623.73,1.312600e-04
D1,wall,625.69,1.311216e-04
D1,wall,627.66,1.309835e-04
D1,wall,629.62,1.308456e-04
D1,wall,631.58,1.307078e-04
D1,wall,633.54,1.305702e-04
D1,wall,635.50,1.304328e-04
D1,wall,637.46,1.302956e-04
D1,wall,639.42,1.301586e-04
D1,wall,641.39,1.300218e-04
D1,wall,643.35,1.298851e-04
D1,wall,645.31,1.297486e-04
D1,wall,647.27,1.296124e-04
D1,wall,649.23,1.294762e-04
D1,wall,651.19,1.293403e-04
D1,wall,653.15,1.292045e-04
D1,wall,655.12,1.290690e-04
D1,wall,657.08,1.289336e-04
D1,wall,659.04,1.287983e-04
D1,wall,661.00,1.286633e-04
D1,wall,662.96,1.285284e-04
D1,wall,664.92,1.283937e-04
D1,wall,666.88,1.282592e-04
D1,wall,668.85,1.281248e-04
D1,wall,670.81,1.279906e-04
D1,wall,672.77,1.278566e-04
D1,wall,674.73,1.277227e-04
D1,wall,676.69,1.275891e-04
D1,wall,678.65,1.274555e-04
D1,wall,680.61,1.273222e-04
D1,wall,682.58,1.271890e-04
D1,wall,684.54,1.270560e-04
D1,wall,686.50,1.269232e-04
D1,wall,688.46,1.267905e-04
D1,wall,690.42,1.266580e-04
D1,wall,692.38,1.265256e-04
D1,wall,694.34,1.263935e-04
D1,wall,696.31,1.262614e-04
D1,wall,698.27,1.261296e-04
D1,wall,700.23,1.259979e-04
D1,wall,702.19,1.258664e-04
D1,wall,704.15,1.257350e-04
D1,wall,706.11,1.256038e-04
D1,wall,708.07,1.254727e-04
D1,wall,710.04,1.253419e-04
D1,wall,712.00,1.252111e-04
D1,wall,713.96,1.250806e-04
D1,wall,715.92,1.249502e-04
D1,wall,717.88,1.248199e-04
D1,wall,719.84,1.246898e-04
D1,wall,721.80,1.245599e-04
D1,wall,723.77,1.244301e-04
D1,wall,725.73,1.243005e-04
D1,wall,727.69,1.241710e-04
D1,wall,729.65,1.240417e-04
D1,wall,731.61,1.239125e-04
D1,wall,733.57,1.237835e-04
D1,wall,735.53,1.236547e-04
D1,wall,737.50,1.235260e-04
D1,wall,739.46,1.233974e-04
D1,wall,741.42,1.232690e-04
D1,wall,743.38,1.231408e-04
D1,wall,745.34,1.230127e-04
D1,wall,747.30,1.228848e-04
D1,wall,749.26,1.227570e-04
D1,wall,751.23,1.226294e-04
D1,wall,753.19,1.225019e-04
D1,wall,755.15,1.223745e-04
D1,wall,757.11,1.222474e-04
D1,wall,759.07,1.221203e-04
D1,wall,761.03,1.219934e-04
D1,wall,762.99,1.218667e-04
D1,wall,764.96,1.217401e-04
D1,wall,766.92,1.216137e-04
D1,wall,768.88,1.214874e-04
D1,wall,770.84,1.213612e-04
D1,wall,772.80,1.212352e-04
D1,wall,774.76,1.211094e-04
D1,wall,776.72,1.209837e-04
D1,wall,778.69,1.208581e-04
D1,wall,780.65,1.207327e-04
D1,wall,782.61,1.206074e-04
D1,peak,0.00,6.250036e-03
D1,peak,1.96,5.958848e-03
D1,peak,3.92,5.681955e-03
D1,peak,5.88,5.418651e-03
D1,peak,7.85,5.168270e-03
D1,peak,9.81,4.930173e-03
D1,peak,11.77,4.703759e-03
D1,peak,13.73,4.488450e-03
D1,peak,15.69,4.283701e-03
D1,peak,17.65,4.088993e-03
D1,peak,19.61,3.903831e-03
D1,peak,21.58,3.727746e-03
D1,peak,23.54,3.560290e-03
D1,peak,25.50,3.401040e-03
D1,peak,27.46,3.249592e-03
D1,peak,29.42,3.105562e-03
D1,peak,31.38,2.968586e-03
D1,peak,33.34,2.838315e-03
D1,peak,35.31,2.714421e-03
D1,peak,37.27,2.596589e-03
D1,peak,39.23,2.484522e-03
D1,peak,41.19,2.377937e-03
D1,peak,43.15,2.276562e-03
D1,peak,45.11,2.180143e-03
D1,peak,47.07,2.088436e-03
D1,peak,49.04,2.001209e-03
D1,peak,51.00,1.918241e-03
D1,peak,52.96,1.839324e-03
D1,peak,54.92,1.764258e-03
D1,peak,56.88,1.692853e-03
D1,peak,58.84,1.624931e-03
D1,peak,60.80,1.560319e-03
D1,peak,62.77,1.498855e-03
D1,peak,64.73,1.440385e-03
D1,peak,66.69,1.384761e-03
D1,peak,68.65,1.331843e-03
D1,peak,70.61,1.281499e-03
D1,peak,72.57,1.233602e-03
D1,peak,74.53,1.188032e-03
D1,peak,76.50,1.144674e-03
D1,peak,78.46,1.103420e-03
D1,peak,80.42,1.064166e-03
D1,peak,82.38,1.026815e-03
D1,peak,84.34,9.912729e-04
D1,peak,86.30,9.574508e-04
D1,peak,88.26,9.252644e-04
D1,peak,90.23,8.946333e-04
D1,peak,92.19,8.654814e-04
D1,peak,94.15,8.377359e-04
D1,peak,96.11,8.113280e-04
D1,peak,98.07,7.861919e-04
D1,peak,100.03,7.622652e-04
D1,peak,101.99,7.394888e-04
D1,peak,103.96,7.178061e-04
D1,peak,105.92,6.971636e-04
D1,peak,107.88,6.775103e-04
D1,peak,109.84,6.587976e-04
D1,peak,111.80,6.409795e-04
D1,peak,113.76,6.240122e-04
D1,peak,115.72,6.078540e-04
D1,peak,117.69,5.924652e-04
D1,peak,119.65,5.778082e-04
D1,peak,121.61,5.638471e-04
D1,peak,123.57,5.505479e-04
D1,peak,125.53,5.378782e-04
D1,peak,127.49,5.258073e-04
D1,peak,129.45,5.143057e-04
D1,peak,131.42,5.033457e-04
D1,peak,133.38,4.929008e-04
D1,peak,135.34,4.829458e-04
D1,peak,137.30,4.734568e-04
D1,peak,139.26,4.644110e-04
D1,peak,141.22,4.557867e-04
D1,peak,143.18,4.475635e-04
D1,peak,145.15,4.397216e-04
D1,peak,147.11,4.322426e-04
D1,peak,149.07,4.251087e-04
D1,peak,151.03,4.183030e-04
D1,peak,152.99,4.118096e-04
D1,peak,154.95,4.056133e-04
D1,peak,156.91,3.996996e-04
D1,peak,158.88,3.940547e-04
D1,peak,160.84,3.886656e-04
D1,peak,162.80,3.835197e-04
D1,peak,164.76,3.786054e-04
D1,peak,166.72,3.739112e-04
D1,peak,168.68,3.694266e-04
D1,peak,170.64,3.651414e-04
D1,peak,172.61,3.610458e-04
D1,peak,174.57,3.571307e-04
D1,peak,176.53,3.533873e-04
D1,peak,178.49,3.498074e-04
D1,peak,180.45,3.463829e-04
D1,peak,182.41,3.431064e-04
D1,peak,184.37,3.399706e-04
D1,peak,186.34,3.369689e-04
D1,peak,188.30,3.340947e-04
D1,peak,190.26,3.313419e-04
D1,peak,192.22,3.287046e-04
D1,peak,194.18,3.261772e-04
D1,peak,196.14,3.237545e-04
D1,peak,198.10,3.214314e-04
D1,peak,200.07,3.192031e-04
D1,peak,202.03,3.170651e-04
D1,peak,203.99,3.150130e-04
D1,peak,205.95,3.130427e-04
D1,peak,207.91,3.111503e-04
D1,peak,209.87,3.093320e-04
D1,peak,211.83,3.075843e-04
D1,peak,213.80,3.059039e-04
D1,peak,215.76,3.042875e-04
D1,peak,217.72,3.027321e-04
D1,peak,219.68,3.012348e-04
D1,peak,221.64,2.997927e-04
D1,peak,223.60,2.984034e-04
D1,peak,225.56,2.970642e-04
D1,peak,227.53,2.957728e-04
D1,peak,229.49,2.945269e-04
D1,peak,231.45,2.933245e-04
D1,peak,233.41,2.921633e-04
D1,peak,235.37,2.910416e-04
D1,peak,237.33,2.899574e-04
D1,peak,239.29,2.889089e-04
D1,peak,241.26,2.878946e-04
D1,peak,243.22,2.869127e-04
D1,peak,245.18,2.859619e-04
D1,peak,247.14,2.850405e-04
D1,peak,249.10,2.841474e-04
D1,peak,251.06,2.832810e-04
D1,peak,253.02,2.824403e-04
D1,peak,254.99,2.816240e-04
D1,peak,256.95,2.808310e-04
D1,peak,258.91,2.800602e-04
D1,peak,260.87,2.793106e-04
D1,peak,262.83,2.785812e-04
D1,peak,264.79,2.778712e-04
D1,peak,266.75,2.771795e-04
D1,peak,268.72,2.765055e-04
D1,peak,270.68,2.758482e-04
D1,peak,272.64,2.752069e-04
D1,peak,274.60,2.745809e-04
D1,peak,276.56,2.739696e-04
D1,peak,278.52,2.733722e-04
D1,peak,280.48,2.727881e-04
D1,peak,282.45,2.722168e-04
D1,peak,284.41,2.716576e-04
D1,peak,286.37,2.711101e-04
D1,peak,288.33,2.705737e-04
D1,peak,290.29,2.700479e-04
D1,peak,292.25,2.695323e-04
D1,peak,294.21,2.690264e-04
D1,peak,296.18,2.685298e-04
D1,peak,298.14,2.680421e-04
D1,peak,300.10,2.675630e-04
D1,peak,302.06,2.670920e-04
D1,peak,304.02,2.666288e-04
D1,peak,305.98,2.661730e-04
D1,peak,307.94,2.657244e-04
D1,peak,309.91,2.652827e-04
D1,peak,311.87,2.648476e-04
D1,peak,313.83,2.644187e-04
D1,peak,315.79,2.639959e-04
D1,peak,317.75,2.635789e-04
D1,peak,319.71,2.631674e-04
D1,peak,321.67,2.627612e-04
D1,peak,323.64,2.623602e-04
D1,peak,325.60,2.619641e-04
D1,peak,327.56,2.615727e-04
D1,peak,329.52,2.611858e-04
D1,peak,331.48,2.608032e-04
D1,peak,333.44,2.604249e-04
D1,peak,335.40,2.600505e-04
D1,peak,337.37,2.596800e-04
D1,peak,339.33,2.593133e-04
D1,peak,341.29,2.589501e-04
D1,peak,343.25,2.585903e-04
D1,peak,345.21,2.582339e-04
D1,peak,347.17,2.578806e-04
D1,peak,349.13,2.575305e-04
D1,peak,351.10,2.571832e-04
D1,peak,353.06,2.568389e-04
D1,peak,355.02,2.564973e-04
D1,peak,356.98,2.561583e-04
D1,peak,358.94,2.558219e-04
D1,peak,360.90,2.554880e-04
D1,peak,362.86,2.551565e-04
D1,peak,364.83,2.548273e-04
D1,peak,366.79,2.545003e-04
D1,peak,368.75,2.541755e-04
D1,peak,370.71,2.538528e-04
D1,peak,372.67,2.535321e-04
D1,peak,374.63,2.532133e-04
D1,peak,376.59,2.528965e-04
D1,peak,378.56,2.525815e-04
D1,peak,380.52,2.522682e-04
D1,peak,382.48,2.519567e-04
D1,peak,384.44,2.516469e-04
D1,peak,386.40,2.513387e-04
D1,peak,388.36,2.510320e-04
D1,peak,390.32,2.507269e-04
D1,peak,392.29,2.504233e-04
D1,peak,394.25,2.501211e-04
D1,peak,396.21,2.498203e-04
D1,peak,398.17,2.495209e-04
D1,peak,400.13,2.492228e-04
D1,peak,402.09,2.489260e-04
D1,peak,404.05,2.486305e-04
D1,peak,406.02,2.483362e-04
D1,peak,407.98,2.480431e-04
D1,peak,409.94,2.477512e-04
D1,peak,411.90,2.474604e-04
D1,peak,413.86,2.471707e-04
D1,peak,415.82,2.468821e-04
D1,peak,417.78,2.465945e-04
D1,peak,419.75,2.463080e-04
D1,peak,421.71,2.460225e-04
D1,peak,423.67,2.457379e-04
D1,peak,425.63,2.454544e-04
D1,peak,427.59,2.451718e-04
D1,peak,429.55,2.448901e-04
D1,peak,431.51,2.446093e-04
D1,peak,433.47,2.443294e-04
D1,peak,435.44,2.440503e-04
D1,peak,437.40,2.437722e-04
D1,peak,439.36,2.434948e-04
D1,peak,441.32,2.432183e-04
D1,peak,443.28,2.429425e-04
D1,peak,445.24,2.426676e-04
D1,peak,447.20,2.423934e-04
D1,peak,449.17,2.421200e-04
D1,peak,451.13,2.418473e-04
D1,peak,453.09,2.415754e-04
D1,peak,455.05,2.413042e-04
D1,peak,457.01,2.410336e-04
D1,peak,458.97,2.407638e-04
D1,peak,460.93,2.404947e-04
D1,peak,462.90,2.402262e-04
D1,peak,464.86,2.399584e-04
D1,peak,466.82,2.396913e-04
D1,peak,468.78,2.394248e-04
D1,peak,470.74,2.391589e-04
D1,peak,472.70,2.388936e-04
D1,peak,474.66,2.386290e-04
D1,peak,476.63,2.383650e-04
D1,peak,478.59,2.381015e-04
D1,peak,480.55,2.378387e-04
D1,peak,482.51,2.375764e-04
D1,peak,484.47,2.373147e-04
D1,peak,486.43,2.370536e-04
D1,peak,488.39,2.367930e-04
D1,peak,490.36,2.365330e-04
D1,peak,492.32,2.362735e-04
D1,peak,494.28,2.360146e-04
D1,peak,496.24,2.357562e-04
D1,peak,498.20,2.354983e-04
D1,peak,500.16,2.352409e-04
D1,peak,502.12,2.349841e-04
D1,peak,504.09,2.347277e-04
D1,peak,506.05,2.344719e-04
D1,peak,508.01,2.342166e-04
D1,peak,509.97,2.339617e-04
D1,peak,511.93,2.337073e-04
D1,peak,513.89,2.334534e-04
D1,peak,515.85,2.332000e-04
D1,peak,517.82,2.329471e-04
D1,peak,519.78,2.326946e-04
D1,peak,521.74,2.324426e-04
D1,peak,523.70,2.321910e-04
D1,peak,525.66,2.319399e-04
D1,peak,527.62,2.316892e-04
D1,peak,529.58,2.314390e-04
D1,peak,531.55,2.311892e-04
D1,peak,533.51,2.309399e-04
D1,peak,535.47,2.306910e-04
D1,peak,537.43,2.304425e-04
D1,peak,539.39,2.301944e-04
D1,peak,541.35,2.299468e-04
D1,peak,543.31,2.296995e-04
D1,peak,545.28,2.294527e-04
D1,peak,547.24,2.292063e-04
D1,peak,549.20,2.289603e-04
D1,peak,551.16,2.287147e-04
D1,peak,553.12,2.284695e-04
D1,peak,555.08,2.282248e-04
D1,peak,557.04,2.279804e-04
D1,peak,559.01,2.277364e-04
D1,peak,560.97,2.274927e-04
D1,peak,562.93,2.272495e-04
D1,peak,564.89,2.270067e-04
D1,peak,566.85,2.267642e-04
D1,peak,568.81,2.265221e-04
D1,peak,570.77,2.262804e-04
D1,peak,572.74,2.260390e-04
D1,peak,574.70,2.257980e-04
D1,peak,576.66,2.255574e-04
D1,peak,578.62,2.253172e-04
D1,peak,580.58,2.250773e-04
D1,peak,582.54,2.248378e-04
D1,peak,584.50,2.245986e-04
D1,peak,586.47,2.243598e-04
D1,peak,588.43,2.241214e-04
D1,peak,590.39,2.238833e-04
D1,peak,592.35,2.236455e-04
D1,peak,594.31,2.234081e-04
D1,peak,596.27,2.231710e-04
D1,peak,598.23,2.229343e-04
D1,peak,600.20,2.226979e-04
D1,peak,602.16,2.224619e-04
D1,peak,604.12,2.222262e-04
D1,peak,606.08,2.219908e-04
D1,peak,608.04,2.217558e-04
D1,peak,610.00,2.215211e-04
D1,peak,611.96,2.212867e-04
D1,peak,613.93,2.210527e-04
D1,peak,615.89,2.208190e-04
D1,peak,617.85,2.205856e-04
D1,peak,619.81,2.203525e-04
D1,peak,621.77,2.201198e-04
D1,peak,623.73,2.198873e-04
D1,peak,625.69,2.196552e-04
D1,peak,627.66,2.194234e-04
D1,peak,629.62,2.191919e-04
D1,peak,631.58,2.189608e-04
D1,peak,633.54,2.187299e-04
D1,peak,635.50,2.184994e-04
D1,peak,637.46,2.182692e-04
D1,peak,639.42,2.180392e-04
D1,peak,641.39,2.178096e-04
D1,peak,643.35,2.175803e-04
D1,peak,645.31,2.173513e-04
D1,peak,647.27,2.171226e-04
D1,peak,649.23,2.168942e-04
D1,peak,651.19,2.166661e-04
D1,peak,653.15,2.164382e-04
D1,peak,655.12,2.162107e-04
D1,peak,657.08,2.159835e-04
D1,peak,659.04,2.157566e-04
D1,peak,661.00,2.155300e-04
D1,peak,662.96,2.153036e-04
D1,peak,664.92,2.150776e-04
D1,peak,666.88,2.148518e-04
D1,peak,668.85,2.146264e-04
D1,peak,670.81,2.144012e-04
D1,peak,672.77,2.141763e-04
D1,peak,674.73,2.139517e-04
D1,peak,676.69,2.137274e-04
D1,peak,678.65,2.135033e-04
D1,peak,680.61,2.132796e-04
D1,peak,682.58,2.130561e-04
D1,peak,684.54,2.128329e-04
D1,peak,686.50,2.126100e-04
D1,peak,688.46,2.123873e-04
D1,peak,690.42,2.121650e-04
D1,peak,692.38,2.119429e-04
D1,peak,694.34,2.117211e-04
D1,peak,696.31,2.114996e-04
D1,peak,698.27,2.112783e-04
D1,peak,700.23,2.110573e-04
D1,peak,702.19,2.108366e-04
D1,peak,704.15,2.106162e-04
D1,peak,706.11,2.103960e-04
D1,peak,708.07,2.101761e-04
D1,peak,710.04,2.099564e-04
D1,peak,712.00,2.097371e-04
D1,peak,713.96,2.095180e-04
D1,peak,715.92,2.092991e-04
D1,peak,717.88,2.090806e-04
D1,peak,719.84,2.088623e-04
D1,peak,721.80,2.086442e-04
D1,peak,723.77,2.084264e-04
D1,peak,725.73,2.082089e-04
D1,peak,727.69,2.079917e-04
D1,peak,729.65,2.077747e-04
D1,peak,731.61,2.075579e-04
D1,peak,733.57,2.073415e-04
D1,peak,735.53,2.071252e-04
D1,peak,737.50,2.069093e-04
D1,peak,739.46,2.066936e-04
D1,peak,741.42,2.064781e-04
D1,peak,743.38,2.062629e-04
D1,peak,745.34,2.060480e-04
D1,peak,747.30,2.058333e-04
D1,peak,749.26,2.056189e-04
D1,peak,751.23,2.054047e-04
D1,peak,753.19,2.051908e-04
D1,peak,755.15,2.049771e-04
D1,peak,757.11,2.047637e-04
D1,peak,759.07,2.045505e-04
D1,peak,761.03,2.043376e-04
D1,peak,762.99,2.041249e-04
D1,peak,764.96,2.039125e-04
D1,peak,766.92,2.037003e-04
D1,peak,768.88,2.034884e-04
D1,peak,770.84,2.032767e-04
D1,peak,772.80,2.030653e-04
D1,peak,774.76,2.028541e-04
D1,peak,776.72,2.026431e-04
D1,peak,778.69,2.024324e-04
D1,peak,780.65,2.022220e-04
D1,peak,782.61,2.020118e-04
D1,total,0.00,7.965640e-03
D1,total,1.96,7.594279e-03
D1,total,3.92,7.241148e-03
D1,total,5.88,6.905350e-03
D1,total,7.85,6.586030e-03
D1,total,9.81,6.282379e-03
D1,total,11.77,5.993625e-03
D1,total,13.73,5.719035e-03
D1,total,15.69,5.457913e-03
D1,total,17.65,5.209595e-03
D1,total,19.61,4.973452e-03
D1,total,21.58,4.748885e-03
D1,total,23.54,4.535324e-03
D1,total,25.50,4.332228e-03
D1,total,27.46,4.139082e-03
D1,total,29.42,3.955396e-03
D1,total,31.38,3.780705e-03
D1,total,33.34,3.614567e-03
D1,total,35.31,3.456561e-03
D1,total,37.27,3.306287e-03
D1,total,39.23,3.163364e-03
D1,total,41.19,3.027432e-03
D1,total,43.15,2.898147e-03
D1,total,45.11,2.775180e-03
D1,total,47.07,2.658223e-03
D1,total,49.04,2.546980e-03
D1,total,51.00,2.441168e-03
D1,total,52.96,2.340523e-03
D1,total,54.92,2.244788e-03
D1,total,56.88,2.153724e-03
D1,total,58.84,2.067101e-03
D1,total,60.80,1.984699e-03
D1,total,62.77,1.906313e-03
D1,total,64.73,1.831744e-03
D1,total,66.69,1.760805e-03
D1,total,68.65,1.693317e-03
D1,total,70.61,1.629112e-03
D1,total,72.57,1.568027e-03
D1,total,74.53,1.509910e-03
D1,total,76.50,1.454614e-03
D1,total,78.46,1.402001e-03
D1,total,80.42,1.351940e-03
D1,total,82.38,1.304305e-03
D1,total,84.34,1.258977e-03
D1,total,86.30,1.215843e-03
D1,total,88.26,1.174794e-03
D1,total,90.23,1.135730e-03
D1,total,92.19,1.098551e-03
D1,total,94.15,1.063167e-03
D1,total,96.11,1.029488e-03
D1,total,98.07,9.974310e-04
D1,total,100.03,9.669166e-04
D1,total,101.99,9.378691e-04
D1,total,103.96,9.102166e-04
D1,total,105.92,8.838905e-04
D1,total,107.88,8.588260e-04
D1,total,109.84,8.349612e-04
D1,total,111.80,8.122372e-04
D1,total,113.76,7.905983e-04
D1,total,115.72,7.699911e-04
D1,total,117.69,7.503654e-04
D1,total,119.65,7.316728e-04
D1,total,121.61,7.138678e-04
D1,total,123.57,6.969070e-04
D1,total,125.53,6.807490e-04
D1,total,127.49,6.653545e-04
D1,total,129.45,6.506862e-04
D1,total,131.42,6.367085e-04
D1,total,133.38,6.233878e-04
D1,total,135.34,6.106919e-04
D1,total,137.30,5.985903e-04
D1,total,139.26,5.870539e-04
D1,total,141.22,5.760551e-04
D1,total,143.18,5.655678e-04
D1,total,145.15,5.555668e-04
D1,total,147.11,5.460286e-04
D1,total,149.07,5.369304e-04
D1,total,151.03,5.282510e-04
D1,total,152.99,5.199698e-04
D1,total,154.95,5.120674e-04
D1,total,156.91,5.045255e-04
D1,total,158.88,4.973264e-04
D1,total,160.84,4.904534e-04
D1,total,162.80,4.838908e-04
D1,total,164.76,4.776233e-04
D1,total,166.72,4.716368e-04
D1,total,168.68,4.659174e-04
D1,total,170.64,4.604523e-04
D1,total,172.61,4.552291e-04
D1,total,174.57,4.502361e-04
D1,total,176.53,4.454620e-04
D1,total,178.49,4.408964e-04
D1,total,180.45,4.365290e-04
D1,total,182.41,4.323504e-04
D1,total,184.37,4.283513e-04
D1,total,186.34,4.245231e-04
D1,total,188.30,4.208575e-04
D1,total,190.26,4.173468e-04
D1,total,192.22,4.139833e-04
D1,total,194.18,4.107601e-04
D1,total,196.14,4.076703e-04
D1,total,198.10,4.047076e-04
D1,total,200.07,4.018658e-04
D1,total,202.03,3.991391e-04
D1,total,203.99,3.965220e-04
D1,total,205.95,3.940092e-04
D1,total,207.91,3.915957e-04
D1,total,209.87,3.892769e-04
D1,total,211.83,3.870480e-04
D1,total,213.80,3.849050e-04
D1,total,215.76,3.828435e-04
D1,total,217.72,3.808599e-04
D1,total,219.68,3.789502e-04
D1,total,221.64,3.771112e-04
D1,total,223.60,3.753393e-04
D1,total,225.56,3.736313e-04
D1,total,227.53,3.719844e-04
D1,total,229.49,3.703955e-04
D1,total,231.45,3.688620e-04
D1,total,233.41,3.673811e-04
D1,total,235.37,3.659505e-04
D1,total,237.33,3.645678e-04
D1,total,239.29,3.632307e-04
D1,total,241.26,3.619371e-04
D1,total,243.22,3.606849e-04
D1,total,245.18,3.594722e-04
D1,total,247.14,3.582972e-04
D1,total,249.10,3.571581e-04
D1,total,251.06,3.560533e-04
D1,total,253.02,3.549811e-04
D1,total,254.99,3.539400e-04
D1,total,256.95,3.529287e-04
D1,total,258.91,3.519457e-04
D1,total,260.87,3.509897e-04
D1,total,262.83,3.500595e-04
D1,total,264.79,3.491539e-04
D1,total,266.75,3.482718e-04
D1,total,268.72,3.474122e-04
D1,total,270.68,3.465739e-04
D1,total,272.64,3.457561e-04
D1,total,274.60,3.449578e-04
D1,total,276.56,3.441781e-04
D1,total,278.52,3.434162e-04
D1,total,280.48,3.426713e-04
D1,total,282.45,3.419427e-04
D1,total,284.41,3.412296e-04
D1,total,286.37,3.405313e-04
D1,total,288.33,3.398472e-04
D1,total,290.29,3.391766e-04
D1,total,292.25,3.385191e-04
D1,total,294.21,3.378739e-04
D1,total,296.18,3.372406e-04
D1,total,298.14,3.366186e-04
D1,total,300.10,3.360076e-04
D1,total,302.06,3.354069e-04
D1,total,304.02,3.348161e-04
D1,total,305.98,3.342349e-04
D1,total,307.94,3.336628e-04
D1,total,309.91,3.330995e-04
D1,total,311.87,3.325445e-04
D1,total,313.83,3.319976e-04
D1,total,315.79,3.314583e-04
D1,total,317.75,3.309265e-04
D1,total,319.71,3.304017e-04
D1,total,321.67,3.298838e-04
D1,total,323.64,3.293723e-04
D1,total,325.60,3.288671e-04
D1,total,327.56,3.283679e-04
D1,total,329.52,3.278745e-04
D1,total,331.48,3.273867e-04
D1,total,333.44,3.269041e-04
D1,total,335.40,3.264267e-04
D1,total,337.37,3.259542e-04
D1,total,339.33,3.254865e-04
D1,total,341.29,3.250233e-04
D1,total,343.25,3.245645e-04
D1,total,345.21,3.241099e-04
D1,total,347.17,3.236594e-04
D1,total,349.13,3.232128e-04
D1,total,351.10,3.227700e-04
D1,total,353.06,3.223308e-04
D1,total,355.02,3.218951e-04
D1,total,356.98,3.214628e-04
D1,total,358.94,3.210338e-04
D1,total,360.90,3.206080e-04
D1,total,362.86,3.201852e-04
D1,total,364.83,3.197654e-04
D1,total,366.79,3.193484e-04
D1,total,368.75,3.189341e-04
D1,total,370.71,3.185225e-04
D1,total,372.67,3.181135e-04
D1,total,374.63,3.177070e-04
D1,total,376.59,3.173029e-04
D1,total,378.56,3.169012e-04
D1,total,380.52,3.165017e-04
D1,total,382.48,3.161044e-04
D1,total,384.44,3.157093e-04
D1,total,386.40,3.153162e-04
D1,total,388.36,3.149251e-04
D1,total,390.32,3.145360e-04
D1,total,392.29,3.141488e-04
D1,total,394.25,3.137634e-04
D1,total,396.21,3.133798e-04
D1,total,398.17,3.129980e-04
D1,total,400.13,3.126178e-04
D1,total,402.09,3.122393e-04
D1,total,404.05,3.118624e-04
D1,total,406.02,3.114871e-04
D1,total,407.98,3.111133e-04
D1,total,409.94,3.107409e-04
D1,total,411.90,3.103701e-04
D1,total,413.86,3.100006e-04
D1,total,415.82,3.096325e-04
D1,total,417.78,3.092658e-04
D1,total,419.75,3.089004e-04
D1,total,421.71,3.085363e-04
D1,total,423.67,3.081734e-04
D1,total,425.63,3.078118e-04
D1,total,427.59,3.074513e-04
D1,total,429.55,3.070921e-04
D1,total,431.51,3.067340e-04
D1,total,433.47,3.063770e-04
D1,total,435.44,3.060212e-04
D1,total,437.40,3.056664e-04
D1,total,439.36,3.053127e-04
D1,total,441.32,3.049600e-04
D1,total,443.28,3.046083e-04
D1,total,445.24,3.042577e-04
D1,total,447.20,3.039080e-04
D1,total,449.17,3.035593e-04
D1,total,451.13,3.032116e-04
D1,total,453.09,3.028648e-04
D1,total,455.05,3.025189e-04
D1,total,457.01,3.021739e-04
D1,total,458.97,3.018298e-04
D1,total,460.93,3.014865e-04
D1,total,462.90,3.011441e-04
D1,total,464.86,3.008026e-04
D1,total,466.82,3.004619e-04
D1,total,468.78,3.001220e-04
D1,total,470.74,2.997829e-04
D1,total,472.70,2.994447e-04
D1,total,474.66,2.991072e-04
D1,total,476.63,2.987704e-04
D1,total,478.59,2.984345e-04
D1,total,480.55,2.980992e-04
D1,total,482.51,2.977648e-04
D1,total,484.47,2.974310e-04
D1,total,486.43,2.970980e-04
D1,total,488.39,2.967657e-04
D1,total,490.36,2.964341e-04
D1,total,492.32,2.961032e-04
D1,total,494.28,2.957729e-04
D1,total,496.24,2.954434e-04
D1,total,498.20,2.951145e-04
D1,total,500.16,2.947863e-04
D1,total,502.12,2.944587e-04
D1,total,504.09,2.941318e-04
D1,total,506.05,2.938055e-04
D1,total,508.01,2.934798e-04
D1,total,509.97,2.931548e-04
D1,total,511.93,2.928304e-04
D1,total,513.89,2.925066e-04
D1,total,515.85,2.921834e-04
D1,total,517.82,2.918608e-04
D1,total,519.78,2.915388e-04
D1,total,521.74,2.912174e-04
D1,total,523.70,2.908966e-04
D1,total,525.66,2.905763e-04
D1,total,527.62,2.902566e-04
D1,total,529.58,2.899375e-04
D1,total,531.55,2.896190e-04
D1,total,533.51,2.893010e-04
D1,total,535.47,2.889835e-04
D1,total,537.43,2.886666e-04
D1,total,539.39,2.883503e-04
D1,total,541.35,2.880344e-04
D1,total,543.31,2.877191e-04
D1,total,545.28,2.874044e-04
D1,total,547.24,2.870901e-04
D1,total,549.20,2.867764e-04
D1,total,551.16,2.864632e-04
D1,total,553.12,2.861505e-04
D1,total,555.08,2.858383e-04
D1,total,557.04,2.855266e-04
D1,total,559.01,2.852154e-04
D1,total,560.97,2.849047e-04
D1,total,562.93,2.845945e-04
D1,total,564.89,2.842848e-04
D1,total,566.85,2.839756e-04
D1,total,568.81,2.836668e-04
D1,total,570.77,2.833586e-04
D1,total,572.74,2.830508e-04
D1,total,574.70,2.827435e-04
D1,total,576.66,2.824366e-04
D1,total,578.62,2.821302e-04
D1,total,580.58,2.818243e-04
D1,total,582.54,2.815188e-04
D1,total,584.50,2.812138e-04
D1,total,586.47,2.809092e-04
D1,total,588.43,2.806051e-04
D1,total,590.39,2.803015e-04
D1,total,592.35,2.799983e-04
D1,total,594.31,2.796955e-04
D1,total,596.27,2.793932e-04
D1,total,598.23,2.790913e-04
D1,total,600.20,2.787898e-04
D1,total,602.16,2.784888e-04
D1,total,604.12,2.781882e-04
D1,total,606.08,2.778880e-04
D1,total,608.04,2.775883e-04
D1,total,610.00,2.772889e-04
D1,total,611.96,2.769900e-04
D1,total,613.93,2.766915e-04
D1,total,615.89,2.763935e-04
D1,total,617.85,2.760958e-04
D1,total,619.81,2.757986e-04
D1,total,621.77,2.755018e-04
D1,total,623.73,2.752053e-04
D1,total,625.69,2.749093e-04
D1,total,627.66,2.746137e-04
D1,total,629.62,2.743185e-04
D1,total,631.58,2.740237e-04
D1,total,633.54,2.737293e-04
D1,total,635.50,2.734352e-04
D1,total,637.46,2.731416e-04
D1,total,639.42,2.728484e-04
D1,total,641.39,2.725555e-04
D1,total,643.35,2.722631e-04
D1,total,645.31,2.719710e-04
D1,total,647.27,2.716793e-04
D1,total,649.23,2.713880e-04
D1,total,651.19,2.710971e-04
D1,total,653.15,2.708066e-04
D1,total,655.12,2.705164e-04
D1,total,657.08,2.702267e-04
D1,total,659.04,2.699373e-04
D1,total,661.00,2.696482e-04
D1,total,662.96,2.693596e-04
D1,total,664.92,2.690713e-04
D1,total,666.88,2.687834e-04
D1,total,668.85,2.684958e-04
D1,total,670.81,2.682087e-04
D1,total,672.77,2.679219e-04
D1,total,674.73,2.676354e-04
D1,total,676.69,2.673493e-04
D1,total,678.65,2.670636e-04
D1,total,680.61,2.667782e-04
D1,total,682.58,2.664932e-04
D1,total,684.54,2.662086e-04
D1,total,686.50,2.659243e-04
D1,total,688.46,2.656404e-04
D1,total,690.42,2.653568e-04
D1,total,692.38,2.650735e-04
D1,total,694.34,2.647907e-04
D1,total,696.31,2.645081e-04
D1,total,698.27,2.642260e-04
D1,total,700.23,2.639441e-04
D1,total,702.19,2.636626e-04
D1,total,704.15,2.633815e-04
D1,total,706.11,2.631007e-04
D1,total,708.07,2.628203e-04
D1,total,710.04,2.625402e-04
D1,total,712.00,2.622604e-04
D1,total,713.96,2.619810e-04
D1,total,715.92,2.617019e-04
D1,total,717.88,2.614231e-04
D1,total,719.84,2.611447e-04
D1,total,721.80,2.608666e-04
D1,total,723.77,2.605889e-04
D1,total,725.73,2.603115e-04
D1,total,727.69,2.600344e-04
D1,total,729.65,2.597577e-04
D1,total,731.61,2.594813e-04
D1,total,733.57,2.592052e-04
D1,total,735.53,2.589294e-04
D1,total,737.50,2.586540e-04
D1,total,739.46,2.583789e-04
D1,total,741.42,2.581042e-04
D1,total,743.38,2.578297e-04
D1,total,745.34,2.575556e-04
D1,total,747.30,2.572818e-04
D1,total,749.26,2.570083e-04
D1,total,751.23,2.567352e-04
D1,total,753.19,2.564624e-04
D1,total,755.15,2.561899e-04
D1,total,757.11,2.559177e-04
D1,total,759.07,2.556458e-04
D1,total,761.03,2.553743e-04
D1,total,762.99,2.551030e-04
D1,total,764.96,2.548321e-04
D1,total,766.92,2.545615e-04
D1,total,768.88,2.542912e-04
D1,total,770.84,2.540213e-04
D1,total,772.80,2.537516e-04
D1,total,774.76,2.534823e-04
D1,total,776.72,2.532133e-04
D1,total,778.69,2.529445e-04
D1,total,780.65,2.526761e-04
D1,total,782.61,2.524080e-04
D2,wall,0.00,4.260324e-03
D2,wall,1.96,4.061815e-03
D2,wall,3.92,3.873051e-03
D2,wall,5.88,3.693551e-03
D2,wall,7.85,3.522860e-03
D2,wall,9.81,3.360545e-03
D2,wall,11.77,3.206192e-03
D2,wall,13.73,3.059412e-03
D2,wall,15.69,2.919830e-03
D2,wall,17.65,2.787093e-03
D2,wall,19.61,2.660864e-03
D2,wall,21.58,2.540823e-03
D2,wall,23.54,2.426665e-03
D2,wall,25.50,2.318100e-03
D2,wall,27.46,2.214855e-03
D2,wall,29.42,2.116666e-03
D2,wall,31.38,2.023286e-03
D2,wall,33.34,1.934478e-03
D2,wall,35.31,1.850016e-03
D2,wall,37.27,1.769688e-03
D2,wall,39.23,1.693290e-03
D2,wall,41.19,1.620628e-03
D2,wall,43.15,1.551519e-03
D2,wall,45.11,1.485788e-03
D2,wall,47.07,1.423269e-03
D2,wall,49.04,1.363804e-03
D2,wall,51.00,1.307243e-03
D2,wall,52.96,1.253443e-03
D2,wall,54.92,1.202269e-03
D2,wall,56.88,1.153591e-03
D2,wall,58.84,1.107287e-03
D2,wall,60.80,1.063240e-03
D2,wall,62.77,1.021338e-03
D2,wall,64.73,9.814779e-04
D2,wall,66.69,9.435578e-04
D2,wall,68.65,9.074826e-04
D2,wall,70.61,8.731618e-04
D2,wall,72.57,8.405092e-04
D2,wall,74.53,8.094429e-04
D2,wall,76.50,7.798849e-04
D2,wall,78.46,7.517611e-04
D2,wall,80.42,7.250011e-04
D2,wall,82.38,6.995380e-04
D2,wall,84.34,6.753081e-04
D2,wall,86.30,6.522508e-04
D2,wall,88.26,6.303086e-04
D2,wall,90.23,6.094268e-04
D2,wall,92.19,5.895532e-04
D2,wall,94.15,5.706385e-04
D2,wall,96.11,5.526356e-04
D2,wall,98.07,5.354998e-04
D2,wall,100.03,5.191885e-04
D2,wall,101.99,5.036613e-04
D2,wall,103.96,4.888797e-04
D2,wall,105.92,4.748073e-04
D2,wall,107.88,4.614091e-04
D2,wall,109.84,4.486523e-04
D2,wall,111.80,4.365053e-04
D2,wall,113.76,4.249383e-04
D2,wall,115.72,4.139229e-04
D2,wall,117.69,4.034320e-04
D2,wall,119.65,3.934400e-04
D2,wall,121.61,3.839224e-04
D2,wall,123.57,3.748561e-04
D2,wall,125.53,3.662189e-04
D2,wall,127.49,3.579898e-04
D2,wall,129.45,3.501489e-04
D2,wall,131.42,3.426773e-04
D2,wall,133.38,3.355567e-04
D2,wall,135.34,3.287702e-04
D2,wall,137.30,3.223013e-04
D2,wall,139.26,3.161346e-04
D2,wall,141.22,3.102552e-04
D2,wall,143.18,3.046493e-04
D2,wall,145.15,2.993033e-04
D2,wall,147.11,2.942047e-04
D2,wall,149.07,2.893413e-04
D2,wall,151.03,2.847018e-04
D2,wall,152.99,2.802751e-04
D2,wall,154.95,2.760509e-04
D2,wall,156.91,2.720194e-04
D2,wall,158.88,2.681711e-04
D2,wall,160.84,2.644972e-04
D2,wall,162.80,2.609892e-04
D2,wall,164.76,2.576390e-04
D2,wall,166.72,2.544389e-04
D2,wall,168.68,2.513816e-04
D2,wall,170.64,2.484603e-04
D2,wall,172.61,2.456682e-04
D2,wall,174.57,2.429992e-04
D2,wall,176.53,2.404473e-04
D2,wall,178.49,2.380067e-04
D2,wall,180.45,2.356722e-04
D2,wall,182.41,2.334385e-04
D2,wall,184.37,2.313008e-04
D2,wall,186.34,2.292545e-04
D2,wall,188.30,2.272951e-04
D2,wall,190.26,2.254184e-04
D2,wall,192.22,2.236205e-04
D2,wall,194.18,2.218975e-04
D2,wall,196.14,2.202459e-04
D2,wall,198.10,2.186622e-04
D2,wall,200.07,2.171431e-04
D2,wall,202.03,2.156856e-04
D2,wall,203.99,2.142866e-04
D2,wall,205.95,2.129434e-04
D2,wall,207.91,2.116533e-04
D2,wall,209.87,2.104138e-04
D2,wall,211.83,2.092224e-04
D2,wall,213.80,2.080768e-04
D2,wall,215.76,2.069749e-04
D2,wall,217.72,2.059145e-04
D2,wall,219.68,2.048937e-04
D2,wall,221.64,2.039107e-04
D2,wall,223.60,2.029635e-04
D2,wall,225.56,2.020505e-04
D2,wall,227.53,2.011702e-04
D2,wall,229.49,2.003208e-04
D2,wall,231.45,1.995011e-04
D2,wall,233.41,1.987095e-04
D2,wall,235.37,1.979448e-04
D2,wall,237.33,1.972057e-04
D2,wall,239.29,1.964909e-04
D2,wall,241.26,1.957994e-04
D2,wall,243.22,1.951301e-04
D2,wall,245.18,1.944818e-04
D2,wall,247.14,1.938538e-04
D2,wall,249.10,1.932449e-04
D2,wall,251.06,1.926543e-04
D2,wall,253.02,1.920811e-04
D2,wall,254.99,1.915246e-04
D2,wall,256.95,1.909840e-04
D2,wall,258.91,1.904586e-04
D2,wall,260.87,1.899475e-04
D2,wall,262.83,1.894503e-04
D2,wall,264.79,1.889662e-04
D2,wall,266.75,1.884947e-04
D2,wall,268.72,1.880352e-04
D2,wall,270.68,1.875871e-04
D2,wall,272.64,1.871499e-04
D2,wall,274.60,1.867232e-04
D2,wall,276.56,1.863064e-04
D2,wall,278.52,1.858992e-04
D2,wall,280.48,1.855010e-04
D2,wall,282.45,1.851115e-04
D2,wall,284.41,1.847303e-04
D2,wall,286.37,1.843570e-04
D2,wall,288.33,1.839914e-04
D2,wall,290.29,1.836329e-04
D2,wall,292.25,1.832814e-04
D2,wall,294.21,1.829366e-04
D2,wall,296.18,1.825980e-04
D2,wall,298.14,1.822656e-04
D2,wall,300.10,1.819389e-04
D2,wall,302.06,1.816178e-04
D2,wall,304.02,1.813020e-04
D2,wall,305.98,1.809913e-04
D2,wall,307.94,1.806855e-04
D2,wall,309.91,1.803844e-04
D2,wall,311.87,1.800878e-04
D2,wall,313.83,1.797954e-04
D2,wall,315.79,1.795071e-04
D2,wall,317.75,1.792229e-04
D2,wall,319.71,1.789423e-04
D2,wall,321.67,1.786655e-04
D2,wall,323.64,1.783921e-04
D2,wall,325.60,1.781220e-04
D2,wall,327.56,1.778552e-04
D2,wall,329.52,1.775914e-04
D2,wall,331.48,1.773306e-04
D2,wall,333.44,1.770727e-04
D2,wall,335.40,1.768175e-04
D2,wall,337.37,1.765649e-04
D2,wall,339.33,1.763149e-04
D2,wall,341.29,1.760673e-04
D2,wall,343.25,1.758221e-04
D2,wall,345.21,1.755791e-04
D2,wall,347.17,1.753382e-04
D2,wall,349.13,1.750995e-04
D2,wall,351.10,1.748628e-04
D2,wall,353.06,1.746280e-04
D2,wall,355.02,1.743952e-04
D2,wall,356.98,1.741641e-04
D2,wall,358.94,1.739348e-04
D2,wall,360.90,1.737071e-04
D2,wall,362.86,1.734811e-04
D2,wall,364.83,1.732567e-04
D2,wall,366.79,1.730338e-04
D2,wall,368.75,1.728124e-04
D2,wall,370.71,1.725924e-04
D2,wall,372.67,1.723737e-04
D2,wall,374.63,1.721564e-04
D2,wall,376.59,1.719404e-04
D2,wall,378.56,1.717257e-04
D2,wall,380.52,1.715121e-04
D2,wall,382.48,1.712998e-04
D2,wall,384.44,1.710886e-04
D2,wall,386.40,1.708784e-04
D2,wall,388.36,1.706694e-04
D2,wall,390.32,1.704614e-04
D2,wall,392.29,1.702544e-04
D2,wall,394.25,1.700484e-04
D2,wall,396.21,1.698433e-04
D2,wall,398.17,1.696392e-04
D2,wall,400.13,1.694360e-04
D2,wall,402.09,1.692337e-04
D2,wall,404.05,1.690322e-04
D2,wall,406.02,1.688316e-04
D2,wall,407.98,1.686318e-04
D2,wall,409.94,1.684327e-04
D2,wall,411.90,1.682345e-04
D2,wall,413.86,1.680370e-04
D2,wall,415.82,1.678403e-04
D2,wall,417.78,1.676442e-04
D2,wall,419.75,1.674489e-04
D2,wall,421.71,1.672543e-04
D2,wall,423.67,1.670603e-04
D2,wall,425.63,1.668670e-04
D2,wall,427.59,1.666743e-04
D2,wall,429.55,1.664823e-04
D2,wall,431.51,1.662909e-04
D2,wall,433.47,1.661000e-04
D2,wall,435.44,1.659098e-04
D2,wall,437.40,1.657202e-04
D2,wall,439.36,1.655311e-04
D2,wall,441.32,1.653426e-04
D2,wall,443.28,1.651546e-04
D2,wall,445.24,1.649672e-04
D2,wall,447.20,1.647802e-04
D2,wall,449.17,1.645939e-04
D2,wall,451.13,1.644080e-04
D2,wall,453.09,1.642226e-04
D2,wall,455.05,1.640377e-04
D2,wall,457.01,1.638533e-04
D2,wall,458.97,1.636693e-04
D2,wall,460.93,1.634858e-04
D2,wall,462.90,1.633028e-04
D2,wall,464.86,1.631203e-04
D2,wall,466.82,1.629381e-04
D2,wall,468.78,1.627565e-04
D2,wall,470.74,1.625752e-04
D2,wall,472.70,1.623944e-04
D2,wall,474.66,1.622140e-04
D2,wall,476.63,1.620340e-04
D2,wall,478.59,1.618544e-04
D2,wall,480.55,1.616752e-04
D2,wall,482.51,1.614964e-04
D2,wall,484.47,1.613180e-04
D2,wall,486.43,1.611400e-04
D2,wall,488.39,1.609623e-04
D2,wall,490.36,1.607851e-04
D2,wall,492.32,1.606082e-04
D2,wall,494.28,1.604317e-04
D2,wall,496.24,1.602555e-04
D2,wall,498.20,1.600797e-04
D2,wall,500.16,1.599043e-04
D2,wall,502.12,1.597292e-04
D2,wall,504.09,1.595544e-04
D2,wall,506.05,1.593800e-04
D2,wall,508.01,1.592059e-04
D2,wall,509.97,1.590322e-04
D2,wall,511.93,1.588588e-04
D2,wall,513.89,1.586857e-04
D2,wall,515.85,1.585129e-04
D2,wall,517.82,1.583405e-04
D2,wall,519.78,1.581683e-04
D2,wall,521.74,1.579965e-04
D2,wall,523.70,1.578250e-04
D2,wall,525.66,1.576538e-04
D2,wall,527.62,1.574830e-04
D2,wall,529.58,1.573124e-04
D2,wall,531.55,1.571421e-04
D2,wall,533.51,1.569721e-04
D2,wall,535.47,1.568024e-04
D2,wall,537.43,1.566330e-04
D2,wall,539.39,1.564639e-04
D2,wall,541.35,1.562951e-04
D2,wall,543.31,1.561266e-04
D2,wall,545.28,1.559583e-04
D2,wall,547.24,1.557903e-04
D2,wall,549.20,1.556226e-04
D2,wall,551.16,1.554552e-04
D2,wall,553.12,1.552880e-04
D2,wall,555.08,1.551212e-04
D2,wall,557.04,1.549546e-04
D2,wall,559.01,1.547882e-04
D2,wall,560.97,1.546221e-04
D2,wall,562.93,1.544563e-04
D2,wall,564.89,1.542908e-04
D2,wall,566.85,1.541255e-04
D2,wall,568.81,1.539604e-04
D2,wall,570.77,1.537956e-04
D2,wall,572.74,1.536311e-04
D2,wall,574.70,1.534668e-04
D2,wall,576.66,1.533028e-04
D2,wall,578.62,1.531390e-04
D2,wall,580.58,1.529755e-04
D2,wall,582.54,1.528122e-04
D2,wall,584.50,1.526492e-04
D2,wall,586.47,1.524864e-04
D2,wall,588.43,1.523238e-04
D2,wall,590.39,1.521615e-04
D2,wall,592.35,1.519994e-04
D2,wall,594.31,1.518375e-04
D2,wall,596.27,1.516759e-04
D2,wall,598.23,1.515146e-04
D2,wall,600.20,1.513534e-04
D2,wall,602.16,1.511925e-04
D2,wall,604.12,1.510318e-04
D2,wall,606.08,1.508714e-04
D2,wall,608.04,1.507111e-04
D2,wall,610.00,1.505511e-04
D2,wall,611.96,1.503914e-04
D2,wall,613.93,1.502318e-04
D2,wall,615.89,1.500725e-04
D2,wall,617.85,1.499134e-04
D2,wall,619.81,1.497545e-04
D2,wall,621.77,1.495958e-04
D2,wall,623.73,1.494374e-04
D2,wall,625.69,1.492791e-04
D2,wall,627.66,1.491211e-04
D2,wall,629.62,1.489633e-04
D2,wall,631.58,1.488057e-04
D2,wall,633.54,1.486483e-04
D2,wall,635.50,1.484912e-04
D2,wall,637.46,1.483342e-04
D2,wall,639.42,1.481775e-04
D2,wall,641.39,1.480209e-04
D2,wall,643.35,1.478646e-04
D2,wall,645.31,1.477085e-04
D2,wall,647.27,1.475526e-04
D2,wall,649.23,1.473968e-04
D2,wall,651.19,1.472413e-04
D2,wall,653.15,1.470860e-04
D2,wall,655.12,1.469309e-04
D2,wall,657.08,1.467760e-04
D2,wall,659.04,1.466213e-04
D2,wall,661.00,1.464668e-04
D2,wall,662.96,1.463125e-04
D2,wall,664.92,1.461584e-04
D2,wall,666.88,1.460045e-04
D2,wall,668.85,1.458508e-04
D2,wall,670.81,1.456973e-04
D2,wall,672.77,1.455440e-04
D2,wall,674.73,1.453909e-04
D2,wall,676.69,1.452380e-04
D2,wall,678.65,1.450852e-04
D2,wall,680.61,1.449327e-04
D2,wall,682.58,1.447803e-04
D2,wall,684.54,1.446282e-04
D2,wall,686.50,1.444762e-04
D2,wall,688.46,1.443244e-04
D2,wall,690.42,1.441729e-04
D2,wall,692.38,1.440215e-04
D2,wall,694.34,1.438702e-04
D2,wall,696.31,1.437192e-04
D2,wall,698.27,1.435684e-04
D2,wall,700.23,1.434177e-04
D2,wall,702.19,1.432673e-04
D2,wall,704.15,1.431170e-04
D2,wall,706.11,1.429669e-04
D2,wall,708.07,1.428170e-04
D2,wall,710.04,1.426672e-04
D2,wall,712.00,1.425177e-04
D2,wall,713.96,1.423683e-04
D2,wall,715.92,1.422191e-04
D2,wall,717.88,1.420701e-04
D2,wall,719.84,1.419213e-04
D2,wall,721.80,1.417727e-04
D2,wall,723.77,1.416242e-04
D2,wall,725.73,1.414759e-04
D2,wall,727.69,1.413278e-04
D2,wall,729.65,1.411799e-04
D2,wall,731.61,1.410321e-04
D2,wall,733.57,1.408845e-04
D2,wall,735.53,1.407371e-04
D2,wall,737.50,1.405899e-04
D2,wall,739.46,1.404429e-04
D2,wall,741.42,1.402960e-04
D2,wall,743.38,1.401493e-04
D2,wall,745.34,1.400028e-04
D2,wall,747.30,1.398564e-04
D2,wall,749.26,1.397102e-04
D2,wall,751.23,1.395642e-04
D2,wall,753.19,1.394184e-04
D2,wall,755.15,1.392727e-04
D2,wall,757.11,1.391272e-04
D2,wall,759.07,1.389819e-04
D2,wall,761.03,1.388367e-04
D2,wall,762.99,1.386918e-04
D2,wall,764.96,1.385469e-04
D2,wall,766.92,1.384023e-04
D2,wall,768.88,1.382578e-04
D2,wall,770.84,1.381135e-04
D2,wall,772.80,1.379694e-04
D2,wall,774.76,1.378254e-04
D2,wall,776.72,1.376816e-04
D2,wall,778.69,1.375380e-04
D2,wall,780.65,1.373945e-04
D2,wall,782.61,1.372512e-04
D2,peak,0.00,8.063564e-03
D2,peak,1.96,7.687803e-03
D2,peak,3.92,7.330487e-03
D2,peak,5.88,6.990709e-03
D2,peak,7.85,6.667606e-03
D2,peak,9.81,6.360356e-03
D2,peak,11.77,6.068180e-03
D2,peak,13.73,5.790337e-03
D2,peak,15.69,5.526120e-03
D2,peak,17.65,5.274860e-03
D2,peak,19.61,5.035919e-03
D2,peak,21.58,4.808690e-03
D2,peak,23.54,4.592599e-03
D2,peak,25.50,4.387096e-03
D2,peak,27.46,4.191660e-03
D2,peak,29.42,4.005798e-03
D2,peak,31.38,3.829037e-03
D2,peak,33.34,3.660930e-03
D2,peak,35.31,3.501051e-03
D2,peak,37.27,3.348997e-03
D2,peak,39.23,3.204381e-03
D2,peak,41.19,3.066838e-03
D2,peak,43.15,2.936020e-03
D2,peak,45.11,2.811597e-03
D2,peak,47.07,2.693253e-03
D2,peak,49.04,2.580691e-03
D2,peak,51.00,2.473626e-03
D2,peak,52.96,2.371788e-03
D2,peak,54.92,2.274919e-03
D2,peak,56.88,2.182776e-03
D2,peak,58.84,2.095126e-03
D2,peak,60.80,2.011748e-03
D2,peak,62.77,1.932433e-03
D2,peak,64.73,1.856980e-03
D2,peak,66.69,1.785200e-03
D2,peak,68.65,1.716913e-03
D2,peak,70.61,1.651947e-03
D2,peak,72.57,1.590138e-03
D2,peak,74.53,1.531332e-03
D2,peak,76.50,1.475381e-03
D2,peak,78.46,1.422145e-03
D2,peak,80.42,1.371491e-03
D2,peak,82.38,1.323291e-03
D2,peak,84.34,1.277426e-03
D2,peak,86.30,1.233780e-03
D2,peak,88.26,1.192246e-03
D2,peak,90.23,1.152718e-03
D2,peak,92.19,1.115099e-03
D2,peak,94.15,1.079295e-03
D2,peak,96.11,1.045217e-03
D2,peak,98.07,1.012780e-03
D2,peak,100.03,9.819043e-04
D2,peak,101.99,9.525126e-04
D2,peak,103.96,9.245323e-04
D2,peak,105.92,8.978943e-04
D2,peak,107.88,8.725328e-04
D2,peak,109.84,8.483851e-04
D2,peak,111.80,8.253919e-04
D2,peak,113.76,8.034965e-04
D2,peak,115.72,7.826452e-04
D2,peak,117.69,7.627869e-04
D2,peak,119.65,7.438728e-04
D2,peak,121.61,7.258568e-04
D2,peak,123.57,7.086950e-04
D2,peak,125.53,6.923455e-04
D2,peak,127.49,6.767686e-04
D2,peak,129.45,6.619264e-04
D2,peak,131.42,6.477832e-04
D2,peak,133.38,6.343046e-04
D2,peak,135.34,6.214583e-04
D2,peak,137.30,6.092132e-04
D2,peak,139.26,5.975401e-04
D2,peak,141.22,5.864110e-04
D2,peak,143.18,5.757994e-04
D2,peak,145.15,5.656799e-04
D2,peak,147.11,5.560286e-04
D2,peak,149.07,5.468227e-04
D2,peak,151.03,5.380404e-04
D2,peak,152.99,5.296610e-04
D2,peak,154.95,5.216650e-04
D2,peak,156.91,5.140337e-04
D2,peak,158.88,5.067493e-04
D2,peak,160.84,4.997949e-04
D2,peak,162.80,4.931545e-04
D2,peak,164.76,4.868128e-04
D2,peak,166.72,4.807553e-04
D2,peak,168.68,4.749681e-04
D2,peak,170.64,4.694383e-04
D2,peak,172.61,4.641532e-04
D2,peak,174.57,4.591009e-04
D2,peak,176.53,4.542703e-04
D2,peak,178.49,4.496506e-04
D2,peak,180.45,4.452315e-04
D2,peak,182.41,4.410033e-04
D2,peak,184.37,4.369568e-04
D2,peak,186.34,4.330833e-04
D2,peak,188.30,4.293743e-04
D2,peak,190.26,4.258219e-04
D2,peak,192.22,4.224186e-04
D2,peak,194.18,4.191572e-04
D2,peak,196.14,4.160308e-04
D2,peak,198.10,4.130330e-04
D2,peak,200.07,4.101575e-04
D2,peak,202.03,4.073985e-04
D2,peak,203.99,4.047503e-04
D2,peak,205.95,4.022078e-04
D2,peak,207.91,3.997657e-04
D2,peak,209.87,3.974194e-04
D2,peak,211.83,3.951641e-04
D2,peak,213.80,3.929957e-04
D2,peak,215.76,3.909098e-04
D2,peak,217.72,3.889026e-04
D2,peak,219.68,3.869704e-04
D2,peak,221.64,3.851095e-04
D2,peak,223.60,3.833166e-04
D2,peak,225.56,3.815885e-04
D2,peak,227.53,3.799220e-04
D2,peak,229.49,3.783143e-04
D2,peak,231.45,3.767626e-04
D2,peak,233.41,3.752642e-04
D2,peak,235.37,3.738166e-04
D2,peak,237.33,3.724175e-04
D2,peak,239.29,3.710646e-04
D2,peak,241.26,3.697556e-04
D2,peak,243.22,3.684886e-04
D2,peak,245.18,3.672616e-04
D2,peak,247.14,3.660726e-04
D2,peak,249.10,3.649200e-04
D2,peak,251.06,3.638021e-04
D2,peak,253.02,3.627172e-04
D2,peak,254.99,3.616638e-04
D2,peak,256.95,3.606405e-04
D2,peak,258.91,3.596458e-04
D2,peak,260.87,3.586785e-04
D2,peak,262.83,3.577373e-04
D2,peak,264.79,3.568210e-04
D2,peak,266.75,3.559284e-04
D2,peak,268.72,3.550586e-04
D2,peak,270.68,3.542104e-04
D2,peak,272.64,3.533828e-04
D2,peak,274.60,3.525751e-04
D2,peak,276.56,3.517861e-04
D2,peak,278.52,3.510152e-04
D2,peak,280.48,3.502615e-04
D2,peak,282.45,3.495243e-04
D2,peak,284.41,3.488027e-04
D2,peak,286.37,3.480961e-04
D2,peak,288.33,3.474039e-04
D2,peak,290.29,3.467255e-04
D2,peak,292.25,3.460601e-04
D2,peak,294.21,3.454073e-04
D2,peak,296.18,3.447665e-04
D2,peak,298.14,3.441371e-04
D2,peak,300.10,3.435188e-04
D2,peak,302.06,3.429110e-04
D2,peak,304.02,3.423132e-04
D2,peak,305.98,3.417251e-04
D2,peak,307.94,3.411463e-04
D2,peak,309.91,3.405763e-04
D2,peak,311.87,3.400147e-04
D2,peak,313.83,3.394613e-04
D2,peak,315.79,3.389157e-04
D2,peak,317.75,3.383775e-04
D2,peak,319.71,3.378466e-04
D2,peak,321.67,3.373224e-04
D2,peak,323.64,3.368049e-04
D2,peak,325.60,3.362938e-04
D2,peak,327.56,3.357887e-04
D2,peak,329.52,3.352894e-04
D2,peak,331.48,3.347957e-04
D2,peak,333.44,3.343075e-04
D2,peak,335.40,3.338244e-04
D2,peak,337.37,3.333463e-04
D2,peak,339.33,3.328730e-04
D2,peak,341.29,3.324043e-04
D2,peak,343.25,3.319401e-04
D2,peak,345.21,3.314801e-04
D2,peak,347.17,3.310243e-04
D2,peak,349.13,3.305724e-04
D2,peak,351.10,3.301243e-04
D2,peak,353.06,3.296800e-04
D2,peak,355.02,3.292391e-04
D2,peak,356.98,3.288017e-04
D2,peak,358.94,3.283677e-04
D2,peak,360.90,3.279368e-04
D2,peak,362.86,3.275090e-04
D2,peak,364.83,3.270841e-04
D2,peak,366.79,3.266622e-04
D2,peak,368.75,3.262431e-04
D2,peak,370.71,3.258266e-04
D2,peak,372.67,3.254127e-04
D2,peak,374.63,3.250014e-04
D2,peak,376.59,3.245925e-04
D2,peak,378.56,3.241860e-04
D2,peak,380.52,3.237818e-04
D2,peak,382.48,3.233798e-04
D2,peak,384.44,3.229800e-04
D2,peak,386.40,3.225822e-04
D2,peak,388.36,3.221865e-04
D2,peak,390.32,3.217928e-04
D2,peak,392.29,3.214010e-04
D2,peak,394.25,3.210110e-04
D2,peak,396.21,3.206229e-04
D2,peak,398.17,3.202365e-04
D2,peak,400.13,3.198519e-04
D2,peak,402.09,3.194689e-04
D2,peak,404.05,3.190875e-04
D2,peak,406.02,3.187077e-04
D2,peak,407.98,3.183295e-04
D2,peak,409.94,3.179528e-04
D2,peak,411.90,3.175775e-04
D2,peak,413.86,3.172037e-04
D2,peak,415.82,3.168312e-04
D2,peak,417.78,3.164602e-04
D2,peak,419.75,3.160904e-04
D2,peak,421.71,3.157220e-04
D2,peak,423.67,3.153548e-04
D2,peak,425.63,3.149889e-04
D2,peak,427.59,3.146242e-04
D2,peak,429.55,3.142607e-04
D2,peak,431.51,3.138983e-04
D2,peak,433.47,3.135371e-04
D2,peak,435.44,3.131771e-04
D2,peak,437.40,3.128181e-04
D2,peak,439.36,3.124602e-04
D2,peak,441.32,3.121033e-04
D2,peak,443.28,3.117475e-04
D2,peak,445.24,3.113927e-04
D2,peak,447.20,3.110389e-04
D2,peak,449.17,3.106861e-04
D2,peak,451.13,3.103342e-04
D2,peak,453.09,3.099833e-04
D2,peak,455.05,3.096333e-04
D2,peak,457.01,3.092842e-04
D2,peak,458.97,3.089360e-04
D2,peak,460.93,3.085887e-04
D2,peak,462.90,3.082422e-04
D2,peak,464.86,3.078967e-04
D2,peak,466.82,3.075519e-04
D2,peak,468.78,3.072080e-04
D2,peak,470.74,3.068649e-04
D2,peak,472.70,3.065226e-04
D2,peak,474.66,3.061811e-04
D2,peak,476.63,3.058404e-04
D2,peak,478.59,3.055005e-04
D2,peak,480.55,3.051613e-04
D2,peak,482.51,3.048228e-04
D2,peak,484.47,3.044851e-04
D2,peak,486.43,3.041482e-04
D2,peak,488.39,3.038119e-04
D2,peak,490.36,3.034764e-04
D2,peak,492.32,3.031415e-04
D2,peak,494.28,3.028074e-04
D2,peak,496.24,3.024739e-04
D2,peak,498.20,3.021411e-04
D2,peak,500.16,3.018090e-04
D2,peak,502.12,3.014776e-04
D2,peak,504.09,3.011468e-04
D2,peak,506.05,3.008166e-04
D2,peak,508.01,3.004871e-04
D2,peak,509.97,3.001582e-04
D2,peak,511.93,2.998300e-04
D2,peak,513.89,2.995024e-04
D2,peak,515.85,2.991753e-04
D2,peak,517.82,2.988489e-04
D2,peak,519.78,2.985231e-04
D2,peak,521.74,2.981979e-04
D2,peak,523.70,2.978733e-04
D2,peak,525.66,2.975492e-04
D2,peak,527.62,2.972257e-04
D2,peak,529.58,2.969028e-04
D2,peak,531.55,2.965805e-04
D2,peak,533.51,2.962587e-04
D2,peak,535.47,2.959375e-04
D2,peak,537.43,2.956169e-04
D2,peak,539.39,2.952968e-04
D2,peak,541.35,2.949772e-04
D2,peak,543.31,2.946582e-04
D2,peak,545.28,2.943397e-04
D2,peak,547.24,2.940217e-04
D2,peak,549.20,2.937043e-04
D2,peak,551.16,2.933873e-04
D2,peak,553.12,2.930709e-04
D2,peak,555.08,2.927550e-04
D2,peak,557.04,2.924397e-04
D2,peak,559.01,2.921248e-04
D2,peak,560.97,2.918104e-04
D2,peak,562.93,2.914965e-04
D2,peak,564.89,2.911831e-04
D2,peak,566.85,2.908702e-04
D2,peak,568.81,2.905578e-04
D2,peak,570.77,2.902459e-04
D2,peak,572.74,2.899345e-04
D2,peak,574.70,2.896235e-04
D2,peak,576.66,2.893130e-04
D2,peak,578.62,2.890030e-04
D2,peak,580.58,2.886934e-04
D2,peak,582.54,2.883844e-04
D2,peak,584.50,2.880757e-04
D2,peak,586.47,2.877676e-04
D2,peak,588.43,2.874599e-04
D2,peak,590.39,2.871526e-04
D2,peak,592.35,2.868458e-04
D2,peak,594.31,2.865394e-04
D2,peak,596.27,2.862335e-04
D2,peak,598.23,2.859280e-04
D2,peak,600.20,2.856230e-04
D2,peak,602.16,2.853184e-04
D2,peak,604.12,2.850143e-04
D2,peak,606.08,2.847105e-04
D2,peak,608.04,2.844072e-04
D2,peak,610.00,2.841044e-04
D2,peak,611.96,2.838019e-04
D2,peak,613.93,2.834999e-04
D2,peak,615.89,2.831983e-04
D2,peak,617.85,2.828971e-04
D2,peak,619.81,2.825963e-04
D2,peak,621.77,2.822960e-04
D2,peak,623.73,2.819961e-04
D2,peak,625.69,2.816965e-04
D2,peak,627.66,2.813974e-04
D2,peak,629.62,2.810987e-04
D2,peak,631.58,2.808004e-04
D2,peak,633.54,2.805025e-04
D2,peak,635.50,2.802050e-04
D2,peak,637.46,2.799079e-04
D2,peak,639.42,2.796112e-04
D2,peak,641.39,2.793149e-04
D2,peak,643.35,2.790190e-04
D2,peak,645.31,2.787234e-04
D2,peak,647.27,2.784283e-04
D2,peak,649.23,2.781335e-04
D2,peak,651.19,2.778392e-04
D2,peak,653.15,2.775452e-04
D2,peak,655.12,2.772516e-04
D2,peak,657.08,2.769584e-04
D2,peak,659.04,2.766656e-04
D2,peak,661.00,2.763731e-04
D2,peak,662.96,2.760810e-04
D2,peak,664.92,2.757893e-04
D2,peak,666.88,2.754980e-04
D2,peak,668.85,2.752071e-04
D2,peak,670.81,2.749165e-04
D2,peak,672.77,2.746263e-04
D2,peak,674.73,2.743364e-04
D2,peak,676.69,2.740470e-04
D2,peak,678.65,2.737578e-04
D2,peak,680.61,2.734691e-04
D2,peak,682.58,2.731807e-04
D2,peak,684.54,2.728927e-04
D2,peak,686.50,2.726050e-04
D2,peak,688.46,2.723177e-04
D2,peak,690.42,2.720308e-04
D2,peak,692.38,2.717442e-04
D2,peak,694.34,2.714580e-04
D2,peak,696.31,2.711721e-04
D2,peak,698.27,2.708866e-04
D2,peak,700.23,2.706014e-04
D2,peak,702.19,2.703166e-04
D2,peak,704.15,2.700321e-04
D2,peak,706.11,2.697480e-04
D2,peak,708.07,2.694642e-04
D2,peak,710.04,2.691808e-04
D2,peak,712.00,2.688977e-04
D2,peak,713.96,2.686150e-04
D2,peak,715.92,2.683326e-04
D2,peak,717.88,2.680505e-04
D2,peak,719.84,2.677688e-04
D2,peak,721.80,2.674874e-04
D2,peak,723.77,2.672064e-04
D2,peak,725.73,2.669257e-04
D2,peak,727.69,2.666454e-04
D2,peak,729.65,2.663653e-04
D2,peak,731.61,2.660857e-04
D2,peak,733.57,2.658063e-04
D2,peak,735.53,2.655273e-04
D2,peak,737.50,2.652486e-04
D2,peak,739.46,2.649703e-04
D2,peak,741.42,2.646922e-04
D2,peak,743.38,2.644145e-04
D2,peak,745.34,2.641372e-04
D2,peak,747.30,2.638601e-04
D2,peak,749.26,2.635834e-04
D2,peak,751.23,2.633070e-04
D2,peak,753.19,2.630310e-04
D2,peak,755.15,2.627553e-04
D2,peak,757.11,2.624798e-04
D2,peak,759.07,2.622048e-04
D2,peak,761.03,2.619300e-04
D2,peak,762.99,2.616555e-04
D2,peak,764.96,2.613814e-04
D2,peak,766.92,2.611076e-04
D2,peak,768.88,2.608341e-04
D2,peak,770.84,2.605610e-04
D2,peak,772.80,2.602881e-04
D2,peak,774.76,2.600156e-04
D2,peak,776.72,2.597434e-04
D2,peak,778.69,2.594715e-04
D2,peak,780.65,2.591999e-04
D2,peak,782.61,2.589286e-04
D2,total,0.00,7.965640e-03
D2,total,1.96,7.594279e-03
D2,total,3.92,7.241148e-03
D2,total,5.88,6.905350e-03
D2,total,7.85,6.586030e-03
D2,total,9.81,6.282379e-03
D2,total,11.77,5.993625e-03
D2,total,13.73,5.719035e-03
D2,total,15.69,5.457913e-03
D2,total,17.65,5.209595e-03
D2,total,19.61,4.973452e-03
D2,total,21.58,4.748885e-03
D2,total,23.54,4.535324e-03
D2,total,25.50,4.332228e-03
D2,total,27.46,4.139082e-03
D2,total,29.42,3.955396e-03
D2,total,31.38,3.780705e-03
D2,total,33.34,3.614567e-03
D2,total,35.31,3.456561e-03
D2,total,37.27,3.306287e-03
D2,total,39.23,3.163364e-03
D2,total,41.19,3.027432e-03
D2,total,43.15,2.898147e-03
D2,total,45.11,2.775180e-03
D2,total,47.07,2.658223e-03
D2,total,49.04,2.546980e-03
D2,total,51.00,2.441168e-03
D2,total,52.96,2.340523e-03
D2,total,54.92,2.244788e-03
D2,total,56.88,2.153724e-03
D2,total,58.84,2.067101e-03
D2,total,60.80,1.984699e-03
D2,total,62.77,1.906313e-03
D2,total,64.73,1.831744e-03
D2,total,66.69,1.760805e-03
D2,total,68.65,1.693317e-03
D2,total,70.61,1.629112e-03
D2,total,72.57,1.568027e-03
D2,total,74.53,1.509910e-03
D2,total,76.50,1.454614e-03
D2,total,78.46,1.402001e-03
D2,total,80.42,1.351940e-03
D2,total,82.38,1.304305e-03
D2,total,84.34,1.258977e-03
D2,total,86.30,1.215843e-03
D2,total,88.26,1.174794e-03
D2,total,90.23,1.135730e-03
D2,total,92.19,1.098551e-03
D2,total,94.15,1.063167e-03
D2,total,96.11,1.029488e-03
D2,total,98.07,9.974310e-04
D2,total,100.03,9.669166e-04
D2,total,101.99,9.378691e-04
D2,total,103.96,9.102166e-04
D2,total,105.92,8.838905e-04
D2,total,107.88,8.588260e-04
D2,total,109.84,8.349612e-04
D2,total,111.80,8.122372e-04
D2,total,113.76,7.905983e-04
D2,total,115.72,7.699911e-04
D2,total,117.69,7.503654e-04
D2,total,119.65,7.316728e-04
D2,total,121.61,7.138678e-04
D2,total,123.57,6.969070e-04
D2,total,125.53,6.807490e-04
D2,total,127.49,6.653545e-04
D2,total,129.45,6.506862e-04
D2,total,131.42,6.367085e-04
D2,total,133.38,6.233878e-04
D2,total,135.34,6.106919e-04
D2,total,137.30,5.985903e-04
D2,total,139.26,5.870539e-04
D2,total,141.22,5.760551e-04
D2,total,143.18,5.655678e-04
D2,total,145.15,5.555668e-04
D2,total,147.11,5.460286e-04
D2,total,149.07,5.369304e-04
D2,total,151.03,5.282510e-04
D2,total,152.99,5.199698e-04
D2,total,154.95,5.120674e-04
D2,total,156.91,5.045255e-04
D2,total,158.88,4.973264e-04
D2,total,160.84,4.904534e-04
D2,total,162.80,4.838908e-04
D2,total,164.76,4.776233e-04
D2,total,166.72,4.716368e-04
D2,total,168.68,4.659174e-04
D2,total,170.64,4.604523e-04
D2,total,172.61,4.552291e-04
D2,total,174.57,4.502361e-04
D2,total,176.53,4.454620e-04
D2,total,178.49,4.408964e-04
D2,total,180.45,4.365290e-04
D2,total,182.41,4.323504e-04
D2,total,184.37,4.283513e-04
D2,total,186.34,4.245231e-04
D2,total,188.30,4.208575e-04
D2,total,190.26,4.173468e-04
D2,total,192.22,4.139833e-04
D2,total,194.18,4.107601e-04
D2,total,196.14,4.076703e-04
D2,total,198.10,4.047076e-04
D2,total,200.07,4.018658e-04
D2,total,202.03,3.991391e-04
D2,total,203.99,3.965220e-04
D2,total,205.95,3.940092e-04
D2,total,207.91,3.915957e-04
D2,total,209.87,3.892769e-04
D2,total,211.83,3.870480e-04
D2,total,213.80,3.849050e-04
D2,total,215.76,3.828435e-04
D2,total,217.72,3.808599e-04
D2,total,219.68,3.789502e-04
D2,total,221.64,3.771112e-04
D2,total,223.60,3.753393e-04
D2,total,225.56,3.736313e-04
D2,total,227.53,3.719844e-04
D2,total,229.49,3.703955e-04
D2,total,231.45,3.688620e-04
D2,total,233.41,3.673811e-04
D2,total,235.37,3.659505e-04
D2,total,237.33,3.645678e-04
D2,total,239.29,3.632307e-04
D2,total,241.26,3.619371e-04
D2,total,243.22,3.606849e-04
D2,total,245.18,3.594722e-04
D2,total,247.14,3.582972e-04
D2,total,249.10,3.571581e-04
D2,total,251.06,3.560533e-04
D2,total,253.02,3.549811e-04
D2,total,254.99,3.539400e-04
D2,total,256.95,3.529287e-04
D2,total,258.91,3.519457e-04
D2,total,260.87,3.509897e-04
D2,total,262.83,3.500595e-04
D2,total,264.79,3.491539e-04
D2,total,266.75,3.482718e-04
D2,total,268.72,3.474122e-04
D2,total,270.68,3.465739e-04
D2,total,272.64,3.457561e-04
D2,total,274.60,3.449578e-04
D2,total,276.56,3.441781e-04
D2,total,278.52,3.434162e-04
D2,total,280.48,3.426713e-04
D2,total,282.45,3.419427e-04
D2,total,284.41,3.412296e-04
D2,total,286.37,3.405313e-04
D2,total,288.33,3.398472e-04
D2,total,290.29,3.391766e-04
D2,total,292.25,3.385191e-04
D2,total,294.21,3.378739e-04
D2,total,296.18,3.372406e-04
D2,total,298.14,3.366186e-04
D2,total,300.10,3.360076e-04
D2,total,302.06,3.354069e-04
D2,total,304.02,3.348161e-04
D2,total,305.98,3.342349e-04
D2,total,307.94,3.336628e-04
D2,total,309.91,3.330995e-04
D2,total,311.87,3.325445e-04
D2,total,313.83,3.319976e-04
D2,total,315.79,3.314583e-04
D2,total,317.75,3.309265e-04
D2,total,319.71,3.304017e-04
D2,total,321.67,3.298838e-04
D2,total,323.64,3.293723e-04
D2,total,325.60,3.288671e-04
D2,total,327.56,3.283679e-04
D2,total,329.52,3.278745e-04
D2,total,331.48,3.273867e-04
D2,total,333.44,3.269041e-04
D2,total,335.40,3.264267e-04
D2,total,337.37,3.259542e-04
D2,total,339.33,3.254865e-04
D2,total,341.29,3.250233e-04
D2,total,343.25,3.245645e-04
D2,total,345.21,3.241099e-04
D2,total,347.17,3.236594e-04
D2,total,349.13,3.232128e-04
D2,total,351.10,3.227700e-04
D2,total,353.06,3.223308e-04
D2,total,355.02,3.218951e-04
D2,total,356.98,3.214628e-04
D2,total,358.94,3.210338e-04
D2,total,360.90,3.206080e-04
D2,total,362.86,3.201852e-04
D2,total,364.83,3.197654e-04
D2,total,366.79,3.193484e-04
D2,total,368.75,3.189341e-04
D2,total,370.71,3.185225e-04
D2,total,372.67,3.181135e-04
D2,total,374.63,3.177070e-04
D2,total,376.59,3.173029e-04
D2,total,378.56,3.169012e-04
D2,total,380.52,3.165017e-04
D2,total,382.48,3.161044e-04
D2,total,384.44,3.157093e-04
D2,total,386.40,3.153162e-04
D2,total,388.36,3.149251e-04
D2,total,390.32,3.145360e-04
D2,total,392.29,3.141488e-04
D2,total,394.25,3.137634e-04
D2,total,396.21,3.133798e-04
D2,total,398.17,3.129980e-04
D2,total,400.13,3.126178e-04
D2,total,402.09,3.122393e-04
D2,total,404.05,3.118624e-04
D2,total,406.02,3.114871e-04
D2,total,407.98,3.111133e-04
D2,total,409.94,3.107409e-04
D2,total,411.90,3.103701e-04
D2,total,413.86,3.100006e-04
D2,total,415.82,3.096325e-04
D2,total,417.78,3.092658e-04
D2,total,419.75,3.089004e-04
D2,total,421.71,3.085363e-04
D2,total,423.67,3.081734e-04
D2,total,425.63,3.078118e-04
D2,total,427.59,3.074513e-04
D2,total,429.55,3.070921e-04
D2,total,431.51,3.067340e-04
D2,total,433.47,3.063770e-04
D2,total,435.44,3.060212e-04
D2,total,437.40,3.056664e-04
D2,total,439.36,3.053127e-04
D2,total,441.32,3.049600e-04
D2,total,443.28,3.046083e-04
D2,total,445.24,3.042577e-04
D2,total,447.20,3.039080e-04
D2,total,449.17,3.035593e-04
D2,total,451.13,3.032116e-04
D2,total,453.09,3.028648e-04
D2,total,455.05,3.025189e-04
D2,total,457.01,3.021739e-04
D2,total,458.97,3.018298e-04
D2,total,460.93,3.014865e-04
D2,total,462.90,3.011441e-04
D2,total,464.86,3.008026e-04
D2,total,466.82,3.004619e-04
D2,total,468.78,3.001220e-04
D2,total,470.74,2.997829e-04
D2,total,472.70,2.994447e-04
D2,total,474.66,2.991072e-04
D2,total,476.63,2.987704e-04
D2,total,478.59,2.984345e-04
D2,total,480.55,2.980992e-04
D2,total,482.51,2.977648e-04
D2,total,484.47,2.974310e-04
D2,total,486.43,2.970980e-04
D2,total,488.39,2.967657e-04
D2,total,490.36,2.964341e-04
D2,total,492.32,2.961032e-04
D2,total,494.28,2.957729e-04
D2,total,496.24,2.954434e-04
D2,total,498.20,2.951145e-04
D2,total,500.16,2.947863e-04
D2,total,502.12,2.944587e-04
D2,total,504.09,2.941318e-04
D2,total,506.05,2.938055e-04
D2,total,508.01,2.934798e-04
D2,total,509.97,2.931548e-04
D2,total,511.93,2.928304e-04
D2,total,513.89,2.925066e-04
D2,total,515.85,2.921834e-04
D2,total,517.82,2.918608e-04
D2,total,519.78,2.915388e-04
D2,total,521.74,2.912174e-04
D2,total,523.70,2.908966e-04
D2,total,525.66,2.905763e-04
D2,total,527.62,2.902566e-04
D2,total,529.58,2.899375e-04
D2,total,531.55,2.896190e-04
D2,total,533.51,2.893010e-04
D2,total,535.47,2.889835e-04
D2,total,537.43,2.886666e-04
D2,total,539.39,2.883503e-04
D2,total,541.35,2.880344e-04
D2,total,543.31,2.877191e-04
D2,total,545.28,2.874044e-04
D2,total,547.24,2.870901e-04
D2,total,549.20,2.867764e-04
D2,total,551.16,2.864632e-04
D2,total,553.12,2.861505e-04
D2,total,555.08,2.858383e-04
D2,total,557.04,2.855266e-04
D2,total,559.01,2.852154e-04
D2,total,560.97,2.849047e-04
D2,total,562.93,2.845945e-04
D2,total,564.89,2.842848e-04
D2,total,566.85,2.839756e-04
D2,total,568.81,2.836668e-04
D2,total,570.77,2.833586e-04
D2,total,572.74,2.830508e-04
D2,total,574.70,2.827435e-04
D2,total,576.66,2.824366e-04
D2,total,578.62,2.821302e-04
D2,total,580.58,2.818243e-04
D2,total,582.54,2.815188e-04
D2,total,584.50,2.812138e-04
D2,total,586.47,2.809092e-04
D2,total,588.43,2.806051e-04
D2,total,590.39,2.803015e-04
D2,total,592.35,2.799983e-04
D2,total,594.31,2.796955e-04
D2,total,596.27,2.793932e-04
D2,total,598.23,2.790913e-04
D2,total,600.20,2.787898e-04
D2,total,602.16,2.784888e-04
D2,total,604.12,2.781882e-04
D2,total,606.08,2.778880e-04
D2,total,608.04,2.775883e-04
D2,total,610.00,2.772889e-04
D2,total,611.96,2.769900e-04
D2,total,613.93,2.766915e-04
D2,total,615.89,2.763935e-04
D2,total,617.85,2.760958e-04
D2,total,619.81,2.757986e-04
D2,total,621.77,2.755018e-04
D2,total,623.73,2.752053e-04
D2,total,625.69,2.749093e-04
D2,total,627.66,2.746137e-04
D2,total,629.62,2.743185e-04
D2,total,631.58,2.740237e-04
D2,total,633.54,2.737293e-04
D2,total,635.50,2.734352e-04
D2,total,637.46,2.731416e-04
D2,total,639.42,2.728484e-04
D2,total,641.39,2.725555e-04
D2,total,643.35,2.722631e-04
D2,total,645.31,2.719710e-04
D2,total,647.27,2.716793e-04
D2,total,649.23,2.713880e-04
D2,total,651.19,2.710971e-04
D2,total,653.15,2.708066e-04
D2,total,655.12,2.705164e-04
D2,total,657.08,2.702267e-04
D2,total,659.04,2.699373e-04
D2,total,661.00,2.696482e-04
D2,total,662.96,2.693596e-04
D2,total,664.92,2.690713e-04
D2,total,666.88,2.687834e-04
D2,total,668.85,2.684958e-04
D2,total,670.81,2.682087e-04
D2,total,672.77,2.679219e-04
D2,total,674.73,2.676354e-04
D2,total,676.69,2.673493e-04
D2,total,678.65,2.670636e-04
D2,total,680.61,2.667782e-04
D2,total,682.58,2.664932e-04
D2,total,684.54,2.662086e-04
D2,total,686.50,2.659243e-04
D2,total,688.46,2.656404e-04
D2,total,690.42,2.653568e-04
D2,total,692.38,2.650735e-04
D2,total,694.34,2.647907e-04
D2,total,696.31,2.645081e-04
D2,total,698.27,2.642260e-04
D2,total,700.23,2.639441e-04
D2,total,702.19,2.636626e-04
D2,total,704.15,2.633815e-04
D2,total,706.11,2.631007e-04
D2,total,708.07,2.628203e-04
D2,total,710.04,2.625402e-04
D2,total,712.00,2.622604e-04
D2,total,713.96,2.619810e-04
D2,total,715.92,2.617019e-04
D2,total,717.88,2.614231e-04
D2,total,719.84,2.611447e-04
D2,total,721.80,2.608666e-04
D2,total,723.77,2.605889e-04
D2,total,725.73,2.603115e-04
D2,total,727.69,2.600344e-04
D2,total,729.65,2.597577e-04
D2,total,731.61,2.594813e-04
D2,total,733.57,2.592052e-04
D2,total,735.53,2.589294e-04
D2,total,737.50,2.586540e-04
D2,total,739.46,2.583789e-04
D2,total,741.42,2.581042e-04
D2,total,743.38,2.578297e-04
D2,total,745.34,2.575556e-04
D2,total,747.30,2.572818e-04
D2,total,749.26,2.570083e-04
D2,total,751.23,2.567352e-04
D2,total,753.19,2.564624e-04
D2,total,755.15,2.561899e-04
D2,total,757.11,2.559177e-04
D2,total,759.07,2.556458e-04
D2,total,761.03,2.553743e-04
D2,total,762.99,2.551030e-04
D2,total,764.96,2.548321e-04
D2,total,766.92,2.545615e-04
D2,total,768.88,2.542912e-04
D2,total,770.84,2.540213e-04
D2,total,772.80,2.537516e-04
D2,total,774.76,2.534823e-04
D2,total,776.72,2.532133e-04
D2,total,778.69,2.529445e-04
D2,total,780.65,2.526761e-04
D2,total,782.61,2.524080e-04
d1,wall,0.00,3.956373e-03
d1,wall,1.96,3.772043e-03
d1,wall,3.92,3.596761e-03
d1,wall,5.88,3.430083e-03
d1,wall,7.85,3.271584e-03
d1,wall,9.81,3.120863e-03
d1,wall,11.77,2.977536e-03
d1,wall,13.73,2.841240e-03
d1,wall,15.69,2.711628e-03
d1,wall,17.65,2.588372e-03
d1,wall,19.61,2.471159e-03
d1,wall,21.58,2.359692e-03
d1,wall,23.54,2.253689e-03
d1,wall,25.50,2.152879e-03
d1,wall,27.46,2.057008e-03
d1,wall,29.42,1.965833e-03
d1,wall,31.38,1.879123e-03
d1,wall,33.34,1.796658e-03
d1,wall,35.31,1.718230e-03
d1,wall,37.27,1.643639e-03
d1,wall,39.23,1.572698e-03
d1,wall,41.19,1.505226e-03
d1,wall,43.15,1.441053e-03
d1,wall,45.11,1.380017e-03
d1,wall,47.07,1.321964e-03
d1,wall,49.04,1.266747e-03
d1,wall,51.00,1.214226e-03
d1,wall,52.96,1.164269e-03
d1,wall,54.92,1.116750e-03
d1,wall,56.88,1.071549e-03
d1,wall,58.84,1.028552e-03
d1,wall,60.80,9.876511e-04
d1,wall,62.77,9.487429e-04
d1,wall,64.73,9.117296e-04
d1,wall,66.69,8.765180e-04
d1,wall,68.65,8.430196e-04
d1,wall,70.61,8.111503e-04
d1,wall,72.57,7.808301e-04
d1,wall,74.53,7.519827e-04
d1,wall,76.50,7.245360e-04
d1,wall,78.46,6.984211e-04
d1,wall,80.42,6.735725e-04
d1,wall,82.38,6.499282e-04
d1,wall,84.34,6.274290e-04
d1,wall,86.30,6.060187e-04
d1,wall,88.26,5.856438e-04
d1,wall,90.23,5.662535e-04
d1,wall,92.19,5.477995e-04
d1,wall,94.15,5.302358e-04
d1,wall,96.11,5.135188e-04
d1,wall,98.07,4.976070e-04
d1,wall,100.03,4.824608e-04
d1,wall,101.99,4.680427e-04
d1,wall,103.96,4.543169e-04
d1,wall,105.92,4.412496e-04
d1,wall,107.88,4.288085e-04
d1,wall,109.84,4.169629e-04
d1,wall,111.80,4.056835e-04
d1,wall,113.76,3.949428e-04
d1,wall,115.72,3.847141e-04
d1,wall,117.69,3.749726e-04
d1,wall,119.65,3.656943e-04
d1,wall,121.61,3.568566e-04
d1,wall,123.57,3.484378e-04
d1,wall,125.53,3.404176e-04
d1,wall,127.49,3.327763e-04
d1,wall,129.45,3.254955e-04
d1,wall,131.42,3.185575e-04
d1,wall,133.38,3.119456e-04
d1,wall,135.34,3.056438e-04
d1,wall,137.30,2.996370e-04
d1,wall,139.26,2.939107e-04
d1,wall,141.22,2.884514e-04
d1,wall,143.18,2.832458e-04
d1,wall,145.15,2.782817e-04
d1,wall,147.11,2.735473e-04
d1,wall,149.07,2.690313e-04
d1,wall,151.03,2.647231e-04
d1,wall,152.99,2.606126e-04
d1,wall,154.95,2.566902e-04
d1,wall,156.91,2.529466e-04
d1,wall,158.88,2.493732e-04
d1,wall,160.84,2.459618e-04
d1,wall,162.80,2.427043e-04
d1,wall,164.76,2.395934e-04
d1,wall,166.72,2.366219e-04
d1,wall,168.68,2.337830e-04
d1,wall,170.64,2.310703e-04
d1,wall,172.61,2.284777e-04
d1,wall,174.57,2.259993e-04
d1,wall,176.53,2.236297e-04
d1,wall,178.49,2.213634e-04
d1,wall,180.45,2.191957e-04
d1,wall,182.41,2.171215e-04
d1,wall,184.37,2.151365e-04
d1,wall,186.34,2.132364e-04
d1,wall,188.30,2.114169e-04
d1,wall,190.26,2.096743e-04
d1,wall,192.22,2.080048e-04
d1,wall,194.18,2.064049e-04
d1,wall,196.14,2.048713e-04
d1,wall,198.10,2.034007e-04
d1,wall,200.07,2.019901e-04
d1,wall,202.03,2.006367e-04
d1,wall,203.99,1.993376e-04
d1,wall,205.95,1.980904e-04
d1,wall,207.91,1.968924e-04
d1,wall,209.87,1.957414e-04
d1,wall,211.83,1.946351e-04
d1,wall,213.80,1.935714e-04
d1,wall,215.76,1.925481e-04
d1,wall,217.72,1.915635e-04
d1,wall,219.68,1.906157e-04
d1,wall,221.64,1.897028e-04
d1,wall,223.60,1.888233e-04
d1,wall,225.56,1.879755e-04
d1,wall,227.53,1.871581e-04
d1,wall,229.49,1.863694e-04
d1,wall,231.45,1.856082e-04
d1,wall,233.41,1.848732e-04
d1,wall,235.37,1.841631e-04
d1,wall,237.33,1.834767e-04
d1,wall,239.29,1.828131e-04
d1,wall,241.26,1.821709e-04
d1,wall,243.22,1.815494e-04
d1,wall,245.18,1.809475e-04
d1,wall,247.14,1.803643e-04
d1,wall,249.10,1.797988e-04
d1,wall,251.06,1.792504e-04
d1,wall,253.02,1.787182e-04
d1,wall,254.99,1.782015e-04
d1,wall,256.95,1.776995e-04
d1,wall,258.91,1.772116e-04
d1,wall,260.87,1.767370e-04
d1,wall,262.83,1.762753e-04
d1,wall,264.79,1.758258e-04
d1,wall,266.75,1.753880e-04
d1,wall,268.72,1.749613e-04
d1,wall,270.68,1.745452e-04
d1,wall,272.64,1.741393e-04
d1,wall,274.60,1.737430e-04
d1,wall,276.56,1.733560e-04
d1,wall,278.52,1.729778e-04
d1,wall,280.48,1.726081e-04
d1,wall,282.45,1.722464e-04
d1,wall,284.41,1.718925e-04
d1,wall,286.37,1.715459e-04
d1,wall,288.33,1.712063e-04
d1,wall,290.29,1.708735e-04
d1,wall,292.25,1.705471e-04
d1,wall,294.21,1.702269e-04
d1,wall,296.18,1.699125e-04
d1,wall,298.14,1.696038e-04
d1,wall,300.10,1.693005e-04
d1,wall,302.06,1.690023e-04
d1,wall,304.02,1.687091e-04
d1,wall,305.98,1.684206e-04
d1,wall,307.94,1.681366e-04
d1,wall,309.91,1.678570e-04
d1,wall,311.87,1.675815e-04
d1,wall,313.83,1.673101e-04
d1,wall,315.79,1.670424e-04
d1,wall,317.75,1.667784e-04
d1,wall,319.71,1.665179e-04
d1,wall,321.67,1.662608e-04
d1,wall,323.64,1.660070e-04
d1,wall,325.60,1.657562e-04
d1,wall,327.56,1.655084e-04
d1,wall,329.52,1.652635e-04
d1,wall,331.48,1.650214e-04
d1,wall,333.44,1.647818e-04
d1,wall,335.40,1.645449e-04
d1,wall,337.37,1.643103e-04
d1,wall,339.33,1.640782e-04
d1,wall,341.29,1.638483e-04
d1,wall,343.25,1.636205e-04
d1,wall,345.21,1.633949e-04
d1,wall,347.17,1.631713e-04
d1,wall,349.13,1.629496e-04
d1,wall,351.10,1.627298e-04
d1,wall,353.06,1.625118e-04
d1,wall,355.02,1.622956e-04
d1,wall,356.98,1.620810e-04
d1,wall,358.94,1.618681e-04
d1,wall,360.90,1.616567e-04
d1,wall,362.86,1.614468e-04
d1,wall,364.83,1.612384e-04
d1,wall,366.79,1.610314e-04
d1,wall,368.75,1.608258e-04
d1,wall,370.71,1.606215e-04
d1,wall,372.67,1.604185e-04
d1,wall,374.63,1.602167e-04
d1,wall,376.59,1.600162e-04
d1,wall,378.56,1.598168e-04
d1,wall,380.52,1.596185e-04
d1,wall,382.48,1.594213e-04
d1,wall,384.44,1.592251e-04
d1,wall,386.40,1.590300e-04
d1,wall,388.36,1.588359e-04
d1,wall,390.32,1.586428e-04
d1,wall,392.29,1.584506e-04
d1,wall,394.25,1.582593e-04
d1,wall,396.21,1.580689e-04
d1,wall,398.17,1.578793e-04
d1,wall,400.13,1.576906e-04
d1,wall,402.09,1.575028e-04
d1,wall,404.05,1.573157e-04
d1,wall,406.02,1.571294e-04
d1,wall,407.98,1.569438e-04
d1,wall,409.94,1.567590e-04
d1,wall,411.90,1.565749e-04
d1,wall,413.86,1.563916e-04
d1,wall,415.82,1.562089e-04
d1,wall,417.78,1.560268e-04
d1,wall,419.75,1.558455e-04
d1,wall,421.71,1.556647e-04
d1,wall,423.67,1.554846e-04
d1,wall,425.63,1.553051e-04
d1,wall,427.59,1.551262e-04
d1,wall,429.55,1.549479e-04
d1,wall,431.51,1.547701e-04
d1,wall,433.47,1.545929e-04
d1,wall,435.44,1.544163e-04
d1,wall,437.40,1.542402e-04
d1,wall,439.36,1.540646e-04
d1,wall,441.32,1.538896e-04
d1,wall,443.28,1.537150e-04
d1,wall,445.24,1.535410e-04
d1,wall,447.20,1.533674e-04
d1,wall,449.17,1.531943e-04
d1,wall,451.13,1.530217e-04
d1,wall,453.09,1.528496e-04
d1,wall,455.05,1.526779e-04
d1,wall,457.01,1.525066e-04
d1,wall,458.97,1.523358e-04
d1,wall,460.93,1.521655e-04
d1,wall,462.90,1.519955e-04
d1,wall,464.86,1.518260e-04
d1,wall,466.82,1.516569e-04
d1,wall,468.78,1.514882e-04
d1,wall,470.74,1.513199e-04
d1,wall,472.70,1.511520e-04
d1,wall,474.66,1.509844e-04
d1,wall,476.63,1.508173e-04
d1,wall,478.59,1.506505e-04
d1,wall,480.55,1.504842e-04
d1,wall,482.51,1.503181e-04
d1,wall,484.47,1.501525e-04
d1,wall,486.43,1.499872e-04
d1,wall,488.39,1.498222e-04
d1,wall,490.36,1.496576e-04
d1,wall,492.32,1.494934e-04
d1,wall,494.28,1.493295e-04
d1,wall,496.24,1.491659e-04
d1,wall,498.20,1.490026e-04
d1,wall,500.16,1.488397e-04
d1,wall,502.12,1.486771e-04
d1,wall,504.09,1.485148e-04
d1,wall,506.05,1.483529e-04
d1,wall,508.01,1.481912e-04
d1,wall,509.97,1.480299e-04
d1,wall,511.93,1.478689e-04
d1,wall,513.89,1.477082e-04
d1,wall,515.85,1.475477e-04
d1,wall,517.82,1.473876e-04
d1,wall,519.78,1.472278e-04
d1,wall,521.74,1.470683e-04
d1,wall,523.70,1.469090e-04
d1,wall,525.66,1.467501e-04
d1,wall,527.62,1.465914e-04
d1,wall,529.58,1.464330e-04
d1,wall,531.55,1.462749e-04
d1,wall,533.51,1.461170e-04
d1,wall,535.47,1.459594e-04
d1,wall,537.43,1.458021e-04
d1,wall,539.39,1.456451e-04
d1,wall,541.35,1.454884e-04
d1,wall,543.31,1.453318e-04
d1,wall,545.28,1.451756e-04
d1,wall,547.24,1.450196e-04
d1,wall,549.20,1.448639e-04
d1,wall,551.16,1.447084e-04
d1,wall,553.12,1.445532e-04
d1,wall,555.08,1.443983e-04
d1,wall,557.04,1.442436e-04
d1,wall,559.01,1.440891e-04
d1,wall,560.97,1.439349e-04
d1,wall,562.93,1.437809e-04
d1,wall,564.89,1.436272e-04
d1,wall,566.85,1.434737e-04
d1,wall,568.81,1.433204e-04
d1,wall,570.77,1.431674e-04
d1,wall,572.74,1.430146e-04
d1,wall,574.70,1.428621e-04
d1,wall,576.66,1.427098e-04
d1,wall,578.62,1.425577e-04
d1,wall,580.58,1.424059e-04
d1,wall,582.54,1.422542e-04
d1,wall,584.50,1.421028e-04
d1,wall,586.47,1.419517e-04
d1,wall,588.43,1.418007e-04
d1,wall,590.39,1.416500e-04
d1,wall,592.35,1.414995e-04
d1,wall,594.31,1.413492e-04
d1,wall,596.27,1.411991e-04
d1,wall,598.23,1.410493e-04
d1,wall,600.20,1.408996e-04
d1,wall,602.16,1.407502e-04
d1,wall,604.12,1.406010e-04
d1,wall,606.08,1.404520e-04
d1,wall,608.04,1.403032e-04
d1,wall,610.00,1.401547e-04
d1,wall,611.96,1.400063e-04
d1,wall,613.93,1.398582e-04
d1,wall,615.89,1.397102e-04
d1,wall,617.85,1.395625e-04
d1,wall,619.81,1.394149e-04
d1,wall,621.77,1.392676e-04
d1,wall,623.73,1.391205e-04
d1,wall,625.69,1.389735e-04
d1,wall,627.66,1.388268e-04
d1,wall,629.62,1.386803e-04
d1,wall,631.58,1.385339e-04
d1,wall,633.54,1.383878e-04
d1,wall,635.50,1.382418e-04
d1,wall,637.46,1.380961e-04
d1,wall,639.42,1.379505e-04
d1,wall,641.39,1.378052e-04
d1,wall,643.35,1.376600e-04
d1,wall,645.31,1.375151e-04
d1,wall,647.27,1.373703e-04
d1,wall,649.23,1.372257e-04
d1,wall,651.19,1.370813e-04
d1,wall,653.15,1.369371e-04
d1,wall,655.12,1.367931e-04
d1,wall,657.08,1.366492e-04
d1,wall,659.04,1.365056e-04
d1,wall,661.00,1.363621e-04
d1,wall,662.96,1.362188e-04
d1,wall,664.92,1.360757e-04
d1,wall,666.88,1.359328e-04
d1,wall,668.85,1.357901e-04
d1,wall,670.81,1.356476e-04
d1,wall,672.77,1.355052e-04
d1,wall,674.73,1.353630e-04
d1,wall,676.69,1.352210e-04
d1,wall,678.65,1.350792e-04
d1,wall,680.61,1.349375e-04
d1,wall,682.58,1.347961e-04
d1,wall,684.54,1.346548e-04
d1,wall,686.50,1.345137e-04
d1,wall,688.46,1.343727e-04
d1,wall,690.42,1.342320e-04
d1,wall,692.38,1.340914e-04
d1,wall,694.34,1.339510e-04
d1,wall,696.31,1.338108e-04
d1,wall,698.27,1.336707e-04
d1,wall,700.23,1.335308e-04
d1,wall,702.19,1.333911e-04
d1,wall,704.15,1.332515e-04
d1,wall,706.11,1.331122e-04
d1,wall,708.07,1.329730e-04
d1,wall,710.04,1.328339e-04
d1,wall,712.00,1.326951e-04
d1,wall,713.96,1.325564e-04
d1,wall,715.92,1.324178e-04
d1,wall,717.88,1.322795e-04
d1,wall,719.84,1.321413e-04
d1,wall,721.80,1.320032e-04
d1,wall,723.77,1.318654e-04
d1,wall,725.73,1.317277e-04
d1,wall,727.69,1.315902e-04
d1,wall,729.65,1.314528e-04
d1,wall,731.61,1.313156e-04
d1,wall,733.57,1.311786e-04
d1,wall,735.53,1.310417e-04
d1,wall,737.50,1.309050e-04
d1,wall,739.46,1.307684e-04
d1,wall,741.42,1.306320e-04
d1,wall,743.38,1.304958e-04
d1,wall,745.34,1.303598e-04
d1,wall,747.30,1.302239e-04
d1,wall,749.26,1.300881e-04
d1,wall,751.23,1.299525e-04
d1,wall,753.19,1.298171e-04
d1,wall,755.15,1.296819e-04
d1,wall,757.11,1.295468e-04
d1,wall,759.07,1.294118e-04
d1,wall,761.03,1.292770e-04
d1,wall,762.99,1.291424e-04
d1,wall,764.96,1.290079e-04
d1,wall,766.92,1.288736e-04
d1,wall,768.88,1.287395e-04
d1,wall,770.84,1.286055e-04
d1,wall,772.80,1.284716e-04
d1,wall,774.76,1.283379e-04
d1,wall,776.72,1.282044e-04
d1,wall,778.69,1.280710e-04
d1,wall,780.65,1.279378e-04
d1,wall,782.61,1.278047e-04
d1,peak,0.00,6.249807e-03
d1,peak,1.96,5.958630e-03
d1,peak,3.92,5.681746e-03
d1,peak,5.88,5.418453e-03
d1,peak,7.85,5.168080e-03
d1,peak,9.81,4.929993e-03
d1,peak,11.77,4.703586e-03
d1,peak,13.73,4.488286e-03
d1,peak,15.69,4.283544e-03
d1,peak,17.65,4.088843e-03
d1,peak,19.61,3.903688e-03
d1,peak,21.58,3.727609e-03
d1,peak,23.54,3.560160e-03
d1,peak,25.50,3.400916e-03
d1,peak,27.46,3.249473e-03
d1,peak,29.42,3.105449e-03
d1,peak,31.38,2.968477e-03
d1,peak,33.34,2.838211e-03
d1,peak,35.31,2.714321e-03
d1,peak,37.27,2.596494e-03
d1,peak,39.23,2.484431e-03
d1,peak,41.19,2.377849e-03
d1,peak,43.15,2.276479e-03
d1,peak,45.11,2.180064e-03
d1,peak,47.07,2.088360e-03
d1,peak,49.04,2.001135e-03
d1,peak,51.00,1.918171e-03
d1,peak,52.96,1.839256e-03
d1,peak,54.92,1.764193e-03
d1,peak,56.88,1.692791e-03
d1,peak,58.84,1.624871e-03
d1,peak,60.80,1.560262e-03
d1,peak,62.77,1.498800e-03
d1,peak,64.73,1.440332e-03
d1,peak,66.69,1.384710e-03
d1,peak,68.65,1.331795e-03
d1,peak,70.61,1.281452e-03
d1,peak,72.57,1.233557e-03
d1,peak,74.53,1.187988e-03
d1,peak,76.50,1.144632e-03
d1,peak,78.46,1.103379e-03
d1,peak,80.42,1.064127e-03
d1,peak,82.38,1.026777e-03
d1,peak,84.34,9.912366e-04
d1,peak,86.30,9.574157e-04
d1,peak,88.26,9.252305e-04
d1,peak,90.23,8.946006e-04
d1,peak,92.19,8.654497e-04
d1,peak,94.15,8.377052e-04
d1,peak,96.11,8.112982e-04
d1,peak,98.07,7.861630e-04
d1,peak,100.03,7.622373e-04
d1,peak,101.99,7.394617e-04
d1,peak,103.96,7.177798e-04
d1,peak,105.92,6.971381e-04
d1,peak,107.88,6.774854e-04
d1,peak,109.84,6.587735e-04
d1,peak,111.80,6.409560e-04
d1,peak,113.76,6.239893e-04
d1,peak,115.72,6.078317e-04
d1,peak,117.69,5.924435e-04
d1,peak,119.65,5.777870e-04
d1,peak,121.61,5.638264e-04
d1,peak,123.57,5.505277e-04
d1,peak,125.53,5.378585e-04
d1,peak,127.49,5.257880e-04
d1,peak,129.45,5.142869e-04
d1,peak,131.42,5.033273e-04
d1,peak,133.38,4.928827e-04
d1,peak,135.34,4.829281e-04
d1,peak,137.30,4.734394e-04
d1,peak,139.26,4.643940e-04
d1,peak,141.22,4.557700e-04
d1,peak,143.18,4.475471e-04
d1,peak,145.15,4.397055e-04
d1,peak,147.11,4.322268e-04
d1,peak,149.07,4.250931e-04
d1,peak,151.03,4.182877e-04
d1,peak,152.99,4.117945e-04
d1,peak,154.95,4.055984e-04
d1,peak,156.91,3.996849e-04
d1,peak,158.88,3.940403e-04
d1,peak,160.84,3.886513e-04
d1,peak,162.80,3.835057e-04
d1,peak,164.76,3.785915e-04
d1,peak,166.72,3.738975e-04
d1,peak,168.68,3.694131e-04
d1,peak,170.64,3.651280e-04
d1,peak,172.61,3.610326e-04
d1,peak,174.57,3.571176e-04
d1,peak,176.53,3.533744e-04
d1,peak,178.49,3.497945e-04
d1,peak,180.45,3.463702e-04
d1,peak,182.41,3.430938e-04
d1,peak,184.37,3.399582e-04
d1,peak,186.34,3.369566e-04
d1,peak,188.30,3.340825e-04
d1,peak,190.26,3.313298e-04
d1,peak,192.22,3.286925e-04
d1,peak,194.18,3.261653e-04
d1,peak,196.14,3.237426e-04
d1,peak,198.10,3.214196e-04
d1,peak,200.07,3.191914e-04
d1,peak,202.03,3.170534e-04
d1,peak,203.99,3.150014e-04
d1,peak,205.95,3.130312e-04
d1,peak,207.91,3.111388e-04
d1,peak,209.87,3.093207e-04
d1,peak,211.83,3.075731e-04
d1,peak,213.80,3.058927e-04
d1,peak,215.76,3.042764e-04
d1,peak,217.72,3.027210e-04
d1,peak,219.68,3.012237e-04
d1,peak,221.64,2.997817e-04
d1,peak,223.60,2.983924e-04
d1,peak,225.56,2.970533e-04
d1,peak,227.53,2.957619e-04
d1,peak,229.49,2.945161e-04
d1,peak,231.45,2.933137e-04
d1,peak,233.41,2.921526e-04
d1,peak,235.37,2.910309e-04
d1,peak,237.33,2.899467e-04
d1,peak,239.29,2.888983e-04
d1,peak,241.26,2.878840e-04
d1,peak,243.22,2.869022e-04
d1,peak,245.18,2.859514e-04
d1,peak,247.14,2.850301e-04
d1,peak,249.10,2.841370e-04
d1,peak,251.06,2.832707e-04
d1,peak,253.02,2.824300e-04
d1,peak,254.99,2.816137e-04
d1,peak,256.95,2.808207e-04
d1,peak,258.91,2.800500e-04
d1,peak,260.87,2.793004e-04
d1,peak,262.83,2.785710e-04
d1,peak,264.79,2.778610e-04
d1,peak,266.75,2.771694e-04
d1,peak,268.72,2.764953e-04
d1,peak,270.68,2.758380e-04
d1,peak,272.64,2.751968e-04
d1,peak,274.60,2.745709e-04
d1,peak,276.56,2.739595e-04
d1,peak,278.52,2.733621e-04
d1,peak,280.48,2.727781e-04
d1,peak,282.45,2.722068e-04
d1,peak,284.41,2.716476e-04
d1,peak,286.37,2.711001e-04
d1,peak,288.33,2.705638e-04
d1,peak,290.29,2.700380e-04
d1,peak,292.25,2.695224e-04
d1,peak,294.21,2.690165e-04
d1,peak,296.18,2.685200e-04
d1,peak,298.14,2.680323e-04
d1,peak,300.10,2.675532e-04
d1,peak,302.06,2.670822e-04
d1,peak,304.02,2.666190e-04
d1,peak,305.98,2.661633e-04
d1,peak,307.94,2.657147e-04
d1,peak,309.91,2.652730e-04
d1,peak,311.87,2.648379e-04
d1,peak,313.83,2.644090e-04
d1,peak,315.79,2.639862e-04
d1,peak,317.75,2.635692e-04
d1,peak,319.71,2.631578e-04
d1,peak,321.67,2.627516e-04
d1,peak,323.64,2.623506e-04
d1,peak,325.60,2.619545e-04
d1,peak,327.56,2.615631e-04
d1,peak,329.52,2.611762e-04
d1,peak,331.48,2.607937e-04
d1,peak,333.44,2.604153e-04
d1,peak,335.40,2.600410e-04
d1,peak,337.37,2.596705e-04
d1,peak,339.33,2.593038e-04
d1,peak,341.29,2.589406e-04
d1,peak,343.25,2.585808e-04
d1,peak,345.21,2.582244e-04
d1,peak,347.17,2.578712e-04
d1,peak,349.13,2.575210e-04
d1,peak,351.10,2.571738e-04
d1,peak,353.06,2.568295e-04
d1,peak,355.02,2.564879e-04
d1,peak,356.98,2.561489e-04
d1,peak,358.94,2.558126e-04
d1,peak,360.90,2.554787e-04
d1,peak,362.86,2.551472e-04
d1,peak,364.83,2.548180e-04
d1,peak,366.79,2.544910e-04
d1,peak,368.75,2.541662e-04
d1,peak,370.71,2.538435e-04
d1,peak,372.67,2.535228e-04
d1,peak,374.63,2.532041e-04
d1,peak,376.59,2.528872e-04
d1,peak,378.56,2.525722e-04
d1,peak,380.52,2.522590e-04
d1,peak,382.48,2.519475e-04
d1,peak,384.44,2.516377e-04
d1,peak,386.40,2.513295e-04
d1,peak,388.36,2.510228e-04
d1,peak,390.32,2.507177e-04
d1,peak,392.29,2.504141e-04
d1,peak,394.25,2.501119e-04
d1,peak,396.21,2.498112e-04
d1,peak,398.17,2.495118e-04
d1,peak,400.13,2.492137e-04
d1,peak,402.09,2.489169e-04
d1,peak,404.05,2.486214e-04
d1,peak,406.02,2.483271e-04
d1,peak,407.98,2.480340e-04
d1,peak,409.94,2.477421e-04
d1,peak,411.90,2.474513e-04
d1,peak,413.86,2.471616e-04
d1,peak,415.82,2.468730e-04
d1,peak,417.78,2.465855e-04
d1,peak,419.75,2.462989e-04
d1,peak,421.71,2.460134e-04
d1,peak,423.67,2.457289e-04
d1,peak,425.63,2.454454e-04
d1,peak,427.59,2.451628e-04
d1,peak,429.55,2.448811e-04
d1,peak,431.51,2.446003e-04
d1,peak,433.47,2.443204e-04
d1,peak,435.44,2.440414e-04
d1,peak,437.40,2.437632e-04
d1,peak,439.36,2.434859e-04
d1,peak,441.32,2.432093e-04
d1,peak,443.28,2.429336e-04
d1,peak,445.24,2.426587e-04
d1,peak,447.20,2.423845e-04
d1,peak,449.17,2.421111e-04
d1,peak,451.13,2.418384e-04
d1,peak,453.09,2.415665e-04
d1,peak,455.05,2.412953e-04
d1,peak,457.01,2.410248e-04
d1,peak,458.97,2.407550e-04
d1,peak,460.93,2.404859e-04
d1,peak,462.90,2.402174e-04
d1,peak,464.86,2.399496e-04
d1,peak,466.82,2.396825e-04
d1,peak,468.78,2.394160e-04
d1,peak,470.74,2.391501e-04
d1,peak,472.70,2.388849e-04
d1,peak,474.66,2.386202e-04
d1,peak,476.63,2.383562e-04
d1,peak,478.59,2.380928e-04
d1,peak,480.55,2.378300e-04
d1,peak,482.51,2.375677e-04
d1,peak,484.47,2.373060e-04
d1,peak,486.43,2.370449e-04
d1,peak,488.39,2.367843e-04
d1,peak,490.36,2.365243e-04
d1,peak,492.32,2.362649e-04
d1,peak,494.28,2.360059e-04
d1,peak,496.24,2.357475e-04
d1,peak,498.20,2.354897e-04
d1,peak,500.16,2.352323e-04
d1,peak,502.12,2.349755e-04
d1,peak,504.09,2.347191e-04
d1,peak,506.05,2.344633e-04
d1,peak,508.01,2.342080e-04
d1,peak,509.97,2.339531e-04
d1,peak,511.93,2.336988e-04
d1,peak,513.89,2.334449e-04
d1,peak,515.85,2.331915e-04
d1,peak,517.82,2.329385e-04
d1,peak,519.78,2.326861e-04
d1,peak,521.74,2.324340e-04
d1,peak,523.70,2.321825e-04
d1,peak,525.66,2.319314e-04
d1,peak,527.62,2.316807e-04
d1,peak,529.58,2.314305e-04
d1,peak,531.55,2.311807e-04
d1,peak,533.51,2.309314e-04
d1,peak,535.47,2.306825e-04
d1,peak,537.43,2.304340e-04
d1,peak,539.39,2.301860e-04
d1,peak,541.35,2.299383e-04
d1,peak,543.31,2.296911e-04
d1,peak,545.28,2.294443e-04
d1,peak,547.24,2.291979e-04
d1,peak,549.20,2.289519e-04
d1,peak,551.16,2.287064e-04
d1,peak,553.12,2.284612e-04
d1,peak,555.08,2.282164e-04
d1,peak,557.04,2.279720e-04
d1,peak,559.01,2.277280e-04
d1,peak,560.97,2.274844e-04
d1,peak,562.93,2.272412e-04
d1,peak,564.89,2.269983e-04
d1,peak,566.85,2.267559e-04
d1,peak,568.81,2.265138e-04
d1,peak,570.77,2.262721e-04
d1,peak,572.74,2.260307e-04
d1,peak,574.70,2.257898e-04
d1,peak,576.66,2.255492e-04
d1,peak,578.62,2.253089e-04
d1,peak,580.58,2.250691e-04
d1,peak,582.54,2.248296e-04
d1,peak,584.50,2.245904e-04
d1,peak,586.47,2.243516e-04
d1,peak,588.43,2.241132e-04
d1,peak,590.39,2.238751e-04
d1,peak,592.35,2.236373e-04
d1,peak,594.31,2.233999e-04
d1,peak,596.27,2.231629e-04
d1,peak,598.23,2.229262e-04
d1,peak,600.20,2.226898e-04
d1,peak,602.16,2.224538e-04
d1,peak,604.12,2.222181e-04
d1,peak,606.08,2.219827e-04
d1,peak,608.04,2.217477e-04
d1,peak,610.00,2.215130e-04
d1,peak,611.96,2.212786e-04
d1,peak,613.93,2.210446e-04
d1,peak,615.89,2.208109e-04
d1,peak,617.85,2.205775e-04
d1,peak,619.81,2.203444e-04
d1,peak,621.77,2.201117e-04
d1,peak,623.73,2.198793e-04
d1,peak,625.69,2.196472e-04
d1,peak,627.66,2.194154e-04
d1,peak,629.62,2.191839e-04
d1,peak,631.58,2.189528e-04
d1,peak,633.54,2.187219e-04
d1,peak,635.50,2.184914e-04
d1,peak,637.46,2.182612e-04
d1,peak,639.42,2.180312e-04
d1,peak,641.39,2.178016e-04
d1,peak,643.35,2.175723e-04
d1,peak,645.31,2.173433e-04
d1,peak,647.27,2.171146e-04
d1,peak,649.23,2.168862e-04
d1,peak,651.19,2.166581e-04
d1,peak,653.15,2.164303e-04
d1,peak,655.12,2.162028e-04
d1,peak,657.08,2.159756e-04
d1,peak,659.04,2.157487e-04
d1,peak,661.00,2.155221e-04
d1,peak,662.96,2.152957e-04
d1,peak,664.92,2.150697e-04
d1,peak,666.88,2.148439e-04
d1,peak,668.85,2.146185e-04
d1,peak,670.81,2.143933e-04
d1,peak,672.77,2.141684e-04
d1,peak,674.73,2.139438e-04
d1,peak,676.69,2.137195e-04
d1,peak,678.65,2.134955e-04
d1,peak,680.61,2.132717e-04
d1,peak,682.58,2.130483e-04
d1,peak,684.54,2.128251e-04
d1,peak,686.50,2.126022e-04
d1,peak,688.46,2.123796e-04
d1,peak,690.42,2.121572e-04
d1,peak,692.38,2.119351e-04
d1,peak,694.34,2.117133e-04
d1,peak,696.31,2.114918e-04
d1,peak,698.27,2.112706e-04
d1,peak,700.23,2.110496e-04
d1,peak,702.19,2.108289e-04
d1,peak,704.15,2.106084e-04
d1,peak,706.11,2.103883e-04
d1,peak,708.07,2.101684e-04
d1,peak,710.04,2.099487e-04
d1,peak,712.00,2.097294e-04
d1,peak,713.96,2.095103e-04
d1,peak,715.92,2.092915e-04
d1,peak,717.88,2.090729e-04
d1,peak,719.84,2.088546e-04
d1,peak,721.80,2.086366e-04
d1,peak,723.77,2.084188e-04
d1,peak,725.73,2.082013e-04
d1,peak,727.69,2.079840e-04
d1,peak,729.65,2.077671e-04
d1,peak,731.61,2.075503e-04
d1,peak,733.57,2.073339e-04
d1,peak,735.53,2.071176e-04
d1,peak,737.50,2.069017e-04
d1,peak,739.46,2.066860e-04
d1,peak,741.42,2.064706e-04
d1,peak,743.38,2.062554e-04
d1,peak,745.34,2.060404e-04
d1,peak,747.30,2.058258e-04
d1,peak,749.26,2.056113e-04
d1,peak,751.23,2.053972e-04
d1,peak,753.19,2.051833e-04
d1,peak,755.15,2.049696e-04
d1,peak,757.11,2.047562e-04
d1,peak,759.07,2.045430e-04
d1,peak,761.03,2.043301e-04
d1,peak,762.99,2.041174e-04
d1,peak,764.96,2.039050e-04
d1,peak,766.92,2.036928e-04
d1,peak,768.88,2.034809e-04
d1,peak,770.84,2.032693e-04
d1,peak,772.80,2.030578e-04
d1,peak,774.76,2.028466e-04
d1,peak,776.72,2.026357e-04
d1,peak,778.69,2.024250e-04
d1,peak,780.65,2.022146e-04
d1,peak,782.61,2.020043e-04
d1,total,0.00,7.965640e-03
d1,total,1.96,7.594279e-03
d1,total,3.92,7.241148e-03
d1,total,5.88,6.905350e-03
d1,total,7.85,6.586030e-03
d1,total,9.81,6.282379e-03
d1,total,11.77,5.993625e-03
d1,total,13.73,5.719035e-03
d1,total,15.69,5.457913e-03
d1,total,17.65,5.209595e-03
d1,total,19.61,4.973452e-03
d1,total,21.58,4.748885e-03
d1,total,23.54,4.535324e-03
d1,total,25.50,4.332228e-03
d1,total,27.46,4.139082e-03
d1,total,29.42,3.955396e-03
d1,total,31.38,3.780705e-03
d1,total,33.34,3.614567e-03
d1,total,35.31,3.456561e-03
d1,total,37.27,3.306287e-03
d1,total,39.23,3.163364e-03
d1,total,41.19,3.027432e-03
d1,total,43.15,2.898147e-03
d1,total,45.11,2.775180e-03
d1,total,47.07,2.658223e-03
d1,total,49.04,2.546980e-03
d1,total,51.00,2.441168e-03
d1,total,52.96,2.340523e-03
d1,total,54.92,2.244788e-03
d1,total,56.88,2.153724e-03
d1,total,58.84,2.067101e-03
d1,total,60.80,1.984699e-03
d1,total,62.77,1.906313e-03
d1,total,64.73,1.831744e-03
d1,total,66.69,1.760805e-03
d1,total,68.65,1.693317e-03
d1,total,70.61,1.629112e-03
d1,total,72.57,1.568027e-03
d1,total,74.53,1.509910e-03
d1,total,76.50,1.454614e-03
d1,total,78.46,1.402001e-03
d1,total,80.42,1.351940e-03
d1,total,82.38,1.304305e-03
d1,total,84.34,1.258977e-03
d1,total,86.30,1.215843e-03
d1,total,88.26,1.174794e-03
d1,total,90.23,1.135730e-03
d1,total,92.19,1.098551e-03
d1,total,94.15,1.063167e-03
d1,total,96.11,1.029488e-03
d1,total,98.07,9.974310e-04
d1,total,100.03,9.669166e-04
d1,total,101.99,9.378691e-04
d1,total,103.96,9.102166e-04
d1,total,105.92,8.838905e-04
d1,total,107.88,8.588260e-04
d1,total,109.84,8.349612e-04
d1,total,111.80,8.122372e-04
d1,total,113.76,7.905983e-04
d1,total,115.72,7.699911e-04
d1,total,117.69,7.503654e-04
d1,total,119.65,7.316728e-04
d1,total,121.61,7.138678e-04
d1,total,123.57,6.969070e-04
d1,total,125.53,6.807490e-04
d1,total,127.49,6.653545e-04
d1,total,129.45,6.506862e-04
d1,total,131.42,6.367085e-04
d1,total,133.38,6.233878e-04
d1,total,135.34,6.106919e-04
d1,total,137.30,5.985903e-04
d1,total,139.26,5.870539e-04
d1,total,141.22,5.760551e-04
d1,total,143.18,5.655678e-04
d1,total,145.15,5.555668e-04
d1,total,147.11,5.460286e-04
d1,total,149.07,5.369304e-04
d1,total,151.03,5.282510e-04
d1,total,152.99,5.199698e-04
d1,total,154.95,5.120674e-04
d1,total,156.91,5.045255e-04
d1,total,158.88,4.973264e-04
d1,total,160.84,4.904534e-04
d1,total,162.80,4.838908e-04
d1,total,164.76,4.776233e-04
d1,total,166.72,4.716368e-04
d1,total,168.68,4.659174e-04
d1,total,170.64,4.604523e-04
d1,total,172.61,4.552291e-04
d1,total,174.57,4.502361e-04
d1,total,176.53,4.454620e-04
d1,total,178.49,4.408964e-04
d1,total,180.45,4.365290e-04
d1,total,182.41,4.323504e-04
d1,total,184.37,4.283513e-04
d1,total,186.34,4.245231e-04
d1,total,188.30,4.208575e-04
d1,total,190.26,4.173468e-04
d1,total,192.22,4.139833e-04
d1,total,194.18,4.107601e-04
d1,total,196.14,4.076703e-04
d1,total,198.10,4.047076e-04
d1,total,200.07,4.018658e-04
d1,total,202.03,3.991391e-04
d1,total,203.99,3.965220e-04
d1,total,205.95,3.940092e-04
d1,total,207.91,3.915957e-04
d1,total,209.87,3.892769e-04
d1,total,211.83,3.870480e-04
d1,total,213.80,3.849050e-04
d1,total,215.76,3.828435e-04
d1,total,217.72,3.808599e-04
d1,total,219.68,3.789502e-04
d1,total,221.64,3.771112e-04
d1,total,223.60,3.753393e-04
d1,total,225.56,3.736313e-04
d1,total,227.53,3.719844e-04
d1,total,229.49,3.703955e-04
d1,total,231.45,3.688620e-04
d1,total,233.41,3.673811e-04
d1,total,235.37,3.659505e-04
d1,total,237.33,3.645678e-04
d1,total,239.29,3.632307e-04
d1,total,241.26,3.619371e-04
d1,total,243.22,3.606849e-04
d1,total,245.18,3.594722e-04
d1,total,247.14,3.582972e-04
d1,total,249.10,3.571581e-04
d1,total,251.06,3.560533e-04
d1,total,253.02,3.549811e-04
d1,total,254.99,3.539400e-04
d1,total,256.95,3.529287e-04
d1,total,258.91,3.519457e-04
d1,total,260.87,3.509897e-04
d1,total,262.83,3.500595e-04
d1,total,264.79,3.491539e-04
d1,total,266.75,3.482718e-04
d1,total,268.72,3.474122e-04
d1,total,270.68,3.465739e-04
d1,total,272.64,3.457561e-04
d1,total,274.60,3.449578e-04
d1,total,276.56,3.441781e-04
d1,total,278.52,3.434162e-04
d1,total,280.48,3.426713e-04
d1,total,282.45,3.419427e-04
d1,total,284.41,3.412296e-04
d1,total,286.37,3.405313e-04
d1,total,288.33,3.398472e-04
d1,total,290.29,3.391766e-04
d1,total,292.25,3.385191e-04
d1,total,294.21,3.378739e-04
d1,total,296.18,3.372406e-04
d1,total,298.14,3.366186e-04
d1,total,300.10,3.360076e-04
d1,total,302.06,3.354069e-04
d1,total,304.02,3.348161e-04
d1,total,305.98,3.342349e-04
d1,total,307.94,3.336628e-04
d1,total,309.91,3.330995e-04
d1,total,311.87,3.325445e-04
d1,total,313.83,3.319976e-04
d1,total,315.79,3.314583e-04
d1,total,317.75,3.309265e-04
d1,total,319.71,3.304017e-04
d1,total,321.67,3.298838e-04
d1,total,323.64,3.293723e-04
d1,total,325.60,3.288671e-04
d1,total,327.56,3.283679e-04
d1,total,329.52,3.278745e-04
d1,total,331.48,3.273867e-04
d1,total,333.44,3.269041e-04
d1,total,335.40,3.264267e-04
d1,total,337.37,3.259542e-04
d1,total,339.33,3.254865e-04
d1,total,341.29,3.250233e-04
d1,total,343.25,3.245645e-04
d1,total,345.21,3.241099e-04
d1,total,347.17,3.236594e-04
d1,total,349.13,3.232128e-04
d1,total,351.10,3.227700e-04
d1,total,353.06,3.223308e-04
d1,total,355.02,3.218951e-04
d1,total,356.98,3.214628e-04
d1,total,358.94,3.210338e-04
d1,total,360.90,3.206080e-04
d1,total,362.86,3.201852e-04
d1,total,364.83,3.197654e-04
d1,total,366.79,3.193484e-04
d1,total,368.75,3.189341e-04
d1,total,370.71,3.185225e-04
d1,total,372.67,3.181135e-04
d1,total,374.63,3.177070e-04
d1,total,376.59,3.173029e-04
d1,total,378.56,3.169012e-04
d1,total,380.52,3.165017e-04
d1,total,382.48,3.161044e-04
d1,total,384.44,3.157093e-04
d1,total,386.40,3.153162e-04
d1,total,388.36,3.149251e-04
d1,total,390.32,3.145360e-04
d1,total,392.29,3.141488e-04
d1,total,394.25,3.137634e-04
d1,total,396.21,3.133798e-04
d1,total,398.17,3.129980e-04
d1,total,400.13,3.126178e-04
d1,total,402.09,3.122393e-04
d1,total,404.05,3.118624e-04
d1,total,406.02,3.114871e-04
d1,total,407.98,3.111133e-04
d1,total,409.94,3.107409e-04
d1,total,411.90,3.103701e-04
d1,total,413.86,3.100006e-04
d1,total,415.82,3.096325e-04
d1,total,417.78,3.092658e-04
d1,total,419.75,3.089004e-04
d1,total,421.71,3.085363e-04
d1,total,423.67,3.081734e-04
d1,total,425.63,3.078118e-04
d1,total,427.59,3.074513e-04
d1,total,429.55,3.070921e-04
d1,total,431.51,3.067340e-04
d1,total,433.47,3.063770e-04
d1,total,435.44,3.060212e-04
d1,total,437.40,3.056664e-04
d1,total,439.36,3.053127e-04
d1,total,441.32,3.049600e-04
d1,total,443.28,3.046083e-04
d1,total,445.24,3.042577e-04
d1,total,447.20,3.039080e-04
d1,total,449.17,3.035593e-04
d1,total,451.13,3.032116e-04
d1,total,453.09,3.028648e-04
d1,total,455.05,3.025189e-04
d1,total,457.01,3.021739e-04
d1,total,458.97,3.018298e-04
d1,total,460.93,3.014865e-04
d1,total,462.90,3.011441e-04
d1,total,464.86,3.008026e-04
d1,total,466.82,3.004619e-04
d1,total,468.78,3.001220e-04
d1,total,470.74,2.997829e-04
d1,total,472.70,2.994447e-04
d1,total,474.66,2.991072e-04
d1,total,476.63,2.987704e-04
d1,total,478.59,2.984345e-04
d1,total,480.55,2.980992e-04
d1,total,482.51,2.977648e-04
d1,total,484.47,2.974310e-04
d1,total,486.43,2.970980e-04
d1,total,488.39,2.967657e-04
d1,total,490.36,2.964341e-04
d1,total,492.32,2.961032e-04
d1,total,494.28,2.957729e-04
d1,total,496.24,2.954434e-04
d1,total,498.20,2.951145e-04
d1,total,500.16,2.947863e-04
d1,total,502.12,2.944587e-04
d1,total,504.09,2.941318e-04
d1,total,506.05,2.938055e-04
d1,total,508.01,2.934798e-04
d1,total,509.97,2.931548e-04
d1,total,511.93,2.928304e-04
d1,total,513.89,2.925066e-04
d1,total,515.85,2.921834e-04
d1,total,517.82,2.918608e-04
d1,total,519.78,2.915388e-04
d1,total,521.74,2.912174e-04
d1,total,523.70,2.908966e-04
d1,total,525.66,2.905763e-04
d1,total,527.62,2.902566e-04
d1,total,529.58,2.899375e-04
d1,total,531.55,2.896190e-04
d1,total,533.51,2.893010e-04
d1,total,535.47,2.889835e-04
d1,total,537.43,2.886666e-04
d1,total,539.39,2.883503e-04
d1,total,541.35,2.880344e-04
d1,total,543.31,2.877191e-04
d1,total,545.28,2.874044e-04
d1,total,547.24,2.870901e-04
d1,total,549.20,2.867764e-04
d1,total,551.16,2.864632e-04
d1,total,553.12,2.861505e-04
d1,total,555.08,2.858383e-04
d1,total,557.04,2.855266e-04
d1,total,559.01,2.852154e-04
d1,total,560.97,2.849047e-04
d1,total,562.93,2.845945e-04
d1,total,564.89,2.842848e-04
d1,total,566.85,2.839756e-04
d1,total,568.81,2.836668e-04
d1,total,570.77,2.833586e-04
d1,total,572.74,2.830508e-04
d1,total,574.70,2.827435e-04
d1,total,576.66,2.824366e-04
d1,total,578.62,2.821302e-04
d1,total,580.58,2.818243e-04
d1,total,582.54,2.815188e-04
d1,total,584.50,2.812138e-04
d1,total,586.47,2.809092e-04
d1,total,588.43,2.806051e-04
d1,total,590.39,2.803015e-04
d1,total,592.35,2.799983e-04
d1,total,594.31,2.796955e-04
d1,total,596.27,2.793932e-04
d1,total,598.23,2.790913e-04
d1,total,600.20,2.787898e-04
d1,total,602.16,2.784888e-04
d1,total,604.12,2.781882e-04
d1,total,606.08,2.778880e-04
d1,total,608.04,2.775883e-04
d1,total,610.00,2.772889e-04
d1,total,611.96,2.769900e-04
d1,total,613.93,2.766915e-04
d1,total,615.89,2.763935e-04
d1,total,617.85,2.760958e-04
d1,total,619.81,2.757986e-04
d1,total,621.77,2.755018e-04
d1,total,623.73,2.752053e-04
d1,total,625.69,2.749093e-04
d1,total,627.66,2.746137e-04
d1,total,629.62,2.743185e-04
d1,total,631.58,2.740237e-04
d1,total,633.54,2.737293e-04
d1,total,635.50,2.734352e-04
d1,total,637.46,2.731416e-04
d1,total,639.42,2.728484e-04
d1,total,641.39,2.725555e-04
d1,total,643.35,2.722631e-04
d1,total,645.31,2.719710e-04
d1,total,647.27,2.716793e-04
d1,total,649.23,2.713880e-04
d1,total,651.19,2.710971e-04
d1,total,653.15,2.708066e-04
d1,total,655.12,2.705164e-04
d1,total,657.08,2.702267e-04
d1,total,659.04,2.699373e-04
d1,total,661.00,2.696482e-04
d1,total,662.96,2.693596e-04
d1,total,664.92,2.690713e-04
d1,total,666.88,2.687834e-04
d1,total,668.85,2.684958e-04
d1,total,670.81,2.682087e-04
d1,total,672.77,2.679219e-04
d1,total,674.73,2.676354e-04
d1,total,676.69,2.673493e-04
d1,total,678.65,2.670636e-04
d1,total,680.61,2.667782e-04
d1,total,682.58,2.664932e-04
d1,total,684.54,2.662086e-04
d1,total,686.50,2.659243e-04
d1,total,688.46,2.656404e-04
d1,total,690.42,2.653568e-04
d1,total,692.38,2.650735e-04
d1,total,694.34,2.647907e-04
d1,total,696.31,2.645081e-04
d1,total,698.27,2.642260e-04
d1,total,700.23,2.639441e-04
d1,total,702.19,2.636626e-04
d1,total,704.15,2.633815e-04
d1,total,706.11,2.631007e-04
d1,total,708.07,2.628203e-04
d1,total,710.04,2.625402e-04
d1,total,712.00,2.622604e-04
d1,total,713.96,2.619810e-04
d1,total,715.92,2.617019e-04
d1,total,717.88,2.614231e-04
d1,total,719.84,2.611447e-04
d1,total,721.80,2.608666e-04
d1,total,723.77,2.605889e-04
d1,total,725.73,2.603115e-04
d1,total,727.69,2.600344e-04
d1,total,729.65,2.597577e-04
d1,total,731.61,2.594813e-04
d1,total,733.57,2.592052e-04
d1,total,735.53,2.589294e-04
d1,total,737.50,2.586540e-04
d1,total,739.46,2.583789e-04
d1,total,741.42,2.581042e-04
d1,total,743.38,2.578297e-04
d1,total,745.34,2.575556e-04
d1,total,747.30,2.572818e-04
d1,total,749.26,2.570083e-04
d1,total,751.23,2.567352e-04
d1,total,753.19,2.564624e-04
d1,total,755.15,2.561899e-04
d1,total,757.11,2.559177e-04
d1,total,759.07,2.556458e-04
d1,total,761.03,2.553743e-04
d1,total,762.99,2.551030e-04
d1,total,764.96,2.548321e-04
d1,total,766.92,2.545615e-04
d1,total,768.88,2.542912e-04
d1,total,770.84,2.540213e-04
d1,total,772.80,2.537516e-04
d1,total,774.76,2.534823e-04
d1,total,776.72,2.532133e-04
d1,total,778.69,2.529445e-04
d1,total,780.65,2.526761e-04
d1,total,782.61,2.524080e-04
d2,wall,0.00,4.723489e-03
d2,wall,1.96,4.503373e-03
d2,wall,3.92,4.294063e-03
d2,wall,5.88,4.095026e-03
d2,wall,7.85,3.905756e-03
d2,wall,9.81,3.725774e-03
d2,wall,11.77,3.554622e-03
d2,wall,13.73,3.391865e-03
d2,wall,15.69,3.237090e-03
d2,wall,17.65,3.089906e-03
d2,wall,19.61,2.949938e-03
d2,wall,21.58,2.816830e-03
d2,wall,23.54,2.690247e-03
d2,wall,25.50,2.569866e-03
d2,wall,27.46,2.455383e-03
d2,wall,29.42,2.346508e-03
d2,wall,31.38,2.242964e-03
d2,wall,33.34,2.144489e-03
d2,wall,35.31,2.050835e-03
d2,wall,37.27,1.961763e-03
d2,wall,39.23,1.877049e-03
d2,wall,41.19,1.796478e-03
d2,wall,43.15,1.719847e-03
d2,wall,45.11,1.646962e-03
d2,wall,47.07,1.577638e-03
d2,wall,49.04,1.511701e-03
d2,wall,51.00,1.448984e-03
d2,wall,52.96,1.389328e-03
d2,wall,54.92,1.332584e-03
d2,wall,56.88,1.278608e-03
d2,wall,58.84,1.227264e-03
d2,wall,60.80,1.178422e-03
d2,wall,62.77,1.131960e-03
d2,wall,64.73,1.087761e-03
d2,wall,66.69,1.045714e-03
d2,wall,68.65,1.005712e-03
d2,wall,70.61,9.676556e-04
d2,wall,72.57,9.314489e-04
d2,wall,74.53,8.970012e-04
d2,wall,76.50,8.642260e-04
d2,wall,78.46,8.330411e-04
d2,wall,80.42,8.033685e-04
d2,wall,82.38,7.751339e-04
d2,wall,84.34,7.482667e-04
d2,wall,86.30,7.226998e-04
d2,wall,88.26,6.983694e-04
d2,wall,90.23,6.752146e-04
d2,wall,92.19,6.531780e-04
d2,wall,94.15,6.322046e-04
d2,wall,96.11,6.122422e-04
d2,wall,98.07,5.932412e-04
d2,wall,100.03,5.751545e-04
d2,wall,101.99,5.579373e-04
d2,wall,103.96,5.415468e-04
d2,wall,105.92,5.259427e-04
d2,wall,107.88,5.110862e-04
d2,wall,109.84,4.969409e-04
d2,wall,111.80,4.834718e-04
d2,wall,113.76,4.706458e-04
d2,wall,115.72,4.584314e-04
d2,wall,117.69,4.467987e-04
d2,wall,119.65,4.357191e-04
d2,wall,121.61,4.251656e-04
d2,wall,123.57,4.151124e-04
d2,wall,125.53,4.055351e-04
d2,wall,127.49,3.964104e-04
d2,wall,129.45,3.877161e-04
d2,wall,131.42,3.794312e-04
d2,wall,133.38,3.715356e-04
d2,wall,135.34,3.640104e-04
d2,wall,137.30,3.568374e-04
d2,wall,139.26,3.499995e-04
d2,wall,141.22,3.434802e-04
d2,wall,143.18,3.372641e-04
d2,wall,145.15,3.313362e-04
d2,wall,147.11,3.256827e-04
d2,wall,149.07,3.202900e-04
d2,wall,151.03,3.151454e-04
d2,wall,152.99,3.102369e-04
d2,wall,154.95,3.055530e-04
d2,wall,156.91,3.010826e-04
d2,wall,158.88,2.968155e-04
d2,wall,160.84,2.927418e-04
d2,wall,162.80,2.888519e-04
d2,wall,164.76,2.851370e-04
d2,wall,166.72,2.815886e-04
d2,wall,168.68,2.781986e-04
d2,wall,170.64,2.749593e-04
d2,wall,172.61,2.718633e-04
d2,wall,174.57,2.689038e-04
d2,wall,176.53,2.660741e-04
d2,wall,178.49,2.633679e-04
d2,wall,180.45,2.607793e-04
d2,wall,182.41,2.583025e-04
d2,wall,184.37,2.559321e-04
d2,wall,186.34,2.536631e-04
d2,wall,188.30,2.514904e-04
d2,wall,190.26,2.494095e-04
d2,wall,192.22,2.474159e-04
d2,wall,194.18,2.455054e-04
d2,wall,196.14,2.436740e-04
d2,wall,198.10,2.419179e-04
d2,wall,200.07,2.402335e-04
d2,wall,202.03,2.386173e-04
d2,wall,203.99,2.370660e-04
d2,wall,205.95,2.355766e-04
d2,wall,207.91,2.341461e-04
d2,wall,209.87,2.327717e-04
d2,wall,211.83,2.314506e-04
d2,wall,213.80,2.301803e-04
d2,wall,215.76,2.289584e-04
d2,wall,217.72,2.277827e-04
d2,wall,219.68,2.266508e-04
d2,wall,221.64,2.255607e-04
d2,wall,223.60,2.245105e-04
d2,wall,225.56,2.234981e-04
d2,wall,227.53,2.225219e-04
d2,wall,229.49,2.215802e-04
d2,wall,231.45,2.206712e-04
d2,wall,233.41,2.197935e-04
d2,wall,235.37,2.189455e-04
d2,wall,237.33,2.181259e-04
d2,wall,239.29,2.173334e-04
d2,wall,241.26,2.165666e-04
d2,wall,243.22,2.158244e-04
d2,wall,245.18,2.151056e-04
d2,wall,247.14,2.144092e-04
d2,wall,249.10,2.137340e-04
d2,wall,251.06,2.130791e-04
d2,wall,253.02,2.124436e-04
d2,wall,254.99,2.118266e-04
d2,wall,256.95,2.112271e-04
d2,wall,258.91,2.106444e-04
d2,wall,260.87,2.100778e-04
d2,wall,262.83,2.095265e-04
d2,wall,264.79,2.089897e-04
d2,wall,266.75,2.084669e-04
d2,wall,268.72,2.079573e-04
d2,wall,270.68,2.074604e-04
d2,wall,272.64,2.069757e-04
d2,wall,274.60,2.065025e-04
d2,wall,276.56,2.060404e-04
d2,wall,278.52,2.055888e-04
d2,wall,280.48,2.051473e-04
d2,wall,282.45,2.047154e-04
d2,wall,284.41,2.042927e-04
d2,wall,286.37,2.038788e-04
d2,wall,288.33,2.034733e-04
d2,wall,290.29,2.030759e-04
d2,wall,292.25,2.026861e-04
d2,wall,294.21,2.023037e-04
d2,wall,296.18,2.019283e-04
d2,wall,298.14,2.015597e-04
d2,wall,300.10,2.011975e-04
d2,wall,302.06,2.008414e-04
d2,wall,304.02,2.004913e-04
d2,wall,305.98,2.001468e-04
d2,wall,307.94,1.998077e-04
d2,wall,309.91,1.994738e-04
d2,wall,311.87,1.991448e-04
d2,wall,313.83,1.988207e-04
d2,wall,315.79,1.985010e-04
d2,wall,317.75,1.981858e-04
d2,wall,319.71,1.978748e-04
d2,wall,321.67,1.975677e-04
d2,wall,323.64,1.972646e-04
d2,wall,325.60,1.969652e-04
d2,wall,327.56,1.966693e-04
d2,wall,329.52,1.963768e-04
d2,wall,331.48,1.960876e-04
d2,wall,333.44,1.958016e-04
d2,wall,335.40,1.955187e-04
d2,wall,337.37,1.952386e-04
d2,wall,339.33,1.949613e-04
d2,wall,341.29,1.946868e-04
d2,wall,343.25,1.944149e-04
d2,wall,345.21,1.941454e-04
d2,wall,347.17,1.938784e-04
d2,wall,349.13,1.936137e-04
d2,wall,351.10,1.933512e-04
d2,wall,353.06,1.930909e-04
d2,wall,355.02,1.928327e-04
d2,wall,356.98,1.925764e-04
d2,wall,358.94,1.923222e-04
d2,wall,360.90,1.920698e-04
d2,wall,362.86,1.918192e-04
d2,wall,364.83,1.915703e-04
d2,wall,366.79,1.913231e-04
d2,wall,368.75,1.910776e-04
d2,wall,370.71,1.908336e-04
d2,wall,372.67,1.905912e-04
d2,wall,374.63,1.903503e-04
d2,wall,376.59,1.901108e-04
d2,wall,378.56,1.898726e-04
d2,wall,380.52,1.896358e-04
d2,wall,382.48,1.894004e-04
d2,wall,384.44,1.891661e-04
d2,wall,386.40,1.889332e-04
d2,wall,388.36,1.887014e-04
d2,wall,390.32,1.884707e-04
d2,wall,392.29,1.882412e-04
d2,wall,394.25,1.880128e-04
d2,wall,396.21,1.877854e-04
d2,wall,398.17,1.875591e-04
d2,wall,400.13,1.873337e-04
d2,wall,402.09,1.871094e-04
d2,wall,404.05,1.868860e-04
d2,wall,406.02,1.866635e-04
d2,wall,407.98,1.864420e-04
d2,wall,409.94,1.862213e-04
d2,wall,411.90,1.860014e-04
d2,wall,413.86,1.857825e-04
d2,wall,415.82,1.855643e-04
d2,wall,417.78,1.853469e-04
d2,wall,419.75,1.851303e-04
d2,wall,421.71,1.849145e-04
d2,wall,423.67,1.846994e-04
d2,wall,425.63,1.844851e-04
d2,wall,427.59,1.842714e-04
d2,wall,429.55,1.840585e-04
d2,wall,431.51,1.838462e-04
d2,wall,433.47,1.836347e-04
d2,wall,435.44,1.834237e-04
d2,wall,437.40,1.832134e-04
d2,wall,439.36,1.830038e-04
d2,wall,441.32,1.827947e-04
d2,wall,443.28,1.825863e-04
d2,wall,445.24,1.823785e-04
d2,wall,447.20,1.821712e-04
d2,wall,449.17,1.819645e-04
d2,wall,451.13,1.817584e-04
d2,wall,453.09,1.815528e-04
d2,wall,455.05,1.813478e-04
d2,wall,457.01,1.811433e-04
d2,wall,458.97,1.809394e-04
d2,wall,460.93,1.807359e-04
d2,wall,462.90,1.805330e-04
d2,wall,464.86,1.803306e-04
d2,wall,466.82,1.801286e-04
d2,wall,468.78,1.799271e-04
d2,wall,470.74,1.797262e-04
d2,wall,472.70,1.795257e-04
d2,wall,474.66,1.793256e-04
d2,wall,476.63,1.791260e-04
d2,wall,478.59,1.789269e-04
d2,wall,480.55,1.787282e-04
d2,wall,482.51,1.785299e-04
d2,wall,484.47,1.783321e-04
d2,wall,486.43,1.781347e-04
d2,wall,488.39,1.779378e-04
d2,wall,490.36,1.777412e-04
d2,wall,492.32,1.775451e-04
d2,wall,494.28,1.773493e-04
d2,wall,496.24,1.771540e-04
d2,wall,498.20,1.769590e-04
d2,wall,500.16,1.767645e-04
d2,wall,502.12,1.765703e-04
d2,wall,504.09,1.763766e-04
d2,wall,506.05,1.761832e-04
d2,wall,508.01,1.759901e-04
d2,wall,509.97,1.757975e-04
d2,wall,511.93,1.756052e-04
d2,wall,513.89,1.754133e-04
d2,wall,515.85,1.752217e-04
d2,wall,517.82,1.750305e-04
d2,wall,519.78,1.748397e-04
d2,wall,521.74,1.746491e-04
d2,wall,523.70,1.744590e-04
d2,wall,525.66,1.742692e-04
d2,wall,527.62,1.740797e-04
d2,wall,529.58,1.738905e-04
d2,wall,531.55,1.737017e-04
d2,wall,533.51,1.735132e-04
d2,wall,535.47,1.733251e-04
d2,wall,537.43,1.731372e-04
d2,wall,539.39,1.729497e-04
d2,wall,541.35,1.727625e-04
d2,wall,543.31,1.725756e-04
d2,wall,545.28,1.723891e-04
d2,wall,547.24,1.722028e-04
d2,wall,549.20,1.720168e-04
d2,wall,551.16,1.718312e-04
d2,wall,553.12,1.716459e-04
d2,wall,555.08,1.714608e-04
d2,wall,557.04,1.712761e-04
d2,wall,559.01,1.710916e-04
d2,wall,560.97,1.709075e-04
d2,wall,562.93,1.707236e-04
d2,wall,564.89,1.705400e-04
d2,wall,566.85,1.703567e-04
d2,wall,568.81,1.701737e-04
d2,wall,570.77,1.699910e-04
d2,wall,572.74,1.698086e-04
d2,wall,574.70,1.696264e-04
d2,wall,576.66,1.694445e-04
d2,wall,578.62,1.692629e-04
d2,wall,580.58,1.690816e-04
d2,wall,582.54,1.689005e-04
d2,wall,584.50,1.687197e-04
d2,wall,586.47,1.685392e-04
d2,wall,588.43,1.683590e-04
d2,wall,590.39,1.681790e-04
d2,wall,592.35,1.679992e-04
d2,wall,594.31,1.678198e-04
d2,wall,596.27,1.676406e-04
d2,wall,598.23,1.674616e-04
d2,wall,600.20,1.672830e-04
d2,wall,602.16,1.671045e-04
d2,wall,604.12,1.669264e-04
d2,wall,606.08,1.667484e-04
d2,wall,608.04,1.665708e-04
d2,wall,610.00,1.663934e-04
d2,wall,611.96,1.662162e-04
d2,wall,613.93,1.660393e-04
d2,wall,615.89,1.658626e-04
d2,wall,617.85,1.656862e-04
d2,wall,619.81,1.655100e-04
d2,wall,621.77,1.653341e-04
d2,wall,623.73,1.651584e-04
d2,wall,625.69,1.649829e-04
d2,wall,627.66,1.648077e-04
d2,wall,629.62,1.646327e-04
d2,wall,631.58,1.644580e-04
d2,wall,633.54,1.642834e-04
d2,wall,635.50,1.641092e-04
d2,wall,637.46,1.639351e-04
d2,wall,639.42,1.637613e-04
d2,wall,641.39,1.635877e-04
d2,wall,643.35,1.634144e-04
d2,wall,645.31,1.632413e-04
d2,wall,647.27,1.630684e-04
d2,wall,649.23,1.628957e-04
d2,wall,651.19,1.627233e-04
d2,wall,653.15,1.625511e-04
d2,wall,655.12,1.623791e-04
d2,wall,657.08,1.622074e-04
d2,wall,659.04,1.620358e-04
d2,wall,661.00,1.618645e-04
d2,wall,662.96,1.616934e-04
d2,wall,664.92,1.615225e-04
d2,wall,666.88,1.613519e-04
d2,wall,668.85,1.611815e-04
d2,wall,670.81,1.610112e-04
d2,wall,672.77,1.608412e-04
d2,wall,674.73,1.606715e-04
d2,wall,676.69,1.605019e-04
d2,wall,678.65,1.603325e-04
d2,wall,680.61,1.601634e-04
d2,wall,682.58,1.599945e-04
d2,wall,684.54,1.598257e-04
d2,wall,686.50,1.596572e-04
d2,wall,688.46,1.594889e-04
d2,wall,690.42,1.593208e-04
d2,wall,692.38,1.591530e-04
d2,wall,694.34,1.589853e-04
d2,wall,696.31,1.588178e-04
d2,wall,698.27,1.586506e-04
d2,wall,700.23,1.584835e-04
d2,wall,702.19,1.583167e-04
d2,wall,704.15,1.581500e-04
d2,wall,706.11,1.579836e-04
d2,wall,708.07,1.578174e-04
d2,wall,710.04,1.576514e-04
d2,wall,712.00,1.574855e-04
d2,wall,713.96,1.573199e-04
d2,wall,715.92,1.571545e-04
d2,wall,717.88,1.569893e-04
d2,wall,719.84,1.568242e-04
d2,wall,721.80,1.566594e-04
d2,wall,723.77,1.564948e-04
d2,wall,725.73,1.563304e-04
d2,wall,727.69,1.561661e-04
d2,wall,729.65,1.560021e-04
d2,wall,731.61,1.558383e-04
d2,wall,733.57,1.556746e-04
d2,wall,735.53,1.555112e-04
d2,wall,737.50,1.553479e-04
d2,wall,739.46,1.551849e-04
d2,wall,741.42,1.550220e-04
d2,wall,743.38,1.548593e-04
d2,wall,745.34,1.546969e-04
d2,wall,747.30,1.545346e-04
d2,wall,749.26,1.543725e-04
d2,wall,751.23,1.542106e-04
d2,wall,753.19,1.540489e-04
d2,wall,755.15,1.538874e-04
d2,wall,757.11,1.537260e-04
d2,wall,759.07,1.535649e-04
d2,wall,761.03,1.534039e-04
d2,wall,762.99,1.532432e-04
d2,wall,764.96,1.530826e-04
d2,wall,766.92,1.529222e-04
d2,wall,768.88,1.527620e-04
d2,wall,770.84,1.526020e-04
d2,wall,772.80,1.524422e-04
d2,wall,774.76,1.522825e-04
d2,wall,776.72,1.521231e-04
d2,wall,778.69,1.519638e-04
d2,wall,780.65,1.518047e-04
d2,wall,782.61,1.516458e-04
d2,peak,0.00,2.349855e-02
d2,peak,1.96,2.240352e-02
d2,peak,3.92,2.136224e-02
d2,peak,5.88,2.037207e-02
d2,peak,7.85,1.943049e-02
d2,peak,9.81,1.853512e-02
d2,peak,11.77,1.768367e-02
d2,peak,13.73,1.687399e-02
d2,peak,15.69,1.610402e-02
d2,peak,17.65,1.537180e-02
d2,peak,19.61,1.467549e-02
d2,peak,21.58,1.401331e-02
d2,peak,23.54,1.338358e-02
d2,peak,25.50,1.278471e-02
d2,peak,27.46,1.221518e-02
d2,peak,29.42,1.167355e-02
d2,peak,31.38,1.115844e-02
d2,peak,33.34,1.066855e-02
d2,peak,35.31,1.020264e-02
d2,peak,37.27,9.759524e-03
d2,peak,39.23,9.338089e-03
d2,peak,41.19,8.937267e-03
d2,peak,43.15,8.556042e-03
d2,peak,45.11,8.193453e-03
d2,peak,47.07,7.848581e-03
d2,peak,49.04,7.520557e-03
d2,peak,51.00,7.208552e-03
d2,peak,52.96,6.911778e-03
d2,peak,54.92,6.629487e-03
d2,peak,56.88,6.360966e-03
d2,peak,58.84,6.105539e-03
d2,peak,60.80,5.862563e-03
d2,peak,62.77,5.631425e-03
d2,peak,64.73,5.411543e-03
d2,peak,66.69,5.202366e-03
d2,peak,68.65,5.003365e-03
d2,peak,70.61,4.814043e-03
d2,peak,72.57,4.633922e-03
d2,peak,74.53,4.462552e-03
d2,peak,76.50,4.299502e-03
d2,peak,78.46,4.144363e-03
d2,peak,80.42,3.996748e-03
d2,peak,82.38,3.856287e-03
d2,peak,84.34,3.722628e-03
d2,peak,86.30,3.595438e-03
d2,peak,88.26,3.474399e-03
d2,peak,90.23,3.359209e-03
d2,peak,92.19,3.249581e-03
d2,peak,94.15,3.145242e-03
d2,peak,96.11,3.045933e-03
d2,peak,98.07,2.951407e-03
d2,peak,100.03,2.861430e-03
d2,peak,101.99,2.775778e-03
d2,peak,103.96,2.694239e-03
d2,peak,105.92,2.616611e-03
d2,peak,107.88,2.542703e-03
d2,peak,109.84,2.472333e-03
d2,peak,111.80,2.405327e-03
d2,peak,113.76,2.341520e-03
d2,peak,115.72,2.280756e-03
d2,peak,117.69,2.222886e-03
d2,peak,119.65,2.167767e-03
d2,peak,121.61,2.115266e-03
d2,peak,123.57,2.065253e-03
d2,peak,125.53,2.017608e-03
d2,peak,127.49,1.972214e-03
d2,peak,129.45,1.928962e-03
d2,peak,131.42,1.887746e-03
d2,peak,133.38,1.848467e-03
d2,peak,135.34,1.811031e-03
d2,peak,137.30,1.775347e-03
d2,peak,139.26,1.741330e-03
d2,peak,141.22,1.708898e-03
d2,peak,143.18,1.677974e-03
d2,peak,145.15,1.648484e-03
d2,peak,147.11,1.620358e-03
d2,peak,149.07,1.593531e-03
d2,peak,151.03,1.567938e-03
d2,peak,152.99,1.543519e-03
d2,peak,154.95,1.520217e-03
d2,peak,156.91,1.497978e-03
d2,peak,158.88,1.476750e-03
d2,peak,160.84,1.456484e-03
d2,peak,162.80,1.437133e-03
d2,peak,164.76,1.418652e-03
d2,peak,166.72,1.401000e-03
d2,peak,168.68,1.384135e-03
d2,peak,170.64,1.368020e-03
d2,peak,172.61,1.352618e-03
d2,peak,174.57,1.337895e-03
d2,peak,176.53,1.323818e-03
d2,peak,178.49,1.310355e-03
d2,peak,180.45,1.297477e-03
d2,peak,182.41,1.285156e-03
d2,peak,184.37,1.273364e-03
d2,peak,186.34,1.262076e-03
d2,peak,188.30,1.251267e-03
d2,peak,190.26,1.240915e-03
d2,peak,192.22,1.230997e-03
d2,peak,194.18,1.221493e-03
d2,peak,196.14,1.212382e-03
d2,peak,198.10,1.203646e-03
d2,peak,200.07,1.195266e-03
d2,peak,202.03,1.187226e-03
d2,peak,203.99,1.179509e-03
d2,peak,205.95,1.172099e-03
d2,peak,207.91,1.164983e-03
d2,peak,209.87,1.158145e-03
d2,peak,211.83,1.151573e-03
d2,peak,213.80,1.145254e-03
d2,peak,215.76,1.139175e-03
d2,peak,217.72,1.133326e-03
d2,peak,219.68,1.127695e-03
d2,peak,221.64,1.122272e-03
d2,peak,223.60,1.117047e-03
d2,peak,225.56,1.112011e-03
d2,peak,227.53,1.107155e-03
d2,peak,229.49,1.102470e-03
d2,peak,231.45,1.097948e-03
d2,peak,233.41,1.093581e-03
d2,peak,235.37,1.089363e-03
d2,peak,237.33,1.085286e-03
d2,peak,239.29,1.081343e-03
d2,peak,241.26,1.077528e-03
d2,peak,243.22,1.073836e-03
d2,peak,245.18,1.070260e-03
d2,peak,247.14,1.066796e-03
d2,peak,249.10,1.063437e-03
d2,peak,251.06,1.060179e-03
d2,peak,253.02,1.057017e-03
d2,peak,254.99,1.053947e-03
d2,peak,256.95,1.050965e-03
d2,peak,258.91,1.048067e-03
d2,peak,260.87,1.045248e-03
d2,peak,262.83,1.042505e-03
d2,peak,264.79,1.039835e-03
d2,peak,266.75,1.037234e-03
d2,peak,268.72,1.034699e-03
d2,peak,270.68,1.032227e-03
d2,peak,272.64,1.029815e-03
d2,peak,274.60,1.027461e-03
d2,peak,276.56,1.025162e-03
d2,peak,278.52,1.022916e-03
d2,peak,280.48,1.020719e-03
d2,peak,282.45,1.018571e-03
d2,peak,284.41,1.016468e-03
d2,peak,286.37,1.014409e-03
d2,peak,288.33,1.012392e-03
d2,peak,290.29,1.010415e-03
d2,peak,292.25,1.008476e-03
d2,peak,294.21,1.006573e-03
d2,peak,296.18,1.004706e-03
d2,peak,298.14,1.002872e-03
d2,peak,300.10,1.001070e-03
d2,peak,302.06,9.992987e-04
d2,peak,304.02,9.975568e-04
d2,peak,305.98,9.958430e-04
d2,peak,307.94,9.941561e-04
d2,peak,309.91,9.924949e-04
d2,peak,311.87,9.908585e-04
d2,peak,313.83,9.892458e-04
d2,peak,315.79,9.876558e-04
d2,peak,317.75,9.860875e-04
d2,peak,319.71,9.845401e-04
d2,peak,321.67,9.830128e-04
d2,peak,323.64,9.815047e-04
d2,peak,325.60,9.800150e-04
d2,peak,327.56,9.785431e-04
d2,peak,329.52,9.770882e-04
d2,peak,331.48,9.756496e-04
d2,peak,333.44,9.742267e-04
d2,peak,335.40,9.728190e-04
d2,peak,337.37,9.714257e-04
d2,peak,339.33,9.700465e-04
d2,peak,341.29,9.686807e-04
d2,peak,343.25,9.673278e-04
d2,peak,345.21,9.659874e-04
d2,peak,347.17,9.646589e-04
d2,peak,349.13,9.633421e-04
d2,peak,351.10,9.620363e-04
d2,peak,353.06,9.607413e-04
d2,peak,355.02,9.594567e-04
d2,peak,356.98,9.581821e-04
d2,peak,358.94,9.569171e-04
d2,peak,360.90,9.556614e-04
d2,peak,362.86,9.544147e-04
d2,peak,364.83,9.531767e-04
d2,peak,366.79,9.519471e-04
d2,peak,368.75,9.507256e-04
d2,peak,370.71,9.495120e-04
d2,peak,372.67,9.483060e-04
d2,peak,374.63,9.471073e-04
d2,peak,376.59,9.459158e-04
d2,peak,378.56,9.447311e-04
d2,peak,380.52,9.435532e-04
d2,peak,382.48,9.423817e-04
d2,peak,384.44,9.412165e-04
d2,peak,386.40,9.400575e-04
d2,peak,388.36,9.389043e-04
d2,peak,390.32,9.377569e-04
d2,peak,392.29,9.366151e-04
d2,peak,394.25,9.354787e-04
d2,peak,396.21,9.343476e-04
d2,peak,398.17,9.332217e-04
d2,peak,400.13,9.321007e-04
d2,peak,402.09,9.309846e-04
d2,peak,404.05,9.298733e-04
d2,peak,406.02,9.287665e-04
d2,peak,407.98,9.276643e-04
d2,peak,409.94,9.265664e-04
d2,peak,411.90,9.254728e-04
d2,peak,413.86,9.243834e-04
d2,peak,415.82,9.232981e-04
d2,peak,417.78,9.222167e-04
d2,peak,419.75,9.211392e-04
d2,peak,421.71,9.200655e-04
d2,peak,423.67,9.189955e-04
d2,peak,425.63,9.179292e-04
d2,peak,427.59,9.168664e-04
d2,peak,429.55,9.158071e-04
d2,peak,431.51,9.147511e-04
d2,peak,433.47,9.136985e-04
d2,peak,435.44,9.126492e-04
d2,peak,437.40,9.116031e-04
d2,peak,439.36,9.105601e-04
d2,peak,441.32,9.095201e-04
d2,peak,443.28,9.084832e-04
d2,peak,445.24,9.074493e-04
d2,peak,447.20,9.064182e-04
d2,peak,449.17,9.053900e-04
d2,peak,451.13,9.043646e-04
d2,peak,453.09,9.033419e-04
d2,peak,455.05,9.023220e-04
d2,peak,457.01,9.013047e-04
d2,peak,458.97,9.002900e-04
d2,peak,460.93,8.992779e-04
d2,peak,462.90,8.982684e-04
d2,peak,464.86,8.972613e-04
d2,peak,466.82,8.962566e-04
d2,peak,468.78,8.952544e-04
d2,peak,470.74,8.942546e-04
d2,peak,472.70,8.932571e-04
d2,peak,474.66,8.922619e-04
d2,peak,476.63,8.912690e-04
d2,peak,478.59,8.902783e-04
d2,peak,480.55,8.892899e-04
d2,peak,482.51,8.883036e-04
d2,peak,484.47,8.873195e-04
d2,peak,486.43,8.863375e-04
d2,peak,488.39,8.853576e-04
d2,peak,490.36,8.843798e-04
d2,peak,492.32,8.834040e-04
d2,peak,494.28,8.824303e-04
d2,peak,496.24,8.814585e-04
d2,peak,498.20,8.804887e-04
d2,peak,500.16,8.795209e-04
d2,peak,502.12,8.785550e-04
d2,peak,504.09,8.775910e-04
d2,peak,506.05,8.766289e-04
d2,peak,508.01,8.756686e-04
d2,peak,509.97,8.747102e-04
d2,peak,511.93,8.737536e-04
d2,peak,513.89,8.727989e-04
d2,peak,515.85,8.718459e-04
d2,peak,517.82,8.708946e-04
d2,peak,519.78,8.699452e-04
d2,peak,521.74,8.689974e-04
d2,peak,523.70,8.680514e-04
d2,peak,525.66,8.671071e-04
d2,peak,527.62,8.661644e-04
d2,peak,529.58,8.652235e-04
d2,peak,531.55,8.642841e-04
d2,peak,533.51,8.633464e-04
d2,peak,535.47,8.624104e-04
d2,peak,537.43,8.614759e-04
d2,peak,539.39,8.605431e-04
d2,peak,541.35,8.596118e-04
d2,peak,543.31,8.586821e-04
d2,peak,545.28,8.577539e-04
d2,peak,547.24,8.568273e-04
d2,peak,549.20,8.559023e-04
d2,peak,551.16,8.549787e-04
d2,peak,553.12,8.540566e-04
d2,peak,555.08,8.531361e-04
d2,peak,557.04,8.522170e-04
d2,peak,559.01,8.512994e-04
d2,peak,560.97,8.503833e-04
d2,peak,562.93,8.494686e-04
d2,peak,564.89,8.485553e-04
d2,peak,566.85,8.476435e-04
d2,peak,568.81,8.467331e-04
d2,peak,570.77,8.458241e-04
d2,peak,572.74,8.449165e-04
d2,peak,574.70,8.440103e-04
d2,peak,576.66,8.431055e-04
d2,peak,578.62,8.422020e-04
d2,peak,580.58,8.412999e-04
d2,peak,582.54,8.403992e-04
d2,peak,584.50,8.394998e-04
d2,peak,586.47,8.386018e-04
d2,peak,588.43,8.377050e-04
d2,peak,590.39,8.368096e-04
d2,peak,592.35,8.359156e-04
d2,peak,594.31,8.350228e-04
d2,peak,596.27,8.341313e-04
d2,peak,598.23,8.332411e-04
d2,peak,600.20,8.323522e-04
d2,peak,602.16,8.314645e-04
d2,peak,604.12,8.305782e-04
d2,peak,606.08,8.296931e-04
d2,peak,608.04,8.288092e-04
d2,peak,610.00,8.279266e-04
d2,peak,611.96,8.270452e-04
d2,peak,613.93,8.261651e-04
d2,peak,615.89,8.252862e-04
d2,peak,617.85,8.244085e-04
d2,peak,619.81,8.235320e-04
d2,peak,621.77,8.226567e-04
d2,peak,623.73,8.217827e-04
d2,peak,625.69,8.209098e-04
d2,peak,627.66,8.200381e-04
d2,peak,629.62,8.191676e-04
d2,peak,631.58,8.182983e-04
d2,peak,633.54,8.174302e-04
d2,peak,635.50,8.165632e-04
d2,peak,637.46,8.156974e-04
d2,peak,639.42,8.148327e-04
d2,peak,641.39,8.139692e-04
d2,peak,643.35,8.131069e-04
d2,peak,645.31,8.122457e-04
d2,peak,647.27,8.113856e-04
d2,peak,649.23,8.105267e-04
d2,peak,651.19,8.096688e-04
d2,peak,653.15,8.088121e-04
d2,peak,655.12,8.079566e-04
d2,peak,657.08,8.071021e-04
d2,peak,659.04,8.062487e-04
d2,peak,661.00,8.053965e-04
d2,peak,662.96,8.045453e-04
d2,peak,664.92,8.036953e-04
d2,peak,666.88,8.028463e-04
d2,peak,668.85,8.019984e-04
d2,peak,670.81,8.011516e-04
d2,peak,672.77,8.003059e-04
d2,peak,674.73,7.994612e-04
d2,peak,676.69,7.986177e-04
d2,peak,678.65,7.977752e-04
d2,peak,680.61,7.969337e-04
d2,peak,682.58,7.960933e-04
d2,peak,684.54,7.952540e-04
d2,peak,686.50,7.944157e-04
d2,peak,688.46,7.935784e-04
d2,peak,690.42,7.927423e-04
d2,peak,692.38,7.919071e-04
d2,peak,694.34,7.910730e-04
d2,peak,696.31,7.902399e-04
d2,peak,698.27,7.894078e-04
d2,peak,700.23,7.885768e-04
d2,peak,702.19,7.877468e-04
d2,peak,704.15,7.869178e-04
d2,peak,706.11,7.860898e-04
d2,peak,708.07,7.852628e-04
d2,peak,710.04,7.844369e-04
d2,peak,712.00,7.836119e-04
d2,peak,713.96,7.827880e-04
d2,peak,715.92,7.819651e-04
d2,peak,717.88,7.811431e-04
d2,peak,719.84,7.803222e-04
d2,peak,721.80,7.795022e-04
d2,peak,723.77,7.786832e-04
d2,peak,725.73,7.778652e-04
d2,peak,727.69,7.770482e-04
d2,peak,729.65,7.762322e-04
d2,peak,731.61,7.754172e-04
d2,peak,733.57,7.746031e-04
d2,peak,735.53,7.737900e-04
d2,peak,737.50,7.729778e-04
d2,peak,739.46,7.721667e-04
d2,peak,741.42,7.713565e-04
d2,peak,743.38,7.705472e-04
d2,peak,745.34,7.697389e-04
d2,peak,747.30,7.689316e-04
d2,peak,749.26,7.681252e-04
d2,peak,751.23,7.673198e-04
d2,peak,753.19,7.665153e-04
d2,peak,755.15,7.657118e-04
d2,peak,757.11,7.649092e-04
d2,peak,759.07,7.641076e-04
d2,peak,761.03,7.633069e-04
d2,peak,762.99,7.625071e-04
d2,peak,764.96,7.617082e-04
d2,peak,766.92,7.609103e-04
d2,peak,768.88,7.601134e-04
d2,peak,770.84,7.593173e-04
d2,peak,772.80,7.585222e-04
d2,peak,774.76,7.577280e-04
d2,peak,776.72,7.569347e-04
d2,peak,778.69,7.561424e-04
d2,peak,780.65,7.553509e-04
d2,peak,782.61,7.545604e-04
d2,total,0.00,7.965640e-03
d2,total,1.96,7.594279e-03
d2,total,3.92,7.241148e-03
d2,total,5.88,6.905350e-03
d2,total,7.85,6.586030e-03
d2,total,9.81,6.282379e-03
d2,total,11.77,5.993625e-03
d2,total,13.73,5.719035e-03
d2,total,15.69,5.457913e-03
d2,total,17.65,5.209595e-03
d2,total,19.61,4.973452e-03
d2,total,21.58,4.748885e-03
d2,total,23.54,4.535324e-03
d2,total,25.50,4.332228e-03
d2,total,27.46,4.139082e-03
d2,total,29.42,3.955396e-03
d2,total,31.38,3.780705e-03
d2,total,33.34,3.614567e-03
d2,total,35.31,3.456561e-03
d2,total,37.27,3.306287e-03
d2,total,39.23,3.163364e-03
d2,total,41.19,3.027432e-03
d2,total,43.15,2.898147e-03
d2,total,45.11,2.775180e-03
d2,total,47.07,2.658223e-03
d2,total,49.04,2.546980e-03
d2,total,51.00,2.441168e-03
d2,total,52.96,2.340523e-03
d2,total,54.92,2.244788e-03
d2,total,56.88,2.153724e-03
d2,total,58.84,2.067101e-03
d2,total,60.80,1.984699e-03
d2,total,62.77,1.906313e-03
d2,total,64.73,1.831744e-03
d2,total,66.69,1.760805e-03
d2,total,68.65,1.693317e-03
d2,total,70.61,1.629112e-03
d2,total,72.57,1.568027e-03
d2,total,74.53,1.509910e-03
d2,total,76.50,1.454614e-03
d2,total,78.46,1.402001e-03
d2,total,80.42,1.351940e-03
d2,total,82.38,1.304305e-03
d2,total,84.34,1.258977e-03
d2,total,86.30,1.215843e-03
d2,total,88.26,1.174794e-03
d2,total,90.23,1.135730e-03
d2,total,92.19,1.098551e-03
d2,total,94.15,1.063167e-03
d2,total,96.11,1.029488e-03
d2,total,98.07,9.974310e-04
d2,total,100.03,9.669166e-04
d2,total,101.99,9.378691e-04
d2,total,103.96,9.102166e-04
d2,total,105.92,8.838905e-04
d2,total,107.88,8.588260e-04
d2,total,109.84,8.349612e-04
d2,total,111.80,8.122372e-04
d2,total,113.76,7.905983e-04
d2,total,115.72,7.699911e-04
d2,total,117.69,7.503654e-04
d2,total,119.65,7.316728e-04
d2,total,121.61,7.138678e-04
d2,total,123.57,6.969070e-04
d2,total,125.53,6.807490e-04
d2,total,127.49,6.653545e-04
d2,total,129.45,6.506862e-04
d2,total,131.42,6.367085e-04
d2,total,133.38,6.233878e-04
d2,total,135.34,6.106919e-04
d2,total,137.30,5.985903e-04
d2,total,139.26,5.870539e-04
d2,total,141.22,5.760551e-04
d2,total,143.18,5.655678e-04
d2,total,145.15,5.555668e-04
d2,total,147.11,5.460286e-04
d2,total,149.07,5.369304e-04
d2,total,151.03,5.282510e-04
d2,total,152.99,5.199698e-04
d2,total,154.95,5.120674e-04
d2,total,156.91,5.045255e-04
d2,total,158.88,4.973264e-04
d2,total,160.84,4.904534e-04
d2,total,162.80,4.838908e-04
d2,total,164.76,4.776233e-04
d2,total,166.72,4.716368e-04
d2,total,168.68,4.659174e-04
d2,total,170.64,4.604523e-04
d2,total,172.61,4.552291e-04
d2,total,174.57,4.502361e-04
d2,total,176.53,4.454620e-04
d2,total,178.49,4.408964e-04
d2,total,180.45,4.365290e-04
d2,total,182.41,4.323504e-04
d2,total,184.37,4.283513e-04
d2,total,186.34,4.245231e-04
d2,total,188.30,4.208575e-04
d2,total,190.26,4.173468e-04
d2,total,192.22,4.139833e-04
d2,total,194.18,4.107601e-04
d2,total,196.14,4.076703e-04
d2,total,198.10,4.047076e-04
d2,total,200.07,4.018658e-04
d2,total,202.03,3.991391e-04
d2,total,203.99,3.965220e-04
d2,total,205.95,3.940092e-04
d2,total,207.91,3.915957e-04
d2,total,209.87,3.892769e-04
d2,total,211.83,3.870480e-04
d2,total,213.80,3.849050e-04
d2,total,215.76,3.828435e-04
d2,total,217.72,3.808599e-04
d2,total,219.68,3.789502e-04
d2,total,221.64,3.771112e-04
d2,total,223.60,3.753393e-04
d2,total,225.56,3.736313e-04
d2,total,227.53,3.719844e-04
d2,total,229.49,3.703955e-04
d2,total,231.45,3.688620e-04
d2,total,233.41,3.673811e-04
d2,total,235.37,3.659505e-04
d2,total,237.33,3.645678e-04
d2,total,239.29,3.632307e-04
d2,total,241.26,3.619371e-04
d2,total,243.22,3.606849e-04
d2,total,245.18,3.594722e-04
d2,total,247.14,3.582972e-04
d2,total,249.10,3.571581e-04
d2,total,251.06,3.560533e-04
d2,total,253.02,3.549811e-04
d2,total,254.99,3.539400e-04
d2,total,256.95,3.529287e-04
d2,total,258.91,3.519457e-04
d2,total,260.87,3.509897e-04
d2,total,262.83,3.500595e-04
d2,total,264.79,3.491539e-04
d2,total,266.75,3.482718e-04
d2,total,268.72,3.474122e-04
d2,total,270.68,3.465739e-04
d2,total,272.64,3.457561e-04
d2,total,274.60,3.449578e-04
d2,total,276.56,3.441781e-04
d2,total,278.52,3.434162e-04
d2,total,280.48,3.426713e-04
d2,total,282.45,3.419427e-04
d2,total,284.41,3.412296e-04
d2,total,286.37,3.405313e-04
d2,total,288.33,3.398472e-04
d2,total,290.29,3.391766e-04
d2,total,292.25,3.385191e-04
d2,total,294.21,3.378739e-04
d2,total,296.18,3.372406e-04
d2,total,298.14,3.366186e-04
d2,total,300.10,3.360076e-04
d2,total,302.06,3.354069e-04
d2,total,304.02,3.348161e-04
d2,total,305.98,3.342349e-04
d2,total,307.94,3.336628e-04
d2,total,309.91,3.330995e-04
d2,total,311.87,3.325445e-04
d2,total,313.83,3.319976e-04
d2,total,315.79,3.314583e-04
d2,total,317.75,3.309265e-04
d2,total,319.71,3.304017e-04
d2,total,321.67,3.298838e-04
d2,total,323.64,3.293723e-04
d2,total,325.60,3.288671e-04
d2,total,327.56,3.283679e-04
d2,total,329.52,3.278745e-04
d2,total,331.48,3.273867e-04
d2,total,333.44,3.269041e-04
d2,total,335.40,3.264267e-04
d2,total,337.37,3.259542e-04
d2,total,339.33,3.254865e-04
d2,total,341.29,3.250233e-04
d2,total,343.25,3.245645e-04
d2,total,345.21,3.241099e-04
d2,total,347.17,3.236594e-04
d2,total,349.13,3.232128e-04
d2,total,351.10,3.227700e-04
d2,total,353.06,3.223308e-04
d2,total,355.02,3.218951e-04
d2,total,356.98,3.214628e-04
d2,total,358.94,3.210338e-04
d2,total,360.90,3.206080e-04
d2,total,362.86,3.201852e-04
d2,total,364.83,3.197654e-04
d2,total,366.79,3.193484e-04
d2,total,368.75,3.189341e-04
d2,total,370.71,3.185225e-04
d2,total,372.67,3.181135e-04
d2,total,374.63,3.177070e-04
d2,total,376.59,3.173029e-04
d2,total,378.56,3.169012e-04
d2,total,380.52,3.165017e-04
d2,total,382.48,3.161044e-04
d2,total,384.44,3.157093e-04
d2,total,386.40,3.153162e-04
d2,total,388.36,3.149251e-04
d2,total,390.32,3.145360e-04
d2,total,392.29,3.141488e-04
d2,total,394.25,3.137634e-04
d2,total,396.21,3.133798e-04
d2,total,398.17,3.129980e-04
d2,total,400.13,3.126178e-04
d2,total,402.09,3.122393e-04
d2,total,404.05,3.118624e-04
d2,total,406.02,3.114871e-04
d2,total,407.98,3.111133e-04
d2,total,409.94,3.107409e-04
d2,total,411.90,3.103701e-04
d2,total,413.86,3.100006e-04
d2,total,415.82,3.096325e-04
d2,total,417.78,3.092658e-04
d2,total,419.75,3.089004e-04
d2,total,421.71,3.085363e-04
d2,total,423.67,3.081734e-04
d2,total,425.63,3.078118e-04
d2,total,427.59,3.074513e-04
d2,total,429.55,3.070921e-04
d2,total,431.51,3.067340e-04
d2,total,433.47,3.063770e-04
d2,total,435.44,3.060212e-04
d2,total,437.40,3.056664e-04
d2,total,439.36,3.053127e-04
d2,total,441.32,3.049600e-04
d2,total,443.28,3.046083e-04
d2,total,445.24,3.042577e-04
d2,total,447.20,3.039080e-04
d2,total,449.17,3.035593e-04
d2,total,451.13,3.032116e-04
d2,total,453.09,3.028648e-04
d2,total,455.05,3.025189e-04
d2,total,457.01,3.021739e-04
d2,total,458.97,3.018298e-04
d2,total,460.93,3.014865e-04
d2,total,462.90,3.011441e-04
d2,total,464.86,3.008026e-04
d2,total,466.82,3.004619e-04
d2,total,468.78,3.001220e-04
d2,total,470.74,2.997829e-04
d2,total,472.70,2.994447e-04
d2,total,474.66,2.991072e-04
d2,total,476.63,2.987704e-04
d2,total,478.59,2.984345e-04
d2,total,480.55,2.980992e-04
d2,total,482.51,2.977648e-04
d2,total,484.47,2.974310e-04
d2,total,486.43,2.970980e-04
d2,total,488.39,2.967657e-04
d2,total,490.36,2.964341e-04
d2,total,492.32,2.961032e-04
d2,total,494.28,2.957729e-04
d2,total,496.24,2.954434e-04
d2,total,498.20,2.951145e-04
d2,total,500.16,2.947863e-04
d2,total,502.12,2.944587e-04
d2,total,504.09,2.941318e-04
d2,total,506.05,2.938055e-04
d2,total,508.01,2.934798e-04
d2,total,509.97,2.931548e-04
d2,total,511.93,2.928304e-04
d2,total,513.89,2.925066e-04
d2,total,515.85,2.921834e-04
d2,total,517.82,2.918608e-04
d2,total,519.78,2.915388e-04
d2,total,521.74,2.912174e-04
d2,total,523.70,2.908966e-04
d2,total,525.66,2.905763e-04
d2,total,527.62,2.902566e-04
d2,total,529.58,2.899375e-04
d2,total,531.55,2.896190e-04
d2,total,533.51,2.893010e-04
d2,total,535.47,2.889835e-04
d2,total,537.43,2.886666e-04
d2,total,539.39,2.883503e-04
d2,total,541.35,2.880344e-04
d2,total,543.31,2.877191e-04
d2,total,545.28,2.874044e-04
d2,total,547.24,2.870901e-04
d2,total,549.20,2.867764e-04
d2,total,551.16,2.864632e-04
d2,total,553.12,2.861505e-04
d2,total,555.08,2.858383e-04
d2,total,557.04,2.855266e-04
d2,total,559.01,2.852154e-04
d2,total,560.97,2.849047e-04
d2,total,562.93,2.845945e-04
d2,total,564.89,2.842848e-04
d2,total,566.85,2.839756e-04
d2,total,568.81,2.836668e-04
d2,total,570.77,2.833586e-04
d2,total,572.74,2.830508e-04
d2,total,574.70,2.827435e-04
d2,total,576.66,2.824366e-04
d2,total,578.62,2.821302e-04
d2,total,580.58,2.818243e-04
d2,total,582.54,2.815188e-04
d2,total,584.50,2.812138e-04
d2,total,586.47,2.809092e-04
d2,total,588.43,2.806051e-04
d2,total,590.39,2.803015e-04
d2,total,592.35,2.799983e-04
d2,total,594.31,2.796955e-04
d2,total,596.27,2.793932e-04
d2,total,598.23,2.790913e-04
d2,total,600.20,2.787898e-04
d2,total,602.16,2.784888e-04
d2,total,604.12,2.781882e-04
d2,total,606.08,2.778880e-04
d2,total,608.04,2.775883e-04
d2,total,610.00,2.772889e-04
d2,total,611.96,2.769900e-04
d2,total,613.93,2.766915e-04
d2,total,615.89,2.763935e-04
d2,total,617.85,2.760958e-04
d2,total,619.81,2.757986e-04
d2,total,621.77,2.755018e-04
d2,total,623.73,2.752053e-04
d2,total,625.69,2.749093e-04
d2,total,627.66,2.746137e-04
d2,total,629.62,2.743185e-04
d2,total,631.58,2.740237e-04
d2,total,633.54,2.737293e-04
d2,total,635.50,2.734352e-04
d2,total,637.46,2.731416e-04
d2,total,639.42,2.728484e-04
d2,total,641.39,2.725555e-04
d2,total,643.35,2.722631e-04
d2,total,645.31,2.719710e-04
d2,total,647.27,2.716793e-04
d2,total,649.23,2.713880e-04
d2,total,651.19,2.710971e-04
d2,total,653.15,2.708066e-04
d2,total,655.12,2.705164e-04
d2,total,657.08,2.702267e-04
d2,total,659.04,2.699373e-04
d2,total,661.00,2.696482e-04
d2,total,662.96,2.693596e-04
d2,total,664.92,2.690713e-04
d2,total,666.88,2.687834e-04
d2,total,668.85,2.684958e-04
d2,total,670.81,2.682087e-04
d2,total,672.77,2.679219e-04
d2,total,674.73,2.676354e-04
d2,total,676.69,2.673493e-04
d2,total,678.65,2.670636e-04
d2,total,680.61,2.667782e-04
d2,total,682.58,2.664932e-04
d2,total,684.54,2.662086e-04
d2,total,686.50,2.659243e-04
d2,total,688.46,2.656404e-04
d2,total,690.42,2.653568e-04
d2,total,692.38,2.650735e-04
d2,total,694.34,2.647907e-04
d2,total,696.31,2.645081e-04
d2,total,698.27,2.642260e-04
d2,total,700.23,2.639441e-04
d2,total,702.19,2.636626e-04
d2,total,704.15,2.633815e-04
d2,total,706.11,2.631007e-04
d2,total,708.07,2.628203e-04
d2,total,710.04,2.625402e-04
d2,total,712.00,2.622604e-04
d2,total,713.96,2.619810e-04
d2,total,715.92,2.617019e-04
d2,total,717.88,2.614231e-04
d2,total,719.84,2.611447e-04
d2,total,721.80,2.608666e-04
d2,total,723.77,2.605889e-04
d2,total,725.73,2.603115e-04
d2,total,727.69,2.600344e-04
d2,total,729.65,2.597577e-04
d2,total,731.61,2.594813e-04
d2,total,733.57,2.592052e-04
d2,total,735.53,2.589294e-04
d2,total,737.50,2.586540e-04
d2,total,739.46,2.583789e-04
d2,total,741.42,2.581042e-04
d2,total,743.38,2.578297e-04
d2,total,745.34,2.575556e-04
d2,total,747.30,2.572818e-04
d2,total,749.26,2.570083e-04
d2,total,751.23,2.567352e-04
d2,total,753.19,2.564624e-04
d2,total,755.15,2.561899e-04
d2,total,757.11,2.559177e-04
d2,total,759.07,2.556458e-04
d2,total,761.03,2.553743e-04
d2,total,762.99,2.551030e-04
d2,total,764.96,2.548321e-04
d2,total,766.92,2.545615e-04
d2,total,768.88,2.542912e-04
d2,total,770.84,2.540213e-04
d2,total,772.80,2.537516e-04
d2,total,774.76,2.534823e-04
d2,total,776.72,2.532133e-04
d2,total,778.69,2.529445e-04
d2,total,780.65,2.526761e-04
d2,total,782.61,2.524080e-04
