[ T-Track ]
    title = Flux spectra vs depth in concrete
     mesh =  xyz            # mesh type is xyz scoring mesh
   x-type =    2            # x-mesh is linear given by xmin, xmax and nx
     xmin =  -600.0000      # minimum value of x-mesh points
     xmax =   600.0000      # maximum value of x-mesh points
#    xdel =   1200.000      # mesh width of x-mesh points
       nx =      1          # number of x-mesh points
#    data = ( x(i), i = 1, nx + 1 )
#          -6.00000E+02  6.00000E+02
   y-type =    2            # y-mesh is linear given by ymin, ymax and ny
     ymin =  -600.0000      # minimum value of y-mesh points
     ymax =   600.0000      # maximum value of y-mesh points
#    ydel =   1200.000      # mesh width of y-mesh points
       ny =      1          # number of y-mesh points
#    data = ( y(i), i = 1, ny + 1 )
#          -6.00000E+02  6.00000E+02
   z-type =    2            # z-mesh is linear given by zmin, zmax and nz
     zmin =  -700.0000      # minimum value of z-mesh points
     zmax =   0.000000      # maximum value of z-mesh points
#    zdel =   20.00000      # mesh width of z-mesh points
       nz =     35          # number of z-mesh points
#    data = ( z(i), i = 1, nz + 1 )
#          -7.00000E+02 -6.80000E+02 -6.60000E+02 -6.40000E+02 -6.20000E+02
#          -6.00000E+02 -5.80000E+02 -5.60000E+02 -5.40000E+02 -5.20000E+02
#          -5.00000E+02 -4.80000E+02 -4.60000E+02 -4.40000E+02 -4.20000E+02
#          -4.00000E+02 -3.80000E+02 -3.60000E+02 -3.40000E+02 -3.20000E+02
#          -3.00000E+02 -2.80000E+02 -2.60000E+02 -2.40000E+02 -2.20000E+02
#          -2.00000E+02 -1.80000E+02 -1.60000E+02 -1.40000E+02 -1.20000E+02
#          -1.00000E+02 -8.00000E+01 -6.00000E+01 -4.00000E+01 -2.00000E+01
#           0.00000E+00
   e-type =    3            # e-mesh is log given by emin, emax and ne
     emin =  1.0000000E-10  # minimum value of e-mesh points
     emax =   100000.0      # maximum value of e-mesh points
#    edel =  0.5756463      # mesh width of e-mesh points
       ne =     60          # number of e-mesh points
#    data = ( e(i), i = 1, ne + 1 )
#           1.00000E-10  1.77828E-10  3.16228E-10  5.62341E-10  1.00000E-09
#           1.77828E-09  3.16228E-09  5.62341E-09  1.00000E-08  1.77828E-08
#           3.16228E-08  5.62341E-08  1.00000E-07  1.77828E-07  3.16228E-07
#           5.62341E-07  1.00000E-06  1.77828E-06  3.16228E-06  5.62341E-06
#           1.00000E-05  1.77828E-05  3.16228E-05  5.62341E-05  1.00000E-04
#           1.77828E-04  3.16228E-04  5.62341E-04  1.00000E-03  1.77828E-03
#           3.16228E-03  5.62341E-03  1.00000E-02  1.77828E-02  3.16228E-02
#           5.62341E-02  1.00000E-01  1.77828E-01  3.16228E-01  5.62341E-01
#           1.00000E+00  1.77828E+00  3.16228E+00  5.62341E+00  1.00000E+01
#           1.77828E+01  3.16228E+01  5.62341E+01  1.00000E+02  1.77828E+02
#           3.16228E+02  5.62341E+02  1.00000E+03  1.77828E+03  3.16228E+03
#           5.62341E+03  1.00000E+04  1.77828E+04  3.16228E+04  5.62341E+04
#           1.00000E+05
     unit =    1            # unit is [1/cm^2/source]
 material =  all            # (D=all) number of specific material
     axis =     eng            # axis of output
     file = depth_spec.out  # file name of output for the above axis
     part =  neutron    muon-      muon+      proton   
# kf/name :  2112       13         -13        2212     
#    used :        main (  %)        temp (  %)       total (  %)
#  memory :         105 (  0)           0 (  0)         105 (  0)

#------------------------------------------------------------------------------
#newpage:
#   no. =  1   ix  =  1   iy  =  1   iz  =  1
#   x = (  -6.0000E+02  -   6.0000E+02  )
#   y = (  -6.0000E+02  -   6.0000E+02  )
#   z = (  -7.0000E+02  -  -6.8000E+02  )

x: Energy [MeV/n]
y: Flux [1/cm^2/source]              
p: xlog ylog afac(0.8) form(0.9)
h: n            x            y(neutron ),hh0l n y(muon-   ),hh0dr n y(muon+   ),hh0ub n y(proton  ),hh0mg n 
#  e-lower      e-upper        neutron   r.err      muon-     r.err      muon+     r.err      proton    r.err 
   1.0000E-10   1.7783E-10   1.0903E-11  0.5567   0.0000E+00  0.0000   0.0000E+00  0.0000   0.0000E+00  0.0000
   1.7783E-10   3.1623E-10   3.6373E-11  0.6949   0.0000E+00  0.0000   0.0000E+00  0.0000   0.0000E+00  0.0000
   3.1623E-10   5.6234E-10   1.2120E-10  0.6735   0.0000E+00  0.0000   0.0000E+00  0.0000   0.0000E+00  0.0000
   5.6234E-10   1.0000E-09   2.7966E-10  0.6166   0.0000E+00  0.0000   0.0000E+00  0.0000   0.0000E+00  0.0000
   1.0000E-09   1.7783E-09   1.2117E-09  0.6212   0.0000E+00  0.0000   0.0000E+00  0.0000   0.0000E+00  0.0000
   1.7783E-09   3.1623E-09   2.4059E-09  0.6096   0.0000E+00  0.0000   0.0000E+00  0.0000   0.0000E+00  0.0000
   3.1623E-09   5.6234E-09   7.2562E-09  0.6263   0.0000E+00  0.0000   0.0000E+00  0.0000   0.0000E+00  0.0000
   5.6234E-09   1.0000E-08   2.1037E-08  0.6334   0.0000E+00  0.0000   0.0000E+00  0.0000   0.0000E+00  0.0000
   1.0000E-08   1.7783E-08   5.3870E-08  0.6187   0.0000E+00  0.0000   0.0000E+00  0.0000   0.0000E+00  0.0000
   1.7783E-08   3.1623E-08   1.5212E-07  0.6129   0.0000E+00  0.0000   0.0000E+00  0.0000   0.0000E+00  0.0000
   3.1623E-08   5.6234E-08   1.8750E-07  0.6135   0.0000E+00  0.0000   0.0000E+00  0.0000   0.0000E+00  0.0000
   5.6234E-08   1.0000E-07   1.7186E-07  0.6221   0.0000E+00  0.0000   0.0000E+00  0.0000   0.0000E+00  0.0000
   1.0000E-07   1.7783E-07   6.8374E-08  0.6467   0.0000E+00  0.0000   0.0000E+00  0.0000   0.0000E+00  0.0000
   1.7783E-07   3.1623E-07   1.7777E-08  0.6278   0.0000E+00  0.0000   0.0000E+00  0.0000   0.0000E+00  0.0000
   3.1623E-07   5.6234E-07   1.0031E-08  0.6022   0.0000E+00  0.0000   0.0000E+00  0.0000   0.0000E+00  0.0000
   5.6234E-07   1.0000E-06   1.8105E-08  0.6758   0.0000E+00  0.0000   0.0000E+00  0.0000   0.0000E+00  0.0000
   1.0000E-06   1.7783E-06   1.1024E-08  0.6084   0.0000E+00  0.0000   0.0000E+00  0.0000   0.0000E+00  0.0000
   1.7783E-06   3.1623E-06   4.4192E-08  0.8388   0.0000E+00  0.0000   0.0000E+00  0.0000   0.0000E+00  0.0000
   3.1623E-06   5.6234E-06   1.0039E-08  0.6518   0.0000E+00  0.0000   0.0000E+00  0.0000   0.0000E+00  0.0000
   5.6234E-06   1.0000E-05   9.3805E-09  0.5945   0.0000E+00  0.0000   0.0000E+00  0.0000   0.0000E+00  0.0000
   1.0000E-05   1.7783E-05   8.9085E-09  0.6296   0.0000E+00  0.0000   0.0000E+00  0.0000   0.0000E+00  0.0000
   1.7783E-05   3.1623E-05   1.0395E-08  0.5764   0.0000E+00  0.0000   0.0000E+00  0.0000   0.0000E+00  0.0000
   3.1623E-05   5.6234E-05   9.6570E-09  0.6101   0.0000E+00  0.0000   0.0000E+00  0.0000   0.0000E+00  0.0000
   5.6234E-05   1.0000E-04   1.0103E-08  0.6517   0.0000E+00  0.0000   0.0000E+00  0.0000   0.0000E+00  0.0000
   1.0000E-04   1.7783E-04   1.1056E-08  0.6017   0.0000E+00  0.0000   0.0000E+00  0.0000   0.0000E+00  0.0000
   1.7783E-04   3.1623E-04   1.8628E-08  0.6660   0.0000E+00  0.0000   0.0000E+00  0.0000   0.0000E+00  0.0000
   3.1623E-04   5.6234E-04   8.9160E-09  0.6170   0.0000E+00  0.0000   0.0000E+00  0.0000   0.0000E+00  0.0000
   5.6234E-04   1.0000E-03   1.6083E-08  0.6196   0.0000E+00  0.0000   0.0000E+00  0.0000   3.0490E-19  0.6403
   1.0000E-03   1.7783E-03   1.1263E-08  0.6159   0.0000E+00  0.0000   0.0000E+00  0.0000   2.4438E-14  0.6476
   1.7783E-03   3.1623E-03   9.3162E-09  0.6156   0.0000E+00  0.0000   0.0000E+00  0.0000   3.9477E-14  0.6474
   3.1623E-03   5.6234E-03   1.0394E-08  0.6287   0.0000E+00  0.0000   0.0000E+00  0.0000   5.9593E-14  0.6474
   5.6234E-03   1.0000E-02   1.1898E-08  0.6384   0.0000E+00  0.0000   0.0000E+00  0.0000   8.2234E-14  0.6474
   1.0000E-02   1.7783E-02   1.5084E-08  0.6152   0.0000E+00  0.0000   0.0000E+00  0.0000   1.1030E-13  0.6474
   1.7783E-02   3.1623E-02   2.1957E-08  0.6691   0.0000E+00  0.0000   0.0000E+00  0.0000   1.5802E-13  0.6474
   3.1623E-02   5.6234E-02   1.0000E-08  0.6013   0.0000E+00  0.0000   0.0000E+00  0.0000   2.3712E-13  0.6474
   5.6234E-02   1.0000E-01   1.1449E-08  0.5867   0.0000E+00  0.0000   0.0000E+00  0.0000   3.8789E-13  0.6474
   1.0000E-01   1.7783E-01   2.5511E-08  0.6237   0.0000E+00  0.0000   0.0000E+00  0.0000   7.1577E-13  0.6474
   1.7783E-01   3.1623E-01   3.5829E-08  0.6526   0.0000E+00  0.0000   0.0000E+00  0.0000   1.5207E-12  0.6474
   3.1623E-01   5.6234E-01   3.2566E-08  0.6346   0.0000E+00  0.0000   0.0000E+00  0.0000   3.6211E-12  0.6478
   5.6234E-01   1.0000E+00   3.1423E-08  0.5993   0.0000E+00  0.0000   0.0000E+00  0.0000   9.1105E-12  0.6484
   1.0000E+00   1.7783E+00   3.2141E-08  0.5959   0.0000E+00  0.0000   0.0000E+00  0.0000   2.3327E-11  0.6491
   1.7783E+00   3.1623E+00   5.6821E-08  0.6472   0.0000E+00  0.0000   0.0000E+00  0.0000   5.8884E-11  0.6568
   3.1623E+00   5.6234E+00   1.0769E-07  0.7489   0.0000E+00  0.0000   0.0000E+00  0.0000   1.3547E-10  0.6497
   5.6234E+00   1.0000E+01   2.3994E-08  0.6103   0.0000E+00  0.0000   0.0000E+00  0.0000   2.7356E-10  0.6285
   1.0000E+01   1.7783E+01   3.7456E-08  0.6813   0.0000E+00  0.0000   0.0000E+00  0.0000   6.4637E-10  0.6457
   1.7783E+01   3.1623E+01   2.3684E-08  0.6259   0.0000E+00  0.0000   0.0000E+00  0.0000   1.5563E-09  0.6764
   3.1623E+01   5.6234E+01   5.0455E-08  0.6090   0.0000E+00  0.0000   0.0000E+00  0.0000   3.3418E-09  0.7119
   5.6234E+01   1.0000E+02   4.5361E-08  0.6477   0.0000E+00  0.0000   0.0000E+00  0.0000   2.4533E-09  0.5854
   1.0000E+02   1.7783E+02   5.2807E-08  0.6129   0.0000E+00  0.0000   0.0000E+00  0.0000   4.9635E-09  0.6576
   1.7783E+02   3.1623E+02   8.5054E-08  0.6691   0.0000E+00  0.0000   0.0000E+00  0.0000   1.0712E-08  0.8333
   3.1623E+02   5.6234E+02   7.0733E-08  0.8591   0.0000E+00  0.0000   0.0000E+00  0.0000   1.4843E-09  0.7305
   5.6234E+02   1.0000E+03   8.7828E-09  0.6336   0.0000E+00  0.0000   0.0000E+00  0.0000   4.8853E-09  0.7129
   1.0000E+03   1.7783E+03   5.8924E-09  0.6218   0.0000E+00  0.0000   0.0000E+00  0.0000   2.6486E-09  0.6425
   1.7783E+03   3.1623E+03   1.5557E-09  0.5903   0.0000E+00  0.0000   0.0000E+00  0.0000   4.9960E-10  0.6442
   3.1623E+03   5.6234E+03   5.8985E-10  0.7471   0.0000E+00  0.0000   0.0000E+00  0.0000   6.1472E-10  1.0000
   5.6234E+03   1.0000E+04   2.4119E-10  1.0000   0.0000E+00  0.0000   0.0000E+00  0.0000   1.7714E-10  1.0000
   1.0000E+04   1.7783E+04   6.3759E-11  1.0000   0.0000E+00  0.0000   0.0000E+00  0.0000   2.1702E-11  1.0000
   1.7783E+04   3.1623E+04   1.4361E-10  1.0000   0.0000E+00  0.0000   0.0000E+00  0.0000   0.0000E+00  0.0000
   3.1623E+04   5.6234E+04   0.0000E+00  0.0000   0.0000E+00  0.0000   0.0000E+00  0.0000   0.0000E+00  0.0000
   5.6234E+04   1.0000E+05   0.0000E+00  0.0000   0.0000E+00  0.0000   0.0000E+00  0.0000   0.0000E+00  0.0000

#   sum over                 1.7105E-06  0.6064   0.0000E+00  0.0000   0.0000E+00  0.0000   3.4512E-08  0.6795

'no. =  1, (ix,iy,iz) = (  1,  1,  1)'
msuc: {\huge Flux spectra vs depth in concrete}
msdr: {\it plotted by \ANGEL \version}
msdl: {\it calculated by \PHITS  3.36}
wt: s(0.7)
\vspace{-3}
   vol  &=&   2.8800E+07 [cm^3]
  xmin  &=&  -6.0000E+02 [cm]
  xmax  &=&   6.0000E+02 [cm]
  ymin  &=&  -6.0000E+02 [cm]
  ymax  &=&   6.0000E+02 [cm]
  zmin  &=&  -7.0000E+02 [cm]
  zmax  &=&  -6.8000E+02 [cm]
e:

#------------------------------------------------------------------------------
 newpage:
#   no. =  2   ix  =  1   iy  =  1   iz  =  2
#   x = (  -6.0000E+02  -   6.0000E+02  )
#   y = (  -6.0000E+02  -   6.0000E+02  )
#   z = (  -6.8000E+02  -  -6.6000E+02  )

x: Energy [MeV/n]
y: Flux [1/cm^2/source]              
p: xlog ylog afac(0.8) form(0.9)
h: n            x            y(neutron ),hh0l n y(muon-   ),hh0dr n y(muon+   ),hh0ub n y(proton  ),hh0mg n 
#  e-lower      e-upper        neutron   r.err      muon-     r.err      muon+     r.err      proton    r.err 
   1.0000E-10   1.7783E-10   6.6921E-12  0.6622   0.0000E+00  0.0000   0.0000E+00  0.0000   0.0000E+00  0.0000
   1.7783E-10   3.1623E-10   4.0642E-11  0.6672   0.0000E+00  0.0000   0.0000E+00  0.0000   0.0000E+00  0.0000
   3.1623E-10   5.6234E-10   8.7936E-11  0.6076   0.0000E+00  0.0000   0.0000E+00  0.0000   0.0000E+00  0.0000
   5.6234E-10   1.0000E-09   7.9069E-10  0.7014   0.0000E+00  0.0000   0.0000E+00  0.0000   0.0000E+00  0.0000
   1.0000E-09   1.7783E-09   3.1682E-09  0.7056   0.0000E+00  0.0000   0.0000E+00  0.0000   0.0000E+00  0.0000
   1.7783E-09   3.1623E-09   5.7584E-09  0.6253   0.0000E+00  0.0000   0.0000E+00  0.0000   0.0000E+00  0.0000
   3.1623E-09   5.6234E-09   1.6578E-08  0.6350   0.0000E+00  0.0000   0.0000E+00  0.0000   0.0000E+00  0.0000
   5.6234E-09   1.0000E-08   4.1941E-08  0.6252   0.0000E+00  0.0000   0.0000E+00  0.0000   0.0000E+00  0.0000
   1.0000E-08   1.7783E-08   1.0542E-07  0.6269   0.0000E+00  0.0000   0.0000E+00  0.0000   0.0000E+00  0.0000
   1.7783E-08   3.1623E-08   2.1068E-07  0.6176   0.0000E+00  0.0000   0.0000E+00  0.0000   0.0000E+00  0.0000
   3.1623E-08   5.6234E-08   3.0529E-07  0.6126   0.0000E+00  0.0000   0.0000E+00  0.0000   0.0000E+00  0.0000
   5.6234E-08   1.0000E-07   2.6221E-07  0.6087   0.0000E+00  0.0000   0.0000E+00  0.0000   0.0000E+00  0.0000
   1.0000E-07   1.7783E-07   9.4773E-08  0.6193   0.0000E+00  0.0000   0.0000E+00  0.0000   0.0000E+00  0.0000
   1.7783E-07   3.1623E-07   2.5199E-08  0.6497   0.0000E+00  0.0000   0.0000E+00  0.0000   0.0000E+00  0.0000
   3.1623E-07   5.6234E-07   1.6445E-08  0.6556   0.0000E+00  0.0000   0.0000E+00  0.0000   0.0000E+00  0.0000
   5.6234E-07   1.0000E-06   3.8909E-08  0.7375   0.0000E+00  0.0000   0.0000E+00  0.0000   0.0000E+00  0.0000
   1.0000E-06   1.7783E-06   1.5911E-08  0.5879   0.0000E+00  0.0000   0.0000E+00  0.0000   0.0000E+00  0.0000
   1.7783E-06   3.1623E-06   1.4557E-08  0.6237   0.0000E+00  0.0000   0.0000E+00  0.0000   0.0000E+00  0.0000
   3.1623E-06   5.6234E-06   1.4479E-08  0.6645   0.0000E+00  0.0000   0.0000E+00  0.0000   0.0000E+00  0.0000
   5.6234E-06   1.0000E-05   1.4418E-08  0.6223   0.0000E+00  0.0000   0.0000E+00  0.0000   0.0000E+00  0.0000
   1.0000E-05   1.7783E-05   1.2708E-08  0.6342   0.0000E+00  0.0000   0.0000E+00  0.0000   0.0000E+00  0.0000
   1.7783E-05   3.1623E-05   1.3744E-08  0.6319   0.0000E+00  0.0000   0.0000E+00  0.0000   0.0000E+00  0.0000
   3.1623E-05   5.6234E-05   1.4332E-08  0.6492   0.0000E+00  0.0000   0.0000E+00  0.0000   0.0000E+00  0.0000
   5.6234E-05   1.0000E-04   1.5744E-08  0.6662   0.0000E+00  0.0000   0.0000E+00  0.0000   0.0000E+00  0.0000
   1.0000E-04   1.7783E-04   1.4660E-08  0.6532   0.0000E+00  0.0000   0.0000E+00  0.0000   0.0000E+00  0.0000
   1.7783E-04   3.1623E-04   1.7693E-08  0.6959   0.0000E+00  0.0000   0.0000E+00  0.0000   0.0000E+00  0.0000
   3.1623E-04   5.6234E-04   1.2828E-08  0.5965   0.0000E+00  0.0000   0.0000E+00  0.0000   0.0000E+00  0.0000
   5.6234E-04   1.0000E-03   1.5264E-08  0.6347   0.0000E+00  0.0000   0.0000E+00  0.0000   4.6710E-19  0.6457
   1.0000E-03   1.7783E-03   1.4297E-08  0.6127   0.0000E+00  0.0000   0.0000E+00  0.0000   3.0316E-14  0.6215
   1.7783E-03   3.1623E-03   1.2056E-08  0.5892   0.0000E+00  0.0000   0.0000E+00  0.0000   4.8964E-14  0.6215
   3.1623E-03   5.6234E-03   1.4260E-08  0.6235   0.0000E+00  0.0000   0.0000E+00  0.0000   7.3914E-14  0.6215
   5.6234E-03   1.0000E-02   1.3999E-08  0.6096   0.0000E+00  0.0000   0.0000E+00  0.0000   1.0200E-13  0.6215
   1.0000E-02   1.7783E-02   1.4572E-08  0.6277   0.0000E+00  0.0000   0.0000E+00  0.0000   1.3680E-13  0.6215
   1.7783E-02   3.1623E-02   1.4514E-08  0.6222   0.0000E+00  0.0000   0.0000E+00  0.0000   1.9599E-13  0.6215
   3.1623E-02   5.6234E-02   1.8467E-08  0.6901   0.0000E+00  0.0000   0.0000E+00  0.0000   2.9411E-13  0.6215
   5.6234E-02   1.0000E-01   2.0779E-08  0.6316   0.0000E+00  0.0000   0.0000E+00  0.0000   4.8111E-13  0.6215
   1.0000E-01   1.7783E-01   2.6454E-08  0.6285   0.0000E+00  0.0000   0.0000E+00  0.0000   8.8778E-13  0.6215
   1.7783E-01   3.1623E-01   2.9813E-08  0.5771   0.0000E+00  0.0000   0.0000E+00  0.0000   1.8861E-12  0.6215
   3.1623E-01   5.6234E-01   5.2666E-08  0.6310   0.0000E+00  0.0000   0.0000E+00  0.0000   4.4935E-12  0.6215
   5.6234E-01   1.0000E+00   4.6767E-08  0.6238   0.0000E+00  0.0000   0.0000E+00  0.0000   1.1331E-11  0.6215
   1.0000E+00   1.7783E+00   5.3682E-08  0.6518   0.0000E+00  0.0000   0.0000E+00  0.0000   2.8979E-11  0.6220
   1.7783E+00   3.1623E+00   7.4964E-08  0.6513   0.0000E+00  0.0000   0.0000E+00  0.0000   7.3890E-11  0.6255
   3.1623E+00   5.6234E+00   7.7555E-08  0.6260   0.0000E+00  0.0000   0.0000E+00  0.0000   1.5709E-10  0.6131
   5.6234E+00   1.0000E+01   4.1506E-08  0.6259   0.0000E+00  0.0000   0.0000E+00  0.0000   3.4917E-10  0.6141
   1.0000E+01   1.7783E+01   5.6049E-08  0.6352   0.0000E+00  0.0000   0.0000E+00  0.0000   7.8917E-10  0.6223
   1.7783E+01   3.1623E+01   4.8655E-08  0.6541   0.0000E+00  0.0000   0.0000E+00  0.0000   1.3062E-09  0.6033
   3.1623E+01   5.6234E+01   5.7452E-08  0.7257   0.0000E+00  0.0000   0.0000E+00  0.0000   1.9844E-09  0.6295
   5.6234E+01   1.0000E+02   1.5644E-07  0.6981   0.0000E+00  0.0000   0.0000E+00  0.0000   3.1278E-09  0.6182
   1.0000E+02   1.7783E+02   6.5300E-08  0.6083   0.0000E+00  0.0000   0.0000E+00  0.0000   4.3094E-09  0.6161
   1.7783E+02   3.1623E+02   5.3382E-08  0.6457   0.0000E+00  0.0000   0.0000E+00  0.0000   5.3827E-09  0.6132
   3.1623E+02   5.6234E+02   1.1493E-07  0.8947   0.0000E+00  0.0000   0.0000E+00  0.0000   3.8557E-09  0.5526
   5.6234E+02   1.0000E+03   1.0727E-08  0.6573   0.0000E+00  0.0000   0.0000E+00  0.0000   5.2131E-09  0.6709
   1.0000E+03   1.7783E+03   7.4818E-09  0.6312   0.0000E+00  0.0000   0.0000E+00  0.0000   4.4609E-09  0.6589
   1.7783E+03   3.1623E+03   2.0438E-09  0.5898   0.0000E+00  0.0000   0.0000E+00  0.0000   1.3144E-09  0.6393
   3.1623E+03   5.6234E+03   6.2415E-10  0.7269   0.0000E+00  0.0000   0.0000E+00  0.0000   6.9450E-10  1.0000
   5.6234E+03   1.0000E+04   3.7330E-10  1.0000   0.0000E+00  0.0000   0.0000E+00  0.0000   1.8236E-10  1.0000
   1.0000E+04   1.7783E+04   1.8094E-10  1.0000   0.0000E+00  0.0000   0.0000E+00  0.0000   0.0000E+00  0.0000
   1.7783E+04   3.1623E+04   1.8110E-10  1.0000   0.0000E+00  0.0000   0.0000E+00  0.0000   0.0000E+00  0.0000
   3.1623E+04   5.6234E+04   0.0000E+00  0.0000   0.0000E+00  0.0000   0.0000E+00  0.0000   0.0000E+00  0.0000
   5.6234E+04   1.0000E+05   0.0000E+00  0.0000   0.0000E+00  0.0000   0.0000E+00  0.0000   0.0000E+00  0.0000

#   sum over                 2.4038E-06  0.6081   0.0000E+00  0.0000   0.0000E+00  0.0000   3.3250E-08  0.6096

'no. =  2, (ix,iy,iz) = (  1,  1,  2)'
msuc: {\huge Flux spectra vs depth in concrete}
msdr: {\it plotted by \ANGEL \version}
msdl: {\it calculated by \PHITS  3.36}
wt: s(0.7)
\vspace{-3}
   vol  &=&   2.8800E+07 [cm^3]
  xmin  &=&  -6.0000E+02 [cm]
  xmax  &=&   6.0000E+02 [cm]
  ymin  &=&  -6.0000E+02 [cm]
  ymax  &=&   6.0000E+02 [cm]
  zmin  &=&  -6.8000E+02 [cm]
  zmax  &=&  -6.6000E+02 [cm]
e:

#------------------------------------------------------------------------------
 newpage:
#   no. =  3   ix  =  1   iy  =  1   iz  =  3
#   x = (  -6.0000E+02  -   6.0000E+02  )
#   y = (  -6.0000E+02  -   6.0000E+02  )
#   z = (  -6.6000E+02  -  -6.4000E+02  )

x: Energy [MeV/n]
y: Flux [1/cm^2/source]              
p: xlog ylog afac(0.8) form(0.9)
h: n            x            y(neutron ),hh0l n y(muon-   ),hh0dr n y(muon+   ),hh0ub n y(proton  ),hh0mg n 
#  e-lower      e-upper        neutron   r.err      muon-     r.err      muon+     r.err      proton    r.err 
   1.0000E-10   1.7783E-10   7.3461E-12  0.5157   0.0000E+00  0.0000   0.0000E+00  0.0000   0.0000E+00  0.0000
   1.7783E-10   3.1623E-10   7.1392E-11  0.7586   0.0000E+00  0.0000   0.0000E+00  0.0000   0.0000E+00  0.0000
   3.1623E-10   5.6234E-10   1.9695E-10  0.6501   0.0000E+00  0.0000   0.0000E+00  0.0000   0.0000E+00  0.0000
   5.6234E-10   1.0000E-09   5.2030E-10  0.5789   0.0000E+00  0.0000   0.0000E+00  0.0000   0.0000E+00  0.0000
   1.0000E-09   1.7783E-09   1.7916E-09  0.5967   0.0000E+00  0.0000   0.0000E+00  0.0000   0.0000E+00  0.0000
   1.7783E-09   3.1623E-09   6.4547E-09  0.6043   0.0000E+00  0.0000   0.0000E+00  0.0000   0.0000E+00  0.0000
   3.1623E-09   5.6234E-09   2.1245E-08  0.6058   0.0000E+00  0.0000   0.0000E+00  0.0000   0.0000E+00  0.0000
   5.6234E-09   1.0000E-08   7.3941E-08  0.6639   0.0000E+00  0.0000   0.0000E+00  0.0000   0.0000E+00  0.0000
   1.0000E-08   1.7783E-08   1.3159E-07  0.6056   0.0000E+00  0.0000   0.0000E+00  0.0000   0.0000E+00  0.0000
   1.7783E-08   3.1623E-08   2.7847E-07  0.6075   0.0000E+00  0.0000   0.0000E+00  0.0000   0.0000E+00  0.0000
   3.1623E-08   5.6234E-08   4.1618E-07  0.6066   0.0000E+00  0.0000   0.0000E+00  0.0000   0.0000E+00  0.0000
   5.6234E-08   1.0000E-07   3.9008E-07  0.6100   0.0000E+00  0.0000   0.0000E+00  0.0000   0.0000E+00  0.0000
   1.0000E-07   1.7783E-07   1.5471E-07  0.6094   0.0000E+00  0.0000   0.0000E+00  0.0000   0.0000E+00  0.0000
   1.7783E-07   3.1623E-07   3.4969E-08  0.6156   0.0000E+00  0.0000   0.0000E+00  0.0000   0.0000E+00  0.0000
   3.1623E-07   5.6234E-07   1.8173E-08  0.6346   0.0000E+00  0.0000   0.0000E+00  0.0000   0.0000E+00  0.0000
   5.6234E-07   1.0000E-06   3.0772E-08  0.6838   0.0000E+00  0.0000   0.0000E+00  0.0000   0.0000E+00  0.0000
   1.0000E-06   1.7783E-06   3.2953E-08  0.6787   0.0000E+00  0.0000   0.0000E+00  0.0000   0.0000E+00  0.0000
   1.7783E-06   3.1623E-06   1.6897E-08  0.5907   0.0000E+00  0.0000   0.0000E+00  0.0000   0.0000E+00  0.0000
   3.1623E-06   5.6234E-06   3.8509E-08  0.6806   0.0000E+00  0.0000   0.0000E+00  0.0000   0.0000E+00  0.0000
   5.6234E-06   1.0000E-05   2.3612E-08  0.6452   0.0000E+00  0.0000   0.0000E+00  0.0000   0.0000E+00  0.0000
   1.0000E-05   1.7783E-05   1.8476E-08  0.6380   0.0000E+00  0.0000   0.0000E+00  0.0000   0.0000E+00  0.0000
   1.7783E-05   3.1623E-05   2.3617E-08  0.5955   0.0000E+00  0.0000   0.0000E+00  0.0000   0.0000E+00  0.0000
   3.1623E-05   5.6234E-05   3.2866E-08  0.6360   0.0000E+00  0.0000   0.0000E+00  0.0000   0.0000E+00  0.0000
   5.6234E-05   1.0000E-04   3.0692E-08  0.6385   0.0000E+00  0.0000   0.0000E+00  0.0000   0.0000E+00  0.0000
   1.0000E-04   1.7783E-04   1.7950E-08  0.6316   0.0000E+00  0.0000   0.0000E+00  0.0000   0.0000E+00  0.0000
   1.7783E-04   3.1623E-04   1.7687E-08  0.5834   0.0000E+00  0.0000   0.0000E+00  0.0000   0.0000E+00  0.0000
   3.1623E-04   5.6234E-04   1.5601E-08  0.5676   0.0000E+00  0.0000   0.0000E+00  0.0000   0.0000E+00  0.0000
   5.6234E-04   1.0000E-03   1.7782E-08  0.6402   0.0000E+00  0.0000   0.0000E+00  0.0000   5.1529E-19  0.5900
   1.0000E-03   1.7783E-03   1.9895E-08  0.6519   0.0000E+00  0.0000   0.0000E+00  0.0000   3.6165E-14  0.6093
   1.7783E-03   3.1623E-03   3.9996E-08  0.6918   0.0000E+00  0.0000   0.0000E+00  0.0000   5.8404E-14  0.6093
   3.1623E-03   5.6234E-03   5.1284E-08  0.7197   0.0000E+00  0.0000   0.0000E+00  0.0000   8.8164E-14  0.6093
   5.6234E-03   1.0000E-02   1.8517E-08  0.6043   0.0000E+00  0.0000   0.0000E+00  0.0000   1.2166E-13  0.6093
   1.0000E-02   1.7783E-02   3.4028E-08  0.6393   0.0000E+00  0.0000   0.0000E+00  0.0000   1.6318E-13  0.6093
   1.7783E-02   3.1623E-02   2.1505E-08  0.6561   0.0000E+00  0.0000   0.0000E+00  0.0000   2.3378E-13  0.6093
   3.1623E-02   5.6234E-02   4.8821E-08  0.6775   0.0000E+00  0.0000   0.0000E+00  0.0000   3.5081E-13  0.6093
   5.6234E-02   1.0000E-01   4.1320E-08  0.6168   0.0000E+00  0.0000   0.0000E+00  0.0000   5.7377E-13  0.6092
   1.0000E-01   1.7783E-01   8.0089E-08  0.6898   0.0000E+00  0.0000   0.0000E+00  0.0000   1.0582E-12  0.6092
   1.7783E-01   3.1623E-01   4.1862E-08  0.6142   0.0000E+00  0.0000   0.0000E+00  0.0000   2.2475E-12  0.6091
   3.1623E-01   5.6234E-01   5.2616E-08  0.6482   0.0000E+00  0.0000   0.0000E+00  0.0000   5.3522E-12  0.6093
   5.6234E-01   1.0000E+00   7.0992E-08  0.6547   0.0000E+00  0.0000   0.0000E+00  0.0000   1.3482E-11  0.6099
   1.0000E+00   1.7783E+00   7.3752E-08  0.6898   0.0000E+00  0.0000   0.0000E+00  0.0000   3.4494E-11  0.6101
   1.7783E+00   3.1623E+00   9.5480E-08  0.6372   0.0000E+00  0.0000   0.0000E+00  0.0000   8.6091E-11  0.6143
   3.1623E+00   5.6234E+00   6.9485E-08  0.6448   0.0000E+00  0.0000   0.0000E+00  0.0000   2.0737E-10  0.6272
   5.6234E+00   1.0000E+01   5.2231E-08  0.6602   0.0000E+00  0.0000   0.0000E+00  0.0000   4.8587E-10  0.6466
   1.0000E+01   1.7783E+01   5.8463E-08  0.6237   0.0000E+00  0.0000   0.0000E+00  0.0000   1.1880E-09  0.6679
   1.7783E+01   3.1623E+01   4.3901E-08  0.6546   0.0000E+00  0.0000   0.0000E+00  0.0000   2.9504E-09  0.6928
   3.1623E+01   5.6234E+01   6.5978E-08  0.6664   0.0000E+00  0.0000   0.0000E+00  0.0000   7.1713E-09  0.7413
   5.6234E+01   1.0000E+02   2.9321E-07  0.7669   0.0000E+00  0.0000   0.0000E+00  0.0000   1.6602E-08  0.8159
   1.0000E+02   1.7783E+02   1.1336E-07  0.6376   0.0000E+00  0.0000   0.0000E+00  0.0000   1.1086E-08  0.6675
   1.7783E+02   3.1623E+02   7.2023E-08  0.6573   0.0000E+00  0.0000   0.0000E+00  0.0000   8.3383E-09  0.6105
   3.1623E+02   5.6234E+02   1.2083E-07  0.8602   0.0000E+00  0.0000   0.0000E+00  0.0000   5.5274E-09  0.5232
   5.6234E+02   1.0000E+03   1.7082E-08  0.6540   0.0000E+00  0.0000   0.0000E+00  0.0000   4.5473E-09  0.6623
   1.0000E+03   1.7783E+03   1.0039E-08  0.6330   0.0000E+00  0.0000   0.0000E+00  0.0000   5.7223E-09  0.6216
   1.7783E+03   3.1623E+03   2.3569E-09  0.5966   0.0000E+00  0.0000   0.0000E+00  0.0000   1.9792E-09  0.6516
   3.1623E+03   5.6234E+03   7.5217E-10  0.7099   0.0000E+00  0.0000   0.0000E+00  0.0000   7.7315E-10  1.0000
   5.6234E+03   1.0000E+04   5.0095E-10  1.0000   0.0000E+00  0.0000   0.0000E+00  0.0000   2.8378E-10  1.0000
   1.0000E+04   1.7783E+04   1.8093E-10  1.0000   0.0000E+00  0.0000   0.0000E+00  0.0000   7.8184E-11  1.0000
   1.7783E+04   3.1623E+04   1.5485E-10  1.0000   0.0000E+00  0.0000   0.0000E+00  0.0000   0.0000E+00  0.0000
   3.1623E+04   5.6234E+04   2.6342E-11  1.0000   0.0000E+00  0.0000   0.0000E+00  0.0000   0.0000E+00  0.0000
   5.6234E+04   1.0000E+05   0.0000E+00  0.0000   0.0000E+00  0.0000   0.0000E+00  0.0000   0.0000E+00  0.0000

#   sum over                 3.4566E-06  0.6096   0.0000E+00  0.0000   0.0000E+00  0.0000   6.7085E-08  0.6618

'no. =  3, (ix,iy,iz) = (  1,  1,  3)'
msuc: {\huge Flux spectra vs depth in concrete}
msdr: {\it plotted by \ANGEL \version}
msdl: {\it calculated by \PHITS  3.36}
wt: s(0.7)
\vspace{-3}
   vol  &=&   2.8800E+07 [cm^3]
  xmin  &=&  -6.0000E+02 [cm]
  xmax  &=&   6.0000E+02 [cm]
  ymin  &=&  -6.0000E+02 [cm]
  ymax  &=&   6.0000E+02 [cm]
  zmin  &=&  -6.6000E+02 [cm]
  zmax  &=&  -6.4000E+02 [cm]
e:

#------------------------------------------------------------------------------
 newpage:
#   no. =  4   ix  =  1   iy  =  1   iz  =  4
#   x = (  -6.0000E+02  -   6.0000E+02  )
#   y = (  -6.0000E+02  -   6.0000E+02  )
#   z = (  -6.4000E+02  -  -6.2000E+02  )

x: Energy [MeV/n]
y: Flux [1/cm^2/source]              
p: xlog ylog afac(0.8) form(0.9)
h: n            x            y(neutron ),hh0l n y(muon-   ),hh0dr n y(muon+   ),hh0ub n y(proton  ),hh0mg n 
#  e-lower      e-upper        neutron   r.err      muon-     r.err      muon+     r.err      proton    r.err 
   1.0000E-10   1.7783E-10   5.7426E-11  0.8217   0.0000E+00  0.0000   0.0000E+00  0.0000   0.0000E+00  0.0000
   1.7783E-10   3.1623E-10   3.4375E-11  0.6165   0.0000E+00  0.0000   0.0000E+00  0.0000   0.0000E+00  0.0000
   3.1623E-10   5.6234E-10   2.7869E-10  0.6392   0.0000E+00  0.0000   0.0000E+00  0.0000   0.0000E+00  0.0000
   5.6234E-10   1.0000E-09   1.3143E-09  0.6439   0.0000E+00  0.0000   0.0000E+00  0.0000   0.0000E+00  0.0000
   1.0000E-09   1.7783E-09   2.6924E-09  0.6148   0.0000E+00  0.0000   0.0000E+00  0.0000   0.0000E+00  0.0000
   1.7783E-09   3.1623E-09   1.0436E-08  0.6578   0.0000E+00  0.0000   0.0000E+00  0.0000   0.0000E+00  0.0000
   3.1623E-09   5.6234E-09   2.3160E-08  0.6073   0.0000E+00  0.0000   0.0000E+00  0.0000   0.0000E+00  0.0000
   5.6234E-09   1.0000E-08   7.3589E-08  0.6155   0.0000E+00  0.0000   0.0000E+00  0.0000   0.0000E+00  0.0000
   1.0000E-08   1.7783E-08   1.7601E-07  0.6150   0.0000E+00  0.0000   0.0000E+00  0.0000   0.0000E+00  0.0000
   1.7783E-08   3.1623E-08   4.3409E-07  0.6367   0.0000E+00  0.0000   0.0000E+00  0.0000   0.0000E+00  0.0000
   3.1623E-08   5.6234E-08   6.4743E-07  0.6321   0.0000E+00  0.0000   0.0000E+00  0.0000   0.0000E+00  0.0000
   5.6234E-08   1.0000E-07   7.6270E-07  0.6761   0.0000E+00  0.0000   0.0000E+00  0.0000   0.0000E+00  0.0000
   1.0000E-07   1.7783E-07   2.8538E-07  0.6551   0.0000E+00  0.0000   0.0000E+00  0.0000   0.0000E+00  0.0000
   1.7783E-07   3.1623E-07   8.3701E-08  0.6815   0.0000E+00  0.0000   0.0000E+00  0.0000   0.0000E+00  0.0000
   3.1623E-07   5.6234E-07   3.3309E-08  0.6129   0.0000E+00  0.0000   0.0000E+00  0.0000   0.0000E+00  0.0000
   5.6234E-07   1.0000E-06   4.2854E-08  0.6383   0.0000E+00  0.0000   0.0000E+00  0.0000   0.0000E+00  0.0000
   1.0000E-06   1.7783E-06   7.2263E-08  0.7361   0.0000E+00  0.0000   0.0000E+00  0.0000   0.0000E+00  0.0000
   1.7783E-06   3.1623E-06   9.1495E-08  0.8105   0.0000E+00  0.0000   0.0000E+00  0.0000   0.0000E+00  0.0000
   3.1623E-06   5.6234E-06   2.5547E-08  0.6386   0.0000E+00  0.0000   0.0000E+00  0.0000   0.0000E+00  0.0000
   5.6234E-06   1.0000E-05   8.7090E-08  0.8033   0.0000E+00  0.0000   0.0000E+00  0.0000   0.0000E+00  0.0000
   1.0000E-05   1.7783E-05   2.5709E-08  0.6509   0.0000E+00  0.0000   0.0000E+00  0.0000   0.0000E+00  0.0000
   1.7783E-05   3.1623E-05   2.3880E-08  0.6074   0.0000E+00  0.0000   0.0000E+00  0.0000   0.0000E+00  0.0000
   3.1623E-05   5.6234E-05   6.2067E-08  0.7521   0.0000E+00  0.0000   0.0000E+00  0.0000   0.0000E+00  0.0000
   5.6234E-05   1.0000E-04   4.1616E-08  0.6383   0.0000E+00  0.0000   0.0000E+00  0.0000   0.0000E+00  0.0000
   1.0000E-04   1.7783E-04   2.7760E-08  0.6685   0.0000E+00  0.0000   0.0000E+00  0.0000   0.0000E+00  0.0000
   1.7783E-04   3.1623E-04   2.6146E-08  0.6277   0.0000E+00  0.0000   0.0000E+00  0.0000   0.0000E+00  0.0000
   3.1623E-04   5.6234E-04   8.2173E-08  0.7875   0.0000E+00  0.0000   0.0000E+00  0.0000   0.0000E+00  0.0000
   5.6234E-04   1.0000E-03   1.1149E-07  0.8644   0.0000E+00  0.0000   0.0000E+00  0.0000   1.7007E-18  0.6996
   1.0000E-03   1.7783E-03   4.7573E-08  0.6390   0.0000E+00  0.0000   0.0000E+00  0.0000   8.4466E-14  0.7229
   1.7783E-03   3.1623E-03   3.4022E-08  0.6202   0.0000E+00  0.0000   0.0000E+00  0.0000   1.3641E-13  0.7229
   3.1623E-03   5.6234E-03   8.4048E-08  0.7767   0.0000E+00  0.0000   0.0000E+00  0.0000   2.0592E-13  0.7229
   5.6234E-03   1.0000E-02   6.9489E-08  0.7317   0.0000E+00  0.0000   0.0000E+00  0.0000   2.8416E-13  0.7229
   1.0000E-02   1.7783E-02   6.3616E-08  0.7540   0.0000E+00  0.0000   0.0000E+00  0.0000   3.8113E-13  0.7229
   1.7783E-02   3.1623E-02   1.6419E-07  0.8727   0.0000E+00  0.0000   0.0000E+00  0.0000   5.4602E-13  0.7229
   3.1623E-02   5.6234E-02   1.1539E-07  0.8040   0.0000E+00  0.0000   0.0000E+00  0.0000   8.1937E-13  0.7229
   5.6234E-02   1.0000E-01   4.7160E-08  0.6259   0.0000E+00  0.0000   0.0000E+00  0.0000   1.3404E-12  0.7229
   1.0000E-01   1.7783E-01   9.3867E-08  0.7104   0.0000E+00  0.0000   0.0000E+00  0.0000   2.4729E-12  0.7228
   1.7783E-01   3.1623E-01   8.2260E-08  0.6156   0.0000E+00  0.0000   0.0000E+00  0.0000   5.2528E-12  0.7229
   3.1623E-01   5.6234E-01   5.1769E-08  0.5947   0.0000E+00  0.0000   0.0000E+00  0.0000   1.2512E-11  0.7230
   5.6234E-01   1.0000E+00   2.3237E-07  0.7597   0.0000E+00  0.0000   0.0000E+00  0.0000   3.1541E-11  0.7233
   1.0000E+00   1.7783E+00   1.3269E-07  0.6134   0.0000E+00  0.0000   0.0000E+00  0.0000   8.0712E-11  0.7259
   1.7783E+00   3.1623E+00   1.6216E-07  0.5966   0.0000E+00  0.0000   0.0000E+00  0.0000   2.0731E-10  0.7342
   3.1623E+00   5.6234E+00   1.2640E-07  0.5999   0.0000E+00  0.0000   0.0000E+00  0.0000   5.2924E-10  0.7534
   5.6234E+00   1.0000E+01   8.0987E-08  0.7049   0.0000E+00  0.0000   0.0000E+00  0.0000   1.2924E-09  0.7677
   1.0000E+01   1.7783E+01   7.3155E-08  0.6080   0.0000E+00  0.0000   0.0000E+00  0.0000   3.0279E-09  0.7866
   1.7783E+01   3.1623E+01   1.1772E-07  0.6408   0.0000E+00  0.0000   0.0000E+00  0.0000   6.6841E-09  0.8028
   3.1623E+01   5.6234E+01   9.2862E-08  0.6829   0.0000E+00  0.0000   0.0000E+00  0.0000   1.2272E-08  0.7875
   5.6234E+01   1.0000E+02   1.7932E-07  0.6139   0.0000E+00  0.0000   0.0000E+00  0.0000   1.8212E-08  0.7530
   1.0000E+02   1.7783E+02   6.9336E-07  0.8491   0.0000E+00  0.0000   0.0000E+00  0.0000   3.9721E-08  0.8730
   1.7783E+02   3.1623E+02   8.9045E-08  0.6667   0.0000E+00  0.0000   0.0000E+00  0.0000   9.4211E-09  0.5815
   3.1623E+02   5.6234E+02   1.4258E-07  0.8082   0.0000E+00  0.0000   0.0000E+00  0.0000   7.1203E-09  0.6016
   5.6234E+02   1.0000E+03   2.3577E-08  0.6269   0.0000E+00  0.0000   0.0000E+00  0.0000   8.5231E-09  0.6378
   1.0000E+03   1.7783E+03   1.3063E-08  0.6316   0.0000E+00  0.0000   0.0000E+00  0.0000   7.1707E-09  0.6449
   1.7783E+03   3.1623E+03   3.7841E-09  0.5889   0.0000E+00  0.0000   0.0000E+00  0.0000   3.3073E-09  0.7246
   3.1623E+03   5.6234E+03   9.7207E-10  0.7184   0.0000E+00  0.0000   0.0000E+00  0.0000   8.9473E-10  0.9797
   5.6234E+03   1.0000E+04   5.4634E-10  1.0000   0.0000E+00  0.0000   0.0000E+00  0.0000   3.6344E-10  1.0000
   1.0000E+04   1.7783E+04   3.1297E-10  1.0000   0.0000E+00  0.0000   0.0000E+00  0.0000   4.4146E-11  1.0000
   1.7783E+04   3.1623E+04   0.0000E+00  0.0000   0.0000E+00  0.0000   0.0000E+00  0.0000   3.9702E-11  1.0000
   3.1623E+04   5.6234E+04   1.8137E-10  1.0000   0.0000E+00  0.0000   0.0000E+00  0.0000   1.3743E-10  1.0000
   5.6234E+04   1.0000E+05   0.0000E+00  0.0000   0.0000E+00  0.0000   0.0000E+00  0.0000   0.0000E+00  0.0000

#   sum over                 6.2728E-06  0.6658   0.0000E+00  0.0000   0.0000E+00  0.0000   1.1910E-07  0.7396

'no. =  4, (ix,iy,iz) = (  1,  1,  4)'
msuc: {\huge Flux spectra vs depth in concrete}
msdr: {\it plotted by \ANGEL \version}
msdl: {\it calculated by \PHITS  3.36}
wt: s(0.7)
\vspace{-3}
   vol  &=&   2.8800E+07 [cm^3]
  xmin  &=&  -6.0000E+02 [cm]
  xmax  &=&   6.0000E+02 [cm]
  ymin  &=&  -6.0000E+02 [cm]
  ymax  &=&   6.0000E+02 [cm]
  zmin  &=&  -6.4000E+02 [cm]
  zmax  &=&  -6.2000E+02 [cm]
e:

#------------------------------------------------------------------------------
 newpage:
#   no. =  5   ix  =  1   iy  =  1   iz  =  5
#   x = (  -6.0000E+02  -   6.0000E+02  )
#   y = (  -6.0000E+02  -   6.0000E+02  )
#   z = (  -6.2000E+02  -  -6.0000E+02  )

x: Energy [MeV/n]
y: Flux [1/cm^2/source]              
p: xlog ylog afac(0.8) form(0.9)
h: n            x            y(neutron ),hh0l n y(muon-   ),hh0dr n y(muon+   ),hh0ub n y(proton  ),hh0mg n 
#  e-lower      e-upper        neutron   r.err      muon-     r.err      muon+     r.err      proton    r.err 
   1.0000E-10   1.7783E-10   1.7111E-11  0.6303   0.0000E+00  0.0000   0.0000E+00  0.0000   0.0000E+00  0.0000
   1.7783E-10   3.1623E-10   1.7392E-10  0.7869   0.0000E+00  0.0000   0.0000E+00  0.0000   0.0000E+00  0.0000
   3.1623E-10   5.6234E-10   8.9356E-10  0.7139   0.0000E+00  0.0000   0.0000E+00  0.0000   0.0000E+00  0.0000
   5.6234E-10   1.0000E-09   1.6378E-09  0.6964   0.0000E+00  0.0000   0.0000E+00  0.0000   0.0000E+00  0.0000
   1.0000E-09   1.7783E-09   1.0480E-08  0.7742   0.0000E+00  0.0000   0.0000E+00  0.0000   0.0000E+00  0.0000
   1.7783E-09   3.1623E-09   2.2415E-08  0.7337   0.0000E+00  0.0000   0.0000E+00  0.0000   0.0000E+00  0.0000
   3.1623E-09   5.6234E-09   8.6787E-08  0.7890   0.0000E+00  0.0000   0.0000E+00  0.0000   0.0000E+00  0.0000
   5.6234E-09   1.0000E-08   1.9618E-07  0.7436   0.0000E+00  0.0000   0.0000E+00  0.0000   0.0000E+00  0.0000
   1.0000E-08   1.7783E-08   4.2420E-07  0.7110   0.0000E+00  0.0000   0.0000E+00  0.0000   0.0000E+00  0.0000
   1.7783E-08   3.1623E-08   1.1077E-06  0.7565   0.0000E+00  0.0000   0.0000E+00  0.0000   0.0000E+00  0.0000
   3.1623E-08   5.6234E-08   1.7233E-06  0.7601   0.0000E+00  0.0000   0.0000E+00  0.0000   0.0000E+00  0.0000
   5.6234E-08   1.0000E-07   1.1923E-06  0.7034   0.0000E+00  0.0000   0.0000E+00  0.0000   0.0000E+00  0.0000
   1.0000E-07   1.7783E-07   4.5241E-07  0.6790   0.0000E+00  0.0000   0.0000E+00  0.0000   0.0000E+00  0.0000
   1.7783E-07   3.1623E-07   1.1016E-07  0.7003   0.0000E+00  0.0000   0.0000E+00  0.0000   0.0000E+00  0.0000
   3.1623E-07   5.6234E-07   5.8145E-08  0.6429   0.0000E+00  0.0000   0.0000E+00  0.0000   0.0000E+00  0.0000
   5.6234E-07   1.0000E-06   9.0339E-08  0.7144   0.0000E+00  0.0000   0.0000E+00  0.0000   0.0000E+00  0.0000
   1.0000E-06   1.7783E-06   3.4873E-08  0.6151   0.0000E+00  0.0000   0.0000E+00  0.0000   0.0000E+00  0.0000
   1.7783E-06   3.1623E-06   6.3750E-08  0.6464   0.0000E+00  0.0000   0.0000E+00  0.0000   0.0000E+00  0.0000
   3.1623E-06   5.6234E-06   3.9209E-08  0.6416   0.0000E+00  0.0000   0.0000E+00  0.0000   0.0000E+00  0.0000
   5.6234E-06   1.0000E-05   9.3148E-08  0.7320   0.0000E+00  0.0000   0.0000E+00  0.0000   0.0000E+00  0.0000
   1.0000E-05   1.7783E-05   1.1318E-07  0.8085   0.0000E+00  0.0000   0.0000E+00  0.0000   0.0000E+00  0.0000
   1.7783E-05   3.1623E-05   1.0138E-07  0.8048   0.0000E+00  0.0000   0.0000E+00  0.0000   0.0000E+00  0.0000
   3.1623E-05   5.6234E-05   8.7048E-08  0.7662   0.0000E+00  0.0000   0.0000E+00  0.0000   0.0000E+00  0.0000
   5.6234E-05   1.0000E-04   5.6733E-08  0.6683   0.0000E+00  0.0000   0.0000E+00  0.0000   0.0000E+00  0.0000
   1.0000E-04   1.7783E-04   5.6340E-08  0.6736   0.0000E+00  0.0000   0.0000E+00  0.0000   0.0000E+00  0.0000
   1.7783E-04   3.1623E-04   5.3733E-08  0.6585   0.0000E+00  0.0000   0.0000E+00  0.0000   0.0000E+00  0.0000
   3.1623E-04   5.6234E-04   8.4561E-08  0.7343   0.0000E+00  0.0000   0.0000E+00  0.0000   0.0000E+00  0.0000
   5.6234E-04   1.0000E-03   8.8006E-08  0.7508   0.0000E+00  0.0000   0.0000E+00  0.0000   2.1319E-18  0.6485
   1.0000E-03   1.7783E-03   9.3459E-08  0.7645   0.0000E+00  0.0000   0.0000E+00  0.0000   9.4633E-14  0.6515
   1.7783E-03   3.1623E-03   7.2853E-08  0.7252   0.0000E+00  0.0000   0.0000E+00  0.0000   1.5283E-13  0.6515
   3.1623E-03   5.6234E-03   4.2393E-08  0.6178   0.0000E+00  0.0000   0.0000E+00  0.0000   2.3071E-13  0.6515
   5.6234E-03   1.0000E-02   4.4896E-08  0.6161   0.0000E+00  0.0000   0.0000E+00  0.0000   3.1836E-13  0.6515
   1.0000E-02   1.7783E-02   1.0141E-07  0.7668   0.0000E+00  0.0000   0.0000E+00  0.0000   4.2701E-13  0.6515
   1.7783E-02   3.1623E-02   6.3808E-08  0.6434   0.0000E+00  0.0000   0.0000E+00  0.0000   6.1175E-13  0.6515
   3.1623E-02   5.6234E-02   9.1598E-08  0.7006   0.0000E+00  0.0000   0.0000E+00  0.0000   9.1801E-13  0.6515
   5.6234E-02   1.0000E-01   1.0548E-07  0.6704   0.0000E+00  0.0000   0.0000E+00  0.0000   1.5017E-12  0.6515
   1.0000E-01   1.7783E-01   1.0323E-07  0.6371   0.0000E+00  0.0000   0.0000E+00  0.0000   2.7711E-12  0.6515
   1.7783E-01   3.1623E-01   1.4620E-07  0.7023   0.0000E+00  0.0000   0.0000E+00  0.0000   5.8873E-12  0.6515
   3.1623E-01   5.6234E-01   1.6043E-07  0.6613   0.0000E+00  0.0000   0.0000E+00  0.0000   1.4026E-11  0.6515
   5.6234E-01   1.0000E+00   2.0537E-07  0.6294   0.0000E+00  0.0000   0.0000E+00  0.0000   3.5298E-11  0.6517
   1.0000E+00   1.7783E+00   2.0196E-07  0.6248   0.0000E+00  0.0000   0.0000E+00  0.0000   9.0470E-11  0.6523
   1.7783E+00   3.1623E+00   4.5775E-07  0.7287   0.0000E+00  0.0000   0.0000E+00  0.0000   2.2941E-10  0.6564
   3.1623E+00   5.6234E+00   3.4832E-07  0.7008   0.0000E+00  0.0000   0.0000E+00  0.0000   5.5733E-10  0.6687
   5.6234E+00   1.0000E+01   1.1014E-07  0.6287   0.0000E+00  0.0000   0.0000E+00  0.0000   1.1057E-09  0.6480
   1.0000E+01   1.7783E+01   7.5688E-08  0.6687   0.0000E+00  0.0000   0.0000E+00  0.0000   2.5045E-09  0.6467
   1.7783E+01   3.1623E+01   1.0451E-07  0.6960   0.0000E+00  0.0000   0.0000E+00  0.0000   6.0382E-09  0.6681
   3.1623E+01   5.6234E+01   1.1528E-07  0.5790   0.0000E+00  0.0000   0.0000E+00  0.0000   1.7929E-08  0.7541
   5.6234E+01   1.0000E+02   1.4756E-07  0.6180   0.0000E+00  0.0000   0.0000E+00  0.0000   3.5637E-08  0.8009
   1.0000E+02   1.7783E+02   5.4013E-07  0.7350   0.0000E+00  0.0000   0.0000E+00  0.0000   5.5259E-08  0.8184
   1.7783E+02   3.1623E+02   1.2925E-07  0.6832   0.0000E+00  0.0000   0.0000E+00  0.0000   1.0987E-07  0.9311
   3.1623E+02   5.6234E+02   2.4712E-07  0.8191   0.0000E+00  0.0000   0.0000E+00  0.0000   2.6358E-08  0.8001
   5.6234E+02   1.0000E+03   3.6819E-08  0.6467   0.0000E+00  0.0000   0.0000E+00  0.0000   1.1970E-08  0.6395
   1.0000E+03   1.7783E+03   1.6083E-08  0.6232   0.0000E+00  0.0000   0.0000E+00  0.0000   1.0394E-08  0.6409
   1.7783E+03   3.1623E+03   5.6342E-09  0.5856   0.0000E+00  0.0000   0.0000E+00  0.0000   4.6537E-09  0.6968
   3.1623E+03   5.6234E+03   2.0651E-09  0.7138   0.0000E+00  0.0000   0.0000E+00  0.0000   4.9846E-10  0.7217
   5.6234E+03   1.0000E+04   7.4513E-10  1.0000   0.0000E+00  0.0000   0.0000E+00  0.0000   1.4053E-10  1.0000
   1.0000E+04   1.7783E+04   6.3413E-10  1.0000   0.0000E+00  0.0000   0.0000E+00  0.0000   0.0000E+00  0.0000
   1.7783E+04   3.1623E+04   0.0000E+00  0.0000   0.0000E+00  0.0000   0.0000E+00  0.0000   2.1080E-10  1.0000
   3.1623E+04   5.6234E+04   1.5637E-10  1.0000   0.0000E+00  0.0000   0.0000E+00  0.0000   4.2947E-10  1.0000
   5.6234E+04   1.0000E+05   0.0000E+00  0.0000   0.0000E+00  0.0000   0.0000E+00  0.0000   0.0000E+00  0.0000

#   sum over                 1.0120E-05  0.6965   0.0000E+00  0.0000   0.0000E+00  0.0000   2.8394E-07  0.8159

'no. =  5, (ix,iy,iz) = (  1,  1,  5)'
msuc: {\huge Flux spectra vs depth in concrete}
msdr: {\it plotted by \ANGEL \version}
msdl: {\it calculated by \PHITS  3.36}
wt: s(0.7)
\vspace{-3}
   vol  &=&   2.8800E+07 [cm^3]
  xmin  &=&  -6.0000E+02 [cm]
  xmax  &=&   6.0000E+02 [cm]
  ymin  &=&  -6.0000E+02 [cm]
  ymax  &=&   6.0000E+02 [cm]
  zmin  &=&  -6.2000E+02 [cm]
  zmax  &=&  -6.0000E+02 [cm]
e:

#------------------------------------------------------------------------------
 newpage:
#   no. =  6   ix  =  1   iy  =  1   iz  =  6
#   x = (  -6.0000E+02  -   6.0000E+02  )
#   y = (  -6.0000E+02  -   6.0000E+02  )
#   z = (  -6.0000E+02  -  -5.8000E+02  )

x: Energy [MeV/n]
y: Flux [1/cm^2/source]              
p: xlog ylog afac(0.8) form(0.9)
h: n            x            y(neutron ),hh0l n y(muon-   ),hh0dr n y(muon+   ),hh0ub n y(proton  ),hh0mg n 
#  e-lower      e-upper        neutron   r.err      muon-     r.err      muon+     r.err      proton    r.err 
   1.0000E-10   1.7783E-10   3.3527E-11  0.5901   0.0000E+00  0.0000   0.0000E+00  0.0000   0.0000E+00  0.0000
   1.7783E-10   3.1623E-10   1.2671E-10  0.6197   0.0000E+00  0.0000   0.0000E+00  0.0000   0.0000E+00  0.0000
   3.1623E-10   5.6234E-10   7.1120E-10  0.6706   0.0000E+00  0.0000   0.0000E+00  0.0000   0.0000E+00  0.0000
   5.6234E-10   1.0000E-09   4.2395E-09  0.8038   0.0000E+00  0.0000   0.0000E+00  0.0000   0.0000E+00  0.0000
   1.0000E-09   1.7783E-09   6.8152E-09  0.7166   0.0000E+00  0.0000   0.0000E+00  0.0000   0.0000E+00  0.0000
   1.7783E-09   3.1623E-09   2.2068E-08  0.6616   0.0000E+00  0.0000   0.0000E+00  0.0000   0.0000E+00  0.0000
   3.1623E-09   5.6234E-09   5.7133E-08  0.6320   0.0000E+00  0.0000   0.0000E+00  0.0000   0.0000E+00  0.0000
   5.6234E-09   1.0000E-08   2.0962E-07  0.6788   0.0000E+00  0.0000   0.0000E+00  0.0000   0.0000E+00  0.0000
   1.0000E-08   1.7783E-08   5.3988E-07  0.7005   0.0000E+00  0.0000   0.0000E+00  0.0000   0.0000E+00  0.0000
   1.7783E-08   3.1623E-08   1.1659E-06  0.7085   0.0000E+00  0.0000   0.0000E+00  0.0000   0.0000E+00  0.0000
   3.1623E-08   5.6234E-08   1.4980E-06  0.6639   0.0000E+00  0.0000   0.0000E+00  0.0000   0.0000E+00  0.0000
   5.6234E-08   1.0000E-07   1.8514E-06  0.7296   0.0000E+00  0.0000   0.0000E+00  0.0000   0.0000E+00  0.0000
   1.0000E-07   1.7783E-07   8.9863E-07  0.7546   0.0000E+00  0.0000   0.0000E+00  0.0000   0.0000E+00  0.0000
   1.7783E-07   3.1623E-07   1.1406E-07  0.6071   0.0000E+00  0.0000   0.0000E+00  0.0000   0.0000E+00  0.0000
   3.1623E-07   5.6234E-07   8.0783E-08  0.6414   0.0000E+00  0.0000   0.0000E+00  0.0000   0.0000E+00  0.0000
   5.6234E-07   1.0000E-06   1.1446E-07  0.7060   0.0000E+00  0.0000   0.0000E+00  0.0000   0.0000E+00  0.0000
   1.0000E-06   1.7783E-06   8.8983E-08  0.6595   0.0000E+00  0.0000   0.0000E+00  0.0000   0.0000E+00  0.0000
   1.7783E-06   3.1623E-06   4.2309E-08  0.5735   0.0000E+00  0.0000   0.0000E+00  0.0000   0.0000E+00  0.0000
   3.1623E-06   5.6234E-06   4.5387E-08  0.6572   0.0000E+00  0.0000   0.0000E+00  0.0000   0.0000E+00  0.0000
   5.6234E-06   1.0000E-05   5.0876E-08  0.5942   0.0000E+00  0.0000   0.0000E+00  0.0000   0.0000E+00  0.0000
   1.0000E-05   1.7783E-05   1.0581E-07  0.7354   0.0000E+00  0.0000   0.0000E+00  0.0000   0.0000E+00  0.0000
   1.7783E-05   3.1623E-05   2.1792E-07  0.8518   0.0000E+00  0.0000   0.0000E+00  0.0000   0.0000E+00  0.0000
   3.1623E-05   5.6234E-05   6.9523E-08  0.6362   0.0000E+00  0.0000   0.0000E+00  0.0000   0.0000E+00  0.0000
   5.6234E-05   1.0000E-04   4.8176E-08  0.6061   0.0000E+00  0.0000   0.0000E+00  0.0000   0.0000E+00  0.0000
   1.0000E-04   1.7783E-04   5.5671E-08  0.5964   0.0000E+00  0.0000   0.0000E+00  0.0000   0.0000E+00  0.0000
   1.7783E-04   3.1623E-04   7.7017E-08  0.6926   0.0000E+00  0.0000   0.0000E+00  0.0000   0.0000E+00  0.0000
   3.1623E-04   5.6234E-04   3.8917E-08  0.5927   0.0000E+00  0.0000   0.0000E+00  0.0000   0.0000E+00  0.0000
   5.6234E-04   1.0000E-03   4.6449E-08  0.6020   0.0000E+00  0.0000   0.0000E+00  0.0000   3.3535E-18  0.7097
   1.0000E-03   1.7783E-03   4.5779E-08  0.6131   0.0000E+00  0.0000   0.0000E+00  0.0000   1.4937E-13  0.6938
   1.7783E-03   3.1623E-03   4.8688E-08  0.6100   0.0000E+00  0.0000   0.0000E+00  0.0000   2.4149E-13  0.6940
   3.1623E-03   5.6234E-03   4.0460E-08  0.6056   0.0000E+00  0.0000   0.0000E+00  0.0000   3.6455E-13  0.6940
   5.6234E-03   1.0000E-02   4.1551E-08  0.5828   0.0000E+00  0.0000   0.0000E+00  0.0000   5.0305E-13  0.6940
   1.0000E-02   1.7783E-02   4.9706E-08  0.5941   0.0000E+00  0.0000   0.0000E+00  0.0000   6.7472E-13  0.6940
   1.7783E-02   3.1623E-02   1.0320E-07  0.6394   0.0000E+00  0.0000   0.0000E+00  0.0000   9.6664E-13  0.6940
   3.1623E-02   5.6234E-02   7.4621E-08  0.6002   0.0000E+00  0.0000   0.0000E+00  0.0000   1.4505E-12  0.6940
   5.6234E-02   1.0000E-01   6.5603E-08  0.5847   0.0000E+00  0.0000   0.0000E+00  0.0000   2.3729E-12  0.6940
   1.0000E-01   1.7783E-01   9.1011E-08  0.6322   0.0000E+00  0.0000   0.0000E+00  0.0000   4.3785E-12  0.6940
   1.7783E-01   3.1623E-01   3.4395E-07  0.7931   0.0000E+00  0.0000   0.0000E+00  0.0000   9.3001E-12  0.6940
   3.1623E-01   5.6234E-01   2.1430E-07  0.6588   0.0000E+00  0.0000   0.0000E+00  0.0000   2.2154E-11  0.6939
   5.6234E-01   1.0000E+00   4.5652E-07  0.7301   0.0000E+00  0.0000   0.0000E+00  0.0000   5.5690E-11  0.6951
   1.0000E+00   1.7783E+00   2.4539E-07  0.6084   0.0000E+00  0.0000   0.0000E+00  0.0000   1.4138E-10  0.6997
   1.7783E+00   3.1623E+00   5.3572E-07  0.6921   0.0000E+00  0.0000   0.0000E+00  0.0000   3.2422E-10  0.6869
   3.1623E+00   5.6234E+00   2.1063E-07  0.5787   0.0000E+00  0.0000   0.0000E+00  0.0000   7.8716E-10  0.6895
   5.6234E+00   1.0000E+01   1.0827E-07  0.6371   0.0000E+00  0.0000   0.0000E+00  0.0000   1.9795E-09  0.7088
   1.0000E+01   1.7783E+01   1.0708E-07  0.5661   0.0000E+00  0.0000   0.0000E+00  0.0000   4.0878E-09  0.7003
   1.7783E+01   3.1623E+01   5.8333E-07  0.8218   0.0000E+00  0.0000   0.0000E+00  0.0000   1.0499E-08  0.7302
   3.1623E+01   5.6234E+01   1.9996E-07  0.6123   0.0000E+00  0.0000   0.0000E+00  0.0000   2.5400E-08  0.7691
   5.6234E+01   1.0000E+02   2.1055E-07  0.6415   0.0000E+00  0.0000   0.0000E+00  0.0000   6.0337E-08  0.8414
   1.0000E+02   1.7783E+02   5.3168E-07  0.6937   0.0000E+00  0.0000   0.0000E+00  0.0000   1.1599E-07  0.8948
   1.7783E+02   3.1623E+02   1.5530E-07  0.7090   0.0000E+00  0.0000   0.0000E+00  0.0000   7.4157E-08  0.8277
   3.1623E+02   5.6234E+02   3.5674E-07  0.8252   0.0000E+00  0.0000   0.0000E+00  0.0000   1.0800E-07  0.8997
   5.6234E+02   1.0000E+03   4.7759E-08  0.6368   0.0000E+00  0.0000   0.0000E+00  0.0000   1.4418E-08  0.6082
   1.0000E+03   1.7783E+03   2.6123E-08  0.6373   0.0000E+00  0.0000   0.0000E+00  0.0000   1.3195E-08  0.5966
   1.7783E+03   3.1623E+03   9.0235E-09  0.5728   0.0000E+00  0.0000   0.0000E+00  0.0000   7.2833E-09  0.7035
   3.1623E+03   5.6234E+03   1.9235E-09  0.7201   0.0000E+00  0.0000   0.0000E+00  0.0000   8.5540E-10  0.7124
   5.6234E+03   1.0000E+04   1.1262E-09  1.0000   0.0000E+00  0.0000   0.0000E+00  0.0000   2.3082E-13  1.0000
   1.0000E+04   1.7783E+04   7.2429E-10  1.0000   0.0000E+00  0.0000   0.0000E+00  0.0000   0.0000E+00  0.0000
   1.7783E+04   3.1623E+04   0.0000E+00  0.0000   0.0000E+00  0.0000   0.0000E+00  0.0000   3.6316E-10  1.0000
   3.1623E+04   5.6234E+04   0.0000E+00  0.0000   0.0000E+00  0.0000   0.0000E+00  0.0000   7.2670E-10  1.0000
   5.6234E+04   1.0000E+05   0.0000E+00  0.0000   0.0000E+00  0.0000   0.0000E+00  0.0000   0.0000E+00  0.0000

#   sum over                 1.2358E-05  0.6737   0.0000E+00  0.0000   0.0000E+00  0.0000   4.3864E-07  0.8273

'no. =  6, (ix,iy,iz) = (  1,  1,  6)'
msuc: {\huge Flux spectra vs depth in concrete}
msdr: {\it plotted by \ANGEL \version}
msdl: {\it calculated by \PHITS  3.36}
wt: s(0.7)
\vspace{-3}
   vol  &=&   2.8800E+07 [cm^3]
  xmin  &=&  -6.0000E+02 [cm]
  xmax  &=&   6.0000E+02 [cm]
  ymin  &=&  -6.0000E+02 [cm]
  ymax  &=&   6.0000E+02 [cm]
  zmin  &=&  -6.0000E+02 [cm]
  zmax  &=&  -5.8000E+02 [cm]
e:

#------------------------------------------------------------------------------
 newpage:
#   no. =  7   ix  =  1   iy  =  1   iz  =  7
#   x = (  -6.0000E+02  -   6.0000E+02  )
#   y = (  -6.0000E+02  -   6.0000E+02  )
#   z = (  -5.8000E+02  -  -5.6000E+02  )

x: Energy [MeV/n]
y: Flux [1/cm^2/source]              
p: xlog ylog afac(0.8) form(0.9)
h: n            x            y(neutron ),hh0l n y(muon-   ),hh0dr n y(muon+   ),hh0ub n y(proton  ),hh0mg n 
#  e-lower      e-upper        neutron   r.err      muon-     r.err      muon+     r.err      proton    r.err 
   1.0000E-10   1.7783E-10   2.7846E-11  0.5446   0.0000E+00  0.0000   0.0000E+00  0.0000   0.0000E+00  0.0000
   1.7783E-10   3.1623E-10   1.4487E-10  0.4971   0.0000E+00  0.0000   0.0000E+00  0.0000   0.0000E+00  0.0000
   3.1623E-10   5.6234E-10   4.6214E-10  0.5967   0.0000E+00  0.0000   0.0000E+00  0.0000   0.0000E+00  0.0000
   5.6234E-10   1.0000E-09   2.7814E-09  0.6349   0.0000E+00  0.0000   0.0000E+00  0.0000   0.0000E+00  0.0000
   1.0000E-09   1.7783E-09   8.6075E-09  0.6246   0.0000E+00  0.0000   0.0000E+00  0.0000   0.0000E+00  0.0000
   1.7783E-09   3.1623E-09   2.0107E-08  0.5926   0.0000E+00  0.0000   0.0000E+00  0.0000   0.0000E+00  0.0000
   3.1623E-09   5.6234E-09   5.6627E-08  0.5880   0.0000E+00  0.0000   0.0000E+00  0.0000   0.0000E+00  0.0000
   5.6234E-09   1.0000E-08   1.6039E-07  0.5906   0.0000E+00  0.0000   0.0000E+00  0.0000   0.0000E+00  0.0000
   1.0000E-08   1.7783E-08   4.6170E-07  0.6177   0.0000E+00  0.0000   0.0000E+00  0.0000   0.0000E+00  0.0000
   1.7783E-08   3.1623E-08   8.6874E-07  0.5956   0.0000E+00  0.0000   0.0000E+00  0.0000   0.0000E+00  0.0000
   3.1623E-08   5.6234E-08   1.3281E-06  0.5959   0.0000E+00  0.0000   0.0000E+00  0.0000   0.0000E+00  0.0000
   5.6234E-08   1.0000E-07   1.4026E-06  0.6184   0.0000E+00  0.0000   0.0000E+00  0.0000   0.0000E+00  0.0000
   1.0000E-07   1.7783E-07   6.7597E-07  0.6366   0.0000E+00  0.0000   0.0000E+00  0.0000   0.0000E+00  0.0000
   1.7783E-07   3.1623E-07   1.6579E-07  0.5995   0.0000E+00  0.0000   0.0000E+00  0.0000   0.0000E+00  0.0000
   3.1623E-07   5.6234E-07   6.3911E-08  0.6112   0.0000E+00  0.0000   0.0000E+00  0.0000   0.0000E+00  0.0000
   5.6234E-07   1.0000E-06   5.6428E-08  0.6462   0.0000E+00  0.0000   0.0000E+00  0.0000   0.0000E+00  0.0000
   1.0000E-06   1.7783E-06   1.0000E-07  0.6368   0.0000E+00  0.0000   0.0000E+00  0.0000   0.0000E+00  0.0000
   1.7783E-06   3.1623E-06   9.1979E-08  0.6092   0.0000E+00  0.0000   0.0000E+00  0.0000   0.0000E+00  0.0000
   3.1623E-06   5.6234E-06   5.1821E-08  0.5480   0.0000E+00  0.0000   0.0000E+00  0.0000   0.0000E+00  0.0000
   5.6234E-06   1.0000E-05   7.6679E-08  0.5789   0.0000E+00  0.0000   0.0000E+00  0.0000   0.0000E+00  0.0000
   1.0000E-05   1.7783E-05   6.0339E-08  0.5922   0.0000E+00  0.0000   0.0000E+00  0.0000   0.0000E+00  0.0000
   1.7783E-05   3.1623E-05   1.6826E-07  0.7526   0.0000E+00  0.0000   0.0000E+00  0.0000   0.0000E+00  0.0000
   3.1623E-05   5.6234E-05   9.8954E-08  0.6083   0.0000E+00  0.0000   0.0000E+00  0.0000   0.0000E+00  0.0000
   5.6234E-05   1.0000E-04   1.3073E-07  0.6868   0.0000E+00  0.0000   0.0000E+00  0.0000   0.0000E+00  0.0000
   1.0000E-04   1.7783E-04   4.5947E-08  0.5590   0.0000E+00  0.0000   0.0000E+00  0.0000   0.0000E+00  0.0000
   1.7783E-04   3.1623E-04   7.0422E-08  0.5923   0.0000E+00  0.0000   0.0000E+00  0.0000   0.0000E+00  0.0000
   3.1623E-04   5.6234E-04   5.4417E-08  0.6086   0.0000E+00  0.0000   0.0000E+00  0.0000   0.0000E+00  0.0000
   5.6234E-04   1.0000E-03   7.1388E-08  0.6512   0.0000E+00  0.0000   0.0000E+00  0.0000   2.1465E-18  0.6494
   1.0000E-03   1.7783E-03   6.6636E-08  0.6009   0.0000E+00  0.0000   0.0000E+00  0.0000   9.5587E-14  0.6164
   1.7783E-03   3.1623E-03   9.8224E-08  0.5991   0.0000E+00  0.0000   0.0000E+00  0.0000   1.5438E-13  0.6164
   3.1623E-03   5.6234E-03   6.0318E-08  0.5945   0.0000E+00  0.0000   0.0000E+00  0.0000   2.3304E-13  0.6164
   5.6234E-03   1.0000E-02   5.0033E-08  0.6034   0.0000E+00  0.0000   0.0000E+00  0.0000   3.2158E-13  0.6164
   1.0000E-02   1.7783E-02   6.2816E-08  0.6082   0.0000E+00  0.0000   0.0000E+00  0.0000   4.3132E-13  0.6164
   1.7783E-02   3.1623E-02   1.4105E-07  0.6661   0.0000E+00  0.0000   0.0000E+00  0.0000   6.1793E-13  0.6164
   3.1623E-02   5.6234E-02   8.1247E-08  0.6249   0.0000E+00  0.0000   0.0000E+00  0.0000   9.2727E-13  0.6164
   5.6234E-02   1.0000E-01   1.0866E-07  0.5930   0.0000E+00  0.0000   0.0000E+00  0.0000   1.5169E-12  0.6164
   1.0000E-01   1.7783E-01   1.2357E-07  0.5874   0.0000E+00  0.0000   0.0000E+00  0.0000   2.7983E-12  0.6164
   1.7783E-01   3.1623E-01   2.2579E-07  0.6475   0.0000E+00  0.0000   0.0000E+00  0.0000   5.9323E-12  0.6157
   3.1623E-01   5.6234E-01   2.5349E-07  0.6498   0.0000E+00  0.0000   0.0000E+00  0.0000   1.4084E-11  0.6155
   5.6234E-01   1.0000E+00   3.0068E-07  0.5998   0.0000E+00  0.0000   0.0000E+00  0.0000   3.5391E-11  0.6152
   1.0000E+00   1.7783E+00   2.5818E-07  0.6174   0.0000E+00  0.0000   0.0000E+00  0.0000   9.0240E-11  0.6161
   1.7783E+00   3.1623E+00   3.1926E-07  0.6327   0.0000E+00  0.0000   0.0000E+00  0.0000   2.2483E-10  0.6171
   3.1623E+00   5.6234E+00   1.8739E-07  0.5966   0.0000E+00  0.0000   0.0000E+00  0.0000   5.2617E-10  0.6186
   5.6234E+00   1.0000E+01   3.5396E-07  0.6317   0.0000E+00  0.0000   0.0000E+00  0.0000   1.1584E-09  0.6208
   1.0000E+01   1.7783E+01   1.2422E-07  0.6368   0.0000E+00  0.0000   0.0000E+00  0.0000   2.5987E-09  0.6096
   1.7783E+01   3.1623E+01   2.1846E-07  0.6357   0.0000E+00  0.0000   0.0000E+00  0.0000   5.7118E-09  0.6091
   3.1623E+01   5.6234E+01   3.8775E-07  0.6489   0.0000E+00  0.0000   0.0000E+00  0.0000   1.1636E-08  0.6256
   5.6234E+01   1.0000E+02   3.3801E-07  0.5933   0.0000E+00  0.0000   0.0000E+00  0.0000   2.0405E-08  0.6519
   1.0000E+02   1.7783E+02   5.3347E-07  0.6302   0.0000E+00  0.0000   0.0000E+00  0.0000   6.1605E-08  0.6492
   1.7783E+02   3.1623E+02   2.1496E-07  0.7395   0.0000E+00  0.0000   0.0000E+00  0.0000   2.7365E-07  0.9081
   3.1623E+02   5.6234E+02   5.0928E-07  0.8405   0.0000E+00  0.0000   0.0000E+00  0.0000   1.0370E-07  0.8298
   5.6234E+02   1.0000E+03   5.7837E-08  0.6478   0.0000E+00  0.0000   0.0000E+00  0.0000   2.2344E-08  0.6471
   1.0000E+03   1.7783E+03   3.4405E-08  0.6044   0.0000E+00  0.0000   0.0000E+00  0.0000   1.7609E-08  0.6389
   1.7783E+03   3.1623E+03   1.0718E-08  0.5367   0.0000E+00  0.0000   0.0000E+00  0.0000   8.3243E-09  0.7532
   3.1623E+03   5.6234E+03   2.6386E-09  0.7086   0.0000E+00  0.0000   0.0000E+00  0.0000   2.5838E-09  0.7749
   5.6234E+03   1.0000E+04   1.3088E-09  1.0000   0.0000E+00  0.0000   0.0000E+00  0.0000   1.3784E-10  1.0000
   1.0000E+04   1.7783E+04   3.6296E-10  1.0000   0.0000E+00  0.0000   0.0000E+00  0.0000   0.0000E+00  0.0000
   1.7783E+04   3.1623E+04   0.0000E+00  0.0000   0.0000E+00  0.0000   0.0000E+00  0.0000   6.5167E-10  1.0000
   3.1623E+04   5.6234E+04   0.0000E+00  0.0000   0.0000E+00  0.0000   0.0000E+00  0.0000   1.3637E-09  1.0000
   5.6234E+04   1.0000E+05   0.0000E+00  0.0000   0.0000E+00  0.0000   0.0000E+00  0.0000   0.0000E+00  0.0000

#   sum over                 1.1418E-05  0.6041   0.0000E+00  0.0000   0.0000E+00  0.0000   5.3439E-07  0.7661

'no. =  7, (ix,iy,iz) = (  1,  1,  7)'
msuc: {\huge Flux spectra vs depth in concrete}
msdr: {\it plotted by \ANGEL \version}
msdl: {\it calculated by \PHITS  3.36}
wt: s(0.7)
\vspace{-3}
   vol  &=&   2.8800E+07 [cm^3]
  xmin  &=&  -6.0000E+02 [cm]
  xmax  &=&   6.0000E+02 [cm]
  ymin  &=&  -6.0000E+02 [cm]
  ymax  &=&   6.0000E+02 [cm]
  zmin  &=&  -5.8000E+02 [cm]
  zmax  &=&  -5.6000E+02 [cm]
e:

#------------------------------------------------------------------------------
 newpage:
#   no. =  8   ix  =  1   iy  =  1   iz  =  8
#   x = (  -6.0000E+02  -   6.0000E+02  )
#   y = (  -6.0000E+02  -   6.0000E+02  )
#   z = (  -5.6000E+02  -  -5.4000E+02  )

x: Energy [MeV/n]
y: Flux [1/cm^2/source]              
p: xlog ylog afac(0.8) form(0.9)
h: n            x            y(neutron ),hh0l n y(muon-   ),hh0dr n y(muon+   ),hh0ub n y(proton  ),hh0mg n 
#  e-lower      e-upper        neutron   r.err      muon-     r.err      muon+     r.err      proton    r.err 
   1.0000E-10   1.7783E-10   9.5715E-11  0.6945   0.0000E+00  0.0000   0.0000E+00  0.0000   0.0000E+00  0.0000
   1.7783E-10   3.1623E-10   1.7534E-10  0.6281   0.0000E+00  0.0000   0.0000E+00  0.0000   0.0000E+00  0.0000
   3.1623E-10   5.6234E-10   8.5651E-10  0.5861   0.0000E+00  0.0000   0.0000E+00  0.0000   0.0000E+00  0.0000
   5.6234E-10   1.0000E-09   7.5817E-09  0.7647   0.0000E+00  0.0000   0.0000E+00  0.0000   0.0000E+00  0.0000
   1.0000E-09   1.7783E-09   2.2354E-08  0.7515   0.0000E+00  0.0000   0.0000E+00  0.0000   0.0000E+00  0.0000
   1.7783E-09   3.1623E-09   3.3928E-08  0.6042   0.0000E+00  0.0000   0.0000E+00  0.0000   0.0000E+00  0.0000
   3.1623E-09   5.6234E-09   2.2377E-07  0.7836   0.0000E+00  0.0000   0.0000E+00  0.0000   0.0000E+00  0.0000
   5.6234E-09   1.0000E-08   2.9909E-07  0.6409   0.0000E+00  0.0000   0.0000E+00  0.0000   0.0000E+00  0.0000
   1.0000E-08   1.7783E-08   9.3579E-07  0.6908   0.0000E+00  0.0000   0.0000E+00  0.0000   0.0000E+00  0.0000
   1.7783E-08   3.1623E-08   2.0655E-06  0.6827   0.0000E+00  0.0000   0.0000E+00  0.0000   0.0000E+00  0.0000
   3.1623E-08   5.6234E-08   2.6253E-06  0.6553   0.0000E+00  0.0000   0.0000E+00  0.0000   0.0000E+00  0.0000
   5.6234E-08   1.0000E-07   2.3654E-06  0.6494   0.0000E+00  0.0000   0.0000E+00  0.0000   0.0000E+00  0.0000
   1.0000E-07   1.7783E-07   1.3034E-06  0.7055   0.0000E+00  0.0000   0.0000E+00  0.0000   0.0000E+00  0.0000
   1.7783E-07   3.1623E-07   1.8838E-07  0.6056   0.0000E+00  0.0000   0.0000E+00  0.0000   0.0000E+00  0.0000
   3.1623E-07   5.6234E-07   9.1176E-08  0.6259   0.0000E+00  0.0000   0.0000E+00  0.0000   0.0000E+00  0.0000
   5.6234E-07   1.0000E-06   7.8886E-08  0.5998   0.0000E+00  0.0000   0.0000E+00  0.0000   0.0000E+00  0.0000
   1.0000E-06   1.7783E-06   9.0249E-08  0.6418   0.0000E+00  0.0000   0.0000E+00  0.0000   0.0000E+00  0.0000
   1.7783E-06   3.1623E-06   7.7062E-08  0.6184   0.0000E+00  0.0000   0.0000E+00  0.0000   0.0000E+00  0.0000
   3.1623E-06   5.6234E-06   7.6320E-08  0.6256   0.0000E+00  0.0000   0.0000E+00  0.0000   0.0000E+00  0.0000
   5.6234E-06   1.0000E-05   7.8156E-08  0.6199   0.0000E+00  0.0000   0.0000E+00  0.0000   0.0000E+00  0.0000
   1.0000E-05   1.7783E-05   9.7316E-08  0.6088   0.0000E+00  0.0000   0.0000E+00  0.0000   0.0000E+00  0.0000
   1.7783E-05   3.1623E-05   8.2541E-08  0.6175   0.0000E+00  0.0000   0.0000E+00  0.0000   0.0000E+00  0.0000
   3.1623E-05   5.6234E-05   9.0495E-08  0.5713   0.0000E+00  0.0000   0.0000E+00  0.0000   0.0000E+00  0.0000
   5.6234E-05   1.0000E-04   8.8028E-08  0.6431   0.0000E+00  0.0000   0.0000E+00  0.0000   0.0000E+00  0.0000
   1.0000E-04   1.7783E-04   8.5024E-08  0.6078   0.0000E+00  0.0000   0.0000E+00  0.0000   0.0000E+00  0.0000
   1.7783E-04   3.1623E-04   1.0305E-07  0.6335   0.0000E+00  0.0000   0.0000E+00  0.0000   0.0000E+00  0.0000
   3.1623E-04   5.6234E-04   9.7159E-08  0.6027   0.0000E+00  0.0000   0.0000E+00  0.0000   0.0000E+00  0.0000
   5.6234E-04   1.0000E-03   7.0945E-08  0.5897   0.0000E+00  0.0000   0.0000E+00  0.0000   3.0757E-18  0.6092
   1.0000E-03   1.7783E-03   7.4495E-08  0.6175   0.0000E+00  0.0000   0.0000E+00  0.0000   1.5227E-13  0.6066
   1.7783E-03   3.1623E-03   7.3350E-08  0.5547   0.0000E+00  0.0000   0.0000E+00  0.0000   2.4591E-13  0.6066
   3.1623E-03   5.6234E-03   7.8405E-08  0.5155   0.0000E+00  0.0000   0.0000E+00  0.0000   3.7121E-13  0.6066
   5.6234E-03   1.0000E-02   8.4097E-08  0.5753   0.0000E+00  0.0000   0.0000E+00  0.0000   5.1224E-13  0.6066
   1.0000E-02   1.7783E-02   1.3879E-07  0.6352   0.0000E+00  0.0000   0.0000E+00  0.0000   6.8705E-13  0.6066
   1.7783E-02   3.1623E-02   9.3661E-08  0.6214   0.0000E+00  0.0000   0.0000E+00  0.0000   9.8431E-13  0.6066
   3.1623E-02   5.6234E-02   1.0414E-07  0.6401   0.0000E+00  0.0000   0.0000E+00  0.0000   1.4771E-12  0.6066
   5.6234E-02   1.0000E-01   8.9319E-08  0.5168   0.0000E+00  0.0000   0.0000E+00  0.0000   2.4163E-12  0.6066
   1.0000E-01   1.7783E-01   1.3257E-07  0.6023   0.0000E+00  0.0000   0.0000E+00  0.0000   4.4568E-12  0.6066
   1.7783E-01   3.1623E-01   1.5723E-07  0.6020   0.0000E+00  0.0000   0.0000E+00  0.0000   9.4644E-12  0.6068
   3.1623E-01   5.6234E-01   2.4197E-07  0.5848   0.0000E+00  0.0000   0.0000E+00  0.0000   2.2547E-11  0.6069
   5.6234E-01   1.0000E+00   3.2624E-07  0.5883   0.0000E+00  0.0000   0.0000E+00  0.0000   5.6429E-11  0.6064
   1.0000E+00   1.7783E+00   3.2087E-07  0.5966   0.0000E+00  0.0000   0.0000E+00  0.0000   1.4271E-10  0.6063
   1.7783E+00   3.1623E+00   5.3690E-07  0.5753   0.0000E+00  0.0000   0.0000E+00  0.0000   3.5989E-10  0.6094
   3.1623E+00   5.6234E+00   3.2587E-07  0.5971   0.0000E+00  0.0000   0.0000E+00  0.0000   8.7803E-10  0.6171
   5.6234E+00   1.0000E+01   4.7347E-07  0.6686   0.0000E+00  0.0000   0.0000E+00  0.0000   2.0559E-09  0.6296
   1.0000E+01   1.7783E+01   2.6853E-07  0.6465   0.0000E+00  0.0000   0.0000E+00  0.0000   4.2962E-09  0.6237
   1.7783E+01   3.1623E+01   2.5038E-07  0.5746   0.0000E+00  0.0000   0.0000E+00  0.0000   9.1173E-09  0.6194
   3.1623E+01   5.6234E+01   2.4101E-07  0.6645   0.0000E+00  0.0000   0.0000E+00  0.0000   1.4595E-08  0.6236
   5.6234E+01   1.0000E+02   7.6207E-07  0.6883   0.0000E+00  0.0000   0.0000E+00  0.0000   2.2161E-08  0.6648
   1.0000E+02   1.7783E+02   3.3492E-07  0.6235   0.0000E+00  0.0000   0.0000E+00  0.0000   3.5075E-08  0.6465
   1.7783E+02   3.1623E+02   3.0818E-07  0.7363   0.0000E+00  0.0000   0.0000E+00  0.0000   3.6314E-08  0.5782
   3.1623E+02   5.6234E+02   8.6182E-07  0.8408   0.0000E+00  0.0000   0.0000E+00  0.0000   7.4109E-08  0.7327
   5.6234E+02   1.0000E+03   8.6693E-08  0.6850   0.0000E+00  0.0000   0.0000E+00  0.0000   3.3328E-08  0.6373
   1.0000E+03   1.7783E+03   4.5252E-08  0.6179   0.0000E+00  0.0000   0.0000E+00  0.0000   2.6668E-08  0.6348
   1.7783E+03   3.1623E+03   1.3830E-08  0.5320   0.0000E+00  0.0000   0.0000E+00  0.0000   8.8845E-09  0.7782
   3.1623E+03   5.6234E+03   2.2239E-09  0.7097   0.0000E+00  0.0000   0.0000E+00  0.0000   2.4221E-09  0.8570
   5.6234E+03   1.0000E+04   2.6159E-09  0.7839   0.0000E+00  0.0000   0.0000E+00  0.0000   5.7740E-10  1.0000
   1.0000E+04   1.7783E+04   5.8934E-10  1.0000   0.0000E+00  0.0000   0.0000E+00  0.0000   0.0000E+00  0.0000
   1.7783E+04   3.1623E+04   0.0000E+00  0.0000   0.0000E+00  0.0000   0.0000E+00  0.0000   7.2628E-10  1.0000
   3.1623E+04   5.6234E+04   1.5645E-10  1.0000   0.0000E+00  0.0000   0.0000E+00  0.0000   1.4519E-09  1.0000
   5.6234E+04   1.0000E+05   0.0000E+00  0.0000   0.0000E+00  0.0000   0.0000E+00  0.0000   0.0000E+00  0.0000

#   sum over                 1.7708E-05  0.6220   0.0000E+00  0.0000   0.0000E+00  0.0000   2.7326E-07  0.5980

'no. =  8, (ix,iy,iz) = (  1,  1,  8)'
msuc: {\huge Flux spectra vs depth in concrete}
msdr: {\it plotted by \ANGEL \version}
msdl: {\it calculated by \PHITS  3.36}
wt: s(0.7)
\vspace{-3}
   vol  &=&   2.8800E+07 [cm^3]
  xmin  &=&  -6.0000E+02 [cm]
  xmax  &=&   6.0000E+02 [cm]
  ymin  &=&  -6.0000E+02 [cm]
  ymax  &=&   6.0000E+02 [cm]
  zmin  &=&  -5.6000E+02 [cm]
  zmax  &=&  -5.4000E+02 [cm]
e:

#------------------------------------------------------------------------------
 newpage:
#   no. =  9   ix  =  1   iy  =  1   iz  =  9
#   x = (  -6.0000E+02  -   6.0000E+02  )
#   y = (  -6.0000E+02  -   6.0000E+02  )
#   z = (  -5.4000E+02  -  -5.2000E+02  )

x: Energy [MeV/n]
y: Flux [1/cm^2/source]              
p: xlog ylog afac(0.8) form(0.9)
h: n            x            y(neutron ),hh0l n y(muon-   ),hh0dr n y(muon+   ),hh0ub n y(proton  ),hh0mg n 
#  e-lower      e-upper        neutron   r.err      muon-     r.err      muon+     r.err      proton    r.err 
   1.0000E-10   1.7783E-10   2.0010E-10  0.8116   0.0000E+00  0.0000   0.0000E+00  0.0000   0.0000E+00  0.0000
   1.7783E-10   3.1623E-10   1.4726E-10  0.5485   0.0000E+00  0.0000   0.0000E+00  0.0000   0.0000E+00  0.0000
   3.1623E-10   5.6234E-10   8.7419E-10  0.6850   0.0000E+00  0.0000   0.0000E+00  0.0000   0.0000E+00  0.0000
   5.6234E-10   1.0000E-09   3.5720E-09  0.6081   0.0000E+00  0.0000   0.0000E+00  0.0000   0.0000E+00  0.0000
   1.0000E-09   1.7783E-09   9.4395E-09  0.5966   0.0000E+00  0.0000   0.0000E+00  0.0000   0.0000E+00  0.0000
   1.7783E-09   3.1623E-09   2.8229E-08  0.6214   0.0000E+00  0.0000   0.0000E+00  0.0000   0.0000E+00  0.0000
   3.1623E-09   5.6234E-09   1.0796E-07  0.6067   0.0000E+00  0.0000   0.0000E+00  0.0000   0.0000E+00  0.0000
   5.6234E-09   1.0000E-08   4.1885E-07  0.6547   0.0000E+00  0.0000   0.0000E+00  0.0000   0.0000E+00  0.0000
   1.0000E-08   1.7783E-08   9.3466E-07  0.6394   0.0000E+00  0.0000   0.0000E+00  0.0000   0.0000E+00  0.0000
   1.7783E-08   3.1623E-08   2.1632E-06  0.6546   0.0000E+00  0.0000   0.0000E+00  0.0000   0.0000E+00  0.0000
   3.1623E-08   5.6234E-08   2.8396E-06  0.6176   0.0000E+00  0.0000   0.0000E+00  0.0000   0.0000E+00  0.0000
   5.6234E-08   1.0000E-07   2.6325E-06  0.6224   0.0000E+00  0.0000   0.0000E+00  0.0000   0.0000E+00  0.0000
   1.0000E-07   1.7783E-07   1.1909E-06  0.6332   0.0000E+00  0.0000   0.0000E+00  0.0000   0.0000E+00  0.0000
   1.7783E-07   3.1623E-07   1.7834E-07  0.6115   0.0000E+00  0.0000   0.0000E+00  0.0000   0.0000E+00  0.0000
   3.1623E-07   5.6234E-07   2.3950E-07  0.7016   0.0000E+00  0.0000   0.0000E+00  0.0000   0.0000E+00  0.0000
   5.6234E-07   1.0000E-06   1.7404E-07  0.6186   0.0000E+00  0.0000   0.0000E+00  0.0000   0.0000E+00  0.0000
   1.0000E-06   1.7783E-06   4.3975E-07  0.8173   0.0000E+00  0.0000   0.0000E+00  0.0000   0.0000E+00  0.0000
   1.7783E-06   3.1623E-06   1.7899E-07  0.6281   0.0000E+00  0.0000   0.0000E+00  0.0000   0.0000E+00  0.0000
   3.1623E-06   5.6234E-06   9.5340E-08  0.6882   0.0000E+00  0.0000   0.0000E+00  0.0000   0.0000E+00  0.0000
   5.6234E-06   1.0000E-05   1.1230E-07  0.5918   0.0000E+00  0.0000   0.0000E+00  0.0000   0.0000E+00  0.0000
   1.0000E-05   1.7783E-05   2.5313E-07  0.7012   0.0000E+00  0.0000   0.0000E+00  0.0000   0.0000E+00  0.0000
   1.7783E-05   3.1623E-05   3.1514E-07  0.7211   0.0000E+00  0.0000   0.0000E+00  0.0000   0.0000E+00  0.0000
   3.1623E-05   5.6234E-05   5.1457E-07  0.8725   0.0000E+00  0.0000   0.0000E+00  0.0000   0.0000E+00  0.0000
   5.6234E-05   1.0000E-04   3.8575E-07  0.8015   0.0000E+00  0.0000   0.0000E+00  0.0000   0.0000E+00  0.0000
   1.0000E-04   1.7783E-04   1.3135E-07  0.6247   0.0000E+00  0.0000   0.0000E+00  0.0000   0.0000E+00  0.0000
   1.7783E-04   3.1623E-04   1.5821E-07  0.6230   0.0000E+00  0.0000   0.0000E+00  0.0000   0.0000E+00  0.0000
   3.1623E-04   5.6234E-04   1.3900E-07  0.6056   0.0000E+00  0.0000   0.0000E+00  0.0000   0.0000E+00  0.0000
   5.6234E-04   1.0000E-03   2.2783E-07  0.6596   0.0000E+00  0.0000   0.0000E+00  0.0000   4.7223E-18  0.6242
   1.0000E-03   1.7783E-03   2.6166E-07  0.7193   0.0000E+00  0.0000   1.0936E-13  1.0000   3.1093E-13  0.6274
   1.7783E-03   3.1623E-03   5.1830E-07  0.8444   0.0000E+00  0.0000   5.4074E-14  1.0000   5.0266E-13  0.6273
   3.1623E-03   5.6234E-03   7.7887E-08  0.5785   0.0000E+00  0.0000   7.9890E-14  1.0000   7.5879E-13  0.6273
   5.6234E-03   1.0000E-02   1.1480E-07  0.6223   0.0000E+00  0.0000   1.2813E-13  1.0000   1.0471E-12  0.6273
   1.0000E-02   1.7783E-02   4.7531E-07  0.8094   0.0000E+00  0.0000   2.2975E-13  1.0000   1.4044E-12  0.6273
   1.7783E-02   3.1623E-02   4.1798E-07  0.7725   0.0000E+00  0.0000   4.7432E-13  1.0000   2.0120E-12  0.6273
   3.1623E-02   5.6234E-02   6.8995E-07  0.8827   0.0000E+00  0.0000   1.1081E-12  1.0000   3.0192E-12  0.6273
   5.6234E-02   1.0000E-01   2.5136E-07  0.6584   0.0000E+00  0.0000   2.7765E-12  1.0000   4.9390E-12  0.6273
   1.0000E-01   1.7783E-01   6.5787E-07  0.7881   0.0000E+00  0.0000   7.1269E-12  1.0000   9.1138E-12  0.6273
   1.7783E-01   3.1623E-01   6.0953E-07  0.7577   0.0000E+00  0.0000   1.8643E-11  1.0000   1.9363E-11  0.6273
   3.1623E-01   5.6234E-01   8.6260E-07  0.7539   0.0000E+00  0.0000   4.9970E-11  1.0000   4.6114E-11  0.6274
   5.6234E-01   1.0000E+00   6.5499E-07  0.6509   0.0000E+00  0.0000   1.3705E-10  1.0000   1.1620E-10  0.6276
   1.0000E+00   1.7783E+00   1.9977E-06  0.8538   0.0000E+00  0.0000   3.8378E-10  1.0000   2.9526E-10  0.6290
   1.7783E+00   3.1623E+00   1.3677E-06  0.6641   0.0000E+00  0.0000   1.0916E-09  1.0000   7.4273E-10  0.6318
   3.1623E+00   5.6234E+00   2.7901E-06  0.8966   0.0000E+00  0.0000   3.0850E-09  1.0000   1.8262E-09  0.6435
   5.6234E+00   1.0000E+01   1.2185E-06  0.7991   0.0000E+00  0.0000   8.5940E-09  1.0000   4.5448E-09  0.6646
   1.0000E+01   1.7783E+01   2.6825E-07  0.6039   0.0000E+00  0.0000   2.3399E-08  1.0000   1.1108E-08  0.7022
   1.7783E+01   3.1623E+01   2.7724E-07  0.5682   0.0000E+00  0.0000   6.1089E-08  1.0000   2.4508E-08  0.7182
   3.1623E+01   5.6234E+01   6.0472E-07  0.6267   0.0000E+00  0.0000   1.4934E-07  1.0000   2.9098E-08  0.6242
   5.6234E+01   1.0000E+02   1.3037E-06  0.7087   0.0000E+00  0.0000   3.3433E-07  1.0000   6.6735E-08  0.7234
   1.0000E+02   1.7783E+02   1.3632E-06  0.6930   0.0000E+00  0.0000   2.7753E-07  1.0000   2.9716E-07  0.8879
   1.7783E+02   3.1623E+02   3.4416E-07  0.7015   0.0000E+00  0.0000   0.0000E+00  0.0000   2.8959E-07  0.8713
   3.1623E+02   5.6234E+02   9.0463E-07  0.8451   0.0000E+00  0.0000   0.0000E+00  0.0000   5.5453E-08  0.6434
   5.6234E+02   1.0000E+03   1.3768E-07  0.7015   0.0000E+00  0.0000   0.0000E+00  0.0000   3.2023E-08  0.6004
   1.0000E+03   1.7783E+03   6.4903E-08  0.6670   0.0000E+00  0.0000   0.0000E+00  0.0000   2.8283E-08  0.5352
   1.7783E+03   3.1623E+03   2.0002E-08  0.5845   0.0000E+00  0.0000   0.0000E+00  0.0000   1.8100E-08  0.6988
   3.1623E+03   5.6234E+03   1.6916E-09  0.7092   0.0000E+00  0.0000   0.0000E+00  0.0000   2.5599E-09  1.0000
   5.6234E+03   1.0000E+04   4.4997E-09  0.7230   0.0000E+00  0.0000   0.0000E+00  0.0000   1.6068E-09  1.0000
   1.0000E+04   1.7783E+04   7.2591E-10  1.0000   0.0000E+00  0.0000   0.0000E+00  0.0000   0.0000E+00  0.0000
   1.7783E+04   3.1623E+04   1.1703E-09  1.0000   0.0000E+00  0.0000   0.0000E+00  0.0000   7.2628E-10  1.0000
   3.1623E+04   5.6234E+04   7.3594E-10  1.0000   0.0000E+00  0.0000   0.0000E+00  0.0000   1.4519E-09  1.0000
   5.6234E+04   1.0000E+05   0.0000E+00  0.0000   0.0000E+00  0.0000   0.0000E+00  0.0000   0.0000E+00  0.0000

#   sum over                 3.2137E-05  0.6943   0.0000E+00  0.0000   8.5906E-07  1.0000   8.6602E-07  0.7632

'no. =  9, (ix,iy,iz) = (  1,  1,  9)'
msuc: {\huge Flux spectra vs depth in concrete}
msdr: {\it plotted by \ANGEL \version}
msdl: {\it calculated by \PHITS  3.36}
wt: s(0.7)
\vspace{-3}
   vol  &=&   2.8800E+07 [cm^3]
  xmin  &=&  -6.0000E+02 [cm]
  xmax  &=&   6.0000E+02 [cm]
  ymin  &=&  -6.0000E+02 [cm]
  ymax  &=&   6.0000E+02 [cm]
  zmin  &=&  -5.4000E+02 [cm]
  zmax  &=&  -5.2000E+02 [cm]
e:

#------------------------------------------------------------------------------
 newpage:
#   no. = 10   ix  =  1   iy  =  1   iz  = 10
#   x = (  -6.0000E+02  -   6.0000E+02  )
#   y = (  -6.0000E+02  -   6.0000E+02  )
#   z = (  -5.2000E+02  -  -5.0000E+02  )

x: Energy [MeV/n]
y: Flux [1/cm^2/source]              
p: xlog ylog afac(0.8) form(0.9)
h: n            x            y(neutron ),hh0l n y(muon-   ),hh0dr n y(muon+   ),hh0ub n y(proton  ),hh0mg n 
#  e-lower      e-upper        neutron   r.err      muon-     r.err      muon+     r.err      proton    r.err 
   1.0000E-10   1.7783E-10   4.4737E-10  0.9034   0.0000E+00  0.0000   0.0000E+00  0.0000   0.0000E+00  0.0000
   1.7783E-10   3.1623E-10   2.6253E-10  0.5854   0.0000E+00  0.0000   0.0000E+00  0.0000   0.0000E+00  0.0000
   3.1623E-10   5.6234E-10   3.2012E-09  0.7218   0.0000E+00  0.0000   0.0000E+00  0.0000   0.0000E+00  0.0000
   5.6234E-10   1.0000E-09   7.1232E-09  0.6518   0.0000E+00  0.0000   0.0000E+00  0.0000   0.0000E+00  0.0000
   1.0000E-09   1.7783E-09   1.4598E-08  0.6230   0.0000E+00  0.0000   0.0000E+00  0.0000   0.0000E+00  0.0000
   1.7783E-09   3.1623E-09   1.1099E-07  0.7707   0.0000E+00  0.0000   0.0000E+00  0.0000   0.0000E+00  0.0000
   3.1623E-09   5.6234E-09   2.0709E-07  0.6862   0.0000E+00  0.0000   0.0000E+00  0.0000   0.0000E+00  0.0000
   5.6234E-09   1.0000E-08   6.8681E-07  0.7060   0.0000E+00  0.0000   0.0000E+00  0.0000   0.0000E+00  0.0000
   1.0000E-08   1.7783E-08   1.6188E-06  0.7085   0.0000E+00  0.0000   0.0000E+00  0.0000   0.0000E+00  0.0000
   1.7783E-08   3.1623E-08   3.7932E-06  0.7284   0.0000E+00  0.0000   0.0000E+00  0.0000   0.0000E+00  0.0000
   3.1623E-08   5.6234E-08   6.0879E-06  0.7399   0.0000E+00  0.0000   0.0000E+00  0.0000   0.0000E+00  0.0000
   5.6234E-08   1.0000E-07   4.8717E-06  0.7132   0.0000E+00  0.0000   0.0000E+00  0.0000   0.0000E+00  0.0000
   1.0000E-07   1.7783E-07   1.8152E-06  0.6679   0.0000E+00  0.0000   0.0000E+00  0.0000   0.0000E+00  0.0000
   1.7783E-07   3.1623E-07   6.0940E-07  0.7684   0.0000E+00  0.0000   0.0000E+00  0.0000   0.0000E+00  0.0000
   3.1623E-07   5.6234E-07   6.1234E-07  0.8320   0.0000E+00  0.0000   0.0000E+00  0.0000   0.0000E+00  0.0000
   5.6234E-07   1.0000E-06   4.4564E-07  0.8015   0.0000E+00  0.0000   0.0000E+00  0.0000   0.0000E+00  0.0000
   1.0000E-06   1.7783E-06   1.6292E-07  0.5929   0.0000E+00  0.0000   0.0000E+00  0.0000   0.0000E+00  0.0000
   1.7783E-06   3.1623E-06   3.5216E-07  0.7158   0.0000E+00  0.0000   0.0000E+00  0.0000   0.0000E+00  0.0000
   3.1623E-06   5.6234E-06   6.9746E-07  0.8438   0.0000E+00  0.0000   0.0000E+00  0.0000   0.0000E+00  0.0000
   5.6234E-06   1.0000E-05   2.7624E-07  0.7242   0.0000E+00  0.0000   0.0000E+00  0.0000   0.0000E+00  0.0000
   1.0000E-05   1.7783E-05   3.8974E-07  0.7525   0.0000E+00  0.0000   0.0000E+00  0.0000   0.0000E+00  0.0000
   1.7783E-05   3.1623E-05   6.6309E-07  0.8602   0.0000E+00  0.0000   0.0000E+00  0.0000   0.0000E+00  0.0000
   3.1623E-05   5.6234E-05   8.0216E-07  0.8848   0.0000E+00  0.0000   0.0000E+00  0.0000   0.0000E+00  0.0000
   5.6234E-05   1.0000E-04   4.2881E-07  0.7826   0.0000E+00  0.0000   0.0000E+00  0.0000   0.0000E+00  0.0000
   1.0000E-04   1.7783E-04   3.5100E-07  0.7145   0.0000E+00  0.0000   0.0000E+00  0.0000   0.0000E+00  0.0000
   1.7783E-04   3.1623E-04   3.7966E-07  0.7561   0.0000E+00  0.0000   0.0000E+00  0.0000   0.0000E+00  0.0000
   3.1623E-04   5.6234E-04   3.9675E-07  0.7200   0.0000E+00  0.0000   0.0000E+00  0.0000   0.0000E+00  0.0000
   5.6234E-04   1.0000E-03   3.9976E-07  0.7522   0.0000E+00  0.0000   0.0000E+00  0.0000   6.2083E-18  0.6052
   1.0000E-03   1.7783E-03   5.1492E-07  0.7867   0.0000E+00  0.0000   0.0000E+00  0.0000   4.0341E-13  0.6664
   1.7783E-03   3.1623E-03   3.0370E-07  0.6983   0.0000E+00  0.0000   0.0000E+00  0.0000   6.5149E-13  0.6664
   3.1623E-03   5.6234E-03   6.6984E-07  0.8125   0.0000E+00  0.0000   0.0000E+00  0.0000   9.8346E-13  0.6664
   5.6234E-03   1.0000E-02   4.4919E-07  0.7705   0.0000E+00  0.0000   0.0000E+00  0.0000   1.3571E-12  0.6664
   1.0000E-02   1.7783E-02   5.3029E-07  0.7759   0.0000E+00  0.0000   0.0000E+00  0.0000   1.8202E-12  0.6664
   1.7783E-02   3.1623E-02   1.5935E-07  0.6582   0.0000E+00  0.0000   0.0000E+00  0.0000   2.6077E-12  0.6664
   3.1623E-02   5.6234E-02   3.9308E-07  0.6950   0.0000E+00  0.0000   0.0000E+00  0.0000   3.9127E-12  0.6664
   5.6234E-02   1.0000E-01   5.6699E-07  0.7433   0.0000E+00  0.0000   0.0000E+00  0.0000   6.3930E-12  0.6667
   1.0000E-01   1.7783E-01   6.9811E-07  0.7305   0.0000E+00  0.0000   0.0000E+00  0.0000   1.1788E-11  0.6669
   1.7783E-01   3.1623E-01   6.7128E-07  0.7007   0.0000E+00  0.0000   0.0000E+00  0.0000   2.5042E-11  0.6669
   3.1623E-01   5.6234E-01   4.3858E-07  0.6066   0.0000E+00  0.0000   0.0000E+00  0.0000   5.9655E-11  0.6668
   5.6234E-01   1.0000E+00   5.0508E-07  0.6629   0.0000E+00  0.0000   0.0000E+00  0.0000   1.5046E-10  0.6672
   1.0000E+00   1.7783E+00   7.4766E-07  0.6196   0.0000E+00  0.0000   0.0000E+00  0.0000   3.7676E-10  0.6641
   1.7783E+00   3.1623E+00   1.5659E-06  0.6800   0.0000E+00  0.0000   0.0000E+00  0.0000   8.7381E-10  0.6489
   3.1623E+00   5.6234E+00   1.7035E-06  0.7886   0.0000E+00  0.0000   0.0000E+00  0.0000   1.8861E-09  0.6369
   5.6234E+00   1.0000E+01   1.2415E-06  0.7768   0.0000E+00  0.0000   0.0000E+00  0.0000   3.7660E-09  0.6182
   1.0000E+01   1.7783E+01   9.8514E-07  0.7808   0.0000E+00  0.0000   0.0000E+00  0.0000   9.1242E-09  0.6402
   1.7783E+01   3.1623E+01   8.1554E-07  0.6891   0.0000E+00  0.0000   0.0000E+00  0.0000   1.1281E-08  0.5783
   3.1623E+01   5.6234E+01   7.6503E-07  0.6302   0.0000E+00  0.0000   0.0000E+00  0.0000   2.0037E-08  0.6001
   5.6234E+01   1.0000E+02   2.0801E-06  0.7410   0.0000E+00  0.0000   0.0000E+00  0.0000   3.9082E-08  0.6230
   1.0000E+02   1.7783E+02   2.1331E-06  0.7211   0.0000E+00  0.0000   1.7348E-07  1.0000   5.9690E-08  0.5975
   1.7783E+02   3.1623E+02   4.3498E-07  0.6582   0.0000E+00  0.0000   0.0000E+00  0.0000   4.7068E-07  0.9167
   3.1623E+02   5.6234E+02   9.3168E-07  0.8298   0.0000E+00  0.0000   0.0000E+00  0.0000   1.8281E-07  0.7470
   5.6234E+02   1.0000E+03   1.5916E-07  0.6889   0.0000E+00  0.0000   0.0000E+00  0.0000   4.5424E-08  0.5864
   1.0000E+03   1.7783E+03   1.0234E-07  0.7087   0.0000E+00  0.0000   0.0000E+00  0.0000   3.5942E-08  0.5388
   1.7783E+03   3.1623E+03   3.3690E-08  0.6183   0.0000E+00  0.0000   0.0000E+00  0.0000   2.8887E-08  0.6315
   3.1623E+03   5.6234E+03   3.2531E-09  0.7241   0.0000E+00  0.0000   0.0000E+00  0.0000   2.9545E-09  1.0000
   5.6234E+03   1.0000E+04   6.3300E-09  0.7332   0.0000E+00  0.0000   0.0000E+00  0.0000   1.4512E-09  1.0000
   1.0000E+04   1.7783E+04   5.1189E-10  1.0000   0.0000E+00  0.0000   0.0000E+00  0.0000   0.0000E+00  0.0000
   1.7783E+04   3.1623E+04   8.7567E-10  1.0000   0.0000E+00  0.0000   0.0000E+00  0.0000   1.9872E-09  1.0000
   3.1623E+04   5.6234E+04   1.4495E-09  1.0000   0.0000E+00  0.0000   0.0000E+00  0.0000   1.4519E-09  1.0000
   5.6234E+04   1.0000E+05   0.0000E+00  0.0000   0.0000E+00  0.0000   0.0000E+00  0.0000   0.0000E+00  0.0000

#   sum over                 4.5797E-05  0.7192   0.0000E+00  0.0000   1.7348E-07  1.0000   9.1797E-07  0.7212

'no. = 10, (ix,iy,iz) = (  1,  1, 10)'
msuc: {\huge Flux spectra vs depth in concrete}
msdr: {\it plotted by \ANGEL \version}
msdl: {\it calculated by \PHITS  3.36}
wt: s(0.7)
\vspace{-3}
   vol  &=&   2.8800E+07 [cm^3]
  xmin  &=&  -6.0000E+02 [cm]
  xmax  &=&   6.0000E+02 [cm]
  ymin  &=&  -6.0000E+02 [cm]
  ymax  &=&   6.0000E+02 [cm]
  zmin  &=&  -5.2000E+02 [cm]
  zmax  &=&  -5.0000E+02 [cm]
e:

#------------------------------------------------------------------------------
 newpage:
#   no. = 11   ix  =  1   iy  =  1   iz  = 11
#   x = (  -6.0000E+02  -   6.0000E+02  )
#   y = (  -6.0000E+02  -   6.0000E+02  )
#   z = (  -5.0000E+02  -  -4.8000E+02  )

x: Energy [MeV/n]
y: Flux [1/cm^2/source]              
p: xlog ylog afac(0.8) form(0.9)
h: n            x            y(neutron ),hh0l n y(muon-   ),hh0dr n y(muon+   ),hh0ub n y(proton  ),hh0mg n 
#  e-lower      e-upper        neutron   r.err      muon-     r.err      muon+     r.err      proton    r.err 
   1.0000E-10   1.7783E-10   6.5459E-10  0.8923   0.0000E+00  0.0000   0.0000E+00  0.0000   0.0000E+00  0.0000
   1.7783E-10   3.1623E-10   3.0434E-10  0.7088   0.0000E+00  0.0000   0.0000E+00  0.0000   0.0000E+00  0.0000
   3.1623E-10   5.6234E-10   3.5787E-09  0.7461   0.0000E+00  0.0000   0.0000E+00  0.0000   0.0000E+00  0.0000
   5.6234E-10   1.0000E-09   2.3499E-08  0.8473   0.0000E+00  0.0000   0.0000E+00  0.0000   0.0000E+00  0.0000
   1.0000E-09   1.7783E-09   3.0299E-08  0.6502   0.0000E+00  0.0000   0.0000E+00  0.0000   0.0000E+00  0.0000
   1.7783E-09   3.1623E-09   1.0615E-07  0.7290   0.0000E+00  0.0000   0.0000E+00  0.0000   0.0000E+00  0.0000
   3.1623E-09   5.6234E-09   3.4353E-07  0.7090   0.0000E+00  0.0000   0.0000E+00  0.0000   0.0000E+00  0.0000
   5.6234E-09   1.0000E-08   9.2078E-07  0.7204   0.0000E+00  0.0000   0.0000E+00  0.0000   0.0000E+00  0.0000
   1.0000E-08   1.7783E-08   2.2246E-06  0.7214   0.0000E+00  0.0000   0.0000E+00  0.0000   0.0000E+00  0.0000
   1.7783E-08   3.1623E-08   4.9444E-06  0.7291   0.0000E+00  0.0000   0.0000E+00  0.0000   0.0000E+00  0.0000
   3.1623E-08   5.6234E-08   7.0283E-06  0.7139   0.0000E+00  0.0000   0.0000E+00  0.0000   0.0000E+00  0.0000
   5.6234E-08   1.0000E-07   7.3068E-06  0.7253   0.0000E+00  0.0000   0.0000E+00  0.0000   0.0000E+00  0.0000
   1.0000E-07   1.7783E-07   2.8446E-06  0.7192   0.0000E+00  0.0000   0.0000E+00  0.0000   0.0000E+00  0.0000
   1.7783E-07   3.1623E-07   4.2774E-07  0.6163   0.0000E+00  0.0000   0.0000E+00  0.0000   0.0000E+00  0.0000
   3.1623E-07   5.6234E-07   2.8869E-07  0.6337   0.0000E+00  0.0000   0.0000E+00  0.0000   0.0000E+00  0.0000
   5.6234E-07   1.0000E-06   4.6984E-07  0.7159   0.0000E+00  0.0000   0.0000E+00  0.0000   0.0000E+00  0.0000
   1.0000E-06   1.7783E-06   7.7126E-07  0.8655   0.0000E+00  0.0000   0.0000E+00  0.0000   0.0000E+00  0.0000
   1.7783E-06   3.1623E-06   2.4484E-07  0.6208   0.0000E+00  0.0000   0.0000E+00  0.0000   0.0000E+00  0.0000
   3.1623E-06   5.6234E-06   3.7025E-07  0.7215   0.0000E+00  0.0000   0.0000E+00  0.0000   0.0000E+00  0.0000
   5.6234E-06   1.0000E-05   1.5429E-07  0.5838   0.0000E+00  0.0000   0.0000E+00  0.0000   0.0000E+00  0.0000
   1.0000E-05   1.7783E-05   1.7303E-07  0.6163   0.0000E+00  0.0000   0.0000E+00  0.0000   0.0000E+00  0.0000
   1.7783E-05   3.1623E-05   2.6393E-07  0.5925   0.0000E+00  0.0000   0.0000E+00  0.0000   0.0000E+00  0.0000
   3.1623E-05   5.6234E-05   2.0465E-07  0.6100   0.0000E+00  0.0000   0.0000E+00  0.0000   0.0000E+00  0.0000
   5.6234E-05   1.0000E-04   1.7340E-07  0.5891   0.0000E+00  0.0000   0.0000E+00  0.0000   0.0000E+00  0.0000
   1.0000E-04   1.7783E-04   2.2216E-07  0.5938   0.0000E+00  0.0000   3.6930E-18  1.0000   0.0000E+00  0.0000
   1.7783E-04   3.1623E-04   9.0084E-07  0.8565   0.0000E+00  0.0000   0.0000E+00  0.0000   0.0000E+00  0.0000
   3.1623E-04   5.6234E-04   3.1399E-07  0.6698   0.0000E+00  0.0000   0.0000E+00  0.0000   0.0000E+00  0.0000
   5.6234E-04   1.0000E-03   3.6531E-07  0.6767   0.0000E+00  0.0000   0.0000E+00  0.0000   1.0047E-17  0.6385
   1.0000E-03   1.7783E-03   3.1361E-07  0.6887   0.0000E+00  0.0000   1.1068E-13  1.0000   5.3264E-13  0.6475
   1.7783E-03   3.1623E-03   1.9145E-07  0.5977   0.0000E+00  0.0000   5.4074E-14  1.0000   8.6033E-13  0.6475
   3.1623E-03   5.6234E-03   3.5824E-07  0.6930   0.0000E+00  0.0000   7.9890E-14  1.0000   1.2987E-12  0.6475
   5.6234E-03   1.0000E-02   3.3148E-07  0.6561   0.0000E+00  0.0000   1.2813E-13  1.0000   1.7921E-12  0.6475
   1.0000E-02   1.7783E-02   7.1850E-07  0.8194   0.0000E+00  0.0000   2.2975E-13  1.0000   2.4037E-12  0.6475
   1.7783E-02   3.1623E-02   5.1551E-07  0.7364   0.0000E+00  0.0000   4.7432E-13  1.0000   3.4437E-12  0.6475
   3.1623E-02   5.6234E-02   6.8641E-07  0.7764   0.0000E+00  0.0000   1.1081E-12  1.0000   5.1676E-12  0.6475
   5.6234E-02   1.0000E-01   5.6438E-07  0.6825   0.0000E+00  0.0000   2.7765E-12  1.0000   8.4535E-12  0.6475
   1.0000E-01   1.7783E-01   4.4677E-07  0.6219   0.0000E+00  0.0000   7.1269E-12  1.0000   1.5599E-11  0.6475
   1.7783E-01   3.1623E-01   2.4067E-06  0.8925   0.0000E+00  0.0000   1.8643E-11  1.0000   3.3127E-11  0.6475
   3.1623E-01   5.6234E-01   1.3656E-06  0.7746   0.0000E+00  0.0000   4.9970E-11  1.0000   7.8871E-11  0.6475
   5.6234E-01   1.0000E+00   1.7616E-06  0.7213   0.0000E+00  0.0000   1.3705E-10  1.0000   1.9857E-10  0.6483
   1.0000E+00   1.7783E+00   8.5509E-07  0.6417   0.0000E+00  0.0000   3.8378E-10  1.0000   5.0411E-10  0.6511
   1.7783E+00   3.1623E+00   2.3074E-06  0.7294   0.0000E+00  0.0000   1.0916E-09  1.0000   1.2850E-09  0.6562
   3.1623E+00   5.6234E+00   1.2823E-06  0.6333   0.0000E+00  0.0000   1.0317E-09  1.0000   3.2074E-09  0.6693
   5.6234E+00   1.0000E+01   1.1057E-06  0.6896   0.0000E+00  0.0000   0.0000E+00  0.0000   6.3588E-09  0.6531
   1.0000E+01   1.7783E+01   2.5869E-06  0.9120   0.0000E+00  0.0000   0.0000E+00  0.0000   1.5407E-08  0.6707
   1.7783E+01   3.1623E+01   1.0940E-06  0.7044   0.0000E+00  0.0000   0.0000E+00  0.0000   2.8816E-08  0.6361
   3.1623E+01   5.6234E+01   1.0781E-06  0.6661   0.0000E+00  0.0000   0.0000E+00  0.0000   6.7666E-08  0.6715
   5.6234E+01   1.0000E+02   1.0426E-06  0.5649   0.0000E+00  0.0000   0.0000E+00  0.0000   1.5956E-07  0.7041
   1.0000E+02   1.7783E+02   2.1484E-06  0.6823   0.0000E+00  0.0000   0.0000E+00  0.0000   3.4596E-07  0.7937
   1.7783E+02   3.1623E+02   5.6413E-07  0.6940   0.0000E+00  0.0000   0.0000E+00  0.0000   5.0362E-07  0.8741
   3.1623E+02   5.6234E+02   1.5379E-06  0.8452   0.0000E+00  0.0000   0.0000E+00  0.0000   5.7757E-08  0.6129
   5.6234E+02   1.0000E+03   2.3178E-07  0.7382   0.0000E+00  0.0000   0.0000E+00  0.0000   6.1492E-08  0.5619
   1.0000E+03   1.7783E+03   1.2052E-07  0.6868   0.0000E+00  0.0000   0.0000E+00  0.0000   5.6725E-08  0.5928
   1.7783E+03   3.1623E+03   3.9179E-08  0.5963   0.0000E+00  0.0000   0.0000E+00  0.0000   3.6004E-08  0.5926
   3.1623E+03   5.6234E+03   5.0103E-09  0.7562   0.0000E+00  0.0000   0.0000E+00  0.0000   6.3391E-09  0.6273
   5.6234E+03   1.0000E+04   7.3575E-09  0.7195   0.0000E+00  0.0000   0.0000E+00  0.0000   1.4507E-09  1.0000
   1.0000E+04   1.7783E+04   0.0000E+00  0.0000   0.0000E+00  0.0000   0.0000E+00  0.0000   0.0000E+00  0.0000
   1.7783E+04   3.1623E+04   1.4547E-09  1.0000   0.0000E+00  0.0000   0.0000E+00  0.0000   2.9047E-09  1.0000
   3.1623E+04   5.6234E+04   1.4495E-09  1.0000   0.0000E+00  0.0000   0.0000E+00  0.0000   1.4519E-09  1.0000
   5.6234E+04   1.0000E+05   0.0000E+00  0.0000   0.0000E+00  0.0000   0.0000E+00  0.0000   0.0000E+00  0.0000

#   sum over                 5.6791E-05  0.7118   0.0000E+00  0.0000   2.7249E-09  1.0000   1.3569E-06  0.7299

'no. = 11, (ix,iy,iz) = (  1,  1, 11)'
msuc: {\huge Flux spectra vs depth in concrete}
msdr: {\it plotted by \ANGEL \version}
msdl: {\it calculated by \PHITS  3.36}
wt: s(0.7)
\vspace{-3}
   vol  &=&   2.8800E+07 [cm^3]
  xmin  &=&  -6.0000E+02 [cm]
  xmax  &=&   6.0000E+02 [cm]
  ymin  &=&  -6.0000E+02 [cm]
  ymax  &=&   6.0000E+02 [cm]
  zmin  &=&  -5.0000E+02 [cm]
  zmax  &=&  -4.8000E+02 [cm]
e:

#------------------------------------------------------------------------------
 newpage:
#   no. = 12   ix  =  1   iy  =  1   iz  = 12
#   x = (  -6.0000E+02  -   6.0000E+02  )
#   y = (  -6.0000E+02  -   6.0000E+02  )
#   z = (  -4.8000E+02  -  -4.6000E+02  )

x: Energy [MeV/n]
y: Flux [1/cm^2/source]              
p: xlog ylog afac(0.8) form(0.9)
h: n            x            y(neutron ),hh0l n y(muon-   ),hh0dr n y(muon+   ),hh0ub n y(proton  ),hh0mg n 
#  e-lower      e-upper        neutron   r.err      muon-     r.err      muon+     r.err      proton    r.err 
   1.0000E-10   1.7783E-10   2.1214E-10  0.5461   0.0000E+00  0.0000   0.0000E+00  0.0000   0.0000E+00  0.0000
   1.7783E-10   3.1623E-10   9.6332E-09  0.9332   0.0000E+00  0.0000   0.0000E+00  0.0000   0.0000E+00  0.0000
   3.1623E-10   5.6234E-10   1.3001E-09  0.5869   0.0000E+00  0.0000   0.0000E+00  0.0000   0.0000E+00  0.0000
   5.6234E-10   1.0000E-09   1.2141E-08  0.6487   0.0000E+00  0.0000   0.0000E+00  0.0000   0.0000E+00  0.0000
   1.0000E-09   1.7783E-09   4.4323E-08  0.6711   0.0000E+00  0.0000   0.0000E+00  0.0000   0.0000E+00  0.0000
   1.7783E-09   3.1623E-09   1.6895E-07  0.7287   0.0000E+00  0.0000   0.0000E+00  0.0000   0.0000E+00  0.0000
   3.1623E-09   5.6234E-09   7.3326E-07  0.8037   0.0000E+00  0.0000   0.0000E+00  0.0000   0.0000E+00  0.0000
   5.6234E-09   1.0000E-08   1.2025E-06  0.6850   0.0000E+00  0.0000   0.0000E+00  0.0000   0.0000E+00  0.0000
   1.0000E-08   1.7783E-08   2.7548E-06  0.7007   0.0000E+00  0.0000   0.0000E+00  0.0000   0.0000E+00  0.0000
   1.7783E-08   3.1623E-08   4.2925E-06  0.6361   0.0000E+00  0.0000   0.0000E+00  0.0000   0.0000E+00  0.0000
   3.1623E-08   5.6234E-08   7.5485E-06  0.6588   0.0000E+00  0.0000   0.0000E+00  0.0000   0.0000E+00  0.0000
   5.6234E-08   1.0000E-07   7.7495E-06  0.6851   0.0000E+00  0.0000   0.0000E+00  0.0000   0.0000E+00  0.0000
   1.0000E-07   1.7783E-07   2.8928E-06  0.6674   0.0000E+00  0.0000   0.0000E+00  0.0000   0.0000E+00  0.0000
   1.7783E-07   3.1623E-07   6.7365E-07  0.6577   0.0000E+00  0.0000   0.0000E+00  0.0000   0.0000E+00  0.0000
   3.1623E-07   5.6234E-07   3.2848E-07  0.6044   0.0000E+00  0.0000   0.0000E+00  0.0000   0.0000E+00  0.0000
   5.6234E-07   1.0000E-06   4.3797E-07  0.6560   0.0000E+00  0.0000   0.0000E+00  0.0000   0.0000E+00  0.0000
   1.0000E-06   1.7783E-06   7.9914E-07  0.6886   0.0000E+00  0.0000   0.0000E+00  0.0000   0.0000E+00  0.0000
   1.7783E-06   3.1623E-06   9.2223E-07  0.7968   0.0000E+00  0.0000   0.0000E+00  0.0000   0.0000E+00  0.0000
   3.1623E-06   5.6234E-06   4.6936E-07  0.7027   0.0000E+00  0.0000   0.0000E+00  0.0000   0.0000E+00  0.0000
   5.6234E-06   1.0000E-05   9.6800E-07  0.8190   0.0000E+00  0.0000   0.0000E+00  0.0000   0.0000E+00  0.0000
   1.0000E-05   1.7783E-05   3.8023E-07  0.6673   0.0000E+00  0.0000   0.0000E+00  0.0000   0.0000E+00  0.0000
   1.7783E-05   3.1623E-05   2.5781E-07  0.5887   0.0000E+00  0.0000   0.0000E+00  0.0000   0.0000E+00  0.0000
   3.1623E-05   5.6234E-05   4.5983E-07  0.6535   0.0000E+00  0.0000   0.0000E+00  0.0000   0.0000E+00  0.0000
   5.6234E-05   1.0000E-04   6.5056E-07  0.7416   0.0000E+00  0.0000   0.0000E+00  0.0000   0.0000E+00  0.0000
   1.0000E-04   1.7783E-04   6.5040E-07  0.7220   0.0000E+00  0.0000   0.0000E+00  0.0000   0.0000E+00  0.0000
   1.7783E-04   3.1623E-04   3.8951E-07  0.6134   0.0000E+00  0.0000   0.0000E+00  0.0000   0.0000E+00  0.0000
   3.1623E-04   5.6234E-04   1.1259E-06  0.8166   0.0000E+00  0.0000   0.0000E+00  0.0000   0.0000E+00  0.0000
   5.6234E-04   1.0000E-03   6.0417E-07  0.6855   0.0000E+00  0.0000   0.0000E+00  0.0000   2.7640E-17  0.7663
   1.0000E-03   1.7783E-03   3.2037E-07  0.6121   0.0000E+00  0.0000   0.0000E+00  0.0000   1.3605E-12  0.7898
   1.7783E-03   3.1623E-03   3.5813E-07  0.6334   0.0000E+00  0.0000   0.0000E+00  0.0000   2.1971E-12  0.7897
   3.1623E-03   5.6234E-03   4.2985E-07  0.6278   0.0000E+00  0.0000   0.0000E+00  0.0000   3.3166E-12  0.7897
   5.6234E-03   1.0000E-02   3.0693E-07  0.5968   0.0000E+00  0.0000   0.0000E+00  0.0000   4.5767E-12  0.7897
   1.0000E-02   1.7783E-02   4.8499E-07  0.6663   0.0000E+00  0.0000   0.0000E+00  0.0000   6.1385E-12  0.7897
   1.7783E-02   3.1623E-02   1.0000E-06  0.7449   0.0000E+00  0.0000   0.0000E+00  0.0000   8.7944E-12  0.7897
   3.1623E-02   5.6234E-02   1.1727E-06  0.8437   0.0000E+00  0.0000   0.0000E+00  0.0000   1.3197E-11  0.7897
   5.6234E-02   1.0000E-01   1.4134E-06  0.8242   0.0000E+00  0.0000   0.0000E+00  0.0000   2.1588E-11  0.7897
   1.0000E-01   1.7783E-01   6.8047E-07  0.6252   0.0000E+00  0.0000   0.0000E+00  0.0000   3.9836E-11  0.7897
   1.7783E-01   3.1623E-01   1.0014E-06  0.6544   0.0000E+00  0.0000   0.0000E+00  0.0000   8.4634E-11  0.7897
   3.1623E-01   5.6234E-01   2.3333E-06  0.7908   0.0000E+00  0.0000   0.0000E+00  0.0000   2.0162E-10  0.7899
   5.6234E-01   1.0000E+00   2.6228E-06  0.7748   0.0000E+00  0.0000   0.0000E+00  0.0000   5.0725E-10  0.7918
   1.0000E+00   1.7783E+00   2.2601E-06  0.7328   0.0000E+00  0.0000   0.0000E+00  0.0000   1.2984E-09  0.7949
   1.7783E+00   3.1623E+00   2.0143E-06  0.6390   0.0000E+00  0.0000   0.0000E+00  0.0000   3.1832E-09  0.7980
   3.1623E+00   5.6234E+00   1.5835E-06  0.6476   0.0000E+00  0.0000   0.0000E+00  0.0000   8.0235E-09  0.8200
   5.6234E+00   1.0000E+01   1.5105E-06  0.6560   0.0000E+00  0.0000   0.0000E+00  0.0000   1.6482E-08  0.8089
   1.0000E+01   1.7783E+01   8.4341E-07  0.6618   0.0000E+00  0.0000   0.0000E+00  0.0000   3.3424E-08  0.7936
   1.7783E+01   3.1623E+01   8.0932E-07  0.5613   0.0000E+00  0.0000   0.0000E+00  0.0000   5.7329E-08  0.7570
   3.1623E+01   5.6234E+01   1.7003E-06  0.6550   0.0000E+00  0.0000   0.0000E+00  0.0000   1.2173E-07  0.7887
   5.6234E+01   1.0000E+02   1.3177E-06  0.5525   0.0000E+00  0.0000   0.0000E+00  0.0000   2.4521E-07  0.8307
   1.0000E+02   1.7783E+02   1.9367E-06  0.6178   0.0000E+00  0.0000   0.0000E+00  0.0000   4.2208E-07  0.8326
   1.7783E+02   3.1623E+02   7.1055E-07  0.6878   0.0000E+00  0.0000   0.0000E+00  0.0000   5.4852E-07  0.7974
   3.1623E+02   5.6234E+02   1.9858E-06  0.8190   0.0000E+00  0.0000   0.0000E+00  0.0000   6.7335E-08  0.5413
   5.6234E+02   1.0000E+03   2.8249E-06  0.8988   0.0000E+00  0.0000   0.0000E+00  0.0000   8.1895E-08  0.6267
   1.0000E+03   1.7783E+03   1.1583E-07  0.6462   0.0000E+00  0.0000   0.0000E+00  0.0000   7.4130E-08  0.6248
   1.7783E+03   3.1623E+03   5.9573E-08  0.5653   0.0000E+00  0.0000   0.0000E+00  0.0000   4.5404E-08  0.6095
   3.1623E+03   5.6234E+03   5.3540E-09  0.7119   0.0000E+00  0.0000   0.0000E+00  0.0000   2.3835E-08  0.7074
   5.6234E+03   1.0000E+04   8.7558E-09  0.7420   0.0000E+00  0.0000   0.0000E+00  0.0000   2.1340E-09  1.0000
   1.0000E+04   1.7783E+04   0.0000E+00  0.0000   0.0000E+00  0.0000   0.0000E+00  0.0000   0.0000E+00  0.0000
   1.7783E+04   3.1623E+04   1.3071E-10  1.0000   0.0000E+00  0.0000   0.0000E+00  0.0000   3.7076E-09  1.0000
   3.1623E+04   5.6234E+04   1.4495E-09  1.0000   0.0000E+00  0.0000   0.0000E+00  0.0000   2.7735E-09  1.0000
   5.6234E+04   1.0000E+05   0.0000E+00  0.0000   0.0000E+00  0.0000   0.0000E+00  0.0000   0.0000E+00  0.0000

#   sum over                 6.8340E-05  0.6830   0.0000E+00  0.0000   0.0000E+00  0.0000   1.7594E-06  0.7366

'no. = 12, (ix,iy,iz) = (  1,  1, 12)'
msuc: {\huge Flux spectra vs depth in concrete}
msdr: {\it plotted by \ANGEL \version}
msdl: {\it calculated by \PHITS  3.36}
wt: s(0.7)
\vspace{-3}
   vol  &=&   2.8800E+07 [cm^3]
  xmin  &=&  -6.0000E+02 [cm]
  xmax  &=&   6.0000E+02 [cm]
  ymin  &=&  -6.0000E+02 [cm]
  ymax  &=&   6.0000E+02 [cm]
  zmin  &=&  -4.8000E+02 [cm]
  zmax  &=&  -4.6000E+02 [cm]
e:

#------------------------------------------------------------------------------
 newpage:
#   no. = 13   ix  =  1   iy  =  1   iz  = 13
#   x = (  -6.0000E+02  -   6.0000E+02  )
#   y = (  -6.0000E+02  -   6.0000E+02  )
#   z = (  -4.6000E+02  -  -4.4000E+02  )

x: Energy [MeV/n]
y: Flux [1/cm^2/source]              
p: xlog ylog afac(0.8) form(0.9)
h: n            x            y(neutron ),hh0l n y(muon-   ),hh0dr n y(muon+   ),hh0ub n y(proton  ),hh0mg n 
#  e-lower      e-upper        neutron   r.err      muon-     r.err      muon+     r.err      proton    r.err 
   1.0000E-10   1.7783E-10   3.7835E-10  0.6092   0.0000E+00  0.0000   0.0000E+00  0.0000   0.0000E+00  0.0000
   1.7783E-10   3.1623E-10   5.8021E-10  0.5835   0.0000E+00  0.0000   0.0000E+00  0.0000   0.0000E+00  0.0000
   3.1623E-10   5.6234E-10   4.6829E-09  0.8467   0.0000E+00  0.0000   0.0000E+00  0.0000   0.0000E+00  0.0000
   5.6234E-10   1.0000E-09   7.2606E-09  0.6137   0.0000E+00  0.0000   0.0000E+00  0.0000   0.0000E+00  0.0000
   1.0000E-09   1.7783E-09   6.2051E-08  0.7964   0.0000E+00  0.0000   0.0000E+00  0.0000   0.0000E+00  0.0000
   1.7783E-09   3.1623E-09   1.6462E-07  0.7474   0.0000E+00  0.0000   0.0000E+00  0.0000   0.0000E+00  0.0000
   3.1623E-09   5.6234E-09   4.7374E-07  0.6414   0.0000E+00  0.0000   0.0000E+00  0.0000   0.0000E+00  0.0000
   5.6234E-09   1.0000E-08   1.0186E-06  0.6219   0.0000E+00  0.0000   0.0000E+00  0.0000   0.0000E+00  0.0000
   1.0000E-08   1.7783E-08   2.8734E-06  0.6304   0.0000E+00  0.0000   0.0000E+00  0.0000   0.0000E+00  0.0000
   1.7783E-08   3.1623E-08   5.9642E-06  0.6321   0.0000E+00  0.0000   0.0000E+00  0.0000   0.0000E+00  0.0000
   3.1623E-08   5.6234E-08   9.0054E-06  0.6316   0.0000E+00  0.0000   0.0000E+00  0.0000   0.0000E+00  0.0000
   5.6234E-08   1.0000E-07   7.9836E-06  0.6235   0.0000E+00  0.0000   0.0000E+00  0.0000   0.0000E+00  0.0000
   1.0000E-07   1.7783E-07   3.7054E-06  0.6214   0.0000E+00  0.0000   0.0000E+00  0.0000   0.0000E+00  0.0000
   1.7783E-07   3.1623E-07   7.5568E-07  0.6242   0.0000E+00  0.0000   0.0000E+00  0.0000   0.0000E+00  0.0000
   3.1623E-07   5.6234E-07   6.7592E-07  0.6629   0.0000E+00  0.0000   0.0000E+00  0.0000   0.0000E+00  0.0000
   5.6234E-07   1.0000E-06   5.7591E-07  0.6417   0.0000E+00  0.0000   0.0000E+00  0.0000   0.0000E+00  0.0000
   1.0000E-06   1.7783E-06   3.8046E-07  0.6402   0.0000E+00  0.0000   0.0000E+00  0.0000   0.0000E+00  0.0000
   1.7783E-06   3.1623E-06   6.4232E-07  0.6498   0.0000E+00  0.0000   0.0000E+00  0.0000   0.0000E+00  0.0000
   3.1623E-06   5.6234E-06   9.4330E-07  0.6777   0.0000E+00  0.0000   0.0000E+00  0.0000   0.0000E+00  0.0000
   5.6234E-06   1.0000E-05   9.2876E-07  0.6913   0.0000E+00  0.0000   0.0000E+00  0.0000   0.0000E+00  0.0000
   1.0000E-05   1.7783E-05   3.8266E-07  0.7719   0.0000E+00  0.0000   0.0000E+00  0.0000   0.0000E+00  0.0000
   1.7783E-05   3.1623E-05   5.8594E-07  0.6496   0.0000E+00  0.0000   0.0000E+00  0.0000   0.0000E+00  0.0000
   3.1623E-05   5.6234E-05   9.4183E-07  0.6790   0.0000E+00  0.0000   0.0000E+00  0.0000   0.0000E+00  0.0000
   5.6234E-05   1.0000E-04   1.1381E-06  0.6892   0.0000E+00  0.0000   0.0000E+00  0.0000   0.0000E+00  0.0000
   1.0000E-04   1.7783E-04   4.4979E-07  0.8069   0.0000E+00  0.0000   0.0000E+00  0.0000   0.0000E+00  0.0000
   1.7783E-04   3.1623E-04   9.8718E-07  0.7012   0.0000E+00  0.0000   0.0000E+00  0.0000   0.0000E+00  0.0000
   3.1623E-04   5.6234E-04   1.1071E-06  0.7344   0.0000E+00  0.0000   0.0000E+00  0.0000   0.0000E+00  0.0000
   5.6234E-04   1.0000E-03   8.7521E-07  0.6634   0.0000E+00  0.0000   0.0000E+00  0.0000   2.3341E-17  0.6657
   1.0000E-03   1.7783E-03   1.0288E-06  0.6518   0.0000E+00  0.0000   0.0000E+00  0.0000   1.0204E-12  0.6518
   1.7783E-03   3.1623E-03   6.8056E-07  0.6471   0.0000E+00  0.0000   0.0000E+00  0.0000   1.6493E-12  0.6517
   3.1623E-03   5.6234E-03   1.1107E-06  0.6777   0.0000E+00  0.0000   0.0000E+00  0.0000   2.4897E-12  0.6517
   5.6234E-03   1.0000E-02   6.9995E-07  0.7223   0.0000E+00  0.0000   0.0000E+00  0.0000   3.4356E-12  0.6517
   1.0000E-02   1.7783E-02   1.8401E-06  0.8238   0.0000E+00  0.0000   0.0000E+00  0.0000   4.6081E-12  0.6517
   1.7783E-02   3.1623E-02   1.4316E-06  0.8024   0.0000E+00  0.0000   0.0000E+00  0.0000   6.6005E-12  0.6517
   3.1623E-02   5.6234E-02   4.8518E-07  0.7207   0.0000E+00  0.0000   0.0000E+00  0.0000   9.9036E-12  0.6518
   5.6234E-02   1.0000E-01   6.0479E-07  0.6651   0.0000E+00  0.0000   0.0000E+00  0.0000   1.6201E-11  0.6518
   1.0000E-01   1.7783E-01   8.3780E-07  0.6481   0.0000E+00  0.0000   0.0000E+00  0.0000   2.9895E-11  0.6518
   1.7783E-01   3.1623E-01   1.2830E-06  0.6513   0.0000E+00  0.0000   0.0000E+00  0.0000   6.3513E-11  0.6518
   3.1623E-01   5.6234E-01   2.8603E-06  0.6741   0.0000E+00  0.0000   0.0000E+00  0.0000   1.5129E-10  0.6518
   5.6234E-01   1.0000E+00   1.8986E-06  0.6621   0.0000E+00  0.0000   0.0000E+00  0.0000   3.8105E-10  0.6517
   1.0000E+00   1.7783E+00   1.8376E-06  0.6057   0.0000E+00  0.0000   0.0000E+00  0.0000   9.7784E-10  0.6520
   1.7783E+00   3.1623E+00   2.8830E-06  0.6134   0.0000E+00  0.0000   0.0000E+00  0.0000   2.4696E-09  0.6574
   3.1623E+00   5.6234E+00   1.8817E-06  0.6511   0.0000E+00  0.0000   0.0000E+00  0.0000   6.1882E-09  0.6641
   5.6234E+00   1.0000E+01   1.8724E-06  0.6493   0.0000E+00  0.0000   0.0000E+00  0.0000   1.4675E-08  0.6677
   1.0000E+01   1.7783E+01   1.8419E-06  0.7367   0.0000E+00  0.0000   0.0000E+00  0.0000   2.5506E-08  0.6735
   1.7783E+01   3.1623E+01   8.7704E-07  0.5721   0.0000E+00  0.0000   0.0000E+00  0.0000   3.8722E-08  0.7649
   3.1623E+01   5.6234E+01   4.2712E-06  0.8564   0.0000E+00  0.0000   0.0000E+00  0.0000   9.0926E-08  0.7948
   5.6234E+01   1.0000E+02   1.2734E-06  0.5405   0.0000E+00  0.0000   0.0000E+00  0.0000   1.8630E-07  0.8299
   1.0000E+02   1.7783E+02   2.2575E-06  0.6184   0.0000E+00  0.0000   0.0000E+00  0.0000   2.1163E-07  0.6059
   1.7783E+02   3.1623E+02   1.7838E-06  0.7445   0.0000E+00  0.0000   0.0000E+00  0.0000   6.7208E-07  0.8606
   3.1623E+02   5.6234E+02   7.2639E-07  0.5902   0.0000E+00  0.0000   0.0000E+00  0.0000   1.0422E-07  0.5990
   5.6234E+02   1.0000E+03   9.2859E-07  0.6803   0.0000E+00  0.0000   0.0000E+00  0.0000   6.7731E-08  0.6829
   1.0000E+03   1.7783E+03   1.9107E-07  0.6366   0.0000E+00  0.0000   0.0000E+00  0.0000   8.8720E-08  0.6254
   1.7783E+03   3.1623E+03   8.9913E-08  0.5624   0.0000E+00  0.0000   0.0000E+00  0.0000   3.3512E-08  0.5403
   3.1623E+03   5.6234E+03   6.8475E-09  0.6313   0.0000E+00  0.0000   0.0000E+00  0.0000   5.6630E-08  0.8747
   5.6234E+03   1.0000E+04   1.1592E-08  0.7539   0.0000E+00  0.0000   0.0000E+00  0.0000   2.3022E-09  1.0000
   1.0000E+04   1.7783E+04   0.0000E+00  0.0000   0.0000E+00  0.0000   0.0000E+00  0.0000   0.0000E+00  0.0000
   1.7783E+04   3.1623E+04   0.0000E+00  0.0000   0.0000E+00  0.0000   0.0000E+00  0.0000   5.7136E-09  1.0000
   3.1623E+04   5.6234E+04   2.3220E-09  1.0000   0.0000E+00  0.0000   0.0000E+00  0.0000   2.9040E-09  1.0000
   5.6234E+04   1.0000E+05   0.0000E+00  0.0000   0.0000E+00  0.0000   0.0000E+00  0.0000   0.0000E+00  0.0000

#   sum over                 8.0132E-05  0.6353   0.0000E+00  0.0000   0.0000E+00  0.0000   1.6119E-06  0.6376

'no. = 13, (ix,iy,iz) = (  1,  1, 13)'
msuc: {\huge Flux spectra vs depth in concrete}
msdr: {\it plotted by \ANGEL \version}
msdl: {\it calculated by \PHITS  3.36}
wt: s(0.7)
\vspace{-3}
   vol  &=&   2.8800E+07 [cm^3]
  xmin  &=&  -6.0000E+02 [cm]
  xmax  &=&   6.0000E+02 [cm]
  ymin  &=&  -6.0000E+02 [cm]
  ymax  &=&   6.0000E+02 [cm]
  zmin  &=&  -4.6000E+02 [cm]
  zmax  &=&  -4.4000E+02 [cm]
e:

#------------------------------------------------------------------------------
 newpage:
#   no. = 14   ix  =  1   iy  =  1   iz  = 14
#   x = (  -6.0000E+02  -   6.0000E+02  )
#   y = (  -6.0000E+02  -   6.0000E+02  )
#   z = (  -4.4000E+02  -  -4.2000E+02  )

x: Energy [MeV/n]
y: Flux [1/cm^2/source]              
p: xlog ylog afac(0.8) form(0.9)
h: n            x            y(neutron ),hh0l n y(muon-   ),hh0dr n y(muon+   ),hh0ub n y(proton  ),hh0mg n 
#  e-lower      e-upper        neutron   r.err      muon-     r.err      muon+     r.err      proton    r.err 
   1.0000E-10   1.7783E-10   2.4343E-09  0.7533   0.0000E+00  0.0000   0.0000E+00  0.0000   0.0000E+00  0.0000
   1.7783E-10   3.1623E-10   9.0736E-10  0.6713   0.0000E+00  0.0000   0.0000E+00  0.0000   0.0000E+00  0.0000
   3.1623E-10   5.6234E-10   7.9803E-09  0.5320   0.0000E+00  0.0000   0.0000E+00  0.0000   0.0000E+00  0.0000
   5.6234E-10   1.0000E-09   1.8634E-08  0.6083   0.0000E+00  0.0000   0.0000E+00  0.0000   0.0000E+00  0.0000
   1.0000E-09   1.7783E-09   7.3704E-08  0.7811   0.0000E+00  0.0000   0.0000E+00  0.0000   0.0000E+00  0.0000
   1.7783E-09   3.1623E-09   2.2274E-07  0.6386   0.0000E+00  0.0000   0.0000E+00  0.0000   0.0000E+00  0.0000
   3.1623E-09   5.6234E-09   6.8751E-07  0.6601   0.0000E+00  0.0000   0.0000E+00  0.0000   0.0000E+00  0.0000
   5.6234E-09   1.0000E-08   1.7343E-06  0.6082   0.0000E+00  0.0000   0.0000E+00  0.0000   0.0000E+00  0.0000
   1.0000E-08   1.7783E-08   3.7837E-06  0.5863   0.0000E+00  0.0000   0.0000E+00  0.0000   0.0000E+00  0.0000
   1.7783E-08   3.1623E-08   7.2141E-06  0.6070   0.0000E+00  0.0000   0.0000E+00  0.0000   0.0000E+00  0.0000
   3.1623E-08   5.6234E-08   1.1664E-05  0.6245   0.0000E+00  0.0000   0.0000E+00  0.0000   0.0000E+00  0.0000
   5.6234E-08   1.0000E-07   1.0999E-05  0.6052   0.0000E+00  0.0000   0.0000E+00  0.0000   0.0000E+00  0.0000
   1.0000E-07   1.7783E-07   4.4453E-06  0.6165   0.0000E+00  0.0000   0.0000E+00  0.0000   0.0000E+00  0.0000
   1.7783E-07   3.1623E-07   9.1159E-07  0.5913   0.0000E+00  0.0000   0.0000E+00  0.0000   0.0000E+00  0.0000
   3.1623E-07   5.6234E-07   6.0329E-07  0.6121   0.0000E+00  0.0000   0.0000E+00  0.0000   0.0000E+00  0.0000
   5.6234E-07   1.0000E-06   6.8722E-07  0.6650   0.0000E+00  0.0000   0.0000E+00  0.0000   0.0000E+00  0.0000
   1.0000E-06   1.7783E-06   5.1121E-07  0.5821   0.0000E+00  0.0000   0.0000E+00  0.0000   0.0000E+00  0.0000
   1.7783E-06   3.1623E-06   1.4700E-06  0.6971   0.0000E+00  0.0000   0.0000E+00  0.0000   0.0000E+00  0.0000
   3.1623E-06   5.6234E-06   9.4249E-07  0.6655   0.0000E+00  0.0000   0.0000E+00  0.0000   0.0000E+00  0.0000
   5.6234E-06   1.0000E-05   5.1520E-07  0.6172   0.0000E+00  0.0000   0.0000E+00  0.0000   0.0000E+00  0.0000
   1.0000E-05   1.7783E-05   8.0047E-07  0.8496   0.0000E+00  0.0000   0.0000E+00  0.0000   0.0000E+00  0.0000
   1.7783E-05   3.1623E-05   7.0379E-07  0.7477   0.0000E+00  0.0000   0.0000E+00  0.0000   0.0000E+00  0.0000
   3.1623E-05   5.6234E-05   6.4849E-07  0.6010   0.0000E+00  0.0000   0.0000E+00  0.0000   0.0000E+00  0.0000
   5.6234E-05   1.0000E-04   6.9772E-07  0.7061   0.0000E+00  0.0000   0.0000E+00  0.0000   0.0000E+00  0.0000
   1.0000E-04   1.7783E-04   6.8440E-07  0.6060   0.0000E+00  0.0000   3.6948E-18  1.0000   0.0000E+00  0.0000
   1.7783E-04   3.1623E-04   1.4517E-06  0.8134   0.0000E+00  0.0000   0.0000E+00  0.0000   0.0000E+00  0.0000
   3.1623E-04   5.6234E-04   9.5136E-07  0.6166   0.0000E+00  0.0000   0.0000E+00  0.0000   0.0000E+00  0.0000
   5.6234E-04   1.0000E-03   5.0998E-07  0.5569   0.0000E+00  0.0000   0.0000E+00  0.0000   1.5864E-17  0.6301
   1.0000E-03   1.7783E-03   9.8041E-07  0.6267   0.0000E+00  0.0000   1.1068E-13  1.0000   1.1163E-12  0.7447
   1.7783E-03   3.1623E-03   8.4034E-07  0.7967   0.0000E+00  0.0000   5.4074E-14  1.0000   1.8029E-12  0.7447
   3.1623E-03   5.6234E-03   1.0757E-06  0.6615   0.0000E+00  0.0000   7.9890E-14  1.0000   2.7215E-12  0.7447
   5.6234E-03   1.0000E-02   9.8537E-07  0.6209   0.0000E+00  0.0000   1.2813E-13  1.0000   3.7555E-12  0.7447
   1.0000E-02   1.7783E-02   4.4241E-07  0.6892   0.0000E+00  0.0000   2.2975E-13  1.0000   5.0371E-12  0.7447
   1.7783E-02   3.1623E-02   1.1906E-06  0.8296   0.0000E+00  0.0000   4.7432E-13  1.0000   7.2164E-12  0.7447
   3.1623E-02   5.6234E-02   8.5875E-07  0.7304   0.0000E+00  0.0000   1.1081E-12  1.0000   1.0829E-11  0.7447
   5.6234E-02   1.0000E-01   1.4796E-06  0.6692   0.0000E+00  0.0000   2.7765E-12  1.0000   1.7715E-11  0.7447
   1.0000E-01   1.7783E-01   1.0424E-06  0.6721   0.0000E+00  0.0000   7.1269E-12  1.0000   3.2688E-11  0.7447
   1.7783E-01   3.1623E-01   1.1283E-06  0.6277   0.0000E+00  0.0000   1.8643E-11  1.0000   6.9448E-11  0.7447
   3.1623E-01   5.6234E-01   2.3373E-06  0.7133   0.0000E+00  0.0000   4.9970E-11  1.0000   1.6536E-10  0.7450
   5.6234E-01   1.0000E+00   3.2102E-06  0.7362   0.0000E+00  0.0000   1.3705E-10  1.0000   4.1635E-10  0.7460
   1.0000E+00   1.7783E+00   3.7032E-06  0.6447   0.0000E+00  0.0000   3.8378E-10  1.0000   1.0599E-09  0.7456
   1.7783E+00   3.1623E+00   5.3958E-06  0.6891   0.0000E+00  0.0000   1.0916E-09  1.0000   2.5676E-09  0.7519
   3.1623E+00   5.6234E+00   2.5245E-06  0.6791   0.0000E+00  0.0000   1.0317E-09  1.0000   6.1103E-09  0.7789
   5.6234E+00   1.0000E+01   2.0733E-06  0.7802   0.0000E+00  0.0000   0.0000E+00  0.0000   1.3259E-08  0.8001
   1.0000E+01   1.7783E+01   2.3959E-06  0.6759   0.0000E+00  0.0000   0.0000E+00  0.0000   3.2388E-08  0.8202
   1.7783E+01   3.1623E+01   1.5584E-06  0.6404   0.0000E+00  0.0000   0.0000E+00  0.0000   7.3118E-08  0.8614
   3.1623E+01   5.6234E+01   1.1979E-06  0.5720   0.0000E+00  0.0000   0.0000E+00  0.0000   1.1320E-07  0.8297
   5.6234E+01   1.0000E+02   2.0603E-06  0.5921   0.0000E+00  0.0000   0.0000E+00  0.0000   1.7273E-07  0.7891
   1.0000E+02   1.7783E+02   2.7121E-06  0.6376   0.0000E+00  0.0000   0.0000E+00  0.0000   2.7809E-07  0.8068
   1.7783E+02   3.1623E+02   2.1158E-06  0.7358   0.0000E+00  0.0000   0.0000E+00  0.0000   3.3529E-07  0.7917
   3.1623E+02   5.6234E+02   7.9312E-07  0.6335   0.0000E+00  0.0000   0.0000E+00  0.0000   1.3451E-07  0.6260
   5.6234E+02   1.0000E+03   4.3594E-07  0.7207   0.0000E+00  0.0000   0.0000E+00  0.0000   7.9296E-08  0.5796
   1.0000E+03   1.7783E+03   1.9225E-07  0.6861   0.0000E+00  0.0000   0.0000E+00  0.0000   9.6527E-08  0.6776
   1.7783E+03   3.1623E+03   1.0056E-07  0.5259   0.0000E+00  0.0000   0.0000E+00  0.0000   5.3205E-08  0.5041
   3.1623E+03   5.6234E+03   2.7961E-08  0.6114   0.0000E+00  0.0000   0.0000E+00  0.0000   7.4515E-08  0.9162
   5.6234E+03   1.0000E+04   1.7376E-08  0.7408   0.0000E+00  0.0000   0.0000E+00  0.0000   2.9384E-09  1.0000
   1.0000E+04   1.7783E+04   0.0000E+00  0.0000   0.0000E+00  0.0000   0.0000E+00  0.0000   0.0000E+00  0.0000
   1.7783E+04   3.1623E+04   0.0000E+00  0.0000   0.0000E+00  0.0000   0.0000E+00  0.0000   6.7925E-09  1.0000
   3.1623E+04   5.6234E+04   2.8992E-09  1.0000   0.0000E+00  0.0000   0.0000E+00  0.0000   3.5680E-09  1.0000
   5.6234E+04   1.0000E+05   0.0000E+00  0.0000   0.0000E+00  0.0000   0.0000E+00  0.0000   0.0000E+00  0.0000

#   sum over                 9.5823E-05  0.6268   0.0000E+00  0.0000   2.7249E-09  1.0000   1.4799E-06  0.7466

'no. = 14, (ix,iy,iz) = (  1,  1, 14)'
msuc: {\huge Flux spectra vs depth in concrete}
msdr: {\it plotted by \ANGEL \version}
msdl: {\it calculated by \PHITS  3.36}
wt: s(0.7)
\vspace{-3}
   vol  &=&   2.8800E+07 [cm^3]
  xmin  &=&  -6.0000E+02 [cm]
  xmax  &=&   6.0000E+02 [cm]
  ymin  &=&  -6.0000E+02 [cm]
  ymax  &=&   6.0000E+02 [cm]
  zmin  &=&  -4.4000E+02 [cm]
  zmax  &=&  -4.2000E+02 [cm]
e:

#------------------------------------------------------------------------------
 newpage:
#   no. = 15   ix  =  1   iy  =  1   iz  = 15
#   x = (  -6.0000E+02  -   6.0000E+02  )
#   y = (  -6.0000E+02  -   6.0000E+02  )
#   z = (  -4.2000E+02  -  -4.0000E+02  )

x: Energy [MeV/n]
y: Flux [1/cm^2/source]              
p: xlog ylog afac(0.8) form(0.9)
h: n            x            y(neutron ),hh0l n y(muon-   ),hh0dr n y(muon+   ),hh0ub n y(proton  ),hh0mg n 
#  e-lower      e-upper        neutron   r.err      muon-     r.err      muon+     r.err      proton    r.err 
   1.0000E-10   1.7783E-10   5.5922E-10  0.5516   0.0000E+00  0.0000   0.0000E+00  0.0000   0.0000E+00  0.0000
   1.7783E-10   3.1623E-10   1.5077E-09  0.7629   0.0000E+00  0.0000   0.0000E+00  0.0000   0.0000E+00  0.0000
   3.1623E-10   5.6234E-10   7.0099E-09  0.7647   0.0000E+00  0.0000   0.0000E+00  0.0000   0.0000E+00  0.0000
   5.6234E-10   1.0000E-09   2.3731E-08  0.7286   0.0000E+00  0.0000   0.0000E+00  0.0000   0.0000E+00  0.0000
   1.0000E-09   1.7783E-09   8.0900E-08  0.7429   0.0000E+00  0.0000   0.0000E+00  0.0000   0.0000E+00  0.0000
   1.7783E-09   3.1623E-09   1.8495E-07  0.6784   0.0000E+00  0.0000   0.0000E+00  0.0000   0.0000E+00  0.0000
   3.1623E-09   5.6234E-09   7.3608E-07  0.6966   0.0000E+00  0.0000   0.0000E+00  0.0000   0.0000E+00  0.0000
   5.6234E-09   1.0000E-08   1.8236E-06  0.6995   0.0000E+00  0.0000   0.0000E+00  0.0000   0.0000E+00  0.0000
   1.0000E-08   1.7783E-08   4.7043E-06  0.7077   0.0000E+00  0.0000   0.0000E+00  0.0000   0.0000E+00  0.0000
   1.7783E-08   3.1623E-08   9.5177E-06  0.7104   0.0000E+00  0.0000   0.0000E+00  0.0000   0.0000E+00  0.0000
   3.1623E-08   5.6234E-08   1.4479E-05  0.7235   0.0000E+00  0.0000   0.0000E+00  0.0000   0.0000E+00  0.0000
   5.6234E-08   1.0000E-07   1.3014E-05  0.7089   0.0000E+00  0.0000   0.0000E+00  0.0000   0.0000E+00  0.0000
   1.0000E-07   1.7783E-07   5.6715E-06  0.7054   0.0000E+00  0.0000   0.0000E+00  0.0000   0.0000E+00  0.0000
   1.7783E-07   3.1623E-07   1.6065E-06  0.7609   0.0000E+00  0.0000   0.0000E+00  0.0000   0.0000E+00  0.0000
   3.1623E-07   5.6234E-07   8.5543E-07  0.7382   0.0000E+00  0.0000   0.0000E+00  0.0000   0.0000E+00  0.0000
   5.6234E-07   1.0000E-06   6.4665E-07  0.6710   0.0000E+00  0.0000   0.0000E+00  0.0000   0.0000E+00  0.0000
   1.0000E-06   1.7783E-06   6.3025E-07  0.6597   0.0000E+00  0.0000   0.0000E+00  0.0000   0.0000E+00  0.0000
   1.7783E-06   3.1623E-06   6.7626E-07  0.6836   0.0000E+00  0.0000   0.0000E+00  0.0000   0.0000E+00  0.0000
   3.1623E-06   5.6234E-06   6.4532E-07  0.7130   0.0000E+00  0.0000   0.0000E+00  0.0000   0.0000E+00  0.0000
   5.6234E-06   1.0000E-05   7.2641E-07  0.7807   0.0000E+00  0.0000   0.0000E+00  0.0000   0.0000E+00  0.0000
   1.0000E-05   1.7783E-05   6.2350E-07  0.6564   0.0000E+00  0.0000   0.0000E+00  0.0000   0.0000E+00  0.0000
   1.7783E-05   3.1623E-05   4.0136E-07  0.6518   0.0000E+00  0.0000   0.0000E+00  0.0000   0.0000E+00  0.0000
   3.1623E-05   5.6234E-05   5.6722E-07  0.5541   0.0000E+00  0.0000   0.0000E+00  0.0000   0.0000E+00  0.0000
   5.6234E-05   1.0000E-04   7.0567E-07  0.6121   0.0000E+00  0.0000   0.0000E+00  0.0000   0.0000E+00  0.0000
   1.0000E-04   1.7783E-04   7.8304E-07  0.7062   0.0000E+00  0.0000   9.2370E-19  1.0000   0.0000E+00  0.0000
   1.7783E-04   3.1623E-04   6.1240E-07  0.6697   0.0000E+00  0.0000   0.0000E+00  0.0000   0.0000E+00  0.0000
   3.1623E-04   5.6234E-04   6.5115E-07  0.6667   0.0000E+00  0.0000   0.0000E+00  0.0000   0.0000E+00  0.0000
   5.6234E-04   1.0000E-03   5.4178E-07  0.5630   0.0000E+00  0.0000   0.0000E+00  0.0000   3.2571E-17  0.6663
   1.0000E-03   1.7783E-03   9.5027E-07  0.7762   0.0000E+00  0.0000   2.7670E-14  1.0000   1.4170E-12  0.7013
   1.7783E-03   3.1623E-03   9.1555E-07  0.5521   0.0000E+00  0.0000   1.3518E-14  1.0000   2.2885E-12  0.7013
   3.1623E-03   5.6234E-03   7.9255E-07  0.5917   0.0000E+00  0.0000   1.9972E-14  1.0000   3.4546E-12  0.7013
   5.6234E-03   1.0000E-02   8.7621E-07  0.7392   0.0000E+00  0.0000   3.2033E-14  1.0000   4.7670E-12  0.7013
   1.0000E-02   1.7783E-02   8.1677E-07  0.6628   0.0000E+00  0.0000   5.7438E-14  1.0000   6.3938E-12  0.7013
   1.7783E-02   3.1623E-02   1.0137E-06  0.7455   0.0000E+00  0.0000   1.1858E-13  1.0000   9.1601E-12  0.7013
   3.1623E-02   5.6234E-02   9.7759E-07  0.6636   0.0000E+00  0.0000   2.7703E-13  1.0000   1.3746E-11  0.7013
   5.6234E-02   1.0000E-01   8.0674E-07  0.6450   0.0000E+00  0.0000   6.9413E-13  1.0000   2.2486E-11  0.7013
   1.0000E-01   1.7783E-01   1.6715E-06  0.5717   0.0000E+00  0.0000   1.7817E-12  1.0000   4.1493E-11  0.7013
   1.7783E-01   3.1623E-01   2.0187E-06  0.6497   0.0000E+00  0.0000   4.6607E-12  1.0000   8.8134E-11  0.7015
   3.1623E-01   5.6234E-01   2.1806E-06  0.6085   0.0000E+00  0.0000   1.2493E-11  1.0000   2.0987E-10  0.7018
   5.6234E-01   1.0000E+00   3.1655E-06  0.6005   0.0000E+00  0.0000   3.4264E-11  1.0000   5.2878E-10  0.7023
   1.0000E+00   1.7783E+00   2.4396E-06  0.6335   0.0000E+00  0.0000   9.5944E-11  1.0000   1.3531E-09  0.7039
   1.7783E+00   3.1623E+00   5.3303E-06  0.5976   0.0000E+00  0.0000   2.7291E-10  1.0000   3.4140E-09  0.7075
   3.1623E+00   5.6234E+00   3.7824E-06  0.5691   0.0000E+00  0.0000   2.5793E-10  1.0000   8.3667E-09  0.7130
   5.6234E+00   1.0000E+01   3.0669E-06  0.6838   0.0000E+00  0.0000   0.0000E+00  0.0000   1.9111E-08  0.7034
   1.0000E+01   1.7783E+01   2.8051E-06  0.6711   0.0000E+00  0.0000   0.0000E+00  0.0000   4.0482E-08  0.6875
   1.7783E+01   3.1623E+01   2.3589E-06  0.5880   0.0000E+00  0.0000   0.0000E+00  0.0000   7.2645E-08  0.7102
   3.1623E+01   5.6234E+01   3.0984E-06  0.6102   0.0000E+00  0.0000   0.0000E+00  0.0000   1.3356E-07  0.7009
   5.6234E+01   1.0000E+02   4.3234E-06  0.6695   0.0000E+00  0.0000   0.0000E+00  0.0000   2.2506E-07  0.6993
   1.0000E+02   1.7783E+02   3.1295E-06  0.6144   0.0000E+00  0.0000   0.0000E+00  0.0000   2.8216E-07  0.7041
   1.7783E+02   3.1623E+02   1.9034E-06  0.6571   0.0000E+00  0.0000   0.0000E+00  0.0000   3.7917E-07  0.7307
   3.1623E+02   5.6234E+02   8.8527E-07  0.6149   0.0000E+00  0.0000   0.0000E+00  0.0000   4.3898E-07  0.8395
   5.6234E+02   1.0000E+03   4.9136E-07  0.7065   0.0000E+00  0.0000   0.0000E+00  0.0000   1.2661E-07  0.5840
   1.0000E+03   1.7783E+03   4.0490E-07  0.7169   0.0000E+00  0.0000   0.0000E+00  0.0000   1.0525E-07  0.7040
   1.7783E+03   3.1623E+03   1.2921E-07  0.5374   0.0000E+00  0.0000   0.0000E+00  0.0000   2.5628E-07  0.8480
   3.1623E+03   5.6234E+03   5.7344E-08  0.6535   0.0000E+00  0.0000   0.0000E+00  0.0000   8.9589E-08  0.9161
   5.6234E+03   1.0000E+04   2.0673E-08  0.7835   0.0000E+00  0.0000   0.0000E+00  0.0000   5.4293E-09  1.0000
   1.0000E+04   1.7783E+04   2.4806E-09  1.0000   0.0000E+00  0.0000   0.0000E+00  0.0000   0.0000E+00  0.0000
   1.7783E+04   3.1623E+04   0.0000E+00  0.0000   0.0000E+00  0.0000   0.0000E+00  0.0000   5.8092E-09  1.0000
   3.1623E+04   5.6234E+04   2.2225E-09  1.0000   0.0000E+00  0.0000   0.0000E+00  0.0000   6.9646E-09  1.0000
   5.6234E+04   1.0000E+05   0.0000E+00  0.0000   0.0000E+00  0.0000   0.0000E+00  0.0000   0.0000E+00  0.0000

#   sum over                 1.1134E-04  0.6621   0.0000E+00  0.0000   6.8122E-10  1.0000   2.2012E-06  0.7437

'no. = 15, (ix,iy,iz) = (  1,  1, 15)'
msuc: {\huge Flux spectra vs depth in concrete}
msdr: {\it plotted by \ANGEL \version}
msdl: {\it calculated by \PHITS  3.36}
wt: s(0.7)
\vspace{-3}
   vol  &=&   2.8800E+07 [cm^3]
  xmin  &=&  -6.0000E+02 [cm]
  xmax  &=&   6.0000E+02 [cm]
  ymin  &=&  -6.0000E+02 [cm]
  ymax  &=&   6.0000E+02 [cm]
  zmin  &=&  -4.2000E+02 [cm]
  zmax  &=&  -4.0000E+02 [cm]
e:

#------------------------------------------------------------------------------
 newpage:
#   no. = 16   ix  =  1   iy  =  1   iz  = 16
#   x = (  -6.0000E+02  -   6.0000E+02  )
#   y = (  -6.0000E+02  -   6.0000E+02  )
#   z = (  -4.0000E+02  -  -3.8000E+02  )

x: Energy [MeV/n]
y: Flux [1/cm^2/source]              
p: xlog ylog afac(0.8) form(0.9)
h: n            x            y(neutron ),hh0l n y(muon-   ),hh0dr n y(muon+   ),hh0ub n y(proton  ),hh0mg n 
#  e-lower      e-upper        neutron   r.err      muon-     r.err      muon+     r.err      proton    r.err 
   1.0000E-10   1.7783E-10   4.1388E-10  0.6510   0.0000E+00  0.0000   0.0000E+00  0.0000   0.0000E+00  0.0000
   1.7783E-10   3.1623E-10   8.8461E-09  0.8909   0.0000E+00  0.0000   0.0000E+00  0.0000   0.0000E+00  0.0000
   3.1623E-10   5.6234E-10   6.8258E-09  0.5143   0.0000E+00  0.0000   0.0000E+00  0.0000   0.0000E+00  0.0000
   5.6234E-10   1.0000E-09   2.4484E-08  0.5784   0.0000E+00  0.0000   0.0000E+00  0.0000   0.0000E+00  0.0000
   1.0000E-09   1.7783E-09   6.4044E-08  0.5145   0.0000E+00  0.0000   0.0000E+00  0.0000   0.0000E+00  0.0000
   1.7783E-09   3.1623E-09   1.7912E-07  0.6482   0.0000E+00  0.0000   0.0000E+00  0.0000   0.0000E+00  0.0000
   3.1623E-09   5.6234E-09   6.0058E-07  0.6257   0.0000E+00  0.0000   0.0000E+00  0.0000   0.0000E+00  0.0000
   5.6234E-09   1.0000E-08   1.6555E-06  0.5981   0.0000E+00  0.0000   0.0000E+00  0.0000   0.0000E+00  0.0000
   1.0000E-08   1.7783E-08   4.1606E-06  0.5917   0.0000E+00  0.0000   0.0000E+00  0.0000   0.0000E+00  0.0000
   1.7783E-08   3.1623E-08   9.2164E-06  0.5905   0.0000E+00  0.0000   0.0000E+00  0.0000   0.0000E+00  0.0000
   3.1623E-08   5.6234E-08   1.3745E-05  0.5920   0.0000E+00  0.0000   0.0000E+00  0.0000   0.0000E+00  0.0000
   5.6234E-08   1.0000E-07   1.2776E-05  0.5864   0.0000E+00  0.0000   0.0000E+00  0.0000   0.0000E+00  0.0000
   1.0000E-07   1.7783E-07   4.9267E-06  0.5674   0.0000E+00  0.0000   0.0000E+00  0.0000   0.0000E+00  0.0000
   1.7783E-07   3.1623E-07   1.6983E-06  0.6582   0.0000E+00  0.0000   0.0000E+00  0.0000   0.0000E+00  0.0000
   3.1623E-07   5.6234E-07   1.6406E-06  0.7248   0.0000E+00  0.0000   0.0000E+00  0.0000   0.0000E+00  0.0000
   5.6234E-07   1.0000E-06   1.3284E-06  0.7868   0.0000E+00  0.0000   0.0000E+00  0.0000   0.0000E+00  0.0000
   1.0000E-06   1.7783E-06   1.0997E-06  0.7449   0.0000E+00  0.0000   0.0000E+00  0.0000   0.0000E+00  0.0000
   1.7783E-06   3.1623E-06   8.5723E-07  0.6115   0.0000E+00  0.0000   0.0000E+00  0.0000   0.0000E+00  0.0000
   3.1623E-06   5.6234E-06   8.8894E-07  0.6254   0.0000E+00  0.0000   0.0000E+00  0.0000   0.0000E+00  0.0000
   5.6234E-06   1.0000E-05   1.6676E-06  0.7502   0.0000E+00  0.0000   0.0000E+00  0.0000   0.0000E+00  0.0000
   1.0000E-05   1.7783E-05   1.2565E-06  0.6714   0.0000E+00  0.0000   0.0000E+00  0.0000   0.0000E+00  0.0000
   1.7783E-05   3.1623E-05   1.3587E-06  0.6922   0.0000E+00  0.0000   0.0000E+00  0.0000   0.0000E+00  0.0000
   3.1623E-05   5.6234E-05   1.5931E-06  0.7486   0.0000E+00  0.0000   0.0000E+00  0.0000   0.0000E+00  0.0000
   5.6234E-05   1.0000E-04   1.0910E-06  0.6406   0.0000E+00  0.0000   0.0000E+00  0.0000   0.0000E+00  0.0000
   1.0000E-04   1.7783E-04   8.1981E-07  0.6187   0.0000E+00  0.0000   0.0000E+00  0.0000   0.0000E+00  0.0000
   1.7783E-04   3.1623E-04   1.8242E-06  0.7267   0.0000E+00  0.0000   0.0000E+00  0.0000   0.0000E+00  0.0000
   3.1623E-04   5.6234E-04   1.1667E-06  0.6875   0.0000E+00  0.0000   0.0000E+00  0.0000   0.0000E+00  0.0000
   5.6234E-04   1.0000E-03   1.0462E-06  0.6730   0.0000E+00  0.0000   0.0000E+00  0.0000   3.1528E-17  0.6376
   1.0000E-03   1.7783E-03   8.9703E-07  0.6863   0.0000E+00  0.0000   1.1068E-13  1.0000   1.5940E-12  0.6242
   1.7783E-03   3.1623E-03   1.1157E-06  0.7290   0.0000E+00  0.0000   5.4074E-14  1.0000   2.5749E-12  0.6241
   3.1623E-03   5.6234E-03   1.1794E-06  0.7140   0.0000E+00  0.0000   7.9890E-14  1.0000   3.8869E-12  0.6241
   5.6234E-03   1.0000E-02   1.0613E-06  0.6589   0.0000E+00  0.0000   1.2813E-13  1.0000   5.3637E-12  0.6241
   1.0000E-02   1.7783E-02   1.2176E-06  0.6758   0.0000E+00  0.0000   2.2975E-13  1.0000   7.1941E-12  0.6241
   1.7783E-02   3.1623E-02   1.0626E-06  0.6750   0.0000E+00  0.0000   4.7432E-13  1.0000   1.0307E-11  0.6241
   3.1623E-02   5.6234E-02   9.7886E-07  0.6077   0.0000E+00  0.0000   1.1081E-12  1.0000   1.5466E-11  0.6241
   5.6234E-02   1.0000E-01   2.2046E-06  0.7688   0.0000E+00  0.0000   2.7765E-12  1.0000   2.5300E-11  0.6241
   1.0000E-01   1.7783E-01   3.0758E-06  0.7899   0.0000E+00  0.0000   7.1269E-12  1.0000   4.6686E-11  0.6241
   1.7783E-01   3.1623E-01   2.2733E-06  0.6272   0.0000E+00  0.0000   1.8643E-11  1.0000   9.9187E-11  0.6241
   3.1623E-01   5.6234E-01   2.0457E-06  0.5527   0.0000E+00  0.0000   4.9970E-11  1.0000   2.3625E-10  0.6243
   5.6234E-01   1.0000E+00   4.0853E-06  0.7228   0.0000E+00  0.0000   1.3705E-10  1.0000   5.9567E-10  0.6244
   1.0000E+00   1.7783E+00   4.3378E-06  0.6599   0.0000E+00  0.0000   3.8378E-10  1.0000   1.5031E-09  0.6203
   1.7783E+00   3.1623E+00   7.3221E-06  0.7486   0.0000E+00  0.0000   1.0916E-09  1.0000   3.7447E-09  0.6158
   3.1623E+00   5.6234E+00   4.5456E-06  0.6170   0.0000E+00  0.0000   1.0317E-09  1.0000   8.4738E-09  0.5991
   5.6234E+00   1.0000E+01   2.6643E-06  0.6376   0.0000E+00  0.0000   0.0000E+00  0.0000   1.6975E-08  0.5534
   1.0000E+01   1.7783E+01   2.8457E-06  0.7501   0.0000E+00  0.0000   0.0000E+00  0.0000   3.2377E-08  0.5110
   1.7783E+01   3.1623E+01   2.7991E-06  0.6347   0.0000E+00  0.0000   0.0000E+00  0.0000   6.6420E-08  0.4806
   3.1623E+01   5.6234E+01   2.7405E-06  0.6711   0.0000E+00  0.0000   0.0000E+00  0.0000   1.4631E-07  0.5039
   5.6234E+01   1.0000E+02   3.7035E-06  0.5400   0.0000E+00  0.0000   0.0000E+00  0.0000   2.1345E-07  0.5895
   1.0000E+02   1.7783E+02   4.7432E-06  0.5968   0.0000E+00  0.0000   0.0000E+00  0.0000   3.0072E-07  0.5830
   1.7783E+02   3.1623E+02   2.4368E-06  0.6330   0.0000E+00  0.0000   0.0000E+00  0.0000   4.8021E-07  0.5925
   3.1623E+02   5.6234E+02   9.2669E-07  0.5854   0.0000E+00  0.0000   0.0000E+00  0.0000   5.7961E-07  0.8413
   5.6234E+02   1.0000E+03   6.7127E-07  0.7078   0.0000E+00  0.0000   0.0000E+00  0.0000   2.0881E-07  0.5181
   1.0000E+03   1.7783E+03   5.2985E-07  0.7113   0.0000E+00  0.0000   0.0000E+00  0.0000   8.1445E-08  0.5938
   1.7783E+03   3.1623E+03   1.8710E-07  0.5878   0.0000E+00  0.0000   0.0000E+00  0.0000   4.8476E-07  0.9064
   3.1623E+03   5.6234E+03   7.1840E-08  0.6370   0.0000E+00  0.0000   0.0000E+00  0.0000   1.2079E-07  0.9518
   5.6234E+03   1.0000E+04   2.5541E-08  0.7077   0.0000E+00  0.0000   0.0000E+00  0.0000   6.6061E-09  1.0000
   1.0000E+04   1.7783E+04   0.0000E+00  0.0000   0.0000E+00  0.0000   0.0000E+00  0.0000   4.0906E-09  1.0000
   1.7783E+04   3.1623E+04   0.0000E+00  0.0000   0.0000E+00  0.0000   0.0000E+00  0.0000   6.9206E-09  1.0000
   3.1623E+04   5.6234E+04   0.0000E+00  0.0000   0.0000E+00  0.0000   0.0000E+00  0.0000   1.1604E-08  1.0000
   5.6234E+04   1.0000E+05   0.0000E+00  0.0000   0.0000E+00  0.0000   0.0000E+00  0.0000   0.0000E+00  0.0000

#   sum over                 1.2845E-04  0.6365   0.0000E+00  0.0000   2.7249E-09  1.0000   2.7759E-06  0.6520

'no. = 16, (ix,iy,iz) = (  1,  1, 16)'
msuc: {\huge Flux spectra vs depth in concrete}
msdr: {\it plotted by \ANGEL \version}
msdl: {\it calculated by \PHITS  3.36}
wt: s(0.7)
\vspace{-3}
   vol  &=&   2.8800E+07 [cm^3]
  xmin  &=&  -6.0000E+02 [cm]
  xmax  &=&   6.0000E+02 [cm]
  ymin  &=&  -6.0000E+02 [cm]
  ymax  &=&   6.0000E+02 [cm]
  zmin  &=&  -4.0000E+02 [cm]
  zmax  &=&  -3.8000E+02 [cm]
e:

#------------------------------------------------------------------------------
 newpage:
#   no. = 17   ix  =  1   iy  =  1   iz  = 17
#   x = (  -6.0000E+02  -   6.0000E+02  )
#   y = (  -6.0000E+02  -   6.0000E+02  )
#   z = (  -3.8000E+02  -  -3.6000E+02  )

x: Energy [MeV/n]
y: Flux [1/cm^2/source]              
p: xlog ylog afac(0.8) form(0.9)
h: n            x            y(neutron ),hh0l n y(muon-   ),hh0dr n y(muon+   ),hh0ub n y(proton  ),hh0mg n 
#  e-lower      e-upper        neutron   r.err      muon-     r.err      muon+     r.err      proton    r.err 
   1.0000E-10   1.7783E-10   3.8015E-10  0.6047   0.0000E+00  0.0000   0.0000E+00  0.0000   0.0000E+00  0.0000
   1.7783E-10   3.1623E-10   2.8685E-09  0.5745   0.0000E+00  0.0000   0.0000E+00  0.0000   0.0000E+00  0.0000
   3.1623E-10   5.6234E-10   9.0837E-09  0.6089   0.0000E+00  0.0000   0.0000E+00  0.0000   0.0000E+00  0.0000
   5.6234E-10   1.0000E-09   3.6121E-08  0.6904   0.0000E+00  0.0000   0.0000E+00  0.0000   0.0000E+00  0.0000
   1.0000E-09   1.7783E-09   9.0304E-08  0.5443   0.0000E+00  0.0000   0.0000E+00  0.0000   0.0000E+00  0.0000
   1.7783E-09   3.1623E-09   3.7626E-07  0.7002   0.0000E+00  0.0000   0.0000E+00  0.0000   0.0000E+00  0.0000
   3.1623E-09   5.6234E-09   8.1768E-07  0.6526   0.0000E+00  0.0000   0.0000E+00  0.0000   0.0000E+00  0.0000
   5.6234E-09   1.0000E-08   2.4609E-06  0.6646   0.0000E+00  0.0000   0.0000E+00  0.0000   0.0000E+00  0.0000
   1.0000E-08   1.7783E-08   6.1890E-06  0.6802   0.0000E+00  0.0000   0.0000E+00  0.0000   0.0000E+00  0.0000
   1.7783E-08   3.1623E-08   1.3042E-05  0.6449   0.0000E+00  0.0000   0.0000E+00  0.0000   0.0000E+00  0.0000
   3.1623E-08   5.6234E-08   2.0421E-05  0.6785   0.0000E+00  0.0000   0.0000E+00  0.0000   0.0000E+00  0.0000
   5.6234E-08   1.0000E-07   1.8432E-05  0.6617   0.0000E+00  0.0000   0.0000E+00  0.0000   0.0000E+00  0.0000
   1.0000E-07   1.7783E-07   6.4125E-06  0.5915   0.0000E+00  0.0000   0.0000E+00  0.0000   0.0000E+00  0.0000
   1.7783E-07   3.1623E-07   1.7031E-06  0.6232   0.0000E+00  0.0000   0.0000E+00  0.0000   0.0000E+00  0.0000
   3.1623E-07   5.6234E-07   9.4299E-07  0.5253   0.0000E+00  0.0000   0.0000E+00  0.0000   0.0000E+00  0.0000
   5.6234E-07   1.0000E-06   1.2093E-06  0.6425   0.0000E+00  0.0000   0.0000E+00  0.0000   0.0000E+00  0.0000
   1.0000E-06   1.7783E-06   1.3322E-06  0.6893   0.0000E+00  0.0000   0.0000E+00  0.0000   0.0000E+00  0.0000
   1.7783E-06   3.1623E-06   1.2347E-06  0.5855   0.0000E+00  0.0000   0.0000E+00  0.0000   0.0000E+00  0.0000
   3.1623E-06   5.6234E-06   9.9953E-07  0.6330   0.0000E+00  0.0000   0.0000E+00  0.0000   0.0000E+00  0.0000
   5.6234E-06   1.0000E-05   1.2005E-06  0.5869   0.0000E+00  0.0000   0.0000E+00  0.0000   0.0000E+00  0.0000
   1.0000E-05   1.7783E-05   1.1134E-06  0.6443   0.0000E+00  0.0000   0.0000E+00  0.0000   0.0000E+00  0.0000
   1.7783E-05   3.1623E-05   9.1510E-07  0.6313   0.0000E+00  0.0000   0.0000E+00  0.0000   0.0000E+00  0.0000
   3.1623E-05   5.6234E-05   1.2826E-06  0.5933   0.0000E+00  0.0000   0.0000E+00  0.0000   0.0000E+00  0.0000
   5.6234E-05   1.0000E-04   1.2503E-06  0.5395   0.0000E+00  0.0000   0.0000E+00  0.0000   0.0000E+00  0.0000
   1.0000E-04   1.7783E-04   1.8434E-06  0.6648   0.0000E+00  0.0000   6.7839E-23  1.0000   0.0000E+00  0.0000
   1.7783E-04   3.1623E-04   1.5365E-06  0.5972   0.0000E+00  0.0000   0.0000E+00  0.0000   0.0000E+00  0.0000
   3.1623E-04   5.6234E-04   1.4075E-06  0.7898   0.0000E+00  0.0000   0.0000E+00  0.0000   0.0000E+00  0.0000
   5.6234E-04   1.0000E-03   1.2308E-06  0.6770   0.0000E+00  0.0000   0.0000E+00  0.0000   4.1726E-17  0.6735
   1.0000E-03   1.7783E-03   1.3043E-06  0.5598   0.0000E+00  0.0000   5.3794E-14  1.0000   1.8344E-12  0.6102
   1.7783E-03   3.1623E-03   1.0661E-06  0.7066   0.0000E+00  0.0000   2.7037E-14  1.0000   2.9626E-12  0.6102
   3.1623E-03   5.6234E-03   1.1380E-06  0.6998   0.0000E+00  0.0000   3.9945E-14  1.0000   4.4722E-12  0.6102
   5.6234E-03   1.0000E-02   1.0815E-06  0.5614   0.0000E+00  0.0000   6.4066E-14  1.0000   6.1713E-12  0.6102
   1.0000E-02   1.7783E-02   1.5129E-06  0.6674   0.0000E+00  0.0000   1.1488E-13  1.0000   8.2774E-12  0.6102
   1.7783E-02   3.1623E-02   1.2490E-06  0.6746   0.0000E+00  0.0000   2.3716E-13  1.0000   1.1859E-11  0.6102
   3.1623E-02   5.6234E-02   1.4812E-06  0.6192   0.0000E+00  0.0000   5.5406E-13  1.0000   1.7795E-11  0.6102
   5.6234E-02   1.0000E-01   1.2389E-06  0.5639   0.0000E+00  0.0000   1.3883E-12  1.0000   2.9110E-11  0.6102
   1.0000E-01   1.7783E-01   2.5280E-06  0.6129   0.0000E+00  0.0000   3.5635E-12  1.0000   5.3716E-11  0.6102
   1.7783E-01   3.1623E-01   2.6541E-06  0.6377   0.0000E+00  0.0000   9.3213E-12  1.0000   1.1409E-10  0.6103
   3.1623E-01   5.6234E-01   2.8644E-06  0.6537   0.0000E+00  0.0000   2.4985E-11  1.0000   2.7159E-10  0.6106
   5.6234E-01   1.0000E+00   4.0865E-06  0.6725   0.0000E+00  0.0000   6.8527E-11  1.0000   6.8491E-10  0.6106
   1.0000E+00   1.7783E+00   4.4481E-06  0.6579   0.0000E+00  0.0000   1.9189E-10  1.0000   1.7508E-09  0.6090
   1.7783E+00   3.1623E+00   5.9887E-06  0.6683   0.0000E+00  0.0000   5.4581E-10  1.0000   4.2466E-09  0.5959
   3.1623E+00   5.6234E+00   3.2490E-06  0.5101   0.0000E+00  0.0000   1.5425E-09  1.0000   9.7557E-09  0.5818
   5.6234E+00   1.0000E+01   5.0170E-06  0.6932   0.0000E+00  0.0000   4.2970E-09  1.0000   2.2308E-08  0.5910
   1.0000E+01   1.7783E+01   2.8818E-06  0.6417   0.0000E+00  0.0000   1.1700E-08  1.0000   5.3080E-08  0.5874
   1.7783E+01   3.1623E+01   2.3214E-06  0.6422   0.0000E+00  0.0000   3.0545E-08  1.0000   1.2286E-07  0.5873
   3.1623E+01   5.6234E+01   2.6711E-06  0.5517   0.0000E+00  0.0000   7.4671E-08  1.0000   2.4444E-07  0.5949
   5.6234E+01   1.0000E+02   5.8600E-06  0.5958   0.0000E+00  0.0000   9.7147E-08  1.0000   3.8395E-07  0.5958
   1.0000E+02   1.7783E+02   5.1686E-06  0.5247   0.0000E+00  0.0000   0.0000E+00  0.0000   5.9123E-07  0.5983
   1.7783E+02   3.1623E+02   6.1875E-06  0.7172   0.0000E+00  0.0000   0.0000E+00  0.0000   5.5428E-07  0.6171
   3.1623E+02   5.6234E+02   1.1513E-06  0.5971   0.0000E+00  0.0000   0.0000E+00  0.0000   2.6664E-07  0.6311
   5.6234E+02   1.0000E+03   8.2415E-07  0.6633   0.0000E+00  0.0000   0.0000E+00  0.0000   3.9185E-07  0.6445
   1.0000E+03   1.7783E+03   7.2906E-07  0.7220   0.0000E+00  0.0000   0.0000E+00  0.0000   1.2510E-07  0.5305
   1.7783E+03   3.1623E+03   2.2765E-07  0.6303   0.0000E+00  0.0000   0.0000E+00  0.0000   8.5515E-07  0.9370
   3.1623E+03   5.6234E+03   4.3796E-08  0.5066   0.0000E+00  0.0000   0.0000E+00  0.0000   1.9989E-07  0.8499
   5.6234E+03   1.0000E+04   3.5307E-08  0.7468   0.0000E+00  0.0000   0.0000E+00  0.0000   7.8189E-09  1.0000
   1.0000E+04   1.7783E+04   0.0000E+00  0.0000   0.0000E+00  0.0000   0.0000E+00  0.0000   1.1002E-08  1.0000
   1.7783E+04   3.1623E+04   5.2699E-09  1.0000   0.0000E+00  0.0000   0.0000E+00  0.0000   1.1614E-08  1.0000
   3.1623E+04   5.6234E+04   0.0000E+00  0.0000   0.0000E+00  0.0000   0.0000E+00  0.0000   1.1604E-08  1.0000
   5.6234E+04   1.0000E+05   0.0000E+00  0.0000   0.0000E+00  0.0000   0.0000E+00  0.0000   0.0000E+00  0.0000

#   sum over                 1.5651E-04  0.6380   0.0000E+00  0.0000   2.2075E-07  1.0000   3.8698E-06  0.6243

'no. = 17, (ix,iy,iz) = (  1,  1, 17)'
msuc: {\huge Flux spectra vs depth in concrete}
msdr: {\it plotted by \ANGEL \version}
msdl: {\it calculated by \PHITS  3.36}
wt: s(0.7)
\vspace{-3}
   vol  &=&   2.8800E+07 [cm^3]
  xmin  &=&  -6.0000E+02 [cm]
  xmax  &=&   6.0000E+02 [cm]
  ymin  &=&  -6.0000E+02 [cm]
  ymax  &=&   6.0000E+02 [cm]
  zmin  &=&  -3.8000E+02 [cm]
  zmax  &=&  -3.6000E+02 [cm]
e:

#------------------------------------------------------------------------------
 newpage:
#   no. = 18   ix  =  1   iy  =  1   iz  = 18
#   x = (  -6.0000E+02  -   6.0000E+02  )
#   y = (  -6.0000E+02  -   6.0000E+02  )
#   z = (  -3.6000E+02  -  -3.4000E+02  )

x: Energy [MeV/n]
y: Flux [1/cm^2/source]              
p: xlog ylog afac(0.8) form(0.9)
h: n            x            y(neutron ),hh0l n y(muon-   ),hh0dr n y(muon+   ),hh0ub n y(proton  ),hh0mg n 
#  e-lower      e-upper        neutron   r.err      muon-     r.err      muon+     r.err      proton    r.err 
   1.0000E-10   1.7783E-10   3.0851E-10  0.8517   0.0000E+00  0.0000   0.0000E+00  0.0000   0.0000E+00  0.0000
   1.7783E-10   3.1623E-10   3.2631E-09  0.5400   0.0000E+00  0.0000   0.0000E+00  0.0000   0.0000E+00  0.0000
   3.1623E-10   5.6234E-10   9.9775E-09  0.6449   0.0000E+00  0.0000   0.0000E+00  0.0000   0.0000E+00  0.0000
   5.6234E-10   1.0000E-09   3.1182E-08  0.7168   0.0000E+00  0.0000   0.0000E+00  0.0000   0.0000E+00  0.0000
   1.0000E-09   1.7783E-09   9.3589E-08  0.5562   0.0000E+00  0.0000   0.0000E+00  0.0000   0.0000E+00  0.0000
   1.7783E-09   3.1623E-09   2.9570E-07  0.5821   0.0000E+00  0.0000   0.0000E+00  0.0000   0.0000E+00  0.0000
   3.1623E-09   5.6234E-09   7.8635E-07  0.5982   0.0000E+00  0.0000   0.0000E+00  0.0000   0.0000E+00  0.0000
   5.6234E-09   1.0000E-08   2.5629E-06  0.5895   0.0000E+00  0.0000   0.0000E+00  0.0000   0.0000E+00  0.0000
   1.0000E-08   1.7783E-08   6.3004E-06  0.5752   0.0000E+00  0.0000   0.0000E+00  0.0000   0.0000E+00  0.0000
   1.7783E-08   3.1623E-08   1.2811E-05  0.5873   0.0000E+00  0.0000   0.0000E+00  0.0000   0.0000E+00  0.0000
   3.1623E-08   5.6234E-08   2.1267E-05  0.6062   0.0000E+00  0.0000   0.0000E+00  0.0000   0.0000E+00  0.0000
   5.6234E-08   1.0000E-07   1.8840E-05  0.6001   0.0000E+00  0.0000   0.0000E+00  0.0000   0.0000E+00  0.0000
   1.0000E-07   1.7783E-07   8.7175E-06  0.6197   0.0000E+00  0.0000   0.0000E+00  0.0000   0.0000E+00  0.0000
   1.7783E-07   3.1623E-07   2.0479E-06  0.6165   0.0000E+00  0.0000   0.0000E+00  0.0000   0.0000E+00  0.0000
   3.1623E-07   5.6234E-07   1.6455E-06  0.5900   0.0000E+00  0.0000   0.0000E+00  0.0000   0.0000E+00  0.0000
   5.6234E-07   1.0000E-06   1.6500E-06  0.6432   0.0000E+00  0.0000   0.0000E+00  0.0000   0.0000E+00  0.0000
   1.0000E-06   1.7783E-06   1.0559E-06  0.5927   0.0000E+00  0.0000   0.0000E+00  0.0000   0.0000E+00  0.0000
   1.7783E-06   3.1623E-06   1.3183E-06  0.6204   0.0000E+00  0.0000   0.0000E+00  0.0000   0.0000E+00  0.0000
   3.1623E-06   5.6234E-06   8.5810E-07  0.5711   0.0000E+00  0.0000   0.0000E+00  0.0000   0.0000E+00  0.0000
   5.6234E-06   1.0000E-05   1.5617E-06  0.6400   0.0000E+00  0.0000   0.0000E+00  0.0000   0.0000E+00  0.0000
   1.0000E-05   1.7783E-05   1.5886E-06  0.6320   0.0000E+00  0.0000   0.0000E+00  0.0000   0.0000E+00  0.0000
   1.7783E-05   3.1623E-05   1.2519E-06  0.5733   0.0000E+00  0.0000   0.0000E+00  0.0000   0.0000E+00  0.0000
   3.1623E-05   5.6234E-05   1.1006E-06  0.5979   0.0000E+00  0.0000   0.0000E+00  0.0000   0.0000E+00  0.0000
   5.6234E-05   1.0000E-04   1.5194E-06  0.6282   0.0000E+00  0.0000   0.0000E+00  0.0000   0.0000E+00  0.0000
   1.0000E-04   1.7783E-04   1.0871E-06  0.6386   0.0000E+00  0.0000   3.6935E-18  1.0000   0.0000E+00  0.0000
   1.7783E-04   3.1623E-04   1.1350E-06  0.5909   0.0000E+00  0.0000   0.0000E+00  0.0000   0.0000E+00  0.0000
   3.1623E-04   5.6234E-04   1.3875E-06  0.5944   0.0000E+00  0.0000   0.0000E+00  0.0000   0.0000E+00  0.0000
   5.6234E-04   1.0000E-03   1.6134E-06  0.5830   0.0000E+00  0.0000   0.0000E+00  0.0000   4.8546E-17  0.6122
   1.0000E-03   1.7783E-03   9.4791E-07  0.4529   0.0000E+00  0.0000   1.6602E-13  0.7452   2.5015E-12  0.5762
   1.7783E-03   3.1623E-03   1.4575E-06  0.5939   0.0000E+00  0.0000   8.1111E-14  0.7452   4.0397E-12  0.5762
   3.1623E-03   5.6234E-03   1.3650E-06  0.6316   0.0000E+00  0.0000   1.1983E-13  0.7452   6.0982E-12  0.5762
   5.6234E-03   1.0000E-02   1.1223E-06  0.5675   0.0000E+00  0.0000   1.9220E-13  0.7452   8.4150E-12  0.5762
   1.0000E-02   1.7783E-02   1.2729E-06  0.7142   0.0000E+00  0.0000   3.4463E-13  0.7452   1.1287E-11  0.5762
   1.7783E-02   3.1623E-02   1.4594E-06  0.5365   0.0000E+00  0.0000   7.1149E-13  0.7452   1.6170E-11  0.5762
   3.1623E-02   5.6234E-02   1.1420E-06  0.6133   0.0000E+00  0.0000   1.6622E-12  0.7452   2.4265E-11  0.5762
   5.6234E-02   1.0000E-01   1.5557E-06  0.5563   0.0000E+00  0.0000   4.1648E-12  0.7452   3.9694E-11  0.5762
   1.0000E-01   1.7783E-01   2.5490E-06  0.5550   0.0000E+00  0.0000   1.0690E-11  0.7452   7.3246E-11  0.5762
   1.7783E-01   3.1623E-01   2.3654E-06  0.5884   0.0000E+00  0.0000   2.7964E-11  0.7452   1.5558E-10  0.5763
   3.1623E-01   5.6234E-01   2.4464E-06  0.6044   0.0000E+00  0.0000   7.4955E-11  0.7452   3.7050E-10  0.5764
   5.6234E-01   1.0000E+00   3.8026E-06  0.5496   0.0000E+00  0.0000   2.0558E-10  0.7452   9.3193E-10  0.5766
   1.0000E+00   1.7783E+00   5.9806E-06  0.5097   0.0000E+00  0.0000   5.7566E-10  0.7452   2.3575E-09  0.5807
   1.7783E+00   3.1623E+00   6.5300E-06  0.5326   0.0000E+00  0.0000   1.6374E-09  0.7452   5.6604E-09  0.5840
   3.1623E+00   5.6234E+00   6.2223E-06  0.5972   0.0000E+00  0.0000   1.5476E-09  0.7452   1.3518E-08  0.5892
   5.6234E+00   1.0000E+01   3.5032E-06  0.5475   0.0000E+00  0.0000   0.0000E+00  0.0000   2.9386E-08  0.5681
   1.0000E+01   1.7783E+01   2.1327E-06  0.5555   0.0000E+00  0.0000   0.0000E+00  0.0000   6.5920E-08  0.5709
   1.7783E+01   3.1623E+01   2.6536E-06  0.6933   0.0000E+00  0.0000   0.0000E+00  0.0000   1.4176E-07  0.5453
   3.1623E+01   5.6234E+01   3.3679E-06  0.4860   0.0000E+00  0.0000   0.0000E+00  0.0000   2.7973E-07  0.5335
   5.6234E+01   1.0000E+02   6.2144E-06  0.5594   0.0000E+00  0.0000   7.0017E-08  1.0000   4.6808E-07  0.5032
   1.0000E+02   1.7783E+02   9.7769E-06  0.6055   0.0000E+00  0.0000   3.3908E-07  1.0000   5.8144E-07  0.4795
   1.7783E+02   3.1623E+02   5.4898E-06  0.7742   0.0000E+00  0.0000   1.7009E-08  1.0000   8.8356E-07  0.5947
   3.1623E+02   5.6234E+02   2.0637E-06  0.7444   0.0000E+00  0.0000   0.0000E+00  0.0000   5.3410E-07  0.6641
   5.6234E+02   1.0000E+03   1.1259E-06  0.5415   0.0000E+00  0.0000   0.0000E+00  0.0000   3.7987E-07  0.6574
   1.0000E+03   1.7783E+03   9.6553E-07  0.7243   0.0000E+00  0.0000   0.0000E+00  0.0000   4.0740E-07  0.6135
   1.7783E+03   3.1623E+03   2.5670E-07  0.6191   0.0000E+00  0.0000   0.0000E+00  0.0000   8.9493E-07  0.9186
   3.1623E+03   5.6234E+03   7.8060E-08  0.5144   0.0000E+00  0.0000   0.0000E+00  0.0000   2.5209E-07  0.8463
   5.6234E+03   1.0000E+04   3.5302E-08  0.7468   0.0000E+00  0.0000   0.0000E+00  0.0000   1.2157E-08  1.0000
   1.0000E+04   1.7783E+04   0.0000E+00  0.0000   0.0000E+00  0.0000   0.0000E+00  0.0000   1.1640E-08  1.0000
   1.7783E+04   3.1623E+04   1.1063E-08  1.0000   0.0000E+00  0.0000   0.0000E+00  0.0000   1.1615E-08  1.0000
   3.1623E+04   5.6234E+04   0.0000E+00  0.0000   0.0000E+00  0.0000   0.0000E+00  0.0000   1.1604E-08  1.0000
   5.6234E+04   1.0000E+05   0.0000E+00  0.0000   0.0000E+00  0.0000   0.0000E+00  0.0000   0.0000E+00  0.0000

#   sum over                 1.7043E-04  0.5885   0.0000E+00  0.0000   4.3020E-07  0.9937   4.9885E-06  0.5353

'no. = 18, (ix,iy,iz) = (  1,  1, 18)'
msuc: {\huge Flux spectra vs depth in concrete}
msdr: {\it plotted by \ANGEL \version}
msdl: {\it calculated by \PHITS  3.36}
wt: s(0.7)
\vspace{-3}
   vol  &=&   2.8800E+07 [cm^3]
  xmin  &=&  -6.0000E+02 [cm]
  xmax  &=&   6.0000E+02 [cm]
  ymin  &=&  -6.0000E+02 [cm]
  ymax  &=&   6.0000E+02 [cm]
  zmin  &=&  -3.6000E+02 [cm]
  zmax  &=&  -3.4000E+02 [cm]
e:

#------------------------------------------------------------------------------
 newpage:
#   no. = 19   ix  =  1   iy  =  1   iz  = 19
#   x = (  -6.0000E+02  -   6.0000E+02  )
#   y = (  -6.0000E+02  -   6.0000E+02  )
#   z = (  -3.4000E+02  -  -3.2000E+02  )

x: Energy [MeV/n]
y: Flux [1/cm^2/source]              
p: xlog ylog afac(0.8) form(0.9)
h: n            x            y(neutron ),hh0l n y(muon-   ),hh0dr n y(muon+   ),hh0ub n y(proton  ),hh0mg n 
#  e-lower      e-upper        neutron   r.err      muon-     r.err      muon+     r.err      proton    r.err 
   1.0000E-10   1.7783E-10   9.1205E-10  0.6538   0.0000E+00  0.0000   0.0000E+00  0.0000   0.0000E+00  0.0000
   1.7783E-10   3.1623E-10   2.3076E-09  0.6529   0.0000E+00  0.0000   0.0000E+00  0.0000   0.0000E+00  0.0000
   3.1623E-10   5.6234E-10   1.0248E-08  0.5750   0.0000E+00  0.0000   0.0000E+00  0.0000   0.0000E+00  0.0000
   5.6234E-10   1.0000E-09   4.2378E-08  0.4705   0.0000E+00  0.0000   0.0000E+00  0.0000   0.0000E+00  0.0000
   1.0000E-09   1.7783E-09   1.1353E-07  0.6522   0.0000E+00  0.0000   0.0000E+00  0.0000   0.0000E+00  0.0000
   1.7783E-09   3.1623E-09   4.1483E-07  0.5693   0.0000E+00  0.0000   0.0000E+00  0.0000   0.0000E+00  0.0000
   3.1623E-09   5.6234E-09   1.0349E-06  0.6121   0.0000E+00  0.0000   0.0000E+00  0.0000   0.0000E+00  0.0000
   5.6234E-09   1.0000E-08   3.7586E-06  0.5998   0.0000E+00  0.0000   0.0000E+00  0.0000   0.0000E+00  0.0000
   1.0000E-08   1.7783E-08   9.1033E-06  0.5937   0.0000E+00  0.0000   0.0000E+00  0.0000   0.0000E+00  0.0000
   1.7783E-08   3.1623E-08   1.8880E-05  0.5843   0.0000E+00  0.0000   0.0000E+00  0.0000   0.0000E+00  0.0000
   3.1623E-08   5.6234E-08   2.8370E-05  0.5853   0.0000E+00  0.0000   0.0000E+00  0.0000   0.0000E+00  0.0000
   5.6234E-08   1.0000E-07   2.3656E-05  0.5578   0.0000E+00  0.0000   0.0000E+00  0.0000   0.0000E+00  0.0000
   1.0000E-07   1.7783E-07   1.0253E-05  0.6026   0.0000E+00  0.0000   0.0000E+00  0.0000   0.0000E+00  0.0000
   1.7783E-07   3.1623E-07   3.1582E-06  0.6702   0.0000E+00  0.0000   0.0000E+00  0.0000   0.0000E+00  0.0000
   3.1623E-07   5.6234E-07   1.6446E-06  0.6804   0.0000E+00  0.0000   0.0000E+00  0.0000   0.0000E+00  0.0000
   5.6234E-07   1.0000E-06   1.6359E-06  0.5890   0.0000E+00  0.0000   0.0000E+00  0.0000   0.0000E+00  0.0000
   1.0000E-06   1.7783E-06   2.1561E-06  0.6089   0.0000E+00  0.0000   0.0000E+00  0.0000   0.0000E+00  0.0000
   1.7783E-06   3.1623E-06   1.1708E-06  0.5475   0.0000E+00  0.0000   0.0000E+00  0.0000   0.0000E+00  0.0000
   3.1623E-06   5.6234E-06   1.3991E-06  0.5476   0.0000E+00  0.0000   0.0000E+00  0.0000   0.0000E+00  0.0000
   5.6234E-06   1.0000E-05   1.5063E-06  0.6570   0.0000E+00  0.0000   0.0000E+00  0.0000   0.0000E+00  0.0000
   1.0000E-05   1.7783E-05   1.8561E-06  0.6416   0.0000E+00  0.0000   0.0000E+00  0.0000   0.0000E+00  0.0000
   1.7783E-05   3.1623E-05   1.7992E-06  0.6196   0.0000E+00  0.0000   0.0000E+00  0.0000   0.0000E+00  0.0000
   3.1623E-05   5.6234E-05   2.1371E-06  0.6531   0.0000E+00  0.0000   0.0000E+00  0.0000   0.0000E+00  0.0000
   5.6234E-05   1.0000E-04   1.4606E-06  0.5528   0.0000E+00  0.0000   0.0000E+00  0.0000   0.0000E+00  0.0000
   1.0000E-04   1.7783E-04   1.6682E-06  0.5802   0.0000E+00  0.0000   0.0000E+00  0.0000   0.0000E+00  0.0000
   1.7783E-04   3.1623E-04   1.5607E-06  0.5624   0.0000E+00  0.0000   0.0000E+00  0.0000   0.0000E+00  0.0000
   3.1623E-04   5.6234E-04   1.4191E-06  0.6408   0.0000E+00  0.0000   0.0000E+00  0.0000   0.0000E+00  0.0000
   5.6234E-04   1.0000E-03   1.6312E-06  0.5265   0.0000E+00  0.0000   0.0000E+00  0.0000   5.0362E-17  0.5767
   1.0000E-03   1.7783E-03   1.9168E-06  0.5886   0.0000E+00  0.0000   0.0000E+00  0.0000   2.7740E-12  0.6023
   1.7783E-03   3.1623E-03   1.5598E-06  0.6045   0.0000E+00  0.0000   0.0000E+00  0.0000   4.4799E-12  0.6022
   3.1623E-03   5.6234E-03   1.8992E-06  0.5047   0.0000E+00  0.0000   0.0000E+00  0.0000   6.7627E-12  0.6022
   5.6234E-03   1.0000E-02   1.1445E-06  0.5930   0.0000E+00  0.0000   0.0000E+00  0.0000   9.3320E-12  0.6022
   1.0000E-02   1.7783E-02   1.6358E-06  0.5921   0.0000E+00  0.0000   0.0000E+00  0.0000   1.2517E-11  0.6022
   1.7783E-02   3.1623E-02   1.7132E-06  0.6124   0.0000E+00  0.0000   0.0000E+00  0.0000   1.7932E-11  0.6022
   3.1623E-02   5.6234E-02   1.6108E-06  0.6285   0.0000E+00  0.0000   0.0000E+00  0.0000   2.6909E-11  0.6022
   5.6234E-02   1.0000E-01   2.4251E-06  0.5956   0.0000E+00  0.0000   0.0000E+00  0.0000   4.4019E-11  0.6022
   1.0000E-01   1.7783E-01   3.2282E-06  0.5337   0.0000E+00  0.0000   0.0000E+00  0.0000   8.1227E-11  0.6022
   1.7783E-01   3.1623E-01   2.6863E-06  0.5644   0.0000E+00  0.0000   0.0000E+00  0.0000   1.7256E-10  0.6023
   3.1623E-01   5.6234E-01   4.3976E-06  0.5763   0.0000E+00  0.0000   0.0000E+00  0.0000   4.1092E-10  0.6025
   5.6234E-01   1.0000E+00   7.0085E-06  0.6113   0.0000E+00  0.0000   0.0000E+00  0.0000   1.0363E-09  0.6026
   1.0000E+00   1.7783E+00   6.9260E-06  0.6018   0.0000E+00  0.0000   0.0000E+00  0.0000   2.6380E-09  0.6005
   1.7783E+00   3.1623E+00   9.5731E-06  0.5969   0.0000E+00  0.0000   0.0000E+00  0.0000   6.4433E-09  0.6057
   3.1623E+00   5.6234E+00   6.0303E-06  0.6650   0.0000E+00  0.0000   0.0000E+00  0.0000   1.4115E-08  0.6286
   5.6234E+00   1.0000E+01   4.4474E-06  0.5691   0.0000E+00  0.0000   0.0000E+00  0.0000   3.0495E-08  0.6765
   1.0000E+01   1.7783E+01   3.4821E-06  0.5144   0.0000E+00  0.0000   0.0000E+00  0.0000   6.8083E-08  0.7094
   1.7783E+01   3.1623E+01   4.2926E-06  0.5641   0.0000E+00  0.0000   0.0000E+00  0.0000   1.3638E-07  0.6814
   3.1623E+01   5.6234E+01   5.4737E-06  0.5380   0.0000E+00  0.0000   0.0000E+00  0.0000   2.7246E-07  0.6658
   5.6234E+01   1.0000E+02   8.7991E-06  0.6268   0.0000E+00  0.0000   0.0000E+00  0.0000   4.7489E-07  0.6746
   1.0000E+02   1.7783E+02   1.0756E-05  0.6045   0.0000E+00  0.0000   0.0000E+00  0.0000   7.5992E-07  0.6822
   1.7783E+02   3.1623E+02   6.1447E-06  0.7053   0.0000E+00  0.0000   0.0000E+00  0.0000   8.7034E-07  0.5115
   3.1623E+02   5.6234E+02   2.7514E-06  0.7852   0.0000E+00  0.0000   0.0000E+00  0.0000   1.5002E-06  0.5537
   5.6234E+02   1.0000E+03   1.4499E-06  0.5483   0.0000E+00  0.0000   0.0000E+00  0.0000   2.1372E-07  0.5040
   1.0000E+03   1.7783E+03   1.2168E-06  0.6806   0.0000E+00  0.0000   0.0000E+00  0.0000   7.1929E-07  0.7043
   1.7783E+03   3.1623E+03   2.5667E-07  0.5973   0.0000E+00  0.0000   0.0000E+00  0.0000   9.3013E-07  0.9009
   3.1623E+03   5.6234E+03   9.3799E-08  0.6127   0.0000E+00  0.0000   0.0000E+00  0.0000   3.0816E-07  0.7261
   5.6234E+03   1.0000E+04   5.1979E-08  0.7747   0.0000E+00  0.0000   0.0000E+00  0.0000   1.8934E-08  1.0000
   1.0000E+04   1.7783E+04   6.3634E-09  1.0000   0.0000E+00  0.0000   0.0000E+00  0.0000   9.2226E-09  1.0000
   1.7783E+04   3.1623E+04   1.0577E-08  1.0000   0.0000E+00  0.0000   0.0000E+00  0.0000   1.4021E-08  1.0000
   3.1623E+04   5.6234E+04   0.0000E+00  0.0000   0.0000E+00  0.0000   0.0000E+00  0.0000   1.2613E-08  1.0000
   5.6234E+04   1.0000E+05   0.0000E+00  0.0000   0.0000E+00  0.0000   0.0000E+00  0.0000   0.0000E+00  0.0000

#   sum over                 2.2483E-04  0.5880   0.0000E+00  0.0000   0.0000E+00  0.0000   6.3639E-06  0.5720

'no. = 19, (ix,iy,iz) = (  1,  1, 19)'
msuc: {\huge Flux spectra vs depth in concrete}
msdr: {\it plotted by \ANGEL \version}
msdl: {\it calculated by \PHITS  3.36}
wt: s(0.7)
\vspace{-3}
   vol  &=&   2.8800E+07 [cm^3]
  xmin  &=&  -6.0000E+02 [cm]
  xmax  &=&   6.0000E+02 [cm]
  ymin  &=&  -6.0000E+02 [cm]
  ymax  &=&   6.0000E+02 [cm]
  zmin  &=&  -3.4000E+02 [cm]
  zmax  &=&  -3.2000E+02 [cm]
e:

#------------------------------------------------------------------------------
 newpage:
#   no. = 20   ix  =  1   iy  =  1   iz  = 20
#   x = (  -6.0000E+02  -   6.0000E+02  )
#   y = (  -6.0000E+02  -   6.0000E+02  )
#   z = (  -3.2000E+02  -  -3.0000E+02  )

x: Energy [MeV/n]
y: Flux [1/cm^2/source]              
p: xlog ylog afac(0.8) form(0.9)
h: n            x            y(neutron ),hh0l n y(muon-   ),hh0dr n y(muon+   ),hh0ub n y(proton  ),hh0mg n 
#  e-lower      e-upper        neutron   r.err      muon-     r.err      muon+     r.err      proton    r.err 
   1.0000E-10   1.7783E-10   8.7138E-09  0.8180   0.0000E+00  0.0000   0.0000E+00  0.0000   0.0000E+00  0.0000
   1.7783E-10   3.1623E-10   5.5555E-09  0.6598   0.0000E+00  0.0000   0.0000E+00  0.0000   0.0000E+00  0.0000
   3.1623E-10   5.6234E-10   2.2370E-08  0.7904   0.0000E+00  0.0000   0.0000E+00  0.0000   0.0000E+00  0.0000
   5.6234E-10   1.0000E-09   8.0095E-08  0.6874   0.0000E+00  0.0000   0.0000E+00  0.0000   0.0000E+00  0.0000
   1.0000E-09   1.7783E-09   2.1291E-07  0.6327   0.0000E+00  0.0000   0.0000E+00  0.0000   0.0000E+00  0.0000
   1.7783E-09   3.1623E-09   6.3611E-07  0.6046   0.0000E+00  0.0000   0.0000E+00  0.0000   0.0000E+00  0.0000
   3.1623E-09   5.6234E-09   1.8391E-06  0.6529   0.0000E+00  0.0000   0.0000E+00  0.0000   0.0000E+00  0.0000
   5.6234E-09   1.0000E-08   4.9655E-06  0.6413   0.0000E+00  0.0000   0.0000E+00  0.0000   0.0000E+00  0.0000
   1.0000E-08   1.7783E-08   1.3101E-05  0.6410   0.0000E+00  0.0000   0.0000E+00  0.0000   0.0000E+00  0.0000
   1.7783E-08   3.1623E-08   2.5503E-05  0.6215   0.0000E+00  0.0000   0.0000E+00  0.0000   0.0000E+00  0.0000
   3.1623E-08   5.6234E-08   3.9598E-05  0.6199   0.0000E+00  0.0000   0.0000E+00  0.0000   0.0000E+00  0.0000
   5.6234E-08   1.0000E-07   3.8347E-05  0.6445   0.0000E+00  0.0000   0.0000E+00  0.0000   0.0000E+00  0.0000
   1.0000E-07   1.7783E-07   1.6236E-05  0.6645   0.0000E+00  0.0000   0.0000E+00  0.0000   0.0000E+00  0.0000
   1.7783E-07   3.1623E-07   4.9427E-06  0.7489   0.0000E+00  0.0000   0.0000E+00  0.0000   0.0000E+00  0.0000
   3.1623E-07   5.6234E-07   3.4953E-06  0.6987   0.0000E+00  0.0000   0.0000E+00  0.0000   0.0000E+00  0.0000
   5.6234E-07   1.0000E-06   2.6700E-06  0.7082   0.0000E+00  0.0000   0.0000E+00  0.0000   0.0000E+00  0.0000
   1.0000E-06   1.7783E-06   3.0949E-06  0.6579   0.0000E+00  0.0000   0.0000E+00  0.0000   0.0000E+00  0.0000
   1.7783E-06   3.1623E-06   3.2240E-06  0.6249   0.0000E+00  0.0000   0.0000E+00  0.0000   0.0000E+00  0.0000
   3.1623E-06   5.6234E-06   2.9917E-06  0.6973   0.0000E+00  0.0000   0.0000E+00  0.0000   0.0000E+00  0.0000
   5.6234E-06   1.0000E-05   2.6552E-06  0.6753   0.0000E+00  0.0000   0.0000E+00  0.0000   0.0000E+00  0.0000
   1.0000E-05   1.7783E-05   2.1328E-06  0.6073   0.0000E+00  0.0000   0.0000E+00  0.0000   0.0000E+00  0.0000
   1.7783E-05   3.1623E-05   3.3276E-06  0.6563   0.0000E+00  0.0000   0.0000E+00  0.0000   0.0000E+00  0.0000
   3.1623E-05   5.6234E-05   2.7847E-06  0.6725   0.0000E+00  0.0000   0.0000E+00  0.0000   0.0000E+00  0.0000
   5.6234E-05   1.0000E-04   2.4923E-06  0.6627   0.0000E+00  0.0000   0.0000E+00  0.0000   0.0000E+00  0.0000
   1.0000E-04   1.7783E-04   2.2972E-06  0.6719   0.0000E+00  0.0000   3.6937E-18  1.0000   0.0000E+00  0.0000
   1.7783E-04   3.1623E-04   2.9863E-06  0.6847   0.0000E+00  0.0000   0.0000E+00  0.0000   0.0000E+00  0.0000
   3.1623E-04   5.6234E-04   2.4174E-06  0.6164   0.0000E+00  0.0000   0.0000E+00  0.0000   0.0000E+00  0.0000
   5.6234E-04   1.0000E-03   3.2392E-06  0.7428   0.0000E+00  0.0000   0.0000E+00  0.0000   9.8650E-17  0.6474
   1.0000E-03   1.7783E-03   2.4298E-06  0.7081   0.0000E+00  0.0000   1.1068E-13  1.0000   4.3131E-12  0.6631
   1.7783E-03   3.1623E-03   2.2915E-06  0.6829   0.0000E+00  0.0000   5.4074E-14  1.0000   6.9662E-12  0.6631
   3.1623E-03   5.6234E-03   2.0334E-06  0.6356   0.0000E+00  0.0000   7.9890E-14  1.0000   1.0516E-11  0.6631
   5.6234E-03   1.0000E-02   2.4843E-06  0.6836   0.0000E+00  0.0000   1.2813E-13  1.0000   1.4511E-11  0.6631
   1.0000E-02   1.7783E-02   2.5823E-06  0.6116   0.0000E+00  0.0000   2.2975E-13  1.0000   1.9463E-11  0.6631
   1.7783E-02   3.1623E-02   2.6153E-06  0.5964   0.0000E+00  0.0000   4.7432E-13  1.0000   2.7884E-11  0.6631
   3.1623E-02   5.6234E-02   3.2080E-06  0.5408   0.0000E+00  0.0000   1.1081E-12  1.0000   4.1843E-11  0.6631
   5.6234E-02   1.0000E-01   5.0906E-06  0.5866   0.0000E+00  0.0000   2.7765E-12  1.0000   6.8440E-11  0.6632
   1.0000E-01   1.7783E-01   4.0732E-06  0.5150   0.0000E+00  0.0000   7.1269E-12  1.0000   1.2627E-10  0.6633
   1.7783E-01   3.1623E-01   5.5117E-06  0.6219   0.0000E+00  0.0000   1.8643E-11  1.0000   2.6827E-10  0.6633
   3.1623E-01   5.6234E-01   5.7721E-06  0.5886   0.0000E+00  0.0000   4.9970E-11  1.0000   6.3914E-10  0.6633
   5.6234E-01   1.0000E+00   8.5640E-06  0.5200   0.0000E+00  0.0000   1.3705E-10  1.0000   1.6073E-09  0.6653
   1.0000E+00   1.7783E+00   8.0430E-06  0.5752   0.0000E+00  0.0000   3.8378E-10  1.0000   4.0728E-09  0.6647
   1.7783E+00   3.1623E+00   1.5510E-05  0.6228   0.0000E+00  0.0000   1.0916E-09  1.0000   1.0225E-08  0.6668
   3.1623E+00   5.6234E+00   8.0107E-06  0.6190   0.0000E+00  0.0000   1.0317E-09  1.0000   2.4252E-08  0.6636
   5.6234E+00   1.0000E+01   1.2038E-05  0.6463   0.0000E+00  0.0000   0.0000E+00  0.0000   5.6661E-08  0.6539
   1.0000E+01   1.7783E+01   3.5125E-06  0.6625   0.0000E+00  0.0000   0.0000E+00  0.0000   1.1769E-07  0.6615
   1.7783E+01   3.1623E+01   4.5814E-06  0.5993   0.0000E+00  0.0000   0.0000E+00  0.0000   2.1050E-07  0.6735
   3.1623E+01   5.6234E+01   6.4386E-06  0.6470   0.0000E+00  0.0000   0.0000E+00  0.0000   4.1677E-07  0.6743
   5.6234E+01   1.0000E+02   1.0024E-05  0.5871   0.0000E+00  0.0000   0.0000E+00  0.0000   8.1168E-07  0.6808
   1.0000E+02   1.7783E+02   1.0879E-05  0.5408   0.0000E+00  0.0000   0.0000E+00  0.0000   7.7865E-07  0.6550
   1.7783E+02   3.1623E+02   6.4248E-06  0.5557   0.0000E+00  0.0000   0.0000E+00  0.0000   8.3638E-07  0.7236
   3.1623E+02   5.6234E+02   4.6559E-06  0.7362   0.0000E+00  0.0000   0.0000E+00  0.0000   1.5951E-06  0.5992
   5.6234E+02   1.0000E+03   1.7495E-06  0.5606   0.0000E+00  0.0000   0.0000E+00  0.0000   5.0180E-07  0.7458
   1.0000E+03   1.7783E+03   1.3969E-06  0.6234   0.0000E+00  0.0000   0.0000E+00  0.0000   1.3647E-06  0.6716
   1.7783E+03   3.1623E+03   2.7975E-07  0.5680   0.0000E+00  0.0000   0.0000E+00  0.0000   9.3439E-07  0.8930
   3.1623E+03   5.6234E+03   1.0943E-07  0.8057   0.0000E+00  0.0000   0.0000E+00  0.0000   3.7309E-07  0.6338
   5.6234E+03   1.0000E+04   1.1484E-07  0.8225   0.0000E+00  0.0000   0.0000E+00  0.0000   3.6011E-08  1.0000
   1.0000E+04   1.7783E+04   1.5421E-08  1.0000   0.0000E+00  0.0000   0.0000E+00  0.0000   0.0000E+00  0.0000
   1.7783E+04   3.1623E+04   0.0000E+00  0.0000   0.0000E+00  0.0000   0.0000E+00  0.0000   2.3233E-08  1.0000
   3.1623E+04   5.6234E+04   0.0000E+00  0.0000   0.0000E+00  0.0000   0.0000E+00  0.0000   2.3204E-08  1.0000
   5.6234E+04   1.0000E+05   0.0000E+00  0.0000   0.0000E+00  0.0000   0.0000E+00  0.0000   0.0000E+00  0.0000

#   sum over                 3.2575E-04  0.6213   0.0000E+00  0.0000   2.7249E-09  1.0000   8.1212E-06  0.6086

'no. = 20, (ix,iy,iz) = (  1,  1, 20)'
msuc: {\huge Flux spectra vs depth in concrete}
msdr: {\it plotted by \ANGEL \version}
msdl: {\it calculated by \PHITS  3.36}
wt: s(0.7)
\vspace{-3}
   vol  &=&   2.8800E+07 [cm^3]
  xmin  &=&  -6.0000E+02 [cm]
  xmax  &=&   6.0000E+02 [cm]
  ymin  &=&  -6.0000E+02 [cm]
  ymax  &=&   6.0000E+02 [cm]
  zmin  &=&  -3.2000E+02 [cm]
  zmax  &=&  -3.0000E+02 [cm]
e:

#------------------------------------------------------------------------------
 newpage:
#   no. = 21   ix  =  1   iy  =  1   iz  = 21
#   x = (  -6.0000E+02  -   6.0000E+02  )
#   y = (  -6.0000E+02  -   6.0000E+02  )
#   z = (  -3.0000E+02  -  -2.8000E+02  )

x: Energy [MeV/n]
y: Flux [1/cm^2/source]              
p: xlog ylog afac(0.8) form(0.9)
h: n            x            y(neutron ),hh0l n y(muon-   ),hh0dr n y(muon+   ),hh0ub n y(proton  ),hh0mg n 
#  e-lower      e-upper        neutron   r.err      muon-     r.err      muon+     r.err      proton    r.err 
   1.0000E-10   1.7783E-10   3.5956E-10  0.6198   0.0000E+00  0.0000   0.0000E+00  0.0000   0.0000E+00  0.0000
   1.7783E-10   3.1623E-10   1.2484E-08  0.8439   0.0000E+00  0.0000   0.0000E+00  0.0000   0.0000E+00  0.0000
   3.1623E-10   5.6234E-10   3.5522E-08  0.6083   0.0000E+00  0.0000   0.0000E+00  0.0000   0.0000E+00  0.0000
   5.6234E-10   1.0000E-09   5.8998E-08  0.6962   0.0000E+00  0.0000   0.0000E+00  0.0000   0.0000E+00  0.0000
   1.0000E-09   1.7783E-09   1.3226E-07  0.4991   0.0000E+00  0.0000   0.0000E+00  0.0000   0.0000E+00  0.0000
   1.7783E-09   3.1623E-09   9.0203E-07  0.5868   0.0000E+00  0.0000   0.0000E+00  0.0000   0.0000E+00  0.0000
   3.1623E-09   5.6234E-09   2.0147E-06  0.6433   0.0000E+00  0.0000   0.0000E+00  0.0000   0.0000E+00  0.0000
   5.6234E-09   1.0000E-08   6.6676E-06  0.6183   0.0000E+00  0.0000   0.0000E+00  0.0000   0.0000E+00  0.0000
   1.0000E-08   1.7783E-08   1.7649E-05  0.6268   0.0000E+00  0.0000   0.0000E+00  0.0000   0.0000E+00  0.0000
   1.7783E-08   3.1623E-08   3.4755E-05  0.6251   0.0000E+00  0.0000   0.0000E+00  0.0000   0.0000E+00  0.0000
   3.1623E-08   5.6234E-08   4.8661E-05  0.6152   0.0000E+00  0.0000   0.0000E+00  0.0000   0.0000E+00  0.0000
   5.6234E-08   1.0000E-07   4.7895E-05  0.6131   0.0000E+00  0.0000   0.0000E+00  0.0000   0.0000E+00  0.0000
   1.0000E-07   1.7783E-07   2.0078E-05  0.6604   0.0000E+00  0.0000   0.0000E+00  0.0000   0.0000E+00  0.0000
   1.7783E-07   3.1623E-07   3.8380E-06  0.5886   0.0000E+00  0.0000   0.0000E+00  0.0000   0.0000E+00  0.0000
   3.1623E-07   5.6234E-07   2.3144E-06  0.5629   0.0000E+00  0.0000   0.0000E+00  0.0000   0.0000E+00  0.0000
   5.6234E-07   1.0000E-06   3.1237E-06  0.5938   0.0000E+00  0.0000   0.0000E+00  0.0000   0.0000E+00  0.0000
   1.0000E-06   1.7783E-06   2.9697E-06  0.6337   0.0000E+00  0.0000   0.0000E+00  0.0000   0.0000E+00  0.0000
   1.7783E-06   3.1623E-06   2.6189E-06  0.5263   0.0000E+00  0.0000   0.0000E+00  0.0000   0.0000E+00  0.0000
   3.1623E-06   5.6234E-06   3.0553E-06  0.4530   0.0000E+00  0.0000   0.0000E+00  0.0000   0.0000E+00  0.0000
   5.6234E-06   1.0000E-05   3.2251E-06  0.5805   0.0000E+00  0.0000   0.0000E+00  0.0000   0.0000E+00  0.0000
   1.0000E-05   1.7783E-05   3.0475E-06  0.5280   0.0000E+00  0.0000   0.0000E+00  0.0000   0.0000E+00  0.0000
   1.7783E-05   3.1623E-05   3.4189E-06  0.5487   0.0000E+00  0.0000   0.0000E+00  0.0000   0.0000E+00  0.0000
   3.1623E-05   5.6234E-05   3.5698E-06  0.5516   0.0000E+00  0.0000   0.0000E+00  0.0000   0.0000E+00  0.0000
   5.6234E-05   1.0000E-04   3.4862E-06  0.7180   0.0000E+00  0.0000   0.0000E+00  0.0000   0.0000E+00  0.0000
   1.0000E-04   1.7783E-04   2.5257E-06  0.5779   0.0000E+00  0.0000   0.0000E+00  0.0000   0.0000E+00  0.0000
   1.7783E-04   3.1623E-04   5.2900E-06  0.6137   0.0000E+00  0.0000   0.0000E+00  0.0000   0.0000E+00  0.0000
   3.1623E-04   5.6234E-04   3.8018E-06  0.5887   0.0000E+00  0.0000   0.0000E+00  0.0000   0.0000E+00  0.0000
   5.6234E-04   1.0000E-03   2.5301E-06  0.5776   0.0000E+00  0.0000   0.0000E+00  0.0000   1.0281E-16  0.5975
   1.0000E-03   1.7783E-03   3.2991E-06  0.5635   0.0000E+00  0.0000   0.0000E+00  0.0000   4.9342E-12  0.5872
   1.7783E-03   3.1623E-03   3.7583E-06  0.5912   0.0000E+00  0.0000   0.0000E+00  0.0000   7.9736E-12  0.5871
   3.1623E-03   5.6234E-03   2.9716E-06  0.5954   0.0000E+00  0.0000   0.0000E+00  0.0000   1.2037E-11  0.5871
   5.6234E-03   1.0000E-02   3.4076E-06  0.6361   0.0000E+00  0.0000   0.0000E+00  0.0000   1.6610E-11  0.5871
   1.0000E-02   1.7783E-02   4.7920E-06  0.6052   0.0000E+00  0.0000   0.0000E+00  0.0000   2.2278E-11  0.5871
   1.7783E-02   3.1623E-02   4.6290E-06  0.6255   0.0000E+00  0.0000   0.0000E+00  0.0000   3.1916E-11  0.5871
   3.1623E-02   5.6234E-02   3.6394E-06  0.5765   0.0000E+00  0.0000   0.0000E+00  0.0000   4.7894E-11  0.5871
   5.6234E-02   1.0000E-01   4.2441E-06  0.5756   0.0000E+00  0.0000   0.0000E+00  0.0000   7.8347E-11  0.5871
   1.0000E-01   1.7783E-01   8.0155E-06  0.6068   0.0000E+00  0.0000   0.0000E+00  0.0000   1.4457E-10  0.5871
   1.7783E-01   3.1623E-01   8.2101E-06  0.6472   0.0000E+00  0.0000   0.0000E+00  0.0000   3.0715E-10  0.5871
   3.1623E-01   5.6234E-01   7.2177E-06  0.6165   0.0000E+00  0.0000   0.0000E+00  0.0000   7.3160E-10  0.5870
   5.6234E-01   1.0000E+00   1.1557E-05  0.5893   0.0000E+00  0.0000   0.0000E+00  0.0000   1.8448E-09  0.5870
   1.0000E+00   1.7783E+00   1.3816E-05  0.5840   0.0000E+00  0.0000   0.0000E+00  0.0000   4.7112E-09  0.5867
   1.7783E+00   3.1623E+00   2.1971E-05  0.6716   0.0000E+00  0.0000   0.0000E+00  0.0000   1.1724E-08  0.5867
   3.1623E+00   5.6234E+00   1.5303E-05  0.6552   0.0000E+00  0.0000   0.0000E+00  0.0000   2.7545E-08  0.5862
   5.6234E+00   1.0000E+01   1.2161E-05  0.6392   0.0000E+00  0.0000   0.0000E+00  0.0000   6.2895E-08  0.5995
   1.0000E+01   1.7783E+01   4.7851E-06  0.5815   0.0000E+00  0.0000   0.0000E+00  0.0000   1.4649E-07  0.5953
   1.7783E+01   3.1623E+01   6.8779E-06  0.5064   0.0000E+00  0.0000   0.0000E+00  0.0000   3.2954E-07  0.5863
   3.1623E+01   5.6234E+01   1.4191E-05  0.6180   0.0000E+00  0.0000   0.0000E+00  0.0000   6.7134E-07  0.5601
   5.6234E+01   1.0000E+02   1.5188E-05  0.6001   0.0000E+00  0.0000   0.0000E+00  0.0000   8.1995E-07  0.5107
   1.0000E+02   1.7783E+02   1.6149E-05  0.5657   0.0000E+00  0.0000   0.0000E+00  0.0000   1.3091E-06  0.5963
   1.7783E+02   3.1623E+02   7.9801E-06  0.4987   0.0000E+00  0.0000   0.0000E+00  0.0000   1.5809E-06  0.6466
   3.1623E+02   5.6234E+02   4.8570E-06  0.8427   0.0000E+00  0.0000   0.0000E+00  0.0000   9.8274E-07  0.5038
   5.6234E+02   1.0000E+03   2.3633E-06  0.5725   0.0000E+00  0.0000   0.0000E+00  0.0000   7.7417E-07  0.7433
   1.0000E+03   1.7783E+03   1.8644E-06  0.6752   0.0000E+00  0.0000   0.0000E+00  0.0000   1.2238E-06  0.6885
   1.7783E+03   3.1623E+03   3.3639E-07  0.5589   0.0000E+00  0.0000   0.0000E+00  0.0000   1.8935E-07  0.5586
   3.1623E+03   5.6234E+03   1.2012E-07  0.8197   0.0000E+00  0.0000   0.0000E+00  0.0000   3.4367E-07  0.5097
   5.6234E+03   1.0000E+04   1.6548E-07  0.8707   0.0000E+00  0.0000   0.0000E+00  0.0000   3.8790E-08  1.0000
   1.0000E+04   1.7783E+04   3.7407E-08  0.7266   0.0000E+00  0.0000   0.0000E+00  0.0000   0.0000E+00  0.0000
   1.7783E+04   3.1623E+04   0.0000E+00  0.0000   0.0000E+00  0.0000   0.0000E+00  0.0000   3.0788E-08  1.0000
   3.1623E+04   5.6234E+04   0.0000E+00  0.0000   0.0000E+00  0.0000   0.0000E+00  0.0000   2.3209E-08  1.0000
   5.6234E+04   1.0000E+05   0.0000E+00  0.0000   0.0000E+00  0.0000   0.0000E+00  0.0000   0.0000E+00  0.0000

#   sum over                 4.3158E-04  0.6017   0.0000E+00  0.0000   0.0000E+00  0.0000   8.5739E-06  0.5413

'no. = 21, (ix,iy,iz) = (  1,  1, 21)'
msuc: {\huge Flux spectra vs depth in concrete}
msdr: {\it plotted by \ANGEL \version}
msdl: {\it calculated by \PHITS  3.36}
wt: s(0.7)
\vspace{-3}
   vol  &=&   2.8800E+07 [cm^3]
  xmin  &=&  -6.0000E+02 [cm]
  xmax  &=&   6.0000E+02 [cm]
  ymin  &=&  -6.0000E+02 [cm]
  ymax  &=&   6.0000E+02 [cm]
  zmin  &=&  -3.0000E+02 [cm]
  zmax  &=&  -2.8000E+02 [cm]
e:

#------------------------------------------------------------------------------
 newpage:
#   no. = 22   ix  =  1   iy  =  1   iz  = 22
#   x = (  -6.0000E+02  -   6.0000E+02  )
#   y = (  -6.0000E+02  -   6.0000E+02  )
#   z = (  -2.8000E+02  -  -2.6000E+02  )

x: Energy [MeV/n]
y: Flux [1/cm^2/source]              
p: xlog ylog afac(0.8) form(0.9)
h: n            x            y(neutron ),hh0l n y(muon-   ),hh0dr n y(muon+   ),hh0ub n y(proton  ),hh0mg n 
#  e-lower      e-upper        neutron   r.err      muon-     r.err      muon+     r.err      proton    r.err 
   1.0000E-10   1.7783E-10   3.9076E-10  0.4814   0.0000E+00  0.0000   0.0000E+00  0.0000   0.0000E+00  0.0000
   1.7783E-10   3.1623E-10   8.3288E-09  0.7351   0.0000E+00  0.0000   0.0000E+00  0.0000   0.0000E+00  0.0000
   3.1623E-10   5.6234E-10   1.6815E-08  0.6249   0.0000E+00  0.0000   0.0000E+00  0.0000   0.0000E+00  0.0000
   5.6234E-10   1.0000E-09   5.7467E-08  0.5062   0.0000E+00  0.0000   0.0000E+00  0.0000   0.0000E+00  0.0000
   1.0000E-09   1.7783E-09   2.6090E-07  0.5064   0.0000E+00  0.0000   0.0000E+00  0.0000   0.0000E+00  0.0000
   1.7783E-09   3.1623E-09   1.1095E-06  0.5984   0.0000E+00  0.0000   0.0000E+00  0.0000   0.0000E+00  0.0000
   3.1623E-09   5.6234E-09   2.4711E-06  0.5563   0.0000E+00  0.0000   0.0000E+00  0.0000   0.0000E+00  0.0000
   5.6234E-09   1.0000E-08   7.0545E-06  0.5673   0.0000E+00  0.0000   0.0000E+00  0.0000   0.0000E+00  0.0000
   1.0000E-08   1.7783E-08   1.7885E-05  0.5689   0.0000E+00  0.0000   0.0000E+00  0.0000   0.0000E+00  0.0000
   1.7783E-08   3.1623E-08   3.9927E-05  0.5762   0.0000E+00  0.0000   0.0000E+00  0.0000   0.0000E+00  0.0000
   3.1623E-08   5.6234E-08   5.6452E-05  0.5589   0.0000E+00  0.0000   0.0000E+00  0.0000   0.0000E+00  0.0000
   5.6234E-08   1.0000E-07   5.2447E-05  0.5358   0.0000E+00  0.0000   0.0000E+00  0.0000   0.0000E+00  0.0000
   1.0000E-07   1.7783E-07   2.0802E-05  0.5409   0.0000E+00  0.0000   0.0000E+00  0.0000   0.0000E+00  0.0000
   1.7783E-07   3.1623E-07   6.1789E-06  0.5610   0.0000E+00  0.0000   0.0000E+00  0.0000   0.0000E+00  0.0000
   3.1623E-07   5.6234E-07   3.5702E-06  0.4833   0.0000E+00  0.0000   0.0000E+00  0.0000   0.0000E+00  0.0000
   5.6234E-07   1.0000E-06   4.4252E-06  0.5890   0.0000E+00  0.0000   0.0000E+00  0.0000   0.0000E+00  0.0000
   1.0000E-06   1.7783E-06   6.1360E-06  0.5127   0.0000E+00  0.0000   0.0000E+00  0.0000   0.0000E+00  0.0000
   1.7783E-06   3.1623E-06   4.4641E-06  0.5149   0.0000E+00  0.0000   0.0000E+00  0.0000   0.0000E+00  0.0000
   3.1623E-06   5.6234E-06   3.6221E-06  0.5576   0.0000E+00  0.0000   0.0000E+00  0.0000   0.0000E+00  0.0000
   5.6234E-06   1.0000E-05   4.1640E-06  0.6212   0.0000E+00  0.0000   0.0000E+00  0.0000   0.0000E+00  0.0000
   1.0000E-05   1.7783E-05   3.7547E-06  0.5573   0.0000E+00  0.0000   0.0000E+00  0.0000   0.0000E+00  0.0000
   1.7783E-05   3.1623E-05   4.4638E-06  0.5520   0.0000E+00  0.0000   0.0000E+00  0.0000   0.0000E+00  0.0000
   3.1623E-05   5.6234E-05   2.9286E-06  0.5406   0.0000E+00  0.0000   0.0000E+00  0.0000   0.0000E+00  0.0000
   5.6234E-05   1.0000E-04   2.9585E-06  0.5153   0.0000E+00  0.0000   0.0000E+00  0.0000   0.0000E+00  0.0000
   1.0000E-04   1.7783E-04   3.6920E-06  0.5233   0.0000E+00  0.0000   0.0000E+00  0.0000   0.0000E+00  0.0000
   1.7783E-04   3.1623E-04   4.1869E-06  0.5610   0.0000E+00  0.0000   0.0000E+00  0.0000   0.0000E+00  0.0000
   3.1623E-04   5.6234E-04   5.0773E-06  0.5484   0.0000E+00  0.0000   0.0000E+00  0.0000   0.0000E+00  0.0000
   5.6234E-04   1.0000E-03   5.8124E-06  0.5542   0.0000E+00  0.0000   0.0000E+00  0.0000   1.4546E-16  0.6186
   1.0000E-03   1.7783E-03   3.8027E-06  0.5602   0.0000E+00  0.0000   1.1068E-13  1.0000   6.3610E-12  0.6203
   1.7783E-03   3.1623E-03   3.8368E-06  0.5546   0.0000E+00  0.0000   5.4074E-14  1.0000   1.0273E-11  0.6203
   3.1623E-03   5.6234E-03   3.8236E-06  0.5416   0.0000E+00  0.0000   7.9890E-14  1.0000   1.5507E-11  0.6203
   5.6234E-03   1.0000E-02   4.1691E-06  0.5473   0.0000E+00  0.0000   1.2813E-13  1.0000   2.1399E-11  0.6203
   1.0000E-02   1.7783E-02   4.1792E-06  0.6013   0.0000E+00  0.0000   2.2975E-13  1.0000   2.8702E-11  0.6203
   1.7783E-02   3.1623E-02   4.1744E-06  0.5128   0.0000E+00  0.0000   4.7432E-13  1.0000   4.1120E-11  0.6203
   3.1623E-02   5.6234E-02   5.1107E-06  0.6529   0.0000E+00  0.0000   1.1081E-12  1.0000   6.1705E-11  0.6203
   5.6234E-02   1.0000E-01   5.8537E-06  0.6205   0.0000E+00  0.0000   2.7765E-12  1.0000   1.0094E-10  0.6203
   1.0000E-01   1.7783E-01   7.4522E-06  0.6717   0.0000E+00  0.0000   7.1269E-12  1.0000   1.8626E-10  0.6203
   1.7783E-01   3.1623E-01   8.4071E-06  0.6074   0.0000E+00  0.0000   1.8643E-11  1.0000   3.9560E-10  0.6204
   3.1623E-01   5.6234E-01   1.0053E-05  0.5517   0.0000E+00  0.0000   4.9970E-11  1.0000   9.4155E-10  0.6207
   5.6234E-01   1.0000E+00   1.5578E-05  0.5718   0.0000E+00  0.0000   1.3705E-10  1.0000   2.3731E-09  0.6204
   1.0000E+00   1.7783E+00   1.5005E-05  0.5912   0.0000E+00  0.0000   3.8378E-10  1.0000   6.0343E-09  0.6196
   1.7783E+00   3.1623E+00   1.7917E-05  0.6122   0.0000E+00  0.0000   1.0916E-09  1.0000   1.4436E-08  0.6267
   3.1623E+00   5.6234E+00   1.5413E-05  0.6251   0.0000E+00  0.0000   1.0317E-09  1.0000   3.0891E-08  0.6190
   5.6234E+00   1.0000E+01   1.2954E-05  0.5706   0.0000E+00  0.0000   0.0000E+00  0.0000   6.0941E-08  0.6180
   1.0000E+01   1.7783E+01   7.2640E-06  0.5718   0.0000E+00  0.0000   0.0000E+00  0.0000   1.2330E-07  0.6189
   1.7783E+01   3.1623E+01   1.0303E-05  0.4861   0.0000E+00  0.0000   0.0000E+00  0.0000   2.7424E-07  0.6338
   3.1623E+01   5.6234E+01   1.1775E-05  0.7459   0.0000E+00  0.0000   0.0000E+00  0.0000   5.5359E-07  0.6666
   5.6234E+01   1.0000E+02   1.8136E-05  0.5506   0.0000E+00  0.0000   0.0000E+00  0.0000   9.5784E-07  0.6482
   1.0000E+02   1.7783E+02   1.5712E-05  0.5595   0.0000E+00  0.0000   0.0000E+00  0.0000   2.1472E-06  0.6865
   1.7783E+02   3.1623E+02   7.5634E-06  0.4475   0.0000E+00  0.0000   0.0000E+00  0.0000   2.4711E-06  0.6841
   3.1623E+02   5.6234E+02   5.3281E-06  0.7080   0.0000E+00  0.0000   0.0000E+00  0.0000   1.8548E-06  0.6204
   5.6234E+02   1.0000E+03   3.5380E-06  0.5779   0.0000E+00  0.0000   0.0000E+00  0.0000   7.3532E-07  0.5495
   1.0000E+03   1.7783E+03   2.0106E-06  0.6960   0.0000E+00  0.0000   0.0000E+00  0.0000   1.6637E-06  0.5867
   1.7783E+03   3.1623E+03   7.2332E-07  0.8370   0.0000E+00  0.0000   0.0000E+00  0.0000   2.6257E-07  0.5030
   3.1623E+03   5.6234E+03   1.2143E-07  0.8213   0.0000E+00  0.0000   0.0000E+00  0.0000   3.1845E-07  0.4601
   5.6234E+03   1.0000E+04   1.8852E-07  0.8851   0.0000E+00  0.0000   0.0000E+00  0.0000   5.0654E-09  1.0000
   1.0000E+04   1.7783E+04   6.4823E-08  0.7325   0.0000E+00  0.0000   0.0000E+00  0.0000   0.0000E+00  0.0000
   1.7783E+04   3.1623E+04   0.0000E+00  0.0000   0.0000E+00  0.0000   0.0000E+00  0.0000   4.6457E-08  1.0000
   3.1623E+04   5.6234E+04   0.0000E+00  0.0000   0.0000E+00  0.0000   0.0000E+00  0.0000   2.3208E-08  1.0000
   5.6234E+04   1.0000E+05   0.0000E+00  0.0000   0.0000E+00  0.0000   0.0000E+00  0.0000   0.0000E+00  0.0000

#   sum over                 4.8438E-04  0.5577   0.0000E+00  0.0000   2.7249E-09  1.0000   1.1553E-05  0.6133

'no. = 22, (ix,iy,iz) = (  1,  1, 22)'
msuc: {\huge Flux spectra vs depth in concrete}
msdr: {\it plotted by \ANGEL \version}
msdl: {\it calculated by \PHITS  3.36}
wt: s(0.7)
\vspace{-3}
   vol  &=&   2.8800E+07 [cm^3]
  xmin  &=&  -6.0000E+02 [cm]
  xmax  &=&   6.0000E+02 [cm]
  ymin  &=&  -6.0000E+02 [cm]
  ymax  &=&   6.0000E+02 [cm]
  zmin  &=&  -2.8000E+02 [cm]
  zmax  &=&  -2.6000E+02 [cm]
e:

#------------------------------------------------------------------------------
 newpage:
#   no. = 23   ix  =  1   iy  =  1   iz  = 23
#   x = (  -6.0000E+02  -   6.0000E+02  )
#   y = (  -6.0000E+02  -   6.0000E+02  )
#   z = (  -2.6000E+02  -  -2.4000E+02  )

x: Energy [MeV/n]
y: Flux [1/cm^2/source]              
p: xlog ylog afac(0.8) form(0.9)
h: n            x            y(neutron ),hh0l n y(muon-   ),hh0dr n y(muon+   ),hh0ub n y(proton  ),hh0mg n 
#  e-lower      e-upper        neutron   r.err      muon-     r.err      muon+     r.err      proton    r.err 
   1.0000E-10   1.7783E-10   1.7397E-09  0.5944   0.0000E+00  0.0000   0.0000E+00  0.0000   0.0000E+00  0.0000
   1.7783E-10   3.1623E-10   5.3171E-09  0.5993   0.0000E+00  0.0000   0.0000E+00  0.0000   0.0000E+00  0.0000
   3.1623E-10   5.6234E-10   4.4602E-08  0.8063   0.0000E+00  0.0000   0.0000E+00  0.0000   0.0000E+00  0.0000
   5.6234E-10   1.0000E-09   7.4535E-08  0.6450   0.0000E+00  0.0000   0.0000E+00  0.0000   0.0000E+00  0.0000
   1.0000E-09   1.7783E-09   3.4233E-07  0.5385   0.0000E+00  0.0000   0.0000E+00  0.0000   0.0000E+00  0.0000
   1.7783E-09   3.1623E-09   8.7064E-07  0.5911   0.0000E+00  0.0000   0.0000E+00  0.0000   0.0000E+00  0.0000
   3.1623E-09   5.6234E-09   2.7675E-06  0.5572   0.0000E+00  0.0000   0.0000E+00  0.0000   0.0000E+00  0.0000
   5.6234E-09   1.0000E-08   7.4888E-06  0.5066   0.0000E+00  0.0000   0.0000E+00  0.0000   0.0000E+00  0.0000
   1.0000E-08   1.7783E-08   2.0285E-05  0.5122   0.0000E+00  0.0000   0.0000E+00  0.0000   0.0000E+00  0.0000
   1.7783E-08   3.1623E-08   4.3518E-05  0.5393   0.0000E+00  0.0000   0.0000E+00  0.0000   0.0000E+00  0.0000
   3.1623E-08   5.6234E-08   6.5490E-05  0.5141   0.0000E+00  0.0000   0.0000E+00  0.0000   0.0000E+00  0.0000
   5.6234E-08   1.0000E-07   6.2238E-05  0.5037   0.0000E+00  0.0000   0.0000E+00  0.0000   0.0000E+00  0.0000
   1.0000E-07   1.7783E-07   2.6503E-05  0.5046   0.0000E+00  0.0000   0.0000E+00  0.0000   0.0000E+00  0.0000
   1.7783E-07   3.1623E-07   7.2002E-06  0.5462   0.0000E+00  0.0000   0.0000E+00  0.0000   0.0000E+00  0.0000
   3.1623E-07   5.6234E-07   4.8055E-06  0.5720   0.0000E+00  0.0000   0.0000E+00  0.0000   0.0000E+00  0.0000
   5.6234E-07   1.0000E-06   5.1560E-06  0.7084   0.0000E+00  0.0000   0.0000E+00  0.0000   0.0000E+00  0.0000
   1.0000E-06   1.7783E-06   5.1967E-06  0.5594   0.0000E+00  0.0000   0.0000E+00  0.0000   0.0000E+00  0.0000
   1.7783E-06   3.1623E-06   5.1191E-06  0.5493   0.0000E+00  0.0000   0.0000E+00  0.0000   0.0000E+00  0.0000
   3.1623E-06   5.6234E-06   4.7552E-06  0.5912   0.0000E+00  0.0000   0.0000E+00  0.0000   0.0000E+00  0.0000
   5.6234E-06   1.0000E-05   4.4246E-06  0.6093   0.0000E+00  0.0000   0.0000E+00  0.0000   0.0000E+00  0.0000
   1.0000E-05   1.7783E-05   5.7328E-06  0.6538   0.0000E+00  0.0000   0.0000E+00  0.0000   0.0000E+00  0.0000
   1.7783E-05   3.1623E-05   4.5828E-06  0.6190   0.0000E+00  0.0000   0.0000E+00  0.0000   0.0000E+00  0.0000
   3.1623E-05   5.6234E-05   3.8557E-06  0.5974   0.0000E+00  0.0000   0.0000E+00  0.0000   0.0000E+00  0.0000
   5.6234E-05   1.0000E-04   5.8873E-06  0.5623   0.0000E+00  0.0000   0.0000E+00  0.0000   0.0000E+00  0.0000
   1.0000E-04   1.7783E-04   5.5010E-06  0.4679   0.0000E+00  0.0000   1.9600E-22  1.0000   0.0000E+00  0.0000
   1.7783E-04   3.1623E-04   4.8494E-06  0.5261   0.0000E+00  0.0000   0.0000E+00  0.0000   0.0000E+00  0.0000
   3.1623E-04   5.6234E-04   3.5930E-06  0.4675   0.0000E+00  0.0000   0.0000E+00  0.0000   0.0000E+00  0.0000
   5.6234E-04   1.0000E-03   4.7025E-06  0.5204   0.0000E+00  0.0000   0.0000E+00  0.0000   1.3121E-16  0.6294
   1.0000E-03   1.7783E-03   4.4666E-06  0.7188   0.0000E+00  0.0000   1.3835E-13  1.0000   6.0159E-12  0.5658
   1.7783E-03   3.1623E-03   6.0352E-06  0.5484   0.0000E+00  0.0000   6.7592E-14  1.0000   9.7157E-12  0.5657
   3.1623E-03   5.6234E-03   3.2254E-06  0.4924   0.0000E+00  0.0000   9.9862E-14  1.0000   1.4666E-11  0.5657
   5.6234E-03   1.0000E-02   4.7302E-06  0.5585   0.0000E+00  0.0000   1.6016E-13  1.0000   2.0239E-11  0.5657
   1.0000E-02   1.7783E-02   5.6729E-06  0.5886   0.0000E+00  0.0000   2.8719E-13  1.0000   2.7145E-11  0.5657
   1.7783E-02   3.1623E-02   5.0350E-06  0.5109   0.0000E+00  0.0000   5.9291E-13  1.0000   3.8889E-11  0.5657
   3.1623E-02   5.6234E-02   5.6065E-06  0.4335   0.0000E+00  0.0000   1.3851E-12  1.0000   5.8358E-11  0.5657
   5.6234E-02   1.0000E-01   6.6131E-06  0.5451   0.0000E+00  0.0000   3.4706E-12  1.0000   9.5465E-11  0.5657
   1.0000E-01   1.7783E-01   7.6623E-06  0.5215   0.0000E+00  0.0000   8.9086E-12  1.0000   1.7616E-10  0.5657
   1.7783E-01   3.1623E-01   9.2094E-06  0.5592   0.0000E+00  0.0000   2.3303E-11  1.0000   3.7416E-10  0.5659
   3.1623E-01   5.6234E-01   1.0516E-05  0.5532   0.0000E+00  0.0000   6.2463E-11  1.0000   8.9136E-10  0.5659
   5.6234E-01   1.0000E+00   1.9136E-05  0.5347   0.0000E+00  0.0000   1.7132E-10  1.0000   2.2435E-09  0.5675
   1.0000E+00   1.7783E+00   1.4253E-05  0.5446   0.0000E+00  0.0000   4.7972E-10  1.0000   5.6408E-09  0.5666
   1.7783E+00   3.1623E+00   2.6607E-05  0.5117   0.0000E+00  0.0000   1.3645E-09  1.0000   1.3743E-08  0.5596
   3.1623E+00   5.6234E+00   1.4979E-05  0.4881   0.0000E+00  0.0000   1.2897E-09  1.0000   3.1494E-08  0.5617
   5.6234E+00   1.0000E+01   1.2120E-05  0.5332   0.0000E+00  0.0000   0.0000E+00  0.0000   6.7413E-08  0.5497
   1.0000E+01   1.7783E+01   8.0533E-06  0.6386   0.0000E+00  0.0000   0.0000E+00  0.0000   1.4774E-07  0.5538
   1.7783E+01   3.1623E+01   7.8941E-06  0.6911   0.0000E+00  0.0000   0.0000E+00  0.0000   2.7014E-07  0.4979
   3.1623E+01   5.6234E+01   9.5820E-06  0.6118   0.0000E+00  0.0000   0.0000E+00  0.0000   4.7210E-07  0.5189
   5.6234E+01   1.0000E+02   1.4040E-05  0.4442   0.0000E+00  0.0000   0.0000E+00  0.0000   7.7797E-07  0.5808
   1.0000E+02   1.7783E+02   1.3641E-05  0.3864   0.0000E+00  0.0000   0.0000E+00  0.0000   1.2167E-06  0.6430
   1.7783E+02   3.1623E+02   9.6904E-06  0.4463   0.0000E+00  0.0000   0.0000E+00  0.0000   1.6947E-06  0.7130
   3.1623E+02   5.6234E+02   5.5102E-06  0.7451   0.0000E+00  0.0000   0.0000E+00  0.0000   1.6057E-06  0.7348
   5.6234E+02   1.0000E+03   3.5799E-06  0.5657   0.0000E+00  0.0000   0.0000E+00  0.0000   1.2592E-06  0.7605
   1.0000E+03   1.7783E+03   2.3919E-06  0.6432   0.0000E+00  0.0000   0.0000E+00  0.0000   1.4292E-06  0.6521
   1.7783E+03   3.1623E+03   1.1402E-06  0.6939   0.0000E+00  0.0000   0.0000E+00  0.0000   3.8799E-07  0.5499
   3.1623E+03   5.6234E+03   1.4364E-07  0.7655   0.0000E+00  0.0000   0.0000E+00  0.0000   4.4419E-07  0.4812
   5.6234E+03   1.0000E+04   1.6257E-07  0.9933   0.0000E+00  0.0000   0.0000E+00  0.0000   0.0000E+00  0.0000
   1.0000E+04   1.7783E+04   1.2060E-07  0.7097   0.0000E+00  0.0000   0.0000E+00  0.0000   0.0000E+00  0.0000
   1.7783E+04   3.1623E+04   0.0000E+00  0.0000   0.0000E+00  0.0000   0.0000E+00  0.0000   4.6451E-08  1.0000
   3.1623E+04   5.6234E+04   0.0000E+00  0.0000   0.0000E+00  0.0000   0.0000E+00  0.0000   4.5326E-08  1.0000
   5.6234E+04   1.0000E+05   0.0000E+00  0.0000   0.0000E+00  0.0000   0.0000E+00  0.0000   0.0000E+00  0.0000

#   sum over                 5.3681E-04  0.5206   0.0000E+00  0.0000   3.4061E-09  1.0000   9.9196E-06  0.6388

'no. = 23, (ix,iy,iz) = (  1,  1, 23)'
msuc: {\huge Flux spectra vs depth in concrete}
msdr: {\it plotted by \ANGEL \version}
msdl: {\it calculated by \PHITS  3.36}
wt: s(0.7)
\vspace{-3}
   vol  &=&   2.8800E+07 [cm^3]
  xmin  &=&  -6.0000E+02 [cm]
  xmax  &=&   6.0000E+02 [cm]
  ymin  &=&  -6.0000E+02 [cm]
  ymax  &=&   6.0000E+02 [cm]
  zmin  &=&  -2.6000E+02 [cm]
  zmax  &=&  -2.4000E+02 [cm]
e:

#------------------------------------------------------------------------------
 newpage:
#   no. = 24   ix  =  1   iy  =  1   iz  = 24
#   x = (  -6.0000E+02  -   6.0000E+02  )
#   y = (  -6.0000E+02  -   6.0000E+02  )
#   z = (  -2.4000E+02  -  -2.2000E+02  )

x: Energy [MeV/n]
y: Flux [1/cm^2/source]              
p: xlog ylog afac(0.8) form(0.9)
h: n            x            y(neutron ),hh0l n y(muon-   ),hh0dr n y(muon+   ),hh0ub n y(proton  ),hh0mg n 
#  e-lower      e-upper        neutron   r.err      muon-     r.err      muon+     r.err      proton    r.err 
   1.0000E-10   1.7783E-10   2.5543E-09  0.4695   0.0000E+00  0.0000   0.0000E+00  0.0000   0.0000E+00  0.0000
   1.7783E-10   3.1623E-10   2.1907E-08  0.7045   0.0000E+00  0.0000   0.0000E+00  0.0000   0.0000E+00  0.0000
   3.1623E-10   5.6234E-10   2.5460E-08  0.5591   0.0000E+00  0.0000   0.0000E+00  0.0000   0.0000E+00  0.0000
   5.6234E-10   1.0000E-09   7.4409E-08  0.4874   0.0000E+00  0.0000   0.0000E+00  0.0000   0.0000E+00  0.0000
   1.0000E-09   1.7783E-09   2.8914E-07  0.6266   0.0000E+00  0.0000   0.0000E+00  0.0000   0.0000E+00  0.0000
   1.7783E-09   3.1623E-09   1.0444E-06  0.5374   0.0000E+00  0.0000   0.0000E+00  0.0000   0.0000E+00  0.0000
   3.1623E-09   5.6234E-09   3.0151E-06  0.5641   0.0000E+00  0.0000   0.0000E+00  0.0000   0.0000E+00  0.0000
   5.6234E-09   1.0000E-08   8.9398E-06  0.5228   0.0000E+00  0.0000   0.0000E+00  0.0000   0.0000E+00  0.0000
   1.0000E-08   1.7783E-08   2.2626E-05  0.5680   0.0000E+00  0.0000   0.0000E+00  0.0000   0.0000E+00  0.0000
   1.7783E-08   3.1623E-08   4.5809E-05  0.5483   0.0000E+00  0.0000   0.0000E+00  0.0000   0.0000E+00  0.0000
   3.1623E-08   5.6234E-08   7.1949E-05  0.5636   0.0000E+00  0.0000   0.0000E+00  0.0000   0.0000E+00  0.0000
   5.6234E-08   1.0000E-07   6.3369E-05  0.5484   0.0000E+00  0.0000   0.0000E+00  0.0000   0.0000E+00  0.0000
   1.0000E-07   1.7783E-07   2.6765E-05  0.5732   0.0000E+00  0.0000   0.0000E+00  0.0000   0.0000E+00  0.0000
   1.7783E-07   3.1623E-07   9.4420E-06  0.6840   0.0000E+00  0.0000   0.0000E+00  0.0000   0.0000E+00  0.0000
   3.1623E-07   5.6234E-07   5.6711E-06  0.5701   0.0000E+00  0.0000   0.0000E+00  0.0000   0.0000E+00  0.0000
   5.6234E-07   1.0000E-06   3.7029E-06  0.4521   0.0000E+00  0.0000   0.0000E+00  0.0000   0.0000E+00  0.0000
   1.0000E-06   1.7783E-06   4.1295E-06  0.5191   0.0000E+00  0.0000   0.0000E+00  0.0000   0.0000E+00  0.0000
   1.7783E-06   3.1623E-06   5.0068E-06  0.5805   0.0000E+00  0.0000   0.0000E+00  0.0000   0.0000E+00  0.0000
   3.1623E-06   5.6234E-06   4.8237E-06  0.6372   0.0000E+00  0.0000   0.0000E+00  0.0000   0.0000E+00  0.0000
   5.6234E-06   1.0000E-05   4.4401E-06  0.5455   0.0000E+00  0.0000   0.0000E+00  0.0000   0.0000E+00  0.0000
   1.0000E-05   1.7783E-05   4.6444E-06  0.5213   0.0000E+00  0.0000   0.0000E+00  0.0000   0.0000E+00  0.0000
   1.7783E-05   3.1623E-05   4.5227E-06  0.5219   0.0000E+00  0.0000   0.0000E+00  0.0000   0.0000E+00  0.0000
   3.1623E-05   5.6234E-05   3.5866E-06  0.5615   0.0000E+00  0.0000   0.0000E+00  0.0000   0.0000E+00  0.0000
   5.6234E-05   1.0000E-04   5.0074E-06  0.4684   0.0000E+00  0.0000   0.0000E+00  0.0000   0.0000E+00  0.0000
   1.0000E-04   1.7783E-04   4.7539E-06  0.6513   0.0000E+00  0.0000   0.0000E+00  0.0000   0.0000E+00  0.0000
   1.7783E-04   3.1623E-04   4.4306E-06  0.5270   0.0000E+00  0.0000   0.0000E+00  0.0000   0.0000E+00  0.0000
   3.1623E-04   5.6234E-04   4.4463E-06  0.4270   0.0000E+00  0.0000   0.0000E+00  0.0000   0.0000E+00  0.0000
   5.6234E-04   1.0000E-03   4.9900E-06  0.5140   0.0000E+00  0.0000   0.0000E+00  0.0000   2.0026E-16  0.5475
   1.0000E-03   1.7783E-03   3.1276E-06  0.4496   0.0000E+00  0.0000   1.1068E-13  1.0000   7.8369E-12  0.5584
   1.7783E-03   3.1623E-03   3.8104E-06  0.6306   0.0000E+00  0.0000   5.4074E-14  1.0000   1.2658E-11  0.5584
   3.1623E-03   5.6234E-03   4.4374E-06  0.5407   0.0000E+00  0.0000   7.9890E-14  1.0000   1.9108E-11  0.5584
   5.6234E-03   1.0000E-02   4.4612E-06  0.5989   0.0000E+00  0.0000   1.2813E-13  1.0000   2.6367E-11  0.5584
   1.0000E-02   1.7783E-02   5.3993E-06  0.4880   0.0000E+00  0.0000   2.2975E-13  1.0000   3.5365E-11  0.5584
   1.7783E-02   3.1623E-02   5.2297E-06  0.6419   0.0000E+00  0.0000   4.7432E-13  1.0000   5.0666E-11  0.5584
   3.1623E-02   5.6234E-02   4.9928E-06  0.4243   0.0000E+00  0.0000   1.1081E-12  1.0000   7.6030E-11  0.5584
   5.6234E-02   1.0000E-01   6.0824E-06  0.5814   0.0000E+00  0.0000   2.7765E-12  1.0000   1.2437E-10  0.5584
   1.0000E-01   1.7783E-01   1.1229E-05  0.5256   0.0000E+00  0.0000   7.1269E-12  1.0000   2.2950E-10  0.5584
   1.7783E-01   3.1623E-01   1.0632E-05  0.5638   0.0000E+00  0.0000   1.8643E-11  1.0000   4.8504E-10  0.5564
   3.1623E-01   5.6234E-01   1.0151E-05  0.4893   0.0000E+00  0.0000   4.9970E-11  1.0000   1.1472E-09  0.5535
   5.6234E-01   1.0000E+00   1.6195E-05  0.5719   0.0000E+00  0.0000   1.3705E-10  1.0000   2.8803E-09  0.5524
   1.0000E+00   1.7783E+00   1.7067E-05  0.6058   0.0000E+00  0.0000   3.8378E-10  1.0000   7.3179E-09  0.5544
   1.7783E+00   3.1623E+00   2.2939E-05  0.5453   0.0000E+00  0.0000   1.0916E-09  1.0000   1.8088E-08  0.5564
   3.1623E+00   5.6234E+00   1.8001E-05  0.4411   0.0000E+00  0.0000   1.0317E-09  1.0000   4.3734E-08  0.5464
   5.6234E+00   1.0000E+01   1.8070E-05  0.5432   0.0000E+00  0.0000   0.0000E+00  0.0000   1.0043E-07  0.5571
   1.0000E+01   1.7783E+01   1.0041E-05  0.5272   0.0000E+00  0.0000   0.0000E+00  0.0000   2.3656E-07  0.5683
   1.7783E+01   3.1623E+01   1.1984E-05  0.6813   0.0000E+00  0.0000   0.0000E+00  0.0000   5.2962E-07  0.5770
   3.1623E+01   5.6234E+01   1.0190E-05  0.4170   0.0000E+00  0.0000   0.0000E+00  0.0000   9.6742E-07  0.4857
   5.6234E+01   1.0000E+02   1.8219E-05  0.4796   0.0000E+00  0.0000   0.0000E+00  0.0000   1.6382E-06  0.4946
   1.0000E+02   1.7783E+02   1.8212E-05  0.3763   0.0000E+00  0.0000   0.0000E+00  0.0000   1.9603E-06  0.4711
   1.7783E+02   3.1623E+02   1.1948E-05  0.4384   0.0000E+00  0.0000   0.0000E+00  0.0000   1.7351E-06  0.4686
   3.1623E+02   5.6234E+02   4.8292E-06  0.5132   0.0000E+00  0.0000   0.0000E+00  0.0000   2.4005E-06  0.7940
   5.6234E+02   1.0000E+03   3.0368E-06  0.5070   0.0000E+00  0.0000   0.0000E+00  0.0000   1.9261E-06  0.6886
   1.0000E+03   1.7783E+03   2.0829E-06  0.5100   0.0000E+00  0.0000   0.0000E+00  0.0000   1.8135E-06  0.6186
   1.7783E+03   3.1623E+03   1.4871E-06  0.6058   0.0000E+00  0.0000   0.0000E+00  0.0000   4.8736E-07  0.5854
   3.1623E+03   5.6234E+03   7.5722E-07  0.9258   0.0000E+00  0.0000   0.0000E+00  0.0000   4.8334E-07  0.4699
   5.6234E+03   1.0000E+04   1.4113E-07  1.0000   0.0000E+00  0.0000   0.0000E+00  0.0000   0.0000E+00  0.0000
   1.0000E+04   1.7783E+04   1.8703E-07  0.7069   0.0000E+00  0.0000   0.0000E+00  0.0000   2.6843E-10  1.0000
   1.7783E+04   3.1623E+04   0.0000E+00  0.0000   0.0000E+00  0.0000   0.0000E+00  0.0000   3.8491E-08  1.0000
   3.1623E+04   5.6234E+04   0.0000E+00  0.0000   0.0000E+00  0.0000   0.0000E+00  0.0000   5.4372E-08  1.0000
   5.6234E+04   1.0000E+05   0.0000E+00  0.0000   0.0000E+00  0.0000   0.0000E+00  0.0000   0.0000E+00  0.0000

#   sum over                 5.7247E-04  0.5284   0.0000E+00  0.0000   2.7249E-09  1.0000   1.4446E-05  0.5469

'no. = 24, (ix,iy,iz) = (  1,  1, 24)'
msuc: {\huge Flux spectra vs depth in concrete}
msdr: {\it plotted by \ANGEL \version}
msdl: {\it calculated by \PHITS  3.36}
wt: s(0.7)
\vspace{-3}
   vol  &=&   2.8800E+07 [cm^3]
  xmin  &=&  -6.0000E+02 [cm]
  xmax  &=&   6.0000E+02 [cm]
  ymin  &=&  -6.0000E+02 [cm]
  ymax  &=&   6.0000E+02 [cm]
  zmin  &=&  -2.4000E+02 [cm]
  zmax  &=&  -2.2000E+02 [cm]
e:

#------------------------------------------------------------------------------
 newpage:
#   no. = 25   ix  =  1   iy  =  1   iz  = 25
#   x = (  -6.0000E+02  -   6.0000E+02  )
#   y = (  -6.0000E+02  -   6.0000E+02  )
#   z = (  -2.2000E+02  -  -2.0000E+02  )

x: Energy [MeV/n]
y: Flux [1/cm^2/source]              
p: xlog ylog afac(0.8) form(0.9)
h: n            x            y(neutron ),hh0l n y(muon-   ),hh0dr n y(muon+   ),hh0ub n y(proton  ),hh0mg n 
#  e-lower      e-upper        neutron   r.err      muon-     r.err      muon+     r.err      proton    r.err 
   1.0000E-10   1.7783E-10   3.7167E-09  0.5030   0.0000E+00  0.0000   0.0000E+00  0.0000   0.0000E+00  0.0000
   1.7783E-10   3.1623E-10   1.1085E-08  0.6182   0.0000E+00  0.0000   0.0000E+00  0.0000   0.0000E+00  0.0000
   3.1623E-10   5.6234E-10   4.0364E-08  0.3346   0.0000E+00  0.0000   0.0000E+00  0.0000   0.0000E+00  0.0000
   5.6234E-10   1.0000E-09   8.8044E-08  0.4432   0.0000E+00  0.0000   0.0000E+00  0.0000   0.0000E+00  0.0000
   1.0000E-09   1.7783E-09   5.1969E-07  0.5175   0.0000E+00  0.0000   0.0000E+00  0.0000   0.0000E+00  0.0000
   1.7783E-09   3.1623E-09   1.5598E-06  0.4342   0.0000E+00  0.0000   0.0000E+00  0.0000   0.0000E+00  0.0000
   3.1623E-09   5.6234E-09   4.4995E-06  0.5071   0.0000E+00  0.0000   0.0000E+00  0.0000   0.0000E+00  0.0000
   5.6234E-09   1.0000E-08   1.1088E-05  0.4976   0.0000E+00  0.0000   0.0000E+00  0.0000   0.0000E+00  0.0000
   1.0000E-08   1.7783E-08   2.7790E-05  0.4736   0.0000E+00  0.0000   0.0000E+00  0.0000   0.0000E+00  0.0000
   1.7783E-08   3.1623E-08   5.8702E-05  0.4551   0.0000E+00  0.0000   0.0000E+00  0.0000   0.0000E+00  0.0000
   3.1623E-08   5.6234E-08   9.0111E-05  0.4524   0.0000E+00  0.0000   0.0000E+00  0.0000   0.0000E+00  0.0000
   5.6234E-08   1.0000E-07   8.1837E-05  0.4622   0.0000E+00  0.0000   0.0000E+00  0.0000   0.0000E+00  0.0000
   1.0000E-07   1.7783E-07   3.5213E-05  0.4459   0.0000E+00  0.0000   0.0000E+00  0.0000   0.0000E+00  0.0000
   1.7783E-07   3.1623E-07   8.9020E-06  0.4208   0.0000E+00  0.0000   0.0000E+00  0.0000   0.0000E+00  0.0000
   3.1623E-07   5.6234E-07   6.0740E-06  0.4723   0.0000E+00  0.0000   0.0000E+00  0.0000   0.0000E+00  0.0000
   5.6234E-07   1.0000E-06   5.2136E-06  0.4390   0.0000E+00  0.0000   0.0000E+00  0.0000   0.0000E+00  0.0000
   1.0000E-06   1.7783E-06   5.2673E-06  0.4534   0.0000E+00  0.0000   0.0000E+00  0.0000   0.0000E+00  0.0000
   1.7783E-06   3.1623E-06   6.0766E-06  0.4336   0.0000E+00  0.0000   0.0000E+00  0.0000   0.0000E+00  0.0000
   3.1623E-06   5.6234E-06   4.7328E-06  0.4559   0.0000E+00  0.0000   0.0000E+00  0.0000   0.0000E+00  0.0000
   5.6234E-06   1.0000E-05   4.8738E-06  0.4983   0.0000E+00  0.0000   0.0000E+00  0.0000   0.0000E+00  0.0000
   1.0000E-05   1.7783E-05   6.1280E-06  0.4835   0.0000E+00  0.0000   0.0000E+00  0.0000   0.0000E+00  0.0000
   1.7783E-05   3.1623E-05   4.8047E-06  0.4968   0.0000E+00  0.0000   0.0000E+00  0.0000   0.0000E+00  0.0000
   3.1623E-05   5.6234E-05   4.7424E-06  0.4238   0.0000E+00  0.0000   0.0000E+00  0.0000   0.0000E+00  0.0000
   5.6234E-05   1.0000E-04   5.7671E-06  0.5006   0.0000E+00  0.0000   0.0000E+00  0.0000   0.0000E+00  0.0000
   1.0000E-04   1.7783E-04   5.7019E-06  0.5172   0.0000E+00  0.0000   9.2357E-19  1.0000   0.0000E+00  0.0000
   1.7783E-04   3.1623E-04   5.8548E-06  0.4837   0.0000E+00  0.0000   0.0000E+00  0.0000   0.0000E+00  0.0000
   3.1623E-04   5.6234E-04   5.6262E-06  0.3994   0.0000E+00  0.0000   0.0000E+00  0.0000   0.0000E+00  0.0000
   5.6234E-04   1.0000E-03   4.3232E-06  0.5347   0.0000E+00  0.0000   0.0000E+00  0.0000   1.6046E-16  0.4790
   1.0000E-03   1.7783E-03   5.5655E-06  0.4980   0.0000E+00  0.0000   1.6602E-13  0.8497   8.0698E-12  0.5297
   1.7783E-03   3.1623E-03   5.8300E-06  0.4711   0.0000E+00  0.0000   8.1111E-14  0.8497   1.3034E-11  0.5297
   3.1623E-03   5.6234E-03   4.8171E-06  0.4786   0.0000E+00  0.0000   1.1983E-13  0.8497   1.9675E-11  0.5297
   5.6234E-03   1.0000E-02   6.4446E-06  0.4438   0.0000E+00  0.0000   1.9220E-13  0.8497   2.7150E-11  0.5297
   1.0000E-02   1.7783E-02   6.1185E-06  0.4535   0.0000E+00  0.0000   3.4463E-13  0.8497   3.6416E-11  0.5297
   1.7783E-02   3.1623E-02   6.9778E-06  0.4613   0.0000E+00  0.0000   7.1149E-13  0.8497   5.2171E-11  0.5297
   3.1623E-02   5.6234E-02   8.4629E-06  0.4235   0.0000E+00  0.0000   1.6622E-12  0.8497   7.8288E-11  0.5297
   5.6234E-02   1.0000E-01   8.0441E-06  0.4362   0.0000E+00  0.0000   4.1648E-12  0.8497   1.2807E-10  0.5297
   1.0000E-01   1.7783E-01   9.3555E-06  0.4728   0.0000E+00  0.0000   1.0690E-11  0.8497   2.3632E-10  0.5297
   1.7783E-01   3.1623E-01   1.1412E-05  0.4373   0.0000E+00  0.0000   2.7964E-11  0.8497   5.0207E-10  0.5297
   3.1623E-01   5.6234E-01   1.5052E-05  0.4252   0.0000E+00  0.0000   7.4955E-11  0.8497   1.1956E-09  0.5300
   5.6234E-01   1.0000E+00   1.9422E-05  0.4556   0.0000E+00  0.0000   2.0558E-10  0.8497   3.0150E-09  0.5304
   1.0000E+00   1.7783E+00   2.2717E-05  0.3953   0.0000E+00  0.0000   5.7566E-10  0.8497   7.7135E-09  0.5302
   1.7783E+00   3.1623E+00   2.6914E-05  0.5185   0.0000E+00  0.0000   1.6374E-09  0.8497   1.9152E-08  0.5408
   3.1623E+00   5.6234E+00   1.9595E-05  0.5297   0.0000E+00  0.0000   1.5760E-09  0.8381   4.3222E-08  0.5392
   5.6234E+00   1.0000E+01   1.2562E-05  0.4770   0.0000E+00  0.0000   0.0000E+00  0.0000   9.7691E-08  0.5256
   1.0000E+01   1.7783E+01   1.6306E-05  0.4787   0.0000E+00  0.0000   0.0000E+00  0.0000   2.2675E-07  0.5191
   1.7783E+01   3.1623E+01   1.1634E-05  0.5949   0.0000E+00  0.0000   0.0000E+00  0.0000   4.6215E-07  0.5358
   3.1623E+01   5.6234E+01   1.6913E-05  0.4412   0.0000E+00  0.0000   0.0000E+00  0.0000   8.9826E-07  0.5737
   5.6234E+01   1.0000E+02   2.1741E-05  0.4100   0.0000E+00  0.0000   0.0000E+00  0.0000   1.6616E-06  0.5636
   1.0000E+02   1.7783E+02   2.4263E-05  0.4224   0.0000E+00  0.0000   0.0000E+00  0.0000   2.5718E-06  0.5696
   1.7783E+02   3.1623E+02   1.9063E-05  0.4791   0.0000E+00  0.0000   0.0000E+00  0.0000   3.3158E-06  0.6235
   3.1623E+02   5.6234E+02   6.3819E-06  0.4925   0.0000E+00  0.0000   0.0000E+00  0.0000   3.3435E-06  0.6570
   5.6234E+02   1.0000E+03   3.9842E-06  0.5205   0.0000E+00  0.0000   0.0000E+00  0.0000   1.9848E-06  0.6612
   1.0000E+03   1.7783E+03   2.4206E-06  0.4496   0.0000E+00  0.0000   0.0000E+00  0.0000   2.4271E-06  0.6132
   1.7783E+03   3.1623E+03   1.3332E-06  0.5520   0.0000E+00  0.0000   0.0000E+00  0.0000   6.2475E-07  0.5512
   3.1623E+03   5.6234E+03   6.0292E-07  0.8474   0.0000E+00  0.0000   0.0000E+00  0.0000   4.3840E-07  0.4718
   5.6234E+03   1.0000E+04   1.8006E-07  1.0000   0.0000E+00  0.0000   0.0000E+00  0.0000   0.0000E+00  0.0000
   1.0000E+04   1.7783E+04   1.8703E-07  0.7069   0.0000E+00  0.0000   0.0000E+00  0.0000   1.2639E-07  0.7091
   1.7783E+04   3.1623E+04   0.0000E+00  0.0000   0.0000E+00  0.0000   0.0000E+00  0.0000   0.0000E+00  0.0000
   3.1623E+04   5.6234E+04   0.0000E+00  0.0000   0.0000E+00  0.0000   0.0000E+00  0.0000   9.2833E-08  1.0000
   5.6234E+04   1.0000E+05   0.0000E+00  0.0000   0.0000E+00  0.0000   0.0000E+00  0.0000   0.0000E+00  0.0000

#   sum over                 7.0985E-04  0.4508   0.0000E+00  0.0000   4.1157E-09  0.8453   1.8347E-05  0.5842

'no. = 25, (ix,iy,iz) = (  1,  1, 25)'
msuc: {\huge Flux spectra vs depth in concrete}
msdr: {\it plotted by \ANGEL \version}
msdl: {\it calculated by \PHITS  3.36}
wt: s(0.7)
\vspace{-3}
   vol  &=&   2.8800E+07 [cm^3]
  xmin  &=&  -6.0000E+02 [cm]
  xmax  &=&   6.0000E+02 [cm]
  ymin  &=&  -6.0000E+02 [cm]
  ymax  &=&   6.0000E+02 [cm]
  zmin  &=&  -2.2000E+02 [cm]
  zmax  &=&  -2.0000E+02 [cm]
e:

#------------------------------------------------------------------------------
 newpage:
#   no. = 26   ix  =  1   iy  =  1   iz  = 26
#   x = (  -6.0000E+02  -   6.0000E+02  )
#   y = (  -6.0000E+02  -   6.0000E+02  )
#   z = (  -2.0000E+02  -  -1.8000E+02  )

x: Energy [MeV/n]
y: Flux [1/cm^2/source]              
p: xlog ylog afac(0.8) form(0.9)
h: n            x            y(neutron ),hh0l n y(muon-   ),hh0dr n y(muon+   ),hh0ub n y(proton  ),hh0mg n 
#  e-lower      e-upper        neutron   r.err      muon-     r.err      muon+     r.err      proton    r.err 
   1.0000E-10   1.7783E-10   4.1583E-09  0.7853   0.0000E+00  0.0000   0.0000E+00  0.0000   0.0000E+00  0.0000
   1.7783E-10   3.1623E-10   6.2501E-09  0.4862   0.0000E+00  0.0000   0.0000E+00  0.0000   0.0000E+00  0.0000
   3.1623E-10   5.6234E-10   3.7226E-08  0.6014   0.0000E+00  0.0000   0.0000E+00  0.0000   0.0000E+00  0.0000
   5.6234E-10   1.0000E-09   1.5491E-07  0.3860   0.0000E+00  0.0000   0.0000E+00  0.0000   0.0000E+00  0.0000
   1.0000E-09   1.7783E-09   4.5473E-07  0.4865   0.0000E+00  0.0000   0.0000E+00  0.0000   0.0000E+00  0.0000
   1.7783E-09   3.1623E-09   1.4482E-06  0.4467   0.0000E+00  0.0000   0.0000E+00  0.0000   0.0000E+00  0.0000
   3.1623E-09   5.6234E-09   4.7252E-06  0.4450   0.0000E+00  0.0000   0.0000E+00  0.0000   0.0000E+00  0.0000
   5.6234E-09   1.0000E-08   1.3587E-05  0.4430   0.0000E+00  0.0000   0.0000E+00  0.0000   0.0000E+00  0.0000
   1.0000E-08   1.7783E-08   3.5402E-05  0.4450   0.0000E+00  0.0000   0.0000E+00  0.0000   0.0000E+00  0.0000
   1.7783E-08   3.1623E-08   6.9933E-05  0.4350   0.0000E+00  0.0000   0.0000E+00  0.0000   0.0000E+00  0.0000
   3.1623E-08   5.6234E-08   1.1015E-04  0.4272   0.0000E+00  0.0000   0.0000E+00  0.0000   0.0000E+00  0.0000
   5.6234E-08   1.0000E-07   1.0054E-04  0.4447   0.0000E+00  0.0000   0.0000E+00  0.0000   0.0000E+00  0.0000
   1.0000E-07   1.7783E-07   4.2309E-05  0.4210   0.0000E+00  0.0000   0.0000E+00  0.0000   0.0000E+00  0.0000
   1.7783E-07   3.1623E-07   1.0093E-05  0.3851   0.0000E+00  0.0000   0.0000E+00  0.0000   0.0000E+00  0.0000
   3.1623E-07   5.6234E-07   7.5085E-06  0.4651   0.0000E+00  0.0000   0.0000E+00  0.0000   0.0000E+00  0.0000
   5.6234E-07   1.0000E-06   6.8382E-06  0.4428   0.0000E+00  0.0000   0.0000E+00  0.0000   0.0000E+00  0.0000
   1.0000E-06   1.7783E-06   6.1198E-06  0.4716   0.0000E+00  0.0000   0.0000E+00  0.0000   0.0000E+00  0.0000
   1.7783E-06   3.1623E-06   1.0183E-05  0.4224   0.0000E+00  0.0000   0.0000E+00  0.0000   0.0000E+00  0.0000
   3.1623E-06   5.6234E-06   6.6627E-06  0.4347   0.0000E+00  0.0000   0.0000E+00  0.0000   0.0000E+00  0.0000
   5.6234E-06   1.0000E-05   5.7784E-06  0.4546   0.0000E+00  0.0000   0.0000E+00  0.0000   0.0000E+00  0.0000
   1.0000E-05   1.7783E-05   5.8360E-06  0.5521   0.0000E+00  0.0000   0.0000E+00  0.0000   0.0000E+00  0.0000
   1.7783E-05   3.1623E-05   7.2747E-06  0.3826   0.0000E+00  0.0000   0.0000E+00  0.0000   0.0000E+00  0.0000
   3.1623E-05   5.6234E-05   6.2990E-06  0.4131   0.0000E+00  0.0000   0.0000E+00  0.0000   0.0000E+00  0.0000
   5.6234E-05   1.0000E-04   6.2743E-06  0.4338   0.0000E+00  0.0000   0.0000E+00  0.0000   0.0000E+00  0.0000
   1.0000E-04   1.7783E-04   5.1908E-06  0.4313   0.0000E+00  0.0000   0.0000E+00  0.0000   0.0000E+00  0.0000
   1.7783E-04   3.1623E-04   4.7881E-06  0.5044   0.0000E+00  0.0000   0.0000E+00  0.0000   0.0000E+00  0.0000
   3.1623E-04   5.6234E-04   5.6391E-06  0.4217   0.0000E+00  0.0000   0.0000E+00  0.0000   0.0000E+00  0.0000
   5.6234E-04   1.0000E-03   7.7391E-06  0.5077   0.0000E+00  0.0000   0.0000E+00  0.0000   2.0571E-16  0.4877
   1.0000E-03   1.7783E-03   6.5066E-06  0.4418   0.0000E+00  0.0000   0.0000E+00  0.0000   1.1938E-11  0.4547
   1.7783E-03   3.1623E-03   5.3931E-06  0.5625   0.0000E+00  0.0000   0.0000E+00  0.0000   1.9280E-11  0.4547
   3.1623E-03   5.6234E-03   5.2278E-06  0.4458   0.0000E+00  0.0000   0.0000E+00  0.0000   2.9104E-11  0.4547
   5.6234E-03   1.0000E-02   6.6331E-06  0.4612   0.0000E+00  0.0000   0.0000E+00  0.0000   4.0162E-11  0.4547
   1.0000E-02   1.7783E-02   6.2769E-06  0.4742   0.0000E+00  0.0000   0.0000E+00  0.0000   5.3868E-11  0.4547
   1.7783E-02   3.1623E-02   5.9739E-06  0.4716   0.0000E+00  0.0000   0.0000E+00  0.0000   7.7173E-11  0.4547
   3.1623E-02   5.6234E-02   7.1354E-06  0.4829   0.0000E+00  0.0000   0.0000E+00  0.0000   1.1581E-10  0.4547
   5.6234E-02   1.0000E-01   1.1317E-05  0.4136   0.0000E+00  0.0000   0.0000E+00  0.0000   1.8944E-10  0.4547
   1.0000E-01   1.7783E-01   1.1526E-05  0.4899   0.0000E+00  0.0000   0.0000E+00  0.0000   3.4914E-10  0.4542
   1.7783E-01   3.1623E-01   1.4106E-05  0.4707   0.0000E+00  0.0000   0.0000E+00  0.0000   7.4089E-10  0.4540
   3.1623E-01   5.6234E-01   1.7351E-05  0.4670   0.0000E+00  0.0000   0.0000E+00  0.0000   1.7651E-09  0.4541
   5.6234E-01   1.0000E+00   2.4871E-05  0.4444   0.0000E+00  0.0000   0.0000E+00  0.0000   4.4423E-09  0.4527
   1.0000E+00   1.7783E+00   2.2461E-05  0.3995   0.0000E+00  0.0000   0.0000E+00  0.0000   1.1300E-08  0.4501
   1.7783E+00   3.1623E+00   3.4220E-05  0.4911   0.0000E+00  0.0000   0.0000E+00  0.0000   2.7627E-08  0.4462
   3.1623E+00   5.6234E+00   2.4530E-05  0.4515   0.0000E+00  0.0000   0.0000E+00  0.0000   6.0725E-08  0.4564
   5.6234E+00   1.0000E+01   1.9561E-05  0.4603   0.0000E+00  0.0000   0.0000E+00  0.0000   1.2877E-07  0.4502
   1.0000E+01   1.7783E+01   1.3575E-05  0.3859   0.0000E+00  0.0000   0.0000E+00  0.0000   2.8531E-07  0.4462
   1.7783E+01   3.1623E+01   1.2792E-05  0.4559   0.0000E+00  0.0000   0.0000E+00  0.0000   6.2326E-07  0.4356
   3.1623E+01   5.6234E+01   2.0496E-05  0.3835   0.0000E+00  0.0000   0.0000E+00  0.0000   1.3009E-06  0.4320
   5.6234E+01   1.0000E+02   3.6036E-05  0.3933   0.0000E+00  0.0000   0.0000E+00  0.0000   2.3798E-06  0.4801
   1.0000E+02   1.7783E+02   2.6496E-05  0.3383   0.0000E+00  0.0000   0.0000E+00  0.0000   3.7526E-06  0.5367
   1.7783E+02   3.1623E+02   2.2879E-05  0.4644   0.0000E+00  0.0000   0.0000E+00  0.0000   3.6453E-06  0.5142
   3.1623E+02   5.6234E+02   1.0147E-05  0.4643   0.0000E+00  0.0000   0.0000E+00  0.0000   2.7122E-06  0.4818
   5.6234E+02   1.0000E+03   4.4236E-06  0.5362   0.0000E+00  0.0000   0.0000E+00  0.0000   2.1621E-06  0.5490
   1.0000E+03   1.7783E+03   2.4900E-06  0.4379   0.0000E+00  0.0000   0.0000E+00  0.0000   2.6214E-06  0.4834
   1.7783E+03   3.1623E+03   1.0276E-06  0.5827   0.0000E+00  0.0000   0.0000E+00  0.0000   6.9367E-07  0.5237
   3.1623E+03   5.6234E+03   4.3611E-07  0.7102   0.0000E+00  0.0000   0.0000E+00  0.0000   3.6062E-07  0.5073
   5.6234E+03   1.0000E+04   3.2478E-07  0.8804   0.0000E+00  0.0000   0.0000E+00  0.0000   9.1230E-08  1.0000
   1.0000E+04   1.7783E+04   1.8703E-07  0.7069   0.0000E+00  0.0000   0.0000E+00  0.0000   1.2893E-07  0.7814
   1.7783E+04   3.1623E+04   0.0000E+00  0.0000   0.0000E+00  0.0000   0.0000E+00  0.0000   5.8613E-08  1.0000
   3.1623E+04   5.6234E+04   2.4250E-08  1.0000   0.0000E+00  0.0000   0.0000E+00  0.0000   9.2833E-08  1.0000
   5.6234E+04   1.0000E+05   0.0000E+00  0.0000   0.0000E+00  0.0000   0.0000E+00  0.0000   0.0000E+00  0.0000

#   sum over                 8.5541E-04  0.4249   0.0000E+00  0.0000   0.0000E+00  0.0000   2.1145E-05  0.4611

'no. = 26, (ix,iy,iz) = (  1,  1, 26)'
msuc: {\huge Flux spectra vs depth in concrete}
msdr: {\it plotted by \ANGEL \version}
msdl: {\it calculated by \PHITS  3.36}
wt: s(0.7)
\vspace{-3}
   vol  &=&   2.8800E+07 [cm^3]
  xmin  &=&  -6.0000E+02 [cm]
  xmax  &=&   6.0000E+02 [cm]
  ymin  &=&  -6.0000E+02 [cm]
  ymax  &=&   6.0000E+02 [cm]
  zmin  &=&  -2.0000E+02 [cm]
  zmax  &=&  -1.8000E+02 [cm]
e:

#------------------------------------------------------------------------------
 newpage:
#   no. = 27   ix  =  1   iy  =  1   iz  = 27
#   x = (  -6.0000E+02  -   6.0000E+02  )
#   y = (  -6.0000E+02  -   6.0000E+02  )
#   z = (  -1.8000E+02  -  -1.6000E+02  )

x: Energy [MeV/n]
y: Flux [1/cm^2/source]              
p: xlog ylog afac(0.8) form(0.9)
h: n            x            y(neutron ),hh0l n y(muon-   ),hh0dr n y(muon+   ),hh0ub n y(proton  ),hh0mg n 
#  e-lower      e-upper        neutron   r.err      muon-     r.err      muon+     r.err      proton    r.err 
   1.0000E-10   1.7783E-10   4.4593E-09  0.5674   0.0000E+00  0.0000   0.0000E+00  0.0000   0.0000E+00  0.0000
   1.7783E-10   3.1623E-10   6.3092E-09  0.5910   0.0000E+00  0.0000   0.0000E+00  0.0000   0.0000E+00  0.0000
   3.1623E-10   5.6234E-10   1.4681E-07  0.4920   0.0000E+00  0.0000   0.0000E+00  0.0000   0.0000E+00  0.0000
   5.6234E-10   1.0000E-09   2.4167E-07  0.3911   0.0000E+00  0.0000   0.0000E+00  0.0000   0.0000E+00  0.0000
   1.0000E-09   1.7783E-09   6.5955E-07  0.3795   0.0000E+00  0.0000   0.0000E+00  0.0000   0.0000E+00  0.0000
   1.7783E-09   3.1623E-09   2.2392E-06  0.3493   0.0000E+00  0.0000   0.0000E+00  0.0000   0.0000E+00  0.0000
   3.1623E-09   5.6234E-09   6.4913E-06  0.3466   0.0000E+00  0.0000   0.0000E+00  0.0000   0.0000E+00  0.0000
   5.6234E-09   1.0000E-08   1.8212E-05  0.3207   0.0000E+00  0.0000   0.0000E+00  0.0000   0.0000E+00  0.0000
   1.0000E-08   1.7783E-08   4.9012E-05  0.3403   0.0000E+00  0.0000   0.0000E+00  0.0000   0.0000E+00  0.0000
   1.7783E-08   3.1623E-08   9.8197E-05  0.3245   0.0000E+00  0.0000   0.0000E+00  0.0000   0.0000E+00  0.0000
   3.1623E-08   5.6234E-08   1.4389E-04  0.3293   0.0000E+00  0.0000   0.0000E+00  0.0000   0.0000E+00  0.0000
   5.6234E-08   1.0000E-07   1.4061E-04  0.3205   0.0000E+00  0.0000   0.0000E+00  0.0000   0.0000E+00  0.0000
   1.0000E-07   1.7783E-07   6.1304E-05  0.3214   0.0000E+00  0.0000   0.0000E+00  0.0000   0.0000E+00  0.0000
   1.7783E-07   3.1623E-07   1.5876E-05  0.3215   0.0000E+00  0.0000   0.0000E+00  0.0000   0.0000E+00  0.0000
   3.1623E-07   5.6234E-07   1.0352E-05  0.3326   0.0000E+00  0.0000   0.0000E+00  0.0000   0.0000E+00  0.0000
   5.6234E-07   1.0000E-06   8.4221E-06  0.3788   0.0000E+00  0.0000   0.0000E+00  0.0000   0.0000E+00  0.0000
   1.0000E-06   1.7783E-06   1.0003E-05  0.3117   0.0000E+00  0.0000   0.0000E+00  0.0000   0.0000E+00  0.0000
   1.7783E-06   3.1623E-06   9.5686E-06  0.3217   0.0000E+00  0.0000   0.0000E+00  0.0000   0.0000E+00  0.0000
   3.1623E-06   5.6234E-06   7.3286E-06  0.3627   0.0000E+00  0.0000   0.0000E+00  0.0000   0.0000E+00  0.0000
   5.6234E-06   1.0000E-05   6.5288E-06  0.3399   0.0000E+00  0.0000   0.0000E+00  0.0000   0.0000E+00  0.0000
   1.0000E-05   1.7783E-05   1.0458E-05  0.3556   0.0000E+00  0.0000   0.0000E+00  0.0000   0.0000E+00  0.0000
   1.7783E-05   3.1623E-05   8.8210E-06  0.3660   0.0000E+00  0.0000   0.0000E+00  0.0000   0.0000E+00  0.0000
   3.1623E-05   5.6234E-05   7.8175E-06  0.3172   0.0000E+00  0.0000   0.0000E+00  0.0000   0.0000E+00  0.0000
   5.6234E-05   1.0000E-04   6.8347E-06  0.3506   0.0000E+00  0.0000   0.0000E+00  0.0000   0.0000E+00  0.0000
   1.0000E-04   1.7783E-04   7.4174E-06  0.3357   0.0000E+00  0.0000   3.6948E-18  1.0000   0.0000E+00  0.0000
   1.7783E-04   3.1623E-04   9.0562E-06  0.2979   0.0000E+00  0.0000   0.0000E+00  0.0000   0.0000E+00  0.0000
   3.1623E-04   5.6234E-04   8.2094E-06  0.3053   0.0000E+00  0.0000   0.0000E+00  0.0000   0.0000E+00  0.0000
   5.6234E-04   1.0000E-03   8.5914E-06  0.3467   0.0000E+00  0.0000   0.0000E+00  0.0000   2.7029E-16  0.3346
   1.0000E-03   1.7783E-03   7.2781E-06  0.4372   0.0000E+00  0.0000   1.9369E-13  1.0000   1.2455E-11  0.3462
   1.7783E-03   3.1623E-03   8.3238E-06  0.3630   0.0000E+00  0.0000   9.4629E-14  1.0000   2.0116E-11  0.3462
   3.1623E-03   5.6234E-03   7.1403E-06  0.3919   0.0000E+00  0.0000   1.3981E-13  1.0000   3.0367E-11  0.3462
   5.6234E-03   1.0000E-02   1.0613E-05  0.3614   0.0000E+00  0.0000   2.2423E-13  1.0000   4.1904E-11  0.3462
   1.0000E-02   1.7783E-02   8.3238E-06  0.3487   0.0000E+00  0.0000   4.0206E-13  1.0000   5.6204E-11  0.3462
   1.7783E-02   3.1623E-02   9.2901E-06  0.3607   0.0000E+00  0.0000   8.3007E-13  1.0000   8.0520E-11  0.3462
   3.1623E-02   5.6234E-02   1.0797E-05  0.3540   0.0000E+00  0.0000   1.9392E-12  1.0000   1.2083E-10  0.3462
   5.6234E-02   1.0000E-01   1.3508E-05  0.3525   0.0000E+00  0.0000   4.8589E-12  1.0000   1.9766E-10  0.3462
   1.0000E-01   1.7783E-01   1.2506E-05  0.3638   0.0000E+00  0.0000   1.2472E-11  1.0000   3.6474E-10  0.3462
   1.7783E-01   3.1623E-01   1.5237E-05  0.3447   0.0000E+00  0.0000   3.2625E-11  1.0000   7.7490E-10  0.3462
   3.1623E-01   5.6234E-01   1.7538E-05  0.3316   0.0000E+00  0.0000   8.7448E-11  1.0000   1.8461E-09  0.3462
   5.6234E-01   1.0000E+00   2.9120E-05  0.3274   0.0000E+00  0.0000   2.3985E-10  1.0000   4.6503E-09  0.3463
   1.0000E+00   1.7783E+00   3.3640E-05  0.3657   0.0000E+00  0.0000   6.7161E-10  1.0000   1.1833E-08  0.3461
   1.7783E+00   3.1623E+00   5.0042E-05  0.3789   0.0000E+00  0.0000   1.9103E-09  1.0000   2.9549E-08  0.3409
   3.1623E+00   5.6234E+00   3.0835E-05  0.3741   0.0000E+00  0.0000   1.8055E-09  1.0000   6.6682E-08  0.3480
   5.6234E+00   1.0000E+01   2.3630E-05  0.3572   0.0000E+00  0.0000   0.0000E+00  0.0000   1.4498E-07  0.3581
   1.0000E+01   1.7783E+01   1.8676E-05  0.3737   0.0000E+00  0.0000   0.0000E+00  0.0000   3.2940E-07  0.3467
   1.7783E+01   3.1623E+01   2.0608E-05  0.3745   0.0000E+00  0.0000   0.0000E+00  0.0000   6.7302E-07  0.3461
   3.1623E+01   5.6234E+01   2.8524E-05  0.3005   0.0000E+00  0.0000   0.0000E+00  0.0000   1.4011E-06  0.3424
   5.6234E+01   1.0000E+02   4.2649E-05  0.3029   0.0000E+00  0.0000   0.0000E+00  0.0000   2.4779E-06  0.3594
   1.0000E+02   1.7783E+02   2.5998E-05  0.3865   0.0000E+00  0.0000   0.0000E+00  0.0000   3.2971E-06  0.3813
   1.7783E+02   3.1623E+02   3.3266E-05  0.3787   0.0000E+00  0.0000   0.0000E+00  0.0000   2.9283E-06  0.4826
   3.1623E+02   5.6234E+02   1.0159E-05  0.4134   0.0000E+00  0.0000   0.0000E+00  0.0000   2.8950E-06  0.4738
   5.6234E+02   1.0000E+03   5.2215E-06  0.4951   0.0000E+00  0.0000   0.0000E+00  0.0000   1.4530E-06  0.5946
   1.0000E+03   1.7783E+03   3.3295E-06  0.4222   0.0000E+00  0.0000   0.0000E+00  0.0000   2.4362E-06  0.4523
   1.7783E+03   3.1623E+03   9.8851E-07  0.6448   0.0000E+00  0.0000   0.0000E+00  0.0000   6.2683E-07  0.4667
   3.1623E+03   5.6234E+03   4.6155E-07  0.6919   0.0000E+00  0.0000   0.0000E+00  0.0000   4.7587E-07  0.6424
   5.6234E+03   1.0000E+04   4.3498E-07  0.8887   0.0000E+00  0.0000   0.0000E+00  0.0000   8.9038E-09  1.0000
   1.0000E+04   1.7783E+04   5.4180E-08  0.7085   0.0000E+00  0.0000   0.0000E+00  0.0000   6.1670E-08  1.0000
   1.7783E+04   3.1623E+04   6.7250E-08  1.0000   0.0000E+00  0.0000   0.0000E+00  0.0000   3.4561E-08  0.9498
   3.1623E+04   5.6234E+04   1.6431E-07  1.0000   0.0000E+00  0.0000   0.0000E+00  0.0000   4.0236E-07  0.7609
   5.6234E+04   1.0000E+05   0.0000E+00  0.0000   0.0000E+00  0.0000   0.0000E+00  0.0000   0.0000E+00  0.0000

#   sum over                 1.1347E-03  0.3238   0.0000E+00  0.0000   4.7685E-09  1.0000   1.9762E-05  0.3939

'no. = 27, (ix,iy,iz) = (  1,  1, 27)'
msuc: {\huge Flux spectra vs depth in concrete}
msdr: {\it plotted by \ANGEL \version}
msdl: {\it calculated by \PHITS  3.36}
wt: s(0.7)
\vspace{-3}
   vol  &=&   2.8800E+07 [cm^3]
  xmin  &=&  -6.0000E+02 [cm]
  xmax  &=&   6.0000E+02 [cm]
  ymin  &=&  -6.0000E+02 [cm]
  ymax  &=&   6.0000E+02 [cm]
  zmin  &=&  -1.8000E+02 [cm]
  zmax  &=&  -1.6000E+02 [cm]
e:

#------------------------------------------------------------------------------
 newpage:
#   no. = 28   ix  =  1   iy  =  1   iz  = 28
#   x = (  -6.0000E+02  -   6.0000E+02  )
#   y = (  -6.0000E+02  -   6.0000E+02  )
#   z = (  -1.6000E+02  -  -1.4000E+02  )

x: Energy [MeV/n]
y: Flux [1/cm^2/source]              
p: xlog ylog afac(0.8) form(0.9)
h: n            x            y(neutron ),hh0l n y(muon-   ),hh0dr n y(muon+   ),hh0ub n y(proton  ),hh0mg n 
#  e-lower      e-upper        neutron   r.err      muon-     r.err      muon+     r.err      proton    r.err 
   1.0000E-10   1.7783E-10   1.9139E-08  0.6410   0.0000E+00  0.0000   0.0000E+00  0.0000   0.0000E+00  0.0000
   1.7783E-10   3.1623E-10   1.7641E-08  0.5396   0.0000E+00  0.0000   0.0000E+00  0.0000   0.0000E+00  0.0000
   3.1623E-10   5.6234E-10   5.7358E-08  0.5442   0.0000E+00  0.0000   0.0000E+00  0.0000   0.0000E+00  0.0000
   5.6234E-10   1.0000E-09   2.2974E-07  0.4207   0.0000E+00  0.0000   0.0000E+00  0.0000   0.0000E+00  0.0000
   1.0000E-09   1.7783E-09   7.8879E-07  0.3307   0.0000E+00  0.0000   0.0000E+00  0.0000   0.0000E+00  0.0000
   1.7783E-09   3.1623E-09   2.5653E-06  0.2791   0.0000E+00  0.0000   0.0000E+00  0.0000   0.0000E+00  0.0000
   3.1623E-09   5.6234E-09   9.8576E-06  0.3114   0.0000E+00  0.0000   0.0000E+00  0.0000   0.0000E+00  0.0000
   5.6234E-09   1.0000E-08   2.4130E-05  0.2732   0.0000E+00  0.0000   0.0000E+00  0.0000   0.0000E+00  0.0000
   1.0000E-08   1.7783E-08   5.8356E-05  0.2872   0.0000E+00  0.0000   0.0000E+00  0.0000   0.0000E+00  0.0000
   1.7783E-08   3.1623E-08   1.3074E-04  0.2632   0.0000E+00  0.0000   0.0000E+00  0.0000   0.0000E+00  0.0000
   3.1623E-08   5.6234E-08   1.9702E-04  0.2724   0.0000E+00  0.0000   0.0000E+00  0.0000   0.0000E+00  0.0000
   5.6234E-08   1.0000E-07   1.7215E-04  0.2802   0.0000E+00  0.0000   0.0000E+00  0.0000   0.0000E+00  0.0000
   1.0000E-07   1.7783E-07   6.4897E-05  0.2738   0.0000E+00  0.0000   0.0000E+00  0.0000   0.0000E+00  0.0000
   1.7783E-07   3.1623E-07   2.0187E-05  0.2785   0.0000E+00  0.0000   0.0000E+00  0.0000   0.0000E+00  0.0000
   3.1623E-07   5.6234E-07   1.0015E-05  0.3315   0.0000E+00  0.0000   0.0000E+00  0.0000   0.0000E+00  0.0000
   5.6234E-07   1.0000E-06   1.0260E-05  0.3238   0.0000E+00  0.0000   0.0000E+00  0.0000   0.0000E+00  0.0000
   1.0000E-06   1.7783E-06   1.0192E-05  0.3201   0.0000E+00  0.0000   0.0000E+00  0.0000   0.0000E+00  0.0000
   1.7783E-06   3.1623E-06   1.0513E-05  0.3299   0.0000E+00  0.0000   0.0000E+00  0.0000   0.0000E+00  0.0000
   3.1623E-06   5.6234E-06   1.1671E-05  0.2906   0.0000E+00  0.0000   0.0000E+00  0.0000   0.0000E+00  0.0000
   5.6234E-06   1.0000E-05   1.1842E-05  0.2963   0.0000E+00  0.0000   0.0000E+00  0.0000   0.0000E+00  0.0000
   1.0000E-05   1.7783E-05   8.4913E-06  0.2963   0.0000E+00  0.0000   0.0000E+00  0.0000   0.0000E+00  0.0000
   1.7783E-05   3.1623E-05   1.2098E-05  0.3104   0.0000E+00  0.0000   0.0000E+00  0.0000   0.0000E+00  0.0000
   3.1623E-05   5.6234E-05   1.0980E-05  0.3193   0.0000E+00  0.0000   0.0000E+00  0.0000   0.0000E+00  0.0000
   5.6234E-05   1.0000E-04   8.1070E-06  0.3785   0.0000E+00  0.0000   0.0000E+00  0.0000   0.0000E+00  0.0000
   1.0000E-04   1.7783E-04   8.6388E-06  0.3774   0.0000E+00  0.0000   2.7709E-18  0.5770   0.0000E+00  0.0000
   1.7783E-04   3.1623E-04   1.0878E-05  0.3741   0.0000E+00  0.0000   0.0000E+00  0.0000   0.0000E+00  0.0000
   3.1623E-04   5.6234E-04   1.1094E-05  0.3351   0.0000E+00  0.0000   0.0000E+00  0.0000   0.0000E+00  0.0000
   5.6234E-04   1.0000E-03   1.0687E-05  0.3160   0.0000E+00  0.0000   0.0000E+00  0.0000   2.7078E-16  0.3472
   1.0000E-03   1.7783E-03   1.2758E-05  0.3063   0.0000E+00  0.0000   4.1505E-13  0.6829   1.4431E-11  0.3485
   1.7783E-03   3.1623E-03   9.0310E-06  0.3720   0.0000E+00  0.0000   2.0278E-13  0.6829   2.3345E-11  0.3480
   3.1623E-03   5.6234E-03   9.7621E-06  0.3065   0.0000E+00  0.0000   2.9959E-13  0.6829   3.5240E-11  0.3480
   5.6234E-03   1.0000E-02   1.1028E-05  0.3022   0.0000E+00  0.0000   4.8049E-13  0.6829   4.8629E-11  0.3480
   1.0000E-02   1.7783E-02   1.1561E-05  0.3251   0.0000E+00  0.0000   8.6156E-13  0.6829   6.5224E-11  0.3480
   1.7783E-02   3.1623E-02   1.5136E-05  0.3042   0.0000E+00  0.0000   1.7787E-12  0.6829   9.3443E-11  0.3480
   3.1623E-02   5.6234E-02   1.4561E-05  0.2948   0.0000E+00  0.0000   4.1554E-12  0.6829   1.4022E-10  0.3480
   5.6234E-02   1.0000E-01   1.2911E-05  0.3099   0.0000E+00  0.0000   1.0412E-11  0.6829   2.2938E-10  0.3480
   1.0000E-01   1.7783E-01   2.0162E-05  0.2774   0.0000E+00  0.0000   2.6726E-11  0.6829   4.2327E-10  0.3480
   1.7783E-01   3.1623E-01   2.6042E-05  0.2913   0.0000E+00  0.0000   6.9910E-11  0.6829   8.9926E-10  0.3480
   3.1623E-01   5.6234E-01   2.9217E-05  0.2897   0.0000E+00  0.0000   1.8739E-10  0.6829   2.1426E-09  0.3480
   5.6234E-01   1.0000E+00   3.8780E-05  0.2868   0.0000E+00  0.0000   5.1396E-10  0.6829   5.4033E-09  0.3475
   1.0000E+00   1.7783E+00   3.8852E-05  0.3018   0.0000E+00  0.0000   1.4392E-09  0.6829   1.3746E-08  0.3485
   1.7783E+00   3.1623E+00   5.5271E-05  0.3133   0.0000E+00  0.0000   4.0936E-09  0.6829   3.4187E-08  0.3496
   3.1623E+00   5.6234E+00   4.5643E-05  0.3278   0.0000E+00  0.0000   6.4194E-09  0.8064   7.7857E-08  0.3529
   5.6234E+00   1.0000E+01   2.4020E-05  0.3489   0.0000E+00  0.0000   1.0743E-08  1.0000   1.7144E-07  0.3548
   1.0000E+01   1.7783E+01   3.1243E-05  0.2953   0.0000E+00  0.0000   2.9249E-08  1.0000   3.6589E-07  0.3728
   1.7783E+01   3.1623E+01   3.3068E-05  0.3042   0.0000E+00  0.0000   7.6362E-08  1.0000   7.7987E-07  0.4122
   3.1623E+01   5.6234E+01   3.7763E-05  0.3556   0.0000E+00  0.0000   1.8668E-07  1.0000   1.4639E-06  0.4387
   5.6234E+01   1.0000E+02   6.5579E-05  0.2901   0.0000E+00  0.0000   4.1791E-07  1.0000   2.6007E-06  0.4222
   1.0000E+02   1.7783E+02   4.7075E-05  0.3324   0.0000E+00  0.0000   3.1699E-07  1.0000   3.7212E-06  0.3879
   1.7783E+02   3.1623E+02   4.0081E-05  0.3695   0.0000E+00  0.0000   0.0000E+00  0.0000   5.8211E-06  0.4411
   3.1623E+02   5.6234E+02   1.1001E-05  0.3932   0.0000E+00  0.0000   0.0000E+00  0.0000   3.9502E-06  0.5961
   5.6234E+02   1.0000E+03   1.1630E-05  0.5267   0.0000E+00  0.0000   0.0000E+00  0.0000   2.9878E-06  0.4908
   1.0000E+03   1.7783E+03   4.2407E-06  0.4198   0.0000E+00  0.0000   0.0000E+00  0.0000   2.3904E-06  0.5726
   1.7783E+03   3.1623E+03   1.2148E-06  0.6271   0.0000E+00  0.0000   0.0000E+00  0.0000   6.5688E-07  0.5466
   3.1623E+03   5.6234E+03   7.9074E-07  0.6463   0.0000E+00  0.0000   0.0000E+00  0.0000   5.7960E-07  0.7487
   5.6234E+03   1.0000E+04   4.8565E-07  0.8341   0.0000E+00  0.0000   0.0000E+00  0.0000   0.0000E+00  0.0000
   1.0000E+04   1.7783E+04   0.0000E+00  0.0000   0.0000E+00  0.0000   0.0000E+00  0.0000   0.0000E+00  0.0000
   1.7783E+04   3.1623E+04   2.7706E-08  1.0000   0.0000E+00  0.0000   0.0000E+00  0.0000   1.5979E-07  1.0000
   3.1623E+04   5.6234E+04   1.8736E-07  1.0000   0.0000E+00  0.0000   0.0000E+00  0.0000   5.5867E-07  0.7442
   5.6234E+04   1.0000E+05   0.0000E+00  0.0000   0.0000E+00  0.0000   0.0000E+00  0.0000   0.0000E+00  0.0000

#   sum over                 1.4856E-03  0.2703   0.0000E+00  0.0000   1.0507E-06  0.9968   2.6343E-05  0.4503

'no. = 28, (ix,iy,iz) = (  1,  1, 28)'
msuc: {\huge Flux spectra vs depth in concrete}
msdr: {\it plotted by \ANGEL \version}
msdl: {\it calculated by \PHITS  3.36}
wt: s(0.7)
\vspace{-3}
   vol  &=&   2.8800E+07 [cm^3]
  xmin  &=&  -6.0000E+02 [cm]
  xmax  &=&   6.0000E+02 [cm]
  ymin  &=&  -6.0000E+02 [cm]
  ymax  &=&   6.0000E+02 [cm]
  zmin  &=&  -1.6000E+02 [cm]
  zmax  &=&  -1.4000E+02 [cm]
e:

#------------------------------------------------------------------------------
 newpage:
#   no. = 29   ix  =  1   iy  =  1   iz  = 29
#   x = (  -6.0000E+02  -   6.0000E+02  )
#   y = (  -6.0000E+02  -   6.0000E+02  )
#   z = (  -1.4000E+02  -  -1.2000E+02  )

x: Energy [MeV/n]
y: Flux [1/cm^2/source]              
p: xlog ylog afac(0.8) form(0.9)
h: n            x            y(neutron ),hh0l n y(muon-   ),hh0dr n y(muon+   ),hh0ub n y(proton  ),hh0mg n 
#  e-lower      e-upper        neutron   r.err      muon-     r.err      muon+     r.err      proton    r.err 
   1.0000E-10   1.7783E-10   7.6436E-09  0.5393   0.0000E+00  0.0000   0.0000E+00  0.0000   0.0000E+00  0.0000
   1.7783E-10   3.1623E-10   3.1116E-08  0.4583   0.0000E+00  0.0000   0.0000E+00  0.0000   0.0000E+00  0.0000
   3.1623E-10   5.6234E-10   1.7212E-07  0.5238   0.0000E+00  0.0000   0.0000E+00  0.0000   0.0000E+00  0.0000
   5.6234E-10   1.0000E-09   2.6412E-07  0.4574   0.0000E+00  0.0000   0.0000E+00  0.0000   0.0000E+00  0.0000
   1.0000E-09   1.7783E-09   8.5593E-07  0.2960   0.0000E+00  0.0000   0.0000E+00  0.0000   0.0000E+00  0.0000
   1.7783E-09   3.1623E-09   3.0259E-06  0.3245   0.0000E+00  0.0000   0.0000E+00  0.0000   0.0000E+00  0.0000
   3.1623E-09   5.6234E-09   9.7826E-06  0.2787   0.0000E+00  0.0000   0.0000E+00  0.0000   0.0000E+00  0.0000
   5.6234E-09   1.0000E-08   2.9055E-05  0.2651   0.0000E+00  0.0000   0.0000E+00  0.0000   0.0000E+00  0.0000
   1.0000E-08   1.7783E-08   7.1448E-05  0.2702   0.0000E+00  0.0000   0.0000E+00  0.0000   0.0000E+00  0.0000
   1.7783E-08   3.1623E-08   1.4078E-04  0.2744   0.0000E+00  0.0000   0.0000E+00  0.0000   0.0000E+00  0.0000
   3.1623E-08   5.6234E-08   2.1964E-04  0.2724   0.0000E+00  0.0000   0.0000E+00  0.0000   0.0000E+00  0.0000
   5.6234E-08   1.0000E-07   2.0189E-04  0.2755   0.0000E+00  0.0000   0.0000E+00  0.0000   0.0000E+00  0.0000
   1.0000E-07   1.7783E-07   8.5238E-05  0.2829   0.0000E+00  0.0000   0.0000E+00  0.0000   0.0000E+00  0.0000
   1.7783E-07   3.1623E-07   2.4375E-05  0.3148   0.0000E+00  0.0000   0.0000E+00  0.0000   0.0000E+00  0.0000
   3.1623E-07   5.6234E-07   1.6600E-05  0.2826   0.0000E+00  0.0000   0.0000E+00  0.0000   0.0000E+00  0.0000
   5.6234E-07   1.0000E-06   1.3142E-05  0.3167   0.0000E+00  0.0000   0.0000E+00  0.0000   0.0000E+00  0.0000
   1.0000E-06   1.7783E-06   1.4386E-05  0.3144   0.0000E+00  0.0000   0.0000E+00  0.0000   0.0000E+00  0.0000
   1.7783E-06   3.1623E-06   1.4341E-05  0.3000   0.0000E+00  0.0000   0.0000E+00  0.0000   0.0000E+00  0.0000
   3.1623E-06   5.6234E-06   1.1384E-05  0.3564   0.0000E+00  0.0000   0.0000E+00  0.0000   0.0000E+00  0.0000
   5.6234E-06   1.0000E-05   1.1221E-05  0.3177   0.0000E+00  0.0000   0.0000E+00  0.0000   0.0000E+00  0.0000
   1.0000E-05   1.7783E-05   1.2401E-05  0.3376   0.0000E+00  0.0000   0.0000E+00  0.0000   0.0000E+00  0.0000
   1.7783E-05   3.1623E-05   1.0340E-05  0.3406   0.0000E+00  0.0000   0.0000E+00  0.0000   0.0000E+00  0.0000
   3.1623E-05   5.6234E-05   1.3644E-05  0.3016   0.0000E+00  0.0000   0.0000E+00  0.0000   0.0000E+00  0.0000
   5.6234E-05   1.0000E-04   1.7120E-05  0.3085   0.0000E+00  0.0000   0.0000E+00  0.0000   0.0000E+00  0.0000
   1.0000E-04   1.7783E-04   1.3091E-05  0.3421   0.0000E+00  0.0000   6.4655E-18  0.6224   0.0000E+00  0.0000
   1.7783E-04   3.1623E-04   1.5757E-05  0.3379   0.0000E+00  0.0000   0.0000E+00  0.0000   0.0000E+00  0.0000
   3.1623E-04   5.6234E-04   1.4885E-05  0.3357   0.0000E+00  0.0000   0.0000E+00  0.0000   0.0000E+00  0.0000
   5.6234E-04   1.0000E-03   1.4016E-05  0.3231   0.0000E+00  0.0000   0.0000E+00  0.0000   4.4530E-16  0.3461
   1.0000E-03   1.7783E-03   1.4217E-05  0.3173   0.0000E+00  0.0000   3.0437E-13  0.7439   2.2341E-11  0.2992
   1.7783E-03   3.1623E-03   1.7196E-05  0.2932   0.0000E+00  0.0000   1.4870E-13  0.7439   3.6084E-11  0.2992
   3.1623E-03   5.6234E-03   2.2665E-05  0.2692   0.0000E+00  0.0000   2.1970E-13  0.7439   5.4471E-11  0.2992
   5.6234E-03   1.0000E-02   1.6054E-05  0.2971   0.0000E+00  0.0000   3.5236E-13  0.7439   7.5166E-11  0.2992
   1.0000E-02   1.7783E-02   1.5818E-05  0.2654   0.0000E+00  0.0000   6.3181E-13  0.7439   1.0082E-10  0.2992
   1.7783E-02   3.1623E-02   1.3539E-05  0.2854   0.0000E+00  0.0000   1.3044E-12  0.7439   1.4444E-10  0.2992
   3.1623E-02   5.6234E-02   2.2011E-05  0.2637   0.0000E+00  0.0000   3.0473E-12  0.7439   2.1674E-10  0.2992
   5.6234E-02   1.0000E-01   1.7815E-05  0.3251   0.0000E+00  0.0000   7.6354E-12  0.7439   3.5456E-10  0.2992
   1.0000E-01   1.7783E-01   3.4987E-05  0.2744   0.0000E+00  0.0000   1.9599E-11  0.7439   6.5425E-10  0.2992
   1.7783E-01   3.1623E-01   2.9728E-05  0.3027   0.0000E+00  0.0000   5.1267E-11  0.7439   1.3900E-09  0.2992
   3.1623E-01   5.6234E-01   2.8919E-05  0.3004   0.0000E+00  0.0000   1.3742E-10  0.7439   3.3119E-09  0.2992
   5.6234E-01   1.0000E+00   5.1987E-05  0.2990   0.0000E+00  0.0000   3.7690E-10  0.7439   8.3602E-09  0.2992
   1.0000E+00   1.7783E+00   5.7380E-05  0.2550   0.0000E+00  0.0000   1.0554E-09  0.7439   2.1401E-08  0.2989
   1.7783E+00   3.1623E+00   7.0322E-05  0.3146   0.0000E+00  0.0000   3.0020E-09  0.7439   5.2573E-08  0.3018
   3.1623E+00   5.6234E+00   6.1372E-05  0.2529   0.0000E+00  0.0000   2.8372E-09  0.7439   1.1169E-07  0.3137
   5.6234E+00   1.0000E+01   3.4420E-05  0.3043   0.0000E+00  0.0000   0.0000E+00  0.0000   2.3305E-07  0.3275
   1.0000E+01   1.7783E+01   3.8324E-05  0.2901   0.0000E+00  0.0000   0.0000E+00  0.0000   5.3256E-07  0.3194
   1.7783E+01   3.1623E+01   3.5295E-05  0.3242   0.0000E+00  0.0000   0.0000E+00  0.0000   1.0967E-06  0.3385
   3.1623E+01   5.6234E+01   3.5022E-05  0.3520   0.0000E+00  0.0000   0.0000E+00  0.0000   2.3155E-06  0.3325
   5.6234E+01   1.0000E+02   8.8047E-05  0.2336   0.0000E+00  0.0000   0.0000E+00  0.0000   3.6287E-06  0.4000
   1.0000E+02   1.7783E+02   5.5887E-05  0.2837   0.0000E+00  0.0000   4.7396E-07  1.0000   4.7748E-06  0.4290
   1.7783E+02   3.1623E+02   5.1926E-05  0.3616   0.0000E+00  0.0000   5.9904E-07  1.0000   6.5427E-06  0.4378
   3.1623E+02   5.6234E+02   1.0785E-05  0.3863   0.0000E+00  0.0000   0.0000E+00  0.0000   3.5018E-06  0.5363
   5.6234E+02   1.0000E+03   1.4019E-05  0.5265   0.0000E+00  0.0000   0.0000E+00  0.0000   4.2758E-06  0.6687
   1.0000E+03   1.7783E+03   4.0175E-06  0.4734   0.0000E+00  0.0000   0.0000E+00  0.0000   3.1413E-06  0.5036
   1.7783E+03   3.1623E+03   1.9229E-06  0.5286   0.0000E+00  0.0000   0.0000E+00  0.0000   1.7920E-06  0.5520
   3.1623E+03   5.6234E+03   9.1338E-07  0.7926   0.0000E+00  0.0000   0.0000E+00  0.0000   5.9202E-07  0.7329
   5.6234E+03   1.0000E+04   5.8125E-07  0.7508   0.0000E+00  0.0000   0.0000E+00  0.0000   0.0000E+00  0.0000
   1.0000E+04   1.7783E+04   0.0000E+00  0.0000   0.0000E+00  0.0000   0.0000E+00  0.0000   0.0000E+00  0.0000
   1.7783E+04   3.1623E+04   0.0000E+00  0.0000   0.0000E+00  0.0000   0.0000E+00  0.0000   1.2810E-07  1.0000
   3.1623E+04   5.6234E+04   2.6996E-07  1.0000   0.0000E+00  0.0000   0.0000E+00  0.0000   6.1794E-07  0.7211
   5.6234E+04   1.0000E+05   0.0000E+00  0.0000   0.0000E+00  0.0000   0.0000E+00  0.0000   0.0000E+00  0.0000

#   sum over                 1.8243E-03  0.2582   0.0000E+00  0.0000   1.0805E-06  0.9981   3.3374E-05  0.4288

'no. = 29, (ix,iy,iz) = (  1,  1, 29)'
msuc: {\huge Flux spectra vs depth in concrete}
msdr: {\it plotted by \ANGEL \version}
msdl: {\it calculated by \PHITS  3.36}
wt: s(0.7)
\vspace{-3}
   vol  &=&   2.8800E+07 [cm^3]
  xmin  &=&  -6.0000E+02 [cm]
  xmax  &=&   6.0000E+02 [cm]
  ymin  &=&  -6.0000E+02 [cm]
  ymax  &=&   6.0000E+02 [cm]
  zmin  &=&  -1.4000E+02 [cm]
  zmax  &=&  -1.2000E+02 [cm]
e:

#------------------------------------------------------------------------------
 newpage:
#   no. = 30   ix  =  1   iy  =  1   iz  = 30
#   x = (  -6.0000E+02  -   6.0000E+02  )
#   y = (  -6.0000E+02  -   6.0000E+02  )
#   z = (  -1.2000E+02  -  -1.0000E+02  )

x: Energy [MeV/n]
y: Flux [1/cm^2/source]              
p: xlog ylog afac(0.8) form(0.9)
h: n            x            y(neutron ),hh0l n y(muon-   ),hh0dr n y(muon+   ),hh0ub n y(proton  ),hh0mg n 
#  e-lower      e-upper        neutron   r.err      muon-     r.err      muon+     r.err      proton    r.err 
   1.0000E-10   1.7783E-10   7.3153E-09  0.4677   0.0000E+00  0.0000   0.0000E+00  0.0000   0.0000E+00  0.0000
   1.7783E-10   3.1623E-10   9.9064E-08  0.5962   0.0000E+00  0.0000   0.0000E+00  0.0000   0.0000E+00  0.0000
   3.1623E-10   5.6234E-10   1.2325E-07  0.4125   0.0000E+00  0.0000   0.0000E+00  0.0000   0.0000E+00  0.0000
   5.6234E-10   1.0000E-09   7.8504E-07  0.3509   0.0000E+00  0.0000   0.0000E+00  0.0000   0.0000E+00  0.0000
   1.0000E-09   1.7783E-09   1.1120E-06  0.3025   0.0000E+00  0.0000   0.0000E+00  0.0000   0.0000E+00  0.0000
   1.7783E-09   3.1623E-09   4.1641E-06  0.3044   0.0000E+00  0.0000   0.0000E+00  0.0000   0.0000E+00  0.0000
   3.1623E-09   5.6234E-09   1.3140E-05  0.2565   0.0000E+00  0.0000   0.0000E+00  0.0000   0.0000E+00  0.0000
   5.6234E-09   1.0000E-08   3.2606E-05  0.2682   0.0000E+00  0.0000   0.0000E+00  0.0000   0.0000E+00  0.0000
   1.0000E-08   1.7783E-08   8.4442E-05  0.2537   0.0000E+00  0.0000   0.0000E+00  0.0000   0.0000E+00  0.0000
   1.7783E-08   3.1623E-08   1.8570E-04  0.2542   0.0000E+00  0.0000   0.0000E+00  0.0000   0.0000E+00  0.0000
   3.1623E-08   5.6234E-08   2.7347E-04  0.2609   0.0000E+00  0.0000   0.0000E+00  0.0000   0.0000E+00  0.0000
   5.6234E-08   1.0000E-07   2.6484E-04  0.2521   0.0000E+00  0.0000   0.0000E+00  0.0000   0.0000E+00  0.0000
   1.0000E-07   1.7783E-07   1.2739E-04  0.2442   0.0000E+00  0.0000   0.0000E+00  0.0000   0.0000E+00  0.0000
   1.7783E-07   3.1623E-07   2.7372E-05  0.2519   0.0000E+00  0.0000   0.0000E+00  0.0000   0.0000E+00  0.0000
   3.1623E-07   5.6234E-07   2.1957E-05  0.3187   0.0000E+00  0.0000   0.0000E+00  0.0000   0.0000E+00  0.0000
   5.6234E-07   1.0000E-06   1.9409E-05  0.2893   0.0000E+00  0.0000   0.0000E+00  0.0000   0.0000E+00  0.0000
   1.0000E-06   1.7783E-06   1.8988E-05  0.3383   0.0000E+00  0.0000   0.0000E+00  0.0000   0.0000E+00  0.0000
   1.7783E-06   3.1623E-06   1.7411E-05  0.3062   0.0000E+00  0.0000   0.0000E+00  0.0000   0.0000E+00  0.0000
   3.1623E-06   5.6234E-06   2.1329E-05  0.2349   0.0000E+00  0.0000   0.0000E+00  0.0000   0.0000E+00  0.0000
   5.6234E-06   1.0000E-05   1.6280E-05  0.3002   0.0000E+00  0.0000   0.0000E+00  0.0000   0.0000E+00  0.0000
   1.0000E-05   1.7783E-05   1.7189E-05  0.3055   0.0000E+00  0.0000   0.0000E+00  0.0000   0.0000E+00  0.0000
   1.7783E-05   3.1623E-05   1.9426E-05  0.2680   0.0000E+00  0.0000   0.0000E+00  0.0000   0.0000E+00  0.0000
   3.1623E-05   5.6234E-05   2.4077E-05  0.2764   0.0000E+00  0.0000   0.0000E+00  0.0000   0.0000E+00  0.0000
   5.6234E-05   1.0000E-04   1.8247E-05  0.2826   0.0000E+00  0.0000   0.0000E+00  0.0000   0.0000E+00  0.0000
   1.0000E-04   1.7783E-04   2.0306E-05  0.3276   0.0000E+00  0.0000   5.5421E-18  0.8497   0.0000E+00  0.0000
   1.7783E-04   3.1623E-04   1.9416E-05  0.2879   0.0000E+00  0.0000   0.0000E+00  0.0000   0.0000E+00  0.0000
   3.1623E-04   5.6234E-04   1.9366E-05  0.2978   0.0000E+00  0.0000   0.0000E+00  0.0000   0.0000E+00  0.0000
   5.6234E-04   1.0000E-03   1.7053E-05  0.3003   0.0000E+00  0.0000   0.0000E+00  0.0000   4.3852E-16  0.3701
   1.0000E-03   1.7783E-03   1.5132E-05  0.3049   0.0000E+00  0.0000   6.9175E-13  0.6533   2.5855E-11  0.3035
   1.7783E-03   3.1623E-03   1.9917E-05  0.2586   0.0000E+00  0.0000   3.3796E-13  0.6533   4.1765E-11  0.3035
   3.1623E-03   5.6234E-03   1.7129E-05  0.2760   0.0000E+00  0.0000   4.9931E-13  0.6533   6.3046E-11  0.3035
   5.6234E-03   1.0000E-02   1.8776E-05  0.2918   0.0000E+00  0.0000   8.0082E-13  0.6533   8.6998E-11  0.3035
   1.0000E-02   1.7783E-02   1.9431E-05  0.2905   0.0000E+00  0.0000   1.4359E-12  0.6533   1.1669E-10  0.3035
   1.7783E-02   3.1623E-02   2.2897E-05  0.3153   0.0000E+00  0.0000   2.9645E-12  0.6533   1.6717E-10  0.3035
   3.1623E-02   5.6234E-02   2.4617E-05  0.2952   0.0000E+00  0.0000   6.9257E-12  0.6533   2.5086E-10  0.3035
   5.6234E-02   1.0000E-01   2.0539E-05  0.3262   0.0000E+00  0.0000   1.7353E-11  0.6533   4.1037E-10  0.3035
   1.0000E-01   1.7783E-01   3.5587E-05  0.2758   0.0000E+00  0.0000   4.4543E-11  0.6533   7.5620E-10  0.3033
   1.7783E-01   3.1623E-01   3.7747E-05  0.2943   0.0000E+00  0.0000   1.1652E-10  0.6533   1.6020E-09  0.3019
   3.1623E-01   5.6234E-01   4.0586E-05  0.2856   0.0000E+00  0.0000   3.1231E-10  0.6533   3.8117E-09  0.3018
   5.6234E-01   1.0000E+00   7.3996E-05  0.3274   0.0000E+00  0.0000   8.5659E-10  0.6533   9.6096E-09  0.3021
   1.0000E+00   1.7783E+00   7.8883E-05  0.3336   0.0000E+00  0.0000   2.4922E-09  0.6635   2.4644E-08  0.3030
   1.7783E+00   3.1623E+00   1.1363E-04  0.2752   0.0000E+00  0.0000   7.3685E-09  0.6736   6.2047E-08  0.3041
   3.1623E+00   5.6234E+00   7.6876E-05  0.2699   0.0000E+00  0.0000   6.9798E-09  0.6742   1.4444E-07  0.3090
   5.6234E+00   1.0000E+01   5.7508E-05  0.2497   0.0000E+00  0.0000   0.0000E+00  0.0000   3.2399E-07  0.3162
   1.0000E+01   1.7783E+01   4.1020E-05  0.2472   0.0000E+00  0.0000   0.0000E+00  0.0000   6.4283E-07  0.3261
   1.7783E+01   3.1623E+01   3.2415E-05  0.3846   0.0000E+00  0.0000   0.0000E+00  0.0000   1.3036E-06  0.3301
   3.1623E+01   5.6234E+01   6.1374E-05  0.3566   0.0000E+00  0.0000   0.0000E+00  0.0000   2.8204E-06  0.3189
   5.6234E+01   1.0000E+02   1.0192E-04  0.3002   0.0000E+00  0.0000   0.0000E+00  0.0000   5.6913E-06  0.3304
   1.0000E+02   1.7783E+02   8.2284E-05  0.2768   0.0000E+00  0.0000   0.0000E+00  0.0000   9.2726E-06  0.3746
   1.7783E+02   3.1623E+02   6.2695E-05  0.3471   0.0000E+00  0.0000   6.6143E-07  1.0000   1.4436E-05  0.4070
   3.1623E+02   5.6234E+02   1.4321E-05  0.4698   0.0000E+00  0.0000   4.1157E-07  1.0000   9.2797E-06  0.6452
   5.6234E+02   1.0000E+03   1.5325E-05  0.6147   0.0000E+00  0.0000   0.0000E+00  0.0000   5.5099E-06  0.6609
   1.0000E+03   1.7783E+03   4.2277E-06  0.4384   0.0000E+00  0.0000   0.0000E+00  0.0000   3.6253E-06  0.4525
   1.7783E+03   3.1623E+03   1.9774E-06  0.5870   0.0000E+00  0.0000   0.0000E+00  0.0000   1.9809E-06  0.5988
   3.1623E+03   5.6234E+03   1.3500E-06  0.7256   0.0000E+00  0.0000   0.0000E+00  0.0000   8.3246E-07  0.7339
   5.6234E+03   1.0000E+04   6.4707E-07  0.8945   0.0000E+00  0.0000   0.0000E+00  0.0000   0.0000E+00  0.0000
   1.0000E+04   1.7783E+04   0.0000E+00  0.0000   0.0000E+00  0.0000   0.0000E+00  0.0000   0.0000E+00  0.0000
   1.7783E+04   3.1623E+04   0.0000E+00  0.0000   0.0000E+00  0.0000   0.0000E+00  0.0000   1.3285E-07  1.0000
   3.1623E+04   5.6234E+04   3.7473E-07  1.0000   0.0000E+00  0.0000   0.0000E+00  0.0000   9.0658E-07  0.7174
   5.6234E+04   1.0000E+05   0.0000E+00  0.0000   0.0000E+00  0.0000   0.0000E+00  0.0000   0.0000E+00  0.0000

#   sum over                 2.3789E-03  0.2455   0.0000E+00  0.0000   1.0912E-06  0.9938   5.7006E-05  0.3992

'no. = 30, (ix,iy,iz) = (  1,  1, 30)'
msuc: {\huge Flux spectra vs depth in concrete}
msdr: {\it plotted by \ANGEL \version}
msdl: {\it calculated by \PHITS  3.36}
wt: s(0.7)
\vspace{-3}
   vol  &=&   2.8800E+07 [cm^3]
  xmin  &=&  -6.0000E+02 [cm]
  xmax  &=&   6.0000E+02 [cm]
  ymin  &=&  -6.0000E+02 [cm]
  ymax  &=&   6.0000E+02 [cm]
  zmin  &=&  -1.2000E+02 [cm]
  zmax  &=&  -1.0000E+02 [cm]
e:

#------------------------------------------------------------------------------
 newpage:
#   no. = 31   ix  =  1   iy  =  1   iz  = 31
#   x = (  -6.0000E+02  -   6.0000E+02  )
#   y = (  -6.0000E+02  -   6.0000E+02  )
#   z = (  -1.0000E+02  -  -8.0000E+01  )

x: Energy [MeV/n]
y: Flux [1/cm^2/source]              
p: xlog ylog afac(0.8) form(0.9)
h: n            x            y(neutron ),hh0l n y(muon-   ),hh0dr n y(muon+   ),hh0ub n y(proton  ),hh0mg n 
#  e-lower      e-upper        neutron   r.err      muon-     r.err      muon+     r.err      proton    r.err 
   1.0000E-10   1.7783E-10   2.0722E-08  0.6326   0.0000E+00  0.0000   0.0000E+00  0.0000   0.0000E+00  0.0000
   1.7783E-10   3.1623E-10   5.1708E-08  0.5004   0.0000E+00  0.0000   0.0000E+00  0.0000   0.0000E+00  0.0000
   3.1623E-10   5.6234E-10   1.5080E-07  0.4014   0.0000E+00  0.0000   0.0000E+00  0.0000   0.0000E+00  0.0000
   5.6234E-10   1.0000E-09   6.2019E-07  0.2921   0.0000E+00  0.0000   0.0000E+00  0.0000   0.0000E+00  0.0000
   1.0000E-09   1.7783E-09   1.9392E-06  0.2876   0.0000E+00  0.0000   0.0000E+00  0.0000   0.0000E+00  0.0000
   1.7783E-09   3.1623E-09   6.0229E-06  0.2236   0.0000E+00  0.0000   0.0000E+00  0.0000   0.0000E+00  0.0000
   3.1623E-09   5.6234E-09   2.5963E-05  0.2328   0.0000E+00  0.0000   0.0000E+00  0.0000   0.0000E+00  0.0000
   5.6234E-09   1.0000E-08   5.3427E-05  0.2317   0.0000E+00  0.0000   0.0000E+00  0.0000   0.0000E+00  0.0000
   1.0000E-08   1.7783E-08   1.3316E-04  0.2338   0.0000E+00  0.0000   0.0000E+00  0.0000   0.0000E+00  0.0000
   1.7783E-08   3.1623E-08   2.8812E-04  0.2400   0.0000E+00  0.0000   0.0000E+00  0.0000   0.0000E+00  0.0000
   3.1623E-08   5.6234E-08   4.3676E-04  0.2348   0.0000E+00  0.0000   0.0000E+00  0.0000   0.0000E+00  0.0000
   5.6234E-08   1.0000E-07   3.7519E-04  0.2345   0.0000E+00  0.0000   0.0000E+00  0.0000   0.0000E+00  0.0000
   1.0000E-07   1.7783E-07   1.8581E-04  0.2374   0.0000E+00  0.0000   0.0000E+00  0.0000   0.0000E+00  0.0000
   1.7783E-07   3.1623E-07   3.6196E-05  0.2802   0.0000E+00  0.0000   0.0000E+00  0.0000   0.0000E+00  0.0000
   3.1623E-07   5.6234E-07   2.9401E-05  0.2909   0.0000E+00  0.0000   0.0000E+00  0.0000   0.0000E+00  0.0000
   5.6234E-07   1.0000E-06   2.0947E-05  0.3011   0.0000E+00  0.0000   0.0000E+00  0.0000   0.0000E+00  0.0000
   1.0000E-06   1.7783E-06   2.8913E-05  0.2845   0.0000E+00  0.0000   0.0000E+00  0.0000   0.0000E+00  0.0000
   1.7783E-06   3.1623E-06   3.2231E-05  0.2708   0.0000E+00  0.0000   0.0000E+00  0.0000   0.0000E+00  0.0000
   3.1623E-06   5.6234E-06   2.0692E-05  0.3994   0.0000E+00  0.0000   0.0000E+00  0.0000   0.0000E+00  0.0000
   5.6234E-06   1.0000E-05   2.6116E-05  0.3190   0.0000E+00  0.0000   0.0000E+00  0.0000   0.0000E+00  0.0000
   1.0000E-05   1.7783E-05   2.5733E-05  0.3078   0.0000E+00  0.0000   0.0000E+00  0.0000   0.0000E+00  0.0000
   1.7783E-05   3.1623E-05   2.9308E-05  0.3190   0.0000E+00  0.0000   0.0000E+00  0.0000   0.0000E+00  0.0000
   3.1623E-05   5.6234E-05   2.2137E-05  0.3167   0.0000E+00  0.0000   0.0000E+00  0.0000   0.0000E+00  0.0000
   5.6234E-05   1.0000E-04   1.6951E-05  0.3459   0.0000E+00  0.0000   0.0000E+00  0.0000   0.0000E+00  0.0000
   1.0000E-04   1.7783E-04   1.9778E-05  0.2842   0.0000E+00  0.0000   1.4778E-17  0.5860   0.0000E+00  0.0000
   1.7783E-04   3.1623E-04   1.9485E-05  0.3221   0.0000E+00  0.0000   0.0000E+00  0.0000   0.0000E+00  0.0000
   3.1623E-04   5.6234E-04   2.1274E-05  0.3542   0.0000E+00  0.0000   0.0000E+00  0.0000   0.0000E+00  0.0000
   5.6234E-04   1.0000E-03   2.5709E-05  0.3614   0.0000E+00  0.0000   0.0000E+00  0.0000   7.5610E-16  0.2995
   1.0000E-03   1.7783E-03   2.0812E-05  0.3123   0.0000E+00  0.0000   9.9612E-13  0.5382   4.2502E-11  0.2986
   1.7783E-03   3.1623E-03   1.6196E-05  0.3332   0.0000E+00  0.0000   4.8666E-13  0.5382   6.8643E-11  0.2986
   3.1623E-03   5.6234E-03   2.3764E-05  0.3236   0.0000E+00  0.0000   7.1901E-13  0.5382   1.0362E-10  0.2986
   5.6234E-03   1.0000E-02   3.0222E-05  0.3303   0.0000E+00  0.0000   1.1532E-12  0.5382   1.4299E-10  0.2986
   1.0000E-02   1.7783E-02   2.1134E-05  0.3658   0.0000E+00  0.0000   2.0678E-12  0.5382   1.9178E-10  0.2986
   1.7783E-02   3.1623E-02   2.5131E-05  0.3026   0.0000E+00  0.0000   4.2689E-12  0.5382   2.7476E-10  0.2986
   3.1623E-02   5.6234E-02   3.4461E-05  0.3061   0.0000E+00  0.0000   9.9730E-12  0.5382   4.1231E-10  0.2986
   5.6234E-02   1.0000E-01   2.5120E-05  0.3448   0.0000E+00  0.0000   2.4989E-11  0.5382   6.7447E-10  0.2986
   1.0000E-01   1.7783E-01   3.7448E-05  0.3155   0.0000E+00  0.0000   6.4142E-11  0.5382   1.2446E-09  0.2986
   1.7783E-01   3.1623E-01   4.5087E-05  0.3507   0.0000E+00  0.0000   1.6778E-10  0.5382   2.6442E-09  0.2986
   3.1623E-01   5.6234E-01   5.0264E-05  0.2912   0.0000E+00  0.0000   4.4973E-10  0.5382   6.2933E-09  0.2986
   5.6234E-01   1.0000E+00   8.6820E-05  0.2893   0.0000E+00  0.0000   1.2335E-09  0.5382   1.5836E-08  0.2982
   1.0000E+00   1.7783E+00   8.4465E-05  0.2972   0.0000E+00  0.0000   3.3604E-09  0.5335   4.0695E-08  0.2978
   1.7783E+00   3.1623E+00   1.2212E-04  0.3430   0.0000E+00  0.0000   9.2788E-09  0.5290   1.0084E-07  0.3011
   3.1623E+00   5.6234E+00   7.5933E-05  0.2889   0.0000E+00  0.0000   8.8371E-09  0.5259   2.2495E-07  0.2953
   5.6234E+00   1.0000E+01   8.2700E-05  0.3209   0.0000E+00  0.0000   0.0000E+00  0.0000   4.5427E-07  0.2858
   1.0000E+01   1.7783E+01   4.8046E-05  0.3548   0.0000E+00  0.0000   0.0000E+00  0.0000   8.9414E-07  0.2841
   1.7783E+01   3.1623E+01   5.2453E-05  0.3833   0.0000E+00  0.0000   0.0000E+00  0.0000   1.8920E-06  0.2744
   3.1623E+01   5.6234E+01   6.2851E-05  0.3172   0.0000E+00  0.0000   0.0000E+00  0.0000   3.8600E-06  0.2861
   5.6234E+01   1.0000E+02   9.9907E-05  0.2738   0.0000E+00  0.0000   8.1565E-08  1.0000   5.3264E-06  0.3833
   1.0000E+02   1.7783E+02   1.3642E-04  0.2590   0.0000E+00  0.0000   4.5100E-07  1.0000   7.6169E-06  0.3953
   1.7783E+02   3.1623E+02   7.5950E-05  0.3764   0.0000E+00  0.0000   0.0000E+00  0.0000   8.2758E-06  0.3862
   3.1623E+02   5.6234E+02   1.5652E-05  0.4741   0.0000E+00  0.0000   1.0730E-06  1.0000   2.2399E-05  0.4964
   5.6234E+02   1.0000E+03   1.8153E-05  0.6604   0.0000E+00  0.0000   0.0000E+00  0.0000   4.9028E-06  0.6142
   1.0000E+03   1.7783E+03   4.6554E-06  0.4710   0.0000E+00  0.0000   0.0000E+00  0.0000   4.2812E-06  0.4389
   1.7783E+03   3.1623E+03   1.8957E-06  0.5054   0.0000E+00  0.0000   0.0000E+00  0.0000   2.7177E-06  0.6549
   3.1623E+03   5.6234E+03   1.9062E-06  0.6873   0.0000E+00  0.0000   0.0000E+00  0.0000   1.8118E-06  0.5411
   5.6234E+03   1.0000E+04   8.0311E-07  1.0000   0.0000E+00  0.0000   0.0000E+00  0.0000   3.5631E-07  1.0000
   1.0000E+04   1.7783E+04   0.0000E+00  0.0000   0.0000E+00  0.0000   0.0000E+00  0.0000   3.6772E-07  1.0000
   1.7783E+04   3.1623E+04   0.0000E+00  0.0000   0.0000E+00  0.0000   0.0000E+00  0.0000   0.0000E+00  0.0000
   3.1623E+04   5.6234E+04   3.7472E-07  1.0000   0.0000E+00  0.0000   0.0000E+00  0.0000   1.1176E-06  0.7443
   5.6234E+04   1.0000E+05   0.0000E+00  0.0000   0.0000E+00  0.0000   0.0000E+00  0.0000   0.0000E+00  0.0000

#   sum over                 3.1828E-03  0.2396   0.0000E+00  0.0000   1.6290E-06  0.9908   6.6668E-05  0.3621

'no. = 31, (ix,iy,iz) = (  1,  1, 31)'
msuc: {\huge Flux spectra vs depth in concrete}
msdr: {\it plotted by \ANGEL \version}
msdl: {\it calculated by \PHITS  3.36}
wt: s(0.7)
\vspace{-3}
   vol  &=&   2.8800E+07 [cm^3]
  xmin  &=&  -6.0000E+02 [cm]
  xmax  &=&   6.0000E+02 [cm]
  ymin  &=&  -6.0000E+02 [cm]
  ymax  &=&   6.0000E+02 [cm]
  zmin  &=&  -1.0000E+02 [cm]
  zmax  &=&  -8.0000E+01 [cm]
e:

#------------------------------------------------------------------------------
 newpage:
#   no. = 32   ix  =  1   iy  =  1   iz  = 32
#   x = (  -6.0000E+02  -   6.0000E+02  )
#   y = (  -6.0000E+02  -   6.0000E+02  )
#   z = (  -8.0000E+01  -  -6.0000E+01  )

x: Energy [MeV/n]
y: Flux [1/cm^2/source]              
p: xlog ylog afac(0.8) form(0.9)
h: n            x            y(neutron ),hh0l n y(muon-   ),hh0dr n y(muon+   ),hh0ub n y(proton  ),hh0mg n 
#  e-lower      e-upper        neutron   r.err      muon-     r.err      muon+     r.err      proton    r.err 
   1.0000E-10   1.7783E-10   7.3310E-09  0.4585   0.0000E+00  0.0000   0.0000E+00  0.0000   0.0000E+00  0.0000
   1.7783E-10   3.1623E-10   2.1462E-08  0.8755   0.0000E+00  0.0000   0.0000E+00  0.0000   0.0000E+00  0.0000
   3.1623E-10   5.6234E-10   4.0697E-07  0.3807   0.0000E+00  0.0000   0.0000E+00  0.0000   0.0000E+00  0.0000
   5.6234E-10   1.0000E-09   1.2490E-06  0.3346   0.0000E+00  0.0000   0.0000E+00  0.0000   0.0000E+00  0.0000
   1.0000E-09   1.7783E-09   2.3266E-06  0.2521   0.0000E+00  0.0000   0.0000E+00  0.0000   0.0000E+00  0.0000
   1.7783E-09   3.1623E-09   8.4685E-06  0.2503   0.0000E+00  0.0000   0.0000E+00  0.0000   0.0000E+00  0.0000
   3.1623E-09   5.6234E-09   2.9265E-05  0.2148   0.0000E+00  0.0000   0.0000E+00  0.0000   0.0000E+00  0.0000
   5.6234E-09   1.0000E-08   7.3154E-05  0.2104   0.0000E+00  0.0000   0.0000E+00  0.0000   0.0000E+00  0.0000
   1.0000E-08   1.7783E-08   1.8806E-04  0.2187   0.0000E+00  0.0000   0.0000E+00  0.0000   0.0000E+00  0.0000
   1.7783E-08   3.1623E-08   3.9733E-04  0.2082   0.0000E+00  0.0000   0.0000E+00  0.0000   0.0000E+00  0.0000
   3.1623E-08   5.6234E-08   5.7960E-04  0.2071   0.0000E+00  0.0000   0.0000E+00  0.0000   0.0000E+00  0.0000
   5.6234E-08   1.0000E-07   5.5384E-04  0.2047   0.0000E+00  0.0000   0.0000E+00  0.0000   0.0000E+00  0.0000
   1.0000E-07   1.7783E-07   2.1882E-04  0.2107   0.0000E+00  0.0000   0.0000E+00  0.0000   0.0000E+00  0.0000
   1.7783E-07   3.1623E-07   5.6261E-05  0.2726   0.0000E+00  0.0000   0.0000E+00  0.0000   0.0000E+00  0.0000
   3.1623E-07   5.6234E-07   3.9309E-05  0.2349   0.0000E+00  0.0000   0.0000E+00  0.0000   0.0000E+00  0.0000
   5.6234E-07   1.0000E-06   3.2919E-05  0.3438   0.0000E+00  0.0000   0.0000E+00  0.0000   0.0000E+00  0.0000
   1.0000E-06   1.7783E-06   4.0578E-05  0.2809   0.0000E+00  0.0000   0.0000E+00  0.0000   0.0000E+00  0.0000
   1.7783E-06   3.1623E-06   3.4181E-05  0.2651   0.0000E+00  0.0000   0.0000E+00  0.0000   0.0000E+00  0.0000
   3.1623E-06   5.6234E-06   2.6044E-05  0.3368   0.0000E+00  0.0000   0.0000E+00  0.0000   0.0000E+00  0.0000
   5.6234E-06   1.0000E-05   3.9755E-05  0.2745   0.0000E+00  0.0000   0.0000E+00  0.0000   0.0000E+00  0.0000
   1.0000E-05   1.7783E-05   3.3089E-05  0.2231   0.0000E+00  0.0000   0.0000E+00  0.0000   0.0000E+00  0.0000
   1.7783E-05   3.1623E-05   3.5140E-05  0.2875   0.0000E+00  0.0000   0.0000E+00  0.0000   0.0000E+00  0.0000
   3.1623E-05   5.6234E-05   3.9060E-05  0.2794   0.0000E+00  0.0000   0.0000E+00  0.0000   0.0000E+00  0.0000
   5.6234E-05   1.0000E-04   3.5712E-05  0.2368   0.0000E+00  0.0000   0.0000E+00  0.0000   0.0000E+00  0.0000
   1.0000E-04   1.7783E-04   2.8880E-05  0.2689   0.0000E+00  0.0000   5.5420E-18  0.7452   0.0000E+00  0.0000
   1.7783E-04   3.1623E-04   2.8608E-05  0.2521   0.0000E+00  0.0000   0.0000E+00  0.0000   0.0000E+00  0.0000
   3.1623E-04   5.6234E-04   4.0119E-05  0.2610   0.0000E+00  0.0000   0.0000E+00  0.0000   0.0000E+00  0.0000
   5.6234E-04   1.0000E-03   3.2120E-05  0.2308   0.0000E+00  0.0000   0.0000E+00  0.0000   1.1150E-15  0.2507
   1.0000E-03   1.7783E-03   4.0913E-05  0.2328   0.0000E+00  0.0000   9.9480E-13  0.5924   5.0912E-11  0.2444
   1.7783E-03   3.1623E-03   3.7828E-05  0.2886   0.0000E+00  0.0000   4.8666E-13  0.5928   8.2220E-11  0.2444
   3.1623E-03   5.6234E-03   3.4715E-05  0.2645   0.0000E+00  0.0000   7.1901E-13  0.5928   1.2411E-10  0.2444
   5.6234E-03   1.0000E-02   3.5307E-05  0.2926   0.0000E+00  0.0000   1.1532E-12  0.5928   1.7127E-10  0.2444
   1.0000E-02   1.7783E-02   4.2098E-05  0.2273   0.0000E+00  0.0000   2.0678E-12  0.5928   2.2972E-10  0.2444
   1.7783E-02   3.1623E-02   3.0489E-05  0.2464   0.0000E+00  0.0000   4.2689E-12  0.5928   3.2910E-10  0.2444
   3.1623E-02   5.6234E-02   3.9134E-05  0.2610   0.0000E+00  0.0000   9.9730E-12  0.5928   4.9386E-10  0.2444
   5.6234E-02   1.0000E-01   4.6662E-05  0.2568   0.0000E+00  0.0000   2.4989E-11  0.5928   8.0787E-10  0.2444
   1.0000E-01   1.7783E-01   6.2358E-05  0.2522   0.0000E+00  0.0000   6.4142E-11  0.5928   1.4907E-09  0.2444
   1.7783E-01   3.1623E-01   6.7415E-05  0.2654   0.0000E+00  0.0000   1.6778E-10  0.5928   3.1672E-09  0.2444
   3.1623E-01   5.6234E-01   7.7860E-05  0.2607   0.0000E+00  0.0000   4.4973E-10  0.5928   7.5092E-09  0.2448
   5.6234E-01   1.0000E+00   1.3349E-04  0.2446   0.0000E+00  0.0000   1.2335E-09  0.5928   1.8766E-08  0.2443
   1.0000E+00   1.7783E+00   1.3985E-04  0.2297   0.0000E+00  0.0000   3.4540E-09  0.5928   4.7630E-08  0.2443
   1.7783E+00   3.1623E+00   2.0436E-04  0.2274   0.0000E+00  0.0000   9.8246E-09  0.5928   1.1745E-07  0.2381
   3.1623E+00   5.6234E+00   1.3113E-04  0.2437   0.0000E+00  0.0000   1.1339E-08  0.6582   2.7518E-07  0.2379
   5.6234E+00   1.0000E+01   9.0856E-05  0.2714   0.0000E+00  0.0000   8.5940E-09  1.0000   5.7401E-07  0.2430
   1.0000E+01   1.7783E+01   6.0428E-05  0.3195   0.0000E+00  0.0000   2.3399E-08  1.0000   1.2063E-06  0.2527
   1.7783E+01   3.1623E+01   8.1582E-05  0.2547   0.0000E+00  0.0000   6.1089E-08  1.0000   2.6084E-06  0.2748
   3.1623E+01   5.6234E+01   1.3862E-04  0.3266   0.0000E+00  0.0000   1.4934E-07  1.0000   5.7401E-06  0.2623
   5.6234E+01   1.0000E+02   1.4713E-04  0.2721   2.8926E-07  1.0000   2.5276E-07  1.0000   1.0269E-05  0.3022
   1.0000E+02   1.7783E+02   2.2033E-04  0.2471   1.8537E-07  1.0000   0.0000E+00  0.0000   1.1607E-05  0.3714
   1.7783E+02   3.1623E+02   1.0805E-04  0.3025   0.0000E+00  0.0000   0.0000E+00  0.0000   1.2804E-05  0.3366
   3.1623E+02   5.6234E+02   2.4399E-05  0.4828   0.0000E+00  0.0000   7.1988E-07  1.0000   1.4319E-05  0.4374
   5.6234E+02   1.0000E+03   2.2655E-05  0.5848   0.0000E+00  0.0000   3.5312E-07  1.0000   1.5888E-05  0.6056
   1.0000E+03   1.7783E+03   4.1810E-06  0.4950   0.0000E+00  0.0000   0.0000E+00  0.0000   6.3479E-06  0.3798
   1.7783E+03   3.1623E+03   1.4130E-06  0.5515   0.0000E+00  0.0000   0.0000E+00  0.0000   2.4242E-06  0.5085
   3.1623E+03   5.6234E+03   3.6281E-06  0.5274   0.0000E+00  0.0000   0.0000E+00  0.0000   1.8806E-06  0.5210
   5.6234E+03   1.0000E+04   8.6913E-07  0.8297   0.0000E+00  0.0000   0.0000E+00  0.0000   1.0890E-06  0.6900
   1.0000E+04   1.7783E+04   0.0000E+00  0.0000   0.0000E+00  0.0000   0.0000E+00  0.0000   4.0913E-07  1.0000
   1.7783E+04   3.1623E+04   0.0000E+00  0.0000   0.0000E+00  0.0000   0.0000E+00  0.0000   0.0000E+00  0.0000
   3.1623E+04   5.6234E+04   3.7471E-07  1.0000   0.0000E+00  0.0000   0.0000E+00  0.0000   1.1173E-06  0.7442
   5.6234E+04   1.0000E+05   0.0000E+00  0.0000   0.0000E+00  0.0000   0.0000E+00  0.0000   0.0000E+00  0.0000

#   sum over                 4.6225E-03  0.2015   4.7464E-07  1.0000   1.5948E-06  0.9932   8.8758E-05  0.3363

'no. = 32, (ix,iy,iz) = (  1,  1, 32)'
msuc: {\huge Flux spectra vs depth in concrete}
msdr: {\it plotted by \ANGEL \version}
msdl: {\it calculated by \PHITS  3.36}
wt: s(0.7)
\vspace{-3}
   vol  &=&   2.8800E+07 [cm^3]
  xmin  &=&  -6.0000E+02 [cm]
  xmax  &=&   6.0000E+02 [cm]
  ymin  &=&  -6.0000E+02 [cm]
  ymax  &=&   6.0000E+02 [cm]
  zmin  &=&  -8.0000E+01 [cm]
  zmax  &=&  -6.0000E+01 [cm]
e:

#------------------------------------------------------------------------------
 newpage:
#   no. = 33   ix  =  1   iy  =  1   iz  = 33
#   x = (  -6.0000E+02  -   6.0000E+02  )
#   y = (  -6.0000E+02  -   6.0000E+02  )
#   z = (  -6.0000E+01  -  -4.0000E+01  )

x: Energy [MeV/n]
y: Flux [1/cm^2/source]              
p: xlog ylog afac(0.8) form(0.9)
h: n            x            y(neutron ),hh0l n y(muon-   ),hh0dr n y(muon+   ),hh0ub n y(proton  ),hh0mg n 
#  e-lower      e-upper        neutron   r.err      muon-     r.err      muon+     r.err      proton    r.err 
   1.0000E-10   1.7783E-10   1.2085E-08  0.9381   0.0000E+00  0.0000   0.0000E+00  0.0000   0.0000E+00  0.0000
   1.7783E-10   3.1623E-10   6.5878E-08  0.4584   0.0000E+00  0.0000   0.0000E+00  0.0000   0.0000E+00  0.0000
   3.1623E-10   5.6234E-10   6.0420E-07  0.4557   0.0000E+00  0.0000   0.0000E+00  0.0000   0.0000E+00  0.0000
   5.6234E-10   1.0000E-09   1.4699E-06  0.3179   0.0000E+00  0.0000   0.0000E+00  0.0000   0.0000E+00  0.0000
   1.0000E-09   1.7783E-09   4.3480E-06  0.2718   0.0000E+00  0.0000   0.0000E+00  0.0000   0.0000E+00  0.0000
   1.7783E-09   3.1623E-09   9.7322E-06  0.2696   0.0000E+00  0.0000   0.0000E+00  0.0000   0.0000E+00  0.0000
   3.1623E-09   5.6234E-09   3.4036E-05  0.2200   0.0000E+00  0.0000   0.0000E+00  0.0000   0.0000E+00  0.0000
   5.6234E-09   1.0000E-08   8.5247E-05  0.2053   0.0000E+00  0.0000   0.0000E+00  0.0000   0.0000E+00  0.0000
   1.0000E-08   1.7783E-08   2.1679E-04  0.1925   0.0000E+00  0.0000   0.0000E+00  0.0000   0.0000E+00  0.0000
   1.7783E-08   3.1623E-08   4.8695E-04  0.1932   0.0000E+00  0.0000   0.0000E+00  0.0000   0.0000E+00  0.0000
   3.1623E-08   5.6234E-08   7.4975E-04  0.1905   0.0000E+00  0.0000   0.0000E+00  0.0000   0.0000E+00  0.0000
   5.6234E-08   1.0000E-07   6.4520E-04  0.1924   0.0000E+00  0.0000   0.0000E+00  0.0000   0.0000E+00  0.0000
   1.0000E-07   1.7783E-07   2.8545E-04  0.1946   0.0000E+00  0.0000   0.0000E+00  0.0000   0.0000E+00  0.0000
   1.7783E-07   3.1623E-07   7.1442E-05  0.2048   0.0000E+00  0.0000   0.0000E+00  0.0000   0.0000E+00  0.0000
   3.1623E-07   5.6234E-07   4.1545E-05  0.2384   0.0000E+00  0.0000   0.0000E+00  0.0000   0.0000E+00  0.0000
   5.6234E-07   1.0000E-06   4.5825E-05  0.2550   0.0000E+00  0.0000   0.0000E+00  0.0000   0.0000E+00  0.0000
   1.0000E-06   1.7783E-06   3.4325E-05  0.2218   0.0000E+00  0.0000   0.0000E+00  0.0000   0.0000E+00  0.0000
   1.7783E-06   3.1623E-06   3.2652E-05  0.2324   0.0000E+00  0.0000   0.0000E+00  0.0000   0.0000E+00  0.0000
   3.1623E-06   5.6234E-06   4.0465E-05  0.2333   0.0000E+00  0.0000   0.0000E+00  0.0000   0.0000E+00  0.0000
   5.6234E-06   1.0000E-05   5.1245E-05  0.2638   0.0000E+00  0.0000   0.0000E+00  0.0000   0.0000E+00  0.0000
   1.0000E-05   1.7783E-05   5.0628E-05  0.2205   0.0000E+00  0.0000   0.0000E+00  0.0000   0.0000E+00  0.0000
   1.7783E-05   3.1623E-05   4.5422E-05  0.2405   0.0000E+00  0.0000   0.0000E+00  0.0000   0.0000E+00  0.0000
   3.1623E-05   5.6234E-05   3.7425E-05  0.2453   0.0000E+00  0.0000   0.0000E+00  0.0000   0.0000E+00  0.0000
   5.6234E-05   1.0000E-04   5.0352E-05  0.2435   0.0000E+00  0.0000   0.0000E+00  0.0000   0.0000E+00  0.0000
   1.0000E-04   1.7783E-04   4.5290E-05  0.2247   0.0000E+00  0.0000   9.2373E-18  1.0000   0.0000E+00  0.0000
   1.7783E-04   3.1623E-04   5.0288E-05  0.2370   0.0000E+00  0.0000   0.0000E+00  0.0000   0.0000E+00  0.0000
   3.1623E-04   5.6234E-04   4.0956E-05  0.2420   0.0000E+00  0.0000   0.0000E+00  0.0000   0.0000E+00  0.0000
   5.6234E-04   1.0000E-03   5.6148E-05  0.2511   0.0000E+00  0.0000   0.0000E+00  0.0000   1.8718E-15  0.2550
   1.0000E-03   1.7783E-03   4.3421E-05  0.2382   1.1051E-13  1.0000   1.6602E-12  0.7467   7.2083E-11  0.2288
   1.7783E-03   3.1623E-03   3.0188E-05  0.2573   5.4074E-14  1.0000   8.1111E-13  0.7467   1.1641E-10  0.2288
   3.1623E-03   5.6234E-03   5.4802E-05  0.2806   7.9890E-14  1.0000   1.1983E-12  0.7467   1.7572E-10  0.2288
   5.6234E-03   1.0000E-02   3.9684E-05  0.2482   1.2813E-13  1.0000   1.9220E-12  0.7467   2.4248E-10  0.2288
   1.0000E-02   1.7783E-02   4.4034E-05  0.2290   2.2975E-13  1.0000   3.4463E-12  0.7467   3.2523E-10  0.2288
   1.7783E-02   3.1623E-02   5.3976E-05  0.2726   4.7432E-13  1.0000   7.1149E-12  0.7467   4.6594E-10  0.2288
   3.1623E-02   5.6234E-02   4.2328E-05  0.2235   1.1081E-12  1.0000   1.6622E-11  0.7467   6.9920E-10  0.2288
   5.6234E-02   1.0000E-01   7.9267E-05  0.2300   2.7765E-12  1.0000   4.1648E-11  0.7467   1.1438E-09  0.2288
   1.0000E-01   1.7783E-01   1.1239E-04  0.2179   7.1269E-12  1.0000   1.0690E-10  0.7467   2.1089E-09  0.2290
   1.7783E-01   3.1623E-01   1.0177E-04  0.2164   1.8643E-11  1.0000   2.7964E-10  0.7467   4.4791E-09  0.2291
   3.1623E-01   5.6234E-01   9.7563E-05  0.2027   4.9970E-11  1.0000   7.4955E-10  0.7467   1.0671E-08  0.2291
   5.6234E-01   1.0000E+00   1.5808E-04  0.2000   1.3705E-10  1.0000   2.0558E-09  0.7467   2.6873E-08  0.2293
   1.0000E+00   1.7783E+00   1.8008E-04  0.2074   3.8378E-10  1.0000   5.7566E-09  0.7467   6.8208E-08  0.2305
   1.7783E+00   3.1623E+00   2.0667E-04  0.2426   1.0916E-09  1.0000   1.6374E-08  0.7467   1.6106E-07  0.2336
   3.1623E+00   5.6234E+00   1.5863E-04  0.2946   3.0850E-09  1.0000   1.5360E-08  0.7432   3.6601E-07  0.2420
   5.6234E+00   1.0000E+01   1.8789E-04  0.2785   8.5940E-09  1.0000   0.0000E+00  0.0000   7.9885E-07  0.2445
   1.0000E+01   1.7783E+01   7.8177E-05  0.2630   2.3399E-08  1.0000   0.0000E+00  0.0000   1.8669E-06  0.2397
   1.7783E+01   3.1623E+01   9.3943E-05  0.3072   6.1089E-08  1.0000   0.0000E+00  0.0000   4.0048E-06  0.2376
   3.1623E+01   5.6234E+01   1.3343E-04  0.3187   1.4934E-07  1.0000   0.0000E+00  0.0000   7.9004E-06  0.2486
   5.6234E+01   1.0000E+02   2.3896E-04  0.2359   4.5065E-08  1.0000   0.0000E+00  0.0000   9.7618E-06  0.2892
   1.0000E+02   1.7783E+02   2.6331E-04  0.2302   0.0000E+00  0.0000   0.0000E+00  0.0000   1.5011E-05  0.3489
   1.7783E+02   3.1623E+02   1.2714E-04  0.3161   0.0000E+00  0.0000   0.0000E+00  0.0000   1.3989E-05  0.2728
   3.1623E+02   5.6234E+02   3.3623E-05  0.5925   0.0000E+00  0.0000   0.0000E+00  0.0000   2.6117E-05  0.4779
   5.6234E+02   1.0000E+03   1.8110E-05  0.7000   0.0000E+00  0.0000   1.1162E-07  1.0000   1.7140E-05  0.5709
   1.0000E+03   1.7783E+03   2.9155E-06  0.4836   0.0000E+00  0.0000   0.0000E+00  0.0000   1.9551E-05  0.5834
   1.7783E+03   3.1623E+03   6.9906E-06  0.6641   0.0000E+00  0.0000   0.0000E+00  0.0000   2.3673E-06  0.5034
   3.1623E+03   5.6234E+03   4.6172E-06  0.4645   0.0000E+00  0.0000   0.0000E+00  0.0000   8.6269E-07  0.7705
   5.6234E+03   1.0000E+04   9.7890E-07  0.8576   0.0000E+00  0.0000   0.0000E+00  0.0000   1.8214E-06  0.5932
   1.0000E+04   1.7783E+04   0.0000E+00  0.0000   0.0000E+00  0.0000   0.0000E+00  0.0000   9.9889E-07  0.8027
   1.7783E+04   3.1623E+04   0.0000E+00  0.0000   0.0000E+00  0.0000   0.0000E+00  0.0000   0.0000E+00  0.0000
   3.1623E+04   5.6234E+04   8.3261E-10  1.0000   0.0000E+00  0.0000   0.0000E+00  0.0000   1.3524E-06  0.7103
   5.6234E+04   1.0000E+05   0.0000E+00  0.0000   0.0000E+00  0.0000   0.0000E+00  0.0000   0.0000E+00  0.0000

#   sum over                 5.8066E-03  0.1706   2.9227E-07  1.0000   1.5238E-07  0.9290   1.2419E-04  0.2861

'no. = 33, (ix,iy,iz) = (  1,  1, 33)'
msuc: {\huge Flux spectra vs depth in concrete}
msdr: {\it plotted by \ANGEL \version}
msdl: {\it calculated by \PHITS  3.36}
wt: s(0.7)
\vspace{-3}
   vol  &=&   2.8800E+07 [cm^3]
  xmin  &=&  -6.0000E+02 [cm]
  xmax  &=&   6.0000E+02 [cm]
  ymin  &=&  -6.0000E+02 [cm]
  ymax  &=&   6.0000E+02 [cm]
  zmin  &=&  -6.0000E+01 [cm]
  zmax  &=&  -4.0000E+01 [cm]
e:

#------------------------------------------------------------------------------
 newpage:
#   no. = 34   ix  =  1   iy  =  1   iz  = 34
#   x = (  -6.0000E+02  -   6.0000E+02  )
#   y = (  -6.0000E+02  -   6.0000E+02  )
#   z = (  -4.0000E+01  -  -2.0000E+01  )

x: Energy [MeV/n]
y: Flux [1/cm^2/source]              
p: xlog ylog afac(0.8) form(0.9)
h: n            x            y(neutron ),hh0l n y(muon-   ),hh0dr n y(muon+   ),hh0ub n y(proton  ),hh0mg n 
#  e-lower      e-upper        neutron   r.err      muon-     r.err      muon+     r.err      proton    r.err 
   1.0000E-10   1.7783E-10   2.4196E-08  0.6888   0.0000E+00  0.0000   0.0000E+00  0.0000   0.0000E+00  0.0000
   1.7783E-10   3.1623E-10   2.9366E-07  0.8324   0.0000E+00  0.0000   0.0000E+00  0.0000   0.0000E+00  0.0000
   3.1623E-10   5.6234E-10   1.2112E-06  0.6544   0.0000E+00  0.0000   0.0000E+00  0.0000   0.0000E+00  0.0000
   5.6234E-10   1.0000E-09   1.0381E-06  0.3296   0.0000E+00  0.0000   0.0000E+00  0.0000   0.0000E+00  0.0000
   1.0000E-09   1.7783E-09   6.0710E-06  0.2613   0.0000E+00  0.0000   0.0000E+00  0.0000   0.0000E+00  0.0000
   1.7783E-09   3.1623E-09   1.5245E-05  0.1981   0.0000E+00  0.0000   0.0000E+00  0.0000   0.0000E+00  0.0000
   3.1623E-09   5.6234E-09   3.6743E-05  0.1759   0.0000E+00  0.0000   0.0000E+00  0.0000   0.0000E+00  0.0000
   5.6234E-09   1.0000E-08   1.0421E-04  0.1562   0.0000E+00  0.0000   0.0000E+00  0.0000   0.0000E+00  0.0000
   1.0000E-08   1.7783E-08   2.6088E-04  0.1474   0.0000E+00  0.0000   0.0000E+00  0.0000   0.0000E+00  0.0000
   1.7783E-08   3.1623E-08   5.3692E-04  0.1474   0.0000E+00  0.0000   0.0000E+00  0.0000   0.0000E+00  0.0000
   3.1623E-08   5.6234E-08   9.1531E-04  0.1455   0.0000E+00  0.0000   0.0000E+00  0.0000   0.0000E+00  0.0000
   5.6234E-08   1.0000E-07   7.6846E-04  0.1458   0.0000E+00  0.0000   0.0000E+00  0.0000   0.0000E+00  0.0000
   1.0000E-07   1.7783E-07   3.7041E-04  0.1608   0.0000E+00  0.0000   0.0000E+00  0.0000   0.0000E+00  0.0000
   1.7783E-07   3.1623E-07   1.2081E-04  0.1912   0.0000E+00  0.0000   0.0000E+00  0.0000   0.0000E+00  0.0000
   3.1623E-07   5.6234E-07   7.4325E-05  0.2556   0.0000E+00  0.0000   0.0000E+00  0.0000   0.0000E+00  0.0000
   5.6234E-07   1.0000E-06   6.6407E-05  0.2320   0.0000E+00  0.0000   0.0000E+00  0.0000   0.0000E+00  0.0000
   1.0000E-06   1.7783E-06   5.0589E-05  0.2261   0.0000E+00  0.0000   0.0000E+00  0.0000   0.0000E+00  0.0000
   1.7783E-06   3.1623E-06   6.7065E-05  0.2319   0.0000E+00  0.0000   0.0000E+00  0.0000   0.0000E+00  0.0000
   3.1623E-06   5.6234E-06   6.8584E-05  0.2135   0.0000E+00  0.0000   0.0000E+00  0.0000   0.0000E+00  0.0000
   5.6234E-06   1.0000E-05   5.6212E-05  0.2297   0.0000E+00  0.0000   0.0000E+00  0.0000   0.0000E+00  0.0000
   1.0000E-05   1.7783E-05   5.1622E-05  0.2004   0.0000E+00  0.0000   0.0000E+00  0.0000   0.0000E+00  0.0000
   1.7783E-05   3.1623E-05   6.8605E-05  0.2561   0.0000E+00  0.0000   0.0000E+00  0.0000   0.0000E+00  0.0000
   3.1623E-05   5.6234E-05   4.7780E-05  0.2270   0.0000E+00  0.0000   0.0000E+00  0.0000   0.0000E+00  0.0000
   5.6234E-05   1.0000E-04   5.9518E-05  0.2317   0.0000E+00  0.0000   0.0000E+00  0.0000   0.0000E+00  0.0000
   1.0000E-04   1.7783E-04   4.7207E-05  0.2019   0.0000E+00  0.0000   6.0916E-17  0.8246   0.0000E+00  0.0000
   1.7783E-04   3.1623E-04   6.8263E-05  0.2308   0.0000E+00  0.0000   0.0000E+00  0.0000   0.0000E+00  0.0000
   3.1623E-04   5.6234E-04   5.2939E-05  0.2325   0.0000E+00  0.0000   0.0000E+00  0.0000   0.0000E+00  0.0000
   5.6234E-04   1.0000E-03   4.7254E-05  0.2394   0.0000E+00  0.0000   0.0000E+00  0.0000   1.9499E-15  0.2096
   1.0000E-03   1.7783E-03   6.6612E-05  0.2663   1.1068E-13  1.0000   2.3782E-12  0.6511   8.3219E-11  0.1908
   1.7783E-03   3.1623E-03   7.1069E-05  0.2100   5.4074E-14  1.0000   1.1619E-12  0.6511   1.3442E-10  0.1908
   3.1623E-03   5.6234E-03   8.0692E-05  0.2234   7.9890E-14  1.0000   1.7166E-12  0.6511   2.0292E-10  0.1908
   5.6234E-03   1.0000E-02   6.4384E-05  0.2670   1.2813E-13  1.0000   2.7531E-12  0.6511   2.8001E-10  0.1908
   1.0000E-02   1.7783E-02   6.2792E-05  0.2118   2.2975E-13  1.0000   4.9366E-12  0.6511   3.7557E-10  0.1908
   1.7783E-02   3.1623E-02   7.4880E-05  0.2401   4.7432E-13  1.0000   1.0192E-11  0.6511   5.3805E-10  0.1908
   3.1623E-02   5.6234E-02   5.2982E-05  0.2385   1.1081E-12  1.0000   2.3810E-11  0.6511   8.0741E-10  0.1908
   5.6234E-02   1.0000E-01   7.4794E-05  0.2380   2.7765E-12  1.0000   5.9659E-11  0.6511   1.3208E-09  0.1908
   1.0000E-01   1.7783E-01   1.1399E-04  0.2390   7.1269E-12  1.0000   1.5314E-10  0.6511   2.4365E-09  0.1908
   1.7783E-01   3.1623E-01   1.1944E-04  0.2038   1.8643E-11  1.0000   4.0057E-10  0.6511   5.1731E-09  0.1910
   3.1623E-01   5.6234E-01   1.6193E-04  0.1935   4.9970E-11  1.0000   1.0737E-09  0.6511   1.2326E-08  0.1910
   5.6234E-01   1.0000E+00   2.1863E-04  0.2323   1.3705E-10  1.0000   2.9449E-09  0.6511   3.1114E-08  0.1910
   1.0000E+00   1.7783E+00   2.5251E-04  0.2122   3.8378E-10  1.0000   8.2462E-09  0.6511   7.9099E-08  0.1889
   1.7783E+00   3.1623E+00   3.8040E-04  0.2073   1.0916E-09  1.0000   2.3456E-08  0.6511   1.9123E-07  0.1858
   3.1623E+00   5.6234E+00   1.8861E-04  0.2265   3.0850E-09  1.0000   2.2169E-08  0.6511   4.1180E-07  0.1777
   5.6234E+00   1.0000E+01   2.8603E-04  0.2987   8.5940E-09  1.0000   0.0000E+00  0.0000   8.7282E-07  0.1875
   1.0000E+01   1.7783E+01   1.1253E-04  0.3029   2.3399E-08  1.0000   0.0000E+00  0.0000   1.7709E-06  0.2043
   1.7783E+01   3.1623E+01   1.5902E-04  0.3224   6.1089E-08  1.0000   0.0000E+00  0.0000   3.5023E-06  0.2249
   3.1623E+01   5.6234E+01   2.2080E-04  0.2788   1.4934E-07  1.0000   0.0000E+00  0.0000   6.6581E-06  0.2469
   5.6234E+01   1.0000E+02   3.8582E-04  0.2466   1.3882E-07  1.0000   0.0000E+00  0.0000   1.3240E-05  0.2365
   1.0000E+02   1.7783E+02   3.8984E-04  0.2412   0.0000E+00  0.0000   0.0000E+00  0.0000   1.5568E-05  0.2524
   1.7783E+02   3.1623E+02   2.0375E-04  0.2602   0.0000E+00  0.0000   0.0000E+00  0.0000   1.5817E-05  0.3315
   3.1623E+02   5.6234E+02   5.1238E-05  0.5386   0.0000E+00  0.0000   0.0000E+00  0.0000   1.6791E-05  0.2394
   5.6234E+02   1.0000E+03   2.9270E-05  0.7973   0.0000E+00  0.0000   0.0000E+00  0.0000   7.0228E-06  0.3409
   1.0000E+03   1.7783E+03   2.4073E-06  0.5490   0.0000E+00  0.0000   0.0000E+00  0.0000   2.1633E-05  0.5466
   1.7783E+03   3.1623E+03   1.4440E-05  0.8458   0.0000E+00  0.0000   0.0000E+00  0.0000   3.6956E-06  0.4792
   3.1623E+03   5.6234E+03   3.5853E-06  0.5264   0.0000E+00  0.0000   0.0000E+00  0.0000   2.4857E-06  0.5863
   5.6234E+03   1.0000E+04   6.7097E-07  1.0000   0.0000E+00  0.0000   0.0000E+00  0.0000   2.0028E-06  0.6631
   1.0000E+04   1.7783E+04   0.0000E+00  0.0000   0.0000E+00  0.0000   0.0000E+00  0.0000   2.6897E-06  0.5175
   1.7783E+04   3.1623E+04   0.0000E+00  0.0000   0.0000E+00  0.0000   0.0000E+00  0.0000   3.3289E-08  1.0000
   3.1623E+04   5.6234E+04   0.0000E+00  0.0000   0.0000E+00  0.0000   0.0000E+00  0.0000   7.4254E-07  1.0000
   5.6234E+04   1.0000E+05   0.0000E+00  0.0000   0.0000E+00  0.0000   0.0000E+00  0.0000   0.0000E+00  0.0000

#   sum over                 7.8071E-03  0.1374   3.8602E-07  1.0000   5.8549E-08  0.6511   1.1526E-04  0.1644

'no. = 34, (ix,iy,iz) = (  1,  1, 34)'
msuc: {\huge Flux spectra vs depth in concrete}
msdr: {\it plotted by \ANGEL \version}
msdl: {\it calculated by \PHITS  3.36}
wt: s(0.7)
\vspace{-3}
   vol  &=&   2.8800E+07 [cm^3]
  xmin  &=&  -6.0000E+02 [cm]
  xmax  &=&   6.0000E+02 [cm]
  ymin  &=&  -6.0000E+02 [cm]
  ymax  &=&   6.0000E+02 [cm]
  zmin  &=&  -4.0000E+01 [cm]
  zmax  &=&  -2.0000E+01 [cm]
e:

#------------------------------------------------------------------------------
 newpage:
#   no. = 35   ix  =  1   iy  =  1   iz  = 35
#   x = (  -6.0000E+02  -   6.0000E+02  )
#   y = (  -6.0000E+02  -   6.0000E+02  )
#   z = (  -2.0000E+01  -   0.0000E+00  )

x: Energy [MeV/n]
y: Flux [1/cm^2/source]              
p: xlog ylog afac(0.8) form(0.9)
h: n            x            y(neutron ),hh0l n y(muon-   ),hh0dr n y(muon+   ),hh0ub n y(proton  ),hh0mg n 
#  e-lower      e-upper        neutron   r.err      muon-     r.err      muon+     r.err      proton    r.err 
   1.0000E-10   1.7783E-10   7.7076E-10  0.7175   0.0000E+00  0.0000   0.0000E+00  0.0000   0.0000E+00  0.0000
   1.7783E-10   3.1623E-10   3.5942E-08  0.7925   0.0000E+00  0.0000   0.0000E+00  0.0000   0.0000E+00  0.0000
   3.1623E-10   5.6234E-10   8.5042E-08  0.7170   0.0000E+00  0.0000   0.0000E+00  0.0000   0.0000E+00  0.0000
   5.6234E-10   1.0000E-09   1.3145E-06  0.5322   0.0000E+00  0.0000   0.0000E+00  0.0000   0.0000E+00  0.0000
   1.0000E-09   1.7783E-09   2.4087E-06  0.2802   0.0000E+00  0.0000   0.0000E+00  0.0000   0.0000E+00  0.0000
   1.7783E-09   3.1623E-09   6.5209E-06  0.2396   0.0000E+00  0.0000   0.0000E+00  0.0000   0.0000E+00  0.0000
   3.1623E-09   5.6234E-09   2.2976E-05  0.2389   0.0000E+00  0.0000   0.0000E+00  0.0000   0.0000E+00  0.0000
   5.6234E-09   1.0000E-08   7.7650E-05  0.1667   0.0000E+00  0.0000   0.0000E+00  0.0000   0.0000E+00  0.0000
   1.0000E-08   1.7783E-08   1.8609E-04  0.1576   0.0000E+00  0.0000   0.0000E+00  0.0000   0.0000E+00  0.0000
   1.7783E-08   3.1623E-08   3.6946E-04  0.1500   0.0000E+00  0.0000   0.0000E+00  0.0000   0.0000E+00  0.0000
   3.1623E-08   5.6234E-08   5.4372E-04  0.1545   0.0000E+00  0.0000   0.0000E+00  0.0000   0.0000E+00  0.0000
   5.6234E-08   1.0000E-07   5.9591E-04  0.1594   0.0000E+00  0.0000   0.0000E+00  0.0000   0.0000E+00  0.0000
   1.0000E-07   1.7783E-07   2.7486E-04  0.1688   0.0000E+00  0.0000   0.0000E+00  0.0000   0.0000E+00  0.0000
   1.7783E-07   3.1623E-07   8.1223E-05  0.2183   0.0000E+00  0.0000   0.0000E+00  0.0000   0.0000E+00  0.0000
   3.1623E-07   5.6234E-07   7.6748E-05  0.2155   0.0000E+00  0.0000   0.0000E+00  0.0000   0.0000E+00  0.0000
   5.6234E-07   1.0000E-06   6.7130E-05  0.2447   0.0000E+00  0.0000   0.0000E+00  0.0000   0.0000E+00  0.0000
   1.0000E-06   1.7783E-06   5.6832E-05  0.2386   0.0000E+00  0.0000   0.0000E+00  0.0000   0.0000E+00  0.0000
   1.7783E-06   3.1623E-06   4.1665E-05  0.2340   0.0000E+00  0.0000   0.0000E+00  0.0000   0.0000E+00  0.0000
   3.1623E-06   5.6234E-06   6.0067E-05  0.2627   0.0000E+00  0.0000   0.0000E+00  0.0000   0.0000E+00  0.0000
   5.6234E-06   1.0000E-05   4.8868E-05  0.2451   0.0000E+00  0.0000   0.0000E+00  0.0000   0.0000E+00  0.0000
   1.0000E-05   1.7783E-05   6.4499E-05  0.2100   0.0000E+00  0.0000   0.0000E+00  0.0000   0.0000E+00  0.0000
   1.7783E-05   3.1623E-05   5.6063E-05  0.2398   0.0000E+00  0.0000   0.0000E+00  0.0000   0.0000E+00  0.0000
   3.1623E-05   5.6234E-05   6.0562E-05  0.2314   0.0000E+00  0.0000   0.0000E+00  0.0000   0.0000E+00  0.0000
   5.6234E-05   1.0000E-04   6.5445E-05  0.2508   0.0000E+00  0.0000   0.0000E+00  0.0000   0.0000E+00  0.0000
   1.0000E-04   1.7783E-04   5.6503E-05  0.2203   0.0000E+00  0.0000   1.4778E-17  0.6121   0.0000E+00  0.0000
   1.7783E-04   3.1623E-04   5.9815E-05  0.2174   0.0000E+00  0.0000   0.0000E+00  0.0000   0.0000E+00  0.0000
   3.1623E-04   5.6234E-04   6.0107E-05  0.2570   0.0000E+00  0.0000   0.0000E+00  0.0000   0.0000E+00  0.0000
   5.6234E-04   1.0000E-03   5.8850E-05  0.2404   0.0000E+00  0.0000   0.0000E+00  0.0000   2.5619E-15  0.1866
   1.0000E-03   1.7783E-03   7.9910E-05  0.2370   0.0000E+00  0.0000   8.8544E-13  0.4325   1.1152E-10  0.1493
   1.7783E-03   3.1623E-03   4.5483E-05  0.2289   0.0000E+00  0.0000   4.3259E-13  0.4325   1.8009E-10  0.1493
   3.1623E-03   5.6234E-03   4.7743E-05  0.2289   0.0000E+00  0.0000   6.3912E-13  0.4325   2.7185E-10  0.1493
   5.6234E-03   1.0000E-02   8.1410E-05  0.2044   0.0000E+00  0.0000   1.0250E-12  0.4325   3.7514E-10  0.1493
   1.0000E-02   1.7783E-02   9.8588E-05  0.2323   0.0000E+00  0.0000   1.8380E-12  0.4325   5.0316E-10  0.1493
   1.7783E-02   3.1623E-02   7.9990E-05  0.2091   0.0000E+00  0.0000   3.7946E-12  0.4325   7.2085E-10  0.1493
   3.1623E-02   5.6234E-02   5.9984E-05  0.2084   0.0000E+00  0.0000   8.8649E-12  0.4325   1.0817E-09  0.1493
   5.6234E-02   1.0000E-01   1.0474E-04  0.2270   0.0000E+00  0.0000   2.2212E-11  0.4325   1.7695E-09  0.1493
   1.0000E-01   1.7783E-01   1.0899E-04  0.2172   0.0000E+00  0.0000   5.7015E-11  0.4325   3.2653E-09  0.1493
   1.7783E-01   3.1623E-01   1.5152E-04  0.1939   0.0000E+00  0.0000   1.4914E-10  0.4325   6.9372E-09  0.1493
   3.1623E-01   5.6234E-01   1.4716E-04  0.2083   0.0000E+00  0.0000   3.9976E-10  0.4325   1.6529E-08  0.1493
   5.6234E-01   1.0000E+00   2.3457E-04  0.2134   0.0000E+00  0.0000   1.0964E-09  0.4325   4.1452E-08  0.1500
   1.0000E+00   1.7783E+00   2.6186E-04  0.1871   0.0000E+00  0.0000   3.0702E-09  0.4325   1.0358E-07  0.1516
   1.7783E+00   3.1623E+00   4.3869E-04  0.1723   0.0000E+00  0.0000   8.7330E-09  0.4325   2.5700E-07  0.1502
   3.1623E+00   5.6234E+00   2.5709E-04  0.2052   0.0000E+00  0.0000   8.2538E-09  0.4325   5.9005E-07  0.1436
   5.6234E+00   1.0000E+01   2.0876E-04  0.2368   0.0000E+00  0.0000   0.0000E+00  0.0000   1.2140E-06  0.1461
   1.0000E+01   1.7783E+01   1.3463E-04  0.3675   0.0000E+00  0.0000   0.0000E+00  0.0000   2.6394E-06  0.1535
   1.7783E+01   3.1623E+01   1.7287E-04  0.2664   0.0000E+00  0.0000   0.0000E+00  0.0000   5.5811E-06  0.1623
   3.1623E+01   5.6234E+01   2.6453E-04  0.2740   0.0000E+00  0.0000   0.0000E+00  0.0000   9.7324E-06  0.1792
   5.6234E+01   1.0000E+02   4.0500E-04  0.2181   0.0000E+00  0.0000   0.0000E+00  0.0000   2.0421E-05  0.1731
   1.0000E+02   1.7783E+02   4.7409E-04  0.2185   0.0000E+00  0.0000   0.0000E+00  0.0000   2.7764E-05  0.2160
   1.7783E+02   3.1623E+02   3.1396E-04  0.2605   0.0000E+00  0.0000   0.0000E+00  0.0000   2.6628E-05  0.1879
   3.1623E+02   5.6234E+02   9.6286E-05  0.5163   0.0000E+00  0.0000   0.0000E+00  0.0000   2.4978E-05  0.2114
   5.6234E+02   1.0000E+03   4.2752E-05  0.7083   0.0000E+00  0.0000   0.0000E+00  0.0000   1.9988E-05  0.2328
   1.0000E+03   1.7783E+03   2.2991E-06  0.6433   0.0000E+00  0.0000   0.0000E+00  0.0000   1.7965E-05  0.4884
   1.7783E+03   3.1623E+03   1.7867E-05  0.9525   0.0000E+00  0.0000   0.0000E+00  0.0000   4.7290E-06  0.5348
   3.1623E+03   5.6234E+03   8.5770E-07  0.6067   0.0000E+00  0.0000   0.0000E+00  0.0000   5.5634E-06  0.5016
   5.6234E+03   1.0000E+04   0.0000E+00  0.0000   0.0000E+00  0.0000   0.0000E+00  0.0000   4.3898E-06  0.4924
   1.0000E+04   1.7783E+04   0.0000E+00  0.0000   0.0000E+00  0.0000   0.0000E+00  0.0000   3.6767E-06  0.5851
   1.7783E+04   3.1623E+04   0.0000E+00  0.0000   0.0000E+00  0.0000   0.0000E+00  0.0000   6.1130E-07  1.0000
   3.1623E+04   5.6234E+04   0.0000E+00  0.0000   0.0000E+00  0.0000   0.0000E+00  0.0000   8.7255E-07  1.0000
   5.6234E+04   1.0000E+05   0.0000E+00  0.0000   0.0000E+00  0.0000   0.0000E+00  0.0000   0.0000E+00  0.0000

#   sum over                 7.3271E-03  0.1138   0.0000E+00  0.0000   2.1799E-08  0.4325   1.7778E-04  0.1209

'no. = 35, (ix,iy,iz) = (  1,  1, 35)'
msuc: {\huge Flux spectra vs depth in concrete}
msdr: {\it plotted by \ANGEL \version}
msdl: {\it calculated by \PHITS  3.36}
wt: s(0.7)
\vspace{-3}
   vol  &=&   2.8800E+07 [cm^3]
  xmin  &=&  -6.0000E+02 [cm]
  xmax  &=&   6.0000E+02 [cm]
  ymin  &=&  -6.0000E+02 [cm]
  ymax  &=&   6.0000E+02 [cm]
  zmin  &=&  -2.0000E+01 [cm]
  zmax  &=&   0.0000E+00 [cm]
e:
 
# Information for Restart Calculation
# This calculation was newly started
# istdev =  2 # 1:Batch variance, 2:History variance
# resc2  = 6.48681535183489727E-02 # Total source weight or Total source weight / maxcas
# resc3  = 1.70000000000000000E+03 # Total history number or Total batch number
# maxcas =        1700 # History / Batch, only used for istdev=1
# bitrseed = 1011101110101100001011001010111101110011001010111110110000101000 # bit data of rseed
