[ T-Track ]
    title = Flux spectra vs depth in concrete
     mesh =  xyz            # mesh type is xyz scoring mesh
   x-type =    2            # x-mesh is linear given by xmin, xmax and nx
     xmin =  -600.0000      # minimum value of x-mesh points
     xmax =   600.0000      # maximum value of x-mesh points
#    xdel =   1200.000      # mesh width of x-mesh points
       nx =      1          # number of x-mesh points
#    data = ( x(i), i = 1, nx + 1 )
#          -6.00000E+02  6.00000E+02
   y-type =    2            # y-mesh is linear given by ymin, ymax and ny
     ymin =  -600.0000      # minimum value of y-mesh points
     ymax =   600.0000      # maximum value of y-mesh points
#    ydel =   1200.000      # mesh width of y-mesh points
       ny =      1          # number of y-mesh points
#    data = ( y(i), i = 1, ny + 1 )
#          -6.00000E+02  6.00000E+02
   z-type =    2            # z-mesh is linear given by zmin, zmax and nz
     zmin =  -700.0000      # minimum value of z-mesh points
     zmax =   0.000000      # maximum value of z-mesh points
#    zdel =   20.00000      # mesh width of z-mesh points
       nz =     35          # number of z-mesh points
#    data = ( z(i), i = 1, nz + 1 )
#          -7.00000E+02 -6.80000E+02 -6.60000E+02 -6.40000E+02 -6.20000E+02
#          -6.00000E+02 -5.80000E+02 -5.60000E+02 -5.40000E+02 -5.20000E+02
#          -5.00000E+02 -4.80000E+02 -4.60000E+02 -4.40000E+02 -4.20000E+02
#          -4.00000E+02 -3.80000E+02 -3.60000E+02 -3.40000E+02 -3.20000E+02
#          -3.00000E+02 -2.80000E+02 -2.60000E+02 -2.40000E+02 -2.20000E+02
#          -2.00000E+02 -1.80000E+02 -1.60000E+02 -1.40000E+02 -1.20000E+02
#          -1.00000E+02 -8.00000E+01 -6.00000E+01 -4.00000E+01 -2.00000E+01
#           0.00000E+00
   e-type =    3            # e-mesh is log given by emin, emax and ne
     emin =  1.0000000E-10  # minimum value of e-mesh points
     emax =   100000.0      # maximum value of e-mesh points
#    edel =  0.5756463      # mesh width of e-mesh points
       ne =     60          # number of e-mesh points
#    data = ( e(i), i = 1, ne + 1 )
#           1.00000E-10  1.77828E-10  3.16228E-10  5.62341E-10  1.00000E-09
#           1.77828E-09  3.16228E-09  5.62341E-09  1.00000E-08  1.77828E-08
#           3.16228E-08  5.62341E-08  1.00000E-07  1.77828E-07  3.16228E-07
#           5.62341E-07  1.00000E-06  1.77828E-06  3.16228E-06  5.62341E-06
#           1.00000E-05  1.77828E-05  3.16228E-05  5.62341E-05  1.00000E-04
#           1.77828E-04  3.16228E-04  5.62341E-04  1.00000E-03  1.77828E-03
#           3.16228E-03  5.62341E-03  1.00000E-02  1.77828E-02  3.16228E-02
#           5.62341E-02  1.00000E-01  1.77828E-01  3.16228E-01  5.62341E-01
#           1.00000E+00  1.77828E+00  3.16228E+00  5.62341E+00  1.00000E+01
#           1.77828E+01  3.16228E+01  5.62341E+01  1.00000E+02  1.77828E+02
#           3.16228E+02  5.62341E+02  1.00000E+03  1.77828E+03  3.16228E+03
#           5.62341E+03  1.00000E+04  1.77828E+04  3.16228E+04  5.62341E+04
#           1.00000E+05
     unit =    1            # unit is [1/cm^2/source]
 material =  all            # (D=all) number of specific material
     axis =     eng            # axis of output
     file = depth_spec.out  # file name of output for the above axis
     part =  neutron    muon-      muon+      proton   
# kf/name :  2112       13         -13        2212     
#    used :        main (  %)        temp (  %)       total (  %)
#  memory :         105 (  0)           0 (  0)         105 (  0)

#------------------------------------------------------------------------------
#newpage:
#   no. =  1   ix  =  1   iy  =  1   iz  =  1
#   x = (  -6.0000E+02  -   6.0000E+02  )
#   y = (  -6.0000E+02  -   6.0000E+02  )
#   z = (  -7.0000E+02  -  -6.8000E+02  )

x: Energy [MeV/n]
y: Flux [1/cm^2/source]              
p: xlog ylog afac(0.8) form(0.9)
h: n            x            y(neutron ),hh0l n y(muon-   ),hh0dr n y(muon+   ),hh0ub n y(proton  ),hh0mg n 
#  e-lower      e-upper        neutron   r.err      muon-     r.err      muon+     r.err      proton    r.err 
   1.0000E-10   1.7783E-10   0.0000E+00  0.0000   0.0000E+00  0.0000   0.0000E+00  0.0000   0.0000E+00  0.0000
   1.7783E-10   3.1623E-10   0.0000E+00  0.0000   0.0000E+00  0.0000   0.0000E+00  0.0000   0.0000E+00  0.0000
   3.1623E-10   5.6234E-10   0.0000E+00  0.0000   0.0000E+00  0.0000   0.0000E+00  0.0000   0.0000E+00  0.0000
   5.6234E-10   1.0000E-09   0.0000E+00  0.0000   0.0000E+00  0.0000   0.0000E+00  0.0000   0.0000E+00  0.0000
   1.0000E-09   1.7783E-09   0.0000E+00  0.0000   0.0000E+00  0.0000   0.0000E+00  0.0000   0.0000E+00  0.0000
   1.7783E-09   3.1623E-09   0.0000E+00  0.0000   0.0000E+00  0.0000   0.0000E+00  0.0000   0.0000E+00  0.0000
   3.1623E-09   5.6234E-09   0.0000E+00  0.0000   0.0000E+00  0.0000   0.0000E+00  0.0000   0.0000E+00  0.0000
   5.6234E-09   1.0000E-08   0.0000E+00  0.0000   0.0000E+00  0.0000   0.0000E+00  0.0000   0.0000E+00  0.0000
   1.0000E-08   1.7783E-08   0.0000E+00  0.0000   0.0000E+00  0.0000   0.0000E+00  0.0000   0.0000E+00  0.0000
   1.7783E-08   3.1623E-08   0.0000E+00  0.0000   0.0000E+00  0.0000   0.0000E+00  0.0000   0.0000E+00  0.0000
   3.1623E-08   5.6234E-08   0.0000E+00  0.0000   0.0000E+00  0.0000   0.0000E+00  0.0000   0.0000E+00  0.0000
   5.6234E-08   1.0000E-07   0.0000E+00  0.0000   0.0000E+00  0.0000   0.0000E+00  0.0000   0.0000E+00  0.0000
   1.0000E-07   1.7783E-07   0.0000E+00  0.0000   0.0000E+00  0.0000   0.0000E+00  0.0000   0.0000E+00  0.0000
   1.7783E-07   3.1623E-07   0.0000E+00  0.0000   0.0000E+00  0.0000   0.0000E+00  0.0000   0.0000E+00  0.0000
   3.1623E-07   5.6234E-07   0.0000E+00  0.0000   0.0000E+00  0.0000   0.0000E+00  0.0000   0.0000E+00  0.0000
   5.6234E-07   1.0000E-06   3.5883E-07  1.0000   0.0000E+00  0.0000   0.0000E+00  0.0000   0.0000E+00  0.0000
   1.0000E-06   1.7783E-06   0.0000E+00  0.0000   0.0000E+00  0.0000   0.0000E+00  0.0000   0.0000E+00  0.0000
   1.7783E-06   3.1623E-06   0.0000E+00  0.0000   0.0000E+00  0.0000   0.0000E+00  0.0000   0.0000E+00  0.0000
   3.1623E-06   5.6234E-06   2.7036E-06  1.0000   0.0000E+00  0.0000   0.0000E+00  0.0000   0.0000E+00  0.0000
   5.6234E-06   1.0000E-05   0.0000E+00  0.0000   0.0000E+00  0.0000   0.0000E+00  0.0000   0.0000E+00  0.0000
   1.0000E-05   1.7783E-05   0.0000E+00  0.0000   0.0000E+00  0.0000   0.0000E+00  0.0000   0.0000E+00  0.0000
   1.7783E-05   3.1623E-05   1.2962E-06  1.0000   0.0000E+00  0.0000   0.0000E+00  0.0000   0.0000E+00  0.0000
   3.1623E-05   5.6234E-05   0.0000E+00  0.0000   0.0000E+00  0.0000   0.0000E+00  0.0000   0.0000E+00  0.0000
   5.6234E-05   1.0000E-04   9.2685E-06  1.0000   0.0000E+00  0.0000   0.0000E+00  0.0000   0.0000E+00  0.0000
   1.0000E-04   1.7783E-04   0.0000E+00  0.0000   4.1776E-21  1.0000   0.0000E+00  0.0000   0.0000E+00  0.0000
   1.7783E-04   3.1623E-04   1.6337E-06  1.0000   0.0000E+00  0.0000   0.0000E+00  0.0000   0.0000E+00  0.0000
   3.1623E-04   5.6234E-04   0.0000E+00  0.0000   0.0000E+00  0.0000   0.0000E+00  0.0000   0.0000E+00  0.0000
   5.6234E-04   1.0000E-03   1.6708E-05  1.0000   0.0000E+00  0.0000   0.0000E+00  0.0000   0.0000E+00  0.0000
   1.0000E-03   1.7783E-03   4.6082E-06  1.0000   1.5359E-11  0.7077   0.0000E+00  0.0000   0.0000E+00  0.0000
   1.7783E-03   3.1623E-03   2.6661E-05  1.0000   8.1140E-12  0.7067   0.0000E+00  0.0000   0.0000E+00  0.0000
   3.1623E-03   5.6234E-03   0.0000E+00  0.0000   1.1988E-11  0.7067   0.0000E+00  0.0000   0.0000E+00  0.0000
   5.6234E-03   1.0000E-02   0.0000E+00  0.0000   1.9227E-11  0.7067   0.0000E+00  0.0000   0.0000E+00  0.0000
   1.0000E-02   1.7783E-02   0.0000E+00  0.0000   3.4475E-11  0.7067   0.0000E+00  0.0000   0.0000E+00  0.0000
   1.7783E-02   3.1623E-02   0.0000E+00  0.0000   7.1175E-11  0.7067   0.0000E+00  0.0000   0.0000E+00  0.0000
   3.1623E-02   5.6234E-02   0.0000E+00  0.0000   1.6628E-10  0.7067   0.0000E+00  0.0000   0.0000E+00  0.0000
   5.6234E-02   1.0000E-01   0.0000E+00  0.0000   4.1663E-10  0.7067   0.0000E+00  0.0000   0.0000E+00  0.0000
   1.0000E-01   1.7783E-01   0.0000E+00  0.0000   1.0694E-09  0.7067   0.0000E+00  0.0000   0.0000E+00  0.0000
   1.7783E-01   3.1623E-01   0.0000E+00  0.0000   2.7974E-09  0.7067   0.0000E+00  0.0000   0.0000E+00  0.0000
   3.1623E-01   5.6234E-01   0.0000E+00  0.0000   7.4983E-09  0.7067   0.0000E+00  0.0000   0.0000E+00  0.0000
   5.6234E-01   1.0000E+00   0.0000E+00  0.0000   2.0566E-08  0.7067   0.0000E+00  0.0000   0.0000E+00  0.0000
   1.0000E+00   1.7783E+00   0.0000E+00  0.0000   5.7587E-08  0.7067   0.0000E+00  0.0000   0.0000E+00  0.0000
   1.7783E+00   3.1623E+00   0.0000E+00  0.0000   1.6380E-07  0.7067   0.0000E+00  0.0000   0.0000E+00  0.0000
   3.1623E+00   5.6234E+00   0.0000E+00  0.0000   4.6293E-07  0.7067   0.0000E+00  0.0000   0.0000E+00  0.0000
   5.6234E+00   1.0000E+01   0.0000E+00  0.0000   1.2896E-06  0.7067   0.0000E+00  0.0000   0.0000E+00  0.0000
   1.0000E+01   1.7783E+01   0.0000E+00  0.0000   3.5112E-06  0.7067   0.0000E+00  0.0000   0.0000E+00  0.0000
   1.7783E+01   3.1623E+01   0.0000E+00  0.0000   9.1667E-06  0.7067   0.0000E+00  0.0000   0.0000E+00  0.0000
   3.1623E+01   5.6234E+01   0.0000E+00  0.0000   2.2409E-05  0.7067   0.0000E+00  0.0000   0.0000E+00  0.0000
   5.6234E+01   1.0000E+02   0.0000E+00  0.0000   3.7041E-05  0.7498   0.0000E+00  0.0000   0.0000E+00  0.0000
   1.0000E+02   1.7783E+02   0.0000E+00  0.0000   3.7424E-05  0.6547   0.0000E+00  0.0000   0.0000E+00  0.0000
   1.7783E+02   3.1623E+02   0.0000E+00  0.0000   3.8678E-04  0.3914   0.0000E+00  0.0000   0.0000E+00  0.0000
   3.1623E+02   5.6234E+02   0.0000E+00  0.0000   1.9040E-04  0.4833   0.0000E+00  0.0000   0.0000E+00  0.0000
   5.6234E+02   1.0000E+03   0.0000E+00  0.0000   1.9837E-04  0.5798   0.0000E+00  0.0000   0.0000E+00  0.0000
   1.0000E+03   1.7783E+03   0.0000E+00  0.0000   2.9663E-04  0.4467   0.0000E+00  0.0000   0.0000E+00  0.0000
   1.7783E+03   3.1623E+03   0.0000E+00  0.0000   2.4456E-04  0.5000   0.0000E+00  0.0000   0.0000E+00  0.0000
   3.1623E+03   5.6234E+03   0.0000E+00  0.0000   4.3600E-04  0.4319   0.0000E+00  0.0000   0.0000E+00  0.0000
   5.6234E+03   1.0000E+04   0.0000E+00  0.0000   5.6554E-04  0.3598   0.0000E+00  0.0000   0.0000E+00  0.0000
   1.0000E+04   1.7783E+04   0.0000E+00  0.0000   2.6773E-04  0.5063   0.0000E+00  0.0000   0.0000E+00  0.0000
   1.7783E+04   3.1623E+04   0.0000E+00  0.0000   6.4932E-05  1.0000   0.0000E+00  0.0000   0.0000E+00  0.0000
   3.1623E+04   5.6234E+04   0.0000E+00  0.0000   6.2627E-05  1.0000   0.0000E+00  0.0000   0.0000E+00  0.0000
   5.6234E+04   1.0000E+05   0.0000E+00  0.0000   0.0000E+00  0.0000   0.0000E+00  0.0000   0.0000E+00  0.0000

#   sum over                 6.3239E-05  1.0000   2.8251E-03  0.1525   0.0000E+00  0.0000   0.0000E+00  0.0000

'no. =  1, (ix,iy,iz) = (  1,  1,  1)'
msuc: {\huge Flux spectra vs depth in concrete}
msdr: {\it plotted by \ANGEL \version}
msdl: {\it calculated by \PHITS  3.36}
wt: s(0.7)
\vspace{-3}
   vol  &=&   2.8800E+07 [cm^3]
  xmin  &=&  -6.0000E+02 [cm]
  xmax  &=&   6.0000E+02 [cm]
  ymin  &=&  -6.0000E+02 [cm]
  ymax  &=&   6.0000E+02 [cm]
  zmin  &=&  -7.0000E+02 [cm]
  zmax  &=&  -6.8000E+02 [cm]
e:

#------------------------------------------------------------------------------
 newpage:
#   no. =  2   ix  =  1   iy  =  1   iz  =  2
#   x = (  -6.0000E+02  -   6.0000E+02  )
#   y = (  -6.0000E+02  -   6.0000E+02  )
#   z = (  -6.8000E+02  -  -6.6000E+02  )

x: Energy [MeV/n]
y: Flux [1/cm^2/source]              
p: xlog ylog afac(0.8) form(0.9)
h: n            x            y(neutron ),hh0l n y(muon-   ),hh0dr n y(muon+   ),hh0ub n y(proton  ),hh0mg n 
#  e-lower      e-upper        neutron   r.err      muon-     r.err      muon+     r.err      proton    r.err 
   1.0000E-10   1.7783E-10   0.0000E+00  0.0000   0.0000E+00  0.0000   0.0000E+00  0.0000   0.0000E+00  0.0000
   1.7783E-10   3.1623E-10   0.0000E+00  0.0000   0.0000E+00  0.0000   0.0000E+00  0.0000   0.0000E+00  0.0000
   3.1623E-10   5.6234E-10   3.0993E-09  1.0000   0.0000E+00  0.0000   0.0000E+00  0.0000   0.0000E+00  0.0000
   5.6234E-10   1.0000E-09   0.0000E+00  0.0000   0.0000E+00  0.0000   0.0000E+00  0.0000   0.0000E+00  0.0000
   1.0000E-09   1.7783E-09   0.0000E+00  0.0000   0.0000E+00  0.0000   0.0000E+00  0.0000   0.0000E+00  0.0000
   1.7783E-09   3.1623E-09   3.3038E-07  1.0000   0.0000E+00  0.0000   0.0000E+00  0.0000   0.0000E+00  0.0000
   3.1623E-09   5.6234E-09   9.3862E-07  1.0000   0.0000E+00  0.0000   0.0000E+00  0.0000   0.0000E+00  0.0000
   5.6234E-09   1.0000E-08   4.3592E-06  1.0000   0.0000E+00  0.0000   0.0000E+00  0.0000   0.0000E+00  0.0000
   1.0000E-08   1.7783E-08   1.0079E-05  1.0000   0.0000E+00  0.0000   0.0000E+00  0.0000   0.0000E+00  0.0000
   1.7783E-08   3.1623E-08   1.3535E-05  1.0000   0.0000E+00  0.0000   0.0000E+00  0.0000   0.0000E+00  0.0000
   3.1623E-08   5.6234E-08   2.0885E-05  1.0000   0.0000E+00  0.0000   0.0000E+00  0.0000   0.0000E+00  0.0000
   5.6234E-08   1.0000E-07   4.6043E-05  1.0000   0.0000E+00  0.0000   0.0000E+00  0.0000   0.0000E+00  0.0000
   1.0000E-07   1.7783E-07   1.6686E-05  1.0000   0.0000E+00  0.0000   0.0000E+00  0.0000   0.0000E+00  0.0000
   1.7783E-07   3.1623E-07   4.2297E-06  1.0000   0.0000E+00  0.0000   0.0000E+00  0.0000   0.0000E+00  0.0000
   3.1623E-07   5.6234E-07   0.0000E+00  0.0000   0.0000E+00  0.0000   0.0000E+00  0.0000   0.0000E+00  0.0000
   5.6234E-07   1.0000E-06   0.0000E+00  0.0000   0.0000E+00  0.0000   0.0000E+00  0.0000   0.0000E+00  0.0000
   1.0000E-06   1.7783E-06   0.0000E+00  0.0000   0.0000E+00  0.0000   0.0000E+00  0.0000   0.0000E+00  0.0000
   1.7783E-06   3.1623E-06   0.0000E+00  0.0000   0.0000E+00  0.0000   0.0000E+00  0.0000   0.0000E+00  0.0000
   3.1623E-06   5.6234E-06   0.0000E+00  0.0000   0.0000E+00  0.0000   0.0000E+00  0.0000   0.0000E+00  0.0000
   5.6234E-06   1.0000E-05   0.0000E+00  0.0000   0.0000E+00  0.0000   0.0000E+00  0.0000   0.0000E+00  0.0000
   1.0000E-05   1.7783E-05   0.0000E+00  0.0000   0.0000E+00  0.0000   0.0000E+00  0.0000   0.0000E+00  0.0000
   1.7783E-05   3.1623E-05   0.0000E+00  0.0000   0.0000E+00  0.0000   0.0000E+00  0.0000   0.0000E+00  0.0000
   3.1623E-05   5.6234E-05   0.0000E+00  0.0000   0.0000E+00  0.0000   0.0000E+00  0.0000   0.0000E+00  0.0000
   5.6234E-05   1.0000E-04   0.0000E+00  0.0000   0.0000E+00  0.0000   0.0000E+00  0.0000   0.0000E+00  0.0000
   1.0000E-04   1.7783E-04   0.0000E+00  0.0000   0.0000E+00  0.0000   0.0000E+00  0.0000   0.0000E+00  0.0000
   1.7783E-04   3.1623E-04   0.0000E+00  0.0000   0.0000E+00  0.0000   0.0000E+00  0.0000   0.0000E+00  0.0000
   3.1623E-04   5.6234E-04   0.0000E+00  0.0000   0.0000E+00  0.0000   0.0000E+00  0.0000   0.0000E+00  0.0000
   5.6234E-04   1.0000E-03   0.0000E+00  0.0000   0.0000E+00  0.0000   0.0000E+00  0.0000   0.0000E+00  0.0000
   1.0000E-03   1.7783E-03   0.0000E+00  0.0000   0.0000E+00  0.0000   0.0000E+00  0.0000   0.0000E+00  0.0000
   1.7783E-03   3.1623E-03   0.0000E+00  0.0000   0.0000E+00  0.0000   0.0000E+00  0.0000   0.0000E+00  0.0000
   3.1623E-03   5.6234E-03   0.0000E+00  0.0000   0.0000E+00  0.0000   0.0000E+00  0.0000   0.0000E+00  0.0000
   5.6234E-03   1.0000E-02   0.0000E+00  0.0000   0.0000E+00  0.0000   0.0000E+00  0.0000   0.0000E+00  0.0000
   1.0000E-02   1.7783E-02   0.0000E+00  0.0000   0.0000E+00  0.0000   0.0000E+00  0.0000   0.0000E+00  0.0000
   1.7783E-02   3.1623E-02   0.0000E+00  0.0000   0.0000E+00  0.0000   0.0000E+00  0.0000   0.0000E+00  0.0000
   3.1623E-02   5.6234E-02   0.0000E+00  0.0000   0.0000E+00  0.0000   0.0000E+00  0.0000   0.0000E+00  0.0000
   5.6234E-02   1.0000E-01   0.0000E+00  0.0000   0.0000E+00  0.0000   0.0000E+00  0.0000   0.0000E+00  0.0000
   1.0000E-01   1.7783E-01   0.0000E+00  0.0000   0.0000E+00  0.0000   0.0000E+00  0.0000   0.0000E+00  0.0000
   1.7783E-01   3.1623E-01   0.0000E+00  0.0000   0.0000E+00  0.0000   0.0000E+00  0.0000   0.0000E+00  0.0000
   3.1623E-01   5.6234E-01   0.0000E+00  0.0000   0.0000E+00  0.0000   0.0000E+00  0.0000   0.0000E+00  0.0000
   5.6234E-01   1.0000E+00   0.0000E+00  0.0000   0.0000E+00  0.0000   0.0000E+00  0.0000   0.0000E+00  0.0000
   1.0000E+00   1.7783E+00   0.0000E+00  0.0000   0.0000E+00  0.0000   0.0000E+00  0.0000   0.0000E+00  0.0000
   1.7783E+00   3.1623E+00   0.0000E+00  0.0000   0.0000E+00  0.0000   0.0000E+00  0.0000   0.0000E+00  0.0000
   3.1623E+00   5.6234E+00   0.0000E+00  0.0000   0.0000E+00  0.0000   0.0000E+00  0.0000   0.0000E+00  0.0000
   5.6234E+00   1.0000E+01   0.0000E+00  0.0000   0.0000E+00  0.0000   0.0000E+00  0.0000   0.0000E+00  0.0000
   1.0000E+01   1.7783E+01   0.0000E+00  0.0000   0.0000E+00  0.0000   0.0000E+00  0.0000   0.0000E+00  0.0000
   1.7783E+01   3.1623E+01   0.0000E+00  0.0000   0.0000E+00  0.0000   0.0000E+00  0.0000   0.0000E+00  0.0000
   3.1623E+01   5.6234E+01   0.0000E+00  0.0000   0.0000E+00  0.0000   0.0000E+00  0.0000   0.0000E+00  0.0000
   5.6234E+01   1.0000E+02   0.0000E+00  0.0000   1.3127E-05  1.0000   0.0000E+00  0.0000   0.0000E+00  0.0000
   1.0000E+02   1.7783E+02   0.0000E+00  0.0000   8.9908E-05  0.7081   0.0000E+00  0.0000   0.0000E+00  0.0000
   1.7783E+02   3.1623E+02   0.0000E+00  0.0000   1.5695E-04  0.4942   0.0000E+00  0.0000   0.0000E+00  0.0000
   3.1623E+02   5.6234E+02   0.0000E+00  0.0000   4.5218E-04  0.3707   0.0000E+00  0.0000   0.0000E+00  0.0000
   5.6234E+02   1.0000E+03   0.0000E+00  0.0000   2.2105E-04  0.5301   0.0000E+00  0.0000   0.0000E+00  0.0000
   1.0000E+03   1.7783E+03   0.0000E+00  0.0000   2.9663E-04  0.4467   0.0000E+00  0.0000   0.0000E+00  0.0000
   1.7783E+03   3.1623E+03   0.0000E+00  0.0000   1.9315E-04  0.5243   0.0000E+00  0.0000   0.0000E+00  0.0000
   3.1623E+03   5.6234E+03   0.0000E+00  0.0000   4.4075E-04  0.4267   0.0000E+00  0.0000   0.0000E+00  0.0000
   5.6234E+03   1.0000E+04   0.0000E+00  0.0000   5.0897E-04  0.3844   0.0000E+00  0.0000   0.0000E+00  0.0000
   1.0000E+04   1.7783E+04   0.0000E+00  0.0000   2.6773E-04  0.5063   0.0000E+00  0.0000   0.0000E+00  0.0000
   1.7783E+04   3.1623E+04   0.0000E+00  0.0000   6.4932E-05  1.0000   0.0000E+00  0.0000   0.0000E+00  0.0000
   3.1623E+04   5.6234E+04   0.0000E+00  0.0000   6.2627E-05  1.0000   0.0000E+00  0.0000   0.0000E+00  0.0000
   5.6234E+04   1.0000E+05   0.0000E+00  0.0000   0.0000E+00  0.0000   0.0000E+00  0.0000   0.0000E+00  0.0000

#   sum over                 1.1709E-04  1.0000   2.7680E-03  0.1555   0.0000E+00  0.0000   0.0000E+00  0.0000

'no. =  2, (ix,iy,iz) = (  1,  1,  2)'
msuc: {\huge Flux spectra vs depth in concrete}
msdr: {\it plotted by \ANGEL \version}
msdl: {\it calculated by \PHITS  3.36}
wt: s(0.7)
\vspace{-3}
   vol  &=&   2.8800E+07 [cm^3]
  xmin  &=&  -6.0000E+02 [cm]
  xmax  &=&   6.0000E+02 [cm]
  ymin  &=&  -6.0000E+02 [cm]
  ymax  &=&   6.0000E+02 [cm]
  zmin  &=&  -6.8000E+02 [cm]
  zmax  &=&  -6.6000E+02 [cm]
e:

#------------------------------------------------------------------------------
 newpage:
#   no. =  3   ix  =  1   iy  =  1   iz  =  3
#   x = (  -6.0000E+02  -   6.0000E+02  )
#   y = (  -6.0000E+02  -   6.0000E+02  )
#   z = (  -6.6000E+02  -  -6.4000E+02  )

x: Energy [MeV/n]
y: Flux [1/cm^2/source]              
p: xlog ylog afac(0.8) form(0.9)
h: n            x            y(neutron ),hh0l n y(muon-   ),hh0dr n y(muon+   ),hh0ub n y(proton  ),hh0mg n 
#  e-lower      e-upper        neutron   r.err      muon-     r.err      muon+     r.err      proton    r.err 
   1.0000E-10   1.7783E-10   0.0000E+00  0.0000   0.0000E+00  0.0000   0.0000E+00  0.0000   0.0000E+00  0.0000
   1.7783E-10   3.1623E-10   0.0000E+00  0.0000   0.0000E+00  0.0000   0.0000E+00  0.0000   0.0000E+00  0.0000
   3.1623E-10   5.6234E-10   0.0000E+00  0.0000   0.0000E+00  0.0000   0.0000E+00  0.0000   0.0000E+00  0.0000
   5.6234E-10   1.0000E-09   0.0000E+00  0.0000   0.0000E+00  0.0000   0.0000E+00  0.0000   0.0000E+00  0.0000
   1.0000E-09   1.7783E-09   0.0000E+00  0.0000   0.0000E+00  0.0000   0.0000E+00  0.0000   0.0000E+00  0.0000
   1.7783E-09   3.1623E-09   1.3455E-06  1.0000   0.0000E+00  0.0000   0.0000E+00  0.0000   0.0000E+00  0.0000
   3.1623E-09   5.6234E-09   2.4367E-06  1.0000   0.0000E+00  0.0000   0.0000E+00  0.0000   0.0000E+00  0.0000
   5.6234E-09   1.0000E-08   6.7565E-06  1.0000   0.0000E+00  0.0000   0.0000E+00  0.0000   0.0000E+00  0.0000
   1.0000E-08   1.7783E-08   1.1969E-05  1.0000   0.0000E+00  0.0000   0.0000E+00  0.0000   0.0000E+00  0.0000
   1.7783E-08   3.1623E-08   6.1215E-05  1.0000   0.0000E+00  0.0000   0.0000E+00  0.0000   0.0000E+00  0.0000
   3.1623E-08   5.6234E-08   9.0499E-05  1.0000   0.0000E+00  0.0000   0.0000E+00  0.0000   0.0000E+00  0.0000
   5.6234E-08   1.0000E-07   4.1682E-05  1.0000   0.0000E+00  0.0000   0.0000E+00  0.0000   0.0000E+00  0.0000
   1.0000E-07   1.7783E-07   5.6078E-05  1.0000   0.0000E+00  0.0000   0.0000E+00  0.0000   0.0000E+00  0.0000
   1.7783E-07   3.1623E-07   1.4995E-05  1.0000   0.0000E+00  0.0000   0.0000E+00  0.0000   0.0000E+00  0.0000
   3.1623E-07   5.6234E-07   3.3400E-07  1.0000   0.0000E+00  0.0000   0.0000E+00  0.0000   0.0000E+00  0.0000
   5.6234E-07   1.0000E-06   0.0000E+00  0.0000   0.0000E+00  0.0000   0.0000E+00  0.0000   0.0000E+00  0.0000
   1.0000E-06   1.7783E-06   0.0000E+00  0.0000   0.0000E+00  0.0000   0.0000E+00  0.0000   0.0000E+00  0.0000
   1.7783E-06   3.1623E-06   2.5975E-06  1.0000   0.0000E+00  0.0000   0.0000E+00  0.0000   0.0000E+00  0.0000
   3.1623E-06   5.6234E-06   1.7242E-05  1.0000   0.0000E+00  0.0000   0.0000E+00  0.0000   0.0000E+00  0.0000
   5.6234E-06   1.0000E-05   0.0000E+00  0.0000   0.0000E+00  0.0000   0.0000E+00  0.0000   0.0000E+00  0.0000
   1.0000E-05   1.7783E-05   3.6562E-06  1.0000   0.0000E+00  0.0000   0.0000E+00  0.0000   0.0000E+00  0.0000
   1.7783E-05   3.1623E-05   0.0000E+00  0.0000   0.0000E+00  0.0000   0.0000E+00  0.0000   0.0000E+00  0.0000
   3.1623E-05   5.6234E-05   0.0000E+00  0.0000   0.0000E+00  0.0000   0.0000E+00  0.0000   0.0000E+00  0.0000
   5.6234E-05   1.0000E-04   0.0000E+00  0.0000   0.0000E+00  0.0000   0.0000E+00  0.0000   0.0000E+00  0.0000
   1.0000E-04   1.7783E-04   4.1492E-06  1.0000   0.0000E+00  0.0000   0.0000E+00  0.0000   0.0000E+00  0.0000
   1.7783E-04   3.1623E-04   0.0000E+00  0.0000   0.0000E+00  0.0000   0.0000E+00  0.0000   0.0000E+00  0.0000
   3.1623E-04   5.6234E-04   2.9632E-05  1.0000   0.0000E+00  0.0000   0.0000E+00  0.0000   0.0000E+00  0.0000
   5.6234E-04   1.0000E-03   0.0000E+00  0.0000   0.0000E+00  0.0000   0.0000E+00  0.0000   0.0000E+00  0.0000
   1.0000E-03   1.7783E-03   0.0000E+00  0.0000   7.8483E-12  1.0000   0.0000E+00  0.0000   0.0000E+00  0.0000
   1.7783E-03   3.1623E-03   0.0000E+00  0.0000   4.0570E-12  1.0000   0.0000E+00  0.0000   0.0000E+00  0.0000
   3.1623E-03   5.6234E-03   1.1907E-05  1.0000   5.9939E-12  1.0000   0.0000E+00  0.0000   0.0000E+00  0.0000
   5.6234E-03   1.0000E-02   9.5454E-06  1.0000   9.6133E-12  1.0000   0.0000E+00  0.0000   0.0000E+00  0.0000
   1.0000E-02   1.7783E-02   0.0000E+00  0.0000   1.7238E-11  1.0000   0.0000E+00  0.0000   0.0000E+00  0.0000
   1.7783E-02   3.1623E-02   0.0000E+00  0.0000   3.5587E-11  1.0000   0.0000E+00  0.0000   0.0000E+00  0.0000
   3.1623E-02   5.6234E-02   1.4697E-05  1.0000   8.3139E-11  1.0000   0.0000E+00  0.0000   0.0000E+00  0.0000
   5.6234E-02   1.0000E-01   1.9726E-07  1.0000   2.0831E-10  1.0000   0.0000E+00  0.0000   0.0000E+00  0.0000
   1.0000E-01   1.7783E-01   0.0000E+00  0.0000   5.3471E-10  1.0000   0.0000E+00  0.0000   0.0000E+00  0.0000
   1.7783E-01   3.1623E-01   0.0000E+00  0.0000   1.3987E-09  1.0000   0.0000E+00  0.0000   0.0000E+00  0.0000
   3.1623E-01   5.6234E-01   1.8200E-05  1.0000   3.7491E-09  1.0000   0.0000E+00  0.0000   0.0000E+00  0.0000
   5.6234E-01   1.0000E+00   0.0000E+00  0.0000   1.0283E-08  1.0000   0.0000E+00  0.0000   0.0000E+00  0.0000
   1.0000E+00   1.7783E+00   0.0000E+00  0.0000   2.8794E-08  1.0000   0.0000E+00  0.0000   0.0000E+00  0.0000
   1.7783E+00   3.1623E+00   4.0469E-05  1.0000   8.1902E-08  1.0000   0.0000E+00  0.0000   0.0000E+00  0.0000
   3.1623E+00   5.6234E+00   9.9014E-06  1.0000   2.3146E-07  1.0000   0.0000E+00  0.0000   0.0000E+00  0.0000
   5.6234E+00   1.0000E+01   9.1398E-06  1.0000   1.3082E-07  1.0000   0.0000E+00  0.0000   0.0000E+00  0.0000
   1.0000E+01   1.7783E+01   6.6213E-06  1.0000   0.0000E+00  0.0000   0.0000E+00  0.0000   0.0000E+00  0.0000
   1.7783E+01   3.1623E+01   2.0092E-06  1.0000   0.0000E+00  0.0000   0.0000E+00  0.0000   0.0000E+00  0.0000
   3.1623E+01   5.6234E+01   0.0000E+00  0.0000   0.0000E+00  0.0000   0.0000E+00  0.0000   0.0000E+00  0.0000
   5.6234E+01   1.0000E+02   0.0000E+00  0.0000   0.0000E+00  0.0000   0.0000E+00  0.0000   0.0000E+00  0.0000
   1.0000E+02   1.7783E+02   0.0000E+00  0.0000   3.0571E-06  1.0000   0.0000E+00  0.0000   0.0000E+00  0.0000
   1.7783E+02   3.1623E+02   0.0000E+00  0.0000   1.2598E-04  0.7090   0.0000E+00  0.0000   0.0000E+00  0.0000
   3.1623E+02   5.6234E+02   0.0000E+00  0.0000   4.8687E-04  0.3575   0.0000E+00  0.0000   0.0000E+00  0.0000
   5.6234E+02   1.0000E+03   0.0000E+00  0.0000   3.9419E-04  0.3896   0.0000E+00  0.0000   0.0000E+00  0.0000
   1.0000E+03   1.7783E+03   0.0000E+00  0.0000   2.9707E-04  0.4461   0.0000E+00  0.0000   0.0000E+00  0.0000
   1.7783E+03   3.1623E+03   0.0000E+00  0.0000   1.1620E-04  0.7068   0.0000E+00  0.0000   0.0000E+00  0.0000
   3.1623E+03   5.6234E+03   0.0000E+00  0.0000   4.5978E-04  0.4111   0.0000E+00  0.0000   0.0000E+00  0.0000
   5.6234E+03   1.0000E+04   0.0000E+00  0.0000   5.2304E-04  0.3581   0.0000E+00  0.0000   0.0000E+00  0.0000
   1.0000E+04   1.7783E+04   0.0000E+00  0.0000   3.1159E-04  0.4569   0.0000E+00  0.0000   0.0000E+00  0.0000
   1.7783E+04   3.1623E+04   0.0000E+00  0.0000   6.4932E-05  1.0000   0.0000E+00  0.0000   0.0000E+00  0.0000
   3.1623E+04   5.6234E+04   0.0000E+00  0.0000   6.2627E-05  1.0000   0.0000E+00  0.0000   0.0000E+00  0.0000
   5.6234E+04   1.0000E+05   0.0000E+00  0.0000   0.0000E+00  0.0000   0.0000E+00  0.0000   0.0000E+00  0.0000

#   sum over                 4.6728E-04  1.0000   2.8458E-03  0.1534   0.0000E+00  0.0000   0.0000E+00  0.0000

'no. =  3, (ix,iy,iz) = (  1,  1,  3)'
msuc: {\huge Flux spectra vs depth in concrete}
msdr: {\it plotted by \ANGEL \version}
msdl: {\it calculated by \PHITS  3.36}
wt: s(0.7)
\vspace{-3}
   vol  &=&   2.8800E+07 [cm^3]
  xmin  &=&  -6.0000E+02 [cm]
  xmax  &=&   6.0000E+02 [cm]
  ymin  &=&  -6.0000E+02 [cm]
  ymax  &=&   6.0000E+02 [cm]
  zmin  &=&  -6.6000E+02 [cm]
  zmax  &=&  -6.4000E+02 [cm]
e:

#------------------------------------------------------------------------------
 newpage:
#   no. =  4   ix  =  1   iy  =  1   iz  =  4
#   x = (  -6.0000E+02  -   6.0000E+02  )
#   y = (  -6.0000E+02  -   6.0000E+02  )
#   z = (  -6.4000E+02  -  -6.2000E+02  )

x: Energy [MeV/n]
y: Flux [1/cm^2/source]              
p: xlog ylog afac(0.8) form(0.9)
h: n            x            y(neutron ),hh0l n y(muon-   ),hh0dr n y(muon+   ),hh0ub n y(proton  ),hh0mg n 
#  e-lower      e-upper        neutron   r.err      muon-     r.err      muon+     r.err      proton    r.err 
   1.0000E-10   1.7783E-10   0.0000E+00  0.0000   0.0000E+00  0.0000   0.0000E+00  0.0000   0.0000E+00  0.0000
   1.7783E-10   3.1623E-10   0.0000E+00  0.0000   0.0000E+00  0.0000   0.0000E+00  0.0000   0.0000E+00  0.0000
   3.1623E-10   5.6234E-10   0.0000E+00  0.0000   0.0000E+00  0.0000   0.0000E+00  0.0000   0.0000E+00  0.0000
   5.6234E-10   1.0000E-09   0.0000E+00  0.0000   0.0000E+00  0.0000   0.0000E+00  0.0000   0.0000E+00  0.0000
   1.0000E-09   1.7783E-09   0.0000E+00  0.0000   0.0000E+00  0.0000   0.0000E+00  0.0000   0.0000E+00  0.0000
   1.7783E-09   3.1623E-09   0.0000E+00  0.0000   0.0000E+00  0.0000   0.0000E+00  0.0000   0.0000E+00  0.0000
   3.1623E-09   5.6234E-09   1.4533E-06  1.0000   0.0000E+00  0.0000   0.0000E+00  0.0000   0.0000E+00  0.0000
   5.6234E-09   1.0000E-08   2.6662E-06  1.0000   0.0000E+00  0.0000   0.0000E+00  0.0000   0.0000E+00  0.0000
   1.0000E-08   1.7783E-08   1.5085E-06  1.0000   0.0000E+00  0.0000   0.0000E+00  0.0000   0.0000E+00  0.0000
   1.7783E-08   3.1623E-08   7.6554E-06  1.0000   0.0000E+00  0.0000   0.0000E+00  0.0000   0.0000E+00  0.0000
   3.1623E-08   5.6234E-08   1.6316E-05  1.0000   0.0000E+00  0.0000   0.0000E+00  0.0000   0.0000E+00  0.0000
   5.6234E-08   1.0000E-07   1.0225E-05  1.0000   0.0000E+00  0.0000   0.0000E+00  0.0000   0.0000E+00  0.0000
   1.0000E-07   1.7783E-07   1.8356E-05  1.0000   0.0000E+00  0.0000   0.0000E+00  0.0000   0.0000E+00  0.0000
   1.7783E-07   3.1623E-07   0.0000E+00  0.0000   0.0000E+00  0.0000   0.0000E+00  0.0000   0.0000E+00  0.0000
   3.1623E-07   5.6234E-07   0.0000E+00  0.0000   0.0000E+00  0.0000   0.0000E+00  0.0000   0.0000E+00  0.0000
   5.6234E-07   1.0000E-06   0.0000E+00  0.0000   0.0000E+00  0.0000   0.0000E+00  0.0000   0.0000E+00  0.0000
   1.0000E-06   1.7783E-06   0.0000E+00  0.0000   0.0000E+00  0.0000   0.0000E+00  0.0000   0.0000E+00  0.0000
   1.7783E-06   3.1623E-06   6.0126E-06  1.0000   0.0000E+00  0.0000   0.0000E+00  0.0000   0.0000E+00  0.0000
   3.1623E-06   5.6234E-06   0.0000E+00  0.0000   0.0000E+00  0.0000   0.0000E+00  0.0000   0.0000E+00  0.0000
   5.6234E-06   1.0000E-05   0.0000E+00  0.0000   0.0000E+00  0.0000   0.0000E+00  0.0000   0.0000E+00  0.0000
   1.0000E-05   1.7783E-05   0.0000E+00  0.0000   0.0000E+00  0.0000   0.0000E+00  0.0000   0.0000E+00  0.0000
   1.7783E-05   3.1623E-05   0.0000E+00  0.0000   0.0000E+00  0.0000   0.0000E+00  0.0000   0.0000E+00  0.0000
   3.1623E-05   5.6234E-05   0.0000E+00  0.0000   0.0000E+00  0.0000   0.0000E+00  0.0000   0.0000E+00  0.0000
   5.6234E-05   1.0000E-04   8.9450E-07  1.0000   0.0000E+00  0.0000   0.0000E+00  0.0000   0.0000E+00  0.0000
   1.0000E-04   1.7783E-04   8.1853E-06  1.0000   0.0000E+00  0.0000   0.0000E+00  0.0000   0.0000E+00  0.0000
   1.7783E-04   3.1623E-04   0.0000E+00  0.0000   0.0000E+00  0.0000   0.0000E+00  0.0000   0.0000E+00  0.0000
   3.1623E-04   5.6234E-04   0.0000E+00  0.0000   0.0000E+00  0.0000   0.0000E+00  0.0000   0.0000E+00  0.0000
   5.6234E-04   1.0000E-03   0.0000E+00  0.0000   0.0000E+00  0.0000   0.0000E+00  0.0000   0.0000E+00  0.0000
   1.0000E-03   1.7783E-03   0.0000E+00  0.0000   1.7047E-11  0.6210   0.0000E+00  0.0000   0.0000E+00  0.0000
   1.7783E-03   3.1623E-03   0.0000E+00  0.0000   1.2171E-11  0.5766   0.0000E+00  0.0000   0.0000E+00  0.0000
   3.1623E-03   5.6234E-03   0.0000E+00  0.0000   1.7982E-11  0.5766   0.0000E+00  0.0000   0.0000E+00  0.0000
   5.6234E-03   1.0000E-02   8.9789E-06  1.0000   2.8840E-11  0.5766   0.0000E+00  0.0000   0.0000E+00  0.0000
   1.0000E-02   1.7783E-02   1.0114E-05  1.0000   5.1713E-11  0.5766   0.0000E+00  0.0000   0.0000E+00  0.0000
   1.7783E-02   3.1623E-02   0.0000E+00  0.0000   1.0676E-10  0.5766   0.0000E+00  0.0000   0.0000E+00  0.0000
   3.1623E-02   5.6234E-02   0.0000E+00  0.0000   2.4942E-10  0.5766   0.0000E+00  0.0000   0.0000E+00  0.0000
   5.6234E-02   1.0000E-01   8.7568E-06  1.0000   6.2494E-10  0.5766   0.0000E+00  0.0000   0.0000E+00  0.0000
   1.0000E-01   1.7783E-01   0.0000E+00  0.0000   1.6041E-09  0.5766   0.0000E+00  0.0000   0.0000E+00  0.0000
   1.7783E-01   3.1623E-01   1.3722E-05  1.0000   4.1961E-09  0.5766   0.0000E+00  0.0000   0.0000E+00  0.0000
   3.1623E-01   5.6234E-01   2.1062E-05  1.0000   1.1247E-08  0.5766   0.0000E+00  0.0000   0.0000E+00  0.0000
   5.6234E-01   1.0000E+00   2.4611E-05  1.0000   3.0849E-08  0.5766   0.0000E+00  0.0000   0.0000E+00  0.0000
   1.0000E+00   1.7783E+00   2.3050E-05  1.0000   8.6381E-08  0.5766   0.0000E+00  0.0000   0.0000E+00  0.0000
   1.7783E+00   3.1623E+00   2.9806E-05  1.0000   2.4571E-07  0.5766   0.0000E+00  0.0000   0.0000E+00  0.0000
   3.1623E+00   5.6234E+00   3.3211E-05  0.7171   6.9439E-07  0.5766   0.0000E+00  0.0000   0.0000E+00  0.0000
   5.6234E+00   1.0000E+01   1.5991E-04  0.9767   2.4483E-06  0.5012   0.0000E+00  0.0000   0.0000E+00  0.0000
   1.0000E+01   1.7783E+01   0.0000E+00  0.0000   7.0223E-06  0.4991   0.0000E+00  0.0000   0.0000E+00  0.0000
   1.7783E+01   3.1623E+01   2.1186E-05  1.0000   1.8333E-05  0.4991   0.0000E+00  0.0000   0.0000E+00  0.0000
   3.1623E+01   5.6234E+01   0.0000E+00  0.0000   4.4819E-05  0.4991   0.0000E+00  0.0000   0.0000E+00  0.0000
   5.6234E+01   1.0000E+02   0.0000E+00  0.0000   7.8795E-05  0.5524   0.0000E+00  0.0000   0.0000E+00  0.0000
   1.0000E+02   1.7783E+02   0.0000E+00  0.0000   4.2142E-05  0.5945   0.0000E+00  0.0000   0.0000E+00  0.0000
   1.7783E+02   3.1623E+02   0.0000E+00  0.0000   3.7161E-05  0.9870   0.0000E+00  0.0000   0.0000E+00  0.0000
   3.1623E+02   5.6234E+02   0.0000E+00  0.0000   2.9628E-04  0.4115   0.0000E+00  0.0000   0.0000E+00  0.0000
   5.6234E+02   1.0000E+03   0.0000E+00  0.0000   5.0731E-04  0.3338   0.0000E+00  0.0000   0.0000E+00  0.0000
   1.0000E+03   1.7783E+03   0.0000E+00  0.0000   5.0441E-04  0.3395   0.0000E+00  0.0000   0.0000E+00  0.0000
   1.7783E+03   3.1623E+03   0.0000E+00  0.0000   1.1620E-04  0.7068   0.0000E+00  0.0000   0.0000E+00  0.0000
   3.1623E+03   5.6234E+03   0.0000E+00  0.0000   4.3889E-04  0.4282   0.0000E+00  0.0000   0.0000E+00  0.0000
   5.6234E+03   1.0000E+04   0.0000E+00  0.0000   4.9131E-04  0.3819   0.0000E+00  0.0000   0.0000E+00  0.0000
   1.0000E+04   1.7783E+04   0.0000E+00  0.0000   3.6421E-04  0.4563   0.0000E+00  0.0000   0.0000E+00  0.0000
   1.7783E+04   3.1623E+04   0.0000E+00  0.0000   6.4932E-05  1.0000   0.0000E+00  0.0000   0.0000E+00  0.0000
   3.1623E+04   5.6234E+04   0.0000E+00  0.0000   6.2627E-05  1.0000   0.0000E+00  0.0000   0.0000E+00  0.0000
   5.6234E+04   1.0000E+05   0.0000E+00  0.0000   0.0000E+00  0.0000   0.0000E+00  0.0000   0.0000E+00  0.0000

#   sum over                 4.2768E-04  0.7073   3.0780E-03  0.1477   0.0000E+00  0.0000   0.0000E+00  0.0000

'no. =  4, (ix,iy,iz) = (  1,  1,  4)'
msuc: {\huge Flux spectra vs depth in concrete}
msdr: {\it plotted by \ANGEL \version}
msdl: {\it calculated by \PHITS  3.36}
wt: s(0.7)
\vspace{-3}
   vol  &=&   2.8800E+07 [cm^3]
  xmin  &=&  -6.0000E+02 [cm]
  xmax  &=&   6.0000E+02 [cm]
  ymin  &=&  -6.0000E+02 [cm]
  ymax  &=&   6.0000E+02 [cm]
  zmin  &=&  -6.4000E+02 [cm]
  zmax  &=&  -6.2000E+02 [cm]
e:

#------------------------------------------------------------------------------
 newpage:
#   no. =  5   ix  =  1   iy  =  1   iz  =  5
#   x = (  -6.0000E+02  -   6.0000E+02  )
#   y = (  -6.0000E+02  -   6.0000E+02  )
#   z = (  -6.2000E+02  -  -6.0000E+02  )

x: Energy [MeV/n]
y: Flux [1/cm^2/source]              
p: xlog ylog afac(0.8) form(0.9)
h: n            x            y(neutron ),hh0l n y(muon-   ),hh0dr n y(muon+   ),hh0ub n y(proton  ),hh0mg n 
#  e-lower      e-upper        neutron   r.err      muon-     r.err      muon+     r.err      proton    r.err 
   1.0000E-10   1.7783E-10   0.0000E+00  0.0000   0.0000E+00  0.0000   0.0000E+00  0.0000   0.0000E+00  0.0000
   1.7783E-10   3.1623E-10   0.0000E+00  0.0000   0.0000E+00  0.0000   0.0000E+00  0.0000   0.0000E+00  0.0000
   3.1623E-10   5.6234E-10   0.0000E+00  0.0000   0.0000E+00  0.0000   0.0000E+00  0.0000   0.0000E+00  0.0000
   5.6234E-10   1.0000E-09   0.0000E+00  0.0000   0.0000E+00  0.0000   0.0000E+00  0.0000   0.0000E+00  0.0000
   1.0000E-09   1.7783E-09   0.0000E+00  0.0000   0.0000E+00  0.0000   0.0000E+00  0.0000   0.0000E+00  0.0000
   1.7783E-09   3.1623E-09   0.0000E+00  0.0000   0.0000E+00  0.0000   0.0000E+00  0.0000   0.0000E+00  0.0000
   3.1623E-09   5.6234E-09   0.0000E+00  0.0000   0.0000E+00  0.0000   0.0000E+00  0.0000   0.0000E+00  0.0000
   5.6234E-09   1.0000E-08   0.0000E+00  0.0000   0.0000E+00  0.0000   0.0000E+00  0.0000   0.0000E+00  0.0000
   1.0000E-08   1.7783E-08   0.0000E+00  0.0000   0.0000E+00  0.0000   0.0000E+00  0.0000   0.0000E+00  0.0000
   1.7783E-08   3.1623E-08   0.0000E+00  0.0000   0.0000E+00  0.0000   0.0000E+00  0.0000   0.0000E+00  0.0000
   3.1623E-08   5.6234E-08   0.0000E+00  0.0000   0.0000E+00  0.0000   0.0000E+00  0.0000   0.0000E+00  0.0000
   5.6234E-08   1.0000E-07   0.0000E+00  0.0000   0.0000E+00  0.0000   0.0000E+00  0.0000   0.0000E+00  0.0000
   1.0000E-07   1.7783E-07   0.0000E+00  0.0000   0.0000E+00  0.0000   0.0000E+00  0.0000   0.0000E+00  0.0000
   1.7783E-07   3.1623E-07   0.0000E+00  0.0000   0.0000E+00  0.0000   0.0000E+00  0.0000   0.0000E+00  0.0000
   3.1623E-07   5.6234E-07   0.0000E+00  0.0000   0.0000E+00  0.0000   0.0000E+00  0.0000   0.0000E+00  0.0000
   5.6234E-07   1.0000E-06   0.0000E+00  0.0000   0.0000E+00  0.0000   0.0000E+00  0.0000   0.0000E+00  0.0000
   1.0000E-06   1.7783E-06   0.0000E+00  0.0000   0.0000E+00  0.0000   0.0000E+00  0.0000   0.0000E+00  0.0000
   1.7783E-06   3.1623E-06   0.0000E+00  0.0000   0.0000E+00  0.0000   0.0000E+00  0.0000   0.0000E+00  0.0000
   3.1623E-06   5.6234E-06   0.0000E+00  0.0000   0.0000E+00  0.0000   0.0000E+00  0.0000   0.0000E+00  0.0000
   5.6234E-06   1.0000E-05   0.0000E+00  0.0000   0.0000E+00  0.0000   0.0000E+00  0.0000   0.0000E+00  0.0000
   1.0000E-05   1.7783E-05   0.0000E+00  0.0000   0.0000E+00  0.0000   0.0000E+00  0.0000   0.0000E+00  0.0000
   1.7783E-05   3.1623E-05   0.0000E+00  0.0000   0.0000E+00  0.0000   0.0000E+00  0.0000   0.0000E+00  0.0000
   3.1623E-05   5.6234E-05   0.0000E+00  0.0000   0.0000E+00  0.0000   0.0000E+00  0.0000   0.0000E+00  0.0000
   5.6234E-05   1.0000E-04   0.0000E+00  0.0000   0.0000E+00  0.0000   0.0000E+00  0.0000   0.0000E+00  0.0000
   1.0000E-04   1.7783E-04   0.0000E+00  0.0000   0.0000E+00  0.0000   0.0000E+00  0.0000   0.0000E+00  0.0000
   1.7783E-04   3.1623E-04   0.0000E+00  0.0000   0.0000E+00  0.0000   0.0000E+00  0.0000   0.0000E+00  0.0000
   3.1623E-04   5.6234E-04   0.0000E+00  0.0000   0.0000E+00  0.0000   0.0000E+00  0.0000   0.0000E+00  0.0000
   5.6234E-04   1.0000E-03   0.0000E+00  0.0000   0.0000E+00  0.0000   0.0000E+00  0.0000   0.0000E+00  0.0000
   1.0000E-03   1.7783E-03   0.0000E+00  0.0000   0.0000E+00  0.0000   0.0000E+00  0.0000   0.0000E+00  0.0000
   1.7783E-03   3.1623E-03   0.0000E+00  0.0000   0.0000E+00  0.0000   0.0000E+00  0.0000   0.0000E+00  0.0000
   3.1623E-03   5.6234E-03   0.0000E+00  0.0000   0.0000E+00  0.0000   0.0000E+00  0.0000   0.0000E+00  0.0000
   5.6234E-03   1.0000E-02   1.2746E-05  1.0000   0.0000E+00  0.0000   0.0000E+00  0.0000   0.0000E+00  0.0000
   1.0000E-02   1.7783E-02   0.0000E+00  0.0000   0.0000E+00  0.0000   0.0000E+00  0.0000   0.0000E+00  0.0000
   1.7783E-02   3.1623E-02   0.0000E+00  0.0000   0.0000E+00  0.0000   0.0000E+00  0.0000   0.0000E+00  0.0000
   3.1623E-02   5.6234E-02   0.0000E+00  0.0000   0.0000E+00  0.0000   0.0000E+00  0.0000   0.0000E+00  0.0000
   5.6234E-02   1.0000E-01   1.8325E-05  1.0000   0.0000E+00  0.0000   0.0000E+00  0.0000   0.0000E+00  0.0000
   1.0000E-01   1.7783E-01   0.0000E+00  0.0000   0.0000E+00  0.0000   0.0000E+00  0.0000   0.0000E+00  0.0000
   1.7783E-01   3.1623E-01   9.8871E-06  1.0000   0.0000E+00  0.0000   0.0000E+00  0.0000   0.0000E+00  0.0000
   3.1623E-01   5.6234E-01   0.0000E+00  0.0000   0.0000E+00  0.0000   0.0000E+00  0.0000   0.0000E+00  0.0000
   5.6234E-01   1.0000E+00   1.8320E-05  1.0000   0.0000E+00  0.0000   0.0000E+00  0.0000   0.0000E+00  0.0000
   1.0000E+00   1.7783E+00   3.1977E-05  1.0000   0.0000E+00  0.0000   0.0000E+00  0.0000   0.0000E+00  0.0000
   1.7783E+00   3.1623E+00   6.8633E-07  1.0000   0.0000E+00  0.0000   0.0000E+00  0.0000   0.0000E+00  0.0000
   3.1623E+00   5.6234E+00   0.0000E+00  0.0000   0.0000E+00  0.0000   0.0000E+00  0.0000   0.0000E+00  0.0000
   5.6234E+00   1.0000E+01   0.0000E+00  0.0000   0.0000E+00  0.0000   0.0000E+00  0.0000   0.0000E+00  0.0000
   1.0000E+01   1.7783E+01   0.0000E+00  0.0000   0.0000E+00  0.0000   0.0000E+00  0.0000   0.0000E+00  0.0000
   1.7783E+01   3.1623E+01   0.0000E+00  0.0000   0.0000E+00  0.0000   0.0000E+00  0.0000   0.0000E+00  0.0000
   3.1623E+01   5.6234E+01   0.0000E+00  0.0000   0.0000E+00  0.0000   0.0000E+00  0.0000   0.0000E+00  0.0000
   5.6234E+01   1.0000E+02   0.0000E+00  0.0000   2.1540E-05  1.0000   0.0000E+00  0.0000   0.0000E+00  0.0000
   1.0000E+02   1.7783E+02   0.0000E+00  0.0000   1.4546E-04  0.5009   0.0000E+00  0.0000   0.0000E+00  0.0000
   1.7783E+02   3.1623E+02   0.0000E+00  0.0000   9.7557E-05  0.6036   0.0000E+00  0.0000   0.0000E+00  0.0000
   3.1623E+02   5.6234E+02   0.0000E+00  0.0000   1.9640E-04  0.5241   0.0000E+00  0.0000   0.0000E+00  0.0000
   5.6234E+02   1.0000E+03   0.0000E+00  0.0000   5.3844E-04  0.3505   0.0000E+00  0.0000   0.0000E+00  0.0000
   1.0000E+03   1.7783E+03   0.0000E+00  0.0000   5.8974E-04  0.3444   0.0000E+00  0.0000   0.0000E+00  0.0000
   1.7783E+03   3.1623E+03   0.0000E+00  0.0000   1.3583E-04  0.5876   0.0000E+00  0.0000   0.0000E+00  0.0000
   3.1623E+03   5.6234E+03   0.0000E+00  0.0000   4.6141E-04  0.4101   0.0000E+00  0.0000   0.0000E+00  0.0000
   5.6234E+03   1.0000E+04   0.0000E+00  0.0000   4.9131E-04  0.3819   0.0000E+00  0.0000   0.0000E+00  0.0000
   1.0000E+04   1.7783E+04   0.0000E+00  0.0000   3.6421E-04  0.4563   0.0000E+00  0.0000   0.0000E+00  0.0000
   1.7783E+04   3.1623E+04   0.0000E+00  0.0000   6.4932E-05  1.0000   0.0000E+00  0.0000   0.0000E+00  0.0000
   3.1623E+04   5.6234E+04   0.0000E+00  0.0000   6.2627E-05  1.0000   0.0000E+00  0.0000   0.0000E+00  0.0000
   5.6234E+04   1.0000E+05   0.0000E+00  0.0000   0.0000E+00  0.0000   0.0000E+00  0.0000   0.0000E+00  0.0000

#   sum over                 9.1941E-05  1.0000   3.1695E-03  0.1460   0.0000E+00  0.0000   0.0000E+00  0.0000

'no. =  5, (ix,iy,iz) = (  1,  1,  5)'
msuc: {\huge Flux spectra vs depth in concrete}
msdr: {\it plotted by \ANGEL \version}
msdl: {\it calculated by \PHITS  3.36}
wt: s(0.7)
\vspace{-3}
   vol  &=&   2.8800E+07 [cm^3]
  xmin  &=&  -6.0000E+02 [cm]
  xmax  &=&   6.0000E+02 [cm]
  ymin  &=&  -6.0000E+02 [cm]
  ymax  &=&   6.0000E+02 [cm]
  zmin  &=&  -6.2000E+02 [cm]
  zmax  &=&  -6.0000E+02 [cm]
e:

#------------------------------------------------------------------------------
 newpage:
#   no. =  6   ix  =  1   iy  =  1   iz  =  6
#   x = (  -6.0000E+02  -   6.0000E+02  )
#   y = (  -6.0000E+02  -   6.0000E+02  )
#   z = (  -6.0000E+02  -  -5.8000E+02  )

x: Energy [MeV/n]
y: Flux [1/cm^2/source]              
p: xlog ylog afac(0.8) form(0.9)
h: n            x            y(neutron ),hh0l n y(muon-   ),hh0dr n y(muon+   ),hh0ub n y(proton  ),hh0mg n 
#  e-lower      e-upper        neutron   r.err      muon-     r.err      muon+     r.err      proton    r.err 
   1.0000E-10   1.7783E-10   0.0000E+00  0.0000   0.0000E+00  0.0000   0.0000E+00  0.0000   0.0000E+00  0.0000
   1.7783E-10   3.1623E-10   0.0000E+00  0.0000   0.0000E+00  0.0000   0.0000E+00  0.0000   0.0000E+00  0.0000
   3.1623E-10   5.6234E-10   0.0000E+00  0.0000   0.0000E+00  0.0000   0.0000E+00  0.0000   0.0000E+00  0.0000
   5.6234E-10   1.0000E-09   0.0000E+00  0.0000   0.0000E+00  0.0000   0.0000E+00  0.0000   0.0000E+00  0.0000
   1.0000E-09   1.7783E-09   0.0000E+00  0.0000   0.0000E+00  0.0000   0.0000E+00  0.0000   0.0000E+00  0.0000
   1.7783E-09   3.1623E-09   9.7814E-07  1.0000   0.0000E+00  0.0000   0.0000E+00  0.0000   0.0000E+00  0.0000
   3.1623E-09   5.6234E-09   1.2687E-06  1.0000   0.0000E+00  0.0000   0.0000E+00  0.0000   0.0000E+00  0.0000
   5.6234E-09   1.0000E-08   1.0061E-05  0.8478   0.0000E+00  0.0000   0.0000E+00  0.0000   0.0000E+00  0.0000
   1.0000E-08   1.7783E-08   2.0378E-05  0.8161   0.0000E+00  0.0000   0.0000E+00  0.0000   0.0000E+00  0.0000
   1.7783E-08   3.1623E-08   9.1796E-06  0.7164   0.0000E+00  0.0000   0.0000E+00  0.0000   0.0000E+00  0.0000
   3.1623E-08   5.6234E-08   4.4264E-05  0.8046   0.0000E+00  0.0000   0.0000E+00  0.0000   0.0000E+00  0.0000
   5.6234E-08   1.0000E-07   5.7209E-05  0.7097   0.0000E+00  0.0000   0.0000E+00  0.0000   0.0000E+00  0.0000
   1.0000E-07   1.7783E-07   4.3360E-05  0.8217   0.0000E+00  0.0000   0.0000E+00  0.0000   0.0000E+00  0.0000
   1.7783E-07   3.1623E-07   1.9687E-05  1.0000   0.0000E+00  0.0000   0.0000E+00  0.0000   0.0000E+00  0.0000
   3.1623E-07   5.6234E-07   0.0000E+00  0.0000   0.0000E+00  0.0000   0.0000E+00  0.0000   0.0000E+00  0.0000
   5.6234E-07   1.0000E-06   0.0000E+00  0.0000   0.0000E+00  0.0000   0.0000E+00  0.0000   0.0000E+00  0.0000
   1.0000E-06   1.7783E-06   4.9515E-06  1.0000   0.0000E+00  0.0000   0.0000E+00  0.0000   0.0000E+00  0.0000
   1.7783E-06   3.1623E-06   0.0000E+00  0.0000   0.0000E+00  0.0000   0.0000E+00  0.0000   0.0000E+00  0.0000
   3.1623E-06   5.6234E-06   0.0000E+00  0.0000   0.0000E+00  0.0000   0.0000E+00  0.0000   0.0000E+00  0.0000
   5.6234E-06   1.0000E-05   4.0683E-05  1.0000   0.0000E+00  0.0000   0.0000E+00  0.0000   0.0000E+00  0.0000
   1.0000E-05   1.7783E-05   2.4860E-06  1.0000   0.0000E+00  0.0000   0.0000E+00  0.0000   0.0000E+00  0.0000
   1.7783E-05   3.1623E-05   1.2234E-05  1.0000   0.0000E+00  0.0000   0.0000E+00  0.0000   0.0000E+00  0.0000
   3.1623E-05   5.6234E-05   1.2985E-05  1.0000   0.0000E+00  0.0000   0.0000E+00  0.0000   0.0000E+00  0.0000
   5.6234E-05   1.0000E-04   1.5022E-06  1.0000   0.0000E+00  0.0000   0.0000E+00  0.0000   0.0000E+00  0.0000
   1.0000E-04   1.7783E-04   0.0000E+00  0.0000   0.0000E+00  0.0000   0.0000E+00  0.0000   0.0000E+00  0.0000
   1.7783E-04   3.1623E-04   0.0000E+00  0.0000   0.0000E+00  0.0000   0.0000E+00  0.0000   0.0000E+00  0.0000
   3.1623E-04   5.6234E-04   3.5435E-06  1.0000   0.0000E+00  0.0000   0.0000E+00  0.0000   0.0000E+00  0.0000
   5.6234E-04   1.0000E-03   3.5534E-06  1.0000   0.0000E+00  0.0000   0.0000E+00  0.0000   0.0000E+00  0.0000
   1.0000E-03   1.7783E-03   0.0000E+00  0.0000   5.9649E-12  1.0000   0.0000E+00  0.0000   0.0000E+00  0.0000
   1.7783E-03   3.1623E-03   0.0000E+00  0.0000   4.0570E-12  1.0000   0.0000E+00  0.0000   0.0000E+00  0.0000
   3.1623E-03   5.6234E-03   4.0643E-05  1.0000   5.9939E-12  1.0000   0.0000E+00  0.0000   0.0000E+00  0.0000
   5.6234E-03   1.0000E-02   1.4736E-05  1.0000   9.6133E-12  1.0000   0.0000E+00  0.0000   0.0000E+00  0.0000
   1.0000E-02   1.7783E-02   0.0000E+00  0.0000   1.7238E-11  1.0000   0.0000E+00  0.0000   0.0000E+00  0.0000
   1.7783E-02   3.1623E-02   0.0000E+00  0.0000   3.5587E-11  1.0000   0.0000E+00  0.0000   0.0000E+00  0.0000
   3.1623E-02   5.6234E-02   0.0000E+00  0.0000   8.3139E-11  1.0000   0.0000E+00  0.0000   0.0000E+00  0.0000
   5.6234E-02   1.0000E-01   1.1337E-06  1.0000   2.0831E-10  1.0000   0.0000E+00  0.0000   0.0000E+00  0.0000
   1.0000E-01   1.7783E-01   0.0000E+00  0.0000   5.3471E-10  1.0000   0.0000E+00  0.0000   0.0000E+00  0.0000
   1.7783E-01   3.1623E-01   0.0000E+00  0.0000   1.3987E-09  1.0000   0.0000E+00  0.0000   0.0000E+00  0.0000
   3.1623E-01   5.6234E-01   0.0000E+00  0.0000   3.7491E-09  1.0000   0.0000E+00  0.0000   0.0000E+00  0.0000
   5.6234E-01   1.0000E+00   0.0000E+00  0.0000   1.0283E-08  1.0000   0.0000E+00  0.0000   0.0000E+00  0.0000
   1.0000E+00   1.7783E+00   0.0000E+00  0.0000   2.8794E-08  1.0000   0.0000E+00  0.0000   0.0000E+00  0.0000
   1.7783E+00   3.1623E+00   0.0000E+00  0.0000   8.1902E-08  1.0000   0.0000E+00  0.0000   0.0000E+00  0.0000
   3.1623E+00   5.6234E+00   0.0000E+00  0.0000   2.3146E-07  1.0000   0.0000E+00  0.0000   0.0000E+00  0.0000
   5.6234E+00   1.0000E+01   0.0000E+00  0.0000   6.4479E-07  1.0000   0.0000E+00  0.0000   0.0000E+00  0.0000
   1.0000E+01   1.7783E+01   0.0000E+00  0.0000   1.7556E-06  1.0000   0.0000E+00  0.0000   0.0000E+00  0.0000
   1.7783E+01   3.1623E+01   0.0000E+00  0.0000   4.5834E-06  1.0000   0.0000E+00  0.0000   0.0000E+00  0.0000
   3.1623E+01   5.6234E+01   0.0000E+00  0.0000   1.1205E-05  1.0000   0.0000E+00  0.0000   0.0000E+00  0.0000
   5.6234E+01   1.0000E+02   0.0000E+00  0.0000   2.5084E-05  1.0000   0.0000E+00  0.0000   0.0000E+00  0.0000
   1.0000E+02   1.7783E+02   0.0000E+00  0.0000   2.0214E-05  0.8157   0.0000E+00  0.0000   0.0000E+00  0.0000
   1.7783E+02   3.1623E+02   0.0000E+00  0.0000   2.0677E-04  0.5030   0.0000E+00  0.0000   0.0000E+00  0.0000
   3.1623E+02   5.6234E+02   0.0000E+00  0.0000   1.3252E-04  0.5623   0.0000E+00  0.0000   0.0000E+00  0.0000
   5.6234E+02   1.0000E+03   0.0000E+00  0.0000   6.4418E-04  0.3209   0.0000E+00  0.0000   0.0000E+00  0.0000
   1.0000E+03   1.7783E+03   0.0000E+00  0.0000   4.8315E-04  0.3862   0.0000E+00  0.0000   0.0000E+00  0.0000
   1.7783E+03   3.1623E+03   0.0000E+00  0.0000   2.4425E-04  0.4627   0.0000E+00  0.0000   0.0000E+00  0.0000
   3.1623E+03   5.6234E+03   0.0000E+00  0.0000   4.5796E-04  0.3863   0.0000E+00  0.0000   0.0000E+00  0.0000
   5.6234E+03   1.0000E+04   0.0000E+00  0.0000   5.2924E-04  0.3582   0.0000E+00  0.0000   0.0000E+00  0.0000
   1.0000E+04   1.7783E+04   0.0000E+00  0.0000   3.6421E-04  0.4563   0.0000E+00  0.0000   0.0000E+00  0.0000
   1.7783E+04   3.1623E+04   0.0000E+00  0.0000   6.4932E-05  1.0000   0.0000E+00  0.0000   0.0000E+00  0.0000
   3.1623E+04   5.6234E+04   0.0000E+00  0.0000   6.2627E-05  1.0000   0.0000E+00  0.0000   0.0000E+00  0.0000
   5.6234E+04   1.0000E+05   0.0000E+00  0.0000   0.0000E+00  0.0000   0.0000E+00  0.0000   0.0000E+00  0.0000

#   sum over                 3.4484E-04  0.7702   3.2537E-03  0.1437   0.0000E+00  0.0000   0.0000E+00  0.0000

'no. =  6, (ix,iy,iz) = (  1,  1,  6)'
msuc: {\huge Flux spectra vs depth in concrete}
msdr: {\it plotted by \ANGEL \version}
msdl: {\it calculated by \PHITS  3.36}
wt: s(0.7)
\vspace{-3}
   vol  &=&   2.8800E+07 [cm^3]
  xmin  &=&  -6.0000E+02 [cm]
  xmax  &=&   6.0000E+02 [cm]
  ymin  &=&  -6.0000E+02 [cm]
  ymax  &=&   6.0000E+02 [cm]
  zmin  &=&  -6.0000E+02 [cm]
  zmax  &=&  -5.8000E+02 [cm]
e:

#------------------------------------------------------------------------------
 newpage:
#   no. =  7   ix  =  1   iy  =  1   iz  =  7
#   x = (  -6.0000E+02  -   6.0000E+02  )
#   y = (  -6.0000E+02  -   6.0000E+02  )
#   z = (  -5.8000E+02  -  -5.6000E+02  )

x: Energy [MeV/n]
y: Flux [1/cm^2/source]              
p: xlog ylog afac(0.8) form(0.9)
h: n            x            y(neutron ),hh0l n y(muon-   ),hh0dr n y(muon+   ),hh0ub n y(proton  ),hh0mg n 
#  e-lower      e-upper        neutron   r.err      muon-     r.err      muon+     r.err      proton    r.err 
   1.0000E-10   1.7783E-10   0.0000E+00  0.0000   0.0000E+00  0.0000   0.0000E+00  0.0000   0.0000E+00  0.0000
   1.7783E-10   3.1623E-10   0.0000E+00  0.0000   0.0000E+00  0.0000   0.0000E+00  0.0000   0.0000E+00  0.0000
   3.1623E-10   5.6234E-10   1.1203E-07  1.0000   0.0000E+00  0.0000   0.0000E+00  0.0000   0.0000E+00  0.0000
   5.6234E-10   1.0000E-09   4.8599E-07  1.0000   0.0000E+00  0.0000   0.0000E+00  0.0000   0.0000E+00  0.0000
   1.0000E-09   1.7783E-09   8.9921E-07  1.0000   0.0000E+00  0.0000   0.0000E+00  0.0000   0.0000E+00  0.0000
   1.7783E-09   3.1623E-09   1.9938E-06  1.0000   0.0000E+00  0.0000   0.0000E+00  0.0000   0.0000E+00  0.0000
   3.1623E-09   5.6234E-09   1.9771E-05  0.7929   0.0000E+00  0.0000   0.0000E+00  0.0000   0.0000E+00  0.0000
   5.6234E-09   1.0000E-08   1.5764E-05  0.6080   0.0000E+00  0.0000   0.0000E+00  0.0000   0.0000E+00  0.0000
   1.0000E-08   1.7783E-08   5.1202E-05  0.5918   0.0000E+00  0.0000   0.0000E+00  0.0000   0.0000E+00  0.0000
   1.7783E-08   3.1623E-08   1.1355E-04  0.5651   0.0000E+00  0.0000   0.0000E+00  0.0000   0.0000E+00  0.0000
   3.1623E-08   5.6234E-08   1.8225E-04  0.5758   0.0000E+00  0.0000   0.0000E+00  0.0000   0.0000E+00  0.0000
   5.6234E-08   1.0000E-07   1.2316E-04  0.5630   0.0000E+00  0.0000   0.0000E+00  0.0000   0.0000E+00  0.0000
   1.0000E-07   1.7783E-07   7.0004E-05  0.6943   0.0000E+00  0.0000   0.0000E+00  0.0000   0.0000E+00  0.0000
   1.7783E-07   3.1623E-07   3.8737E-06  0.7199   0.0000E+00  0.0000   0.0000E+00  0.0000   0.0000E+00  0.0000
   3.1623E-07   5.6234E-07   0.0000E+00  0.0000   0.0000E+00  0.0000   0.0000E+00  0.0000   0.0000E+00  0.0000
   5.6234E-07   1.0000E-06   0.0000E+00  0.0000   0.0000E+00  0.0000   0.0000E+00  0.0000   0.0000E+00  0.0000
   1.0000E-06   1.7783E-06   4.1597E-05  1.0000   0.0000E+00  0.0000   0.0000E+00  0.0000   0.0000E+00  0.0000
   1.7783E-06   3.1623E-06   0.0000E+00  0.0000   0.0000E+00  0.0000   0.0000E+00  0.0000   0.0000E+00  0.0000
   3.1623E-06   5.6234E-06   0.0000E+00  0.0000   0.0000E+00  0.0000   0.0000E+00  0.0000   0.0000E+00  0.0000
   5.6234E-06   1.0000E-05   0.0000E+00  0.0000   0.0000E+00  0.0000   0.0000E+00  0.0000   0.0000E+00  0.0000
   1.0000E-05   1.7783E-05   0.0000E+00  0.0000   0.0000E+00  0.0000   0.0000E+00  0.0000   0.0000E+00  0.0000
   1.7783E-05   3.1623E-05   0.0000E+00  0.0000   0.0000E+00  0.0000   0.0000E+00  0.0000   0.0000E+00  0.0000
   3.1623E-05   5.6234E-05   1.8285E-05  1.0000   0.0000E+00  0.0000   0.0000E+00  0.0000   0.0000E+00  0.0000
   5.6234E-05   1.0000E-04   2.0229E-05  1.0000   0.0000E+00  0.0000   0.0000E+00  0.0000   0.0000E+00  0.0000
   1.0000E-04   1.7783E-04   3.3368E-06  1.0000   0.0000E+00  0.0000   0.0000E+00  0.0000   0.0000E+00  0.0000
   1.7783E-04   3.1623E-04   2.6596E-06  1.0000   0.0000E+00  0.0000   0.0000E+00  0.0000   0.0000E+00  0.0000
   3.1623E-04   5.6234E-04   0.0000E+00  0.0000   0.0000E+00  0.0000   0.0000E+00  0.0000   0.0000E+00  0.0000
   5.6234E-04   1.0000E-03   0.0000E+00  0.0000   0.0000E+00  0.0000   0.0000E+00  0.0000   0.0000E+00  0.0000
   1.0000E-03   1.7783E-03   2.5404E-05  1.0000   1.6602E-11  0.7067   0.0000E+00  0.0000   5.9980E-12  1.0000
   1.7783E-03   3.1623E-03   1.0248E-06  1.0000   8.1140E-12  0.7067   0.0000E+00  0.0000   9.6861E-12  1.0000
   3.1623E-03   5.6234E-03   3.3514E-06  1.0000   1.1988E-11  0.7067   0.0000E+00  0.0000   1.4622E-11  1.0000
   5.6234E-03   1.0000E-02   1.4665E-05  1.0000   1.9227E-11  0.7067   0.0000E+00  0.0000   2.0177E-11  1.0000
   1.0000E-02   1.7783E-02   0.0000E+00  0.0000   3.4475E-11  0.7067   0.0000E+00  0.0000   2.7062E-11  1.0000
   1.7783E-02   3.1623E-02   0.0000E+00  0.0000   7.1175E-11  0.7067   0.0000E+00  0.0000   3.8771E-11  1.0000
   3.1623E-02   5.6234E-02   2.1152E-05  1.0000   1.6628E-10  0.7067   0.0000E+00  0.0000   5.8180E-11  1.0000
   5.6234E-02   1.0000E-01   6.6868E-06  1.0000   4.1663E-10  0.7067   0.0000E+00  0.0000   9.5174E-11  1.0000
   1.0000E-01   1.7783E-01   7.4737E-07  1.0000   1.0694E-09  0.7067   0.0000E+00  0.0000   1.7562E-10  1.0000
   1.7783E-01   3.1623E-01   1.8181E-05  1.0000   2.7974E-09  0.7067   0.0000E+00  0.0000   3.7312E-10  1.0000
   3.1623E-01   5.6234E-01   0.0000E+00  0.0000   7.4983E-09  0.7067   0.0000E+00  0.0000   8.8901E-10  1.0000
   5.6234E-01   1.0000E+00   1.7997E-05  1.0000   2.0566E-08  0.7067   0.0000E+00  0.0000   2.2441E-09  1.0000
   1.0000E+00   1.7783E+00   2.4891E-05  0.8390   5.7587E-08  0.7067   0.0000E+00  0.0000   5.7803E-09  1.0000
   1.7783E+00   3.1623E+00   4.1457E-06  1.0000   1.6380E-07  0.7067   0.0000E+00  0.0000   1.5193E-08  1.0000
   3.1623E+00   5.6234E+00   5.7867E-05  1.0000   4.6293E-07  0.7067   0.0000E+00  0.0000   1.0217E-08  1.0000
   5.6234E+00   1.0000E+01   0.0000E+00  0.0000   1.2896E-06  0.7067   0.0000E+00  0.0000   0.0000E+00  0.0000
   1.0000E+01   1.7783E+01   0.0000E+00  0.0000   3.5112E-06  0.7067   0.0000E+00  0.0000   0.0000E+00  0.0000
   1.7783E+01   3.1623E+01   0.0000E+00  0.0000   4.7054E-06  0.9744   0.0000E+00  0.0000   0.0000E+00  0.0000
   3.1623E+01   5.6234E+01   0.0000E+00  0.0000   2.4351E-06  1.0000   0.0000E+00  0.0000   0.0000E+00  0.0000
   5.6234E+01   1.0000E+02   0.0000E+00  0.0000   0.0000E+00  0.0000   0.0000E+00  0.0000   0.0000E+00  0.0000
   1.0000E+02   1.7783E+02   0.0000E+00  0.0000   4.6594E-05  1.0000   0.0000E+00  0.0000   0.0000E+00  0.0000
   1.7783E+02   3.1623E+02   0.0000E+00  0.0000   8.3015E-05  0.7016   0.0000E+00  0.0000   0.0000E+00  0.0000
   3.1623E+02   5.6234E+02   0.0000E+00  0.0000   2.0982E-04  0.5484   0.0000E+00  0.0000   0.0000E+00  0.0000
   5.6234E+02   1.0000E+03   0.0000E+00  0.0000   5.5043E-04  0.3282   0.0000E+00  0.0000   0.0000E+00  0.0000
   1.0000E+03   1.7783E+03   0.0000E+00  0.0000   5.4851E-04  0.3688   0.0000E+00  0.0000   0.0000E+00  0.0000
   1.7783E+03   3.1623E+03   0.0000E+00  0.0000   3.7228E-04  0.3823   0.0000E+00  0.0000   0.0000E+00  0.0000
   3.1623E+03   5.6234E+03   0.0000E+00  0.0000   3.4606E-04  0.4093   0.0000E+00  0.0000   0.0000E+00  0.0000
   5.6234E+03   1.0000E+04   0.0000E+00  0.0000   6.8746E-04  0.3432   0.0000E+00  0.0000   0.0000E+00  0.0000
   1.0000E+04   1.7783E+04   0.0000E+00  0.0000   3.6421E-04  0.4563   0.0000E+00  0.0000   0.0000E+00  0.0000
   1.7783E+04   3.1623E+04   0.0000E+00  0.0000   6.4932E-05  1.0000   0.0000E+00  0.0000   0.0000E+00  0.0000
   3.1623E+04   5.6234E+04   0.0000E+00  0.0000   6.2627E-05  1.0000   0.0000E+00  0.0000   0.0000E+00  0.0000
   5.6234E+04   1.0000E+05   0.0000E+00  0.0000   0.0000E+00  0.0000   0.0000E+00  0.0000   0.0000E+00  0.0000

#   sum over                 8.6529E-04  0.6381   3.3486E-03  0.1406   0.0000E+00  0.0000   3.5142E-08  1.0000

'no. =  7, (ix,iy,iz) = (  1,  1,  7)'
msuc: {\huge Flux spectra vs depth in concrete}
msdr: {\it plotted by \ANGEL \version}
msdl: {\it calculated by \PHITS  3.36}
wt: s(0.7)
\vspace{-3}
   vol  &=&   2.8800E+07 [cm^3]
  xmin  &=&  -6.0000E+02 [cm]
  xmax  &=&   6.0000E+02 [cm]
  ymin  &=&  -6.0000E+02 [cm]
  ymax  &=&   6.0000E+02 [cm]
  zmin  &=&  -5.8000E+02 [cm]
  zmax  &=&  -5.6000E+02 [cm]
e:

#------------------------------------------------------------------------------
 newpage:
#   no. =  8   ix  =  1   iy  =  1   iz  =  8
#   x = (  -6.0000E+02  -   6.0000E+02  )
#   y = (  -6.0000E+02  -   6.0000E+02  )
#   z = (  -5.6000E+02  -  -5.4000E+02  )

x: Energy [MeV/n]
y: Flux [1/cm^2/source]              
p: xlog ylog afac(0.8) form(0.9)
h: n            x            y(neutron ),hh0l n y(muon-   ),hh0dr n y(muon+   ),hh0ub n y(proton  ),hh0mg n 
#  e-lower      e-upper        neutron   r.err      muon-     r.err      muon+     r.err      proton    r.err 
   1.0000E-10   1.7783E-10   0.0000E+00  0.0000   0.0000E+00  0.0000   0.0000E+00  0.0000   0.0000E+00  0.0000
   1.7783E-10   3.1623E-10   0.0000E+00  0.0000   0.0000E+00  0.0000   0.0000E+00  0.0000   0.0000E+00  0.0000
   3.1623E-10   5.6234E-10   0.0000E+00  0.0000   0.0000E+00  0.0000   0.0000E+00  0.0000   0.0000E+00  0.0000
   5.6234E-10   1.0000E-09   0.0000E+00  0.0000   0.0000E+00  0.0000   0.0000E+00  0.0000   0.0000E+00  0.0000
   1.0000E-09   1.7783E-09   4.6826E-07  0.8936   0.0000E+00  0.0000   0.0000E+00  0.0000   0.0000E+00  0.0000
   1.7783E-09   3.1623E-09   2.3710E-06  0.8188   0.0000E+00  0.0000   0.0000E+00  0.0000   0.0000E+00  0.0000
   3.1623E-09   5.6234E-09   1.3814E-06  0.7067   0.0000E+00  0.0000   0.0000E+00  0.0000   0.0000E+00  0.0000
   5.6234E-09   1.0000E-08   2.3424E-05  0.9808   0.0000E+00  0.0000   0.0000E+00  0.0000   0.0000E+00  0.0000
   1.0000E-08   1.7783E-08   2.8508E-05  0.8685   0.0000E+00  0.0000   0.0000E+00  0.0000   0.0000E+00  0.0000
   1.7783E-08   3.1623E-08   2.6713E-05  0.8147   0.0000E+00  0.0000   0.0000E+00  0.0000   0.0000E+00  0.0000
   3.1623E-08   5.6234E-08   7.0784E-05  0.7067   0.0000E+00  0.0000   0.0000E+00  0.0000   0.0000E+00  0.0000
   5.6234E-08   1.0000E-07   9.2343E-05  0.7152   0.0000E+00  0.0000   0.0000E+00  0.0000   0.0000E+00  0.0000
   1.0000E-07   1.7783E-07   2.2207E-05  0.7003   0.0000E+00  0.0000   0.0000E+00  0.0000   0.0000E+00  0.0000
   1.7783E-07   3.1623E-07   2.9113E-06  1.0000   0.0000E+00  0.0000   0.0000E+00  0.0000   0.0000E+00  0.0000
   3.1623E-07   5.6234E-07   0.0000E+00  0.0000   0.0000E+00  0.0000   0.0000E+00  0.0000   0.0000E+00  0.0000
   5.6234E-07   1.0000E-06   1.8234E-06  1.0000   0.0000E+00  0.0000   0.0000E+00  0.0000   0.0000E+00  0.0000
   1.0000E-06   1.7783E-06   1.6254E-05  0.7361   0.0000E+00  0.0000   0.0000E+00  0.0000   0.0000E+00  0.0000
   1.7783E-06   3.1623E-06   1.2533E-06  1.0000   0.0000E+00  0.0000   0.0000E+00  0.0000   0.0000E+00  0.0000
   3.1623E-06   5.6234E-06   6.4109E-06  1.0000   0.0000E+00  0.0000   0.0000E+00  0.0000   0.0000E+00  0.0000
   5.6234E-06   1.0000E-05   1.4970E-05  0.8076   0.0000E+00  0.0000   0.0000E+00  0.0000   0.0000E+00  0.0000
   1.0000E-05   1.7783E-05   1.8801E-05  1.0000   0.0000E+00  0.0000   0.0000E+00  0.0000   0.0000E+00  0.0000
   1.7783E-05   3.1623E-05   1.0017E-05  0.8304   0.0000E+00  0.0000   0.0000E+00  0.0000   0.0000E+00  0.0000
   3.1623E-05   5.6234E-05   6.5248E-07  1.0000   0.0000E+00  0.0000   0.0000E+00  0.0000   0.0000E+00  0.0000
   5.6234E-05   1.0000E-04   0.0000E+00  0.0000   0.0000E+00  0.0000   0.0000E+00  0.0000   0.0000E+00  0.0000
   1.0000E-04   1.7783E-04   2.6051E-05  1.0000   0.0000E+00  0.0000   0.0000E+00  0.0000   0.0000E+00  0.0000
   1.7783E-04   3.1623E-04   0.0000E+00  0.0000   0.0000E+00  0.0000   0.0000E+00  0.0000   0.0000E+00  0.0000
   3.1623E-04   5.6234E-04   9.4698E-06  1.0000   0.0000E+00  0.0000   0.0000E+00  0.0000   0.0000E+00  0.0000
   5.6234E-04   1.0000E-03   4.3706E-06  1.0000   0.0000E+00  0.0000   0.0000E+00  0.0000   0.0000E+00  0.0000
   1.0000E-03   1.7783E-03   0.0000E+00  0.0000   8.3040E-12  1.0000   0.0000E+00  0.0000   0.0000E+00  0.0000
   1.7783E-03   3.1623E-03   3.2830E-05  0.7884   4.0570E-12  1.0000   0.0000E+00  0.0000   0.0000E+00  0.0000
   3.1623E-03   5.6234E-03   0.0000E+00  0.0000   5.9939E-12  1.0000   0.0000E+00  0.0000   0.0000E+00  0.0000
   5.6234E-03   1.0000E-02   0.0000E+00  0.0000   9.6133E-12  1.0000   0.0000E+00  0.0000   0.0000E+00  0.0000
   1.0000E-02   1.7783E-02   3.1560E-06  1.0000   1.7238E-11  1.0000   0.0000E+00  0.0000   0.0000E+00  0.0000
   1.7783E-02   3.1623E-02   0.0000E+00  0.0000   3.5587E-11  1.0000   0.0000E+00  0.0000   0.0000E+00  0.0000
   3.1623E-02   5.6234E-02   3.3430E-06  0.8098   8.3139E-11  1.0000   0.0000E+00  0.0000   0.0000E+00  0.0000
   5.6234E-02   1.0000E-01   7.2952E-06  0.7148   2.0831E-10  1.0000   0.0000E+00  0.0000   0.0000E+00  0.0000
   1.0000E-01   1.7783E-01   8.4097E-06  0.8570   5.3471E-10  1.0000   0.0000E+00  0.0000   0.0000E+00  0.0000
   1.7783E-01   3.1623E-01   2.1771E-06  1.0000   1.3987E-09  1.0000   0.0000E+00  0.0000   0.0000E+00  0.0000
   3.1623E-01   5.6234E-01   0.0000E+00  0.0000   3.7491E-09  1.0000   0.0000E+00  0.0000   0.0000E+00  0.0000
   5.6234E-01   1.0000E+00   1.5557E-05  1.0000   1.0283E-08  1.0000   0.0000E+00  0.0000   0.0000E+00  0.0000
   1.0000E+00   1.7783E+00   4.1862E-05  0.7189   2.8794E-08  1.0000   0.0000E+00  0.0000   0.0000E+00  0.0000
   1.7783E+00   3.1623E+00   1.5157E-05  1.0000   8.1902E-08  1.0000   0.0000E+00  0.0000   0.0000E+00  0.0000
   3.1623E+00   5.6234E+00   2.3742E-05  1.0000   2.3146E-07  1.0000   0.0000E+00  0.0000   0.0000E+00  0.0000
   5.6234E+00   1.0000E+01   0.0000E+00  0.0000   6.4479E-07  1.0000   0.0000E+00  0.0000   0.0000E+00  0.0000
   1.0000E+01   1.7783E+01   4.8443E-05  1.0000   1.7556E-06  1.0000   0.0000E+00  0.0000   0.0000E+00  0.0000
   1.7783E+01   3.1623E+01   0.0000E+00  0.0000   9.0447E-06  0.7067   0.0000E+00  0.0000   0.0000E+00  0.0000
   3.1623E+01   5.6234E+01   0.0000E+00  0.0000   3.1179E-05  0.5801   0.0000E+00  0.0000   0.0000E+00  0.0000
   5.6234E+01   1.0000E+02   0.0000E+00  0.0000   6.2963E-05  0.5983   0.0000E+00  0.0000   0.0000E+00  0.0000
   1.0000E+02   1.7783E+02   0.0000E+00  0.0000   4.3600E-05  0.7067   0.0000E+00  0.0000   0.0000E+00  0.0000
   1.7783E+02   3.1623E+02   0.0000E+00  0.0000   5.5654E-05  1.0000   0.0000E+00  0.0000   0.0000E+00  0.0000
   3.1623E+02   5.6234E+02   0.0000E+00  0.0000   2.3921E-04  0.5017   0.0000E+00  0.0000   0.0000E+00  0.0000
   5.6234E+02   1.0000E+03   0.0000E+00  0.0000   3.9929E-04  0.3655   0.0000E+00  0.0000   0.0000E+00  0.0000
   1.0000E+03   1.7783E+03   0.0000E+00  0.0000   6.1244E-04  0.3155   0.0000E+00  0.0000   0.0000E+00  0.0000
   1.7783E+03   3.1623E+03   0.0000E+00  0.0000   5.8433E-04  0.3243   0.0000E+00  0.0000   0.0000E+00  0.0000
   3.1623E+03   5.6234E+03   0.0000E+00  0.0000   3.7363E-04  0.4090   0.0000E+00  0.0000   0.0000E+00  0.0000
   5.6234E+03   1.0000E+04   0.0000E+00  0.0000   6.8746E-04  0.3432   0.0000E+00  0.0000   0.0000E+00  0.0000
   1.0000E+04   1.7783E+04   0.0000E+00  0.0000   3.6421E-04  0.4563   0.0000E+00  0.0000   0.0000E+00  0.0000
   1.7783E+04   3.1623E+04   0.0000E+00  0.0000   6.4932E-05  1.0000   0.0000E+00  0.0000   0.0000E+00  0.0000
   3.1623E+04   5.6234E+04   0.0000E+00  0.0000   6.2627E-05  1.0000   0.0000E+00  0.0000   0.0000E+00  0.0000
   5.6234E+04   1.0000E+05   0.0000E+00  0.0000   0.0000E+00  0.0000   0.0000E+00  0.0000   0.0000E+00  0.0000

#   sum over                 5.8316E-04  0.7059   3.5933E-03  0.1352   0.0000E+00  0.0000   0.0000E+00  0.0000

'no. =  8, (ix,iy,iz) = (  1,  1,  8)'
msuc: {\huge Flux spectra vs depth in concrete}
msdr: {\it plotted by \ANGEL \version}
msdl: {\it calculated by \PHITS  3.36}
wt: s(0.7)
\vspace{-3}
   vol  &=&   2.8800E+07 [cm^3]
  xmin  &=&  -6.0000E+02 [cm]
  xmax  &=&   6.0000E+02 [cm]
  ymin  &=&  -6.0000E+02 [cm]
  ymax  &=&   6.0000E+02 [cm]
  zmin  &=&  -5.6000E+02 [cm]
  zmax  &=&  -5.4000E+02 [cm]
e:

#------------------------------------------------------------------------------
 newpage:
#   no. =  9   ix  =  1   iy  =  1   iz  =  9
#   x = (  -6.0000E+02  -   6.0000E+02  )
#   y = (  -6.0000E+02  -   6.0000E+02  )
#   z = (  -5.4000E+02  -  -5.2000E+02  )

x: Energy [MeV/n]
y: Flux [1/cm^2/source]              
p: xlog ylog afac(0.8) form(0.9)
h: n            x            y(neutron ),hh0l n y(muon-   ),hh0dr n y(muon+   ),hh0ub n y(proton  ),hh0mg n 
#  e-lower      e-upper        neutron   r.err      muon-     r.err      muon+     r.err      proton    r.err 
   1.0000E-10   1.7783E-10   0.0000E+00  0.0000   0.0000E+00  0.0000   0.0000E+00  0.0000   0.0000E+00  0.0000
   1.7783E-10   3.1623E-10   0.0000E+00  0.0000   0.0000E+00  0.0000   0.0000E+00  0.0000   0.0000E+00  0.0000
   3.1623E-10   5.6234E-10   0.0000E+00  0.0000   0.0000E+00  0.0000   0.0000E+00  0.0000   0.0000E+00  0.0000
   5.6234E-10   1.0000E-09   0.0000E+00  0.0000   0.0000E+00  0.0000   0.0000E+00  0.0000   0.0000E+00  0.0000
   1.0000E-09   1.7783E-09   0.0000E+00  0.0000   0.0000E+00  0.0000   0.0000E+00  0.0000   0.0000E+00  0.0000
   1.7783E-09   3.1623E-09   5.6033E-07  1.0000   0.0000E+00  0.0000   0.0000E+00  0.0000   0.0000E+00  0.0000
   3.1623E-09   5.6234E-09   7.4216E-07  1.0000   0.0000E+00  0.0000   0.0000E+00  0.0000   0.0000E+00  0.0000
   5.6234E-09   1.0000E-08   3.5061E-06  1.0000   0.0000E+00  0.0000   0.0000E+00  0.0000   0.0000E+00  0.0000
   1.0000E-08   1.7783E-08   2.5362E-06  0.8344   0.0000E+00  0.0000   0.0000E+00  0.0000   0.0000E+00  0.0000
   1.7783E-08   3.1623E-08   9.5881E-06  0.8252   0.0000E+00  0.0000   0.0000E+00  0.0000   0.0000E+00  0.0000
   3.1623E-08   5.6234E-08   3.8401E-05  0.8990   0.0000E+00  0.0000   0.0000E+00  0.0000   0.0000E+00  0.0000
   5.6234E-08   1.0000E-07   1.5464E-05  0.9355   0.0000E+00  0.0000   0.0000E+00  0.0000   0.0000E+00  0.0000
   1.0000E-07   1.7783E-07   1.4511E-05  1.0000   0.0000E+00  0.0000   0.0000E+00  0.0000   0.0000E+00  0.0000
   1.7783E-07   3.1623E-07   0.0000E+00  0.0000   0.0000E+00  0.0000   0.0000E+00  0.0000   0.0000E+00  0.0000
   3.1623E-07   5.6234E-07   1.0181E-05  1.0000   0.0000E+00  0.0000   0.0000E+00  0.0000   0.0000E+00  0.0000
   5.6234E-07   1.0000E-06   1.3906E-06  1.0000   0.0000E+00  0.0000   0.0000E+00  0.0000   0.0000E+00  0.0000
   1.0000E-06   1.7783E-06   4.5090E-06  1.0000   0.0000E+00  0.0000   0.0000E+00  0.0000   0.0000E+00  0.0000
   1.7783E-06   3.1623E-06   0.0000E+00  0.0000   0.0000E+00  0.0000   0.0000E+00  0.0000   0.0000E+00  0.0000
   3.1623E-06   5.6234E-06   0.0000E+00  0.0000   0.0000E+00  0.0000   0.0000E+00  0.0000   0.0000E+00  0.0000
   5.6234E-06   1.0000E-05   1.1888E-06  1.0000   0.0000E+00  0.0000   0.0000E+00  0.0000   0.0000E+00  0.0000
   1.0000E-05   1.7783E-05   0.0000E+00  0.0000   0.0000E+00  0.0000   0.0000E+00  0.0000   0.0000E+00  0.0000
   1.7783E-05   3.1623E-05   1.2134E-05  0.7764   0.0000E+00  0.0000   0.0000E+00  0.0000   0.0000E+00  0.0000
   3.1623E-05   5.6234E-05   2.5241E-05  0.7218   0.0000E+00  0.0000   0.0000E+00  0.0000   0.0000E+00  0.0000
   5.6234E-05   1.0000E-04   2.0061E-05  0.9958   0.0000E+00  0.0000   0.0000E+00  0.0000   0.0000E+00  0.0000
   1.0000E-04   1.7783E-04   3.0239E-06  1.0000   0.0000E+00  0.0000   0.0000E+00  0.0000   0.0000E+00  0.0000
   1.7783E-04   3.1623E-04   9.2055E-06  0.7189   0.0000E+00  0.0000   0.0000E+00  0.0000   0.0000E+00  0.0000
   3.1623E-04   5.6234E-04   2.9141E-05  1.0000   0.0000E+00  0.0000   0.0000E+00  0.0000   0.0000E+00  0.0000
   5.6234E-04   1.0000E-03   0.0000E+00  0.0000   0.0000E+00  0.0000   0.0000E+00  0.0000   0.0000E+00  0.0000
   1.0000E-03   1.7783E-03   0.0000E+00  0.0000   0.0000E+00  0.0000   0.0000E+00  0.0000   0.0000E+00  0.0000
   1.7783E-03   3.1623E-03   0.0000E+00  0.0000   0.0000E+00  0.0000   0.0000E+00  0.0000   0.0000E+00  0.0000
   3.1623E-03   5.6234E-03   5.7197E-06  1.0000   0.0000E+00  0.0000   0.0000E+00  0.0000   0.0000E+00  0.0000
   5.6234E-03   1.0000E-02   0.0000E+00  0.0000   0.0000E+00  0.0000   0.0000E+00  0.0000   0.0000E+00  0.0000
   1.0000E-02   1.7783E-02   3.0951E-06  1.0000   0.0000E+00  0.0000   0.0000E+00  0.0000   0.0000E+00  0.0000
   1.7783E-02   3.1623E-02   4.4607E-07  1.0000   0.0000E+00  0.0000   0.0000E+00  0.0000   0.0000E+00  0.0000
   3.1623E-02   5.6234E-02   0.0000E+00  0.0000   0.0000E+00  0.0000   0.0000E+00  0.0000   0.0000E+00  0.0000
   5.6234E-02   1.0000E-01   6.1382E-08  1.0000   0.0000E+00  0.0000   0.0000E+00  0.0000   0.0000E+00  0.0000
   1.0000E-01   1.7783E-01   5.1828E-06  1.0000   0.0000E+00  0.0000   0.0000E+00  0.0000   0.0000E+00  0.0000
   1.7783E-01   3.1623E-01   0.0000E+00  0.0000   0.0000E+00  0.0000   0.0000E+00  0.0000   0.0000E+00  0.0000
   3.1623E-01   5.6234E-01   2.1952E-05  1.0000   0.0000E+00  0.0000   0.0000E+00  0.0000   0.0000E+00  0.0000
   5.6234E-01   1.0000E+00   0.0000E+00  0.0000   0.0000E+00  0.0000   0.0000E+00  0.0000   0.0000E+00  0.0000
   1.0000E+00   1.7783E+00   0.0000E+00  0.0000   0.0000E+00  0.0000   0.0000E+00  0.0000   0.0000E+00  0.0000
   1.7783E+00   3.1623E+00   2.3153E-06  1.0000   0.0000E+00  0.0000   0.0000E+00  0.0000   0.0000E+00  0.0000
   3.1623E+00   5.6234E+00   4.9707E-06  1.0000   0.0000E+00  0.0000   0.0000E+00  0.0000   0.0000E+00  0.0000
   5.6234E+00   1.0000E+01   0.0000E+00  0.0000   0.0000E+00  0.0000   0.0000E+00  0.0000   0.0000E+00  0.0000
   1.0000E+01   1.7783E+01   0.0000E+00  0.0000   0.0000E+00  0.0000   0.0000E+00  0.0000   0.0000E+00  0.0000
   1.7783E+01   3.1623E+01   0.0000E+00  0.0000   0.0000E+00  0.0000   0.0000E+00  0.0000   0.0000E+00  0.0000
   3.1623E+01   5.6234E+01   0.0000E+00  0.0000   0.0000E+00  0.0000   0.0000E+00  0.0000   0.0000E+00  0.0000
   5.6234E+01   1.0000E+02   0.0000E+00  0.0000   1.2288E-05  1.0000   0.0000E+00  0.0000   0.0000E+00  0.0000
   1.0000E+02   1.7783E+02   0.0000E+00  0.0000   1.0583E-04  0.5942   0.0000E+00  0.0000   0.0000E+00  0.0000
   1.7783E+02   3.1623E+02   0.0000E+00  0.0000   8.9896E-05  0.5785   0.0000E+00  0.0000   0.0000E+00  0.0000
   3.1623E+02   5.6234E+02   0.0000E+00  0.0000   1.4909E-04  0.5656   0.0000E+00  0.0000   0.0000E+00  0.0000
   5.6234E+02   1.0000E+03   0.0000E+00  0.0000   3.8885E-04  0.4100   0.0000E+00  0.0000   0.0000E+00  0.0000
   1.0000E+03   1.7783E+03   0.0000E+00  0.0000   6.0995E-04  0.3343   0.0000E+00  0.0000   0.0000E+00  0.0000
   1.7783E+03   3.1623E+03   0.0000E+00  0.0000   7.1616E-04  0.3278   0.0000E+00  0.0000   0.0000E+00  0.0000
   3.1623E+03   5.6234E+03   0.0000E+00  0.0000   3.7363E-04  0.4090   0.0000E+00  0.0000   0.0000E+00  0.0000
   5.6234E+03   1.0000E+04   0.0000E+00  0.0000   6.8746E-04  0.3432   0.0000E+00  0.0000   0.0000E+00  0.0000
   1.0000E+04   1.7783E+04   0.0000E+00  0.0000   3.3168E-04  0.4458   0.0000E+00  0.0000   0.0000E+00  0.0000
   1.7783E+04   3.1623E+04   0.0000E+00  0.0000   6.4932E-05  1.0000   0.0000E+00  0.0000   0.0000E+00  0.0000
   3.1623E+04   5.6234E+04   0.0000E+00  0.0000   6.2627E-05  1.0000   0.0000E+00  0.0000   0.0000E+00  0.0000
   5.6234E+04   1.0000E+05   0.0000E+00  0.0000   0.0000E+00  0.0000   0.0000E+00  0.0000   0.0000E+00  0.0000

#   sum over                 2.4513E-04  0.7637   3.5924E-03  0.1361   0.0000E+00  0.0000   0.0000E+00  0.0000

'no. =  9, (ix,iy,iz) = (  1,  1,  9)'
msuc: {\huge Flux spectra vs depth in concrete}
msdr: {\it plotted by \ANGEL \version}
msdl: {\it calculated by \PHITS  3.36}
wt: s(0.7)
\vspace{-3}
   vol  &=&   2.8800E+07 [cm^3]
  xmin  &=&  -6.0000E+02 [cm]
  xmax  &=&   6.0000E+02 [cm]
  ymin  &=&  -6.0000E+02 [cm]
  ymax  &=&   6.0000E+02 [cm]
  zmin  &=&  -5.4000E+02 [cm]
  zmax  &=&  -5.2000E+02 [cm]
e:

#------------------------------------------------------------------------------
 newpage:
#   no. = 10   ix  =  1   iy  =  1   iz  = 10
#   x = (  -6.0000E+02  -   6.0000E+02  )
#   y = (  -6.0000E+02  -   6.0000E+02  )
#   z = (  -5.2000E+02  -  -5.0000E+02  )

x: Energy [MeV/n]
y: Flux [1/cm^2/source]              
p: xlog ylog afac(0.8) form(0.9)
h: n            x            y(neutron ),hh0l n y(muon-   ),hh0dr n y(muon+   ),hh0ub n y(proton  ),hh0mg n 
#  e-lower      e-upper        neutron   r.err      muon-     r.err      muon+     r.err      proton    r.err 
   1.0000E-10   1.7783E-10   0.0000E+00  0.0000   0.0000E+00  0.0000   0.0000E+00  0.0000   0.0000E+00  0.0000
   1.7783E-10   3.1623E-10   0.0000E+00  0.0000   0.0000E+00  0.0000   0.0000E+00  0.0000   0.0000E+00  0.0000
   3.1623E-10   5.6234E-10   0.0000E+00  0.0000   0.0000E+00  0.0000   0.0000E+00  0.0000   0.0000E+00  0.0000
   5.6234E-10   1.0000E-09   2.2353E-07  1.0000   0.0000E+00  0.0000   0.0000E+00  0.0000   0.0000E+00  0.0000
   1.0000E-09   1.7783E-09   0.0000E+00  0.0000   0.0000E+00  0.0000   0.0000E+00  0.0000   0.0000E+00  0.0000
   1.7783E-09   3.1623E-09   0.0000E+00  0.0000   0.0000E+00  0.0000   0.0000E+00  0.0000   0.0000E+00  0.0000
   3.1623E-09   5.6234E-09   9.9756E-06  1.0000   0.0000E+00  0.0000   0.0000E+00  0.0000   0.0000E+00  0.0000
   5.6234E-09   1.0000E-08   3.4999E-05  1.0000   0.0000E+00  0.0000   0.0000E+00  0.0000   0.0000E+00  0.0000
   1.0000E-08   1.7783E-08   4.1075E-05  1.0000   0.0000E+00  0.0000   0.0000E+00  0.0000   0.0000E+00  0.0000
   1.7783E-08   3.1623E-08   3.4063E-05  1.0000   0.0000E+00  0.0000   0.0000E+00  0.0000   0.0000E+00  0.0000
   3.1623E-08   5.6234E-08   8.3490E-05  1.0000   0.0000E+00  0.0000   0.0000E+00  0.0000   0.0000E+00  0.0000
   5.6234E-08   1.0000E-07   3.5367E-05  1.0000   0.0000E+00  0.0000   0.0000E+00  0.0000   0.0000E+00  0.0000
   1.0000E-07   1.7783E-07   1.7945E-05  1.0000   0.0000E+00  0.0000   0.0000E+00  0.0000   0.0000E+00  0.0000
   1.7783E-07   3.1623E-07   2.8575E-06  1.0000   0.0000E+00  0.0000   0.0000E+00  0.0000   0.0000E+00  0.0000
   3.1623E-07   5.6234E-07   0.0000E+00  0.0000   0.0000E+00  0.0000   0.0000E+00  0.0000   0.0000E+00  0.0000
   5.6234E-07   1.0000E-06   1.8694E-06  1.0000   0.0000E+00  0.0000   0.0000E+00  0.0000   0.0000E+00  0.0000
   1.0000E-06   1.7783E-06   0.0000E+00  0.0000   0.0000E+00  0.0000   0.0000E+00  0.0000   0.0000E+00  0.0000
   1.7783E-06   3.1623E-06   0.0000E+00  0.0000   0.0000E+00  0.0000   0.0000E+00  0.0000   0.0000E+00  0.0000
   3.1623E-06   5.6234E-06   0.0000E+00  0.0000   0.0000E+00  0.0000   0.0000E+00  0.0000   0.0000E+00  0.0000
   5.6234E-06   1.0000E-05   0.0000E+00  0.0000   0.0000E+00  0.0000   0.0000E+00  0.0000   0.0000E+00  0.0000
   1.0000E-05   1.7783E-05   0.0000E+00  0.0000   0.0000E+00  0.0000   0.0000E+00  0.0000   0.0000E+00  0.0000
   1.7783E-05   3.1623E-05   0.0000E+00  0.0000   0.0000E+00  0.0000   0.0000E+00  0.0000   0.0000E+00  0.0000
   3.1623E-05   5.6234E-05   0.0000E+00  0.0000   0.0000E+00  0.0000   0.0000E+00  0.0000   0.0000E+00  0.0000
   5.6234E-05   1.0000E-04   1.3551E-05  1.0000   0.0000E+00  0.0000   0.0000E+00  0.0000   0.0000E+00  0.0000
   1.0000E-04   1.7783E-04   1.2560E-05  1.0000   0.0000E+00  0.0000   0.0000E+00  0.0000   0.0000E+00  0.0000
   1.7783E-04   3.1623E-04   0.0000E+00  0.0000   0.0000E+00  0.0000   0.0000E+00  0.0000   0.0000E+00  0.0000
   3.1623E-04   5.6234E-04   3.5191E-05  1.0000   0.0000E+00  0.0000   0.0000E+00  0.0000   0.0000E+00  0.0000
   5.6234E-04   1.0000E-03   8.0677E-06  1.0000   0.0000E+00  0.0000   0.0000E+00  0.0000   0.0000E+00  0.0000
   1.0000E-03   1.7783E-03   6.8346E-06  1.0000   1.4702E-11  0.7106   0.0000E+00  0.0000   0.0000E+00  0.0000
   1.7783E-03   3.1623E-03   2.7143E-06  1.0000   8.1140E-12  0.7067   0.0000E+00  0.0000   0.0000E+00  0.0000
   3.1623E-03   5.6234E-03   7.7844E-06  1.0000   1.1988E-11  0.7067   0.0000E+00  0.0000   0.0000E+00  0.0000
   5.6234E-03   1.0000E-02   2.4171E-05  1.0000   1.9227E-11  0.7067   0.0000E+00  0.0000   0.0000E+00  0.0000
   1.0000E-02   1.7783E-02   0.0000E+00  0.0000   3.4475E-11  0.7067   0.0000E+00  0.0000   0.0000E+00  0.0000
   1.7783E-02   3.1623E-02   0.0000E+00  0.0000   7.1175E-11  0.7067   0.0000E+00  0.0000   0.0000E+00  0.0000
   3.1623E-02   5.6234E-02   0.0000E+00  0.0000   1.6628E-10  0.7067   0.0000E+00  0.0000   0.0000E+00  0.0000
   5.6234E-02   1.0000E-01   0.0000E+00  0.0000   4.1663E-10  0.7067   0.0000E+00  0.0000   0.0000E+00  0.0000
   1.0000E-01   1.7783E-01   3.0170E-05  1.0000   1.0694E-09  0.7067   0.0000E+00  0.0000   0.0000E+00  0.0000
   1.7783E-01   3.1623E-01   1.3339E-05  1.0000   2.7974E-09  0.7067   0.0000E+00  0.0000   0.0000E+00  0.0000
   3.1623E-01   5.6234E-01   3.8449E-05  1.0000   7.4983E-09  0.7067   0.0000E+00  0.0000   0.0000E+00  0.0000
   5.6234E-01   1.0000E+00   1.8520E-05  1.0000   2.0566E-08  0.7067   0.0000E+00  0.0000   0.0000E+00  0.0000
   1.0000E+00   1.7783E+00   0.0000E+00  0.0000   5.7587E-08  0.7067   0.0000E+00  0.0000   0.0000E+00  0.0000
   1.7783E+00   3.1623E+00   2.9933E-05  1.0000   1.6380E-07  0.7067   0.0000E+00  0.0000   0.0000E+00  0.0000
   3.1623E+00   5.6234E+00   4.4415E-05  1.0000   4.6293E-07  0.7067   0.0000E+00  0.0000   0.0000E+00  0.0000
   5.6234E+00   1.0000E+01   2.2989E-05  1.0000   1.2896E-06  0.7067   0.0000E+00  0.0000   0.0000E+00  0.0000
   1.0000E+01   1.7783E+01   2.5530E-05  1.0000   3.5112E-06  0.7067   0.0000E+00  0.0000   0.0000E+00  0.0000
   1.7783E+01   3.1623E+01   0.0000E+00  0.0000   9.1667E-06  0.7067   0.0000E+00  0.0000   0.0000E+00  0.0000
   3.1623E+01   5.6234E+01   0.0000E+00  0.0000   2.2409E-05  0.7067   0.0000E+00  0.0000   0.0000E+00  0.0000
   5.6234E+01   1.0000E+02   0.0000E+00  0.0000   5.0168E-05  0.7067   0.0000E+00  0.0000   0.0000E+00  0.0000
   1.0000E+02   1.7783E+02   0.0000E+00  0.0000   5.3605E-05  0.6815   0.0000E+00  0.0000   0.0000E+00  0.0000
   1.7783E+02   3.1623E+02   0.0000E+00  0.0000   1.7418E-04  0.5772   0.0000E+00  0.0000   0.0000E+00  0.0000
   3.1623E+02   5.6234E+02   0.0000E+00  0.0000   1.2304E-04  0.6220   0.0000E+00  0.0000   0.0000E+00  0.0000
   5.6234E+02   1.0000E+03   0.0000E+00  0.0000   3.2370E-04  0.4253   0.0000E+00  0.0000   0.0000E+00  0.0000
   1.0000E+03   1.7783E+03   0.0000E+00  0.0000   7.1402E-04  0.2966   0.0000E+00  0.0000   0.0000E+00  0.0000
   1.7783E+03   3.1623E+03   0.0000E+00  0.0000   7.0147E-04  0.3228   0.0000E+00  0.0000   0.0000E+00  0.0000
   3.1623E+03   5.6234E+03   0.0000E+00  0.0000   4.0606E-04  0.3845   0.0000E+00  0.0000   0.0000E+00  0.0000
   5.6234E+03   1.0000E+04   0.0000E+00  0.0000   6.8746E-04  0.3432   0.0000E+00  0.0000   0.0000E+00  0.0000
   1.0000E+04   1.7783E+04   0.0000E+00  0.0000   3.4124E-04  0.4563   0.0000E+00  0.0000   0.0000E+00  0.0000
   1.7783E+04   3.1623E+04   0.0000E+00  0.0000   6.4932E-05  1.0000   0.0000E+00  0.0000   0.0000E+00  0.0000
   3.1623E+04   5.6234E+04   0.0000E+00  0.0000   6.2627E-05  1.0000   0.0000E+00  0.0000   0.0000E+00  0.0000
   5.6234E+04   1.0000E+05   0.0000E+00  0.0000   0.0000E+00  0.0000   0.0000E+00  0.0000   0.0000E+00  0.0000

#   sum over                 5.9608E-04  1.0000   3.7396E-03  0.1336   0.0000E+00  0.0000   0.0000E+00  0.0000

'no. = 10, (ix,iy,iz) = (  1,  1, 10)'
msuc: {\huge Flux spectra vs depth in concrete}
msdr: {\it plotted by \ANGEL \version}
msdl: {\it calculated by \PHITS  3.36}
wt: s(0.7)
\vspace{-3}
   vol  &=&   2.8800E+07 [cm^3]
  xmin  &=&  -6.0000E+02 [cm]
  xmax  &=&   6.0000E+02 [cm]
  ymin  &=&  -6.0000E+02 [cm]
  ymax  &=&   6.0000E+02 [cm]
  zmin  &=&  -5.2000E+02 [cm]
  zmax  &=&  -5.0000E+02 [cm]
e:

#------------------------------------------------------------------------------
 newpage:
#   no. = 11   ix  =  1   iy  =  1   iz  = 11
#   x = (  -6.0000E+02  -   6.0000E+02  )
#   y = (  -6.0000E+02  -   6.0000E+02  )
#   z = (  -5.0000E+02  -  -4.8000E+02  )

x: Energy [MeV/n]
y: Flux [1/cm^2/source]              
p: xlog ylog afac(0.8) form(0.9)
h: n            x            y(neutron ),hh0l n y(muon-   ),hh0dr n y(muon+   ),hh0ub n y(proton  ),hh0mg n 
#  e-lower      e-upper        neutron   r.err      muon-     r.err      muon+     r.err      proton    r.err 
   1.0000E-10   1.7783E-10   0.0000E+00  0.0000   0.0000E+00  0.0000   0.0000E+00  0.0000   0.0000E+00  0.0000
   1.7783E-10   3.1623E-10   0.0000E+00  0.0000   0.0000E+00  0.0000   0.0000E+00  0.0000   0.0000E+00  0.0000
   3.1623E-10   5.6234E-10   0.0000E+00  0.0000   0.0000E+00  0.0000   0.0000E+00  0.0000   0.0000E+00  0.0000
   5.6234E-10   1.0000E-09   0.0000E+00  0.0000   0.0000E+00  0.0000   0.0000E+00  0.0000   0.0000E+00  0.0000
   1.0000E-09   1.7783E-09   0.0000E+00  0.0000   0.0000E+00  0.0000   0.0000E+00  0.0000   0.0000E+00  0.0000
   1.7783E-09   3.1623E-09   0.0000E+00  0.0000   0.0000E+00  0.0000   0.0000E+00  0.0000   0.0000E+00  0.0000
   3.1623E-09   5.6234E-09   4.2170E-08  1.0000   0.0000E+00  0.0000   0.0000E+00  0.0000   0.0000E+00  0.0000
   5.6234E-09   1.0000E-08   3.4403E-06  1.0000   0.0000E+00  0.0000   0.0000E+00  0.0000   0.0000E+00  0.0000
   1.0000E-08   1.7783E-08   4.0782E-06  1.0000   0.0000E+00  0.0000   0.0000E+00  0.0000   0.0000E+00  0.0000
   1.7783E-08   3.1623E-08   2.5433E-05  1.0000   0.0000E+00  0.0000   0.0000E+00  0.0000   0.0000E+00  0.0000
   3.1623E-08   5.6234E-08   2.5894E-05  1.0000   0.0000E+00  0.0000   0.0000E+00  0.0000   0.0000E+00  0.0000
   5.6234E-08   1.0000E-07   1.4540E-05  1.0000   0.0000E+00  0.0000   0.0000E+00  0.0000   0.0000E+00  0.0000
   1.0000E-07   1.7783E-07   6.3845E-07  1.0000   0.0000E+00  0.0000   0.0000E+00  0.0000   0.0000E+00  0.0000
   1.7783E-07   3.1623E-07   0.0000E+00  0.0000   0.0000E+00  0.0000   0.0000E+00  0.0000   0.0000E+00  0.0000
   3.1623E-07   5.6234E-07   0.0000E+00  0.0000   0.0000E+00  0.0000   0.0000E+00  0.0000   0.0000E+00  0.0000
   5.6234E-07   1.0000E-06   0.0000E+00  0.0000   0.0000E+00  0.0000   0.0000E+00  0.0000   0.0000E+00  0.0000
   1.0000E-06   1.7783E-06   0.0000E+00  0.0000   0.0000E+00  0.0000   0.0000E+00  0.0000   0.0000E+00  0.0000
   1.7783E-06   3.1623E-06   0.0000E+00  0.0000   0.0000E+00  0.0000   0.0000E+00  0.0000   0.0000E+00  0.0000
   3.1623E-06   5.6234E-06   0.0000E+00  0.0000   0.0000E+00  0.0000   0.0000E+00  0.0000   0.0000E+00  0.0000
   5.6234E-06   1.0000E-05   0.0000E+00  0.0000   0.0000E+00  0.0000   0.0000E+00  0.0000   0.0000E+00  0.0000
   1.0000E-05   1.7783E-05   0.0000E+00  0.0000   0.0000E+00  0.0000   0.0000E+00  0.0000   0.0000E+00  0.0000
   1.7783E-05   3.1623E-05   0.0000E+00  0.0000   0.0000E+00  0.0000   0.0000E+00  0.0000   0.0000E+00  0.0000
   3.1623E-05   5.6234E-05   0.0000E+00  0.0000   0.0000E+00  0.0000   0.0000E+00  0.0000   0.0000E+00  0.0000
   5.6234E-05   1.0000E-04   0.0000E+00  0.0000   0.0000E+00  0.0000   0.0000E+00  0.0000   0.0000E+00  0.0000
   1.0000E-04   1.7783E-04   0.0000E+00  0.0000   0.0000E+00  0.0000   0.0000E+00  0.0000   0.0000E+00  0.0000
   1.7783E-04   3.1623E-04   0.0000E+00  0.0000   0.0000E+00  0.0000   0.0000E+00  0.0000   0.0000E+00  0.0000
   3.1623E-04   5.6234E-04   0.0000E+00  0.0000   0.0000E+00  0.0000   0.0000E+00  0.0000   0.0000E+00  0.0000
   5.6234E-04   1.0000E-03   0.0000E+00  0.0000   0.0000E+00  0.0000   0.0000E+00  0.0000   0.0000E+00  0.0000
   1.0000E-03   1.7783E-03   0.0000E+00  0.0000   0.0000E+00  0.0000   0.0000E+00  0.0000   0.0000E+00  0.0000
   1.7783E-03   3.1623E-03   0.0000E+00  0.0000   0.0000E+00  0.0000   0.0000E+00  0.0000   0.0000E+00  0.0000
   3.1623E-03   5.6234E-03   0.0000E+00  0.0000   0.0000E+00  0.0000   0.0000E+00  0.0000   0.0000E+00  0.0000
   5.6234E-03   1.0000E-02   0.0000E+00  0.0000   0.0000E+00  0.0000   0.0000E+00  0.0000   0.0000E+00  0.0000
   1.0000E-02   1.7783E-02   0.0000E+00  0.0000   0.0000E+00  0.0000   0.0000E+00  0.0000   0.0000E+00  0.0000
   1.7783E-02   3.1623E-02   0.0000E+00  0.0000   0.0000E+00  0.0000   0.0000E+00  0.0000   0.0000E+00  0.0000
   3.1623E-02   5.6234E-02   0.0000E+00  0.0000   0.0000E+00  0.0000   0.0000E+00  0.0000   0.0000E+00  0.0000
   5.6234E-02   1.0000E-01   0.0000E+00  0.0000   0.0000E+00  0.0000   0.0000E+00  0.0000   0.0000E+00  0.0000
   1.0000E-01   1.7783E-01   0.0000E+00  0.0000   0.0000E+00  0.0000   0.0000E+00  0.0000   0.0000E+00  0.0000
   1.7783E-01   3.1623E-01   0.0000E+00  0.0000   0.0000E+00  0.0000   0.0000E+00  0.0000   0.0000E+00  0.0000
   3.1623E-01   5.6234E-01   0.0000E+00  0.0000   0.0000E+00  0.0000   0.0000E+00  0.0000   0.0000E+00  0.0000
   5.6234E-01   1.0000E+00   0.0000E+00  0.0000   0.0000E+00  0.0000   0.0000E+00  0.0000   0.0000E+00  0.0000
   1.0000E+00   1.7783E+00   0.0000E+00  0.0000   0.0000E+00  0.0000   0.0000E+00  0.0000   0.0000E+00  0.0000
   1.7783E+00   3.1623E+00   0.0000E+00  0.0000   0.0000E+00  0.0000   0.0000E+00  0.0000   0.0000E+00  0.0000
   3.1623E+00   5.6234E+00   0.0000E+00  0.0000   0.0000E+00  0.0000   0.0000E+00  0.0000   0.0000E+00  0.0000
   5.6234E+00   1.0000E+01   0.0000E+00  0.0000   0.0000E+00  0.0000   0.0000E+00  0.0000   0.0000E+00  0.0000
   1.0000E+01   1.7783E+01   0.0000E+00  0.0000   0.0000E+00  0.0000   0.0000E+00  0.0000   0.0000E+00  0.0000
   1.7783E+01   3.1623E+01   0.0000E+00  0.0000   0.0000E+00  0.0000   0.0000E+00  0.0000   0.0000E+00  0.0000
   3.1623E+01   5.6234E+01   0.0000E+00  0.0000   0.0000E+00  0.0000   0.0000E+00  0.0000   0.0000E+00  0.0000
   5.6234E+01   1.0000E+02   0.0000E+00  0.0000   0.0000E+00  0.0000   0.0000E+00  0.0000   0.0000E+00  0.0000
   1.0000E+02   1.7783E+02   0.0000E+00  0.0000   5.1372E-05  0.7217   0.0000E+00  0.0000   0.0000E+00  0.0000
   1.7783E+02   3.1623E+02   0.0000E+00  0.0000   1.5584E-04  0.5523   0.0000E+00  0.0000   0.0000E+00  0.0000
   3.1623E+02   5.6234E+02   0.0000E+00  0.0000   1.8432E-04  0.5259   0.0000E+00  0.0000   0.0000E+00  0.0000
   5.6234E+02   1.0000E+03   0.0000E+00  0.0000   3.1984E-04  0.4520   0.0000E+00  0.0000   0.0000E+00  0.0000
   1.0000E+03   1.7783E+03   0.0000E+00  0.0000   7.0211E-04  0.3022   0.0000E+00  0.0000   0.0000E+00  0.0000
   1.7783E+03   3.1623E+03   0.0000E+00  0.0000   7.3610E-04  0.3180   0.0000E+00  0.0000   0.0000E+00  0.0000
   3.1623E+03   5.6234E+03   0.0000E+00  0.0000   4.5441E-04  0.3793   0.0000E+00  0.0000   0.0000E+00  0.0000
   5.6234E+03   1.0000E+04   0.0000E+00  0.0000   6.8746E-04  0.3432   0.0000E+00  0.0000   0.0000E+00  0.0000
   1.0000E+04   1.7783E+04   0.0000E+00  0.0000   3.4124E-04  0.4563   0.0000E+00  0.0000   0.0000E+00  0.0000
   1.7783E+04   3.1623E+04   0.0000E+00  0.0000   6.4932E-05  1.0000   0.0000E+00  0.0000   0.0000E+00  0.0000
   3.1623E+04   5.6234E+04   0.0000E+00  0.0000   6.2627E-05  1.0000   0.0000E+00  0.0000   0.0000E+00  0.0000
   5.6234E+04   1.0000E+05   0.0000E+00  0.0000   0.0000E+00  0.0000   0.0000E+00  0.0000   0.0000E+00  0.0000

#   sum over                 7.4066E-05  1.0000   3.7603E-03  0.1336   0.0000E+00  0.0000   0.0000E+00  0.0000

'no. = 11, (ix,iy,iz) = (  1,  1, 11)'
msuc: {\huge Flux spectra vs depth in concrete}
msdr: {\it plotted by \ANGEL \version}
msdl: {\it calculated by \PHITS  3.36}
wt: s(0.7)
\vspace{-3}
   vol  &=&   2.8800E+07 [cm^3]
  xmin  &=&  -6.0000E+02 [cm]
  xmax  &=&   6.0000E+02 [cm]
  ymin  &=&  -6.0000E+02 [cm]
  ymax  &=&   6.0000E+02 [cm]
  zmin  &=&  -5.0000E+02 [cm]
  zmax  &=&  -4.8000E+02 [cm]
e:

#------------------------------------------------------------------------------
 newpage:
#   no. = 12   ix  =  1   iy  =  1   iz  = 12
#   x = (  -6.0000E+02  -   6.0000E+02  )
#   y = (  -6.0000E+02  -   6.0000E+02  )
#   z = (  -4.8000E+02  -  -4.6000E+02  )

x: Energy [MeV/n]
y: Flux [1/cm^2/source]              
p: xlog ylog afac(0.8) form(0.9)
h: n            x            y(neutron ),hh0l n y(muon-   ),hh0dr n y(muon+   ),hh0ub n y(proton  ),hh0mg n 
#  e-lower      e-upper        neutron   r.err      muon-     r.err      muon+     r.err      proton    r.err 
   1.0000E-10   1.7783E-10   0.0000E+00  0.0000   0.0000E+00  0.0000   0.0000E+00  0.0000   0.0000E+00  0.0000
   1.7783E-10   3.1623E-10   0.0000E+00  0.0000   0.0000E+00  0.0000   0.0000E+00  0.0000   0.0000E+00  0.0000
   3.1623E-10   5.6234E-10   0.0000E+00  0.0000   0.0000E+00  0.0000   0.0000E+00  0.0000   0.0000E+00  0.0000
   5.6234E-10   1.0000E-09   2.3956E-07  0.8793   0.0000E+00  0.0000   0.0000E+00  0.0000   0.0000E+00  0.0000
   1.0000E-09   1.7783E-09   1.0645E-06  1.0000   0.0000E+00  0.0000   0.0000E+00  0.0000   0.0000E+00  0.0000
   1.7783E-09   3.1623E-09   2.5328E-06  1.0000   0.0000E+00  0.0000   0.0000E+00  0.0000   0.0000E+00  0.0000
   3.1623E-09   5.6234E-09   3.6831E-07  0.9271   0.0000E+00  0.0000   0.0000E+00  0.0000   0.0000E+00  0.0000
   5.6234E-09   1.0000E-08   2.1444E-05  0.9223   0.0000E+00  0.0000   0.0000E+00  0.0000   0.0000E+00  0.0000
   1.0000E-08   1.7783E-08   2.3249E-05  0.7256   0.0000E+00  0.0000   0.0000E+00  0.0000   0.0000E+00  0.0000
   1.7783E-08   3.1623E-08   4.5938E-05  0.7111   0.0000E+00  0.0000   0.0000E+00  0.0000   0.0000E+00  0.0000
   3.1623E-08   5.6234E-08   5.4149E-05  0.7261   0.0000E+00  0.0000   0.0000E+00  0.0000   0.0000E+00  0.0000
   5.6234E-08   1.0000E-07   4.5031E-05  0.7079   0.0000E+00  0.0000   0.0000E+00  0.0000   0.0000E+00  0.0000
   1.0000E-07   1.7783E-07   1.4623E-05  0.7091   0.0000E+00  0.0000   0.0000E+00  0.0000   0.0000E+00  0.0000
   1.7783E-07   3.1623E-07   6.3948E-06  0.8687   0.0000E+00  0.0000   0.0000E+00  0.0000   0.0000E+00  0.0000
   3.1623E-07   5.6234E-07   2.5191E-05  0.7067   0.0000E+00  0.0000   0.0000E+00  0.0000   0.0000E+00  0.0000
   5.6234E-07   1.0000E-06   3.2147E-07  1.0000   0.0000E+00  0.0000   0.0000E+00  0.0000   0.0000E+00  0.0000
   1.0000E-06   1.7783E-06   9.8079E-06  0.7514   0.0000E+00  0.0000   0.0000E+00  0.0000   0.0000E+00  0.0000
   1.7783E-06   3.1623E-06   3.1522E-05  0.7878   0.0000E+00  0.0000   0.0000E+00  0.0000   0.0000E+00  0.0000
   3.1623E-06   5.6234E-06   1.7349E-06  0.7069   0.0000E+00  0.0000   0.0000E+00  0.0000   0.0000E+00  0.0000
   5.6234E-06   1.0000E-05   1.6429E-06  0.9491   0.0000E+00  0.0000   0.0000E+00  0.0000   0.0000E+00  0.0000
   1.0000E-05   1.7783E-05   2.3182E-05  0.7994   0.0000E+00  0.0000   0.0000E+00  0.0000   0.0000E+00  0.0000
   1.7783E-05   3.1623E-05   1.2783E-05  1.0000   0.0000E+00  0.0000   0.0000E+00  0.0000   0.0000E+00  0.0000
   3.1623E-05   5.6234E-05   1.6163E-06  1.0000   0.0000E+00  0.0000   0.0000E+00  0.0000   0.0000E+00  0.0000
   5.6234E-05   1.0000E-04   7.9073E-06  1.0000   0.0000E+00  0.0000   0.0000E+00  0.0000   0.0000E+00  0.0000
   1.0000E-04   1.7783E-04   4.1282E-06  1.0000   0.0000E+00  0.0000   0.0000E+00  0.0000   0.0000E+00  0.0000
   1.7783E-04   3.1623E-04   1.6609E-05  0.8673   0.0000E+00  0.0000   0.0000E+00  0.0000   0.0000E+00  0.0000
   3.1623E-04   5.6234E-04   7.3713E-06  1.0000   0.0000E+00  0.0000   0.0000E+00  0.0000   0.0000E+00  0.0000
   5.6234E-04   1.0000E-03   2.8030E-06  1.0000   0.0000E+00  0.0000   0.0000E+00  0.0000   0.0000E+00  0.0000
   1.0000E-03   1.7783E-03   1.0719E-05  0.9228   1.6608E-11  0.7067   0.0000E+00  0.0000   5.9980E-12  1.0000
   1.7783E-03   3.1623E-03   6.4454E-06  0.9580   8.1140E-12  0.7067   0.0000E+00  0.0000   9.6861E-12  1.0000
   3.1623E-03   5.6234E-03   8.0068E-06  0.7631   1.1988E-11  0.7067   0.0000E+00  0.0000   1.4622E-11  1.0000
   5.6234E-03   1.0000E-02   6.9811E-07  1.0000   1.9227E-11  0.7067   0.0000E+00  0.0000   2.0177E-11  1.0000
   1.0000E-02   1.7783E-02   4.1521E-06  1.0000   3.4475E-11  0.7067   0.0000E+00  0.0000   2.7062E-11  1.0000
   1.7783E-02   3.1623E-02   0.0000E+00  0.0000   7.1175E-11  0.7067   0.0000E+00  0.0000   3.8771E-11  1.0000
   3.1623E-02   5.6234E-02   3.1652E-06  1.0000   1.6628E-10  0.7067   0.0000E+00  0.0000   5.8180E-11  1.0000
   5.6234E-02   1.0000E-01   0.0000E+00  0.0000   4.1663E-10  0.7067   0.0000E+00  0.0000   9.5174E-11  1.0000
   1.0000E-01   1.7783E-01   1.1534E-05  1.0000   1.0694E-09  0.7067   0.0000E+00  0.0000   1.7562E-10  1.0000
   1.7783E-01   3.1623E-01   1.0857E-06  1.0000   2.7974E-09  0.7067   0.0000E+00  0.0000   3.7312E-10  1.0000
   3.1623E-01   5.6234E-01   2.2499E-05  0.7521   7.4983E-09  0.7067   0.0000E+00  0.0000   8.8901E-10  1.0000
   5.6234E-01   1.0000E+00   7.7066E-05  1.0000   2.0566E-08  0.7067   0.0000E+00  0.0000   2.2441E-09  1.0000
   1.0000E+00   1.7783E+00   0.0000E+00  0.0000   5.7587E-08  0.7067   0.0000E+00  0.0000   5.7803E-09  1.0000
   1.7783E+00   3.1623E+00   1.2935E-05  1.0000   1.6380E-07  0.7067   0.0000E+00  0.0000   1.5193E-08  1.0000
   3.1623E+00   5.6234E+00   0.0000E+00  0.0000   4.6293E-07  0.7067   0.0000E+00  0.0000   8.9725E-10  1.0000
   5.6234E+00   1.0000E+01   0.0000E+00  0.0000   1.2896E-06  0.7067   0.0000E+00  0.0000   0.0000E+00  0.0000
   1.0000E+01   1.7783E+01   9.9907E-05  1.0000   3.5112E-06  0.7067   0.0000E+00  0.0000   0.0000E+00  0.0000
   1.7783E+01   3.1623E+01   0.0000E+00  0.0000   6.3397E-06  0.7739   0.0000E+00  0.0000   0.0000E+00  0.0000
   3.1623E+01   5.6234E+01   0.0000E+00  0.0000   9.0925E-06  1.0000   0.0000E+00  0.0000   0.0000E+00  0.0000
   5.6234E+01   1.0000E+02   0.0000E+00  0.0000   0.0000E+00  0.0000   0.0000E+00  0.0000   0.0000E+00  0.0000
   1.0000E+02   1.7783E+02   0.0000E+00  0.0000   0.0000E+00  0.0000   0.0000E+00  0.0000   0.0000E+00  0.0000
   1.7783E+02   3.1623E+02   0.0000E+00  0.0000   8.2786E-05  0.7277   0.0000E+00  0.0000   0.0000E+00  0.0000
   3.1623E+02   5.6234E+02   0.0000E+00  0.0000   2.8138E-04  0.4291   0.0000E+00  0.0000   0.0000E+00  0.0000
   5.6234E+02   1.0000E+03   0.0000E+00  0.0000   2.2058E-04  0.4989   0.0000E+00  0.0000   0.0000E+00  0.0000
   1.0000E+03   1.7783E+03   0.0000E+00  0.0000   7.0126E-04  0.3017   0.0000E+00  0.0000   0.0000E+00  0.0000
   1.7783E+03   3.1623E+03   0.0000E+00  0.0000   8.6359E-04  0.2891   0.0000E+00  0.0000   0.0000E+00  0.0000
   3.1623E+03   5.6234E+03   0.0000E+00  0.0000   5.2161E-04  0.3547   0.0000E+00  0.0000   0.0000E+00  0.0000
   5.6234E+03   1.0000E+04   0.0000E+00  0.0000   6.8746E-04  0.3432   0.0000E+00  0.0000   0.0000E+00  0.0000
   1.0000E+04   1.7783E+04   0.0000E+00  0.0000   3.4124E-04  0.4563   0.0000E+00  0.0000   0.0000E+00  0.0000
   1.7783E+04   3.1623E+04   0.0000E+00  0.0000   5.6686E-05  1.0000   0.0000E+00  0.0000   0.0000E+00  0.0000
   3.1623E+04   5.6234E+04   0.0000E+00  0.0000   6.2627E-05  1.0000   0.0000E+00  0.0000   0.0000E+00  0.0000
   5.6234E+04   1.0000E+05   0.0000E+00  0.0000   0.0000E+00  0.0000   0.0000E+00  0.0000   0.0000E+00  0.0000

#   sum over                 6.1986E-04  0.7296   3.8402E-03  0.1316   0.0000E+00  0.0000   2.5822E-08  1.0000

'no. = 12, (ix,iy,iz) = (  1,  1, 12)'
msuc: {\huge Flux spectra vs depth in concrete}
msdr: {\it plotted by \ANGEL \version}
msdl: {\it calculated by \PHITS  3.36}
wt: s(0.7)
\vspace{-3}
   vol  &=&   2.8800E+07 [cm^3]
  xmin  &=&  -6.0000E+02 [cm]
  xmax  &=&   6.0000E+02 [cm]
  ymin  &=&  -6.0000E+02 [cm]
  ymax  &=&   6.0000E+02 [cm]
  zmin  &=&  -4.8000E+02 [cm]
  zmax  &=&  -4.6000E+02 [cm]
e:

#------------------------------------------------------------------------------
 newpage:
#   no. = 13   ix  =  1   iy  =  1   iz  = 13
#   x = (  -6.0000E+02  -   6.0000E+02  )
#   y = (  -6.0000E+02  -   6.0000E+02  )
#   z = (  -4.6000E+02  -  -4.4000E+02  )

x: Energy [MeV/n]
y: Flux [1/cm^2/source]              
p: xlog ylog afac(0.8) form(0.9)
h: n            x            y(neutron ),hh0l n y(muon-   ),hh0dr n y(muon+   ),hh0ub n y(proton  ),hh0mg n 
#  e-lower      e-upper        neutron   r.err      muon-     r.err      muon+     r.err      proton    r.err 
   1.0000E-10   1.7783E-10   0.0000E+00  0.0000   0.0000E+00  0.0000   0.0000E+00  0.0000   0.0000E+00  0.0000
   1.7783E-10   3.1623E-10   0.0000E+00  0.0000   0.0000E+00  0.0000   0.0000E+00  0.0000   0.0000E+00  0.0000
   3.1623E-10   5.6234E-10   6.2960E-07  1.0000   0.0000E+00  0.0000   0.0000E+00  0.0000   0.0000E+00  0.0000
   5.6234E-10   1.0000E-09   0.0000E+00  0.0000   0.0000E+00  0.0000   0.0000E+00  0.0000   0.0000E+00  0.0000
   1.0000E-09   1.7783E-09   3.7917E-07  1.0000   0.0000E+00  0.0000   0.0000E+00  0.0000   0.0000E+00  0.0000
   1.7783E-09   3.1623E-09   4.6864E-06  0.8262   0.0000E+00  0.0000   0.0000E+00  0.0000   0.0000E+00  0.0000
   3.1623E-09   5.6234E-09   7.3986E-06  0.7148   0.0000E+00  0.0000   0.0000E+00  0.0000   0.0000E+00  0.0000
   5.6234E-09   1.0000E-08   2.2014E-05  0.8690   0.0000E+00  0.0000   0.0000E+00  0.0000   0.0000E+00  0.0000
   1.0000E-08   1.7783E-08   2.9262E-05  0.7082   0.0000E+00  0.0000   0.0000E+00  0.0000   0.0000E+00  0.0000
   1.7783E-08   3.1623E-08   4.4471E-05  0.7866   0.0000E+00  0.0000   0.0000E+00  0.0000   0.0000E+00  0.0000
   3.1623E-08   5.6234E-08   8.7772E-05  0.7669   0.0000E+00  0.0000   0.0000E+00  0.0000   0.0000E+00  0.0000
   5.6234E-08   1.0000E-07   8.5044E-05  0.7566   0.0000E+00  0.0000   0.0000E+00  0.0000   0.0000E+00  0.0000
   1.0000E-07   1.7783E-07   5.0195E-05  0.7190   0.0000E+00  0.0000   0.0000E+00  0.0000   0.0000E+00  0.0000
   1.7783E-07   3.1623E-07   8.8985E-06  0.7383   0.0000E+00  0.0000   0.0000E+00  0.0000   0.0000E+00  0.0000
   3.1623E-07   5.6234E-07   6.3775E-06  1.0000   0.0000E+00  0.0000   0.0000E+00  0.0000   0.0000E+00  0.0000
   5.6234E-07   1.0000E-06   3.5120E-05  1.0000   0.0000E+00  0.0000   0.0000E+00  0.0000   0.0000E+00  0.0000
   1.0000E-06   1.7783E-06   2.2121E-05  1.0000   0.0000E+00  0.0000   0.0000E+00  0.0000   0.0000E+00  0.0000
   1.7783E-06   3.1623E-06   1.8668E-05  1.0000   0.0000E+00  0.0000   0.0000E+00  0.0000   0.0000E+00  0.0000
   3.1623E-06   5.6234E-06   0.0000E+00  0.0000   0.0000E+00  0.0000   0.0000E+00  0.0000   0.0000E+00  0.0000
   5.6234E-06   1.0000E-05   4.6360E-06  1.0000   0.0000E+00  0.0000   0.0000E+00  0.0000   0.0000E+00  0.0000
   1.0000E-05   1.7783E-05   4.0524E-05  0.8638   0.0000E+00  0.0000   0.0000E+00  0.0000   0.0000E+00  0.0000
   1.7783E-05   3.1623E-05   2.1982E-05  1.0000   0.0000E+00  0.0000   0.0000E+00  0.0000   0.0000E+00  0.0000
   3.1623E-05   5.6234E-05   0.0000E+00  0.0000   0.0000E+00  0.0000   0.0000E+00  0.0000   0.0000E+00  0.0000
   5.6234E-05   1.0000E-04   0.0000E+00  0.0000   0.0000E+00  0.0000   0.0000E+00  0.0000   0.0000E+00  0.0000
   1.0000E-04   1.7783E-04   0.0000E+00  0.0000   1.0124E-20  0.7161   0.0000E+00  0.0000   0.0000E+00  0.0000
   1.7783E-04   3.1623E-04   0.0000E+00  0.0000   0.0000E+00  0.0000   0.0000E+00  0.0000   0.0000E+00  0.0000
   3.1623E-04   5.6234E-04   0.0000E+00  0.0000   0.0000E+00  0.0000   0.0000E+00  0.0000   0.0000E+00  0.0000
   5.6234E-04   1.0000E-03   0.0000E+00  0.0000   0.0000E+00  0.0000   0.0000E+00  0.0000   0.0000E+00  0.0000
   1.0000E-03   1.7783E-03   0.0000E+00  0.0000   1.6316E-11  0.7068   0.0000E+00  0.0000   5.9980E-12  1.0000
   1.7783E-03   3.1623E-03   0.0000E+00  0.0000   8.1140E-12  0.7067   0.0000E+00  0.0000   9.6861E-12  1.0000
   3.1623E-03   5.6234E-03   1.1130E-05  1.0000   1.1988E-11  0.7067   0.0000E+00  0.0000   1.4622E-11  1.0000
   5.6234E-03   1.0000E-02   2.5821E-05  1.0000   1.9227E-11  0.7067   0.0000E+00  0.0000   2.0177E-11  1.0000
   1.0000E-02   1.7783E-02   0.0000E+00  0.0000   3.4475E-11  0.7067   0.0000E+00  0.0000   2.7062E-11  1.0000
   1.7783E-02   3.1623E-02   0.0000E+00  0.0000   7.1175E-11  0.7067   0.0000E+00  0.0000   3.8771E-11  1.0000
   3.1623E-02   5.6234E-02   0.0000E+00  0.0000   1.6628E-10  0.7067   0.0000E+00  0.0000   5.8180E-11  1.0000
   5.6234E-02   1.0000E-01   5.5681E-06  1.0000   4.1663E-10  0.7067   0.0000E+00  0.0000   9.5174E-11  1.0000
   1.0000E-01   1.7783E-01   1.5838E-05  1.0000   1.0694E-09  0.7067   0.0000E+00  0.0000   1.7562E-10  1.0000
   1.7783E-01   3.1623E-01   9.2849E-06  1.0000   2.7974E-09  0.7067   0.0000E+00  0.0000   3.7312E-10  1.0000
   3.1623E-01   5.6234E-01   1.8459E-05  1.0000   7.4983E-09  0.7067   0.0000E+00  0.0000   8.8901E-10  1.0000
   5.6234E-01   1.0000E+00   1.0741E-05  1.0000   2.0566E-08  0.7067   0.0000E+00  0.0000   2.2441E-09  1.0000
   1.0000E+00   1.7783E+00   1.2833E-05  1.0000   5.7587E-08  0.7067   0.0000E+00  0.0000   5.7803E-09  1.0000
   1.7783E+00   3.1623E+00   1.5859E-04  0.9426   1.6380E-07  0.7067   0.0000E+00  0.0000   1.5193E-08  1.0000
   3.1623E+00   5.6234E+00   3.8563E-05  1.0000   4.6293E-07  0.7067   0.0000E+00  0.0000   4.0933E-08  1.0000
   5.6234E+00   1.0000E+01   0.0000E+00  0.0000   1.2896E-06  0.7067   0.0000E+00  0.0000   5.6910E-08  1.0000
   1.0000E+01   1.7783E+01   3.8940E-05  1.0000   3.5112E-06  0.7067   0.0000E+00  0.0000   0.0000E+00  0.0000
   1.7783E+01   3.1623E+01   0.0000E+00  0.0000   1.1994E-05  0.5889   0.0000E+00  0.0000   0.0000E+00  0.0000
   3.1623E+01   5.6234E+01   0.0000E+00  0.0000   3.5726E-05  0.5456   0.0000E+00  0.0000   0.0000E+00  0.0000
   5.6234E+01   1.0000E+02   0.0000E+00  0.0000   8.6821E-05  0.5170   0.0000E+00  0.0000   0.0000E+00  0.0000
   1.0000E+02   1.7783E+02   0.0000E+00  0.0000   7.4185E-05  0.6319   0.0000E+00  0.0000   0.0000E+00  0.0000
   1.7783E+02   3.1623E+02   0.0000E+00  0.0000   0.0000E+00  0.0000   0.0000E+00  0.0000   0.0000E+00  0.0000
   3.1623E+02   5.6234E+02   0.0000E+00  0.0000   3.1355E-04  0.4589   0.0000E+00  0.0000   0.0000E+00  0.0000
   5.6234E+02   1.0000E+03   0.0000E+00  0.0000   1.9966E-04  0.5006   0.0000E+00  0.0000   0.0000E+00  0.0000
   1.0000E+03   1.7783E+03   0.0000E+00  0.0000   6.3895E-04  0.3161   0.0000E+00  0.0000   0.0000E+00  0.0000
   1.7783E+03   3.1623E+03   0.0000E+00  0.0000   9.9387E-04  0.2735   0.0000E+00  0.0000   0.0000E+00  0.0000
   3.1623E+03   5.6234E+03   0.0000E+00  0.0000   5.2750E-04  0.3412   0.0000E+00  0.0000   0.0000E+00  0.0000
   5.6234E+03   1.0000E+04   0.0000E+00  0.0000   7.3662E-04  0.3269   0.0000E+00  0.0000   0.0000E+00  0.0000
   1.0000E+04   1.7783E+04   0.0000E+00  0.0000   3.4124E-04  0.4563   0.0000E+00  0.0000   0.0000E+00  0.0000
   1.7783E+04   3.1623E+04   0.0000E+00  0.0000   0.0000E+00  0.0000   0.0000E+00  0.0000   0.0000E+00  0.0000
   3.1623E+04   5.6234E+04   0.0000E+00  0.0000   6.2627E-05  1.0000   0.0000E+00  0.0000   0.0000E+00  0.0000
   5.6234E+04   1.0000E+05   0.0000E+00  0.0000   0.0000E+00  0.0000   0.0000E+00  0.0000   0.0000E+00  0.0000

#   sum over                 8.3595E-04  0.8107   4.0283E-03  0.1278   0.0000E+00  0.0000   1.2277E-07  1.0000

'no. = 13, (ix,iy,iz) = (  1,  1, 13)'
msuc: {\huge Flux spectra vs depth in concrete}
msdr: {\it plotted by \ANGEL \version}
msdl: {\it calculated by \PHITS  3.36}
wt: s(0.7)
\vspace{-3}
   vol  &=&   2.8800E+07 [cm^3]
  xmin  &=&  -6.0000E+02 [cm]
  xmax  &=&   6.0000E+02 [cm]
  ymin  &=&  -6.0000E+02 [cm]
  ymax  &=&   6.0000E+02 [cm]
  zmin  &=&  -4.6000E+02 [cm]
  zmax  &=&  -4.4000E+02 [cm]
e:

#------------------------------------------------------------------------------
 newpage:
#   no. = 14   ix  =  1   iy  =  1   iz  = 14
#   x = (  -6.0000E+02  -   6.0000E+02  )
#   y = (  -6.0000E+02  -   6.0000E+02  )
#   z = (  -4.4000E+02  -  -4.2000E+02  )

x: Energy [MeV/n]
y: Flux [1/cm^2/source]              
p: xlog ylog afac(0.8) form(0.9)
h: n            x            y(neutron ),hh0l n y(muon-   ),hh0dr n y(muon+   ),hh0ub n y(proton  ),hh0mg n 
#  e-lower      e-upper        neutron   r.err      muon-     r.err      muon+     r.err      proton    r.err 
   1.0000E-10   1.7783E-10   0.0000E+00  0.0000   0.0000E+00  0.0000   0.0000E+00  0.0000   0.0000E+00  0.0000
   1.7783E-10   3.1623E-10   0.0000E+00  0.0000   0.0000E+00  0.0000   0.0000E+00  0.0000   0.0000E+00  0.0000
   3.1623E-10   5.6234E-10   0.0000E+00  0.0000   0.0000E+00  0.0000   0.0000E+00  0.0000   0.0000E+00  0.0000
   5.6234E-10   1.0000E-09   0.0000E+00  0.0000   0.0000E+00  0.0000   0.0000E+00  0.0000   0.0000E+00  0.0000
   1.0000E-09   1.7783E-09   4.4774E-07  1.0000   0.0000E+00  0.0000   0.0000E+00  0.0000   0.0000E+00  0.0000
   1.7783E-09   3.1623E-09   7.0753E-07  1.0000   0.0000E+00  0.0000   0.0000E+00  0.0000   0.0000E+00  0.0000
   3.1623E-09   5.6234E-09   4.5478E-07  1.0000   0.0000E+00  0.0000   0.0000E+00  0.0000   0.0000E+00  0.0000
   5.6234E-09   1.0000E-08   4.6069E-06  1.0000   0.0000E+00  0.0000   0.0000E+00  0.0000   0.0000E+00  0.0000
   1.0000E-08   1.7783E-08   3.0701E-05  1.0000   0.0000E+00  0.0000   0.0000E+00  0.0000   0.0000E+00  0.0000
   1.7783E-08   3.1623E-08   4.4057E-05  1.0000   0.0000E+00  0.0000   0.0000E+00  0.0000   0.0000E+00  0.0000
   3.1623E-08   5.6234E-08   9.2158E-05  1.0000   0.0000E+00  0.0000   0.0000E+00  0.0000   0.0000E+00  0.0000
   5.6234E-08   1.0000E-07   8.9249E-05  1.0000   0.0000E+00  0.0000   0.0000E+00  0.0000   0.0000E+00  0.0000
   1.0000E-07   1.7783E-07   1.3502E-05  1.0000   0.0000E+00  0.0000   0.0000E+00  0.0000   0.0000E+00  0.0000
   1.7783E-07   3.1623E-07   3.5268E-06  1.0000   0.0000E+00  0.0000   0.0000E+00  0.0000   0.0000E+00  0.0000
   3.1623E-07   5.6234E-07   0.0000E+00  0.0000   0.0000E+00  0.0000   0.0000E+00  0.0000   0.0000E+00  0.0000
   5.6234E-07   1.0000E-06   0.0000E+00  0.0000   0.0000E+00  0.0000   0.0000E+00  0.0000   0.0000E+00  0.0000
   1.0000E-06   1.7783E-06   0.0000E+00  0.0000   0.0000E+00  0.0000   0.0000E+00  0.0000   0.0000E+00  0.0000
   1.7783E-06   3.1623E-06   7.8481E-07  1.0000   0.0000E+00  0.0000   0.0000E+00  0.0000   0.0000E+00  0.0000
   3.1623E-06   5.6234E-06   5.4129E-07  1.0000   0.0000E+00  0.0000   0.0000E+00  0.0000   0.0000E+00  0.0000
   5.6234E-06   1.0000E-05   1.3684E-06  1.0000   0.0000E+00  0.0000   0.0000E+00  0.0000   0.0000E+00  0.0000
   1.0000E-05   1.7783E-05   0.0000E+00  0.0000   0.0000E+00  0.0000   0.0000E+00  0.0000   0.0000E+00  0.0000
   1.7783E-05   3.1623E-05   1.0874E-05  1.0000   0.0000E+00  0.0000   0.0000E+00  0.0000   0.0000E+00  0.0000
   3.1623E-05   5.6234E-05   0.0000E+00  0.0000   0.0000E+00  0.0000   0.0000E+00  0.0000   0.0000E+00  0.0000
   5.6234E-05   1.0000E-04   0.0000E+00  0.0000   0.0000E+00  0.0000   0.0000E+00  0.0000   0.0000E+00  0.0000
   1.0000E-04   1.7783E-04   0.0000E+00  0.0000   0.0000E+00  0.0000   0.0000E+00  0.0000   0.0000E+00  0.0000
   1.7783E-04   3.1623E-04   0.0000E+00  0.0000   0.0000E+00  0.0000   0.0000E+00  0.0000   0.0000E+00  0.0000
   3.1623E-04   5.6234E-04   0.0000E+00  0.0000   0.0000E+00  0.0000   0.0000E+00  0.0000   0.0000E+00  0.0000
   5.6234E-04   1.0000E-03   0.0000E+00  0.0000   0.0000E+00  0.0000   0.0000E+00  0.0000   0.0000E+00  0.0000
   1.0000E-03   1.7783E-03   0.0000E+00  0.0000   1.6352E-11  0.7068   0.0000E+00  0.0000   0.0000E+00  0.0000
   1.7783E-03   3.1623E-03   2.5454E-05  1.0000   8.1140E-12  0.7067   0.0000E+00  0.0000   0.0000E+00  0.0000
   3.1623E-03   5.6234E-03   1.0603E-05  1.0000   1.1988E-11  0.7067   0.0000E+00  0.0000   0.0000E+00  0.0000
   5.6234E-03   1.0000E-02   0.0000E+00  0.0000   1.9227E-11  0.7067   0.0000E+00  0.0000   0.0000E+00  0.0000
   1.0000E-02   1.7783E-02   0.0000E+00  0.0000   3.4475E-11  0.7067   0.0000E+00  0.0000   0.0000E+00  0.0000
   1.7783E-02   3.1623E-02   0.0000E+00  0.0000   7.1175E-11  0.7067   0.0000E+00  0.0000   0.0000E+00  0.0000
   3.1623E-02   5.6234E-02   0.0000E+00  0.0000   1.6628E-10  0.7067   0.0000E+00  0.0000   0.0000E+00  0.0000
   5.6234E-02   1.0000E-01   0.0000E+00  0.0000   4.1663E-10  0.7067   0.0000E+00  0.0000   0.0000E+00  0.0000
   1.0000E-01   1.7783E-01   0.0000E+00  0.0000   1.0694E-09  0.7067   0.0000E+00  0.0000   0.0000E+00  0.0000
   1.7783E-01   3.1623E-01   0.0000E+00  0.0000   2.7974E-09  0.7067   0.0000E+00  0.0000   0.0000E+00  0.0000
   3.1623E-01   5.6234E-01   0.0000E+00  0.0000   7.4983E-09  0.7067   0.0000E+00  0.0000   0.0000E+00  0.0000
   5.6234E-01   1.0000E+00   0.0000E+00  0.0000   2.0566E-08  0.7067   0.0000E+00  0.0000   0.0000E+00  0.0000
   1.0000E+00   1.7783E+00   0.0000E+00  0.0000   5.7587E-08  0.7067   0.0000E+00  0.0000   0.0000E+00  0.0000
   1.7783E+00   3.1623E+00   0.0000E+00  0.0000   1.6380E-07  0.7067   0.0000E+00  0.0000   0.0000E+00  0.0000
   3.1623E+00   5.6234E+00   0.0000E+00  0.0000   4.6293E-07  0.7067   0.0000E+00  0.0000   0.0000E+00  0.0000
   5.6234E+00   1.0000E+01   0.0000E+00  0.0000   1.2896E-06  0.7067   0.0000E+00  0.0000   0.0000E+00  0.0000
   1.0000E+01   1.7783E+01   0.0000E+00  0.0000   3.5112E-06  0.7067   0.0000E+00  0.0000   0.0000E+00  0.0000
   1.7783E+01   3.1623E+01   0.0000E+00  0.0000   6.9990E-06  0.7399   0.0000E+00  0.0000   0.0000E+00  0.0000
   3.1623E+01   5.6234E+01   0.0000E+00  0.0000   1.1205E-05  1.0000   0.0000E+00  0.0000   0.0000E+00  0.0000
   5.6234E+01   1.0000E+02   0.0000E+00  0.0000   3.8598E-05  0.7378   0.0000E+00  0.0000   0.0000E+00  0.0000
   1.0000E+02   1.7783E+02   0.0000E+00  0.0000   1.5369E-04  0.4802   0.0000E+00  0.0000   0.0000E+00  0.0000
   1.7783E+02   3.1623E+02   0.0000E+00  0.0000   1.0857E-04  0.6362   0.0000E+00  0.0000   0.0000E+00  0.0000
   3.1623E+02   5.6234E+02   0.0000E+00  0.0000   1.3089E-04  0.6026   0.0000E+00  0.0000   0.0000E+00  0.0000
   5.6234E+02   1.0000E+03   0.0000E+00  0.0000   3.7335E-04  0.3757   0.0000E+00  0.0000   0.0000E+00  0.0000
   1.0000E+03   1.7783E+03   0.0000E+00  0.0000   6.2794E-04  0.3170   0.0000E+00  0.0000   0.0000E+00  0.0000
   1.7783E+03   3.1623E+03   0.0000E+00  0.0000   1.0793E-03  0.2720   0.0000E+00  0.0000   0.0000E+00  0.0000
   3.1623E+03   5.6234E+03   0.0000E+00  0.0000   5.0690E-04  0.3545   0.0000E+00  0.0000   0.0000E+00  0.0000
   5.6234E+03   1.0000E+04   0.0000E+00  0.0000   7.0575E-04  0.3352   0.0000E+00  0.0000   0.0000E+00  0.0000
   1.0000E+04   1.7783E+04   0.0000E+00  0.0000   3.9685E-04  0.4163   0.0000E+00  0.0000   0.0000E+00  0.0000
   1.7783E+04   3.1623E+04   0.0000E+00  0.0000   0.0000E+00  0.0000   0.0000E+00  0.0000   0.0000E+00  0.0000
   3.1623E+04   5.6234E+04   0.0000E+00  0.0000   6.2627E-05  1.0000   0.0000E+00  0.0000   0.0000E+00  0.0000
   5.6234E+04   1.0000E+05   0.0000E+00  0.0000   0.0000E+00  0.0000   0.0000E+00  0.0000   0.0000E+00  0.0000

#   sum over                 3.2904E-04  1.0000   4.2082E-03  0.1265   0.0000E+00  0.0000   0.0000E+00  0.0000

'no. = 14, (ix,iy,iz) = (  1,  1, 14)'
msuc: {\huge Flux spectra vs depth in concrete}
msdr: {\it plotted by \ANGEL \version}
msdl: {\it calculated by \PHITS  3.36}
wt: s(0.7)
\vspace{-3}
   vol  &=&   2.8800E+07 [cm^3]
  xmin  &=&  -6.0000E+02 [cm]
  xmax  &=&   6.0000E+02 [cm]
  ymin  &=&  -6.0000E+02 [cm]
  ymax  &=&   6.0000E+02 [cm]
  zmin  &=&  -4.4000E+02 [cm]
  zmax  &=&  -4.2000E+02 [cm]
e:

#------------------------------------------------------------------------------
 newpage:
#   no. = 15   ix  =  1   iy  =  1   iz  = 15
#   x = (  -6.0000E+02  -   6.0000E+02  )
#   y = (  -6.0000E+02  -   6.0000E+02  )
#   z = (  -4.2000E+02  -  -4.0000E+02  )

x: Energy [MeV/n]
y: Flux [1/cm^2/source]              
p: xlog ylog afac(0.8) form(0.9)
h: n            x            y(neutron ),hh0l n y(muon-   ),hh0dr n y(muon+   ),hh0ub n y(proton  ),hh0mg n 
#  e-lower      e-upper        neutron   r.err      muon-     r.err      muon+     r.err      proton    r.err 
   1.0000E-10   1.7783E-10   0.0000E+00  0.0000   0.0000E+00  0.0000   0.0000E+00  0.0000   0.0000E+00  0.0000
   1.7783E-10   3.1623E-10   0.0000E+00  0.0000   0.0000E+00  0.0000   0.0000E+00  0.0000   0.0000E+00  0.0000
   3.1623E-10   5.6234E-10   0.0000E+00  0.0000   0.0000E+00  0.0000   0.0000E+00  0.0000   0.0000E+00  0.0000
   5.6234E-10   1.0000E-09   0.0000E+00  0.0000   0.0000E+00  0.0000   0.0000E+00  0.0000   0.0000E+00  0.0000
   1.0000E-09   1.7783E-09   0.0000E+00  0.0000   0.0000E+00  0.0000   0.0000E+00  0.0000   0.0000E+00  0.0000
   1.7783E-09   3.1623E-09   0.0000E+00  0.0000   0.0000E+00  0.0000   0.0000E+00  0.0000   0.0000E+00  0.0000
   3.1623E-09   5.6234E-09   1.1840E-06  1.0000   0.0000E+00  0.0000   0.0000E+00  0.0000   0.0000E+00  0.0000
   5.6234E-09   1.0000E-08   3.8672E-07  1.0000   0.0000E+00  0.0000   0.0000E+00  0.0000   0.0000E+00  0.0000
   1.0000E-08   1.7783E-08   6.3247E-06  1.0000   0.0000E+00  0.0000   0.0000E+00  0.0000   0.0000E+00  0.0000
   1.7783E-08   3.1623E-08   1.3949E-05  1.0000   0.0000E+00  0.0000   0.0000E+00  0.0000   0.0000E+00  0.0000
   3.1623E-08   5.6234E-08   5.6780E-06  1.0000   0.0000E+00  0.0000   0.0000E+00  0.0000   0.0000E+00  0.0000
   5.6234E-08   1.0000E-07   4.0076E-06  1.0000   0.0000E+00  0.0000   0.0000E+00  0.0000   0.0000E+00  0.0000
   1.0000E-07   1.7783E-07   1.4515E-06  1.0000   0.0000E+00  0.0000   0.0000E+00  0.0000   0.0000E+00  0.0000
   1.7783E-07   3.1623E-07   0.0000E+00  0.0000   0.0000E+00  0.0000   0.0000E+00  0.0000   0.0000E+00  0.0000
   3.1623E-07   5.6234E-07   0.0000E+00  0.0000   0.0000E+00  0.0000   0.0000E+00  0.0000   0.0000E+00  0.0000
   5.6234E-07   1.0000E-06   0.0000E+00  0.0000   0.0000E+00  0.0000   0.0000E+00  0.0000   0.0000E+00  0.0000
   1.0000E-06   1.7783E-06   0.0000E+00  0.0000   0.0000E+00  0.0000   0.0000E+00  0.0000   0.0000E+00  0.0000
   1.7783E-06   3.1623E-06   0.0000E+00  0.0000   0.0000E+00  0.0000   0.0000E+00  0.0000   0.0000E+00  0.0000
   3.1623E-06   5.6234E-06   0.0000E+00  0.0000   0.0000E+00  0.0000   0.0000E+00  0.0000   0.0000E+00  0.0000
   5.6234E-06   1.0000E-05   0.0000E+00  0.0000   0.0000E+00  0.0000   0.0000E+00  0.0000   0.0000E+00  0.0000
   1.0000E-05   1.7783E-05   0.0000E+00  0.0000   0.0000E+00  0.0000   0.0000E+00  0.0000   0.0000E+00  0.0000
   1.7783E-05   3.1623E-05   0.0000E+00  0.0000   0.0000E+00  0.0000   0.0000E+00  0.0000   0.0000E+00  0.0000
   3.1623E-05   5.6234E-05   0.0000E+00  0.0000   0.0000E+00  0.0000   0.0000E+00  0.0000   0.0000E+00  0.0000
   5.6234E-05   1.0000E-04   0.0000E+00  0.0000   0.0000E+00  0.0000   0.0000E+00  0.0000   0.0000E+00  0.0000
   1.0000E-04   1.7783E-04   0.0000E+00  0.0000   0.0000E+00  0.0000   0.0000E+00  0.0000   0.0000E+00  0.0000
   1.7783E-04   3.1623E-04   0.0000E+00  0.0000   0.0000E+00  0.0000   0.0000E+00  0.0000   0.0000E+00  0.0000
   3.1623E-04   5.6234E-04   0.0000E+00  0.0000   0.0000E+00  0.0000   0.0000E+00  0.0000   0.0000E+00  0.0000
   5.6234E-04   1.0000E-03   0.0000E+00  0.0000   0.0000E+00  0.0000   0.0000E+00  0.0000   0.0000E+00  0.0000
   1.0000E-03   1.7783E-03   0.0000E+00  0.0000   8.3040E-12  1.0000   0.0000E+00  0.0000   0.0000E+00  0.0000
   1.7783E-03   3.1623E-03   0.0000E+00  0.0000   4.0570E-12  1.0000   0.0000E+00  0.0000   0.0000E+00  0.0000
   3.1623E-03   5.6234E-03   0.0000E+00  0.0000   5.9939E-12  1.0000   0.0000E+00  0.0000   0.0000E+00  0.0000
   5.6234E-03   1.0000E-02   0.0000E+00  0.0000   9.6133E-12  1.0000   0.0000E+00  0.0000   0.0000E+00  0.0000
   1.0000E-02   1.7783E-02   0.0000E+00  0.0000   1.7238E-11  1.0000   0.0000E+00  0.0000   0.0000E+00  0.0000
   1.7783E-02   3.1623E-02   0.0000E+00  0.0000   3.5587E-11  1.0000   0.0000E+00  0.0000   0.0000E+00  0.0000
   3.1623E-02   5.6234E-02   0.0000E+00  0.0000   8.3139E-11  1.0000   0.0000E+00  0.0000   0.0000E+00  0.0000
   5.6234E-02   1.0000E-01   0.0000E+00  0.0000   2.0831E-10  1.0000   0.0000E+00  0.0000   0.0000E+00  0.0000
   1.0000E-01   1.7783E-01   0.0000E+00  0.0000   5.3471E-10  1.0000   0.0000E+00  0.0000   0.0000E+00  0.0000
   1.7783E-01   3.1623E-01   0.0000E+00  0.0000   1.3987E-09  1.0000   0.0000E+00  0.0000   0.0000E+00  0.0000
   3.1623E-01   5.6234E-01   0.0000E+00  0.0000   3.7491E-09  1.0000   0.0000E+00  0.0000   0.0000E+00  0.0000
   5.6234E-01   1.0000E+00   0.0000E+00  0.0000   1.0283E-08  1.0000   0.0000E+00  0.0000   0.0000E+00  0.0000
   1.0000E+00   1.7783E+00   0.0000E+00  0.0000   2.8794E-08  1.0000   0.0000E+00  0.0000   0.0000E+00  0.0000
   1.7783E+00   3.1623E+00   0.0000E+00  0.0000   8.1902E-08  1.0000   0.0000E+00  0.0000   0.0000E+00  0.0000
   3.1623E+00   5.6234E+00   0.0000E+00  0.0000   2.3146E-07  1.0000   0.0000E+00  0.0000   0.0000E+00  0.0000
   5.6234E+00   1.0000E+01   0.0000E+00  0.0000   6.4479E-07  1.0000   0.0000E+00  0.0000   0.0000E+00  0.0000
   1.0000E+01   1.7783E+01   0.0000E+00  0.0000   1.7556E-06  1.0000   0.0000E+00  0.0000   0.0000E+00  0.0000
   1.7783E+01   3.1623E+01   0.0000E+00  0.0000   6.7511E-06  0.7506   0.0000E+00  0.0000   0.0000E+00  0.0000
   3.1623E+01   5.6234E+01   0.0000E+00  0.0000   2.2409E-05  0.7067   0.0000E+00  0.0000   0.0000E+00  0.0000
   5.6234E+01   1.0000E+02   0.0000E+00  0.0000   2.8429E-05  0.8900   0.0000E+00  0.0000   0.0000E+00  0.0000
   1.0000E+02   1.7783E+02   0.0000E+00  0.0000   5.4318E-05  0.6744   0.0000E+00  0.0000   0.0000E+00  0.0000
   1.7783E+02   3.1623E+02   0.0000E+00  0.0000   2.8956E-04  0.4574   0.0000E+00  0.0000   0.0000E+00  0.0000
   3.1623E+02   5.6234E+02   0.0000E+00  0.0000   3.7000E-05  0.8773   0.0000E+00  0.0000   0.0000E+00  0.0000
   5.6234E+02   1.0000E+03   0.0000E+00  0.0000   4.5438E-04  0.3712   0.0000E+00  0.0000   0.0000E+00  0.0000
   1.0000E+03   1.7783E+03   0.0000E+00  0.0000   5.5537E-04  0.3301   0.0000E+00  0.0000   0.0000E+00  0.0000
   1.7783E+03   3.1623E+03   0.0000E+00  0.0000   1.0376E-03  0.2695   0.0000E+00  0.0000   0.0000E+00  0.0000
   3.1623E+03   5.6234E+03   0.0000E+00  0.0000   6.0544E-04  0.3380   0.0000E+00  0.0000   0.0000E+00  0.0000
   5.6234E+03   1.0000E+04   0.0000E+00  0.0000   6.8757E-04  0.3432   0.0000E+00  0.0000   0.0000E+00  0.0000
   1.0000E+04   1.7783E+04   0.0000E+00  0.0000   4.1503E-04  0.4147   0.0000E+00  0.0000   0.0000E+00  0.0000
   1.7783E+04   3.1623E+04   0.0000E+00  0.0000   3.3214E-05  1.0000   0.0000E+00  0.0000   0.0000E+00  0.0000
   3.1623E+04   5.6234E+04   0.0000E+00  0.0000   6.2627E-05  1.0000   0.0000E+00  0.0000   0.0000E+00  0.0000
   5.6234E+04   1.0000E+05   0.0000E+00  0.0000   0.0000E+00  0.0000   0.0000E+00  0.0000   0.0000E+00  0.0000

#   sum over                 3.2982E-05  1.0000   4.2924E-03  0.1254   0.0000E+00  0.0000   0.0000E+00  0.0000

'no. = 15, (ix,iy,iz) = (  1,  1, 15)'
msuc: {\huge Flux spectra vs depth in concrete}
msdr: {\it plotted by \ANGEL \version}
msdl: {\it calculated by \PHITS  3.36}
wt: s(0.7)
\vspace{-3}
   vol  &=&   2.8800E+07 [cm^3]
  xmin  &=&  -6.0000E+02 [cm]
  xmax  &=&   6.0000E+02 [cm]
  ymin  &=&  -6.0000E+02 [cm]
  ymax  &=&   6.0000E+02 [cm]
  zmin  &=&  -4.2000E+02 [cm]
  zmax  &=&  -4.0000E+02 [cm]
e:

#------------------------------------------------------------------------------
 newpage:
#   no. = 16   ix  =  1   iy  =  1   iz  = 16
#   x = (  -6.0000E+02  -   6.0000E+02  )
#   y = (  -6.0000E+02  -   6.0000E+02  )
#   z = (  -4.0000E+02  -  -3.8000E+02  )

x: Energy [MeV/n]
y: Flux [1/cm^2/source]              
p: xlog ylog afac(0.8) form(0.9)
h: n            x            y(neutron ),hh0l n y(muon-   ),hh0dr n y(muon+   ),hh0ub n y(proton  ),hh0mg n 
#  e-lower      e-upper        neutron   r.err      muon-     r.err      muon+     r.err      proton    r.err 
   1.0000E-10   1.7783E-10   0.0000E+00  0.0000   0.0000E+00  0.0000   0.0000E+00  0.0000   0.0000E+00  0.0000
   1.7783E-10   3.1623E-10   0.0000E+00  0.0000   0.0000E+00  0.0000   0.0000E+00  0.0000   0.0000E+00  0.0000
   3.1623E-10   5.6234E-10   0.0000E+00  0.0000   0.0000E+00  0.0000   0.0000E+00  0.0000   0.0000E+00  0.0000
   5.6234E-10   1.0000E-09   0.0000E+00  0.0000   0.0000E+00  0.0000   0.0000E+00  0.0000   0.0000E+00  0.0000
   1.0000E-09   1.7783E-09   0.0000E+00  0.0000   0.0000E+00  0.0000   0.0000E+00  0.0000   0.0000E+00  0.0000
   1.7783E-09   3.1623E-09   0.0000E+00  0.0000   0.0000E+00  0.0000   0.0000E+00  0.0000   0.0000E+00  0.0000
   3.1623E-09   5.6234E-09   0.0000E+00  0.0000   0.0000E+00  0.0000   0.0000E+00  0.0000   0.0000E+00  0.0000
   5.6234E-09   1.0000E-08   0.0000E+00  0.0000   0.0000E+00  0.0000   0.0000E+00  0.0000   0.0000E+00  0.0000
   1.0000E-08   1.7783E-08   0.0000E+00  0.0000   0.0000E+00  0.0000   0.0000E+00  0.0000   0.0000E+00  0.0000
   1.7783E-08   3.1623E-08   0.0000E+00  0.0000   0.0000E+00  0.0000   0.0000E+00  0.0000   0.0000E+00  0.0000
   3.1623E-08   5.6234E-08   0.0000E+00  0.0000   0.0000E+00  0.0000   0.0000E+00  0.0000   0.0000E+00  0.0000
   5.6234E-08   1.0000E-07   0.0000E+00  0.0000   0.0000E+00  0.0000   0.0000E+00  0.0000   0.0000E+00  0.0000
   1.0000E-07   1.7783E-07   0.0000E+00  0.0000   0.0000E+00  0.0000   0.0000E+00  0.0000   0.0000E+00  0.0000
   1.7783E-07   3.1623E-07   0.0000E+00  0.0000   0.0000E+00  0.0000   0.0000E+00  0.0000   0.0000E+00  0.0000
   3.1623E-07   5.6234E-07   0.0000E+00  0.0000   0.0000E+00  0.0000   0.0000E+00  0.0000   0.0000E+00  0.0000
   5.6234E-07   1.0000E-06   0.0000E+00  0.0000   0.0000E+00  0.0000   0.0000E+00  0.0000   0.0000E+00  0.0000
   1.0000E-06   1.7783E-06   0.0000E+00  0.0000   0.0000E+00  0.0000   0.0000E+00  0.0000   0.0000E+00  0.0000
   1.7783E-06   3.1623E-06   0.0000E+00  0.0000   0.0000E+00  0.0000   0.0000E+00  0.0000   0.0000E+00  0.0000
   3.1623E-06   5.6234E-06   0.0000E+00  0.0000   0.0000E+00  0.0000   0.0000E+00  0.0000   0.0000E+00  0.0000
   5.6234E-06   1.0000E-05   0.0000E+00  0.0000   0.0000E+00  0.0000   0.0000E+00  0.0000   0.0000E+00  0.0000
   1.0000E-05   1.7783E-05   0.0000E+00  0.0000   0.0000E+00  0.0000   0.0000E+00  0.0000   0.0000E+00  0.0000
   1.7783E-05   3.1623E-05   0.0000E+00  0.0000   0.0000E+00  0.0000   0.0000E+00  0.0000   0.0000E+00  0.0000
   3.1623E-05   5.6234E-05   0.0000E+00  0.0000   0.0000E+00  0.0000   0.0000E+00  0.0000   0.0000E+00  0.0000
   5.6234E-05   1.0000E-04   0.0000E+00  0.0000   0.0000E+00  0.0000   0.0000E+00  0.0000   0.0000E+00  0.0000
   1.0000E-04   1.7783E-04   0.0000E+00  0.0000   0.0000E+00  0.0000   0.0000E+00  0.0000   0.0000E+00  0.0000
   1.7783E-04   3.1623E-04   0.0000E+00  0.0000   0.0000E+00  0.0000   0.0000E+00  0.0000   0.0000E+00  0.0000
   3.1623E-04   5.6234E-04   0.0000E+00  0.0000   0.0000E+00  0.0000   0.0000E+00  0.0000   0.0000E+00  0.0000
   5.6234E-04   1.0000E-03   0.0000E+00  0.0000   0.0000E+00  0.0000   0.0000E+00  0.0000   0.0000E+00  0.0000
   1.0000E-03   1.7783E-03   0.0000E+00  0.0000   8.1846E-12  1.0000   0.0000E+00  0.0000   0.0000E+00  0.0000
   1.7783E-03   3.1623E-03   0.0000E+00  0.0000   4.0570E-12  1.0000   0.0000E+00  0.0000   0.0000E+00  0.0000
   3.1623E-03   5.6234E-03   0.0000E+00  0.0000   5.9939E-12  1.0000   0.0000E+00  0.0000   0.0000E+00  0.0000
   5.6234E-03   1.0000E-02   0.0000E+00  0.0000   9.6133E-12  1.0000   0.0000E+00  0.0000   0.0000E+00  0.0000
   1.0000E-02   1.7783E-02   0.0000E+00  0.0000   1.7238E-11  1.0000   0.0000E+00  0.0000   0.0000E+00  0.0000
   1.7783E-02   3.1623E-02   0.0000E+00  0.0000   3.5587E-11  1.0000   0.0000E+00  0.0000   0.0000E+00  0.0000
   3.1623E-02   5.6234E-02   0.0000E+00  0.0000   8.3139E-11  1.0000   0.0000E+00  0.0000   0.0000E+00  0.0000
   5.6234E-02   1.0000E-01   0.0000E+00  0.0000   2.0831E-10  1.0000   0.0000E+00  0.0000   0.0000E+00  0.0000
   1.0000E-01   1.7783E-01   0.0000E+00  0.0000   5.3471E-10  1.0000   0.0000E+00  0.0000   0.0000E+00  0.0000
   1.7783E-01   3.1623E-01   0.0000E+00  0.0000   1.3987E-09  1.0000   0.0000E+00  0.0000   0.0000E+00  0.0000
   3.1623E-01   5.6234E-01   0.0000E+00  0.0000   3.7491E-09  1.0000   0.0000E+00  0.0000   0.0000E+00  0.0000
   5.6234E-01   1.0000E+00   0.0000E+00  0.0000   1.0283E-08  1.0000   0.0000E+00  0.0000   0.0000E+00  0.0000
   1.0000E+00   1.7783E+00   0.0000E+00  0.0000   2.8794E-08  1.0000   0.0000E+00  0.0000   0.0000E+00  0.0000
   1.7783E+00   3.1623E+00   0.0000E+00  0.0000   8.1902E-08  1.0000   0.0000E+00  0.0000   0.0000E+00  0.0000
   3.1623E+00   5.6234E+00   0.0000E+00  0.0000   2.3146E-07  1.0000   0.0000E+00  0.0000   0.0000E+00  0.0000
   5.6234E+00   1.0000E+01   0.0000E+00  0.0000   6.4479E-07  1.0000   0.0000E+00  0.0000   0.0000E+00  0.0000
   1.0000E+01   1.7783E+01   0.0000E+00  0.0000   1.7556E-06  1.0000   0.0000E+00  0.0000   0.0000E+00  0.0000
   1.7783E+01   3.1623E+01   0.0000E+00  0.0000   1.9569E-07  1.0000   0.0000E+00  0.0000   0.0000E+00  0.0000
   3.1623E+01   5.6234E+01   0.0000E+00  0.0000   0.0000E+00  0.0000   0.0000E+00  0.0000   0.0000E+00  0.0000
   5.6234E+01   1.0000E+02   0.0000E+00  0.0000   2.1738E-05  1.0000   0.0000E+00  0.0000   0.0000E+00  0.0000
   1.0000E+02   1.7783E+02   0.0000E+00  0.0000   7.3972E-05  0.7550   0.0000E+00  0.0000   0.0000E+00  0.0000
   1.7783E+02   3.1623E+02   0.0000E+00  0.0000   1.1860E-04  0.5299   0.0000E+00  0.0000   0.0000E+00  0.0000
   3.1623E+02   5.6234E+02   0.0000E+00  0.0000   2.7837E-04  0.4879   0.0000E+00  0.0000   0.0000E+00  0.0000
   5.6234E+02   1.0000E+03   0.0000E+00  0.0000   3.9154E-04  0.4120   0.0000E+00  0.0000   0.0000E+00  0.0000
   1.0000E+03   1.7783E+03   0.0000E+00  0.0000   4.8398E-04  0.3479   0.0000E+00  0.0000   0.0000E+00  0.0000
   1.7783E+03   3.1623E+03   0.0000E+00  0.0000   1.0005E-03  0.2646   0.0000E+00  0.0000   0.0000E+00  0.0000
   3.1623E+03   5.6234E+03   0.0000E+00  0.0000   6.6452E-04  0.3414   0.0000E+00  0.0000   0.0000E+00  0.0000
   5.6234E+03   1.0000E+04   0.0000E+00  0.0000   7.4200E-04  0.3261   0.0000E+00  0.0000   0.0000E+00  0.0000
   1.0000E+04   1.7783E+04   0.0000E+00  0.0000   4.1503E-04  0.4147   0.0000E+00  0.0000   0.0000E+00  0.0000
   1.7783E+04   3.1623E+04   0.0000E+00  0.0000   8.7726E-05  1.0000   0.0000E+00  0.0000   0.0000E+00  0.0000
   3.1623E+04   5.6234E+04   0.0000E+00  0.0000   6.2627E-05  1.0000   0.0000E+00  0.0000   0.0000E+00  0.0000
   5.6234E+04   1.0000E+05   0.0000E+00  0.0000   0.0000E+00  0.0000   0.0000E+00  0.0000   0.0000E+00  0.0000

#   sum over                 0.0000E+00  0.0000   4.3435E-03  0.1253   0.0000E+00  0.0000   0.0000E+00  0.0000

'no. = 16, (ix,iy,iz) = (  1,  1, 16)'
msuc: {\huge Flux spectra vs depth in concrete}
msdr: {\it plotted by \ANGEL \version}
msdl: {\it calculated by \PHITS  3.36}
wt: s(0.7)
\vspace{-3}
   vol  &=&   2.8800E+07 [cm^3]
  xmin  &=&  -6.0000E+02 [cm]
  xmax  &=&   6.0000E+02 [cm]
  ymin  &=&  -6.0000E+02 [cm]
  ymax  &=&   6.0000E+02 [cm]
  zmin  &=&  -4.0000E+02 [cm]
  zmax  &=&  -3.8000E+02 [cm]
e:

#------------------------------------------------------------------------------
 newpage:
#   no. = 17   ix  =  1   iy  =  1   iz  = 17
#   x = (  -6.0000E+02  -   6.0000E+02  )
#   y = (  -6.0000E+02  -   6.0000E+02  )
#   z = (  -3.8000E+02  -  -3.6000E+02  )

x: Energy [MeV/n]
y: Flux [1/cm^2/source]              
p: xlog ylog afac(0.8) form(0.9)
h: n            x            y(neutron ),hh0l n y(muon-   ),hh0dr n y(muon+   ),hh0ub n y(proton  ),hh0mg n 
#  e-lower      e-upper        neutron   r.err      muon-     r.err      muon+     r.err      proton    r.err 
   1.0000E-10   1.7783E-10   0.0000E+00  0.0000   0.0000E+00  0.0000   0.0000E+00  0.0000   0.0000E+00  0.0000
   1.7783E-10   3.1623E-10   0.0000E+00  0.0000   0.0000E+00  0.0000   0.0000E+00  0.0000   0.0000E+00  0.0000
   3.1623E-10   5.6234E-10   0.0000E+00  0.0000   0.0000E+00  0.0000   0.0000E+00  0.0000   0.0000E+00  0.0000
   5.6234E-10   1.0000E-09   0.0000E+00  0.0000   0.0000E+00  0.0000   0.0000E+00  0.0000   0.0000E+00  0.0000
   1.0000E-09   1.7783E-09   0.0000E+00  0.0000   0.0000E+00  0.0000   0.0000E+00  0.0000   0.0000E+00  0.0000
   1.7783E-09   3.1623E-09   0.0000E+00  0.0000   0.0000E+00  0.0000   0.0000E+00  0.0000   0.0000E+00  0.0000
   3.1623E-09   5.6234E-09   0.0000E+00  0.0000   0.0000E+00  0.0000   0.0000E+00  0.0000   0.0000E+00  0.0000
   5.6234E-09   1.0000E-08   8.7631E-07  1.0000   0.0000E+00  0.0000   0.0000E+00  0.0000   0.0000E+00  0.0000
   1.0000E-08   1.7783E-08   0.0000E+00  0.0000   0.0000E+00  0.0000   0.0000E+00  0.0000   0.0000E+00  0.0000
   1.7783E-08   3.1623E-08   8.3400E-08  1.0000   0.0000E+00  0.0000   0.0000E+00  0.0000   0.0000E+00  0.0000
   3.1623E-08   5.6234E-08   1.1567E-06  1.0000   0.0000E+00  0.0000   0.0000E+00  0.0000   0.0000E+00  0.0000
   5.6234E-08   1.0000E-07   2.5924E-06  1.0000   0.0000E+00  0.0000   0.0000E+00  0.0000   0.0000E+00  0.0000
   1.0000E-07   1.7783E-07   9.7174E-07  1.0000   0.0000E+00  0.0000   0.0000E+00  0.0000   0.0000E+00  0.0000
   1.7783E-07   3.1623E-07   0.0000E+00  0.0000   0.0000E+00  0.0000   0.0000E+00  0.0000   0.0000E+00  0.0000
   3.1623E-07   5.6234E-07   0.0000E+00  0.0000   0.0000E+00  0.0000   0.0000E+00  0.0000   0.0000E+00  0.0000
   5.6234E-07   1.0000E-06   0.0000E+00  0.0000   0.0000E+00  0.0000   0.0000E+00  0.0000   0.0000E+00  0.0000
   1.0000E-06   1.7783E-06   0.0000E+00  0.0000   0.0000E+00  0.0000   0.0000E+00  0.0000   0.0000E+00  0.0000
   1.7783E-06   3.1623E-06   0.0000E+00  0.0000   0.0000E+00  0.0000   0.0000E+00  0.0000   0.0000E+00  0.0000
   3.1623E-06   5.6234E-06   0.0000E+00  0.0000   0.0000E+00  0.0000   0.0000E+00  0.0000   0.0000E+00  0.0000
   5.6234E-06   1.0000E-05   0.0000E+00  0.0000   0.0000E+00  0.0000   0.0000E+00  0.0000   0.0000E+00  0.0000
   1.0000E-05   1.7783E-05   0.0000E+00  0.0000   0.0000E+00  0.0000   0.0000E+00  0.0000   0.0000E+00  0.0000
   1.7783E-05   3.1623E-05   0.0000E+00  0.0000   0.0000E+00  0.0000   0.0000E+00  0.0000   0.0000E+00  0.0000
   3.1623E-05   5.6234E-05   0.0000E+00  0.0000   0.0000E+00  0.0000   0.0000E+00  0.0000   0.0000E+00  0.0000
   5.6234E-05   1.0000E-04   0.0000E+00  0.0000   0.0000E+00  0.0000   0.0000E+00  0.0000   0.0000E+00  0.0000
   1.0000E-04   1.7783E-04   0.0000E+00  0.0000   1.0272E-20  0.7074   0.0000E+00  0.0000   0.0000E+00  0.0000
   1.7783E-04   3.1623E-04   0.0000E+00  0.0000   0.0000E+00  0.0000   0.0000E+00  0.0000   0.0000E+00  0.0000
   3.1623E-04   5.6234E-04   0.0000E+00  0.0000   5.1715E-21  1.0000   0.0000E+00  0.0000   0.0000E+00  0.0000
   5.6234E-04   1.0000E-03   0.0000E+00  0.0000   0.0000E+00  0.0000   0.0000E+00  0.0000   0.0000E+00  0.0000
   1.0000E-03   1.7783E-03   0.0000E+00  0.0000   4.7445E-11  0.4079   0.0000E+00  0.0000   0.0000E+00  0.0000
   1.7783E-03   3.1623E-03   0.0000E+00  0.0000   2.4342E-11  0.4070   0.0000E+00  0.0000   0.0000E+00  0.0000
   3.1623E-03   5.6234E-03   0.0000E+00  0.0000   3.5964E-11  0.4070   0.0000E+00  0.0000   0.0000E+00  0.0000
   5.6234E-03   1.0000E-02   0.0000E+00  0.0000   5.7680E-11  0.4070   0.0000E+00  0.0000   0.0000E+00  0.0000
   1.0000E-02   1.7783E-02   0.0000E+00  0.0000   1.0343E-10  0.4070   0.0000E+00  0.0000   0.0000E+00  0.0000
   1.7783E-02   3.1623E-02   0.0000E+00  0.0000   2.1352E-10  0.4070   0.0000E+00  0.0000   0.0000E+00  0.0000
   3.1623E-02   5.6234E-02   0.0000E+00  0.0000   4.9883E-10  0.4070   0.0000E+00  0.0000   0.0000E+00  0.0000
   5.6234E-02   1.0000E-01   0.0000E+00  0.0000   1.2499E-09  0.4070   0.0000E+00  0.0000   0.0000E+00  0.0000
   1.0000E-01   1.7783E-01   0.0000E+00  0.0000   3.2083E-09  0.4070   0.0000E+00  0.0000   0.0000E+00  0.0000
   1.7783E-01   3.1623E-01   0.0000E+00  0.0000   8.3922E-09  0.4070   0.0000E+00  0.0000   0.0000E+00  0.0000
   3.1623E-01   5.6234E-01   0.0000E+00  0.0000   2.2495E-08  0.4070   0.0000E+00  0.0000   0.0000E+00  0.0000
   5.6234E-01   1.0000E+00   0.0000E+00  0.0000   6.1697E-08  0.4070   0.0000E+00  0.0000   0.0000E+00  0.0000
   1.0000E+00   1.7783E+00   0.0000E+00  0.0000   1.7276E-07  0.4070   0.0000E+00  0.0000   0.0000E+00  0.0000
   1.7783E+00   3.1623E+00   3.1519E-05  1.0000   4.9141E-07  0.4070   0.0000E+00  0.0000   0.0000E+00  0.0000
   3.1623E+00   5.6234E+00   5.1884E-05  1.0000   1.3888E-06  0.4070   0.0000E+00  0.0000   0.0000E+00  0.0000
   5.6234E+00   1.0000E+01   3.2583E-05  1.0000   3.8687E-06  0.4070   0.0000E+00  0.0000   0.0000E+00  0.0000
   1.0000E+01   1.7783E+01   0.0000E+00  0.0000   1.0533E-05  0.4070   0.0000E+00  0.0000   0.0000E+00  0.0000
   1.7783E+01   3.1623E+01   0.0000E+00  0.0000   3.1762E-05  0.3766   0.0000E+00  0.0000   0.0000E+00  0.0000
   3.1623E+01   5.6234E+01   0.0000E+00  0.0000   6.7228E-05  0.4070   0.0000E+00  0.0000   0.0000E+00  0.0000
   5.6234E+01   1.0000E+02   0.0000E+00  0.0000   1.1326E-04  0.4395   0.0000E+00  0.0000   0.0000E+00  0.0000
   1.0000E+02   1.7783E+02   0.0000E+00  0.0000   4.4476E-05  0.6352   0.0000E+00  0.0000   0.0000E+00  0.0000
   1.7783E+02   3.1623E+02   0.0000E+00  0.0000   1.2476E-04  0.7175   0.0000E+00  0.0000   0.0000E+00  0.0000
   3.1623E+02   5.6234E+02   0.0000E+00  0.0000   3.2716E-04  0.4305   0.0000E+00  0.0000   0.0000E+00  0.0000
   5.6234E+02   1.0000E+03   0.0000E+00  0.0000   3.8083E-04  0.3822   0.0000E+00  0.0000   0.0000E+00  0.0000
   1.0000E+03   1.7783E+03   0.0000E+00  0.0000   3.8024E-04  0.3741   0.0000E+00  0.0000   0.0000E+00  0.0000
   1.7783E+03   3.1623E+03   0.0000E+00  0.0000   1.1304E-03  0.2463   0.0000E+00  0.0000   0.0000E+00  0.0000
   3.1623E+03   5.6234E+03   0.0000E+00  0.0000   7.3622E-04  0.3259   0.0000E+00  0.0000   0.0000E+00  0.0000
   5.6234E+03   1.0000E+04   0.0000E+00  0.0000   7.4475E-04  0.3257   0.0000E+00  0.0000   0.0000E+00  0.0000
   1.0000E+04   1.7783E+04   0.0000E+00  0.0000   4.9000E-04  0.3725   0.0000E+00  0.0000   0.0000E+00  0.0000
   1.7783E+04   3.1623E+04   0.0000E+00  0.0000   8.7726E-05  1.0000   0.0000E+00  0.0000   0.0000E+00  0.0000
   3.1623E+04   5.6234E+04   0.0000E+00  0.0000   6.2627E-05  1.0000   0.0000E+00  0.0000   0.0000E+00  0.0000
   5.6234E+04   1.0000E+05   0.0000E+00  0.0000   0.0000E+00  0.0000   0.0000E+00  0.0000   0.0000E+00  0.0000

#   sum over                 1.2167E-04  1.0000   4.7380E-03  0.1180   0.0000E+00  0.0000   0.0000E+00  0.0000

'no. = 17, (ix,iy,iz) = (  1,  1, 17)'
msuc: {\huge Flux spectra vs depth in concrete}
msdr: {\it plotted by \ANGEL \version}
msdl: {\it calculated by \PHITS  3.36}
wt: s(0.7)
\vspace{-3}
   vol  &=&   2.8800E+07 [cm^3]
  xmin  &=&  -6.0000E+02 [cm]
  xmax  &=&   6.0000E+02 [cm]
  ymin  &=&  -6.0000E+02 [cm]
  ymax  &=&   6.0000E+02 [cm]
  zmin  &=&  -3.8000E+02 [cm]
  zmax  &=&  -3.6000E+02 [cm]
e:

#------------------------------------------------------------------------------
 newpage:
#   no. = 18   ix  =  1   iy  =  1   iz  = 18
#   x = (  -6.0000E+02  -   6.0000E+02  )
#   y = (  -6.0000E+02  -   6.0000E+02  )
#   z = (  -3.6000E+02  -  -3.4000E+02  )

x: Energy [MeV/n]
y: Flux [1/cm^2/source]              
p: xlog ylog afac(0.8) form(0.9)
h: n            x            y(neutron ),hh0l n y(muon-   ),hh0dr n y(muon+   ),hh0ub n y(proton  ),hh0mg n 
#  e-lower      e-upper        neutron   r.err      muon-     r.err      muon+     r.err      proton    r.err 
   1.0000E-10   1.7783E-10   0.0000E+00  0.0000   0.0000E+00  0.0000   0.0000E+00  0.0000   0.0000E+00  0.0000
   1.7783E-10   3.1623E-10   0.0000E+00  0.0000   0.0000E+00  0.0000   0.0000E+00  0.0000   0.0000E+00  0.0000
   3.1623E-10   5.6234E-10   1.8202E-06  1.0000   0.0000E+00  0.0000   0.0000E+00  0.0000   0.0000E+00  0.0000
   5.6234E-10   1.0000E-09   0.0000E+00  0.0000   0.0000E+00  0.0000   0.0000E+00  0.0000   0.0000E+00  0.0000
   1.0000E-09   1.7783E-09   0.0000E+00  0.0000   0.0000E+00  0.0000   0.0000E+00  0.0000   0.0000E+00  0.0000
   1.7783E-09   3.1623E-09   0.0000E+00  0.0000   0.0000E+00  0.0000   0.0000E+00  0.0000   0.0000E+00  0.0000
   3.1623E-09   5.6234E-09   1.5492E-06  0.9217   0.0000E+00  0.0000   0.0000E+00  0.0000   0.0000E+00  0.0000
   5.6234E-09   1.0000E-08   9.8337E-06  0.9328   0.0000E+00  0.0000   0.0000E+00  0.0000   0.0000E+00  0.0000
   1.0000E-08   1.7783E-08   4.7243E-05  0.7073   0.0000E+00  0.0000   0.0000E+00  0.0000   0.0000E+00  0.0000
   1.7783E-08   3.1623E-08   8.0544E-05  0.7795   0.0000E+00  0.0000   0.0000E+00  0.0000   0.0000E+00  0.0000
   3.1623E-08   5.6234E-08   1.6603E-04  0.7076   0.0000E+00  0.0000   0.0000E+00  0.0000   0.0000E+00  0.0000
   5.6234E-08   1.0000E-07   1.3156E-04  0.7069   0.0000E+00  0.0000   0.0000E+00  0.0000   0.0000E+00  0.0000
   1.0000E-07   1.7783E-07   2.7769E-05  0.7259   0.0000E+00  0.0000   0.0000E+00  0.0000   0.0000E+00  0.0000
   1.7783E-07   3.1623E-07   5.9475E-07  1.0000   0.0000E+00  0.0000   0.0000E+00  0.0000   0.0000E+00  0.0000
   3.1623E-07   5.6234E-07   0.0000E+00  0.0000   0.0000E+00  0.0000   0.0000E+00  0.0000   0.0000E+00  0.0000
   5.6234E-07   1.0000E-06   0.0000E+00  0.0000   0.0000E+00  0.0000   0.0000E+00  0.0000   0.0000E+00  0.0000
   1.0000E-06   1.7783E-06   4.3117E-05  1.0000   0.0000E+00  0.0000   0.0000E+00  0.0000   0.0000E+00  0.0000
   1.7783E-06   3.1623E-06   0.0000E+00  0.0000   0.0000E+00  0.0000   0.0000E+00  0.0000   0.0000E+00  0.0000
   3.1623E-06   5.6234E-06   7.6099E-07  1.0000   0.0000E+00  0.0000   0.0000E+00  0.0000   0.0000E+00  0.0000
   5.6234E-06   1.0000E-05   4.0299E-05  1.0000   0.0000E+00  0.0000   0.0000E+00  0.0000   0.0000E+00  0.0000
   1.0000E-05   1.7783E-05   0.0000E+00  0.0000   0.0000E+00  0.0000   0.0000E+00  0.0000   0.0000E+00  0.0000
   1.7783E-05   3.1623E-05   1.3949E-05  1.0000   0.0000E+00  0.0000   0.0000E+00  0.0000   0.0000E+00  0.0000
   3.1623E-05   5.6234E-05   0.0000E+00  0.0000   0.0000E+00  0.0000   0.0000E+00  0.0000   0.0000E+00  0.0000
   5.6234E-05   1.0000E-04   8.1526E-06  1.0000   0.0000E+00  0.0000   0.0000E+00  0.0000   0.0000E+00  0.0000
   1.0000E-04   1.7783E-04   0.0000E+00  0.0000   2.7717E-16  1.0000   0.0000E+00  0.0000   0.0000E+00  0.0000
   1.7783E-04   3.1623E-04   9.6377E-06  1.0000   0.0000E+00  0.0000   0.0000E+00  0.0000   0.0000E+00  0.0000
   3.1623E-04   5.6234E-04   0.0000E+00  0.0000   0.0000E+00  0.0000   0.0000E+00  0.0000   0.0000E+00  0.0000
   5.6234E-04   1.0000E-03   9.2210E-06  1.0000   0.0000E+00  0.0000   0.0000E+00  0.0000   0.0000E+00  0.0000
   1.0000E-03   1.7783E-03   1.6486E-05  0.9998   8.3040E-12  1.0000   0.0000E+00  0.0000   0.0000E+00  0.0000
   1.7783E-03   3.1623E-03   0.0000E+00  0.0000   4.0570E-12  1.0000   0.0000E+00  0.0000   0.0000E+00  0.0000
   3.1623E-03   5.6234E-03   0.0000E+00  0.0000   5.9939E-12  1.0000   0.0000E+00  0.0000   0.0000E+00  0.0000
   5.6234E-03   1.0000E-02   2.2194E-05  1.0000   9.6133E-12  1.0000   0.0000E+00  0.0000   0.0000E+00  0.0000
   1.0000E-02   1.7783E-02   1.0432E-05  1.0000   1.7238E-11  1.0000   0.0000E+00  0.0000   0.0000E+00  0.0000
   1.7783E-02   3.1623E-02   3.7739E-05  0.9256   3.5587E-11  1.0000   0.0000E+00  0.0000   0.0000E+00  0.0000
   3.1623E-02   5.6234E-02   0.0000E+00  0.0000   8.3139E-11  1.0000   0.0000E+00  0.0000   0.0000E+00  0.0000
   5.6234E-02   1.0000E-01   0.0000E+00  0.0000   2.0831E-10  1.0000   0.0000E+00  0.0000   0.0000E+00  0.0000
   1.0000E-01   1.7783E-01   3.0337E-05  0.9987   5.3471E-10  1.0000   0.0000E+00  0.0000   0.0000E+00  0.0000
   1.7783E-01   3.1623E-01   3.1790E-05  0.8802   1.3987E-09  1.0000   0.0000E+00  0.0000   0.0000E+00  0.0000
   3.1623E-01   5.6234E-01   3.1047E-05  0.8868   3.7491E-09  1.0000   0.0000E+00  0.0000   0.0000E+00  0.0000
   5.6234E-01   1.0000E+00   0.0000E+00  0.0000   1.0283E-08  1.0000   0.0000E+00  0.0000   0.0000E+00  0.0000
   1.0000E+00   1.7783E+00   0.0000E+00  0.0000   2.8794E-08  1.0000   0.0000E+00  0.0000   0.0000E+00  0.0000
   1.7783E+00   3.1623E+00   7.1640E-06  1.0000   8.1902E-08  1.0000   0.0000E+00  0.0000   0.0000E+00  0.0000
   3.1623E+00   5.6234E+00   0.0000E+00  0.0000   2.3146E-07  1.0000   0.0000E+00  0.0000   0.0000E+00  0.0000
   5.6234E+00   1.0000E+01   0.0000E+00  0.0000   6.4479E-07  1.0000   0.0000E+00  0.0000   0.0000E+00  0.0000
   1.0000E+01   1.7783E+01   0.0000E+00  0.0000   1.7556E-06  1.0000   0.0000E+00  0.0000   0.0000E+00  0.0000
   1.7783E+01   3.1623E+01   0.0000E+00  0.0000   4.7091E-06  0.9736   0.0000E+00  0.0000   0.0000E+00  0.0000
   3.1623E+01   5.6234E+01   0.0000E+00  0.0000   2.2409E-05  0.7067   0.0000E+00  0.0000   0.0000E+00  0.0000
   5.6234E+01   1.0000E+02   0.0000E+00  0.0000   8.7411E-05  0.4900   0.0000E+00  0.0000   0.0000E+00  0.0000
   1.0000E+02   1.7783E+02   0.0000E+00  0.0000   3.0685E-04  0.3763   0.0000E+00  0.0000   0.0000E+00  0.0000
   1.7783E+02   3.1623E+02   0.0000E+00  0.0000   1.1626E-04  0.4775   0.0000E+00  0.0000   0.0000E+00  0.0000
   3.1623E+02   5.6234E+02   0.0000E+00  0.0000   2.7845E-04  0.4510   0.0000E+00  0.0000   0.0000E+00  0.0000
   5.6234E+02   1.0000E+03   0.0000E+00  0.0000   3.2951E-04  0.4181   0.0000E+00  0.0000   0.0000E+00  0.0000
   1.0000E+03   1.7783E+03   0.0000E+00  0.0000   4.2209E-04  0.3708   0.0000E+00  0.0000   0.0000E+00  0.0000
   1.7783E+03   3.1623E+03   0.0000E+00  0.0000   1.2223E-03  0.2374   0.0000E+00  0.0000   0.0000E+00  0.0000
   3.1623E+03   5.6234E+03   0.0000E+00  0.0000   7.6580E-04  0.3155   0.0000E+00  0.0000   0.0000E+00  0.0000
   5.6234E+03   1.0000E+04   0.0000E+00  0.0000   7.4475E-04  0.3257   0.0000E+00  0.0000   0.0000E+00  0.0000
   1.0000E+04   1.7783E+04   0.0000E+00  0.0000   6.7475E-04  0.4018   0.0000E+00  0.0000   0.0000E+00  0.0000
   1.7783E+04   3.1623E+04   0.0000E+00  0.0000   8.7726E-05  1.0000   0.0000E+00  0.0000   0.0000E+00  0.0000
   3.1623E+04   5.6234E+04   0.0000E+00  0.0000   7.8930E-05  0.8196   0.0000E+00  0.0000   0.0000E+00  0.0000
   5.6234E+04   1.0000E+05   0.0000E+00  0.0000   0.0000E+00  0.0000   0.0000E+00  0.0000   0.0000E+00  0.0000

#   sum over                 7.7928E-04  0.7068   5.1447E-03  0.1171   0.0000E+00  0.0000   0.0000E+00  0.0000

'no. = 18, (ix,iy,iz) = (  1,  1, 18)'
msuc: {\huge Flux spectra vs depth in concrete}
msdr: {\it plotted by \ANGEL \version}
msdl: {\it calculated by \PHITS  3.36}
wt: s(0.7)
\vspace{-3}
   vol  &=&   2.8800E+07 [cm^3]
  xmin  &=&  -6.0000E+02 [cm]
  xmax  &=&   6.0000E+02 [cm]
  ymin  &=&  -6.0000E+02 [cm]
  ymax  &=&   6.0000E+02 [cm]
  zmin  &=&  -3.6000E+02 [cm]
  zmax  &=&  -3.4000E+02 [cm]
e:

#------------------------------------------------------------------------------
 newpage:
#   no. = 19   ix  =  1   iy  =  1   iz  = 19
#   x = (  -6.0000E+02  -   6.0000E+02  )
#   y = (  -6.0000E+02  -   6.0000E+02  )
#   z = (  -3.4000E+02  -  -3.2000E+02  )

x: Energy [MeV/n]
y: Flux [1/cm^2/source]              
p: xlog ylog afac(0.8) form(0.9)
h: n            x            y(neutron ),hh0l n y(muon-   ),hh0dr n y(muon+   ),hh0ub n y(proton  ),hh0mg n 
#  e-lower      e-upper        neutron   r.err      muon-     r.err      muon+     r.err      proton    r.err 
   1.0000E-10   1.7783E-10   0.0000E+00  0.0000   0.0000E+00  0.0000   0.0000E+00  0.0000   0.0000E+00  0.0000
   1.7783E-10   3.1623E-10   0.0000E+00  0.0000   0.0000E+00  0.0000   0.0000E+00  0.0000   0.0000E+00  0.0000
   3.1623E-10   5.6234E-10   0.0000E+00  0.0000   0.0000E+00  0.0000   0.0000E+00  0.0000   0.0000E+00  0.0000
   5.6234E-10   1.0000E-09   0.0000E+00  0.0000   0.0000E+00  0.0000   0.0000E+00  0.0000   0.0000E+00  0.0000
   1.0000E-09   1.7783E-09   0.0000E+00  0.0000   0.0000E+00  0.0000   0.0000E+00  0.0000   0.0000E+00  0.0000
   1.7783E-09   3.1623E-09   3.5907E-06  1.0000   0.0000E+00  0.0000   0.0000E+00  0.0000   0.0000E+00  0.0000
   3.1623E-09   5.6234E-09   1.3484E-07  1.0000   0.0000E+00  0.0000   0.0000E+00  0.0000   0.0000E+00  0.0000
   5.6234E-09   1.0000E-08   0.0000E+00  0.0000   0.0000E+00  0.0000   0.0000E+00  0.0000   0.0000E+00  0.0000
   1.0000E-08   1.7783E-08   1.3808E-05  0.9647   0.0000E+00  0.0000   0.0000E+00  0.0000   0.0000E+00  0.0000
   1.7783E-08   3.1623E-08   1.0595E-05  0.7341   0.0000E+00  0.0000   0.0000E+00  0.0000   0.0000E+00  0.0000
   3.1623E-08   5.6234E-08   3.8940E-05  0.6781   0.0000E+00  0.0000   0.0000E+00  0.0000   0.0000E+00  0.0000
   5.6234E-08   1.0000E-07   6.3786E-05  0.8046   0.0000E+00  0.0000   0.0000E+00  0.0000   0.0000E+00  0.0000
   1.0000E-07   1.7783E-07   4.2252E-05  0.8874   0.0000E+00  0.0000   0.0000E+00  0.0000   0.0000E+00  0.0000
   1.7783E-07   3.1623E-07   6.5334E-06  1.0000   0.0000E+00  0.0000   0.0000E+00  0.0000   0.0000E+00  0.0000
   3.1623E-07   5.6234E-07   0.0000E+00  0.0000   0.0000E+00  0.0000   0.0000E+00  0.0000   0.0000E+00  0.0000
   5.6234E-07   1.0000E-06   2.3567E-06  1.0000   0.0000E+00  0.0000   0.0000E+00  0.0000   0.0000E+00  0.0000
   1.0000E-06   1.7783E-06   4.9910E-06  1.0000   0.0000E+00  0.0000   0.0000E+00  0.0000   0.0000E+00  0.0000
   1.7783E-06   3.1623E-06   0.0000E+00  0.0000   0.0000E+00  0.0000   0.0000E+00  0.0000   0.0000E+00  0.0000
   3.1623E-06   5.6234E-06   7.2962E-07  1.0000   0.0000E+00  0.0000   0.0000E+00  0.0000   0.0000E+00  0.0000
   5.6234E-06   1.0000E-05   0.0000E+00  0.0000   0.0000E+00  0.0000   0.0000E+00  0.0000   0.0000E+00  0.0000
   1.0000E-05   1.7783E-05   1.6986E-05  1.0000   0.0000E+00  0.0000   0.0000E+00  0.0000   0.0000E+00  0.0000
   1.7783E-05   3.1623E-05   1.5225E-05  1.0000   0.0000E+00  0.0000   0.0000E+00  0.0000   0.0000E+00  0.0000
   3.1623E-05   5.6234E-05   0.0000E+00  0.0000   0.0000E+00  0.0000   0.0000E+00  0.0000   0.0000E+00  0.0000
   5.6234E-05   1.0000E-04   0.0000E+00  0.0000   0.0000E+00  0.0000   0.0000E+00  0.0000   0.0000E+00  0.0000
   1.0000E-04   1.7783E-04   3.5738E-06  1.0000   5.2937E-21  1.0000   0.0000E+00  0.0000   0.0000E+00  0.0000
   1.7783E-04   3.1623E-04   1.1445E-05  1.0000   0.0000E+00  0.0000   0.0000E+00  0.0000   0.0000E+00  0.0000
   3.1623E-04   5.6234E-04   0.0000E+00  0.0000   0.0000E+00  0.0000   0.0000E+00  0.0000   0.0000E+00  0.0000
   5.6234E-04   1.0000E-03   5.1931E-06  1.0000   0.0000E+00  0.0000   0.0000E+00  0.0000   0.0000E+00  0.0000
   1.0000E-03   1.7783E-03   1.0468E-05  1.0000   2.4493E-11  0.5768   0.0000E+00  0.0000   0.0000E+00  0.0000
   1.7783E-03   3.1623E-03   0.0000E+00  0.0000   1.2171E-11  0.5766   0.0000E+00  0.0000   0.0000E+00  0.0000
   3.1623E-03   5.6234E-03   1.0443E-05  1.0000   1.7982E-11  0.5766   0.0000E+00  0.0000   0.0000E+00  0.0000
   5.6234E-03   1.0000E-02   2.4559E-05  1.0000   2.8840E-11  0.5766   0.0000E+00  0.0000   0.0000E+00  0.0000
   1.0000E-02   1.7783E-02   9.5575E-06  1.0000   5.1713E-11  0.5766   0.0000E+00  0.0000   0.0000E+00  0.0000
   1.7783E-02   3.1623E-02   0.0000E+00  0.0000   1.0676E-10  0.5766   0.0000E+00  0.0000   0.0000E+00  0.0000
   3.1623E-02   5.6234E-02   1.5212E-06  1.0000   2.4942E-10  0.5766   0.0000E+00  0.0000   0.0000E+00  0.0000
   5.6234E-02   1.0000E-01   8.5428E-06  1.0000   6.2494E-10  0.5766   0.0000E+00  0.0000   0.0000E+00  0.0000
   1.0000E-01   1.7783E-01   0.0000E+00  0.0000   1.6041E-09  0.5766   0.0000E+00  0.0000   0.0000E+00  0.0000
   1.7783E-01   3.1623E-01   0.0000E+00  0.0000   4.1961E-09  0.5766   0.0000E+00  0.0000   0.0000E+00  0.0000
   3.1623E-01   5.6234E-01   0.0000E+00  0.0000   1.1247E-08  0.5766   0.0000E+00  0.0000   0.0000E+00  0.0000
   5.6234E-01   1.0000E+00   6.3123E-07  1.0000   3.0849E-08  0.5766   0.0000E+00  0.0000   0.0000E+00  0.0000
   1.0000E+00   1.7783E+00   6.9908E-06  1.0000   8.6381E-08  0.5766   0.0000E+00  0.0000   0.0000E+00  0.0000
   1.7783E+00   3.1623E+00   0.0000E+00  0.0000   2.4571E-07  0.5766   0.0000E+00  0.0000   0.0000E+00  0.0000
   3.1623E+00   5.6234E+00   0.0000E+00  0.0000   6.9439E-07  0.5766   0.0000E+00  0.0000   0.0000E+00  0.0000
   5.6234E+00   1.0000E+01   0.0000E+00  0.0000   1.9344E-06  0.5766   0.0000E+00  0.0000   0.0000E+00  0.0000
   1.0000E+01   1.7783E+01   0.0000E+00  0.0000   5.2667E-06  0.5766   0.0000E+00  0.0000   0.0000E+00  0.0000
   1.7783E+01   3.1623E+01   0.0000E+00  0.0000   1.3750E-05  0.5766   0.0000E+00  0.0000   0.0000E+00  0.0000
   3.1623E+01   5.6234E+01   0.0000E+00  0.0000   3.3614E-05  0.5766   0.0000E+00  0.0000   0.0000E+00  0.0000
   5.6234E+01   1.0000E+02   0.0000E+00  0.0000   4.3400E-05  0.6663   0.0000E+00  0.0000   0.0000E+00  0.0000
   1.0000E+02   1.7783E+02   0.0000E+00  0.0000   8.2972E-05  0.6441   0.0000E+00  0.0000   0.0000E+00  0.0000
   1.7783E+02   3.1623E+02   0.0000E+00  0.0000   4.7063E-04  0.3663   0.0000E+00  0.0000   0.0000E+00  0.0000
   3.1623E+02   5.6234E+02   0.0000E+00  0.0000   1.8890E-04  0.5463   0.0000E+00  0.0000   0.0000E+00  0.0000
   5.6234E+02   1.0000E+03   0.0000E+00  0.0000   2.4885E-04  0.4504   0.0000E+00  0.0000   0.0000E+00  0.0000
   1.0000E+03   1.7783E+03   0.0000E+00  0.0000   5.2606E-04  0.3403   0.0000E+00  0.0000   0.0000E+00  0.0000
   1.7783E+03   3.1623E+03   0.0000E+00  0.0000   1.0611E-03  0.2517   0.0000E+00  0.0000   0.0000E+00  0.0000
   3.1623E+03   5.6234E+03   0.0000E+00  0.0000   9.0954E-04  0.2796   0.0000E+00  0.0000   0.0000E+00  0.0000
   5.6234E+03   1.0000E+04   0.0000E+00  0.0000   7.1319E-04  0.3115   0.0000E+00  0.0000   0.0000E+00  0.0000
   1.0000E+04   1.7783E+04   0.0000E+00  0.0000   6.7475E-04  0.4018   0.0000E+00  0.0000   0.0000E+00  0.0000
   1.7783E+04   3.1623E+04   0.0000E+00  0.0000   8.7726E-05  1.0000   0.0000E+00  0.0000   0.0000E+00  0.0000
   3.1623E+04   5.6234E+04   0.0000E+00  0.0000   1.7414E-04  0.7341   0.0000E+00  0.0000   0.0000E+00  0.0000
   5.6234E+04   1.0000E+05   0.0000E+00  0.0000   0.0000E+00  0.0000   0.0000E+00  0.0000   0.0000E+00  0.0000

#   sum over                 3.1285E-04  0.7452   5.2369E-03  0.1149   0.0000E+00  0.0000   0.0000E+00  0.0000

'no. = 19, (ix,iy,iz) = (  1,  1, 19)'
msuc: {\huge Flux spectra vs depth in concrete}
msdr: {\it plotted by \ANGEL \version}
msdl: {\it calculated by \PHITS  3.36}
wt: s(0.7)
\vspace{-3}
   vol  &=&   2.8800E+07 [cm^3]
  xmin  &=&  -6.0000E+02 [cm]
  xmax  &=&   6.0000E+02 [cm]
  ymin  &=&  -6.0000E+02 [cm]
  ymax  &=&   6.0000E+02 [cm]
  zmin  &=&  -3.4000E+02 [cm]
  zmax  &=&  -3.2000E+02 [cm]
e:

#------------------------------------------------------------------------------
 newpage:
#   no. = 20   ix  =  1   iy  =  1   iz  = 20
#   x = (  -6.0000E+02  -   6.0000E+02  )
#   y = (  -6.0000E+02  -   6.0000E+02  )
#   z = (  -3.2000E+02  -  -3.0000E+02  )

x: Energy [MeV/n]
y: Flux [1/cm^2/source]              
p: xlog ylog afac(0.8) form(0.9)
h: n            x            y(neutron ),hh0l n y(muon-   ),hh0dr n y(muon+   ),hh0ub n y(proton  ),hh0mg n 
#  e-lower      e-upper        neutron   r.err      muon-     r.err      muon+     r.err      proton    r.err 
   1.0000E-10   1.7783E-10   0.0000E+00  0.0000   0.0000E+00  0.0000   0.0000E+00  0.0000   0.0000E+00  0.0000
   1.7783E-10   3.1623E-10   0.0000E+00  0.0000   0.0000E+00  0.0000   0.0000E+00  0.0000   0.0000E+00  0.0000
   3.1623E-10   5.6234E-10   0.0000E+00  0.0000   0.0000E+00  0.0000   0.0000E+00  0.0000   0.0000E+00  0.0000
   5.6234E-10   1.0000E-09   0.0000E+00  0.0000   0.0000E+00  0.0000   0.0000E+00  0.0000   0.0000E+00  0.0000
   1.0000E-09   1.7783E-09   0.0000E+00  0.0000   0.0000E+00  0.0000   0.0000E+00  0.0000   0.0000E+00  0.0000
   1.7783E-09   3.1623E-09   3.0899E-06  1.0000   0.0000E+00  0.0000   0.0000E+00  0.0000   0.0000E+00  0.0000
   3.1623E-09   5.6234E-09   0.0000E+00  0.0000   0.0000E+00  0.0000   0.0000E+00  0.0000   0.0000E+00  0.0000
   5.6234E-09   1.0000E-08   1.8078E-06  1.0000   0.0000E+00  0.0000   0.0000E+00  0.0000   0.0000E+00  0.0000
   1.0000E-08   1.7783E-08   8.1110E-06  1.0000   0.0000E+00  0.0000   0.0000E+00  0.0000   0.0000E+00  0.0000
   1.7783E-08   3.1623E-08   0.0000E+00  0.0000   0.0000E+00  0.0000   0.0000E+00  0.0000   0.0000E+00  0.0000
   3.1623E-08   5.6234E-08   2.7328E-05  1.0000   0.0000E+00  0.0000   0.0000E+00  0.0000   0.0000E+00  0.0000
   5.6234E-08   1.0000E-07   4.4373E-05  1.0000   0.0000E+00  0.0000   0.0000E+00  0.0000   0.0000E+00  0.0000
   1.0000E-07   1.7783E-07   1.1245E-05  1.0000   0.0000E+00  0.0000   0.0000E+00  0.0000   0.0000E+00  0.0000
   1.7783E-07   3.1623E-07   0.0000E+00  0.0000   0.0000E+00  0.0000   0.0000E+00  0.0000   0.0000E+00  0.0000
   3.1623E-07   5.6234E-07   0.0000E+00  0.0000   0.0000E+00  0.0000   0.0000E+00  0.0000   0.0000E+00  0.0000
   5.6234E-07   1.0000E-06   0.0000E+00  0.0000   0.0000E+00  0.0000   0.0000E+00  0.0000   0.0000E+00  0.0000
   1.0000E-06   1.7783E-06   0.0000E+00  0.0000   0.0000E+00  0.0000   0.0000E+00  0.0000   0.0000E+00  0.0000
   1.7783E-06   3.1623E-06   0.0000E+00  0.0000   0.0000E+00  0.0000   0.0000E+00  0.0000   0.0000E+00  0.0000
   3.1623E-06   5.6234E-06   0.0000E+00  0.0000   0.0000E+00  0.0000   0.0000E+00  0.0000   0.0000E+00  0.0000
   5.6234E-06   1.0000E-05   0.0000E+00  0.0000   0.0000E+00  0.0000   0.0000E+00  0.0000   0.0000E+00  0.0000
   1.0000E-05   1.7783E-05   0.0000E+00  0.0000   0.0000E+00  0.0000   0.0000E+00  0.0000   0.0000E+00  0.0000
   1.7783E-05   3.1623E-05   0.0000E+00  0.0000   0.0000E+00  0.0000   0.0000E+00  0.0000   0.0000E+00  0.0000
   3.1623E-05   5.6234E-05   0.0000E+00  0.0000   0.0000E+00  0.0000   0.0000E+00  0.0000   0.0000E+00  0.0000
   5.6234E-05   1.0000E-04   0.0000E+00  0.0000   0.0000E+00  0.0000   0.0000E+00  0.0000   0.0000E+00  0.0000
   1.0000E-04   1.7783E-04   0.0000E+00  0.0000   0.0000E+00  0.0000   0.0000E+00  0.0000   0.0000E+00  0.0000
   1.7783E-04   3.1623E-04   0.0000E+00  0.0000   0.0000E+00  0.0000   0.0000E+00  0.0000   0.0000E+00  0.0000
   3.1623E-04   5.6234E-04   0.0000E+00  0.0000   0.0000E+00  0.0000   0.0000E+00  0.0000   0.0000E+00  0.0000
   5.6234E-04   1.0000E-03   0.0000E+00  0.0000   0.0000E+00  0.0000   0.0000E+00  0.0000   0.0000E+00  0.0000
   1.0000E-03   1.7783E-03   0.0000E+00  0.0000   0.0000E+00  0.0000   0.0000E+00  0.0000   0.0000E+00  0.0000
   1.7783E-03   3.1623E-03   0.0000E+00  0.0000   0.0000E+00  0.0000   0.0000E+00  0.0000   0.0000E+00  0.0000
   3.1623E-03   5.6234E-03   0.0000E+00  0.0000   0.0000E+00  0.0000   0.0000E+00  0.0000   0.0000E+00  0.0000
   5.6234E-03   1.0000E-02   0.0000E+00  0.0000   0.0000E+00  0.0000   0.0000E+00  0.0000   0.0000E+00  0.0000
   1.0000E-02   1.7783E-02   0.0000E+00  0.0000   0.0000E+00  0.0000   0.0000E+00  0.0000   0.0000E+00  0.0000
   1.7783E-02   3.1623E-02   0.0000E+00  0.0000   0.0000E+00  0.0000   0.0000E+00  0.0000   0.0000E+00  0.0000
   3.1623E-02   5.6234E-02   0.0000E+00  0.0000   0.0000E+00  0.0000   0.0000E+00  0.0000   0.0000E+00  0.0000
   5.6234E-02   1.0000E-01   0.0000E+00  0.0000   0.0000E+00  0.0000   0.0000E+00  0.0000   0.0000E+00  0.0000
   1.0000E-01   1.7783E-01   0.0000E+00  0.0000   0.0000E+00  0.0000   0.0000E+00  0.0000   0.0000E+00  0.0000
   1.7783E-01   3.1623E-01   0.0000E+00  0.0000   0.0000E+00  0.0000   0.0000E+00  0.0000   0.0000E+00  0.0000
   3.1623E-01   5.6234E-01   0.0000E+00  0.0000   0.0000E+00  0.0000   0.0000E+00  0.0000   0.0000E+00  0.0000
   5.6234E-01   1.0000E+00   0.0000E+00  0.0000   0.0000E+00  0.0000   0.0000E+00  0.0000   0.0000E+00  0.0000
   1.0000E+00   1.7783E+00   0.0000E+00  0.0000   0.0000E+00  0.0000   0.0000E+00  0.0000   0.0000E+00  0.0000
   1.7783E+00   3.1623E+00   0.0000E+00  0.0000   0.0000E+00  0.0000   0.0000E+00  0.0000   0.0000E+00  0.0000
   3.1623E+00   5.6234E+00   0.0000E+00  0.0000   0.0000E+00  0.0000   0.0000E+00  0.0000   0.0000E+00  0.0000
   5.6234E+00   1.0000E+01   0.0000E+00  0.0000   0.0000E+00  0.0000   0.0000E+00  0.0000   0.0000E+00  0.0000
   1.0000E+01   1.7783E+01   0.0000E+00  0.0000   0.0000E+00  0.0000   0.0000E+00  0.0000   0.0000E+00  0.0000
   1.7783E+01   3.1623E+01   0.0000E+00  0.0000   0.0000E+00  0.0000   0.0000E+00  0.0000   0.0000E+00  0.0000
   3.1623E+01   5.6234E+01   0.0000E+00  0.0000   0.0000E+00  0.0000   0.0000E+00  0.0000   0.0000E+00  0.0000
   5.6234E+01   1.0000E+02   0.0000E+00  0.0000   3.1852E-05  0.7345   0.0000E+00  0.0000   0.0000E+00  0.0000
   1.0000E+02   1.7783E+02   0.0000E+00  0.0000   1.0882E-04  0.5946   0.0000E+00  0.0000   0.0000E+00  0.0000
   1.7783E+02   3.1623E+02   0.0000E+00  0.0000   2.3678E-04  0.4495   0.0000E+00  0.0000   0.0000E+00  0.0000
   3.1623E+02   5.6234E+02   0.0000E+00  0.0000   3.9830E-04  0.3817   0.0000E+00  0.0000   0.0000E+00  0.0000
   5.6234E+02   1.0000E+03   0.0000E+00  0.0000   4.4664E-04  0.3607   0.0000E+00  0.0000   0.0000E+00  0.0000
   1.0000E+03   1.7783E+03   0.0000E+00  0.0000   5.4612E-04  0.3374   0.0000E+00  0.0000   0.0000E+00  0.0000
   1.7783E+03   3.1623E+03   0.0000E+00  0.0000   7.3475E-04  0.2913   0.0000E+00  0.0000   0.0000E+00  0.0000
   3.1623E+03   5.6234E+03   0.0000E+00  0.0000   1.1526E-03  0.2582   0.0000E+00  0.0000   0.0000E+00  0.0000
   5.6234E+03   1.0000E+04   0.0000E+00  0.0000   6.7664E-04  0.3188   0.0000E+00  0.0000   0.0000E+00  0.0000
   1.0000E+04   1.7783E+04   0.0000E+00  0.0000   6.4783E-04  0.3886   0.0000E+00  0.0000   0.0000E+00  0.0000
   1.7783E+04   3.1623E+04   0.0000E+00  0.0000   8.7726E-05  1.0000   0.0000E+00  0.0000   0.0000E+00  0.0000
   3.1623E+04   5.6234E+04   0.0000E+00  0.0000   1.7414E-04  0.7340   0.0000E+00  0.0000   0.0000E+00  0.0000
   5.6234E+04   1.0000E+05   0.0000E+00  0.0000   0.0000E+00  0.0000   0.0000E+00  0.0000   0.0000E+00  0.0000

#   sum over                 9.5954E-05  1.0000   5.2421E-03  0.1146   0.0000E+00  0.0000   0.0000E+00  0.0000

'no. = 20, (ix,iy,iz) = (  1,  1, 20)'
msuc: {\huge Flux spectra vs depth in concrete}
msdr: {\it plotted by \ANGEL \version}
msdl: {\it calculated by \PHITS  3.36}
wt: s(0.7)
\vspace{-3}
   vol  &=&   2.8800E+07 [cm^3]
  xmin  &=&  -6.0000E+02 [cm]
  xmax  &=&   6.0000E+02 [cm]
  ymin  &=&  -6.0000E+02 [cm]
  ymax  &=&   6.0000E+02 [cm]
  zmin  &=&  -3.2000E+02 [cm]
  zmax  &=&  -3.0000E+02 [cm]
e:

#------------------------------------------------------------------------------
 newpage:
#   no. = 21   ix  =  1   iy  =  1   iz  = 21
#   x = (  -6.0000E+02  -   6.0000E+02  )
#   y = (  -6.0000E+02  -   6.0000E+02  )
#   z = (  -3.0000E+02  -  -2.8000E+02  )

x: Energy [MeV/n]
y: Flux [1/cm^2/source]              
p: xlog ylog afac(0.8) form(0.9)
h: n            x            y(neutron ),hh0l n y(muon-   ),hh0dr n y(muon+   ),hh0ub n y(proton  ),hh0mg n 
#  e-lower      e-upper        neutron   r.err      muon-     r.err      muon+     r.err      proton    r.err 
   1.0000E-10   1.7783E-10   0.0000E+00  0.0000   0.0000E+00  0.0000   0.0000E+00  0.0000   0.0000E+00  0.0000
   1.7783E-10   3.1623E-10   0.0000E+00  0.0000   0.0000E+00  0.0000   0.0000E+00  0.0000   0.0000E+00  0.0000
   3.1623E-10   5.6234E-10   0.0000E+00  0.0000   0.0000E+00  0.0000   0.0000E+00  0.0000   0.0000E+00  0.0000
   5.6234E-10   1.0000E-09   0.0000E+00  0.0000   0.0000E+00  0.0000   0.0000E+00  0.0000   0.0000E+00  0.0000
   1.0000E-09   1.7783E-09   0.0000E+00  0.0000   0.0000E+00  0.0000   0.0000E+00  0.0000   0.0000E+00  0.0000
   1.7783E-09   3.1623E-09   0.0000E+00  0.0000   0.0000E+00  0.0000   0.0000E+00  0.0000   0.0000E+00  0.0000
   3.1623E-09   5.6234E-09   0.0000E+00  0.0000   0.0000E+00  0.0000   0.0000E+00  0.0000   0.0000E+00  0.0000
   5.6234E-09   1.0000E-08   0.0000E+00  0.0000   0.0000E+00  0.0000   0.0000E+00  0.0000   0.0000E+00  0.0000
   1.0000E-08   1.7783E-08   4.0675E-07  1.0000   0.0000E+00  0.0000   0.0000E+00  0.0000   0.0000E+00  0.0000
   1.7783E-08   3.1623E-08   2.9022E-06  1.0000   0.0000E+00  0.0000   0.0000E+00  0.0000   0.0000E+00  0.0000
   3.1623E-08   5.6234E-08   1.9506E-05  1.0000   0.0000E+00  0.0000   0.0000E+00  0.0000   0.0000E+00  0.0000
   5.6234E-08   1.0000E-07   1.0941E-05  1.0000   0.0000E+00  0.0000   0.0000E+00  0.0000   0.0000E+00  0.0000
   1.0000E-07   1.7783E-07   6.2904E-06  1.0000   0.0000E+00  0.0000   0.0000E+00  0.0000   0.0000E+00  0.0000
   1.7783E-07   3.1623E-07   0.0000E+00  0.0000   0.0000E+00  0.0000   0.0000E+00  0.0000   0.0000E+00  0.0000
   3.1623E-07   5.6234E-07   0.0000E+00  0.0000   0.0000E+00  0.0000   0.0000E+00  0.0000   0.0000E+00  0.0000
   5.6234E-07   1.0000E-06   0.0000E+00  0.0000   0.0000E+00  0.0000   0.0000E+00  0.0000   0.0000E+00  0.0000
   1.0000E-06   1.7783E-06   0.0000E+00  0.0000   0.0000E+00  0.0000   0.0000E+00  0.0000   0.0000E+00  0.0000
   1.7783E-06   3.1623E-06   0.0000E+00  0.0000   0.0000E+00  0.0000   0.0000E+00  0.0000   0.0000E+00  0.0000
   3.1623E-06   5.6234E-06   0.0000E+00  0.0000   0.0000E+00  0.0000   0.0000E+00  0.0000   0.0000E+00  0.0000
   5.6234E-06   1.0000E-05   0.0000E+00  0.0000   0.0000E+00  0.0000   0.0000E+00  0.0000   0.0000E+00  0.0000
   1.0000E-05   1.7783E-05   0.0000E+00  0.0000   0.0000E+00  0.0000   0.0000E+00  0.0000   0.0000E+00  0.0000
   1.7783E-05   3.1623E-05   0.0000E+00  0.0000   0.0000E+00  0.0000   0.0000E+00  0.0000   0.0000E+00  0.0000
   3.1623E-05   5.6234E-05   0.0000E+00  0.0000   0.0000E+00  0.0000   0.0000E+00  0.0000   0.0000E+00  0.0000
   5.6234E-05   1.0000E-04   0.0000E+00  0.0000   0.0000E+00  0.0000   0.0000E+00  0.0000   0.0000E+00  0.0000
   1.0000E-04   1.7783E-04   0.0000E+00  0.0000   0.0000E+00  0.0000   0.0000E+00  0.0000   0.0000E+00  0.0000
   1.7783E-04   3.1623E-04   0.0000E+00  0.0000   0.0000E+00  0.0000   0.0000E+00  0.0000   0.0000E+00  0.0000
   3.1623E-04   5.6234E-04   0.0000E+00  0.0000   5.3066E-21  1.0000   0.0000E+00  0.0000   0.0000E+00  0.0000
   5.6234E-04   1.0000E-03   0.0000E+00  0.0000   0.0000E+00  0.0000   0.0000E+00  0.0000   0.0000E+00  0.0000
   1.0000E-03   1.7783E-03   0.0000E+00  0.0000   1.2105E-11  0.7067   0.0000E+00  0.0000   0.0000E+00  0.0000
   1.7783E-03   3.1623E-03   0.0000E+00  0.0000   8.1140E-12  0.7067   0.0000E+00  0.0000   0.0000E+00  0.0000
   3.1623E-03   5.6234E-03   0.0000E+00  0.0000   1.1988E-11  0.7067   0.0000E+00  0.0000   0.0000E+00  0.0000
   5.6234E-03   1.0000E-02   0.0000E+00  0.0000   1.9227E-11  0.7067   0.0000E+00  0.0000   0.0000E+00  0.0000
   1.0000E-02   1.7783E-02   0.0000E+00  0.0000   3.4475E-11  0.7067   0.0000E+00  0.0000   0.0000E+00  0.0000
   1.7783E-02   3.1623E-02   0.0000E+00  0.0000   7.1175E-11  0.7067   0.0000E+00  0.0000   0.0000E+00  0.0000
   3.1623E-02   5.6234E-02   0.0000E+00  0.0000   1.6628E-10  0.7067   0.0000E+00  0.0000   0.0000E+00  0.0000
   5.6234E-02   1.0000E-01   0.0000E+00  0.0000   4.1663E-10  0.7067   0.0000E+00  0.0000   0.0000E+00  0.0000
   1.0000E-01   1.7783E-01   0.0000E+00  0.0000   1.0694E-09  0.7067   0.0000E+00  0.0000   0.0000E+00  0.0000
   1.7783E-01   3.1623E-01   0.0000E+00  0.0000   2.7974E-09  0.7067   0.0000E+00  0.0000   0.0000E+00  0.0000
   3.1623E-01   5.6234E-01   0.0000E+00  0.0000   7.4983E-09  0.7067   0.0000E+00  0.0000   0.0000E+00  0.0000
   5.6234E-01   1.0000E+00   0.0000E+00  0.0000   2.0566E-08  0.7067   0.0000E+00  0.0000   0.0000E+00  0.0000
   1.0000E+00   1.7783E+00   0.0000E+00  0.0000   5.7587E-08  0.7067   0.0000E+00  0.0000   0.0000E+00  0.0000
   1.7783E+00   3.1623E+00   0.0000E+00  0.0000   1.6380E-07  0.7067   0.0000E+00  0.0000   0.0000E+00  0.0000
   3.1623E+00   5.6234E+00   0.0000E+00  0.0000   4.6293E-07  0.7067   0.0000E+00  0.0000   0.0000E+00  0.0000
   5.6234E+00   1.0000E+01   0.0000E+00  0.0000   1.2896E-06  0.7067   0.0000E+00  0.0000   0.0000E+00  0.0000
   1.0000E+01   1.7783E+01   0.0000E+00  0.0000   2.8655E-06  0.7244   0.0000E+00  0.0000   0.0000E+00  0.0000
   1.7783E+01   3.1623E+01   0.0000E+00  0.0000   4.5834E-06  1.0000   0.0000E+00  0.0000   0.0000E+00  0.0000
   3.1623E+01   5.6234E+01   0.0000E+00  0.0000   1.1205E-05  1.0000   0.0000E+00  0.0000   0.0000E+00  0.0000
   5.6234E+01   1.0000E+02   0.0000E+00  0.0000   2.2081E-05  1.0000   0.0000E+00  0.0000   0.0000E+00  0.0000
   1.0000E+02   1.7783E+02   0.0000E+00  0.0000   1.6580E-05  0.7302   0.0000E+00  0.0000   0.0000E+00  0.0000
   1.7783E+02   3.1623E+02   0.0000E+00  0.0000   1.4251E-04  0.5611   0.0000E+00  0.0000   0.0000E+00  0.0000
   3.1623E+02   5.6234E+02   0.0000E+00  0.0000   3.9632E-04  0.4142   0.0000E+00  0.0000   0.0000E+00  0.0000
   5.6234E+02   1.0000E+03   0.0000E+00  0.0000   5.7681E-04  0.3736   0.0000E+00  0.0000   0.0000E+00  0.0000
   1.0000E+03   1.7783E+03   0.0000E+00  0.0000   6.0306E-04  0.3263   0.0000E+00  0.0000   0.0000E+00  0.0000
   1.7783E+03   3.1623E+03   0.0000E+00  0.0000   5.9049E-04  0.3259   0.0000E+00  0.0000   0.0000E+00  0.0000
   3.1623E+03   5.6234E+03   0.0000E+00  0.0000   1.2692E-03  0.2434   0.0000E+00  0.0000   0.0000E+00  0.0000
   5.6234E+03   1.0000E+04   0.0000E+00  0.0000   6.7032E-04  0.3158   0.0000E+00  0.0000   0.0000E+00  0.0000
   1.0000E+04   1.7783E+04   0.0000E+00  0.0000   4.9288E-04  0.3701   0.0000E+00  0.0000   0.0000E+00  0.0000
   1.7783E+04   3.1623E+04   0.0000E+00  0.0000   8.7726E-05  1.0000   0.0000E+00  0.0000   0.0000E+00  0.0000
   3.1623E+04   5.6234E+04   0.0000E+00  0.0000   1.7414E-04  0.7340   0.0000E+00  0.0000   0.0000E+00  0.0000
   5.6234E+04   1.0000E+05   0.0000E+00  0.0000   0.0000E+00  0.0000   0.0000E+00  0.0000   0.0000E+00  0.0000

#   sum over                 4.0046E-05  1.0000   5.0627E-03  0.1151   0.0000E+00  0.0000   0.0000E+00  0.0000

'no. = 21, (ix,iy,iz) = (  1,  1, 21)'
msuc: {\huge Flux spectra vs depth in concrete}
msdr: {\it plotted by \ANGEL \version}
msdl: {\it calculated by \PHITS  3.36}
wt: s(0.7)
\vspace{-3}
   vol  &=&   2.8800E+07 [cm^3]
  xmin  &=&  -6.0000E+02 [cm]
  xmax  &=&   6.0000E+02 [cm]
  ymin  &=&  -6.0000E+02 [cm]
  ymax  &=&   6.0000E+02 [cm]
  zmin  &=&  -3.0000E+02 [cm]
  zmax  &=&  -2.8000E+02 [cm]
e:

#------------------------------------------------------------------------------
 newpage:
#   no. = 22   ix  =  1   iy  =  1   iz  = 22
#   x = (  -6.0000E+02  -   6.0000E+02  )
#   y = (  -6.0000E+02  -   6.0000E+02  )
#   z = (  -2.8000E+02  -  -2.6000E+02  )

x: Energy [MeV/n]
y: Flux [1/cm^2/source]              
p: xlog ylog afac(0.8) form(0.9)
h: n            x            y(neutron ),hh0l n y(muon-   ),hh0dr n y(muon+   ),hh0ub n y(proton  ),hh0mg n 
#  e-lower      e-upper        neutron   r.err      muon-     r.err      muon+     r.err      proton    r.err 
   1.0000E-10   1.7783E-10   0.0000E+00  0.0000   0.0000E+00  0.0000   0.0000E+00  0.0000   0.0000E+00  0.0000
   1.7783E-10   3.1623E-10   0.0000E+00  0.0000   0.0000E+00  0.0000   0.0000E+00  0.0000   0.0000E+00  0.0000
   3.1623E-10   5.6234E-10   0.0000E+00  0.0000   0.0000E+00  0.0000   0.0000E+00  0.0000   0.0000E+00  0.0000
   5.6234E-10   1.0000E-09   0.0000E+00  0.0000   0.0000E+00  0.0000   0.0000E+00  0.0000   0.0000E+00  0.0000
   1.0000E-09   1.7783E-09   0.0000E+00  0.0000   0.0000E+00  0.0000   0.0000E+00  0.0000   0.0000E+00  0.0000
   1.7783E-09   3.1623E-09   4.9234E-07  1.0000   0.0000E+00  0.0000   0.0000E+00  0.0000   0.0000E+00  0.0000
   3.1623E-09   5.6234E-09   2.5949E-07  1.0000   0.0000E+00  0.0000   0.0000E+00  0.0000   0.0000E+00  0.0000
   5.6234E-09   1.0000E-08   9.2989E-07  1.0000   0.0000E+00  0.0000   0.0000E+00  0.0000   0.0000E+00  0.0000
   1.0000E-08   1.7783E-08   1.3608E-06  1.0000   0.0000E+00  0.0000   0.0000E+00  0.0000   0.0000E+00  0.0000
   1.7783E-08   3.1623E-08   6.2008E-06  0.8161   0.0000E+00  0.0000   0.0000E+00  0.0000   0.0000E+00  0.0000
   3.1623E-08   5.6234E-08   2.1096E-05  0.9540   0.0000E+00  0.0000   0.0000E+00  0.0000   0.0000E+00  0.0000
   5.6234E-08   1.0000E-07   1.6879E-05  1.0000   0.0000E+00  0.0000   0.0000E+00  0.0000   0.0000E+00  0.0000
   1.0000E-07   1.7783E-07   7.8128E-06  1.0000   0.0000E+00  0.0000   0.0000E+00  0.0000   0.0000E+00  0.0000
   1.7783E-07   3.1623E-07   0.0000E+00  0.0000   0.0000E+00  0.0000   0.0000E+00  0.0000   0.0000E+00  0.0000
   3.1623E-07   5.6234E-07   0.0000E+00  0.0000   0.0000E+00  0.0000   0.0000E+00  0.0000   0.0000E+00  0.0000
   5.6234E-07   1.0000E-06   0.0000E+00  0.0000   0.0000E+00  0.0000   0.0000E+00  0.0000   0.0000E+00  0.0000
   1.0000E-06   1.7783E-06   0.0000E+00  0.0000   0.0000E+00  0.0000   0.0000E+00  0.0000   0.0000E+00  0.0000
   1.7783E-06   3.1623E-06   0.0000E+00  0.0000   0.0000E+00  0.0000   0.0000E+00  0.0000   0.0000E+00  0.0000
   3.1623E-06   5.6234E-06   0.0000E+00  0.0000   0.0000E+00  0.0000   0.0000E+00  0.0000   0.0000E+00  0.0000
   5.6234E-06   1.0000E-05   0.0000E+00  0.0000   0.0000E+00  0.0000   0.0000E+00  0.0000   0.0000E+00  0.0000
   1.0000E-05   1.7783E-05   0.0000E+00  0.0000   0.0000E+00  0.0000   0.0000E+00  0.0000   0.0000E+00  0.0000
   1.7783E-05   3.1623E-05   0.0000E+00  0.0000   0.0000E+00  0.0000   0.0000E+00  0.0000   0.0000E+00  0.0000
   3.1623E-05   5.6234E-05   0.0000E+00  0.0000   0.0000E+00  0.0000   0.0000E+00  0.0000   0.0000E+00  0.0000
   5.6234E-05   1.0000E-04   0.0000E+00  0.0000   0.0000E+00  0.0000   0.0000E+00  0.0000   0.0000E+00  0.0000
   1.0000E-04   1.7783E-04   0.0000E+00  0.0000   0.0000E+00  0.0000   0.0000E+00  0.0000   0.0000E+00  0.0000
   1.7783E-04   3.1623E-04   0.0000E+00  0.0000   0.0000E+00  0.0000   0.0000E+00  0.0000   0.0000E+00  0.0000
   3.1623E-04   5.6234E-04   0.0000E+00  0.0000   0.0000E+00  0.0000   0.0000E+00  0.0000   0.0000E+00  0.0000
   5.6234E-04   1.0000E-03   0.0000E+00  0.0000   0.0000E+00  0.0000   0.0000E+00  0.0000   0.0000E+00  0.0000
   1.0000E-03   1.7783E-03   0.0000E+00  0.0000   1.6349E-11  0.7068   0.0000E+00  0.0000   0.0000E+00  0.0000
   1.7783E-03   3.1623E-03   0.0000E+00  0.0000   8.1140E-12  0.7067   0.0000E+00  0.0000   0.0000E+00  0.0000
   3.1623E-03   5.6234E-03   0.0000E+00  0.0000   1.1988E-11  0.7067   0.0000E+00  0.0000   0.0000E+00  0.0000
   5.6234E-03   1.0000E-02   0.0000E+00  0.0000   1.9227E-11  0.7067   0.0000E+00  0.0000   0.0000E+00  0.0000
   1.0000E-02   1.7783E-02   0.0000E+00  0.0000   3.4475E-11  0.7067   0.0000E+00  0.0000   0.0000E+00  0.0000
   1.7783E-02   3.1623E-02   0.0000E+00  0.0000   7.1175E-11  0.7067   0.0000E+00  0.0000   0.0000E+00  0.0000
   3.1623E-02   5.6234E-02   0.0000E+00  0.0000   1.6628E-10  0.7067   0.0000E+00  0.0000   0.0000E+00  0.0000
   5.6234E-02   1.0000E-01   0.0000E+00  0.0000   4.1663E-10  0.7067   0.0000E+00  0.0000   0.0000E+00  0.0000
   1.0000E-01   1.7783E-01   0.0000E+00  0.0000   1.0694E-09  0.7067   0.0000E+00  0.0000   0.0000E+00  0.0000
   1.7783E-01   3.1623E-01   0.0000E+00  0.0000   2.7974E-09  0.7067   0.0000E+00  0.0000   0.0000E+00  0.0000
   3.1623E-01   5.6234E-01   0.0000E+00  0.0000   7.4983E-09  0.7067   0.0000E+00  0.0000   0.0000E+00  0.0000
   5.6234E-01   1.0000E+00   0.0000E+00  0.0000   2.0566E-08  0.7067   0.0000E+00  0.0000   0.0000E+00  0.0000
   1.0000E+00   1.7783E+00   0.0000E+00  0.0000   5.7587E-08  0.7067   0.0000E+00  0.0000   0.0000E+00  0.0000
   1.7783E+00   3.1623E+00   0.0000E+00  0.0000   1.6380E-07  0.7067   0.0000E+00  0.0000   0.0000E+00  0.0000
   3.1623E+00   5.6234E+00   0.0000E+00  0.0000   4.6293E-07  0.7067   0.0000E+00  0.0000   0.0000E+00  0.0000
   5.6234E+00   1.0000E+01   0.0000E+00  0.0000   1.2896E-06  0.7067   0.0000E+00  0.0000   0.0000E+00  0.0000
   1.0000E+01   1.7783E+01   0.0000E+00  0.0000   4.1568E-06  0.6165   0.0000E+00  0.0000   0.0000E+00  0.0000
   1.7783E+01   3.1623E+01   0.0000E+00  0.0000   1.3750E-05  0.5766   0.0000E+00  0.0000   0.0000E+00  0.0000
   3.1623E+01   5.6234E+01   0.0000E+00  0.0000   3.1819E-05  0.5785   0.0000E+00  0.0000   0.0000E+00  0.0000
   5.6234E+01   1.0000E+02   0.0000E+00  0.0000   5.3171E-05  0.6690   0.0000E+00  0.0000   0.0000E+00  0.0000
   1.0000E+02   1.7783E+02   0.0000E+00  0.0000   1.1214E-04  0.6226   0.0000E+00  0.0000   0.0000E+00  0.0000
   1.7783E+02   3.1623E+02   0.0000E+00  0.0000   9.6719E-05  0.6531   0.0000E+00  0.0000   0.0000E+00  0.0000
   3.1623E+02   5.6234E+02   0.0000E+00  0.0000   2.8343E-04  0.4360   0.0000E+00  0.0000   0.0000E+00  0.0000
   5.6234E+02   1.0000E+03   0.0000E+00  0.0000   7.0254E-04  0.3031   0.0000E+00  0.0000   0.0000E+00  0.0000
   1.0000E+03   1.7783E+03   0.0000E+00  0.0000   7.2382E-04  0.2954   0.0000E+00  0.0000   0.0000E+00  0.0000
   1.7783E+03   3.1623E+03   0.0000E+00  0.0000   5.4991E-04  0.3283   0.0000E+00  0.0000   0.0000E+00  0.0000
   3.1623E+03   5.6234E+03   0.0000E+00  0.0000   1.3058E-03  0.2421   0.0000E+00  0.0000   0.0000E+00  0.0000
   5.6234E+03   1.0000E+04   0.0000E+00  0.0000   6.5895E-04  0.3201   0.0000E+00  0.0000   0.0000E+00  0.0000
   1.0000E+04   1.7783E+04   0.0000E+00  0.0000   5.5708E-04  0.3445   0.0000E+00  0.0000   0.0000E+00  0.0000
   1.7783E+04   3.1623E+04   0.0000E+00  0.0000   8.7726E-05  1.0000   0.0000E+00  0.0000   0.0000E+00  0.0000
   3.1623E+04   5.6234E+04   0.0000E+00  0.0000   1.7414E-04  0.7340   0.0000E+00  0.0000   0.0000E+00  0.0000
   5.6234E+04   1.0000E+05   0.0000E+00  0.0000   0.0000E+00  0.0000   0.0000E+00  0.0000   0.0000E+00  0.0000

#   sum over                 5.5031E-05  0.9590   5.3572E-03  0.1109   0.0000E+00  0.0000   0.0000E+00  0.0000

'no. = 22, (ix,iy,iz) = (  1,  1, 22)'
msuc: {\huge Flux spectra vs depth in concrete}
msdr: {\it plotted by \ANGEL \version}
msdl: {\it calculated by \PHITS  3.36}
wt: s(0.7)
\vspace{-3}
   vol  &=&   2.8800E+07 [cm^3]
  xmin  &=&  -6.0000E+02 [cm]
  xmax  &=&   6.0000E+02 [cm]
  ymin  &=&  -6.0000E+02 [cm]
  ymax  &=&   6.0000E+02 [cm]
  zmin  &=&  -2.8000E+02 [cm]
  zmax  &=&  -2.6000E+02 [cm]
e:

#------------------------------------------------------------------------------
 newpage:
#   no. = 23   ix  =  1   iy  =  1   iz  = 23
#   x = (  -6.0000E+02  -   6.0000E+02  )
#   y = (  -6.0000E+02  -   6.0000E+02  )
#   z = (  -2.6000E+02  -  -2.4000E+02  )

x: Energy [MeV/n]
y: Flux [1/cm^2/source]              
p: xlog ylog afac(0.8) form(0.9)
h: n            x            y(neutron ),hh0l n y(muon-   ),hh0dr n y(muon+   ),hh0ub n y(proton  ),hh0mg n 
#  e-lower      e-upper        neutron   r.err      muon-     r.err      muon+     r.err      proton    r.err 
   1.0000E-10   1.7783E-10   0.0000E+00  0.0000   0.0000E+00  0.0000   0.0000E+00  0.0000   0.0000E+00  0.0000
   1.7783E-10   3.1623E-10   0.0000E+00  0.0000   0.0000E+00  0.0000   0.0000E+00  0.0000   0.0000E+00  0.0000
   3.1623E-10   5.6234E-10   0.0000E+00  0.0000   0.0000E+00  0.0000   0.0000E+00  0.0000   0.0000E+00  0.0000
   5.6234E-10   1.0000E-09   6.8153E-08  1.0000   0.0000E+00  0.0000   0.0000E+00  0.0000   0.0000E+00  0.0000
   1.0000E-09   1.7783E-09   1.7823E-06  1.0000   0.0000E+00  0.0000   0.0000E+00  0.0000   0.0000E+00  0.0000
   1.7783E-09   3.1623E-09   3.9571E-08  1.0000   0.0000E+00  0.0000   0.0000E+00  0.0000   0.0000E+00  0.0000
   3.1623E-09   5.6234E-09   8.2994E-06  0.7412   0.0000E+00  0.0000   0.0000E+00  0.0000   0.0000E+00  0.0000
   5.6234E-09   1.0000E-08   7.7310E-06  0.6421   0.0000E+00  0.0000   0.0000E+00  0.0000   0.0000E+00  0.0000
   1.0000E-08   1.7783E-08   4.7851E-05  0.7441   0.0000E+00  0.0000   0.0000E+00  0.0000   0.0000E+00  0.0000
   1.7783E-08   3.1623E-08   8.4547E-05  0.5974   0.0000E+00  0.0000   0.0000E+00  0.0000   0.0000E+00  0.0000
   3.1623E-08   5.6234E-08   1.8451E-04  0.6261   0.0000E+00  0.0000   0.0000E+00  0.0000   0.0000E+00  0.0000
   5.6234E-08   1.0000E-07   1.7780E-04  0.6203   0.0000E+00  0.0000   0.0000E+00  0.0000   0.0000E+00  0.0000
   1.0000E-07   1.7783E-07   4.4231E-05  0.6112   0.0000E+00  0.0000   0.0000E+00  0.0000   0.0000E+00  0.0000
   1.7783E-07   3.1623E-07   1.5876E-05  1.0000   0.0000E+00  0.0000   0.0000E+00  0.0000   0.0000E+00  0.0000
   3.1623E-07   5.6234E-07   0.0000E+00  0.0000   0.0000E+00  0.0000   0.0000E+00  0.0000   0.0000E+00  0.0000
   5.6234E-07   1.0000E-06   0.0000E+00  0.0000   0.0000E+00  0.0000   0.0000E+00  0.0000   0.0000E+00  0.0000
   1.0000E-06   1.7783E-06   1.3873E-05  1.0000   0.0000E+00  0.0000   0.0000E+00  0.0000   0.0000E+00  0.0000
   1.7783E-06   3.1623E-06   0.0000E+00  0.0000   0.0000E+00  0.0000   0.0000E+00  0.0000   0.0000E+00  0.0000
   3.1623E-06   5.6234E-06   6.9906E-06  1.0000   0.0000E+00  0.0000   0.0000E+00  0.0000   0.0000E+00  0.0000
   5.6234E-06   1.0000E-05   2.2204E-06  1.0000   0.0000E+00  0.0000   0.0000E+00  0.0000   0.0000E+00  0.0000
   1.0000E-05   1.7783E-05   0.0000E+00  0.0000   0.0000E+00  0.0000   0.0000E+00  0.0000   0.0000E+00  0.0000
   1.7783E-05   3.1623E-05   0.0000E+00  0.0000   0.0000E+00  0.0000   0.0000E+00  0.0000   0.0000E+00  0.0000
   3.1623E-05   5.6234E-05   0.0000E+00  0.0000   0.0000E+00  0.0000   0.0000E+00  0.0000   0.0000E+00  0.0000
   5.6234E-05   1.0000E-04   0.0000E+00  0.0000   0.0000E+00  0.0000   0.0000E+00  0.0000   0.0000E+00  0.0000
   1.0000E-04   1.7783E-04   0.0000E+00  0.0000   0.0000E+00  0.0000   0.0000E+00  0.0000   0.0000E+00  0.0000
   1.7783E-04   3.1623E-04   0.0000E+00  0.0000   0.0000E+00  0.0000   0.0000E+00  0.0000   0.0000E+00  0.0000
   3.1623E-04   5.6234E-04   0.0000E+00  0.0000   0.0000E+00  0.0000   0.0000E+00  0.0000   0.0000E+00  0.0000
   5.6234E-04   1.0000E-03   7.0347E-06  1.0000   0.0000E+00  0.0000   0.0000E+00  0.0000   0.0000E+00  0.0000
   1.0000E-03   1.7783E-03   5.7094E-07  1.0000   8.3040E-12  1.0000   0.0000E+00  0.0000   0.0000E+00  0.0000
   1.7783E-03   3.1623E-03   8.4720E-06  1.0000   4.0570E-12  1.0000   0.0000E+00  0.0000   0.0000E+00  0.0000
   3.1623E-03   5.6234E-03   0.0000E+00  0.0000   5.9939E-12  1.0000   0.0000E+00  0.0000   0.0000E+00  0.0000
   5.6234E-03   1.0000E-02   0.0000E+00  0.0000   9.6133E-12  1.0000   0.0000E+00  0.0000   0.0000E+00  0.0000
   1.0000E-02   1.7783E-02   2.0530E-05  1.0000   1.7238E-11  1.0000   0.0000E+00  0.0000   0.0000E+00  0.0000
   1.7783E-02   3.1623E-02   0.0000E+00  0.0000   3.5587E-11  1.0000   0.0000E+00  0.0000   0.0000E+00  0.0000
   3.1623E-02   5.6234E-02   1.1058E-05  1.0000   8.3139E-11  1.0000   0.0000E+00  0.0000   0.0000E+00  0.0000
   5.6234E-02   1.0000E-01   2.4647E-06  1.0000   2.0831E-10  1.0000   0.0000E+00  0.0000   0.0000E+00  0.0000
   1.0000E-01   1.7783E-01   0.0000E+00  0.0000   5.3471E-10  1.0000   0.0000E+00  0.0000   0.0000E+00  0.0000
   1.7783E-01   3.1623E-01   3.2628E-05  0.7610   1.3987E-09  1.0000   0.0000E+00  0.0000   0.0000E+00  0.0000
   3.1623E-01   5.6234E-01   2.5563E-06  1.0000   3.7491E-09  1.0000   0.0000E+00  0.0000   0.0000E+00  0.0000
   5.6234E-01   1.0000E+00   3.3616E-06  1.0000   1.0283E-08  1.0000   0.0000E+00  0.0000   0.0000E+00  0.0000
   1.0000E+00   1.7783E+00   0.0000E+00  0.0000   2.8794E-08  1.0000   0.0000E+00  0.0000   0.0000E+00  0.0000
   1.7783E+00   3.1623E+00   0.0000E+00  0.0000   8.1902E-08  1.0000   0.0000E+00  0.0000   0.0000E+00  0.0000
   3.1623E+00   5.6234E+00   8.0123E-06  1.0000   2.3146E-07  1.0000   0.0000E+00  0.0000   0.0000E+00  0.0000
   5.6234E+00   1.0000E+01   0.0000E+00  0.0000   6.4479E-07  1.0000   0.0000E+00  0.0000   0.0000E+00  0.0000
   1.0000E+01   1.7783E+01   0.0000E+00  0.0000   1.7556E-06  1.0000   0.0000E+00  0.0000   0.0000E+00  0.0000
   1.7783E+01   3.1623E+01   0.0000E+00  0.0000   4.5834E-06  1.0000   0.0000E+00  0.0000   0.0000E+00  0.0000
   3.1623E+01   5.6234E+01   0.0000E+00  0.0000   8.6026E-06  0.8181   0.0000E+00  0.0000   0.0000E+00  0.0000
   5.6234E+01   1.0000E+02   0.0000E+00  0.0000   2.5084E-05  1.0000   0.0000E+00  0.0000   0.0000E+00  0.0000
   1.0000E+02   1.7783E+02   0.0000E+00  0.0000   7.0138E-05  0.6555   0.0000E+00  0.0000   0.0000E+00  0.0000
   1.7783E+02   3.1623E+02   0.0000E+00  0.0000   1.7991E-04  0.6018   0.0000E+00  0.0000   0.0000E+00  0.0000
   3.1623E+02   5.6234E+02   0.0000E+00  0.0000   1.9208E-04  0.5113   0.0000E+00  0.0000   0.0000E+00  0.0000
   5.6234E+02   1.0000E+03   0.0000E+00  0.0000   6.2955E-04  0.3090   0.0000E+00  0.0000   0.0000E+00  0.0000
   1.0000E+03   1.7783E+03   0.0000E+00  0.0000   8.5963E-04  0.2846   0.0000E+00  0.0000   0.0000E+00  0.0000
   1.7783E+03   3.1623E+03   0.0000E+00  0.0000   7.0266E-04  0.3071   0.0000E+00  0.0000   0.0000E+00  0.0000
   3.1623E+03   5.6234E+03   0.0000E+00  0.0000   1.3281E-03  0.2398   0.0000E+00  0.0000   0.0000E+00  0.0000
   5.6234E+03   1.0000E+04   0.0000E+00  0.0000   6.1284E-04  0.3362   0.0000E+00  0.0000   0.0000E+00  0.0000
   1.0000E+04   1.7783E+04   0.0000E+00  0.0000   6.0319E-04  0.3372   0.0000E+00  0.0000   0.0000E+00  0.0000
   1.7783E+04   3.1623E+04   0.0000E+00  0.0000   8.7723E-05  1.0000   0.0000E+00  0.0000   0.0000E+00  0.0000
   3.1623E+04   5.6234E+04   0.0000E+00  0.0000   1.7414E-04  0.7340   0.0000E+00  0.0000   0.0000E+00  0.0000
   5.6234E+04   1.0000E+05   0.0000E+00  0.0000   0.0000E+00  0.0000   0.0000E+00  0.0000   0.0000E+00  0.0000

#   sum over                 6.9251E-04  0.5786   5.4810E-03  0.1108   0.0000E+00  0.0000   0.0000E+00  0.0000

'no. = 23, (ix,iy,iz) = (  1,  1, 23)'
msuc: {\huge Flux spectra vs depth in concrete}
msdr: {\it plotted by \ANGEL \version}
msdl: {\it calculated by \PHITS  3.36}
wt: s(0.7)
\vspace{-3}
   vol  &=&   2.8800E+07 [cm^3]
  xmin  &=&  -6.0000E+02 [cm]
  xmax  &=&   6.0000E+02 [cm]
  ymin  &=&  -6.0000E+02 [cm]
  ymax  &=&   6.0000E+02 [cm]
  zmin  &=&  -2.6000E+02 [cm]
  zmax  &=&  -2.4000E+02 [cm]
e:

#------------------------------------------------------------------------------
 newpage:
#   no. = 24   ix  =  1   iy  =  1   iz  = 24
#   x = (  -6.0000E+02  -   6.0000E+02  )
#   y = (  -6.0000E+02  -   6.0000E+02  )
#   z = (  -2.4000E+02  -  -2.2000E+02  )

x: Energy [MeV/n]
y: Flux [1/cm^2/source]              
p: xlog ylog afac(0.8) form(0.9)
h: n            x            y(neutron ),hh0l n y(muon-   ),hh0dr n y(muon+   ),hh0ub n y(proton  ),hh0mg n 
#  e-lower      e-upper        neutron   r.err      muon-     r.err      muon+     r.err      proton    r.err 
   1.0000E-10   1.7783E-10   0.0000E+00  0.0000   0.0000E+00  0.0000   0.0000E+00  0.0000   0.0000E+00  0.0000
   1.7783E-10   3.1623E-10   0.0000E+00  0.0000   0.0000E+00  0.0000   0.0000E+00  0.0000   0.0000E+00  0.0000
   3.1623E-10   5.6234E-10   3.8434E-07  1.0000   0.0000E+00  0.0000   0.0000E+00  0.0000   0.0000E+00  0.0000
   5.6234E-10   1.0000E-09   0.0000E+00  0.0000   0.0000E+00  0.0000   0.0000E+00  0.0000   0.0000E+00  0.0000
   1.0000E-09   1.7783E-09   3.5342E-06  0.9473   0.0000E+00  0.0000   0.0000E+00  0.0000   0.0000E+00  0.0000
   1.7783E-09   3.1623E-09   7.3674E-06  0.7383   0.0000E+00  0.0000   0.0000E+00  0.0000   0.0000E+00  0.0000
   3.1623E-09   5.6234E-09   1.1873E-05  0.7554   0.0000E+00  0.0000   0.0000E+00  0.0000   0.0000E+00  0.0000
   5.6234E-09   1.0000E-08   9.2705E-06  0.9694   0.0000E+00  0.0000   0.0000E+00  0.0000   0.0000E+00  0.0000
   1.0000E-08   1.7783E-08   4.2905E-05  0.8951   0.0000E+00  0.0000   0.0000E+00  0.0000   0.0000E+00  0.0000
   1.7783E-08   3.1623E-08   1.2327E-04  0.7900   0.0000E+00  0.0000   0.0000E+00  0.0000   0.0000E+00  0.0000
   3.1623E-08   5.6234E-08   1.3157E-04  0.8895   0.0000E+00  0.0000   0.0000E+00  0.0000   0.0000E+00  0.0000
   5.6234E-08   1.0000E-07   9.6055E-05  0.8555   0.0000E+00  0.0000   0.0000E+00  0.0000   0.0000E+00  0.0000
   1.0000E-07   1.7783E-07   3.5034E-05  0.9096   0.0000E+00  0.0000   0.0000E+00  0.0000   0.0000E+00  0.0000
   1.7783E-07   3.1623E-07   3.5303E-05  0.7287   0.0000E+00  0.0000   0.0000E+00  0.0000   0.0000E+00  0.0000
   3.1623E-07   5.6234E-07   3.9556E-06  0.8432   0.0000E+00  0.0000   0.0000E+00  0.0000   0.0000E+00  0.0000
   5.6234E-07   1.0000E-06   9.4673E-06  1.0000   0.0000E+00  0.0000   0.0000E+00  0.0000   0.0000E+00  0.0000
   1.0000E-06   1.7783E-06   0.0000E+00  0.0000   0.0000E+00  0.0000   0.0000E+00  0.0000   0.0000E+00  0.0000
   1.7783E-06   3.1623E-06   3.4373E-06  1.0000   0.0000E+00  0.0000   0.0000E+00  0.0000   0.0000E+00  0.0000
   3.1623E-06   5.6234E-06   0.0000E+00  0.0000   0.0000E+00  0.0000   0.0000E+00  0.0000   0.0000E+00  0.0000
   5.6234E-06   1.0000E-05   3.1474E-05  0.9522   0.0000E+00  0.0000   0.0000E+00  0.0000   0.0000E+00  0.0000
   1.0000E-05   1.7783E-05   2.4215E-05  0.5998   0.0000E+00  0.0000   0.0000E+00  0.0000   0.0000E+00  0.0000
   1.7783E-05   3.1623E-05   2.8546E-06  1.0000   0.0000E+00  0.0000   0.0000E+00  0.0000   0.0000E+00  0.0000
   3.1623E-05   5.6234E-05   5.5953E-06  1.0000   0.0000E+00  0.0000   0.0000E+00  0.0000   0.0000E+00  0.0000
   5.6234E-05   1.0000E-04   3.4884E-06  1.0000   0.0000E+00  0.0000   0.0000E+00  0.0000   0.0000E+00  0.0000
   1.0000E-04   1.7783E-04   0.0000E+00  0.0000   0.0000E+00  0.0000   0.0000E+00  0.0000   0.0000E+00  0.0000
   1.7783E-04   3.1623E-04   3.4019E-06  1.0000   0.0000E+00  0.0000   0.0000E+00  0.0000   0.0000E+00  0.0000
   3.1623E-04   5.6234E-04   1.0353E-05  0.7578   0.0000E+00  0.0000   0.0000E+00  0.0000   0.0000E+00  0.0000
   5.6234E-04   1.0000E-03   3.9659E-05  0.7150   0.0000E+00  0.0000   0.0000E+00  0.0000   2.7724E-16  1.0000
   1.0000E-03   1.7783E-03   4.5736E-05  0.7165   4.8817E-11  0.4070   0.0000E+00  0.0000   1.1996E-11  0.7067
   1.7783E-03   3.1623E-03   3.0490E-05  0.7344   2.4342E-11  0.4070   0.0000E+00  0.0000   1.9372E-11  0.7067
   3.1623E-03   5.6234E-03   1.2543E-05  1.0000   3.5964E-11  0.4070   0.0000E+00  0.0000   2.9243E-11  0.7067
   5.6234E-03   1.0000E-02   1.0420E-05  1.0000   5.7680E-11  0.4070   0.0000E+00  0.0000   4.0353E-11  0.7067
   1.0000E-02   1.7783E-02   0.0000E+00  0.0000   1.0343E-10  0.4070   0.0000E+00  0.0000   5.4125E-11  0.7067
   1.7783E-02   3.1623E-02   1.0168E-06  1.0000   2.1352E-10  0.4070   0.0000E+00  0.0000   7.7541E-11  0.7067
   3.1623E-02   5.6234E-02   5.8316E-06  1.0000   4.9883E-10  0.4070   0.0000E+00  0.0000   1.1636E-10  0.7067
   5.6234E-02   1.0000E-01   1.9633E-05  0.9375   1.2499E-09  0.4070   0.0000E+00  0.0000   1.9035E-10  0.7067
   1.0000E-01   1.7783E-01   1.6080E-05  0.7921   3.2083E-09  0.4070   0.0000E+00  0.0000   3.5124E-10  0.7067
   1.7783E-01   3.1623E-01   9.9396E-05  0.7042   8.3922E-09  0.4070   0.0000E+00  0.0000   7.4623E-10  0.7067
   3.1623E-01   5.6234E-01   3.4620E-05  0.9936   2.2495E-08  0.4070   0.0000E+00  0.0000   1.7780E-09  0.7067
   5.6234E-01   1.0000E+00   6.6166E-06  1.0000   6.1697E-08  0.4070   0.0000E+00  0.0000   4.4882E-09  0.7067
   1.0000E+00   1.7783E+00   0.0000E+00  0.0000   1.7276E-07  0.4070   0.0000E+00  0.0000   1.1561E-08  0.7067
   1.7783E+00   3.1623E+00   4.1667E-05  1.0000   4.9141E-07  0.4070   0.0000E+00  0.0000   2.5621E-08  0.7151
   3.1623E+00   5.6234E+00   9.9628E-05  1.0000   1.3888E-06  0.4070   0.0000E+00  0.0000   0.0000E+00  0.0000
   5.6234E+00   1.0000E+01   2.3274E-05  1.0000   3.8687E-06  0.4070   0.0000E+00  0.0000   0.0000E+00  0.0000
   1.0000E+01   1.7783E+01   0.0000E+00  0.0000   1.0533E-05  0.4070   0.0000E+00  0.0000   0.0000E+00  0.0000
   1.7783E+01   3.1623E+01   0.0000E+00  0.0000   2.4665E-05  0.4203   0.0000E+00  0.0000   0.0000E+00  0.0000
   3.1623E+01   5.6234E+01   0.0000E+00  0.0000   6.0421E-05  0.4198   0.0000E+00  0.0000   0.0000E+00  0.0000
   5.6234E+01   1.0000E+02   0.0000E+00  0.0000   1.0465E-04  0.4793   0.0000E+00  0.0000   0.0000E+00  0.0000
   1.0000E+02   1.7783E+02   0.0000E+00  0.0000   1.1105E-04  0.5821   0.0000E+00  0.0000   0.0000E+00  0.0000
   1.7783E+02   3.1623E+02   0.0000E+00  0.0000   1.4484E-04  0.5124   0.0000E+00  0.0000   0.0000E+00  0.0000
   3.1623E+02   5.6234E+02   0.0000E+00  0.0000   2.3076E-04  0.4946   0.0000E+00  0.0000   0.0000E+00  0.0000
   5.6234E+02   1.0000E+03   0.0000E+00  0.0000   5.5600E-04  0.3476   0.0000E+00  0.0000   0.0000E+00  0.0000
   1.0000E+03   1.7783E+03   0.0000E+00  0.0000   8.4859E-04  0.2923   0.0000E+00  0.0000   0.0000E+00  0.0000
   1.7783E+03   3.1623E+03   0.0000E+00  0.0000   8.1232E-04  0.2961   0.0000E+00  0.0000   0.0000E+00  0.0000
   3.1623E+03   5.6234E+03   0.0000E+00  0.0000   1.3121E-03  0.2418   0.0000E+00  0.0000   0.0000E+00  0.0000
   5.6234E+03   1.0000E+04   0.0000E+00  0.0000   6.3933E-04  0.3137   0.0000E+00  0.0000   0.0000E+00  0.0000
   1.0000E+04   1.7783E+04   0.0000E+00  0.0000   6.0319E-04  0.3372   0.0000E+00  0.0000   0.0000E+00  0.0000
   1.7783E+04   3.1623E+04   0.0000E+00  0.0000   8.7698E-05  1.0000   0.0000E+00  0.0000   0.0000E+00  0.0000
   3.1623E+04   5.6234E+04   0.0000E+00  0.0000   1.7414E-04  0.7340   0.0000E+00  0.0000   0.0000E+00  0.0000
   5.6234E+04   1.0000E+05   0.0000E+00  0.0000   0.0000E+00  0.0000   0.0000E+00  0.0000   0.0000E+00  0.0000

#   sum over                 1.0814E-03  0.6164   5.7263E-03  0.1075   0.0000E+00  0.0000   4.5085E-08  0.7094

'no. = 24, (ix,iy,iz) = (  1,  1, 24)'
msuc: {\huge Flux spectra vs depth in concrete}
msdr: {\it plotted by \ANGEL \version}
msdl: {\it calculated by \PHITS  3.36}
wt: s(0.7)
\vspace{-3}
   vol  &=&   2.8800E+07 [cm^3]
  xmin  &=&  -6.0000E+02 [cm]
  xmax  &=&   6.0000E+02 [cm]
  ymin  &=&  -6.0000E+02 [cm]
  ymax  &=&   6.0000E+02 [cm]
  zmin  &=&  -2.4000E+02 [cm]
  zmax  &=&  -2.2000E+02 [cm]
e:

#------------------------------------------------------------------------------
 newpage:
#   no. = 25   ix  =  1   iy  =  1   iz  = 25
#   x = (  -6.0000E+02  -   6.0000E+02  )
#   y = (  -6.0000E+02  -   6.0000E+02  )
#   z = (  -2.2000E+02  -  -2.0000E+02  )

x: Energy [MeV/n]
y: Flux [1/cm^2/source]              
p: xlog ylog afac(0.8) form(0.9)
h: n            x            y(neutron ),hh0l n y(muon-   ),hh0dr n y(muon+   ),hh0ub n y(proton  ),hh0mg n 
#  e-lower      e-upper        neutron   r.err      muon-     r.err      muon+     r.err      proton    r.err 
   1.0000E-10   1.7783E-10   0.0000E+00  0.0000   0.0000E+00  0.0000   0.0000E+00  0.0000   0.0000E+00  0.0000
   1.7783E-10   3.1623E-10   0.0000E+00  0.0000   0.0000E+00  0.0000   0.0000E+00  0.0000   0.0000E+00  0.0000
   3.1623E-10   5.6234E-10   0.0000E+00  0.0000   0.0000E+00  0.0000   0.0000E+00  0.0000   0.0000E+00  0.0000
   5.6234E-10   1.0000E-09   0.0000E+00  0.0000   0.0000E+00  0.0000   0.0000E+00  0.0000   0.0000E+00  0.0000
   1.0000E-09   1.7783E-09   0.0000E+00  0.0000   0.0000E+00  0.0000   0.0000E+00  0.0000   0.0000E+00  0.0000
   1.7783E-09   3.1623E-09   4.6739E-06  1.0000   0.0000E+00  0.0000   0.0000E+00  0.0000   0.0000E+00  0.0000
   3.1623E-09   5.6234E-09   5.3529E-07  1.0000   0.0000E+00  0.0000   0.0000E+00  0.0000   0.0000E+00  0.0000
   5.6234E-09   1.0000E-08   1.4865E-05  0.7072   0.0000E+00  0.0000   0.0000E+00  0.0000   0.0000E+00  0.0000
   1.0000E-08   1.7783E-08   3.0997E-05  0.7864   0.0000E+00  0.0000   0.0000E+00  0.0000   0.0000E+00  0.0000
   1.7783E-08   3.1623E-08   6.5970E-05  0.7274   0.0000E+00  0.0000   0.0000E+00  0.0000   0.0000E+00  0.0000
   3.1623E-08   5.6234E-08   1.0079E-04  0.6243   0.0000E+00  0.0000   0.0000E+00  0.0000   0.0000E+00  0.0000
   5.6234E-08   1.0000E-07   5.1588E-05  0.5898   0.0000E+00  0.0000   0.0000E+00  0.0000   0.0000E+00  0.0000
   1.0000E-07   1.7783E-07   7.4785E-05  0.6920   0.0000E+00  0.0000   0.0000E+00  0.0000   0.0000E+00  0.0000
   1.7783E-07   3.1623E-07   2.3660E-05  0.9216   0.0000E+00  0.0000   0.0000E+00  0.0000   0.0000E+00  0.0000
   3.1623E-07   5.6234E-07   2.0738E-06  1.0000   0.0000E+00  0.0000   0.0000E+00  0.0000   0.0000E+00  0.0000
   5.6234E-07   1.0000E-06   4.9070E-06  1.0000   0.0000E+00  0.0000   0.0000E+00  0.0000   0.0000E+00  0.0000
   1.0000E-06   1.7783E-06   0.0000E+00  0.0000   0.0000E+00  0.0000   0.0000E+00  0.0000   0.0000E+00  0.0000
   1.7783E-06   3.1623E-06   5.8214E-06  1.0000   0.0000E+00  0.0000   0.0000E+00  0.0000   0.0000E+00  0.0000
   3.1623E-06   5.6234E-06   6.0356E-06  0.8036   0.0000E+00  0.0000   0.0000E+00  0.0000   0.0000E+00  0.0000
   5.6234E-06   1.0000E-05   2.0741E-05  1.0000   0.0000E+00  0.0000   0.0000E+00  0.0000   0.0000E+00  0.0000
   1.0000E-05   1.7783E-05   1.2697E-05  1.0000   0.0000E+00  0.0000   0.0000E+00  0.0000   0.0000E+00  0.0000
   1.7783E-05   3.1623E-05   0.0000E+00  0.0000   0.0000E+00  0.0000   0.0000E+00  0.0000   0.0000E+00  0.0000
   3.1623E-05   5.6234E-05   3.6042E-05  0.7716   0.0000E+00  0.0000   0.0000E+00  0.0000   0.0000E+00  0.0000
   5.6234E-05   1.0000E-04   2.8278E-05  0.7556   0.0000E+00  0.0000   0.0000E+00  0.0000   0.0000E+00  0.0000
   1.0000E-04   1.7783E-04   1.1731E-05  0.7089   5.5441E-16  0.7067   0.0000E+00  0.0000   0.0000E+00  0.0000
   1.7783E-04   3.1623E-04   8.2271E-07  1.0000   0.0000E+00  0.0000   0.0000E+00  0.0000   0.0000E+00  0.0000
   3.1623E-04   5.6234E-04   2.0428E-06  1.0000   0.0000E+00  0.0000   0.0000E+00  0.0000   0.0000E+00  0.0000
   5.6234E-04   1.0000E-03   4.3515E-05  0.7219   0.0000E+00  0.0000   0.0000E+00  0.0000   1.3792E-20  1.0000
   1.0000E-03   1.7783E-03   2.5375E-05  1.0000   2.4523E-11  0.5768   0.0000E+00  0.0000   5.9980E-12  1.0000
   1.7783E-03   3.1623E-03   4.4486E-06  1.0000   1.2171E-11  0.5766   0.0000E+00  0.0000   9.6861E-12  1.0000
   3.1623E-03   5.6234E-03   0.0000E+00  0.0000   1.7982E-11  0.5766   0.0000E+00  0.0000   1.4622E-11  1.0000
   5.6234E-03   1.0000E-02   0.0000E+00  0.0000   2.8840E-11  0.5766   0.0000E+00  0.0000   2.0177E-11  1.0000
   1.0000E-02   1.7783E-02   4.2929E-05  0.7283   5.1713E-11  0.5766   0.0000E+00  0.0000   2.7062E-11  1.0000
   1.7783E-02   3.1623E-02   0.0000E+00  0.0000   1.0676E-10  0.5766   0.0000E+00  0.0000   3.8771E-11  1.0000
   3.1623E-02   5.6234E-02   0.0000E+00  0.0000   2.4942E-10  0.5766   0.0000E+00  0.0000   5.8180E-11  1.0000
   5.6234E-02   1.0000E-01   1.9020E-05  1.0000   6.2494E-10  0.5766   0.0000E+00  0.0000   9.5174E-11  1.0000
   1.0000E-01   1.7783E-01   6.8557E-06  1.0000   1.6041E-09  0.5766   0.0000E+00  0.0000   1.7562E-10  1.0000
   1.7783E-01   3.1623E-01   1.7593E-05  1.0000   4.1961E-09  0.5766   0.0000E+00  0.0000   3.7312E-10  1.0000
   3.1623E-01   5.6234E-01   1.5729E-05  1.0000   1.1247E-08  0.5766   0.0000E+00  0.0000   8.8901E-10  1.0000
   5.6234E-01   1.0000E+00   6.8438E-07  1.0000   3.0849E-08  0.5766   0.0000E+00  0.0000   2.2441E-09  1.0000
   1.0000E+00   1.7783E+00   2.8130E-05  1.0000   8.6381E-08  0.5766   0.0000E+00  0.0000   5.7803E-09  1.0000
   1.7783E+00   3.1623E+00   5.1147E-06  1.0000   2.4571E-07  0.5766   0.0000E+00  0.0000   8.2448E-09  1.0000
   3.1623E+00   5.6234E+00   6.4757E-06  1.0000   6.9439E-07  0.5766   0.0000E+00  0.0000   0.0000E+00  0.0000
   5.6234E+00   1.0000E+01   0.0000E+00  0.0000   1.9344E-06  0.5766   0.0000E+00  0.0000   0.0000E+00  0.0000
   1.0000E+01   1.7783E+01   0.0000E+00  0.0000   4.5343E-06  0.5915   0.0000E+00  0.0000   0.0000E+00  0.0000
   1.7783E+01   3.1623E+01   0.0000E+00  0.0000   1.0050E-05  0.5961   0.0000E+00  0.0000   0.0000E+00  0.0000
   3.1623E+01   5.6234E+01   0.0000E+00  0.0000   2.2409E-05  0.7067   0.0000E+00  0.0000   0.0000E+00  0.0000
   5.6234E+01   1.0000E+02   0.0000E+00  0.0000   9.6021E-05  0.4996   0.0000E+00  0.0000   0.0000E+00  0.0000
   1.0000E+02   1.7783E+02   0.0000E+00  0.0000   2.3741E-04  0.3968   0.0000E+00  0.0000   0.0000E+00  0.0000
   1.7783E+02   3.1623E+02   0.0000E+00  0.0000   2.0421E-04  0.5368   0.0000E+00  0.0000   0.0000E+00  0.0000
   3.1623E+02   5.6234E+02   0.0000E+00  0.0000   2.6220E-04  0.4868   0.0000E+00  0.0000   0.0000E+00  0.0000
   5.6234E+02   1.0000E+03   0.0000E+00  0.0000   4.8670E-04  0.3515   0.0000E+00  0.0000   0.0000E+00  0.0000
   1.0000E+03   1.7783E+03   0.0000E+00  0.0000   9.1767E-04  0.2751   0.0000E+00  0.0000   0.0000E+00  0.0000
   1.7783E+03   3.1623E+03   0.0000E+00  0.0000   8.3878E-04  0.2838   0.0000E+00  0.0000   0.0000E+00  0.0000
   3.1623E+03   5.6234E+03   0.0000E+00  0.0000   1.1796E-03  0.2443   0.0000E+00  0.0000   0.0000E+00  0.0000
   5.6234E+03   1.0000E+04   0.0000E+00  0.0000   7.3562E-04  0.2925   0.0000E+00  0.0000   0.0000E+00  0.0000
   1.0000E+04   1.7783E+04   0.0000E+00  0.0000   5.8403E-04  0.3388   0.0000E+00  0.0000   0.0000E+00  0.0000
   1.7783E+04   3.1623E+04   0.0000E+00  0.0000   8.7698E-05  1.0000   0.0000E+00  0.0000   0.0000E+00  0.0000
   3.1623E+04   5.6234E+04   0.0000E+00  0.0000   1.7414E-04  0.7340   0.0000E+00  0.0000   0.0000E+00  0.0000
   5.6234E+04   1.0000E+05   0.0000E+00  0.0000   0.0000E+00  0.0000   0.0000E+00  0.0000   0.0000E+00  0.0000

#   sum over                 7.1493E-04  0.5755   5.8441E-03  0.1059   0.0000E+00  0.0000   1.7977E-08  1.0000

'no. = 25, (ix,iy,iz) = (  1,  1, 25)'
msuc: {\huge Flux spectra vs depth in concrete}
msdr: {\it plotted by \ANGEL \version}
msdl: {\it calculated by \PHITS  3.36}
wt: s(0.7)
\vspace{-3}
   vol  &=&   2.8800E+07 [cm^3]
  xmin  &=&  -6.0000E+02 [cm]
  xmax  &=&   6.0000E+02 [cm]
  ymin  &=&  -6.0000E+02 [cm]
  ymax  &=&   6.0000E+02 [cm]
  zmin  &=&  -2.2000E+02 [cm]
  zmax  &=&  -2.0000E+02 [cm]
e:

#------------------------------------------------------------------------------
 newpage:
#   no. = 26   ix  =  1   iy  =  1   iz  = 26
#   x = (  -6.0000E+02  -   6.0000E+02  )
#   y = (  -6.0000E+02  -   6.0000E+02  )
#   z = (  -2.0000E+02  -  -1.8000E+02  )

x: Energy [MeV/n]
y: Flux [1/cm^2/source]              
p: xlog ylog afac(0.8) form(0.9)
h: n            x            y(neutron ),hh0l n y(muon-   ),hh0dr n y(muon+   ),hh0ub n y(proton  ),hh0mg n 
#  e-lower      e-upper        neutron   r.err      muon-     r.err      muon+     r.err      proton    r.err 
   1.0000E-10   1.7783E-10   0.0000E+00  0.0000   0.0000E+00  0.0000   0.0000E+00  0.0000   0.0000E+00  0.0000
   1.7783E-10   3.1623E-10   0.0000E+00  0.0000   0.0000E+00  0.0000   0.0000E+00  0.0000   0.0000E+00  0.0000
   3.1623E-10   5.6234E-10   0.0000E+00  0.0000   0.0000E+00  0.0000   0.0000E+00  0.0000   0.0000E+00  0.0000
   5.6234E-10   1.0000E-09   5.6985E-07  1.0000   0.0000E+00  0.0000   0.0000E+00  0.0000   0.0000E+00  0.0000
   1.0000E-09   1.7783E-09   2.5863E-07  1.0000   0.0000E+00  0.0000   0.0000E+00  0.0000   0.0000E+00  0.0000
   1.7783E-09   3.1623E-09   0.0000E+00  0.0000   0.0000E+00  0.0000   0.0000E+00  0.0000   0.0000E+00  0.0000
   3.1623E-09   5.6234E-09   8.5801E-06  0.6573   0.0000E+00  0.0000   0.0000E+00  0.0000   0.0000E+00  0.0000
   5.6234E-09   1.0000E-08   8.3123E-06  0.6184   0.0000E+00  0.0000   0.0000E+00  0.0000   0.0000E+00  0.0000
   1.0000E-08   1.7783E-08   4.6914E-05  0.6660   0.0000E+00  0.0000   0.0000E+00  0.0000   0.0000E+00  0.0000
   1.7783E-08   3.1623E-08   9.4715E-05  0.6842   0.0000E+00  0.0000   0.0000E+00  0.0000   0.0000E+00  0.0000
   3.1623E-08   5.6234E-08   1.3419E-04  0.6801   0.0000E+00  0.0000   0.0000E+00  0.0000   0.0000E+00  0.0000
   5.6234E-08   1.0000E-07   1.5629E-04  0.7221   0.0000E+00  0.0000   0.0000E+00  0.0000   0.0000E+00  0.0000
   1.0000E-07   1.7783E-07   1.0995E-04  0.8209   0.0000E+00  0.0000   0.0000E+00  0.0000   0.0000E+00  0.0000
   1.7783E-07   3.1623E-07   3.8111E-06  1.0000   0.0000E+00  0.0000   0.0000E+00  0.0000   0.0000E+00  0.0000
   3.1623E-07   5.6234E-07   3.3947E-05  1.0000   0.0000E+00  0.0000   0.0000E+00  0.0000   0.0000E+00  0.0000
   5.6234E-07   1.0000E-06   0.0000E+00  0.0000   0.0000E+00  0.0000   0.0000E+00  0.0000   0.0000E+00  0.0000
   1.0000E-06   1.7783E-06   4.8526E-06  1.0000   0.0000E+00  0.0000   0.0000E+00  0.0000   0.0000E+00  0.0000
   1.7783E-06   3.1623E-06   0.0000E+00  0.0000   0.0000E+00  0.0000   0.0000E+00  0.0000   0.0000E+00  0.0000
   3.1623E-06   5.6234E-06   0.0000E+00  0.0000   0.0000E+00  0.0000   0.0000E+00  0.0000   0.0000E+00  0.0000
   5.6234E-06   1.0000E-05   0.0000E+00  0.0000   0.0000E+00  0.0000   0.0000E+00  0.0000   0.0000E+00  0.0000
   1.0000E-05   1.7783E-05   0.0000E+00  0.0000   0.0000E+00  0.0000   0.0000E+00  0.0000   0.0000E+00  0.0000
   1.7783E-05   3.1623E-05   8.6917E-06  1.0000   0.0000E+00  0.0000   0.0000E+00  0.0000   0.0000E+00  0.0000
   3.1623E-05   5.6234E-05   1.5980E-05  1.0000   0.0000E+00  0.0000   0.0000E+00  0.0000   0.0000E+00  0.0000
   5.6234E-05   1.0000E-04   1.3332E-05  0.9267   0.0000E+00  0.0000   0.0000E+00  0.0000   0.0000E+00  0.0000
   1.0000E-04   1.7783E-04   3.1476E-06  1.0000   0.0000E+00  0.0000   0.0000E+00  0.0000   0.0000E+00  0.0000
   1.7783E-04   3.1623E-04   0.0000E+00  0.0000   5.3472E-21  1.0000   0.0000E+00  0.0000   0.0000E+00  0.0000
   3.1623E-04   5.6234E-04   0.0000E+00  0.0000   0.0000E+00  0.0000   0.0000E+00  0.0000   0.0000E+00  0.0000
   5.6234E-04   1.0000E-03   1.4688E-05  1.0000   0.0000E+00  0.0000   0.0000E+00  0.0000   0.0000E+00  0.0000
   1.0000E-03   1.7783E-03   0.0000E+00  0.0000   3.9198E-11  0.4477   0.0000E+00  0.0000   5.9980E-12  1.0000
   1.7783E-03   3.1623E-03   0.0000E+00  0.0000   2.0285E-11  0.4461   0.0000E+00  0.0000   9.6861E-12  1.0000
   3.1623E-03   5.6234E-03   1.0458E-05  1.0000   2.9970E-11  0.4461   0.0000E+00  0.0000   1.4622E-11  1.0000
   5.6234E-03   1.0000E-02   2.1006E-06  1.0000   4.8067E-11  0.4461   0.0000E+00  0.0000   2.0177E-11  1.0000
   1.0000E-02   1.7783E-02   0.0000E+00  0.0000   8.6188E-11  0.4461   0.0000E+00  0.0000   2.7062E-11  1.0000
   1.7783E-02   3.1623E-02   0.0000E+00  0.0000   1.7794E-10  0.4461   0.0000E+00  0.0000   3.8771E-11  1.0000
   3.1623E-02   5.6234E-02   0.0000E+00  0.0000   4.1569E-10  0.4461   0.0000E+00  0.0000   5.8180E-11  1.0000
   5.6234E-02   1.0000E-01   2.0803E-05  1.0000   1.0416E-09  0.4461   0.0000E+00  0.0000   9.5174E-11  1.0000
   1.0000E-01   1.7783E-01   9.4476E-06  1.0000   2.6736E-09  0.4461   0.0000E+00  0.0000   1.7562E-10  1.0000
   1.7783E-01   3.1623E-01   3.5271E-05  1.0000   6.9935E-09  0.4461   0.0000E+00  0.0000   3.7312E-10  1.0000
   3.1623E-01   5.6234E-01   1.8408E-05  1.0000   1.8746E-08  0.4461   0.0000E+00  0.0000   8.8901E-10  1.0000
   5.6234E-01   1.0000E+00   6.1008E-06  1.0000   5.1414E-08  0.4461   0.0000E+00  0.0000   2.2441E-09  1.0000
   1.0000E+00   1.7783E+00   2.1453E-05  1.0000   1.4397E-07  0.4461   0.0000E+00  0.0000   5.7803E-09  1.0000
   1.7783E+00   3.1623E+00   8.1190E-05  1.0000   4.0951E-07  0.4461   0.0000E+00  0.0000   1.5193E-08  1.0000
   3.1623E+00   5.6234E+00   2.6783E-05  0.9560   1.1573E-06  0.4461   0.0000E+00  0.0000   1.5376E-08  1.0000
   5.6234E+00   1.0000E+01   0.0000E+00  0.0000   3.2239E-06  0.4461   0.0000E+00  0.0000   0.0000E+00  0.0000
   1.0000E+01   1.7783E+01   0.0000E+00  0.0000   9.5104E-06  0.4187   0.0000E+00  0.0000   0.0000E+00  0.0000
   1.7783E+01   3.1623E+01   0.0000E+00  0.0000   2.9393E-05  0.3855   0.0000E+00  0.0000   0.0000E+00  0.0000
   3.1623E+01   5.6234E+01   0.0000E+00  0.0000   6.3342E-05  0.4108   0.0000E+00  0.0000   0.0000E+00  0.0000
   5.6234E+01   1.0000E+02   0.0000E+00  0.0000   1.0813E-04  0.4685   0.0000E+00  0.0000   0.0000E+00  0.0000
   1.0000E+02   1.7783E+02   0.0000E+00  0.0000   1.7740E-04  0.4066   0.0000E+00  0.0000   0.0000E+00  0.0000
   1.7783E+02   3.1623E+02   0.0000E+00  0.0000   3.8828E-04  0.3531   0.0000E+00  0.0000   0.0000E+00  0.0000
   3.1623E+02   5.6234E+02   0.0000E+00  0.0000   2.6212E-04  0.5623   0.0000E+00  0.0000   0.0000E+00  0.0000
   5.6234E+02   1.0000E+03   0.0000E+00  0.0000   4.2585E-04  0.3843   0.0000E+00  0.0000   0.0000E+00  0.0000
   1.0000E+03   1.7783E+03   0.0000E+00  0.0000   7.3643E-04  0.2874   0.0000E+00  0.0000   0.0000E+00  0.0000
   1.7783E+03   3.1623E+03   0.0000E+00  0.0000   1.0435E-03  0.2542   0.0000E+00  0.0000   0.0000E+00  0.0000
   3.1623E+03   5.6234E+03   0.0000E+00  0.0000   1.1211E-03  0.2477   0.0000E+00  0.0000   0.0000E+00  0.0000
   5.6234E+03   1.0000E+04   0.0000E+00  0.0000   8.4652E-04  0.2737   0.0000E+00  0.0000   0.0000E+00  0.0000
   1.0000E+04   1.7783E+04   0.0000E+00  0.0000   6.5122E-04  0.3139   0.0000E+00  0.0000   0.0000E+00  0.0000
   1.7783E+04   3.1623E+04   0.0000E+00  0.0000   8.7698E-05  1.0000   0.0000E+00  0.0000   0.0000E+00  0.0000
   3.1623E+04   5.6234E+04   0.0000E+00  0.0000   1.7414E-04  0.7340   0.0000E+00  0.0000   0.0000E+00  0.0000
   5.6234E+04   1.0000E+05   0.0000E+00  0.0000   7.8509E-05  1.0000   0.0000E+00  0.0000   0.0000E+00  0.0000

#   sum over                 8.9024E-04  0.7359   6.2082E-03  0.1028   0.0000E+00  0.0000   4.0301E-08  1.0000

'no. = 26, (ix,iy,iz) = (  1,  1, 26)'
msuc: {\huge Flux spectra vs depth in concrete}
msdr: {\it plotted by \ANGEL \version}
msdl: {\it calculated by \PHITS  3.36}
wt: s(0.7)
\vspace{-3}
   vol  &=&   2.8800E+07 [cm^3]
  xmin  &=&  -6.0000E+02 [cm]
  xmax  &=&   6.0000E+02 [cm]
  ymin  &=&  -6.0000E+02 [cm]
  ymax  &=&   6.0000E+02 [cm]
  zmin  &=&  -2.0000E+02 [cm]
  zmax  &=&  -1.8000E+02 [cm]
e:

#------------------------------------------------------------------------------
 newpage:
#   no. = 27   ix  =  1   iy  =  1   iz  = 27
#   x = (  -6.0000E+02  -   6.0000E+02  )
#   y = (  -6.0000E+02  -   6.0000E+02  )
#   z = (  -1.8000E+02  -  -1.6000E+02  )

x: Energy [MeV/n]
y: Flux [1/cm^2/source]              
p: xlog ylog afac(0.8) form(0.9)
h: n            x            y(neutron ),hh0l n y(muon-   ),hh0dr n y(muon+   ),hh0ub n y(proton  ),hh0mg n 
#  e-lower      e-upper        neutron   r.err      muon-     r.err      muon+     r.err      proton    r.err 
   1.0000E-10   1.7783E-10   0.0000E+00  0.0000   0.0000E+00  0.0000   0.0000E+00  0.0000   0.0000E+00  0.0000
   1.7783E-10   3.1623E-10   0.0000E+00  0.0000   0.0000E+00  0.0000   0.0000E+00  0.0000   0.0000E+00  0.0000
   3.1623E-10   5.6234E-10   0.0000E+00  0.0000   0.0000E+00  0.0000   0.0000E+00  0.0000   0.0000E+00  0.0000
   5.6234E-10   1.0000E-09   0.0000E+00  0.0000   0.0000E+00  0.0000   0.0000E+00  0.0000   0.0000E+00  0.0000
   1.0000E-09   1.7783E-09   0.0000E+00  0.0000   0.0000E+00  0.0000   0.0000E+00  0.0000   0.0000E+00  0.0000
   1.7783E-09   3.1623E-09   0.0000E+00  0.0000   0.0000E+00  0.0000   0.0000E+00  0.0000   0.0000E+00  0.0000
   3.1623E-09   5.6234E-09   1.1032E-06  1.0000   0.0000E+00  0.0000   0.0000E+00  0.0000   0.0000E+00  0.0000
   5.6234E-09   1.0000E-08   1.6483E-06  1.0000   0.0000E+00  0.0000   0.0000E+00  0.0000   0.0000E+00  0.0000
   1.0000E-08   1.7783E-08   8.5052E-06  0.6863   0.0000E+00  0.0000   0.0000E+00  0.0000   0.0000E+00  0.0000
   1.7783E-08   3.1623E-08   4.1342E-05  0.7478   0.0000E+00  0.0000   0.0000E+00  0.0000   0.0000E+00  0.0000
   3.1623E-08   5.6234E-08   2.6699E-05  0.7784   0.0000E+00  0.0000   0.0000E+00  0.0000   0.0000E+00  0.0000
   5.6234E-08   1.0000E-07   5.6845E-05  0.7737   0.0000E+00  0.0000   0.0000E+00  0.0000   0.0000E+00  0.0000
   1.0000E-07   1.7783E-07   1.1660E-05  0.9657   0.0000E+00  0.0000   0.0000E+00  0.0000   0.0000E+00  0.0000
   1.7783E-07   3.1623E-07   0.0000E+00  0.0000   0.0000E+00  0.0000   0.0000E+00  0.0000   0.0000E+00  0.0000
   3.1623E-07   5.6234E-07   0.0000E+00  0.0000   0.0000E+00  0.0000   0.0000E+00  0.0000   0.0000E+00  0.0000
   5.6234E-07   1.0000E-06   0.0000E+00  0.0000   0.0000E+00  0.0000   0.0000E+00  0.0000   0.0000E+00  0.0000
   1.0000E-06   1.7783E-06   0.0000E+00  0.0000   0.0000E+00  0.0000   0.0000E+00  0.0000   0.0000E+00  0.0000
   1.7783E-06   3.1623E-06   0.0000E+00  0.0000   0.0000E+00  0.0000   0.0000E+00  0.0000   0.0000E+00  0.0000
   3.1623E-06   5.6234E-06   0.0000E+00  0.0000   0.0000E+00  0.0000   0.0000E+00  0.0000   0.0000E+00  0.0000
   5.6234E-06   1.0000E-05   9.8554E-06  1.0000   0.0000E+00  0.0000   0.0000E+00  0.0000   0.0000E+00  0.0000
   1.0000E-05   1.7783E-05   3.5209E-05  1.0000   0.0000E+00  0.0000   0.0000E+00  0.0000   0.0000E+00  0.0000
   1.7783E-05   3.1623E-05   1.7666E-05  1.0000   0.0000E+00  0.0000   0.0000E+00  0.0000   0.0000E+00  0.0000
   3.1623E-05   5.6234E-05   1.8608E-05  1.0000   0.0000E+00  0.0000   0.0000E+00  0.0000   0.0000E+00  0.0000
   5.6234E-05   1.0000E-04   0.0000E+00  0.0000   0.0000E+00  0.0000   0.0000E+00  0.0000   0.0000E+00  0.0000
   1.0000E-04   1.7783E-04   0.0000E+00  0.0000   0.0000E+00  0.0000   0.0000E+00  0.0000   0.0000E+00  0.0000
   1.7783E-04   3.1623E-04   0.0000E+00  0.0000   0.0000E+00  0.0000   0.0000E+00  0.0000   0.0000E+00  0.0000
   3.1623E-04   5.6234E-04   0.0000E+00  0.0000   0.0000E+00  0.0000   0.0000E+00  0.0000   0.0000E+00  0.0000
   5.6234E-04   1.0000E-03   0.0000E+00  0.0000   0.0000E+00  0.0000   0.0000E+00  0.0000   2.7716E-16  1.0000
   1.0000E-03   1.7783E-03   0.0000E+00  0.0000   3.1138E-11  0.5010   0.0000E+00  0.0000   5.9980E-12  1.0000
   1.7783E-03   3.1623E-03   1.3054E-05  1.0000   1.6228E-11  0.4991   0.0000E+00  0.0000   9.6861E-12  1.0000
   3.1623E-03   5.6234E-03   0.0000E+00  0.0000   2.3976E-11  0.4991   0.0000E+00  0.0000   1.4622E-11  1.0000
   5.6234E-03   1.0000E-02   5.5172E-06  1.0000   3.8453E-11  0.4991   0.0000E+00  0.0000   2.0177E-11  1.0000
   1.0000E-02   1.7783E-02   1.2336E-05  1.0000   6.8950E-11  0.4991   0.0000E+00  0.0000   2.7062E-11  1.0000
   1.7783E-02   3.1623E-02   0.0000E+00  0.0000   1.4235E-10  0.4991   0.0000E+00  0.0000   3.8771E-11  1.0000
   3.1623E-02   5.6234E-02   0.0000E+00  0.0000   3.3255E-10  0.4991   0.0000E+00  0.0000   5.8180E-11  1.0000
   5.6234E-02   1.0000E-01   0.0000E+00  0.0000   8.3326E-10  0.4991   0.0000E+00  0.0000   9.5174E-11  1.0000
   1.0000E-01   1.7783E-01   4.9295E-05  1.0000   2.1389E-09  0.4991   0.0000E+00  0.0000   1.7562E-10  1.0000
   1.7783E-01   3.1623E-01   0.0000E+00  0.0000   5.5948E-09  0.4991   0.0000E+00  0.0000   3.7312E-10  1.0000
   3.1623E-01   5.6234E-01   4.1046E-06  1.0000   1.4997E-08  0.4991   0.0000E+00  0.0000   8.8901E-10  1.0000
   5.6234E-01   1.0000E+00   1.9849E-05  1.0000   4.1132E-08  0.4991   0.0000E+00  0.0000   2.2441E-09  1.0000
   1.0000E+00   1.7783E+00   0.0000E+00  0.0000   1.1517E-07  0.4991   0.0000E+00  0.0000   5.7803E-09  1.0000
   1.7783E+00   3.1623E+00   4.0488E-05  1.0000   3.2761E-07  0.4991   0.0000E+00  0.0000   1.5193E-08  1.0000
   3.1623E+00   5.6234E+00   7.5643E-05  0.9556   9.2585E-07  0.4991   0.0000E+00  0.0000   3.6803E-08  1.0000
   5.6234E+00   1.0000E+01   0.0000E+00  0.0000   2.5791E-06  0.4991   0.0000E+00  0.0000   0.0000E+00  0.0000
   1.0000E+01   1.7783E+01   0.0000E+00  0.0000   7.0223E-06  0.4991   0.0000E+00  0.0000   0.0000E+00  0.0000
   1.7783E+01   3.1623E+01   0.0000E+00  0.0000   1.8392E-05  0.4975   0.0000E+00  0.0000   0.0000E+00  0.0000
   3.1623E+01   5.6234E+01   0.0000E+00  0.0000   5.0516E-05  0.4506   0.0000E+00  0.0000   0.0000E+00  0.0000
   5.6234E+01   1.0000E+02   0.0000E+00  0.0000   1.4271E-04  0.4100   0.0000E+00  0.0000   0.0000E+00  0.0000
   1.0000E+02   1.7783E+02   0.0000E+00  0.0000   2.8995E-04  0.3609   0.0000E+00  0.0000   0.0000E+00  0.0000
   1.7783E+02   3.1623E+02   0.0000E+00  0.0000   3.9974E-04  0.3216   0.0000E+00  0.0000   0.0000E+00  0.0000
   3.1623E+02   5.6234E+02   0.0000E+00  0.0000   3.5577E-04  0.3978   0.0000E+00  0.0000   0.0000E+00  0.0000
   5.6234E+02   1.0000E+03   0.0000E+00  0.0000   4.1780E-04  0.4217   0.0000E+00  0.0000   0.0000E+00  0.0000
   1.0000E+03   1.7783E+03   0.0000E+00  0.0000   7.3647E-04  0.2953   0.0000E+00  0.0000   0.0000E+00  0.0000
   1.7783E+03   3.1623E+03   0.0000E+00  0.0000   1.2309E-03  0.2389   0.0000E+00  0.0000   0.0000E+00  0.0000
   3.1623E+03   5.6234E+03   0.0000E+00  0.0000   1.0665E-03  0.2640   0.0000E+00  0.0000   0.0000E+00  0.0000
   5.6234E+03   1.0000E+04   0.0000E+00  0.0000   9.0121E-04  0.2834   0.0000E+00  0.0000   0.0000E+00  0.0000
   1.0000E+04   1.7783E+04   0.0000E+00  0.0000   7.6236E-04  0.2997   0.0000E+00  0.0000   0.0000E+00  0.0000
   1.7783E+04   3.1623E+04   0.0000E+00  0.0000   8.7698E-05  1.0000   0.0000E+00  0.0000   0.0000E+00  0.0000
   3.1623E+04   5.6234E+04   0.0000E+00  0.0000   1.4995E-04  0.7162   0.0000E+00  0.0000   0.0000E+00  0.0000
   5.6234E+04   1.0000E+05   0.0000E+00  0.0000   1.9370E-04  1.0000   0.0000E+00  0.0000   0.0000E+00  0.0000

#   sum over                 4.4943E-04  0.6861   6.8147E-03  0.1005   0.0000E+00  0.0000   6.1728E-08  1.0000

'no. = 27, (ix,iy,iz) = (  1,  1, 27)'
msuc: {\huge Flux spectra vs depth in concrete}
msdr: {\it plotted by \ANGEL \version}
msdl: {\it calculated by \PHITS  3.36}
wt: s(0.7)
\vspace{-3}
   vol  &=&   2.8800E+07 [cm^3]
  xmin  &=&  -6.0000E+02 [cm]
  xmax  &=&   6.0000E+02 [cm]
  ymin  &=&  -6.0000E+02 [cm]
  ymax  &=&   6.0000E+02 [cm]
  zmin  &=&  -1.8000E+02 [cm]
  zmax  &=&  -1.6000E+02 [cm]
e:

#------------------------------------------------------------------------------
 newpage:
#   no. = 28   ix  =  1   iy  =  1   iz  = 28
#   x = (  -6.0000E+02  -   6.0000E+02  )
#   y = (  -6.0000E+02  -   6.0000E+02  )
#   z = (  -1.6000E+02  -  -1.4000E+02  )

x: Energy [MeV/n]
y: Flux [1/cm^2/source]              
p: xlog ylog afac(0.8) form(0.9)
h: n            x            y(neutron ),hh0l n y(muon-   ),hh0dr n y(muon+   ),hh0ub n y(proton  ),hh0mg n 
#  e-lower      e-upper        neutron   r.err      muon-     r.err      muon+     r.err      proton    r.err 
   1.0000E-10   1.7783E-10   0.0000E+00  0.0000   0.0000E+00  0.0000   0.0000E+00  0.0000   0.0000E+00  0.0000
   1.7783E-10   3.1623E-10   0.0000E+00  0.0000   0.0000E+00  0.0000   0.0000E+00  0.0000   0.0000E+00  0.0000
   3.1623E-10   5.6234E-10   0.0000E+00  0.0000   0.0000E+00  0.0000   0.0000E+00  0.0000   0.0000E+00  0.0000
   5.6234E-10   1.0000E-09   2.2015E-08  1.0000   0.0000E+00  0.0000   0.0000E+00  0.0000   0.0000E+00  0.0000
   1.0000E-09   1.7783E-09   8.4203E-07  1.0000   0.0000E+00  0.0000   0.0000E+00  0.0000   0.0000E+00  0.0000
   1.7783E-09   3.1623E-09   3.7898E-06  0.6630   0.0000E+00  0.0000   0.0000E+00  0.0000   0.0000E+00  0.0000
   3.1623E-09   5.6234E-09   9.2700E-06  0.6296   0.0000E+00  0.0000   0.0000E+00  0.0000   0.0000E+00  0.0000
   5.6234E-09   1.0000E-08   1.3345E-05  0.7508   0.0000E+00  0.0000   0.0000E+00  0.0000   0.0000E+00  0.0000
   1.0000E-08   1.7783E-08   4.9945E-05  0.4775   0.0000E+00  0.0000   0.0000E+00  0.0000   0.0000E+00  0.0000
   1.7783E-08   3.1623E-08   1.9926E-04  0.4559   0.0000E+00  0.0000   0.0000E+00  0.0000   0.0000E+00  0.0000
   3.1623E-08   5.6234E-08   3.0552E-04  0.5986   0.0000E+00  0.0000   0.0000E+00  0.0000   0.0000E+00  0.0000
   5.6234E-08   1.0000E-07   1.6559E-04  0.4778   0.0000E+00  0.0000   0.0000E+00  0.0000   0.0000E+00  0.0000
   1.0000E-07   1.7783E-07   2.9790E-05  0.6903   0.0000E+00  0.0000   0.0000E+00  0.0000   0.0000E+00  0.0000
   1.7783E-07   3.1623E-07   1.7897E-05  0.6547   0.0000E+00  0.0000   0.0000E+00  0.0000   0.0000E+00  0.0000
   3.1623E-07   5.6234E-07   2.3429E-05  0.6483   0.0000E+00  0.0000   0.0000E+00  0.0000   0.0000E+00  0.0000
   5.6234E-07   1.0000E-06   3.2540E-05  0.7356   0.0000E+00  0.0000   0.0000E+00  0.0000   0.0000E+00  0.0000
   1.0000E-06   1.7783E-06   4.4883E-06  1.0000   0.0000E+00  0.0000   0.0000E+00  0.0000   0.0000E+00  0.0000
   1.7783E-06   3.1623E-06   4.4449E-05  0.6823   0.0000E+00  0.0000   0.0000E+00  0.0000   0.0000E+00  0.0000
   3.1623E-06   5.6234E-06   8.3160E-06  0.7067   0.0000E+00  0.0000   0.0000E+00  0.0000   0.0000E+00  0.0000
   5.6234E-06   1.0000E-05   2.3827E-05  0.6807   0.0000E+00  0.0000   0.0000E+00  0.0000   0.0000E+00  0.0000
   1.0000E-05   1.7783E-05   1.5520E-05  1.0000   0.0000E+00  0.0000   0.0000E+00  0.0000   0.0000E+00  0.0000
   1.7783E-05   3.1623E-05   3.8881E-05  0.7023   0.0000E+00  0.0000   0.0000E+00  0.0000   0.0000E+00  0.0000
   3.1623E-05   5.6234E-05   8.1407E-06  0.8498   0.0000E+00  0.0000   0.0000E+00  0.0000   0.0000E+00  0.0000
   5.6234E-05   1.0000E-04   1.5219E-05  1.0000   0.0000E+00  0.0000   0.0000E+00  0.0000   0.0000E+00  0.0000
   1.0000E-04   1.7783E-04   3.0470E-05  0.7195   2.7718E-16  1.0000   0.0000E+00  0.0000   0.0000E+00  0.0000
   1.7783E-04   3.1623E-04   1.5316E-05  0.9327   0.0000E+00  0.0000   0.0000E+00  0.0000   0.0000E+00  0.0000
   3.1623E-04   5.6234E-04   0.0000E+00  0.0000   0.0000E+00  0.0000   0.0000E+00  0.0000   0.0000E+00  0.0000
   5.6234E-04   1.0000E-03   2.9430E-06  1.0000   0.0000E+00  0.0000   0.0000E+00  0.0000   0.0000E+00  0.0000
   1.0000E-03   1.7783E-03   0.0000E+00  0.0000   3.3210E-11  0.4991   0.0000E+00  0.0000   0.0000E+00  0.0000
   1.7783E-03   3.1623E-03   8.6892E-06  1.0000   1.6228E-11  0.4991   0.0000E+00  0.0000   0.0000E+00  0.0000
   3.1623E-03   5.6234E-03   0.0000E+00  0.0000   2.3976E-11  0.4991   0.0000E+00  0.0000   0.0000E+00  0.0000
   5.6234E-03   1.0000E-02   0.0000E+00  0.0000   3.8453E-11  0.4991   0.0000E+00  0.0000   0.0000E+00  0.0000
   1.0000E-02   1.7783E-02   2.9928E-05  1.0000   6.8950E-11  0.4991   0.0000E+00  0.0000   0.0000E+00  0.0000
   1.7783E-02   3.1623E-02   6.5200E-06  1.0000   1.4235E-10  0.4991   0.0000E+00  0.0000   0.0000E+00  0.0000
   3.1623E-02   5.6234E-02   0.0000E+00  0.0000   3.3255E-10  0.4991   0.0000E+00  0.0000   0.0000E+00  0.0000
   5.6234E-02   1.0000E-01   0.0000E+00  0.0000   8.3326E-10  0.4991   0.0000E+00  0.0000   0.0000E+00  0.0000
   1.0000E-01   1.7783E-01   3.1296E-05  0.6857   2.1389E-09  0.4991   0.0000E+00  0.0000   0.0000E+00  0.0000
   1.7783E-01   3.1623E-01   3.0225E-05  0.7075   5.5948E-09  0.4991   0.0000E+00  0.0000   0.0000E+00  0.0000
   3.1623E-01   5.6234E-01   2.7410E-05  0.6423   1.4997E-08  0.4991   0.0000E+00  0.0000   0.0000E+00  0.0000
   5.6234E-01   1.0000E+00   2.0396E-05  1.0000   4.1132E-08  0.4991   0.0000E+00  0.0000   0.0000E+00  0.0000
   1.0000E+00   1.7783E+00   5.9344E-05  0.7102   1.1517E-07  0.4991   0.0000E+00  0.0000   0.0000E+00  0.0000
   1.7783E+00   3.1623E+00   1.7480E-05  1.0000   3.2761E-07  0.4991   0.0000E+00  0.0000   0.0000E+00  0.0000
   3.1623E+00   5.6234E+00   8.4287E-06  1.0000   9.2585E-07  0.4991   0.0000E+00  0.0000   0.0000E+00  0.0000
   5.6234E+00   1.0000E+01   0.0000E+00  0.0000   2.5791E-06  0.4991   0.0000E+00  0.0000   0.0000E+00  0.0000
   1.0000E+01   1.7783E+01   2.4281E-05  1.0000   7.0223E-06  0.4991   0.0000E+00  0.0000   0.0000E+00  0.0000
   1.7783E+01   3.1623E+01   0.0000E+00  0.0000   1.8333E-05  0.4991   0.0000E+00  0.0000   0.0000E+00  0.0000
   3.1623E+01   5.6234E+01   0.0000E+00  0.0000   4.3965E-05  0.4899   0.0000E+00  0.0000   0.0000E+00  0.0000
   5.6234E+01   1.0000E+02   0.0000E+00  0.0000   1.0034E-04  0.4991   0.0000E+00  0.0000   0.0000E+00  0.0000
   1.0000E+02   1.7783E+02   0.0000E+00  0.0000   2.2955E-04  0.3867   0.0000E+00  0.0000   0.0000E+00  0.0000
   1.7783E+02   3.1623E+02   0.0000E+00  0.0000   4.9908E-04  0.3433   0.0000E+00  0.0000   0.0000E+00  0.0000
   3.1623E+02   5.6234E+02   0.0000E+00  0.0000   5.5601E-04  0.3237   0.0000E+00  0.0000   0.0000E+00  0.0000
   5.6234E+02   1.0000E+03   0.0000E+00  0.0000   4.4598E-04  0.4264   0.0000E+00  0.0000   0.0000E+00  0.0000
   1.0000E+03   1.7783E+03   0.0000E+00  0.0000   6.8490E-04  0.3113   0.0000E+00  0.0000   0.0000E+00  0.0000
   1.7783E+03   3.1623E+03   0.0000E+00  0.0000   1.3070E-03  0.2293   0.0000E+00  0.0000   0.0000E+00  0.0000
   3.1623E+03   5.6234E+03   0.0000E+00  0.0000   9.5458E-04  0.2696   0.0000E+00  0.0000   0.0000E+00  0.0000
   5.6234E+03   1.0000E+04   0.0000E+00  0.0000   9.7468E-04  0.2732   0.0000E+00  0.0000   0.0000E+00  0.0000
   1.0000E+04   1.7783E+04   0.0000E+00  0.0000   8.3714E-04  0.2832   0.0000E+00  0.0000   0.0000E+00  0.0000
   1.7783E+04   3.1623E+04   0.0000E+00  0.0000   2.7891E-05  1.0000   0.0000E+00  0.0000   0.0000E+00  0.0000
   3.1623E+04   5.6234E+04   0.0000E+00  0.0000   6.2640E-05  1.0000   0.0000E+00  0.0000   0.0000E+00  0.0000
   5.6234E+04   1.0000E+05   0.0000E+00  0.0000   1.9370E-04  1.0000   0.0000E+00  0.0000   0.0000E+00  0.0000

#   sum over                 1.3228E-03  0.4900   6.9468E-03  0.0987   0.0000E+00  0.0000   0.0000E+00  0.0000

'no. = 28, (ix,iy,iz) = (  1,  1, 28)'
msuc: {\huge Flux spectra vs depth in concrete}
msdr: {\it plotted by \ANGEL \version}
msdl: {\it calculated by \PHITS  3.36}
wt: s(0.7)
\vspace{-3}
   vol  &=&   2.8800E+07 [cm^3]
  xmin  &=&  -6.0000E+02 [cm]
  xmax  &=&   6.0000E+02 [cm]
  ymin  &=&  -6.0000E+02 [cm]
  ymax  &=&   6.0000E+02 [cm]
  zmin  &=&  -1.6000E+02 [cm]
  zmax  &=&  -1.4000E+02 [cm]
e:

#------------------------------------------------------------------------------
 newpage:
#   no. = 29   ix  =  1   iy  =  1   iz  = 29
#   x = (  -6.0000E+02  -   6.0000E+02  )
#   y = (  -6.0000E+02  -   6.0000E+02  )
#   z = (  -1.4000E+02  -  -1.2000E+02  )

x: Energy [MeV/n]
y: Flux [1/cm^2/source]              
p: xlog ylog afac(0.8) form(0.9)
h: n            x            y(neutron ),hh0l n y(muon-   ),hh0dr n y(muon+   ),hh0ub n y(proton  ),hh0mg n 
#  e-lower      e-upper        neutron   r.err      muon-     r.err      muon+     r.err      proton    r.err 
   1.0000E-10   1.7783E-10   0.0000E+00  0.0000   0.0000E+00  0.0000   0.0000E+00  0.0000   0.0000E+00  0.0000
   1.7783E-10   3.1623E-10   0.0000E+00  0.0000   0.0000E+00  0.0000   0.0000E+00  0.0000   0.0000E+00  0.0000
   3.1623E-10   5.6234E-10   0.0000E+00  0.0000   0.0000E+00  0.0000   0.0000E+00  0.0000   0.0000E+00  0.0000
   5.6234E-10   1.0000E-09   4.7265E-07  1.0000   0.0000E+00  0.0000   0.0000E+00  0.0000   0.0000E+00  0.0000
   1.0000E-09   1.7783E-09   7.1554E-07  0.8525   0.0000E+00  0.0000   0.0000E+00  0.0000   0.0000E+00  0.0000
   1.7783E-09   3.1623E-09   0.0000E+00  0.0000   0.0000E+00  0.0000   0.0000E+00  0.0000   0.0000E+00  0.0000
   3.1623E-09   5.6234E-09   1.3885E-05  0.6625   0.0000E+00  0.0000   0.0000E+00  0.0000   0.0000E+00  0.0000
   5.6234E-09   1.0000E-08   1.7279E-05  0.6389   0.0000E+00  0.0000   0.0000E+00  0.0000   0.0000E+00  0.0000
   1.0000E-08   1.7783E-08   5.4056E-05  0.5763   0.0000E+00  0.0000   0.0000E+00  0.0000   0.0000E+00  0.0000
   1.7783E-08   3.1623E-08   7.0673E-05  0.5753   0.0000E+00  0.0000   0.0000E+00  0.0000   0.0000E+00  0.0000
   3.1623E-08   5.6234E-08   1.3309E-04  0.5290   0.0000E+00  0.0000   0.0000E+00  0.0000   0.0000E+00  0.0000
   5.6234E-08   1.0000E-07   9.6739E-05  0.5490   0.0000E+00  0.0000   0.0000E+00  0.0000   0.0000E+00  0.0000
   1.0000E-07   1.7783E-07   1.3682E-05  0.7036   0.0000E+00  0.0000   0.0000E+00  0.0000   0.0000E+00  0.0000
   1.7783E-07   3.1623E-07   0.0000E+00  0.0000   0.0000E+00  0.0000   0.0000E+00  0.0000   0.0000E+00  0.0000
   3.1623E-07   5.6234E-07   0.0000E+00  0.0000   0.0000E+00  0.0000   0.0000E+00  0.0000   0.0000E+00  0.0000
   5.6234E-07   1.0000E-06   0.0000E+00  0.0000   0.0000E+00  0.0000   0.0000E+00  0.0000   0.0000E+00  0.0000
   1.0000E-06   1.7783E-06   0.0000E+00  0.0000   0.0000E+00  0.0000   0.0000E+00  0.0000   0.0000E+00  0.0000
   1.7783E-06   3.1623E-06   0.0000E+00  0.0000   0.0000E+00  0.0000   0.0000E+00  0.0000   0.0000E+00  0.0000
   3.1623E-06   5.6234E-06   0.0000E+00  0.0000   0.0000E+00  0.0000   0.0000E+00  0.0000   0.0000E+00  0.0000
   5.6234E-06   1.0000E-05   1.4752E-05  1.0000   0.0000E+00  0.0000   0.0000E+00  0.0000   0.0000E+00  0.0000
   1.0000E-05   1.7783E-05   0.0000E+00  0.0000   0.0000E+00  0.0000   0.0000E+00  0.0000   0.0000E+00  0.0000
   1.7783E-05   3.1623E-05   0.0000E+00  0.0000   0.0000E+00  0.0000   0.0000E+00  0.0000   0.0000E+00  0.0000
   3.1623E-05   5.6234E-05   0.0000E+00  0.0000   0.0000E+00  0.0000   0.0000E+00  0.0000   0.0000E+00  0.0000
   5.6234E-05   1.0000E-04   1.1722E-05  1.0000   0.0000E+00  0.0000   0.0000E+00  0.0000   0.0000E+00  0.0000
   1.0000E-04   1.7783E-04   0.0000E+00  0.0000   4.0387E-21  1.0000   0.0000E+00  0.0000   0.0000E+00  0.0000
   1.7783E-04   3.1623E-04   1.0823E-05  1.0000   0.0000E+00  0.0000   0.0000E+00  0.0000   0.0000E+00  0.0000
   3.1623E-04   5.6234E-04   0.0000E+00  0.0000   0.0000E+00  0.0000   0.0000E+00  0.0000   0.0000E+00  0.0000
   5.6234E-04   1.0000E-03   0.0000E+00  0.0000   0.0000E+00  0.0000   0.0000E+00  0.0000   0.0000E+00  0.0000
   1.0000E-03   1.7783E-03   3.4200E-06  1.0000   2.2840E-11  0.5799   0.0000E+00  0.0000   5.9980E-12  1.0000
   1.7783E-03   3.1623E-03   0.0000E+00  0.0000   1.2171E-11  0.5766   0.0000E+00  0.0000   9.6861E-12  1.0000
   3.1623E-03   5.6234E-03   2.1653E-06  1.0000   1.7982E-11  0.5766   0.0000E+00  0.0000   1.4622E-11  1.0000
   5.6234E-03   1.0000E-02   0.0000E+00  0.0000   2.8840E-11  0.5766   0.0000E+00  0.0000   2.0177E-11  1.0000
   1.0000E-02   1.7783E-02   8.2427E-06  1.0000   5.1713E-11  0.5766   0.0000E+00  0.0000   2.7062E-11  1.0000
   1.7783E-02   3.1623E-02   0.0000E+00  0.0000   1.0676E-10  0.5766   0.0000E+00  0.0000   3.8771E-11  1.0000
   3.1623E-02   5.6234E-02   3.3535E-06  1.0000   2.4942E-10  0.5766   0.0000E+00  0.0000   5.8180E-11  1.0000
   5.6234E-02   1.0000E-01   0.0000E+00  0.0000   6.2494E-10  0.5766   0.0000E+00  0.0000   9.5174E-11  1.0000
   1.0000E-01   1.7783E-01   1.1647E-06  1.0000   1.6041E-09  0.5766   0.0000E+00  0.0000   1.7562E-10  1.0000
   1.7783E-01   3.1623E-01   3.5590E-05  1.0000   4.1961E-09  0.5766   0.0000E+00  0.0000   3.7312E-10  1.0000
   3.1623E-01   5.6234E-01   0.0000E+00  0.0000   1.1247E-08  0.5766   0.0000E+00  0.0000   8.8901E-10  1.0000
   5.6234E-01   1.0000E+00   3.6611E-06  1.0000   3.0849E-08  0.5766   0.0000E+00  0.0000   2.2441E-09  1.0000
   1.0000E+00   1.7783E+00   5.6988E-05  0.7128   8.6381E-08  0.5766   0.0000E+00  0.0000   5.7803E-09  1.0000
   1.7783E+00   3.1623E+00   1.2067E-05  1.0000   2.4571E-07  0.5766   0.0000E+00  0.0000   1.5193E-08  1.0000
   3.1623E+00   5.6234E+00   1.8469E-05  1.0000   6.9439E-07  0.5766   0.0000E+00  0.0000   2.1422E-09  1.0000
   5.6234E+00   1.0000E+01   1.9779E-06  1.0000   1.4399E-06  0.6413   0.0000E+00  0.0000   0.0000E+00  0.0000
   1.0000E+01   1.7783E+01   7.7770E-05  1.0000   3.5112E-06  0.7067   0.0000E+00  0.0000   0.0000E+00  0.0000
   1.7783E+01   3.1623E+01   0.0000E+00  0.0000   9.1667E-06  0.7067   0.0000E+00  0.0000   0.0000E+00  0.0000
   3.1623E+01   5.6234E+01   0.0000E+00  0.0000   3.2657E-05  0.5771   0.0000E+00  0.0000   0.0000E+00  0.0000
   5.6234E+01   1.0000E+02   0.0000E+00  0.0000   6.7584E-05  0.5840   0.0000E+00  0.0000   0.0000E+00  0.0000
   1.0000E+02   1.7783E+02   0.0000E+00  0.0000   1.4899E-04  0.4551   0.0000E+00  0.0000   0.0000E+00  0.0000
   1.7783E+02   3.1623E+02   0.0000E+00  0.0000   4.8025E-04  0.3567   0.0000E+00  0.0000   0.0000E+00  0.0000
   3.1623E+02   5.6234E+02   0.0000E+00  0.0000   7.5787E-04  0.2866   0.0000E+00  0.0000   0.0000E+00  0.0000
   5.6234E+02   1.0000E+03   0.0000E+00  0.0000   4.4759E-04  0.4338   0.0000E+00  0.0000   0.0000E+00  0.0000
   1.0000E+03   1.7783E+03   0.0000E+00  0.0000   7.6114E-04  0.2903   0.0000E+00  0.0000   0.0000E+00  0.0000
   1.7783E+03   3.1623E+03   0.0000E+00  0.0000   1.3062E-03  0.2282   0.0000E+00  0.0000   0.0000E+00  0.0000
   3.1623E+03   5.6234E+03   0.0000E+00  0.0000   9.1762E-04  0.2780   0.0000E+00  0.0000   0.0000E+00  0.0000
   5.6234E+03   1.0000E+04   0.0000E+00  0.0000   1.0267E-03  0.2723   0.0000E+00  0.0000   0.0000E+00  0.0000
   1.0000E+04   1.7783E+04   0.0000E+00  0.0000   8.0852E-04  0.2900   0.0000E+00  0.0000   0.0000E+00  0.0000
   1.7783E+04   3.1623E+04   0.0000E+00  0.0000   7.5807E-05  1.0000   0.0000E+00  0.0000   0.0000E+00  0.0000
   3.1623E+04   5.6234E+04   0.0000E+00  0.0000   6.2640E-05  1.0000   0.0000E+00  0.0000   0.0000E+00  0.0000
   5.6234E+04   1.0000E+05   0.0000E+00  0.0000   1.9370E-04  1.0000   0.0000E+00  0.0000   0.0000E+00  0.0000

#   sum over                 6.6276E-04  0.4818   7.1024E-03  0.0984   0.0000E+00  0.0000   2.7067E-08  1.0000

'no. = 29, (ix,iy,iz) = (  1,  1, 29)'
msuc: {\huge Flux spectra vs depth in concrete}
msdr: {\it plotted by \ANGEL \version}
msdl: {\it calculated by \PHITS  3.36}
wt: s(0.7)
\vspace{-3}
   vol  &=&   2.8800E+07 [cm^3]
  xmin  &=&  -6.0000E+02 [cm]
  xmax  &=&   6.0000E+02 [cm]
  ymin  &=&  -6.0000E+02 [cm]
  ymax  &=&   6.0000E+02 [cm]
  zmin  &=&  -1.4000E+02 [cm]
  zmax  &=&  -1.2000E+02 [cm]
e:

#------------------------------------------------------------------------------
 newpage:
#   no. = 30   ix  =  1   iy  =  1   iz  = 30
#   x = (  -6.0000E+02  -   6.0000E+02  )
#   y = (  -6.0000E+02  -   6.0000E+02  )
#   z = (  -1.2000E+02  -  -1.0000E+02  )

x: Energy [MeV/n]
y: Flux [1/cm^2/source]              
p: xlog ylog afac(0.8) form(0.9)
h: n            x            y(neutron ),hh0l n y(muon-   ),hh0dr n y(muon+   ),hh0ub n y(proton  ),hh0mg n 
#  e-lower      e-upper        neutron   r.err      muon-     r.err      muon+     r.err      proton    r.err 
   1.0000E-10   1.7783E-10   0.0000E+00  0.0000   0.0000E+00  0.0000   0.0000E+00  0.0000   0.0000E+00  0.0000
   1.7783E-10   3.1623E-10   0.0000E+00  0.0000   0.0000E+00  0.0000   0.0000E+00  0.0000   0.0000E+00  0.0000
   3.1623E-10   5.6234E-10   0.0000E+00  0.0000   0.0000E+00  0.0000   0.0000E+00  0.0000   0.0000E+00  0.0000
   5.6234E-10   1.0000E-09   0.0000E+00  0.0000   0.0000E+00  0.0000   0.0000E+00  0.0000   0.0000E+00  0.0000
   1.0000E-09   1.7783E-09   0.0000E+00  0.0000   0.0000E+00  0.0000   0.0000E+00  0.0000   0.0000E+00  0.0000
   1.7783E-09   3.1623E-09   2.1331E-07  1.0000   0.0000E+00  0.0000   0.0000E+00  0.0000   0.0000E+00  0.0000
   3.1623E-09   5.6234E-09   3.1044E-06  0.7415   0.0000E+00  0.0000   0.0000E+00  0.0000   0.0000E+00  0.0000
   5.6234E-09   1.0000E-08   9.4745E-06  0.7871   0.0000E+00  0.0000   0.0000E+00  0.0000   0.0000E+00  0.0000
   1.0000E-08   1.7783E-08   3.0026E-05  0.8605   0.0000E+00  0.0000   0.0000E+00  0.0000   0.0000E+00  0.0000
   1.7783E-08   3.1623E-08   3.6034E-05  0.8460   0.0000E+00  0.0000   0.0000E+00  0.0000   0.0000E+00  0.0000
   3.1623E-08   5.6234E-08   4.5417E-05  0.6314   0.0000E+00  0.0000   0.0000E+00  0.0000   0.0000E+00  0.0000
   5.6234E-08   1.0000E-07   2.5665E-05  0.5452   0.0000E+00  0.0000   0.0000E+00  0.0000   0.0000E+00  0.0000
   1.0000E-07   1.7783E-07   5.6078E-06  0.6315   0.0000E+00  0.0000   0.0000E+00  0.0000   0.0000E+00  0.0000
   1.7783E-07   3.1623E-07   1.7826E-06  1.0000   0.0000E+00  0.0000   0.0000E+00  0.0000   0.0000E+00  0.0000
   3.1623E-07   5.6234E-07   4.0342E-06  0.7111   0.0000E+00  0.0000   0.0000E+00  0.0000   0.0000E+00  0.0000
   5.6234E-07   1.0000E-06   2.4489E-05  0.9649   0.0000E+00  0.0000   0.0000E+00  0.0000   0.0000E+00  0.0000
   1.0000E-06   1.7783E-06   7.0962E-06  1.0000   0.0000E+00  0.0000   0.0000E+00  0.0000   0.0000E+00  0.0000
   1.7783E-06   3.1623E-06   0.0000E+00  0.0000   0.0000E+00  0.0000   0.0000E+00  0.0000   0.0000E+00  0.0000
   3.1623E-06   5.6234E-06   0.0000E+00  0.0000   0.0000E+00  0.0000   0.0000E+00  0.0000   0.0000E+00  0.0000
   5.6234E-06   1.0000E-05   4.0324E-05  0.9659   0.0000E+00  0.0000   0.0000E+00  0.0000   0.0000E+00  0.0000
   1.0000E-05   1.7783E-05   0.0000E+00  0.0000   0.0000E+00  0.0000   0.0000E+00  0.0000   0.0000E+00  0.0000
   1.7783E-05   3.1623E-05   0.0000E+00  0.0000   0.0000E+00  0.0000   0.0000E+00  0.0000   0.0000E+00  0.0000
   3.1623E-05   5.6234E-05   2.5707E-06  1.0000   0.0000E+00  0.0000   0.0000E+00  0.0000   0.0000E+00  0.0000
   5.6234E-05   1.0000E-04   4.0336E-06  1.0000   0.0000E+00  0.0000   0.0000E+00  0.0000   0.0000E+00  0.0000
   1.0000E-04   1.7783E-04   3.0291E-06  1.0000   4.9024E-21  1.0000   0.0000E+00  0.0000   0.0000E+00  0.0000
   1.7783E-04   3.1623E-04   4.0346E-06  1.0000   0.0000E+00  0.0000   0.0000E+00  0.0000   0.0000E+00  0.0000
   3.1623E-04   5.6234E-04   4.5347E-06  0.7961   0.0000E+00  0.0000   0.0000E+00  0.0000   0.0000E+00  0.0000
   5.6234E-04   1.0000E-03   1.9675E-05  1.0000   0.0000E+00  0.0000   0.0000E+00  0.0000   0.0000E+00  0.0000
   1.0000E-03   1.7783E-03   0.0000E+00  0.0000   2.4912E-11  0.5766   0.0000E+00  0.0000   0.0000E+00  0.0000
   1.7783E-03   3.1623E-03   4.1913E-05  1.0000   1.2171E-11  0.5766   0.0000E+00  0.0000   0.0000E+00  0.0000
   3.1623E-03   5.6234E-03   0.0000E+00  0.0000   1.7982E-11  0.5766   0.0000E+00  0.0000   0.0000E+00  0.0000
   5.6234E-03   1.0000E-02   2.9277E-05  1.0000   2.8840E-11  0.5766   0.0000E+00  0.0000   0.0000E+00  0.0000
   1.0000E-02   1.7783E-02   0.0000E+00  0.0000   5.1713E-11  0.5766   0.0000E+00  0.0000   0.0000E+00  0.0000
   1.7783E-02   3.1623E-02   0.0000E+00  0.0000   1.0676E-10  0.5766   0.0000E+00  0.0000   0.0000E+00  0.0000
   3.1623E-02   5.6234E-02   1.0704E-05  1.0000   2.4942E-10  0.5766   0.0000E+00  0.0000   0.0000E+00  0.0000
   5.6234E-02   1.0000E-01   0.0000E+00  0.0000   6.2494E-10  0.5766   0.0000E+00  0.0000   0.0000E+00  0.0000
   1.0000E-01   1.7783E-01   0.0000E+00  0.0000   1.6041E-09  0.5766   0.0000E+00  0.0000   0.0000E+00  0.0000
   1.7783E-01   3.1623E-01   1.0505E-05  1.0000   4.1961E-09  0.5766   0.0000E+00  0.0000   0.0000E+00  0.0000
   3.1623E-01   5.6234E-01   2.6741E-05  1.0000   1.1247E-08  0.5766   0.0000E+00  0.0000   0.0000E+00  0.0000
   5.6234E-01   1.0000E+00   2.1648E-05  0.9354   3.0849E-08  0.5766   0.0000E+00  0.0000   0.0000E+00  0.0000
   1.0000E+00   1.7783E+00   1.7885E-04  0.5955   8.6381E-08  0.5766   0.0000E+00  0.0000   0.0000E+00  0.0000
   1.7783E+00   3.1623E+00   1.1642E-05  1.0000   2.4571E-07  0.5766   0.0000E+00  0.0000   0.0000E+00  0.0000
   3.1623E+00   5.6234E+00   1.7785E-05  0.7196   6.9439E-07  0.5766   0.0000E+00  0.0000   0.0000E+00  0.0000
   5.6234E+00   1.0000E+01   9.5615E-05  0.9462   2.4289E-06  0.5019   0.0000E+00  0.0000   0.0000E+00  0.0000
   1.0000E+01   1.7783E+01   0.0000E+00  0.0000   7.0223E-06  0.4991   0.0000E+00  0.0000   0.0000E+00  0.0000
   1.7783E+01   3.1623E+01   0.0000E+00  0.0000   1.8333E-05  0.4991   0.0000E+00  0.0000   0.0000E+00  0.0000
   3.1623E+01   5.6234E+01   0.0000E+00  0.0000   3.9594E-05  0.5120   0.0000E+00  0.0000   0.0000E+00  0.0000
   5.6234E+01   1.0000E+02   0.0000E+00  0.0000   4.2453E-05  0.6408   0.0000E+00  0.0000   0.0000E+00  0.0000
   1.0000E+02   1.7783E+02   0.0000E+00  0.0000   1.4153E-04  0.5179   0.0000E+00  0.0000   0.0000E+00  0.0000
   1.7783E+02   3.1623E+02   0.0000E+00  0.0000   2.4086E-04  0.4242   0.0000E+00  0.0000   0.0000E+00  0.0000
   3.1623E+02   5.6234E+02   0.0000E+00  0.0000   8.8635E-04  0.2655   0.0000E+00  0.0000   0.0000E+00  0.0000
   5.6234E+02   1.0000E+03   0.0000E+00  0.0000   6.0523E-04  0.3068   0.0000E+00  0.0000   0.0000E+00  0.0000
   1.0000E+03   1.7783E+03   0.0000E+00  0.0000   9.0842E-04  0.2742   0.0000E+00  0.0000   0.0000E+00  0.0000
   1.7783E+03   3.1623E+03   0.0000E+00  0.0000   1.2045E-03  0.2434   0.0000E+00  0.0000   0.0000E+00  0.0000
   3.1623E+03   5.6234E+03   0.0000E+00  0.0000   1.1224E-03  0.2452   0.0000E+00  0.0000   0.0000E+00  0.0000
   5.6234E+03   1.0000E+04   0.0000E+00  0.0000   1.0329E-03  0.2707   0.0000E+00  0.0000   0.0000E+00  0.0000
   1.0000E+04   1.7783E+04   0.0000E+00  0.0000   8.0079E-04  0.2927   0.0000E+00  0.0000   0.0000E+00  0.0000
   1.7783E+04   3.1623E+04   0.0000E+00  0.0000   8.3534E-05  1.0000   0.0000E+00  0.0000   0.0000E+00  0.0000
   3.1623E+04   5.6234E+04   0.0000E+00  0.0000   6.2640E-05  1.0000   0.0000E+00  0.0000   0.0000E+00  0.0000
   5.6234E+04   1.0000E+05   0.0000E+00  0.0000   1.9370E-04  1.0000   0.0000E+00  0.0000   0.0000E+00  0.0000

#   sum over                 7.1582E-04  0.5332   7.3938E-03  0.0954   0.0000E+00  0.0000   0.0000E+00  0.0000

'no. = 30, (ix,iy,iz) = (  1,  1, 30)'
msuc: {\huge Flux spectra vs depth in concrete}
msdr: {\it plotted by \ANGEL \version}
msdl: {\it calculated by \PHITS  3.36}
wt: s(0.7)
\vspace{-3}
   vol  &=&   2.8800E+07 [cm^3]
  xmin  &=&  -6.0000E+02 [cm]
  xmax  &=&   6.0000E+02 [cm]
  ymin  &=&  -6.0000E+02 [cm]
  ymax  &=&   6.0000E+02 [cm]
  zmin  &=&  -1.2000E+02 [cm]
  zmax  &=&  -1.0000E+02 [cm]
e:

#------------------------------------------------------------------------------
 newpage:
#   no. = 31   ix  =  1   iy  =  1   iz  = 31
#   x = (  -6.0000E+02  -   6.0000E+02  )
#   y = (  -6.0000E+02  -   6.0000E+02  )
#   z = (  -1.0000E+02  -  -8.0000E+01  )

x: Energy [MeV/n]
y: Flux [1/cm^2/source]              
p: xlog ylog afac(0.8) form(0.9)
h: n            x            y(neutron ),hh0l n y(muon-   ),hh0dr n y(muon+   ),hh0ub n y(proton  ),hh0mg n 
#  e-lower      e-upper        neutron   r.err      muon-     r.err      muon+     r.err      proton    r.err 
   1.0000E-10   1.7783E-10   0.0000E+00  0.0000   0.0000E+00  0.0000   0.0000E+00  0.0000   0.0000E+00  0.0000
   1.7783E-10   3.1623E-10   0.0000E+00  0.0000   0.0000E+00  0.0000   0.0000E+00  0.0000   0.0000E+00  0.0000
   3.1623E-10   5.6234E-10   0.0000E+00  0.0000   0.0000E+00  0.0000   0.0000E+00  0.0000   0.0000E+00  0.0000
   5.6234E-10   1.0000E-09   0.0000E+00  0.0000   0.0000E+00  0.0000   0.0000E+00  0.0000   0.0000E+00  0.0000
   1.0000E-09   1.7783E-09   6.8189E-08  1.0000   0.0000E+00  0.0000   0.0000E+00  0.0000   0.0000E+00  0.0000
   1.7783E-09   3.1623E-09   1.3059E-06  1.0000   0.0000E+00  0.0000   0.0000E+00  0.0000   0.0000E+00  0.0000
   3.1623E-09   5.6234E-09   3.9975E-06  1.0000   0.0000E+00  0.0000   0.0000E+00  0.0000   0.0000E+00  0.0000
   5.6234E-09   1.0000E-08   9.6962E-06  0.8246   0.0000E+00  0.0000   0.0000E+00  0.0000   0.0000E+00  0.0000
   1.0000E-08   1.7783E-08   3.5864E-05  0.9450   0.0000E+00  0.0000   0.0000E+00  0.0000   0.0000E+00  0.0000
   1.7783E-08   3.1623E-08   3.4155E-05  0.7962   0.0000E+00  0.0000   0.0000E+00  0.0000   0.0000E+00  0.0000
   3.1623E-08   5.6234E-08   7.8751E-05  0.9522   0.0000E+00  0.0000   0.0000E+00  0.0000   0.0000E+00  0.0000
   5.6234E-08   1.0000E-07   6.8972E-05  0.9291   0.0000E+00  0.0000   0.0000E+00  0.0000   0.0000E+00  0.0000
   1.0000E-07   1.7783E-07   2.3181E-05  0.9987   0.0000E+00  0.0000   0.0000E+00  0.0000   0.0000E+00  0.0000
   1.7783E-07   3.1623E-07   2.1573E-07  1.0000   0.0000E+00  0.0000   0.0000E+00  0.0000   0.0000E+00  0.0000
   3.1623E-07   5.6234E-07   0.0000E+00  0.0000   0.0000E+00  0.0000   0.0000E+00  0.0000   0.0000E+00  0.0000
   5.6234E-07   1.0000E-06   2.5909E-05  1.0000   0.0000E+00  0.0000   0.0000E+00  0.0000   0.0000E+00  0.0000
   1.0000E-06   1.7783E-06   0.0000E+00  0.0000   0.0000E+00  0.0000   0.0000E+00  0.0000   0.0000E+00  0.0000
   1.7783E-06   3.1623E-06   2.2976E-06  1.0000   0.0000E+00  0.0000   0.0000E+00  0.0000   0.0000E+00  0.0000
   3.1623E-06   5.6234E-06   0.0000E+00  0.0000   0.0000E+00  0.0000   0.0000E+00  0.0000   0.0000E+00  0.0000
   5.6234E-06   1.0000E-05   2.7848E-06  1.0000   0.0000E+00  0.0000   0.0000E+00  0.0000   0.0000E+00  0.0000
   1.0000E-05   1.7783E-05   0.0000E+00  0.0000   0.0000E+00  0.0000   0.0000E+00  0.0000   0.0000E+00  0.0000
   1.7783E-05   3.1623E-05   1.7210E-05  1.0000   0.0000E+00  0.0000   0.0000E+00  0.0000   0.0000E+00  0.0000
   3.1623E-05   5.6234E-05   0.0000E+00  0.0000   0.0000E+00  0.0000   0.0000E+00  0.0000   0.0000E+00  0.0000
   5.6234E-05   1.0000E-04   0.0000E+00  0.0000   0.0000E+00  0.0000   0.0000E+00  0.0000   0.0000E+00  0.0000
   1.0000E-04   1.7783E-04   0.0000E+00  0.0000   5.0835E-21  1.0000   0.0000E+00  0.0000   0.0000E+00  0.0000
   1.7783E-04   3.1623E-04   4.2616E-05  1.0000   0.0000E+00  0.0000   0.0000E+00  0.0000   0.0000E+00  0.0000
   3.1623E-04   5.6234E-04   2.0184E-05  0.7717   0.0000E+00  0.0000   0.0000E+00  0.0000   0.0000E+00  0.0000
   5.6234E-04   1.0000E-03   2.2972E-06  1.0000   0.0000E+00  0.0000   0.0000E+00  0.0000   0.0000E+00  0.0000
   1.0000E-03   1.7783E-03   1.8795E-05  0.9256   2.4475E-11  0.5766   0.0000E+00  0.0000   5.9980E-12  1.0000
   1.7783E-03   3.1623E-03   1.6349E-05  0.7565   1.2171E-11  0.5766   0.0000E+00  0.0000   9.6861E-12  1.0000
   3.1623E-03   5.6234E-03   1.5434E-05  0.9841   1.7982E-11  0.5766   0.0000E+00  0.0000   1.4622E-11  1.0000
   5.6234E-03   1.0000E-02   3.0075E-05  1.0000   2.8840E-11  0.5766   0.0000E+00  0.0000   2.0177E-11  1.0000
   1.0000E-02   1.7783E-02   4.1160E-05  1.0000   5.1713E-11  0.5766   0.0000E+00  0.0000   2.7062E-11  1.0000
   1.7783E-02   3.1623E-02   7.1986E-07  1.0000   1.0676E-10  0.5766   0.0000E+00  0.0000   3.8771E-11  1.0000
   3.1623E-02   5.6234E-02   8.7107E-07  1.0000   2.4942E-10  0.5766   0.0000E+00  0.0000   5.8180E-11  1.0000
   5.6234E-02   1.0000E-01   1.0246E-06  1.0000   6.2494E-10  0.5766   0.0000E+00  0.0000   9.5174E-11  1.0000
   1.0000E-01   1.7783E-01   1.4034E-05  0.7187   1.6041E-09  0.5766   0.0000E+00  0.0000   1.7562E-10  1.0000
   1.7783E-01   3.1623E-01   1.1926E-05  1.0000   4.1961E-09  0.5766   0.0000E+00  0.0000   3.7312E-10  1.0000
   3.1623E-01   5.6234E-01   3.3549E-05  0.9572   1.1247E-08  0.5766   0.0000E+00  0.0000   8.8901E-10  1.0000
   5.6234E-01   1.0000E+00   3.5368E-05  0.6097   3.0849E-08  0.5766   0.0000E+00  0.0000   2.2441E-09  1.0000
   1.0000E+00   1.7783E+00   1.4177E-04  0.8790   8.6381E-08  0.5766   0.0000E+00  0.0000   2.9898E-09  1.0000
   1.7783E+00   3.1623E+00   0.0000E+00  0.0000   2.4571E-07  0.5766   0.0000E+00  0.0000   0.0000E+00  0.0000
   3.1623E+00   5.6234E+00   0.0000E+00  0.0000   6.9439E-07  0.5766   0.0000E+00  0.0000   0.0000E+00  0.0000
   5.6234E+00   1.0000E+01   0.0000E+00  0.0000   1.9344E-06  0.5766   0.0000E+00  0.0000   0.0000E+00  0.0000
   1.0000E+01   1.7783E+01   0.0000E+00  0.0000   5.2667E-06  0.5766   0.0000E+00  0.0000   0.0000E+00  0.0000
   1.7783E+01   3.1623E+01   0.0000E+00  0.0000   1.1967E-05  0.5893   0.0000E+00  0.0000   0.0000E+00  0.0000
   3.1623E+01   5.6234E+01   0.0000E+00  0.0000   2.2796E-05  0.6094   0.0000E+00  0.0000   0.0000E+00  0.0000
   5.6234E+01   1.0000E+02   0.0000E+00  0.0000   6.1721E-05  0.5835   0.0000E+00  0.0000   0.0000E+00  0.0000
   1.0000E+02   1.7783E+02   0.0000E+00  0.0000   1.1438E-04  0.5899   0.0000E+00  0.0000   0.0000E+00  0.0000
   1.7783E+02   3.1623E+02   0.0000E+00  0.0000   2.4208E-04  0.4782   0.0000E+00  0.0000   0.0000E+00  0.0000
   3.1623E+02   5.6234E+02   0.0000E+00  0.0000   7.1162E-04  0.2956   0.0000E+00  0.0000   0.0000E+00  0.0000
   5.6234E+02   1.0000E+03   0.0000E+00  0.0000   8.5872E-04  0.2845   0.0000E+00  0.0000   0.0000E+00  0.0000
   1.0000E+03   1.7783E+03   0.0000E+00  0.0000   8.3921E-04  0.3019   0.0000E+00  0.0000   0.0000E+00  0.0000
   1.7783E+03   3.1623E+03   0.0000E+00  0.0000   1.3895E-03  0.2173   0.0000E+00  0.0000   0.0000E+00  0.0000
   3.1623E+03   5.6234E+03   0.0000E+00  0.0000   1.1426E-03  0.2415   0.0000E+00  0.0000   0.0000E+00  0.0000
   5.6234E+03   1.0000E+04   0.0000E+00  0.0000   9.8245E-04  0.2761   0.0000E+00  0.0000   0.0000E+00  0.0000
   1.0000E+04   1.7783E+04   0.0000E+00  0.0000   8.0640E-04  0.2855   0.0000E+00  0.0000   0.0000E+00  0.0000
   1.7783E+04   3.1623E+04   0.0000E+00  0.0000   1.1708E-04  0.7685   0.0000E+00  0.0000   0.0000E+00  0.0000
   3.1623E+04   5.6234E+04   0.0000E+00  0.0000   6.2640E-05  1.0000   0.0000E+00  0.0000   0.0000E+00  0.0000
   5.6234E+04   1.0000E+05   0.0000E+00  0.0000   1.9370E-04  1.0000   0.0000E+00  0.0000   0.0000E+00  0.0000

#   sum over                 7.3058E-04  0.5659   7.5651E-03  0.0942   0.0000E+00  0.0000   6.9413E-09  1.0000

'no. = 31, (ix,iy,iz) = (  1,  1, 31)'
msuc: {\huge Flux spectra vs depth in concrete}
msdr: {\it plotted by \ANGEL \version}
msdl: {\it calculated by \PHITS  3.36}
wt: s(0.7)
\vspace{-3}
   vol  &=&   2.8800E+07 [cm^3]
  xmin  &=&  -6.0000E+02 [cm]
  xmax  &=&   6.0000E+02 [cm]
  ymin  &=&  -6.0000E+02 [cm]
  ymax  &=&   6.0000E+02 [cm]
  zmin  &=&  -1.0000E+02 [cm]
  zmax  &=&  -8.0000E+01 [cm]
e:

#------------------------------------------------------------------------------
 newpage:
#   no. = 32   ix  =  1   iy  =  1   iz  = 32
#   x = (  -6.0000E+02  -   6.0000E+02  )
#   y = (  -6.0000E+02  -   6.0000E+02  )
#   z = (  -8.0000E+01  -  -6.0000E+01  )

x: Energy [MeV/n]
y: Flux [1/cm^2/source]              
p: xlog ylog afac(0.8) form(0.9)
h: n            x            y(neutron ),hh0l n y(muon-   ),hh0dr n y(muon+   ),hh0ub n y(proton  ),hh0mg n 
#  e-lower      e-upper        neutron   r.err      muon-     r.err      muon+     r.err      proton    r.err 
   1.0000E-10   1.7783E-10   0.0000E+00  0.0000   0.0000E+00  0.0000   0.0000E+00  0.0000   0.0000E+00  0.0000
   1.7783E-10   3.1623E-10   0.0000E+00  0.0000   0.0000E+00  0.0000   0.0000E+00  0.0000   0.0000E+00  0.0000
   3.1623E-10   5.6234E-10   0.0000E+00  0.0000   0.0000E+00  0.0000   0.0000E+00  0.0000   0.0000E+00  0.0000
   5.6234E-10   1.0000E-09   0.0000E+00  0.0000   0.0000E+00  0.0000   0.0000E+00  0.0000   0.0000E+00  0.0000
   1.0000E-09   1.7783E-09   0.0000E+00  0.0000   0.0000E+00  0.0000   0.0000E+00  0.0000   0.0000E+00  0.0000
   1.7783E-09   3.1623E-09   5.4213E-07  1.0000   0.0000E+00  0.0000   0.0000E+00  0.0000   0.0000E+00  0.0000
   3.1623E-09   5.6234E-09   4.6660E-07  0.7067   0.0000E+00  0.0000   0.0000E+00  0.0000   0.0000E+00  0.0000
   5.6234E-09   1.0000E-08   9.8811E-06  0.6655   0.0000E+00  0.0000   0.0000E+00  0.0000   0.0000E+00  0.0000
   1.0000E-08   1.7783E-08   4.2637E-05  0.6160   0.0000E+00  0.0000   0.0000E+00  0.0000   0.0000E+00  0.0000
   1.7783E-08   3.1623E-08   5.7891E-05  0.6740   0.0000E+00  0.0000   0.0000E+00  0.0000   0.0000E+00  0.0000
   3.1623E-08   5.6234E-08   1.4054E-04  0.6830   0.0000E+00  0.0000   0.0000E+00  0.0000   0.0000E+00  0.0000
   5.6234E-08   1.0000E-07   1.3598E-04  0.6194   0.0000E+00  0.0000   0.0000E+00  0.0000   0.0000E+00  0.0000
   1.0000E-07   1.7783E-07   5.0635E-05  0.8323   0.0000E+00  0.0000   0.0000E+00  0.0000   0.0000E+00  0.0000
   1.7783E-07   3.1623E-07   7.4634E-06  1.0000   0.0000E+00  0.0000   0.0000E+00  0.0000   0.0000E+00  0.0000
   3.1623E-07   5.6234E-07   6.0750E-06  1.0000   0.0000E+00  0.0000   0.0000E+00  0.0000   0.0000E+00  0.0000
   5.6234E-07   1.0000E-06   5.8501E-05  0.8465   0.0000E+00  0.0000   0.0000E+00  0.0000   0.0000E+00  0.0000
   1.0000E-06   1.7783E-06   1.6067E-06  1.0000   0.0000E+00  0.0000   0.0000E+00  0.0000   0.0000E+00  0.0000
   1.7783E-06   3.1623E-06   1.9496E-05  0.8989   0.0000E+00  0.0000   0.0000E+00  0.0000   0.0000E+00  0.0000
   3.1623E-06   5.6234E-06   0.0000E+00  0.0000   0.0000E+00  0.0000   0.0000E+00  0.0000   0.0000E+00  0.0000
   5.6234E-06   1.0000E-05   0.0000E+00  0.0000   0.0000E+00  0.0000   0.0000E+00  0.0000   0.0000E+00  0.0000
   1.0000E-05   1.7783E-05   5.1024E-06  0.7067   0.0000E+00  0.0000   0.0000E+00  0.0000   0.0000E+00  0.0000
   1.7783E-05   3.1623E-05   4.8584E-06  1.0000   0.0000E+00  0.0000   0.0000E+00  0.0000   0.0000E+00  0.0000
   3.1623E-05   5.6234E-05   9.1532E-06  1.0000   0.0000E+00  0.0000   0.0000E+00  0.0000   0.0000E+00  0.0000
   5.6234E-05   1.0000E-04   1.7502E-05  1.0000   0.0000E+00  0.0000   0.0000E+00  0.0000   0.0000E+00  0.0000
   1.0000E-04   1.7783E-04   3.4584E-05  1.0000   0.0000E+00  0.0000   0.0000E+00  0.0000   0.0000E+00  0.0000
   1.7783E-04   3.1623E-04   1.5649E-06  1.0000   0.0000E+00  0.0000   0.0000E+00  0.0000   0.0000E+00  0.0000
   3.1623E-04   5.6234E-04   0.0000E+00  0.0000   0.0000E+00  0.0000   0.0000E+00  0.0000   0.0000E+00  0.0000
   5.6234E-04   1.0000E-03   0.0000E+00  0.0000   0.0000E+00  0.0000   0.0000E+00  0.0000   0.0000E+00  0.0000
   1.0000E-03   1.7783E-03   0.0000E+00  0.0000   7.9911E-12  1.0000   0.0000E+00  0.0000   0.0000E+00  0.0000
   1.7783E-03   3.1623E-03   0.0000E+00  0.0000   4.0570E-12  1.0000   0.0000E+00  0.0000   0.0000E+00  0.0000
   3.1623E-03   5.6234E-03   0.0000E+00  0.0000   5.9939E-12  1.0000   0.0000E+00  0.0000   0.0000E+00  0.0000
   5.6234E-03   1.0000E-02   0.0000E+00  0.0000   9.6133E-12  1.0000   0.0000E+00  0.0000   0.0000E+00  0.0000
   1.0000E-02   1.7783E-02   0.0000E+00  0.0000   1.7238E-11  1.0000   0.0000E+00  0.0000   0.0000E+00  0.0000
   1.7783E-02   3.1623E-02   0.0000E+00  0.0000   3.5587E-11  1.0000   0.0000E+00  0.0000   0.0000E+00  0.0000
   3.1623E-02   5.6234E-02   0.0000E+00  0.0000   8.3139E-11  1.0000   0.0000E+00  0.0000   0.0000E+00  0.0000
   5.6234E-02   1.0000E-01   0.0000E+00  0.0000   2.0831E-10  1.0000   0.0000E+00  0.0000   0.0000E+00  0.0000
   1.0000E-01   1.7783E-01   0.0000E+00  0.0000   5.3471E-10  1.0000   0.0000E+00  0.0000   0.0000E+00  0.0000
   1.7783E-01   3.1623E-01   0.0000E+00  0.0000   1.3987E-09  1.0000   0.0000E+00  0.0000   0.0000E+00  0.0000
   3.1623E-01   5.6234E-01   0.0000E+00  0.0000   3.7491E-09  1.0000   0.0000E+00  0.0000   0.0000E+00  0.0000
   5.6234E-01   1.0000E+00   0.0000E+00  0.0000   1.0283E-08  1.0000   0.0000E+00  0.0000   0.0000E+00  0.0000
   1.0000E+00   1.7783E+00   0.0000E+00  0.0000   2.8794E-08  1.0000   0.0000E+00  0.0000   0.0000E+00  0.0000
   1.7783E+00   3.1623E+00   0.0000E+00  0.0000   8.1902E-08  1.0000   0.0000E+00  0.0000   0.0000E+00  0.0000
   3.1623E+00   5.6234E+00   0.0000E+00  0.0000   2.3146E-07  1.0000   0.0000E+00  0.0000   0.0000E+00  0.0000
   5.6234E+00   1.0000E+01   0.0000E+00  0.0000   6.4479E-07  1.0000   0.0000E+00  0.0000   0.0000E+00  0.0000
   1.0000E+01   1.7783E+01   0.0000E+00  0.0000   1.7556E-06  1.0000   0.0000E+00  0.0000   0.0000E+00  0.0000
   1.7783E+01   3.1623E+01   0.0000E+00  0.0000   6.3668E-06  0.7721   0.0000E+00  0.0000   0.0000E+00  0.0000
   3.1623E+01   5.6234E+01   0.0000E+00  0.0000   2.7248E-05  0.6074   0.0000E+00  0.0000   0.0000E+00  0.0000
   5.6234E+01   1.0000E+02   0.0000E+00  0.0000   8.2139E-05  0.5347   0.0000E+00  0.0000   0.0000E+00  0.0000
   1.0000E+02   1.7783E+02   0.0000E+00  0.0000   1.4758E-04  0.4592   0.0000E+00  0.0000   0.0000E+00  0.0000
   1.7783E+02   3.1623E+02   0.0000E+00  0.0000   1.7597E-04  0.5023   0.0000E+00  0.0000   0.0000E+00  0.0000
   3.1623E+02   5.6234E+02   0.0000E+00  0.0000   4.2255E-04  0.3564   0.0000E+00  0.0000   0.0000E+00  0.0000
   5.6234E+02   1.0000E+03   0.0000E+00  0.0000   1.1666E-03  0.2342   0.0000E+00  0.0000   0.0000E+00  0.0000
   1.0000E+03   1.7783E+03   0.0000E+00  0.0000   7.9988E-04  0.3201   0.0000E+00  0.0000   0.0000E+00  0.0000
   1.7783E+03   3.1623E+03   0.0000E+00  0.0000   1.3705E-03  0.2143   0.0000E+00  0.0000   0.0000E+00  0.0000
   3.1623E+03   5.6234E+03   0.0000E+00  0.0000   1.2280E-03  0.2443   0.0000E+00  0.0000   0.0000E+00  0.0000
   5.6234E+03   1.0000E+04   0.0000E+00  0.0000   9.5243E-04  0.2833   0.0000E+00  0.0000   0.0000E+00  0.0000
   1.0000E+04   1.7783E+04   0.0000E+00  0.0000   7.2982E-04  0.3048   0.0000E+00  0.0000   0.0000E+00  0.0000
   1.7783E+04   3.1623E+04   0.0000E+00  0.0000   1.7579E-04  0.7075   0.0000E+00  0.0000   0.0000E+00  0.0000
   3.1623E+04   5.6234E+04   0.0000E+00  0.0000   6.2640E-05  1.0000   0.0000E+00  0.0000   0.0000E+00  0.0000
   5.6234E+04   1.0000E+05   0.0000E+00  0.0000   1.9370E-04  1.0000   0.0000E+00  0.0000   0.0000E+00  0.0000

#   sum over                 6.0448E-04  0.6597   7.5439E-03  0.0940   0.0000E+00  0.0000   0.0000E+00  0.0000

'no. = 32, (ix,iy,iz) = (  1,  1, 32)'
msuc: {\huge Flux spectra vs depth in concrete}
msdr: {\it plotted by \ANGEL \version}
msdl: {\it calculated by \PHITS  3.36}
wt: s(0.7)
\vspace{-3}
   vol  &=&   2.8800E+07 [cm^3]
  xmin  &=&  -6.0000E+02 [cm]
  xmax  &=&   6.0000E+02 [cm]
  ymin  &=&  -6.0000E+02 [cm]
  ymax  &=&   6.0000E+02 [cm]
  zmin  &=&  -8.0000E+01 [cm]
  zmax  &=&  -6.0000E+01 [cm]
e:

#------------------------------------------------------------------------------
 newpage:
#   no. = 33   ix  =  1   iy  =  1   iz  = 33
#   x = (  -6.0000E+02  -   6.0000E+02  )
#   y = (  -6.0000E+02  -   6.0000E+02  )
#   z = (  -6.0000E+01  -  -4.0000E+01  )

x: Energy [MeV/n]
y: Flux [1/cm^2/source]              
p: xlog ylog afac(0.8) form(0.9)
h: n            x            y(neutron ),hh0l n y(muon-   ),hh0dr n y(muon+   ),hh0ub n y(proton  ),hh0mg n 
#  e-lower      e-upper        neutron   r.err      muon-     r.err      muon+     r.err      proton    r.err 
   1.0000E-10   1.7783E-10   0.0000E+00  0.0000   0.0000E+00  0.0000   0.0000E+00  0.0000   0.0000E+00  0.0000
   1.7783E-10   3.1623E-10   0.0000E+00  0.0000   0.0000E+00  0.0000   0.0000E+00  0.0000   0.0000E+00  0.0000
   3.1623E-10   5.6234E-10   0.0000E+00  0.0000   0.0000E+00  0.0000   0.0000E+00  0.0000   0.0000E+00  0.0000
   5.6234E-10   1.0000E-09   0.0000E+00  0.0000   0.0000E+00  0.0000   0.0000E+00  0.0000   0.0000E+00  0.0000
   1.0000E-09   1.7783E-09   9.5663E-08  1.0000   0.0000E+00  0.0000   0.0000E+00  0.0000   0.0000E+00  0.0000
   1.7783E-09   3.1623E-09   0.0000E+00  0.0000   0.0000E+00  0.0000   0.0000E+00  0.0000   0.0000E+00  0.0000
   3.1623E-09   5.6234E-09   3.7143E-07  0.8223   0.0000E+00  0.0000   0.0000E+00  0.0000   0.0000E+00  0.0000
   5.6234E-09   1.0000E-08   3.7227E-06  0.7531   0.0000E+00  0.0000   0.0000E+00  0.0000   0.0000E+00  0.0000
   1.0000E-08   1.7783E-08   4.2794E-06  0.7415   0.0000E+00  0.0000   0.0000E+00  0.0000   0.0000E+00  0.0000
   1.7783E-08   3.1623E-08   3.8388E-06  0.7121   0.0000E+00  0.0000   0.0000E+00  0.0000   0.0000E+00  0.0000
   3.1623E-08   5.6234E-08   3.9546E-06  0.8715   0.0000E+00  0.0000   0.0000E+00  0.0000   0.0000E+00  0.0000
   5.6234E-08   1.0000E-07   4.9984E-06  0.7784   0.0000E+00  0.0000   0.0000E+00  0.0000   0.0000E+00  0.0000
   1.0000E-07   1.7783E-07   1.1290E-06  1.0000   0.0000E+00  0.0000   0.0000E+00  0.0000   0.0000E+00  0.0000
   1.7783E-07   3.1623E-07   0.0000E+00  0.0000   0.0000E+00  0.0000   0.0000E+00  0.0000   0.0000E+00  0.0000
   3.1623E-07   5.6234E-07   0.0000E+00  0.0000   0.0000E+00  0.0000   0.0000E+00  0.0000   0.0000E+00  0.0000
   5.6234E-07   1.0000E-06   0.0000E+00  0.0000   0.0000E+00  0.0000   0.0000E+00  0.0000   0.0000E+00  0.0000
   1.0000E-06   1.7783E-06   0.0000E+00  0.0000   0.0000E+00  0.0000   0.0000E+00  0.0000   0.0000E+00  0.0000
   1.7783E-06   3.1623E-06   0.0000E+00  0.0000   0.0000E+00  0.0000   0.0000E+00  0.0000   0.0000E+00  0.0000
   3.1623E-06   5.6234E-06   0.0000E+00  0.0000   0.0000E+00  0.0000   0.0000E+00  0.0000   0.0000E+00  0.0000
   5.6234E-06   1.0000E-05   0.0000E+00  0.0000   0.0000E+00  0.0000   0.0000E+00  0.0000   0.0000E+00  0.0000
   1.0000E-05   1.7783E-05   9.5574E-07  1.0000   0.0000E+00  0.0000   0.0000E+00  0.0000   0.0000E+00  0.0000
   1.7783E-05   3.1623E-05   0.0000E+00  0.0000   0.0000E+00  0.0000   0.0000E+00  0.0000   0.0000E+00  0.0000
   3.1623E-05   5.6234E-05   2.0331E-05  1.0000   0.0000E+00  0.0000   0.0000E+00  0.0000   0.0000E+00  0.0000
   5.6234E-05   1.0000E-04   9.1520E-06  1.0000   0.0000E+00  0.0000   0.0000E+00  0.0000   0.0000E+00  0.0000
   1.0000E-04   1.7783E-04   1.0542E-06  1.0000   2.7718E-16  1.0000   0.0000E+00  0.0000   0.0000E+00  0.0000
   1.7783E-04   3.1623E-04   6.1862E-06  1.0000   0.0000E+00  0.0000   0.0000E+00  0.0000   0.0000E+00  0.0000
   3.1623E-04   5.6234E-04   0.0000E+00  0.0000   0.0000E+00  0.0000   0.0000E+00  0.0000   0.0000E+00  0.0000
   5.6234E-04   1.0000E-03   0.0000E+00  0.0000   0.0000E+00  0.0000   0.0000E+00  0.0000   2.7719E-16  1.0000
   1.0000E-03   1.7783E-03   0.0000E+00  0.0000   3.3203E-11  0.4991   0.0000E+00  0.0000   5.9980E-12  1.0000
   1.7783E-03   3.1623E-03   2.8630E-05  1.0000   1.6228E-11  0.4991   0.0000E+00  0.0000   9.6861E-12  1.0000
   3.1623E-03   5.6234E-03   0.0000E+00  0.0000   2.3976E-11  0.4991   0.0000E+00  0.0000   1.4622E-11  1.0000
   5.6234E-03   1.0000E-02   0.0000E+00  0.0000   3.8453E-11  0.4991   0.0000E+00  0.0000   2.0177E-11  1.0000
   1.0000E-02   1.7783E-02   0.0000E+00  0.0000   6.8950E-11  0.4991   0.0000E+00  0.0000   2.7062E-11  1.0000
   1.7783E-02   3.1623E-02   9.9504E-06  1.0000   1.4235E-10  0.4991   0.0000E+00  0.0000   3.8771E-11  1.0000
   3.1623E-02   5.6234E-02   0.0000E+00  0.0000   3.3255E-10  0.4991   0.0000E+00  0.0000   5.8180E-11  1.0000
   5.6234E-02   1.0000E-01   1.0968E-06  1.0000   8.3326E-10  0.4991   0.0000E+00  0.0000   9.5174E-11  1.0000
   1.0000E-01   1.7783E-01   0.0000E+00  0.0000   2.1389E-09  0.4991   0.0000E+00  0.0000   1.7562E-10  1.0000
   1.7783E-01   3.1623E-01   1.3620E-06  1.0000   5.5948E-09  0.4991   0.0000E+00  0.0000   3.7312E-10  1.0000
   3.1623E-01   5.6234E-01   0.0000E+00  0.0000   1.4997E-08  0.4991   0.0000E+00  0.0000   8.8901E-10  1.0000
   5.6234E-01   1.0000E+00   0.0000E+00  0.0000   4.1132E-08  0.4991   0.0000E+00  0.0000   2.2441E-09  1.0000
   1.0000E+00   1.7783E+00   2.2964E-05  1.0000   1.1517E-07  0.4991   0.0000E+00  0.0000   5.7803E-09  1.0000
   1.7783E+00   3.1623E+00   0.0000E+00  0.0000   3.2761E-07  0.4991   0.0000E+00  0.0000   1.5193E-08  1.0000
   3.1623E+00   5.6234E+00   7.1530E-06  1.0000   9.2585E-07  0.4991   0.0000E+00  0.0000   1.9088E-08  1.0000
   5.6234E+00   1.0000E+01   0.0000E+00  0.0000   2.5791E-06  0.4991   0.0000E+00  0.0000   0.0000E+00  0.0000
   1.0000E+01   1.7783E+01   0.0000E+00  0.0000   7.0223E-06  0.4991   0.0000E+00  0.0000   0.0000E+00  0.0000
   1.7783E+01   3.1623E+01   0.0000E+00  0.0000   1.8333E-05  0.4991   0.0000E+00  0.0000   0.0000E+00  0.0000
   3.1623E+01   5.6234E+01   0.0000E+00  0.0000   4.4819E-05  0.4991   0.0000E+00  0.0000   0.0000E+00  0.0000
   5.6234E+01   1.0000E+02   0.0000E+00  0.0000   6.7019E-05  0.5771   0.0000E+00  0.0000   0.0000E+00  0.0000
   1.0000E+02   1.7783E+02   0.0000E+00  0.0000   1.2376E-04  0.4750   0.0000E+00  0.0000   0.0000E+00  0.0000
   1.7783E+02   3.1623E+02   0.0000E+00  0.0000   2.9161E-04  0.3924   0.0000E+00  0.0000   0.0000E+00  0.0000
   3.1623E+02   5.6234E+02   0.0000E+00  0.0000   3.4606E-04  0.4052   0.0000E+00  0.0000   0.0000E+00  0.0000
   5.6234E+02   1.0000E+03   0.0000E+00  0.0000   1.2514E-03  0.2360   0.0000E+00  0.0000   0.0000E+00  0.0000
   1.0000E+03   1.7783E+03   0.0000E+00  0.0000   6.4007E-04  0.3363   0.0000E+00  0.0000   0.0000E+00  0.0000
   1.7783E+03   3.1623E+03   0.0000E+00  0.0000   1.4305E-03  0.2112   0.0000E+00  0.0000   0.0000E+00  0.0000
   3.1623E+03   5.6234E+03   0.0000E+00  0.0000   1.3406E-03  0.2328   0.0000E+00  0.0000   0.0000E+00  0.0000
   5.6234E+03   1.0000E+04   0.0000E+00  0.0000   9.5204E-04  0.2833   0.0000E+00  0.0000   0.0000E+00  0.0000
   1.0000E+04   1.7783E+04   0.0000E+00  0.0000   7.5068E-04  0.2975   0.0000E+00  0.0000   0.0000E+00  0.0000
   1.7783E+04   3.1623E+04   0.0000E+00  0.0000   1.7579E-04  0.7075   0.0000E+00  0.0000   0.0000E+00  0.0000
   3.1623E+04   5.6234E+04   0.0000E+00  0.0000   6.2640E-05  1.0000   0.0000E+00  0.0000   0.0000E+00  0.0000
   5.6234E+04   1.0000E+05   0.0000E+00  0.0000   1.9370E-04  1.0000   0.0000E+00  0.0000   0.0000E+00  0.0000

#   sum over                 1.3123E-04  0.9059   7.7000E-03  0.0926   0.0000E+00  0.0000   4.4013E-08  1.0000

'no. = 33, (ix,iy,iz) = (  1,  1, 33)'
msuc: {\huge Flux spectra vs depth in concrete}
msdr: {\it plotted by \ANGEL \version}
msdl: {\it calculated by \PHITS  3.36}
wt: s(0.7)
\vspace{-3}
   vol  &=&   2.8800E+07 [cm^3]
  xmin  &=&  -6.0000E+02 [cm]
  xmax  &=&   6.0000E+02 [cm]
  ymin  &=&  -6.0000E+02 [cm]
  ymax  &=&   6.0000E+02 [cm]
  zmin  &=&  -6.0000E+01 [cm]
  zmax  &=&  -4.0000E+01 [cm]
e:

#------------------------------------------------------------------------------
 newpage:
#   no. = 34   ix  =  1   iy  =  1   iz  = 34
#   x = (  -6.0000E+02  -   6.0000E+02  )
#   y = (  -6.0000E+02  -   6.0000E+02  )
#   z = (  -4.0000E+01  -  -2.0000E+01  )

x: Energy [MeV/n]
y: Flux [1/cm^2/source]              
p: xlog ylog afac(0.8) form(0.9)
h: n            x            y(neutron ),hh0l n y(muon-   ),hh0dr n y(muon+   ),hh0ub n y(proton  ),hh0mg n 
#  e-lower      e-upper        neutron   r.err      muon-     r.err      muon+     r.err      proton    r.err 
   1.0000E-10   1.7783E-10   0.0000E+00  0.0000   0.0000E+00  0.0000   0.0000E+00  0.0000   0.0000E+00  0.0000
   1.7783E-10   3.1623E-10   0.0000E+00  0.0000   0.0000E+00  0.0000   0.0000E+00  0.0000   0.0000E+00  0.0000
   3.1623E-10   5.6234E-10   0.0000E+00  0.0000   0.0000E+00  0.0000   0.0000E+00  0.0000   0.0000E+00  0.0000
   5.6234E-10   1.0000E-09   4.1761E-07  1.0000   0.0000E+00  0.0000   0.0000E+00  0.0000   0.0000E+00  0.0000
   1.0000E-09   1.7783E-09   0.0000E+00  0.0000   0.0000E+00  0.0000   0.0000E+00  0.0000   0.0000E+00  0.0000
   1.7783E-09   3.1623E-09   8.2218E-07  1.0000   0.0000E+00  0.0000   0.0000E+00  0.0000   0.0000E+00  0.0000
   3.1623E-09   5.6234E-09   1.0738E-06  1.0000   0.0000E+00  0.0000   0.0000E+00  0.0000   0.0000E+00  0.0000
   5.6234E-09   1.0000E-08   1.4414E-06  1.0000   0.0000E+00  0.0000   0.0000E+00  0.0000   0.0000E+00  0.0000
   1.0000E-08   1.7783E-08   7.6553E-06  1.0000   0.0000E+00  0.0000   0.0000E+00  0.0000   0.0000E+00  0.0000
   1.7783E-08   3.1623E-08   1.6879E-05  1.0000   0.0000E+00  0.0000   0.0000E+00  0.0000   0.0000E+00  0.0000
   3.1623E-08   5.6234E-08   2.2141E-05  1.0000   0.0000E+00  0.0000   0.0000E+00  0.0000   0.0000E+00  0.0000
   5.6234E-08   1.0000E-07   1.5415E-05  1.0000   0.0000E+00  0.0000   0.0000E+00  0.0000   0.0000E+00  0.0000
   1.0000E-07   1.7783E-07   4.3857E-07  1.0000   0.0000E+00  0.0000   0.0000E+00  0.0000   0.0000E+00  0.0000
   1.7783E-07   3.1623E-07   1.0502E-06  1.0000   0.0000E+00  0.0000   0.0000E+00  0.0000   0.0000E+00  0.0000
   3.1623E-07   5.6234E-07   0.0000E+00  0.0000   0.0000E+00  0.0000   0.0000E+00  0.0000   0.0000E+00  0.0000
   5.6234E-07   1.0000E-06   0.0000E+00  0.0000   0.0000E+00  0.0000   0.0000E+00  0.0000   0.0000E+00  0.0000
   1.0000E-06   1.7783E-06   0.0000E+00  0.0000   0.0000E+00  0.0000   0.0000E+00  0.0000   0.0000E+00  0.0000
   1.7783E-06   3.1623E-06   0.0000E+00  0.0000   0.0000E+00  0.0000   0.0000E+00  0.0000   0.0000E+00  0.0000
   3.1623E-06   5.6234E-06   0.0000E+00  0.0000   0.0000E+00  0.0000   0.0000E+00  0.0000   0.0000E+00  0.0000
   5.6234E-06   1.0000E-05   0.0000E+00  0.0000   0.0000E+00  0.0000   0.0000E+00  0.0000   0.0000E+00  0.0000
   1.0000E-05   1.7783E-05   0.0000E+00  0.0000   0.0000E+00  0.0000   0.0000E+00  0.0000   0.0000E+00  0.0000
   1.7783E-05   3.1623E-05   0.0000E+00  0.0000   0.0000E+00  0.0000   0.0000E+00  0.0000   0.0000E+00  0.0000
   3.1623E-05   5.6234E-05   0.0000E+00  0.0000   0.0000E+00  0.0000   0.0000E+00  0.0000   0.0000E+00  0.0000
   5.6234E-05   1.0000E-04   0.0000E+00  0.0000   0.0000E+00  0.0000   0.0000E+00  0.0000   0.0000E+00  0.0000
   1.0000E-04   1.7783E-04   0.0000E+00  0.0000   5.1465E-21  1.0000   0.0000E+00  0.0000   0.0000E+00  0.0000
   1.7783E-04   3.1623E-04   0.0000E+00  0.0000   0.0000E+00  0.0000   0.0000E+00  0.0000   0.0000E+00  0.0000
   3.1623E-04   5.6234E-04   0.0000E+00  0.0000   0.0000E+00  0.0000   0.0000E+00  0.0000   0.0000E+00  0.0000
   5.6234E-04   1.0000E-03   0.0000E+00  0.0000   0.0000E+00  0.0000   0.0000E+00  0.0000   0.0000E+00  0.0000
   1.0000E-03   1.7783E-03   0.0000E+00  0.0000   3.0622E-11  0.5025   0.0000E+00  0.0000   0.0000E+00  0.0000
   1.7783E-03   3.1623E-03   0.0000E+00  0.0000   1.6228E-11  0.4991   0.0000E+00  0.0000   0.0000E+00  0.0000
   3.1623E-03   5.6234E-03   0.0000E+00  0.0000   2.3976E-11  0.4991   0.0000E+00  0.0000   0.0000E+00  0.0000
   5.6234E-03   1.0000E-02   0.0000E+00  0.0000   3.8453E-11  0.4991   0.0000E+00  0.0000   0.0000E+00  0.0000
   1.0000E-02   1.7783E-02   0.0000E+00  0.0000   6.8950E-11  0.4991   0.0000E+00  0.0000   0.0000E+00  0.0000
   1.7783E-02   3.1623E-02   0.0000E+00  0.0000   1.4235E-10  0.4991   0.0000E+00  0.0000   0.0000E+00  0.0000
   3.1623E-02   5.6234E-02   0.0000E+00  0.0000   3.3255E-10  0.4991   0.0000E+00  0.0000   0.0000E+00  0.0000
   5.6234E-02   1.0000E-01   0.0000E+00  0.0000   8.3326E-10  0.4991   0.0000E+00  0.0000   0.0000E+00  0.0000
   1.0000E-01   1.7783E-01   0.0000E+00  0.0000   2.1389E-09  0.4991   0.0000E+00  0.0000   0.0000E+00  0.0000
   1.7783E-01   3.1623E-01   0.0000E+00  0.0000   5.5948E-09  0.4991   0.0000E+00  0.0000   0.0000E+00  0.0000
   3.1623E-01   5.6234E-01   0.0000E+00  0.0000   1.4997E-08  0.4991   0.0000E+00  0.0000   0.0000E+00  0.0000
   5.6234E-01   1.0000E+00   0.0000E+00  0.0000   4.1132E-08  0.4991   0.0000E+00  0.0000   0.0000E+00  0.0000
   1.0000E+00   1.7783E+00   0.0000E+00  0.0000   1.1517E-07  0.4991   0.0000E+00  0.0000   0.0000E+00  0.0000
   1.7783E+00   3.1623E+00   0.0000E+00  0.0000   3.2761E-07  0.4991   0.0000E+00  0.0000   0.0000E+00  0.0000
   3.1623E+00   5.6234E+00   7.3166E-07  1.0000   7.7576E-07  0.5265   0.0000E+00  0.0000   0.0000E+00  0.0000
   5.6234E+00   1.0000E+01   0.0000E+00  0.0000   1.9344E-06  0.5766   0.0000E+00  0.0000   0.0000E+00  0.0000
   1.0000E+01   1.7783E+01   0.0000E+00  0.0000   5.2667E-06  0.5766   0.0000E+00  0.0000   0.0000E+00  0.0000
   1.7783E+01   3.1623E+01   0.0000E+00  0.0000   1.3750E-05  0.5766   0.0000E+00  0.0000   0.0000E+00  0.0000
   3.1623E+01   5.6234E+01   0.0000E+00  0.0000   3.3614E-05  0.5766   0.0000E+00  0.0000   0.0000E+00  0.0000
   5.6234E+01   1.0000E+02   0.0000E+00  0.0000   1.0177E-04  0.4647   0.0000E+00  0.0000   0.0000E+00  0.0000
   1.0000E+02   1.7783E+02   0.0000E+00  0.0000   1.9891E-04  0.4225   0.0000E+00  0.0000   0.0000E+00  0.0000
   1.7783E+02   3.1623E+02   0.0000E+00  0.0000   2.7640E-04  0.4159   0.0000E+00  0.0000   0.0000E+00  0.0000
   3.1623E+02   5.6234E+02   0.0000E+00  0.0000   3.7011E-04  0.3662   0.0000E+00  0.0000   0.0000E+00  0.0000
   5.6234E+02   1.0000E+03   0.0000E+00  0.0000   1.1092E-03  0.2453   0.0000E+00  0.0000   0.0000E+00  0.0000
   1.0000E+03   1.7783E+03   0.0000E+00  0.0000   7.3623E-04  0.3143   0.0000E+00  0.0000   0.0000E+00  0.0000
   1.7783E+03   3.1623E+03   0.0000E+00  0.0000   1.5425E-03  0.1986   0.0000E+00  0.0000   0.0000E+00  0.0000
   3.1623E+03   5.6234E+03   0.0000E+00  0.0000   1.3867E-03  0.2307   0.0000E+00  0.0000   0.0000E+00  0.0000
   5.6234E+03   1.0000E+04   0.0000E+00  0.0000   8.6702E-04  0.2992   0.0000E+00  0.0000   0.0000E+00  0.0000
   1.0000E+04   1.7783E+04   0.0000E+00  0.0000   8.0039E-04  0.2797   0.0000E+00  0.0000   0.0000E+00  0.0000
   1.7783E+04   3.1623E+04   0.0000E+00  0.0000   1.7579E-04  0.7075   0.0000E+00  0.0000   0.0000E+00  0.0000
   3.1623E+04   5.6234E+04   0.0000E+00  0.0000   6.2640E-05  1.0000   0.0000E+00  0.0000   0.0000E+00  0.0000
   5.6234E+04   1.0000E+05   0.0000E+00  0.0000   1.9370E-04  1.0000   0.0000E+00  0.0000   0.0000E+00  0.0000

#   sum over                 6.8065E-05  0.9893   7.8771E-03  0.0903   0.0000E+00  0.0000   0.0000E+00  0.0000

'no. = 34, (ix,iy,iz) = (  1,  1, 34)'
msuc: {\huge Flux spectra vs depth in concrete}
msdr: {\it plotted by \ANGEL \version}
msdl: {\it calculated by \PHITS  3.36}
wt: s(0.7)
\vspace{-3}
   vol  &=&   2.8800E+07 [cm^3]
  xmin  &=&  -6.0000E+02 [cm]
  xmax  &=&   6.0000E+02 [cm]
  ymin  &=&  -6.0000E+02 [cm]
  ymax  &=&   6.0000E+02 [cm]
  zmin  &=&  -4.0000E+01 [cm]
  zmax  &=&  -2.0000E+01 [cm]
e:

#------------------------------------------------------------------------------
 newpage:
#   no. = 35   ix  =  1   iy  =  1   iz  = 35
#   x = (  -6.0000E+02  -   6.0000E+02  )
#   y = (  -6.0000E+02  -   6.0000E+02  )
#   z = (  -2.0000E+01  -   0.0000E+00  )

x: Energy [MeV/n]
y: Flux [1/cm^2/source]              
p: xlog ylog afac(0.8) form(0.9)
h: n            x            y(neutron ),hh0l n y(muon-   ),hh0dr n y(muon+   ),hh0ub n y(proton  ),hh0mg n 
#  e-lower      e-upper        neutron   r.err      muon-     r.err      muon+     r.err      proton    r.err 
   1.0000E-10   1.7783E-10   0.0000E+00  0.0000   0.0000E+00  0.0000   0.0000E+00  0.0000   0.0000E+00  0.0000
   1.7783E-10   3.1623E-10   0.0000E+00  0.0000   0.0000E+00  0.0000   0.0000E+00  0.0000   0.0000E+00  0.0000
   3.1623E-10   5.6234E-10   0.0000E+00  0.0000   0.0000E+00  0.0000   0.0000E+00  0.0000   0.0000E+00  0.0000
   5.6234E-10   1.0000E-09   0.0000E+00  0.0000   0.0000E+00  0.0000   0.0000E+00  0.0000   0.0000E+00  0.0000
   1.0000E-09   1.7783E-09   0.0000E+00  0.0000   0.0000E+00  0.0000   0.0000E+00  0.0000   0.0000E+00  0.0000
   1.7783E-09   3.1623E-09   0.0000E+00  0.0000   0.0000E+00  0.0000   0.0000E+00  0.0000   0.0000E+00  0.0000
   3.1623E-09   5.6234E-09   0.0000E+00  0.0000   0.0000E+00  0.0000   0.0000E+00  0.0000   0.0000E+00  0.0000
   5.6234E-09   1.0000E-08   2.5295E-07  1.0000   0.0000E+00  0.0000   0.0000E+00  0.0000   0.0000E+00  0.0000
   1.0000E-08   1.7783E-08   1.5376E-06  1.0000   0.0000E+00  0.0000   0.0000E+00  0.0000   0.0000E+00  0.0000
   1.7783E-08   3.1623E-08   9.4155E-06  1.0000   0.0000E+00  0.0000   0.0000E+00  0.0000   0.0000E+00  0.0000
   3.1623E-08   5.6234E-08   6.4888E-06  1.0000   0.0000E+00  0.0000   0.0000E+00  0.0000   0.0000E+00  0.0000
   5.6234E-08   1.0000E-07   1.1642E-05  1.0000   0.0000E+00  0.0000   0.0000E+00  0.0000   0.0000E+00  0.0000
   1.0000E-07   1.7783E-07   2.1556E-06  1.0000   0.0000E+00  0.0000   0.0000E+00  0.0000   0.0000E+00  0.0000
   1.7783E-07   3.1623E-07   1.4554E-05  1.0000   0.0000E+00  0.0000   0.0000E+00  0.0000   0.0000E+00  0.0000
   3.1623E-07   5.6234E-07   1.5705E-05  1.0000   0.0000E+00  0.0000   0.0000E+00  0.0000   0.0000E+00  0.0000
   5.6234E-07   1.0000E-06   3.7105E-06  1.0000   0.0000E+00  0.0000   0.0000E+00  0.0000   0.0000E+00  0.0000
   1.0000E-06   1.7783E-06   2.1014E-08  1.0000   0.0000E+00  0.0000   0.0000E+00  0.0000   0.0000E+00  0.0000
   1.7783E-06   3.1623E-06   7.3141E-06  0.7867   0.0000E+00  0.0000   0.0000E+00  0.0000   0.0000E+00  0.0000
   3.1623E-06   5.6234E-06   1.9431E-05  1.0000   0.0000E+00  0.0000   0.0000E+00  0.0000   0.0000E+00  0.0000
   5.6234E-06   1.0000E-05   1.6224E-05  1.0000   0.0000E+00  0.0000   0.0000E+00  0.0000   0.0000E+00  0.0000
   1.0000E-05   1.7783E-05   0.0000E+00  0.0000   0.0000E+00  0.0000   0.0000E+00  0.0000   0.0000E+00  0.0000
   1.7783E-05   3.1623E-05   0.0000E+00  0.0000   0.0000E+00  0.0000   0.0000E+00  0.0000   0.0000E+00  0.0000
   3.1623E-05   5.6234E-05   9.7759E-06  1.0000   0.0000E+00  0.0000   0.0000E+00  0.0000   0.0000E+00  0.0000
   5.6234E-05   1.0000E-04   9.5245E-06  1.0000   0.0000E+00  0.0000   0.0000E+00  0.0000   0.0000E+00  0.0000
   1.0000E-04   1.7783E-04   1.4905E-05  1.0000   4.2937E-16  0.7101   0.0000E+00  0.0000   0.0000E+00  0.0000
   1.7783E-04   3.1623E-04   0.0000E+00  0.0000   0.0000E+00  0.0000   0.0000E+00  0.0000   0.0000E+00  0.0000
   3.1623E-04   5.6234E-04   1.6586E-05  1.0000   0.0000E+00  0.0000   0.0000E+00  0.0000   0.0000E+00  0.0000
   5.6234E-04   1.0000E-03   6.7046E-06  1.0000   0.0000E+00  0.0000   0.0000E+00  0.0000   0.0000E+00  0.0000
   1.0000E-03   1.7783E-03   0.0000E+00  0.0000   5.8091E-11  0.3765   0.0000E+00  0.0000   5.9980E-12  1.0000
   1.7783E-03   3.1623E-03   2.6134E-05  1.0000   2.8399E-11  0.3765   0.0000E+00  0.0000   9.6861E-12  1.0000
   3.1623E-03   5.6234E-03   7.3301E-07  1.0000   4.1957E-11  0.3765   0.0000E+00  0.0000   1.4622E-11  1.0000
   5.6234E-03   1.0000E-02   0.0000E+00  0.0000   6.7293E-11  0.3765   0.0000E+00  0.0000   2.0177E-11  1.0000
   1.0000E-02   1.7783E-02   6.7845E-05  1.0000   1.2066E-10  0.3765   0.0000E+00  0.0000   2.7062E-11  1.0000
   1.7783E-02   3.1623E-02   3.6619E-05  0.7080   2.4911E-10  0.3765   0.0000E+00  0.0000   3.8771E-11  1.0000
   3.1623E-02   5.6234E-02   0.0000E+00  0.0000   5.8197E-10  0.3765   0.0000E+00  0.0000   5.8180E-11  1.0000
   5.6234E-02   1.0000E-01   2.4785E-05  0.7068   1.4582E-09  0.3765   0.0000E+00  0.0000   9.5174E-11  1.0000
   1.0000E-01   1.7783E-01   1.6746E-06  1.0000   3.7430E-09  0.3765   0.0000E+00  0.0000   1.7562E-10  1.0000
   1.7783E-01   3.1623E-01   2.2705E-05  0.8489   9.7909E-09  0.3765   0.0000E+00  0.0000   3.7312E-10  1.0000
   3.1623E-01   5.6234E-01   2.0344E-05  1.0000   2.6244E-08  0.3765   0.0000E+00  0.0000   8.8901E-10  1.0000
   5.6234E-01   1.0000E+00   5.1170E-05  0.7926   7.1980E-08  0.3765   0.0000E+00  0.0000   2.2441E-09  1.0000
   1.0000E+00   1.7783E+00   5.7428E-05  0.5777   2.0156E-07  0.3765   0.0000E+00  0.0000   5.7803E-09  1.0000
   1.7783E+00   3.1623E+00   3.7589E-05  0.7840   5.7331E-07  0.3765   0.0000E+00  0.0000   1.5193E-08  1.0000
   3.1623E+00   5.6234E+00   6.0019E-05  0.7333   1.7703E-06  0.3546   0.0000E+00  0.0000   1.3816E-08  1.0000
   5.6234E+00   1.0000E+01   0.0000E+00  0.0000   5.1583E-06  0.3520   0.0000E+00  0.0000   0.0000E+00  0.0000
   1.0000E+01   1.7783E+01   0.0000E+00  0.0000   1.4045E-05  0.3520   0.0000E+00  0.0000   0.0000E+00  0.0000
   1.7783E+01   3.1623E+01   0.0000E+00  0.0000   3.6667E-05  0.3520   0.0000E+00  0.0000   0.0000E+00  0.0000
   3.1623E+01   5.6234E+01   0.0000E+00  0.0000   8.9638E-05  0.3520   0.0000E+00  0.0000   0.0000E+00  0.0000
   5.6234E+01   1.0000E+02   0.0000E+00  0.0000   1.6131E-04  0.3822   0.0000E+00  0.0000   0.0000E+00  0.0000
   1.0000E+02   1.7783E+02   0.0000E+00  0.0000   2.0617E-04  0.3735   0.0000E+00  0.0000   0.0000E+00  0.0000
   1.7783E+02   3.1623E+02   0.0000E+00  0.0000   3.1058E-04  0.4054   0.0000E+00  0.0000   0.0000E+00  0.0000
   3.1623E+02   5.6234E+02   0.0000E+00  0.0000   4.4643E-04  0.3655   0.0000E+00  0.0000   0.0000E+00  0.0000
   5.6234E+02   1.0000E+03   0.0000E+00  0.0000   9.1291E-04  0.2663   0.0000E+00  0.0000   0.0000E+00  0.0000
   1.0000E+03   1.7783E+03   0.0000E+00  0.0000   9.3699E-04  0.2746   0.0000E+00  0.0000   0.0000E+00  0.0000
   1.7783E+03   3.1623E+03   0.0000E+00  0.0000   1.5990E-03  0.2102   0.0000E+00  0.0000   0.0000E+00  0.0000
   3.1623E+03   5.6234E+03   0.0000E+00  0.0000   1.4380E-03  0.2238   0.0000E+00  0.0000   0.0000E+00  0.0000
   5.6234E+03   1.0000E+04   0.0000E+00  0.0000   8.8050E-04  0.2967   0.0000E+00  0.0000   0.0000E+00  0.0000
   1.0000E+04   1.7783E+04   0.0000E+00  0.0000   8.0955E-04  0.2919   0.0000E+00  0.0000   0.0000E+00  0.0000
   1.7783E+04   3.1623E+04   0.0000E+00  0.0000   1.7579E-04  0.7075   0.0000E+00  0.0000   0.0000E+00  0.0000
   3.1623E+04   5.6234E+04   0.0000E+00  0.0000   6.2640E-05  1.0000   0.0000E+00  0.0000   0.0000E+00  0.0000
   5.6234E+04   1.0000E+05   0.0000E+00  0.0000   1.9370E-04  1.0000   0.0000E+00  0.0000   0.0000E+00  0.0000

#   sum over                 5.7299E-04  0.6316   8.2818E-03  0.0887   0.0000E+00  0.0000   3.8741E-08  1.0000

'no. = 35, (ix,iy,iz) = (  1,  1, 35)'
msuc: {\huge Flux spectra vs depth in concrete}
msdr: {\it plotted by \ANGEL \version}
msdl: {\it calculated by \PHITS  3.36}
wt: s(0.7)
\vspace{-3}
   vol  &=&   2.8800E+07 [cm^3]
  xmin  &=&  -6.0000E+02 [cm]
  xmax  &=&   6.0000E+02 [cm]
  ymin  &=&  -6.0000E+02 [cm]
  ymax  &=&   6.0000E+02 [cm]
  zmin  &=&  -2.0000E+01 [cm]
  zmax  &=&   0.0000E+00 [cm]
e:
 
# Information for Restart Calculation
# This calculation was newly started
# istdev =  2 # 1:Batch variance, 2:History variance
# resc2  = 1.25253229462814562E-02 # Total source weight or Total source weight / maxcas
# resc3  = 8.00000000000000000E+02 # Total history number or Total batch number
# maxcas =         800 # History / Batch, only used for istdev=1
# bitrseed = 1100000011111100000101010010101010110001001101111100000011111001 # bit data of rseed
