[ T-Track ]
    title = Flux spectra vs depth in concrete
     mesh =  xyz            # mesh type is xyz scoring mesh
   x-type =    2            # x-mesh is linear given by xmin, xmax and nx
     xmin =  -600.0000      # minimum value of x-mesh points
     xmax =   600.0000      # maximum value of x-mesh points
#    xdel =   1200.000      # mesh width of x-mesh points
       nx =      1          # number of x-mesh points
#    data = ( x(i), i = 1, nx + 1 )
#          -6.00000E+02  6.00000E+02
   y-type =    2            # y-mesh is linear given by ymin, ymax and ny
     ymin =  -600.0000      # minimum value of y-mesh points
     ymax =   600.0000      # maximum value of y-mesh points
#    ydel =   1200.000      # mesh width of y-mesh points
       ny =      1          # number of y-mesh points
#    data = ( y(i), i = 1, ny + 1 )
#          -6.00000E+02  6.00000E+02
   z-type =    2            # z-mesh is linear given by zmin, zmax and nz
     zmin =  -700.0000      # minimum value of z-mesh points
     zmax =   0.000000      # maximum value of z-mesh points
#    zdel =   20.00000      # mesh width of z-mesh points
       nz =     35          # number of z-mesh points
#    data = ( z(i), i = 1, nz + 1 )
#          -7.00000E+02 -6.80000E+02 -6.60000E+02 -6.40000E+02 -6.20000E+02
#          -6.00000E+02 -5.80000E+02 -5.60000E+02 -5.40000E+02 -5.20000E+02
#          -5.00000E+02 -4.80000E+02 -4.60000E+02 -4.40000E+02 -4.20000E+02
#          -4.00000E+02 -3.80000E+02 -3.60000E+02 -3.40000E+02 -3.20000E+02
#          -3.00000E+02 -2.80000E+02 -2.60000E+02 -2.40000E+02 -2.20000E+02
#          -2.00000E+02 -1.80000E+02 -1.60000E+02 -1.40000E+02 -1.20000E+02
#          -1.00000E+02 -8.00000E+01 -6.00000E+01 -4.00000E+01 -2.00000E+01
#           0.00000E+00
   e-type =    3            # e-mesh is log given by emin, emax and ne
     emin =  1.0000000E-10  # minimum value of e-mesh points
     emax =   100000.0      # maximum value of e-mesh points
#    edel =  0.5756463      # mesh width of e-mesh points
       ne =     60          # number of e-mesh points
#    data = ( e(i), i = 1, ne + 1 )
#           1.00000E-10  1.77828E-10  3.16228E-10  5.62341E-10  1.00000E-09
#           1.77828E-09  3.16228E-09  5.62341E-09  1.00000E-08  1.77828E-08
#           3.16228E-08  5.62341E-08  1.00000E-07  1.77828E-07  3.16228E-07
#           5.62341E-07  1.00000E-06  1.77828E-06  3.16228E-06  5.62341E-06
#           1.00000E-05  1.77828E-05  3.16228E-05  5.62341E-05  1.00000E-04
#           1.77828E-04  3.16228E-04  5.62341E-04  1.00000E-03  1.77828E-03
#           3.16228E-03  5.62341E-03  1.00000E-02  1.77828E-02  3.16228E-02
#           5.62341E-02  1.00000E-01  1.77828E-01  3.16228E-01  5.62341E-01
#           1.00000E+00  1.77828E+00  3.16228E+00  5.62341E+00  1.00000E+01
#           1.77828E+01  3.16228E+01  5.62341E+01  1.00000E+02  1.77828E+02
#           3.16228E+02  5.62341E+02  1.00000E+03  1.77828E+03  3.16228E+03
#           5.62341E+03  1.00000E+04  1.77828E+04  3.16228E+04  5.62341E+04
#           1.00000E+05
     unit =    1            # unit is [1/cm^2/source]
 material =  all            # (D=all) number of specific material
     axis =     eng            # axis of output
     file = depth_spec.out  # file name of output for the above axis
     part =  neutron    muon-      muon+      proton   
# kf/name :  2112       13         -13        2212     
#    used :        main (  %)        temp (  %)       total (  %)
#  memory :         105 (  0)           0 (  0)         105 (  0)

#------------------------------------------------------------------------------
#newpage:
#   no. =  1   ix  =  1   iy  =  1   iz  =  1
#   x = (  -6.0000E+02  -   6.0000E+02  )
#   y = (  -6.0000E+02  -   6.0000E+02  )
#   z = (  -7.0000E+02  -  -6.8000E+02  )

x: Energy [MeV/n]
y: Flux [1/cm^2/source]              
p: xlog ylog afac(0.8) form(0.9)
h: n            x            y(neutron ),hh0l n y(muon-   ),hh0dr n y(muon+   ),hh0ub n y(proton  ),hh0mg n 
#  e-lower      e-upper        neutron   r.err      muon-     r.err      muon+     r.err      proton    r.err 
   1.0000E-10   1.7783E-10   0.0000E+00  0.0000   0.0000E+00  0.0000   0.0000E+00  0.0000   0.0000E+00  0.0000
   1.7783E-10   3.1623E-10   0.0000E+00  0.0000   0.0000E+00  0.0000   0.0000E+00  0.0000   0.0000E+00  0.0000
   3.1623E-10   5.6234E-10   0.0000E+00  0.0000   0.0000E+00  0.0000   0.0000E+00  0.0000   0.0000E+00  0.0000
   5.6234E-10   1.0000E-09   0.0000E+00  0.0000   0.0000E+00  0.0000   0.0000E+00  0.0000   0.0000E+00  0.0000
   1.0000E-09   1.7783E-09   0.0000E+00  0.0000   0.0000E+00  0.0000   0.0000E+00  0.0000   0.0000E+00  0.0000
   1.7783E-09   3.1623E-09   0.0000E+00  0.0000   0.0000E+00  0.0000   0.0000E+00  0.0000   0.0000E+00  0.0000
   3.1623E-09   5.6234E-09   0.0000E+00  0.0000   0.0000E+00  0.0000   0.0000E+00  0.0000   0.0000E+00  0.0000
   5.6234E-09   1.0000E-08   0.0000E+00  0.0000   0.0000E+00  0.0000   0.0000E+00  0.0000   0.0000E+00  0.0000
   1.0000E-08   1.7783E-08   0.0000E+00  0.0000   0.0000E+00  0.0000   0.0000E+00  0.0000   0.0000E+00  0.0000
   1.7783E-08   3.1623E-08   0.0000E+00  0.0000   0.0000E+00  0.0000   0.0000E+00  0.0000   0.0000E+00  0.0000
   3.1623E-08   5.6234E-08   0.0000E+00  0.0000   0.0000E+00  0.0000   0.0000E+00  0.0000   0.0000E+00  0.0000
   5.6234E-08   1.0000E-07   0.0000E+00  0.0000   0.0000E+00  0.0000   0.0000E+00  0.0000   0.0000E+00  0.0000
   1.0000E-07   1.7783E-07   0.0000E+00  0.0000   0.0000E+00  0.0000   0.0000E+00  0.0000   0.0000E+00  0.0000
   1.7783E-07   3.1623E-07   0.0000E+00  0.0000   0.0000E+00  0.0000   0.0000E+00  0.0000   0.0000E+00  0.0000
   3.1623E-07   5.6234E-07   0.0000E+00  0.0000   0.0000E+00  0.0000   0.0000E+00  0.0000   0.0000E+00  0.0000
   5.6234E-07   1.0000E-06   0.0000E+00  0.0000   0.0000E+00  0.0000   0.0000E+00  0.0000   0.0000E+00  0.0000
   1.0000E-06   1.7783E-06   0.0000E+00  0.0000   0.0000E+00  0.0000   0.0000E+00  0.0000   0.0000E+00  0.0000
   1.7783E-06   3.1623E-06   0.0000E+00  0.0000   0.0000E+00  0.0000   0.0000E+00  0.0000   0.0000E+00  0.0000
   3.1623E-06   5.6234E-06   0.0000E+00  0.0000   0.0000E+00  0.0000   0.0000E+00  0.0000   0.0000E+00  0.0000
   5.6234E-06   1.0000E-05   0.0000E+00  0.0000   0.0000E+00  0.0000   0.0000E+00  0.0000   0.0000E+00  0.0000
   1.0000E-05   1.7783E-05   0.0000E+00  0.0000   0.0000E+00  0.0000   0.0000E+00  0.0000   0.0000E+00  0.0000
   1.7783E-05   3.1623E-05   0.0000E+00  0.0000   0.0000E+00  0.0000   0.0000E+00  0.0000   0.0000E+00  0.0000
   3.1623E-05   5.6234E-05   0.0000E+00  0.0000   0.0000E+00  0.0000   0.0000E+00  0.0000   0.0000E+00  0.0000
   5.6234E-05   1.0000E-04   0.0000E+00  0.0000   0.0000E+00  0.0000   0.0000E+00  0.0000   0.0000E+00  0.0000
   1.0000E-04   1.7783E-04   0.0000E+00  0.0000   0.0000E+00  0.0000   0.0000E+00  0.0000   0.0000E+00  0.0000
   1.7783E-04   3.1623E-04   0.0000E+00  0.0000   0.0000E+00  0.0000   0.0000E+00  0.0000   0.0000E+00  0.0000
   3.1623E-04   5.6234E-04   0.0000E+00  0.0000   0.0000E+00  0.0000   0.0000E+00  0.0000   0.0000E+00  0.0000
   5.6234E-04   1.0000E-03   0.0000E+00  0.0000   0.0000E+00  0.0000   0.0000E+00  0.0000   0.0000E+00  0.0000
   1.0000E-03   1.7783E-03   0.0000E+00  0.0000   0.0000E+00  0.0000   0.0000E+00  0.0000   0.0000E+00  0.0000
   1.7783E-03   3.1623E-03   0.0000E+00  0.0000   0.0000E+00  0.0000   0.0000E+00  0.0000   0.0000E+00  0.0000
   3.1623E-03   5.6234E-03   0.0000E+00  0.0000   0.0000E+00  0.0000   0.0000E+00  0.0000   0.0000E+00  0.0000
   5.6234E-03   1.0000E-02   0.0000E+00  0.0000   0.0000E+00  0.0000   0.0000E+00  0.0000   0.0000E+00  0.0000
   1.0000E-02   1.7783E-02   0.0000E+00  0.0000   0.0000E+00  0.0000   0.0000E+00  0.0000   0.0000E+00  0.0000
   1.7783E-02   3.1623E-02   0.0000E+00  0.0000   0.0000E+00  0.0000   0.0000E+00  0.0000   0.0000E+00  0.0000
   3.1623E-02   5.6234E-02   0.0000E+00  0.0000   0.0000E+00  0.0000   0.0000E+00  0.0000   0.0000E+00  0.0000
   5.6234E-02   1.0000E-01   0.0000E+00  0.0000   0.0000E+00  0.0000   0.0000E+00  0.0000   0.0000E+00  0.0000
   1.0000E-01   1.7783E-01   0.0000E+00  0.0000   0.0000E+00  0.0000   0.0000E+00  0.0000   0.0000E+00  0.0000
   1.7783E-01   3.1623E-01   0.0000E+00  0.0000   0.0000E+00  0.0000   0.0000E+00  0.0000   0.0000E+00  0.0000
   3.1623E-01   5.6234E-01   0.0000E+00  0.0000   0.0000E+00  0.0000   0.0000E+00  0.0000   0.0000E+00  0.0000
   5.6234E-01   1.0000E+00   0.0000E+00  0.0000   0.0000E+00  0.0000   0.0000E+00  0.0000   0.0000E+00  0.0000
   1.0000E+00   1.7783E+00   0.0000E+00  0.0000   0.0000E+00  0.0000   0.0000E+00  0.0000   0.0000E+00  0.0000
   1.7783E+00   3.1623E+00   0.0000E+00  0.0000   0.0000E+00  0.0000   0.0000E+00  0.0000   0.0000E+00  0.0000
   3.1623E+00   5.6234E+00   0.0000E+00  0.0000   0.0000E+00  0.0000   0.0000E+00  0.0000   0.0000E+00  0.0000
   5.6234E+00   1.0000E+01   0.0000E+00  0.0000   0.0000E+00  0.0000   0.0000E+00  0.0000   0.0000E+00  0.0000
   1.0000E+01   1.7783E+01   0.0000E+00  0.0000   0.0000E+00  0.0000   0.0000E+00  0.0000   0.0000E+00  0.0000
   1.7783E+01   3.1623E+01   0.0000E+00  0.0000   0.0000E+00  0.0000   0.0000E+00  0.0000   0.0000E+00  0.0000
   3.1623E+01   5.6234E+01   0.0000E+00  0.0000   0.0000E+00  0.0000   0.0000E+00  0.0000   0.0000E+00  0.0000
   5.6234E+01   1.0000E+02   0.0000E+00  0.0000   0.0000E+00  0.0000   0.0000E+00  0.0000   0.0000E+00  0.0000
   1.0000E+02   1.7783E+02   0.0000E+00  0.0000   0.0000E+00  0.0000   0.0000E+00  0.0000   0.0000E+00  0.0000
   1.7783E+02   3.1623E+02   0.0000E+00  0.0000   1.1287E-04  0.7013   0.0000E+00  0.0000   0.0000E+00  0.0000
   3.1623E+02   5.6234E+02   0.0000E+00  0.0000   1.6354E-04  0.5332   0.0000E+00  0.0000   0.0000E+00  0.0000
   5.6234E+02   1.0000E+03   0.0000E+00  0.0000   1.8672E-04  0.5308   0.0000E+00  0.0000   0.0000E+00  0.0000
   1.0000E+03   1.7783E+03   0.0000E+00  0.0000   5.2806E-04  0.3358   0.0000E+00  0.0000   0.0000E+00  0.0000
   1.7783E+03   3.1623E+03   0.0000E+00  0.0000   6.6995E-04  0.3281   0.0000E+00  0.0000   0.0000E+00  0.0000
   3.1623E+03   5.6234E+03   0.0000E+00  0.0000   5.3095E-04  0.3912   0.0000E+00  0.0000   0.0000E+00  0.0000
   5.6234E+03   1.0000E+04   0.0000E+00  0.0000   5.0940E-04  0.3857   0.0000E+00  0.0000   0.0000E+00  0.0000
   1.0000E+04   1.7783E+04   0.0000E+00  0.0000   4.2766E-04  0.4151   0.0000E+00  0.0000   0.0000E+00  0.0000
   1.7783E+04   3.1623E+04   0.0000E+00  0.0000   8.2221E-05  1.0000   0.0000E+00  0.0000   0.0000E+00  0.0000
   3.1623E+04   5.6234E+04   0.0000E+00  0.0000   0.0000E+00  0.0000   0.0000E+00  0.0000   0.0000E+00  0.0000
   5.6234E+04   1.0000E+05   0.0000E+00  0.0000   0.0000E+00  0.0000   0.0000E+00  0.0000   0.0000E+00  0.0000

#   sum over                 0.0000E+00  0.0000   3.2114E-03  0.1463   0.0000E+00  0.0000   0.0000E+00  0.0000

'no. =  1, (ix,iy,iz) = (  1,  1,  1)'
msuc: {\huge Flux spectra vs depth in concrete}
msdr: {\it plotted by \ANGEL \version}
msdl: {\it calculated by \PHITS  3.36}
wt: s(0.7)
\vspace{-3}
   vol  &=&   2.8800E+07 [cm^3]
  xmin  &=&  -6.0000E+02 [cm]
  xmax  &=&   6.0000E+02 [cm]
  ymin  &=&  -6.0000E+02 [cm]
  ymax  &=&   6.0000E+02 [cm]
  zmin  &=&  -7.0000E+02 [cm]
  zmax  &=&  -6.8000E+02 [cm]
e:

#------------------------------------------------------------------------------
 newpage:
#   no. =  2   ix  =  1   iy  =  1   iz  =  2
#   x = (  -6.0000E+02  -   6.0000E+02  )
#   y = (  -6.0000E+02  -   6.0000E+02  )
#   z = (  -6.8000E+02  -  -6.6000E+02  )

x: Energy [MeV/n]
y: Flux [1/cm^2/source]              
p: xlog ylog afac(0.8) form(0.9)
h: n            x            y(neutron ),hh0l n y(muon-   ),hh0dr n y(muon+   ),hh0ub n y(proton  ),hh0mg n 
#  e-lower      e-upper        neutron   r.err      muon-     r.err      muon+     r.err      proton    r.err 
   1.0000E-10   1.7783E-10   0.0000E+00  0.0000   0.0000E+00  0.0000   0.0000E+00  0.0000   0.0000E+00  0.0000
   1.7783E-10   3.1623E-10   0.0000E+00  0.0000   0.0000E+00  0.0000   0.0000E+00  0.0000   0.0000E+00  0.0000
   3.1623E-10   5.6234E-10   0.0000E+00  0.0000   0.0000E+00  0.0000   0.0000E+00  0.0000   0.0000E+00  0.0000
   5.6234E-10   1.0000E-09   0.0000E+00  0.0000   0.0000E+00  0.0000   0.0000E+00  0.0000   0.0000E+00  0.0000
   1.0000E-09   1.7783E-09   0.0000E+00  0.0000   0.0000E+00  0.0000   0.0000E+00  0.0000   0.0000E+00  0.0000
   1.7783E-09   3.1623E-09   0.0000E+00  0.0000   0.0000E+00  0.0000   0.0000E+00  0.0000   0.0000E+00  0.0000
   3.1623E-09   5.6234E-09   0.0000E+00  0.0000   0.0000E+00  0.0000   0.0000E+00  0.0000   0.0000E+00  0.0000
   5.6234E-09   1.0000E-08   0.0000E+00  0.0000   0.0000E+00  0.0000   0.0000E+00  0.0000   0.0000E+00  0.0000
   1.0000E-08   1.7783E-08   0.0000E+00  0.0000   0.0000E+00  0.0000   0.0000E+00  0.0000   0.0000E+00  0.0000
   1.7783E-08   3.1623E-08   0.0000E+00  0.0000   0.0000E+00  0.0000   0.0000E+00  0.0000   0.0000E+00  0.0000
   3.1623E-08   5.6234E-08   0.0000E+00  0.0000   0.0000E+00  0.0000   0.0000E+00  0.0000   0.0000E+00  0.0000
   5.6234E-08   1.0000E-07   0.0000E+00  0.0000   0.0000E+00  0.0000   0.0000E+00  0.0000   0.0000E+00  0.0000
   1.0000E-07   1.7783E-07   0.0000E+00  0.0000   0.0000E+00  0.0000   0.0000E+00  0.0000   0.0000E+00  0.0000
   1.7783E-07   3.1623E-07   0.0000E+00  0.0000   0.0000E+00  0.0000   0.0000E+00  0.0000   0.0000E+00  0.0000
   3.1623E-07   5.6234E-07   0.0000E+00  0.0000   0.0000E+00  0.0000   0.0000E+00  0.0000   0.0000E+00  0.0000
   5.6234E-07   1.0000E-06   0.0000E+00  0.0000   0.0000E+00  0.0000   0.0000E+00  0.0000   0.0000E+00  0.0000
   1.0000E-06   1.7783E-06   0.0000E+00  0.0000   0.0000E+00  0.0000   0.0000E+00  0.0000   0.0000E+00  0.0000
   1.7783E-06   3.1623E-06   0.0000E+00  0.0000   0.0000E+00  0.0000   0.0000E+00  0.0000   0.0000E+00  0.0000
   3.1623E-06   5.6234E-06   0.0000E+00  0.0000   0.0000E+00  0.0000   0.0000E+00  0.0000   0.0000E+00  0.0000
   5.6234E-06   1.0000E-05   0.0000E+00  0.0000   0.0000E+00  0.0000   0.0000E+00  0.0000   0.0000E+00  0.0000
   1.0000E-05   1.7783E-05   0.0000E+00  0.0000   0.0000E+00  0.0000   0.0000E+00  0.0000   0.0000E+00  0.0000
   1.7783E-05   3.1623E-05   0.0000E+00  0.0000   0.0000E+00  0.0000   0.0000E+00  0.0000   0.0000E+00  0.0000
   3.1623E-05   5.6234E-05   0.0000E+00  0.0000   0.0000E+00  0.0000   0.0000E+00  0.0000   0.0000E+00  0.0000
   5.6234E-05   1.0000E-04   0.0000E+00  0.0000   0.0000E+00  0.0000   0.0000E+00  0.0000   0.0000E+00  0.0000
   1.0000E-04   1.7783E-04   0.0000E+00  0.0000   3.5618E-17  1.0000   0.0000E+00  0.0000   0.0000E+00  0.0000
   1.7783E-04   3.1623E-04   0.0000E+00  0.0000   0.0000E+00  0.0000   0.0000E+00  0.0000   0.0000E+00  0.0000
   3.1623E-04   5.6234E-04   0.0000E+00  0.0000   0.0000E+00  0.0000   0.0000E+00  0.0000   0.0000E+00  0.0000
   5.6234E-04   1.0000E-03   0.0000E+00  0.0000   0.0000E+00  0.0000   0.0000E+00  0.0000   0.0000E+00  0.0000
   1.0000E-03   1.7783E-03   0.0000E+00  0.0000   1.6288E-11  0.7068   0.0000E+00  0.0000   0.0000E+00  0.0000
   1.7783E-03   3.1623E-03   0.0000E+00  0.0000   8.1140E-12  0.7067   0.0000E+00  0.0000   0.0000E+00  0.0000
   3.1623E-03   5.6234E-03   0.0000E+00  0.0000   1.1988E-11  0.7067   0.0000E+00  0.0000   0.0000E+00  0.0000
   5.6234E-03   1.0000E-02   0.0000E+00  0.0000   1.9227E-11  0.7067   0.0000E+00  0.0000   0.0000E+00  0.0000
   1.0000E-02   1.7783E-02   0.0000E+00  0.0000   3.4475E-11  0.7067   0.0000E+00  0.0000   0.0000E+00  0.0000
   1.7783E-02   3.1623E-02   0.0000E+00  0.0000   7.1175E-11  0.7067   0.0000E+00  0.0000   0.0000E+00  0.0000
   3.1623E-02   5.6234E-02   0.0000E+00  0.0000   1.6628E-10  0.7067   0.0000E+00  0.0000   0.0000E+00  0.0000
   5.6234E-02   1.0000E-01   0.0000E+00  0.0000   4.1663E-10  0.7067   0.0000E+00  0.0000   0.0000E+00  0.0000
   1.0000E-01   1.7783E-01   0.0000E+00  0.0000   1.0694E-09  0.7067   0.0000E+00  0.0000   0.0000E+00  0.0000
   1.7783E-01   3.1623E-01   0.0000E+00  0.0000   2.7974E-09  0.7067   0.0000E+00  0.0000   0.0000E+00  0.0000
   3.1623E-01   5.6234E-01   0.0000E+00  0.0000   7.4983E-09  0.7067   0.0000E+00  0.0000   0.0000E+00  0.0000
   5.6234E-01   1.0000E+00   0.0000E+00  0.0000   2.0566E-08  0.7067   0.0000E+00  0.0000   0.0000E+00  0.0000
   1.0000E+00   1.7783E+00   0.0000E+00  0.0000   5.7587E-08  0.7067   0.0000E+00  0.0000   0.0000E+00  0.0000
   1.7783E+00   3.1623E+00   0.0000E+00  0.0000   1.6380E-07  0.7067   0.0000E+00  0.0000   0.0000E+00  0.0000
   3.1623E+00   5.6234E+00   0.0000E+00  0.0000   4.6293E-07  0.7067   0.0000E+00  0.0000   0.0000E+00  0.0000
   5.6234E+00   1.0000E+01   0.0000E+00  0.0000   1.2896E-06  0.7067   0.0000E+00  0.0000   0.0000E+00  0.0000
   1.0000E+01   1.7783E+01   0.0000E+00  0.0000   3.5112E-06  0.7067   0.0000E+00  0.0000   0.0000E+00  0.0000
   1.7783E+01   3.1623E+01   0.0000E+00  0.0000   9.1667E-06  0.7067   0.0000E+00  0.0000   0.0000E+00  0.0000
   3.1623E+01   5.6234E+01   0.0000E+00  0.0000   2.2409E-05  0.7067   0.0000E+00  0.0000   0.0000E+00  0.0000
   5.6234E+01   1.0000E+02   0.0000E+00  0.0000   2.5881E-05  0.9696   0.0000E+00  0.0000   0.0000E+00  0.0000
   1.0000E+02   1.7783E+02   0.0000E+00  0.0000   1.7865E-05  1.0000   0.0000E+00  0.0000   0.0000E+00  0.0000
   1.7783E+02   3.1623E+02   0.0000E+00  0.0000   1.7720E-05  1.0000   0.0000E+00  0.0000   0.0000E+00  0.0000
   3.1623E+02   5.6234E+02   0.0000E+00  0.0000   1.6637E-04  0.5787   0.0000E+00  0.0000   0.0000E+00  0.0000
   5.6234E+02   1.0000E+03   0.0000E+00  0.0000   2.5827E-04  0.5028   0.0000E+00  0.0000   0.0000E+00  0.0000
   1.0000E+03   1.7783E+03   0.0000E+00  0.0000   4.2077E-04  0.3697   0.0000E+00  0.0000   0.0000E+00  0.0000
   1.7783E+03   3.1623E+03   0.0000E+00  0.0000   7.2604E-04  0.3040   0.0000E+00  0.0000   0.0000E+00  0.0000
   3.1623E+03   5.6234E+03   0.0000E+00  0.0000   6.0294E-04  0.3641   0.0000E+00  0.0000   0.0000E+00  0.0000
   5.6234E+03   1.0000E+04   0.0000E+00  0.0000   5.2086E-04  0.3856   0.0000E+00  0.0000   0.0000E+00  0.0000
   1.0000E+04   1.7783E+04   0.0000E+00  0.0000   4.2768E-04  0.4151   0.0000E+00  0.0000   0.0000E+00  0.0000
   1.7783E+04   3.1623E+04   0.0000E+00  0.0000   8.2221E-05  1.0000   0.0000E+00  0.0000   0.0000E+00  0.0000
   3.1623E+04   5.6234E+04   0.0000E+00  0.0000   0.0000E+00  0.0000   0.0000E+00  0.0000   0.0000E+00  0.0000
   5.6234E+04   1.0000E+05   0.0000E+00  0.0000   0.0000E+00  0.0000   0.0000E+00  0.0000   0.0000E+00  0.0000

#   sum over                 0.0000E+00  0.0000   3.3037E-03  0.1439   0.0000E+00  0.0000   0.0000E+00  0.0000

'no. =  2, (ix,iy,iz) = (  1,  1,  2)'
msuc: {\huge Flux spectra vs depth in concrete}
msdr: {\it plotted by \ANGEL \version}
msdl: {\it calculated by \PHITS  3.36}
wt: s(0.7)
\vspace{-3}
   vol  &=&   2.8800E+07 [cm^3]
  xmin  &=&  -6.0000E+02 [cm]
  xmax  &=&   6.0000E+02 [cm]
  ymin  &=&  -6.0000E+02 [cm]
  ymax  &=&   6.0000E+02 [cm]
  zmin  &=&  -6.8000E+02 [cm]
  zmax  &=&  -6.6000E+02 [cm]
e:

#------------------------------------------------------------------------------
 newpage:
#   no. =  3   ix  =  1   iy  =  1   iz  =  3
#   x = (  -6.0000E+02  -   6.0000E+02  )
#   y = (  -6.0000E+02  -   6.0000E+02  )
#   z = (  -6.6000E+02  -  -6.4000E+02  )

x: Energy [MeV/n]
y: Flux [1/cm^2/source]              
p: xlog ylog afac(0.8) form(0.9)
h: n            x            y(neutron ),hh0l n y(muon-   ),hh0dr n y(muon+   ),hh0ub n y(proton  ),hh0mg n 
#  e-lower      e-upper        neutron   r.err      muon-     r.err      muon+     r.err      proton    r.err 
   1.0000E-10   1.7783E-10   0.0000E+00  0.0000   0.0000E+00  0.0000   0.0000E+00  0.0000   0.0000E+00  0.0000
   1.7783E-10   3.1623E-10   0.0000E+00  0.0000   0.0000E+00  0.0000   0.0000E+00  0.0000   0.0000E+00  0.0000
   3.1623E-10   5.6234E-10   0.0000E+00  0.0000   0.0000E+00  0.0000   0.0000E+00  0.0000   0.0000E+00  0.0000
   5.6234E-10   1.0000E-09   0.0000E+00  0.0000   0.0000E+00  0.0000   0.0000E+00  0.0000   0.0000E+00  0.0000
   1.0000E-09   1.7783E-09   0.0000E+00  0.0000   0.0000E+00  0.0000   0.0000E+00  0.0000   0.0000E+00  0.0000
   1.7783E-09   3.1623E-09   0.0000E+00  0.0000   0.0000E+00  0.0000   0.0000E+00  0.0000   0.0000E+00  0.0000
   3.1623E-09   5.6234E-09   0.0000E+00  0.0000   0.0000E+00  0.0000   0.0000E+00  0.0000   0.0000E+00  0.0000
   5.6234E-09   1.0000E-08   0.0000E+00  0.0000   0.0000E+00  0.0000   0.0000E+00  0.0000   0.0000E+00  0.0000
   1.0000E-08   1.7783E-08   0.0000E+00  0.0000   0.0000E+00  0.0000   0.0000E+00  0.0000   0.0000E+00  0.0000
   1.7783E-08   3.1623E-08   0.0000E+00  0.0000   0.0000E+00  0.0000   0.0000E+00  0.0000   0.0000E+00  0.0000
   3.1623E-08   5.6234E-08   0.0000E+00  0.0000   0.0000E+00  0.0000   0.0000E+00  0.0000   0.0000E+00  0.0000
   5.6234E-08   1.0000E-07   0.0000E+00  0.0000   0.0000E+00  0.0000   0.0000E+00  0.0000   0.0000E+00  0.0000
   1.0000E-07   1.7783E-07   0.0000E+00  0.0000   0.0000E+00  0.0000   0.0000E+00  0.0000   0.0000E+00  0.0000
   1.7783E-07   3.1623E-07   0.0000E+00  0.0000   0.0000E+00  0.0000   0.0000E+00  0.0000   0.0000E+00  0.0000
   3.1623E-07   5.6234E-07   0.0000E+00  0.0000   0.0000E+00  0.0000   0.0000E+00  0.0000   0.0000E+00  0.0000
   5.6234E-07   1.0000E-06   0.0000E+00  0.0000   0.0000E+00  0.0000   0.0000E+00  0.0000   0.0000E+00  0.0000
   1.0000E-06   1.7783E-06   0.0000E+00  0.0000   0.0000E+00  0.0000   0.0000E+00  0.0000   0.0000E+00  0.0000
   1.7783E-06   3.1623E-06   0.0000E+00  0.0000   0.0000E+00  0.0000   0.0000E+00  0.0000   0.0000E+00  0.0000
   3.1623E-06   5.6234E-06   0.0000E+00  0.0000   0.0000E+00  0.0000   0.0000E+00  0.0000   0.0000E+00  0.0000
   5.6234E-06   1.0000E-05   0.0000E+00  0.0000   0.0000E+00  0.0000   0.0000E+00  0.0000   0.0000E+00  0.0000
   1.0000E-05   1.7783E-05   0.0000E+00  0.0000   0.0000E+00  0.0000   0.0000E+00  0.0000   0.0000E+00  0.0000
   1.7783E-05   3.1623E-05   0.0000E+00  0.0000   0.0000E+00  0.0000   0.0000E+00  0.0000   0.0000E+00  0.0000
   3.1623E-05   5.6234E-05   0.0000E+00  0.0000   0.0000E+00  0.0000   0.0000E+00  0.0000   0.0000E+00  0.0000
   5.6234E-05   1.0000E-04   0.0000E+00  0.0000   0.0000E+00  0.0000   0.0000E+00  0.0000   0.0000E+00  0.0000
   1.0000E-04   1.7783E-04   0.0000E+00  0.0000   0.0000E+00  0.0000   0.0000E+00  0.0000   0.0000E+00  0.0000
   1.7783E-04   3.1623E-04   0.0000E+00  0.0000   0.0000E+00  0.0000   0.0000E+00  0.0000   0.0000E+00  0.0000
   3.1623E-04   5.6234E-04   0.0000E+00  0.0000   0.0000E+00  0.0000   0.0000E+00  0.0000   0.0000E+00  0.0000
   5.6234E-04   1.0000E-03   0.0000E+00  0.0000   0.0000E+00  0.0000   0.0000E+00  0.0000   0.0000E+00  0.0000
   1.0000E-03   1.7783E-03   0.0000E+00  0.0000   0.0000E+00  0.0000   0.0000E+00  0.0000   0.0000E+00  0.0000
   1.7783E-03   3.1623E-03   0.0000E+00  0.0000   0.0000E+00  0.0000   0.0000E+00  0.0000   0.0000E+00  0.0000
   3.1623E-03   5.6234E-03   0.0000E+00  0.0000   0.0000E+00  0.0000   0.0000E+00  0.0000   0.0000E+00  0.0000
   5.6234E-03   1.0000E-02   0.0000E+00  0.0000   0.0000E+00  0.0000   0.0000E+00  0.0000   0.0000E+00  0.0000
   1.0000E-02   1.7783E-02   0.0000E+00  0.0000   0.0000E+00  0.0000   0.0000E+00  0.0000   0.0000E+00  0.0000
   1.7783E-02   3.1623E-02   0.0000E+00  0.0000   0.0000E+00  0.0000   0.0000E+00  0.0000   0.0000E+00  0.0000
   3.1623E-02   5.6234E-02   0.0000E+00  0.0000   0.0000E+00  0.0000   0.0000E+00  0.0000   0.0000E+00  0.0000
   5.6234E-02   1.0000E-01   0.0000E+00  0.0000   0.0000E+00  0.0000   0.0000E+00  0.0000   0.0000E+00  0.0000
   1.0000E-01   1.7783E-01   0.0000E+00  0.0000   0.0000E+00  0.0000   0.0000E+00  0.0000   0.0000E+00  0.0000
   1.7783E-01   3.1623E-01   0.0000E+00  0.0000   0.0000E+00  0.0000   0.0000E+00  0.0000   0.0000E+00  0.0000
   3.1623E-01   5.6234E-01   0.0000E+00  0.0000   0.0000E+00  0.0000   0.0000E+00  0.0000   0.0000E+00  0.0000
   5.6234E-01   1.0000E+00   0.0000E+00  0.0000   0.0000E+00  0.0000   0.0000E+00  0.0000   0.0000E+00  0.0000
   1.0000E+00   1.7783E+00   0.0000E+00  0.0000   0.0000E+00  0.0000   0.0000E+00  0.0000   0.0000E+00  0.0000
   1.7783E+00   3.1623E+00   0.0000E+00  0.0000   0.0000E+00  0.0000   0.0000E+00  0.0000   0.0000E+00  0.0000
   3.1623E+00   5.6234E+00   0.0000E+00  0.0000   0.0000E+00  0.0000   0.0000E+00  0.0000   0.0000E+00  0.0000
   5.6234E+00   1.0000E+01   0.0000E+00  0.0000   0.0000E+00  0.0000   0.0000E+00  0.0000   0.0000E+00  0.0000
   1.0000E+01   1.7783E+01   0.0000E+00  0.0000   0.0000E+00  0.0000   0.0000E+00  0.0000   0.0000E+00  0.0000
   1.7783E+01   3.1623E+01   0.0000E+00  0.0000   0.0000E+00  0.0000   0.0000E+00  0.0000   0.0000E+00  0.0000
   3.1623E+01   5.6234E+01   0.0000E+00  0.0000   0.0000E+00  0.0000   0.0000E+00  0.0000   0.0000E+00  0.0000
   5.6234E+01   1.0000E+02   0.0000E+00  0.0000   2.4286E-05  1.0000   0.0000E+00  0.0000   0.0000E+00  0.0000
   1.0000E+02   1.7783E+02   0.0000E+00  0.0000   7.3299E-05  0.7101   0.0000E+00  0.0000   0.0000E+00  0.0000
   1.7783E+02   3.1623E+02   0.0000E+00  0.0000   3.2645E-05  1.0000   0.0000E+00  0.0000   0.0000E+00  0.0000
   3.1623E+02   5.6234E+02   0.0000E+00  0.0000   1.8380E-04  0.5783   0.0000E+00  0.0000   0.0000E+00  0.0000
   5.6234E+02   1.0000E+03   0.0000E+00  0.0000   1.9911E-04  0.5382   0.0000E+00  0.0000   0.0000E+00  0.0000
   1.0000E+03   1.7783E+03   0.0000E+00  0.0000   3.7658E-04  0.4074   0.0000E+00  0.0000   0.0000E+00  0.0000
   1.7783E+03   3.1623E+03   0.0000E+00  0.0000   8.2765E-04  0.2909   0.0000E+00  0.0000   0.0000E+00  0.0000
   3.1623E+03   5.6234E+03   0.0000E+00  0.0000   5.1069E-04  0.3660   0.0000E+00  0.0000   0.0000E+00  0.0000
   5.6234E+03   1.0000E+04   0.0000E+00  0.0000   6.1485E-04  0.3602   0.0000E+00  0.0000   0.0000E+00  0.0000
   1.0000E+04   1.7783E+04   0.0000E+00  0.0000   4.2768E-04  0.4151   0.0000E+00  0.0000   0.0000E+00  0.0000
   1.7783E+04   3.1623E+04   0.0000E+00  0.0000   8.2221E-05  1.0000   0.0000E+00  0.0000   0.0000E+00  0.0000
   3.1623E+04   5.6234E+04   0.0000E+00  0.0000   0.0000E+00  0.0000   0.0000E+00  0.0000   0.0000E+00  0.0000
   5.6234E+04   1.0000E+05   0.0000E+00  0.0000   0.0000E+00  0.0000   0.0000E+00  0.0000   0.0000E+00  0.0000

#   sum over                 0.0000E+00  0.0000   3.3528E-03  0.1430   0.0000E+00  0.0000   0.0000E+00  0.0000

'no. =  3, (ix,iy,iz) = (  1,  1,  3)'
msuc: {\huge Flux spectra vs depth in concrete}
msdr: {\it plotted by \ANGEL \version}
msdl: {\it calculated by \PHITS  3.36}
wt: s(0.7)
\vspace{-3}
   vol  &=&   2.8800E+07 [cm^3]
  xmin  &=&  -6.0000E+02 [cm]
  xmax  &=&   6.0000E+02 [cm]
  ymin  &=&  -6.0000E+02 [cm]
  ymax  &=&   6.0000E+02 [cm]
  zmin  &=&  -6.6000E+02 [cm]
  zmax  &=&  -6.4000E+02 [cm]
e:

#------------------------------------------------------------------------------
 newpage:
#   no. =  4   ix  =  1   iy  =  1   iz  =  4
#   x = (  -6.0000E+02  -   6.0000E+02  )
#   y = (  -6.0000E+02  -   6.0000E+02  )
#   z = (  -6.4000E+02  -  -6.2000E+02  )

x: Energy [MeV/n]
y: Flux [1/cm^2/source]              
p: xlog ylog afac(0.8) form(0.9)
h: n            x            y(neutron ),hh0l n y(muon-   ),hh0dr n y(muon+   ),hh0ub n y(proton  ),hh0mg n 
#  e-lower      e-upper        neutron   r.err      muon-     r.err      muon+     r.err      proton    r.err 
   1.0000E-10   1.7783E-10   0.0000E+00  0.0000   0.0000E+00  0.0000   0.0000E+00  0.0000   0.0000E+00  0.0000
   1.7783E-10   3.1623E-10   0.0000E+00  0.0000   0.0000E+00  0.0000   0.0000E+00  0.0000   0.0000E+00  0.0000
   3.1623E-10   5.6234E-10   0.0000E+00  0.0000   0.0000E+00  0.0000   0.0000E+00  0.0000   0.0000E+00  0.0000
   5.6234E-10   1.0000E-09   0.0000E+00  0.0000   0.0000E+00  0.0000   0.0000E+00  0.0000   0.0000E+00  0.0000
   1.0000E-09   1.7783E-09   0.0000E+00  0.0000   0.0000E+00  0.0000   0.0000E+00  0.0000   0.0000E+00  0.0000
   1.7783E-09   3.1623E-09   0.0000E+00  0.0000   0.0000E+00  0.0000   0.0000E+00  0.0000   0.0000E+00  0.0000
   3.1623E-09   5.6234E-09   0.0000E+00  0.0000   0.0000E+00  0.0000   0.0000E+00  0.0000   0.0000E+00  0.0000
   5.6234E-09   1.0000E-08   0.0000E+00  0.0000   0.0000E+00  0.0000   0.0000E+00  0.0000   0.0000E+00  0.0000
   1.0000E-08   1.7783E-08   0.0000E+00  0.0000   0.0000E+00  0.0000   0.0000E+00  0.0000   0.0000E+00  0.0000
   1.7783E-08   3.1623E-08   0.0000E+00  0.0000   0.0000E+00  0.0000   0.0000E+00  0.0000   0.0000E+00  0.0000
   3.1623E-08   5.6234E-08   0.0000E+00  0.0000   0.0000E+00  0.0000   0.0000E+00  0.0000   0.0000E+00  0.0000
   5.6234E-08   1.0000E-07   0.0000E+00  0.0000   0.0000E+00  0.0000   0.0000E+00  0.0000   0.0000E+00  0.0000
   1.0000E-07   1.7783E-07   0.0000E+00  0.0000   0.0000E+00  0.0000   0.0000E+00  0.0000   0.0000E+00  0.0000
   1.7783E-07   3.1623E-07   0.0000E+00  0.0000   0.0000E+00  0.0000   0.0000E+00  0.0000   0.0000E+00  0.0000
   3.1623E-07   5.6234E-07   0.0000E+00  0.0000   0.0000E+00  0.0000   0.0000E+00  0.0000   0.0000E+00  0.0000
   5.6234E-07   1.0000E-06   0.0000E+00  0.0000   0.0000E+00  0.0000   0.0000E+00  0.0000   0.0000E+00  0.0000
   1.0000E-06   1.7783E-06   0.0000E+00  0.0000   0.0000E+00  0.0000   0.0000E+00  0.0000   0.0000E+00  0.0000
   1.7783E-06   3.1623E-06   0.0000E+00  0.0000   0.0000E+00  0.0000   0.0000E+00  0.0000   0.0000E+00  0.0000
   3.1623E-06   5.6234E-06   0.0000E+00  0.0000   0.0000E+00  0.0000   0.0000E+00  0.0000   0.0000E+00  0.0000
   5.6234E-06   1.0000E-05   0.0000E+00  0.0000   0.0000E+00  0.0000   0.0000E+00  0.0000   0.0000E+00  0.0000
   1.0000E-05   1.7783E-05   0.0000E+00  0.0000   0.0000E+00  0.0000   0.0000E+00  0.0000   0.0000E+00  0.0000
   1.7783E-05   3.1623E-05   0.0000E+00  0.0000   0.0000E+00  0.0000   0.0000E+00  0.0000   0.0000E+00  0.0000
   3.1623E-05   5.6234E-05   0.0000E+00  0.0000   0.0000E+00  0.0000   0.0000E+00  0.0000   0.0000E+00  0.0000
   5.6234E-05   1.0000E-04   0.0000E+00  0.0000   0.0000E+00  0.0000   0.0000E+00  0.0000   0.0000E+00  0.0000
   1.0000E-04   1.7783E-04   0.0000E+00  0.0000   0.0000E+00  0.0000   0.0000E+00  0.0000   0.0000E+00  0.0000
   1.7783E-04   3.1623E-04   0.0000E+00  0.0000   0.0000E+00  0.0000   0.0000E+00  0.0000   0.0000E+00  0.0000
   3.1623E-04   5.6234E-04   0.0000E+00  0.0000   0.0000E+00  0.0000   0.0000E+00  0.0000   0.0000E+00  0.0000
   5.6234E-04   1.0000E-03   0.0000E+00  0.0000   0.0000E+00  0.0000   0.0000E+00  0.0000   0.0000E+00  0.0000
   1.0000E-03   1.7783E-03   0.0000E+00  0.0000   0.0000E+00  0.0000   0.0000E+00  0.0000   0.0000E+00  0.0000
   1.7783E-03   3.1623E-03   0.0000E+00  0.0000   0.0000E+00  0.0000   0.0000E+00  0.0000   0.0000E+00  0.0000
   3.1623E-03   5.6234E-03   0.0000E+00  0.0000   0.0000E+00  0.0000   0.0000E+00  0.0000   0.0000E+00  0.0000
   5.6234E-03   1.0000E-02   0.0000E+00  0.0000   0.0000E+00  0.0000   0.0000E+00  0.0000   0.0000E+00  0.0000
   1.0000E-02   1.7783E-02   0.0000E+00  0.0000   0.0000E+00  0.0000   0.0000E+00  0.0000   0.0000E+00  0.0000
   1.7783E-02   3.1623E-02   0.0000E+00  0.0000   0.0000E+00  0.0000   0.0000E+00  0.0000   0.0000E+00  0.0000
   3.1623E-02   5.6234E-02   0.0000E+00  0.0000   0.0000E+00  0.0000   0.0000E+00  0.0000   0.0000E+00  0.0000
   5.6234E-02   1.0000E-01   0.0000E+00  0.0000   0.0000E+00  0.0000   0.0000E+00  0.0000   0.0000E+00  0.0000
   1.0000E-01   1.7783E-01   0.0000E+00  0.0000   0.0000E+00  0.0000   0.0000E+00  0.0000   0.0000E+00  0.0000
   1.7783E-01   3.1623E-01   0.0000E+00  0.0000   0.0000E+00  0.0000   0.0000E+00  0.0000   0.0000E+00  0.0000
   3.1623E-01   5.6234E-01   0.0000E+00  0.0000   0.0000E+00  0.0000   0.0000E+00  0.0000   0.0000E+00  0.0000
   5.6234E-01   1.0000E+00   0.0000E+00  0.0000   0.0000E+00  0.0000   0.0000E+00  0.0000   0.0000E+00  0.0000
   1.0000E+00   1.7783E+00   0.0000E+00  0.0000   0.0000E+00  0.0000   0.0000E+00  0.0000   0.0000E+00  0.0000
   1.7783E+00   3.1623E+00   0.0000E+00  0.0000   0.0000E+00  0.0000   0.0000E+00  0.0000   0.0000E+00  0.0000
   3.1623E+00   5.6234E+00   0.0000E+00  0.0000   0.0000E+00  0.0000   0.0000E+00  0.0000   0.0000E+00  0.0000
   5.6234E+00   1.0000E+01   0.0000E+00  0.0000   0.0000E+00  0.0000   0.0000E+00  0.0000   0.0000E+00  0.0000
   1.0000E+01   1.7783E+01   0.0000E+00  0.0000   0.0000E+00  0.0000   0.0000E+00  0.0000   0.0000E+00  0.0000
   1.7783E+01   3.1623E+01   0.0000E+00  0.0000   0.0000E+00  0.0000   0.0000E+00  0.0000   0.0000E+00  0.0000
   3.1623E+01   5.6234E+01   0.0000E+00  0.0000   0.0000E+00  0.0000   0.0000E+00  0.0000   0.0000E+00  0.0000
   5.6234E+01   1.0000E+02   0.0000E+00  0.0000   0.0000E+00  0.0000   0.0000E+00  0.0000   0.0000E+00  0.0000
   1.0000E+02   1.7783E+02   0.0000E+00  0.0000   1.0599E-05  1.0000   0.0000E+00  0.0000   0.0000E+00  0.0000
   1.7783E+02   3.1623E+02   0.0000E+00  0.0000   1.1589E-04  0.7083   0.0000E+00  0.0000   0.0000E+00  0.0000
   3.1623E+02   5.6234E+02   0.0000E+00  0.0000   5.4366E-05  0.8977   0.0000E+00  0.0000   0.0000E+00  0.0000
   5.6234E+02   1.0000E+03   0.0000E+00  0.0000   2.5541E-04  0.4704   0.0000E+00  0.0000   0.0000E+00  0.0000
   1.0000E+03   1.7783E+03   0.0000E+00  0.0000   3.7617E-04  0.4118   0.0000E+00  0.0000   0.0000E+00  0.0000
   1.7783E+03   3.1623E+03   0.0000E+00  0.0000   7.7938E-04  0.2908   0.0000E+00  0.0000   0.0000E+00  0.0000
   3.1623E+03   5.6234E+03   0.0000E+00  0.0000   4.8654E-04  0.3593   0.0000E+00  0.0000   0.0000E+00  0.0000
   5.6234E+03   1.0000E+04   0.0000E+00  0.0000   6.5592E-04  0.3521   0.0000E+00  0.0000   0.0000E+00  0.0000
   1.0000E+04   1.7783E+04   0.0000E+00  0.0000   4.3268E-04  0.4104   0.0000E+00  0.0000   0.0000E+00  0.0000
   1.7783E+04   3.1623E+04   0.0000E+00  0.0000   8.2221E-05  1.0000   0.0000E+00  0.0000   0.0000E+00  0.0000
   3.1623E+04   5.6234E+04   0.0000E+00  0.0000   4.8231E-05  1.0000   0.0000E+00  0.0000   0.0000E+00  0.0000
   5.6234E+04   1.0000E+05   0.0000E+00  0.0000   0.0000E+00  0.0000   0.0000E+00  0.0000   0.0000E+00  0.0000

#   sum over                 0.0000E+00  0.0000   3.2974E-03  0.1438   0.0000E+00  0.0000   0.0000E+00  0.0000

'no. =  4, (ix,iy,iz) = (  1,  1,  4)'
msuc: {\huge Flux spectra vs depth in concrete}
msdr: {\it plotted by \ANGEL \version}
msdl: {\it calculated by \PHITS  3.36}
wt: s(0.7)
\vspace{-3}
   vol  &=&   2.8800E+07 [cm^3]
  xmin  &=&  -6.0000E+02 [cm]
  xmax  &=&   6.0000E+02 [cm]
  ymin  &=&  -6.0000E+02 [cm]
  ymax  &=&   6.0000E+02 [cm]
  zmin  &=&  -6.4000E+02 [cm]
  zmax  &=&  -6.2000E+02 [cm]
e:

#------------------------------------------------------------------------------
 newpage:
#   no. =  5   ix  =  1   iy  =  1   iz  =  5
#   x = (  -6.0000E+02  -   6.0000E+02  )
#   y = (  -6.0000E+02  -   6.0000E+02  )
#   z = (  -6.2000E+02  -  -6.0000E+02  )

x: Energy [MeV/n]
y: Flux [1/cm^2/source]              
p: xlog ylog afac(0.8) form(0.9)
h: n            x            y(neutron ),hh0l n y(muon-   ),hh0dr n y(muon+   ),hh0ub n y(proton  ),hh0mg n 
#  e-lower      e-upper        neutron   r.err      muon-     r.err      muon+     r.err      proton    r.err 
   1.0000E-10   1.7783E-10   0.0000E+00  0.0000   0.0000E+00  0.0000   0.0000E+00  0.0000   0.0000E+00  0.0000
   1.7783E-10   3.1623E-10   0.0000E+00  0.0000   0.0000E+00  0.0000   0.0000E+00  0.0000   0.0000E+00  0.0000
   3.1623E-10   5.6234E-10   0.0000E+00  0.0000   0.0000E+00  0.0000   0.0000E+00  0.0000   0.0000E+00  0.0000
   5.6234E-10   1.0000E-09   0.0000E+00  0.0000   0.0000E+00  0.0000   0.0000E+00  0.0000   0.0000E+00  0.0000
   1.0000E-09   1.7783E-09   0.0000E+00  0.0000   0.0000E+00  0.0000   0.0000E+00  0.0000   0.0000E+00  0.0000
   1.7783E-09   3.1623E-09   0.0000E+00  0.0000   0.0000E+00  0.0000   0.0000E+00  0.0000   0.0000E+00  0.0000
   3.1623E-09   5.6234E-09   0.0000E+00  0.0000   0.0000E+00  0.0000   0.0000E+00  0.0000   0.0000E+00  0.0000
   5.6234E-09   1.0000E-08   0.0000E+00  0.0000   0.0000E+00  0.0000   0.0000E+00  0.0000   0.0000E+00  0.0000
   1.0000E-08   1.7783E-08   0.0000E+00  0.0000   0.0000E+00  0.0000   0.0000E+00  0.0000   0.0000E+00  0.0000
   1.7783E-08   3.1623E-08   0.0000E+00  0.0000   0.0000E+00  0.0000   0.0000E+00  0.0000   0.0000E+00  0.0000
   3.1623E-08   5.6234E-08   0.0000E+00  0.0000   0.0000E+00  0.0000   0.0000E+00  0.0000   0.0000E+00  0.0000
   5.6234E-08   1.0000E-07   0.0000E+00  0.0000   0.0000E+00  0.0000   0.0000E+00  0.0000   0.0000E+00  0.0000
   1.0000E-07   1.7783E-07   0.0000E+00  0.0000   0.0000E+00  0.0000   0.0000E+00  0.0000   0.0000E+00  0.0000
   1.7783E-07   3.1623E-07   0.0000E+00  0.0000   0.0000E+00  0.0000   0.0000E+00  0.0000   0.0000E+00  0.0000
   3.1623E-07   5.6234E-07   0.0000E+00  0.0000   0.0000E+00  0.0000   0.0000E+00  0.0000   0.0000E+00  0.0000
   5.6234E-07   1.0000E-06   0.0000E+00  0.0000   0.0000E+00  0.0000   0.0000E+00  0.0000   0.0000E+00  0.0000
   1.0000E-06   1.7783E-06   0.0000E+00  0.0000   0.0000E+00  0.0000   0.0000E+00  0.0000   0.0000E+00  0.0000
   1.7783E-06   3.1623E-06   0.0000E+00  0.0000   0.0000E+00  0.0000   0.0000E+00  0.0000   0.0000E+00  0.0000
   3.1623E-06   5.6234E-06   0.0000E+00  0.0000   0.0000E+00  0.0000   0.0000E+00  0.0000   0.0000E+00  0.0000
   5.6234E-06   1.0000E-05   0.0000E+00  0.0000   0.0000E+00  0.0000   0.0000E+00  0.0000   0.0000E+00  0.0000
   1.0000E-05   1.7783E-05   0.0000E+00  0.0000   0.0000E+00  0.0000   0.0000E+00  0.0000   0.0000E+00  0.0000
   1.7783E-05   3.1623E-05   0.0000E+00  0.0000   0.0000E+00  0.0000   0.0000E+00  0.0000   0.0000E+00  0.0000
   3.1623E-05   5.6234E-05   0.0000E+00  0.0000   0.0000E+00  0.0000   0.0000E+00  0.0000   0.0000E+00  0.0000
   5.6234E-05   1.0000E-04   0.0000E+00  0.0000   0.0000E+00  0.0000   0.0000E+00  0.0000   0.0000E+00  0.0000
   1.0000E-04   1.7783E-04   0.0000E+00  0.0000   0.0000E+00  0.0000   0.0000E+00  0.0000   0.0000E+00  0.0000
   1.7783E-04   3.1623E-04   0.0000E+00  0.0000   0.0000E+00  0.0000   0.0000E+00  0.0000   0.0000E+00  0.0000
   3.1623E-04   5.6234E-04   0.0000E+00  0.0000   0.0000E+00  0.0000   0.0000E+00  0.0000   0.0000E+00  0.0000
   5.6234E-04   1.0000E-03   0.0000E+00  0.0000   0.0000E+00  0.0000   0.0000E+00  0.0000   0.0000E+00  0.0000
   1.0000E-03   1.7783E-03   0.0000E+00  0.0000   8.3040E-12  1.0000   0.0000E+00  0.0000   0.0000E+00  0.0000
   1.7783E-03   3.1623E-03   0.0000E+00  0.0000   4.0570E-12  1.0000   0.0000E+00  0.0000   0.0000E+00  0.0000
   3.1623E-03   5.6234E-03   0.0000E+00  0.0000   5.9939E-12  1.0000   0.0000E+00  0.0000   0.0000E+00  0.0000
   5.6234E-03   1.0000E-02   0.0000E+00  0.0000   9.6133E-12  1.0000   0.0000E+00  0.0000   0.0000E+00  0.0000
   1.0000E-02   1.7783E-02   0.0000E+00  0.0000   1.7238E-11  1.0000   0.0000E+00  0.0000   0.0000E+00  0.0000
   1.7783E-02   3.1623E-02   0.0000E+00  0.0000   3.5587E-11  1.0000   0.0000E+00  0.0000   0.0000E+00  0.0000
   3.1623E-02   5.6234E-02   0.0000E+00  0.0000   8.3139E-11  1.0000   0.0000E+00  0.0000   0.0000E+00  0.0000
   5.6234E-02   1.0000E-01   0.0000E+00  0.0000   2.0831E-10  1.0000   0.0000E+00  0.0000   0.0000E+00  0.0000
   1.0000E-01   1.7783E-01   0.0000E+00  0.0000   5.3471E-10  1.0000   0.0000E+00  0.0000   0.0000E+00  0.0000
   1.7783E-01   3.1623E-01   0.0000E+00  0.0000   1.3987E-09  1.0000   0.0000E+00  0.0000   0.0000E+00  0.0000
   3.1623E-01   5.6234E-01   0.0000E+00  0.0000   3.7491E-09  1.0000   0.0000E+00  0.0000   0.0000E+00  0.0000
   5.6234E-01   1.0000E+00   0.0000E+00  0.0000   1.0283E-08  1.0000   0.0000E+00  0.0000   0.0000E+00  0.0000
   1.0000E+00   1.7783E+00   0.0000E+00  0.0000   2.8794E-08  1.0000   0.0000E+00  0.0000   0.0000E+00  0.0000
   1.7783E+00   3.1623E+00   0.0000E+00  0.0000   8.1902E-08  1.0000   0.0000E+00  0.0000   0.0000E+00  0.0000
   3.1623E+00   5.6234E+00   0.0000E+00  0.0000   2.3146E-07  1.0000   0.0000E+00  0.0000   0.0000E+00  0.0000
   5.6234E+00   1.0000E+01   0.0000E+00  0.0000   6.4479E-07  1.0000   0.0000E+00  0.0000   0.0000E+00  0.0000
   1.0000E+01   1.7783E+01   0.0000E+00  0.0000   1.7556E-06  1.0000   0.0000E+00  0.0000   0.0000E+00  0.0000
   1.7783E+01   3.1623E+01   0.0000E+00  0.0000   4.5834E-06  1.0000   0.0000E+00  0.0000   0.0000E+00  0.0000
   3.1623E+01   5.6234E+01   0.0000E+00  0.0000   1.1205E-05  1.0000   0.0000E+00  0.0000   0.0000E+00  0.0000
   5.6234E+01   1.0000E+02   0.0000E+00  0.0000   2.5084E-05  1.0000   0.0000E+00  0.0000   0.0000E+00  0.0000
   1.0000E+02   1.7783E+02   0.0000E+00  0.0000   3.9904E-05  1.0000   0.0000E+00  0.0000   0.0000E+00  0.0000
   1.7783E+02   3.1623E+02   0.0000E+00  0.0000   4.0600E-05  1.0000   0.0000E+00  0.0000   0.0000E+00  0.0000
   3.1623E+02   5.6234E+02   0.0000E+00  0.0000   8.9631E-05  0.7796   0.0000E+00  0.0000   0.0000E+00  0.0000
   5.6234E+02   1.0000E+03   0.0000E+00  0.0000   3.0418E-04  0.4477   0.0000E+00  0.0000   0.0000E+00  0.0000
   1.0000E+03   1.7783E+03   0.0000E+00  0.0000   3.3469E-04  0.4447   0.0000E+00  0.0000   0.0000E+00  0.0000
   1.7783E+03   3.1623E+03   0.0000E+00  0.0000   8.0123E-04  0.2905   0.0000E+00  0.0000   0.0000E+00  0.0000
   3.1623E+03   5.6234E+03   0.0000E+00  0.0000   4.3247E-04  0.3961   0.0000E+00  0.0000   0.0000E+00  0.0000
   5.6234E+03   1.0000E+04   0.0000E+00  0.0000   6.0042E-04  0.3669   0.0000E+00  0.0000   0.0000E+00  0.0000
   1.0000E+04   1.7783E+04   0.0000E+00  0.0000   5.3817E-04  0.3880   0.0000E+00  0.0000   0.0000E+00  0.0000
   1.7783E+04   3.1623E+04   0.0000E+00  0.0000   8.2221E-05  1.0000   0.0000E+00  0.0000   0.0000E+00  0.0000
   3.1623E+04   5.6234E+04   0.0000E+00  0.0000   1.0347E-04  1.0000   0.0000E+00  0.0000   0.0000E+00  0.0000
   5.6234E+04   1.0000E+05   0.0000E+00  0.0000   0.0000E+00  0.0000   0.0000E+00  0.0000   0.0000E+00  0.0000

#   sum over                 0.0000E+00  0.0000   3.4106E-03  0.1432   0.0000E+00  0.0000   0.0000E+00  0.0000

'no. =  5, (ix,iy,iz) = (  1,  1,  5)'
msuc: {\huge Flux spectra vs depth in concrete}
msdr: {\it plotted by \ANGEL \version}
msdl: {\it calculated by \PHITS  3.36}
wt: s(0.7)
\vspace{-3}
   vol  &=&   2.8800E+07 [cm^3]
  xmin  &=&  -6.0000E+02 [cm]
  xmax  &=&   6.0000E+02 [cm]
  ymin  &=&  -6.0000E+02 [cm]
  ymax  &=&   6.0000E+02 [cm]
  zmin  &=&  -6.2000E+02 [cm]
  zmax  &=&  -6.0000E+02 [cm]
e:

#------------------------------------------------------------------------------
 newpage:
#   no. =  6   ix  =  1   iy  =  1   iz  =  6
#   x = (  -6.0000E+02  -   6.0000E+02  )
#   y = (  -6.0000E+02  -   6.0000E+02  )
#   z = (  -6.0000E+02  -  -5.8000E+02  )

x: Energy [MeV/n]
y: Flux [1/cm^2/source]              
p: xlog ylog afac(0.8) form(0.9)
h: n            x            y(neutron ),hh0l n y(muon-   ),hh0dr n y(muon+   ),hh0ub n y(proton  ),hh0mg n 
#  e-lower      e-upper        neutron   r.err      muon-     r.err      muon+     r.err      proton    r.err 
   1.0000E-10   1.7783E-10   0.0000E+00  0.0000   0.0000E+00  0.0000   0.0000E+00  0.0000   0.0000E+00  0.0000
   1.7783E-10   3.1623E-10   0.0000E+00  0.0000   0.0000E+00  0.0000   0.0000E+00  0.0000   0.0000E+00  0.0000
   3.1623E-10   5.6234E-10   0.0000E+00  0.0000   0.0000E+00  0.0000   0.0000E+00  0.0000   0.0000E+00  0.0000
   5.6234E-10   1.0000E-09   1.0693E-08  1.0000   0.0000E+00  0.0000   0.0000E+00  0.0000   0.0000E+00  0.0000
   1.0000E-09   1.7783E-09   3.9629E-07  1.0000   0.0000E+00  0.0000   0.0000E+00  0.0000   0.0000E+00  0.0000
   1.7783E-09   3.1623E-09   1.7047E-06  1.0000   0.0000E+00  0.0000   0.0000E+00  0.0000   0.0000E+00  0.0000
   3.1623E-09   5.6234E-09   4.9468E-06  1.0000   0.0000E+00  0.0000   0.0000E+00  0.0000   0.0000E+00  0.0000
   5.6234E-09   1.0000E-08   5.9355E-06  1.0000   0.0000E+00  0.0000   0.0000E+00  0.0000   0.0000E+00  0.0000
   1.0000E-08   1.7783E-08   2.9231E-05  1.0000   0.0000E+00  0.0000   0.0000E+00  0.0000   0.0000E+00  0.0000
   1.7783E-08   3.1623E-08   4.9658E-05  1.0000   0.0000E+00  0.0000   0.0000E+00  0.0000   0.0000E+00  0.0000
   3.1623E-08   5.6234E-08   8.4854E-05  1.0000   0.0000E+00  0.0000   0.0000E+00  0.0000   0.0000E+00  0.0000
   5.6234E-08   1.0000E-07   8.7210E-05  1.0000   0.0000E+00  0.0000   0.0000E+00  0.0000   0.0000E+00  0.0000
   1.0000E-07   1.7783E-07   3.8620E-06  1.0000   0.0000E+00  0.0000   0.0000E+00  0.0000   0.0000E+00  0.0000
   1.7783E-07   3.1623E-07   2.3503E-06  1.0000   0.0000E+00  0.0000   0.0000E+00  0.0000   0.0000E+00  0.0000
   3.1623E-07   5.6234E-07   0.0000E+00  0.0000   0.0000E+00  0.0000   0.0000E+00  0.0000   0.0000E+00  0.0000
   5.6234E-07   1.0000E-06   0.0000E+00  0.0000   0.0000E+00  0.0000   0.0000E+00  0.0000   0.0000E+00  0.0000
   1.0000E-06   1.7783E-06   0.0000E+00  0.0000   0.0000E+00  0.0000   0.0000E+00  0.0000   0.0000E+00  0.0000
   1.7783E-06   3.1623E-06   0.0000E+00  0.0000   0.0000E+00  0.0000   0.0000E+00  0.0000   0.0000E+00  0.0000
   3.1623E-06   5.6234E-06   0.0000E+00  0.0000   0.0000E+00  0.0000   0.0000E+00  0.0000   0.0000E+00  0.0000
   5.6234E-06   1.0000E-05   0.0000E+00  0.0000   0.0000E+00  0.0000   0.0000E+00  0.0000   0.0000E+00  0.0000
   1.0000E-05   1.7783E-05   0.0000E+00  0.0000   0.0000E+00  0.0000   0.0000E+00  0.0000   0.0000E+00  0.0000
   1.7783E-05   3.1623E-05   0.0000E+00  0.0000   0.0000E+00  0.0000   0.0000E+00  0.0000   0.0000E+00  0.0000
   3.1623E-05   5.6234E-05   0.0000E+00  0.0000   0.0000E+00  0.0000   0.0000E+00  0.0000   0.0000E+00  0.0000
   5.6234E-05   1.0000E-04   0.0000E+00  0.0000   0.0000E+00  0.0000   0.0000E+00  0.0000   0.0000E+00  0.0000
   1.0000E-04   1.7783E-04   0.0000E+00  0.0000   0.0000E+00  0.0000   0.0000E+00  0.0000   0.0000E+00  0.0000
   1.7783E-04   3.1623E-04   0.0000E+00  0.0000   5.1174E-21  1.0000   0.0000E+00  0.0000   0.0000E+00  0.0000
   3.1623E-04   5.6234E-04   0.0000E+00  0.0000   0.0000E+00  0.0000   0.0000E+00  0.0000   0.0000E+00  0.0000
   5.6234E-04   1.0000E-03   0.0000E+00  0.0000   0.0000E+00  0.0000   0.0000E+00  0.0000   0.0000E+00  0.0000
   1.0000E-03   1.7783E-03   0.0000E+00  0.0000   2.2967E-11  0.5787   0.0000E+00  0.0000   5.9980E-12  1.0000
   1.7783E-03   3.1623E-03   0.0000E+00  0.0000   1.2171E-11  0.5766   0.0000E+00  0.0000   9.6861E-12  1.0000
   3.1623E-03   5.6234E-03   0.0000E+00  0.0000   1.7982E-11  0.5766   0.0000E+00  0.0000   1.4622E-11  1.0000
   5.6234E-03   1.0000E-02   0.0000E+00  0.0000   2.8840E-11  0.5766   0.0000E+00  0.0000   2.0177E-11  1.0000
   1.0000E-02   1.7783E-02   0.0000E+00  0.0000   5.1713E-11  0.5766   0.0000E+00  0.0000   2.7062E-11  1.0000
   1.7783E-02   3.1623E-02   0.0000E+00  0.0000   1.0676E-10  0.5766   0.0000E+00  0.0000   3.8771E-11  1.0000
   3.1623E-02   5.6234E-02   0.0000E+00  0.0000   2.4942E-10  0.5766   0.0000E+00  0.0000   5.8180E-11  1.0000
   5.6234E-02   1.0000E-01   0.0000E+00  0.0000   6.2494E-10  0.5766   0.0000E+00  0.0000   9.5174E-11  1.0000
   1.0000E-01   1.7783E-01   0.0000E+00  0.0000   1.6041E-09  0.5766   0.0000E+00  0.0000   1.7562E-10  1.0000
   1.7783E-01   3.1623E-01   6.3977E-06  1.0000   4.1961E-09  0.5766   0.0000E+00  0.0000   3.7312E-10  1.0000
   3.1623E-01   5.6234E-01   1.1332E-08  1.0000   1.1247E-08  0.5766   0.0000E+00  0.0000   8.8901E-10  1.0000
   5.6234E-01   1.0000E+00   0.0000E+00  0.0000   3.0849E-08  0.5766   0.0000E+00  0.0000   2.2441E-09  1.0000
   1.0000E+00   1.7783E+00   0.0000E+00  0.0000   8.6381E-08  0.5766   0.0000E+00  0.0000   5.7803E-09  1.0000
   1.7783E+00   3.1623E+00   0.0000E+00  0.0000   2.4571E-07  0.5766   0.0000E+00  0.0000   1.5193E-08  1.0000
   3.1623E+00   5.6234E+00   0.0000E+00  0.0000   6.9439E-07  0.5766   0.0000E+00  0.0000   3.3230E-09  1.0000
   5.6234E+00   1.0000E+01   0.0000E+00  0.0000   1.9344E-06  0.5766   0.0000E+00  0.0000   0.0000E+00  0.0000
   1.0000E+01   1.7783E+01   0.0000E+00  0.0000   5.2667E-06  0.5766   0.0000E+00  0.0000   0.0000E+00  0.0000
   1.7783E+01   3.1623E+01   0.0000E+00  0.0000   9.9105E-06  0.6578   0.0000E+00  0.0000   0.0000E+00  0.0000
   3.1623E+01   5.6234E+01   0.0000E+00  0.0000   2.2409E-05  0.7067   0.0000E+00  0.0000   0.0000E+00  0.0000
   5.6234E+01   1.0000E+02   0.0000E+00  0.0000   1.1020E-05  0.8636   0.0000E+00  0.0000   0.0000E+00  0.0000
   1.0000E+02   1.7783E+02   0.0000E+00  0.0000   1.0977E-05  1.0000   0.0000E+00  0.0000   0.0000E+00  0.0000
   1.7783E+02   3.1623E+02   0.0000E+00  0.0000   8.5509E-05  1.0000   0.0000E+00  0.0000   0.0000E+00  0.0000
   3.1623E+02   5.6234E+02   0.0000E+00  0.0000   1.3023E-04  0.7067   0.0000E+00  0.0000   0.0000E+00  0.0000
   5.6234E+02   1.0000E+03   0.0000E+00  0.0000   1.4177E-04  0.6236   0.0000E+00  0.0000   0.0000E+00  0.0000
   1.0000E+03   1.7783E+03   0.0000E+00  0.0000   4.4588E-04  0.3727   0.0000E+00  0.0000   0.0000E+00  0.0000
   1.7783E+03   3.1623E+03   0.0000E+00  0.0000   8.3256E-04  0.2791   0.0000E+00  0.0000   0.0000E+00  0.0000
   3.1623E+03   5.6234E+03   0.0000E+00  0.0000   4.3482E-04  0.3946   0.0000E+00  0.0000   0.0000E+00  0.0000
   5.6234E+03   1.0000E+04   0.0000E+00  0.0000   6.1796E-04  0.3632   0.0000E+00  0.0000   0.0000E+00  0.0000
   1.0000E+04   1.7783E+04   0.0000E+00  0.0000   5.3817E-04  0.3880   0.0000E+00  0.0000   0.0000E+00  0.0000
   1.7783E+04   3.1623E+04   0.0000E+00  0.0000   8.2221E-05  1.0000   0.0000E+00  0.0000   0.0000E+00  0.0000
   3.1623E+04   5.6234E+04   0.0000E+00  0.0000   1.0347E-04  1.0000   0.0000E+00  0.0000   0.0000E+00  0.0000
   5.6234E+04   1.0000E+05   0.0000E+00  0.0000   0.0000E+00  0.0000   0.0000E+00  0.0000   0.0000E+00  0.0000

#   sum over                 2.7657E-04  1.0000   3.4752E-03  0.1415   0.0000E+00  0.0000   2.8248E-08  1.0000

'no. =  6, (ix,iy,iz) = (  1,  1,  6)'
msuc: {\huge Flux spectra vs depth in concrete}
msdr: {\it plotted by \ANGEL \version}
msdl: {\it calculated by \PHITS  3.36}
wt: s(0.7)
\vspace{-3}
   vol  &=&   2.8800E+07 [cm^3]
  xmin  &=&  -6.0000E+02 [cm]
  xmax  &=&   6.0000E+02 [cm]
  ymin  &=&  -6.0000E+02 [cm]
  ymax  &=&   6.0000E+02 [cm]
  zmin  &=&  -6.0000E+02 [cm]
  zmax  &=&  -5.8000E+02 [cm]
e:

#------------------------------------------------------------------------------
 newpage:
#   no. =  7   ix  =  1   iy  =  1   iz  =  7
#   x = (  -6.0000E+02  -   6.0000E+02  )
#   y = (  -6.0000E+02  -   6.0000E+02  )
#   z = (  -5.8000E+02  -  -5.6000E+02  )

x: Energy [MeV/n]
y: Flux [1/cm^2/source]              
p: xlog ylog afac(0.8) form(0.9)
h: n            x            y(neutron ),hh0l n y(muon-   ),hh0dr n y(muon+   ),hh0ub n y(proton  ),hh0mg n 
#  e-lower      e-upper        neutron   r.err      muon-     r.err      muon+     r.err      proton    r.err 
   1.0000E-10   1.7783E-10   0.0000E+00  0.0000   0.0000E+00  0.0000   0.0000E+00  0.0000   0.0000E+00  0.0000
   1.7783E-10   3.1623E-10   0.0000E+00  0.0000   0.0000E+00  0.0000   0.0000E+00  0.0000   0.0000E+00  0.0000
   3.1623E-10   5.6234E-10   0.0000E+00  0.0000   0.0000E+00  0.0000   0.0000E+00  0.0000   0.0000E+00  0.0000
   5.6234E-10   1.0000E-09   0.0000E+00  0.0000   0.0000E+00  0.0000   0.0000E+00  0.0000   0.0000E+00  0.0000
   1.0000E-09   1.7783E-09   0.0000E+00  0.0000   0.0000E+00  0.0000   0.0000E+00  0.0000   0.0000E+00  0.0000
   1.7783E-09   3.1623E-09   0.0000E+00  0.0000   0.0000E+00  0.0000   0.0000E+00  0.0000   0.0000E+00  0.0000
   3.1623E-09   5.6234E-09   2.3171E-06  1.0000   0.0000E+00  0.0000   0.0000E+00  0.0000   0.0000E+00  0.0000
   5.6234E-09   1.0000E-08   0.0000E+00  0.0000   0.0000E+00  0.0000   0.0000E+00  0.0000   0.0000E+00  0.0000
   1.0000E-08   1.7783E-08   2.6034E-06  1.0000   0.0000E+00  0.0000   0.0000E+00  0.0000   0.0000E+00  0.0000
   1.7783E-08   3.1623E-08   6.7996E-06  1.0000   0.0000E+00  0.0000   0.0000E+00  0.0000   0.0000E+00  0.0000
   3.1623E-08   5.6234E-08   2.0468E-05  1.0000   0.0000E+00  0.0000   0.0000E+00  0.0000   0.0000E+00  0.0000
   5.6234E-08   1.0000E-07   7.3009E-06  1.0000   0.0000E+00  0.0000   0.0000E+00  0.0000   0.0000E+00  0.0000
   1.0000E-07   1.7783E-07   4.3226E-06  1.0000   0.0000E+00  0.0000   0.0000E+00  0.0000   0.0000E+00  0.0000
   1.7783E-07   3.1623E-07   1.8594E-05  1.0000   0.0000E+00  0.0000   0.0000E+00  0.0000   0.0000E+00  0.0000
   3.1623E-07   5.6234E-07   2.7406E-05  1.0000   0.0000E+00  0.0000   0.0000E+00  0.0000   0.0000E+00  0.0000
   5.6234E-07   1.0000E-06   5.8115E-06  1.0000   0.0000E+00  0.0000   0.0000E+00  0.0000   0.0000E+00  0.0000
   1.0000E-06   1.7783E-06   3.8757E-06  1.0000   0.0000E+00  0.0000   0.0000E+00  0.0000   0.0000E+00  0.0000
   1.7783E-06   3.1623E-06   3.3561E-06  1.0000   0.0000E+00  0.0000   0.0000E+00  0.0000   0.0000E+00  0.0000
   3.1623E-06   5.6234E-06   0.0000E+00  0.0000   0.0000E+00  0.0000   0.0000E+00  0.0000   0.0000E+00  0.0000
   5.6234E-06   1.0000E-05   1.4037E-05  1.0000   0.0000E+00  0.0000   0.0000E+00  0.0000   0.0000E+00  0.0000
   1.0000E-05   1.7783E-05   1.2966E-05  1.0000   0.0000E+00  0.0000   0.0000E+00  0.0000   0.0000E+00  0.0000
   1.7783E-05   3.1623E-05   0.0000E+00  0.0000   0.0000E+00  0.0000   0.0000E+00  0.0000   0.0000E+00  0.0000
   3.1623E-05   5.6234E-05   0.0000E+00  0.0000   0.0000E+00  0.0000   0.0000E+00  0.0000   0.0000E+00  0.0000
   5.6234E-05   1.0000E-04   2.6882E-05  1.0000   0.0000E+00  0.0000   0.0000E+00  0.0000   0.0000E+00  0.0000
   1.0000E-04   1.7783E-04   1.0800E-05  1.0000   9.8569E-21  1.0000   0.0000E+00  0.0000   0.0000E+00  0.0000
   1.7783E-04   3.1623E-04   5.8312E-06  1.0000   0.0000E+00  0.0000   0.0000E+00  0.0000   0.0000E+00  0.0000
   3.1623E-04   5.6234E-04   0.0000E+00  0.0000   0.0000E+00  0.0000   0.0000E+00  0.0000   0.0000E+00  0.0000
   5.6234E-04   1.0000E-03   0.0000E+00  0.0000   0.0000E+00  0.0000   0.0000E+00  0.0000   0.0000E+00  0.0000
   1.0000E-03   1.7783E-03   1.1617E-06  1.0000   1.6585E-11  0.7067   0.0000E+00  0.0000   0.0000E+00  0.0000
   1.7783E-03   3.1623E-03   0.0000E+00  0.0000   8.1140E-12  0.7067   0.0000E+00  0.0000   0.0000E+00  0.0000
   3.1623E-03   5.6234E-03   0.0000E+00  0.0000   1.1988E-11  0.7067   0.0000E+00  0.0000   0.0000E+00  0.0000
   5.6234E-03   1.0000E-02   1.2154E-05  1.0000   1.9227E-11  0.7067   0.0000E+00  0.0000   0.0000E+00  0.0000
   1.0000E-02   1.7783E-02   0.0000E+00  0.0000   3.4475E-11  0.7067   0.0000E+00  0.0000   0.0000E+00  0.0000
   1.7783E-02   3.1623E-02   0.0000E+00  0.0000   7.1175E-11  0.7067   0.0000E+00  0.0000   0.0000E+00  0.0000
   3.1623E-02   5.6234E-02   1.1404E-05  1.0000   1.6628E-10  0.7067   0.0000E+00  0.0000   0.0000E+00  0.0000
   5.6234E-02   1.0000E-01   0.0000E+00  0.0000   4.1663E-10  0.7067   0.0000E+00  0.0000   0.0000E+00  0.0000
   1.0000E-01   1.7783E-01   0.0000E+00  0.0000   1.0694E-09  0.7067   0.0000E+00  0.0000   0.0000E+00  0.0000
   1.7783E-01   3.1623E-01   9.8248E-06  1.0000   2.7974E-09  0.7067   0.0000E+00  0.0000   0.0000E+00  0.0000
   3.1623E-01   5.6234E-01   0.0000E+00  0.0000   7.4983E-09  0.7067   0.0000E+00  0.0000   0.0000E+00  0.0000
   5.6234E-01   1.0000E+00   0.0000E+00  0.0000   2.0566E-08  0.7067   0.0000E+00  0.0000   0.0000E+00  0.0000
   1.0000E+00   1.7783E+00   0.0000E+00  0.0000   5.7587E-08  0.7067   0.0000E+00  0.0000   0.0000E+00  0.0000
   1.7783E+00   3.1623E+00   0.0000E+00  0.0000   1.6380E-07  0.7067   0.0000E+00  0.0000   0.0000E+00  0.0000
   3.1623E+00   5.6234E+00   0.0000E+00  0.0000   4.6293E-07  0.7067   0.0000E+00  0.0000   0.0000E+00  0.0000
   5.6234E+00   1.0000E+01   0.0000E+00  0.0000   1.2896E-06  0.7067   0.0000E+00  0.0000   0.0000E+00  0.0000
   1.0000E+01   1.7783E+01   0.0000E+00  0.0000   3.5112E-06  0.7067   0.0000E+00  0.0000   0.0000E+00  0.0000
   1.7783E+01   3.1623E+01   0.0000E+00  0.0000   1.3006E-05  0.5785   0.0000E+00  0.0000   0.0000E+00  0.0000
   3.1623E+01   5.6234E+01   0.0000E+00  0.0000   3.3614E-05  0.5766   0.0000E+00  0.0000   0.0000E+00  0.0000
   5.6234E+01   1.0000E+02   0.0000E+00  0.0000   1.1181E-04  0.4889   0.0000E+00  0.0000   0.0000E+00  0.0000
   1.0000E+02   1.7783E+02   0.0000E+00  0.0000   1.0726E-04  0.6017   0.0000E+00  0.0000   0.0000E+00  0.0000
   1.7783E+02   3.1623E+02   0.0000E+00  0.0000   4.8448E-05  0.8340   0.0000E+00  0.0000   0.0000E+00  0.0000
   3.1623E+02   5.6234E+02   0.0000E+00  0.0000   1.8233E-04  0.6183   0.0000E+00  0.0000   0.0000E+00  0.0000
   5.6234E+02   1.0000E+03   0.0000E+00  0.0000   1.5835E-04  0.5944   0.0000E+00  0.0000   0.0000E+00  0.0000
   1.0000E+03   1.7783E+03   0.0000E+00  0.0000   4.5212E-04  0.3782   0.0000E+00  0.0000   0.0000E+00  0.0000
   1.7783E+03   3.1623E+03   0.0000E+00  0.0000   7.8610E-04  0.2896   0.0000E+00  0.0000   0.0000E+00  0.0000
   3.1623E+03   5.6234E+03   0.0000E+00  0.0000   4.9378E-04  0.3799   0.0000E+00  0.0000   0.0000E+00  0.0000
   5.6234E+03   1.0000E+04   0.0000E+00  0.0000   6.1796E-04  0.3632   0.0000E+00  0.0000   0.0000E+00  0.0000
   1.0000E+04   1.7783E+04   0.0000E+00  0.0000   5.3817E-04  0.3880   0.0000E+00  0.0000   0.0000E+00  0.0000
   1.7783E+04   3.1623E+04   0.0000E+00  0.0000   8.2221E-05  1.0000   0.0000E+00  0.0000   0.0000E+00  0.0000
   3.1623E+04   5.6234E+04   0.0000E+00  0.0000   1.0347E-04  1.0000   0.0000E+00  0.0000   0.0000E+00  0.0000
   5.6234E+04   1.0000E+05   0.0000E+00  0.0000   0.0000E+00  0.0000   0.0000E+00  0.0000   0.0000E+00  0.0000

#   sum over                 2.0792E-04  1.0000   3.7342E-03  0.1353   0.0000E+00  0.0000   0.0000E+00  0.0000

'no. =  7, (ix,iy,iz) = (  1,  1,  7)'
msuc: {\huge Flux spectra vs depth in concrete}
msdr: {\it plotted by \ANGEL \version}
msdl: {\it calculated by \PHITS  3.36}
wt: s(0.7)
\vspace{-3}
   vol  &=&   2.8800E+07 [cm^3]
  xmin  &=&  -6.0000E+02 [cm]
  xmax  &=&   6.0000E+02 [cm]
  ymin  &=&  -6.0000E+02 [cm]
  ymax  &=&   6.0000E+02 [cm]
  zmin  &=&  -5.8000E+02 [cm]
  zmax  &=&  -5.6000E+02 [cm]
e:

#------------------------------------------------------------------------------
 newpage:
#   no. =  8   ix  =  1   iy  =  1   iz  =  8
#   x = (  -6.0000E+02  -   6.0000E+02  )
#   y = (  -6.0000E+02  -   6.0000E+02  )
#   z = (  -5.6000E+02  -  -5.4000E+02  )

x: Energy [MeV/n]
y: Flux [1/cm^2/source]              
p: xlog ylog afac(0.8) form(0.9)
h: n            x            y(neutron ),hh0l n y(muon-   ),hh0dr n y(muon+   ),hh0ub n y(proton  ),hh0mg n 
#  e-lower      e-upper        neutron   r.err      muon-     r.err      muon+     r.err      proton    r.err 
   1.0000E-10   1.7783E-10   0.0000E+00  0.0000   0.0000E+00  0.0000   0.0000E+00  0.0000   0.0000E+00  0.0000
   1.7783E-10   3.1623E-10   0.0000E+00  0.0000   0.0000E+00  0.0000   0.0000E+00  0.0000   0.0000E+00  0.0000
   3.1623E-10   5.6234E-10   0.0000E+00  0.0000   0.0000E+00  0.0000   0.0000E+00  0.0000   0.0000E+00  0.0000
   5.6234E-10   1.0000E-09   0.0000E+00  0.0000   0.0000E+00  0.0000   0.0000E+00  0.0000   0.0000E+00  0.0000
   1.0000E-09   1.7783E-09   0.0000E+00  0.0000   0.0000E+00  0.0000   0.0000E+00  0.0000   0.0000E+00  0.0000
   1.7783E-09   3.1623E-09   0.0000E+00  0.0000   0.0000E+00  0.0000   0.0000E+00  0.0000   0.0000E+00  0.0000
   3.1623E-09   5.6234E-09   0.0000E+00  0.0000   0.0000E+00  0.0000   0.0000E+00  0.0000   0.0000E+00  0.0000
   5.6234E-09   1.0000E-08   0.0000E+00  0.0000   0.0000E+00  0.0000   0.0000E+00  0.0000   0.0000E+00  0.0000
   1.0000E-08   1.7783E-08   0.0000E+00  0.0000   0.0000E+00  0.0000   0.0000E+00  0.0000   0.0000E+00  0.0000
   1.7783E-08   3.1623E-08   0.0000E+00  0.0000   0.0000E+00  0.0000   0.0000E+00  0.0000   0.0000E+00  0.0000
   3.1623E-08   5.6234E-08   1.1298E-06  1.0000   0.0000E+00  0.0000   0.0000E+00  0.0000   0.0000E+00  0.0000
   5.6234E-08   1.0000E-07   1.1503E-05  1.0000   0.0000E+00  0.0000   0.0000E+00  0.0000   0.0000E+00  0.0000
   1.0000E-07   1.7783E-07   0.0000E+00  0.0000   0.0000E+00  0.0000   0.0000E+00  0.0000   0.0000E+00  0.0000
   1.7783E-07   3.1623E-07   0.0000E+00  0.0000   0.0000E+00  0.0000   0.0000E+00  0.0000   0.0000E+00  0.0000
   3.1623E-07   5.6234E-07   0.0000E+00  0.0000   0.0000E+00  0.0000   0.0000E+00  0.0000   0.0000E+00  0.0000
   5.6234E-07   1.0000E-06   0.0000E+00  0.0000   0.0000E+00  0.0000   0.0000E+00  0.0000   0.0000E+00  0.0000
   1.0000E-06   1.7783E-06   0.0000E+00  0.0000   0.0000E+00  0.0000   0.0000E+00  0.0000   0.0000E+00  0.0000
   1.7783E-06   3.1623E-06   0.0000E+00  0.0000   0.0000E+00  0.0000   0.0000E+00  0.0000   0.0000E+00  0.0000
   3.1623E-06   5.6234E-06   0.0000E+00  0.0000   0.0000E+00  0.0000   0.0000E+00  0.0000   0.0000E+00  0.0000
   5.6234E-06   1.0000E-05   0.0000E+00  0.0000   0.0000E+00  0.0000   0.0000E+00  0.0000   0.0000E+00  0.0000
   1.0000E-05   1.7783E-05   0.0000E+00  0.0000   0.0000E+00  0.0000   0.0000E+00  0.0000   0.0000E+00  0.0000
   1.7783E-05   3.1623E-05   0.0000E+00  0.0000   0.0000E+00  0.0000   0.0000E+00  0.0000   0.0000E+00  0.0000
   3.1623E-05   5.6234E-05   0.0000E+00  0.0000   0.0000E+00  0.0000   0.0000E+00  0.0000   0.0000E+00  0.0000
   5.6234E-05   1.0000E-04   0.0000E+00  0.0000   0.0000E+00  0.0000   0.0000E+00  0.0000   0.0000E+00  0.0000
   1.0000E-04   1.7783E-04   0.0000E+00  0.0000   0.0000E+00  0.0000   0.0000E+00  0.0000   0.0000E+00  0.0000
   1.7783E-04   3.1623E-04   0.0000E+00  0.0000   5.7777E-21  1.0000   0.0000E+00  0.0000   0.0000E+00  0.0000
   3.1623E-04   5.6234E-04   0.0000E+00  0.0000   0.0000E+00  0.0000   0.0000E+00  0.0000   0.0000E+00  0.0000
   5.6234E-04   1.0000E-03   0.0000E+00  0.0000   0.0000E+00  0.0000   0.0000E+00  0.0000   0.0000E+00  0.0000
   1.0000E-03   1.7783E-03   0.0000E+00  0.0000   6.6842E-12  1.0000   0.0000E+00  0.0000   5.9980E-12  1.0000
   1.7783E-03   3.1623E-03   0.0000E+00  0.0000   4.0570E-12  1.0000   0.0000E+00  0.0000   9.6861E-12  1.0000
   3.1623E-03   5.6234E-03   0.0000E+00  0.0000   5.9939E-12  1.0000   0.0000E+00  0.0000   1.4622E-11  1.0000
   5.6234E-03   1.0000E-02   0.0000E+00  0.0000   9.6133E-12  1.0000   0.0000E+00  0.0000   2.0177E-11  1.0000
   1.0000E-02   1.7783E-02   0.0000E+00  0.0000   1.7238E-11  1.0000   0.0000E+00  0.0000   2.7062E-11  1.0000
   1.7783E-02   3.1623E-02   0.0000E+00  0.0000   3.5587E-11  1.0000   0.0000E+00  0.0000   3.8771E-11  1.0000
   3.1623E-02   5.6234E-02   0.0000E+00  0.0000   8.3139E-11  1.0000   0.0000E+00  0.0000   5.8180E-11  1.0000
   5.6234E-02   1.0000E-01   0.0000E+00  0.0000   2.0831E-10  1.0000   0.0000E+00  0.0000   9.5174E-11  1.0000
   1.0000E-01   1.7783E-01   0.0000E+00  0.0000   5.3471E-10  1.0000   0.0000E+00  0.0000   1.7562E-10  1.0000
   1.7783E-01   3.1623E-01   0.0000E+00  0.0000   1.3987E-09  1.0000   0.0000E+00  0.0000   3.7312E-10  1.0000
   3.1623E-01   5.6234E-01   0.0000E+00  0.0000   3.7491E-09  1.0000   0.0000E+00  0.0000   8.8901E-10  1.0000
   5.6234E-01   1.0000E+00   2.7162E-05  1.0000   1.0283E-08  1.0000   0.0000E+00  0.0000   2.2441E-09  1.0000
   1.0000E+00   1.7783E+00   5.6158E-05  1.0000   2.8794E-08  1.0000   0.0000E+00  0.0000   5.7803E-09  1.0000
   1.7783E+00   3.1623E+00   0.0000E+00  0.0000   8.1902E-08  1.0000   0.0000E+00  0.0000   1.5193E-08  1.0000
   3.1623E+00   5.6234E+00   3.0762E-05  1.0000   2.3146E-07  1.0000   0.0000E+00  0.0000   4.0933E-08  1.0000
   5.6234E+00   1.0000E+01   0.0000E+00  0.0000   6.4479E-07  1.0000   0.0000E+00  0.0000   3.5773E-08  1.0000
   1.0000E+01   1.7783E+01   0.0000E+00  0.0000   1.7556E-06  1.0000   0.0000E+00  0.0000   0.0000E+00  0.0000
   1.7783E+01   3.1623E+01   0.0000E+00  0.0000   4.5834E-06  1.0000   0.0000E+00  0.0000   0.0000E+00  0.0000
   3.1623E+01   5.6234E+01   0.0000E+00  0.0000   1.1205E-05  1.0000   0.0000E+00  0.0000   0.0000E+00  0.0000
   5.6234E+01   1.0000E+02   0.0000E+00  0.0000   9.1485E-05  0.6922   0.0000E+00  0.0000   0.0000E+00  0.0000
   1.0000E+02   1.7783E+02   0.0000E+00  0.0000   8.8235E-05  0.6057   0.0000E+00  0.0000   0.0000E+00  0.0000
   1.7783E+02   3.1623E+02   0.0000E+00  0.0000   1.8783E-04  0.5096   0.0000E+00  0.0000   0.0000E+00  0.0000
   3.1623E+02   5.6234E+02   0.0000E+00  0.0000   1.1138E-04  0.7332   0.0000E+00  0.0000   0.0000E+00  0.0000
   5.6234E+02   1.0000E+03   0.0000E+00  0.0000   2.5949E-04  0.4713   0.0000E+00  0.0000   0.0000E+00  0.0000
   1.0000E+03   1.7783E+03   0.0000E+00  0.0000   3.4843E-04  0.4207   0.0000E+00  0.0000   0.0000E+00  0.0000
   1.7783E+03   3.1623E+03   0.0000E+00  0.0000   7.6661E-04  0.2785   0.0000E+00  0.0000   0.0000E+00  0.0000
   3.1623E+03   5.6234E+03   0.0000E+00  0.0000   6.1697E-04  0.3233   0.0000E+00  0.0000   0.0000E+00  0.0000
   5.6234E+03   1.0000E+04   0.0000E+00  0.0000   6.1796E-04  0.3632   0.0000E+00  0.0000   0.0000E+00  0.0000
   1.0000E+04   1.7783E+04   0.0000E+00  0.0000   5.3817E-04  0.3880   0.0000E+00  0.0000   0.0000E+00  0.0000
   1.7783E+04   3.1623E+04   0.0000E+00  0.0000   8.2221E-05  1.0000   0.0000E+00  0.0000   0.0000E+00  0.0000
   3.1623E+04   5.6234E+04   0.0000E+00  0.0000   1.0347E-04  1.0000   0.0000E+00  0.0000   0.0000E+00  0.0000
   5.6234E+04   1.0000E+05   0.0000E+00  0.0000   0.0000E+00  0.0000   0.0000E+00  0.0000   0.0000E+00  0.0000

#   sum over                 1.2671E-04  1.0000   3.8308E-03  0.1335   0.0000E+00  0.0000   1.0163E-07  1.0000

'no. =  8, (ix,iy,iz) = (  1,  1,  8)'
msuc: {\huge Flux spectra vs depth in concrete}
msdr: {\it plotted by \ANGEL \version}
msdl: {\it calculated by \PHITS  3.36}
wt: s(0.7)
\vspace{-3}
   vol  &=&   2.8800E+07 [cm^3]
  xmin  &=&  -6.0000E+02 [cm]
  xmax  &=&   6.0000E+02 [cm]
  ymin  &=&  -6.0000E+02 [cm]
  ymax  &=&   6.0000E+02 [cm]
  zmin  &=&  -5.6000E+02 [cm]
  zmax  &=&  -5.4000E+02 [cm]
e:

#------------------------------------------------------------------------------
 newpage:
#   no. =  9   ix  =  1   iy  =  1   iz  =  9
#   x = (  -6.0000E+02  -   6.0000E+02  )
#   y = (  -6.0000E+02  -   6.0000E+02  )
#   z = (  -5.4000E+02  -  -5.2000E+02  )

x: Energy [MeV/n]
y: Flux [1/cm^2/source]              
p: xlog ylog afac(0.8) form(0.9)
h: n            x            y(neutron ),hh0l n y(muon-   ),hh0dr n y(muon+   ),hh0ub n y(proton  ),hh0mg n 
#  e-lower      e-upper        neutron   r.err      muon-     r.err      muon+     r.err      proton    r.err 
   1.0000E-10   1.7783E-10   0.0000E+00  0.0000   0.0000E+00  0.0000   0.0000E+00  0.0000   0.0000E+00  0.0000
   1.7783E-10   3.1623E-10   0.0000E+00  0.0000   0.0000E+00  0.0000   0.0000E+00  0.0000   0.0000E+00  0.0000
   3.1623E-10   5.6234E-10   0.0000E+00  0.0000   0.0000E+00  0.0000   0.0000E+00  0.0000   0.0000E+00  0.0000
   5.6234E-10   1.0000E-09   0.0000E+00  0.0000   0.0000E+00  0.0000   0.0000E+00  0.0000   0.0000E+00  0.0000
   1.0000E-09   1.7783E-09   0.0000E+00  0.0000   0.0000E+00  0.0000   0.0000E+00  0.0000   0.0000E+00  0.0000
   1.7783E-09   3.1623E-09   5.3567E-07  1.0000   0.0000E+00  0.0000   0.0000E+00  0.0000   0.0000E+00  0.0000
   3.1623E-09   5.6234E-09   0.0000E+00  0.0000   0.0000E+00  0.0000   0.0000E+00  0.0000   0.0000E+00  0.0000
   5.6234E-09   1.0000E-08   9.6862E-06  1.0000   0.0000E+00  0.0000   0.0000E+00  0.0000   0.0000E+00  0.0000
   1.0000E-08   1.7783E-08   1.5039E-05  1.0000   0.0000E+00  0.0000   0.0000E+00  0.0000   0.0000E+00  0.0000
   1.7783E-08   3.1623E-08   3.4805E-05  1.0000   0.0000E+00  0.0000   0.0000E+00  0.0000   0.0000E+00  0.0000
   3.1623E-08   5.6234E-08   8.7365E-05  1.0000   0.0000E+00  0.0000   0.0000E+00  0.0000   0.0000E+00  0.0000
   5.6234E-08   1.0000E-07   4.7713E-05  1.0000   0.0000E+00  0.0000   0.0000E+00  0.0000   0.0000E+00  0.0000
   1.0000E-07   1.7783E-07   1.7513E-05  1.0000   0.0000E+00  0.0000   0.0000E+00  0.0000   0.0000E+00  0.0000
   1.7783E-07   3.1623E-07   3.5677E-06  1.0000   0.0000E+00  0.0000   0.0000E+00  0.0000   0.0000E+00  0.0000
   3.1623E-07   5.6234E-07   3.4380E-06  1.0000   0.0000E+00  0.0000   0.0000E+00  0.0000   0.0000E+00  0.0000
   5.6234E-07   1.0000E-06   1.1007E-05  1.0000   0.0000E+00  0.0000   0.0000E+00  0.0000   0.0000E+00  0.0000
   1.0000E-06   1.7783E-06   6.5850E-07  1.0000   0.0000E+00  0.0000   0.0000E+00  0.0000   0.0000E+00  0.0000
   1.7783E-06   3.1623E-06   0.0000E+00  0.0000   0.0000E+00  0.0000   0.0000E+00  0.0000   0.0000E+00  0.0000
   3.1623E-06   5.6234E-06   0.0000E+00  0.0000   0.0000E+00  0.0000   0.0000E+00  0.0000   0.0000E+00  0.0000
   5.6234E-06   1.0000E-05   0.0000E+00  0.0000   0.0000E+00  0.0000   0.0000E+00  0.0000   0.0000E+00  0.0000
   1.0000E-05   1.7783E-05   2.9431E-06  1.0000   0.0000E+00  0.0000   0.0000E+00  0.0000   0.0000E+00  0.0000
   1.7783E-05   3.1623E-05   7.0925E-06  1.0000   0.0000E+00  0.0000   0.0000E+00  0.0000   0.0000E+00  0.0000
   3.1623E-05   5.6234E-05   4.6905E-06  1.0000   0.0000E+00  0.0000   0.0000E+00  0.0000   0.0000E+00  0.0000
   5.6234E-05   1.0000E-04   1.4108E-06  1.0000   0.0000E+00  0.0000   0.0000E+00  0.0000   0.0000E+00  0.0000
   1.0000E-04   1.7783E-04   1.4968E-05  1.0000   4.9899E-21  1.0000   0.0000E+00  0.0000   0.0000E+00  0.0000
   1.7783E-04   3.1623E-04   5.4391E-06  1.0000   0.0000E+00  0.0000   0.0000E+00  0.0000   0.0000E+00  0.0000
   3.1623E-04   5.6234E-04   1.2108E-05  1.0000   0.0000E+00  0.0000   0.0000E+00  0.0000   0.0000E+00  0.0000
   5.6234E-04   1.0000E-03   1.3582E-05  1.0000   0.0000E+00  0.0000   0.0000E+00  0.0000   0.0000E+00  0.0000
   1.0000E-03   1.7783E-03   0.0000E+00  0.0000   8.1937E-12  1.0000   0.0000E+00  0.0000   0.0000E+00  0.0000
   1.7783E-03   3.1623E-03   1.5423E-05  1.0000   4.0570E-12  1.0000   0.0000E+00  0.0000   0.0000E+00  0.0000
   3.1623E-03   5.6234E-03   0.0000E+00  0.0000   5.9939E-12  1.0000   0.0000E+00  0.0000   0.0000E+00  0.0000
   5.6234E-03   1.0000E-02   2.4083E-05  1.0000   9.6133E-12  1.0000   0.0000E+00  0.0000   0.0000E+00  0.0000
   1.0000E-02   1.7783E-02   1.0220E-05  1.0000   1.7238E-11  1.0000   0.0000E+00  0.0000   0.0000E+00  0.0000
   1.7783E-02   3.1623E-02   0.0000E+00  0.0000   3.5587E-11  1.0000   0.0000E+00  0.0000   0.0000E+00  0.0000
   3.1623E-02   5.6234E-02   5.7913E-06  1.0000   8.3139E-11  1.0000   0.0000E+00  0.0000   0.0000E+00  0.0000
   5.6234E-02   1.0000E-01   0.0000E+00  0.0000   2.0831E-10  1.0000   0.0000E+00  0.0000   0.0000E+00  0.0000
   1.0000E-01   1.7783E-01   0.0000E+00  0.0000   5.3471E-10  1.0000   0.0000E+00  0.0000   0.0000E+00  0.0000
   1.7783E-01   3.1623E-01   1.2291E-05  1.0000   1.3987E-09  1.0000   0.0000E+00  0.0000   0.0000E+00  0.0000
   3.1623E-01   5.6234E-01   0.0000E+00  0.0000   3.7491E-09  1.0000   0.0000E+00  0.0000   0.0000E+00  0.0000
   5.6234E-01   1.0000E+00   5.6399E-05  1.0000   1.0283E-08  1.0000   0.0000E+00  0.0000   0.0000E+00  0.0000
   1.0000E+00   1.7783E+00   0.0000E+00  0.0000   2.8794E-08  1.0000   0.0000E+00  0.0000   0.0000E+00  0.0000
   1.7783E+00   3.1623E+00   0.0000E+00  0.0000   8.1902E-08  1.0000   0.0000E+00  0.0000   0.0000E+00  0.0000
   3.1623E+00   5.6234E+00   0.0000E+00  0.0000   2.3146E-07  1.0000   0.0000E+00  0.0000   0.0000E+00  0.0000
   5.6234E+00   1.0000E+01   0.0000E+00  0.0000   6.4479E-07  1.0000   0.0000E+00  0.0000   0.0000E+00  0.0000
   1.0000E+01   1.7783E+01   0.0000E+00  0.0000   1.7556E-06  1.0000   0.0000E+00  0.0000   0.0000E+00  0.0000
   1.7783E+01   3.1623E+01   0.0000E+00  0.0000   4.5834E-06  1.0000   0.0000E+00  0.0000   0.0000E+00  0.0000
   3.1623E+01   5.6234E+01   0.0000E+00  0.0000   1.1205E-05  1.0000   0.0000E+00  0.0000   0.0000E+00  0.0000
   5.6234E+01   1.0000E+02   0.0000E+00  0.0000   9.3020E-05  0.6961   0.0000E+00  0.0000   0.0000E+00  0.0000
   1.0000E+02   1.7783E+02   0.0000E+00  0.0000   5.9150E-05  0.8707   0.0000E+00  0.0000   0.0000E+00  0.0000
   1.7783E+02   3.1623E+02   0.0000E+00  0.0000   2.0786E-04  0.4790   0.0000E+00  0.0000   0.0000E+00  0.0000
   3.1623E+02   5.6234E+02   0.0000E+00  0.0000   1.1178E-04  0.6725   0.0000E+00  0.0000   0.0000E+00  0.0000
   5.6234E+02   1.0000E+03   0.0000E+00  0.0000   3.4974E-04  0.4548   0.0000E+00  0.0000   0.0000E+00  0.0000
   1.0000E+03   1.7783E+03   0.0000E+00  0.0000   2.8359E-04  0.4486   0.0000E+00  0.0000   0.0000E+00  0.0000
   1.7783E+03   3.1623E+03   0.0000E+00  0.0000   6.7912E-04  0.3024   0.0000E+00  0.0000   0.0000E+00  0.0000
   3.1623E+03   5.6234E+03   0.0000E+00  0.0000   7.7508E-04  0.3034   0.0000E+00  0.0000   0.0000E+00  0.0000
   5.6234E+03   1.0000E+04   0.0000E+00  0.0000   6.1796E-04  0.3632   0.0000E+00  0.0000   0.0000E+00  0.0000
   1.0000E+04   1.7783E+04   0.0000E+00  0.0000   5.3272E-04  0.3785   0.0000E+00  0.0000   0.0000E+00  0.0000
   1.7783E+04   3.1623E+04   0.0000E+00  0.0000   8.2221E-05  1.0000   0.0000E+00  0.0000   0.0000E+00  0.0000
   3.1623E+04   5.6234E+04   0.0000E+00  0.0000   6.9725E-05  1.0000   0.0000E+00  0.0000   0.0000E+00  0.0000
   5.6234E+04   1.0000E+05   0.0000E+00  0.0000   0.0000E+00  0.0000   0.0000E+00  0.0000   0.0000E+00  0.0000

#   sum over                 4.1777E-04  1.0000   3.8805E-03  0.1310   0.0000E+00  0.0000   0.0000E+00  0.0000

'no. =  9, (ix,iy,iz) = (  1,  1,  9)'
msuc: {\huge Flux spectra vs depth in concrete}
msdr: {\it plotted by \ANGEL \version}
msdl: {\it calculated by \PHITS  3.36}
wt: s(0.7)
\vspace{-3}
   vol  &=&   2.8800E+07 [cm^3]
  xmin  &=&  -6.0000E+02 [cm]
  xmax  &=&   6.0000E+02 [cm]
  ymin  &=&  -6.0000E+02 [cm]
  ymax  &=&   6.0000E+02 [cm]
  zmin  &=&  -5.4000E+02 [cm]
  zmax  &=&  -5.2000E+02 [cm]
e:

#------------------------------------------------------------------------------
 newpage:
#   no. = 10   ix  =  1   iy  =  1   iz  = 10
#   x = (  -6.0000E+02  -   6.0000E+02  )
#   y = (  -6.0000E+02  -   6.0000E+02  )
#   z = (  -5.2000E+02  -  -5.0000E+02  )

x: Energy [MeV/n]
y: Flux [1/cm^2/source]              
p: xlog ylog afac(0.8) form(0.9)
h: n            x            y(neutron ),hh0l n y(muon-   ),hh0dr n y(muon+   ),hh0ub n y(proton  ),hh0mg n 
#  e-lower      e-upper        neutron   r.err      muon-     r.err      muon+     r.err      proton    r.err 
   1.0000E-10   1.7783E-10   0.0000E+00  0.0000   0.0000E+00  0.0000   0.0000E+00  0.0000   0.0000E+00  0.0000
   1.7783E-10   3.1623E-10   0.0000E+00  0.0000   0.0000E+00  0.0000   0.0000E+00  0.0000   0.0000E+00  0.0000
   3.1623E-10   5.6234E-10   0.0000E+00  0.0000   0.0000E+00  0.0000   0.0000E+00  0.0000   0.0000E+00  0.0000
   5.6234E-10   1.0000E-09   0.0000E+00  0.0000   0.0000E+00  0.0000   0.0000E+00  0.0000   0.0000E+00  0.0000
   1.0000E-09   1.7783E-09   0.0000E+00  0.0000   0.0000E+00  0.0000   0.0000E+00  0.0000   0.0000E+00  0.0000
   1.7783E-09   3.1623E-09   0.0000E+00  0.0000   0.0000E+00  0.0000   0.0000E+00  0.0000   0.0000E+00  0.0000
   3.1623E-09   5.6234E-09   0.0000E+00  0.0000   0.0000E+00  0.0000   0.0000E+00  0.0000   0.0000E+00  0.0000
   5.6234E-09   1.0000E-08   0.0000E+00  0.0000   0.0000E+00  0.0000   0.0000E+00  0.0000   0.0000E+00  0.0000
   1.0000E-08   1.7783E-08   0.0000E+00  0.0000   0.0000E+00  0.0000   0.0000E+00  0.0000   0.0000E+00  0.0000
   1.7783E-08   3.1623E-08   0.0000E+00  0.0000   0.0000E+00  0.0000   0.0000E+00  0.0000   0.0000E+00  0.0000
   3.1623E-08   5.6234E-08   0.0000E+00  0.0000   0.0000E+00  0.0000   0.0000E+00  0.0000   0.0000E+00  0.0000
   5.6234E-08   1.0000E-07   0.0000E+00  0.0000   0.0000E+00  0.0000   0.0000E+00  0.0000   0.0000E+00  0.0000
   1.0000E-07   1.7783E-07   0.0000E+00  0.0000   0.0000E+00  0.0000   0.0000E+00  0.0000   0.0000E+00  0.0000
   1.7783E-07   3.1623E-07   0.0000E+00  0.0000   0.0000E+00  0.0000   0.0000E+00  0.0000   0.0000E+00  0.0000
   3.1623E-07   5.6234E-07   0.0000E+00  0.0000   0.0000E+00  0.0000   0.0000E+00  0.0000   0.0000E+00  0.0000
   5.6234E-07   1.0000E-06   0.0000E+00  0.0000   0.0000E+00  0.0000   0.0000E+00  0.0000   0.0000E+00  0.0000
   1.0000E-06   1.7783E-06   0.0000E+00  0.0000   0.0000E+00  0.0000   0.0000E+00  0.0000   0.0000E+00  0.0000
   1.7783E-06   3.1623E-06   0.0000E+00  0.0000   0.0000E+00  0.0000   0.0000E+00  0.0000   0.0000E+00  0.0000
   3.1623E-06   5.6234E-06   0.0000E+00  0.0000   0.0000E+00  0.0000   0.0000E+00  0.0000   0.0000E+00  0.0000
   5.6234E-06   1.0000E-05   0.0000E+00  0.0000   0.0000E+00  0.0000   0.0000E+00  0.0000   0.0000E+00  0.0000
   1.0000E-05   1.7783E-05   0.0000E+00  0.0000   0.0000E+00  0.0000   0.0000E+00  0.0000   0.0000E+00  0.0000
   1.7783E-05   3.1623E-05   0.0000E+00  0.0000   0.0000E+00  0.0000   0.0000E+00  0.0000   0.0000E+00  0.0000
   3.1623E-05   5.6234E-05   0.0000E+00  0.0000   0.0000E+00  0.0000   0.0000E+00  0.0000   0.0000E+00  0.0000
   5.6234E-05   1.0000E-04   0.0000E+00  0.0000   0.0000E+00  0.0000   0.0000E+00  0.0000   0.0000E+00  0.0000
   1.0000E-04   1.7783E-04   0.0000E+00  0.0000   0.0000E+00  0.0000   0.0000E+00  0.0000   0.0000E+00  0.0000
   1.7783E-04   3.1623E-04   0.0000E+00  0.0000   0.0000E+00  0.0000   0.0000E+00  0.0000   0.0000E+00  0.0000
   3.1623E-04   5.6234E-04   0.0000E+00  0.0000   0.0000E+00  0.0000   0.0000E+00  0.0000   0.0000E+00  0.0000
   5.6234E-04   1.0000E-03   0.0000E+00  0.0000   0.0000E+00  0.0000   0.0000E+00  0.0000   0.0000E+00  0.0000
   1.0000E-03   1.7783E-03   0.0000E+00  0.0000   1.6515E-11  0.7067   0.0000E+00  0.0000   0.0000E+00  0.0000
   1.7783E-03   3.1623E-03   0.0000E+00  0.0000   8.1140E-12  0.7067   0.0000E+00  0.0000   0.0000E+00  0.0000
   3.1623E-03   5.6234E-03   0.0000E+00  0.0000   1.1988E-11  0.7067   0.0000E+00  0.0000   0.0000E+00  0.0000
   5.6234E-03   1.0000E-02   0.0000E+00  0.0000   1.9227E-11  0.7067   0.0000E+00  0.0000   0.0000E+00  0.0000
   1.0000E-02   1.7783E-02   0.0000E+00  0.0000   3.4475E-11  0.7067   0.0000E+00  0.0000   0.0000E+00  0.0000
   1.7783E-02   3.1623E-02   0.0000E+00  0.0000   7.1175E-11  0.7067   0.0000E+00  0.0000   0.0000E+00  0.0000
   3.1623E-02   5.6234E-02   0.0000E+00  0.0000   1.6628E-10  0.7067   0.0000E+00  0.0000   0.0000E+00  0.0000
   5.6234E-02   1.0000E-01   0.0000E+00  0.0000   4.1663E-10  0.7067   0.0000E+00  0.0000   0.0000E+00  0.0000
   1.0000E-01   1.7783E-01   0.0000E+00  0.0000   1.0694E-09  0.7067   0.0000E+00  0.0000   0.0000E+00  0.0000
   1.7783E-01   3.1623E-01   0.0000E+00  0.0000   2.7974E-09  0.7067   0.0000E+00  0.0000   0.0000E+00  0.0000
   3.1623E-01   5.6234E-01   0.0000E+00  0.0000   7.4983E-09  0.7067   0.0000E+00  0.0000   0.0000E+00  0.0000
   5.6234E-01   1.0000E+00   0.0000E+00  0.0000   2.0566E-08  0.7067   0.0000E+00  0.0000   0.0000E+00  0.0000
   1.0000E+00   1.7783E+00   0.0000E+00  0.0000   5.3180E-08  0.7091   0.0000E+00  0.0000   0.0000E+00  0.0000
   1.7783E+00   3.1623E+00   0.0000E+00  0.0000   8.1902E-08  1.0000   0.0000E+00  0.0000   0.0000E+00  0.0000
   3.1623E+00   5.6234E+00   0.0000E+00  0.0000   2.3146E-07  1.0000   0.0000E+00  0.0000   0.0000E+00  0.0000
   5.6234E+00   1.0000E+01   5.6950E-05  1.0000   6.4479E-07  1.0000   0.0000E+00  0.0000   0.0000E+00  0.0000
   1.0000E+01   1.7783E+01   0.0000E+00  0.0000   1.7556E-06  1.0000   0.0000E+00  0.0000   0.0000E+00  0.0000
   1.7783E+01   3.1623E+01   0.0000E+00  0.0000   4.5834E-06  1.0000   0.0000E+00  0.0000   0.0000E+00  0.0000
   3.1623E+01   5.6234E+01   0.0000E+00  0.0000   1.1205E-05  1.0000   0.0000E+00  0.0000   0.0000E+00  0.0000
   5.6234E+01   1.0000E+02   0.0000E+00  0.0000   8.4164E-05  0.7623   0.0000E+00  0.0000   0.0000E+00  0.0000
   1.0000E+02   1.7783E+02   0.0000E+00  0.0000   8.4825E-05  0.7199   0.0000E+00  0.0000   0.0000E+00  0.0000
   1.7783E+02   3.1623E+02   0.0000E+00  0.0000   1.2429E-04  0.6928   0.0000E+00  0.0000   0.0000E+00  0.0000
   3.1623E+02   5.6234E+02   0.0000E+00  0.0000   2.6979E-04  0.4742   0.0000E+00  0.0000   0.0000E+00  0.0000
   5.6234E+02   1.0000E+03   0.0000E+00  0.0000   3.4974E-04  0.4548   0.0000E+00  0.0000   0.0000E+00  0.0000
   1.0000E+03   1.7783E+03   0.0000E+00  0.0000   3.0342E-04  0.4474   0.0000E+00  0.0000   0.0000E+00  0.0000
   1.7783E+03   3.1623E+03   0.0000E+00  0.0000   7.1064E-04  0.3013   0.0000E+00  0.0000   0.0000E+00  0.0000
   3.1623E+03   5.6234E+03   0.0000E+00  0.0000   7.3976E-04  0.3079   0.0000E+00  0.0000   0.0000E+00  0.0000
   5.6234E+03   1.0000E+04   0.0000E+00  0.0000   6.5328E-04  0.3476   0.0000E+00  0.0000   0.0000E+00  0.0000
   1.0000E+04   1.7783E+04   0.0000E+00  0.0000   6.5032E-04  0.3616   0.0000E+00  0.0000   0.0000E+00  0.0000
   1.7783E+04   3.1623E+04   0.0000E+00  0.0000   8.2221E-05  1.0000   0.0000E+00  0.0000   0.0000E+00  0.0000
   3.1623E+04   5.6234E+04   0.0000E+00  0.0000   0.0000E+00  0.0000   0.0000E+00  0.0000   0.0000E+00  0.0000
   5.6234E+04   1.0000E+05   0.0000E+00  0.0000   0.0000E+00  0.0000   0.0000E+00  0.0000   0.0000E+00  0.0000

#   sum over                 5.6950E-05  1.0000   4.0710E-03  0.1293   0.0000E+00  0.0000   0.0000E+00  0.0000

'no. = 10, (ix,iy,iz) = (  1,  1, 10)'
msuc: {\huge Flux spectra vs depth in concrete}
msdr: {\it plotted by \ANGEL \version}
msdl: {\it calculated by \PHITS  3.36}
wt: s(0.7)
\vspace{-3}
   vol  &=&   2.8800E+07 [cm^3]
  xmin  &=&  -6.0000E+02 [cm]
  xmax  &=&   6.0000E+02 [cm]
  ymin  &=&  -6.0000E+02 [cm]
  ymax  &=&   6.0000E+02 [cm]
  zmin  &=&  -5.2000E+02 [cm]
  zmax  &=&  -5.0000E+02 [cm]
e:

#------------------------------------------------------------------------------
 newpage:
#   no. = 11   ix  =  1   iy  =  1   iz  = 11
#   x = (  -6.0000E+02  -   6.0000E+02  )
#   y = (  -6.0000E+02  -   6.0000E+02  )
#   z = (  -5.0000E+02  -  -4.8000E+02  )

x: Energy [MeV/n]
y: Flux [1/cm^2/source]              
p: xlog ylog afac(0.8) form(0.9)
h: n            x            y(neutron ),hh0l n y(muon-   ),hh0dr n y(muon+   ),hh0ub n y(proton  ),hh0mg n 
#  e-lower      e-upper        neutron   r.err      muon-     r.err      muon+     r.err      proton    r.err 
   1.0000E-10   1.7783E-10   0.0000E+00  0.0000   0.0000E+00  0.0000   0.0000E+00  0.0000   0.0000E+00  0.0000
   1.7783E-10   3.1623E-10   0.0000E+00  0.0000   0.0000E+00  0.0000   0.0000E+00  0.0000   0.0000E+00  0.0000
   3.1623E-10   5.6234E-10   0.0000E+00  0.0000   0.0000E+00  0.0000   0.0000E+00  0.0000   0.0000E+00  0.0000
   5.6234E-10   1.0000E-09   0.0000E+00  0.0000   0.0000E+00  0.0000   0.0000E+00  0.0000   0.0000E+00  0.0000
   1.0000E-09   1.7783E-09   0.0000E+00  0.0000   0.0000E+00  0.0000   0.0000E+00  0.0000   0.0000E+00  0.0000
   1.7783E-09   3.1623E-09   1.8770E-06  1.0000   0.0000E+00  0.0000   0.0000E+00  0.0000   0.0000E+00  0.0000
   3.1623E-09   5.6234E-09   5.6482E-06  1.0000   0.0000E+00  0.0000   0.0000E+00  0.0000   0.0000E+00  0.0000
   5.6234E-09   1.0000E-08   8.5109E-06  1.0000   0.0000E+00  0.0000   0.0000E+00  0.0000   0.0000E+00  0.0000
   1.0000E-08   1.7783E-08   1.0009E-05  1.0000   0.0000E+00  0.0000   0.0000E+00  0.0000   0.0000E+00  0.0000
   1.7783E-08   3.1623E-08   6.3626E-05  1.0000   0.0000E+00  0.0000   0.0000E+00  0.0000   0.0000E+00  0.0000
   3.1623E-08   5.6234E-08   8.7429E-05  1.0000   0.0000E+00  0.0000   0.0000E+00  0.0000   0.0000E+00  0.0000
   5.6234E-08   1.0000E-07   8.5186E-05  1.0000   0.0000E+00  0.0000   0.0000E+00  0.0000   0.0000E+00  0.0000
   1.0000E-07   1.7783E-07   6.7762E-05  1.0000   0.0000E+00  0.0000   0.0000E+00  0.0000   0.0000E+00  0.0000
   1.7783E-07   3.1623E-07   3.7944E-06  1.0000   0.0000E+00  0.0000   0.0000E+00  0.0000   0.0000E+00  0.0000
   3.1623E-07   5.6234E-07   4.2575E-06  1.0000   0.0000E+00  0.0000   0.0000E+00  0.0000   0.0000E+00  0.0000
   5.6234E-07   1.0000E-06   0.0000E+00  0.0000   0.0000E+00  0.0000   0.0000E+00  0.0000   0.0000E+00  0.0000
   1.0000E-06   1.7783E-06   0.0000E+00  0.0000   0.0000E+00  0.0000   0.0000E+00  0.0000   0.0000E+00  0.0000
   1.7783E-06   3.1623E-06   0.0000E+00  0.0000   0.0000E+00  0.0000   0.0000E+00  0.0000   0.0000E+00  0.0000
   3.1623E-06   5.6234E-06   0.0000E+00  0.0000   0.0000E+00  0.0000   0.0000E+00  0.0000   0.0000E+00  0.0000
   5.6234E-06   1.0000E-05   0.0000E+00  0.0000   0.0000E+00  0.0000   0.0000E+00  0.0000   0.0000E+00  0.0000
   1.0000E-05   1.7783E-05   0.0000E+00  0.0000   0.0000E+00  0.0000   0.0000E+00  0.0000   0.0000E+00  0.0000
   1.7783E-05   3.1623E-05   0.0000E+00  0.0000   0.0000E+00  0.0000   0.0000E+00  0.0000   0.0000E+00  0.0000
   3.1623E-05   5.6234E-05   0.0000E+00  0.0000   0.0000E+00  0.0000   0.0000E+00  0.0000   0.0000E+00  0.0000
   5.6234E-05   1.0000E-04   0.0000E+00  0.0000   0.0000E+00  0.0000   0.0000E+00  0.0000   0.0000E+00  0.0000
   1.0000E-04   1.7783E-04   0.0000E+00  0.0000   0.0000E+00  0.0000   0.0000E+00  0.0000   0.0000E+00  0.0000
   1.7783E-04   3.1623E-04   0.0000E+00  0.0000   5.2262E-21  1.0000   0.0000E+00  0.0000   0.0000E+00  0.0000
   3.1623E-04   5.6234E-04   0.0000E+00  0.0000   0.0000E+00  0.0000   0.0000E+00  0.0000   0.0000E+00  0.0000
   5.6234E-04   1.0000E-03   0.0000E+00  0.0000   0.0000E+00  0.0000   0.0000E+00  0.0000   0.0000E+00  0.0000
   1.0000E-03   1.7783E-03   0.0000E+00  0.0000   1.5768E-11  0.7077   0.0000E+00  0.0000   0.0000E+00  0.0000
   1.7783E-03   3.1623E-03   0.0000E+00  0.0000   8.1140E-12  0.7067   0.0000E+00  0.0000   0.0000E+00  0.0000
   3.1623E-03   5.6234E-03   0.0000E+00  0.0000   1.1988E-11  0.7067   0.0000E+00  0.0000   0.0000E+00  0.0000
   5.6234E-03   1.0000E-02   0.0000E+00  0.0000   1.9227E-11  0.7067   0.0000E+00  0.0000   0.0000E+00  0.0000
   1.0000E-02   1.7783E-02   0.0000E+00  0.0000   3.4475E-11  0.7067   0.0000E+00  0.0000   0.0000E+00  0.0000
   1.7783E-02   3.1623E-02   0.0000E+00  0.0000   7.1175E-11  0.7067   0.0000E+00  0.0000   0.0000E+00  0.0000
   3.1623E-02   5.6234E-02   0.0000E+00  0.0000   1.6628E-10  0.7067   0.0000E+00  0.0000   0.0000E+00  0.0000
   5.6234E-02   1.0000E-01   0.0000E+00  0.0000   4.1663E-10  0.7067   0.0000E+00  0.0000   0.0000E+00  0.0000
   1.0000E-01   1.7783E-01   0.0000E+00  0.0000   1.0694E-09  0.7067   0.0000E+00  0.0000   0.0000E+00  0.0000
   1.7783E-01   3.1623E-01   0.0000E+00  0.0000   2.7974E-09  0.7067   0.0000E+00  0.0000   0.0000E+00  0.0000
   3.1623E-01   5.6234E-01   0.0000E+00  0.0000   7.4983E-09  0.7067   0.0000E+00  0.0000   0.0000E+00  0.0000
   5.6234E-01   1.0000E+00   0.0000E+00  0.0000   2.0566E-08  0.7067   0.0000E+00  0.0000   0.0000E+00  0.0000
   1.0000E+00   1.7783E+00   0.0000E+00  0.0000   6.1997E-08  0.6601   0.0000E+00  0.0000   0.0000E+00  0.0000
   1.7783E+00   3.1623E+00   0.0000E+00  0.0000   2.4571E-07  0.5766   0.0000E+00  0.0000   0.0000E+00  0.0000
   3.1623E+00   5.6234E+00   3.9342E-05  1.0000   6.9439E-07  0.5766   0.0000E+00  0.0000   0.0000E+00  0.0000
   5.6234E+00   1.0000E+01   1.8370E-05  1.0000   1.9344E-06  0.5766   0.0000E+00  0.0000   0.0000E+00  0.0000
   1.0000E+01   1.7783E+01   0.0000E+00  0.0000   5.2667E-06  0.5766   0.0000E+00  0.0000   0.0000E+00  0.0000
   1.7783E+01   3.1623E+01   0.0000E+00  0.0000   1.3750E-05  0.5766   0.0000E+00  0.0000   0.0000E+00  0.0000
   3.1623E+01   5.6234E+01   0.0000E+00  0.0000   2.4913E-05  0.6434   0.0000E+00  0.0000   0.0000E+00  0.0000
   5.6234E+01   1.0000E+02   0.0000E+00  0.0000   1.0835E-04  0.6325   0.0000E+00  0.0000   0.0000E+00  0.0000
   1.0000E+02   1.7783E+02   0.0000E+00  0.0000   2.8735E-05  0.7159   0.0000E+00  0.0000   0.0000E+00  0.0000
   1.7783E+02   3.1623E+02   0.0000E+00  0.0000   1.2834E-04  0.6753   0.0000E+00  0.0000   0.0000E+00  0.0000
   3.1623E+02   5.6234E+02   0.0000E+00  0.0000   3.2203E-04  0.4353   0.0000E+00  0.0000   0.0000E+00  0.0000
   5.6234E+02   1.0000E+03   0.0000E+00  0.0000   3.6268E-04  0.4099   0.0000E+00  0.0000   0.0000E+00  0.0000
   1.0000E+03   1.7783E+03   0.0000E+00  0.0000   3.4962E-04  0.3995   0.0000E+00  0.0000   0.0000E+00  0.0000
   1.7783E+03   3.1623E+03   0.0000E+00  0.0000   6.4873E-04  0.3065   0.0000E+00  0.0000   0.0000E+00  0.0000
   3.1623E+03   5.6234E+03   0.0000E+00  0.0000   7.6360E-04  0.2999   0.0000E+00  0.0000   0.0000E+00  0.0000
   5.6234E+03   1.0000E+04   0.0000E+00  0.0000   6.8478E-04  0.3416   0.0000E+00  0.0000   0.0000E+00  0.0000
   1.0000E+04   1.7783E+04   0.0000E+00  0.0000   7.0813E-04  0.3537   0.0000E+00  0.0000   0.0000E+00  0.0000
   1.7783E+04   3.1623E+04   0.0000E+00  0.0000   8.2221E-05  1.0000   0.0000E+00  0.0000   0.0000E+00  0.0000
   3.1623E+04   5.6234E+04   0.0000E+00  0.0000   0.0000E+00  0.0000   0.0000E+00  0.0000   0.0000E+00  0.0000
   5.6234E+04   1.0000E+05   0.0000E+00  0.0000   0.0000E+00  0.0000   0.0000E+00  0.0000   0.0000E+00  0.0000

#   sum over                 3.9581E-04  0.8664   4.2341E-03  0.1261   0.0000E+00  0.0000   0.0000E+00  0.0000

'no. = 11, (ix,iy,iz) = (  1,  1, 11)'
msuc: {\huge Flux spectra vs depth in concrete}
msdr: {\it plotted by \ANGEL \version}
msdl: {\it calculated by \PHITS  3.36}
wt: s(0.7)
\vspace{-3}
   vol  &=&   2.8800E+07 [cm^3]
  xmin  &=&  -6.0000E+02 [cm]
  xmax  &=&   6.0000E+02 [cm]
  ymin  &=&  -6.0000E+02 [cm]
  ymax  &=&   6.0000E+02 [cm]
  zmin  &=&  -5.0000E+02 [cm]
  zmax  &=&  -4.8000E+02 [cm]
e:

#------------------------------------------------------------------------------
 newpage:
#   no. = 12   ix  =  1   iy  =  1   iz  = 12
#   x = (  -6.0000E+02  -   6.0000E+02  )
#   y = (  -6.0000E+02  -   6.0000E+02  )
#   z = (  -4.8000E+02  -  -4.6000E+02  )

x: Energy [MeV/n]
y: Flux [1/cm^2/source]              
p: xlog ylog afac(0.8) form(0.9)
h: n            x            y(neutron ),hh0l n y(muon-   ),hh0dr n y(muon+   ),hh0ub n y(proton  ),hh0mg n 
#  e-lower      e-upper        neutron   r.err      muon-     r.err      muon+     r.err      proton    r.err 
   1.0000E-10   1.7783E-10   0.0000E+00  0.0000   0.0000E+00  0.0000   0.0000E+00  0.0000   0.0000E+00  0.0000
   1.7783E-10   3.1623E-10   0.0000E+00  0.0000   0.0000E+00  0.0000   0.0000E+00  0.0000   0.0000E+00  0.0000
   3.1623E-10   5.6234E-10   0.0000E+00  0.0000   0.0000E+00  0.0000   0.0000E+00  0.0000   0.0000E+00  0.0000
   5.6234E-10   1.0000E-09   4.7694E-08  1.0000   0.0000E+00  0.0000   0.0000E+00  0.0000   0.0000E+00  0.0000
   1.0000E-09   1.7783E-09   1.5148E-06  1.0000   0.0000E+00  0.0000   0.0000E+00  0.0000   0.0000E+00  0.0000
   1.7783E-09   3.1623E-09   2.5989E-07  1.0000   0.0000E+00  0.0000   0.0000E+00  0.0000   0.0000E+00  0.0000
   3.1623E-09   5.6234E-09   1.1867E-06  1.0000   0.0000E+00  0.0000   0.0000E+00  0.0000   0.0000E+00  0.0000
   5.6234E-09   1.0000E-08   4.2452E-06  1.0000   0.0000E+00  0.0000   0.0000E+00  0.0000   0.0000E+00  0.0000
   1.0000E-08   1.7783E-08   2.2961E-05  1.0000   0.0000E+00  0.0000   0.0000E+00  0.0000   0.0000E+00  0.0000
   1.7783E-08   3.1623E-08   5.5178E-05  1.0000   0.0000E+00  0.0000   0.0000E+00  0.0000   0.0000E+00  0.0000
   3.1623E-08   5.6234E-08   5.9205E-05  1.0000   0.0000E+00  0.0000   0.0000E+00  0.0000   0.0000E+00  0.0000
   5.6234E-08   1.0000E-07   6.2484E-05  1.0000   0.0000E+00  0.0000   0.0000E+00  0.0000   0.0000E+00  0.0000
   1.0000E-07   1.7783E-07   3.8846E-05  1.0000   0.0000E+00  0.0000   0.0000E+00  0.0000   0.0000E+00  0.0000
   1.7783E-07   3.1623E-07   1.2638E-05  1.0000   0.0000E+00  0.0000   0.0000E+00  0.0000   0.0000E+00  0.0000
   3.1623E-07   5.6234E-07   3.3480E-06  1.0000   0.0000E+00  0.0000   0.0000E+00  0.0000   0.0000E+00  0.0000
   5.6234E-07   1.0000E-06   0.0000E+00  0.0000   0.0000E+00  0.0000   0.0000E+00  0.0000   0.0000E+00  0.0000
   1.0000E-06   1.7783E-06   0.0000E+00  0.0000   0.0000E+00  0.0000   0.0000E+00  0.0000   0.0000E+00  0.0000
   1.7783E-06   3.1623E-06   0.0000E+00  0.0000   0.0000E+00  0.0000   0.0000E+00  0.0000   0.0000E+00  0.0000
   3.1623E-06   5.6234E-06   0.0000E+00  0.0000   0.0000E+00  0.0000   0.0000E+00  0.0000   0.0000E+00  0.0000
   5.6234E-06   1.0000E-05   0.0000E+00  0.0000   0.0000E+00  0.0000   0.0000E+00  0.0000   0.0000E+00  0.0000
   1.0000E-05   1.7783E-05   0.0000E+00  0.0000   0.0000E+00  0.0000   0.0000E+00  0.0000   0.0000E+00  0.0000
   1.7783E-05   3.1623E-05   3.8933E-06  1.0000   0.0000E+00  0.0000   0.0000E+00  0.0000   0.0000E+00  0.0000
   3.1623E-05   5.6234E-05   3.0884E-05  1.0000   0.0000E+00  0.0000   0.0000E+00  0.0000   0.0000E+00  0.0000
   5.6234E-05   1.0000E-04   3.0564E-06  1.0000   0.0000E+00  0.0000   0.0000E+00  0.0000   0.0000E+00  0.0000
   1.0000E-04   1.7783E-04   0.0000E+00  0.0000   0.0000E+00  0.0000   0.0000E+00  0.0000   0.0000E+00  0.0000
   1.7783E-04   3.1623E-04   4.6223E-06  1.0000   0.0000E+00  0.0000   0.0000E+00  0.0000   0.0000E+00  0.0000
   3.1623E-04   5.6234E-04   2.4749E-06  1.0000   0.0000E+00  0.0000   0.0000E+00  0.0000   0.0000E+00  0.0000
   5.6234E-04   1.0000E-03   1.3454E-06  1.0000   0.0000E+00  0.0000   0.0000E+00  0.0000   0.0000E+00  0.0000
   1.0000E-03   1.7783E-03   2.2506E-05  1.0000   8.3040E-12  1.0000   0.0000E+00  0.0000   0.0000E+00  0.0000
   1.7783E-03   3.1623E-03   0.0000E+00  0.0000   4.0570E-12  1.0000   0.0000E+00  0.0000   0.0000E+00  0.0000
   3.1623E-03   5.6234E-03   2.4793E-05  1.0000   5.9939E-12  1.0000   0.0000E+00  0.0000   0.0000E+00  0.0000
   5.6234E-03   1.0000E-02   8.3873E-06  1.0000   9.6133E-12  1.0000   0.0000E+00  0.0000   0.0000E+00  0.0000
   1.0000E-02   1.7783E-02   3.7438E-05  1.0000   1.7238E-11  1.0000   0.0000E+00  0.0000   0.0000E+00  0.0000
   1.7783E-02   3.1623E-02   0.0000E+00  0.0000   3.5587E-11  1.0000   0.0000E+00  0.0000   0.0000E+00  0.0000
   3.1623E-02   5.6234E-02   0.0000E+00  0.0000   8.3139E-11  1.0000   0.0000E+00  0.0000   0.0000E+00  0.0000
   5.6234E-02   1.0000E-01   0.0000E+00  0.0000   2.0831E-10  1.0000   0.0000E+00  0.0000   0.0000E+00  0.0000
   1.0000E-01   1.7783E-01   1.0485E-06  1.0000   5.3471E-10  1.0000   0.0000E+00  0.0000   0.0000E+00  0.0000
   1.7783E-01   3.1623E-01   9.6020E-06  1.0000   1.3987E-09  1.0000   0.0000E+00  0.0000   0.0000E+00  0.0000
   3.1623E-01   5.6234E-01   0.0000E+00  0.0000   3.7491E-09  1.0000   0.0000E+00  0.0000   0.0000E+00  0.0000
   5.6234E-01   1.0000E+00   0.0000E+00  0.0000   1.0283E-08  1.0000   0.0000E+00  0.0000   0.0000E+00  0.0000
   1.0000E+00   1.7783E+00   0.0000E+00  0.0000   2.8794E-08  1.0000   0.0000E+00  0.0000   0.0000E+00  0.0000
   1.7783E+00   3.1623E+00   0.0000E+00  0.0000   8.1902E-08  1.0000   0.0000E+00  0.0000   0.0000E+00  0.0000
   3.1623E+00   5.6234E+00   4.2940E-05  1.0000   2.3146E-07  1.0000   0.0000E+00  0.0000   0.0000E+00  0.0000
   5.6234E+00   1.0000E+01   0.0000E+00  0.0000   6.4479E-07  1.0000   0.0000E+00  0.0000   0.0000E+00  0.0000
   1.0000E+01   1.7783E+01   0.0000E+00  0.0000   1.7556E-06  1.0000   0.0000E+00  0.0000   0.0000E+00  0.0000
   1.7783E+01   3.1623E+01   0.0000E+00  0.0000   4.5834E-06  1.0000   0.0000E+00  0.0000   0.0000E+00  0.0000
   3.1623E+01   5.6234E+01   0.0000E+00  0.0000   1.4484E-05  0.7209   0.0000E+00  0.0000   0.0000E+00  0.0000
   5.6234E+01   1.0000E+02   0.0000E+00  0.0000   8.5067E-05  0.7542   0.0000E+00  0.0000   0.0000E+00  0.0000
   1.0000E+02   1.7783E+02   0.0000E+00  0.0000   1.2267E-04  0.5862   0.0000E+00  0.0000   0.0000E+00  0.0000
   1.7783E+02   3.1623E+02   0.0000E+00  0.0000   8.2589E-05  0.5584   0.0000E+00  0.0000   0.0000E+00  0.0000
   3.1623E+02   5.6234E+02   0.0000E+00  0.0000   2.9065E-04  0.4197   0.0000E+00  0.0000   0.0000E+00  0.0000
   5.6234E+02   1.0000E+03   0.0000E+00  0.0000   3.3212E-04  0.4005   0.0000E+00  0.0000   0.0000E+00  0.0000
   1.0000E+03   1.7783E+03   0.0000E+00  0.0000   4.8023E-04  0.3660   0.0000E+00  0.0000   0.0000E+00  0.0000
   1.7783E+03   3.1623E+03   0.0000E+00  0.0000   6.5022E-04  0.3091   0.0000E+00  0.0000   0.0000E+00  0.0000
   3.1623E+03   5.6234E+03   0.0000E+00  0.0000   7.7386E-04  0.3042   0.0000E+00  0.0000   0.0000E+00  0.0000
   5.6234E+03   1.0000E+04   0.0000E+00  0.0000   6.8478E-04  0.3416   0.0000E+00  0.0000   0.0000E+00  0.0000
   1.0000E+04   1.7783E+04   0.0000E+00  0.0000   7.5269E-04  0.3433   0.0000E+00  0.0000   0.0000E+00  0.0000
   1.7783E+04   3.1623E+04   0.0000E+00  0.0000   8.2221E-05  1.0000   0.0000E+00  0.0000   0.0000E+00  0.0000
   3.1623E+04   5.6234E+04   0.0000E+00  0.0000   0.0000E+00  0.0000   0.0000E+00  0.0000   0.0000E+00  0.0000
   5.6234E+04   1.0000E+05   0.0000E+00  0.0000   0.0000E+00  0.0000   0.0000E+00  0.0000   0.0000E+00  0.0000

#   sum over                 4.5491E-04  0.9104   4.3589E-03  0.1249   0.0000E+00  0.0000   0.0000E+00  0.0000

'no. = 12, (ix,iy,iz) = (  1,  1, 12)'
msuc: {\huge Flux spectra vs depth in concrete}
msdr: {\it plotted by \ANGEL \version}
msdl: {\it calculated by \PHITS  3.36}
wt: s(0.7)
\vspace{-3}
   vol  &=&   2.8800E+07 [cm^3]
  xmin  &=&  -6.0000E+02 [cm]
  xmax  &=&   6.0000E+02 [cm]
  ymin  &=&  -6.0000E+02 [cm]
  ymax  &=&   6.0000E+02 [cm]
  zmin  &=&  -4.8000E+02 [cm]
  zmax  &=&  -4.6000E+02 [cm]
e:

#------------------------------------------------------------------------------
 newpage:
#   no. = 13   ix  =  1   iy  =  1   iz  = 13
#   x = (  -6.0000E+02  -   6.0000E+02  )
#   y = (  -6.0000E+02  -   6.0000E+02  )
#   z = (  -4.6000E+02  -  -4.4000E+02  )

x: Energy [MeV/n]
y: Flux [1/cm^2/source]              
p: xlog ylog afac(0.8) form(0.9)
h: n            x            y(neutron ),hh0l n y(muon-   ),hh0dr n y(muon+   ),hh0ub n y(proton  ),hh0mg n 
#  e-lower      e-upper        neutron   r.err      muon-     r.err      muon+     r.err      proton    r.err 
   1.0000E-10   1.7783E-10   0.0000E+00  0.0000   0.0000E+00  0.0000   0.0000E+00  0.0000   0.0000E+00  0.0000
   1.7783E-10   3.1623E-10   0.0000E+00  0.0000   0.0000E+00  0.0000   0.0000E+00  0.0000   0.0000E+00  0.0000
   3.1623E-10   5.6234E-10   0.0000E+00  0.0000   0.0000E+00  0.0000   0.0000E+00  0.0000   0.0000E+00  0.0000
   5.6234E-10   1.0000E-09   0.0000E+00  0.0000   0.0000E+00  0.0000   0.0000E+00  0.0000   0.0000E+00  0.0000
   1.0000E-09   1.7783E-09   4.1449E-07  1.0000   0.0000E+00  0.0000   0.0000E+00  0.0000   0.0000E+00  0.0000
   1.7783E-09   3.1623E-09   3.7207E-06  0.9247   0.0000E+00  0.0000   0.0000E+00  0.0000   0.0000E+00  0.0000
   3.1623E-09   5.6234E-09   3.9504E-06  0.6770   0.0000E+00  0.0000   0.0000E+00  0.0000   0.0000E+00  0.0000
   5.6234E-09   1.0000E-08   1.1950E-05  0.5974   0.0000E+00  0.0000   0.0000E+00  0.0000   0.0000E+00  0.0000
   1.0000E-08   1.7783E-08   6.6211E-05  0.6888   0.0000E+00  0.0000   0.0000E+00  0.0000   0.0000E+00  0.0000
   1.7783E-08   3.1623E-08   8.4934E-05  0.7565   0.0000E+00  0.0000   0.0000E+00  0.0000   0.0000E+00  0.0000
   3.1623E-08   5.6234E-08   1.8336E-04  0.7163   0.0000E+00  0.0000   0.0000E+00  0.0000   0.0000E+00  0.0000
   5.6234E-08   1.0000E-07   1.2377E-04  0.6597   0.0000E+00  0.0000   0.0000E+00  0.0000   0.0000E+00  0.0000
   1.0000E-07   1.7783E-07   3.2178E-05  0.7583   0.0000E+00  0.0000   0.0000E+00  0.0000   0.0000E+00  0.0000
   1.7783E-07   3.1623E-07   7.9833E-07  1.0000   0.0000E+00  0.0000   0.0000E+00  0.0000   0.0000E+00  0.0000
   3.1623E-07   5.6234E-07   4.9483E-06  1.0000   0.0000E+00  0.0000   0.0000E+00  0.0000   0.0000E+00  0.0000
   5.6234E-07   1.0000E-06   0.0000E+00  0.0000   0.0000E+00  0.0000   0.0000E+00  0.0000   0.0000E+00  0.0000
   1.0000E-06   1.7783E-06   3.4053E-05  0.6351   0.0000E+00  0.0000   0.0000E+00  0.0000   0.0000E+00  0.0000
   1.7783E-06   3.1623E-06   0.0000E+00  0.0000   0.0000E+00  0.0000   0.0000E+00  0.0000   0.0000E+00  0.0000
   3.1623E-06   5.6234E-06   8.1761E-06  0.7227   0.0000E+00  0.0000   0.0000E+00  0.0000   0.0000E+00  0.0000
   5.6234E-06   1.0000E-05   6.1413E-06  0.9191   0.0000E+00  0.0000   0.0000E+00  0.0000   0.0000E+00  0.0000
   1.0000E-05   1.7783E-05   1.9173E-06  1.0000   0.0000E+00  0.0000   0.0000E+00  0.0000   0.0000E+00  0.0000
   1.7783E-05   3.1623E-05   3.1563E-05  0.7498   0.0000E+00  0.0000   0.0000E+00  0.0000   0.0000E+00  0.0000
   3.1623E-05   5.6234E-05   0.0000E+00  0.0000   0.0000E+00  0.0000   0.0000E+00  0.0000   0.0000E+00  0.0000
   5.6234E-05   1.0000E-04   8.6535E-07  1.0000   0.0000E+00  0.0000   0.0000E+00  0.0000   0.0000E+00  0.0000
   1.0000E-04   1.7783E-04   8.3803E-06  1.0000   0.0000E+00  0.0000   0.0000E+00  0.0000   0.0000E+00  0.0000
   1.7783E-04   3.1623E-04   7.3017E-06  0.9771   0.0000E+00  0.0000   0.0000E+00  0.0000   0.0000E+00  0.0000
   3.1623E-04   5.6234E-04   7.8848E-06  1.0000   0.0000E+00  0.0000   0.0000E+00  0.0000   0.0000E+00  0.0000
   5.6234E-04   1.0000E-03   1.1109E-05  1.0000   0.0000E+00  0.0000   0.0000E+00  0.0000   0.0000E+00  0.0000
   1.0000E-03   1.7783E-03   2.3970E-05  0.8887   8.3040E-12  1.0000   0.0000E+00  0.0000   0.0000E+00  0.0000
   1.7783E-03   3.1623E-03   4.3513E-05  0.6528   4.0570E-12  1.0000   0.0000E+00  0.0000   0.0000E+00  0.0000
   3.1623E-03   5.6234E-03   2.2495E-05  0.7081   5.9939E-12  1.0000   0.0000E+00  0.0000   0.0000E+00  0.0000
   5.6234E-03   1.0000E-02   0.0000E+00  0.0000   9.6133E-12  1.0000   0.0000E+00  0.0000   0.0000E+00  0.0000
   1.0000E-02   1.7783E-02   1.0107E-05  0.9458   1.7238E-11  1.0000   0.0000E+00  0.0000   0.0000E+00  0.0000
   1.7783E-02   3.1623E-02   6.9809E-07  1.0000   3.5587E-11  1.0000   0.0000E+00  0.0000   0.0000E+00  0.0000
   3.1623E-02   5.6234E-02   2.5087E-05  0.7735   8.3139E-11  1.0000   0.0000E+00  0.0000   0.0000E+00  0.0000
   5.6234E-02   1.0000E-01   4.3313E-06  0.7806   2.0831E-10  1.0000   0.0000E+00  0.0000   0.0000E+00  0.0000
   1.0000E-01   1.7783E-01   1.1429E-05  1.0000   5.3471E-10  1.0000   0.0000E+00  0.0000   0.0000E+00  0.0000
   1.7783E-01   3.1623E-01   5.4605E-05  0.7071   1.3987E-09  1.0000   0.0000E+00  0.0000   0.0000E+00  0.0000
   3.1623E-01   5.6234E-01   3.9025E-06  1.0000   3.7491E-09  1.0000   0.0000E+00  0.0000   0.0000E+00  0.0000
   5.6234E-01   1.0000E+00   8.3561E-06  1.0000   1.0283E-08  1.0000   0.0000E+00  0.0000   0.0000E+00  0.0000
   1.0000E+00   1.7783E+00   2.1417E-05  0.8017   2.8794E-08  1.0000   0.0000E+00  0.0000   0.0000E+00  0.0000
   1.7783E+00   3.1623E+00   2.8531E-05  0.9314   8.1902E-08  1.0000   0.0000E+00  0.0000   0.0000E+00  0.0000
   3.1623E+00   5.6234E+00   5.5027E-05  0.8407   2.3146E-07  1.0000   0.0000E+00  0.0000   0.0000E+00  0.0000
   5.6234E+00   1.0000E+01   3.8799E-05  1.0000   6.4479E-07  1.0000   0.0000E+00  0.0000   0.0000E+00  0.0000
   1.0000E+01   1.7783E+01   0.0000E+00  0.0000   1.7556E-06  1.0000   0.0000E+00  0.0000   0.0000E+00  0.0000
   1.7783E+01   3.1623E+01   0.0000E+00  0.0000   4.5834E-06  1.0000   0.0000E+00  0.0000   0.0000E+00  0.0000
   3.1623E+01   5.6234E+01   0.0000E+00  0.0000   1.6626E-05  0.7483   0.0000E+00  0.0000   0.0000E+00  0.0000
   5.6234E+01   1.0000E+02   0.0000E+00  0.0000   1.0925E-04  0.6302   0.0000E+00  0.0000   0.0000E+00  0.0000
   1.0000E+02   1.7783E+02   0.0000E+00  0.0000   5.0354E-05  0.6579   0.0000E+00  0.0000   0.0000E+00  0.0000
   1.7783E+02   3.1623E+02   0.0000E+00  0.0000   1.8655E-04  0.5180   0.0000E+00  0.0000   0.0000E+00  0.0000
   3.1623E+02   5.6234E+02   0.0000E+00  0.0000   2.5817E-04  0.4825   0.0000E+00  0.0000   0.0000E+00  0.0000
   5.6234E+02   1.0000E+03   0.0000E+00  0.0000   4.5498E-04  0.3604   0.0000E+00  0.0000   0.0000E+00  0.0000
   1.0000E+03   1.7783E+03   0.0000E+00  0.0000   4.6133E-04  0.3838   0.0000E+00  0.0000   0.0000E+00  0.0000
   1.7783E+03   3.1623E+03   0.0000E+00  0.0000   6.4731E-04  0.3080   0.0000E+00  0.0000   0.0000E+00  0.0000
   3.1623E+03   5.6234E+03   0.0000E+00  0.0000   8.2956E-04  0.2914   0.0000E+00  0.0000   0.0000E+00  0.0000
   5.6234E+03   1.0000E+04   0.0000E+00  0.0000   6.8478E-04  0.3416   0.0000E+00  0.0000   0.0000E+00  0.0000
   1.0000E+04   1.7783E+04   0.0000E+00  0.0000   7.5268E-04  0.3433   0.0000E+00  0.0000   0.0000E+00  0.0000
   1.7783E+04   3.1623E+04   0.0000E+00  0.0000   8.2221E-05  1.0000   0.0000E+00  0.0000   0.0000E+00  0.0000
   3.1623E+04   5.6234E+04   0.0000E+00  0.0000   0.0000E+00  0.0000   0.0000E+00  0.0000   0.0000E+00  0.0000
   5.6234E+04   1.0000E+05   0.0000E+00  0.0000   0.0000E+00  0.0000   0.0000E+00  0.0000   0.0000E+00  0.0000

#   sum over                 9.8590E-04  0.6113   4.5412E-03  0.1222   0.0000E+00  0.0000   0.0000E+00  0.0000

'no. = 13, (ix,iy,iz) = (  1,  1, 13)'
msuc: {\huge Flux spectra vs depth in concrete}
msdr: {\it plotted by \ANGEL \version}
msdl: {\it calculated by \PHITS  3.36}
wt: s(0.7)
\vspace{-3}
   vol  &=&   2.8800E+07 [cm^3]
  xmin  &=&  -6.0000E+02 [cm]
  xmax  &=&   6.0000E+02 [cm]
  ymin  &=&  -6.0000E+02 [cm]
  ymax  &=&   6.0000E+02 [cm]
  zmin  &=&  -4.6000E+02 [cm]
  zmax  &=&  -4.4000E+02 [cm]
e:

#------------------------------------------------------------------------------
 newpage:
#   no. = 14   ix  =  1   iy  =  1   iz  = 14
#   x = (  -6.0000E+02  -   6.0000E+02  )
#   y = (  -6.0000E+02  -   6.0000E+02  )
#   z = (  -4.4000E+02  -  -4.2000E+02  )

x: Energy [MeV/n]
y: Flux [1/cm^2/source]              
p: xlog ylog afac(0.8) form(0.9)
h: n            x            y(neutron ),hh0l n y(muon-   ),hh0dr n y(muon+   ),hh0ub n y(proton  ),hh0mg n 
#  e-lower      e-upper        neutron   r.err      muon-     r.err      muon+     r.err      proton    r.err 
   1.0000E-10   1.7783E-10   0.0000E+00  0.0000   0.0000E+00  0.0000   0.0000E+00  0.0000   0.0000E+00  0.0000
   1.7783E-10   3.1623E-10   0.0000E+00  0.0000   0.0000E+00  0.0000   0.0000E+00  0.0000   0.0000E+00  0.0000
   3.1623E-10   5.6234E-10   0.0000E+00  0.0000   0.0000E+00  0.0000   0.0000E+00  0.0000   0.0000E+00  0.0000
   5.6234E-10   1.0000E-09   0.0000E+00  0.0000   0.0000E+00  0.0000   0.0000E+00  0.0000   0.0000E+00  0.0000
   1.0000E-09   1.7783E-09   0.0000E+00  0.0000   0.0000E+00  0.0000   0.0000E+00  0.0000   0.0000E+00  0.0000
   1.7783E-09   3.1623E-09   0.0000E+00  0.0000   0.0000E+00  0.0000   0.0000E+00  0.0000   0.0000E+00  0.0000
   3.1623E-09   5.6234E-09   2.1665E-07  1.0000   0.0000E+00  0.0000   0.0000E+00  0.0000   0.0000E+00  0.0000
   5.6234E-09   1.0000E-08   1.3173E-05  0.7785   0.0000E+00  0.0000   0.0000E+00  0.0000   0.0000E+00  0.0000
   1.0000E-08   1.7783E-08   2.3826E-05  0.6748   0.0000E+00  0.0000   0.0000E+00  0.0000   0.0000E+00  0.0000
   1.7783E-08   3.1623E-08   1.0846E-04  0.7022   0.0000E+00  0.0000   0.0000E+00  0.0000   0.0000E+00  0.0000
   3.1623E-08   5.6234E-08   1.1099E-04  0.6665   0.0000E+00  0.0000   0.0000E+00  0.0000   0.0000E+00  0.0000
   5.6234E-08   1.0000E-07   1.0275E-04  0.6655   0.0000E+00  0.0000   0.0000E+00  0.0000   0.0000E+00  0.0000
   1.0000E-07   1.7783E-07   3.0322E-05  0.7745   0.0000E+00  0.0000   0.0000E+00  0.0000   0.0000E+00  0.0000
   1.7783E-07   3.1623E-07   2.4510E-07  1.0000   0.0000E+00  0.0000   0.0000E+00  0.0000   0.0000E+00  0.0000
   3.1623E-07   5.6234E-07   3.2924E-06  1.0000   0.0000E+00  0.0000   0.0000E+00  0.0000   0.0000E+00  0.0000
   5.6234E-07   1.0000E-06   8.7919E-06  1.0000   0.0000E+00  0.0000   0.0000E+00  0.0000   0.0000E+00  0.0000
   1.0000E-06   1.7783E-06   8.8311E-06  0.9595   0.0000E+00  0.0000   0.0000E+00  0.0000   0.0000E+00  0.0000
   1.7783E-06   3.1623E-06   0.0000E+00  0.0000   0.0000E+00  0.0000   0.0000E+00  0.0000   0.0000E+00  0.0000
   3.1623E-06   5.6234E-06   6.4380E-06  1.0000   0.0000E+00  0.0000   0.0000E+00  0.0000   0.0000E+00  0.0000
   5.6234E-06   1.0000E-05   4.4009E-06  1.0000   0.0000E+00  0.0000   0.0000E+00  0.0000   0.0000E+00  0.0000
   1.0000E-05   1.7783E-05   1.1222E-05  1.0000   0.0000E+00  0.0000   0.0000E+00  0.0000   0.0000E+00  0.0000
   1.7783E-05   3.1623E-05   2.0188E-06  1.0000   0.0000E+00  0.0000   0.0000E+00  0.0000   0.0000E+00  0.0000
   3.1623E-05   5.6234E-05   0.0000E+00  0.0000   0.0000E+00  0.0000   0.0000E+00  0.0000   0.0000E+00  0.0000
   5.6234E-05   1.0000E-04   0.0000E+00  0.0000   0.0000E+00  0.0000   0.0000E+00  0.0000   0.0000E+00  0.0000
   1.0000E-04   1.7783E-04   0.0000E+00  0.0000   4.0587E-21  1.0000   0.0000E+00  0.0000   0.0000E+00  0.0000
   1.7783E-04   3.1623E-04   7.7940E-06  1.0000   0.0000E+00  0.0000   0.0000E+00  0.0000   0.0000E+00  0.0000
   3.1623E-04   5.6234E-04   1.1324E-05  1.0000   0.0000E+00  0.0000   0.0000E+00  0.0000   0.0000E+00  0.0000
   5.6234E-04   1.0000E-03   0.0000E+00  0.0000   0.0000E+00  0.0000   0.0000E+00  0.0000   0.0000E+00  0.0000
   1.0000E-03   1.7783E-03   0.0000E+00  0.0000   1.6313E-11  0.7067   0.0000E+00  0.0000   0.0000E+00  0.0000
   1.7783E-03   3.1623E-03   0.0000E+00  0.0000   8.1140E-12  0.7067   0.0000E+00  0.0000   0.0000E+00  0.0000
   3.1623E-03   5.6234E-03   0.0000E+00  0.0000   1.1988E-11  0.7067   0.0000E+00  0.0000   0.0000E+00  0.0000
   5.6234E-03   1.0000E-02   0.0000E+00  0.0000   1.9227E-11  0.7067   0.0000E+00  0.0000   0.0000E+00  0.0000
   1.0000E-02   1.7783E-02   0.0000E+00  0.0000   3.4475E-11  0.7067   0.0000E+00  0.0000   0.0000E+00  0.0000
   1.7783E-02   3.1623E-02   0.0000E+00  0.0000   7.1175E-11  0.7067   0.0000E+00  0.0000   0.0000E+00  0.0000
   3.1623E-02   5.6234E-02   0.0000E+00  0.0000   1.6628E-10  0.7067   0.0000E+00  0.0000   0.0000E+00  0.0000
   5.6234E-02   1.0000E-01   0.0000E+00  0.0000   4.1663E-10  0.7067   0.0000E+00  0.0000   0.0000E+00  0.0000
   1.0000E-01   1.7783E-01   6.4464E-06  1.0000   1.0694E-09  0.7067   0.0000E+00  0.0000   0.0000E+00  0.0000
   1.7783E-01   3.1623E-01   8.0750E-05  1.0000   2.7974E-09  0.7067   0.0000E+00  0.0000   0.0000E+00  0.0000
   3.1623E-01   5.6234E-01   0.0000E+00  0.0000   7.4983E-09  0.7067   0.0000E+00  0.0000   0.0000E+00  0.0000
   5.6234E-01   1.0000E+00   3.3405E-05  1.0000   2.0566E-08  0.7067   0.0000E+00  0.0000   0.0000E+00  0.0000
   1.0000E+00   1.7783E+00   0.0000E+00  0.0000   5.7587E-08  0.7067   0.0000E+00  0.0000   0.0000E+00  0.0000
   1.7783E+00   3.1623E+00   2.4347E-05  1.0000   1.6380E-07  0.7067   0.0000E+00  0.0000   0.0000E+00  0.0000
   3.1623E+00   5.6234E+00   0.0000E+00  0.0000   4.6293E-07  0.7067   0.0000E+00  0.0000   0.0000E+00  0.0000
   5.6234E+00   1.0000E+01   0.0000E+00  0.0000   1.2896E-06  0.7067   0.0000E+00  0.0000   0.0000E+00  0.0000
   1.0000E+01   1.7783E+01   2.3421E-05  1.0000   3.5112E-06  0.7067   0.0000E+00  0.0000   0.0000E+00  0.0000
   1.7783E+01   3.1623E+01   0.0000E+00  0.0000   7.3051E-06  0.7293   0.0000E+00  0.0000   0.0000E+00  0.0000
   3.1623E+01   5.6234E+01   0.0000E+00  0.0000   1.1205E-05  1.0000   0.0000E+00  0.0000   0.0000E+00  0.0000
   5.6234E+01   1.0000E+02   0.0000E+00  0.0000   7.6605E-05  0.8042   0.0000E+00  0.0000   0.0000E+00  0.0000
   1.0000E+02   1.7783E+02   0.0000E+00  0.0000   6.9350E-05  0.7429   0.0000E+00  0.0000   0.0000E+00  0.0000
   1.7783E+02   3.1623E+02   0.0000E+00  0.0000   1.4648E-04  0.4789   0.0000E+00  0.0000   0.0000E+00  0.0000
   3.1623E+02   5.6234E+02   0.0000E+00  0.0000   2.7076E-04  0.4780   0.0000E+00  0.0000   0.0000E+00  0.0000
   5.6234E+02   1.0000E+03   0.0000E+00  0.0000   5.7309E-04  0.3266   0.0000E+00  0.0000   0.0000E+00  0.0000
   1.0000E+03   1.7783E+03   0.0000E+00  0.0000   3.8714E-04  0.4152   0.0000E+00  0.0000   0.0000E+00  0.0000
   1.7783E+03   3.1623E+03   0.0000E+00  0.0000   7.0317E-04  0.2924   0.0000E+00  0.0000   0.0000E+00  0.0000
   3.1623E+03   5.6234E+03   0.0000E+00  0.0000   8.4788E-04  0.2907   0.0000E+00  0.0000   0.0000E+00  0.0000
   5.6234E+03   1.0000E+04   0.0000E+00  0.0000   6.8478E-04  0.3416   0.0000E+00  0.0000   0.0000E+00  0.0000
   1.0000E+04   1.7783E+04   0.0000E+00  0.0000   7.5267E-04  0.3433   0.0000E+00  0.0000   0.0000E+00  0.0000
   1.7783E+04   3.1623E+04   0.0000E+00  0.0000   8.2221E-05  1.0000   0.0000E+00  0.0000   0.0000E+00  0.0000
   3.1623E+04   5.6234E+04   0.0000E+00  0.0000   0.0000E+00  0.0000   0.0000E+00  0.0000   0.0000E+00  0.0000
   5.6234E+04   1.0000E+05   0.0000E+00  0.0000   0.0000E+00  0.0000   0.0000E+00  0.0000   0.0000E+00  0.0000

#   sum over                 6.2247E-04  0.7096   4.6182E-03  0.1214   0.0000E+00  0.0000   0.0000E+00  0.0000

'no. = 14, (ix,iy,iz) = (  1,  1, 14)'
msuc: {\huge Flux spectra vs depth in concrete}
msdr: {\it plotted by \ANGEL \version}
msdl: {\it calculated by \PHITS  3.36}
wt: s(0.7)
\vspace{-3}
   vol  &=&   2.8800E+07 [cm^3]
  xmin  &=&  -6.0000E+02 [cm]
  xmax  &=&   6.0000E+02 [cm]
  ymin  &=&  -6.0000E+02 [cm]
  ymax  &=&   6.0000E+02 [cm]
  zmin  &=&  -4.4000E+02 [cm]
  zmax  &=&  -4.2000E+02 [cm]
e:

#------------------------------------------------------------------------------
 newpage:
#   no. = 15   ix  =  1   iy  =  1   iz  = 15
#   x = (  -6.0000E+02  -   6.0000E+02  )
#   y = (  -6.0000E+02  -   6.0000E+02  )
#   z = (  -4.2000E+02  -  -4.0000E+02  )

x: Energy [MeV/n]
y: Flux [1/cm^2/source]              
p: xlog ylog afac(0.8) form(0.9)
h: n            x            y(neutron ),hh0l n y(muon-   ),hh0dr n y(muon+   ),hh0ub n y(proton  ),hh0mg n 
#  e-lower      e-upper        neutron   r.err      muon-     r.err      muon+     r.err      proton    r.err 
   1.0000E-10   1.7783E-10   0.0000E+00  0.0000   0.0000E+00  0.0000   0.0000E+00  0.0000   0.0000E+00  0.0000
   1.7783E-10   3.1623E-10   0.0000E+00  0.0000   0.0000E+00  0.0000   0.0000E+00  0.0000   0.0000E+00  0.0000
   3.1623E-10   5.6234E-10   0.0000E+00  0.0000   0.0000E+00  0.0000   0.0000E+00  0.0000   0.0000E+00  0.0000
   5.6234E-10   1.0000E-09   0.0000E+00  0.0000   0.0000E+00  0.0000   0.0000E+00  0.0000   0.0000E+00  0.0000
   1.0000E-09   1.7783E-09   0.0000E+00  0.0000   0.0000E+00  0.0000   0.0000E+00  0.0000   0.0000E+00  0.0000
   1.7783E-09   3.1623E-09   0.0000E+00  0.0000   0.0000E+00  0.0000   0.0000E+00  0.0000   0.0000E+00  0.0000
   3.1623E-09   5.6234E-09   4.9066E-06  1.0000   0.0000E+00  0.0000   0.0000E+00  0.0000   0.0000E+00  0.0000
   5.6234E-09   1.0000E-08   5.1163E-06  1.0000   0.0000E+00  0.0000   0.0000E+00  0.0000   0.0000E+00  0.0000
   1.0000E-08   1.7783E-08   0.0000E+00  0.0000   0.0000E+00  0.0000   0.0000E+00  0.0000   0.0000E+00  0.0000
   1.7783E-08   3.1623E-08   4.4008E-06  1.0000   0.0000E+00  0.0000   0.0000E+00  0.0000   0.0000E+00  0.0000
   3.1623E-08   5.6234E-08   8.7555E-06  1.0000   0.0000E+00  0.0000   0.0000E+00  0.0000   0.0000E+00  0.0000
   5.6234E-08   1.0000E-07   1.3474E-06  1.0000   0.0000E+00  0.0000   0.0000E+00  0.0000   0.0000E+00  0.0000
   1.0000E-07   1.7783E-07   1.5437E-06  1.0000   0.0000E+00  0.0000   0.0000E+00  0.0000   0.0000E+00  0.0000
   1.7783E-07   3.1623E-07   0.0000E+00  0.0000   0.0000E+00  0.0000   0.0000E+00  0.0000   0.0000E+00  0.0000
   3.1623E-07   5.6234E-07   0.0000E+00  0.0000   0.0000E+00  0.0000   0.0000E+00  0.0000   0.0000E+00  0.0000
   5.6234E-07   1.0000E-06   0.0000E+00  0.0000   0.0000E+00  0.0000   0.0000E+00  0.0000   0.0000E+00  0.0000
   1.0000E-06   1.7783E-06   0.0000E+00  0.0000   0.0000E+00  0.0000   0.0000E+00  0.0000   0.0000E+00  0.0000
   1.7783E-06   3.1623E-06   0.0000E+00  0.0000   0.0000E+00  0.0000   0.0000E+00  0.0000   0.0000E+00  0.0000
   3.1623E-06   5.6234E-06   1.6180E-05  1.0000   0.0000E+00  0.0000   0.0000E+00  0.0000   0.0000E+00  0.0000
   5.6234E-06   1.0000E-05   0.0000E+00  0.0000   0.0000E+00  0.0000   0.0000E+00  0.0000   0.0000E+00  0.0000
   1.0000E-05   1.7783E-05   0.0000E+00  0.0000   0.0000E+00  0.0000   0.0000E+00  0.0000   0.0000E+00  0.0000
   1.7783E-05   3.1623E-05   0.0000E+00  0.0000   0.0000E+00  0.0000   0.0000E+00  0.0000   0.0000E+00  0.0000
   3.1623E-05   5.6234E-05   2.0709E-05  1.0000   0.0000E+00  0.0000   0.0000E+00  0.0000   0.0000E+00  0.0000
   5.6234E-05   1.0000E-04   3.9314E-06  1.0000   0.0000E+00  0.0000   0.0000E+00  0.0000   0.0000E+00  0.0000
   1.0000E-04   1.7783E-04   1.2749E-05  1.0000   9.8043E-21  1.0000   0.0000E+00  0.0000   0.0000E+00  0.0000
   1.7783E-04   3.1623E-04   1.1922E-05  1.0000   0.0000E+00  0.0000   0.0000E+00  0.0000   0.0000E+00  0.0000
   3.1623E-04   5.6234E-04   0.0000E+00  0.0000   0.0000E+00  0.0000   0.0000E+00  0.0000   0.0000E+00  0.0000
   5.6234E-04   1.0000E-03   0.0000E+00  0.0000   0.0000E+00  0.0000   0.0000E+00  0.0000   2.7719E-16  1.0000
   1.0000E-03   1.7783E-03   0.0000E+00  0.0000   1.6608E-11  0.7067   0.0000E+00  0.0000   5.9980E-12  1.0000
   1.7783E-03   3.1623E-03   0.0000E+00  0.0000   8.1140E-12  0.7067   0.0000E+00  0.0000   9.6861E-12  1.0000
   3.1623E-03   5.6234E-03   0.0000E+00  0.0000   1.1988E-11  0.7067   0.0000E+00  0.0000   1.4622E-11  1.0000
   5.6234E-03   1.0000E-02   0.0000E+00  0.0000   1.9227E-11  0.7067   0.0000E+00  0.0000   2.0177E-11  1.0000
   1.0000E-02   1.7783E-02   5.8297E-07  1.0000   3.4475E-11  0.7067   0.0000E+00  0.0000   2.7062E-11  1.0000
   1.7783E-02   3.1623E-02   0.0000E+00  0.0000   7.1175E-11  0.7067   0.0000E+00  0.0000   3.8771E-11  1.0000
   3.1623E-02   5.6234E-02   0.0000E+00  0.0000   1.6628E-10  0.7067   0.0000E+00  0.0000   5.8180E-11  1.0000
   5.6234E-02   1.0000E-01   0.0000E+00  0.0000   4.1663E-10  0.7067   0.0000E+00  0.0000   9.5174E-11  1.0000
   1.0000E-01   1.7783E-01   3.1670E-05  1.0000   1.0694E-09  0.7067   0.0000E+00  0.0000   1.7562E-10  1.0000
   1.7783E-01   3.1623E-01   0.0000E+00  0.0000   2.7974E-09  0.7067   0.0000E+00  0.0000   3.7312E-10  1.0000
   3.1623E-01   5.6234E-01   0.0000E+00  0.0000   7.4983E-09  0.7067   0.0000E+00  0.0000   8.8901E-10  1.0000
   5.6234E-01   1.0000E+00   0.0000E+00  0.0000   2.0566E-08  0.7067   0.0000E+00  0.0000   2.2441E-09  1.0000
   1.0000E+00   1.7783E+00   0.0000E+00  0.0000   5.7587E-08  0.7067   0.0000E+00  0.0000   5.7803E-09  1.0000
   1.7783E+00   3.1623E+00   0.0000E+00  0.0000   1.6380E-07  0.7067   0.0000E+00  0.0000   1.5193E-08  1.0000
   3.1623E+00   5.6234E+00   0.0000E+00  0.0000   4.6293E-07  0.7067   0.0000E+00  0.0000   4.0933E-08  1.0000
   5.6234E+00   1.0000E+01   0.0000E+00  0.0000   1.2896E-06  0.7067   0.0000E+00  0.0000   5.4099E-08  1.0000
   1.0000E+01   1.7783E+01   0.0000E+00  0.0000   3.5112E-06  0.7067   0.0000E+00  0.0000   0.0000E+00  0.0000
   1.7783E+01   3.1623E+01   0.0000E+00  0.0000   1.1028E-05  0.6109   0.0000E+00  0.0000   0.0000E+00  0.0000
   3.1623E+01   5.6234E+01   0.0000E+00  0.0000   3.3614E-05  0.5766   0.0000E+00  0.0000   0.0000E+00  0.0000
   5.6234E+01   1.0000E+02   0.0000E+00  0.0000   1.3471E-04  0.5307   0.0000E+00  0.0000   0.0000E+00  0.0000
   1.0000E+02   1.7783E+02   0.0000E+00  0.0000   8.3167E-05  0.7216   0.0000E+00  0.0000   0.0000E+00  0.0000
   1.7783E+02   3.1623E+02   0.0000E+00  0.0000   1.2579E-04  0.6561   0.0000E+00  0.0000   0.0000E+00  0.0000
   3.1623E+02   5.6234E+02   0.0000E+00  0.0000   2.0358E-04  0.5236   0.0000E+00  0.0000   0.0000E+00  0.0000
   5.6234E+02   1.0000E+03   0.0000E+00  0.0000   6.8963E-04  0.3207   0.0000E+00  0.0000   0.0000E+00  0.0000
   1.0000E+03   1.7783E+03   0.0000E+00  0.0000   4.3764E-04  0.3891   0.0000E+00  0.0000   0.0000E+00  0.0000
   1.7783E+03   3.1623E+03   0.0000E+00  0.0000   7.4319E-04  0.2879   0.0000E+00  0.0000   0.0000E+00  0.0000
   3.1623E+03   5.6234E+03   0.0000E+00  0.0000   8.4788E-04  0.2907   0.0000E+00  0.0000   0.0000E+00  0.0000
   5.6234E+03   1.0000E+04   0.0000E+00  0.0000   6.8478E-04  0.3416   0.0000E+00  0.0000   0.0000E+00  0.0000
   1.0000E+04   1.7783E+04   0.0000E+00  0.0000   7.5267E-04  0.3433   0.0000E+00  0.0000   0.0000E+00  0.0000
   1.7783E+04   3.1623E+04   0.0000E+00  0.0000   8.2221E-05  1.0000   0.0000E+00  0.0000   0.0000E+00  0.0000
   3.1623E+04   5.6234E+04   0.0000E+00  0.0000   0.0000E+00  0.0000   0.0000E+00  0.0000   0.0000E+00  0.0000
   5.6234E+04   1.0000E+05   0.0000E+00  0.0000   0.0000E+00  0.0000   0.0000E+00  0.0000   0.0000E+00  0.0000

#   sum over                 1.2382E-04  1.0000   4.8354E-03  0.1179   0.0000E+00  0.0000   1.1996E-07  1.0000

'no. = 15, (ix,iy,iz) = (  1,  1, 15)'
msuc: {\huge Flux spectra vs depth in concrete}
msdr: {\it plotted by \ANGEL \version}
msdl: {\it calculated by \PHITS  3.36}
wt: s(0.7)
\vspace{-3}
   vol  &=&   2.8800E+07 [cm^3]
  xmin  &=&  -6.0000E+02 [cm]
  xmax  &=&   6.0000E+02 [cm]
  ymin  &=&  -6.0000E+02 [cm]
  ymax  &=&   6.0000E+02 [cm]
  zmin  &=&  -4.2000E+02 [cm]
  zmax  &=&  -4.0000E+02 [cm]
e:

#------------------------------------------------------------------------------
 newpage:
#   no. = 16   ix  =  1   iy  =  1   iz  = 16
#   x = (  -6.0000E+02  -   6.0000E+02  )
#   y = (  -6.0000E+02  -   6.0000E+02  )
#   z = (  -4.0000E+02  -  -3.8000E+02  )

x: Energy [MeV/n]
y: Flux [1/cm^2/source]              
p: xlog ylog afac(0.8) form(0.9)
h: n            x            y(neutron ),hh0l n y(muon-   ),hh0dr n y(muon+   ),hh0ub n y(proton  ),hh0mg n 
#  e-lower      e-upper        neutron   r.err      muon-     r.err      muon+     r.err      proton    r.err 
   1.0000E-10   1.7783E-10   0.0000E+00  0.0000   0.0000E+00  0.0000   0.0000E+00  0.0000   0.0000E+00  0.0000
   1.7783E-10   3.1623E-10   0.0000E+00  0.0000   0.0000E+00  0.0000   0.0000E+00  0.0000   0.0000E+00  0.0000
   3.1623E-10   5.6234E-10   0.0000E+00  0.0000   0.0000E+00  0.0000   0.0000E+00  0.0000   0.0000E+00  0.0000
   5.6234E-10   1.0000E-09   0.0000E+00  0.0000   0.0000E+00  0.0000   0.0000E+00  0.0000   0.0000E+00  0.0000
   1.0000E-09   1.7783E-09   0.0000E+00  0.0000   0.0000E+00  0.0000   0.0000E+00  0.0000   0.0000E+00  0.0000
   1.7783E-09   3.1623E-09   0.0000E+00  0.0000   0.0000E+00  0.0000   0.0000E+00  0.0000   0.0000E+00  0.0000
   3.1623E-09   5.6234E-09   0.0000E+00  0.0000   0.0000E+00  0.0000   0.0000E+00  0.0000   0.0000E+00  0.0000
   5.6234E-09   1.0000E-08   0.0000E+00  0.0000   0.0000E+00  0.0000   0.0000E+00  0.0000   0.0000E+00  0.0000
   1.0000E-08   1.7783E-08   0.0000E+00  0.0000   0.0000E+00  0.0000   0.0000E+00  0.0000   0.0000E+00  0.0000
   1.7783E-08   3.1623E-08   0.0000E+00  0.0000   0.0000E+00  0.0000   0.0000E+00  0.0000   0.0000E+00  0.0000
   3.1623E-08   5.6234E-08   0.0000E+00  0.0000   0.0000E+00  0.0000   0.0000E+00  0.0000   0.0000E+00  0.0000
   5.6234E-08   1.0000E-07   0.0000E+00  0.0000   0.0000E+00  0.0000   0.0000E+00  0.0000   0.0000E+00  0.0000
   1.0000E-07   1.7783E-07   0.0000E+00  0.0000   0.0000E+00  0.0000   0.0000E+00  0.0000   0.0000E+00  0.0000
   1.7783E-07   3.1623E-07   0.0000E+00  0.0000   0.0000E+00  0.0000   0.0000E+00  0.0000   0.0000E+00  0.0000
   3.1623E-07   5.6234E-07   0.0000E+00  0.0000   0.0000E+00  0.0000   0.0000E+00  0.0000   0.0000E+00  0.0000
   5.6234E-07   1.0000E-06   0.0000E+00  0.0000   0.0000E+00  0.0000   0.0000E+00  0.0000   0.0000E+00  0.0000
   1.0000E-06   1.7783E-06   0.0000E+00  0.0000   0.0000E+00  0.0000   0.0000E+00  0.0000   0.0000E+00  0.0000
   1.7783E-06   3.1623E-06   0.0000E+00  0.0000   0.0000E+00  0.0000   0.0000E+00  0.0000   0.0000E+00  0.0000
   3.1623E-06   5.6234E-06   0.0000E+00  0.0000   0.0000E+00  0.0000   0.0000E+00  0.0000   0.0000E+00  0.0000
   5.6234E-06   1.0000E-05   0.0000E+00  0.0000   0.0000E+00  0.0000   0.0000E+00  0.0000   0.0000E+00  0.0000
   1.0000E-05   1.7783E-05   0.0000E+00  0.0000   0.0000E+00  0.0000   0.0000E+00  0.0000   0.0000E+00  0.0000
   1.7783E-05   3.1623E-05   0.0000E+00  0.0000   0.0000E+00  0.0000   0.0000E+00  0.0000   0.0000E+00  0.0000
   3.1623E-05   5.6234E-05   0.0000E+00  0.0000   0.0000E+00  0.0000   0.0000E+00  0.0000   0.0000E+00  0.0000
   5.6234E-05   1.0000E-04   0.0000E+00  0.0000   0.0000E+00  0.0000   0.0000E+00  0.0000   0.0000E+00  0.0000
   1.0000E-04   1.7783E-04   0.0000E+00  0.0000   0.0000E+00  0.0000   0.0000E+00  0.0000   0.0000E+00  0.0000
   1.7783E-04   3.1623E-04   0.0000E+00  0.0000   0.0000E+00  0.0000   0.0000E+00  0.0000   0.0000E+00  0.0000
   3.1623E-04   5.6234E-04   0.0000E+00  0.0000   0.0000E+00  0.0000   0.0000E+00  0.0000   0.0000E+00  0.0000
   5.6234E-04   1.0000E-03   0.0000E+00  0.0000   0.0000E+00  0.0000   0.0000E+00  0.0000   0.0000E+00  0.0000
   1.0000E-03   1.7783E-03   0.0000E+00  0.0000   3.2941E-12  1.0000   0.0000E+00  0.0000   0.0000E+00  0.0000
   1.7783E-03   3.1623E-03   0.0000E+00  0.0000   4.0570E-12  1.0000   0.0000E+00  0.0000   0.0000E+00  0.0000
   3.1623E-03   5.6234E-03   0.0000E+00  0.0000   5.9939E-12  1.0000   0.0000E+00  0.0000   0.0000E+00  0.0000
   5.6234E-03   1.0000E-02   0.0000E+00  0.0000   9.6133E-12  1.0000   0.0000E+00  0.0000   0.0000E+00  0.0000
   1.0000E-02   1.7783E-02   0.0000E+00  0.0000   1.7238E-11  1.0000   0.0000E+00  0.0000   0.0000E+00  0.0000
   1.7783E-02   3.1623E-02   0.0000E+00  0.0000   3.5587E-11  1.0000   0.0000E+00  0.0000   0.0000E+00  0.0000
   3.1623E-02   5.6234E-02   0.0000E+00  0.0000   8.3139E-11  1.0000   0.0000E+00  0.0000   0.0000E+00  0.0000
   5.6234E-02   1.0000E-01   0.0000E+00  0.0000   2.0831E-10  1.0000   0.0000E+00  0.0000   0.0000E+00  0.0000
   1.0000E-01   1.7783E-01   0.0000E+00  0.0000   5.3471E-10  1.0000   0.0000E+00  0.0000   0.0000E+00  0.0000
   1.7783E-01   3.1623E-01   0.0000E+00  0.0000   1.3987E-09  1.0000   0.0000E+00  0.0000   0.0000E+00  0.0000
   3.1623E-01   5.6234E-01   0.0000E+00  0.0000   3.7491E-09  1.0000   0.0000E+00  0.0000   0.0000E+00  0.0000
   5.6234E-01   1.0000E+00   0.0000E+00  0.0000   1.0283E-08  1.0000   0.0000E+00  0.0000   0.0000E+00  0.0000
   1.0000E+00   1.7783E+00   0.0000E+00  0.0000   2.8794E-08  1.0000   0.0000E+00  0.0000   0.0000E+00  0.0000
   1.7783E+00   3.1623E+00   0.0000E+00  0.0000   8.1902E-08  1.0000   0.0000E+00  0.0000   0.0000E+00  0.0000
   3.1623E+00   5.6234E+00   0.0000E+00  0.0000   2.3146E-07  1.0000   0.0000E+00  0.0000   0.0000E+00  0.0000
   5.6234E+00   1.0000E+01   0.0000E+00  0.0000   6.4479E-07  1.0000   0.0000E+00  0.0000   0.0000E+00  0.0000
   1.0000E+01   1.7783E+01   0.0000E+00  0.0000   1.7556E-06  1.0000   0.0000E+00  0.0000   0.0000E+00  0.0000
   1.7783E+01   3.1623E+01   0.0000E+00  0.0000   4.5834E-06  1.0000   0.0000E+00  0.0000   0.0000E+00  0.0000
   3.1623E+01   5.6234E+01   0.0000E+00  0.0000   1.1205E-05  1.0000   0.0000E+00  0.0000   0.0000E+00  0.0000
   5.6234E+01   1.0000E+02   0.0000E+00  0.0000   9.1349E-05  0.7066   0.0000E+00  0.0000   0.0000E+00  0.0000
   1.0000E+02   1.7783E+02   0.0000E+00  0.0000   1.4992E-04  0.5316   0.0000E+00  0.0000   0.0000E+00  0.0000
   1.7783E+02   3.1623E+02   0.0000E+00  0.0000   2.3291E-04  0.4683   0.0000E+00  0.0000   0.0000E+00  0.0000
   3.1623E+02   5.6234E+02   0.0000E+00  0.0000   2.6910E-04  0.4551   0.0000E+00  0.0000   0.0000E+00  0.0000
   5.6234E+02   1.0000E+03   0.0000E+00  0.0000   6.6713E-04  0.3283   0.0000E+00  0.0000   0.0000E+00  0.0000
   1.0000E+03   1.7783E+03   0.0000E+00  0.0000   4.7498E-04  0.3602   0.0000E+00  0.0000   0.0000E+00  0.0000
   1.7783E+03   3.1623E+03   0.0000E+00  0.0000   7.6521E-04  0.2783   0.0000E+00  0.0000   0.0000E+00  0.0000
   3.1623E+03   5.6234E+03   0.0000E+00  0.0000   9.0158E-04  0.2796   0.0000E+00  0.0000   0.0000E+00  0.0000
   5.6234E+03   1.0000E+04   0.0000E+00  0.0000   6.8478E-04  0.3416   0.0000E+00  0.0000   0.0000E+00  0.0000
   1.0000E+04   1.7783E+04   0.0000E+00  0.0000   7.0352E-04  0.3462   0.0000E+00  0.0000   0.0000E+00  0.0000
   1.7783E+04   3.1623E+04   0.0000E+00  0.0000   8.2221E-05  1.0000   0.0000E+00  0.0000   0.0000E+00  0.0000
   3.1623E+04   5.6234E+04   0.0000E+00  0.0000   0.0000E+00  0.0000   0.0000E+00  0.0000   0.0000E+00  0.0000
   5.6234E+04   1.0000E+05   0.0000E+00  0.0000   0.0000E+00  0.0000   0.0000E+00  0.0000   0.0000E+00  0.0000

#   sum over                 0.0000E+00  0.0000   5.0412E-03  0.1159   0.0000E+00  0.0000   0.0000E+00  0.0000

'no. = 16, (ix,iy,iz) = (  1,  1, 16)'
msuc: {\huge Flux spectra vs depth in concrete}
msdr: {\it plotted by \ANGEL \version}
msdl: {\it calculated by \PHITS  3.36}
wt: s(0.7)
\vspace{-3}
   vol  &=&   2.8800E+07 [cm^3]
  xmin  &=&  -6.0000E+02 [cm]
  xmax  &=&   6.0000E+02 [cm]
  ymin  &=&  -6.0000E+02 [cm]
  ymax  &=&   6.0000E+02 [cm]
  zmin  &=&  -4.0000E+02 [cm]
  zmax  &=&  -3.8000E+02 [cm]
e:

#------------------------------------------------------------------------------
 newpage:
#   no. = 17   ix  =  1   iy  =  1   iz  = 17
#   x = (  -6.0000E+02  -   6.0000E+02  )
#   y = (  -6.0000E+02  -   6.0000E+02  )
#   z = (  -3.8000E+02  -  -3.6000E+02  )

x: Energy [MeV/n]
y: Flux [1/cm^2/source]              
p: xlog ylog afac(0.8) form(0.9)
h: n            x            y(neutron ),hh0l n y(muon-   ),hh0dr n y(muon+   ),hh0ub n y(proton  ),hh0mg n 
#  e-lower      e-upper        neutron   r.err      muon-     r.err      muon+     r.err      proton    r.err 
   1.0000E-10   1.7783E-10   0.0000E+00  0.0000   0.0000E+00  0.0000   0.0000E+00  0.0000   0.0000E+00  0.0000
   1.7783E-10   3.1623E-10   0.0000E+00  0.0000   0.0000E+00  0.0000   0.0000E+00  0.0000   0.0000E+00  0.0000
   3.1623E-10   5.6234E-10   0.0000E+00  0.0000   0.0000E+00  0.0000   0.0000E+00  0.0000   0.0000E+00  0.0000
   5.6234E-10   1.0000E-09   0.0000E+00  0.0000   0.0000E+00  0.0000   0.0000E+00  0.0000   0.0000E+00  0.0000
   1.0000E-09   1.7783E-09   0.0000E+00  0.0000   0.0000E+00  0.0000   0.0000E+00  0.0000   0.0000E+00  0.0000
   1.7783E-09   3.1623E-09   0.0000E+00  0.0000   0.0000E+00  0.0000   0.0000E+00  0.0000   0.0000E+00  0.0000
   3.1623E-09   5.6234E-09   0.0000E+00  0.0000   0.0000E+00  0.0000   0.0000E+00  0.0000   0.0000E+00  0.0000
   5.6234E-09   1.0000E-08   4.5382E-08  1.0000   0.0000E+00  0.0000   0.0000E+00  0.0000   0.0000E+00  0.0000
   1.0000E-08   1.7783E-08   0.0000E+00  0.0000   0.0000E+00  0.0000   0.0000E+00  0.0000   0.0000E+00  0.0000
   1.7783E-08   3.1623E-08   1.0211E-06  1.0000   0.0000E+00  0.0000   0.0000E+00  0.0000   0.0000E+00  0.0000
   3.1623E-08   5.6234E-08   2.7705E-06  1.0000   0.0000E+00  0.0000   0.0000E+00  0.0000   0.0000E+00  0.0000
   5.6234E-08   1.0000E-07   4.7963E-06  1.0000   0.0000E+00  0.0000   0.0000E+00  0.0000   0.0000E+00  0.0000
   1.0000E-07   1.7783E-07   0.0000E+00  0.0000   0.0000E+00  0.0000   0.0000E+00  0.0000   0.0000E+00  0.0000
   1.7783E-07   3.1623E-07   0.0000E+00  0.0000   0.0000E+00  0.0000   0.0000E+00  0.0000   0.0000E+00  0.0000
   3.1623E-07   5.6234E-07   0.0000E+00  0.0000   0.0000E+00  0.0000   0.0000E+00  0.0000   0.0000E+00  0.0000
   5.6234E-07   1.0000E-06   0.0000E+00  0.0000   0.0000E+00  0.0000   0.0000E+00  0.0000   0.0000E+00  0.0000
   1.0000E-06   1.7783E-06   0.0000E+00  0.0000   0.0000E+00  0.0000   0.0000E+00  0.0000   0.0000E+00  0.0000
   1.7783E-06   3.1623E-06   0.0000E+00  0.0000   0.0000E+00  0.0000   0.0000E+00  0.0000   0.0000E+00  0.0000
   3.1623E-06   5.6234E-06   0.0000E+00  0.0000   0.0000E+00  0.0000   0.0000E+00  0.0000   0.0000E+00  0.0000
   5.6234E-06   1.0000E-05   0.0000E+00  0.0000   0.0000E+00  0.0000   0.0000E+00  0.0000   0.0000E+00  0.0000
   1.0000E-05   1.7783E-05   0.0000E+00  0.0000   0.0000E+00  0.0000   0.0000E+00  0.0000   0.0000E+00  0.0000
   1.7783E-05   3.1623E-05   0.0000E+00  0.0000   0.0000E+00  0.0000   0.0000E+00  0.0000   0.0000E+00  0.0000
   3.1623E-05   5.6234E-05   0.0000E+00  0.0000   0.0000E+00  0.0000   0.0000E+00  0.0000   0.0000E+00  0.0000
   5.6234E-05   1.0000E-04   0.0000E+00  0.0000   0.0000E+00  0.0000   0.0000E+00  0.0000   0.0000E+00  0.0000
   1.0000E-04   1.7783E-04   0.0000E+00  0.0000   0.0000E+00  0.0000   0.0000E+00  0.0000   0.0000E+00  0.0000
   1.7783E-04   3.1623E-04   0.0000E+00  0.0000   0.0000E+00  0.0000   0.0000E+00  0.0000   0.0000E+00  0.0000
   3.1623E-04   5.6234E-04   0.0000E+00  0.0000   0.0000E+00  0.0000   0.0000E+00  0.0000   0.0000E+00  0.0000
   5.6234E-04   1.0000E-03   0.0000E+00  0.0000   0.0000E+00  0.0000   0.0000E+00  0.0000   0.0000E+00  0.0000
   1.0000E-03   1.7783E-03   0.0000E+00  0.0000   8.2061E-12  1.0000   0.0000E+00  0.0000   0.0000E+00  0.0000
   1.7783E-03   3.1623E-03   0.0000E+00  0.0000   4.0570E-12  1.0000   0.0000E+00  0.0000   0.0000E+00  0.0000
   3.1623E-03   5.6234E-03   0.0000E+00  0.0000   5.9939E-12  1.0000   0.0000E+00  0.0000   0.0000E+00  0.0000
   5.6234E-03   1.0000E-02   0.0000E+00  0.0000   9.6133E-12  1.0000   0.0000E+00  0.0000   0.0000E+00  0.0000
   1.0000E-02   1.7783E-02   0.0000E+00  0.0000   1.7238E-11  1.0000   0.0000E+00  0.0000   0.0000E+00  0.0000
   1.7783E-02   3.1623E-02   0.0000E+00  0.0000   3.5587E-11  1.0000   0.0000E+00  0.0000   0.0000E+00  0.0000
   3.1623E-02   5.6234E-02   0.0000E+00  0.0000   8.3139E-11  1.0000   0.0000E+00  0.0000   0.0000E+00  0.0000
   5.6234E-02   1.0000E-01   0.0000E+00  0.0000   2.0831E-10  1.0000   0.0000E+00  0.0000   0.0000E+00  0.0000
   1.0000E-01   1.7783E-01   0.0000E+00  0.0000   5.3471E-10  1.0000   0.0000E+00  0.0000   0.0000E+00  0.0000
   1.7783E-01   3.1623E-01   0.0000E+00  0.0000   1.3987E-09  1.0000   0.0000E+00  0.0000   0.0000E+00  0.0000
   3.1623E-01   5.6234E-01   0.0000E+00  0.0000   3.7491E-09  1.0000   0.0000E+00  0.0000   0.0000E+00  0.0000
   5.6234E-01   1.0000E+00   0.0000E+00  0.0000   1.0283E-08  1.0000   0.0000E+00  0.0000   0.0000E+00  0.0000
   1.0000E+00   1.7783E+00   0.0000E+00  0.0000   2.8794E-08  1.0000   0.0000E+00  0.0000   0.0000E+00  0.0000
   1.7783E+00   3.1623E+00   0.0000E+00  0.0000   8.1902E-08  1.0000   0.0000E+00  0.0000   0.0000E+00  0.0000
   3.1623E+00   5.6234E+00   0.0000E+00  0.0000   2.3146E-07  1.0000   0.0000E+00  0.0000   0.0000E+00  0.0000
   5.6234E+00   1.0000E+01   0.0000E+00  0.0000   6.4479E-07  1.0000   0.0000E+00  0.0000   0.0000E+00  0.0000
   1.0000E+01   1.7783E+01   0.0000E+00  0.0000   1.7556E-06  1.0000   0.0000E+00  0.0000   0.0000E+00  0.0000
   1.7783E+01   3.1623E+01   0.0000E+00  0.0000   4.5834E-06  1.0000   0.0000E+00  0.0000   0.0000E+00  0.0000
   3.1623E+01   5.6234E+01   0.0000E+00  0.0000   1.1205E-05  1.0000   0.0000E+00  0.0000   0.0000E+00  0.0000
   5.6234E+01   1.0000E+02   0.0000E+00  0.0000   8.4164E-05  0.7623   0.0000E+00  0.0000   0.0000E+00  0.0000
   1.0000E+02   1.7783E+02   0.0000E+00  0.0000   2.4623E-05  0.8761   0.0000E+00  0.0000   0.0000E+00  0.0000
   1.7783E+02   3.1623E+02   0.0000E+00  0.0000   2.1448E-04  0.4747   0.0000E+00  0.0000   0.0000E+00  0.0000
   3.1623E+02   5.6234E+02   0.0000E+00  0.0000   3.4514E-04  0.3711   0.0000E+00  0.0000   0.0000E+00  0.0000
   5.6234E+02   1.0000E+03   0.0000E+00  0.0000   4.8865E-04  0.3273   0.0000E+00  0.0000   0.0000E+00  0.0000
   1.0000E+03   1.7783E+03   0.0000E+00  0.0000   6.6957E-04  0.2999   0.0000E+00  0.0000   0.0000E+00  0.0000
   1.7783E+03   3.1623E+03   0.0000E+00  0.0000   8.3370E-04  0.2794   0.0000E+00  0.0000   0.0000E+00  0.0000
   3.1623E+03   5.6234E+03   0.0000E+00  0.0000   9.2092E-04  0.2751   0.0000E+00  0.0000   0.0000E+00  0.0000
   5.6234E+03   1.0000E+04   0.0000E+00  0.0000   6.8478E-04  0.3416   0.0000E+00  0.0000   0.0000E+00  0.0000
   1.0000E+04   1.7783E+04   0.0000E+00  0.0000   5.7624E-04  0.3931   0.0000E+00  0.0000   0.0000E+00  0.0000
   1.7783E+04   3.1623E+04   0.0000E+00  0.0000   8.2221E-05  1.0000   0.0000E+00  0.0000   0.0000E+00  0.0000
   3.1623E+04   5.6234E+04   0.0000E+00  0.0000   0.0000E+00  0.0000   0.0000E+00  0.0000   0.0000E+00  0.0000
   5.6234E+04   1.0000E+05   0.0000E+00  0.0000   6.0757E-05  1.0000   0.0000E+00  0.0000   0.0000E+00  0.0000

#   sum over                 8.6334E-06  1.0000   5.0038E-03  0.1154   0.0000E+00  0.0000   0.0000E+00  0.0000

'no. = 17, (ix,iy,iz) = (  1,  1, 17)'
msuc: {\huge Flux spectra vs depth in concrete}
msdr: {\it plotted by \ANGEL \version}
msdl: {\it calculated by \PHITS  3.36}
wt: s(0.7)
\vspace{-3}
   vol  &=&   2.8800E+07 [cm^3]
  xmin  &=&  -6.0000E+02 [cm]
  xmax  &=&   6.0000E+02 [cm]
  ymin  &=&  -6.0000E+02 [cm]
  ymax  &=&   6.0000E+02 [cm]
  zmin  &=&  -3.8000E+02 [cm]
  zmax  &=&  -3.6000E+02 [cm]
e:

#------------------------------------------------------------------------------
 newpage:
#   no. = 18   ix  =  1   iy  =  1   iz  = 18
#   x = (  -6.0000E+02  -   6.0000E+02  )
#   y = (  -6.0000E+02  -   6.0000E+02  )
#   z = (  -3.6000E+02  -  -3.4000E+02  )

x: Energy [MeV/n]
y: Flux [1/cm^2/source]              
p: xlog ylog afac(0.8) form(0.9)
h: n            x            y(neutron ),hh0l n y(muon-   ),hh0dr n y(muon+   ),hh0ub n y(proton  ),hh0mg n 
#  e-lower      e-upper        neutron   r.err      muon-     r.err      muon+     r.err      proton    r.err 
   1.0000E-10   1.7783E-10   0.0000E+00  0.0000   0.0000E+00  0.0000   0.0000E+00  0.0000   0.0000E+00  0.0000
   1.7783E-10   3.1623E-10   0.0000E+00  0.0000   0.0000E+00  0.0000   0.0000E+00  0.0000   0.0000E+00  0.0000
   3.1623E-10   5.6234E-10   0.0000E+00  0.0000   0.0000E+00  0.0000   0.0000E+00  0.0000   0.0000E+00  0.0000
   5.6234E-10   1.0000E-09   0.0000E+00  0.0000   0.0000E+00  0.0000   0.0000E+00  0.0000   0.0000E+00  0.0000
   1.0000E-09   1.7783E-09   0.0000E+00  0.0000   0.0000E+00  0.0000   0.0000E+00  0.0000   0.0000E+00  0.0000
   1.7783E-09   3.1623E-09   0.0000E+00  0.0000   0.0000E+00  0.0000   0.0000E+00  0.0000   0.0000E+00  0.0000
   3.1623E-09   5.6234E-09   2.6740E-07  1.0000   0.0000E+00  0.0000   0.0000E+00  0.0000   0.0000E+00  0.0000
   5.6234E-09   1.0000E-08   0.0000E+00  0.0000   0.0000E+00  0.0000   0.0000E+00  0.0000   0.0000E+00  0.0000
   1.0000E-08   1.7783E-08   0.0000E+00  0.0000   0.0000E+00  0.0000   0.0000E+00  0.0000   0.0000E+00  0.0000
   1.7783E-08   3.1623E-08   9.5016E-07  1.0000   0.0000E+00  0.0000   0.0000E+00  0.0000   0.0000E+00  0.0000
   3.1623E-08   5.6234E-08   3.4774E-07  1.0000   0.0000E+00  0.0000   0.0000E+00  0.0000   0.0000E+00  0.0000
   5.6234E-08   1.0000E-07   5.9237E-07  1.0000   0.0000E+00  0.0000   0.0000E+00  0.0000   0.0000E+00  0.0000
   1.0000E-07   1.7783E-07   8.2314E-07  1.0000   0.0000E+00  0.0000   0.0000E+00  0.0000   0.0000E+00  0.0000
   1.7783E-07   3.1623E-07   0.0000E+00  0.0000   0.0000E+00  0.0000   0.0000E+00  0.0000   0.0000E+00  0.0000
   3.1623E-07   5.6234E-07   0.0000E+00  0.0000   0.0000E+00  0.0000   0.0000E+00  0.0000   0.0000E+00  0.0000
   5.6234E-07   1.0000E-06   0.0000E+00  0.0000   0.0000E+00  0.0000   0.0000E+00  0.0000   0.0000E+00  0.0000
   1.0000E-06   1.7783E-06   0.0000E+00  0.0000   0.0000E+00  0.0000   0.0000E+00  0.0000   0.0000E+00  0.0000
   1.7783E-06   3.1623E-06   0.0000E+00  0.0000   0.0000E+00  0.0000   0.0000E+00  0.0000   0.0000E+00  0.0000
   3.1623E-06   5.6234E-06   0.0000E+00  0.0000   0.0000E+00  0.0000   0.0000E+00  0.0000   0.0000E+00  0.0000
   5.6234E-06   1.0000E-05   0.0000E+00  0.0000   0.0000E+00  0.0000   0.0000E+00  0.0000   0.0000E+00  0.0000
   1.0000E-05   1.7783E-05   0.0000E+00  0.0000   0.0000E+00  0.0000   0.0000E+00  0.0000   0.0000E+00  0.0000
   1.7783E-05   3.1623E-05   0.0000E+00  0.0000   0.0000E+00  0.0000   0.0000E+00  0.0000   0.0000E+00  0.0000
   3.1623E-05   5.6234E-05   0.0000E+00  0.0000   0.0000E+00  0.0000   0.0000E+00  0.0000   0.0000E+00  0.0000
   5.6234E-05   1.0000E-04   0.0000E+00  0.0000   0.0000E+00  0.0000   0.0000E+00  0.0000   0.0000E+00  0.0000
   1.0000E-04   1.7783E-04   0.0000E+00  0.0000   5.0719E-21  1.0000   0.0000E+00  0.0000   0.0000E+00  0.0000
   1.7783E-04   3.1623E-04   0.0000E+00  0.0000   0.0000E+00  0.0000   0.0000E+00  0.0000   0.0000E+00  0.0000
   3.1623E-04   5.6234E-04   0.0000E+00  0.0000   5.3753E-21  1.0000   0.0000E+00  0.0000   0.0000E+00  0.0000
   5.6234E-04   1.0000E-03   0.0000E+00  0.0000   0.0000E+00  0.0000   0.0000E+00  0.0000   0.0000E+00  0.0000
   1.0000E-03   1.7783E-03   2.0750E-06  1.0000   4.7614E-11  0.4082   0.0000E+00  0.0000   5.9980E-12  1.0000
   1.7783E-03   3.1623E-03   7.3288E-06  1.0000   2.4342E-11  0.4070   0.0000E+00  0.0000   9.6861E-12  1.0000
   3.1623E-03   5.6234E-03   0.0000E+00  0.0000   3.5964E-11  0.4070   0.0000E+00  0.0000   1.4622E-11  1.0000
   5.6234E-03   1.0000E-02   9.0360E-06  1.0000   5.7680E-11  0.4070   0.0000E+00  0.0000   2.0177E-11  1.0000
   1.0000E-02   1.7783E-02   1.9697E-06  1.0000   1.0343E-10  0.4070   0.0000E+00  0.0000   2.7062E-11  1.0000
   1.7783E-02   3.1623E-02   1.8257E-05  1.0000   2.1352E-10  0.4070   0.0000E+00  0.0000   3.8771E-11  1.0000
   3.1623E-02   5.6234E-02   3.2663E-07  1.0000   4.9883E-10  0.4070   0.0000E+00  0.0000   5.8180E-11  1.0000
   5.6234E-02   1.0000E-01   1.6793E-06  1.0000   1.2499E-09  0.4070   0.0000E+00  0.0000   9.5174E-11  1.0000
   1.0000E-01   1.7783E-01   0.0000E+00  0.0000   3.2083E-09  0.4070   0.0000E+00  0.0000   1.7562E-10  1.0000
   1.7783E-01   3.1623E-01   0.0000E+00  0.0000   8.3922E-09  0.4070   0.0000E+00  0.0000   3.7312E-10  1.0000
   3.1623E-01   5.6234E-01   0.0000E+00  0.0000   2.2495E-08  0.4070   0.0000E+00  0.0000   8.8901E-10  1.0000
   5.6234E-01   1.0000E+00   0.0000E+00  0.0000   6.1697E-08  0.4070   0.0000E+00  0.0000   2.2441E-09  1.0000
   1.0000E+00   1.7783E+00   8.9074E-06  1.0000   1.7276E-07  0.4070   0.0000E+00  0.0000   5.7803E-09  1.0000
   1.7783E+00   3.1623E+00   4.2527E-05  0.7111   4.9141E-07  0.4070   0.0000E+00  0.0000   1.5193E-08  1.0000
   3.1623E+00   5.6234E+00   0.0000E+00  0.0000   1.3888E-06  0.4070   0.0000E+00  0.0000   4.0933E-08  1.0000
   5.6234E+00   1.0000E+01   0.0000E+00  0.0000   3.8687E-06  0.4070   0.0000E+00  0.0000   7.9384E-08  1.0000
   1.0000E+01   1.7783E+01   0.0000E+00  0.0000   1.0533E-05  0.4070   0.0000E+00  0.0000   0.0000E+00  0.0000
   1.7783E+01   3.1623E+01   0.0000E+00  0.0000   2.6193E-05  0.4095   0.0000E+00  0.0000   0.0000E+00  0.0000
   3.1623E+01   5.6234E+01   0.0000E+00  0.0000   4.9321E-05  0.4524   0.0000E+00  0.0000   0.0000E+00  0.0000
   5.6234E+01   1.0000E+02   0.0000E+00  0.0000   1.0173E-04  0.6421   0.0000E+00  0.0000   0.0000E+00  0.0000
   1.0000E+02   1.7783E+02   0.0000E+00  0.0000   5.8009E-05  0.8395   0.0000E+00  0.0000   0.0000E+00  0.0000
   1.7783E+02   3.1623E+02   0.0000E+00  0.0000   5.5752E-05  0.7942   0.0000E+00  0.0000   0.0000E+00  0.0000
   3.1623E+02   5.6234E+02   0.0000E+00  0.0000   5.1940E-04  0.3686   0.0000E+00  0.0000   0.0000E+00  0.0000
   5.6234E+02   1.0000E+03   0.0000E+00  0.0000   4.2014E-04  0.3592   0.0000E+00  0.0000   0.0000E+00  0.0000
   1.0000E+03   1.7783E+03   0.0000E+00  0.0000   6.3764E-04  0.3107   0.0000E+00  0.0000   0.0000E+00  0.0000
   1.7783E+03   3.1623E+03   0.0000E+00  0.0000   9.0951E-04  0.2666   0.0000E+00  0.0000   0.0000E+00  0.0000
   3.1623E+03   5.6234E+03   0.0000E+00  0.0000   9.8286E-04  0.2647   0.0000E+00  0.0000   0.0000E+00  0.0000
   5.6234E+03   1.0000E+04   0.0000E+00  0.0000   6.7207E-04  0.3420   0.0000E+00  0.0000   0.0000E+00  0.0000
   1.0000E+04   1.7783E+04   0.0000E+00  0.0000   5.7624E-04  0.3931   0.0000E+00  0.0000   0.0000E+00  0.0000
   1.7783E+04   3.1623E+04   0.0000E+00  0.0000   5.9914E-05  1.0000   0.0000E+00  0.0000   0.0000E+00  0.0000
   3.1623E+04   5.6234E+04   0.0000E+00  0.0000   0.0000E+00  0.0000   0.0000E+00  0.0000   0.0000E+00  0.0000
   5.6234E+04   1.0000E+05   0.0000E+00  0.0000   6.3126E-05  1.0000   0.0000E+00  0.0000   0.0000E+00  0.0000

#   sum over                 9.5088E-05  0.5977   5.1485E-03  0.1118   0.0000E+00  0.0000   1.4524E-07  1.0000

'no. = 18, (ix,iy,iz) = (  1,  1, 18)'
msuc: {\huge Flux spectra vs depth in concrete}
msdr: {\it plotted by \ANGEL \version}
msdl: {\it calculated by \PHITS  3.36}
wt: s(0.7)
\vspace{-3}
   vol  &=&   2.8800E+07 [cm^3]
  xmin  &=&  -6.0000E+02 [cm]
  xmax  &=&   6.0000E+02 [cm]
  ymin  &=&  -6.0000E+02 [cm]
  ymax  &=&   6.0000E+02 [cm]
  zmin  &=&  -3.6000E+02 [cm]
  zmax  &=&  -3.4000E+02 [cm]
e:

#------------------------------------------------------------------------------
 newpage:
#   no. = 19   ix  =  1   iy  =  1   iz  = 19
#   x = (  -6.0000E+02  -   6.0000E+02  )
#   y = (  -6.0000E+02  -   6.0000E+02  )
#   z = (  -3.4000E+02  -  -3.2000E+02  )

x: Energy [MeV/n]
y: Flux [1/cm^2/source]              
p: xlog ylog afac(0.8) form(0.9)
h: n            x            y(neutron ),hh0l n y(muon-   ),hh0dr n y(muon+   ),hh0ub n y(proton  ),hh0mg n 
#  e-lower      e-upper        neutron   r.err      muon-     r.err      muon+     r.err      proton    r.err 
   1.0000E-10   1.7783E-10   0.0000E+00  0.0000   0.0000E+00  0.0000   0.0000E+00  0.0000   0.0000E+00  0.0000
   1.7783E-10   3.1623E-10   0.0000E+00  0.0000   0.0000E+00  0.0000   0.0000E+00  0.0000   0.0000E+00  0.0000
   3.1623E-10   5.6234E-10   0.0000E+00  0.0000   0.0000E+00  0.0000   0.0000E+00  0.0000   0.0000E+00  0.0000
   5.6234E-10   1.0000E-09   1.2827E-06  1.0000   0.0000E+00  0.0000   0.0000E+00  0.0000   0.0000E+00  0.0000
   1.0000E-09   1.7783E-09   1.3075E-06  1.0000   0.0000E+00  0.0000   0.0000E+00  0.0000   0.0000E+00  0.0000
   1.7783E-09   3.1623E-09   1.3828E-06  0.8823   0.0000E+00  0.0000   0.0000E+00  0.0000   0.0000E+00  0.0000
   3.1623E-09   5.6234E-09   1.4385E-05  0.7453   0.0000E+00  0.0000   0.0000E+00  0.0000   0.0000E+00  0.0000
   5.6234E-09   1.0000E-08   9.7579E-06  0.7314   0.0000E+00  0.0000   0.0000E+00  0.0000   0.0000E+00  0.0000
   1.0000E-08   1.7783E-08   4.0620E-05  0.8290   0.0000E+00  0.0000   0.0000E+00  0.0000   0.0000E+00  0.0000
   1.7783E-08   3.1623E-08   5.4805E-05  0.9108   0.0000E+00  0.0000   0.0000E+00  0.0000   0.0000E+00  0.0000
   3.1623E-08   5.6234E-08   6.6829E-05  0.7100   0.0000E+00  0.0000   0.0000E+00  0.0000   0.0000E+00  0.0000
   5.6234E-08   1.0000E-07   7.8327E-05  0.7155   0.0000E+00  0.0000   0.0000E+00  0.0000   0.0000E+00  0.0000
   1.0000E-07   1.7783E-07   4.8752E-05  0.9929   0.0000E+00  0.0000   0.0000E+00  0.0000   0.0000E+00  0.0000
   1.7783E-07   3.1623E-07   3.2549E-05  1.0000   0.0000E+00  0.0000   0.0000E+00  0.0000   0.0000E+00  0.0000
   3.1623E-07   5.6234E-07   0.0000E+00  0.0000   0.0000E+00  0.0000   0.0000E+00  0.0000   0.0000E+00  0.0000
   5.6234E-07   1.0000E-06   0.0000E+00  0.0000   0.0000E+00  0.0000   0.0000E+00  0.0000   0.0000E+00  0.0000
   1.0000E-06   1.7783E-06   2.1336E-05  1.0000   0.0000E+00  0.0000   0.0000E+00  0.0000   0.0000E+00  0.0000
   1.7783E-06   3.1623E-06   0.0000E+00  0.0000   0.0000E+00  0.0000   0.0000E+00  0.0000   0.0000E+00  0.0000
   3.1623E-06   5.6234E-06   2.1597E-05  0.8796   0.0000E+00  0.0000   0.0000E+00  0.0000   0.0000E+00  0.0000
   5.6234E-06   1.0000E-05   5.3344E-06  1.0000   0.0000E+00  0.0000   0.0000E+00  0.0000   0.0000E+00  0.0000
   1.0000E-05   1.7783E-05   8.1359E-06  1.0000   0.0000E+00  0.0000   0.0000E+00  0.0000   0.0000E+00  0.0000
   1.7783E-05   3.1623E-05   2.4054E-05  0.9465   0.0000E+00  0.0000   0.0000E+00  0.0000   0.0000E+00  0.0000
   3.1623E-05   5.6234E-05   5.5431E-07  1.0000   0.0000E+00  0.0000   0.0000E+00  0.0000   0.0000E+00  0.0000
   5.6234E-05   1.0000E-04   0.0000E+00  0.0000   0.0000E+00  0.0000   0.0000E+00  0.0000   0.0000E+00  0.0000
   1.0000E-04   1.7783E-04   1.2122E-05  1.0000   4.0379E-21  1.0000   0.0000E+00  0.0000   0.0000E+00  0.0000
   1.7783E-04   3.1623E-04   8.6237E-06  1.0000   0.0000E+00  0.0000   0.0000E+00  0.0000   0.0000E+00  0.0000
   3.1623E-04   5.6234E-04   8.3062E-06  1.0000   0.0000E+00  0.0000   0.0000E+00  0.0000   0.0000E+00  0.0000
   5.6234E-04   1.0000E-03   9.1292E-06  1.0000   0.0000E+00  0.0000   0.0000E+00  0.0000   0.0000E+00  0.0000
   1.0000E-03   1.7783E-03   8.6653E-06  1.0000   3.2636E-11  0.4992   0.0000E+00  0.0000   0.0000E+00  0.0000
   1.7783E-03   3.1623E-03   1.2888E-06  1.0000   1.6228E-11  0.4991   0.0000E+00  0.0000   0.0000E+00  0.0000
   3.1623E-03   5.6234E-03   4.0711E-06  1.0000   2.3976E-11  0.4991   0.0000E+00  0.0000   0.0000E+00  0.0000
   5.6234E-03   1.0000E-02   3.6759E-07  1.0000   3.8453E-11  0.4991   0.0000E+00  0.0000   0.0000E+00  0.0000
   1.0000E-02   1.7783E-02   0.0000E+00  0.0000   6.8950E-11  0.4991   0.0000E+00  0.0000   0.0000E+00  0.0000
   1.7783E-02   3.1623E-02   0.0000E+00  0.0000   1.4235E-10  0.4991   0.0000E+00  0.0000   0.0000E+00  0.0000
   3.1623E-02   5.6234E-02   1.0763E-05  1.0000   3.3255E-10  0.4991   0.0000E+00  0.0000   0.0000E+00  0.0000
   5.6234E-02   1.0000E-01   9.8224E-06  1.0000   8.3326E-10  0.4991   0.0000E+00  0.0000   0.0000E+00  0.0000
   1.0000E-01   1.7783E-01   1.1425E-05  1.0000   2.1389E-09  0.4991   0.0000E+00  0.0000   0.0000E+00  0.0000
   1.7783E-01   3.1623E-01   0.0000E+00  0.0000   5.5948E-09  0.4991   0.0000E+00  0.0000   0.0000E+00  0.0000
   3.1623E-01   5.6234E-01   0.0000E+00  0.0000   1.4997E-08  0.4991   0.0000E+00  0.0000   0.0000E+00  0.0000
   5.6234E-01   1.0000E+00   6.9624E-05  0.9389   4.1132E-08  0.4991   0.0000E+00  0.0000   0.0000E+00  0.0000
   1.0000E+00   1.7783E+00   1.9831E-05  0.8355   1.1517E-07  0.4991   0.0000E+00  0.0000   0.0000E+00  0.0000
   1.7783E+00   3.1623E+00   4.4250E-05  0.9091   3.2761E-07  0.4991   0.0000E+00  0.0000   0.0000E+00  0.0000
   3.1623E+00   5.6234E+00   0.0000E+00  0.0000   9.2585E-07  0.4991   0.0000E+00  0.0000   0.0000E+00  0.0000
   5.6234E+00   1.0000E+01   0.0000E+00  0.0000   2.5791E-06  0.4991   0.0000E+00  0.0000   0.0000E+00  0.0000
   1.0000E+01   1.7783E+01   7.1607E-05  1.0000   7.0223E-06  0.4991   0.0000E+00  0.0000   0.0000E+00  0.0000
   1.7783E+01   3.1623E+01   0.0000E+00  0.0000   1.9641E-05  0.4704   0.0000E+00  0.0000   0.0000E+00  0.0000
   3.1623E+01   5.6234E+01   0.0000E+00  0.0000   6.2726E-05  0.4053   0.0000E+00  0.0000   0.0000E+00  0.0000
   5.6234E+01   1.0000E+02   0.0000E+00  0.0000   2.3786E-04  0.3601   0.0000E+00  0.0000   0.0000E+00  0.0000
   1.0000E+02   1.7783E+02   0.0000E+00  0.0000   1.9166E-04  0.4377   0.0000E+00  0.0000   0.0000E+00  0.0000
   1.7783E+02   3.1623E+02   0.0000E+00  0.0000   6.1174E-05  1.0000   0.0000E+00  0.0000   0.0000E+00  0.0000
   3.1623E+02   5.6234E+02   0.0000E+00  0.0000   2.5318E-04  0.4818   0.0000E+00  0.0000   0.0000E+00  0.0000
   5.6234E+02   1.0000E+03   0.0000E+00  0.0000   6.9013E-04  0.3016   0.0000E+00  0.0000   0.0000E+00  0.0000
   1.0000E+03   1.7783E+03   0.0000E+00  0.0000   6.3748E-04  0.3434   0.0000E+00  0.0000   0.0000E+00  0.0000
   1.7783E+03   3.1623E+03   0.0000E+00  0.0000   9.6250E-04  0.2549   0.0000E+00  0.0000   0.0000E+00  0.0000
   3.1623E+03   5.6234E+03   0.0000E+00  0.0000   1.0489E-03  0.2544   0.0000E+00  0.0000   0.0000E+00  0.0000
   5.6234E+03   1.0000E+04   0.0000E+00  0.0000   6.0568E-04  0.3620   0.0000E+00  0.0000   0.0000E+00  0.0000
   1.0000E+04   1.7783E+04   0.0000E+00  0.0000   5.7625E-04  0.3931   0.0000E+00  0.0000   0.0000E+00  0.0000
   1.7783E+04   3.1623E+04   0.0000E+00  0.0000   0.0000E+00  0.0000   0.0000E+00  0.0000   0.0000E+00  0.0000
   3.1623E+04   5.6234E+04   0.0000E+00  0.0000   0.0000E+00  0.0000   0.0000E+00  0.0000   0.0000E+00  0.0000
   5.6234E+04   1.0000E+05   0.0000E+00  0.0000   6.3126E-05  1.0000   0.0000E+00  0.0000   0.0000E+00  0.0000

#   sum over                 7.2091E-04  0.5655   5.4214E-03  0.1109   0.0000E+00  0.0000   0.0000E+00  0.0000

'no. = 19, (ix,iy,iz) = (  1,  1, 19)'
msuc: {\huge Flux spectra vs depth in concrete}
msdr: {\it plotted by \ANGEL \version}
msdl: {\it calculated by \PHITS  3.36}
wt: s(0.7)
\vspace{-3}
   vol  &=&   2.8800E+07 [cm^3]
  xmin  &=&  -6.0000E+02 [cm]
  xmax  &=&   6.0000E+02 [cm]
  ymin  &=&  -6.0000E+02 [cm]
  ymax  &=&   6.0000E+02 [cm]
  zmin  &=&  -3.4000E+02 [cm]
  zmax  &=&  -3.2000E+02 [cm]
e:

#------------------------------------------------------------------------------
 newpage:
#   no. = 20   ix  =  1   iy  =  1   iz  = 20
#   x = (  -6.0000E+02  -   6.0000E+02  )
#   y = (  -6.0000E+02  -   6.0000E+02  )
#   z = (  -3.2000E+02  -  -3.0000E+02  )

x: Energy [MeV/n]
y: Flux [1/cm^2/source]              
p: xlog ylog afac(0.8) form(0.9)
h: n            x            y(neutron ),hh0l n y(muon-   ),hh0dr n y(muon+   ),hh0ub n y(proton  ),hh0mg n 
#  e-lower      e-upper        neutron   r.err      muon-     r.err      muon+     r.err      proton    r.err 
   1.0000E-10   1.7783E-10   0.0000E+00  0.0000   0.0000E+00  0.0000   0.0000E+00  0.0000   0.0000E+00  0.0000
   1.7783E-10   3.1623E-10   0.0000E+00  0.0000   0.0000E+00  0.0000   0.0000E+00  0.0000   0.0000E+00  0.0000
   3.1623E-10   5.6234E-10   0.0000E+00  0.0000   0.0000E+00  0.0000   0.0000E+00  0.0000   0.0000E+00  0.0000
   5.6234E-10   1.0000E-09   1.1721E-06  1.0000   0.0000E+00  0.0000   0.0000E+00  0.0000   0.0000E+00  0.0000
   1.0000E-09   1.7783E-09   0.0000E+00  0.0000   0.0000E+00  0.0000   0.0000E+00  0.0000   0.0000E+00  0.0000
   1.7783E-09   3.1623E-09   3.5602E-06  1.0000   0.0000E+00  0.0000   0.0000E+00  0.0000   0.0000E+00  0.0000
   3.1623E-09   5.6234E-09   1.1644E-05  0.6674   0.0000E+00  0.0000   0.0000E+00  0.0000   0.0000E+00  0.0000
   5.6234E-09   1.0000E-08   2.5525E-05  0.5875   0.0000E+00  0.0000   0.0000E+00  0.0000   0.0000E+00  0.0000
   1.0000E-08   1.7783E-08   6.2448E-05  0.6380   0.0000E+00  0.0000   0.0000E+00  0.0000   0.0000E+00  0.0000
   1.7783E-08   3.1623E-08   1.2530E-04  0.5180   0.0000E+00  0.0000   0.0000E+00  0.0000   0.0000E+00  0.0000
   3.1623E-08   5.6234E-08   1.3759E-04  0.5478   0.0000E+00  0.0000   0.0000E+00  0.0000   0.0000E+00  0.0000
   5.6234E-08   1.0000E-07   1.7948E-04  0.5213   0.0000E+00  0.0000   0.0000E+00  0.0000   0.0000E+00  0.0000
   1.0000E-07   1.7783E-07   1.0259E-04  0.5597   0.0000E+00  0.0000   0.0000E+00  0.0000   0.0000E+00  0.0000
   1.7783E-07   3.1623E-07   2.3772E-05  0.8136   0.0000E+00  0.0000   0.0000E+00  0.0000   0.0000E+00  0.0000
   3.1623E-07   5.6234E-07   9.2337E-06  0.9782   0.0000E+00  0.0000   0.0000E+00  0.0000   0.0000E+00  0.0000
   5.6234E-07   1.0000E-06   1.1663E-05  0.8526   0.0000E+00  0.0000   0.0000E+00  0.0000   0.0000E+00  0.0000
   1.0000E-06   1.7783E-06   4.2328E-05  0.4976   0.0000E+00  0.0000   0.0000E+00  0.0000   0.0000E+00  0.0000
   1.7783E-06   3.1623E-06   1.3605E-05  0.7905   0.0000E+00  0.0000   0.0000E+00  0.0000   0.0000E+00  0.0000
   3.1623E-06   5.6234E-06   3.8217E-05  0.7103   0.0000E+00  0.0000   0.0000E+00  0.0000   0.0000E+00  0.0000
   5.6234E-06   1.0000E-05   3.5175E-08  1.0000   0.0000E+00  0.0000   0.0000E+00  0.0000   0.0000E+00  0.0000
   1.0000E-05   1.7783E-05   2.1716E-05  1.0000   0.0000E+00  0.0000   0.0000E+00  0.0000   0.0000E+00  0.0000
   1.7783E-05   3.1623E-05   4.2897E-05  0.5698   0.0000E+00  0.0000   0.0000E+00  0.0000   0.0000E+00  0.0000
   3.1623E-05   5.6234E-05   5.7149E-06  0.9777   0.0000E+00  0.0000   0.0000E+00  0.0000   0.0000E+00  0.0000
   5.6234E-05   1.0000E-04   0.0000E+00  0.0000   0.0000E+00  0.0000   0.0000E+00  0.0000   0.0000E+00  0.0000
   1.0000E-04   1.7783E-04   1.2603E-05  0.8715   9.8043E-21  1.0000   0.0000E+00  0.0000   0.0000E+00  0.0000
   1.7783E-04   3.1623E-04   4.6384E-05  0.5114   0.0000E+00  0.0000   0.0000E+00  0.0000   0.0000E+00  0.0000
   3.1623E-04   5.6234E-04   5.2701E-05  0.7762   0.0000E+00  0.0000   0.0000E+00  0.0000   0.0000E+00  0.0000
   5.6234E-04   1.0000E-03   3.2282E-05  1.0000   0.0000E+00  0.0000   0.0000E+00  0.0000   0.0000E+00  0.0000
   1.0000E-03   1.7783E-03   2.3908E-05  0.8761   2.4912E-11  0.5766   0.0000E+00  0.0000   0.0000E+00  0.0000
   1.7783E-03   3.1623E-03   2.3410E-05  0.7269   1.2171E-11  0.5766   0.0000E+00  0.0000   0.0000E+00  0.0000
   3.1623E-03   5.6234E-03   0.0000E+00  0.0000   1.7982E-11  0.5766   0.0000E+00  0.0000   0.0000E+00  0.0000
   5.6234E-03   1.0000E-02   1.7509E-05  0.8789   2.8840E-11  0.5766   0.0000E+00  0.0000   0.0000E+00  0.0000
   1.0000E-02   1.7783E-02   5.3944E-07  1.0000   5.1713E-11  0.5766   0.0000E+00  0.0000   0.0000E+00  0.0000
   1.7783E-02   3.1623E-02   5.4251E-05  0.8091   1.0676E-10  0.5766   0.0000E+00  0.0000   0.0000E+00  0.0000
   3.1623E-02   5.6234E-02   5.9157E-05  0.5458   2.4942E-10  0.5766   0.0000E+00  0.0000   0.0000E+00  0.0000
   5.6234E-02   1.0000E-01   5.3995E-05  0.6219   6.2494E-10  0.5766   0.0000E+00  0.0000   0.0000E+00  0.0000
   1.0000E-01   1.7783E-01   8.0980E-05  0.6556   1.6041E-09  0.5766   0.0000E+00  0.0000   0.0000E+00  0.0000
   1.7783E-01   3.1623E-01   5.8536E-05  0.6268   4.1961E-09  0.5766   0.0000E+00  0.0000   0.0000E+00  0.0000
   3.1623E-01   5.6234E-01   2.2781E-05  1.0000   1.1247E-08  0.5766   0.0000E+00  0.0000   0.0000E+00  0.0000
   5.6234E-01   1.0000E+00   1.1079E-04  0.6903   3.0849E-08  0.5766   0.0000E+00  0.0000   0.0000E+00  0.0000
   1.0000E+00   1.7783E+00   3.3873E-05  0.7424   8.6381E-08  0.5766   0.0000E+00  0.0000   0.0000E+00  0.0000
   1.7783E+00   3.1623E+00   1.7843E-04  0.8450   2.6087E-07  0.5461   0.0000E+00  0.0000   0.0000E+00  0.0000
   3.1623E+00   5.6234E+00   8.4224E-05  0.8218   9.2585E-07  0.4991   0.0000E+00  0.0000   0.0000E+00  0.0000
   5.6234E+00   1.0000E+01   0.0000E+00  0.0000   2.5791E-06  0.4991   0.0000E+00  0.0000   0.0000E+00  0.0000
   1.0000E+01   1.7783E+01   0.0000E+00  0.0000   8.2571E-06  0.4497   0.0000E+00  0.0000   0.0000E+00  0.0000
   1.7783E+01   3.1623E+01   0.0000E+00  0.0000   2.2917E-05  0.4461   0.0000E+00  0.0000   0.0000E+00  0.0000
   3.1623E+01   5.6234E+01   0.0000E+00  0.0000   5.6024E-05  0.4461   0.0000E+00  0.0000   0.0000E+00  0.0000
   5.6234E+01   1.0000E+02   0.0000E+00  0.0000   1.7673E-04  0.4287   0.0000E+00  0.0000   0.0000E+00  0.0000
   1.0000E+02   1.7783E+02   0.0000E+00  0.0000   2.7115E-04  0.3694   0.0000E+00  0.0000   0.0000E+00  0.0000
   1.7783E+02   3.1623E+02   0.0000E+00  0.0000   2.5524E-04  0.4018   0.0000E+00  0.0000   0.0000E+00  0.0000
   3.1623E+02   5.6234E+02   0.0000E+00  0.0000   9.6158E-05  0.7135   0.0000E+00  0.0000   0.0000E+00  0.0000
   5.6234E+02   1.0000E+03   0.0000E+00  0.0000   8.2952E-04  0.2881   0.0000E+00  0.0000   0.0000E+00  0.0000
   1.0000E+03   1.7783E+03   0.0000E+00  0.0000   5.0965E-04  0.3576   0.0000E+00  0.0000   0.0000E+00  0.0000
   1.7783E+03   3.1623E+03   0.0000E+00  0.0000   1.0944E-03  0.2664   0.0000E+00  0.0000   0.0000E+00  0.0000
   3.1623E+03   5.6234E+03   0.0000E+00  0.0000   1.0642E-03  0.2517   0.0000E+00  0.0000   0.0000E+00  0.0000
   5.6234E+03   1.0000E+04   0.0000E+00  0.0000   5.5521E-04  0.3431   0.0000E+00  0.0000   0.0000E+00  0.0000
   1.0000E+04   1.7783E+04   0.0000E+00  0.0000   6.2109E-04  0.3716   0.0000E+00  0.0000   0.0000E+00  0.0000
   1.7783E+04   3.1623E+04   0.0000E+00  0.0000   0.0000E+00  0.0000   0.0000E+00  0.0000   0.0000E+00  0.0000
   3.1623E+04   5.6234E+04   0.0000E+00  0.0000   0.0000E+00  0.0000   0.0000E+00  0.0000   0.0000E+00  0.0000
   5.6234E+04   1.0000E+05   0.0000E+00  0.0000   6.3126E-05  1.0000   0.0000E+00  0.0000   0.0000E+00  0.0000

#   sum over                 1.8048E-03  0.4182   5.6275E-03  0.1066   0.0000E+00  0.0000   0.0000E+00  0.0000

'no. = 20, (ix,iy,iz) = (  1,  1, 20)'
msuc: {\huge Flux spectra vs depth in concrete}
msdr: {\it plotted by \ANGEL \version}
msdl: {\it calculated by \PHITS  3.36}
wt: s(0.7)
\vspace{-3}
   vol  &=&   2.8800E+07 [cm^3]
  xmin  &=&  -6.0000E+02 [cm]
  xmax  &=&   6.0000E+02 [cm]
  ymin  &=&  -6.0000E+02 [cm]
  ymax  &=&   6.0000E+02 [cm]
  zmin  &=&  -3.2000E+02 [cm]
  zmax  &=&  -3.0000E+02 [cm]
e:

#------------------------------------------------------------------------------
 newpage:
#   no. = 21   ix  =  1   iy  =  1   iz  = 21
#   x = (  -6.0000E+02  -   6.0000E+02  )
#   y = (  -6.0000E+02  -   6.0000E+02  )
#   z = (  -3.0000E+02  -  -2.8000E+02  )

x: Energy [MeV/n]
y: Flux [1/cm^2/source]              
p: xlog ylog afac(0.8) form(0.9)
h: n            x            y(neutron ),hh0l n y(muon-   ),hh0dr n y(muon+   ),hh0ub n y(proton  ),hh0mg n 
#  e-lower      e-upper        neutron   r.err      muon-     r.err      muon+     r.err      proton    r.err 
   1.0000E-10   1.7783E-10   0.0000E+00  0.0000   0.0000E+00  0.0000   0.0000E+00  0.0000   0.0000E+00  0.0000
   1.7783E-10   3.1623E-10   0.0000E+00  0.0000   0.0000E+00  0.0000   0.0000E+00  0.0000   0.0000E+00  0.0000
   3.1623E-10   5.6234E-10   0.0000E+00  0.0000   0.0000E+00  0.0000   0.0000E+00  0.0000   0.0000E+00  0.0000
   5.6234E-10   1.0000E-09   1.8364E-07  1.0000   0.0000E+00  0.0000   0.0000E+00  0.0000   0.0000E+00  0.0000
   1.0000E-09   1.7783E-09   8.5117E-07  0.7466   0.0000E+00  0.0000   0.0000E+00  0.0000   0.0000E+00  0.0000
   1.7783E-09   3.1623E-09   3.4148E-06  0.8216   0.0000E+00  0.0000   0.0000E+00  0.0000   0.0000E+00  0.0000
   3.1623E-09   5.6234E-09   9.6839E-06  0.8368   0.0000E+00  0.0000   0.0000E+00  0.0000   0.0000E+00  0.0000
   5.6234E-09   1.0000E-08   3.5320E-05  0.6938   0.0000E+00  0.0000   0.0000E+00  0.0000   0.0000E+00  0.0000
   1.0000E-08   1.7783E-08   8.6555E-05  0.7317   0.0000E+00  0.0000   0.0000E+00  0.0000   0.0000E+00  0.0000
   1.7783E-08   3.1623E-08   1.2161E-04  0.6353   0.0000E+00  0.0000   0.0000E+00  0.0000   0.0000E+00  0.0000
   3.1623E-08   5.6234E-08   1.9848E-04  0.6142   0.0000E+00  0.0000   0.0000E+00  0.0000   0.0000E+00  0.0000
   5.6234E-08   1.0000E-07   1.8770E-04  0.5108   0.0000E+00  0.0000   0.0000E+00  0.0000   0.0000E+00  0.0000
   1.0000E-07   1.7783E-07   7.4782E-05  0.5640   0.0000E+00  0.0000   0.0000E+00  0.0000   0.0000E+00  0.0000
   1.7783E-07   3.1623E-07   3.9781E-06  0.8040   0.0000E+00  0.0000   0.0000E+00  0.0000   0.0000E+00  0.0000
   3.1623E-07   5.6234E-07   0.0000E+00  0.0000   0.0000E+00  0.0000   0.0000E+00  0.0000   0.0000E+00  0.0000
   5.6234E-07   1.0000E-06   2.6541E-07  1.0000   0.0000E+00  0.0000   0.0000E+00  0.0000   0.0000E+00  0.0000
   1.0000E-06   1.7783E-06   0.0000E+00  0.0000   0.0000E+00  0.0000   0.0000E+00  0.0000   0.0000E+00  0.0000
   1.7783E-06   3.1623E-06   0.0000E+00  0.0000   0.0000E+00  0.0000   0.0000E+00  0.0000   0.0000E+00  0.0000
   3.1623E-06   5.6234E-06   1.6768E-05  1.0000   0.0000E+00  0.0000   0.0000E+00  0.0000   0.0000E+00  0.0000
   5.6234E-06   1.0000E-05   1.8704E-05  1.0000   0.0000E+00  0.0000   0.0000E+00  0.0000   0.0000E+00  0.0000
   1.0000E-05   1.7783E-05   0.0000E+00  0.0000   0.0000E+00  0.0000   0.0000E+00  0.0000   0.0000E+00  0.0000
   1.7783E-05   3.1623E-05   1.5405E-05  1.0000   0.0000E+00  0.0000   0.0000E+00  0.0000   0.0000E+00  0.0000
   3.1623E-05   5.6234E-05   1.8496E-06  1.0000   0.0000E+00  0.0000   0.0000E+00  0.0000   0.0000E+00  0.0000
   5.6234E-05   1.0000E-04   0.0000E+00  0.0000   0.0000E+00  0.0000   0.0000E+00  0.0000   0.0000E+00  0.0000
   1.0000E-04   1.7783E-04   0.0000E+00  0.0000   0.0000E+00  0.0000   0.0000E+00  0.0000   0.0000E+00  0.0000
   1.7783E-04   3.1623E-04   0.0000E+00  0.0000   0.0000E+00  0.0000   0.0000E+00  0.0000   0.0000E+00  0.0000
   3.1623E-04   5.6234E-04   1.3629E-05  1.0000   0.0000E+00  0.0000   0.0000E+00  0.0000   0.0000E+00  0.0000
   5.6234E-04   1.0000E-03   0.0000E+00  0.0000   0.0000E+00  0.0000   0.0000E+00  0.0000   0.0000E+00  0.0000
   1.0000E-03   1.7783E-03   3.5903E-06  1.0000   1.4200E-11  0.7153   0.0000E+00  0.0000   0.0000E+00  0.0000
   1.7783E-03   3.1623E-03   0.0000E+00  0.0000   8.1140E-12  0.7067   0.0000E+00  0.0000   0.0000E+00  0.0000
   3.1623E-03   5.6234E-03   0.0000E+00  0.0000   1.1988E-11  0.7067   0.0000E+00  0.0000   0.0000E+00  0.0000
   5.6234E-03   1.0000E-02   0.0000E+00  0.0000   1.9227E-11  0.7067   0.0000E+00  0.0000   0.0000E+00  0.0000
   1.0000E-02   1.7783E-02   6.7385E-08  1.0000   3.4475E-11  0.7067   0.0000E+00  0.0000   0.0000E+00  0.0000
   1.7783E-02   3.1623E-02   7.7096E-06  1.0000   7.1175E-11  0.7067   0.0000E+00  0.0000   0.0000E+00  0.0000
   3.1623E-02   5.6234E-02   2.9788E-05  0.9205   1.6628E-10  0.7067   0.0000E+00  0.0000   0.0000E+00  0.0000
   5.6234E-02   1.0000E-01   1.8829E-05  1.0000   4.1663E-10  0.7067   0.0000E+00  0.0000   0.0000E+00  0.0000
   1.0000E-01   1.7783E-01   1.1762E-05  1.0000   1.0694E-09  0.7067   0.0000E+00  0.0000   0.0000E+00  0.0000
   1.7783E-01   3.1623E-01   1.8537E-05  1.0000   2.7974E-09  0.7067   0.0000E+00  0.0000   0.0000E+00  0.0000
   3.1623E-01   5.6234E-01   2.2485E-05  0.7918   7.4983E-09  0.7067   0.0000E+00  0.0000   0.0000E+00  0.0000
   5.6234E-01   1.0000E+00   5.4097E-05  1.0000   2.0566E-08  0.7067   0.0000E+00  0.0000   0.0000E+00  0.0000
   1.0000E+00   1.7783E+00   3.7313E-05  1.0000   5.7587E-08  0.7067   0.0000E+00  0.0000   0.0000E+00  0.0000
   1.7783E+00   3.1623E+00   9.1635E-05  0.7070   1.6380E-07  0.7067   0.0000E+00  0.0000   0.0000E+00  0.0000
   3.1623E+00   5.6234E+00   1.2905E-04  1.0000   4.6293E-07  0.7067   0.0000E+00  0.0000   0.0000E+00  0.0000
   5.6234E+00   1.0000E+01   0.0000E+00  0.0000   1.2896E-06  0.7067   0.0000E+00  0.0000   0.0000E+00  0.0000
   1.0000E+01   1.7783E+01   0.0000E+00  0.0000   3.5112E-06  0.7067   0.0000E+00  0.0000   0.0000E+00  0.0000
   1.7783E+01   3.1623E+01   0.0000E+00  0.0000   9.1667E-06  0.7067   0.0000E+00  0.0000   0.0000E+00  0.0000
   3.1623E+01   5.6234E+01   0.0000E+00  0.0000   1.8479E-05  0.7225   0.0000E+00  0.0000   0.0000E+00  0.0000
   5.6234E+01   1.0000E+02   0.0000E+00  0.0000   6.3786E-05  0.5394   0.0000E+00  0.0000   0.0000E+00  0.0000
   1.0000E+02   1.7783E+02   0.0000E+00  0.0000   2.8959E-04  0.3940   0.0000E+00  0.0000   0.0000E+00  0.0000
   1.7783E+02   3.1623E+02   0.0000E+00  0.0000   4.8557E-04  0.3195   0.0000E+00  0.0000   0.0000E+00  0.0000
   3.1623E+02   5.6234E+02   0.0000E+00  0.0000   1.3197E-04  0.5699   0.0000E+00  0.0000   0.0000E+00  0.0000
   5.6234E+02   1.0000E+03   0.0000E+00  0.0000   7.2259E-04  0.2947   0.0000E+00  0.0000   0.0000E+00  0.0000
   1.0000E+03   1.7783E+03   0.0000E+00  0.0000   6.1658E-04  0.3194   0.0000E+00  0.0000   0.0000E+00  0.0000
   1.7783E+03   3.1623E+03   0.0000E+00  0.0000   1.0727E-03  0.2702   0.0000E+00  0.0000   0.0000E+00  0.0000
   3.1623E+03   5.6234E+03   0.0000E+00  0.0000   1.0178E-03  0.2568   0.0000E+00  0.0000   0.0000E+00  0.0000
   5.6234E+03   1.0000E+04   0.0000E+00  0.0000   5.6641E-04  0.3489   0.0000E+00  0.0000   0.0000E+00  0.0000
   1.0000E+04   1.7783E+04   0.0000E+00  0.0000   6.5650E-04  0.3864   0.0000E+00  0.0000   0.0000E+00  0.0000
   1.7783E+04   3.1623E+04   0.0000E+00  0.0000   3.2522E-05  1.0000   0.0000E+00  0.0000   0.0000E+00  0.0000
   3.1623E+04   5.6234E+04   0.0000E+00  0.0000   6.1722E-06  1.0000   0.0000E+00  0.0000   0.0000E+00  0.0000
   5.6234E+04   1.0000E+05   0.0000E+00  0.0000   6.3126E-05  1.0000   0.0000E+00  0.0000   0.0000E+00  0.0000

#   sum over                 1.2140E-03  0.5753   5.7584E-03  0.1075   0.0000E+00  0.0000   0.0000E+00  0.0000

'no. = 21, (ix,iy,iz) = (  1,  1, 21)'
msuc: {\huge Flux spectra vs depth in concrete}
msdr: {\it plotted by \ANGEL \version}
msdl: {\it calculated by \PHITS  3.36}
wt: s(0.7)
\vspace{-3}
   vol  &=&   2.8800E+07 [cm^3]
  xmin  &=&  -6.0000E+02 [cm]
  xmax  &=&   6.0000E+02 [cm]
  ymin  &=&  -6.0000E+02 [cm]
  ymax  &=&   6.0000E+02 [cm]
  zmin  &=&  -3.0000E+02 [cm]
  zmax  &=&  -2.8000E+02 [cm]
e:

#------------------------------------------------------------------------------
 newpage:
#   no. = 22   ix  =  1   iy  =  1   iz  = 22
#   x = (  -6.0000E+02  -   6.0000E+02  )
#   y = (  -6.0000E+02  -   6.0000E+02  )
#   z = (  -2.8000E+02  -  -2.6000E+02  )

x: Energy [MeV/n]
y: Flux [1/cm^2/source]              
p: xlog ylog afac(0.8) form(0.9)
h: n            x            y(neutron ),hh0l n y(muon-   ),hh0dr n y(muon+   ),hh0ub n y(proton  ),hh0mg n 
#  e-lower      e-upper        neutron   r.err      muon-     r.err      muon+     r.err      proton    r.err 
   1.0000E-10   1.7783E-10   0.0000E+00  0.0000   0.0000E+00  0.0000   0.0000E+00  0.0000   0.0000E+00  0.0000
   1.7783E-10   3.1623E-10   0.0000E+00  0.0000   0.0000E+00  0.0000   0.0000E+00  0.0000   0.0000E+00  0.0000
   3.1623E-10   5.6234E-10   5.5453E-08  1.0000   0.0000E+00  0.0000   0.0000E+00  0.0000   0.0000E+00  0.0000
   5.6234E-10   1.0000E-09   2.0582E-06  1.0000   0.0000E+00  0.0000   0.0000E+00  0.0000   0.0000E+00  0.0000
   1.0000E-09   1.7783E-09   6.2156E-08  1.0000   0.0000E+00  0.0000   0.0000E+00  0.0000   0.0000E+00  0.0000
   1.7783E-09   3.1623E-09   6.8955E-06  0.9921   0.0000E+00  0.0000   0.0000E+00  0.0000   0.0000E+00  0.0000
   3.1623E-09   5.6234E-09   1.6491E-05  0.7098   0.0000E+00  0.0000   0.0000E+00  0.0000   0.0000E+00  0.0000
   5.6234E-09   1.0000E-08   1.5366E-05  0.7094   0.0000E+00  0.0000   0.0000E+00  0.0000   0.0000E+00  0.0000
   1.0000E-08   1.7783E-08   7.8820E-05  0.6352   0.0000E+00  0.0000   0.0000E+00  0.0000   0.0000E+00  0.0000
   1.7783E-08   3.1623E-08   9.4431E-05  0.5758   0.0000E+00  0.0000   0.0000E+00  0.0000   0.0000E+00  0.0000
   3.1623E-08   5.6234E-08   1.8443E-04  0.5196   0.0000E+00  0.0000   0.0000E+00  0.0000   0.0000E+00  0.0000
   5.6234E-08   1.0000E-07   1.8164E-04  0.6007   0.0000E+00  0.0000   0.0000E+00  0.0000   0.0000E+00  0.0000
   1.0000E-07   1.7783E-07   1.0811E-04  0.5050   0.0000E+00  0.0000   0.0000E+00  0.0000   0.0000E+00  0.0000
   1.7783E-07   3.1623E-07   6.9335E-05  0.6628   0.0000E+00  0.0000   0.0000E+00  0.0000   0.0000E+00  0.0000
   3.1623E-07   5.6234E-07   1.8200E-05  0.7115   0.0000E+00  0.0000   0.0000E+00  0.0000   0.0000E+00  0.0000
   5.6234E-07   1.0000E-06   1.1755E-05  0.8163   0.0000E+00  0.0000   0.0000E+00  0.0000   0.0000E+00  0.0000
   1.0000E-06   1.7783E-06   6.9370E-06  0.8718   0.0000E+00  0.0000   0.0000E+00  0.0000   0.0000E+00  0.0000
   1.7783E-06   3.1623E-06   8.5881E-06  0.8387   0.0000E+00  0.0000   0.0000E+00  0.0000   0.0000E+00  0.0000
   3.1623E-06   5.6234E-06   4.5589E-05  0.7026   0.0000E+00  0.0000   0.0000E+00  0.0000   0.0000E+00  0.0000
   5.6234E-06   1.0000E-05   1.3553E-05  0.7714   0.0000E+00  0.0000   0.0000E+00  0.0000   0.0000E+00  0.0000
   1.0000E-05   1.7783E-05   8.5534E-06  0.7684   0.0000E+00  0.0000   0.0000E+00  0.0000   0.0000E+00  0.0000
   1.7783E-05   3.1623E-05   0.0000E+00  0.0000   0.0000E+00  0.0000   0.0000E+00  0.0000   0.0000E+00  0.0000
   3.1623E-05   5.6234E-05   9.0692E-06  0.7381   0.0000E+00  0.0000   0.0000E+00  0.0000   0.0000E+00  0.0000
   5.6234E-05   1.0000E-04   7.2375E-06  1.0000   0.0000E+00  0.0000   0.0000E+00  0.0000   0.0000E+00  0.0000
   1.0000E-04   1.7783E-04   1.6615E-05  1.0000   7.4944E-18  1.0000   0.0000E+00  0.0000   0.0000E+00  0.0000
   1.7783E-04   3.1623E-04   0.0000E+00  0.0000   0.0000E+00  0.0000   0.0000E+00  0.0000   0.0000E+00  0.0000
   3.1623E-04   5.6234E-04   0.0000E+00  0.0000   5.1836E-21  1.0000   0.0000E+00  0.0000   0.0000E+00  0.0000
   5.6234E-04   1.0000E-03   0.0000E+00  0.0000   0.0000E+00  0.0000   0.0000E+00  0.0000   0.0000E+00  0.0000
   1.0000E-03   1.7783E-03   0.0000E+00  0.0000   3.1214E-11  0.5010   0.0000E+00  0.0000   0.0000E+00  0.0000
   1.7783E-03   3.1623E-03   1.2003E-05  1.0000   1.6228E-11  0.4991   0.0000E+00  0.0000   0.0000E+00  0.0000
   3.1623E-03   5.6234E-03   0.0000E+00  0.0000   2.3976E-11  0.4991   0.0000E+00  0.0000   0.0000E+00  0.0000
   5.6234E-03   1.0000E-02   3.4728E-05  0.7266   3.8453E-11  0.4991   0.0000E+00  0.0000   0.0000E+00  0.0000
   1.0000E-02   1.7783E-02   0.0000E+00  0.0000   6.8950E-11  0.4991   0.0000E+00  0.0000   0.0000E+00  0.0000
   1.7783E-02   3.1623E-02   6.1255E-05  0.7446   1.4235E-10  0.4991   0.0000E+00  0.0000   0.0000E+00  0.0000
   3.1623E-02   5.6234E-02   2.7868E-05  0.7593   3.3255E-10  0.4991   0.0000E+00  0.0000   0.0000E+00  0.0000
   5.6234E-02   1.0000E-01   4.7114E-06  1.0000   8.3326E-10  0.4991   0.0000E+00  0.0000   0.0000E+00  0.0000
   1.0000E-01   1.7783E-01   1.6896E-05  1.0000   2.1389E-09  0.4991   0.0000E+00  0.0000   0.0000E+00  0.0000
   1.7783E-01   3.1623E-01   3.8192E-05  1.0000   5.5948E-09  0.4991   0.0000E+00  0.0000   0.0000E+00  0.0000
   3.1623E-01   5.6234E-01   1.3887E-05  0.9425   1.4997E-08  0.4991   0.0000E+00  0.0000   0.0000E+00  0.0000
   5.6234E-01   1.0000E+00   3.0933E-05  1.0000   4.1132E-08  0.4991   0.0000E+00  0.0000   0.0000E+00  0.0000
   1.0000E+00   1.7783E+00   6.9423E-05  1.0000   1.1517E-07  0.4991   0.0000E+00  0.0000   0.0000E+00  0.0000
   1.7783E+00   3.1623E+00   9.3016E-05  0.6544   3.2761E-07  0.4991   0.0000E+00  0.0000   0.0000E+00  0.0000
   3.1623E+00   5.6234E+00   9.2622E-05  1.0000   9.2585E-07  0.4991   0.0000E+00  0.0000   0.0000E+00  0.0000
   5.6234E+00   1.0000E+01   0.0000E+00  0.0000   2.5791E-06  0.4991   0.0000E+00  0.0000   0.0000E+00  0.0000
   1.0000E+01   1.7783E+01   0.0000E+00  0.0000   7.0223E-06  0.4991   0.0000E+00  0.0000   0.0000E+00  0.0000
   1.7783E+01   3.1623E+01   0.0000E+00  0.0000   1.6436E-05  0.5090   0.0000E+00  0.0000   0.0000E+00  0.0000
   3.1623E+01   5.6234E+01   0.0000E+00  0.0000   3.0846E-05  0.5483   0.0000E+00  0.0000   0.0000E+00  0.0000
   5.6234E+01   1.0000E+02   0.0000E+00  0.0000   7.2318E-05  0.5776   0.0000E+00  0.0000   0.0000E+00  0.0000
   1.0000E+02   1.7783E+02   0.0000E+00  0.0000   9.8562E-05  0.6099   0.0000E+00  0.0000   0.0000E+00  0.0000
   1.7783E+02   3.1623E+02   0.0000E+00  0.0000   4.3573E-04  0.3485   0.0000E+00  0.0000   0.0000E+00  0.0000
   3.1623E+02   5.6234E+02   0.0000E+00  0.0000   4.6741E-04  0.3351   0.0000E+00  0.0000   0.0000E+00  0.0000
   5.6234E+02   1.0000E+03   0.0000E+00  0.0000   5.2870E-04  0.3309   0.0000E+00  0.0000   0.0000E+00  0.0000
   1.0000E+03   1.7783E+03   0.0000E+00  0.0000   7.3180E-04  0.2964   0.0000E+00  0.0000   0.0000E+00  0.0000
   1.7783E+03   3.1623E+03   0.0000E+00  0.0000   1.1449E-03  0.2573   0.0000E+00  0.0000   0.0000E+00  0.0000
   3.1623E+03   5.6234E+03   0.0000E+00  0.0000   1.1575E-03  0.2556   0.0000E+00  0.0000   0.0000E+00  0.0000
   5.6234E+03   1.0000E+04   0.0000E+00  0.0000   6.1672E-04  0.3353   0.0000E+00  0.0000   0.0000E+00  0.0000
   1.0000E+04   1.7783E+04   0.0000E+00  0.0000   5.2481E-04  0.3990   0.0000E+00  0.0000   0.0000E+00  0.0000
   1.7783E+04   3.1623E+04   0.0000E+00  0.0000   1.0088E-04  1.0000   0.0000E+00  0.0000   0.0000E+00  0.0000
   3.1623E+04   5.6234E+04   0.0000E+00  0.0000   1.0586E-04  1.0000   0.0000E+00  0.0000   0.0000E+00  0.0000
   5.6234E+04   1.0000E+05   0.0000E+00  0.0000   6.3126E-05  1.0000   0.0000E+00  0.0000   0.0000E+00  0.0000

#   sum over                 1.3993E-03  0.5528   6.1066E-03  0.1053   0.0000E+00  0.0000   0.0000E+00  0.0000

'no. = 22, (ix,iy,iz) = (  1,  1, 22)'
msuc: {\huge Flux spectra vs depth in concrete}
msdr: {\it plotted by \ANGEL \version}
msdl: {\it calculated by \PHITS  3.36}
wt: s(0.7)
\vspace{-3}
   vol  &=&   2.8800E+07 [cm^3]
  xmin  &=&  -6.0000E+02 [cm]
  xmax  &=&   6.0000E+02 [cm]
  ymin  &=&  -6.0000E+02 [cm]
  ymax  &=&   6.0000E+02 [cm]
  zmin  &=&  -2.8000E+02 [cm]
  zmax  &=&  -2.6000E+02 [cm]
e:

#------------------------------------------------------------------------------
 newpage:
#   no. = 23   ix  =  1   iy  =  1   iz  = 23
#   x = (  -6.0000E+02  -   6.0000E+02  )
#   y = (  -6.0000E+02  -   6.0000E+02  )
#   z = (  -2.6000E+02  -  -2.4000E+02  )

x: Energy [MeV/n]
y: Flux [1/cm^2/source]              
p: xlog ylog afac(0.8) form(0.9)
h: n            x            y(neutron ),hh0l n y(muon-   ),hh0dr n y(muon+   ),hh0ub n y(proton  ),hh0mg n 
#  e-lower      e-upper        neutron   r.err      muon-     r.err      muon+     r.err      proton    r.err 
   1.0000E-10   1.7783E-10   0.0000E+00  0.0000   0.0000E+00  0.0000   0.0000E+00  0.0000   0.0000E+00  0.0000
   1.7783E-10   3.1623E-10   0.0000E+00  0.0000   0.0000E+00  0.0000   0.0000E+00  0.0000   0.0000E+00  0.0000
   3.1623E-10   5.6234E-10   0.0000E+00  0.0000   0.0000E+00  0.0000   0.0000E+00  0.0000   0.0000E+00  0.0000
   5.6234E-10   1.0000E-09   5.2301E-08  1.0000   0.0000E+00  0.0000   0.0000E+00  0.0000   0.0000E+00  0.0000
   1.0000E-09   1.7783E-09   2.1022E-06  0.7128   0.0000E+00  0.0000   0.0000E+00  0.0000   0.0000E+00  0.0000
   1.7783E-09   3.1623E-09   0.0000E+00  0.0000   0.0000E+00  0.0000   0.0000E+00  0.0000   0.0000E+00  0.0000
   3.1623E-09   5.6234E-09   7.0132E-06  0.7068   0.0000E+00  0.0000   0.0000E+00  0.0000   0.0000E+00  0.0000
   5.6234E-09   1.0000E-08   2.3371E-05  0.6862   0.0000E+00  0.0000   0.0000E+00  0.0000   0.0000E+00  0.0000
   1.0000E-08   1.7783E-08   6.1710E-05  0.7308   0.0000E+00  0.0000   0.0000E+00  0.0000   0.0000E+00  0.0000
   1.7783E-08   3.1623E-08   7.5998E-05  0.5629   0.0000E+00  0.0000   0.0000E+00  0.0000   0.0000E+00  0.0000
   3.1623E-08   5.6234E-08   1.7713E-04  0.6736   0.0000E+00  0.0000   0.0000E+00  0.0000   0.0000E+00  0.0000
   5.6234E-08   1.0000E-07   1.6310E-04  0.5841   0.0000E+00  0.0000   0.0000E+00  0.0000   0.0000E+00  0.0000
   1.0000E-07   1.7783E-07   9.2135E-05  0.5387   0.0000E+00  0.0000   0.0000E+00  0.0000   0.0000E+00  0.0000
   1.7783E-07   3.1623E-07   1.4631E-06  0.7126   0.0000E+00  0.0000   0.0000E+00  0.0000   0.0000E+00  0.0000
   3.1623E-07   5.6234E-07   3.9025E-06  1.0000   0.0000E+00  0.0000   0.0000E+00  0.0000   0.0000E+00  0.0000
   5.6234E-07   1.0000E-06   1.3541E-05  0.7748   0.0000E+00  0.0000   0.0000E+00  0.0000   0.0000E+00  0.0000
   1.0000E-06   1.7783E-06   3.4523E-05  0.8577   0.0000E+00  0.0000   0.0000E+00  0.0000   0.0000E+00  0.0000
   1.7783E-06   3.1623E-06   1.3649E-05  1.0000   0.0000E+00  0.0000   0.0000E+00  0.0000   0.0000E+00  0.0000
   3.1623E-06   5.6234E-06   3.3689E-05  0.6547   0.0000E+00  0.0000   0.0000E+00  0.0000   0.0000E+00  0.0000
   5.6234E-06   1.0000E-05   1.2492E-05  1.0000   0.0000E+00  0.0000   0.0000E+00  0.0000   0.0000E+00  0.0000
   1.0000E-05   1.7783E-05   7.5375E-08  1.0000   0.0000E+00  0.0000   0.0000E+00  0.0000   0.0000E+00  0.0000
   1.7783E-05   3.1623E-05   1.8469E-05  1.0000   0.0000E+00  0.0000   0.0000E+00  0.0000   0.0000E+00  0.0000
   3.1623E-05   5.6234E-05   0.0000E+00  0.0000   0.0000E+00  0.0000   0.0000E+00  0.0000   0.0000E+00  0.0000
   5.6234E-05   1.0000E-04   3.6195E-06  1.0000   0.0000E+00  0.0000   0.0000E+00  0.0000   0.0000E+00  0.0000
   1.0000E-04   1.7783E-04   1.9030E-05  1.0000   5.5440E-16  0.7067   0.0000E+00  0.0000   0.0000E+00  0.0000
   1.7783E-04   3.1623E-04   2.2675E-05  1.0000   0.0000E+00  0.0000   0.0000E+00  0.0000   0.0000E+00  0.0000
   3.1623E-04   5.6234E-04   2.6829E-05  1.0000   0.0000E+00  0.0000   0.0000E+00  0.0000   0.0000E+00  0.0000
   5.6234E-04   1.0000E-03   7.6915E-06  1.0000   0.0000E+00  0.0000   0.0000E+00  0.0000   0.0000E+00  0.0000
   1.0000E-03   1.7783E-03   1.0947E-06  1.0000   1.6608E-11  0.7067   0.0000E+00  0.0000   5.9980E-12  1.0000
   1.7783E-03   3.1623E-03   1.0055E-05  0.7072   8.1140E-12  0.7067   0.0000E+00  0.0000   9.6861E-12  1.0000
   3.1623E-03   5.6234E-03   0.0000E+00  0.0000   1.1988E-11  0.7067   0.0000E+00  0.0000   1.4622E-11  1.0000
   5.6234E-03   1.0000E-02   1.1730E-05  1.0000   1.9227E-11  0.7067   0.0000E+00  0.0000   2.0177E-11  1.0000
   1.0000E-02   1.7783E-02   1.2193E-05  0.8186   3.4475E-11  0.7067   0.0000E+00  0.0000   2.7062E-11  1.0000
   1.7783E-02   3.1623E-02   2.3933E-06  1.0000   7.1175E-11  0.7067   0.0000E+00  0.0000   3.8771E-11  1.0000
   3.1623E-02   5.6234E-02   2.8045E-05  0.7189   1.6628E-10  0.7067   0.0000E+00  0.0000   5.8180E-11  1.0000
   5.6234E-02   1.0000E-01   1.3622E-05  1.0000   4.1663E-10  0.7067   0.0000E+00  0.0000   9.5174E-11  1.0000
   1.0000E-01   1.7783E-01   2.6554E-05  0.7481   1.0694E-09  0.7067   0.0000E+00  0.0000   1.7562E-10  1.0000
   1.7783E-01   3.1623E-01   4.3226E-05  0.6191   2.7974E-09  0.7067   0.0000E+00  0.0000   3.7312E-10  1.0000
   3.1623E-01   5.6234E-01   7.0339E-05  0.8001   7.4983E-09  0.7067   0.0000E+00  0.0000   8.8901E-10  1.0000
   5.6234E-01   1.0000E+00   4.2471E-05  0.6414   2.0566E-08  0.7067   0.0000E+00  0.0000   2.2441E-09  1.0000
   1.0000E+00   1.7783E+00   4.5732E-05  0.8269   5.7587E-08  0.7067   0.0000E+00  0.0000   5.7803E-09  1.0000
   1.7783E+00   3.1623E+00   1.4906E-04  0.9099   1.6380E-07  0.7067   0.0000E+00  0.0000   1.5193E-08  1.0000
   3.1623E+00   5.6234E+00   4.0853E-05  1.0000   4.6293E-07  0.7067   0.0000E+00  0.0000   7.3764E-09  1.0000
   5.6234E+00   1.0000E+01   0.0000E+00  0.0000   1.2896E-06  0.7067   0.0000E+00  0.0000   0.0000E+00  0.0000
   1.0000E+01   1.7783E+01   0.0000E+00  0.0000   3.5112E-06  0.7067   0.0000E+00  0.0000   0.0000E+00  0.0000
   1.7783E+01   3.1623E+01   0.0000E+00  0.0000   1.1064E-05  0.6098   0.0000E+00  0.0000   0.0000E+00  0.0000
   3.1623E+01   5.6234E+01   0.0000E+00  0.0000   4.0313E-05  0.5084   0.0000E+00  0.0000   0.0000E+00  0.0000
   5.6234E+01   1.0000E+02   0.0000E+00  0.0000   9.2572E-05  0.4944   0.0000E+00  0.0000   0.0000E+00  0.0000
   1.0000E+02   1.7783E+02   0.0000E+00  0.0000   1.7439E-04  0.4545   0.0000E+00  0.0000   0.0000E+00  0.0000
   1.7783E+02   3.1623E+02   0.0000E+00  0.0000   2.2544E-04  0.4205   0.0000E+00  0.0000   0.0000E+00  0.0000
   3.1623E+02   5.6234E+02   0.0000E+00  0.0000   7.5393E-04  0.2862   0.0000E+00  0.0000   0.0000E+00  0.0000
   5.6234E+02   1.0000E+03   0.0000E+00  0.0000   3.3980E-04  0.4107   0.0000E+00  0.0000   0.0000E+00  0.0000
   1.0000E+03   1.7783E+03   0.0000E+00  0.0000   7.9918E-04  0.2733   0.0000E+00  0.0000   0.0000E+00  0.0000
   1.7783E+03   3.1623E+03   0.0000E+00  0.0000   1.2910E-03  0.2405   0.0000E+00  0.0000   0.0000E+00  0.0000
   3.1623E+03   5.6234E+03   0.0000E+00  0.0000   9.3241E-04  0.2689   0.0000E+00  0.0000   0.0000E+00  0.0000
   5.6234E+03   1.0000E+04   0.0000E+00  0.0000   7.3458E-04  0.3030   0.0000E+00  0.0000   0.0000E+00  0.0000
   1.0000E+04   1.7783E+04   0.0000E+00  0.0000   4.7750E-04  0.4275   0.0000E+00  0.0000   0.0000E+00  0.0000
   1.7783E+04   3.1623E+04   0.0000E+00  0.0000   1.4816E-04  1.0000   0.0000E+00  0.0000   0.0000E+00  0.0000
   3.1623E+04   5.6234E+04   0.0000E+00  0.0000   1.0586E-04  1.0000   0.0000E+00  0.0000   0.0000E+00  0.0000
   5.6234E+04   1.0000E+05   0.0000E+00  0.0000   6.3126E-05  1.0000   0.0000E+00  0.0000   0.0000E+00  0.0000

#   sum over                 1.3116E-03  0.5227   6.1948E-03  0.1030   0.0000E+00  0.0000   3.2301E-08  1.0000

'no. = 23, (ix,iy,iz) = (  1,  1, 23)'
msuc: {\huge Flux spectra vs depth in concrete}
msdr: {\it plotted by \ANGEL \version}
msdl: {\it calculated by \PHITS  3.36}
wt: s(0.7)
\vspace{-3}
   vol  &=&   2.8800E+07 [cm^3]
  xmin  &=&  -6.0000E+02 [cm]
  xmax  &=&   6.0000E+02 [cm]
  ymin  &=&  -6.0000E+02 [cm]
  ymax  &=&   6.0000E+02 [cm]
  zmin  &=&  -2.6000E+02 [cm]
  zmax  &=&  -2.4000E+02 [cm]
e:

#------------------------------------------------------------------------------
 newpage:
#   no. = 24   ix  =  1   iy  =  1   iz  = 24
#   x = (  -6.0000E+02  -   6.0000E+02  )
#   y = (  -6.0000E+02  -   6.0000E+02  )
#   z = (  -2.4000E+02  -  -2.2000E+02  )

x: Energy [MeV/n]
y: Flux [1/cm^2/source]              
p: xlog ylog afac(0.8) form(0.9)
h: n            x            y(neutron ),hh0l n y(muon-   ),hh0dr n y(muon+   ),hh0ub n y(proton  ),hh0mg n 
#  e-lower      e-upper        neutron   r.err      muon-     r.err      muon+     r.err      proton    r.err 
   1.0000E-10   1.7783E-10   0.0000E+00  0.0000   0.0000E+00  0.0000   0.0000E+00  0.0000   0.0000E+00  0.0000
   1.7783E-10   3.1623E-10   0.0000E+00  0.0000   0.0000E+00  0.0000   0.0000E+00  0.0000   0.0000E+00  0.0000
   3.1623E-10   5.6234E-10   2.2243E-08  1.0000   0.0000E+00  0.0000   0.0000E+00  0.0000   0.0000E+00  0.0000
   5.6234E-10   1.0000E-09   1.0434E-07  1.0000   0.0000E+00  0.0000   0.0000E+00  0.0000   0.0000E+00  0.0000
   1.0000E-09   1.7783E-09   5.8242E-07  1.0000   0.0000E+00  0.0000   0.0000E+00  0.0000   0.0000E+00  0.0000
   1.7783E-09   3.1623E-09   0.0000E+00  0.0000   0.0000E+00  0.0000   0.0000E+00  0.0000   0.0000E+00  0.0000
   3.1623E-09   5.6234E-09   3.3400E-06  0.7419   0.0000E+00  0.0000   0.0000E+00  0.0000   0.0000E+00  0.0000
   5.6234E-09   1.0000E-08   7.7203E-06  0.8339   0.0000E+00  0.0000   0.0000E+00  0.0000   0.0000E+00  0.0000
   1.0000E-08   1.7783E-08   2.1314E-05  0.5903   0.0000E+00  0.0000   0.0000E+00  0.0000   0.0000E+00  0.0000
   1.7783E-08   3.1623E-08   3.7185E-05  0.6519   0.0000E+00  0.0000   0.0000E+00  0.0000   0.0000E+00  0.0000
   3.1623E-08   5.6234E-08   6.3327E-05  0.7188   0.0000E+00  0.0000   0.0000E+00  0.0000   0.0000E+00  0.0000
   5.6234E-08   1.0000E-07   4.0058E-05  0.5537   0.0000E+00  0.0000   0.0000E+00  0.0000   0.0000E+00  0.0000
   1.0000E-07   1.7783E-07   1.2560E-05  0.6983   0.0000E+00  0.0000   0.0000E+00  0.0000   0.0000E+00  0.0000
   1.7783E-07   3.1623E-07   0.0000E+00  0.0000   0.0000E+00  0.0000   0.0000E+00  0.0000   0.0000E+00  0.0000
   3.1623E-07   5.6234E-07   0.0000E+00  0.0000   0.0000E+00  0.0000   0.0000E+00  0.0000   0.0000E+00  0.0000
   5.6234E-07   1.0000E-06   0.0000E+00  0.0000   0.0000E+00  0.0000   0.0000E+00  0.0000   0.0000E+00  0.0000
   1.0000E-06   1.7783E-06   0.0000E+00  0.0000   0.0000E+00  0.0000   0.0000E+00  0.0000   0.0000E+00  0.0000
   1.7783E-06   3.1623E-06   0.0000E+00  0.0000   0.0000E+00  0.0000   0.0000E+00  0.0000   0.0000E+00  0.0000
   3.1623E-06   5.6234E-06   2.2744E-05  0.7199   0.0000E+00  0.0000   0.0000E+00  0.0000   0.0000E+00  0.0000
   5.6234E-06   1.0000E-05   5.1551E-07  1.0000   0.0000E+00  0.0000   0.0000E+00  0.0000   0.0000E+00  0.0000
   1.0000E-05   1.7783E-05   0.0000E+00  0.0000   0.0000E+00  0.0000   0.0000E+00  0.0000   0.0000E+00  0.0000
   1.7783E-05   3.1623E-05   8.2990E-06  1.0000   0.0000E+00  0.0000   0.0000E+00  0.0000   0.0000E+00  0.0000
   3.1623E-05   5.6234E-05   0.0000E+00  0.0000   0.0000E+00  0.0000   0.0000E+00  0.0000   0.0000E+00  0.0000
   5.6234E-05   1.0000E-04   0.0000E+00  0.0000   0.0000E+00  0.0000   0.0000E+00  0.0000   0.0000E+00  0.0000
   1.0000E-04   1.7783E-04   0.0000E+00  0.0000   0.0000E+00  0.0000   0.0000E+00  0.0000   0.0000E+00  0.0000
   1.7783E-04   3.1623E-04   0.0000E+00  0.0000   0.0000E+00  0.0000   0.0000E+00  0.0000   0.0000E+00  0.0000
   3.1623E-04   5.6234E-04   0.0000E+00  0.0000   0.0000E+00  0.0000   0.0000E+00  0.0000   0.0000E+00  0.0000
   5.6234E-04   1.0000E-03   5.3928E-06  1.0000   0.0000E+00  0.0000   0.0000E+00  0.0000   0.0000E+00  0.0000
   1.0000E-03   1.7783E-03   1.3032E-05  1.0000   8.0323E-12  1.0000   0.0000E+00  0.0000   0.0000E+00  0.0000
   1.7783E-03   3.1623E-03   0.0000E+00  0.0000   4.0570E-12  1.0000   0.0000E+00  0.0000   0.0000E+00  0.0000
   3.1623E-03   5.6234E-03   0.0000E+00  0.0000   5.9939E-12  1.0000   0.0000E+00  0.0000   0.0000E+00  0.0000
   5.6234E-03   1.0000E-02   0.0000E+00  0.0000   9.6133E-12  1.0000   0.0000E+00  0.0000   0.0000E+00  0.0000
   1.0000E-02   1.7783E-02   0.0000E+00  0.0000   1.7238E-11  1.0000   0.0000E+00  0.0000   0.0000E+00  0.0000
   1.7783E-02   3.1623E-02   1.0891E-05  1.0000   3.5587E-11  1.0000   0.0000E+00  0.0000   0.0000E+00  0.0000
   3.1623E-02   5.6234E-02   6.4086E-06  1.0000   8.3139E-11  1.0000   0.0000E+00  0.0000   0.0000E+00  0.0000
   5.6234E-02   1.0000E-01   0.0000E+00  0.0000   2.0831E-10  1.0000   0.0000E+00  0.0000   0.0000E+00  0.0000
   1.0000E-01   1.7783E-01   0.0000E+00  0.0000   5.3471E-10  1.0000   0.0000E+00  0.0000   0.0000E+00  0.0000
   1.7783E-01   3.1623E-01   0.0000E+00  0.0000   1.3987E-09  1.0000   0.0000E+00  0.0000   0.0000E+00  0.0000
   3.1623E-01   5.6234E-01   0.0000E+00  0.0000   3.7491E-09  1.0000   0.0000E+00  0.0000   0.0000E+00  0.0000
   5.6234E-01   1.0000E+00   0.0000E+00  0.0000   1.0283E-08  1.0000   0.0000E+00  0.0000   0.0000E+00  0.0000
   1.0000E+00   1.7783E+00   0.0000E+00  0.0000   2.8794E-08  1.0000   0.0000E+00  0.0000   0.0000E+00  0.0000
   1.7783E+00   3.1623E+00   0.0000E+00  0.0000   8.1902E-08  1.0000   0.0000E+00  0.0000   0.0000E+00  0.0000
   3.1623E+00   5.6234E+00   0.0000E+00  0.0000   2.3146E-07  1.0000   0.0000E+00  0.0000   0.0000E+00  0.0000
   5.6234E+00   1.0000E+01   0.0000E+00  0.0000   6.4479E-07  1.0000   0.0000E+00  0.0000   0.0000E+00  0.0000
   1.0000E+01   1.7783E+01   0.0000E+00  0.0000   1.7556E-06  1.0000   0.0000E+00  0.0000   0.0000E+00  0.0000
   1.7783E+01   3.1623E+01   0.0000E+00  0.0000   4.5834E-06  1.0000   0.0000E+00  0.0000   0.0000E+00  0.0000
   3.1623E+01   5.6234E+01   0.0000E+00  0.0000   3.4006E-06  1.0000   0.0000E+00  0.0000   0.0000E+00  0.0000
   5.6234E+01   1.0000E+02   0.0000E+00  0.0000   1.0697E-05  1.0000   0.0000E+00  0.0000   0.0000E+00  0.0000
   1.0000E+02   1.7783E+02   0.0000E+00  0.0000   1.6851E-04  0.4624   0.0000E+00  0.0000   0.0000E+00  0.0000
   1.7783E+02   3.1623E+02   0.0000E+00  0.0000   3.1152E-04  0.3919   0.0000E+00  0.0000   0.0000E+00  0.0000
   3.1623E+02   5.6234E+02   0.0000E+00  0.0000   6.8769E-04  0.2840   0.0000E+00  0.0000   0.0000E+00  0.0000
   5.6234E+02   1.0000E+03   0.0000E+00  0.0000   3.2568E-04  0.3943   0.0000E+00  0.0000   0.0000E+00  0.0000
   1.0000E+03   1.7783E+03   0.0000E+00  0.0000   9.4406E-04  0.2615   0.0000E+00  0.0000   0.0000E+00  0.0000
   1.7783E+03   3.1623E+03   0.0000E+00  0.0000   1.2604E-03  0.2364   0.0000E+00  0.0000   0.0000E+00  0.0000
   3.1623E+03   5.6234E+03   0.0000E+00  0.0000   9.3004E-04  0.2623   0.0000E+00  0.0000   0.0000E+00  0.0000
   5.6234E+03   1.0000E+04   0.0000E+00  0.0000   8.3691E-04  0.2903   0.0000E+00  0.0000   0.0000E+00  0.0000
   1.0000E+04   1.7783E+04   0.0000E+00  0.0000   4.7750E-04  0.4275   0.0000E+00  0.0000   0.0000E+00  0.0000
   1.7783E+04   3.1623E+04   0.0000E+00  0.0000   1.4814E-04  1.0000   0.0000E+00  0.0000   0.0000E+00  0.0000
   3.1623E+04   5.6234E+04   0.0000E+00  0.0000   1.4636E-04  0.7741   0.0000E+00  0.0000   0.0000E+00  0.0000
   5.6234E+04   1.0000E+05   0.0000E+00  0.0000   6.3126E-05  1.0000   0.0000E+00  0.0000   0.0000E+00  0.0000

#   sum over                 2.5350E-04  0.5668   6.3214E-03  0.1019   0.0000E+00  0.0000   0.0000E+00  0.0000

'no. = 24, (ix,iy,iz) = (  1,  1, 24)'
msuc: {\huge Flux spectra vs depth in concrete}
msdr: {\it plotted by \ANGEL \version}
msdl: {\it calculated by \PHITS  3.36}
wt: s(0.7)
\vspace{-3}
   vol  &=&   2.8800E+07 [cm^3]
  xmin  &=&  -6.0000E+02 [cm]
  xmax  &=&   6.0000E+02 [cm]
  ymin  &=&  -6.0000E+02 [cm]
  ymax  &=&   6.0000E+02 [cm]
  zmin  &=&  -2.4000E+02 [cm]
  zmax  &=&  -2.2000E+02 [cm]
e:

#------------------------------------------------------------------------------
 newpage:
#   no. = 25   ix  =  1   iy  =  1   iz  = 25
#   x = (  -6.0000E+02  -   6.0000E+02  )
#   y = (  -6.0000E+02  -   6.0000E+02  )
#   z = (  -2.2000E+02  -  -2.0000E+02  )

x: Energy [MeV/n]
y: Flux [1/cm^2/source]              
p: xlog ylog afac(0.8) form(0.9)
h: n            x            y(neutron ),hh0l n y(muon-   ),hh0dr n y(muon+   ),hh0ub n y(proton  ),hh0mg n 
#  e-lower      e-upper        neutron   r.err      muon-     r.err      muon+     r.err      proton    r.err 
   1.0000E-10   1.7783E-10   0.0000E+00  0.0000   0.0000E+00  0.0000   0.0000E+00  0.0000   0.0000E+00  0.0000
   1.7783E-10   3.1623E-10   0.0000E+00  0.0000   0.0000E+00  0.0000   0.0000E+00  0.0000   0.0000E+00  0.0000
   3.1623E-10   5.6234E-10   0.0000E+00  0.0000   0.0000E+00  0.0000   0.0000E+00  0.0000   0.0000E+00  0.0000
   5.6234E-10   1.0000E-09   0.0000E+00  0.0000   0.0000E+00  0.0000   0.0000E+00  0.0000   0.0000E+00  0.0000
   1.0000E-09   1.7783E-09   3.5271E-07  1.0000   0.0000E+00  0.0000   0.0000E+00  0.0000   0.0000E+00  0.0000
   1.7783E-09   3.1623E-09   0.0000E+00  0.0000   0.0000E+00  0.0000   0.0000E+00  0.0000   0.0000E+00  0.0000
   3.1623E-09   5.6234E-09   4.8143E-06  0.9961   0.0000E+00  0.0000   0.0000E+00  0.0000   0.0000E+00  0.0000
   5.6234E-09   1.0000E-08   1.0816E-05  1.0000   0.0000E+00  0.0000   0.0000E+00  0.0000   0.0000E+00  0.0000
   1.0000E-08   1.7783E-08   1.6004E-05  0.7570   0.0000E+00  0.0000   0.0000E+00  0.0000   0.0000E+00  0.0000
   1.7783E-08   3.1623E-08   5.2760E-05  0.7790   0.0000E+00  0.0000   0.0000E+00  0.0000   0.0000E+00  0.0000
   3.1623E-08   5.6234E-08   8.5180E-05  0.9345   0.0000E+00  0.0000   0.0000E+00  0.0000   0.0000E+00  0.0000
   5.6234E-08   1.0000E-07   4.7895E-05  0.8524   0.0000E+00  0.0000   0.0000E+00  0.0000   0.0000E+00  0.0000
   1.0000E-07   1.7783E-07   2.9379E-05  0.9574   0.0000E+00  0.0000   0.0000E+00  0.0000   0.0000E+00  0.0000
   1.7783E-07   3.1623E-07   1.5146E-07  1.0000   0.0000E+00  0.0000   0.0000E+00  0.0000   0.0000E+00  0.0000
   3.1623E-07   5.6234E-07   0.0000E+00  0.0000   0.0000E+00  0.0000   0.0000E+00  0.0000   0.0000E+00  0.0000
   5.6234E-07   1.0000E-06   1.2973E-08  1.0000   0.0000E+00  0.0000   0.0000E+00  0.0000   0.0000E+00  0.0000
   1.0000E-06   1.7783E-06   2.1428E-07  1.0000   0.0000E+00  0.0000   0.0000E+00  0.0000   0.0000E+00  0.0000
   1.7783E-06   3.1623E-06   2.9518E-05  1.0000   0.0000E+00  0.0000   0.0000E+00  0.0000   0.0000E+00  0.0000
   3.1623E-06   5.6234E-06   1.2035E-05  1.0000   0.0000E+00  0.0000   0.0000E+00  0.0000   0.0000E+00  0.0000
   5.6234E-06   1.0000E-05   1.7559E-05  1.0000   0.0000E+00  0.0000   0.0000E+00  0.0000   0.0000E+00  0.0000
   1.0000E-05   1.7783E-05   0.0000E+00  0.0000   0.0000E+00  0.0000   0.0000E+00  0.0000   0.0000E+00  0.0000
   1.7783E-05   3.1623E-05   2.8538E-06  1.0000   0.0000E+00  0.0000   0.0000E+00  0.0000   0.0000E+00  0.0000
   3.1623E-05   5.6234E-05   0.0000E+00  0.0000   0.0000E+00  0.0000   0.0000E+00  0.0000   0.0000E+00  0.0000
   5.6234E-05   1.0000E-04   1.7430E-05  1.0000   0.0000E+00  0.0000   0.0000E+00  0.0000   0.0000E+00  0.0000
   1.0000E-04   1.7783E-04   7.0523E-06  1.0000   2.7720E-16  1.0000   0.0000E+00  0.0000   0.0000E+00  0.0000
   1.7783E-04   3.1623E-04   4.7609E-06  1.0000   0.0000E+00  0.0000   0.0000E+00  0.0000   0.0000E+00  0.0000
   3.1623E-04   5.6234E-04   1.7395E-05  1.0000   0.0000E+00  0.0000   0.0000E+00  0.0000   0.0000E+00  0.0000
   5.6234E-04   1.0000E-03   1.7102E-06  1.0000   0.0000E+00  0.0000   0.0000E+00  0.0000   0.0000E+00  0.0000
   1.0000E-03   1.7783E-03   2.1709E-05  1.0000   8.3040E-12  1.0000   0.0000E+00  0.0000   0.0000E+00  0.0000
   1.7783E-03   3.1623E-03   1.8691E-05  1.0000   4.0570E-12  1.0000   0.0000E+00  0.0000   0.0000E+00  0.0000
   3.1623E-03   5.6234E-03   3.6386E-06  1.0000   5.9939E-12  1.0000   0.0000E+00  0.0000   0.0000E+00  0.0000
   5.6234E-03   1.0000E-02   1.8234E-07  1.0000   9.6133E-12  1.0000   0.0000E+00  0.0000   0.0000E+00  0.0000
   1.0000E-02   1.7783E-02   0.0000E+00  0.0000   1.7238E-11  1.0000   0.0000E+00  0.0000   0.0000E+00  0.0000
   1.7783E-02   3.1623E-02   3.4233E-05  1.0000   3.5587E-11  1.0000   0.0000E+00  0.0000   0.0000E+00  0.0000
   3.1623E-02   5.6234E-02   4.9490E-07  1.0000   8.3139E-11  1.0000   0.0000E+00  0.0000   0.0000E+00  0.0000
   5.6234E-02   1.0000E-01   1.2257E-07  1.0000   2.0831E-10  1.0000   0.0000E+00  0.0000   0.0000E+00  0.0000
   1.0000E-01   1.7783E-01   3.3789E-05  1.0000   5.3471E-10  1.0000   0.0000E+00  0.0000   0.0000E+00  0.0000
   1.7783E-01   3.1623E-01   0.0000E+00  0.0000   1.3987E-09  1.0000   0.0000E+00  0.0000   0.0000E+00  0.0000
   3.1623E-01   5.6234E-01   9.9275E-06  1.0000   3.7491E-09  1.0000   0.0000E+00  0.0000   0.0000E+00  0.0000
   5.6234E-01   1.0000E+00   1.5812E-06  1.0000   1.0283E-08  1.0000   0.0000E+00  0.0000   0.0000E+00  0.0000
   1.0000E+00   1.7783E+00   3.1095E-05  1.0000   2.8794E-08  1.0000   0.0000E+00  0.0000   0.0000E+00  0.0000
   1.7783E+00   3.1623E+00   2.6750E-05  1.0000   8.1902E-08  1.0000   0.0000E+00  0.0000   0.0000E+00  0.0000
   3.1623E+00   5.6234E+00   0.0000E+00  0.0000   2.3146E-07  1.0000   0.0000E+00  0.0000   0.0000E+00  0.0000
   5.6234E+00   1.0000E+01   0.0000E+00  0.0000   6.4479E-07  1.0000   0.0000E+00  0.0000   0.0000E+00  0.0000
   1.0000E+01   1.7783E+01   0.0000E+00  0.0000   2.2429E-06  0.8121   0.0000E+00  0.0000   0.0000E+00  0.0000
   1.7783E+01   3.1623E+01   0.0000E+00  0.0000   7.0903E-06  0.7364   0.0000E+00  0.0000   0.0000E+00  0.0000
   3.1623E+01   5.6234E+01   0.0000E+00  0.0000   1.7651E-05  0.7114   0.0000E+00  0.0000   0.0000E+00  0.0000
   5.6234E+01   1.0000E+02   0.0000E+00  0.0000   2.5084E-05  1.0000   0.0000E+00  0.0000   0.0000E+00  0.0000
   1.0000E+02   1.7783E+02   0.0000E+00  0.0000   8.9934E-05  0.6019   0.0000E+00  0.0000   0.0000E+00  0.0000
   1.7783E+02   3.1623E+02   0.0000E+00  0.0000   3.2982E-04  0.3943   0.0000E+00  0.0000   0.0000E+00  0.0000
   3.1623E+02   5.6234E+02   0.0000E+00  0.0000   4.5465E-04  0.3349   0.0000E+00  0.0000   0.0000E+00  0.0000
   5.6234E+02   1.0000E+03   0.0000E+00  0.0000   6.9387E-04  0.2964   0.0000E+00  0.0000   0.0000E+00  0.0000
   1.0000E+03   1.7783E+03   0.0000E+00  0.0000   9.0752E-04  0.2668   0.0000E+00  0.0000   0.0000E+00  0.0000
   1.7783E+03   3.1623E+03   0.0000E+00  0.0000   1.0570E-03  0.2467   0.0000E+00  0.0000   0.0000E+00  0.0000
   3.1623E+03   5.6234E+03   0.0000E+00  0.0000   1.1780E-03  0.2602   0.0000E+00  0.0000   0.0000E+00  0.0000
   5.6234E+03   1.0000E+04   0.0000E+00  0.0000   8.4313E-04  0.2908   0.0000E+00  0.0000   0.0000E+00  0.0000
   1.0000E+04   1.7783E+04   0.0000E+00  0.0000   4.1738E-04  0.4626   0.0000E+00  0.0000   0.0000E+00  0.0000
   1.7783E+04   3.1623E+04   0.0000E+00  0.0000   1.4814E-04  1.0000   0.0000E+00  0.0000   0.0000E+00  0.0000
   3.1623E+04   5.6234E+04   0.0000E+00  0.0000   1.8768E-04  0.7124   0.0000E+00  0.0000   0.0000E+00  0.0000
   5.6234E+04   1.0000E+05   0.0000E+00  0.0000   6.3126E-05  1.0000   0.0000E+00  0.0000   0.0000E+00  0.0000

#   sum over                 5.4011E-04  0.9391   6.4233E-03  0.1012   0.0000E+00  0.0000   0.0000E+00  0.0000

'no. = 25, (ix,iy,iz) = (  1,  1, 25)'
msuc: {\huge Flux spectra vs depth in concrete}
msdr: {\it plotted by \ANGEL \version}
msdl: {\it calculated by \PHITS  3.36}
wt: s(0.7)
\vspace{-3}
   vol  &=&   2.8800E+07 [cm^3]
  xmin  &=&  -6.0000E+02 [cm]
  xmax  &=&   6.0000E+02 [cm]
  ymin  &=&  -6.0000E+02 [cm]
  ymax  &=&   6.0000E+02 [cm]
  zmin  &=&  -2.2000E+02 [cm]
  zmax  &=&  -2.0000E+02 [cm]
e:

#------------------------------------------------------------------------------
 newpage:
#   no. = 26   ix  =  1   iy  =  1   iz  = 26
#   x = (  -6.0000E+02  -   6.0000E+02  )
#   y = (  -6.0000E+02  -   6.0000E+02  )
#   z = (  -2.0000E+02  -  -1.8000E+02  )

x: Energy [MeV/n]
y: Flux [1/cm^2/source]              
p: xlog ylog afac(0.8) form(0.9)
h: n            x            y(neutron ),hh0l n y(muon-   ),hh0dr n y(muon+   ),hh0ub n y(proton  ),hh0mg n 
#  e-lower      e-upper        neutron   r.err      muon-     r.err      muon+     r.err      proton    r.err 
   1.0000E-10   1.7783E-10   0.0000E+00  0.0000   0.0000E+00  0.0000   0.0000E+00  0.0000   0.0000E+00  0.0000
   1.7783E-10   3.1623E-10   0.0000E+00  0.0000   0.0000E+00  0.0000   0.0000E+00  0.0000   0.0000E+00  0.0000
   3.1623E-10   5.6234E-10   0.0000E+00  0.0000   0.0000E+00  0.0000   0.0000E+00  0.0000   0.0000E+00  0.0000
   5.6234E-10   1.0000E-09   0.0000E+00  0.0000   0.0000E+00  0.0000   0.0000E+00  0.0000   0.0000E+00  0.0000
   1.0000E-09   1.7783E-09   2.9585E-07  1.0000   0.0000E+00  0.0000   0.0000E+00  0.0000   0.0000E+00  0.0000
   1.7783E-09   3.1623E-09   2.5503E-07  1.0000   0.0000E+00  0.0000   0.0000E+00  0.0000   0.0000E+00  0.0000
   3.1623E-09   5.6234E-09   0.0000E+00  0.0000   0.0000E+00  0.0000   0.0000E+00  0.0000   0.0000E+00  0.0000
   5.6234E-09   1.0000E-08   1.4482E-05  1.0000   0.0000E+00  0.0000   0.0000E+00  0.0000   0.0000E+00  0.0000
   1.0000E-08   1.7783E-08   8.2638E-06  0.9967   0.0000E+00  0.0000   0.0000E+00  0.0000   0.0000E+00  0.0000
   1.7783E-08   3.1623E-08   4.2740E-05  0.9622   0.0000E+00  0.0000   0.0000E+00  0.0000   0.0000E+00  0.0000
   3.1623E-08   5.6234E-08   6.2139E-05  1.0000   0.0000E+00  0.0000   0.0000E+00  0.0000   0.0000E+00  0.0000
   5.6234E-08   1.0000E-07   2.8466E-05  1.0000   0.0000E+00  0.0000   0.0000E+00  0.0000   0.0000E+00  0.0000
   1.0000E-07   1.7783E-07   1.0571E-05  1.0000   0.0000E+00  0.0000   0.0000E+00  0.0000   0.0000E+00  0.0000
   1.7783E-07   3.1623E-07   0.0000E+00  0.0000   0.0000E+00  0.0000   0.0000E+00  0.0000   0.0000E+00  0.0000
   3.1623E-07   5.6234E-07   0.0000E+00  0.0000   0.0000E+00  0.0000   0.0000E+00  0.0000   0.0000E+00  0.0000
   5.6234E-07   1.0000E-06   0.0000E+00  0.0000   0.0000E+00  0.0000   0.0000E+00  0.0000   0.0000E+00  0.0000
   1.0000E-06   1.7783E-06   0.0000E+00  0.0000   0.0000E+00  0.0000   0.0000E+00  0.0000   0.0000E+00  0.0000
   1.7783E-06   3.1623E-06   0.0000E+00  0.0000   0.0000E+00  0.0000   0.0000E+00  0.0000   0.0000E+00  0.0000
   3.1623E-06   5.6234E-06   2.2877E-05  1.0000   0.0000E+00  0.0000   0.0000E+00  0.0000   0.0000E+00  0.0000
   5.6234E-06   1.0000E-05   0.0000E+00  0.0000   0.0000E+00  0.0000   0.0000E+00  0.0000   0.0000E+00  0.0000
   1.0000E-05   1.7783E-05   0.0000E+00  0.0000   0.0000E+00  0.0000   0.0000E+00  0.0000   0.0000E+00  0.0000
   1.7783E-05   3.1623E-05   0.0000E+00  0.0000   0.0000E+00  0.0000   0.0000E+00  0.0000   0.0000E+00  0.0000
   3.1623E-05   5.6234E-05   7.4966E-06  1.0000   0.0000E+00  0.0000   0.0000E+00  0.0000   0.0000E+00  0.0000
   5.6234E-05   1.0000E-04   0.0000E+00  0.0000   0.0000E+00  0.0000   0.0000E+00  0.0000   0.0000E+00  0.0000
   1.0000E-04   1.7783E-04   2.0740E-05  1.0000   0.0000E+00  0.0000   0.0000E+00  0.0000   0.0000E+00  0.0000
   1.7783E-04   3.1623E-04   5.2432E-06  1.0000   0.0000E+00  0.0000   0.0000E+00  0.0000   0.0000E+00  0.0000
   3.1623E-04   5.6234E-04   0.0000E+00  0.0000   0.0000E+00  0.0000   0.0000E+00  0.0000   0.0000E+00  0.0000
   5.6234E-04   1.0000E-03   0.0000E+00  0.0000   0.0000E+00  0.0000   0.0000E+00  0.0000   0.0000E+00  0.0000
   1.0000E-03   1.7783E-03   0.0000E+00  0.0000   3.2970E-11  0.4991   0.0000E+00  0.0000   0.0000E+00  0.0000
   1.7783E-03   3.1623E-03   0.0000E+00  0.0000   1.6228E-11  0.4991   0.0000E+00  0.0000   0.0000E+00  0.0000
   3.1623E-03   5.6234E-03   0.0000E+00  0.0000   2.3976E-11  0.4991   0.0000E+00  0.0000   0.0000E+00  0.0000
   5.6234E-03   1.0000E-02   0.0000E+00  0.0000   3.8453E-11  0.4991   0.0000E+00  0.0000   0.0000E+00  0.0000
   1.0000E-02   1.7783E-02   0.0000E+00  0.0000   6.8950E-11  0.4991   0.0000E+00  0.0000   0.0000E+00  0.0000
   1.7783E-02   3.1623E-02   0.0000E+00  0.0000   1.4235E-10  0.4991   0.0000E+00  0.0000   0.0000E+00  0.0000
   3.1623E-02   5.6234E-02   0.0000E+00  0.0000   3.3255E-10  0.4991   0.0000E+00  0.0000   0.0000E+00  0.0000
   5.6234E-02   1.0000E-01   0.0000E+00  0.0000   8.3326E-10  0.4991   0.0000E+00  0.0000   0.0000E+00  0.0000
   1.0000E-01   1.7783E-01   0.0000E+00  0.0000   2.1389E-09  0.4991   0.0000E+00  0.0000   0.0000E+00  0.0000
   1.7783E-01   3.1623E-01   0.0000E+00  0.0000   5.5948E-09  0.4991   0.0000E+00  0.0000   0.0000E+00  0.0000
   3.1623E-01   5.6234E-01   0.0000E+00  0.0000   1.4997E-08  0.4991   0.0000E+00  0.0000   0.0000E+00  0.0000
   5.6234E-01   1.0000E+00   0.0000E+00  0.0000   4.1132E-08  0.4991   0.0000E+00  0.0000   0.0000E+00  0.0000
   1.0000E+00   1.7783E+00   0.0000E+00  0.0000   1.1517E-07  0.4991   0.0000E+00  0.0000   0.0000E+00  0.0000
   1.7783E+00   3.1623E+00   0.0000E+00  0.0000   3.2761E-07  0.4991   0.0000E+00  0.0000   0.0000E+00  0.0000
   3.1623E+00   5.6234E+00   0.0000E+00  0.0000   9.2585E-07  0.4991   0.0000E+00  0.0000   0.0000E+00  0.0000
   5.6234E+00   1.0000E+01   0.0000E+00  0.0000   2.5791E-06  0.4991   0.0000E+00  0.0000   0.0000E+00  0.0000
   1.0000E+01   1.7783E+01   0.0000E+00  0.0000   7.0223E-06  0.4991   0.0000E+00  0.0000   0.0000E+00  0.0000
   1.7783E+01   3.1623E+01   0.0000E+00  0.0000   2.0410E-05  0.4594   0.0000E+00  0.0000   0.0000E+00  0.0000
   3.1623E+01   5.6234E+01   0.0000E+00  0.0000   5.0506E-05  0.4516   0.0000E+00  0.0000   0.0000E+00  0.0000
   5.6234E+01   1.0000E+02   0.0000E+00  0.0000   7.8211E-05  0.5554   0.0000E+00  0.0000   0.0000E+00  0.0000
   1.0000E+02   1.7783E+02   0.0000E+00  0.0000   1.0959E-04  0.5903   0.0000E+00  0.0000   0.0000E+00  0.0000
   1.7783E+02   3.1623E+02   0.0000E+00  0.0000   2.1292E-04  0.4856   0.0000E+00  0.0000   0.0000E+00  0.0000
   3.1623E+02   5.6234E+02   0.0000E+00  0.0000   5.5190E-04  0.3200   0.0000E+00  0.0000   0.0000E+00  0.0000
   5.6234E+02   1.0000E+03   0.0000E+00  0.0000   7.8524E-04  0.2815   0.0000E+00  0.0000   0.0000E+00  0.0000
   1.0000E+03   1.7783E+03   0.0000E+00  0.0000   8.2427E-04  0.2729   0.0000E+00  0.0000   0.0000E+00  0.0000
   1.7783E+03   3.1623E+03   0.0000E+00  0.0000   1.1523E-03  0.2394   0.0000E+00  0.0000   0.0000E+00  0.0000
   3.1623E+03   5.6234E+03   0.0000E+00  0.0000   1.2318E-03  0.2527   0.0000E+00  0.0000   0.0000E+00  0.0000
   5.6234E+03   1.0000E+04   0.0000E+00  0.0000   8.4313E-04  0.2908   0.0000E+00  0.0000   0.0000E+00  0.0000
   1.0000E+04   1.7783E+04   0.0000E+00  0.0000   4.1038E-04  0.4702   0.0000E+00  0.0000   0.0000E+00  0.0000
   1.7783E+04   3.1623E+04   0.0000E+00  0.0000   1.4814E-04  1.0000   0.0000E+00  0.0000   0.0000E+00  0.0000
   3.1623E+04   5.6234E+04   0.0000E+00  0.0000   1.8768E-04  0.7124   0.0000E+00  0.0000   0.0000E+00  0.0000
   5.6234E+04   1.0000E+05   0.0000E+00  0.0000   6.3126E-05  1.0000   0.0000E+00  0.0000   0.0000E+00  0.0000

#   sum over                 2.2357E-04  0.9925   6.6806E-03  0.0992   0.0000E+00  0.0000   0.0000E+00  0.0000

'no. = 26, (ix,iy,iz) = (  1,  1, 26)'
msuc: {\huge Flux spectra vs depth in concrete}
msdr: {\it plotted by \ANGEL \version}
msdl: {\it calculated by \PHITS  3.36}
wt: s(0.7)
\vspace{-3}
   vol  &=&   2.8800E+07 [cm^3]
  xmin  &=&  -6.0000E+02 [cm]
  xmax  &=&   6.0000E+02 [cm]
  ymin  &=&  -6.0000E+02 [cm]
  ymax  &=&   6.0000E+02 [cm]
  zmin  &=&  -2.0000E+02 [cm]
  zmax  &=&  -1.8000E+02 [cm]
e:

#------------------------------------------------------------------------------
 newpage:
#   no. = 27   ix  =  1   iy  =  1   iz  = 27
#   x = (  -6.0000E+02  -   6.0000E+02  )
#   y = (  -6.0000E+02  -   6.0000E+02  )
#   z = (  -1.8000E+02  -  -1.6000E+02  )

x: Energy [MeV/n]
y: Flux [1/cm^2/source]              
p: xlog ylog afac(0.8) form(0.9)
h: n            x            y(neutron ),hh0l n y(muon-   ),hh0dr n y(muon+   ),hh0ub n y(proton  ),hh0mg n 
#  e-lower      e-upper        neutron   r.err      muon-     r.err      muon+     r.err      proton    r.err 
   1.0000E-10   1.7783E-10   0.0000E+00  0.0000   0.0000E+00  0.0000   0.0000E+00  0.0000   0.0000E+00  0.0000
   1.7783E-10   3.1623E-10   0.0000E+00  0.0000   0.0000E+00  0.0000   0.0000E+00  0.0000   0.0000E+00  0.0000
   3.1623E-10   5.6234E-10   0.0000E+00  0.0000   0.0000E+00  0.0000   0.0000E+00  0.0000   0.0000E+00  0.0000
   5.6234E-10   1.0000E-09   1.5541E-08  1.0000   0.0000E+00  0.0000   0.0000E+00  0.0000   0.0000E+00  0.0000
   1.0000E-09   1.7783E-09   0.0000E+00  0.0000   0.0000E+00  0.0000   0.0000E+00  0.0000   0.0000E+00  0.0000
   1.7783E-09   3.1623E-09   0.0000E+00  0.0000   0.0000E+00  0.0000   0.0000E+00  0.0000   0.0000E+00  0.0000
   3.1623E-09   5.6234E-09   2.4681E-06  1.0000   0.0000E+00  0.0000   0.0000E+00  0.0000   0.0000E+00  0.0000
   5.6234E-09   1.0000E-08   8.6322E-06  1.0000   0.0000E+00  0.0000   0.0000E+00  0.0000   0.0000E+00  0.0000
   1.0000E-08   1.7783E-08   1.8873E-05  1.0000   0.0000E+00  0.0000   0.0000E+00  0.0000   0.0000E+00  0.0000
   1.7783E-08   3.1623E-08   3.4485E-05  1.0000   0.0000E+00  0.0000   0.0000E+00  0.0000   0.0000E+00  0.0000
   3.1623E-08   5.6234E-08   1.0545E-05  1.0000   0.0000E+00  0.0000   0.0000E+00  0.0000   0.0000E+00  0.0000
   5.6234E-08   1.0000E-07   2.9732E-05  1.0000   0.0000E+00  0.0000   0.0000E+00  0.0000   0.0000E+00  0.0000
   1.0000E-07   1.7783E-07   1.4040E-05  1.0000   0.0000E+00  0.0000   0.0000E+00  0.0000   0.0000E+00  0.0000
   1.7783E-07   3.1623E-07   0.0000E+00  0.0000   0.0000E+00  0.0000   0.0000E+00  0.0000   0.0000E+00  0.0000
   3.1623E-07   5.6234E-07   0.0000E+00  0.0000   0.0000E+00  0.0000   0.0000E+00  0.0000   0.0000E+00  0.0000
   5.6234E-07   1.0000E-06   0.0000E+00  0.0000   0.0000E+00  0.0000   0.0000E+00  0.0000   0.0000E+00  0.0000
   1.0000E-06   1.7783E-06   0.0000E+00  0.0000   0.0000E+00  0.0000   0.0000E+00  0.0000   0.0000E+00  0.0000
   1.7783E-06   3.1623E-06   0.0000E+00  0.0000   0.0000E+00  0.0000   0.0000E+00  0.0000   0.0000E+00  0.0000
   3.1623E-06   5.6234E-06   0.0000E+00  0.0000   0.0000E+00  0.0000   0.0000E+00  0.0000   0.0000E+00  0.0000
   5.6234E-06   1.0000E-05   0.0000E+00  0.0000   0.0000E+00  0.0000   0.0000E+00  0.0000   0.0000E+00  0.0000
   1.0000E-05   1.7783E-05   0.0000E+00  0.0000   0.0000E+00  0.0000   0.0000E+00  0.0000   0.0000E+00  0.0000
   1.7783E-05   3.1623E-05   0.0000E+00  0.0000   0.0000E+00  0.0000   0.0000E+00  0.0000   0.0000E+00  0.0000
   3.1623E-05   5.6234E-05   0.0000E+00  0.0000   0.0000E+00  0.0000   0.0000E+00  0.0000   0.0000E+00  0.0000
   5.6234E-05   1.0000E-04   0.0000E+00  0.0000   0.0000E+00  0.0000   0.0000E+00  0.0000   0.0000E+00  0.0000
   1.0000E-04   1.7783E-04   0.0000E+00  0.0000   0.0000E+00  0.0000   0.0000E+00  0.0000   0.0000E+00  0.0000
   1.7783E-04   3.1623E-04   0.0000E+00  0.0000   0.0000E+00  0.0000   0.0000E+00  0.0000   0.0000E+00  0.0000
   3.1623E-04   5.6234E-04   0.0000E+00  0.0000   0.0000E+00  0.0000   0.0000E+00  0.0000   0.0000E+00  0.0000
   5.6234E-04   1.0000E-03   0.0000E+00  0.0000   0.0000E+00  0.0000   0.0000E+00  0.0000   0.0000E+00  0.0000
   1.0000E-03   1.7783E-03   0.0000E+00  0.0000   8.3040E-12  1.0000   0.0000E+00  0.0000   0.0000E+00  0.0000
   1.7783E-03   3.1623E-03   0.0000E+00  0.0000   4.0570E-12  1.0000   0.0000E+00  0.0000   0.0000E+00  0.0000
   3.1623E-03   5.6234E-03   0.0000E+00  0.0000   5.9939E-12  1.0000   0.0000E+00  0.0000   0.0000E+00  0.0000
   5.6234E-03   1.0000E-02   0.0000E+00  0.0000   9.6133E-12  1.0000   0.0000E+00  0.0000   0.0000E+00  0.0000
   1.0000E-02   1.7783E-02   0.0000E+00  0.0000   1.7238E-11  1.0000   0.0000E+00  0.0000   0.0000E+00  0.0000
   1.7783E-02   3.1623E-02   0.0000E+00  0.0000   3.5587E-11  1.0000   0.0000E+00  0.0000   0.0000E+00  0.0000
   3.1623E-02   5.6234E-02   0.0000E+00  0.0000   8.3139E-11  1.0000   0.0000E+00  0.0000   0.0000E+00  0.0000
   5.6234E-02   1.0000E-01   0.0000E+00  0.0000   2.0831E-10  1.0000   0.0000E+00  0.0000   0.0000E+00  0.0000
   1.0000E-01   1.7783E-01   0.0000E+00  0.0000   5.3471E-10  1.0000   0.0000E+00  0.0000   0.0000E+00  0.0000
   1.7783E-01   3.1623E-01   0.0000E+00  0.0000   1.3987E-09  1.0000   0.0000E+00  0.0000   0.0000E+00  0.0000
   3.1623E-01   5.6234E-01   0.0000E+00  0.0000   3.7491E-09  1.0000   0.0000E+00  0.0000   0.0000E+00  0.0000
   5.6234E-01   1.0000E+00   0.0000E+00  0.0000   1.0283E-08  1.0000   0.0000E+00  0.0000   0.0000E+00  0.0000
   1.0000E+00   1.7783E+00   0.0000E+00  0.0000   2.8794E-08  1.0000   0.0000E+00  0.0000   0.0000E+00  0.0000
   1.7783E+00   3.1623E+00   0.0000E+00  0.0000   8.1902E-08  1.0000   0.0000E+00  0.0000   0.0000E+00  0.0000
   3.1623E+00   5.6234E+00   0.0000E+00  0.0000   2.3146E-07  1.0000   0.0000E+00  0.0000   0.0000E+00  0.0000
   5.6234E+00   1.0000E+01   0.0000E+00  0.0000   6.4479E-07  1.0000   0.0000E+00  0.0000   0.0000E+00  0.0000
   1.0000E+01   1.7783E+01   0.0000E+00  0.0000   1.7556E-06  1.0000   0.0000E+00  0.0000   0.0000E+00  0.0000
   1.7783E+01   3.1623E+01   0.0000E+00  0.0000   4.5834E-06  1.0000   0.0000E+00  0.0000   0.0000E+00  0.0000
   3.1623E+01   5.6234E+01   0.0000E+00  0.0000   1.8080E-05  0.7267   0.0000E+00  0.0000   0.0000E+00  0.0000
   5.6234E+01   1.0000E+02   0.0000E+00  0.0000   8.0085E-05  0.5296   0.0000E+00  0.0000   0.0000E+00  0.0000
   1.0000E+02   1.7783E+02   0.0000E+00  0.0000   1.5811E-04  0.4670   0.0000E+00  0.0000   0.0000E+00  0.0000
   1.7783E+02   3.1623E+02   0.0000E+00  0.0000   1.7979E-04  0.5995   0.0000E+00  0.0000   0.0000E+00  0.0000
   3.1623E+02   5.6234E+02   0.0000E+00  0.0000   5.4279E-04  0.3323   0.0000E+00  0.0000   0.0000E+00  0.0000
   5.6234E+02   1.0000E+03   0.0000E+00  0.0000   9.5439E-04  0.2512   0.0000E+00  0.0000   0.0000E+00  0.0000
   1.0000E+03   1.7783E+03   0.0000E+00  0.0000   8.3842E-04  0.2694   0.0000E+00  0.0000   0.0000E+00  0.0000
   1.7783E+03   3.1623E+03   0.0000E+00  0.0000   1.1018E-03  0.2466   0.0000E+00  0.0000   0.0000E+00  0.0000
   3.1623E+03   5.6234E+03   0.0000E+00  0.0000   1.2855E-03  0.2465   0.0000E+00  0.0000   0.0000E+00  0.0000
   5.6234E+03   1.0000E+04   0.0000E+00  0.0000   7.6944E-04  0.2926   0.0000E+00  0.0000   0.0000E+00  0.0000
   1.0000E+04   1.7783E+04   0.0000E+00  0.0000   4.8407E-04  0.4137   0.0000E+00  0.0000   0.0000E+00  0.0000
   1.7783E+04   3.1623E+04   0.0000E+00  0.0000   1.4814E-04  1.0000   0.0000E+00  0.0000   0.0000E+00  0.0000
   3.1623E+04   5.6234E+04   0.0000E+00  0.0000   1.8768E-04  0.7124   0.0000E+00  0.0000   0.0000E+00  0.0000
   5.6234E+04   1.0000E+05   0.0000E+00  0.0000   6.3126E-05  1.0000   0.0000E+00  0.0000   0.0000E+00  0.0000

#   sum over                 1.1879E-04  1.0000   6.8188E-03  0.0978   0.0000E+00  0.0000   0.0000E+00  0.0000

'no. = 27, (ix,iy,iz) = (  1,  1, 27)'
msuc: {\huge Flux spectra vs depth in concrete}
msdr: {\it plotted by \ANGEL \version}
msdl: {\it calculated by \PHITS  3.36}
wt: s(0.7)
\vspace{-3}
   vol  &=&   2.8800E+07 [cm^3]
  xmin  &=&  -6.0000E+02 [cm]
  xmax  &=&   6.0000E+02 [cm]
  ymin  &=&  -6.0000E+02 [cm]
  ymax  &=&   6.0000E+02 [cm]
  zmin  &=&  -1.8000E+02 [cm]
  zmax  &=&  -1.6000E+02 [cm]
e:

#------------------------------------------------------------------------------
 newpage:
#   no. = 28   ix  =  1   iy  =  1   iz  = 28
#   x = (  -6.0000E+02  -   6.0000E+02  )
#   y = (  -6.0000E+02  -   6.0000E+02  )
#   z = (  -1.6000E+02  -  -1.4000E+02  )

x: Energy [MeV/n]
y: Flux [1/cm^2/source]              
p: xlog ylog afac(0.8) form(0.9)
h: n            x            y(neutron ),hh0l n y(muon-   ),hh0dr n y(muon+   ),hh0ub n y(proton  ),hh0mg n 
#  e-lower      e-upper        neutron   r.err      muon-     r.err      muon+     r.err      proton    r.err 
   1.0000E-10   1.7783E-10   0.0000E+00  0.0000   0.0000E+00  0.0000   0.0000E+00  0.0000   0.0000E+00  0.0000
   1.7783E-10   3.1623E-10   0.0000E+00  0.0000   0.0000E+00  0.0000   0.0000E+00  0.0000   0.0000E+00  0.0000
   3.1623E-10   5.6234E-10   0.0000E+00  0.0000   0.0000E+00  0.0000   0.0000E+00  0.0000   0.0000E+00  0.0000
   5.6234E-10   1.0000E-09   7.0578E-07  1.0000   0.0000E+00  0.0000   0.0000E+00  0.0000   0.0000E+00  0.0000
   1.0000E-09   1.7783E-09   9.1362E-07  1.0000   0.0000E+00  0.0000   0.0000E+00  0.0000   0.0000E+00  0.0000
   1.7783E-09   3.1623E-09   0.0000E+00  0.0000   0.0000E+00  0.0000   0.0000E+00  0.0000   0.0000E+00  0.0000
   3.1623E-09   5.6234E-09   0.0000E+00  0.0000   0.0000E+00  0.0000   0.0000E+00  0.0000   0.0000E+00  0.0000
   5.6234E-09   1.0000E-08   3.8749E-06  0.8507   0.0000E+00  0.0000   0.0000E+00  0.0000   0.0000E+00  0.0000
   1.0000E-08   1.7783E-08   1.8935E-05  0.7716   0.0000E+00  0.0000   0.0000E+00  0.0000   0.0000E+00  0.0000
   1.7783E-08   3.1623E-08   2.4149E-05  0.8380   0.0000E+00  0.0000   0.0000E+00  0.0000   0.0000E+00  0.0000
   3.1623E-08   5.6234E-08   4.8698E-05  0.7236   0.0000E+00  0.0000   0.0000E+00  0.0000   0.0000E+00  0.0000
   5.6234E-08   1.0000E-07   3.9436E-05  0.7357   0.0000E+00  0.0000   0.0000E+00  0.0000   0.0000E+00  0.0000
   1.0000E-07   1.7783E-07   2.7637E-05  0.9957   0.0000E+00  0.0000   0.0000E+00  0.0000   0.0000E+00  0.0000
   1.7783E-07   3.1623E-07   0.0000E+00  0.0000   0.0000E+00  0.0000   0.0000E+00  0.0000   0.0000E+00  0.0000
   3.1623E-07   5.6234E-07   0.0000E+00  0.0000   0.0000E+00  0.0000   0.0000E+00  0.0000   0.0000E+00  0.0000
   5.6234E-07   1.0000E-06   1.5854E-05  1.0000   0.0000E+00  0.0000   0.0000E+00  0.0000   0.0000E+00  0.0000
   1.0000E-06   1.7783E-06   1.5911E-06  1.0000   0.0000E+00  0.0000   0.0000E+00  0.0000   0.0000E+00  0.0000
   1.7783E-06   3.1623E-06   6.4704E-06  1.0000   0.0000E+00  0.0000   0.0000E+00  0.0000   0.0000E+00  0.0000
   3.1623E-06   5.6234E-06   0.0000E+00  0.0000   0.0000E+00  0.0000   0.0000E+00  0.0000   0.0000E+00  0.0000
   5.6234E-06   1.0000E-05   0.0000E+00  0.0000   0.0000E+00  0.0000   0.0000E+00  0.0000   0.0000E+00  0.0000
   1.0000E-05   1.7783E-05   9.6417E-06  1.0000   0.0000E+00  0.0000   0.0000E+00  0.0000   0.0000E+00  0.0000
   1.7783E-05   3.1623E-05   1.1458E-05  1.0000   0.0000E+00  0.0000   0.0000E+00  0.0000   0.0000E+00  0.0000
   3.1623E-05   5.6234E-05   1.5131E-05  1.0000   0.0000E+00  0.0000   0.0000E+00  0.0000   0.0000E+00  0.0000
   5.6234E-05   1.0000E-04   0.0000E+00  0.0000   0.0000E+00  0.0000   0.0000E+00  0.0000   0.0000E+00  0.0000
   1.0000E-04   1.7783E-04   0.0000E+00  0.0000   2.7721E-16  1.0000   0.0000E+00  0.0000   0.0000E+00  0.0000
   1.7783E-04   3.1623E-04   0.0000E+00  0.0000   0.0000E+00  0.0000   0.0000E+00  0.0000   0.0000E+00  0.0000
   3.1623E-04   5.6234E-04   0.0000E+00  0.0000   0.0000E+00  0.0000   0.0000E+00  0.0000   0.0000E+00  0.0000
   5.6234E-04   1.0000E-03   0.0000E+00  0.0000   0.0000E+00  0.0000   0.0000E+00  0.0000   0.0000E+00  0.0000
   1.0000E-03   1.7783E-03   1.8608E-06  1.0000   2.4912E-11  0.5766   0.0000E+00  0.0000   5.9980E-12  1.0000
   1.7783E-03   3.1623E-03   1.4421E-06  1.0000   1.2171E-11  0.5766   0.0000E+00  0.0000   9.6861E-12  1.0000
   3.1623E-03   5.6234E-03   6.4831E-06  1.0000   1.7982E-11  0.5766   0.0000E+00  0.0000   1.4622E-11  1.0000
   5.6234E-03   1.0000E-02   2.3866E-05  1.0000   2.8840E-11  0.5766   0.0000E+00  0.0000   2.0177E-11  1.0000
   1.0000E-02   1.7783E-02   8.1302E-06  1.0000   5.1713E-11  0.5766   0.0000E+00  0.0000   2.7062E-11  1.0000
   1.7783E-02   3.1623E-02   3.0841E-05  1.0000   1.0676E-10  0.5766   0.0000E+00  0.0000   3.8771E-11  1.0000
   3.1623E-02   5.6234E-02   6.1297E-06  1.0000   2.4942E-10  0.5766   0.0000E+00  0.0000   5.8180E-11  1.0000
   5.6234E-02   1.0000E-01   4.6543E-07  1.0000   6.2494E-10  0.5766   0.0000E+00  0.0000   9.5174E-11  1.0000
   1.0000E-01   1.7783E-01   1.3408E-05  1.0000   1.6041E-09  0.5766   0.0000E+00  0.0000   1.7562E-10  1.0000
   1.7783E-01   3.1623E-01   2.3152E-05  1.0000   4.1961E-09  0.5766   0.0000E+00  0.0000   3.7312E-10  1.0000
   3.1623E-01   5.6234E-01   1.0755E-05  1.0000   1.1247E-08  0.5766   0.0000E+00  0.0000   8.8901E-10  1.0000
   5.6234E-01   1.0000E+00   2.6738E-06  1.0000   3.0849E-08  0.5766   0.0000E+00  0.0000   2.2441E-09  1.0000
   1.0000E+00   1.7783E+00   0.0000E+00  0.0000   8.6381E-08  0.5766   0.0000E+00  0.0000   5.7803E-09  1.0000
   1.7783E+00   3.1623E+00   1.3345E-04  1.0000   2.4571E-07  0.5766   0.0000E+00  0.0000   1.3134E-08  1.0000
   3.1623E+00   5.6234E+00   1.2698E-06  1.0000   6.9439E-07  0.5766   0.0000E+00  0.0000   0.0000E+00  0.0000
   5.6234E+00   1.0000E+01   0.0000E+00  0.0000   1.9344E-06  0.5766   0.0000E+00  0.0000   0.0000E+00  0.0000
   1.0000E+01   1.7783E+01   0.0000E+00  0.0000   5.2667E-06  0.5766   0.0000E+00  0.0000   0.0000E+00  0.0000
   1.7783E+01   3.1623E+01   0.0000E+00  0.0000   1.3750E-05  0.5766   0.0000E+00  0.0000   0.0000E+00  0.0000
   3.1623E+01   5.6234E+01   0.0000E+00  0.0000   3.3614E-05  0.5766   0.0000E+00  0.0000   0.0000E+00  0.0000
   5.6234E+01   1.0000E+02   0.0000E+00  0.0000   7.8773E-05  0.5081   0.0000E+00  0.0000   0.0000E+00  0.0000
   1.0000E+02   1.7783E+02   0.0000E+00  0.0000   1.1467E-04  0.5328   0.0000E+00  0.0000   0.0000E+00  0.0000
   1.7783E+02   3.1623E+02   0.0000E+00  0.0000   1.6416E-04  0.5089   0.0000E+00  0.0000   0.0000E+00  0.0000
   3.1623E+02   5.6234E+02   0.0000E+00  0.0000   4.5940E-04  0.3787   0.0000E+00  0.0000   0.0000E+00  0.0000
   5.6234E+02   1.0000E+03   0.0000E+00  0.0000   9.1821E-04  0.2519   0.0000E+00  0.0000   0.0000E+00  0.0000
   1.0000E+03   1.7783E+03   0.0000E+00  0.0000   9.2422E-04  0.2526   0.0000E+00  0.0000   0.0000E+00  0.0000
   1.7783E+03   3.1623E+03   0.0000E+00  0.0000   1.0986E-03  0.2395   0.0000E+00  0.0000   0.0000E+00  0.0000
   3.1623E+03   5.6234E+03   0.0000E+00  0.0000   1.2969E-03  0.2410   0.0000E+00  0.0000   0.0000E+00  0.0000
   5.6234E+03   1.0000E+04   0.0000E+00  0.0000   7.4039E-04  0.3031   0.0000E+00  0.0000   0.0000E+00  0.0000
   1.0000E+04   1.7783E+04   0.0000E+00  0.0000   5.7303E-04  0.3926   0.0000E+00  0.0000   0.0000E+00  0.0000
   1.7783E+04   3.1623E+04   0.0000E+00  0.0000   1.4814E-04  1.0000   0.0000E+00  0.0000   0.0000E+00  0.0000
   3.1623E+04   5.6234E+04   0.0000E+00  0.0000   2.2825E-04  0.6483   0.0000E+00  0.0000   0.0000E+00  0.0000
   5.6234E+04   1.0000E+05   0.0000E+00  0.0000   6.3126E-05  1.0000   0.0000E+00  0.0000   0.0000E+00  0.0000

#   sum over                 4.8842E-04  0.6756   6.8635E-03  0.0974   0.0000E+00  0.0000   2.2865E-08  1.0000

'no. = 28, (ix,iy,iz) = (  1,  1, 28)'
msuc: {\huge Flux spectra vs depth in concrete}
msdr: {\it plotted by \ANGEL \version}
msdl: {\it calculated by \PHITS  3.36}
wt: s(0.7)
\vspace{-3}
   vol  &=&   2.8800E+07 [cm^3]
  xmin  &=&  -6.0000E+02 [cm]
  xmax  &=&   6.0000E+02 [cm]
  ymin  &=&  -6.0000E+02 [cm]
  ymax  &=&   6.0000E+02 [cm]
  zmin  &=&  -1.6000E+02 [cm]
  zmax  &=&  -1.4000E+02 [cm]
e:

#------------------------------------------------------------------------------
 newpage:
#   no. = 29   ix  =  1   iy  =  1   iz  = 29
#   x = (  -6.0000E+02  -   6.0000E+02  )
#   y = (  -6.0000E+02  -   6.0000E+02  )
#   z = (  -1.4000E+02  -  -1.2000E+02  )

x: Energy [MeV/n]
y: Flux [1/cm^2/source]              
p: xlog ylog afac(0.8) form(0.9)
h: n            x            y(neutron ),hh0l n y(muon-   ),hh0dr n y(muon+   ),hh0ub n y(proton  ),hh0mg n 
#  e-lower      e-upper        neutron   r.err      muon-     r.err      muon+     r.err      proton    r.err 
   1.0000E-10   1.7783E-10   0.0000E+00  0.0000   0.0000E+00  0.0000   0.0000E+00  0.0000   0.0000E+00  0.0000
   1.7783E-10   3.1623E-10   0.0000E+00  0.0000   0.0000E+00  0.0000   0.0000E+00  0.0000   0.0000E+00  0.0000
   3.1623E-10   5.6234E-10   0.0000E+00  0.0000   0.0000E+00  0.0000   0.0000E+00  0.0000   0.0000E+00  0.0000
   5.6234E-10   1.0000E-09   2.1678E-06  0.7433   0.0000E+00  0.0000   0.0000E+00  0.0000   0.0000E+00  0.0000
   1.0000E-09   1.7783E-09   1.0355E-07  1.0000   0.0000E+00  0.0000   0.0000E+00  0.0000   0.0000E+00  0.0000
   1.7783E-09   3.1623E-09   4.8810E-06  0.7363   0.0000E+00  0.0000   0.0000E+00  0.0000   0.0000E+00  0.0000
   3.1623E-09   5.6234E-09   3.6043E-06  0.6776   0.0000E+00  0.0000   0.0000E+00  0.0000   0.0000E+00  0.0000
   5.6234E-09   1.0000E-08   1.3688E-05  0.7101   0.0000E+00  0.0000   0.0000E+00  0.0000   0.0000E+00  0.0000
   1.0000E-08   1.7783E-08   4.0033E-05  0.7636   0.0000E+00  0.0000   0.0000E+00  0.0000   0.0000E+00  0.0000
   1.7783E-08   3.1623E-08   8.3485E-05  0.6895   0.0000E+00  0.0000   0.0000E+00  0.0000   0.0000E+00  0.0000
   3.1623E-08   5.6234E-08   1.2860E-04  0.6814   0.0000E+00  0.0000   0.0000E+00  0.0000   0.0000E+00  0.0000
   5.6234E-08   1.0000E-07   1.8519E-04  0.6471   0.0000E+00  0.0000   0.0000E+00  0.0000   0.0000E+00  0.0000
   1.0000E-07   1.7783E-07   4.9224E-05  0.6421   0.0000E+00  0.0000   0.0000E+00  0.0000   0.0000E+00  0.0000
   1.7783E-07   3.1623E-07   2.1853E-05  0.9641   0.0000E+00  0.0000   0.0000E+00  0.0000   0.0000E+00  0.0000
   3.1623E-07   5.6234E-07   0.0000E+00  0.0000   0.0000E+00  0.0000   0.0000E+00  0.0000   0.0000E+00  0.0000
   5.6234E-07   1.0000E-06   0.0000E+00  0.0000   0.0000E+00  0.0000   0.0000E+00  0.0000   0.0000E+00  0.0000
   1.0000E-06   1.7783E-06   7.0831E-06  1.0000   0.0000E+00  0.0000   0.0000E+00  0.0000   0.0000E+00  0.0000
   1.7783E-06   3.1623E-06   2.1529E-05  1.0000   0.0000E+00  0.0000   0.0000E+00  0.0000   0.0000E+00  0.0000
   3.1623E-06   5.6234E-06   3.0006E-05  1.0000   0.0000E+00  0.0000   0.0000E+00  0.0000   0.0000E+00  0.0000
   5.6234E-06   1.0000E-05   9.6052E-06  1.0000   0.0000E+00  0.0000   0.0000E+00  0.0000   0.0000E+00  0.0000
   1.0000E-05   1.7783E-05   1.7272E-05  0.7079   0.0000E+00  0.0000   0.0000E+00  0.0000   0.0000E+00  0.0000
   1.7783E-05   3.1623E-05   1.3242E-05  1.0000   0.0000E+00  0.0000   0.0000E+00  0.0000   0.0000E+00  0.0000
   3.1623E-05   5.6234E-05   9.1450E-06  0.9463   0.0000E+00  0.0000   0.0000E+00  0.0000   0.0000E+00  0.0000
   5.6234E-05   1.0000E-04   0.0000E+00  0.0000   0.0000E+00  0.0000   0.0000E+00  0.0000   0.0000E+00  0.0000
   1.0000E-04   1.7783E-04   0.0000E+00  0.0000   0.0000E+00  0.0000   0.0000E+00  0.0000   0.0000E+00  0.0000
   1.7783E-04   3.1623E-04   1.9848E-07  1.0000   0.0000E+00  0.0000   0.0000E+00  0.0000   0.0000E+00  0.0000
   3.1623E-04   5.6234E-04   1.5071E-05  1.0000   0.0000E+00  0.0000   0.0000E+00  0.0000   0.0000E+00  0.0000
   5.6234E-04   1.0000E-03   0.0000E+00  0.0000   0.0000E+00  0.0000   0.0000E+00  0.0000   0.0000E+00  0.0000
   1.0000E-03   1.7783E-03   1.0389E-05  1.0000   2.1931E-11  0.5793   0.0000E+00  0.0000   5.9980E-12  1.0000
   1.7783E-03   3.1623E-03   3.0205E-06  1.0000   1.2171E-11  0.5766   0.0000E+00  0.0000   9.6861E-12  1.0000
   3.1623E-03   5.6234E-03   1.2146E-05  1.0000   1.7982E-11  0.5766   0.0000E+00  0.0000   1.4622E-11  1.0000
   5.6234E-03   1.0000E-02   1.0799E-05  0.8959   2.8840E-11  0.5766   0.0000E+00  0.0000   2.0177E-11  1.0000
   1.0000E-02   1.7783E-02   4.6228E-05  0.8432   5.1713E-11  0.5766   0.0000E+00  0.0000   2.7062E-11  1.0000
   1.7783E-02   3.1623E-02   8.7797E-06  1.0000   1.0676E-10  0.5766   0.0000E+00  0.0000   3.8771E-11  1.0000
   3.1623E-02   5.6234E-02   4.3387E-05  0.7396   2.4942E-10  0.5766   0.0000E+00  0.0000   5.8180E-11  1.0000
   5.6234E-02   1.0000E-01   7.6757E-06  0.7290   6.2494E-10  0.5766   0.0000E+00  0.0000   9.5174E-11  1.0000
   1.0000E-01   1.7783E-01   2.5359E-06  1.0000   1.6041E-09  0.5766   0.0000E+00  0.0000   1.7562E-10  1.0000
   1.7783E-01   3.1623E-01   9.0620E-05  0.7067   4.1961E-09  0.5766   0.0000E+00  0.0000   3.7312E-10  1.0000
   3.1623E-01   5.6234E-01   4.3990E-05  0.9037   1.1247E-08  0.5766   0.0000E+00  0.0000   8.8901E-10  1.0000
   5.6234E-01   1.0000E+00   2.2261E-05  1.0000   3.0849E-08  0.5766   0.0000E+00  0.0000   2.2441E-09  1.0000
   1.0000E+00   1.7783E+00   0.0000E+00  0.0000   8.6381E-08  0.5766   0.0000E+00  0.0000   5.7803E-09  1.0000
   1.7783E+00   3.1623E+00   1.2715E-06  1.0000   2.4571E-07  0.5766   0.0000E+00  0.0000   9.6153E-09  1.0000
   3.1623E+00   5.6234E+00   0.0000E+00  0.0000   6.9439E-07  0.5766   0.0000E+00  0.0000   0.0000E+00  0.0000
   5.6234E+00   1.0000E+01   0.0000E+00  0.0000   1.9344E-06  0.5766   0.0000E+00  0.0000   0.0000E+00  0.0000
   1.0000E+01   1.7783E+01   0.0000E+00  0.0000   5.2667E-06  0.5766   0.0000E+00  0.0000   0.0000E+00  0.0000
   1.7783E+01   3.1623E+01   0.0000E+00  0.0000   1.2206E-05  0.5858   0.0000E+00  0.0000   0.0000E+00  0.0000
   3.1623E+01   5.6234E+01   0.0000E+00  0.0000   2.2409E-05  0.7067   0.0000E+00  0.0000   0.0000E+00  0.0000
   5.6234E+01   1.0000E+02   0.0000E+00  0.0000   6.3938E-05  0.5782   0.0000E+00  0.0000   0.0000E+00  0.0000
   1.0000E+02   1.7783E+02   0.0000E+00  0.0000   1.8503E-04  0.4818   0.0000E+00  0.0000   0.0000E+00  0.0000
   1.7783E+02   3.1623E+02   0.0000E+00  0.0000   3.1421E-04  0.4196   0.0000E+00  0.0000   0.0000E+00  0.0000
   3.1623E+02   5.6234E+02   0.0000E+00  0.0000   1.9687E-04  0.5052   0.0000E+00  0.0000   0.0000E+00  0.0000
   5.6234E+02   1.0000E+03   0.0000E+00  0.0000   9.8036E-04  0.2492   0.0000E+00  0.0000   0.0000E+00  0.0000
   1.0000E+03   1.7783E+03   0.0000E+00  0.0000   1.1168E-03  0.2347   0.0000E+00  0.0000   0.0000E+00  0.0000
   1.7783E+03   3.1623E+03   0.0000E+00  0.0000   9.6144E-04  0.2615   0.0000E+00  0.0000   0.0000E+00  0.0000
   3.1623E+03   5.6234E+03   0.0000E+00  0.0000   1.4394E-03  0.2309   0.0000E+00  0.0000   0.0000E+00  0.0000
   5.6234E+03   1.0000E+04   0.0000E+00  0.0000   7.4718E-04  0.3028   0.0000E+00  0.0000   0.0000E+00  0.0000
   1.0000E+04   1.7783E+04   0.0000E+00  0.0000   5.7303E-04  0.3926   0.0000E+00  0.0000   0.0000E+00  0.0000
   1.7783E+04   3.1623E+04   0.0000E+00  0.0000   1.4814E-04  1.0000   0.0000E+00  0.0000   0.0000E+00  0.0000
   3.1623E+04   5.6234E+04   0.0000E+00  0.0000   3.1674E-04  0.7446   0.0000E+00  0.0000   0.0000E+00  0.0000
   5.6234E+04   1.0000E+05   0.0000E+00  0.0000   6.3126E-05  1.0000   0.0000E+00  0.0000   0.0000E+00  0.0000

#   sum over                 9.5909E-04  0.6148   7.1491E-03  0.0984   0.0000E+00  0.0000   1.9347E-08  1.0000

'no. = 29, (ix,iy,iz) = (  1,  1, 29)'
msuc: {\huge Flux spectra vs depth in concrete}
msdr: {\it plotted by \ANGEL \version}
msdl: {\it calculated by \PHITS  3.36}
wt: s(0.7)
\vspace{-3}
   vol  &=&   2.8800E+07 [cm^3]
  xmin  &=&  -6.0000E+02 [cm]
  xmax  &=&   6.0000E+02 [cm]
  ymin  &=&  -6.0000E+02 [cm]
  ymax  &=&   6.0000E+02 [cm]
  zmin  &=&  -1.4000E+02 [cm]
  zmax  &=&  -1.2000E+02 [cm]
e:

#------------------------------------------------------------------------------
 newpage:
#   no. = 30   ix  =  1   iy  =  1   iz  = 30
#   x = (  -6.0000E+02  -   6.0000E+02  )
#   y = (  -6.0000E+02  -   6.0000E+02  )
#   z = (  -1.2000E+02  -  -1.0000E+02  )

x: Energy [MeV/n]
y: Flux [1/cm^2/source]              
p: xlog ylog afac(0.8) form(0.9)
h: n            x            y(neutron ),hh0l n y(muon-   ),hh0dr n y(muon+   ),hh0ub n y(proton  ),hh0mg n 
#  e-lower      e-upper        neutron   r.err      muon-     r.err      muon+     r.err      proton    r.err 
   1.0000E-10   1.7783E-10   1.0182E-07  1.0000   0.0000E+00  0.0000   0.0000E+00  0.0000   0.0000E+00  0.0000
   1.7783E-10   3.1623E-10   0.0000E+00  0.0000   0.0000E+00  0.0000   0.0000E+00  0.0000   0.0000E+00  0.0000
   3.1623E-10   5.6234E-10   0.0000E+00  0.0000   0.0000E+00  0.0000   0.0000E+00  0.0000   0.0000E+00  0.0000
   5.6234E-10   1.0000E-09   0.0000E+00  0.0000   0.0000E+00  0.0000   0.0000E+00  0.0000   0.0000E+00  0.0000
   1.0000E-09   1.7783E-09   0.0000E+00  0.0000   0.0000E+00  0.0000   0.0000E+00  0.0000   0.0000E+00  0.0000
   1.7783E-09   3.1623E-09   5.2556E-07  1.0000   0.0000E+00  0.0000   0.0000E+00  0.0000   0.0000E+00  0.0000
   3.1623E-09   5.6234E-09   0.0000E+00  0.0000   0.0000E+00  0.0000   0.0000E+00  0.0000   0.0000E+00  0.0000
   5.6234E-09   1.0000E-08   9.2300E-06  1.0000   0.0000E+00  0.0000   0.0000E+00  0.0000   0.0000E+00  0.0000
   1.0000E-08   1.7783E-08   1.0348E-05  1.0000   0.0000E+00  0.0000   0.0000E+00  0.0000   0.0000E+00  0.0000
   1.7783E-08   3.1623E-08   3.3602E-05  0.9946   0.0000E+00  0.0000   0.0000E+00  0.0000   0.0000E+00  0.0000
   3.1623E-08   5.6234E-08   5.3719E-05  0.9974   0.0000E+00  0.0000   0.0000E+00  0.0000   0.0000E+00  0.0000
   5.6234E-08   1.0000E-07   4.7875E-05  0.9542   0.0000E+00  0.0000   0.0000E+00  0.0000   0.0000E+00  0.0000
   1.0000E-07   1.7783E-07   2.0399E-05  1.0000   0.0000E+00  0.0000   0.0000E+00  0.0000   0.0000E+00  0.0000
   1.7783E-07   3.1623E-07   6.2024E-08  1.0000   0.0000E+00  0.0000   0.0000E+00  0.0000   0.0000E+00  0.0000
   3.1623E-07   5.6234E-07   3.9882E-05  1.0000   0.0000E+00  0.0000   0.0000E+00  0.0000   0.0000E+00  0.0000
   5.6234E-07   1.0000E-06   8.6210E-06  1.0000   0.0000E+00  0.0000   0.0000E+00  0.0000   0.0000E+00  0.0000
   1.0000E-06   1.7783E-06   6.9455E-06  1.0000   0.0000E+00  0.0000   0.0000E+00  0.0000   0.0000E+00  0.0000
   1.7783E-06   3.1623E-06   9.7963E-07  1.0000   0.0000E+00  0.0000   0.0000E+00  0.0000   0.0000E+00  0.0000
   3.1623E-06   5.6234E-06   2.6409E-06  1.0000   0.0000E+00  0.0000   0.0000E+00  0.0000   0.0000E+00  0.0000
   5.6234E-06   1.0000E-05   0.0000E+00  0.0000   0.0000E+00  0.0000   0.0000E+00  0.0000   0.0000E+00  0.0000
   1.0000E-05   1.7783E-05   3.6156E-05  0.8720   0.0000E+00  0.0000   0.0000E+00  0.0000   0.0000E+00  0.0000
   1.7783E-05   3.1623E-05   6.9676E-07  1.0000   0.0000E+00  0.0000   0.0000E+00  0.0000   0.0000E+00  0.0000
   3.1623E-05   5.6234E-05   3.2998E-05  0.6493   0.0000E+00  0.0000   0.0000E+00  0.0000   0.0000E+00  0.0000
   5.6234E-05   1.0000E-04   1.3705E-05  0.9317   0.0000E+00  0.0000   0.0000E+00  0.0000   0.0000E+00  0.0000
   1.0000E-04   1.7783E-04   4.8551E-06  1.0000   0.0000E+00  0.0000   0.0000E+00  0.0000   0.0000E+00  0.0000
   1.7783E-04   3.1623E-04   2.3450E-05  0.6829   0.0000E+00  0.0000   0.0000E+00  0.0000   0.0000E+00  0.0000
   3.1623E-04   5.6234E-04   5.1801E-05  0.9139   0.0000E+00  0.0000   0.0000E+00  0.0000   0.0000E+00  0.0000
   5.6234E-04   1.0000E-03   5.1550E-07  1.0000   0.0000E+00  0.0000   0.0000E+00  0.0000   0.0000E+00  0.0000
   1.0000E-03   1.7783E-03   7.7987E-06  1.0000   8.3040E-12  1.0000   0.0000E+00  0.0000   0.0000E+00  0.0000
   1.7783E-03   3.1623E-03   4.5363E-06  1.0000   4.0570E-12  1.0000   0.0000E+00  0.0000   0.0000E+00  0.0000
   3.1623E-03   5.6234E-03   1.9753E-06  1.0000   5.9939E-12  1.0000   0.0000E+00  0.0000   0.0000E+00  0.0000
   5.6234E-03   1.0000E-02   5.6789E-06  1.0000   9.6133E-12  1.0000   0.0000E+00  0.0000   0.0000E+00  0.0000
   1.0000E-02   1.7783E-02   0.0000E+00  0.0000   1.7238E-11  1.0000   0.0000E+00  0.0000   0.0000E+00  0.0000
   1.7783E-02   3.1623E-02   0.0000E+00  0.0000   3.5587E-11  1.0000   0.0000E+00  0.0000   0.0000E+00  0.0000
   3.1623E-02   5.6234E-02   5.8619E-06  1.0000   8.3139E-11  1.0000   0.0000E+00  0.0000   0.0000E+00  0.0000
   5.6234E-02   1.0000E-01   1.4748E-05  1.0000   2.0831E-10  1.0000   0.0000E+00  0.0000   0.0000E+00  0.0000
   1.0000E-01   1.7783E-01   6.7196E-06  1.0000   5.3471E-10  1.0000   0.0000E+00  0.0000   0.0000E+00  0.0000
   1.7783E-01   3.1623E-01   1.2242E-05  1.0000   1.3987E-09  1.0000   0.0000E+00  0.0000   0.0000E+00  0.0000
   3.1623E-01   5.6234E-01   0.0000E+00  0.0000   3.7491E-09  1.0000   0.0000E+00  0.0000   0.0000E+00  0.0000
   5.6234E-01   1.0000E+00   0.0000E+00  0.0000   1.0283E-08  1.0000   0.0000E+00  0.0000   0.0000E+00  0.0000
   1.0000E+00   1.7783E+00   0.0000E+00  0.0000   2.8794E-08  1.0000   0.0000E+00  0.0000   0.0000E+00  0.0000
   1.7783E+00   3.1623E+00   0.0000E+00  0.0000   8.1902E-08  1.0000   0.0000E+00  0.0000   0.0000E+00  0.0000
   3.1623E+00   5.6234E+00   0.0000E+00  0.0000   2.3146E-07  1.0000   0.0000E+00  0.0000   0.0000E+00  0.0000
   5.6234E+00   1.0000E+01   0.0000E+00  0.0000   6.4479E-07  1.0000   0.0000E+00  0.0000   0.0000E+00  0.0000
   1.0000E+01   1.7783E+01   0.0000E+00  0.0000   1.7556E-06  1.0000   0.0000E+00  0.0000   0.0000E+00  0.0000
   1.7783E+01   3.1623E+01   0.0000E+00  0.0000   6.1278E-06  0.7890   0.0000E+00  0.0000   0.0000E+00  0.0000
   3.1623E+01   5.6234E+01   0.0000E+00  0.0000   2.2409E-05  0.7067   0.0000E+00  0.0000   0.0000E+00  0.0000
   5.6234E+01   1.0000E+02   0.0000E+00  0.0000   2.6332E-05  0.9537   0.0000E+00  0.0000   0.0000E+00  0.0000
   1.0000E+02   1.7783E+02   0.0000E+00  0.0000   8.6832E-05  0.5896   0.0000E+00  0.0000   0.0000E+00  0.0000
   1.7783E+02   3.1623E+02   0.0000E+00  0.0000   2.6120E-04  0.4195   0.0000E+00  0.0000   0.0000E+00  0.0000
   3.1623E+02   5.6234E+02   0.0000E+00  0.0000   3.8643E-04  0.3878   0.0000E+00  0.0000   0.0000E+00  0.0000
   5.6234E+02   1.0000E+03   0.0000E+00  0.0000   8.5135E-04  0.2804   0.0000E+00  0.0000   0.0000E+00  0.0000
   1.0000E+03   1.7783E+03   0.0000E+00  0.0000   1.2351E-03  0.2156   0.0000E+00  0.0000   0.0000E+00  0.0000
   1.7783E+03   3.1623E+03   0.0000E+00  0.0000   1.0505E-03  0.2450   0.0000E+00  0.0000   0.0000E+00  0.0000
   3.1623E+03   5.6234E+03   0.0000E+00  0.0000   1.5366E-03  0.2195   0.0000E+00  0.0000   0.0000E+00  0.0000
   5.6234E+03   1.0000E+04   0.0000E+00  0.0000   7.5055E-04  0.3015   0.0000E+00  0.0000   0.0000E+00  0.0000
   1.0000E+04   1.7783E+04   0.0000E+00  0.0000   5.7301E-04  0.3926   0.0000E+00  0.0000   0.0000E+00  0.0000
   1.7783E+04   3.1623E+04   0.0000E+00  0.0000   1.4814E-04  1.0000   0.0000E+00  0.0000   0.0000E+00  0.0000
   3.1623E+04   5.6234E+04   0.0000E+00  0.0000   3.1667E-04  0.7446   0.0000E+00  0.0000   0.0000E+00  0.0000
   5.6234E+04   1.0000E+05   0.0000E+00  0.0000   6.3126E-05  1.0000   0.0000E+00  0.0000   0.0000E+00  0.0000

#   sum over                 4.5867E-04  0.8013   7.3172E-03  0.0973   0.0000E+00  0.0000   0.0000E+00  0.0000

'no. = 30, (ix,iy,iz) = (  1,  1, 30)'
msuc: {\huge Flux spectra vs depth in concrete}
msdr: {\it plotted by \ANGEL \version}
msdl: {\it calculated by \PHITS  3.36}
wt: s(0.7)
\vspace{-3}
   vol  &=&   2.8800E+07 [cm^3]
  xmin  &=&  -6.0000E+02 [cm]
  xmax  &=&   6.0000E+02 [cm]
  ymin  &=&  -6.0000E+02 [cm]
  ymax  &=&   6.0000E+02 [cm]
  zmin  &=&  -1.2000E+02 [cm]
  zmax  &=&  -1.0000E+02 [cm]
e:

#------------------------------------------------------------------------------
 newpage:
#   no. = 31   ix  =  1   iy  =  1   iz  = 31
#   x = (  -6.0000E+02  -   6.0000E+02  )
#   y = (  -6.0000E+02  -   6.0000E+02  )
#   z = (  -1.0000E+02  -  -8.0000E+01  )

x: Energy [MeV/n]
y: Flux [1/cm^2/source]              
p: xlog ylog afac(0.8) form(0.9)
h: n            x            y(neutron ),hh0l n y(muon-   ),hh0dr n y(muon+   ),hh0ub n y(proton  ),hh0mg n 
#  e-lower      e-upper        neutron   r.err      muon-     r.err      muon+     r.err      proton    r.err 
   1.0000E-10   1.7783E-10   0.0000E+00  0.0000   0.0000E+00  0.0000   0.0000E+00  0.0000   0.0000E+00  0.0000
   1.7783E-10   3.1623E-10   0.0000E+00  0.0000   0.0000E+00  0.0000   0.0000E+00  0.0000   0.0000E+00  0.0000
   3.1623E-10   5.6234E-10   0.0000E+00  0.0000   0.0000E+00  0.0000   0.0000E+00  0.0000   0.0000E+00  0.0000
   5.6234E-10   1.0000E-09   0.0000E+00  0.0000   0.0000E+00  0.0000   0.0000E+00  0.0000   0.0000E+00  0.0000
   1.0000E-09   1.7783E-09   0.0000E+00  0.0000   0.0000E+00  0.0000   0.0000E+00  0.0000   0.0000E+00  0.0000
   1.7783E-09   3.1623E-09   0.0000E+00  0.0000   0.0000E+00  0.0000   0.0000E+00  0.0000   0.0000E+00  0.0000
   3.1623E-09   5.6234E-09   0.0000E+00  0.0000   0.0000E+00  0.0000   0.0000E+00  0.0000   0.0000E+00  0.0000
   5.6234E-09   1.0000E-08   0.0000E+00  0.0000   0.0000E+00  0.0000   0.0000E+00  0.0000   0.0000E+00  0.0000
   1.0000E-08   1.7783E-08   0.0000E+00  0.0000   0.0000E+00  0.0000   0.0000E+00  0.0000   0.0000E+00  0.0000
   1.7783E-08   3.1623E-08   0.0000E+00  0.0000   0.0000E+00  0.0000   0.0000E+00  0.0000   0.0000E+00  0.0000
   3.1623E-08   5.6234E-08   0.0000E+00  0.0000   0.0000E+00  0.0000   0.0000E+00  0.0000   0.0000E+00  0.0000
   5.6234E-08   1.0000E-07   0.0000E+00  0.0000   0.0000E+00  0.0000   0.0000E+00  0.0000   0.0000E+00  0.0000
   1.0000E-07   1.7783E-07   0.0000E+00  0.0000   0.0000E+00  0.0000   0.0000E+00  0.0000   0.0000E+00  0.0000
   1.7783E-07   3.1623E-07   0.0000E+00  0.0000   0.0000E+00  0.0000   0.0000E+00  0.0000   0.0000E+00  0.0000
   3.1623E-07   5.6234E-07   0.0000E+00  0.0000   0.0000E+00  0.0000   0.0000E+00  0.0000   0.0000E+00  0.0000
   5.6234E-07   1.0000E-06   0.0000E+00  0.0000   0.0000E+00  0.0000   0.0000E+00  0.0000   0.0000E+00  0.0000
   1.0000E-06   1.7783E-06   0.0000E+00  0.0000   0.0000E+00  0.0000   0.0000E+00  0.0000   0.0000E+00  0.0000
   1.7783E-06   3.1623E-06   0.0000E+00  0.0000   0.0000E+00  0.0000   0.0000E+00  0.0000   0.0000E+00  0.0000
   3.1623E-06   5.6234E-06   0.0000E+00  0.0000   0.0000E+00  0.0000   0.0000E+00  0.0000   0.0000E+00  0.0000
   5.6234E-06   1.0000E-05   0.0000E+00  0.0000   0.0000E+00  0.0000   0.0000E+00  0.0000   0.0000E+00  0.0000
   1.0000E-05   1.7783E-05   0.0000E+00  0.0000   0.0000E+00  0.0000   0.0000E+00  0.0000   0.0000E+00  0.0000
   1.7783E-05   3.1623E-05   0.0000E+00  0.0000   0.0000E+00  0.0000   0.0000E+00  0.0000   0.0000E+00  0.0000
   3.1623E-05   5.6234E-05   0.0000E+00  0.0000   0.0000E+00  0.0000   0.0000E+00  0.0000   0.0000E+00  0.0000
   5.6234E-05   1.0000E-04   0.0000E+00  0.0000   0.0000E+00  0.0000   0.0000E+00  0.0000   0.0000E+00  0.0000
   1.0000E-04   1.7783E-04   0.0000E+00  0.0000   0.0000E+00  0.0000   0.0000E+00  0.0000   0.0000E+00  0.0000
   1.7783E-04   3.1623E-04   3.9097E-06  1.0000   0.0000E+00  0.0000   0.0000E+00  0.0000   0.0000E+00  0.0000
   3.1623E-04   5.6234E-04   0.0000E+00  0.0000   0.0000E+00  0.0000   0.0000E+00  0.0000   0.0000E+00  0.0000
   5.6234E-04   1.0000E-03   0.0000E+00  0.0000   0.0000E+00  0.0000   0.0000E+00  0.0000   0.0000E+00  0.0000
   1.0000E-03   1.7783E-03   0.0000E+00  0.0000   2.4702E-11  0.5767   0.0000E+00  0.0000   0.0000E+00  0.0000
   1.7783E-03   3.1623E-03   6.4431E-06  1.0000   1.2171E-11  0.5766   0.0000E+00  0.0000   0.0000E+00  0.0000
   3.1623E-03   5.6234E-03   3.9148E-06  1.0000   1.7982E-11  0.5766   0.0000E+00  0.0000   0.0000E+00  0.0000
   5.6234E-03   1.0000E-02   1.2607E-05  1.0000   2.8840E-11  0.5766   0.0000E+00  0.0000   0.0000E+00  0.0000
   1.0000E-02   1.7783E-02   0.0000E+00  0.0000   5.1713E-11  0.5766   0.0000E+00  0.0000   0.0000E+00  0.0000
   1.7783E-02   3.1623E-02   6.1352E-05  1.0000   1.0676E-10  0.5766   0.0000E+00  0.0000   0.0000E+00  0.0000
   3.1623E-02   5.6234E-02   7.5383E-06  1.0000   2.4942E-10  0.5766   0.0000E+00  0.0000   0.0000E+00  0.0000
   5.6234E-02   1.0000E-01   0.0000E+00  0.0000   6.2494E-10  0.5766   0.0000E+00  0.0000   0.0000E+00  0.0000
   1.0000E-01   1.7783E-01   0.0000E+00  0.0000   1.6041E-09  0.5766   0.0000E+00  0.0000   0.0000E+00  0.0000
   1.7783E-01   3.1623E-01   0.0000E+00  0.0000   4.1961E-09  0.5766   0.0000E+00  0.0000   0.0000E+00  0.0000
   3.1623E-01   5.6234E-01   0.0000E+00  0.0000   1.1247E-08  0.5766   0.0000E+00  0.0000   0.0000E+00  0.0000
   5.6234E-01   1.0000E+00   0.0000E+00  0.0000   3.0849E-08  0.5766   0.0000E+00  0.0000   0.0000E+00  0.0000
   1.0000E+00   1.7783E+00   0.0000E+00  0.0000   8.6381E-08  0.5766   0.0000E+00  0.0000   0.0000E+00  0.0000
   1.7783E+00   3.1623E+00   0.0000E+00  0.0000   2.4571E-07  0.5766   0.0000E+00  0.0000   0.0000E+00  0.0000
   3.1623E+00   5.6234E+00   0.0000E+00  0.0000   6.9439E-07  0.5766   0.0000E+00  0.0000   0.0000E+00  0.0000
   5.6234E+00   1.0000E+01   0.0000E+00  0.0000   1.9344E-06  0.5766   0.0000E+00  0.0000   0.0000E+00  0.0000
   1.0000E+01   1.7783E+01   0.0000E+00  0.0000   5.2667E-06  0.5766   0.0000E+00  0.0000   0.0000E+00  0.0000
   1.7783E+01   3.1623E+01   0.0000E+00  0.0000   1.3750E-05  0.5766   0.0000E+00  0.0000   0.0000E+00  0.0000
   3.1623E+01   5.6234E+01   0.0000E+00  0.0000   3.0951E-05  0.5809   0.0000E+00  0.0000   0.0000E+00  0.0000
   5.6234E+01   1.0000E+02   0.0000E+00  0.0000   7.4003E-05  0.5768   0.0000E+00  0.0000   0.0000E+00  0.0000
   1.0000E+02   1.7783E+02   0.0000E+00  0.0000   9.7660E-05  0.5226   0.0000E+00  0.0000   0.0000E+00  0.0000
   1.7783E+02   3.1623E+02   0.0000E+00  0.0000   1.9335E-04  0.5076   0.0000E+00  0.0000   0.0000E+00  0.0000
   3.1623E+02   5.6234E+02   0.0000E+00  0.0000   4.5357E-04  0.3603   0.0000E+00  0.0000   0.0000E+00  0.0000
   5.6234E+02   1.0000E+03   0.0000E+00  0.0000   6.9760E-04  0.2931   0.0000E+00  0.0000   0.0000E+00  0.0000
   1.0000E+03   1.7783E+03   0.0000E+00  0.0000   1.1586E-03  0.2305   0.0000E+00  0.0000   0.0000E+00  0.0000
   1.7783E+03   3.1623E+03   0.0000E+00  0.0000   1.1437E-03  0.2352   0.0000E+00  0.0000   0.0000E+00  0.0000
   3.1623E+03   5.6234E+03   0.0000E+00  0.0000   1.6296E-03  0.2135   0.0000E+00  0.0000   0.0000E+00  0.0000
   5.6234E+03   1.0000E+04   0.0000E+00  0.0000   8.0400E-04  0.2899   0.0000E+00  0.0000   0.0000E+00  0.0000
   1.0000E+04   1.7783E+04   0.0000E+00  0.0000   5.7299E-04  0.3926   0.0000E+00  0.0000   0.0000E+00  0.0000
   1.7783E+04   3.1623E+04   0.0000E+00  0.0000   1.4814E-04  1.0000   0.0000E+00  0.0000   0.0000E+00  0.0000
   3.1623E+04   5.6234E+04   0.0000E+00  0.0000   3.1667E-04  0.7446   0.0000E+00  0.0000   0.0000E+00  0.0000
   5.6234E+04   1.0000E+05   0.0000E+00  0.0000   6.3126E-05  1.0000   0.0000E+00  0.0000   0.0000E+00  0.0000

#   sum over                 9.5765E-05  1.0000   7.4060E-03  0.0959   0.0000E+00  0.0000   0.0000E+00  0.0000

'no. = 31, (ix,iy,iz) = (  1,  1, 31)'
msuc: {\huge Flux spectra vs depth in concrete}
msdr: {\it plotted by \ANGEL \version}
msdl: {\it calculated by \PHITS  3.36}
wt: s(0.7)
\vspace{-3}
   vol  &=&   2.8800E+07 [cm^3]
  xmin  &=&  -6.0000E+02 [cm]
  xmax  &=&   6.0000E+02 [cm]
  ymin  &=&  -6.0000E+02 [cm]
  ymax  &=&   6.0000E+02 [cm]
  zmin  &=&  -1.0000E+02 [cm]
  zmax  &=&  -8.0000E+01 [cm]
e:

#------------------------------------------------------------------------------
 newpage:
#   no. = 32   ix  =  1   iy  =  1   iz  = 32
#   x = (  -6.0000E+02  -   6.0000E+02  )
#   y = (  -6.0000E+02  -   6.0000E+02  )
#   z = (  -8.0000E+01  -  -6.0000E+01  )

x: Energy [MeV/n]
y: Flux [1/cm^2/source]              
p: xlog ylog afac(0.8) form(0.9)
h: n            x            y(neutron ),hh0l n y(muon-   ),hh0dr n y(muon+   ),hh0ub n y(proton  ),hh0mg n 
#  e-lower      e-upper        neutron   r.err      muon-     r.err      muon+     r.err      proton    r.err 
   1.0000E-10   1.7783E-10   0.0000E+00  0.0000   0.0000E+00  0.0000   0.0000E+00  0.0000   0.0000E+00  0.0000
   1.7783E-10   3.1623E-10   0.0000E+00  0.0000   0.0000E+00  0.0000   0.0000E+00  0.0000   0.0000E+00  0.0000
   3.1623E-10   5.6234E-10   0.0000E+00  0.0000   0.0000E+00  0.0000   0.0000E+00  0.0000   0.0000E+00  0.0000
   5.6234E-10   1.0000E-09   0.0000E+00  0.0000   0.0000E+00  0.0000   0.0000E+00  0.0000   0.0000E+00  0.0000
   1.0000E-09   1.7783E-09   0.0000E+00  0.0000   0.0000E+00  0.0000   0.0000E+00  0.0000   0.0000E+00  0.0000
   1.7783E-09   3.1623E-09   0.0000E+00  0.0000   0.0000E+00  0.0000   0.0000E+00  0.0000   0.0000E+00  0.0000
   3.1623E-09   5.6234E-09   0.0000E+00  0.0000   0.0000E+00  0.0000   0.0000E+00  0.0000   0.0000E+00  0.0000
   5.6234E-09   1.0000E-08   0.0000E+00  0.0000   0.0000E+00  0.0000   0.0000E+00  0.0000   0.0000E+00  0.0000
   1.0000E-08   1.7783E-08   0.0000E+00  0.0000   0.0000E+00  0.0000   0.0000E+00  0.0000   0.0000E+00  0.0000
   1.7783E-08   3.1623E-08   0.0000E+00  0.0000   0.0000E+00  0.0000   0.0000E+00  0.0000   0.0000E+00  0.0000
   3.1623E-08   5.6234E-08   0.0000E+00  0.0000   0.0000E+00  0.0000   0.0000E+00  0.0000   0.0000E+00  0.0000
   5.6234E-08   1.0000E-07   0.0000E+00  0.0000   0.0000E+00  0.0000   0.0000E+00  0.0000   0.0000E+00  0.0000
   1.0000E-07   1.7783E-07   0.0000E+00  0.0000   0.0000E+00  0.0000   0.0000E+00  0.0000   0.0000E+00  0.0000
   1.7783E-07   3.1623E-07   0.0000E+00  0.0000   0.0000E+00  0.0000   0.0000E+00  0.0000   0.0000E+00  0.0000
   3.1623E-07   5.6234E-07   2.2110E-05  1.0000   0.0000E+00  0.0000   0.0000E+00  0.0000   0.0000E+00  0.0000
   5.6234E-07   1.0000E-06   7.4025E-06  1.0000   0.0000E+00  0.0000   0.0000E+00  0.0000   0.0000E+00  0.0000
   1.0000E-06   1.7783E-06   0.0000E+00  0.0000   0.0000E+00  0.0000   0.0000E+00  0.0000   0.0000E+00  0.0000
   1.7783E-06   3.1623E-06   0.0000E+00  0.0000   0.0000E+00  0.0000   0.0000E+00  0.0000   0.0000E+00  0.0000
   3.1623E-06   5.6234E-06   0.0000E+00  0.0000   0.0000E+00  0.0000   0.0000E+00  0.0000   0.0000E+00  0.0000
   5.6234E-06   1.0000E-05   0.0000E+00  0.0000   0.0000E+00  0.0000   0.0000E+00  0.0000   0.0000E+00  0.0000
   1.0000E-05   1.7783E-05   0.0000E+00  0.0000   0.0000E+00  0.0000   0.0000E+00  0.0000   0.0000E+00  0.0000
   1.7783E-05   3.1623E-05   0.0000E+00  0.0000   0.0000E+00  0.0000   0.0000E+00  0.0000   0.0000E+00  0.0000
   3.1623E-05   5.6234E-05   1.1770E-05  1.0000   0.0000E+00  0.0000   0.0000E+00  0.0000   0.0000E+00  0.0000
   5.6234E-05   1.0000E-04   6.8115E-06  1.0000   0.0000E+00  0.0000   0.0000E+00  0.0000   0.0000E+00  0.0000
   1.0000E-04   1.7783E-04   0.0000E+00  0.0000   0.0000E+00  0.0000   0.0000E+00  0.0000   0.0000E+00  0.0000
   1.7783E-04   3.1623E-04   6.0911E-05  1.0000   0.0000E+00  0.0000   0.0000E+00  0.0000   0.0000E+00  0.0000
   3.1623E-04   5.6234E-04   0.0000E+00  0.0000   0.0000E+00  0.0000   0.0000E+00  0.0000   0.0000E+00  0.0000
   5.6234E-04   1.0000E-03   0.0000E+00  0.0000   0.0000E+00  0.0000   0.0000E+00  0.0000   0.0000E+00  0.0000
   1.0000E-03   1.7783E-03   0.0000E+00  0.0000   4.0549E-11  0.4462   0.0000E+00  0.0000   0.0000E+00  0.0000
   1.7783E-03   3.1623E-03   0.0000E+00  0.0000   2.0285E-11  0.4461   0.0000E+00  0.0000   0.0000E+00  0.0000
   3.1623E-03   5.6234E-03   0.0000E+00  0.0000   2.9970E-11  0.4461   0.0000E+00  0.0000   0.0000E+00  0.0000
   5.6234E-03   1.0000E-02   5.3100E-06  1.0000   4.8067E-11  0.4461   0.0000E+00  0.0000   0.0000E+00  0.0000
   1.0000E-02   1.7783E-02   0.0000E+00  0.0000   8.6188E-11  0.4461   0.0000E+00  0.0000   0.0000E+00  0.0000
   1.7783E-02   3.1623E-02   5.6492E-06  1.0000   1.7794E-10  0.4461   0.0000E+00  0.0000   0.0000E+00  0.0000
   3.1623E-02   5.6234E-02   5.6070E-07  1.0000   4.1569E-10  0.4461   0.0000E+00  0.0000   0.0000E+00  0.0000
   5.6234E-02   1.0000E-01   1.2129E-05  1.0000   1.0416E-09  0.4461   0.0000E+00  0.0000   0.0000E+00  0.0000
   1.0000E-01   1.7783E-01   1.0599E-05  1.0000   2.6736E-09  0.4461   0.0000E+00  0.0000   0.0000E+00  0.0000
   1.7783E-01   3.1623E-01   0.0000E+00  0.0000   6.9935E-09  0.4461   0.0000E+00  0.0000   0.0000E+00  0.0000
   3.1623E-01   5.6234E-01   0.0000E+00  0.0000   1.8746E-08  0.4461   0.0000E+00  0.0000   0.0000E+00  0.0000
   5.6234E-01   1.0000E+00   1.9028E-05  1.0000   5.1414E-08  0.4461   0.0000E+00  0.0000   0.0000E+00  0.0000
   1.0000E+00   1.7783E+00   6.4516E-06  1.0000   1.4397E-07  0.4461   0.0000E+00  0.0000   0.0000E+00  0.0000
   1.7783E+00   3.1623E+00   0.0000E+00  0.0000   4.0951E-07  0.4461   0.0000E+00  0.0000   0.0000E+00  0.0000
   3.1623E+00   5.6234E+00   0.0000E+00  0.0000   1.1573E-06  0.4461   0.0000E+00  0.0000   0.0000E+00  0.0000
   5.6234E+00   1.0000E+01   0.0000E+00  0.0000   3.2239E-06  0.4461   0.0000E+00  0.0000   0.0000E+00  0.0000
   1.0000E+01   1.7783E+01   0.0000E+00  0.0000   8.7779E-06  0.4461   0.0000E+00  0.0000   0.0000E+00  0.0000
   1.7783E+01   3.1623E+01   0.0000E+00  0.0000   2.2917E-05  0.4461   0.0000E+00  0.0000   0.0000E+00  0.0000
   3.1623E+01   5.6234E+01   0.0000E+00  0.0000   5.8687E-05  0.4281   0.0000E+00  0.0000   0.0000E+00  0.0000
   5.6234E+01   1.0000E+02   0.0000E+00  0.0000   1.2573E-04  0.4450   0.0000E+00  0.0000   0.0000E+00  0.0000
   1.0000E+02   1.7783E+02   0.0000E+00  0.0000   2.2544E-04  0.3931   0.0000E+00  0.0000   0.0000E+00  0.0000
   1.7783E+02   3.1623E+02   0.0000E+00  0.0000   2.1034E-04  0.4767   0.0000E+00  0.0000   0.0000E+00  0.0000
   3.1623E+02   5.6234E+02   0.0000E+00  0.0000   4.7392E-04  0.3542   0.0000E+00  0.0000   0.0000E+00  0.0000
   5.6234E+02   1.0000E+03   0.0000E+00  0.0000   5.2769E-04  0.3605   0.0000E+00  0.0000   0.0000E+00  0.0000
   1.0000E+03   1.7783E+03   0.0000E+00  0.0000   1.2477E-03  0.2270   0.0000E+00  0.0000   0.0000E+00  0.0000
   1.7783E+03   3.1623E+03   0.0000E+00  0.0000   1.1596E-03  0.2373   0.0000E+00  0.0000   0.0000E+00  0.0000
   3.1623E+03   5.6234E+03   0.0000E+00  0.0000   1.6661E-03  0.2105   0.0000E+00  0.0000   0.0000E+00  0.0000
   5.6234E+03   1.0000E+04   0.0000E+00  0.0000   8.0694E-04  0.2888   0.0000E+00  0.0000   0.0000E+00  0.0000
   1.0000E+04   1.7783E+04   0.0000E+00  0.0000   5.3986E-04  0.4009   0.0000E+00  0.0000   0.0000E+00  0.0000
   1.7783E+04   3.1623E+04   0.0000E+00  0.0000   1.4814E-04  1.0000   0.0000E+00  0.0000   0.0000E+00  0.0000
   3.1623E+04   5.6234E+04   0.0000E+00  0.0000   3.1667E-04  0.7446   0.0000E+00  0.0000   0.0000E+00  0.0000
   5.6234E+04   1.0000E+05   0.0000E+00  0.0000   6.3126E-05  1.0000   0.0000E+00  0.0000   0.0000E+00  0.0000

#   sum over                 1.6873E-04  1.0000   7.6067E-03  0.0949   0.0000E+00  0.0000   0.0000E+00  0.0000

'no. = 32, (ix,iy,iz) = (  1,  1, 32)'
msuc: {\huge Flux spectra vs depth in concrete}
msdr: {\it plotted by \ANGEL \version}
msdl: {\it calculated by \PHITS  3.36}
wt: s(0.7)
\vspace{-3}
   vol  &=&   2.8800E+07 [cm^3]
  xmin  &=&  -6.0000E+02 [cm]
  xmax  &=&   6.0000E+02 [cm]
  ymin  &=&  -6.0000E+02 [cm]
  ymax  &=&   6.0000E+02 [cm]
  zmin  &=&  -8.0000E+01 [cm]
  zmax  &=&  -6.0000E+01 [cm]
e:

#------------------------------------------------------------------------------
 newpage:
#   no. = 33   ix  =  1   iy  =  1   iz  = 33
#   x = (  -6.0000E+02  -   6.0000E+02  )
#   y = (  -6.0000E+02  -   6.0000E+02  )
#   z = (  -6.0000E+01  -  -4.0000E+01  )

x: Energy [MeV/n]
y: Flux [1/cm^2/source]              
p: xlog ylog afac(0.8) form(0.9)
h: n            x            y(neutron ),hh0l n y(muon-   ),hh0dr n y(muon+   ),hh0ub n y(proton  ),hh0mg n 
#  e-lower      e-upper        neutron   r.err      muon-     r.err      muon+     r.err      proton    r.err 
   1.0000E-10   1.7783E-10   0.0000E+00  0.0000   0.0000E+00  0.0000   0.0000E+00  0.0000   0.0000E+00  0.0000
   1.7783E-10   3.1623E-10   0.0000E+00  0.0000   0.0000E+00  0.0000   0.0000E+00  0.0000   0.0000E+00  0.0000
   3.1623E-10   5.6234E-10   0.0000E+00  0.0000   0.0000E+00  0.0000   0.0000E+00  0.0000   0.0000E+00  0.0000
   5.6234E-10   1.0000E-09   0.0000E+00  0.0000   0.0000E+00  0.0000   0.0000E+00  0.0000   0.0000E+00  0.0000
   1.0000E-09   1.7783E-09   0.0000E+00  0.0000   0.0000E+00  0.0000   0.0000E+00  0.0000   0.0000E+00  0.0000
   1.7783E-09   3.1623E-09   0.0000E+00  0.0000   0.0000E+00  0.0000   0.0000E+00  0.0000   0.0000E+00  0.0000
   3.1623E-09   5.6234E-09   4.9071E-06  1.0000   0.0000E+00  0.0000   0.0000E+00  0.0000   0.0000E+00  0.0000
   5.6234E-09   1.0000E-08   1.3528E-06  1.0000   0.0000E+00  0.0000   0.0000E+00  0.0000   0.0000E+00  0.0000
   1.0000E-08   1.7783E-08   2.8147E-05  1.0000   0.0000E+00  0.0000   0.0000E+00  0.0000   0.0000E+00  0.0000
   1.7783E-08   3.1623E-08   8.3515E-06  1.0000   0.0000E+00  0.0000   0.0000E+00  0.0000   0.0000E+00  0.0000
   3.1623E-08   5.6234E-08   3.1082E-05  1.0000   0.0000E+00  0.0000   0.0000E+00  0.0000   0.0000E+00  0.0000
   5.6234E-08   1.0000E-07   6.7933E-06  1.0000   0.0000E+00  0.0000   0.0000E+00  0.0000   0.0000E+00  0.0000
   1.0000E-07   1.7783E-07   1.2574E-05  1.0000   0.0000E+00  0.0000   0.0000E+00  0.0000   0.0000E+00  0.0000
   1.7783E-07   3.1623E-07   3.8328E-05  1.0000   0.0000E+00  0.0000   0.0000E+00  0.0000   0.0000E+00  0.0000
   3.1623E-07   5.6234E-07   2.2801E-05  1.0000   0.0000E+00  0.0000   0.0000E+00  0.0000   0.0000E+00  0.0000
   5.6234E-07   1.0000E-06   1.1256E-05  1.0000   0.0000E+00  0.0000   0.0000E+00  0.0000   0.0000E+00  0.0000
   1.0000E-06   1.7783E-06   0.0000E+00  0.0000   0.0000E+00  0.0000   0.0000E+00  0.0000   0.0000E+00  0.0000
   1.7783E-06   3.1623E-06   1.6438E-06  1.0000   0.0000E+00  0.0000   0.0000E+00  0.0000   0.0000E+00  0.0000
   3.1623E-06   5.6234E-06   0.0000E+00  0.0000   0.0000E+00  0.0000   0.0000E+00  0.0000   0.0000E+00  0.0000
   5.6234E-06   1.0000E-05   0.0000E+00  0.0000   0.0000E+00  0.0000   0.0000E+00  0.0000   0.0000E+00  0.0000
   1.0000E-05   1.7783E-05   7.8266E-07  1.0000   0.0000E+00  0.0000   0.0000E+00  0.0000   0.0000E+00  0.0000
   1.7783E-05   3.1623E-05   8.9383E-06  1.0000   0.0000E+00  0.0000   0.0000E+00  0.0000   0.0000E+00  0.0000
   3.1623E-05   5.6234E-05   3.7111E-06  1.0000   0.0000E+00  0.0000   0.0000E+00  0.0000   0.0000E+00  0.0000
   5.6234E-05   1.0000E-04   0.0000E+00  0.0000   0.0000E+00  0.0000   0.0000E+00  0.0000   0.0000E+00  0.0000
   1.0000E-04   1.7783E-04   0.0000E+00  0.0000   0.0000E+00  0.0000   0.0000E+00  0.0000   0.0000E+00  0.0000
   1.7783E-04   3.1623E-04   0.0000E+00  0.0000   0.0000E+00  0.0000   0.0000E+00  0.0000   0.0000E+00  0.0000
   3.1623E-04   5.6234E-04   0.0000E+00  0.0000   0.0000E+00  0.0000   0.0000E+00  0.0000   0.0000E+00  0.0000
   5.6234E-04   1.0000E-03   0.0000E+00  0.0000   0.0000E+00  0.0000   0.0000E+00  0.0000   0.0000E+00  0.0000
   1.0000E-03   1.7783E-03   0.0000E+00  0.0000   1.6608E-11  0.7067   0.0000E+00  0.0000   0.0000E+00  0.0000
   1.7783E-03   3.1623E-03   0.0000E+00  0.0000   8.1140E-12  0.7067   0.0000E+00  0.0000   0.0000E+00  0.0000
   3.1623E-03   5.6234E-03   0.0000E+00  0.0000   1.1988E-11  0.7067   0.0000E+00  0.0000   0.0000E+00  0.0000
   5.6234E-03   1.0000E-02   0.0000E+00  0.0000   1.9227E-11  0.7067   0.0000E+00  0.0000   0.0000E+00  0.0000
   1.0000E-02   1.7783E-02   0.0000E+00  0.0000   3.4475E-11  0.7067   0.0000E+00  0.0000   0.0000E+00  0.0000
   1.7783E-02   3.1623E-02   0.0000E+00  0.0000   7.1175E-11  0.7067   0.0000E+00  0.0000   0.0000E+00  0.0000
   3.1623E-02   5.6234E-02   0.0000E+00  0.0000   1.6628E-10  0.7067   0.0000E+00  0.0000   0.0000E+00  0.0000
   5.6234E-02   1.0000E-01   0.0000E+00  0.0000   4.1663E-10  0.7067   0.0000E+00  0.0000   0.0000E+00  0.0000
   1.0000E-01   1.7783E-01   0.0000E+00  0.0000   1.0694E-09  0.7067   0.0000E+00  0.0000   0.0000E+00  0.0000
   1.7783E-01   3.1623E-01   0.0000E+00  0.0000   2.7974E-09  0.7067   0.0000E+00  0.0000   0.0000E+00  0.0000
   3.1623E-01   5.6234E-01   0.0000E+00  0.0000   7.4983E-09  0.7067   0.0000E+00  0.0000   0.0000E+00  0.0000
   5.6234E-01   1.0000E+00   2.1750E-05  1.0000   2.0566E-08  0.7067   0.0000E+00  0.0000   0.0000E+00  0.0000
   1.0000E+00   1.7783E+00   0.0000E+00  0.0000   5.7587E-08  0.7067   0.0000E+00  0.0000   0.0000E+00  0.0000
   1.7783E+00   3.1623E+00   0.0000E+00  0.0000   1.6380E-07  0.7067   0.0000E+00  0.0000   0.0000E+00  0.0000
   3.1623E+00   5.6234E+00   0.0000E+00  0.0000   4.6293E-07  0.7067   0.0000E+00  0.0000   0.0000E+00  0.0000
   5.6234E+00   1.0000E+01   0.0000E+00  0.0000   1.2896E-06  0.7067   0.0000E+00  0.0000   0.0000E+00  0.0000
   1.0000E+01   1.7783E+01   0.0000E+00  0.0000   3.5112E-06  0.7067   0.0000E+00  0.0000   0.0000E+00  0.0000
   1.7783E+01   3.1623E+01   0.0000E+00  0.0000   9.1667E-06  0.7067   0.0000E+00  0.0000   0.0000E+00  0.0000
   3.1623E+01   5.6234E+01   0.0000E+00  0.0000   1.8399E-05  0.7233   0.0000E+00  0.0000   0.0000E+00  0.0000
   5.6234E+01   1.0000E+02   0.0000E+00  0.0000   4.9856E-05  0.7067   0.0000E+00  0.0000   0.0000E+00  0.0000
   1.0000E+02   1.7783E+02   0.0000E+00  0.0000   1.7244E-04  0.4715   0.0000E+00  0.0000   0.0000E+00  0.0000
   1.7783E+02   3.1623E+02   0.0000E+00  0.0000   3.8133E-04  0.3537   0.0000E+00  0.0000   0.0000E+00  0.0000
   3.1623E+02   5.6234E+02   0.0000E+00  0.0000   4.1902E-04  0.3844   0.0000E+00  0.0000   0.0000E+00  0.0000
   5.6234E+02   1.0000E+03   0.0000E+00  0.0000   6.2876E-04  0.3261   0.0000E+00  0.0000   0.0000E+00  0.0000
   1.0000E+03   1.7783E+03   0.0000E+00  0.0000   1.3356E-03  0.2174   0.0000E+00  0.0000   0.0000E+00  0.0000
   1.7783E+03   3.1623E+03   0.0000E+00  0.0000   1.1855E-03  0.2323   0.0000E+00  0.0000   0.0000E+00  0.0000
   3.1623E+03   5.6234E+03   0.0000E+00  0.0000   1.4514E-03  0.2050   0.0000E+00  0.0000   0.0000E+00  0.0000
   5.6234E+03   1.0000E+04   0.0000E+00  0.0000   1.1675E-03  0.2476   0.0000E+00  0.0000   0.0000E+00  0.0000
   1.0000E+04   1.7783E+04   0.0000E+00  0.0000   5.3673E-04  0.3949   0.0000E+00  0.0000   0.0000E+00  0.0000
   1.7783E+04   3.1623E+04   0.0000E+00  0.0000   1.4814E-04  1.0000   0.0000E+00  0.0000   0.0000E+00  0.0000
   3.1623E+04   5.6234E+04   0.0000E+00  0.0000   3.1667E-04  0.7446   0.0000E+00  0.0000   0.0000E+00  0.0000
   5.6234E+04   1.0000E+05   0.0000E+00  0.0000   6.3126E-05  1.0000   0.0000E+00  0.0000   0.0000E+00  0.0000

#   sum over                 2.0242E-04  0.8989   7.8892E-03  0.0931   0.0000E+00  0.0000   0.0000E+00  0.0000

'no. = 33, (ix,iy,iz) = (  1,  1, 33)'
msuc: {\huge Flux spectra vs depth in concrete}
msdr: {\it plotted by \ANGEL \version}
msdl: {\it calculated by \PHITS  3.36}
wt: s(0.7)
\vspace{-3}
   vol  &=&   2.8800E+07 [cm^3]
  xmin  &=&  -6.0000E+02 [cm]
  xmax  &=&   6.0000E+02 [cm]
  ymin  &=&  -6.0000E+02 [cm]
  ymax  &=&   6.0000E+02 [cm]
  zmin  &=&  -6.0000E+01 [cm]
  zmax  &=&  -4.0000E+01 [cm]
e:

#------------------------------------------------------------------------------
 newpage:
#   no. = 34   ix  =  1   iy  =  1   iz  = 34
#   x = (  -6.0000E+02  -   6.0000E+02  )
#   y = (  -6.0000E+02  -   6.0000E+02  )
#   z = (  -4.0000E+01  -  -2.0000E+01  )

x: Energy [MeV/n]
y: Flux [1/cm^2/source]              
p: xlog ylog afac(0.8) form(0.9)
h: n            x            y(neutron ),hh0l n y(muon-   ),hh0dr n y(muon+   ),hh0ub n y(proton  ),hh0mg n 
#  e-lower      e-upper        neutron   r.err      muon-     r.err      muon+     r.err      proton    r.err 
   1.0000E-10   1.7783E-10   0.0000E+00  0.0000   0.0000E+00  0.0000   0.0000E+00  0.0000   0.0000E+00  0.0000
   1.7783E-10   3.1623E-10   0.0000E+00  0.0000   0.0000E+00  0.0000   0.0000E+00  0.0000   0.0000E+00  0.0000
   3.1623E-10   5.6234E-10   0.0000E+00  0.0000   0.0000E+00  0.0000   0.0000E+00  0.0000   0.0000E+00  0.0000
   5.6234E-10   1.0000E-09   0.0000E+00  0.0000   0.0000E+00  0.0000   0.0000E+00  0.0000   0.0000E+00  0.0000
   1.0000E-09   1.7783E-09   0.0000E+00  0.0000   0.0000E+00  0.0000   0.0000E+00  0.0000   0.0000E+00  0.0000
   1.7783E-09   3.1623E-09   0.0000E+00  0.0000   0.0000E+00  0.0000   0.0000E+00  0.0000   0.0000E+00  0.0000
   3.1623E-09   5.6234E-09   0.0000E+00  0.0000   0.0000E+00  0.0000   0.0000E+00  0.0000   0.0000E+00  0.0000
   5.6234E-09   1.0000E-08   8.7430E-07  1.0000   0.0000E+00  0.0000   0.0000E+00  0.0000   0.0000E+00  0.0000
   1.0000E-08   1.7783E-08   5.4662E-06  1.0000   0.0000E+00  0.0000   0.0000E+00  0.0000   0.0000E+00  0.0000
   1.7783E-08   3.1623E-08   1.2031E-05  1.0000   0.0000E+00  0.0000   0.0000E+00  0.0000   0.0000E+00  0.0000
   3.1623E-08   5.6234E-08   2.4157E-05  1.0000   0.0000E+00  0.0000   0.0000E+00  0.0000   0.0000E+00  0.0000
   5.6234E-08   1.0000E-07   2.6730E-05  1.0000   0.0000E+00  0.0000   0.0000E+00  0.0000   0.0000E+00  0.0000
   1.0000E-07   1.7783E-07   4.9919E-06  0.9104   0.0000E+00  0.0000   0.0000E+00  0.0000   0.0000E+00  0.0000
   1.7783E-07   3.1623E-07   5.2322E-06  0.7161   0.0000E+00  0.0000   0.0000E+00  0.0000   0.0000E+00  0.0000
   3.1623E-07   5.6234E-07   9.1939E-06  1.0000   0.0000E+00  0.0000   0.0000E+00  0.0000   0.0000E+00  0.0000
   5.6234E-07   1.0000E-06   0.0000E+00  0.0000   0.0000E+00  0.0000   0.0000E+00  0.0000   0.0000E+00  0.0000
   1.0000E-06   1.7783E-06   0.0000E+00  0.0000   0.0000E+00  0.0000   0.0000E+00  0.0000   0.0000E+00  0.0000
   1.7783E-06   3.1623E-06   2.9619E-06  1.0000   0.0000E+00  0.0000   0.0000E+00  0.0000   0.0000E+00  0.0000
   3.1623E-06   5.6234E-06   0.0000E+00  0.0000   0.0000E+00  0.0000   0.0000E+00  0.0000   0.0000E+00  0.0000
   5.6234E-06   1.0000E-05   3.7636E-06  1.0000   0.0000E+00  0.0000   0.0000E+00  0.0000   0.0000E+00  0.0000
   1.0000E-05   1.7783E-05   0.0000E+00  0.0000   0.0000E+00  0.0000   0.0000E+00  0.0000   0.0000E+00  0.0000
   1.7783E-05   3.1623E-05   0.0000E+00  0.0000   0.0000E+00  0.0000   0.0000E+00  0.0000   0.0000E+00  0.0000
   3.1623E-05   5.6234E-05   0.0000E+00  0.0000   0.0000E+00  0.0000   0.0000E+00  0.0000   0.0000E+00  0.0000
   5.6234E-05   1.0000E-04   0.0000E+00  0.0000   0.0000E+00  0.0000   0.0000E+00  0.0000   0.0000E+00  0.0000
   1.0000E-04   1.7783E-04   0.0000E+00  0.0000   0.0000E+00  0.0000   0.0000E+00  0.0000   0.0000E+00  0.0000
   1.7783E-04   3.1623E-04   0.0000E+00  0.0000   0.0000E+00  0.0000   0.0000E+00  0.0000   0.0000E+00  0.0000
   3.1623E-04   5.6234E-04   0.0000E+00  0.0000   0.0000E+00  0.0000   0.0000E+00  0.0000   0.0000E+00  0.0000
   5.6234E-04   1.0000E-03   0.0000E+00  0.0000   0.0000E+00  0.0000   0.0000E+00  0.0000   0.0000E+00  0.0000
   1.0000E-03   1.7783E-03   0.0000E+00  0.0000   0.0000E+00  0.0000   0.0000E+00  0.0000   0.0000E+00  0.0000
   1.7783E-03   3.1623E-03   0.0000E+00  0.0000   0.0000E+00  0.0000   0.0000E+00  0.0000   0.0000E+00  0.0000
   3.1623E-03   5.6234E-03   0.0000E+00  0.0000   0.0000E+00  0.0000   0.0000E+00  0.0000   0.0000E+00  0.0000
   5.6234E-03   1.0000E-02   0.0000E+00  0.0000   0.0000E+00  0.0000   0.0000E+00  0.0000   0.0000E+00  0.0000
   1.0000E-02   1.7783E-02   0.0000E+00  0.0000   0.0000E+00  0.0000   0.0000E+00  0.0000   0.0000E+00  0.0000
   1.7783E-02   3.1623E-02   0.0000E+00  0.0000   0.0000E+00  0.0000   0.0000E+00  0.0000   0.0000E+00  0.0000
   3.1623E-02   5.6234E-02   1.0002E-05  1.0000   0.0000E+00  0.0000   0.0000E+00  0.0000   0.0000E+00  0.0000
   5.6234E-02   1.0000E-01   8.4574E-06  1.0000   0.0000E+00  0.0000   0.0000E+00  0.0000   0.0000E+00  0.0000
   1.0000E-01   1.7783E-01   1.9618E-05  1.0000   0.0000E+00  0.0000   0.0000E+00  0.0000   0.0000E+00  0.0000
   1.7783E-01   3.1623E-01   0.0000E+00  0.0000   0.0000E+00  0.0000   0.0000E+00  0.0000   0.0000E+00  0.0000
   3.1623E-01   5.6234E-01   5.6098E-05  1.0000   0.0000E+00  0.0000   0.0000E+00  0.0000   0.0000E+00  0.0000
   5.6234E-01   1.0000E+00   3.1909E-05  1.0000   0.0000E+00  0.0000   0.0000E+00  0.0000   0.0000E+00  0.0000
   1.0000E+00   1.7783E+00   0.0000E+00  0.0000   0.0000E+00  0.0000   0.0000E+00  0.0000   0.0000E+00  0.0000
   1.7783E+00   3.1623E+00   0.0000E+00  0.0000   0.0000E+00  0.0000   0.0000E+00  0.0000   0.0000E+00  0.0000
   3.1623E+00   5.6234E+00   0.0000E+00  0.0000   0.0000E+00  0.0000   0.0000E+00  0.0000   0.0000E+00  0.0000
   5.6234E+00   1.0000E+01   0.0000E+00  0.0000   0.0000E+00  0.0000   0.0000E+00  0.0000   0.0000E+00  0.0000
   1.0000E+01   1.7783E+01   0.0000E+00  0.0000   0.0000E+00  0.0000   0.0000E+00  0.0000   0.0000E+00  0.0000
   1.7783E+01   3.1623E+01   0.0000E+00  0.0000   0.0000E+00  0.0000   0.0000E+00  0.0000   0.0000E+00  0.0000
   3.1623E+01   5.6234E+01   0.0000E+00  0.0000   4.0103E-06  1.0000   0.0000E+00  0.0000   0.0000E+00  0.0000
   5.6234E+01   1.0000E+02   0.0000E+00  0.0000   2.5084E-05  1.0000   0.0000E+00  0.0000   0.0000E+00  0.0000
   1.0000E+02   1.7783E+02   0.0000E+00  0.0000   7.9978E-05  0.7100   0.0000E+00  0.0000   0.0000E+00  0.0000
   1.7783E+02   3.1623E+02   0.0000E+00  0.0000   3.2924E-04  0.4070   0.0000E+00  0.0000   0.0000E+00  0.0000
   3.1623E+02   5.6234E+02   0.0000E+00  0.0000   4.8503E-04  0.3395   0.0000E+00  0.0000   0.0000E+00  0.0000
   5.6234E+02   1.0000E+03   0.0000E+00  0.0000   6.1187E-04  0.2975   0.0000E+00  0.0000   0.0000E+00  0.0000
   1.0000E+03   1.7783E+03   0.0000E+00  0.0000   1.5102E-03  0.2105   0.0000E+00  0.0000   0.0000E+00  0.0000
   1.7783E+03   3.1623E+03   0.0000E+00  0.0000   1.0788E-03  0.2485   0.0000E+00  0.0000   0.0000E+00  0.0000
   3.1623E+03   5.6234E+03   0.0000E+00  0.0000   1.6042E-03  0.2049   0.0000E+00  0.0000   0.0000E+00  0.0000
   5.6234E+03   1.0000E+04   0.0000E+00  0.0000   1.3181E-03  0.2529   0.0000E+00  0.0000   0.0000E+00  0.0000
   1.0000E+04   1.7783E+04   0.0000E+00  0.0000   4.5430E-04  0.4428   0.0000E+00  0.0000   0.0000E+00  0.0000
   1.7783E+04   3.1623E+04   0.0000E+00  0.0000   1.4814E-04  1.0000   0.0000E+00  0.0000   0.0000E+00  0.0000
   3.1623E+04   5.6234E+04   0.0000E+00  0.0000   3.1667E-04  0.7446   0.0000E+00  0.0000   0.0000E+00  0.0000
   5.6234E+04   1.0000E+05   0.0000E+00  0.0000   6.3126E-05  1.0000   0.0000E+00  0.0000   0.0000E+00  0.0000

#   sum over                 2.2149E-04  0.9881   8.0288E-03  0.0930   0.0000E+00  0.0000   0.0000E+00  0.0000

'no. = 34, (ix,iy,iz) = (  1,  1, 34)'
msuc: {\huge Flux spectra vs depth in concrete}
msdr: {\it plotted by \ANGEL \version}
msdl: {\it calculated by \PHITS  3.36}
wt: s(0.7)
\vspace{-3}
   vol  &=&   2.8800E+07 [cm^3]
  xmin  &=&  -6.0000E+02 [cm]
  xmax  &=&   6.0000E+02 [cm]
  ymin  &=&  -6.0000E+02 [cm]
  ymax  &=&   6.0000E+02 [cm]
  zmin  &=&  -4.0000E+01 [cm]
  zmax  &=&  -2.0000E+01 [cm]
e:

#------------------------------------------------------------------------------
 newpage:
#   no. = 35   ix  =  1   iy  =  1   iz  = 35
#   x = (  -6.0000E+02  -   6.0000E+02  )
#   y = (  -6.0000E+02  -   6.0000E+02  )
#   z = (  -2.0000E+01  -   0.0000E+00  )

x: Energy [MeV/n]
y: Flux [1/cm^2/source]              
p: xlog ylog afac(0.8) form(0.9)
h: n            x            y(neutron ),hh0l n y(muon-   ),hh0dr n y(muon+   ),hh0ub n y(proton  ),hh0mg n 
#  e-lower      e-upper        neutron   r.err      muon-     r.err      muon+     r.err      proton    r.err 
   1.0000E-10   1.7783E-10   0.0000E+00  0.0000   0.0000E+00  0.0000   0.0000E+00  0.0000   0.0000E+00  0.0000
   1.7783E-10   3.1623E-10   0.0000E+00  0.0000   0.0000E+00  0.0000   0.0000E+00  0.0000   0.0000E+00  0.0000
   3.1623E-10   5.6234E-10   0.0000E+00  0.0000   0.0000E+00  0.0000   0.0000E+00  0.0000   0.0000E+00  0.0000
   5.6234E-10   1.0000E-09   0.0000E+00  0.0000   0.0000E+00  0.0000   0.0000E+00  0.0000   0.0000E+00  0.0000
   1.0000E-09   1.7783E-09   9.9310E-07  1.0000   0.0000E+00  0.0000   0.0000E+00  0.0000   0.0000E+00  0.0000
   1.7783E-09   3.1623E-09   6.8337E-07  1.0000   0.0000E+00  0.0000   0.0000E+00  0.0000   0.0000E+00  0.0000
   3.1623E-09   5.6234E-09   5.5281E-06  1.0000   0.0000E+00  0.0000   0.0000E+00  0.0000   0.0000E+00  0.0000
   5.6234E-09   1.0000E-08   1.2950E-05  1.0000   0.0000E+00  0.0000   0.0000E+00  0.0000   0.0000E+00  0.0000
   1.0000E-08   1.7783E-08   3.2951E-05  1.0000   0.0000E+00  0.0000   0.0000E+00  0.0000   0.0000E+00  0.0000
   1.7783E-08   3.1623E-08   2.5660E-05  1.0000   0.0000E+00  0.0000   0.0000E+00  0.0000   0.0000E+00  0.0000
   3.1623E-08   5.6234E-08   5.6800E-05  1.0000   0.0000E+00  0.0000   0.0000E+00  0.0000   0.0000E+00  0.0000
   5.6234E-08   1.0000E-07   6.7649E-05  1.0000   0.0000E+00  0.0000   0.0000E+00  0.0000   0.0000E+00  0.0000
   1.0000E-07   1.7783E-07   4.4575E-06  1.0000   0.0000E+00  0.0000   0.0000E+00  0.0000   0.0000E+00  0.0000
   1.7783E-07   3.1623E-07   0.0000E+00  0.0000   0.0000E+00  0.0000   0.0000E+00  0.0000   0.0000E+00  0.0000
   3.1623E-07   5.6234E-07   0.0000E+00  0.0000   0.0000E+00  0.0000   0.0000E+00  0.0000   0.0000E+00  0.0000
   5.6234E-07   1.0000E-06   0.0000E+00  0.0000   0.0000E+00  0.0000   0.0000E+00  0.0000   0.0000E+00  0.0000
   1.0000E-06   1.7783E-06   0.0000E+00  0.0000   0.0000E+00  0.0000   0.0000E+00  0.0000   0.0000E+00  0.0000
   1.7783E-06   3.1623E-06   0.0000E+00  0.0000   0.0000E+00  0.0000   0.0000E+00  0.0000   0.0000E+00  0.0000
   3.1623E-06   5.6234E-06   0.0000E+00  0.0000   0.0000E+00  0.0000   0.0000E+00  0.0000   0.0000E+00  0.0000
   5.6234E-06   1.0000E-05   1.4057E-05  1.0000   0.0000E+00  0.0000   0.0000E+00  0.0000   0.0000E+00  0.0000
   1.0000E-05   1.7783E-05   1.0350E-05  1.0000   0.0000E+00  0.0000   0.0000E+00  0.0000   0.0000E+00  0.0000
   1.7783E-05   3.1623E-05   2.3607E-05  1.0000   0.0000E+00  0.0000   0.0000E+00  0.0000   0.0000E+00  0.0000
   3.1623E-05   5.6234E-05   9.6181E-06  1.0000   0.0000E+00  0.0000   0.0000E+00  0.0000   0.0000E+00  0.0000
   5.6234E-05   1.0000E-04   0.0000E+00  0.0000   0.0000E+00  0.0000   0.0000E+00  0.0000   0.0000E+00  0.0000
   1.0000E-04   1.7783E-04   0.0000E+00  0.0000   3.9464E-21  1.0000   0.0000E+00  0.0000   0.0000E+00  0.0000
   1.7783E-04   3.1623E-04   0.0000E+00  0.0000   0.0000E+00  0.0000   0.0000E+00  0.0000   0.0000E+00  0.0000
   3.1623E-04   5.6234E-04   0.0000E+00  0.0000   0.0000E+00  0.0000   0.0000E+00  0.0000   0.0000E+00  0.0000
   5.6234E-04   1.0000E-03   0.0000E+00  0.0000   0.0000E+00  0.0000   0.0000E+00  0.0000   0.0000E+00  0.0000
   1.0000E-03   1.7783E-03   0.0000E+00  0.0000   3.3172E-11  0.4991   0.0000E+00  0.0000   0.0000E+00  0.0000
   1.7783E-03   3.1623E-03   0.0000E+00  0.0000   1.6228E-11  0.4991   0.0000E+00  0.0000   0.0000E+00  0.0000
   3.1623E-03   5.6234E-03   0.0000E+00  0.0000   2.3976E-11  0.4991   0.0000E+00  0.0000   0.0000E+00  0.0000
   5.6234E-03   1.0000E-02   1.0718E-05  1.0000   3.8453E-11  0.4991   0.0000E+00  0.0000   0.0000E+00  0.0000
   1.0000E-02   1.7783E-02   0.0000E+00  0.0000   6.8950E-11  0.4991   0.0000E+00  0.0000   0.0000E+00  0.0000
   1.7783E-02   3.1623E-02   0.0000E+00  0.0000   1.4235E-10  0.4991   0.0000E+00  0.0000   0.0000E+00  0.0000
   3.1623E-02   5.6234E-02   5.2793E-06  1.0000   3.3255E-10  0.4991   0.0000E+00  0.0000   0.0000E+00  0.0000
   5.6234E-02   1.0000E-01   0.0000E+00  0.0000   8.3326E-10  0.4991   0.0000E+00  0.0000   0.0000E+00  0.0000
   1.0000E-01   1.7783E-01   0.0000E+00  0.0000   2.1389E-09  0.4991   0.0000E+00  0.0000   0.0000E+00  0.0000
   1.7783E-01   3.1623E-01   0.0000E+00  0.0000   5.5948E-09  0.4991   0.0000E+00  0.0000   0.0000E+00  0.0000
   3.1623E-01   5.6234E-01   0.0000E+00  0.0000   1.4997E-08  0.4991   0.0000E+00  0.0000   0.0000E+00  0.0000
   5.6234E-01   1.0000E+00   0.0000E+00  0.0000   4.1132E-08  0.4991   0.0000E+00  0.0000   0.0000E+00  0.0000
   1.0000E+00   1.7783E+00   0.0000E+00  0.0000   1.1517E-07  0.4991   0.0000E+00  0.0000   0.0000E+00  0.0000
   1.7783E+00   3.1623E+00   0.0000E+00  0.0000   3.2761E-07  0.4991   0.0000E+00  0.0000   0.0000E+00  0.0000
   3.1623E+00   5.6234E+00   9.5690E-05  1.0000   9.2585E-07  0.4991   0.0000E+00  0.0000   0.0000E+00  0.0000
   5.6234E+00   1.0000E+01   0.0000E+00  0.0000   2.5791E-06  0.4991   0.0000E+00  0.0000   0.0000E+00  0.0000
   1.0000E+01   1.7783E+01   2.0366E-05  1.0000   7.0223E-06  0.4991   0.0000E+00  0.0000   0.0000E+00  0.0000
   1.7783E+01   3.1623E+01   0.0000E+00  0.0000   1.8176E-05  0.4991   0.0000E+00  0.0000   0.0000E+00  0.0000
   3.1623E+01   5.6234E+01   0.0000E+00  0.0000   3.3614E-05  0.5766   0.0000E+00  0.0000   0.0000E+00  0.0000
   5.6234E+01   1.0000E+02   0.0000E+00  0.0000   7.0131E-05  0.5797   0.0000E+00  0.0000   0.0000E+00  0.0000
   1.0000E+02   1.7783E+02   0.0000E+00  0.0000   3.2769E-05  0.6473   0.0000E+00  0.0000   0.0000E+00  0.0000
   1.7783E+02   3.1623E+02   0.0000E+00  0.0000   1.4228E-04  0.6155   0.0000E+00  0.0000   0.0000E+00  0.0000
   3.1623E+02   5.6234E+02   0.0000E+00  0.0000   5.2441E-04  0.3498   0.0000E+00  0.0000   0.0000E+00  0.0000
   5.6234E+02   1.0000E+03   0.0000E+00  0.0000   7.8907E-04  0.3092   0.0000E+00  0.0000   0.0000E+00  0.0000
   1.0000E+03   1.7783E+03   0.0000E+00  0.0000   1.4646E-03  0.2083   0.0000E+00  0.0000   0.0000E+00  0.0000
   1.7783E+03   3.1623E+03   0.0000E+00  0.0000   1.1513E-03  0.2341   0.0000E+00  0.0000   0.0000E+00  0.0000
   3.1623E+03   5.6234E+03   0.0000E+00  0.0000   1.6770E-03  0.2004   0.0000E+00  0.0000   0.0000E+00  0.0000
   5.6234E+03   1.0000E+04   0.0000E+00  0.0000   1.3537E-03  0.2475   0.0000E+00  0.0000   0.0000E+00  0.0000
   1.0000E+04   1.7783E+04   0.0000E+00  0.0000   4.3029E-04  0.4657   0.0000E+00  0.0000   0.0000E+00  0.0000
   1.7783E+04   3.1623E+04   0.0000E+00  0.0000   1.4814E-04  1.0000   0.0000E+00  0.0000   0.0000E+00  0.0000
   3.1623E+04   5.6234E+04   0.0000E+00  0.0000   2.7898E-04  0.7270   0.0000E+00  0.0000   0.0000E+00  0.0000
   5.6234E+04   1.0000E+05   0.0000E+00  0.0000   6.3126E-05  1.0000   0.0000E+00  0.0000   0.0000E+00  0.0000

#   sum over                 3.9736E-04  0.7492   8.1886E-03  0.0907   0.0000E+00  0.0000   0.0000E+00  0.0000

'no. = 35, (ix,iy,iz) = (  1,  1, 35)'
msuc: {\huge Flux spectra vs depth in concrete}
msdr: {\it plotted by \ANGEL \version}
msdl: {\it calculated by \PHITS  3.36}
wt: s(0.7)
\vspace{-3}
   vol  &=&   2.8800E+07 [cm^3]
  xmin  &=&  -6.0000E+02 [cm]
  xmax  &=&   6.0000E+02 [cm]
  ymin  &=&  -6.0000E+02 [cm]
  ymax  &=&   6.0000E+02 [cm]
  zmin  &=&  -2.0000E+01 [cm]
  zmax  &=&   0.0000E+00 [cm]
e:
 
# Information for Restart Calculation
# This calculation was newly started
# istdev =  2 # 1:Batch variance, 2:History variance
# resc2  = 1.25253229462814562E-02 # Total source weight or Total source weight / maxcas
# resc3  = 8.00000000000000000E+02 # Total history number or Total batch number
# maxcas =         800 # History / Batch, only used for istdev=1
# bitrseed = 0010110110101001110000100001110100101010100111111101100100010011 # bit data of rseed
