[ T-Track ]
    title = Cosmic-ray neutron flux, xz section
     mesh =  xyz            # mesh type is xyz scoring mesh
   x-type =    2            # x-mesh is linear given by xmin, xmax and nx
     xmin =  -1200.000      # minimum value of x-mesh points
     xmax =   1200.000      # maximum value of x-mesh points
#    xdel =   20.00000      # mesh width of x-mesh points
       nx =    120          # number of x-mesh points
#    data = ( x(i), i = 1, nx + 1 )
#          -1.20000E+03 -1.18000E+03 -1.16000E+03 -1.14000E+03 -1.12000E+03
#          -1.10000E+03 -1.08000E+03 -1.06000E+03 -1.04000E+03 -1.02000E+03
#          -1.00000E+03 -9.80000E+02 -9.60000E+02 -9.40000E+02 -9.20000E+02
#          -9.00000E+02 -8.80000E+02 -8.60000E+02 -8.40000E+02 -8.20000E+02
#          -8.00000E+02 -7.80000E+02 -7.60000E+02 -7.40000E+02 -7.20000E+02
#          -7.00000E+02 -6.80000E+02 -6.60000E+02 -6.40000E+02 -6.20000E+02
#          -6.00000E+02 -5.80000E+02 -5.60000E+02 -5.40000E+02 -5.20000E+02
#          -5.00000E+02 -4.80000E+02 -4.60000E+02 -4.40000E+02 -4.20000E+02
#          -4.00000E+02 -3.80000E+02 -3.60000E+02 -3.40000E+02 -3.20000E+02
#          -3.00000E+02 -2.80000E+02 -2.60000E+02 -2.40000E+02 -2.20000E+02
#          -2.00000E+02 -1.80000E+02 -1.60000E+02 -1.40000E+02 -1.20000E+02
#          -1.00000E+02 -8.00000E+01 -6.00000E+01 -4.00000E+01 -2.00000E+01
#           0.00000E+00  2.00000E+01  4.00000E+01  6.00000E+01  8.00000E+01
#           1.00000E+02  1.20000E+02  1.40000E+02  1.60000E+02  1.80000E+02
#           2.00000E+02  2.20000E+02  2.40000E+02  2.60000E+02  2.80000E+02
#           3.00000E+02  3.20000E+02  3.40000E+02  3.60000E+02  3.80000E+02
#           4.00000E+02  4.20000E+02  4.40000E+02  4.60000E+02  4.80000E+02
#           5.00000E+02  5.20000E+02  5.40000E+02  5.60000E+02  5.80000E+02
#           6.00000E+02  6.20000E+02  6.40000E+02  6.60000E+02  6.80000E+02
#           7.00000E+02  7.20000E+02  7.40000E+02  7.60000E+02  7.80000E+02
#           8.00000E+02  8.20000E+02  8.40000E+02  8.60000E+02  8.80000E+02
#           9.00000E+02  9.20000E+02  9.40000E+02  9.60000E+02  9.80000E+02
#           1.00000E+03  1.02000E+03  1.04000E+03  1.06000E+03  1.08000E+03
#           1.10000E+03  1.12000E+03  1.14000E+03  1.16000E+03  1.18000E+03
#           1.20000E+03
   y-type =    2            # y-mesh is linear given by ymin, ymax and ny
     ymin =  -300.0000      # minimum value of y-mesh points
     ymax =   300.0000      # maximum value of y-mesh points
#    ydel =   600.0000      # mesh width of y-mesh points
       ny =      1          # number of y-mesh points
#    data = ( y(i), i = 1, ny + 1 )
#          -3.00000E+02  3.00000E+02
   z-type =    2            # z-mesh is linear given by zmin, zmax and nz
     zmin =  -1000.000      # minimum value of z-mesh points
     zmax =   1200.000      # maximum value of z-mesh points
#    zdel =   20.00000      # mesh width of z-mesh points
       nz =    110          # number of z-mesh points
#    data = ( z(i), i = 1, nz + 1 )
#          -1.00000E+03 -9.80000E+02 -9.60000E+02 -9.40000E+02 -9.20000E+02
#          -9.00000E+02 -8.80000E+02 -8.60000E+02 -8.40000E+02 -8.20000E+02
#          -8.00000E+02 -7.80000E+02 -7.60000E+02 -7.40000E+02 -7.20000E+02
#          -7.00000E+02 -6.80000E+02 -6.60000E+02 -6.40000E+02 -6.20000E+02
#          -6.00000E+02 -5.80000E+02 -5.60000E+02 -5.40000E+02 -5.20000E+02
#          -5.00000E+02 -4.80000E+02 -4.60000E+02 -4.40000E+02 -4.20000E+02
#          -4.00000E+02 -3.80000E+02 -3.60000E+02 -3.40000E+02 -3.20000E+02
#          -3.00000E+02 -2.80000E+02 -2.60000E+02 -2.40000E+02 -2.20000E+02
#          -2.00000E+02 -1.80000E+02 -1.60000E+02 -1.40000E+02 -1.20000E+02
#          -1.00000E+02 -8.00000E+01 -6.00000E+01 -4.00000E+01 -2.00000E+01
#           0.00000E+00  2.00000E+01  4.00000E+01  6.00000E+01  8.00000E+01
#           1.00000E+02  1.20000E+02  1.40000E+02  1.60000E+02  1.80000E+02
#           2.00000E+02  2.20000E+02  2.40000E+02  2.60000E+02  2.80000E+02
#           3.00000E+02  3.20000E+02  3.40000E+02  3.60000E+02  3.80000E+02
#           4.00000E+02  4.20000E+02  4.40000E+02  4.60000E+02  4.80000E+02
#           5.00000E+02  5.20000E+02  5.40000E+02  5.60000E+02  5.80000E+02
#           6.00000E+02  6.20000E+02  6.40000E+02  6.60000E+02  6.80000E+02
#           7.00000E+02  7.20000E+02  7.40000E+02  7.60000E+02  7.80000E+02
#           8.00000E+02  8.20000E+02  8.40000E+02  8.60000E+02  8.80000E+02
#           9.00000E+02  9.20000E+02  9.40000E+02  9.60000E+02  9.80000E+02
#           1.00000E+03  1.02000E+03  1.04000E+03  1.06000E+03  1.08000E+03
#           1.10000E+03  1.12000E+03  1.14000E+03  1.16000E+03  1.18000E+03
#           1.20000E+03
   e-type =    2            # e-mesh is linear given by emin, emax and ne
     emin =  1.0000000E-09  # minimum value of e-mesh points
     emax =   1000000.      # maximum value of e-mesh points
#    edel =   1000000.      # mesh width of e-mesh points
       ne =      1          # number of e-mesh points
#    data = ( e(i), i = 1, ne + 1 )
#           1.00000E-09  1.00000E+06
     unit =    1            # unit is [1/cm^2/source]
 material =  all            # (D=all) number of specific material
  2D-type =    3            # 1:Cont, 2:Clust, 3:Color, 4:xyz, 5:mat, 6:Clust+Cont, 7:Col+Cont
     axis =      xz            # axis of output
     file = map_xz.out      # file name of output for the above axis
     part =  neutron  
# kf/name :  2112     
    gshow =    1            # 0: no 1:bnd, 2:bnd+mat, 3:bnd+reg 4:bnd+lat 5:bmp style
    resol =    1            # (D=1) resolution of gshow or rshow
    width = 0.5000000       # (D=0.5) width of lines for gshow or rshow
   epsout =    1            # (D=0) generate eps file by ANGEL
#    used :        main (  %)        temp (  %)       total (  %)
#  memory :         240 (  0)           0 (  0)         240 (  0)

#------------------------------------------------------------------------------
#newpage:
#   no. =  1   ie  =  1   iy  =  1   part. = neutron 
#   e = (   1.0000E-09  -   1.0000E+06  )
#   y = (  -3.0000E+02  -   3.0000E+02  )

'no. =  1,  ie =  1,  iy =  1'
msuc: {\huge Cosmic-ray neutron flux, xz section}
msdr: {\it plotted by \ANGEL \version}
msdl: {\it calculated by \PHITS  3.36}

x: z [cm]
y: x [cm]
set: c1[ 1.091] c2[ 0.862] c5[ 0.800] c6[ 0.965] c7[ 0.061] c8[ 0.000]
p: h2fs form[c1] xfac[c2] afac[c5] scal[c6] xorg[c7] yorg[c8] nosp
set: c3[   1.700609E-06] c4[   9.582539E-02]
p: cmin[c3] cmax[c4]
p: dmin(1e-31)
p: zlog
p: xmin( -1000.000    ) xmax(  1200.000    )
p: ymin( -1200.000    ) ymax(  1200.000    )
#  nx = 120   nz = 110
# ( ( data(z,x), z = 1, nz ), x = nx, 1, -1 )

hc:  y =   1190.000     to  -1190.000     by   20.00000     ; x =  -990.0000     to   1190.000     by   20.00000     ;
  4.212E-04  2.090E-03  1.543E-03  1.080E-03  2.003E-03  0.000E+00  0.000E+00  0.000E+00  0.000E+00  0.000E+00
  0.000E+00  0.000E+00  0.000E+00  0.000E+00  0.000E+00  0.000E+00  0.000E+00  0.000E+00  0.000E+00  0.000E+00
  0.000E+00  0.000E+00  0.000E+00  0.000E+00  0.000E+00  0.000E+00  0.000E+00  0.000E+00  0.000E+00  0.000E+00
  0.000E+00  0.000E+00  0.000E+00  0.000E+00  0.000E+00  0.000E+00  0.000E+00  0.000E+00  0.000E+00  0.000E+00
  0.000E+00  0.000E+00  0.000E+00  0.000E+00  0.000E+00  0.000E+00  0.000E+00  1.907E-03  7.955E-03  9.769E-04
  7.113E-03  4.690E-03  4.571E-03  1.181E-03  0.000E+00  3.158E-03  4.155E-03  4.532E-03  5.079E-03  2.948E-03
  1.667E-03  1.667E-03  1.667E-03  1.667E-03  4.866E-03  8.665E-03  4.853E-03  3.478E-03  4.693E-03  5.291E-03
  2.208E-03  1.778E-03  1.427E-04  4.389E-03  3.881E-03  2.127E-03  0.000E+00  2.725E-03  5.325E-03  1.676E-03
  1.129E-03  2.546E-03  3.955E-03  3.860E-03  1.028E-03  0.000E+00  0.000E+00  1.903E-03  3.307E-03  3.434E-03
  1.487E-03  6.890E-04  3.905E-03  3.036E-03  7.024E-03  5.442E-03  3.125E-03  7.287E-03  5.613E-04  0.000E+00
  1.799E-03  7.735E-04  0.000E+00  0.000E+00  0.000E+00  0.000E+00  0.000E+00  1.852E-03  0.000E+00  0.000E+00
  2.092E-03  9.744E-04  1.934E-03  1.960E-03  0.000E+00  0.000E+00  0.000E+00  0.000E+00  0.000E+00  0.000E+00
  0.000E+00  0.000E+00  0.000E+00  0.000E+00  0.000E+00  0.000E+00  0.000E+00  0.000E+00  0.000E+00  0.000E+00
  0.000E+00  0.000E+00  0.000E+00  0.000E+00  0.000E+00  0.000E+00  0.000E+00  0.000E+00  0.000E+00  0.000E+00
  0.000E+00  5.726E-03  1.375E-04  0.000E+00  0.000E+00  0.000E+00  0.000E+00  0.000E+00  0.000E+00  0.000E+00
  0.000E+00  0.000E+00  0.000E+00  0.000E+00  0.000E+00  2.790E-05  2.302E-03  1.929E-03  1.313E-03  1.245E-02
  7.874E-03  4.855E-03  7.776E-03  8.620E-03  7.619E-03  3.668E-03  2.671E-03  0.000E+00  1.667E-03  0.000E+00
  0.000E+00  0.000E+00  0.000E+00  2.256E-03  7.515E-03  4.484E-03  5.309E-04  0.000E+00  3.645E-03  3.281E-03
  2.228E-03  5.169E-03  0.000E+00  4.602E-03  1.701E-06  5.352E-03  4.111E-03  2.326E-03  3.235E-03  3.889E-03
  2.137E-03  2.469E-03  2.938E-03  1.724E-03  0.000E+00  0.000E+00  0.000E+00  3.100E-03  2.058E-03  2.739E-03
  3.862E-03  5.940E-03  5.848E-03  1.736E-03  4.180E-03  1.627E-03  1.616E-03  5.428E-03  1.502E-03  3.987E-03
  4.133E-03  1.658E-03  1.658E-03  3.020E-03  1.757E-03  0.000E+00  0.000E+00  1.852E-03  0.000E+00  0.000E+00
  3.545E-03  5.907E-03  1.917E-03  0.000E+00  0.000E+00  0.000E+00  0.000E+00  0.000E+00  0.000E+00  0.000E+00
  0.000E+00  0.000E+00  0.000E+00  0.000E+00  0.000E+00  0.000E+00  0.000E+00  0.000E+00  0.000E+00  0.000E+00
  0.000E+00  0.000E+00  0.000E+00  0.000E+00  0.000E+00  0.000E+00  0.000E+00  0.000E+00  0.000E+00  0.000E+00
  2.198E-03  1.770E-02  1.416E-02  2.990E-02  2.761E-03  0.000E+00  0.000E+00  0.000E+00  0.000E+00  0.000E+00
  0.000E+00  0.000E+00  0.000E+00  0.000E+00  1.140E-03  3.602E-03  0.000E+00  1.029E-03  4.002E-03  2.095E-03
  3.608E-03  6.748E-03  7.265E-03  4.135E-03  2.822E-03  3.615E-03  1.774E-03  1.732E-03  2.881E-03  2.250E-03
  1.160E-03  2.207E-04  3.790E-03  5.286E-03  5.489E-03  0.000E+00  0.000E+00  1.162E-03  1.084E-03  2.197E-03
  2.500E-03  4.435E-03  3.864E-03  2.291E-03  4.403E-03  4.130E-03  3.528E-03  4.400E-03  4.533E-03  9.671E-04
  1.510E-03  1.818E-03  1.407E-03  2.547E-03  3.331E-04  0.000E+00  1.035E-03  9.367E-04  5.506E-03  1.831E-03
  5.529E-03  4.891E-03  8.890E-04  5.722E-03  3.691E-04  5.415E-04  3.598E-03  5.335E-03  6.127E-03  4.107E-03
  2.161E-03  2.129E-03  3.511E-03  1.827E-03  0.000E+00  0.000E+00  1.778E-03  7.342E-05  0.000E+00  0.000E+00
  3.398E-03  2.994E-03  1.727E-03  0.000E+00  0.000E+00  0.000E+00  0.000E+00  0.000E+00  0.000E+00  0.000E+00
  0.000E+00  0.000E+00  0.000E+00  0.000E+00  0.000E+00  0.000E+00  0.000E+00  0.000E+00  0.000E+00  0.000E+00
  0.000E+00  0.000E+00  0.000E+00  0.000E+00  0.000E+00  0.000E+00  0.000E+00  0.000E+00  0.000E+00  0.000E+00
  0.000E+00  0.000E+00  1.379E-02  3.161E-02  0.000E+00  0.000E+00  0.000E+00  0.000E+00  0.000E+00  0.000E+00
  0.000E+00  0.000E+00  0.000E+00  0.000E+00  1.951E-03  6.634E-03  0.000E+00  3.265E-04  8.937E-03  3.685E-03
  5.099E-03  0.000E+00  0.000E+00  2.863E-03  2.060E-03  1.694E-03  2.553E-03  1.883E-03  5.559E-04  1.667E-03
  1.542E-03  6.430E-03  6.264E-03  2.958E-03  5.090E-03  1.732E-03  1.531E-03  2.242E-03  0.000E+00  1.925E-04
  2.553E-03  4.276E-03  7.090E-03  5.807E-03  6.050E-03  3.600E-03  1.504E-03  0.000E+00  1.676E-03  1.555E-03
  3.672E-03  2.599E-03  1.724E-03  0.000E+00  1.743E-03  1.153E-03  3.563E-03  2.719E-03  2.563E-03  1.358E-03
  4.465E-03  7.305E-03  5.415E-03  2.743E-03  1.658E-03  1.116E-03  4.409E-03  3.666E-03  2.131E-03  3.859E-03
  5.673E-03  3.173E-03  0.000E+00  0.000E+00  0.000E+00  0.000E+00  1.852E-03  0.000E+00  0.000E+00  0.000E+00
  7.381E-03  1.042E-02  3.878E-03  0.000E+00  0.000E+00  0.000E+00  0.000E+00  0.000E+00  0.000E+00  0.000E+00
  0.000E+00  0.000E+00  0.000E+00  0.000E+00  0.000E+00  0.000E+00  0.000E+00  0.000E+00  0.000E+00  0.000E+00
  0.000E+00  0.000E+00  0.000E+00  0.000E+00  0.000E+00  0.000E+00  0.000E+00  0.000E+00  0.000E+00  0.000E+00
  0.000E+00  0.000E+00  2.185E-04  1.067E-03  0.000E+00  0.000E+00  0.000E+00  0.000E+00  0.000E+00  0.000E+00
  0.000E+00  0.000E+00  0.000E+00  1.058E-03  9.889E-03  3.387E-03  1.745E-03  1.418E-03  1.336E-03  1.906E-03
  2.348E-04  1.539E-03  0.000E+00  7.116E-04  1.174E-03  3.665E-04  2.252E-03  3.711E-03  3.222E-03  7.173E-03
  8.327E-03  5.053E-03  1.650E-03  5.192E-03  1.913E-03  1.650E-03  4.101E-03  3.382E-03  3.382E-03  4.506E-03
  8.396E-03  1.396E-02  7.612E-03  1.668E-03  3.096E-03  6.623E-03  4.084E-04  6.073E-04  1.069E-03  0.000E+00
  1.818E-03  2.479E-03  4.690E-03  1.445E-03  1.766E-03  4.895E-03  1.992E-03  4.062E-03  1.658E-03  4.564E-03
  1.002E-02  7.854E-04  5.536E-03  0.000E+00  1.893E-03  2.541E-03  1.048E-02  4.370E-03  5.673E-03  4.041E-03
  2.227E-03  1.220E-03  2.045E-03  2.045E-03  2.045E-03  2.773E-03  3.169E-03  1.669E-03  9.287E-04  2.001E-03
  0.000E+00  2.052E-03  1.172E-02  1.542E-03  0.000E+00  0.000E+00  0.000E+00  0.000E+00  0.000E+00  0.000E+00
  0.000E+00  0.000E+00  0.000E+00  0.000E+00  0.000E+00  0.000E+00  0.000E+00  0.000E+00  0.000E+00  0.000E+00
  0.000E+00  0.000E+00  0.000E+00  0.000E+00  0.000E+00  0.000E+00  0.000E+00  0.000E+00  0.000E+00  0.000E+00
  0.000E+00  0.000E+00  0.000E+00  0.000E+00  0.000E+00  0.000E+00  0.000E+00  0.000E+00  0.000E+00  0.000E+00
  0.000E+00  0.000E+00  2.572E-04  2.989E-03  2.444E-03  5.919E-05  0.000E+00  0.000E+00  0.000E+00  1.391E-03
  2.385E-03  3.762E-03  0.000E+00  0.000E+00  1.886E-03  0.000E+00  0.000E+00  3.412E-04  4.958E-03  9.480E-03
  3.415E-03  1.883E-03  2.336E-03  3.052E-03  0.000E+00  1.093E-03  2.501E-03  2.177E-03  2.137E-03  1.692E-03
  1.559E-03  5.338E-03  2.560E-03  3.475E-03  8.524E-03  4.561E-03  5.511E-03  6.735E-03  3.382E-03  3.298E-03
  2.350E-03  4.707E-03  5.748E-03  6.406E-03  6.429E-03  5.405E-03  5.285E-03  6.687E-03  4.703E-03  7.345E-03
  9.454E-03  3.153E-03  2.434E-03  4.083E-03  1.966E-03  7.104E-03  1.043E-02  4.056E-03  2.045E-03  2.045E-03
  2.045E-03  3.053E-03  4.204E-04  0.000E+00  0.000E+00  3.674E-03  3.520E-03  2.465E-03  1.073E-03  0.000E+00
  0.000E+00  4.468E-03  3.079E-03  1.680E-03  0.000E+00  0.000E+00  0.000E+00  0.000E+00  0.000E+00  0.000E+00
  0.000E+00  0.000E+00  0.000E+00  0.000E+00  0.000E+00  0.000E+00  0.000E+00  0.000E+00  0.000E+00  0.000E+00
  0.000E+00  0.000E+00  0.000E+00  0.000E+00  0.000E+00  0.000E+00  0.000E+00  0.000E+00  0.000E+00  0.000E+00
  0.000E+00  0.000E+00  0.000E+00  0.000E+00  0.000E+00  0.000E+00  0.000E+00  0.000E+00  0.000E+00  0.000E+00
  0.000E+00  2.146E-03  2.421E-03  0.000E+00  0.000E+00  0.000E+00  0.000E+00  0.000E+00  1.038E-02  0.000E+00
  8.414E-04  2.619E-03  3.414E-03  2.385E-03  1.210E-03  1.117E-03  1.091E-03  4.276E-03  5.018E-03  1.335E-03
  2.135E-03  2.060E-03  3.604E-03  4.982E-03  4.020E-03  2.634E-03  3.130E-03  0.000E+00  0.000E+00  8.583E-04
  3.468E-03  1.778E-03  2.197E-03  4.583E-03  6.037E-03  0.000E+00  0.000E+00  3.878E-03  3.269E-03  6.444E-03
  5.155E-03  5.271E-03  3.015E-03  5.764E-03  9.191E-03  4.573E-03  3.997E-03  3.654E-03  5.123E-03  7.631E-03
  6.253E-03  6.934E-03  5.396E-03  5.691E-03  7.893E-03  7.907E-03  2.248E-03  1.650E-03  1.650E-03  1.650E-03
  1.650E-03  1.650E-03  3.457E-03  3.191E-03  5.997E-03  8.070E-03  5.198E-03  3.808E-03  3.973E-03  1.436E-03
  0.000E+00  0.000E+00  1.407E-03  1.621E-04  0.000E+00  0.000E+00  0.000E+00  0.000E+00  0.000E+00  0.000E+00
  0.000E+00  0.000E+00  0.000E+00  0.000E+00  0.000E+00  0.000E+00  0.000E+00  0.000E+00  0.000E+00  0.000E+00
  0.000E+00  0.000E+00  0.000E+00  0.000E+00  0.000E+00  0.000E+00  0.000E+00  0.000E+00  0.000E+00  0.000E+00
  0.000E+00  0.000E+00  0.000E+00  0.000E+00  0.000E+00  0.000E+00  0.000E+00  0.000E+00  0.000E+00  7.578E-03
  3.087E-03  9.647E-04  0.000E+00  0.000E+00  0.000E+00  0.000E+00  0.000E+00  0.000E+00  1.354E-02  1.694E-03
  8.818E-04  0.000E+00  0.000E+00  0.000E+00  1.943E-03  6.647E-03  6.015E-03  3.706E-03  1.627E-04  0.000E+00
  2.801E-03  3.196E-03  3.507E-03  5.035E-03  2.060E-03  3.115E-03  2.578E-03  7.270E-04  0.000E+00  1.986E-03
  1.498E-03  3.340E-03  9.663E-04  4.856E-03  9.076E-03  1.658E-03  2.949E-03  8.119E-03  6.060E-03  2.704E-03
  2.162E-03  3.885E-03  1.734E-03  1.971E-03  5.017E-03  1.311E-03  2.045E-03  2.669E-03  3.951E-03  5.338E-03
  6.936E-04  3.564E-03  2.164E-03  4.635E-03  3.012E-03  7.658E-03  3.972E-04  0.000E+00  4.535E-04  1.672E-03
  1.672E-03  1.672E-03  3.277E-03  9.688E-03  1.122E-02  7.492E-03  4.176E-03  3.690E-03  3.526E-03  3.396E-03
  0.000E+00  0.000E+00  0.000E+00  0.000E+00  0.000E+00  0.000E+00  0.000E+00  0.000E+00  0.000E+00  0.000E+00
  0.000E+00  0.000E+00  0.000E+00  0.000E+00  0.000E+00  0.000E+00  0.000E+00  0.000E+00  0.000E+00  0.000E+00
  0.000E+00  0.000E+00  0.000E+00  0.000E+00  0.000E+00  0.000E+00  0.000E+00  0.000E+00  0.000E+00  0.000E+00
  0.000E+00  0.000E+00  0.000E+00  0.000E+00  0.000E+00  0.000E+00  0.000E+00  0.000E+00  0.000E+00  1.492E-02
  4.267E-03  0.000E+00  0.000E+00  0.000E+00  0.000E+00  0.000E+00  0.000E+00  0.000E+00  4.952E-02  1.037E-03
  0.000E+00  0.000E+00  0.000E+00  4.617E-04  3.889E-03  4.961E-03  4.660E-03  2.450E-03  2.137E-03  2.137E-03
  2.670E-03  1.836E-03  1.255E-03  7.137E-04  5.121E-04  3.651E-03  2.060E-03  1.786E-03  2.513E-03  4.040E-03
  1.658E-03  5.217E-03  7.405E-03  5.999E-03  1.064E-02  6.117E-03  3.905E-03  7.129E-04  3.558E-03  6.305E-04
  1.646E-03  7.779E-05  1.538E-03  4.604E-03  1.778E-03  1.823E-03  3.738E-04  0.000E+00  4.599E-03  8.501E-04
  3.620E-03  6.536E-03  3.737E-03  3.421E-03  3.548E-03  9.077E-03  6.116E-03  7.564E-03  7.287E-03  5.163E-03
  4.176E-03  4.176E-03  5.764E-03  4.583E-03  3.624E-03  1.642E-03  0.000E+00  0.000E+00  0.000E+00  0.000E+00
  0.000E+00  0.000E+00  0.000E+00  0.000E+00  0.000E+00  0.000E+00  0.000E+00  0.000E+00  0.000E+00  0.000E+00
  0.000E+00  0.000E+00  0.000E+00  0.000E+00  0.000E+00  0.000E+00  0.000E+00  0.000E+00  0.000E+00  0.000E+00
  0.000E+00  0.000E+00  0.000E+00  0.000E+00  0.000E+00  0.000E+00  0.000E+00  0.000E+00  0.000E+00  0.000E+00
  0.000E+00  0.000E+00  0.000E+00  0.000E+00  0.000E+00  0.000E+00  0.000E+00  5.859E-03  0.000E+00  0.000E+00
  0.000E+00  0.000E+00  0.000E+00  0.000E+00  0.000E+00  0.000E+00  0.000E+00  0.000E+00  3.618E-03  1.316E-02
  1.635E-03  2.985E-04  1.270E-03  5.002E-03  2.899E-03  1.810E-03  3.505E-03  9.996E-04  0.000E+00  0.000E+00
  3.033E-03  4.704E-04  1.968E-03  0.000E+00  2.166E-03  1.658E-03  1.920E-03  5.250E-03  8.245E-03  4.640E-03
  4.045E-03  6.170E-03  3.296E-03  3.736E-03  8.452E-03  1.045E-03  3.300E-03  1.434E-03  3.841E-04  2.316E-03
  1.778E-03  1.967E-03  1.438E-03  3.255E-03  1.318E-04  2.284E-03  6.048E-03  5.607E-03  5.812E-03  4.481E-03
  5.245E-03  9.695E-03  1.116E-02  4.075E-03  3.574E-03  5.436E-03  3.703E-03  9.677E-04  0.000E+00  9.060E-04
  3.649E-03  6.234E-03  2.999E-03  4.797E-04  1.372E-03  5.853E-04  2.049E-03  0.000E+00  0.000E+00  0.000E+00
  0.000E+00  0.000E+00  0.000E+00  0.000E+00  0.000E+00  0.000E+00  0.000E+00  0.000E+00  0.000E+00  0.000E+00
  0.000E+00  0.000E+00  0.000E+00  0.000E+00  0.000E+00  0.000E+00  0.000E+00  0.000E+00  0.000E+00  0.000E+00
  0.000E+00  0.000E+00  0.000E+00  0.000E+00  0.000E+00  0.000E+00  0.000E+00  0.000E+00  0.000E+00  0.000E+00
  0.000E+00  0.000E+00  0.000E+00  0.000E+00  0.000E+00  0.000E+00  0.000E+00  8.444E-03  2.173E-03  1.697E-04
  0.000E+00  2.247E-03  1.206E-02  0.000E+00  0.000E+00  0.000E+00  1.258E-03  0.000E+00  1.467E-02  7.333E-03
  0.000E+00  2.995E-03  4.852E-03  1.600E-03  1.534E-03  8.752E-05  8.838E-04  1.002E-03  0.000E+00  0.000E+00
  2.845E-03  3.000E-03  3.626E-03  3.376E-03  2.015E-03  0.000E+00  0.000E+00  1.638E-03  7.278E-04  2.520E-03
  3.826E-03  6.508E-03  1.883E-03  2.190E-03  7.148E-03  3.969E-03  3.116E-03  3.666E-03  0.000E+00  1.898E-03
  6.410E-03  7.954E-03  7.309E-03  1.672E-03  1.672E-03  3.306E-03  2.389E-03  8.427E-03  3.770E-03  1.551E-03
  3.621E-03  3.351E-03  4.080E-04  4.548E-03  6.324E-03  1.408E-03  0.000E+00  1.685E-03  1.098E-03  4.341E-03
  2.585E-03  0.000E+00  3.167E-04  3.744E-03  1.893E-03  1.893E-03  4.508E-04  3.351E-03  1.957E-03  1.728E-03
  0.000E+00  0.000E+00  0.000E+00  0.000E+00  0.000E+00  0.000E+00  0.000E+00  0.000E+00  0.000E+00  0.000E+00
  0.000E+00  0.000E+00  0.000E+00  0.000E+00  0.000E+00  0.000E+00  0.000E+00  0.000E+00  0.000E+00  0.000E+00
  0.000E+00  0.000E+00  0.000E+00  0.000E+00  0.000E+00  0.000E+00  0.000E+00  0.000E+00  0.000E+00  0.000E+00
  0.000E+00  0.000E+00  0.000E+00  0.000E+00  0.000E+00  0.000E+00  0.000E+00  0.000E+00  0.000E+00  3.552E-03
  3.213E-03  2.027E-02  4.855E-03  0.000E+00  0.000E+00  2.169E-03  2.775E-03  3.648E-04  1.140E-03  1.860E-03
  6.573E-03  4.905E-03  1.630E-03  3.087E-03  2.046E-03  1.364E-03  1.324E-03  3.543E-03  2.869E-03  3.330E-03
  1.137E-03  1.667E-03  2.772E-03  1.317E-03  0.000E+00  0.000E+00  9.396E-04  3.851E-03  1.766E-03  6.604E-05
  2.540E-03  2.297E-03  2.060E-03  4.187E-03  4.138E-03  7.305E-03  7.226E-03  5.337E-03  3.555E-03  3.396E-03
  6.701E-03  3.654E-03  3.181E-03  2.435E-03  3.809E-03  4.799E-03  5.065E-03  3.881E-03  3.004E-03  3.672E-03
  1.783E-03  2.177E-03  0.000E+00  1.053E-03  7.256E-03  9.939E-04  2.266E-03  6.249E-03  4.916E-03  2.259E-04
  0.000E+00  0.000E+00  0.000E+00  1.852E-03  1.314E-03  1.728E-03  3.348E-03  2.496E-03  3.891E-03  2.753E-03
  0.000E+00  0.000E+00  0.000E+00  0.000E+00  0.000E+00  0.000E+00  0.000E+00  0.000E+00  0.000E+00  0.000E+00
  0.000E+00  0.000E+00  0.000E+00  0.000E+00  0.000E+00  0.000E+00  0.000E+00  0.000E+00  0.000E+00  0.000E+00
  0.000E+00  0.000E+00  0.000E+00  0.000E+00  0.000E+00  0.000E+00  0.000E+00  0.000E+00  0.000E+00  0.000E+00
  0.000E+00  0.000E+00  0.000E+00  0.000E+00  0.000E+00  0.000E+00  0.000E+00  3.509E-04  3.238E-03  5.767E-04
  2.190E-03  4.203E-03  1.378E-02  1.944E-03  7.881E-04  2.561E-03  1.655E-03  3.495E-03  7.693E-03  2.430E-02
  5.015E-03  3.665E-03  5.833E-03  3.435E-03  4.522E-03  1.658E-03  3.336E-04  9.411E-04  2.900E-03  1.999E-03
  0.000E+00  2.470E-03  3.286E-03  0.000E+00  1.384E-03  1.766E-03  3.473E-03  0.000E+00  0.000E+00  7.107E-04
  5.557E-03  3.450E-03  1.672E-03  3.799E-03  5.566E-03  5.262E-03  7.618E-03  3.529E-03  4.977E-03  5.638E-03
  2.730E-03  4.482E-03  1.272E-03  6.430E-04  1.622E-03  3.118E-03  4.933E-03  4.105E-03  4.726E-03  4.437E-03
  2.435E-03  2.937E-03  1.783E-03  7.323E-04  6.313E-03  3.616E-03  3.269E-03  2.863E-04  3.103E-03  6.243E-03
  9.369E-04  1.504E-03  3.009E-03  2.298E-03  4.139E-04  1.633E-03  1.374E-03  7.614E-04  2.013E-03  3.379E-03
  0.000E+00  0.000E+00  0.000E+00  0.000E+00  0.000E+00  0.000E+00  0.000E+00  0.000E+00  0.000E+00  0.000E+00
  0.000E+00  0.000E+00  0.000E+00  0.000E+00  0.000E+00  0.000E+00  0.000E+00  0.000E+00  0.000E+00  0.000E+00
  0.000E+00  0.000E+00  0.000E+00  0.000E+00  0.000E+00  0.000E+00  0.000E+00  0.000E+00  0.000E+00  0.000E+00
  0.000E+00  0.000E+00  0.000E+00  0.000E+00  0.000E+00  0.000E+00  0.000E+00  8.970E-03  7.310E-03  4.271E-03
  3.608E-03  0.000E+00  0.000E+00  0.000E+00  1.399E-03  0.000E+00  8.108E-04  1.257E-02  5.602E-03  5.660E-03
  1.103E-02  7.913E-03  2.648E-03  9.221E-04  3.699E-03  1.777E-03  7.415E-04  0.000E+00  3.722E-03  3.265E-03
  2.693E-03  8.594E-03  4.657E-03  4.459E-03  3.885E-03  5.654E-03  5.441E-03  5.683E-03  4.365E-03  7.287E-03
  1.463E-03  1.778E-03  0.000E+00  2.127E-03  2.236E-03  3.426E-03  2.400E-03  2.238E-03  3.033E-03  1.124E-02
  4.647E-03  2.785E-03  1.823E-03  2.813E-03  9.557E-04  5.009E-03  3.764E-03  2.006E-03  0.000E+00  3.836E-04
  1.813E-03  2.767E-03  3.752E-03  8.378E-03  8.215E-03  2.798E-03  1.022E-03  1.541E-03  1.694E-03  1.930E-03
  7.123E-03  4.415E-03  2.633E-03  6.110E-04  2.270E-03  9.048E-04  2.013E-03  1.251E-03  0.000E+00  0.000E+00
  0.000E+00  0.000E+00  0.000E+00  0.000E+00  0.000E+00  0.000E+00  0.000E+00  0.000E+00  0.000E+00  0.000E+00
  0.000E+00  0.000E+00  0.000E+00  0.000E+00  0.000E+00  0.000E+00  0.000E+00  0.000E+00  0.000E+00  0.000E+00
  0.000E+00  0.000E+00  0.000E+00  0.000E+00  0.000E+00  0.000E+00  0.000E+00  0.000E+00  0.000E+00  0.000E+00
  0.000E+00  0.000E+00  0.000E+00  0.000E+00  0.000E+00  0.000E+00  0.000E+00  3.705E-04  3.887E-03  6.914E-03
  6.861E-03  8.720E-05  5.322E-03  7.412E-03  1.880E-03  2.583E-03  3.252E-03  2.137E-03  2.027E-02  6.120E-03
  2.178E-03  5.250E-03  6.510E-03  6.050E-03  9.365E-03  6.879E-03  4.470E-03  5.661E-03  7.143E-03  9.179E-03
  7.969E-03  9.524E-03  6.774E-03  5.107E-03  4.297E-03  5.800E-03  3.435E-03  5.134E-03  5.168E-03  7.602E-03
  5.557E-03  6.284E-03  4.506E-03  6.633E-03  6.392E-03  8.351E-03  5.109E-03  7.226E-03  1.165E-02  7.623E-03
  9.619E-03  6.111E-03  5.997E-03  6.107E-03  4.097E-03  3.960E-03  8.356E-03  2.199E-03  1.814E-03  1.814E-03
  2.386E-03  4.826E-03  5.814E-03  6.815E-03  1.969E-03  8.341E-03  8.025E-03  7.675E-03  6.311E-03  1.587E-03
  3.391E-04  4.528E-03  6.893E-03  5.854E-03  2.549E-03  3.291E-03  3.386E-03  0.000E+00  0.000E+00  1.900E-03
  0.000E+00  0.000E+00  0.000E+00  0.000E+00  0.000E+00  0.000E+00  0.000E+00  0.000E+00  0.000E+00  0.000E+00
  0.000E+00  0.000E+00  0.000E+00  0.000E+00  0.000E+00  0.000E+00  0.000E+00  0.000E+00  0.000E+00  0.000E+00
  0.000E+00  0.000E+00  0.000E+00  0.000E+00  0.000E+00  0.000E+00  0.000E+00  0.000E+00  0.000E+00  0.000E+00
  0.000E+00  0.000E+00  0.000E+00  0.000E+00  0.000E+00  0.000E+00  0.000E+00  1.624E-03  1.816E-03  0.000E+00
  1.997E-03  4.245E-03  2.332E-03  2.218E-03  3.078E-03  3.117E-03  1.747E-03  1.683E-03  5.813E-03  1.463E-03
  1.653E-03  1.724E-03  1.575E-03  3.518E-03  5.103E-03  1.765E-03  5.235E-03  8.811E-03  6.401E-03  8.337E-03
  6.789E-03  6.004E-03  5.703E-03  3.038E-03  3.974E-03  1.744E-03  1.677E-03  2.877E-03  5.885E-03  1.984E-03
  5.709E-04  3.399E-03  1.621E-03  3.748E-03  4.354E-03  4.619E-03  1.621E-03  5.768E-03  8.081E-03  2.517E-03
  7.997E-03  8.336E-03  6.470E-03  3.964E-03  9.134E-03  6.207E-03  2.145E-03  6.173E-03  1.621E-03  1.531E-03
  2.340E-03  2.059E-03  4.822E-03  6.137E-03  3.201E-03  1.920E-03  1.903E-03  6.185E-04  1.830E-03  5.689E-03
  3.712E-03  1.159E-02  5.711E-03  5.551E-03  7.064E-03  7.601E-03  4.681E-03  7.320E-03  7.320E-03  6.299E-03
  0.000E+00  0.000E+00  0.000E+00  0.000E+00  0.000E+00  0.000E+00  0.000E+00  0.000E+00  0.000E+00  0.000E+00
  0.000E+00  0.000E+00  0.000E+00  0.000E+00  0.000E+00  0.000E+00  0.000E+00  0.000E+00  0.000E+00  0.000E+00
  0.000E+00  0.000E+00  0.000E+00  0.000E+00  0.000E+00  0.000E+00  0.000E+00  0.000E+00  0.000E+00  0.000E+00
  0.000E+00  0.000E+00  0.000E+00  0.000E+00  0.000E+00  0.000E+00  0.000E+00  7.966E-03  7.096E-03  1.253E-03
  1.245E-03  1.977E-03  3.737E-03  3.340E-03  9.061E-03  2.036E-03  6.724E-06  0.000E+00  7.334E-04  4.295E-03
  5.228E-03  3.636E-03  4.563E-03  4.270E-03  8.223E-03  6.746E-03  5.280E-03  3.439E-03  3.386E-03  9.514E-03
  3.174E-03  3.393E-03  3.219E-03  9.407E-04  1.425E-03  0.000E+00  0.000E+00  1.959E-03  4.701E-03  9.424E-04
  1.677E-03  3.454E-03  2.986E-03  2.741E-03  4.923E-03  3.913E-03  1.997E-03  7.745E-03  4.015E-03  7.359E-03
  3.547E-03  7.800E-03  3.591E-03  4.176E-03  4.186E-03  4.609E-03  1.883E-03  5.079E-03  4.936E-03  4.158E-03
  3.349E-03  3.003E-03  4.828E-03  6.446E-03  2.918E-03  1.621E-03  2.599E-03  2.547E-03  1.621E-03  4.109E-03
  7.273E-03  1.243E-02  3.245E-03  5.047E-03  4.056E-03  4.056E-03  6.043E-03  5.769E-03  7.334E-04  0.000E+00
  0.000E+00  0.000E+00  0.000E+00  0.000E+00  0.000E+00  0.000E+00  0.000E+00  0.000E+00  0.000E+00  0.000E+00
  0.000E+00  0.000E+00  0.000E+00  0.000E+00  0.000E+00  0.000E+00  0.000E+00  0.000E+00  0.000E+00  0.000E+00
  0.000E+00  0.000E+00  0.000E+00  0.000E+00  0.000E+00  0.000E+00  0.000E+00  0.000E+00  0.000E+00  0.000E+00
  0.000E+00  0.000E+00  0.000E+00  0.000E+00  0.000E+00  0.000E+00  0.000E+00  0.000E+00  0.000E+00  5.628E-03
  3.283E-04  5.076E-03  2.054E-03  3.566E-03  1.426E-02  4.733E-03  4.388E-03  4.395E-03  2.936E-03  4.787E-03
  2.384E-03  3.976E-03  5.057E-03  3.726E-03  3.408E-03  1.136E-03  5.168E-03  3.555E-03  1.388E-03  2.851E-03
  3.854E-03  0.000E+00  1.393E-03  4.642E-03  1.777E-03  4.487E-05  1.818E-03  1.741E-03  3.100E-03  0.000E+00
  0.000E+00  1.778E-03  2.127E-03  1.818E-03  1.676E-03  2.236E-03  4.567E-03  2.044E-03  2.950E-03  7.754E-03
  3.879E-03  0.000E+00  4.179E-03  7.928E-03  4.283E-03  5.847E-03  7.081E-03  5.424E-03  8.597E-03  4.551E-03
  1.954E-03  5.937E-03  8.046E-03  4.591E-03  4.506E-03  3.450E-03  6.802E-04  2.966E-03  2.576E-03  2.198E-03
  2.968E-03  5.849E-03  3.197E-03  2.969E-03  1.036E-03  0.000E+00  0.000E+00  4.735E-05  5.083E-03  6.228E-03
  0.000E+00  0.000E+00  0.000E+00  0.000E+00  0.000E+00  0.000E+00  0.000E+00  0.000E+00  0.000E+00  0.000E+00
  0.000E+00  0.000E+00  0.000E+00  0.000E+00  0.000E+00  0.000E+00  0.000E+00  0.000E+00  0.000E+00  0.000E+00
  0.000E+00  0.000E+00  0.000E+00  0.000E+00  0.000E+00  0.000E+00  0.000E+00  0.000E+00  0.000E+00  0.000E+00
  0.000E+00  0.000E+00  0.000E+00  0.000E+00  0.000E+00  0.000E+00  0.000E+00  0.000E+00  1.623E-03  5.519E-03
  1.815E-03  7.815E-03  1.707E-03  2.505E-03  2.034E-03  2.275E-03  9.209E-03  0.000E+00  1.458E-03  2.786E-03
  4.972E-03  1.980E-03  2.897E-04  1.984E-03  3.878E-03  1.248E-03  7.731E-04  6.749E-04  5.405E-03  5.075E-03
  4.188E-03  7.722E-04  3.548E-03  6.600E-03  2.815E-03  3.907E-03  2.854E-03  3.317E-03  1.699E-03  0.000E+00
  0.000E+00  1.551E-03  2.532E-03  1.413E-03  1.676E-03  4.775E-03  2.349E-03  1.724E-03  6.699E-03  3.588E-03
  4.296E-03  8.173E-04  4.419E-03  5.480E-03  8.092E-03  4.350E-03  3.114E-03  7.598E-04  1.906E-03  4.432E-03
  4.597E-03  2.323E-03  4.992E-03  0.000E+00  1.330E-03  9.075E-04  5.040E-03  6.988E-03  6.743E-03  3.450E-03
  9.719E-03  3.450E-03  4.112E-03  5.352E-03  6.486E-03  5.233E-03  3.819E-03  5.334E-03  3.315E-03  3.553E-03
  0.000E+00  0.000E+00  0.000E+00  0.000E+00  0.000E+00  0.000E+00  0.000E+00  0.000E+00  0.000E+00  0.000E+00
  0.000E+00  0.000E+00  0.000E+00  0.000E+00  0.000E+00  0.000E+00  0.000E+00  0.000E+00  0.000E+00  0.000E+00
  0.000E+00  0.000E+00  0.000E+00  0.000E+00  0.000E+00  0.000E+00  0.000E+00  0.000E+00  0.000E+00  0.000E+00
  0.000E+00  0.000E+00  0.000E+00  0.000E+00  0.000E+00  0.000E+00  0.000E+00  0.000E+00  0.000E+00  5.852E-04
  5.869E-03  0.000E+00  0.000E+00  0.000E+00  3.435E-04  8.716E-03  2.389E-03  1.903E-03  0.000E+00  3.657E-03
  1.493E-03  3.879E-03  2.468E-03  2.393E-03  0.000E+00  3.499E-03  1.848E-03  2.264E-03  0.000E+00  2.918E-03
  7.535E-03  9.339E-03  6.415E-03  6.372E-03  0.000E+00  3.675E-03  2.533E-03  3.014E-03  3.476E-03  5.851E-04
  0.000E+00  0.000E+00  3.945E-03  1.575E-03  6.729E-04  6.552E-03  7.088E-04  4.461E-03  4.832E-03  2.903E-03
  5.046E-03  5.280E-03  5.463E-03  2.883E-03  3.918E-03  2.220E-03  1.381E-03  5.257E-03  5.249E-03  5.832E-03
  3.083E-03  0.000E+00  5.020E-03  2.286E-03  2.529E-03  5.080E-03  2.690E-03  2.637E-03  1.561E-03  3.423E-04
  6.269E-03  0.000E+00  0.000E+00  1.743E-04  3.198E-03  3.982E-03  5.083E-03  3.450E-03  2.129E-03  3.446E-03
  0.000E+00  0.000E+00  0.000E+00  0.000E+00  0.000E+00  0.000E+00  0.000E+00  0.000E+00  0.000E+00  0.000E+00
  0.000E+00  0.000E+00  0.000E+00  0.000E+00  0.000E+00  0.000E+00  0.000E+00  0.000E+00  0.000E+00  0.000E+00
  0.000E+00  0.000E+00  0.000E+00  0.000E+00  0.000E+00  0.000E+00  9.809E-03  0.000E+00  0.000E+00  0.000E+00
  0.000E+00  0.000E+00  0.000E+00  0.000E+00  0.000E+00  0.000E+00  0.000E+00  0.000E+00  0.000E+00  0.000E+00
  0.000E+00  0.000E+00  0.000E+00  0.000E+00  0.000E+00  0.000E+00  7.109E-04  6.711E-03  3.201E-03  2.306E-03
  7.886E-03  1.933E-04  1.626E-03  5.711E-03  3.405E-03  7.211E-04  1.679E-03  2.146E-03  6.080E-03  6.736E-03
  3.570E-03  6.222E-03  8.783E-03  4.430E-03  3.628E-03  1.679E-03  5.001E-03  8.009E-04  1.699E-03  1.727E-03
  5.042E-03  1.419E-03  3.382E-03  4.459E-03  5.656E-03  3.088E-03  5.118E-03  7.372E-03  1.791E-03  3.384E-03
  4.784E-03  6.357E-03  1.804E-03  1.882E-03  9.625E-04  1.004E-03  4.102E-03  3.983E-03  4.608E-03  1.622E-03
  3.389E-03  3.736E-03  4.559E-03  7.359E-03  5.662E-03  2.820E-03  2.384E-03  2.938E-03  2.758E-04  5.405E-03
  7.721E-03  4.464E-03  4.928E-03  6.465E-03  5.343E-03  4.560E-03  2.697E-03  0.000E+00  2.835E-03  2.048E-03
  0.000E+00  0.000E+00  0.000E+00  0.000E+00  0.000E+00  0.000E+00  0.000E+00  0.000E+00  0.000E+00  0.000E+00
  0.000E+00  0.000E+00  0.000E+00  0.000E+00  0.000E+00  0.000E+00  0.000E+00  0.000E+00  0.000E+00  0.000E+00
  0.000E+00  0.000E+00  0.000E+00  0.000E+00  0.000E+00  0.000E+00  1.834E-03  8.748E-03  0.000E+00  0.000E+00
  0.000E+00  0.000E+00  0.000E+00  0.000E+00  0.000E+00  0.000E+00  0.000E+00  0.000E+00  0.000E+00  0.000E+00
  0.000E+00  0.000E+00  0.000E+00  0.000E+00  0.000E+00  0.000E+00  0.000E+00  6.011E-03  2.469E-03  1.222E-02
  1.147E-02  7.740E-03  6.525E-03  9.531E-03  8.488E-03  8.414E-03  1.133E-02  8.536E-03  4.720E-03  9.136E-03
  1.082E-02  8.780E-03  5.079E-03  6.941E-03  7.393E-03  4.947E-03  5.201E-03  3.049E-03  3.778E-03  5.425E-03
  2.050E-03  4.806E-03  1.420E-02  9.474E-03  6.561E-03  4.824E-03  5.525E-03  2.280E-03  2.309E-03  3.613E-03
  2.563E-03  4.686E-03  2.081E-03  1.998E-03  1.276E-03  2.926E-03  6.160E-04  1.331E-03  1.961E-03  4.433E-03
  2.289E-03  4.078E-03  4.542E-03  6.831E-03  1.667E-03  1.667E-03  3.131E-03  8.155E-03  3.829E-03  5.860E-03
  7.225E-03  4.140E-03  2.471E-03  0.000E+00  0.000E+00  0.000E+00  2.176E-03  4.084E-03  5.779E-03  6.499E-03
  0.000E+00  0.000E+00  0.000E+00  0.000E+00  0.000E+00  0.000E+00  0.000E+00  0.000E+00  0.000E+00  0.000E+00
  0.000E+00  0.000E+00  0.000E+00  0.000E+00  0.000E+00  0.000E+00  0.000E+00  0.000E+00  0.000E+00  0.000E+00
  0.000E+00  0.000E+00  0.000E+00  0.000E+00  0.000E+00  0.000E+00  0.000E+00  0.000E+00  0.000E+00  0.000E+00
  0.000E+00  0.000E+00  0.000E+00  0.000E+00  0.000E+00  0.000E+00  0.000E+00  0.000E+00  0.000E+00  0.000E+00
  0.000E+00  0.000E+00  0.000E+00  0.000E+00  0.000E+00  0.000E+00  0.000E+00  0.000E+00  6.317E-03  4.177E-03
  8.781E-03  4.546E-03  3.806E-03  9.411E-03  6.894E-03  9.353E-03  3.391E-03  3.357E-03  4.530E-03  1.608E-02
  1.043E-02  7.326E-03  6.965E-03  8.112E-03  5.746E-03  6.914E-03  3.358E-03  3.804E-03  9.173E-03  8.048E-04
  2.396E-03  4.952E-03  7.758E-03  8.123E-03  6.182E-03  5.144E-03  6.796E-03  5.157E-03  3.937E-03  1.633E-03
  3.431E-03  3.942E-03  3.129E-03  7.384E-03  3.283E-03  1.633E-03  1.633E-03  2.470E-03  4.171E-03  6.573E-03
  1.248E-02  7.042E-03  6.045E-03  6.175E-03  1.633E-03  1.633E-03  1.633E-03  4.083E-03  5.310E-03  6.774E-03
  7.356E-03  1.633E-03  2.838E-03  3.772E-03  3.772E-03  4.049E-03  5.725E-03  7.350E-03  7.129E-03  3.021E-03
  0.000E+00  0.000E+00  0.000E+00  0.000E+00  0.000E+00  0.000E+00  0.000E+00  0.000E+00  0.000E+00  0.000E+00
  0.000E+00  0.000E+00  0.000E+00  0.000E+00  0.000E+00  0.000E+00  0.000E+00  0.000E+00  0.000E+00  0.000E+00
  0.000E+00  0.000E+00  0.000E+00  0.000E+00  0.000E+00  0.000E+00  0.000E+00  0.000E+00  0.000E+00  0.000E+00
  0.000E+00  0.000E+00  0.000E+00  0.000E+00  1.677E-02  1.410E-03  0.000E+00  0.000E+00  0.000E+00  0.000E+00
  0.000E+00  0.000E+00  0.000E+00  0.000E+00  0.000E+00  0.000E+00  0.000E+00  0.000E+00  6.739E-03  5.935E-03
  6.056E-03  8.795E-03  1.780E-03  8.823E-03  6.732E-03  3.464E-03  5.996E-03  6.408E-03  8.025E-03  1.218E-02
  9.479E-03  9.527E-03  6.883E-03  6.990E-03  9.079E-03  8.674E-03  6.597E-03  9.967E-03  7.181E-03  7.331E-03
  3.504E-03  3.760E-03  7.641E-03  1.010E-03  2.888E-03  5.995E-03  4.534E-03  3.287E-03  0.000E+00  0.000E+00
  3.485E-04  6.404E-03  9.569E-03  4.661E-03  4.893E-03  1.667E-03  1.667E-03  8.297E-04  5.234E-03  4.200E-03
  3.916E-03  4.955E-03  1.426E-03  7.334E-03  1.886E-04  0.000E+00  9.753E-04  4.451E-03  3.048E-03  5.455E-03
  1.400E-03  1.662E-03  0.000E+00  0.000E+00  3.343E-04  1.676E-03  0.000E+00  1.779E-03  3.475E-03  5.533E-03
  0.000E+00  0.000E+00  0.000E+00  0.000E+00  0.000E+00  0.000E+00  0.000E+00  0.000E+00  0.000E+00  0.000E+00
  0.000E+00  0.000E+00  0.000E+00  0.000E+00  0.000E+00  0.000E+00  0.000E+00  0.000E+00  0.000E+00  0.000E+00
  0.000E+00  0.000E+00  0.000E+00  0.000E+00  0.000E+00  0.000E+00  0.000E+00  0.000E+00  0.000E+00  0.000E+00
  0.000E+00  0.000E+00  0.000E+00  0.000E+00  0.000E+00  0.000E+00  0.000E+00  0.000E+00  0.000E+00  9.726E-03
  0.000E+00  0.000E+00  0.000E+00  0.000E+00  0.000E+00  0.000E+00  0.000E+00  0.000E+00  0.000E+00  5.268E-03
  7.780E-03  1.257E-02  1.013E-02  9.792E-03  4.554E-03  1.880E-03  9.645E-04  2.028E-03  3.041E-03  5.768E-03
  2.002E-03  5.967E-03  4.347E-03  8.501E-03  1.026E-02  3.855E-03  8.238E-03  3.959E-03  5.171E-03  4.880E-03
  7.682E-03  9.626E-03  4.187E-03  4.416E-03  6.508E-03  3.793E-03  2.398E-03  2.090E-03  5.328E-03  6.427E-03
  6.636E-03  6.338E-03  5.594E-03  1.884E-03  2.145E-03  2.451E-03  3.714E-03  7.911E-03  2.836E-03  0.000E+00
  0.000E+00  5.346E-03  3.419E-03  6.349E-03  4.812E-03  3.945E-03  1.394E-03  2.450E-03  1.852E-03  4.497E-03
  2.116E-03  1.485E-03  4.183E-04  0.000E+00  9.117E-04  1.242E-03  1.600E-04  3.773E-03  7.248E-05  1.870E-03
  0.000E+00  0.000E+00  0.000E+00  0.000E+00  0.000E+00  0.000E+00  0.000E+00  0.000E+00  0.000E+00  0.000E+00
  0.000E+00  0.000E+00  0.000E+00  0.000E+00  0.000E+00  0.000E+00  0.000E+00  0.000E+00  0.000E+00  0.000E+00
  0.000E+00  0.000E+00  0.000E+00  0.000E+00  0.000E+00  0.000E+00  0.000E+00  0.000E+00  0.000E+00  0.000E+00
  0.000E+00  0.000E+00  0.000E+00  0.000E+00  0.000E+00  0.000E+00  0.000E+00  0.000E+00  0.000E+00  3.252E-04
  0.000E+00  0.000E+00  0.000E+00  0.000E+00  0.000E+00  0.000E+00  0.000E+00  1.670E-02  1.093E-02  1.133E-02
  3.061E-03  3.832E-03  1.002E-02  5.999E-03  2.782E-03  7.518E-03  5.725E-03  5.725E-03  7.841E-03  1.258E-02
  6.553E-03  1.291E-02  1.055E-02  9.871E-03  1.034E-02  1.093E-02  6.987E-03  6.945E-03  5.789E-03  5.602E-03
  7.421E-03  1.210E-02  4.319E-03  8.008E-03  6.626E-03  8.367E-03  2.877E-03  1.921E-03  4.782E-03  3.683E-03
  1.894E-03  4.394E-03  3.801E-03  7.123E-06  2.534E-03  9.635E-03  4.612E-03  4.016E-03  2.961E-03  4.002E-03
  2.559E-03  2.119E-03  7.716E-03  5.839E-03  7.760E-03  6.290E-05  1.576E-03  5.980E-03  2.653E-03  2.659E-03
  1.193E-03  1.927E-03  1.903E-03  1.055E-03  2.327E-03  0.000E+00  3.022E-03  9.834E-04  1.783E-03  8.714E-05
  0.000E+00  0.000E+00  0.000E+00  0.000E+00  0.000E+00  0.000E+00  0.000E+00  0.000E+00  0.000E+00  0.000E+00
  0.000E+00  0.000E+00  0.000E+00  0.000E+00  0.000E+00  0.000E+00  0.000E+00  0.000E+00  0.000E+00  0.000E+00
  0.000E+00  0.000E+00  0.000E+00  0.000E+00  0.000E+00  0.000E+00  0.000E+00  0.000E+00  0.000E+00  0.000E+00
  0.000E+00  0.000E+00  0.000E+00  0.000E+00  0.000E+00  0.000E+00  0.000E+00  0.000E+00  0.000E+00  0.000E+00
  0.000E+00  0.000E+00  0.000E+00  0.000E+00  0.000E+00  0.000E+00  0.000E+00  0.000E+00  2.610E-03  6.825E-03
  6.905E-03  1.220E-02  1.756E-02  7.454E-03  5.034E-03  1.077E-03  2.073E-03  2.780E-03  4.409E-03  4.023E-03
  8.655E-03  4.491E-03  5.375E-03  4.819E-03  5.545E-03  5.559E-03  3.349E-03  3.554E-03  9.506E-03  9.027E-03
  1.075E-02  6.746E-03  8.557E-03  2.970E-03  4.422E-03  3.446E-03  2.846E-03  4.504E-03  1.642E-03  1.642E-03
  3.223E-03  4.622E-03  6.321E-03  1.145E-02  8.819E-03  4.301E-03  1.538E-03  2.132E-03  0.000E+00  0.000E+00
  2.930E-03  3.885E-03  5.605E-03  9.178E-03  1.003E-02  8.050E-03  8.156E-04  4.302E-03  3.360E-03  4.397E-03
  1.578E-03  2.233E-03  5.536E-03  4.492E-03  0.000E+00  3.326E-04  3.673E-03  3.783E-04  1.492E-03  0.000E+00
  0.000E+00  0.000E+00  0.000E+00  0.000E+00  0.000E+00  0.000E+00  0.000E+00  0.000E+00  0.000E+00  0.000E+00
  0.000E+00  0.000E+00  0.000E+00  0.000E+00  0.000E+00  0.000E+00  0.000E+00  0.000E+00  0.000E+00  0.000E+00
  0.000E+00  0.000E+00  0.000E+00  0.000E+00  0.000E+00  0.000E+00  0.000E+00  0.000E+00  0.000E+00  0.000E+00
  0.000E+00  0.000E+00  0.000E+00  0.000E+00  0.000E+00  0.000E+00  0.000E+00  0.000E+00  0.000E+00  0.000E+00
  0.000E+00  0.000E+00  0.000E+00  0.000E+00  0.000E+00  0.000E+00  0.000E+00  0.000E+00  0.000E+00  1.049E-03
  3.824E-03  4.601E-03  8.014E-03  8.416E-03  4.919E-03  4.622E-03  4.102E-03  2.650E-03  4.976E-03  1.029E-02
  7.759E-03  9.619E-03  7.293E-03  8.029E-03  2.268E-03  3.553E-03  0.000E+00  2.765E-03  5.744E-03  4.578E-03
  3.945E-03  6.224E-03  8.476E-03  1.099E-02  1.010E-02  9.266E-03  4.362E-03  5.618E-04  0.000E+00  0.000E+00
  1.589E-03  4.327E-03  9.084E-03  9.218E-03  4.515E-03  4.520E-03  4.955E-03  3.988E-03  3.513E-03  3.857E-03
  1.751E-03  0.000E+00  0.000E+00  3.045E-03  6.519E-03  4.053E-03  7.812E-03  7.768E-03  5.966E-03  4.912E-03
  3.100E-03  5.170E-03  4.786E-03  3.995E-03  1.774E-03  5.263E-03  2.602E-03  1.870E-03  1.501E-03  8.844E-03
  0.000E+00  0.000E+00  0.000E+00  0.000E+00  0.000E+00  0.000E+00  0.000E+00  0.000E+00  0.000E+00  0.000E+00
  0.000E+00  0.000E+00  0.000E+00  0.000E+00  0.000E+00  0.000E+00  0.000E+00  0.000E+00  0.000E+00  0.000E+00
  0.000E+00  0.000E+00  0.000E+00  0.000E+00  0.000E+00  0.000E+00  0.000E+00  0.000E+00  0.000E+00  0.000E+00
  0.000E+00  0.000E+00  0.000E+00  0.000E+00  0.000E+00  0.000E+00  0.000E+00  0.000E+00  0.000E+00  0.000E+00
  0.000E+00  0.000E+00  0.000E+00  0.000E+00  0.000E+00  1.192E-04  4.756E-03  2.731E-03  3.885E-03  0.000E+00
  5.237E-03  4.343E-03  9.163E-03  8.380E-03  5.477E-03  3.470E-03  3.839E-03  4.774E-03  8.700E-03  5.929E-03
  3.674E-04  9.264E-03  9.429E-03  2.063E-03  7.336E-04  5.143E-03  4.282E-03  2.838E-03  5.277E-03  5.190E-03
  2.709E-03  6.309E-03  3.942E-03  5.156E-03  6.426E-03  7.155E-03  7.749E-03  8.748E-03  5.009E-03  2.603E-03
  9.551E-03  5.749E-03  5.707E-03  6.469E-03  2.020E-03  1.688E-03  4.090E-03  7.553E-03  3.225E-03  1.642E-03
  2.262E-03  3.000E-03  1.856E-03  2.341E-03  8.153E-03  4.040E-03  6.253E-03  6.456E-03  1.477E-03  3.997E-03
  3.605E-03  4.015E-03  3.562E-03  4.830E-03  7.715E-03  4.277E-03  7.436E-03  1.098E-02  1.239E-02  2.876E-03
  0.000E+00  0.000E+00  0.000E+00  0.000E+00  0.000E+00  0.000E+00  0.000E+00  0.000E+00  0.000E+00  0.000E+00
  0.000E+00  0.000E+00  0.000E+00  0.000E+00  0.000E+00  0.000E+00  0.000E+00  0.000E+00  0.000E+00  0.000E+00
  0.000E+00  0.000E+00  0.000E+00  0.000E+00  0.000E+00  0.000E+00  0.000E+00  0.000E+00  0.000E+00  0.000E+00
  0.000E+00  0.000E+00  0.000E+00  0.000E+00  0.000E+00  0.000E+00  0.000E+00  0.000E+00  0.000E+00  0.000E+00
  0.000E+00  0.000E+00  0.000E+00  0.000E+00  0.000E+00  4.438E-03  9.801E-03  2.700E-04  1.326E-03  5.127E-03
  1.253E-02  4.068E-03  1.194E-02  6.759E-03  4.251E-03  4.392E-03  5.282E-03  6.058E-03  3.882E-03  2.386E-03
  2.485E-03  1.020E-02  6.893E-03  2.850E-03  5.091E-03  3.202E-03  3.553E-03  2.285E-03  5.557E-03  1.068E-03
  3.586E-03  5.404E-04  0.000E+00  2.359E-03  4.258E-03  4.644E-03  5.811E-03  5.801E-03  9.960E-03  1.709E-02
  1.099E-02  7.183E-03  1.307E-03  1.507E-03  4.599E-03  2.001E-03  1.734E-04  2.132E-03  5.380E-04  3.354E-03
  1.509E-03  4.983E-04  1.642E-03  1.642E-03  5.443E-03  6.444E-03  5.295E-03  1.110E-02  6.605E-03  4.606E-03
  3.609E-03  3.418E-04  2.867E-04  3.499E-03  9.556E-03  8.954E-03  5.847E-03  7.183E-03  3.256E-03  5.421E-03
  0.000E+00  0.000E+00  0.000E+00  0.000E+00  0.000E+00  0.000E+00  0.000E+00  0.000E+00  0.000E+00  0.000E+00
  0.000E+00  0.000E+00  0.000E+00  0.000E+00  0.000E+00  0.000E+00  0.000E+00  0.000E+00  0.000E+00  0.000E+00
  0.000E+00  0.000E+00  0.000E+00  0.000E+00  0.000E+00  0.000E+00  0.000E+00  0.000E+00  0.000E+00  0.000E+00
  0.000E+00  0.000E+00  0.000E+00  0.000E+00  0.000E+00  0.000E+00  0.000E+00  0.000E+00  0.000E+00  0.000E+00
  0.000E+00  0.000E+00  0.000E+00  0.000E+00  0.000E+00  0.000E+00  0.000E+00  0.000E+00  0.000E+00  3.640E-03
  7.147E-03  3.671E-03  5.302E-03  8.633E-03  9.449E-03  5.041E-03  2.297E-03  4.951E-03  3.453E-03  5.927E-03
  6.273E-03  5.065E-03  2.405E-04  5.140E-03  3.202E-03  4.575E-03  8.828E-03  5.802E-03  4.298E-03  4.173E-03
  4.488E-04  0.000E+00  0.000E+00  1.724E-03  0.000E+00  1.750E-03  4.664E-03  5.158E-03  7.621E-03  6.938E-03
  7.128E-03  6.393E-03  8.330E-03  9.397E-03  7.619E-03  2.297E-03  2.015E-03  3.761E-03  1.628E-03  3.403E-03
  1.896E-03  2.965E-03  1.777E-03  2.191E-06  1.861E-03  5.883E-03  3.253E-03  6.457E-03  9.840E-03  6.132E-03
  2.639E-03  4.168E-03  3.926E-03  5.510E-03  3.635E-03  9.446E-03  1.128E-02  5.792E-03  5.293E-03  3.848E-03
  0.000E+00  0.000E+00  0.000E+00  0.000E+00  0.000E+00  0.000E+00  0.000E+00  0.000E+00  0.000E+00  0.000E+00
  0.000E+00  0.000E+00  0.000E+00  0.000E+00  0.000E+00  0.000E+00  0.000E+00  0.000E+00  0.000E+00  0.000E+00
  0.000E+00  0.000E+00  0.000E+00  0.000E+00  0.000E+00  0.000E+00  0.000E+00  0.000E+00  0.000E+00  0.000E+00
  0.000E+00  0.000E+00  0.000E+00  0.000E+00  0.000E+00  0.000E+00  0.000E+00  0.000E+00  0.000E+00  0.000E+00
  3.521E-03  7.504E-03  0.000E+00  0.000E+00  0.000E+00  7.750E-04  1.871E-03  1.871E-03  1.771E-03  5.716E-03
  8.853E-03  6.170E-03  4.633E-03  5.576E-03  7.355E-03  3.156E-03  2.326E-03  3.641E-03  4.186E-04  2.643E-03
  7.706E-03  7.963E-03  4.684E-03  3.439E-03  3.241E-03  2.987E-03  6.907E-03  7.287E-03  9.570E-03  4.493E-03
  2.347E-03  0.000E+00  1.495E-03  2.281E-04  1.446E-03  2.388E-03  8.584E-03  3.089E-03  2.192E-03  4.996E-03
  4.034E-03  5.519E-03  4.115E-03  4.022E-03  9.610E-03  8.170E-03  5.296E-03  4.944E-03  0.000E+00  6.097E-04
  1.165E-03  4.400E-04  1.628E-03  3.403E-03  5.066E-03  1.137E-02  6.385E-03  1.007E-02  7.018E-03  5.926E-03
  7.355E-03  4.150E-03  5.425E-03  3.544E-03  9.732E-03  1.071E-02  5.899E-03  2.647E-03  2.354E-03  3.800E-03
  0.000E+00  0.000E+00  0.000E+00  0.000E+00  0.000E+00  0.000E+00  0.000E+00  0.000E+00  0.000E+00  0.000E+00
  0.000E+00  0.000E+00  0.000E+00  0.000E+00  0.000E+00  0.000E+00  0.000E+00  0.000E+00  0.000E+00  0.000E+00
  0.000E+00  0.000E+00  0.000E+00  0.000E+00  0.000E+00  0.000E+00  0.000E+00  0.000E+00  0.000E+00  0.000E+00
  0.000E+00  0.000E+00  0.000E+00  0.000E+00  0.000E+00  0.000E+00  0.000E+00  0.000E+00  0.000E+00  0.000E+00
  0.000E+00  0.000E+00  4.711E-04  1.871E-03  1.871E-03  1.096E-03  0.000E+00  0.000E+00  0.000E+00  0.000E+00
  4.803E-03  3.058E-03  6.035E-03  1.978E-03  5.301E-03  7.879E-03  4.360E-03  5.359E-03  3.949E-03  3.905E-03
  5.392E-03  4.155E-03  9.780E-04  1.803E-03  2.888E-03  4.750E-03  5.971E-03  8.711E-03  5.968E-03  0.000E+00
  1.788E-03  4.136E-03  6.812E-03  4.328E-03  2.601E-03  4.948E-03  2.192E-03  5.765E-03  6.376E-03  1.663E-03
  2.693E-03  1.511E-02  1.651E-02  1.538E-02  1.236E-02  5.695E-03  4.618E-03  3.902E-03  5.790E-03  4.207E-03
  5.215E-03  9.224E-04  3.554E-03  4.406E-03  7.052E-03  1.061E-02  1.557E-02  1.812E-02  1.661E-02  9.099E-03
  3.568E-03  5.839E-03  4.982E-03  5.412E-03  4.962E-03  1.724E-03  3.639E-03  3.642E-03  3.271E-03  3.026E-03
  0.000E+00  0.000E+00  0.000E+00  0.000E+00  0.000E+00  0.000E+00  0.000E+00  0.000E+00  0.000E+00  0.000E+00
  0.000E+00  0.000E+00  0.000E+00  0.000E+00  0.000E+00  0.000E+00  0.000E+00  0.000E+00  0.000E+00  0.000E+00
  0.000E+00  0.000E+00  0.000E+00  0.000E+00  0.000E+00  0.000E+00  0.000E+00  0.000E+00  0.000E+00  0.000E+00
  0.000E+00  0.000E+00  0.000E+00  0.000E+00  1.817E-03  1.794E-03  1.659E-03  1.654E-03  7.928E-04  3.967E-04
  1.678E-02  2.664E-03  1.371E-03  0.000E+00  0.000E+00  0.000E+00  0.000E+00  0.000E+00  0.000E+00  4.293E-03
  6.727E-03  3.805E-03  9.718E-04  2.054E-03  2.348E-03  6.402E-03  6.142E-03  5.749E-03  0.000E+00  4.160E-03
  5.390E-03  5.755E-03  2.915E-03  1.640E-03  2.628E-03  9.541E-03  6.116E-03  4.127E-03  4.128E-03  2.049E-03
  4.591E-04  2.013E-03  3.385E-03  5.431E-03  7.424E-03  4.185E-03  8.445E-03  4.584E-03  6.339E-03  2.204E-03
  1.211E-03  0.000E+00  0.000E+00  1.245E-03  2.659E-03  6.716E-03  2.729E-03  6.160E-04  3.136E-03  4.994E-03
  7.535E-03  6.734E-03  5.169E-03  5.169E-03  3.800E-03  5.934E-03  1.023E-02  3.021E-03  5.647E-03  5.974E-03
  1.019E-02  1.233E-02  1.390E-02  1.282E-02  3.406E-03  1.906E-03  1.996E-03  3.720E-03  1.906E-03  2.048E-03
  0.000E+00  0.000E+00  0.000E+00  0.000E+00  0.000E+00  0.000E+00  0.000E+00  0.000E+00  0.000E+00  0.000E+00
  0.000E+00  0.000E+00  0.000E+00  0.000E+00  0.000E+00  0.000E+00  0.000E+00  0.000E+00  0.000E+00  0.000E+00
  0.000E+00  0.000E+00  0.000E+00  0.000E+00  0.000E+00  0.000E+00  0.000E+00  0.000E+00  0.000E+00  0.000E+00
  0.000E+00  0.000E+00  0.000E+00  0.000E+00  0.000E+00  0.000E+00  0.000E+00  0.000E+00  8.441E-04  1.243E-03
  6.014E-03  1.765E-03  0.000E+00  0.000E+00  0.000E+00  0.000E+00  0.000E+00  0.000E+00  4.670E-03  2.703E-02
  3.394E-03  5.561E-03  0.000E+00  0.000E+00  4.357E-03  4.691E-03  1.068E-02  9.494E-04  5.019E-03  2.653E-03
  2.118E-03  2.064E-03  7.758E-04  2.051E-03  3.944E-03  4.151E-03  6.251E-03  7.107E-03  6.849E-03  3.941E-03
  5.251E-03  5.348E-03  3.972E-03  2.561E-03  2.360E-03  7.027E-03  4.507E-03  8.111E-03  3.305E-03  3.471E-03
  0.000E+00  0.000E+00  1.229E-03  1.729E-03  1.729E-03  4.618E-03  1.037E-02  3.547E-03  2.935E-03  1.550E-05
  1.775E-03  1.545E-03  5.639E-03  6.101E-03  6.999E-03  6.136E-03  1.046E-02  5.652E-03  2.346E-03  2.958E-03
  7.242E-03  5.414E-03  1.054E-03  6.187E-03  8.423E-03  6.055E-03  6.046E-03  3.397E-03  2.556E-03  4.890E-03
  0.000E+00  0.000E+00  0.000E+00  0.000E+00  0.000E+00  0.000E+00  0.000E+00  0.000E+00  0.000E+00  0.000E+00
  0.000E+00  0.000E+00  0.000E+00  0.000E+00  0.000E+00  0.000E+00  0.000E+00  0.000E+00  0.000E+00  0.000E+00
  0.000E+00  0.000E+00  0.000E+00  0.000E+00  0.000E+00  0.000E+00  0.000E+00  0.000E+00  0.000E+00  0.000E+00
  0.000E+00  0.000E+00  0.000E+00  0.000E+00  0.000E+00  0.000E+00  0.000E+00  0.000E+00  0.000E+00  0.000E+00
  0.000E+00  2.645E-02  2.661E-02  0.000E+00  0.000E+00  0.000E+00  0.000E+00  0.000E+00  1.564E-02  1.354E-02
  1.758E-03  7.196E-03  0.000E+00  0.000E+00  3.698E-03  8.378E-03  4.580E-03  4.039E-03  5.418E-03  7.201E-04
  2.118E-03  2.064E-03  0.000E+00  1.070E-03  6.840E-03  3.890E-03  1.385E-03  4.288E-03  6.877E-03  5.533E-03
  3.203E-03  7.730E-03  5.446E-03  5.919E-03  7.443E-03  2.727E-03  2.937E-03  6.422E-03  3.439E-03  3.885E-03
  5.802E-03  1.729E-03  5.001E-04  0.000E+00  0.000E+00  0.000E+00  6.677E-03  2.648E-03  3.416E-03  3.135E-03
  3.844E-03  2.070E-03  4.623E-04  2.491E-03  2.618E-03  6.223E-03  1.041E-02  7.023E-03  6.372E-03  8.161E-03
  8.125E-03  7.222E-03  6.830E-03  4.015E-03  2.299E-03  3.826E-03  3.761E-04  3.982E-03  8.484E-03  4.418E-03
  0.000E+00  0.000E+00  0.000E+00  0.000E+00  0.000E+00  0.000E+00  0.000E+00  0.000E+00  0.000E+00  0.000E+00
  0.000E+00  0.000E+00  0.000E+00  0.000E+00  0.000E+00  0.000E+00  0.000E+00  0.000E+00  0.000E+00  0.000E+00
  0.000E+00  0.000E+00  0.000E+00  0.000E+00  0.000E+00  0.000E+00  0.000E+00  0.000E+00  0.000E+00  0.000E+00
  0.000E+00  0.000E+00  0.000E+00  0.000E+00  0.000E+00  0.000E+00  0.000E+00  0.000E+00  0.000E+00  0.000E+00
  0.000E+00  0.000E+00  1.026E-02  8.746E-03  0.000E+00  0.000E+00  0.000E+00  0.000E+00  0.000E+00  0.000E+00
  1.758E-03  7.196E-03  0.000E+00  2.080E-03  2.660E-03  3.816E-03  8.618E-03  2.438E-03  4.400E-03  2.262E-03
  2.118E-03  2.064E-03  3.016E-04  4.035E-03  4.066E-03  1.335E-04  2.035E-03  3.604E-03  4.888E-03  6.752E-03
  8.169E-03  6.802E-03  7.435E-03  6.355E-03  1.729E-03  1.729E-03  8.087E-04  3.683E-03  1.640E-03  1.640E-03
  2.724E-03  6.147E-03  3.713E-03  1.267E-03  0.000E+00  0.000E+00  5.146E-03  1.094E-03  2.597E-03  7.673E-03
  6.485E-03  2.866E-03  4.263E-03  2.376E-03  1.628E-03  5.252E-03  4.477E-03  5.996E-03  5.104E-03  1.682E-03
  2.397E-03  6.248E-03  9.501E-03  3.865E-03  6.575E-03  2.967E-03  3.677E-03  2.267E-03  1.635E-03  2.970E-03
  0.000E+00  0.000E+00  0.000E+00  0.000E+00  0.000E+00  0.000E+00  0.000E+00  0.000E+00  0.000E+00  0.000E+00
  0.000E+00  0.000E+00  0.000E+00  0.000E+00  0.000E+00  0.000E+00  0.000E+00  0.000E+00  0.000E+00  0.000E+00
  0.000E+00  0.000E+00  0.000E+00  0.000E+00  0.000E+00  0.000E+00  0.000E+00  0.000E+00  0.000E+00  0.000E+00
  0.000E+00  0.000E+00  0.000E+00  0.000E+00  0.000E+00  0.000E+00  0.000E+00  0.000E+00  0.000E+00  0.000E+00
  0.000E+00  0.000E+00  8.716E-03  4.403E-02  2.310E-03  7.252E-04  0.000E+00  0.000E+00  0.000E+00  0.000E+00
  1.758E-03  3.059E-03  9.490E-04  5.254E-03  1.693E-03  6.626E-03  5.502E-03  1.200E-02  5.077E-04  2.992E-03
  2.212E-03  3.942E-03  4.239E-03  2.334E-03  1.769E-03  8.511E-04  1.599E-03  3.089E-03  1.308E-02  1.108E-02
  9.205E-03  6.384E-04  1.028E-03  2.146E-03  2.058E-03  1.664E-03  3.685E-03  7.435E-03  2.643E-03  1.642E-03
  1.642E-03  3.514E-03  5.421E-03  5.716E-03  6.941E-03  4.536E-03  5.400E-03  7.375E-03  3.247E-03  8.472E-04
  2.805E-03  1.254E-02  1.223E-03  0.000E+00  0.000E+00  3.800E-03  4.453E-03  5.611E-03  1.204E-03  9.366E-04
  1.760E-03  5.271E-03  4.104E-03  6.028E-03  3.383E-03  3.594E-03  7.643E-03  1.223E-02  4.867E-03  3.943E-03
  0.000E+00  0.000E+00  0.000E+00  0.000E+00  0.000E+00  0.000E+00  0.000E+00  0.000E+00  0.000E+00  0.000E+00
  0.000E+00  0.000E+00  0.000E+00  0.000E+00  0.000E+00  0.000E+00  0.000E+00  0.000E+00  0.000E+00  0.000E+00
  0.000E+00  0.000E+00  0.000E+00  0.000E+00  0.000E+00  0.000E+00  0.000E+00  0.000E+00  0.000E+00  0.000E+00
  0.000E+00  0.000E+00  0.000E+00  0.000E+00  0.000E+00  0.000E+00  0.000E+00  0.000E+00  0.000E+00  0.000E+00
  0.000E+00  0.000E+00  0.000E+00  2.340E-03  2.295E-02  3.127E-03  5.185E-03  0.000E+00  0.000E+00  4.576E-04
  2.331E-03  1.974E-03  6.495E-03  8.086E-03  5.048E-03  1.080E-02  7.788E-03  7.935E-03  1.768E-03  3.371E-04
  3.175E-03  1.359E-02  6.204E-03  3.355E-03  4.726E-03  1.258E-02  5.737E-03  1.592E-02  1.256E-02  1.343E-02
  6.965E-03  4.795E-03  1.927E-03  1.332E-02  5.473E-03  9.137E-03  1.113E-02  3.954E-03  1.838E-03  5.609E-03
  3.271E-03  2.049E-03  2.576E-03  3.510E-03  1.684E-03  3.625E-03  5.417E-03  5.936E-03  2.188E-03  2.435E-03
  6.204E-03  8.586E-03  8.695E-03  6.301E-03  4.187E-03  7.796E-03  4.092E-03  6.700E-03  5.541E-04  2.141E-03
  1.760E-03  3.649E-03  3.372E-03  5.920E-03  3.973E-03  3.752E-03  6.349E-03  3.802E-03  9.904E-03  8.820E-03
  0.000E+00  0.000E+00  0.000E+00  0.000E+00  0.000E+00  0.000E+00  0.000E+00  0.000E+00  0.000E+00  0.000E+00
  0.000E+00  0.000E+00  0.000E+00  0.000E+00  0.000E+00  0.000E+00  0.000E+00  0.000E+00  0.000E+00  0.000E+00
  0.000E+00  0.000E+00  0.000E+00  0.000E+00  0.000E+00  0.000E+00  0.000E+00  0.000E+00  0.000E+00  0.000E+00
  0.000E+00  0.000E+00  0.000E+00  0.000E+00  0.000E+00  2.109E-02  2.046E-02  1.148E-03  0.000E+00  0.000E+00
  0.000E+00  0.000E+00  0.000E+00  1.527E-04  1.805E-02  2.282E-02  4.698E-02  2.574E-03  3.910E-06  5.497E-03
  2.318E-03  4.686E-03  3.021E-04  4.848E-03  1.129E-02  7.430E-03  5.860E-03  4.776E-03  1.690E-03  5.185E-03
  2.536E-03  1.084E-02  8.411E-03  6.303E-03  1.044E-02  8.539E-03  1.815E-02  6.679E-03  8.929E-03  1.125E-02
  1.630E-02  1.610E-02  1.039E-02  1.194E-02  6.826E-03  2.033E-03  1.277E-02  7.334E-03  0.000E+00  1.904E-05
  2.318E-03  0.000E+00  0.000E+00  1.217E-03  1.584E-03  1.242E-03  8.905E-04  1.435E-03  2.673E-03  3.066E-03
  3.170E-04  3.785E-03  1.094E-03  4.369E-03  6.968E-03  3.377E-03  5.067E-03  6.698E-03  1.640E-03  3.636E-03
  6.745E-03  4.308E-03  4.804E-03  4.219E-03  5.407E-03  5.426E-03  2.145E-03  1.894E-03  3.849E-03  8.469E-03
  0.000E+00  0.000E+00  0.000E+00  0.000E+00  0.000E+00  0.000E+00  0.000E+00  0.000E+00  0.000E+00  0.000E+00
  0.000E+00  0.000E+00  0.000E+00  0.000E+00  0.000E+00  0.000E+00  0.000E+00  0.000E+00  0.000E+00  0.000E+00
  0.000E+00  0.000E+00  0.000E+00  0.000E+00  0.000E+00  0.000E+00  0.000E+00  0.000E+00  0.000E+00  0.000E+00
  0.000E+00  0.000E+00  0.000E+00  0.000E+00  3.779E-03  1.379E-02  0.000E+00  0.000E+00  0.000E+00  0.000E+00
  0.000E+00  0.000E+00  0.000E+00  0.000E+00  3.401E-03  1.218E-03  3.749E-02  9.583E-02  7.096E-03  5.934E-03
  0.000E+00  0.000E+00  2.016E-03  8.905E-03  8.523E-03  1.154E-02  1.195E-02  4.165E-03  1.571E-03  3.684E-03
  3.176E-03  7.993E-03  9.434E-03  3.082E-03  9.356E-03  6.026E-03  7.694E-03  4.639E-03  8.440E-03  1.084E-02
  6.030E-03  6.229E-03  1.358E-02  1.198E-02  1.006E-02  1.096E-03  9.161E-03  1.157E-02  4.132E-03  1.269E-03
  0.000E+00  0.000E+00  0.000E+00  0.000E+00  1.500E-03  3.433E-03  0.000E+00  0.000E+00  7.156E-03  3.335E-04
  0.000E+00  4.144E-03  2.003E-03  1.741E-03  2.975E-03  3.270E-03  7.949E-03  2.005E-03  2.738E-03  3.862E-03
  8.875E-03  4.648E-03  4.758E-03  4.017E-03  5.858E-03  3.439E-03  1.879E-03  4.160E-03  2.133E-03  2.900E-03
  0.000E+00  0.000E+00  0.000E+00  0.000E+00  0.000E+00  0.000E+00  0.000E+00  0.000E+00  0.000E+00  0.000E+00
  0.000E+00  0.000E+00  0.000E+00  0.000E+00  0.000E+00  0.000E+00  0.000E+00  0.000E+00  0.000E+00  0.000E+00
  0.000E+00  0.000E+00  3.672E-04  1.414E-02  0.000E+00  0.000E+00  0.000E+00  0.000E+00  0.000E+00  0.000E+00
  0.000E+00  0.000E+00  0.000E+00  0.000E+00  0.000E+00  0.000E+00  0.000E+00  0.000E+00  0.000E+00  0.000E+00
  0.000E+00  0.000E+00  0.000E+00  1.055E-03  5.619E-03  1.676E-03  5.394E-03  5.150E-02  2.552E-02  7.369E-03
  1.145E-03  1.628E-03  2.421E-03  8.102E-03  3.467E-03  1.036E-02  5.557E-03  1.134E-02  4.858E-03  3.344E-03
  6.265E-03  2.265E-03  4.532E-03  7.403E-03  5.526E-03  8.250E-03  1.075E-02  5.690E-03  9.614E-03  1.170E-02
  1.407E-02  1.009E-02  8.474E-03  1.149E-02  1.508E-02  6.671E-03  1.265E-02  7.968E-03  1.690E-03  7.037E-03
  8.343E-04  0.000E+00  0.000E+00  0.000E+00  0.000E+00  3.916E-03  1.131E-03  3.239E-03  2.339E-03  1.798E-03
  1.088E-03  4.117E-03  1.313E-03  0.000E+00  3.612E-03  7.343E-04  4.738E-03  4.882E-03  6.032E-03  7.616E-03
  4.273E-03  4.485E-03  0.000E+00  0.000E+00  2.297E-03  4.275E-03  3.785E-03  2.320E-03  4.220E-03  6.427E-03
  0.000E+00  0.000E+00  0.000E+00  0.000E+00  0.000E+00  0.000E+00  0.000E+00  0.000E+00  0.000E+00  0.000E+00
  0.000E+00  0.000E+00  0.000E+00  0.000E+00  0.000E+00  0.000E+00  0.000E+00  0.000E+00  0.000E+00  0.000E+00
  0.000E+00  0.000E+00  0.000E+00  9.680E-04  4.268E-03  0.000E+00  0.000E+00  0.000E+00  0.000E+00  0.000E+00
  0.000E+00  0.000E+00  0.000E+00  0.000E+00  0.000E+00  0.000E+00  0.000E+00  0.000E+00  0.000E+00  0.000E+00
  0.000E+00  0.000E+00  0.000E+00  0.000E+00  0.000E+00  0.000E+00  5.231E-04  1.330E-02  3.312E-03  4.189E-03
  1.093E-03  0.000E+00  2.452E-03  2.147E-03  1.890E-03  7.120E-03  3.957E-03  3.842E-03  3.877E-03  3.544E-03
  6.826E-03  5.235E-03  2.318E-03  5.168E-03  4.950E-03  6.078E-03  5.408E-03  5.418E-03  1.079E-02  1.102E-02
  1.028E-02  7.360E-03  2.855E-03  1.303E-02  7.988E-03  4.767E-03  1.339E-02  8.521E-03  2.287E-03  1.644E-03
  3.345E-03  2.018E-03  0.000E+00  0.000E+00  6.020E-04  4.013E-03  6.815E-03  2.357E-03  2.345E-03  6.825E-03
  2.539E-03  4.506E-03  5.470E-03  3.807E-03  4.473E-03  5.226E-03  7.867E-03  2.884E-03  7.936E-03  9.559E-03
  4.903E-03  5.768E-03  2.022E-03  3.827E-03  5.697E-03  4.318E-03  4.895E-03  3.408E-03  4.307E-03  5.499E-03
  0.000E+00  0.000E+00  0.000E+00  0.000E+00  0.000E+00  0.000E+00  0.000E+00  0.000E+00  0.000E+00  0.000E+00
  0.000E+00  0.000E+00  0.000E+00  0.000E+00  0.000E+00  0.000E+00  0.000E+00  0.000E+00  0.000E+00  0.000E+00
  0.000E+00  0.000E+00  0.000E+00  0.000E+00  0.000E+00  0.000E+00  0.000E+00  0.000E+00  0.000E+00  0.000E+00
  0.000E+00  0.000E+00  0.000E+00  1.028E-03  6.557E-03  0.000E+00  0.000E+00  0.000E+00  0.000E+00  0.000E+00
  0.000E+00  0.000E+00  0.000E+00  0.000E+00  0.000E+00  0.000E+00  0.000E+00  0.000E+00  0.000E+00  4.744E-03
  4.504E-03  2.659E-03  4.412E-03  1.696E-04  4.762E-03  2.561E-03  3.779E-03  4.615E-03  6.503E-03  6.702E-03
  1.164E-03  1.615E-03  0.000E+00  3.010E-03  6.044E-03  5.891E-03  8.610E-03  1.306E-02  7.974E-03  5.883E-03
  8.126E-03  7.883E-03  8.158E-03  1.166E-02  1.172E-02  8.570E-03  9.228E-03  7.507E-03  1.724E-02  3.701E-03
  3.426E-03  5.588E-03  6.626E-03  3.426E-03  3.225E-03  6.917E-03  1.327E-03  2.893E-03  2.454E-03  2.722E-03
  1.877E-03  3.687E-03  3.451E-03  3.840E-03  2.550E-03  2.072E-03  7.213E-03  5.582E-03  6.769E-03  3.522E-03
  5.063E-03  3.037E-03  6.992E-03  5.452E-03  2.484E-04  2.408E-03  2.276E-03  3.021E-03  5.380E-03  3.152E-03
  0.000E+00  0.000E+00  0.000E+00  0.000E+00  0.000E+00  0.000E+00  0.000E+00  0.000E+00  0.000E+00  0.000E+00
  0.000E+00  0.000E+00  0.000E+00  0.000E+00  0.000E+00  0.000E+00  0.000E+00  0.000E+00  0.000E+00  0.000E+00
  0.000E+00  0.000E+00  0.000E+00  0.000E+00  0.000E+00  0.000E+00  0.000E+00  0.000E+00  0.000E+00  0.000E+00
  0.000E+00  0.000E+00  0.000E+00  1.036E-03  1.719E-02  0.000E+00  0.000E+00  0.000E+00  0.000E+00  0.000E+00
  0.000E+00  0.000E+00  0.000E+00  0.000E+00  0.000E+00  0.000E+00  0.000E+00  0.000E+00  0.000E+00  1.834E-03
  6.098E-03  1.743E-03  3.868E-03  2.659E-03  7.986E-03  4.654E-03  5.709E-03  8.945E-03  9.856E-03  3.964E-03
  0.000E+00  1.615E-03  2.740E-03  1.902E-04  5.065E-03  6.961E-03  3.867E-03  8.338E-03  9.842E-03  1.304E-02
  1.548E-02  1.194E-02  8.492E-03  9.419E-03  4.404E-03  7.893E-03  1.091E-02  1.481E-02  2.763E-03  2.124E-03
  4.797E-04  0.000E+00  9.790E-04  4.877E-03  7.412E-04  2.132E-03  1.746E-03  4.351E-03  4.947E-03  4.153E-03
  3.170E-03  2.010E-03  1.775E-03  1.964E-03  0.000E+00  0.000E+00  9.580E-03  1.047E-02  5.677E-03  2.612E-03
  4.414E-04  5.582E-03  9.920E-03  4.116E-03  3.149E-03  1.925E-04  1.960E-03  6.325E-03  2.107E-03  4.719E-03
  0.000E+00  0.000E+00  0.000E+00  3.013E-02  2.878E-02  0.000E+00  0.000E+00  0.000E+00  0.000E+00  0.000E+00
  0.000E+00  0.000E+00  0.000E+00  0.000E+00  0.000E+00  0.000E+00  0.000E+00  0.000E+00  0.000E+00  0.000E+00
  0.000E+00  0.000E+00  0.000E+00  0.000E+00  0.000E+00  0.000E+00  0.000E+00  0.000E+00  0.000E+00  0.000E+00
  0.000E+00  0.000E+00  0.000E+00  0.000E+00  0.000E+00  0.000E+00  0.000E+00  0.000E+00  0.000E+00  0.000E+00
  0.000E+00  3.017E-02  1.115E-02  1.808E-04  0.000E+00  0.000E+00  0.000E+00  0.000E+00  0.000E+00  1.888E-04
  6.045E-03  6.519E-03  5.310E-03  6.285E-03  6.194E-03  6.914E-03  7.991E-03  7.769E-03  4.802E-03  7.355E-03
  3.559E-03  3.448E-03  5.607E-03  4.117E-03  8.276E-03  7.538E-03  4.679E-03  1.278E-02  1.323E-02  1.100E-02
  9.766E-03  1.143E-02  1.256E-02  1.221E-02  8.965E-03  6.647E-03  5.039E-04  2.082E-03  0.000E+00  0.000E+00
  1.919E-03  6.842E-04  1.610E-03  2.078E-03  8.388E-03  7.477E-03  2.409E-03  5.889E-04  0.000E+00  2.674E-03
  2.912E-03  3.197E-03  1.775E-03  1.964E-03  6.572E-04  4.852E-03  8.958E-03  5.449E-03  8.399E-03  6.037E-03
  7.314E-03  4.942E-03  3.811E-03  8.629E-03  6.227E-03  5.220E-03  5.866E-03  4.507E-03  8.183E-03  2.725E-03
  0.000E+00  0.000E+00  0.000E+00  0.000E+00  3.975E-03  1.072E-03  0.000E+00  0.000E+00  0.000E+00  0.000E+00
  0.000E+00  0.000E+00  0.000E+00  0.000E+00  0.000E+00  0.000E+00  0.000E+00  0.000E+00  0.000E+00  0.000E+00
  0.000E+00  0.000E+00  0.000E+00  0.000E+00  0.000E+00  0.000E+00  0.000E+00  0.000E+00  0.000E+00  0.000E+00
  0.000E+00  0.000E+00  0.000E+00  0.000E+00  0.000E+00  0.000E+00  0.000E+00  0.000E+00  0.000E+00  0.000E+00
  0.000E+00  1.012E-03  4.499E-02  3.164E-02  4.149E-04  0.000E+00  0.000E+00  0.000E+00  0.000E+00  6.913E-03
  7.509E-03  5.201E-03  3.894E-03  4.237E-03  3.582E-03  2.971E-03  3.695E-03  2.586E-03  4.935E-03  4.060E-03
  6.734E-03  7.351E-03  4.353E-03  1.824E-03  8.991E-03  9.920E-03  1.366E-02  6.927E-03  6.313E-03  9.320E-03
  4.734E-03  1.223E-02  1.374E-02  7.721E-03  1.607E-03  9.062E-03  0.000E+00  0.000E+00  1.984E-03  1.659E-03
  2.636E-03  5.131E-03  6.331E-03  3.867E-03  3.705E-03  9.312E-03  6.196E-03  1.659E-03  1.659E-03  1.659E-03
  4.091E-03  5.346E-03  3.232E-03  3.825E-03  3.089E-03  6.493E-03  1.759E-03  6.595E-03  6.074E-03  3.735E-03
  1.038E-03  4.365E-03  3.274E-03  3.995E-03  4.370E-03  8.111E-03  5.041E-03  2.673E-03  4.161E-03  4.228E-03
  0.000E+00  0.000E+00  0.000E+00  0.000E+00  0.000E+00  0.000E+00  0.000E+00  0.000E+00  0.000E+00  0.000E+00
  0.000E+00  0.000E+00  0.000E+00  0.000E+00  0.000E+00  0.000E+00  0.000E+00  0.000E+00  0.000E+00  0.000E+00
  0.000E+00  0.000E+00  0.000E+00  0.000E+00  0.000E+00  0.000E+00  0.000E+00  0.000E+00  0.000E+00  0.000E+00
  0.000E+00  0.000E+00  0.000E+00  0.000E+00  0.000E+00  0.000E+00  0.000E+00  0.000E+00  0.000E+00  0.000E+00
  0.000E+00  2.376E-02  4.796E-02  3.278E-02  0.000E+00  0.000E+00  0.000E+00  0.000E+00  2.398E-03  8.863E-04
  2.605E-03  2.781E-03  1.150E-02  5.089E-03  2.065E-03  4.261E-03  1.795E-03  0.000E+00  3.642E-03  5.389E-03
  5.909E-03  9.522E-03  3.931E-03  8.913E-03  6.170E-03  9.080E-03  9.507E-03  5.999E-03  1.406E-02  4.686E-03
  2.616E-03  5.374E-03  1.609E-02  7.466E-03  4.658E-03  1.104E-02  7.447E-03  9.481E-03  4.122E-03  3.374E-03
  2.398E-03  2.187E-03  4.799E-03  4.145E-03  2.228E-03  0.000E+00  2.690E-03  6.459E-03  9.448E-04  0.000E+00
  3.616E-03  1.702E-03  2.764E-03  2.757E-03  7.598E-03  3.543E-04  5.013E-03  1.022E-02  1.941E-04  1.084E-03
  6.452E-03  4.056E-04  7.126E-04  2.375E-03  8.566E-03  4.447E-03  7.519E-03  9.882E-03  7.133E-03  4.101E-03
  0.000E+00  0.000E+00  0.000E+00  0.000E+00  0.000E+00  0.000E+00  0.000E+00  0.000E+00  0.000E+00  0.000E+00
  0.000E+00  0.000E+00  0.000E+00  0.000E+00  0.000E+00  0.000E+00  0.000E+00  0.000E+00  0.000E+00  0.000E+00
  0.000E+00  0.000E+00  0.000E+00  0.000E+00  0.000E+00  0.000E+00  0.000E+00  0.000E+00  0.000E+00  0.000E+00
  0.000E+00  0.000E+00  0.000E+00  0.000E+00  0.000E+00  0.000E+00  0.000E+00  0.000E+00  2.084E-02  3.638E-03
  1.180E-02  3.260E-02  2.370E-03  0.000E+00  0.000E+00  0.000E+00  0.000E+00  2.428E-03  5.877E-02  1.395E-02
  8.845E-04  5.841E-03  7.335E-03  2.952E-03  6.111E-03  7.152E-03  6.709E-03  6.104E-03  1.029E-02  9.467E-03
  2.185E-03  8.921E-03  4.834E-03  5.408E-03  5.120E-03  8.277E-03  1.662E-03  4.862E-03  5.689E-03  3.719E-03
  8.618E-03  9.005E-03  1.785E-02  9.901E-03  7.348E-03  8.467E-03  7.229E-03  4.241E-03  3.095E-03  3.475E-04
  4.070E-03  6.923E-03  3.420E-03  4.788E-03  5.127E-03  3.243E-03  1.984E-03  2.464E-03  6.228E-03  3.279E-03
  2.010E-03  3.681E-04  4.225E-03  9.892E-03  6.440E-04  5.727E-03  6.476E-03  3.900E-03  2.995E-03  7.470E-03
  4.384E-03  6.379E-03  6.102E-03  7.360E-03  6.433E-03  5.255E-03  4.754E-03  6.775E-03  3.190E-03  2.215E-03
  0.000E+00  0.000E+00  0.000E+00  0.000E+00  0.000E+00  0.000E+00  0.000E+00  0.000E+00  0.000E+00  0.000E+00
  0.000E+00  0.000E+00  0.000E+00  0.000E+00  0.000E+00  0.000E+00  0.000E+00  0.000E+00  0.000E+00  0.000E+00
  0.000E+00  0.000E+00  0.000E+00  0.000E+00  0.000E+00  0.000E+00  0.000E+00  0.000E+00  0.000E+00  0.000E+00
  0.000E+00  0.000E+00  0.000E+00  0.000E+00  0.000E+00  0.000E+00  0.000E+00  6.047E-03  2.402E-02  4.532E-02
  0.000E+00  0.000E+00  0.000E+00  0.000E+00  6.753E-03  5.057E-04  0.000E+00  6.304E-03  1.148E-02  2.811E-03
  3.905E-03  4.700E-03  6.837E-03  6.265E-03  4.889E-03  4.823E-03  7.711E-03  4.995E-03  2.016E-03  1.352E-03
  6.887E-03  7.314E-03  5.575E-03  5.273E-03  8.155E-03  8.500E-03  3.628E-03  5.001E-03  5.400E-03  6.547E-03
  4.369E-03  9.895E-03  1.909E-02  6.114E-03  1.008E-02  1.291E-02  1.231E-02  6.341E-03  1.780E-02  7.058E-03
  5.441E-03  0.000E+00  1.228E-03  3.871E-03  5.124E-03  1.847E-03  0.000E+00  1.149E-03  4.124E-03  8.018E-03
  1.107E-02  5.397E-03  1.543E-02  1.104E-02  9.916E-03  7.287E-03  8.747E-03  6.740E-03  4.269E-03  1.313E-03
  2.568E-03  4.021E-03  3.359E-03  2.176E-03  1.927E-03  4.661E-03  4.102E-03  1.227E-03  1.570E-03  2.813E-03
  0.000E+00  0.000E+00  0.000E+00  0.000E+00  0.000E+00  0.000E+00  0.000E+00  0.000E+00  0.000E+00  0.000E+00
  0.000E+00  0.000E+00  0.000E+00  0.000E+00  0.000E+00  0.000E+00  0.000E+00  0.000E+00  0.000E+00  0.000E+00
  0.000E+00  0.000E+00  0.000E+00  0.000E+00  0.000E+00  0.000E+00  0.000E+00  0.000E+00  0.000E+00  0.000E+00
  0.000E+00  0.000E+00  0.000E+00  0.000E+00  0.000E+00  0.000E+00  0.000E+00  6.498E-03  4.836E-02  4.922E-03
  0.000E+00  0.000E+00  0.000E+00  0.000E+00  1.332E-02  1.264E-02  1.009E-04  8.836E-04  8.341E-03  7.837E-03
  3.866E-03  9.096E-03  7.630E-03  4.666E-03  1.327E-02  1.180E-02  4.221E-03  4.431E-03  3.359E-03  7.657E-03
  1.173E-02  4.792E-03  4.542E-03  3.599E-03  7.423E-03  2.095E-03  2.772E-03  5.087E-03  7.737E-03  6.695E-03
  1.186E-03  5.986E-03  1.302E-02  9.760E-03  4.146E-03  8.949E-03  9.328E-03  5.208E-03  7.590E-03  6.142E-03
  3.054E-03  3.677E-03  5.534E-03  1.302E-03  2.932E-03  8.966E-04  2.910E-03  1.646E-03  1.646E-03  1.646E-03
  6.048E-03  1.633E-02  9.421E-03  5.043E-03  2.028E-03  5.257E-03  6.278E-03  3.421E-03  5.856E-03  5.675E-03
  3.414E-03  2.219E-03  6.541E-03  2.447E-03  7.335E-04  2.454E-03  6.122E-03  0.000E+00  0.000E+00  1.495E-03
  0.000E+00  0.000E+00  0.000E+00  0.000E+00  0.000E+00  0.000E+00  0.000E+00  0.000E+00  0.000E+00  0.000E+00
  0.000E+00  0.000E+00  0.000E+00  0.000E+00  0.000E+00  0.000E+00  0.000E+00  0.000E+00  0.000E+00  0.000E+00
  0.000E+00  0.000E+00  0.000E+00  0.000E+00  0.000E+00  0.000E+00  0.000E+00  0.000E+00  0.000E+00  0.000E+00
  0.000E+00  0.000E+00  0.000E+00  0.000E+00  0.000E+00  0.000E+00  0.000E+00  0.000E+00  2.187E-03  0.000E+00
  0.000E+00  0.000E+00  0.000E+00  0.000E+00  0.000E+00  0.000E+00  0.000E+00  1.473E-02  2.345E-02  1.126E-02
  6.369E-03  7.712E-03  1.184E-02  6.665E-03  5.735E-03  6.108E-03  0.000E+00  1.843E-03  3.458E-03  5.170E-03
  6.997E-03  4.802E-03  3.906E-03  7.960E-03  9.008E-03  8.190E-03  5.607E-03  5.879E-03  6.589E-03  3.882E-03
  8.808E-03  9.980E-03  1.275E-02  5.503E-03  5.757E-03  4.373E-03  8.046E-04  9.639E-03  3.387E-03  6.310E-03
  2.442E-03  1.646E-03  2.500E-03  5.262E-03  5.957E-03  4.128E-03  1.493E-03  1.911E-03  0.000E+00  0.000E+00
  7.708E-03  8.950E-03  3.899E-03  7.234E-03  6.906E-03  5.791E-03  1.716E-04  4.490E-03  4.373E-03  2.084E-03
  5.845E-04  4.983E-03  1.101E-03  3.459E-03  4.151E-03  3.323E-03  7.548E-03  1.697E-03  1.697E-03  1.527E-03
  0.000E+00  0.000E+00  0.000E+00  0.000E+00  0.000E+00  0.000E+00  0.000E+00  0.000E+00  0.000E+00  0.000E+00
  0.000E+00  0.000E+00  0.000E+00  0.000E+00  0.000E+00  0.000E+00  0.000E+00  0.000E+00  0.000E+00  0.000E+00
  0.000E+00  0.000E+00  0.000E+00  0.000E+00  0.000E+00  0.000E+00  0.000E+00  0.000E+00  0.000E+00  0.000E+00
  0.000E+00  0.000E+00  0.000E+00  0.000E+00  0.000E+00  0.000E+00  0.000E+00  0.000E+00  0.000E+00  0.000E+00
  0.000E+00  0.000E+00  0.000E+00  0.000E+00  0.000E+00  0.000E+00  0.000E+00  3.509E-03  1.199E-02  1.186E-02
  8.825E-03  1.291E-02  2.282E-03  5.279E-03  3.729E-03  7.866E-03  3.071E-03  4.460E-03  2.012E-03  6.411E-03
  3.718E-03  1.319E-02  5.390E-03  5.901E-03  4.272E-03  4.375E-03  5.317E-03  5.454E-03  5.277E-03  1.263E-03
  7.640E-03  1.166E-02  1.218E-02  4.848E-03  5.790E-03  3.303E-03  2.959E-03  5.037E-03  7.172E-03  3.909E-03
  2.851E-03  0.000E+00  0.000E+00  2.566E-03  1.980E-03  1.286E-03  3.410E-03  2.865E-03  2.962E-03  6.400E-03
  3.356E-03  1.964E-03  6.899E-04  8.352E-03  9.931E-03  6.422E-03  5.417E-03  2.742E-03  0.000E+00  2.169E-03
  6.143E-03  2.139E-04  0.000E+00  1.645E-03  4.876E-03  4.628E-04  3.348E-03  1.070E-03  2.257E-03  2.808E-03
  0.000E+00  0.000E+00  0.000E+00  0.000E+00  0.000E+00  0.000E+00  0.000E+00  0.000E+00  0.000E+00  0.000E+00
  0.000E+00  0.000E+00  0.000E+00  0.000E+00  0.000E+00  0.000E+00  0.000E+00  0.000E+00  0.000E+00  0.000E+00
  0.000E+00  0.000E+00  0.000E+00  0.000E+00  0.000E+00  0.000E+00  0.000E+00  0.000E+00  0.000E+00  0.000E+00
  0.000E+00  0.000E+00  0.000E+00  0.000E+00  0.000E+00  0.000E+00  0.000E+00  0.000E+00  0.000E+00  0.000E+00
  0.000E+00  0.000E+00  0.000E+00  0.000E+00  0.000E+00  6.472E-03  1.283E-03  2.923E-03  4.884E-03  8.740E-03
  1.135E-02  8.171E-03  2.733E-03  4.940E-03  3.674E-03  4.948E-03  1.041E-02  6.893E-03  4.026E-03  8.115E-03
  8.115E-03  5.357E-03  7.125E-03  2.163E-03  5.968E-03  9.085E-03  4.177E-03  3.212E-03  4.547E-03  6.193E-03
  4.110E-03  1.043E-02  4.518E-03  5.386E-03  3.993E-03  5.012E-03  5.297E-04  0.000E+00  0.000E+00  0.000E+00
  2.439E-03  1.882E-03  1.450E-03  2.566E-03  4.294E-04  1.551E-03  0.000E+00  4.201E-03  9.562E-03  4.507E-03
  2.976E-03  9.977E-04  6.280E-03  3.576E-03  1.106E-02  8.433E-03  5.074E-03  2.360E-03  1.927E-03  2.382E-03
  2.186E-03  4.047E-03  1.906E-03  3.739E-03  2.053E-03  9.465E-03  6.047E-03  6.685E-03  2.287E-03  1.906E-03
  0.000E+00  0.000E+00  0.000E+00  0.000E+00  0.000E+00  0.000E+00  0.000E+00  0.000E+00  0.000E+00  0.000E+00
  0.000E+00  0.000E+00  0.000E+00  0.000E+00  0.000E+00  0.000E+00  0.000E+00  0.000E+00  0.000E+00  0.000E+00
  0.000E+00  0.000E+00  0.000E+00  0.000E+00  0.000E+00  0.000E+00  0.000E+00  0.000E+00  0.000E+00  0.000E+00
  0.000E+00  0.000E+00  0.000E+00  0.000E+00  0.000E+00  0.000E+00  0.000E+00  0.000E+00  0.000E+00  0.000E+00
  0.000E+00  0.000E+00  0.000E+00  8.109E-04  0.000E+00  9.201E-04  7.025E-03  5.884E-03  2.087E-03  3.683E-03
  6.132E-03  4.862E-03  6.476E-03  8.307E-03  8.311E-03  6.696E-03  9.741E-03  5.107E-03  5.623E-03  6.406E-03
  2.100E-03  9.549E-03  9.501E-03  5.717E-03  7.562E-03  8.111E-03  4.681E-03  3.788E-03  4.978E-03  1.697E-03
  4.444E-04  1.140E-02  7.328E-03  5.605E-03  2.048E-03  3.599E-03  0.000E+00  0.000E+00  1.139E-04  0.000E+00
  0.000E+00  1.817E-03  3.190E-04  2.023E-03  4.081E-03  3.529E-03  5.845E-03  5.297E-03  2.221E-03  3.839E-03
  1.191E-02  7.210E-03  9.322E-03  5.087E-03  1.270E-02  7.216E-03  6.797E-03  5.163E-03  6.323E-03  3.800E-03
  1.007E-03  1.551E-04  4.090E-03  3.430E-03  2.638E-03  3.424E-03  3.578E-03  2.646E-03  6.546E-04  0.000E+00
  0.000E+00  0.000E+00  0.000E+00  0.000E+00  0.000E+00  0.000E+00  0.000E+00  0.000E+00  0.000E+00  0.000E+00
  0.000E+00  0.000E+00  0.000E+00  0.000E+00  0.000E+00  0.000E+00  0.000E+00  0.000E+00  0.000E+00  0.000E+00
  0.000E+00  0.000E+00  0.000E+00  0.000E+00  0.000E+00  0.000E+00  0.000E+00  0.000E+00  0.000E+00  0.000E+00
  0.000E+00  0.000E+00  0.000E+00  0.000E+00  0.000E+00  0.000E+00  0.000E+00  0.000E+00  0.000E+00  0.000E+00
  0.000E+00  0.000E+00  6.261E-04  1.018E-02  3.164E-03  9.002E-04  1.517E-02  5.037E-03  2.105E-03  8.079E-03
  5.571E-03  7.466E-03  6.809E-03  9.053E-03  1.325E-02  1.031E-02  3.976E-03  6.237E-03  1.143E-02  5.560E-03
  5.560E-03  1.019E-02  1.388E-02  1.051E-02  5.920E-03  1.381E-02  5.383E-03  1.516E-03  1.066E-03  4.918E-03
  6.532E-03  5.466E-03  3.330E-03  6.792E-03  3.361E-03  3.698E-03  1.677E-03  2.463E-03  2.891E-03  0.000E+00
  8.420E-04  5.076E-03  1.906E-03  1.911E-03  7.407E-03  7.687E-03  5.917E-03  2.626E-03  1.642E-03  3.197E-03
  8.638E-03  1.346E-02  5.201E-03  8.525E-03  9.971E-03  5.981E-03  2.170E-03  3.557E-03  3.715E-03  2.839E-03
  1.892E-03  9.601E-04  4.156E-03  3.887E-03  1.826E-03  3.895E-03  1.828E-03  3.981E-03  3.670E-03  2.430E-03
  0.000E+00  0.000E+00  0.000E+00  0.000E+00  0.000E+00  0.000E+00  0.000E+00  0.000E+00  0.000E+00  0.000E+00
  0.000E+00  0.000E+00  0.000E+00  0.000E+00  0.000E+00  0.000E+00  0.000E+00  0.000E+00  0.000E+00  0.000E+00
  0.000E+00  0.000E+00  0.000E+00  0.000E+00  0.000E+00  0.000E+00  0.000E+00  0.000E+00  0.000E+00  0.000E+00
  0.000E+00  0.000E+00  0.000E+00  0.000E+00  0.000E+00  0.000E+00  0.000E+00  0.000E+00  0.000E+00  0.000E+00
  0.000E+00  0.000E+00  2.064E-03  1.256E-02  1.182E-02  4.488E-03  8.794E-03  8.548E-03  3.688E-02  4.390E-03
  5.054E-03  9.648E-03  5.396E-03  5.120E-03  9.361E-03  1.101E-02  1.109E-02  9.811E-03  8.022E-03  5.480E-03
  4.307E-03  4.654E-03  1.280E-02  1.100E-02  6.864E-03  1.657E-02  8.882E-03  9.062E-03  6.154E-03  6.820E-03
  8.055E-03  8.955E-03  5.108E-03  8.559E-03  2.443E-03  7.760E-03  7.738E-03  1.642E-03  1.642E-03  2.031E-03
  4.404E-03  3.190E-03  4.300E-03  5.603E-03  5.069E-03  3.736E-03  2.650E-03  1.255E-03  4.121E-03  3.521E-03
  9.000E-03  5.795E-03  7.836E-03  1.172E-02  5.004E-03  5.682E-03  4.458E-03  5.298E-03  4.426E-03  3.560E-03
  2.772E-03  5.899E-03  2.334E-03  0.000E+00  2.087E-03  2.667E-03  0.000E+00  4.880E-04  2.662E-03  3.034E-03
  0.000E+00  0.000E+00  0.000E+00  0.000E+00  0.000E+00  0.000E+00  0.000E+00  0.000E+00  0.000E+00  0.000E+00
  0.000E+00  0.000E+00  0.000E+00  0.000E+00  0.000E+00  0.000E+00  0.000E+00  0.000E+00  0.000E+00  0.000E+00
  0.000E+00  0.000E+00  0.000E+00  0.000E+00  0.000E+00  0.000E+00  0.000E+00  0.000E+00  0.000E+00  0.000E+00
  0.000E+00  0.000E+00  0.000E+00  0.000E+00  0.000E+00  0.000E+00  0.000E+00  0.000E+00  0.000E+00  0.000E+00
  0.000E+00  0.000E+00  2.870E-03  8.450E-03  1.064E-02  4.669E-03  4.070E-03  1.859E-02  4.094E-02  1.988E-02
  3.631E-03  3.133E-03  1.822E-03  7.678E-03  1.462E-02  1.371E-02  7.463E-03  1.030E-02  1.298E-02  1.123E-02
  1.235E-02  1.160E-02  6.798E-03  1.034E-02  1.063E-02  7.387E-03  5.249E-03  1.700E-03  5.522E-03  7.710E-03
  1.254E-02  6.566E-03  5.577E-03  1.134E-02  1.164E-02  1.066E-02  7.009E-03  1.374E-02  1.119E-02  8.469E-03
  5.676E-03  8.532E-03  1.036E-02  5.628E-03  7.281E-03  8.918E-03  8.097E-03  9.071E-03  7.730E-03  8.697E-03
  1.357E-02  6.378E-03  5.378E-03  1.261E-02  4.785E-03  4.012E-03  6.989E-03  4.113E-03  3.878E-03  2.867E-03
  2.577E-03  2.303E-03  2.517E-03  1.858E-03  2.682E-04  5.978E-03  2.366E-03  1.794E-03  1.792E-03  2.035E-03
  0.000E+00  0.000E+00  0.000E+00  0.000E+00  0.000E+00  0.000E+00  0.000E+00  0.000E+00  0.000E+00  0.000E+00
  0.000E+00  0.000E+00  0.000E+00  0.000E+00  0.000E+00  0.000E+00  0.000E+00  0.000E+00  0.000E+00  0.000E+00
  0.000E+00  0.000E+00  0.000E+00  0.000E+00  0.000E+00  0.000E+00  0.000E+00  0.000E+00  0.000E+00  0.000E+00
  0.000E+00  0.000E+00  0.000E+00  0.000E+00  0.000E+00  0.000E+00  0.000E+00  0.000E+00  0.000E+00  0.000E+00
  0.000E+00  0.000E+00  3.629E-03  0.000E+00  1.102E-02  0.000E+00  1.841E-03  1.110E-02  1.299E-02  1.606E-02
  1.556E-02  4.753E-03  7.526E-03  4.366E-03  4.831E-03  1.191E-02  3.373E-03  2.137E-03  2.718E-03  6.754E-03
  1.381E-02  1.143E-02  8.315E-03  9.787E-03  1.037E-02  5.924E-03  4.770E-03  2.588E-03  3.544E-03  5.719E-03
  1.054E-02  1.015E-02  7.836E-03  1.109E-02  9.654E-03  3.219E-03  4.479E-03  8.103E-03  1.225E-02  5.703E-03
  5.370E-03  1.062E-03  5.276E-04  2.844E-03  9.376E-04  4.162E-03  4.629E-03  2.326E-03  0.000E+00  8.241E-03
  8.608E-03  4.654E-03  7.560E-03  6.359E-03  3.548E-03  8.633E-03  3.082E-03  6.686E-04  0.000E+00  1.157E-03
  4.791E-03  5.882E-03  2.914E-03  1.794E-03  1.526E-03  2.278E-03  1.724E-03  2.104E-03  1.732E-03  4.395E-03
  0.000E+00  0.000E+00  0.000E+00  0.000E+00  0.000E+00  0.000E+00  0.000E+00  0.000E+00  0.000E+00  0.000E+00
  0.000E+00  0.000E+00  0.000E+00  0.000E+00  0.000E+00  0.000E+00  0.000E+00  0.000E+00  0.000E+00  0.000E+00
  0.000E+00  0.000E+00  0.000E+00  0.000E+00  0.000E+00  0.000E+00  0.000E+00  0.000E+00  0.000E+00  0.000E+00
  0.000E+00  0.000E+00  0.000E+00  0.000E+00  0.000E+00  0.000E+00  0.000E+00  0.000E+00  0.000E+00  0.000E+00
  0.000E+00  8.948E-04  6.048E-03  3.857E-03  1.185E-02  2.315E-03  6.621E-04  6.319E-03  1.943E-02  6.510E-03
  7.114E-03  1.533E-02  3.951E-03  2.488E-03  9.785E-03  8.049E-03  7.364E-03  3.063E-03  4.564E-03  9.554E-03
  7.499E-03  1.176E-02  1.166E-02  1.592E-02  1.250E-02  9.072E-03  6.905E-03  3.771E-03  3.877E-03  8.598E-03
  5.289E-03  2.303E-03  1.330E-03  5.615E-03  6.634E-03  4.411E-03  3.819E-03  9.743E-04  1.377E-02  5.039E-03
  2.548E-03  3.120E-03  1.754E-03  2.910E-03  4.344E-03  8.638E-03  4.578E-03  5.848E-03  6.688E-03  1.540E-02
  2.948E-03  7.221E-04  1.441E-03  1.741E-03  2.366E-03  6.573E-03  2.812E-03  4.494E-03  1.794E-03  1.794E-03
  3.627E-03  1.839E-03  4.312E-03  3.555E-03  6.302E-04  4.009E-03  1.732E-03  1.923E-03  3.357E-03  2.757E-03
  0.000E+00  0.000E+00  0.000E+00  0.000E+00  0.000E+00  0.000E+00  0.000E+00  0.000E+00  0.000E+00  0.000E+00
  0.000E+00  0.000E+00  0.000E+00  0.000E+00  0.000E+00  0.000E+00  0.000E+00  0.000E+00  0.000E+00  0.000E+00
  0.000E+00  0.000E+00  0.000E+00  0.000E+00  0.000E+00  0.000E+00  0.000E+00  0.000E+00  0.000E+00  0.000E+00
  0.000E+00  0.000E+00  0.000E+00  0.000E+00  0.000E+00  0.000E+00  0.000E+00  0.000E+00  0.000E+00  0.000E+00
  0.000E+00  0.000E+00  0.000E+00  7.347E-03  2.917E-03  4.467E-03  1.076E-02  1.907E-02  3.107E-02  1.177E-02
  9.282E-03  4.233E-03  1.434E-02  9.612E-03  9.686E-03  7.855E-03  9.659E-03  5.851E-03  6.989E-03  5.292E-03
  1.195E-02  6.310E-03  4.432E-03  5.070E-03  9.089E-03  1.417E-02  1.787E-02  8.713E-03  9.081E-03  9.789E-03
  8.887E-03  4.527E-03  3.677E-03  4.759E-03  9.331E-03  6.010E-03  8.400E-03  1.547E-02  1.581E-02  2.280E-03
  5.640E-03  5.991E-03  9.633E-03  1.031E-02  5.004E-03  0.000E+00  3.114E-03  3.699E-03  8.289E-03  6.031E-03
  2.872E-04  4.086E-03  1.924E-03  4.223E-03  3.718E-03  4.011E-03  4.404E-03  5.719E-03  3.091E-03  2.120E-03
  2.640E-04  0.000E+00  2.021E-03  4.142E-03  5.009E-03  5.161E-03  3.080E-03  4.121E-03  3.734E-03  1.256E-03
  0.000E+00  0.000E+00  0.000E+00  0.000E+00  0.000E+00  0.000E+00  0.000E+00  0.000E+00  0.000E+00  0.000E+00
  0.000E+00  0.000E+00  0.000E+00  0.000E+00  0.000E+00  0.000E+00  0.000E+00  0.000E+00  0.000E+00  0.000E+00
  0.000E+00  0.000E+00  0.000E+00  0.000E+00  0.000E+00  0.000E+00  0.000E+00  0.000E+00  0.000E+00  0.000E+00
  0.000E+00  0.000E+00  0.000E+00  0.000E+00  0.000E+00  0.000E+00  0.000E+00  0.000E+00  0.000E+00  0.000E+00
  0.000E+00  0.000E+00  0.000E+00  0.000E+00  1.188E-04  2.366E-04  8.154E-04  2.422E-02  4.575E-03  6.557E-03
  7.516E-03  3.859E-03  4.667E-03  1.179E-02  8.193E-03  7.324E-03  3.796E-03  9.963E-03  5.477E-03  6.677E-03
  4.053E-03  4.158E-03  8.278E-03  3.552E-03  3.305E-03  3.454E-03  1.123E-02  1.140E-02  6.917E-03  6.256E-03
  6.503E-03  7.046E-03  5.529E-03  6.524E-03  1.141E-02  1.191E-02  1.614E-02  7.408E-03  2.331E-03  1.778E-03
  2.975E-03  3.615E-03  1.039E-03  2.331E-03  5.498E-03  1.797E-03  3.946E-03  4.017E-03  9.221E-03  2.077E-03
  4.213E-03  2.069E-03  1.794E-03  2.964E-03  0.000E+00  1.648E-03  3.532E-03  2.970E-03  6.222E-03  7.033E-03
  4.428E-03  1.732E-03  1.312E-03  2.387E-03  4.837E-03  8.004E-03  5.404E-03  4.245E-03  3.095E-03  3.890E-03
  0.000E+00  0.000E+00  0.000E+00  0.000E+00  0.000E+00  0.000E+00  0.000E+00  0.000E+00  0.000E+00  0.000E+00
  0.000E+00  0.000E+00  0.000E+00  0.000E+00  0.000E+00  0.000E+00  0.000E+00  0.000E+00  0.000E+00  0.000E+00
  0.000E+00  0.000E+00  0.000E+00  0.000E+00  0.000E+00  0.000E+00  0.000E+00  0.000E+00  0.000E+00  0.000E+00
  0.000E+00  0.000E+00  0.000E+00  0.000E+00  0.000E+00  0.000E+00  0.000E+00  0.000E+00  0.000E+00  0.000E+00
  0.000E+00  0.000E+00  0.000E+00  0.000E+00  4.273E-04  8.822E-03  9.363E-03  2.926E-03  1.917E-02  8.476E-03
  7.937E-03  7.825E-03  3.818E-03  1.493E-03  8.311E-03  5.363E-03  5.081E-03  5.216E-03  4.462E-03  4.563E-03
  1.754E-03  4.366E-03  9.947E-03  4.915E-03  6.947E-03  2.189E-03  6.230E-03  6.688E-03  5.886E-03  9.851E-03
  5.341E-03  1.658E-03  1.658E-03  3.042E-03  1.256E-02  1.348E-02  7.436E-03  1.086E-02  2.510E-03  7.852E-03
  1.385E-02  3.730E-03  1.767E-03  2.521E-03  5.182E-03  6.546E-03  6.335E-03  1.236E-02  4.641E-03  4.631E-03
  3.092E-03  0.000E+00  0.000E+00  1.766E-03  3.258E-04  1.777E-03  3.551E-03  1.979E-03  6.107E-03  4.847E-03
  5.365E-03  8.061E-03  5.275E-03  1.924E-03  2.574E-04  5.233E-03  3.561E-03  1.595E-03  3.074E-03  5.932E-03
  0.000E+00  0.000E+00  0.000E+00  0.000E+00  0.000E+00  0.000E+00  0.000E+00  0.000E+00  0.000E+00  0.000E+00
  0.000E+00  0.000E+00  0.000E+00  0.000E+00  0.000E+00  0.000E+00  0.000E+00  0.000E+00  0.000E+00  0.000E+00
  0.000E+00  0.000E+00  0.000E+00  0.000E+00  0.000E+00  0.000E+00  0.000E+00  0.000E+00  0.000E+00  0.000E+00
  0.000E+00  0.000E+00  0.000E+00  0.000E+00  0.000E+00  0.000E+00  0.000E+00  0.000E+00  0.000E+00  0.000E+00
  0.000E+00  0.000E+00  0.000E+00  0.000E+00  4.632E-03  2.147E-02  1.732E-03  3.210E-03  5.340E-03  6.116E-03
  8.077E-03  3.731E-03  5.427E-03  6.950E-03  7.800E-03  1.255E-02  1.366E-02  1.086E-02  9.041E-03  5.392E-03
  3.132E-03  6.873E-03  9.439E-03  3.280E-03  3.751E-03  3.744E-03  4.842E-03  7.623E-03  2.297E-03  1.245E-02
  3.299E-03  1.822E-03  2.818E-03  4.172E-03  9.869E-03  1.061E-02  9.037E-03  2.460E-02  6.165E-03  2.137E-03
  1.516E-03  3.789E-03  2.610E-03  1.174E-03  0.000E+00  1.817E-03  8.789E-03  7.155E-03  2.221E-03  7.021E-03
  3.589E-03  1.767E-03  2.817E-03  5.279E-03  4.042E-03  3.499E-03  6.872E-03  4.334E-03  6.020E-03  5.153E-03
  3.734E-03  1.767E-03  2.861E-03  3.046E-03  5.811E-03  5.702E-03  5.898E-03  7.745E-03  5.863E-03  1.225E-04
  0.000E+00  0.000E+00  0.000E+00  0.000E+00  0.000E+00  0.000E+00  0.000E+00  0.000E+00  0.000E+00  0.000E+00
  0.000E+00  0.000E+00  0.000E+00  0.000E+00  0.000E+00  0.000E+00  0.000E+00  0.000E+00  0.000E+00  0.000E+00
  0.000E+00  0.000E+00  0.000E+00  0.000E+00  0.000E+00  0.000E+00  0.000E+00  0.000E+00  0.000E+00  0.000E+00
  0.000E+00  0.000E+00  0.000E+00  0.000E+00  0.000E+00  0.000E+00  0.000E+00  0.000E+00  0.000E+00  0.000E+00
  0.000E+00  0.000E+00  0.000E+00  0.000E+00  2.284E-02  4.725E-03  2.712E-03  4.128E-03  7.436E-04  1.222E-03
  5.580E-03  2.683E-03  9.780E-04  0.000E+00  4.770E-03  3.821E-03  1.338E-02  1.517E-02  1.467E-02  7.036E-03
  6.095E-03  4.720E-03  6.281E-03  4.561E-03  2.943E-03  7.679E-03  4.571E-03  6.119E-03  6.388E-03  1.106E-02
  7.578E-03  4.079E-03  6.296E-03  6.467E-03  1.025E-02  7.558E-03  4.534E-03  6.754E-03  4.153E-03  0.000E+00
  9.593E-04  2.476E-03  5.235E-03  4.182E-04  0.000E+00  4.926E-03  6.262E-03  2.566E-03  9.072E-03  6.652E-03
  3.595E-03  1.802E-03  2.459E-03  5.330E-03  3.295E-03  2.386E-03  2.562E-03  1.833E-03  0.000E+00  1.798E-03
  4.325E-04  2.171E-03  6.256E-04  3.599E-03  4.882E-03  9.583E-03  1.121E-02  9.636E-03  8.432E-03  7.566E-03
  0.000E+00  0.000E+00  0.000E+00  0.000E+00  0.000E+00  0.000E+00  0.000E+00  0.000E+00  0.000E+00  0.000E+00
  0.000E+00  0.000E+00  0.000E+00  0.000E+00  0.000E+00  0.000E+00  0.000E+00  0.000E+00  0.000E+00  0.000E+00
  0.000E+00  0.000E+00  0.000E+00  0.000E+00  0.000E+00  0.000E+00  0.000E+00  0.000E+00  0.000E+00  0.000E+00
  0.000E+00  0.000E+00  0.000E+00  0.000E+00  0.000E+00  0.000E+00  0.000E+00  0.000E+00  0.000E+00  0.000E+00
  0.000E+00  0.000E+00  0.000E+00  1.851E-03  1.022E-02  1.037E-02  9.313E-03  5.661E-03  0.000E+00  1.572E-05
  2.119E-03  0.000E+00  0.000E+00  2.209E-03  1.938E-03  1.223E-03  6.122E-04  5.897E-03  1.188E-02  1.185E-02
  7.421E-03  5.575E-03  5.413E-03  7.732E-03  3.637E-03  8.316E-03  5.536E-03  7.638E-03  3.968E-03  8.478E-03
  9.249E-03  1.221E-02  6.128E-03  4.862E-03  8.491E-03  1.048E-02  1.252E-02  1.181E-02  6.177E-03  1.927E-03
  9.678E-04  0.000E+00  6.825E-04  4.027E-03  3.101E-03  6.831E-03  3.291E-03  8.578E-03  1.034E-02  8.025E-03
  5.359E-03  3.700E-03  2.386E-03  2.257E-03  0.000E+00  0.000E+00  2.012E-03  1.596E-03  0.000E+00  4.894E-04
  2.994E-03  2.280E-04  4.065E-03  3.538E-03  6.641E-03  6.608E-03  2.469E-03  4.995E-03  3.594E-03  6.955E-03
  0.000E+00  0.000E+00  0.000E+00  0.000E+00  0.000E+00  0.000E+00  0.000E+00  0.000E+00  0.000E+00  0.000E+00
  0.000E+00  0.000E+00  0.000E+00  0.000E+00  0.000E+00  0.000E+00  0.000E+00  0.000E+00  0.000E+00  0.000E+00
  0.000E+00  0.000E+00  0.000E+00  0.000E+00  0.000E+00  0.000E+00  0.000E+00  0.000E+00  0.000E+00  0.000E+00
  0.000E+00  0.000E+00  0.000E+00  0.000E+00  0.000E+00  0.000E+00  0.000E+00  0.000E+00  0.000E+00  0.000E+00
  0.000E+00  0.000E+00  5.857E-06  6.844E-03  0.000E+00  0.000E+00  1.272E-02  1.703E-02  1.011E-04  0.000E+00
  2.094E-04  0.000E+00  2.237E-03  2.803E-04  1.629E-03  2.272E-03  1.832E-03  5.306E-03  1.931E-03  3.805E-03
  1.885E-03  6.641E-03  4.839E-03  3.868E-03  4.103E-03  6.657E-03  6.915E-03  8.427E-03  6.953E-03  1.132E-02
  8.439E-03  8.009E-03  9.783E-03  6.371E-03  9.688E-03  4.382E-03  8.050E-03  1.196E-02  1.063E-02  2.267E-05
  0.000E+00  0.000E+00  0.000E+00  2.953E-03  6.420E-03  1.081E-02  6.320E-03  7.514E-03  6.351E-03  4.977E-03
  1.953E-03  1.111E-03  1.913E-03  6.272E-04  1.233E-03  0.000E+00  1.926E-03  1.682E-03  2.697E-04  2.737E-03
  4.553E-03  2.536E-03  4.193E-03  5.103E-03  6.734E-03  1.939E-03  2.709E-03  2.821E-03  1.418E-03  6.307E-04
  0.000E+00  0.000E+00  0.000E+00  0.000E+00  0.000E+00  0.000E+00  0.000E+00  0.000E+00  0.000E+00  0.000E+00
  0.000E+00  0.000E+00  0.000E+00  0.000E+00  0.000E+00  0.000E+00  0.000E+00  0.000E+00  0.000E+00  0.000E+00
  0.000E+00  0.000E+00  0.000E+00  0.000E+00  0.000E+00  0.000E+00  0.000E+00  0.000E+00  0.000E+00  0.000E+00
  0.000E+00  0.000E+00  0.000E+00  0.000E+00  0.000E+00  0.000E+00  0.000E+00  0.000E+00  0.000E+00  0.000E+00
  0.000E+00  0.000E+00  0.000E+00  0.000E+00  1.004E-02  0.000E+00  1.104E-02  1.623E-02  0.000E+00  0.000E+00
  1.623E-03  3.248E-03  2.149E-03  3.046E-04  4.994E-03  1.699E-03  8.215E-04  1.962E-03  2.130E-03  3.417E-03
  3.483E-03  5.123E-04  5.642E-03  1.724E-03  8.617E-03  7.156E-03  9.356E-03  9.999E-03  5.213E-03  8.000E-03
  3.362E-03  3.580E-03  7.703E-03  9.102E-03  1.074E-02  8.686E-03  9.271E-03  1.291E-02  6.393E-03  6.215E-03
  2.454E-03  9.890E-04  3.068E-03  1.004E-02  1.031E-02  6.546E-03  1.572E-03  1.817E-03  5.021E-03  3.832E-03
  1.980E-03  0.000E+00  0.000E+00  1.787E-03  3.098E-03  1.942E-03  3.143E-03  3.489E-03  1.445E-03  2.062E-03
  1.820E-03  6.828E-03  4.038E-03  3.796E-03  4.605E-03  3.854E-04  0.000E+00  0.000E+00  4.143E-03  2.560E-03
  0.000E+00  0.000E+00  0.000E+00  0.000E+00  0.000E+00  0.000E+00  0.000E+00  0.000E+00  0.000E+00  0.000E+00
  0.000E+00  0.000E+00  0.000E+00  0.000E+00  0.000E+00  0.000E+00  0.000E+00  0.000E+00  0.000E+00  0.000E+00
  0.000E+00  0.000E+00  0.000E+00  0.000E+00  0.000E+00  0.000E+00  0.000E+00  0.000E+00  0.000E+00  0.000E+00
  0.000E+00  0.000E+00  0.000E+00  0.000E+00  0.000E+00  0.000E+00  0.000E+00  0.000E+00  0.000E+00  0.000E+00
  0.000E+00  0.000E+00  0.000E+00  0.000E+00  7.786E-04  0.000E+00  2.750E-02  6.205E-04  0.000E+00  0.000E+00
  4.806E-03  2.586E-03  1.832E-03  1.534E-03  3.459E-03  0.000E+00  1.438E-03  0.000E+00  7.249E-03  6.004E-03
  7.914E-03  6.288E-03  8.102E-03  6.082E-03  5.214E-03  4.876E-03  8.417E-03  9.026E-03  7.716E-03  1.905E-03
  4.656E-03  6.120E-03  7.513E-03  5.173E-03  1.456E-02  4.807E-03  1.578E-02  1.199E-02  1.788E-02  8.026E-03
  8.547E-03  1.023E-02  1.230E-02  7.210E-03  8.995E-03  2.977E-04  0.000E+00  3.440E-03  1.239E-03  5.990E-03
  1.134E-03  1.938E-03  1.715E-03  1.715E-03  3.999E-03  3.923E-03  6.868E-04  1.775E-03  3.616E-03  3.869E-03
  5.944E-03  3.957E-03  1.267E-03  0.000E+00  2.278E-03  3.597E-04  2.998E-03  1.664E-03  4.392E-03  4.708E-03
  0.000E+00  0.000E+00  0.000E+00  0.000E+00  0.000E+00  0.000E+00  0.000E+00  0.000E+00  0.000E+00  0.000E+00
  0.000E+00  0.000E+00  0.000E+00  0.000E+00  0.000E+00  0.000E+00  0.000E+00  0.000E+00  0.000E+00  0.000E+00
  0.000E+00  0.000E+00  0.000E+00  0.000E+00  0.000E+00  0.000E+00  0.000E+00  0.000E+00  0.000E+00  0.000E+00
  0.000E+00  0.000E+00  0.000E+00  0.000E+00  0.000E+00  0.000E+00  0.000E+00  0.000E+00  0.000E+00  0.000E+00
  0.000E+00  0.000E+00  0.000E+00  0.000E+00  0.000E+00  0.000E+00  0.000E+00  0.000E+00  7.100E-03  3.944E-03
  5.933E-03  1.660E-03  0.000E+00  1.835E-03  4.322E-03  4.074E-03  4.074E-03  5.091E-03  6.141E-03  7.879E-03
  7.232E-03  3.551E-03  1.620E-03  1.994E-03  7.697E-04  7.112E-03  4.925E-03  7.436E-03  1.178E-02  1.020E-02
  7.020E-03  6.149E-03  5.159E-03  5.878E-03  7.112E-03  1.131E-02  1.414E-02  6.608E-03  1.432E-02  4.753E-03
  5.908E-03  1.190E-02  5.728E-03  8.692E-03  5.959E-03  3.719E-03  1.642E-03  5.055E-03  4.602E-03  8.113E-03
  1.715E-03  2.603E-03  0.000E+00  0.000E+00  2.306E-03  2.820E-03  3.052E-03  6.452E-03  4.379E-03  3.076E-03
  2.358E-03  3.174E-03  2.586E-03  4.651E-03  6.971E-03  4.581E-03  9.293E-04  2.183E-03  1.974E-04  2.642E-03
  0.000E+00  0.000E+00  0.000E+00  0.000E+00  0.000E+00  0.000E+00  0.000E+00  0.000E+00  0.000E+00  0.000E+00
  0.000E+00  0.000E+00  0.000E+00  0.000E+00  0.000E+00  0.000E+00  0.000E+00  0.000E+00  0.000E+00  0.000E+00
  0.000E+00  0.000E+00  0.000E+00  0.000E+00  0.000E+00  0.000E+00  0.000E+00  0.000E+00  0.000E+00  0.000E+00
  0.000E+00  0.000E+00  0.000E+00  0.000E+00  0.000E+00  0.000E+00  0.000E+00  0.000E+00  0.000E+00  0.000E+00
  0.000E+00  0.000E+00  0.000E+00  0.000E+00  0.000E+00  0.000E+00  0.000E+00  0.000E+00  1.318E-02  3.894E-03
  5.436E-03  5.871E-03  6.187E-03  7.391E-03  5.448E-03  4.359E-03  6.980E-03  9.004E-03  4.308E-03  5.559E-03
  6.165E-03  4.024E-03  7.447E-03  5.635E-03  5.849E-03  1.016E-02  1.090E-02  5.317E-03  9.659E-03  6.067E-03
  3.190E-03  1.238E-02  1.123E-02  4.961E-03  1.351E-02  1.671E-02  1.547E-02  1.577E-02  1.585E-02  5.117E-03
  7.439E-03  4.706E-03  1.073E-02  6.532E-03  5.401E-03  6.345E-03  7.266E-03  5.573E-03  7.362E-03  8.695E-03
  4.046E-03  5.370E-03  4.895E-03  5.215E-03  8.782E-03  3.657E-03  3.999E-03  1.010E-02  7.360E-03  4.763E-03
  8.128E-03  7.281E-03  7.152E-03  1.790E-03  4.025E-03  4.149E-03  3.781E-03  1.748E-03  1.936E-03  4.543E-03
  0.000E+00  0.000E+00  0.000E+00  0.000E+00  0.000E+00  0.000E+00  0.000E+00  0.000E+00  0.000E+00  0.000E+00
  0.000E+00  0.000E+00  0.000E+00  0.000E+00  0.000E+00  0.000E+00  0.000E+00  0.000E+00  0.000E+00  0.000E+00
  0.000E+00  0.000E+00  0.000E+00  0.000E+00  0.000E+00  0.000E+00  0.000E+00  0.000E+00  0.000E+00  0.000E+00
  0.000E+00  0.000E+00  0.000E+00  0.000E+00  0.000E+00  0.000E+00  0.000E+00  0.000E+00  0.000E+00  0.000E+00
  0.000E+00  0.000E+00  0.000E+00  0.000E+00  0.000E+00  0.000E+00  0.000E+00  3.316E-03  5.015E-03  1.423E-02
  7.895E-03  4.998E-03  6.653E-03  6.902E-03  8.457E-03  4.906E-03  5.404E-03  5.307E-03  6.921E-03  1.015E-02
  6.149E-03  4.399E-03  4.656E-03  2.658E-03  3.907E-03  6.114E-03  1.152E-02  8.960E-03  4.028E-03  5.795E-03
  7.494E-03  5.255E-03  4.215E-03  1.152E-02  1.935E-02  1.566E-02  6.453E-03  1.749E-02  7.154E-03  2.161E-03
  4.767E-03  8.032E-03  3.584E-03  5.027E-03  3.946E-03  3.851E-03  8.040E-03  2.411E-03  4.483E-03  6.682E-03
  1.056E-02  2.985E-03  3.702E-03  2.402E-03  4.493E-03  4.065E-03  5.679E-03  6.864E-03  8.616E-03  7.422E-03
  5.477E-03  4.181E-03  5.258E-03  2.743E-03  5.091E-03  5.558E-03  7.755E-03  8.533E-03  1.082E-02  1.009E-02
  0.000E+00  0.000E+00  0.000E+00  0.000E+00  0.000E+00  0.000E+00  0.000E+00  0.000E+00  0.000E+00  0.000E+00
  0.000E+00  0.000E+00  0.000E+00  0.000E+00  0.000E+00  0.000E+00  0.000E+00  0.000E+00  0.000E+00  0.000E+00
  0.000E+00  0.000E+00  0.000E+00  0.000E+00  0.000E+00  0.000E+00  0.000E+00  0.000E+00  0.000E+00  0.000E+00
  0.000E+00  0.000E+00  0.000E+00  0.000E+00  0.000E+00  0.000E+00  0.000E+00  0.000E+00  0.000E+00  0.000E+00
  0.000E+00  0.000E+00  6.427E-04  0.000E+00  0.000E+00  0.000E+00  3.836E-04  2.281E-03  8.106E-04  4.529E-03
  8.776E-03  9.050E-03  9.397E-03  6.102E-03  8.145E-03  8.009E-03  8.065E-03  5.119E-03  5.352E-03  9.246E-03
  1.106E-02  6.553E-03  4.988E-03  1.008E-02  5.177E-03  6.483E-03  7.708E-03  1.189E-02  7.048E-03  4.887E-03
  7.064E-03  7.285E-03  6.679E-03  1.471E-02  1.416E-02  5.311E-03  7.532E-03  1.303E-02  9.607E-03  6.852E-03
  9.675E-03  3.430E-03  6.085E-04  3.348E-03  2.113E-03  3.973E-03  9.384E-03  8.645E-03  7.498E-03  6.232E-03
  9.220E-03  1.222E-02  3.948E-03  4.743E-03  7.966E-03  7.546E-03  1.068E-02  4.333E-03  3.743E-03  1.968E-03
  5.487E-04  1.342E-03  1.808E-03  4.010E-03  1.175E-02  9.642E-03  2.420E-03  5.153E-03  4.471E-03  4.358E-03
  0.000E+00  0.000E+00  0.000E+00  0.000E+00  0.000E+00  0.000E+00  0.000E+00  0.000E+00  0.000E+00  0.000E+00
  0.000E+00  0.000E+00  0.000E+00  0.000E+00  0.000E+00  0.000E+00  0.000E+00  0.000E+00  0.000E+00  0.000E+00
  0.000E+00  0.000E+00  0.000E+00  0.000E+00  0.000E+00  0.000E+00  0.000E+00  0.000E+00  0.000E+00  0.000E+00
  0.000E+00  0.000E+00  0.000E+00  0.000E+00  0.000E+00  0.000E+00  0.000E+00  0.000E+00  0.000E+00  0.000E+00
  0.000E+00  0.000E+00  0.000E+00  0.000E+00  0.000E+00  0.000E+00  0.000E+00  2.201E-03  1.699E-03  9.855E-03
  7.502E-03  7.168E-03  1.714E-03  3.955E-03  5.545E-03  1.888E-03  1.193E-03  2.715E-03  6.248E-03  1.375E-03
  2.261E-03  4.247E-03  7.715E-03  1.293E-02  7.800E-03  4.947E-03  8.162E-03  8.874E-03  1.483E-02  6.522E-03
  7.894E-03  8.984E-03  1.104E-02  1.293E-02  9.730E-03  5.616E-03  9.569E-03  6.416E-03  5.878E-03  7.623E-03
  1.004E-02  7.120E-03  1.137E-02  1.294E-02  1.051E-02  1.330E-02  6.333E-03  5.725E-03  7.819E-03  4.503E-03
  8.768E-03  9.397E-03  1.948E-02  1.139E-02  7.761E-03  7.370E-03  2.510E-03  2.418E-03  4.192E-03  2.418E-03
  2.418E-03  2.418E-03  4.064E-03  7.120E-03  7.732E-03  3.683E-03  6.230E-03  4.339E-03  1.528E-03  0.000E+00
  0.000E+00  0.000E+00  0.000E+00  0.000E+00  0.000E+00  0.000E+00  0.000E+00  0.000E+00  0.000E+00  0.000E+00
  0.000E+00  0.000E+00  0.000E+00  0.000E+00  0.000E+00  0.000E+00  0.000E+00  0.000E+00  0.000E+00  0.000E+00
  0.000E+00  0.000E+00  0.000E+00  0.000E+00  0.000E+00  0.000E+00  0.000E+00  0.000E+00  0.000E+00  0.000E+00
  0.000E+00  0.000E+00  0.000E+00  0.000E+00  0.000E+00  0.000E+00  0.000E+00  0.000E+00  0.000E+00  0.000E+00
  0.000E+00  0.000E+00  0.000E+00  0.000E+00  0.000E+00  0.000E+00  3.249E-05  1.848E-03  5.849E-04  2.004E-03
  6.634E-03  7.993E-03  4.817E-03  2.752E-04  2.267E-03  4.411E-03  3.809E-03  3.010E-03  6.193E-04  3.106E-04
  4.385E-03  7.988E-03  1.110E-02  7.516E-03  8.376E-03  5.978E-03  7.277E-03  1.136E-02  1.097E-02  8.883E-03
  7.205E-03  1.355E-02  1.078E-02  1.121E-02  7.432E-03  8.022E-03  3.814E-03  1.915E-03  8.167E-03  8.802E-03
  5.173E-03  7.388E-03  7.333E-03  2.895E-03  3.461E-03  1.099E-02  8.316E-03  1.109E-02  1.916E-02  1.448E-02
  1.196E-02  1.914E-02  9.563E-03  1.228E-02  1.026E-02  2.374E-03  1.616E-03  1.616E-03  3.390E-03  1.616E-03
  3.359E-04  1.888E-03  6.430E-04  1.452E-03  8.415E-03  4.187E-03  3.264E-03  1.477E-03  1.821E-03  1.821E-03
  0.000E+00  0.000E+00  0.000E+00  0.000E+00  0.000E+00  3.798E-03  0.000E+00  0.000E+00  0.000E+00  0.000E+00
  0.000E+00  0.000E+00  0.000E+00  0.000E+00  0.000E+00  0.000E+00  0.000E+00  0.000E+00  0.000E+00  0.000E+00
  0.000E+00  0.000E+00  0.000E+00  0.000E+00  0.000E+00  0.000E+00  0.000E+00  0.000E+00  0.000E+00  0.000E+00
  0.000E+00  0.000E+00  0.000E+00  0.000E+00  0.000E+00  0.000E+00  0.000E+00  0.000E+00  0.000E+00  0.000E+00
  0.000E+00  0.000E+00  0.000E+00  0.000E+00  0.000E+00  0.000E+00  1.471E-02  1.274E-02  1.635E-03  2.290E-03
  7.409E-03  9.356E-03  7.282E-03  7.978E-03  3.649E-03  3.763E-03  4.032E-03  7.139E-03  4.152E-03  3.961E-03
  8.041E-03  7.041E-03  5.224E-03  4.210E-03  5.110E-03  5.576E-03  1.107E-02  1.043E-02  7.324E-03  1.140E-02
  1.181E-02  1.008E-02  5.479E-03  6.882E-03  1.395E-03  8.889E-03  2.210E-03  2.480E-03  2.166E-02  9.841E-03
  3.500E-03  2.970E-03  5.465E-03  2.970E-03  5.425E-03  2.970E-03  7.699E-03  2.976E-03  9.927E-03  7.615E-03
  1.144E-02  8.891E-03  4.445E-03  1.210E-02  1.365E-02  8.761E-03  5.867E-03  9.541E-04  1.719E-03  1.072E-04
  3.463E-03  3.080E-03  4.895E-03  5.189E-03  1.125E-02  6.726E-03  5.102E-03  4.521E-03  1.616E-03  3.515E-03
  0.000E+00  0.000E+00  0.000E+00  0.000E+00  8.626E-03  4.099E-02  3.947E-03  0.000E+00  0.000E+00  0.000E+00
  0.000E+00  0.000E+00  0.000E+00  0.000E+00  0.000E+00  0.000E+00  0.000E+00  0.000E+00  0.000E+00  0.000E+00
  0.000E+00  0.000E+00  0.000E+00  0.000E+00  0.000E+00  0.000E+00  0.000E+00  0.000E+00  0.000E+00  0.000E+00
  0.000E+00  0.000E+00  0.000E+00  0.000E+00  0.000E+00  0.000E+00  0.000E+00  0.000E+00  0.000E+00  2.453E-02
  7.356E-03  5.168E-03  2.243E-03  0.000E+00  0.000E+00  0.000E+00  3.361E-03  7.011E-03  4.918E-04  2.083E-03
  2.837E-03  4.517E-03  4.873E-03  1.001E-02  9.260E-03  3.902E-03  2.025E-03  2.468E-03  2.056E-03  6.496E-03
  1.760E-03  5.387E-03  1.031E-02  2.581E-03  4.040E-03  5.562E-03  4.601E-03  7.878E-03  1.151E-02  9.373E-03
  9.232E-03  7.033E-03  6.022E-03  6.287E-03  5.273E-03  7.871E-03  1.226E-02  6.041E-03  1.058E-02  6.087E-03
  2.640E-03  3.964E-03  1.031E-03  0.000E+00  2.454E-03  0.000E+00  2.695E-03  6.220E-03  6.704E-03  3.020E-03
  2.226E-03  1.204E-02  3.802E-03  3.107E-03  6.653E-03  3.259E-03  3.992E-03  9.425E-03  8.157E-03  1.034E-02
  5.395E-03  4.226E-03  3.715E-03  5.696E-03  5.626E-03  1.177E-03  1.139E-03  2.134E-03  4.464E-03  3.195E-03
  0.000E+00  0.000E+00  0.000E+00  0.000E+00  0.000E+00  0.000E+00  0.000E+00  0.000E+00  0.000E+00  0.000E+00
  0.000E+00  0.000E+00  0.000E+00  0.000E+00  0.000E+00  0.000E+00  0.000E+00  0.000E+00  0.000E+00  0.000E+00
  0.000E+00  0.000E+00  0.000E+00  0.000E+00  0.000E+00  0.000E+00  0.000E+00  0.000E+00  0.000E+00  0.000E+00
  0.000E+00  0.000E+00  0.000E+00  0.000E+00  0.000E+00  0.000E+00  0.000E+00  0.000E+00  0.000E+00  8.267E-03
  9.427E-03  0.000E+00  3.248E-03  1.932E-04  0.000E+00  0.000E+00  0.000E+00  0.000E+00  8.654E-03  1.205E-02
  5.327E-03  7.034E-03  5.145E-03  1.516E-03  4.020E-03  5.491E-03  5.592E-03  3.173E-03  8.263E-03  7.147E-03
  5.503E-03  3.244E-03  4.528E-03  3.240E-03  5.663E-03  6.667E-03  3.532E-03  6.451E-03  9.156E-03  1.074E-02
  8.039E-03  9.046E-03  1.126E-02  4.565E-03  1.189E-02  4.802E-03  4.816E-03  6.288E-03  8.356E-03  7.024E-03
  0.000E+00  2.634E-03  2.640E-03  5.490E-03  4.923E-03  4.828E-03  2.830E-03  4.532E-03  7.677E-03  9.696E-03
  6.457E-03  8.755E-03  1.172E-02  4.012E-03  5.536E-03  6.246E-03  3.260E-03  2.769E-03  7.238E-03  5.783E-03
  2.748E-03  1.537E-03  5.546E-03  8.967E-03  4.033E-03  7.138E-03  4.200E-03  3.556E-03  3.451E-03  2.821E-03
  0.000E+00  0.000E+00  0.000E+00  0.000E+00  0.000E+00  0.000E+00  0.000E+00  0.000E+00  0.000E+00  0.000E+00
  0.000E+00  0.000E+00  0.000E+00  0.000E+00  0.000E+00  0.000E+00  0.000E+00  0.000E+00  0.000E+00  0.000E+00
  0.000E+00  0.000E+00  0.000E+00  0.000E+00  0.000E+00  0.000E+00  0.000E+00  0.000E+00  0.000E+00  0.000E+00
  0.000E+00  0.000E+00  0.000E+00  0.000E+00  0.000E+00  0.000E+00  0.000E+00  0.000E+00  0.000E+00  0.000E+00
  0.000E+00  0.000E+00  0.000E+00  0.000E+00  0.000E+00  0.000E+00  0.000E+00  0.000E+00  7.196E-04  1.584E-02
  8.266E-03  6.965E-03  4.396E-03  5.033E-03  6.061E-03  7.110E-03  1.236E-02  1.243E-02  6.675E-03  6.091E-03
  8.476E-03  8.197E-03  1.565E-02  1.221E-02  6.419E-03  8.059E-03  7.950E-03  8.633E-03  8.051E-03  1.087E-02
  1.590E-02  1.637E-02  1.694E-02  1.367E-02  1.098E-02  9.512E-03  5.636E-03  6.575E-03  1.770E-03  5.721E-03
  7.669E-03  9.022E-03  3.766E-03  4.153E-03  9.723E-04  3.056E-04  1.821E-03  2.067E-03  7.828E-03  2.770E-03
  1.650E-02  1.796E-02  1.737E-02  4.290E-03  1.023E-02  5.098E-03  1.123E-02  3.061E-03  5.017E-06  3.822E-03
  2.137E-03  1.278E-02  9.439E-03  7.846E-03  1.306E-03  1.357E-03  3.139E-03  2.217E-03  1.686E-03  1.686E-03
  0.000E+00  0.000E+00  0.000E+00  0.000E+00  0.000E+00  0.000E+00  0.000E+00  0.000E+00  0.000E+00  0.000E+00
  0.000E+00  0.000E+00  0.000E+00  0.000E+00  0.000E+00  0.000E+00  0.000E+00  0.000E+00  0.000E+00  0.000E+00
  0.000E+00  0.000E+00  0.000E+00  0.000E+00  0.000E+00  0.000E+00  0.000E+00  0.000E+00  0.000E+00  0.000E+00
  0.000E+00  0.000E+00  0.000E+00  0.000E+00  0.000E+00  0.000E+00  0.000E+00  0.000E+00  0.000E+00  0.000E+00
  0.000E+00  0.000E+00  0.000E+00  0.000E+00  0.000E+00  0.000E+00  6.434E-04  1.720E-03  1.011E-02  8.660E-03
  5.578E-03  8.623E-03  3.341E-03  4.004E-03  4.866E-03  1.033E-02  8.373E-03  6.529E-03  4.080E-03  1.502E-03
  0.000E+00  5.779E-03  1.051E-02  6.311E-03  5.989E-03  7.904E-03  7.048E-03  7.751E-04  3.548E-03  6.307E-03
  7.772E-03  1.528E-02  1.383E-02  1.301E-02  2.570E-03  1.438E-03  2.203E-03  3.606E-03  2.525E-03  4.486E-03
  1.117E-02  6.253E-03  6.477E-03  6.122E-03  6.065E-03  7.505E-03  3.541E-03  5.363E-03  2.694E-03  9.158E-03
  6.433E-03  8.329E-03  1.455E-02  1.724E-02  8.533E-03  7.287E-03  1.117E-03  2.877E-03  2.510E-03  6.664E-03
  1.232E-02  5.983E-03  2.898E-03  6.355E-03  7.637E-03  4.721E-03  3.518E-03  1.719E-03  1.719E-03  1.719E-03
  0.000E+00  0.000E+00  0.000E+00  0.000E+00  0.000E+00  0.000E+00  0.000E+00  0.000E+00  0.000E+00  0.000E+00
  0.000E+00  0.000E+00  0.000E+00  0.000E+00  0.000E+00  0.000E+00  0.000E+00  0.000E+00  0.000E+00  0.000E+00
  0.000E+00  0.000E+00  0.000E+00  0.000E+00  0.000E+00  0.000E+00  0.000E+00  0.000E+00  0.000E+00  0.000E+00
  0.000E+00  0.000E+00  0.000E+00  0.000E+00  0.000E+00  0.000E+00  0.000E+00  0.000E+00  0.000E+00  0.000E+00
  0.000E+00  0.000E+00  0.000E+00  0.000E+00  0.000E+00  0.000E+00  1.814E-03  4.545E-03  7.960E-03  4.359E-03
  3.136E-03  5.610E-03  8.856E-03  6.970E-03  7.934E-03  9.583E-03  3.067E-03  1.764E-04  3.301E-03  4.367E-03
  8.912E-03  5.468E-03  9.678E-03  6.166E-03  6.292E-03  3.358E-03  6.777E-03  5.410E-03  6.854E-03  5.741E-03
  1.043E-02  1.929E-02  6.453E-03  4.195E-03  8.488E-03  4.953E-03  8.141E-03  1.590E-03  5.615E-03  4.401E-03
  5.224E-03  4.051E-03  3.665E-03  0.000E+00  7.792E-04  5.305E-03  2.404E-03  2.055E-03  4.832E-03  1.270E-02
  1.045E-02  7.527E-03  8.010E-03  6.774E-03  7.707E-03  1.150E-02  1.025E-02  5.403E-03  6.005E-03  7.781E-03
  3.391E-03  4.386E-04  7.176E-03  2.816E-03  0.000E+00  2.566E-03  4.963E-03  2.482E-03  2.811E-03  3.915E-03
  0.000E+00  0.000E+00  0.000E+00  0.000E+00  0.000E+00  0.000E+00  0.000E+00  0.000E+00  0.000E+00  0.000E+00
  0.000E+00  0.000E+00  0.000E+00  0.000E+00  0.000E+00  0.000E+00  0.000E+00  0.000E+00  0.000E+00  0.000E+00
  0.000E+00  0.000E+00  0.000E+00  0.000E+00  0.000E+00  0.000E+00  0.000E+00  0.000E+00  0.000E+00  0.000E+00
  0.000E+00  0.000E+00  0.000E+00  0.000E+00  0.000E+00  0.000E+00  0.000E+00  0.000E+00  0.000E+00  0.000E+00
  0.000E+00  0.000E+00  0.000E+00  0.000E+00  0.000E+00  0.000E+00  0.000E+00  9.838E-04  6.276E-03  4.159E-03
  3.671E-03  4.014E-03  1.341E-03  9.650E-03  8.953E-03  8.964E-03  7.998E-03  7.577E-03  4.347E-03  8.560E-03
  9.892E-03  6.874E-03  1.032E-02  6.340E-03  4.675E-03  2.547E-04  3.593E-04  1.753E-03  2.170E-03  7.230E-03
  2.286E-02  1.150E-02  1.255E-02  3.228E-03  2.259E-03  9.536E-03  7.301E-03  5.065E-03  1.402E-03  3.465E-03
  7.050E-03  4.632E-03  6.740E-03  2.676E-03  1.719E-03  1.719E-03  2.231E-03  6.264E-03  6.609E-03  3.486E-03
  6.695E-03  3.364E-03  9.487E-03  7.062E-03  4.078E-03  3.248E-03  3.474E-03  2.494E-03  2.393E-03  5.571E-03
  5.892E-03  4.380E-03  4.975E-03  3.037E-03  3.494E-03  1.770E-03  1.911E-03  8.835E-03  4.674E-03  2.228E-03
  0.000E+00  0.000E+00  0.000E+00  0.000E+00  0.000E+00  0.000E+00  0.000E+00  0.000E+00  0.000E+00  0.000E+00
  0.000E+00  0.000E+00  0.000E+00  0.000E+00  0.000E+00  0.000E+00  0.000E+00  0.000E+00  0.000E+00  0.000E+00
  0.000E+00  0.000E+00  0.000E+00  0.000E+00  0.000E+00  0.000E+00  0.000E+00  0.000E+00  0.000E+00  0.000E+00
  0.000E+00  0.000E+00  0.000E+00  0.000E+00  0.000E+00  0.000E+00  0.000E+00  0.000E+00  0.000E+00  0.000E+00
  0.000E+00  0.000E+00  0.000E+00  0.000E+00  0.000E+00  0.000E+00  0.000E+00  0.000E+00  0.000E+00  5.006E-03
  2.148E-03  4.949E-03  4.489E-03  3.336E-03  5.369E-03  1.832E-02  1.669E-02  4.608E-03  2.870E-03  1.723E-03
  5.737E-04  5.691E-03  2.716E-03  1.787E-03  3.492E-03  0.000E+00  6.172E-03  8.286E-03  3.202E-04  0.000E+00
  7.921E-04  4.099E-03  6.969E-03  9.559E-03  6.017E-03  5.760E-03  7.159E-03  5.588E-03  5.344E-03  6.352E-03
  5.269E-03  9.515E-03  4.747E-03  6.421E-03  2.619E-03  2.001E-03  2.537E-03  5.024E-03  3.573E-03  3.202E-03
  2.408E-03  8.951E-03  8.574E-03  1.509E-03  1.503E-03  4.352E-03  6.135E-03  4.383E-03  9.773E-03  2.374E-03
  1.775E-03  2.241E-03  1.501E-03  0.000E+00  4.589E-04  3.097E-03  2.562E-03  1.091E-03  1.770E-03  3.111E-03
  0.000E+00  0.000E+00  0.000E+00  0.000E+00  0.000E+00  0.000E+00  0.000E+00  0.000E+00  0.000E+00  0.000E+00
  0.000E+00  0.000E+00  0.000E+00  0.000E+00  0.000E+00  0.000E+00  0.000E+00  0.000E+00  0.000E+00  0.000E+00
  0.000E+00  0.000E+00  0.000E+00  0.000E+00  0.000E+00  0.000E+00  0.000E+00  0.000E+00  0.000E+00  0.000E+00
  0.000E+00  0.000E+00  0.000E+00  0.000E+00  0.000E+00  0.000E+00  0.000E+00  0.000E+00  0.000E+00  0.000E+00
  0.000E+00  0.000E+00  0.000E+00  0.000E+00  0.000E+00  0.000E+00  0.000E+00  0.000E+00  0.000E+00  4.884E-03
  4.597E-03  3.016E-03  2.280E-03  5.709E-03  1.883E-03  6.827E-04  1.251E-02  3.789E-03  2.022E-03  3.029E-03
  6.320E-04  4.576E-03  6.709E-04  0.000E+00  3.570E-03  3.730E-03  2.627E-03  0.000E+00  2.013E-03  3.057E-03
  1.959E-03  0.000E+00  2.267E-03  0.000E+00  6.935E-03  7.333E-03  3.628E-03  4.904E-04  2.956E-03  6.821E-03
  4.014E-03  5.087E-03  4.431E-03  4.008E-03  5.674E-03  6.478E-03  8.736E-03  6.867E-03  6.479E-03  5.752E-03
  5.466E-03  5.762E-03  1.169E-02  5.607E-03  5.686E-03  6.034E-03  5.618E-03  7.490E-03  2.287E-03  3.220E-03
  3.611E-03  5.447E-03  2.336E-04  1.850E-04  2.407E-03  2.553E-03  1.427E-03  1.565E-03  0.000E+00  0.000E+00
  0.000E+00  0.000E+00  0.000E+00  0.000E+00  0.000E+00  0.000E+00  0.000E+00  0.000E+00  0.000E+00  0.000E+00
  0.000E+00  0.000E+00  0.000E+00  0.000E+00  0.000E+00  0.000E+00  0.000E+00  0.000E+00  0.000E+00  0.000E+00
  0.000E+00  0.000E+00  0.000E+00  0.000E+00  0.000E+00  0.000E+00  0.000E+00  0.000E+00  0.000E+00  0.000E+00
  0.000E+00  0.000E+00  0.000E+00  0.000E+00  0.000E+00  0.000E+00  0.000E+00  0.000E+00  0.000E+00  0.000E+00
  0.000E+00  0.000E+00  0.000E+00  0.000E+00  0.000E+00  0.000E+00  2.401E-03  1.089E-03  1.325E-03  3.880E-03
  4.570E-03  2.201E-03  1.374E-03  5.218E-03  1.369E-03  1.864E-03  4.920E-03  3.121E-03  2.430E-03  0.000E+00
  3.423E-03  4.238E-03  3.221E-03  2.519E-03  3.442E-03  2.649E-03  1.163E-03  0.000E+00  0.000E+00  0.000E+00
  2.674E-03  2.134E-03  4.402E-03  7.552E-04  2.594E-03  5.787E-03  5.266E-03  3.259E-03  1.322E-03  4.048E-03
  6.043E-03  5.099E-03  4.777E-03  3.232E-03  2.379E-03  5.357E-03  3.723E-03  1.077E-02  1.973E-03  9.968E-04
  1.534E-03  0.000E+00  5.034E-03  4.601E-03  7.697E-03  6.939E-03  1.301E-02  7.150E-03  3.305E-03  4.082E-03
  8.860E-03  4.764E-03  4.437E-03  5.165E-03  3.408E-03  3.828E-03  1.708E-03  4.826E-04  2.047E-03  1.323E-03
  0.000E+00  0.000E+00  0.000E+00  0.000E+00  0.000E+00  0.000E+00  0.000E+00  0.000E+00  0.000E+00  0.000E+00
  0.000E+00  0.000E+00  0.000E+00  0.000E+00  0.000E+00  0.000E+00  0.000E+00  0.000E+00  0.000E+00  0.000E+00
  0.000E+00  0.000E+00  0.000E+00  0.000E+00  0.000E+00  0.000E+00  0.000E+00  0.000E+00  0.000E+00  0.000E+00
  0.000E+00  0.000E+00  0.000E+00  0.000E+00  0.000E+00  0.000E+00  0.000E+00  0.000E+00  0.000E+00  0.000E+00
  0.000E+00  0.000E+00  0.000E+00  0.000E+00  0.000E+00  0.000E+00  5.598E-03  1.409E-02  2.220E-03  3.330E-03
  4.452E-03  1.918E-03  1.772E-03  5.824E-03  3.890E-03  0.000E+00  8.839E-04  3.982E-03  2.108E-03  2.951E-03
  2.236E-03  1.514E-03  5.364E-03  6.420E-03  1.067E-03  0.000E+00  1.198E-03  1.106E-03  0.000E+00  0.000E+00
  2.045E-03  8.306E-04  1.437E-03  3.615E-03  4.329E-03  3.601E-03  2.430E-03  2.838E-03  6.156E-03  3.574E-03
  2.469E-03  2.765E-03  5.538E-03  9.246E-03  9.175E-03  2.595E-03  6.051E-03  3.187E-03  6.700E-03  1.671E-03
  0.000E+00  8.664E-05  5.667E-03  4.507E-03  2.604E-03  6.684E-03  3.511E-03  7.274E-03  2.007E-03  1.336E-03
  4.090E-03  6.720E-03  2.558E-03  2.286E-03  1.668E-03  2.492E-03  6.273E-03  5.178E-03  5.860E-03  6.438E-03
  0.000E+00  0.000E+00  0.000E+00  0.000E+00  0.000E+00  0.000E+00  0.000E+00  0.000E+00  0.000E+00  0.000E+00
  0.000E+00  0.000E+00  0.000E+00  0.000E+00  0.000E+00  0.000E+00  0.000E+00  0.000E+00  0.000E+00  0.000E+00
  0.000E+00  0.000E+00  0.000E+00  0.000E+00  0.000E+00  0.000E+00  0.000E+00  0.000E+00  0.000E+00  0.000E+00
  0.000E+00  0.000E+00  0.000E+00  0.000E+00  0.000E+00  0.000E+00  0.000E+00  0.000E+00  0.000E+00  0.000E+00
  0.000E+00  0.000E+00  0.000E+00  0.000E+00  0.000E+00  0.000E+00  6.454E-03  8.909E-03  0.000E+00  0.000E+00
  3.548E-03  6.054E-03  5.673E-03  5.270E-03  8.838E-03  1.866E-03  1.981E-03  5.681E-03  4.849E-04  2.571E-03
  7.598E-03  3.759E-04  1.945E-03  4.409E-03  1.031E-03  0.000E+00  0.000E+00  1.255E-03  1.049E-03  0.000E+00
  2.045E-03  2.267E-03  6.407E-04  3.790E-03  0.000E+00  2.870E-04  7.759E-03  3.878E-03  5.329E-03  5.158E-03
  4.812E-03  3.810E-03  5.261E-03  7.584E-03  5.672E-03  7.326E-03  7.319E-03  5.258E-03  8.391E-04  4.920E-03
  4.411E-03  4.646E-03  1.875E-03  4.643E-03  3.557E-03  6.645E-03  7.579E-04  2.423E-03  3.131E-03  6.268E-03
  5.608E-03  4.034E-03  2.300E-03  2.174E-03  1.471E-03  0.000E+00  0.000E+00  3.056E-03  1.624E-03  2.935E-03
  0.000E+00  0.000E+00  0.000E+00  0.000E+00  0.000E+00  0.000E+00  0.000E+00  0.000E+00  0.000E+00  0.000E+00
  0.000E+00  0.000E+00  0.000E+00  0.000E+00  0.000E+00  0.000E+00  0.000E+00  0.000E+00  0.000E+00  0.000E+00
  0.000E+00  0.000E+00  0.000E+00  0.000E+00  0.000E+00  0.000E+00  0.000E+00  0.000E+00  0.000E+00  0.000E+00
  0.000E+00  0.000E+00  0.000E+00  0.000E+00  0.000E+00  0.000E+00  0.000E+00  0.000E+00  0.000E+00  0.000E+00
  0.000E+00  0.000E+00  0.000E+00  0.000E+00  0.000E+00  1.550E-03  2.141E-03  3.700E-03  0.000E+00  1.809E-03
  1.887E-03  2.008E-03  3.836E-03  1.060E-03  7.016E-03  5.307E-03  4.191E-03  3.442E-03  7.005E-03  6.041E-03
  5.481E-03  7.373E-03  3.073E-03  3.259E-03  4.877E-03  1.866E-03  6.633E-04  1.838E-03  3.150E-03  4.007E-03
  4.370E-03  4.667E-03  5.706E-03  1.838E-03  1.838E-03  1.551E-03  2.726E-03  2.276E-03  4.579E-03  6.751E-03
  5.192E-03  4.212E-03  1.018E-02  2.471E-03  4.816E-03  7.199E-03  1.159E-02  4.327E-03  6.516E-03  6.408E-03
  1.137E-02  7.212E-03  2.180E-03  3.772E-03  5.084E-03  1.963E-03  1.817E-03  6.101E-04  8.319E-03  4.116E-03
  1.904E-03  1.775E-03  1.722E-03  3.528E-03  3.453E-03  1.982E-03  9.641E-04  2.155E-03  2.283E-03  1.359E-03
  0.000E+00  0.000E+00  0.000E+00  0.000E+00  0.000E+00  0.000E+00  0.000E+00  0.000E+00  0.000E+00  0.000E+00
  0.000E+00  0.000E+00  0.000E+00  0.000E+00  0.000E+00  0.000E+00  0.000E+00  3.015E-03  2.855E-02  6.812E-03
  0.000E+00  0.000E+00  0.000E+00  0.000E+00  0.000E+00  0.000E+00  0.000E+00  0.000E+00  0.000E+00  0.000E+00
  0.000E+00  0.000E+00  0.000E+00  0.000E+00  0.000E+00  0.000E+00  0.000E+00  0.000E+00  0.000E+00  0.000E+00
  0.000E+00  0.000E+00  0.000E+00  0.000E+00  0.000E+00  3.079E-03  1.528E-04  2.912E-03  2.346E-03  8.107E-03
  3.304E-03  1.048E-03  3.473E-03  2.110E-03  3.736E-03  6.735E-03  4.224E-03  2.014E-03  4.467E-03  4.774E-03
  6.159E-03  6.418E-03  8.307E-03  5.164E-03  4.178E-03  6.600E-03  3.681E-03  1.866E-03  1.866E-03  3.235E-03
  6.737E-03  8.816E-03  3.383E-03  1.842E-03  0.000E+00  3.617E-03  7.110E-03  1.089E-02  4.724E-03  3.822E-04
  0.000E+00  1.090E-02  3.640E-03  5.071E-03  5.683E-03  9.269E-03  1.063E-02  7.778E-03  8.863E-03  7.388E-03
  5.551E-04  3.833E-03  5.627E-03  1.037E-02  4.191E-03  3.803E-03  6.840E-03  3.645E-03  7.451E-03  6.328E-03
  2.088E-03  1.775E-03  0.000E+00  0.000E+00  3.063E-03  7.002E-03  7.738E-03  2.729E-03  5.004E-03  2.529E-03
  0.000E+00  0.000E+00  0.000E+00  0.000E+00  0.000E+00  0.000E+00  0.000E+00  0.000E+00  0.000E+00  0.000E+00
  0.000E+00  0.000E+00  0.000E+00  0.000E+00  0.000E+00  0.000E+00  0.000E+00  1.714E-02  3.369E-02  0.000E+00
  0.000E+00  0.000E+00  0.000E+00  0.000E+00  0.000E+00  0.000E+00  0.000E+00  0.000E+00  0.000E+00  0.000E+00
  0.000E+00  0.000E+00  0.000E+00  0.000E+00  0.000E+00  0.000E+00  0.000E+00  0.000E+00  0.000E+00  0.000E+00
  0.000E+00  0.000E+00  0.000E+00  0.000E+00  3.696E-03  7.605E-03  6.238E-03  0.000E+00  3.575E-04  4.863E-03
  2.494E-03  7.400E-03  9.650E-03  9.254E-03  6.551E-03  7.457E-03  3.989E-03  4.482E-03  3.790E-03  3.903E-03
  0.000E+00  1.377E-03  5.592E-03  1.809E-03  1.946E-03  1.620E-03  2.796E-03  2.046E-03  2.046E-03  2.512E-03
  7.584E-03  8.389E-03  2.945E-03  1.937E-03  1.432E-02  2.380E-03  1.866E-03  6.622E-03  8.977E-03  5.931E-03
  1.120E-02  8.155E-03  3.421E-03  4.012E-03  1.265E-02  1.141E-02  9.872E-03  1.004E-02  1.670E-03  3.877E-03
  4.105E-03  2.284E-03  5.796E-03  8.760E-03  8.227E-04  1.942E-03  3.520E-03  3.944E-03  8.153E-03  7.221E-03
  8.535E-03  5.509E-03  3.734E-03  3.734E-03  3.441E-03  3.819E-03  4.041E-03  6.087E-03  2.585E-03  3.440E-03
  0.000E+00  3.253E-03  9.615E-04  0.000E+00  0.000E+00  0.000E+00  0.000E+00  0.000E+00  0.000E+00  0.000E+00
  0.000E+00  0.000E+00  0.000E+00  0.000E+00  0.000E+00  0.000E+00  1.482E-04  1.310E-03  4.781E-03  1.483E-03
  0.000E+00  0.000E+00  0.000E+00  0.000E+00  0.000E+00  0.000E+00  0.000E+00  0.000E+00  0.000E+00  0.000E+00
  0.000E+00  0.000E+00  0.000E+00  0.000E+00  0.000E+00  0.000E+00  0.000E+00  0.000E+00  0.000E+00  0.000E+00
  0.000E+00  0.000E+00  0.000E+00  0.000E+00  0.000E+00  7.303E-04  6.618E-03  0.000E+00  1.513E-04  7.831E-03
  1.994E-03  4.642E-03  1.729E-03  4.024E-03  3.594E-03  8.688E-03  3.961E-03  6.807E-03  6.266E-03  8.083E-03
  1.233E-03  1.900E-04  1.880E-03  4.201E-03  1.841E-03  2.034E-03  3.798E-03  2.399E-03  6.076E-04  2.180E-03
  2.625E-03  6.618E-03  9.956E-03  1.611E-02  2.835E-03  2.046E-03  2.429E-03  8.501E-03  3.304E-03  1.989E-03
  5.606E-03  3.657E-04  8.654E-03  1.190E-02  1.237E-02  9.776E-03  1.132E-02  1.179E-02  1.078E-02  1.858E-03
  1.340E-03  7.552E-03  8.125E-03  8.388E-03  8.333E-03  2.046E-03  1.858E-03  7.768E-03  4.793E-03  3.884E-03
  2.664E-03  4.611E-03  2.005E-03  2.795E-03  3.104E-03  6.453E-04  2.426E-03  4.102E-03  4.181E-03  3.767E-03
  0.000E+00  2.169E-02  1.400E-02  0.000E+00  8.196E-04  2.244E-02  0.000E+00  0.000E+00  0.000E+00  0.000E+00
  0.000E+00  0.000E+00  0.000E+00  0.000E+00  0.000E+00  0.000E+00  0.000E+00  0.000E+00  0.000E+00  2.586E-02
  5.449E-03  0.000E+00  0.000E+00  0.000E+00  0.000E+00  0.000E+00  0.000E+00  0.000E+00  0.000E+00  0.000E+00
  0.000E+00  0.000E+00  0.000E+00  0.000E+00  0.000E+00  0.000E+00  0.000E+00  0.000E+00  0.000E+00  0.000E+00
  0.000E+00  0.000E+00  0.000E+00  0.000E+00  0.000E+00  0.000E+00  0.000E+00  0.000E+00  0.000E+00  8.467E-03
  1.026E-02  8.002E-03  4.004E-03  3.256E-03  2.375E-03  2.685E-03  5.208E-03  5.442E-04  6.565E-03  8.409E-03
  6.692E-03  5.720E-03  3.437E-03  1.350E-03  3.503E-03  4.209E-03  3.516E-03  5.834E-03  4.087E-03  1.858E-03
  1.909E-03  1.327E-02  7.482E-03  7.629E-04  2.733E-03  1.185E-03  2.259E-03  5.195E-03  3.958E-03  1.063E-02
  6.736E-03  7.638E-03  3.432E-03  4.664E-03  1.486E-03  6.120E-03  6.835E-03  4.608E-03  1.262E-02  1.334E-02
  1.025E-02  9.878E-03  4.532E-03  7.160E-03  2.554E-03  3.824E-03  2.903E-03  4.057E-03  5.232E-03  3.106E-03
  7.783E-04  3.574E-03  2.875E-03  1.342E-03  0.000E+00  3.118E-03  1.886E-03  1.728E-03  3.499E-03  4.367E-03
  0.000E+00  6.109E-03  3.918E-03  0.000E+00  5.754E-03  9.528E-03  0.000E+00  0.000E+00  0.000E+00  0.000E+00
  0.000E+00  0.000E+00  0.000E+00  0.000E+00  0.000E+00  0.000E+00  0.000E+00  2.336E-02  5.219E-03  1.453E-02
  2.058E-02  0.000E+00  4.494E-03  7.188E-03  3.455E-03  0.000E+00  0.000E+00  0.000E+00  0.000E+00  0.000E+00
  0.000E+00  0.000E+00  0.000E+00  0.000E+00  7.921E-03  9.123E-03  0.000E+00  0.000E+00  0.000E+00  0.000E+00
  0.000E+00  0.000E+00  0.000E+00  0.000E+00  0.000E+00  0.000E+00  0.000E+00  0.000E+00  6.947E-03  1.293E-02
  8.878E-03  6.739E-03  5.646E-03  6.074E-04  3.704E-03  6.010E-03  8.478E-03  3.232E-03  5.106E-03  5.391E-03
  5.468E-03  6.164E-03  4.446E-03  4.884E-03  6.218E-03  8.731E-03  7.075E-03  5.287E-03  3.662E-03  1.052E-03
  4.803E-03  8.149E-04  1.230E-03  1.598E-03  1.601E-03  3.914E-03  3.840E-03  5.884E-03  5.258E-03  8.720E-03
  2.121E-03  9.372E-04  1.985E-03  6.026E-03  4.803E-03  4.337E-03  4.031E-03  4.375E-03  2.829E-03  8.090E-03
  1.094E-02  5.313E-03  6.746E-03  1.040E-02  1.195E-02  8.453E-03  2.700E-03  1.819E-03  6.752E-03  1.566E-03
  1.980E-03  1.186E-03  6.606E-03  4.077E-04  3.321E-03  2.104E-03  1.616E-03  1.616E-03  3.007E-03  5.892E-03
  0.000E+00  0.000E+00  0.000E+00  0.000E+00  0.000E+00  0.000E+00  0.000E+00  0.000E+00  0.000E+00  0.000E+00
  0.000E+00  0.000E+00  0.000E+00  0.000E+00  0.000E+00  0.000E+00  0.000E+00  4.766E-04  0.000E+00  0.000E+00
  1.367E-03  5.293E-03  7.936E-04  5.591E-03  0.000E+00  0.000E+00  0.000E+00  0.000E+00  0.000E+00  0.000E+00
  0.000E+00  0.000E+00  0.000E+00  0.000E+00  0.000E+00  0.000E+00  0.000E+00  0.000E+00  0.000E+00  0.000E+00
  0.000E+00  0.000E+00  0.000E+00  0.000E+00  0.000E+00  0.000E+00  0.000E+00  0.000E+00  1.963E-03  0.000E+00
  1.883E-03  2.195E-03  4.080E-03  6.207E-03  4.920E-03  3.776E-03  5.923E-03  5.632E-03  2.578E-03  3.625E-04
  3.965E-03  2.957E-03  3.587E-03  5.843E-03  2.168E-03  2.736E-04  6.123E-03  6.354E-03  7.565E-03  5.931E-03
  5.435E-04  0.000E+00  2.045E-03  1.533E-03  4.442E-03  2.734E-03  6.881E-03  3.294E-03  7.060E-03  1.941E-03
  2.659E-03  5.855E-04  6.117E-03  2.380E-04  0.000E+00  1.822E-03  1.785E-03  0.000E+00  4.361E-03  7.006E-03
  6.337E-03  8.287E-03  8.891E-03  8.067E-03  2.426E-03  4.702E-03  9.493E-03  1.034E-02  1.398E-02  7.849E-03
  6.146E-03  2.890E-03  4.878E-03  4.670E-03  8.186E-04  0.000E+00  2.902E-04  2.140E-03  1.363E-03  2.258E-03
  0.000E+00  0.000E+00  0.000E+00  0.000E+00  0.000E+00  0.000E+00  0.000E+00  0.000E+00  0.000E+00  0.000E+00
  0.000E+00  0.000E+00  0.000E+00  0.000E+00  0.000E+00  0.000E+00  0.000E+00  0.000E+00  0.000E+00  0.000E+00
  0.000E+00  0.000E+00  0.000E+00  0.000E+00  2.018E-03  2.911E-03  0.000E+00  0.000E+00  0.000E+00  0.000E+00
  0.000E+00  0.000E+00  0.000E+00  0.000E+00  0.000E+00  0.000E+00  0.000E+00  0.000E+00  0.000E+00  0.000E+00
  0.000E+00  0.000E+00  0.000E+00  0.000E+00  0.000E+00  0.000E+00  0.000E+00  0.000E+00  0.000E+00  1.714E-03
  1.686E-04  0.000E+00  6.039E-03  6.758E-03  1.746E-03  2.187E-03  4.181E-03  4.488E-03  2.138E-03  2.395E-03
  8.712E-03  7.556E-03  4.103E-03  1.918E-03  3.412E-03  4.234E-03  0.000E+00  2.029E-03  3.056E-03  7.888E-03
  4.927E-03  5.125E-03  8.002E-03  2.811E-03  6.618E-04  3.246E-03  2.545E-03  3.780E-03  9.380E-03  2.407E-03
  3.916E-03  7.403E-03  2.539E-03  1.616E-03  1.616E-03  3.438E-03  2.022E-03  6.615E-03  3.298E-03  3.288E-03
  8.236E-03  5.182E-03  2.279E-03  2.578E-03  3.707E-03  1.754E-03  2.026E-03  0.000E+00  6.325E-03  1.036E-02
  6.436E-03  8.775E-03  8.985E-03  7.773E-03  2.671E-03  3.453E-05  1.849E-03  1.757E-05  3.666E-03  4.670E-03
  0.000E+00  0.000E+00  0.000E+00  0.000E+00  0.000E+00  0.000E+00  0.000E+00  0.000E+00  0.000E+00  0.000E+00
  0.000E+00  0.000E+00  0.000E+00  0.000E+00  0.000E+00  0.000E+00  0.000E+00  0.000E+00  0.000E+00  0.000E+00
  0.000E+00  0.000E+00  6.981E-03  7.750E-03  0.000E+00  0.000E+00  0.000E+00  0.000E+00  0.000E+00  0.000E+00
  0.000E+00  0.000E+00  0.000E+00  0.000E+00  0.000E+00  0.000E+00  0.000E+00  0.000E+00  0.000E+00  9.002E-04
  0.000E+00  0.000E+00  0.000E+00  0.000E+00  0.000E+00  0.000E+00  0.000E+00  0.000E+00  0.000E+00  1.883E-03
  0.000E+00  2.904E-03  9.053E-04  1.315E-03  4.606E-03  4.255E-03  6.402E-03  9.754E-03  1.126E-03  6.779E-03
  5.834E-03  3.119E-03  1.384E-03  1.283E-03  2.366E-03  2.009E-03  5.505E-03  4.458E-03  7.596E-03  6.463E-03
  1.090E-02  7.193E-03  7.360E-03  5.053E-03  6.281E-03  3.381E-03  3.838E-03  9.566E-03  3.169E-03  4.867E-03
  3.816E-03  4.818E-03  0.000E+00  0.000E+00  0.000E+00  3.282E-03  2.579E-03  3.966E-03  2.903E-03  1.794E-03
  6.883E-04  5.759E-03  7.905E-03  4.648E-03  7.789E-03  6.250E-03  2.648E-03  1.427E-03  5.776E-03  1.930E-03
  5.807E-03  5.956E-03  2.903E-03  4.775E-03  1.122E-02  8.824E-03  7.786E-03  1.178E-02  6.683E-03  1.627E-03
  0.000E+00  0.000E+00  0.000E+00  0.000E+00  0.000E+00  0.000E+00  0.000E+00  0.000E+00  0.000E+00  0.000E+00
  0.000E+00  0.000E+00  0.000E+00  0.000E+00  0.000E+00  0.000E+00  0.000E+00  0.000E+00  0.000E+00  0.000E+00
  0.000E+00  1.016E-02  1.490E-02  0.000E+00  0.000E+00  0.000E+00  0.000E+00  0.000E+00  0.000E+00  0.000E+00
  0.000E+00  0.000E+00  0.000E+00  0.000E+00  0.000E+00  0.000E+00  0.000E+00  0.000E+00  0.000E+00  8.574E-03
  2.739E-03  1.301E-03  1.459E-03  0.000E+00  0.000E+00  0.000E+00  0.000E+00  0.000E+00  8.749E-04  1.058E-03
  3.660E-03  2.408E-03  0.000E+00  9.895E-04  2.964E-03  3.861E-03  6.558E-03  1.187E-02  1.133E-02  5.264E-03
  4.965E-03  5.872E-03  3.890E-03  7.020E-03  2.697E-03  1.580E-03  9.310E-04  5.159E-03  4.211E-03  4.021E-03
  4.104E-03  4.567E-03  5.522E-03  6.911E-03  5.842E-03  4.953E-03  7.821E-03  4.116E-03  6.290E-03  7.079E-04
  4.544E-03  3.697E-03  1.316E-03  5.958E-04  1.942E-03  5.511E-03  7.942E-03  5.708E-03  5.067E-03  3.504E-03
  2.815E-03  0.000E+00  1.431E-03  5.716E-03  5.121E-03  4.117E-03  3.552E-03  5.324E-03  8.967E-03  6.059E-03
  9.206E-03  7.879E-03  6.686E-03  4.085E-03  7.843E-04  5.558E-03  4.958E-03  2.119E-03  1.954E-03  1.954E-03
  0.000E+00  0.000E+00  0.000E+00  0.000E+00  0.000E+00  0.000E+00  0.000E+00  0.000E+00  0.000E+00  0.000E+00
  0.000E+00  0.000E+00  0.000E+00  0.000E+00  0.000E+00  0.000E+00  0.000E+00  0.000E+00  1.020E-02  2.395E-02
  2.680E-03  6.037E-03  4.170E-02  1.474E-02  7.698E-03  7.701E-03  6.682E-03  0.000E+00  3.318E-03  0.000E+00
  0.000E+00  0.000E+00  0.000E+00  0.000E+00  0.000E+00  0.000E+00  0.000E+00  0.000E+00  0.000E+00  4.043E-04
  4.814E-03  8.792E-03  2.125E-03  0.000E+00  0.000E+00  0.000E+00  0.000E+00  1.962E-03  3.668E-03  2.160E-03
  5.135E-03  1.616E-03  1.616E-03  6.267E-04  9.443E-04  3.445E-03  5.091E-03  3.481E-03  3.935E-03  5.781E-03
  7.602E-03  6.773E-03  3.614E-03  5.637E-04  5.393E-03  5.918E-03  3.348E-03  1.958E-03  6.802E-03  6.176E-03
  5.739E-03  5.245E-03  3.912E-03  7.077E-03  3.029E-03  2.557E-03  1.053E-03  4.282E-03  3.973E-03  5.952E-03
  5.339E-03  6.074E-03  1.139E-02  5.561E-03  8.080E-03  9.203E-03  1.627E-03  1.627E-03  3.412E-03  1.627E-03
  1.627E-03  1.627E-03  1.627E-03  3.809E-03  8.237E-03  4.469E-03  3.173E-03  6.410E-03  5.892E-03  1.750E-03
  6.665E-03  3.710E-03  2.266E-03  7.310E-03  5.199E-03  3.951E-03  2.530E-03  0.000E+00  0.000E+00  0.000E+00
  0.000E+00  0.000E+00  0.000E+00  3.433E-03  1.383E-02  1.216E-02  0.000E+00  0.000E+00  0.000E+00  0.000E+00
  0.000E+00  0.000E+00  0.000E+00  0.000E+00  0.000E+00  0.000E+00  0.000E+00  0.000E+00  0.000E+00  0.000E+00
  2.902E-03  1.308E-02  4.781E-02  1.620E-02  3.359E-02  3.929E-02  4.585E-03  0.000E+00  1.555E-02  1.875E-02
  0.000E+00  0.000E+00  0.000E+00  0.000E+00  0.000E+00  0.000E+00  0.000E+00  0.000E+00  0.000E+00  0.000E+00
  1.803E-03  5.267E-03  6.957E-03  1.692E-03  0.000E+00  0.000E+00  2.022E-03  3.663E-03  1.198E-03  9.281E-04
  3.619E-03  0.000E+00  0.000E+00  7.347E-04  2.955E-03  2.334E-03  4.186E-03  1.025E-03  2.353E-03  3.937E-03
  3.303E-05  7.065E-03  1.264E-02  8.763E-03  3.618E-03  5.575E-03  7.004E-03  6.637E-03  2.182E-03  1.981E-03
  3.085E-03  5.539E-03  4.228E-03  3.541E-03  3.908E-03  5.292E-03  5.171E-03  1.627E-03  2.678E-03  7.546E-03
  3.387E-03  3.922E-03  5.705E-03  1.056E-02  6.774E-03  2.382E-03  1.543E-03  3.778E-04  2.288E-03  3.231E-03
  1.867E-03  1.867E-03  1.867E-03  5.754E-05  2.665E-03  5.908E-03  3.508E-03  1.904E-03  5.280E-03  4.118E-03
  2.489E-03  6.495E-03  5.423E-03  4.001E-03  1.911E-03  4.326E-03  2.930E-03  0.000E+00  0.000E+00  0.000E+00
  0.000E+00  0.000E+00  0.000E+00  1.684E-03  4.314E-03  1.782E-03  0.000E+00  0.000E+00  0.000E+00  0.000E+00
  0.000E+00  0.000E+00  0.000E+00  0.000E+00  0.000E+00  0.000E+00  0.000E+00  0.000E+00  1.515E-02  0.000E+00
  0.000E+00  0.000E+00  2.329E-02  9.952E-03  1.272E-03  0.000E+00  0.000E+00  0.000E+00  0.000E+00  7.255E-03
  0.000E+00  0.000E+00  0.000E+00  0.000E+00  0.000E+00  0.000E+00  0.000E+00  0.000E+00  0.000E+00  0.000E+00
  0.000E+00  0.000E+00  1.805E-03  2.305E-03  3.990E-03  1.176E-02  3.768E-03  1.524E-02  1.712E-03  1.010E-02
  5.482E-03  5.296E-04  5.251E-04  4.383E-03  1.653E-03  2.015E-03  2.210E-04  3.007E-03  4.181E-03  6.583E-03
  8.462E-03  3.449E-03  5.839E-03  1.333E-03  1.647E-03  4.453E-03  6.525E-03  2.635E-03  2.211E-03  3.772E-03
  5.165E-03  6.923E-03  9.578E-03  6.872E-03  2.731E-03  2.330E-03  2.767E-03  2.034E-03  2.535E-03  5.606E-03
  6.034E-03  2.856E-03  8.132E-04  6.044E-03  5.716E-03  3.677E-03  1.867E-03  1.489E-03  0.000E+00  1.785E-03
  0.000E+00  0.000E+00  0.000E+00  4.421E-04  2.770E-03  2.056E-03  4.610E-03  7.537E-03  3.339E-03  2.534E-03
  5.915E-03  3.267E-03  2.615E-03  3.673E-03  6.288E-03  2.874E-03  3.700E-03  5.167E-03  3.150E-03  2.613E-03
  0.000E+00  0.000E+00  0.000E+00  0.000E+00  0.000E+00  0.000E+00  0.000E+00  0.000E+00  0.000E+00  0.000E+00
  0.000E+00  0.000E+00  0.000E+00  0.000E+00  0.000E+00  0.000E+00  0.000E+00  0.000E+00  1.124E-05  4.530E-03
  2.628E-03  0.000E+00  5.288E-04  3.812E-02  1.998E-03  0.000E+00  0.000E+00  0.000E+00  0.000E+00  2.238E-02
  2.599E-02  0.000E+00  0.000E+00  0.000E+00  0.000E+00  0.000E+00  0.000E+00  0.000E+00  0.000E+00  0.000E+00
  0.000E+00  0.000E+00  0.000E+00  1.200E-03  1.962E-03  2.434E-03  6.993E-03  4.738E-02  3.291E-03  3.913E-03
  4.464E-03  6.730E-03  1.055E-02  3.262E-03  2.234E-03  5.125E-03  4.927E-03  6.745E-03  6.525E-03  5.659E-03
  2.913E-03  2.490E-03  1.924E-03  5.824E-03  5.262E-03  3.553E-03  0.000E+00  1.506E-03  9.833E-04  4.670E-04
  2.223E-03  4.777E-03  5.683E-03  1.080E-02  1.971E-03  4.935E-04  1.778E-04  5.807E-03  8.709E-03  7.946E-03
  3.216E-03  3.922E-03  3.512E-03  7.256E-05  3.891E-03  1.031E-03  2.630E-03  0.000E+00  0.000E+00  6.206E-04
  1.164E-03  0.000E+00  0.000E+00  3.246E-03  1.034E-03  0.000E+00  3.221E-03  1.169E-02  6.605E-03  4.827E-03
  4.451E-03  2.812E-03  7.049E-03  8.981E-03  5.544E-03  6.351E-03  1.637E-03  0.000E+00  2.018E-03  2.160E-03
  0.000E+00  0.000E+00  0.000E+00  0.000E+00  0.000E+00  0.000E+00  0.000E+00  0.000E+00  0.000E+00  0.000E+00
  0.000E+00  0.000E+00  0.000E+00  0.000E+00  0.000E+00  0.000E+00  0.000E+00  0.000E+00  0.000E+00  0.000E+00
  5.193E-03  4.789E-03  0.000E+00  2.149E-02  1.729E-02  0.000E+00  0.000E+00  0.000E+00  8.325E-03  4.499E-02
  3.026E-02  0.000E+00  1.595E-02  3.483E-03  0.000E+00  0.000E+00  0.000E+00  0.000E+00  0.000E+00  0.000E+00
  0.000E+00  1.270E-03  1.962E-03  7.618E-04  0.000E+00  0.000E+00  6.530E-03  4.397E-03  5.163E-03  8.835E-03
  1.226E-02  9.973E-03  4.612E-03  6.546E-03  6.372E-03  8.975E-03  5.360E-03  1.244E-04  4.283E-03  1.574E-03
  9.272E-04  2.007E-03  1.268E-04  4.746E-03  5.668E-03  1.021E-03  0.000E+00  0.000E+00  1.846E-03  3.257E-03
  3.236E-03  3.813E-03  6.245E-03  3.643E-03  1.165E-02  3.778E-03  4.945E-03  2.028E-03  3.653E-03  3.535E-03
  5.034E-03  1.936E-03  2.458E-03  1.914E-04  3.252E-03  6.387E-04  2.110E-04  2.841E-03  6.093E-04  0.000E+00
  1.785E-03  0.000E+00  1.442E-03  2.838E-03  0.000E+00  0.000E+00  7.963E-03  8.346E-03  4.113E-03  6.624E-04
  4.167E-03  3.214E-04  6.147E-03  6.086E-03  2.625E-03  3.819E-04  2.078E-03  1.843E-03  1.311E-03  1.120E-03
  0.000E+00  0.000E+00  0.000E+00  0.000E+00  0.000E+00  0.000E+00  0.000E+00  0.000E+00  0.000E+00  0.000E+00
  0.000E+00  0.000E+00  0.000E+00  0.000E+00  0.000E+00  0.000E+00  0.000E+00  0.000E+00  0.000E+00  0.000E+00
  0.000E+00  0.000E+00  0.000E+00  1.239E-02  1.991E-03  0.000E+00  0.000E+00  0.000E+00  0.000E+00  1.795E-03
  1.027E-02  2.588E-02  4.765E-03  3.723E-02  0.000E+00  0.000E+00  0.000E+00  0.000E+00  0.000E+00  1.341E-03
  1.962E-03  6.913E-04  0.000E+00  0.000E+00  8.602E-04  1.735E-03  9.633E-04  0.000E+00  8.841E-04  2.498E-03
  5.605E-03  3.994E-03  5.539E-03  3.180E-03  5.088E-03  9.294E-03  9.693E-03  1.398E-02  1.346E-02  1.069E-02
  1.051E-02  6.870E-03  4.392E-03  3.496E-03  3.092E-03  2.093E-03  0.000E+00  1.092E-04  2.798E-03  5.620E-03
  3.268E-03  3.184E-03  6.932E-03  5.970E-03  7.340E-03  6.673E-03  5.251E-03  5.694E-03  2.490E-03  2.380E-03
  6.801E-03  3.052E-03  4.374E-04  2.169E-03  1.956E-03  2.069E-03  0.000E+00  0.000E+00  2.231E-03  2.217E-03
  1.365E-03  2.441E-03  2.774E-03  2.911E-05  0.000E+00  1.929E-03  4.388E-03  2.634E-03  1.856E-03  2.631E-03
  3.110E-03  6.841E-03  2.762E-03  2.021E-03  1.759E-03  1.898E-03  1.962E-03  1.369E-03  1.888E-03  3.310E-03
  0.000E+00  0.000E+00  0.000E+00  0.000E+00  0.000E+00  0.000E+00  0.000E+00  0.000E+00  0.000E+00  0.000E+00
  0.000E+00  0.000E+00  0.000E+00  0.000E+00  0.000E+00  0.000E+00  0.000E+00  0.000E+00  0.000E+00  0.000E+00
  0.000E+00  0.000E+00  0.000E+00  0.000E+00  0.000E+00  0.000E+00  0.000E+00  0.000E+00  7.164E-03  0.000E+00
  4.605E-03  3.674E-02  3.948E-03  1.964E-02  0.000E+00  0.000E+00  0.000E+00  0.000E+00  9.533E-03  3.730E-03
  2.946E-03  1.813E-03  3.022E-04  0.000E+00  0.000E+00  0.000E+00  0.000E+00  9.518E-04  4.470E-03  2.128E-03
  1.038E-04  0.000E+00  0.000E+00  3.120E-03  8.301E-03  7.056E-03  4.303E-03  1.975E-03  6.888E-04  8.567E-04
  3.719E-03  7.507E-03  5.638E-03  7.554E-03  2.062E-03  3.634E-04  2.505E-03  3.383E-03  3.814E-03  9.651E-05
  1.580E-03  9.101E-04  2.806E-03  1.942E-03  6.453E-03  8.456E-03  8.402E-03  5.112E-03  1.880E-03  7.450E-03
  4.760E-03  2.790E-03  3.105E-03  1.104E-03  4.048E-03  1.044E-03  1.103E-03  0.000E+00  0.000E+00  1.411E-03
  7.337E-03  3.057E-03  1.838E-03  0.000E+00  5.923E-04  5.725E-03  0.000E+00  2.634E-03  1.160E-03  4.779E-03
  8.524E-03  1.286E-03  6.860E-04  1.805E-03  1.688E-03  2.863E-04  8.218E-04  5.274E-03  1.957E-03  0.000E+00
  0.000E+00  0.000E+00  0.000E+00  0.000E+00  0.000E+00  0.000E+00  0.000E+00  0.000E+00  0.000E+00  0.000E+00
  0.000E+00  0.000E+00  0.000E+00  0.000E+00  0.000E+00  0.000E+00  0.000E+00  0.000E+00  0.000E+00  0.000E+00
  0.000E+00  0.000E+00  0.000E+00  0.000E+00  0.000E+00  0.000E+00  0.000E+00  0.000E+00  9.755E-03  6.580E-03
  0.000E+00  0.000E+00  4.269E-03  0.000E+00  0.000E+00  0.000E+00  0.000E+00  0.000E+00  7.795E-04  1.040E-03
  2.228E-02  7.754E-03  0.000E+00  0.000E+00  0.000E+00  0.000E+00  0.000E+00  2.253E-03  1.372E-02  3.124E-03
  1.920E-03  4.784E-04  0.000E+00  1.117E-03  3.248E-03  3.758E-03  5.934E-03  6.242E-03  3.002E-03  3.635E-03
  1.404E-03  0.000E+00  2.763E-03  6.020E-03  5.684E-03  6.501E-03  7.850E-03  5.157E-03  7.424E-05  0.000E+00
  0.000E+00  3.050E-03  4.895E-03  0.000E+00  2.905E-03  1.203E-03  3.753E-03  7.096E-03  1.002E-02  7.287E-03
  3.694E-03  2.645E-03  3.388E-03  5.562E-03  3.078E-03  2.284E-03  2.089E-03  0.000E+00  0.000E+00  1.545E-03
  1.488E-03  8.979E-03  1.631E-03  2.618E-04  3.226E-03  2.829E-03  1.106E-03  5.141E-03  2.069E-03  2.647E-03
  9.257E-03  4.581E-03  1.657E-03  1.657E-03  3.474E-03  4.042E-03  3.851E-03  1.865E-03  6.711E-03  6.240E-03
  6.077E-03  0.000E+00  0.000E+00  0.000E+00  0.000E+00  0.000E+00  0.000E+00  0.000E+00  0.000E+00  0.000E+00
  0.000E+00  0.000E+00  0.000E+00  0.000E+00  0.000E+00  0.000E+00  0.000E+00  0.000E+00  0.000E+00  0.000E+00
  0.000E+00  0.000E+00  0.000E+00  0.000E+00  0.000E+00  0.000E+00  0.000E+00  0.000E+00  7.065E-03  0.000E+00
  0.000E+00  0.000E+00  0.000E+00  0.000E+00  0.000E+00  0.000E+00  0.000E+00  0.000E+00  0.000E+00  0.000E+00
  0.000E+00  0.000E+00  0.000E+00  0.000E+00  0.000E+00  0.000E+00  1.733E-03  1.824E-03  4.731E-03  1.965E-04
  1.628E-03  3.070E-03  3.890E-03  5.405E-03  3.916E-03  2.222E-03  1.349E-03  4.459E-03  5.666E-03  3.754E-03
  3.328E-03  2.554E-03  7.486E-03  4.315E-03  3.655E-03  1.798E-03  7.858E-04  2.601E-03  3.967E-03  2.254E-03
  3.313E-03  4.956E-04  4.065E-03  8.613E-04  3.270E-03  1.452E-03  1.753E-03  1.961E-03  2.681E-03  7.147E-03
  8.804E-03  8.780E-03  4.251E-03  4.321E-03  6.818E-03  6.812E-03  5.283E-03  3.224E-03  3.236E-03  2.521E-03
  1.657E-03  3.495E-03  1.097E-02  6.693E-03  6.723E-03  7.861E-03  4.851E-03  6.085E-03  3.121E-03  4.272E-03
  3.631E-03  7.085E-03  3.304E-03  1.793E-03  4.662E-03  4.751E-03  2.569E-03  2.825E-03  2.096E-03  3.542E-03
  0.000E+00  0.000E+00  0.000E+00  0.000E+00  0.000E+00  0.000E+00  0.000E+00  0.000E+00  0.000E+00  0.000E+00
  0.000E+00  0.000E+00  0.000E+00  0.000E+00  0.000E+00  0.000E+00  0.000E+00  0.000E+00  0.000E+00  0.000E+00
  0.000E+00  0.000E+00  0.000E+00  0.000E+00  0.000E+00  0.000E+00  0.000E+00  0.000E+00  5.069E-03  0.000E+00
  0.000E+00  2.910E-03  0.000E+00  0.000E+00  0.000E+00  0.000E+00  0.000E+00  0.000E+00  0.000E+00  0.000E+00
  0.000E+00  0.000E+00  0.000E+00  0.000E+00  8.417E-04  1.618E-03  3.353E-03  7.827E-03  1.859E-03  1.613E-03
  4.652E-04  2.342E-04  2.142E-03  6.395E-03  1.252E-03  1.511E-03  3.896E-03  4.645E-03  2.863E-03  4.190E-03
  5.894E-03  7.648E-03  6.627E-03  4.874E-03  7.210E-03  6.292E-03  1.657E-03  1.657E-03  4.634E-03  3.838E-03
  1.958E-03  3.329E-03  5.766E-03  6.825E-03  4.592E-03  6.388E-03  2.708E-03  5.163E-03  4.714E-03  6.651E-03
  4.572E-03  7.025E-03  7.225E-03  1.149E-02  5.215E-03  2.616E-03  5.190E-03  1.095E-02  4.102E-03  1.793E-03
  2.659E-03  2.765E-03  6.336E-03  1.252E-02  5.287E-03  1.115E-03  0.000E+00  2.634E-03  2.872E-03  0.000E+00
  1.838E-03  0.000E+00  5.834E-03  2.652E-03  1.450E-03  2.472E-03  3.781E-03  7.873E-04  0.000E+00  1.436E-04
  0.000E+00  0.000E+00  0.000E+00  0.000E+00  0.000E+00  0.000E+00  0.000E+00  0.000E+00  0.000E+00  0.000E+00
  0.000E+00  0.000E+00  0.000E+00  0.000E+00  0.000E+00  0.000E+00  0.000E+00  0.000E+00  0.000E+00  0.000E+00
  0.000E+00  0.000E+00  0.000E+00  0.000E+00  0.000E+00  0.000E+00  0.000E+00  0.000E+00  4.990E-03  0.000E+00
  0.000E+00  0.000E+00  0.000E+00  0.000E+00  0.000E+00  0.000E+00  0.000E+00  0.000E+00  0.000E+00  0.000E+00
  0.000E+00  0.000E+00  0.000E+00  0.000E+00  0.000E+00  0.000E+00  1.653E-03  1.867E-03  0.000E+00  1.089E-03
  2.805E-03  5.400E-03  5.833E-03  5.486E-03  4.243E-03  6.616E-03  8.558E-03  8.316E-03  7.401E-03  6.356E-03
  4.957E-03  7.041E-03  5.416E-03  9.217E-03  5.650E-03  7.939E-03  9.124E-03  8.530E-03  6.194E-03  6.670E-03
  5.093E-03  3.406E-03  6.607E-03  4.704E-03  6.003E-03  1.055E-02  4.969E-03  1.672E-03  6.274E-04  3.512E-03
  9.512E-04  1.723E-03  2.846E-03  4.861E-03  3.986E-03  3.912E-03  3.702E-03  1.894E-03  6.640E-03  2.145E-03
  4.927E-03  4.697E-03  2.108E-03  4.079E-03  5.546E-03  1.151E-03  1.883E-03  4.517E-03  1.989E-03  1.883E-03
  3.721E-03  6.231E-04  3.065E-03  6.766E-03  2.393E-03  2.672E-03  6.961E-04  1.266E-03  0.000E+00  8.908E-04
  0.000E+00  0.000E+00  0.000E+00  0.000E+00  5.889E-03  0.000E+00  0.000E+00  0.000E+00  0.000E+00  0.000E+00
  0.000E+00  0.000E+00  0.000E+00  0.000E+00  0.000E+00  0.000E+00  0.000E+00  0.000E+00  0.000E+00  0.000E+00
  0.000E+00  0.000E+00  0.000E+00  0.000E+00  0.000E+00  0.000E+00  0.000E+00  0.000E+00  5.084E-03  0.000E+00
  0.000E+00  0.000E+00  0.000E+00  0.000E+00  0.000E+00  0.000E+00  0.000E+00  0.000E+00  0.000E+00  0.000E+00
  0.000E+00  0.000E+00  0.000E+00  0.000E+00  0.000E+00  0.000E+00  8.921E-04  8.922E-04  2.986E-03  4.254E-03
  4.744E-03  2.466E-03  2.636E-03  0.000E+00  2.257E-03  3.166E-03  5.834E-03  2.685E-03  1.984E-03  9.985E-04
  2.807E-03  9.519E-03  4.522E-03  2.191E-03  1.435E-03  3.804E-03  3.872E-03  2.457E-03  2.729E-03  3.016E-03
  7.305E-03  5.311E-03  8.701E-03  5.142E-03  6.527E-03  1.122E-02  4.029E-03  2.716E-03  4.600E-03  3.447E-03
  6.118E-03  8.224E-03  4.278E-03  5.735E-03  4.111E-03  3.295E-03  4.154E-03  4.858E-03  6.462E-03  9.701E-03
  6.448E-03  4.091E-03  5.978E-03  4.490E-03  4.363E-03  5.050E-03  1.613E-03  4.247E-03  1.613E-03  1.613E-03
  3.356E-03  4.282E-03  3.702E-03  4.694E-03  6.479E-03  2.830E-03  3.071E-03  3.756E-03  1.764E-03  8.735E-04
  0.000E+00  0.000E+00  0.000E+00  0.000E+00  7.285E-03  0.000E+00  0.000E+00  0.000E+00  0.000E+00  0.000E+00
  0.000E+00  0.000E+00  0.000E+00  0.000E+00  0.000E+00  0.000E+00  0.000E+00  0.000E+00  0.000E+00  0.000E+00
  0.000E+00  0.000E+00  0.000E+00  0.000E+00  0.000E+00  0.000E+00  0.000E+00  0.000E+00  5.241E-03  0.000E+00
  0.000E+00  0.000E+00  0.000E+00  0.000E+00  0.000E+00  0.000E+00  0.000E+00  0.000E+00  0.000E+00  0.000E+00
  0.000E+00  0.000E+00  0.000E+00  0.000E+00  0.000E+00  0.000E+00  0.000E+00  1.850E-03  3.390E-03  1.395E-02
  2.411E-03  4.427E-03  5.508E-03  4.592E-03  2.334E-03  6.750E-04  1.128E-03  2.028E-03  6.283E-03  9.093E-03
  1.017E-02  1.827E-03  3.385E-03  5.121E-03  5.192E-03  1.809E-03  9.821E-04  4.066E-03  1.403E-03  8.519E-04
  1.743E-03  7.037E-03  2.572E-03  4.715E-03  3.734E-03  4.749E-03  5.987E-03  5.143E-03  9.185E-03  8.605E-03
  6.426E-03  7.315E-03  5.630E-03  6.775E-03  6.494E-03  6.866E-03  3.263E-03  4.749E-03  5.240E-03  8.614E-03
  6.686E-03  3.042E-03  1.456E-03  1.551E-03  4.969E-03  2.829E-03  3.608E-03  5.655E-04  0.000E+00  2.139E-03
  5.946E-03  2.603E-03  1.613E-03  1.613E-03  4.485E-03  7.623E-03  5.256E-03  4.275E-03  6.910E-03  5.153E-03
  0.000E+00  0.000E+00  0.000E+00  0.000E+00  0.000E+00  0.000E+00  0.000E+00  0.000E+00  0.000E+00  0.000E+00
  0.000E+00  0.000E+00  0.000E+00  0.000E+00  0.000E+00  0.000E+00  0.000E+00  0.000E+00  0.000E+00  0.000E+00
  0.000E+00  0.000E+00  0.000E+00  0.000E+00  0.000E+00  0.000E+00  0.000E+00  0.000E+00  4.947E-03  0.000E+00
  0.000E+00  0.000E+00  0.000E+00  0.000E+00  0.000E+00  0.000E+00  0.000E+00  0.000E+00  0.000E+00  0.000E+00
  0.000E+00  0.000E+00  0.000E+00  0.000E+00  0.000E+00  0.000E+00  0.000E+00  9.075E-04  8.373E-04  2.631E-03
  3.813E-03  5.076E-03  7.166E-03  4.056E-03  8.083E-04  2.273E-03  9.481E-04  4.693E-03  2.054E-03  1.910E-03
  6.918E-03  8.196E-04  3.434E-03  6.531E-03  1.317E-03  1.559E-03  1.798E-03  1.778E-03  2.641E-03  1.932E-03
  2.525E-03  1.643E-03  5.015E-03  8.044E-03  4.061E-03  4.273E-03  7.661E-03  3.349E-03  2.843E-03  4.454E-03
  0.000E+00  2.160E-03  6.610E-03  7.132E-03  5.126E-03  7.295E-03  1.017E-02  6.193E-03  4.102E-03  8.611E-03
  6.519E-03  8.468E-03  5.216E-03  5.421E-03  3.323E-03  1.820E-03  4.311E-03  9.901E-03  6.560E-03  3.527E-03
  4.755E-03  3.524E-04  1.002E-03  1.764E-03  3.614E-02  2.104E-03  5.098E-03  8.674E-04  1.679E-03  2.840E-04
  0.000E+00  0.000E+00  0.000E+00  0.000E+00  0.000E+00  0.000E+00  0.000E+00  0.000E+00  0.000E+00  0.000E+00
  0.000E+00  0.000E+00  0.000E+00  0.000E+00  0.000E+00  0.000E+00  0.000E+00  0.000E+00  0.000E+00  0.000E+00
  0.000E+00  0.000E+00  0.000E+00  0.000E+00  0.000E+00  0.000E+00  2.206E-03  2.675E-03  4.947E-03  0.000E+00
  0.000E+00  0.000E+00  0.000E+00  0.000E+00  0.000E+00  0.000E+00  0.000E+00  0.000E+00  0.000E+00  0.000E+00
  0.000E+00  0.000E+00  0.000E+00  0.000E+00  0.000E+00  0.000E+00  0.000E+00  0.000E+00  1.680E-03  2.944E-03
  2.204E-03  4.427E-03  2.048E-03  1.248E-04  3.913E-03  9.333E-03  1.852E-03  0.000E+00  0.000E+00  3.565E-03
  2.991E-03  7.190E-03  2.750E-03  1.920E-03  1.302E-03  1.212E-03  0.000E+00  4.175E-05  2.556E-03  3.174E-03
  3.614E-03  1.932E-03  9.319E-03  9.335E-03  2.172E-03  1.751E-03  5.927E-03  2.708E-03  6.983E-03  3.668E-03
  2.343E-03  1.008E-03  5.727E-03  5.483E-03  2.096E-03  0.000E+00  0.000E+00  3.554E-03  8.634E-03  8.205E-04
  4.184E-03  7.330E-03  6.344E-03  6.377E-03  3.771E-03  1.015E-02  9.490E-03  6.654E-03  3.864E-03  1.983E-03
  4.062E-03  3.065E-03  2.415E-03  1.383E-02  3.647E-03  3.201E-03  3.113E-03  7.265E-03  1.653E-03  3.399E-03
  0.000E+00  0.000E+00  0.000E+00  0.000E+00  0.000E+00  0.000E+00  0.000E+00  0.000E+00  0.000E+00  0.000E+00
  0.000E+00  0.000E+00  0.000E+00  0.000E+00  0.000E+00  0.000E+00  0.000E+00  0.000E+00  0.000E+00  0.000E+00
  0.000E+00  0.000E+00  0.000E+00  0.000E+00  0.000E+00  0.000E+00  2.722E-03  3.108E-03  5.011E-03  0.000E+00
  0.000E+00  0.000E+00  0.000E+00  0.000E+00  0.000E+00  0.000E+00  0.000E+00  0.000E+00  0.000E+00  0.000E+00
  0.000E+00  0.000E+00  0.000E+00  0.000E+00  0.000E+00  0.000E+00  0.000E+00  0.000E+00  4.847E-03  8.790E-03
  5.411E-04  1.842E-03  8.583E-04  4.183E-03  3.431E-03  3.076E-03  4.124E-03  2.611E-03  2.979E-03  7.567E-03
  1.156E-03  2.188E-03  5.533E-03  5.589E-03  4.363E-04  8.944E-04  1.620E-03  0.000E+00  0.000E+00  4.959E-03
  3.781E-03  5.692E-03  4.618E-03  1.069E-02  5.378E-03  8.303E-04  3.670E-03  1.024E-03  6.769E-03  4.314E-03
  3.229E-03  7.524E-03  8.831E-03  0.000E+00  2.133E-03  2.265E-04  1.411E-04  2.051E-03  1.838E-03  2.675E-03
  2.581E-03  4.064E-04  4.017E-03  1.110E-02  1.007E-02  7.348E-03  4.563E-03  2.791E-03  7.350E-03  6.468E-03
  3.603E-03  1.628E-03  1.628E-03  1.628E-03  1.628E-03  7.743E-04  2.315E-03  2.378E-03  3.926E-03  0.000E+00
  0.000E+00  0.000E+00  0.000E+00  0.000E+00  0.000E+00  0.000E+00  0.000E+00  0.000E+00  0.000E+00  0.000E+00
  0.000E+00  0.000E+00  0.000E+00  0.000E+00  0.000E+00  0.000E+00  0.000E+00  0.000E+00  0.000E+00  0.000E+00
  0.000E+00  0.000E+00  0.000E+00  0.000E+00  0.000E+00  0.000E+00  0.000E+00  4.737E-04  2.271E-03  1.725E-02
  0.000E+00  0.000E+00  0.000E+00  0.000E+00  0.000E+00  0.000E+00  0.000E+00  0.000E+00  0.000E+00  0.000E+00
  0.000E+00  0.000E+00  0.000E+00  0.000E+00  0.000E+00  0.000E+00  0.000E+00  7.342E-04  9.566E-03  3.350E-03
  2.569E-03  2.077E-03  1.277E-03  0.000E+00  4.786E-03  1.850E-03  1.612E-03  4.968E-03  9.273E-03  5.827E-03
  4.988E-03  1.519E-03  0.000E+00  2.549E-03  3.475E-03  2.857E-03  2.380E-03  5.528E-03  4.936E-03  4.039E-03
  4.680E-03  1.819E-03  1.085E-03  4.825E-03  4.631E-03  7.244E-03  4.838E-03  3.228E-03  5.518E-03  2.564E-03
  5.817E-03  2.352E-03  5.671E-03  4.207E-03  3.018E-03  2.488E-03  2.274E-03  1.290E-03  5.475E-04  1.889E-03
  3.308E-04  4.713E-03  8.599E-03  4.666E-03  5.958E-03  4.253E-03  5.180E-03  4.769E-03  2.463E-03  5.040E-03
  7.786E-03  2.668E-04  0.000E+00  0.000E+00  0.000E+00  8.537E-04  1.917E-03  5.980E-03  5.674E-03  2.636E-03
  0.000E+00  0.000E+00  0.000E+00  0.000E+00  0.000E+00  8.350E-04  7.214E-05  0.000E+00  0.000E+00  0.000E+00
  0.000E+00  0.000E+00  0.000E+00  0.000E+00  0.000E+00  0.000E+00  0.000E+00  0.000E+00  0.000E+00  0.000E+00
  0.000E+00  0.000E+00  0.000E+00  0.000E+00  0.000E+00  0.000E+00  0.000E+00  0.000E+00  1.951E-03  0.000E+00
  0.000E+00  0.000E+00  0.000E+00  0.000E+00  0.000E+00  0.000E+00  0.000E+00  0.000E+00  0.000E+00  0.000E+00
  0.000E+00  0.000E+00  0.000E+00  0.000E+00  0.000E+00  0.000E+00  3.362E-03  2.207E-03  5.132E-03  1.591E-02
  6.453E-03  0.000E+00  0.000E+00  0.000E+00  5.228E-03  2.789E-03  4.401E-03  4.206E-03  6.115E-03  4.493E-03
  5.502E-03  3.989E-03  1.893E-03  2.979E-03  2.919E-03  3.138E-03  2.166E-03  9.845E-04  4.168E-03  1.267E-03
  2.059E-03  5.824E-03  1.953E-03  4.390E-03  2.492E-03  1.407E-03  4.860E-03  1.200E-02  4.662E-03  4.258E-03
  5.560E-04  0.000E+00  2.936E-03  3.329E-03  2.853E-03  6.001E-03  4.469E-03  3.489E-03  2.320E-04  6.620E-03
  6.695E-03  1.982E-03  2.044E-03  3.932E-03  4.519E-03  4.308E-03  6.525E-03  2.291E-03  2.960E-04  0.000E+00
  3.547E-03  5.477E-03  3.536E-03  2.542E-03  1.368E-03  1.636E-03  2.208E-03  1.228E-03  1.530E-03  9.604E-04
  0.000E+00  0.000E+00  0.000E+00  0.000E+00  0.000E+00  2.804E-03  3.220E-03  0.000E+00  0.000E+00  0.000E+00
  0.000E+00  0.000E+00  0.000E+00  0.000E+00  0.000E+00  0.000E+00  0.000E+00  0.000E+00  0.000E+00  0.000E+00
  0.000E+00  0.000E+00  0.000E+00  0.000E+00  0.000E+00  0.000E+00  0.000E+00  0.000E+00  9.552E-04  1.051E-03
  0.000E+00  0.000E+00  0.000E+00  0.000E+00  0.000E+00  0.000E+00  0.000E+00  0.000E+00  0.000E+00  0.000E+00
  0.000E+00  0.000E+00  0.000E+00  0.000E+00  0.000E+00  0.000E+00  1.761E-02  5.776E-03  5.816E-03  2.816E-03
  2.812E-03  4.309E-03  1.692E-03  2.710E-03  4.789E-03  2.733E-03  3.707E-03  6.138E-03  2.765E-03  0.000E+00
  0.000E+00  2.660E-03  4.093E-03  6.954E-05  1.920E-03  0.000E+00  1.936E-03  3.255E-03  3.090E-03  3.575E-03
  1.652E-03  1.750E-03  1.301E-03  2.437E-03  2.970E-03  3.071E-03  5.562E-03  1.409E-02  6.437E-03  3.818E-03
  5.667E-03  4.163E-03  2.433E-03  1.723E-03  2.188E-03  3.303E-03  4.932E-03  8.110E-03  1.078E-02  3.928E-03
  1.829E-03  2.535E-03  5.722E-03  2.605E-05  9.643E-05  4.919E-03  3.266E-03  3.446E-03  2.911E-03  9.622E-04
  1.838E-03  1.914E-03  2.002E-03  2.476E-03  6.158E-03  5.250E-03  1.672E-03  2.423E-04  2.225E-03  8.998E-05
  0.000E+00  0.000E+00  0.000E+00  0.000E+00  0.000E+00  0.000E+00  0.000E+00  0.000E+00  0.000E+00  0.000E+00
  0.000E+00  0.000E+00  0.000E+00  0.000E+00  0.000E+00  0.000E+00  0.000E+00  0.000E+00  0.000E+00  0.000E+00
  0.000E+00  0.000E+00  0.000E+00  0.000E+00  0.000E+00  0.000E+00  0.000E+00  0.000E+00  0.000E+00  1.691E-03
  3.151E-04  0.000E+00  0.000E+00  0.000E+00  0.000E+00  0.000E+00  0.000E+00  0.000E+00  0.000E+00  0.000E+00
  0.000E+00  0.000E+00  0.000E+00  0.000E+00  0.000E+00  0.000E+00  1.449E-03  3.604E-04  0.000E+00  0.000E+00
  2.288E-03  6.993E-03  3.224E-03  6.650E-03  4.322E-03  2.348E-03  1.704E-03  2.067E-03  4.543E-04  2.106E-03
  4.997E-04  0.000E+00  6.629E-04  4.393E-03  3.687E-03  0.000E+00  4.779E-04  3.474E-03  3.013E-03  1.740E-03
  4.577E-03  1.145E-03  1.569E-03  2.368E-03  6.343E-04  2.313E-03  5.815E-04  1.171E-02  4.715E-03  5.248E-03
  2.325E-03  1.504E-03  6.878E-03  8.732E-03  8.448E-03  2.297E-03  5.593E-03  6.446E-03  1.084E-02  5.527E-03
  5.136E-03  4.820E-03  2.312E-03  1.468E-03  4.427E-03  1.123E-03  1.557E-03  5.131E-03  7.977E-04  3.408E-03
  5.487E-03  1.976E-03  6.108E-03  4.305E-03  0.000E+00  3.239E-04  1.389E-03  0.000E+00  0.000E+00  2.315E-03
  3.566E-04  2.036E-03  6.840E-04  0.000E+00  0.000E+00  0.000E+00  0.000E+00  0.000E+00  0.000E+00  0.000E+00
  0.000E+00  0.000E+00  0.000E+00  0.000E+00  0.000E+00  0.000E+00  0.000E+00  0.000E+00  0.000E+00  0.000E+00
  0.000E+00  0.000E+00  0.000E+00  0.000E+00  0.000E+00  0.000E+00  0.000E+00  0.000E+00  0.000E+00  0.000E+00
  2.006E-03  0.000E+00  0.000E+00  0.000E+00  0.000E+00  0.000E+00  0.000E+00  0.000E+00  0.000E+00  0.000E+00
  0.000E+00  0.000E+00  0.000E+00  0.000E+00  0.000E+00  0.000E+00  0.000E+00  0.000E+00  1.772E-03  1.966E-03
  2.336E-04  3.772E-03  1.299E-02  9.430E-03  0.000E+00  1.568E-04  2.048E-03  1.566E-03  0.000E+00  0.000E+00
  1.606E-03  1.454E-03  0.000E+00  2.931E-04  4.909E-03  2.149E-03  3.571E-03  2.164E-03  1.060E-03  2.642E-03
  1.296E-03  2.882E-03  2.203E-03  2.134E-03  2.437E-03  6.061E-04  6.599E-03  4.602E-03  3.870E-03  0.000E+00
  2.922E-03  4.418E-03  4.139E-03  5.076E-03  6.812E-03  5.622E-03  6.215E-03  5.576E-03  8.933E-04  6.316E-03
  4.003E-03  5.526E-03  4.518E-03  6.856E-03  3.801E-03  5.455E-03  3.835E-03  5.293E-03  8.712E-03  3.293E-03
  7.405E-03  5.442E-03  2.607E-04  1.547E-03  0.000E+00  0.000E+00  0.000E+00  0.000E+00  0.000E+00  9.074E-04
  0.000E+00  0.000E+00  1.352E-03  1.793E-03  0.000E+00  0.000E+00  0.000E+00  0.000E+00  0.000E+00  0.000E+00
  0.000E+00  0.000E+00  0.000E+00  0.000E+00  0.000E+00  0.000E+00  0.000E+00  0.000E+00  0.000E+00  0.000E+00
  0.000E+00  0.000E+00  0.000E+00  0.000E+00  0.000E+00  0.000E+00  0.000E+00  0.000E+00  0.000E+00  0.000E+00
  4.205E-04  1.585E-03  0.000E+00  0.000E+00  0.000E+00  0.000E+00  0.000E+00  0.000E+00  0.000E+00  0.000E+00
  0.000E+00  0.000E+00  0.000E+00  0.000E+00  0.000E+00  0.000E+00  1.812E-03  1.966E-03  1.936E-04  2.283E-03
  9.645E-03  6.850E-03  4.425E-03  1.027E-02  1.686E-03  3.573E-03  3.569E-03  3.813E-03  1.686E-03  1.686E-03
  1.686E-03  2.338E-03  3.792E-03  1.987E-03  3.606E-03  5.753E-03  5.697E-03  3.758E-03  2.701E-03  4.141E-03
  3.683E-03  1.686E-03  3.509E-03  6.843E-03  8.543E-03  6.167E-03  9.779E-03  6.778E-03  6.345E-03  3.601E-03
  1.686E-03  5.818E-03  8.097E-03  4.579E-03  9.077E-03  7.156E-03  5.766E-03  6.570E-03  5.737E-03  2.460E-03
  4.532E-03  6.865E-03  5.774E-03  3.484E-03  3.305E-03  1.527E-03  2.223E-03  0.000E+00  3.773E-03  6.035E-03
  2.840E-03  2.512E-03  5.680E-03  2.877E-03  1.096E-03  0.000E+00  0.000E+00  0.000E+00  0.000E+00  0.000E+00
  0.000E+00  0.000E+00  0.000E+00  2.433E-04  2.036E-03  8.658E-04  0.000E+00  0.000E+00  0.000E+00  0.000E+00
  0.000E+00  0.000E+00  0.000E+00  0.000E+00  0.000E+00  0.000E+00  0.000E+00  0.000E+00  0.000E+00  0.000E+00
  0.000E+00  0.000E+00  0.000E+00  0.000E+00  0.000E+00  0.000E+00  0.000E+00  0.000E+00  0.000E+00  0.000E+00
  0.000E+00  1.156E-03  8.498E-04  0.000E+00  0.000E+00  0.000E+00  0.000E+00  0.000E+00  0.000E+00  0.000E+00
  0.000E+00  0.000E+00  0.000E+00  0.000E+00  1.204E-03  2.105E-03  1.536E-04  0.000E+00  0.000E+00  0.000E+00
  0.000E+00  1.664E-03  6.070E-03  2.321E-03  4.116E-03  1.390E-03  1.883E-03  4.352E-03  0.000E+00  0.000E+00
  0.000E+00  1.014E-03  0.000E+00  1.804E-03  3.558E-03  3.806E-03  2.392E-03  1.846E-03  2.307E-03  2.656E-03
  8.247E-04  2.182E-03  2.525E-04  2.209E-04  9.428E-03  4.698E-03  1.598E-03  4.276E-03  5.746E-03  5.968E-03
  8.019E-03  1.092E-02  6.229E-03  7.937E-03  7.886E-03  2.295E-03  3.317E-03  2.265E-03  3.844E-03  7.131E-03
  9.806E-03  8.644E-03  3.793E-03  2.624E-03  1.786E-04  1.762E-03  4.124E-03  3.260E-03  1.758E-03  1.934E-03
  5.262E-03  6.983E-04  0.000E+00  1.450E-03  1.617E-03  0.000E+00  0.000E+00  0.000E+00  0.000E+00  0.000E+00

#------------------------------------------------------------------------------
# gshow
#------------------------------------------------------------------------------

p: legs[c5*0.875]

hb:   line clip z  
frame:
 -9.9999731E+02 -1.1999944E+03
  1.2000027E+03 -1.1999944E+03
  1.2000027E+03  1.2000056E+03
 -9.9999731E+02  1.2000056E+03
clip:
 -1.01981710E+03 -1.21982908E+03
 -8.72935858E+02 -1.21982908E+03
 -8.75472585E+02 -1.21800975E+03
 -8.77294581E+02 -1.21669808E+03
 -8.88882130E+02 -1.20825848E+03
 -8.97654942E+02 -1.20175522E+03
 -9.00668275E+02 -1.19949850E+03
 -9.10533224E+02 -1.19202737E+03
 -9.18015302E+02 -1.18627480E+03
 -9.27126209E+02 -1.17916792E+03
 -9.33404720E+02 -1.17420425E+03
 -9.38375662E+02 -1.17023550E+03
 -9.52415879E+02 -1.15883735E+03
 -9.55877855E+02 -1.15598336E+03
 -9.58736023E+02 -1.15361399E+03
 -9.76628047E+02 -1.13850677E+03
 -9.77955048E+02 -1.13736710E+03
 -9.79096383E+02 -1.13638474E+03
 -9.96263050E+02 -1.12136521E+03
 -9.99456743E+02 -1.11851965E+03
 -9.99840993E+02 -1.11817619E+03
 -1.01033261E+03 -1.10870556E+03
 -1.01981710E+03 -1.09998776E+03
 -1.01981710E+03 -1.11817619E+03
 -1.01981710E+03 -1.13850677E+03
 -1.01981710E+03 -1.15883735E+03
 -1.01981710E+03 -1.17916792E+03
 -1.01981710E+03 -1.19949850E+03
 -1.01981710E+03 -1.21982908E+03

hb:   line clip z  
frame:
 -9.9999731E+02 -1.1999944E+03
  1.2000027E+03 -1.1999944E+03
  1.2000027E+03  1.2000056E+03
 -9.9999731E+02  1.2000056E+03
clip:
 -8.56934221E+02 -1.21982908E+03
 -5.00000000E+02 -1.21982908E+03
 -5.00000000E+02 -1.20903680E+03
 -5.00000000E+02 -1.19949850E+03
 -5.00000000E+02 -1.18870622E+03
 -5.00000000E+02 -1.17916792E+03
 -5.00000000E+02 -1.16837564E+03
 -5.00000000E+02 -1.15883735E+03
 -5.00000000E+02 -1.14804506E+03
 -5.00000000E+02 -1.13850677E+03
 -5.00000000E+02 -1.12771448E+03
 -5.00000000E+02 -1.11817619E+03
 -5.00000000E+02 -1.10738390E+03
 -5.00000000E+02 -1.09784561E+03
 -5.00000000E+02 -1.08705332E+03
 -5.00000000E+02 -1.07751503E+03
 -5.00000000E+02 -1.06672275E+03
 -5.00000000E+02 -1.05718445E+03
 -5.00000000E+02 -1.04639217E+03
 -5.00000000E+02 -1.03685387E+03
 -5.00000000E+02 -1.02606159E+03
 -5.00000000E+02 -1.01652330E+03
 -5.00000000E+02 -1.00573101E+03
 -5.00000000E+02 -9.96192717E+02
 -5.00000000E+02 -9.85400432E+02
 -5.00000000E+02 -9.75862139E+02
 -5.00000000E+02 -9.65069854E+02
 -5.00000000E+02 -9.55531560E+02
 -5.00000000E+02 -9.44739275E+02
 -5.00000000E+02 -9.35200982E+02
 -5.00000000E+02 -9.24408697E+02
 -5.00000000E+02 -9.14870403E+02
 -5.00000000E+02 -9.04078118E+02
 -5.00000000E+02 -8.94539825E+02
 -5.00000000E+02 -8.83747540E+02
 -5.00000000E+02 -8.74209246E+02
 -5.00000000E+02 -8.63416961E+02
 -5.00000000E+02 -8.53878668E+02
 -5.00000000E+02 -8.43086383E+02
 -5.00000000E+02 -8.33548089E+02
 -5.00000000E+02 -8.22755804E+02
 -5.00000000E+02 -8.13217511E+02
 -5.00000000E+02 -8.02425226E+02
 -5.00000000E+02 -7.92886932E+02
 -5.00000000E+02 -7.82094647E+02
 -5.00000000E+02 -7.72556354E+02
 -5.00000000E+02 -7.61764068E+02
 -5.00000000E+02 -7.52225775E+02
 -5.00000000E+02 -7.41433490E+02
 -5.00000000E+02 -7.31895197E+02
 -5.00000000E+02 -7.21102911E+02
 -5.00000000E+02 -7.11564618E+02
 -5.00000000E+02 -7.00772333E+02
 -5.00000000E+02 -6.91234040E+02
 -5.00000000E+02 -6.80441754E+02
 -5.00000000E+02 -6.70903461E+02
 -5.00000000E+02 -6.60111176E+02
 -5.00000000E+02 -6.50572883E+02
 -5.00000000E+02 -6.39780597E+02
 -5.00000000E+02 -6.30242304E+02
 -5.00000000E+02 -6.19450019E+02
 -5.00000000E+02 -6.09911726E+02
 -5.00000000E+02 -5.99119440E+02
 -5.00000000E+02 -5.89581147E+02
 -5.00000000E+02 -5.78788862E+02
 -5.00000000E+02 -5.69250569E+02
 -5.00000000E+02 -5.58458283E+02
 -5.00000000E+02 -5.48919990E+02
 -5.00000000E+02 -5.38127705E+02
 -5.00000000E+02 -5.28589412E+02
 -5.00000000E+02 -5.17797126E+02
 -5.00000000E+02 -5.08258833E+02
 -5.00000000E+02 -4.97466548E+02
 -5.00000000E+02 -4.87928255E+02
 -5.00000000E+02 -4.77135969E+02
 -5.00000000E+02 -4.67597676E+02
 -5.00000000E+02 -4.56805391E+02
 -5.00000000E+02 -4.47267098E+02
 -5.00000000E+02 -4.36474812E+02
 -5.00000000E+02 -4.26936519E+02
 -5.00000000E+02 -4.16144234E+02
 -5.00000000E+02 -4.06605941E+02
 -5.04192477E+02 -4.00000000E+02
 -5.10808095E+02 -4.00000000E+02
 -5.17423712E+02 -4.00000000E+02
 -5.31168455E+02 -4.00000000E+02
 -5.37784073E+02 -4.00000000E+02
 -5.51528815E+02 -4.00000000E+02
 -5.58144433E+02 -4.00000000E+02
 -5.71889176E+02 -4.00000000E+02
 -5.78504793E+02 -4.00000000E+02
 -5.92249536E+02 -4.00000000E+02
 -5.98865154E+02 -4.00000000E+02
 -6.12609897E+02 -4.00000000E+02
 -6.19225514E+02 -4.00000000E+02
 -6.32970257E+02 -4.00000000E+02
 -6.39585874E+02 -4.00000000E+02
 -6.44000000E+02 -3.86275362E+02
 -6.44000000E+02 -3.76958393E+02
 -6.44000000E+02 -3.65944784E+02
 -6.44000000E+02 -3.56627815E+02
 -6.44000000E+02 -3.45614205E+02
 -6.44000000E+02 -3.36297236E+02
 -6.44000000E+02 -3.25283627E+02
 -6.44000000E+02 -3.15966658E+02
 -6.44000000E+02 -3.04953048E+02
 -6.44000000E+02 -2.95636079E+02
 -6.44000000E+02 -2.84622470E+02
 -6.44000000E+02 -2.75305500E+02
 -6.44000000E+02 -2.64291891E+02
 -6.44000000E+02 -2.54974922E+02
 -6.44000000E+02 -2.43961313E+02
 -6.44000000E+02 -2.34644343E+02
 -6.44000000E+02 -2.23630734E+02
 -6.44000000E+02 -2.14313765E+02
 -6.44000000E+02 -2.03300155E+02
 -6.44000000E+02 -1.93983186E+02
 -6.44000000E+02 -1.82969577E+02
 -6.44000000E+02 -1.73652608E+02
 -6.44000000E+02 -1.62638998E+02
 -6.44000000E+02 -1.53322029E+02
 -6.44000000E+02 -1.42308420E+02
 -6.44000000E+02 -1.32991451E+02
 -6.44000000E+02 -1.21977841E+02
 -6.44000000E+02 -1.12660872E+02
 -6.44000000E+02 -1.01647263E+02
 -6.44000000E+02 -9.23302939E+01
 -6.44000000E+02 -8.13166844E+01
 -6.44000000E+02 -7.19997154E+01
 -6.44000000E+02 -6.09861059E+01
 -6.44000000E+02 -5.16691369E+01
 -6.44000000E+02 -4.06555274E+01
 -6.44000000E+02 -3.13385583E+01
 -6.44000000E+02 -2.03249489E+01
 -6.44000000E+02 -1.10079798E+01
 -6.44000000E+02  5.62962936E-03
 -6.44000000E+02  9.32259868E+00
 -6.44000000E+02  2.03362081E+01
 -6.44000000E+02  2.96531772E+01
 -6.44000000E+02  4.06667867E+01
 -6.44000000E+02  4.99837557E+01
 -6.44000000E+02  6.09973652E+01
 -6.44000000E+02  7.03143342E+01
 -6.44000000E+02  8.13279437E+01
 -6.44000000E+02  9.06449127E+01
 -6.44000000E+02  1.01658522E+02
 -6.44000000E+02  1.10975491E+02
 -6.44000000E+02  1.21989101E+02
 -6.44000000E+02  1.31306070E+02
 -6.44000000E+02  1.42319679E+02
 -6.44000000E+02  1.51636648E+02
 -6.44000000E+02  1.62650258E+02
 -6.44000000E+02  1.71967227E+02
 -6.44000000E+02  1.82980836E+02
 -6.44000000E+02  1.92297805E+02
 -6.44000000E+02  2.03311415E+02
 -6.44000000E+02  2.12628384E+02
 -6.44000000E+02  2.23641993E+02
 -6.44000000E+02  2.32958962E+02
 -6.44000000E+02  2.43972572E+02
 -6.44000000E+02  2.53289541E+02
 -6.44000000E+02  2.64303150E+02
 -6.44000000E+02  2.73620119E+02
 -6.44000000E+02  2.84633729E+02
 -6.44000000E+02  2.93950698E+02
 -6.44000000E+02  3.04964307E+02
 -6.44000000E+02  3.14281276E+02
 -6.44000000E+02  3.25294886E+02
 -6.44000000E+02  3.34611855E+02
 -6.44000000E+02  3.45625464E+02
 -6.44000000E+02  3.54942433E+02
 -6.44000000E+02  3.65956043E+02
 -6.44000000E+02  3.75273012E+02
 -6.44000000E+02  3.86286621E+02
 -6.32970257E+02  4.00000000E+02
 -5.04181201E+02  4.00000000E+02
 -5.00000000E+02  4.06617200E+02
 -5.00000000E+02  4.17409485E+02
 -5.00000000E+02  4.26947778E+02
 -5.00000000E+02  4.37740064E+02
 -5.00000000E+02  4.47278357E+02
 -5.00000000E+02  4.58070642E+02
 -5.00000000E+02  4.67608935E+02
 -5.00000000E+02  4.78401221E+02
 -5.00000000E+02  4.87939514E+02
 -5.00000000E+02  4.98731799E+02
 -5.00000000E+02  5.08270092E+02
 -5.00000000E+02  5.19062378E+02
 -5.00000000E+02  5.28600671E+02
 -5.00000000E+02  5.39392956E+02
 -5.00000000E+02  5.48931249E+02
 -5.00000000E+02  5.59723535E+02
 -5.00000000E+02  5.69261828E+02
 -5.00000000E+02  5.80054113E+02
 -5.00000000E+02  5.89592406E+02
 -5.00000000E+02  6.00384692E+02
 -5.00000000E+02  6.09922985E+02
 -5.00000000E+02  6.20715270E+02
 -5.00000000E+02  6.30253564E+02
 -5.00000000E+02  6.41045849E+02
 -5.00000000E+02  6.50584142E+02
 -5.00000000E+02  6.61376427E+02
 -5.00000000E+02  6.70914721E+02
 -5.00000000E+02  6.81707006E+02
 -5.00000000E+02  6.91245299E+02
 -5.00000000E+02  7.02037584E+02
 -5.00000000E+02  7.11575878E+02
 -5.00000000E+02  7.22368163E+02
 -5.00000000E+02  7.31906456E+02
 -5.00000000E+02  7.42698741E+02
 -5.00000000E+02  7.52237035E+02
 -5.00000000E+02  7.63029320E+02
 -5.00000000E+02  7.72567613E+02
 -5.00000000E+02  7.83359898E+02
 -5.00000000E+02  7.92898192E+02
 -5.00000000E+02  8.03690477E+02
 -5.00000000E+02  8.13228770E+02
 -5.00000000E+02  8.24021055E+02
 -5.00000000E+02  8.33559349E+02
 -5.00000000E+02  8.44351634E+02
 -5.00000000E+02  8.53889927E+02
 -5.00000000E+02  8.64682213E+02
 -5.00000000E+02  8.74220506E+02
 -5.00000000E+02  8.85012791E+02
 -5.00000000E+02  8.94551084E+02
 -5.00000000E+02  9.05343370E+02
 -5.00000000E+02  9.14881663E+02
 -5.00000000E+02  9.25673948E+02
 -5.00000000E+02  9.35212241E+02
 -5.00000000E+02  9.46004527E+02
 -5.00000000E+02  9.55542820E+02
 -5.00000000E+02  9.66335105E+02
 -5.00000000E+02  9.75873398E+02
 -5.00000000E+02  9.86665684E+02
 -5.00000000E+02  9.96203977E+02
 -5.00000000E+02  1.00699626E+03
 -5.00000000E+02  1.01653456E+03
 -5.00000000E+02  1.02732684E+03
 -5.00000000E+02  1.03686513E+03
 -5.00000000E+02  1.04765742E+03
 -5.00000000E+02  1.05719571E+03
 -5.00000000E+02  1.06798800E+03
 -5.00000000E+02  1.07752629E+03
 -5.00000000E+02  1.08831858E+03
 -5.00000000E+02  1.09785687E+03
 -5.00000000E+02  1.10864915E+03
 -5.00000000E+02  1.11818745E+03
 -5.00000000E+02  1.12897973E+03
 -5.00000000E+02  1.13851803E+03
 -5.00000000E+02  1.14931031E+03
 -5.00000000E+02  1.15884860E+03
 -5.00000000E+02  1.16964089E+03
 -5.00000000E+02  1.17917918E+03
 -5.00000000E+02  1.18997147E+03
 -5.00000000E+02  1.19950976E+03
 -5.00000000E+02  1.21030205E+03
 -5.00000000E+02  1.21984034E+03
 -5.10808095E+02  1.21984034E+03
 -5.31168455E+02  1.21984034E+03
 -5.51528815E+02  1.21984034E+03
 -5.71889176E+02  1.21984034E+03
 -5.92249536E+02  1.21984034E+03
 -6.12609897E+02  1.21984034E+03
 -6.32970257E+02  1.21984034E+03
 -6.53330617E+02  1.21984034E+03
 -6.73690978E+02  1.21984034E+03
 -6.94051338E+02  1.21984034E+03
 -7.14411698E+02  1.21984034E+03
 -7.34772059E+02  1.21984034E+03
 -7.55132419E+02  1.21984034E+03
 -7.75492779E+02  1.21984034E+03
 -7.95853140E+02  1.21984034E+03
 -8.16213500E+02  1.21984034E+03
 -8.36573861E+02  1.21984034E+03
 -8.56934221E+02  1.21984034E+03
 -8.72920125E+02  1.21984034E+03
 -8.77294581E+02  1.21669808E+03
 -8.87253971E+02  1.20945458E+03
 -8.97654942E+02  1.20175522E+03
 -8.98940760E+02  1.20079370E+03
 -9.00653280E+02  1.19950976E+03
 -9.18015302E+02  1.18627480E+03
 -9.22012604E+02  1.18317064E+03
 -9.27111888E+02  1.17917918E+03
 -9.38375662E+02  1.17023550E+03
 -9.44684698E+02  1.16514841E+03
 -9.52402179E+02  1.15884860E+03
 -9.58736023E+02  1.15361399E+03
 -9.66959698E+02  1.14672967E+03
 -9.76614921E+02  1.13851803E+03
 -9.79096383E+02  1.13638474E+03
 -9.88839792E+02  1.12791660E+03
 -9.99456743E+02  1.11851965E+03
 -9.99632307E+02  1.11836275E+03
 -9.99828401E+02  1.11818745E+03
 -1.01981710E+03  1.09998776E+03
 -1.01981710E+03  1.09785687E+03
 -1.01981710E+03  1.07752629E+03
 -1.01981710E+03  1.05719571E+03
 -1.01981710E+03  1.03686513E+03
 -1.01981710E+03  1.01653456E+03
 -1.01981710E+03  9.96203977E+02
 -1.01981710E+03  9.75873398E+02
 -1.01981710E+03  9.55542820E+02
 -1.01981710E+03  9.35212241E+02
 -1.01981710E+03  9.14881663E+02
 -1.01981710E+03  8.94551084E+02
 -1.01981710E+03  8.74220506E+02
 -1.01981710E+03  8.53889927E+02
 -1.01981710E+03  8.33559349E+02
 -1.01981710E+03  8.13228770E+02
 -1.01981710E+03  7.92898192E+02
 -1.01981710E+03  7.72567613E+02
 -1.01981710E+03  7.52237035E+02
 -1.01981710E+03  7.31906456E+02
 -1.01981710E+03  7.11575878E+02
 -1.01981710E+03  6.91245299E+02
 -1.01981710E+03  6.70914721E+02
 -1.01981710E+03  6.50584142E+02
 -1.01981710E+03  6.30253564E+02
 -1.01981710E+03  6.09922985E+02
 -1.01981710E+03  5.89592406E+02
 -1.01981710E+03  5.69261828E+02
 -1.01981710E+03  5.48931249E+02
 -1.01981710E+03  5.28600671E+02
 -1.01981710E+03  5.08270092E+02
 -1.01981710E+03  4.87939514E+02
 -1.01981710E+03  4.67608935E+02
 -1.01981710E+03  4.47278357E+02
 -1.01981710E+03  4.26947778E+02
 -1.01981710E+03  4.06617200E+02
 -1.01981710E+03  3.86286621E+02
 -1.01981710E+03  3.65956043E+02
 -1.01981710E+03  3.45625464E+02
 -1.01981710E+03  3.25294886E+02
 -1.01981710E+03  3.04964307E+02
 -1.01981710E+03  2.84633729E+02
 -1.01981710E+03  2.64303150E+02
 -1.01981710E+03  2.43972572E+02
 -1.01981710E+03  2.23641993E+02
 -1.01981710E+03  2.03311415E+02
 -1.01981710E+03  1.82980836E+02
 -1.01981710E+03  1.62650258E+02
 -1.01981710E+03  1.42319679E+02
 -1.01981710E+03  1.21989101E+02
 -1.01981710E+03  1.01658522E+02
 -1.01981710E+03  8.13279437E+01
 -1.01981710E+03  6.09973652E+01
 -1.01981710E+03  4.06667867E+01
 -1.01981710E+03  2.03362081E+01
 -1.01981710E+03  5.62962936E-03
 -1.01981710E+03 -2.03249489E+01
 -1.01981710E+03 -4.06555274E+01
 -1.01981710E+03 -6.09861059E+01
 -1.01981710E+03 -8.13166844E+01
 -1.01981710E+03 -1.01647263E+02
 -1.01981710E+03 -1.21977841E+02
 -1.01981710E+03 -1.42308420E+02
 -1.01981710E+03 -1.62638998E+02
 -1.01981710E+03 -1.82969577E+02
 -1.01981710E+03 -2.03300155E+02
 -1.01981710E+03 -2.23630734E+02
 -1.01981710E+03 -2.43961313E+02
 -1.01981710E+03 -2.64291891E+02
 -1.01981710E+03 -2.84622470E+02
 -1.01981710E+03 -3.04953048E+02
 -1.01981710E+03 -3.25283627E+02
 -1.01981710E+03 -3.45614205E+02
 -1.01981710E+03 -3.65944784E+02
 -1.01981710E+03 -3.86275362E+02
 -1.01981710E+03 -4.06605941E+02
 -1.01981710E+03 -4.26936519E+02
 -1.01981710E+03 -4.47267098E+02
 -1.01981710E+03 -4.67597676E+02
 -1.01981710E+03 -4.87928255E+02
 -1.01981710E+03 -5.08258833E+02
 -1.01981710E+03 -5.28589412E+02
 -1.01981710E+03 -5.48919990E+02
 -1.01981710E+03 -5.69250569E+02
 -1.01981710E+03 -5.89581147E+02
 -1.01981710E+03 -6.09911726E+02
 -1.01981710E+03 -6.30242304E+02
 -1.01981710E+03 -6.50572883E+02
 -1.01981710E+03 -6.70903461E+02
 -1.01981710E+03 -6.91234040E+02
 -1.01981710E+03 -7.11564618E+02
 -1.01981710E+03 -7.31895197E+02
 -1.01981710E+03 -7.52225775E+02
 -1.01981710E+03 -7.72556354E+02
 -1.01981710E+03 -7.92886932E+02
 -1.01981710E+03 -8.13217511E+02
 -1.01981710E+03 -8.33548089E+02
 -1.01981710E+03 -8.53878668E+02
 -1.01981710E+03 -8.74209246E+02
 -1.01981710E+03 -8.94539825E+02
 -1.01981710E+03 -9.14870403E+02
 -1.01981710E+03 -9.35200982E+02
 -1.01981710E+03 -9.55531560E+02
 -1.01981710E+03 -9.75862139E+02
 -1.01981710E+03 -9.96192717E+02
 -1.01981710E+03 -1.01652330E+03
 -1.01981710E+03 -1.03685387E+03
 -1.01981710E+03 -1.05718445E+03
 -1.01981710E+03 -1.07751503E+03
 -1.01981710E+03 -1.09784561E+03
 -9.99840993E+02 -1.11817619E+03
 -9.76628047E+02 -1.13850677E+03
 -9.44690921E+02 -1.16514337E+03
 -9.18015302E+02 -1.18627480E+03
 -8.88882130E+02 -1.20825848E+03
 -8.72935858E+02 -1.21982908E+03

hb:   line clip z  
frame:
 -9.9999731E+02 -1.1999944E+03
  1.2000027E+03 -1.1999944E+03
  1.2000027E+03  1.2000056E+03
 -9.9999731E+02  1.2000056E+03
clip:
 -4.90447734E+02 -1.21982908E+03
 -3.00000000E+02 -1.21982908E+03
 -3.00000000E+02 -1.21263513E+03
 -3.00000000E+02 -1.19949850E+03
 -3.00000000E+02 -1.19230455E+03
 -3.00000000E+02 -1.17916792E+03
 -3.00000000E+02 -1.17197397E+03
 -3.00000000E+02 -1.15883735E+03
 -3.00000000E+02 -1.15164339E+03
 -3.00000000E+02 -1.13850677E+03
 -3.00000000E+02 -1.13131281E+03
 -3.00000000E+02 -1.11817619E+03
 -3.00000000E+02 -1.11098224E+03
 -3.00000000E+02 -1.09784561E+03
 -3.00000000E+02 -1.09065166E+03
 -3.00000000E+02 -1.07751503E+03
 -3.00000000E+02 -1.07032108E+03
 -3.00000000E+02 -1.05718445E+03
 -3.00000000E+02 -1.04999050E+03
 -3.00000000E+02 -1.03685387E+03
 -3.00000000E+02 -1.02965992E+03
 -3.00000000E+02 -1.01652330E+03
 -3.00000000E+02 -1.00932934E+03
 -3.00000000E+02 -9.96192717E+02
 -3.00000000E+02 -9.88998765E+02
 -3.00000000E+02 -9.75862139E+02
 -3.00000000E+02 -9.68668186E+02
 -3.00000000E+02 -9.55531560E+02
 -3.00000000E+02 -9.48337608E+02
 -3.00000000E+02 -9.35200982E+02
 -3.00000000E+02 -9.28007029E+02
 -3.00000000E+02 -9.14870403E+02
 -3.00000000E+02 -9.07676451E+02
 -3.00000000E+02 -8.94539825E+02
 -3.00000000E+02 -8.87345872E+02
 -3.00000000E+02 -8.74209246E+02
 -3.00000000E+02 -8.67015294E+02
 -3.00000000E+02 -8.53878668E+02
 -3.00000000E+02 -8.46684715E+02
 -3.00000000E+02 -8.33548089E+02
 -3.00000000E+02 -8.26354136E+02
 -3.00000000E+02 -8.13217511E+02
 -3.00000000E+02 -8.06023558E+02
 -3.00000000E+02 -7.92886932E+02
 -3.00000000E+02 -7.85692979E+02
 -3.00000000E+02 -7.72556354E+02
 -3.00000000E+02 -7.65362401E+02
 -3.00000000E+02 -7.52225775E+02
 -3.00000000E+02 -7.45031822E+02
 -3.00000000E+02 -7.31895197E+02
 -3.00000000E+02 -7.24701244E+02
 -3.00000000E+02 -7.11564618E+02
 -3.00000000E+02 -7.04370665E+02
 -3.00000000E+02 -6.91234040E+02
 -3.00000000E+02 -6.84040087E+02
 -3.00000000E+02 -6.70903461E+02
 -3.00000000E+02 -6.63709508E+02
 -3.00000000E+02 -6.50572883E+02
 -3.00000000E+02 -6.43378930E+02
 -3.00000000E+02 -6.30242304E+02
 -3.00000000E+02 -6.23048351E+02
 -3.00000000E+02 -6.09911726E+02
 -3.00000000E+02 -6.02717773E+02
 -3.00000000E+02 -5.89581147E+02
 -3.00000000E+02 -5.82387194E+02
 -3.00000000E+02 -5.69250569E+02
 -3.00000000E+02 -5.62056616E+02
 -3.00000000E+02 -5.48919990E+02
 -3.00000000E+02 -5.41726037E+02
 -3.00000000E+02 -5.28589412E+02
 -3.00000000E+02 -5.21395459E+02
 -3.00000000E+02 -5.08258833E+02
 -3.00000000E+02 -5.01064880E+02
 -3.00000000E+02 -4.87928255E+02
 -3.00000000E+02 -4.80734302E+02
 -3.00000000E+02 -4.67597676E+02
 -3.00000000E+02 -4.60403723E+02
 -3.00000000E+02 -4.47267098E+02
 -3.00000000E+02 -4.40073145E+02
 -3.00000000E+02 -4.26936519E+02
 -3.00000000E+02 -4.19742566E+02
 -3.00000000E+02 -4.06605941E+02
 -3.00588874E+02 -4.00000000E+02
 -3.07204491E+02 -4.00000000E+02
 -3.13820109E+02 -4.00000000E+02
 -3.27564852E+02 -4.00000000E+02
 -3.34180469E+02 -4.00000000E+02
 -3.47925212E+02 -4.00000000E+02
 -3.54540829E+02 -4.00000000E+02
 -3.68285572E+02 -4.00000000E+02
 -3.74901190E+02 -4.00000000E+02
 -3.88645933E+02 -4.00000000E+02
 -3.95261550E+02 -4.00000000E+02
 -4.09006293E+02 -4.00000000E+02
 -4.15621910E+02 -4.00000000E+02
 -4.29366653E+02 -4.00000000E+02
 -4.35982271E+02 -4.00000000E+02
 -4.49727014E+02 -4.00000000E+02
 -4.56342631E+02 -4.00000000E+02
 -4.70087374E+02 -4.00000000E+02
 -4.76702992E+02 -4.00000000E+02
 -4.90447734E+02 -4.00000000E+02
 -4.97063352E+02 -4.00000000E+02
 -5.00000000E+02 -4.06605941E+02
 -5.00000000E+02 -4.16144234E+02
 -5.00000000E+02 -4.26936519E+02
 -5.00000000E+02 -4.36474812E+02
 -5.00000000E+02 -4.47267098E+02
 -5.00000000E+02 -4.56805391E+02
 -5.00000000E+02 -4.67597676E+02
 -5.00000000E+02 -4.77135969E+02
 -5.00000000E+02 -4.87928255E+02
 -5.00000000E+02 -4.97466548E+02
 -5.00000000E+02 -5.08258833E+02
 -5.00000000E+02 -5.17797126E+02
 -5.00000000E+02 -5.28589412E+02
 -5.00000000E+02 -5.38127705E+02
 -5.00000000E+02 -5.48919990E+02
 -5.00000000E+02 -5.58458283E+02
 -5.00000000E+02 -5.69250569E+02
 -5.00000000E+02 -5.78788862E+02
 -5.00000000E+02 -5.89581147E+02
 -5.00000000E+02 -5.99119440E+02
 -5.00000000E+02 -6.09911726E+02
 -5.00000000E+02 -6.19450019E+02
 -5.00000000E+02 -6.30242304E+02
 -5.00000000E+02 -6.39780597E+02
 -5.00000000E+02 -6.50572883E+02
 -5.00000000E+02 -6.60111176E+02
 -5.00000000E+02 -6.70903461E+02
 -5.00000000E+02 -6.80441754E+02
 -5.00000000E+02 -6.91234040E+02
 -5.00000000E+02 -7.00772333E+02
 -5.00000000E+02 -7.11564618E+02
 -5.00000000E+02 -7.21102911E+02
 -5.00000000E+02 -7.31895197E+02
 -5.00000000E+02 -7.41433490E+02
 -5.00000000E+02 -7.52225775E+02
 -5.00000000E+02 -7.61764068E+02
 -5.00000000E+02 -7.72556354E+02
 -5.00000000E+02 -7.82094647E+02
 -5.00000000E+02 -7.92886932E+02
 -5.00000000E+02 -8.02425226E+02
 -5.00000000E+02 -8.13217511E+02
 -5.00000000E+02 -8.22755804E+02
 -5.00000000E+02 -8.33548089E+02
 -5.00000000E+02 -8.43086383E+02
 -5.00000000E+02 -8.53878668E+02
 -5.00000000E+02 -8.63416961E+02
 -5.00000000E+02 -8.74209246E+02
 -5.00000000E+02 -8.83747540E+02
 -5.00000000E+02 -8.94539825E+02
 -5.00000000E+02 -9.04078118E+02
 -5.00000000E+02 -9.14870403E+02
 -5.00000000E+02 -9.24408697E+02
 -5.00000000E+02 -9.35200982E+02
 -5.00000000E+02 -9.44739275E+02
 -5.00000000E+02 -9.55531560E+02
 -5.00000000E+02 -9.65069854E+02
 -5.00000000E+02 -9.75862139E+02
 -5.00000000E+02 -9.85400432E+02
 -5.00000000E+02 -9.96192717E+02
 -5.00000000E+02 -1.00573101E+03
 -5.00000000E+02 -1.01652330E+03
 -5.00000000E+02 -1.02606159E+03
 -5.00000000E+02 -1.03685387E+03
 -5.00000000E+02 -1.04639217E+03
 -5.00000000E+02 -1.05718445E+03
 -5.00000000E+02 -1.06672275E+03
 -5.00000000E+02 -1.07751503E+03
 -5.00000000E+02 -1.08705332E+03
 -5.00000000E+02 -1.09784561E+03
 -5.00000000E+02 -1.10738390E+03
 -5.00000000E+02 -1.11817619E+03
 -5.00000000E+02 -1.12771448E+03
 -5.00000000E+02 -1.13850677E+03
 -5.00000000E+02 -1.14804506E+03
 -5.00000000E+02 -1.15883735E+03
 -5.00000000E+02 -1.16837564E+03
 -5.00000000E+02 -1.17916792E+03
 -5.00000000E+02 -1.18870622E+03
 -5.00000000E+02 -1.19949850E+03
 -5.00000000E+02 -1.20903680E+03
 -5.00000000E+02 -1.21982908E+03

hb:   line clip z  
frame:
 -9.9999731E+02 -1.1999944E+03
  1.2000027E+03 -1.1999944E+03
  1.2000027E+03  1.2000056E+03
 -9.9999731E+02  1.2000056E+03
clip:
 -2.86844131E+02 -1.21982908E+03
  0.00000000E+00 -1.21982908E+03
  0.00000000E+00 -1.21803263E+03
  0.00000000E+00 -1.19949850E+03
  0.00000000E+00 -1.19770205E+03
  0.00000000E+00 -1.17916792E+03
  0.00000000E+00 -1.17737147E+03
  0.00000000E+00 -1.15883735E+03
  0.00000000E+00 -1.15704089E+03
  0.00000000E+00 -1.13850677E+03
  0.00000000E+00 -1.13671031E+03
  0.00000000E+00 -1.11817619E+03
  0.00000000E+00 -1.11637973E+03
  0.00000000E+00 -1.09784561E+03
  0.00000000E+00 -1.09604916E+03
  0.00000000E+00 -1.07751503E+03
  0.00000000E+00 -1.07571858E+03
  0.00000000E+00 -1.05718445E+03
  0.00000000E+00 -1.05538800E+03
  0.00000000E+00 -1.03685387E+03
  0.00000000E+00 -1.03505742E+03
  0.00000000E+00 -1.01652330E+03
  0.00000000E+00 -1.01472684E+03
  0.00000000E+00 -9.96192717E+02
  0.00000000E+00 -9.94396263E+02
  0.00000000E+00 -9.75862139E+02
  0.00000000E+00 -9.74065685E+02
  0.00000000E+00 -9.55531560E+02
  0.00000000E+00 -9.53735106E+02
  0.00000000E+00 -9.35200982E+02
  0.00000000E+00 -9.33404528E+02
  0.00000000E+00 -9.14870403E+02
  0.00000000E+00 -9.13073949E+02
  0.00000000E+00 -8.94539825E+02
  0.00000000E+00 -8.92743371E+02
  0.00000000E+00 -8.74209246E+02
  0.00000000E+00 -8.72412792E+02
  0.00000000E+00 -8.53878668E+02
  0.00000000E+00 -8.52082214E+02
  0.00000000E+00 -8.33548089E+02
  0.00000000E+00 -8.31751635E+02
  0.00000000E+00 -8.13217511E+02
  0.00000000E+00 -8.11421057E+02
  0.00000000E+00 -7.92886932E+02
  0.00000000E+00 -7.91090478E+02
  0.00000000E+00 -7.72556354E+02
  0.00000000E+00 -7.70759900E+02
  0.00000000E+00 -7.52225775E+02
  0.00000000E+00 -7.50429321E+02
  0.00000000E+00 -7.31895197E+02
  0.00000000E+00 -7.30098743E+02
  0.00000000E+00 -7.11564618E+02
  0.00000000E+00 -7.09768164E+02
  0.00000000E+00 -6.91234040E+02
  0.00000000E+00 -6.89437586E+02
  0.00000000E+00 -6.70903461E+02
  0.00000000E+00 -6.69107007E+02
  0.00000000E+00 -6.50572883E+02
  0.00000000E+00 -6.48776429E+02
  0.00000000E+00 -6.30242304E+02
  0.00000000E+00 -6.28445850E+02
  0.00000000E+00 -6.09911726E+02
  0.00000000E+00 -6.08115272E+02
  0.00000000E+00 -5.89581147E+02
  0.00000000E+00 -5.87784693E+02
  0.00000000E+00 -5.69250569E+02
  0.00000000E+00 -5.67454115E+02
  0.00000000E+00 -5.48919990E+02
  0.00000000E+00 -5.47123536E+02
  0.00000000E+00 -5.28589412E+02
  0.00000000E+00 -5.26792958E+02
 -1.79908575E+00 -5.12500000E+02
 -1.79120665E+01 -5.12500000E+02
 -2.21594461E+01 -5.12500000E+02
 -3.82724269E+01 -5.12500000E+02
 -4.25198065E+01 -5.12500000E+02
 -5.86327872E+01 -5.12500000E+02
 -6.28801668E+01 -5.12500000E+02
 -7.89931476E+01 -5.12500000E+02
 -8.32405272E+01 -5.12500000E+02
 -9.93535079E+01 -5.12500000E+02
 -1.03600888E+02 -5.12500000E+02
 -1.19713868E+02 -5.12500000E+02
 -1.23961248E+02 -5.12500000E+02
 -1.40074229E+02 -5.12500000E+02
 -1.44321608E+02 -5.12500000E+02
 -1.60434589E+02 -5.12500000E+02
 -1.64681969E+02 -5.12500000E+02
 -1.80794949E+02 -5.12500000E+02
 -1.85042329E+02 -5.12500000E+02
 -2.01155310E+02 -5.12500000E+02
 -2.05402689E+02 -5.12500000E+02
 -2.21515670E+02 -5.12500000E+02
 -2.25763050E+02 -5.12500000E+02
 -2.41876030E+02 -5.12500000E+02
 -2.46123410E+02 -5.12500000E+02
 -2.50000000E+02 -5.08258833E+02
 -2.50000000E+02 -4.91799174E+02
 -2.50000000E+02 -4.87928255E+02
 -2.50000000E+02 -4.71468596E+02
 -2.50000000E+02 -4.67597676E+02
 -2.50000000E+02 -4.51138017E+02
 -2.50000000E+02 -4.47267098E+02
 -2.50000000E+02 -4.30807439E+02
 -2.50000000E+02 -4.26936519E+02
 -2.50000000E+02 -4.10476860E+02
 -2.50000000E+02 -4.06605941E+02
 -2.59868153E+02 -4.00000000E+02
 -2.66483770E+02 -4.00000000E+02
 -2.73099388E+02 -4.00000000E+02
 -2.86844131E+02 -4.00000000E+02
 -2.93459748E+02 -4.00000000E+02
 -3.00000000E+02 -4.06605941E+02
 -3.00000000E+02 -4.19742566E+02
 -3.00000000E+02 -4.26936519E+02
 -3.00000000E+02 -4.40073145E+02
 -3.00000000E+02 -4.47267098E+02
 -3.00000000E+02 -4.60403723E+02
 -3.00000000E+02 -4.67597676E+02
 -3.00000000E+02 -4.80734302E+02
 -3.00000000E+02 -4.87928255E+02
 -3.00000000E+02 -5.01064880E+02
 -3.00000000E+02 -5.08258833E+02
 -3.00000000E+02 -5.21395459E+02
 -3.00000000E+02 -5.28589412E+02
 -3.00000000E+02 -5.41726037E+02
 -3.00000000E+02 -5.48919990E+02
 -3.00000000E+02 -5.62056616E+02
 -3.00000000E+02 -5.69250569E+02
 -3.00000000E+02 -5.82387194E+02
 -3.00000000E+02 -5.89581147E+02
 -3.00000000E+02 -6.02717773E+02
 -3.00000000E+02 -6.09911726E+02
 -3.00000000E+02 -6.23048351E+02
 -3.00000000E+02 -6.30242304E+02
 -3.00000000E+02 -6.43378930E+02
 -3.00000000E+02 -6.50572883E+02
 -3.00000000E+02 -6.63709508E+02
 -3.00000000E+02 -6.70903461E+02
 -3.00000000E+02 -6.84040087E+02
 -3.00000000E+02 -6.91234040E+02
 -3.00000000E+02 -7.04370665E+02
 -3.00000000E+02 -7.11564618E+02
 -3.00000000E+02 -7.24701244E+02
 -3.00000000E+02 -7.31895197E+02
 -3.00000000E+02 -7.45031822E+02
 -3.00000000E+02 -7.52225775E+02
 -3.00000000E+02 -7.65362401E+02
 -3.00000000E+02 -7.72556354E+02
 -3.00000000E+02 -7.85692979E+02
 -3.00000000E+02 -7.92886932E+02
 -3.00000000E+02 -8.06023558E+02
 -3.00000000E+02 -8.13217511E+02
 -3.00000000E+02 -8.26354136E+02
 -3.00000000E+02 -8.33548089E+02
 -3.00000000E+02 -8.46684715E+02
 -3.00000000E+02 -8.53878668E+02
 -3.00000000E+02 -8.67015294E+02
 -3.00000000E+02 -8.74209246E+02
 -3.00000000E+02 -8.87345872E+02
 -3.00000000E+02 -8.94539825E+02
 -3.00000000E+02 -9.07676451E+02
 -3.00000000E+02 -9.14870403E+02
 -3.00000000E+02 -9.28007029E+02
 -3.00000000E+02 -9.35200982E+02
 -3.00000000E+02 -9.48337608E+02
 -3.00000000E+02 -9.55531560E+02
 -3.00000000E+02 -9.68668186E+02
 -3.00000000E+02 -9.75862139E+02
 -3.00000000E+02 -9.88998765E+02
 -3.00000000E+02 -9.96192717E+02
 -3.00000000E+02 -1.00932934E+03
 -3.00000000E+02 -1.01652330E+03
 -3.00000000E+02 -1.02965992E+03
 -3.00000000E+02 -1.03685387E+03
 -3.00000000E+02 -1.04999050E+03
 -3.00000000E+02 -1.05718445E+03
 -3.00000000E+02 -1.07032108E+03
 -3.00000000E+02 -1.07751503E+03
 -3.00000000E+02 -1.09065166E+03
 -3.00000000E+02 -1.09784561E+03
 -3.00000000E+02 -1.11098224E+03
 -3.00000000E+02 -1.11817619E+03
 -3.00000000E+02 -1.13131281E+03
 -3.00000000E+02 -1.13850677E+03
 -3.00000000E+02 -1.15164339E+03
 -3.00000000E+02 -1.15883735E+03
 -3.00000000E+02 -1.17197397E+03
 -3.00000000E+02 -1.17916792E+03
 -3.00000000E+02 -1.19230455E+03
 -3.00000000E+02 -1.19949850E+03
 -3.00000000E+02 -1.21263513E+03
 -3.00000000E+02 -1.21982908E+03

hb:   line clip z  
frame:
 -9.9999731E+02 -1.1999944E+03
  1.2000027E+03 -1.1999944E+03
  1.2000027E+03  1.2000056E+03
 -9.9999731E+02  1.2000056E+03
clip:
  1.85612746E+01 -1.21982908E+03
  8.72935858E+02 -1.21982908E+03
  9.00668275E+02 -1.19949850E+03
  9.27126209E+02 -1.17916792E+03
  9.55137851E+02 -1.15659487E+03
  9.76628047E+02 -1.13850677E+03
  9.99840993E+02 -1.11817619E+03
  1.02212280E+03 -1.09784561E+03
  1.04353311E+03 -1.07751503E+03
  1.06412454E+03 -1.05718445E+03
  1.08394375E+03 -1.03685387E+03
  1.10303236E+03 -1.01652330E+03
  1.12142769E+03 -9.96192717E+02
  1.14364568E+03 -9.70605256E+02
  1.16653000E+03 -9.42978134E+02
  1.18870187E+03 -9.14870403E+02
  1.20407579E+03 -8.94539825E+02
  1.21982254E+03 -8.72945005E+02
  1.21982254E+03  8.72945005E+02
  1.19946218E+03  9.00716653E+02
  1.17910182E+03  9.27210283E+02
  1.15626032E+03  9.55542820E+02
  1.13838109E+03  9.76774531E+02
  1.11802073E+03  1.00001482E+03
  1.09766037E+03  1.02232172E+03
  1.07730001E+03  1.04375509E+03
  1.05693965E+03  1.06436769E+03
  1.03657929E+03  1.08420633E+03
  1.01621893E+03  1.10331278E+03
  9.95858572E+02  1.12172443E+03
  9.69004067E+02  1.14500267E+03
  9.42697372E+02  1.16675690E+03
  9.14417130E+02  1.18905059E+03
  8.94056770E+02  1.20443451E+03
  8.72920125E+02  1.21984034E+03
  0.00000000E+00  1.21984034E+03
  0.00000000E+00  1.20130622E+03
  0.00000000E+00  1.19950976E+03
  0.00000000E+00  1.18097564E+03
  0.00000000E+00  1.17917918E+03
  0.00000000E+00  1.16064506E+03
  0.00000000E+00  1.15884860E+03
  0.00000000E+00  1.14031448E+03
  0.00000000E+00  1.13851803E+03
  0.00000000E+00  1.11998390E+03
  0.00000000E+00  1.11818745E+03
  0.00000000E+00  1.09965332E+03
  0.00000000E+00  1.09785687E+03
  0.00000000E+00  1.07932274E+03
  0.00000000E+00  1.07752629E+03
  0.00000000E+00  1.05899217E+03
  0.00000000E+00  1.05719571E+03
  0.00000000E+00  1.03866159E+03
  0.00000000E+00  1.03686513E+03
  0.00000000E+00  1.01833101E+03
  0.00000000E+00  1.01653456E+03
  0.00000000E+00  9.98000431E+02
  0.00000000E+00  9.96203977E+02
  0.00000000E+00  9.77669852E+02
  0.00000000E+00  9.75873398E+02
  0.00000000E+00  9.57339274E+02
  0.00000000E+00  9.55542820E+02
  0.00000000E+00  9.37008695E+02
  0.00000000E+00  9.35212241E+02
  0.00000000E+00  9.16678117E+02
  0.00000000E+00  9.14881663E+02
  0.00000000E+00  8.96347538E+02
  0.00000000E+00  8.94551084E+02
  0.00000000E+00  8.76016960E+02
  0.00000000E+00  8.74220506E+02
  0.00000000E+00  8.55686381E+02
  0.00000000E+00  8.53889927E+02
  0.00000000E+00  8.35355803E+02
  0.00000000E+00  8.33559349E+02
  0.00000000E+00  8.15025224E+02
  0.00000000E+00  8.13228770E+02
  0.00000000E+00  7.94694646E+02
  0.00000000E+00  7.92898192E+02
  0.00000000E+00  7.74364067E+02
  0.00000000E+00  7.72567613E+02
  0.00000000E+00  7.54033489E+02
  0.00000000E+00  7.52237035E+02
  0.00000000E+00  7.33702910E+02
  0.00000000E+00  7.31906456E+02
  0.00000000E+00  7.13372332E+02
  0.00000000E+00  7.11575878E+02
  0.00000000E+00  6.93041753E+02
  0.00000000E+00  6.91245299E+02
  0.00000000E+00  6.72711175E+02
  0.00000000E+00  6.70914721E+02
  0.00000000E+00  6.52380596E+02
  0.00000000E+00  6.50584142E+02
  0.00000000E+00  6.32050018E+02
  0.00000000E+00  6.30253564E+02
  0.00000000E+00  6.11719439E+02
  0.00000000E+00  6.09922985E+02
  0.00000000E+00  5.91388861E+02
  0.00000000E+00  5.89592406E+02
  0.00000000E+00  5.71058282E+02
  0.00000000E+00  5.69261828E+02
  0.00000000E+00  5.50727704E+02
  0.00000000E+00  5.48931249E+02
  0.00000000E+00  5.30397125E+02
  0.00000000E+00  5.28600671E+02
  0.00000000E+00  5.10066547E+02
  0.00000000E+00  5.08270092E+02
  0.00000000E+00  4.89735968E+02
  0.00000000E+00  4.87939514E+02
  0.00000000E+00  4.69405390E+02
  0.00000000E+00  4.67608935E+02
  3.43020642E+00  4.52500000E+02
  1.85612746E+01  4.52500000E+02
  3.36923428E+01  4.52500000E+02
  3.89216350E+01  4.52500000E+02
  5.40527032E+01  4.52500000E+02
  5.92819953E+01  4.52500000E+02
  7.44130635E+01  4.52500000E+02
  7.96423557E+01  4.52500000E+02
  9.47734239E+01  4.52500000E+02
  1.00002716E+02  4.52500000E+02
  1.15133784E+02  4.52500000E+02
  1.20363076E+02  4.52500000E+02
  1.35494145E+02  4.52500000E+02
  1.40723437E+02  4.52500000E+02
  1.55854505E+02  4.52500000E+02
  1.61083797E+02  4.52500000E+02
  1.76214865E+02  4.52500000E+02
  1.81444157E+02  4.52500000E+02
  1.96575226E+02  4.52500000E+02
  2.01804518E+02  4.52500000E+02
  2.16935586E+02  4.52500000E+02
  2.22164878E+02  4.52500000E+02
  2.37295946E+02  4.52500000E+02
  2.42525239E+02  4.52500000E+02
  2.57656307E+02  4.52500000E+02
  2.62885599E+02  4.52500000E+02
  2.78016667E+02  4.52500000E+02
  2.83245959E+02  4.52500000E+02
  2.98377027E+02  4.52500000E+02
  3.03606320E+02  4.52500000E+02
  3.18737388E+02  4.52500000E+02
  3.23966680E+02  4.52500000E+02
  3.39097748E+02  4.52500000E+02
  3.44327040E+02  4.52500000E+02
  3.59458109E+02  4.52500000E+02
  3.64687401E+02  4.52500000E+02
  3.79818469E+02  4.52500000E+02
  3.85047761E+02  4.52500000E+02
  4.00178829E+02  4.52500000E+02
  4.05408121E+02  4.52500000E+02
  4.20539190E+02  4.52500000E+02
  4.25768482E+02  4.52500000E+02
  4.40899550E+02  4.52500000E+02
  4.46128842E+02  4.52500000E+02
  4.61259910E+02  4.52500000E+02
  4.66489203E+02  4.52500000E+02
  4.81620271E+02  4.52500000E+02
  4.86849563E+02  4.52500000E+02
  5.01980631E+02  4.52500000E+02
  5.07209923E+02  4.52500000E+02
  5.22340991E+02  4.52500000E+02
  5.27570284E+02  4.52500000E+02
  5.42701352E+02  4.52500000E+02
  5.47930644E+02  4.52500000E+02
  5.63061712E+02  4.52500000E+02
  5.68291004E+02  4.52500000E+02
  5.79000000E+02  4.47278357E+02
  5.79000000E+02  4.37641110E+02
  5.79000000E+02  4.26947778E+02
  5.79000000E+02  4.17310531E+02
  5.79000000E+02  4.06617200E+02
  5.79000000E+02  3.96979953E+02
  5.79000000E+02  3.86286621E+02
  5.79000000E+02  3.76649374E+02
  5.79000000E+02  3.65956043E+02
  5.79000000E+02  3.56318796E+02
  5.79000000E+02  3.45625464E+02
  5.79000000E+02  3.35988217E+02
  5.79000000E+02  3.25294886E+02
  5.79000000E+02  3.15657639E+02
  5.79000000E+02  3.04964307E+02
  5.79000000E+02  2.95327060E+02
  5.79000000E+02  2.84633729E+02
  5.79000000E+02  2.74996482E+02
  5.79000000E+02  2.64303150E+02
  5.79000000E+02  2.54665903E+02
  5.79000000E+02  2.43972572E+02
  5.79000000E+02  2.34335324E+02
  5.79000000E+02  2.23641993E+02
  5.79000000E+02  2.14004746E+02
  5.79000000E+02  2.03311415E+02
  5.79000000E+02  1.93674167E+02
  5.79000000E+02  1.82980836E+02
  5.79000000E+02  1.73343589E+02
  5.79000000E+02  1.62650258E+02
  5.79000000E+02  1.53013010E+02
  5.79000000E+02  1.42319679E+02
  5.79000000E+02  1.32682432E+02
  5.79000000E+02  1.21989101E+02
  5.79000000E+02  1.12351853E+02
  5.79000000E+02  1.01658522E+02
  5.79000000E+02  9.20212749E+01
  5.79000000E+02  8.13279437E+01
  5.79000000E+02  7.16906964E+01
  5.79000000E+02  6.09973652E+01
  5.79000000E+02  5.13601179E+01
  5.79000000E+02  4.06667867E+01
  5.79000000E+02  3.10295394E+01
  5.79000000E+02  2.03362081E+01
  5.79000000E+02  1.06989609E+01
  5.79000000E+02  5.62962936E-03
  5.79000000E+02 -9.63161766E+00
  5.79000000E+02 -2.03249489E+01
  5.79000000E+02 -2.99621962E+01
  5.79000000E+02 -4.06555274E+01
  5.79000000E+02 -5.02927747E+01
  5.79000000E+02 -6.09861059E+01
  5.79000000E+02 -7.06233532E+01
  5.79000000E+02 -8.13166844E+01
  5.79000000E+02 -9.09539317E+01
  5.79000000E+02 -1.01647263E+02
  5.79000000E+02 -1.11284510E+02
  5.79000000E+02 -1.21977841E+02
  5.79000000E+02 -1.31615089E+02
  5.79000000E+02 -1.42308420E+02
  5.79000000E+02 -1.51945667E+02
  5.79000000E+02 -1.62638998E+02
  5.79000000E+02 -1.72276246E+02
  5.79000000E+02 -1.82969577E+02
  5.79000000E+02 -1.92606824E+02
  5.79000000E+02 -2.03300155E+02
  5.79000000E+02 -2.12937403E+02
  5.79000000E+02 -2.23630734E+02
  5.79000000E+02 -2.33267981E+02
  5.79000000E+02 -2.43961313E+02
  5.79000000E+02 -2.53598560E+02
  5.79000000E+02 -2.64291891E+02
  5.79000000E+02 -2.73929138E+02
  5.79000000E+02 -2.84622470E+02
  5.79000000E+02 -2.94259717E+02
  5.79000000E+02 -3.04953048E+02
  5.79000000E+02 -3.14590295E+02
  5.79000000E+02 -3.25283627E+02
  5.79000000E+02 -3.34920874E+02
  5.79000000E+02 -3.45614205E+02
  5.79000000E+02 -3.55251452E+02
  5.79000000E+02 -3.65944784E+02
  5.79000000E+02 -3.75582031E+02
  5.79000000E+02 -3.86275362E+02
  5.79000000E+02 -3.95912609E+02
  5.79000000E+02 -4.06605941E+02
  5.79000000E+02 -4.16243188E+02
  5.79000000E+02 -4.26936519E+02
  5.79000000E+02 -4.36573766E+02
  5.68291004E+02 -4.52500000E+02
  5.53171212E+02 -4.52500000E+02
  3.44148218E+00 -4.52500000E+02
  0.00000000E+00 -4.67597676E+02
  0.00000000E+00 -4.86131801E+02
  0.00000000E+00 -4.87928255E+02
  0.00000000E+00 -5.06462379E+02
  0.00000000E+00 -5.08258833E+02
  0.00000000E+00 -5.26792958E+02
  0.00000000E+00 -5.28589412E+02
  0.00000000E+00 -5.47123536E+02
  0.00000000E+00 -5.48919990E+02
  0.00000000E+00 -5.67454115E+02
  0.00000000E+00 -5.69250569E+02
  0.00000000E+00 -5.87784693E+02
  0.00000000E+00 -5.89581147E+02
  0.00000000E+00 -6.08115272E+02
  0.00000000E+00 -6.09911726E+02
  0.00000000E+00 -6.28445850E+02
  0.00000000E+00 -6.30242304E+02
  0.00000000E+00 -6.48776429E+02
  0.00000000E+00 -6.50572883E+02
  0.00000000E+00 -6.69107007E+02
  0.00000000E+00 -6.70903461E+02
  0.00000000E+00 -6.89437586E+02
  0.00000000E+00 -6.91234040E+02
  0.00000000E+00 -7.09768164E+02
  0.00000000E+00 -7.11564618E+02
  0.00000000E+00 -7.30098743E+02
  0.00000000E+00 -7.31895197E+02
  0.00000000E+00 -7.50429321E+02
  0.00000000E+00 -7.52225775E+02
  0.00000000E+00 -7.70759900E+02
  0.00000000E+00 -7.72556354E+02
  0.00000000E+00 -7.91090478E+02
  0.00000000E+00 -7.92886932E+02
  0.00000000E+00 -8.11421057E+02
  0.00000000E+00 -8.13217511E+02
  0.00000000E+00 -8.31751635E+02
  0.00000000E+00 -8.33548089E+02
  0.00000000E+00 -8.52082214E+02
  0.00000000E+00 -8.53878668E+02
  0.00000000E+00 -8.72412792E+02
  0.00000000E+00 -8.74209246E+02
  0.00000000E+00 -8.92743371E+02
  0.00000000E+00 -8.94539825E+02
  0.00000000E+00 -9.13073949E+02
  0.00000000E+00 -9.14870403E+02
  0.00000000E+00 -9.33404528E+02
  0.00000000E+00 -9.35200982E+02
  0.00000000E+00 -9.53735106E+02
  0.00000000E+00 -9.55531560E+02
  0.00000000E+00 -9.74065685E+02
  0.00000000E+00 -9.75862139E+02
  0.00000000E+00 -9.94396263E+02
  0.00000000E+00 -9.96192717E+02
  0.00000000E+00 -1.01472684E+03
  0.00000000E+00 -1.01652330E+03
  0.00000000E+00 -1.03505742E+03
  0.00000000E+00 -1.03685387E+03
  0.00000000E+00 -1.05538800E+03
  0.00000000E+00 -1.05718445E+03
  0.00000000E+00 -1.07571858E+03
  0.00000000E+00 -1.07751503E+03
  0.00000000E+00 -1.09604916E+03
  0.00000000E+00 -1.09784561E+03
  0.00000000E+00 -1.11637973E+03
  0.00000000E+00 -1.11817619E+03
  0.00000000E+00 -1.13671031E+03
  0.00000000E+00 -1.13850677E+03
  0.00000000E+00 -1.15704089E+03
  0.00000000E+00 -1.15883735E+03
  0.00000000E+00 -1.17737147E+03
  0.00000000E+00 -1.17916792E+03
  0.00000000E+00 -1.19770205E+03
  0.00000000E+00 -1.19949850E+03
  0.00000000E+00 -1.21803263E+03
  0.00000000E+00 -1.21982908E+03

hb:   line clip z  
frame:
 -9.9999731E+02 -1.1999944E+03
  1.2000027E+03 -1.1999944E+03
  1.2000027E+03  1.2000056E+03
 -9.9999731E+02  1.2000056E+03
clip:
  8.73696410E+02 -1.21982908E+03
  1.21982254E+03 -1.21982908E+03
  1.21982254E+03 -1.19949850E+03
  1.21982254E+03 -1.17916792E+03
  1.21982254E+03 -1.15883735E+03
  1.21982254E+03 -1.13850677E+03
  1.21982254E+03 -1.11817619E+03
  1.21982254E+03 -1.09784561E+03
  1.21982254E+03 -1.07751503E+03
  1.21982254E+03 -1.05718445E+03
  1.21982254E+03 -1.03685387E+03
  1.21982254E+03 -1.01652330E+03
  1.21982254E+03 -9.96192717E+02
  1.21982254E+03 -9.75862139E+02
  1.21982254E+03 -9.55531560E+02
  1.21982254E+03 -9.35200982E+02
  1.21982254E+03 -9.14870403E+02
  1.21982254E+03 -8.94539825E+02
  1.21982254E+03 -8.74209246E+02
  1.21982254E+03 -8.72945005E+02
  1.21929467E+03 -8.73682154E+02
  1.21891681E+03 -8.74209246E+02
  1.21660907E+03 -8.77418007E+02
  1.20407579E+03 -8.94539825E+02
  1.19946218E+03 -9.00716653E+02
  1.19336381E+03 -9.08780955E+02
  1.18870187E+03 -9.14870403E+02
  1.17910182E+03 -9.27210283E+02
  1.17557430E+03 -9.31678627E+02
  1.17277411E+03 -9.35200982E+02
  1.15874145E+03 -9.52532541E+02
  1.15738643E+03 -9.54178520E+02
  1.15626962E+03 -9.55531560E+02
  1.14364568E+03 -9.70605256E+02
  1.13916333E+03 -9.75862139E+02
  1.13838109E+03 -9.76774531E+02
  1.12936287E+03 -9.87187681E+02
  1.12142769E+03 -9.96192717E+02
  1.11802073E+03 -1.00001482E+03
  1.11018867E+03 -1.00870269E+03
  1.10303236E+03 -1.01652330E+03
  1.09766037E+03 -1.02232172E+03
  1.09062259E+03 -1.02982638E+03
  1.08394375E+03 -1.03685387E+03
  1.07730001E+03 -1.04375509E+03
  1.07066546E+03 -1.05055960E+03
  1.06412454E+03 -1.05718445E+03
  1.05693965E+03 -1.06436769E+03
  1.05031770E+03 -1.07090276E+03
  1.04353311E+03 -1.07751503E+03
  1.03657929E+03 -1.08420633E+03
  1.02957929E+03 -1.09085585E+03
  1.02212280E+03 -1.09784561E+03
  1.01621893E+03 -1.10331278E+03
  1.00844978E+03 -1.11041840E+03
  9.99840993E+02 -1.11817619E+03
  9.95858572E+02 -1.12172443E+03
  9.86928291E+02 -1.12958955E+03
  9.76628047E+02 -1.13850677E+03
  9.75498212E+02 -1.13947498E+03
  9.65013488E+02 -1.14836796E+03
  9.55137851E+02 -1.15659487E+03
  9.53908060E+02 -1.15760935E+03
  9.52415879E+02 -1.15883735E+03
  9.34777491E+02 -1.17311169E+03
  9.31399829E+02 -1.17579520E+03
  9.27126209E+02 -1.17916792E+03
  9.14417130E+02 -1.18905059E+03
  9.08493000E+02 -1.19358304E+03
  9.00668275E+02 -1.19949850E+03
  8.94056770E+02 -1.20443451E+03
  8.85184636E+02 -1.21096993E+03
  8.73696410E+02 -1.21928446E+03
  8.73378826E+02 -1.21951196E+03
  8.72935858E+02 -1.21982908E+03

hb:   line clip z  
clip:
 -2.50000000E+02 -5.12129753E+02
 -2.46123410E+02 -5.12500000E+02
 -2.41876030E+02 -5.12500000E+02
 -2.25763050E+02 -5.12500000E+02
 -2.21515670E+02 -5.12500000E+02
 -2.05402689E+02 -5.12500000E+02
 -2.01155310E+02 -5.12500000E+02
 -1.85042329E+02 -5.12500000E+02
 -1.80794949E+02 -5.12500000E+02
 -1.64681969E+02 -5.12500000E+02
 -1.60434589E+02 -5.12500000E+02
 -1.44321608E+02 -5.12500000E+02
 -1.40074229E+02 -5.12500000E+02
 -1.23961248E+02 -5.12500000E+02
 -1.19713868E+02 -5.12500000E+02
 -1.03600888E+02 -5.12500000E+02
 -9.93535079E+01 -5.12500000E+02
 -8.32405272E+01 -5.12500000E+02
 -7.89931476E+01 -5.12500000E+02
 -6.28801668E+01 -5.12500000E+02
 -5.86327872E+01 -5.12500000E+02
 -4.25198065E+01 -5.12500000E+02
 -3.82724269E+01 -5.12500000E+02
 -2.21594461E+01 -5.12500000E+02
 -1.79120665E+01 -5.12500000E+02
 -1.79908575E+00 -5.12500000E+02
  0.00000000E+00 -5.10055287E+02
  0.00000000E+00 -5.08258833E+02
  0.00000000E+00 -5.06462379E+02
  0.00000000E+00 -4.87928255E+02
  0.00000000E+00 -4.86131801E+02
  0.00000000E+00 -4.67597676E+02
  0.00000000E+00 -4.65801222E+02
  0.00000000E+00 -4.47267098E+02
  0.00000000E+00 -4.45470643E+02
  0.00000000E+00 -4.26936519E+02
  0.00000000E+00 -4.25140065E+02
  0.00000000E+00 -4.06605941E+02
  0.00000000E+00 -4.04809486E+02
  0.00000000E+00 -3.86275362E+02
  0.00000000E+00 -3.84478908E+02
  0.00000000E+00 -3.65944784E+02
  0.00000000E+00 -3.64148329E+02
  0.00000000E+00 -3.45614205E+02
  0.00000000E+00 -3.43817751E+02
  0.00000000E+00 -3.25283627E+02
  0.00000000E+00 -3.23487172E+02
  0.00000000E+00 -3.04953048E+02
  0.00000000E+00 -3.03156594E+02
  0.00000000E+00 -2.84622470E+02
  0.00000000E+00 -2.82826015E+02
  0.00000000E+00 -2.64291891E+02
  0.00000000E+00 -2.62495437E+02
  0.00000000E+00 -2.43961313E+02
  0.00000000E+00 -2.42164858E+02
  0.00000000E+00 -2.23630734E+02
  0.00000000E+00 -2.21834280E+02
  0.00000000E+00 -2.03300155E+02
  0.00000000E+00 -2.01503701E+02
  0.00000000E+00 -1.82969577E+02
  0.00000000E+00 -1.81173123E+02
  0.00000000E+00 -1.62638998E+02
  0.00000000E+00 -1.60842544E+02
  0.00000000E+00 -1.42308420E+02
  0.00000000E+00 -1.40511966E+02
  0.00000000E+00 -1.21977841E+02
  0.00000000E+00 -1.20181387E+02
  0.00000000E+00 -1.01647263E+02
  0.00000000E+00 -9.98508088E+01
  0.00000000E+00 -8.13166844E+01
  0.00000000E+00 -7.95202303E+01
  0.00000000E+00 -6.09861059E+01
  0.00000000E+00 -5.91896517E+01
  0.00000000E+00 -4.06555274E+01
  0.00000000E+00 -3.88590732E+01
  0.00000000E+00 -2.03249489E+01
  0.00000000E+00 -1.85284947E+01
  0.00000000E+00  5.62962936E-03
  0.00000000E+00  1.80208379E+00
  0.00000000E+00  2.03362081E+01
  0.00000000E+00  2.21326623E+01
  0.00000000E+00  4.06667867E+01
  0.00000000E+00  4.24632408E+01
  0.00000000E+00  6.09973652E+01
  0.00000000E+00  6.27938193E+01
  0.00000000E+00  8.13279437E+01
  0.00000000E+00  8.31243978E+01
  0.00000000E+00  1.01658522E+02
  0.00000000E+00  1.03454976E+02
  0.00000000E+00  1.21989101E+02
  0.00000000E+00  1.23785555E+02
  0.00000000E+00  1.42319679E+02
  0.00000000E+00  1.44116133E+02
  0.00000000E+00  1.62650258E+02
  0.00000000E+00  1.64446712E+02
  0.00000000E+00  1.82980836E+02
  0.00000000E+00  1.84777290E+02
  0.00000000E+00  2.03311415E+02
  0.00000000E+00  2.05107869E+02
  0.00000000E+00  2.23641993E+02
  0.00000000E+00  2.25438447E+02
  0.00000000E+00  2.43972572E+02
  0.00000000E+00  2.45769026E+02
  0.00000000E+00  2.64303150E+02
  0.00000000E+00  2.66099604E+02
  0.00000000E+00  2.84633729E+02
  0.00000000E+00  2.86430183E+02
  0.00000000E+00  3.04964307E+02
  0.00000000E+00  3.06760761E+02
  0.00000000E+00  3.25294886E+02
  0.00000000E+00  3.27091340E+02
  0.00000000E+00  3.45625464E+02
  0.00000000E+00  3.47421919E+02
  0.00000000E+00  3.65956043E+02
  0.00000000E+00  3.67752497E+02
  0.00000000E+00  3.86286621E+02
  0.00000000E+00  3.88083076E+02
  0.00000000E+00  4.06617200E+02
  0.00000000E+00  4.08413654E+02
  0.00000000E+00  4.26947778E+02
  0.00000000E+00  4.28744233E+02
  0.00000000E+00  4.47278357E+02
  0.00000000E+00  4.49074811E+02
  0.00000000E+00  4.67608935E+02
  0.00000000E+00  4.69405390E+02
  0.00000000E+00  4.87939514E+02
  0.00000000E+00  4.89735968E+02
  0.00000000E+00  5.08270092E+02
  0.00000000E+00  5.10066547E+02
 -1.79908575E+00  5.12500000E+02
 -6.03518962E+00  5.12500000E+02
 -2.21594461E+01  5.12500000E+02
 -2.63955500E+01  5.12500000E+02
 -4.25198065E+01  5.12500000E+02
 -4.67559103E+01  5.12500000E+02
 -6.28801668E+01  5.12500000E+02
 -6.71162707E+01  5.12500000E+02
 -8.32405272E+01  5.12500000E+02
 -8.74766311E+01  5.12500000E+02
 -1.03600888E+02  5.12500000E+02
 -1.07836991E+02  5.12500000E+02
 -1.23961248E+02  5.12500000E+02
 -1.28197352E+02  5.12500000E+02
 -1.44321608E+02  5.12500000E+02
 -1.48557712E+02  5.12500000E+02
 -1.64681969E+02  5.12500000E+02
 -1.68918073E+02  5.12500000E+02
 -1.85042329E+02  5.12500000E+02
 -1.89278433E+02  5.12500000E+02
 -2.05402689E+02  5.12500000E+02
 -2.09638793E+02  5.12500000E+02
 -2.25763050E+02  5.12500000E+02
 -2.29999154E+02  5.12500000E+02
 -2.46123410E+02  5.12500000E+02
 -2.50000000E+02  5.12141012E+02
 -2.50000000E+02  5.08270092E+02
 -2.50000000E+02  5.04399173E+02
 -2.50000000E+02  4.87939514E+02
 -2.50000000E+02  4.84068594E+02
 -2.50000000E+02  4.67608935E+02
 -2.50000000E+02  4.63738016E+02
 -2.50000000E+02  4.47278357E+02
 -2.50000000E+02  4.43407437E+02
 -2.50000000E+02  4.26947778E+02
 -2.50000000E+02  4.23076859E+02
 -2.50000000E+02  4.06617200E+02
 -2.50000000E+02  4.02746280E+02
 -2.50000000E+02  3.86286621E+02
 -2.50000000E+02  3.82415702E+02
 -2.50000000E+02  3.65956043E+02
 -2.50000000E+02  3.62085123E+02
 -2.50000000E+02  3.45625464E+02
 -2.50000000E+02  3.41754545E+02
 -2.50000000E+02  3.25294886E+02
 -2.50000000E+02  3.21423966E+02
 -2.50000000E+02  3.04964307E+02
 -2.50000000E+02  3.01093388E+02
 -2.50000000E+02  2.84633729E+02
 -2.50000000E+02  2.80762809E+02
 -2.50000000E+02  2.64303150E+02
 -2.50000000E+02  2.60432231E+02
 -2.50000000E+02  2.43972572E+02
 -2.50000000E+02  2.40101652E+02
 -2.50000000E+02  2.23641993E+02
 -2.50000000E+02  2.19771074E+02
 -2.50000000E+02  2.03311415E+02
 -2.50000000E+02  1.99440495E+02
 -2.50000000E+02  1.82980836E+02
 -2.50000000E+02  1.79109917E+02
 -2.50000000E+02  1.62650258E+02
 -2.50000000E+02  1.58779338E+02
 -2.50000000E+02  1.42319679E+02
 -2.50000000E+02  1.38448760E+02
 -2.50000000E+02  1.21989101E+02
 -2.50000000E+02  1.18118181E+02
 -2.50000000E+02  1.01658522E+02
 -2.50000000E+02  9.77876027E+01
 -2.50000000E+02  8.13279437E+01
 -2.50000000E+02  7.74570242E+01
 -2.50000000E+02  6.09973652E+01
 -2.50000000E+02  5.71264457E+01
 -2.50000000E+02  4.06667867E+01
 -2.50000000E+02  3.67958672E+01
 -2.50000000E+02  2.03362081E+01
 -2.50000000E+02  1.64652886E+01
 -2.50000000E+02  5.62962936E-03
 -2.50000000E+02 -3.86528986E+00
 -2.50000000E+02 -2.03249489E+01
 -2.50000000E+02 -2.41958684E+01
 -2.50000000E+02 -4.06555274E+01
 -2.50000000E+02 -4.45264469E+01
 -2.50000000E+02 -6.09861059E+01
 -2.50000000E+02 -6.48570254E+01
 -2.50000000E+02 -8.13166844E+01
 -2.50000000E+02 -8.51876039E+01
 -2.50000000E+02 -1.01647263E+02
 -2.50000000E+02 -1.05518182E+02
 -2.50000000E+02 -1.21977841E+02
 -2.50000000E+02 -1.25848761E+02
 -2.50000000E+02 -1.42308420E+02
 -2.50000000E+02 -1.46179339E+02
 -2.50000000E+02 -1.62638998E+02
 -2.50000000E+02 -1.66509918E+02
 -2.50000000E+02 -1.82969577E+02
 -2.50000000E+02 -1.86840496E+02
 -2.50000000E+02 -2.03300155E+02
 -2.50000000E+02 -2.07171075E+02
 -2.50000000E+02 -2.23630734E+02
 -2.50000000E+02 -2.27501653E+02
 -2.50000000E+02 -2.43961313E+02
 -2.50000000E+02 -2.47832232E+02
 -2.50000000E+02 -2.64291891E+02
 -2.50000000E+02 -2.68162811E+02
 -2.50000000E+02 -2.84622470E+02
 -2.50000000E+02 -2.88493389E+02
 -2.50000000E+02 -3.04953048E+02
 -2.50000000E+02 -3.08823968E+02
 -2.50000000E+02 -3.25283627E+02
 -2.50000000E+02 -3.29154546E+02
 -2.50000000E+02 -3.45614205E+02
 -2.50000000E+02 -3.49485125E+02
 -2.50000000E+02 -3.65944784E+02
 -2.50000000E+02 -3.69815703E+02
 -2.50000000E+02 -3.86275362E+02
 -2.50000000E+02 -3.90146282E+02
 -2.50000000E+02 -4.06605941E+02
 -2.50000000E+02 -4.10476860E+02
 -2.50000000E+02 -4.26936519E+02
 -2.50000000E+02 -4.30807439E+02
 -2.50000000E+02 -4.47267098E+02
 -2.50000000E+02 -4.51138017E+02
 -2.50000000E+02 -4.67597676E+02
 -2.50000000E+02 -4.71468596E+02
 -2.50000000E+02 -4.87928255E+02
 -2.50000000E+02 -4.91799174E+02
 -2.50000000E+02 -5.08258833E+02

hb:   line clip z  
clip:
  1.33207067E+01 -4.52500000E+02
  5.73531572E+02 -4.52500000E+02
  5.79000000E+02 -4.47267098E+02
  5.79000000E+02 -4.36573766E+02
  5.79000000E+02 -4.26936519E+02
  5.79000000E+02 -4.16243188E+02
  5.79000000E+02 -4.06605941E+02
  5.79000000E+02 -3.95912609E+02
  5.79000000E+02 -3.86275362E+02
  5.79000000E+02 -3.75582031E+02
  5.79000000E+02 -3.65944784E+02
  5.79000000E+02 -3.55251452E+02
  5.79000000E+02 -3.45614205E+02
  5.79000000E+02 -3.34920874E+02
  5.79000000E+02 -3.25283627E+02
  5.79000000E+02 -3.14590295E+02
  5.79000000E+02 -3.04953048E+02
  5.79000000E+02 -2.94259717E+02
  5.79000000E+02 -2.84622470E+02
  5.79000000E+02 -2.73929138E+02
  5.79000000E+02 -2.64291891E+02
  5.79000000E+02 -2.53598560E+02
  5.79000000E+02 -2.43961313E+02
  5.79000000E+02 -2.33267981E+02
  5.79000000E+02 -2.23630734E+02
  5.79000000E+02 -2.12937403E+02
  5.79000000E+02 -2.03300155E+02
  5.79000000E+02 -1.92606824E+02
  5.79000000E+02 -1.82969577E+02
  5.79000000E+02 -1.72276246E+02
  5.79000000E+02 -1.62638998E+02
  5.79000000E+02 -1.51945667E+02
  5.79000000E+02 -1.42308420E+02
  5.79000000E+02 -1.31615089E+02
  5.79000000E+02 -1.21977841E+02
  5.79000000E+02 -1.11284510E+02
  5.79000000E+02 -1.01647263E+02
  5.79000000E+02 -9.09539317E+01
  5.79000000E+02 -8.13166844E+01
  5.79000000E+02 -7.06233532E+01
  5.79000000E+02 -6.09861059E+01
  5.79000000E+02 -5.02927747E+01
  5.79000000E+02 -4.06555274E+01
  5.79000000E+02 -2.99621962E+01
  5.79000000E+02 -2.03249489E+01
  5.79000000E+02 -9.63161766E+00
  5.79000000E+02  5.62962936E-03
  5.79000000E+02  1.06989609E+01
  5.79000000E+02  2.03362081E+01
  5.79000000E+02  3.10295394E+01
  5.79000000E+02  4.06667867E+01
  5.79000000E+02  5.13601179E+01
  5.79000000E+02  6.09973652E+01
  5.79000000E+02  7.16906964E+01
  5.79000000E+02  8.13279437E+01
  5.79000000E+02  9.20212749E+01
  5.79000000E+02  1.01658522E+02
  5.79000000E+02  1.12351853E+02
  5.79000000E+02  1.21989101E+02
  5.79000000E+02  1.32682432E+02
  5.79000000E+02  1.42319679E+02
  5.79000000E+02  1.53013010E+02
  5.79000000E+02  1.62650258E+02
  5.79000000E+02  1.73343589E+02
  5.79000000E+02  1.82980836E+02
  5.79000000E+02  1.93674167E+02
  5.79000000E+02  2.03311415E+02
  5.79000000E+02  2.14004746E+02
  5.79000000E+02  2.23641993E+02
  5.79000000E+02  2.34335324E+02
  5.79000000E+02  2.43972572E+02
  5.79000000E+02  2.54665903E+02
  5.79000000E+02  2.64303150E+02
  5.79000000E+02  2.74996482E+02
  5.79000000E+02  2.84633729E+02
  5.79000000E+02  2.95327060E+02
  5.79000000E+02  3.04964307E+02
  5.79000000E+02  3.15657639E+02
  5.79000000E+02  3.25294886E+02
  5.79000000E+02  3.35988217E+02
  5.79000000E+02  3.45625464E+02
  5.79000000E+02  3.56318796E+02
  5.79000000E+02  3.65956043E+02
  5.79000000E+02  3.76649374E+02
  5.79000000E+02  3.86286621E+02
  5.79000000E+02  3.96979953E+02
  5.79000000E+02  4.06617200E+02
  5.79000000E+02  4.17310531E+02
  5.79000000E+02  4.26947778E+02
  5.79000000E+02  4.37641110E+02
  5.79000000E+02  4.47278357E+02
  5.73520297E+02  4.52500000E+02
  5.68291004E+02  4.52500000E+02
  5.63061712E+02  4.52500000E+02
  5.47930644E+02  4.52500000E+02
  5.42701352E+02  4.52500000E+02
  5.27570284E+02  4.52500000E+02
  5.22340991E+02  4.52500000E+02
  5.07209923E+02  4.52500000E+02
  5.01980631E+02  4.52500000E+02
  4.86849563E+02  4.52500000E+02
  4.81620271E+02  4.52500000E+02
  4.66489203E+02  4.52500000E+02
  4.61259910E+02  4.52500000E+02
  4.46128842E+02  4.52500000E+02
  4.40899550E+02  4.52500000E+02
  4.25768482E+02  4.52500000E+02
  4.20539190E+02  4.52500000E+02
  4.05408121E+02  4.52500000E+02
  4.00178829E+02  4.52500000E+02
  3.85047761E+02  4.52500000E+02
  3.79818469E+02  4.52500000E+02
  3.64687401E+02  4.52500000E+02
  3.59458109E+02  4.52500000E+02
  3.44327040E+02  4.52500000E+02
  3.39097748E+02  4.52500000E+02
  3.23966680E+02  4.52500000E+02
  3.18737388E+02  4.52500000E+02
  3.03606320E+02  4.52500000E+02
  2.98377027E+02  4.52500000E+02
  2.83245959E+02  4.52500000E+02
  2.78016667E+02  4.52500000E+02
  2.62885599E+02  4.52500000E+02
  2.57656307E+02  4.52500000E+02
  2.42525239E+02  4.52500000E+02
  2.37295946E+02  4.52500000E+02
  2.22164878E+02  4.52500000E+02
  2.16935586E+02  4.52500000E+02
  2.01804518E+02  4.52500000E+02
  1.96575226E+02  4.52500000E+02
  1.81444157E+02  4.52500000E+02
  1.76214865E+02  4.52500000E+02
  1.61083797E+02  4.52500000E+02
  1.55854505E+02  4.52500000E+02
  1.40723437E+02  4.52500000E+02
  1.35494145E+02  4.52500000E+02
  1.20363076E+02  4.52500000E+02
  1.15133784E+02  4.52500000E+02
  1.00002716E+02  4.52500000E+02
  9.47734239E+01  4.52500000E+02
  7.96423557E+01  4.52500000E+02
  7.44130635E+01  4.52500000E+02
  5.92819953E+01  4.52500000E+02
  5.40527032E+01  4.52500000E+02
  3.89216350E+01  4.52500000E+02
  3.36923428E+01  4.52500000E+02
  1.85612746E+01  4.52500000E+02
  1.33319824E+01  4.52500000E+02
  3.76126919E+00  4.32500000E+02
  1.85612746E+01  4.32500000E+02
  3.33612800E+01  4.32500000E+02
  3.89216350E+01  4.32500000E+02
  5.37216404E+01  4.32500000E+02
  5.92819953E+01  4.32500000E+02
  7.40820007E+01  4.32500000E+02
  7.96423557E+01  4.32500000E+02
  9.44423611E+01  4.32500000E+02
  1.00002716E+02  4.32500000E+02
  1.14802721E+02  4.32500000E+02
  1.20363076E+02  4.32500000E+02
  1.35163082E+02  4.32500000E+02
  1.40723437E+02  4.32500000E+02
  1.55523442E+02  4.32500000E+02
  1.61083797E+02  4.32500000E+02
  1.75883803E+02  4.32500000E+02
  1.81444157E+02  4.32500000E+02
  1.96244163E+02  4.32500000E+02
  2.01804518E+02  4.32500000E+02
  2.16604523E+02  4.32500000E+02
  2.22164878E+02  4.32500000E+02
  2.36964884E+02  4.32500000E+02
  2.42525239E+02  4.32500000E+02
  2.57325244E+02  4.32500000E+02
  2.62885599E+02  4.32500000E+02
  2.77685604E+02  4.32500000E+02
  2.83245959E+02  4.32500000E+02
  2.98045965E+02  4.32500000E+02
  3.03606320E+02  4.32500000E+02
  3.18406325E+02  4.32500000E+02
  3.23966680E+02  4.32500000E+02
  3.38766685E+02  4.32500000E+02
  3.44327040E+02  4.32500000E+02
  3.59127046E+02  4.32500000E+02
  3.64687401E+02  4.32500000E+02
  3.79487406E+02  4.32500000E+02
  3.85047761E+02  4.32500000E+02
  3.99847767E+02  4.32500000E+02
  4.05408121E+02  4.32500000E+02
  4.20208127E+02  4.32500000E+02
  4.25768482E+02  4.32500000E+02
  4.40568487E+02  4.32500000E+02
  4.46128842E+02  4.32500000E+02
  4.60928848E+02  4.32500000E+02
  4.66489203E+02  4.32500000E+02
  4.81289208E+02  4.32500000E+02
  4.86849563E+02  4.32500000E+02
  5.01649568E+02  4.32500000E+02
  5.07209923E+02  4.32500000E+02
  5.22009929E+02  4.32500000E+02
  5.27570284E+02  4.32500000E+02
  5.42370289E+02  4.32500000E+02
  5.49000000E+02  4.26947778E+02
  5.49000000E+02  4.07684992E+02
  5.49000000E+02 -4.26936519E+02
  5.47930644E+02 -4.32500000E+02
  5.33141914E+02 -4.32500000E+02
  5.27570284E+02 -4.32500000E+02
  5.12781554E+02 -4.32500000E+02
  5.07209923E+02 -4.32500000E+02
  4.92421194E+02 -4.32500000E+02
  4.86849563E+02 -4.32500000E+02
  4.72060833E+02 -4.32500000E+02
  4.66489203E+02 -4.32500000E+02
  4.51700473E+02 -4.32500000E+02
  4.46128842E+02 -4.32500000E+02
  4.31340113E+02 -4.32500000E+02
  4.25768482E+02 -4.32500000E+02
  4.10979752E+02 -4.32500000E+02
  4.05408121E+02 -4.32500000E+02
  3.90619392E+02 -4.32500000E+02
  3.85047761E+02 -4.32500000E+02
  3.70259031E+02 -4.32500000E+02
  3.64687401E+02 -4.32500000E+02
  3.49898671E+02 -4.32500000E+02
  3.44327040E+02 -4.32500000E+02
  3.29538311E+02 -4.32500000E+02
  3.23966680E+02 -4.32500000E+02
  3.09177950E+02 -4.32500000E+02
  3.03606320E+02 -4.32500000E+02
  2.88817590E+02 -4.32500000E+02
  2.83245959E+02 -4.32500000E+02
  2.68457230E+02 -4.32500000E+02
  2.62885599E+02 -4.32500000E+02
  2.48096869E+02 -4.32500000E+02
  2.42525239E+02 -4.32500000E+02
  2.27736509E+02 -4.32500000E+02
  2.22164878E+02 -4.32500000E+02
  2.07376149E+02 -4.32500000E+02
  2.01804518E+02 -4.32500000E+02
  1.87015788E+02 -4.32500000E+02
  1.81444157E+02 -4.32500000E+02
  1.66655428E+02 -4.32500000E+02
  1.61083797E+02 -4.32500000E+02
  1.46295067E+02 -4.32500000E+02
  1.40723437E+02 -4.32500000E+02
  1.25934707E+02 -4.32500000E+02
  1.20363076E+02 -4.32500000E+02
  1.05574347E+02 -4.32500000E+02
  1.00002716E+02 -4.32500000E+02
  8.52139864E+01 -4.32500000E+02
  7.96423557E+01 -4.32500000E+02
  6.48536260E+01 -4.32500000E+02
  5.92819953E+01 -4.32500000E+02
  4.44932657E+01 -4.32500000E+02
  3.89216350E+01 -4.32500000E+02
  2.41329053E+01 -4.32500000E+02
  1.85612746E+01 -4.32500000E+02
  0.00000000E+00 -4.47267098E+02

hb:   line clip z  
clip:
  1.29896439E+01 -4.32500000E+02
  5.47930644E+02 -4.32500000E+02
  5.49000000E+02 -4.28004311E+02
  5.49000000E+02 -4.26936519E+02
  5.49000000E+02 -4.25868727E+02
  5.49000000E+02 -4.06605941E+02
  5.49000000E+02 -4.05538149E+02
  5.49000000E+02 -3.86275362E+02
  5.49000000E+02 -3.85207570E+02
  5.49000000E+02 -3.65944784E+02
  5.49000000E+02 -3.64876992E+02
  5.49000000E+02 -3.45614205E+02
  5.49000000E+02 -3.44546413E+02
  5.49000000E+02 -3.25283627E+02
  5.49000000E+02 -3.24215835E+02
  5.49000000E+02 -3.04953048E+02
  5.49000000E+02 -3.03885256E+02
  5.49000000E+02 -2.84622470E+02
  5.49000000E+02 -2.83554678E+02
  5.49000000E+02 -2.64291891E+02
  5.49000000E+02 -2.63224099E+02
  5.49000000E+02 -2.43961313E+02
  5.49000000E+02 -2.42893521E+02
  5.49000000E+02 -2.23630734E+02
  5.49000000E+02 -2.22562942E+02
  5.49000000E+02 -2.03300155E+02
  5.49000000E+02 -2.02232364E+02
  5.49000000E+02 -1.82969577E+02
  5.49000000E+02 -1.81901785E+02
  5.49000000E+02 -1.62638998E+02
  5.49000000E+02 -1.61571207E+02
  5.49000000E+02 -1.42308420E+02
  5.49000000E+02 -1.41240628E+02
  5.49000000E+02 -1.21977841E+02
  5.49000000E+02 -1.20910050E+02
  5.49000000E+02 -1.01647263E+02
  5.49000000E+02 -1.00579471E+02
  5.49000000E+02 -8.13166844E+01
  5.49000000E+02 -8.02488926E+01
  5.49000000E+02 -6.09861059E+01
  5.49000000E+02 -5.99183141E+01
  5.49000000E+02 -4.06555274E+01
  5.49000000E+02 -3.95877356E+01
  5.49000000E+02 -2.03249489E+01
  5.49000000E+02 -1.92571570E+01
  5.49000000E+02  5.62962936E-03
  5.49000000E+02  1.07342147E+00
  5.49000000E+02  2.03362081E+01
  5.49000000E+02  2.14040000E+01
  5.49000000E+02  4.06667867E+01
  5.49000000E+02  4.17345785E+01
  5.49000000E+02  6.09973652E+01
  5.49000000E+02  6.20651570E+01
  5.49000000E+02  8.13279437E+01
  5.49000000E+02  8.23957355E+01
  5.49000000E+02  1.01658522E+02
  5.49000000E+02  1.02726314E+02
  5.49000000E+02  1.21989101E+02
  5.49000000E+02  1.23056893E+02
  5.49000000E+02  1.42319679E+02
  5.49000000E+02  1.43387471E+02
  5.49000000E+02  1.62650258E+02
  5.49000000E+02  1.63718050E+02
  5.49000000E+02  1.82980836E+02
  5.49000000E+02  1.84048628E+02
  5.49000000E+02  2.03311415E+02
  5.49000000E+02  2.04379207E+02
  5.49000000E+02  2.23641993E+02
  5.49000000E+02  2.24709785E+02
  5.49000000E+02  2.43972572E+02
  5.49000000E+02  2.45040364E+02
  5.49000000E+02  2.64303150E+02
  5.49000000E+02  2.65370942E+02
  5.49000000E+02  2.84633729E+02
  5.49000000E+02  2.85701521E+02
  5.49000000E+02  3.04964307E+02
  5.49000000E+02  3.06032099E+02
  5.49000000E+02  3.25294886E+02
  5.49000000E+02  3.26362678E+02
  5.49000000E+02  3.45625464E+02
  5.49000000E+02  3.46693256E+02
  5.49000000E+02  3.65956043E+02
  5.49000000E+02  3.67023835E+02
  5.49000000E+02  3.86286621E+02
  5.49000000E+02  3.87354413E+02
  5.49000000E+02  4.06617200E+02
  5.49000000E+02  4.07684992E+02
  5.49000000E+02  4.26947778E+02
  5.49000000E+02  4.28015570E+02
  5.47930644E+02  4.32500000E+02
  5.42370289E+02  4.32500000E+02
  5.27570284E+02  4.32500000E+02
  5.22009929E+02  4.32500000E+02
  5.07209923E+02  4.32500000E+02
  5.01649568E+02  4.32500000E+02
  4.86849563E+02  4.32500000E+02
  4.81289208E+02  4.32500000E+02
  4.66489203E+02  4.32500000E+02
  4.60928848E+02  4.32500000E+02
  4.46128842E+02  4.32500000E+02
  4.40568487E+02  4.32500000E+02
  4.25768482E+02  4.32500000E+02
  4.20208127E+02  4.32500000E+02
  4.05408121E+02  4.32500000E+02
  3.99847767E+02  4.32500000E+02
  3.85047761E+02  4.32500000E+02
  3.79487406E+02  4.32500000E+02
  3.64687401E+02  4.32500000E+02
  3.59127046E+02  4.32500000E+02
  3.44327040E+02  4.32500000E+02
  3.38766685E+02  4.32500000E+02
  3.23966680E+02  4.32500000E+02
  3.18406325E+02  4.32500000E+02
  3.03606320E+02  4.32500000E+02
  2.98045965E+02  4.32500000E+02
  2.83245959E+02  4.32500000E+02
  2.77685604E+02  4.32500000E+02
  2.62885599E+02  4.32500000E+02
  2.57325244E+02  4.32500000E+02
  2.42525239E+02  4.32500000E+02
  2.36964884E+02  4.32500000E+02
  2.22164878E+02  4.32500000E+02
  2.16604523E+02  4.32500000E+02
  2.01804518E+02  4.32500000E+02
  1.96244163E+02  4.32500000E+02
  1.81444157E+02  4.32500000E+02
  1.75883803E+02  4.32500000E+02
  1.61083797E+02  4.32500000E+02
  1.55523442E+02  4.32500000E+02
  1.40723437E+02  4.32500000E+02
  1.35163082E+02  4.32500000E+02
  1.20363076E+02  4.32500000E+02
  1.14802721E+02  4.32500000E+02
  1.00002716E+02  4.32500000E+02
  9.44423611E+01  4.32500000E+02
  7.96423557E+01  4.32500000E+02
  7.40820007E+01  4.32500000E+02
  5.92819953E+01  4.32500000E+02
  5.37216404E+01  4.32500000E+02
  3.89216350E+01  4.32500000E+02
  3.33612800E+01  4.32500000E+02
  1.85612746E+01  4.32500000E+02
  1.30009197E+01  4.32500000E+02
  0.00000000E+00  4.26947778E+02
  0.00000000E+00  4.08413654E+02
  0.00000000E+00  4.06617200E+02
  0.00000000E+00  3.88083076E+02
  0.00000000E+00  3.86286621E+02
  0.00000000E+00  3.67752497E+02
  0.00000000E+00  3.65956043E+02
  0.00000000E+00  3.47421919E+02
  0.00000000E+00  3.45625464E+02
  0.00000000E+00  3.27091340E+02
  0.00000000E+00  3.25294886E+02
  0.00000000E+00  3.06760761E+02
  0.00000000E+00  3.04964307E+02
  0.00000000E+00  2.86430183E+02
  0.00000000E+00  2.84633729E+02
  0.00000000E+00  2.66099604E+02
  0.00000000E+00  2.64303150E+02
  0.00000000E+00  2.45769026E+02
  0.00000000E+00  2.43972572E+02
  0.00000000E+00  2.25438447E+02
  0.00000000E+00  2.23641993E+02
  0.00000000E+00  2.05107869E+02
  0.00000000E+00  2.03311415E+02
  0.00000000E+00  1.84777290E+02
  0.00000000E+00  1.82980836E+02
  0.00000000E+00  1.64446712E+02
  0.00000000E+00  1.62650258E+02
  0.00000000E+00  1.44116133E+02
  0.00000000E+00  1.42319679E+02
  0.00000000E+00  1.23785555E+02
  0.00000000E+00  1.21989101E+02
  0.00000000E+00  1.03454976E+02
  0.00000000E+00  1.01658522E+02
  0.00000000E+00  8.31243978E+01
  0.00000000E+00  8.13279437E+01
  0.00000000E+00  6.27938193E+01
  0.00000000E+00  6.09973652E+01
  0.00000000E+00  4.24632408E+01
  0.00000000E+00  4.06667867E+01
  0.00000000E+00  2.21326623E+01
  0.00000000E+00  2.03362081E+01
  0.00000000E+00  1.80208379E+00
  0.00000000E+00  5.62962936E-03
  0.00000000E+00 -1.85284947E+01
  0.00000000E+00 -2.03249489E+01
  0.00000000E+00 -3.88590732E+01
  0.00000000E+00 -4.06555274E+01
  0.00000000E+00 -5.91896517E+01
  0.00000000E+00 -6.09861059E+01
  0.00000000E+00 -7.95202303E+01
  0.00000000E+00 -8.13166844E+01
  0.00000000E+00 -9.98508088E+01
  0.00000000E+00 -1.01647263E+02
  0.00000000E+00 -1.20181387E+02
  0.00000000E+00 -1.21977841E+02
  0.00000000E+00 -1.40511966E+02
  0.00000000E+00 -1.42308420E+02
  0.00000000E+00 -1.60842544E+02
  0.00000000E+00 -1.62638998E+02
  0.00000000E+00 -1.81173123E+02
  0.00000000E+00 -1.82969577E+02
  0.00000000E+00 -2.01503701E+02
  0.00000000E+00 -2.03300155E+02
  0.00000000E+00 -2.21834280E+02
  0.00000000E+00 -2.23630734E+02
  0.00000000E+00 -2.42164858E+02
  0.00000000E+00 -2.43961313E+02
  0.00000000E+00 -2.62495437E+02
  0.00000000E+00 -2.64291891E+02
  0.00000000E+00 -2.82826015E+02
  0.00000000E+00 -2.84622470E+02
  0.00000000E+00 -3.03156594E+02
  0.00000000E+00 -3.04953048E+02
  0.00000000E+00 -3.23487172E+02
  0.00000000E+00 -3.25283627E+02
  0.00000000E+00 -3.43817751E+02
  0.00000000E+00 -3.45614205E+02
  0.00000000E+00 -3.64148329E+02
  0.00000000E+00 -3.65944784E+02
  0.00000000E+00 -3.84478908E+02
  0.00000000E+00 -3.86275362E+02
  0.00000000E+00 -4.04809486E+02
  0.00000000E+00 -4.06605941E+02
  0.00000000E+00 -4.25140065E+02
  0.00000000E+00 -4.26936519E+02

hb:   line clip z  
clip:
 -6.44000000E+02 -3.97288972E+02
 -6.32970257E+02 -4.00000000E+02
 -6.19225514E+02 -4.00000000E+02
 -2.52739028E+02 -4.00000000E+02
 -2.50000000E+02 -3.86275362E+02
 -2.50000000E+02 -3.69815703E+02
 -2.50000000E+02 -3.65944784E+02
 -2.50000000E+02 -3.49485125E+02
 -2.50000000E+02 -3.45614205E+02
 -2.50000000E+02 -3.29154546E+02
 -2.50000000E+02 -3.25283627E+02
 -2.50000000E+02 -3.08823968E+02
 -2.50000000E+02 -3.04953048E+02
 -2.50000000E+02 -2.88493389E+02
 -2.50000000E+02 -2.84622470E+02
 -2.50000000E+02 -2.68162811E+02
 -2.50000000E+02 -2.64291891E+02
 -2.52170944E+02 -2.50000000E+02
 -2.66483770E+02 -2.50000000E+02
 -2.80796597E+02 -2.50000000E+02
 -2.86844131E+02 -2.50000000E+02
 -3.01156958E+02 -2.50000000E+02
 -3.07204491E+02 -2.50000000E+02
 -3.21517318E+02 -2.50000000E+02
 -3.27564852E+02 -2.50000000E+02
 -3.41877678E+02 -2.50000000E+02
 -3.47925212E+02 -2.50000000E+02
 -3.62238039E+02 -2.50000000E+02
 -3.68285572E+02 -2.50000000E+02
 -3.82598399E+02 -2.50000000E+02
 -3.88645933E+02 -2.50000000E+02
 -4.02958760E+02 -2.50000000E+02
 -4.09006293E+02 -2.50000000E+02
 -4.23319120E+02 -2.50000000E+02
 -4.29366653E+02 -2.50000000E+02
 -4.43679480E+02 -2.50000000E+02
 -4.49727014E+02 -2.50000000E+02
 -4.64039841E+02 -2.50000000E+02
 -4.70087374E+02 -2.50000000E+02
 -4.84400201E+02 -2.50000000E+02
 -4.90447734E+02 -2.50000000E+02
 -5.04760561E+02 -2.50000000E+02
 -5.10808095E+02 -2.50000000E+02
 -5.25120922E+02 -2.50000000E+02
 -5.31168455E+02 -2.50000000E+02
 -5.45481282E+02 -2.50000000E+02
 -5.51528815E+02 -2.50000000E+02
 -5.64000000E+02 -2.43961313E+02
 -5.64000000E+02 -2.36083676E+02
 -5.64000000E+02 -2.23630734E+02
 -5.64000000E+02 -2.15753098E+02
 -5.64000000E+02 -2.03300155E+02
 -5.64000000E+02 -1.95422519E+02
 -5.64000000E+02 -1.82969577E+02
 -5.64000000E+02 -1.75091941E+02
 -5.64000000E+02 -1.62638998E+02
 -5.64000000E+02 -1.54761362E+02
 -5.64000000E+02 -1.42308420E+02
 -5.64000000E+02 -1.34430784E+02
 -5.64000000E+02 -1.21977841E+02
 -5.64000000E+02 -1.14100205E+02
 -5.64000000E+02 -1.01647263E+02
 -5.64000000E+02 -9.37696269E+01
 -5.64000000E+02 -8.13166844E+01
 -5.64000000E+02 -7.34390484E+01
 -5.64000000E+02 -6.09861059E+01
 -5.64000000E+02 -5.31084699E+01
 -5.64000000E+02 -4.06555274E+01
 -5.64000000E+02 -3.27778913E+01
 -5.64000000E+02 -2.03249489E+01
 -5.64000000E+02 -1.24473128E+01
 -5.64000000E+02  5.62962936E-03
 -5.64000000E+02  7.88326568E+00
 -5.64000000E+02  2.03362081E+01
 -5.64000000E+02  2.82138442E+01
 -5.64000000E+02  4.06667867E+01
 -5.64000000E+02  4.85444227E+01
 -5.64000000E+02  6.09973652E+01
 -5.64000000E+02  6.88750012E+01
 -5.64000000E+02  8.13279437E+01
 -5.64000000E+02  8.92055797E+01
 -5.64000000E+02  1.01658522E+02
 -5.64000000E+02  1.09536158E+02
 -5.64000000E+02  1.21989101E+02
 -5.64000000E+02  1.29866737E+02
 -5.64000000E+02  1.42319679E+02
 -5.64000000E+02  1.50197315E+02
 -5.64000000E+02  1.62650258E+02
 -5.64000000E+02  1.70527894E+02
 -5.64000000E+02  1.82980836E+02
 -5.64000000E+02  1.90858472E+02
 -5.64000000E+02  2.03311415E+02
 -5.64000000E+02  2.11189051E+02
 -5.64000000E+02  2.23641993E+02
 -5.64000000E+02  2.31519629E+02
 -5.51528815E+02  2.50000000E+02
 -5.37204713E+02  2.50000000E+02
 -2.52159668E+02  2.50000000E+02
 -2.50000000E+02  2.64303150E+02
 -2.50000000E+02  2.80762809E+02
 -2.50000000E+02  2.84633729E+02
 -2.50000000E+02  3.01093388E+02
 -2.50000000E+02  3.04964307E+02
 -2.50000000E+02  3.21423966E+02
 -2.50000000E+02  3.25294886E+02
 -2.50000000E+02  3.41754545E+02
 -2.50000000E+02  3.45625464E+02
 -2.50000000E+02  3.62085123E+02
 -2.50000000E+02  3.65956043E+02
 -2.50000000E+02  3.82415702E+02
 -2.50000000E+02  3.86286621E+02
 -2.52750303E+02  4.00000000E+02
 -2.66483770E+02  4.00000000E+02
 -2.80217238E+02  4.00000000E+02
 -2.86844131E+02  4.00000000E+02
 -3.00577598E+02  4.00000000E+02
 -3.07204491E+02  4.00000000E+02
 -3.20937958E+02  4.00000000E+02
 -3.27564852E+02  4.00000000E+02
 -3.41298319E+02  4.00000000E+02
 -3.47925212E+02  4.00000000E+02
 -3.61658679E+02  4.00000000E+02
 -3.68285572E+02  4.00000000E+02
 -3.82019039E+02  4.00000000E+02
 -3.88645933E+02  4.00000000E+02
 -4.02379400E+02  4.00000000E+02
 -4.09006293E+02  4.00000000E+02
 -4.22739760E+02  4.00000000E+02
 -4.29366653E+02  4.00000000E+02
 -4.43100120E+02  4.00000000E+02
 -4.49727014E+02  4.00000000E+02
 -4.63460481E+02  4.00000000E+02
 -4.70087374E+02  4.00000000E+02
 -4.83820841E+02  4.00000000E+02
 -4.90447734E+02  4.00000000E+02
 -5.04181201E+02  4.00000000E+02
 -5.10808095E+02  4.00000000E+02
 -5.24541562E+02  4.00000000E+02
 -5.31168455E+02  4.00000000E+02
 -5.44901922E+02  4.00000000E+02
 -5.51528815E+02  4.00000000E+02
 -5.65262283E+02  4.00000000E+02
 -5.71889176E+02  4.00000000E+02
 -5.85622643E+02  4.00000000E+02
 -5.92249536E+02  4.00000000E+02
 -6.05983003E+02  4.00000000E+02
 -6.12609897E+02  4.00000000E+02
 -6.26343364E+02  4.00000000E+02
 -6.32970257E+02  4.00000000E+02
 -6.44000000E+02  3.97300231E+02
 -6.44000000E+02  3.86286621E+02
 -6.44000000E+02  3.75273012E+02
 -6.44000000E+02  3.65956043E+02
 -6.44000000E+02  3.54942433E+02
 -6.44000000E+02  3.45625464E+02
 -6.44000000E+02  3.34611855E+02
 -6.44000000E+02  3.25294886E+02
 -6.44000000E+02  3.14281276E+02
 -6.44000000E+02  3.04964307E+02
 -6.44000000E+02  2.93950698E+02
 -6.44000000E+02  2.84633729E+02
 -6.44000000E+02  2.73620119E+02
 -6.44000000E+02  2.64303150E+02
 -6.44000000E+02  2.53289541E+02
 -6.44000000E+02  2.43972572E+02
 -6.44000000E+02  2.32958962E+02
 -6.44000000E+02  2.23641993E+02
 -6.44000000E+02  2.12628384E+02
 -6.44000000E+02  2.03311415E+02
 -6.44000000E+02  1.92297805E+02
 -6.44000000E+02  1.82980836E+02
 -6.44000000E+02  1.71967227E+02
 -6.44000000E+02  1.62650258E+02
 -6.44000000E+02  1.51636648E+02
 -6.44000000E+02  1.42319679E+02
 -6.44000000E+02  1.31306070E+02
 -6.44000000E+02  1.21989101E+02
 -6.44000000E+02  1.10975491E+02
 -6.44000000E+02  1.01658522E+02
 -6.44000000E+02  9.06449127E+01
 -6.44000000E+02  8.13279437E+01
 -6.44000000E+02  7.03143342E+01
 -6.44000000E+02  6.09973652E+01
 -6.44000000E+02  4.99837557E+01
 -6.44000000E+02  4.06667867E+01
 -6.44000000E+02  2.96531772E+01
 -6.44000000E+02  2.03362081E+01
 -6.44000000E+02  9.32259868E+00
 -6.44000000E+02  5.62962936E-03
 -6.44000000E+02 -1.10079798E+01
 -6.44000000E+02 -2.03249489E+01
 -6.44000000E+02 -3.13385583E+01
 -6.44000000E+02 -4.06555274E+01
 -6.44000000E+02 -5.16691369E+01
 -6.44000000E+02 -6.09861059E+01
 -6.44000000E+02 -7.19997154E+01
 -6.44000000E+02 -8.13166844E+01
 -6.44000000E+02 -9.23302939E+01
 -6.44000000E+02 -1.01647263E+02
 -6.44000000E+02 -1.12660872E+02
 -6.44000000E+02 -1.21977841E+02
 -6.44000000E+02 -1.32991451E+02
 -6.44000000E+02 -1.42308420E+02
 -6.44000000E+02 -1.53322029E+02
 -6.44000000E+02 -1.62638998E+02
 -6.44000000E+02 -1.73652608E+02
 -6.44000000E+02 -1.82969577E+02
 -6.44000000E+02 -1.93983186E+02
 -6.44000000E+02 -2.03300155E+02
 -6.44000000E+02 -2.14313765E+02
 -6.44000000E+02 -2.23630734E+02
 -6.44000000E+02 -2.34644343E+02
 -6.44000000E+02 -2.43961313E+02
 -6.44000000E+02 -2.54974922E+02
 -6.44000000E+02 -2.64291891E+02
 -6.44000000E+02 -2.75305500E+02
 -6.44000000E+02 -2.84622470E+02
 -6.44000000E+02 -2.95636079E+02
 -6.44000000E+02 -3.04953048E+02
 -6.44000000E+02 -3.15966658E+02
 -6.44000000E+02 -3.25283627E+02
 -6.44000000E+02 -3.36297236E+02
 -6.44000000E+02 -3.45614205E+02
 -6.44000000E+02 -3.56627815E+02
 -6.44000000E+02 -3.65944784E+02
 -6.44000000E+02 -3.76958393E+02
 -6.44000000E+02 -3.86275362E+02

hb:   line clip z  
clip:
 -5.57576349E+02 -2.50000000E+02
 -2.60436237E+02 -2.50000000E+02
 -2.50000000E+02 -2.43961313E+02
 -2.50000000E+02 -2.27501653E+02
 -2.50000000E+02 -2.23630734E+02
 -2.50000000E+02 -2.07171075E+02
 -2.50000000E+02 -2.03300155E+02
 -2.50000000E+02 -1.86840496E+02
 -2.50000000E+02 -1.82969577E+02
 -2.50000000E+02 -1.66509918E+02
 -2.50000000E+02 -1.62638998E+02
 -2.50000000E+02 -1.46179339E+02
 -2.50000000E+02 -1.42308420E+02
 -2.50000000E+02 -1.25848761E+02
 -2.50000000E+02 -1.21977841E+02
 -2.50000000E+02 -1.05518182E+02
 -2.50000000E+02 -1.01647263E+02
 -2.50000000E+02 -8.51876039E+01
 -2.50000000E+02 -8.13166844E+01
 -2.50000000E+02 -6.48570254E+01
 -2.50000000E+02 -6.09861059E+01
 -2.50000000E+02 -4.45264469E+01
 -2.50000000E+02 -4.06555274E+01
 -2.50000000E+02 -2.41958684E+01
 -2.50000000E+02 -2.03249489E+01
 -2.50000000E+02 -3.86528986E+00
 -2.50000000E+02  5.62962936E-03
 -2.50000000E+02  1.64652886E+01
 -2.50000000E+02  2.03362081E+01
 -2.50000000E+02  3.67958672E+01
 -2.50000000E+02  4.06667867E+01
 -2.50000000E+02  5.71264457E+01
 -2.50000000E+02  6.09973652E+01
 -2.50000000E+02  7.74570242E+01
 -2.50000000E+02  8.13279437E+01
 -2.50000000E+02  9.77876027E+01
 -2.50000000E+02  1.01658522E+02
 -2.50000000E+02  1.18118181E+02
 -2.50000000E+02  1.21989101E+02
 -2.50000000E+02  1.38448760E+02
 -2.50000000E+02  1.42319679E+02
 -2.50000000E+02  1.58779338E+02
 -2.50000000E+02  1.62650258E+02
 -2.50000000E+02  1.79109917E+02
 -2.50000000E+02  1.82980836E+02
 -2.50000000E+02  1.99440495E+02
 -2.50000000E+02  2.03311415E+02
 -2.50000000E+02  2.19771074E+02
 -2.50000000E+02  2.23641993E+02
 -2.50000000E+02  2.40101652E+02
 -2.50000000E+02  2.43972572E+02
 -2.60447513E+02  2.50000000E+02
 -2.66483770E+02  2.50000000E+02
 -2.72520028E+02  2.50000000E+02
 -2.86844131E+02  2.50000000E+02
 -2.92880388E+02  2.50000000E+02
 -3.07204491E+02  2.50000000E+02
 -3.13240749E+02  2.50000000E+02
 -3.27564852E+02  2.50000000E+02
 -3.33601109E+02  2.50000000E+02
 -3.47925212E+02  2.50000000E+02
 -3.53961470E+02  2.50000000E+02
 -3.68285572E+02  2.50000000E+02
 -3.74321830E+02  2.50000000E+02
 -3.88645933E+02  2.50000000E+02
 -3.94682190E+02  2.50000000E+02
 -4.09006293E+02  2.50000000E+02
 -4.15042551E+02  2.50000000E+02
 -4.29366653E+02  2.50000000E+02
 -4.35402911E+02  2.50000000E+02
 -4.49727014E+02  2.50000000E+02
 -4.55763271E+02  2.50000000E+02
 -4.70087374E+02  2.50000000E+02
 -4.76123632E+02  2.50000000E+02
 -4.90447734E+02  2.50000000E+02
 -4.96483992E+02  2.50000000E+02
 -5.10808095E+02  2.50000000E+02
 -5.16844352E+02  2.50000000E+02
 -5.31168455E+02  2.50000000E+02
 -5.37204713E+02  2.50000000E+02
 -5.51528815E+02  2.50000000E+02
 -5.57565073E+02  2.50000000E+02
 -5.64000000E+02  2.43972572E+02
 -5.64000000E+02  2.31519629E+02
 -5.64000000E+02  2.23641993E+02
 -5.64000000E+02  2.11189051E+02
 -5.64000000E+02  2.03311415E+02
 -5.64000000E+02  1.90858472E+02
 -5.64000000E+02  1.82980836E+02
 -5.64000000E+02  1.70527894E+02
 -5.64000000E+02  1.62650258E+02
 -5.64000000E+02  1.50197315E+02
 -5.64000000E+02  1.42319679E+02
 -5.64000000E+02  1.29866737E+02
 -5.64000000E+02  1.21989101E+02
 -5.64000000E+02  1.09536158E+02
 -5.64000000E+02  1.01658522E+02
 -5.64000000E+02  8.92055797E+01
 -5.64000000E+02  8.13279437E+01
 -5.64000000E+02  6.88750012E+01
 -5.64000000E+02  6.09973652E+01
 -5.64000000E+02  4.85444227E+01
 -5.64000000E+02  4.06667867E+01
 -5.64000000E+02  2.82138442E+01
 -5.64000000E+02  2.03362081E+01
 -5.64000000E+02  7.88326568E+00
 -5.64000000E+02  5.62962936E-03
 -5.64000000E+02 -1.24473128E+01
 -5.64000000E+02 -2.03249489E+01
 -5.64000000E+02 -3.27778913E+01
 -5.64000000E+02 -4.06555274E+01
 -5.64000000E+02 -5.31084699E+01
 -5.64000000E+02 -6.09861059E+01
 -5.64000000E+02 -7.34390484E+01
 -5.64000000E+02 -8.13166844E+01
 -5.64000000E+02 -9.37696269E+01
 -5.64000000E+02 -1.01647263E+02
 -5.64000000E+02 -1.14100205E+02
 -5.64000000E+02 -1.21977841E+02
 -5.64000000E+02 -1.34430784E+02
 -5.64000000E+02 -1.42308420E+02
 -5.64000000E+02 -1.54761362E+02
 -5.64000000E+02 -1.62638998E+02
 -5.64000000E+02 -1.75091941E+02
 -5.64000000E+02 -1.82969577E+02
 -5.64000000E+02 -1.95422519E+02
 -5.64000000E+02 -2.03300155E+02
 -5.64000000E+02 -2.15753098E+02
 -5.64000000E+02 -2.23630734E+02
 -5.64000000E+02 -2.36083676E+02
 -5.64000000E+02 -2.43961313E+02

hb:   line clip z  
clip:
 -5.27863465E+02 -2.00000000E+02
 -3.30869841E+02 -2.00000000E+02
 -3.30000000E+02 -1.82969577E+02
 -3.30000000E+02 -1.65070585E+02
 -3.30000000E+02 -1.62638998E+02
 -3.30000000E+02 -1.44740006E+02
 -3.30000000E+02 -1.42308420E+02
 -3.30000000E+02 -1.24409428E+02
 -3.30000000E+02 -1.21977841E+02
 -3.30000000E+02 -1.04078849E+02
 -3.30000000E+02 -1.01647263E+02
 -3.30000000E+02 -8.37482709E+01
 -3.30000000E+02 -8.13166844E+01
 -3.30000000E+02 -6.34176924E+01
 -3.30000000E+02 -6.09861059E+01
 -3.30000000E+02 -4.30871139E+01
 -3.30000000E+02 -4.06555274E+01
 -3.30000000E+02 -2.27565354E+01
 -3.30000000E+02 -2.03249489E+01
 -3.30000000E+02 -2.42595687E+00
 -3.30000000E+02  5.62962936E-03
 -3.30000000E+02  1.79046216E+01
 -3.30000000E+02  2.03362081E+01
 -3.30000000E+02  3.82352002E+01
 -3.30000000E+02  4.06667867E+01
 -3.30000000E+02  5.85657787E+01
 -3.30000000E+02  6.09973652E+01
 -3.30000000E+02  7.88963572E+01
 -3.30000000E+02  8.13279437E+01
 -3.30000000E+02  9.92269357E+01
 -3.30000000E+02  1.01658522E+02
 -3.30000000E+02  1.19557514E+02
 -3.30000000E+02  1.21989101E+02
 -3.30000000E+02  1.39888093E+02
 -3.30000000E+02  1.42319679E+02
 -3.30000000E+02  1.60218671E+02
 -3.30000000E+02  1.62650258E+02
 -3.30000000E+02  1.80549250E+02
 -3.30000000E+02  1.82980836E+02
 -3.30881117E+02  2.00000000E+02
 -3.47925212E+02  2.00000000E+02
 -3.64969307E+02  2.00000000E+02
 -3.68285572E+02  2.00000000E+02
 -3.85329667E+02  2.00000000E+02
 -3.88645933E+02  2.00000000E+02
 -4.05690027E+02  2.00000000E+02
 -4.09006293E+02  2.00000000E+02
 -4.26050388E+02  2.00000000E+02
 -4.29366653E+02  2.00000000E+02
 -4.46410748E+02  2.00000000E+02
 -4.49727014E+02  2.00000000E+02
 -4.66771108E+02  2.00000000E+02
 -4.70087374E+02  2.00000000E+02
 -4.87131469E+02  2.00000000E+02
 -4.90447734E+02  2.00000000E+02
 -5.07491829E+02  2.00000000E+02
 -5.10808095E+02  2.00000000E+02
 -5.27852190E+02  2.00000000E+02
 -5.30000000E+02  1.82980836E+02
 -5.30000000E+02  1.63817004E+02
 -5.30000000E+02  1.62650258E+02
 -5.30000000E+02  1.43486425E+02
 -5.30000000E+02  1.42319679E+02
 -5.30000000E+02  1.23155847E+02
 -5.30000000E+02  1.21989101E+02
 -5.30000000E+02  1.02825268E+02
 -5.30000000E+02  1.01658522E+02
 -5.30000000E+02  8.24946897E+01
 -5.30000000E+02  8.13279437E+01
 -5.30000000E+02  6.21641111E+01
 -5.30000000E+02  6.09973652E+01
 -5.30000000E+02  4.18335326E+01
 -5.30000000E+02  4.06667867E+01
 -5.30000000E+02  2.15029541E+01
 -5.30000000E+02  2.03362081E+01
 -5.30000000E+02  1.17237561E+00
 -5.30000000E+02  5.62962936E-03
 -5.30000000E+02 -1.91582029E+01
 -5.30000000E+02 -2.03249489E+01
 -5.30000000E+02 -3.94887814E+01
 -5.30000000E+02 -4.06555274E+01
 -5.30000000E+02 -5.98193599E+01
 -5.30000000E+02 -6.09861059E+01
 -5.30000000E+02 -8.01499384E+01
 -5.30000000E+02 -8.13166844E+01
 -5.30000000E+02 -1.00480517E+02
 -5.30000000E+02 -1.01647263E+02
 -5.30000000E+02 -1.20811095E+02
 -5.30000000E+02 -1.21977841E+02
 -5.30000000E+02 -1.41141674E+02
 -5.30000000E+02 -1.42308420E+02
 -5.30000000E+02 -1.61472252E+02
 -5.30000000E+02 -1.62638998E+02
 -5.30000000E+02 -1.81802831E+02
 -5.30000000E+02 -1.82969577E+02

hb:   line clip z  
clip:
  5.00000000E+01 -1.92237995E+02
  5.92819953E+01 -2.00000000E+02
  7.63373659E+01 -2.00000000E+02
  2.42525239E+02 -2.00000000E+02
  2.50000000E+02 -1.90433405E+02
  2.50000000E+02 -1.82969577E+02
  2.50000000E+02 -1.75505749E+02
  2.50000000E+02 -1.62638998E+02
  2.50000000E+02 -1.55175171E+02
  2.50000000E+02 -1.42308420E+02
  2.50000000E+02 -1.34844592E+02
  2.50000000E+02 -1.21977841E+02
  2.50000000E+02 -1.14514014E+02
  2.50000000E+02 -1.01647263E+02
  2.50000000E+02 -9.41834351E+01
  2.50000000E+02 -8.13166844E+01
  2.50000000E+02 -7.38528566E+01
  2.50000000E+02 -6.09861059E+01
  2.50000000E+02 -5.35222781E+01
  2.50000000E+02 -4.06555274E+01
  2.50000000E+02 -3.31916996E+01
  2.50000000E+02 -2.03249489E+01
  2.50000000E+02 -1.28611211E+01
  2.50000000E+02  5.62962936E-03
  2.50000000E+02  7.46945745E+00
  2.50000000E+02  2.03362081E+01
  2.50000000E+02  2.78000360E+01
  2.50000000E+02  4.06667867E+01
  2.50000000E+02  4.81306145E+01
  2.50000000E+02  6.09973652E+01
  2.50000000E+02  6.84611930E+01
  2.50000000E+02  8.13279437E+01
  2.50000000E+02  8.87917715E+01
  2.50000000E+02  1.01658522E+02
  2.50000000E+02  1.09122350E+02
  2.50000000E+02  1.21989101E+02
  2.50000000E+02  1.29452929E+02
  2.50000000E+02  1.42319679E+02
  2.50000000E+02  1.49783507E+02
  2.50000000E+02  1.62650258E+02
  2.50000000E+02  1.70114086E+02
  2.50000000E+02  1.82980836E+02
  2.50000000E+02  1.90444664E+02
  2.42525239E+02  2.00000000E+02
  2.25481144E+02  2.00000000E+02
  2.22164878E+02  2.00000000E+02
  2.05120783E+02  2.00000000E+02
  2.01804518E+02  2.00000000E+02
  1.84760423E+02  2.00000000E+02
  1.81444157E+02  2.00000000E+02
  1.64400063E+02  2.00000000E+02
  1.61083797E+02  2.00000000E+02
  1.44039702E+02  2.00000000E+02
  1.40723437E+02  2.00000000E+02
  1.23679342E+02  2.00000000E+02
  1.20363076E+02  2.00000000E+02
  1.03318982E+02  2.00000000E+02
  1.00002716E+02  2.00000000E+02
  8.29586213E+01  2.00000000E+02
  7.96423557E+01  2.00000000E+02
  6.25982609E+01  2.00000000E+02
  5.92819953E+01  2.00000000E+02
  5.00000000E+01  1.92249254E+02
  5.00000000E+01  1.82980836E+02
  5.00000000E+01  1.73712418E+02
  5.00000000E+01  1.62650258E+02
  5.00000000E+01  1.53381840E+02
  5.00000000E+01  1.42319679E+02
  5.00000000E+01  1.33051261E+02
  5.00000000E+01  1.21989101E+02
  5.00000000E+01  1.12720682E+02
  5.00000000E+01  1.01658522E+02
  5.00000000E+01  9.23901040E+01
  5.00000000E+01  8.13279437E+01
  5.00000000E+01  7.20595255E+01
  5.00000000E+01  6.09973652E+01
  5.00000000E+01  5.17289470E+01
  5.00000000E+01  4.06667867E+01
  5.00000000E+01  3.13983684E+01
  5.00000000E+01  2.03362081E+01
  5.00000000E+01  1.10677899E+01
  5.00000000E+01  5.62962936E-03
  5.00000000E+01 -9.26278858E+00
  5.00000000E+01 -2.03249489E+01
  5.00000000E+01 -2.95933671E+01
  5.00000000E+01 -4.06555274E+01
  5.00000000E+01 -4.99239456E+01
  5.00000000E+01 -6.09861059E+01
  5.00000000E+01 -7.02545241E+01
  5.00000000E+01 -8.13166844E+01
  5.00000000E+01 -9.05851026E+01
  5.00000000E+01 -1.01647263E+02
  5.00000000E+01 -1.10915681E+02
  5.00000000E+01 -1.21977841E+02
  5.00000000E+01 -1.31246260E+02
  5.00000000E+01 -1.42308420E+02
  5.00000000E+01 -1.51576838E+02
  5.00000000E+01 -1.62638998E+02
  5.00000000E+01 -1.71907417E+02
  5.00000000E+01 -1.82969577E+02

hb:   line clip z  
frame:
 -9.9999731E+02 -1.1999944E+03
  1.2000027E+03 -1.1999944E+03
  1.2000027E+03  1.2000056E+03
 -9.9999731E+02  1.2000056E+03
clip:
 -4.97074628E+02  4.00000000E+02
 -3.00577598E+02  4.00000000E+02
 -3.00000000E+02  4.06617200E+02
 -3.00000000E+02  4.13811153E+02
 -3.00000000E+02  4.26947778E+02
 -3.00000000E+02  4.34141731E+02
 -3.00000000E+02  4.47278357E+02
 -3.00000000E+02  4.54472310E+02
 -3.00000000E+02  4.67608935E+02
 -3.00000000E+02  4.74802888E+02
 -3.00000000E+02  4.87939514E+02
 -3.00000000E+02  4.95133467E+02
 -3.00000000E+02  5.08270092E+02
 -3.00000000E+02  5.15464045E+02
 -3.00000000E+02  5.28600671E+02
 -3.00000000E+02  5.35794624E+02
 -3.00000000E+02  5.48931249E+02
 -3.00000000E+02  5.56125202E+02
 -3.00000000E+02  5.69261828E+02
 -3.00000000E+02  5.76455781E+02
 -3.00000000E+02  5.89592406E+02
 -3.00000000E+02  5.96786359E+02
 -3.00000000E+02  6.09922985E+02
 -3.00000000E+02  6.17116938E+02
 -3.00000000E+02  6.30253564E+02
 -3.00000000E+02  6.37447516E+02
 -3.00000000E+02  6.50584142E+02
 -3.00000000E+02  6.57778095E+02
 -3.00000000E+02  6.70914721E+02
 -3.00000000E+02  6.78108673E+02
 -3.00000000E+02  6.91245299E+02
 -3.00000000E+02  6.98439252E+02
 -3.00000000E+02  7.11575878E+02
 -3.00000000E+02  7.18769830E+02
 -3.00000000E+02  7.31906456E+02
 -3.00000000E+02  7.39100409E+02
 -3.00000000E+02  7.52237035E+02
 -3.00000000E+02  7.59430987E+02
 -3.00000000E+02  7.72567613E+02
 -3.00000000E+02  7.79761566E+02
 -3.00000000E+02  7.92898192E+02
 -3.00000000E+02  8.00092144E+02
 -3.00000000E+02  8.13228770E+02
 -3.00000000E+02  8.20422723E+02
 -3.00000000E+02  8.33559349E+02
 -3.00000000E+02  8.40753302E+02
 -3.00000000E+02  8.53889927E+02
 -3.00000000E+02  8.61083880E+02
 -3.00000000E+02  8.74220506E+02
 -3.00000000E+02  8.81414459E+02
 -3.00000000E+02  8.94551084E+02
 -3.00000000E+02  9.01745037E+02
 -3.00000000E+02  9.14881663E+02
 -3.00000000E+02  9.22075616E+02
 -3.00000000E+02  9.35212241E+02
 -3.00000000E+02  9.42406194E+02
 -3.00000000E+02  9.55542820E+02
 -3.00000000E+02  9.62736773E+02
 -3.00000000E+02  9.75873398E+02
 -3.00000000E+02  9.83067351E+02
 -3.00000000E+02  9.96203977E+02
 -3.00000000E+02  1.00339793E+03
 -3.00000000E+02  1.01653456E+03
 -3.00000000E+02  1.02372851E+03
 -3.00000000E+02  1.03686513E+03
 -3.00000000E+02  1.04405909E+03
 -3.00000000E+02  1.05719571E+03
 -3.00000000E+02  1.06438967E+03
 -3.00000000E+02  1.07752629E+03
 -3.00000000E+02  1.08472024E+03
 -3.00000000E+02  1.09785687E+03
 -3.00000000E+02  1.10505082E+03
 -3.00000000E+02  1.11818745E+03
 -3.00000000E+02  1.12538140E+03
 -3.00000000E+02  1.13851803E+03
 -3.00000000E+02  1.14571198E+03
 -3.00000000E+02  1.15884860E+03
 -3.00000000E+02  1.16604256E+03
 -3.00000000E+02  1.17917918E+03
 -3.00000000E+02  1.18637314E+03
 -3.00000000E+02  1.19950976E+03
 -3.00000000E+02  1.20670371E+03
 -3.00000000E+02  1.21984034E+03
 -3.07204491E+02  1.21984034E+03
 -3.27564852E+02  1.21984034E+03
 -3.47925212E+02  1.21984034E+03
 -3.68285572E+02  1.21984034E+03
 -3.88645933E+02  1.21984034E+03
 -4.09006293E+02  1.21984034E+03
 -4.29366653E+02  1.21984034E+03
 -4.49727014E+02  1.21984034E+03
 -4.70087374E+02  1.21984034E+03
 -4.90447734E+02  1.21984034E+03
 -5.00000000E+02  1.21984034E+03
 -5.00000000E+02  1.21030205E+03
 -5.00000000E+02  1.19950976E+03
 -5.00000000E+02  1.18997147E+03
 -5.00000000E+02  1.17917918E+03
 -5.00000000E+02  1.16964089E+03
 -5.00000000E+02  1.15884860E+03
 -5.00000000E+02  1.14931031E+03
 -5.00000000E+02  1.13851803E+03
 -5.00000000E+02  1.12897973E+03
 -5.00000000E+02  1.11818745E+03
 -5.00000000E+02  1.10864915E+03
 -5.00000000E+02  1.09785687E+03
 -5.00000000E+02  1.08831858E+03
 -5.00000000E+02  1.07752629E+03
 -5.00000000E+02  1.06798800E+03
 -5.00000000E+02  1.05719571E+03
 -5.00000000E+02  1.04765742E+03
 -5.00000000E+02  1.03686513E+03
 -5.00000000E+02  1.02732684E+03
 -5.00000000E+02  1.01653456E+03
 -5.00000000E+02  1.00699626E+03
 -5.00000000E+02  9.96203977E+02
 -5.00000000E+02  9.86665684E+02
 -5.00000000E+02  9.75873398E+02
 -5.00000000E+02  9.66335105E+02
 -5.00000000E+02  9.55542820E+02
 -5.00000000E+02  9.46004527E+02
 -5.00000000E+02  9.35212241E+02
 -5.00000000E+02  9.25673948E+02
 -5.00000000E+02  9.14881663E+02
 -5.00000000E+02  9.05343370E+02
 -5.00000000E+02  8.94551084E+02
 -5.00000000E+02  8.85012791E+02
 -5.00000000E+02  8.74220506E+02
 -5.00000000E+02  8.64682213E+02
 -5.00000000E+02  8.53889927E+02
 -5.00000000E+02  8.44351634E+02
 -5.00000000E+02  8.33559349E+02
 -5.00000000E+02  8.24021055E+02
 -5.00000000E+02  8.13228770E+02
 -5.00000000E+02  8.03690477E+02
 -5.00000000E+02  7.92898192E+02
 -5.00000000E+02  7.83359898E+02
 -5.00000000E+02  7.72567613E+02
 -5.00000000E+02  7.63029320E+02
 -5.00000000E+02  7.52237035E+02
 -5.00000000E+02  7.42698741E+02
 -5.00000000E+02  7.31906456E+02
 -5.00000000E+02  7.22368163E+02
 -5.00000000E+02  7.11575878E+02
 -5.00000000E+02  7.02037584E+02
 -5.00000000E+02  6.91245299E+02
 -5.00000000E+02  6.81707006E+02
 -5.00000000E+02  6.70914721E+02
 -5.00000000E+02  6.61376427E+02
 -5.00000000E+02  6.50584142E+02
 -5.00000000E+02  6.41045849E+02
 -5.00000000E+02  6.30253564E+02
 -5.00000000E+02  6.20715270E+02
 -5.00000000E+02  6.09922985E+02
 -5.00000000E+02  6.00384692E+02
 -5.00000000E+02  5.89592406E+02
 -5.00000000E+02  5.80054113E+02
 -5.00000000E+02  5.69261828E+02
 -5.00000000E+02  5.59723535E+02
 -5.00000000E+02  5.48931249E+02
 -5.00000000E+02  5.39392956E+02
 -5.00000000E+02  5.28600671E+02
 -5.00000000E+02  5.19062378E+02
 -5.00000000E+02  5.08270092E+02
 -5.00000000E+02  4.98731799E+02
 -5.00000000E+02  4.87939514E+02
 -5.00000000E+02  4.78401221E+02
 -5.00000000E+02  4.67608935E+02
 -5.00000000E+02  4.58070642E+02
 -5.00000000E+02  4.47278357E+02
 -5.00000000E+02  4.37740064E+02
 -5.00000000E+02  4.26947778E+02
 -5.00000000E+02  4.17409485E+02
 -5.00000000E+02  4.06617200E+02

hb:   line clip z  
frame:
 -9.9999731E+02 -1.1999944E+03
  1.2000027E+03 -1.1999944E+03
  1.2000027E+03  1.2000056E+03
 -9.9999731E+02  1.2000056E+03
clip:
 -2.93471024E+02  4.00000000E+02
 -2.59856877E+02  4.00000000E+02
 -2.50000000E+02  4.06617200E+02
 -2.50000000E+02  4.23076859E+02
 -2.50000000E+02  4.26947778E+02
 -2.50000000E+02  4.43407437E+02
 -2.50000000E+02  4.47278357E+02
 -2.50000000E+02  4.63738016E+02
 -2.50000000E+02  4.67608935E+02
 -2.50000000E+02  4.84068594E+02
 -2.50000000E+02  4.87939514E+02
 -2.50000000E+02  5.04399173E+02
 -2.46123410E+02  5.12500000E+02
 -2.29999154E+02  5.12500000E+02
 -2.25763050E+02  5.12500000E+02
 -2.09638793E+02  5.12500000E+02
 -2.05402689E+02  5.12500000E+02
 -1.89278433E+02  5.12500000E+02
 -1.85042329E+02  5.12500000E+02
 -1.68918073E+02  5.12500000E+02
 -1.64681969E+02  5.12500000E+02
 -1.48557712E+02  5.12500000E+02
 -1.44321608E+02  5.12500000E+02
 -1.28197352E+02  5.12500000E+02
 -1.23961248E+02  5.12500000E+02
 -1.07836991E+02  5.12500000E+02
 -1.03600888E+02  5.12500000E+02
 -8.74766311E+01  5.12500000E+02
 -8.32405272E+01  5.12500000E+02
 -6.71162707E+01  5.12500000E+02
 -6.28801668E+01  5.12500000E+02
 -4.67559103E+01  5.12500000E+02
 -4.25198065E+01  5.12500000E+02
 -2.63955500E+01  5.12500000E+02
 -2.21594461E+01  5.12500000E+02
 -6.03518962E+00  5.12500000E+02
  0.00000000E+00  5.26804217E+02
  0.00000000E+00  1.21984034E+03
 -1.79908575E+00  1.21984034E+03
 -2.21594461E+01  1.21984034E+03
 -4.25198065E+01  1.21984034E+03
 -6.28801668E+01  1.21984034E+03
 -8.32405272E+01  1.21984034E+03
 -1.03600888E+02  1.21984034E+03
 -1.23961248E+02  1.21984034E+03
 -1.44321608E+02  1.21984034E+03
 -1.64681969E+02  1.21984034E+03
 -1.85042329E+02  1.21984034E+03
 -2.05402689E+02  1.21984034E+03
 -2.25763050E+02  1.21984034E+03
 -2.46123410E+02  1.21984034E+03
 -2.66483770E+02  1.21984034E+03
 -2.86844131E+02  1.21984034E+03
 -3.00000000E+02  1.21984034E+03
 -3.00000000E+02  1.20670371E+03
 -3.00000000E+02  1.19950976E+03
 -3.00000000E+02  1.18637314E+03
 -3.00000000E+02  1.17917918E+03
 -3.00000000E+02  1.16604256E+03
 -3.00000000E+02  1.15884860E+03
 -3.00000000E+02  1.14571198E+03
 -3.00000000E+02  1.13851803E+03
 -3.00000000E+02  1.12538140E+03
 -3.00000000E+02  1.11818745E+03
 -3.00000000E+02  1.10505082E+03
 -3.00000000E+02  1.09785687E+03
 -3.00000000E+02  1.08472024E+03
 -3.00000000E+02  1.07752629E+03
 -3.00000000E+02  1.06438967E+03
 -3.00000000E+02  1.05719571E+03
 -3.00000000E+02  1.04405909E+03
 -3.00000000E+02  1.03686513E+03
 -3.00000000E+02  1.02372851E+03
 -3.00000000E+02  1.01653456E+03
 -3.00000000E+02  1.00339793E+03
 -3.00000000E+02  9.96203977E+02
 -3.00000000E+02  9.83067351E+02
 -3.00000000E+02  9.75873398E+02
 -3.00000000E+02  9.62736773E+02
 -3.00000000E+02  9.55542820E+02
 -3.00000000E+02  9.42406194E+02
 -3.00000000E+02  9.35212241E+02
 -3.00000000E+02  9.22075616E+02
 -3.00000000E+02  9.14881663E+02
 -3.00000000E+02  9.01745037E+02
 -3.00000000E+02  8.94551084E+02
 -3.00000000E+02  8.81414459E+02
 -3.00000000E+02  8.74220506E+02
 -3.00000000E+02  8.61083880E+02
 -3.00000000E+02  8.53889927E+02
 -3.00000000E+02  8.40753302E+02
 -3.00000000E+02  8.33559349E+02
 -3.00000000E+02  8.20422723E+02
 -3.00000000E+02  8.13228770E+02
 -3.00000000E+02  8.00092144E+02
 -3.00000000E+02  7.92898192E+02
 -3.00000000E+02  7.79761566E+02
 -3.00000000E+02  7.72567613E+02
 -3.00000000E+02  7.59430987E+02
 -3.00000000E+02  7.52237035E+02
 -3.00000000E+02  7.39100409E+02
 -3.00000000E+02  7.31906456E+02
 -3.00000000E+02  7.18769830E+02
 -3.00000000E+02  7.11575878E+02
 -3.00000000E+02  6.98439252E+02
 -3.00000000E+02  6.91245299E+02
 -3.00000000E+02  6.78108673E+02
 -3.00000000E+02  6.70914721E+02
 -3.00000000E+02  6.57778095E+02
 -3.00000000E+02  6.50584142E+02
 -3.00000000E+02  6.37447516E+02
 -3.00000000E+02  6.30253564E+02
 -3.00000000E+02  6.17116938E+02
 -3.00000000E+02  6.09922985E+02
 -3.00000000E+02  5.96786359E+02
 -3.00000000E+02  5.89592406E+02
 -3.00000000E+02  5.76455781E+02
 -3.00000000E+02  5.69261828E+02
 -3.00000000E+02  5.56125202E+02
 -3.00000000E+02  5.48931249E+02
 -3.00000000E+02  5.35794624E+02
 -3.00000000E+02  5.28600671E+02
 -3.00000000E+02  5.15464045E+02
 -3.00000000E+02  5.08270092E+02
 -3.00000000E+02  4.95133467E+02
 -3.00000000E+02  4.87939514E+02
 -3.00000000E+02  4.74802888E+02
 -3.00000000E+02  4.67608935E+02
 -3.00000000E+02  4.54472310E+02
 -3.00000000E+02  4.47278357E+02
 -3.00000000E+02  4.34141731E+02
 -3.00000000E+02  4.26947778E+02
 -3.00000000E+02  4.13811153E+02
 -3.00000000E+02  4.06617200E+02

hb:   line clip z  
clip:
  5.09997882E+01  5.00000000E+02
  2.42525239E+02  5.00000000E+02
  2.50000000E+02  5.00806265E+02
  2.50000000E+02  5.08270092E+02
  2.50000000E+02  5.15733920E+02
  2.50000000E+02  5.28600671E+02
  2.50000000E+02  5.36064499E+02
  2.50000000E+02  5.48931249E+02
  2.50000000E+02  5.56395077E+02
  2.50000000E+02  5.69261828E+02
  2.50000000E+02  5.76725656E+02
  2.50000000E+02  5.89592406E+02
  2.50000000E+02  5.97056234E+02
  2.50000000E+02  6.09922985E+02
  2.50000000E+02  6.17386813E+02
  2.50000000E+02  6.30253564E+02
  2.50000000E+02  6.37717391E+02
  2.50000000E+02  6.50584142E+02
  2.50000000E+02  6.58047970E+02
  2.50000000E+02  6.70914721E+02
  2.50000000E+02  6.78378548E+02
  2.50000000E+02  6.91245299E+02
  2.50000000E+02  6.98709127E+02
  2.50000000E+02  7.11575878E+02
  2.50000000E+02  7.19039705E+02
  2.50000000E+02  7.31906456E+02
  2.50000000E+02  7.39370284E+02
  2.50000000E+02  7.52237035E+02
  2.50000000E+02  7.59700862E+02
  2.50000000E+02  7.72567613E+02
  2.50000000E+02  7.80031441E+02
  2.50000000E+02  7.92898192E+02
  2.50000000E+02  8.00362019E+02
  2.50000000E+02  8.13228770E+02
  2.50000000E+02  8.20692598E+02
  2.50000000E+02  8.33559349E+02
  2.50000000E+02  8.41023176E+02
  2.50000000E+02  8.53889927E+02
  2.50000000E+02  8.61353755E+02
  2.50000000E+02  8.74220506E+02
  2.50000000E+02  8.81684333E+02
  2.50000000E+02  8.94551084E+02
  2.47982136E+02  9.00000000E+02
  2.42525239E+02  9.00000000E+02
  2.37068341E+02  9.00000000E+02
  2.22164878E+02  9.00000000E+02
  2.16707980E+02  9.00000000E+02
  2.01804518E+02  9.00000000E+02
  1.96347620E+02  9.00000000E+02
  1.81444157E+02  9.00000000E+02
  1.75987260E+02  9.00000000E+02
  1.61083797E+02  9.00000000E+02
  1.55626899E+02  9.00000000E+02
  1.40723437E+02  9.00000000E+02
  1.35266539E+02  9.00000000E+02
  1.20363076E+02  9.00000000E+02
  1.14906179E+02  9.00000000E+02
  1.00002716E+02  9.00000000E+02
  9.45458182E+01  9.00000000E+02
  7.96423557E+01  9.00000000E+02
  7.41854579E+01  9.00000000E+02
  5.92819953E+01  9.00000000E+02
  5.38250975E+01  9.00000000E+02
  5.00000000E+01  8.94551084E+02
  5.00000000E+01  8.85282666E+02
  5.00000000E+01  8.74220506E+02
  5.00000000E+01  8.64952087E+02
  5.00000000E+01  8.53889927E+02
  5.00000000E+01  8.44621509E+02
  5.00000000E+01  8.33559349E+02
  5.00000000E+01  8.24290930E+02
  5.00000000E+01  8.13228770E+02
  5.00000000E+01  8.03960352E+02
  5.00000000E+01  7.92898192E+02
  5.00000000E+01  7.83629773E+02
  5.00000000E+01  7.72567613E+02
  5.00000000E+01  7.63299195E+02
  5.00000000E+01  7.52237035E+02
  5.00000000E+01  7.42968616E+02
  5.00000000E+01  7.31906456E+02
  5.00000000E+01  7.22638038E+02
  5.00000000E+01  7.11575878E+02
  5.00000000E+01  7.02307459E+02
  5.00000000E+01  6.91245299E+02
  5.00000000E+01  6.81976881E+02
  5.00000000E+01  6.70914721E+02
  5.00000000E+01  6.61646302E+02
  5.00000000E+01  6.50584142E+02
  5.00000000E+01  6.41315724E+02
  5.00000000E+01  6.30253564E+02
  5.00000000E+01  6.20985145E+02
  5.00000000E+01  6.09922985E+02
  5.00000000E+01  6.00654567E+02
  5.00000000E+01  5.89592406E+02
  5.00000000E+01  5.80323988E+02
  5.00000000E+01  5.69261828E+02
  5.00000000E+01  5.59993410E+02
  5.00000000E+01  5.48931249E+02
  5.00000000E+01  5.39662831E+02
  5.00000000E+01  5.28600671E+02
  5.00000000E+01  5.19332253E+02
  5.00000000E+01  5.08270092E+02

hb:   line clip z  
frame:
 -9.9999731E+02 -1.1999944E+03
  1.2000027E+03 -1.1999944E+03
  1.2000027E+03  1.2000056E+03
 -9.9999731E+02  1.2000056E+03
clip:
  1.21928997E+03  8.73688717E+02
  1.21982254E+03  8.72945005E+02
  1.21982254E+03  8.74220506E+02
  1.21982254E+03  8.94551084E+02
  1.21982254E+03  9.14881663E+02
  1.21982254E+03  9.35212241E+02
  1.21982254E+03  9.55542820E+02
  1.21982254E+03  9.75873398E+02
  1.21982254E+03  9.96203977E+02
  1.21982254E+03  1.01653456E+03
  1.21982254E+03  1.03686513E+03
  1.21982254E+03  1.05719571E+03
  1.21982254E+03  1.07752629E+03
  1.21982254E+03  1.09785687E+03
  1.21982254E+03  1.11818745E+03
  1.21982254E+03  1.13851803E+03
  1.21982254E+03  1.15884860E+03
  1.21982254E+03  1.17917918E+03
  1.21982254E+03  1.19950976E+03
  1.21982254E+03  1.21984034E+03
  1.19946218E+03  1.21984034E+03
  1.17910182E+03  1.21984034E+03
  1.15874145E+03  1.21984034E+03
  1.13838109E+03  1.21984034E+03
  1.11802073E+03  1.21984034E+03
  1.09766037E+03  1.21984034E+03
  1.07730001E+03  1.21984034E+03
  1.05693965E+03  1.21984034E+03
  1.03657929E+03  1.21984034E+03
  1.01621893E+03  1.21984034E+03
  9.95858572E+02  1.21984034E+03
  9.75498212E+02  1.21984034E+03
  9.55137851E+02  1.21984034E+03
  9.34777491E+02  1.21984034E+03
  9.14417130E+02  1.21984034E+03
  8.94056770E+02  1.21984034E+03
  8.73696410E+02  1.21984034E+03
  8.73372260E+02  1.21951666E+03
  8.73696410E+02  1.21928446E+03
  8.75676465E+02  1.21786318E+03
  8.94056770E+02  1.20443451E+03
  9.00653280E+02  1.19950976E+03
  9.08486602E+02  1.19358791E+03
  9.14417130E+02  1.18905059E+03
  9.27111888E+02  1.17917918E+03
  9.31393541E+02  1.17580018E+03
  9.34777491E+02  1.17311169E+03
  9.52402179E+02  1.15884860E+03
  9.53901882E+02  1.15761444E+03
  9.55137851E+02  1.15659487E+03
  9.69004067E+02  1.14500267E+03
  9.75498212E+02  1.13947498E+03
  9.76614921E+02  1.13851803E+03
  9.86922277E+02  1.12959480E+03
  9.95858572E+02  1.12172443E+03
  9.99828401E+02  1.11818745E+03
  1.00844388E+03  1.11042377E+03
  1.01621893E+03  1.10331278E+03
  1.02211071E+03  1.09785687E+03
  1.02957350E+03  1.09086132E+03
  1.03657929E+03  1.08420633E+03
  1.04352149E+03  1.07752629E+03
  1.05031201E+03  1.07090834E+03
  1.05693965E+03  1.06436769E+03
  1.06411335E+03  1.05719571E+03
  1.07065988E+03  1.05056529E+03
  1.07730001E+03  1.04375509E+03
  1.08393298E+03  1.03686513E+03
  1.09061711E+03  1.02983218E+03
  1.09766037E+03  1.02232172E+03
  1.10302198E+03  1.01653456E+03
  1.11018331E+03  1.00870859E+03
  1.11802073E+03  1.00001482E+03
  1.12141769E+03  9.96203977E+02
  1.12935761E+03  9.87193692E+02
  1.13838109E+03  9.76774531E+02
  1.13915368E+03  9.75873398E+02
  1.14813874E+03  9.65286193E+02
  1.15626032E+03  9.55542820E+02
  1.15738134E+03  9.54184695E+02
  1.15874145E+03  9.52532541E+02
  1.17276514E+03  9.35212241E+02
  1.17556932E+03  9.31684912E+02
  1.17910182E+03  9.27210283E+02
  1.18869321E+03  9.14881663E+02
  1.19335894E+03  9.08787351E+02
  1.19946218E+03  9.00716653E+02
  1.20406742E+03  8.94551084E+02
  1.21074730E+03  8.85489120E+02
  1.21890874E+03  8.74220506E+02

hb:   line clip z  
frame:
 -9.9999731E+02 -1.1999944E+03
  1.2000027E+03 -1.1999944E+03
  1.2000027E+03  1.2000056E+03
 -9.9999731E+02  1.2000056E+03
clip:
 -1.01981710E+03  1.09998776E+03
 -9.88839792E+02  1.12791660E+03
 -9.58736023E+02  1.15361399E+03
 -9.27111888E+02  1.17917918E+03
 -8.97654942E+02  1.20175522E+03
 -8.72920125E+02  1.21984034E+03
 -8.77294581E+02  1.21984034E+03
 -8.97654942E+02  1.21984034E+03
 -9.18015302E+02  1.21984034E+03
 -9.38375662E+02  1.21984034E+03
 -9.58736023E+02  1.21984034E+03
 -9.79096383E+02  1.21984034E+03
 -9.99456743E+02  1.21984034E+03
 -1.01981710E+03  1.21984034E+03
 -1.01981710E+03  1.19950976E+03
 -1.01981710E+03  1.17917918E+03
 -1.01981710E+03  1.15884860E+03
 -1.01981710E+03  1.13851803E+03
 -1.01981710E+03  1.11818745E+03

#------------------------------------------------------------------------------
z: xorg(1.03)
p: xfac[c2*0.05] form[c1/0.05] notc noxt noyt dmin(1)
p: ymin(0) ymax(1) xmin(0) xmax(1) cmin(1) cmax(100) nosp
hc: y= 0.005 to 0.995 by 0.01 ; x= 0.5 to 0.5 by 1 ;
 1  2  3  4  5  6  7  8  9 10 11 12 13 14 15 16 17 18 19 20
21 22 23 24 25 26 27 28 29 30 31 32 33 34 35 36 37 38 39 40
41 42 43 44 45 46 47 48 49 50 51 52 53 54 55 56 57 58 59 60
61 62 63 64 65 66 67 68 69 70 71 72 73 74 75 76 77 78 79 80
81 82 83 84 85 86 87 88 89 90 91 92 93 94 95 96 97 98 99 100
z: xorg(0.0)
p: xfac[c2*0.05] form[c1/0.05] nosp afac[c5*0.625] ymin[c3] ymax[c4]
p: noxt noxn ytxt(-1) ynum(-1) xltd(-1) xstd(-1) itic(1) ylog
y: Flux [1/cm^2/source]              
#------------------------------------------------------------------------------

wt: s[c5]
\vspace{-3}
  emin  &=&   1.0000E-09 [MeV/n]
  emax  &=&   1.0000E+06 [MeV/n]
  ymin  &=&  -3.0000E+02 [cm]
  ymax  &=&   3.0000E+02 [cm]
  part. &=& neutron 
e:

#------------------------------------------------------------------------------
z: xorg[-1.03/0.05]
p: form[c1] xfac[c2] afac[c5] nosp notf
p: xmin( -1000.000    ) xmax(  1200.000    )
p: ymin( -1200.000    ) ymax(  1200.000    )
 
# Information for Restart Calculation
# This calculation was newly started
# istdev =  2 # 1:Batch variance, 2:History variance
# resc2  = 4.91896166728404520E-03 # Total source weight or Total source weight / maxcas
# resc3  = 5.00000000000000000E+03 # Total history number or Total batch number
# maxcas =         500 # History / Batch, only used for istdev=1
# bitrseed = 1101111111001101100001000101010101010011110110101000101010011110 # bit data of rseed
